{
  "type": "FeatureCollection",
  "features": [
    {
      "type": "Feature",
      "geometry": {
        "type": "Point",
        "coordinates": [
          2.0107017861446366,
          -9.988780285930261,
          0
        ]
      },
      "properties": {
        "id": "0_0",
        "camera": "R0 - Red (Start)",
        "frame": "0140",
        "image": "pano_camera0/frame_0140_hp_preview.jpg",
        "frameId": "0140",
        "height": 2.343401,
        "coords2D": "2D: (397924.923, 808216.170)",
        "coords3D_original": "3D_Original: (-793548.981, 426441.300, 0.000)",
        "coords3D": "3D: (2.011, -9.989, 0.000)",
        "coordsMtEden": "MtEden: (397924.923, 808216.170, 2.343)",
        "easting": 397924.9232017861,
        "northing": 808216.170219714,
        "longitude": 174.74091097002517,
        "latitude": -36.805676115367646,
        "group": "R0 - Red (229 points)",
        "canvasX": 476.89270091086917,
        "canvasY": 600.3160494934698,
        "variant": "northing_easting_direct"
      }
    },
    {
      "type": "Feature",
      "geometry": {
        "type": "Point",
        "coordinates": [
          1.6181377494358458,
          -10.011795344180427,
          0.01933399012
        ]
      },
      "properties": {
        "id": "0_1",
        "camera": "R0 - Red (Point)",
        "frame": "0141",
        "image": "pano_camera0/frame_0141_hp_preview.jpg",
        "frameId": "0141",
        "height": 2.470891,
        "coords2D": "2D: (397924.531, 808216.147)",
        "coords3D_original": "3D_Original: (-793548.981, 426441.300, 0.000)",
        "coords3D": "3D: (1.618, -10.012, 0.019)",
        "coordsMtEden": "MtEden: (397924.531, 808216.147, 2.471)",
        "easting": 397924.5306377494,
        "northing": 808216.1472046558,
        "longitude": 174.7409065704388,
        "latitude": -36.80567632191944,
        "group": "R0 - Red (229 points)",
        "canvasX": 470.4616758283606,
        "canvasY": 600.6930845831916,
        "variant": "northing_easting_direct"
      }
    },
    {
      "type": "Feature",
      "geometry": {
        "type": "Point",
        "coordinates": [
          0.9099938957951963,
          -10.01728358794935,
          0.00860564332
        ]
      },
      "properties": {
        "id": "0_2",
        "camera": "R0 - Red (Point)",
        "frame": "0142",
        "image": "pano_camera0/frame_0142_hp_preview.jpg",
        "frameId": "0142",
        "height": 2.71152,
        "coords2D": "2D: (397923.822, 808216.142)",
        "coords3D_original": "3D_Original: (-793548.981, 426441.300, 0.000)",
        "coords3D": "3D: (0.910, -10.017, 0.009)",
        "coordsMtEden": "MtEden: (397923.822, 808216.142, 2.712)",
        "easting": 397923.8224938958,
        "northing": 808216.141716412,
        "longitude": 174.74089863415008,
        "latitude": -36.80567636982718,
        "group": "R0 - Red (229 points)",
        "canvasX": 458.8607891989802,
        "canvasY": 600.782993565449,
        "variant": "northing_easting_direct"
      }
    },
    {
      "type": "Feature",
      "geometry": {
        "type": "Point",
        "coordinates": [
          0.5217459396226332,
          -10.129204292898066,
          0.0032513124399999997
        ]
      },
      "properties": {
        "id": "0_3",
        "camera": "R0 - Red (Point)",
        "frame": "0143",
        "image": "pano_camera0/frame_0143_hp_preview.jpg",
        "frameId": "0143",
        "height": 2.810063,
        "coords2D": "2D: (397923.434, 808216.030)",
        "coords3D_original": "3D_Original: (-793548.981, 426441.300, 0.000)",
        "coords3D": "3D: (0.522, -10.129, 0.003)",
        "coordsMtEden": "MtEden: (397923.434, 808216.030, 2.810)",
        "easting": 397923.4342459396,
        "northing": 808216.0297957071,
        "longitude": 174.74089428269218,
        "latitude": -36.80567737760746,
        "group": "R0 - Red (229 points)",
        "canvasX": 452.50047059933803,
        "canvasY": 602.6164902537582,
        "variant": "northing_easting_direct"
      }
    },
    {
      "type": "Feature",
      "geometry": {
        "type": "Point",
        "coordinates": [
          0.3511795569793321,
          -10.490739459986798,
          0.0509842536
        ]
      },
      "properties": {
        "id": "0_4",
        "camera": "R0 - Red (Point)",
        "frame": "0144",
        "image": "pano_camera0/frame_0144_hp_preview.jpg",
        "frameId": "0144",
        "height": 2.758182,
        "coords2D": "2D: (397923.264, 808215.668)",
        "coords3D_original": "3D_Original: (-793548.981, 426441.300, 0.000)",
        "coords3D": "3D: (0.351, -10.491, 0.051)",
        "coordsMtEden": "MtEden: (397923.264, 808215.668, 2.758)",
        "easting": 397923.26367955696,
        "northing": 808215.66826054,
        "longitude": 174.7408923701432,
        "latitude": -36.80568063539549,
        "group": "R0 - Red (229 points)",
        "canvasX": 449.7062342908578,
        "canvasY": 608.5391971496425,
        "variant": "northing_easting_direct"
      }
    },
    {
      "type": "Feature",
      "geometry": {
        "type": "Point",
        "coordinates": [
          0.5534436968737282,
          -10.842071651713923,
          0.06120078936
        ]
      },
      "properties": {
        "id": "0_5",
        "camera": "R0 - Red (Point)",
        "frame": "0145",
        "image": "pano_camera0/frame_0145_hp_preview.jpg",
        "frameId": "0145",
        "height": 2.581494,
        "coords2D": "2D: (397923.466, 808215.317)",
        "coords3D_original": "3D_Original: (-793548.981, 426441.300, 0.000)",
        "coords3D": "3D: (0.553, -10.842, 0.061)",
        "coordsMtEden": "MtEden: (397923.466, 808215.317, 2.581)",
        "easting": 397923.46594369685,
        "northing": 808215.3169283483,
        "longitude": 174.74089463598955,
        "latitude": -36.80568380205175,
        "group": "R0 - Red (229 points)",
        "canvasX": 453.0197465718313,
        "canvasY": 614.2947578376961,
        "variant": "northing_easting_direct"
      }
    },
    {
      "type": "Feature",
      "geometry": {
        "type": "Point",
        "coordinates": [
          1.4974297208245844,
          -9.166235680808313,
          0.04124672048
        ]
      },
      "properties": {
        "id": "0_6",
        "camera": "R0 - Red (Point)",
        "frame": "0157",
        "image": "pano_camera0/frame_0157_hp_preview.jpg",
        "frameId": "0157",
        "height": 2.770313,
        "coords2D": "2D: (397924.410, 808216.993)",
        "coords3D_original": "3D_Original: (-793548.981, 426441.300, 0.000)",
        "coords3D": "3D: (1.497, -9.166, 0.041)",
        "coordsMtEden": "MtEden: (397924.410, 808216.993, 2.770)",
        "easting": 397924.4099297208,
        "northing": 808216.9927643192,
        "longitude": 174.74090521995083,
        "latitude": -36.80566870145438,
        "group": "R0 - Red (229 points)",
        "canvasX": 468.48422428646484,
        "canvasY": 586.8410377949526,
        "variant": "northing_easting_direct"
      }
    },
    {
      "type": "Feature",
      "geometry": {
        "type": "Point",
        "coordinates": [
          1.5576520615722984,
          -8.817540998221375,
          0.05457349256
        ]
      },
      "properties": {
        "id": "0_7",
        "camera": "R0 - Red (Point)",
        "frame": "0158",
        "image": "pano_camera0/frame_0158_hp_preview.jpg",
        "frameId": "0158",
        "height": 2.856272,
        "coords2D": "2D: (397924.470, 808217.341)",
        "coords3D_original": "3D_Original: (-793548.981, 426441.300, 0.000)",
        "coords3D": "3D: (1.558, -8.818, 0.055)",
        "coordsMtEden": "MtEden: (397924.470, 808217.341, 2.856)",
        "easting": 397924.47015206155,
        "northing": 808217.3414590018,
        "longitude": 174.74090589582198,
        "latitude": -36.805665559142966,
        "group": "R0 - Red (229 points)",
        "canvasX": 469.4707929680565,
        "canvasY": 581.1286850581656,
        "variant": "northing_easting_direct"
      }
    },
    {
      "type": "Feature",
      "geometry": {
        "type": "Point",
        "coordinates": [
          1.4698093529441394,
          -8.595997133525088,
          0.074229005
        ]
      },
      "properties": {
        "id": "0_8",
        "camera": "R0 - Red (Point)",
        "frame": "0159",
        "image": "pano_camera0/frame_0159_hp_preview.jpg",
        "frameId": "0159",
        "height": 2.953972,
        "coords2D": "2D: (397924.382, 808217.563)",
        "coords3D_original": "3D_Original: (-793548.981, 426441.300, 0.000)",
        "coords3D": "3D: (1.470, -8.596, 0.074)",
        "coordsMtEden": "MtEden: (397924.382, 808217.563, 2.954)",
        "easting": 397924.3823093529,
        "northing": 808217.5630028665,
        "longitude": 174.74090491195972,
        "latitude": -36.80566356239271,
        "group": "R0 - Red (229 points)",
        "canvasX": 468.03174453287465,
        "canvasY": 577.4993303090533,
        "variant": "northing_easting_direct"
      }
    },
    {
      "type": "Feature",
      "geometry": {
        "type": "Point",
        "coordinates": [
          0.8409620726597495,
          -7.307953259558417,
          0.061535435039999996
        ]
      },
      "properties": {
        "id": "0_9",
        "camera": "R0 - Red (Point)",
        "frame": "0160",
        "image": "pano_camera0/frame_0160_hp_preview.jpg",
        "frameId": "0160",
        "height": 3.562706,
        "coords2D": "2D: (397923.753, 808218.851)",
        "coords3D_original": "3D_Original: (-793548.981, 426441.300, 0.000)",
        "coords3D": "3D: (0.841, -7.308, 0.062)",
        "coordsMtEden": "MtEden: (397923.753, 808218.851, 3.563)",
        "easting": 397923.75346207264,
        "northing": 808218.8510467404,
        "longitude": 174.7408978678879,
        "latitude": -36.80565195313705,
        "group": "R0 - Red (229 points)",
        "canvasX": 457.7299026573574,
        "canvasY": 556.3984609340881,
        "variant": "northing_easting_direct"
      }
    },
    {
      "type": "Feature",
      "geometry": {
        "type": "Point",
        "coordinates": [
          0.7158356391591951,
          -6.590524447732605,
          0.06463910968
        ]
      },
      "properties": {
        "id": "0_10",
        "camera": "R0 - Red (Point)",
        "frame": "0161",
        "image": "pano_camera0/frame_0161_hp_preview.jpg",
        "frameId": "0161",
        "height": 3.824734,
        "coords2D": "2D: (397923.628, 808219.568)",
        "coords3D_original": "3D_Original: (-793548.981, 426441.300, 0.000)",
        "coords3D": "3D: (0.716, -6.591, 0.065)",
        "coordsMtEden": "MtEden: (397923.628, 808219.568, 3.825)",
        "easting": 397923.62833563914,
        "northing": 808219.5684755523,
        "longitude": 174.7408964675341,
        "latitude": -36.80564548737995,
        "group": "R0 - Red (229 points)",
        "canvasX": 455.6800683443654,
        "canvasY": 544.6454671478964,
        "variant": "northing_easting_direct"
      }
    },
    {
      "type": "Feature",
      "geometry": {
        "type": "Point",
        "coordinates": [
          0.6824843713548034,
          -5.681181068182923,
          0.11997047628
        ]
      },
      "properties": {
        "id": "0_11",
        "camera": "R0 - Red (Point)",
        "frame": "0162",
        "image": "pano_camera0/frame_0162_hp_preview.jpg",
        "frameId": "0162",
        "height": 4.11381,
        "coords2D": "2D: (397923.595, 808220.478)",
        "coords3D_original": "3D_Original: (-793548.981, 426441.300, 0.000)",
        "coords3D": "3D: (0.682, -5.681, 0.120)",
        "coordsMtEden": "MtEden: (397923.595, 808220.478, 4.114)",
        "easting": 397923.59498437133,
        "northing": 808220.4778189318,
        "longitude": 174.74089609624139,
        "latitude": -36.805637292286185,
        "group": "R0 - Red (229 points)",
        "canvasX": 455.13370438976625,
        "canvasY": 529.7485088564571,
        "variant": "northing_easting_direct"
      }
    },
    {
      "type": "Feature",
      "geometry": {
        "type": "Point",
        "coordinates": [
          0.7236226543900557,
          -5.112154564470984,
          0.14720472912
        ]
      },
      "properties": {
        "id": "0_12",
        "camera": "R0 - Red (Point)",
        "frame": "0163",
        "image": "pano_camera0/frame_0163_hp_preview.jpg",
        "frameId": "0163",
        "height": 4.273577,
        "coords2D": "2D: (397923.636, 808221.047)",
        "coords3D_original": "3D_Original: (-793548.981, 426441.300, 0.000)",
        "coords3D": "3D: (0.724, -5.112, 0.147)",
        "coordsMtEden": "MtEden: (397923.636, 808221.047, 4.274)",
        "easting": 397923.63612265437,
        "northing": 808221.0468454355,
        "longitude": 174.7408965588357,
        "latitude": -36.80563216429819,
        "group": "R0 - Red (229 points)",
        "canvasX": 455.8076360416695,
        "canvasY": 520.426657193469,
        "variant": "northing_easting_direct"
      }
    },
    {
      "type": "Feature",
      "geometry": {
        "type": "Point",
        "coordinates": [
          0.8190057571046054,
          -4.539683424169198,
          0.18708005848
        ]
      },
      "properties": {
        "id": "0_13",
        "camera": "R0 - Red (Point)",
        "frame": "0164",
        "image": "pano_camera0/frame_0164_hp_preview.jpg",
        "frameId": "0164",
        "height": 4.41581,
        "coords2D": "2D: (397923.732, 808221.619)",
        "coords3D_original": "3D_Original: (-793548.981, 426441.300, 0.000)",
        "coords3D": "3D: (0.819, -4.540, 0.187)",
        "coordsMtEden": "MtEden: (397923.732, 808221.619, 4.416)",
        "easting": 397923.7315057571,
        "northing": 808221.6193165758,
        "longitude": 174.74089762936876,
        "latitude": -36.805627005386015,
        "group": "R0 - Red (229 points)",
        "canvasX": 457.3702120006156,
        "canvasY": 511.0483751363838,
        "variant": "northing_easting_direct"
      }
    },
    {
      "type": "Feature",
      "geometry": {
        "type": "Point",
        "coordinates": [
          1.4169502819422632,
          -3.912377099855803,
          0.20616798559999996
        ]
      },
      "properties": {
        "id": "0_14",
        "camera": "R0 - Red (Point)",
        "frame": "0165",
        "image": "pano_camera0/frame_0165_hp_preview.jpg",
        "frameId": "0165",
        "height": 4.402871,
        "coords2D": "2D: (397924.329, 808222.247)",
        "coords3D_original": "3D_Original: (-793548.981, 426441.300, 0.000)",
        "coords3D": "3D: (1.417, -3.912, 0.206)",
        "coordsMtEden": "MtEden: (397924.329, 808222.247, 4.403)",
        "easting": 397924.3294502819,
        "northing": 808222.2466229001,
        "longitude": 174.7409043323279,
        "latitude": -36.80562135339984,
        "group": "R0 - Red (229 points)",
        "canvasX": 467.1658017064683,
        "canvasY": 500.7717773625807,
        "variant": "northing_easting_direct"
      }
    },
    {
      "type": "Feature",
      "geometry": {
        "type": "Point",
        "coordinates": [
          1.8671881118207239,
          -3.8433396582258865,
          0.20326772304
        ]
      },
      "properties": {
        "id": "0_15",
        "camera": "R0 - Red (Point)",
        "frame": "0166",
        "image": "pano_camera0/frame_0166_hp_preview.jpg",
        "frameId": "0166",
        "height": 4.269844,
        "coords2D": "2D: (397924.780, 808222.316)",
        "coords3D_original": "3D_Original: (-793548.981, 426441.300, 0.000)",
        "coords3D": "3D: (1.867, -3.843, 0.203)",
        "coordsMtEden": "MtEden: (397924.780, 808222.316, 4.270)",
        "easting": 397924.7796881118,
        "northing": 808222.3156603418,
        "longitude": 174.74090937839492,
        "latitude": -36.805620732219886,
        "group": "R0 - Red (229 points)",
        "canvasX": 474.54164489668335,
        "canvasY": 499.6407987772725,
        "variant": "northing_easting_direct"
      }
    },
    {
      "type": "Feature",
      "geometry": {
        "type": "Point",
        "coordinates": [
          2.8104889832320623,
          -3.964074401301332,
          0.21314633228
        ]
      },
      "properties": {
        "id": "0_16",
        "camera": "R0 - Red (Point)",
        "frame": "0167",
        "image": "pano_camera0/frame_0167_hp_preview.jpg",
        "frameId": "0167",
        "height": 3.910046,
        "coords2D": "2D: (397925.723, 808222.195)",
        "coords3D_original": "3D_Original: (-793548.981, 426441.300, 0.000)",
        "coords3D": "3D: (2.810, -3.964, 0.213)",
        "coordsMtEden": "MtEden: (397925.723, 808222.195, 3.910)",
        "easting": 397925.7229889832,
        "northing": 808222.1949255987,
        "longitude": 174.74091994977184,
        "latitude": -36.80562182235066,
        "group": "R0 - Red (229 points)",
        "canvasX": 489.9948983715499,
        "canvasY": 501.6186879575594,
        "variant": "northing_easting_direct"
      }
    },
    {
      "type": "Feature",
      "geometry": {
        "type": "Point",
        "coordinates": [
          3.3637946291128173,
          -4.610064237145707,
          0.18357612135999998
        ]
      },
      "properties": {
        "id": "0_17",
        "camera": "R0 - Red (Point)",
        "frame": "0168",
        "image": "pano_camera0/frame_0168_hp_preview.jpg",
        "frameId": "0168",
        "height": 3.523406,
        "coords2D": "2D: (397926.276, 808221.549)",
        "coords3D_original": "3D_Original: (-793548.981, 426441.300, 0.000)",
        "coords3D": "3D: (3.364, -4.610, 0.184)",
        "coordsMtEden": "MtEden: (397926.276, 808221.549, 3.523)",
        "easting": 397926.2762946291,
        "northing": 808221.5489357628,
        "longitude": 174.74092614898697,
        "latitude": -36.80562764523585,
        "group": "R0 - Red (229 points)",
        "canvasX": 499.05920929639717,
        "canvasY": 512.2013609705036,
        "variant": "northing_easting_direct"
      }
    },
    {
      "type": "Feature",
      "geometry": {
        "type": "Point",
        "coordinates": [
          3.4218842041445896,
          -4.92537069611717,
          0.21264108291999997
        ]
      },
      "properties": {
        "id": "0_18",
        "camera": "R0 - Red (Point)",
        "frame": "0169",
        "image": "pano_camera0/frame_0169_hp_preview.jpg",
        "frameId": "0169",
        "height": 3.407216,
        "coords2D": "2D: (397926.334, 808221.234)",
        "coords3D_original": "3D_Original: (-793548.981, 426441.300, 0.000)",
        "coords3D": "3D: (3.422, -4.925, 0.213)",
        "coordsMtEden": "MtEden: (397926.334, 808221.234, 3.407)",
        "easting": 397926.3343842041,
        "northing": 808221.2336293039,
        "longitude": 174.7409267991464,
        "latitude": -36.805630486911156,
        "group": "R0 - Red (229 points)",
        "canvasX": 500.010838786728,
        "canvasY": 517.3667443388327,
        "variant": "northing_easting_direct"
      }
    },
    {
      "type": "Feature",
      "geometry": {
        "type": "Point",
        "coordinates": [
          3.5100255509023555,
          -6.568192866048776,
          0.129019033
        ]
      },
      "properties": {
        "id": "0_19",
        "camera": "R0 - Red (Point)",
        "frame": "0170",
        "image": "pano_camera0/frame_0170_hp_preview.jpg",
        "frameId": "0170",
        "height": 2.875208,
        "coords2D": "2D: (397926.423, 808219.591)",
        "coords3D_original": "3D_Original: (-793548.981, 426441.300, 0.000)",
        "coords3D": "3D: (3.510, -6.568, 0.129)",
        "coordsMtEden": "MtEden: (397926.423, 808219.591, 2.875)",
        "easting": 397926.4225255509,
        "northing": 808219.5908071339,
        "longitude": 174.7409277824852,
        "latitude": -36.80564529225029,
        "group": "R0 - Red (229 points)",
        "canvasX": 501.4547795422781,
        "canvasY": 544.2796288424327,
        "variant": "northing_easting_direct"
      }
    },
    {
      "type": "Feature",
      "geometry": {
        "type": "Point",
        "coordinates": [
          3.517716102011036,
          -6.787344594136812,
          0.1696358322
        ]
      },
      "properties": {
        "id": "0_20",
        "camera": "R0 - Red (Point)",
        "frame": "0171",
        "image": "pano_camera0/frame_0171_hp_preview.jpg",
        "frameId": "0171",
        "height": 2.805617,
        "coords2D": "2D: (397926.430, 808219.372)",
        "coords3D_original": "3D_Original: (-793548.981, 426441.300, 0.000)",
        "coords3D": "3D: (3.518, -6.787, 0.170)",
        "coordsMtEden": "MtEden: (397926.430, 808219.372, 2.806)",
        "easting": 397926.430216102,
        "northing": 808219.3716554058,
        "longitude": 174.74092786807748,
        "latitude": -36.80564726726687,
        "group": "R0 - Red (229 points)",
        "canvasX": 501.580766953981,
        "canvasY": 547.8697953596658,
        "variant": "northing_easting_direct"
      }
    },
    {
      "type": "Feature",
      "geometry": {
        "type": "Point",
        "coordinates": [
          3.554686796676833,
          -7.811939916922711,
          0.09686352016000001
        ]
      },
      "properties": {
        "id": "0_21",
        "camera": "R0 - Red (Point)",
        "frame": "0172",
        "image": "pano_camera0/frame_0172_hp_preview.jpg",
        "frameId": "0172",
        "height": 2.480109,
        "coords2D": "2D: (397926.467, 808218.347)",
        "coords3D_original": "3D_Original: (-793548.981, 426441.300, 0.000)",
        "coords3D": "3D: (3.555, -7.812, 0.097)",
        "coordsMtEden": "MtEden: (397926.467, 808218.347, 2.480)",
        "easting": 397926.46718679665,
        "northing": 808218.3470600831,
        "longitude": 174.74092827962326,
        "latitude": -36.80565650102127,
        "group": "R0 - Red (229 points)",
        "canvasX": 502.18642473875343,
        "canvasY": 564.6548230337125,
        "variant": "northing_easting_direct"
      }
    },
    {
      "type": "Feature",
      "geometry": {
        "type": "Point",
        "coordinates": [
          4.060843844607007,
          -8.48983591562137,
          0.110400266
        ]
      },
      "properties": {
        "id": "0_22",
        "camera": "R0 - Red (Point)",
        "frame": "0173",
        "image": "pano_camera0/frame_0173_hp_preview.jpg",
        "frameId": "0173",
        "height": 2.099843,
        "coords2D": "2D: (397926.973, 808217.669)",
        "coords3D_original": "3D_Original: (-793548.981, 426441.300, 0.000)",
        "coords3D": "3D: (4.061, -8.490, 0.110)",
        "coordsMtEden": "MtEden: (397926.973, 808217.669, 2.100)",
        "easting": 397926.9733438446,
        "northing": 808217.6691640844,
        "longitude": 174.74093395035368,
        "latitude": -36.805662611341745,
        "group": "R0 - Red (229 points)",
        "canvasX": 510.47834240379757,
        "canvasY": 575.7601861413727,
        "variant": "northing_easting_direct"
      }
    },
    {
      "type": "Feature",
      "geometry": {
        "type": "Point",
        "coordinates": [
          4.903053474088665,
          -8.644808190059848,
          0.130003285
        ]
      },
      "properties": {
        "id": "0_23",
        "camera": "R0 - Red (Point)",
        "frame": "0174",
        "image": "pano_camera0/frame_0174_hp_preview.jpg",
        "frameId": "0174",
        "height": 1.764058,
        "coords2D": "2D: (397927.816, 808217.514)",
        "coords3D_original": "3D_Original: (-793548.981, 426441.300, 0.000)",
        "coords3D": "3D: (4.903, -8.645, 0.130)",
        "coordsMtEden": "MtEden: (397927.816, 808217.514, 1.764)",
        "easting": 397927.81555347407,
        "northing": 808217.5141918099,
        "longitude": 174.7409433886991,
        "latitude": -36.80566400979842,
        "group": "R0 - Red (229 points)",
        "canvasX": 524.2755085856178,
        "canvasY": 578.2989581390541,
        "variant": "northing_easting_direct"
      }
    },
    {
      "type": "Feature",
      "geometry": {
        "type": "Point",
        "coordinates": [
          4.9253443094785325,
          -8.63842762564309,
          0.13991798347999998
        ]
      },
      "properties": {
        "id": "0_24",
        "camera": "R0 - Red (Point)",
        "frame": "0175",
        "image": "pano_camera0/frame_0175_hp_preview.jpg",
        "frameId": "0175",
        "height": 1.758548,
        "coords2D": "2D: (397927.838, 808217.521)",
        "coords3D_original": "3D_Original: (-793548.981, 426441.300, 0.000)",
        "coords3D": "3D: (4.925, -8.638, 0.140)",
        "coordsMtEden": "MtEden: (397927.838, 808217.521, 1.759)",
        "easting": 397927.83784430946,
        "northing": 808217.5205723743,
        "longitude": 174.74094363853314,
        "latitude": -36.805663952345434,
        "group": "R0 - Red (229 points)",
        "canvasX": 524.6406793815419,
        "canvasY": 578.1944310656534,
        "variant": "northing_easting_direct"
      }
    },
    {
      "type": "Feature",
      "geometry": {
        "type": "Point",
        "coordinates": [
          5.704767376300879,
          -8.073528413544409,
          0.13483268148
        ]
      },
      "properties": {
        "id": "0_25",
        "camera": "R0 - Red (Point)",
        "frame": "0176",
        "image": "pano_camera0/frame_0176_hp_preview.jpg",
        "frameId": "0176",
        "height": 1.664286,
        "coords2D": "2D: (397928.617, 808218.085)",
        "coords3D_original": "3D_Original: (-793548.981, 426441.300, 0.000)",
        "coords3D": "3D: (5.705, -8.074, 0.135)",
        "coordsMtEden": "MtEden: (397928.617, 808218.085, 1.664)",
        "easting": 397928.6172673763,
        "northing": 808218.0854715864,
        "longitude": 174.74095237517895,
        "latitude": -36.80565886316783,
        "group": "R0 - Red (229 points)",
        "canvasX": 537.4092695311456,
        "canvasY": 568.9401931282251,
        "variant": "northing_easting_direct"
      }
    },
    {
      "type": "Feature",
      "geometry": {
        "type": "Point",
        "coordinates": [
          5.980041711416561,
          -7.606302960077301,
          0.17771654112
        ]
      },
      "properties": {
        "id": "0_26",
        "camera": "R0 - Red (Point)",
        "frame": "0177",
        "image": "pano_camera0/frame_0177_hp_preview.jpg",
        "frameId": "0177",
        "height": 1.712791,
        "coords2D": "2D: (397928.893, 808218.553)",
        "coords3D_original": "3D_Original: (-793548.981, 426441.300, 0.000)",
        "coords3D": "3D: (5.980, -7.606, 0.178)",
        "coordsMtEden": "MtEden: (397928.893, 808218.553, 1.713)",
        "easting": 397928.8925417114,
        "northing": 808218.5526970399,
        "longitude": 174.74095546148962,
        "latitude": -36.80565465312489,
        "group": "R0 - Red (229 points)",
        "canvasX": 541.9188424622093,
        "canvasY": 561.2860569127997,
        "variant": "northing_easting_direct"
      }
    },
    {
      "type": "Feature",
      "geometry": {
        "type": "Point",
        "coordinates": [
          6.621391362743452,
          -6.829653341905214,
          0.19374672536
        ]
      },
      "properties": {
        "id": "0_27",
        "camera": "R0 - Red (Point)",
        "frame": "0178",
        "image": "pano_camera0/frame_0178_hp_preview.jpg",
        "frameId": "0178",
        "height": 1.730529,
        "coords2D": "2D: (397929.534, 808219.329)",
        "coords3D_original": "3D_Original: (-793548.981, 426441.300, 0.000)",
        "coords3D": "3D: (6.621, -6.830, 0.194)",
        "coordsMtEden": "MtEden: (397929.534, 808219.329, 1.731)",
        "easting": 397929.5338913627,
        "northing": 808219.3293466581,
        "longitude": 174.74096265130055,
        "latitude": -36.80564765534565,
        "group": "R0 - Red (229 points)",
        "canvasX": 552.4254994876802,
        "canvasY": 548.5629016888392,
        "variant": "northing_easting_direct"
      }
    },
    {
      "type": "Feature",
      "geometry": {
        "type": "Point",
        "coordinates": [
          7.492012396920472,
          -6.667697180993855,
          0.20938648964
        ]
      },
      "properties": {
        "id": "0_28",
        "camera": "R0 - Red (Point)",
        "frame": "0179",
        "image": "pano_camera0/frame_0179_hp_preview.jpg",
        "frameId": "0179",
        "height": 1.48215,
        "coords2D": "2D: (397930.405, 808219.491)",
        "coords3D_original": "3D_Original: (-793548.981, 426441.300, 0.000)",
        "coords3D": "3D: (7.492, -6.668, 0.209)",
        "coordsMtEden": "MtEden: (397930.405, 808219.491, 1.482)",
        "easting": 397930.4045123969,
        "northing": 808219.491302819,
        "longitude": 174.7409724089168,
        "latitude": -36.80564619769678,
        "group": "R0 - Red (229 points)",
        "canvasX": 566.688104271131,
        "canvasY": 545.9097189319785,
        "variant": "northing_easting_direct"
      }
    },
    {
      "type": "Feature",
      "geometry": {
        "type": "Point",
        "coordinates": [
          7.86798496398842,
          -6.880192478420213,
          0.201689639
        ]
      },
      "properties": {
        "id": "0_29",
        "camera": "R0 - Red (Point)",
        "frame": "0180",
        "image": "pano_camera0/frame_0180_hp_preview.jpg",
        "frameId": "0180",
        "height": 1.288525,
        "coords2D": "2D: (397930.780, 808219.279)",
        "coords3D_original": "3D_Original: (-793548.981, 426441.300, 0.000)",
        "coords3D": "3D: (7.868, -6.880, 0.202)",
        "coordsMtEden": "MtEden: (397930.780, 808219.279, 1.289)",
        "easting": 397930.78048496397,
        "northing": 808219.2788075216,
        "longitude": 174.74097662191832,
        "latitude": -36.8056481135303,
        "group": "R0 - Red (229 points)",
        "canvasX": 572.8473261628315,
        "canvasY": 549.3908391056575,
        "variant": "northing_easting_direct"
      }
    },
    {
      "type": "Feature",
      "geometry": {
        "type": "Point",
        "coordinates": [
          8.063053690304514,
          -7.439464155468158,
          0.13969160551999998
        ]
      },
      "properties": {
        "id": "0_30",
        "camera": "R0 - Red (Point)",
        "frame": "0181",
        "image": "pano_camera0/frame_0181_hp_preview.jpg",
        "frameId": "0181",
        "height": 1.050865,
        "coords2D": "2D: (397930.976, 808218.720)",
        "coords3D_original": "3D_Original: (-793548.981, 426441.300, 0.000)",
        "coords3D": "3D: (8.063, -7.439, 0.140)",
        "coordsMtEden": "MtEden: (397930.976, 808218.720, 1.051)",
        "easting": 397930.9755536903,
        "northing": 808218.7195358445,
        "longitude": 174.7409788065621,
        "latitude": -36.80565315412404,
        "group": "R0 - Red (229 points)",
        "canvasX": 576.0429624270221,
        "canvasY": 558.5528861754335,
        "variant": "northing_easting_direct"
      }
    },
    {
      "type": "Feature",
      "geometry": {
        "type": "Point",
        "coordinates": [
          8.042129228415433,
          -7.991266852826811,
          0.11788058119999999
        ]
      },
      "properties": {
        "id": "0_31",
        "camera": "R0 - Red (Point)",
        "frame": "0182",
        "image": "pano_camera0/frame_0182_hp_preview.jpg",
        "frameId": "0182",
        "height": 0.889523,
        "coords2D": "2D: (397930.955, 808218.168)",
        "coords3D_original": "3D_Original: (-793548.981, 426441.300, 0.000)",
        "coords3D": "3D: (8.042, -7.991, 0.118)",
        "coordsMtEden": "MtEden: (397930.955, 808218.168, 0.890)",
        "easting": 397930.9546292284,
        "northing": 808218.1677331472,
        "longitude": 174.74097857055918,
        "latitude": -36.80565812693521,
        "group": "R0 - Red (229 points)",
        "canvasX": 575.7001757057616,
        "canvasY": 567.5925756408585,
        "variant": "northing_easting_direct"
      }
    },
    {
      "type": "Feature",
      "geometry": {
        "type": "Point",
        "coordinates": [
          8.235317451122683,
          -8.819924097275361,
          0.13163714331999998
        ]
      },
      "properties": {
        "id": "0_32",
        "camera": "R0 - Red (Point)",
        "frame": "0183",
        "image": "pano_camera0/frame_0183_hp_preview.jpg",
        "frameId": "0183",
        "height": 0.570323,
        "coords2D": "2D: (397931.148, 808217.339)",
        "coords3D_original": "3D_Original: (-793548.981, 426441.300, 0.000)",
        "coords3D": "3D: (8.235, -8.820, 0.132)",
        "coordsMtEden": "MtEden: (397931.148, 808217.339, 0.570)",
        "easting": 397931.1478174511,
        "northing": 808217.3390759027,
        "longitude": 174.74098073339638,
        "latitude": -36.80566559523288,
        "group": "R0 - Red (229 points)",
        "canvasX": 578.8650053625286,
        "canvasY": 581.1677252355055,
        "variant": "northing_easting_direct"
      }
    },
    {
      "type": "Feature",
      "geometry": {
        "type": "Point",
        "coordinates": [
          8.69648748455802,
          -8.788995459792204,
          0.09751968816
        ]
      },
      "properties": {
        "id": "0_33",
        "camera": "R0 - Red (Point)",
        "frame": "0184",
        "image": "pano_camera0/frame_0184_hp_preview.jpg",
        "frameId": "0184",
        "height": 0.421756,
        "coords2D": "2D: (397931.609, 808217.370)",
        "coords3D_original": "3D_Original: (-793548.981, 426441.300, 0.000)",
        "coords3D": "3D: (8.696, -8.789, 0.098)",
        "coordsMtEden": "MtEden: (397931.609, 808217.370, 0.422)",
        "easting": 397931.60898748453,
        "northing": 808217.3700045402,
        "longitude": 174.74098590188098,
        "latitude": -36.80566531751087,
        "group": "R0 - Red (229 points)",
        "canvasX": 586.4199410542872,
        "canvasY": 580.6610490635512,
        "variant": "northing_easting_direct"
      }
    },
    {
      "type": "Feature",
      "geometry": {
        "type": "Point",
        "coordinates": [
          8.840494356467389,
          -8.468062725500204,
          0.10983268068
        ]
      },
      "properties": {
        "id": "0_34",
        "camera": "R0 - Red (Point)",
        "frame": "0185",
        "image": "pano_camera0/frame_0185_hp_preview.jpg",
        "frameId": "0185",
        "height": 0.470576,
        "coords2D": "2D: (397931.753, 808217.691)",
        "coords3D_original": "3D_Original: (-793548.981, 426441.300, 0.000)",
        "coords3D": "3D: (8.840, -8.468, 0.110)",
        "coordsMtEden": "MtEden: (397931.753, 808217.691, 0.471)",
        "easting": 397931.75299435644,
        "northing": 808217.6909372745,
        "longitude": 174.74098751665898,
        "latitude": -36.80566242557324,
        "group": "R0 - Red (229 points)",
        "canvasX": 588.7790766823289,
        "canvasY": 575.4034954650283,
        "variant": "northing_easting_direct"
      }
    },
    {
      "type": "Feature",
      "geometry": {
        "type": "Point",
        "coordinates": [
          8.886807633680291,
          -7.945144642144442,
          0.10756890107999999
        ]
      },
      "properties": {
        "id": "0_35",
        "camera": "R0 - Red (Point)",
        "frame": "0186",
        "image": "pano_camera0/frame_0186_hp_preview.jpg",
        "frameId": "0186",
        "height": 0.614533,
        "coords2D": "2D: (397931.799, 808218.214)",
        "coords3D_original": "3D_Original: (-793548.981, 426441.300, 0.000)",
        "coords3D": "3D: (8.887, -7.945, 0.108)",
        "coordsMtEden": "MtEden: (397931.799, 808218.214, 0.615)",
        "easting": 397931.79930763366,
        "northing": 808218.2138553578,
        "longitude": 174.74098803711902,
        "latitude": -36.80565771312622,
        "group": "R0 - Red (229 points)",
        "canvasX": 589.5377856311204,
        "canvasY": 566.8369967653468,
        "variant": "northing_easting_direct"
      }
    },
    {
      "type": "Feature",
      "geometry": {
        "type": "Point",
        "coordinates": [
          8.95449248078512,
          -7.425397837301716,
          0.12371719555999999
        ]
      },
      "properties": {
        "id": "0_36",
        "camera": "R0 - Red (Point)",
        "frame": "0187",
        "image": "pano_camera0/frame_0187_hp_preview.jpg",
        "frameId": "0187",
        "height": 0.750079,
        "coords2D": "2D: (397931.867, 808218.734)",
        "coords3D_original": "3D_Original: (-793548.981, 426441.300, 0.000)",
        "coords3D": "3D: (8.954, -7.425, 0.124)",
        "coordsMtEden": "MtEden: (397931.867, 808218.734, 0.750)",
        "easting": 397931.86699248076,
        "northing": 808218.7336021627,
        "longitude": 174.7409887970847,
        "latitude": -36.80565302930552,
        "group": "R0 - Red (229 points)",
        "canvasX": 590.6466058706644,
        "canvasY": 558.3224502812197,
        "variant": "northing_easting_direct"
      }
    },
    {
      "type": "Feature",
      "geometry": {
        "type": "Point",
        "coordinates": [
          9.219280252465978,
          -6.786312301876023,
          0.14988189456
        ]
      },
      "properties": {
        "id": "0_37",
        "camera": "R0 - Red (Point)",
        "frame": "0188",
        "image": "pano_camera0/frame_0188_hp_preview.jpg",
        "frameId": "0188",
        "height": 0.854685,
        "coords2D": "2D: (397932.132, 808219.373)",
        "coords3D_original": "3D_Original: (-793548.981, 426441.300, 0.000)",
        "coords3D": "3D: (9.219, -6.786, 0.150)",
        "coordsMtEden": "MtEden: (397932.132, 808219.373, 0.855)",
        "easting": 397932.13178025244,
        "northing": 808219.3726876981,
        "longitude": 174.74099176633544,
        "latitude": -36.80564727043223,
        "group": "R0 - Red (229 points)",
        "canvasX": 594.9843868231928,
        "canvasY": 547.8528842395219,
        "variant": "northing_easting_direct"
      }
    },
    {
      "type": "Feature",
      "geometry": {
        "type": "Point",
        "coordinates": [
          9.802506713662297,
          -6.42108210909646,
          0.16527559583999998
        ]
      },
      "properties": {
        "id": "0_38",
        "camera": "R0 - Red (Point)",
        "frame": "0189",
        "image": "pano_camera0/frame_0189_hp_preview.jpg",
        "frameId": "0189",
        "height": 0.76664,
        "coords2D": "2D: (397932.715, 808219.738)",
        "coords3D_original": "3D_Original: (-793548.981, 426441.300, 0.000)",
        "coords3D": "3D: (9.803, -6.421, 0.165)",
        "coordsMtEden": "MtEden: (397932.715, 808219.738, 0.767)",
        "easting": 397932.71500671364,
        "northing": 808219.7379178909,
        "longitude": 174.74099830363045,
        "latitude": -36.80564398024396,
        "group": "R0 - Red (229 points)",
        "canvasX": 604.5388636721859,
        "canvasY": 541.8696450469315,
        "variant": "northing_easting_direct"
      }
    },
    {
      "type": "Feature",
      "geometry": {
        "type": "Point",
        "coordinates": [
          9.878339449991472,
          -6.39887417817954,
          0.18465223688
        ]
      },
      "properties": {
        "id": "0_39",
        "camera": "R0 - Red (Point)",
        "frame": "0190",
        "image": "pano_camera0/frame_0190_hp_preview.jpg",
        "frameId": "0190",
        "height": 0.747513,
        "coords2D": "2D: (397932.791, 808219.760)",
        "coords3D_original": "3D_Original: (-793548.981, 426441.300, 0.000)",
        "coords3D": "3D: (9.878, -6.399, 0.185)",
        "coordsMtEden": "MtEden: (397932.791, 808219.760, 0.748)",
        "easting": 397932.79083944997,
        "northing": 808219.7601258218,
        "longitude": 174.74099915355913,
        "latitude": -36.80564378027119,
        "group": "R0 - Red (229 points)",
        "canvasX": 605.7811634850865,
        "canvasY": 541.5058324000406,
        "variant": "northing_easting_direct"
      }
    },
    {
      "type": "Feature",
      "geometry": {
        "type": "Point",
        "coordinates": [
          10.469946226396132,
          -6.438730667927302,
          0.1932086676
        ]
      },
      "properties": {
        "id": "0_40",
        "camera": "R0 - Red (Point)",
        "frame": "0191",
        "image": "pano_camera0/frame_0191_hp_preview.jpg",
        "frameId": "0191",
        "height": 0.532855,
        "coords2D": "2D: (397933.382, 808219.720)",
        "coords3D_original": "3D_Original: (-793548.981, 426441.300, 0.000)",
        "coords3D": "3D: (10.470, -6.439, 0.193)",
        "coordsMtEden": "MtEden: (397933.382, 808219.720, 0.533)",
        "easting": 397933.3824462264,
        "northing": 808219.720269332,
        "longitude": 174.7410057836735,
        "latitude": -36.80564414075004,
        "group": "R0 - Red (229 points)",
        "canvasX": 615.472927534026,
        "canvasY": 542.1587655818225,
        "variant": "northing_easting_direct"
      }
    },
    {
      "type": "Feature",
      "geometry": {
        "type": "Point",
        "coordinates": [
          11.058084773365408,
          -6.958151484839618,
          0.193733602
        ]
      },
      "properties": {
        "id": "0_41",
        "camera": "R0 - Red (Point)",
        "frame": "0192",
        "image": "pano_camera0/frame_0192_hp_preview.jpg",
        "frameId": "0192",
        "height": 0.172904,
        "coords2D": "2D: (397933.971, 808219.201)",
        "coords3D_original": "3D_Original: (-793548.981, 426441.300, 0.000)",
        "coords3D": "3D: (11.058, -6.958, 0.194)",
        "coordsMtEden": "MtEden: (397933.971, 808219.201, 0.173)",
        "easting": 397933.97058477334,
        "northing": 808219.2008485151,
        "longitude": 174.74101237361774,
        "latitude": -36.80564882306421,
        "group": "R0 - Red (229 points)",
        "canvasX": 625.1078746858577,
        "canvasY": 550.6679716968081,
        "variant": "northing_easting_direct"
      }
    },
    {
      "type": "Feature",
      "geometry": {
        "type": "Point",
        "coordinates": [
          11.275434729177505,
          -7.536619149846956,
          0.15646982128
        ]
      },
      "properties": {
        "id": "0_42",
        "camera": "R0 - Red (Point)",
        "frame": "0193",
        "image": "pano_camera0/frame_0193_hp_preview.jpg",
        "frameId": "0193",
        "height": -0.078137,
        "coords2D": "2D: (397934.188, 808218.622)",
        "coords3D_original": "3D_Original: (-793548.981, 426441.300, 0.000)",
        "coords3D": "3D: (11.275, -7.537, 0.156)",
        "coordsMtEden": "MtEden: (397934.188, 808218.622, -0.078)",
        "easting": 397934.18793472915,
        "northing": 808218.6223808501,
        "longitude": 174.7410148079208,
        "latitude": -36.80565403670055,
        "group": "R0 - Red (229 points)",
        "canvasX": 628.6685243808869,
        "canvasY": 560.144489449588,
        "variant": "northing_easting_direct"
      }
    },
    {
      "type": "Feature",
      "geometry": {
        "type": "Point",
        "coordinates": [
          11.41587961273035,
          -8.305061151157133,
          0.10517716872
        ]
      },
      "properties": {
        "id": "0_43",
        "camera": "R0 - Red (Point)",
        "frame": "0194",
        "image": "pano_camera0/frame_0194_hp_preview.jpg",
        "frameId": "0194",
        "height": -0.360998,
        "coords2D": "2D: (397934.328, 808217.854)",
        "coords3D_original": "3D_Original: (-793548.981, 426441.300, 0.000)",
        "coords3D": "3D: (11.416, -8.305, 0.105)",
        "coordsMtEden": "MtEden: (397934.328, 808217.854, -0.361)",
        "easting": 397934.3283796127,
        "northing": 808217.8539388488,
        "longitude": 174.74101637982238,
        "latitude": -36.80566096222154,
        "group": "R0 - Red (229 points)",
        "canvasX": 630.9693071435497,
        "canvasY": 572.7331866361184,
        "variant": "northing_easting_direct"
      }
    },
    {
      "type": "Feature",
      "geometry": {
        "type": "Point",
        "coordinates": [
          11.561302979942411,
          -8.83938276336994,
          0.10904199824000001
        ]
      },
      "properties": {
        "id": "0_44",
        "camera": "R0 - Red (Point)",
        "frame": "0195",
        "image": "pano_camera0/frame_0195_hp_preview.jpg",
        "frameId": "0195",
        "height": -0.573882,
        "coords2D": "2D: (397934.474, 808217.320)",
        "coords3D_original": "3D_Original: (-793548.981, 426441.300, 0.000)",
        "coords3D": "3D: (11.561, -8.839, 0.109)",
        "coordsMtEden": "MtEden: (397934.474, 808217.320, -0.574)",
        "easting": 397934.4738029799,
        "northing": 808217.3196172366,
        "longitude": 174.741018008154,
        "latitude": -36.805665777855765,
        "group": "R0 - Red (229 points)",
        "canvasX": 633.351647945243,
        "canvasY": 581.4864991369219,
        "variant": "northing_easting_direct"
      }
    },
    {
      "type": "Feature",
      "geometry": {
        "type": "Point",
        "coordinates": [
          11.934326880436856,
          -9.090044084237888,
          0.06513779736
        ]
      },
      "properties": {
        "id": "0_45",
        "camera": "R0 - Red (Point)",
        "frame": "0196",
        "image": "pano_camera0/frame_0196_hp_preview.jpg",
        "frameId": "0196",
        "height": -0.778141,
        "coords2D": "2D: (397934.847, 808217.069)",
        "coords3D_original": "3D_Original: (-793548.981, 426441.300, 0.000)",
        "coords3D": "3D: (11.934, -9.090, 0.065)",
        "coordsMtEden": "MtEden: (397934.847, 808217.069, -0.778)",
        "easting": 397934.8468268804,
        "northing": 808217.0689559157,
        "longitude": 174.74102218800803,
        "latitude": -36.8056680376342,
        "group": "R0 - Red (229 points)",
        "canvasX": 639.4625644738677,
        "canvasY": 585.592859096418,
        "variant": "northing_easting_direct"
      }
    },
    {
      "type": "Feature",
      "geometry": {
        "type": "Point",
        "coordinates": [
          12.828592801291961,
          -9.30600134585984,
          0.072588585
        ]
      },
      "properties": {
        "id": "0_46",
        "camera": "R0 - Red (Point)",
        "frame": "0197",
        "image": "pano_camera0/frame_0197_hp_preview.jpg",
        "frameId": "0197",
        "height": -1.150226,
        "coords2D": "2D: (397935.741, 808216.853)",
        "coords3D_original": "3D_Original: (-793548.981, 426441.300, 0.000)",
        "coords3D": "3D: (12.829, -9.306, 0.073)",
        "coordsMtEden": "MtEden: (397935.741, 808216.853, -1.150)",
        "easting": 397935.74109280127,
        "northing": 808216.8529986541,
        "longitude": 174.74103220959293,
        "latitude": -36.80566998579526,
        "group": "R0 - Red (229 points)",
        "canvasX": 654.1125222621847,
        "canvasY": 589.1306935298312,
        "variant": "northing_easting_direct"
      }
    },
    {
      "type": "Feature",
      "geometry": {
        "type": "Point",
        "coordinates": [
          14.157844927161932,
          -9.39021229406353,
          0.13337926936
        ]
      },
      "properties": {
        "id": "0_47",
        "camera": "R0 - Red (Point)",
        "frame": "0198",
        "image": "pano_camera0/frame_0198_hp_preview.jpg",
        "frameId": "0198",
        "height": -1.630985,
        "coords2D": "2D: (397937.070, 808216.769)",
        "coords3D_original": "3D_Original: (-793548.981, 426441.300, 0.000)",
        "coords3D": "3D: (14.158, -9.390, 0.133)",
        "coordsMtEden": "MtEden: (397937.070, 808216.769, -1.631)",
        "easting": 397937.07034492714,
        "northing": 808216.7687877059,
        "longitude": 174.74104710649027,
        "latitude": -36.80567074760288,
        "group": "R0 - Red (229 points)",
        "canvasX": 675.8884695285946,
        "canvasY": 590.5102460858122,
        "variant": "northing_easting_direct"
      }
    },
    {
      "type": "Feature",
      "geometry": {
        "type": "Point",
        "coordinates": [
          14.54692590382183,
          -9.415258626104333,
          0.15402887631999998
        ]
      },
      "properties": {
        "id": "0_48",
        "camera": "R0 - Red (Point)",
        "frame": "0199",
        "image": "pano_camera0/frame_0199_hp_preview.jpg",
        "frameId": "0199",
        "height": -1.771715,
        "coords2D": "2D: (397937.459, 808216.744)",
        "coords3D_original": "3D_Original: (-793548.981, 426441.300, 0.000)",
        "coords3D": "3D: (14.547, -9.415, 0.154)",
        "coordsMtEden": "MtEden: (397937.459, 808216.744, -1.772)",
        "easting": 397937.4594259038,
        "northing": 808216.7437413739,
        "longitude": 174.74105146691062,
        "latitude": -36.80567097416849,
        "group": "R0 - Red (229 points)",
        "canvasX": 682.2624347566632,
        "canvasY": 590.9205577146665,
        "variant": "northing_easting_direct"
      }
    },
    {
      "type": "Feature",
      "geometry": {
        "type": "Point",
        "coordinates": [
          16.374086528783664,
          -9.22750245721545,
          0.27940289608
        ]
      },
      "properties": {
        "id": "0_49",
        "camera": "R0 - Red (Point)",
        "frame": "0200",
        "image": "pano_camera0/frame_0200_hp_preview.jpg",
        "frameId": "0200",
        "height": -2.339663,
        "coords2D": "2D: (397939.287, 808216.931)",
        "coords3D_original": "3D_Original: (-793548.981, 426441.300, 0.000)",
        "coords3D": "3D: (16.374, -9.228, 0.279)",
        "coordsMtEden": "MtEden: (397939.287, 808216.931, -2.340)",
        "easting": 397939.28658652876,
        "northing": 808216.9314975428,
        "longitude": 174.74107194467882,
        "latitude": -36.80566928608434,
        "group": "R0 - Red (229 points)",
        "canvasX": 712.1951710987339,
        "canvasY": 587.8447165295149,
        "variant": "northing_easting_direct"
      }
    },
    {
      "type": "Feature",
      "geometry": {
        "type": "Point",
        "coordinates": [
          16.515283609332982,
          -9.378423870890401,
          0.42479660152000004
        ]
      },
      "properties": {
        "id": "0_50",
        "camera": "R0 - Red (Point)",
        "frame": "0201",
        "image": "pano_camera0/frame_0201_hp_preview.jpg",
        "frameId": "0201",
        "height": -2.434131,
        "coords2D": "2D: (397939.428, 808216.781)",
        "coords3D_original": "3D_Original: (-793548.981, 426441.300, 0.000)",
        "coords3D": "3D: (16.515, -9.378, 0.425)",
        "coordsMtEden": "MtEden: (397939.428, 808216.781, -2.434)",
        "easting": 397939.4277836093,
        "northing": 808216.7805761291,
        "longitude": 174.741073526687,
        "latitude": -36.805670646498385,
        "group": "R0 - Red (229 points)",
        "canvasX": 714.5082764310438,
        "canvasY": 590.3171269042707,
        "variant": "northing_easting_direct"
      }
    },
    {
      "type": "Feature",
      "geometry": {
        "type": "Point",
        "coordinates": [
          14.55615801276872,
          -7.524667622987181,
          0.20329396976
        ]
      },
      "properties": {
        "id": "0_51",
        "camera": "R0 - Red (Point)",
        "frame": "0226",
        "image": "pano_camera0/frame_0226_hp_preview.jpg",
        "frameId": "0226",
        "height": -1.1973,
        "coords2D": "2D: (397937.469, 808218.634)",
        "coords3D_original": "3D_Original: (-793548.981, 426441.300, 0.000)",
        "coords3D": "3D: (14.556, -7.525, 0.203)",
        "coordsMtEden": "MtEden: (397937.469, 808218.634, -1.197)",
        "easting": 397937.46865801275,
        "northing": 808218.634332377,
        "longitude": 174.74105157549738,
        "latitude": -36.805653936144886,
        "group": "R0 - Red (229 points)",
        "canvasX": 682.4136761305446,
        "canvasY": 559.9486982873102,
        "variant": "northing_easting_direct"
      }
    },
    {
      "type": "Feature",
      "geometry": {
        "type": "Point",
        "coordinates": [
          13.366122198000085,
          -4.692267426289618,
          0.268782817
        ]
      },
      "properties": {
        "id": "0_52",
        "camera": "R0 - Red (Point)",
        "frame": "0240",
        "image": "pano_camera0/frame_0240_hp_preview.jpg",
        "frameId": "0240",
        "height": 0.075151,
        "coords2D": "2D: (397936.279, 808221.467)",
        "coords3D_original": "3D_Original: (-793548.981, 426441.300, 0.000)",
        "coords3D": "3D: (13.366, -4.692, 0.269)",
        "coordsMtEden": "MtEden: (397936.279, 808221.467, 0.075)",
        "easting": 397936.278622198,
        "northing": 808221.4667325737,
        "longitude": 174.74103824626917,
        "latitude": -36.805628407905004,
        "group": "R0 - Red (229 points)",
        "canvasX": 662.918385024433,
        "canvasY": 513.548022207221,
        "variant": "northing_easting_direct"
      }
    },
    {
      "type": "Feature",
      "geometry": {
        "type": "Point",
        "coordinates": [
          13.238172818382736,
          -4.620244986610487,
          0.24467520468
        ]
      },
      "properties": {
        "id": "0_53",
        "camera": "R0 - Red (Point)",
        "frame": "0241",
        "image": "pano_camera0/frame_0241_hp_preview.jpg",
        "frameId": "0241",
        "height": 0.14097,
        "coords2D": "2D: (397936.151, 808221.539)",
        "coords3D_original": "3D_Original: (-793548.981, 426441.300, 0.000)",
        "coords3D": "3D: (13.238, -4.620, 0.245)",
        "coordsMtEden": "MtEden: (397936.151, 808221.539, 0.141)",
        "easting": 397936.15067281836,
        "northing": 808221.5387550134,
        "longitude": 174.74103681251754,
        "latitude": -36.80562775855847,
        "group": "R0 - Red (229 points)",
        "canvasX": 660.822304913886,
        "canvasY": 512.3681430720543,
        "variant": "northing_easting_direct"
      }
    },
    {
      "type": "Feature",
      "geometry": {
        "type": "Point",
        "coordinates": [
          12.937222727865446,
          -4.0494459443725646,
          0.23767061128000003
        ]
      },
      "properties": {
        "id": "0_54",
        "camera": "R0 - Red (Point)",
        "frame": "0242",
        "image": "pano_camera0/frame_0242_hp_preview.jpg",
        "frameId": "0242",
        "height": 0.418321,
        "coords2D": "2D: (397935.850, 808222.110)",
        "coords3D_original": "3D_Original: (-793548.981, 426441.300, 0.000)",
        "coords3D": "3D: (12.937, -4.049, 0.238)",
        "coordsMtEden": "MtEden: (397935.850, 808222.110, 0.418)",
        "easting": 397935.84972272784,
        "northing": 808222.1095540556,
        "longitude": 174.74103344127448,
        "latitude": -36.80562261385013,
        "group": "R0 - Red (229 points)",
        "canvasX": 655.8921090735683,
        "canvasY": 503.0172535001699,
        "variant": "northing_easting_direct"
      }
    },
    {
      "type": "Feature",
      "geometry": {
        "type": "Point",
        "coordinates": [
          12.501782109146006,
          -4.005839717923664,
          0.22590551904
        ]
      },
      "properties": {
        "id": "0_55",
        "camera": "R0 - Red (Point)",
        "frame": "0243",
        "image": "pano_camera0/frame_0243_hp_preview.jpg",
        "frameId": "0243",
        "height": 0.580653,
        "coords2D": "2D: (397935.414, 808222.153)",
        "coords3D_original": "3D_Original: (-793548.981, 426441.300, 0.000)",
        "coords3D": "3D: (12.502, -4.006, 0.226)",
        "coordsMtEden": "MtEden: (397935.414, 808222.153, 0.581)",
        "easting": 397935.4142821091,
        "northing": 808222.1531602821,
        "longitude": 174.74102856134823,
        "latitude": -36.80562221992063,
        "group": "R0 - Red (229 points)",
        "canvasX": 648.7586753434831,
        "canvasY": 502.30289174082947,
        "variant": "northing_easting_direct"
      }
    },
    {
      "type": "Feature",
      "geometry": {
        "type": "Point",
        "coordinates": [
          12.216898919898085,
          -4.374594943248667,
          0.205708668
        ]
      },
      "properties": {
        "id": "0_56",
        "camera": "R0 - Red (Point)",
        "frame": "0244",
        "image": "pano_camera0/frame_0244_hp_preview.jpg",
        "frameId": "0244",
        "height": 0.565551,
        "coords2D": "2D: (397935.129, 808221.784)",
        "coords3D_original": "3D_Original: (-793548.981, 426441.300, 0.000)",
        "coords3D": "3D: (12.217, -4.375, 0.206)",
        "coordsMtEden": "MtEden: (397935.129, 808221.784, 0.566)",
        "easting": 397935.1293989199,
        "northing": 808221.7844050567,
        "longitude": 174.7410253676221,
        "latitude": -36.80562554252889,
        "group": "R0 - Red (229 points)",
        "canvasX": 644.0916891600264,
        "canvasY": 508.34387838493984,
        "variant": "northing_easting_direct"
      }
    },
    {
      "type": "Feature",
      "geometry": {
        "type": "Point",
        "coordinates": [
          12.037913590320386,
          -4.517019730294123,
          0.18888780132
        ]
      },
      "properties": {
        "id": "0_57",
        "camera": "R0 - Red (Point)",
        "frame": "0245",
        "image": "pano_camera0/frame_0245_hp_preview.jpg",
        "frameId": "0245",
        "height": 0.583356,
        "coords2D": "2D: (397934.950, 808221.642)",
        "coords3D_original": "3D_Original: (-793548.981, 426441.300, 0.000)",
        "coords3D": "3D: (12.038, -4.517, 0.189)",
        "coordsMtEden": "MtEden: (397934.950, 808221.642, 0.583)",
        "easting": 397934.9504135903,
        "northing": 808221.6419802697,
        "longitude": 174.7410233613219,
        "latitude": -36.80562682567358,
        "group": "R0 - Red (229 points)",
        "canvasX": 641.159532782232,
        "canvasY": 510.67709613359483,
        "variant": "northing_easting_direct"
      }
    },
    {
      "type": "Feature",
      "geometry": {
        "type": "Point",
        "coordinates": [
          11.541515761637129,
          -4.867090600426309,
          0.09234580347999999
        ]
      },
      "properties": {
        "id": "0_58",
        "camera": "R0 - Red (Point)",
        "frame": "0246",
        "image": "pano_camera0/frame_0246_hp_preview.jpg",
        "frameId": "0246",
        "height": 0.646184,
        "coords2D": "2D: (397934.454, 808221.292)",
        "coords3D_original": "3D_Original: (-793548.981, 426441.300, 0.000)",
        "coords3D": "3D: (11.542, -4.867, 0.092)",
        "coordsMtEden": "MtEden: (397934.454, 808221.292, 0.646)",
        "easting": 397934.4540157616,
        "northing": 808221.2919093996,
        "longitude": 174.7410177971714,
        "latitude": -36.805629979436546,
        "group": "R0 - Red (229 points)",
        "canvasX": 633.0274916665448,
        "canvasY": 516.4119937191565,
        "variant": "northing_easting_direct"
      }
    },
    {
      "type": "Feature",
      "geometry": {
        "type": "Point",
        "coordinates": [
          11.477549741335679,
          -5.182018244406208,
          0.10695538399999999
        ]
      },
      "properties": {
        "id": "0_59",
        "camera": "R0 - Red (Point)",
        "frame": "0247",
        "image": "pano_camera0/frame_0247_hp_preview.jpg",
        "frameId": "0247",
        "height": 0.57179,
        "coords2D": "2D: (397934.390, 808220.977)",
        "coords3D_original": "3D_Original: (-793548.981, 426441.300, 0.000)",
        "coords3D": "3D: (11.478, -5.182, 0.107)",
        "coordsMtEden": "MtEden: (397934.390, 808220.977, 0.572)",
        "easting": 397934.3900497413,
        "northing": 808220.9769817556,
        "longitude": 174.74101707944075,
        "latitude": -36.80563281743121,
        "group": "R0 - Red (229 points)",
        "canvasX": 631.9795936357427,
        "canvasY": 521.5711713020261,
        "variant": "northing_easting_direct"
      }
    },
    {
      "type": "Feature",
      "geometry": {
        "type": "Point",
        "coordinates": [
          10.901518069382291,
          -5.59031922952272,
          0.09206365124
        ]
      },
      "properties": {
        "id": "0_60",
        "camera": "R0 - Red (Point)",
        "frame": "0248",
        "image": "pano_camera0/frame_0248_hp_preview.jpg",
        "frameId": "0248",
        "height": 0.644318,
        "coords2D": "2D: (397933.814, 808220.569)",
        "coords3D_original": "3D_Original: (-793548.981, 426441.300, 0.000)",
        "coords3D": "3D: (10.902, -5.590, 0.092)",
        "coordsMtEden": "MtEden: (397933.814, 808220.569, 0.644)",
        "easting": 397933.81401806936,
        "northing": 808220.5686807705,
        "longitude": 174.74101062266365,
        "latitude": -36.80563649579108,
        "group": "R0 - Red (229 points)",
        "canvasX": 622.5429825764562,
        "canvasY": 528.2600007174657,
        "variant": "northing_easting_direct"
      }
    },
    {
      "type": "Feature",
      "geometry": {
        "type": "Point",
        "coordinates": [
          10.81766023975797,
          -5.61919402948115,
          0.08391076384
        ]
      },
      "properties": {
        "id": "0_61",
        "camera": "R0 - Red (Point)",
        "frame": "0249",
        "image": "pano_camera0/frame_0249_hp_preview.jpg",
        "frameId": "0249",
        "height": 0.664243,
        "coords2D": "2D: (397933.730, 808220.540)",
        "coords3D_original": "3D_Original: (-793548.981, 426441.300, 0.000)",
        "coords3D": "3D: (10.818, -5.619, 0.084)",
        "coordsMtEden": "MtEden: (397933.730, 808220.540, 0.664)",
        "easting": 397933.73016023973,
        "northing": 808220.5398059705,
        "longitude": 174.74100968277858,
        "latitude": -36.80563675582836,
        "group": "R0 - Red (229 points)",
        "canvasX": 621.1692148460586,
        "canvasY": 528.7330307090981,
        "variant": "northing_easting_direct"
      }
    },
    {
      "type": "Feature",
      "geometry": {
        "type": "Point",
        "coordinates": [
          9.148313017794862,
          -5.960947455838323,
          0.07595472684
        ]
      },
      "properties": {
        "id": "0_62",
        "camera": "R0 - Red (Point)",
        "frame": "0250",
        "image": "pano_camera0/frame_0250_hp_preview.jpg",
        "frameId": "0250",
        "height": 1.131125,
        "coords2D": "2D: (397932.061, 808220.198)",
        "coords3D_original": "3D_Original: (-793548.981, 426441.300, 0.000)",
        "coords3D": "3D: (9.148, -5.961, 0.076)",
        "coordsMtEden": "MtEden: (397932.061, 808220.198, 1.131)",
        "easting": 397932.0608130178,
        "northing": 808220.1980525441,
        "longitude": 174.74099097323693,
        "latitude": -36.80563983207283,
        "group": "R0 - Red (229 points)",
        "canvasX": 593.8217941675745,
        "canvasY": 534.3316710607799,
        "variant": "northing_easting_direct"
      }
    },
    {
      "type": "Feature",
      "geometry": {
        "type": "Point",
        "coordinates": [
          9.117803086759523,
          -5.964140870608389,
          0.07089567156
        ]
      },
      "properties": {
        "id": "0_63",
        "camera": "R0 - Red (Point)",
        "frame": "0251",
        "image": "pano_camera0/frame_0251_hp_preview.jpg",
        "frameId": "0251",
        "height": 1.140655,
        "coords2D": "2D: (397932.030, 808220.195)",
        "coords3D_original": "3D_Original: (-793548.981, 426441.300, 0.000)",
        "coords3D": "3D: (9.118, -5.964, 0.071)",
        "coordsMtEden": "MtEden: (397932.030, 808220.195, 1.141)",
        "easting": 397932.03030308674,
        "northing": 808220.1948591294,
        "longitude": 174.74099063129907,
        "latitude": -36.80563986078531,
        "group": "R0 - Red (229 points)",
        "canvasX": 593.321977287906,
        "canvasY": 534.3839859161669,
        "variant": "northing_easting_direct"
      }
    },
    {
      "type": "Feature",
      "geometry": {
        "type": "Point",
        "coordinates": [
          7.99122001696378,
          -5.845772162894718,
          0.10233596128
        ]
      },
      "properties": {
        "id": "0_64",
        "camera": "R0 - Red (Point)",
        "frame": "0252",
        "image": "pano_camera0/frame_0252_hp_preview.jpg",
        "frameId": "0252",
        "height": 1.562371,
        "coords2D": "2D: (397930.904, 808220.313)",
        "coords3D_original": "3D_Original: (-793548.981, 426441.300, 0.000)",
        "coords3D": "3D: (7.991, -5.846, 0.102)",
        "coordsMtEden": "MtEden: (397930.904, 808220.313, 1.562)",
        "easting": 397930.90372001694,
        "northing": 808220.3132278371,
        "longitude": 174.74097800584232,
        "latitude": -36.80563879158311,
        "group": "R0 - Red (229 points)",
        "canvasX": 574.86617568255,
        "canvasY": 532.444857373138,
        "variant": "northing_easting_direct"
      }
    },
    {
      "type": "Feature",
      "geometry": {
        "type": "Point",
        "coordinates": [
          6.898748550040182,
          -5.304924440919422,
          0.1680282206
        ]
      },
      "properties": {
        "id": "0_65",
        "camera": "R0 - Red (Point)",
        "frame": "0253",
        "image": "pano_camera0/frame_0253_hp_preview.jpg",
        "frameId": "0253",
        "height": 2.101405,
        "coords2D": "2D: (397929.811, 808220.854)",
        "coords3D_original": "3D_Original: (-793548.981, 426441.300, 0.000)",
        "coords3D": "3D: (6.899, -5.305, 0.168)",
        "coordsMtEden": "MtEden: (397929.811, 808220.854, 2.101)",
        "easting": 397929.81124855,
        "northing": 808220.8540755591,
        "longitude": 174.7409657638282,
        "latitude": -36.80563391506484,
        "group": "R0 - Red (229 points)",
        "canvasX": 556.9691939200422,
        "canvasY": 523.5846334594714,
        "variant": "northing_easting_direct"
      }
    },
    {
      "type": "Feature",
      "geometry": {
        "type": "Point",
        "coordinates": [
          6.764643298869487,
          -4.390704694087617,
          0.22611221195999998
        ]
      },
      "properties": {
        "id": "0_66",
        "camera": "R0 - Red (Point)",
        "frame": "0254",
        "image": "pano_camera0/frame_0254_hp_preview.jpg",
        "frameId": "0254",
        "height": 2.426614,
        "coords2D": "2D: (397929.677, 808221.768)",
        "coords3D_original": "3D_Original: (-793548.981, 426441.300, 0.000)",
        "coords3D": "3D: (6.765, -4.391, 0.226)",
        "coordsMtEden": "MtEden: (397929.677, 808221.768, 2.427)",
        "easting": 397929.67714329885,
        "northing": 808221.7682953059,
        "longitude": 174.7409642633772,
        "latitude": -36.80562567580506,
        "group": "R0 - Red (229 points)",
        "canvasX": 554.772267678827,
        "canvasY": 508.6077900082061,
        "variant": "northing_easting_direct"
      }
    },
    {
      "type": "Feature",
      "geometry": {
        "type": "Point",
        "coordinates": [
          6.817625537281856,
          -4.313526680110954,
          0.2176509256
        ]
      },
      "properties": {
        "id": "0_67",
        "camera": "R0 - Red (Point)",
        "frame": "0255",
        "image": "pano_camera0/frame_0255_hp_preview.jpg",
        "frameId": "0255",
        "height": 2.432105,
        "coords2D": "2D: (397929.730, 808221.845)",
        "coords3D_original": "3D_Original: (-793548.981, 426441.300, 0.000)",
        "coords3D": "3D: (6.818, -4.314, 0.218)",
        "coordsMtEden": "MtEden: (397929.730, 808221.845, 2.432)",
        "easting": 397929.73012553726,
        "northing": 808221.8454733199,
        "longitude": 174.74096485736652,
        "latitude": -36.80562498039109,
        "group": "R0 - Red (229 points)",
        "canvasX": 555.6402282459198,
        "canvasY": 507.34345171534767,
        "variant": "northing_easting_direct"
      }
    },
    {
      "type": "Feature",
      "geometry": {
        "type": "Point",
        "coordinates": [
          8.022717068146449,
          -4.128564858692698,
          0.3529855756
        ]
      },
      "properties": {
        "id": "0_68",
        "camera": "R0 - Red (Point)",
        "frame": "0256",
        "image": "pano_camera0/frame_0256_hp_preview.jpg",
        "frameId": "0256",
        "height": 2.075986,
        "coords2D": "2D: (397930.935, 808222.030)",
        "coords3D_original": "3D_Original: (-793548.981, 426441.300, 0.000)",
        "coords3D": "3D: (8.023, -4.129, 0.353)",
        "coordsMtEden": "MtEden: (397930.935, 808222.030, 2.076)",
        "easting": 397930.9352170681,
        "northing": 808222.0304351413,
        "longitude": 174.7409783635005,
        "latitude": -36.80562331614547,
        "group": "R0 - Red (229 points)",
        "canvasX": 575.3821636667599,
        "canvasY": 504.31338782482544,
        "variant": "northing_easting_direct"
      }
    },
    {
      "type": "Feature",
      "geometry": {
        "type": "Point",
        "coordinates": [
          8.494316653814167,
          -4.17194534058217,
          0.76791669124
        ]
      },
      "properties": {
        "id": "0_69",
        "camera": "R0 - Red (Point)",
        "frame": "0257",
        "image": "pano_camera0/frame_0257_hp_preview.jpg",
        "frameId": "0257",
        "height": 1.901349,
        "coords2D": "2D: (397931.407, 808221.987)",
        "coords3D_original": "3D_Original: (-793548.981, 426441.300, 0.000)",
        "coords3D": "3D: (8.494, -4.172, 0.768)",
        "coordsMtEden": "MtEden: (397931.407, 808221.987, 1.901)",
        "easting": 397931.4068166538,
        "northing": 808221.9870546594,
        "longitude": 174.74098364866586,
        "latitude": -36.805623708121615,
        "group": "R0 - Red (229 points)",
        "canvasX": 583.1079573736163,
        "canvasY": 505.0240514130004,
        "variant": "northing_easting_direct"
      }
    },
    {
      "type": "Feature",
      "geometry": {
        "type": "Point",
        "coordinates": [
          8.674386225524358,
          -4.190222479286604,
          1.03499347144
        ]
      },
      "properties": {
        "id": "0_70",
        "camera": "R0 - Red (Point)",
        "frame": "0258",
        "image": "pano_camera0/frame_0258_hp_preview.jpg",
        "frameId": "0258",
        "height": 1.834203,
        "coords2D": "2D: (397931.587, 808221.969)",
        "coords3D_original": "3D_Original: (-793548.981, 426441.300, 0.000)",
        "coords3D": "3D: (8.674, -4.190, 1.035)",
        "coordsMtEden": "MtEden: (397931.587, 808221.969, 1.834)",
        "easting": 397931.5868862255,
        "northing": 808221.9687775207,
        "longitude": 174.74098566668135,
        "latitude": -36.80562387322891,
        "group": "R0 - Red (229 points)",
        "canvasX": 586.0578759185474,
        "canvasY": 505.3234694088834,
        "variant": "northing_easting_direct"
      }
    },
    {
      "type": "Feature",
      "geometry": {
        "type": "Point",
        "coordinates": [
          8.988693647028413,
          -4.243262561154552,
          1.2761089647200001
        ]
      },
      "properties": {
        "id": "0_71",
        "camera": "R0 - Red (Point)",
        "frame": "0259",
        "image": "pano_camera0/frame_0259_hp_preview.jpg",
        "frameId": "0259",
        "height": 1.710433,
        "coords2D": "2D: (397931.901, 808221.916)",
        "coords3D_original": "3D_Original: (-793548.981, 426441.300, 0.000)",
        "coords3D": "3D: (8.989, -4.243, 1.276)",
        "coordsMtEden": "MtEden: (397931.901, 808221.916, 1.710)",
        "easting": 397931.901193647,
        "northing": 808221.9157374388,
        "longitude": 174.74098918902504,
        "latitude": -36.805624351913714,
        "group": "R0 - Red (229 points)",
        "canvasX": 591.2068929513582,
        "canvasY": 506.19237757551537,
        "variant": "northing_easting_direct"
      }
    },
    {
      "type": "Feature",
      "geometry": {
        "type": "Point",
        "coordinates": [
          9.694423019653186,
          -4.349715066724457,
          2.09154862336
        ]
      },
      "properties": {
        "id": "0_72",
        "camera": "R0 - Red (Point)",
        "frame": "0260",
        "image": "pano_camera0/frame_0260_hp_preview.jpg",
        "frameId": "0260",
        "height": 1.43628,
        "coords2D": "2D: (397932.607, 808221.809)",
        "coords3D_original": "3D_Original: (-793548.981, 426441.300, 0.000)",
        "coords3D": "3D: (9.694, -4.350, 2.092)",
        "coordsMtEden": "MtEden: (397932.607, 808221.809, 1.436)",
        "easting": 397932.60692301963,
        "northing": 808221.8092849333,
        "longitude": 174.74099709794493,
        "latitude": -36.80562531280692,
        "group": "R0 - Red (229 points)",
        "canvasX": 602.7682253000016,
        "canvasY": 507.93629364784005,
        "variant": "northing_easting_direct"
      }
    },
    {
      "type": "Feature",
      "geometry": {
        "type": "Point",
        "coordinates": [
          9.708593326911796,
          -4.3547566186171025,
          2.10039704884
        ]
      },
      "properties": {
        "id": "0_73",
        "camera": "R0 - Red (Point)",
        "frame": "0261",
        "image": "pano_camera0/frame_0261_hp_preview.jpg",
        "frameId": "0261",
        "height": 1.429992,
        "coords2D": "2D: (397932.621, 808221.804)",
        "coords3D_original": "3D_Original: (-793548.981, 426441.300, 0.000)",
        "coords3D": "3D: (9.709, -4.355, 2.100)",
        "coordsMtEden": "MtEden: (397932.621, 808221.804, 1.430)",
        "easting": 397932.6210933269,
        "northing": 808221.8042433814,
        "longitude": 174.74099725673986,
        "latitude": -36.80562535827243,
        "group": "R0 - Red (229 points)",
        "canvasX": 603.0003647546484,
        "canvasY": 508.01888487865637,
        "variant": "northing_easting_direct"
      }
    },
    {
      "type": "Feature",
      "geometry": {
        "type": "Point",
        "coordinates": [
          10.444190271722618,
          -4.395208270056173,
          2.9466536376000003
        ]
      },
      "properties": {
        "id": "0_74",
        "camera": "R0 - Red (Point)",
        "frame": "0262",
        "image": "pano_camera0/frame_0262_hp_preview.jpg",
        "frameId": "0262",
        "height": 1.165787,
        "coords2D": "2D: (397933.357, 808221.764)",
        "coords3D_original": "3D_Original: (-793548.981, 426441.300, 0.000)",
        "coords3D": "3D: (10.444, -4.395, 2.947)",
        "coordsMtEden": "MtEden: (397933.357, 808221.764, 1.166)",
        "easting": 397933.3566902717,
        "northing": 808221.7637917299,
        "longitude": 174.7410055005692,
        "latitude": -36.805625724429255,
        "group": "R0 - Red (229 points)",
        "canvasX": 615.050990793069,
        "canvasY": 508.68156806100296,
        "variant": "northing_easting_direct"
      }
    },
    {
      "type": "Feature",
      "geometry": {
        "type": "Point",
        "coordinates": [
          10.470810134371277,
          -4.387851220788434,
          2.97746400604
        ]
      },
      "properties": {
        "id": "0_75",
        "camera": "R0 - Red (Point)",
        "frame": "0263",
        "image": "pano_camera0/frame_0263_hp_preview.jpg",
        "frameId": "0263",
        "height": 1.159079,
        "coords2D": "2D: (397933.383, 808221.771)",
        "coords3D_original": "3D_Original: (-793548.981, 426441.300, 0.000)",
        "coords3D": "3D: (10.471, -4.388, 2.977)",
        "coordsMtEden": "MtEden: (397933.383, 808221.771, 1.159)",
        "easting": 397933.38331013435,
        "northing": 808221.7711487792,
        "longitude": 174.74100579892175,
        "latitude": -36.80562565818549,
        "group": "R0 - Red (229 points)",
        "canvasX": 615.4870801646572,
        "canvasY": 508.5610441099674,
        "variant": "northing_easting_direct"
      }
    },
    {
      "type": "Feature",
      "geometry": {
        "type": "Point",
        "coordinates": [
          10.847454294154886,
          -4.41908411483746,
          3.4475001103199996
        ]
      },
      "properties": {
        "id": "0_76",
        "camera": "R0 - Red (Point)",
        "frame": "0264",
        "image": "pano_camera0/frame_0264_hp_preview.jpg",
        "frameId": "0264",
        "height": 1.02061,
        "coords2D": "2D: (397933.760, 808221.740)",
        "coords3D_original": "3D_Original: (-793548.981, 426441.300, 0.000)",
        "coords3D": "3D: (10.847, -4.419, 3.448)",
        "coordsMtEden": "MtEden: (397933.760, 808221.740, 1.021)",
        "easting": 397933.75995429413,
        "northing": 808221.7399158851,
        "longitude": 174.74101001994146,
        "latitude": -36.80562594047891,
        "group": "R0 - Red (229 points)",
        "canvasX": 621.6573041595568,
        "canvasY": 509.0727046459752,
        "variant": "northing_easting_direct"
      }
    },
    {
      "type": "Feature",
      "geometry": {
        "type": "Point",
        "coordinates": [
          11.418885465012863,
          -4.457528293714859,
          4.028510627599999
        ]
      },
      "properties": {
        "id": "0_77",
        "camera": "R0 - Red (Point)",
        "frame": "0265",
        "image": "pano_camera0/frame_0265_hp_preview.jpg",
        "frameId": "0265",
        "height": 0.813219,
        "coords2D": "2D: (397934.331, 808221.701)",
        "coords3D_original": "3D_Original: (-793548.981, 426441.300, 0.000)",
        "coords3D": "3D: (11.419, -4.458, 4.029)",
        "coordsMtEden": "MtEden: (397934.331, 808221.701, 0.813)",
        "easting": 397934.331385465,
        "northing": 808221.7014717063,
        "longitude": 174.7410164239473,
        "latitude": -36.80562628818535,
        "group": "R0 - Red (229 points)",
        "canvasX": 631.0185493291707,
        "canvasY": 509.70250120122506,
        "variant": "northing_easting_direct"
      }
    },
    {
      "type": "Feature",
      "geometry": {
        "type": "Point",
        "coordinates": [
          11.853975670353975,
          -4.71380064310506,
          4.4641241586
        ]
      },
      "properties": {
        "id": "0_78",
        "camera": "R0 - Red (Point)",
        "frame": "0266",
        "image": "pano_camera0/frame_0266_hp_preview.jpg",
        "frameId": "0266",
        "height": 0.586018,
        "coords2D": "2D: (397934.766, 808221.445)",
        "coords3D_original": "3D_Original: (-793548.981, 426441.300, 0.000)",
        "coords3D": "3D: (11.854, -4.714, 4.464)",
        "coordsMtEden": "MtEden: (397934.766, 808221.445, 0.586)",
        "easting": 397934.76647567033,
        "northing": 808221.4451993569,
        "longitude": 174.74102129936983,
        "latitude": -36.80562859866593,
        "group": "R0 - Red (229 points)",
        "canvasX": 638.1462425510026,
        "canvasY": 513.9007816155321,
        "variant": "northing_easting_direct"
      }
    },
    {
      "type": "Feature",
      "geometry": {
        "type": "Point",
        "coordinates": [
          12.175047904078383,
          -5.0404853619402274,
          4.7063157674
        ]
      },
      "properties": {
        "id": "0_79",
        "camera": "R0 - Red (Point)",
        "frame": "0267",
        "image": "pano_camera0/frame_0267_hp_preview.jpg",
        "frameId": "0267",
        "height": 0.376365,
        "coords2D": "2D: (397935.088, 808221.119)",
        "coords3D_original": "3D_Original: (-793548.981, 426441.300, 0.000)",
        "coords3D": "3D: (12.175, -5.040, 4.706)",
        "coordsMtEden": "MtEden: (397935.088, 808221.119, 0.376)",
        "easting": 397935.08754790406,
        "northing": 808221.118514638,
        "longitude": 174.74102489678603,
        "latitude": -36.80563154345535,
        "group": "R0 - Red (229 points)",
        "canvasX": 643.4060814439456,
        "canvasY": 519.2525648264636,
        "variant": "northing_easting_direct"
      }
    },
    {
      "type": "Feature",
      "geometry": {
        "type": "Point",
        "coordinates": [
          12.260268558457028,
          -5.705008366610855,
          4.67371406032
        ]
      },
      "properties": {
        "id": "0_80",
        "camera": "R0 - Red (Point)",
        "frame": "0268",
        "image": "pano_camera0/frame_0268_hp_preview.jpg",
        "frameId": "0268",
        "height": 0.144144,
        "coords2D": "2D: (397935.173, 808220.454)",
        "coords3D_original": "3D_Original: (-793548.981, 426441.300, 0.000)",
        "coords3D": "3D: (12.260, -5.705, 4.674)",
        "coordsMtEden": "MtEden: (397935.173, 808220.454, 0.144)",
        "easting": 397935.17276855843,
        "northing": 808220.4539916334,
        "longitude": 174.74102585006403,
        "latitude": -36.80563753233575,
        "group": "R0 - Red (229 points)",
        "canvasX": 644.8021751122693,
        "canvasY": 530.138850148197,
        "variant": "northing_easting_direct"
      }
    },
    {
      "type": "Feature",
      "geometry": {
        "type": "Point",
        "coordinates": [
          12.31200409779558,
          -6.841665350482799,
          4.67436694748
        ]
      },
      "properties": {
        "id": "0_81",
        "camera": "R0 - Red (Point)",
        "frame": "0269",
        "image": "pano_camera0/frame_0269_hp_preview.jpg",
        "frameId": "0269",
        "height": -0.220767,
        "coords2D": "2D: (397935.225, 808219.317)",
        "coords3D_original": "3D_Original: (-793548.981, 426441.300, 0.000)",
        "coords3D": "3D: (12.312, -6.842, 4.674)",
        "coordsMtEden": "MtEden: (397935.225, 808219.317, -0.221)",
        "easting": 397935.2245040978,
        "northing": 808219.3173346495,
        "longitude": 174.74102642678935,
        "latitude": -36.80564777602394,
        "group": "R0 - Red (229 points)",
        "canvasX": 645.6497121251771,
        "canvasY": 548.7596836681507,
        "variant": "northing_easting_direct"
      }
    },
    {
      "type": "Feature",
      "geometry": {
        "type": "Point",
        "coordinates": [
          12.294126869936008,
          -7.369911290355958,
          4.722985715439999
        ]
      },
      "properties": {
        "id": "0_82",
        "camera": "R0 - Red (Point)",
        "frame": "0270",
        "image": "pano_camera0/frame_0270_hp_preview.jpg",
        "frameId": "0270",
        "height": -0.375836,
        "coords2D": "2D: (397935.207, 808218.789)",
        "coords3D_original": "3D_Original: (-793548.981, 426441.300, 0.000)",
        "coords3D": "3D: (12.294, -7.370, 4.723)",
        "coordsMtEden": "MtEden: (397935.207, 808218.789, -0.376)",
        "easting": 397935.2066268699,
        "northing": 808218.7890887096,
        "longitude": 174.74102622500422,
        "latitude": -36.80565253654788,
        "group": "R0 - Red (229 points)",
        "canvasX": 645.3568455094593,
        "canvasY": 557.4134638699893,
        "variant": "northing_easting_direct"
      }
    },
    {
      "type": "Feature",
      "geometry": {
        "type": "Point",
        "coordinates": [
          12.18557438137941,
          -8.347596290172078,
          4.683287551439999
        ]
      },
      "properties": {
        "id": "0_83",
        "camera": "R0 - Red (Point)",
        "frame": "0271",
        "image": "pano_camera0/frame_0271_hp_preview.jpg",
        "frameId": "0271",
        "height": -0.637379,
        "coords2D": "2D: (397935.098, 808217.811)",
        "coords3D_original": "3D_Original: (-793548.981, 426441.300, 0.000)",
        "coords3D": "3D: (12.186, -8.348, 4.683)",
        "coordsMtEden": "MtEden: (397935.098, 808217.811, -0.637)",
        "easting": 397935.09807438136,
        "northing": 808217.8114037098,
        "longitude": 174.7410250057893,
        "latitude": -36.80566134722784,
        "group": "R0 - Red (229 points)",
        "canvasX": 643.5785272959191,
        "canvasY": 573.4300017301452,
        "variant": "northing_easting_direct"
      }
    },
    {
      "type": "Feature",
      "geometry": {
        "type": "Point",
        "coordinates": [
          12.096898663439788,
          -9.263501289766282,
          4.676538863559999
        ]
      },
      "properties": {
        "id": "0_84",
        "camera": "R0 - Red (Point)",
        "frame": "0272",
        "image": "pano_camera0/frame_0272_hp_preview.jpg",
        "frameId": "0272",
        "height": -0.886953,
        "coords2D": "2D: (397935.009, 808216.895)",
        "coords3D_original": "3D_Original: (-793548.981, 426441.300, 0.000)",
        "coords3D": "3D: (12.097, -9.264, 4.677)",
        "coordsMtEden": "MtEden: (397935.009, 808216.895, -0.887)",
        "easting": 397935.0093986634,
        "northing": 808216.8954987102,
        "longitude": 174.74102400950363,
        "latitude": -36.80566960118853,
        "group": "R0 - Red (229 points)",
        "canvasX": 642.1258324156167,
        "canvasY": 588.4344531684347,
        "variant": "northing_easting_direct"
      }
    },
    {
      "type": "Feature",
      "geometry": {
        "type": "Point",
        "coordinates": [
          12.069631852733437,
          -9.774377034278587,
          4.699783614959999
        ]
      },
      "properties": {
        "id": "0_85",
        "camera": "R0 - Red (Point)",
        "frame": "0273",
        "image": "pano_camera0/frame_0273_hp_preview.jpg",
        "frameId": "0273",
        "height": -1.033637,
        "coords2D": "2D: (397934.982, 808216.385)",
        "coords3D_original": "3D_Original: (-793548.981, 426441.300, 0.000)",
        "coords3D": "3D: (12.070, -9.774, 4.700)",
        "coordsMtEden": "MtEden: (397934.982, 808216.385, -1.034)",
        "easting": 397934.9821318527,
        "northing": 808216.3846229657,
        "longitude": 174.74102370253493,
        "latitude": -36.80567420515142,
        "group": "R0 - Red (229 points)",
        "canvasX": 641.6791446722726,
        "canvasY": 596.8036730138405,
        "variant": "northing_easting_direct"
      }
    },
    {
      "type": "Feature",
      "geometry": {
        "type": "Point",
        "coordinates": [
          11.94376806402579,
          -11.38038764812518,
          4.65221143496
        ]
      },
      "properties": {
        "id": "0_86",
        "camera": "R0 - Red (Point)",
        "frame": "0274",
        "image": "pano_camera0/frame_0274_hp_preview.jpg",
        "frameId": "0274",
        "height": -1.480978,
        "coords2D": "2D: (397934.856, 808214.779)",
        "coords3D_original": "3D_Original: (-793548.981, 426441.300, 0.000)",
        "coords3D": "3D: (11.944, -11.380, 4.652)",
        "coordsMtEden": "MtEden: (397934.856, 808214.779, -1.481)",
        "easting": 397934.856268064,
        "northing": 808214.7786123519,
        "longitude": 174.74102228760492,
        "latitude": -36.805688678276475,
        "group": "R0 - Red (229 points)",
        "canvasX": 639.6172309302717,
        "canvasY": 623.113506758616,
        "variant": "northing_easting_direct"
      }
    },
    {
      "type": "Feature",
      "geometry": {
        "type": "Point",
        "coordinates": [
          11.95086073706625,
          -11.55682484630961,
          4.6614141911599996
        ]
      },
      "properties": {
        "id": "0_87",
        "camera": "R0 - Red (Point)",
        "frame": "0275",
        "image": "pano_camera0/frame_0275_hp_preview.jpg",
        "frameId": "0275",
        "height": -1.537402,
        "coords2D": "2D: (397934.863, 808214.602)",
        "coords3D_original": "3D_Original: (-793548.981, 426441.300, 0.000)",
        "coords3D": "3D: (11.951, -11.557, 4.661)",
        "coordsMtEden": "MtEden: (397934.863, 808214.602, -1.537)",
        "easting": 397934.86336073704,
        "northing": 808214.6021751537,
        "longitude": 174.74102236661506,
        "latitude": -36.80569026834748,
        "group": "R0 - Red (229 points)",
        "canvasX": 639.7334238407739,
        "canvasY": 626.0039193805761,
        "variant": "northing_easting_direct"
      }
    },
    {
      "type": "Feature",
      "geometry": {
        "type": "Point",
        "coordinates": [
          11.87204760313034,
          -12.865309753688052,
          4.64680789148
        ]
      },
      "properties": {
        "id": "0_88",
        "camera": "R0 - Red (Point)",
        "frame": "0276",
        "image": "pano_camera0/frame_0276_hp_preview.jpg",
        "frameId": "0276",
        "height": -1.910205,
        "coords2D": "2D: (397934.785, 808213.294)",
        "coords3D_original": "3D_Original: (-793548.981, 426441.300, 0.000)",
        "coords3D": "3D: (11.872, -12.865, 4.647)",
        "coordsMtEden": "MtEden: (397934.785, 808213.294, -1.910)",
        "easting": 397934.7845476031,
        "northing": 808213.2936902463,
        "longitude": 174.74102147979536,
        "latitude": -36.805702060267535,
        "group": "R0 - Red (229 points)",
        "canvasX": 638.4422988431852,
        "canvasY": 647.4396559038332,
        "variant": "northing_easting_direct"
      }
    },
    {
      "type": "Feature",
      "geometry": {
        "type": "Point",
        "coordinates": [
          11.878147295850795,
          -13.275275728083216,
          4.6569227212
        ]
      },
      "properties": {
        "id": "0_89",
        "camera": "R0 - Red (Point)",
        "frame": "0277",
        "image": "pano_camera0/frame_0277_hp_preview.jpg",
        "frameId": "0277",
        "height": -2.037445,
        "coords2D": "2D: (397934.791, 808212.884)",
        "coords3D_original": "3D_Original: (-793548.981, 426441.300, 0.000)",
        "coords3D": "3D: (11.878, -13.275, 4.657)",
        "coordsMtEden": "MtEden: (397934.791, 808212.884, -2.037)",
        "easting": 397934.7906472958,
        "northing": 808212.8837242719,
        "longitude": 174.7410215470436,
        "latitude": -36.80570575490233,
        "group": "R0 - Red (229 points)",
        "canvasX": 638.5422246465173,
        "canvasY": 654.1557613476929,
        "variant": "northing_easting_direct"
      }
    },
    {
      "type": "Feature",
      "geometry": {
        "type": "Point",
        "coordinates": [
          11.932776998786721,
          -14.54659051692579,
          4.689786895479999
        ]
      },
      "properties": {
        "id": "0_90",
        "camera": "R0 - Red (Point)",
        "frame": "0278",
        "image": "pano_camera0/frame_0278_hp_preview.jpg",
        "frameId": "0278",
        "height": -2.444415,
        "coords2D": "2D: (397934.845, 808211.612)",
        "coords3D_original": "3D_Original: (-793548.981, 426441.300, 0.000)",
        "coords3D": "3D: (11.933, -14.547, 4.690)",
        "coordsMtEden": "MtEden: (397934.845, 808211.612, -2.444)",
        "easting": 397934.84527699876,
        "northing": 808211.6124094831,
        "longitude": 174.741022155839,
        "latitude": -36.80571721213555,
        "group": "R0 - Red (229 points)",
        "canvasX": 639.4371741506737,
        "canvasY": 674.9825731019644,
        "variant": "northing_easting_direct"
      }
    },
    {
      "type": "Feature",
      "geometry": {
        "type": "Point",
        "coordinates": [
          11.864560682675801,
          -15.179267294355668,
          4.6682350575200005
        ]
      },
      "properties": {
        "id": "0_91",
        "camera": "R0 - Red (Point)",
        "frame": "0279",
        "image": "pano_camera0/frame_0279_hp_preview.jpg",
        "frameId": "0279",
        "height": -2.614466,
        "coords2D": "2D: (397934.777, 808210.980)",
        "coords3D_original": "3D_Original: (-793548.981, 426441.300, 0.000)",
        "coords3D": "3D: (11.865, -15.179, 4.668)",
        "coordsMtEden": "MtEden: (397934.777, 808210.980, -2.614)",
        "easting": 397934.77706068265,
        "northing": 808210.9797327056,
        "longitude": 174.74102138961217,
        "latitude": -36.80572291368241,
        "group": "R0 - Red (229 points)",
        "canvasX": 638.3196473294271,
        "canvasY": 685.3471502020807,
        "variant": "northing_easting_direct"
      }
    },
    {
      "type": "Feature",
      "geometry": {
        "type": "Point",
        "coordinates": [
          11.831559226382524,
          -16.857099872315302,
          4.65315959772
        ]
      },
      "properties": {
        "id": "0_92",
        "camera": "R0 - Red (Point)",
        "frame": "0280",
        "image": "pano_camera0/frame_0280_hp_preview.jpg",
        "frameId": "0280",
        "height": -3.115723,
        "coords2D": "2D: (397934.744, 808209.302)",
        "coords3D_original": "3D_Original: (-793548.981, 426441.300, 0.000)",
        "coords3D": "3D: (11.832, -16.857, 4.653)",
        "coordsMtEden": "MtEden: (397934.744, 808209.302, -3.116)",
        "easting": 397934.74405922636,
        "northing": 808209.3019001277,
        "longitude": 174.74102101520887,
        "latitude": -36.80573803427081,
        "group": "R0 - Red (229 points)",
        "canvasX": 637.779014022617,
        "canvasY": 712.833578869377,
        "variant": "northing_easting_direct"
      }
    },
    {
      "type": "Feature",
      "geometry": {
        "type": "Point",
        "coordinates": [
          11.801592462405097,
          -17.159501738031395,
          4.640092011999999
        ]
      },
      "properties": {
        "id": "0_93",
        "camera": "R0 - Red (Point)",
        "frame": "0281",
        "image": "pano_camera0/frame_0281_hp_preview.jpg",
        "frameId": "0281",
        "height": -3.197741,
        "coords2D": "2D: (397934.714, 808208.999)",
        "coords3D_original": "3D_Original: (-793548.981, 426441.300, 0.000)",
        "coords3D": "3D: (11.802, -17.160, 4.640)",
        "coordsMtEden": "MtEden: (397934.714, 808208.999, -3.198)",
        "easting": 397934.7140924624,
        "northing": 808208.999498262,
        "longitude": 174.74102067854636,
        "latitude": -36.80574075945705,
        "group": "R0 - Red (229 points)",
        "canvasX": 637.2880953632967,
        "canvasY": 717.7875578416961,
        "variant": "northing_easting_direct"
      }
    },
    {
      "type": "Feature",
      "geometry": {
        "type": "Point",
        "coordinates": [
          11.830749393906444,
          -17.628079774905927,
          4.61638466216
        ]
      },
      "properties": {
        "id": "0_94",
        "camera": "R0 - Red (Point)",
        "frame": "0282",
        "image": "pano_camera0/frame_0282_hp_preview.jpg",
        "frameId": "0282",
        "height": -3.351019,
        "coords2D": "2D: (397934.743, 808208.531)",
        "coords3D_original": "3D_Original: (-793548.981, 426441.300, 0.000)",
        "coords3D": "3D: (11.831, -17.628, 4.616)",
        "coordsMtEden": "MtEden: (397934.743, 808208.531, -3.351)",
        "easting": 397934.7432493939,
        "northing": 808208.5309202251,
        "longitude": 174.74102100404176,
        "latitude": -36.805744982355165,
        "group": "R0 - Red (229 points)",
        "canvasX": 637.7657472624561,
        "canvasY": 725.4638522195798,
        "variant": "northing_easting_direct"
      }
    },
    {
      "type": "Feature",
      "geometry": {
        "type": "Point",
        "coordinates": [
          12.099523096287157,
          -18.095478342846036,
          4.60295618404
        ]
      },
      "properties": {
        "id": "0_95",
        "camera": "R0 - Red (Point)",
        "frame": "0283",
        "image": "pano_camera0/frame_0283_hp_preview.jpg",
        "frameId": "0283",
        "height": -3.585692,
        "coords2D": "2D: (397935.012, 808208.064)",
        "coords3D_original": "3D_Original: (-793548.981, 426441.300, 0.000)",
        "coords3D": "3D: (12.100, -18.095, 4.603)",
        "coordsMtEden": "MtEden: (397935.012, 808208.064, -3.586)",
        "easting": 397935.01202309626,
        "northing": 808208.0635216571,
        "longitude": 174.7410240149638,
        "latitude": -36.80574919514649,
        "group": "R0 - Red (229 points)",
        "canvasX": 642.1688261482017,
        "canvasY": 733.1208244155722,
        "variant": "northing_easting_direct"
      }
    },
    {
      "type": "Feature",
      "geometry": {
        "type": "Point",
        "coordinates": [
          12.989221298717894,
          -18.36613525415305,
          4.5757580204399995
        ]
      },
      "properties": {
        "id": "0_96",
        "camera": "R0 - Red (Point)",
        "frame": "0284",
        "image": "pano_camera0/frame_0284_hp_preview.jpg",
        "frameId": "0284",
        "height": -3.972809,
        "coords2D": "2D: (397935.902, 808207.793)",
        "coords3D_original": "3D_Original: (-793548.981, 426441.300, 0.000)",
        "coords3D": "3D: (12.989, -18.366, 4.576)",
        "coordsMtEden": "MtEden: (397935.902, 808207.793, -3.973)",
        "easting": 397935.9017212987,
        "northing": 808207.7928647458,
        "longitude": 174.74103398521996,
        "latitude": -36.80575163625174,
        "group": "R0 - Red (229 points)",
        "canvasX": 656.7439550968912,
        "canvasY": 737.5547542260714,
        "variant": "northing_easting_direct"
      }
    },
    {
      "type": "Feature",
      "geometry": {
        "type": "Point",
        "coordinates": [
          13.086260212236084,
          -18.34418501809705,
          4.56904870264
        ]
      },
      "properties": {
        "id": "0_97",
        "camera": "R0 - Red (Point)",
        "frame": "0285",
        "image": "pano_camera0/frame_0285_hp_preview.jpg",
        "frameId": "0285",
        "height": -3.99927,
        "coords2D": "2D: (397935.999, 808207.815)",
        "coords3D_original": "3D_Original: (-793548.981, 426441.300, 0.000)",
        "coords3D": "3D: (13.086, -18.344, 4.569)",
        "coordsMtEden": "MtEden: (397935.999, 808207.815, -3.999)",
        "easting": 397935.9987602122,
        "northing": 808207.8148149819,
        "longitude": 174.74103507281006,
        "latitude": -36.80575143864732,
        "group": "R0 - Red (229 points)",
        "canvasX": 658.3336567205283,
        "canvasY": 737.1951631642896,
        "variant": "northing_easting_direct"
      }
    },
    {
      "type": "Feature",
      "geometry": {
        "type": "Point",
        "coordinates": [
          13.790262983879074,
          -18.227128158556297,
          4.574261957399999
        ]
      },
      "properties": {
        "id": "0_98",
        "camera": "R0 - Red (Point)",
        "frame": "0286",
        "image": "pano_camera0/frame_0286_hp_preview.jpg",
        "frameId": "0286",
        "height": -4.204597,
        "coords2D": "2D: (397936.703, 808207.932)",
        "coords3D_original": "3D_Original: (-793548.981, 426441.300, 0.000)",
        "coords3D": "3D: (13.790, -18.227, 4.574)",
        "coordsMtEden": "MtEden: (397936.703, 808207.932, -4.205)",
        "easting": 397936.70276298386,
        "northing": 808207.9318718414,
        "longitude": 174.741042962999,
        "latitude": -36.805750385262876,
        "group": "R0 - Red (229 points)",
        "canvasX": 669.8667037121438,
        "canvasY": 735.2775254574854,
        "variant": "northing_easting_direct"
      }
    },
    {
      "type": "Feature",
      "geometry": {
        "type": "Point",
        "coordinates": [
          14.093584947579075,
          -17.912862709490582,
          4.6307383371599995
        ]
      },
      "properties": {
        "id": "0_99",
        "camera": "R0 - Red (Point)",
        "frame": "0287",
        "image": "pano_camera0/frame_0287_hp_preview.jpg",
        "frameId": "0287",
        "height": -4.212352,
        "coords2D": "2D: (397937.006, 808208.246)",
        "coords3D_original": "3D_Original: (-793548.981, 426441.300, 0.000)",
        "coords3D": "3D: (14.094, -17.913, 4.631)",
        "coordsMtEden": "MtEden: (397937.006, 808208.246, -4.212)",
        "easting": 397937.00608494756,
        "northing": 808208.2461372905,
        "longitude": 174.74104636322818,
        "latitude": -36.80574755375733,
        "group": "R0 - Red (229 points)",
        "canvasX": 674.8357558257362,
        "canvasY": 730.1291960217546,
        "variant": "northing_easting_direct"
      }
    },
    {
      "type": "Feature",
      "geometry": {
        "type": "Point",
        "coordinates": [
          14.497082228306681,
          -17.50960599281825,
          4.67227049072
        ]
      },
      "properties": {
        "id": "0_100",
        "camera": "R0 - Red (Point)",
        "frame": "0288",
        "image": "pano_camera0/frame_0288_hp_preview.jpg",
        "frameId": "0288",
        "height": -4.227243,
        "coords2D": "2D: (397937.410, 808208.649)",
        "coords3D_original": "3D_Original: (-793548.981, 426441.300, 0.000)",
        "coords3D": "3D: (14.497, -17.510, 4.672)",
        "coordsMtEden": "MtEden: (397937.410, 808208.649, -4.227)",
        "easting": 397937.4095822283,
        "northing": 808208.6493940072,
        "longitude": 174.74105088637887,
        "latitude": -36.805743920478825,
        "group": "R0 - Red (229 points)",
        "canvasX": 681.4458904549153,
        "canvasY": 723.5230023377674,
        "variant": "northing_easting_direct"
      }
    },
    {
      "type": "Feature",
      "geometry": {
        "type": "Point",
        "coordinates": [
          14.845290754979942,
          -17.36817084532231,
          4.69618453348
        ]
      },
      "properties": {
        "id": "0_101",
        "camera": "R0 - Red (Point)",
        "frame": "0289",
        "image": "pano_camera0/frame_0289_hp_preview.jpg",
        "frameId": "0289",
        "height": -4.303098,
        "coords2D": "2D: (397937.758, 808208.791)",
        "coords3D_original": "3D_Original: (-793548.981, 426441.300, 0.000)",
        "coords3D": "3D: (14.845, -17.368, 4.696)",
        "coordsMtEden": "MtEden: (397937.758, 808208.791, -4.303)",
        "easting": 397937.75779075496,
        "northing": 808208.7908291547,
        "longitude": 174.74105478919023,
        "latitude": -36.80574264662092,
        "group": "R0 - Red (229 points)",
        "canvasX": 687.1502789347918,
        "canvasY": 721.2059969685704,
        "variant": "northing_easting_direct"
      }
    },
    {
      "type": "Feature",
      "geometry": {
        "type": "Point",
        "coordinates": [
          15.412500655802432,
          -17.56396440754179,
          4.69155526824
        ]
      },
      "properties": {
        "id": "0_102",
        "camera": "R0 - Red (Point)",
        "frame": "0290",
        "image": "pano_camera0/frame_0290_hp_preview.jpg",
        "frameId": "0290",
        "height": -4.557018,
        "coords2D": "2D: (397938.325, 808208.595)",
        "coords3D_original": "3D_Original: (-793548.981, 426441.300, 0.000)",
        "coords3D": "3D: (15.413, -17.564, 4.692)",
        "coordsMtEden": "MtEden: (397938.325, 808208.595, -4.557)",
        "easting": 397938.3250006558,
        "northing": 808208.5950355924,
        "longitude": 174.7410611454715,
        "latitude": -36.80574441235153,
        "group": "R0 - Red (229 points)",
        "canvasX": 696.4423708182435,
        "canvasY": 724.4135075703289,
        "variant": "northing_easting_direct"
      }
    },
    {
      "type": "Feature",
      "geometry": {
        "type": "Point",
        "coordinates": [
          16.44398066221038,
          -18.201809486723505,
          4.6561025112
        ]
      },
      "properties": {
        "id": "0_103",
        "camera": "R0 - Red (Point)",
        "frame": "0291",
        "image": "pano_camera0/frame_0291_hp_preview.jpg",
        "frameId": "0291",
        "height": -5.104948,
        "coords2D": "2D: (397939.356, 808207.957)",
        "coords3D_original": "3D_Original: (-793548.981, 426441.300, 0.000)",
        "coords3D": "3D: (16.444, -18.202, 4.656)",
        "coordsMtEden": "MtEden: (397939.356, 808207.957, -5.105)",
        "easting": 397939.3564806622,
        "northing": 808207.9571905133,
        "longitude": 174.74107270370573,
        "latitude": -36.80575016286926,
        "group": "R0 - Red (229 points)",
        "canvasX": 713.3401840986205,
        "canvasY": 734.8627523286033,
        "variant": "northing_easting_direct"
      }
    },
    {
      "type": "Feature",
      "geometry": {
        "type": "Point",
        "coordinates": [
          16.884064806101378,
          -18.40445410623215,
          4.655269177839999
        ]
      },
      "properties": {
        "id": "0_104",
        "camera": "R0 - Red (Point)",
        "frame": "0292",
        "image": "pano_camera0/frame_0292_hp_preview.jpg",
        "frameId": "0292",
        "height": -5.317511,
        "coords2D": "2D: (397939.797, 808207.755)",
        "coords3D_original": "3D_Original: (-793548.981, 426441.300, 0.000)",
        "coords3D": "3D: (16.884, -18.404, 4.655)",
        "coordsMtEden": "MtEden: (397939.797, 808207.755, -5.318)",
        "easting": 397939.7965648061,
        "northing": 808207.7545458938,
        "longitude": 174.74107763525078,
        "latitude": -36.80575199006418,
        "group": "R0 - Red (229 points)",
        "canvasX": 720.5496885438913,
        "canvasY": 738.1824976672393,
        "variant": "northing_easting_direct"
      }
    },
    {
      "type": "Feature",
      "geometry": {
        "type": "Point",
        "coordinates": [
          17.2345117747318,
          -18.592091641156003,
          4.63784791744
        ]
      },
      "properties": {
        "id": "0_105",
        "camera": "R0 - Red (Point)",
        "frame": "0293",
        "image": "pano_camera0/frame_0293_hp_preview.jpg",
        "frameId": "0293",
        "height": -5.494733,
        "coords2D": "2D: (397940.147, 808207.567)",
        "coords3D_original": "3D_Original: (-793548.981, 426441.300, 0.000)",
        "coords3D": "3D: (17.235, -18.592, 4.638)",
        "coordsMtEden": "MtEden: (397940.147, 808207.567, -5.495)",
        "easting": 397940.1470117747,
        "northing": 808207.5669083588,
        "longitude": 174.74108156225842,
        "latitude": -36.80575368181977,
        "group": "R0 - Red (229 points)",
        "canvasX": 726.2907474142764,
        "canvasY": 741.2563953770393,
        "variant": "northing_easting_direct"
      }
    },
    {
      "type": "Feature",
      "geometry": {
        "type": "Point",
        "coordinates": [
          18.626609971630387,
          -18.48968392808456,
          4.6038551342
        ]
      },
      "properties": {
        "id": "0_106",
        "camera": "R0 - Red (Point)",
        "frame": "0294",
        "image": "pano_camera0/frame_0294_hp_preview.jpg",
        "frameId": "0294",
        "height": -5.939858,
        "coords2D": "2D: (397941.539, 808207.669)",
        "coords3D_original": "3D_Original: (-793548.981, 426441.300, 0.000)",
        "coords3D": "3D: (18.627, -18.490, 4.604)",
        "coordsMtEden": "MtEden: (397941.539, 808207.669, -5.940)",
        "easting": 397941.5391099716,
        "northing": 808207.6693160719,
        "longitude": 174.741097164003,
        "latitude": -36.80575276194675,
        "group": "R0 - Red (229 points)",
        "canvasX": 749.0962455846453,
        "canvasY": 739.578741515986,
        "variant": "northing_easting_direct"
      }
    },
    {
      "type": "Feature",
      "geometry": {
        "type": "Point",
        "coordinates": [
          18.71906550368294,
          -18.42561077477876,
          4.60982954384
        ]
      },
      "properties": {
        "id": "0_107",
        "camera": "R0 - Red (Point)",
        "frame": "0295",
        "image": "pano_camera0/frame_0295_hp_preview.jpg",
        "frameId": "0295",
        "height": -5.951916,
        "coords2D": "2D: (397941.632, 808207.733)",
        "coords3D_original": "3D_Original: (-793548.981, 426441.300, 0.000)",
        "coords3D": "3D: (18.719, -18.426, 4.610)",
        "coordsMtEden": "MtEden: (397941.632, 808207.733, -5.952)",
        "easting": 397941.63156550366,
        "northing": 808207.7333892252,
        "longitude": 174.74109820034016,
        "latitude": -36.80575218471921,
        "group": "R0 - Red (229 points)",
        "canvasX": 750.6108617752213,
        "canvasY": 738.5290884227583,
        "variant": "northing_easting_direct"
      }
    },
    {
      "type": "Feature",
      "geometry": {
        "type": "Point",
        "coordinates": [
          19.191720918752253,
          -17.26466675347183,
          4.61572849416
        ]
      },
      "properties": {
        "id": "0_108",
        "camera": "R0 - Red (Point)",
        "frame": "0296",
        "image": "pano_camera0/frame_0296_hp_preview.jpg",
        "frameId": "0296",
        "height": -5.75907,
        "coords2D": "2D: (397942.104, 808208.894)",
        "coords3D_original": "3D_Original: (-793548.981, 426441.300, 0.000)",
        "coords3D": "3D: (19.192, -17.265, 4.616)",
        "coordsMtEden": "MtEden: (397942.104, 808208.894, -5.759)",
        "easting": 397942.1042209187,
        "northing": 808208.8943332465,
        "longitude": 174.74110350060272,
        "latitude": -36.80574172329609,
        "group": "R0 - Red (229 points)",
        "canvasX": 758.3539521887024,
        "canvasY": 719.5103821170724,
        "variant": "northing_easting_direct"
      }
    },
    {
      "type": "Feature",
      "geometry": {
        "type": "Point",
        "coordinates": [
          18.773661557992455,
          -16.600403743912466,
          4.6417947679600005
        ]
      },
      "properties": {
        "id": "0_109",
        "camera": "R0 - Red (Point)",
        "frame": "0297",
        "image": "pano_camera0/frame_0297_hp_preview.jpg",
        "frameId": "0297",
        "height": -5.413187,
        "coords2D": "2D: (397941.686, 808209.559)",
        "coords3D_original": "3D_Original: (-793548.981, 426441.300, 0.000)",
        "coords3D": "3D: (18.774, -16.600, 4.642)",
        "coordsMtEden": "MtEden: (397941.686, 808209.559, -5.413)",
        "easting": 397941.68616155797,
        "northing": 808209.5585962561,
        "longitude": 174.74109881714082,
        "latitude": -36.805735736036056,
        "group": "R0 - Red (229 points)",
        "canvasX": 751.5052600433132,
        "canvasY": 708.6283560630334,
        "variant": "northing_easting_direct"
      }
    },
    {
      "type": "Feature",
      "geometry": {
        "type": "Point",
        "coordinates": [
          18.309327967930585,
          -16.105742330197245,
          4.60870421572
        ]
      },
      "properties": {
        "id": "0_110",
        "camera": "R0 - Red (Point)",
        "frame": "0298",
        "image": "pano_camera0/frame_0298_hp_preview.jpg",
        "frameId": "0298",
        "height": -5.103073,
        "coords2D": "2D: (397941.222, 808210.053)",
        "coords3D_original": "3D_Original: (-793548.981, 426441.300, 0.000)",
        "coords3D": "3D: (18.309, -16.106, 4.609)",
        "coordsMtEden": "MtEden: (397941.222, 808210.053, -5.103)",
        "easting": 397941.2218279679,
        "northing": 808210.0532576698,
        "longitude": 174.7410936146185,
        "latitude": -36.805731277128146,
        "group": "R0 - Red (229 points)",
        "canvasX": 743.8984986365513,
        "canvasY": 700.5247610784853,
        "variant": "northing_easting_direct"
      }
    },
    {
      "type": "Feature",
      "geometry": {
        "type": "Point",
        "coordinates": [
          17.932436551491264,
          -15.735458690556698,
          4.631430594399999
        ]
      },
      "properties": {
        "id": "0_111",
        "camera": "R0 - Red (Point)",
        "frame": "0299",
        "image": "pano_camera0/frame_0299_hp_preview.jpg",
        "frameId": "0299",
        "height": -4.860958,
        "coords2D": "2D: (397940.845, 808210.424)",
        "coords3D_original": "3D_Original: (-793548.981, 426441.300, 0.000)",
        "coords3D": "3D: (17.932, -15.735, 4.631)",
        "coordsMtEden": "MtEden: (397940.845, 808210.424, -4.861)",
        "easting": 397940.84493655147,
        "northing": 808210.4235413094,
        "longitude": 174.7410893917386,
        "latitude": -36.805727939305115,
        "group": "R0 - Red (229 points)",
        "canvasX": 737.7242240577299,
        "canvasY": 694.4587357907137,
        "variant": "northing_easting_direct"
      }
    },
    {
      "type": "Feature",
      "geometry": {
        "type": "Point",
        "coordinates": [
          17.22543958085589,
          -15.014523225603625,
          4.655259335319999
        ]
      },
      "properties": {
        "id": "0_112",
        "camera": "R0 - Red (Point)",
        "frame": "0300",
        "image": "pano_camera0/frame_0300_hp_preview.jpg",
        "frameId": "0300",
        "height": -4.398749,
        "coords2D": "2D: (397940.138, 808211.144)",
        "coords3D_original": "3D_Original: (-793548.981, 426441.300, 0.000)",
        "coords3D": "3D: (17.225, -15.015, 4.655)",
        "coordsMtEden": "MtEden: (397940.138, 808211.144, -4.399)",
        "easting": 397940.13793958083,
        "northing": 808211.1444767744,
        "longitude": 174.74108147026314,
        "latitude": -36.80572144068272,
        "group": "R0 - Red (229 points)",
        "canvasX": 726.1421257859151,
        "canvasY": 682.6482956470717,
        "variant": "northing_easting_direct"
      }
    },
    {
      "type": "Feature",
      "geometry": {
        "type": "Point",
        "coordinates": [
          16.708871360169724,
          -14.545845372718759,
          4.61045290344
        ]
      },
      "properties": {
        "id": "0_113",
        "camera": "R0 - Red (Point)",
        "frame": "0301",
        "image": "pano_camera0/frame_0301_hp_preview.jpg",
        "frameId": "0301",
        "height": -4.078772,
        "coords2D": "2D: (397939.621, 808211.613)",
        "coords3D_original": "3D_Original: (-793548.981, 426441.300, 0.000)",
        "coords3D": "3D: (16.709, -14.546, 4.610)",
        "coordsMtEden": "MtEden: (397939.621, 808211.613, -4.079)",
        "easting": 397939.62137136015,
        "northing": 808211.6131546273,
        "longitude": 174.74107568227092,
        "latitude": -36.80571721582475,
        "group": "R0 - Red (229 points)",
        "canvasX": 717.6796511998431,
        "canvasY": 674.9703660725686,
        "variant": "northing_easting_direct"
      }
    },
    {
      "type": "Feature",
      "geometry": {
        "type": "Point",
        "coordinates": [
          16.142285438720137,
          -14.129331984557211,
          4.59931773248
        ]
      },
      "properties": {
        "id": "0_114",
        "camera": "R0 - Red (Middle)",
        "frame": "0302",
        "image": "pano_camera0/frame_0302_hp_preview.jpg",
        "frameId": "0302",
        "height": -3.757656,
        "coords2D": "2D: (397939.055, 808212.030)",
        "coords3D_original": "3D_Original: (-793548.981, 426441.300, 0.000)",
        "coords3D": "3D: (16.142, -14.129, 4.599)",
        "coordsMtEden": "MtEden: (397939.055, 808212.030, -3.758)",
        "easting": 397939.0547854387,
        "northing": 808212.0296680154,
        "longitude": 174.74106933358203,
        "latitude": -36.805713460964824,
        "group": "R0 - Red (229 points)",
        "canvasX": 708.397781412213,
        "canvasY": 668.1470002121148,
        "variant": "northing_easting_direct"
      }
    },
    {
      "type": "Feature",
      "geometry": {
        "type": "Point",
        "coordinates": [
          15.263621764141135,
          -13.67974737926852,
          4.64226064724
        ]
      },
      "properties": {
        "id": "0_115",
        "camera": "R0 - Red (Point)",
        "frame": "0303",
        "image": "pano_camera0/frame_0303_hp_preview.jpg",
        "frameId": "0303",
        "height": -3.319754,
        "coords2D": "2D: (397938.176, 808212.479)",
        "coords3D_original": "3D_Original: (-793548.981, 426441.300, 0.000)",
        "coords3D": "3D: (15.264, -13.680, 4.642)",
        "coordsMtEden": "MtEden: (397938.176, 808212.479, -3.320)",
        "easting": 397938.1761217641,
        "northing": 808212.4792526207,
        "longitude": 174.7410594874799,
        "latitude": -36.805709407386615,
        "group": "R0 - Red (229 points)",
        "canvasX": 694.0034212532969,
        "canvasY": 660.7818582143351,
        "variant": "northing_easting_direct"
      }
    },
    {
      "type": "Feature",
      "geometry": {
        "type": "Point",
        "coordinates": [
          14.827392813866027,
          -13.435596932424232,
          4.627464058839999
        ]
      },
      "properties": {
        "id": "0_116",
        "camera": "R0 - Red (Point)",
        "frame": "0304",
        "image": "pano_camera0/frame_0304_hp_preview.jpg",
        "frameId": "0304",
        "height": -3.09586,
        "coords2D": "2D: (397937.740, 808212.723)",
        "coords3D_original": "3D_Original: (-793548.981, 426441.300, 0.000)",
        "coords3D": "3D: (14.827, -13.436, 4.627)",
        "coordsMtEden": "MtEden: (397937.740, 808212.723, -3.096)",
        "easting": 397937.73989281384,
        "northing": 808212.7234030676,
        "longitude": 174.7410545992562,
        "latitude": -36.80570720614798,
        "group": "R0 - Red (229 points)",
        "canvasX": 686.8570729925013,
        "canvasY": 656.7821600756249,
        "variant": "northing_easting_direct"
      }
    },
    {
      "type": "Feature",
      "geometry": {
        "type": "Point",
        "coordinates": [
          13.875263478723355,
          -12.773151993751526,
          4.6129102526
        ]
      },
      "properties": {
        "id": "0_117",
        "camera": "R0 - Red (Point)",
        "frame": "0305",
        "image": "pano_camera0/frame_0305_hp_preview.jpg",
        "frameId": "0305",
        "height": -2.567484,
        "coords2D": "2D: (397936.788, 808213.386)",
        "coords3D_original": "3D_Original: (-793548.981, 426441.300, 0.000)",
        "coords3D": "3D: (13.875, -12.773, 4.613)",
        "coordsMtEden": "MtEden: (397936.788, 808213.386, -2.567)",
        "easting": 397936.7877634787,
        "northing": 808213.3858480062,
        "longitude": 174.7410439303915,
        "latitude": -36.805701234106934,
        "group": "R0 - Red (229 points)",
        "canvasX": 671.2591907030697,
        "canvasY": 645.929917847606,
        "variant": "northing_easting_direct"
      }
    },
    {
      "type": "Feature",
      "geometry": {
        "type": "Point",
        "coordinates": [
          13.110081081977114,
          -11.90900550223887,
          4.59124358524
        ]
      },
      "properties": {
        "id": "0_118",
        "camera": "R0 - Red (Point)",
        "frame": "0306",
        "image": "pano_camera0/frame_0306_hp_preview.jpg",
        "frameId": "0306",
        "height": -2.041718,
        "coords2D": "2D: (397936.023, 808214.250)",
        "coords3D_original": "3D_Original: (-793548.981, 426441.300, 0.000)",
        "coords3D": "3D: (13.110, -11.909, 4.591)",
        "coordsMtEden": "MtEden: (397936.023, 808214.250, -2.042)",
        "easting": 397936.02258108195,
        "northing": 808214.2499944977,
        "longitude": 174.74103535721795,
        "latitude": -36.805693444734025,
        "group": "R0 - Red (229 points)",
        "canvasX": 658.7238926990931,
        "canvasY": 631.7733796981585,
        "variant": "northing_easting_direct"
      }
    },
    {
      "type": "Feature",
      "geometry": {
        "type": "Point",
        "coordinates": [
          12.711389367177617,
          -11.264103873400018,
          4.58054148516
        ]
      },
      "properties": {
        "id": "0_119",
        "camera": "R0 - Red (Point)",
        "frame": "0307",
        "image": "pano_camera0/frame_0307_hp_preview.jpg",
        "frameId": "0307",
        "height": -1.708325,
        "coords2D": "2D: (397935.624, 808214.895)",
        "coords3D_original": "3D_Original: (-793548.981, 426441.300, 0.000)",
        "coords3D": "3D: (12.711, -11.264, 4.581)",
        "coordsMtEden": "MtEden: (397935.624, 808214.895, -1.708)",
        "easting": 397935.62388936715,
        "northing": 808214.8948961266,
        "longitude": 174.74103089076792,
        "latitude": -36.80568763199863,
        "group": "R0 - Red (229 points)",
        "canvasX": 652.1924833540971,
        "canvasY": 621.2085338071392,
        "variant": "northing_easting_direct"
      }
    },
    {
      "type": "Feature",
      "geometry": {
        "type": "Point",
        "coordinates": [
          12.652647411217913,
          -11.078906712820753,
          4.6026412234
        ]
      },
      "properties": {
        "id": "0_120",
        "camera": "R0 - Red (Point)",
        "frame": "0308",
        "image": "pano_camera0/frame_0308_hp_preview.jpg",
        "frameId": "0308",
        "height": -1.631502,
        "coords2D": "2D: (397935.565, 808215.080)",
        "coords3D_original": "3D_Original: (-793548.981, 426441.300, 0.000)",
        "coords3D": "3D: (12.653, -11.079, 4.603)",
        "coordsMtEden": "MtEden: (397935.565, 808215.080, -1.632)",
        "easting": 397935.5651474112,
        "northing": 808215.0800932872,
        "longitude": 174.7410302329401,
        "latitude": -36.80568596287008,
        "group": "R0 - Red (229 points)",
        "canvasX": 651.2301664907385,
        "canvasY": 618.1746145636719,
        "variant": "northing_easting_direct"
      }
    },
    {
      "type": "Feature",
      "geometry": {
        "type": "Point",
        "coordinates": [
          12.74757045932347,
          -10.041343728429638,
          4.6257744262400005
        ]
      },
      "properties": {
        "id": "0_121",
        "camera": "R0 - Red (Point)",
        "frame": "0309",
        "image": "pano_camera0/frame_0309_hp_preview.jpg",
        "frameId": "0309",
        "height": -1.347039,
        "coords2D": "2D: (397935.660, 808216.118)",
        "coords3D_original": "3D_Original: (-793548.981, 426441.300, 0.000)",
        "coords3D": "3D: (12.748, -10.041, 4.626)",
        "coordsMtEden": "MtEden: (397935.660, 808216.118, -1.347)",
        "easting": 397935.6600704593,
        "northing": 808216.1176562716,
        "longitude": 174.74103129956995,
        "latitude": -36.80567661253879,
        "group": "R0 - Red (229 points)",
        "canvasX": 652.785205787395,
        "canvasY": 601.1771493018293,
        "variant": "northing_easting_direct"
      }
    },
    {
      "type": "Feature",
      "geometry": {
        "type": "Point",
        "coordinates": [
          13.437452201906126,
          -9.289341999334283,
          4.68435710528
        ]
      },
      "properties": {
        "id": "0_122",
        "camera": "R0 - Red (Point)",
        "frame": "0310",
        "image": "pano_camera0/frame_0310_hp_preview.jpg",
        "frameId": "0310",
        "height": -1.353473,
        "coords2D": "2D: (397936.350, 808216.870)",
        "coords3D_original": "3D_Original: (-793548.981, 426441.300, 0.000)",
        "coords3D": "3D: (13.437, -9.289, 4.684)",
        "coordsMtEden": "MtEden: (397936.350, 808216.870, -1.353)",
        "easting": 397936.3499522019,
        "northing": 808216.8696580007,
        "longitude": 174.74103903321557,
        "latitude": -36.80566983698804,
        "group": "R0 - Red (229 points)",
        "canvasX": 664.0869206039441,
        "canvasY": 588.8577783730416,
        "variant": "northing_easting_direct"
      }
    },
    {
      "type": "Feature",
      "geometry": {
        "type": "Point",
        "coordinates": [
          14.131514917942695,
          -9.235327929607593,
          4.64887810152
        ]
      },
      "properties": {
        "id": "0_123",
        "camera": "R0 - Red (Point)",
        "frame": "0311",
        "image": "pano_camera0/frame_0311_hp_preview.jpg",
        "frameId": "0311",
        "height": -1.574459,
        "coords2D": "2D: (397937.044, 808216.924)",
        "coords3D_original": "3D_Original: (-793548.981, 426441.300, 0.000)",
        "coords3D": "3D: (14.132, -9.235, 4.649)",
        "coordsMtEden": "MtEden: (397937.044, 808216.924, -1.574)",
        "easting": 397937.0440149179,
        "northing": 808216.9236720704,
        "longitude": 174.7410468118256,
        "latitude": -36.80566935172454,
        "group": "R0 - Red (229 points)",
        "canvasX": 675.4571285650845,
        "canvasY": 587.9729142370794,
        "variant": "northing_easting_direct"
      }
    },
    {
      "type": "Feature",
      "geometry": {
        "type": "Point",
        "coordinates": [
          15.050825922226068,
          -9.564224769826978,
          4.68901589808
        ]
      },
      "properties": {
        "id": "0_124",
        "camera": "R0 - Red (Point)",
        "frame": "0312",
        "image": "pano_camera0/frame_0312_hp_preview.jpg",
        "frameId": "0312",
        "height": -1.989563,
        "coords2D": "2D: (397937.963, 808216.595)",
        "coords3D_original": "3D_Original: (-793548.981, 426441.300, 0.000)",
        "coords3D": "3D: (15.051, -9.564, 4.689)",
        "coordsMtEden": "MtEden: (397937.963, 808216.595, -1.990)",
        "easting": 397937.9633259222,
        "northing": 808216.5947752302,
        "longitude": 174.74105711378942,
        "latitude": -36.8056723177518,
        "group": "R0 - Red (229 points)",
        "canvasX": 690.5173775281035,
        "canvasY": 593.3609366515675,
        "variant": "northing_easting_direct"
      }
    },
    {
      "type": "Feature",
      "geometry": {
        "type": "Point",
        "coordinates": [
          15.655908860557247,
          -9.90584389900323,
          4.69193256484
        ]
      },
      "properties": {
        "id": "0_125",
        "camera": "R0 - Red (Point)",
        "frame": "0313",
        "image": "pano_camera0/frame_0313_hp_preview.jpg",
        "frameId": "0313",
        "height": -2.301038,
        "coords2D": "2D: (397938.568, 808216.253)",
        "coords3D_original": "3D_Original: (-793548.981, 426441.300, 0.000)",
        "coords3D": "3D: (15.656, -9.906, 4.692)",
        "coordsMtEden": "MtEden: (397938.568, 808216.253, -2.301)",
        "easting": 397938.56840886053,
        "northing": 808216.253156101,
        "longitude": 174.7410638941189,
        "latitude": -36.80567539774767,
        "group": "R0 - Red (229 points)",
        "canvasX": 700.4299094706072,
        "canvasY": 598.9573769344638,
        "variant": "northing_easting_direct"
      }
    },
    {
      "type": "Feature",
      "geometry": {
        "type": "Point",
        "coordinates": [
          16.1627283115522,
          -10.26071386190597,
          4.68838269596
        ]
      },
      "properties": {
        "id": "0_126",
        "camera": "R0 - Red (Point)",
        "frame": "0314",
        "image": "pano_camera0/frame_0314_hp_preview.jpg",
        "frameId": "0314",
        "height": -2.582849,
        "coords2D": "2D: (397939.075, 808215.898)",
        "coords3D_original": "3D_Original: (-793548.981, 426441.300, 0.000)",
        "coords3D": "3D: (16.163, -10.261, 4.688)",
        "coordsMtEden": "MtEden: (397939.075, 808215.898, -2.583)",
        "easting": 397939.0752283115,
        "northing": 808215.8982861381,
        "longitude": 174.74106957315945,
        "latitude": -36.80567859694604,
        "group": "R0 - Red (229 points)",
        "canvasX": 708.7326786918155,
        "canvasY": 604.7708937578097,
        "variant": "northing_easting_direct"
      }
    },
    {
      "type": "Feature",
      "geometry": {
        "type": "Point",
        "coordinates": [
          17.423522089375183,
          -11.095630331547,
          4.6931267906
        ]
      },
      "properties": {
        "id": "0_127",
        "camera": "R0 - Red (Point)",
        "frame": "0315",
        "image": "pano_camera0/frame_0315_hp_preview.jpg",
        "frameId": "0315",
        "height": -3.269538,
        "coords2D": "2D: (397940.336, 808215.063)",
        "coords3D_original": "3D_Original: (-793548.981, 426441.300, 0.000)",
        "coords3D": "3D: (17.424, -11.096, 4.693)",
        "coordsMtEden": "MtEden: (397940.336, 808215.063, -3.270)",
        "easting": 397940.33602208935,
        "northing": 808215.0633696684,
        "longitude": 174.74108370080523,
        "latitude": -36.80568612397313,
        "group": "R0 - Red (229 points)",
        "canvasX": 729.3871341453034,
        "canvasY": 618.4485826331759,
        "variant": "northing_easting_direct"
      }
    },
    {
      "type": "Feature",
      "geometry": {
        "type": "Point",
        "coordinates": [
          17.52190628059907,
          -11.148870264762081,
          4.70556773588
        ]
      },
      "properties": {
        "id": "0_128",
        "camera": "R0 - Red (Point)",
        "frame": "0316",
        "image": "pano_camera0/frame_0316_hp_preview.jpg",
        "frameId": "0316",
        "height": -3.319462,
        "coords2D": "2D: (397940.434, 808215.010)",
        "coords3D_original": "3D_Original: (-793548.981, 426441.300, 0.000)",
        "coords3D": "3D: (17.522, -11.149, 4.706)",
        "coordsMtEden": "MtEden: (397940.434, 808215.010, -3.319)",
        "easting": 397940.4344062806,
        "northing": 808215.0101297352,
        "longitude": 174.74108480326765,
        "latitude": -36.805686603986466,
        "group": "R0 - Red (229 points)",
        "canvasX": 730.9988742488985,
        "canvasY": 619.3207647853777,
        "variant": "northing_easting_direct"
      }
    },
    {
      "type": "Feature",
      "geometry": {
        "type": "Point",
        "coordinates": [
          18.398604246787727,
          -11.596008854918182,
          4.67464253804
        ]
      },
      "properties": {
        "id": "0_129",
        "camera": "R0 - Red (Point)",
        "frame": "0317",
        "image": "pano_camera0/frame_0317_hp_preview.jpg",
        "frameId": "0317",
        "height": -3.756129,
        "coords2D": "2D: (397941.311, 808214.563)",
        "coords3D_original": "3D_Original: (-793548.981, 426441.300, 0.000)",
        "coords3D": "3D: (18.399, -11.596, 4.675)",
        "coordsMtEden": "MtEden: (397941.311, 808214.563, -3.756)",
        "easting": 397941.31110424676,
        "northing": 808214.5629911451,
        "longitude": 174.74109462734484,
        "latitude": -36.805690635514786,
        "group": "R0 - Red (229 points)",
        "canvasX": 745.3610319687725,
        "canvasY": 626.6458359065276,
        "variant": "northing_easting_direct"
      }
    },
    {
      "type": "Feature",
      "geometry": {
        "type": "Point",
        "coordinates": [
          19.441984792414587,
          -11.716177670285106,
          4.65092862652
        ]
      },
      "properties": {
        "id": "0_130",
        "camera": "R0 - Red (Point)",
        "frame": "0318",
        "image": "pano_camera0/frame_0318_hp_preview.jpg",
        "frameId": "0318",
        "height": -4.149968,
        "coords2D": "2D: (397942.354, 808214.443)",
        "coords3D_original": "3D_Original: (-793548.981, 426441.300, 0.000)",
        "coords3D": "3D: (19.442, -11.716, 4.651)",
        "coordsMtEden": "MtEden: (397942.354, 808214.443, -4.150)",
        "easting": 397942.3544847924,
        "northing": 808214.4428223297,
        "longitude": 174.7411063203436,
        "latitude": -36.80569172074642,
        "group": "R0 - Red (229 points)",
        "canvasX": 762.4538011264201,
        "canvasY": 628.6144539995576,
        "variant": "northing_easting_direct"
      }
    },
    {
      "type": "Feature",
      "geometry": {
        "type": "Point",
        "coordinates": [
          19.64266307937214,
          -11.52465778880287,
          4.65917665828
        ]
      },
      "properties": {
        "id": "0_131",
        "camera": "R0 - Red (Point)",
        "frame": "0319",
        "image": "pano_camera0/frame_0319_hp_preview.jpg",
        "frameId": "0319",
        "height": -4.160091,
        "coords2D": "2D: (397942.555, 808214.634)",
        "coords3D_original": "3D_Original: (-793548.981, 426441.300, 0.000)",
        "coords3D": "3D: (19.643, -11.525, 4.659)",
        "coordsMtEden": "MtEden: (397942.555, 808214.634, -4.160)",
        "easting": 397942.55516307935,
        "northing": 808214.6343422112,
        "longitude": 174.74110856989302,
        "latitude": -36.8056899952015,
        "group": "R0 - Red (229 points)",
        "canvasX": 765.741333798938,
        "canvasY": 625.4769552822286,
        "variant": "northing_easting_direct"
      }
    },
    {
      "type": "Feature",
      "geometry": {
        "type": "Point",
        "coordinates": [
          19.98584738187492,
          -10.824854774982668,
          4.74289385256
        ]
      },
      "properties": {
        "id": "0_132",
        "camera": "R0 - Red (Point)",
        "frame": "0320",
        "image": "pano_camera0/frame_0320_hp_preview.jpg",
        "frameId": "0320",
        "height": -4.06373,
        "coords2D": "2D: (397942.898, 808215.334)",
        "coords3D_original": "3D_Original: (-793548.981, 426441.300, 0.000)",
        "coords3D": "3D: (19.986, -10.825, 4.743)",
        "coordsMtEden": "MtEden: (397942.898, 808215.334, -4.064)",
        "easting": 397942.89834738185,
        "northing": 808215.334145225,
        "longitude": 174.74111241790192,
        "latitude": -36.80568368930846,
        "group": "R0 - Red (229 points)",
        "canvasX": 771.363414913635,
        "canvasY": 614.012709164019,
        "variant": "northing_easting_direct"
      }
    },
    {
      "type": "Feature",
      "geometry": {
        "type": "Point",
        "coordinates": [
          19.966314956313,
          -9.277153631788678,
          4.77815632088
        ]
      },
      "properties": {
        "id": "0_133",
        "camera": "R0 - Red (Point)",
        "frame": "0321",
        "image": "pano_camera0/frame_0321_hp_preview.jpg",
        "frameId": "0321",
        "height": -3.584243,
        "coords2D": "2D: (397942.879, 808216.882)",
        "coords3D_original": "3D_Original: (-793548.981, 426441.300, 0.000)",
        "coords3D": "3D: (19.966, -9.277, 4.778)",
        "coordsMtEden": "MtEden: (397942.879, 808216.882, -3.584)",
        "easting": 397942.8788149563,
        "northing": 808216.8818463682,
        "longitude": 174.74111220318045,
        "latitude": -36.805669741352574,
        "group": "R0 - Red (229 points)",
        "canvasX": 771.0434326769964,
        "canvasY": 588.6581072614171,
        "variant": "northing_easting_direct"
      }
    },
    {
      "type": "Feature",
      "geometry": {
        "type": "Point",
        "coordinates": [
          19.95446682785405,
          -9.18429109128192,
          4.7772442473600005
        ]
      },
      "properties": {
        "id": "0_134",
        "camera": "R0 - Red (Point)",
        "frame": "0322",
        "image": "pano_camera0/frame_0322_hp_preview.jpg",
        "frameId": "0322",
        "height": -3.551875,
        "coords2D": "2D: (397942.867, 808216.975)",
        "coords3D_original": "3D_Original: (-793548.981, 426441.300, 0.000)",
        "coords3D": "3D: (19.954, -9.184, 4.777)",
        "coordsMtEden": "MtEden: (397942.867, 808216.975, -3.552)",
        "easting": 397942.86696682783,
        "northing": 808216.9747089087,
        "longitude": 174.7411120706476,
        "latitude": -36.805668904447764,
        "group": "R0 - Red (229 points)",
        "canvasX": 770.8493353979932,
        "canvasY": 587.1368234172007,
        "variant": "northing_easting_direct"
      }
    },
    {
      "type": "Feature",
      "geometry": {
        "type": "Point",
        "coordinates": [
          19.36425209895242,
          -8.319346662261523,
          4.74427836704
        ]
      },
      "properties": {
        "id": "0_135",
        "camera": "R0 - Red (Point)",
        "frame": "0323",
        "image": "pano_camera0/frame_0323_hp_preview.jpg",
        "frameId": "0323",
        "height": -3.085604,
        "coords2D": "2D: (397942.277, 808217.840)",
        "coords3D_original": "3D_Original: (-793548.981, 426441.300, 0.000)",
        "coords3D": "3D: (19.364, -8.319, 4.744)",
        "coordsMtEden": "MtEden: (397942.277, 808217.840, -3.086)",
        "easting": 397942.27675209893,
        "northing": 808217.8396533377,
        "longitude": 174.74110545836126,
        "latitude": -36.80566110826894,
        "group": "R0 - Red (229 points)",
        "canvasX": 761.1803760169814,
        "canvasY": 572.9672133719572,
        "variant": "northing_easting_direct"
      }
    },
    {
      "type": "Feature",
      "geometry": {
        "type": "Point",
        "coordinates": [
          18.50645462650573,
          -7.722428952110931,
          4.77699490352
        ]
      },
      "properties": {
        "id": "0_136",
        "camera": "R0 - Red (Point)",
        "frame": "0324",
        "image": "pano_camera0/frame_0324_hp_preview.jpg",
        "frameId": "0324",
        "height": -2.609732,
        "coords2D": "2D: (397941.419, 808218.437)",
        "coords3D_original": "3D_Original: (-793548.981, 426441.300, 0.000)",
        "coords3D": "3D: (18.506, -7.722, 4.777)",
        "coordsMtEden": "MtEden: (397941.419, 808218.437, -2.610)",
        "easting": 397941.4189546265,
        "northing": 808218.4365710479,
        "longitude": 174.74109584651282,
        "latitude": -36.80565572697017,
        "group": "R0 - Red (229 points)",
        "canvasX": 747.1278481617359,
        "canvasY": 563.1884450517528,
        "variant": "northing_easting_direct"
      }
    },
    {
      "type": "Feature",
      "geometry": {
        "type": "Point",
        "coordinates": [
          18.43755940068513,
          -7.641573667526245,
          4.752916818759999
        ]
      },
      "properties": {
        "id": "0_137",
        "camera": "R0 - Red (Point)",
        "frame": "0325",
        "image": "pano_camera0/frame_0325_hp_preview.jpg",
        "frameId": "0325",
        "height": -2.561348,
        "coords2D": "2D: (397941.350, 808218.517)",
        "coords3D_original": "3D_Original: (-793548.981, 426441.300, 0.000)",
        "coords3D": "3D: (18.438, -7.642, 4.753)",
        "coordsMtEden": "MtEden: (397941.350, 808218.517, -2.561)",
        "easting": 397941.35005940066,
        "northing": 808218.5174263325,
        "longitude": 174.74109507461256,
        "latitude": -36.80565499815096,
        "group": "R0 - Red (229 points)",
        "canvasX": 745.9991993714838,
        "canvasY": 561.8638653291819,
        "variant": "northing_easting_direct"
      }
    },
    {
      "type": "Feature",
      "geometry": {
        "type": "Point",
        "coordinates": [
          18.021657450357452,
          -6.63556580839213,
          4.74968519136
        ]
      },
      "properties": {
        "id": "0_138",
        "camera": "R0 - Red (Point)",
        "frame": "0326",
        "image": "pano_camera0/frame_0326_hp_preview.jpg",
        "frameId": "0326",
        "height": -2.11189,
        "coords2D": "2D: (397940.934, 808219.523)",
        "coords3D_original": "3D_Original: (-793548.981, 426441.300, 0.000)",
        "coords3D": "3D: (18.022, -6.636, 4.750)",
        "coordsMtEden": "MtEden: (397940.934, 808219.523, -2.112)",
        "easting": 397940.93415745033,
        "northing": 808219.5234341916,
        "longitude": 174.74109041625914,
        "latitude": -36.80564593108381,
        "group": "R0 - Red (229 points)",
        "canvasX": 739.1858501487986,
        "canvasY": 545.3833394267258,
        "variant": "northing_easting_direct"
      }
    },
    {
      "type": "Feature",
      "geometry": {
        "type": "Point",
        "coordinates": [
          18.325924572884105,
          -6.131984252948314,
          4.7516733804
        ]
      },
      "properties": {
        "id": "0_139",
        "camera": "R0 - Red (Point)",
        "frame": "0327",
        "image": "pano_camera0/frame_0327_hp_preview.jpg",
        "frameId": "0327",
        "height": -2.062078,
        "coords2D": "2D: (397941.238, 808220.027)",
        "coords3D_original": "3D_Original: (-793548.981, 426441.300, 0.000)",
        "coords3D": "3D: (18.326, -6.132, 4.752)",
        "coordsMtEden": "MtEden: (397941.238, 808220.027, -2.062)",
        "easting": 397941.23842457286,
        "northing": 808220.027015747,
        "longitude": 174.74109382758638,
        "latitude": -36.80564139345838,
        "group": "R0 - Red (229 points)",
        "canvasX": 744.1703859531584,
        "canvasY": 537.1336137495953,
        "variant": "northing_easting_direct"
      }
    },
    {
      "type": "Feature",
      "geometry": {
        "type": "Point",
        "coordinates": [
          18.58570462698117,
          -5.971088949241675,
          4.78593519252
        ]
      },
      "properties": {
        "id": "0_140",
        "camera": "R0 - Red (Point)",
        "frame": "0328",
        "image": "pano_camera0/frame_0328_hp_preview.jpg",
        "frameId": "0328",
        "height": -2.101845,
        "coords2D": "2D: (397941.498, 808220.188)",
        "coords3D_original": "3D_Original: (-793548.981, 426441.300, 0.000)",
        "coords3D": "3D: (18.586, -5.971, 4.786)",
        "coordsMtEden": "MtEden: (397941.498, 808220.188, -2.102)",
        "easting": 397941.49820462696,
        "northing": 808220.1879110507,
        "longitude": 174.74109673941382,
        "latitude": -36.805639944031476,
        "group": "R0 - Red (229 points)",
        "canvasX": 748.4261299533487,
        "canvasY": 534.4978100658863,
        "variant": "northing_easting_direct"
      }
    },
    {
      "type": "Feature",
      "geometry": {
        "type": "Point",
        "coordinates": [
          19.08963074669009,
          -5.856620737002231,
          4.80495094116
        ]
      },
      "properties": {
        "id": "0_141",
        "camera": "R0 - Red (Point)",
        "frame": "0329",
        "image": "pano_camera0/frame_0329_hp_preview.jpg",
        "frameId": "0329",
        "height": -2.239411,
        "coords2D": "2D: (397942.002, 808220.302)",
        "coords3D_original": "3D_Original: (-793548.981, 426441.300, 0.000)",
        "coords3D": "3D: (19.090, -5.857, 4.805)",
        "coordsMtEden": "MtEden: (397942.002, 808220.302, -2.239)",
        "easting": 397942.00213074667,
        "northing": 808220.302379263,
        "longitude": 174.74110238729568,
        "latitude": -36.805638913537045,
        "group": "R0 - Red (229 points)",
        "canvasX": 756.6815003194098,
        "canvasY": 532.6225798488188,
        "variant": "northing_easting_direct"
      }
    },
    {
      "type": "Feature",
      "geometry": {
        "type": "Point",
        "coordinates": [
          19.8168028955115,
          -5.47189279680606,
          4.83370750376
        ]
      },
      "properties": {
        "id": "0_142",
        "camera": "R0 - Red (Point)",
        "frame": "0330",
        "image": "pano_camera0/frame_0330_hp_preview.jpg",
        "frameId": "0330",
        "height": -2.37076,
        "coords2D": "2D: (397942.729, 808220.687)",
        "coords3D_original": "3D_Original: (-793548.981, 426441.300, 0.000)",
        "coords3D": "3D: (19.817, -5.472, 4.834)",
        "coordsMtEden": "MtEden: (397942.729, 808220.687, -2.371)",
        "easting": 397942.7293028955,
        "northing": 808220.6871072032,
        "longitude": 174.74111053785785,
        "latitude": -36.80563544794135,
        "group": "R0 - Red (229 points)",
        "canvasX": 768.5941104691933,
        "canvasY": 526.3199265174754,
        "variant": "northing_easting_direct"
      }
    },
    {
      "type": "Feature",
      "geometry": {
        "type": "Point",
        "coordinates": [
          19.840335008339025,
          -5.152683738968335,
          4.83370094208
        ]
      },
      "properties": {
        "id": "0_143",
        "camera": "R0 - Red (Point)",
        "frame": "0331",
        "image": "pano_camera0/frame_0331_hp_preview.jpg",
        "frameId": "0331",
        "height": -2.28112,
        "coords2D": "2D: (397942.753, 808221.006)",
        "coords3D_original": "3D_Original: (-793548.981, 426441.300, 0.000)",
        "coords3D": "3D: (19.840, -5.153, 4.834)",
        "coordsMtEden": "MtEden: (397942.753, 808221.006, -2.281)",
        "easting": 397942.7528350083,
        "northing": 808221.006316261,
        "longitude": 174.74111080244805,
        "latitude": -36.80563257127408,
        "group": "R0 - Red (229 points)",
        "canvasX": 768.9796160013365,
        "canvasY": 521.0906103663192,
        "variant": "northing_easting_direct"
      }
    },
    {
      "type": "Feature",
      "geometry": {
        "type": "Point",
        "coordinates": [
          18.969661136041395,
          -4.818102987948805,
          4.7982613084
        ]
      },
      "properties": {
        "id": "0_144",
        "camera": "R0 - Red (Point)",
        "frame": "0332",
        "image": "pano_camera0/frame_0332_hp_preview.jpg",
        "frameId": "0332",
        "height": -1.880987,
        "coords2D": "2D: (397941.882, 808221.341)",
        "coords3D_original": "3D_Original: (-793548.981, 426441.300, 0.000)",
        "coords3D": "3D: (18.970, -4.818, 4.798)",
        "coordsMtEden": "MtEden: (397941.882, 808221.341, -1.881)",
        "easting": 397941.882161136,
        "northing": 808221.340897012,
        "longitude": 174.7411010455861,
        "latitude": -36.80562955413363,
        "group": "R0 - Red (229 points)",
        "canvasX": 754.7161456182617,
        "canvasY": 515.6094735311234,
        "variant": "northing_easting_direct"
      }
    },
    {
      "type": "Feature",
      "geometry": {
        "type": "Point",
        "coordinates": [
          18.511579476646148,
          -4.909873356344178,
          4.76805133368
        ]
      },
      "properties": {
        "id": "0_145",
        "camera": "R0 - Red (Point)",
        "frame": "0333",
        "image": "pano_camera0/frame_0333_hp_preview.jpg",
        "frameId": "0333",
        "height": -1.752377,
        "coords2D": "2D: (397941.424, 808221.249)",
        "coords3D_original": "3D_Original: (-793548.981, 426441.300, 0.000)",
        "coords3D": "3D: (18.512, -4.910, 4.768)",
        "coordsMtEden": "MtEden: (397941.424, 808221.249, -1.752)",
        "easting": 397941.4240794766,
        "northing": 808221.2491266436,
        "longitude": 174.74109591155164,
        "latitude": -36.80563038017427,
        "group": "R0 - Red (229 points)",
        "canvasX": 747.2118039930243,
        "canvasY": 517.1128652986265,
        "variant": "northing_easting_direct"
      }
    },
    {
      "type": "Feature",
      "geometry": {
        "type": "Point",
        "coordinates": [
          17.664932230487466,
          -4.9341850384371355,
          4.750905663839999
        ]
      },
      "properties": {
        "id": "0_146",
        "camera": "R0 - Red (Point)",
        "frame": "0334",
        "image": "pano_camera0/frame_0334_hp_preview.jpg",
        "frameId": "0334",
        "height": -1.470004,
        "coords2D": "2D: (397940.577, 808221.225)",
        "coords3D_original": "3D_Original: (-793548.981, 426441.300, 0.000)",
        "coords3D": "3D: (17.665, -4.934, 4.751)",
        "coordsMtEden": "MtEden: (397940.577, 808221.225, -1.470)",
        "easting": 397940.57743223046,
        "northing": 808221.2248149615,
        "longitude": 174.7410864229897,
        "latitude": -36.805630597430614,
        "group": "R0 - Red (229 points)",
        "canvasX": 733.3419403099366,
        "canvasY": 517.5111418158018,
        "variant": "northing_easting_direct"
      }
    },
    {
      "type": "Feature",
      "geometry": {
        "type": "Point",
        "coordinates": [
          17.227064808423165,
          -4.841391415335238,
          4.75819569032
        ]
      },
      "properties": {
        "id": "0_147",
        "camera": "R0 - Red (Point)",
        "frame": "0335",
        "image": "pano_camera0/frame_0335_hp_preview.jpg",
        "frameId": "0335",
        "height": -1.291863,
        "coords2D": "2D: (397940.140, 808221.318)",
        "coords3D_original": "3D_Original: (-793548.981, 426441.300, 0.000)",
        "coords3D": "3D: (17.227, -4.841, 4.758)",
        "coordsMtEden": "MtEden: (397940.140, 808221.318, -1.292)",
        "easting": 397940.1395648084,
        "northing": 808221.3176085846,
        "longitude": 174.74108151599816,
        "latitude": -36.805629760220214,
        "group": "R0 - Red (229 points)",
        "canvasX": 726.1687504333927,
        "canvasY": 515.990986982694,
        "variant": "northing_easting_direct"
      }
    },
    {
      "type": "Feature",
      "geometry": {
        "type": "Point",
        "coordinates": [
          16.735063872591127,
          -4.760439655394293,
          4.7267718048
        ]
      },
      "properties": {
        "id": "0_148",
        "camera": "R0 - Red (Point)",
        "frame": "0336",
        "image": "pano_camera0/frame_0336_hp_preview.jpg",
        "frameId": "0336",
        "height": -1.098765,
        "coords2D": "2D: (397939.648, 808221.399)",
        "coords3D_original": "3D_Original: (-793548.981, 426441.300, 0.000)",
        "coords3D": "3D: (16.735, -4.760, 4.727)",
        "coordsMtEden": "MtEden: (397939.648, 808221.399, -1.099)",
        "easting": 397939.64756387257,
        "northing": 808221.3985603446,
        "longitude": 174.74107600229271,
        "latitude": -36.80562902961094,
        "group": "R0 - Red (229 points)",
        "canvasX": 718.1087396760453,
        "canvasY": 514.6648267912159,
        "variant": "northing_easting_direct"
      }
    },
    {
      "type": "Feature",
      "geometry": {
        "type": "Point",
        "coordinates": [
          15.659316277131438,
          -4.462710768100806,
          4.696391226399999
        ]
      },
      "properties": {
        "id": "0_149",
        "camera": "R0 - Red (Point)",
        "frame": "0337",
        "image": "pano_camera0/frame_0337_hp_preview.jpg",
        "frameId": "0337",
        "height": -0.639499,
        "coords2D": "2D: (397938.572, 808221.696)",
        "coords3D_original": "3D_Original: (-793548.981, 426441.300, 0.000)",
        "coords3D": "3D: (15.659, -4.463, 4.696)",
        "coordsMtEden": "MtEden: (397938.572, 808221.696, -0.639)",
        "easting": 397938.5718162771,
        "northing": 808221.6962892319,
        "longitude": 174.74106394704253,
        "latitude": -36.805626344130935,
        "group": "R0 - Red (229 points)",
        "canvasX": 700.4857301252906,
        "canvasY": 509.7874010397214,
        "variant": "northing_easting_direct"
      }
    },
    {
      "type": "Feature",
      "geometry": {
        "type": "Point",
        "coordinates": [
          15.123255533573683,
          -4.307166717015207,
          4.7052035626399995
        ]
      },
      "properties": {
        "id": "0_150",
        "camera": "R0 - Red (Point)",
        "frame": "0338",
        "image": "pano_camera0/frame_0338_hp_preview.jpg",
        "frameId": "0338",
        "height": -0.408591,
        "coords2D": "2D: (397938.036, 808221.852)",
        "coords3D_original": "3D_Original: (-793548.981, 426441.300, 0.000)",
        "coords3D": "3D: (15.123, -4.307, 4.705)",
        "coordsMtEden": "MtEden: (397938.036, 808221.852, -0.409)",
        "easting": 397938.03575553355,
        "northing": 808221.851833283,
        "longitude": 174.741057939755,
        "latitude": -36.80562494119768,
        "group": "R0 - Red (229 points)",
        "canvasX": 691.703926992712,
        "canvasY": 507.2392621354603,
        "variant": "northing_easting_direct"
      }
    },
    {
      "type": "Feature",
      "geometry": {
        "type": "Point",
        "coordinates": [
          13.779395182209555,
          -3.8047038735821843,
          4.68475080608
        ]
      },
      "properties": {
        "id": "0_151",
        "camera": "R0 - Red (Point)",
        "frame": "0339",
        "image": "pano_camera0/frame_0339_hp_preview.jpg",
        "frameId": "0339",
        "height": 0.204905,
        "coords2D": "2D: (397936.692, 808222.354)",
        "coords3D_original": "3D_Original: (-793548.981, 426441.300, 0.000)",
        "coords3D": "3D: (13.779, -3.805, 4.685)",
        "coordsMtEden": "MtEden: (397936.692, 808222.354, 0.205)",
        "easting": 397936.6918951822,
        "northing": 808222.3542961264,
        "longitude": 174.74104288028335,
        "latitude": -36.805620410065174,
        "group": "R0 - Red (229 points)",
        "canvasX": 669.6886662491984,
        "canvasY": 499.00786331432664,
        "variant": "northing_easting_direct"
      }
    },
    {
      "type": "Feature",
      "geometry": {
        "type": "Point",
        "coordinates": [
          12.981834673089907,
          -3.374264510232024,
          4.769927974160001
        ]
      },
      "properties": {
        "id": "0_152",
        "camera": "R0 - Red (Point)",
        "frame": "0340",
        "image": "pano_camera0/frame_0340_hp_preview.jpg",
        "frameId": "0340",
        "height": 0.609338,
        "coords2D": "2D: (397935.894, 808222.785)",
        "coords3D_original": "3D_Original: (-793548.981, 426441.300, 0.000)",
        "coords3D": "3D: (12.982, -3.374, 4.770)",
        "coordsMtEden": "MtEden: (397935.894, 808222.785, 0.609)",
        "easting": 397935.89433467307,
        "northing": 808222.7847354898,
        "longitude": 174.74103394307716,
        "latitude": -36.80561652919881,
        "group": "R0 - Red (229 points)",
        "canvasX": 656.6229466238512,
        "canvasY": 491.95636067348664,
        "variant": "northing_easting_direct"
      }
    },
    {
      "type": "Feature",
      "geometry": {
        "type": "Point",
        "coordinates": [
          12.760851095197722,
          -3.272447588853538,
          4.74977377404
        ]
      },
      "properties": {
        "id": "0_153",
        "camera": "R0 - Red (Point)",
        "frame": "0341",
        "image": "pano_camera0/frame_0341_hp_preview.jpg",
        "frameId": "0341",
        "height": 0.716036,
        "coords2D": "2D: (397935.673, 808222.887)",
        "coords3D_original": "3D_Original: (-793548.981, 426441.300, 0.000)",
        "coords3D": "3D: (12.761, -3.272, 4.750)",
        "coordsMtEden": "MtEden: (397935.673, 808222.887, 0.716)",
        "easting": 397935.6733510952,
        "northing": 808222.8865524111,
        "longitude": 174.74103146675924,
        "latitude": -36.80561561114095,
        "group": "R0 - Red (229 points)",
        "canvasX": 653.0027705516987,
        "canvasY": 490.288385223465,
        "variant": "northing_easting_direct"
      }
    },
    {
      "type": "Feature",
      "geometry": {
        "type": "Point",
        "coordinates": [
          12.079330860986374,
          -3.038933018920943,
          4.75492797368
        ]
      },
      "properties": {
        "id": "0_154",
        "camera": "R0 - Red (Point)",
        "frame": "0342",
        "image": "pano_camera0/frame_0342_hp_preview.jpg",
        "frameId": "0342",
        "height": 1.020485,
        "coords2D": "2D: (397934.992, 808223.120)",
        "coords3D_original": "3D_Original: (-793548.981, 426441.300, 0.000)",
        "coords3D": "3D: (12.079, -3.039, 4.755)",
        "coordsMtEden": "MtEden: (397934.992, 808223.120, 1.020)",
        "easting": 397934.99183086096,
        "northing": 808223.1200669811,
        "longitude": 174.7410238294997,
        "latitude": -36.80561350521697,
        "group": "R0 - Red (229 points)",
        "canvasX": 641.8380348396695,
        "canvasY": 486.46292513182146,
        "variant": "northing_easting_direct"
      }
    },
    {
      "type": "Feature",
      "geometry": {
        "type": "Point",
        "coordinates": [
          11.172545218898449,
          -2.911375620169565,
          4.76827771164
        ]
      },
      "properties": {
        "id": "0_155",
        "camera": "R0 - Red (Point)",
        "frame": "0343",
        "image": "pano_camera0/frame_0343_hp_preview.jpg",
        "frameId": "0343",
        "height": 1.369897,
        "coords2D": "2D: (397934.085, 808223.248)",
        "coords3D_original": "3D_Original: (-793548.981, 426441.300, 0.000)",
        "coords3D": "3D: (11.173, -2.911, 4.768)",
        "coordsMtEden": "MtEden: (397934.085, 808223.248, 1.370)",
        "easting": 397934.0850452189,
        "northing": 808223.2476243798,
        "longitude": 174.74101366737224,
        "latitude": -36.80561235368919,
        "group": "R0 - Red (229 points)",
        "canvasX": 626.9829776691503,
        "canvasY": 484.3732664918631,
        "variant": "northing_easting_direct"
      }
    },
    {
      "type": "Feature",
      "geometry": {
        "type": "Point",
        "coordinates": [
          10.67106364655774,
          -2.335152870393358,
          4.80038729272
        ]
      },
      "properties": {
        "id": "0_156",
        "camera": "R0 - Red (Point)",
        "frame": "0344",
        "image": "pano_camera0/frame_0344_hp_preview.jpg",
        "frameId": "0344",
        "height": 1.717539,
        "coords2D": "2D: (397933.584, 808223.824)",
        "coords3D_original": "3D_Original: (-793548.981, 426441.300, 0.000)",
        "coords3D": "3D: (10.671, -2.335, 4.800)",
        "coordsMtEden": "MtEden: (397933.584, 808223.824, 1.718)",
        "easting": 397933.58356364653,
        "northing": 808223.8238471296,
        "longitude": 174.74100804876196,
        "latitude": -36.805607159664014,
        "group": "R0 - Red (229 points)",
        "canvasX": 618.7676541332353,
        "canvasY": 474.9335251759907,
        "variant": "northing_easting_direct"
      }
    },
    {
      "type": "Feature",
      "geometry": {
        "type": "Point",
        "coordinates": [
          11.172006641107146,
          -2.045841034851037,
          4.81267731936
        ]
      },
      "properties": {
        "id": "0_157",
        "camera": "R0 - Red (Point)",
        "frame": "0345",
        "image": "pano_camera0/frame_0345_hp_preview.jpg",
        "frameId": "0345",
        "height": 1.634547,
        "coords2D": "2D: (397934.085, 808224.113)",
        "coords3D_original": "3D_Original: (-793548.981, 426441.300, 0.000)",
        "coords3D": "3D: (11.172, -2.046, 4.813)",
        "coordsMtEden": "MtEden: (397934.085, 808224.113, 1.635)",
        "easting": 397934.0845066411,
        "northing": 808224.1131589651,
        "longitude": 174.74101366368467,
        "latitude": -36.805604553473046,
        "group": "R0 - Red (229 points)",
        "canvasX": 626.9741546306665,
        "canvasY": 470.19398844597004,
        "variant": "northing_easting_direct"
      }
    },
    {
      "type": "Feature",
      "geometry": {
        "type": "Point",
        "coordinates": [
          11.757977328146808,
          -1.9928477227222174,
          4.80212941876
        ]
      },
      "properties": {
        "id": "0_158",
        "camera": "R0 - Red (Point)",
        "frame": "0346",
        "image": "pano_camera0/frame_0346_hp_preview.jpg",
        "frameId": "0346",
        "height": 1.45,
        "coords2D": "2D: (397934.670, 808224.166)",
        "coords3D_original": "3D_Original: (-793548.981, 426441.300, 0.000)",
        "coords3D": "3D: (11.758, -1.993, 4.802)",
        "coordsMtEden": "MtEden: (397934.670, 808224.166, 1.450)",
        "easting": 397934.6704773281,
        "northing": 808224.1661522773,
        "longitude": 174.74102023088312,
        "latitude": -36.80560407717453,
        "group": "R0 - Red (229 points)",
        "canvasX": 636.573587675301,
        "canvasY": 469.32584646730794,
        "variant": "northing_easting_direct"
      }
    },
    {
      "type": "Feature",
      "geometry": {
        "type": "Point",
        "coordinates": [
          12.242881834099535,
          -2.1290080486796796,
          4.79973112472
        ]
      },
      "properties": {
        "id": "0_159",
        "camera": "R0 - Red (Point)",
        "frame": "0347",
        "image": "pano_camera0/frame_0347_hp_preview.jpg",
        "frameId": "0347",
        "height": 1.242631,
        "coords2D": "2D: (397935.155, 808224.030)",
        "coords3D_original": "3D_Original: (-793548.981, 426441.300, 0.000)",
        "coords3D": "3D: (12.243, -2.129, 4.800)",
        "coordsMtEden": "MtEden: (397935.155, 808224.030, 1.243)",
        "easting": 397935.1553818341,
        "northing": 808224.0299919513,
        "longitude": 174.74102566490586,
        "latitude": -36.80560530531163,
        "group": "R0 - Red (229 points)",
        "canvasX": 644.5173439763834,
        "canvasY": 471.55643915969137,
        "variant": "northing_easting_direct"
      }
    },
    {
      "type": "Feature",
      "geometry": {
        "type": "Point",
        "coordinates": [
          12.798742917133495,
          -2.26004433457274,
          4.80379608548
        ]
      },
      "properties": {
        "id": "0_160",
        "camera": "R0 - Red (Point)",
        "frame": "0348",
        "image": "pano_camera0/frame_0348_hp_preview.jpg",
        "frameId": "0348",
        "height": 1.012405,
        "coords2D": "2D: (397935.711, 808223.899)",
        "coords3D_original": "3D_Original: (-793548.981, 426441.300, 0.000)",
        "coords3D": "3D: (12.799, -2.260, 4.804)",
        "coordsMtEden": "MtEden: (397935.711, 808223.899, 1.012)",
        "easting": 397935.7112429171,
        "northing": 808223.8989556654,
        "longitude": 174.7410318941629,
        "latitude": -36.80560648742522,
        "group": "R0 - Red (229 points)",
        "canvasX": 653.6235183395655,
        "canvasY": 473.703089290276,
        "variant": "northing_easting_direct"
      }
    },
    {
      "type": "Feature",
      "geometry": {
        "type": "Point",
        "coordinates": [
          14.11584077385487,
          -2.567821867065504,
          4.773303958520001
        ]
      },
      "properties": {
        "id": "0_161",
        "camera": "R0 - Red (Point)",
        "frame": "0349",
        "image": "pano_camera0/frame_0349_hp_preview.jpg",
        "frameId": "0349",
        "height": 0.467506,
        "coords2D": "2D: (397937.028, 808223.591)",
        "coords3D_original": "3D_Original: (-793548.981, 426441.300, 0.000)",
        "coords3D": "3D: (14.116, -2.568, 4.773)",
        "coordsMtEden": "MtEden: (397937.028, 808223.591, 0.468)",
        "easting": 397937.02834077383,
        "northing": 808223.5911781329,
        "longitude": 174.7410466542276,
        "latitude": -36.8056092639929,
        "group": "R0 - Red (229 points)",
        "canvasX": 675.2003530983841,
        "canvasY": 478.74513299784894,
        "variant": "northing_easting_direct"
      }
    },
    {
      "type": "Feature",
      "geometry": {
        "type": "Point",
        "coordinates": [
          14.74106840789318,
          -2.5498679886804894,
          4.73457692316
        ]
      },
      "properties": {
        "id": "0_162",
        "camera": "R0 - Red (Point)",
        "frame": "0350",
        "image": "pano_camera0/frame_0350_hp_preview.jpg",
        "frameId": "0350",
        "height": 0.259145,
        "coords2D": "2D: (397937.654, 808223.609)",
        "coords3D_original": "3D_Original: (-793548.981, 426441.300, 0.000)",
        "coords3D": "3D: (14.741, -2.550, 4.735)",
        "coordsMtEden": "MtEden: (397937.654, 808223.609, 0.259)",
        "easting": 397937.65356840787,
        "northing": 808223.6091320113,
        "longitude": 174.7410536612894,
        "latitude": -36.80560910355414,
        "group": "R0 - Red (229 points)",
        "canvasX": 685.4428975513968,
        "canvasY": 478.45101068716554,
        "variant": "northing_easting_direct"
      }
    },
    {
      "type": "Feature",
      "geometry": {
        "type": "Point",
        "coordinates": [
          15.205934507481288,
          -2.513248967123218,
          4.723464718080001
        ]
      },
      "properties": {
        "id": "0_163",
        "camera": "R0 - Red (Point)",
        "frame": "0351",
        "image": "pano_camera0/frame_0351_hp_preview.jpg",
        "frameId": "0351",
        "height": 0.111172,
        "coords2D": "2D: (397938.118, 808223.646)",
        "coords3D_original": "3D_Original: (-793548.981, 426441.300, 0.000)",
        "coords3D": "3D: (15.206, -2.513, 4.723)",
        "coordsMtEden": "MtEden: (397938.118, 808223.646, 0.111)",
        "easting": 397938.11843450746,
        "northing": 808223.6457510329,
        "longitude": 174.74105887120768,
        "latitude": -36.805608774555154,
        "group": "R0 - Red (229 points)",
        "canvasX": 693.0583825849884,
        "canvasY": 477.8511140481048,
        "variant": "northing_easting_direct"
      }
    },
    {
      "type": "Feature",
      "geometry": {
        "type": "Point",
        "coordinates": [
          16.17759645386832,
          -2.090893153916113,
          4.7461779734
        ]
      },
      "properties": {
        "id": "0_164",
        "camera": "R0 - Red (Point)",
        "frame": "0352",
        "image": "pano_camera0/frame_0352_hp_preview.jpg",
        "frameId": "0352",
        "height": -0.092409,
        "coords2D": "2D: (397939.090, 808224.068)",
        "coords3D_original": "3D_Original: (-793548.981, 426441.300, 0.000)",
        "coords3D": "3D: (16.178, -2.091, 4.746)",
        "coordsMtEden": "MtEden: (397939.090, 808224.068, -0.092)",
        "easting": 397939.09009645385,
        "northing": 808224.0681068461,
        "longitude": 174.74106976190154,
        "latitude": -36.80560497039142,
        "group": "R0 - Red (229 points)",
        "canvasX": 708.976250153472,
        "canvasY": 470.93203696807143,
        "variant": "northing_easting_direct"
      }
    },
    {
      "type": "Feature",
      "geometry": {
        "type": "Point",
        "coordinates": [
          16.551436035893857,
          -1.7766437840182334,
          4.79865829004
        ]
      },
      "properties": {
        "id": "0_165",
        "camera": "R0 - Red (Point)",
        "frame": "0353",
        "image": "pano_camera0/frame_0353_hp_preview.jpg",
        "frameId": "0353",
        "height": -0.124343,
        "coords2D": "2D: (397939.464, 808224.382)",
        "coords3D_original": "3D_Original: (-793548.981, 426441.300, 0.000)",
        "coords3D": "3D: (16.551, -1.777, 4.799)",
        "coordsMtEden": "MtEden: (397939.464, 808224.382, -0.124)",
        "easting": 397939.46393603587,
        "northing": 808224.382356216,
        "longitude": 174.741073952424,
        "latitude": -36.8056021391834,
        "group": "R0 - Red (229 points)",
        "canvasX": 715.1005292615804,
        "canvasY": 465.7839709438252,
        "variant": "northing_easting_direct"
      }
    },
    {
      "type": "Feature",
      "geometry": {
        "type": "Point",
        "coordinates": [
          17.354933758324478,
          -1.4427542425692081,
          4.82827771356
        ]
      },
      "properties": {
        "id": "0_166",
        "camera": "R0 - Red (Point)",
        "frame": "0354",
        "image": "pano_camera0/frame_0354_hp_preview.jpg",
        "frameId": "0354",
        "height": -0.297271,
        "coords2D": "2D: (397940.267, 808224.716)",
        "coords3D_original": "3D_Original: (-793548.981, 426441.300, 0.000)",
        "coords3D": "3D: (17.355, -1.443, 4.828)",
        "coordsMtEden": "MtEden: (397940.267, 808224.716, -0.297)",
        "easting": 397940.2674337583,
        "northing": 808224.7162457574,
        "longitude": 174.74108295823723,
        "latitude": -36.805599131912324,
        "group": "R0 - Red (229 points)",
        "canvasX": 728.2635129365993,
        "canvasY": 460.31415757674455,
        "variant": "northing_easting_direct"
      }
    },
    {
      "type": "Feature",
      "geometry": {
        "type": "Point",
        "coordinates": [
          17.81088390055811,
          -1.5129644605331123,
          4.86980986712
        ]
      },
      "properties": {
        "id": "0_167",
        "camera": "R0 - Red (Point)",
        "frame": "0355",
        "image": "pano_camera0/frame_0355_hp_preview.jpg",
        "frameId": "0355",
        "height": -0.474842,
        "coords2D": "2D: (397940.723, 808224.646)",
        "coords3D_original": "3D_Original: (-793548.981, 426441.300, 0.000)",
        "coords3D": "3D: (17.811, -1.513, 4.870)",
        "coordsMtEden": "MtEden: (397940.723, 808224.646, -0.475)",
        "easting": 397940.72338390053,
        "northing": 808224.6460355395,
        "longitude": 174.74108806794345,
        "latitude": -36.80559976563989,
        "group": "R0 - Red (229 points)",
        "canvasX": 735.7329358247282,
        "canvasY": 461.4643487052141,
        "variant": "northing_easting_direct"
      }
    },
    {
      "type": "Feature",
      "geometry": {
        "type": "Point",
        "coordinates": [
          18.37805746990489,
          -2.2487792087486014,
          4.88745422464
        ]
      },
      "properties": {
        "id": "0_168",
        "camera": "R0 - Red (Point)",
        "frame": "0356",
        "image": "pano_camera0/frame_0356_hp_preview.jpg",
        "frameId": "0356",
        "height": -0.893678,
        "coords2D": "2D: (397941.291, 808223.910)",
        "coords3D_original": "3D_Original: (-793548.981, 426441.300, 0.000)",
        "coords3D": "3D: (18.378, -2.249, 4.887)",
        "coordsMtEden": "MtEden: (397941.291, 808223.910, -0.894)",
        "easting": 397941.2905574699,
        "northing": 808223.9102207912,
        "longitude": 174.7410944223464,
        "latitude": -36.80560639805041,
        "group": "R0 - Red (229 points)",
        "canvasX": 745.0244325213971,
        "canvasY": 473.51854282191755,
        "variant": "northing_easting_direct"
      }
    },
    {
      "type": "Feature",
      "geometry": {
        "type": "Point",
        "coordinates": [
          18.745603368093725,
          -2.7891257472801954,
          4.83329739876
        ]
      },
      "properties": {
        "id": "0_169",
        "camera": "R0 - Red (Point)",
        "frame": "0357",
        "image": "pano_camera0/frame_0357_hp_preview.jpg",
        "frameId": "0357",
        "height": -1.184612,
        "coords2D": "2D: (397941.658, 808223.370)",
        "coords3D_original": "3D_Original: (-793548.981, 426441.300, 0.000)",
        "coords3D": "3D: (18.746, -2.789, 4.833)",
        "coordsMtEden": "MtEden: (397941.658, 808223.370, -1.185)",
        "easting": 397941.65810336807,
        "northing": 808223.3698742527,
        "longitude": 174.74109854002364,
        "latitude": -36.80561126846323,
        "group": "R0 - Red (229 points)",
        "canvasX": 751.0456078432321,
        "canvasY": 482.3705562956219,
        "variant": "northing_easting_direct"
      }
    },
    {
      "type": "Feature",
      "geometry": {
        "type": "Point",
        "coordinates": [
          18.81744371156674,
          -2.9797906799940392,
          4.76932101876
        ]
      },
      "properties": {
        "id": "0_170",
        "camera": "R0 - Red (Point)",
        "frame": "0358",
        "image": "pano_camera0/frame_0358_hp_preview.jpg",
        "frameId": "0358",
        "height": -1.267478,
        "coords2D": "2D: (397941.730, 808223.179)",
        "coords3D_original": "3D_Original: (-793548.981, 426441.300, 0.000)",
        "coords3D": "3D: (18.817, -2.980, 4.769)",
        "coordsMtEden": "MtEden: (397941.730, 808223.179, -1.267)",
        "easting": 397941.72994371154,
        "northing": 808223.17920932,
        "longitude": 174.741099344633,
        "latitude": -36.805612986895554,
        "group": "R0 - Red (229 points)",
        "canvasX": 752.2225038598225,
        "canvasY": 485.4940491537171,
        "variant": "northing_easting_direct"
      }
    },
    {
      "type": "Feature",
      "geometry": {
        "type": "Point",
        "coordinates": [
          18.80947249685414,
          -3.064643998281099,
          4.73798571592
        ]
      },
      "properties": {
        "id": "0_171",
        "camera": "R0 - Red (Point)",
        "frame": "0359",
        "image": "pano_camera0/frame_0359_hp_preview.jpg",
        "frameId": "0359",
        "height": -1.290529,
        "coords2D": "2D: (397941.722, 808223.094)",
        "coords3D_original": "3D_Original: (-793548.981, 426441.300, 0.000)",
        "coords3D": "3D: (18.809, -3.065, 4.738)",
        "coordsMtEden": "MtEden: (397941.722, 808223.094, -1.291)",
        "easting": 397941.72197249683,
        "northing": 808223.0943560017,
        "longitude": 174.7410992550691,
        "latitude": -36.80561375157804,
        "group": "R0 - Red (229 points)",
        "canvasX": 752.0919185870763,
        "canvasY": 486.8841250828955,
        "variant": "northing_easting_direct"
      }
    },
    {
      "type": "Feature",
      "geometry": {
        "type": "Point",
        "coordinates": [
          18.88779906986747,
          -2.996257689082995,
          4.78918322412
        ]
      },
      "properties": {
        "id": "0_172",
        "camera": "R0 - Red (Point)",
        "frame": "0360",
        "image": "pano_camera0/frame_0360_hp_preview.jpg",
        "frameId": "0360",
        "height": -1.296555,
        "coords2D": "2D: (397941.800, 808223.163)",
        "coords3D_original": "3D_Original: (-793548.981, 426441.300, 0.000)",
        "coords3D": "3D: (18.888, -2.996, 4.789)",
        "coordsMtEden": "MtEden: (397941.800, 808223.163, -1.297)",
        "easting": 397941.80029906984,
        "northing": 808223.1627423109,
        "longitude": 174.74110013307083,
        "latitude": -36.805613135449526,
        "group": "R0 - Red (229 points)",
        "canvasX": 753.3750726930094,
        "canvasY": 485.7638134164627,
        "variant": "northing_easting_direct"
      }
    },
    {
      "type": "Feature",
      "geometry": {
        "type": "Point",
        "coordinates": [
          18.89507029025117,
          -3.0020562465069816,
          4.78569897204
        ]
      },
      "properties": {
        "id": "0_173",
        "camera": "R0 - Red (Point)",
        "frame": "0361",
        "image": "pano_camera0/frame_0361_hp_preview.jpg",
        "frameId": "0361",
        "height": -1.300755,
        "coords2D": "2D: (397941.808, 808223.157)",
        "coords3D_original": "3D_Original: (-793548.981, 426441.300, 0.000)",
        "coords3D": "3D: (18.895, -3.002, 4.786)",
        "coordsMtEden": "MtEden: (397941.808, 808223.157, -1.301)",
        "easting": 397941.8075702902,
        "northing": 808223.1569437535,
        "longitude": 174.74110021454473,
        "latitude": -36.80561318772204,
        "group": "R0 - Red (229 points)",
        "canvasX": 753.4941905853505,
        "canvasY": 485.85880599112187,
        "variant": "northing_easting_direct"
      }
    },
    {
      "type": "Feature",
      "geometry": {
        "type": "Point",
        "coordinates": [
          19.487831266538706,
          -3.2102834929246455,
          4.81351065272
        ]
      },
      "properties": {
        "id": "0_174",
        "camera": "R0 - Red (Point)",
        "frame": "0362",
        "image": "pano_camera0/frame_0362_hp_preview.jpg",
        "frameId": "0362",
        "height": -1.567292,
        "coords2D": "2D: (397942.400, 808222.949)",
        "coords3D_original": "3D_Original: (-793548.981, 426441.300, 0.000)",
        "coords3D": "3D: (19.488, -3.210, 4.814)",
        "coordsMtEden": "MtEden: (397942.400, 808222.949, -1.567)",
        "easting": 397942.4003312665,
        "northing": 808222.9487165071,
        "longitude": 174.74110685713723,
        "latitude": -36.805615065558385,
        "group": "R0 - Red (229 points)",
        "canvasX": 763.2048628576621,
        "canvasY": 489.2700065073627,
        "variant": "northing_easting_direct"
      }
    },
    {
      "type": "Feature",
      "geometry": {
        "type": "Point",
        "coordinates": [
          19.774841799866408,
          -3.0785336307017133,
          4.83349753
        ]
      },
      "properties": {
        "id": "0_175",
        "camera": "R0 - Red (Point)",
        "frame": "0363",
        "image": "pano_camera0/frame_0363_hp_preview.jpg",
        "frameId": "0363",
        "height": -1.625233,
        "coords2D": "2D: (397942.687, 808223.080)",
        "coords3D_original": "3D_Original: (-793548.981, 426441.300, 0.000)",
        "coords3D": "3D: (19.775, -3.079, 4.833)",
        "coordsMtEden": "MtEden: (397942.687, 808223.080, -1.625)",
        "easting": 397942.68734179984,
        "northing": 808223.0804663693,
        "longitude": 174.74111007406046,
        "latitude": -36.80561387884962,
        "group": "R0 - Red (229 points)",
        "canvasX": 767.9066994144137,
        "canvasY": 487.11166649319296,
        "variant": "northing_easting_direct"
      }
    },
    {
      "type": "Feature",
      "geometry": {
        "type": "Point",
        "coordinates": [
          20.18115722935181,
          -2.6798667686525732,
          4.93970488248
        ]
      },
      "properties": {
        "id": "0_176",
        "camera": "R0 - Red (Point)",
        "frame": "0364",
        "image": "pano_camera0/frame_0364_hp_preview.jpg",
        "frameId": "0364",
        "height": -1.642408,
        "coords2D": "2D: (397943.094, 808223.479)",
        "coords3D_original": "3D_Original: (-793548.981, 426441.300, 0.000)",
        "coords3D": "3D: (20.181, -2.680, 4.940)",
        "coordsMtEden": "MtEden: (397943.094, 808223.479, -1.642)",
        "easting": 397943.0936572293,
        "northing": 808223.4791332313,
        "longitude": 174.74111462877127,
        "latitude": -36.805610286938595,
        "group": "R0 - Red (229 points)",
        "canvasX": 774.5630012502578,
        "canvasY": 480.5806642886657,
        "variant": "northing_easting_direct"
      }
    },
    {
      "type": "Feature",
      "geometry": {
        "type": "Point",
        "coordinates": [
          20.210121823300142,
          -2.4692300466122106,
          4.950557901200001
        ]
      },
      "properties": {
        "id": "0_177",
        "camera": "R0 - Red (Point)",
        "frame": "0365",
        "image": "pano_camera0/frame_0365_hp_preview.jpg",
        "frameId": "0365",
        "height": -1.587965,
        "coords2D": "2D: (397943.123, 808223.690)",
        "coords3D_original": "3D_Original: (-793548.981, 426441.300, 0.000)",
        "coords3D": "3D: (20.210, -2.469, 4.951)",
        "coordsMtEden": "MtEden: (397943.123, 808223.690, -1.588)",
        "easting": 397943.1226218233,
        "northing": 808223.6897699534,
        "longitude": 174.74111495395053,
        "latitude": -36.80560838873918,
        "group": "R0 - Red (229 points)",
        "canvasX": 775.037502255373,
        "canvasY": 477.12999149160305,
        "variant": "northing_easting_direct"
      }
    },
    {
      "type": "Feature",
      "geometry": {
        "type": "Point",
        "coordinates": [
          19.628380128066055,
          -1.8179123543668538,
          4.93077771684
        ]
      },
      "properties": {
        "id": "0_178",
        "camera": "R0 - Red (Point)",
        "frame": "0366",
        "image": "pano_camera0/frame_0366_hp_preview.jpg",
        "frameId": "0366",
        "height": -1.190053,
        "coords2D": "2D: (397942.541, 808224.341)",
        "coords3D_original": "3D_Original: (-793548.981, 426441.300, 0.000)",
        "coords3D": "3D: (19.628, -1.818, 4.931)",
        "coordsMtEden": "MtEden: (397942.541, 808224.341, -1.190)",
        "easting": 397942.54088012804,
        "northing": 808224.3410876456,
        "longitude": 174.7411084360503,
        "latitude": -36.80560251778727,
        "group": "R0 - Red (229 points)",
        "canvasX": 765.5073489974519,
        "canvasY": 466.4600369765018,
        "variant": "northing_easting_direct"
      }
    },
    {
      "type": "Feature",
      "geometry": {
        "type": "Point",
        "coordinates": [
          19.49695729423547,
          -1.7683747523697093,
          4.92005921256
        ]
      },
      "properties": {
        "id": "0_179",
        "camera": "R0 - Red (Point)",
        "frame": "0367",
        "image": "pano_camera0/frame_0367_hp_preview.jpg",
        "frameId": "0367",
        "height": -1.13,
        "coords2D": "2D: (397942.409, 808224.391)",
        "coords3D_original": "3D_Original: (-793548.981, 426441.300, 0.000)",
        "coords3D": "3D: (19.497, -1.768, 4.920)",
        "coordsMtEden": "MtEden: (397942.409, 808224.391, -1.130)",
        "easting": 397942.4094572942,
        "northing": 808224.3906252476,
        "longitude": 174.7411069633103,
        "latitude": -36.80560207106784,
        "group": "R0 - Red (229 points)",
        "canvasX": 763.3543663975506,
        "canvasY": 465.6485068035064,
        "variant": "northing_easting_direct"
      }
    },
    {
      "type": "Feature",
      "geometry": {
        "type": "Point",
        "coordinates": [
          18.801642018952407,
          -1.5557387069566175,
          4.87632561536
        ]
      },
      "properties": {
        "id": "0_180",
        "camera": "R0 - Red (Point)",
        "frame": "0368",
        "image": "pano_camera0/frame_0368_hp_preview.jpg",
        "frameId": "0368",
        "height": -0.826966,
        "coords2D": "2D: (397941.714, 808224.603)",
        "coords3D_original": "3D_Original: (-793548.981, 426441.300, 0.000)",
        "coords3D": "3D: (18.802, -1.556, 4.876)",
        "coordsMtEden": "MtEden: (397941.714, 808224.603, -0.827)",
        "easting": 397941.71414201893,
        "northing": 808224.603261293,
        "longitude": 174.74109917139066,
        "latitude": -36.80560015327639,
        "group": "R0 - Red (229 points)",
        "canvasX": 751.9636388795966,
        "canvasY": 462.165080881255,
        "variant": "northing_easting_direct"
      }
    },
    {
      "type": "Feature",
      "geometry": {
        "type": "Point",
        "coordinates": [
          17.35679525823798,
          -1.1408516875235364,
          4.86297915824
        ]
      },
      "properties": {
        "id": "0_181",
        "camera": "R0 - Red (Point)",
        "frame": "0369",
        "image": "pano_camera0/frame_0369_hp_preview.jpg",
        "frameId": "0369",
        "height": -0.205788,
        "coords2D": "2D: (397940.269, 808225.018)",
        "coords3D_original": "3D_Original: (-793548.981, 426441.300, 0.000)",
        "coords3D": "3D: (17.357, -1.141, 4.863)",
        "coordsMtEden": "MtEden: (397940.269, 808225.018, -0.206)",
        "easting": 397940.2692952582,
        "northing": 808225.0181483125,
        "longitude": 174.741082979916,
        "latitude": -36.80559641116451,
        "group": "R0 - Red (229 points)",
        "canvasX": 728.2940082228771,
        "canvasY": 455.3683583631592,
        "variant": "northing_easting_direct"
      }
    },
    {
      "type": "Feature",
      "geometry": {
        "type": "Point",
        "coordinates": [
          17.041950934799388,
          -0.8273321813903749,
          4.7726051396
        ]
      },
      "properties": {
        "id": "0_182",
        "camera": "R0 - Red (Point)",
        "frame": "0370",
        "image": "pano_camera0/frame_0370_hp_preview.jpg",
        "frameId": "0370",
        "height": -0.00234,
        "coords2D": "2D: (397939.954, 808225.332)",
        "coords3D_original": "3D_Original: (-793548.981, 426441.300, 0.000)",
        "coords3D": "3D: (17.042, -0.827, 4.773)",
        "coordsMtEden": "MtEden: (397939.954, 808225.332, -0.002)",
        "easting": 397939.9544509348,
        "northing": 808225.3316678186,
        "longitude": 174.7410794522606,
        "latitude": -36.80559358503554,
        "group": "R0 - Red (229 points)",
        "canvasX": 723.1361956070915,
        "canvasY": 450.232249043008,
        "variant": "northing_easting_direct"
      }
    },
    {
      "type": "Feature",
      "geometry": {
        "type": "Point",
        "coordinates": [
          17.014339756628033,
          -0.39885726664215326,
          4.88120750528
        ]
      },
      "properties": {
        "id": "0_183",
        "camera": "R0 - Red (Point)",
        "frame": "0371",
        "image": "pano_camera0/frame_0371_hp_preview.jpg",
        "frameId": "0371",
        "height": 0.138091,
        "coords2D": "2D: (397939.927, 808225.760)",
        "coords3D_original": "3D_Original: (-793548.981, 426441.300, 0.000)",
        "coords3D": "3D: (17.014, -0.399, 4.881)",
        "coordsMtEden": "MtEden: (397939.927, 808225.760, 0.138)",
        "easting": 397939.9268397566,
        "northing": 808225.7601427333,
        "longitude": 174.7410791439776,
        "latitude": -36.805589723550966,
        "group": "R0 - Red (229 points)",
        "canvasX": 722.6838664005362,
        "canvasY": 443.2129282037518,
        "variant": "northing_easting_direct"
      }
    },
    {
      "type": "Feature",
      "geometry": {
        "type": "Point",
        "coordinates": [
          17.58753427612828,
          0.04655056062620133,
          4.8811189226
        ]
      },
      "properties": {
        "id": "0_184",
        "camera": "R0 - Red (Point)",
        "frame": "0372",
        "image": "pano_camera0/frame_0372_hp_preview.jpg",
        "frameId": "0372",
        "height": 0.077916,
        "coords2D": "2D: (397940.500, 808226.206)",
        "coords3D_original": "3D_Original: (-793548.981, 426441.300, 0.000)",
        "coords3D": "3D: (17.588, 0.047, 4.881)",
        "coordsMtEden": "MtEden: (397940.500, 808226.206, 0.078)",
        "easting": 397940.5000342761,
        "northing": 808226.2055505606,
        "longitude": 174.74108556905153,
        "latitude": -36.80558571077358,
        "group": "R0 - Red (229 points)",
        "canvasX": 732.0739989320117,
        "canvasY": 435.9162106201377,
        "variant": "northing_easting_direct"
      }
    },
    {
      "type": "Feature",
      "geometry": {
        "type": "Point",
        "coordinates": [
          18.365543783351313,
          0.08925361186265945,
          4.92286104992
        ]
      },
      "properties": {
        "id": "0_185",
        "camera": "R0 - Red (Point)",
        "frame": "0373",
        "image": "pano_camera0/frame_0373_hp_preview.jpg",
        "frameId": "0373",
        "height": -0.175208,
        "coords2D": "2D: (397941.278, 808226.248)",
        "coords3D_original": "3D_Original: (-793548.981, 426441.300, 0.000)",
        "coords3D": "3D: (18.366, 0.089, 4.923)",
        "coordsMtEden": "MtEden: (397941.278, 808226.248, -0.175)",
        "easting": 397941.2780437833,
        "northing": 808226.2482536118,
        "longitude": 174.74109428842522,
        "latitude": -36.80558532762467,
        "group": "R0 - Red (229 points)",
        "canvasX": 744.8194320009311,
        "canvasY": 435.2166447711786,
        "variant": "northing_easting_direct"
      }
    },
    {
      "type": "Feature",
      "geometry": {
        "type": "Point",
        "coordinates": [
          19.839700326614548,
          0.5547489267773926,
          4.93518388496
        ]
      },
      "properties": {
        "id": "0_186",
        "camera": "R0 - Red (Point)",
        "frame": "0374",
        "image": "pano_camera0/frame_0374_hp_preview.jpg",
        "frameId": "0374",
        "height": -0.537451,
        "coords2D": "2D: (397942.752, 808226.714)",
        "coords3D_original": "3D_Original: (-793548.981, 426441.300, 0.000)",
        "coords3D": "3D: (19.840, 0.555, 4.935)",
        "coordsMtEden": "MtEden: (397942.752, 808226.714, -0.537)",
        "easting": 397942.7522003266,
        "northing": 808226.7137489268,
        "longitude": 174.7411108107555,
        "latitude": -36.80558113577549,
        "group": "R0 - Red (229 points)",
        "canvasX": 768.9692185787726,
        "canvasY": 427.59085186621286,
        "variant": "northing_easting_direct"
      }
    },
    {
      "type": "Feature",
      "geometry": {
        "type": "Point",
        "coordinates": [
          20.1367720355629,
          0.8503909970168024,
          4.9733039649199995
        ]
      },
      "properties": {
        "id": "0_187",
        "camera": "R0 - Red (Point)",
        "frame": "0375",
        "image": "pano_camera0/frame_0375_hp_preview.jpg",
        "frameId": "0375",
        "height": -0.548997,
        "coords2D": "2D: (397943.049, 808227.009)",
        "coords3D_original": "3D_Original: (-793548.981, 426441.300, 0.000)",
        "coords3D": "3D: (20.137, 0.850, 4.973)",
        "coordsMtEden": "MtEden: (397943.049, 808227.009, -0.549)",
        "easting": 397943.04927203554,
        "northing": 808227.009390997,
        "longitude": 174.74111414087693,
        "latitude": -36.8055784720886,
        "group": "R0 - Red (229 points)",
        "canvasX": 773.8358783663496,
        "canvasY": 422.7476125708048,
        "variant": "northing_easting_direct"
      }
    },
    {
      "type": "Feature",
      "geometry": {
        "type": "Point",
        "coordinates": [
          20.339604392182082,
          1.3193501490168273,
          5.0199148588
        ]
      },
      "properties": {
        "id": "0_188",
        "camera": "R0 - Red (Point)",
        "frame": "0376",
        "image": "pano_camera0/frame_0376_hp_preview.jpg",
        "frameId": "0376",
        "height": -0.475187,
        "coords2D": "2D: (397943.252, 808227.478)",
        "coords3D_original": "3D_Original: (-793548.981, 426441.300, 0.000)",
        "coords3D": "3D: (20.340, 1.319, 5.020)",
        "coordsMtEden": "MtEden: (397943.252, 808227.478, -0.475)",
        "easting": 397943.25210439216,
        "northing": 808227.478350149,
        "longitude": 174.74111641531323,
        "latitude": -36.805574246259916,
        "group": "R0 - Red (229 points)",
        "canvasX": 777.1586992338592,
        "canvasY": 415.06507472487624,
        "variant": "northing_easting_direct"
      }
    },
    {
      "type": "Feature",
      "geometry": {
        "type": "Point",
        "coordinates": [
          20.444014134001918,
          1.7392430242616683,
          5.04648310112
        ]
      },
      "properties": {
        "id": "0_189",
        "camera": "R0 - Red (Point)",
        "frame": "0377",
        "image": "pano_camera0/frame_0377_hp_preview.jpg",
        "frameId": "0377",
        "height": -0.382516,
        "coords2D": "2D: (397943.357, 808227.898)",
        "coords3D_original": "3D_Original: (-793548.981, 426441.300, 0.000)",
        "coords3D": "3D: (20.444, 1.739, 5.046)",
        "coordsMtEden": "MtEden: (397943.357, 808227.898, -0.383)",
        "easting": 397943.356514134,
        "northing": 808227.8982430242,
        "longitude": 174.74111758658134,
        "latitude": -36.8055704624037,
        "group": "R0 - Red (229 points)",
        "canvasX": 778.8691505374313,
        "canvasY": 408.1863457523648,
        "variant": "northing_easting_direct"
      }
    },
    {
      "type": "Feature",
      "geometry": {
        "type": "Point",
        "coordinates": [
          20.54392547981115,
          3.1201730427565053,
          5.164944391000001
        ]
      },
      "properties": {
        "id": "0_190",
        "camera": "R0 - Red (Point)",
        "frame": "0378",
        "image": "pano_camera0/frame_0378_hp_preview.jpg",
        "frameId": "0378",
        "height": 0.005055,
        "coords2D": "2D: (397943.456, 808229.279)",
        "coords3D_original": "3D_Original: (-793548.981, 426441.300, 0.000)",
        "coords3D": "3D: (20.544, 3.120, 5.165)",
        "coordsMtEden": "MtEden: (397943.456, 808229.279, 0.005)",
        "easting": 397943.4564254798,
        "northing": 808229.2791730427,
        "longitude": 174.74111871003086,
        "latitude": -36.805558017651684,
        "group": "R0 - Red (229 points)",
        "canvasX": 780.5059086472295,
        "canvasY": 385.56380584686684,
        "variant": "northing_easting_direct"
      }
    },
    {
      "type": "Feature",
      "geometry": {
        "type": "Point",
        "coordinates": [
          20.472009329416323,
          3.5245760183315724,
          5.1386681434399994
        ]
      },
      "properties": {
        "id": "0_191",
        "camera": "R0 - Red (Point)",
        "frame": "0379",
        "image": "pano_camera0/frame_0379_hp_preview.jpg",
        "frameId": "0379",
        "height": 0.153227,
        "coords2D": "2D: (397943.385, 808229.684)",
        "coords3D_original": "3D_Original: (-793548.981, 426441.300, 0.000)",
        "coords3D": "3D: (20.472, 3.525, 5.139)",
        "coordsMtEden": "MtEden: (397943.385, 808229.684, 0.153)",
        "easting": 397943.3845093294,
        "northing": 808229.6835760183,
        "longitude": 174.74111790514937,
        "latitude": -36.80555437300778,
        "group": "R0 - Red (229 points)",
        "canvasX": 779.3277707550809,
        "canvasY": 378.93883403238993,
        "variant": "northing_easting_direct"
      }
    },
    {
      "type": "Feature",
      "geometry": {
        "type": "Point",
        "coordinates": [
          20.27334623702336,
          4.044183531776071,
          5.13839255288
        ]
      },
      "properties": {
        "id": "0_192",
        "camera": "R0 - Red (Point)",
        "frame": "0380",
        "image": "pano_camera0/frame_0380_hp_preview.jpg",
        "frameId": "0380",
        "height": 0.380005,
        "coords2D": "2D: (397943.186, 808230.203)",
        "coords3D_original": "3D_Original: (-793548.981, 426441.300, 0.000)",
        "coords3D": "3D: (20.273, 4.044, 5.138)",
        "coordsMtEden": "MtEden: (397943.186, 808230.203, 0.380)",
        "easting": 397943.185846237,
        "northing": 808230.2031835318,
        "longitude": 174.7411156801096,
        "latitude": -36.805549689862936,
        "group": "R0 - Red (229 points)",
        "canvasX": 776.073251210211,
        "canvasY": 370.4265694336576,
        "variant": "northing_easting_direct"
      }
    },
    {
      "type": "Feature",
      "geometry": {
        "type": "Point",
        "coordinates": [
          20.330772149260156,
          4.178246383089572,
          4.74952771104
        ]
      },
      "properties": {
        "id": "0_193",
        "camera": "R0 - Red (Point)",
        "frame": "0381",
        "image": "pano_camera0/frame_0381_hp_preview.jpg",
        "frameId": "0381",
        "height": 0.401308,
        "coords2D": "2D: (397943.243, 808230.337)",
        "coords3D_original": "3D_Original: (-793548.981, 426441.300, 0.000)",
        "coords3D": "3D: (20.331, 4.178, 4.750)",
        "coordsMtEden": "MtEden: (397943.243, 808230.337, 0.401)",
        "easting": 397943.24327214924,
        "northing": 808230.3372463831,
        "longitude": 174.7411163240514,
        "latitude": -36.80554848181057,
        "group": "R0 - Red (229 points)",
        "canvasX": 777.0140085069194,
        "canvasY": 368.23033779087916,
        "variant": "northing_easting_direct"
      }
    },
    {
      "type": "Feature",
      "geometry": {
        "type": "Point",
        "coordinates": [
          20.122846026846673,
          4.4426641133613884,
          4.3270965951600004
        ]
      },
      "properties": {
        "id": "0_194",
        "camera": "R0 - Red (Point)",
        "frame": "0382",
        "image": "pano_camera0/frame_0382_hp_preview.jpg",
        "frameId": "0382",
        "height": 0.5533,
        "coords2D": "2D: (397943.035, 808230.602)",
        "coords3D_original": "3D_Original: (-793548.981, 426441.300, 0.000)",
        "coords3D": "3D: (20.123, 4.443, 4.327)",
        "coordsMtEden": "MtEden: (397943.035, 808230.602, 0.553)",
        "easting": 397943.0353460268,
        "northing": 808230.6016641133,
        "longitude": 174.74111399451053,
        "latitude": -36.80554609842101,
        "group": "R0 - Red (229 points)",
        "canvasX": 773.6077410360455,
        "canvasY": 363.89861889482626,
        "variant": "northing_easting_direct"
      }
    },
    {
      "type": "Feature",
      "geometry": {
        "type": "Point",
        "coordinates": [
          19.620721263287123,
          4.747013932210393,
          4.99932102612
        ]
      },
      "properties": {
        "id": "0_195",
        "camera": "R0 - Red (Point)",
        "frame": "0383",
        "image": "pano_camera0/frame_0383_hp_preview.jpg",
        "frameId": "0383",
        "height": 0.818047,
        "coords2D": "2D: (397942.533, 808230.906)",
        "coords3D_original": "3D_Original: (-793548.981, 426441.300, 0.000)",
        "coords3D": "3D: (19.621, 4.747, 4.999)",
        "coordsMtEden": "MtEden: (397942.533, 808230.906, 0.818)",
        "easting": 397942.53322126326,
        "northing": 808230.9060139322,
        "longitude": 174.74110836795538,
        "latitude": -36.80554335452344,
        "group": "R0 - Red (229 points)",
        "canvasX": 765.3818806741376,
        "canvasY": 358.9127283504587,
        "variant": "northing_easting_direct"
      }
    },
    {
      "type": "Feature",
      "geometry": {
        "type": "Point",
        "coordinates": [
          19.58085975679569,
          4.696156737743877,
          5.04252968892
        ]
      },
      "properties": {
        "id": "0_196",
        "camera": "R0 - Red (Point)",
        "frame": "0384",
        "image": "pano_camera0/frame_0384_hp_preview.jpg",
        "frameId": "0384",
        "height": 0.816101,
        "coords2D": "2D: (397942.493, 808230.855)",
        "coords3D_original": "3D_Original: (-793548.981, 426441.300, 0.000)",
        "coords3D": "3D: (19.581, 4.696, 5.043)",
        "coordsMtEden": "MtEden: (397942.493, 808230.855, 0.816)",
        "easting": 397942.4933597568,
        "northing": 808230.8551567377,
        "longitude": 174.74110792108488,
        "latitude": -36.80554381276288,
        "group": "R0 - Red (229 points)",
        "canvasX": 764.7288653091346,
        "canvasY": 359.7458762268418,
        "variant": "northing_easting_direct"
      }
    },
    {
      "type": "Feature",
      "geometry": {
        "type": "Point",
        "coordinates": [
          19.026238910737447,
          4.721671054256149,
          5.07459989992
        ]
      },
      "properties": {
        "id": "0_197",
        "camera": "R0 - Red (Point)",
        "frame": "0385",
        "image": "pano_camera0/frame_0385_hp_preview.jpg",
        "frameId": "0385",
        "height": 1.013687,
        "coords2D": "2D: (397941.939, 808230.881)",
        "coords3D_original": "3D_Original: (-793548.981, 426441.300, 0.000)",
        "coords3D": "3D: (19.026, 4.722, 5.075)",
        "coordsMtEden": "MtEden: (397941.939, 808230.881, 1.014)",
        "easting": 397941.9387389107,
        "northing": 808230.8806710542,
        "longitude": 174.74110170544606,
        "latitude": -36.80554358162207,
        "group": "R0 - Red (229 points)",
        "canvasX": 755.6430086370445,
        "canvasY": 359.3278980261213,
        "variant": "northing_easting_direct"
      }
    },
    {
      "type": "Feature",
      "geometry": {
        "type": "Point",
        "coordinates": [
          17.847319510241505,
          4.8480299804359674,
          5.0962600056
        ]
      },
      "properties": {
        "id": "0_198",
        "camera": "R0 - Red (Point)",
        "frame": "0386",
        "image": "pano_camera0/frame_0386_hp_preview.jpg",
        "frameId": "0386",
        "height": 1.45569,
        "coords2D": "2D: (397940.760, 808231.007)",
        "coords3D_original": "3D_Original: (-793548.981, 426441.300, 0.000)",
        "coords3D": "3D: (17.847, 4.848, 5.096)",
        "coordsMtEden": "MtEden: (397940.760, 808231.007, 1.456)",
        "easting": 397940.7598195102,
        "northing": 808231.0070299804,
        "longitude": 174.74108849348514,
        "latitude": -36.80554244030981,
        "group": "R0 - Red (229 points)",
        "canvasX": 736.3298277912247,
        "canvasY": 357.2578728892003,
        "variant": "northing_easting_direct"
      }
    },
    {
      "type": "Feature",
      "geometry": {
        "type": "Point",
        "coordinates": [
          17.309630108939018,
          4.961463853018358,
          5.08984924424
        ]
      },
      "properties": {
        "id": "0_199",
        "camera": "R0 - Red (Point)",
        "frame": "0387",
        "image": "pano_camera0/frame_0387_hp_preview.jpg",
        "frameId": "0387",
        "height": 1.674462,
        "coords2D": "2D: (397940.222, 808231.120)",
        "coords3D_original": "3D_Original: (-793548.981, 426441.300, 0.000)",
        "coords3D": "3D: (17.310, 4.961, 5.090)",
        "coordsMtEden": "MtEden: (397940.222, 808231.120, 1.674)",
        "easting": 397940.2221301089,
        "northing": 808231.120463853,
        "longitude": 174.7410824678372,
        "latitude": -36.80554141687202,
        "group": "R0 - Red (229 points)",
        "canvasX": 727.5213438170089,
        "canvasY": 355.39958733261284,
        "variant": "northing_easting_direct"
      }
    },
    {
      "type": "Feature",
      "geometry": {
        "type": "Point",
        "coordinates": [
          15.606386787374504,
          5.158901516813785,
          5.08054806284
        ]
      },
      "properties": {
        "id": "0_200",
        "camera": "R0 - Red (Point)",
        "frame": "0388",
        "image": "pano_camera0/frame_0388_hp_preview.jpg",
        "frameId": "0388",
        "height": 2.317589,
        "coords2D": "2D: (397938.519, 808231.318)",
        "coords3D_original": "3D_Original: (-793548.981, 426441.300, 0.000)",
        "coords3D": "3D: (15.606, 5.159, 5.081)",
        "coordsMtEden": "MtEden: (397938.519, 808231.318, 2.318)",
        "easting": 397938.51888678735,
        "northing": 808231.3179015168,
        "longitude": 174.74106337990344,
        "latitude": -36.80553963385325,
        "group": "R0 - Red (229 points)",
        "canvasX": 699.6186336913743,
        "canvasY": 352.1651428881147,
        "variant": "northing_easting_direct"
      }
    },
    {
      "type": "Feature",
      "geometry": {
        "type": "Point",
        "coordinates": [
          14.508045556547586,
          5.198126294068061,
          5.0429496364399995
        ]
      },
      "properties": {
        "id": "0_201",
        "camera": "R0 - Red (Point)",
        "frame": "0389",
        "image": "pano_camera0/frame_0389_hp_preview.jpg",
        "frameId": "0389",
        "height": 2.70566,
        "coords2D": "2D: (397937.421, 808231.357)",
        "coords3D_original": "3D_Original: (-793548.981, 426441.300, 0.000)",
        "coords3D": "3D: (14.508, 5.198, 5.043)",
        "coordsMtEden": "MtEden: (397937.421, 808231.357, 2.706)",
        "easting": 397937.4205455565,
        "northing": 808231.357126294,
        "longitude": 174.74105107075766,
        "latitude": -36.80553927796697,
        "group": "R0 - Red (229 points)",
        "canvasX": 681.6254928438195,
        "canvasY": 351.52255848601163,
        "variant": "northing_easting_direct"
      }
    },
    {
      "type": "Feature",
      "geometry": {
        "type": "Point",
        "coordinates": [
          14.063545932236593,
          5.169605456292629,
          5.00294307348
        ]
      },
      "properties": {
        "id": "0_202",
        "camera": "R0 - Red (Point)",
        "frame": "0390",
        "image": "pano_camera0/frame_0390_hp_preview.jpg",
        "frameId": "0390",
        "height": 2.848928,
        "coords2D": "2D: (397936.976, 808231.329)",
        "coords3D_original": "3D_Original: (-793548.981, 426441.300, 0.000)",
        "coords3D": "3D: (14.064, 5.170, 5.003)",
        "coordsMtEden": "MtEden: (397936.976, 808231.329, 2.849)",
        "easting": 397936.9760459322,
        "northing": 808231.3286054563,
        "longitude": 174.7410460891157,
        "latitude": -36.80553953402901,
        "group": "R0 - Red (229 points)",
        "canvasX": 674.3436535371138,
        "canvasY": 351.98978983265306,
        "variant": "northing_easting_direct"
      }
    },
    {
      "type": "Feature",
      "geometry": {
        "type": "Point",
        "coordinates": [
          13.151443923590705,
          4.772918289643712,
          5.0024443858
        ]
      },
      "properties": {
        "id": "0_203",
        "camera": "R0 - Red (Point)",
        "frame": "0391",
        "image": "pano_camera0/frame_0391_hp_preview.jpg",
        "frameId": "0391",
        "height": 3.039872,
        "coords2D": "2D: (397936.064, 808230.932)",
        "coords3D_original": "3D_Original: (-793548.981, 426441.300, 0.000)",
        "coords3D": "3D: (13.151, 4.773, 5.002)",
        "coordsMtEden": "MtEden: (397936.064, 808230.932, 3.040)",
        "easting": 397936.06394392357,
        "northing": 808230.9319182896,
        "longitude": 174.74103586599549,
        "latitude": -36.805543106994065,
        "group": "R0 - Red (229 points)",
        "canvasX": 659.4015030940577,
        "canvasY": 358.48836046021364,
        "variant": "northing_easting_direct"
      }
    },
    {
      "type": "Feature",
      "geometry": {
        "type": "Point",
        "coordinates": [
          13.1011618465418,
          4.570936489384621,
          4.987096616280001
        ]
      },
      "properties": {
        "id": "0_204",
        "camera": "R0 - Red (Point)",
        "frame": "0392",
        "image": "pano_camera0/frame_0392_hp_preview.jpg",
        "frameId": "0392",
        "height": 2.995375,
        "coords2D": "2D: (397936.014, 808230.730)",
        "coords3D_original": "3D_Original: (-793548.981, 426441.300, 0.000)",
        "coords3D": "3D: (13.101, 4.571, 4.987)",
        "coordsMtEden": "MtEden: (397936.014, 808230.730, 2.995)",
        "easting": 397936.0136618465,
        "northing": 808230.7299364894,
        "longitude": 174.74103530193022,
        "latitude": -36.80554492714851,
        "group": "R0 - Red (229 points)",
        "canvasX": 658.5777768519664,
        "canvasY": 361.79724742463475,
        "variant": "northing_easting_direct"
      }
    },
    {
      "type": "Feature",
      "geometry": {
        "type": "Point",
        "coordinates": [
          13.467417178035248,
          4.362274041050114,
          4.98626000208
        ]
      },
      "properties": {
        "id": "0_205",
        "camera": "R0 - Red (Point)",
        "frame": "0393",
        "image": "pano_camera0/frame_0393_hp_preview.jpg",
        "frameId": "0393",
        "height": 2.806339,
        "coords2D": "2D: (397936.380, 808230.521)",
        "coords3D_original": "3D_Original: (-793548.981, 426441.300, 0.000)",
        "coords3D": "3D: (13.467, 4.362, 4.986)",
        "coordsMtEden": "MtEden: (397936.380, 808230.521, 2.806)",
        "easting": 397936.379917178,
        "northing": 808230.521274041,
        "longitude": 174.7410394060358,
        "latitude": -36.805546808416935,
        "group": "R0 - Red (229 points)",
        "canvasX": 664.5778099746959,
        "canvasY": 365.2155774626966,
        "variant": "northing_easting_direct"
      }
    },
    {
      "type": "Feature",
      "geometry": {
        "type": "Point",
        "coordinates": [
          13.948893334832974,
          4.434546245727688,
          4.964485067
        ]
      },
      "properties": {
        "id": "0_206",
        "camera": "R0 - Red (Point)",
        "frame": "0394",
        "image": "pano_camera0/frame_0394_hp_preview.jpg",
        "frameId": "0394",
        "height": 2.663568,
        "coords2D": "2D: (397936.861, 808230.594)",
        "coords3D_original": "3D_Original: (-793548.981, 426441.300, 0.000)",
        "coords3D": "3D: (13.949, 4.435, 4.964)",
        "coordsMtEden": "MtEden: (397936.861, 808230.594, 2.664)",
        "easting": 397936.8613933348,
        "northing": 808230.5935462457,
        "longitude": 174.7410448021976,
        "latitude": -36.805546158147564,
        "group": "R0 - Red (229 points)",
        "canvasX": 672.4654027021908,
        "canvasY": 364.0316066519973,
        "variant": "northing_easting_direct"
      }
    },
    {
      "type": "Feature",
      "geometry": {
        "type": "Point",
        "coordinates": [
          14.750552109908313,
          4.581991916173138,
          4.95600737644
        ]
      },
      "properties": {
        "id": "0_207",
        "camera": "R0 - Red (Point)",
        "frame": "0395",
        "image": "pano_camera0/frame_0395_hp_preview.jpg",
        "frameId": "0395",
        "height": 2.434326,
        "coords2D": "2D: (397937.663, 808230.741)",
        "coords3D_original": "3D_Original: (-793548.981, 426441.300, 0.000)",
        "coords3D": "3D: (14.751, 4.582, 4.956)",
        "coordsMtEden": "MtEden: (397937.663, 808230.741, 2.434)",
        "easting": 397937.6630521099,
        "northing": 808230.7409919162,
        "longitude": 174.74105378689111,
        "latitude": -36.80554483111055,
        "group": "R0 - Red (229 points)",
        "canvasX": 685.5982605488153,
        "canvasY": 361.616136265875,
        "variant": "northing_easting_direct"
      }
    },
    {
      "type": "Feature",
      "geometry": {
        "type": "Point",
        "coordinates": [
          15.585143862525001,
          4.451797840651125,
          4.96483611688
        ]
      },
      "properties": {
        "id": "0_208",
        "camera": "R0 - Red (Point)",
        "frame": "0396",
        "image": "pano_camera0/frame_0396_hp_preview.jpg",
        "frameId": "0396",
        "height": 2.108929,
        "coords2D": "2D: (397938.498, 808230.611)",
        "coords3D_original": "3D_Original: (-793548.981, 426441.300, 0.000)",
        "coords3D": "3D: (15.585, 4.452, 4.965)",
        "coordsMtEden": "MtEden: (397938.498, 808230.611, 2.109)",
        "easting": 397938.4976438625,
        "northing": 808230.6107978406,
        "longitude": 174.74106313991683,
        "latitude": -36.805546006239524,
        "group": "R0 - Red (229 points)",
        "canvasX": 699.270629875804,
        "canvasY": 363.7489892209984,
        "variant": "northing_easting_direct"
      }
    },
    {
      "type": "Feature",
      "geometry": {
        "type": "Point",
        "coordinates": [
          15.987648590351455,
          3.5144500648602843,
          5.0137993730399995
        ]
      },
      "properties": {
        "id": "0_209",
        "camera": "R0 - Red (Point)",
        "frame": "0397",
        "image": "pano_camera0/frame_0397_hp_preview.jpg",
        "frameId": "0397",
        "height": 1.68493,
        "coords2D": "2D: (397938.900, 808229.673)",
        "coords3D_original": "3D_Original: (-793548.981, 426441.300, 0.000)",
        "coords3D": "3D: (15.988, 3.514, 5.014)",
        "coordsMtEden": "MtEden: (397938.900, 808229.673, 1.685)",
        "easting": 397938.9001485903,
        "northing": 808229.6734500648,
        "longitude": 174.7410676483024,
        "latitude": -36.805554454512695,
        "group": "R0 - Red (229 points)",
        "canvasX": 705.8645043991697,
        "canvasY": 379.104718460428,
        "variant": "northing_easting_direct"
      }
    },
    {
      "type": "Feature",
      "geometry": {
        "type": "Point",
        "coordinates": [
          15.955700038874056,
          3.1439765959512442,
          4.9975231258
        ]
      },
      "properties": {
        "id": "0_210",
        "camera": "R0 - Red (Point)",
        "frame": "0398",
        "image": "pano_camera0/frame_0398_hp_preview.jpg",
        "frameId": "0398",
        "height": 1.582608,
        "coords2D": "2D: (397938.868, 808229.303)",
        "coords3D_original": "3D_Original: (-793548.981, 426441.300, 0.000)",
        "coords3D": "3D: (15.956, 3.144, 4.998)",
        "coordsMtEden": "MtEden: (397938.868, 808229.303, 1.583)",
        "easting": 397938.86820003885,
        "northing": 808229.3029765959,
        "longitude": 174.74106728924795,
        "latitude": -36.80555779315749,
        "group": "R0 - Red (229 points)",
        "canvasX": 705.341119889323,
        "canvasY": 385.17385355063305,
        "variant": "northing_easting_direct"
      }
    },
    {
      "type": "Feature",
      "geometry": {
        "type": "Point",
        "coordinates": [
          15.292612949386239,
          2.3383247926831245,
          4.99113533032
        ]
      },
      "properties": {
        "id": "0_211",
        "camera": "R0 - Red (Point)",
        "frame": "0399",
        "image": "pano_camera0/frame_0399_hp_preview.jpg",
        "frameId": "0399",
        "height": 1.563364,
        "coords2D": "2D: (397938.205, 808228.497)",
        "coords3D_original": "3D_Original: (-793548.981, 426441.300, 0.000)",
        "coords3D": "3D: (15.293, 2.338, 4.991)",
        "coordsMtEden": "MtEden: (397938.205, 808228.497, 1.563)",
        "easting": 397938.20511294936,
        "northing": 808228.4973247927,
        "longitude": 174.74105985576205,
        "latitude": -36.80556505226411,
        "group": "R0 - Red (229 points)",
        "canvasX": 694.478357880438,
        "canvasY": 398.3721256039498,
        "variant": "northing_easting_direct"
      }
    },
    {
      "type": "Feature",
      "geometry": {
        "type": "Point",
        "coordinates": [
          14.17029793059919,
          2.239905091118999,
          4.92809070888
        ]
      },
      "properties": {
        "id": "0_212",
        "camera": "R0 - Red (Point)",
        "frame": "0400",
        "image": "pano_camera0/frame_0400_hp_preview.jpg",
        "frameId": "0400",
        "height": 1.917561,
        "coords2D": "2D: (397937.083, 808228.399)",
        "coords3D_original": "3D_Original: (-793548.981, 426441.300, 0.000)",
        "coords3D": "3D: (14.170, 2.240, 4.928)",
        "coordsMtEden": "MtEden: (397937.083, 808228.399, 1.918)",
        "easting": 397937.0827979306,
        "northing": 808228.3989050911,
        "longitude": 174.74104727756188,
        "latitude": -36.805565936780035,
        "group": "R0 - Red (229 points)",
        "canvasX": 676.0924759325202,
        "canvasY": 399.98444744153204,
        "variant": "northing_easting_direct"
      }
    },
    {
      "type": "Feature",
      "geometry": {
        "type": "Point",
        "coordinates": [
          13.283188167319167,
          2.2268152579199523,
          4.91068913352
        ]
      },
      "properties": {
        "id": "0_213",
        "camera": "R0 - Red (Point)",
        "frame": "0401",
        "image": "pano_camera0/frame_0401_hp_preview.jpg",
        "frameId": "0401",
        "height": 2.217121,
        "coords2D": "2D: (397936.196, 808228.386)",
        "coords3D_original": "3D_Original: (-793548.981, 426441.300, 0.000)",
        "coords3D": "3D: (13.283, 2.227, 4.911)",
        "coordsMtEden": "MtEden: (397936.196, 808228.386, 2.217)",
        "easting": 397936.1956881673,
        "northing": 808228.3858152579,
        "longitude": 174.74103733556933,
        "latitude": -36.8055660528128,
        "group": "R0 - Red (229 points)",
        "canvasX": 661.559751064542,
        "canvasY": 400.198886458111,
        "variant": "northing_easting_direct"
      }
    },
    {
      "type": "Feature",
      "geometry": {
        "type": "Point",
        "coordinates": [
          13.22362509695813,
          2.220511124585755,
          4.9069555376
        ]
      },
      "properties": {
        "id": "0_214",
        "camera": "R0 - Red (Point)",
        "frame": "0402",
        "image": "pano_camera0/frame_0402_hp_preview.jpg",
        "frameId": "0402",
        "height": 2.235462,
        "coords2D": "2D: (397936.136, 808228.380)",
        "coords3D_original": "3D_Original: (-793548.981, 426441.300, 0.000)",
        "coords3D": "3D: (13.224, 2.221, 4.907)",
        "coordsMtEden": "MtEden: (397936.136, 808228.380, 2.235)",
        "easting": 397936.13612509693,
        "northing": 808228.3795111246,
        "longitude": 174.74103666802097,
        "latitude": -36.80556610949594,
        "group": "R0 - Red (229 points)",
        "canvasX": 660.5839826204277,
        "canvasY": 400.30216142887747,
        "variant": "northing_easting_direct"
      }
    },
    {
      "type": "Feature",
      "geometry": {
        "type": "Point",
        "coordinates": [
          12.384656287613325,
          2.221845952793956,
          4.8835172166400005
        ]
      },
      "properties": {
        "id": "0_215",
        "camera": "R0 - Red (Point)",
        "frame": "0403",
        "image": "pano_camera0/frame_0403_hp_preview.jpg",
        "frameId": "0403",
        "height": 2.52318,
        "coords2D": "2D: (397935.297, 808228.381)",
        "coords3D_original": "3D_Original: (-793548.981, 426441.300, 0.000)",
        "coords3D": "3D: (12.385, 2.222, 4.884)",
        "coordsMtEden": "MtEden: (397935.297, 808228.381, 2.523)",
        "easting": 397935.2971562876,
        "northing": 808228.3808459528,
        "longitude": 174.7410272655896,
        "latitude": -36.805566095637474,
        "group": "R0 - Red (229 points)",
        "canvasX": 646.8399078923467,
        "canvasY": 400.28029413341267,
        "variant": "northing_easting_direct"
      }
    },
    {
      "type": "Feature",
      "geometry": {
        "type": "Point",
        "coordinates": [
          11.63968020939501,
          1.365508820861578,
          4.85691616592
        ]
      },
      "properties": {
        "id": "0_216",
        "camera": "R0 - Red (Point)",
        "frame": "0404",
        "image": "pano_camera0/frame_0404_hp_preview.jpg",
        "frameId": "0404",
        "height": 2.516365,
        "coords2D": "2D: (397934.552, 808227.525)",
        "coords3D_original": "3D_Original: (-793548.981, 426441.300, 0.000)",
        "coords3D": "3D: (11.640, 1.366, 4.857)",
        "coordsMtEden": "MtEden: (397934.552, 808227.525, 2.516)",
        "easting": 397934.5521802094,
        "northing": 808227.5245088208,
        "longitude": 174.7410189142207,
        "latitude": -36.80557381134015,
        "group": "R0 - Red (229 points)",
        "canvasX": 634.6356319107929,
        "canvasY": 414.30889853669805,
        "variant": "northing_easting_direct"
      }
    },
    {
      "type": "Feature",
      "geometry": {
        "type": "Point",
        "coordinates": [
          11.646649045986123,
          1.2749269029591233,
          4.87523637648
        ]
      },
      "properties": {
        "id": "0_217",
        "camera": "R0 - Red (Point)",
        "frame": "0405",
        "image": "pano_camera0/frame_0405_hp_preview.jpg",
        "frameId": "0405",
        "height": 2.486484,
        "coords2D": "2D: (397934.559, 808227.434)",
        "coords3D_original": "3D_Original: (-793548.981, 426441.300, 0.000)",
        "coords3D": "3D: (11.647, 1.275, 4.875)",
        "coordsMtEden": "MtEden: (397934.559, 808227.434, 2.486)",
        "easting": 397934.55914904596,
        "northing": 808227.433926903,
        "longitude": 174.74101899207568,
        "latitude": -36.80557462768142,
        "group": "R0 - Red (229 points)",
        "canvasX": 634.7497961203087,
        "canvasY": 415.7928209843001,
        "variant": "northing_easting_direct"
      }
    },
    {
      "type": "Feature",
      "geometry": {
        "type": "Point",
        "coordinates": [
          12.167701040161774,
          0.3603849362116307,
          4.8944555372
        ]
      },
      "properties": {
        "id": "0_218",
        "camera": "R0 - Red (Point)",
        "frame": "0406",
        "image": "pano_camera0/frame_0406_hp_preview.jpg",
        "frameId": "0406",
        "height": 2.028746,
        "coords2D": "2D: (397935.080, 808226.519)",
        "coords3D_original": "3D_Original: (-793548.981, 426441.300, 0.000)",
        "coords3D": "3D: (12.168, 0.360, 4.894)",
        "coordsMtEden": "MtEden: (397935.080, 808226.519, 2.029)",
        "easting": 397935.08020104014,
        "northing": 808226.5193849362,
        "longitude": 174.7410248290952,
        "latitude": -36.80558287068833,
        "group": "R0 - Red (229 points)",
        "canvasX": 643.285724351848,
        "canvasY": 430.7749430756381,
        "variant": "northing_easting_direct"
      }
    },
    {
      "type": "Feature",
      "geometry": {
        "type": "Point",
        "coordinates": [
          13.136464025534224,
          0.2674023275030777,
          4.85742469612
        ]
      },
      "properties": {
        "id": "0_219",
        "camera": "R0 - Red (Point)",
        "frame": "0407",
        "image": "pano_camera0/frame_0407_hp_preview.jpg",
        "frameId": "0407",
        "height": 1.668772,
        "coords2D": "2D: (397936.049, 808226.426)",
        "coords3D_original": "3D_Original: (-793548.981, 426441.300, 0.000)",
        "coords3D": "3D: (13.136, 0.267, 4.857)",
        "coordsMtEden": "MtEden: (397936.049, 808226.426, 1.669)",
        "easting": 397936.0489640255,
        "northing": 808226.4264023275,
        "longitude": 174.74103568590115,
        "latitude": -36.80558371076156,
        "group": "R0 - Red (229 points)",
        "canvasX": 659.1561008381932,
        "canvasY": 432.2981938917719,
        "variant": "northing_easting_direct"
      }
    },
    {
      "type": "Feature",
      "geometry": {
        "type": "Point",
        "coordinates": [
          13.645704847062007,
          0.23675436479970813,
          4.87410448668
        ]
      },
      "properties": {
        "id": "0_220",
        "camera": "R0 - Red (Point)",
        "frame": "0408",
        "image": "pano_camera0/frame_0408_hp_preview.jpg",
        "frameId": "0408",
        "height": 1.485162,
        "coords2D": "2D: (397936.558, 808226.396)",
        "coords3D_original": "3D_Original: (-793548.981, 426441.300, 0.000)",
        "coords3D": "3D: (13.646, 0.237, 4.874)",
        "coordsMtEden": "MtEden: (397936.558, 808226.396, 1.485)",
        "easting": 397936.55820484704,
        "northing": 808226.3957543648,
        "longitude": 174.74104139294903,
        "latitude": -36.80558398807146,
        "group": "R0 - Red (229 points)",
        "canvasX": 667.4985372045882,
        "canvasY": 432.80027201937685,
        "variant": "northing_easting_direct"
      }
    },
    {
      "type": "Feature",
      "geometry": {
        "type": "Point",
        "coordinates": [
          14.022180481581017,
          0.2277995676267892,
          4.85592863308
        ]
      },
      "properties": {
        "id": "0_221",
        "camera": "R0 - Red (Point)",
        "frame": "0409",
        "image": "pano_camera0/frame_0409_hp_preview.jpg",
        "frameId": "0409",
        "height": 1.35365,
        "coords2D": "2D: (397936.935, 808226.387)",
        "coords3D_original": "3D_Original: (-793548.981, 426441.300, 0.000)",
        "coords3D": "3D: (14.022, 0.228, 4.856)",
        "coordsMtEden": "MtEden: (397936.935, 808226.387, 1.354)",
        "easting": 397936.93468048156,
        "northing": 808226.3867995676,
        "longitude": 174.74104561213824,
        "latitude": -36.8055840695926,
        "group": "R0 - Red (229 points)",
        "canvasX": 673.6660004007853,
        "canvasY": 432.94697044323294,
        "variant": "northing_easting_direct"
      }
    },
    {
      "type": "Feature",
      "geometry": {
        "type": "Point",
        "coordinates": [
          14.74379089125432,
          -0.09405138064175844,
          4.90616485516
        ]
      },
      "properties": {
        "id": "0_222",
        "camera": "R0 - Red (Point)",
        "frame": "0410",
        "image": "pano_camera0/frame_0410_hp_preview.jpg",
        "frameId": "0410",
        "height": 1.008386,
        "coords2D": "2D: (397937.656, 808226.065)",
        "coords3D_original": "3D_Original: (-793548.981, 426441.300, 0.000)",
        "coords3D": "3D: (14.744, -0.094, 4.906)",
        "coordsMtEden": "MtEden: (397937.656, 808226.065, 1.008)",
        "easting": 397937.65629089123,
        "northing": 808226.0649486193,
        "longitude": 174.74105369845225,
        "latitude": -36.805586971691724,
        "group": "R0 - Red (229 points)",
        "canvasX": 685.4874975586445,
        "canvasY": 438.21956631849474,
        "variant": "northing_easting_direct"
      }
    },
    {
      "type": "Feature",
      "geometry": {
        "type": "Point",
        "coordinates": [
          15.149144677678123,
          -1.396974329603836,
          4.85586301628
        ]
      },
      "properties": {
        "id": "0_223",
        "camera": "R0 - Red (Point)",
        "frame": "0411",
        "image": "pano_camera0/frame_0411_hp_preview.jpg",
        "frameId": "0411",
        "height": 0.471458,
        "coords2D": "2D: (397938.062, 808224.762)",
        "coords3D_original": "3D_Original: (-793548.981, 426441.300, 0.000)",
        "coords3D": "3D: (15.149, -1.397, 4.856)",
        "coordsMtEden": "MtEden: (397938.062, 808224.762, 0.471)",
        "easting": 397938.06164467765,
        "northing": 808224.7620256704,
        "longitude": 174.741058237779,
        "latitude": -36.80559871454216,
        "group": "R0 - Red (229 points)",
        "canvasX": 692.128045657492,
        "canvasY": 459.56418625749615,
        "variant": "northing_easting_direct"
      }
    },
    {
      "type": "Feature",
      "geometry": {
        "type": "Point",
        "coordinates": [
          15.15335237677209,
          -1.5805173554690555,
          4.8261484484
        ]
      },
      "properties": {
        "id": "0_224",
        "camera": "R0 - Red (Point)",
        "frame": "0412",
        "image": "pano_camera0/frame_0412_hp_preview.jpg",
        "frameId": "0412",
        "height": 0.413942,
        "coords2D": "2D: (397938.066, 808224.578)",
        "coords3D_original": "3D_Original: (-793548.981, 426441.300, 0.000)",
        "coords3D": "3D: (15.153, -1.581, 4.826)",
        "coordsMtEden": "MtEden: (397938.066, 808224.578, 0.414)",
        "easting": 397938.06585237675,
        "northing": 808224.5784826445,
        "longitude": 174.74105828443822,
        "latitude": -36.805600368644726,
        "group": "R0 - Red (229 points)",
        "canvasX": 692.1969766237803,
        "canvasY": 462.5710072917815,
        "variant": "northing_easting_direct"
      }
    },
    {
      "type": "Feature",
      "geometry": {
        "type": "Point",
        "coordinates": [
          15.25878726853989,
          -2.060476368642412,
          4.82904543012
        ]
      },
      "properties": {
        "id": "0_225",
        "camera": "R0 - Red (Point)",
        "frame": "0413",
        "image": "pano_camera0/frame_0413_hp_preview.jpg",
        "frameId": "0413",
        "height": 0.231377,
        "coords2D": "2D: (397938.171, 808224.099)",
        "coords3D_original": "3D_Original: (-793548.981, 426441.300, 0.000)",
        "coords3D": "3D: (15.259, -2.060, 4.829)",
        "coordsMtEden": "MtEden: (397938.171, 808224.099, 0.231)",
        "easting": 397938.1712872685,
        "northing": 808224.0985236313,
        "longitude": 174.74105946476197,
        "latitude": -36.805604694274535,
        "group": "R0 - Red (229 points)",
        "canvasX": 693.9242220407975,
        "canvasY": 470.4337460129039,
        "variant": "northing_easting_direct"
      }
    },
    {
      "type": "Feature",
      "geometry": {
        "type": "Point",
        "coordinates": [
          15.297828076814767,
          -2.033780282945372,
          4.83737876372
        ]
      },
      "properties": {
        "id": "0_226",
        "camera": "R0 - Red (Point)",
        "frame": "0414",
        "image": "pano_camera0/frame_0414_hp_preview.jpg",
        "frameId": "0414",
        "height": 0.226061,
        "coords2D": "2D: (397938.210, 808224.125)",
        "coords3D_original": "3D_Original: (-793548.981, 426441.300, 0.000)",
        "coords3D": "3D: (15.298, -2.034, 4.837)",
        "coordsMtEden": "MtEden: (397938.210, 808224.125, 0.226)",
        "easting": 397938.2103280768,
        "northing": 808224.125219717,
        "longitude": 174.74105990237,
        "latitude": -36.805604453773896,
        "group": "R0 - Red (229 points)",
        "canvasX": 694.5637926430957,
        "canvasY": 469.9964079477067,
        "variant": "northing_easting_direct"
      }
    },
    {
      "type": "Feature",
      "geometry": {
        "type": "Point",
        "coordinates": [
          15.297579987847712,
          -2.0294099076418206,
          4.8385533044399995
        ]
      },
      "properties": {
        "id": "0_227",
        "camera": "R0 - Red (Point)",
        "frame": "0415",
        "image": "pano_camera0/frame_0415_hp_preview.jpg",
        "frameId": "0415",
        "height": 0.227522,
        "coords2D": "2D: (397938.210, 808224.130)",
        "coords3D_original": "3D_Original: (-793548.981, 426441.300, 0.000)",
        "coords3D": "3D: (15.298, -2.029, 4.839)",
        "coordsMtEden": "MtEden: (397938.210, 808224.130, 0.228)",
        "easting": 397938.2100799878,
        "northing": 808224.1295900923,
        "longitude": 174.74105989960148,
        "latitude": -36.80560441438744,
        "group": "R0 - Red (229 points)",
        "canvasX": 694.5597284230722,
        "canvasY": 469.9248120020386,
        "variant": "northing_easting_direct"
      }
    },
    {
      "type": "Feature",
      "geometry": {
        "type": "Point",
        "coordinates": [
          15.29507988592377,
          -2.036859259242192,
          4.82340566616
        ]
      },
      "properties": {
        "id": "0_228",
        "camera": "R0 - Red (End)",
        "frame": "0416",
        "image": "pano_camera0/frame_0416_hp_preview.jpg",
        "frameId": "0416",
        "height": 0.226103,
        "coords2D": "2D: (397938.208, 808224.122)",
        "coords3D_original": "3D_Original: (-793548.981, 426441.300, 0.000)",
        "coords3D": "3D: (15.295, -2.037, 4.823)",
        "coordsMtEden": "MtEden: (397938.208, 808224.122, 0.226)",
        "easting": 397938.2075798859,
        "northing": 808224.1221407407,
        "longitude": 174.74105987156233,
        "latitude": -36.805604481515694,
        "group": "R0 - Red (229 points)",
        "canvasX": 694.518771492666,
        "canvasY": 470.0468480581677,
        "variant": "northing_easting_direct"
      }
    },
    {
      "type": "Feature",
      "geometry": {
        "type": "Point",
        "coordinates": [
          -26.58163811697159,
          18.46153565356508,
          0
        ]
      },
      "properties": {
        "id": "1_0",
        "camera": "R1 - Green (Start)",
        "frame": "0000",
        "image": "pano_camera0/frame_0000_hp_preview.jpg",
        "frameId": "0000",
        "height": 2.744597,
        "coords2D": "2D: (397896.331, 808244.621)",
        "coords3D_original": "3D_Original: (-793548.981, 426441.300, 0.000)",
        "coords3D": "3D: (-26.582, 18.462, 0.000)",
        "coordsMtEden": "MtEden: (397896.331, 808244.621, 2.745)",
        "easting": 397896.330861883,
        "northing": 808244.6205356536,
        "longitude": 174.7405906100131,
        "latitude": -36.80541965746023,
        "group": "R1 - Green (90 points)",
        "canvasX": 8.489999999999998,
        "canvasY": 134.24,
        "variant": "northing_easting_direct"
      }
    },
    {
      "type": "Feature",
      "geometry": {
        "type": "Point",
        "coordinates": [
          -23.246901733393315,
          17.318214905564673,
          -0.04374672056
        ]
      },
      "properties": {
        "id": "1_1",
        "camera": "R1 - Green (Point)",
        "frame": "0002",
        "image": "pano_camera0/frame_0002_hp_preview.jpg",
        "frameId": "0002",
        "height": 3.187987,
        "coords2D": "2D: (397899.666, 808243.477)",
        "coords3D_original": "3D_Original: (-793548.981, 426441.300, 0.000)",
        "coords3D": "3D: (-23.247, 17.318, -0.044)",
        "coordsMtEden": "MtEden: (397899.666, 808243.477, 3.188)",
        "easting": 397899.6655982666,
        "northing": 808243.4772149055,
        "longitude": 174.74062797962227,
        "latitude": -36.80542996849257,
        "group": "R1 - Green (90 points)",
        "canvasX": 63.12,
        "canvasY": 152.97,
        "variant": "northing_easting_direct"
      }
    },
    {
      "type": "Feature",
      "geometry": {
        "type": "Point",
        "coordinates": [
          -21.536498777684756,
          16.76089945284184,
          0.12797244504
        ]
      },
      "properties": {
        "id": "1_2",
        "camera": "R1 - Green (Point)",
        "frame": "0003",
        "image": "pano_camera0/frame_0003_hp_preview.jpg",
        "frameId": "0003",
        "height": 3.403878,
        "coords2D": "2D: (397901.376, 808242.920)",
        "coords3D_original": "3D_Original: (-793548.981, 426441.300, 0.000)",
        "coords3D": "3D: (-21.536, 16.761, 0.128)",
        "coordsMtEden": "MtEden: (397901.376, 808242.920, 3.404)",
        "easting": 397901.3760012223,
        "northing": 808242.9198994528,
        "longitude": 174.74064714676567,
        "latitude": -36.80543499482298,
        "group": "R1 - Green (90 points)",
        "canvasX": 91.13999999999999,
        "canvasY": 162.1,
        "variant": "northing_easting_direct"
      }
    },
    {
      "type": "Feature",
      "geometry": {
        "type": "Point",
        "coordinates": [
          -20.606825793569442,
          16.43310274067335,
          0.22006890467999998
        ]
      },
      "properties": {
        "id": "1_3",
        "camera": "R1 - Green (Point)",
        "frame": "0004",
        "image": "pano_camera0/frame_0004_hp_preview.jpg",
        "frameId": "0004",
        "height": 3.530954,
        "coords2D": "2D: (397902.306, 808242.592)",
        "coords3D_original": "3D_Original: (-793548.981, 426441.300, 0.000)",
        "coords3D": "3D: (-20.607, 16.433, 0.220)",
        "coordsMtEden": "MtEden: (397902.306, 808242.592, 3.531)",
        "easting": 397902.3056742064,
        "northing": 808242.5921027407,
        "longitude": 174.7406575648136,
        "latitude": -36.80543795099356,
        "group": "R1 - Green (90 points)",
        "canvasX": 106.37,
        "canvasY": 167.47,
        "variant": "northing_easting_direct"
      }
    },
    {
      "type": "Feature",
      "geometry": {
        "type": "Point",
        "coordinates": [
          -20.46215573628433,
          16.000923835439608,
          1.03417982312
        ]
      },
      "properties": {
        "id": "1_4",
        "camera": "R1 - Green (Point)",
        "frame": "0005",
        "image": "pano_camera0/frame_0005_hp_preview.jpg",
        "frameId": "0005",
        "height": 3.698661,
        "coords2D": "2D: (397902.450, 808242.160)",
        "coords3D_original": "3D_Original: (-793548.981, 426441.300, 0.000)",
        "coords3D": "3D: (-20.462, 16.001, 1.034)",
        "coordsMtEden": "MtEden: (397902.450, 808242.160, 3.699)",
        "easting": 397902.4503442637,
        "northing": 808242.1599238354,
        "longitude": 174.74065918495694,
        "latitude": -36.80544184611905,
        "group": "R1 - Green (90 points)",
        "canvasX": 108.74000000000001,
        "canvasY": 174.55,
        "variant": "northing_easting_direct"
      }
    },
    {
      "type": "Feature",
      "geometry": {
        "type": "Point",
        "coordinates": [
          -20.937064194353297,
          16.478884404408745,
          0.8316404465599999
        ]
      },
      "properties": {
        "id": "1_5",
        "camera": "R1 - Green (Point)",
        "frame": "0006",
        "image": "pano_camera0/frame_0006_hp_preview.jpg",
        "frameId": "0006",
        "height": 3.513375,
        "coords2D": "2D: (397901.975, 808242.638)",
        "coords3D_original": "3D_Original: (-793548.981, 426441.300, 0.000)",
        "coords3D": "3D: (-20.937, 16.479, 0.832)",
        "coordsMtEden": "MtEden: (397901.975, 808242.638, 3.513)",
        "easting": 397901.9754358056,
        "northing": 808242.6378844044,
        "longitude": 174.74065386392024,
        "latitude": -36.80543753767663,
        "group": "R1 - Green (90 points)",
        "canvasX": 100.96000000000001,
        "canvasY": 166.72,
        "variant": "northing_easting_direct"
      }
    },
    {
      "type": "Feature",
      "geometry": {
        "type": "Point",
        "coordinates": [
          -21.073188341106288,
          16.82255209318828,
          0.53943899364
        ]
      },
      "properties": {
        "id": "1_6",
        "camera": "R1 - Green (Point)",
        "frame": "0007",
        "image": "pano_camera0/frame_0007_hp_preview.jpg",
        "frameId": "0007",
        "height": 3.38007,
        "coords2D": "2D: (397901.839, 808242.982)",
        "coords3D_original": "3D_Original: (-793548.981, 426441.300, 0.000)",
        "coords3D": "3D: (-21.073, 16.823, 0.539)",
        "coordsMtEden": "MtEden: (397901.839, 808242.982, 3.380)",
        "easting": 397901.83931165887,
        "northing": 808242.9815520932,
        "longitude": 174.74065233930838,
        "latitude": -36.80543444023487,
        "group": "R1 - Green (90 points)",
        "canvasX": 98.72999999999999,
        "canvasY": 161.09,
        "variant": "northing_easting_direct"
      }
    },
    {
      "type": "Feature",
      "geometry": {
        "type": "Point",
        "coordinates": [
          -21.08173425163841,
          16.799356050323695,
          0.53549214312
        ]
      },
      "properties": {
        "id": "1_7",
        "camera": "R1 - Green (Point)",
        "frame": "0008",
        "image": "pano_camera0/frame_0008_hp_preview.jpg",
        "frameId": "0008",
        "height": 3.389015,
        "coords2D": "2D: (397901.831, 808242.958)",
        "coords3D_original": "3D_Original: (-793548.981, 426441.300, 0.000)",
        "coords3D": "3D: (-21.082, 16.799, 0.535)",
        "coordsMtEden": "MtEden: (397901.831, 808242.958, 3.389)",
        "easting": 397901.83076574834,
        "northing": 808242.9583560503,
        "longitude": 174.74065224346944,
        "latitude": -36.80543464925913,
        "group": "R1 - Green (90 points)",
        "canvasX": 98.59,
        "canvasY": 161.47,
        "variant": "northing_easting_direct"
      }
    },
    {
      "type": "Feature",
      "geometry": {
        "type": "Point",
        "coordinates": [
          -21.07074665237451,
          16.657738103880547,
          0.5755085486
        ]
      },
      "properties": {
        "id": "1_8",
        "camera": "R1 - Green (Point)",
        "frame": "0009",
        "image": "pano_camera0/frame_0009_hp_preview.jpg",
        "frameId": "0009",
        "height": 3.44385,
        "coords2D": "2D: (397901.842, 808242.817)",
        "coords3D_original": "3D_Original: (-793548.981, 426441.300, 0.000)",
        "coords3D": "3D: (-21.071, 16.658, 0.576)",
        "coordsMtEden": "MtEden: (397901.842, 808242.817, 3.444)",
        "easting": 397901.8417533476,
        "northing": 808242.8167381039,
        "longitude": 174.7406523662185,
        "latitude": -36.805435925547286,
        "group": "R1 - Green (90 points)",
        "canvasX": 98.77000000000001,
        "canvasY": 163.79,
        "variant": "northing_easting_direct"
      }
    },
    {
      "type": "Feature",
      "geometry": {
        "type": "Point",
        "coordinates": [
          -21.059759053052403,
          16.648581771180034,
          0.5866305962
        ]
      },
      "properties": {
        "id": "1_9",
        "camera": "R1 - Green (Point)",
        "frame": "0010",
        "image": "pano_camera0/frame_0010_hp_preview.jpg",
        "frameId": "0010",
        "height": 3.447429,
        "coords2D": "2D: (397901.853, 808242.808)",
        "coords3D_original": "3D_Original: (-793548.981, 426441.300, 0.000)",
        "coords3D": "3D: (-21.060, 16.649, 0.587)",
        "coordsMtEden": "MtEden: (397901.853, 808242.808, 3.447)",
        "easting": 397901.8527409469,
        "northing": 808242.8075817712,
        "longitude": 174.74065248933255,
        "latitude": -36.80543600808868,
        "group": "R1 - Green (90 points)",
        "canvasX": 98.94999999999999,
        "canvasY": 163.94,
        "variant": "northing_easting_direct"
      }
    },
    {
      "type": "Feature",
      "geometry": {
        "type": "Point",
        "coordinates": [
          -21.011535700643435,
          16.66811528103426,
          0.6312828286
        ]
      },
      "properties": {
        "id": "1_10",
        "camera": "R1 - Green (Point)",
        "frame": "0011",
        "image": "pano_camera0/frame_0011_hp_preview.jpg",
        "frameId": "0011",
        "height": 3.440059,
        "coords2D": "2D: (397901.901, 808242.827)",
        "coords3D_original": "3D_Original: (-793548.981, 426441.300, 0.000)",
        "coords3D": "3D: (-21.012, 16.668, 0.631)",
        "coordsMtEden": "MtEden: (397901.901, 808242.827, 3.440)",
        "easting": 397901.90096429933,
        "northing": 808242.827115281,
        "longitude": 174.74065302983098,
        "latitude": -36.80543583215915,
        "group": "R1 - Green (90 points)",
        "canvasX": 99.74000000000001,
        "canvasY": 163.62,
        "variant": "northing_easting_direct"
      }
    },
    {
      "type": "Feature",
      "geometry": {
        "type": "Point",
        "coordinates": [
          -21.144607736438047,
          16.669336125371046,
          0.5175098590799999
        ]
      },
      "properties": {
        "id": "1_11",
        "camera": "R1 - Green (Point)",
        "frame": "0012",
        "image": "pano_camera0/frame_0012_hp_preview.jpg",
        "frameId": "0012",
        "height": 3.439498,
        "coords2D": "2D: (397901.768, 808242.828)",
        "coords3D_original": "3D_Original: (-793548.981, 426441.300, 0.000)",
        "coords3D": "3D: (-21.145, 16.669, 0.518)",
        "coordsMtEden": "MtEden: (397901.768, 808242.828, 3.439)",
        "easting": 397901.76789226354,
        "northing": 808242.8283361254,
        "longitude": 174.74065153848088,
        "latitude": -36.805435820862,
        "group": "R1 - Green (90 points)",
        "canvasX": 97.56,
        "canvasY": 163.6,
        "variant": "northing_easting_direct"
      }
    },
    {
      "type": "Feature",
      "geometry": {
        "type": "Point",
        "coordinates": [
          -21.05365483125206,
          16.86711291258689,
          0.55533794428
        ]
      },
      "properties": {
        "id": "1_12",
        "camera": "R1 - Green (Point)",
        "frame": "0013",
        "image": "pano_camera0/frame_0013_hp_preview.jpg",
        "frameId": "0013",
        "height": 3.362827,
        "coords2D": "2D: (397901.859, 808243.026)",
        "coords3D_original": "3D_Original: (-793548.981, 426441.300, 0.000)",
        "coords3D": "3D: (-21.054, 16.867, 0.555)",
        "coordsMtEden": "MtEden: (397901.859, 808243.026, 3.363)",
        "easting": 397901.8588451687,
        "northing": 808243.0261129126,
        "longitude": 174.74065255834543,
        "latitude": -36.80543403869514,
        "group": "R1 - Green (90 points)",
        "canvasX": 99.05000000000001,
        "canvasY": 160.36,
        "variant": "northing_easting_direct"
      }
    },
    {
      "type": "Feature",
      "geometry": {
        "type": "Point",
        "coordinates": [
          -20.90654308523517,
          16.605852218461223,
          1.26421591972
        ]
      },
      "properties": {
        "id": "1_13",
        "camera": "R1 - Green (Point)",
        "frame": "0014",
        "image": "pano_camera0/frame_0014_hp_preview.jpg",
        "frameId": "0014",
        "height": 3.463982,
        "coords2D": "2D: (397902.006, 808242.765)",
        "coords3D_original": "3D_Original: (-793548.981, 426441.300, 0.000)",
        "coords3D": "3D: (-20.907, 16.606, 1.264)",
        "coordsMtEden": "MtEden: (397902.006, 808242.765, 3.464)",
        "easting": 397902.00595691474,
        "northing": 808242.7648522184,
        "longitude": 174.74065420632363,
        "latitude": -36.805436393507755,
        "group": "R1 - Green (90 points)",
        "canvasX": 101.46000000000001,
        "canvasY": 164.64000000000001,
        "variant": "northing_easting_direct"
      }
    },
    {
      "type": "Feature",
      "geometry": {
        "type": "Point",
        "coordinates": [
          -20.727689385705162,
          16.63820459402632,
          1.25421263856
        ]
      },
      "properties": {
        "id": "1_14",
        "camera": "R1 - Green (Point)",
        "frame": "0015",
        "image": "pano_camera0/frame_0015_hp_preview.jpg",
        "frameId": "0015",
        "height": 3.451498,
        "coords2D": "2D: (397902.185, 808242.797)",
        "coords3D_original": "3D_Original: (-793548.981, 426441.300, 0.000)",
        "coords3D": "3D: (-20.728, 16.638, 1.254)",
        "coordsMtEden": "MtEden: (397902.185, 808242.797, 3.451)",
        "easting": 397902.1848106143,
        "northing": 808242.797204594,
        "longitude": 174.74065621084657,
        "latitude": -36.805436102343734,
        "group": "R1 - Green (90 points)",
        "canvasX": 104.38999999999999,
        "canvasY": 164.11,
        "variant": "northing_easting_direct"
      }
    },
    {
      "type": "Feature",
      "geometry": {
        "type": "Point",
        "coordinates": [
          -20.742949940322433,
          16.81461660482455,
          1.3189600159600001
        ]
      },
      "properties": {
        "id": "1_15",
        "camera": "R1 - Green (Point)",
        "frame": "0016",
        "image": "pano_camera0/frame_0016_hp_preview.jpg",
        "frameId": "0016",
        "height": 3.383198,
        "coords2D": "2D: (397902.170, 808242.974)",
        "coords3D_original": "3D_Original: (-793548.981, 426441.300, 0.000)",
        "coords3D": "3D: (-20.743, 16.815, 1.319)",
        "coordsMtEden": "MtEden: (397902.170, 808242.974, 3.383)",
        "easting": 397902.16955005965,
        "northing": 808242.9736166048,
        "longitude": 174.74065604030585,
        "latitude": -36.80543451248134,
        "group": "R1 - Green (90 points)",
        "canvasX": 104.13999999999999,
        "canvasY": 161.22,
        "variant": "northing_easting_direct"
      }
    },
    {
      "type": "Feature",
      "geometry": {
        "type": "Point",
        "coordinates": [
          -21.741600631037727,
          17.139971628203057,
          1.26899938444
        ]
      },
      "properties": {
        "id": "1_16",
        "camera": "R1 - Green (Point)",
        "frame": "0017",
        "image": "pano_camera0/frame_0017_hp_preview.jpg",
        "frameId": "0017",
        "height": 3.257053,
        "coords2D": "2D: (397901.171, 808243.299)",
        "coords3D_original": "3D_Original: (-793548.981, 426441.300, 0.000)",
        "coords3D": "3D: (-21.742, 17.140, 1.269)",
        "coordsMtEden": "MtEden: (397901.171, 808243.299, 3.257)",
        "easting": 397901.17089936894,
        "northing": 808243.2989716282,
        "longitude": 174.74064484921072,
        "latitude": -36.80543157816229,
        "group": "R1 - Green (90 points)",
        "canvasX": 87.78,
        "canvasY": 155.89000000000001,
        "variant": "northing_easting_direct"
      }
    },
    {
      "type": "Feature",
      "geometry": {
        "type": "Point",
        "coordinates": [
          -22.869660824537277,
          17.636244862689637,
          1.2580643447200002
        ]
      },
      "properties": {
        "id": "1_17",
        "camera": "R1 - Green (Point)",
        "frame": "0018",
        "image": "pano_camera0/frame_0018_hp_preview.jpg",
        "frameId": "0018",
        "height": 3.06452,
        "coords2D": "2D: (397900.043, 808243.795)",
        "coords3D_original": "3D_Original: (-793548.981, 426441.300, 0.000)",
        "coords3D": "3D: (-22.870, 17.636, 1.258)",
        "coordsMtEden": "MtEden: (397900.043, 808243.795, 3.065)",
        "easting": 397900.04283917544,
        "northing": 808243.7952448627,
        "longitude": 174.7406322082809,
        "latitude": -36.805427103236845,
        "group": "R1 - Green (90 points)",
        "canvasX": 69.3,
        "canvasY": 147.76,
        "variant": "northing_easting_direct"
      }
    },
    {
      "type": "Feature",
      "geometry": {
        "type": "Point",
        "coordinates": [
          -23.505720738787204,
          18.164870472741313,
          1.25362208736
        ]
      },
      "properties": {
        "id": "1_18",
        "camera": "R1 - Green (Point)",
        "frame": "0019",
        "image": "pano_camera0/frame_0019_hp_preview.jpg",
        "frameId": "0019",
        "height": 2.859557,
        "coords2D": "2D: (397899.407, 808244.324)",
        "coords3D_original": "3D_Original: (-793548.981, 426441.300, 0.000)",
        "coords3D": "3D: (-23.506, 18.165, 1.254)",
        "coordsMtEden": "MtEden: (397899.407, 808244.324, 2.860)",
        "easting": 397899.4067792612,
        "northing": 808244.3238704727,
        "longitude": 174.7406250813441,
        "latitude": -36.80542233784135,
        "group": "R1 - Green (90 points)",
        "canvasX": 58.88,
        "canvasY": 139.1,
        "variant": "northing_easting_direct"
      }
    },
    {
      "type": "Feature",
      "geometry": {
        "type": "Point",
        "coordinates": [
          -23.97452497505583,
          18.962692265515216,
          1.2647671008399999
        ]
      },
      "properties": {
        "id": "1_19",
        "camera": "R1 - Green (Point)",
        "frame": "0020",
        "image": "pano_camera0/frame_0020_hp_preview.jpg",
        "frameId": "0020",
        "height": 2.550361,
        "coords2D": "2D: (397898.938, 808245.122)",
        "coords3D_original": "3D_Original: (-793548.981, 426441.300, 0.000)",
        "coords3D": "3D: (-23.975, 18.963, 1.265)",
        "coordsMtEden": "MtEden: (397898.938, 808245.122, 2.550)",
        "easting": 397898.9379750249,
        "northing": 808245.1216922655,
        "longitude": 174.74061982960396,
        "latitude": -36.80541514681512,
        "group": "R1 - Green (90 points)",
        "canvasX": 51.2,
        "canvasY": 126.03,
        "variant": "northing_easting_direct"
      }
    },
    {
      "type": "Feature",
      "geometry": {
        "type": "Point",
        "coordinates": [
          -24.223577225522604,
          20.48020181141328,
          1.2415354727999999
        ]
      },
      "properties": {
        "id": "1_20",
        "camera": "R1 - Green (Point)",
        "frame": "0021",
        "image": "pano_camera0/frame_0021_hp_preview.jpg",
        "frameId": "0021",
        "height": 1.962108,
        "coords2D": "2D: (397898.689, 808246.639)",
        "coords3D_original": "3D_Original: (-793548.981, 426441.300, 0.000)",
        "coords3D": "3D: (-24.224, 20.480, 1.242)",
        "coordsMtEden": "MtEden: (397898.689, 808246.639, 1.962)",
        "easting": 397898.68892277445,
        "northing": 808246.6392018114,
        "longitude": 174.74061704263553,
        "latitude": -36.805401470435726,
        "group": "R1 - Green (90 points)",
        "canvasX": 47.12,
        "canvasY": 101.17,
        "variant": "northing_easting_direct"
      }
    },
    {
      "type": "Feature",
      "geometry": {
        "type": "Point",
        "coordinates": [
          -24.457368921488523,
          23.01528513582889,
          1.2353346852
        ]
      },
      "properties": {
        "id": "1_21",
        "camera": "R1 - Green (Point)",
        "frame": "0022",
        "image": "pano_camera0/frame_0022_hp_preview.jpg",
        "frameId": "0022",
        "height": 0.979284,
        "coords2D": "2D: (397898.455, 808249.174)",
        "coords3D_original": "3D_Original: (-793548.981, 426441.300, 0.000)",
        "coords3D": "3D: (-24.457, 23.015, 1.235)",
        "coordsMtEden": "MtEden: (397898.455, 808249.174, 0.979)",
        "easting": 397898.4551310785,
        "northing": 808249.1742851358,
        "longitude": 174.74061442950324,
        "latitude": -36.80537862369455,
        "group": "R1 - Green (90 points)",
        "canvasX": 43.29,
        "canvasY": 59.64,
        "variant": "northing_easting_direct"
      }
    },
    {
      "type": "Feature",
      "geometry": {
        "type": "Point",
        "coordinates": [
          -24.65514570864616,
          24.097563665593043,
          1.20101053712
        ]
      },
      "properties": {
        "id": "1_22",
        "camera": "R1 - Green (Point)",
        "frame": "0023",
        "image": "pano_camera0/frame_0023_hp_preview.jpg",
        "frameId": "0023",
        "height": 0.559499,
        "coords2D": "2D: (397898.257, 808250.257)",
        "coords3D_original": "3D_Original: (-793548.981, 426441.300, 0.000)",
        "coords3D": "3D: (-24.655, 24.098, 1.201)",
        "coordsMtEden": "MtEden: (397898.257, 808250.257, 0.559)",
        "easting": 397898.25735429133,
        "northing": 808250.2565636656,
        "longitude": 174.7406122159852,
        "latitude": -36.80536886973952,
        "group": "R1 - Green (90 points)",
        "canvasX": 40.05,
        "canvasY": 41.91,
        "variant": "northing_easting_direct"
      }
    },
    {
      "type": "Feature",
      "geometry": {
        "type": "Point",
        "coordinates": [
          -24.62645586609142,
          24.888670814223588,
          1.2045275976
        ]
      },
      "properties": {
        "id": "1_23",
        "camera": "R1 - Green (Point)",
        "frame": "0024",
        "image": "pano_camera0/frame_0024_hp_preview.jpg",
        "frameId": "0024",
        "height": 0.252961,
        "coords2D": "2D: (397898.286, 808251.048)",
        "coords3D_original": "3D_Original: (-793548.981, 426441.300, 0.000)",
        "coords3D": "3D: (-24.626, 24.889, 1.205)",
        "coordsMtEden": "MtEden: (397898.286, 808251.048, 0.253)",
        "easting": 397898.2860441339,
        "northing": 808251.0476708142,
        "longitude": 174.74061253969884,
        "latitude": -36.80536174032949,
        "group": "R1 - Green (90 points)",
        "canvasX": 40.519999999999996,
        "canvasY": 28.95,
        "variant": "northing_easting_direct"
      }
    },
    {
      "type": "Feature",
      "geometry": {
        "type": "Point",
        "coordinates": [
          -23.997110595810227,
          26.19680555164814,
          1.259596497
        ]
      },
      "properties": {
        "id": "1_24",
        "camera": "R1 - Green (Point)",
        "frame": "0025",
        "image": "pano_camera0/frame_0025_hp_preview.jpg",
        "frameId": "0025",
        "height": -0.254174,
        "coords2D": "2D: (397898.915, 808252.356)",
        "coords3D_original": "3D_Original: (-793548.981, 426441.300, 0.000)",
        "coords3D": "3D: (-23.997, 26.197, 1.260)",
        "coordsMtEden": "MtEden: (397898.915, 808252.356, -0.254)",
        "easting": 397898.91538940417,
        "northing": 808252.3558055516,
        "longitude": 174.74061959644584,
        "latitude": -36.8053499527893,
        "group": "R1 - Green (90 points)",
        "canvasX": 50.83,
        "canvasY": 7.52,
        "variant": "northing_easting_direct"
      }
    },
    {
      "type": "Feature",
      "geometry": {
        "type": "Point",
        "coordinates": [
          -23.220653579512145,
          26.808448578580283,
          1.36474085732
        ]
      },
      "properties": {
        "id": "1_25",
        "camera": "R1 - Green (Point)",
        "frame": "0026",
        "image": "pano_camera0/frame_0026_hp_preview.jpg",
        "frameId": "0026",
        "height": -0.491403,
        "coords2D": "2D: (397899.692, 808252.967)",
        "coords3D_original": "3D_Original: (-793548.981, 426441.300, 0.000)",
        "coords3D": "3D: (-23.221, 26.808, 1.365)",
        "coordsMtEden": "MtEden: (397899.692, 808252.967, -0.491)",
        "easting": 397899.69184642046,
        "northing": 808252.9674485786,
        "longitude": 174.7406282999655,
        "latitude": -36.80534444237245,
        "group": "R1 - Green (90 points)",
        "canvasX": 63.55,
        "canvasY": -2.5,
        "variant": "northing_easting_direct"
      }
    },
    {
      "type": "Feature",
      "geometry": {
        "type": "Point",
        "coordinates": [
          -22.484484427259304,
          27.05505914031528,
          1.39954400804
        ]
      },
      "properties": {
        "id": "1_26",
        "camera": "R1 - Green (Point)",
        "frame": "0027",
        "image": "pano_camera0/frame_0027_hp_preview.jpg",
        "frameId": "0027",
        "height": -0.587056,
        "coords2D": "2D: (397900.428, 808253.214)",
        "coords3D_original": "3D_Original: (-793548.981, 426441.300, 0.000)",
        "coords3D": "3D: (-22.484, 27.055, 1.400)",
        "coordsMtEden": "MtEden: (397900.428, 808253.214, -0.587)",
        "easting": 397900.4280155727,
        "northing": 808253.2140591403,
        "longitude": 174.74063655096728,
        "latitude": -36.80534222154563,
        "group": "R1 - Green (90 points)",
        "canvasX": 75.61,
        "canvasY": -6.540000000000001,
        "variant": "northing_easting_direct"
      }
    },
    {
      "type": "Feature",
      "geometry": {
        "type": "Point",
        "coordinates": [
          -24.02152748312801,
          27.780851115472615,
          1.31562012084
        ]
      },
      "properties": {
        "id": "1_27",
        "camera": "R1 - Green (Point)",
        "frame": "0028",
        "image": "pano_camera0/frame_0028_hp_preview.jpg",
        "frameId": "0028",
        "height": -0.868426,
        "coords2D": "2D: (397898.891, 808253.940)",
        "coords3D_original": "3D_Original: (-793548.981, 426441.300, 0.000)",
        "coords3D": "3D: (-24.022, 27.781, 1.316)",
        "coordsMtEden": "MtEden: (397898.891, 808253.940, -0.868)",
        "easting": 397898.89097251685,
        "northing": 808253.9398511155,
        "longitude": 174.74061932717427,
        "latitude": -36.80533567728427,
        "group": "R1 - Green (90 points)",
        "canvasX": 50.43,
        "canvasY": -18.43,
        "variant": "northing_easting_direct"
      }
    },
    {
      "type": "Feature",
      "geometry": {
        "type": "Point",
        "coordinates": [
          -26.01089337625308,
          28.18311933381483,
          1.2915190702
        ]
      },
      "properties": {
        "id": "1_28",
        "camera": "R1 - Green (Point)",
        "frame": "0029",
        "image": "pano_camera0/frame_0029_hp_preview.jpg",
        "frameId": "0029",
        "height": -1.024328,
        "coords2D": "2D: (397896.902, 808254.342)",
        "coords3D_original": "3D_Original: (-793548.981, 426441.300, 0.000)",
        "coords3D": "3D: (-26.011, 28.183, 1.292)",
        "coordsMtEden": "MtEden: (397896.902, 808254.342, -1.024)",
        "easting": 397896.9016066237,
        "northing": 808254.3421193338,
        "longitude": 174.74059703326404,
        "latitude": -36.805332047618585,
        "group": "R1 - Green (90 points)",
        "canvasX": 17.84,
        "canvasY": -25.02,
        "variant": "northing_easting_direct"
      }
    },
    {
      "type": "Feature",
      "geometry": {
        "type": "Point",
        "coordinates": [
          -27.806145015289076,
          28.67634045740124,
          1.2320472835199998
        ]
      },
      "properties": {
        "id": "1_29",
        "camera": "R1 - Green (Point)",
        "frame": "0030",
        "image": "pano_camera0/frame_0030_hp_preview.jpg",
        "frameId": "0030",
        "height": -1.215436,
        "coords2D": "2D: (397895.106, 808254.835)",
        "coords3D_original": "3D_Original: (-793548.981, 426441.300, 0.000)",
        "coords3D": "3D: (-27.806, 28.676, 1.232)",
        "coordsMtEden": "MtEden: (397895.106, 808254.835, -1.215)",
        "easting": 397895.1063549847,
        "northing": 808254.8353404574,
        "longitude": 174.7405769150649,
        "latitude": -36.805327598710804,
        "group": "R1 - Green (90 points)",
        "canvasX": -11.57,
        "canvasY": -33.099999999999994,
        "variant": "northing_easting_direct"
      }
    },
    {
      "type": "Feature",
      "geometry": {
        "type": "Point",
        "coordinates": [
          -28.93542605312541,
          29.359402879723348,
          1.2570046334
        ]
      },
      "properties": {
        "id": "1_30",
        "camera": "R1 - Green (Point)",
        "frame": "0031",
        "image": "pano_camera0/frame_0031_hp_preview.jpg",
        "frameId": "0031",
        "height": -1.480343,
        "coords2D": "2D: (397893.977, 808255.518)",
        "coords3D_original": "3D_Original: (-793548.981, 426441.300, 0.000)",
        "coords3D": "3D: (-28.935, 29.359, 1.257)",
        "coordsMtEden": "MtEden: (397893.977, 808255.518, -1.480)",
        "easting": 397893.97707394685,
        "northing": 808255.5184028797,
        "longitude": 174.74056426099062,
        "latitude": -36.80532144042739,
        "group": "R1 - Green (90 points)",
        "canvasX": -30.07,
        "canvasY": -44.290000000000006,
        "variant": "northing_easting_direct"
      }
    },
    {
      "type": "Feature",
      "geometry": {
        "type": "Point",
        "coordinates": [
          -29.115500596992206,
          30.584520200267434,
          1.2244258922
        ]
      },
      "properties": {
        "id": "1_31",
        "camera": "R1 - Green (Point)",
        "frame": "0032",
        "image": "pano_camera0/frame_0032_hp_preview.jpg",
        "frameId": "0032",
        "height": -1.955276,
        "coords2D": "2D: (397893.797, 808256.744)",
        "coords3D_original": "3D_Original: (-793548.981, 426441.300, 0.000)",
        "coords3D": "3D: (-29.116, 30.585, 1.224)",
        "coordsMtEden": "MtEden: (397893.797, 808256.744, -1.955)",
        "easting": 397893.796999403,
        "northing": 808256.7435202003,
        "longitude": 174.74056224626642,
        "latitude": -36.8053103992446,
        "group": "R1 - Green (90 points)",
        "canvasX": -33.02,
        "canvasY": -64.36,
        "variant": "northing_easting_direct"
      }
    },
    {
      "type": "Feature",
      "geometry": {
        "type": "Point",
        "coordinates": [
          -28.792587262403686,
          31.25720544543583,
          1.2138386215199999
        ]
      },
      "properties": {
        "id": "1_32",
        "camera": "R1 - Green (Point)",
        "frame": "0033",
        "image": "pano_camera0/frame_0033_hp_preview.jpg",
        "frameId": "0033",
        "height": -2.21617,
        "coords2D": "2D: (397894.120, 808257.416)",
        "coords3D_original": "3D_Original: (-793548.981, 426441.300, 0.000)",
        "coords3D": "3D: (-28.793, 31.257, 1.214)",
        "coordsMtEden": "MtEden: (397894.120, 808257.416, -2.216)",
        "easting": 397894.1199127376,
        "northing": 808257.4162054454,
        "longitude": 174.74056586704748,
        "latitude": -36.80530433770964,
        "group": "R1 - Green (90 points)",
        "canvasX": -27.730000000000004,
        "canvasY": -75.38,
        "variant": "northing_easting_direct"
      }
    },
    {
      "type": "Feature",
      "geometry": {
        "type": "Point",
        "coordinates": [
          -26.773921104497276,
          32.155746898264624,
          1.35953744508
        ]
      },
      "properties": {
        "id": "1_33",
        "camera": "R1 - Green (Point)",
        "frame": "0034",
        "image": "pano_camera0/frame_0034_hp_preview.jpg",
        "frameId": "0034",
        "height": -2.564426,
        "coords2D": "2D: (397896.139, 808258.315)",
        "coords3D_original": "3D_Original: (-793548.981, 426441.300, 0.000)",
        "coords3D": "3D: (-26.774, 32.156, 1.360)",
        "coordsMtEden": "MtEden: (397896.139, 808258.315, -2.564)",
        "easting": 397896.1385788955,
        "northing": 808258.3147468982,
        "longitude": 174.7405884929132,
        "latitude": -36.80529624452297,
        "group": "R1 - Green (90 points)",
        "canvasX": 5.34,
        "canvasY": -90.1,
        "variant": "northing_easting_direct"
      }
    },
    {
      "type": "Feature",
      "geometry": {
        "type": "Point",
        "coordinates": [
          -26.15739470004337,
          31.983607842819765,
          1.38125660588
        ]
      },
      "properties": {
        "id": "1_34",
        "camera": "R1 - Green (Point)",
        "frame": "0035",
        "image": "pano_camera0/frame_0035_hp_preview.jpg",
        "frameId": "0035",
        "height": -2.497707,
        "coords2D": "2D: (397896.755, 808258.143)",
        "coords3D_original": "3D_Original: (-793548.981, 426441.300, 0.000)",
        "coords3D": "3D: (-26.157, 31.984, 1.381)",
        "coordsMtEden": "MtEden: (397896.755, 808258.143, -2.498)",
        "easting": 397896.75510529993,
        "northing": 808258.1426078428,
        "longitude": 174.74059540190686,
        "latitude": -36.805297797213264,
        "group": "R1 - Green (90 points)",
        "canvasX": 15.44,
        "canvasY": -87.28,
        "variant": "northing_easting_direct"
      }
    },
    {
      "type": "Feature",
      "geometry": {
        "type": "Point",
        "coordinates": [
          -24.639885154087096,
          31.447046744287945,
          1.3542093609199999
        ]
      },
      "properties": {
        "id": "1_35",
        "camera": "R1 - Green (Point)",
        "frame": "0036",
        "image": "pano_camera0/frame_0036_hp_preview.jpg",
        "frameId": "0036",
        "height": -2.289798,
        "coords2D": "2D: (397898.273, 808257.606)",
        "coords3D_original": "3D_Original: (-793548.981, 426441.300, 0.000)",
        "coords3D": "3D: (-24.640, 31.447, 1.354)",
        "coordsMtEden": "MtEden: (397898.273, 808257.606, -2.290)",
        "easting": 397898.2726148459,
        "northing": 808257.6060467443,
        "longitude": 174.74061240729776,
        "latitude": -36.80530263608225,
        "group": "R1 - Green (90 points)",
        "canvasX": 40.3,
        "canvasY": -78.49,
        "variant": "northing_easting_direct"
      }
    },
    {
      "type": "Feature",
      "geometry": {
        "type": "Point",
        "coordinates": [
          -23.454445275478065,
          31.20654040435329,
          1.44070214584
        ]
      },
      "properties": {
        "id": "1_36",
        "camera": "R1 - Green (Point)",
        "frame": "0037",
        "image": "pano_camera0/frame_0037_hp_preview.jpg",
        "frameId": "0037",
        "height": -2.19649,
        "coords2D": "2D: (397899.458, 808257.366)",
        "coords3D_original": "3D_Original: (-793548.981, 426441.300, 0.000)",
        "coords3D": "3D: (-23.454, 31.207, 1.441)",
        "coordsMtEden": "MtEden: (397899.458, 808257.366, -2.196)",
        "easting": 397899.4580547245,
        "northing": 808257.3655404043,
        "longitude": 174.74062569197113,
        "latitude": -36.80530480616072,
        "group": "R1 - Green (90 points)",
        "canvasX": 59.72,
        "canvasY": -74.55,
        "variant": "northing_easting_direct"
      }
    },
    {
      "type": "Feature",
      "geometry": {
        "type": "Point",
        "coordinates": [
          -22.347139436169527,
          31.00326981744729,
          1.44411750028
        ]
      },
      "properties": {
        "id": "1_37",
        "camera": "R1 - Green (Point)",
        "frame": "0038",
        "image": "pano_camera0/frame_0038_hp_preview.jpg",
        "frameId": "0038",
        "height": -2.117545,
        "coords2D": "2D: (397900.565, 808257.162)",
        "coords3D_original": "3D_Original: (-793548.981, 426441.300, 0.000)",
        "coords3D": "3D: (-22.347, 31.003, 1.444)",
        "coordsMtEden": "MtEden: (397900.565, 808257.162, -2.118)",
        "easting": 397900.5653605638,
        "northing": 808257.1622698174,
        "longitude": 174.7406381010923,
        "latitude": -36.805306640495075,
        "group": "R1 - Green (90 points)",
        "canvasX": 77.86,
        "canvasY": -71.22,
        "variant": "northing_easting_direct"
      }
    },
    {
      "type": "Feature",
      "geometry": {
        "type": "Point",
        "coordinates": [
          -20.437128426798154,
          31.642381842713803,
          1.3947047690399998
        ]
      },
      "properties": {
        "id": "1_38",
        "camera": "R1 - Green (Point)",
        "frame": "0039",
        "image": "pano_camera0/frame_0039_hp_preview.jpg",
        "frameId": "0039",
        "height": -2.365394,
        "coords2D": "2D: (397902.475, 808257.801)",
        "coords3D_original": "3D_Original: (-793548.981, 426441.300, 0.000)",
        "coords3D": "3D: (-20.437, 31.642, 1.395)",
        "coordsMtEden": "MtEden: (397902.475, 808257.801, -2.365)",
        "easting": 397902.4753715732,
        "northing": 808257.8013818427,
        "longitude": 174.74065950852795,
        "latitude": -36.8053008850373,
        "group": "R1 - Green (90 points)",
        "canvasX": 109.15,
        "canvasY": -81.69,
        "variant": "northing_easting_direct"
      }
    },
    {
      "type": "Feature",
      "geometry": {
        "type": "Point",
        "coordinates": [
          -19.555678795091808,
          32.55252131691668,
          1.5161877125599998
        ]
      },
      "properties": {
        "id": "1_39",
        "camera": "R1 - Green (Point)",
        "frame": "0040",
        "image": "pano_camera0/frame_0040_hp_preview.jpg",
        "frameId": "0040",
        "height": -2.718351,
        "coords2D": "2D: (397903.357, 808258.712)",
        "coords3D_original": "3D_Original: (-793548.981, 426441.300, 0.000)",
        "coords3D": "3D: (-19.556, 32.553, 1.516)",
        "coordsMtEden": "MtEden: (397903.357, 808258.712, -2.718)",
        "easting": 397903.3568212049,
        "northing": 808258.7115213169,
        "longitude": 174.74066938952316,
        "latitude": -36.805292684793876,
        "group": "R1 - Green (90 points)",
        "canvasX": 123.59,
        "canvasY": -96.6,
        "variant": "northing_easting_direct"
      }
    },
    {
      "type": "Feature",
      "geometry": {
        "type": "Point",
        "coordinates": [
          -19.43847773602465,
          32.750298104132526,
          1.55211291056
        ]
      },
      "properties": {
        "id": "1_40",
        "camera": "R1 - Green (Point)",
        "frame": "0041",
        "image": "pano_camera0/frame_0041_hp_preview.jpg",
        "frameId": "0041",
        "height": -2.794905,
        "coords2D": "2D: (397903.474, 808258.909)",
        "coords3D_original": "3D_Original: (-793548.981, 426441.300, 0.000)",
        "coords3D": "3D: (-19.438, 32.750, 1.552)",
        "coordsMtEden": "MtEden: (397903.474, 808258.909, -2.795)",
        "easting": 397903.47402226395,
        "northing": 808258.9092981041,
        "longitude": 174.7406707035509,
        "latitude": -36.80529090268493,
        "group": "R1 - Green (90 points)",
        "canvasX": 125.50999999999999,
        "canvasY": -99.84,
        "variant": "northing_easting_direct"
      }
    },
    {
      "type": "Feature",
      "geometry": {
        "type": "Point",
        "coordinates": [
          -18.484998286818154,
          34.3923337754095,
          1.56380910516
        ]
      },
      "properties": {
        "id": "1_41",
        "camera": "R1 - Green (Point)",
        "frame": "0042",
        "image": "pano_camera0/frame_0042_hp_preview.jpg",
        "frameId": "0042",
        "height": -3.431626,
        "coords2D": "2D: (397904.428, 808260.551)",
        "coords3D_original": "3D_Original: (-793548.981, 426441.300, 0.000)",
        "coords3D": "3D: (-18.485, 34.392, 1.564)",
        "coordsMtEden": "MtEden: (397904.428, 808260.551, -3.432)",
        "easting": 397904.42750171316,
        "northing": 808260.5513337754,
        "longitude": 174.74068139380267,
        "latitude": -36.805276106736486,
        "group": "R1 - Green (90 points)",
        "canvasX": 141.13,
        "canvasY": -126.74000000000001,
        "variant": "northing_easting_direct"
      }
    },
    {
      "type": "Feature",
      "geometry": {
        "type": "Point",
        "coordinates": [
          -17.53151883755345,
          35.245093564502895,
          1.9631857583599999
        ]
      },
      "properties": {
        "id": "1_42",
        "camera": "R1 - Green (Point)",
        "frame": "0043",
        "image": "pano_camera0/frame_0043_hp_preview.jpg",
        "frameId": "0043",
        "height": -3.762189,
        "coords2D": "2D: (397905.381, 808261.404)",
        "coords3D_original": "3D_Original: (-793548.981, 426441.300, 0.000)",
        "coords3D": "3D: (-17.532, 35.245, 1.963)",
        "coordsMtEden": "MtEden: (397905.381, 808261.404, -3.762)",
        "easting": 397905.3809811624,
        "northing": 808261.4040935645,
        "longitude": 174.74069208187916,
        "latitude": -36.80526842375744,
        "group": "R1 - Green (90 points)",
        "canvasX": 156.75,
        "canvasY": -140.71,
        "variant": "northing_easting_direct"
      }
    },
    {
      "type": "Feature",
      "geometry": {
        "type": "Point",
        "coordinates": [
          -16.37537922372576,
          34.95941598294303,
          1.98109258308
        ]
      },
      "properties": {
        "id": "1_43",
        "camera": "R1 - Green (Point)",
        "frame": "0044",
        "image": "pano_camera0/frame_0044_hp_preview.jpg",
        "frameId": "0044",
        "height": -3.651401,
        "coords2D": "2D: (397906.537, 808261.118)",
        "coords3D_original": "3D_Original: (-793548.981, 426441.300, 0.000)",
        "coords3D": "3D: (-16.375, 34.959, 1.981)",
        "coordsMtEden": "MtEden: (397906.537, 808261.118, -3.651)",
        "easting": 397906.53712077625,
        "northing": 808261.1184159829,
        "longitude": 174.74070503805396,
        "latitude": -36.80527100084639,
        "group": "R1 - Green (90 points)",
        "canvasX": 175.69,
        "canvasY": -136.03,
        "variant": "northing_easting_direct"
      }
    },
    {
      "type": "Feature",
      "geometry": {
        "type": "Point",
        "coordinates": [
          -14.68267851130804,
          34.886775743216276,
          1.9717815591599999
        ]
      },
      "properties": {
        "id": "1_44",
        "camera": "R1 - Green (Point)",
        "frame": "0045",
        "image": "pano_camera0/frame_0045_hp_preview.jpg",
        "frameId": "0045",
        "height": -3.623259,
        "coords2D": "2D: (397908.230, 808261.046)",
        "coords3D_original": "3D_Original: (-793548.981, 426441.300, 0.000)",
        "coords3D": "3D: (-14.683, 34.887, 1.972)",
        "coordsMtEden": "MtEden: (397908.230, 808261.046, -3.623)",
        "easting": 397908.22982148867,
        "northing": 808261.0457757432,
        "longitude": 174.74072400810357,
        "latitude": -36.80527165922246,
        "group": "R1 - Green (90 points)",
        "canvasX": 203.42,
        "canvasY": -134.84,
        "variant": "northing_easting_direct"
      }
    },
    {
      "type": "Feature",
      "geometry": {
        "type": "Point",
        "coordinates": [
          -14.327412801038008,
          35.42577853053808,
          1.9831463889199998
        ]
      },
      "properties": {
        "id": "1_45",
        "camera": "R1 - Green (Middle)",
        "frame": "0046",
        "image": "pano_camera0/frame_0046_hp_preview.jpg",
        "frameId": "0046",
        "height": -3.832147,
        "coords2D": "2D: (397908.585, 808261.585)",
        "coords3D_original": "3D_Original: (-793548.981, 426441.300, 0.000)",
        "coords3D": "3D: (-14.327, 35.426, 1.983)",
        "coordsMtEden": "MtEden: (397908.585, 808261.585, -3.832)",
        "easting": 397908.58508719894,
        "northing": 808261.5847785305,
        "longitude": 174.74072799107884,
        "latitude": -36.805266802503056,
        "group": "R1 - Green (90 points)",
        "canvasX": 209.23999999999998,
        "canvasY": -143.67,
        "variant": "northing_easting_direct"
      }
    },
    {
      "type": "Feature",
      "geometry": {
        "type": "Point",
        "coordinates": [
          -14.403105151664931,
          35.65834938210901,
          1.9554167292399998
        ]
      },
      "properties": {
        "id": "1_46",
        "camera": "R1 - Green (Point)",
        "frame": "0047",
        "image": "pano_camera0/frame_0047_hp_preview.jpg",
        "frameId": "0047",
        "height": -3.922432,
        "coords2D": "2D: (397908.509, 808261.817)",
        "coords3D_original": "3D_Original: (-793548.981, 426441.300, 0.000)",
        "coords3D": "3D: (-14.403, 35.658, 1.955)",
        "coordsMtEden": "MtEden: (397908.509, 808261.817, -3.922)",
        "easting": 397908.5093948483,
        "northing": 808261.8173493821,
        "longitude": 174.7407271434267,
        "latitude": -36.80526470640259,
        "group": "R1 - Green (90 points)",
        "canvasX": 208,
        "canvasY": -147.48,
        "variant": "northing_easting_direct"
      }
    },
    {
      "type": "Feature",
      "geometry": {
        "type": "Point",
        "coordinates": [
          -14.859090522106271,
          36.19491048064083,
          1.98511489292
        ]
      },
      "properties": {
        "id": "1_47",
        "camera": "R1 - Green (Point)",
        "frame": "0048",
        "image": "pano_camera0/frame_0048_hp_preview.jpg",
        "frameId": "0048",
        "height": -4.130327,
        "coords2D": "2D: (397908.053, 808262.354)",
        "coords3D_original": "3D_Original: (-793548.981, 426441.300, 0.000)",
        "coords3D": "3D: (-14.859, 36.195, 1.985)",
        "coordsMtEden": "MtEden: (397908.053, 808262.354, -4.130)",
        "easting": 397908.05340947787,
        "northing": 808262.3539104806,
        "longitude": 174.74072203463217,
        "latitude": -36.805259869895714,
        "group": "R1 - Green (90 points)",
        "canvasX": 200.53,
        "canvasY": -156.27,
        "variant": "northing_easting_direct"
      }
    },
    {
      "type": "Feature",
      "geometry": {
        "type": "Point",
        "coordinates": [
          -16.43031722016167,
          36.856608126545325,
          1.99066279336
        ]
      },
      "properties": {
        "id": "1_48",
        "camera": "R1 - Green (Point)",
        "frame": "0049",
        "image": "pano_camera0/frame_0049_hp_preview.jpg",
        "frameId": "0049",
        "height": -4.386841,
        "coords2D": "2D: (397906.482, 808263.016)",
        "coords3D_original": "3D_Original: (-793548.981, 426441.300, 0.000)",
        "coords3D": "3D: (-16.430, 36.857, 1.991)",
        "coordsMtEden": "MtEden: (397906.482, 808263.016, -4.387)",
        "easting": 397906.4821827798,
        "northing": 808263.0156081265,
        "longitude": 174.74070442757503,
        "latitude": -36.80525390319048,
        "group": "R1 - Green (90 points)",
        "canvasX": 174.79,
        "canvasY": -167.10999999999999,
        "variant": "northing_easting_direct"
      }
    },
    {
      "type": "Feature",
      "geometry": {
        "type": "Point",
        "coordinates": [
          -18.536273750127293,
          36.949392298352905,
          1.9411286710399998
        ]
      },
      "properties": {
        "id": "1_49",
        "camera": "R1 - Green (Point)",
        "frame": "0050",
        "image": "pano_camera0/frame_0050_hp_preview.jpg",
        "frameId": "0050",
        "height": -4.423021,
        "coords2D": "2D: (397904.376, 808263.108)",
        "coords3D_original": "3D_Original: (-793548.981, 426441.300, 0.000)",
        "coords3D": "3D: (-18.536, 36.949, 1.941)",
        "coordsMtEden": "MtEden: (397904.376, 808263.108, -4.423)",
        "easting": 397904.37622624985,
        "northing": 808263.1083922983,
        "longitude": 174.74068082619132,
        "latitude": -36.805253062359256,
        "group": "R1 - Green (90 points)",
        "canvasX": 140.29,
        "canvasY": -168.63,
        "variant": "northing_easting_direct"
      }
    },
    {
      "type": "Feature",
      "geometry": {
        "type": "Point",
        "coordinates": [
          -18.627226655371487,
          36.94145680998918,
          1.95167000996
        ]
      },
      "properties": {
        "id": "1_50",
        "camera": "R1 - Green (Point)",
        "frame": "0051",
        "image": "pano_camera0/frame_0051_hp_preview.jpg",
        "frameId": "0051",
        "height": -4.419909,
        "coords2D": "2D: (397904.285, 808263.100)",
        "coords3D_original": "3D_Original: (-793548.981, 426441.300, 0.000)",
        "coords3D": "3D: (-18.627, 36.941, 1.952)",
        "coordsMtEden": "MtEden: (397904.285, 808263.100, -4.420)",
        "easting": 397904.2852733446,
        "northing": 808263.10045681,
        "longitude": 174.74067980685237,
        "latitude": -36.80525313367274,
        "group": "R1 - Green (90 points)",
        "canvasX": 138.8,
        "canvasY": -168.5,
        "variant": "northing_easting_direct"
      }
    },
    {
      "type": "Feature",
      "geometry": {
        "type": "Point",
        "coordinates": [
          -20.77102936070878,
          37.260707611450925,
          1.8587500594800002
        ]
      },
      "properties": {
        "id": "1_51",
        "camera": "R1 - Green (Point)",
        "frame": "0052",
        "image": "pano_camera0/frame_0052_hp_preview.jpg",
        "frameId": "0052",
        "height": -4.543623,
        "coords2D": "2D: (397902.141, 808263.420)",
        "coords3D_original": "3D_Original: (-793548.981, 426441.300, 0.000)",
        "coords3D": "3D: (-20.771, 37.261, 1.859)",
        "coordsMtEden": "MtEden: (397902.141, 808263.420, -4.544)",
        "easting": 397902.14147063927,
        "northing": 808263.4197076114,
        "longitude": 174.7406557819477,
        "latitude": -36.80525025183088,
        "group": "R1 - Green (90 points)",
        "canvasX": 103.68,
        "canvasY": -173.73,
        "variant": "northing_easting_direct"
      }
    },
    {
      "type": "Feature",
      "geometry": {
        "type": "Point",
        "coordinates": [
          -21.242275285650976,
          37.54760603723116,
          1.53953745084
        ]
      },
      "properties": {
        "id": "1_52",
        "camera": "R1 - Green (Point)",
        "frame": "0053",
        "image": "pano_camera0/frame_0053_hp_preview.jpg",
        "frameId": "0053",
        "height": -4.654957,
        "coords2D": "2D: (397901.670, 808263.707)",
        "coords3D_original": "3D_Original: (-793548.981, 426441.300, 0.000)",
        "coords3D": "3D: (-21.242, 37.548, 1.540)",
        "coordsMtEden": "MtEden: (397901.670, 808263.707, -4.655)",
        "easting": 397901.6702247143,
        "northing": 808263.7066060372,
        "longitude": 174.74065050144426,
        "latitude": -36.805247665252224,
        "group": "R1 - Green (90 points)",
        "canvasX": 95.96000000000001,
        "canvasY": -178.43,
        "variant": "northing_easting_direct"
      }
    },
    {
      "type": "Feature",
      "geometry": {
        "type": "Point",
        "coordinates": [
          -21.74221105320612,
          38.37167598376982,
          1.53500989164
        ]
      },
      "properties": {
        "id": "1_53",
        "camera": "R1 - Green (Point)",
        "frame": "0054",
        "image": "pano_camera0/frame_0054_hp_preview.jpg",
        "frameId": "0054",
        "height": -4.974225,
        "coords2D": "2D: (397901.170, 808264.531)",
        "coords3D_original": "3D_Original: (-793548.981, 426441.300, 0.000)",
        "coords3D": "3D: (-21.742, 38.372, 1.535)",
        "coordsMtEden": "MtEden: (397901.170, 808264.531, -4.974)",
        "easting": 397901.17028894677,
        "northing": 808264.5306759838,
        "longitude": 174.74064490089228,
        "latitude": -36.80524023760901,
        "group": "R1 - Green (90 points)",
        "canvasX": 87.77,
        "canvasY": -191.93,
        "variant": "northing_easting_direct"
      }
    },
    {
      "type": "Feature",
      "geometry": {
        "type": "Point",
        "coordinates": [
          -23.77308565477142,
          39.17193946521729,
          1.45090883908
        ]
      },
      "properties": {
        "id": "1_54",
        "camera": "R1 - Green (Point)",
        "frame": "0055",
        "image": "pano_camera0/frame_0055_hp_preview.jpg",
        "frameId": "0055",
        "height": -5.284512,
        "coords2D": "2D: (397899.139, 808265.331)",
        "coords3D_original": "3D_Original: (-793548.981, 426441.300, 0.000)",
        "coords3D": "3D: (-23.773, 39.172, 1.451)",
        "coordsMtEden": "MtEden: (397899.139, 808265.331, -5.285)",
        "easting": 397899.1394143452,
        "northing": 808265.3309394652,
        "longitude": 174.740622142915,
        "latitude": -36.8052330211145,
        "group": "R1 - Green (90 points)",
        "canvasX": 54.5,
        "canvasY": -205.04,
        "variant": "northing_easting_direct"
      }
    },
    {
      "type": "Feature",
      "geometry": {
        "type": "Point",
        "coordinates": [
          -24.764411279349588,
          39.04008827370126,
          1.47975398436
        ]
      },
      "properties": {
        "id": "1_55",
        "camera": "R1 - Green (Point)",
        "frame": "0056",
        "image": "pano_camera0/frame_0056_hp_preview.jpg",
        "frameId": "0056",
        "height": -5.233444,
        "coords2D": "2D: (397898.148, 808265.199)",
        "coords3D_original": "3D_Original: (-793548.981, 426441.300, 0.000)",
        "coords3D": "3D: (-24.764, 39.040, 1.480)",
        "coordsMtEden": "MtEden: (397898.148, 808265.199, -5.233)",
        "easting": 397898.1480887206,
        "northing": 808265.1990882737,
        "longitude": 174.74061103268104,
        "latitude": -36.80523420716024,
        "group": "R1 - Green (90 points)",
        "canvasX": 38.26,
        "canvasY": -202.88,
        "variant": "northing_easting_direct"
      }
    },
    {
      "type": "Feature",
      "geometry": {
        "type": "Point",
        "coordinates": [
          -25.805181100673508,
          38.77150251343846,
          1.4314961088
        ]
      },
      "properties": {
        "id": "1_56",
        "camera": "R1 - Green (Point)",
        "frame": "0057",
        "image": "pano_camera0/frame_0057_hp_preview.jpg",
        "frameId": "0057",
        "height": -5.129429,
        "coords2D": "2D: (397897.107, 808264.931)",
        "coords3D_original": "3D_Original: (-793548.981, 426441.300, 0.000)",
        "coords3D": "3D: (-25.805, 38.772, 1.431)",
        "coordsMtEden": "MtEden: (397897.107, 808264.931, -5.129)",
        "easting": 397897.1073188993,
        "northing": 808264.9305025134,
        "longitude": 174.7405993679439,
        "latitude": -36.80523662534986,
        "group": "R1 - Green (90 points)",
        "canvasX": 21.21,
        "canvasY": -198.48,
        "variant": "northing_easting_direct"
      }
    },
    {
      "type": "Feature",
      "geometry": {
        "type": "Point",
        "coordinates": [
          -26.482749723421875,
          38.60729894624092,
          1.41121395592
        ]
      },
      "properties": {
        "id": "1_57",
        "camera": "R1 - Green (Point)",
        "frame": "0058",
        "image": "pano_camera0/frame_0058_hp_preview.jpg",
        "frameId": "0058",
        "height": -5.065747,
        "coords2D": "2D: (397896.430, 808264.766)",
        "coords3D_original": "3D_Original: (-793548.981, 426441.300, 0.000)",
        "coords3D": "3D: (-26.483, 38.607, 1.411)",
        "coordsMtEden": "MtEden: (397896.430, 808264.766, -5.066)",
        "easting": 397896.42975027655,
        "northing": 808264.7662989462,
        "longitude": 174.74059177392112,
        "latitude": -36.8052381036508,
        "group": "R1 - Green (90 points)",
        "canvasX": 10.11,
        "canvasY": -195.79,
        "variant": "northing_easting_direct"
      }
    },
    {
      "type": "Feature",
      "geometry": {
        "type": "Point",
        "coordinates": [
          -27.21647718688473,
          37.70692622696515,
          1.3218012234
        ]
      },
      "properties": {
        "id": "1_58",
        "camera": "R1 - Green (Point)",
        "frame": "0059",
        "image": "pano_camera0/frame_0059_hp_preview.jpg",
        "frameId": "0059",
        "height": -4.716542,
        "coords2D": "2D: (397895.696, 808263.866)",
        "coords3D_original": "3D_Original: (-793548.981, 426441.300, 0.000)",
        "coords3D": "3D: (-27.216, 37.707, 1.322)",
        "coordsMtEden": "MtEden: (397895.696, 808263.866, -4.717)",
        "easting": 397895.6960228131,
        "northing": 808263.865926227,
        "longitude": 174.74058354848674,
        "latitude": -36.805246216197936,
        "group": "R1 - Green (90 points)",
        "canvasX": -1.9100000000000001,
        "canvasY": -181.04,
        "variant": "northing_easting_direct"
      }
    },
    {
      "type": "Feature",
      "geometry": {
        "type": "Point",
        "coordinates": [
          -27.889162432111334,
          36.26327776501421,
          1.34625660476
        ]
      },
      "properties": {
        "id": "1_59",
        "camera": "R1 - Green (Point)",
        "frame": "0060",
        "image": "pano_camera0/frame_0060_hp_preview.jpg",
        "frameId": "0060",
        "height": -4.156928,
        "coords2D": "2D: (397895.023, 808262.422)",
        "coords3D_original": "3D_Original: (-793548.981, 426441.300, 0.000)",
        "coords3D": "3D: (-27.889, 36.263, 1.346)",
        "coordsMtEden": "MtEden: (397895.023, 808262.422, -4.157)",
        "easting": 397895.02333756787,
        "northing": 808262.422277765,
        "longitude": 174.74057600565425,
        "latitude": -36.805259224892325,
        "group": "R1 - Green (90 points)",
        "canvasX": -12.93,
        "canvasY": -157.39,
        "variant": "northing_easting_direct"
      }
    },
    {
      "type": "Feature",
      "geometry": {
        "type": "Point",
        "coordinates": [
          -28.25480531953508,
          35.52893987938296,
          1.36358928248
        ]
      },
      "properties": {
        "id": "1_60",
        "camera": "R1 - Green (Point)",
        "frame": "0061",
        "image": "pano_camera0/frame_0061_hp_preview.jpg",
        "frameId": "0061",
        "height": -3.872212,
        "coords2D": "2D: (397894.658, 808261.688)",
        "coords3D_original": "3D_Original: (-793548.981, 426441.300, 0.000)",
        "coords3D": "3D: (-28.255, 35.529, 1.364)",
        "coordsMtEden": "MtEden: (397894.658, 808261.688, -3.872)",
        "easting": 397894.65769468044,
        "northing": 808261.6879398794,
        "longitude": 174.74057190583173,
        "latitude": -36.80526584194748,
        "group": "R1 - Green (90 points)",
        "canvasX": -18.92,
        "canvasY": -145.35999999999999,
        "variant": "northing_easting_direct"
      }
    },
    {
      "type": "Feature",
      "geometry": {
        "type": "Point",
        "coordinates": [
          -28.957401251711417,
          33.06039257289376,
          1.21040358204
        ]
      },
      "properties": {
        "id": "1_61",
        "camera": "R1 - Green (Point)",
        "frame": "0062",
        "image": "pano_camera0/frame_0062_hp_preview.jpg",
        "frameId": "0062",
        "height": -2.915186,
        "coords2D": "2D: (397893.955, 808259.219)",
        "coords3D_original": "3D_Original: (-793548.981, 426441.300, 0.000)",
        "coords3D": "3D: (-28.957, 33.060, 1.210)",
        "coordsMtEden": "MtEden: (397893.955, 808259.219, -2.915)",
        "easting": 397893.95509874827,
        "northing": 808259.2193925729,
        "longitude": 174.74056402494884,
        "latitude": -36.80528808698389,
        "group": "R1 - Green (90 points)",
        "canvasX": -30.43,
        "canvasY": -104.92,
        "variant": "northing_easting_direct"
      }
    },
    {
      "type": "Feature",
      "geometry": {
        "type": "Point",
        "coordinates": [
          -29.539133591752034,
          31.212644626153633,
          1.21220148236
        ]
      },
      "properties": {
        "id": "1_62",
        "camera": "R1 - Green (Point)",
        "frame": "0063",
        "image": "pano_camera0/frame_0063_hp_preview.jpg",
        "frameId": "0063",
        "height": -2.198827,
        "coords2D": "2D: (397893.373, 808257.372)",
        "coords3D_original": "3D_Original: (-793548.981, 426441.300, 0.000)",
        "coords3D": "3D: (-29.539, 31.213, 1.212)",
        "coordsMtEden": "MtEden: (397893.373, 808257.372, -2.199)",
        "easting": 397893.3733664082,
        "northing": 808257.3716446261,
        "longitude": 174.7405575003087,
        "latitude": -36.805304737632085,
        "group": "R1 - Green (90 points)",
        "canvasX": -39.96,
        "canvasY": -74.64999999999999,
        "variant": "northing_easting_direct"
      }
    },
    {
      "type": "Feature",
      "geometry": {
        "type": "Point",
        "coordinates": [
          -29.64473662932869,
          30.878133270074613,
          1.2135663118
        ]
      },
      "properties": {
        "id": "1_63",
        "camera": "R1 - Green (Point)",
        "frame": "0064",
        "image": "pano_camera0/frame_0064_hp_preview.jpg",
        "frameId": "0064",
        "height": -2.069174,
        "coords2D": "2D: (397893.268, 808257.037)",
        "coords3D_original": "3D_Original: (-793548.981, 426441.300, 0.000)",
        "coords3D": "3D: (-29.645, 30.878, 1.214)",
        "coordsMtEden": "MtEden: (397893.268, 808257.037, -2.069)",
        "easting": 397893.26776337065,
        "northing": 808257.0371332701,
        "longitude": 174.74055631587996,
        "latitude": -36.80530775202031,
        "group": "R1 - Green (90 points)",
        "canvasX": -41.690000000000005,
        "canvasY": -69.17,
        "variant": "northing_easting_direct"
      }
    },
    {
      "type": "Feature",
      "geometry": {
        "type": "Point",
        "coordinates": [
          -30.919908568786923,
          28.896702865255065,
          1.08533139956
        ]
      },
      "properties": {
        "id": "1_64",
        "camera": "R1 - Green (Point)",
        "frame": "0065",
        "image": "pano_camera0/frame_0065_hp_preview.jpg",
        "frameId": "0065",
        "height": -1.300966,
        "coords2D": "2D: (397891.993, 808255.056)",
        "coords3D_original": "3D_Original: (-793548.981, 426441.300, 0.000)",
        "coords3D": "3D: (-30.920, 28.897, 1.085)",
        "coordsMtEden": "MtEden: (397891.993, 808255.056, -1.301)",
        "easting": 397891.9925914312,
        "northing": 808255.0557028652,
        "longitude": 174.74054201942104,
        "latitude": -36.805325605873584,
        "group": "R1 - Green (90 points)",
        "canvasX": -62.580000000000005,
        "canvasY": -36.709999999999994,
        "variant": "northing_easting_direct"
      }
    },
    {
      "type": "Feature",
      "geometry": {
        "type": "Point",
        "coordinates": [
          -31.40031082648784,
          28.554256020812318,
          1.0792946539600001
        ]
      },
      "properties": {
        "id": "1_65",
        "camera": "R1 - Green (Point)",
        "frame": "0066",
        "image": "pano_camera0/frame_0066_hp_preview.jpg",
        "frameId": "0066",
        "height": -1.168229,
        "coords2D": "2D: (397891.512, 808254.713)",
        "coords3D_original": "3D_Original: (-793548.981, 426441.300, 0.000)",
        "coords3D": "3D: (-31.400, 28.554, 1.079)",
        "coordsMtEden": "MtEden: (397891.512, 808254.713, -1.168)",
        "easting": 397891.5121891735,
        "northing": 808254.7132560208,
        "longitude": 174.74053663455763,
        "latitude": -36.80532869094193,
        "group": "R1 - Green (90 points)",
        "canvasX": -70.44999999999999,
        "canvasY": -31.099999999999998,
        "variant": "northing_easting_direct"
      }
    },
    {
      "type": "Feature",
      "geometry": {
        "type": "Point",
        "coordinates": [
          -32.78596918104449,
          26.918934993678704,
          0.9999442577200001
        ]
      },
      "properties": {
        "id": "1_66",
        "camera": "R1 - Green (Point)",
        "frame": "0067",
        "image": "pano_camera0/frame_0067_hp_preview.jpg",
        "frameId": "0067",
        "height": -0.534157,
        "coords2D": "2D: (397890.127, 808253.078)",
        "coords3D_original": "3D_Original: (-793548.981, 426441.300, 0.000)",
        "coords3D": "3D: (-32.786, 26.919, 1.000)",
        "coordsMtEden": "MtEden: (397890.127, 808253.078, -0.534)",
        "easting": 397890.12653081893,
        "northing": 808253.0779349937,
        "longitude": 174.7405211008169,
        "latitude": -36.80534342540185,
        "group": "R1 - Green (90 points)",
        "canvasX": -93.15,
        "canvasY": -4.3100000000000005,
        "variant": "northing_easting_direct"
      }
    },
    {
      "type": "Feature",
      "geometry": {
        "type": "Point",
        "coordinates": [
          -33.59905152826104,
          25.035172138130292,
          0.98360895536
        ]
      },
      "properties": {
        "id": "1_67",
        "camera": "R1 - Green (Point)",
        "frame": "0068",
        "image": "pano_camera0/frame_0068_hp_preview.jpg",
        "frameId": "0068",
        "height": 0.19614,
        "coords2D": "2D: (397889.313, 808251.194)",
        "coords3D_original": "3D_Original: (-793548.981, 426441.300, 0.000)",
        "coords3D": "3D: (-33.599, 25.035, 0.984)",
        "coordsMtEden": "MtEden: (397889.313, 808251.194, 0.196)",
        "easting": 397889.3134484717,
        "northing": 808251.1941721381,
        "longitude": 174.7405119832996,
        "latitude": -36.805360400098955,
        "group": "R1 - Green (90 points)",
        "canvasX": -106.47,
        "canvasY": 26.55,
        "variant": "northing_easting_direct"
      }
    },
    {
      "type": "Feature",
      "geometry": {
        "type": "Point",
        "coordinates": [
          -33.71381089859642,
          24.74949455668684,
          0.9935564622399999
        ]
      },
      "properties": {
        "id": "1_68",
        "camera": "R1 - Green (Point)",
        "frame": "0069",
        "image": "pano_camera0/frame_0069_hp_preview.jpg",
        "frameId": "0069",
        "height": 0.306932,
        "coords2D": "2D: (397889.199, 808250.908)",
        "coords3D_original": "3D_Original: (-793548.981, 426441.300, 0.000)",
        "coords3D": "3D: (-33.714, 24.749, 0.994)",
        "coordsMtEden": "MtEden: (397889.199, 808250.908, 0.307)",
        "easting": 397889.1986891014,
        "northing": 808250.9084945567,
        "longitude": 174.7405106963876,
        "latitude": -36.80536297437532,
        "group": "R1 - Green (90 points)",
        "canvasX": -108.35,
        "canvasY": 31.23,
        "variant": "northing_easting_direct"
      }
    },
    {
      "type": "Feature",
      "geometry": {
        "type": "Point",
        "coordinates": [
          -33.37441616511205,
          22.618510717176832,
          0.959399637
        ]
      },
      "properties": {
        "id": "1_69",
        "camera": "R1 - Green (Point)",
        "frame": "0070",
        "image": "pano_camera0/frame_0070_hp_preview.jpg",
        "frameId": "0070",
        "height": 1.132959,
        "coords2D": "2D: (397889.538, 808248.778)",
        "coords3D_original": "3D_Original: (-793548.981, 426441.300, 0.000)",
        "coords3D": "3D: (-33.374, 22.619, 0.959)",
        "coordsMtEden": "MtEden: (397889.538, 808248.778, 1.133)",
        "easting": 397889.53808383486,
        "northing": 808248.7775107172,
        "longitude": 174.74051449411309,
        "latitude": -36.805382179601416,
        "group": "R1 - Green (90 points)",
        "canvasX": -102.79000000000002,
        "canvasY": 66.14,
        "variant": "northing_easting_direct"
      }
    },
    {
      "type": "Feature",
      "geometry": {
        "type": "Point",
        "coordinates": [
          -32.226822461758275,
          21.477631657849997,
          0.9446161719599999
        ]
      },
      "properties": {
        "id": "1_70",
        "camera": "R1 - Green (Point)",
        "frame": "0071",
        "image": "pano_camera0/frame_0071_hp_preview.jpg",
        "frameId": "0071",
        "height": 1.575298,
        "coords2D": "2D: (397890.686, 808247.637)",
        "coords3D_original": "3D_Original: (-793548.981, 426441.300, 0.000)",
        "coords3D": "3D: (-32.227, 21.478, 0.945)",
        "coordsMtEden": "MtEden: (397890.686, 808247.637, 1.575)",
        "easting": 397890.6856775382,
        "northing": 808247.6366316578,
        "longitude": 174.7405273521571,
        "latitude": -36.80539246378369,
        "group": "R1 - Green (90 points)",
        "canvasX": -83.99000000000001,
        "canvasY": 84.83,
        "variant": "northing_easting_direct"
      }
    },
    {
      "type": "Feature",
      "geometry": {
        "type": "Point",
        "coordinates": [
          -31.045655538444407,
          20.839130054810084,
          0.9799508187599999
        ]
      },
      "properties": {
        "id": "1_71",
        "camera": "R1 - Green (Point)",
        "frame": "0072",
        "image": "pano_camera0/frame_0072_hp_preview.jpg",
        "frameId": "0072",
        "height": 1.822946,
        "coords2D": "2D: (397891.867, 808246.998)",
        "coords3D_original": "3D_Original: (-793548.981, 426441.300, 0.000)",
        "coords3D": "3D: (-31.046, 20.839, 0.980)",
        "coordsMtEden": "MtEden: (397891.867, 808246.998, 1.823)",
        "easting": 397891.86684446153,
        "northing": 808246.9981300548,
        "longitude": 174.74054058785424,
        "latitude": -36.80539822060348,
        "group": "R1 - Green (90 points)",
        "canvasX": -64.64000000000001,
        "canvasY": 95.29,
        "variant": "northing_easting_direct"
      }
    },
    {
      "type": "Feature",
      "geometry": {
        "type": "Point",
        "coordinates": [
          -30.813084686815273,
          20.767710659420118,
          0.9926804779599999
        ]
      },
      "properties": {
        "id": "1_72",
        "camera": "R1 - Green (Point)",
        "frame": "0073",
        "image": "pano_camera0/frame_0073_hp_preview.jpg",
        "frameId": "0073",
        "height": 1.850682,
        "coords2D": "2D: (397892.099, 808246.927)",
        "coords3D_original": "3D_Original: (-793548.981, 426441.300, 0.000)",
        "coords3D": "3D: (-30.813, 20.768, 0.993)",
        "coordsMtEden": "MtEden: (397892.099, 808246.927, 1.851)",
        "easting": 397892.09941531316,
        "northing": 808246.9267106594,
        "longitude": 174.74054319410328,
        "latitude": -36.80539886475428,
        "group": "R1 - Green (90 points)",
        "canvasX": -60.830000000000005,
        "canvasY": 96.46000000000001,
        "variant": "northing_easting_direct"
      }
    },
    {
      "type": "Feature",
      "geometry": {
        "type": "Point",
        "coordinates": [
          -29.204622235673014,
          19.943030290771276,
          1.02405515088
        ]
      },
      "properties": {
        "id": "1_73",
        "camera": "R1 - Green (Point)",
        "frame": "0074",
        "image": "pano_camera0/frame_0074_hp_preview.jpg",
        "frameId": "0074",
        "height": 2.170269,
        "coords2D": "2D: (397893.708, 808246.102)",
        "coords3D_original": "3D_Original: (-793548.981, 426441.300, 0.000)",
        "coords3D": "3D: (-29.205, 19.943, 1.024)",
        "coordsMtEden": "MtEden: (397893.708, 808246.102, 2.170)",
        "easting": 397893.7078777643,
        "northing": 808246.1020302908,
        "longitude": 174.7405612180354,
        "latitude": -36.80540630036967,
        "group": "R1 - Green (90 points)",
        "canvasX": -34.480000000000004,
        "canvasY": 109.97,
        "variant": "northing_easting_direct"
      }
    },
    {
      "type": "Feature",
      "geometry": {
        "type": "Point",
        "coordinates": [
          -27.453320993750822,
          18.851595428190194,
          1.09456696416
        ]
      },
      "properties": {
        "id": "1_74",
        "camera": "R1 - Green (Point)",
        "frame": "0075",
        "image": "pano_camera0/frame_0075_hp_preview.jpg",
        "frameId": "0075",
        "height": 2.593397,
        "coords2D": "2D: (397895.459, 808245.011)",
        "coords3D_original": "3D_Original: (-793548.981, 426441.300, 0.000)",
        "coords3D": "3D: (-27.453, 18.852, 1.095)",
        "coordsMtEden": "MtEden: (397895.459, 808245.011, 2.593)",
        "easting": 397895.4591790062,
        "northing": 808245.0105954282,
        "longitude": 174.7405808420439,
        "latitude": -36.805416140296686,
        "group": "R1 - Green (90 points)",
        "canvasX": -5.789999999999999,
        "canvasY": 127.85000000000001,
        "variant": "northing_easting_direct"
      }
    },
    {
      "type": "Feature",
      "geometry": {
        "type": "Point",
        "coordinates": [
          -26.762323083006777,
          18.431014544446953,
          1.07351381388
        ]
      },
      "properties": {
        "id": "1_75",
        "camera": "R1 - Green (Point)",
        "frame": "0076",
        "image": "pano_camera0/frame_0076_hp_preview.jpg",
        "frameId": "0076",
        "height": 2.756592,
        "coords2D": "2D: (397896.150, 808244.590)",
        "coords3D_original": "3D_Original: (-793548.981, 426441.300, 0.000)",
        "coords3D": "3D: (-26.762, 18.431, 1.074)",
        "coordsMtEden": "MtEden: (397896.150, 808244.590, 2.757)",
        "easting": 397896.15017691697,
        "northing": 808244.5900145444,
        "longitude": 174.7405885849722,
        "latitude": -36.80541993211563,
        "group": "R1 - Green (90 points)",
        "canvasX": 5.529999999999998,
        "canvasY": 134.74,
        "variant": "northing_easting_direct"
      }
    },
    {
      "type": "Feature",
      "geometry": {
        "type": "Point",
        "coordinates": [
          -25.216123694495764,
          17.530031402828172,
          1.15891079824
        ]
      },
      "properties": {
        "id": "1_76",
        "camera": "R1 - Green (Point)",
        "frame": "0077",
        "image": "pano_camera0/frame_0077_hp_preview.jpg",
        "frameId": "0077",
        "height": 3.105892,
        "coords2D": "2D: (397897.696, 808243.689)",
        "coords3D_original": "3D_Original: (-793548.981, 426441.300, 0.000)",
        "coords3D": "3D: (-25.216, 17.530, 1.159)",
        "coordsMtEden": "MtEden: (397897.696, 808243.689, 3.106)",
        "easting": 397897.6963763055,
        "northing": 808243.6890314028,
        "longitude": 174.7406059109138,
        "latitude": -36.80542805522804,
        "group": "R1 - Green (90 points)",
        "canvasX": 30.86,
        "canvasY": 149.5,
        "variant": "northing_easting_direct"
      }
    },
    {
      "type": "Feature",
      "geometry": {
        "type": "Point",
        "coordinates": [
          -23.41781994450139,
          16.54664126667194,
          1.24857943628
        ]
      },
      "properties": {
        "id": "1_77",
        "camera": "R1 - Green (Point)",
        "frame": "0078",
        "image": "pano_camera0/frame_0078_hp_preview.jpg",
        "frameId": "0078",
        "height": 3.486934,
        "coords2D": "2D: (397899.495, 808242.706)",
        "coords3D_original": "3D_Original: (-793548.981, 426441.300, 0.000)",
        "coords3D": "3D: (-23.418, 16.547, 1.249)",
        "coordsMtEden": "MtEden: (397899.495, 808242.706, 3.487)",
        "easting": 397899.4946800555,
        "northing": 808242.7056412667,
        "longitude": 174.7406260619941,
        "latitude": -36.80543692155067,
        "group": "R1 - Green (90 points)",
        "canvasX": 60.32,
        "canvasY": 165.61,
        "variant": "northing_easting_direct"
      }
    },
    {
      "type": "Feature",
      "geometry": {
        "type": "Point",
        "coordinates": [
          -21.109203249856364,
          14.916203616885468,
          1.22923888448
        ]
      },
      "properties": {
        "id": "1_78",
        "camera": "R1 - Green (Point)",
        "frame": "0079",
        "image": "pano_camera0/frame_0079_hp_preview.jpg",
        "frameId": "0079",
        "height": 4.119129,
        "coords2D": "2D: (397901.803, 808241.075)",
        "coords3D_original": "3D_Original: (-793548.981, 426441.300, 0.000)",
        "coords3D": "3D: (-21.109, 14.916, 1.229)",
        "coordsMtEden": "MtEden: (397901.803, 808241.075, 4.119)",
        "easting": 397901.8032967501,
        "northing": 808241.0752036169,
        "longitude": 174.74065193043214,
        "latitude": -36.80545162020604,
        "group": "R1 - Green (90 points)",
        "canvasX": 98.13999999999999,
        "canvasY": 192.32,
        "variant": "northing_easting_direct"
      }
    },
    {
      "type": "Feature",
      "geometry": {
        "type": "Point",
        "coordinates": [
          -20.12154015840497,
          13.426773491315544,
          1.2803314058
        ]
      },
      "properties": {
        "id": "1_79",
        "camera": "R1 - Green (Point)",
        "frame": "0080",
        "image": "pano_camera0/frame_0080_hp_preview.jpg",
        "frameId": "0080",
        "height": 4.696515,
        "coords2D": "2D: (397902.791, 808239.586)",
        "coords3D_original": "3D_Original: (-793548.981, 426441.300, 0.000)",
        "coords3D": "3D: (-20.122, 13.427, 1.280)",
        "coordsMtEden": "MtEden: (397902.791, 808239.586, 4.697)",
        "easting": 397902.7909598416,
        "northing": 808239.5857734913,
        "longitude": 174.74066299518495,
        "latitude": -36.805465045168376,
        "group": "R1 - Green (90 points)",
        "canvasX": 114.32,
        "canvasY": 216.72,
        "variant": "northing_easting_direct"
      }
    },
    {
      "type": "Feature",
      "geometry": {
        "type": "Point",
        "coordinates": [
          -31.08655382465804,
          17.514770848327316,
          1.01517719784
        ]
      },
      "properties": {
        "id": "1_80",
        "camera": "R1 - Green (Point)",
        "frame": "0118",
        "image": "pano_camera0/frame_0118_hp_preview.jpg",
        "frameId": "0118",
        "height": 3.111636,
        "coords2D": "2D: (397891.826, 808243.674)",
        "coords3D_original": "3D_Original: (-793548.981, 426441.300, 0.000)",
        "coords3D": "3D: (-31.087, 17.515, 1.015)",
        "coordsMtEden": "MtEden: (397891.826, 808243.674, 3.112)",
        "easting": 397891.8259461753,
        "northing": 808243.6737708483,
        "longitude": 174.74054012029868,
        "latitude": -36.80542817970486,
        "group": "R1 - Green (90 points)",
        "canvasX": -65.31,
        "canvasY": 149.75,
        "variant": "northing_easting_direct"
      }
    },
    {
      "type": "Feature",
      "geometry": {
        "type": "Point",
        "coordinates": [
          -31.027953295095358,
          18.69227523857262,
          1.04221460028
        ]
      },
      "properties": {
        "id": "1_81",
        "camera": "R1 - Green (Point)",
        "frame": "0119",
        "image": "pano_camera0/frame_0119_hp_preview.jpg",
        "frameId": "0119",
        "height": 2.655313,
        "coords2D": "2D: (397891.885, 808244.851)",
        "coords3D_original": "3D_Original: (-793548.981, 426441.300, 0.000)",
        "coords3D": "3D: (-31.028, 18.692, 1.042)",
        "coordsMtEden": "MtEden: (397891.885, 808244.851, 2.655)",
        "easting": 397891.8845467049,
        "northing": 808244.8512752386,
        "longitude": 174.74054078030142,
        "latitude": -36.80541756814195,
        "group": "R1 - Green (90 points)",
        "canvasX": -64.35,
        "canvasY": 130.46,
        "variant": "northing_easting_direct"
      }
    },
    {
      "type": "Feature",
      "geometry": {
        "type": "Point",
        "coordinates": [
          -31.972276411601342,
          20.279983335523866,
          1.03535764468
        ]
      },
      "properties": {
        "id": "1_82",
        "camera": "R1 - Green (Point)",
        "frame": "0120",
        "image": "pano_camera0/frame_0120_hp_preview.jpg",
        "frameId": "0120",
        "height": 2.03974,
        "coords2D": "2D: (397890.940, 808246.439)",
        "coords3D_original": "3D_Original: (-793548.981, 426441.300, 0.000)",
        "coords3D": "3D: (-31.972, 20.280, 1.035)",
        "coordsMtEden": "MtEden: (397890.940, 808246.439, 2.040)",
        "easting": 397890.9402235884,
        "northing": 808246.4389833355,
        "longitude": 174.74053020156484,
        "latitude": -36.805403257581624,
        "group": "R1 - Green (90 points)",
        "canvasX": -79.82,
        "canvasY": 104.45,
        "variant": "northing_easting_direct"
      }
    },
    {
      "type": "Feature",
      "geometry": {
        "type": "Point",
        "coordinates": [
          -32.86288237606641,
          20.887353407219052,
          0.99708336524
        ]
      },
      "properties": {
        "id": "1_83",
        "camera": "R1 - Green (Point)",
        "frame": "0121",
        "image": "pano_camera0/frame_0121_hp_preview.jpg",
        "frameId": "0121",
        "height": 1.804077,
        "coords2D": "2D: (397890.050, 808247.046)",
        "coords3D_original": "3D_Original: (-793548.981, 426441.300, 0.000)",
        "coords3D": "3D: (-32.863, 20.887, 0.997)",
        "coordsMtEden": "MtEden: (397890.050, 808247.046, 1.804)",
        "easting": 397890.0496176239,
        "northing": 808247.0463534072,
        "longitude": 174.74052022212953,
        "latitude": -36.805397781966164,
        "group": "R1 - Green (90 points)",
        "canvasX": -94.41,
        "canvasY": 94.5,
        "variant": "northing_easting_direct"
      }
    },
    {
      "type": "Feature",
      "geometry": {
        "type": "Point",
        "coordinates": [
          -33.6710813458194,
          21.24506080627907,
          1.00504268308
        ]
      },
      "properties": {
        "id": "1_84",
        "camera": "R1 - Green (Point)",
        "frame": "0122",
        "image": "pano_camera0/frame_0122_hp_preview.jpg",
        "frameId": "0122",
        "height": 1.66544,
        "coords2D": "2D: (397889.241, 808247.404)",
        "coords3D_original": "3D_Original: (-793548.981, 426441.300, 0.000)",
        "coords3D": "3D: (-33.671, 21.245, 1.005)",
        "coordsMtEden": "MtEden: (397889.241, 808247.404, 1.665)",
        "easting": 397889.24141865416,
        "northing": 808247.4040608063,
        "longitude": 174.74051116554762,
        "latitude": -36.80539455649861,
        "group": "R1 - Green (90 points)",
        "canvasX": -107.65,
        "canvasY": 88.64,
        "variant": "northing_easting_direct"
      }
    },
    {
      "type": "Feature",
      "geometry": {
        "type": "Point",
        "coordinates": [
          -35.393082322960254,
          21.549051053239964,
          0.98740816808
        ]
      },
      "properties": {
        "id": "1_85",
        "camera": "R1 - Green (Point)",
        "frame": "0123",
        "image": "pano_camera0/frame_0123_hp_preview.jpg",
        "frameId": "0123",
        "height": 1.547754,
        "coords2D": "2D: (397887.519, 808247.708)",
        "coords3D_original": "3D_Original: (-793548.981, 426441.300, 0.000)",
        "coords3D": "3D: (-35.393, 21.549, 0.987)",
        "coordsMtEden": "MtEden: (397887.519, 808247.708, 1.548)",
        "easting": 397887.519417677,
        "northing": 808247.7080510532,
        "longitude": 174.74049186774016,
        "latitude": -36.80539181309226,
        "group": "R1 - Green (90 points)",
        "canvasX": -135.86,
        "canvasY": 83.66,
        "variant": "northing_easting_direct"
      }
    },
    {
      "type": "Feature",
      "geometry": {
        "type": "Point",
        "coordinates": [
          -36.75249252363574,
          21.176083099562675,
          0.95855318028
        ]
      },
      "properties": {
        "id": "1_86",
        "camera": "R1 - Green (Point)",
        "frame": "0124",
        "image": "pano_camera0/frame_0124_hp_preview.jpg",
        "frameId": "0124",
        "height": 1.692181,
        "coords2D": "2D: (397886.160, 808247.335)",
        "coords3D_original": "3D_Original: (-793548.981, 426441.300, 0.000)",
        "coords3D": "3D: (-36.752, 21.176, 0.959)",
        "coordsMtEden": "MtEden: (397886.160, 808247.335, 1.692)",
        "easting": 397886.16000747634,
        "northing": 808247.3350830995,
        "longitude": 174.74047663164845,
        "latitude": -36.8053951712533,
        "group": "R1 - Green (90 points)",
        "canvasX": -158.13,
        "canvasY": 89.77000000000001,
        "variant": "northing_easting_direct"
      }
    },
    {
      "type": "Feature",
      "geometry": {
        "type": "Point",
        "coordinates": [
          -37.07906839135103,
          20.283035446424037,
          0.9260072474800001
        ]
      },
      "properties": {
        "id": "1_87",
        "camera": "R1 - Green (Point)",
        "frame": "0125",
        "image": "pano_camera0/frame_0125_hp_preview.jpg",
        "frameId": "0125",
        "height": 2.038568,
        "coords2D": "2D: (397885.833, 808246.442)",
        "coords3D_original": "3D_Original: (-793548.981, 426441.300, 0.000)",
        "coords3D": "3D: (-37.079, 20.283, 0.926)",
        "coordsMtEden": "MtEden: (397885.833, 808246.442, 2.039)",
        "easting": 397885.8334316086,
        "northing": 808246.4420354464,
        "longitude": 174.7404729691978,
        "latitude": -36.805403218687765,
        "group": "R1 - Green (90 points)",
        "canvasX": -163.48000000000002,
        "canvasY": 104.4,
        "variant": "northing_easting_direct"
      }
    },
    {
      "type": "Feature",
      "geometry": {
        "type": "Point",
        "coordinates": [
          -37.09005599061493,
          19.732434637728147,
          0.9965387457999999
        ]
      },
      "properties": {
        "id": "1_88",
        "camera": "R1 - Green (Point)",
        "frame": "0126",
        "image": "pano_camera0/frame_0126_hp_preview.jpg",
        "frameId": "0126",
        "height": 2.251918,
        "coords2D": "2D: (397885.822, 808245.891)",
        "coords3D_original": "3D_Original: (-793548.981, 426441.300, 0.000)",
        "coords3D": "3D: (-37.090, 19.732, 0.997)",
        "coordsMtEden": "MtEden: (397885.822, 808245.891, 2.252)",
        "easting": 397885.82244400936,
        "northing": 808245.8914346377,
        "longitude": 174.74047284452982,
        "latitude": -36.805408180688865,
        "group": "R1 - Green (90 points)",
        "canvasX": -163.66,
        "canvasY": 113.42,
        "variant": "northing_easting_direct"
      }
    },
    {
      "type": "Feature",
      "geometry": {
        "type": "Point",
        "coordinates": [
          -36.751882101467345,
          26.124775734031573,
          0.072588585
        ]
      },
      "properties": {
        "id": "1_89",
        "camera": "R1 - Green (End)",
        "frame": "0197",
        "image": "pano_camera0/frame_0197_hp_preview.jpg",
        "frameId": "0197",
        "height": -1.150226,
        "coords2D": "2D: (397886.161, 808252.284)",
        "coords3D_original": "3D_Original: (-793548.981, 426441.300, 0.000)",
        "coords3D": "3D: (-36.752, 26.125, 0.073)",
        "coordsMtEden": "MtEden: (397886.161, 808252.284, -1.150)",
        "easting": 397886.1606178985,
        "northing": 808252.283775734,
        "longitude": 174.74047665222753,
        "latitude": -36.80535057353623,
        "group": "R1 - Green (90 points)",
        "canvasX": -158.12,
        "canvasY": 8.7,
        "variant": "northing_easting_direct"
      }
    },
    {
      "type": "Feature",
      "geometry": {
        "type": "Point",
        "coordinates": [
          -26.582248539139982,
          16.956844973377883,
          0
        ]
      },
      "properties": {
        "id": "2_0",
        "camera": "R2 - Blue (Start)",
        "frame": "0089",
        "image": "pano_camera0/frame_0089_hp_preview.jpg",
        "frameId": "0089",
        "height": 3.327995,
        "coords2D": "2D: (397896.330, 808243.116)",
        "coords3D_original": "3D_Original: (-793548.981, 426441.300, 0.000)",
        "coords3D": "3D: (-26.582, 16.957, 0.000)",
        "coordsMtEden": "MtEden: (397896.330, 808243.116, 3.328)",
        "easting": 397896.33025146084,
        "northing": 808243.1158449734,
        "longitude": 174.74059059901495,
        "latitude": -36.805433217761696,
        "group": "R2 - Blue (11 points)",
        "canvasX": 8.480000000000018,
        "canvasY": 158.89,
        "variant": "northing_easting_direct"
      }
    },
    {
      "type": "Feature",
      "geometry": {
        "type": "Point",
        "coordinates": [
          -26.30816897918703,
          21.886004097992554,
          0.21934383904
        ]
      },
      "properties": {
        "id": "2_1",
        "camera": "R2 - Blue (Point)",
        "frame": "0090",
        "image": "pano_camera0/frame_0090_hp_preview.jpg",
        "frameId": "0090",
        "height": 1.417031,
        "coords2D": "2D: (397896.604, 808248.045)",
        "coords3D_original": "3D_Original: (-793548.981, 426441.300, 0.000)",
        "coords3D": "3D: (-26.308, 21.886, 0.219)",
        "coordsMtEden": "MtEden: (397896.604, 808248.045, 1.417)",
        "easting": 397896.6043310208,
        "northing": 808248.045004098,
        "longitude": 174.74059368427197,
        "latitude": -36.80538879668875,
        "group": "R2 - Blue (11 points)",
        "canvasX": 12.969999999999999,
        "canvasY": 78.14,
        "variant": "northing_easting_direct"
      }
    },
    {
      "type": "Feature",
      "geometry": {
        "type": "Point",
        "coordinates": [
          -26.289245891501196,
          22.011140645481646,
          0.20631890424
        ]
      },
      "properties": {
        "id": "2_2",
        "camera": "R2 - Blue (Point)",
        "frame": "0091",
        "image": "pano_camera0/frame_0091_hp_preview.jpg",
        "frameId": "0091",
        "height": 1.368552,
        "coords2D": "2D: (397896.623, 808248.170)",
        "coords3D_original": "3D_Original: (-793548.981, 426441.300, 0.000)",
        "coords3D": "3D: (-26.289, 22.011, 0.206)",
        "coordsMtEden": "MtEden: (397896.623, 808248.170, 1.369)",
        "easting": 397896.6232541085,
        "northing": 808248.1701406455,
        "longitude": 174.7405938966907,
        "latitude": -36.805387668997675,
        "group": "R2 - Blue (11 points)",
        "canvasX": 13.280000000000001,
        "canvasY": 76.09,
        "variant": "northing_easting_direct"
      }
    },
    {
      "type": "Feature",
      "geometry": {
        "type": "Point",
        "coordinates": [
          -22.472886405827012,
          27.895610485807993,
          -0.06106955576
        ]
      },
      "properties": {
        "id": "2_3",
        "camera": "R2 - Blue (Point)",
        "frame": "0092",
        "image": "pano_camera0/frame_0092_hp_preview.jpg",
        "frameId": "0092",
        "height": -0.912885,
        "coords2D": "2D: (397900.440, 808254.055)",
        "coords3D_original": "3D_Original: (-793548.981, 426441.300, 0.000)",
        "coords3D": "3D: (-22.473, 27.896, -0.061)",
        "coordsMtEden": "MtEden: (397900.440, 808254.055, -0.913)",
        "easting": 397900.43961359415,
        "northing": 808254.0546104858,
        "longitude": 174.74063668326514,
        "latitude": -36.805334646505514,
        "group": "R2 - Blue (11 points)",
        "canvasX": 75.80000000000001,
        "canvasY": -20.310000000000002,
        "variant": "northing_easting_direct"
      }
    },
    {
      "type": "Feature",
      "geometry": {
        "type": "Point",
        "coordinates": [
          -20.81436933565419,
          28.85153162374627,
          0.06161745604
        ]
      },
      "properties": {
        "id": "2_4",
        "camera": "R2 - Blue (Point)",
        "frame": "0093",
        "image": "pano_camera0/frame_0093_hp_preview.jpg",
        "frameId": "0093",
        "height": -1.283528,
        "coords2D": "2D: (397902.098, 808255.011)",
        "coords3D_original": "3D_Original: (-793548.981, 426441.300, 0.000)",
        "coords3D": "3D: (-20.814, 28.852, 0.062)",
        "coordsMtEden": "MtEden: (397902.098, 808255.011, -1.284)",
        "easting": 397902.0981306643,
        "northing": 808255.0105316237,
        "longitude": 174.74065527306428,
        "latitude": -36.80532603540068,
        "group": "R2 - Blue (11 points)",
        "canvasX": 102.97000000000001,
        "canvasY": -35.97,
        "variant": "northing_easting_direct"
      }
    },
    {
      "type": "Feature",
      "geometry": {
        "type": "Point",
        "coordinates": [
          -17.597444433311466,
          29.827596693765372,
          0.20102362848
        ]
      },
      "properties": {
        "id": "2_5",
        "camera": "R2 - Blue (Middle)",
        "frame": "0094",
        "image": "pano_camera0/frame_0094_hp_preview.jpg",
        "frameId": "0094",
        "height": -1.661858,
        "coords2D": "2D: (397905.315, 808255.987)",
        "coords3D_original": "3D_Original: (-793548.981, 426441.300, 0.000)",
        "coords3D": "3D: (-17.597, 29.828, 0.201)",
        "coordsMtEden": "MtEden: (397905.315, 808255.987, -1.662)",
        "easting": 397905.31505556667,
        "northing": 808255.9865966938,
        "longitude": 174.74069132814193,
        "latitude": -36.80531724620408,
        "group": "R2 - Blue (11 points)",
        "canvasX": 155.67000000000002,
        "canvasY": -51.959999999999994,
        "variant": "northing_easting_direct"
      }
    },
    {
      "type": "Feature",
      "geometry": {
        "type": "Point",
        "coordinates": [
          -13.642519112152513,
          30.416654099943116,
          -0.04215551316
        ]
      },
      "properties": {
        "id": "2_6",
        "camera": "R2 - Blue (Point)",
        "frame": "0095",
        "image": "pano_camera0/frame_0095_hp_preview.jpg",
        "frameId": "0095",
        "height": -1.89021,
        "coords2D": "2D: (397909.270, 808256.576)",
        "coords3D_original": "3D_Original: (-793548.981, 426441.300, 0.000)",
        "coords3D": "3D: (-13.643, 30.417, -0.042)",
        "coordsMtEden": "MtEden: (397909.270, 808256.576, -1.890)",
        "easting": 397909.2699808878,
        "northing": 808256.5756540999,
        "longitude": 174.74073565298988,
        "latitude": -36.805311946347246,
        "group": "R2 - Blue (11 points)",
        "canvasX": 220.46,
        "canvasY": -61.61,
        "variant": "northing_easting_direct"
      }
    },
    {
      "type": "Feature",
      "geometry": {
        "type": "Point",
        "coordinates": [
          -8.810417114582378,
          30.010112926363945,
          -0.19614830024
        ]
      },
      "properties": {
        "id": "2_7",
        "camera": "R2 - Blue (Point)",
        "frame": "0096",
        "image": "pano_camera0/frame_0096_hp_preview.jpg",
        "frameId": "0096",
        "height": -1.732579,
        "coords2D": "2D: (397914.102, 808256.169)",
        "coords3D_original": "3D_Original: (-793548.981, 426441.300, 0.000)",
        "coords3D": "3D: (-8.810, 30.010, -0.196)",
        "coordsMtEden": "MtEden: (397914.102, 808256.169, -1.733)",
        "easting": 397914.1020828854,
        "northing": 808256.1691129263,
        "longitude": 174.74078980570687,
        "latitude": -36.80531562076128,
        "group": "R2 - Blue (11 points)",
        "canvasX": 299.62,
        "canvasY": -54.95,
        "variant": "northing_easting_direct"
      }
    },
    {
      "type": "Feature",
      "geometry": {
        "type": "Point",
        "coordinates": [
          -3.6029054747195914,
          25.436219512019306,
          -0.54793965008
        ]
      },
      "properties": {
        "id": "2_8",
        "camera": "R2 - Blue (Point)",
        "frame": "0097",
        "image": "pano_camera0/frame_0097_hp_preview.jpg",
        "frameId": "0097",
        "height": 0.040706,
        "coords2D": "2D: (397919.310, 808251.595)",
        "coords3D_original": "3D_Original: (-793548.981, 426441.300, 0.000)",
        "coords3D": "3D: (-3.603, 25.436, -0.548)",
        "coordsMtEden": "MtEden: (397919.310, 808251.595, 0.041)",
        "easting": 397919.30959452526,
        "northing": 808251.595219512,
        "longitude": 174.7408481542938,
        "latitude": -36.80535685223892,
        "group": "R2 - Blue (11 points)",
        "canvasX": 384.93,
        "canvasY": 19.980000000000004,
        "variant": "northing_easting_direct"
      }
    },
    {
      "type": "Feature",
      "geometry": {
        "type": "Point",
        "coordinates": [
          -2.971118515706621,
          24.349668027018197,
          -0.70328742408
        ]
      },
      "properties": {
        "id": "2_9",
        "camera": "R2 - Blue (Point)",
        "frame": "0098",
        "image": "pano_camera0/frame_0098_hp_preview.jpg",
        "frameId": "0098",
        "height": 0.461981,
        "coords2D": "2D: (397919.941, 808250.509)",
        "coords3D_original": "3D_Original: (-793548.981, 426441.300, 0.000)",
        "coords3D": "3D: (-2.971, 24.350, -0.703)",
        "coordsMtEden": "MtEden: (397919.941, 808250.509, 0.462)",
        "easting": 397919.94138148427,
        "northing": 808250.508668027,
        "longitude": 174.74085523182683,
        "latitude": -36.80536664565104,
        "group": "R2 - Blue (11 points)",
        "canvasX": 395.28,
        "canvasY": 37.78,
        "variant": "northing_easting_direct"
      }
    },
    {
      "type": "Feature",
      "geometry": {
        "type": "Point",
        "coordinates": [
          -0.6075638246838935,
          17.609386286581866,
          -1.00321853604
        ]
      },
      "properties": {
        "id": "2_10",
        "camera": "R2 - Blue (End)",
        "frame": "0099",
        "image": "pano_camera0/frame_0099_hp_preview.jpg",
        "frameId": "0099",
        "height": 3.074974,
        "coords2D": "2D: (397922.305, 808243.768)",
        "coords3D_original": "3D_Original: (-793548.981, 426441.300, 0.000)",
        "coords3D": "3D: (-0.608, 17.609, -1.003)",
        "coordsMtEden": "MtEden: (397922.305, 808243.768, 3.075)",
        "easting": 397922.3049361753,
        "northing": 808243.7683862866,
        "longitude": 174.74088170203814,
        "latitude": -36.80542739439582,
        "group": "R2 - Blue (11 points)",
        "canvasX": 434,
        "canvasY": 148.2,
        "variant": "northing_easting_direct"
      }
    },
    {
      "type": "Feature",
      "geometry": {
        "type": "Point",
        "coordinates": [
          -26.58163811697159,
          32.98164811136667,
          0.0032513124399999997
        ]
      },
      "properties": {
        "id": "3_0",
        "camera": "R3 - Yellow (Start)",
        "frame": "0143",
        "image": "pano_camera0/frame_0143_hp_preview.jpg",
        "frameId": "0143",
        "height": 2.810063,
        "coords2D": "2D: (397896.331, 808259.141)",
        "coords3D_original": "3D_Original: (-793548.981, 426441.300, 0.000)",
        "coords3D": "3D: (-26.582, 32.982, 0.003)",
        "coordsMtEden": "MtEden: (397896.331, 808259.141, 2.810)",
        "easting": 397896.330861883,
        "northing": 808259.1406481114,
        "longitude": 174.74059065012835,
        "latitude": -36.80528880191158,
        "group": "R3 - Yellow (11 points)",
        "canvasX": 8.489999999999995,
        "canvasY": -103.63000000000001,
        "variant": "northing_easting_direct"
      }
    },
    {
      "type": "Feature",
      "geometry": {
        "type": "Point",
        "coordinates": [
          -29.522652192797977,
          33.02559850853868,
          0.0509842536
        ]
      },
      "properties": {
        "id": "3_1",
        "camera": "R3 - Yellow (Point)",
        "frame": "0144",
        "image": "pano_camera0/frame_0144_hp_preview.jpg",
        "frameId": "0144",
        "height": 2.758182,
        "coords2D": "2D: (397893.390, 808259.185)",
        "coords3D_original": "3D_Original: (-793548.981, 426441.300, 0.000)",
        "coords3D": "3D: (-29.523, 33.026, 0.051)",
        "coordsMtEden": "MtEden: (397893.390, 808259.185, 2.758)",
        "easting": 397893.3898478072,
        "northing": 808259.1845985085,
        "longitude": 174.74055769003303,
        "latitude": -36.80528839929135,
        "group": "R3 - Yellow (11 points)",
        "canvasX": -39.69,
        "canvasY": -104.35000000000001,
        "variant": "northing_easting_direct"
      }
    },
    {
      "type": "Feature",
      "geometry": {
        "type": "Point",
        "coordinates": [
          -31.22756134881638,
          30.58940357773099,
          0.06120078936
        ]
      },
      "properties": {
        "id": "3_2",
        "camera": "R3 - Yellow (Point)",
        "frame": "0145",
        "image": "pano_camera0/frame_0145_hp_preview.jpg",
        "frameId": "0145",
        "height": 2.581494,
        "coords2D": "2D: (397891.685, 808256.748)",
        "coords3D_original": "3D_Original: (-793548.981, 426441.300, 0.000)",
        "coords3D": "3D: (-31.228, 30.589, 0.061)",
        "coordsMtEden": "MtEden: (397891.685, 808256.748, 2.581)",
        "easting": 397891.68493865116,
        "northing": 808256.7484035777,
        "longitude": 174.740538576213,
        "latitude": -36.80531035053531,
        "group": "R3 - Yellow (11 points)",
        "canvasX": -67.62,
        "canvasY": -64.44,
        "variant": "northing_easting_direct"
      }
    },
    {
      "type": "Feature",
      "geometry": {
        "type": "Point",
        "coordinates": [
          -28.320120493066497,
          20.29280220135115,
          0.10947506912
        ]
      },
      "properties": {
        "id": "3_3",
        "camera": "R3 - Yellow (Point)",
        "frame": "0146",
        "image": "pano_camera0/frame_0146_hp_preview.jpg",
        "frameId": "0146",
        "height": 2.034633,
        "coords2D": "2D: (397894.592, 808246.452)",
        "coords3D_original": "3D_Original: (-793548.981, 426441.300, 0.000)",
        "coords3D": "3D: (-28.320, 20.293, 0.109)",
        "coordsMtEden": "MtEden: (397894.592, 808246.452, 2.035)",
        "easting": 397894.5923795069,
        "northing": 808246.4518022013,
        "longitude": 174.74057113171057,
        "latitude": -36.80540315018519,
        "group": "R3 - Yellow (11 points)",
        "canvasX": -19.989999999999995,
        "canvasY": 104.24,
        "variant": "northing_easting_direct"
      }
    },
    {
      "type": "Feature",
      "geometry": {
        "type": "Point",
        "coordinates": [
          -27.710308732639533,
          18.573242913000286,
          0.11462926875999999
        ]
      },
      "properties": {
        "id": "3_4",
        "camera": "R3 - Yellow (Point)",
        "frame": "0147",
        "image": "pano_camera0/frame_0147_hp_preview.jpg",
        "frameId": "0147",
        "height": 2.701277,
        "coords2D": "2D: (397895.202, 808244.732)",
        "coords3D_original": "3D_Original: (-793548.981, 426441.300, 0.000)",
        "coords3D": "3D: (-27.710, 18.573, 0.115)",
        "coordsMtEden": "MtEden: (397895.202, 808244.732, 2.701)",
        "easting": 397895.20219126734,
        "northing": 808244.732242913,
        "longitude": 174.74057796118433,
        "latitude": -36.805418648243986,
        "group": "R3 - Yellow (11 points)",
        "canvasX": -10,
        "canvasY": 132.41,
        "variant": "northing_easting_direct"
      }
    },
    {
      "type": "Feature",
      "geometry": {
        "type": "Point",
        "coordinates": [
          -28.57405612099683,
          14.118992246454582,
          0.25294292147999997
        ]
      },
      "properties": {
        "id": "3_5",
        "camera": "R3 - Yellow (Middle)",
        "frame": "0148",
        "image": "pano_camera0/frame_0148_hp_preview.jpg",
        "frameId": "0148",
        "height": 4.428323,
        "coords2D": "2D: (397894.338, 808240.278)",
        "coords3D_original": "3D_Original: (-793548.981, 426441.300, 0.000)",
        "coords3D": "3D: (-28.574, 14.119, 0.253)",
        "coordsMtEden": "MtEden: (397894.338, 808240.278, 4.428)",
        "easting": 397894.338443879,
        "northing": 808240.2779922464,
        "longitude": 174.7405682687534,
        "latitude": -36.805458788120625,
        "group": "R3 - Yellow (11 points)",
        "canvasX": -24.14999999999999,
        "canvasY": 205.38,
        "variant": "northing_easting_direct"
      }
    },
    {
      "type": "Feature",
      "geometry": {
        "type": "Point",
        "coordinates": [
          -37.900086226989515,
          13.440813201596029,
          0.24006234364
        ]
      },
      "properties": {
        "id": "3_6",
        "camera": "R3 - Yellow (Point)",
        "frame": "0149",
        "image": "pano_camera0/frame_0149_hp_preview.jpg",
        "frameId": "0149",
        "height": 4.691078,
        "coords2D": "2D: (397885.012, 808239.600)",
        "coords3D_original": "3D_Original: (-793548.981, 426441.300, 0.000)",
        "coords3D": "3D: (-37.900, 13.441, 0.240)",
        "coordsMtEden": "MtEden: (397885.012, 808239.600, 4.691)",
        "easting": 397885.012413773,
        "northing": 808239.5998132016,
        "longitude": 174.74046374895622,
        "latitude": -36.80546487909939,
        "group": "R3 - Yellow (11 points)",
        "canvasX": -176.93,
        "canvasY": 216.49,
        "variant": "northing_easting_direct"
      }
    },
    {
      "type": "Feature",
      "geometry": {
        "type": "Point",
        "coordinates": [
          -43.223578081524465,
          19.391208637622185,
          0.0627132566
        ]
      },
      "properties": {
        "id": "3_7",
        "camera": "R3 - Yellow (Point)",
        "frame": "0150",
        "image": "pano_camera0/frame_0150_hp_preview.jpg",
        "frameId": "0150",
        "height": 2.384117,
        "coords2D": "2D: (397879.689, 808245.550)",
        "coords3D_original": "3D_Original: (-793548.981, 426441.300, 0.000)",
        "coords3D": "3D: (-43.224, 19.391, 0.063)",
        "coordsMtEden": "MtEden: (397879.689, 808245.550, 2.384)",
        "easting": 397879.68892191845,
        "northing": 808245.5502086376,
        "longitude": 174.7404041045233,
        "latitude": -36.80541124211021,
        "group": "R3 - Yellow (11 points)",
        "canvasX": -264.14,
        "canvasY": 119.00999999999999,
        "variant": "northing_easting_direct"
      }
    },
    {
      "type": "Feature",
      "geometry": {
        "type": "Point",
        "coordinates": [
          -43.57945421396289,
          26.678428653627634,
          0.18165682996000002
        ]
      },
      "properties": {
        "id": "3_8",
        "camera": "R3 - Yellow (Point)",
        "frame": "0151",
        "image": "pano_camera0/frame_0151_hp_preview.jpg",
        "frameId": "0151",
        "height": -0.441062,
        "coords2D": "2D: (397879.333, 808252.837)",
        "coords3D_original": "3D_Original: (-793548.981, 426441.300, 0.000)",
        "coords3D": "3D: (-43.579, 26.678, 0.182)",
        "coordsMtEden": "MtEden: (397879.333, 808252.837, -0.441)",
        "easting": 397879.333045786,
        "northing": 808252.8374286536,
        "longitude": 174.74040013647556,
        "latitude": -36.805345568738694,
        "group": "R3 - Yellow (11 points)",
        "canvasX": -269.96999999999997,
        "canvasY": -0.37000000000000455,
        "variant": "northing_easting_direct"
      }
    },
    {
      "type": "Feature",
      "geometry": {
        "type": "Point",
        "coordinates": [
          -38.02217066352023,
          34.39721715275664,
          0.16353018896
        ]
      },
      "properties": {
        "id": "3_9",
        "camera": "R3 - Yellow (Point)",
        "frame": "0152",
        "image": "pano_camera0/frame_0152_hp_preview.jpg",
        "frameId": "0152",
        "height": -3.433546,
        "coords2D": "2D: (397884.890, 808260.556)",
        "coords3D_original": "3D_Original: (-793548.981, 426441.300, 0.000)",
        "coords3D": "3D: (-38.022, 34.397, 0.164)",
        "coordsMtEden": "MtEden: (397884.890, 808260.556, -3.434)",
        "easting": 397884.89032933646,
        "northing": 808260.5562171527,
        "longitude": 174.74046243895347,
        "latitude": -36.80527601928897,
        "group": "R3 - Yellow (11 points)",
        "canvasX": -178.93,
        "canvasY": -126.82000000000001,
        "variant": "northing_easting_direct"
      }
    },
    {
      "type": "Feature",
      "geometry": {
        "type": "Point",
        "coordinates": [
          -36.77324687788496,
          35.042433399823494,
          0.32341864552
        ]
      },
      "properties": {
        "id": "3_10",
        "camera": "R3 - Yellow (End)",
        "frame": "0153",
        "image": "pano_camera0/frame_0153_hp_preview.jpg",
        "frameId": "0153",
        "height": -3.683562,
        "coords2D": "2D: (397886.139, 808261.201)",
        "coords3D_original": "3D_Original: (-793548.981, 426441.300, 0.000)",
        "coords3D": "3D: (-36.773, 35.042, 0.323)",
        "coordsMtEden": "MtEden: (397886.139, 808261.201, -3.684)",
        "easting": 397886.1392531221,
        "northing": 808261.2014333998,
        "longitude": 174.7404764375468,
        "latitude": -36.805270207375834,
        "group": "R3 - Yellow (11 points)",
        "canvasX": -158.47,
        "canvasY": -137.39,
        "variant": "northing_easting_direct"
      }
    },
    {
      "type": "Feature",
      "geometry": {
        "type": "Point",
        "coordinates": [
          -18.9778408773127,
          -29.707514975219965,
          0
        ]
      },
      "properties": {
        "id": "4_0",
        "camera": "R4 - Magenta (Start)",
        "frame": "0130",
        "image": "pano_camera0/frame_0130_hp_preview.jpg",
        "frameId": "0130",
        "height": 5.087313,
        "coords2D": "2D: (397903.935, 808196.451)",
        "coords3D_original": "3D_Original: (-793548.981, 426441.300, 0.000)",
        "coords3D": "3D: (-18.978, -29.708, 0.000)",
        "coordsMtEden": "MtEden: (397903.935, 808196.451, 5.087)",
        "easting": 397903.93465912266,
        "northing": 808196.4514850248,
        "longitude": 174.74067569401825,
        "latitude": -36.8058537747655,
        "group": "R4 - Magenta (10 points)",
        "canvasX": 133.05620116809433,
        "canvasY": 923.3504222763937,
        "variant": "northing_easting_direct"
      }
    },
    {
      "type": "Feature",
      "geometry": {
        "type": "Point",
        "coordinates": [
          -23.114346599730197,
          -33.200107956305146,
          1.0202100064000001
        ]
      },
      "properties": {
        "id": "4_1",
        "camera": "R4 - Magenta (Point)",
        "frame": "0131",
        "image": "pano_camera0/frame_0131_hp_preview.jpg",
        "frameId": "0131",
        "height": 3.3814,
        "coords2D": "2D: (397899.798, 808192.959)",
        "coords3D_original": "3D_Original: (-793548.981, 426441.300, 0.000)",
        "coords3D": "3D: (-23.114, -33.200, 1.020)",
        "coordsMtEden": "MtEden: (397899.798, 808192.959, 3.381)",
        "easting": 397899.79815340025,
        "northing": 808192.9588920437,
        "longitude": 174.74062932584172,
        "latitude": -36.80588524091603,
        "group": "R4 - Magenta (10 points)",
        "canvasX": 65.2915320549213,
        "canvasY": 980.5664455564346,
        "variant": "northing_easting_direct"
      }
    },
    {
      "type": "Feature",
      "geometry": {
        "type": "Point",
        "coordinates": [
          -25.80427116662031,
          -34.57151703105774,
          1.47720149084
        ]
      },
      "properties": {
        "id": "4_2",
        "camera": "R4 - Magenta (Point)",
        "frame": "0132",
        "image": "pano_camera0/frame_0132_hp_preview.jpg",
        "frameId": "0132",
        "height": 2.299704,
        "coords2D": "2D: (397897.108, 808191.587)",
        "coords3D_original": "3D_Original: (-793548.981, 426441.300, 0.000)",
        "coords3D": "3D: (-25.804, -34.572, 1.477)",
        "coordsMtEden": "MtEden: (397897.108, 808191.587, 2.300)",
        "easting": 397897.10822883336,
        "northing": 808191.5874829689,
        "longitude": 174.7405991755868,
        "latitude": -36.80589759411131,
        "group": "R4 - Magenta (10 points)",
        "canvasX": 21.2249066355429,
        "canvasY": 1003.0330123646542,
        "variant": "northing_easting_direct"
      }
    },
    {
      "type": "Feature",
      "geometry": {
        "type": "Point",
        "coordinates": [
          -26.23892721789889,
          -34.76531841373071,
          1.45687996788
        ]
      },
      "properties": {
        "id": "4_3",
        "camera": "R4 - Magenta (Point)",
        "frame": "0133",
        "image": "pano_camera0/frame_0133_hp_preview.jpg",
        "frameId": "0133",
        "height": 2.125678,
        "coords2D": "2D: (397896.674, 808191.394)",
        "coords3D_original": "3D_Original: (-793548.981, 426441.300, 0.000)",
        "coords3D": "3D: (-26.239, -34.765, 1.457)",
        "coordsMtEden": "MtEden: (397896.674, 808191.394, 2.126)",
        "easting": 397896.6735727821,
        "northing": 808191.3936815863,
        "longitude": 174.74059430378227,
        "latitude": -36.805899339687755,
        "group": "R4 - Magenta (10 points)",
        "canvasX": 14.104325770504623,
        "canvasY": 1006.2078868731112,
        "variant": "northing_easting_direct"
      }
    },
    {
      "type": "Feature",
      "geometry": {
        "type": "Point",
        "coordinates": [
          -29.56907251419034,
          -36.26360780012328,
          1.89293313144
        ]
      },
      "properties": {
        "id": "4_4",
        "camera": "R4 - Magenta (Point)",
        "frame": "0134",
        "image": "pano_camera0/frame_0134_hp_preview.jpg",
        "frameId": "0134",
        "height": 0.792539,
        "coords2D": "2D: (397893.343, 808189.895)",
        "coords3D_original": "3D_Original: (-793548.981, 426441.300, 0.000)",
        "coords3D": "3D: (-29.569, -36.264, 1.893)",
        "coordsMtEden": "MtEden: (397893.343, 808189.895, 0.793)",
        "easting": 397893.3434274858,
        "northing": 808189.8953921999,
        "longitude": 174.7405569780941,
        "latitude": -36.80591283489781,
        "group": "R4 - Magenta (10 points)",
        "canvasX": -40.45046255676037,
        "canvasY": 1030.7530202108487,
        "variant": "northing_easting_direct"
      }
    },
    {
      "type": "Feature",
      "geometry": {
        "type": "Point",
        "coordinates": [
          -34.12236495898105,
          -36.15016055316664,
          1.76708995156
        ]
      },
      "properties": {
        "id": "4_5",
        "camera": "R4 - Magenta (Middle)",
        "frame": "0135",
        "image": "pano_camera0/frame_0135_hp_preview.jpg",
        "frameId": "0135",
        "height": -0.963672,
        "coords2D": "2D: (397888.790, 808190.009)",
        "coords3D_original": "3D_Original: (-793548.981, 426441.300, 0.000)",
        "coords3D": "3D: (-34.122, -36.150, 1.767)",
        "coordsMtEden": "MtEden: (397888.790, 808190.009, -0.964)",
        "easting": 397888.790135041,
        "northing": 808190.0088394468,
        "longitude": 174.74050594882476,
        "latitude": -36.80591180236784,
        "group": "R4 - Magenta (10 points)",
        "canvasX": -115.0429753206891,
        "canvasY": 1028.894515553031,
        "variant": "northing_easting_direct"
      }
    },
    {
      "type": "Feature",
      "geometry": {
        "type": "Point",
        "coordinates": [
          -35.70480654708808,
          -35.0636340000201,
          2.4892815757199998
        ]
      },
      "properties": {
        "id": "4_6",
        "camera": "R4 - Magenta (Point)",
        "frame": "0136",
        "image": "pano_camera0/frame_0136_hp_preview.jpg",
        "frameId": "0136",
        "height": -1.541687,
        "coords2D": "2D: (397887.208, 808191.095)",
        "coords3D_original": "3D_Original: (-793548.981, 426441.300, 0.000)",
        "coords3D": "3D: (-35.705, -35.064, 2.489)",
        "coordsMtEden": "MtEden: (397887.208, 808191.095, -1.542)",
        "easting": 397887.2076934529,
        "northing": 808191.095366,
        "longitude": 174.74048821712665,
        "latitude": -36.8059020070398,
        "group": "R4 - Magenta (10 points)",
        "canvasX": -140.96669882216528,
        "canvasY": 1011.0949239897672,
        "variant": "northing_easting_direct"
      }
    },
    {
      "type": "Feature",
      "geometry": {
        "type": "Point",
        "coordinates": [
          -38.60852342785802,
          -32.348073402419686,
          2.14961621052
        ]
      },
      "properties": {
        "id": "4_7",
        "camera": "R4 - Magenta (Point)",
        "frame": "0137",
        "image": "pano_camera0/frame_0137_hp_preview.jpg",
        "frameId": "0137",
        "height": -2.580493,
        "coords2D": "2D: (397884.304, 808193.811)",
        "coords3D_original": "3D_Original: (-793548.981, 426441.300, 0.000)",
        "coords3D": "3D: (-38.609, -32.348, 2.150)",
        "coordsMtEden": "MtEden: (397884.304, 808193.811, -2.580)",
        "easting": 397884.3039765721,
        "northing": 808193.8109265976,
        "longitude": 174.74045568218884,
        "latitude": -36.805877527871225,
        "group": "R4 - Magenta (10 points)",
        "canvasX": -188.53569227415434,
        "canvasY": 966.6083264353956,
        "variant": "northing_easting_direct"
      }
    },
    {
      "type": "Feature",
      "geometry": {
        "type": "Point",
        "coordinates": [
          -40.75645191158401,
          -31.357985773938708,
          1.94489179452
        ]
      },
      "properties": {
        "id": "4_8",
        "camera": "R4 - Magenta (Point)",
        "frame": "0138",
        "image": "pano_camera0/frame_0138_hp_preview.jpg",
        "frameId": "0138",
        "height": -3.380139,
        "coords2D": "2D: (397882.156, 808194.801)",
        "coords3D_original": "3D_Original: (-793548.981, 426441.300, 0.000)",
        "coords3D": "3D: (-40.756, -31.358, 1.945)",
        "coordsMtEden": "MtEden: (397882.156, 808194.801, -3.380)",
        "easting": 397882.1560480884,
        "northing": 808194.801014226,
        "longitude": 174.74043161272516,
        "latitude": -36.80586860038051,
        "group": "R4 - Magenta (10 points)",
        "canvasX": -223.72328120767122,
        "canvasY": 950.3886074166875,
        "variant": "northing_easting_direct"
      }
    },
    {
      "type": "Feature",
      "geometry": {
        "type": "Point",
        "coordinates": [
          -43.71605035895482,
          -31.379799282178283,
          2.09444560508
        ]
      },
      "properties": {
        "id": "4_9",
        "camera": "R4 - Magenta (End)",
        "frame": "0139",
        "image": "pano_camera0/frame_0139_hp_preview.jpg",
        "frameId": "0139",
        "height": -4.524481,
        "coords2D": "2D: (397879.196, 808194.779)",
        "coords3D_original": "3D_Original: (-793548.981, 426441.300, 0.000)",
        "coords3D": "3D: (-43.716, -31.380, 2.094)",
        "coordsMtEden": "MtEden: (397879.196, 808194.779, -4.524)",
        "easting": 397879.196449641,
        "northing": 808194.7792007178,
        "longitude": 174.74039844392064,
        "latitude": -36.805868790340135,
        "group": "R4 - Magenta (10 points)",
        "canvasX": -272.2077323249186,
        "canvasY": 950.7459585874574,
        "variant": "northing_easting_direct"
      }
    }
  ],
  "properties": {
    "name": "Camera Positions - northing_easting_direct",
    "description": "Use northing/easting directly with base point subtraction",
    "timestamp": "2025-10-20T06:36:29.842Z",
    "variant": "northing_easting_direct"
  }
}