{
  "type": "FeatureCollection",
  "features": [
    {
      "type": "Feature",
      "geometry": {
        "type": "Point",
        "coordinates": [
          174.74101362294005,
          -36.80572397183108,
          2.581
        ]
      },
      "properties": {
        "id": "0_0",
        "camera": "R1 - Green (Start)",
        "frame": "0000",
        "image": "pano_camera0/frame_0000_hp_preview.jpg",
        "frameId": "0000",
        "height": 2.581,
        "coords2D": "2D: (-1.163, -0.443)",
        "coords3D": "3D: (-1.163, -0.443, 2.581)",
        "easting": 397934.0840790551,
        "northing": 808210.8621497035,
        "longitude": 174.74101362294005,
        "latitude": -36.80572397183108,
        "group": "R1 - Green (90 points)",
        "canvasX": 737.7739773880265,
        "canvasY": 710.2671070343326
      }
    },
    {
      "type": "Feature",
      "geometry": {
        "type": "Point",
        "coordinates": [
          174.74101280284924,
          -36.80574161505366,
          3.287
        ]
      },
      "properties": {
        "id": "0_1",
        "camera": "R1 - Green (Point)",
        "frame": "0002",
        "image": "pano_camera0/frame_0002_hp_preview.jpg",
        "frameId": "0002",
        "height": 3.287,
        "coords2D": "2D: (0.010, -0.460)",
        "coords3D": "3D: (0.010, -0.460, 3.287)",
        "easting": 397934.0113774011,
        "northing": 808208.9043886648,
        "longitude": 174.74101280284924,
        "latitude": -36.80574161505366,
        "group": "R1 - Green (90 points)",
        "canvasX": 736.4235424445877,
        "canvasY": 746.6325646736026
      }
    },
    {
      "type": "Feature",
      "geometry": {
        "type": "Point",
        "coordinates": [
          174.74101255957805,
          -36.8057506240824,
          3.637
        ]
      },
      "properties": {
        "id": "0_2",
        "camera": "R1 - Green (Point)",
        "frame": "0003",
        "image": "pano_camera0/frame_0003_hp_preview.jpg",
        "frameId": "0003",
        "height": 3.637,
        "coords2D": "2D: (0.615, -0.410)",
        "coords3D": "3D: (0.615, -0.410, 3.637)",
        "easting": 397933.98991265695,
        "northing": 808207.9047153598,
        "longitude": 174.74101255957805,
        "latitude": -36.8057506240824,
        "group": "R1 - Green (90 points)",
        "canvasX": 736.024834313391,
        "canvasY": 765.2015199774455
      }
    },
    {
      "type": "Feature",
      "geometry": {
        "type": "Point",
        "coordinates": [
          174.74101227658895,
          -36.80575555685352,
          3.838
        ]
      },
      "properties": {
        "id": "0_3",
        "camera": "R1 - Green (Point)",
        "frame": "0004",
        "image": "pano_camera0/frame_0004_hp_preview.jpg",
        "frameId": "0004",
        "height": 3.838,
        "coords2D": "2D: (0.942, -0.383)",
        "coords3D": "3D: (0.942, -0.383, 3.838)",
        "easting": 397933.9647944392,
        "northing": 808207.357354607,
        "longitude": 174.74101227658895,
        "latitude": -36.80575555685352,
        "group": "R1 - Green (90 points)",
        "canvasX": 735.5582628242962,
        "canvasY": 775.3687589170773
      }
    },
    {
      "type": "Feature",
      "geometry": {
        "type": "Point",
        "coordinates": [
          174.74100994725507,
          -36.805756885037376,
          4.015
        ]
      },
      "properties": {
        "id": "0_4",
        "camera": "R1 - Green (Point)",
        "frame": "0005",
        "image": "pano_camera0/frame_0005_hp_preview.jpg",
        "frameId": "0005",
        "height": 4.015,
        "coords2D": "2D: (0.962, -0.136)",
        "coords3D": "3D: (0.962, -0.136, 4.015)",
        "easting": 397933.7569867796,
        "northing": 808207.2099251365,
        "longitude": 174.74100994725507,
        "latitude": -36.805756885037376,
        "group": "R1 - Green (90 points)",
        "canvasX": 731.6982306287364,
        "canvasY": 778.107264819799
      }
    },
    {
      "type": "Feature",
      "geometry": {
        "type": "Point",
        "coordinates": [
          174.7410119464281,
          -36.80575391565967,
          3.794
        ]
      },
      "properties": {
        "id": "0_5",
        "camera": "R1 - Green (Point)",
        "frame": "0006",
        "image": "pano_camera0/frame_0006_hp_preview.jpg",
        "frameId": "0006",
        "height": 3.794,
        "coords2D": "2D: (0.820, -0.197)",
        "coords3D": "3D: (0.820, -0.197, 3.794)",
        "easting": 397933.9352905379,
        "northing": 808207.5394591197,
        "longitude": 174.7410119464281,
        "latitude": -36.80575391565967,
        "group": "R1 - Green (90 points)",
        "canvasX": 735.0102271588919,
        "canvasY": 771.9861632821477
      }
    },
    {
      "type": "Feature",
      "geometry": {
        "type": "Point",
        "coordinates": [
          174.74101375491702,
          -36.80575276105292,
          3.652
        ]
      },
      "properties": {
        "id": "0_6",
        "camera": "R1 - Green (Point)",
        "frame": "0007",
        "image": "pano_camera0/frame_0007_hp_preview.jpg",
        "frameId": "0007",
        "height": 3.652,
        "coords2D": "2D: (0.796, -0.285)",
        "coords3D": "3D: (0.796, -0.285, 3.652)",
        "easting": 397934.0966285688,
        "northing": 808207.6676167127,
        "longitude": 174.74101375491702,
        "latitude": -36.80575276105292,
        "group": "R1 - Green (90 points)",
        "canvasX": 738.0070849016504,
        "canvasY": 769.6056329568486
      }
    },
    {
      "type": "Feature",
      "geometry": {
        "type": "Point",
        "coordinates": [
          174.74101360164954,
          -36.805752753171596,
          3.66
        ]
      },
      "properties": {
        "id": "0_7",
        "camera": "R1 - Green (Point)",
        "frame": "0008",
        "image": "pano_camera0/frame_0008_hp_preview.jpg",
        "frameId": "0008",
        "height": 3.66,
        "coords2D": "2D: (0.791, -0.286)",
        "coords3D": "3D: (0.791, -0.286, 3.660)",
        "easting": 397934.0829525041,
        "northing": 808207.6684879381,
        "longitude": 174.74101360164954,
        "latitude": -36.805752753171596,
        "group": "R1 - Green (90 points)",
        "canvasX": 737.7530516764912,
        "canvasY": 769.5894499251406
      }
    },
    {
      "type": "Feature",
      "geometry": {
        "type": "Point",
        "coordinates": [
          174.74101277842527,
          -36.80575301369377,
          3.715
        ]
      },
      "properties": {
        "id": "0_8",
        "camera": "R1 - Green (Point)",
        "frame": "0009",
        "image": "pano_camera0/frame_0009_hp_preview.jpg",
        "frameId": "0009",
        "height": 3.715,
        "coords2D": "2D: (0.784, -0.274)",
        "coords3D": "3D: (0.784, -0.274, 3.715)",
        "easting": 397934.0095042988,
        "northing": 808207.6395618566,
        "longitude": 174.74101277842527,
        "latitude": -36.80575301369377,
        "group": "R1 - Green (90 points)",
        "canvasX": 736.3887495242781,
        "canvasY": 770.1267525749262
      }
    },
    {
      "type": "Feature",
      "geometry": {
        "type": "Point",
        "coordinates": [
          174.74101274066632,
          -36.80575307758884,
          3.719
        ]
      },
      "properties": {
        "id": "0_9",
        "camera": "R1 - Green (Point)",
        "frame": "0010",
        "image": "pano_camera0/frame_0010_hp_preview.jpg",
        "frameId": "0010",
        "height": 3.719,
        "coords2D": "2D: (0.787, -0.271)",
        "coords3D": "3D: (0.787, -0.271, 3.719)",
        "easting": 397934.0061368383,
        "northing": 808207.632471058,
        "longitude": 174.74101274066632,
        "latitude": -36.80575307758884,
        "group": "R1 - Green (90 points)",
        "canvasX": 736.3261988661066,
        "canvasY": 770.258464325208
      }
    },
    {
      "type": "Feature",
      "geometry": {
        "type": "Point",
        "coordinates": [
          174.74101294174386,
          -36.80575328156913,
          3.716
        ]
      },
      "properties": {
        "id": "0_10",
        "camera": "R1 - Green (Point)",
        "frame": "0011",
        "image": "pano_camera0/frame_0011_hp_preview.jpg",
        "frameId": "0011",
        "height": 3.716,
        "coords2D": "2D: (0.807, -0.257)",
        "coords3D": "3D: (0.807, -0.257, 3.716)",
        "easting": 397934.02408419625,
        "northing": 808207.6098411544,
        "longitude": 174.74101294174386,
        "latitude": -36.80575328156913,
        "group": "R1 - Green (90 points)",
        "canvasX": 736.6595714650733,
        "canvasY": 770.6788153217076
      }
    },
    {
      "type": "Feature",
      "geometry": {
        "type": "Point",
        "coordinates": [
          174.74101271070492,
          -36.8057526398734,
          3.705
        ]
      },
      "properties": {
        "id": "0_11",
        "camera": "R1 - Green (Point)",
        "frame": "0012",
        "image": "pano_camera0/frame_0012_hp_preview.jpg",
        "frameId": "0012",
        "height": 3.705,
        "coords2D": "2D: (0.756, -0.292)",
        "coords3D": "3D: (0.756, -0.292, 3.705)",
        "easting": 397934.003451662,
        "northing": 808207.6810405895,
        "longitude": 174.74101271070492,
        "latitude": -36.8057526398734,
        "group": "R1 - Green (90 points)",
        "canvasX": 736.2763216530144,
        "canvasY": 769.3562841305605
      }
    },
    {
      "type": "Feature",
      "geometry": {
        "type": "Point",
        "coordinates": [
          174.74101405315852,
          -36.80575279074354,
          3.637
        ]
      },
      "properties": {
        "id": "0_12",
        "camera": "R1 - Green (Point)",
        "frame": "0013",
        "image": "pano_camera0/frame_0013_hp_preview.jpg",
        "frameId": "0013",
        "height": 3.637,
        "coords2D": "2D: (0.807, -0.280)",
        "coords3D": "3D: (0.807, -0.280, 3.637)",
        "easting": 397934.1232410588,
        "northing": 808207.6643285999,
        "longitude": 174.74101405315852,
        "latitude": -36.80575279074354,
        "group": "R1 - Green (90 points)",
        "canvasX": 738.5014125336361,
        "canvasY": 769.6667097303014
      }
    },
    {
      "type": "Feature",
      "geometry": {
        "type": "Point",
        "coordinates": [
          174.74101275510955,
          -36.805753882987936,
          3.749
        ]
      },
      "properties": {
        "id": "0_13",
        "camera": "R1 - Green (Point)",
        "frame": "0014",
        "image": "pano_camera0/frame_0014_hp_preview.jpg",
        "frameId": "0014",
        "height": 3.749,
        "coords2D": "2D: (0.842, -0.065)",
        "coords3D": "3D: (0.842, -0.065, 3.749)",
        "easting": 397934.00744722487,
        "northing": 808207.5431019416,
        "longitude": 174.74101275510955,
        "latitude": -36.805753882987936,
        "group": "R1 - Green (90 points)",
        "canvasX": 736.3505393277003,
        "canvasY": 771.9184977802713
      }
    },
    {
      "type": "Feature",
      "geometry": {
        "type": "Point",
        "coordinates": [
          174.7410132693284,
          -36.80575469225429,
          3.751
        ]
      },
      "properties": {
        "id": "0_14",
        "camera": "R1 - Green (Point)",
        "frame": "0015",
        "image": "pano_camera0/frame_0015_hp_preview.jpg",
        "frameId": "0015",
        "height": 3.751,
        "coords2D": "2D: (0.913, -0.068)",
        "coords3D": "3D: (0.913, -0.068, 3.751)",
        "easting": 397934.0533520226,
        "northing": 808207.4533145,
        "longitude": 174.7410132693284,
        "latitude": -36.80575469225429,
        "group": "R1 - Green (90 points)",
        "canvasX": 737.2032220319356,
        "canvasY": 773.5863016314174
      }
    },
    {
      "type": "Feature",
      "geometry": {
        "type": "Point",
        "coordinates": [
          174.74101429207383,
          -36.805754365801214,
          3.683
        ]
      },
      "properties": {
        "id": "0_15",
        "camera": "R1 - Green (Point)",
        "frame": "0016",
        "image": "pano_camera0/frame_0016_hp_preview.jpg",
        "frameId": "0016",
        "height": 3.683,
        "coords2D": "2D: (0.921, -0.048)",
        "coords3D": "3D: (0.921, -0.048, 3.683)",
        "easting": 397934.1446014612,
        "northing": 808207.4895607762,
        "longitude": 174.74101429207383,
        "latitude": -36.805754365801214,
        "group": "R1 - Green (90 points)",
        "canvasX": 738.8981825139022,
        "canvasY": 772.9130261940429
      }
    },
    {
      "type": "Feature",
      "geometry": {
        "type": "Point",
        "coordinates": [
          174.7410144347413,
          -36.80574910575602,
          3.478
        ]
      },
      "properties": {
        "id": "0_16",
        "camera": "R1 - Green (Point)",
        "frame": "0017",
        "image": "pano_camera0/frame_0017_hp_preview.jpg",
        "frameId": "0017",
        "height": 3.478,
        "coords2D": "2D: (0.568, -0.062)",
        "coords3D": "3D: (0.568, -0.062, 3.478)",
        "easting": 397934.1571901887,
        "northing": 808208.0732337827,
        "longitude": 174.7410144347413,
        "latitude": -36.80574910575602,
        "group": "R1 - Green (90 points)",
        "canvasX": 739.1320184253977,
        "canvasY": 762.0712862826406
      }
    },
    {
      "type": "Feature",
      "geometry": {
        "type": "Point",
        "coordinates": [
          174.7410153672049,
          -36.80574297885963,
          3.198
        ]
      },
      "properties": {
        "id": "0_17",
        "camera": "R1 - Green (Point)",
        "frame": "0018",
        "image": "pano_camera0/frame_0018_hp_preview.jpg",
        "frameId": "0018",
        "height": 3.198,
        "coords2D": "2D: (0.180, -0.064)",
        "coords3D": "3D: (0.180, -0.064, 3.198)",
        "easting": 397934.24022809695,
        "northing": 808208.753112179,
        "longitude": 174.7410153672049,
        "latitude": -36.80574297885963,
        "group": "R1 - Green (90 points)",
        "canvasX": 740.674449537245,
        "canvasY": 749.442528975795
      }
    },
    {
      "type": "Feature",
      "geometry": {
        "type": "Point",
        "coordinates": [
          174.74101737701574,
          -36.80573916630971,
          2.945
        ]
      },
      "properties": {
        "id": "0_18",
        "camera": "R1 - Green (Point)",
        "frame": "0019",
        "image": "pano_camera0/frame_0019_hp_preview.jpg",
        "frameId": "0019",
        "height": 2.945,
        "coords2D": "2D: (-0.018, -0.064)",
        "coords3D": "3D: (-0.018, -0.064, 2.945)",
        "easting": 397934.41945845546,
        "northing": 808209.1762072244,
        "longitude": 174.74101737701574,
        "latitude": -36.80573916630971,
        "group": "R1 - Green (90 points)",
        "canvasX": 744.0036576888948,
        "canvasY": 741.5835284939914
      }
    },
    {
      "type": "Feature",
      "geometry": {
        "type": "Point",
        "coordinates": [
          174.7410212877039,
          -36.805735761289725,
          2.604
        ]
      },
      "properties": {
        "id": "0_19",
        "camera": "R1 - Green (Point)",
        "frame": "0020",
        "image": "pano_camera0/frame_0020_hp_preview.jpg",
        "frameId": "0020",
        "height": 2.604,
        "coords2D": "2D: (-0.132, -0.059)",
        "coords3D": "3D: (-0.132, -0.059, 2.604)",
        "easting": 397934.76831255696,
        "northing": 808209.5541226094,
        "longitude": 174.7410212877039,
        "latitude": -36.805735761289725,
        "group": "R1 - Green (90 points)",
        "canvasX": 750.4836308821323,
        "canvasY": 734.5637412703696
      }
    },
    {
      "type": "Feature",
      "geometry": {
        "type": "Point",
        "coordinates": [
          174.74102988637702,
          -36.80573237446306,
          2.007
        ]
      },
      "properties": {
        "id": "0_20",
        "camera": "R1 - Green (Point)",
        "frame": "0021",
        "image": "pano_camera0/frame_0021_hp_preview.jpg",
        "frameId": "0021",
        "height": 2.007,
        "coords2D": "2D: (-0.103, -0.064)",
        "coords3D": "3D: (-0.103, -0.064, 2.007)",
        "easting": 397935.5354699336,
        "northing": 808209.9301204032,
        "longitude": 174.74102988637702,
        "latitude": -36.80573237446306,
        "group": "R1 - Green (90 points)",
        "canvasX": 764.7335973131474,
        "canvasY": 727.5795733517881
      }
    },
    {
      "type": "Feature",
      "geometry": {
        "type": "Point",
        "coordinates": [
          174.741044581425,
          -36.805727583799296,
          1.025
        ]
      },
      "properties": {
        "id": "0_21",
        "camera": "R1 - Green (Point)",
        "frame": "0022",
        "image": "pano_camera0/frame_0022_hp_preview.jpg",
        "frameId": "0022",
        "height": 1.025,
        "coords2D": "2D: (0.015, -0.063)",
        "coords3D": "3D: (0.015, -0.063, 1.025)",
        "easting": 397936.8465612671,
        "northing": 808210.4620235136,
        "longitude": 174.741044581425,
        "latitude": -36.805727583799296,
        "group": "R1 - Green (90 points)",
        "canvasX": 789.0871498689024,
        "canvasY": 717.6994604838053
      }
    },
    {
      "type": "Feature",
      "geometry": {
        "type": "Point",
        "coordinates": [
          174.7410506820954,
          -36.80572507105179,
          0.598
        ]
      },
      "properties": {
        "id": "0_22",
        "camera": "R1 - Green (Point)",
        "frame": "0023",
        "image": "pano_camera0/frame_0023_hp_preview.jpg",
        "frameId": "0023",
        "height": 0.598,
        "coords2D": "2D: (0.028, -0.072)",
        "coords3D": "3D: (0.028, -0.072, 0.598)",
        "easting": 397937.39084872766,
        "northing": 808210.7409768814,
        "longitude": 174.7410506820954,
        "latitude": -36.80572507105179,
        "group": "R1 - Green (90 points)",
        "canvasX": 799.1973023329915,
        "canvasY": 712.5178950752754
      }
    },
    {
      "type": "Feature",
      "geometry": {
        "type": "Point",
        "coordinates": [
          174.7410554505863,
          -36.80572406543711,
          0.3
        ]
      },
      "properties": {
        "id": "0_23",
        "camera": "R1 - Green (Point)",
        "frame": "0024",
        "image": "pano_camera0/frame_0024_hp_preview.jpg",
        "frameId": "0024",
        "height": 0.3,
        "coords2D": "2D: (0.103, -0.070)",
        "coords3D": "3D: (0.103, -0.070, 0.300)",
        "easting": 397937.8163079917,
        "northing": 808210.8526656447,
        "longitude": 174.7410554505863,
        "latitude": -36.80572406543711,
        "group": "R1 - Green (90 points)",
        "canvasX": 807.1002182332014,
        "canvasY": 710.4432736509646
      }
    },
    {
      "type": "Feature",
      "geometry": {
        "type": "Point",
        "coordinates": [
          174.74106437957803,
          -36.80572518974662,
          -0.146
        ]
      },
      "properties": {
        "id": "0_24",
        "camera": "R1 - Green (Point)",
        "frame": "0025",
        "image": "pano_camera0/frame_0025_hp_preview.jpg",
        "frameId": "0025",
        "height": -0.146,
        "coords2D": "2D: (0.448, -0.052)",
        "coords3D": "3D: (0.448, -0.052, -0.146)",
        "easting": 397938.61306043755,
        "northing": 808210.7281014884,
        "longitude": 174.74106437957803,
        "latitude": -36.80572518974662,
        "group": "R1 - Green (90 points)",
        "canvasX": 821.8999137758766,
        "canvasY": 712.7570558023605
      }
    },
    {
      "type": "Feature",
      "geometry": {
        "type": "Point",
        "coordinates": [
          174.74106942394667,
          -36.80572802856028,
          -0.315
        ]
      },
      "properties": {
        "id": "0_25",
        "camera": "R1 - Green (Point)",
        "frame": "0026",
        "image": "pano_camera0/frame_0026_hp_preview.jpg",
        "frameId": "0026",
        "height": -0.315,
        "coords2D": "2D: (0.793, -0.020)",
        "coords3D": "3D: (0.793, -0.020, -0.315)",
        "easting": 397939.06323895435,
        "northing": 808210.4132071809,
        "longitude": 174.74106942394667,
        "latitude": -36.80572802856028,
        "group": "R1 - Green (90 points)",
        "canvasX": 830.2619903812343,
        "canvasY": 718.6062250199614
      }
    },
    {
      "type": "Feature",
      "geometry": {
        "type": "Point",
        "coordinates": [
          174.7410722189436,
          -36.80573120069384,
          -0.349
        ]
      },
      "properties": {
        "id": "0_26",
        "camera": "R1 - Green (Point)",
        "frame": "0027",
        "image": "pano_camera0/frame_0027_hp_preview.jpg",
        "frameId": "0027",
        "height": -0.349,
        "coords2D": "2D: (1.093, -0.010)",
        "coords3D": "3D: (1.093, -0.010, -0.349)",
        "easting": 397939.31271787937,
        "northing": 808210.0612782373,
        "longitude": 174.7410722189436,
        "latitude": -36.80573120069384,
        "group": "R1 - Green (90 points)",
        "canvasX": 834.8960673193056,
        "canvasY": 725.1433134775268
      }
    },
    {
      "type": "Feature",
      "geometry": {
        "type": "Point",
        "coordinates": [
          174.74107378171297,
          -36.805722781163475,
          -0.75
        ]
      },
      "properties": {
        "id": "0_27",
        "camera": "R1 - Green (Point)",
        "frame": "0028",
        "image": "pano_camera0/frame_0028_hp_preview.jpg",
        "frameId": "0028",
        "height": -0.75,
        "coords2D": "2D: (0.568, -0.033)",
        "coords3D": "3D: (0.568, -0.033, -0.750)",
        "easting": 397939.4519361517,
        "northing": 808210.9955675005,
        "longitude": 174.74107378171297,
        "latitude": -36.805722781163475,
        "group": "R1 - Green (90 points)",
        "canvasX": 837.482050023766,
        "canvasY": 707.7888682976245
      }
    },
    {
      "type": "Feature",
      "geometry": {
        "type": "Point",
        "coordinates": [
          174.74107260145533,
          -36.805712662960914,
          -1.064
        ]
      },
      "properties": {
        "id": "0_28",
        "camera": "R1 - Green (Point)",
        "frame": "0029",
        "image": "pano_camera0/frame_0029_hp_preview.jpg",
        "frameId": "0029",
        "height": -1.064,
        "coords2D": "2D: (-0.155, -0.039)",
        "coords3D": "3D: (-0.155, -0.039, -1.064)",
        "easting": 397939.34635217756,
        "northing": 808212.1182872697,
        "longitude": 174.74107260145533,
        "latitude": -36.805712662960914,
        "group": "R1 - Green (90 points)",
        "canvasX": 835.5208252044044,
        "canvasY": 686.9343220069971
      }
    },
    {
      "type": "Feature",
      "geometry": {
        "type": "Point",
        "coordinates": [
          174.74107231037044,
          -36.805703339445515,
          -1.398
        ]
      },
      "properties": {
        "id": "0_29",
        "camera": "R1 - Green (Point)",
        "frame": "0030",
        "image": "pano_camera0/frame_0030_hp_preview.jpg",
        "frameId": "0030",
        "height": -1.398,
        "coords2D": "2D: (-0.797, -0.055)",
        "coords3D": "3D: (-0.797, -0.055, -1.398)",
        "easting": 397939.3201292184,
        "northing": 808213.1528453944,
        "longitude": 174.74107231037044,
        "latitude": -36.805703339445515,
        "group": "R1 - Green (90 points)",
        "canvasX": 835.0337331172715,
        "canvasY": 667.7173803505146
      }
    },
    {
      "type": "Feature",
      "geometry": {
        "type": "Point",
        "coordinates": [
          174.7410743540589,
          -36.805696937055025,
          -1.749
        ]
      },
      "properties": {
        "id": "0_30",
        "camera": "R1 - Green (Point)",
        "frame": "0031",
        "image": "pano_camera0/frame_0031_hp_preview.jpg",
        "frameId": "0031",
        "height": -1.749,
        "coords2D": "2D: (-1.170, -0.045)",
        "coords3D": "3D: (-1.170, -0.045, -1.749)",
        "easting": 397939.50231338653,
        "northing": 808213.8633173051,
        "longitude": 174.7410743540589,
        "latitude": -36.805696937055025,
        "group": "R1 - Green (90 points)",
        "canvasX": 838.4178083530716,
        "canvasY": 654.5203477928354
      }
    },
    {
      "type": "Feature",
      "geometry": {
        "type": "Point",
        "coordinates": [
          174.7410813337935,
          -36.80569430096915,
          -2.229
        ]
      },
      "properties": {
        "id": "0_31",
        "camera": "R1 - Green (Point)",
        "frame": "0032",
        "image": "pano_camera0/frame_0032_hp_preview.jpg",
        "frameId": "0032",
        "height": -2.229,
        "coords2D": "2D: (-1.139, -0.054)",
        "coords3D": "3D: (-1.139, -0.054, -2.229)",
        "easting": 397940.12503563095,
        "northing": 808214.1559754212,
        "longitude": 174.7410813337935,
        "latitude": -36.80569430096915,
        "group": "R1 - Green (90 points)",
        "canvasX": 849.9848887833117,
        "canvasY": 649.0842163585933
      }
    },
    {
      "type": "Feature",
      "geometry": {
        "type": "Point",
        "coordinates": [
          174.74108592789608,
          -36.80569487739628,
          -2.458
        ]
      },
      "properties": {
        "id": "0_32",
        "camera": "R1 - Green (Point)",
        "frame": "0033",
        "image": "pano_camera0/frame_0033_hp_preview.jpg",
        "frameId": "0033",
        "height": -2.458,
        "coords2D": "2D: (-0.962, -0.056)",
        "coords3D": "3D: (-0.962, -0.056, -2.458)",
        "easting": 397940.5349770196,
        "northing": 808214.0921123306,
        "longitude": 174.74108592789608,
        "latitude": -36.80569487739628,
        "group": "R1 - Green (90 points)",
        "canvasX": 857.5995597822297,
        "canvasY": 650.2704747782632
      }
    },
    {
      "type": "Feature",
      "geometry": {
        "type": "Point",
        "coordinates": [
          174.7410949131443,
          -36.80570325429534,
          -2.635
        ]
      },
      "properties": {
        "id": "0_33",
        "camera": "R1 - Green (Point)",
        "frame": "0034",
        "image": "pano_camera0/frame_0034_hp_preview.jpg",
        "frameId": "0034",
        "height": -2.635,
        "coords2D": "2D: (-0.122, -0.013)",
        "coords3D": "3D: (-0.122, -0.013, -2.635)",
        "easting": 397941.33694357023,
        "northing": 808213.1627806913,
        "longitude": 174.7410949131443,
        "latitude": -36.80570325429534,
        "group": "R1 - Green (90 points)",
        "canvasX": 872.49610744336,
        "canvasY": 667.5328319773735
      }
    },
    {
      "type": "Feature",
      "geometry": {
        "type": "Point",
        "coordinates": [
          174.74109499720998,
          -36.805706462183245,
          -2.52
        ]
      },
      "properties": {
        "id": "0_34",
        "camera": "R1 - Green (Point)",
        "frame": "0035",
        "image": "pano_camera0/frame_0035_hp_preview.jpg",
        "frameId": "0035",
        "height": -2.52,
        "coords2D": "2D: (0.099, -0.007)",
        "coords3D": "3D: (0.099, -0.007, -2.520)",
        "easting": 397941.344530516,
        "northing": 808212.8068259268,
        "longitude": 174.74109499720998,
        "latitude": -36.805706462183245,
        "group": "R1 - Green (90 points)",
        "canvasX": 872.637035141364,
        "canvasY": 674.1447001546691
      }
    },
    {
      "type": "Feature",
      "geometry": {
        "type": "Point",
        "coordinates": [
          174.74109452891216,
          -36.805714511152644,
          -2.193
        ]
      },
      "properties": {
        "id": "0_35",
        "camera": "R1 - Green (Point)",
        "frame": "0036",
        "image": "pano_camera0/frame_0036_hp_preview.jpg",
        "frameId": "0036",
        "height": -2.193,
        "coords2D": "2D: (0.631, -0.017)",
        "coords3D": "3D: (0.631, -0.017, -2.193)",
        "easting": 397941.30296036886,
        "northing": 808211.9136787807,
        "longitude": 174.74109452891216,
        "latitude": -36.805714511152644,
        "group": "R1 - Green (90 points)",
        "canvasX": 871.8648686738557,
        "canvasY": 690.7349295348331
      }
    },
    {
      "type": "Feature",
      "geometry": {
        "type": "Point",
        "coordinates": [
          174.74109522649456,
          -36.80572054658302,
          -2.005
        ]
      },
      "properties": {
        "id": "0_36",
        "camera": "R1 - Green (Point)",
        "frame": "0037",
        "image": "pano_camera0/frame_0037_hp_preview.jpg",
        "frameId": "0037",
        "height": -2.005,
        "coords2D": "2D: (1.062, 0.008)",
        "coords3D": "3D: (1.062, 0.008, -2.005)",
        "easting": 397941.3653663082,
        "northing": 808211.2439848809,
        "longitude": 174.74109522649456,
        "latitude": -36.80572054658302,
        "group": "R1 - Green (90 points)",
        "canvasX": 873.0240604747088,
        "canvasY": 703.174509576733
      }
    },
    {
      "type": "Feature",
      "geometry": {
        "type": "Point",
        "coordinates": [
          174.74109600424694,
          -36.80572614875837,
          -1.837
        ]
      },
      "properties": {
        "id": "0_37",
        "camera": "R1 - Green (Point)",
        "frame": "0038",
        "image": "pano_camera0/frame_0038_hp_preview.jpg",
        "frameId": "0038",
        "height": -1.837,
        "coords2D": "2D: (1.466, 0.008)",
        "coords3D": "3D: (1.466, 0.008, -1.837)",
        "easting": 397941.43491410365,
        "northing": 808210.6223679443,
        "longitude": 174.74109600424694,
        "latitude": -36.80572614875837,
        "group": "R1 - Green (90 points)",
        "canvasX": 874.3159124211321,
        "canvasY": 714.7210588880433
      }
    },
    {
      "type": "Feature",
      "geometry": {
        "type": "Point",
        "coordinates": [
          174.74110325281768,
          -36.80573438356441,
          -1.925
        ]
      },
      "properties": {
        "id": "0_38",
        "camera": "R1 - Green (Point)",
        "frame": "0039",
        "image": "pano_camera0/frame_0039_hp_preview.jpg",
        "frameId": "0039",
        "height": -1.925,
        "coords2D": "2D: (2.244, -0.008)",
        "coords3D": "3D: (2.244, -0.008, -1.925)",
        "easting": 397942.0819149756,
        "northing": 808209.7087659012,
        "longitude": 174.74110325281768,
        "latitude": -36.80573438356441,
        "group": "R1 - Green (90 points)",
        "canvasX": 886.3339689328201,
        "canvasY": 731.6912384655221
      }
    },
    {
      "type": "Feature",
      "geometry": {
        "type": "Point",
        "coordinates": [
          174.74111026507134,
          -36.805737292688626,
          -2.199
        ]
      },
      "properties": {
        "id": "0_39",
        "camera": "R1 - Green (Point)",
        "frame": "0040",
        "image": "pano_camera0/frame_0040_hp_preview.jpg",
        "frameId": "0040",
        "height": -2.199,
        "coords2D": "2D: (2.653, 0.030)",
        "coords3D": "3D: (2.653, 0.030, -2.199)",
        "easting": 397942.70768698206,
        "northing": 808209.386111881,
        "longitude": 174.74111026507134,
        "latitude": -36.805737292688626,
        "group": "R1 - Green (90 points)",
        "canvasX": 897.9576987662052,
        "canvasY": 737.6845445281616
      }
    },
    {
      "type": "Feature",
      "geometry": {
        "type": "Point",
        "coordinates": [
          174.74111165278984,
          -36.80573756903493,
          -2.264
        ]
      },
      "properties": {
        "id": "0_40",
        "camera": "R1 - Green (Point)",
        "frame": "0041",
        "image": "pano_camera0/frame_0041_hp_preview.jpg",
        "frameId": "0041",
        "height": -2.264,
        "coords2D": "2D: (2.713, 0.041)",
        "coords3D": "3D: (2.713, 0.041, -2.264)",
        "easting": 397942.8315186697,
        "northing": 808209.3554775428,
        "longitude": 174.74111165278984,
        "latitude": -36.80573756903493,
        "group": "R1 - Green (90 points)",
        "canvasX": 900.2578752944502,
        "canvasY": 738.2535780850905
      }
    },
    {
      "type": "Feature",
      "geometry": {
        "type": "Point",
        "coordinates": [
          174.7411231615741,
          -36.8057397673983,
          -2.811
        ]
      },
      "properties": {
        "id": "0_41",
        "camera": "R1 - Green (Point)",
        "frame": "0042",
        "image": "pano_camera0/frame_0042_hp_preview.jpg",
        "frameId": "0042",
        "height": -2.811,
        "coords2D": "2D: (3.209, 0.045)",
        "coords3D": "3D: (3.209, 0.045, -2.811)",
        "easting": 397943.858491103,
        "northing": 808209.111788242,
        "longitude": 174.7411231615741,
        "latitude": -36.8057397673983,
        "group": "R1 - Green (90 points)",
        "canvasX": 919.333912553415,
        "canvasY": 742.78011261656
      }
    },
    {
      "type": "Feature",
      "geometry": {
        "type": "Point",
        "coordinates": [
          174.74112995771236,
          -36.805743108564194,
          -3.056
        ]
      },
      "properties": {
        "id": "0_42",
        "camera": "R1 - Green (Point)",
        "frame": "0043",
        "image": "pano_camera0/frame_0043_hp_preview.jpg",
        "frameId": "0043",
        "height": -3.056,
        "coords2D": "2D: (3.641, 0.167)",
        "coords3D": "3D: (3.641, 0.167, -3.056)",
        "easting": 397944.46499085077,
        "northing": 808208.7411888445,
        "longitude": 174.74112995771236,
        "latitude": -36.805743108564194,
        "group": "R1 - Green (90 points)",
        "canvasX": 930.5996597261078,
        "canvasY": 749.6640051964137
      }
    },
    {
      "type": "Feature",
      "geometry": {
        "type": "Point",
        "coordinates": [
          174.74113033361184,
          -36.80574906525052,
          -2.854
        ]
      },
      "properties": {
        "id": "0_43",
        "camera": "R1 - Green (Point)",
        "frame": "0044",
        "image": "pano_camera0/frame_0044_hp_preview.jpg",
        "frameId": "0044",
        "height": -2.854,
        "coords2D": "2D: (4.057, 0.171)",
        "coords3D": "3D: (4.057, 0.171, -2.854)",
        "easting": 397944.4986910764,
        "northing": 808208.080225673,
        "longitude": 174.74113033361184,
        "latitude": -36.80574906525052,
        "group": "R1 - Green (90 points)",
        "canvasX": 931.2256422143639,
        "canvasY": 761.9414117541683
      }
    },
    {
      "type": "Feature",
      "geometry": {
        "type": "Point",
        "coordinates": [
          174.74113294535775,
          -36.80575728582921,
          -2.689
        ]
      },
      "properties": {
        "id": "0_44",
        "camera": "R1 - Green (Point)",
        "frame": "0045",
        "image": "pano_camera0/frame_0045_hp_preview.jpg",
        "frameId": "0045",
        "height": -2.689,
        "coords2D": "2D: (4.694, 0.167)",
        "coords3D": "3D: (4.694, 0.167, -2.689)",
        "easting": 397944.73195338435,
        "northing": 808207.1681024659,
        "longitude": 174.74113294535775,
        "latitude": -36.80575728582921,
        "group": "R1 - Green (90 points)",
        "canvasX": 935.5584951060241,
        "canvasY": 778.8841219175167
      }
    },
    {
      "type": "Feature",
      "geometry": {
        "type": "Point",
        "coordinates": [
          174.74113679656256,
          -36.80575821015783,
          -2.864
        ]
      },
      "properties": {
        "id": "0_45",
        "camera": "R1 - Green (Middle)",
        "frame": "0046",
        "image": "pano_camera0/frame_0046_hp_preview.jpg",
        "frameId": "0046",
        "height": -2.864,
        "coords2D": "2D: (4.873, 0.171)",
        "coords3D": "3D: (4.873, 0.171, -2.864)",
        "easting": 397945.0756159267,
        "northing": 808207.0656190282,
        "longitude": 174.74113679656256,
        "latitude": -36.80575821015783,
        "group": "R1 - Green (90 points)",
        "canvasX": 941.9420349654838,
        "canvasY": 780.7877541988906
      }
    },
    {
      "type": "Feature",
      "geometry": {
        "type": "Point",
        "coordinates": [
          174.7411380503739,
          -36.805757510631516,
          -2.959
        ]
      },
      "properties": {
        "id": "0_46",
        "camera": "R1 - Green (Point)",
        "frame": "0047",
        "image": "pano_camera0/frame_0047_hp_preview.jpg",
        "frameId": "0047",
        "height": -2.959,
        "coords2D": "2D: (4.863, 0.163)",
        "coords3D": "3D: (4.863, 0.163, -2.959)",
        "easting": 397945.18747313955,
        "northing": 808207.1432674447,
        "longitude": 174.7411380503739,
        "latitude": -36.805757510631516,
        "group": "R1 - Green (90 points)",
        "canvasX": 944.0197853423313,
        "canvasY": 779.3454330240095
      }
    },
    {
      "type": "Feature",
      "geometry": {
        "type": "Point",
        "coordinates": [
          174.7411404276582,
          -36.80575454987017,
          -3.2
        ]
      },
      "properties": {
        "id": "0_47",
        "camera": "R1 - Green (Point)",
        "frame": "0048",
        "image": "pano_camera0/frame_0048_hp_preview.jpg",
        "frameId": "0048",
        "height": -3.2,
        "coords2D": "2D: (4.733, 0.173)",
        "coords3D": "3D: (4.733, 0.173, -3.200)",
        "easting": 397945.39951593033,
        "northing": 808207.4718532164,
        "longitude": 174.7411404276582,
        "latitude": -36.80575454987017,
        "group": "R1 - Green (90 points)",
        "canvasX": 947.9584851998121,
        "canvasY": 773.2419445360479
      }
    },
    {
      "type": "Feature",
      "geometry": {
        "type": "Point",
        "coordinates": [
          174.7411415440424,
          -36.80574605564193,
          -3.579
        ]
      },
      "properties": {
        "id": "0_48",
        "camera": "R1 - Green (Point)",
        "frame": "0049",
        "image": "pano_camera0/frame_0049_hp_preview.jpg",
        "frameId": "0049",
        "height": -3.579,
        "coords2D": "2D: (4.190, 0.177)",
        "coords3D": "3D: (4.190, 0.177, -3.579)",
        "easting": 397945.4989024721,
        "northing": 808208.4144214883,
        "longitude": 174.7411415440424,
        "latitude": -36.80574605564193,
        "group": "R1 - Green (90 points)",
        "canvasX": 949.8045925661278,
        "canvasY": 755.7337165742571
      }
    },
    {
      "type": "Feature",
      "geometry": {
        "type": "Point",
        "coordinates": [
          174.7411383127971,
          -36.80573582402806,
          -3.786
        ]
      },
      "properties": {
        "id": "0_49",
        "camera": "R1 - Green (Point)",
        "frame": "0050",
        "image": "pano_camera0/frame_0050_hp_preview.jpg",
        "frameId": "0050",
        "height": -3.786,
        "coords2D": "2D: (3.398, 0.163)",
        "coords3D": "3D: (3.398, 0.163, -3.786)",
        "easting": 397945.2103093652,
        "northing": 808209.5496817195,
        "longitude": 174.7411383127971,
        "latitude": -36.80573582402806,
        "group": "R1 - Green (90 points)",
        "canvasX": 944.443968773955,
        "canvasY": 734.6462309060037
      }
    },
    {
      "type": "Feature",
      "geometry": {
        "type": "Point",
        "coordinates": [
          174.74113810064785,
          -36.80573539945648,
          -3.79
        ]
      },
      "properties": {
        "id": "0_50",
        "camera": "R1 - Green (Point)",
        "frame": "0051",
        "image": "pano_camera0/frame_0051_hp_preview.jpg",
        "frameId": "0051",
        "height": -3.79,
        "coords2D": "2D: (3.362, 0.167)",
        "coords3D": "3D: (3.362, 0.167, -3.790)",
        "easting": 397945.1913682241,
        "northing": 808209.5967888602,
        "longitude": 174.74113810064785,
        "latitude": -36.80573539945648,
        "group": "R1 - Green (90 points)",
        "canvasX": 944.0921366300236,
        "canvasY": 733.7712146532994
      }
    },
    {
      "type": "Feature",
      "geometry": {
        "type": "Point",
        "coordinates": [
          174.74113614783968,
          -36.805724660346804,
          -4.086
        ]
      },
      "properties": {
        "id": "0_51",
        "camera": "R1 - Green (Point)",
        "frame": "0052",
        "image": "pano_camera0/frame_0052_hp_preview.jpg",
        "frameId": "0052",
        "height": -4.086,
        "coords2D": "2D: (2.574, 0.141)",
        "coords3D": "3D: (2.574, 0.141, -4.086)",
        "easting": 397945.01683475374,
        "northing": 808210.7883897619,
        "longitude": 174.74113614783968,
        "latitude": -36.805724660346804,
        "group": "R1 - Green (90 points)",
        "canvasX": 940.8501732860966,
        "canvasY": 711.6371996949455
      }
    },
    {
      "type": "Feature",
      "geometry": {
        "type": "Point",
        "coordinates": [
          174.74113701643003,
          -36.80572197914091,
          -4.234
        ]
      },
      "properties": {
        "id": "0_52",
        "camera": "R1 - Green (Point)",
        "frame": "0053",
        "image": "pano_camera0/frame_0053_hp_preview.jpg",
        "frameId": "0053",
        "height": -4.234,
        "coords2D": "2D: (2.418, 0.044)",
        "coords3D": "3D: (2.418, 0.044, -4.234)",
        "easting": 397945.0942662958,
        "northing": 808211.0859228338,
        "longitude": 174.74113701643003,
        "latitude": -36.80572197914091,
        "group": "R1 - Green (90 points)",
        "canvasX": 942.2884660124826,
        "canvasY": 706.1105158435546
      }
    },
    {
      "type": "Feature",
      "geometry": {
        "type": "Point",
        "coordinates": [
          174.74114102690595,
          -36.8057183925107,
          -4.587
        ]
      },
      "properties": {
        "id": "0_53",
        "camera": "R1 - Green (Point)",
        "frame": "0054",
        "image": "pano_camera0/frame_0054_hp_preview.jpg",
        "frameId": "0054",
        "height": -4.587,
        "coords2D": "2D: (2.295, 0.044)",
        "coords3D": "3D: (2.295, 0.044, -4.587)",
        "easting": 397945.4520200299,
        "northing": 808211.4839919242,
        "longitude": 174.74114102690595,
        "latitude": -36.8057183925107,
        "group": "R1 - Green (90 points)",
        "canvasX": 948.9337500927898,
        "canvasY": 698.7163730661924
      }
    },
    {
      "type": "Feature",
      "geometry": {
        "type": "Point",
        "coordinates": [
          174.7411421456502,
          -36.80570749667129,
          -5.056
        ]
      },
      "properties": {
        "id": "0_54",
        "camera": "R1 - Green (Point)",
        "frame": "0055",
        "image": "pano_camera0/frame_0055_hp_preview.jpg",
        "frameId": "0055",
        "height": -5.056,
        "coords2D": "2D: (1.589, 0.021)",
        "coords3D": "3D: (1.589, 0.021, -5.056)",
        "easting": 397945.55155305314,
        "northing": 808212.693050002,
        "longitude": 174.7411421456502,
        "latitude": -36.80570749667129,
        "group": "R1 - Green (90 points)",
        "canvasX": 950.7825783558826,
        "canvasY": 676.2580906504869
      }
    },
    {
      "type": "Feature",
      "geometry": {
        "type": "Point",
        "coordinates": [
          174.7411395765548,
          -36.80570293285059,
          -5.087
        ]
      },
      "properties": {
        "id": "0_55",
        "camera": "R1 - Green (Point)",
        "frame": "0056",
        "image": "pano_camera0/frame_0056_hp_preview.jpg",
        "frameId": "0056",
        "height": -5.087,
        "coords2D": "2D: (1.202, 0.030)",
        "coords3D": "3D: (1.202, 0.030, -5.087)",
        "easting": 397945.32219403295,
        "northing": 808213.1994096332,
        "longitude": 174.7411395765548,
        "latitude": -36.80570293285059,
        "group": "R1 - Green (90 points)",
        "canvasX": 946.522229126402,
        "canvasY": 666.8524485138296
      }
    },
    {
      "type": "Feature",
      "geometry": {
        "type": "Point",
        "coordinates": [
          174.74113610517585,
          -36.80569832841176,
          -5.07
        ]
      },
      "properties": {
        "id": "0_56",
        "camera": "R1 - Green (Point)",
        "frame": "0057",
        "image": "pano_camera0/frame_0057_hp_preview.jpg",
        "frameId": "0057",
        "height": -5.07,
        "coords2D": "2D: (0.784, 0.016)",
        "coords3D": "3D: (0.784, 0.016, -5.070)",
        "easting": 397945.0123242868,
        "northing": 808213.7102569772,
        "longitude": 174.74113610517585,
        "latitude": -36.80569832841176,
        "group": "R1 - Green (90 points)",
        "canvasX": 940.7663912560034,
        "canvasY": 657.3634470052573
      }
    },
    {
      "type": "Feature",
      "geometry": {
        "type": "Point",
        "coordinates": [
          174.74113390690624,
          -36.80569532010176,
          -5.062
        ]
      },
      "properties": {
        "id": "0_57",
        "camera": "R1 - Green (Point)",
        "frame": "0058",
        "image": "pano_camera0/frame_0058_hp_preview.jpg",
        "frameId": "0058",
        "height": -5.062,
        "coords2D": "2D: (0.514, 0.011)",
        "coords3D": "3D: (0.514, 0.011, -5.062)",
        "easting": 397944.8160950895,
        "northing": 808214.044020569,
        "longitude": 174.74113390690624,
        "latitude": -36.80569532010176,
        "group": "R1 - Green (90 points)",
        "canvasX": 937.1214292712285,
        "canvasY": 651.1637803892572
      }
    },
    {
      "type": "Feature",
      "geometry": {
        "type": "Point",
        "coordinates": [
          174.74112721613562,
          -36.80569310276749,
          -4.78
        ]
      },
      "properties": {
        "id": "0_58",
        "camera": "R1 - Green (Point)",
        "frame": "0059",
        "image": "pano_camera0/frame_0059_hp_preview.jpg",
        "frameId": "0059",
        "height": -4.78,
        "coords2D": "2D: (0.162, -0.017)",
        "coords3D": "3D: (0.162, -0.017, -4.780)",
        "easting": 397944.21902684105,
        "northing": 808214.2899186278,
        "longitude": 174.74112721613562,
        "latitude": -36.80569310276749,
        "group": "R1 - Green (90 points)",
        "canvasX": 926.0308724226793,
        "canvasY": 646.5962181248652
      }
    },
    {
      "type": "Feature",
      "geometry": {
        "type": "Point",
        "coordinates": [
          174.74111740035832,
          -36.80569196787298,
          -4.286
        ]
      },
      "properties": {
        "id": "0_59",
        "camera": "R1 - Green (Point)",
        "frame": "0060",
        "image": "pano_camera0/frame_0060_hp_preview.jpg",
        "frameId": "0060",
        "height": -4.286,
        "coords2D": "2D: (-0.211, -0.011)",
        "coords3D": "3D: (-0.211, -0.011, -4.286)",
        "easting": 397943.3431471058,
        "northing": 808214.4156387803,
        "longitude": 174.74111740035832,
        "latitude": -36.80569196787298,
        "group": "R1 - Green (90 points)",
        "canvasX": 909.7613856074337,
        "canvasY": 644.2609633146681
      }
    },
    {
      "type": "Feature",
      "geometry": {
        "type": "Point",
        "coordinates": [
          174.7411123628525,
          -36.80569127648052,
          -4.037
        ]
      },
      "properties": {
        "id": "0_60",
        "camera": "R1 - Green (Point)",
        "frame": "0061",
        "image": "pano_camera0/frame_0061_hp_preview.jpg",
        "frameId": "0061",
        "height": -4.037,
        "coords2D": "2D: (-0.410, -0.006)",
        "coords3D": "3D: (-0.410, -0.006, -4.037)",
        "easting": 397942.8936383394,
        "northing": 808214.4922493552,
        "longitude": 174.7411123628525,
        "latitude": -36.80569127648052,
        "group": "R1 - Green (90 points)",
        "canvasX": 901.4117496304904,
        "canvasY": 642.8379200748004
      }
    },
    {
      "type": "Feature",
      "geometry": {
        "type": "Point",
        "coordinates": [
          174.7410963822408,
          -36.80569147533497,
          -3.157
        ]
      },
      "properties": {
        "id": "0_61",
        "camera": "R1 - Green (Point)",
        "frame": "0062",
        "image": "pano_camera0/frame_0062_hp_preview.jpg",
        "frameId": "0062",
        "height": -3.157,
        "coords2D": "2D: (-0.878, -0.055)",
        "coords3D": "3D: (-0.878, -0.055, -3.157)",
        "easting": 397941.46771388047,
        "northing": 808214.4698400289,
        "longitude": 174.7410963822408,
        "latitude": -36.80569147533497,
        "group": "R1 - Green (90 points)",
        "canvasX": 874.9251690515952,
        "canvasY": 643.2541738407837
      }
    },
    {
      "type": "Feature",
      "geometry": {
        "type": "Point",
        "coordinates": [
          174.74108431855595,
          -36.805691359863495,
          -2.502
        ]
      },
      "properties": {
        "id": "0_62",
        "camera": "R1 - Green (Point)",
        "frame": "0063",
        "image": "pano_camera0/frame_0063_hp_preview.jpg",
        "frameId": "0063",
        "height": -2.502,
        "coords2D": "2D: (-1.249, -0.056)",
        "coords3D": "3D: (-1.249, -0.056, -2.502)",
        "easting": 397940.39128343336,
        "northing": 808214.4823933447,
        "longitude": 174.74108431855595,
        "latitude": -36.805691359863495,
        "group": "R1 - Green (90 points)",
        "canvasX": 854.9304480161363,
        "canvasY": 643.020995702488
      }
    },
    {
      "type": "Feature",
      "geometry": {
        "type": "Point",
        "coordinates": [
          174.7410821343069,
          -36.80569133835253,
          -2.384
        ]
      },
      "properties": {
        "id": "0_63",
        "camera": "R1 - Green (Point)",
        "frame": "0064",
        "image": "pano_camera0/frame_0064_hp_preview.jpg",
        "frameId": "0064",
        "height": -2.384,
        "coords2D": "2D: (-1.316, -0.056)",
        "coords3D": "3D: (-1.316, -0.056, -2.384)",
        "easting": 397940.19638507755,
        "northing": 808214.4847332216,
        "longitude": 174.7410821343069,
        "latitude": -36.80569133835253,
        "group": "R1 - Green (90 points)",
        "canvasX": 851.3102064434883,
        "canvasY": 642.9775324344308
      }
    },
    {
      "type": "Feature",
      "geometry": {
        "type": "Point",
        "coordinates": [
          174.74106802592235,
          -36.805688089066,
          -1.735
        ]
      },
      "properties": {
        "id": "0_64",
        "camera": "R1 - Green (Point)",
        "frame": "0065",
        "image": "pano_camera0/frame_0065_hp_preview.jpg",
        "frameId": "0065",
        "height": -1.735,
        "coords2D": "2D: (-1.962, -0.096)",
        "coords3D": "3D: (-1.962, -0.096, -1.735)",
        "easting": 397938.9374246712,
        "northing": 808214.8449795503,
        "longitude": 174.74106802592235,
        "latitude": -36.805688089066,
        "group": "R1 - Green (90 points)",
        "canvasX": 827.9249870932473,
        "canvasY": 636.2859483505895
      }
    },
    {
      "type": "Feature",
      "geometry": {
        "type": "Point",
        "coordinates": [
          174.74106512156416,
          -36.80568628153847,
          -1.644
        ]
      },
      "properties": {
        "id": "0_65",
        "camera": "R1 - Green (Point)",
        "frame": "0066",
        "image": "pano_camera0/frame_0066_hp_preview.jpg",
        "frameId": "0066",
        "height": -1.644,
        "coords2D": "2D: (-2.172, -0.098)",
        "coords3D": "3D: (-2.172, -0.098, -1.644)",
        "easting": 397938.67822400224,
        "northing": 808215.0454854654,
        "longitude": 174.74106512156416,
        "latitude": -36.80568628153847,
        "group": "R1 - Green (90 points)",
        "canvasX": 823.1103285317787,
        "canvasY": 632.5615462312586
      }
    },
    {
      "type": "Feature",
      "geometry": {
        "type": "Point",
        "coordinates": [
          174.74105287690813,
          -36.805682002796125,
          -1.135
        ]
      },
      "properties": {
        "id": "0_66",
        "camera": "R1 - Green (Point)",
        "frame": "0067",
        "image": "pano_camera0/frame_0067_hp_preview.jpg",
        "frameId": "0067",
        "height": -1.135,
        "coords2D": "2D: (-2.832, -0.123)",
        "coords3D": "3D: (-2.832, -0.123, -1.135)",
        "easting": 397937.58553399885,
        "northing": 808215.5200031761,
        "longitude": 174.74105287690813,
        "latitude": -36.805682002796125,
        "group": "R1 - Green (90 points)",
        "canvasX": 802.8135858539633,
        "canvasY": 623.7473685231256
      }
    },
    {
      "type": "Feature",
      "geometry": {
        "type": "Point",
        "coordinates": [
          174.74104018246,
          -36.80568082633682,
          -0.486
        ]
      },
      "properties": {
        "id": "0_67",
        "camera": "R1 - Green (Point)",
        "frame": "0068",
        "image": "pano_camera0/frame_0068_hp_preview.jpg",
        "frameId": "0068",
        "height": -0.486,
        "coords2D": "2D: (-3.294, -0.130)",
        "coords3D": "3D: (-3.294, -0.130, -0.486)",
        "easting": 397936.45279273344,
        "northing": 808215.6502726894,
        "longitude": 174.74104018246,
        "latitude": -36.80568082633682,
        "group": "R1 - Green (90 points)",
        "canvasX": 781.7728900344724,
        "canvasY": 621.3276092289682
      }
    },
    {
      "type": "Feature",
      "geometry": {
        "type": "Point",
        "coordinates": [
          174.74103827228814,
          -36.805680691480916,
          -0.387
        ]
      },
      "properties": {
        "id": "0_68",
        "camera": "R1 - Green (Point)",
        "frame": "0069",
        "image": "pano_camera0/frame_0069_hp_preview.jpg",
        "frameId": "0069",
        "height": -0.387,
        "coords2D": "2D: (-3.361, -0.127)",
        "coords3D": "3D: (-3.361, -0.127, -0.387)",
        "easting": 397936.2823468669,
        "northing": 808215.6651954757,
        "longitude": 174.74103827228814,
        "latitude": -36.805680691480916,
        "group": "R1 - Green (90 points)",
        "canvasX": 778.606854028704,
        "canvasY": 621.0504181212867
      }
    },
    {
      "type": "Feature",
      "geometry": {
        "type": "Point",
        "coordinates": [
          174.74102617798965,
          -36.80568540095574,
          0.45
        ]
      },
      "properties": {
        "id": "0_69",
        "camera": "R1 - Green (Point)",
        "frame": "0070",
        "image": "pano_camera0/frame_0070_hp_preview.jpg",
        "frameId": "0070",
        "height": 0.45,
        "coords2D": "2D: (-3.405, -0.140)",
        "coords3D": "3D: (-3.405, -0.140, 0.450)",
        "easting": 397935.2033141949,
        "northing": 808215.1423573967,
        "longitude": 174.74102617798965,
        "latitude": -36.80568540095574,
        "group": "R1 - Green (90 points)",
        "canvasX": 758.5637966042419,
        "canvasY": 630.7621478158217
      }
    },
    {
      "type": "Feature",
      "geometry": {
        "type": "Point",
        "coordinates": [
          174.7410214412007,
          -36.80569255279357,
          0.977
        ]
      },
      "properties": {
        "id": "0_70",
        "camera": "R1 - Green (Point)",
        "frame": "0071",
        "image": "pano_camera0/frame_0071_hp_preview.jpg",
        "frameId": "0071",
        "height": 0.977,
        "coords2D": "2D: (-3.062, -0.147)",
        "coords3D": "3D: (-3.062, -0.147, 0.977)",
        "easting": 397934.78084853094,
        "northing": 808214.3486663859,
        "longitude": 174.7410214412007,
        "latitude": -36.80569255279357,
        "group": "R1 - Green (90 points)",
        "canvasX": 750.7164868951452,
        "canvasY": 645.5049771280507
      }
    },
    {
      "type": "Feature",
      "geometry": {
        "type": "Point",
        "coordinates": [
          174.74101975650944,
          -36.805699140379545,
          1.316
        ]
      },
      "properties": {
        "id": "0_71",
        "camera": "R1 - Green (Point)",
        "frame": "0072",
        "image": "pano_camera0/frame_0072_hp_preview.jpg",
        "frameId": "0072",
        "height": 1.316,
        "coords2D": "2D: (-2.665, -0.138)",
        "coords3D": "3D: (-2.665, -0.138, 1.316)",
        "easting": 397934.63070258027,
        "northing": 808213.6176522973,
        "longitude": 174.74101975650944,
        "latitude": -36.805699140379545,
        "group": "R1 - Green (90 points)",
        "canvasX": 747.9275223073014,
        "canvasY": 659.0835811294844
      }
    },
    {
      "type": "Feature",
      "geometry": {
        "type": "Point",
        "coordinates": [
          174.7410197478747,
          -36.80570036191512,
          1.362
        ]
      },
      "properties": {
        "id": "0_72",
        "camera": "R1 - Green (Point)",
        "frame": "0073",
        "image": "pano_camera0/frame_0073_hp_preview.jpg",
        "frameId": "0073",
        "height": 1.362,
        "coords2D": "2D: (-2.583, -0.134)",
        "coords3D": "3D: (-2.583, -0.134, 1.362)",
        "easting": 397934.62996492116,
        "northing": 808213.4821069699,
        "longitude": 174.7410197478747,
        "latitude": -36.80570036191512,
        "group": "R1 - Green (90 points)",
        "canvasX": 747.9138202724359,
        "canvasY": 661.601338793407
      }
    },
    {
      "type": "Feature",
      "geometry": {
        "type": "Point",
        "coordinates": [
          174.7410177278782,
          -36.80570926710911,
          1.806
        ]
      },
      "properties": {
        "id": "0_73",
        "camera": "R1 - Green (Point)",
        "frame": "0074",
        "image": "pano_camera0/frame_0074_hp_preview.jpg",
        "frameId": "0074",
        "height": 1.806,
        "coords2D": "2D: (-2.039, -0.127)",
        "coords3D": "3D: (-2.039, -0.127, 1.806)",
        "easting": 397934.4499623895,
        "northing": 808212.4939171091,
        "longitude": 174.7410177278782,
        "latitude": -36.80570926710911,
        "group": "R1 - Green (90 points)",
        "canvasX": 744.5702689856435,
        "canvasY": 679.9569888489781
      }
    },
    {
      "type": "Feature",
      "geometry": {
        "type": "Point",
        "coordinates": [
          174.74101436980163,
          -36.805719243349785,
          2.363
        ]
      },
      "properties": {
        "id": "0_74",
        "camera": "R1 - Green (Point)",
        "frame": "0075",
        "image": "pano_camera0/frame_0075_hp_preview.jpg",
        "frameId": "0075",
        "height": 2.363,
        "coords2D": "2D: (-1.462, -0.108)",
        "coords3D": "3D: (-1.462, -0.108, 2.363)",
        "easting": 397934.1505935215,
        "northing": 808211.3868518812,
        "longitude": 174.74101436980163,
        "latitude": -36.805719243349785,
        "group": "R1 - Green (90 points)",
        "canvasX": 739.0094851756389,
        "canvasY": 700.5207516639006
      }
    },
    {
      "type": "Feature",
      "geometry": {
        "type": "Point",
        "coordinates": [
          174.74101310285698,
          -36.8057231651654,
          2.579
        ]
      },
      "properties": {
        "id": "0_75",
        "camera": "R1 - Green (Point)",
        "frame": "0076",
        "image": "pano_camera0/frame_0076_hp_preview.jpg",
        "frameId": "0076",
        "height": 2.579,
        "coords2D": "2D: (-1.234, -0.116)",
        "coords3D": "3D: (-1.234, -0.116, 2.579)",
        "easting": 397934.03765104985,
        "northing": 808210.9516484381,
        "longitude": 174.74101310285698,
        "latitude": -36.8057231651654,
        "group": "R1 - Green (90 points)",
        "canvasX": 736.9115760914191,
        "canvasY": 708.604665921508
      }
    },
    {
      "type": "Feature",
      "geometry": {
        "type": "Point",
        "coordinates": [
          174.74101051093905,
          -36.805731883234614,
          3.047
        ]
      },
      "properties": {
        "id": "0_76",
        "camera": "R1 - Green (Point)",
        "frame": "0077",
        "image": "pano_camera0/frame_0077_hp_preview.jpg",
        "frameId": "0077",
        "height": 3.047,
        "coords2D": "2D: (-0.720, -0.092)",
        "coords3D": "3D: (-0.720, -0.092, 3.047)",
        "easting": 397933.80661181675,
        "northing": 808209.9842101147,
        "longitude": 174.74101051093905,
        "latitude": -36.805731883234614,
        "group": "R1 - Green (90 points)",
        "canvasX": 732.6200168673386,
        "canvasY": 726.5748556797217
      }
    },
    {
      "type": "Feature",
      "geometry": {
        "type": "Point",
        "coordinates": [
          174.74100788461504,
          -36.80574192651819,
          3.567
        ]
      },
      "properties": {
        "id": "0_77",
        "camera": "R1 - Green (Point)",
        "frame": "0078",
        "image": "pano_camera0/frame_0078_hp_preview.jpg",
        "frameId": "0078",
        "height": 3.567,
        "coords2D": "2D: (-0.117, -0.067)",
        "coords3D": "3D: (-0.117, -0.067, 3.567)",
        "easting": 397933.57253823325,
        "northing": 808208.8697213962,
        "longitude": 174.74100788461504,
        "latitude": -36.80574192651819,
        "group": "R1 - Green (90 points)",
        "canvasX": 728.2720945131675,
        "canvasY": 747.2765100061783
      }
    },
    {
      "type": "Feature",
      "geometry": {
        "type": "Point",
        "coordinates": [
          174.7410023147386,
          -36.80575535387971,
          4.374
        ]
      },
      "properties": {
        "id": "0_78",
        "camera": "R1 - Green (Point)",
        "frame": "0079",
        "image": "pano_camera0/frame_0079_hp_preview.jpg",
        "frameId": "0079",
        "height": 4.374,
        "coords2D": "2D: (0.628, -0.077)",
        "coords3D": "3D: (0.628, -0.077, 4.374)",
        "easting": 397933.07590640936,
        "northing": 808207.3796619173,
        "longitude": 174.7410023147386,
        "latitude": -36.80575535387971,
        "group": "R1 - Green (90 points)",
        "canvasX": 719.0471466288387,
        "canvasY": 774.9544000990198
      }
    },
    {
      "type": "Feature",
      "geometry": {
        "type": "Point",
        "coordinates": [
          174.74099521183183,
          -36.8057622450513,
          5.02
        ]
      },
      "properties": {
        "id": "0_79",
        "camera": "R1 - Green (Point)",
        "frame": "0080",
        "image": "pano_camera0/frame_0080_hp_preview.jpg",
        "frameId": "0080",
        "height": 5.02,
        "coords2D": "2D: (0.882, -0.064)",
        "coords3D": "3D: (0.882, -0.064, 5.020)",
        "easting": 397932.4423088109,
        "northing": 808206.6148439258,
        "longitude": 174.74099521183183,
        "latitude": -36.8057622450513,
        "group": "R1 - Green (90 points)",
        "canvasX": 707.2780562388429,
        "canvasY": 789.1609123959247
      }
    },
    {
      "type": "Feature",
      "geometry": {
        "type": "Point",
        "coordinates": [
          174.74099986194648,
          -36.805703754292885,
          2.575
        ]
      },
      "properties": {
        "id": "0_80",
        "camera": "R1 - Green (Point)",
        "frame": "0118",
        "image": "pano_camera0/frame_0118_hp_preview.jpg",
        "frameId": "0118",
        "height": 2.575,
        "coords2D": "2D: (-2.951, -0.131)",
        "coords3D": "3D: (-2.951, -0.131, 2.575)",
        "easting": 397932.8556600728,
        "northing": 808213.105249218,
        "longitude": 174.74099986194648,
        "latitude": -36.805703754292885,
        "group": "R1 - Green (90 points)",
        "canvasX": 714.9560657140254,
        "canvasY": 668.601480455371
      }
    },
    {
      "type": "Feature",
      "geometry": {
        "type": "Point",
        "coordinates": [
          174.74100698658958,
          -36.80570233315722,
          2.133
        ]
      },
      "properties": {
        "id": "0_81",
        "camera": "R1 - Green (Point)",
        "frame": "0119",
        "image": "pano_camera0/frame_0119_hp_preview.jpg",
        "frameId": "0119",
        "height": 2.133,
        "coords2D": "2D: (-2.833, -0.121)",
        "coords3D": "3D: (-2.833, -0.121, 2.133)",
        "easting": 397933.49134468334,
        "northing": 808213.2630965415,
        "longitude": 174.74100698658958,
        "latitude": -36.80570233315722,
        "group": "R1 - Green (90 points)",
        "canvasX": 726.7639224016386,
        "canvasY": 665.6694626834624
      }
    },
    {
      "type": "Feature",
      "geometry": {
        "type": "Point",
        "coordinates": [
          174.7410147542478,
          -36.80569550798834,
          1.453
        ]
      },
      "properties": {
        "id": "0_82",
        "camera": "R1 - Green (Point)",
        "frame": "0120",
        "image": "pano_camera0/frame_0120_hp_preview.jpg",
        "frameId": "0120",
        "height": 1.453,
        "coords2D": "2D: (-3.063, -0.121)",
        "coords3D": "3D: (-3.063, -0.121, 1.453)",
        "easting": 397934.1842595663,
        "northing": 808214.0206049534,
        "longitude": 174.7410147542478,
        "latitude": -36.80569550798834,
        "group": "R1 - Green (90 points)",
        "canvasX": 739.6348327553023,
        "canvasY": 651.5987260016836
      }
    },
    {
      "type": "Feature",
      "geometry": {
        "type": "Point",
        "coordinates": [
          174.74101677790813,
          -36.80569035883914,
          1.15
        ]
      },
      "properties": {
        "id": "0_83",
        "camera": "R1 - Green (Point)",
        "frame": "0121",
        "image": "pano_camera0/frame_0121_hp_preview.jpg",
        "frameId": "0121",
        "height": 1.15,
        "coords2D": "2D: (-3.352, -0.131)",
        "coords3D": "3D: (-3.352, -0.131, 1.150)",
        "easting": 397934.3646899061,
        "northing": 808214.5920132407,
        "longitude": 174.74101677790813,
        "latitude": -36.80569035883914,
        "group": "R1 - Green (90 points)",
        "canvasX": 742.986330588684,
        "canvasY": 640.9848035409326
      }
    },
    {
      "type": "Feature",
      "geometry": {
        "type": "Point",
        "coordinates": [
          174.74101745473098,
          -36.80568596686905,
          0.948
        ]
      },
      "properties": {
        "id": "0_84",
        "camera": "R1 - Green (Point)",
        "frame": "0122",
        "image": "pano_camera0/frame_0122_hp_preview.jpg",
        "frameId": "0122",
        "height": 0.948,
        "coords2D": "2D: (-3.629, -0.128)",
        "coords3D": "3D: (-3.629, -0.128, 0.948)",
        "easting": 397934.42496398767,
        "northing": 808215.0793736374,
        "longitude": 174.74101745473098,
        "latitude": -36.80568596686905,
        "group": "R1 - Green (90 points)",
        "canvasX": 744.1059230796255,
        "canvasY": 631.9320726322936
      }
    },
    {
      "type": "Feature",
      "geometry": {
        "type": "Point",
        "coordinates": [
          174.74101616793558,
          -36.805677269422574,
          0.693
        ]
      },
      "properties": {
        "id": "0_85",
        "camera": "R1 - Green (Point)",
        "frame": "0123",
        "image": "pano_camera0/frame_0123_hp_preview.jpg",
        "frameId": "0123",
        "height": 0.693,
        "coords2D": "2D: (-4.259, -0.131)",
        "coords3D": "3D: (-4.259, -0.131, 0.693)",
        "easting": 397934.30991123256,
        "northing": 808216.0444398089,
        "longitude": 174.74101616793558,
        "latitude": -36.805677269422574,
        "group": "R1 - Green (90 points)",
        "canvasX": 741.9688154301305,
        "canvasY": 614.0059456542074
      }
    },
    {
      "type": "Feature",
      "geometry": {
        "type": "Point",
        "coordinates": [
          174.74101150064948,
          -36.80567129291981,
          0.723
        ]
      },
      "properties": {
        "id": "0_86",
        "camera": "R1 - Green (Point)",
        "frame": "0124",
        "image": "pano_camera0/frame_0124_hp_preview.jpg",
        "frameId": "0124",
        "height": 0.723,
        "coords2D": "2D: (-4.806, -0.139)",
        "coords3D": "3D: (-4.806, -0.139, 0.723)",
        "easting": 397933.8932945538,
        "northing": 808216.7075091194,
        "longitude": 174.74101150064948,
        "latitude": -36.80567129291981,
        "group": "R1 - Green (90 points)",
        "canvasX": 734.2301507598888,
        "canvasY": 601.6894175159067
      }
    },
    {
      "type": "Feature",
      "geometry": {
        "type": "Point",
        "coordinates": [
          174.74100558576458,
          -36.805671017262966,
          1.036
        ]
      },
      "properties": {
        "id": "0_87",
        "camera": "R1 - Green (Point)",
        "frame": "0125",
        "image": "pano_camera0/frame_0125_hp_preview.jpg",
        "frameId": "0125",
        "height": 1.036,
        "coords2D": "2D: (-5.002, -0.150)",
        "coords3D": "3D: (-5.002, -0.150, 1.036)",
        "easting": 397933.36550930527,
        "northing": 808216.737969006,
        "longitude": 174.74100558576458,
        "latitude": -36.805671017262966,
        "group": "R1 - Green (90 points)",
        "canvasX": 724.4265272751088,
        "canvasY": 601.1236244011806
      }
    },
    {
      "type": "Feature",
      "geometry": {
        "type": "Point",
        "coordinates": [
          174.74100228491773,
          -36.80567176152677,
          1.244
        ]
      },
      "properties": {
        "id": "0_88",
        "camera": "R1 - Green (Point)",
        "frame": "0126",
        "image": "pano_camera0/frame_0126_hp_preview.jpg",
        "frameId": "0126",
        "height": 1.244,
        "coords2D": "2D: (-5.051, -0.129)",
        "coords3D": "3D: (-5.051, -0.129, 1.244)",
        "easting": 397933.0709988372,
        "northing": 808216.6553119939,
        "longitude": 174.74100228491773,
        "latitude": -36.80567176152677,
        "group": "R1 - Green (90 points)",
        "canvasX": 718.955988359389,
        "canvasY": 602.658980357171
      }
    },
    {
      "type": "Feature",
      "geometry": {
        "type": "Point",
        "coordinates": [
          174.74104101034894,
          -36.80566413495767,
          -1.156
        ]
      },
      "properties": {
        "id": "0_89",
        "camera": "R1 - Green (End)",
        "frame": "0197",
        "image": "pano_camera0/frame_0197_hp_preview.jpg",
        "frameId": "0197",
        "height": -1.156,
        "coords2D": "2D: (-4.403, -0.148)",
        "coords3D": "3D: (-4.403, -0.148, -1.156)",
        "easting": 397936.5262163638,
        "northing": 808217.5024145386,
        "longitude": 174.74104101034894,
        "latitude": -36.80566413495767,
        "group": "R1 - Green (90 points)",
        "canvasX": 783.1367357071294,
        "canvasY": 586.9240305366116
      }
    },
    {
      "type": "Feature",
      "geometry": {
        "type": "Point",
        "coordinates": [
          174.74091627946612,
          -36.80568024369212,
          2.314
        ]
      },
      "properties": {
        "id": "1_0",
        "camera": "R0 - Red (Start)",
        "frame": "0140",
        "image": "pano_camera0/frame_0140_hp_preview.jpg",
        "frameId": "0140",
        "height": 2.314,
        "coords2D": "2D: (4.163, 1.073)",
        "coords3D": "3D: (4.163, 1.073, 2.314)",
        "easting": 397925.3970679548,
        "northing": 808215.7122440094,
        "longitude": 174.74091627946612,
        "latitude": -36.80568024369212,
        "group": "R0 - Red (229 points)",
        "canvasX": 576.4125405651405,
        "canvasY": 620.1764904936992
      }
    },
    {
      "type": "Feature",
      "geometry": {
        "type": "Point",
        "coordinates": [
          174.74091120512105,
          -36.80568048342483,
          2.441
        ]
      },
      "properties": {
        "id": "1_1",
        "camera": "R0 - Red (Point)",
        "frame": "0141",
        "image": "pano_camera0/frame_0141_hp_preview.jpg",
        "frameId": "0141",
        "height": 2.441,
        "coords2D": "2D: (4.291, 1.077)",
        "coords3D": "3D: (4.291, 1.077, 2.441)",
        "easting": 397924.94429696025,
        "northing": 808215.685532483,
        "longitude": 174.74091120512105,
        "latitude": -36.80568048342483,
        "group": "R0 - Red (229 points)",
        "canvasX": 568.0023086226427,
        "canvasY": 620.6726577269865
      }
    },
    {
      "type": "Feature",
      "geometry": {
        "type": "Point",
        "coordinates": [
          174.7409020563643,
          -36.80568056496813,
          2.681
        ]
      },
      "properties": {
        "id": "1_2",
        "camera": "R0 - Red (Point)",
        "frame": "0142",
        "image": "pano_camera0/frame_0142_hp_preview.jpg",
        "frameId": "0142",
        "height": 2.681,
        "coords2D": "2D: (4.510, 1.071)",
        "coords3D": "3D: (4.510, 1.071, 2.681)",
        "easting": 397924.127967043,
        "northing": 808215.676285656,
        "longitude": 174.7409020563643,
        "latitude": -36.80568056496813,
        "group": "R0 - Red (229 points)",
        "canvasX": 552.8389610868262,
        "canvasY": 620.8444177573989
      }
    },
    {
      "type": "Feature",
      "geometry": {
        "type": "Point",
        "coordinates": [
          174.7408970445437,
          -36.80568174215592,
          2.779
        ]
      },
      "properties": {
        "id": "1_3",
        "camera": "R0 - Red (Point)",
        "frame": "0143",
        "image": "pano_camera0/frame_0143_hp_preview.jpg",
        "frameId": "0143",
        "height": 2.779,
        "coords2D": "2D: (4.668, 1.069)",
        "coords3D": "3D: (4.668, 1.069, 2.779)",
        "easting": 397923.6808003443,
        "northing": 808215.5455526777,
        "longitude": 174.7408970445437,
        "latitude": -36.80568174215592,
        "group": "R0 - Red (229 points)",
        "canvasX": 544.5328290726393,
        "canvasY": 623.2727859261289
      }
    },
    {
      "type": "Feature",
      "geometry": {
        "type": "Point",
        "coordinates": [
          174.74089484715222,
          -36.80568548384989,
          2.727
        ]
      },
      "properties": {
        "id": "1_4",
        "camera": "R0 - Red (Point)",
        "frame": "0144",
        "image": "pano_camera0/frame_0144_hp_preview.jpg",
        "frameId": "0144",
        "height": 2.727,
        "coords2D": "2D: (4.843, 1.089)",
        "coords3D": "3D: (4.843, 1.089, 2.727)",
        "easting": 397923.48483088677,
        "northing": 808215.1303157187,
        "longitude": 174.74089484715222,
        "latitude": -36.80568548384989,
        "group": "R0 - Red (229 points)",
        "canvasX": 540.8926917604057,
        "canvasY": 630.9858222671611
      }
    },
    {
      "type": "Feature",
      "geometry": {
        "type": "Point",
        "coordinates": [
          174.74089747545256,
          -36.80568912431733,
          2.55
        ]
      },
      "properties": {
        "id": "1_5",
        "camera": "R0 - Red (Point)",
        "frame": "0145",
        "image": "pano_camera0/frame_0145_hp_preview.jpg",
        "frameId": "0145",
        "height": 2.55,
        "coords2D": "2D: (4.901, 1.099)",
        "coords3D": "3D: (4.901, 1.099, 2.550)",
        "easting": 397923.71944910835,
        "northing": 808214.726415926,
        "longitude": 174.74089747545256,
        "latitude": -36.80568912431733,
        "group": "R0 - Red (229 points)",
        "canvasX": 545.2507307802668,
        "canvasY": 638.4882704776699
      }
    },
    {
      "type": "Feature",
      "geometry": {
        "type": "Point",
        "coordinates": [
          174.74090962158652,
          -36.805671705922,
          2.741
        ]
      },
      "properties": {
        "id": "1_6",
        "camera": "R0 - Red (Point)",
        "frame": "0157",
        "image": "pano_camera0/frame_0157_hp_preview.jpg",
        "frameId": "0157",
        "height": 2.741,
        "coords2D": "2D: (4.040, 1.069)",
        "coords3D": "3D: (4.040, 1.069, 2.741)",
        "easting": 397924.8027632991,
        "northing": 808216.6594753716,
        "longitude": 174.74090962158652,
        "latitude": -36.805671705922,
        "group": "R0 - Red (229 points)",
        "canvasX": 565.3733175167448,
        "canvasY": 602.5816455174635
      }
    },
    {
      "type": "Feature",
      "geometry": {
        "type": "Point",
        "coordinates": [
          174.7409103884863,
          -36.805668082264035,
          2.828
        ]
      },
      "properties": {
        "id": "1_7",
        "camera": "R0 - Red (Point)",
        "frame": "0158",
        "image": "pano_camera0/frame_0158_hp_preview.jpg",
        "frameId": "0158",
        "height": 2.828,
        "coords2D": "2D: (3.902, 1.068)",
        "coords3D": "3D: (3.902, 1.068, 2.828)",
        "easting": 397924.8710950359,
        "northing": 808217.0615836421,
        "longitude": 174.7409103884863,
        "latitude": -36.805668082264035,
        "group": "R0 - Red (229 points)",
        "canvasX": 566.642581145887,
        "canvasY": 595.1124748747658
      }
    },
    {
      "type": "Feature",
      "geometry": {
        "type": "Point",
        "coordinates": [
          174.7409092448824,
          -36.80566577974564,
          2.926
        ]
      },
      "properties": {
        "id": "1_8",
        "camera": "R0 - Red (Point)",
        "frame": "0159",
        "image": "pano_camera0/frame_0159_hp_preview.jpg",
        "frameId": "0159",
        "height": 2.926,
        "coords2D": "2D: (3.853, 1.070)",
        "coords3D": "3D: (3.853, 1.070, 2.926)",
        "easting": 397924.76899054373,
        "northing": 808217.3170529659,
        "longitude": 174.7409092448824,
        "latitude": -36.80566577974564,
        "group": "R0 - Red (229 points)",
        "canvasX": 564.7459877864502,
        "canvasY": 590.367126138483
      }
    },
    {
      "type": "Feature",
      "geometry": {
        "type": "Point",
        "coordinates": [
          174.74090108217698,
          -36.805652425256646,
          3.535
        ]
      },
      "properties": {
        "id": "1_9",
        "camera": "R0 - Red (Point)",
        "frame": "0160",
        "image": "pano_camera0/frame_0160_hp_preview.jpg",
        "frameId": "0160",
        "height": 3.535,
        "coords2D": "2D: (3.607, 1.041)",
        "coords3D": "3D: (3.607, 1.041, 3.535)",
        "easting": 397924.0402819193,
        "northing": 808218.7987287539,
        "longitude": 174.74090108217698,
        "latitude": -36.805652425256646,
        "group": "R0 - Red (229 points)",
        "canvasX": 551.2102078380597,
        "canvasY": 562.844963302166
      }
    },
    {
      "type": "Feature",
      "geometry": {
        "type": "Point",
        "coordinates": [
          174.74089944679318,
          -36.80564497674372,
          3.797
        ]
      },
      "properties": {
        "id": "1_10",
        "camera": "R0 - Red (Point)",
        "frame": "0161",
        "image": "pano_camera0/frame_0161_hp_preview.jpg",
        "frameId": "0161",
        "height": 3.797,
        "coords2D": "2D: (3.401, 1.030)",
        "coords3D": "3D: (3.401, 1.030, 3.797)",
        "easting": 397923.894157536,
        "northing": 808219.6252019117,
        "longitude": 174.74089944679318,
        "latitude": -36.80564497674372,
        "group": "R0 - Red (229 points)",
        "canvasX": 548.4959439590361,
        "canvasY": 547.4932048330189
      }
    },
    {
      "type": "Feature",
      "geometry": {
        "type": "Point",
        "coordinates": [
          174.7408989882475,
          -36.805635523208586,
          4.087
        ]
      },
      "properties": {
        "id": "1_11",
        "camera": "R0 - Red (Point)",
        "frame": "0162",
        "image": "pano_camera0/frame_0162_hp_preview.jpg",
        "frameId": "0162",
        "height": 4.087,
        "coords2D": "2D: (3.100, 1.031)",
        "coords3D": "3D: (3.100, 1.031, 4.087)",
        "easting": 397923.85298684647,
        "northing": 808220.6741837133,
        "longitude": 174.7408989882475,
        "latitude": -36.805635523208586,
        "group": "R0 - Red (229 points)",
        "canvasX": 547.7311974261607,
        "canvasY": 528.0083430362174
      }
    },
    {
      "type": "Feature",
      "geometry": {
        "type": "Point",
        "coordinates": [
          174.74089950126634,
          -36.80562961055836,
          4.248
        ]
      },
      "properties": {
        "id": "1_12",
        "camera": "R0 - Red (Point)",
        "frame": "0163",
        "image": "pano_camera0/frame_0163_hp_preview.jpg",
        "frameId": "0163",
        "height": 4.248,
        "coords2D": "2D: (2.893, 1.031)",
        "coords3D": "3D: (2.893, 1.031, 4.248)",
        "easting": 397923.898603282,
        "northing": 808221.3302797137,
        "longitude": 174.74089950126634,
        "latitude": -36.80562961055836,
        "group": "R0 - Red (229 points)",
        "canvasX": 548.5785237962481,
        "canvasY": 515.8213442968823
      }
    },
    {
      "type": "Feature",
      "geometry": {
        "type": "Point",
        "coordinates": [
          174.74090071107923,
          -36.80562365312169,
          4.391
        ]
      },
      "properties": {
        "id": "1_13",
        "camera": "R0 - Red (Point)",
        "frame": "0164",
        "image": "pano_camera0/frame_0164_hp_preview.jpg",
        "frameId": "0164",
        "height": 4.391,
        "coords2D": "2D: (2.669, 1.034)",
        "coords3D": "3D: (2.669, 1.034, 4.391)",
        "easting": 397924.00639262825,
        "northing": 808221.9913604747,
        "longitude": 174.74090071107923,
        "latitude": -36.80562365312169,
        "group": "R0 - Red (229 points)",
        "canvasX": 550.580713454024,
        "canvasY": 503.54175351280924
      }
    },
    {
      "type": "Feature",
      "geometry": {
        "type": "Point",
        "coordinates": [
          174.7409084160612,
          -36.80561711947596,
          4.38
        ]
      },
      "properties": {
        "id": "1_14",
        "camera": "R0 - Red (Point)",
        "frame": "0165",
        "image": "pano_camera0/frame_0165_hp_preview.jpg",
        "frameId": "0165",
        "height": 4.38,
        "coords2D": "2D: (2.271, 1.032)",
        "coords3D": "3D: (2.271, 1.032, 4.380)",
        "easting": 397924.69372271665,
        "northing": 808222.7165200323,
        "longitude": 174.7409084160612,
        "latitude": -36.80561711947596,
        "group": "R0 - Red (229 points)",
        "canvasX": 563.3478861166441,
        "canvasY": 490.07189756692594
      }
    },
    {
      "type": "Feature",
      "geometry": {
        "type": "Point",
        "coordinates": [
          174.74091423139942,
          -36.80561639298101,
          4.247
        ]
      },
      "properties": {
        "id": "1_15",
        "camera": "R0 - Red (Point)",
        "frame": "0166",
        "image": "pano_camera0/frame_0166_hp_preview.jpg",
        "frameId": "0166",
        "height": 4.247,
        "coords2D": "2D: (2.110, 1.032)",
        "coords3D": "3D: (2.110, 1.032, 4.247)",
        "easting": 397925.21259889996,
        "northing": 808222.7972602011,
        "longitude": 174.74091423139942,
        "latitude": -36.80561639298101,
        "group": "R0 - Red (229 points)",
        "canvasX": 572.9860235038618,
        "canvasY": 488.5721470192957
      }
    },
    {
      "type": "Feature",
      "geometry": {
        "type": "Point",
        "coordinates": [
          174.74092642367265,
          -36.80561761937189,
          3.888
        ]
      },
      "properties": {
        "id": "1_16",
        "camera": "R0 - Red (Point)",
        "frame": "0167",
        "image": "pano_camera0/frame_0167_hp_preview.jpg",
        "frameId": "0167",
        "height": 3.888,
        "coords2D": "2D: (1.862, 1.041)",
        "coords3D": "3D: (1.862, 1.041, 3.888)",
        "easting": 397926.30053415993,
        "northing": 808222.6614407391,
        "longitude": 174.74092642367265,
        "latitude": -36.80561761937189,
        "group": "R0 - Red (229 points)",
        "canvasX": 593.1944467112822,
        "canvasY": 491.0949967412945
      }
    },
    {
      "type": "Feature",
      "geometry": {
        "type": "Point",
        "coordinates": [
          174.7409335895033,
          -36.8056243184864,
          3.501
        ]
      },
      "properties": {
        "id": "1_17",
        "camera": "R0 - Red (Point)",
        "frame": "0168",
        "image": "pano_camera0/frame_0168_hp_preview.jpg",
        "frameId": "0168",
        "height": 3.501,
        "coords2D": "2D: (1.913, 1.045)",
        "coords3D": "3D: (1.913, 1.045, 3.501)",
        "easting": 397926.9401133679,
        "northing": 808221.9182428658,
        "longitude": 174.7409335895033,
        "latitude": -36.8056243184864,
        "group": "R0 - Red (229 points)",
        "canvasX": 605.0746456399895,
        "canvasY": 504.89991482922034
      }
    },
    {
      "type": "Feature",
      "geometry": {
        "type": "Point",
        "coordinates": [
          174.7409343500187,
          -36.80562758076569,
          3.385
        ]
      },
      "properties": {
        "id": "1_18",
        "camera": "R0 - Red (Point)",
        "frame": "0169",
        "image": "pano_camera0/frame_0169_hp_preview.jpg",
        "frameId": "0169",
        "height": 3.385,
        "coords2D": "2D: (2.002, 1.060)",
        "coords3D": "3D: (2.002, 1.060, 3.385)",
        "easting": 397927.00806119456,
        "northing": 808221.5562673535,
        "longitude": 174.7409343500187,
        "latitude": -36.80562758076569,
        "group": "R0 - Red (229 points)",
        "canvasX": 606.3367781281186,
        "canvasY": 511.62361853940934
      }
    },
    {
      "type": "Feature",
      "geometry": {
        "type": "Point",
        "coordinates": [
          174.74093553957388,
          -36.80564465755529,
          2.851
        ]
      },
      "properties": {
        "id": "1_19",
        "camera": "R0 - Red (Point)",
        "frame": "0170",
        "image": "pano_camera0/frame_0170_hp_preview.jpg",
        "frameId": "0170",
        "height": 2.851,
        "coords2D": "2D: (2.536, 1.062)",
        "coords3D": "3D: (2.536, 1.062, 2.851)",
        "easting": 397927.1146640775,
        "northing": 808219.6614029001,
        "longitude": 174.74093553957388,
        "latitude": -36.80564465755529,
        "group": "R0 - Red (229 points)",
        "canvasX": 608.316929202279,
        "canvasY": 546.8207706148756
      }
    },
    {
      "type": "Feature",
      "geometry": {
        "type": "Point",
        "coordinates": [
          174.74093564177232,
          -36.8056469221119,
          2.782
        ]
      },
      "properties": {
        "id": "1_20",
        "camera": "R0 - Red (Point)",
        "frame": "0171",
        "image": "pano_camera0/frame_0171_hp_preview.jpg",
        "frameId": "0171",
        "height": 2.782,
        "coords2D": "2D: (2.608, 1.078)",
        "coords3D": "3D: (2.608, 1.078, 2.782)",
        "easting": 397927.12384416093,
        "northing": 808219.4101233248,
        "longitude": 174.74093564177232,
        "latitude": -36.8056469221119,
        "group": "R0 - Red (229 points)",
        "canvasX": 608.487449469533,
        "canvasY": 551.4882946735662
      }
    },
    {
      "type": "Feature",
      "geometry": {
        "type": "Point",
        "coordinates": [
          174.7409361505371,
          -36.80565757496783,
          2.455
        ]
      },
      "properties": {
        "id": "1_21",
        "camera": "R0 - Red (Point)",
        "frame": "0172",
        "image": "pano_camera0/frame_0172_hp_preview.jpg",
        "frameId": "0172",
        "height": 2.455,
        "coords2D": "2D: (2.947, 1.073)",
        "coords3D": "3D: (2.947, 1.073, 2.455)",
        "easting": 397927.169527755,
        "northing": 808218.2280624736,
        "longitude": 174.7409361505371,
        "latitude": -36.80565757496783,
        "group": "R0 - Red (229 points)",
        "canvasX": 609.3360233104909,
        "canvasY": 573.4451029670419
      }
    },
    {
      "type": "Feature",
      "geometry": {
        "type": "Point",
        "coordinates": [
          174.740942708183,
          -36.80566459405546,
          2.075
        ]
      },
      "properties": {
        "id": "1_22",
        "camera": "R0 - Red (Point)",
        "frame": "0173",
        "image": "pano_camera0/frame_0173_hp_preview.jpg",
        "frameId": "0173",
        "height": 2.075,
        "coords2D": "2D: (3.023, 1.091)",
        "coords3D": "3D: (3.023, 1.091, 2.075)",
        "easting": 397927.754847608,
        "northing": 808217.4493462043,
        "longitude": 174.740942708183,
        "latitude": -36.80566459405546,
        "group": "R0 - Red (229 points)",
        "canvasX": 620.2083534347111,
        "canvasY": 587.9097761026496
      }
    },
    {
      "type": "Feature",
      "geometry": {
        "type": "Point",
        "coordinates": [
          174.7409535951704,
          -36.80566618075111,
          1.74
        ]
      },
      "properties": {
        "id": "1_23",
        "camera": "R0 - Red (Point)",
        "frame": "0174",
        "image": "pano_camera0/frame_0174_hp_preview.jpg",
        "frameId": "0174",
        "height": 1.74,
        "coords2D": "2D: (2.817, 1.103)",
        "coords3D": "3D: (2.817, 1.103, 1.740)",
        "easting": 397928.72632280487,
        "northing": 808217.2735176834,
        "longitude": 174.7409535951704,
        "latitude": -36.80566618075111,
        "group": "R0 - Red (229 points)",
        "canvasX": 638.2535282133001,
        "canvasY": 591.1757950416903
      }
    },
    {
      "type": "Feature",
      "geometry": {
        "type": "Point",
        "coordinates": [
          174.7409538817017,
          -36.8056661075422,
          1.734
        ]
      },
      "properties": {
        "id": "1_24",
        "camera": "R0 - Red (Point)",
        "frame": "0175",
        "image": "pano_camera0/frame_0175_hp_preview.jpg",
        "frameId": "0175",
        "height": 1.734,
        "coords2D": "2D: (2.808, 1.106)",
        "coords3D": "3D: (2.808, 1.106, 1.734)",
        "easting": 397928.75188766664,
        "northing": 808217.281647363,
        "longitude": 174.7409538817017,
        "latitude": -36.8056661075422,
        "group": "R0 - Red (229 points)",
        "canvasX": 638.7283961258063,
        "canvasY": 591.0247860496662
      }
    },
    {
      "type": "Feature",
      "geometry": {
        "type": "Point",
        "coordinates": [
          174.7409639345537,
          -36.80566022526724,
          1.641
        ]
      },
      "properties": {
        "id": "1_25",
        "camera": "R0 - Red (Point)",
        "frame": "0176",
        "image": "pano_camera0/frame_0176_hp_preview.jpg",
        "frameId": "0176",
        "height": 1.641,
        "coords2D": "2D: (2.376, 1.099)",
        "coords3D": "3D: (2.376, 1.099, 1.641)",
        "easting": 397929.6487328801,
        "northing": 808217.9345793768,
        "longitude": 174.7409639345537,
        "latitude": -36.80566022526724,
        "group": "R0 - Red (229 points)",
        "canvasX": 655.3873171958189,
        "canvasY": 578.8965584366517
      }
    },
    {
      "type": "Feature",
      "geometry": {
        "type": "Point",
        "coordinates": [
          174.74096747540668,
          -36.80565535547987,
          1.691
        ]
      },
      "properties": {
        "id": "1_26",
        "camera": "R0 - Red (Point)",
        "frame": "0177",
        "image": "pano_camera0/frame_0177_hp_preview.jpg",
        "frameId": "0177",
        "height": 1.691,
        "coords2D": "2D: (2.132, 1.106)",
        "coords3D": "3D: (2.132, 1.106, 1.691)",
        "easting": 397929.9645477642,
        "northing": 808218.4750217967,
        "longitude": 174.74096747540668,
        "latitude": -36.80565535547987,
        "group": "R0 - Red (229 points)",
        "canvasX": 661.2535861441922,
        "canvasY": 568.8578276963963
      }
    },
    {
      "type": "Feature",
      "geometry": {
        "type": "Point",
        "coordinates": [
          174.74097573880232,
          -36.80564726901372,
          1.71
        ]
      },
      "properties": {
        "id": "1_27",
        "camera": "R0 - Red (Point)",
        "frame": "0178",
        "image": "pano_camera0/frame_0178_hp_preview.jpg",
        "frameId": "0178",
        "height": 1.71,
        "coords2D": "2D: (1.671, 1.100)",
        "coords3D": "3D: (1.671, 1.100, 1.710)",
        "easting": 397930.7016628718,
        "northing": 808219.3724984308,
        "longitude": 174.74097573880232,
        "latitude": -36.80564726901372,
        "group": "R0 - Red (229 points)",
        "canvasX": 674.945516715989,
        "canvasY": 552.1871779724923
      }
    },
    {
      "type": "Feature",
      "geometry": {
        "type": "Point",
        "coordinates": [
          174.7409869766243,
          -36.80564555900154,
          1.463
        ]
      },
      "properties": {
        "id": "1_28",
        "camera": "R0 - Red (Point)",
        "frame": "0179",
        "image": "pano_camera0/frame_0179_hp_preview.jpg",
        "frameId": "0179",
        "height": 1.463,
        "coords2D": "2D: (1.348, 1.107)",
        "coords3D": "3D: (1.348, 1.107, 1.463)",
        "easting": 397931.7043541098,
        "northing": 808219.5624894515,
        "longitude": 174.7409869766243,
        "latitude": -36.80564555900154,
        "group": "R0 - Red (229 points)",
        "canvasX": 693.5705301980763,
        "canvasY": 548.6580902657234
      }
    },
    {
      "type": "Feature",
      "geometry": {
        "type": "Point",
        "coordinates": [
          174.74099184315872,
          -36.80564775859283,
          1.269
        ]
      },
      "properties": {
        "id": "1_29",
        "camera": "R0 - Red (Point)",
        "frame": "0180",
        "image": "pano_camera0/frame_0180_hp_preview.jpg",
        "frameId": "0180",
        "height": 1.269,
        "coords2D": "2D: (1.306, 1.110)",
        "coords3D": "3D: (1.306, 1.110, 1.269)",
        "easting": 397932.1386482297,
        "northing": 808219.3185216404,
        "longitude": 174.74099184315872,
        "latitude": -36.80564775859283,
        "group": "R0 - Red (229 points)",
        "canvasX": 701.6375537554925,
        "canvasY": 553.1897981307665
      }
    },
    {
      "type": "Feature",
      "geometry": {
        "type": "Point",
        "coordinates": [
          174.74099438441115,
          -36.80565357833551,
          1.031
        ]
      },
      "properties": {
        "id": "1_30",
        "camera": "R0 - Red (Point)",
        "frame": "0181",
        "image": "pano_camera0/frame_0181_hp_preview.jpg",
        "frameId": "0181",
        "height": 1.031,
        "coords2D": "2D: (1.437, 1.101)",
        "coords3D": "3D: (1.437, 1.101, 1.031)",
        "easting": 397932.36555756803,
        "northing": 808218.67280101,
        "longitude": 174.74099438441115,
        "latitude": -36.80565357833551,
        "group": "R0 - Red (229 points)",
        "canvasX": 705.8524000853591,
        "canvasY": 565.1840741266575
      }
    },
    {
      "type": "Feature",
      "geometry": {
        "type": "Point",
        "coordinates": [
          174.74099413094984,
          -36.80565930955457,
          0.869
        ]
      },
      "properties": {
        "id": "1_31",
        "camera": "R0 - Red (Point)",
        "frame": "0182",
        "image": "pano_camera0/frame_0182_hp_preview.jpg",
        "frameId": "0182",
        "height": 0.869,
        "coords2D": "2D: (1.632, 1.103)",
        "coords3D": "3D: (1.632, 1.103, 0.869)",
        "easting": 397932.34309561714,
        "northing": 808218.0368427905,
        "longitude": 174.74099413094984,
        "latitude": -36.80565930955457,
        "group": "R0 - Red (229 points)",
        "canvasX": 705.4351688158924,
        "canvasY": 576.9970131054968
      }
    },
    {
      "type": "Feature",
      "geometry": {
        "type": "Point",
        "coordinates": [
          174.7409966462531,
          -36.8056679066137,
          0.549
        ]
      },
      "properties": {
        "id": "1_32",
        "camera": "R0 - Red (Point)",
        "frame": "0183",
        "image": "pano_camera0/frame_0183_hp_preview.jpg",
        "frameId": "0183",
        "height": 0.549,
        "coords2D": "2D: (1.855, 1.122)",
        "coords3D": "3D: (1.855, 1.122, 0.549)",
        "easting": 397932.567764159,
        "northing": 808217.0829424805,
        "longitude": 174.7409966462531,
        "latitude": -36.8056679066137,
        "group": "R0 - Red (229 points)",
        "canvasX": 709.6083922997643,
        "canvasY": 594.7157339468458
      }
    },
    {
      "type": "Feature",
      "geometry": {
        "type": "Point",
        "coordinates": [
          174.74100261457036,
          -36.80566758194062,
          0.401
        ]
      },
      "properties": {
        "id": "1_33",
        "camera": "R0 - Red (Point)",
        "frame": "0184",
        "image": "pano_camera0/frame_0184_hp_preview.jpg",
        "frameId": "0184",
        "height": 0.401,
        "coords2D": "2D: (1.703, 1.113)",
        "coords3D": "3D: (1.703, 1.113, 0.401)",
        "easting": 397933.10030099784,
        "northing": 808217.1190981558,
        "longitude": 174.74100261457036,
        "latitude": -36.80566758194062,
        "group": "R0 - Red (229 points)",
        "canvasX": 719.5002766869777,
        "canvasY": 594.044141421572
      }
    },
    {
      "type": "Feature",
      "geometry": {
        "type": "Point",
        "coordinates": [
          174.7410044568549,
          -36.805664244855855,
          0.45
        ]
      },
      "properties": {
        "id": "1_34",
        "camera": "R0 - Red (Point)",
        "frame": "0185",
        "image": "pano_camera0/frame_0185_hp_preview.jpg",
        "frameId": "0185",
        "height": 0.45,
        "coords2D": "2D: (1.550, 1.112)",
        "coords3D": "3D: (1.550, 1.112, 0.450)",
        "easting": 397933.2645960886,
        "northing": 808217.4894306019,
        "longitude": 174.7410044568549,
        "latitude": -36.805664244855855,
        "group": "R0 - Red (229 points)",
        "canvasX": 722.55206188715,
        "canvasY": 587.1652074676799
      }
    },
    {
      "type": "Feature",
      "geometry": {
        "type": "Point",
        "coordinates": [
          174.74100503951493,
          -36.80565881372122,
          0.595
        ]
      },
      "properties": {
        "id": "1_35",
        "camera": "R0 - Red (Point)",
        "frame": "0186",
        "image": "pano_camera0/frame_0186_hp_preview.jpg",
        "frameId": "0186",
        "height": 0.595,
        "coords2D": "2D: (1.357, 1.103)",
        "coords3D": "3D: (1.357, 1.103, 0.595)",
        "easting": 397933.3164401726,
        "northing": 808218.0920976913,
        "longitude": 174.74100503951493,
        "latitude": -36.80565881372122,
        "group": "R0 - Red (229 points)",
        "canvasX": 723.5150669743264,
        "canvasY": 575.9706520186203
      }
    },
    {
      "type": "Feature",
      "geometry": {
        "type": "Point",
        "coordinates": [
          174.74100590184156,
          -36.805653410190885,
          0.731
        ]
      },
      "properties": {
        "id": "1_36",
        "camera": "R0 - Red (Point)",
        "frame": "0187",
        "image": "pano_camera0/frame_0187_hp_preview.jpg",
        "frameId": "0187",
        "height": 0.731,
        "coords2D": "2D: (1.159, 1.100)",
        "coords3D": "3D: (1.159, 1.100, 0.731)",
        "easting": 397933.3932393149,
        "northing": 808218.6917077698,
        "longitude": 174.74100590184156,
        "latitude": -36.805653410190885,
        "group": "R0 - Red (229 points)",
        "canvasX": 724.9416128603141,
        "canvasY": 564.8328806151853
      }
    },
    {
      "type": "Feature",
      "geometry": {
        "type": "Point",
        "coordinates": [
          174.74100929939016,
          -36.80564676235033,
          0.837
        ]
      },
      "properties": {
        "id": "1_37",
        "camera": "R0 - Red (Point)",
        "frame": "0188",
        "image": "pano_camera0/frame_0188_hp_preview.jpg",
        "frameId": "0188",
        "height": 0.837,
        "coords2D": "2D: (0.860, 1.098)",
        "coords3D": "3D: (0.860, 1.098, 0.837)",
        "easting": 397933.69621981116,
        "northing": 808219.4294449064,
        "longitude": 174.74100929939016,
        "latitude": -36.80564676235033,
        "group": "R0 - Red (229 points)",
        "canvasX": 730.5694827509581,
        "canvasY": 551.1293958396262
      }
    },
    {
      "type": "Feature",
      "geometry": {
        "type": "Point",
        "coordinates": [
          174.7410168245611,
          -36.805642950408476,
          0.75
        ]
      },
      "properties": {
        "id": "1_38",
        "camera": "R0 - Red (Point)",
        "frame": "0189",
        "image": "pano_camera0/frame_0189_hp_preview.jpg",
        "frameId": "0189",
        "height": 0.75,
        "coords2D": "2D: (0.556, 1.100)",
        "coords3D": "3D: (0.556, 1.100, 0.750)",
        "easting": 397934.3675793038,
        "northing": 808219.8525916224,
        "longitude": 174.7410168245611,
        "latitude": -36.805642950408476,
        "group": "R0 - Red (229 points)",
        "canvasX": 743.0400012191932,
        "canvasY": 543.2694355736066
      }
    },
    {
      "type": "Feature",
      "geometry": {
        "type": "Point",
        "coordinates": [
          174.74101780504895,
          -36.805642711935135,
          0.731
        ]
      },
      "properties": {
        "id": "1_39",
        "camera": "R0 - Red (Point)",
        "frame": "0190",
        "image": "pano_camera0/frame_0190_hp_preview.jpg",
        "frameId": "0190",
        "height": 0.731,
        "coords2D": "2D: (0.525, 1.106)",
        "coords3D": "3D: (0.525, 1.106, 0.731)",
        "easting": 397934.4550606451,
        "northing": 808219.8790744962,
        "longitude": 174.74101780504895,
        "latitude": -36.805642711935135,
        "group": "R0 - Red (229 points)",
        "canvasX": 744.6649692050655,
        "canvasY": 542.777515564977
      }
    },
    {
      "type": "Feature",
      "geometry": {
        "type": "Point",
        "coordinates": [
          174.74102544291378,
          -36.80564310939008,
          0.517
        ]
      },
      "properties": {
        "id": "1_40",
        "camera": "R0 - Red (Point)",
        "frame": "0191",
        "image": "pano_camera0/frame_0191_hp_preview.jpg",
        "frameId": "0191",
        "height": 0.517,
        "coords2D": "2D: (0.357, 1.112)",
        "coords3D": "3D: (0.357, 1.112, 0.517)",
        "easting": 397935.13658877544,
        "northing": 808219.8351366736,
        "longitude": 174.74102544291378,
        "latitude": -36.80564310939008,
        "group": "R0 - Red (229 points)",
        "canvasX": 757.324370358051,
        "canvasY": 543.5936616596126
      }
    },
    {
      "type": "Feature",
      "geometry": {
        "type": "Point",
        "coordinates": [
          174.74103305824133,
          -36.805648486164806,
          0.157
        ]
      },
      "properties": {
        "id": "1_41",
        "camera": "R0 - Red (Point)",
        "frame": "0192",
        "image": "pano_camera0/frame_0192_hp_preview.jpg",
        "frameId": "0192",
        "height": 0.157,
        "coords2D": "2D: (0.354, 1.123)",
        "coords3D": "3D: (0.354, 1.123, 0.157)",
        "easting": 397935.8162395724,
        "northing": 808219.2386785055,
        "longitude": 174.74103305824133,
        "latitude": -36.805648486164806,
        "group": "R0 - Red (229 points)",
        "canvasX": 769.9489000010321,
        "canvasY": 554.6728862508686
      }
    },
    {
      "type": "Feature",
      "geometry": {
        "type": "Point",
        "coordinates": [
          174.7410358847929,
          -36.805654494063894,
          -0.095
        ]
      },
      "properties": {
        "id": "1_42",
        "camera": "R0 - Red (Point)",
        "frame": "0193",
        "image": "pano_camera0/frame_0193_hp_preview.jpg",
        "frameId": "0193",
        "height": -0.095,
        "coords2D": "2D: (0.485, 1.122)",
        "coords3D": "3D: (0.485, 1.122, -0.095)",
        "easting": 397936.06861057645,
        "northing": 808218.572085552,
        "longitude": 174.7410358847929,
        "latitude": -36.805654494063894,
        "group": "R0 - Red (229 points)",
        "canvasX": 774.6366973739327,
        "canvasY": 567.054866142656
      }
    },
    {
      "type": "Feature",
      "geometry": {
        "type": "Point",
        "coordinates": [
          174.74103772446847,
          -36.80566248279597,
          -0.379
        ]
      },
      "properties": {
        "id": "1_43",
        "camera": "R0 - Red (Point)",
        "frame": "0194",
        "image": "pano_camera0/frame_0194_hp_preview.jpg",
        "frameId": "0194",
        "height": -0.379,
        "coords2D": "2D: (0.705, 1.120)",
        "coords3D": "3D: (0.705, 1.120, -0.379)",
        "easting": 397936.2329769645,
        "northing": 808217.6856723053,
        "longitude": 174.74103772446847,
        "latitude": -36.80566248279597,
        "group": "R0 - Red (229 points)",
        "canvasX": 777.6898069229394,
        "canvasY": 583.5200131836564
      }
    },
    {
      "type": "Feature",
      "geometry": {
        "type": "Point",
        "coordinates": [
          174.7410396159705,
          -36.8056680258262,
          -0.592
        ]
      },
      "properties": {
        "id": "1_44",
        "camera": "R0 - Red (Point)",
        "frame": "0195",
        "image": "pano_camera0/frame_0195_hp_preview.jpg",
        "frameId": "0195",
        "height": -0.592,
        "coords2D": "2D: (0.842, 1.131)",
        "coords3D": "3D: (0.842, 1.131, -0.592)",
        "easting": 397936.40190210124,
        "northing": 808217.0706423626,
        "longitude": 174.7410396159705,
        "latitude": -36.8056680258262,
        "group": "R0 - Red (229 points)",
        "canvasX": 780.827595336471,
        "canvasY": 594.9442089265482
      }
    },
    {
      "type": "Feature",
      "geometry": {
        "type": "Point",
        "coordinates": [
          174.74104444397497,
          -36.80567062916757,
          -0.796
        ]
      },
      "properties": {
        "id": "1_45",
        "camera": "R0 - Red (Point)",
        "frame": "0196",
        "image": "pano_camera0/frame_0196_hp_preview.jpg",
        "frameId": "0196",
        "height": -0.796,
        "coords2D": "2D: (0.814, 1.123)",
        "coords3D": "3D: (0.814, 1.123, -0.796)",
        "easting": 397936.83276881196,
        "northing": 808216.7818721955,
        "longitude": 174.74104444397497,
        "latitude": -36.80567062916757,
        "group": "R0 - Red (229 points)",
        "canvasX": 788.830954688351,
        "canvasY": 600.3081216154978
      }
    },
    {
      "type": "Feature",
      "geometry": {
        "type": "Point",
        "coordinates": [
          174.74105600814872,
          -36.805672846444395,
          -1.167
        ]
      },
      "properties": {
        "id": "1_46",
        "camera": "R0 - Red (Point)",
        "frame": "0197",
        "image": "pano_camera0/frame_0197_hp_preview.jpg",
        "frameId": "0197",
        "height": -1.167,
        "coords2D": "2D: (0.613, 1.133)",
        "coords3D": "3D: (0.613, 1.133, -1.167)",
        "easting": 397937.8646851495,
        "northing": 808216.536086123,
        "longitude": 174.74105600814872,
        "latitude": -36.805672846444395,
        "group": "R0 - Red (229 points)",
        "canvasX": 807.9988250850832,
        "canvasY": 604.8736037317782
      }
    },
    {
      "type": "Feature",
      "geometry": {
        "type": "Point",
        "coordinates": [
          174.74107317762403,
          -36.80567367441753,
          -1.646
        ]
      },
      "properties": {
        "id": "1_47",
        "camera": "R0 - Red (Point)",
        "frame": "0198",
        "image": "pano_camera0/frame_0198_hp_preview.jpg",
        "frameId": "0198",
        "height": -1.646,
        "coords2D": "2D: (0.234, 1.160)",
        "coords3D": "3D: (0.234, 1.160, -1.646)",
        "easting": 397939.39671828697,
        "northing": 808216.444581892,
        "longitude": 174.74107317762403,
        "latitude": -36.80567367441753,
        "group": "R0 - Red (229 points)",
        "canvasX": 836.4563768787104,
        "canvasY": 606.5732969873463
      }
    },
    {
      "type": "Feature",
      "geometry": {
        "type": "Point",
        "coordinates": [
          174.74107820209622,
          -36.80567391487742,
          -1.786
        ]
      },
      "properties": {
        "id": "1_48",
        "camera": "R0 - Red (Point)",
        "frame": "0199",
        "image": "pano_camera0/frame_0199_hp_preview.jpg",
        "frameId": "0199",
        "height": -1.786,
        "coords2D": "2D: (0.123, 1.168)",
        "coords3D": "3D: (0.123, 1.168, -1.786)",
        "easting": 397939.84505213465,
        "northing": 808216.4180080104,
        "longitude": 174.74107820209622,
        "latitude": -36.80567391487742,
        "group": "R0 - Red (229 points)",
        "canvasX": 844.7841887126824,
        "canvasY": 607.0669074693621
      }
    },
    {
      "type": "Feature",
      "geometry": {
        "type": "Point",
        "coordinates": [
          174.74110179098793,
          -36.805671883012565,
          -2.351
        ]
      },
      "properties": {
        "id": "1_49",
        "camera": "R0 - Red (Point)",
        "frame": "0200",
        "image": "pano_camera0/frame_0200_hp_preview.jpg",
        "frameId": "0200",
        "height": -2.351,
        "coords2D": "2D: (-0.502, 1.212)",
        "coords3D": "3D: (-0.502, 1.212, -2.351)",
        "easting": 397941.9498052296,
        "northing": 808216.6439775286,
        "longitude": 174.74110179098793,
        "latitude": -36.805671883012565,
        "group": "R0 - Red (229 points)",
        "canvasX": 883.8800272741686,
        "canvasY": 602.8695183196387
      }
    },
    {
      "type": "Feature",
      "geometry": {
        "type": "Point",
        "coordinates": [
          174.74110360559425,
          -36.80567341157342,
          -2.444
        ]
      },
      "properties": {
        "id": "1_50",
        "camera": "R0 - Red (Point)",
        "frame": "0201",
        "image": "pano_camera0/frame_0201_hp_preview.jpg",
        "frameId": "0201",
        "height": -2.444,
        "coords2D": "2D: (-0.495, 1.259)",
        "coords3D": "3D: (-0.495, 1.259, -2.444)",
        "easting": 397942.1117612032,
        "northing": 808216.4744030178,
        "longitude": 174.74110360559425,
        "latitude": -36.80567341157342,
        "group": "R0 - Red (229 points)",
        "canvasX": 886.8883633173082,
        "canvasY": 606.0193688718946
      }
    },
    {
      "type": "Feature",
      "geometry": {
        "type": "Point",
        "coordinates": [
          174.7410782613183,
          -36.80565427146688,
          -1.21
        ]
      },
      "properties": {
        "id": "1_51",
        "camera": "R0 - Red (Point)",
        "frame": "0226",
        "image": "pano_camera0/frame_0226_hp_preview.jpg",
        "frameId": "0226",
        "height": -1.21,
        "coords2D": "2D: (-0.525, 1.152)",
        "coords3D": "3D: (-0.525, 1.152, -1.210)",
        "easting": 397939.84981022804,
        "northing": 808218.59769926,
        "longitude": 174.7410782613183,
        "latitude": -36.80565427146688,
        "group": "R0 - Red (229 points)",
        "canvasX": 844.8725704102865,
        "canvasY": 566.5790909108525
      }
    },
    {
      "type": "Feature",
      "geometry": {
        "type": "Point",
        "coordinates": [
          174.74106280434535,
          -36.80562487901489,
          0.064
        ]
      },
      "properties": {
        "id": "1_52",
        "camera": "R0 - Red (Point)",
        "frame": "0240",
        "image": "pano_camera0/frame_0240_hp_preview.jpg",
        "frameId": "0240",
        "height": 0.064,
        "coords2D": "2D: (-1.127, 1.119)",
        "coords3D": "3D: (-1.127, 1.119, 0.064)",
        "easting": 397938.46981549275,
        "northing": 808221.8588381383,
        "longitude": 174.74106280434535,
        "latitude": -36.80562487901489,
        "group": "R0 - Red (229 points)",
        "canvasX": 819.2391355352618,
        "canvasY": 506.00335904975265
      }
    },
    {
      "type": "Feature",
      "geometry": {
        "type": "Point",
        "coordinates": [
          174.74106115047766,
          -36.80562414277936,
          0.13
        ]
      },
      "properties": {
        "id": "1_53",
        "camera": "R0 - Red (Point)",
        "frame": "0241",
        "image": "pano_camera0/frame_0241_hp_preview.jpg",
        "frameId": "0241",
        "height": 0.13,
        "coords2D": "2D: (-1.112, 1.110)",
        "coords3D": "3D: (-1.112, 1.110, 0.130)",
        "easting": 397938.32222310215,
        "northing": 808221.9404973212,
        "longitude": 174.74106115047766,
        "latitude": -36.80562414277936,
        "group": "R0 - Red (229 points)",
        "canvasX": 816.4976033856576,
        "canvasY": 504.4865377937417
      }
    },
    {
      "type": "Feature",
      "geometry": {
        "type": "Point",
        "coordinates": [
          174.7410572472152,
          -36.80561822804934,
          0.407
        ]
      },
      "properties": {
        "id": "1_54",
        "camera": "R0 - Red (Point)",
        "frame": "0242",
        "image": "pano_camera0/frame_0242_hp_preview.jpg",
        "frameId": "0242",
        "height": 0.407,
        "coords2D": "2D: (-1.214, 1.097)",
        "coords3D": "3D: (-1.214, 1.097, 0.407)",
        "easting": 397937.9737810318,
        "northing": 808222.5967288128,
        "longitude": 174.7410572472152,
        "latitude": -36.80561822804934,
        "group": "R0 - Red (229 points)",
        "canvasX": 810.0252836805603,
        "canvasY": 492.29702230357526
      }
    },
    {
      "type": "Feature",
      "geometry": {
        "type": "Point",
        "coordinates": [
          174.74105162287617,
          -36.805617789033526,
          0.569
        ]
      },
      "properties": {
        "id": "1_55",
        "camera": "R0 - Red (Point)",
        "frame": "0243",
        "image": "pano_camera0/frame_0243_hp_preview.jpg",
        "frameId": "0243",
        "height": 0.569,
        "coords2D": "2D: (-1.096, 1.090)",
        "coords3D": "3D: (-1.096, 1.090, 0.569)",
        "easting": 397937.4719161162,
        "northing": 808222.6453220036,
        "longitude": 174.74105162287617,
        "latitude": -36.805617789033526,
        "group": "R0 - Red (229 points)",
        "canvasX": 800.7031309930793,
        "canvasY": 491.3944026321234
      }
    },
    {
      "type": "Feature",
      "geometry": {
        "type": "Point",
        "coordinates": [
          174.74104795207745,
          -36.80562163060115,
          0.553
        ]
      },
      "properties": {
        "id": "1_56",
        "camera": "R0 - Red (Point)",
        "frame": "0244",
        "image": "pano_camera0/frame_0244_hp_preview.jpg",
        "frameId": "0244",
        "height": 0.553,
        "coords2D": "2D: (-0.882, 1.089)",
        "coords3D": "3D: (-0.882, 1.089, 0.553)",
        "easting": 397937.1444781175,
        "northing": 808222.2189713155,
        "longitude": 174.74104795207745,
        "latitude": -36.80562163060115,
        "group": "R0 - Red (229 points)",
        "canvasX": 794.6209624174675,
        "canvasY": 499.31387675720515
      }
    },
    {
      "type": "Feature",
      "geometry": {
        "type": "Point",
        "coordinates": [
          174.74104564465242,
          -36.805623114794884,
          0.57
        ]
      },
      "properties": {
        "id": "1_57",
        "camera": "R0 - Red (Point)",
        "frame": "0245",
        "image": "pano_camera0/frame_0245_hp_preview.jpg",
        "frameId": "0245",
        "height": 0.57,
        "coords2D": "2D: (-0.779, 1.086)",
        "coords3D": "3D: (-0.779, 1.086, 0.570)",
        "easting": 397936.9386291262,
        "northing": 808222.0542310894,
        "longitude": 174.74104564465242,
        "latitude": -36.805623114794884,
        "group": "R0 - Red (229 points)",
        "canvasX": 790.7973125298959,
        "canvasY": 502.3739303575975
      }
    },
    {
      "type": "Feature",
      "geometry": {
        "type": "Point",
        "coordinates": [
          174.74103925139192,
          -36.80562678864885,
          0.631
        ]
      },
      "properties": {
        "id": "1_58",
        "camera": "R0 - Red (Point)",
        "frame": "0246",
        "image": "pano_camera0/frame_0246_hp_preview.jpg",
        "frameId": "0246",
        "height": 0.631,
        "coords2D": "2D: (-0.507, 1.060)",
        "coords3D": "3D: (-0.507, 1.060, 0.631)",
        "easting": 397936.36826465017,
        "northing": 808221.6464316353,
        "longitude": 174.74103925139192,
        "latitude": -36.80562678864885,
        "group": "R0 - Red (229 points)",
        "canvasX": 780.2027788871006,
        "canvasY": 509.9488148710195
      }
    },
    {
      "type": "Feature",
      "geometry": {
        "type": "Point",
        "coordinates": [
          174.7410384349198,
          -36.8056300594263,
          0.557
        ]
      },
      "properties": {
        "id": "1_59",
        "camera": "R0 - Red (Point)",
        "frame": "0247",
        "image": "pano_camera0/frame_0247_hp_preview.jpg",
        "frameId": "0247",
        "height": 0.557,
        "coords2D": "2D: (-0.380, 1.069)",
        "coords3D": "3D: (-0.380, 1.069, 0.557)",
        "easting": 397936.2954995837,
        "northing": 808221.2834790391,
        "longitude": 174.7410384349198,
        "latitude": -36.8056300594263,
        "group": "R0 - Red (229 points)",
        "canvasX": 778.8511660546377,
        "canvasY": 516.690667936099
      }
    },
    {
      "type": "Feature",
      "geometry": {
        "type": "Point",
        "coordinates": [
          174.74103100460644,
          -36.80563431601531,
          0.628
        ]
      },
      "properties": {
        "id": "1_60",
        "camera": "R0 - Red (Point)",
        "frame": "0248",
        "image": "pano_camera0/frame_0248_hp_preview.jpg",
        "frameId": "0248",
        "height": 0.628,
        "coords2D": "2D: (-0.064, 1.069)",
        "coords3D": "3D: (-0.064, 1.069, 0.628)",
        "easting": 397935.6326158488,
        "northing": 808220.8109951798,
        "longitude": 174.74103100460644,
        "latitude": -36.80563431601531,
        "group": "R0 - Red (229 points)",
        "canvasX": 766.5380849871382,
        "canvasY": 525.4670668060902
      }
    },
    {
      "type": "Feature",
      "geometry": {
        "type": "Point",
        "coordinates": [
          174.7410299203251,
          -36.805634619466574,
          0.648
        ]
      },
      "properties": {
        "id": "1_61",
        "camera": "R0 - Red (Point)",
        "frame": "0249",
        "image": "pano_camera0/frame_0249_hp_preview.jpg",
        "frameId": "0249",
        "height": 0.648,
        "coords2D": "2D: (-0.028, 1.066)",
        "coords3D": "3D: (-0.028, 1.066, 0.648)",
        "easting": 397935.5358748678,
        "northing": 808220.7772999393,
        "longitude": 174.7410299203251,
        "latitude": -36.805634619466574,
        "group": "R0 - Red (229 points)",
        "canvasX": 764.741118976241,
        "canvasY": 526.0929566971097
      }
    },
    {
      "type": "Feature",
      "geometry": {
        "type": "Point",
        "coordinates": [
          174.74100836511084,
          -36.80563821468044,
          1.113
        ]
      },
      "properties": {
        "id": "1_62",
        "camera": "R0 - Red (Point)",
        "frame": "0250",
        "image": "pano_camera0/frame_0250_hp_preview.jpg",
        "frameId": "0250",
        "height": 1.113,
        "coords2D": "2D: (0.600, 1.062)",
        "coords3D": "3D: (0.600, 1.062, 1.113)",
        "easting": 397933.6126255281,
        "northing": 808220.377899031,
        "longitude": 174.74100836511084,
        "latitude": -36.80563821468044,
        "group": "R0 - Red (229 points)",
        "canvasX": 729.0167169642009,
        "canvasY": 533.5118380233034
      }
    },
    {
      "type": "Feature",
      "geometry": {
        "type": "Point",
        "coordinates": [
          174.74100797026537,
          -36.80563824809992,
          1.122
        ]
      },
      "properties": {
        "id": "1_63",
        "camera": "R0 - Red (Point)",
        "frame": "0251",
        "image": "pano_camera0/frame_0251_hp_preview.jpg",
        "frameId": "0251",
        "height": 1.122,
        "coords2D": "2D: (0.611, 1.060)",
        "coords3D": "3D: (0.611, 1.060, 1.122)",
        "easting": 397933.5773948375,
        "northing": 808220.3741821779,
        "longitude": 174.74100797026537,
        "latitude": -36.80563824809992,
        "group": "R0 - Red (229 points)",
        "canvasX": 728.3623060529528,
        "canvasY": 533.5808786580013
      }
    },
    {
      "type": "Feature",
      "geometry": {
        "type": "Point",
        "coordinates": [
          174.74099341280944,
          -36.80563703891764,
          1.543
        ]
      },
      "properties": {
        "id": "1_64",
        "camera": "R0 - Red (Point)",
        "frame": "0252",
        "image": "pano_camera0/frame_0252_hp_preview.jpg",
        "frameId": "0252",
        "height": 1.543,
        "coords2D": "2D: (0.916, 1.063)",
        "coords3D": "3D: (0.916, 1.063, 1.543)",
        "easting": 397932.27841803525,
        "northing": 808220.5080419165,
        "longitude": 174.74099341280944,
        "latitude": -36.80563703891764,
        "group": "R0 - Red (229 points)",
        "canvasX": 704.2337812012997,
        "canvasY": 531.0944308437165
      }
    },
    {
      "type": "Feature",
      "geometry": {
        "type": "Point",
        "coordinates": [
          174.7409792800176,
          -36.80563143979179,
          2.082
        ]
      },
      "properties": {
        "id": "1_65",
        "camera": "R0 - Red (Point)",
        "frame": "0253",
        "image": "pano_camera0/frame_0253_hp_preview.jpg",
        "frameId": "0253",
        "height": 2.082,
        "coords2D": "2D: (1.066, 1.069)",
        "coords3D": "3D: (1.066, 1.069, 2.082)",
        "easting": 397931.0172153541,
        "northing": 808221.12903155,
        "longitude": 174.7409792800176,
        "latitude": -36.80563143979179,
        "group": "R0 - Red (229 points)",
        "canvasX": 680.8069115443946,
        "canvasY": 519.5595337016362
      }
    },
    {
      "type": "Feature",
      "geometry": {
        "type": "Point",
        "coordinates": [
          174.74097751270577,
          -36.805621938004045,
          2.409
        ]
      },
      "properties": {
        "id": "1_66",
        "camera": "R0 - Red (Point)",
        "frame": "0254",
        "image": "pano_camera0/frame_0254_hp_preview.jpg",
        "frameId": "0254",
        "height": 2.409,
        "coords2D": "2D: (0.795, 1.070)",
        "coords3D": "3D: (0.795, 1.070, 2.409)",
        "easting": 397930.8592645822,
        "northing": 808222.183339315,
        "longitude": 174.74097751270577,
        "latitude": -36.805621938004045,
        "group": "R0 - Red (229 points)",
        "canvasX": 677.8729722179039,
        "canvasY": 499.9757420098194
      }
    },
    {
      "type": "Feature",
      "geometry": {
        "type": "Point",
        "coordinates": [
          174.7409781955307,
          -36.80562113448178,
          2.414
        ]
      },
      "properties": {
        "id": "1_67",
        "camera": "R0 - Red (Point)",
        "frame": "0255",
        "image": "pano_camera0/frame_0255_hp_preview.jpg",
        "frameId": "0255",
        "height": 2.414,
        "coords2D": "2D: (0.752, 1.067)",
        "coords3D": "3D: (0.752, 1.067, 2.414)",
        "easting": 397930.92017062486,
        "northing": 808222.2725152561,
        "longitude": 174.7409781955307,
        "latitude": -36.80562113448178,
        "group": "R0 - Red (229 points)",
        "canvasX": 679.004303401791,
        "canvasY": 498.3192967941951
      }
    },
    {
      "type": "Feature",
      "geometry": {
        "type": "Point",
        "coordinates": [
          174.7409937499372,
          -36.80561915186283,
          2.061
        ]
      },
      "properties": {
        "id": "1_68",
        "camera": "R0 - Red (Point)",
        "frame": "0256",
        "image": "pano_camera0/frame_0256_hp_preview.jpg",
        "frameId": "0256",
        "height": 2.061,
        "coords2D": "2D: (0.319, 1.111)",
        "coords3D": "3D: (0.319, 1.111, 2.061)",
        "easting": 397932.3080186179,
        "northing": 808222.4928488265,
        "longitude": 174.7409937499372,
        "latitude": -36.80561915186283,
        "group": "R0 - Red (229 points)",
        "canvasX": 704.7836127251048,
        "canvasY": 494.2265955086249
      }
    },
    {
      "type": "Feature",
      "geometry": {
        "type": "Point",
        "coordinates": [
          174.74099980584472,
          -36.805619486571594,
          1.891
        ]
      },
      "properties": {
        "id": "1_69",
        "camera": "R0 - Red (Point)",
        "frame": "0257",
        "image": "pano_camera0/frame_0257_hp_preview.jpg",
        "frameId": "0257",
        "height": 1.891,
        "coords2D": "2D: (0.186, 1.240)",
        "coords3D": "3D: (0.186, 1.240, 1.891)",
        "easting": 397932.84838909726,
        "northing": 808222.4558394824,
        "longitude": 174.74099980584472,
        "latitude": -36.805619486571594,
        "group": "R0 - Red (229 points)",
        "canvasX": 714.8210071710089,
        "canvasY": 494.9140449520995
      }
    },
    {
      "type": "Feature",
      "geometry": {
        "type": "Point",
        "coordinates": [
          174.74100211095416,
          -36.80561960384903,
          1.826
        ]
      },
      "properties": {
        "id": "1_70",
        "camera": "R0 - Red (Point)",
        "frame": "0258",
        "image": "pano_camera0/frame_0258_hp_preview.jpg",
        "frameId": "0258",
        "height": 1.826,
        "coords2D": "2D: (0.136, 1.322)",
        "coords3D": "3D: (0.136, 1.322, 1.826)",
        "easting": 397933.05407444126,
        "northing": 808222.4428758583,
        "longitude": 174.74100211095416,
        "latitude": -36.80561960384903,
        "group": "R0 - Red (229 points)",
        "canvasX": 718.6416173043534,
        "canvasY": 495.1548445762378
      }
    },
    {
      "type": "Feature",
      "geometry": {
        "type": "Point",
        "coordinates": [
          174.74100614970766,
          -36.805620087487505,
          1.705
        ]
      },
      "properties": {
        "id": "1_71",
        "camera": "R0 - Red (Point)",
        "frame": "0259",
        "image": "pano_camera0/frame_0259_hp_preview.jpg",
        "frameId": "0259",
        "height": 1.705,
        "coords2D": "2D: (0.056, 1.398)",
        "coords3D": "3D: (0.056, 1.398, 1.705)",
        "easting": 397933.4144606474,
        "northing": 808222.3892972077,
        "longitude": 174.74100614970766,
        "latitude": -36.805620087487505,
        "group": "R0 - Red (229 points)",
        "canvasX": 725.3357996137305,
        "canvasY": 496.15006927891704
      }
    },
    {
      "type": "Feature",
      "geometry": {
        "type": "Point",
        "coordinates": [
          174.7410152016364,
          -36.80562096843686,
          1.439
        ]
      },
      "properties": {
        "id": "1_72",
        "camera": "R0 - Red (Point)",
        "frame": "0260",
        "image": "pano_camera0/frame_0260_hp_preview.jpg",
        "frameId": "0260",
        "height": 1.439,
        "coords2D": "2D: (-0.129, 1.651)",
        "coords3D": "3D: (-0.129, 1.651, 1.439)",
        "easting": 397934.2221772183,
        "northing": 808222.2917400685,
        "longitude": 174.7410152016364,
        "latitude": -36.80562096843686,
        "group": "R0 - Red (229 points)",
        "canvasX": 740.3391540385121,
        "canvasY": 497.962195448472
      }
    },
    {
      "type": "Feature",
      "geometry": {
        "type": "Point",
        "coordinates": [
          174.7410153854824,
          -36.80562101599129,
          1.433
        ]
      },
      "properties": {
        "id": "1_73",
        "camera": "R0 - Red (Point)",
        "frame": "0261",
        "image": "pano_camera0/frame_0261_hp_preview.jpg",
        "frameId": "0261",
        "height": 1.433,
        "coords2D": "2D: (-0.132, 1.654)",
        "coords3D": "3D: (-0.132, 1.654, 1.433)",
        "easting": 397934.23858285864,
        "northing": 808222.2864672622,
        "longitude": 174.7410153854824,
        "latitude": -36.80562101599129,
        "group": "R0 - Red (229 points)",
        "canvasX": 740.643889196499,
        "canvasY": 498.0601379493933
      }
    },
    {
      "type": "Feature",
      "geometry": {
        "type": "Point",
        "coordinates": [
          174.7410248169601,
          -36.80562120534897,
          1.178
        ]
      },
      "properties": {
        "id": "1_74",
        "camera": "R0 - Red (Point)",
        "frame": "0262",
        "image": "pano_camera0/frame_0262_hp_preview.jpg",
        "frameId": "0262",
        "height": 1.178,
        "coords2D": "2D: (-0.349, 1.916)",
        "coords3D": "3D: (-0.349, 1.916, 1.178)",
        "easting": 397935.08014754625,
        "northing": 808222.2656592637,
        "longitude": 174.7410248169601,
        "latitude": -36.80562120534897,
        "group": "R0 - Red (229 points)",
        "canvasX": 756.2759731904104,
        "canvasY": 498.4466470143575
      }
    },
    {
      "type": "Feature",
      "geometry": {
        "type": "Point",
        "coordinates": [
          174.7410251500946,
          -36.80562112334039,
          1.172
        ]
      },
      "properties": {
        "id": "1_75",
        "camera": "R0 - Red (Point)",
        "frame": "0263",
        "image": "pano_camera0/frame_0263_hp_preview.jpg",
        "frameId": "0263",
        "height": 1.172,
        "coords2D": "2D: (-0.359, 1.926)",
        "coords3D": "3D: (-0.359, 1.926, 1.172)",
        "easting": 397935.10987054196,
        "northing": 808222.2747663674,
        "longitude": 174.7410251500946,
        "latitude": -36.80562112334039,
        "group": "R0 - Red (229 points)",
        "canvasX": 756.828078538648,
        "canvasY": 498.2774823476937
      }
    },
    {
      "type": "Feature",
      "geometry": {
        "type": "Point",
        "coordinates": [
          174.74102997964218,
          -36.80562131674676,
          1.038
        ]
      },
      "properties": {
        "id": "1_76",
        "camera": "R0 - Red (Point)",
        "frame": "0264",
        "image": "pano_camera0/frame_0264_hp_preview.jpg",
        "frameId": "0264",
        "height": 1.038,
        "coords2D": "2D: (-0.467, 2.071)",
        "coords3D": "3D: (-0.467, 2.071, 1.038)",
        "easting": 397935.540810554,
        "northing": 808222.2534096972,
        "longitude": 174.74102997964218,
        "latitude": -36.80562131674676,
        "group": "R0 - Red (229 points)",
        "canvasX": 764.8327994638767,
        "canvasY": 498.67418300209937
      }
    },
    {
      "type": "Feature",
      "geometry": {
        "type": "Point",
        "coordinates": [
          174.7410373122304,
          -36.80562155821153,
          0.837
        ]
      },
      "properties": {
        "id": "1_77",
        "camera": "R0 - Red (Point)",
        "frame": "0265",
        "image": "pano_camera0/frame_0265_hp_preview.jpg",
        "frameId": "0265",
        "height": 0.837,
        "coords2D": "2D: (-0.633, 2.251)",
        "coords3D": "3D: (-0.633, 2.251, 0.837)",
        "easting": 397936.1950952096,
        "northing": 808222.2267743248,
        "longitude": 174.7410373122304,
        "latitude": -36.80562155821153,
        "group": "R0 - Red (229 points)",
        "canvasX": 776.9861524289045,
        "canvasY": 499.1689356751086
      }
    },
    {
      "type": "Feature",
      "geometry": {
        "type": "Point",
        "coordinates": [
          174.74104290515908,
          -36.80562409806276,
          0.614
        ]
      },
      "properties": {
        "id": "1_78",
        "camera": "R0 - Red (Point)",
        "frame": "0266",
        "image": "pano_camera0/frame_0266_hp_preview.jpg",
        "frameId": "0266",
        "height": 0.614,
        "coords2D": "2D: (-0.682, 2.390)",
        "coords3D": "3D: (-0.682, 2.390, 0.614)",
        "easting": 397936.6942137608,
        "northing": 808221.945065727,
        "longitude": 174.74104290515908,
        "latitude": -36.80562409806276,
        "group": "R0 - Red (229 points)",
        "canvasX": 786.2572913324063,
        "canvasY": 504.4016795473016
      }
    },
    {
      "type": "Feature",
      "geometry": {
        "type": "Point",
        "coordinates": [
          174.74104704151918,
          -36.80562741822029,
          0.407
        ]
      },
      "properties": {
        "id": "1_79",
        "camera": "R0 - Red (Point)",
        "frame": "0267",
        "image": "pano_camera0/frame_0267_hp_preview.jpg",
        "frameId": "0267",
        "height": 0.407,
        "coords2D": "2D: (-0.670, 2.471)",
        "coords3D": "3D: (-0.670, 2.471, 0.407)",
        "easting": 397937.06338533154,
        "northing": 808221.5767406243,
        "longitude": 174.74104704151918,
        "latitude": -36.80562741822029,
        "group": "R0 - Red (229 points)",
        "canvasX": 793.1146619979262,
        "canvasY": 511.24332705032805
      }
    },
    {
      "type": "Feature",
      "geometry": {
        "type": "Point",
        "coordinates": [
          174.74104816160803,
          -36.80563432711986,
          0.174
        ]
      },
      "properties": {
        "id": "1_80",
        "camera": "R0 - Red (Point)",
        "frame": "0268",
        "image": "pano_camera0/frame_0268_hp_preview.jpg",
        "frameId": "0268",
        "height": 0.174,
        "coords2D": "2D: (-0.469, 2.472)",
        "coords3D": "3D: (-0.469, 2.472, 0.174)",
        "easting": 397937.16351485014,
        "northing": 808220.8101331962,
        "longitude": 174.74104816160803,
        "latitude": -36.80563432711986,
        "group": "R0 - Red (229 points)",
        "canvasX": 794.9745701758195,
        "canvasY": 525.4830781741998
      }
    },
    {
      "type": "Feature",
      "geometry": {
        "type": "Point",
        "coordinates": [
          174.74104886409128,
          -36.80564612593096,
          -0.192
        ]
      },
      "properties": {
        "id": "1_81",
        "camera": "R0 - Red (Point)",
        "frame": "0269",
        "image": "pano_camera0/frame_0269_hp_preview.jpg",
        "frameId": "0269",
        "height": -0.192,
        "coords2D": "2D: (-0.097, 2.492)",
        "coords3D": "3D: (-0.097, 2.492, -0.192)",
        "easting": 397937.2265130639,
        "northing": 808219.5009179506,
        "longitude": 174.74104886409128,
        "latitude": -36.80564612593096,
        "group": "R0 - Red (229 points)",
        "canvasX": 796.1447634874991,
        "canvasY": 549.8017823515054
      }
    },
    {
      "type": "Feature",
      "geometry": {
        "type": "Point",
        "coordinates": [
          174.74104863694302,
          -36.805651596887756,
          -0.347
        ]
      },
      "properties": {
        "id": "1_82",
        "camera": "R0 - Red (Point)",
        "frame": "0270",
        "image": "pano_camera0/frame_0270_hp_preview.jpg",
        "frameId": "0270",
        "height": -0.347,
        "coords2D": "2D: (0.088, 2.515)",
        "coords3D": "3D: (0.088, 2.515, -0.347)",
        "easting": 397937.2063916471,
        "northing": 808218.8938397733,
        "longitude": 174.74104863694302,
        "latitude": -36.805651596887756,
        "group": "R0 - Red (229 points)",
        "canvasX": 795.7710076950342,
        "canvasY": 561.0782738651633
      }
    },
    {
      "type": "Feature",
      "geometry": {
        "type": "Point",
        "coordinates": [
          174.74104727279632,
          -36.805661757884536,
          -0.61
        ]
      },
      "properties": {
        "id": "1_83",
        "camera": "R0 - Red (Point)",
        "frame": "0271",
        "image": "pano_camera0/frame_0271_hp_preview.jpg",
        "frameId": "0271",
        "height": -0.61,
        "coords2D": "2D: (0.455, 2.519)",
        "coords3D": "3D: (0.455, 2.519, -0.610)",
        "easting": 397937.0849430623,
        "northing": 808217.766316591,
        "longitude": 174.74104727279632,
        "latitude": -36.805661757884536,
        "group": "R0 - Red (229 points)",
        "canvasX": 793.5150973572318,
        "canvasY": 582.0220436678468
      }
    },
    {
      "type": "Feature",
      "geometry": {
        "type": "Point",
        "coordinates": [
          174.74104615808977,
          -36.805671273352544,
          -0.86
        ]
      },
      "properties": {
        "id": "1_84",
        "camera": "R0 - Red (Point)",
        "frame": "0272",
        "image": "pano_camera0/frame_0272_hp_preview.jpg",
        "frameId": "0272",
        "height": -0.86,
        "coords2D": "2D: (0.794, 2.532)",
        "coords3D": "3D: (0.794, 2.532, -0.860)",
        "easting": 397936.98573442706,
        "northing": 808216.7104285338,
        "longitude": 174.74104615808977,
        "latitude": -36.805671273352544,
        "group": "R0 - Red (229 points)",
        "canvasX": 791.6722946093821,
        "canvasY": 601.6351893240774
      }
    },
    {
      "type": "Feature",
      "geometry": {
        "type": "Point",
        "coordinates": [
          174.74104581332108,
          -36.805676570933414,
          -1.007
        ]
      },
      "properties": {
        "id": "1_85",
        "camera": "R0 - Red (Point)",
        "frame": "0273",
        "image": "pano_camera0/frame_0273_hp_preview.jpg",
        "frameId": "0273",
        "height": -1.007,
        "coords2D": "2D: (0.977, 2.547)",
        "coords3D": "3D: (0.977, 2.547, -1.007)",
        "easting": 397936.95511326066,
        "northing": 808216.1225861122,
        "longitude": 174.74104581332108,
        "latitude": -36.805676570933414,
        "group": "R0 - Red (229 points)",
        "canvasX": 791.1035057185079,
        "canvasY": 612.5543762190626
      }
    },
    {
      "type": "Feature",
      "geometry": {
        "type": "Point",
        "coordinates": [
          174.74104423462745,
          -36.8056932609628,
          -1.456
        ]
      },
      "properties": {
        "id": "1_86",
        "camera": "R0 - Red (Point)",
        "frame": "0274",
        "image": "pano_camera0/frame_0274_hp_preview.jpg",
        "frameId": "0274",
        "height": -1.456,
        "coords2D": "2D: (1.564, 2.559)",
        "coords3D": "3D: (1.564, 2.559, -1.456)",
        "easting": 397936.8146961598,
        "northing": 808214.2705778407,
        "longitude": 174.74104423462745,
        "latitude": -36.8056932609628,
        "group": "R0 - Red (229 points)",
        "canvasX": 788.4952547464534,
        "canvasY": 646.9554737032531
      }
    },
    {
      "type": "Feature",
      "geometry": {
        "type": "Point",
        "coordinates": [
          174.74104433150436,
          -36.80569509024122,
          -1.513
        ]
      },
      "properties": {
        "id": "1_87",
        "camera": "R0 - Red (Point)",
        "frame": "0275",
        "image": "pano_camera0/frame_0275_hp_preview.jpg",
        "frameId": "0275",
        "height": -1.513,
        "coords2D": "2D: (1.622, 2.565)",
        "coords3D": "3D: (1.622, 2.565, -1.513)",
        "easting": 397936.82338943984,
        "northing": 808214.0675978736,
        "longitude": 174.74104433150436,
        "latitude": -36.80569509024122,
        "group": "R0 - Red (229 points)",
        "canvasX": 788.65673262899,
        "canvasY": 650.7258313976173
      }
    },
    {
      "type": "Feature",
      "geometry": {
        "type": "Point",
        "coordinates": [
          174.74104335633592,
          -36.80570868212522,
          -1.887
        ]
      },
      "properties": {
        "id": "1_88",
        "camera": "R0 - Red (Point)",
        "frame": "0276",
        "image": "pano_camera0/frame_0276_hp_preview.jpg",
        "frameId": "0276",
        "height": -1.887,
        "coords2D": "2D: (2.092, 2.581)",
        "coords3D": "3D: (2.092, 2.581, -1.887)",
        "easting": 397936.73674105474,
        "northing": 808212.5593818411,
        "longitude": 174.74104335633592,
        "latitude": -36.80570868212522,
        "group": "R0 - Red (229 points)",
        "canvasX": 787.0472368245094,
        "canvasY": 678.7409799025844
      }
    },
    {
      "type": "Feature",
      "geometry": {
        "type": "Point",
        "coordinates": [
          174.7410434415223,
          -36.80571293519673,
          -2.014
        ]
      },
      "properties": {
        "id": "1_89",
        "camera": "R0 - Red (Point)",
        "frame": "0277",
        "image": "pano_camera0/frame_0277_hp_preview.jpg",
        "frameId": "0277",
        "height": -2.014,
        "coords2D": "2D: (2.230, 2.591)",
        "coords3D": "3D: (2.230, 2.591, -2.014)",
        "easting": 397936.7444562303,
        "northing": 808212.0874504894,
        "longitude": 174.7410434415223,
        "latitude": -36.80571293519673,
        "group": "R0 - Red (229 points)",
        "canvasX": 787.1905463929077,
        "canvasY": 687.5071159309384
      }
    },
    {
      "type": "Feature",
      "geometry": {
        "type": "Point",
        "coordinates": [
          174.74104417694855,
          -36.80572612394779,
          -2.422
        ]
      },
      "properties": {
        "id": "1_90",
        "camera": "R0 - Red (Point)",
        "frame": "0278",
        "image": "pano_camera0/frame_0278_hp_preview.jpg",
        "frameId": "0278",
        "height": -2.422,
        "coords2D": "2D: (2.647, 2.623)",
        "coords3D": "3D: (2.647, 2.623, -2.422)",
        "easting": 397936.8104311994,
        "northing": 808210.624004159,
        "longitude": 174.74104417694855,
        "latitude": -36.80572612394779,
        "group": "R0 - Red (229 points)",
        "canvasX": 788.4160330059517,
        "canvasY": 714.6906661600981
      }
    },
    {
      "type": "Feature",
      "geometry": {
        "type": "Point",
        "coordinates": [
          174.7410433212925,
          -36.80573269972626,
          -2.593
        ]
      },
      "properties": {
        "id": "1_91",
        "camera": "R0 - Red (Point)",
        "frame": "0279",
        "image": "pano_camera0/frame_0279_hp_preview.jpg",
        "frameId": "0279",
        "height": -2.593,
        "coords2D": "2D: (2.884, 2.626)",
        "coords3D": "3D: (2.884, 2.626, -2.593)",
        "easting": 397936.7342585465,
        "northing": 808209.8943181853,
        "longitude": 174.7410433212925,
        "latitude": -36.80573269972626,
        "group": "R0 - Red (229 points)",
        "canvasX": 787.0011241744487,
        "canvasY": 728.2446003951657
      }
    },
    {
      "type": "Feature",
      "geometry": {
        "type": "Point",
        "coordinates": [
          174.74104294376474,
          -36.80575012628211,
          -3.096
        ]
      },
      "properties": {
        "id": "1_92",
        "camera": "R0 - Red (Point)",
        "frame": "0280",
        "image": "pano_camera0/frame_0280_hp_preview.jpg",
        "frameId": "0280",
        "height": -3.096,
        "coords2D": "2D: (3.466, 2.650)",
        "coords3D": "3D: (3.466, 2.650, -3.096)",
        "easting": 397936.70103979035,
        "northing": 808207.9606086852,
        "longitude": 174.74104294376474,
        "latitude": -36.80575012628211,
        "group": "R0 - Red (229 points)",
        "canvasX": 786.3840849937235,
        "canvasY": 764.163300133595
      }
    },
    {
      "type": "Feature",
      "geometry": {
        "type": "Point",
        "coordinates": [
          174.7410425654611,
          -36.80575326788459,
          -3.178
        ]
      },
      "properties": {
        "id": "1_93",
        "camera": "R0 - Red (Point)",
        "frame": "0281",
        "image": "pano_camera0/frame_0281_hp_preview.jpg",
        "frameId": "0281",
        "height": -3.178,
        "coords2D": "2D: (3.579, 2.651)",
        "coords3D": "3D: (3.579, 2.651, -3.178)",
        "easting": 397936.66736854863,
        "northing": 808207.6119991689,
        "longitude": 174.7410425654611,
        "latitude": -36.80575326788459,
        "group": "R0 - Red (229 points)",
        "canvasX": 785.7586408811453,
        "canvasY": 770.6387301511338
      }
    },
    {
      "type": "Feature",
      "geometry": {
        "type": "Point",
        "coordinates": [
          174.74104296049487,
          -36.80575814129195,
          -3.332
        ]
      },
      "properties": {
        "id": "1_94",
        "camera": "R0 - Red (Point)",
        "frame": "0282",
        "image": "pano_camera0/frame_0282_hp_preview.jpg",
        "frameId": "0282",
        "height": -3.332,
        "coords2D": "2D: (3.730, 2.651)",
        "coords3D": "3D: (3.730, 2.651, -3.332)",
        "easting": 397936.70274763636,
        "northing": 808207.0712402256,
        "longitude": 174.74104296049487,
        "latitude": -36.80575814129195,
        "group": "R0 - Red (229 points)",
        "canvasX": 786.4158082727907,
        "canvasY": 780.6833403237267
      }
    },
    {
      "type": "Feature",
      "geometry": {
        "type": "Point",
        "coordinates": [
          174.7410464476751,
          -36.80576298708663,
          -3.567
        ]
      },
      "properties": {
        "id": "1_95",
        "camera": "R0 - Red (Point)",
        "frame": "0283",
        "image": "pano_camera0/frame_0283_hp_preview.jpg",
        "frameId": "0283",
        "height": -3.567,
        "coords2D": "2D: (3.807, 2.656)",
        "coords3D": "3D: (3.807, 2.656, -3.567)",
        "easting": 397937.0140340442,
        "northing": 808206.5336119719,
        "longitude": 174.7410464476751,
        "latitude": -36.80576298708663,
        "group": "R0 - Red (229 points)",
        "canvasX": 792.1979606664933,
        "canvasY": 790.6697978636155
      }
    },
    {
      "type": "Feature",
      "geometry": {
        "type": "Point",
        "coordinates": [
          174.74105794635463,
          -36.8057657790709,
          -3.954
        ]
      },
      "properties": {
        "id": "1_96",
        "camera": "R0 - Red (Point)",
        "frame": "0284",
        "image": "pano_camera0/frame_0284_hp_preview.jpg",
        "frameId": "0284",
        "height": -3.954,
        "coords2D": "2D: (3.627, 2.656)",
        "coords3D": "3D: (3.627, 2.656, -3.954)",
        "easting": 397938.0401205888,
        "northing": 808206.2240532513,
        "longitude": 174.74105794635463,
        "latitude": -36.8057657790709,
        "group": "R0 - Red (229 points)",
        "canvasX": 811.2575425229539,
        "canvasY": 796.4198584247638
      }
    },
    {
      "type": "Feature",
      "geometry": {
        "type": "Point",
        "coordinates": [
          174.74105919973277,
          -36.80576555063931,
          -3.98
        ]
      },
      "properties": {
        "id": "1_97",
        "camera": "R0 - Red (Point)",
        "frame": "0285",
        "image": "pano_camera0/frame_0285_hp_preview.jpg",
        "frameId": "0285",
        "height": -3.98,
        "coords2D": "2D: (3.589, 2.655)",
        "coords3D": "3D: (3.589, 2.655, -3.980)",
        "easting": 397938.1519517014,
        "northing": 808206.2494277077,
        "longitude": 174.74105919973277,
        "latitude": -36.80576555063931,
        "group": "R0 - Red (229 points)",
        "canvasX": 813.3348080856367,
        "canvasY": 795.9485272969018
      }
    },
    {
      "type": "Feature",
      "geometry": {
        "type": "Point",
        "coordinates": [
          174.74106829584724,
          -36.80576431454128,
          -4.184
        ]
      },
      "properties": {
        "id": "1_98",
        "camera": "R0 - Red (Point)",
        "frame": "0286",
        "image": "pano_camera0/frame_0286_hp_preview.jpg",
        "frameId": "0286",
        "height": -4.184,
        "coords2D": "2D: (3.334, 2.657)",
        "coords3D": "3D: (3.334, 2.657, -4.184)",
        "easting": 397938.96355259005,
        "northing": 808206.3867848106,
        "longitude": 174.74106829584724,
        "latitude": -36.80576431454128,
        "group": "R0 - Red (229 points)",
        "canvasX": 828.4103138045484,
        "canvasY": 793.3971158602529
      }
    },
    {
      "type": "Feature",
      "geometry": {
        "type": "Point",
        "coordinates": [
          174.74107219985893,
          -36.80576102975842,
          -4.191
        ]
      },
      "properties": {
        "id": "1_99",
        "camera": "R0 - Red (Point)",
        "frame": "0287",
        "image": "pano_camera0/frame_0287_hp_preview.jpg",
        "frameId": "0287",
        "height": -4.191,
        "coords2D": "2D: (3.133, 2.671)",
        "coords3D": "3D: (3.133, 2.671, -4.191)",
        "easting": 397939.3118142711,
        "northing": 808206.751358006,
        "longitude": 174.74107219985893,
        "latitude": -36.80576102975842,
        "group": "R0 - Red (229 points)",
        "canvasX": 834.879282773657,
        "canvasY": 786.6251601252595
      }
    },
    {
      "type": "Feature",
      "geometry": {
        "type": "Point",
        "coordinates": [
          174.74107739515483,
          -36.80575682470773,
          -4.205
        ]
      },
      "properties": {
        "id": "1_100",
        "camera": "R0 - Red (Point)",
        "frame": "0288",
        "image": "pano_camera0/frame_0288_hp_preview.jpg",
        "frameId": "0288",
        "height": -4.205,
        "coords2D": "2D: (2.872, 2.679)",
        "coords3D": "3D: (2.872, 2.679, -4.205)",
        "easting": 397939.7752708857,
        "northing": 808207.2180746024,
        "longitude": 174.74107739515483,
        "latitude": -36.80575682470773,
        "group": "R0 - Red (229 points)",
        "canvasX": 843.4880003605233,
        "canvasY": 777.9558882983077
      }
    },
    {
      "type": "Feature",
      "geometry": {
        "type": "Point",
        "coordinates": [
          174.7410818853375,
          -36.805755335995705,
          -4.28
        ]
      },
      "properties": {
        "id": "1_101",
        "camera": "R0 - Red (Point)",
        "frame": "0289",
        "image": "pano_camera0/frame_0289_hp_preview.jpg",
        "frameId": "0289",
        "height": -4.28,
        "coords2D": "2D: (2.716, 2.685)",
        "coords3D": "3D: (2.716, 2.685, -4.280)",
        "easting": 397940.17588399455,
        "northing": 808207.3833631413,
        "longitude": 174.7410818853375,
        "latitude": -36.805755335995705,
        "group": "R0 - Red (229 points)",
        "canvasX": 850.9293983415017,
        "canvasY": 774.8856497752138
      }
    },
    {
      "type": "Feature",
      "geometry": {
        "type": "Point",
        "coordinates": [
          174.74108921957045,
          -36.805757355190366,
          -4.534
        ]
      },
      "properties": {
        "id": "1_102",
        "camera": "R0 - Red (Point)",
        "frame": "0290",
        "image": "pano_camera0/frame_0290_hp_preview.jpg",
        "frameId": "0290",
        "height": -4.534,
        "coords2D": "2D: (2.609, 2.690)",
        "coords3D": "3D: (2.609, 2.690, -4.534)",
        "easting": 397940.8303618521,
        "northing": 808207.1594653658,
        "longitude": 174.74108921957045,
        "latitude": -36.805757355190366,
        "group": "R0 - Red (229 points)",
        "canvasX": 863.0863400371308,
        "canvasY": 779.0445562551768
      }
    },
    {
      "type": "Feature",
      "geometry": {
        "type": "Point",
        "coordinates": [
          174.74110256723964,
          -36.80576396344369,
          -5.081
        ]
      },
      "properties": {
        "id": "1_103",
        "camera": "R0 - Red (Point)",
        "frame": "0291",
        "image": "pano_camera0/frame_0291_hp_preview.jpg",
        "frameId": "0291",
        "height": -5.081,
        "coords2D": "2D: (2.511, 2.694)",
        "coords3D": "3D: (2.511, 2.694, -5.081)",
        "easting": 397942.02153332136,
        "northing": 808206.4264816529,
        "longitude": 174.74110256723964,
        "latitude": -36.80576396344369,
        "group": "R0 - Red (229 points)",
        "canvasX": 885.2123782767075,
        "canvasY": 792.6597460746684
      }
    },
    {
      "type": "Feature",
      "geometry": {
        "type": "Point",
        "coordinates": [
          174.74110825944788,
          -36.805766054368654,
          -5.294
        ]
      },
      "properties": {
        "id": "1_104",
        "camera": "R0 - Red (Point)",
        "frame": "0292",
        "image": "pano_camera0/frame_0292_hp_preview.jpg",
        "frameId": "0292",
        "height": -5.294,
        "coords2D": "2D: (2.445, 2.699)",
        "coords3D": "3D: (2.445, 2.699, -5.294)",
        "easting": 397942.5294973296,
        "northing": 808206.1945890083,
        "longitude": 174.74110825944788,
        "latitude": -36.805766054368654,
        "group": "R0 - Red (229 points)",
        "canvasX": 894.647821754367,
        "canvasY": 796.9671574353225
      }
    },
    {
      "type": "Feature",
      "geometry": {
        "type": "Point",
        "coordinates": [
          174.7411127914336,
          -36.80576799654728,
          -5.471
        ]
      },
      "properties": {
        "id": "1_105",
        "camera": "R0 - Red (Point)",
        "frame": "0293",
        "image": "pano_camera0/frame_0293_hp_preview.jpg",
        "frameId": "0293",
        "height": -5.471,
        "coords2D": "2D: (2.402, 2.699)",
        "coords3D": "3D: (2.402, 2.699, -5.471)",
        "easting": 397942.9339322449,
        "northing": 808205.9791767038,
        "longitude": 174.7411127914336,
        "latitude": -36.80576799654728,
        "group": "R0 - Red (229 points)",
        "canvasX": 902.1602098792341,
        "canvasY": 800.9684460916624
      }
    },
    {
      "type": "Feature",
      "geometry": {
        "type": "Point",
        "coordinates": [
          174.74113077955565,
          -36.80576690039267,
          -5.915
        ]
      },
      "properties": {
        "id": "1_106",
        "camera": "R0 - Red (Point)",
        "frame": "0294",
        "image": "pano_camera0/frame_0294_hp_preview.jpg",
        "frameId": "0294",
        "height": -5.915,
        "coords2D": "2D: (1.940, 2.693)",
        "coords3D": "3D: (1.940, 2.693, -5.915)",
        "easting": 397944.5389587424,
        "northing": 808206.1011959738,
        "longitude": 174.74113077955565,
        "latitude": -36.80576690039267,
        "group": "R0 - Red (229 points)",
        "canvasX": 931.973615063242,
        "canvasY": 798.7019352635009
      }
    },
    {
      "type": "Feature",
      "geometry": {
        "type": "Point",
        "coordinates": [
          174.741131971923,
          -36.805766234723734,
          -5.927
        ]
      },
      "properties": {
        "id": "1_107",
        "camera": "R0 - Red (Point)",
        "frame": "0295",
        "image": "pano_camera0/frame_0295_hp_preview.jpg",
        "frameId": "0295",
        "height": -5.927,
        "coords2D": "2D: (1.890, 2.694)",
        "coords3D": "3D: (1.890, 2.694, -5.927)",
        "easting": 397944.64533427777,
        "northing": 808206.1750861623,
        "longitude": 174.741131971923,
        "latitude": -36.805766234723734,
        "group": "R0 - Red (229 points)",
        "canvasX": 933.9495431507698,
        "canvasY": 797.3294232624901
      }
    },
    {
      "type": "Feature",
      "geometry": {
        "type": "Point",
        "coordinates": [
          174.741138044278,
          -36.80575416647368,
          -5.732
        ]
      },
      "properties": {
        "id": "1_108",
        "camera": "R0 - Red (Point)",
        "frame": "0296",
        "image": "pano_camera0/frame_0296_hp_preview.jpg",
        "frameId": "0296",
        "height": -5.732,
        "coords2D": "2D: (1.349, 2.679)",
        "coords3D": "3D: (1.349, 2.679, -5.732)",
        "easting": 397945.1868398579,
        "northing": 808207.5143448004,
        "longitude": 174.741138044278,
        "latitude": -36.80575416647368,
        "group": "R0 - Red (229 points)",
        "canvasX": 944.0080221198956,
        "canvasY": 772.4526623584323
      }
    },
    {
      "type": "Feature",
      "geometry": {
        "type": "Point",
        "coordinates": [
          174.74113262343832,
          -36.80574727932904,
          -5.386
        ]
      },
      "properties": {
        "id": "1_109",
        "camera": "R0 - Red (Point)",
        "frame": "0297",
        "image": "pano_camera0/frame_0297_hp_preview.jpg",
        "frameId": "0297",
        "height": -5.386,
        "coords2D": "2D: (1.250, 2.674)",
        "coords3D": "3D: (1.250, 2.674, -5.386)",
        "easting": 397944.70296151785,
        "northing": 808208.2784459308,
        "longitude": 174.74113262343832,
        "latitude": -36.80574727932904,
        "group": "R0 - Red (229 points)",
        "canvasX": 935.0199705003325,
        "canvasY": 758.2594657722482
      }
    },
    {
      "type": "Feature",
      "geometry": {
        "type": "Point",
        "coordinates": [
          174.74112660923763,
          -36.80574216098402,
          -5.076
        ]
      },
      "properties": {
        "id": "1_110",
        "camera": "R0 - Red (Point)",
        "frame": "0298",
        "image": "pano_camera0/frame_0298_hp_preview.jpg",
        "frameId": "0298",
        "height": -5.076,
        "coords2D": "2D: (1.224, 2.653)",
        "coords3D": "3D: (1.224, 2.653, -5.076)",
        "easting": 397944.16618555336,
        "northing": 808208.8462631217,
        "longitude": 174.74112660923763,
        "latitude": -36.80574216098402,
        "group": "R0 - Red (229 points)",
        "canvasX": 925.0493442526567,
        "canvasY": 747.7122480121393
      }
    },
    {
      "type": "Feature",
      "geometry": {
        "type": "Point",
        "coordinates": [
          174.7411217311405,
          -36.805738320351004,
          -4.834
        ]
      },
      "properties": {
        "id": "1_111",
        "camera": "R0 - Red (Point)",
        "frame": "0299",
        "image": "pano_camera0/frame_0299_hp_preview.jpg",
        "frameId": "0299",
        "height": -4.834,
        "coords2D": "2D: (1.213, 2.653)",
        "coords3D": "3D: (1.213, 2.653, -4.834)",
        "easting": 397943.7308167093,
        "northing": 808209.272326067,
        "longitude": 174.7411217311405,
        "latitude": -36.805738320351004,
        "group": "R0 - Red (229 points)",
        "canvasX": 916.9623576688108,
        "canvasY": 739.7981187174728
      }
    },
    {
      "type": "Feature",
      "geometry": {
        "type": "Point",
        "coordinates": [
          174.74111257543973,
          -36.80573084654484,
          -4.372
        ]
      },
      "properties": {
        "id": "1_112",
        "camera": "R0 - Red (Point)",
        "frame": "0300",
        "image": "pano_camera0/frame_0300_hp_preview.jpg",
        "frameId": "0300",
        "height": -4.372,
        "coords2D": "2D: (1.184, 2.645)",
        "coords3D": "3D: (1.184, 2.645, -4.372)",
        "easting": 397942.9136656839,
        "northing": 808210.1014444531,
        "longitude": 174.74111257543973,
        "latitude": -36.80573084654484,
        "group": "R0 - Red (229 points)",
        "canvasX": 901.7837580279393,
        "canvasY": 724.3972250683324
      }
    },
    {
      "type": "Feature",
      "geometry": {
        "type": "Point",
        "coordinates": [
          174.7411058890381,
          -36.80572600638841,
          -4.052
        ]
      },
      "properties": {
        "id": "1_113",
        "camera": "R0 - Red (Point)",
        "frame": "0301",
        "image": "pano_camera0/frame_0301_hp_preview.jpg",
        "frameId": "0301",
        "height": -4.052,
        "coords2D": "2D: (1.183, 2.621)",
        "coords3D": "3D: (1.183, 2.621, -4.052)",
        "easting": 397942.3169173166,
        "northing": 808210.6383784532,
        "longitude": 174.7411058890381,
        "latitude": -36.80572600638841,
        "group": "R0 - Red (229 points)",
        "canvasX": 890.6991429800601,
        "canvasY": 714.4236633053347
      }
    },
    {
      "type": "Feature",
      "geometry": {
        "type": "Point",
        "coordinates": [
          174.74109855950002,
          -36.80572170218922,
          -3.732
        ]
      },
      "properties": {
        "id": "1_114",
        "camera": "R0 - Red (Middle)",
        "frame": "0302",
        "image": "pano_camera0/frame_0302_hp_preview.jpg",
        "frameId": "0302",
        "height": -3.732,
        "coords2D": "2D: (1.215, 2.608)",
        "coords3D": "3D: (1.215, 2.608, -3.732)",
        "easting": 397941.6627969889,
        "northing": 808211.1158271943,
        "longitude": 174.74109855950002,
        "latitude": -36.80572170218922,
        "group": "R0 - Red (229 points)",
        "canvasX": 878.5488424087579,
        "canvasY": 705.5550416380736
      }
    },
    {
      "type": "Feature",
      "geometry": {
        "type": "Point",
        "coordinates": [
          174.74108719235818,
          -36.805717050540935,
          -3.294
        ]
      },
      "properties": {
        "id": "1_115",
        "camera": "R0 - Red (Point)",
        "frame": "0303",
        "image": "pano_camera0/frame_0303_hp_preview.jpg",
        "frameId": "0303",
        "height": -3.294,
        "coords2D": "2D: (1.330, 2.609)",
        "coords3D": "3D: (1.330, 2.609, -3.294)",
        "easting": 397940.64839712816,
        "northing": 808211.6317429119,
        "longitude": 174.74108719235818,
        "latitude": -36.805717050540935,
        "group": "R0 - Red (229 points)",
        "canvasX": 859.7063409830066,
        "canvasY": 695.9718949721522
      }
    },
    {
      "type": "Feature",
      "geometry": {
        "type": "Point",
        "coordinates": [
          174.74108155082453,
          -36.80571453074828,
          -3.07
        ]
      },
      "properties": {
        "id": "1_116",
        "camera": "R0 - Red (Point)",
        "frame": "0304",
        "image": "pano_camera0/frame_0304_hp_preview.jpg",
        "frameId": "0304",
        "height": -3.07,
        "coords2D": "2D: (1.381, 2.599)",
        "coords3D": "3D: (1.381, 2.599, -3.070)",
        "easting": 397940.1449428876,
        "northing": 808211.9112249428,
        "longitude": 174.74108155082453,
        "latitude": -36.80571453074828,
        "group": "R0 - Red (229 points)",
        "canvasX": 850.354666547723,
        "canvasY": 690.7805096313724
      }
    },
    {
      "type": "Feature",
      "geometry": {
        "type": "Point",
        "coordinates": [
          174.7410692331816,
          -36.805707677320974,
          -2.542
        ]
      },
      "properties": {
        "id": "1_117",
        "camera": "R0 - Red (Point)",
        "frame": "0305",
        "image": "pano_camera0/frame_0305_hp_preview.jpg",
        "frameId": "0305",
        "height": -2.542,
        "coords2D": "2D: (1.447, 2.579)",
        "coords3D": "3D: (1.447, 2.579, -2.542)",
        "easting": 397939.045671841,
        "northing": 808212.6714358035,
        "longitude": 174.7410692331816,
        "latitude": -36.805707677320974,
        "group": "R0 - Red (229 points)",
        "canvasX": 829.935680835767,
        "canvasY": 676.6595748979726
      }
    },
    {
      "type": "Feature",
      "geometry": {
        "type": "Point",
        "coordinates": [
          174.74105932506725,
          -36.80569873207458,
          -2.017
        ]
      },
      "properties": {
        "id": "1_118",
        "camera": "R0 - Red (Point)",
        "frame": "0306",
        "image": "pano_camera0/frame_0306_hp_preview.jpg",
        "frameId": "0306",
        "height": -2.017,
        "coords2D": "2D: (1.387, 2.554)",
        "coords3D": "3D: (1.387, 2.554, -2.017)",
        "easting": 397938.16134368064,
        "northing": 808213.6638128033,
        "longitude": 174.74105932506725,
        "latitude": -36.80569873207458,
        "group": "R0 - Red (229 points)",
        "canvasX": 813.5092643227125,
        "canvasY": 658.2261486350759
      }
    },
    {
      "type": "Feature",
      "geometry": {
        "type": "Point",
        "coordinates": [
          174.74105415493685,
          -36.8056920547428,
          -1.684
        ]
      },
      "properties": {
        "id": "1_119",
        "camera": "R0 - Red (Point)",
        "frame": "0307",
        "image": "pano_camera0/frame_0307_hp_preview.jpg",
        "frameId": "0307",
        "height": -1.684,
        "coords2D": "2D: (1.289, 2.539)",
        "coords3D": "3D: (1.289, 2.539, -1.684)",
        "easting": 397937.6998404598,
        "northing": 808214.4046374885,
        "longitude": 174.74105415493685,
        "latitude": -36.8056920547428,
        "group": "R0 - Red (229 points)",
        "canvasX": 804.936831071175,
        "canvasY": 644.4653125722513
      }
    },
    {
      "type": "Feature",
      "geometry": {
        "type": "Point",
        "coordinates": [
          174.74105338717757,
          -36.805690123911866,
          -1.606
        ]
      },
      "properties": {
        "id": "1_120",
        "camera": "R0 - Red (Point)",
        "frame": "0308",
        "image": "pano_camera0/frame_0308_hp_preview.jpg",
        "frameId": "0308",
        "height": -1.606,
        "coords2D": "2D: (1.244, 2.542)",
        "coords3D": "3D: (1.244, 2.542, -1.606)",
        "easting": 397937.63128248946,
        "northing": 808214.6188715512,
        "longitude": 174.74105338717757,
        "latitude": -36.805690123911866,
        "group": "R0 - Red (229 points)",
        "canvasX": 803.6633651496018,
        "canvasY": 640.4859097845717
      }
    },
    {
      "type": "Feature",
      "geometry": {
        "type": "Point",
        "coordinates": [
          174.74105458314835,
          -36.80567934289794,
          -1.321
        ]
      },
      "properties": {
        "id": "1_121",
        "camera": "R0 - Red (Point)",
        "frame": "0309",
        "image": "pano_camera0/frame_0309_hp_preview.jpg",
        "frameId": "0309",
        "height": -1.321,
        "coords2D": "2D: (0.861, 2.532)",
        "coords3D": "3D: (0.861, 2.532, -1.321)",
        "easting": 397937.737708348,
        "northing": 808215.8151900115,
        "longitude": 174.74105458314835,
        "latitude": -36.80567934289794,
        "group": "R0 - Red (229 points)",
        "canvasX": 805.6402279912849,
        "canvasY": 618.2642660659992
      }
    },
    {
      "type": "Feature",
      "geometry": {
        "type": "Point",
        "coordinates": [
          174.74106346643302,
          -36.8056715032141,
          -1.325
        ]
      },
      "properties": {
        "id": "1_122",
        "camera": "R0 - Red (Point)",
        "frame": "0310",
        "image": "pano_camera0/frame_0310_hp_preview.jpg",
        "frameId": "0310",
        "height": -1.325,
        "coords2D": "2D: (0.392, 2.541)",
        "coords3D": "3D: (0.392, 2.541, -1.325)",
        "easting": 397938.5301425874,
        "northing": 808216.6852956546,
        "longitude": 174.74106346643302,
        "latitude": -36.8056715032141,
        "group": "R0 - Red (229 points)",
        "canvasX": 820.3597127459367,
        "canvasY": 602.1020331507251
      }
    },
    {
      "type": "Feature",
      "geometry": {
        "type": "Point",
        "coordinates": [
          174.74107243385836,
          -36.80567093177249,
          -1.546
        ]
      },
      "properties": {
        "id": "1_123",
        "camera": "R0 - Red (Point)",
        "frame": "0311",
        "image": "pano_camera0/frame_0311_hp_preview.jpg",
        "frameId": "0311",
        "height": -1.546,
        "coords2D": "2D: (0.161, 2.532)",
        "coords3D": "3D: (0.161, 2.532, -1.546)",
        "easting": 397939.3302795112,
        "northing": 808216.7488977384,
        "longitude": 174.74107243385836,
        "latitude": -36.80567093177249,
        "group": "R0 - Red (229 points)",
        "canvasX": 835.2222750471329,
        "canvasY": 600.9206229370143
      }
    },
    {
      "type": "Feature",
      "geometry": {
        "type": "Point",
        "coordinates": [
          174.74108431803634,
          -36.805674313880694,
          -1.96
        ]
      },
      "properties": {
        "id": "1_124",
        "camera": "R0 - Red (Point)",
        "frame": "0312",
        "image": "pano_camera0/frame_0312_hp_preview.jpg",
        "frameId": "0312",
        "height": -1.96,
        "coords2D": "2D: (-0.008, 2.554)",
        "coords3D": "3D: (-0.008, 2.554, -1.960)",
        "easting": 397940.3907805509,
        "northing": 808216.3738651752,
        "longitude": 174.74108431803634,
        "latitude": -36.805674313880694,
        "group": "R0 - Red (229 points)",
        "canvasX": 854.9211069622024,
        "canvasY": 607.8868616769543
      }
    },
    {
      "type": "Feature",
      "geometry": {
        "type": "Point",
        "coordinates": [
          174.7410921488966,
          -36.80567784060078,
          -2.271
        ]
      },
      "properties": {
        "id": "1_125",
        "camera": "R0 - Red (Point)",
        "frame": "0313",
        "image": "pano_camera0/frame_0313_hp_preview.jpg",
        "frameId": "0313",
        "height": -2.271,
        "coords2D": "2D: (-0.078, 2.563)",
        "coords3D": "3D: (-0.078, 2.563, -2.271)",
        "easting": 397941.0896128885,
        "northing": 808215.9826986716,
        "longitude": 174.7410921488966,
        "latitude": -36.80567784060078,
        "group": "R0 - Red (229 points)",
        "canvasX": 867.9019341765329,
        "canvasY": 615.1527887397382
      }
    },
    {
      "type": "Feature",
      "geometry": {
        "type": "Point",
        "coordinates": [
          174.74109870126114,
          -36.80568151424714,
          -2.553
        ]
      },
      "properties": {
        "id": "1_126",
        "camera": "R0 - Red (Point)",
        "frame": "0314",
        "image": "pano_camera0/frame_0314_hp_preview.jpg",
        "frameId": "0314",
        "height": -2.553,
        "coords2D": "2D: (-0.112, 2.571)",
        "coords3D": "3D: (-0.112, 2.571, -2.553)",
        "easting": 397941.6743705207,
        "northing": 808215.5752012273,
        "longitude": 174.74109870126114,
        "latitude": -36.80568151424714,
        "group": "R0 - Red (229 points)",
        "canvasX": 878.7638210362286,
        "canvasY": 622.7220634141818
      }
    },
    {
      "type": "Feature",
      "geometry": {
        "type": "Point",
        "coordinates": [
          174.7411150202542,
          -36.8056901483779,
          -3.239
        ]
      },
      "properties": {
        "id": "1_127",
        "camera": "R0 - Red (Point)",
        "frame": "0315",
        "image": "pano_camera0/frame_0315_hp_preview.jpg",
        "frameId": "0315",
        "height": -3.239,
        "coords2D": "2D: (-0.214, 2.592)",
        "coords3D": "3D: (-0.214, 2.592, -3.239)",
        "easting": 397943.1307247626,
        "northing": 808214.6174840608,
        "longitude": 174.7411150202542,
        "latitude": -36.8056901483779,
        "group": "R0 - Red (229 points)",
        "canvasX": 905.8156355539817,
        "canvasY": 640.5116824530224
      }
    },
    {
      "type": "Feature",
      "geometry": {
        "type": "Point",
        "coordinates": [
          174.7411162914559,
          -36.80569069414141,
          -3.288
        ]
      },
      "properties": {
        "id": "1_128",
        "camera": "R0 - Red (Point)",
        "frame": "0316",
        "image": "pano_camera0/frame_0316_hp_preview.jpg",
        "frameId": "0316",
        "height": -3.288,
        "coords2D": "2D: (-0.226, 2.597)",
        "coords3D": "3D: (-0.226, 2.597, -3.288)",
        "easting": 397943.24416708277,
        "northing": 808214.5569518936,
        "longitude": 174.7411162914559,
        "latitude": -36.80569069414141,
        "group": "R0 - Red (229 points)",
        "canvasX": 907.9228293364498,
        "canvasY": 641.6360688915424
      }
    },
    {
      "type": "Feature",
      "geometry": {
        "type": "Point",
        "coordinates": [
          174.74112763197076,
          -36.80569532241857,
          -3.725
        ]
      },
      "properties": {
        "id": "1_129",
        "camera": "R0 - Red (Point)",
        "frame": "0317",
        "image": "pano_camera0/frame_0317_hp_preview.jpg",
        "frameId": "0317",
        "height": -3.725,
        "coords2D": "2D: (-0.342, 2.599)",
        "coords3D": "3D: (-0.342, 2.599, -3.725)",
        "easting": 397944.2561906187,
        "northing": 808214.043628625,
        "longitude": 174.74112763197076,
        "latitude": -36.80569532241857,
        "group": "R0 - Red (229 points)",
        "canvasX": 926.7211904713934,
        "canvasY": 651.1710607578336
      }
    },
    {
      "type": "Feature",
      "geometry": {
        "type": "Point",
        "coordinates": [
          174.74114111853052,
          -36.805696548555865,
          -4.118
        ]
      },
      "properties": {
        "id": "1_130",
        "camera": "R0 - Red (Point)",
        "frame": "0318",
        "image": "pano_camera0/frame_0318_hp_preview.jpg",
        "frameId": "0318",
        "height": -4.118,
        "coords2D": "2D: (-0.621, 2.599)",
        "coords3D": "3D: (-0.621, 2.599, -4.118)",
        "easting": 397945.4596119947,
        "northing": 808213.907862679,
        "longitude": 174.74114111853052,
        "latitude": -36.805696548555865,
        "group": "R0 - Red (229 points)",
        "canvasX": 949.0747710184613,
        "canvasY": 653.6929164189985
      }
    },
    {
      "type": "Feature",
      "geometry": {
        "type": "Point",
        "coordinates": [
          174.7411437013141,
          -36.805694551669404,
          -4.128
        ]
      },
      "properties": {
        "id": "1_131",
        "camera": "R0 - Red (Point)",
        "frame": "0319",
        "image": "pano_camera0/frame_0319_hp_preview.jpg",
        "frameId": "0319",
        "height": -4.128,
        "coords2D": "2D: (-0.747, 2.599)",
        "coords3D": "3D: (-0.747, 2.599, -4.128)",
        "easting": 397945.69001714943,
        "northing": 808214.1294984932,
        "longitude": 174.7411437013141,
        "latitude": -36.805694551669404,
        "group": "R0 - Red (229 points)",
        "canvasX": 953.3545522217878,
        "canvasY": 649.576025923533
      }
    },
    {
      "type": "Feature",
      "geometry": {
        "type": "Point",
        "coordinates": [
          174.7411481064877,
          -36.80568725764424,
          -4.03
        ]
      },
      "properties": {
        "id": "1_132",
        "camera": "R0 - Red (Point)",
        "frame": "0320",
        "image": "pano_camera0/frame_0320_hp_preview.jpg",
        "frameId": "0320",
        "height": -4.03,
        "coords2D": "2D: (-1.092, 2.614)",
        "coords3D": "3D: (-1.092, 2.614, -4.030)",
        "easting": 397946.0828904035,
        "northing": 808214.9389593626,
        "longitude": 174.7411481064877,
        "latitude": -36.80568725764424,
        "group": "R0 - Red (229 points)",
        "canvasX": 960.6521822164282,
        "canvasY": 634.5402711133706
      }
    },
    {
      "type": "Feature",
      "geometry": {
        "type": "Point",
        "coordinates": [
          174.74114780578665,
          -36.80567117935885,
          -3.549
        ]
      },
      "properties": {
        "id": "1_133",
        "camera": "R0 - Red (Point)",
        "frame": "0321",
        "image": "pano_camera0/frame_0321_hp_preview.jpg",
        "frameId": "0321",
        "height": -3.549,
        "coords2D": "2D: (-1.614, 2.599)",
        "coords3D": "3D: (-1.614, 2.599, -3.549)",
        "easting": 397946.05562980927,
        "northing": 808216.7230462253,
        "longitude": 174.74114780578665,
        "latitude": -36.80567117935885,
        "group": "R0 - Red (229 points)",
        "canvasX": 960.145816032978,
        "canvasY": 601.4008154066415
      }
    },
    {
      "type": "Feature",
      "geometry": {
        "type": "Point",
        "coordinates": [
          174.74114765279788,
          -36.80567021917705,
          -3.516
        ]
      },
      "properties": {
        "id": "1_134",
        "camera": "R0 - Red (Point)",
        "frame": "0322",
        "image": "pano_camera0/frame_0322_hp_preview.jpg",
        "frameId": "0322",
        "height": -3.516,
        "coords2D": "2D: (-1.642, 2.597)",
        "coords3D": "3D: (-1.642, 2.597, -3.516)",
        "easting": 397946.041953167,
        "northing": 808216.8295875054,
        "longitude": 174.74114765279788,
        "latitude": -36.80567021917705,
        "group": "R0 - Red (229 points)",
        "canvasX": 959.8917720786819,
        "canvasY": 599.4218086054188
      }
    },
    {
      "type": "Feature",
      "geometry": {
        "type": "Point",
        "coordinates": [
          174.7411400046456,
          -36.80566126147335,
          -3.05
        ]
      },
      "properties": {
        "id": "1_135",
        "camera": "R0 - Red (Point)",
        "frame": "0323",
        "image": "pano_camera0/frame_0323_hp_preview.jpg",
        "frameId": "0323",
        "height": -3.05,
        "coords2D": "2D: (-1.756, 2.570)",
        "coords3D": "3D: (-1.756, 2.570, -3.050)",
        "easting": 397945.35927869374,
        "northing": 808217.8233960787,
        "longitude": 174.7411400046456,
        "latitude": -36.80566126147335,
        "group": "R0 - Red (229 points)",
        "canvasX": 947.2110775776739,
        "canvasY": 580.9617908312642
      }
    },
    {
      "type": "Feature",
      "geometry": {
        "type": "Point",
        "coordinates": [
          174.74112890828363,
          -36.80565507443579,
          -2.574
        ]
      },
      "properties": {
        "id": "1_136",
        "camera": "R0 - Red (Point)",
        "frame": "0324",
        "image": "pano_camera0/frame_0324_hp_preview.jpg",
        "frameId": "0324",
        "height": -2.574,
        "coords2D": "2D: (-1.697, 2.566)",
        "coords3D": "3D: (-1.697, 2.566, -2.574)",
        "easting": 397944.3689985722,
        "northing": 808218.5096893124,
        "longitude": 174.74112890828363,
        "latitude": -36.80565507443579,
        "group": "R0 - Red (229 points)",
        "canvasX": 928.8166008780876,
        "canvasY": 568.213877768791
      }
    },
    {
      "type": "Feature",
      "geometry": {
        "type": "Point",
        "coordinates": [
          174.7411280090195,
          -36.805654246140804,
          -2.526
        ]
      },
      "properties": {
        "id": "1_137",
        "camera": "R0 - Red (Point)",
        "frame": "0325",
        "image": "pano_camera0/frame_0325_hp_preview.jpg",
        "frameId": "0325",
        "height": -2.526,
        "coords2D": "2D: (-1.703, 2.557)",
        "coords3D": "3D: (-1.703, 2.557, -2.526)",
        "easting": 397944.2887361926,
        "northing": 808218.6015800033,
        "longitude": 174.7411280090195,
        "latitude": -36.805654246140804,
        "group": "R0 - Red (229 points)",
        "canvasX": 927.3257252787766,
        "canvasY": 566.5070060110484
      }
    },
    {
      "type": "Feature",
      "geometry": {
        "type": "Point",
        "coordinates": [
          174.7411226161544,
          -36.80564381328962,
          -2.076
        ]
      },
      "properties": {
        "id": "1_138",
        "camera": "R0 - Red (Point)",
        "frame": "0326",
        "image": "pano_camera0/frame_0326_hp_preview.jpg",
        "frameId": "0326",
        "height": -2.076,
        "coords2D": "2D: (-1.919, 2.538)",
        "coords3D": "3D: (-1.919, 2.538, -2.076)",
        "easting": 397943.8072584792,
        "northing": 808219.7591235813,
        "longitude": 174.7411226161544,
        "latitude": -36.80564381328962,
        "group": "R0 - Red (229 points)",
        "canvasX": 918.3822653542304,
        "canvasY": 545.0056066477968
      }
    },
    {
      "type": "Feature",
      "geometry": {
        "type": "Point",
        "coordinates": [
          174.7411265285774,
          -36.80563857611178,
          -2.026
        ]
      },
      "properties": {
        "id": "1_139",
        "camera": "R0 - Red (Point)",
        "frame": "0327",
        "image": "pano_camera0/frame_0327_hp_preview.jpg",
        "frameId": "0327",
        "height": -2.026,
        "coords2D": "2D: (-2.184, 2.531)",
        "coords3D": "3D: (-2.184, 2.531, -2.026)",
        "easting": 397944.15621925174,
        "northing": 808220.3403401773,
        "longitude": 174.7411265285774,
        "latitude": -36.80563857611178,
        "group": "R0 - Red (229 points)",
        "canvasX": 924.8642199646829,
        "canvasY": 534.2094946194769
      }
    },
    {
      "type": "Feature",
      "geometry": {
        "type": "Point",
        "coordinates": [
          174.7411298746555,
          -36.80563689102374,
          -2.065
        ]
      },
      "properties": {
        "id": "1_140",
        "camera": "R0 - Red (Point)",
        "frame": "0328",
        "image": "pano_camera0/frame_0328_hp_preview.jpg",
        "frameId": "0328",
        "height": -2.065,
        "coords2D": "2D: (-2.319, 2.540)",
        "coords3D": "3D: (-2.319, 2.540, -2.065)",
        "easting": 397944.4547407371,
        "northing": 808220.5273943722,
        "longitude": 174.7411298746555,
        "latitude": -36.80563689102374,
        "group": "R0 - Red (229 points)",
        "canvasX": 930.4092636218091,
        "canvasY": 530.734958522303
      }
    },
    {
      "type": "Feature",
      "geometry": {
        "type": "Point",
        "coordinates": [
          174.74113638407567,
          -36.80563568210089,
          -2.202
        ]
      },
      "properties": {
        "id": "1_141",
        "camera": "R0 - Red (Point)",
        "frame": "0329",
        "image": "pano_camera0/frame_0329_hp_preview.jpg",
        "frameId": "0329",
        "height": -2.202,
        "coords2D": "2D: (-2.512, 2.546)",
        "coords3D": "3D: (-2.512, 2.546, -2.202)",
        "easting": 397945.0355361778,
        "northing": 808220.6616798572,
        "longitude": 174.74113638407567,
        "latitude": -36.80563568210089,
        "group": "R0 - Red (229 points)",
        "canvasX": 941.1975526813595,
        "canvasY": 528.2406024595915
      }
    },
    {
      "type": "Feature",
      "geometry": {
        "type": "Point",
        "coordinates": [
          174.7411457640768,
          -36.8056316637608,
          -2.332
        ]
      },
      "properties": {
        "id": "1_142",
        "camera": "R0 - Red (Point)",
        "frame": "0330",
        "image": "pano_camera0/frame_0330_hp_preview.jpg",
        "frameId": "0330",
        "height": -2.332,
        "coords2D": "2D: (-2.867, 2.552)",
        "coords3D": "3D: (-2.867, 2.552, -2.332)",
        "easting": 397945.87239509926,
        "northing": 808221.1077680705,
        "longitude": 174.7411457640768,
        "latitude": -36.8056316637608,
        "group": "R0 - Red (229 points)",
        "canvasX": 956.7422269563365,
        "canvasY": 519.9545033360673
      }
    },
    {
      "type": "Feature",
      "geometry": {
        "type": "Point",
        "coordinates": [
          174.7411460550565,
          -36.80562834518378,
          -2.242
        ]
      },
      "properties": {
        "id": "1_143",
        "camera": "R0 - Red (Point)",
        "frame": "0331",
        "image": "pano_camera0/frame_0331_hp_preview.jpg",
        "frameId": "0331",
        "height": -2.242,
        "coords2D": "2D: (-2.983, 2.547)",
        "coords3D": "3D: (-2.983, 2.547, -2.242)",
        "easting": 397945.8982702297,
        "northing": 808221.476013277,
        "longitude": 174.7411460550565,
        "latitude": -36.80562834518378,
        "group": "R0 - Red (229 points)",
        "canvasX": 957.2228581167576,
        "canvasY": 513.1143399105611
      }
    },
    {
      "type": "Feature",
      "geometry": {
        "type": "Point",
        "coordinates": [
          174.7411348029101,
          -36.805624905577346,
          -1.842
        ]
      },
      "properties": {
        "id": "1_144",
        "camera": "R0 - Red (Point)",
        "frame": "0332",
        "image": "pano_camera0/frame_0332_hp_preview.jpg",
        "frameId": "0332",
        "height": -1.842,
        "coords2D": "2D: (-2.830, 2.527)",
        "coords3D": "3D: (-2.830, 2.527, -1.842)",
        "easting": 397944.89416268707,
        "northing": 808221.8574402728,
        "longitude": 174.7411348029101,
        "latitude": -36.805624905577346,
        "group": "R0 - Red (229 points)",
        "canvasX": 938.5715367442328,
        "canvasY": 506.0293244335985
      }
    },
    {
      "type": "Feature",
      "geometry": {
        "type": "Point",
        "coordinates": [
          174.7411288909602,
          -36.805625879878406,
          -1.715
        ]
      },
      "properties": {
        "id": "1_145",
        "camera": "R0 - Red (Point)",
        "frame": "0333",
        "image": "pano_camera0/frame_0333_hp_preview.jpg",
        "frameId": "0333",
        "height": -1.715,
        "coords2D": "2D: (-2.658, 2.517)",
        "coords3D": "3D: (-2.658, 2.517, -1.715)",
        "easting": 397944.36667245836,
        "northing": 808221.7492019366,
        "longitude": 174.7411288909602,
        "latitude": -36.805625879878406,
        "group": "R0 - Red (229 points)",
        "canvasX": 928.7733932594911,
        "canvasY": 508.0398540907811
      }
    },
    {
      "type": "Feature",
      "geometry": {
        "type": "Point",
        "coordinates": [
          174.74111795873972,
          -36.805626155679825,
          -1.433
        ]
      },
      "properties": {
        "id": "1_146",
        "camera": "R0 - Red (Point)",
        "frame": "0334",
        "image": "pano_camera0/frame_0334_hp_preview.jpg",
        "frameId": "0334",
        "height": -1.433,
        "coords2D": "2D: (-2.390, 2.508)",
        "coords3D": "3D: (-2.390, 2.508, -1.433)",
        "easting": 397943.391210787,
        "northing": 808221.7183631732,
        "longitude": 174.74111795873972,
        "latitude": -36.805626155679825,
        "group": "R0 - Red (229 points)",
        "canvasX": 910.6541696235383,
        "canvasY": 508.61268485141915
      }
    },
    {
      "type": "Feature",
      "geometry": {
        "type": "Point",
        "coordinates": [
          174.74111229872744,
          -36.80562520458587,
          -1.256
        ]
      },
      "properties": {
        "id": "1_147",
        "camera": "R0 - Red (Point)",
        "frame": "0335",
        "image": "pano_camera0/frame_0335_hp_preview.jpg",
        "frameId": "0335",
        "height": -1.256,
        "coords2D": "2D: (-2.287, 2.507)",
        "coords3D": "3D: (-2.287, 2.507, -1.256)",
        "easting": 397942.88614917477,
        "northing": 808221.8237775929,
        "longitude": 174.74111229872744,
        "latitude": -36.80562520458587,
        "group": "R0 - Red (229 points)",
        "canvasX": 901.2726382206654,
        "canvasY": 506.65460951147224
      }
    },
    {
      "type": "Feature",
      "geometry": {
        "type": "Point",
        "coordinates": [
          174.74110594258758,
          -36.80562438758631,
          -1.063
        ]
      },
      "properties": {
        "id": "1_148",
        "camera": "R0 - Red (Point)",
        "frame": "0336",
        "image": "pano_camera0/frame_0336_hp_preview.jpg",
        "frameId": "0336",
        "height": -1.063,
        "coords2D": "2D: (-2.164, 2.493)",
        "coords3D": "3D: (-2.164, 2.493, -1.063)",
        "easting": 397942.31897650147,
        "northing": 808221.9142975018,
        "longitude": 174.74110594258758,
        "latitude": -36.80562438758631,
        "group": "R0 - Red (229 points)",
        "canvasX": 890.7373923878371,
        "canvasY": 504.97320006048335
      }
    },
    {
      "type": "Feature",
      "geometry": {
        "type": "Point",
        "coordinates": [
          174.74109203674746,
          -36.805621328822376,
          -0.605
        ]
      },
      "properties": {
        "id": "1_149",
        "camera": "R0 - Red (Point)",
        "frame": "0337",
        "image": "pano_camera0/frame_0337_hp_preview.jpg",
        "frameId": "0337",
        "height": -0.605,
        "coords2D": "2D: (-1.935, 2.474)",
        "coords3D": "3D: (-1.935, 2.474, -0.605)",
        "easting": 397941.0780929928,
        "northing": 808222.2534075584,
        "longitude": 174.74109203674746,
        "latitude": -36.805621328822376,
        "group": "R0 - Red (229 points)",
        "canvasX": 867.6879518396736,
        "canvasY": 498.67422272946527
      }
    },
    {
      "type": "Feature",
      "geometry": {
        "type": "Point",
        "coordinates": [
          174.74108510655222,
          -36.80561972694656,
          -0.375
        ]
      },
      "properties": {
        "id": "1_150",
        "camera": "R0 - Red (Point)",
        "frame": "0338",
        "image": "pano_camera0/frame_0338_hp_preview.jpg",
        "frameId": "0338",
        "height": -0.375,
        "coords2D": "2D: (-1.824, 2.472)",
        "coords3D": "3D: (-1.824, 2.472, -0.375)",
        "easting": 397940.4596769688,
        "northing": 808222.4310071359,
        "longitude": 174.74108510655222,
        "latitude": -36.80561972694656,
        "group": "R0 - Red (229 points)",
        "canvasX": 856.2008595559937,
        "canvasY": 495.3753063746268
      }
    },
    {
      "type": "Feature",
      "geometry": {
        "type": "Point",
        "coordinates": [
          174.74106773140323,
          -36.805614550827265,
          0.238
        ]
      },
      "properties": {
        "id": "1_151",
        "camera": "R0 - Red (Point)",
        "frame": "0339",
        "image": "pano_camera0/frame_0339_hp_preview.jpg",
        "frameId": "0339",
        "height": 0.238,
        "coords2D": "2D: (-1.583, 2.451)",
        "coords3D": "3D: (-1.583, 2.451, 0.238)",
        "easting": 397938.90917421354,
        "northing": 808223.0049900694,
        "longitude": 174.74106773140323,
        "latitude": -36.805614550827265,
        "group": "R0 - Red (229 points)",
        "canvasX": 827.4002341739642,
        "canvasY": 484.7135597961343
      }
    },
    {
      "type": "Feature",
      "geometry": {
        "type": "Point",
        "coordinates": [
          174.74105740745952,
          -36.8056100822291,
          0.643
        ]
      },
      "properties": {
        "id": "1_152",
        "camera": "R0 - Red (Point)",
        "frame": "0340",
        "image": "pano_camera0/frame_0340_hp_preview.jpg",
        "frameId": "0340",
        "height": 0.643,
        "coords2D": "2D: (-1.486, 2.466)",
        "coords3D": "3D: (-1.486, 2.466, 0.643)",
        "easting": 397937.98786102934,
        "northing": 808223.5006161692,
        "longitude": 174.74105740745952,
        "latitude": -36.8056100822291,
        "group": "R0 - Red (229 points)",
        "canvasX": 810.2868199686349,
        "canvasY": 475.50729326258056
      }
    },
    {
      "type": "Feature",
      "geometry": {
        "type": "Point",
        "coordinates": [
          174.74105455159363,
          -36.80560903608871,
          0.749
        ]
      },
      "properties": {
        "id": "1_153",
        "camera": "R0 - Red (Point)",
        "frame": "0341",
        "image": "pano_camera0/frame_0341_hp_preview.jpg",
        "frameId": "0341",
        "height": 0.749,
        "coords2D": "2D: (-1.453, 2.457)",
        "coords3D": "3D: (-1.453, 2.457, 0.749)",
        "easting": 397937.733007405,
        "northing": 808223.6166373704,
        "longitude": 174.74105455159363,
        "latitude": -36.80560903608871,
        "group": "R0 - Red (229 points)",
        "canvasX": 805.5529078637293,
        "canvasY": 473.3521967025562
      }
    },
    {
      "type": "Feature",
      "geometry": {
        "type": "Point",
        "coordinates": [
          174.74104574337366,
          -36.80560662990225,
          1.053
        ]
      },
      "properties": {
        "id": "1_154",
        "camera": "R0 - Red (Point)",
        "frame": "0342",
        "image": "pano_camera0/frame_0342_hp_preview.jpg",
        "frameId": "0342",
        "height": 1.053,
        "coords2D": "2D: (-1.324, 2.452)",
        "coords3D": "3D: (-1.324, 2.452, 1.053)",
        "easting": 397936.94699567975,
        "northing": 808223.8834448437,
        "longitude": 174.74104574337366,
        "latitude": -36.80560662990225,
        "group": "R0 - Red (229 points)",
        "canvasX": 790.9527214615327,
        "canvasY": 468.3962415704836
      }
    },
    {
      "type": "Feature",
      "geometry": {
        "type": "Point",
        "coordinates": [
          174.74103402067882,
          -36.805605326536046,
          1.402
        ]
      },
      "properties": {
        "id": "1_155",
        "camera": "R0 - Red (Point)",
        "frame": "0343",
        "image": "pano_camera0/frame_0343_hp_preview.jpg",
        "frameId": "0343",
        "height": 1.402,
        "coords2D": "2D: (-1.089, 2.450)",
        "coords3D": "3D: (-1.089, 2.450, 1.402)",
        "easting": 397935.9009583011,
        "northing": 808224.0278172006,
        "longitude": 174.74103402067882,
        "latitude": -36.805605326536046,
        "group": "R0 - Red (229 points)",
        "canvasX": 771.5225523907552,
        "canvasY": 465.71452162220476
      }
    },
    {
      "type": "Feature",
      "geometry": {
        "type": "Point",
        "coordinates": [
          174.74102752422868,
          -36.80559934547294,
          1.749
        ]
      },
      "properties": {
        "id": "1_156",
        "camera": "R0 - Red (Point)",
        "frame": "0344",
        "image": "pano_camera0/frame_0344_hp_preview.jpg",
        "frameId": "0344",
        "height": 1.749,
        "coords2D": "2D: (-1.132, 2.448)",
        "coords3D": "3D: (-1.132, 2.448, 1.749)",
        "easting": 397935.32112703816,
        "northing": 808224.6913531249,
        "longitude": 174.74102752422868,
        "latitude": -36.80559934547294,
        "group": "R0 - Red (229 points)",
        "canvasX": 760.7521729565293,
        "canvasY": 453.3893261230329
      }
    },
    {
      "type": "Feature",
      "geometry": {
        "type": "Point",
        "coordinates": [
          174.74103398523528,
          -36.80559632519496,
          1.667
        ]
      },
      "properties": {
        "id": "1_157",
        "camera": "R0 - Red (Point)",
        "frame": "0345",
        "image": "pano_camera0/frame_0345_hp_preview.jpg",
        "frameId": "0345",
        "height": 1.667,
        "coords2D": "2D: (-1.385, 2.449)",
        "coords3D": "3D: (-1.385, 2.449, 1.667)",
        "easting": 397935.8975541169,
        "northing": 808225.0266314152,
        "longitude": 174.74103398523528,
        "latitude": -36.80559632519496,
        "group": "R0 - Red (229 points)",
        "canvasX": 771.4593195892081,
        "canvasY": 447.16152394358664
      }
    },
    {
      "type": "Feature",
      "geometry": {
        "type": "Point",
        "coordinates": [
          174.7410415593286,
          -36.80559576738177,
          1.483
        ]
      },
      "properties": {
        "id": "1_158",
        "camera": "R0 - Red (Point)",
        "frame": "0346",
        "image": "pano_camera0/frame_0346_hp_preview.jpg",
        "frameId": "0346",
        "height": 1.483,
        "coords2D": "2D: (-1.582, 2.447)",
        "coords3D": "3D: (-1.582, 2.447, 1.483)",
        "easting": 397936.5733667619,
        "northing": 808225.0886914353,
        "longitude": 174.7410415593286,
        "latitude": -36.80559576738177,
        "group": "R0 - Red (229 points)",
        "canvasX": 784.0125554672602,
        "canvasY": 446.00875760126667
      }
    },
    {
      "type": "Feature",
      "geometry": {
        "type": "Point",
        "coordinates": [
          174.74104782258007,
          -36.80559716479249,
          1.276
        ]
      },
      "properties": {
        "id": "1_159",
        "camera": "R0 - Red (Point)",
        "frame": "0347",
        "image": "pano_camera0/frame_0347_hp_preview.jpg",
        "frameId": "0347",
        "height": 1.276,
        "coords2D": "2D: (-1.685, 2.451)",
        "coords3D": "3D: (-1.685, 2.451, 1.276)",
        "easting": 397937.1322669515,
        "northing": 808224.933765794,
        "longitude": 174.74104782258007,
        "latitude": -36.80559716479249,
        "group": "R0 - Red (229 points)",
        "canvasX": 794.3941397195814,
        "canvasY": 448.8865050557797
      }
    },
    {
      "type": "Feature",
      "geometry": {
        "type": "Point",
        "coordinates": [
          174.74105500704928,
          -36.80559850953989,
          1.047
        ]
      },
      "properties": {
        "id": "1_160",
        "camera": "R0 - Red (Point)",
        "frame": "0348",
        "image": "pano_camera0/frame_0348_hp_preview.jpg",
        "frameId": "0348",
        "height": 1.047,
        "coords2D": "2D: (-1.810, 2.457)",
        "coords3D": "3D: (-1.810, 2.457, 1.047)",
        "easting": 397937.773364905,
        "northing": 808224.7847036576,
        "longitude": 174.74105500704928,
        "latitude": -36.80559850953989,
        "group": "R0 - Red (229 points)",
        "canvasX": 806.302549380737,
        "canvasY": 451.65533776869256
      }
    },
    {
      "type": "Feature",
      "geometry": {
        "type": "Point",
        "coordinates": [
          174.74107203678966,
          -36.8056016777363,
          0.503
        ]
      },
      "properties": {
        "id": "1_161",
        "camera": "R0 - Red (Point)",
        "frame": "0349",
        "image": "pano_camera0/frame_0349_hp_preview.jpg",
        "frameId": "0349",
        "height": 0.503,
        "coords2D": "2D: (-2.109, 2.459)",
        "coords3D": "3D: (-2.109, 2.459, 0.503)",
        "easting": 397939.29299384257,
        "northing": 808224.433518453,
        "longitude": 174.74107203678966,
        "latitude": -36.8056016777363,
        "group": "R0 - Red (229 points)",
        "canvasX": 834.5296928687934,
        "canvasY": 458.1786112571089
      }
    },
    {
      "type": "Feature",
      "geometry": {
        "type": "Point",
        "coordinates": [
          174.74108011378442,
          -36.805601481416744,
          0.294
        ]
      },
      "properties": {
        "id": "1_162",
        "camera": "R0 - Red (Point)",
        "frame": "0350",
        "image": "pano_camera0/frame_0350_hp_preview.jpg",
        "frameId": "0350",
        "height": 0.294,
        "coords2D": "2D: (-2.307, 2.450)",
        "coords3D": "3D: (-2.307, 2.450, 0.294)",
        "easting": 397940.0136894578,
        "northing": 808224.4554766491,
        "longitude": 174.74108011378442,
        "latitude": -36.805601481416744,
        "group": "R0 - Red (229 points)",
        "canvasX": 847.9166309817524,
        "canvasY": 457.7707372449356
      }
    },
    {
      "type": "Feature",
      "geometry": {
        "type": "Point",
        "coordinates": [
          174.74108611943973,
          -36.80560109475485,
          0.147
        ]
      },
      "properties": {
        "id": "1_163",
        "camera": "R0 - Red (Point)",
        "frame": "0351",
        "image": "pano_camera0/frame_0351_hp_preview.jpg",
        "frameId": "0351",
        "height": 0.147,
        "coords2D": "2D: (-2.462, 2.448)",
        "coords3D": "3D: (-2.462, 2.448, 0.147)",
        "easting": 397940.54955676454,
        "northing": 808224.4985111228,
        "longitude": 174.74108611943973,
        "latitude": -36.80560109475485,
        "group": "R0 - Red (229 points)",
        "canvasX": 857.870378889452,
        "canvasY": 456.97137087713895
      }
    },
    {
      "type": "Feature",
      "geometry": {
        "type": "Point",
        "coordinates": [
          174.74109866028058,
          -36.80559667942821,
          -0.055
        ]
      },
      "properties": {
        "id": "1_164",
        "camera": "R0 - Red (Point)",
        "frame": "0352",
        "image": "pano_camera0/frame_0352_hp_preview.jpg",
        "frameId": "0352",
        "height": -0.055,
        "coords2D": "2D: (-2.904, 2.452)",
        "coords3D": "3D: (-2.904, 2.452, -0.055)",
        "easting": 397941.66844328225,
        "northing": 808224.9887185874,
        "longitude": 174.74109866028058,
        "latitude": -36.80559667942821,
        "group": "R0 - Red (229 points)",
        "canvasX": 878.653722442158,
        "canvasY": 447.86575561675176
      }
    },
    {
      "type": "Feature",
      "geometry": {
        "type": "Point",
        "coordinates": [
          174.7411034752234,
          -36.805593393812565,
          -0.086
        ]
      },
      "properties": {
        "id": "1_165",
        "camera": "R0 - Red (Point)",
        "frame": "0353",
        "image": "pano_camera0/frame_0353_hp_preview.jpg",
        "frameId": "0353",
        "height": -0.086,
        "coords2D": "2D: (-3.126, 2.465)",
        "coords3D": "3D: (-3.126, 2.465, -0.086)",
        "easting": 397942.0979871527,
        "northing": 808225.3534036714,
        "longitude": 174.7411034752234,
        "latitude": -36.805593393812565,
        "group": "R0 - Red (229 points)",
        "canvasX": 886.6325100031945,
        "canvasY": 441.09172154864666
      }
    },
    {
      "type": "Feature",
      "geometry": {
        "type": "Point",
        "coordinates": [
          174.741113844141,
          -36.80558989598569,
          -0.257
        ]
      },
      "properties": {
        "id": "1_166",
        "camera": "R0 - Red (Point)",
        "frame": "0354",
        "image": "pano_camera0/frame_0354_hp_preview.jpg",
        "frameId": "0354",
        "height": -0.257,
        "coords2D": "2D: (-3.486, 2.472)",
        "coords3D": "3D: (-3.486, 2.472, -0.257)",
        "easting": 397943.02310018585,
        "northing": 808225.7417557809,
        "longitude": 174.741113844141,
        "latitude": -36.80558989598569,
        "group": "R0 - Red (229 points)",
        "canvasX": 903.8165064924672,
        "canvasY": 433.8780719240346
      }
    },
    {
      "type": "Feature",
      "geometry": {
        "type": "Point",
        "coordinates": [
          174.7411197316704,
          -36.80559060455465,
          -0.434
        ]
      },
      "properties": {
        "id": "1_167",
        "camera": "R0 - Red (Point)",
        "frame": "0355",
        "image": "pano_camera0/frame_0355_hp_preview.jpg",
        "frameId": "0355",
        "height": -0.434,
        "coords2D": "2D: (-3.602, 2.488)",
        "coords3D": "3D: (-3.602, 2.488, -0.434)",
        "easting": 397943.5484566314,
        "northing": 808225.6632575225,
        "longitude": 174.7411197316704,
        "latitude": -36.80559060455465,
        "group": "R0 - Red (229 points)",
        "canvasX": 913.5750149058914,
        "canvasY": 435.33617893146857
      }
    },
    {
      "type": "Feature",
      "geometry": {
        "type": "Point",
        "coordinates": [
          174.74112708093693,
          -36.805598222266866,
          -0.853
        ]
      },
      "properties": {
        "id": "1_168",
        "camera": "R0 - Red (Point)",
        "frame": "0356",
        "image": "pano_camera0/frame_0356_hp_preview.jpg",
        "frameId": "0356",
        "height": -0.853,
        "coords2D": "2D: (-3.525, 2.508)",
        "coords3D": "3D: (-3.525, 2.508, -0.853)",
        "easting": 397944.20442689135,
        "northing": 808224.818132032,
        "longitude": 174.74112708093693,
        "latitude": -36.805598222266866,
        "group": "R0 - Red (229 points)",
        "canvasX": 925.7596780112639,
        "canvasY": 451.0344049222796
      }
    },
    {
      "type": "Feature",
      "geometry": {
        "type": "Point",
        "coordinates": [
          174.74113185190157,
          -36.805603834364746,
          -1.144
        ]
      },
      "properties": {
        "id": "1_169",
        "camera": "R0 - Red (Point)",
        "frame": "0357",
        "image": "pano_camera0/frame_0357_hp_preview.jpg",
        "frameId": "0357",
        "height": -1.144,
        "coords2D": "2D: (-3.453, 2.502)",
        "coords3D": "3D: (-3.453, 2.502, -1.144)",
        "easting": 397944.6302845399,
        "northing": 808224.1954998792,
        "longitude": 174.74113185190157,
        "latitude": -36.805603834364746,
        "group": "R0 - Red (229 points)",
        "canvasX": 933.6699939141967,
        "canvasY": 462.59981190023797
      }
    },
    {
      "type": "Feature",
      "geometry": {
        "type": "Point",
        "coordinates": [
          174.7411327881363,
          -36.80560583130928,
          -1.228
        ]
      },
      "properties": {
        "id": "1_170",
        "camera": "R0 - Red (Point)",
        "frame": "0358",
        "image": "pano_camera0/frame_0358_hp_preview.jpg",
        "frameId": "0358",
        "height": -1.228,
        "coords2D": "2D: (-3.410, 2.486)",
        "coords3D": "3D: (-3.410, 2.486, -1.228)",
        "easting": 397944.7138770471,
        "northing": 808223.9739332275,
        "longitude": 174.7411327881363,
        "latitude": -36.80560583130928,
        "group": "R0 - Red (229 points)",
        "canvasX": 935.2227267142446,
        "canvasY": 466.71541770031837
      }
    },
    {
      "type": "Feature",
      "geometry": {
        "type": "Point",
        "coordinates": [
          174.7411326915812,
          -36.8056067178617,
          -1.251
        ]
      },
      "properties": {
        "id": "1_171",
        "camera": "R0 - Red (Point)",
        "frame": "0359",
        "image": "pano_camera0/frame_0359_hp_preview.jpg",
        "frameId": "0359",
        "height": -1.251,
        "coords2D": "2D: (-3.378, 2.478)",
        "coords3D": "3D: (-3.378, 2.478, -1.251)",
        "easting": 397944.70528524334,
        "northing": 808223.8755567186,
        "longitude": 174.7411326915812,
        "latitude": -36.8056067178617,
        "group": "R0 - Red (229 points)",
        "canvasX": 935.063133755443,
        "canvasY": 468.54276368220053
      }
    },
    {
      "type": "Feature",
      "geometry": {
        "type": "Point",
        "coordinates": [
          174.74113369655575,
          -36.805605993631005,
          -1.257
        ]
      },
      "properties": {
        "id": "1_172",
        "camera": "R0 - Red (Point)",
        "frame": "0360",
        "image": "pano_camera0/frame_0360_hp_preview.jpg",
        "frameId": "0360",
        "height": -1.257,
        "coords2D": "2D: (-3.426, 2.493)",
        "coords3D": "3D: (-3.426, 2.493, -1.257)",
        "easting": 397944.7949385961,
        "northing": 808223.9559410587,
        "longitude": 174.74113369655575,
        "latitude": -36.805605993631005,
        "group": "R0 - Red (229 points)",
        "canvasX": 936.7284469056558,
        "canvasY": 467.04962266015065
      }
    },
    {
      "type": "Feature",
      "geometry": {
        "type": "Point",
        "coordinates": [
          174.74113378980863,
          -36.80560605643318,
          -1.261
        ]
      },
      "properties": {
        "id": "1_173",
        "camera": "R0 - Red (Point)",
        "frame": "0361",
        "image": "pano_camera0/frame_0361_hp_preview.jpg",
        "frameId": "0361",
        "height": -1.261,
        "coords2D": "2D: (-3.426, 2.492)",
        "coords3D": "3D: (-3.426, 2.492, -1.261)",
        "easting": 397944.80326111877,
        "northing": 808223.9489743519,
        "longitude": 174.74113378980863,
        "latitude": -36.80560605643318,
        "group": "R0 - Red (229 points)",
        "canvasX": 936.883037961541,
        "canvasY": 467.17902940433464
      }
    },
    {
      "type": "Feature",
      "geometry": {
        "type": "Point",
        "coordinates": [
          174.7411414518957,
          -36.80560819709476,
          -1.527
        ]
      },
      "properties": {
        "id": "1_174",
        "camera": "R0 - Red (Point)",
        "frame": "0362",
        "image": "pano_camera0/frame_0362_hp_preview.jpg",
        "frameId": "0362",
        "height": -1.527,
        "coords2D": "2D: (-3.537, 2.507)",
        "coords3D": "3D: (-3.537, 2.507, -1.527)",
        "easting": 397945.4869974102,
        "northing": 808223.7116049466,
        "longitude": 174.7411414518957,
        "latitude": -36.80560819709476,
        "group": "R0 - Red (229 points)",
        "canvasX": 949.5834557594128,
        "canvasY": 471.58817172563715
      }
    },
    {
      "type": "Feature",
      "geometry": {
        "type": "Point",
        "coordinates": [
          174.7411451577833,
          -36.80560681294488,
          -1.584
        ]
      },
      "properties": {
        "id": "1_175",
        "camera": "R0 - Red (Point)",
        "frame": "0363",
        "image": "pano_camera0/frame_0363_hp_preview.jpg",
        "frameId": "0363",
        "height": -1.584,
        "coords2D": "2D: (-3.670, 2.512)",
        "coords3D": "3D: (-3.670, 2.512, -1.584)",
        "easting": 397945.81763246434,
        "northing": 808223.8652738481,
        "longitude": 174.7411451577833,
        "latitude": -36.80560681294488,
        "group": "R0 - Red (229 points)",
        "canvasX": 955.7250097171568,
        "canvasY": 468.7337682443262
      }
    },
    {
      "type": "Feature",
      "geometry": {
        "type": "Point",
        "coordinates": [
          174.74115037999982,
          -36.80560263571211,
          -1.6
        ]
      },
      "properties": {
        "id": "1_176",
        "camera": "R0 - Red (Point)",
        "frame": "0364",
        "image": "pano_camera0/frame_0364_hp_preview.jpg",
        "frameId": "0364",
        "height": -1.6,
        "coords2D": "2D: (-3.931, 2.540)",
        "coords3D": "3D: (-3.931, 2.540, -1.600)",
        "easting": 397946.2834932012,
        "northing": 808224.328903898,
        "longitude": 174.74115037999982,
        "latitude": -36.80560263571211,
        "group": "R0 - Red (229 points)",
        "canvasX": 964.3783839314863,
        "canvasY": 460.12182909238277
      }
    },
    {
      "type": "Feature",
      "geometry": {
        "type": "Point",
        "coordinates": [
          174.74115074684516,
          -36.805600446064396,
          -1.545
        ]
      },
      "properties": {
        "id": "1_177",
        "camera": "R0 - Red (Point)",
        "frame": "0365",
        "image": "pano_camera0/frame_0365_hp_preview.jpg",
        "frameId": "0365",
        "height": -1.545,
        "coords2D": "2D: (-4.012, 2.540)",
        "coords3D": "3D: (-4.012, 2.540, -1.545)",
        "easting": 397946.3161679141,
        "northing": 808224.5718814537,
        "longitude": 174.74115074684516,
        "latitude": -36.805600446064396,
        "group": "R0 - Red (229 points)",
        "canvasX": 964.9853174964087,
        "canvasY": 455.60851524358264
      }
    },
    {
      "type": "Feature",
      "geometry": {
        "type": "Point",
        "coordinates": [
          174.74114321702814,
          -36.80559370528902,
          -1.147
        ]
      },
      "properties": {
        "id": "1_178",
        "camera": "R0 - Red (Point)",
        "frame": "0366",
        "image": "pano_camera0/frame_0366_hp_preview.jpg",
        "frameId": "0366",
        "height": -1.147,
        "coords2D": "2D: (-4.056, 2.520)",
        "coords3D": "3D: (-4.056, 2.520, -1.147)",
        "easting": 397945.64411099366,
        "northing": 808225.3196957677,
        "longitude": 174.74114321702814,
        "latitude": -36.80559370528902,
        "group": "R0 - Red (229 points)",
        "canvasX": 952.5018442915946,
        "canvasY": 441.71784665835287
      }
    },
    {
      "type": "Feature",
      "geometry": {
        "type": "Point",
        "coordinates": [
          174.74114152360534,
          -36.805593198645774,
          -1.087
        ]
      },
      "properties": {
        "id": "1_179",
        "camera": "R0 - Red (Point)",
        "frame": "0367",
        "image": "pano_camera0/frame_0367_hp_preview.jpg",
        "frameId": "0367",
        "height": -1.087,
        "coords2D": "2D: (-4.032, 2.515)",
        "coords3D": "3D: (-4.032, 2.515, -1.087)",
        "easting": 397945.49299529206,
        "northing": 808225.3758779974,
        "longitude": 174.74114152360534,
        "latitude": -36.805593198645774,
        "group": "R0 - Red (229 points)",
        "canvasX": 949.694866557643,
        "canvasY": 440.67426041318686
      }
    },
    {
      "type": "Feature",
      "geometry": {
        "type": "Point",
        "coordinates": [
          174.7411325312342,
          -36.80559101963654,
          -0.785
        ]
      },
      "properties": {
        "id": "1_180",
        "camera": "R0 - Red (Point)",
        "frame": "0368",
        "image": "pano_camera0/frame_0368_hp_preview.jpg",
        "frameId": "0368",
        "height": -0.785,
        "coords2D": "2D: (-3.891, 2.495)",
        "coords3D": "3D: (-3.891, 2.495, -0.785)",
        "easting": 397944.69055812253,
        "northing": 808225.6174739812,
        "longitude": 174.7411325312342,
        "latitude": -36.80559101963654,
        "group": "R0 - Red (229 points)",
        "canvasX": 934.7895771379542,
        "canvasY": 436.1866092942479
      }
    },
    {
      "type": "Feature",
      "geometry": {
        "type": "Point",
        "coordinates": [
          174.7411138586494,
          -36.80558675513595,
          -0.165
        ]
      },
      "properties": {
        "id": "1_181",
        "camera": "R0 - Red (Point)",
        "frame": "0369",
        "image": "pano_camera0/frame_0369_hp_preview.jpg",
        "frameId": "0369",
        "height": -0.165,
        "coords2D": "2D: (-3.590, 2.478)",
        "coords3D": "3D: (-3.590, 2.478, -0.165)",
        "easting": 397943.02431074134,
        "northing": 808226.0902739117,
        "longitude": 174.7411138586494,
        "latitude": -36.80558675513595,
        "group": "R0 - Red (229 points)",
        "canvasX": 903.8389925894776,
        "canvasY": 427.4043393936128
      }
    },
    {
      "type": "Feature",
      "geometry": {
        "type": "Point",
        "coordinates": [
          174.7411097900253,
          -36.80558353020024,
          0.037
        ]
      },
      "properties": {
        "id": "1_182",
        "camera": "R0 - Red (Point)",
        "frame": "0370",
        "image": "pano_camera0/frame_0370_hp_preview.jpg",
        "frameId": "0370",
        "height": 0.037,
        "coords2D": "2D: (-3.600, 2.443)",
        "coords3D": "3D: (-3.600, 2.443, 0.037)",
        "easting": 397942.6611857866,
        "northing": 808226.4480346374,
        "longitude": 174.7411097900253,
        "latitude": -36.80558353020024,
        "group": "R0 - Red (229 points)",
        "canvasX": 897.093937959541,
        "canvasY": 420.7589254456958
      }
    },
    {
      "type": "Feature",
      "geometry": {
        "type": "Point",
        "coordinates": [
          174.74110941152043,
          -36.80557905359799,
          0.179
        ]
      },
      "properties": {
        "id": "1_183",
        "camera": "R0 - Red (Point)",
        "frame": "0371",
        "image": "pano_camera0/frame_0371_hp_preview.jpg",
        "frameId": "0371",
        "height": 0.179,
        "coords2D": "2D: (-3.738, 2.469)",
        "coords3D": "3D: (-3.738, 2.469, 0.179)",
        "easting": 397942.6272924688,
        "northing": 808226.9447632959,
        "longitude": 174.74110941152043,
        "latitude": -36.80557905359799,
        "group": "R0 - Red (229 points)",
        "canvasX": 896.464368779486,
        "canvasY": 411.5321788550754
      }
    },
    {
      "type": "Feature",
      "geometry": {
        "type": "Point",
        "coordinates": [
          174.74111680145873,
          -36.80557441690654,
          0.12
        ]
      },
      "properties": {
        "id": "1_184",
        "camera": "R0 - Red (Point)",
        "frame": "0372",
        "image": "pano_camera0/frame_0372_hp_preview.jpg",
        "frameId": "0372",
        "height": 0.12,
        "coords2D": "2D: (-4.066, 2.464)",
        "coords3D": "3D: (-4.066, 2.464, 0.120)",
        "easting": 397943.28656428517,
        "northing": 808227.45942301,
        "longitude": 174.74111680145873,
        "latitude": -36.80557441690654,
        "group": "R0 - Red (229 points)",
        "canvasX": 908.7103583744877,
        "canvasY": 401.97236248188545
      }
    },
    {
      "type": "Feature",
      "geometry": {
        "type": "Point",
        "coordinates": [
          174.74112684753487,
          -36.80557393981151,
          -0.132
        ]
      },
      "properties": {
        "id": "1_185",
        "camera": "R0 - Red (Point)",
        "frame": "0373",
        "image": "pano_camera0/frame_0373_hp_preview.jpg",
        "frameId": "0373",
        "height": -0.132,
        "coords2D": "2D: (-4.319, 2.480)",
        "coords3D": "3D: (-4.319, 2.480, -0.132)",
        "easting": 397944.1829515693,
        "northing": 808227.5125788603,
        "longitude": 174.74112684753487,
        "latitude": -36.80557393981151,
        "group": "R0 - Red (229 points)",
        "canvasX": 925.3607733966586,
        "canvasY": 400.9849913057501
      }
    },
    {
      "type": "Feature",
      "geometry": {
        "type": "Point",
        "coordinates": [
          174.7411458749849,
          -36.805569064781686,
          -0.492
        ]
      },
      "properties": {
        "id": "1_186",
        "camera": "R0 - Red (Point)",
        "frame": "0374",
        "image": "pano_camera0/frame_0374_hp_preview.jpg",
        "frameId": "0374",
        "height": -0.492,
        "coords2D": "2D: (-4.930, 2.483)",
        "coords3D": "3D: (-4.930, 2.483, -0.492)",
        "easting": 397945.88061926776,
        "northing": 808228.0539351907,
        "longitude": 174.7411458749849,
        "latitude": -36.805569064781686,
        "group": "R0 - Red (229 points)",
        "canvasX": 956.8949910811191,
        "canvasY": 390.92928465335325
      }
    },
    {
      "type": "Feature",
      "geometry": {
        "type": "Point",
        "coordinates": [
          174.74114970695595,
          -36.805565982015544,
          -0.503
        ]
      },
      "properties": {
        "id": "1_187",
        "camera": "R0 - Red (Point)",
        "frame": "0375",
        "image": "pano_camera0/frame_0375_hp_preview.jpg",
        "frameId": "0375",
        "height": -0.503,
        "coords2D": "2D: (-5.122, 2.491)",
        "coords3D": "3D: (-5.122, 2.491, -0.503)",
        "easting": 397946.22245941794,
        "northing": 808228.396090182,
        "longitude": 174.74114970695595,
        "latitude": -36.805565982015544,
        "group": "R0 - Red (229 points)",
        "canvasX": 963.2446799630387,
        "canvasY": 384.573747590852
      }
    },
    {
      "type": "Feature",
      "geometry": {
        "type": "Point",
        "coordinates": [
          174.7411523105377,
          -36.80556109413916,
          -0.428
        ]
      },
      "properties": {
        "id": "1_188",
        "camera": "R0 - Red (Point)",
        "frame": "0376",
        "image": "pano_camera0/frame_0376_hp_preview.jpg",
        "frameId": "0376",
        "height": -0.428,
        "coords2D": "2D: (-5.345, 2.498)",
        "coords3D": "3D: (-5.345, 2.498, -0.428)",
        "easting": 397946.45464358514,
        "northing": 808228.9385190645,
        "longitude": 174.7411523105377,
        "latitude": -36.80556109413916,
        "group": "R0 - Red (229 points)",
        "canvasX": 967.5575063653318,
        "canvasY": 374.4981182594562
      }
    },
    {
      "type": "Feature",
      "geometry": {
        "type": "Point",
        "coordinates": [
          174.74115364183479,
          -36.80555672142559,
          -0.335
        ]
      },
      "properties": {
        "id": "1_189",
        "camera": "R0 - Red (Point)",
        "frame": "0377",
        "image": "pano_camera0/frame_0377_hp_preview.jpg",
        "frameId": "0377",
        "height": -0.335,
        "coords2D": "2D: (-5.520, 2.500)",
        "coords3D": "3D: (-5.520, 2.500, -0.335)",
        "easting": 397946.57331698755,
        "northing": 808229.4237566598,
        "longitude": 174.74115364183479,
        "latitude": -36.80555672142559,
        "group": "R0 - Red (229 points)",
        "canvasX": 969.7618676232516,
        "canvasY": 365.4848184367175
      }
    },
    {
      "type": "Feature",
      "geometry": {
        "type": "Point",
        "coordinates": [
          174.7411548824991,
          -36.805542355981856,
          0.055
        ]
      },
      "properties": {
        "id": "1_190",
        "camera": "R0 - Red (Point)",
        "frame": "0378",
        "image": "pano_camera0/frame_0378_hp_preview.jpg",
        "frameId": "0378",
        "height": 0.055,
        "coords2D": "2D: (-6.022, 2.513)",
        "coords3D": "3D: (-6.022, 2.513, 0.055)",
        "easting": 397946.68363653676,
        "northing": 808231.0178146885,
        "longitude": 174.7411548824991,
        "latitude": -36.805542355981856,
        "group": "R0 - Red (229 points)",
        "canvasX": 971.8110558622029,
        "canvasY": 335.87515282206823
      }
    },
    {
      "type": "Feature",
      "geometry": {
        "type": "Point",
        "coordinates": [
          174.74115394608413,
          -36.80553816358829,
          0.203
        ]
      },
      "properties": {
        "id": "1_191",
        "camera": "R0 - Red (Point)",
        "frame": "0379",
        "image": "pano_camera0/frame_0379_hp_preview.jpg",
        "frameId": "0379",
        "height": 0.203,
        "coords2D": "2D: (-6.138, 2.498)",
        "coords3D": "3D: (-6.138, 2.498, 0.203)",
        "easting": 397946.5999693113,
        "northing": 808231.4829947582,
        "longitude": 174.74115394608413,
        "latitude": -36.80553816358829,
        "group": "R0 - Red (229 points)",
        "canvasX": 970.2569351688371,
        "canvasY": 327.2344220155651
      }
    },
    {
      "type": "Feature",
      "geometry": {
        "type": "Point",
        "coordinates": [
          174.74115136261491,
          -36.8055327745679,
          0.43
        ]
      },
      "properties": {
        "id": "1_192",
        "camera": "R0 - Red (Point)",
        "frame": "0380",
        "image": "pano_camera0/frame_0380_hp_preview.jpg",
        "frameId": "0380",
        "height": 0.43,
        "coords2D": "2D: (-6.254, 2.489)",
        "coords3D": "3D: (-6.254, 2.489, 0.430)",
        "easting": 397946.36930525047,
        "northing": 808232.0809206493,
        "longitude": 174.74115136261491,
        "latitude": -36.8055327745679,
        "group": "R0 - Red (229 points)",
        "canvasX": 965.9723447779895,
        "canvasY": 316.1279344325055
      }
    },
    {
      "type": "Feature",
      "geometry": {
        "type": "Point",
        "coordinates": [
          174.7411521360643,
          -36.80553147784209,
          0.448
        ]
      },
      "properties": {
        "id": "1_193",
        "camera": "R0 - Red (Point)",
        "frame": "0381",
        "image": "pano_camera0/frame_0381_hp_preview.jpg",
        "frameId": "0381",
        "height": 0.448,
        "coords2D": "2D: (-6.315, 2.368)",
        "coords3D": "3D: (-6.315, 2.368, 0.448)",
        "easting": 397946.4382846789,
        "northing": 808232.2248257227,
        "longitude": 174.7411521360643,
        "latitude": -36.80553147784209,
        "group": "R0 - Red (229 points)",
        "canvasX": 967.2536392941001,
        "canvasY": 313.45489428821577
      }
    },
    {
      "type": "Feature",
      "geometry": {
        "type": "Point",
        "coordinates": [
          174.7411494752629,
          -36.805528846118854,
          0.596
        ]
      },
      "properties": {
        "id": "1_194",
        "camera": "R0 - Red (Point)",
        "frame": "0382",
        "image": "pano_camera0/frame_0382_hp_preview.jpg",
        "frameId": "0382",
        "height": 0.596,
        "coords2D": "2D: (-6.339, 2.234)",
        "coords3D": "3D: (-6.339, 2.234, 0.596)",
        "easting": 397946.20079395606,
        "northing": 808232.5167922463,
        "longitude": 174.7411494752629,
        "latitude": -36.805528846118854,
        "group": "R0 - Red (229 points)",
        "canvasX": 962.842243495576,
        "canvasY": 308.0316092036234
      }
    },
    {
      "type": "Feature",
      "geometry": {
        "type": "Point",
        "coordinates": [
          174.74114292557462,
          -36.805525529703196,
          0.867
        ]
      },
      "properties": {
        "id": "1_195",
        "camera": "R0 - Red (Point)",
        "frame": "0383",
        "image": "pano_camera0/frame_0383_hp_preview.jpg",
        "frameId": "0383",
        "height": 0.867,
        "coords2D": "2D: (-6.293, 2.432)",
        "coords3D": "3D: (-6.293, 2.432, 0.867)",
        "easting": 397945.6162837223,
        "northing": 808232.8846506898,
        "longitude": 174.74114292557462,
        "latitude": -36.805525529703196,
        "group": "R0 - Red (229 points)",
        "canvasX": 951.9849520668141,
        "canvasY": 301.19862990605964
      }
    },
    {
      "type": "Feature",
      "geometry": {
        "type": "Point",
        "coordinates": [
          174.74114240887096,
          -36.80552604656534,
          0.865
        ]
      },
      "properties": {
        "id": "1_196",
        "camera": "R0 - Red (Point)",
        "frame": "0384",
        "image": "pano_camera0/frame_0384_hp_preview.jpg",
        "frameId": "0384",
        "height": 0.865,
        "coords2D": "2D: (-6.264, 2.446)",
        "coords3D": "3D: (-6.264, 2.446, 0.865)",
        "easting": 397945.5701926155,
        "northing": 808232.827287063,
        "longitude": 174.74114240887096,
        "latitude": -36.80552604656534,
        "group": "R0 - Red (229 points)",
        "canvasX": 951.1288086671233,
        "canvasY": 302.26416063258324
      }
    },
    {
      "type": "Feature",
      "geometry": {
        "type": "Point",
        "coordinates": [
          174.74113523918217,
          -36.80552579106932,
          1.063
        ]
      },
      "properties": {
        "id": "1_197",
        "camera": "R0 - Red (Point)",
        "frame": "0385",
        "image": "pano_camera0/frame_0385_hp_preview.jpg",
        "frameId": "0385",
        "height": 1.063,
        "coords2D": "2D: (-6.103, 2.452)",
        "coords3D": "3D: (-6.103, 2.452, 1.063)",
        "easting": 397944.9304421443,
        "northing": 808232.855483604,
        "longitude": 174.74113523918217,
        "latitude": -36.80552579106932,
        "group": "R0 - Red (229 points)",
        "canvasX": 939.2454285207696,
        "canvasY": 301.74040921516695
      }
    },
    {
      "type": "Feature",
      "geometry": {
        "type": "Point",
        "coordinates": [
          174.7411200016509,
          -36.8055245075666,
          1.504
        ]
      },
      "properties": {
        "id": "1_198",
        "camera": "R0 - Red (Point)",
        "frame": "0386",
        "image": "pano_camera0/frame_0386_hp_preview.jpg",
        "frameId": "0386",
        "height": 1.504,
        "coords2D": "2D: (-5.785, 2.451)",
        "coords3D": "3D: (-5.785, 2.451, 1.504)",
        "easting": 397943.5707792406,
        "northing": 808232.9975772578,
        "longitude": 174.7411200016509,
        "latitude": -36.8055245075666,
        "group": "R0 - Red (229 points)",
        "canvasX": 913.9896578992568,
        "canvasY": 299.10101623314733
      }
    },
    {
      "type": "Feature",
      "geometry": {
        "type": "Point",
        "coordinates": [
          174.74111305463904,
          -36.80552334196824,
          1.722
        ]
      },
      "properties": {
        "id": "1_199",
        "camera": "R0 - Red (Point)",
        "frame": "0387",
        "image": "pano_camera0/frame_0387_hp_preview.jpg",
        "frameId": "0387",
        "height": 1.722,
        "coords2D": "2D: (-5.659, 2.445)",
        "coords3D": "3D: (-5.659, 2.445, 1.722)",
        "easting": 397942.9508736295,
        "northing": 808233.1267660377,
        "longitude": 174.74111305463904,
        "latitude": -36.80552334196824,
        "group": "R0 - Red (229 points)",
        "canvasX": 902.4748964987814,
        "canvasY": 296.70133158925756
      }
    },
    {
      "type": "Feature",
      "geometry": {
        "type": "Point",
        "coordinates": [
          174.74109104863555,
          -36.805521342672996,
          2.363
        ]
      },
      "properties": {
        "id": "1_200",
        "camera": "R0 - Red (Point)",
        "frame": "0388",
        "image": "pano_camera0/frame_0388_hp_preview.jpg",
        "frameId": "0388",
        "height": 2.363,
        "coords2D": "2D: (-5.204, 2.431)",
        "coords3D": "3D: (-5.204, 2.431, 2.363)",
        "easting": 397940.9872479318,
        "northing": 808233.3481400931,
        "longitude": 174.74109104863555,
        "latitude": -36.805521342672996,
        "group": "R0 - Red (229 points)",
        "canvasX": 866.0005026815131,
        "canvasY": 292.5893032682426
      }
    },
    {
      "type": "Feature",
      "geometry": {
        "type": "Point",
        "coordinates": [
          174.74107685762263,
          -36.80552096793055,
          2.75
        ]
      },
      "properties": {
        "id": "1_201",
        "camera": "R0 - Red (Point)",
        "frame": "0389",
        "image": "pano_camera0/frame_0389_hp_preview.jpg",
        "frameId": "0389",
        "height": 2.75,
        "coords2D": "2D: (-4.880, 2.414)",
        "coords3D": "3D: (-4.880, 2.414, 2.750)",
        "easting": 397939.720988946,
        "northing": 808233.3894169847,
        "longitude": 174.74107685762263,
        "latitude": -36.80552096793055,
        "group": "R0 - Red (229 points)",
        "canvasX": 842.4797120462398,
        "canvasY": 291.82258402912345
      }
    },
    {
      "type": "Feature",
      "geometry": {
        "type": "Point",
        "coordinates": [
          174.74107112251204,
          -36.80552129103685,
          2.892
        ]
      },
      "properties": {
        "id": "1_202",
        "camera": "R0 - Red (Point)",
        "frame": "0390",
        "image": "pano_camera0/frame_0390_hp_preview.jpg",
        "frameId": "0390",
        "height": 2.892,
        "coords2D": "2D: (-4.734, 2.400)",
        "coords3D": "3D: (-4.734, 2.400, 2.892)",
        "easting": 397939.2092598028,
        "northing": 808233.3534406034,
        "longitude": 174.74107112251204,
        "latitude": -36.80552129103685,
        "group": "R0 - Red (229 points)",
        "canvasX": 832.9743310982227,
        "canvasY": 292.4908461656193
      }
    },
    {
      "type": "Feature",
      "geometry": {
        "type": "Point",
        "coordinates": [
          174.7410593515654,
          -36.80552543493838,
          3.082
        ]
      },
      "properties": {
        "id": "1_203",
        "camera": "R0 - Red (Point)",
        "frame": "0391",
        "image": "pano_camera0/frame_0391_hp_preview.jpg",
        "frameId": "0391",
        "height": 3.082,
        "coords2D": "2D: (-4.319, 2.402)",
        "coords3D": "3D: (-4.319, 2.402, 3.082)",
        "easting": 397938.1590618899,
        "northing": 808232.893367539,
        "longitude": 174.7410593515654,
        "latitude": -36.80552543493838,
        "group": "R0 - Red (229 points)",
        "canvasX": 813.4668800064778,
        "canvasY": 301.0367142258682
      }
    },
    {
      "type": "Feature",
      "geometry": {
        "type": "Point",
        "coordinates": [
          174.74105870917023,
          -36.80552753649366,
          3.037
        ]
      },
      "properties": {
        "id": "1_204",
        "camera": "R0 - Red (Point)",
        "frame": "0392",
        "image": "pano_camera0/frame_0392_hp_preview.jpg",
        "frameId": "0392",
        "height": 3.037,
        "coords2D": "2D: (-4.234, 2.401)",
        "coords3D": "3D: (-4.234, 2.401, 3.037)",
        "easting": 397938.1017980008,
        "northing": 808232.6601590082,
        "longitude": 174.74105870917023,
        "latitude": -36.80552753649366,
        "group": "R0 - Red (229 points)",
        "canvasX": 812.4032019109613,
        "canvasY": 305.3685682064541
      }
    },
    {
      "type": "Feature",
      "geometry": {
        "type": "Point",
        "coordinates": [
          174.74106344492486,
          -36.80552969283738,
          2.848
        ]
      },
      "properties": {
        "id": "1_205",
        "camera": "R0 - Red (Point)",
        "frame": "0393",
        "image": "pano_camera0/frame_0393_hp_preview.jpg",
        "frameId": "0393",
        "height": 2.848,
        "coords2D": "2D: (-4.275, 2.406)",
        "coords3D": "3D: (-4.275, 2.406, 2.848)",
        "easting": 397938.524422104,
        "northing": 808232.4209869319,
        "longitude": 174.74106344492486,
        "latitude": -36.80552969283738,
        "group": "R0 - Red (229 points)",
        "canvasX": 820.2534546314671,
        "canvasY": 309.8111951854151
      }
    },
    {
      "type": "Feature",
      "geometry": {
        "type": "Point",
        "coordinates": [
          174.74106966648512,
          -36.80552893686919,
          2.706
        ]
      },
      "properties": {
        "id": "1_206",
        "camera": "R0 - Red (Point)",
        "frame": "0394",
        "image": "pano_camera0/frame_0394_hp_preview.jpg",
        "frameId": "0394",
        "height": 2.706,
        "coords2D": "2D: (-4.448, 2.400)",
        "coords3D": "3D: (-4.448, 2.400, 2.706)",
        "easting": 397939.0795449705,
        "northing": 808232.5050054509,
        "longitude": 174.74106966648512,
        "latitude": -36.80552893686919,
        "group": "R0 - Red (229 points)",
        "canvasX": 830.5648750173448,
        "canvasY": 308.250549205154
      }
    },
    {
      "type": "Feature",
      "geometry": {
        "type": "Point",
        "coordinates": [
          174.7410800155895,
          -36.805527387484375,
          2.478
        ]
      },
      "properties": {
        "id": "1_207",
        "camera": "R0 - Red (Point)",
        "frame": "0395",
        "image": "pano_camera0/frame_0395_hp_preview.jpg",
        "frameId": "0395",
        "height": 2.478,
        "coords2D": "2D: (-4.744, 2.399)",
        "coords3D": "3D: (-4.744, 2.399, 2.478)",
        "easting": 397940.00294291944,
        "northing": 808232.6771526627,
        "longitude": 174.7410800155895,
        "latitude": -36.805527387484375,
        "group": "R0 - Red (229 points)",
        "canvasX": 847.7170137778614,
        "canvasY": 305.0529106718013
      }
    },
    {
      "type": "Feature",
      "geometry": {
        "type": "Point",
        "coordinates": [
          174.74109080088638,
          -36.80552871073632,
          2.153
        ]
      },
      "properties": {
        "id": "1_208",
        "camera": "R0 - Red (Point)",
        "frame": "0396",
        "image": "pano_camera0/frame_0396_hp_preview.jpg",
        "frameId": "0396",
        "height": 2.153,
        "coords2D": "2D: (-4.955, 2.407)",
        "coords3D": "3D: (-4.955, 2.407, 2.153)",
        "easting": 397940.96533881,
        "northing": 808232.5305530397,
        "longitude": 174.74109080088638,
        "latitude": -36.80552871073632,
        "group": "R0 - Red (229 points)",
        "canvasX": 865.5935402264423,
        "canvasY": 307.77600213798263
      }
    },
    {
      "type": "Feature",
      "geometry": {
        "type": "Point",
        "coordinates": [
          174.74109602104267,
          -36.80553841880471,
          1.729
        ]
      },
      "properties": {
        "id": "1_209",
        "camera": "R0 - Red (Point)",
        "frame": "0397",
        "image": "pano_camera0/frame_0397_hp_preview.jpg",
        "frameId": "0397",
        "height": 1.729,
        "coords2D": "2D: (-4.759, 2.440)",
        "coords3D": "3D: (-4.759, 2.440, 1.729)",
        "easting": 397941.431387608,
        "northing": 808231.4534299328,
        "longitude": 174.74109602104267,
        "latitude": -36.80553841880471,
        "group": "R0 - Red (229 points)",
        "canvasX": 874.2504076811522,
        "canvasY": 327.78358934562925
      }
    },
    {
      "type": "Feature",
      "geometry": {
        "type": "Point",
        "coordinates": [
          174.74109562561296,
          -36.80554227140835,
          1.626
        ]
      },
      "properties": {
        "id": "1_210",
        "camera": "R0 - Red (Point)",
        "frame": "0398",
        "image": "pano_camera0/frame_0398_hp_preview.jpg",
        "frameId": "0398",
        "height": 1.626,
        "coords2D": "2D: (-4.623, 2.441)",
        "coords3D": "3D: (-4.623, 2.441, 1.626)",
        "easting": 397941.3962069751,
        "northing": 808231.0259253233,
        "longitude": 174.74109562561296,
        "latitude": -36.80554227140835,
        "group": "R0 - Red (229 points)",
        "canvasX": 873.596926592273,
        "canvasY": 335.72449758817163
      }
    },
    {
      "type": "Feature",
      "geometry": {
        "type": "Point",
        "coordinates": [
          174.74108708306895,
          -36.80555065633673,
          1.606
        ]
      },
      "properties": {
        "id": "1_211",
        "camera": "R0 - Red (Point)",
        "frame": "0399",
        "image": "pano_camera0/frame_0399_hp_preview.jpg",
        "frameId": "0399",
        "height": 1.606,
        "coords2D": "2D: (-4.145, 2.449)",
        "coords3D": "3D: (-4.145, 2.449, 1.606)",
        "easting": 397940.6341896261,
        "northing": 808230.0953253825,
        "longitude": 174.74108708306895,
        "latitude": -36.80555065633673,
        "group": "R0 - Red (229 points)",
        "canvasX": 859.4424362960096,
        "canvasY": 353.01041351568284
      }
    },
    {
      "type": "Feature",
      "geometry": {
        "type": "Point",
        "coordinates": [
          174.74107258968866,
          -36.80555172237248,
          1.958
        ]
      },
      "properties": {
        "id": "1_212",
        "camera": "R0 - Red (Point)",
        "frame": "0400",
        "image": "pano_camera0/frame_0400_hp_preview.jpg",
        "frameId": "0400",
        "height": 1.958,
        "coords2D": "2D: (-3.767, 2.427)",
        "coords3D": "3D: (-3.767, 2.427, 1.958)",
        "easting": 397939.34098981845,
        "northing": 808229.9767227692,
        "longitude": 174.74107258968866,
        "latitude": -36.80555172237248,
        "group": "R0 - Red (229 points)",
        "canvasX": 835.4212192572742,
        "canvasY": 355.21345986743415
      }
    },
    {
      "type": "Feature",
      "geometry": {
        "type": "Point",
        "coordinates": [
          174.74106113026218,
          -36.80555188567807,
          2.257
        ]
      },
      "properties": {
        "id": "1_213",
        "camera": "R0 - Red (Point)",
        "frame": "0401",
        "image": "pano_camera0/frame_0401_hp_preview.jpg",
        "frameId": "0401",
        "height": 2.257,
        "coords2D": "2D: (-3.490, 2.417)",
        "coords3D": "3D: (-3.490, 2.417, 2.257)",
        "easting": 397938.31848219817,
        "northing": 808229.9583549304,
        "longitude": 174.74106113026218,
        "latitude": -36.80555188567807,
        "group": "R0 - Red (229 points)",
        "canvasX": 816.4281160054629,
        "canvasY": 355.5546429063336
      }
    },
    {
      "type": "Feature",
      "geometry": {
        "type": "Point",
        "coordinates": [
          174.7410603630323,
          -36.80555195597248,
          2.275
        ]
      },
      "properties": {
        "id": "1_214",
        "camera": "R0 - Red (Point)",
        "frame": "0402",
        "image": "pano_camera0/frame_0402_hp_preview.jpg",
        "frameId": "0402",
        "height": 2.275,
        "coords2D": "2D: (-3.470, 2.416)",
        "coords3D": "3D: (-3.470, 2.416, 2.275)",
        "easting": 397938.25002500496,
        "northing": 808229.950538316,
        "longitude": 174.7410603630323,
        "latitude": -36.80555195597248,
        "group": "R0 - Red (229 points)",
        "canvasX": 815.1565220211352,
        "canvasY": 355.69983670448534
      }
    },
    {
      "type": "Feature",
      "geometry": {
        "type": "Point",
        "coordinates": [
          174.74104952358087,
          -36.80555196851198,
          2.561
        ]
      },
      "properties": {
        "id": "1_215",
        "camera": "R0 - Red (Point)",
        "frame": "0403",
        "image": "pano_camera0/frame_0403_hp_preview.jpg",
        "frameId": "0403",
        "height": 2.561,
        "coords2D": "2D: (-3.213, 2.405)",
        "coords3D": "3D: (-3.213, 2.405, 2.561)",
        "easting": 397937.2828330394,
        "northing": 808229.948913163,
        "longitude": 174.74104952358087,
        "latitude": -36.80555196851198,
        "group": "R0 - Red (229 points)",
        "canvasX": 797.1909083667231,
        "canvasY": 355.73002396007513
      }
    },
    {
      "type": "Feature",
      "geometry": {
        "type": "Point",
        "coordinates": [
          174.74103992687918,
          -36.80556089004094,
          2.553
        ]
      },
      "properties": {
        "id": "1_216",
        "camera": "R0 - Red (Point)",
        "frame": "0404",
        "image": "pano_camera0/frame_0404_hp_preview.jpg",
        "frameId": "0404",
        "height": 2.553,
        "coords2D": "2D: (-2.692, 2.408)",
        "coords3D": "3D: (-2.692, 2.408, 2.553)",
        "easting": 397936.4267693151,
        "northing": 808228.958747349,
        "longitude": 174.74103992687918,
        "latitude": -36.80556089004094,
        "group": "R0 - Red (229 points)",
        "canvasX": 781.2895044224263,
        "canvasY": 374.1223773943233
      }
    },
    {
      "type": "Feature",
      "geometry": {
        "type": "Point",
        "coordinates": [
          174.74104001939628,
          -36.80556181944535,
          2.523
        ]
      },
      "properties": {
        "id": "1_217",
        "camera": "R0 - Red (Point)",
        "frame": "0405",
        "image": "pano_camera0/frame_0405_hp_preview.jpg",
        "frameId": "0405",
        "height": 2.523,
        "coords2D": "2D: (-2.663, 2.415)",
        "coords3D": "3D: (-2.663, 2.415, 2.523)",
        "easting": 397936.4350494519,
        "northing": 808228.8556199288,
        "longitude": 174.74104001939628,
        "latitude": -36.80556181944535,
        "group": "R0 - Red (229 points)",
        "canvasX": 781.4433081603341,
        "canvasY": 376.0379716650929
      }
    },
    {
      "type": "Feature",
      "geometry": {
        "type": "Point",
        "coordinates": [
          174.74104677334228,
          -36.80557129762024,
          2.065
        ]
      },
      "properties": {
        "id": "1_218",
        "camera": "R0 - Red (Point)",
        "frame": "0406",
        "image": "pano_camera0/frame_0406_hp_preview.jpg",
        "frameId": "0406",
        "height": 2.065,
        "coords2D": "2D: (-2.511, 2.438)",
        "coords3D": "3D: (-2.511, 2.438, 2.065)",
        "easting": 397937.0379507867,
        "northing": 808227.804039801,
        "longitude": 174.74104677334228,
        "latitude": -36.80557129762024,
        "group": "R0 - Red (229 points)",
        "canvasX": 792.6422147259659,
        "canvasY": 395.5710974322161
      }
    },
    {
      "type": "Feature",
      "geometry": {
        "type": "Point",
        "coordinates": [
          174.74105929617136,
          -36.80557224556334,
          1.706
        ]
      },
      "properties": {
        "id": "1_219",
        "camera": "R0 - Red (Point)",
        "frame": "0407",
        "image": "pano_camera0/frame_0407_hp_preview.jpg",
        "frameId": "0407",
        "height": 1.706,
        "coords2D": "2D: (-2.776, 2.433)",
        "coords3D": "3D: (-2.776, 2.433, 1.706)",
        "easting": 397938.15537415375,
        "northing": 808227.6991233336,
        "longitude": 174.74105929617136,
        "latitude": -36.80557224556334,
        "group": "R0 - Red (229 points)",
        "canvasX": 813.3983802195347,
        "canvasY": 397.5199232975983
      }
    },
    {
      "type": "Feature",
      "geometry": {
        "type": "Point",
        "coordinates": [
          174.74106587459315,
          -36.80557254556499,
          1.523
        ]
      },
      "properties": {
        "id": "1_220",
        "camera": "R0 - Red (Point)",
        "frame": "0408",
        "image": "pano_camera0/frame_0408_hp_preview.jpg",
        "frameId": "0408",
        "height": 1.523,
        "coords2D": "2D: (-2.922, 2.441)",
        "coords3D": "3D: (-2.922, 2.441, 1.523)",
        "easting": 397938.7423673668,
        "northing": 808227.6659760843,
        "longitude": 174.74106587459315,
        "latitude": -36.80557254556499,
        "group": "R0 - Red (229 points)",
        "canvasX": 824.3017930470414,
        "canvasY": 398.1356342386748
      }
    },
    {
      "type": "Feature",
      "geometry": {
        "type": "Point",
        "coordinates": [
          174.74107073837948,
          -36.805572632456325,
          1.392
        ]
      },
      "properties": {
        "id": "1_221",
        "camera": "R0 - Red (Point)",
        "frame": "0409",
        "image": "pano_camera0/frame_0409_hp_preview.jpg",
        "frameId": "0409",
        "height": 1.392,
        "coords2D": "2D: (-3.034, 2.437)",
        "coords3D": "3D: (-3.034, 2.437, 1.392)",
        "easting": 397939.17635987315,
        "northing": 808227.6564391889,
        "longitude": 174.74107073837948,
        "latitude": -36.805572632456325,
        "group": "R0 - Red (229 points)",
        "canvasX": 832.3632141262005,
        "canvasY": 398.3127822967755
      }
    },
    {
      "type": "Feature",
      "geometry": {
        "type": "Point",
        "coordinates": [
          174.74108006519077,
          -36.80557594438593,
          1.047
        ]
      },
      "properties": {
        "id": "1_222",
        "camera": "R0 - Red (Point)",
        "frame": "0410",
        "image": "pano_camera0/frame_0410_hp_preview.jpg",
        "frameId": "0410",
        "height": 1.047,
        "coords2D": "2D: (-3.146, 2.461)",
        "coords3D": "3D: (-3.146, 2.461, 1.047)",
        "easting": 397940.00866945623,
        "northing": 808227.2891387899,
        "longitude": 174.74108006519077,
        "latitude": -36.80557594438593,
        "group": "R0 - Red (229 points)",
        "canvasX": 847.8233843337722,
        "canvasY": 405.1353959017597
      }
    },
    {
      "type": "Feature",
      "geometry": {
        "type": "Point",
        "coordinates": [
          174.74108534629647,
          -36.80558947780052,
          0.509
        ]
      },
      "properties": {
        "id": "1_223",
        "camera": "R0 - Red (Point)",
        "frame": "0411",
        "image": "pano_camera0/frame_0411_hp_preview.jpg",
        "frameId": "0411",
        "height": 0.509,
        "coords2D": "2D: (-2.826, 2.470)",
        "coords3D": "3D: (-2.826, 2.470, 0.509)",
        "easting": 397940.48025898065,
        "northing": 808225.7875455023,
        "longitude": 174.74108534629647,
        "latitude": -36.80558947780052,
        "group": "R0 - Red (229 points)",
        "canvasX": 856.5831709133225,
        "canvasY": 433.0275267647958
      }
    },
    {
      "type": "Feature",
      "geometry": {
        "type": "Point",
        "coordinates": [
          174.74108540999524,
          -36.80559138897681,
          0.451
        ]
      },
      "properties": {
        "id": "1_224",
        "camera": "R0 - Red (Point)",
        "frame": "0412",
        "image": "pano_camera0/frame_0412_hp_preview.jpg",
        "frameId": "0412",
        "height": 0.451,
        "coords2D": "2D: (-2.764, 2.464)",
        "coords3D": "3D: (-2.764, 2.464, 0.451)",
        "easting": 397940.48599392973,
        "northing": 808225.575477196,
        "longitude": 174.74108540999524,
        "latitude": -36.80559138897681,
        "group": "R0 - Red (229 points)",
        "canvasX": 856.689697728012,
        "canvasY": 436.96670057255704
      }
    },
    {
      "type": "Feature",
      "geometry": {
        "type": "Point",
        "coordinates": [
          174.74108678432896,
          -36.8055963656779,
          0.269
        ]
      },
      "properties": {
        "id": "1_225",
        "camera": "R0 - Red (Point)",
        "frame": "0413",
        "image": "pano_camera0/frame_0413_hp_preview.jpg",
        "frameId": "0413",
        "height": 0.269,
        "coords2D": "2D: (-2.633, 2.473)",
        "coords3D": "3D: (-2.633, 2.473, 0.269)",
        "easting": 397940.60875741753,
        "northing": 808225.023277569,
        "longitude": 174.74108678432896,
        "latitude": -36.8055963656779,
        "group": "R0 - Red (229 points)",
        "canvasX": 858.9700324204799,
        "canvasY": 447.2238217179042
      }
    },
    {
      "type": "Feature",
      "geometry": {
        "type": "Point",
        "coordinates": [
          174.7410872871725,
          -36.80559608841687,
          0.263
        ]
      },
      "properties": {
        "id": "1_226",
        "camera": "R0 - Red (Point)",
        "frame": "0414",
        "image": "pano_camera0/frame_0414_hp_preview.jpg",
        "frameId": "0414",
        "height": 0.263,
        "coords2D": "2D: (-2.654, 2.475)",
        "coords3D": "3D: (-2.654, 2.475, 0.263)",
        "easting": 397940.6536181462,
        "northing": 808225.0540540864,
        "longitude": 174.7410872871725,
        "latitude": -36.80559608841687,
        "group": "R0 - Red (229 points)",
        "canvasX": 859.8033215166641,
        "canvasY": 446.652147175721
      }
    },
    {
      "type": "Feature",
      "geometry": {
        "type": "Point",
        "coordinates": [
          174.7410872837604,
          -36.8055960394352,
          0.265
        ]
      },
      "properties": {
        "id": "1_227",
        "camera": "R0 - Red (Point)",
        "frame": "0415",
        "image": "pano_camera0/frame_0415_hp_preview.jpg",
        "frameId": "0415",
        "height": 0.265,
        "coords2D": "2D: (-2.655, 2.475)",
        "coords3D": "3D: (-2.655, 2.475, 0.265)",
        "easting": 397940.6533123752,
        "northing": 808225.0594891605,
        "longitude": 174.7410872837604,
        "latitude": -36.8055960394352,
        "group": "R0 - Red (229 points)",
        "canvasX": 859.7976418134527,
        "canvasY": 446.5511905465606
      }
    },
    {
      "type": "Feature",
      "geometry": {
        "type": "Point",
        "coordinates": [
          174.74108724796776,
          -36.80559612368422,
          0.263
        ]
      },
      "properties": {
        "id": "1_228",
        "camera": "R0 - Red (End)",
        "frame": "0416",
        "image": "pano_camera0/frame_0416_hp_preview.jpg",
        "frameId": "0416",
        "height": 0.263,
        "coords2D": "2D: (-2.652, 2.471)",
        "coords3D": "3D: (-2.652, 2.471, 0.263)",
        "easting": 397940.6501208941,
        "northing": 808225.050139874,
        "longitude": 174.74108724796776,
        "latitude": -36.80559612368422,
        "group": "R0 - Red (229 points)",
        "canvasX": 859.7383599762444,
        "canvasY": 446.72485376597444
      }
    }
  ],
  "properties": {
    "name": "Camera Positions Export",
    "description": "Exported camera positions from floor plan viewer",
    "exportDate": "2025-10-20T00:50:14.394Z",
    "totalFeatures": 319,
    "coordinateSystem": "WGS84 (EPSG:4326)",
    "originalSystem": "Mt Eden 2000 (EPSG:2105)"
  }
}