{
  "type": "FeatureCollection",
  "features": [
    {
      "type": "Feature",
      "geometry": {
        "type": "Point",
        "coordinates": [
          174.7404767850223,
          -36.805480584232654,
          0
        ]
      },
      "properties": {
        "id": "0_0",
        "camera": "R0 - Red (Start)",
        "frame": "0140",
        "image": "pano_camera0/frame_0140_hp_preview.jpg",
        "frameId": "0140",
        "height": 0,
        "coords2D": "2D: (397886.371, 808237.979)",
        "coords3D": "3D: (397886.371, 808237.979, 0.000)",
        "easting": 397886.17604057863,
        "northing": 808237.857414195,
        "longitude": 174.7404767850223,
        "latitude": -36.805480584232654,
        "group": "R0 - Red (229 points)",
        "canvasX": -152.11897137278584,
        "canvasY": 208.8294300854984
      }
    },
    {
      "type": "Feature",
      "geometry": {
        "type": "Point",
        "coordinates": [
          174.74047884206945,
          -36.805479551550135,
          0.127489
        ]
      },
      "properties": {
        "id": "0_1",
        "camera": "R0 - Red (Point)",
        "frame": "0141",
        "image": "pano_camera0/frame_0141_hp_preview.jpg",
        "frameId": "0141",
        "height": 0.127489,
        "coords2D": "2D: (397886.465, 808238.037)",
        "coords3D": "3D: (397886.465, 808238.037, 0.127)",
        "easting": 397886.3595604152,
        "northing": 808237.9720491122,
        "longitude": 174.74047884206945,
        "latitude": -36.805479551550135,
        "group": "R0 - Red (229 points)",
        "canvasX": -148.71008606359487,
        "canvasY": 206.70008378336595
      }
    },
    {
      "type": "Feature",
      "geometry": {
        "type": "Point",
        "coordinates": [
          174.7404826551871,
          -36.8054778427596,
          0.368119
        ]
      },
      "properties": {
        "id": "0_2",
        "camera": "R0 - Red (Point)",
        "frame": "0142",
        "image": "pano_camera0/frame_0142_hp_preview.jpg",
        "frameId": "0142",
        "height": 0.368119,
        "coords2D": "2D: (397886.805, 808238.227)",
        "coords3D": "3D: (397886.805, 808238.227, 0.368)",
        "easting": 397886.6997540659,
        "northing": 808238.1617457413,
        "longitude": 174.7404826551871,
        "latitude": -36.8054778427596,
        "group": "R0 - Red (229 points)",
        "canvasX": -142.3909809490013,
        "canvasY": 203.176464406995
      }
    },
    {
      "type": "Feature",
      "geometry": {
        "type": "Point",
        "coordinates": [
          174.74048442207882,
          -36.80547643253461,
          0.466662
        ]
      },
      "properties": {
        "id": "0_3",
        "camera": "R0 - Red (Point)",
        "frame": "0143",
        "image": "pano_camera0/frame_0143_hp_preview.jpg",
        "frameId": "0143",
        "height": 0.466662,
        "coords2D": "2D: (397886.962, 808238.384)",
        "coords3D": "3D: (397886.962, 808238.384, 0.467)",
        "easting": 397886.85737326916,
        "northing": 808238.3182674465,
        "longitude": 174.74048442207882,
        "latitude": -36.80547643253461,
        "group": "R0 - Red (229 points)",
        "canvasX": -139.46320051803443,
        "canvasY": 200.2690700279495
      }
    },
    {
      "type": "Feature",
      "geometry": {
        "type": "Point",
        "coordinates": [
          174.74048427773684,
          -36.80547445595146,
          0.414781
        ]
      },
      "properties": {
        "id": "0_4",
        "camera": "R0 - Red (Point)",
        "frame": "0144",
        "image": "pano_camera0/frame_0144_hp_preview.jpg",
        "frameId": "0144",
        "height": 0.414781,
        "coords2D": "2D: (397886.949, 808238.603)",
        "coords3D": "3D: (397886.949, 808238.603, 0.415)",
        "easting": 397886.84443946794,
        "northing": 808238.5375916652,
        "longitude": 174.74048427773684,
        "latitude": -36.80547445595146,
        "group": "R0 - Red (229 points)",
        "canvasX": -139.703446181333,
        "canvasY": 196.19511747472768
      }
    },
    {
      "type": "Feature",
      "geometry": {
        "type": "Point",
        "coordinates": [
          174.74048214291938,
          -36.80547340972284,
          0.238093
        ]
      },
      "properties": {
        "id": "0_5",
        "camera": "R0 - Red (Point)",
        "frame": "0145",
        "image": "pano_camera0/frame_0145_hp_preview.jpg",
        "frameId": "0145",
        "height": 0.238093,
        "coords2D": "2D: (397886.759, 808238.719)",
        "coords3D": "3D: (397886.759, 808238.719, 0.238)",
        "easting": 397886.6539231158,
        "northing": 808238.6536370603,
        "longitude": 174.74048214291938,
        "latitude": -36.80547340972284,
        "group": "R0 - Red (229 points)",
        "canvasX": -143.2422919319261,
        "canvasY": 194.0395715124333
      }
    },
    {
      "type": "Feature",
      "geometry": {
        "type": "Point",
        "coordinates": [
          174.74048199276854,
          -36.80548294040283,
          0.426911
        ]
      },
      "properties": {
        "id": "0_6",
        "camera": "R0 - Red (Point)",
        "frame": "0157",
        "image": "pano_camera0/frame_0157_hp_preview.jpg",
        "frameId": "0157",
        "height": 0.426911,
        "coords2D": "2D: (397886.746, 808237.661)",
        "coords3D": "3D: (397886.746, 808237.661, 0.427)",
        "easting": 397886.64078721456,
        "northing": 808237.596081799,
        "longitude": 174.74048199276854,
        "latitude": -36.80548294040283,
        "group": "R0 - Red (229 points)",
        "canvasX": -143.48629160811524,
        "canvasY": 213.68368552495787
      }
    },
    {
      "type": "Feature",
      "geometry": {
        "type": "Point",
        "coordinates": [
          174.74048269891696,
          -36.8054845995874,
          0.51287
        ]
      },
      "properties": {
        "id": "0_7",
        "camera": "R0 - Red (Point)",
        "frame": "0158",
        "image": "pano_camera0/frame_0158_hp_preview.jpg",
        "frameId": "0158",
        "height": 0.51287,
        "coords2D": "2D: (397886.809, 808237.477)",
        "coords3D": "3D: (397886.809, 808237.477, 0.513)",
        "easting": 397886.70384171075,
        "northing": 808237.4119894631,
        "longitude": 174.74048269891696,
        "latitude": -36.8054845995874,
        "group": "R0 - Red (229 points)",
        "canvasX": -142.31505284953852,
        "canvasY": 217.1032050220138
      }
    },
    {
      "type": "Feature",
      "geometry": {
        "type": "Point",
        "coordinates": [
          174.74048382829184,
          -36.805485354866406,
          0.610571
        ]
      },
      "properties": {
        "id": "0_8",
        "camera": "R0 - Red (Point)",
        "frame": "0159",
        "image": "pano_camera0/frame_0159_hp_preview.jpg",
        "frameId": "0159",
        "height": 0.610571,
        "coords2D": "2D: (397886.910, 808237.394)",
        "coords3D": "3D: (397886.910, 808237.394, 0.611)",
        "easting": 397886.8046354295,
        "northing": 808237.3282064664,
        "longitude": 174.74048382829184,
        "latitude": -36.805485354866406,
        "group": "R0 - Red (229 points)",
        "canvasX": -140.4428071369384,
        "canvasY": 218.65947617060223
      }
    },
    {
      "type": "Feature",
      "geometry": {
        "type": "Point",
        "coordinates": [
          174.74049103839909,
          -36.805489460606424,
          1.219305
        ]
      },
      "properties": {
        "id": "0_9",
        "camera": "R0 - Red (Point)",
        "frame": "0160",
        "image": "pano_camera0/frame_0160_hp_preview.jpg",
        "frameId": "0160",
        "height": 1.219305,
        "coords2D": "2D: (397887.553, 808236.938)",
        "coords3D": "3D: (397887.553, 808236.938, 1.219)",
        "easting": 397887.44809869456,
        "northing": 808236.8727809153,
        "longitude": 174.74049103839909,
        "latitude": -36.805489460606424,
        "group": "R0 - Red (229 points)",
        "canvasX": -128.49046175739753,
        "canvasY": 227.11901656159492
      }
    },
    {
      "type": "Feature",
      "geometry": {
        "type": "Point",
        "coordinates": [
          174.74049383668117,
          -36.805492284159065,
          1.481333
        ]
      },
      "properties": {
        "id": "0_10",
        "camera": "R0 - Red (Point)",
        "frame": "0161",
        "image": "pano_camera0/frame_0161_hp_preview.jpg",
        "frameId": "0161",
        "height": 1.481333,
        "coords2D": "2D: (397887.803, 808236.625)",
        "coords3D": "3D: (397887.803, 808236.625, 1.481)",
        "easting": 397887.6978640766,
        "northing": 808236.5595331169,
        "longitude": 174.74049383668117,
        "latitude": -36.805492284159065,
        "group": "R0 - Red (229 points)",
        "canvasX": -123.85106387414943,
        "canvasY": 232.93760183294575
      }
    },
    {
      "type": "Feature",
      "geometry": {
        "type": "Point",
        "coordinates": [
          174.74049670396292,
          -36.80549615978354,
          1.770408
        ]
      },
      "properties": {
        "id": "0_11",
        "camera": "R0 - Red (Point)",
        "frame": "0162",
        "image": "pano_camera0/frame_0162_hp_preview.jpg",
        "frameId": "0162",
        "height": 1.770408,
        "coords2D": "2D: (397888.059, 808236.195)",
        "coords3D": "3D: (397888.059, 808236.195, 1.770)",
        "easting": 397887.95381510386,
        "northing": 808236.1295458897,
        "longitude": 174.74049670396292,
        "latitude": -36.80549615978354,
        "group": "R0 - Red (229 points)",
        "canvasX": -119.09676748381085,
        "canvasY": 240.92462475623108
      }
    },
    {
      "type": "Feature",
      "geometry": {
        "type": "Point",
        "coordinates": [
          174.7404981642742,
          -36.80549873218553,
          1.930176
        ]
      },
      "properties": {
        "id": "0_12",
        "camera": "R0 - Red (Point)",
        "frame": "0163",
        "image": "pano_camera0/frame_0163_hp_preview.jpg",
        "frameId": "0163",
        "height": 1.930176,
        "coords2D": "2D: (397888.189, 808235.910)",
        "coords3D": "3D: (397888.189, 808235.910, 1.930)",
        "easting": 397888.0841878032,
        "northing": 808235.8441369388,
        "longitude": 174.7404981642742,
        "latitude": -36.80549873218553,
        "group": "R0 - Red (229 points)",
        "canvasX": -116.67509150684626,
        "canvasY": 246.22610277618827
      }
    },
    {
      "type": "Feature",
      "geometry": {
        "type": "Point",
        "coordinates": [
          174.74049934117724,
          -36.80550144828243,
          2.072409
        ]
      },
      "properties": {
        "id": "0_13",
        "camera": "R0 - Red (Point)",
        "frame": "0164",
        "image": "pano_camera0/frame_0164_hp_preview.jpg",
        "frameId": "0164",
        "height": 2.072409,
        "coords2D": "2D: (397888.294, 808235.608)",
        "coords3D": "3D: (397888.294, 808235.608, 2.072)",
        "easting": 397888.18927622476,
        "northing": 808235.5427769226,
        "longitude": 174.74049934117724,
        "latitude": -36.80550144828243,
        "group": "R0 - Red (229 points)",
        "canvasX": -114.72307158929178,
        "canvasY": 251.8238722105699
      }
    },
    {
      "type": "Feature",
      "geometry": {
        "type": "Point",
        "coordinates": [
          174.74049796321538,
          -36.80550559821951,
          2.059469
        ]
      },
      "properties": {
        "id": "0_14",
        "camera": "R0 - Red (Point)",
        "frame": "0165",
        "image": "pano_camera0/frame_0165_hp_preview.jpg",
        "frameId": "0165",
        "height": 2.059469,
        "coords2D": "2D: (397888.171, 808235.148)",
        "coords3D": "3D: (397888.171, 808235.148, 2.059)",
        "easting": 397888.06643609045,
        "northing": 808235.0822574147,
        "longitude": 174.74049796321538,
        "latitude": -36.80550559821951,
        "group": "R0 - Red (229 points)",
        "canvasX": -117.004829992074,
        "canvasY": 260.37803297133655
      }
    },
    {
      "type": "Feature",
      "geometry": {
        "type": "Point",
        "coordinates": [
          174.74049573227157,
          -36.80550696830148,
          1.926443
        ]
      },
      "properties": {
        "id": "0_15",
        "camera": "R0 - Red (Point)",
        "frame": "0166",
        "image": "pano_camera0/frame_0166_hp_preview.jpg",
        "frameId": "0166",
        "height": 1.926443,
        "coords2D": "2D: (397887.972, 808234.996)",
        "coords3D": "3D: (397887.972, 808234.996, 1.926)",
        "easting": 397887.86740894115,
        "northing": 808234.9301798688,
        "longitude": 174.74049573227157,
        "latitude": -36.80550696830148,
        "group": "R0 - Red (229 points)",
        "canvasX": -120.70176400103776,
        "canvasY": 263.20287698569615
      }
    },
    {
      "type": "Feature",
      "geometry": {
        "type": "Point",
        "coordinates": [
          174.74049027301584,
          -36.80550868521494,
          1.566645
        ]
      },
      "properties": {
        "id": "0_16",
        "camera": "R0 - Red (Point)",
        "frame": "0167",
        "image": "pano_camera0/frame_0167_hp_preview.jpg",
        "frameId": "0167",
        "height": 1.566645,
        "coords2D": "2D: (397887.485, 808234.805)",
        "coords3D": "3D: (397887.485, 808234.805, 1.567)",
        "easting": 397887.38033244805,
        "northing": 808234.7395455806,
        "longitude": 174.74049027301584,
        "latitude": -36.80550868521494,
        "group": "R0 - Red (229 points)",
        "canvasX": -129.74922139020566,
        "canvasY": 266.743913402345
      }
    },
    {
      "type": "Feature",
      "geometry": {
        "type": "Point",
        "coordinates": [
          174.74048537155053,
          -36.805507191265804,
          1.180005
        ]
      },
      "properties": {
        "id": "0_17",
        "camera": "R0 - Red (Point)",
        "frame": "0168",
        "image": "pano_camera0/frame_0168_hp_preview.jpg",
        "frameId": "0168",
        "height": 1.180005,
        "coords2D": "2D: (397887.048, 808234.971)",
        "coords3D": "3D: (397887.048, 808234.971, 1.180)",
        "easting": 397886.9429388076,
        "northing": 808234.9052102334,
        "longitude": 174.74048537155053,
        "latitude": -36.805507191265804,
        "group": "R0 - Red (229 points)",
        "canvasX": -137.8738186158805,
        "canvasY": 263.6666885536821
      }
    },
    {
      "type": "Feature",
      "geometry": {
        "type": "Point",
        "coordinates": [
          174.74048412482568,
          -36.805505959621506,
          1.063815
        ]
      },
      "properties": {
        "id": "0_18",
        "camera": "R0 - Red (Point)",
        "frame": "0169",
        "image": "pano_camera0/frame_0169_hp_preview.jpg",
        "frameId": "0169",
        "height": 1.063815,
        "coords2D": "2D: (397886.937, 808235.107)",
        "coords3D": "3D: (397886.937, 808235.107, 1.064)",
        "easting": 397886.83166101406,
        "northing": 808235.0418495164,
        "longitude": 174.74048412482568,
        "latitude": -36.805505959621506,
        "group": "R0 - Red (229 points)",
        "canvasX": -139.94080626478168,
        "canvasY": 261.12861063764024
      }
    },
    {
      "type": "Feature",
      "geometry": {
        "type": "Point",
        "coordinates": [
          174.7404787910027,
          -36.80549902397864,
          0.531807
        ]
      },
      "properties": {
        "id": "0_19",
        "camera": "R0 - Red (Point)",
        "frame": "0170",
        "image": "pano_camera0/frame_0170_hp_preview.jpg",
        "frameId": "0170",
        "height": 0.531807,
        "coords2D": "2D: (397886.460, 808235.877)",
        "coords3D": "3D: (397886.460, 808235.877, 0.532)",
        "easting": 397886.3555389609,
        "northing": 808235.8113307357,
        "longitude": 174.7404787910027,
        "latitude": -36.80549902397864,
        "group": "R0 - Red (229 points)",
        "canvasX": -148.78478467291205,
        "canvasY": 246.83547877545345
      }
    },
    {
      "type": "Feature",
      "geometry": {
        "type": "Point",
        "coordinates": [
          174.7404781013822,
          -36.8054980887598,
          0.462216
        ]
      },
      "properties": {
        "id": "0_20",
        "camera": "R0 - Red (Point)",
        "frame": "0171",
        "image": "pano_camera0/frame_0171_hp_preview.jpg",
        "frameId": "0171",
        "height": 0.462216,
        "coords2D": "2D: (397886.399, 808235.980)",
        "coords3D": "3D: (397886.399, 808235.980, 0.462)",
        "easting": 397886.2939791387,
        "northing": 808235.9150900946,
        "longitude": 174.7404781013822,
        "latitude": -36.8054980887598,
        "group": "R0 - Red (229 points)",
        "canvasX": -149.92825982680534,
        "canvasY": 244.90814622683206
      }
    },
    {
      "type": "Feature",
      "geometry": {
        "type": "Point",
        "coordinates": [
          174.74047487381077,
          -36.80549372093604,
          0.136708
        ]
      },
      "properties": {
        "id": "0_21",
        "camera": "R0 - Red (Point)",
        "frame": "0172",
        "image": "pano_camera0/frame_0172_hp_preview.jpg",
        "frameId": "0172",
        "height": 0.136708,
        "coords2D": "2D: (397886.111, 808236.465)",
        "coords3D": "3D: (397886.111, 808236.465, 0.137)",
        "easting": 397886.0058662319,
        "northing": 808236.3996851722,
        "longitude": 174.74047487381077,
        "latitude": -36.80549372093604,
        "group": "R0 - Red (229 points)",
        "canvasX": -155.27996389061158,
        "canvasY": 235.90678118820935
      }
    },
    {
      "type": "Feature",
      "geometry": {
        "type": "Point",
        "coordinates": [
          174.74047013241625,
          -36.80549197737046,
          -0.243558
        ]
      },
      "properties": {
        "id": "0_22",
        "camera": "R0 - Red (Point)",
        "frame": "0173",
        "image": "pano_camera0/frame_0173_hp_preview.jpg",
        "frameId": "0173",
        "height": -0.243558,
        "coords2D": "2D: (397885.688, 808236.658)",
        "coords3D": "3D: (397885.688, 808236.658, -0.244)",
        "easting": 397885.5827485644,
        "northing": 808236.5930514605,
        "longitude": 174.74047013241625,
        "latitude": -36.80549197737046,
        "group": "R0 - Red (229 points)",
        "canvasX": -163.1393845806232,
        "canvasY": 232.31499780795673
      }
    },
    {
      "type": "Feature",
      "geometry": {
        "type": "Point",
        "coordinates": [
          174.74046511673757,
          -36.80549330559375,
          -0.579343
        ]
      },
      "properties": {
        "id": "0_23",
        "camera": "R0 - Red (Point)",
        "frame": "0174",
        "image": "pano_camera0/frame_0174_hp_preview.jpg",
        "frameId": "0174",
        "height": -0.579343,
        "coords2D": "2D: (397885.240, 808236.511)",
        "coords3D": "3D: (397885.240, 808236.511, -0.579)",
        "easting": 397885.1352412599,
        "northing": 808236.4455570395,
        "longitude": 174.74046511673757,
        "latitude": -36.80549330559375,
        "group": "R0 - Red (229 points)",
        "canvasX": -171.45184335568672,
        "canvasY": 235.0547101682393
      }
    },
    {
      "type": "Feature",
      "geometry": {
        "type": "Point",
        "coordinates": [
          174.7404650170101,
          -36.80549338767134,
          -0.584853
        ]
      },
      "properties": {
        "id": "0_24",
        "camera": "R0 - Red (Point)",
        "frame": "0175",
        "image": "pano_camera0/frame_0175_hp_preview.jpg",
        "frameId": "0175",
        "height": -0.584853,
        "coords2D": "2D: (397885.231, 808236.502)",
        "coords3D": "3D: (397885.231, 808236.502, -0.585)",
        "easting": 397885.1263449401,
        "northing": 808236.4364472668,
        "longitude": 174.7404650170101,
        "latitude": -36.80549338767134,
        "group": "R0 - Red (229 points)",
        "canvasX": -171.61709270587798,
        "canvasY": 235.22392441027134
      }
    },
    {
      "type": "Feature",
      "geometry": {
        "type": "Point",
        "coordinates": [
          174.7404624715871,
          -36.805497695767954,
          -0.679115
        ]
      },
      "properties": {
        "id": "0_25",
        "camera": "R0 - Red (Point)",
        "frame": "0176",
        "image": "pano_camera0/frame_0176_hp_preview.jpg",
        "frameId": "0176",
        "height": -0.679115,
        "coords2D": "2D: (397885.004, 808236.024)",
        "coords3D": "3D: (397885.004, 808236.024, -0.679)",
        "easting": 397884.8993379623,
        "northing": 808235.9583520567,
        "longitude": 174.7404624715871,
        "latitude": -36.805497695767954,
        "group": "R0 - Red (229 points)",
        "canvasX": -175.83375269219374,
        "canvasY": 244.1045542570692
      }
    },
    {
      "type": "Feature",
      "geometry": {
        "type": "Point",
        "coordinates": [
          174.74046236413395,
          -36.80550038239481,
          -0.63061
        ]
      },
      "properties": {
        "id": "0_26",
        "camera": "R0 - Red (Point)",
        "frame": "0177",
        "image": "pano_camera0/frame_0177_hp_preview.jpg",
        "frameId": "0177",
        "height": -0.63061,
        "coords2D": "2D: (397884.995, 808235.726)",
        "coords3D": "3D: (397884.995, 808235.726, -0.631)",
        "easting": 397884.8898239222,
        "northing": 808235.6602337555,
        "longitude": 174.74046236413395,
        "latitude": -36.80550038239481,
        "group": "R0 - Red (229 points)",
        "canvasX": -176.0104762125027,
        "canvasY": 249.64210875958275
      }
    },
    {
      "type": "Feature",
      "geometry": {
        "type": "Point",
        "coordinates": [
          174.74046119150492,
          -36.80550528599441,
          -0.612872
        ]
      },
      "properties": {
        "id": "0_27",
        "camera": "R0 - Red (Point)",
        "frame": "0178",
        "image": "pano_camera0/frame_0178_hp_preview.jpg",
        "frameId": "0178",
        "height": -0.612872,
        "coords2D": "2D: (397884.890, 808235.181)",
        "coords3D": "3D: (397884.890, 808235.181, -0.613)",
        "easting": 397884.7853263261,
        "northing": 808235.1160901606,
        "longitude": 174.74046119150492,
        "latitude": -36.80550528599441,
        "group": "R0 - Red (229 points)",
        "canvasX": -177.9515215336479,
        "canvasY": 259.74958891429475
      }
    },
    {
      "type": "Feature",
      "geometry": {
        "type": "Point",
        "coordinates": [
          174.74045696358704,
          -36.805508060091306,
          -0.861251
        ]
      },
      "properties": {
        "id": "0_28",
        "camera": "R0 - Red (Point)",
        "frame": "0179",
        "image": "pano_camera0/frame_0179_hp_preview.jpg",
        "frameId": "0179",
        "height": -0.861251,
        "coords2D": "2D: (397884.513, 808234.874)",
        "coords3D": "3D: (397884.513, 808234.874, -0.861)",
        "easting": 397884.40814995725,
        "northing": 808234.8081747894,
        "longitude": 174.74045696358704,
        "latitude": -36.805508060091306,
        "group": "R0 - Red (229 points)",
        "canvasX": -184.9575815133773,
        "canvasY": 265.4691242227215
      }
    },
    {
      "type": "Feature",
      "geometry": {
        "type": "Point",
        "coordinates": [
          174.74045430145682,
          -36.80550802995558,
          -1.054876
        ]
      },
      "properties": {
        "id": "0_29",
        "camera": "R0 - Red (Point)",
        "frame": "0180",
        "image": "pano_camera0/frame_0180_hp_preview.jpg",
        "frameId": "0180",
        "height": -1.054876,
        "coords2D": "2D: (397884.276, 808234.877)",
        "coords3D": "3D: (397884.276, 808234.877, -1.055)",
        "easting": 397884.1706100462,
        "northing": 808234.811459844,
        "longitude": 174.74045430145682,
        "latitude": -36.80550802995558,
        "group": "R0 - Red (229 points)",
        "canvasX": -189.36989098460134,
        "canvasY": 265.4081042558329
      }
    },
    {
      "type": "Feature",
      "geometry": {
        "type": "Point",
        "coordinates": [
          174.74045159236985,
          -36.80550606074896,
          -1.292536
        ]
      },
      "properties": {
        "id": "0_30",
        "camera": "R0 - Red (Point)",
        "frame": "0181",
        "image": "pano_camera0/frame_0181_hp_preview.jpg",
        "frameId": "0181",
        "height": -1.292536,
        "coords2D": "2D: (397884.034, 808235.095)",
        "coords3D": "3D: (397884.034, 808235.095, -1.293)",
        "easting": 397883.92882688023,
        "northing": 808235.0299087947,
        "longitude": 174.74045159236985,
        "latitude": -36.80550606074896,
        "group": "R0 - Red (229 points)",
        "canvasX": -193.8610190156149,
        "canvasY": 261.35040982566113
      }
    },
    {
      "type": "Feature",
      "geometry": {
        "type": "Point",
        "coordinates": [
          174.74045007450474,
          -36.80550361235867,
          -1.453878
        ]
      },
      "properties": {
        "id": "0_31",
        "camera": "R0 - Red (Point)",
        "frame": "0182",
        "image": "pano_camera0/frame_0182_hp_preview.jpg",
        "frameId": "0182",
        "height": -1.453878,
        "coords2D": "2D: (397883.898, 808235.367)",
        "coords3D": "3D: (397883.898, 808235.367, -1.454)",
        "easting": 397883.79332199425,
        "northing": 808235.3015557106,
        "longitude": 174.74045007450474,
        "latitude": -36.80550361235867,
        "group": "R0 - Red (229 points)",
        "canvasX": -196.37802547989148,
        "canvasY": 256.3045619321992
      }
    },
    {
      "type": "Feature",
      "geometry": {
        "type": "Point",
        "coordinates": [
          174.74044658075172,
          -36.80550046651861,
          -1.773078
        ]
      },
      "properties": {
        "id": "0_32",
        "camera": "R0 - Red (Point)",
        "frame": "0183",
        "image": "pano_camera0/frame_0183_hp_preview.jpg",
        "frameId": "0183",
        "height": -1.773078,
        "coords2D": "2D: (397883.586, 808235.716)",
        "coords3D": "3D: (397883.586, 808235.716, -1.773)",
        "easting": 397883.481491489,
        "northing": 808235.650549951,
        "longitude": 174.74044658075172,
        "latitude": -36.80550046651861,
        "group": "R0 - Red (229 points)",
        "canvasX": -202.17028449678932,
        "canvasY": 249.8219856567919
      }
    },
    {
      "type": "Feature",
      "geometry": {
        "type": "Point",
        "coordinates": [
          174.7404441752979,
          -36.805501698686726,
          -1.921645
        ]
      },
      "properties": {
        "id": "0_33",
        "camera": "R0 - Red (Point)",
        "frame": "0184",
        "image": "pano_camera0/frame_0184_hp_preview.jpg",
        "frameId": "0184",
        "height": -1.921645,
        "coords2D": "2D: (397883.372, 808235.579)",
        "coords3D": "3D: (397883.372, 808235.579, -1.922)",
        "easting": 397883.26688926795,
        "northing": 808235.5137717588,
        "longitude": 174.7404441752979,
        "latitude": -36.805501698686726,
        "group": "R0 - Red (229 points)",
        "canvasX": -206.1565258323916,
        "canvasY": 252.36264381419625
      }
    },
    {
      "type": "Feature",
      "geometry": {
        "type": "Point",
        "coordinates": [
          174.7404443467859,
          -36.80550343526326,
          -1.872825
        ]
      },
      "properties": {
        "id": "0_34",
        "camera": "R0 - Red (Point)",
        "frame": "0185",
        "image": "pano_camera0/frame_0185_hp_preview.jpg",
        "frameId": "0185",
        "height": -1.872825,
        "coords2D": "2D: (397883.387, 808235.386)",
        "coords3D": "3D: (397883.387, 808235.386, -1.873)",
        "easting": 397883.2822387581,
        "northing": 808235.3210799749,
        "longitude": 174.7404443467859,
        "latitude": -36.80550343526326,
        "group": "R0 - Red (229 points)",
        "canvasX": -205.87140868904106,
        "canvasY": 255.94189826238295
      }
    },
    {
      "type": "Feature",
      "geometry": {
        "type": "Point",
        "coordinates": [
          174.74044564350388,
          -36.80550581909482,
          -1.728868
        ]
      },
      "properties": {
        "id": "0_35",
        "camera": "R0 - Red (Point)",
        "frame": "0186",
        "image": "pano_camera0/frame_0186_hp_preview.jpg",
        "frameId": "0186",
        "height": -1.728868,
        "coords2D": "2D: (397883.503, 808235.122)",
        "coords3D": "3D: (397883.503, 808235.122, -1.729)",
        "easting": 397883.3980091556,
        "northing": 808235.0565917981,
        "longitude": 174.74044564350388,
        "latitude": -36.80550581909482,
        "group": "R0 - Red (229 points)",
        "canvasX": -203.7209708164295,
        "canvasY": 260.85477240740704
      }
    },
    {
      "type": "Feature",
      "geometry": {
        "type": "Point",
        "coordinates": [
          174.74044681300788,
          -36.805508241654394,
          -1.593322
        ]
      },
      "properties": {
        "id": "0_36",
        "camera": "R0 - Red (Point)",
        "frame": "0187",
        "image": "pano_camera0/frame_0187_hp_preview.jpg",
        "frameId": "0187",
        "height": -1.593322,
        "coords2D": "2D: (397883.607, 808234.853)",
        "coords3D": "3D: (397883.607, 808234.853, -1.593)",
        "easting": 397883.5024294421,
        "northing": 808234.7878034302,
        "longitude": 174.74044681300788,
        "latitude": -36.805508241654394,
        "group": "R0 - Red (229 points)",
        "canvasX": -201.78136152246748,
        "canvasY": 265.84752270196316
      }
    },
    {
      "type": "Feature",
      "geometry": {
        "type": "Point",
        "coordinates": [
          174.7404472706953,
          -36.80551165032723,
          -1.488717
        ]
      },
      "properties": {
        "id": "0_37",
        "camera": "R0 - Red (Point)",
        "frame": "0188",
        "image": "pano_camera0/frame_0188_hp_preview.jpg",
        "frameId": "0188",
        "height": -1.488717,
        "coords2D": "2D: (397883.648, 808234.475)",
        "coords3D": "3D: (397883.648, 808234.475, -1.489)",
        "easting": 397883.54336222174,
        "northing": 808234.4095773145,
        "longitude": 174.7404472706953,
        "latitude": -36.80551165032723,
        "group": "R0 - Red (229 points)",
        "canvasX": -201.0210341714021,
        "canvasY": 272.8730817547963
      }
    },
    {
      "type": "Feature",
      "geometry": {
        "type": "Point",
        "coordinates": [
          174.74044519618184,
          -36.80551462591257,
          -1.576761
        ]
      },
      "properties": {
        "id": "0_38",
        "camera": "R0 - Red (Point)",
        "frame": "0189",
        "image": "pano_camera0/frame_0189_hp_preview.jpg",
        "frameId": "0189",
        "height": -1.576761,
        "coords2D": "2D: (397883.463, 808234.145)",
        "coords3D": "3D: (397883.463, 808234.145, -1.577)",
        "easting": 397883.3583374688,
        "northing": 808234.079351805,
        "longitude": 174.74044519618184,
        "latitude": -36.80551462591257,
        "group": "R0 - Red (229 points)",
        "canvasX": -204.45787333708967,
        "canvasY": 279.007028409717
      }
    },
    {
      "type": "Feature",
      "geometry": {
        "type": "Point",
        "coordinates": [
          174.74044485221157,
          -36.80551490316265,
          -1.595888
        ]
      },
      "properties": {
        "id": "0_39",
        "camera": "R0 - Red (Point)",
        "frame": "0190",
        "image": "pano_camera0/frame_0190_hp_preview.jpg",
        "frameId": "0190",
        "height": -1.595888,
        "coords2D": "2D: (397883.433, 808234.114)",
        "coords3D": "3D: (397883.433, 808234.114, -1.596)",
        "easting": 397883.3276529966,
        "northing": 808234.0485797189,
        "longitude": 174.74044485221157,
        "latitude": -36.80551490316265,
        "group": "R0 - Red (229 points)",
        "canvasX": -205.0278381350622,
        "canvasY": 279.5786206390263
      }
    },
    {
      "type": "Feature",
      "geometry": {
        "type": "Point",
        "coordinates": [
          174.74044153506608,
          -36.80551613546771,
          -1.810546
        ]
      },
      "properties": {
        "id": "0_40",
        "camera": "R0 - Red (Point)",
        "frame": "0191",
        "image": "pano_camera0/frame_0191_hp_preview.jpg",
        "frameId": "0191",
        "height": -1.810546,
        "coords2D": "2D: (397883.137, 808233.977)",
        "coords3D": "3D: (397883.137, 808233.977, -1.811)",
        "easting": 397883.03170154063,
        "northing": 808233.9117661457,
        "longitude": 174.74044153506608,
        "latitude": -36.80551613546771,
        "group": "R0 - Red (229 points)",
        "canvasX": -210.52514343492504,
        "canvasY": 282.11993599869794
      }
    },
    {
      "type": "Feature",
      "geometry": {
        "type": "Point",
        "coordinates": [
          174.74043681871544,
          -36.80551527476675,
          -2.170497
        ]
      },
      "properties": {
        "id": "0_41",
        "camera": "R0 - Red (Point)",
        "frame": "0192",
        "image": "pano_camera0/frame_0192_hp_preview.jpg",
        "frameId": "0192",
        "height": -2.170497,
        "coords2D": "2D: (397882.716, 808234.073)",
        "coords3D": "3D: (397882.716, 808234.073, -2.170)",
        "easting": 397882.6108428763,
        "northing": 808234.007167616,
        "longitude": 174.74043681871544,
        "latitude": -36.80551527476675,
        "group": "R0 - Red (229 points)",
        "canvasX": -218.34260308736307,
        "canvasY": 280.3478514292673
      }
    },
    {
      "type": "Feature",
      "geometry": {
        "type": "Point",
        "coordinates": [
          174.74043393324712,
          -36.805513277208696,
          -2.421538
        ]
      },
      "properties": {
        "id": "0_42",
        "camera": "R0 - Red (Point)",
        "frame": "0193",
        "image": "pano_camera0/frame_0193_hp_preview.jpg",
        "frameId": "0193",
        "height": -2.421538,
        "coords2D": "2D: (397882.458, 808234.294)",
        "coords3D": "3D: (397882.458, 808234.294, -2.422)",
        "easting": 397882.3533205908,
        "northing": 808234.2287585756,
        "longitude": 174.74043393324712,
        "latitude": -36.805513277208696,
        "group": "R0 - Red (229 points)",
        "canvasX": -223.12608563634768,
        "canvasY": 276.2317941096458
      }
    },
    {
      "type": "Feature",
      "geometry": {
        "type": "Point",
        "coordinates": [
          174.74043090116277,
          -36.805510268333,
          -2.704399
        ]
      },
      "properties": {
        "id": "0_43",
        "camera": "R0 - Red (Point)",
        "frame": "0194",
        "image": "pano_camera0/frame_0194_hp_preview.jpg",
        "frameId": "0194",
        "height": -2.704399,
        "coords2D": "2D: (397882.188, 808234.628)",
        "coords3D": "3D: (397882.188, 808234.628, -2.704)",
        "easting": 397882.0826880457,
        "northing": 808234.5625650237,
        "longitude": 174.74043090116277,
        "latitude": -36.805510268333,
        "group": "R0 - Red (229 points)",
        "canvasX": -228.15309156842383,
        "canvasY": 270.03133143678
      }
    },
    {
      "type": "Feature",
      "geometry": {
        "type": "Point",
        "coordinates": [
          174.74042853645707,
          -36.80550829004905,
          -2.917283
        ]
      },
      "properties": {
        "id": "0_44",
        "camera": "R0 - Red (Point)",
        "frame": "0195",
        "image": "pano_camera0/frame_0195_hp_preview.jpg",
        "frameId": "0195",
        "height": -2.917283,
        "coords2D": "2D: (397881.977, 808234.847)",
        "coords3D": "3D: (397881.977, 808234.847, -2.917)",
        "easting": 397881.8716333626,
        "northing": 808234.7820287901,
        "longitude": 174.74042853645707,
        "latitude": -36.80550829004905,
        "group": "R0 - Red (229 points)",
        "canvasX": -232.07343730196644,
        "canvasY": 265.9547867802624
      }
    },
    {
      "type": "Feature",
      "geometry": {
        "type": "Point",
        "coordinates": [
          174.74042577785661,
          -36.80550808618251,
          -3.121542
        ]
      },
      "properties": {
        "id": "0_45",
        "camera": "R0 - Red (Point)",
        "frame": "0196",
        "image": "pano_camera0/frame_0196_hp_preview.jpg",
        "frameId": "0196",
        "height": -3.121542,
        "coords2D": "2D: (397881.730, 808234.870)",
        "coords3D": "3D: (397881.730, 808234.870, -3.122)",
        "easting": 397881.62548073026,
        "northing": 808234.8045893125,
        "longitude": 174.74042577785661,
        "latitude": -36.80550808618251,
        "group": "R0 - Red (229 points)",
        "canvasX": -236.6457282753052,
        "canvasY": 265.5357245414922
      }
    },
    {
      "type": "Feature",
      "geometry": {
        "type": "Point",
        "coordinates": [
          174.74042030206752,
          -36.805509273903816,
          -3.493627
        ]
      },
      "properties": {
        "id": "0_46",
        "camera": "R0 - Red (Point)",
        "frame": "0197",
        "image": "pano_camera0/frame_0197_hp_preview.jpg",
        "frameId": "0197",
        "height": -3.493627,
        "coords2D": "2D: (397881.242, 808234.738)",
        "coords3D": "3D: (397881.242, 808234.738, -3.494)",
        "easting": 397881.1369145451,
        "northing": 808234.6726750014,
        "longitude": 174.74042030206752,
        "latitude": -36.805509273903816,
        "group": "R0 - Red (229 points)",
        "canvasX": -245.72085673014493,
        "canvasY": 267.9860359918936
      }
    },
    {
      "type": "Feature",
      "geometry": {
        "type": "Point",
        "coordinates": [
          174.7404128632355,
          -36.80551206699202,
          -3.974386
        ]
      },
      "properties": {
        "id": "0_47",
        "camera": "R0 - Red (Point)",
        "frame": "0198",
        "image": "pano_camera0/frame_0198_hp_preview.jpg",
        "frameId": "0198",
        "height": -3.974386,
        "coords2D": "2D: (397880.578, 808234.428)",
        "coords3D": "3D: (397880.578, 808234.428, -3.974)",
        "easting": 397880.47323237377,
        "northing": 808234.36258098,
        "longitude": 174.7404128632355,
        "latitude": -36.80551206699202,
        "group": "R0 - Red (229 points)",
        "canvasX": -258.04876877234045,
        "canvasY": 273.74603977892866
      }
    },
    {
      "type": "Feature",
      "geometry": {
        "type": "Point",
        "coordinates": [
          174.74041068597703,
          -36.80551288366005,
          -4.115116
        ]
      },
      "properties": {
        "id": "0_48",
        "camera": "R0 - Red (Point)",
        "frame": "0199",
        "image": "pano_camera0/frame_0199_hp_preview.jpg",
        "frameId": "0199",
        "height": -4.115116,
        "coords2D": "2D: (397880.384, 808234.337)",
        "coords3D": "3D: (397880.384, 808234.337, -4.115)",
        "easting": 397880.2789804111,
        "northing": 808234.2719128666,
        "longitude": 174.74041068597703,
        "latitude": -36.80551288366005,
        "group": "R0 - Red (229 points)",
        "canvasX": -261.65700357652776,
        "canvasY": 275.43020213418123
      }
    },
    {
      "type": "Feature",
      "geometry": {
        "type": "Point",
        "coordinates": [
          174.74040135981068,
          -36.80551804552616,
          -4.683064
        ]
      },
      "properties": {
        "id": "0_49",
        "camera": "R0 - Red (Point)",
        "frame": "0200",
        "image": "pano_camera0/frame_0200_hp_preview.jpg",
        "frameId": "0200",
        "height": -4.683064,
        "coords2D": "2D: (397879.552, 808233.764)",
        "coords3D": "3D: (397879.552, 808233.764, -4.683)",
        "easting": 397879.44695877365,
        "northing": 808233.6989304526,
        "longitude": 174.74040135981068,
        "latitude": -36.80551804552616,
        "group": "R0 - Red (229 points)",
        "canvasX": -277.11182518809966,
        "canvasY": 286.0733640381157
      }
    },
    {
      "type": "Feature",
      "geometry": {
        "type": "Point",
        "coordinates": [
          174.7404001495485,
          -36.80551772439272,
          -4.777532
        ]
      },
      "properties": {
        "id": "0_50",
        "camera": "R0 - Red (Point)",
        "frame": "0201",
        "image": "pano_camera0/frame_0201_hp_preview.jpg",
        "frameId": "0201",
        "height": -4.777532,
        "coords2D": "2D: (397879.444, 808233.800)",
        "coords3D": "3D: (397879.444, 808233.800, -4.778)",
        "easting": 397879.3389595096,
        "northing": 808233.7345375158,
        "longitude": 174.7404001495485,
        "latitude": -36.80551772439272,
        "group": "R0 - Red (229 points)",
        "canvasX": -279.11791407406014,
        "canvasY": 285.4119619951888
      }
    },
    {
      "type": "Feature",
      "geometry": {
        "type": "Point",
        "coordinates": [
          174.7404162266682,
          -36.80552112735229,
          -3.540702
        ]
      },
      "properties": {
        "id": "0_51",
        "camera": "R0 - Red (Point)",
        "frame": "0226",
        "image": "pano_camera0/frame_0226_hp_preview.jpg",
        "frameId": "0226",
        "height": -3.540702,
        "coords2D": "2D: (397880.879, 808233.423)",
        "coords3D": "3D: (397880.879, 808233.423, -3.541)",
        "easting": 397880.7735975955,
        "northing": 808233.3572916097,
        "longitude": 174.7404162266682,
        "latitude": -36.80552112735229,
        "group": "R0 - Red (229 points)",
        "canvasX": -252.4694776687638,
        "canvasY": 292.4193136306602
      }
    },
    {
      "type": "Feature",
      "geometry": {
        "type": "Point",
        "coordinates": [
          174.7404310359419,
          -36.80553061683506,
          -2.26825
        ]
      },
      "properties": {
        "id": "0_52",
        "camera": "R0 - Red (Point)",
        "frame": "0240",
        "image": "pano_camera0/frame_0240_hp_preview.jpg",
        "frameId": "0240",
        "height": -2.26825,
        "coords2D": "2D: (397882.200, 808232.370)",
        "coords3D": "3D: (397882.200, 808232.370, -2.268)",
        "easting": 397882.09527463204,
        "northing": 808232.3046390807,
        "longitude": 174.7404310359419,
        "latitude": -36.80553061683506,
        "group": "R0 - Red (229 points)",
        "canvasX": -227.91929542906314,
        "canvasY": 311.9723592767586
      }
    },
    {
      "type": "Feature",
      "geometry": {
        "type": "Point",
        "coordinates": [
          174.74043194153896,
          -36.80553062475451,
          -2.202432
        ]
      },
      "properties": {
        "id": "0_53",
        "camera": "R0 - Red (Point)",
        "frame": "0241",
        "image": "pano_camera0/frame_0241_hp_preview.jpg",
        "frameId": "0241",
        "height": -2.202432,
        "coords2D": "2D: (397882.281, 808232.369)",
        "coords3D": "3D: (397882.281, 808232.369, -2.202)",
        "easting": 397882.17608030164,
        "northing": 808232.30378037,
        "longitude": 174.74043194153896,
        "latitude": -36.80553062475451,
        "group": "R0 - Red (229 points)",
        "canvasX": -226.41832820282588,
        "canvasY": 311.98830984547715
      }
    },
    {
      "type": "Feature",
      "geometry": {
        "type": "Point",
        "coordinates": [
          174.74043525679136,
          -36.80553239101631,
          -1.92508
        ]
      },
      "properties": {
        "id": "0_54",
        "camera": "R0 - Red (Point)",
        "frame": "0242",
        "image": "pano_camera0/frame_0242_hp_preview.jpg",
        "frameId": "0242",
        "height": -1.92508,
        "coords2D": "2D: (397882.577, 808232.173)",
        "coords3D": "3D: (397882.577, 808232.173, -1.925)",
        "easting": 397882.4719453343,
        "northing": 808232.1078642365,
        "longitude": 174.74043525679136,
        "latitude": -36.80553239101631,
        "group": "R0 - Red (229 points)",
        "canvasX": -220.92262821820708,
        "canvasY": 315.6274566658574
      }
    },
    {
      "type": "Feature",
      "geometry": {
        "type": "Point",
        "coordinates": [
          174.7404377399286,
          -36.80553154700507,
          -1.762748
        ]
      },
      "properties": {
        "id": "0_55",
        "camera": "R0 - Red (Point)",
        "frame": "0243",
        "image": "pano_camera0/frame_0243_hp_preview.jpg",
        "frameId": "0243",
        "height": -1.762748,
        "coords2D": "2D: (397882.798, 808232.267)",
        "coords3D": "3D: (397882.798, 808232.267, -1.763)",
        "easting": 397882.69348975644,
        "northing": 808232.201573155,
        "longitude": 174.7404377399286,
        "latitude": -36.80553154700507,
        "group": "R0 - Red (229 points)",
        "canvasX": -216.80743533235204,
        "canvasY": 313.8868112844815
      }
    },
    {
      "type": "Feature",
      "geometry": {
        "type": "Point",
        "coordinates": [
          174.74043819119126,
          -36.80552926499701,
          -1.77785
        ]
      },
      "properties": {
        "id": "0_56",
        "camera": "R0 - Red (Point)",
        "frame": "0244",
        "image": "pano_camera0/frame_0244_hp_preview.jpg",
        "frameId": "0244",
        "height": -1.77785,
        "coords2D": "2D: (397882.839, 808232.520)",
        "coords3D": "3D: (397882.839, 808232.520, -1.778)",
        "easting": 397882.73369260906,
        "northing": 808232.4548013918,
        "longitude": 174.74043819119126,
        "latitude": -36.80552926499701,
        "group": "R0 - Red (229 points)",
        "canvasX": -216.06066639292067,
        "canvasY": 309.1830907909796
      }
    },
    {
      "type": "Feature",
      "geometry": {
        "type": "Point",
        "coordinates": [
          174.74043873857164,
          -36.8055282208976,
          -1.760045
        ]
      },
      "properties": {
        "id": "0_57",
        "camera": "R0 - Red (Point)",
        "frame": "0245",
        "image": "pano_camera0/frame_0245_hp_preview.jpg",
        "frameId": "0245",
        "height": -1.760045,
        "coords2D": "2D: (397882.887, 808232.636)",
        "coords3D": "3D: (397882.887, 808232.636, -1.760)",
        "easting": 397882.782506026,
        "northing": 808232.5706698152,
        "longitude": 174.74043873857164,
        "latitude": -36.8055282208976,
        "group": "R0 - Red (229 points)",
        "canvasX": -215.15395601797874,
        "canvasY": 307.03083208585736
      }
    },
    {
      "type": "Feature",
      "geometry": {
        "type": "Point",
        "coordinates": [
          174.7404403863448,
          -36.805525518340175,
          -1.697217
        ]
      },
      "properties": {
        "id": "0_58",
        "camera": "R0 - Red (Point)",
        "frame": "0246",
        "image": "pano_camera0/frame_0246_hp_preview.jpg",
        "frameId": "0246",
        "height": -1.697217,
        "coords2D": "2D: (397883.034, 808232.936)",
        "coords3D": "3D: (397883.034, 808232.936, -1.697)",
        "easting": 397882.92946065863,
        "northing": 808232.870589919,
        "longitude": 174.7404403863448,
        "latitude": -36.805525518340175,
        "group": "R0 - Red (229 points)",
        "canvasX": -212.4242702378207,
        "canvasY": 301.45980905512977
      }
    },
    {
      "type": "Feature",
      "geometry": {
        "type": "Point",
        "coordinates": [
          174.74043980020576,
          -36.80552399587796,
          -1.771611
        ]
      },
      "properties": {
        "id": "0_59",
        "camera": "R0 - Red (Point)",
        "frame": "0247",
        "image": "pano_camera0/frame_0247_hp_preview.jpg",
        "frameId": "0247",
        "height": -1.771611,
        "coords2D": "2D: (397882.982, 808233.105)",
        "coords3D": "3D: (397882.982, 808233.105, -1.772)",
        "easting": 397882.8771181848,
        "northing": 808233.0395137756,
        "longitude": 174.74043980020576,
        "latitude": -36.80552399587796,
        "group": "R0 - Red (229 points)",
        "canvasX": -213.3965329284889,
        "canvasY": 298.32204442048396
      }
    },
    {
      "type": "Feature",
      "geometry": {
        "type": "Point",
        "coordinates": [
          174.74044170957143,
          -36.805520851185776,
          -1.699083
        ]
      },
      "properties": {
        "id": "0_60",
        "camera": "R0 - Red (Point)",
        "frame": "0248",
        "image": "pano_camera0/frame_0248_hp_preview.jpg",
        "frameId": "0248",
        "height": -1.699083,
        "coords2D": "2D: (397883.152, 808233.454)",
        "coords3D": "3D: (397883.152, 808233.454, -1.699)",
        "easting": 397883.0474022779,
        "northing": 808233.3885002276,
        "longitude": 174.74044170957143,
        "latitude": -36.805520851185776,
        "group": "R0 - Red (229 points)",
        "canvasX": -210.2335018690885,
        "canvasY": 291.8396128150819
      }
    },
    {
      "type": "Feature",
      "geometry": {
        "type": "Point",
        "coordinates": [
          174.74044207856085,
          -36.805520525458306,
          -1.679158
        ]
      },
      "properties": {
        "id": "0_61",
        "camera": "R0 - Red (Point)",
        "frame": "0249",
        "image": "pano_camera0/frame_0249_hp_preview.jpg",
        "frameId": "0249",
        "height": -1.679158,
        "coords2D": "2D: (397883.185, 808233.490)",
        "coords3D": "3D: (397883.185, 808233.490, -1.679)",
        "easting": 397883.0803178463,
        "northing": 808233.4246520613,
        "longitude": 174.74044207856085,
        "latitude": -36.805520525458306,
        "group": "R0 - Red (229 points)",
        "canvasX": -209.62209440542068,
        "canvasY": 291.1680916480693
      }
    },
    {
      "type": "Feature",
      "geometry": {
        "type": "Point",
        "coordinates": [
          174.74045009538847,
          -36.80551507034878,
          -1.212276
        ]
      },
      "properties": {
        "id": "0_62",
        "camera": "R0 - Red (Point)",
        "frame": "0250",
        "image": "pano_camera0/frame_0250_hp_preview.jpg",
        "frameId": "0250",
        "height": -1.212276,
        "coords2D": "2D: (397883.900, 808234.096)",
        "coords3D": "3D: (397883.900, 808234.096, -1.212)",
        "easting": 397883.7955007212,
        "northing": 808234.030144291,
        "longitude": 174.74045009538847,
        "latitude": -36.80551507034878,
        "group": "R0 - Red (229 points)",
        "canvasX": -196.3375555757181,
        "canvasY": 279.9210591486262
      }
    },
    {
      "type": "Feature",
      "geometry": {
        "type": "Point",
        "coordinates": [
          174.74045025169485,
          -36.805514984370475,
          -1.202746
        ]
      },
      "properties": {
        "id": "0_63",
        "camera": "R0 - Red (Point)",
        "frame": "0251",
        "image": "pano_camera0/frame_0251_hp_preview.jpg",
        "frameId": "0251",
        "height": -1.202746,
        "coords2D": "2D: (397883.914, 808234.105)",
        "coords3D": "3D: (397883.914, 808234.105, -1.203)",
        "easting": 397883.8094454053,
        "northing": 808234.0396881534,
        "longitude": 174.74045025169485,
        "latitude": -36.805514984370475,
        "group": "R0 - Red (229 points)",
        "canvasX": -196.07853273804457,
        "canvasY": 279.7437816781679
      }
    },
    {
      "type": "Feature",
      "geometry": {
        "type": "Point",
        "coordinates": [
          174.74045669381925,
          -36.805512821865534,
          -0.781031
        ]
      },
      "properties": {
        "id": "0_64",
        "camera": "R0 - Red (Point)",
        "frame": "0252",
        "image": "pano_camera0/frame_0252_hp_preview.jpg",
        "frameId": "0252",
        "height": -0.781031,
        "coords2D": "2D: (397884.489, 808234.345)",
        "coords3D": "3D: (397884.489, 808234.345, -0.781)",
        "easting": 397884.3842098545,
        "northing": 808234.279788514,
        "longitude": 174.74045669381925,
        "latitude": -36.805512821865534,
        "group": "R0 - Red (229 points)",
        "canvasX": -185.40226948847146,
        "canvasY": 275.2839117958535
      }
    },
    {
      "type": "Feature",
      "geometry": {
        "type": "Point",
        "coordinates": [
          174.7404642004098,
          -36.80551257551069,
          -0.241996
        ]
      },
      "properties": {
        "id": "0_65",
        "camera": "R0 - Red (Point)",
        "frame": "0253",
        "image": "pano_camera0/frame_0253_hp_preview.jpg",
        "frameId": "0253",
        "height": -0.241996,
        "coords2D": "2D: (397885.159, 808234.373)",
        "coords3D": "3D: (397885.159, 808234.373, -0.242)",
        "easting": 397885.0540082235,
        "northing": 808234.3072907948,
        "longitude": 174.7404642004098,
        "latitude": -36.80551257551069,
        "group": "R0 - Red (229 points)",
        "canvasX": -172.96074892867955,
        "canvasY": 274.77305627882913
      }
    },
    {
      "type": "Feature",
      "geometry": {
        "type": "Point",
        "coordinates": [
          174.7404676296649,
          -36.80551623127942,
          0.083213
        ]
      },
      "properties": {
        "id": "0_66",
        "camera": "R0 - Red (Point)",
        "frame": "0254",
        "image": "pano_camera0/frame_0254_hp_preview.jpg",
        "frameId": "0254",
        "height": 0.083213,
        "coords2D": "2D: (397885.465, 808233.967)",
        "coords3D": "3D: (397885.465, 808233.967, 0.083)",
        "easting": 397885.3600975553,
        "northing": 808233.9017119025,
        "longitude": 174.7404676296649,
        "latitude": -36.80551623127942,
        "group": "R0 - Red (229 points)",
        "canvasX": -167.27513234485218,
        "canvasY": 282.306693806142
      }
    },
    {
      "type": "Feature",
      "geometry": {
        "type": "Point",
        "coordinates": [
          174.74046757180355,
          -36.80551669352188,
          0.088704
        ]
      },
      "properties": {
        "id": "0_67",
        "camera": "R0 - Red (Point)",
        "frame": "0255",
        "image": "pano_camera0/frame_0255_hp_preview.jpg",
        "frameId": "0255",
        "height": 0.088704,
        "coords2D": "2D: (397885.460, 808233.916)",
        "coords3D": "3D: (397885.460, 808233.916, 0.089)",
        "easting": 397885.3549473575,
        "northing": 808233.8504188557,
        "longitude": 174.74046757180355,
        "latitude": -36.80551669352188,
        "group": "R0 - Red (229 points)",
        "canvasX": -167.3707973913356,
        "canvasY": 283.25946336365354
      }
    },
    {
      "type": "Feature",
      "geometry": {
        "type": "Point",
        "coordinates": [
          174.74046159907675,
          -36.805520362516276,
          -0.267415
        ]
      },
      "properties": {
        "id": "0_68",
        "camera": "R0 - Red (Point)",
        "frame": "0256",
        "image": "pano_camera0/frame_0256_hp_preview.jpg",
        "frameId": "0256",
        "height": -0.267415,
        "coords2D": "2D: (397884.927, 808233.509)",
        "coords3D": "3D: (397884.927, 808233.509, -0.267)",
        "easting": 397884.82210819714,
        "northing": 808233.4431644933,
        "longitude": 174.74046159907675,
        "latitude": -36.805520362516276,
        "group": "R0 - Red (229 points)",
        "canvasX": -177.26829740860418,
        "canvasY": 290.82422278569663
      }
    },
    {
      "type": "Feature",
      "geometry": {
        "type": "Point",
        "coordinates": [
          174.74045892064083,
          -36.80552129497973,
          -0.442052
        ]
      },
      "properties": {
        "id": "0_69",
        "camera": "R0 - Red (Point)",
        "frame": "0257",
        "image": "pano_camera0/frame_0257_hp_preview.jpg",
        "frameId": "0257",
        "height": -0.442052,
        "coords2D": "2D: (397884.688, 808233.405)",
        "coords3D": "3D: (397884.688, 808233.405, -0.442)",
        "easting": 397884.5831398624,
        "northing": 808233.3396363971,
        "longitude": 174.74045892064083,
        "latitude": -36.80552129497973,
        "group": "R0 - Red (229 points)",
        "canvasX": -181.70713988257933,
        "canvasY": 292.74725962224096
      }
    },
    {
      "type": "Feature",
      "geometry": {
        "type": "Point",
        "coordinates": [
          174.7404578934198,
          -36.805521644478276,
          -0.509198
        ]
      },
      "properties": {
        "id": "0_70",
        "camera": "R0 - Red (Point)",
        "frame": "0258",
        "image": "pano_camera0/frame_0258_hp_preview.jpg",
        "frameId": "0258",
        "height": -0.509198,
        "coords2D": "2D: (397884.596, 808233.366)",
        "coords3D": "3D: (397884.596, 808233.366, -0.509)",
        "easting": 397884.4914916394,
        "northing": 808233.3008323011,
        "longitude": 174.7404578934198,
        "latitude": -36.805521644478276,
        "group": "R0 - Red (229 points)",
        "canvasX": -183.4095077946111,
        "canvasY": 293.4680466245131
      }
    },
    {
      "type": "Feature",
      "geometry": {
        "type": "Point",
        "coordinates": [
          174.74045603704369,
          -36.80552216035926,
          -0.632968
        ]
      },
      "properties": {
        "id": "0_71",
        "camera": "R0 - Red (Point)",
        "frame": "0259",
        "image": "pano_camera0/frame_0259_hp_preview.jpg",
        "frameId": "0259",
        "height": -0.632968,
        "coords2D": "2D: (397884.431, 808233.309)",
        "coords3D": "3D: (397884.431, 808233.309, -0.633)",
        "easting": 397884.32586337125,
        "northing": 808233.2435475816,
        "longitude": 174.74045603704369,
        "latitude": -36.80552216035926,
        "group": "R0 - Red (229 points)",
        "canvasX": -186.48605679559054,
        "canvasY": 294.53211164449243
      }
    },
    {
      "type": "Feature",
      "geometry": {
        "type": "Point",
        "coordinates": [
          174.74045190396959,
          -36.805523376269626,
          -0.907121
        ]
      },
      "properties": {
        "id": "0_72",
        "camera": "R0 - Red (Point)",
        "frame": "0260",
        "image": "pano_camera0/frame_0260_hp_preview.jpg",
        "frameId": "0260",
        "height": -0.907121,
        "coords2D": "2D: (397884.062, 808233.174)",
        "coords3D": "3D: (397884.062, 808233.174, -0.907)",
        "easting": 397883.9571070373,
        "northing": 808233.1085351931,
        "longitude": 174.74045190396959,
        "latitude": -36.805523376269626,
        "group": "R0 - Red (229 points)",
        "canvasX": -193.33571442852121,
        "canvasY": 297.0399699573918
      }
    },
    {
      "type": "Feature",
      "geometry": {
        "type": "Point",
        "coordinates": [
          174.7404518136854,
          -36.805523388545794,
          -0.913409
        ]
      },
      "properties": {
        "id": "0_73",
        "camera": "R0 - Red (Point)",
        "frame": "0261",
        "image": "pano_camera0/frame_0261_hp_preview.jpg",
        "frameId": "0261",
        "height": -0.913409,
        "coords2D": "2D: (397884.054, 808233.173)",
        "coords3D": "3D: (397884.054, 808233.173, -0.913)",
        "easting": 397883.9490514145,
        "northing": 808233.1071709965,
        "longitude": 174.7404518136854,
        "latitude": -36.805523388545794,
        "group": "R0 - Red (229 points)",
        "canvasX": -193.48534781288328,
        "canvasY": 297.0653099421817
      }
    },
    {
      "type": "Feature",
      "geometry": {
        "type": "Point",
        "coordinates": [
          174.74044771463707,
          -36.80552496149269,
          -1.177614
        ]
      },
      "properties": {
        "id": "0_74",
        "camera": "R0 - Red (Point)",
        "frame": "0262",
        "image": "pano_camera0/frame_0262_hp_preview.jpg",
        "frameId": "0262",
        "height": -1.177614,
        "coords2D": "2D: (397883.688, 808232.998)",
        "coords3D": "3D: (397883.688, 808232.998, -1.178)",
        "easting": 397883.5833409999,
        "northing": 808232.9325415337,
        "longitude": 174.74044771463707,
        "latitude": -36.80552496149269,
        "group": "R0 - Red (229 points)",
        "canvasX": -200.27842742113197,
        "canvasY": 300.30905634776246
      }
    },
    {
      "type": "Feature",
      "geometry": {
        "type": "Point",
        "coordinates": [
          174.74044759508863,
          -36.80552505497324,
          -1.184322
        ]
      },
      "properties": {
        "id": "0_75",
        "camera": "R0 - Red (Point)",
        "frame": "0263",
        "image": "pano_camera0/frame_0263_hp_preview.jpg",
        "frameId": "0263",
        "height": -1.184322,
        "coords2D": "2D: (397883.678, 808232.988)",
        "coords3D": "3D: (397883.678, 808232.988, -1.184)",
        "easting": 397883.57267639437,
        "northing": 808232.922166015,
        "longitude": 174.74044759508863,
        "latitude": -36.80552505497324,
        "group": "R0 - Red (229 points)",
        "canvasX": -200.47652272102445,
        "canvasY": 300.50178185179584
      }
    },
    {
      "type": "Feature",
      "geometry": {
        "type": "Point",
        "coordinates": [
          174.7404454649429,
          -36.805525816545476,
          -1.322791
        ]
      },
      "properties": {
        "id": "0_76",
        "camera": "R0 - Red (Point)",
        "frame": "0264",
        "image": "pano_camera0/frame_0264_hp_preview.jpg",
        "frameId": "0264",
        "height": -1.322791,
        "coords2D": "2D: (397883.488, 808232.903)",
        "coords3D": "3D: (397883.488, 808232.903, -1.323)",
        "easting": 397883.3826267319,
        "northing": 808232.8376126036,
        "longitude": 174.7404454649429,
        "latitude": -36.805525816545476,
        "group": "R0 - Red (229 points)",
        "canvasX": -204.0066997001262,
        "canvasY": 302.07236347094874
      }
    },
    {
      "type": "Feature",
      "geometry": {
        "type": "Point",
        "coordinates": [
          174.74044226047974,
          -36.80552700575392,
          -1.530183
        ]
      },
      "properties": {
        "id": "0_77",
        "camera": "R0 - Red (Point)",
        "frame": "0265",
        "image": "pano_camera0/frame_0265_hp_preview.jpg",
        "frameId": "0265",
        "height": -1.530183,
        "coords2D": "2D: (397883.202, 808232.771)",
        "coords3D": "3D: (397883.202, 808232.771, -1.530)",
        "easting": 397883.09672865196,
        "northing": 808232.7055836524,
        "longitude": 174.74044226047974,
        "latitude": -36.80552700575392,
        "group": "R0 - Red (229 points)",
        "canvasX": -209.3172633022046,
        "canvasY": 304.52480436451725
      }
    },
    {
      "type": "Feature",
      "geometry": {
        "type": "Point",
        "coordinates": [
          174.74043914948024,
          -36.80552692627718,
          -1.757383
        ]
      },
      "properties": {
        "id": "0_78",
        "camera": "R0 - Red (Point)",
        "frame": "0266",
        "image": "pano_camera0/frame_0266_hp_preview.jpg",
        "frameId": "0266",
        "height": -1.757383,
        "coords2D": "2D: (397882.924, 808232.780)",
        "coords3D": "3D: (397882.924, 808232.780, -1.757)",
        "easting": 397882.8191353192,
        "northing": 808232.7143337555,
        "longitude": 174.74043914948024,
        "latitude": -36.80552692627718,
        "group": "R0 - Red (229 points)",
        "canvasX": -214.47356602988606,
        "canvasY": 304.36227099171884
      }
    },
    {
      "type": "Feature",
      "geometry": {
        "type": "Point",
        "coordinates": [
          174.74043644709008,
          -36.80552627050839,
          -1.967036
        ]
      },
      "properties": {
        "id": "0_79",
        "camera": "R0 - Red (Point)",
        "frame": "0267",
        "image": "pano_camera0/frame_0267_hp_preview.jpg",
        "frameId": "0267",
        "height": -1.967036,
        "coords2D": "2D: (397882.683, 808232.852)",
        "coords3D": "3D: (397882.683, 808232.852, -1.967)",
        "easting": 397882.5779858891,
        "northing": 808232.7870399381,
        "longitude": 174.74043644709008,
        "latitude": -36.80552627050839,
        "group": "R0 - Red (229 points)",
        "canvasX": -218.95292240157468,
        "canvasY": 303.01175192785445
      }
    },
    {
      "type": "Feature",
      "geometry": {
        "type": "Point",
        "coordinates": [
          174.7404340210871,
          -36.80552358141027,
          -2.199258
        ]
      },
      "properties": {
        "id": "0_80",
        "camera": "R0 - Red (Point)",
        "frame": "0268",
        "image": "pano_camera0/frame_0268_hp_preview.jpg",
        "frameId": "0268",
        "height": -2.199258,
        "coords2D": "2D: (397882.466, 808233.151)",
        "coords3D": "3D: (397882.466, 808233.151, -2.199)",
        "easting": 397882.3614421988,
        "northing": 808233.085376366,
        "longitude": 174.7404340210871,
        "latitude": -36.80552358141027,
        "group": "R0 - Red (229 points)",
        "canvasX": -222.97522657493172,
        "canvasY": 297.4701457194933
      }
    },
    {
      "type": "Feature",
      "geometry": {
        "type": "Point",
        "coordinates": [
          174.74043038061416,
          -36.8055187617228,
          -2.564168
        ]
      },
      "properties": {
        "id": "0_81",
        "camera": "R0 - Red (Point)",
        "frame": "0269",
        "image": "pano_camera0/frame_0269_hp_preview.jpg",
        "frameId": "0269",
        "height": -2.564168,
        "coords2D": "2D: (397882.141, 808233.686)",
        "coords3D": "3D: (397882.141, 808233.686, -2.564)",
        "easting": 397882.03647395235,
        "northing": 808233.6201022795,
        "longitude": 174.74043038061416,
        "latitude": -36.8055187617228,
        "group": "R0 - Red (229 points)",
        "canvasX": -229.01151944552936,
        "canvasY": 287.5375992197851
      }
    },
    {
      "type": "Feature",
      "geometry": {
        "type": "Point",
        "coordinates": [
          174.74042891792485,
          -36.80551642180966,
          -2.719237
        ]
      },
      "properties": {
        "id": "0_82",
        "camera": "R0 - Red (Point)",
        "frame": "0270",
        "image": "pano_camera0/frame_0270_hp_preview.jpg",
        "frameId": "0270",
        "height": -2.719237,
        "coords2D": "2D: (397882.011, 808233.945)",
        "coords3D": "3D: (397882.011, 808233.945, -2.719)",
        "easting": 397881.9058952937,
        "northing": 808233.8797134476,
        "longitude": 174.74042891792485,
        "latitude": -36.80551642180966,
        "group": "R0 - Red (229 points)",
        "canvasX": -231.43702112157442,
        "canvasY": 282.71531562506516
      }
    },
    {
      "type": "Feature",
      "geometry": {
        "type": "Point",
        "coordinates": [
          174.74042661333078,
          -36.80551191334535,
          -2.98078
        ]
      },
      "properties": {
        "id": "0_83",
        "camera": "R0 - Red (Point)",
        "frame": "0271",
        "image": "pano_camera0/frame_0271_hp_preview.jpg",
        "frameId": "0271",
        "height": -2.98078,
        "coords2D": "2D: (397881.805, 808234.445)",
        "coords3D": "3D: (397881.805, 808234.445, -2.981)",
        "easting": 397881.7001346271,
        "northing": 808234.3799347081,
        "longitude": 174.74042661333078,
        "latitude": -36.80551191334535,
        "group": "R0 - Red (229 points)",
        "canvasX": -235.2590303742009,
        "canvasY": 273.42369386932535
      }
    },
    {
      "type": "Feature",
      "geometry": {
        "type": "Point",
        "coordinates": [
          174.74042438286256,
          -36.80550771963081,
          -3.230354
        ]
      },
      "properties": {
        "id": "0_84",
        "camera": "R0 - Red (Point)",
        "frame": "0272",
        "image": "pano_camera0/frame_0272_hp_preview.jpg",
        "frameId": "0272",
        "height": -3.230354,
        "coords2D": "2D: (397881.606, 808234.911)",
        "coords3D": "3D: (397881.606, 808234.911, -3.230)",
        "easting": 397881.50099677633,
        "northing": 808234.8452320548,
        "longitude": 174.74042438286256,
        "latitude": -36.80550771963081,
        "group": "R0 - Red (229 points)",
        "canvasX": -238.9580206661842,
        "canvasY": 264.7807846403364
      }
    },
    {
      "type": "Feature",
      "geometry": {
        "type": "Point",
        "coordinates": [
          174.7404230204235,
          -36.805505433039336,
          -3.377038
        ]
      },
      "properties": {
        "id": "0_85",
        "camera": "R0 - Red (Point)",
        "frame": "0273",
        "image": "pano_camera0/frame_0273_hp_preview.jpg",
        "frameId": "0273",
        "height": -3.377038,
        "coords2D": "2D: (397881.484, 808235.164)",
        "coords3D": "3D: (397881.484, 808235.164, -3.377)",
        "easting": 397881.37936478044,
        "northing": 808235.0989287077,
        "longitude": 174.7404230204235,
        "latitude": -36.805505433039336,
        "group": "R0 - Red (229 points)",
        "canvasX": -241.21733786857166,
        "canvasY": 260.06836330973056
      }
    },
    {
      "type": "Feature",
      "geometry": {
        "type": "Point",
        "coordinates": [
          174.74041895516203,
          -36.805498149098014,
          -3.824379
        ]
      },
      "properties": {
        "id": "0_86",
        "camera": "R0 - Red (Point)",
        "frame": "0274",
        "image": "pano_camera0/frame_0274_hp_preview.jpg",
        "frameId": "0274",
        "height": -3.824379,
        "coords2D": "2D: (397881.121, 808235.972)",
        "coords3D": "3D: (397881.121, 808235.972, -3.824)",
        "easting": 397881.0164250585,
        "northing": 808235.907085939,
        "longitude": 174.74041895516203,
        "latitude": -36.805498149098014,
        "group": "R0 - Red (229 points)",
        "canvasX": -247.95895179534733,
        "canvasY": 245.05682360802155
      }
    },
    {
      "type": "Feature",
      "geometry": {
        "type": "Point",
        "coordinates": [
          174.7404183938841,
          -36.80549739822446,
          -3.880803
        ]
      },
      "properties": {
        "id": "0_87",
        "camera": "R0 - Red (Point)",
        "frame": "0275",
        "image": "pano_camera0/frame_0275_hp_preview.jpg",
        "frameId": "0275",
        "height": -3.880803,
        "coords2D": "2D: (397881.071, 808236.056)",
        "coords3D": "3D: (397881.071, 808236.056, -3.881)",
        "easting": 397880.96632212657,
        "northing": 808235.9903926151,
        "longitude": 174.7404183938841,
        "latitude": -36.80549739822446,
        "group": "R0 - Red (229 points)",
        "canvasX": -248.88961494165986,
        "canvasY": 243.50940012649872
      }
    },
    {
      "type": "Feature",
      "geometry": {
        "type": "Point",
        "coordinates": [
          174.74041494991934,
          -36.8054915219795,
          -4.253606
        ]
      },
      "properties": {
        "id": "0_88",
        "camera": "R0 - Red (Point)",
        "frame": "0276",
        "image": "pano_camera0/frame_0276_hp_preview.jpg",
        "frameId": "0276",
        "height": -4.253606,
        "coords2D": "2D: (397880.764, 808236.708)",
        "coords3D": "3D: (397880.764, 808236.708, -4.254)",
        "easting": 397880.65885878826,
        "northing": 808236.6423615158,
        "longitude": 174.74041494991934,
        "latitude": -36.8054915219795,
        "group": "R0 - Red (229 points)",
        "canvasX": -254.60075372878165,
        "canvasY": 231.3990623632822
      }
    },
    {
      "type": "Feature",
      "geometry": {
        "type": "Point",
        "coordinates": [
          174.74041370611639,
          -36.80548975287928,
          -4.380846
        ]
      },
      "properties": {
        "id": "0_89",
        "camera": "R0 - Red (Point)",
        "frame": "0277",
        "image": "pano_camera0/frame_0277_hp_preview.jpg",
        "frameId": "0277",
        "height": -4.380846,
        "coords2D": "2D: (397880.653, 808236.904)",
        "coords3D": "3D: (397880.653, 808236.904, -4.381)",
        "easting": 397880.5478267799,
        "northing": 808236.8386384541,
        "longitude": 174.74041370611639,
        "latitude": -36.80548975287928,
        "group": "R0 - Red (229 points)",
        "canvasX": -256.66317591312566,
        "canvasY": 227.75321358704193
      }
    },
    {
      "type": "Feature",
      "geometry": {
        "type": "Point",
        "coordinates": [
          174.74040965293798,
          -36.80548435380552,
          -4.787816
        ]
      },
      "properties": {
        "id": "0_90",
        "camera": "R0 - Red (Point)",
        "frame": "0278",
        "image": "pano_camera0/frame_0278_hp_preview.jpg",
        "frameId": "0278",
        "height": -4.787816,
        "coords2D": "2D: (397880.291, 808237.503)",
        "coords3D": "3D: (397880.291, 808237.503, -4.788)",
        "easting": 397880.1860170238,
        "northing": 808237.4376455344,
        "longitude": 174.74040965293798,
        "latitude": -36.80548435380552,
        "group": "R0 - Red (229 points)",
        "canvasX": -263.3838006965581,
        "canvasY": 216.62664289035862
      }
    },
    {
      "type": "Feature",
      "geometry": {
        "type": "Point",
        "coordinates": [
          174.74040814942344,
          -36.80548144014213,
          -4.957867
        ]
      },
      "properties": {
        "id": "0_91",
        "camera": "R0 - Red (Point)",
        "frame": "0279",
        "image": "pano_camera0/frame_0279_hp_preview.jpg",
        "frameId": "0279",
        "height": -4.957867,
        "coords2D": "2D: (397880.157, 808237.826)",
        "coords3D": "3D: (397880.157, 808237.826, -4.958)",
        "easting": 397880.0517796408,
        "northing": 808237.7609207628,
        "longitude": 174.74040814942344,
        "latitude": -36.80548144014213,
        "group": "R0 - Red (229 points)",
        "canvasX": -265.87726326369415,
        "canvasY": 210.6217978705854
      }
    },
    {
      "type": "Feature",
      "geometry": {
        "type": "Point",
        "coordinates": [
          174.7404033668657,
          -36.80547406482072,
          -5.459124
        ]
      },
      "properties": {
        "id": "0_92",
        "camera": "R0 - Red (Point)",
        "frame": "0280",
        "image": "pano_camera0/frame_0280_hp_preview.jpg",
        "frameId": "0280",
        "height": -5.459124,
        "coords2D": "2D: (397879.730, 808238.645)",
        "coords3D": "3D: (397879.730, 808238.645, -5.459)",
        "easting": 397879.6248335439,
        "northing": 808238.5792018317,
        "longitude": 174.7404033668657,
        "latitude": -36.80547406482072,
        "group": "R0 - Red (229 points)",
        "canvasX": -273.8077971196096,
        "canvasY": 195.42220764552704
      }
    },
    {
      "type": "Feature",
      "geometry": {
        "type": "Point",
        "coordinates": [
          174.74040263593608,
          -36.80547267946033,
          -5.541142
        ]
      },
      "properties": {
        "id": "0_93",
        "camera": "R0 - Red (Point)",
        "frame": "0281",
        "image": "pano_camera0/frame_0281_hp_preview.jpg",
        "frameId": "0281",
        "height": -5.541142,
        "coords2D": "2D: (397879.665, 808238.798)",
        "coords3D": "3D: (397879.665, 808238.798, -5.541)",
        "easting": 397879.55957523256,
        "northing": 808238.7329092392,
        "longitude": 174.74040263593608,
        "latitude": -36.80547267946033,
        "group": "R0 - Red (229 points)",
        "canvasX": -275.0199717977193,
        "canvasY": 192.56708891253524
      }
    },
    {
      "type": "Feature",
      "geometry": {
        "type": "Point",
        "coordinates": [
          174.7404010907937,
          -36.80547071029721,
          -5.69442
        ]
      },
      "properties": {
        "id": "0_94",
        "camera": "R0 - Red (Point)",
        "frame": "0282",
        "image": "pano_camera0/frame_0282_hp_preview.jpg",
        "frameId": "0282",
        "height": -5.69442,
        "coords2D": "2D: (397879.527, 808239.017)",
        "coords3D": "3D: (397879.527, 808239.017, -5.694)",
        "easting": 397879.42164944415,
        "northing": 808238.9513790399,
        "longitude": 174.7404010907937,
        "latitude": -36.80547071029721,
        "group": "R0 - Red (229 points)",
        "canvasX": -277.5819465828193,
        "canvasY": 188.50900719437783
      }
    },
    {
      "type": "Feature",
      "geometry": {
        "type": "Point",
        "coordinates": [
          174.7403982562537,
          -36.80546931769228,
          -5.929093
        ]
      },
      "properties": {
        "id": "0_95",
        "camera": "R0 - Red (Point)",
        "frame": "0283",
        "image": "pano_camera0/frame_0283_hp_preview.jpg",
        "frameId": "0283",
        "height": -5.929093,
        "coords2D": "2D: (397879.274, 808239.171)",
        "coords3D": "3D: (397879.274, 808239.171, -5.929)",
        "easting": 397879.16868789244,
        "northing": 808239.1058436753,
        "longitude": 174.7403982562537,
        "latitude": -36.80546931769228,
        "group": "R0 - Red (229 points)",
        "canvasX": -282.2807133938834,
        "canvasY": 185.639822933623
      }
    },
    {
      "type": "Feature",
      "geometry": {
        "type": "Point",
        "coordinates": [
          174.74039264549066,
          -36.80547025501543,
          -6.31621
        ]
      },
      "properties": {
        "id": "0_96",
        "camera": "R0 - Red (Point)",
        "frame": "0284",
        "image": "pano_camera0/frame_0284_hp_preview.jpg",
        "frameId": "0284",
        "height": -6.31621,
        "coords2D": "2D: (397878.773, 808239.067)",
        "coords3D": "3D: (397878.773, 808239.067, -6.316)",
        "easting": 397878.66807100497,
        "northing": 808239.0017111367,
        "longitude": 174.74039264549066,
        "latitude": -36.80547025501543,
        "group": "R0 - Red (229 points)",
        "canvasX": -291.5796839287718,
        "canvasY": 187.5740873042605
      }
    },
    {
      "type": "Feature",
      "geometry": {
        "type": "Point",
        "coordinates": [
          174.74039218602542,
          -36.805470581846535,
          -6.342671
        ]
      },
      "properties": {
        "id": "0_97",
        "camera": "R0 - Red (Point)",
        "frame": "0285",
        "image": "pano_camera0/frame_0285_hp_preview.jpg",
        "frameId": "0285",
        "height": -6.342671,
        "coords2D": "2D: (397878.732, 808239.031)",
        "coords3D": "3D: (397878.732, 808239.031, -6.343)",
        "easting": 397878.6270824005,
        "northing": 808238.9654348148,
        "longitude": 174.74039218602542,
        "latitude": -36.805470581846535,
        "group": "R0 - Red (229 points)",
        "canvasX": -292.34104822740227,
        "canvasY": 188.24792084317335
      }
    },
    {
      "type": "Feature",
      "geometry": {
        "type": "Point",
        "coordinates": [
          174.74038872265393,
          -36.805472765378404,
          -6.547998
        ]
      },
      "properties": {
        "id": "0_98",
        "camera": "R0 - Red (Point)",
        "frame": "0286",
        "image": "pano_camera0/frame_0286_hp_preview.jpg",
        "frameId": "0286",
        "height": -6.547998,
        "coords2D": "2D: (397878.423, 808238.788)",
        "coords3D": "3D: (397878.423, 808238.788, -6.548)",
        "easting": 397878.3181094941,
        "northing": 808238.7230669463,
        "longitude": 174.74038872265393,
        "latitude": -36.805472765378404,
        "group": "R0 - Red (229 points)",
        "canvasX": -298.0802272776195,
        "canvasY": 192.74990973780018
      }
    },
    {
      "type": "Feature",
      "geometry": {
        "type": "Point",
        "coordinates": [
          174.74038801221505,
          -36.80547485325184,
          -6.555753
        ]
      },
      "properties": {
        "id": "0_99",
        "camera": "R0 - Red (Point)",
        "frame": "0287",
        "image": "pano_camera0/frame_0287_hp_preview.jpg",
        "frameId": "0287",
        "height": -6.555753,
        "coords2D": "2D: (397878.360, 808238.557)",
        "coords3D": "3D: (397878.360, 808238.557, -6.556)",
        "easting": 397878.2547753505,
        "northing": 808238.491374682,
        "longitude": 174.74038801221505,
        "latitude": -36.80547485325184,
        "group": "R0 - Red (229 points)",
        "canvasX": -299.25666049362565,
        "canvasY": 197.0535990305879
      }
    },
    {
      "type": "Feature",
      "geometry": {
        "type": "Point",
        "coordinates": [
          174.74038702320044,
          -36.80547756438142,
          -6.570644
        ]
      },
      "properties": {
        "id": "0_100",
        "camera": "R0 - Red (Point)",
        "frame": "0288",
        "image": "pano_camera0/frame_0288_hp_preview.jpg",
        "frameId": "0288",
        "height": -6.570644,
        "coords2D": "2D: (397878.272, 808238.256)",
        "coords3D": "3D: (397878.272, 808238.256, -6.571)",
        "easting": 397878.16660138086,
        "northing": 808238.1905179254,
        "longitude": 174.74038702320044,
        "latitude": -36.80547756438142,
        "group": "R0 - Red (229 points)",
        "canvasX": -300.89449406720854,
        "canvasY": 202.64202040541505
      }
    },
    {
      "type": "Feature",
      "geometry": {
        "type": "Point",
        "coordinates": [
          174.74038555942198,
          -36.80547900865099,
          -6.646499
        ]
      },
      "properties": {
        "id": "0_101",
        "camera": "R0 - Red (Point)",
        "frame": "0289",
        "image": "pano_camera0/frame_0289_hp_preview.jpg",
        "frameId": "0289",
        "height": -6.646499,
        "coords2D": "2D: (397878.141, 808238.096)",
        "coords3D": "3D: (397878.141, 808238.096, -6.646)",
        "easting": 397878.0360297654,
        "northing": 808238.0302250994,
        "longitude": 174.74038555942198,
        "latitude": -36.80547900865099,
        "group": "R0 - Red (229 points)",
        "canvasX": -303.31986491518353,
        "canvasY": 205.61946344410728
      }
    },
    {
      "type": "Feature",
      "geometry": {
        "type": "Point",
        "coordinates": [
          174.74038191303134,
          -36.8054795063379,
          -6.900419
        ]
      },
      "properties": {
        "id": "0_102",
        "camera": "R0 - Red (Point)",
        "frame": "0290",
        "image": "pano_camera0/frame_0290_hp_preview.jpg",
        "frameId": "0290",
        "height": -6.900419,
        "coords2D": "2D: (397877.816, 808238.040)",
        "coords3D": "3D: (397877.816, 808238.040, -6.900)",
        "easting": 397877.71067977464,
        "northing": 808237.9749193998,
        "longitude": 174.74038191303134,
        "latitude": -36.8054795063379,
        "group": "R0 - Red (229 points)",
        "canvasX": -309.36324869548247,
        "canvasY": 206.64676812307945
      }
    },
    {
      "type": "Feature",
      "geometry": {
        "type": "Point",
        "coordinates": [
          174.74037444820976,
          -36.80547918368116,
          -7.448349
        ]
      },
      "properties": {
        "id": "0_103",
        "camera": "R0 - Red (Point)",
        "frame": "0291",
        "image": "pano_camera0/frame_0291_hp_preview.jpg",
        "frameId": "0291",
        "height": -7.448349,
        "coords2D": "2D: (397877.150, 808238.076)",
        "coords3D": "3D: (397877.150, 808238.076, -7.448)",
        "easting": 397877.0445924379,
        "northing": 808238.0105566507,
        "longitude": 174.74037444820976,
        "latitude": -36.80547918368116,
        "group": "R0 - Red (229 points)",
        "canvasX": -321.7358367426833,
        "canvasY": 205.98480534401605
      }
    },
    {
      "type": "Feature",
      "geometry": {
        "type": "Point",
        "coordinates": [
          174.74037146829363,
          -36.80547934922403,
          -7.660912
        ]
      },
      "properties": {
        "id": "0_104",
        "camera": "R0 - Red (Point)",
        "frame": "0292",
        "image": "pano_camera0/frame_0292_hp_preview.jpg",
        "frameId": "0292",
        "height": -7.660912,
        "coords2D": "2D: (397876.884, 808238.058)",
        "coords3D": "3D: (397876.884, 808238.058, -7.661)",
        "easting": 397876.7787021242,
        "northing": 808237.9921213809,
        "longitude": 174.74037146829363,
        "latitude": -36.80547934922403,
        "group": "R0 - Red (229 points)",
        "canvasX": -326.67475561319634,
        "canvasY": 206.32724091742796
      }
    },
    {
      "type": "Feature",
      "geometry": {
        "type": "Point",
        "coordinates": [
          174.74036901890383,
          -36.80547936586843,
          -7.838134
        ]
      },
      "properties": {
        "id": "0_105",
        "camera": "R0 - Red (Point)",
        "frame": "0293",
        "image": "pano_camera0/frame_0293_hp_preview.jpg",
        "frameId": "0293",
        "height": -7.838134,
        "coords2D": "2D: (397876.665, 808238.056)",
        "coords3D": "3D: (397876.665, 808238.056, -7.838)",
        "easting": 397876.56014602346,
        "northing": 808237.9902200892,
        "longitude": 174.74036901890383,
        "latitude": -36.80547936586843,
        "group": "R0 - Red (229 points)",
        "canvasX": -330.7344403580747,
        "canvasY": 206.36255745541035
      }
    },
    {
      "type": "Feature",
      "geometry": {
        "type": "Point",
        "coordinates": [
          174.74036179304807,
          -36.80548312269859,
          -8.283259
        ]
      },
      "properties": {
        "id": "0_106",
        "camera": "R0 - Red (Point)",
        "frame": "0294",
        "image": "pano_camera0/frame_0294_hp_preview.jpg",
        "frameId": "0294",
        "height": -8.283259,
        "coords2D": "2D: (397876.020, 808237.639)",
        "coords3D": "3D: (397876.020, 808237.639, -8.283)",
        "easting": 397875.9154940304,
        "northing": 808237.5731908359,
        "longitude": 174.74036179304807,
        "latitude": -36.80548312269859,
        "group": "R0 - Red (229 points)",
        "canvasX": -342.7088663892518,
        "canvasY": 214.1088857074833
      }
    },
    {
      "type": "Feature",
      "geometry": {
        "type": "Point",
        "coordinates": [
          174.74036148277088,
          -36.80548362068962,
          -8.295318
        ]
      },
      "properties": {
        "id": "0_107",
        "camera": "R0 - Red (Point)",
        "frame": "0295",
        "image": "pano_camera0/frame_0295_hp_preview.jpg",
        "frameId": "0295",
        "height": -8.295318,
        "coords2D": "2D: (397875.993, 808237.583)",
        "coords3D": "3D: (397875.993, 808237.583, -8.295)",
        "easting": 397875.88782206934,
        "northing": 808237.5179254143,
        "longitude": 174.74036148277088,
        "latitude": -36.80548362068962,
        "group": "R0 - Red (229 points)",
        "canvasX": -343.22287372152516,
        "canvasY": 215.1354422222942
      }
    },
    {
      "type": "Feature",
      "geometry": {
        "type": "Point",
        "coordinates": [
          174.74036235885467,
          -36.80548979304124,
          -8.102471
        ]
      },
      "properties": {
        "id": "0_108",
        "camera": "R0 - Red (Point)",
        "frame": "0296",
        "image": "pano_camera0/frame_0296_hp_preview.jpg",
        "frameId": "0296",
        "height": -8.102471,
        "coords2D": "2D: (397876.071, 808236.898)",
        "coords3D": "3D: (397876.071, 808236.898, -8.102)",
        "easting": 397875.96616460435,
        "northing": 808236.833042799,
        "longitude": 174.74036235885467,
        "latitude": -36.80548979304124,
        "group": "R0 - Red (229 points)",
        "canvasX": -341.7676592786212,
        "canvasY": 227.85715301292367
      }
    },
    {
      "type": "Feature",
      "geometry": {
        "type": "Point",
        "coordinates": [
          174.74036658255253,
          -36.805491686831935,
          -7.756588
        ]
      },
      "properties": {
        "id": "0_109",
        "camera": "R0 - Red (Point)",
        "frame": "0297",
        "image": "pano_camera0/frame_0297_hp_preview.jpg",
        "frameId": "0297",
        "height": -7.756588,
        "coords2D": "2D: (397876.448, 808236.688)",
        "coords3D": "3D: (397876.448, 808236.688, -7.757)",
        "easting": 397876.3430931099,
        "northing": 808236.6229960794,
        "longitude": 174.74036658255253,
        "latitude": -36.805491686831935,
        "group": "R0 - Red (229 points)",
        "canvasX": -334.76620336566094,
        "canvasY": 231.75877580143748
      }
    },
    {
      "type": "Feature",
      "geometry": {
        "type": "Point",
        "coordinates": [
          174.7403705575723,
          -36.8054927339593,
          -7.446474
        ]
      },
      "properties": {
        "id": "0_110",
        "camera": "R0 - Red (Point)",
        "frame": "0298",
        "image": "pano_camera0/frame_0298_hp_preview.jpg",
        "frameId": "0298",
        "height": -7.446474,
        "coords2D": "2D: (397876.803, 808236.572)",
        "coords3D": "3D: (397876.803, 808236.572, -7.446)",
        "easting": 397876.69780893414,
        "northing": 808236.5068920454,
        "longitude": 174.7403705575723,
        "latitude": -36.8054927339593,
        "group": "R0 - Red (229 points)",
        "canvasX": -328.17734853362964,
        "canvasY": 233.9154109829842
      }
    },
    {
      "type": "Feature",
      "geometry": {
        "type": "Point",
        "coordinates": [
          174.74037369035477,
          -36.805493449871065,
          -7.204359
        ]
      },
      "properties": {
        "id": "0_111",
        "camera": "R0 - Red (Point)",
        "frame": "0299",
        "image": "pano_camera0/frame_0299_hp_preview.jpg",
        "frameId": "0299",
        "height": -7.204359,
        "coords2D": "2D: (397877.082, 808236.493)",
        "coords3D": "3D: (397877.082, 808236.493, -7.204)",
        "easting": 397876.97736363916,
        "northing": 808236.4275219438,
        "longitude": 174.74037369035477,
        "latitude": -36.805493449871065,
        "group": "R0 - Red (229 points)",
        "canvasX": -322.9846132701754,
        "canvasY": 235.38971249721868
      }
    },
    {
      "type": "Feature",
      "geometry": {
        "type": "Point",
        "coordinates": [
          174.74037964573517,
          -36.80549490393949,
          -6.74215
        ]
      },
      "properties": {
        "id": "0_112",
        "camera": "R0 - Red (Point)",
        "frame": "0300",
        "image": "pano_camera0/frame_0300_hp_preview.jpg",
        "frameId": "0300",
        "height": -6.74215,
        "coords2D": "2D: (397877.614, 808236.332)",
        "coords3D": "3D: (397877.614, 808236.332, -6.742)",
        "easting": 397877.5087962036,
        "northing": 808236.2663064724,
        "longitude": 174.74037964573517,
        "latitude": -36.80549490393949,
        "group": "R0 - Red (229 points)",
        "canvasX": -313.1132408058493,
        "canvasY": 238.38429369558233
      }
    },
    {
      "type": "Feature",
      "geometry": {
        "type": "Point",
        "coordinates": [
          174.7403838254077,
          -36.80549571366538,
          -6.422174
        ]
      },
      "properties": {
        "id": "0_113",
        "camera": "R0 - Red (Point)",
        "frame": "0301",
        "image": "pano_camera0/frame_0301_hp_preview.jpg",
        "frameId": "0301",
        "height": -6.422174,
        "coords2D": "2D: (397877.987, 808236.242)",
        "coords3D": "3D: (397877.987, 808236.242, -6.422)",
        "easting": 397877.88176639716,
        "northing": 808236.1765496881,
        "longitude": 174.7403838254077,
        "latitude": -36.80549571366538,
        "group": "R0 - Red (229 points)",
        "canvasX": -306.18531063187834,
        "canvasY": 240.051528087345
      }
    },
    {
      "type": "Feature",
      "geometry": {
        "type": "Point",
        "coordinates": [
          174.74038812074028,
          -36.80549617763678,
          -6.101058
        ]
      },
      "properties": {
        "id": "0_114",
        "camera": "R0 - Red (Middle)",
        "frame": "0302",
        "image": "pano_camera0/frame_0302_hp_preview.jpg",
        "frameId": "0302",
        "height": -6.101058,
        "coords2D": "2D: (397878.400, 808236.209)",
        "coords3D": "3D: (397878.400, 808236.209, -6.101)",
        "easting": 397878.2650472711,
        "northing": 808236.1251613746,
        "longitude": 174.74038812074028,
        "latitude": -36.80549617763678,
        "group": "R0 - Red (229 points)",
        "canvasX": -299.0658593254534,
        "canvasY": 241.00606722836932
      }
    },
    {
      "type": "Feature",
      "geometry": {
        "type": "Point",
        "coordinates": [
          174.74039420022245,
          -36.805496042359785,
          -5.663155
        ]
      },
      "properties": {
        "id": "0_115",
        "camera": "R0 - Red (Point)",
        "frame": "0303",
        "image": "pano_camera0/frame_0303_hp_preview.jpg",
        "frameId": "0303",
        "height": -5.663155,
        "coords2D": "2D: (397878.912, 808236.206)",
        "coords3D": "3D: (397878.912, 808236.206, -5.663)",
        "easting": 397878.8075094288,
        "northing": 808236.1403069627,
        "longitude": 174.74039420022245,
        "latitude": -36.805496042359785,
        "group": "R0 - Red (229 points)",
        "canvasX": -288.9896119054477,
        "canvasY": 240.7247375704079
      }
    },
    {
      "type": "Feature",
      "geometry": {
        "type": "Point",
        "coordinates": [
          174.74039728144515,
          -36.80549606707916,
          -5.439261
        ]
      },
      "properties": {
        "id": "0_116",
        "camera": "R0 - Red (Point)",
        "frame": "0304",
        "image": "pano_camera0/frame_0304_hp_preview.jpg",
        "frameId": "0304",
        "height": -5.439261,
        "coords2D": "2D: (397879.187, 808236.203)",
        "coords3D": "3D: (397879.187, 808236.203, -5.439)",
        "easting": 397879.082444417,
        "northing": 808236.1376323657,
        "longitude": 174.74039728144515,
        "latitude": -36.80549606707916,
        "group": "R0 - Red (229 points)",
        "canvasX": -283.88268799180855,
        "canvasY": 240.77441827252665
      }
    },
    {
      "type": "Feature",
      "geometry": {
        "type": "Point",
        "coordinates": [
          174.74040439108288,
          -36.80549668540873,
          -4.910885
        ]
      },
      "properties": {
        "id": "0_117",
        "camera": "R0 - Red (Point)",
        "frame": "0305",
        "image": "pano_camera0/frame_0305_hp_preview.jpg",
        "frameId": "0305",
        "height": -4.910885,
        "coords2D": "2D: (397879.822, 808236.135)",
        "coords3D": "3D: (397879.822, 808236.135, -4.911)",
        "easting": 397879.71684706473,
        "northing": 808236.069178365,
        "longitude": 174.74040439108288,
        "latitude": -36.80549668540873,
        "group": "R0 - Red (229 points)",
        "canvasX": -272.09864379265844,
        "canvasY": 242.04595295503577
      }
    },
    {
      "type": "Feature",
      "geometry": {
        "type": "Point",
        "coordinates": [
          174.7404110831497,
          -36.805498623889434,
          -4.385119
        ]
      },
      "properties": {
        "id": "0_118",
        "camera": "R0 - Red (Point)",
        "frame": "0306",
        "image": "pano_camera0/frame_0306_hp_preview.jpg",
        "frameId": "0306",
        "height": -4.385119,
        "coords2D": "2D: (397880.419, 808235.920)",
        "coords3D": "3D: (397880.419, 808235.920, -4.385)",
        "easting": 397880.31402666896,
        "northing": 808235.8542272561,
        "longitude": 174.7404110831497,
        "latitude": -36.805498623889434,
        "group": "R0 - Red (229 points)",
        "canvasX": -261.00601850788775,
        "canvasY": 246.03867489140976
      }
    },
    {
      "type": "Feature",
      "geometry": {
        "type": "Point",
        "coordinates": [
          174.74041514582686,
          -36.805500478709895,
          -4.051726
        ]
      },
      "properties": {
        "id": "0_119",
        "camera": "R0 - Red (Point)",
        "frame": "0307",
        "image": "pano_camera0/frame_0307_hp_preview.jpg",
        "frameId": "0307",
        "height": -4.051726,
        "coords2D": "2D: (397880.782, 808235.714)",
        "coords3D": "3D: (397880.782, 808235.714, -4.052)",
        "easting": 397880.676586243,
        "northing": 808235.6485010255,
        "longitude": 174.74041514582686,
        "latitude": -36.805500478709895,
        "group": "R0 - Red (229 points)",
        "canvasX": -254.27146583784142,
        "canvasY": 249.86004449610658
      }
    },
    {
      "type": "Feature",
      "geometry": {
        "type": "Point",
        "coordinates": [
          174.7404160129186,
          -36.80550114500444,
          -3.974904
        ]
      },
      "properties": {
        "id": "0_120",
        "camera": "R0 - Red (Point)",
        "frame": "0308",
        "image": "pano_camera0/frame_0308_hp_preview.jpg",
        "frameId": "0308",
        "height": -3.974904,
        "coords2D": "2D: (397880.859, 808235.640)",
        "coords3D": "3D: (397880.859, 808235.640, -3.975)",
        "easting": 397880.75397429446,
        "northing": 808235.5745862605,
        "longitude": 174.7404160129186,
        "latitude": -36.80550114500444,
        "group": "R0 - Red (229 points)",
        "canvasX": -252.83398094973816,
        "canvasY": 251.2330130066216
      }
    },
    {
      "type": "Feature",
      "geometry": {
        "type": "Point",
        "coordinates": [
          174.74041856730054,
          -36.8055058830853,
          -3.690441
        ]
      },
      "properties": {
        "id": "0_121",
        "camera": "R0 - Red (Point)",
        "frame": "0309",
        "image": "pano_camera0/frame_0309_hp_preview.jpg",
        "frameId": "0309",
        "height": -3.690441,
        "coords2D": "2D: (397881.087, 808235.114)",
        "coords3D": "3D: (397881.087, 808235.114, -3.690)",
        "easting": 397880.98202968435,
        "northing": 808235.0488916415,
        "longitude": 174.74041856730054,
        "latitude": -36.8055058830853,
        "group": "R0 - Red (229 points)",
        "canvasX": -248.5978466845067,
        "canvasY": 260.99780299655987
      }
    },
    {
      "type": "Feature",
      "geometry": {
        "type": "Point",
        "coordinates": [
          174.7404170593552,
          -36.805510793263075,
          -3.696874
        ]
      },
      "properties": {
        "id": "0_122",
        "camera": "R0 - Red (Point)",
        "frame": "0310",
        "image": "pano_camera0/frame_0310_hp_preview.jpg",
        "frameId": "0310",
        "height": -3.696874,
        "coords2D": "2D: (397880.953, 808234.569)",
        "coords3D": "3D: (397880.953, 808234.569, -3.697)",
        "easting": 397880.8476126066,
        "northing": 808234.5040106338,
        "longitude": 174.7404170593552,
        "latitude": -36.805510793263075,
        "group": "R0 - Red (229 points)",
        "canvasX": -251.09464708501753,
        "canvasY": 271.11898061347864
      }
    },
    {
      "type": "Feature",
      "geometry": {
        "type": "Point",
        "coordinates": [
          174.74041346602903,
          -36.80551267909791,
          -3.91786
        ]
      },
      "properties": {
        "id": "0_123",
        "camera": "R0 - Red (Point)",
        "frame": "0311",
        "image": "pano_camera0/frame_0311_hp_preview.jpg",
        "frameId": "0311",
        "height": -3.91786,
        "coords2D": "2D: (397880.632, 808234.360)",
        "coords3D": "3D: (397880.632, 808234.360, -3.918)",
        "easting": 397880.52703587414,
        "northing": 808234.2946732912,
        "longitude": 174.74041346602903,
        "latitude": -36.80551267909791,
        "group": "R0 - Red (229 points)",
        "canvasX": -257.04936747970214,
        "canvasY": 275.00742670871375
      }
    },
    {
      "type": "Feature",
      "geometry": {
        "type": "Point",
        "coordinates": [
          174.74040752202885,
          -36.80551343369156,
          -4.332964
        ]
      },
      "properties": {
        "id": "0_124",
        "camera": "R0 - Red (Point)",
        "frame": "0312",
        "image": "pano_camera0/frame_0312_hp_preview.jpg",
        "frameId": "0312",
        "height": -4.332964,
        "coords2D": "2D: (397880.102, 808234.276)",
        "coords3D": "3D: (397880.102, 808234.276, -4.333)",
        "easting": 397879.9966798187,
        "northing": 808234.2108096409,
        "longitude": 174.74040752202885,
        "latitude": -36.80551343369156,
        "group": "R0 - Red (229 points)",
        "canvasX": -266.90074376333183,
        "canvasY": 276.5651959975821
      }
    },
    {
      "type": "Feature",
      "geometry": {
        "type": "Point",
        "coordinates": [
          174.7404032387998,
          -36.80551338794874,
          -4.644439
        ]
      },
      "properties": {
        "id": "0_125",
        "camera": "R0 - Red (Point)",
        "frame": "0313",
        "image": "pano_camera0/frame_0313_hp_preview.jpg",
        "frameId": "0313",
        "height": -4.644439,
        "coords2D": "2D: (397879.719, 808234.281)",
        "coords3D": "3D: (397879.719, 808234.281, -4.644)",
        "easting": 397879.61449055606,
        "northing": 808234.2157904408,
        "longitude": 174.7404032387998,
        "latitude": -36.80551338794874,
        "group": "R0 - Red (229 points)",
        "canvasX": -273.99991836440734,
        "canvasY": 276.4726775205623
      }
    },
    {
      "type": "Feature",
      "geometry": {
        "type": "Point",
        "coordinates": [
          174.74039944954401,
          -36.80551304884448,
          -4.92625
        ]
      },
      "properties": {
        "id": "0_126",
        "camera": "R0 - Red (Point)",
        "frame": "0314",
        "image": "pano_camera0/frame_0314_hp_preview.jpg",
        "frameId": "0314",
        "height": -4.92625,
        "coords2D": "2D: (397879.381, 808234.319)",
        "coords3D": "3D: (397879.381, 808234.319, -4.926)",
        "easting": 397879.2763699215,
        "northing": 808234.2533344143,
        "longitude": 174.74039944954401,
        "latitude": -36.80551304884448,
        "group": "R0 - Red (229 points)",
        "canvasX": -280.2805171546301,
        "canvasY": 275.7752973251041
      }
    },
    {
      "type": "Feature",
      "geometry": {
        "type": "Point",
        "coordinates": [
          174.74039016022468,
          -36.805512416429096,
          -5.612939
        ]
      },
      "properties": {
        "id": "0_127",
        "camera": "R0 - Red (Point)",
        "frame": "0315",
        "image": "pano_camera0/frame_0315_hp_preview.jpg",
        "frameId": "0315",
        "height": -5.612939,
        "coords2D": "2D: (397878.552, 808234.389)",
        "coords3D": "3D: (397878.552, 808234.389, -5.613)",
        "easting": 397878.447476327,
        "northing": 808234.3233030345,
        "longitude": 174.74039016022468,
        "latitude": -36.805512416429096,
        "group": "R0 - Red (229 points)",
        "canvasX": -295.67723529377133,
        "canvasY": 274.4756285470281
      }
    },
    {
      "type": "Feature",
      "geometry": {
        "type": "Point",
        "coordinates": [
          174.74038947074973,
          -36.8055124192973,
          -5.662863
        ]
      },
      "properties": {
        "id": "0_128",
        "camera": "R0 - Red (Point)",
        "frame": "0316",
        "image": "pano_camera0/frame_0316_hp_preview.jpg",
        "frameId": "0316",
        "height": -5.662863,
        "coords2D": "2D: (397878.491, 808234.388)",
        "coords3D": "3D: (397878.491, 808234.388, -5.663)",
        "easting": 397878.38595528505,
        "northing": 808234.3229694737,
        "longitude": 174.74038947074973,
        "latitude": -36.8055124192973,
        "group": "R0 - Red (229 points)",
        "canvasX": -296.81999010472845,
        "canvasY": 274.48182444876807
      }
    },
    {
      "type": "Feature",
      "geometry": {
        "type": "Point",
        "coordinates": [
          174.74038340710922,
          -36.80551255869977,
          -6.099531
        ]
      },
      "properties": {
        "id": "0_129",
        "camera": "R0 - Red (Point)",
        "frame": "0317",
        "image": "pano_camera0/frame_0317_hp_preview.jpg",
        "frameId": "0317",
        "height": -6.099531,
        "coords2D": "2D: (397877.950, 808234.373)",
        "coords3D": "3D: (397877.950, 808234.373, -6.100)",
        "easting": 397877.8449068934,
        "northing": 808234.3073664373,
        "longitude": 174.74038340710922,
        "latitude": -36.80551255869977,
        "group": "R0 - Red (229 points)",
        "canvasX": -306.8699767873014,
        "canvasY": 274.7716512190252
      }
    },
    {
      "type": "Feature",
      "geometry": {
        "type": "Point",
        "coordinates": [
          174.74037740877557,
          -36.80551451617134,
          -6.493369
        ]
      },
      "properties": {
        "id": "0_130",
        "camera": "R0 - Red (Point)",
        "frame": "0318",
        "image": "pano_camera0/frame_0318_hp_preview.jpg",
        "frameId": "0318",
        "height": -6.493369,
        "coords2D": "2D: (397877.415, 808234.155)",
        "coords3D": "3D: (397877.415, 808234.155, -6.493)",
        "easting": 397877.3097359455,
        "northing": 808234.0900265835,
        "longitude": 174.74037740877557,
        "latitude": -36.80551451617134,
        "group": "R0 - Red (229 points)",
        "canvasX": -316.81078981293,
        "canvasY": 278.80874414646206
      }
    },
    {
      "type": "Feature",
      "geometry": {
        "type": "Point",
        "coordinates": [
          174.74037689042405,
          -36.805515826449614,
          -6.503492
        ]
      },
      "properties": {
        "id": "0_131",
        "camera": "R0 - Red (Point)",
        "frame": "0319",
        "image": "pano_camera0/frame_0319_hp_preview.jpg",
        "frameId": "0319",
        "height": -6.503492,
        "coords2D": "2D: (397877.368, 808234.010)",
        "coords3D": "3D: (397877.368, 808234.010, -6.503)",
        "easting": 397877.26352015644,
        "northing": 808233.9446227931,
        "longitude": 174.74037689042405,
        "latitude": -36.805515826449614,
        "group": "R0 - Red (229 points)",
        "canvasX": -317.6692491885332,
        "canvasY": 281.50962299514174
      }
    },
    {
      "type": "Feature",
      "geometry": {
        "type": "Point",
        "coordinates": [
          174.74037710441112,
          -36.805519684828106,
          -6.407131
        ]
      },
      "properties": {
        "id": "0_132",
        "camera": "R0 - Red (Point)",
        "frame": "0320",
        "image": "pano_camera0/frame_0320_hp_preview.jpg",
        "frameId": "0320",
        "height": -6.407131,
        "coords2D": "2D: (397877.388, 808233.582)",
        "coords3D": "3D: (397877.388, 808233.582, -6.407)",
        "easting": 397877.28272049734,
        "northing": 808233.5164906515,
        "longitude": 174.74037710441112,
        "latitude": -36.805519684828106,
        "group": "R0 - Red (229 points)",
        "canvasX": -317.31260240184173,
        "canvasY": 289.4621876602228
      }
    },
    {
      "type": "Feature",
      "geometry": {
        "type": "Point",
        "coordinates": [
          174.74038178640257,
          -36.805526369139045,
          -5.927644
        ]
      },
      "properties": {
        "id": "0_133",
        "camera": "R0 - Red (Point)",
        "frame": "0321",
        "image": "pano_camera0/frame_0321_hp_preview.jpg",
        "frameId": "0321",
        "height": -5.927644,
        "coords2D": "2D: (397877.806, 808232.840)",
        "coords3D": "3D: (397877.806, 808232.840, -5.928)",
        "easting": 397877.700674074,
        "northing": 808232.7748839929,
        "longitude": 174.74038178640257,
        "latitude": -36.805526369139045,
        "group": "R0 - Red (229 points)",
        "canvasX": -309.54910482192963,
        "canvasY": 303.23754890039663
      }
    },
    {
      "type": "Feature",
      "geometry": {
        "type": "Point",
        "coordinates": [
          174.7403821243462,
          -36.80552674465429,
          -5.895276
        ]
      },
      "properties": {
        "id": "0_134",
        "camera": "R0 - Red (Point)",
        "frame": "0322",
        "image": "pano_camera0/frame_0322_hp_preview.jpg",
        "frameId": "0322",
        "height": -5.895276,
        "coords2D": "2D: (397877.836, 808232.799)",
        "coords3D": "3D: (397877.836, 808232.799, -5.895)",
        "easting": 397877.73083878314,
        "northing": 808232.7332232299,
        "longitude": 174.7403821243462,
        "latitude": -36.80552674465429,
        "group": "R0 - Red (229 points)",
        "canvasX": -308.98879463485946,
        "canvasY": 304.01139855809
      }
    },
    {
      "type": "Feature",
      "geometry": {
        "type": "Point",
        "coordinates": [
          174.74038787442043,
          -36.805529102903236,
          -5.429005
        ]
      },
      "properties": {
        "id": "0_135",
        "camera": "R0 - Red (Point)",
        "frame": "0323",
        "image": "pano_camera0/frame_0323_hp_preview.jpg",
        "frameId": "0323",
        "height": -5.429005,
        "coords2D": "2D: (397878.349, 808232.537)",
        "coords3D": "3D: (397878.349, 808232.537, -5.429)",
        "easting": 397878.2439768028,
        "northing": 808232.4716726571,
        "longitude": 174.74038787442043,
        "latitude": -36.805529102903236,
        "group": "R0 - Red (229 points)",
        "canvasX": -299.4572437730097,
        "canvasY": 308.8697066404615
      }
    },
    {
      "type": "Feature",
      "geometry": {
        "type": "Point",
        "coordinates": [
          174.74039427724387,
          -36.80552966097403,
          -4.953133
        ]
      },
      "properties": {
        "id": "0_136",
        "camera": "R0 - Red (Point)",
        "frame": "0324",
        "image": "pano_camera0/frame_0324_hp_preview.jpg",
        "frameId": "0324",
        "height": -4.953133,
        "coords2D": "2D: (397878.920, 808232.475)",
        "coords3D": "3D: (397878.920, 808232.475, -4.953)",
        "easting": 397878.8153092435,
        "northing": 808232.4098895303,
        "longitude": 174.74039427724387,
        "latitude": -36.80552966097403,
        "group": "R0 - Red (229 points)",
        "canvasX": -288.84473016231584,
        "canvasY": 310.0173296826175
      }
    },
    {
      "type": "Feature",
      "geometry": {
        "type": "Point",
        "coordinates": [
          174.74039489092036,
          -36.80552984685839,
          -4.904749
        ]
      },
      "properties": {
        "id": "0_137",
        "camera": "R0 - Red (Point)",
        "frame": "0325",
        "image": "pano_camera0/frame_0325_hp_preview.jpg",
        "frameId": "0325",
        "height": -4.904749,
        "coords2D": "2D: (397878.975, 808232.455)",
        "coords3D": "3D: (397878.975, 808232.455, -4.905)",
        "easting": 397878.87007206253,
        "northing": 808232.3892768736,
        "longitude": 174.74039489092036,
        "latitude": -36.80552984685839,
        "group": "R0 - Red (229 points)",
        "canvasX": -287.8275095025105,
        "canvasY": 310.4002102695655
      }
    },
    {
      "type": "Feature",
      "geometry": {
        "type": "Point",
        "coordinates": [
          174.74040011168225,
          -36.8055332340368,
          -4.455291
        ]
      },
      "properties": {
        "id": "0_138",
        "camera": "R0 - Red (Point)",
        "frame": "0326",
        "image": "pano_camera0/frame_0326_hp_preview.jpg",
        "frameId": "0326",
        "height": -4.455291,
        "coords2D": "2D: (397879.441, 808232.079)",
        "coords3D": "3D: (397879.441, 808232.079, -4.455)",
        "easting": 397879.3360084304,
        "northing": 808232.0135414916,
        "longitude": 174.74040011168225,
        "latitude": -36.8055332340368,
        "group": "R0 - Red (229 points)",
        "canvasX": -279.17273044055406,
        "canvasY": 317.3795038846137
      }
    },
    {
      "type": "Feature",
      "geometry": {
        "type": "Point",
        "coordinates": [
          174.74039995701187,
          -36.805536146393145,
          -4.405479
        ]
      },
      "properties": {
        "id": "0_139",
        "camera": "R0 - Red (Point)",
        "frame": "0327",
        "image": "pano_camera0/frame_0327_hp_preview.jpg",
        "frameId": "0327",
        "height": -4.405479,
        "coords2D": "2D: (397879.427, 808231.756)",
        "coords3D": "3D: (397879.427, 808231.756, -4.405)",
        "easting": 397879.3222876695,
        "northing": 808231.6903745369,
        "longitude": 174.74039995701187,
        "latitude": -36.805536146393145,
        "group": "R0 - Red (229 points)",
        "canvasX": -279.42759389859117,
        "canvasY": 323.3823377174787
      }
    },
    {
      "type": "Feature",
      "geometry": {
        "type": "Point",
        "coordinates": [
          174.74039902763124,
          -36.805537464017824,
          -4.445246
        ]
      },
      "properties": {
        "id": "0_140",
        "camera": "R0 - Red (Point)",
        "frame": "0328",
        "image": "pano_camera0/frame_0328_hp_preview.jpg",
        "frameId": "0328",
        "height": -4.445246,
        "coords2D": "2D: (397879.344, 808231.610)",
        "coords3D": "3D: (397879.344, 808231.610, -4.445)",
        "easting": 397879.23939637607,
        "northing": 808231.5441464644,
        "longitude": 174.74039902763124,
        "latitude": -36.805537464017824,
        "group": "R0 - Red (229 points)",
        "canvasX": -280.96730163650363,
        "canvasY": 326.09852762428545
      }
    },
    {
      "type": "Feature",
      "geometry": {
        "type": "Point",
        "coordinates": [
          174.74039663965297,
          -36.805539160728344,
          -4.582812
        ]
      },
      "properties": {
        "id": "0_141",
        "camera": "R0 - Red (Point)",
        "frame": "0329",
        "image": "pano_camera0/frame_0329_hp_preview.jpg",
        "frameId": "0329",
        "height": -4.582812,
        "coords2D": "2D: (397879.131, 808231.421)",
        "coords3D": "3D: (397879.131, 808231.421, -4.583)",
        "easting": 397879.0263664625,
        "northing": 808231.3558215759,
        "longitude": 174.74039663965297,
        "latitude": -36.805539160728344,
        "group": "R0 - Red (229 points)",
        "canvasX": -284.92433732294717,
        "canvasY": 329.5966668878278
      }
    },
    {
      "type": "Feature",
      "geometry": {
        "type": "Point",
        "coordinates": [
          174.74039384489586,
          -36.80554256150914,
          -4.714161
        ]
      },
      "properties": {
        "id": "0_142",
        "camera": "R0 - Red (Point)",
        "frame": "0330",
        "image": "pano_camera0/frame_0330_hp_preview.jpg",
        "frameId": "0330",
        "height": -4.714161,
        "coords2D": "2D: (397878.882, 808231.044)",
        "coords3D": "3D: (397878.882, 808231.044, -4.714)",
        "easting": 397878.7770871271,
        "northing": 808230.9783990689,
        "longitude": 174.74039384489586,
        "latitude": -36.80554256150914,
        "group": "R0 - Red (229 points)",
        "canvasX": -289.55470688036576,
        "canvasY": 336.60729888740923
      }
    },
    {
      "type": "Feature",
      "geometry": {
        "type": "Point",
        "coordinates": [
          174.740394663855,
          -36.80554400605997,
          -4.624521
        ]
      },
      "properties": {
        "id": "0_143",
        "camera": "R0 - Red (Point)",
        "frame": "0331",
        "image": "pano_camera0/frame_0331_hp_preview.jpg",
        "frameId": "0331",
        "height": -4.624521,
        "coords2D": "2D: (397878.955, 808230.884)",
        "coords3D": "3D: (397878.955, 808230.884, -4.625)",
        "easting": 397878.85020179884,
        "northing": 808230.818125675,
        "longitude": 174.740394663855,
        "latitude": -36.80554400605997,
        "group": "R0 - Red (229 points)",
        "canvasX": -288.19660012188433,
        "canvasY": 339.5843809749009
      }
    },
    {
      "type": "Feature",
      "geometry": {
        "type": "Point",
        "coordinates": [
          174.74040036073237,
          -36.80554339199332,
          -4.224388
        ]
      },
      "properties": {
        "id": "0_144",
        "camera": "R0 - Red (Point)",
        "frame": "0332",
        "image": "pano_camera0/frame_0332_hp_preview.jpg",
        "frameId": "0332",
        "height": -4.224388,
        "coords2D": "2D: (397879.463, 808230.952)",
        "coords3D": "3D: (397879.463, 808230.952, -4.224)",
        "easting": 397879.358511008,
        "northing": 808230.8863906333,
        "longitude": 174.74040036073237,
        "latitude": -36.80554339199332,
        "group": "R0 - Red (229 points)",
        "canvasX": -278.7547445296953,
        "canvasY": 338.31635775698516
      }
    },
    {
      "type": "Feature",
      "geometry": {
        "type": "Point",
        "coordinates": [
          174.74040256509784,
          -36.80554190312894,
          -4.095778
        ]
      },
      "properties": {
        "id": "0_145",
        "camera": "R0 - Red (Point)",
        "frame": "0333",
        "image": "pano_camera0/frame_0333_hp_preview.jpg",
        "frameId": "0333",
        "height": -4.095778,
        "coords2D": "2D: (397879.660, 808231.117)",
        "coords3D": "3D: (397879.660, 808231.117, -4.096)",
        "easting": 397879.55516308075,
        "northing": 808231.0516482291,
        "longitude": 174.74040256509784,
        "latitude": -36.80554190312894,
        "group": "R0 - Red (229 points)",
        "canvasX": -275.10192762190627,
        "canvasY": 335.24669400248655
      }
    },
    {
      "type": "Feature",
      "geometry": {
        "type": "Point",
        "coordinates": [
          174.74040707210324,
          -36.80553978579237,
          -3.813405
        ]
      },
      "properties": {
        "id": "0_146",
        "camera": "R0 - Red (Point)",
        "frame": "0334",
        "image": "pano_camera0/frame_0334_hp_preview.jpg",
        "frameId": "0334",
        "height": -3.813405,
        "coords2D": "2D: (397880.062, 808231.352)",
        "coords3D": "3D: (397880.062, 808231.352, -3.813)",
        "easting": 397879.9572598879,
        "northing": 808231.2866939687,
        "longitude": 174.74040707210324,
        "latitude": -36.80553978579237,
        "group": "R0 - Red (229 points)",
        "canvasX": -267.632969911554,
        "canvasY": 330.8807138267809
      }
    },
    {
      "type": "Feature",
      "geometry": {
        "type": "Point",
        "coordinates": [
          174.7404097138455,
          -36.805539147512,
          -3.635264
        ]
      },
      "properties": {
        "id": "0_147",
        "camera": "R0 - Red (Point)",
        "frame": "0335",
        "image": "pano_camera0/frame_0335_hp_preview.jpg",
        "frameId": "0335",
        "height": -3.635264,
        "coords2D": "2D: (397880.298, 808231.423)",
        "coords3D": "3D: (397880.298, 808231.423, -3.635)",
        "easting": 397880.1929620849,
        "northing": 808231.3575779733,
        "longitude": 174.7404097138455,
        "latitude": -36.805539147512,
        "group": "R0 - Red (229 points)",
        "canvasX": -263.25479602251215,
        "canvasY": 329.5640417649945
      }
    },
    {
      "type": "Feature",
      "geometry": {
        "type": "Point",
        "coordinates": [
          174.74041261427377,
          -36.8055383280392,
          -3.442166
        ]
      },
      "properties": {
        "id": "0_148",
        "camera": "R0 - Red (Point)",
        "frame": "0336",
        "image": "pano_camera0/frame_0336_hp_preview.jpg",
        "frameId": "0336",
        "height": -3.442166,
        "coords2D": "2D: (397880.557, 808231.514)",
        "coords3D": "3D: (397880.557, 808231.514, -3.442)",
        "easting": 397880.45174156094,
        "northing": 808231.448573342,
        "longitude": 174.74041261427377,
        "latitude": -36.8055383280392,
        "group": "R0 - Red (229 points)",
        "canvasX": -258.44796112971426,
        "canvasY": 327.8738006366336
      }
    },
    {
      "type": "Feature",
      "geometry": {
        "type": "Point",
        "coordinates": [
          174.7404193139348,
          -36.805537066608416,
          -2.9829
        ]
      },
      "properties": {
        "id": "0_149",
        "camera": "R0 - Red (Point)",
        "frame": "0337",
        "image": "pano_camera0/frame_0337_hp_preview.jpg",
        "frameId": "0337",
        "height": -2.9829,
        "coords2D": "2D: (397881.154, 808231.654)",
        "coords3D": "3D: (397881.154, 808231.654, -2.983)",
        "easting": 397881.04951027996,
        "northing": 808231.588693829,
        "longitude": 174.7404193139348,
        "latitude": -36.805537066608416,
        "group": "R0 - Red (229 points)",
        "canvasX": -247.34439302296894,
        "canvasY": 325.27105927208413
      }
    },
    {
      "type": "Feature",
      "geometry": {
        "type": "Point",
        "coordinates": [
          174.74042267194346,
          -36.805536468446036,
          -2.751992
        ]
      },
      "properties": {
        "id": "0_150",
        "camera": "R0 - Red (Point)",
        "frame": "0338",
        "image": "pano_camera0/frame_0338_hp_preview.jpg",
        "frameId": "0338",
        "height": -2.751992,
        "coords2D": "2D: (397881.454, 808231.721)",
        "coords3D": "3D: (397881.454, 808231.721, -2.752)",
        "easting": 397881.34912527114,
        "northing": 808231.6551420614,
        "longitude": 174.74042267194346,
        "latitude": -36.805536468446036,
        "group": "R0 - Red (229 points)",
        "canvasX": -241.77903746968167,
        "canvasY": 324.03678178275305
      }
    },
    {
      "type": "Feature",
      "geometry": {
        "type": "Point",
        "coordinates": [
          174.74043142647474,
          -36.80553545806036,
          -2.138496
        ]
      },
      "properties": {
        "id": "0_151",
        "camera": "R0 - Red (Point)",
        "frame": "0339",
        "image": "pano_camera0/frame_0339_hp_preview.jpg",
        "frameId": "0339",
        "height": -2.138496,
        "coords2D": "2D: (397882.235, 808231.833)",
        "coords3D": "3D: (397882.235, 808231.833, -2.138)",
        "easting": 397882.130254782,
        "northing": 808231.7674512984,
        "longitude": 174.74043142647474,
        "latitude": -36.80553545806036,
        "group": "R0 - Red (229 points)",
        "canvasX": -227.26953831530088,
        "canvasY": 321.9506350472035
      }
    },
    {
      "type": "Feature",
      "geometry": {
        "type": "Point",
        "coordinates": [
          174.7404370122622,
          -36.80553543355126,
          -1.734063
        ]
      },
      "properties": {
        "id": "0_152",
        "camera": "R0 - Red (Point)",
        "frame": "0340",
        "image": "pano_camera0/frame_0340_hp_preview.jpg",
        "frameId": "0340",
        "height": -1.734063,
        "coords2D": "2D: (397882.734, 808231.836)",
        "coords3D": "3D: (397882.734, 808231.836, -1.734)",
        "easting": 397882.6286678729,
        "northing": 808231.7702945822,
        "longitude": 174.7404370122622,
        "latitude": -36.80553543355126,
        "group": "R0 - Red (229 points)",
        "canvasX": -218.0115033528728,
        "canvasY": 321.89782098293676
      }
    },
    {
      "type": "Feature",
      "geometry": {
        "type": "Point",
        "coordinates": [
          174.7404385079199,
          -36.80553535094006,
          -1.627365
        ]
      },
      "properties": {
        "id": "0_153",
        "camera": "R0 - Red (Point)",
        "frame": "0341",
        "image": "pano_camera0/frame_0341_hp_preview.jpg",
        "frameId": "0341",
        "height": -1.627365,
        "coords2D": "2D: (397882.867, 808231.845)",
        "coords3D": "3D: (397882.867, 808231.845, -1.627)",
        "easting": 397882.7621215146,
        "northing": 808231.7794944728,
        "longitude": 174.7404385079199,
        "latitude": -36.80553535094006,
        "group": "R0 - Red (229 points)",
        "canvasX": -215.5325988001113,
        "canvasY": 321.72693279933395
      }
    },
    {
      "type": "Feature",
      "geometry": {
        "type": "Point",
        "coordinates": [
          174.74044288215282,
          -36.805534746521104,
          -1.322916
        ]
      },
      "properties": {
        "id": "0_154",
        "camera": "R0 - Red (Point)",
        "frame": "0342",
        "image": "pano_camera0/frame_0342_hp_preview.jpg",
        "frameId": "0342",
        "height": -1.322916,
        "coords2D": "2D: (397883.257, 808231.912)",
        "coords3D": "3D: (397883.257, 808231.912, -1.323)",
        "easting": 397883.1524129456,
        "northing": 808231.8466593879,
        "longitude": 174.74044288215282,
        "latitude": -36.805534746521104,
        "group": "R0 - Red (229 points)",
        "canvasX": -208.2829262308826,
        "canvasY": 320.4793429097558
      }
    },
    {
      "type": "Feature",
      "geometry": {
        "type": "Point",
        "coordinates": [
          174.740448164878,
          -36.80553314471805,
          -0.973504
        ]
      },
      "properties": {
        "id": "0_155",
        "camera": "R0 - Red (Point)",
        "frame": "0343",
        "image": "pano_camera0/frame_0343_hp_preview.jpg",
        "frameId": "0343",
        "height": -0.973504,
        "coords2D": "2D: (397883.729, 808232.090)",
        "coords3D": "3D: (397883.729, 808232.090, -0.974)",
        "easting": 397883.623740714,
        "northing": 808232.0245170264,
        "longitude": 174.740448164878,
        "latitude": -36.80553314471805,
        "group": "R0 - Red (229 points)",
        "canvasX": -199.52800177477994,
        "canvasY": 317.17563306466144
      }
    },
    {
      "type": "Feature",
      "geometry": {
        "type": "Point",
        "coordinates": [
          174.74045258005185,
          -36.805534459998725,
          -0.625862
        ]
      },
      "properties": {
        "id": "0_156",
        "camera": "R0 - Red (Point)",
        "frame": "0344",
        "image": "pano_camera0/frame_0344_hp_preview.jpg",
        "frameId": "0344",
        "height": -0.625862,
        "coords2D": "2D: (397884.123, 808231.944)",
        "coords3D": "3D: (397884.123, 808231.944, -0.626)",
        "easting": 397884.0177380992,
        "northing": 808231.8786673573,
        "longitude": 174.74045258005185,
        "latitude": -36.805534459998725,
        "group": "R0 - Red (229 points)",
        "canvasX": -192.20949101854814,
        "canvasY": 319.8847941221825
      }
    },
    {
      "type": "Feature",
      "geometry": {
        "type": "Point",
        "coordinates": [
          174.74045072751827,
          -36.80553690867839,
          -0.708854
        ]
      },
      "properties": {
        "id": "0_157",
        "camera": "R0 - Red (Point)",
        "frame": "0345",
        "image": "pano_camera0/frame_0345_hp_preview.jpg",
        "frameId": "0345",
        "height": -0.708854,
        "coords2D": "2D: (397883.957, 808231.672)",
        "coords3D": "3D: (397883.957, 808231.672, -0.709)",
        "easting": 397883.8525059108,
        "northing": 808231.6069137532,
        "longitude": 174.74045072751827,
        "latitude": -36.80553690867839,
        "group": "R0 - Red (229 points)",
        "canvasX": -195.27868282960048,
        "canvasY": 324.9326237494247
      }
    },
    {
      "type": "Feature",
      "geometry": {
        "type": "Point",
        "coordinates": [
          174.74044771295388,
          -36.805538531130985,
          -0.893401
        ]
      },
      "properties": {
        "id": "0_158",
        "camera": "R0 - Red (Point)",
        "frame": "0346",
        "image": "pano_camera0/frame_0346_hp_preview.jpg",
        "frameId": "0346",
        "height": -0.893401,
        "coords2D": "2D: (397883.689, 808231.492)",
        "coords3D": "3D: (397883.689, 808231.492, -0.893)",
        "easting": 397883.5835642502,
        "northing": 808231.4268149902,
        "longitude": 174.74044771295388,
        "latitude": -36.805538531130985,
        "group": "R0 - Red (229 points)",
        "canvasX": -200.27428054066922,
        "canvasY": 328.2779625340375
      }
    },
    {
      "type": "Feature",
      "geometry": {
        "type": "Point",
        "coordinates": [
          174.74044469018529,
          -36.80553909280837,
          -1.10077
        ]
      },
      "properties": {
        "id": "0_159",
        "camera": "R0 - Red (Point)",
        "frame": "0347",
        "image": "pano_camera0/frame_0347_hp_preview.jpg",
        "frameId": "0347",
        "height": -1.10077,
        "coords2D": "2D: (397883.419, 808231.430)",
        "coords3D": "3D: (397883.419, 808231.430, -1.101)",
        "easting": 397883.3138613507,
        "northing": 808231.3644227383,
        "longitude": 174.74044469018529,
        "latitude": -36.80553909280837,
        "group": "R0 - Red (229 points)",
        "canvasX": -205.2840182839456,
        "canvasY": 329.43690009227936
      }
    },
    {
      "type": "Feature",
      "geometry": {
        "type": "Point",
        "coordinates": [
          174.74044129726516,
          -36.80553984430608,
          -1.330996
        ]
      },
      "properties": {
        "id": "0_160",
        "camera": "R0 - Red (Point)",
        "frame": "0348",
        "image": "pano_camera0/frame_0348_hp_preview.jpg",
        "frameId": "0348",
        "height": -1.330996,
        "coords2D": "2D: (397883.116, 808231.346)",
        "coords3D": "3D: (397883.116, 808231.346, -1.331)",
        "easting": 397883.01113546407,
        "northing": 808231.2809592673,
        "longitude": 174.74044129726516,
        "latitude": -36.80553984430608,
        "group": "R0 - Red (229 points)",
        "canvasX": -210.90715879359763,
        "canvasY": 330.98723604224546
      }
    },
    {
      "type": "Feature",
      "geometry": {
        "type": "Point",
        "coordinates": [
          174.74043326265297,
          -36.80554163764485,
          -1.875895
        ]
      },
      "properties": {
        "id": "0_161",
        "camera": "R0 - Red (Point)",
        "frame": "0349",
        "image": "pano_camera0/frame_0349_hp_preview.jpg",
        "frameId": "0349",
        "height": -1.875895,
        "coords2D": "2D: (397882.399, 808231.147)",
        "coords3D": "3D: (397882.399, 808231.147, -1.876)",
        "easting": 397882.2942651429,
        "northing": 808231.0817873011,
        "longitude": 174.74043326265297,
        "latitude": -36.80554163764485,
        "group": "R0 - Red (229 points)",
        "canvasX": -224.2230419799724,
        "canvasY": 334.68686002708785
      }
    },
    {
      "type": "Feature",
      "geometry": {
        "type": "Point",
        "coordinates": [
          174.74042993621373,
          -36.80554320261804,
          -2.084256
        ]
      },
      "properties": {
        "id": "0_162",
        "camera": "R0 - Red (Point)",
        "frame": "0350",
        "image": "pano_camera0/frame_0350_hp_preview.jpg",
        "frameId": "0350",
        "height": -2.084256,
        "coords2D": "2D: (397882.102, 808230.973)",
        "coords3D": "3D: (397882.102, 808230.973, -2.084)",
        "easting": 397881.99749369593,
        "northing": 808230.9080596641,
        "longitude": 174.74042993621373,
        "latitude": -36.80554320261804,
        "group": "R0 - Red (229 points)",
        "canvasX": -229.73557863099137,
        "canvasY": 337.91385499819177
      }
    },
    {
      "type": "Feature",
      "geometry": {
        "type": "Point",
        "coordinates": [
          174.7404275297506,
          -36.80554446662041,
          -2.232229
        ]
      },
      "properties": {
        "id": "0_163",
        "camera": "R0 - Red (Point)",
        "frame": "0351",
        "image": "pano_camera0/frame_0351_hp_preview.jpg",
        "frameId": "0351",
        "height": -2.232229,
        "coords2D": "2D: (397881.888, 808230.833)",
        "coords3D": "3D: (397881.888, 808230.833, -2.232)",
        "easting": 397881.7828024341,
        "northing": 808230.7677489893,
        "longitude": 174.7404275297506,
        "latitude": -36.80554446662041,
        "group": "R0 - Red (229 points)",
        "canvasX": -233.72347390224246,
        "canvasY": 340.5201291045152
      }
    },
    {
      "type": "Feature",
      "geometry": {
        "type": "Point",
        "coordinates": [
          174.74042352321365,
          -36.80554861271403,
          -2.43581
        ]
      },
      "properties": {
        "id": "0_164",
        "camera": "R0 - Red (Point)",
        "frame": "0352",
        "image": "pano_camera0/frame_0352_hp_preview.jpg",
        "frameId": "0352",
        "height": -2.43581,
        "coords2D": "2D: (397881.530, 808230.373)",
        "coords3D": "3D: (397881.530, 808230.373, -2.436)",
        "easting": 397881.4254177388,
        "northing": 808230.307597644,
        "longitude": 174.74042352321365,
        "latitude": -36.80554861271403,
        "group": "R0 - Red (229 points)",
        "canvasX": -240.36190307733833,
        "canvasY": 349.0674512350498
      }
    },
    {
      "type": "Feature",
      "geometry": {
        "type": "Point",
        "coordinates": [
          174.74042243098003,
          -36.80555086760054,
          -2.467744
        ]
      },
      "properties": {
        "id": "0_165",
        "camera": "R0 - Red (Point)",
        "frame": "0353",
        "image": "pano_camera0/frame_0353_hp_preview.jpg",
        "frameId": "0353",
        "height": -2.467744,
        "coords2D": "2D: (397881.433, 808230.123)",
        "coords3D": "3D: (397881.433, 808230.123, -2.468)",
        "easting": 397881.32802105346,
        "northing": 808230.0573646856,
        "longitude": 174.74042243098003,
        "latitude": -36.80555086760054,
        "group": "R0 - Red (229 points)",
        "canvasX": -242.1710488125,
        "canvasY": 353.7155343608266
      }
    },
    {
      "type": "Feature",
      "geometry": {
        "type": "Point",
        "coordinates": [
          174.7404190732934,
          -36.80555423168735,
          -2.640672
        ]
      },
      "properties": {
        "id": "0_166",
        "camera": "R0 - Red (Point)",
        "frame": "0354",
        "image": "pano_camera0/frame_0354_hp_preview.jpg",
        "frameId": "0354",
        "height": -2.640672,
        "coords2D": "2D: (397881.133, 808229.749)",
        "coords3D": "3D: (397881.133, 808229.749, -2.641)",
        "easting": 397881.0285110636,
        "northing": 808229.6840014417,
        "longitude": 174.7404190732934,
        "latitude": -36.80555423168735,
        "group": "R0 - Red (229 points)",
        "canvasX": -247.73445396469717,
        "canvasY": 360.65076545387285
      }
    },
    {
      "type": "Feature",
      "geometry": {
        "type": "Point",
        "coordinates": [
          174.74041639911843,
          -36.80555500937957,
          -2.818243
        ]
      },
      "properties": {
        "id": "0_167",
        "camera": "R0 - Red (Point)",
        "frame": "0355",
        "image": "pano_camera0/frame_0355_hp_preview.jpg",
        "frameId": "0355",
        "height": -2.818243,
        "coords2D": "2D: (397880.895, 808229.663)",
        "coords3D": "3D: (397880.895, 808229.663, -2.818)",
        "easting": 397880.789918816,
        "northing": 808229.5976472006,
        "longitude": 174.74041639911843,
        "latitude": -36.80555500937957,
        "group": "R0 - Red (229 points)",
        "canvasX": -252.16631061175048,
        "canvasY": 362.25479752782917
      }
    },
    {
      "type": "Feature",
      "geometry": {
        "type": "Point",
        "coordinates": [
          174.74041115664485,
          -36.80555315871771,
          -3.237079
        ]
      },
      "properties": {
        "id": "0_168",
        "camera": "R0 - Red (Point)",
        "frame": "0356",
        "image": "pano_camera0/frame_0356_hp_preview.jpg",
        "frameId": "0356",
        "height": -3.237079,
        "coords2D": "2D: (397880.427, 808229.868)",
        "coords3D": "3D: (397880.427, 808229.868, -3.237)",
        "easting": 397880.3220876869,
        "northing": 808229.8028858373,
        "longitude": 174.74041115664485,
        "latitude": -36.80555315871771,
        "group": "R0 - Red (229 points)",
        "canvasX": -260.85628490819516,
        "canvasY": 358.44248499264563
      }
    },
    {
      "type": "Feature",
      "geometry": {
        "type": "Point",
        "coordinates": [
          174.74040756992474,
          -36.805551683488865,
          -3.528013
        ]
      },
      "properties": {
        "id": "0_169",
        "camera": "R0 - Red (Point)",
        "frame": "0357",
        "image": "pano_camera0/frame_0357_hp_preview.jpg",
        "frameId": "0357",
        "height": -3.528013,
        "coords2D": "2D: (397880.107, 808230.032)",
        "coords3D": "3D: (397880.107, 808230.032, -3.528)",
        "easting": 397880.00200794096,
        "northing": 808229.9665020183,
        "longitude": 174.74040756992474,
        "latitude": -36.805551683488865,
        "group": "R0 - Red (229 points)",
        "canvasX": -266.8017737669333,
        "canvasY": 355.4033105563612
      }
    },
    {
      "type": "Feature",
      "geometry": {
        "type": "Point",
        "coordinates": [
          174.74040661762433,
          -36.805551023553065,
          -3.610879
        ]
      },
      "properties": {
        "id": "0_170",
        "camera": "R0 - Red (Point)",
        "frame": "0358",
        "image": "pano_camera0/frame_0358_hp_preview.jpg",
        "frameId": "0358",
        "height": -3.610879,
        "coords2D": "2D: (397880.022, 808230.105)",
        "coords3D": "3D: (397880.022, 808230.105, -3.611)",
        "easting": 397879.91701703117,
        "northing": 808230.0397093026,
        "longitude": 174.74040661762433,
        "latitude": -36.805551023553065,
        "group": "R0 - Red (229 points)",
        "canvasX": -268.38048192714035,
        "canvasY": 354.0434835182006
      }
    },
    {
      "type": "Feature",
      "geometry": {
        "type": "Point",
        "coordinates": [
          174.74040641144526,
          -36.805550636803666,
          -3.63393
        ]
      },
      "properties": {
        "id": "0_171",
        "camera": "R0 - Red (Point)",
        "frame": "0359",
        "image": "pano_camera0/frame_0359_hp_preview.jpg",
        "frameId": "0359",
        "height": -3.63393,
        "coords2D": "2D: (397880.004, 808230.148)",
        "coords3D": "3D: (397880.004, 808230.148, -3.634)",
        "easting": 397879.8986092374,
        "northing": 808230.0826195686,
        "longitude": 174.74040641144526,
        "latitude": -36.805550636803666,
        "group": "R0 - Red (229 points)",
        "canvasX": -268.7224071327037,
        "canvasY": 353.24642431239494
      }
    },
    {
      "type": "Feature",
      "geometry": {
        "type": "Point",
        "coordinates": [
          174.7404061884406,
          -36.805551120768925,
          -3.639956
        ]
      },
      "properties": {
        "id": "0_172",
        "camera": "R0 - Red (Point)",
        "frame": "0360",
        "image": "pano_camera0/frame_0360_hp_preview.jpg",
        "frameId": "0360",
        "height": -3.639956,
        "coords2D": "2D: (397879.984, 808230.094)",
        "coords3D": "3D: (397879.984, 808230.094, -3.640)",
        "easting": 397879.87872411957,
        "northing": 808230.028912433,
        "longitude": 174.7404061884406,
        "latitude": -36.805551120768925,
        "group": "R0 - Red (229 points)",
        "canvasX": -269.0917736673675,
        "canvasY": 354.2440356270866
      }
    },
    {
      "type": "Feature",
      "geometry": {
        "type": "Point",
        "coordinates": [
          174.740406133077,
          -36.80555111187464,
          -3.644156
        ]
      },
      "properties": {
        "id": "0_173",
        "camera": "R0 - Red (Point)",
        "frame": "0361",
        "image": "pano_camera0/frame_0361_hp_preview.jpg",
        "frameId": "0361",
        "height": -3.644156,
        "coords2D": "2D: (397879.979, 808230.095)",
        "coords3D": "3D: (397879.979, 808230.095, -3.644)",
        "easting": 397879.87378384225,
        "northing": 808230.0298981416,
        "longitude": 174.740406133077,
        "latitude": -36.80555111187464,
        "group": "R0 - Red (229 points)",
        "canvasX": -269.18353943495435,
        "canvasY": 354.2257260647856
      }
    },
    {
      "type": "Feature",
      "geometry": {
        "type": "Point",
        "coordinates": [
          174.74040231096797,
          -36.80555161536629,
          -3.910693
        ]
      },
      "properties": {
        "id": "0_174",
        "camera": "R0 - Red (Point)",
        "frame": "0362",
        "image": "pano_camera0/frame_0362_hp_preview.jpg",
        "frameId": "0362",
        "height": -3.910693,
        "coords2D": "2D: (397879.638, 808230.039)",
        "coords3D": "3D: (397879.638, 808230.039, -3.911)",
        "easting": 397879.532755145,
        "northing": 808229.9739445066,
        "longitude": 174.74040231096797,
        "latitude": -36.80555161536629,
        "group": "R0 - Red (229 points)",
        "canvasX": -275.51815555912776,
        "canvasY": 355.26506616034635
      }
    },
    {
      "type": "Feature",
      "geometry": {
        "type": "Point",
        "coordinates": [
          174.74040114859062,
          -36.80555287177459,
          -3.968634
        ]
      },
      "properties": {
        "id": "0_175",
        "camera": "R0 - Red (Point)",
        "frame": "0363",
        "image": "pano_camera0/frame_0363_hp_preview.jpg",
        "frameId": "0363",
        "height": -3.968634,
        "coords2D": "2D: (397879.534, 808229.900)",
        "coords3D": "3D: (397879.534, 808229.900, -3.969)",
        "easting": 397879.42907213914,
        "northing": 808229.8345040166,
        "longitude": 174.74040114859062,
        "latitude": -36.80555287177459,
        "group": "R0 - Red (229 points)",
        "canvasX": -277.4440698476425,
        "canvasY": 357.85517656449736
      }
    },
    {
      "type": "Feature",
      "geometry": {
        "type": "Point",
        "coordinates": [
          174.74040013151907,
          -36.805555570972,
          -3.985809
        ]
      },
      "properties": {
        "id": "0_176",
        "camera": "R0 - Red (Point)",
        "frame": "0364",
        "image": "pano_camera0/frame_0364_hp_preview.jpg",
        "frameId": "0364",
        "height": -3.985809,
        "coords2D": "2D: (397879.443, 808229.600)",
        "coords3D": "3D: (397879.443, 808229.600, -3.986)",
        "easting": 397879.3383943972,
        "northing": 808229.5349706742,
        "longitude": 174.74040013151907,
        "latitude": -36.805555570972,
        "group": "R0 - Red (229 points)",
        "canvasX": -279.12841105120424,
        "canvasY": 363.4190154874965
      }
    },
    {
      "type": "Feature",
      "geometry": {
        "type": "Point",
        "coordinates": [
          174.7404005979919,
          -36.805556555263344,
          -3.931367
        ]
      },
      "properties": {
        "id": "0_177",
        "camera": "R0 - Red (Point)",
        "frame": "0365",
        "image": "pano_camera0/frame_0365_hp_preview.jpg",
        "frameId": "0365",
        "height": -3.931367,
        "coords2D": "2D: (397879.485, 808229.491)",
        "coords3D": "3D: (397879.485, 808229.491, -3.931)",
        "easting": 397879.38004439377,
        "northing": 808229.4257611864,
        "longitude": 174.7404005979919,
        "latitude": -36.805556555263344,
        "group": "R0 - Red (229 points)",
        "canvasX": -278.3547613789165,
        "canvasY": 365.4475843086277
      }
    },
    {
      "type": "Feature",
      "geometry": {
        "type": "Point",
        "coordinates": [
          174.74040566782637,
          -36.80555800469149,
          -3.533454
        ]
      },
      "properties": {
        "id": "0_178",
        "camera": "R0 - Red (Point)",
        "frame": "0366",
        "image": "pano_camera0/frame_0366_hp_preview.jpg",
        "frameId": "0366",
        "height": -3.533454,
        "coords2D": "2D: (397879.937, 808229.330)",
        "coords3D": "3D: (397879.937, 808229.330, -3.533)",
        "easting": 397879.8324600674,
        "northing": 808229.2650408334,
        "longitude": 174.74040566782637,
        "latitude": -36.80555800469149,
        "group": "R0 - Red (229 points)",
        "canvasX": -269.9511295310905,
        "canvasY": 368.43296867100116
      }
    },
    {
      "type": "Feature",
      "geometry": {
        "type": "Point",
        "coordinates": [
          174.74040652415133,
          -36.80555790795451,
          -3.473401
        ]
      },
      "properties": {
        "id": "0_179",
        "camera": "R0 - Red (Point)",
        "frame": "0367",
        "image": "pano_camera0/frame_0367_hp_preview.jpg",
        "frameId": "0367",
        "height": -3.473401,
        "coords2D": "2D: (397880.014, 808229.341)",
        "coords3D": "3D: (397880.014, 808229.341, -3.473)",
        "easting": 397879.90886632865,
        "northing": 808229.2757940321,
        "longitude": 174.74040652415133,
        "latitude": -36.80555790795451,
        "group": "R0 - Red (229 points)",
        "canvasX": -268.5318814194393,
        "canvasY": 368.2332277490624
      }
    },
    {
      "type": "Feature",
      "geometry": {
        "type": "Point",
        "coordinates": [
          174.74041091502977,
          -36.805557178422546,
          -3.170367
        ]
      },
      "properties": {
        "id": "0_180",
        "camera": "R0 - Red (Point)",
        "frame": "0368",
        "image": "pano_camera0/frame_0368_hp_preview.jpg",
        "frameId": "0368",
        "height": -3.170367,
        "coords2D": "2D: (397880.406, 808229.422)",
        "coords3D": "3D: (397880.406, 808229.422, -3.170)",
        "easting": 397880.30063943245,
        "northing": 808229.3568423484,
        "longitude": 174.74041091502977,
        "latitude": -36.805557178422546,
        "group": "R0 - Red (229 points)",
        "canvasX": -261.2546867433503,
        "canvasY": 366.72775335758877
      }
    },
    {
      "type": "Feature",
      "geometry": {
        "type": "Point",
        "coordinates": [
          174.74041995450906,
          -36.80555554880054,
          -2.549189
        ]
      },
      "properties": {
        "id": "0_181",
        "camera": "R0 - Red (Point)",
        "frame": "0369",
        "image": "pano_camera0/frame_0369_hp_preview.jpg",
        "frameId": "0369",
        "height": -2.549189,
        "coords2D": "2D: (397881.212, 808229.603)",
        "coords3D": "3D: (397881.212, 808229.603, -2.549)",
        "easting": 397881.1071772535,
        "northing": 808229.5378702588,
        "longitude": 174.74041995450906,
        "latitude": -36.80555554880054,
        "group": "R0 - Red (229 points)",
        "canvasX": -246.27322762490869,
        "canvasY": 363.3651556352856
      }
    },
    {
      "type": "Feature",
      "geometry": {
        "type": "Point",
        "coordinates": [
          174.7404225831326,
          -36.80555616366249,
          -2.345741
        ]
      },
      "properties": {
        "id": "0_182",
        "camera": "R0 - Red (Point)",
        "frame": "0370",
        "image": "pano_camera0/frame_0370_hp_preview.jpg",
        "frameId": "0370",
        "height": -2.345741,
        "coords2D": "2D: (397881.447, 808229.535)",
        "coords3D": "3D: (397881.447, 808229.535, -2.346)",
        "easting": 397881.34174336365,
        "northing": 808229.4697016274,
        "longitude": 174.7404225831326,
        "latitude": -36.80555616366249,
        "group": "R0 - Red (229 points)",
        "canvasX": -241.91615657632596,
        "canvasY": 364.63138957697026
      }
    },
    {
      "type": "Feature",
      "geometry": {
        "type": "Point",
        "coordinates": [
          174.74042400052474,
          -36.80555796171181,
          -2.20531
        ]
      },
      "properties": {
        "id": "0_183",
        "camera": "R0 - Red (Point)",
        "frame": "0371",
        "image": "pano_camera0/frame_0371_hp_preview.jpg",
        "frameId": "0371",
        "height": -2.20531,
        "coords2D": "2D: (397881.573, 808229.336)",
        "coords3D": "3D: (397881.573, 808229.336, -2.205)",
        "easting": 397881.46826522675,
        "northing": 808229.2702162445,
        "longitude": 174.74042400052474,
        "latitude": -36.80555796171181,
        "group": "R0 - Red (229 points)",
        "canvasX": -239.56600997432693,
        "canvasY": 368.3368352861239
      }
    },
    {
      "type": "Feature",
      "geometry": {
        "type": "Point",
        "coordinates": [
          174.74042221707438,
          -36.805561260291924,
          -2.265485
        ]
      },
      "properties": {
        "id": "0_184",
        "camera": "R0 - Red (Point)",
        "frame": "0372",
        "image": "pano_camera0/frame_0372_hp_preview.jpg",
        "frameId": "0372",
        "height": -2.265485,
        "coords2D": "2D: (397881.414, 808228.970)",
        "coords3D": "3D: (397881.414, 808228.970, -2.265)",
        "easting": 397881.3092208055,
        "northing": 808228.9041566985,
        "longitude": 174.74042221707438,
        "latitude": -36.805561260291924,
        "group": "R0 - Red (229 points)",
        "canvasX": -242.52026386439059,
        "canvasY": 375.1364000184232
      }
    },
    {
      "type": "Feature",
      "geometry": {
        "type": "Point",
        "coordinates": [
          174.74041813694643,
          -36.80556329659823,
          -2.518609
        ]
      },
      "properties": {
        "id": "0_185",
        "camera": "R0 - Red (Point)",
        "frame": "0373",
        "image": "pano_camera0/frame_0373_hp_preview.jpg",
        "frameId": "0373",
        "height": -2.518609,
        "coords2D": "2D: (397881.050, 808228.744)",
        "coords3D": "3D: (397881.050, 808228.744, -2.519)",
        "easting": 397880.9452116387,
        "northing": 808228.6781118318,
        "longitude": 174.74041813694643,
        "latitude": -36.80556329659823,
        "group": "R0 - Red (229 points)",
        "canvasX": -249.28174275401201,
        "canvasY": 379.3351887690778
      }
    },
    {
      "type": "Feature",
      "geometry": {
        "type": "Point",
        "coordinates": [
          174.74041154234683,
          -36.80556882485965,
          -2.880852
        ]
      },
      "properties": {
        "id": "0_186",
        "camera": "R0 - Red (Point)",
        "frame": "0374",
        "image": "pano_camera0/frame_0374_hp_preview.jpg",
        "frameId": "0374",
        "height": -2.880852,
        "coords2D": "2D: (397880.462, 808228.130)",
        "coords3D": "3D: (397880.462, 808228.130, -2.881)",
        "easting": 397880.3569352402,
        "northing": 808228.0645337345,
        "longitude": 174.74041154234683,
        "latitude": -36.80556882485965,
        "group": "R0 - Red (229 points)",
        "canvasX": -260.20899078057585,
        "canvasY": 390.7324164512868
      }
    },
    {
      "type": "Feature",
      "geometry": {
        "type": "Point",
        "coordinates": [
          174.74041080721565,
          -36.805570817240586,
          -2.892398
        ]
      },
      "properties": {
        "id": "0_187",
        "camera": "R0 - Red (Point)",
        "frame": "0375",
        "image": "pano_camera0/frame_0375_hp_preview.jpg",
        "frameId": "0375",
        "height": -2.892398,
        "coords2D": "2D: (397880.396, 808227.909)",
        "coords3D": "3D: (397880.396, 808227.909, -2.892)",
        "easting": 397880.29139522585,
        "northing": 808227.8434370613,
        "longitude": 174.74041080721565,
        "latitude": -36.805570817240586,
        "group": "R0 - Red (229 points)",
        "canvasX": -261.42639809930904,
        "canvasY": 394.8392923888412
      }
    },
    {
      "type": "Feature",
      "geometry": {
        "type": "Point",
        "coordinates": [
          174.74041109637372,
          -36.80557333932448,
          -2.818588
        ]
      },
      "properties": {
        "id": "0_188",
        "camera": "R0 - Red (Point)",
        "frame": "0376",
        "image": "pano_camera0/frame_0376_hp_preview.jpg",
        "frameId": "0376",
        "height": -2.818588,
        "coords2D": "2D: (397880.422, 808227.629)",
        "coords3D": "3D: (397880.422, 808227.629, -2.819)",
        "easting": 397880.3172659907,
        "northing": 808227.5635857073,
        "longitude": 174.74041109637372,
        "latitude": -36.80557333932448,
        "group": "R0 - Red (229 points)",
        "canvasX": -260.945848029877,
        "canvasY": 400.03753791352597
      }
    },
    {
      "type": "Feature",
      "geometry": {
        "type": "Point",
        "coordinates": [
          174.74041177514073,
          -36.80557541351713,
          -2.725918
        ]
      },
      "properties": {
        "id": "0_189",
        "camera": "R0 - Red (Point)",
        "frame": "0377",
        "image": "pano_camera0/frame_0377_hp_preview.jpg",
        "frameId": "0377",
        "height": -2.725918,
        "coords2D": "2D: (397880.483, 808227.399)",
        "coords3D": "3D: (397880.483, 808227.399, -2.726)",
        "easting": 397880.3778887746,
        "northing": 808227.333442305,
        "longitude": 174.74041177514073,
        "latitude": -36.80557541351713,
        "group": "R0 - Red (229 points)",
        "canvasX": -259.8197783831228,
        "canvasY": 404.3124570610753
      }
    },
    {
      "type": "Feature",
      "geometry": {
        "type": "Point",
        "coordinates": [
          174.74041531725715,
          -36.80558165497851,
          -2.338347
        ]
      },
      "properties": {
        "id": "0_190",
        "camera": "R0 - Red (Point)",
        "frame": "0378",
        "image": "pano_camera0/frame_0378_hp_preview.jpg",
        "frameId": "0378",
        "height": -2.338347,
        "coords2D": "2D: (397880.799, 808226.706)",
        "coords3D": "3D: (397880.799, 808226.706, -2.338)",
        "easting": 397880.6941198225,
        "northing": 808226.6409501025,
        "longitude": 174.74041531725715,
        "latitude": -36.80558165497851,
        "group": "R0 - Red (229 points)",
        "canvasX": -253.94577918300723,
        "canvasY": 417.17551611337257
      }
    },
    {
      "type": "Feature",
      "geometry": {
        "type": "Point",
        "coordinates": [
          174.74041690187607,
          -36.8055832439382,
          -2.190174
        ]
      },
      "properties": {
        "id": "0_191",
        "camera": "R0 - Red (Point)",
        "frame": "0379",
        "image": "pano_camera0/frame_0379_hp_preview.jpg",
        "frameId": "0379",
        "height": -2.190174,
        "coords2D": "2D: (397880.941, 808226.530)",
        "coords3D": "3D: (397880.941, 808226.530, -2.190)",
        "easting": 397880.8355573537,
        "northing": 808226.464669629,
        "longitude": 174.74041690187607,
        "latitude": -36.8055832439382,
        "group": "R0 - Red (229 points)",
        "canvasX": -251.3185736937487,
        "canvasY": 420.4499300828821
      }
    },
    {
      "type": "Feature",
      "geometry": {
        "type": "Point",
        "coordinates": [
          174.74041951348465,
          -36.80558503107397,
          -1.963396
        ]
      },
      "properties": {
        "id": "0_192",
        "camera": "R0 - Red (Point)",
        "frame": "0380",
        "image": "pano_camera0/frame_0380_hp_preview.jpg",
        "frameId": "0380",
        "height": -1.963396,
        "coords2D": "2D: (397881.174, 808226.332)",
        "coords3D": "3D: (397881.174, 808226.332, -1.963)",
        "easting": 397881.0686374547,
        "northing": 808226.2664217163,
        "longitude": 174.74041951348465,
        "latitude": -36.80558503107397,
        "group": "R0 - Red (229 points)",
        "canvasX": -246.98910529967026,
        "canvasY": 424.13238975396075
      }
    },
    {
      "type": "Feature",
      "geometry": {
        "type": "Point",
        "coordinates": [
          174.74041959914652,
          -36.80558575136697,
          -1.942093
        ]
      },
      "properties": {
        "id": "0_193",
        "camera": "R0 - Red (Point)",
        "frame": "0381",
        "image": "pano_camera0/frame_0381_hp_preview.jpg",
        "frameId": "0381",
        "height": -1.942093,
        "coords2D": "2D: (397881.181, 808226.252)",
        "coords3D": "3D: (397881.181, 808226.252, -1.942)",
        "easting": 397881.0763008136,
        "northing": 808226.1864978072,
        "longitude": 174.74041959914652,
        "latitude": -36.80558575136697,
        "group": "R0 - Red (229 points)",
        "canvasX": -246.84675822727615,
        "canvasY": 425.6169782585657
      }
    },
    {
      "type": "Feature",
      "geometry": {
        "type": "Point",
        "coordinates": [
          174.74042150665747,
          -36.80558640544521,
          -1.790101
        ]
      },
      "properties": {
        "id": "0_194",
        "camera": "R0 - Red (Point)",
        "frame": "0382",
        "image": "pano_camera0/frame_0382_hp_preview.jpg",
        "frameId": "0382",
        "height": -1.790101,
        "coords2D": "2D: (397881.351, 808226.179)",
        "coords3D": "3D: (397881.351, 808226.179, -1.790)",
        "easting": 397881.2465238568,
        "northing": 808226.1139616468,
        "longitude": 174.74042150665747,
        "latitude": -36.80558640544521,
        "group": "R0 - Red (229 points)",
        "canvasX": -243.68486116963567,
        "canvasY": 426.9643391525814
      }
    },
    {
      "type": "Feature",
      "geometry": {
        "type": "Point",
        "coordinates": [
          174.74042512080607,
          -36.805586536033,
          -1.525354
        ]
      },
      "properties": {
        "id": "0_195",
        "camera": "R0 - Red (Point)",
        "frame": "0383",
        "image": "pano_camera0/frame_0383_hp_preview.jpg",
        "frameId": "0383",
        "height": -1.525354,
        "coords2D": "2D: (397881.674, 808226.165)",
        "coords3D": "3D: (397881.674, 808226.165, -1.525)",
        "easting": 397881.56901380705,
        "northing": 808226.0995513084,
        "longitude": 174.74042512080607,
        "latitude": -36.805586536033,
        "group": "R0 - Red (229 points)",
        "canvasX": -237.69460271048055,
        "canvasY": 427.2320115291845
      }
    },
    {
      "type": "Feature",
      "geometry": {
        "type": "Point",
        "coordinates": [
          174.7404251851378,
          -36.80558622053948,
          -1.527301
        ]
      },
      "properties": {
        "id": "0_196",
        "camera": "R0 - Red (Point)",
        "frame": "0384",
        "image": "pano_camera0/frame_0384_hp_preview.jpg",
        "frameId": "0384",
        "height": -1.527301,
        "coords2D": "2D: (397881.680, 808226.200)",
        "coords3D": "3D: (397881.680, 808226.200, -1.527)",
        "easting": 397881.5747453655,
        "northing": 808226.1345608104,
        "longitude": 174.7404251851378,
        "latitude": -36.80558622053948,
        "group": "R0 - Red (229 points)",
        "canvasX": -237.58813887679898,
        "canvasY": 426.58170920177406
      }
    },
    {
      "type": "Feature",
      "geometry": {
        "type": "Point",
        "coordinates": [
          174.7404282598658,
          -36.80558501226379,
          -1.329714
        ]
      },
      "properties": {
        "id": "0_197",
        "camera": "R0 - Red (Point)",
        "frame": "0385",
        "image": "pano_camera0/frame_0385_hp_preview.jpg",
        "frameId": "0385",
        "height": -1.329714,
        "coords2D": "2D: (397881.954, 808226.334)",
        "coords3D": "3D: (397881.954, 808226.334, -1.330)",
        "easting": 397881.84906655253,
        "northing": 808226.268702699,
        "longitude": 174.7404282598658,
        "latitude": -36.80558501226379,
        "group": "R0 - Red (229 points)",
        "canvasX": -232.4926163334734,
        "canvasY": 424.09002044544474
      }
    },
    {
      "type": "Feature",
      "geometry": {
        "type": "Point",
        "coordinates": [
          174.7404350084366,
          -36.8055827577664,
          -0.887711
        ]
      },
      "properties": {
        "id": "0_198",
        "camera": "R0 - Red (Point)",
        "frame": "0386",
        "image": "pano_camera0/frame_0386_hp_preview.jpg",
        "frameId": "0386",
        "height": -0.887711,
        "coords2D": "2D: (397882.556, 808226.584)",
        "coords3D": "3D: (397882.556, 808226.584, -0.888)",
        "easting": 397882.4511717516,
        "northing": 808226.5190177299,
        "longitude": 174.7404350084366,
        "latitude": -36.8055827577664,
        "group": "R0 - Red (229 points)",
        "canvasX": -221.30849800842705,
        "canvasY": 419.4404128203767
      }
    },
    {
      "type": "Feature",
      "geometry": {
        "type": "Point",
        "coordinates": [
          174.7404382524494,
          -36.80558197483312,
          -0.668939
        ]
      },
      "properties": {
        "id": "0_199",
        "camera": "R0 - Red (Point)",
        "frame": "0387",
        "image": "pano_camera0/frame_0387_hp_preview.jpg",
        "frameId": "0387",
        "height": -0.668939,
        "coords2D": "2D: (397882.846, 808226.671)",
        "coords3D": "3D: (397882.846, 808226.671, -0.669)",
        "easting": 397882.74060976726,
        "northing": 808226.6059661078,
        "longitude": 174.7404382524494,
        "latitude": -36.80558197483312,
        "group": "R0 - Red (229 points)",
        "canvasX": -215.93218001604527,
        "canvasY": 417.82534464402386
      }
    },
    {
      "type": "Feature",
      "geometry": {
        "type": "Point",
        "coordinates": [
          174.74044804623668,
          -36.80557878295909,
          -0.025812
        ]
      },
      "properties": {
        "id": "0_200",
        "camera": "R0 - Red (Point)",
        "frame": "0388",
        "image": "pano_camera0/frame_0388_hp_preview.jpg",
        "frameId": "0388",
        "height": -0.025812,
        "coords2D": "2D: (397883.719, 808227.026)",
        "coords3D": "3D: (397883.719, 808227.026, -0.026)",
        "easting": 397883.61441043235,
        "northing": 808226.9603625054,
        "longitude": 174.74044804623668,
        "latitude": -36.80557878295909,
        "group": "R0 - Red (229 points)",
        "canvasX": -199.7013119775317,
        "canvasY": 411.24242316962915
      }
    },
    {
      "type": "Feature",
      "geometry": {
        "type": "Point",
        "coordinates": [
          174.74045410441062,
          -36.805576343234534,
          0.362259
        ]
      },
      "properties": {
        "id": "0_201",
        "camera": "R0 - Red (Point)",
        "frame": "0389",
        "image": "pano_camera0/frame_0389_hp_preview.jpg",
        "frameId": "0389",
        "height": 0.362259,
        "coords2D": "2D: (397884.260, 808227.297)",
        "coords3D": "3D: (397884.260, 808227.297, 0.362)",
        "easting": 397884.1549073068,
        "northing": 808227.231215483,
        "longitude": 174.74045410441062,
        "latitude": -36.805576343234534,
        "group": "R0 - Red (229 points)",
        "canvasX": -189.6615697410165,
        "canvasY": 406.21132269689133
      }
    },
    {
      "type": "Feature",
      "geometry": {
        "type": "Point",
        "coordinates": [
          174.7404564223935,
          -36.80557516081565,
          0.505527
        ]
      },
      "properties": {
        "id": "0_202",
        "camera": "R0 - Red (Point)",
        "frame": "0390",
        "image": "pano_camera0/frame_0390_hp_preview.jpg",
        "frameId": "0390",
        "height": 0.505527,
        "coords2D": "2D: (397884.467, 808227.428)",
        "coords3D": "3D: (397884.467, 808227.428, 0.506)",
        "easting": 397884.3617057694,
        "northing": 808227.3624714016,
        "longitude": 174.7404564223935,
        "latitude": -36.80557516081565,
        "group": "R0 - Red (229 points)",
        "canvasX": -185.82028340256528,
        "canvasY": 403.77324090467505
      }
    },
    {
      "type": "Feature",
      "geometry": {
        "type": "Point",
        "coordinates": [
          174.74046018168949,
          -36.80557126703443,
          0.696471
        ]
      },
      "properties": {
        "id": "0_203",
        "camera": "R0 - Red (Point)",
        "frame": "0391",
        "image": "pano_camera0/frame_0391_hp_preview.jpg",
        "frameId": "0391",
        "height": 0.696471,
        "coords2D": "2D: (397884.802, 808227.860)",
        "coords3D": "3D: (397884.802, 808227.860, 0.696)",
        "easting": 397884.6970364069,
        "northing": 808227.794619842,
        "longitude": 174.74046018168949,
        "latitude": -36.80557126703443,
        "group": "R0 - Red (229 points)",
        "canvasX": -179.59150887282104,
        "canvasY": 395.746073394551
      }
    },
    {
      "type": "Feature",
      "geometry": {
        "type": "Point",
        "coordinates": [
          174.74045985606307,
          -36.80557027005632,
          0.651974
        ]
      },
      "properties": {
        "id": "0_204",
        "camera": "R0 - Red (Point)",
        "frame": "0392",
        "image": "pano_camera0/frame_0392_hp_preview.jpg",
        "frameId": "0392",
        "height": 0.651974,
        "coords2D": "2D: (397884.773, 808227.971)",
        "coords3D": "3D: (397884.773, 808227.971, 0.652)",
        "easting": 397884.6679537014,
        "northing": 808227.9052402267,
        "longitude": 174.74045985606307,
        "latitude": -36.80557027005632,
        "group": "R0 - Red (229 points)",
        "canvasX": -180.13172081548205,
        "canvasY": 393.69129712938695
      }
    },
    {
      "type": "Feature",
      "geometry": {
        "type": "Point",
        "coordinates": [
          174.7404572590997,
          -36.80557023345477,
          0.462938
        ]
      },
      "properties": {
        "id": "0_205",
        "camera": "R0 - Red (Point)",
        "frame": "0393",
        "image": "pano_camera0/frame_0393_hp_preview.jpg",
        "frameId": "0393",
        "height": 0.462938,
        "coords2D": "2D: (397884.541, 808227.975)",
        "coords3D": "3D: (397884.541, 808227.975, 0.463)",
        "easting": 397884.436228573,
        "northing": 808227.9092441985,
        "longitude": 174.7404572590997,
        "latitude": -36.80557023345477,
        "group": "R0 - Red (229 points)",
        "canvasX": -184.43602056213285,
        "canvasY": 393.61692325773765
      }
    },
    {
      "type": "Feature",
      "geometry": {
        "type": "Point",
        "coordinates": [
          174.74045486837312,
          -36.80557169127205,
          0.320167
        ]
      },
      "properties": {
        "id": "0_206",
        "camera": "R0 - Red (Point)",
        "frame": "0394",
        "image": "pano_camera0/frame_0394_hp_preview.jpg",
        "frameId": "0394",
        "height": 0.320167,
        "coords2D": "2D: (397884.328, 808227.813)",
        "coords3D": "3D: (397884.328, 808227.813, 0.320)",
        "easting": 397884.22294683015,
        "northing": 808227.7474276677,
        "longitude": 174.74045486837312,
        "latitude": -36.80557169127205,
        "group": "R0 - Red (229 points)",
        "canvasX": -188.39773398310652,
        "canvasY": 396.62266914837306
      }
    },
    {
      "type": "Feature",
      "geometry": {
        "type": "Point",
        "coordinates": [
          174.74045097006518,
          -36.80557423826712,
          0.090925
        ]
      },
      "properties": {
        "id": "0_207",
        "camera": "R0 - Red (Point)",
        "frame": "0395",
        "image": "pano_camera0/frame_0395_hp_preview.jpg",
        "frameId": "0395",
        "height": 0.090925,
        "coords2D": "2D: (397883.980, 808227.530)",
        "coords3D": "3D: (397883.980, 808227.530, 0.091)",
        "easting": 397883.87517528224,
        "northing": 808227.464719439,
        "longitude": 174.74045097006518,
        "latitude": -36.80557423826712,
        "group": "R0 - Red (229 points)",
        "canvasX": -194.85759871758358,
        "canvasY": 401.87398118826025
      }
    },
    {
      "type": "Feature",
      "geometry": {
        "type": "Point",
        "coordinates": [
          174.74044607133865,
          -36.80557565759686,
          -0.234472
        ]
      },
      "properties": {
        "id": "0_208",
        "camera": "R0 - Red (Point)",
        "frame": "0396",
        "image": "pano_camera0/frame_0396_hp_preview.jpg",
        "frameId": "0396",
        "height": -0.234472,
        "coords2D": "2D: (397883.543, 808227.373)",
        "coords3D": "3D: (397883.543, 808227.373, -0.234)",
        "easting": 397883.43810650444,
        "northing": 808227.30711808,
        "longitude": 174.74044607133865,
        "latitude": -36.80557565759686,
        "group": "R0 - Red (229 points)",
        "canvasX": -202.97616161175299,
        "canvasY": 404.80143016297734
      }
    },
    {
      "type": "Feature",
      "geometry": {
        "type": "Point",
        "coordinates": [
          174.7404411243137,
          -36.80557253828896,
          -0.658472
        ]
      },
      "properties": {
        "id": "0_209",
        "camera": "R0 - Red (Point)",
        "frame": "0397",
        "image": "pano_camera0/frame_0397_hp_preview.jpg",
        "frameId": "0397",
        "height": -0.658472,
        "coords2D": "2D: (397883.102, 808227.719)",
        "coords3D": "3D: (397883.102, 808227.719, -0.658)",
        "easting": 397882.99660318624,
        "northing": 808227.6531360575,
        "longitude": 174.7404411243137,
        "latitude": -36.80557253828896,
        "group": "R0 - Red (229 points)",
        "canvasX": -211.17709619819738,
        "canvasY": 398.37413803952353
      }
    },
    {
      "type": "Feature",
      "geometry": {
        "type": "Point",
        "coordinates": [
          174.74044020038986,
          -36.80557085170185,
          -0.760793
        ]
      },
      "properties": {
        "id": "0_210",
        "camera": "R0 - Red (Point)",
        "frame": "0398",
        "image": "pano_camera0/frame_0398_hp_preview.jpg",
        "frameId": "0398",
        "height": -0.760793,
        "coords2D": "2D: (397883.019, 808227.906)",
        "coords3D": "3D: (397883.019, 808227.906, -0.761)",
        "easting": 397882.91411607363,
        "northing": 808227.8402642139,
        "longitude": 174.74044020038986,
        "latitude": -36.80557085170185,
        "group": "R0 - Red (229 points)",
        "canvasX": -212.7092962680184,
        "canvasY": 394.89822810560895
      }
    },
    {
      "type": "Feature",
      "geometry": {
        "type": "Point",
        "coordinates": [
          174.74044140346672,
          -36.80556577089479,
          -0.780037
        ]
      },
      "properties": {
        "id": "0_211",
        "camera": "R0 - Red (Point)",
        "frame": "0399",
        "image": "pano_camera0/frame_0399_hp_preview.jpg",
        "frameId": "0399",
        "height": -0.780037,
        "coords2D": "2D: (397883.126, 808228.469)",
        "coords3D": "3D: (397883.126, 808228.469, -0.780)",
        "easting": 397883.0213254073,
        "northing": 808228.4040719686,
        "longitude": 174.74044140346672,
        "latitude": -36.80556577089479,
        "group": "R0 - Red (229 points)",
        "canvasX": -210.71788035643561,
        "canvasY": 384.4254857139405
      }
    },
    {
      "type": "Feature",
      "geometry": {
        "type": "Point",
        "coordinates": [
          174.74044718400452,
          -36.80556267512674,
          -0.42584
        ]
      },
      "properties": {
        "id": "0_212",
        "camera": "R0 - Red (Point)",
        "frame": "0400",
        "image": "pano_camera0/frame_0400_hp_preview.jpg",
        "frameId": "0400",
        "height": -0.42584,
        "coords2D": "2D: (397883.642, 808228.813)",
        "coords3D": "3D: (397883.642, 808228.813, -0.426)",
        "easting": 397883.5370311348,
        "northing": 808228.747715332,
        "longitude": 174.74044718400452,
        "latitude": -36.80556267512674,
        "group": "R0 - Red (229 points)",
        "canvasX": -201.13863426053368,
        "canvasY": 378.04230210526026
      }
    },
    {
      "type": "Feature",
      "geometry": {
        "type": "Point",
        "coordinates": [
          174.74045194214227,
          -36.80556050915489,
          -0.12628
        ]
      },
      "properties": {
        "id": "0_213",
        "camera": "R0 - Red (Point)",
        "frame": "0401",
        "image": "pano_camera0/frame_0401_hp_preview.jpg",
        "frameId": "0401",
        "height": -0.12628,
        "coords2D": "2D: (397884.066, 808229.054)",
        "coords3D": "3D: (397884.066, 808229.054, -0.126)",
        "easting": 397883.9615348669,
        "northing": 808228.9881631541,
        "longitude": 174.74045194214227,
        "latitude": -36.80556050915489,
        "group": "R0 - Red (229 points)",
        "canvasX": -193.25346738933823,
        "canvasY": 373.5759781185572
      }
    },
    {
      "type": "Feature",
      "geometry": {
        "type": "Point",
        "coordinates": [
          174.74045224425367,
          -36.805560339217614,
          -0.107939
        ]
      },
      "properties": {
        "id": "0_214",
        "camera": "R0 - Red (Point)",
        "frame": "0402",
        "image": "pano_camera0/frame_0402_hp_preview.jpg",
        "frameId": "0402",
        "height": -0.107939,
        "coords2D": "2D: (397884.093, 808229.072)",
        "coords3D": "3D: (397884.093, 808229.072, -0.108)",
        "easting": 397883.9884872558,
        "northing": 808229.0070265717,
        "longitude": 174.74045224425367,
        "latitude": -36.805560339217614,
        "group": "R0 - Red (229 points)",
        "canvasX": -192.75282612662096,
        "canvasY": 373.22558969126317
      }
    },
    {
      "type": "Feature",
      "geometry": {
        "type": "Point",
        "coordinates": [
          174.74045678787067,
          -36.8055583502471,
          0.179778
        ]
      },
      "properties": {
        "id": "0_215",
        "camera": "R0 - Red (Point)",
        "frame": "0403",
        "image": "pano_camera0/frame_0403_hp_preview.jpg",
        "frameId": "0403",
        "height": 0.179778,
        "coords2D": "2D: (397884.499, 808229.293)",
        "coords3D": "3D: (397884.499, 808229.293, 0.180)",
        "easting": 397884.3938544318,
        "northing": 808229.2278290436,
        "longitude": 174.74045678787067,
        "latitude": -36.8055583502471,
        "group": "R0 - Red (229 points)",
        "canvasX": -185.22312123666796,
        "canvasY": 369.1241785467828
      }
    },
    {
      "type": "Feature",
      "geometry": {
        "type": "Point",
        "coordinates": [
          174.74045828259955,
          -36.80555285358795,
          0.172964
        ]
      },
      "properties": {
        "id": "0_216",
        "camera": "R0 - Red (Point)",
        "frame": "0404",
        "image": "pano_camera0/frame_0404_hp_preview.jpg",
        "frameId": "0404",
        "height": 0.172964,
        "coords2D": "2D: (397884.632, 808229.903)",
        "coords3D": "3D: (397884.632, 808229.903, 0.173)",
        "easting": 397884.52707623,
        "northing": 808229.8377873857,
        "longitude": 174.74045828259955,
        "latitude": -36.80555285358795,
        "group": "R0 - Red (229 points)",
        "canvasX": -182.74852318190267,
        "canvasY": 357.7941879040762
      }
    },
    {
      "type": "Feature",
      "geometry": {
        "type": "Point",
        "coordinates": [
          174.74045797871347,
          -36.80555247888115,
          0.143082
        ]
      },
      "properties": {
        "id": "0_217",
        "camera": "R0 - Red (Point)",
        "frame": "0405",
        "image": "pano_camera0/frame_0405_hp_preview.jpg",
        "frameId": "0405",
        "height": 0.143082,
        "coords2D": "2D: (397884.605, 808229.945)",
        "coords3D": "3D: (397884.605, 808229.945, 0.143)",
        "easting": 397884.4999505017,
        "northing": 808229.8793592202,
        "longitude": 174.74045797871347,
        "latitude": -36.80555247888115,
        "group": "R0 - Red (229 points)",
        "canvasX": -183.25238422685436,
        "canvasY": 357.0219900939869
      }
    },
    {
      "type": "Feature",
      "geometry": {
        "type": "Point",
        "coordinates": [
          174.74045245649341,
          -36.80554973956943,
          -0.314655
        ]
      },
      "properties": {
        "id": "0_218",
        "camera": "R0 - Red (Point)",
        "frame": "0406",
        "image": "pano_camera0/frame_0406_hp_preview.jpg",
        "frameId": "0406",
        "height": -0.314655,
        "coords2D": "2D: (397884.112, 808230.249)",
        "coords3D": "3D: (397884.112, 808230.249, -0.315)",
        "easting": 397884.007133524,
        "northing": 808230.1831990445,
        "longitude": 174.74045245649341,
        "latitude": -36.80554973956943,
        "group": "R0 - Red (229 points)",
        "canvasX": -192.40647125366718,
        "canvasY": 351.37815816396204
      }
    },
    {
      "type": "Feature",
      "geometry": {
        "type": "Point",
        "coordinates": [
          174.7404469420111,
          -36.805551639140575,
          -0.674629
        ]
      },
      "properties": {
        "id": "0_219",
        "camera": "R0 - Red (Point)",
        "frame": "0407",
        "image": "pano_camera0/frame_0407_hp_preview.jpg",
        "frameId": "0407",
        "height": -0.674629,
        "coords2D": "2D: (397883.620, 808230.038)",
        "coords3D": "3D: (397883.620, 808230.038, -0.675)",
        "easting": 397883.51513460814,
        "northing": 808229.9722950844,
        "longitude": 174.7404469420111,
        "latitude": -36.805551639140575,
        "group": "R0 - Red (229 points)",
        "canvasX": -201.5453627624411,
        "canvasY": 355.2957042167638
      }
    },
    {
      "type": "Feature",
      "geometry": {
        "type": "Point",
        "coordinates": [
          174.7404440977485,
          -36.805552717097946,
          -0.858239
        ]
      },
      "properties": {
        "id": "0_220",
        "camera": "R0 - Red (Point)",
        "frame": "0408",
        "image": "pano_camera0/frame_0408_hp_preview.jpg",
        "frameId": "0408",
        "height": -0.858239,
        "coords2D": "2D: (397883.366, 808229.918)",
        "coords3D": "3D: (397883.366, 808229.918, -0.858)",
        "easting": 397883.2613738626,
        "northing": 808229.8526188497,
        "longitude": 174.7404440977485,
        "latitude": -36.805552717097946,
        "group": "R0 - Red (229 points)",
        "canvasX": -206.25897461682385,
        "canvasY": 357.51869310966845
      }
    },
    {
      "type": "Feature",
      "geometry": {
        "type": "Point",
        "coordinates": [
          174.74044203634918,
          -36.80555357283516,
          -0.989751
        ]
      },
      "properties": {
        "id": "0_221",
        "camera": "R0 - Red (Point)",
        "frame": "0409",
        "image": "pano_camera0/frame_0409_hp_preview.jpg",
        "frameId": "0409",
        "height": -0.989751,
        "coords2D": "2D: (397883.182, 808229.823)",
        "coords3D": "3D: (397883.182, 808229.823, -0.990)",
        "easting": 397883.0774610292,
        "northing": 808229.7576181352,
        "longitude": 174.74044203634918,
        "latitude": -36.80555357283516,
        "group": "R0 - Red (229 points)",
        "canvasX": -209.67515985121233,
        "canvasY": 359.2833336301701
      }
    },
    {
      "type": "Feature",
      "geometry": {
        "type": "Point",
        "coordinates": [
          174.74043718247495,
          -36.805553888806294,
          -1.335016
        ]
      },
      "properties": {
        "id": "0_222",
        "camera": "R0 - Red (Point)",
        "frame": "0410",
        "image": "pano_camera0/frame_0410_hp_preview.jpg",
        "frameId": "0410",
        "height": -1.335016,
        "coords2D": "2D: (397882.749, 808229.788)",
        "coords3D": "3D: (397882.749, 808229.788, -1.335)",
        "easting": 397882.64436389005,
        "northing": 808229.7224496065,
        "longitude": 174.74043718247495,
        "latitude": -36.805553888806294,
        "group": "R0 - Red (229 points)",
        "canvasX": -217.71994946284929,
        "canvasY": 359.9365898816782
      }
    },
    {
      "type": "Feature",
      "geometry": {
        "type": "Point",
        "coordinates": [
          174.74043113565622,
          -36.80554918523142,
          -1.871943
        ]
      },
      "properties": {
        "id": "0_223",
        "camera": "R0 - Red (Point)",
        "frame": "0411",
        "image": "pano_camera0/frame_0411_hp_preview.jpg",
        "frameId": "0411",
        "height": -1.871943,
        "coords2D": "2D: (397882.210, 808230.310)",
        "coords3D": "3D: (397882.210, 808230.310, -1.872)",
        "easting": 397882.1046833985,
        "northing": 808230.2442380559,
        "longitude": 174.74043113565622,
        "latitude": -36.80554918523142,
        "group": "R0 - Red (229 points)",
        "canvasX": -227.7445273689734,
        "canvasY": 350.2443570842744
      }
    },
    {
      "type": "Feature",
      "geometry": {
        "type": "Point",
        "coordinates": [
          174.7404305701245,
          -36.805548396958976,
          -1.929459
        ]
      },
      "properties": {
        "id": "0_224",
        "camera": "R0 - Red (Point)",
        "frame": "0412",
        "image": "pano_camera0/frame_0412_hp_preview.jpg",
        "frameId": "0412",
        "height": -1.929459,
        "coords2D": "2D: (397882.159, 808230.397)",
        "coords3D": "3D: (397882.159, 808230.397, -1.929)",
        "easting": 397882.05419991416,
        "northing": 808230.3316945323,
        "longitude": 174.7404305701245,
        "latitude": -36.805548396958976,
        "group": "R0 - Red (229 points)",
        "canvasX": -228.68225928597525,
        "canvasY": 348.6198509636969
      }
    },
    {
      "type": "Feature",
      "geometry": {
        "type": "Point",
        "coordinates": [
          174.74042858237775,
          -36.80554656141547,
          -2.112024
        ]
      },
      "properties": {
        "id": "0_225",
        "camera": "R0 - Red (Point)",
        "frame": "0413",
        "image": "pano_camera0/frame_0413_hp_preview.jpg",
        "frameId": "0413",
        "height": -2.112024,
        "coords2D": "2D: (397881.982, 808230.601)",
        "coords3D": "3D: (397881.982, 808230.601, -2.112)",
        "easting": 397881.8767848983,
        "northing": 808230.5353277547,
        "longitude": 174.74042858237775,
        "latitude": -36.80554656141547,
        "group": "R0 - Red (229 points)",
        "canvasX": -231.97774740474168,
        "canvasY": 344.83735903915664
      }
    },
    {
      "type": "Feature",
      "geometry": {
        "type": "Point",
        "coordinates": [
          174.74042844884085,
          -36.80554676972494,
          -2.11734
        ]
      },
      "properties": {
        "id": "0_226",
        "camera": "R0 - Red (Point)",
        "frame": "0414",
        "image": "pano_camera0/frame_0414_hp_preview.jpg",
        "frameId": "0414",
        "height": -2.11734,
        "coords2D": "2D: (397881.970, 808230.578)",
        "coords3D": "3D: (397881.970, 808230.578, -2.117)",
        "easting": 397881.8648752861,
        "northing": 808230.5122101726,
        "longitude": 174.74042844884085,
        "latitude": -36.80554676972494,
        "group": "R0 - Red (229 points)",
        "canvasX": -232.198968732792,
        "canvasY": 345.26676867372424
      }
    },
    {
      "type": "Feature",
      "geometry": {
        "type": "Point",
        "coordinates": [
          174.74042846355346,
          -36.80554678854716,
          -2.115879
        ]
      },
      "properties": {
        "id": "0_227",
        "camera": "R0 - Red (Point)",
        "frame": "0415",
        "image": "pano_camera0/frame_0415_hp_preview.jpg",
        "frameId": "0415",
        "height": -2.115879,
        "coords2D": "2D: (397881.971, 808230.576)",
        "coords3D": "3D: (397881.971, 808230.576, -2.116)",
        "easting": 397881.866188594,
        "northing": 808230.5101219284,
        "longitude": 174.74042846355346,
        "latitude": -36.80554678854716,
        "group": "R0 - Red (229 points)",
        "canvasX": -232.17457400721077,
        "canvasY": 345.3055578586781
      }
    },
    {
      "type": "Feature",
      "geometry": {
        "type": "Point",
        "coordinates": [
          174.74042845538173,
          -36.80554674905158,
          -2.117299
        ]
      },
      "properties": {
        "id": "0_228",
        "camera": "R0 - Red (End)",
        "frame": "0416",
        "image": "pano_camera0/frame_0416_hp_preview.jpg",
        "frameId": "0416",
        "height": -2.117299,
        "coords2D": "2D: (397882.030, 808230.617)",
        "coords3D": "3D: (397882.030, 808230.617, -2.117)",
        "easting": 397881.8654583505,
        "northing": 808230.5145042944,
        "longitude": 174.74042845538173,
        "latitude": -36.80554674905158,
        "group": "R0 - Red (229 points)",
        "canvasX": -232.18813829858186,
        "canvasY": 345.2241553055622
      }
    },
    {
      "type": "Feature",
      "geometry": {
        "type": "Point",
        "coordinates": [
          174.7404941706866,
          -36.80545992012003,
          0
        ]
      },
      "properties": {
        "id": "1_0",
        "camera": "R1 - Green (Start)",
        "frame": "0000",
        "image": "pano_camera0/frame_0000_hp_preview.jpg",
        "frameId": "0000",
        "height": 0,
        "coords2D": "2D: (397887.605, 808240.134)",
        "coords3D": "3D: (397887.605, 808240.134, 0.000)",
        "easting": 397887.7267781174,
        "northing": 808240.150748299,
        "longitude": 174.7404941706866,
        "latitude": -36.80545992012003,
        "group": "R1 - Green (90 points)",
        "canvasX": -123.31398488082938,
        "canvasY": 166.2306948160823
      }
    },
    {
      "type": "Feature",
      "geometry": {
        "type": "Point",
        "coordinates": [
          174.7404860461432,
          -36.80546431800975,
          0.443389
        ]
      },
      "properties": {
        "id": "1_1",
        "camera": "R1 - Green (Point)",
        "frame": "0002",
        "image": "pano_camera0/frame_0002_hp_preview.jpg",
        "frameId": "0002",
        "height": 0.443389,
        "coords2D": "2D: (397886.937, 808239.654)",
        "coords3D": "3D: (397886.937, 808239.654, 0.443)",
        "easting": 397887.00195403106,
        "northing": 808239.6625662055,
        "longitude": 174.7404860461432,
        "latitude": -36.80546431800975,
        "group": "R1 - Green (90 points)",
        "canvasX": -136.77760944321562,
        "canvasY": 175.298688758337
      }
    },
    {
      "type": "Feature",
      "geometry": {
        "type": "Point",
        "coordinates": [
          174.74048194423153,
          -36.805466614470596,
          0.659281
        ]
      },
      "properties": {
        "id": "1_2",
        "camera": "R1 - Green (Point)",
        "frame": "0003",
        "image": "pano_camera0/frame_0003_hp_preview.jpg",
        "frameId": "0003",
        "height": 0.659281,
        "coords2D": "2D: (397886.571, 808239.399)",
        "coords3D": "3D: (397886.571, 808239.399, 0.659)",
        "easting": 397886.6360076658,
        "northing": 808239.407653602,
        "longitude": 174.74048194423153,
        "latitude": -36.805466614470596,
        "group": "R1 - Green (90 points)",
        "canvasX": -143.57507184020582,
        "canvasY": 180.03369640253854
      }
    },
    {
      "type": "Feature",
      "geometry": {
        "type": "Point",
        "coordinates": [
          174.7404796593375,
          -36.80546782858765,
          0.786356
        ]
      },
      "properties": {
        "id": "1_3",
        "camera": "R1 - Green (Point)",
        "frame": "0004",
        "image": "pano_camera0/frame_0004_hp_preview.jpg",
        "frameId": "0004",
        "height": 0.786356,
        "coords2D": "2D: (397886.367, 808239.264)",
        "coords3D": "3D: (397886.367, 808239.264, 0.786)",
        "easting": 397886.43216222804,
        "northing": 808239.2728811533,
        "longitude": 174.7404796593375,
        "latitude": -36.80546782858765,
        "group": "R1 - Green (90 points)",
        "canvasX": -147.36150567148306,
        "canvasY": 182.53709782676563
      }
    },
    {
      "type": "Feature",
      "geometry": {
        "type": "Point",
        "coordinates": [
          174.74047845869256,
          -36.8054675028446,
          0.954063
        ]
      },
      "properties": {
        "id": "1_4",
        "camera": "R1 - Green (Point)",
        "frame": "0005",
        "image": "pano_camera0/frame_0005_hp_preview.jpg",
        "frameId": "0005",
        "height": 0.954063,
        "coords2D": "2D: (397886.260, 808239.300)",
        "coords3D": "3D: (397886.260, 808239.300, 0.954)",
        "easting": 397886.32502093434,
        "northing": 808239.3090000125,
        "longitude": 174.74047845869256,
        "latitude": -36.8054675028446,
        "group": "R1 - Green (90 points)",
        "canvasX": -149.3516577385262,
        "canvasY": 181.86618916281859
      }
    },
    {
      "type": "Feature",
      "geometry": {
        "type": "Point",
        "coordinates": [
          174.74048031320874,
          -36.80546730176759,
          0.768777
        ]
      },
      "properties": {
        "id": "1_5",
        "camera": "R1 - Green (Point)",
        "frame": "0006",
        "image": "pano_camera0/frame_0006_hp_preview.jpg",
        "frameId": "0006",
        "height": 0.768777,
        "coords2D": "2D: (397886.425, 808239.322)",
        "coords3D": "3D: (397886.425, 808239.322, 0.769)",
        "easting": 397886.4904920263,
        "northing": 808239.3313530879,
        "longitude": 174.74048031320874,
        "latitude": -36.80546730176759,
        "group": "R1 - Green (90 points)",
        "canvasX": -146.27802828793477,
        "canvasY": 181.45098025822088
      }
    },
    {
      "type": "Feature",
      "geometry": {
        "type": "Point",
        "coordinates": [
          174.74048130336098,
          -36.80546752264992,
          0.635473
        ]
      },
      "properties": {
        "id": "1_6",
        "camera": "R1 - Green (Point)",
        "frame": "0007",
        "image": "pano_camera0/frame_0007_hp_preview.jpg",
        "frameId": "0007",
        "height": 0.635473,
        "coords2D": "2D: (397886.514, 808239.298)",
        "coords3D": "3D: (397886.514, 808239.298, 0.635)",
        "easting": 397886.578848386,
        "northing": 808239.3068652237,
        "longitude": 174.74048130336098,
        "latitude": -36.80546752264992,
        "group": "R1 - Green (90 points)",
        "canvasX": -144.63680681555024,
        "canvasY": 181.9058429153759
      }
    },
    {
      "type": "Feature",
      "geometry": {
        "type": "Point",
        "coordinates": [
          174.74048126693322,
          -36.80546747594192,
          0.644418
        ]
      },
      "properties": {
        "id": "1_7",
        "camera": "R1 - Green (Point)",
        "frame": "0008",
        "image": "pano_camera0/frame_0008_hp_preview.jpg",
        "frameId": "0008",
        "height": 0.644418,
        "coords2D": "2D: (397886.510, 808239.303)",
        "coords3D": "3D: (397886.510, 808239.303, 0.644)",
        "easting": 397886.57559668785,
        "northing": 808239.3120472736,
        "longitude": 174.74048126693322,
        "latitude": -36.80546747594192,
        "group": "R1 - Green (90 points)",
        "canvasX": -144.69720718505155,
        "canvasY": 181.80958621425458
      }
    },
    {
      "type": "Feature",
      "geometry": {
        "type": "Point",
        "coordinates": [
          174.74048093434132,
          -36.805467305719304,
          0.699252
        ]
      },
      "properties": {
        "id": "1_8",
        "camera": "R1 - Green (Point)",
        "frame": "0009",
        "image": "pano_camera0/frame_0009_hp_preview.jpg",
        "frameId": "0009",
        "height": 0.699252,
        "coords2D": "2D: (397886.481, 808239.322)",
        "coords3D": "3D: (397886.481, 808239.322, 0.699)",
        "easting": 397886.54591517145,
        "northing": 808239.3309283203,
        "longitude": 174.74048093434132,
        "latitude": -36.805467305719304,
        "group": "R1 - Green (90 points)",
        "canvasX": -145.24854205563534,
        "canvasY": 181.45887032640817
      }
    },
    {
      "type": "Feature",
      "geometry": {
        "type": "Point",
        "coordinates": [
          174.74048089609298,
          -36.805467312171544,
          0.702832
        ]
      },
      "properties": {
        "id": "1_9",
        "camera": "R1 - Green (Point)",
        "frame": "0010",
        "image": "pano_camera0/frame_0010_hp_preview.jpg",
        "frameId": "0010",
        "height": 0.702832,
        "coords2D": "2D: (397886.477, 808239.321)",
        "coords3D": "3D: (397886.477, 808239.321, 0.703)",
        "easting": 397886.5425024849,
        "northing": 808239.3302115155,
        "longitude": 174.74048089609298,
        "latitude": -36.805467312171544,
        "group": "R1 - Green (90 points)",
        "canvasX": -145.31193278869182,
        "canvasY": 181.47218499033673
      }
    },
    {
      "type": "Feature",
      "geometry": {
        "type": "Point",
        "coordinates": [
          174.74048085755078,
          -36.80546742349819,
          0.695461
        ]
      },
      "properties": {
        "id": "1_10",
        "camera": "R1 - Green (Point)",
        "frame": "0011",
        "image": "pano_camera0/frame_0011_hp_preview.jpg",
        "frameId": "0011",
        "height": 0.695461,
        "coords2D": "2D: (397886.474, 808239.309)",
        "coords3D": "3D: (397886.474, 808239.309, 0.695)",
        "easting": 397886.53906646435,
        "northing": 808239.3178575357,
        "longitude": 174.74048085755078,
        "latitude": -36.80546742349819,
        "group": "R1 - Green (90 points)",
        "canvasX": -145.3757569514628,
        "canvasY": 181.70166045906478
      }
    },
    {
      "type": "Feature",
      "geometry": {
        "type": "Point",
        "coordinates": [
          174.7404810838214,
          -36.80546718846653,
          0.6949
        ]
      },
      "properties": {
        "id": "1_11",
        "camera": "R1 - Green (Point)",
        "frame": "0012",
        "image": "pano_camera0/frame_0012_hp_preview.jpg",
        "frameId": "0012",
        "height": 0.6949,
        "coords2D": "2D: (397886.494, 808239.335)",
        "coords3D": "3D: (397886.494, 808239.335, 0.695)",
        "easting": 397886.55924990907,
        "northing": 808239.3439423315,
        "longitude": 174.7404810838214,
        "latitude": -36.80546718846653,
        "group": "R1 - Green (90 points)",
        "canvasX": -145.0008489882788,
        "canvasY": 181.21713475940567
      }
    },
    {
      "type": "Feature",
      "geometry": {
        "type": "Point",
        "coordinates": [
          174.74048136923707,
          -36.80546761730319,
          0.61823
        ]
      },
      "properties": {
        "id": "1_12",
        "camera": "R1 - Green (Point)",
        "frame": "0013",
        "image": "pano_camera0/frame_0013_hp_preview.jpg",
        "frameId": "0013",
        "height": 0.61823,
        "coords2D": "2D: (397886.519, 808239.287)",
        "coords3D": "3D: (397886.519, 808239.287, 0.618)",
        "easting": 397886.5847290436,
        "northing": 808239.2963636782,
        "longitude": 174.74048136923707,
        "latitude": -36.80546761730319,
        "group": "R1 - Green (90 points)",
        "canvasX": -144.52757346140024,
        "canvasY": 182.10090937143633
      }
    },
    {
      "type": "Feature",
      "geometry": {
        "type": "Point",
        "coordinates": [
          174.740480544439,
          -36.80546752771473,
          0.719385
        ]
      },
      "properties": {
        "id": "1_13",
        "camera": "R1 - Green (Point)",
        "frame": "0014",
        "image": "pano_camera0/frame_0014_hp_preview.jpg",
        "frameId": "0014",
        "height": 0.719385,
        "coords2D": "2D: (397886.446, 808239.297)",
        "coords3D": "3D: (397886.446, 808239.297, 0.719)",
        "easting": 397886.51113067934,
        "northing": 808239.3062864465,
        "longitude": 174.740480544439,
        "latitude": -36.80546752771473,
        "group": "R1 - Green (90 points)",
        "canvasX": -145.89466481932794,
        "canvasY": 181.91659371403796
      }
    },
    {
      "type": "Feature",
      "geometry": {
        "type": "Point",
        "coordinates": [
          174.74048031622036,
          -36.80546788937212,
          0.706901
        ]
      },
      "properties": {
        "id": "1_14",
        "camera": "R1 - Green (Point)",
        "frame": "0015",
        "image": "pano_camera0/frame_0015_hp_preview.jpg",
        "frameId": "0015",
        "height": 0.706901,
        "coords2D": "2D: (397886.425, 808239.257)",
        "coords3D": "3D: (397886.425, 808239.257, 0.707)",
        "easting": 397886.49077689595,
        "northing": 808239.2661508488,
        "longitude": 174.74048031622036,
        "latitude": -36.80546788937212,
        "group": "R1 - Green (90 points)",
        "canvasX": -146.27273682763192,
        "canvasY": 182.6621133917787
      }
    },
    {
      "type": "Feature",
      "geometry": {
        "type": "Point",
        "coordinates": [
          174.7404807317988,
          -36.805468100015936,
          0.6386
        ]
      },
      "properties": {
        "id": "1_15",
        "camera": "R1 - Green (Point)",
        "frame": "0016",
        "image": "pano_camera0/frame_0016_hp_preview.jpg",
        "frameId": "0016",
        "height": 0.6386,
        "coords2D": "2D: (397886.463, 808239.234)",
        "coords3D": "3D: (397886.463, 808239.234, 0.639)",
        "easting": 397886.5278643343,
        "northing": 808239.2427863822,
        "longitude": 174.7404807317988,
        "latitude": -36.805468100015936,
        "group": "R1 - Green (90 points)",
        "canvasX": -145.5838367828873,
        "canvasY": 183.09610891203434
      }
    },
    {
      "type": "Feature",
      "geometry": {
        "type": "Point",
        "coordinates": [
          174.74048312747504,
          -36.80546675931535,
          0.512456
        ]
      },
      "properties": {
        "id": "1_16",
        "camera": "R1 - Green (Point)",
        "frame": "0017",
        "image": "pano_camera0/frame_0017_hp_preview.jpg",
        "frameId": "0017",
        "height": 0.512456,
        "coords2D": "2D: (397886.676, 808239.383)",
        "coords3D": "3D: (397886.676, 808239.383, 0.512)",
        "easting": 397886.7415912775,
        "northing": 808239.3916073536,
        "longitude": 174.74048312747504,
        "latitude": -36.80546675931535,
        "group": "R1 - Green (90 points)",
        "canvasX": -141.6138537538217,
        "canvasY": 180.33175584616404
      }
    },
    {
      "type": "Feature",
      "geometry": {
        "type": "Point",
        "coordinates": [
          174.74048611862779,
          -36.80546541988003,
          0.319923
        ]
      },
      "properties": {
        "id": "1_17",
        "camera": "R1 - Green (Point)",
        "frame": "0018",
        "image": "pano_camera0/frame_0018_hp_preview.jpg",
        "frameId": "0018",
        "height": 0.319923,
        "coords2D": "2D: (397886.943, 808239.531)",
        "coords3D": "3D: (397886.943, 808239.531, 0.320)",
        "easting": 397887.0084520312,
        "northing": 808239.5403010788,
        "longitude": 174.74048611862779,
        "latitude": -36.80546541988003,
        "group": "R1 - Green (90 points)",
        "canvasX": -136.65690893725326,
        "canvasY": 177.56976637966113
      }
    },
    {
      "type": "Feature",
      "geometry": {
        "type": "Point",
        "coordinates": [
          174.74048835575678,
          -36.80546500019768,
          0.11496
        ]
      },
      "properties": {
        "id": "1_18",
        "camera": "R1 - Green (Point)",
        "frame": "0019",
        "image": "pano_camera0/frame_0019_hp_preview.jpg",
        "frameId": "0019",
        "height": 0.11496,
        "coords2D": "2D: (397887.143, 808239.578)",
        "coords3D": "3D: (397887.143, 808239.578, 0.115)",
        "easting": 397887.2080572826,
        "northing": 808239.5869196777,
        "longitude": 174.74048835575678,
        "latitude": -36.80546500019768,
        "group": "R1 - Green (90 points)",
        "canvasX": -132.9492366665797,
        "canvasY": 176.70382480325435
      }
    },
    {
      "type": "Feature",
      "geometry": {
        "type": "Point",
        "coordinates": [
          174.74049090945473,
          -36.805465239431754,
          -0.194236
        ]
      },
      "properties": {
        "id": "1_19",
        "camera": "R1 - Green (Point)",
        "frame": "0020",
        "image": "pano_camera0/frame_0020_hp_preview.jpg",
        "frameId": "0020",
        "height": -0.194236,
        "coords2D": "2D: (397887.371, 808239.551)",
        "coords3D": "3D: (397887.371, 808239.551, -0.194)",
        "easting": 397887.43592776643,
        "northing": 808239.5604299812,
        "longitude": 174.74049090945473,
        "latitude": -36.805465239431754,
        "group": "R1 - Green (90 points)",
        "canvasX": -128.71653703533354,
        "canvasY": 177.19587154167172
      }
    },
    {
      "type": "Feature",
      "geometry": {
        "type": "Point",
        "coordinates": [
          174.74049468739418,
          -36.805466842541044,
          -0.78249
        ]
      },
      "properties": {
        "id": "1_20",
        "camera": "R1 - Green (Point)",
        "frame": "0021",
        "image": "pano_camera0/frame_0021_hp_preview.jpg",
        "frameId": "0021",
        "height": -0.78249,
        "coords2D": "2D: (397887.708, 808239.374)",
        "coords3D": "3D: (397887.708, 808239.374, -0.782)",
        "easting": 397887.7730735478,
        "northing": 808239.3826277638,
        "longitude": 174.74049468739418,
        "latitude": -36.805466842541044,
        "group": "R1 - Green (90 points)",
        "canvasX": -122.4540461652389,
        "canvasY": 180.4985519390868
      }
    },
    {
      "type": "Feature",
      "geometry": {
        "type": "Point",
        "coordinates": [
          174.7405006958069,
          -36.80546984344357,
          -1.765314
        ]
      },
      "properties": {
        "id": "1_21",
        "camera": "R1 - Green (Point)",
        "frame": "0022",
        "image": "pano_camera0/frame_0022_hp_preview.jpg",
        "frameId": "0022",
        "height": -1.765314,
        "coords2D": "2D: (397888.244, 808239.041)",
        "coords3D": "3D: (397888.244, 808239.041, -1.765)",
        "easting": 397888.3092805901,
        "northing": 808239.0497715857,
        "longitude": 174.7405006958069,
        "latitude": -36.80546984344357,
        "group": "R1 - Green (90 points)",
        "canvasX": -112.49398766227411,
        "canvasY": 186.68136332625858
      }
    },
    {
      "type": "Feature",
      "geometry": {
        "type": "Point",
        "coordinates": [
          174.74050342552374,
          -36.805470951592405,
          -2.185098
        ]
      },
      "properties": {
        "id": "1_22",
        "camera": "R1 - Green (Point)",
        "frame": "0023",
        "image": "pano_camera0/frame_0023_hp_preview.jpg",
        "frameId": "0023",
        "height": -2.185098,
        "coords2D": "2D: (397888.488, 808238.918)",
        "coords3D": "3D: (397888.488, 808238.918, -2.185)",
        "easting": 397888.55288089864,
        "northing": 808238.9268684426,
        "longitude": 174.74050342552374,
        "latitude": -36.805470951592405,
        "group": "R1 - Green (90 points)",
        "canvasX": -107.96910616432638,
        "canvasY": 188.96429211876284
      }
    },
    {
      "type": "Feature",
      "geometry": {
        "type": "Point",
        "coordinates": [
          174.74050512877318,
          -36.80547206896721,
          -2.491637
        ]
      },
      "properties": {
        "id": "1_23",
        "camera": "R1 - Green (Point)",
        "frame": "0024",
        "image": "pano_camera0/frame_0024_hp_preview.jpg",
        "frameId": "0024",
        "height": -2.491637,
        "coords2D": "2D: (397888.640, 808238.794)",
        "coords3D": "3D: (397888.640, 808238.794, -2.492)",
        "easting": 397888.7048908051,
        "northing": 808238.8029188903,
        "longitude": 174.74050512877318,
        "latitude": -36.80547206896721,
        "group": "R1 - Green (90 points)",
        "canvasX": -105.14551855359082,
        "canvasY": 191.2666579870343
      }
    },
    {
      "type": "Feature",
      "geometry": {
        "type": "Point",
        "coordinates": [
          174.740506971515,
          -36.80547495347645,
          -2.998772
        ]
      },
      "properties": {
        "id": "1_24",
        "camera": "R1 - Green (Point)",
        "frame": "0025",
        "image": "pano_camera0/frame_0025_hp_preview.jpg",
        "frameId": "0025",
        "height": -2.998772,
        "coords2D": "2D: (397888.804, 808238.474)",
        "coords3D": "3D: (397888.804, 808238.474, -2.999)",
        "easting": 397888.86939598183,
        "northing": 808238.4828860433,
        "longitude": 174.740506971515,
        "latitude": -36.80547495347645,
        "group": "R1 - Green (90 points)",
        "canvasX": -102.0898310016867,
        "canvasY": 197.2112756971812
      }
    },
    {
      "type": "Feature",
      "geometry": {
        "type": "Point",
        "coordinates": [
          174.74050702534373,
          -36.80547716138885,
          -3.236
        ]
      },
      "properties": {
        "id": "1_25",
        "camera": "R1 - Green (Point)",
        "frame": "0026",
        "image": "pano_camera0/frame_0026_hp_preview.jpg",
        "frameId": "0026",
        "height": -3.236,
        "coords2D": "2D: (397888.809, 808238.229)",
        "coords3D": "3D: (397888.809, 808238.229, -3.236)",
        "easting": 397888.87425967504,
        "northing": 808238.2378908561,
        "longitude": 174.74050702534373,
        "latitude": -36.80547716138885,
        "group": "R1 - Green (90 points)",
        "canvasX": -101.99948778538251,
        "canvasY": 201.7620670983477
      }
    },
    {
      "type": "Feature",
      "geometry": {
        "type": "Point",
        "coordinates": [
          174.7405063377432,
          -36.8054788052043,
          -3.331653
        ]
      },
      "properties": {
        "id": "1_26",
        "camera": "R1 - Green (Point)",
        "frame": "0027",
        "image": "pano_camera0/frame_0027_hp_preview.jpg",
        "frameId": "0027",
        "height": -3.331653,
        "coords2D": "2D: (397888.748, 808238.046)",
        "coords3D": "3D: (397888.748, 808238.046, -3.332)",
        "easting": 397888.8129509043,
        "northing": 808238.055473139,
        "longitude": 174.7405063377432,
        "latitude": -36.8054788052043,
        "group": "R1 - Green (90 points)",
        "canvasX": -103.13829965309407,
        "canvasY": 205.15048050965396
      }
    },
    {
      "type": "Feature",
      "geometry": {
        "type": "Point",
        "coordinates": [
          174.74051052273265,
          -36.805477045678145,
          -3.613023
        ]
      },
      "properties": {
        "id": "1_27",
        "camera": "R1 - Green (Point)",
        "frame": "0028",
        "image": "pano_camera0/frame_0028_hp_preview.jpg",
        "frameId": "0028",
        "height": -3.613023,
        "coords2D": "2D: (397889.121, 808238.242)",
        "coords3D": "3D: (397889.121, 808238.242, -3.613)",
        "easting": 397889.1863249623,
        "northing": 808238.2508076506,
        "longitude": 174.74051052273265,
        "latitude": -36.805477045678145,
        "group": "R1 - Green (90 points)",
        "canvasX": -96.2028676878471,
        "canvasY": 201.5221373325836
      }
    },
    {
      "type": "Feature",
      "geometry": {
        "type": "Point",
        "coordinates": [
          174.7405147484325,
          -36.80547404490788,
          -3.768925
        ]
      },
      "properties": {
        "id": "1_28",
        "camera": "R1 - Green (Point)",
        "frame": "0029",
        "image": "pano_camera0/frame_0029_hp_preview.jpg",
        "frameId": "0029",
        "height": -3.768925,
        "coords2D": "2D: (397889.498, 808238.575)",
        "coords3D": "3D: (397889.498, 808238.575, -3.769)",
        "easting": 397889.5632975226,
        "northing": 808238.5838750951,
        "longitude": 174.7405147484325,
        "latitude": -36.80547404490788,
        "group": "R1 - Green (90 points)",
        "canvasX": -89.20059345576807,
        "canvasY": 195.33540166805486
      }
    },
    {
      "type": "Feature",
      "geometry": {
        "type": "Point",
        "coordinates": [
          174.7405188509631,
          -36.80547151114517,
          -3.960033
        ]
      },
      "properties": {
        "id": "1_29",
        "camera": "R1 - Green (Point)",
        "frame": "0030",
        "image": "pano_camera0/frame_0030_hp_preview.jpg",
        "frameId": "0030",
        "height": -3.960033,
        "coords2D": "2D: (397889.864, 808238.856)",
        "coords3D": "3D: (397889.864, 808238.856, -3.960)",
        "easting": 397889.9292926566,
        "northing": 808238.8651192909,
        "longitude": 174.7405188509631,
        "latitude": -36.80547151114517,
        "group": "R1 - Green (90 points)",
        "canvasX": -82.40222517895823,
        "canvasY": 190.11128407479035
      }
    },
    {
      "type": "Feature",
      "geometry": {
        "type": "Point",
        "coordinates": [
          174.74052225765985,
          -36.80547042127873,
          -4.22494
        ]
      },
      "properties": {
        "id": "1_30",
        "camera": "R1 - Green (Point)",
        "frame": "0031",
        "image": "pano_camera0/frame_0031_hp_preview.jpg",
        "frameId": "0031",
        "height": -4.22494,
        "coords2D": "2D: (397890.168, 808238.977)",
        "coords3D": "3D: (397890.168, 808238.977, -4.225)",
        "easting": 397890.2332388699,
        "northing": 808238.986129197,
        "longitude": 174.74052225765985,
        "latitude": -36.80547042127873,
        "group": "R1 - Green (90 points)",
        "canvasX": -76.75641707132681,
        "canvasY": 187.8635222038543
      }
    },
    {
      "type": "Feature",
      "geometry": {
        "type": "Point",
        "coordinates": [
          174.74052527366305,
          -36.80547175185231,
          -4.699873
        ]
      },
      "properties": {
        "id": "1_31",
        "camera": "R1 - Green (Point)",
        "frame": "0032",
        "image": "pano_camera0/frame_0032_hp_preview.jpg",
        "frameId": "0032",
        "height": -4.699873,
        "coords2D": "2D: (397890.437, 808238.829)",
        "coords3D": "3D: (397890.437, 808238.829, -4.700)",
        "easting": 397890.5023902969,
        "northing": 808238.8385514147,
        "longitude": 174.74052527366305,
        "latitude": -36.80547175185231,
        "group": "R1 - Green (90 points)",
        "canvasX": -71.75692294403916,
        "canvasY": 190.60478300268898
      }
    },
    {
      "type": "Feature",
      "geometry": {
        "type": "Point",
        "coordinates": [
          174.74052622261857,
          -36.80547323475636,
          -4.960767
        ]
      },
      "properties": {
        "id": "1_32",
        "camera": "R1 - Green (Point)",
        "frame": "0033",
        "image": "pano_camera0/frame_0033_hp_preview.jpg",
        "frameId": "0033",
        "height": -4.960767,
        "coords2D": "2D: (397890.522, 808238.665)",
        "coords3D": "3D: (397890.522, 808238.665, -4.961)",
        "easting": 397890.58710531454,
        "northing": 808238.6740250053,
        "longitude": 174.74052622261857,
        "latitude": -36.80547323475636,
        "group": "R1 - Green (90 points)",
        "canvasX": -70.18333948560492,
        "canvasY": 193.6608649509594
      }
    },
    {
      "type": "Feature",
      "geometry": {
        "type": "Point",
        "coordinates": [
          174.74052482864778,
          -36.80547804091908,
          -5.309023
        ]
      },
      "properties": {
        "id": "1_33",
        "camera": "R1 - Green (Point)",
        "frame": "0034",
        "image": "pano_camera0/frame_0034_hp_preview.jpg",
        "frameId": "0034",
        "height": -5.309023,
        "coords2D": "2D: (397890.398, 808238.132)",
        "coords3D": "3D: (397890.398, 808238.132, -5.309)",
        "easting": 397890.4628545475,
        "northing": 808238.1406884778,
        "longitude": 174.74052482864778,
        "latitude": -36.80547804091908,
        "group": "R1 - Green (90 points)",
        "canvasX": -72.49130042558642,
        "canvasY": 203.5676035760074
      }
    },
    {
      "type": "Feature",
      "geometry": {
        "type": "Point",
        "coordinates": [
          174.74052341274452,
          -36.80547890812817,
          -5.242305
        ]
      },
      "properties": {
        "id": "1_34",
        "camera": "R1 - Green (Point)",
        "frame": "0035",
        "image": "pano_camera0/frame_0035_hp_preview.jpg",
        "frameId": "0035",
        "height": -5.242305,
        "coords2D": "2D: (397890.271, 808238.035)",
        "coords3D": "3D: (397890.271, 808238.035, -5.242)",
        "easting": 397890.3365387268,
        "northing": 808238.0444292037,
        "longitude": 174.74052341274452,
        "latitude": -36.80547890812817,
        "group": "R1 - Green (90 points)",
        "canvasX": -74.83761978443394,
        "canvasY": 205.35562186969142
      }
    },
    {
      "type": "Feature",
      "geometry": {
        "type": "Point",
        "coordinates": [
          174.74051968128143,
          -36.80548088725198,
          -5.034396
        ]
      },
      "properties": {
        "id": "1_35",
        "camera": "R1 - Green (Point)",
        "frame": "0036",
        "image": "pano_camera0/frame_0036_hp_preview.jpg",
        "frameId": "0036",
        "height": -5.034396,
        "coords2D": "2D: (397889.938, 808237.816)",
        "coords3D": "3D: (397889.938, 808237.816, -5.034)",
        "easting": 397890.00363837305,
        "northing": 808237.8247375557,
        "longitude": 174.74051968128143,
        "latitude": -36.80548088725198,
        "group": "R1 - Green (90 points)",
        "canvasX": -81.02125173599174,
        "canvasY": 209.43639943343493
      }
    },
    {
      "type": "Feature",
      "geometry": {
        "type": "Point",
        "coordinates": [
          174.7405171597889,
          -36.80548267514449,
          -4.941088
        ]
      },
      "properties": {
        "id": "1_36",
        "camera": "R1 - Green (Point)",
        "frame": "0037",
        "image": "pano_camera0/frame_0037_hp_preview.jpg",
        "frameId": "0037",
        "height": -4.941088,
        "coords2D": "2D: (397889.713, 808237.617)",
        "coords3D": "3D: (397889.713, 808237.617, -4.941)",
        "easting": 397889.7786972231,
        "northing": 808237.6262921748,
        "longitude": 174.7405171597889,
        "latitude": -36.80548267514449,
        "group": "R1 - Green (90 points)",
        "canvasX": -85.19953892005157,
        "canvasY": 213.12252707986352
      }
    },
    {
      "type": "Feature",
      "geometry": {
        "type": "Point",
        "coordinates": [
          174.74051485247614,
          -36.80548437262495,
          -4.862142
        ]
      },
      "properties": {
        "id": "1_37",
        "camera": "R1 - Green (Point)",
        "frame": "0038",
        "image": "pano_camera0/frame_0038_hp_preview.jpg",
        "frameId": "0038",
        "height": -4.862142,
        "coords2D": "2D: (397889.508, 808237.429)",
        "coords3D": "3D: (397889.508, 808237.429, -4.862)",
        "easting": 397889.5728646467,
        "northing": 808237.4378838962,
        "longitude": 174.74051485247614,
        "latitude": -36.80548437262495,
        "group": "R1 - Green (90 points)",
        "canvasX": -89.02288390025144,
        "canvasY": 216.62221531565748
      }
    },
    {
      "type": "Feature",
      "geometry": {
        "type": "Point",
        "coordinates": [
          174.74051306583476,
          -36.80548863726061,
          -5.109992
        ]
      },
      "properties": {
        "id": "1_38",
        "camera": "R1 - Green (Point)",
        "frame": "0039",
        "image": "pano_camera0/frame_0039_hp_preview.jpg",
        "frameId": "0039",
        "height": -5.109992,
        "coords2D": "2D: (397889.348, 808236.956)",
        "coords3D": "3D: (397889.348, 808236.956, -5.110)",
        "easting": 397889.4135615053,
        "northing": 808236.9646281046,
        "longitude": 174.74051306583476,
        "latitude": -36.80548863726061,
        "group": "R1 - Green (90 points)",
        "canvasX": -91.9819435213179,
        "canvasY": 225.41295284760014
      }
    },
    {
      "type": "Feature",
      "geometry": {
        "type": "Point",
        "coordinates": [
          174.74051360514082,
          -36.80549143439948,
          -5.462948
        ]
      },
      "properties": {
        "id": "1_39",
        "camera": "R1 - Green (Point)",
        "frame": "0040",
        "image": "pano_camera0/frame_0040_hp_preview.jpg",
        "frameId": "0040",
        "height": -5.462948,
        "coords2D": "2D: (397889.396, 808236.645)",
        "coords3D": "3D: (397889.396, 808236.645, -5.463)",
        "easting": 397889.4617599945,
        "northing": 808236.6542613504,
        "longitude": 174.74051360514082,
        "latitude": -36.80549143439948,
        "group": "R1 - Green (90 points)",
        "canvasX": -91.086655443951,
        "canvasY": 231.17802265257544
      }
    },
    {
      "type": "Feature",
      "geometry": {
        "type": "Point",
        "coordinates": [
          174.74051384587514,
          -36.80549190959786,
          -5.539502
        ]
      },
      "properties": {
        "id": "1_40",
        "camera": "R1 - Green (Point)",
        "frame": "0041",
        "image": "pano_camera0/frame_0041_hp_preview.jpg",
        "frameId": "0041",
        "height": -5.539502,
        "coords2D": "2D: (397889.418, 808236.592)",
        "coords3D": "3D: (397889.418, 808236.592, -5.540)",
        "easting": 397889.48325350846,
        "northing": 808236.6015372698,
        "longitude": 174.74051384587514,
        "latitude": -36.80549190959786,
        "group": "R1 - Green (90 points)",
        "canvasX": -90.68741291338351,
        "canvasY": 232.15737369903096
      }
    },
    {
      "type": "Feature",
      "geometry": {
        "type": "Point",
        "coordinates": [
          174.74051588458084,
          -36.80549582323001,
          -6.176223
        ]
      },
      "properties": {
        "id": "1_41",
        "camera": "R1 - Green (Point)",
        "frame": "0042",
        "image": "pano_camera0/frame_0042_hp_preview.jpg",
        "frameId": "0042",
        "height": -6.176223,
        "coords2D": "2D: (397889.600, 808236.158)",
        "coords3D": "3D: (397889.600, 808236.158, -6.176)",
        "easting": 397889.6652725081,
        "northing": 808236.1673142625,
        "longitude": 174.74051588458084,
        "latitude": -36.80549582323001,
        "group": "R1 - Green (90 points)",
        "canvasX": -87.30640568712019,
        "canvasY": 240.22307633875363
      }
    },
    {
      "type": "Feature",
      "geometry": {
        "type": "Point",
        "coordinates": [
          174.7405161746786,
          -36.805498671313295,
          -6.506786
        ]
      },
      "properties": {
        "id": "1_42",
        "camera": "R1 - Green (Point)",
        "frame": "0043",
        "image": "pano_camera0/frame_0043_hp_preview.jpg",
        "frameId": "0043",
        "height": -6.506786,
        "coords2D": "2D: (397889.626, 808235.842)",
        "coords3D": "3D: (397889.626, 808235.842, -6.507)",
        "easting": 397889.69123578223,
        "northing": 808235.8512890656,
        "longitude": 174.7405161746786,
        "latitude": -36.805498671313295,
        "group": "R1 - Green (90 points)",
        "canvasX": -86.8241372552291,
        "canvasY": 246.09325185059197
      }
    },
    {
      "type": "Feature",
      "geometry": {
        "type": "Point",
        "coordinates": [
          174.74051360352277,
          -36.80550034506442,
          -6.395998
        ]
      },
      "properties": {
        "id": "1_43",
        "camera": "R1 - Green (Point)",
        "frame": "0044",
        "image": "pano_camera0/frame_0044_hp_preview.jpg",
        "frameId": "0044",
        "height": -6.395998,
        "coords2D": "2D: (397889.397, 808235.656)",
        "coords3D": "3D: (397889.397, 808235.656, -6.396)",
        "easting": 397889.46186015656,
        "northing": 808235.6655080398,
        "longitude": 174.74051360352277,
        "latitude": -36.80550034506442,
        "group": "R1 - Green (90 points)",
        "canvasX": -91.08479493192259,
        "canvasY": 249.54413880351703
      }
    },
    {
      "type": "Feature",
      "geometry": {
        "type": "Point",
        "coordinates": [
          174.74051060455665,
          -36.805503262438066,
          -6.367856
        ]
      },
      "properties": {
        "id": "1_44",
        "camera": "R1 - Green (Point)",
        "frame": "0045",
        "image": "pano_camera0/frame_0045_hp_preview.jpg",
        "frameId": "0045",
        "height": -6.367856,
        "coords2D": "2D: (397889.129, 808235.333)",
        "coords3D": "3D: (397889.129, 808235.333, -6.368)",
        "easting": 397889.1943456113,
        "northing": 808235.3417215947,
        "longitude": 174.74051060455665,
        "latitude": -36.805503262438066,
        "group": "R1 - Green (90 points)",
        "canvasX": -96.0538839416966,
        "canvasY": 255.55847968517227
      }
    },
    {
      "type": "Feature",
      "geometry": {
        "type": "Point",
        "coordinates": [
          174.74051120266157,
          -36.805504621519795,
          -6.576744
        ]
      },
      "properties": {
        "id": "1_45",
        "camera": "R1 - Green (Middle)",
        "frame": "0046",
        "image": "pano_camera0/frame_0046_hp_preview.jpg",
        "frameId": "0046",
        "height": -6.576744,
        "coords2D": "2D: (397889.164, 808235.179)",
        "coords3D": "3D: (397889.164, 808235.179, -6.577)",
        "easting": 397889.2477511891,
        "northing": 808235.1909271374,
        "longitude": 174.74051120266157,
        "latitude": -36.805504621519795,
        "group": "R1 - Green (90 points)",
        "canvasX": -95.06187407067007,
        "canvasY": 258.3594902995236
      }
    },
    {
      "type": "Feature",
      "geometry": {
        "type": "Point",
        "coordinates": [
          174.7405118449319,
          -36.8055048012357,
          -6.667029
        ]
      },
      "properties": {
        "id": "1_46",
        "camera": "R1 - Green (Point)",
        "frame": "0047",
        "image": "pano_camera0/frame_0047_hp_preview.jpg",
        "frameId": "0047",
        "height": -6.667029,
        "coords2D": "2D: (397889.240, 808235.162)",
        "coords3D": "3D: (397889.240, 808235.162, -6.667)",
        "easting": 397889.3050652278,
        "northing": 808235.1709995135,
        "longitude": 174.7405118449319,
        "latitude": -36.8055048012357,
        "group": "R1 - Green (90 points)",
        "canvasX": -93.99726444479737,
        "canvasY": 258.7296463847771
      }
    },
    {
      "type": "Feature",
      "geometry": {
        "type": "Point",
        "coordinates": [
          174.74051379719677,
          -36.805504712186725,
          -6.874924
        ]
      },
      "properties": {
        "id": "1_47",
        "camera": "R1 - Green (Point)",
        "frame": "0048",
        "image": "pano_camera0/frame_0048_hp_preview.jpg",
        "frameId": "0048",
        "height": -6.874924,
        "coords2D": "2D: (397889.414, 808235.172)",
        "coords3D": "3D: (397889.414, 808235.172, -6.875)",
        "easting": 397889.47926133825,
        "northing": 808235.1809237321,
        "longitude": 174.74051379719677,
        "latitude": -36.805504712186725,
        "group": "R1 - Green (90 points)",
        "canvasX": -90.7615675696054,
        "canvasY": 258.54530378929485
      }
    },
    {
      "type": "Feature",
      "geometry": {
        "type": "Point",
        "coordinates": [
          174.74051789837586,
          -36.80550280437113,
          -7.131438
        ]
      },
      "properties": {
        "id": "1_48",
        "camera": "R1 - Green (Point)",
        "frame": "0049",
        "image": "pano_camera0/frame_0049_hp_preview.jpg",
        "frameId": "0049",
        "height": -7.131438,
        "coords2D": "2D: (397889.780, 808235.384)",
        "coords3D": "3D: (397889.780, 808235.384, -7.131)",
        "easting": 397889.8451529039,
        "northing": 808235.3927109916,
        "longitude": 174.74051789837586,
        "latitude": -36.80550280437113,
        "group": "R1 - Green (90 points)",
        "canvasX": -83.96512307779638,
        "canvasY": 254.611350431762
      }
    },
    {
      "type": "Feature",
      "geometry": {
        "type": "Point",
        "coordinates": [
          174.74052163612396,
          -36.805499178878335,
          -7.167619
        ]
      },
      "properties": {
        "id": "1_49",
        "camera": "R1 - Green (Point)",
        "frame": "0050",
        "image": "pano_camera0/frame_0050_hp_preview.jpg",
        "frameId": "0050",
        "height": -7.167619,
        "coords2D": "2D: (397890.113, 808235.786)",
        "coords3D": "3D: (397890.113, 808235.786, -7.168)",
        "easting": 397890.1785687972,
        "northing": 808235.7950886736,
        "longitude": 174.74052163612396,
        "latitude": -36.805499178878335,
        "group": "R1 - Green (90 points)",
        "canvasX": -77.7719149669121,
        "canvasY": 247.13717546155817
      }
    },
    {
      "type": "Feature",
      "geometry": {
        "type": "Point",
        "coordinates": [
          174.7405217708497,
          -36.80549900602314,
          -7.164506
        ]
      },
      "properties": {
        "id": "1_50",
        "camera": "R1 - Green (Point)",
        "frame": "0051",
        "image": "pano_camera0/frame_0051_hp_preview.jpg",
        "frameId": "0051",
        "height": -7.164506,
        "coords2D": "2D: (397890.125, 808235.805)",
        "coords3D": "3D: (397890.125, 808235.805, -7.165)",
        "easting": 397890.19058549235,
        "northing": 808235.8142721598,
        "longitude": 174.7405217708497,
        "latitude": -36.80549900602314,
        "group": "R1 - Green (90 points)",
        "canvasX": -77.54870456888597,
        "canvasY": 246.7808417508836
      }
    },
    {
      "type": "Feature",
      "geometry": {
        "type": "Point",
        "coordinates": [
          174.74052607165788,
          -36.805495618121306,
          -7.28822
        ]
      },
      "properties": {
        "id": "1_51",
        "camera": "R1 - Green (Point)",
        "frame": "0052",
        "image": "pano_camera0/frame_0052_hp_preview.jpg",
        "frameId": "0052",
        "height": -7.28822,
        "coords2D": "2D: (397890.509, 808236.181)",
        "coords3D": "3D: (397890.509, 808236.181, -7.288)",
        "easting": 397890.57424920466,
        "northing": 808236.1902984628,
        "longitude": 174.74052607165788,
        "latitude": -36.805495618121306,
        "group": "R1 - Green (90 points)",
        "canvasX": -70.42214203130379,
        "canvasY": 239.79614427271045
      }
    },
    {
      "type": "Feature",
      "geometry": {
        "type": "Point",
        "coordinates": [
          174.74052749847795,
          -36.80549516531704,
          -7.399554
        ]
      },
      "properties": {
        "id": "1_52",
        "camera": "R1 - Green (Point)",
        "frame": "0053",
        "image": "pano_camera0/frame_0053_hp_preview.jpg",
        "frameId": "0053",
        "height": -7.399554,
        "coords2D": "2D: (397890.636, 808236.232)",
        "coords3D": "3D: (397890.636, 808236.232, -7.400)",
        "easting": 397890.70155045995,
        "northing": 808236.2405744109,
        "longitude": 174.74052749847795,
        "latitude": -36.80549516531704,
        "group": "R1 - Green (90 points)",
        "canvasX": -68.05751820083003,
        "canvasY": 238.8622673478013
      }
    },
    {
      "type": "Feature",
      "geometry": {
        "type": "Point",
        "coordinates": [
          174.7405301606747,
          -36.80549538545259,
          -7.718822
        ]
      },
      "properties": {
        "id": "1_53",
        "camera": "R1 - Green (Point)",
        "frame": "0054",
        "image": "pano_camera0/frame_0054_hp_preview.jpg",
        "frameId": "0054",
        "height": -7.718822,
        "coords2D": "2D: (397890.874, 808236.207)",
        "coords3D": "3D: (397890.874, 808236.207, -7.719)",
        "easting": 397890.9391015546,
        "northing": 808236.2162062427,
        "longitude": 174.7405301606747,
        "latitude": -36.80549538545259,
        "group": "R1 - Green (90 points)",
        "canvasX": -63.64500099429027,
        "canvasY": 239.3149066488622
      }
    },
    {
      "type": "Feature",
      "geometry": {
        "type": "Point",
        "coordinates": [
          174.74053533857142,
          -36.80549284718298,
          -8.02911
        ]
      },
      "properties": {
        "id": "1_54",
        "camera": "R1 - Green (Point)",
        "frame": "0055",
        "image": "pano_camera0/frame_0055_hp_preview.jpg",
        "frameId": "0055",
        "height": -8.02911,
        "coords2D": "2D: (397891.336, 808236.489)",
        "coords3D": "3D: (397891.336, 808236.489, -8.029)",
        "easting": 397891.40105031675,
        "northing": 808236.4979741891,
        "longitude": 174.74053533857142,
        "latitude": -36.80549284718298,
        "group": "R1 - Green (90 points)",
        "canvasX": -55.064291802933184,
        "canvasY": 234.08106037368518
      }
    },
    {
      "type": "Feature",
      "geometry": {
        "type": "Point",
        "coordinates": [
          174.7405367092056,
          -36.8054909034135,
          -7.978041
        ]
      },
      "properties": {
        "id": "1_55",
        "camera": "R1 - Green (Point)",
        "frame": "0056",
        "image": "pano_camera0/frame_0056_hp_preview.jpg",
        "frameId": "0056",
        "height": -7.978041,
        "coords2D": "2D: (397891.458, 808236.705)",
        "coords3D": "3D: (397891.458, 808236.705, -7.978)",
        "easting": 397891.52329729765,
        "northing": 808236.7136907175,
        "longitude": 174.7405367092056,
        "latitude": -36.8054909034135,
        "group": "R1 - Green (90 points)",
        "canvasX": -52.79355123894708,
        "canvasY": 230.07412075197794
      }
    },
    {
      "type": "Feature",
      "geometry": {
        "type": "Point",
        "coordinates": [
          174.74053786040142,
          -36.80548868723476,
          -7.874026
        ]
      },
      "properties": {
        "id": "1_56",
        "camera": "R1 - Green (Point)",
        "frame": "0057",
        "image": "pano_camera0/frame_0057_hp_preview.jpg",
        "frameId": "0057",
        "height": -7.874026,
        "coords2D": "2D: (397891.561, 808236.951)",
        "coords3D": "3D: (397891.561, 808236.951, -7.874)",
        "easting": 397891.6259565539,
        "northing": 808236.9596297297,
        "longitude": 174.74053786040142,
        "latitude": -36.80548868723476,
        "group": "R1 - Green (90 points)",
        "canvasX": -50.886653123454295,
        "canvasY": 225.50579777825357
      }
    },
    {
      "type": "Feature",
      "geometry": {
        "type": "Point",
        "coordinates": [
          174.74053863180615,
          -36.80548725966056,
          -7.810345
        ]
      },
      "properties": {
        "id": "1_57",
        "camera": "R1 - Green (Point)",
        "frame": "0058",
        "image": "pano_camera0/frame_0058_hp_preview.jpg",
        "frameId": "0058",
        "height": -7.810345,
        "coords2D": "2D: (397891.629, 808237.109)",
        "coords3D": "3D: (397891.629, 808237.109, -7.810)",
        "easting": 397891.69474906794,
        "northing": 808237.1180545158,
        "longitude": 174.74053863180615,
        "latitude": -36.80548725966056,
        "group": "R1 - Green (90 points)",
        "canvasX": -49.60883054626933,
        "canvasY": 222.56305362770718
      }
    },
    {
      "type": "Feature",
      "geometry": {
        "type": "Point",
        "coordinates": [
          174.7405378673093,
          -36.805484737577345,
          -7.46114
        ]
      },
      "properties": {
        "id": "1_58",
        "camera": "R1 - Green (Point)",
        "frame": "0059",
        "image": "pano_camera0/frame_0059_hp_preview.jpg",
        "frameId": "0059",
        "height": -7.46114,
        "coords2D": "2D: (397891.561, 808237.389)",
        "coords3D": "3D: (397891.561, 808237.389, -7.461)",
        "easting": 397891.62646465603,
        "northing": 808237.3978953436,
        "longitude": 174.7405378673093,
        "latitude": -36.805484737577345,
        "group": "R1 - Green (90 points)",
        "canvasX": -50.87721511400004,
        "canvasY": 217.36500362610076
      }
    },
    {
      "type": "Feature",
      "geometry": {
        "type": "Point",
        "coordinates": [
          174.74053579714396,
          -36.80548159360033,
          -6.901526
        ]
      },
      "properties": {
        "id": "1_59",
        "camera": "R1 - Green (Point)",
        "frame": "0060",
        "image": "pano_camera0/frame_0060_hp_preview.jpg",
        "frameId": "0060",
        "height": -6.901526,
        "coords2D": "2D: (397891.376, 808237.738)",
        "coords3D": "3D: (397891.376, 808237.738, -6.902)",
        "easting": 397891.44165972125,
        "northing": 808237.746714531,
        "longitude": 174.74053579714396,
        "latitude": -36.80548159360033,
        "group": "R1 - Green (90 points)",
        "canvasX": -54.3099711522015,
        "canvasY": 210.885678962802
      }
    },
    {
      "type": "Feature",
      "geometry": {
        "type": "Point",
        "coordinates": [
          174.74053478350882,
          -36.80547995194446,
          -6.616809
        ]
      },
      "properties": {
        "id": "1_60",
        "camera": "R1 - Green (Point)",
        "frame": "0061",
        "image": "pano_camera0/frame_0061_hp_preview.jpg",
        "frameId": "0061",
        "height": -6.616809,
        "coords2D": "2D: (397891.286, 808237.920)",
        "coords3D": "3D: (397891.286, 808237.920, -6.617)",
        "easting": 397891.3511690807,
        "northing": 808237.9288550866,
        "longitude": 174.74053478350882,
        "latitude": -36.80547995194446,
        "group": "R1 - Green (90 points)",
        "canvasX": -55.99083694316841,
        "canvasY": 207.50241383111552
      }
    },
    {
      "type": "Feature",
      "geometry": {
        "type": "Point",
        "coordinates": [
          174.74053049368743,
          -36.80547537154603,
          -5.659783
        ]
      },
      "properties": {
        "id": "1_61",
        "camera": "R1 - Green (Point)",
        "frame": "0062",
        "image": "pano_camera0/frame_0062_hp_preview.jpg",
        "frameId": "0062",
        "height": -5.659783,
        "coords2D": "2D: (397890.903, 808238.428)",
        "coords3D": "3D: (397890.903, 808238.428, -5.660)",
        "easting": 397890.968267072,
        "northing": 808238.4370148109,
        "longitude": 174.74053049368743,
        "latitude": -36.80547537154603,
        "group": "R1 - Green (90 points)",
        "canvasX": -63.103250818528686,
        "canvasY": 198.06333492343438
      }
    },
    {
      "type": "Feature",
      "geometry": {
        "type": "Point",
        "coordinates": [
          174.74052737564398,
          -36.805471844195516,
          -4.943424
        ]
      },
      "properties": {
        "id": "1_62",
        "camera": "R1 - Green (Point)",
        "frame": "0063",
        "image": "pano_camera0/frame_0063_hp_preview.jpg",
        "frameId": "0063",
        "height": -4.943424,
        "coords2D": "2D: (397890.625, 808238.819)",
        "coords3D": "3D: (397890.625, 808238.819, -4.943)",
        "easting": 397890.6899504672,
        "northing": 808238.8283511056,
        "longitude": 174.74052737564398,
        "latitude": -36.805471844195516,
        "group": "R1 - Green (90 points)",
        "canvasX": -68.27298834070027,
        "canvasY": 190.79425398609928
      }
    },
    {
      "type": "Feature",
      "geometry": {
        "type": "Point",
        "coordinates": [
          174.74052681201505,
          -36.80547120503837,
          -4.813771
        ]
      },
      "properties": {
        "id": "1_63",
        "camera": "R1 - Green (Point)",
        "frame": "0064",
        "image": "pano_camera0/frame_0064_hp_preview.jpg",
        "frameId": "0064",
        "height": -4.813771,
        "coords2D": "2D: (397890.574, 808238.890)",
        "coords3D": "3D: (397890.574, 808238.890, -4.814)",
        "easting": 397890.6396408951,
        "northing": 808238.8992614078,
        "longitude": 174.74052681201505,
        "latitude": -36.80547120503837,
        "group": "R1 - Green (90 points)",
        "canvasX": -69.20748983249173,
        "canvasY": 189.47709344449092
      }
    },
    {
      "type": "Feature",
      "geometry": {
        "type": "Point",
        "coordinates": [
          174.74052456059073,
          -36.805466261942776,
          -4.045564
        ]
      },
      "properties": {
        "id": "1_64",
        "camera": "R1 - Green (Point)",
        "frame": "0065",
        "image": "pano_camera0/frame_0065_hp_preview.jpg",
        "frameId": "0065",
        "height": -4.045564,
        "coords2D": "2D: (397890.373, 808239.439)",
        "coords3D": "3D: (397890.373, 808239.439, -4.046)",
        "easting": 397890.43861298135,
        "northing": 808239.4477119978,
        "longitude": 174.74052456059073,
        "latitude": -36.805466261942776,
        "group": "R1 - Green (90 points)",
        "canvasX": -72.94158808962942,
        "canvasY": 179.28961075246897
      }
    },
    {
      "type": "Feature",
      "geometry": {
        "type": "Point",
        "coordinates": [
          174.74052460726142,
          -36.805464944951275,
          -3.912826
        ]
      },
      "properties": {
        "id": "1_65",
        "camera": "R1 - Green (Point)",
        "frame": "0066",
        "image": "pano_camera0/frame_0066_hp_preview.jpg",
        "frameId": "0066",
        "height": -3.912826,
        "coords2D": "2D: (397890.377, 808239.585)",
        "coords3D": "3D: (397890.377, 808239.585, -3.913)",
        "easting": 397890.4427412341,
        "northing": 808239.5938502303,
        "longitude": 174.74052460726142,
        "latitude": -36.805464944951275,
        "group": "R1 - Green (90 points)",
        "canvasX": -72.86490569725623,
        "canvasY": 176.57508962313273
      }
    },
    {
      "type": "Feature",
      "geometry": {
        "type": "Point",
        "coordinates": [
          174.74052330768072,
          -36.80546027138094,
          -3.278755
        ]
      },
      "properties": {
        "id": "1_66",
        "camera": "R1 - Green (Point)",
        "frame": "0067",
        "image": "pano_camera0/frame_0067_hp_preview.jpg",
        "frameId": "0067",
        "height": -3.278755,
        "coords2D": "2D: (397890.261, 808240.103)",
        "coords3D": "3D: (397890.261, 808240.103, -3.279)",
        "easting": 397890.3266527407,
        "northing": 808240.1124145064,
        "longitude": 174.74052330768072,
        "latitude": -36.80546027138094,
        "group": "R1 - Green (90 points)",
        "canvasX": -75.02125221048335,
        "canvasY": 166.9427459194706
      }
    },
    {
      "type": "Feature",
      "geometry": {
        "type": "Point",
        "coordinates": [
          174.7405204987871,
          -36.80545628250018,
          -2.548457
        ]
      },
      "properties": {
        "id": "1_67",
        "camera": "R1 - Green (Point)",
        "frame": "0068",
        "image": "pano_camera0/frame_0068_hp_preview.jpg",
        "frameId": "0068",
        "height": -2.548457,
        "coords2D": "2D: (397890.011, 808240.546)",
        "coords3D": "3D: (397890.011, 808240.546, -2.548)",
        "easting": 397890.0759085228,
        "northing": 808240.5549703377,
        "longitude": 174.7405204987871,
        "latitude": -36.80545628250018,
        "group": "R1 - Green (90 points)",
        "canvasX": -79.6788319930209,
        "canvasY": 158.72226087927942
      }
    },
    {
      "type": "Feature",
      "geometry": {
        "type": "Point",
        "coordinates": [
          174.74052005760254,
          -36.8054556933477,
          -2.437665
        ]
      },
      "properties": {
        "id": "1_68",
        "camera": "R1 - Green (Point)",
        "frame": "0069",
        "image": "pano_camera0/frame_0069_hp_preview.jpg",
        "frameId": "0069",
        "height": -2.437665,
        "coords2D": "2D: (397889.971, 808240.611)",
        "coords3D": "3D: (397889.971, 808240.611, -2.438)",
        "easting": 397890.0365258959,
        "northing": 808240.6203346751,
        "longitude": 174.74052005760254,
        "latitude": -36.8054556933477,
        "group": "R1 - Green (90 points)",
        "canvasX": -80.4103652207551,
        "canvasY": 157.50811676356892
      }
    },
    {
      "type": "Feature",
      "geometry": {
        "type": "Point",
        "coordinates": [
          174.74051476889565,
          -36.805453424974196,
          -1.611639
        ]
      },
      "properties": {
        "id": "1_69",
        "camera": "R1 - Green (Point)",
        "frame": "0070",
        "image": "pano_camera0/frame_0070_hp_preview.jpg",
        "frameId": "0070",
        "height": -1.611639,
        "coords2D": "2D: (397889.499, 808240.863)",
        "coords3D": "3D: (397889.499, 808240.863, -1.612)",
        "easting": 397889.56455757003,
        "northing": 808240.8719232933,
        "longitude": 174.74051476889565,
        "latitude": -36.805453424974196,
        "group": "R1 - Green (90 points)",
        "canvasX": -89.17718804563269,
        "canvasY": 152.83485222391113
      }
    },
    {
      "type": "Feature",
      "geometry": {
        "type": "Point",
        "coordinates": [
          174.74051031733458,
          -36.80545393073251,
          -1.169299
        ]
      },
      "properties": {
        "id": "1_70",
        "camera": "R1 - Green (Point)",
        "frame": "0071",
        "image": "pano_camera0/frame_0071_hp_preview.jpg",
        "frameId": "0071",
        "height": -1.169299,
        "coords2D": "2D: (397889.102, 808240.807)",
        "coords3D": "3D: (397889.102, 808240.807, -1.169)",
        "easting": 397889.16736305447,
        "northing": 808240.8157046399,
        "longitude": 174.74051031733458,
        "latitude": -36.80545393073251,
        "group": "R1 - Green (90 points)",
        "canvasX": -96.55508557434831,
        "canvasY": 153.87911504349972
      }
    },
    {
      "type": "Feature",
      "geometry": {
        "type": "Point",
        "coordinates": [
          174.74050692194362,
          -36.805455173380395,
          -0.921651
        ]
      },
      "properties": {
        "id": "1_71",
        "camera": "R1 - Green (Point)",
        "frame": "0072",
        "image": "pano_camera0/frame_0072_hp_preview.jpg",
        "frameId": "0072",
        "height": -0.921651,
        "coords2D": "2D: (397888.799, 808240.669)",
        "coords3D": "3D: (397888.799, 808240.669, -0.922)",
        "easting": 397888.8644297861,
        "northing": 808240.6777418735,
        "longitude": 174.74050692194362,
        "latitude": -36.805455173380395,
        "group": "R1 - Green (90 points)",
        "canvasX": -102.18207820482078,
        "canvasY": 156.44177669299256
      }
    },
    {
      "type": "Feature",
      "geometry": {
        "type": "Point",
        "coordinates": [
          174.74050637290912,
          -36.805455491851546,
          -0.893916
        ]
      },
      "properties": {
        "id": "1_72",
        "camera": "R1 - Green (Point)",
        "frame": "0073",
        "image": "pano_camera0/frame_0073_hp_preview.jpg",
        "frameId": "0073",
        "height": -0.893916,
        "coords2D": "2D: (397888.750, 808240.633)",
        "coords3D": "3D: (397888.750, 808240.633, -0.894)",
        "easting": 397888.81544872676,
        "northing": 808240.6423912712,
        "longitude": 174.74050637290912,
        "latitude": -36.805455491851546,
        "group": "R1 - Green (90 points)",
        "canvasX": -103.09190254167831,
        "canvasY": 157.09841496977836
      }
    },
    {
      "type": "Feature",
      "geometry": {
        "type": "Point",
        "coordinates": [
          174.74050184976616,
          -36.80545724572717,
          -0.574329
        ]
      },
      "properties": {
        "id": "1_73",
        "camera": "R1 - Green (Point)",
        "frame": "0074",
        "image": "pano_camera0/frame_0074_hp_preview.jpg",
        "frameId": "0074",
        "height": -0.574329,
        "coords2D": "2D: (397888.347, 808240.439)",
        "coords3D": "3D: (397888.347, 808240.439, -0.574)",
        "easting": 397888.4119013152,
        "northing": 808240.4476762773,
        "longitude": 174.74050184976616,
        "latitude": -36.80545724572717,
        "group": "R1 - Green (90 points)",
        "canvasX": -110.58780526441903,
        "canvasY": 160.71525059056214
      }
    },
    {
      "type": "Feature",
      "geometry": {
        "type": "Point",
        "coordinates": [
          174.74049649567374,
          -36.80545889376739,
          -0.151201
        ]
      },
      "properties": {
        "id": "1_74",
        "camera": "R1 - Green (Point)",
        "frame": "0075",
        "image": "pano_camera0/frame_0075_hp_preview.jpg",
        "frameId": "0075",
        "height": -0.151201,
        "coords2D": "2D: (397887.869, 808240.256)",
        "coords3D": "3D: (397887.869, 808240.256, -0.151)",
        "easting": 397887.9342062197,
        "northing": 808240.2646867201,
        "longitude": 174.74049649567374,
        "latitude": -36.80545889376739,
        "group": "R1 - Green (90 points)",
        "canvasX": -119.46100297089282,
        "canvasY": 164.1142859459538
      }
    },
    {
      "type": "Feature",
      "geometry": {
        "type": "Point",
        "coordinates": [
          174.74049440449315,
          -36.805459557195064,
          0.011995
        ]
      },
      "properties": {
        "id": "1_75",
        "camera": "R1 - Green (Point)",
        "frame": "0076",
        "image": "pano_camera0/frame_0076_hp_preview.jpg",
        "frameId": "0076",
        "height": 0.011995,
        "coords2D": "2D: (397887.682, 808240.182)",
        "coords3D": "3D: (397887.682, 808240.182, 0.012)",
        "easting": 397887.7476304757,
        "northing": 808240.1910246721,
        "longitude": 174.74049440449315,
        "latitude": -36.805459557195064,
        "group": "R1 - Green (90 points)",
        "canvasX": -122.92665183274798,
        "canvasY": 165.48256023147806
      }
    },
    {
      "type": "Feature",
      "geometry": {
        "type": "Point",
        "coordinates": [
          174.74048981636054,
          -36.805461096408685,
          0.361295
        ]
      },
      "properties": {
        "id": "1_76",
        "camera": "R1 - Green (Point)",
        "frame": "0077",
        "image": "pano_camera0/frame_0077_hp_preview.jpg",
        "frameId": "0077",
        "height": 0.361295,
        "coords2D": "2D: (397887.273, 808240.011)",
        "coords3D": "3D: (397887.273, 808240.011, 0.361)",
        "easting": 397887.3382782524,
        "northing": 808240.0201277117,
        "longitude": 174.74048981636054,
        "latitude": -36.805461096408685,
        "group": "R1 - Green (90 points)",
        "canvasX": -130.53037907017796,
        "canvasY": 168.65697531724842
      }
    },
    {
      "type": "Feature",
      "geometry": {
        "type": "Point",
        "coordinates": [
          174.7404846243452,
          -36.80546297410356,
          0.742337
        ]
      },
      "properties": {
        "id": "1_77",
        "camera": "R1 - Green (Point)",
        "frame": "0078",
        "image": "pano_camera0/frame_0078_hp_preview.jpg",
        "frameId": "0078",
        "height": 0.742337,
        "coords2D": "2D: (397886.810, 808239.803)",
        "coords3D": "3D: (397886.810, 808239.803, 0.742)",
        "easting": 397886.8750514952,
        "northing": 808239.8116585258,
        "longitude": 174.7404846243452,
        "latitude": -36.80546297410356,
        "group": "R1 - Green (90 points)",
        "canvasX": -139.1348270496905,
        "canvasY": 172.52929537899095
      }
    },
    {
      "type": "Feature",
      "geometry": {
        "type": "Point",
        "coordinates": [
          174.74047714102457,
          -36.80546488800559,
          1.374532
        ]
      },
      "properties": {
        "id": "1_78",
        "camera": "R1 - Green (Point)",
        "frame": "0079",
        "image": "pano_camera0/frame_0079_hp_preview.jpg",
        "frameId": "0079",
        "height": 1.374532,
        "coords2D": "2D: (397886.142, 808239.590)",
        "coords3D": "3D: (397886.142, 808239.590, 1.375)",
        "easting": 397886.2073748713,
        "northing": 808239.5991210234,
        "longitude": 174.74047714102457,
        "latitude": -36.80546488800559,
        "group": "R1 - Green (90 points)",
        "canvasX": -151.53693614454676,
        "canvasY": 176.47718451661333
      }
    },
    {
      "type": "Feature",
      "geometry": {
        "type": "Point",
        "coordinates": [
          174.740472185989,
          -36.80546463920366,
          1.951918
        ]
      },
      "properties": {
        "id": "1_79",
        "camera": "R1 - Green (Point)",
        "frame": "0080",
        "image": "pano_camera0/frame_0080_hp_preview.jpg",
        "frameId": "0080",
        "height": 1.951918,
        "coords2D": "2D: (397885.700, 808239.618)",
        "coords3D": "3D: (397885.700, 808239.618, 1.952)",
        "easting": 397885.76523516636,
        "northing": 808239.6266192783,
        "longitude": 174.740472185989,
        "latitude": -36.80546463920366,
        "group": "R1 - Green (90 points)",
        "canvasX": -159.7496916295971,
        "canvasY": 175.96640378015937
      }
    },
    {
      "type": "Feature",
      "geometry": {
        "type": "Point",
        "coordinates": [
          174.74049962690188,
          -36.80545061892566,
          0.367038
        ]
      },
      "properties": {
        "id": "1_80",
        "camera": "R1 - Green (Point)",
        "frame": "0118",
        "image": "pano_camera0/frame_0118_hp_preview.jpg",
        "frameId": "0118",
        "height": 0.367038,
        "coords2D": "2D: (397888.148, 808241.174)",
        "coords3D": "3D: (397888.148, 808241.174, 0.367)",
        "easting": 397888.21337536746,
        "northing": 808241.1829563414,
        "longitude": 174.74049962690188,
        "latitude": -36.80545061892566,
        "group": "R1 - Green (90 points)",
        "canvasX": -114.2754294427806,
        "canvasY": 147.05740599408486
      }
    },
    {
      "type": "Feature",
      "geometry": {
        "type": "Point",
        "coordinates": [
          174.74050213574873,
          -36.805452310596465,
          -0.089284
        ]
      },
      "properties": {
        "id": "1_81",
        "camera": "R1 - Green (Point)",
        "frame": "0119",
        "image": "pano_camera0/frame_0119_hp_preview.jpg",
        "frameId": "0119",
        "height": -0.089284,
        "coords2D": "2D: (397888.372, 808240.986)",
        "coords3D": "3D: (397888.372, 808240.986, -0.089)",
        "easting": 397888.4372837512,
        "northing": 808240.9952990315,
        "longitude": 174.74050213574873,
        "latitude": -36.805452310596465,
        "group": "R1 - Green (90 points)",
        "canvasX": -110.11632591473199,
        "canvasY": 150.54314496662022
      }
    },
    {
      "type": "Feature",
      "geometry": {
        "type": "Point",
        "coordinates": [
          174.7405072365166,
          -36.80545276918842,
          -0.704857
        ]
      },
      "properties": {
        "id": "1_82",
        "camera": "R1 - Green (Point)",
        "frame": "0120",
        "image": "pano_camera0/frame_0120_hp_preview.jpg",
        "frameId": "0120",
        "height": -0.704857,
        "coords2D": "2D: (397888.827, 808240.935)",
        "coords3D": "3D: (397888.827, 808240.935, -0.705)",
        "easting": 397888.8924328251,
        "northing": 808240.9445249424,
        "longitude": 174.7405072365166,
        "latitude": -36.80545276918842,
        "group": "R1 - Green (90 points)",
        "canvasX": -101.66192109267385,
        "canvasY": 151.486274874407
      }
    },
    {
      "type": "Feature",
      "geometry": {
        "type": "Point",
        "coordinates": [
          174.74051007618098,
          -36.80545200251493,
          -0.940521
        ]
      },
      "properties": {
        "id": "1_83",
        "camera": "R1 - Green (Point)",
        "frame": "0121",
        "image": "pano_camera0/frame_0121_hp_preview.jpg",
        "frameId": "0121",
        "height": -0.940521,
        "coords2D": "2D: (397889.080, 808241.021)",
        "coords3D": "3D: (397889.080, 808241.021, -0.941)",
        "easting": 397889.1457922318,
        "northing": 808241.0296599405,
        "longitude": 174.74051007618098,
        "latitude": -36.80545200251493,
        "group": "R1 - Green (90 points)",
        "canvasX": -96.9557641158988,
        "canvasY": 149.90489026983573
      }
    },
    {
      "type": "Feature",
      "geometry": {
        "type": "Point",
        "coordinates": [
          174.74051222355246,
          -36.8054510448956,
          -1.079158
        ]
      },
      "properties": {
        "id": "1_84",
        "camera": "R1 - Green (Point)",
        "frame": "0122",
        "image": "pano_camera0/frame_0122_hp_preview.jpg",
        "frameId": "0122",
        "height": -1.079158,
        "coords2D": "2D: (397889.272, 808241.127)",
        "coords3D": "3D: (397889.272, 808241.127, -1.079)",
        "easting": 397889.33737379004,
        "northing": 808241.1359675576,
        "longitude": 174.74051222355246,
        "latitude": -36.8054510448956,
        "group": "R1 - Green (90 points)",
        "canvasX": -93.39713213663656,
        "canvasY": 147.93022376561882
      }
    },
    {
      "type": "Feature",
      "geometry": {
        "type": "Point",
        "coordinates": [
          174.7405157837192,
          -36.80544838627815,
          -1.196843
        ]
      },
      "properties": {
        "id": "1_85",
        "camera": "R1 - Green (Point)",
        "frame": "0123",
        "image": "pano_camera0/frame_0123_hp_preview.jpg",
        "frameId": "0123",
        "height": -1.196843,
        "coords2D": "2D: (397889.590, 808241.422)",
        "coords3D": "3D: (397889.590, 808241.422, -1.197)",
        "easting": 397889.6549710044,
        "northing": 808241.4310540385,
        "longitude": 174.7405157837192,
        "latitude": -36.80544838627815,
        "group": "R1 - Green (90 points)",
        "canvasX": -87.49775636158151,
        "canvasY": 142.4489853977579
      }
    },
    {
      "type": "Feature",
      "geometry": {
        "type": "Point",
        "coordinates": [
          174.74051723714314,
          -36.805445463152594,
          -1.052416
        ]
      },
      "properties": {
        "id": "1_86",
        "camera": "R1 - Green (Point)",
        "frame": "0124",
        "image": "pano_camera0/frame_0124_hp_preview.jpg",
        "frameId": "0124",
        "height": -1.052416,
        "coords2D": "2D: (397889.719, 808241.746)",
        "coords3D": "3D: (397889.719, 808241.746, -1.052)",
        "easting": 397889.7845783868,
        "northing": 808241.7554446127,
        "longitude": 174.74051723714314,
        "latitude": -36.805445463152594,
        "group": "R1 - Green (90 points)",
        "canvasX": -85.09029616541213,
        "canvasY": 136.42342280203485
      }
    },
    {
      "type": "Feature",
      "geometry": {
        "type": "Point",
        "coordinates": [
          174.74051580581974,
          -36.8054436764189,
          -0.70603
        ]
      },
      "properties": {
        "id": "1_87",
        "camera": "R1 - Green (Point)",
        "frame": "0125",
        "image": "pano_camera0/frame_0125_hp_preview.jpg",
        "frameId": "0125",
        "height": -0.70603,
        "coords2D": "2D: (397889.591, 808241.945)",
        "coords3D": "3D: (397889.591, 808241.945, -0.706)",
        "easting": 397889.6568137718,
        "northing": 808241.9536741902,
        "longitude": 174.74051580581974,
        "latitude": -36.8054436764189,
        "group": "R1 - Green (90 points)",
        "canvasX": -87.46352691387814,
        "canvasY": 132.74130370834038
      }
    },
    {
      "type": "Feature",
      "geometry": {
        "type": "Point",
        "coordinates": [
          174.74051460513505,
          -36.80544291490079,
          -0.492679
        ]
      },
      "properties": {
        "id": "1_88",
        "camera": "R1 - Green (Point)",
        "frame": "0126",
        "image": "pano_camera0/frame_0126_hp_preview.jpg",
        "frameId": "0126",
        "height": -0.492679,
        "coords2D": "2D: (397889.484, 808242.029)",
        "coords3D": "3D: (397889.484, 808242.029, -0.493)",
        "easting": 397889.54965694965,
        "northing": 808242.0381479579,
        "longitude": 174.74051460513505,
        "latitude": -36.80544291490079,
        "group": "R1 - Green (90 points)",
        "canvasX": -89.45396742143038,
        "canvasY": 131.17220147377674
      }
    },
    {
      "type": "Feature",
      "geometry": {
        "type": "Point",
        "coordinates": [
          174.74052819850462,
          -36.80545213643728,
          -3.493627
        ]
      },
      "properties": {
        "id": "1_89",
        "camera": "R1 - Green (End)",
        "frame": "0197",
        "image": "pano_camera0/frame_0197_hp_preview.jpg",
        "frameId": "0197",
        "height": -3.493627,
        "coords2D": "2D: (397890.660, 808241.001)",
        "coords3D": "3D: (397890.660, 808241.001, -3.494)",
        "easting": 397890.7628329743,
        "northing": 808241.015199364,
        "longitude": 174.74052819850462,
        "latitude": -36.80545213643728,
        "group": "R1 - Green (90 points)",
        "canvasX": -66.91919404579996,
        "canvasY": 150.17349581802526
      }
    }
  ],
  "properties": {
    "name": "Camera Positions Export",
    "description": "Exported camera positions from floor plan viewer",
    "exportDate": "2025-10-20T02:07:58.199Z",
    "totalFeatures": 319,
    "coordinateSystem": "WGS84 (EPSG:4326)",
    "originalSystem": "Mt Eden 2000 (EPSG:2105)"
  }
}