{
  "type": "FeatureCollection",
  "features": [
    {
      "type": "Feature",
      "geometry": {
        "type": "Point",
        "coordinates": [
          6.2214605990448035,
          -6.418694067164324,
          0.18019685616
        ]
      },
      "properties": {
        "id": "0_0",
        "camera": "R0 - Reddish (Start)",
        "frame": "0140",
        "image": "pano_camera0/frame_0140_hp_preview.jpg",
        "frameId": "0140",
        "height": 0.222824,
        "coords2D": "2D: (397929.134, 808219.740)",
        "coords3D_original": "3D_Original: (-793548.981, 426441.300, 0.000)",
        "coords3D": "3D: (6.221, -6.419, 0.180)",
        "coordsMtEden": "MtEden: (397929.134, 808219.740, 0.223)",
        "easting": 397929.133960599,
        "northing": 808219.7403059328,
        "longitude": 174.74095817033626,
        "latitude": -36.80564395089791,
        "group": "R0 - Reddish (229 points)",
        "canvasX": 545.8737919137876,
        "canvasY": 541.8305238944939,
        "variant": "northing_easting_direct"
      }
    },
    {
      "type": "Feature",
      "geometry": {
        "type": "Point",
        "coordinates": [
          6.243304148374591,
          -6.810654329834506,
          0.20488517716
        ]
      },
      "properties": {
        "id": "0_1",
        "camera": "R0 - Reddish (Point)",
        "frame": "0141",
        "image": "pano_camera0/frame_0141_hp_preview.jpg",
        "frameId": "0141",
        "height": 0.351617,
        "coords2D": "2D: (397929.156, 808219.348)",
        "coords3D_original": "3D_Original: (-793548.981, 426441.300, 0.000)",
        "coords3D": "3D: (6.243, -6.811, 0.205)",
        "coordsMtEden": "MtEden: (397929.156, 808219.348, 0.352)",
        "easting": 397929.15580414835,
        "northing": 808219.3483456702,
        "longitude": 174.74095841407404,
        "latitude": -36.805647483299374,
        "group": "R0 - Reddish (229 points)",
        "canvasX": 546.2316352217182,
        "canvasY": 548.2516578856975,
        "variant": "northing_easting_direct"
      }
    },
    {
      "type": "Feature",
      "geometry": {
        "type": "Point",
        "coordinates": [
          6.247780721343588,
          -7.51757543545682,
          0.20336942908
        ]
      },
      "properties": {
        "id": "0_2",
        "camera": "R0 - Reddish (Point)",
        "frame": "0142",
        "image": "pano_camera0/frame_0142_hp_preview.jpg",
        "frameId": "0142",
        "height": 0.594487,
        "coords2D": "2D: (397929.160, 808218.641)",
        "coords3D_original": "3D_Original: (-793548.981, 426441.300, 0.000)",
        "coords3D": "3D: (6.248, -7.518, 0.203)",
        "coordsMtEden": "MtEden: (397929.160, 808218.641, 0.594)",
        "easting": 397929.1602807213,
        "northing": 808218.6414245645,
        "longitude": 174.74095846232106,
        "latitude": -36.80565385409624,
        "group": "R0 - Reddish (229 points)",
        "canvasX": 546.3049709083508,
        "canvasY": 559.8325133291295,
        "variant": "northing_easting_direct"
      }
    },
    {
      "type": "Feature",
      "geometry": {
        "type": "Point",
        "coordinates": [
          6.359014854533598,
          -7.905079993070103,
          0.20441929788
        ]
      },
      "properties": {
        "id": "0_3",
        "camera": "R0 - Reddish (Point)",
        "frame": "0143",
        "image": "pano_camera0/frame_0143_hp_preview.jpg",
        "frameId": "0143",
        "height": 0.694644,
        "coords2D": "2D: (397929.272, 808218.254)",
        "coords3D_original": "3D_Original: (-793548.981, 426441.300, 0.000)",
        "coords3D": "3D: (6.359, -7.905, 0.204)",
        "coordsMtEden": "MtEden: (397929.272, 808218.254, 0.695)",
        "easting": 397929.2715148545,
        "northing": 808218.2539200069,
        "longitude": 174.74095970788437,
        "latitude": -36.80565734653829,
        "group": "R0 - Reddish (229 points)",
        "canvasX": 548.1272201046388,
        "canvasY": 566.1806534969958,
        "variant": "northing_easting_direct"
      }
    },
    {
      "type": "Feature",
      "geometry": {
        "type": "Point",
        "coordinates": [
          6.718895823520143,
          -8.075881335069425,
          0.25885171432
        ]
      },
      "properties": {
        "id": "0_4",
        "camera": "R0 - Reddish (Point)",
        "frame": "0144",
        "image": "pano_camera0/frame_0144_hp_preview.jpg",
        "frameId": "0144",
        "height": 0.644563,
        "coords2D": "2D: (397929.631, 808218.083)",
        "coords3D_original": "3D_Original: (-793548.981, 426441.300, 0.000)",
        "coords3D": "3D: (6.719, -8.076, 0.259)",
        "coordsMtEden": "MtEden: (397929.631, 808218.083, 0.645)",
        "easting": 397929.6313958235,
        "northing": 808218.0831186649,
        "longitude": 174.74096374065863,
        "latitude": -36.80565888659032,
        "group": "R0 - Reddish (229 points)",
        "canvasX": 554.0228277550243,
        "canvasY": 568.9787389341145,
        "variant": "northing_easting_direct"
      }
    },
    {
      "type": "Feature",
      "geometry": {
        "type": "Point",
        "coordinates": [
          7.069905015116092,
          -7.874191240523942,
          0.27083006115999997
        ]
      },
      "properties": {
        "id": "0_5",
        "camera": "R0 - Reddish (Point)",
        "frame": "0145",
        "image": "pano_camera0/frame_0145_hp_preview.jpg",
        "frameId": "0145",
        "height": 0.468483,
        "coords2D": "2D: (397929.982, 808218.285)",
        "coords3D_original": "3D_Original: (-793548.981, 426441.300, 0.000)",
        "coords3D": "3D: (7.070, -7.874, 0.271)",
        "coordsMtEden": "MtEden: (397929.982, 808218.285, 0.468)",
        "easting": 397929.9824050151,
        "northing": 808218.2848087595,
        "longitude": 174.7409676750184,
        "latitude": -36.80565706972258,
        "group": "R0 - Reddish (229 points)",
        "canvasX": 559.7730970219035,
        "canvasY": 565.6746307227145,
        "variant": "northing_easting_direct"
      }
    },
    {
      "type": "Feature",
      "geometry": {
        "type": "Point",
        "coordinates": [
          5.399431635334622,
          -6.929324019351043,
          0.21781824844000003
        ]
      },
      "properties": {
        "id": "0_6",
        "camera": "R0 - Reddish (Point)",
        "frame": "0157",
        "image": "pano_camera0/frame_0157_hp_preview.jpg",
        "frameId": "0157",
        "height": 0.648415,
        "coords2D": "2D: (397928.312, 808219.230)",
        "coords3D_original": "3D_Original: (-793548.981, 426441.300, 0.000)",
        "coords3D": "3D: (5.399, -6.929, 0.218)",
        "coordsMtEden": "MtEden: (397928.312, 808219.230, 0.648)",
        "easting": 397928.3119316353,
        "northing": 808219.2296759806,
        "longitude": 174.74094895634968,
        "latitude": -36.80564855090709,
        "group": "R0 - Reddish (229 points)",
        "canvasX": 532.4072275079047,
        "canvasY": 550.1957171433301,
        "variant": "northing_easting_direct"
      }
    },
    {
      "type": "Feature",
      "geometry": {
        "type": "Point",
        "coordinates": [
          5.0514525238540955,
          -6.868681841879152,
          0.22602362927999997
        ]
      },
      "properties": {
        "id": "0_7",
        "camera": "R0 - Reddish (Point)",
        "frame": "0158",
        "image": "pano_camera0/frame_0158_hp_preview.jpg",
        "frameId": "0158",
        "height": 0.732946,
        "coords2D": "2D: (397927.964, 808219.290)",
        "coords3D_original": "3D_Original: (-793548.981, 426441.300, 0.000)",
        "coords3D": "3D: (5.051, -6.869, 0.226)",
        "coordsMtEden": "MtEden: (397927.964, 808219.290, 0.733)",
        "easting": 397927.96395252383,
        "northing": 808219.2903181581,
        "longitude": 174.74094505666233,
        "latitude": -36.80564800363718,
        "group": "R0 - Reddish (229 points)",
        "canvasX": 526.7065973304431,
        "canvasY": 549.2022706544072,
        "variant": "northing_easting_direct"
      }
    },
    {
      "type": "Feature",
      "geometry": {
        "type": "Point",
        "coordinates": [
          4.830003269191366,
          -6.955679370672442,
          0.24404856424
        ]
      },
      "properties": {
        "id": "0_8",
        "camera": "R0 - Reddish (Point)",
        "frame": "0159",
        "image": "pano_camera0/frame_0159_hp_preview.jpg",
        "frameId": "0159",
        "height": 0.830129,
        "coords2D": "2D: (397927.743, 808219.203)",
        "coords3D_original": "3D_Original: (-793548.981, 426441.300, 0.000)",
        "coords3D": "3D: (4.830, -6.956, 0.244)",
        "coordsMtEden": "MtEden: (397927.743, 808219.203, 0.830)",
        "easting": 397927.74250326917,
        "northing": 808219.2033206293,
        "longitude": 174.7409425746117,
        "latitude": -36.80564878717603,
        "group": "R0 - Reddish (229 points)",
        "canvasX": 523.0787924940751,
        "canvasY": 550.627473264695,
        "variant": "northing_easting_direct"
      }
    },
    {
      "type": "Feature",
      "geometry": {
        "type": "Point",
        "coordinates": [
          3.5433771957759745,
          -7.581280907150358,
          0.223425204
        ]
      },
      "properties": {
        "id": "0_9",
        "camera": "R0 - Reddish (Point)",
        "frame": "0160",
        "image": "pano_camera0/frame_0160_hp_preview.jpg",
        "frameId": "0160",
        "height": 1.436272,
        "coords2D": "2D: (397926.456, 808218.578)",
        "coords3D_original": "3D_Original: (-793548.981, 426441.300, 0.000)",
        "coords3D": "3D: (3.543, -7.581, 0.223)",
        "coordsMtEden": "MtEden: (397926.456, 808218.578, 1.436)",
        "easting": 397926.45587719575,
        "northing": 808218.5777190928,
        "longitude": 174.74092815350303,
        "latitude": -36.805654422292925,
        "group": "R0 - Reddish (229 points)",
        "canvasX": 502.0011496742692,
        "canvasY": 560.8761430253323,
        "variant": "northing_easting_direct"
      }
    },
    {
      "type": "Feature",
      "geometry": {
        "type": "Point",
        "coordinates": [
          2.8268611858948134,
          -7.704819522448815,
          0.21919948207999998
        ]
      },
      "properties": {
        "id": "0_10",
        "camera": "R0 - Reddish (Point)",
        "frame": "0161",
        "image": "pano_camera0/frame_0161_hp_preview.jpg",
        "frameId": "0161",
        "height": 1.696147,
        "coords2D": "2D: (397925.739, 808218.454)",
        "coords3D_original": "3D_Original: (-793548.981, 426441.300, 0.000)",
        "coords3D": "3D: (2.827, -7.705, 0.219)",
        "coordsMtEden": "MtEden: (397925.739, 808218.454, 1.696)",
        "easting": 397925.7393611859,
        "northing": 808218.4541804775,
        "longitude": 174.74092012306704,
        "latitude": -36.80565553405606,
        "group": "R0 - Reddish (229 points)",
        "canvasX": 490.2631095068539,
        "canvasY": 562.8999655338987,
        "variant": "northing_easting_direct"
      }
    },
    {
      "type": "Feature",
      "geometry": {
        "type": "Point",
        "coordinates": [
          1.9189776194980368,
          -7.735893820994534,
          0.26362533652
        ]
      },
      "properties": {
        "id": "0_11",
        "camera": "R0 - Reddish (Point)",
        "frame": "0162",
        "image": "pano_camera0/frame_0162_hp_preview.jpg",
        "frameId": "0162",
        "height": 1.982086,
        "coords2D": "2D: (397924.831, 808218.423)",
        "coords3D_original": "3D_Original: (-793548.981, 426441.300, 0.000)",
        "coords3D": "3D: (1.919, -7.736, 0.264)",
        "coordsMtEden": "MtEden: (397924.831, 808218.423, 1.982)",
        "easting": 397924.8314776195,
        "northing": 808218.423106179,
        "longitude": 174.74090994819866,
        "latitude": -36.80565581210902,
        "group": "R0 - Reddish (229 points)",
        "canvasX": 475.39006602538666,
        "canvasY": 563.4090279412045,
        "variant": "northing_easting_direct"
      }
    },
    {
      "type": "Feature",
      "geometry": {
        "type": "Point",
        "coordinates": [
          1.3509451386635192,
          -7.69371587515343,
          0.2832349172
        ]
      },
      "properties": {
        "id": "0_12",
        "camera": "R0 - Reddish (Point)",
        "frame": "0163",
        "image": "pano_camera0/frame_0163_hp_preview.jpg",
        "frameId": "0163",
        "height": 2.1397,
        "coords2D": "2D: (397924.263, 808218.465)",
        "coords3D_original": "3D_Original: (-793548.981, 426441.300, 0.000)",
        "coords3D": "3D: (1.351, -7.694, 0.283)",
        "coordsMtEden": "MtEden: (397924.263, 808218.465, 2.140)",
        "easting": 397924.26344513864,
        "northing": 808218.4652841248,
        "longitude": 174.74090358229066,
        "latitude": -36.80565543075551,
        "group": "R0 - Reddish (229 points)",
        "canvasX": 466.0844985507588,
        "canvasY": 562.7180644230707,
        "variant": "northing_easting_direct"
      }
    },
    {
      "type": "Feature",
      "geometry": {
        "type": "Point",
        "coordinates": [
          0.77956755051855,
          -7.597311922698282,
          0.31474410456
        ]
      },
      "properties": {
        "id": "0_13",
        "camera": "R0 - Reddish (Point)",
        "frame": "0164",
        "image": "pano_camera0/frame_0164_hp_preview.jpg",
        "frameId": "0164",
        "height": 2.279594,
        "coords2D": "2D: (397923.692, 808218.562)",
        "coords3D_original": "3D_Original: (-793548.981, 426441.300, 0.000)",
        "coords3D": "3D: (0.780, -7.597, 0.315)",
        "coordsMtEden": "MtEden: (397923.692, 808218.562, 2.280)",
        "easting": 397923.6920675505,
        "northing": 808218.5616880773,
        "longitude": 174.7408971790415,
        "latitude": -36.80565456070846,
        "group": "R0 - Reddish (229 points)",
        "canvasX": 456.7241311777831,
        "canvasY": 561.1387647984488,
        "variant": "northing_easting_direct"
      }
    },
    {
      "type": "Feature",
      "geometry": {
        "type": "Point",
        "coordinates": [
          0.15434861805988476,
          -6.9994177876506,
          0.31829725428
        ]
      },
      "properties": {
        "id": "0_14",
        "camera": "R0 - Reddish (Point)",
        "frame": "0165",
        "image": "pano_camera0/frame_0165_hp_preview.jpg",
        "frameId": "0165",
        "height": 2.262554,
        "coords2D": "2D: (397923.067, 808219.160)",
        "coords3D_original": "3D_Original: (-793548.981, 426441.300, 0.000)",
        "coords3D": "3D: (0.154, -6.999, 0.318)",
        "coordsMtEden": "MtEden: (397923.067, 808219.160, 2.263)",
        "easting": 397923.06684861804,
        "northing": 808219.1595822123,
        "longitude": 174.74089017375255,
        "latitude": -36.80564917110346,
        "group": "R0 - Reddish (229 points)",
        "canvasX": 446.48172927599876,
        "canvasY": 551.3440005832829,
        "variant": "northing_easting_direct"
      }
    },
    {
      "type": "Feature",
      "geometry": {
        "type": "Point",
        "coordinates": [
          0.08641636790707707,
          -6.549978909664787,
          0.30873032484
        ]
      },
      "properties": {
        "id": "0_15",
        "camera": "R0 - Reddish (Point)",
        "frame": "0166",
        "image": "pano_camera0/frame_0166_hp_preview.jpg",
        "frameId": "0166",
        "height": 2.127874,
        "coords2D": "2D: (397922.999, 808219.609)",
        "coords3D_original": "3D_Original: (-793548.981, 426441.300, 0.000)",
        "coords3D": "3D: (0.086, -6.550, 0.309)",
        "coordsMtEden": "MtEden: (397922.999, 808219.609, 2.128)",
        "easting": 397922.9989163679,
        "northing": 808219.6090210903,
        "longitude": 174.74088941365196,
        "latitude": -36.80564512060236,
        "group": "R0 - Reddish (229 points)",
        "canvasX": 445.3688560531086,
        "canvasY": 543.9812459068382,
        "variant": "northing_easting_direct"
      }
    },
    {
      "type": "Feature",
      "geometry": {
        "type": "Point",
        "coordinates": [
          0.20881734904833138,
          -5.608615544857457,
          0.3079396424
        ]
      },
      "properties": {
        "id": "0_16",
        "camera": "R0 - Reddish (Point)",
        "frame": "0167",
        "image": "pano_camera0/frame_0167_hp_preview.jpg",
        "frameId": "0167",
        "height": 1.765549,
        "coords2D": "2D: (397923.121, 808220.550)",
        "coords3D_original": "3D_Original: (-793548.981, 426441.300, 0.000)",
        "coords3D": "3D: (0.209, -5.609, 0.308)",
        "coordsMtEden": "MtEden: (397923.121, 808220.550, 1.766)",
        "easting": 397923.121317349,
        "northing": 808220.5503844551,
        "longitude": 174.7408907879851,
        "latitude": -36.80563663728544,
        "group": "R0 - Reddish (229 points)",
        "canvasX": 447.3740417196607,
        "canvasY": 528.5597328673472,
        "variant": "northing_easting_direct"
      }
    },
    {
      "type": "Feature",
      "geometry": {
        "type": "Point",
        "coordinates": [
          0.8547153960098512,
          -5.057832951191813,
          0.27928150500000004
        ]
      },
      "properties": {
        "id": "0_17",
        "camera": "R0 - Reddish (Point)",
        "frame": "0168",
        "image": "pano_camera0/frame_0168_hp_preview.jpg",
        "frameId": "0168",
        "height": 1.379476,
        "coords2D": "2D: (397923.767, 808221.101)",
        "coords3D_original": "3D_Original: (-793548.981, 426441.300, 0.000)",
        "coords3D": "3D: (0.855, -5.058, 0.279)",
        "coordsMtEden": "MtEden: (397923.767, 808221.101, 1.379)",
        "easting": 397923.767215396,
        "northing": 808221.1011670488,
        "longitude": 174.74089802815888,
        "latitude": -36.80563167503819,
        "group": "R0 - Reddish (229 points)",
        "canvasX": 457.9552110373771,
        "canvasY": 519.5367548469168,
        "variant": "northing_easting_direct"
      }
    },
    {
      "type": "Feature",
      "geometry": {
        "type": "Point",
        "coordinates": [
          1.1691301222308539,
          -5.000065167434514,
          0.31151903884
        ]
      },
      "properties": {
        "id": "0_18",
        "camera": "R0 - Reddish (Point)",
        "frame": "0169",
        "image": "pano_camera0/frame_0169_hp_preview.jpg",
        "frameId": "0169",
        "height": 1.264211,
        "coords2D": "2D: (397924.082, 808221.159)",
        "coords3D_original": "3D_Original: (-793548.981, 426441.300, 0.000)",
        "coords3D": "3D: (1.169, -5.000, 0.312)",
        "coordsMtEden": "MtEden: (397924.082, 808221.159, 1.264)",
        "easting": 397924.0816301222,
        "northing": 808221.1589348326,
        "longitude": 174.74090155200702,
        "latitude": -36.805631155123116,
        "group": "R0 - Reddish (229 points)",
        "canvasX": 463.10598594719477,
        "canvasY": 518.5903969764813,
        "variant": "northing_easting_direct"
      }
    },
    {
      "type": "Feature",
      "geometry": {
        "type": "Point",
        "coordinates": [
          2.8095519591588527,
          -4.915603299508803,
          0.24723754071999998
        ]
      },
      "properties": {
        "id": "0_19",
        "camera": "R0 - Reddish (Point)",
        "frame": "0170",
        "image": "pano_camera0/frame_0170_hp_preview.jpg",
        "frameId": "0170",
        "height": 0.737776,
        "coords2D": "2D: (397925.722, 808221.243)",
        "coords3D_original": "3D_Original: (-793548.981, 426441.300, 0.000)",
        "coords3D": "3D: (2.810, -4.916, 0.247)",
        "coordsMtEden": "MtEden: (397925.722, 808221.243, 0.738)",
        "easting": 397925.72205195914,
        "northing": 808221.2433967005,
        "longitude": 174.74091993667832,
        "latitude": -36.805630397546,
        "group": "R0 - Reddish (229 points)",
        "canvasX": 489.9795479444615,
        "canvasY": 517.2067338278234,
        "variant": "northing_easting_direct"
      }
    },
    {
      "type": "Feature",
      "geometry": {
        "type": "Point",
        "coordinates": [
          3.028159268433228,
          -4.90811991551891,
          0.29048229276000004
        ]
      },
      "properties": {
        "id": "0_20",
        "camera": "R0 - Reddish (Point)",
        "frame": "0171",
        "image": "pano_camera0/frame_0171_hp_preview.jpg",
        "frameId": "0171",
        "height": 0.668925,
        "coords2D": "2D: (397925.941, 808221.251)",
        "coords3D_original": "3D_Original: (-793548.981, 426441.300, 0.000)",
        "coords3D": "3D: (3.028, -4.908, 0.290)",
        "coordsMtEden": "MtEden: (397925.941, 808221.251, 0.669)",
        "easting": 397925.9406592684,
        "northing": 808221.2508800845,
        "longitude": 174.74092238666196,
        "latitude": -36.80563033058446,
        "group": "R0 - Reddish (229 points)",
        "canvasX": 493.5607957357096,
        "canvasY": 517.0841402482655,
        "variant": "northing_easting_direct"
      }
    },
    {
      "type": "Feature",
      "geometry": {
        "type": "Point",
        "coordinates": [
          4.0511013807263225,
          -4.873709040693939,
          0.23000656904
        ]
      },
      "properties": {
        "id": "0_21",
        "camera": "R0 - Reddish (Point)",
        "frame": "0172",
        "image": "pano_camera0/frame_0172_hp_preview.jpg",
        "frameId": "0172",
        "height": 0.346956,
        "coords2D": "2D: (397926.964, 808221.285)",
        "coords3D_original": "3D_Original: (-793548.981, 426441.300, 0.000)",
        "coords3D": "3D: (4.051, -4.874, 0.230)",
        "coordsMtEden": "MtEden: (397926.964, 808221.285, 0.347)",
        "easting": 397926.9636013807,
        "northing": 808221.2852909593,
        "longitude": 174.7409338510135,
        "latitude": -36.80563002271303,
        "group": "R0 - Reddish (229 points)",
        "canvasX": 510.31874034233874,
        "canvasY": 516.520417700785,
        "variant": "northing_easting_direct"
      }
    },
    {
      "type": "Feature",
      "geometry": {
        "type": "Point",
        "coordinates": [
          4.728347208292689,
          -4.369590069283731,
          0.2454560446
        ]
      },
      "properties": {
        "id": "0_22",
        "camera": "R0 - Reddish (Point)",
        "frame": "0173",
        "image": "pano_camera0/frame_0173_hp_preview.jpg",
        "frameId": "0173",
        "height": -0.032498,
        "coords2D": "2D: (397927.641, 808221.789)",
        "coords3D_original": "3D_Original: (-793548.981, 426441.300, 0.000)",
        "coords3D": "3D: (4.728, -4.370, 0.245)",
        "coordsMtEden": "MtEden: (397927.641, 808221.789, -0.032)",
        "easting": 397927.64084720827,
        "northing": 808221.7894099307,
        "longitude": 174.7409414423759,
        "latitude": -36.805625481065256,
        "group": "R0 - Reddish (229 points)",
        "canvasX": 521.4134522788589,
        "canvasY": 508.2618880167103,
        "variant": "northing_easting_direct"
      }
    },
    {
      "type": "Feature",
      "geometry": {
        "type": "Point",
        "coordinates": [
          4.8847284050425515,
          -3.528803638066165,
          0.25611549376
        ]
      },
      "properties": {
        "id": "0_23",
        "camera": "R0 - Reddish (Point)",
        "frame": "0174",
        "image": "pano_camera0/frame_0174_hp_preview.jpg",
        "frameId": "0174",
        "height": -0.370376,
        "coords2D": "2D: (397927.797, 808222.630)",
        "coords3D_original": "3D_Original: (-793548.981, 426441.300, 0.000)",
        "coords3D": "3D: (4.885, -3.529, 0.256)",
        "coordsMtEden": "MtEden: (397927.797, 808222.630, -0.370)",
        "easting": 397927.797228405,
        "northing": 808222.6301963619,
        "longitude": 174.7409431972503,
        "latitude": -36.805617904223396,
        "group": "R0 - Reddish (229 points)",
        "canvasX": 523.9753053894025,
        "canvasY": 494.48803681863706,
        "variant": "northing_easting_direct"
      }
    },
    {
      "type": "Feature",
      "geometry": {
        "type": "Point",
        "coordinates": [
          4.877958774450235,
          -3.506637209211476,
          0.26566273816
        ]
      },
      "properties": {
        "id": "0_24",
        "camera": "R0 - Reddish (Point)",
        "frame": "0175",
        "image": "pano_camera0/frame_0175_hp_preview.jpg",
        "frameId": "0175",
        "height": -0.375982,
        "coords2D": "2D: (397927.790, 808222.652)",
        "coords3D_original": "3D_Original: (-793548.981, 426441.300, 0.000)",
        "coords3D": "3D: (4.878, -3.507, 0.266)",
        "coordsMtEden": "MtEden: (397927.790, 808222.652, -0.376)",
        "easting": 397927.7904587744,
        "northing": 808222.6523627908,
        "longitude": 174.74094312144243,
        "latitude": -36.80561770444429,
        "group": "R0 - Reddish (229 points)",
        "canvasX": 523.8644045934069,
        "canvasY": 494.12490406255984,
        "variant": "northing_easting_direct"
      }
    },
    {
      "type": "Feature",
      "geometry": {
        "type": "Point",
        "coordinates": [
          4.315950843156315,
          -2.7278379189083353,
          0.24348425976000002
        ]
      },
      "properties": {
        "id": "0_25",
        "camera": "R0 - Reddish (Point)",
        "frame": "0176",
        "image": "pano_camera0/frame_0176_hp_preview.jpg",
        "frameId": "0176",
        "height": -0.474682,
        "coords2D": "2D: (397927.228, 808223.431)",
        "coords3D_original": "3D_Original: (-793548.981, 426441.300, 0.000)",
        "coords3D": "3D: (4.316, -2.728, 0.243)",
        "coordsMtEden": "MtEden: (397927.228, 808223.431, -0.475)",
        "easting": 397927.22845084313,
        "northing": 808223.4311620811,
        "longitude": 174.74093682506063,
        "latitude": -36.80561068465948,
        "group": "R0 - Reddish (229 points)",
        "canvasX": 514.6575319194884,
        "canvasY": 481.3665326857458,
        "variant": "northing_easting_direct"
      }
    },
    {
      "type": "Feature",
      "geometry": {
        "type": "Point",
        "coordinates": [
          3.8498696222668514,
          -2.4519650301663205,
          0.27698819784
        ]
      },
      "properties": {
        "id": "0_26",
        "camera": "R0 - Reddish (Point)",
        "frame": "0177",
        "image": "pano_camera0/frame_0177_hp_preview.jpg",
        "frameId": "0177",
        "height": -0.428709,
        "coords2D": "2D: (397926.762, 808223.707)",
        "coords3D_original": "3D_Original: (-793548.981, 426441.300, 0.000)",
        "coords3D": "3D: (3.850, -2.452, 0.277)",
        "coordsMtEden": "MtEden: (397926.762, 808223.707, -0.429)",
        "easting": 397926.76236962224,
        "northing": 808223.7070349698,
        "longitude": 174.7409316023745,
        "latitude": -36.80560819746712,
        "group": "R0 - Reddish (229 points)",
        "canvasX": 507.0221406413374,
        "canvasY": 476.84715418677786,
        "variant": "northing_easting_direct"
      }
    },
    {
      "type": "Feature",
      "geometry": {
        "type": "Point",
        "coordinates": [
          3.075630356266629,
          -1.8101899108150974,
          0.27505578308
        ]
      },
      "properties": {
        "id": "0_27",
        "camera": "R0 - Reddish (Point)",
        "frame": "0178",
        "image": "pano_camera0/frame_0178_hp_preview.jpg",
        "frameId": "0178",
        "height": -0.415737,
        "coords2D": "2D: (397925.988, 808224.349)",
        "coords3D_original": "3D_Original: (-793548.981, 426441.300, 0.000)",
        "coords3D": "3D: (3.076, -1.810, 0.275)",
        "coordsMtEden": "MtEden: (397925.988, 808224.349, -0.416)",
        "easting": 397925.98813035624,
        "northing": 808224.3488100892,
        "longitude": 174.74092292711543,
        "latitude": -36.80560241208143,
        "group": "R0 - Reddish (229 points)",
        "canvasX": 494.33847205768626,
        "canvasY": 466.3335270996205,
        "variant": "northing_easting_direct"
      }
    },
    {
      "type": "Feature",
      "geometry": {
        "type": "Point",
        "coordinates": [
          2.9154189400724135,
          -0.9411194182466716,
          0.2774442346
        ]
      },
      "properties": {
        "id": "0_28",
        "camera": "R0 - Reddish (Point)",
        "frame": "0179",
        "image": "pano_camera0/frame_0179_hp_preview.jpg",
        "frameId": "0179",
        "height": -0.667419,
        "coords2D": "2D: (397925.828, 808225.218)",
        "coords3D_original": "3D_Original: (-793548.981, 426441.300, 0.000)",
        "coords3D": "3D: (2.915, -0.941, 0.277)",
        "coordsMtEden": "MtEden: (397925.828, 808225.218, -0.667)",
        "easting": 397925.82791894005,
        "northing": 808225.2178805817,
        "longitude": 174.74092113397128,
        "latitude": -36.805594579649856,
        "group": "R0 - Reddish (229 points)",
        "canvasX": 491.713871892422,
        "canvasY": 452.0963234502892,
        "variant": "northing_easting_direct"
      }
    },
    {
      "type": "Feature",
      "geometry": {
        "type": "Point",
        "coordinates": [
          3.128274036804214,
          -0.5662060290342197,
          0.26754265948
        ]
      },
      "properties": {
        "id": "0_29",
        "camera": "R0 - Reddish (Point)",
        "frame": "0180",
        "image": "pano_camera0/frame_0180_hp_preview.jpg",
        "frameId": "0180",
        "height": -0.861466,
        "coords2D": "2D: (397926.041, 808225.593)",
        "coords3D_original": "3D_Original: (-793548.981, 426441.300, 0.000)",
        "coords3D": "3D: (3.128, -0.566, 0.268)",
        "coordsMtEden": "MtEden: (397926.041, 808225.593, -0.861)",
        "easting": 397926.0407740368,
        "northing": 808225.592793971,
        "longitude": 174.74092352048874,
        "latitude": -36.80559120138913,
        "group": "R0 - Reddish (229 points)",
        "canvasX": 495.2008863355797,
        "canvasY": 445.9544531210331,
        "variant": "northing_easting_direct"
      }
    },
    {
      "type": "Feature",
      "geometry": {
        "type": "Point",
        "coordinates": [
          3.687359584204387,
          -0.3728649957338348,
          0.21000328755999997
        ]
      },
      "properties": {
        "id": "0_30",
        "camera": "R0 - Reddish (Point)",
        "frame": "0181",
        "image": "pano_camera0/frame_0181_hp_preview.jpg",
        "frameId": "0181",
        "height": -1.097735,
        "coords2D": "2D: (397926.600, 808225.786)",
        "coords3D_original": "3D_Original: (-793548.981, 426441.300, 0.000)",
        "coords3D": "3D: (3.687, -0.373, 0.210)",
        "coordsMtEden": "MtEden: (397926.600, 808225.786, -1.098)",
        "easting": 397926.5998595842,
        "northing": 808225.7861350043,
        "longitude": 174.74092978676333,
        "latitude": -36.805589460220254,
        "group": "R0 - Reddish (229 points)",
        "canvasX": 504.35988421100126,
        "canvasY": 442.7871201049668,
        "variant": "northing_easting_direct"
      }
    },
    {
      "type": "Feature",
      "geometry": {
        "type": "Point",
        "coordinates": [
          4.2379587211762555,
          -0.39482321753166616,
          0.19533465192
        ]
      },
      "properties": {
        "id": "0_31",
        "camera": "R0 - Reddish (Point)",
        "frame": "0182",
        "image": "pano_camera0/frame_0182_hp_preview.jpg",
        "frameId": "0182",
        "height": -1.25705,
        "coords2D": "2D: (397927.150, 808225.764)",
        "coords3D_original": "3D_Original: (-793548.981, 426441.300, 0.000)",
        "coords3D": "3D: (4.238, -0.395, 0.195)",
        "coordsMtEden": "MtEden: (397927.150, 808225.764, -1.257)",
        "easting": 397927.15045872115,
        "northing": 808225.7641767825,
        "longitude": 174.74093595734317,
        "latitude": -36.80558965931365,
        "group": "R0 - Reddish (229 points)",
        "canvasX": 513.379856824582,
        "canvasY": 443.1468419897588,
        "variant": "northing_easting_direct"
      }
    },
    {
      "type": "Feature",
      "geometry": {
        "type": "Point",
        "coordinates": [
          5.06547684292309,
          -0.2037022679578513,
          0.2169291408
        ]
      },
      "properties": {
        "id": "0_32",
        "camera": "R0 - Reddish (Point)",
        "frame": "0183",
        "image": "pano_camera0/frame_0183_hp_preview.jpg",
        "frameId": "0183",
        "height": -1.573921,
        "coords2D": "2D: (397927.978, 808225.955)",
        "coords3D_original": "3D_Original: (-793548.981, 426441.300, 0.000)",
        "coords3D": "3D: (5.065, -0.204, 0.217)",
        "coordsMtEden": "MtEden: (397927.978, 808225.955, -1.574)",
        "easting": 397927.9779768429,
        "northing": 808225.955297732,
        "longitude": 174.74094523197175,
        "latitude": -36.805587938738974,
        "group": "R0 - Reddish (229 points)",
        "canvasX": 526.9363451919152,
        "canvasY": 440.01587861615633,
        "variant": "northing_easting_direct"
      }
    },
    {
      "type": "Feature",
      "geometry": {
        "type": "Point",
        "coordinates": [
          5.03565965895541,
          0.2569596046814695,
          0.17647310276
        ]
      },
      "properties": {
        "id": "0_33",
        "camera": "R0 - Reddish (Point)",
        "frame": "0184",
        "image": "pano_camera0/frame_0184_hp_preview.jpg",
        "frameId": "0184",
        "height": -1.724032,
        "coords2D": "2D: (397927.948, 808226.416)",
        "coords3D_original": "3D_Original: (-793548.981, 426441.300, 0.000)",
        "coords3D": "3D: (5.036, 0.257, 0.176)",
        "coordsMtEden": "MtEden: (397927.948, 808226.416, -1.724)",
        "easting": 397927.94815965893,
        "northing": 808226.4159596047,
        "longitude": 174.74094489906008,
        "latitude": -36.805583787179714,
        "group": "R0 - Reddish (229 points)",
        "canvasX": 526.4478769673134,
        "canvasY": 432.4692676681768,
        "variant": "northing_easting_direct"
      }
    },
    {
      "type": "Feature",
      "geometry": {
        "type": "Point",
        "coordinates": [
          4.715698040788993,
          0.4009877227945253,
          0.18293307672
        ]
      },
      "properties": {
        "id": "0_34",
        "camera": "R0 - Reddish (Point)",
        "frame": "0185",
        "image": "pano_camera0/frame_0185_hp_preview.jpg",
        "frameId": "0185",
        "height": -1.676802,
        "coords2D": "2D: (397927.628, 808226.560)",
        "coords3D_original": "3D_Original: (-793548.981, 426441.300, 0.000)",
        "coords3D": "3D: (4.716, 0.401, 0.183)",
        "coordsMtEden": "MtEden: (397927.628, 808226.560, -1.677)",
        "easting": 397927.62819804077,
        "northing": 808226.5599877228,
        "longitude": 174.74094131359885,
        "latitude": -36.805582488495226,
        "group": "R0 - Reddish (229 points)",
        "canvasX": 521.206232294014,
        "canvasY": 430.10978398293,
        "variant": "northing_easting_direct"
      }
    },
    {
      "type": "Feature",
      "geometry": {
        "type": "Point",
        "coordinates": [
          4.193862566142343,
          0.4479429922066629,
          0.173556436
        ]
      },
      "properties": {
        "id": "0_35",
        "camera": "R0 - Reddish (Point)",
        "frame": "0186",
        "image": "pano_camera0/frame_0186_hp_preview.jpg",
        "frameId": "0186",
        "height": -1.534842,
        "coords2D": "2D: (397927.106, 808226.607)",
        "coords3D_original": "3D_Original: (-793548.981, 426441.300, 0.000)",
        "coords3D": "3D: (4.194, 0.448, 0.174)",
        "coordsMtEden": "MtEden: (397927.106, 808226.607, -1.535)",
        "easting": 397927.1063625661,
        "northing": 808226.6069429922,
        "longitude": 174.74093546544586,
        "latitude": -36.805582064191185,
        "group": "R0 - Reddish (229 points)",
        "canvasX": 512.6574690034655,
        "canvasY": 429.3405578505027,
        "variant": "northing_easting_direct"
      }
    },
    {
      "type": "Feature",
      "geometry": {
        "type": "Point",
        "coordinates": [
          3.6750071573187597,
          0.5168117375578731,
          0.18234908719999998
        ]
      },
      "properties": {
        "id": "0_36",
        "camera": "R0 - Reddish (Point)",
        "frame": "0187",
        "image": "pano_camera0/frame_0187_hp_preview.jpg",
        "frameId": "0187",
        "height": -1.401356,
        "coords2D": "2D: (397926.588, 808226.676)",
        "coords3D_original": "3D_Original: (-793548.981, 426441.300, 0.000)",
        "coords3D": "3D: (3.675, 0.517, 0.182)",
        "coordsMtEden": "MtEden: (397926.588, 808226.676, -1.401)",
        "easting": 397926.5875071573,
        "northing": 808226.6758117375,
        "longitude": 174.74092965075062,
        "latitude": -36.80558144240869,
        "group": "R0 - Reddish (229 points)",
        "canvasX": 504.15752546338757,
        "canvasY": 428.21234286554,
        "variant": "northing_easting_direct"
      }
    },
    {
      "type": "Feature",
      "geometry": {
        "type": "Point",
        "coordinates": [
          3.0375151217449456,
          0.78234578599222,
          0.19713255224
        ]
      },
      "properties": {
        "id": "0_37",
        "camera": "R0 - Reddish (Point)",
        "frame": "0188",
        "image": "pano_camera0/frame_0188_hp_preview.jpg",
        "frameId": "0188",
        "height": -1.299852,
        "coords2D": "2D: (397925.950, 808226.941)",
        "coords3D_original": "3D_Original: (-793548.981, 426441.300, 0.000)",
        "coords3D": "3D: (3.038, 0.782, 0.197)",
        "coordsMtEden": "MtEden: (397925.950, 808226.941, -1.300)",
        "easting": 397925.9500151217,
        "northing": 808226.941345786,
        "longitude": 174.74092250701443,
        "latitude": -36.8055790480144,
        "group": "R0 - Reddish (229 points)",
        "canvasX": 493.71406430258173,
        "canvasY": 423.862336329478,
        "variant": "northing_easting_direct"
      }
    },
    {
      "type": "Feature",
      "geometry": {
        "type": "Point",
        "coordinates": [
          2.6738964604446664,
          1.3652811808278784,
          0.20044291979999998
        ]
      },
      "properties": {
        "id": "0_38",
        "camera": "R0 - Reddish (Point)",
        "frame": "0189",
        "image": "pano_camera0/frame_0189_hp_preview.jpg",
        "frameId": "0189",
        "height": -1.391022,
        "coords2D": "2D: (397925.586, 808227.524)",
        "coords3D_original": "3D_Original: (-793548.981, 426441.300, 0.000)",
        "coords3D": "3D: (2.674, 1.365, 0.200)",
        "coordsMtEden": "MtEden: (397925.586, 808227.524, -1.391)",
        "easting": 397925.5863964604,
        "northing": 808227.5242811808,
        "longitude": 174.74091843347918,
        "latitude": -36.80557379379245,
        "group": "R0 - Reddish (229 points)",
        "canvasX": 487.75722538518204,
        "canvasY": 414.3126277609437,
        "variant": "northing_easting_direct"
      }
    },
    {
      "type": "Feature",
      "geometry": {
        "type": "Point",
        "coordinates": [
          2.6516617333400063,
          1.4410857046023011,
          0.21855971827999998
        ]
      },
      "properties": {
        "id": "0_39",
        "camera": "R0 - Reddish (Point)",
        "frame": "0190",
        "image": "pano_camera0/frame_0190_hp_preview.jpg",
        "frameId": "0190",
        "height": -1.410471,
        "coords2D": "2D: (397925.564, 808227.600)",
        "coords3D_original": "3D_Original: (-793548.981, 426441.300, 0.000)",
        "coords3D": "3D: (2.652, 1.441, 0.219)",
        "coordsMtEden": "MtEden: (397925.564, 808227.600, -1.410)",
        "easting": 397925.5641617333,
        "northing": 808227.6000857046,
        "longitude": 174.74091818449813,
        "latitude": -36.80557311059185,
        "group": "R0 - Reddish (229 points)",
        "canvasX": 487.39297376182583,
        "canvasY": 413.07079012767906,
        "variant": "northing_easting_direct"
      }
    },
    {
      "type": "Feature",
      "geometry": {
        "type": "Point",
        "coordinates": [
          2.6926456579822116,
          2.0314174317754805,
          0.21998360284
        ]
      },
      "properties": {
        "id": "0_40",
        "camera": "R0 - Reddish (Point)",
        "frame": "0191",
        "image": "pano_camera0/frame_0191_hp_preview.jpg",
        "frameId": "0191",
        "height": -1.626842,
        "coords2D": "2D: (397925.605, 808228.190)",
        "coords3D_original": "3D_Original: (-793548.981, 426441.300, 0.000)",
        "coords3D": "3D: (2.693, 2.031, 0.220)",
        "coordsMtEden": "MtEden: (397925.605, 808228.190, -1.627)",
        "easting": 397925.60514565796,
        "northing": 808228.1904174318,
        "longitude": 174.74091864541873,
        "latitude": -36.80556779060029,
        "group": "R0 - Reddish (229 points)",
        "canvasX": 488.0643766995295,
        "canvasY": 403.3999140687175,
        "variant": "northing_easting_direct"
      }
    },
    {
      "type": "Feature",
      "geometry": {
        "type": "Point",
        "coordinates": [
          3.2121748168719932,
          2.6174661773256958,
          0.2193897708
        ]
      },
      "properties": {
        "id": "0_41",
        "camera": "R0 - Reddish (Point)",
        "frame": "0192",
        "image": "pano_camera0/frame_0192_hp_preview.jpg",
        "frameId": "0192",
        "height": -1.986793,
        "coords2D": "2D: (397926.125, 808228.776)",
        "coords3D_original": "3D_Original: (-793548.981, 426441.300, 0.000)",
        "coords3D": "3D: (3.212, 2.617, 0.219)",
        "coordsMtEden": "MtEden: (397926.125, 808228.776, -1.987)",
        "easting": 397926.12467481685,
        "northing": 808228.7764661773,
        "longitude": 174.7409244694474,
        "latitude": -36.80556251025525,
        "group": "R0 - Reddish (229 points)",
        "canvasX": 496.5753576840325,
        "canvasY": 393.7992022617675,
        "variant": "northing_easting_direct"
      }
    },
    {
      "type": "Feature",
      "geometry": {
        "type": "Point",
        "coordinates": [
          3.7898756669601426,
          2.833237496088259,
          0.18652559652
        ]
      },
      "properties": {
        "id": "0_42",
        "camera": "R0 - Reddish (Point)",
        "frame": "0193",
        "image": "pano_camera0/frame_0193_hp_preview.jpg",
        "frameId": "0193",
        "height": -2.236454,
        "coords2D": "2D: (397926.702, 808228.992)",
        "coords3D_original": "3D_Original: (-793548.981, 426441.300, 0.000)",
        "coords3D": "3D: (3.790, 2.833, 0.187)",
        "coordsMtEden": "MtEden: (397926.702, 808228.992, -2.236)",
        "easting": 397926.70237566694,
        "northing": 808228.9922374961,
        "longitude": 174.74093094440488,
        "latitude": -36.80556056698489,
        "group": "R0 - Reddish (229 points)",
        "canvasX": 506.0393133944984,
        "canvasY": 390.26441396446165,
        "variant": "northing_easting_direct"
      }
    },
    {
      "type": "Feature",
      "geometry": {
        "type": "Point",
        "coordinates": [
          4.55759176868014,
          2.9717289436375722,
          0.14300525392
        ]
      },
      "properties": {
        "id": "0_43",
        "camera": "R0 - Reddish (Point)",
        "frame": "0194",
        "image": "pano_camera0/frame_0194_hp_preview.jpg",
        "frameId": "0194",
        "height": -2.517015,
        "coords2D": "2D: (397927.470, 808229.131)",
        "coords3D_original": "3D_Original: (-793548.981, 426441.300, 0.000)",
        "coords3D": "3D: (4.558, 2.972, 0.143)",
        "coordsMtEden": "MtEden: (397927.470, 808229.131, -2.517)",
        "easting": 397927.47009176866,
        "northing": 808229.1307289436,
        "longitude": 174.7409395486777,
        "latitude": -36.805559320577835,
        "group": "R0 - Reddish (229 points)",
        "canvasX": 518.616118818504,
        "canvasY": 387.995632595721,
        "variant": "northing_easting_direct"
      }
    },
    {
      "type": "Feature",
      "geometry": {
        "type": "Point",
        "coordinates": [
          5.09107424056856,
          3.115683494368568,
          0.15165026732
        ]
      },
      "properties": {
        "id": "0_44",
        "camera": "R0 - Reddish (Point)",
        "frame": "0195",
        "image": "pano_camera0/frame_0195_hp_preview.jpg",
        "frameId": "0195",
        "height": -2.728461,
        "coords2D": "2D: (397928.004, 808229.275)",
        "coords3D_original": "3D_Original: (-793548.981, 426441.300, 0.000)",
        "coords3D": "3D: (5.091, 3.116, 0.152)",
        "coordsMtEden": "MtEden: (397928.004, 808229.275, -2.728)",
        "easting": 397928.00357424055,
        "northing": 808229.2746834944,
        "longitude": 174.74094552787787,
        "latitude": -36.805558024424045,
        "group": "R0 - Reddish (229 points)",
        "canvasX": 527.3556844355173,
        "canvasY": 385.6373540983794,
        "variant": "northing_easting_direct"
      }
    },
    {
      "type": "Feature",
      "geometry": {
        "type": "Point",
        "coordinates": [
          5.34231478930451,
          3.48724316211883,
          0.10606299552000001
        ]
      },
      "properties": {
        "id": "0_45",
        "camera": "R0 - Reddish (Point)",
        "frame": "0196",
        "image": "pano_camera0/frame_0196_hp_preview.jpg",
        "frameId": "0196",
        "height": -2.932985,
        "coords2D": "2D: (397928.255, 808229.646)",
        "coords3D_original": "3D_Original: (-793548.981, 426441.300, 0.000)",
        "coords3D": "3D: (5.342, 3.487, 0.106)",
        "coordsMtEden": "MtEden: (397928.255, 808229.646, -2.933)",
        "easting": 397928.2548147893,
        "northing": 808229.6462431621,
        "longitude": 174.74094834457478,
        "latitude": -36.8055546764706,
        "group": "R0 - Reddish (229 points)",
        "canvasX": 531.4715333656543,
        "canvasY": 379.55042478453726,
        "variant": "northing_easting_direct"
      }
    },
    {
      "type": "Feature",
      "geometry": {
        "type": "Point",
        "coordinates": [
          5.559425466693938,
          4.379654296324588,
          0.10466207683999999
        ]
      },
      "properties": {
        "id": "0_46",
        "camera": "R0 - Reddish (Point)",
        "frame": "0197",
        "image": "pano_camera0/frame_0197_hp_preview.jpg",
        "frameId": "0197",
        "height": -3.307107,
        "coords2D": "2D: (397928.472, 808230.539)",
        "coords3D_original": "3D_Original: (-793548.981, 426441.300, 0.000)",
        "coords3D": "3D: (5.559, 4.380, 0.105)",
        "coordsMtEden": "MtEden: (397928.472, 808230.539, -3.307)",
        "easting": 397928.47192546667,
        "northing": 808230.5386542963,
        "longitude": 174.7409507801905,
        "latitude": -36.805546634518564,
        "group": "R0 - Reddish (229 points)",
        "canvasX": 535.0282631760756,
        "canvasY": 364.9308523042631,
        "variant": "northing_easting_direct"
      }
    },
    {
      "type": "Feature",
      "geometry": {
        "type": "Point",
        "coordinates": [
          5.645880698575638,
          5.706597663112916,
          0.1493438368
        ]
      },
      "properties": {
        "id": "0_47",
        "camera": "R0 - Reddish (Point)",
        "frame": "0198",
        "image": "pano_camera0/frame_0198_hp_preview.jpg",
        "frameId": "0198",
        "height": -3.791746,
        "coords2D": "2D: (397928.558, 808231.866)",
        "coords3D_original": "3D_Original: (-793548.981, 426441.300, 0.000)",
        "coords3D": "3D: (5.646, 5.707, 0.149)",
        "coordsMtEden": "MtEden: (397928.558, 808231.866, -3.792)",
        "easting": 397928.55838069855,
        "northing": 808231.8655976631,
        "longitude": 174.7409517527154,
        "latitude": -36.80553467626744,
        "group": "R0 - Reddish (229 points)",
        "canvasX": 536.4445818219442,
        "canvasY": 343.1927273704545,
        "variant": "northing_easting_direct"
      }
    },
    {
      "type": "Feature",
      "geometry": {
        "type": "Point",
        "coordinates": [
          5.671317511645611,
          6.094913935638033,
          0.16528215752
        ]
      },
      "properties": {
        "id": "0_48",
        "camera": "R0 - Reddish (Point)",
        "frame": "0199",
        "image": "pano_camera0/frame_0199_hp_preview.jpg",
        "frameId": "0199",
        "height": -3.933612,
        "coords2D": "2D: (397928.584, 808232.254)",
        "coords3D_original": "3D_Original: (-793548.981, 426441.300, 0.000)",
        "coords3D": "3D: (5.671, 6.095, 0.165)",
        "coordsMtEden": "MtEden: (397928.584, 808232.254, -3.934)",
        "easting": 397928.5838175116,
        "northing": 808232.2539139356,
        "longitude": 174.74095203884542,
        "latitude": -36.80553117680903,
        "group": "R0 - Reddish (229 points)",
        "canvasX": 536.861290352095,
        "canvasY": 336.8312896061108,
        "variant": "northing_easting_direct"
      }
    },
    {
      "type": "Feature",
      "geometry": {
        "type": "Point",
        "coordinates": [
          5.486404680181295,
          7.919691950199194,
          0.26472113708
        ]
      },
      "properties": {
        "id": "0_49",
        "camera": "R0 - Reddish (Point)",
        "frame": "0200",
        "image": "pano_camera0/frame_0200_hp_preview.jpg",
        "frameId": "0200",
        "height": -4.507984,
        "coords2D": "2D: (397928.399, 808234.079)",
        "coords3D_original": "3D_Original: (-793548.981, 426441.300, 0.000)",
        "coords3D": "3D: (5.486, 7.920, 0.265)",
        "coordsMtEden": "MtEden: (397928.399, 808234.079, -4.508)",
        "easting": 397928.39890468016,
        "northing": 808234.0786919502,
        "longitude": 174.74094997146824,
        "latitude": -36.80551473146838,
        "group": "R0 - Reddish (229 points)",
        "canvasX": 533.8320290187689,
        "canvasY": 306.93758543485364,
        "variant": "northing_easting_direct"
      }
    },
    {
      "type": "Feature",
      "geometry": {
        "type": "Point",
        "coordinates": [
          5.636623855505604,
          8.061189671396278,
          0.41016405512
        ]
      },
      "properties": {
        "id": "0_50",
        "camera": "R0 - Reddish (Point)",
        "frame": "0201",
        "image": "pano_camera0/frame_0201_hp_preview.jpg",
        "frameId": "0201",
        "height": -4.602404,
        "coords2D": "2D: (397928.549, 808234.220)",
        "coords3D_original": "3D_Original: (-793548.981, 426441.300, 0.000)",
        "coords3D": "3D: (5.637, 8.061, 0.410)",
        "coordsMtEden": "MtEden: (397928.549, 808234.220, -4.602)",
        "easting": 397928.5491238555,
        "northing": 808234.2201896714,
        "longitude": 174.74095165537832,
        "latitude": -36.805513456616694,
        "group": "R0 - Reddish (229 points)",
        "canvasX": 536.2929352505803,
        "canvasY": 304.61955497645147,
        "variant": "northing_easting_direct"
      }
    },
    {
      "type": "Feature",
      "geometry": {
        "type": "Point",
        "coordinates": [
          3.7840723683475517,
          6.107660802314058,
          0.19086614784
        ]
      },
      "properties": {
        "id": "0_51",
        "camera": "R0 - Reddish (Point)",
        "frame": "0226",
        "image": "pano_camera0/frame_0226_hp_preview.jpg",
        "frameId": "0226",
        "height": -3.365942,
        "coords2D": "2D: (397926.697, 808232.267)",
        "coords3D_original": "3D_Original: (-793548.981, 426441.300, 0.000)",
        "coords3D": "3D: (3.784, 6.108, 0.191)",
        "coordsMtEden": "MtEden: (397926.697, 808232.267, -3.366)",
        "easting": 397926.6965723683,
        "northing": 808232.2666608023,
        "longitude": 174.7409308882824,
        "latitude": -36.80553105780367,
        "group": "R0 - Reddish (229 points)",
        "canvasX": 505.94424315036036,
        "canvasY": 336.62246910270187,
        "variant": "northing_easting_direct"
      }
    },
    {
      "type": "Feature",
      "geometry": {
        "type": "Point",
        "coordinates": [
          0.9544184653786942,
          4.925608328776434,
          0.23640748788
        ]
      },
      "properties": {
        "id": "0_52",
        "camera": "R0 - Reddish (Point)",
        "frame": "0240",
        "image": "pano_camera0/frame_0240_hp_preview.jpg",
        "frameId": "0240",
        "height": -2.099824,
        "coords2D": "2D: (397923.867, 808231.085)",
        "coords3D_original": "3D_Original: (-793548.981, 426441.300, 0.000)",
        "coords3D": "3D: (0.954, 4.926, 0.236)",
        "coordsMtEden": "MtEden: (397923.867, 808231.085, -2.100)",
        "easting": 397923.86691846536,
        "northing": 808231.0846083288,
        "longitude": 174.7408991727663,
        "latitude": -36.80554170428435,
        "group": "R0 - Reddish (229 points)",
        "canvasX": 459.58855714141833,
        "canvasY": 355.9869762792572,
        "variant": "northing_easting_direct"
      }
    },
    {
      "type": "Feature",
      "geometry": {
        "type": "Point",
        "coordinates": [
          0.8825685186311603,
          4.797692355234176,
          0.21306103044
        ]
      },
      "properties": {
        "id": "0_53",
        "camera": "R0 - Reddish (Point)",
        "frame": "0241",
        "image": "pano_camera0/frame_0241_hp_preview.jpg",
        "frameId": "0241",
        "height": -2.033852,
        "coords2D": "2D: (397923.795, 808230.957)",
        "coords3D_original": "3D_Original: (-793548.981, 426441.300, 0.000)",
        "coords3D": "3D: (0.883, 4.798, 0.213)",
        "coordsMtEden": "MtEden: (397923.795, 808230.957, -2.034)",
        "easting": 397923.7950685186,
        "northing": 808230.9566923552,
        "longitude": 174.74089836718585,
        "latitude": -36.80554285690813,
        "group": "R0 - Reddish (229 points)",
        "canvasX": 458.411503803773,
        "canvasY": 358.08250912724253,
        "variant": "northing_easting_direct"
      }
    },
    {
      "type": "Feature",
      "geometry": {
        "type": "Point",
        "coordinates": [
          0.3124389901640825,
          4.498248802497983,
          0.20283137132
        ]
      },
      "properties": {
        "id": "0_54",
        "camera": "R0 - Reddish (Point)",
        "frame": "0242",
        "image": "pano_camera0/frame_0242_hp_preview.jpg",
        "frameId": "0242",
        "height": -1.757579,
        "coords2D": "2D: (397923.225, 808230.657)",
        "coords3D_original": "3D_Original: (-793548.981, 426441.300, 0.000)",
        "coords3D": "3D: (0.312, 4.498, 0.203)",
        "coordsMtEden": "MtEden: (397923.225, 808230.657, -1.758)",
        "easting": 397923.22493899014,
        "northing": 808230.6572488025,
        "longitude": 174.74089197685365,
        "latitude": -36.80554555424919,
        "group": "R0 - Reddish (229 points)",
        "canvasX": 449.07158227543187,
        "canvasY": 362.98802470875336,
        "variant": "northing_easting_direct"
      }
    },
    {
      "type": "Feature",
      "geometry": {
        "type": "Point",
        "coordinates": [
          0.26793823804473504,
          4.063914740108885,
          0.19613517688
        ]
      },
      "properties": {
        "id": "0_55",
        "camera": "R0 - Reddish (Point)",
        "frame": "0243",
        "image": "pano_camera0/frame_0243_hp_preview.jpg",
        "frameId": "0243",
        "height": -1.594036,
        "coords2D": "2D: (397923.180, 808230.223)",
        "coords3D_original": "3D_Original: (-793548.981, 426441.300, 0.000)",
        "coords3D": "3D: (0.268, 4.064, 0.196)",
        "coordsMtEden": "MtEden: (397923.180, 808230.223, -1.594)",
        "easting": 397923.180438238,
        "northing": 808230.2229147401,
        "longitude": 174.74089147694326,
        "latitude": -36.805549468378864,
        "group": "R0 - Reddish (229 points)",
        "canvasX": 448.3425663028892,
        "canvasY": 370.10333071772527,
        "variant": "northing_easting_direct"
      }
    },
    {
      "type": "Feature",
      "geometry": {
        "type": "Point",
        "coordinates": [
          0.635678660008125,
          3.778584540821612,
          0.184219166
        ]
      },
      "properties": {
        "id": "0_56",
        "camera": "R0 - Reddish (Point)",
        "frame": "0244",
        "image": "pano_camera0/frame_0244_hp_preview.jpg",
        "frameId": "0244",
        "height": -1.606932,
        "coords2D": "2D: (397923.548, 808229.938)",
        "coords3D_original": "3D_Original: (-793548.981, 426441.300, 0.000)",
        "coords3D": "3D: (0.636, 3.779, 0.184)",
        "coordsMtEden": "MtEden: (397923.548, 808229.938, -1.607)",
        "easting": 397923.54817866,
        "northing": 808229.9375845408,
        "longitude": 174.7408955974801,
        "latitude": -36.80555204058684,
        "group": "R0 - Reddish (229 points)",
        "canvasX": 454.3669283339424,
        "canvasY": 374.777639864996,
        "variant": "northing_easting_direct"
      }
    },
    {
      "type": "Feature",
      "geometry": {
        "type": "Point",
        "coordinates": [
          0.7774049355066381,
          3.599601655965671,
          0.17147966428
        ]
      },
      "properties": {
        "id": "0_57",
        "camera": "R0 - Reddish (Point)",
        "frame": "0245",
        "image": "pano_camera0/frame_0245_hp_preview.jpg",
        "frameId": "0245",
        "height": -1.588058,
        "coords2D": "2D: (397923.690, 808229.759)",
        "coords3D_original": "3D_Original: (-793548.981, 426441.300, 0.000)",
        "coords3D": "3D: (0.777, 3.600, 0.171)",
        "coordsMtEden": "MtEden: (397923.690, 808229.759, -1.588)",
        "easting": 397923.6899049355,
        "northing": 808229.758601656,
        "longitude": 174.74089718533696,
        "latitude": -36.80555365389496,
        "group": "R0 - Reddish (229 points)",
        "canvasX": 456.6887029928058,
        "canvasY": 377.70975619341425,
        "variant": "northing_easting_direct"
      }
    },
    {
      "type": "Feature",
      "geometry": {
        "type": "Point",
        "coordinates": [
          1.1265374982031062,
          3.1032418524846435,
          0.085711945
        ]
      },
      "properties": {
        "id": "0_58",
        "camera": "R0 - Reddish (Point)",
        "frame": "0246",
        "image": "pano_camera0/frame_0246_hp_preview.jpg",
        "frameId": "0246",
        "height": -1.522407,
        "coords2D": "2D: (397924.039, 808229.262)",
        "coords3D_original": "3D_Original: (-793548.981, 426441.300, 0.000)",
        "coords3D": "3D: (1.127, 3.103, 0.086)",
        "coordsMtEden": "MtEden: (397924.039, 808229.262, -1.522)",
        "easting": 397924.0390374982,
        "northing": 808229.2622418525,
        "longitude": 174.7409010967581,
        "latitude": -36.80555812786495,
        "group": "R0 - Reddish (229 points)",
        "canvasX": 462.4082291284349,
        "canvasY": 385.8411743755158,
        "variant": "northing_easting_direct"
      }
    },
    {
      "type": "Feature",
      "geometry": {
        "type": "Point",
        "coordinates": [
          1.4408761194208637,
          3.0389737613731995,
          0.10507218184
        ]
      },
      "properties": {
        "id": "0_59",
        "camera": "R0 - Reddish (Point)",
        "frame": "0247",
        "image": "pano_camera0/frame_0247_hp_preview.jpg",
        "frameId": "0247",
        "height": -1.595488,
        "coords2D": "2D: (397924.353, 808229.198)",
        "coords3D_original": "3D_Original: (-793548.981, 426441.300, 0.000)",
        "coords3D": "3D: (1.441, 3.039, 0.105)",
        "coordsMtEden": "MtEden: (397924.353, 808229.198, -1.595)",
        "easting": 397924.3533761194,
        "northing": 808229.1979737614,
        "longitude": 174.7409046194173,
        "latitude": -36.805558707739365,
        "group": "R0 - Reddish (229 points)",
        "canvasX": 467.5577572769122,
        "canvasY": 386.89402096340484,
        "variant": "northing_easting_direct"
      }
    },
    {
      "type": "Feature",
      "geometry": {
        "type": "Point",
        "coordinates": [
          1.8472143397666514,
          2.4630939881317317,
          0.10270341536
        ]
      },
      "properties": {
        "id": "0_60",
        "camera": "R0 - Reddish (Point)",
        "frame": "0248",
        "image": "pano_camera0/frame_0248_hp_preview.jpg",
        "frameId": "0248",
        "height": -1.519705,
        "coords2D": "2D: (397924.760, 808228.622)",
        "coords3D_original": "3D_Original: (-793548.981, 426441.300, 0.000)",
        "coords3D": "3D: (1.847, 2.463, 0.103)",
        "coordsMtEden": "MtEden: (397924.760, 808228.622, -1.520)",
        "easting": 397924.75971433974,
        "northing": 808228.6220939881,
        "longitude": 174.74090917173382,
        "latitude": -36.80556389847005,
        "group": "R0 - Reddish (229 points)",
        "canvasX": 474.2144324756389,
        "canvasY": 396.32814360133534,
        "variant": "northing_easting_direct"
      }
    },
    {
      "type": "Feature",
      "geometry": {
        "type": "Point",
        "coordinates": [
          1.8759933490073308,
          2.3791044865502045,
          0.09599409756
        ]
      },
      "properties": {
        "id": "0_61",
        "camera": "R0 - Reddish (Point)",
        "frame": "0249",
        "image": "pano_camera0/frame_0249_hp_preview.jpg",
        "frameId": "0249",
        "height": -1.499412,
        "coords2D": "2D: (397924.788, 808228.538)",
        "coords3D_original": "3D_Original: (-793548.981, 426441.300, 0.000)",
        "coords3D": "3D: (1.876, 2.379, 0.096)",
        "coordsMtEden": "MtEden: (397924.788, 808228.538, -1.499)",
        "easting": 397924.788493349,
        "northing": 808228.5381044865,
        "longitude": 174.74090949403507,
        "latitude": -36.80556465544817,
        "group": "R0 - Reddish (229 points)",
        "canvasX": 474.6858932130538,
        "canvasY": 397.704068395974,
        "variant": "northing_easting_direct"
      }
    },
    {
      "type": "Feature",
      "geometry": {
        "type": "Point",
        "coordinates": [
          2.214077518961858,
          0.7124275410315022,
          0.11384186716
        ]
      },
      "properties": {
        "id": "0_62",
        "camera": "R0 - Reddish (Point)",
        "frame": "0250",
        "image": "pano_camera0/frame_0250_hp_preview.jpg",
        "frameId": "0250",
        "height": -1.026091,
        "coords2D": "2D: (397925.127, 808226.871)",
        "coords3D_original": "3D_Original: (-793548.981, 426441.300, 0.000)",
        "coords3D": "3D: (2.214, 0.712, 0.114)",
        "coordsMtEden": "MtEden: (397925.127, 808226.871, -1.026)",
        "easting": 397925.12657751894,
        "northing": 808226.871427541,
        "longitude": 174.74091327844766,
        "latitude": -36.805579676315055,
        "group": "R0 - Reddish (229 points)",
        "canvasX": 480.22442342340236,
        "canvasY": 425.00774432593664,
        "variant": "northing_easting_direct"
      }
    },
    {
      "type": "Feature",
      "geometry": {
        "type": "Point",
        "coordinates": [
          2.2171005699201487,
          0.6818805560469627,
          0.1092191636
        ]
      },
      "properties": {
        "id": "0_63",
        "camera": "R0 - Reddish (Point)",
        "frame": "0251",
        "image": "pano_camera0/frame_0251_hp_preview.jpg",
        "frameId": "0251",
        "height": -1.016454,
        "coords2D": "2D: (397925.130, 808226.841)",
        "coords3D_original": "3D_Original: (-793548.981, 426441.300, 0.000)",
        "coords3D": "3D: (2.217, 0.682, 0.109)",
        "coordsMtEden": "MtEden: (397925.130, 808226.841, -1.016)",
        "easting": 397925.1296005699,
        "northing": 808226.840880556,
        "longitude": 174.74091331224415,
        "latitude": -36.80557995161171,
        "group": "R0 - Reddish (229 points)",
        "canvasX": 480.2739473605204,
        "canvasY": 425.5081682272554,
        "variant": "northing_easting_direct"
      }
    },
    {
      "type": "Feature",
      "geometry": {
        "type": "Point",
        "coordinates": [
          2.0965173696167767,
          -0.44194793689530343,
          0.15371391567999998
        ]
      },
      "properties": {
        "id": "0_64",
        "camera": "R0 - Reddish (Point)",
        "frame": "0252",
        "image": "pano_camera0/frame_0252_hp_preview.jpg",
        "frameId": "0252",
        "height": -0.591642,
        "coords2D": "2D: (397925.009, 808225.717)",
        "coords3D_original": "3D_Original: (-793548.981, 426441.300, 0.000)",
        "coords3D": "3D: (2.097, -0.442, 0.154)",
        "coordsMtEden": "MtEden: (397925.009, 808225.717, -0.592)",
        "easting": 397925.0090173696,
        "northing": 808225.7170520631,
        "longitude": 174.7409119577894,
        "latitude": -36.80559007931234,
        "group": "R0 - Reddish (229 points)",
        "canvasX": 478.2985407689895,
        "canvasY": 443.9188440680554,
        "variant": "northing_easting_direct"
      }
    },
    {
      "type": "Feature",
      "geometry": {
        "type": "Point",
        "coordinates": [
          1.5545565319480374,
          -1.5309706993866712,
          0.22676509912
        ]
      },
      "properties": {
        "id": "0_65",
        "camera": "R0 - Reddish (Point)",
        "frame": "0253",
        "image": "pano_camera0/frame_0253_hp_preview.jpg",
        "frameId": "0253",
        "height": -0.051124,
        "coords2D": "2D: (397924.467, 808224.628)",
        "coords3D_original": "3D_Original: (-793548.981, 426441.300, 0.000)",
        "coords3D": "3D: (1.555, -1.531, 0.227)",
        "coordsMtEden": "MtEden: (397924.467, 808224.628, -0.051)",
        "easting": 397924.4670565319,
        "northing": 808224.6280293006,
        "longitude": 174.74090588099185,
        "latitude": -36.80559989241946,
        "group": "R0 - Reddish (229 points)",
        "canvasX": 469.42008167742125,
        "canvasY": 461.7593287933606,
        "variant": "northing_easting_direct"
      }
    },
    {
      "type": "Feature",
      "geometry": {
        "type": "Point",
        "coordinates": [
          0.6416595231858082,
          -1.663105299230665,
          0.27519029751999996
        ]
      },
      "properties": {
        "id": "0_66",
        "camera": "R0 - Reddish (Point)",
        "frame": "0254",
        "image": "pano_camera0/frame_0254_hp_preview.jpg",
        "frameId": "0254",
        "height": 0.271249,
        "coords2D": "2D: (397923.554, 808224.496)",
        "coords3D_original": "3D_Original: (-793548.981, 426441.300, 0.000)",
        "coords3D": "3D: (0.642, -1.663, 0.275)",
        "coordsMtEden": "MtEden: (397923.554, 808224.496, 0.271)",
        "easting": 397923.55415952316,
        "northing": 808224.4958947008,
        "longitude": 174.74089564966883,
        "latitude": -36.805601081217674,
        "group": "R0 - Reddish (229 points)",
        "canvasX": 454.46490745989195,
        "canvasY": 463.9239716183979,
        "variant": "northing_easting_direct"
      }
    },
    {
      "type": "Feature",
      "geometry": {
        "type": "Point",
        "coordinates": [
          0.5646263677044772,
          -1.6101419102633372,
          0.26507874864000003
        ]
      },
      "properties": {
        "id": "0_67",
        "camera": "R0 - Reddish (Point)",
        "frame": "0255",
        "image": "pano_camera0/frame_0255_hp_preview.jpg",
        "frameId": "0255",
        "height": 0.276302,
        "coords2D": "2D: (397923.477, 808224.549)",
        "coords3D_original": "3D_Original: (-793548.981, 426441.300, 0.000)",
        "coords3D": "3D: (0.565, -1.610, 0.265)",
        "coordsMtEden": "MtEden: (397923.477, 808224.549, 0.276)",
        "easting": 397923.4771263677,
        "northing": 808224.5488580897,
        "longitude": 174.74089478649205,
        "latitude": -36.80560060374163,
        "group": "R0 - Reddish (229 points)",
        "canvasX": 453.20294225474225,
        "canvasY": 463.0563198438264,
        "variant": "northing_easting_direct"
      }
    },
    {
      "type": "Feature",
      "geometry": {
        "type": "Point",
        "coordinates": [
          0.3817929321085103,
          -0.40599154215306044,
          0.38254922484
        ]
      },
      "properties": {
        "id": "0_68",
        "camera": "R0 - Reddish (Point)",
        "frame": "0256",
        "image": "pano_camera0/frame_0256_hp_preview.jpg",
        "frameId": "0256",
        "height": -0.084286,
        "coords2D": "2D: (397923.294, 808225.753)",
        "coords3D_original": "3D_Original: (-793548.981, 426441.300, 0.000)",
        "coords3D": "3D: (0.382, -0.406, 0.383)",
        "coordsMtEden": "MtEden: (397923.294, 808225.753, -0.084)",
        "easting": 397923.2942929321,
        "northing": 808225.7530084578,
        "longitude": 174.74089274073665,
        "latitude": -36.80558975151349,
        "group": "R0 - Reddish (229 points)",
        "canvasX": 450.20774580206296,
        "canvasY": 443.3298026495107,
        "variant": "northing_easting_direct"
      }
    },
    {
      "type": "Feature",
      "geometry": {
        "type": "Point",
        "coordinates": [
          0.4236921667470597,
          0.06693113909568638,
          0.79190291248
        ]
      },
      "properties": {
        "id": "0_69",
        "camera": "R0 - Reddish (Point)",
        "frame": "0257",
        "image": "pano_camera0/frame_0257_hp_preview.jpg",
        "frameId": "0257",
        "height": -0.260372,
        "coords2D": "2D: (397923.336, 808226.226)",
        "coords3D_original": "3D_Original: (-793548.981, 426441.300, 0.000)",
        "coords3D": "3D: (0.424, 0.067, 0.792)",
        "coordsMtEden": "MtEden: (397923.336, 808226.226, -0.260)",
        "easting": 397923.3361921667,
        "northing": 808226.2259311391,
        "longitude": 174.7408932115969,
        "latitude": -36.80558548961672,
        "group": "R0 - Reddish (229 points)",
        "canvasX": 450.8941434433389,
        "canvasY": 435.58233385464337,
        "variant": "northing_easting_direct"
      }
    },
    {
      "type": "Feature",
      "geometry": {
        "type": "Point",
        "coordinates": [
          0.44060131948208436,
          0.24813533236738294,
          1.05686355088
        ]
      },
      "properties": {
        "id": "0_70",
        "camera": "R0 - Reddish (Point)",
        "frame": "0258",
        "image": "pano_camera0/frame_0258_hp_preview.jpg",
        "frameId": "0258",
        "height": -0.3281,
        "coords2D": "2D: (397923.353, 808226.407)",
        "coords3D_original": "3D_Original: (-793548.981, 426441.300, 0.000)",
        "coords3D": "3D: (0.441, 0.248, 1.057)",
        "coordsMtEden": "MtEden: (397923.353, 808226.407, -0.328)",
        "easting": 397923.35310131946,
        "northing": 808226.4071353324,
        "longitude": 174.7408934015943,
        "latitude": -36.80558385663799,
        "group": "R0 - Reddish (229 points)",
        "canvasX": 451.1711509506349,
        "canvasY": 432.61382781998907,
        "variant": "northing_easting_direct"
      }
    },
    {
      "type": "Feature",
      "geometry": {
        "type": "Point",
        "coordinates": [
          0.49291366658871993,
          0.563006839598529,
          1.29456697056
        ]
      },
      "properties": {
        "id": "0_71",
        "camera": "R0 - Reddish (Point)",
        "frame": "0259",
        "image": "pano_camera0/frame_0259_hp_preview.jpg",
        "frameId": "0259",
        "height": -0.452739,
        "coords2D": "2D: (397923.405, 808226.722)",
        "coords3D_original": "3D_Original: (-793548.981, 426441.300, 0.000)",
        "coords3D": "3D: (0.493, 0.563, 1.295)",
        "coordsMtEden": "MtEden: (397923.405, 808226.722, -0.453)",
        "easting": 397923.40541366657,
        "northing": 808226.7220068396,
        "longitude": 174.74089398872457,
        "latitude": -36.80558101912439,
        "group": "R0 - Reddish (229 points)",
        "canvasX": 452.02813728952526,
        "canvasY": 427.4555698752023,
        "variant": "northing_easting_direct"
      }
    },
    {
      "type": "Feature",
      "geometry": {
        "type": "Point",
        "coordinates": [
          0.5959650607546791,
          1.2721637829672545,
          2.1021654216
        ]
      },
      "properties": {
        "id": "0_72",
        "camera": "R0 - Reddish (Point)",
        "frame": "0260",
        "image": "pano_camera0/frame_0260_hp_preview.jpg",
        "frameId": "0260",
        "height": -0.728976,
        "coords2D": "2D: (397923.508, 808227.431)",
        "coords3D_original": "3D_Original: (-793548.981, 426441.300, 0.000)",
        "coords3D": "3D: (0.596, 1.272, 2.102)",
        "coordsMtEden": "MtEden: (397923.508, 808227.431, -0.729)",
        "easting": 397923.50846506073,
        "northing": 808227.431163783,
        "longitude": 174.74089514556937,
        "latitude": -36.805574628413815,
        "group": "R0 - Reddish (229 points)",
        "canvasX": 453.7163360000884,
        "canvasY": 415.8380867055867,
        "variant": "northing_easting_direct"
      }
    },
    {
      "type": "Feature",
      "geometry": {
        "type": "Point",
        "coordinates": [
          0.6007873745402321,
          1.2862173669273034,
          2.1108924559999998
        ]
      },
      "properties": {
        "id": "0_73",
        "camera": "R0 - Reddish (Point)",
        "frame": "0261",
        "image": "pano_camera0/frame_0261_hp_preview.jpg",
        "frameId": "0261",
        "height": -0.735293,
        "coords2D": "2D: (397923.513, 808227.445)",
        "coords3D_original": "3D_Original: (-793548.981, 426441.300, 0.000)",
        "coords3D": "3D: (0.601, 1.286, 2.111)",
        "coordsMtEden": "MtEden: (397923.513, 808227.445, -0.735)",
        "easting": 397923.5132873745,
        "northing": 808227.4452173669,
        "longitude": 174.74089519965204,
        "latitude": -36.805574501773215,
        "group": "R0 - Reddish (229 points)",
        "canvasX": 453.79533564796367,
        "canvasY": 415.60785942323326,
        "variant": "northing_easting_direct"
      }
    },
    {
      "type": "Feature",
      "geometry": {
        "type": "Point",
        "coordinates": [
          0.6379971749265678,
          2.0253191106021404,
          2.9480972072
        ]
      },
      "properties": {
        "id": "0_74",
        "camera": "R0 - Reddish (Point)",
        "frame": "0262",
        "image": "pano_camera0/frame_0262_hp_preview.jpg",
        "frameId": "0262",
        "height": -1.001917,
        "coords2D": "2D: (397923.550, 808228.184)",
        "coords3D_original": "3D_Original: (-793548.981, 426441.300, 0.000)",
        "coords3D": "3D: (0.638, 2.025, 2.948)",
        "coordsMtEden": "MtEden: (397923.550, 808228.184, -1.002)",
        "easting": 397923.5504971749,
        "northing": 808228.1843191106,
        "longitude": 174.74089561868283,
        "latitude": -36.8055678410551,
        "group": "R0 - Reddish (229 points)",
        "canvasX": 454.404910487414,
        "canvasY": 403.4998174044194,
        "variant": "northing_easting_direct"
      }
    },
    {
      "type": "Feature",
      "geometry": {
        "type": "Point",
        "coordinates": [
          0.6306462312932126,
          2.051524013862945,
          2.9784777856
        ]
      },
      "properties": {
        "id": "0_75",
        "camera": "R0 - Reddish (Point)",
        "frame": "0263",
        "image": "pano_camera0/frame_0263_hp_preview.jpg",
        "frameId": "0263",
        "height": -1.008742,
        "coords2D": "2D: (397923.543, 808228.211)",
        "coords3D_original": "3D_Original: (-793548.981, 426441.300, 0.000)",
        "coords3D": "3D: (0.631, 2.052, 2.978)",
        "coordsMtEden": "MtEden: (397923.543, 808228.211, -1.009)",
        "easting": 397923.54314623127,
        "northing": 808228.2105240138,
        "longitude": 174.74089553637126,
        "latitude": -36.80556760487986,
        "group": "R0 - Reddish (229 points)",
        "canvasX": 454.2844865604168,
        "canvasY": 403.0705259405332,
        "variant": "northing_easting_direct"
      }
    },
    {
      "type": "Feature",
      "geometry": {
        "type": "Point",
        "coordinates": [
          0.6596706453128718,
          2.430373751791194,
          3.44400273488
        ]
      },
      "properties": {
        "id": "0_76",
        "camera": "R0 - Reddish (Point)",
        "frame": "0264",
        "image": "pano_camera0/frame_0264_hp_preview.jpg",
        "frameId": "0264",
        "height": -1.148425,
        "coords2D": "2D: (397923.572, 808228.589)",
        "coords3D_original": "3D_Original: (-793548.981, 426441.300, 0.000)",
        "coords3D": "3D: (0.660, 2.430, 3.444)",
        "coordsMtEden": "MtEden: (397923.572, 808228.589, -1.148)",
        "easting": 397923.5721706453,
        "northing": 808228.5893737518,
        "longitude": 174.74089586268485,
        "latitude": -36.805564190742096,
        "group": "R0 - Reddish (229 points)",
        "canvasX": 454.759967545035,
        "canvasY": 396.86416993293875,
        "variant": "northing_easting_direct"
      }
    },
    {
      "type": "Feature",
      "geometry": {
        "type": "Point",
        "coordinates": [
          0.6963412842596881,
          3.003791236318648,
          4.01808083724
        ]
      },
      "properties": {
        "id": "0_77",
        "camera": "R0 - Reddish (Point)",
        "frame": "0265",
        "image": "pano_camera0/frame_0265_hp_preview.jpg",
        "frameId": "0265",
        "height": -1.357645,
        "coords2D": "2D: (397923.609, 808229.163)",
        "coords3D_original": "3D_Original: (-793548.981, 426441.300, 0.000)",
        "coords3D": "3D: (0.696, 3.004, 4.018)",
        "coordsMtEden": "MtEden: (397923.609, 808229.163, -1.358)",
        "easting": 397923.60884128424,
        "northing": 808229.1627912363,
        "longitude": 174.74089627522127,
        "latitude": -36.80555902317265,
        "group": "R0 - Reddish (229 points)",
        "canvasX": 455.36070978465176,
        "canvasY": 387.4703847659503,
        "variant": "northing_easting_direct"
      }
    },
    {
      "type": "Feature",
      "geometry": {
        "type": "Point",
        "coordinates": [
          0.9504649578593671,
          3.4401623584562913,
          4.45124029992
        ]
      },
      "properties": {
        "id": "0_78",
        "camera": "R0 - Reddish (Point)",
        "frame": "0266",
        "image": "pano_camera0/frame_0266_hp_preview.jpg",
        "frameId": "0266",
        "height": -1.585434,
        "coords2D": "2D: (397923.863, 808229.599)",
        "coords3D_original": "3D_Original: (-793548.981, 426441.300, 0.000)",
        "coords3D": "3D: (0.950, 3.440, 4.451)",
        "coordsMtEden": "MtEden: (397923.863, 808229.599, -1.585)",
        "easting": 397923.86296495784,
        "northing": 808229.5991623584,
        "longitude": 174.7408991244086,
        "latitude": -36.80555509114456,
        "group": "R0 - Reddish (229 points)",
        "canvasX": 459.5237903686715,
        "canvasY": 380.32170743142535,
        "variant": "northing_easting_direct"
      }
    },
    {
      "type": "Feature",
      "geometry": {
        "type": "Point",
        "coordinates": [
          1.2755218929378316,
          3.761578158242628,
          4.6933400452
        ]
      },
      "properties": {
        "id": "0_79",
        "camera": "R0 - Reddish (Point)",
        "frame": "0267",
        "image": "pano_camera0/frame_0267_hp_preview.jpg",
        "frameId": "0267",
        "height": -1.79501,
        "coords2D": "2D: (397924.188, 808229.921)",
        "coords3D_original": "3D_Original: (-793548.981, 426441.300, 0.000)",
        "coords3D": "3D: (1.276, 3.762, 4.693)",
        "coordsMtEden": "MtEden: (397924.188, 808229.921, -1.795)",
        "easting": 397924.1880218929,
        "northing": 808229.9205781582,
        "longitude": 174.74090276824063,
        "latitude": -36.805552195251586,
        "group": "R0 - Reddish (229 points)",
        "canvasX": 464.84890705508184,
        "canvasY": 375.05624020356436,
        "variant": "northing_easting_direct"
      }
    },
    {
      "type": "Feature",
      "geometry": {
        "type": "Point",
        "coordinates": [
          1.939450399018824,
          3.845133711816743,
          4.667923377719999
        ]
      },
      "properties": {
        "id": "0_80",
        "camera": "R0 - Reddish (Point)",
        "frame": "0268",
        "image": "pano_camera0/frame_0268_hp_preview.jpg",
        "frameId": "0268",
        "height": -2.025131,
        "coords2D": "2D: (397924.852, 808230.004)",
        "coords3D_original": "3D_Original: (-793548.981, 426441.300, 0.000)",
        "coords3D": "3D: (1.939, 3.845, 4.668)",
        "coordsMtEden": "MtEden: (397924.852, 808230.004, -2.025)",
        "easting": 397924.851950399,
        "northing": 808230.0041337118,
        "longitude": 174.74091020920207,
        "latitude": -36.8055514437025,
        "group": "R0 - Reddish (229 points)",
        "canvasX": 475.725453238867,
        "canvasY": 373.68742439046366,
        "variant": "northing_easting_direct"
      }
    },
    {
      "type": "Feature",
      "geometry": {
        "type": "Point",
        "coordinates": [
          3.073932476574555,
          3.8947851135162637,
          4.6820703598
        ]
      },
      "properties": {
        "id": "0_81",
        "camera": "R0 - Reddish (Point)",
        "frame": "0269",
        "image": "pano_camera0/frame_0269_hp_preview.jpg",
        "frameId": "0269",
        "height": -2.386176,
        "coords2D": "2D: (397925.986, 808230.054)",
        "coords3D_original": "3D_Original: (-793548.981, 426441.300, 0.000)",
        "coords3D": "3D: (3.074, 3.895, 4.682)",
        "coordsMtEden": "MtEden: (397925.986, 808230.054, -2.386)",
        "easting": 397925.98643247655,
        "northing": 808230.0537851135,
        "longitude": 174.74092292362639,
        "latitude": -36.80555099872861,
        "group": "R0 - Reddish (229 points)",
        "canvasX": 494.3106572157402,
        "canvasY": 372.87402993841783,
        "variant": "northing_easting_direct"
      }
    },
    {
      "type": "Feature",
      "geometry": {
        "type": "Point",
        "coordinates": [
          3.6006979907979257,
          3.87591129692737,
          4.73750343244
        ]
      },
      "properties": {
        "id": "0_82",
        "camera": "R0 - Reddish (Point)",
        "frame": "0270",
        "image": "pano_camera0/frame_0270_hp_preview.jpg",
        "frameId": "0270",
        "height": -2.539332,
        "coords2D": "2D: (397926.513, 808230.035)",
        "coords3D_original": "3D_Original: (-793548.981, 426441.300, 0.000)",
        "coords3D": "3D: (3.601, 3.876, 4.738)",
        "coordsMtEden": "MtEden: (397926.513, 808230.035, -2.539)",
        "easting": 397926.5131979908,
        "northing": 808230.0349112969,
        "longitude": 174.740928827105,
        "latitude": -36.805551169973455,
        "group": "R0 - Reddish (229 points)",
        "canvasX": 502.94018493017313,
        "canvasY": 373.1832227733851,
        "variant": "northing_easting_direct"
      }
    },
    {
      "type": "Feature",
      "geometry": {
        "type": "Point",
        "coordinates": [
          4.576343328226358,
          3.7658706036163494,
          4.7113846652
        ]
      },
      "properties": {
        "id": "0_83",
        "camera": "R0 - Reddish (Point)",
        "frame": "0271",
        "image": "pano_camera0/frame_0271_hp_preview.jpg",
        "frameId": "0271",
        "height": -2.797059,
        "coords2D": "2D: (397927.489, 808229.925)",
        "coords3D_original": "3D_Original: (-793548.981, 426441.300, 0.000)",
        "coords3D": "3D: (4.576, 3.766, 4.711)",
        "coordsMtEden": "MtEden: (397927.489, 808229.925, -2.797)",
        "easting": 397927.4888433282,
        "northing": 808229.9248706036,
        "longitude": 174.7409397609904,
        "latitude": -36.805552163798325,
        "group": "R0 - Reddish (229 points)",
        "canvasX": 518.9233088268305,
        "canvasY": 374.9859209139707,
        "variant": "northing_easting_direct"
      }
    },
    {
      "type": "Feature",
      "geometry": {
        "type": "Point",
        "coordinates": [
          5.490474778693169,
          3.6760003560921177,
          4.71719503284
        ]
      },
      "properties": {
        "id": "0_84",
        "camera": "R0 - Reddish (Point)",
        "frame": "0272",
        "image": "pano_camera0/frame_0272_hp_preview.jpg",
        "frameId": "0272",
        "height": -3.043108,
        "coords2D": "2D: (397928.403, 808229.835)",
        "coords3D_original": "3D_Original: (-793548.981, 426441.300, 0.000)",
        "coords3D": "3D: (5.490, 3.676, 4.717)",
        "coordsMtEden": "MtEden: (397928.403, 808229.835, -3.043)",
        "easting": 397928.40297477867,
        "northing": 808229.8350003561,
        "longitude": 174.74095000553677,
        "latitude": -36.80555297571114,
        "group": "R0 - Reddish (229 points)",
        "canvasX": 533.8987057982827,
        "canvasY": 376.45818470210844,
        "variant": "northing_easting_direct"
      }
    },
    {
      "type": "Feature",
      "geometry": {
        "type": "Point",
        "coordinates": [
          6.000151266984176,
          3.647919444483705,
          4.74715566372
        ]
      },
      "properties": {
        "id": "0_85",
        "camera": "R0 - Reddish (Point)",
        "frame": "0273",
        "image": "pano_camera0/frame_0273_hp_preview.jpg",
        "frameId": "0273",
        "height": -3.187903,
        "coords2D": "2D: (397928.913, 808229.807)",
        "coords3D_original": "3D_Original: (-793548.981, 426441.300, 0.000)",
        "coords3D": "3D: (6.000, 3.648, 4.747)",
        "coordsMtEden": "MtEden: (397928.913, 808229.807, -3.188)",
        "easting": 397928.91265126696,
        "northing": 808229.8069194445,
        "longitude": 174.74095571747162,
        "latitude": -36.805553229891785,
        "group": "R0 - Reddish (229 points)",
        "canvasX": 542.2482793030256,
        "canvasY": 376.9182091318177,
        "variant": "northing_easting_direct"
      }
    },
    {
      "type": "Feature",
      "geometry": {
        "type": "Point",
        "coordinates": [
          7.602982140611857,
          3.5187677063513547,
          4.7212239043599995
        ]
      },
      "properties": {
        "id": "0_86",
        "camera": "R0 - Reddish (Point)",
        "frame": "0274",
        "image": "pano_camera0/frame_0274_hp_preview.jpg",
        "frameId": "0274",
        "height": -3.629144,
        "coords2D": "2D: (397930.515, 808229.678)",
        "coords3D_original": "3D_Original: (-793548.981, 426441.300, 0.000)",
        "coords3D": "3D: (7.603, 3.519, 4.721)",
        "coordsMtEden": "MtEden: (397930.515, 808229.678, -3.629)",
        "easting": 397930.5154821406,
        "northing": 808229.6777677063,
        "longitude": 174.74097368025636,
        "latitude": -36.805554397314225,
        "group": "R0 - Reddish (229 points)",
        "canvasX": 568.5060222112223,
        "canvasY": 379.0339864055173,
        "variant": "northing_easting_direct"
      }
    },
    {
      "type": "Feature",
      "geometry": {
        "type": "Point",
        "coordinates": [
          7.779216288297903,
          3.525719722150825,
          4.73253624068
        ]
      },
      "properties": {
        "id": "0_87",
        "camera": "R0 - Reddish (Point)",
        "frame": "0275",
        "image": "pano_camera0/frame_0275_hp_preview.jpg",
        "frameId": "0275",
        "height": -3.684967,
        "coords2D": "2D: (397930.692, 808229.685)",
        "coords3D_original": "3D_Original: (-793548.981, 426441.300, 0.000)",
        "coords3D": "3D: (7.779, 3.526, 4.733)",
        "coordsMtEden": "MtEden: (397930.692, 808229.685, -3.685)",
        "easting": 397930.6917162883,
        "northing": 808229.6847197221,
        "longitude": 174.74097565535448,
        "latitude": -36.80555433504767,
        "group": "R0 - Reddish (229 points)",
        "canvasX": 571.3931084395432,
        "canvasY": 378.92009775524997,
        "variant": "northing_easting_direct"
      }
    },
    {
      "type": "Feature",
      "geometry": {
        "type": "Point",
        "coordinates": [
          9.084960972017143,
          3.4449924083892256,
          4.73524621452
        ]
      },
      "properties": {
        "id": "0_88",
        "camera": "R0 - Reddish (Point)",
        "frame": "0276",
        "image": "pano_camera0/frame_0276_hp_preview.jpg",
        "frameId": "0276",
        "height": -4.052883,
        "coords2D": "2D: (397931.997, 808229.604)",
        "coords3D_original": "3D_Original: (-793548.981, 426441.300, 0.000)",
        "coords3D": "3D: (9.085, 3.445, 4.735)",
        "coordsMtEden": "MtEden: (397931.997, 808229.604, -4.053)",
        "easting": 397931.997460972,
        "northing": 808229.6039924084,
        "longitude": 174.74099028878732,
        "latitude": -36.805555065416435,
        "group": "R0 - Reddish (229 points)",
        "canvasX": 592.7839543313232,
        "canvasY": 380.2425810488713,
        "variant": "northing_easting_direct"
      }
    },
    {
      "type": "Feature",
      "geometry": {
        "type": "Point",
        "coordinates": [
          9.494122371077538,
          3.45014867791906,
          4.7503938528
        ]
      },
      "properties": {
        "id": "0_89",
        "camera": "R0 - Reddish (Point)",
        "frame": "0277",
        "image": "pano_camera0/frame_0277_hp_preview.jpg",
        "frameId": "0277",
        "height": -4.178692,
        "coords2D": "2D: (397932.407, 808229.609)",
        "coords3D_original": "3D_Original: (-793548.981, 426441.300, 0.000)",
        "coords3D": "3D: (9.494, 3.450, 4.750)",
        "coordsMtEden": "MtEden: (397932.407, 808229.609, -4.179)",
        "easting": 397932.40662237105,
        "northing": 808229.6091486779,
        "longitude": 174.74099487432687,
        "latitude": -36.805555019841535,
        "group": "R0 - Reddish (229 points)",
        "canvasX": 599.4868791383523,
        "canvasY": 380.1581105025528,
        "variant": "northing_easting_direct"
      }
    },
    {
      "type": "Feature",
      "geometry": {
        "type": "Point",
        "coordinates": [
          10.762863669602666,
          3.5024123556213453,
          4.798392542
        ]
      },
      "properties": {
        "id": "0_90",
        "camera": "R0 - Reddish (Point)",
        "frame": "0278",
        "image": "pano_camera0/frame_0278_hp_preview.jpg",
        "frameId": "0278",
        "height": -4.581337,
        "coords2D": "2D: (397933.675, 808229.661)",
        "coords3D_original": "3D_Original: (-793548.981, 426441.300, 0.000)",
        "coords3D": "3D: (10.763, 3.502, 4.798)",
        "coordsMtEden": "MtEden: (397933.675, 808229.661, -4.581)",
        "easting": 397933.6753636696,
        "northing": 808229.6614123556,
        "longitude": 174.7410090934191,
        "latitude": -36.8055545516097,
        "group": "R0 - Reddish (229 points)",
        "canvasX": 620.2715317058178,
        "canvasY": 379.3019214714382,
        "variant": "northing_easting_direct"
      }
    },
    {
      "type": "Feature",
      "geometry": {
        "type": "Point",
        "coordinates": [
          11.394467292819172,
          3.4333266427274793,
          4.78560382768
        ]
      },
      "properties": {
        "id": "0_91",
        "camera": "R0 - Reddish (Point)",
        "frame": "0279",
        "image": "pano_camera0/frame_0279_hp_preview.jpg",
        "frameId": "0279",
        "height": -4.748925,
        "coords2D": "2D: (397934.307, 808229.592)",
        "coords3D_original": "3D_Original: (-793548.981, 426441.300, 0.000)",
        "coords3D": "3D: (11.394, 3.433, 4.786)",
        "coordsMtEden": "MtEden: (397934.307, 808229.592, -4.749)",
        "easting": 397934.3069672928,
        "northing": 808229.5923266427,
        "longitude": 174.74101617169643,
        "latitude": -36.80555517558961,
        "group": "R0 - Reddish (229 points)",
        "canvasX": 630.6185282805741,
        "canvasY": 380.43369084138374,
        "variant": "northing_easting_direct"
      }
    },
    {
      "type": "Feature",
      "geometry": {
        "type": "Point",
        "coordinates": [
          13.069156851095613,
          3.3973199640167877,
          4.79186695124
        ]
      },
      "properties": {
        "id": "0_92",
        "camera": "R0 - Reddish (Point)",
        "frame": "0280",
        "image": "pano_camera0/frame_0280_hp_preview.jpg",
        "frameId": "0280",
        "height": -5.244128,
        "coords2D": "2D: (397935.982, 808229.556)",
        "coords3D_original": "3D_Original: (-793548.981, 426441.300, 0.000)",
        "coords3D": "3D: (13.069, 3.397, 4.792)",
        "coordsMtEden": "MtEden: (397935.982, 808229.556, -5.244)",
        "easting": 397935.9816568511,
        "northing": 808229.556319964,
        "longitude": 174.7410349400648,
        "latitude": -36.80555550373441,
        "group": "R0 - Reddish (229 points)",
        "canvasX": 658.0534676712705,
        "canvasY": 381.0235560152958,
        "variant": "northing_easting_direct"
      }
    },
    {
      "type": "Feature",
      "geometry": {
        "type": "Point",
        "coordinates": [
          13.370733403717168,
          3.366734071751125,
          4.78295290896
        ]
      },
      "properties": {
        "id": "0_93",
        "camera": "R0 - Reddish (Point)",
        "frame": "0281",
        "image": "pano_camera0/frame_0281_hp_preview.jpg",
        "frameId": "0281",
        "height": -5.324977,
        "coords2D": "2D: (397936.283, 808229.526)",
        "coords3D_original": "3D_Original: (-793548.981, 426441.300, 0.000)",
        "coords3D": "3D: (13.371, 3.367, 4.783)",
        "coordsMtEden": "MtEden: (397936.283, 808229.526, -5.325)",
        "easting": 397936.2832334037,
        "northing": 808229.5257340717,
        "longitude": 174.74103831978994,
        "latitude": -36.80555578003241,
        "group": "R0 - Reddish (229 points)",
        "canvasX": 662.9939262781165,
        "canvasY": 381.52461729803986,
        "variant": "northing_easting_direct"
      }
    },
    {
      "type": "Feature",
      "geometry": {
        "type": "Point",
        "coordinates": [
          13.838877737813164,
          3.395083351060748,
          4.76470815772
        ]
      },
      "properties": {
        "id": "0_94",
        "camera": "R0 - Reddish (Point)",
        "frame": "0282",
        "image": "pano_camera0/frame_0282_hp_preview.jpg",
        "frameId": "0282",
        "height": -5.476678,
        "coords2D": "2D: (397936.751, 808229.554)",
        "coords3D_original": "3D_Original: (-793548.981, 426441.300, 0.000)",
        "coords3D": "3D: (13.839, 3.395, 4.765)",
        "coordsMtEden": "MtEden: (397936.751, 808229.554, -5.477)",
        "easting": 397936.7513777378,
        "northing": 808229.554083351,
        "longitude": 174.74104356642187,
        "latitude": -36.805555525568316,
        "group": "R0 - Reddish (229 points)",
        "canvasX": 670.6631156921865,
        "canvasY": 381.0601964424228,
        "variant": "northing_easting_direct"
      }
    },
    {
      "type": "Feature",
      "geometry": {
        "type": "Point",
        "coordinates": [
          14.305698141164612,
          3.662391077610664,
          4.75363532272
        ]
      },
      "properties": {
        "id": "0_95",
        "camera": "R0 - Reddish (Point)",
        "frame": "0283",
        "image": "pano_camera0/frame_0283_hp_preview.jpg",
        "frameId": "0283",
        "height": -5.710533,
        "coords2D": "2D: (397937.218, 808229.821)",
        "coords3D_original": "3D_Original: (-793548.981, 426441.300, 0.000)",
        "coords3D": "3D: (14.306, 3.662, 4.754)",
        "coordsMtEden": "MtEden: (397937.218, 808229.821, -5.711)",
        "easting": 397937.21819814114,
        "northing": 808229.8213910776,
        "longitude": 174.74104879886366,
        "latitude": -36.805553117602784,
        "group": "R0 - Reddish (229 points)",
        "canvasX": 678.3106163347543,
        "canvasY": 376.68113332613405,
        "variant": "northing_easting_direct"
      }
    },
    {
      "type": "Feature",
      "geometry": {
        "type": "Point",
        "coordinates": [
          14.577715268766042,
          4.549497724045068,
          4.71833020348
        ]
      },
      "properties": {
        "id": "0_96",
        "camera": "R0 - Reddish (Point)",
        "frame": "0284",
        "image": "pano_camera0/frame_0284_hp_preview.jpg",
        "frameId": "0284",
        "height": -6.099466,
        "coords2D": "2D: (397937.490, 808230.708)",
        "coords3D_original": "3D_Original: (-793548.981, 426441.300, 0.000)",
        "coords3D": "3D: (14.578, 4.549, 4.718)",
        "coordsMtEden": "MtEden: (397937.490, 808230.708, -6.099)",
        "easting": 397937.49021526874,
        "northing": 808230.708497724,
        "longitude": 174.7410518497982,
        "latitude": -36.80554512357241,
        "group": "R0 - Reddish (229 points)",
        "canvasX": 682.7668293519743,
        "canvasY": 362.1484595183039,
        "variant": "northing_easting_direct"
      }
    },
    {
      "type": "Feature",
      "geometry": {
        "type": "Point",
        "coordinates": [
          14.555875985359307,
          4.646351612987928,
          4.71009529508
        ]
      },
      "properties": {
        "id": "0_97",
        "camera": "R0 - Reddish (Point)",
        "frame": "0285",
        "image": "pano_camera0/frame_0285_hp_preview.jpg",
        "frameId": "0285",
        "height": -6.126307,
        "coords2D": "2D: (397937.468, 808230.805)",
        "coords3D_original": "3D_Original: (-793548.981, 426441.300, 0.000)",
        "coords3D": "3D: (14.556, 4.646, 4.710)",
        "coordsMtEden": "MtEden: (397937.468, 808230.805, -6.126)",
        "easting": 397937.46837598534,
        "northing": 808230.805351613,
        "longitude": 174.74105160530485,
        "latitude": -36.805544250675645,
        "group": "R0 - Reddish (229 points)",
        "canvasX": 682.409055928097,
        "canvasY": 360.56178898603,
        "variant": "northing_easting_direct"
      }
    },
    {
      "type": "Feature",
      "geometry": {
        "type": "Point",
        "coordinates": [
          14.440369302290492,
          5.349608698859811,
          4.70476064924
        ]
      },
      "properties": {
        "id": "0_98",
        "camera": "R0 - Reddish (Point)",
        "frame": "0286",
        "image": "pano_camera0/frame_0286_hp_preview.jpg",
        "frameId": "0286",
        "height": -6.334255,
        "coords2D": "2D: (397937.353, 808231.509)",
        "coords3D_original": "3D_Original: (-793548.981, 426441.300, 0.000)",
        "coords3D": "3D: (14.440, 5.350, 4.705)",
        "coordsMtEden": "MtEden: (397937.353, 808231.509, -6.334)",
        "easting": 397937.35286930227,
        "northing": 808231.5086086988,
        "longitude": 174.7410503127115,
        "latitude": -36.80553791265709,
        "group": "R0 - Reddish (229 points)",
        "canvasX": 680.516813372161,
        "canvasY": 349.04095789772157,
        "variant": "northing_easting_direct"
      }
    },
    {
      "type": "Feature",
      "geometry": {
        "type": "Point",
        "coordinates": [
          14.126899035065435,
          5.653120234259404,
          4.75340238308
        ]
      },
      "properties": {
        "id": "0_99",
        "camera": "R0 - Reddish (Point)",
        "frame": "0287",
        "image": "pano_camera0/frame_0287_hp_preview.jpg",
        "frameId": "0287",
        "height": -6.344091,
        "coords2D": "2D: (397937.039, 808231.812)",
        "coords3D_original": "3D_Original: (-793548.981, 426441.300, 0.000)",
        "coords3D": "3D: (14.127, 5.653, 4.753)",
        "coordsMtEden": "MtEden: (397937.039, 808231.812, -6.344)",
        "easting": 397937.03939903504,
        "northing": 808231.8121202342,
        "longitude": 174.74104680043212,
        "latitude": -36.80553517672214,
        "group": "R0 - Reddish (229 points)",
        "canvasX": 675.3815106889263,
        "canvasY": 344.0688001996128,
        "variant": "northing_easting_direct"
      }
    },
    {
      "type": "Feature",
      "geometry": {
        "type": "Point",
        "coordinates": [
          13.725209749536589,
          6.056491474271752,
          4.784704877519999
        ]
      },
      "properties": {
        "id": "0_100",
        "camera": "R0 - Reddish (Point)",
        "frame": "0288",
        "image": "pano_camera0/frame_0288_hp_preview.jpg",
        "frameId": "0288",
        "height": -6.361685,
        "coords2D": "2D: (397936.638, 808232.215)",
        "coords3D_original": "3D_Original: (-793548.981, 426441.300, 0.000)",
        "coords3D": "3D: (13.725, 6.056, 4.785)",
        "coordsMtEden": "MtEden: (397936.638, 808232.215, -6.362)",
        "easting": 397936.6377097495,
        "northing": 808232.2154914743,
        "longitude": 174.74104229974176,
        "latitude": -36.805531540657206,
        "group": "R0 - Reddish (229 points)",
        "canvasX": 668.8009948275978,
        "canvasY": 337.46073038347345,
        "variant": "northing_easting_direct"
      }
    },
    {
      "type": "Feature",
      "geometry": {
        "type": "Point",
        "coordinates": [
          13.584238039969932,
          6.404376477119513,
          4.80235907756
        ]
      },
      "properties": {
        "id": "0_101",
        "camera": "R0 - Reddish (Point)",
        "frame": "0289",
        "image": "pano_camera0/frame_0289_hp_preview.jpg",
        "frameId": "0289",
        "height": -6.43914,
        "coords2D": "2D: (397936.497, 808232.563)",
        "coords3D_original": "3D_Original: (-793548.981, 426441.300, 0.000)",
        "coords3D": "3D: (13.584, 6.404, 4.802)",
        "coordsMtEden": "MtEden: (397936.497, 808232.563, -6.439)",
        "easting": 397936.49673803995,
        "northing": 808232.5633764771,
        "longitude": 174.74104072079652,
        "latitude": -36.805528405203376,
        "group": "R0 - Reddish (229 points)",
        "canvasX": 666.4915815464583,
        "canvasY": 331.76164190416074,
        "variant": "northing_easting_direct"
      }
    },
    {
      "type": "Feature",
      "geometry": {
        "type": "Point",
        "coordinates": [
          13.780624909268226,
          6.970169196254574,
          4.7928479224
        ]
      },
      "properties": {
        "id": "0_102",
        "camera": "R0 - Reddish (Point)",
        "frame": "0290",
        "image": "pano_camera0/frame_0290_hp_preview.jpg",
        "frameId": "0290",
        "height": -6.69414,
        "coords2D": "2D: (397936.693, 808233.129)",
        "coords3D_original": "3D_Original: (-793548.981, 426441.300, 0.000)",
        "coords3D": "3D: (13.781, 6.970, 4.793)",
        "coordsMtEden": "MtEden: (397936.693, 808233.129, -6.694)",
        "easting": 397936.69312490924,
        "northing": 808233.1291691962,
        "longitude": 174.74104292326237,
        "latitude": -36.80552330669597,
        "group": "R0 - Reddish (229 points)",
        "canvasX": 669.7088117666754,
        "canvasY": 322.4927664398613,
        "variant": "northing_easting_direct"
      }
    },
    {
      "type": "Feature",
      "geometry": {
        "type": "Point",
        "coordinates": [
          14.4196034988272,
          7.998292191768996,
          4.75203755364
        ]
      },
      "properties": {
        "id": "0_103",
        "camera": "R0 - Reddish (Point)",
        "frame": "0291",
        "image": "pano_camera0/frame_0291_hp_preview.jpg",
        "frameId": "0291",
        "height": -7.243027,
        "coords2D": "2D: (397937.332, 808234.157)",
        "coords3D_original": "3D_Original: (-793548.981, 426441.300, 0.000)",
        "coords3D": "3D: (14.420, 7.998, 4.752)",
        "coordsMtEden": "MtEden: (397937.332, 808234.157, -7.243)",
        "easting": 397937.3321034988,
        "northing": 808234.1572921918,
        "longitude": 174.7410500871615,
        "latitude": -36.80551404262298,
        "group": "R0 - Reddish (229 points)",
        "canvasX": 680.176625810001,
        "canvasY": 305.64994806188923,
        "variant": "northing_easting_direct"
      }
    },
    {
      "type": "Feature",
      "geometry": {
        "type": "Point",
        "coordinates": [
          14.622651135956403,
          8.437313234317116,
          4.748048052200001
        ]
      },
      "properties": {
        "id": "0_104",
        "camera": "R0 - Reddish (Point)",
        "frame": "0292",
        "image": "pano_camera0/frame_0292_hp_preview.jpg",
        "frameId": "0292",
        "height": -7.456249,
        "coords2D": "2D: (397937.535, 808234.596)",
        "coords3D_original": "3D_Original: (-793548.981, 426441.300, 0.000)",
        "coords3D": "3D: (14.623, 8.437, 4.748)",
        "coordsMtEden": "MtEden: (397937.535, 808234.596, -7.456)",
        "easting": 397937.53515113593,
        "northing": 808234.5963132343,
        "longitude": 174.741052363931,
        "latitude": -36.805510086598794,
        "group": "R0 - Reddish (229 points)",
        "canvasX": 683.5029734251793,
        "canvasY": 298.4578594557506,
        "variant": "northing_easting_direct"
      }
    },
    {
      "type": "Feature",
      "geometry": {
        "type": "Point",
        "coordinates": [
          14.810721343674231,
          8.786505738506094,
          4.7284450332
        ]
      },
      "properties": {
        "id": "0_105",
        "camera": "R0 - Reddish (Point)",
        "frame": "0293",
        "image": "pano_camera0/frame_0293_hp_preview.jpg",
        "frameId": "0293",
        "height": -7.633897,
        "coords2D": "2D: (397937.723, 808234.946)",
        "coords3D_original": "3D_Original: (-793548.981, 426441.300, 0.000)",
        "coords3D": "3D: (14.811, 8.787, 4.728)",
        "coordsMtEden": "MtEden: (397937.723, 808234.946, -7.634)",
        "easting": 397937.72322134365,
        "northing": 808234.9455057385,
        "longitude": 174.74105447260305,
        "latitude": -36.80550694007854,
        "group": "R0 - Reddish (229 points)",
        "canvasX": 686.5839592257848,
        "canvasY": 292.7373513513261,
        "variant": "northing_easting_direct"
      }
    },
    {
      "type": "Feature",
      "geometry": {
        "type": "Point",
        "coordinates": [
          14.710980932868551,
          10.176080293487757,
          4.67520684252
        ]
      },
      "properties": {
        "id": "0_106",
        "camera": "R0 - Reddish (Point)",
        "frame": "0294",
        "image": "pano_camera0/frame_0294_hp_preview.jpg",
        "frameId": "0294",
        "height": -8.083733,
        "coords2D": "2D: (397937.623, 808236.335)",
        "coords3D_original": "3D_Original: (-793548.981, 426441.300, 0.000)",
        "coords3D": "3D: (14.711, 10.176, 4.675)",
        "coordsMtEden": "MtEden: (397937.623, 808236.335, -8.084)",
        "easting": 397937.62348093285,
        "northing": 808236.3350802935,
        "longitude": 174.74105335856356,
        "latitude": -36.80549441698743,
        "group": "R0 - Reddish (229 points)",
        "canvasX": 684.9500013904134,
        "canvasY": 269.9731957465702,
        "variant": "northing_easting_direct"
      }
    },
    {
      "type": "Feature",
      "geometry": {
        "type": "Point",
        "coordinates": [
          14.647230549016967,
          10.268419765401632,
          4.67918978228
        ]
      },
      "properties": {
        "id": "0_107",
        "camera": "R0 - Reddish (Point)",
        "frame": "0295",
        "image": "pano_camera0/frame_0295_hp_preview.jpg",
        "frameId": "0295",
        "height": -8.09631,
        "coords2D": "2D: (397937.560, 808236.427)",
        "coords3D_original": "3D_Original: (-793548.981, 426441.300, 0.000)",
        "coords3D": "3D: (14.647, 10.268, 4.679)",
        "coordsMtEden": "MtEden: (397937.560, 808236.427, -8.096)",
        "easting": 397937.559730549,
        "northing": 808236.4274197654,
        "longitude": 174.74105264435534,
        "latitude": -36.80549358468339,
        "group": "R0 - Reddish (229 points)",
        "canvasX": 683.9056359391093,
        "canvasY": 268.4604808661961,
        "variant": "northing_easting_direct"
      }
    },
    {
      "type": "Feature",
      "geometry": {
        "type": "Point",
        "coordinates": [
          13.489416954107583,
          10.742290707188658,
          4.664521146639999
        ]
      },
      "properties": {
        "id": "0_108",
        "camera": "R0 - Reddish (Point)",
        "frame": "0296",
        "image": "pano_camera0/frame_0296_hp_preview.jpg",
        "frameId": "0296",
        "height": -7.909059,
        "coords2D": "2D: (397936.402, 808236.901)",
        "coords3D_original": "3D_Original: (-793548.981, 426441.300, 0.000)",
        "coords3D": "3D: (13.489, 10.742, 4.665)",
        "coordsMtEden": "MtEden: (397936.402, 808236.901, -7.909)",
        "easting": 397936.4019169541,
        "northing": 808236.9012907072,
        "longitude": 174.74103966988085,
        "latitude": -36.805489311626395,
        "group": "R0 - Reddish (229 points)",
        "canvasX": 664.9382126065481,
        "canvasY": 260.69747756618017,
        "variant": "northing_easting_direct"
      }
    },
    {
      "type": "Feature",
      "geometry": {
        "type": "Point",
        "coordinates": [
          12.825786967296153,
          10.32644514227286,
          4.68770684292
        ]
      },
      "properties": {
        "id": "0_109",
        "camera": "R0 - Reddish (Point)",
        "frame": "0297",
        "image": "pano_camera0/frame_0297_hp_preview.jpg",
        "frameId": "0297",
        "height": -7.564229,
        "coords2D": "2D: (397935.738, 808236.485)",
        "coords3D_original": "3D_Original: (-793548.981, 426441.300, 0.000)",
        "coords3D": "3D: (12.826, 10.326, 4.688)",
        "coordsMtEden": "MtEden: (397935.738, 808236.485, -7.564)",
        "easting": 397935.7382869673,
        "northing": 808236.4854451423,
        "longitude": 174.74103223137138,
        "latitude": -36.805493057788524,
        "group": "R0 - Reddish (229 points)",
        "canvasX": 654.066556796381,
        "canvasY": 267.50990307632964,
        "variant": "northing_easting_direct"
      }
    },
    {
      "type": "Feature",
      "geometry": {
        "type": "Point",
        "coordinates": [
          12.331313046626747,
          9.863503725966439,
          4.6544489678400005
        ]
      },
      "properties": {
        "id": "0_110",
        "camera": "R0 - Reddish (Point)",
        "frame": "0298",
        "image": "pano_camera0/frame_0298_hp_preview.jpg",
        "frameId": "0298",
        "height": -7.254404,
        "coords2D": "2D: (397935.244, 808236.023)",
        "coords3D_original": "3D_Original: (-793548.981, 426441.300, 0.000)",
        "coords3D": "3D: (12.331, 9.864, 4.654)",
        "coordsMtEden": "MtEden: (397935.244, 808236.023, -7.254)",
        "easting": 397935.2438130466,
        "northing": 808236.022503726,
        "longitude": 174.74102668848633,
        "latitude": -36.805497228747804,
        "group": "R0 - Reddish (229 points)",
        "canvasX": 645.9660333424858,
        "canvasY": 275.0938577472018,
        "variant": "northing_easting_direct"
      }
    },
    {
      "type": "Feature",
      "geometry": {
        "type": "Point",
        "coordinates": [
          11.96064083930105,
          9.488334255758673,
          4.67741812868
        ]
      },
      "properties": {
        "id": "0_111",
        "camera": "R0 - Reddish (Point)",
        "frame": "0299",
        "image": "pano_camera0/frame_0299_hp_preview.jpg",
        "frameId": "0299",
        "height": -7.01243,
        "coords2D": "2D: (397934.873, 808235.647)",
        "coords3D_original": "3D_Original: (-793548.981, 426441.300, 0.000)",
        "coords3D": "3D: (11.961, 9.488, 4.677)",
        "coordsMtEden": "MtEden: (397934.873, 808235.647, -7.012)",
        "easting": 397934.8731408393,
        "northing": 808235.6473342557,
        "longitude": 174.74102253329983,
        "latitude": -36.80550060897429,
        "group": "R0 - Reddish (229 points)",
        "canvasX": 639.8936424983688,
        "canvasY": 281.23992322426466,
        "variant": "northing_easting_direct"
      }
    },
    {
      "type": "Feature",
      "geometry": {
        "type": "Point",
        "coordinates": [
          11.23966974450741,
          8.784053895273246,
          4.70138794572
        ]
      },
      "properties": {
        "id": "0_112",
        "camera": "R0 - Reddish (Point)",
        "frame": "0300",
        "image": "pano_camera0/frame_0300_hp_preview.jpg",
        "frameId": "0300",
        "height": -6.55057,
        "coords2D": "2D: (397934.152, 808234.943)",
        "coords3D_original": "3D_Original: (-793548.981, 426441.300, 0.000)",
        "coords3D": "3D: (11.240, 8.784, 4.701)",
        "coordsMtEden": "MtEden: (397934.152, 808234.943, -6.551)",
        "easting": 397934.1521697445,
        "northing": 808234.9430538953,
        "longitude": 174.74101445137697,
        "latitude": -36.80550695439042,
        "group": "R0 - Reddish (229 points)",
        "canvasX": 628.0826186633835,
        "canvasY": 292.77751770482155,
        "variant": "northing_easting_direct"
      }
    },
    {
      "type": "Feature",
      "geometry": {
        "type": "Point",
        "coordinates": [
          10.771210861275904,
          8.26899121538736,
          4.6574115663599995
        ]
      },
      "properties": {
        "id": "0_113",
        "camera": "R0 - Reddish (Point)",
        "frame": "0301",
        "image": "pano_camera0/frame_0301_hp_preview.jpg",
        "frameId": "0301",
        "height": -6.230624,
        "coords2D": "2D: (397933.684, 808234.428)",
        "coords3D_original": "3D_Original: (-793548.981, 426441.300, 0.000)",
        "coords3D": "3D: (10.771, 8.269, 4.657)",
        "coordsMtEden": "MtEden: (397933.684, 808234.428, -6.231)",
        "easting": 397933.68371086125,
        "northing": 808234.4279912154,
        "longitude": 174.74100919990227,
        "latitude": -36.805511595123505,
        "group": "R0 - Reddish (229 points)",
        "canvasX": 620.4082762731123,
        "canvasY": 301.215328363603,
        "variant": "northing_easting_direct"
      }
    },
    {
      "type": "Feature",
      "geometry": {
        "type": "Point",
        "coordinates": [
          10.354585478664376,
          7.704191616154276,
          4.648399098880001
        ]
      },
      "properties": {
        "id": "0_114",
        "camera": "R0 - Reddish (Middle)",
        "frame": "0302",
        "image": "pano_camera0/frame_0302_hp_preview.jpg",
        "frameId": "0302",
        "height": -5.909207,
        "coords2D": "2D: (397933.267, 808233.863)",
        "coords3D_original": "3D_Original: (-793548.981, 426441.300, 0.000)",
        "coords3D": "3D: (10.355, 7.704, 4.648)",
        "coordsMtEden": "MtEden: (397933.267, 808233.863, -5.909)",
        "easting": 397933.26708547864,
        "northing": 808233.8631916161,
        "longitude": 174.74100452919652,
        "latitude": -36.80551668419962,
        "group": "R0 - Reddish (229 points)",
        "canvasX": 613.5830757070561,
        "canvasY": 310.46793443316074,
        "variant": "northing_easting_direct"
      }
    },
    {
      "type": "Feature",
      "geometry": {
        "type": "Point",
        "coordinates": [
          9.904375100217294,
          6.828376728692092,
          4.697083483639999
        ]
      },
      "properties": {
        "id": "0_115",
        "camera": "R0 - Reddish (Point)",
        "frame": "0303",
        "image": "pano_camera0/frame_0303_hp_preview.jpg",
        "frameId": "0303",
        "height": -5.47016,
        "coords2D": "2D: (397932.817, 808232.987)",
        "coords3D_original": "3D_Original: (-793548.981, 426441.300, 0.000)",
        "coords3D": "3D: (9.904, 6.828, 4.697)",
        "coordsMtEden": "MtEden: (397932.817, 808232.987, -5.470)",
        "easting": 397932.8168751002,
        "northing": 808232.9873767287,
        "longitude": 174.74099948125448,
        "latitude": -36.80552457607824,
        "group": "R0 - Reddish (229 points)",
        "canvasX": 606.2076822287661,
        "canvasY": 324.81562546351273,
        "variant": "northing_easting_direct"
      }
    },
    {
      "type": "Feature",
      "geometry": {
        "type": "Point",
        "coordinates": [
          9.65993264428107,
          6.393320784904063,
          4.684875478
        ]
      },
      "properties": {
        "id": "0_116",
        "camera": "R0 - Reddish (Point)",
        "frame": "0304",
        "image": "pano_camera0/frame_0304_hp_preview.jpg",
        "frameId": "0304",
        "height": -5.24576,
        "coords2D": "2D: (397932.572, 808232.552)",
        "coords3D_original": "3D_Original: (-793548.981, 426441.300, 0.000)",
        "coords3D": "3D: (9.660, 6.393, 4.685)",
        "coordsMtEden": "MtEden: (397932.572, 808232.552, -5.246)",
        "easting": 397932.57243264426,
        "northing": 808232.5523207849,
        "longitude": 174.74099674057558,
        "latitude": -36.805528496277475,
        "group": "R0 - Reddish (229 points)",
        "canvasX": 602.2032003651992,
        "canvasY": 331.94275740997364,
        "variant": "northing_easting_direct"
      }
    },
    {
      "type": "Feature",
      "geometry": {
        "type": "Point",
        "coordinates": [
          8.996722051233519,
          5.4439878050470725,
          4.674353824120001
        ]
      },
      "properties": {
        "id": "0_117",
        "camera": "R0 - Reddish (Point)",
        "frame": "0305",
        "image": "pano_camera0/frame_0305_hp_preview.jpg",
        "frameId": "0305",
        "height": -4.716748,
        "coords2D": "2D: (397931.909, 808231.603)",
        "coords3D_original": "3D_Original: (-793548.981, 426441.300, 0.000)",
        "coords3D": "3D: (8.997, 5.444, 4.674)",
        "coordsMtEden": "MtEden: (397931.909, 808231.603, -4.717)",
        "easting": 397931.9092220512,
        "northing": 808231.602987805,
        "longitude": 174.74098930531147,
        "latitude": -36.8055370502371,
        "group": "R0 - Reddish (229 points)",
        "canvasX": 591.3384151079892,
        "canvasY": 347.49482951474545,
        "variant": "northing_easting_direct"
      }
    },
    {
      "type": "Feature",
      "geometry": {
        "type": "Point",
        "coordinates": [
          8.133076468191575,
          4.681826784973964,
          4.651791487440001
        ]
      },
      "properties": {
        "id": "0_118",
        "camera": "R0 - Reddish (Point)",
        "frame": "0306",
        "image": "pano_camera0/frame_0306_hp_preview.jpg",
        "frameId": "0306",
        "height": -4.191643,
        "coords2D": "2D: (397931.046, 808230.841)",
        "coords3D_original": "3D_Original: (-793548.981, 426441.300, 0.000)",
        "coords3D": "3D: (8.133, 4.682, 4.652)",
        "coordsMtEden": "MtEden: (397931.046, 808230.841, -4.192)",
        "easting": 397931.04557646817,
        "northing": 808230.840826785,
        "longitude": 174.7409796242533,
        "latitude": -36.80554391696088,
        "group": "R0 - Reddish (229 points)",
        "canvasX": 577.1900828935846,
        "canvasY": 359.98063101046444,
        "variant": "northing_easting_direct"
      }
    },
    {
      "type": "Feature",
      "geometry": {
        "type": "Point",
        "coordinates": [
          7.489077661884949,
          4.284848520648666,
          4.6382055289999995
        ]
      },
      "properties": {
        "id": "0_119",
        "camera": "R0 - Reddish (Point)",
        "frame": "0307",
        "image": "pano_camera0/frame_0307_hp_preview.jpg",
        "frameId": "0307",
        "height": -3.859282,
        "coords2D": "2D: (397930.402, 808230.444)",
        "coords3D_original": "3D_Original: (-793548.981, 426441.300, 0.000)",
        "coords3D": "3D: (7.489, 4.285, 4.638)",
        "coordsMtEden": "MtEden: (397930.402, 808230.444, -3.859)",
        "easting": 397930.40157766186,
        "northing": 808230.4438485206,
        "longitude": 174.74097240579613,
        "latitude": -36.805547493129616,
        "group": "R0 - Reddish (229 points)",
        "canvasX": 566.6400271349322,
        "canvasY": 366.4839704315932,
        "variant": "northing_easting_direct"
      }
    },
    {
      "type": "Feature",
      "geometry": {
        "type": "Point",
        "coordinates": [
          7.303762745985296,
          4.226468377164565,
          4.65875671076
        ]
      },
      "properties": {
        "id": "0_120",
        "camera": "R0 - Reddish (Point)",
        "frame": "0308",
        "image": "pano_camera0/frame_0308_hp_preview.jpg",
        "frameId": "0308",
        "height": -3.782939,
        "coords2D": "2D: (397930.216, 808230.385)",
        "coords3D_original": "3D_Original: (-793548.981, 426441.300, 0.000)",
        "coords3D": "3D: (7.304, 4.226, 4.659)",
        "coordsMtEden": "MtEden: (397930.216, 808230.385, -3.783)",
        "easting": 397930.21626274596,
        "northing": 808230.3854683771,
        "longitude": 174.74097032878902,
        "latitude": -36.80554801884758,
        "group": "R0 - Reddish (229 points)",
        "canvasX": 563.6041788122933,
        "canvasY": 367.44036004380024,
        "variant": "northing_easting_direct"
      }
    },
    {
      "type": "Feature",
      "geometry": {
        "type": "Point",
        "coordinates": [
          6.2682076574419625,
          4.3232122756307945,
          4.667733089
        ]
      },
      "properties": {
        "id": "0_121",
        "camera": "R0 - Reddish (Point)",
        "frame": "0309",
        "image": "pano_camera0/frame_0309_hp_preview.jpg",
        "frameId": "0309",
        "height": -3.502458,
        "coords2D": "2D: (397929.181, 808230.482)",
        "coords3D_original": "3D_Original: (-793548.981, 426441.300, 0.000)",
        "coords3D": "3D: (6.268, 4.323, 4.668)",
        "coordsMtEden": "MtEden: (397929.181, 808230.482, -3.502)",
        "easting": 397929.1807076574,
        "northing": 808230.4822122756,
        "longitude": 174.74095872345129,
        "latitude": -36.80554714472551,
        "group": "R0 - Reddish (229 points)",
        "canvasX": 546.639607110911,
        "canvasY": 365.8554913865258,
        "variant": "northing_easting_direct"
      }
    },
    {
      "type": "Feature",
      "geometry": {
        "type": "Point",
        "coordinates": [
          5.518712012679316,
          5.013463616720401,
          4.7080382084
        ]
      },
      "properties": {
        "id": "0_122",
        "camera": "R0 - Reddish (Point)",
        "frame": "0310",
        "image": "pano_camera0/frame_0310_hp_preview.jpg",
        "frameId": "0310",
        "height": -3.513734,
        "coords2D": "2D: (397928.431, 808231.172)",
        "coords3D_original": "3D_Original: (-793548.981, 426441.300, 0.000)",
        "coords3D": "3D: (5.519, 5.013, 4.708)",
        "coordsMtEden": "MtEden: (397928.431, 808231.172, -3.514)",
        "easting": 397928.43121201266,
        "northing": 808231.1724636167,
        "longitude": 174.7409503256339,
        "latitude": -36.80554092252718,
        "group": "R0 - Reddish (229 points)",
        "canvasX": 534.3612911166169,
        "canvasY": 354.5477217694405,
        "variant": "northing_easting_direct"
      }
    },
    {
      "type": "Feature",
      "geometry": {
        "type": "Point",
        "coordinates": [
          5.466108858003281,
          5.706081242067739,
          4.6629299392400005
        ]
      },
      "properties": {
        "id": "0_123",
        "camera": "R0 - Reddish (Point)",
        "frame": "0311",
        "image": "pano_camera0/frame_0311_hp_preview.jpg",
        "frameId": "0311",
        "height": -3.737074,
        "coords2D": "2D: (397928.379, 808231.865)",
        "coords3D_original": "3D_Original: (-793548.981, 426441.300, 0.000)",
        "coords3D": "3D: (5.466, 5.706, 4.663)",
        "coordsMtEden": "MtEden: (397928.379, 808231.865, -3.737)",
        "easting": 397928.378608858,
        "northing": 808231.865081242,
        "longitude": 174.7409497379879,
        "latitude": -36.805534680528154,
        "group": "R0 - Reddish (229 points)",
        "canvasX": 533.4995407385212,
        "canvasY": 343.2011874345525,
        "variant": "northing_easting_direct"
      }
    },
    {
      "type": "Feature",
      "geometry": {
        "type": "Point",
        "coordinates": [
          5.795986282755621,
          6.623160747927614,
          4.69529870668
        ]
      },
      "properties": {
        "id": "0_124",
        "camera": "R0 - Reddish (Point)",
        "frame": "0312",
        "image": "pano_camera0/frame_0312_hp_preview.jpg",
        "frameId": "0312",
        "height": -4.153901,
        "coords2D": "2D: (397928.708, 808232.782)",
        "coords3D_original": "3D_Original: (-793548.981, 426441.300, 0.000)",
        "coords3D": "3D: (5.796, 6.623, 4.695)",
        "coordsMtEden": "MtEden: (397928.708, 808232.782, -4.154)",
        "easting": 397928.70848628273,
        "northing": 808232.7821607479,
        "longitude": 174.74095343746126,
        "latitude": -36.805526416510865,
        "group": "R0 - Reddish (229 points)",
        "canvasX": 538.9036271914492,
        "canvasY": 328.17749511139726,
        "variant": "northing_easting_direct"
      }
    },
    {
      "type": "Feature",
      "geometry": {
        "type": "Point",
        "coordinates": [
          6.137890052690636,
          7.226726988563314,
          4.69465894288
        ]
      },
      "properties": {
        "id": "0_125",
        "camera": "R0 - Reddish (Point)",
        "frame": "0313",
        "image": "pano_camera0/frame_0313_hp_preview.jpg",
        "frameId": "0313",
        "height": -4.466061,
        "coords2D": "2D: (397929.050, 808233.386)",
        "coords3D_original": "3D_Original: (-793548.981, 426441.300, 0.000)",
        "coords3D": "3D: (6.138, 7.227, 4.695)",
        "coordsMtEden": "MtEden: (397929.050, 808233.386, -4.466)",
        "easting": 397929.05039005267,
        "northing": 808233.3857269885,
        "longitude": 174.74095727086186,
        "latitude": -36.8055209779076,
        "group": "R0 - Reddish (229 points)",
        "canvasX": 544.5047304876208,
        "canvasY": 318.28980986859005,
        "variant": "northing_easting_direct"
      }
    },
    {
      "type": "Feature",
      "geometry": {
        "type": "Point",
        "coordinates": [
          6.493113690346945,
          7.73170974466484,
          4.68899621304
        ]
      },
      "properties": {
        "id": "0_126",
        "camera": "R0 - Reddish (Point)",
        "frame": "0314",
        "image": "pano_camera0/frame_0314_hp_preview.jpg",
        "frameId": "0314",
        "height": -4.7482,
        "coords2D": "2D: (397929.406, 808233.891)",
        "coords3D_original": "3D_Original: (-793548.981, 426441.300, 0.000)",
        "coords3D": "3D: (6.493, 7.732, 4.689)",
        "coordsMtEden": "MtEden: (397929.406, 808233.891, -4.748)",
        "easting": 397929.4056136903,
        "northing": 808233.8907097446,
        "longitude": 174.74096125327128,
        "latitude": -36.805516427769696,
        "group": "R0 - Reddish (229 points)",
        "canvasX": 550.3240412499044,
        "canvasY": 310.0171295755382,
        "variant": "northing_easting_direct"
      }
    },
    {
      "type": "Feature",
      "geometry": {
        "type": "Point",
        "coordinates": [
          7.3287543908227235,
          8.989016978768632,
          4.6878643232399995
        ]
      },
      "properties": {
        "id": "0_127",
        "camera": "R0 - Reddish (Point)",
        "frame": "0315",
        "image": "pano_camera0/frame_0315_hp_preview.jpg",
        "frameId": "0315",
        "height": -5.435879,
        "coords2D": "2D: (397930.241, 808235.148)",
        "coords3D_original": "3D_Original: (-793548.981, 426441.300, 0.000)",
        "coords3D": "3D: (7.329, 8.989, 4.688)",
        "coordsMtEden": "MtEden: (397930.241, 808235.148, -5.436)",
        "easting": 397930.2412543908,
        "northing": 808235.1480169788,
        "longitude": 174.74097062181934,
        "latitude": -36.80550509871855,
        "group": "R0 - Reddish (229 points)",
        "canvasX": 564.0135945504303,
        "canvasY": 289.4197910454655,
        "variant": "northing_easting_direct"
      }
    },
    {
      "type": "Feature",
      "geometry": {
        "type": "Point",
        "coordinates": [
          7.381917938066181,
          9.08723321533762,
          4.69969503228
        ]
      },
      "properties": {
        "id": "0_128",
        "camera": "R0 - Reddish (Point)",
        "frame": "0316",
        "image": "pano_camera0/frame_0316_hp_preview.jpg",
        "frameId": "0316",
        "height": -5.485926,
        "coords2D": "2D: (397930.294, 808235.246)",
        "coords3D_original": "3D_Original: (-793548.981, 426441.300, 0.000)",
        "coords3D": "3D: (7.382, 9.087, 4.700)",
        "coordsMtEden": "MtEden: (397930.294, 808235.246, -5.486)",
        "easting": 397930.29441793804,
        "northing": 808235.2462332153,
        "longitude": 174.74097121789677,
        "latitude": -36.805504213708026,
        "group": "R0 - Reddish (229 points)",
        "canvasX": 564.8845253383762,
        "canvasY": 287.8108023926197,
        "variant": "northing_easting_direct"
      }
    },
    {
      "type": "Feature",
      "geometry": {
        "type": "Point",
        "coordinates": [
          7.83009835385019,
          9.961268940125592,
          4.66303492612
        ]
      },
      "properties": {
        "id": "0_129",
        "camera": "R0 - Reddish (Point)",
        "frame": "0317",
        "image": "pano_camera0/frame_0317_hp_preview.jpg",
        "frameId": "0317",
        "height": -5.923743,
        "coords2D": "2D: (397930.743, 808236.120)",
        "coords3D_original": "3D_Original: (-793548.981, 426441.300, 0.000)",
        "coords3D": "3D: (7.830, 9.961, 4.663)",
        "coordsMtEden": "MtEden: (397930.743, 808236.120, -5.924)",
        "easting": 397930.7425983538,
        "northing": 808236.1202689401,
        "longitude": 174.7409762430855,
        "latitude": -36.80549633786,
        "group": "R0 - Reddish (229 points)",
        "canvasX": 572.2266637555714,
        "canvasY": 273.4922577902967,
        "variant": "northing_easting_direct"
      }
    },
    {
      "type": "Feature",
      "geometry": {
        "type": "Point",
        "coordinates": [
          7.95223834423814,
          11.002276661805809,
          4.627355791119999
        ]
      },
      "properties": {
        "id": "0_130",
        "camera": "R0 - Reddish (Point)",
        "frame": "0318",
        "image": "pano_camera0/frame_0318_hp_preview.jpg",
        "frameId": "0318",
        "height": -6.320414,
        "coords2D": "2D: (397930.865, 808237.161)",
        "coords3D_original": "3D_Original: (-793548.981, 426441.300, 0.000)",
        "coords3D": "3D: (7.952, 11.002, 4.627)",
        "coordsMtEden": "MtEden: (397930.865, 808237.161, -6.320)",
        "easting": 397930.8647383442,
        "northing": 808237.1612766618,
        "longitude": 174.7409776147522,
        "latitude": -36.80548695654435,
        "group": "R0 - Reddish (229 points)",
        "canvasX": 574.2275738447516,
        "canvasY": 256.43836048298965,
        "variant": "northing_easting_direct"
      }
    },
    {
      "type": "Feature",
      "geometry": {
        "type": "Point",
        "coordinates": [
          7.76131420902675,
          11.202887927996926,
          4.63062350776
        ]
      },
      "properties": {
        "id": "0_131",
        "camera": "R0 - Reddish (Point)",
        "frame": "0319",
        "image": "pano_camera0/frame_0319_hp_preview.jpg",
        "frameId": "0319",
        "height": -6.331847,
        "coords2D": "2D: (397930.674, 808237.362)",
        "coords3D_original": "3D_Original: (-793548.981, 426441.300, 0.000)",
        "coords3D": "3D: (7.761, 11.203, 4.631)",
        "coordsMtEden": "MtEden: (397930.674, 808237.362, -6.332)",
        "easting": 397930.673814209,
        "northing": 808237.361887928,
        "longitude": 174.74097547558745,
        "latitude": -36.805485148214345,
        "group": "R0 - Reddish (229 points)",
        "canvasX": 571.0998347058379,
        "canvasY": 253.15192575031855,
        "variant": "northing_easting_direct"
      }
    },
    {
      "type": "Feature",
      "geometry": {
        "type": "Point",
        "coordinates": [
          7.063124552019872,
          11.546924538910389,
          4.70119109532
        ]
      },
      "properties": {
        "id": "0_132",
        "camera": "R0 - Reddish (Point)",
        "frame": "0320",
        "image": "pano_camera0/frame_0320_hp_preview.jpg",
        "frameId": "0320",
        "height": -6.239065,
        "coords2D": "2D: (397929.976, 808237.706)",
        "coords3D_original": "3D_Original: (-793548.981, 426441.300, 0.000)",
        "coords3D": "3D: (7.063, 11.547, 4.701)",
        "coordsMtEden": "MtEden: (397929.976, 808237.706, -6.239)",
        "easting": 397929.975624552,
        "northing": 808237.7059245389,
        "longitude": 174.74096765182662,
        "latitude": -36.80548204622343,
        "group": "R0 - Reddish (229 points)",
        "canvasX": 559.6620187661281,
        "canvasY": 247.51588203047518,
        "variant": "northing_easting_direct"
      }
    },
    {
      "type": "Feature",
      "geometry": {
        "type": "Point",
        "coordinates": [
          5.518136205675546,
          11.530349682434462,
          4.71741812996
        ]
      },
      "properties": {
        "id": "0_133",
        "camera": "R0 - Reddish (Point)",
        "frame": "0321",
        "image": "pano_camera0/frame_0321_hp_preview.jpg",
        "frameId": "0321",
        "height": -5.765012,
        "coords2D": "2D: (397928.431, 808237.689)",
        "coords3D_original": "3D_Original: (-793548.981, 426441.300, 0.000)",
        "coords3D": "3D: (5.518, 11.530, 4.717)",
        "coordsMtEden": "MtEden: (397928.431, 808237.689, -5.765)",
        "easting": 397928.43063620565,
        "northing": 808237.6893496824,
        "longitude": 174.7409503369106,
        "latitude": -36.80548219221762,
        "group": "R0 - Reddish (229 points)",
        "canvasX": 534.3518581861217,
        "canvasY": 247.78741306081855,
        "variant": "northing_easting_direct"
      }
    },
    {
      "type": "Feature",
      "geometry": {
        "type": "Point",
        "coordinates": [
          5.425516746123321,
          11.518769848858938,
          4.7155021194
        ]
      },
      "properties": {
        "id": "0_134",
        "camera": "R0 - Reddish (Point)",
        "frame": "0322",
        "image": "pano_camera0/frame_0322_hp_preview.jpg",
        "frameId": "0322",
        "height": -5.732936,
        "coords2D": "2D: (397928.338, 808237.678)",
        "coords3D_original": "3D_Original: (-793548.981, 426441.300, 0.000)",
        "coords3D": "3D: (5.426, 11.519, 4.716)",
        "coordsMtEden": "MtEden: (397928.338, 808237.678, -5.733)",
        "easting": 397928.3380167461,
        "northing": 808237.6777698488,
        "longitude": 174.74094929888162,
        "latitude": -36.80548229637269,
        "group": "R0 - Reddish (229 points)",
        "canvasX": 532.8345565193587,
        "canvasY": 247.97711510554143,
        "variant": "northing_easting_direct"
      }
    },
    {
      "type": "Feature",
      "geometry": {
        "type": "Point",
        "coordinates": [
          4.561259934096597,
          10.930938206030987,
          4.67937679016
        ]
      },
      "properties": {
        "id": "0_135",
        "camera": "R0 - Reddish (Point)",
        "frame": "0323",
        "image": "pano_camera0/frame_0323_hp_preview.jpg",
        "frameId": "0323",
        "height": -5.267873,
        "coords2D": "2D: (397927.474, 808237.090)",
        "coords3D_original": "3D_Original: (-793548.981, 426441.300, 0.000)",
        "coords3D": "3D: (4.561, 10.931, 4.679)",
        "coordsMtEden": "MtEden: (397927.474, 808237.090, -5.268)",
        "easting": 397927.4737599341,
        "northing": 808237.089938206,
        "longitude": 174.74093961145115,
        "latitude": -36.80548759203206,
        "group": "R0 - Reddish (229 points)",
        "canvasX": 518.676211087402,
        "canvasY": 257.60703452251806,
        "variant": "northing_easting_direct"
      }
    },
    {
      "type": "Feature",
      "geometry": {
        "type": "Point",
        "coordinates": [
          3.963518535834737,
          10.076362023479305,
          4.71571865484
        ]
      },
      "properties": {
        "id": "0_136",
        "camera": "R0 - Reddish (Point)",
        "frame": "0324",
        "image": "pano_camera0/frame_0324_hp_preview.jpg",
        "frameId": "0324",
        "height": -4.791443,
        "coords2D": "2D: (397926.876, 808236.235)",
        "coords3D_original": "3D_Original: (-793548.981, 426441.300, 0.000)",
        "coords3D": "3D: (3.964, 10.076, 4.716)",
        "coordsMtEden": "MtEden: (397926.876, 808236.235, -4.791)",
        "easting": 397926.8760185358,
        "northing": 808236.2353620235,
        "longitude": 174.74093291016393,
        "latitude": -36.805495292181334,
        "group": "R0 - Reddish (229 points)",
        "canvasX": 508.8839490223735,
        "canvasY": 271.60679086815304,
        "variant": "northing_easting_direct"
      }
    },
    {
      "type": "Feature",
      "geometry": {
        "type": "Point",
        "coordinates": [
          3.8830077199963853,
          10.007130631478503,
          4.69153230236
        ]
      },
      "properties": {
        "id": "0_137",
        "camera": "R0 - Reddish (Point)",
        "frame": "0325",
        "image": "pano_camera0/frame_0325_hp_preview.jpg",
        "frameId": "0325",
        "height": -4.74312,
        "coords2D": "2D: (397926.796, 808236.166)",
        "coords3D_original": "3D_Original: (-793548.981, 426441.300, 0.000)",
        "coords3D": "3D: (3.883, 10.007, 4.692)",
        "coordsMtEden": "MtEden: (397926.796, 808236.166, -4.743)",
        "easting": 397926.79550772,
        "northing": 808236.1661306315,
        "longitude": 174.74093200768084,
        "latitude": -36.80549591591977,
        "group": "R0 - Reddish (229 points)",
        "canvasX": 507.5650124221548,
        "canvasY": 272.74094676950756,
        "variant": "northing_easting_direct"
      }
    },
    {
      "type": "Feature",
      "geometry": {
        "type": "Point",
        "coordinates": [
          2.878223769017495,
          9.594320744974539,
          4.681125477879999
        ]
      },
      "properties": {
        "id": "0_138",
        "camera": "R0 - Reddish (Point)",
        "frame": "0326",
        "image": "pano_camera0/frame_0326_hp_preview.jpg",
        "frameId": "0326",
        "height": -4.295926,
        "coords2D": "2D: (397925.791, 808235.753)",
        "coords3D_original": "3D_Original: (-793548.981, 426441.300, 0.000)",
        "coords3D": "3D: (2.878, 9.594, 4.681)",
        "coordsMtEden": "MtEden: (397925.791, 808235.753, -4.296)",
        "easting": 397925.790723769,
        "northing": 808235.753320745,
        "longitude": 174.74092074581924,
        "latitude": -36.80549963397032,
        "group": "R0 - Reddish (229 points)",
        "canvasX": 491.10453671143665,
        "canvasY": 279.50364147941593,
        "variant": "northing_easting_direct"
      }
    },
    {
      "type": "Feature",
      "geometry": {
        "type": "Point",
        "coordinates": [
          2.376198546437081,
          9.89853848866187,
          4.6729168162
        ]
      },
      "properties": {
        "id": "0_139",
        "camera": "R0 - Reddish (Point)",
        "frame": "0327",
        "image": "pano_camera0/frame_0327_hp_preview.jpg",
        "frameId": "0327",
        "height": -4.24885,
        "coords2D": "2D: (397925.289, 808236.058)",
        "coords3D_original": "3D_Original: (-793548.981, 426441.300, 0.000)",
        "coords3D": "3D: (2.376, 9.899, 4.673)",
        "coordsMtEden": "MtEden: (397925.289, 808236.058, -4.249)",
        "easting": 397925.2886985464,
        "northing": 808236.0575384886,
        "longitude": 174.7409151203896,
        "latitude": -36.80549689125406,
        "group": "R0 - Reddish (229 points)",
        "canvasX": 482.8803070411046,
        "canvasY": 274.51991460325297,
        "variant": "northing_easting_direct"
      }
    },
    {
      "type": "Feature",
      "geometry": {
        "type": "Point",
        "coordinates": [
          2.215873125649523,
          10.15835356968455,
          4.70181773576
        ]
      },
      "properties": {
        "id": "0_140",
        "camera": "R0 - Reddish (Point)",
        "frame": "0328",
        "image": "pano_camera0/frame_0328_hp_preview.jpg",
        "frameId": "0328",
        "height": -4.290012,
        "coords2D": "2D: (397925.128, 808236.317)",
        "coords3D_original": "3D_Original: (-793548.981, 426441.300, 0.000)",
        "coords3D": "3D: (2.216, 10.158, 4.702)",
        "coordsMtEden": "MtEden: (397925.128, 808236.317, -4.290)",
        "easting": 397925.1283731256,
        "northing": 808236.3173535697,
        "longitude": 174.74091332431087,
        "latitude": -36.80549454944403,
        "group": "R0 - Reddish (229 points)",
        "canvasX": 480.2538392397916,
        "canvasY": 270.2635967883548,
        "variant": "northing_easting_direct"
      }
    },
    {
      "type": "Feature",
      "geometry": {
        "type": "Point",
        "coordinates": [
          2.10240179754328,
          10.66185956064146,
          4.71289713244
        ]
      },
      "properties": {
        "id": "0_141",
        "camera": "R0 - Reddish (Point)",
        "frame": "0329",
        "image": "pano_camera0/frame_0329_hp_preview.jpg",
        "frameId": "0329",
        "height": -4.429567,
        "coords2D": "2D: (397925.015, 808236.821)",
        "coords3D_original": "3D_Original: (-793548.981, 426441.300, 0.000)",
        "coords3D": "3D: (2.102, 10.662, 4.713)",
        "coordsMtEden": "MtEden: (397925.015, 808236.821, -4.430)",
        "easting": 397925.0149017975,
        "northing": 808236.8208595606,
        "longitude": 174.74091205399588,
        "latitude": -36.80549001158925,
        "group": "R0 - Reddish (229 points)",
        "canvasX": 478.39494008209516,
        "canvasY": 262.0151090162303,
        "variant": "northing_easting_direct"
      }
    },
    {
      "type": "Feature",
      "geometry": {
        "type": "Point",
        "coordinates": [
          1.7197955143055879,
          11.388313181349076,
          4.727477185400001
        ]
      },
      "properties": {
        "id": "0_142",
        "camera": "R0 - Reddish (Point)",
        "frame": "0330",
        "image": "pano_camera0/frame_0330_hp_preview.jpg",
        "frameId": "0330",
        "height": -4.564564,
        "coords2D": "2D: (397924.632, 808237.547)",
        "coords3D_original": "3D_Original: (-793548.981, 426441.300, 0.000)",
        "coords3D": "3D: (1.720, 11.388, 4.727)",
        "coordsMtEden": "MtEden: (397924.632, 808237.547, -4.565)",
        "easting": 397924.6322955143,
        "northing": 808237.5473131813,
        "longitude": 174.74090776806065,
        "latitude": -36.80548346393609,
        "group": "R0 - Reddish (229 points)",
        "canvasX": 472.12704395812835,
        "canvasY": 250.11426986850256,
        "variant": "northing_easting_direct"
      }
    },
    {
      "type": "Feature",
      "geometry": {
        "type": "Point",
        "coordinates": [
          1.4009812927106395,
          11.412062761373818,
          4.7231891275199995
        ]
      },
      "properties": {
        "id": "0_143",
        "camera": "R0 - Reddish (Point)",
        "frame": "0331",
        "image": "pano_camera0/frame_0331_hp_preview.jpg",
        "frameId": "0331",
        "height": -4.476128,
        "coords2D": "2D: (397924.313, 808237.571)",
        "coords3D_original": "3D_Original: (-793548.981, 426441.300, 0.000)",
        "coords3D": "3D: (1.401, 11.412, 4.723)",
        "coordsMtEden": "MtEden: (397924.313, 808237.571, -4.476)",
        "easting": 397924.3134812927,
        "northing": 808237.5710627614,
        "longitude": 174.74090419513584,
        "latitude": -36.80548324920558,
        "group": "R0 - Reddish (229 points)",
        "canvasX": 466.90419605601113,
        "canvasY": 249.7252017671076,
        "variant": "northing_easting_direct"
      }
    },
    {
      "type": "Feature",
      "geometry": {
        "type": "Point",
        "coordinates": [
          1.0655356287024915,
          10.543706450960599,
          4.69481970404
        ]
      },
      "properties": {
        "id": "0_144",
        "camera": "R0 - Reddish (Point)",
        "frame": "0332",
        "image": "pano_camera0/frame_0332_hp_preview.jpg",
        "frameId": "0332",
        "height": -4.074446,
        "coords2D": "2D: (397923.978, 808236.703)",
        "coords3D_original": "3D_Original: (-793548.981, 426441.300, 0.000)",
        "coords3D": "3D: (1.066, 10.544, 4.695)",
        "coordsMtEden": "MtEden: (397923.978, 808236.703, -4.074)",
        "easting": 397923.9780356287,
        "northing": 808236.702706451,
        "longitude": 174.7409004333882,
        "latitude": -36.80549107411477,
        "group": "R0 - Reddish (229 points)",
        "canvasX": 461.4088901260188,
        "canvasY": 263.9507056089063,
        "variant": "northing_easting_direct"
      }
    },
    {
      "type": "Feature",
      "geometry": {
        "type": "Point",
        "coordinates": [
          1.1566894726129249,
          10.086342138471082,
          4.67166681616
        ]
      },
      "properties": {
        "id": "0_145",
        "camera": "R0 - Reddish (Point)",
        "frame": "0333",
        "image": "pano_camera0/frame_0333_hp_preview.jpg",
        "frameId": "0333",
        "height": -3.944067,
        "coords2D": "2D: (397924.069, 808236.245)",
        "coords3D_original": "3D_Original: (-793548.981, 426441.300, 0.000)",
        "coords3D": "3D: (1.157, 10.086, 4.672)",
        "coordsMtEden": "MtEden: (397924.069, 808236.245, -3.944)",
        "easting": 397924.0691894726,
        "northing": 808236.2453421385,
        "longitude": 174.74090145371352,
        "latitude": -36.805495196091,
        "group": "R0 - Reddish (229 points)",
        "canvasX": 462.90218192462856,
        "canvasY": 271.4432955826621,
        "variant": "northing_easting_direct"
      }
    },
    {
      "type": "Feature",
      "geometry": {
        "type": "Point",
        "coordinates": [
          1.1792309558368288,
          9.24129732826259,
          4.6657481808000005
        ]
      },
      "properties": {
        "id": "0_146",
        "camera": "R0 - Reddish (Point)",
        "frame": "0334",
        "image": "pano_camera0/frame_0334_hp_preview.jpg",
        "frameId": "0334",
        "height": -3.658954,
        "coords2D": "2D: (397924.092, 808235.400)",
        "coords3D_original": "3D_Original: (-793548.981, 426441.300, 0.000)",
        "coords3D": "3D: (1.179, 9.241, 4.666)",
        "coordsMtEden": "MtEden: (397924.092, 808235.400, -3.659)",
        "easting": 397924.0917309558,
        "northing": 808235.4002973282,
        "longitude": 174.74090170403485,
        "latitude": -36.80550281170127,
        "group": "R0 - Reddish (229 points)",
        "canvasX": 463.2714588591496,
        "canvasY": 285.28690799059564,
        "variant": "northing_easting_direct"
      }
    },
    {
      "type": "Feature",
      "geometry": {
        "type": "Point",
        "coordinates": [
          1.0859508532448672,
          8.804498021490872,
          4.6775329580800005
        ]
      },
      "properties": {
        "id": "0_147",
        "camera": "R0 - Reddish (Point)",
        "frame": "0335",
        "image": "pano_camera0/frame_0335_hp_preview.jpg",
        "frameId": "0335",
        "height": -3.479773,
        "coords2D": "2D: (397923.998, 808234.963)",
        "coords3D_original": "3D_Original: (-793548.981, 426441.300, 0.000)",
        "coords3D": "3D: (1.086, 8.804, 4.678)",
        "coordsMtEden": "MtEden: (397923.998, 808234.963, -3.480)",
        "easting": 397923.9984508532,
        "northing": 808234.9634980215,
        "longitude": 174.7409006574423,
        "latitude": -36.80550674794091,
        "group": "R0 - Reddish (229 points)",
        "canvasX": 461.74333446838745,
        "canvasY": 292.44259989090045,
        "variant": "northing_easting_direct"
      }
    },
    {
      "type": "Feature",
      "geometry": {
        "type": "Point",
        "coordinates": [
          1.0047030437272042,
          8.313199710682966,
          4.6514601226
        ]
      },
      "properties": {
        "id": "0_148",
        "camera": "R0 - Reddish (Point)",
        "frame": "0336",
        "image": "pano_camera0/frame_0336_hp_preview.jpg",
        "frameId": "0336",
        "height": -3.285411,
        "coords2D": "2D: (397923.917, 808234.472)",
        "coords3D_original": "3D_Original: (-793548.981, 426441.300, 0.000)",
        "coords3D": "3D: (1.005, 8.313, 4.651)",
        "coordsMtEden": "MtEden: (397923.917, 808234.472, -3.285)",
        "easting": 397923.9172030437,
        "northing": 808234.4721997107,
        "longitude": 174.74089974554843,
        "latitude": -36.80551117535303,
        "group": "R0 - Reddish (229 points)",
        "canvasX": 460.4123243602005,
        "canvasY": 300.491100172007,
        "variant": "northing_easting_direct"
      }
    },
    {
      "type": "Feature",
      "geometry": {
        "type": "Point",
        "coordinates": [
          0.7053357480326667,
          7.2397914591711015,
          4.6312501482
        ]
      },
      "properties": {
        "id": "0_149",
        "camera": "R0 - Reddish (Point)",
        "frame": "0337",
        "image": "pano_camera0/frame_0337_hp_preview.jpg",
        "frameId": "0337",
        "height": -2.823824,
        "coords2D": "2D: (397923.618, 808233.399)",
        "coords3D_original": "3D_Original: (-793548.981, 426441.300, 0.000)",
        "coords3D": "3D: (0.705, 7.240, 4.631)",
        "coordsMtEden": "MtEden: (397923.618, 808233.399, -2.824)",
        "easting": 397923.617835748,
        "northing": 808233.3987914592,
        "longitude": 174.74089638757465,
        "latitude": -36.80552084827335,
        "group": "R0 - Reddish (229 points)",
        "canvasX": 455.50805803105004,
        "canvasY": 318.07578634688537,
        "variant": "northing_easting_direct"
      }
    },
    {
      "type": "Feature",
      "geometry": {
        "type": "Point",
        "coordinates": [
          0.5491377472644672,
          6.705218202318065,
          4.6450427995600005
        ]
      },
      "properties": {
        "id": "0_150",
        "camera": "R0 - Reddish (Point)",
        "frame": "0338",
        "image": "pano_camera0/frame_0338_hp_preview.jpg",
        "frameId": "0338",
        "height": -2.591792,
        "coords2D": "2D: (397923.462, 808232.864)",
        "coords3D_original": "3D_Original: (-793548.981, 426441.300, 0.000)",
        "coords3D": "3D: (0.549, 6.705, 4.645)",
        "coordsMtEden": "MtEden: (397923.462, 808232.864, -2.592)",
        "easting": 397923.46163774724,
        "northing": 808232.8642182023,
        "longitude": 174.74089463558607,
        "latitude": -36.805525665515766,
        "group": "R0 - Reddish (229 points)",
        "canvasX": 452.9492060557573,
        "canvasY": 326.8332213156168,
        "variant": "northing_easting_direct"
      }
    },
    {
      "type": "Feature",
      "geometry": {
        "type": "Point",
        "coordinates": [
          0.04524062102427706,
          5.364519037539139,
          4.63567600136
        ]
      },
      "properties": {
        "id": "0_151",
        "camera": "R0 - Reddish (Point)",
        "frame": "0339",
        "image": "pano_camera0/frame_0339_hp_preview.jpg",
        "frameId": "0339",
        "height": -1.975863,
        "coords2D": "2D: (397922.958, 808231.524)",
        "coords3D_original": "3D_Original: (-793548.981, 426441.300, 0.000)",
        "coords3D": "3D: (0.045, 5.365, 4.636)",
        "coordsMtEden": "MtEden: (397922.958, 808231.524, -1.976)",
        "easting": 397922.957740621,
        "northing": 808231.5235190375,
        "longitude": 174.74088898468978,
        "latitude": -36.805537746818395,
        "group": "R0 - Reddish (229 points)",
        "canvasX": 444.6943106631075,
        "canvasY": 348.7966951703364,
        "variant": "northing_easting_direct"
      }
    },
    {
      "type": "Feature",
      "geometry": {
        "type": "Point",
        "coordinates": [
          -0.38627238624030724,
          4.569754715077579,
          4.72577771028
        ]
      },
      "properties": {
        "id": "0_152",
        "camera": "R0 - Reddish (Point)",
        "frame": "0340",
        "image": "pano_camera0/frame_0340_hp_preview.jpg",
        "frameId": "0340",
        "height": -1.570485,
        "coords2D": "2D: (397922.526, 808230.729)",
        "coords3D_original": "3D_Original: (-793548.981, 426441.300, 0.000)",
        "coords3D": "3D: (-0.386, 4.570, 4.726)",
        "coordsMtEden": "MtEden: (397922.526, 808230.729, -1.570)",
        "easting": 397922.52622761374,
        "northing": 808230.7287547151,
        "longitude": 174.7408841464995,
        "latitude": -36.80554490830378,
        "group": "R0 - Reddish (229 points)",
        "canvasX": 437.62521947488705,
        "canvasY": 361.8166073733194,
        "variant": "northing_easting_direct"
      }
    },
    {
      "type": "Feature",
      "geometry": {
        "type": "Point",
        "coordinates": [
          -0.4881560418289155,
          4.349332638666965,
          4.70720815588
        ]
      },
      "properties": {
        "id": "0_153",
        "camera": "R0 - Reddish (Point)",
        "frame": "0341",
        "image": "pano_camera0/frame_0341_hp_preview.jpg",
        "frameId": "0341",
        "height": -1.46345,
        "coords2D": "2D: (397922.424, 808230.508)",
        "coords3D_original": "3D_Original: (-793548.981, 426441.300, 0.000)",
        "coords3D": "3D: (-0.488, 4.349, 4.707)",
        "coordsMtEden": "MtEden: (397922.424, 808230.508, -1.463)",
        "easting": 397922.42434395815,
        "northing": 808230.5083326387,
        "longitude": 174.74088300407473,
        "latitude": -36.805546894528426,
        "group": "R0 - Reddish (229 points)",
        "canvasX": 435.95615077974685,
        "canvasY": 365.427584868709,
        "variant": "northing_easting_direct"
      }
    },
    {
      "type": "Feature",
      "geometry": {
        "type": "Point",
        "coordinates": [
          -0.7224370093899779,
          3.6698855224531144,
          4.7182416208
        ]
      },
      "properties": {
        "id": "0_154",
        "camera": "R0 - Reddish (Point)",
        "frame": "0342",
        "image": "pano_camera0/frame_0342_hp_preview.jpg",
        "frameId": "0342",
        "height": -1.157698,
        "coords2D": "2D: (397922.190, 808229.829)",
        "coords3D_original": "3D_Original: (-793548.981, 426441.300, 0.000)",
        "coords3D": "3D: (-0.722, 3.670, 4.718)",
        "coordsMtEden": "MtEden: (397922.190, 808229.829, -1.158)",
        "easting": 397922.1900629906,
        "northing": 808229.8288855224,
        "longitude": 174.74088037660334,
        "latitude": -36.805553017205405,
        "group": "R0 - Reddish (229 points)",
        "canvasX": 432.11813548040675,
        "canvasY": 376.5583585469345,
        "variant": "northing_easting_direct"
      }
    },
    {
      "type": "Feature",
      "geometry": {
        "type": "Point",
        "coordinates": [
          -0.8515220013796352,
          2.7648661051644012,
          4.74170946932
        ]
      },
      "properties": {
        "id": "0_155",
        "camera": "R0 - Reddish (Point)",
        "frame": "0343",
        "image": "pano_camera0/frame_0343_hp_preview.jpg",
        "frameId": "0343",
        "height": -0.805903,
        "coords2D": "2D: (397922.061, 808228.924)",
        "coords3D_original": "3D_Original: (-793548.981, 426441.300, 0.000)",
        "coords3D": "3D: (-0.852, 2.765, 4.742)",
        "coordsMtEden": "MtEden: (397922.061, 808228.924, -0.806)",
        "easting": 397922.0609779986,
        "northing": 808228.9238661051,
        "longitude": 174.74087892746115,
        "latitude": -36.80556117297526,
        "group": "R0 - Reddish (229 points)",
        "canvasX": 430.00345164878865,
        "canvasY": 391.3844812380088,
        "variant": "northing_easting_direct"
      }
    },
    {
      "type": "Feature",
      "geometry": {
        "type": "Point",
        "coordinates": [
          -1.4279938673134893,
          2.265808946103789,
          4.77310054644
        ]
      },
      "properties": {
        "id": "0_156",
        "camera": "R0 - Reddish (Point)",
        "frame": "0344",
        "image": "pano_camera0/frame_0344_hp_preview.jpg",
        "frameId": "0344",
        "height": -0.458745,
        "coords2D": "2D: (397921.485, 808228.425)",
        "coords3D_original": "3D_Original: (-793548.981, 426441.300, 0.000)",
        "coords3D": "3D: (-1.428, 2.266, 4.773)",
        "coordsMtEden": "MtEden: (397921.485, 808228.425, -0.459)",
        "easting": 397921.48450613266,
        "northing": 808228.4248089461,
        "longitude": 174.7408724655024,
        "latitude": -36.80556566922315,
        "group": "R0 - Reddish (229 points)",
        "canvasX": 420.559629285974,
        "canvasY": 399.5600877820238,
        "variant": "northing_easting_direct"
      }
    },
    {
      "type": "Feature",
      "geometry": {
        "type": "Point",
        "coordinates": [
          -1.7158930199220777,
          2.766150279319845,
          4.77532167512
        ]
      },
      "properties": {
        "id": "0_157",
        "camera": "R0 - Reddish (Point)",
        "frame": "0345",
        "image": "pano_camera0/frame_0345_hp_preview.jpg",
        "frameId": "0345",
        "height": -0.544333,
        "coords2D": "2D: (397921.197, 808228.925)",
        "coords3D_original": "3D_Original: (-793548.981, 426441.300, 0.000)",
        "coords3D": "3D: (-1.716, 2.766, 4.775)",
        "coordsMtEden": "MtEden: (397921.197, 808228.925, -0.544)",
        "easting": 397921.19660698005,
        "northing": 808228.9251502793,
        "longitude": 174.74086924034432,
        "latitude": -36.80556115950504,
        "group": "R0 - Reddish (229 points)",
        "canvasX": 415.8432352751912,
        "canvasY": 391.36344376161094,
        "variant": "northing_easting_direct"
      }
    },
    {
      "type": "Feature",
      "geometry": {
        "type": "Point",
        "coordinates": [
          -1.7672542639193125,
          3.351232080371119,
          4.75655527032
        ]
      },
      "properties": {
        "id": "0_158",
        "camera": "R0 - Reddish (Point)",
        "frame": "0346",
        "image": "pano_camera0/frame_0346_hp_preview.jpg",
        "frameId": "0346",
        "height": -0.730898,
        "coords2D": "2D: (397921.145, 808229.510)",
        "coords3D_original": "3D_Original: (-793548.981, 426441.300, 0.000)",
        "coords3D": "3D: (-1.767, 3.351, 4.757)",
        "coordsMtEden": "MtEden: (397921.145, 808229.510, -0.731)",
        "easting": 397921.14524573606,
        "northing": 808229.5102320804,
        "longitude": 174.74086866632945,
        "latitude": -36.80555588662337,
        "group": "R0 - Reddish (229 points)",
        "canvasX": 415.0018300067402,
        "canvasY": 381.77857254112746,
        "variant": "northing_easting_direct"
      }
    },
    {
      "type": "Feature",
      "geometry": {
        "type": "Point",
        "coordinates": [
          -1.6307822747621685,
          3.834721235674806,
          4.7495933278399995
        ]
      },
      "properties": {
        "id": "0_159",
        "camera": "R0 - Reddish (Point)",
        "frame": "0347",
        "image": "pano_camera0/frame_0347_hp_preview.jpg",
        "frameId": "0347",
        "height": -0.939302,
        "coords2D": "2D: (397921.282, 808229.994)",
        "coords3D_original": "3D_Original: (-793548.981, 426441.300, 0.000)",
        "coords3D": "3D: (-1.631, 3.835, 4.750)",
        "coordsMtEden": "MtEden: (397921.282, 808229.994, -0.939)",
        "easting": 397921.2817177252,
        "northing": 808229.9937212357,
        "longitude": 174.7408701971089,
        "latitude": -36.805551529709014,
        "group": "R0 - Reddish (229 points)",
        "canvasX": 417.23752839843826,
        "canvasY": 373.8580026632114,
        "variant": "northing_easting_direct"
      }
    },
    {
      "type": "Feature",
      "geometry": {
        "type": "Point",
        "coordinates": [
          -1.499000248964876,
          4.389183139894158,
          4.74812023068
        ]
      },
      "properties": {
        "id": "0_160",
        "camera": "R0 - Reddish (Point)",
        "frame": "0348",
        "image": "pano_camera0/frame_0348_hp_preview.jpg",
        "frameId": "0348",
        "height": -1.170804,
        "coords2D": "2D: (397921.413, 808230.548)",
        "coords3D_original": "3D_Original: (-793548.981, 426441.300, 0.000)",
        "coords3D": "3D: (-1.499, 4.389, 4.748)",
        "coordsMtEden": "MtEden: (397921.413, 808230.548, -1.171)",
        "easting": 397921.413499751,
        "northing": 808230.5481831399,
        "longitude": 174.74087167552085,
        "latitude": -36.8055465331765,
        "group": "R0 - Reddish (229 points)",
        "canvasX": 419.3963953190015,
        "canvasY": 364.77474979370606,
        "variant": "northing_easting_direct"
      }
    },
    {
      "type": "Feature",
      "geometry": {
        "type": "Point",
        "coordinates": [
          -1.1891368252108805,
          5.703283741371706,
          4.7044620928
        ]
      },
      "properties": {
        "id": "0_161",
        "camera": "R0 - Reddish (Point)",
        "frame": "0349",
        "image": "pano_camera0/frame_0349_hp_preview.jpg",
        "frameId": "0349",
        "height": -1.718727,
        "coords2D": "2D: (397921.723, 808231.862)",
        "coords3D_original": "3D_Original: (-793548.981, 426441.300, 0.000)",
        "coords3D": "3D: (-1.189, 5.703, 4.704)",
        "coordsMtEden": "MtEden: (397921.723, 808231.862, -1.719)",
        "easting": 397921.72336317477,
        "northing": 808231.8622837414,
        "longitude": 174.74087515178732,
        "latitude": -36.80553469115565,
        "group": "R0 - Reddish (229 points)",
        "canvasX": 424.4726103159998,
        "canvasY": 343.24701638269494,
        "variant": "northing_easting_direct"
      }
    },
    {
      "type": "Feature",
      "geometry": {
        "type": "Point",
        "coordinates": [
          -1.205888787517324,
          6.326903290464543,
          4.6574476555999995
        ]
      },
      "properties": {
        "id": "0_162",
        "camera": "R0 - Reddish (Point)",
        "frame": "0350",
        "image": "pano_camera0/frame_0350_hp_preview.jpg",
        "frameId": "0350",
        "height": -1.929097,
        "coords2D": "2D: (397921.707, 808232.486)",
        "coords3D_original": "3D_Original: (-793548.981, 426441.300, 0.000)",
        "coords3D": "3D: (-1.206, 6.327, 4.657)",
        "coordsMtEden": "MtEden: (397921.707, 808232.486, -1.929)",
        "easting": 397921.70661121246,
        "northing": 808232.4859032904,
        "longitude": 174.74087496574805,
        "latitude": -36.805529071047,
        "group": "R0 - Reddish (229 points)",
        "canvasX": 424.19817791873476,
        "canvasY": 333.0308157454945,
        "variant": "northing_easting_direct"
      }
    },
    {
      "type": "Feature",
      "geometry": {
        "type": "Point",
        "coordinates": [
          -1.2413740457850508,
          6.790926120243967,
          4.639882038240001
        ]
      },
      "properties": {
        "id": "0_163",
        "camera": "R0 - Reddish (Point)",
        "frame": "0351",
        "image": "pano_camera0/frame_0351_hp_preview.jpg",
        "frameId": "0351",
        "height": -2.078651,
        "coords2D": "2D: (397921.671, 808232.950)",
        "coords3D_original": "3D_Original: (-793548.981, 426441.300, 0.000)",
        "coords3D": "3D: (-1.241, 6.791, 4.640)",
        "coordsMtEden": "MtEden: (397921.671, 808232.950, -2.079)",
        "easting": 397921.6711259542,
        "northing": 808232.9499261202,
        "longitude": 174.7408745693268,
        "latitude": -36.80552488918605,
        "group": "R0 - Reddish (229 points)",
        "canvasX": 423.61685470822374,
        "canvasY": 325.4291452456862,
        "variant": "northing_easting_direct"
      }
    },
    {
      "type": "Feature",
      "geometry": {
        "type": "Point",
        "coordinates": [
          -1.6610549778561108,
          7.761583026498556,
          4.6447934557199995
        ]
      },
      "properties": {
        "id": "0_164",
        "camera": "R0 - Reddish (Point)",
        "frame": "0352",
        "image": "pano_camera0/frame_0352_hp_preview.jpg",
        "frameId": "0352",
        "height": -2.286777,
        "coords2D": "2D: (397921.251, 808233.921)",
        "coords3D_original": "3D_Original: (-793548.981, 426441.300, 0.000)",
        "coords3D": "3D: (-1.661, 7.762, 4.645)",
        "coordsMtEden": "MtEden: (397921.251, 808233.921, -2.287)",
        "easting": 397921.2514450221,
        "northing": 808233.9205830265,
        "longitude": 174.7408698685592,
        "latitude": -36.80551614068526,
        "group": "R0 - Reddish (229 points)",
        "canvasX": 416.7415978123355,
        "canvasY": 309.5277423497331,
        "variant": "northing_easting_direct"
      }
    },
    {
      "type": "Feature",
      "geometry": {
        "type": "Point",
        "coordinates": [
          -1.97422579547856,
          8.135449553490616,
          4.688530333759999
        ]
      },
      "properties": {
        "id": "0_165",
        "camera": "R0 - Reddish (Point)",
        "frame": "0353",
        "image": "pano_camera0/frame_0353_hp_preview.jpg",
        "frameId": "0353",
        "height": -2.32101,
        "coords2D": "2D: (397920.938, 808234.294)",
        "coords3D_original": "3D_Original: (-793548.981, 426441.300, 0.000)",
        "coords3D": "3D: (-1.974, 8.135, 4.689)",
        "coordsMtEden": "MtEden: (397920.938, 808234.294, -2.321)",
        "easting": 397920.9382742045,
        "northing": 808234.2944495535,
        "longitude": 174.7408663598353,
        "latitude": -36.80551277070505,
        "group": "R0 - Reddish (229 points)",
        "canvasX": 411.6112007434774,
        "canvasY": 303.40302182579876,
        "variant": "northing_easting_direct"
      }
    },
    {
      "type": "Feature",
      "geometry": {
        "type": "Point",
        "coordinates": [
          -2.306485399894882,
          8.938256677472964,
          4.703612355240001
        ]
      },
      "properties": {
        "id": "0_166",
        "camera": "R0 - Reddish (Point)",
        "frame": "0354",
        "image": "pano_camera0/frame_0354_hp_preview.jpg",
        "frameId": "0354",
        "height": -2.497647,
        "coords2D": "2D: (397920.606, 808235.097)",
        "coords3D_original": "3D_Original: (-793548.981, 426441.300, 0.000)",
        "coords3D": "3D: (-2.306, 8.938, 4.704)",
        "coordsMtEden": "MtEden: (397920.606, 808235.097, -2.498)",
        "easting": 397920.6060146001,
        "northing": 808235.0972566775,
        "longitude": 174.7408626383527,
        "latitude": -36.80550553506151,
        "group": "R0 - Reddish (229 points)",
        "canvasX": 406.1680891746922,
        "canvasY": 290.25135160699523,
        "variant": "northing_easting_direct"
      }
    },
    {
      "type": "Feature",
      "geometry": {
        "type": "Point",
        "coordinates": [
          -2.2355531962239183,
          9.393448485177942,
          4.74013466612
        ]
      },
      "properties": {
        "id": "0_167",
        "camera": "R0 - Reddish (Point)",
        "frame": "0355",
        "image": "pano_camera0/frame_0355_hp_preview.jpg",
        "frameId": "0355",
        "height": -2.676408,
        "coords2D": "2D: (397920.677, 808235.552)",
        "coords3D_original": "3D_Original: (-793548.981, 426441.300, 0.000)",
        "coords3D": "3D: (-2.236, 9.393, 4.740)",
        "coordsMtEden": "MtEden: (397920.677, 808235.552, -2.676)",
        "easting": 397920.67694680375,
        "northing": 808235.5524484852,
        "longitude": 174.74086343454172,
        "latitude": -36.80550143301954,
        "group": "R0 - Reddish (229 points)",
        "canvasX": 407.3301079491805,
        "canvasY": 282.79435183457144,
        "variant": "northing_easting_direct"
      }
    },
    {
      "type": "Feature",
      "geometry": {
        "type": "Point",
        "coordinates": [
          -1.5003703471738845,
          9.958334424998611,
          4.75962613656
        ]
      },
      "properties": {
        "id": "0_168",
        "camera": "R0 - Reddish (Point)",
        "frame": "0356",
        "image": "pano_camera0/frame_0356_hp_preview.jpg",
        "frameId": "0356",
        "height": -3.094418,
        "coords2D": "2D: (397921.412, 808236.117)",
        "coords3D_original": "3D_Original: (-793548.981, 426441.300, 0.000)",
        "coords3D": "3D: (-1.500, 9.958, 4.760)",
        "coordsMtEden": "MtEden: (397921.412, 808236.117, -3.094)",
        "easting": 397921.4121296528,
        "northing": 808236.117334425,
        "longitude": 174.7408716753688,
        "latitude": -36.80549634387021,
        "group": "R0 - Reddish (229 points)",
        "canvasX": 419.373950227778,
        "canvasY": 273.54033132367056,
        "variant": "northing_easting_direct"
      }
    },
    {
      "type": "Feature",
      "geometry": {
        "type": "Point",
        "coordinates": [
          -0.9601171191898175,
          10.324170554988086,
          4.70745749972
        ]
      },
      "properties": {
        "id": "0_169",
        "camera": "R0 - Reddish (Point)",
        "frame": "0357",
        "image": "pano_camera0/frame_0357_hp_preview.jpg",
        "frameId": "0357",
        "height": -3.384572,
        "coords2D": "2D: (397921.952, 808236.483)",
        "coords3D_original": "3D_Original: (-793548.981, 426441.300, 0.000)",
        "coords3D": "3D: (-0.960, 10.324, 4.707)",
        "coordsMtEden": "MtEden: (397921.952, 808236.483, -3.385)",
        "easting": 397921.9523828808,
        "northing": 808236.483170555,
        "longitude": 174.74087773105148,
        "latitude": -36.80549304813342,
        "group": "R0 - Reddish (229 points)",
        "canvasX": 428.2244350783605,
        "canvasY": 267.5471656032787,
        "variant": "northing_easting_direct"
      }
    },
    {
      "type": "Feature",
      "geometry": {
        "type": "Point",
        "coordinates": [
          -0.7690548516693525,
          10.395022704149596,
          4.64494109352
        ]
      },
      "properties": {
        "id": "0_170",
        "camera": "R0 - Reddish (Point)",
        "frame": "0358",
        "image": "pano_camera0/frame_0358_hp_preview.jpg",
        "frameId": "0358",
        "height": -3.466966,
        "coords2D": "2D: (397922.143, 808236.554)",
        "coords3D_original": "3D_Original: (-793548.981, 426441.300, 0.000)",
        "coords3D": "3D: (-0.769, 10.395, 4.645)",
        "coordsMtEden": "MtEden: (397922.143, 808236.554, -3.467)",
        "easting": 397922.1434451483,
        "northing": 808236.5540227041,
        "longitude": 174.74087987250306,
        "latitude": -36.805492410031704,
        "group": "R0 - Reddish (229 points)",
        "canvasX": 431.35443711545963,
        "canvasY": 266.38645828992435,
        "variant": "northing_easting_direct"
      }
    },
    {
      "type": "Feature",
      "geometry": {
        "type": "Point",
        "coordinates": [
          -0.684546553355176,
          10.386626571184024,
          4.614763927199999
        ]
      },
      "properties": {
        "id": "0_171",
        "camera": "R0 - Reddish (Point)",
        "frame": "0359",
        "image": "pano_camera0/frame_0359_hp_preview.jpg",
        "frameId": "0359",
        "height": -3.489682,
        "coords2D": "2D: (397922.228, 808236.546)",
        "coords3D_original": "3D_Original: (-793548.981, 426441.300, 0.000)",
        "coords3D": "3D: (-0.685, 10.387, 4.615)",
        "coordsMtEden": "MtEden: (397922.228, 808236.546, -3.490)",
        "easting": 397922.2279534466,
        "northing": 808236.5456265712,
        "longitude": 174.74088081957495,
        "latitude": -36.80549248588326,
        "group": "R0 - Reddish (229 points)",
        "canvasX": 432.73886089189506,
        "canvasY": 266.524004617824,
        "variant": "northing_easting_direct"
      }
    },
    {
      "type": "Feature",
      "geometry": {
        "type": "Point",
        "coordinates": [
          -0.7528710237238556,
          10.46547907916829,
          4.6640913566
        ]
      },
      "properties": {
        "id": "0_172",
        "camera": "R0 - Reddish (Point)",
        "frame": "0360",
        "image": "pano_camera0/frame_0360_hp_preview.jpg",
        "frameId": "0360",
        "height": -3.496213,
        "coords2D": "2D: (397922.160, 808236.624)",
        "coords3D_original": "3D_Original: (-793548.981, 426441.300, 0.000)",
        "coords3D": "3D: (-0.753, 10.465, 4.664)",
        "coordsMtEden": "MtEden: (397922.160, 808236.624, -3.496)",
        "easting": 397922.15962897625,
        "northing": 808236.6244790792,
        "longitude": 174.74088005406944,
        "latitude": -36.805491775112955,
        "group": "R0 - Reddish (229 points)",
        "canvasX": 431.6195622766594,
        "canvasY": 265.2322345908205,
        "variant": "northing_easting_direct"
      }
    },
    {
      "type": "Feature",
      "geometry": {
        "type": "Point",
        "coordinates": [
          -0.7469667982077226,
          10.472455676528625,
          4.660590700319999
        ]
      },
      "properties": {
        "id": "0_173",
        "camera": "R0 - Reddish (Point)",
        "frame": "0361",
        "image": "pano_camera0/frame_0361_hp_preview.jpg",
        "frameId": "0361",
        "height": -3.500413,
        "coords2D": "2D: (397922.166, 808236.631)",
        "coords3D_original": "3D_Original: (-793548.981, 426441.300, 0.000)",
        "coords3D": "3D: (-0.747, 10.472, 4.661)",
        "coordsMtEden": "MtEden: (397922.166, 808236.631, -3.500)",
        "easting": 397922.16553320177,
        "northing": 808236.6314556765,
        "longitude": 174.74088012025786,
        "latitude": -36.80549171225266,
        "group": "R0 - Reddish (229 points)",
        "canvasX": 431.71628591590706,
        "canvasY": 265.11794324377814,
        "variant": "northing_easting_direct"
      }
    },
    {
      "type": "Feature",
      "geometry": {
        "type": "Point",
        "coordinates": [
          -0.538085384585429,
          11.063936073565856,
          4.68334660656
        ]
      },
      "properties": {
        "id": "0_174",
        "camera": "R0 - Reddish (Point)",
        "frame": "0362",
        "image": "pano_camera0/frame_0362_hp_preview.jpg",
        "frameId": "0362",
        "height": -3.768075,
        "coords2D": "2D: (397922.374, 808237.223)",
        "coords3D_original": "3D_Original: (-793548.981, 426441.300, 0.000)",
        "coords3D": "3D: (-0.538, 11.064, 4.683)",
        "coordsMtEden": "MtEden: (397922.374, 808237.223, -3.768)",
        "easting": 397922.3744146154,
        "northing": 808237.2229360736,
        "longitude": 174.74088246283125,
        "latitude": -36.80548638227774,
        "group": "R0 - Reddish (229 points)",
        "canvasX": 435.13820306773937,
        "canvasY": 255.42824955458144,
        "variant": "northing_easting_direct"
      }
    },
    {
      "type": "Feature",
      "geometry": {
        "type": "Point",
        "coordinates": [
          -0.6693686333601363,
          11.35081077250652,
          4.69797915296
        ]
      },
      "properties": {
        "id": "0_175",
        "camera": "R0 - Reddish (Point)",
        "frame": "0363",
        "image": "pano_camera0/frame_0363_hp_preview.jpg",
        "frameId": "0363",
        "height": -3.827389,
        "coords2D": "2D: (397922.243, 808237.510)",
        "coords3D_original": "3D_Original: (-793548.981, 426441.300, 0.000)",
        "coords3D": "3D: (-0.669, 11.351, 4.698)",
        "coordsMtEden": "MtEden: (397922.243, 808237.510, -3.827)",
        "easting": 397922.2431313666,
        "northing": 808237.5098107725,
        "longitude": 174.74088099230676,
        "latitude": -36.80548379666912,
        "group": "R0 - Reddish (229 points)",
        "canvasX": 432.98750716351407,
        "canvasY": 250.72863825021452,
        "variant": "northing_easting_direct"
      }
    },
    {
      "type": "Feature",
      "geometry": {
        "type": "Point",
        "coordinates": [
          -1.067120682040695,
          11.757376178051345,
          4.79397325052
        ]
      },
      "properties": {
        "id": "0_176",
        "camera": "R0 - Reddish (Point)",
        "frame": "0364",
        "image": "pano_camera0/frame_0364_hp_preview.jpg",
        "frameId": "0364",
        "height": -3.84728,
        "coords2D": "2D: (397921.845, 808237.916)",
        "coords3D_original": "3D_Original: (-793548.981, 426441.300, 0.000)",
        "coords3D": "3D: (-1.067, 11.757, 4.794)",
        "coordsMtEden": "MtEden: (397921.845, 808237.916, -3.847)",
        "easting": 397921.84537931794,
        "northing": 808237.916376178,
        "longitude": 174.74087653576103,
        "latitude": -36.80548013182064,
        "group": "R0 - Reddish (229 points)",
        "canvasX": 426.471491526908,
        "canvasY": 244.06824128152348,
        "variant": "northing_easting_direct"
      }
    },
    {
      "type": "Feature",
      "geometry": {
        "type": "Point",
        "coordinates": [
          -1.2772796420031227,
          11.786615873570554,
          4.80182758148
        ]
      },
      "properties": {
        "id": "0_177",
        "camera": "R0 - Reddish (Point)",
        "frame": "0365",
        "image": "pano_camera0/frame_0365_hp_preview.jpg",
        "frameId": "0365",
        "height": -3.793677,
        "coords2D": "2D: (397921.635, 808237.946)",
        "coords3D_original": "3D_Original: (-793548.981, 426441.300, 0.000)",
        "coords3D": "3D: (-1.277, 11.787, 4.802)",
        "coordsMtEden": "MtEden: (397921.635, 808237.946, -3.794)",
        "easting": 397921.635220358,
        "northing": 808237.9456158736,
        "longitude": 174.74087418056408,
        "latitude": -36.80547986785066,
        "group": "R0 - Reddish (229 points)",
        "canvasX": 423.0286454779455,
        "canvasY": 243.58923353294534,
        "variant": "northing_easting_direct"
      }
    },
    {
      "type": "Feature",
      "geometry": {
        "type": "Point",
        "coordinates": [
          -1.9281686702743173,
          11.207339279004373,
          4.78144044172
        ]
      },
      "properties": {
        "id": "0_178",
        "camera": "R0 - Reddish (Point)",
        "frame": "0366",
        "image": "pano_camera0/frame_0366_hp_preview.jpg",
        "frameId": "0366",
        "height": -3.396247,
        "coords2D": "2D: (397920.984, 808237.366)",
        "coords3D_original": "3D_Original: (-793548.981, 426441.300, 0.000)",
        "coords3D": "3D: (-1.928, 11.207, 4.781)",
        "coordsMtEden": "MtEden: (397920.984, 808237.366, -3.396)",
        "easting": 397920.9843313297,
        "northing": 808237.366339279,
        "longitude": 174.7408668843907,
        "latitude": -36.80548508687414,
        "group": "R0 - Reddish (229 points)",
        "canvasX": 412.36571338253884,
        "canvasY": 253.07900325293585,
        "variant": "northing_easting_direct"
      }
    },
    {
      "type": "Feature",
      "geometry": {
        "type": "Point",
        "coordinates": [
          -1.9777800321462564,
          11.076351920026354,
          4.77179805296
        ]
      },
      "properties": {
        "id": "0_179",
        "camera": "R0 - Reddish (Point)",
        "frame": "0367",
        "image": "pano_camera0/frame_0367_hp_preview.jpg",
        "frameId": "0367",
        "height": -3.335955,
        "coords2D": "2D: (397920.935, 808237.235)",
        "coords3D_original": "3D_Original: (-793548.981, 426441.300, 0.000)",
        "coords3D": "3D: (-1.978, 11.076, 4.772)",
        "coordsMtEden": "MtEden: (397920.935, 808237.235, -3.336)",
        "easting": 397920.93471996783,
        "northing": 808237.23535192,
        "longitude": 174.74086632803252,
        "latitude": -36.80548626722593,
        "group": "R0 - Reddish (229 points)",
        "canvasX": 411.5529748668945,
        "canvasY": 255.2248518601899,
        "variant": "northing_easting_direct"
      }
    },
    {
      "type": "Feature",
      "geometry": {
        "type": "Point",
        "coordinates": [
          -2.191004390537273,
          10.382137475535274,
          4.734399757799999
        ]
      },
      "properties": {
        "id": "0_180",
        "camera": "R0 - Reddish (Point)",
        "frame": "0368",
        "image": "pano_camera0/frame_0368_hp_preview.jpg",
        "frameId": "0368",
        "height": -3.031484,
        "coords2D": "2D: (397920.721, 808236.541)",
        "coords3D_original": "3D_Original: (-793548.981, 426441.300, 0.000)",
        "coords3D": "3D: (-2.191, 10.382, 4.734)",
        "coordsMtEden": "MtEden: (397920.721, 808236.541, -3.031)",
        "easting": 397920.72149560944,
        "northing": 808236.5411374755,
        "longitude": 174.74086393650555,
        "latitude": -36.80549252303231,
        "group": "R0 - Reddish (229 points)",
        "canvasX": 408.05991114075664,
        "canvasY": 266.5975454520411,
        "variant": "northing_easting_direct"
      }
    },
    {
      "type": "Feature",
      "geometry": {
        "type": "Point",
        "coordinates": [
          -2.6078484932077117,
          8.941018352634273,
          4.7345244297199995
        ]
      },
      "properties": {
        "id": "0_181",
        "camera": "R0 - Reddish (Point)",
        "frame": "0369",
        "image": "pano_camera0/frame_0369_hp_preview.jpg",
        "frameId": "0369",
        "height": -2.40725,
        "coords2D": "2D: (397920.305, 808235.100)",
        "coords3D_original": "3D_Original: (-793548.981, 426441.300, 0.000)",
        "coords3D": "3D: (-2.608, 8.941, 4.735)",
        "coordsMtEden": "MtEden: (397920.305, 808235.100, -2.407)",
        "easting": 397920.30465150677,
        "northing": 808235.1000183526,
        "longitude": 174.74085926094662,
        "latitude": -36.80550550951141,
        "group": "R0 - Reddish (229 points)",
        "canvasX": 401.23112747992474,
        "canvasY": 290.20610955584294,
        "variant": "northing_easting_direct"
      }
    },
    {
      "type": "Feature",
      "geometry": {
        "type": "Point",
        "coordinates": [
          -2.920764331240207,
          8.62697407847736,
          4.64431445308
        ]
      },
      "properties": {
        "id": "0_182",
        "camera": "R0 - Reddish (Point)",
        "frame": "0370",
        "image": "pano_camera0/frame_0370_hp_preview.jpg",
        "frameId": "0370",
        "height": -2.203901,
        "coords2D": "2D: (397919.992, 808234.786)",
        "coords3D_original": "3D_Original: (-793548.981, 426441.300, 0.000)",
        "coords3D": "3D: (-2.921, 8.627, 4.644)",
        "coordsMtEden": "MtEden: (397919.992, 808234.786, -2.204)",
        "easting": 397919.99173566874,
        "northing": 808234.7859740785,
        "longitude": 174.7408557532021,
        "latitude": -36.80550833899741,
        "group": "R0 - Reddish (229 points)",
        "canvasX": 396.10490751363255,
        "canvasY": 295.3508156810615,
        "variant": "northing_easting_direct"
      }
    },
    {
      "type": "Feature",
      "geometry": {
        "type": "Point",
        "coordinates": [
          -3.349214534915518,
          8.600658672163263,
          4.7479233802800005
        ]
      },
      "properties": {
        "id": "0_183",
        "camera": "R0 - Reddish (Point)",
        "frame": "0371",
        "image": "pano_camera0/frame_0371_hp_preview.jpg",
        "frameId": "0371",
        "height": -2.064935,
        "coords2D": "2D: (397919.563, 808234.760)",
        "coords3D_original": "3D_Original: (-793548.981, 426441.300, 0.000)",
        "coords3D": "3D: (-3.349, 8.601, 4.748)",
        "coordsMtEden": "MtEden: (397919.563, 808234.760, -2.065)",
        "easting": 397919.56328546506,
        "northing": 808234.7596586721,
        "longitude": 174.7408509514354,
        "latitude": -36.805508575211135,
        "group": "R0 - Reddish (229 points)",
        "canvasX": 389.0859914928734,
        "canvasY": 295.7819174183786,
        "variant": "northing_easting_direct"
      }
    },
    {
      "type": "Feature",
      "geometry": {
        "type": "Point",
        "coordinates": [
          -3.7924503158428706,
          9.173492316156626,
          4.7348918838
        ]
      },
      "properties": {
        "id": "0_184",
        "camera": "R0 - Reddish (Point)",
        "frame": "0372",
        "image": "pano_camera0/frame_0372_hp_preview.jpg",
        "frameId": "0372",
        "height": -2.128481,
        "coords2D": "2D: (397919.120, 808235.332)",
        "coords3D_original": "3D_Original: (-793548.981, 426441.300, 0.000)",
        "coords3D": "3D: (-3.792, 9.173, 4.735)",
        "coordsMtEden": "MtEden: (397919.120, 808235.332, -2.128)",
        "easting": 397919.12004968413,
        "northing": 808235.3324923161,
        "longitude": 174.74084598560225,
        "latitude": -36.80550341184889,
        "group": "R0 - Reddish (229 points)",
        "canvasX": 381.82485660096285,
        "canvasY": 286.3976967867111,
        "variant": "northing_easting_direct"
      }
    },
    {
      "type": "Feature",
      "geometry": {
        "type": "Point",
        "coordinates": [
          -3.8340944740339182,
          9.950233639916405,
          4.76605658296
        ]
      },
      "properties": {
        "id": "0_185",
        "camera": "R0 - Reddish (Point)",
        "frame": "0373",
        "image": "pano_camera0/frame_0373_hp_preview.jpg",
        "frameId": "0373",
        "height": -2.384206,
        "coords2D": "2D: (397919.078, 808236.109)",
        "coords3D_original": "3D_Original: (-793548.981, 426441.300, 0.000)",
        "coords3D": "3D: (-3.834, 9.950, 4.766)",
        "coordsMtEden": "MtEden: (397919.078, 808236.109, -2.384)",
        "easting": 397919.07840552594,
        "northing": 808236.1092336399,
        "longitude": 174.74084552101374,
        "latitude": -36.80549641174894,
        "group": "R0 - Reddish (229 points)",
        "canvasX": 381.14263764876705,
        "canvasY": 273.67303923285925,
        "variant": "northing_easting_direct"
      }
    },
    {
      "type": "Feature",
      "geometry": {
        "type": "Point",
        "coordinates": [
          -4.295970279083122,
          11.422145251533948,
          4.7535598634
        ]
      },
      "properties": {
        "id": "0_186",
        "camera": "R0 - Reddish (Point)",
        "frame": "0374",
        "image": "pano_camera0/frame_0374_hp_preview.jpg",
        "frameId": "0374",
        "height": -2.752715,
        "coords2D": "2D: (397918.617, 808237.581)",
        "coords3D_original": "3D_Original: (-793548.981, 426441.300, 0.000)",
        "coords3D": "3D: (-4.296, 11.422, 4.754)",
        "coordsMtEden": "MtEden: (397918.617, 808237.581, -2.753)",
        "easting": 397918.6165297209,
        "northing": 808237.5811452515,
        "longitude": 174.74084034873835,
        "latitude": -36.80548314583671,
        "group": "R0 - Reddish (229 points)",
        "canvasX": 373.5761399328614,
        "canvasY": 249.56002935944076,
        "variant": "northing_easting_direct"
      }
    },
    {
      "type": "Feature",
      "geometry": {
        "type": "Point",
        "coordinates": [
          -4.590560216573067,
          11.719803692423739,
          4.7841536964
        ]
      },
      "properties": {
        "id": "0_187",
        "camera": "R0 - Reddish (Point)",
        "frame": "0375",
        "image": "pano_camera0/frame_0375_hp_preview.jpg",
        "frameId": "0375",
        "height": -2.766252,
        "coords2D": "2D: (397918.322, 808237.879)",
        "coords3D_original": "3D_Original: (-793548.981, 426441.300, 0.000)",
        "coords3D": "3D: (-4.591, 11.720, 4.784)",
        "coordsMtEden": "MtEden: (397918.322, 808237.879, -2.766)",
        "easting": 397918.3219397834,
        "northing": 808237.8788036924,
        "longitude": 174.74083704804707,
        "latitude": -36.80548046268526,
        "group": "R0 - Reddish (229 points)",
        "canvasX": 368.75013678410954,
        "canvasY": 244.6837576671701,
        "variant": "northing_easting_direct"
      }
    },
    {
      "type": "Feature",
      "geometry": {
        "type": "Point",
        "coordinates": [
          -5.058533168397844,
          11.923450749367476,
          4.82229674224
        ]
      },
      "properties": {
        "id": "0_188",
        "camera": "R0 - Reddish (Point)",
        "frame": "0376",
        "image": "pano_camera0/frame_0376_hp_preview.jpg",
        "frameId": "0376",
        "height": -2.694753,
        "coords2D": "2D: (397917.854, 808238.082)",
        "coords3D_original": "3D_Original: (-793548.981, 426441.300, 0.000)",
        "coords3D": "3D: (-5.059, 11.923, 4.822)",
        "coordsMtEden": "MtEden: (397917.854, 808238.082, -2.695)",
        "easting": 397917.8539668316,
        "northing": 808238.0824507494,
        "longitude": 174.74083180397466,
        "latitude": -36.805478626384975,
        "group": "R0 - Reddish (229 points)",
        "canvasX": 361.0837549729203,
        "canvasY": 241.34759029492727,
        "variant": "northing_easting_direct"
      }
    },
    {
      "type": "Feature",
      "geometry": {
        "type": "Point",
        "coordinates": [
          -5.477706876466982,
          12.028274843818508,
          4.84228690036
        ]
      },
      "properties": {
        "id": "0_189",
        "camera": "R0 - Reddish (Point)",
        "frame": "0377",
        "image": "pano_camera0/frame_0377_hp_preview.jpg",
        "frameId": "0377",
        "height": -2.603905,
        "coords2D": "2D: (397917.435, 808238.187)",
        "coords3D_original": "3D_Original: (-793548.981, 426441.300, 0.000)",
        "coords3D": "3D: (-5.478, 12.028, 4.842)",
        "coordsMtEden": "MtEden: (397917.435, 808238.187, -2.604)",
        "easting": 397917.4347931235,
        "northing": 808238.1872748438,
        "longitude": 174.7408271065312,
        "latitude": -36.80547768078632,
        "group": "R0 - Reddish (229 points)",
        "canvasX": 354.21680747328077,
        "canvasY": 239.63035102236728,
        "variant": "northing_easting_direct"
      }
    },
    {
      "type": "Feature",
      "geometry": {
        "type": "Point",
        "coordinates": [
          -6.856136865681037,
          12.13105795730371,
          4.94224753348
        ]
      },
      "properties": {
        "id": "0_190",
        "camera": "R0 - Reddish (Point)",
        "frame": "0378",
        "image": "pano_camera0/frame_0378_hp_preview.jpg",
        "frameId": "0378",
        "height": -2.221576,
        "coords2D": "2D: (397916.056, 808238.290)",
        "coords3D_original": "3D_Original: (-793548.981, 426441.300, 0.000)",
        "coords3D": "3D: (-6.856, 12.131, 4.942)",
        "coordsMtEden": "MtEden: (397916.056, 808238.290, -2.222)",
        "easting": 397916.0563631343,
        "northing": 808238.2900579573,
        "longitude": 174.7408116585821,
        "latitude": -36.80547675147019,
        "group": "R0 - Reddish (229 points)",
        "canvasX": 331.6352233092951,
        "canvasY": 237.9465473138289,
        "variant": "northing_easting_direct"
      }
    },
    {
      "type": "Feature",
      "geometry": {
        "type": "Point",
        "coordinates": [
          -7.259974094748031,
          12.059973387862556,
          4.91185383172
        ]
      },
      "properties": {
        "id": "0_191",
        "camera": "R0 - Reddish (Point)",
        "frame": "0379",
        "image": "pano_camera0/frame_0379_hp_preview.jpg",
        "frameId": "0379",
        "height": -2.074604,
        "coords2D": "2D: (397915.653, 808238.219)",
        "coords3D_original": "3D_Original: (-793548.981, 426441.300, 0.000)",
        "coords3D": "3D: (-7.260, 12.060, 4.912)",
        "coordsMtEden": "MtEden: (397915.653, 808238.219, -2.075)",
        "easting": 397915.6525259052,
        "northing": 808238.2189733878,
        "longitude": 174.74080713253522,
        "latitude": -36.805477391196916,
        "group": "R0 - Reddish (229 points)",
        "canvasX": 325.01951961128765,
        "canvasY": 239.11106216099856,
        "variant": "northing_easting_direct"
      }
    },
    {
      "type": "Feature",
      "geometry": {
        "type": "Point",
        "coordinates": [
          -7.778982401301619,
          11.86246867023874,
          4.907670760719999
        ]
      },
      "properties": {
        "id": "0_192",
        "camera": "R0 - Reddish (Point)",
        "frame": "0380",
        "image": "pano_camera0/frame_0380_hp_preview.jpg",
        "frameId": "0380",
        "height": -1.849045,
        "coords2D": "2D: (397915.134, 808238.021)",
        "coords3D_original": "3D_Original: (-793548.981, 426441.300, 0.000)",
        "coords3D": "3D: (-7.779, 11.862, 4.908)",
        "coordsMtEden": "MtEden: (397915.134, 808238.021, -1.849)",
        "easting": 397915.1335175987,
        "northing": 808238.0214686702,
        "longitude": 174.74080131540606,
        "latitude": -36.80547916997082,
        "group": "R0 - Reddish (229 points)",
        "canvasX": 316.51707128444855,
        "canvasY": 242.3466050892253,
        "variant": "northing_easting_direct"
      }
    },
    {
      "type": "Feature",
      "geometry": {
        "type": "Point",
        "coordinates": [
          -7.910667562275194,
          11.917902433662675,
          4.51641746736
        ]
      },
      "properties": {
        "id": "0_193",
        "camera": "R0 - Reddish (Point)",
        "frame": "0381",
        "image": "pano_camera0/frame_0381_hp_preview.jpg",
        "frameId": "0381",
        "height": -1.828279,
        "coords2D": "2D: (397915.002, 808238.077)",
        "coords3D_original": "3D_Original: (-793548.981, 426441.300, 0.000)",
        "coords3D": "3D: (-7.911, 11.918, 4.516)",
        "coordsMtEden": "MtEden: (397915.002, 808238.077, -1.828)",
        "easting": 397915.0018324377,
        "northing": 808238.0769024336,
        "longitude": 174.74079983974642,
        "latitude": -36.80547867011068,
        "group": "R0 - Reddish (229 points)",
        "canvasX": 314.35979121239717,
        "canvasY": 241.43848338194607,
        "variant": "northing_easting_direct"
      }
    },
    {
      "type": "Feature",
      "geometry": {
        "type": "Point",
        "coordinates": [
          -8.172481524758041,
          11.70812380046118,
          4.09341548532
        ]
      },
      "properties": {
        "id": "0_194",
        "camera": "R0 - Reddish (Point)",
        "frame": "0382",
        "image": "pano_camera0/frame_0382_hp_preview.jpg",
        "frameId": "0382",
        "height": -1.676442,
        "coords2D": "2D: (397914.740, 808237.867)",
        "coords3D_original": "3D_Original: (-793548.981, 426441.300, 0.000)",
        "coords3D": "3D: (-8.172, 11.708, 4.093)",
        "coordsMtEden": "MtEden: (397914.740, 808237.867, -1.676)",
        "easting": 397914.7400184752,
        "northing": 808237.8671238004,
        "longitude": 174.74079690499136,
        "latitude": -36.805480560063415,
        "group": "R0 - Reddish (229 points)",
        "canvasX": 310.0707275126479,
        "canvasY": 244.8750988785933,
        "variant": "northing_easting_direct"
      }
    },
    {
      "type": "Feature",
      "geometry": {
        "type": "Point",
        "coordinates": [
          -8.480914489016868,
          11.211600330774672,
          4.7682744308
        ]
      },
      "properties": {
        "id": "0_195",
        "camera": "R0 - Reddish (Point)",
        "frame": "0383",
        "image": "pano_camera0/frame_0383_hp_preview.jpg",
        "frameId": "0383",
        "height": -1.411409,
        "coords2D": "2D: (397914.432, 808237.371)",
        "coords3D_original": "3D_Original: (-793548.981, 426441.300, 0.000)",
        "coords3D": "3D: (-8.481, 11.212, 4.768)",
        "coordsMtEden": "MtEden: (397914.432, 808237.371, -1.411)",
        "easting": 397914.43158551096,
        "northing": 808237.3706003308,
        "longitude": 174.74079344698598,
        "latitude": -36.80548503406366,
        "group": "R0 - Reddish (229 points)",
        "canvasX": 305.0179464533686,
        "canvasY": 253.00919825798476,
        "variant": "northing_easting_direct"
      }
    },
    {
      "type": "Feature",
      "geometry": {
        "type": "Point",
        "coordinates": [
          -8.430478049442172,
          11.172137488145381,
          4.81262810676
        ]
      },
      "properties": {
        "id": "0_196",
        "camera": "R0 - Reddish (Point)",
        "frame": "0384",
        "image": "pano_camera0/frame_0384_hp_preview.jpg",
        "frameId": "0384",
        "height": -1.413064,
        "coords2D": "2D: (397914.482, 808237.331)",
        "coords3D_original": "3D_Original: (-793548.981, 426441.300, 0.000)",
        "coords3D": "3D: (-8.430, 11.172, 4.813)",
        "coordsMtEden": "MtEden: (397914.482, 808237.331, -1.413)",
        "easting": 397914.48202195053,
        "northing": 808237.3311374881,
        "longitude": 174.74079401212518,
        "latitude": -36.80548538981467,
        "group": "R0 - Reddish (229 points)",
        "canvasX": 305.84420147896907,
        "canvasY": 253.6556826708742,
        "variant": "northing_easting_direct"
      }
    },
    {
      "type": "Feature",
      "geometry": {
        "type": "Point",
        "coordinates": [
          -8.457029520475771,
          10.61878083832562,
          4.85153558832
        ]
      },
      "properties": {
        "id": "0_197",
        "camera": "R0 - Reddish (Point)",
        "frame": "0385",
        "image": "pano_camera0/frame_0385_hp_preview.jpg",
        "frameId": "0385",
        "height": -1.213842,
        "coords2D": "2D: (397914.455, 808236.778)",
        "coords3D_original": "3D_Original: (-793548.981, 426441.300, 0.000)",
        "coords3D": "3D: (-8.457, 10.619, 4.852)",
        "coordsMtEden": "MtEden: (397914.455, 808236.778, -1.214)",
        "easting": 397914.4554704795,
        "northing": 808236.7777808383,
        "longitude": 174.740793713044,
        "latitude": -36.80549037661747,
        "group": "R0 - Reddish (229 points)",
        "canvasX": 305.40923250480097,
        "canvasY": 262.7208291473207,
        "variant": "northing_easting_direct"
      }
    },
    {
      "type": "Feature",
      "geometry": {
        "type": "Point",
        "coordinates": [
          -8.585204031318426,
          9.442483653547242,
          4.8868374267200005
        ]
      },
      "properties": {
        "id": "0_198",
        "camera": "R0 - Reddish (Point)",
        "frame": "0386",
        "image": "pano_camera0/frame_0386_hp_preview.jpg",
        "frameId": "0386",
        "height": -0.768602,
        "coords2D": "2D: (397914.327, 808235.601)",
        "coords3D_original": "3D_Original: (-793548.981, 426441.300, 0.000)",
        "coords3D": "3D: (-8.585, 9.442, 4.887)",
        "coordsMtEden": "MtEden: (397914.327, 808235.601, -0.769)",
        "easting": 397914.32729596866,
        "northing": 808235.6014836535,
        "longitude": 174.7407922733546,
        "latitude": -36.80550097714906,
        "group": "R0 - Reddish (229 points)",
        "canvasX": 303.30946427026754,
        "canvasY": 281.9910525811311,
        "variant": "northing_easting_direct"
      }
    },
    {
      "type": "Feature",
      "geometry": {
        "type": "Point",
        "coordinates": [
          -8.699819456494879,
          8.906099073705263,
          4.88594831908
        ]
      },
      "properties": {
        "id": "0_199",
        "camera": "R0 - Reddish (Point)",
        "frame": "0387",
        "image": "pano_camera0/frame_0387_hp_preview.jpg",
        "frameId": "0387",
        "height": -0.548549,
        "coords2D": "2D: (397914.213, 808235.065)",
        "coords3D_original": "3D_Original: (-793548.981, 426441.300, 0.000)",
        "coords3D": "3D: (-8.700, 8.906, 4.886)",
        "coordsMtEden": "MtEden: (397914.213, 808235.065, -0.549)",
        "easting": 397914.2126805435,
        "northing": 808235.0650990737,
        "longitude": 174.7407909873761,
        "latitude": -36.805505810805215,
        "group": "R0 - Reddish (229 points)",
        "canvasX": 301.4318223948374,
        "canvasY": 290.77816083335017,
        "variant": "northing_easting_direct"
      }
    },
    {
      "type": "Feature",
      "geometry": {
        "type": "Point",
        "coordinates": [
          -8.8997178467107,
          7.206527890288271,
          4.8961714165200005
        ]
      },
      "properties": {
        "id": "0_200",
        "camera": "R0 - Reddish (Point)",
        "frame": "0388",
        "image": "pano_camera0/frame_0388_hp_preview.jpg",
        "frameId": "0388",
        "height": 0.099213,
        "coords2D": "2D: (397914.013, 808233.366)",
        "coords3D_original": "3D_Original: (-793548.981, 426441.300, 0.000)",
        "coords3D": "3D: (-8.900, 7.207, 4.896)",
        "coordsMtEden": "MtEden: (397914.013, 808233.366, 0.099)",
        "easting": 397914.01278215327,
        "northing": 808233.3655278903,
        "longitude": 174.74078874243395,
        "latitude": -36.805521126934536,
        "group": "R0 - Reddish (229 points)",
        "canvasX": 298.15706607185405,
        "canvasY": 318.62071360819516,
        "variant": "northing_easting_direct"
      }
    },
    {
      "type": "Feature",
      "geometry": {
        "type": "Point",
        "coordinates": [
          -8.941064624639694,
          6.109940787544474,
          4.87225737376
        ]
      },
      "properties": {
        "id": "0_201",
        "camera": "R0 - Reddish (Point)",
        "frame": "0389",
        "image": "pano_camera0/frame_0389_hp_preview.jpg",
        "frameId": "0389",
        "height": 0.490595,
        "coords2D": "2D: (397913.971, 808232.269)",
        "coords3D_original": "3D_Original: (-793548.981, 426441.300, 0.000)",
        "coords3D": "3D: (-8.941, 6.110, 4.872)",
        "coordsMtEden": "MtEden: (397913.971, 808232.269, 0.491)",
        "easting": 397913.97143537534,
        "northing": 808232.2689407875,
        "longitude": 174.74078827605118,
        "latitude": -36.805531009308446,
        "group": "R0 - Reddish (229 points)",
        "canvasX": 297.47971883487315,
        "canvasY": 336.58511814696254,
        "variant": "northing_easting_direct"
      }
    },
    {
      "type": "Feature",
      "geometry": {
        "type": "Point",
        "coordinates": [
          -8.91280179435853,
          5.666093691019341,
          4.838353173200001
        ]
      },
      "properties": {
        "id": "0_202",
        "camera": "R0 - Reddish (Point)",
        "frame": "0390",
        "image": "pano_camera0/frame_0390_hp_preview.jpg",
        "frameId": "0390",
        "height": 0.635368,
        "coords2D": "2D: (397914.000, 808231.825)",
        "coords3D_original": "3D_Original: (-793548.981, 426441.300, 0.000)",
        "coords3D": "3D: (-8.913, 5.666, 4.838)",
        "coordsMtEden": "MtEden: (397914.000, 808231.825, 0.635)",
        "easting": 397913.9996982056,
        "northing": 808231.825093691,
        "longitude": 174.74078859158038,
        "latitude": -36.805535009329645,
        "group": "R0 - Reddish (229 points)",
        "canvasX": 297.9427234746053,
        "canvasY": 343.8562676752043,
        "variant": "northing_easting_direct"
      }
    },
    {
      "type": "Feature",
      "geometry": {
        "type": "Point",
        "coordinates": [
          -8.5185083054821,
          4.755112063256092,
          4.85456708448
        ]
      },
      "properties": {
        "id": "0_203",
        "camera": "R0 - Reddish (Point)",
        "frame": "0391",
        "image": "pano_camera0/frame_0391_hp_preview.jpg",
        "frameId": "0391",
        "height": 0.830573,
        "coords2D": "2D: (397914.394, 808230.914)",
        "coords3D_original": "3D_Original: (-793548.981, 426441.300, 0.000)",
        "coords3D": "3D: (-8.519, 4.755, 4.855)",
        "coordsMtEden": "MtEden: (397914.394, 808230.914, 0.831)",
        "easting": 397914.3939916945,
        "northing": 808230.9141120632,
        "longitude": 174.74079300798297,
        "latitude": -36.80554321998287,
        "group": "R0 - Reddish (229 points)",
        "canvasX": 304.4020806228381,
        "canvasY": 358.7800639220144,
        "variant": "northing_easting_direct"
      }
    },
    {
      "type": "Feature",
      "geometry": {
        "type": "Point",
        "coordinates": [
          -8.31706481607398,
          4.70462044258602,
          4.84238204472
        ]
      },
      "properties": {
        "id": "0_204",
        "camera": "R0 - Reddish (Point)",
        "frame": "0392",
        "image": "pano_camera0/frame_0392_hp_preview.jpg",
        "frameId": "0392",
        "height": 0.786954,
        "coords2D": "2D: (397914.595, 808230.864)",
        "coords3D_original": "3D_Original: (-793548.981, 426441.300, 0.000)",
        "coords3D": "3D: (-8.317, 4.705, 4.842)",
        "coordsMtEden": "MtEden: (397914.595, 808230.864, 0.787)",
        "easting": 397914.5954351839,
        "northing": 808230.8636204426,
        "longitude": 174.74079526544796,
        "latitude": -36.80554367545806,
        "group": "R0 - Reddish (229 points)",
        "canvasX": 307.7021489225382,
        "canvasY": 359.6072229286723,
        "variant": "northing_easting_direct"
      }
    },
    {
      "type": "Feature",
      "geometry": {
        "type": "Point",
        "coordinates": [
          -8.108183227246627,
          5.06969382124953,
          4.8394194462
        ]
      },
      "properties": {
        "id": "0_205",
        "camera": "R0 - Reddish (Point)",
        "frame": "0393",
        "image": "pano_camera0/frame_0393_hp_preview.jpg",
        "frameId": "0393",
        "height": 0.597511,
        "coords2D": "2D: (397914.804, 808231.229)",
        "coords3D_original": "3D_Original: (-793548.981, 426441.300, 0.000)",
        "coords3D": "3D: (-8.108, 5.070, 4.839)",
        "coordsMtEden": "MtEden: (397914.804, 808231.229, 0.598)",
        "easting": 397914.80431677273,
        "northing": 808231.2286938212,
        "longitude": 174.74079760741077,
        "latitude": -36.805540385869456,
        "group": "R0 - Reddish (229 points)",
        "canvasX": 311.1240689436918,
        "canvasY": 353.626552680207,
        "variant": "northing_easting_direct"
      }
    },
    {
      "type": "Feature",
      "geometry": {
        "type": "Point",
        "coordinates": [
          -8.179046524281148,
          5.55020680942107,
          4.81053493084
        ]
      },
      "properties": {
        "id": "0_206",
        "camera": "R0 - Reddish (Point)",
        "frame": "0394",
        "image": "pano_camera0/frame_0394_hp_preview.jpg",
        "frameId": "0394",
        "height": 0.452984,
        "coords2D": "2D: (397914.733, 808231.709)",
        "coords3D_original": "3D_Original: (-793548.981, 426441.300, 0.000)",
        "coords3D": "3D: (-8.179, 5.550, 4.811)",
        "coordsMtEden": "MtEden: (397914.733, 808231.709, 0.453)",
        "easting": 397914.7334534757,
        "northing": 808231.7092068094,
        "longitude": 174.7407968145526,
        "latitude": -36.80553605532072,
        "group": "R0 - Reddish (229 points)",
        "canvasX": 309.96317900472553,
        "canvasY": 345.75473868169956,
        "variant": "northing_easting_direct"
      }
    },
    {
      "type": "Feature",
      "geometry": {
        "type": "Point",
        "coordinates": [
          -8.324732260894962,
          6.350346741965041,
          4.78987548136
        ]
      },
      "properties": {
        "id": "0_207",
        "camera": "R0 - Reddish (Point)",
        "frame": "0395",
        "image": "pano_camera0/frame_0395_hp_preview.jpg",
        "frameId": "0395",
        "height": 0.220713,
        "coords2D": "2D: (397914.588, 808232.509)",
        "coords3D_original": "3D_Original: (-793548.981, 426441.300, 0.000)",
        "coords3D": "3D: (-8.325, 6.350, 4.790)",
        "coordsMtEden": "MtEden: (397914.588, 808232.509, 0.221)",
        "easting": 397914.5877677391,
        "northing": 808232.509346742,
        "longitude": 174.7407951840252,
        "latitude": -36.80552884412273,
        "group": "R0 - Reddish (229 points)",
        "canvasX": 307.5765400397978,
        "canvasY": 332.6467626731514,
        "variant": "northing_easting_direct"
      }
    },
    {
      "type": "Feature",
      "geometry": {
        "type": "Point",
        "coordinates": [
          -8.19348840956809,
          7.183299987227656,
          4.7895506781999995
        ]
      },
      "properties": {
        "id": "0_208",
        "camera": "R0 - Reddish (Point)",
        "frame": "0396",
        "image": "pano_camera0/frame_0396_hp_preview.jpg",
        "frameId": "0396",
        "height": -0.106839,
        "coords2D": "2D: (397914.719, 808233.342)",
        "coords3D_original": "3D_Original: (-793548.981, 426441.300, 0.000)",
        "coords3D": "3D: (-8.193, 7.183, 4.790)",
        "coordsMtEden": "MtEden: (397914.719, 808233.342, -0.107)",
        "easting": 397914.7190115904,
        "northing": 808233.3422999872,
        "longitude": 174.74079665717295,
        "latitude": -36.8055213378204,
        "group": "R0 - Reddish (229 points)",
        "canvasX": 309.7265905303707,
        "canvasY": 319.00123554398505,
        "variant": "northing_easting_direct"
      }
    },
    {
      "type": "Feature",
      "geometry": {
        "type": "Point",
        "coordinates": [
          -7.257574931427371,
          7.583473699633032,
          4.8449968742000005
        ]
      },
      "properties": {
        "id": "0_209",
        "camera": "R0 - Reddish (Point)",
        "frame": "0397",
        "image": "pano_camera0/frame_0397_hp_preview.jpg",
        "frameId": "0397",
        "height": -0.528791,
        "coords2D": "2D: (397915.655, 808233.742)",
        "coords3D_original": "3D_Original: (-793548.981, 426441.300, 0.000)",
        "coords3D": "3D: (-7.258, 7.583, 4.845)",
        "coordsMtEden": "MtEden: (397915.655, 808233.742, -0.529)",
        "easting": 397915.65492506855,
        "northing": 808233.7424736996,
        "longitude": 174.74080714716905,
        "latitude": -36.80551773350747,
        "group": "R0 - Reddish (229 points)",
        "canvasX": 325.05882295602277,
        "canvasY": 312.4455479591629,
        "variant": "northing_easting_direct"
      }
    },
    {
      "type": "Feature",
      "geometry": {
        "type": "Point",
        "coordinates": [
          -6.88776755426079,
          7.551071311347187,
          4.833750154680001
        ]
      },
      "properties": {
        "id": "0_210",
        "camera": "R0 - Reddish (Point)",
        "frame": "0398",
        "image": "pano_camera0/frame_0398_hp_preview.jpg",
        "frameId": "0398",
        "height": -0.629695,
        "coords2D": "2D: (397916.025, 808233.710)",
        "coords3D_original": "3D_Original: (-793548.981, 426441.300, 0.000)",
        "coords3D": "3D: (-6.888, 7.551, 4.834)",
        "coordsMtEden": "MtEden: (397916.025, 808233.710, -0.630)",
        "easting": 397916.0247324457,
        "northing": 808233.7100713113,
        "longitude": 174.7408112915582,
        "latitude": -36.8055180263324,
        "group": "R0 - Reddish (229 points)",
        "canvasX": 331.1170460623057,
        "canvasY": 312.97636727097716,
        "variant": "northing_easting_direct"
      }
    },
    {
      "type": "Feature",
      "geometry": {
        "type": "Point",
        "coordinates": [
          -6.084677209088113,
          6.8878578243311495,
          4.8459581603199995
        ]
      },
      "properties": {
        "id": "0_211",
        "camera": "R0 - Reddish (Point)",
        "frame": "0399",
        "image": "pano_camera0/frame_0399_hp_preview.jpg",
        "frameId": "0399",
        "height": -0.644006,
        "coords2D": "2D: (397916.828, 808233.047)",
        "coords3D_original": "3D_Original: (-793548.981, 426441.300, 0.000)",
        "coords3D": "3D: (-6.085, 6.888, 4.846)",
        "coordsMtEden": "MtEden: (397916.828, 808233.047, -0.644)",
        "easting": 397916.8278227909,
        "northing": 808233.0468578243,
        "longitude": 174.74082029007846,
        "latitude": -36.8055240049928,
        "group": "R0 - Reddish (229 points)",
        "canvasX": 344.2733560399746,
        "canvasY": 323.84119993782815,
        "variant": "northing_easting_direct"
      }
    },
    {
      "type": "Feature",
      "geometry": {
        "type": "Point",
        "coordinates": [
          -5.988441438355949,
          5.7669541059294716,
          4.79863204332
        ]
      },
      "properties": {
        "id": "0_212",
        "camera": "R0 - Reddish (Point)",
        "frame": "0400",
        "image": "pano_camera0/frame_0400_hp_preview.jpg",
        "frameId": "0400",
        "height": -0.285928,
        "coords2D": "2D: (397916.924, 808231.926)",
        "coords3D_original": "3D_Original: (-793548.981, 426441.300, 0.000)",
        "coords3D": "3D: (-5.988, 5.767, 4.799)",
        "coordsMtEden": "MtEden: (397916.924, 808231.926, -0.286)",
        "easting": 397916.9240585616,
        "northing": 808231.9259541059,
        "longitude": 174.74082136553847,
        "latitude": -36.80553410681132,
        "group": "R0 - Reddish (229 points)",
        "canvasX": 345.84990049532746,
        "canvasY": 342.20396181484324,
        "variant": "northing_easting_direct"
      }
    },
    {
      "type": "Feature",
      "geometry": {
        "type": "Point",
        "coordinates": [
          -5.97688574262429,
          4.8815453795250505,
          4.79284136072
        ]
      },
      "properties": {
        "id": "0_213",
        "camera": "R0 - Reddish (Point)",
        "frame": "0401",
        "image": "pano_camera0/frame_0401_hp_preview.jpg",
        "frameId": "0401",
        "height": 0.01646,
        "coords2D": "2D: (397916.936, 808231.041)",
        "coords3D_original": "3D_Original: (-793548.981, 426441.300, 0.000)",
        "coords3D": "3D: (-5.977, 4.882, 4.793)",
        "coordsMtEden": "MtEden: (397916.936, 808231.041, 0.016)",
        "easting": 397916.93561425735,
        "northing": 808231.0405453795,
        "longitude": 174.74082149262242,
        "latitude": -36.805542086157956,
        "group": "R0 - Reddish (229 points)",
        "canvasX": 346.0392071105308,
        "canvasY": 356.70882011836204,
        "variant": "northing_easting_direct"
      }
    },
    {
      "type": "Feature",
      "geometry": {
        "type": "Point",
        "coordinates": [
          -5.970415456627961,
          4.822171969222836,
          4.78995422152
        ]
      },
      "properties": {
        "id": "0_214",
        "camera": "R0 - Reddish (Point)",
        "frame": "0402",
        "image": "pano_camera0/frame_0402_hp_preview.jpg",
        "frameId": "0402",
        "height": 0.035011,
        "coords2D": "2D: (397916.942, 808230.981)",
        "coords3D_original": "3D_Original: (-793548.981, 426441.300, 0.000)",
        "coords3D": "3D: (-5.970, 4.822, 4.790)",
        "coordsMtEden": "MtEden: (397916.942, 808230.981, 0.035)",
        "easting": 397916.94208454335,
        "northing": 808230.9811719692,
        "longitude": 174.74082156497332,
        "latitude": -36.80554262124656,
        "group": "R0 - Reddish (229 points)",
        "canvasX": 346.1452040121884,
        "canvasY": 357.6814815325299,
        "variant": "northing_easting_direct"
      }
    },
    {
      "type": "Feature",
      "geometry": {
        "type": "Point",
        "coordinates": [
          -5.973355166439433,
          3.984334589797072,
          4.77733283004
        ]
      },
      "properties": {
        "id": "0_215",
        "camera": "R0 - Reddish (Point)",
        "frame": "0403",
        "image": "pano_camera0/frame_0403_hp_preview.jpg",
        "frameId": "0403",
        "height": 0.325358,
        "coords2D": "2D: (397916.939, 808230.143)",
        "coords3D_original": "3D_Original: (-793548.981, 426441.300, 0.000)",
        "coords3D": "3D: (-5.973, 3.984, 4.777)",
        "coordsMtEden": "MtEden: (397916.939, 808230.143, 0.325)",
        "easting": 397916.93914483354,
        "northing": 808230.1433345898,
        "longitude": 174.74082152973554,
        "latitude": -36.80555017184734,
        "group": "R0 - Reddish (229 points)",
        "canvasX": 346.0970453793381,
        "canvasY": 371.4070210582762,
        "variant": "northing_easting_direct"
      }
    },
    {
      "type": "Feature",
      "geometry": {
        "type": "Point",
        "coordinates": [
          -5.11948160949396,
          3.23930233810097,
          4.77102377472
        ]
      },
      "properties": {
        "id": "0_216",
        "camera": "R0 - Reddish (Point)",
        "frame": "0404",
        "image": "pano_camera0/frame_0404_hp_preview.jpg",
        "frameId": "0404",
        "height": 0.32392,
        "coords2D": "2D: (397917.793, 808229.398)",
        "coords3D_original": "3D_Original: (-793548.981, 426441.300, 0.000)",
        "coords3D": "3D: (-5.119, 3.239, 4.771)",
        "coordsMtEden": "MtEden: (397917.793, 808229.398, 0.324)",
        "easting": 397917.7930183905,
        "northing": 808229.3983023381,
        "longitude": 174.7408310971707,
        "latitude": -36.80555688797095,
        "group": "R0 - Reddish (229 points)",
        "canvasX": 360.0852912396801,
        "canvasY": 383.61221727971247,
        "variant": "northing_easting_direct"
      }
    },
    {
      "type": "Feature",
      "geometry": {
        "type": "Point",
        "coordinates": [
          -5.029755879193544,
          3.2462282547494397,
          4.7903708882
        ]
      },
      "properties": {
        "id": "0_217",
        "camera": "R0 - Reddish (Point)",
        "frame": "0405",
        "image": "pano_camera0/frame_0405_hp_preview.jpg",
        "frameId": "0405",
        "height": 0.294329,
        "coords2D": "2D: (397917.883, 808229.405)",
        "coords3D_original": "3D_Original: (-793548.981, 426441.300, 0.000)",
        "coords3D": "3D: (-5.030, 3.246, 4.790)",
        "coordsMtEden": "MtEden: (397917.883, 808229.405, 0.294)",
        "easting": 397917.8827441208,
        "northing": 808229.4052282547,
        "longitude": 174.7408321027577,
        "latitude": -36.80555682575175,
        "group": "R0 - Reddish (229 points)",
        "canvasX": 361.5551875322754,
        "canvasY": 383.49875618976785,
        "variant": "northing_easting_direct"
      }
    },
    {
      "type": "Feature",
      "geometry": {
        "type": "Point",
        "coordinates": [
          -4.115918354189489,
          3.764706432004459,
          4.81426524592
        ]
      },
      "properties": {
        "id": "0_218",
        "camera": "R0 - Reddish (Point)",
        "frame": "0406",
        "image": "pano_camera0/frame_0406_hp_preview.jpg",
        "frameId": "0406",
        "height": -0.161803,
        "coords2D": "2D: (397918.797, 808229.924)",
        "coords3D_original": "3D_Original: (-793548.981, 426441.300, 0.000)",
        "coords3D": "3D: (-4.116, 3.765, 4.814)",
        "coordsMtEden": "MtEden: (397918.797, 808229.924, -0.162)",
        "easting": 397918.7965816458,
        "northing": 808229.923706432,
        "longitude": 174.74084234567226,
        "latitude": -36.805552155225,
        "group": "R0 - Reddish (229 points)",
        "canvasX": 376.525769385902,
        "canvasY": 375.0049924958,
        "variant": "northing_easting_direct"
      }
    },
    {
      "type": "Feature",
      "geometry": {
        "type": "Point",
        "coordinates": [
          -4.021199019742198,
          4.7313448985805735,
          4.76588926012
        ]
      },
      "properties": {
        "id": "0_219",
        "camera": "R0 - Reddish (Point)",
        "frame": "0407",
        "image": "pano_camera0/frame_0407_hp_preview.jpg",
        "frameId": "0407",
        "height": -0.524469,
        "coords2D": "2D: (397918.891, 808230.890)",
        "coords3D_original": "3D_Original: (-793548.981, 426441.300, 0.000)",
        "coords3D": "3D: (-4.021, 4.731, 4.766)",
        "coordsMtEden": "MtEden: (397918.891, 808230.890, -0.524)",
        "easting": 397918.89130098023,
        "northing": 808230.8903448986,
        "longitude": 174.74084340984624,
        "latitude": -36.80554344406793,
        "group": "R0 - Reddish (229 points)",
        "canvasX": 378.0774714239062,
        "canvasY": 359.1694200973749,
        "variant": "northing_easting_direct"
      }
    },
    {
      "type": "Feature",
      "geometry": {
        "type": "Point",
        "coordinates": [
          -3.9898750233696774,
          5.239640511572361,
          4.77637482476
        ]
      },
      "properties": {
        "id": "0_220",
        "camera": "R0 - Reddish (Point)",
        "frame": "0408",
        "image": "pano_camera0/frame_0408_hp_preview.jpg",
        "frameId": "0408",
        "height": -0.70957,
        "coords2D": "2D: (397918.923, 808231.399)",
        "coords3D_original": "3D_Original: (-793548.981, 426441.300, 0.000)",
        "coords3D": "3D: (-3.990, 5.240, 4.776)",
        "coordsMtEden": "MtEden: (397918.923, 808231.399, -0.710)",
        "easting": 397918.9226249766,
        "northing": 808231.3986405116,
        "longitude": 174.74084376228754,
        "latitude": -36.805538863366515,
        "group": "R0 - Reddish (229 points)",
        "canvasX": 378.5906244063135,
        "canvasY": 350.8424682356441,
        "variant": "northing_easting_direct"
      }
    },
    {
      "type": "Feature",
      "geometry": {
        "type": "Point",
        "coordinates": [
          -3.9801508706295863,
          5.615073026157916,
          4.75345487652
        ]
      },
      "properties": {
        "id": "0_221",
        "camera": "R0 - Reddish (Point)",
        "frame": "0409",
        "image": "pano_camera0/frame_0409_hp_preview.jpg",
        "frameId": "0409",
        "height": -0.842222,
        "coords2D": "2D: (397918.932, 808231.774)",
        "coords3D_original": "3D_Original: (-793548.981, 426441.300, 0.000)",
        "coords3D": "3D: (-3.980, 5.615, 4.753)",
        "coordsMtEden": "MtEden: (397918.932, 808231.774, -0.842)",
        "easting": 397918.93234912935,
        "northing": 808231.7740730261,
        "longitude": 174.74084387229345,
        "latitude": -36.80553547998253,
        "group": "R0 - Reddish (229 points)",
        "canvasX": 378.7499264927317,
        "canvasY": 344.6920935393466,
        "variant": "northing_easting_direct"
      }
    },
    {
      "type": "Feature",
      "geometry": {
        "type": "Point",
        "coordinates": [
          -3.657873500720598,
          6.334965253830887,
          4.79838598032
        ]
      },
      "properties": {
        "id": "0_222",
        "camera": "R0 - Reddish (Point)",
        "frame": "0410",
        "image": "pano_camera0/frame_0410_hp_preview.jpg",
        "frameId": "0410",
        "height": -1.188621,
        "coords2D": "2D: (397919.255, 808232.494)",
        "coords3D_original": "3D_Original: (-793548.981, 426441.300, 0.000)",
        "coords3D": "3D: (-3.658, 6.335, 4.798)",
        "coordsMtEden": "MtEden: (397919.255, 808232.494, -1.189)",
        "easting": 397919.25462649926,
        "northing": 808232.4939652538,
        "longitude": 174.74084748606455,
        "latitude": -36.80552899300755,
        "group": "R0 - Reddish (229 points)",
        "canvasX": 384.02950805262026,
        "canvasY": 332.8987438196693,
        "variant": "northing_easting_direct"
      }
    },
    {
      "type": "Feature",
      "geometry": {
        "type": "Point",
        "coordinates": [
          -2.356049122463446,
          6.737144160433672,
          4.75909464048
        ]
      },
      "properties": {
        "id": "0_223",
        "camera": "R0 - Reddish (Point)",
        "frame": "0411",
        "image": "pano_camera0/frame_0411_hp_preview.jpg",
        "frameId": "0411",
        "height": -1.722183,
        "coords2D": "2D: (397920.556, 808232.896)",
        "coords3D_original": "3D_Original: (-793548.981, 426441.300, 0.000)",
        "coords3D": "3D: (-2.356, 6.737, 4.759)",
        "coordsMtEden": "MtEden: (397920.556, 808232.896, -1.722)",
        "easting": 397920.5564508775,
        "northing": 808232.8961441604,
        "longitude": 174.74086207687478,
        "latitude": -36.805525371422924,
        "group": "R0 - Reddish (229 points)",
        "canvasX": 405.35613109050377,
        "canvasY": 326.31020693374,
        "variant": "northing_easting_direct"
      }
    },
    {
      "type": "Feature",
      "geometry": {
        "type": "Point",
        "coordinates": [
          -2.1726685509784147,
          6.740856422344223,
          4.731617605479999
        ]
      },
      "properties": {
        "id": "0_224",
        "camera": "R0 - Reddish (Point)",
        "frame": "0412",
        "image": "pano_camera0/frame_0412_hp_preview.jpg",
        "frameId": "0412",
        "height": -1.779053,
        "coords2D": "2D: (397920.740, 808232.900)",
        "coords3D_original": "3D_Original: (-793548.981, 426441.300, 0.000)",
        "coords3D": "3D: (-2.173, 6.741, 4.732)",
        "coordsMtEden": "MtEden: (397920.740, 808232.900, -1.779)",
        "easting": 397920.739831449,
        "northing": 808232.8998564223,
        "longitude": 174.7408641320543,
        "latitude": -36.80552533837065,
        "group": "R0 - Reddish (229 points)",
        "canvasX": 408.3602907806956,
        "canvasY": 326.24939227117045,
        "variant": "northing_easting_direct"
      }
    },
    {
      "type": "Feature",
      "geometry": {
        "type": "Point",
        "coordinates": [
          -1.6937575245974585,
          6.845130056608468,
          4.73913072908
        ]
      },
      "properties": {
        "id": "0_225",
        "camera": "R0 - Reddish (Point)",
        "frame": "0413",
        "image": "pano_camera0/frame_0413_hp_preview.jpg",
        "frameId": "0413",
        "height": -1.960248,
        "coords2D": "2D: (397921.219, 808233.004)",
        "coords3D_original": "3D_Original: (-793548.981, 426441.300, 0.000)",
        "coords3D": "3D: (-1.694, 6.845, 4.739)",
        "coordsMtEden": "MtEden: (397921.219, 808233.004, -1.960)",
        "easting": 397921.2187424754,
        "northing": 808233.0041300566,
        "longitude": 174.74086949955569,
        "latitude": -36.805524399706044,
        "group": "R0 - Reddish (229 points)",
        "canvasX": 416.2058612730658,
        "canvasY": 324.5411706945824,
        "variant": "northing_easting_direct"
      }
    },
    {
      "type": "Feature",
      "geometry": {
        "type": "Point",
        "coordinates": [
          -1.7201630930649117,
          6.884319682372734,
          4.74662744848
        ]
      },
      "properties": {
        "id": "0_226",
        "camera": "R0 - Reddish (Point)",
        "frame": "0414",
        "image": "pano_camera0/frame_0414_hp_preview.jpg",
        "frameId": "0414",
        "height": -1.965783,
        "coords2D": "2D: (397921.192, 808233.043)",
        "coords3D_original": "3D_Original: (-793548.981, 426441.300, 0.000)",
        "coords3D": "3D: (-1.720, 6.884, 4.747)",
        "coordsMtEden": "MtEden: (397921.192, 808233.043, -1.966)",
        "easting": 397921.1923369069,
        "northing": 808233.0433196824,
        "longitude": 174.7408692037321,
        "latitude": -36.80552404647039,
        "group": "R0 - Reddish (229 points)",
        "canvasX": 415.7732824905597,
        "canvasY": 323.8991621502855,
        "variant": "northing_easting_direct"
      }
    },
    {
      "type": "Feature",
      "geometry": {
        "type": "Point",
        "coordinates": [
          -1.7246391343069263,
          6.8840644031297415,
          4.74774949576
        ]
      },
      "properties": {
        "id": "0_227",
        "camera": "R0 - Reddish (Point)",
        "frame": "0415",
        "image": "pano_camera0/frame_0415_hp_preview.jpg",
        "frameId": "0415",
        "height": -1.964338,
        "coords2D": "2D: (397921.188, 808233.043)",
        "coords3D_original": "3D_Original: (-793548.981, 426441.300, 0.000)",
        "coords3D": "3D: (-1.725, 6.884, 4.748)",
        "coordsMtEden": "MtEden: (397921.188, 808233.043, -1.964)",
        "easting": 397921.18786086567,
        "northing": 808233.0430644031,
        "longitude": 174.74086915356787,
        "latitude": -36.80552404876114,
        "group": "R0 - Reddish (229 points)",
        "canvasX": 415.6999555147593,
        "canvasY": 323.9033441615323,
        "variant": "northing_easting_direct"
      }
    },
    {
      "type": "Feature",
      "geometry": {
        "type": "Point",
        "coordinates": [
          -1.7169476097915322,
          6.881307356408797,
          4.73273309108
        ]
      },
      "properties": {
        "id": "0_228",
        "camera": "R0 - Reddish (End)",
        "frame": "0416",
        "image": "pano_camera0/frame_0416_hp_preview.jpg",
        "frameId": "0416",
        "height": -1.965717,
        "coords2D": "2D: (397921.196, 808233.040)",
        "coords3D_original": "3D_Original: (-793548.981, 426441.300, 0.000)",
        "coords3D": "3D: (-1.717, 6.881, 4.733)",
        "coordsMtEden": "MtEden: (397921.196, 808233.040, -1.966)",
        "easting": 397921.1955523902,
        "northing": 808233.0403073564,
        "longitude": 174.7408692397602,
        "latitude": -36.80552407362459,
        "group": "R0 - Reddish (229 points)",
        "canvasX": 415.8259588734893,
        "canvasY": 323.948510389205,
        "variant": "northing_easting_direct"
      }
    },
    {
      "type": "Feature",
      "geometry": {
        "type": "Point",
        "coordinates": [
          19.654425067128614,
          -10.818954836577177,
          0.27690945768
        ]
      },
      "properties": {
        "id": "1_0",
        "camera": "R1 - Teal (Point)",
        "frame": "0016",
        "image": "pano_camera0/frame_0016_hp_preview.jpg",
        "frameId": "0016",
        "height": 1.725025,
        "coords2D": "2D: (397942.567, 808215.340)",
        "coords3D_original": "3D_Original: (-793548.981, 426441.300, 0.000)",
        "coords3D": "3D: (19.654, -10.819, 0.277)",
        "coordsMtEden": "MtEden: (397942.567, 808215.340, 1.725)",
        "easting": 397942.5669250671,
        "northing": 808215.3400451634,
        "longitude": 174.74110870361824,
        "latitude": -36.80568363541803,
        "group": "R1 - Teal (90 points)",
        "canvasX": 765.9340199115956,
        "canvasY": 613.9160557561729,
        "variant": "northing_easting_direct"
      }
    },
    {
      "type": "Feature",
      "geometry": {
        "type": "Point",
        "coordinates": [
          19.622864097356796,
          -11.400904416339472,
          0.24893701584
        ]
      },
      "properties": {
        "id": "1_1",
        "camera": "R1 - Teal (Point)",
        "frame": "0017",
        "image": "pano_camera0/frame_0017_hp_preview.jpg",
        "frameId": "0017",
        "height": 1.599156,
        "coords2D": "2D: (397942.535, 808214.758)",
        "coords3D_original": "3D_Original: (-793548.981, 426441.300, 0.000)",
        "coords3D": "3D: (19.623, -11.401, 0.249)",
        "coordsMtEden": "MtEden: (397942.535, 808214.758, 1.599)",
        "easting": 397942.53536409733,
        "northing": 808214.7580955836,
        "longitude": 174.74110834833724,
        "latitude": -36.805688879890624,
        "group": "R1 - Teal (90 points)",
        "canvasX": 765.4169848065136,
        "canvasY": 623.449614600609,
        "variant": "northing_easting_direct"
      }
    },
    {
      "type": "Feature",
      "geometry": {
        "type": "Point",
        "coordinates": [
          19.517524904862512,
          -12.076037149876356,
          0.25988189808
        ]
      },
      "properties": {
        "id": "1_2",
        "camera": "R1 - Teal (Point)",
        "frame": "0018",
        "image": "pano_camera0/frame_0018_hp_preview.jpg",
        "frameId": "0018",
        "height": 1.406694,
        "coords2D": "2D: (397942.430, 808214.083)",
        "coords3D_original": "3D_Original: (-793548.981, 426441.300, 0.000)",
        "coords3D": "3D: (19.518, -12.076, 0.260)",
        "coordsMtEden": "MtEden: (397942.430, 808214.083, 1.407)",
        "easting": 397942.43002490484,
        "northing": 808214.0829628501,
        "longitude": 174.7411071659606,
        "latitude": -36.805694963971334,
        "group": "R1 - Teal (90 points)",
        "canvasX": 763.6913071439659,
        "canvasY": 634.5097096095274,
        "variant": "northing_easting_direct"
      }
    },
    {
      "type": "Feature",
      "geometry": {
        "type": "Point",
        "coordinates": [
          19.324872939207125,
          -12.4920772400219,
          0.26215223936
        ]
      },
      "properties": {
        "id": "1_3",
        "camera": "R1 - Teal (Point)",
        "frame": "0019",
        "image": "pano_camera0/frame_0019_hp_preview.jpg",
        "frameId": "0019",
        "height": 1.201777,
        "coords2D": "2D: (397942.237, 808213.667)",
        "coords3D_original": "3D_Original: (-793548.981, 426441.300, 0.000)",
        "coords3D": "3D: (19.325, -12.492, 0.262)",
        "coordsMtEden": "MtEden: (397942.237, 808213.667, 1.202)",
        "easting": 397942.2373729392,
        "northing": 808213.66692276,
        "longitude": 174.74110500575645,
        "latitude": -36.805698712914236,
        "group": "R1 - Teal (90 points)",
        "canvasX": 760.5352625055805,
        "canvasY": 641.3253218530828,
        "variant": "northing_easting_direct"
      }
    },
    {
      "type": "Feature",
      "geometry": {
        "type": "Point",
        "coordinates": [
          18.96433396980865,
          -12.857202078797854,
          0.26903544168000004
        ]
      },
      "properties": {
        "id": "1_4",
        "camera": "R1 - Teal (Point)",
        "frame": "0020",
        "image": "pano_camera0/frame_0020_hp_preview.jpg",
        "frameId": "0020",
        "height": 0.892562,
        "coords2D": "2D: (397941.877, 808213.302)",
        "coords3D_original": "3D_Original: (-793548.981, 426441.300, 0.000)",
        "coords3D": "3D: (18.964, -12.857, 0.269)",
        "coordsMtEden": "MtEden: (397941.877, 808213.302, 0.893)",
        "easting": 397941.8768339698,
        "northing": 808213.3017979212,
        "longitude": 174.74110096415438,
        "latitude": -36.805702002642946,
        "group": "R1 - Teal (90 points)",
        "canvasX": 754.6288754235375,
        "canvasY": 647.3068351259333,
        "variant": "northing_easting_direct"
      }
    },
    {
      "type": "Feature",
      "geometry": {
        "type": "Point",
        "coordinates": [
          18.18707712047035,
          -13.206955257919617,
          0.21878937707999999
        ]
      },
      "properties": {
        "id": "1_5",
        "camera": "R1 - Teal (Point)",
        "frame": "0021",
        "image": "pano_camera0/frame_0021_hp_preview.jpg",
        "frameId": "0021",
        "height": 0.304524,
        "coords2D": "2D: (397941.100, 808212.952)",
        "coords3D_original": "3D_Original: (-793548.981, 426441.300, 0.000)",
        "coords3D": "3D: (18.187, -13.207, 0.219)",
        "coordsMtEden": "MtEden: (397941.100, 808212.952, 0.305)",
        "easting": 397941.09957712045,
        "northing": 808212.9520447421,
        "longitude": 174.74109225237237,
        "latitude": -36.80570515293581,
        "group": "R1 - Teal (90 points)",
        "canvasX": 741.8957724754212,
        "canvasY": 653.0365282639182,
        "variant": "northing_easting_direct"
      }
    },
    {
      "type": "Feature",
      "geometry": {
        "type": "Point",
        "coordinates": [
          16.862364019674715,
          -13.694060080684721,
          0.16212927028000002
        ]
      },
      "properties": {
        "id": "1_6",
        "camera": "R1 - Teal (Point)",
        "frame": "0022",
        "image": "pano_camera0/frame_0022_hp_preview.jpg",
        "frameId": "0022",
        "height": -0.678115,
        "coords2D": "2D: (397939.775, 808212.465)",
        "coords3D_original": "3D_Original: (-793548.981, 426441.300, 0.000)",
        "coords3D": "3D: (16.862, -13.694, 0.162)",
        "coordsMtEden": "MtEden: (397939.775, 808212.465, -0.678)",
        "easting": 397939.77486401965,
        "northing": 808212.4649399193,
        "longitude": 174.74107740479164,
        "latitude": -36.8057095398528,
        "group": "R1 - Teal (90 points)",
        "canvasX": 720.1941839916526,
        "canvasY": 661.0163303853836,
        "variant": "northing_easting_direct"
      }
    },
    {
      "type": "Feature",
      "geometry": {
        "type": "Point",
        "coordinates": [
          16.310747539566364,
          -13.954566897824407,
          0.10912730008
        ]
      },
      "properties": {
        "id": "1_7",
        "camera": "R1 - Teal (Point)",
        "frame": "0023",
        "image": "pano_camera0/frame_0023_hp_preview.jpg",
        "frameId": "0023",
        "height": -1.097651,
        "coords2D": "2D: (397939.223, 808212.204)",
        "coords3D_original": "3D_Original: (-793548.981, 426441.300, 0.000)",
        "coords3D": "3D: (16.311, -13.955, 0.109)",
        "coordsMtEden": "MtEden: (397939.223, 808212.204, -1.098)",
        "easting": 397939.22324753954,
        "northing": 808212.2044331022,
        "longitude": 174.7410712220358,
        "latitude": -36.80571188634506,
        "group": "R1 - Teal (90 points)",
        "canvasX": 711.157545157266,
        "canvasY": 665.2839802940576,
        "variant": "northing_easting_direct"
      }
    },
    {
      "type": "Feature",
      "geometry": {
        "type": "Point",
        "coordinates": [
          15.883019487606362,
          -14.051892726449296,
          0.093914045
        ]
      },
      "properties": {
        "id": "1_8",
        "camera": "R1 - Teal (Point)",
        "frame": "0024",
        "image": "pano_camera0/frame_0024_hp_preview.jpg",
        "frameId": "0024",
        "height": -1.404159,
        "coords2D": "2D: (397938.796, 808212.107)",
        "coords3D_original": "3D_Original: (-793548.981, 426441.300, 0.000)",
        "coords3D": "3D: (15.883, -14.052, 0.094)",
        "coordsMtEden": "MtEden: (397938.796, 808212.107, -1.404)",
        "easting": 397938.7955194876,
        "northing": 808212.1071072735,
        "longitude": 174.7410664281581,
        "latitude": -36.805712762516364,
        "group": "R1 - Teal (90 points)",
        "canvasX": 704.1504595015424,
        "canvasY": 666.8783821913585,
        "variant": "northing_easting_direct"
      }
    },
    {
      "type": "Feature",
      "geometry": {
        "type": "Point",
        "coordinates": [
          15.092077990353573,
          -13.90097267983947,
          0.1009022342
        ]
      },
      "properties": {
        "id": "1_9",
        "camera": "R1 - Teal (Point)",
        "frame": "0025",
        "image": "pano_camera0/frame_0025_hp_preview.jpg",
        "frameId": "0025",
        "height": -1.911502,
        "coords2D": "2D: (397938.005, 808212.258)",
        "coords3D_original": "3D_Original: (-793548.981, 426441.300, 0.000)",
        "coords3D": "3D: (15.092, -13.901, 0.101)",
        "coordsMtEden": "MtEden: (397938.005, 808212.258, -1.912)",
        "easting": 397938.00457799033,
        "northing": 808212.2580273201,
        "longitude": 174.74105756436333,
        "latitude": -36.80571140069988,
        "group": "R1 - Teal (90 points)",
        "canvasX": 691.1931732206052,
        "canvasY": 664.4059942116686,
        "variant": "northing_easting_direct"
      }
    },
    {
      "type": "Feature",
      "geometry": {
        "type": "Point",
        "coordinates": [
          14.65265181392897,
          -13.571540771052241,
          0.16937008416000002
        ]
      },
      "properties": {
        "id": "1_10",
        "camera": "R1 - Teal (Point)",
        "frame": "0026",
        "image": "pano_camera0/frame_0026_hp_preview.jpg",
        "frameId": "0026",
        "height": -2.149251,
        "coords2D": "2D: (397937.565, 808212.587)",
        "coords3D_original": "3D_Original: (-793548.981, 426441.300, 0.000)",
        "coords3D": "3D: (14.653, -13.572, 0.169)",
        "coordsMtEden": "MtEden: (397937.565, 808212.587, -2.149)",
        "easting": 397937.5651518139,
        "northing": 808212.5874592289,
        "longitude": 174.74105264053873,
        "latitude": -36.80570843089597,
        "group": "R1 - Teal (90 points)",
        "canvasX": 683.9944476669448,
        "canvasY": 659.0092062480695,
        "variant": "northing_easting_direct"
      }
    },
    {
      "type": "Feature",
      "geometry": {
        "type": "Point",
        "coordinates": [
          14.415307382470928,
          -13.212135794223286,
          0.17696850960000002
        ]
      },
      "properties": {
        "id": "1_11",
        "camera": "R1 - Teal (Point)",
        "frame": "0027",
        "image": "pano_camera0/frame_0027_hp_preview.jpg",
        "frameId": "0027",
        "height": -2.245065,
        "coords2D": "2D: (397937.328, 808212.947)",
        "coords3D_original": "3D_Original: (-793548.981, 426441.300, 0.000)",
        "coords3D": "3D: (14.415, -13.212, 0.177)",
        "coordsMtEden": "MtEden: (397937.328, 808212.947, -2.245)",
        "easting": 397937.32780738245,
        "northing": 808212.9468642058,
        "longitude": 174.7410499815568,
        "latitude": -36.8057051914142,
        "group": "R1 - Teal (90 points)",
        "canvasX": 680.1062463825488,
        "canvasY": 653.1213963508235,
        "variant": "northing_easting_direct"
      }
    },
    {
      "type": "Feature",
      "geometry": {
        "type": "Point",
        "coordinates": [
          14.246224560134578,
          -14.139777207630686,
          0.12179134248000001
        ]
      },
      "properties": {
        "id": "1_12",
        "camera": "R1 - Teal (Point)",
        "frame": "0028",
        "image": "pano_camera0/frame_0028_hp_preview.jpg",
        "frameId": "0028",
        "height": -2.525961,
        "coords2D": "2D: (397937.159, 808212.019)",
        "coords3D_original": "3D_Original: (-793548.981, 426441.300, 0.000)",
        "coords3D": "3D: (14.246, -14.140, 0.122)",
        "coordsMtEden": "MtEden: (397937.159, 808212.019, -2.526)",
        "easting": 397937.1587245601,
        "northing": 808212.0192227924,
        "longitude": 174.74104808410658,
        "latitude": -36.805713550968676,
        "group": "R1 - Teal (90 points)",
        "canvasX": 677.336313913353,
        "canvasY": 668.3181149487642,
        "variant": "northing_easting_direct"
      }
    },
    {
      "type": "Feature",
      "geometry": {
        "type": "Point",
        "coordinates": [
          14.314262583910022,
          -15.26286379690282,
          0.14700131704
        ]
      },
      "properties": {
        "id": "1_13",
        "camera": "R1 - Teal (Point)",
        "frame": "0029",
        "image": "pano_camera0/frame_0029_hp_preview.jpg",
        "frameId": "0029",
        "height": -2.68174,
        "coords2D": "2D: (397937.227, 808210.896)",
        "coords3D_original": "3D_Original: (-793548.981, 426441.300, 0.000)",
        "coords3D": "3D: (14.314, -15.263, 0.147)",
        "coordsMtEden": "MtEden: (397937.227, 808210.896, -2.682)",
        "easting": 397937.2267625839,
        "northing": 808210.8961362031,
        "longitude": 174.7410488435767,
        "latitude": -36.80572367239548,
        "group": "R1 - Teal (90 points)",
        "canvasX": 678.4509199308724,
        "canvasY": 686.7166368439686,
        "variant": "northing_easting_direct"
      }
    },
    {
      "type": "Feature",
      "geometry": {
        "type": "Point",
        "coordinates": [
          14.306462565786205,
          -16.29554705170449,
          0.12911417736
        ]
      },
      "properties": {
        "id": "1_14",
        "camera": "R1 - Teal (Point)",
        "frame": "0030",
        "image": "pano_camera0/frame_0030_hp_preview.jpg",
        "frameId": "0030",
        "height": -2.872524,
        "coords2D": "2D: (397937.219, 808209.863)",
        "coords3D_original": "3D_Original: (-793548.981, 426441.300, 0.000)",
        "coords3D": "3D: (14.306, -16.296, 0.129)",
        "coordsMtEden": "MtEden: (397937.219, 808209.863, -2.873)",
        "easting": 397937.21896256576,
        "northing": 808209.8634529483,
        "longitude": 174.74104875336303,
        "latitude": -36.805732978940405,
        "group": "R1 - Teal (90 points)",
        "canvasX": 678.3231392181605,
        "canvasY": 703.634161865532,
        "variant": "northing_easting_direct"
      }
    },
    {
      "type": "Feature",
      "geometry": {
        "type": "Point",
        "coordinates": [
          14.100921289238613,
          -16.99766955175437,
          0.17175525484
        ]
      },
      "properties": {
        "id": "1_15",
        "camera": "R1 - Teal (Point)",
        "frame": "0031",
        "image": "pano_camera0/frame_0031_hp_preview.jpg",
        "frameId": "0031",
        "height": -3.137543,
        "coords2D": "2D: (397937.013, 808209.161)",
        "coords3D_original": "3D_Original: (-793548.981, 426441.300, 0.000)",
        "coords3D": "3D: (14.101, -16.998, 0.172)",
        "coordsMtEden": "MtEden: (397937.013, 808209.161, -3.138)",
        "easting": 397937.0134212892,
        "northing": 808209.1613304482,
        "longitude": 174.74104644792732,
        "latitude": -36.80573930603448,
        "group": "R1 - Teal (90 points)",
        "canvasX": 674.9559405420156,
        "canvasY": 715.1364060514585,
        "variant": "northing_easting_direct"
      }
    },
    {
      "type": "Feature",
      "geometry": {
        "type": "Point",
        "coordinates": [
          13.47063271945808,
          -17.26924134255387,
          0.11677493812
        ]
      },
      "properties": {
        "id": "1_16",
        "camera": "R1 - Teal (Point)",
        "frame": "0032",
        "image": "pano_camera0/frame_0032_hp_preview.jpg",
        "frameId": "0032",
        "height": -3.612227,
        "coords2D": "2D: (397936.383, 808208.890)",
        "coords3D_original": "3D_Original: (-793548.981, 426441.300, 0.000)",
        "coords3D": "3D: (13.471, -17.269, 0.117)",
        "coordsMtEden": "MtEden: (397936.383, 808208.890, -3.612)",
        "easting": 397936.38313271943,
        "northing": 808208.8897586574,
        "longitude": 174.74103938344757,
        "latitude": -36.80574175207142,
        "group": "R1 - Teal (90 points)",
        "canvasX": 664.6304873108045,
        "canvasY": 719.5853235144016,
        "variant": "northing_easting_direct"
      }
    },
    {
      "type": "Feature",
      "geometry": {
        "type": "Point",
        "coordinates": [
          13.064209273084998,
          -17.19220901816152,
          0.08148622308
        ]
      },
      "properties": {
        "id": "1_17",
        "camera": "R1 - Teal (Point)",
        "frame": "0033",
        "image": "pano_camera0/frame_0033_hp_preview.jpg",
        "frameId": "0033",
        "height": -3.873017,
        "coords2D": "2D: (397935.977, 808208.967)",
        "coords3D_original": "3D_Original: (-793548.981, 426441.300, 0.000)",
        "coords3D": "3D: (13.064, -17.192, 0.081)",
        "coordsMtEden": "MtEden: (397935.977, 808208.967, -3.873)",
        "easting": 397935.97670927306,
        "northing": 808208.9667909818,
        "longitude": 174.74103482880437,
        "latitude": -36.80574105696876,
        "group": "R1 - Teal (90 points)",
        "canvasX": 657.9724159306041,
        "canvasY": 718.3233719236707,
        "variant": "northing_easting_direct"
      }
    },
    {
      "type": "Feature",
      "geometry": {
        "type": "Point",
        "coordinates": [
          12.294111314578913,
          -16.238021672470495,
          0.147555779
        ]
      },
      "properties": {
        "id": "1_18",
        "camera": "R1 - Teal (Point)",
        "frame": "0034",
        "image": "pano_camera0/frame_0034_hp_preview.jpg",
        "frameId": "0034",
        "height": -4.221975,
        "coords2D": "2D: (397935.207, 808209.921)",
        "coords3D_original": "3D_Original: (-793548.981, 426441.300, 0.000)",
        "coords3D": "3D: (12.294, -16.238, 0.148)",
        "coordsMtEden": "MtEden: (397935.207, 808209.921, -4.222)",
        "easting": 397935.20661131456,
        "northing": 808209.9209783275,
        "longitude": 174.741026200782,
        "latitude": -36.805732456134585,
        "group": "R1 - Teal (90 points)",
        "canvasX": 645.3565906804646,
        "canvasY": 702.6917750904645,
        "variant": "northing_easting_direct"
      }
    },
    {
      "type": "Feature",
      "geometry": {
        "type": "Point",
        "coordinates": [
          12.298212719382718,
          -15.882711835671216,
          0.15504265588
        ]
      },
      "properties": {
        "id": "1_19",
        "camera": "R1 - Teal (Point)",
        "frame": "0035",
        "image": "pano_camera0/frame_0035_hp_preview.jpg",
        "frameId": "0035",
        "height": -4.155375,
        "coords2D": "2D: (397935.211, 808210.276)",
        "coords3D_original": "3D_Original: (-793548.981, 426441.300, 0.000)",
        "coords3D": "3D: (12.298, -15.883, 0.155)",
        "coordsMtEden": "MtEden: (397935.211, 808210.276, -4.155)",
        "easting": 397935.21071271936,
        "northing": 808210.2762881643,
        "longitude": 174.74102624771058,
        "latitude": -36.80572925408425,
        "group": "R1 - Teal (90 points)",
        "canvasX": 645.4237803226084,
        "canvasY": 696.8710522048559,
        "variant": "northing_easting_direct"
      }
    },
    {
      "type": "Feature",
      "geometry": {
        "type": "Point",
        "coordinates": [
          12.369770226068795,
          -14.993748677428812,
          0.09560039676000001
        ]
      },
      "properties": {
        "id": "1_20",
        "camera": "R1 - Teal (Point)",
        "frame": "0036",
        "image": "pano_camera0/frame_0036_hp_preview.jpg",
        "frameId": "0036",
        "height": -3.947327,
        "coords2D": "2D: (397935.282, 808211.165)",
        "coords3D_original": "3D_Original: (-793548.981, 426441.300, 0.000)",
        "coords3D": "3D: (12.370, -14.994, 0.096)",
        "coordsMtEden": "MtEden: (397935.282, 808211.165, -3.947)",
        "easting": 397935.28227022605,
        "northing": 808211.1652513226,
        "longitude": 174.74102705207733,
        "latitude": -36.805721242886705,
        "group": "R1 - Teal (90 points)",
        "canvasX": 646.596042875891,
        "canvasY": 682.3079648282967,
        "variant": "northing_easting_direct"
      }
    },
    {
      "type": "Feature",
      "geometry": {
        "type": "Point",
        "coordinates": [
          12.328968259564135,
          -14.323450942640193,
          0.15268373192
        ]
      },
      "properties": {
        "id": "1_21",
        "camera": "R1 - Teal (Point)",
        "frame": "0037",
        "image": "pano_camera0/frame_0037_hp_preview.jpg",
        "frameId": "0037",
        "height": -3.854484,
        "coords2D": "2D: (397935.241, 808211.836)",
        "coords3D_original": "3D_Original: (-793548.981, 426441.300, 0.000)",
        "coords3D": "3D: (12.329, -14.323, 0.153)",
        "coordsMtEden": "MtEden: (397935.241, 808211.836, -3.854)",
        "easting": 397935.24146825954,
        "northing": 808211.8355490573,
        "longitude": 174.74102659662097,
        "latitude": -36.80571520206127,
        "group": "R1 - Teal (90 points)",
        "canvasX": 645.9276207961293,
        "canvasY": 671.3270772729238,
        "variant": "northing_easting_direct"
      }
    },
    {
      "type": "Feature",
      "geometry": {
        "type": "Point",
        "coordinates": [
          12.280377167044207,
          -13.701291902805679,
          0.12820210384
        ]
      },
      "properties": {
        "id": "1_22",
        "camera": "R1 - Teal (Point)",
        "frame": "0038",
        "image": "pano_camera0/frame_0038_hp_preview.jpg",
        "frameId": "0038",
        "height": -3.775552,
        "coords2D": "2D: (397935.193, 808212.458)",
        "coords3D_original": "3D_Original: (-793548.981, 426441.300, 0.000)",
        "coords3D": "3D: (12.280, -13.701, 0.128)",
        "coordsMtEden": "MtEden: (397935.193, 808212.458, -3.776)",
        "easting": 397935.192877167,
        "northing": 808212.4577080972,
        "longitude": 174.7410260537402,
        "latitude": -36.805709595045734,
        "group": "R1 - Teal (90 points)",
        "canvasX": 645.1315964395149,
        "canvasY": 661.1348028505915,
        "variant": "northing_easting_direct"
      }
    },
    {
      "type": "Feature",
      "geometry": {
        "type": "Point",
        "coordinates": [
          11.6663694838644,
          -12.769517136737704,
          0.00827427848
        ]
      },
      "properties": {
        "id": "1_23",
        "camera": "R1 - Teal (Point)",
        "frame": "0039",
        "image": "pano_camera0/frame_0039_hp_preview.jpg",
        "frameId": "0039",
        "height": -4.023063,
        "coords2D": "2D: (397934.579, 808213.389)",
        "coords3D_original": "3D_Original: (-793548.981, 426441.300, 0.000)",
        "coords3D": "3D: (11.666, -12.770, 0.008)",
        "coordsMtEden": "MtEden: (397934.579, 808213.389, -4.023)",
        "easting": 397934.57886948384,
        "northing": 808213.3894828632,
        "longitude": 174.7410191749891,
        "latitude": -36.80570119653395,
        "group": "R1 - Teal (90 points)",
        "canvasX": 635.0728583941614,
        "canvasY": 645.8703712403104,
        "variant": "northing_easting_direct"
      }
    },
    {
      "type": "Feature",
      "geometry": {
        "type": "Point",
        "coordinates": [
          11.051930615329184,
          -12.42637191247195,
          0.08324147248
        ]
      },
      "properties": {
        "id": "1_24",
        "camera": "R1 - Teal (Point)",
        "frame": "0040",
        "image": "pano_camera0/frame_0040_hp_preview.jpg",
        "frameId": "0040",
        "height": -4.376608,
        "coords2D": "2D: (397933.964, 808213.733)",
        "coords3D_original": "3D_Original: (-793548.981, 426441.300, 0.000)",
        "coords3D": "3D: (11.052, -12.426, 0.083)",
        "coordsMtEden": "MtEden: (397933.964, 808213.733, -4.377)",
        "easting": 397933.9644306153,
        "northing": 808213.7326280875,
        "longitude": 174.74101228980996,
        "latitude": -36.805698102761944,
        "group": "R1 - Teal (90 points)",
        "canvasX": 625.0070566254346,
        "canvasY": 640.2489303095045,
        "variant": "northing_easting_direct"
      }
    },
    {
      "type": "Feature",
      "geometry": {
        "type": "Point",
        "coordinates": [
          10.929077068169136,
          -12.391416087863036,
          0.11124344188
        ]
      },
      "properties": {
        "id": "1_25",
        "camera": "R1 - Teal (Point)",
        "frame": "0041",
        "image": "pano_camera0/frame_0041_hp_preview.jpg",
        "frameId": "0041",
        "height": -4.453343,
        "coords2D": "2D: (397933.842, 808213.768)",
        "coords3D_original": "3D_Original: (-793548.981, 426441.300, 0.000)",
        "coords3D": "3D: (10.929, -12.391, 0.111)",
        "coordsMtEden": "MtEden: (397933.842, 808213.768, -4.453)",
        "easting": 397933.84157706815,
        "northing": 808213.7675839121,
        "longitude": 174.74101091306642,
        "latitude": -36.80569778747131,
        "group": "R1 - Teal (90 points)",
        "canvasX": 622.994456975061,
        "canvasY": 639.6762803359572,
        "variant": "northing_easting_direct"
      }
    },
    {
      "type": "Feature",
      "geometry": {
        "type": "Point",
        "coordinates": [
          9.91326076677069,
          -12.114538419875316,
          0.057782154079999995
        ]
      },
      "properties": {
        "id": "1_26",
        "camera": "R1 - Teal (Point)",
        "frame": "0042",
        "image": "pano_camera0/frame_0042_hp_preview.jpg",
        "frameId": "0042",
        "height": -5.090011,
        "coords2D": "2D: (397932.826, 808214.044)",
        "coords3D_original": "3D_Original: (-793548.981, 426441.300, 0.000)",
        "coords3D": "3D: (9.913, -12.115, 0.058)",
        "coordsMtEden": "MtEden: (397932.826, 808214.044, -5.090)",
        "easting": 397932.82576076675,
        "northing": 808214.0444615801,
        "longitude": 174.7409995294102,
        "latitude": -36.805695290027195,
        "group": "R1 - Teal (90 points)",
        "canvasX": 606.3532481467041,
        "canvasY": 635.1404414387441,
        "variant": "northing_easting_direct"
      }
    },
    {
      "type": "Feature",
      "geometry": {
        "type": "Point",
        "coordinates": [
          9.316668380459305,
          -11.722263372736052,
          0.4097112992
        ]
      },
      "properties": {
        "id": "1_27",
        "camera": "R1 - Teal (Point)",
        "frame": "0043",
        "image": "pano_camera0/frame_0043_hp_preview.jpg",
        "frameId": "0043",
        "height": -5.422671,
        "coords2D": "2D: (397932.229, 808214.437)",
        "coords3D_original": "3D_Original: (-793548.981, 426441.300, 0.000)",
        "coords3D": "3D: (9.317, -11.722, 0.410)",
        "coordsMtEden": "MtEden: (397932.229, 808214.437, -5.423)",
        "easting": 397932.22916838044,
        "northing": 808214.4367366272,
        "longitude": 174.74099284437403,
        "latitude": -36.80569175353408,
        "group": "R1 - Teal (90 points)",
        "canvasX": 596.5798093157657,
        "canvasY": 628.7141506135742,
        "variant": "northing_easting_direct"
      }
    },
    {
      "type": "Feature",
      "geometry": {
        "type": "Point",
        "coordinates": [
          9.304978338768706,
          -11.062110783997923,
          0.40014108892
        ]
      },
      "properties": {
        "id": "1_28",
        "camera": "R1 - Teal (Point)",
        "frame": "0044",
        "image": "pano_camera0/frame_0044_hp_preview.jpg",
        "frameId": "0044",
        "height": -5.311979,
        "coords2D": "2D: (397932.217, 808215.097)",
        "coords3D_original": "3D_Original: (-793548.981, 426441.300, 0.000)",
        "coords3D": "3D: (9.305, -11.062, 0.400)",
        "coordsMtEden": "MtEden: (397932.217, 808215.097, -5.312)",
        "easting": 397932.21747833875,
        "northing": 808215.096889216,
        "longitude": 174.7409927151547,
        "latitude": -36.80568580420031,
        "group": "R1 - Teal (90 points)",
        "canvasX": 596.3883018307328,
        "canvasY": 617.8994619025287,
        "variant": "northing_easting_direct"
      }
    },
    {
      "type": "Feature",
      "geometry": {
        "type": "Point",
        "coordinates": [
          9.102916890464257,
          -10.14499908220023,
          0.34277888236
        ]
      },
      "properties": {
        "id": "1_29",
        "camera": "R1 - Teal (Point)",
        "frame": "0045",
        "image": "pano_camera0/frame_0045_hp_preview.jpg",
        "frameId": "0045",
        "height": -5.283764,
        "coords2D": "2D: (397932.015, 808216.014)",
        "coords3D_original": "3D_Original: (-793548.981, 426441.300, 0.000)",
        "coords3D": "3D: (9.103, -10.145, 0.343)",
        "coordsMtEden": "MtEden: (397932.015, 808216.014, -5.284)",
        "easting": 397932.01541689044,
        "northing": 808216.0140009178,
        "longitude": 174.74099045311246,
        "latitude": -36.80567753873017,
        "group": "R1 - Teal (90 points)",
        "canvasX": 593.0781100645585,
        "canvasY": 602.8752421430736,
        "variant": "northing_easting_direct"
      }
    },
    {
      "type": "Feature",
      "geometry": {
        "type": "Point",
        "coordinates": [
          8.763575946562923,
          -10.031505118240602,
          0.331528882
        ]
      },
      "properties": {
        "id": "1_30",
        "camera": "R1 - Teal (Middle)",
        "frame": "0046",
        "image": "pano_camera0/frame_0046_hp_preview.jpg",
        "frameId": "0046",
        "height": -5.492675,
        "coords2D": "2D: (397931.676, 808216.127)",
        "coords3D_original": "3D_Original: (-793548.981, 426441.300, 0.000)",
        "coords3D": "3D: (8.764, -10.032, 0.332)",
        "coordsMtEden": "MtEden: (397931.676, 808216.127, -5.493)",
        "easting": 397931.67607594654,
        "northing": 808216.1274948817,
        "longitude": 174.74098665037616,
        "latitude": -36.80567651517916,
        "group": "R1 - Teal (90 points)",
        "canvasX": 587.5189912517429,
        "canvasY": 601.0159721627499,
        "variant": "northing_easting_direct"
      }
    },
    {
      "type": "Feature",
      "geometry": {
        "type": "Point",
        "coordinates": [
          8.64982998179039,
          -10.105322083225474,
          0.3007546028
        ]
      },
      "properties": {
        "id": "1_31",
        "camera": "R1 - Teal (Point)",
        "frame": "0047",
        "image": "pano_camera0/frame_0047_hp_preview.jpg",
        "frameId": "0047",
        "height": -5.582796,
        "coords2D": "2D: (397931.562, 808216.054)",
        "coords3D_original": "3D_Original: (-793548.981, 426441.300, 0.000)",
        "coords3D": "3D: (8.650, -10.105, 0.301)",
        "coordsMtEden": "MtEden: (397931.562, 808216.054, -5.583)",
        "easting": 397931.56232998177,
        "northing": 808216.0536779168,
        "longitude": 174.74098537540766,
        "latitude": -36.80567718017064,
        "group": "R1 - Teal (90 points)",
        "canvasX": 585.6555929675669,
        "canvasY": 602.2252493979469,
        "variant": "northing_easting_direct"
      }
    },
    {
      "type": "Feature",
      "geometry": {
        "type": "Point",
        "coordinates": [
          8.427167314628605,
          -10.425806524814107,
          0.33169620484
        ]
      },
      "properties": {
        "id": "1_32",
        "camera": "R1 - Teal (Point)",
        "frame": "0048",
        "image": "pano_camera0/frame_0048_hp_preview.jpg",
        "frameId": "0048",
        "height": -5.790826,
        "coords2D": "2D: (397931.340, 808215.733)",
        "coords3D_original": "3D_Original: (-793548.981, 426441.300, 0.000)",
        "coords3D": "3D: (8.427, -10.426, 0.332)",
        "coordsMtEden": "MtEden: (397931.340, 808215.733, -5.791)",
        "easting": 397931.3396673146,
        "northing": 808215.7331934752,
        "longitude": 174.74098287912324,
        "latitude": -36.805680067896375,
        "group": "R1 - Teal (90 points)",
        "canvasX": 582.0079098805489,
        "canvasY": 607.4754590196249,
        "variant": "northing_easting_direct"
      }
    },
    {
      "type": "Feature",
      "geometry": {
        "type": "Point",
        "coordinates": [
          8.296473278838675,
          -11.362210092251189,
          0.3684219278
        ]
      },
      "properties": {
        "id": "1_33",
        "camera": "R1 - Teal (Point)",
        "frame": "0049",
        "image": "pano_camera0/frame_0049_hp_preview.jpg",
        "frameId": "0049",
        "height": -6.047356,
        "coords2D": "2D: (397931.209, 808214.797)",
        "coords3D_original": "3D_Original: (-793548.981, 426441.300, 0.000)",
        "coords3D": "3D: (8.296, -11.362, 0.368)",
        "coordsMtEden": "MtEden: (397931.209, 808214.797, -6.047)",
        "easting": 397931.2089732788,
        "northing": 808214.7967899077,
        "longitude": 174.74098141187145,
        "latitude": -36.80568850649839,
        "group": "R1 - Teal (90 points)",
        "canvasX": 579.8668665253123,
        "canvasY": 622.8157201386772,
        "variant": "northing_easting_direct"
      }
    },
    {
      "type": "Feature",
      "geometry": {
        "type": "Point",
        "coordinates": [
          8.546862516202964,
          -12.504107811488211,
          0.3786253402
        ]
      },
      "properties": {
        "id": "1_34",
        "camera": "R1 - Teal (Point)",
        "frame": "0050",
        "image": "pano_camera0/frame_0050_hp_preview.jpg",
        "frameId": "0050",
        "height": -6.083296,
        "coords2D": "2D: (397931.459, 808213.655)",
        "coords3D_original": "3D_Original: (-793548.981, 426441.300, 0.000)",
        "coords3D": "3D: (8.547, -12.504, 0.379)",
        "coordsMtEden": "MtEden: (397931.459, 808213.655, -6.083)",
        "easting": 397931.4593625162,
        "northing": 808213.6548921885,
        "longitude": 174.74098421491925,
        "latitude": -36.805698797850305,
        "group": "R1 - Teal (90 points)",
        "canvasX": 583.9687691835427,
        "canvasY": 641.5224079316946,
        "variant": "northing_easting_direct"
      }
    },
    {
      "type": "Feature",
      "geometry": {
        "type": "Point",
        "coordinates": [
          8.564011222857516,
          -12.55161179881543,
          0.39201116739999997
        ]
      },
      "properties": {
        "id": "1_35",
        "camera": "R1 - Teal (Point)",
        "frame": "0051",
        "image": "pano_camera0/frame_0051_hp_preview.jpg",
        "frameId": "0051",
        "height": -6.080242,
        "coords2D": "2D: (397931.477, 808213.607)",
        "coords3D_original": "3D_Original: (-793548.981, 426441.300, 0.000)",
        "coords3D": "3D: (8.564, -12.552, 0.392)",
        "coordsMtEden": "MtEden: (397931.477, 808213.607, -6.080)",
        "easting": 397931.47651122283,
        "northing": 808213.6073882012,
        "longitude": 174.74098440697836,
        "latitude": -36.80569922599464,
        "group": "R1 - Teal (90 points)",
        "canvasX": 584.2497010881116,
        "canvasY": 642.3006232180646,
        "variant": "northing_easting_direct"
      }
    },
    {
      "type": "Feature",
      "geometry": {
        "type": "Point",
        "coordinates": [
          8.699220199603587,
          -13.746150033082813,
          0.35484253104
        ]
      },
      "properties": {
        "id": "1_36",
        "camera": "R1 - Teal (Point)",
        "frame": "0052",
        "image": "pano_camera0/frame_0052_hp_preview.jpg",
        "frameId": "0052",
        "height": -6.203468,
        "coords2D": "2D: (397931.612, 808212.413)",
        "coords3D_original": "3D_Original: (-793548.981, 426441.300, 0.000)",
        "coords3D": "3D: (8.699, -13.746, 0.355)",
        "coordsMtEden": "MtEden: (397931.612, 808212.413, -6.203)",
        "easting": 397931.6117201996,
        "northing": 808212.4128499669,
        "longitude": 174.74098591904107,
        "latitude": -36.80570999149225,
        "group": "R1 - Teal (90 points)",
        "canvasX": 586.4647086778905,
        "canvasY": 661.8696734308957,
        "variant": "northing_easting_direct"
      }
    },
    {
      "type": "Feature",
      "geometry": {
        "type": "Point",
        "coordinates": [
          8.61573969660094,
          -14.042208696715534,
          0.04311351844
        ]
      },
      "properties": {
        "id": "1_37",
        "camera": "R1 - Teal (Point)",
        "frame": "0053",
        "image": "pano_camera0/frame_0053_hp_preview.jpg",
        "frameId": "0053",
        "height": -6.313062,
        "coords2D": "2D: (397931.528, 808212.117)",
        "coords3D_original": "3D_Original: (-793548.981, 426441.300, 0.000)",
        "coords3D": "3D: (8.616, -14.042, 0.043)",
        "coordsMtEden": "MtEden: (397931.528, 808212.117, -6.313)",
        "easting": 397931.5282396966,
        "northing": 808212.1167913033,
        "longitude": 174.74098498265795,
        "latitude": -36.80571265939643,
        "group": "R1 - Teal (90 points)",
        "canvasX": 585.0971223523094,
        "canvasY": 666.719737403195,
        "variant": "northing_easting_direct"
      }
    },
    {
      "type": "Feature",
      "geometry": {
        "type": "Point",
        "coordinates": [
          8.245766751177143,
          -14.427436165511608,
          0.034632547039999996
        ]
      },
      "properties": {
        "id": "1_38",
        "camera": "R1 - Teal (Point)",
        "frame": "0054",
        "image": "pano_camera0/frame_0054_hp_preview.jpg",
        "frameId": "0054",
        "height": -6.632263,
        "coords2D": "2D: (397931.158, 808211.732)",
        "coords3D_original": "3D_Original: (-793548.981, 426441.300, 0.000)",
        "coords3D": "3D: (8.246, -14.427, 0.035)",
        "coordsMtEden": "MtEden: (397931.158, 808211.732, -6.632)",
        "easting": 397931.15826675115,
        "northing": 808211.7315638345,
        "longitude": 174.74098083526738,
        "latitude": -36.80571613026573,
        "group": "R1 - Teal (90 points)",
        "canvasX": 579.0361868887286,
        "canvasY": 673.0305740638073,
        "variant": "northing_easting_direct"
      }
    },
    {
      "type": "Feature",
      "geometry": {
        "type": "Point",
        "coordinates": [
          8.107020345458295,
          -15.63016850524582,
          -0.00791338608
        ]
      },
      "properties": {
        "id": "1_39",
        "camera": "R1 - Teal (Point)",
        "frame": "0055",
        "image": "pano_camera0/frame_0055_hp_preview.jpg",
        "frameId": "0055",
        "height": -6.942078,
        "coords2D": "2D: (397931.020, 808210.529)",
        "coords3D_original": "3D_Original: (-793548.981, 426441.300, 0.000)",
        "coords3D": "3D: (8.107, -15.630, -0.008)",
        "coordsMtEden": "MtEden: (397931.020, 808210.529, -6.942)",
        "easting": 397931.01952034544,
        "northing": 808210.5288314947,
        "longitude": 174.74097927704682,
        "latitude": -36.80572696901023,
        "group": "R1 - Teal (90 points)",
        "canvasX": 576.7632287673273,
        "canvasY": 692.7338609678515,
        "variant": "northing_easting_direct"
      }
    },
    {
      "type": "Feature",
      "geometry": {
        "type": "Point",
        "coordinates": [
          8.318488935416099,
          -16.142328271991573,
          0.05300853188
        ]
      },
      "properties": {
        "id": "1_40",
        "camera": "R1 - Teal (Point)",
        "frame": "0056",
        "image": "pano_camera0/frame_0056_hp_preview.jpg",
        "frameId": "0056",
        "height": -6.89119,
        "coords2D": "2D: (397931.231, 808210.017)",
        "coords3D_original": "3D_Original: (-793548.981, 426441.300, 0.000)",
        "coords3D": "3D: (8.318, -16.142, 0.053)",
        "coordsMtEden": "MtEden: (397931.231, 808210.017, -6.891)",
        "easting": 397931.2309889354,
        "northing": 808210.016671728,
        "longitude": 174.74098164561687,
        "latitude": -36.80573158506623,
        "group": "R1 - Teal (90 points)",
        "canvasX": 580.2275293118909,
        "canvasY": 701.1241158019363,
        "variant": "northing_easting_direct"
      }
    },
    {
      "type": "Feature",
      "geometry": {
        "type": "Point",
        "coordinates": [
          8.610954815405421,
          -16.6621502089547,
          0.04140091996
        ]
      },
      "properties": {
        "id": "1_41",
        "camera": "R1 - Teal (Point)",
        "frame": "0057",
        "image": "pano_camera0/frame_0057_hp_preview.jpg",
        "frameId": "0057",
        "height": -6.786947,
        "coords2D": "2D: (397931.523, 808209.497)",
        "coords3D_original": "3D_Original: (-793548.981, 426441.300, 0.000)",
        "coords3D": "3D: (8.611, -16.662, 0.041)",
        "coordsMtEden": "MtEden: (397931.523, 808209.497, -6.787)",
        "easting": 397931.5234548154,
        "northing": 808209.496849791,
        "longitude": 174.7409849219158,
        "latitude": -36.80573627035073,
        "group": "R1 - Teal (90 points)",
        "canvasX": 585.0187359278023,
        "canvasY": 709.6398931074008,
        "variant": "northing_easting_direct"
      }
    },
    {
      "type": "Feature",
      "geometry": {
        "type": "Point",
        "coordinates": [
          8.79557541088434,
          -17.00161262077745,
          0.04472113004
        ]
      },
      "properties": {
        "id": "1_42",
        "camera": "R1 - Teal (Point)",
        "frame": "0058",
        "image": "pano_camera0/frame_0058_hp_preview.jpg",
        "frameId": "0058",
        "height": -6.723177,
        "coords2D": "2D: (397931.708, 808209.157)",
        "coords3D_original": "3D_Original: (-793548.981, 426441.300, 0.000)",
        "coords3D": "3D: (8.796, -17.002, 0.045)",
        "coordsMtEden": "MtEden: (397931.708, 808209.157, -6.723)",
        "easting": 397931.70807541086,
        "northing": 808209.1573873792,
        "longitude": 174.74098699006586,
        "latitude": -36.80573932999598,
        "group": "R1 - Teal (90 points)",
        "canvasX": 588.0432098207168,
        "canvasY": 715.2010018198852,
        "variant": "northing_easting_direct"
      }
    },
    {
      "type": "Feature",
      "geometry": {
        "type": "Point",
        "coordinates": [
          9.383561732072849,
          -17.267089508939534,
          -0.0027296588799999998
        ]
      },
      "properties": {
        "id": "1_43",
        "camera": "R1 - Teal (Point)",
        "frame": "0059",
        "image": "pano_camera0/frame_0059_hp_preview.jpg",
        "frameId": "0059",
        "height": -6.373554,
        "coords2D": "2D: (397932.296, 808208.892)",
        "coords3D_original": "3D_Original: (-793548.981, 426441.300, 0.000)",
        "coords3D": "3D: (9.384, -17.267, -0.003)",
        "coordsMtEden": "MtEden: (397932.296, 808208.892, -6.374)",
        "easting": 397932.29606173205,
        "northing": 808208.891910491,
        "longitude": 174.74099357900067,
        "latitude": -36.805741723763106,
        "group": "R1 - Teal (90 points)",
        "canvasX": 597.6756631939415,
        "canvasY": 719.5500719499449,
        "variant": "northing_easting_direct"
      }
    },
    {
      "type": "Feature",
      "geometry": {
        "type": "Point",
        "coordinates": [
          10.25237261649454,
          -17.421231870073825,
          0.07410105223999999
        ]
      },
      "properties": {
        "id": "1_44",
        "camera": "R1 - Teal (Point)",
        "frame": "0060",
        "image": "pano_camera0/frame_0060_hp_preview.jpg",
        "frameId": "0060",
        "height": -5.814172,
        "coords2D": "2D: (397933.165, 808208.738)",
        "coords3D_original": "3D_Original: (-793548.981, 426441.300, 0.000)",
        "coords3D": "3D: (10.252, -17.421, 0.074)",
        "coordsMtEden": "MtEden: (397933.165, 808208.738, -5.814)",
        "easting": 397933.1648726165,
        "northing": 808208.7377681299,
        "longitude": 174.74100331548362,
        "latitude": -36.80574311479389,
        "group": "R1 - Teal (90 points)",
        "canvasX": 611.9086139152047,
        "canvasY": 722.075248222368,
        "variant": "northing_easting_direct"
      }
    },
    {
      "type": "Feature",
      "geometry": {
        "type": "Point",
        "coordinates": [
          10.697715578775387,
          -17.512273582979105,
          0.11877625052
        ]
      },
      "properties": {
        "id": "1_45",
        "camera": "R1 - Teal (Point)",
        "frame": "0061",
        "image": "pano_camera0/frame_0061_hp_preview.jpg",
        "frameId": "0061",
        "height": -5.5296,
        "coords2D": "2D: (397933.610, 808208.647)",
        "coords3D_original": "3D_Original: (-793548.981, 426441.300, 0.000)",
        "coords3D": "3D: (10.698, -17.512, 0.119)",
        "coordsMtEden": "MtEden: (397933.610, 808208.647, -5.530)",
        "easting": 397933.61021557875,
        "northing": 808208.646726417,
        "longitude": 174.74100830626585,
        "latitude": -36.80574393623557,
        "group": "R1 - Teal (90 points)",
        "canvasX": 619.2042688728226,
        "canvasY": 723.5667030784216,
        "variant": "northing_easting_direct"
      }
    },
    {
      "type": "Feature",
      "geometry": {
        "type": "Point",
        "coordinates": [
          12.12182546837721,
          -17.537906891666353,
          0.04212270476
        ]
      },
      "properties": {
        "id": "1_46",
        "camera": "R1 - Teal (Point)",
        "frame": "0062",
        "image": "pano_camera0/frame_0062_hp_preview.jpg",
        "frameId": "0062",
        "height": -4.571906,
        "coords2D": "2D: (397935.034, 808208.621)",
        "coords3D_original": "3D_Original: (-793548.981, 426441.300, 0.000)",
        "coords3D": "3D: (12.122, -17.538, 0.042)",
        "coordsMtEden": "MtEden: (397935.034, 808208.621, -4.572)",
        "easting": 397935.03432546835,
        "northing": 808208.6210931083,
        "longitude": 174.7410242664222,
        "latitude": -36.80574417035017,
        "group": "R1 - Teal (90 points)",
        "canvasX": 642.5341859396398,
        "canvasY": 723.9866306223428,
        "variant": "northing_easting_direct"
      }
    },
    {
      "type": "Feature",
      "geometry": {
        "type": "Point",
        "coordinates": [
          13.194532587949652,
          -17.585908545996062,
          0.10278543636000001
        ]
      },
      "properties": {
        "id": "1_47",
        "camera": "R1 - Teal (Point)",
        "frame": "0063",
        "image": "pano_camera0/frame_0063_hp_preview.jpg",
        "frameId": "0063",
        "height": -3.85568,
        "coords2D": "2D: (397936.107, 808208.573)",
        "coords3D_original": "3D_Original: (-793548.981, 426441.300, 0.000)",
        "coords3D": "3D: (13.195, -17.586, 0.103)",
        "coordsMtEden": "MtEden: (397936.107, 808208.573, -3.856)",
        "easting": 397936.1070325879,
        "northing": 808208.573091454,
        "longitude": 174.74103628829127,
        "latitude": -36.80574460528076,
        "group": "R1 - Teal (90 points)",
        "canvasX": 660.1073860968048,
        "canvasY": 724.7729987393496,
        "variant": "northing_easting_direct"
      }
    },
    {
      "type": "Feature",
      "geometry": {
        "type": "Point",
        "coordinates": [
          13.388729519327171,
          -17.59481321403291,
          0.11481627663999999
        ]
      },
      "properties": {
        "id": "1_48",
        "camera": "R1 - Teal (Point)",
        "frame": "0064",
        "image": "pano_camera0/frame_0064_hp_preview.jpg",
        "frameId": "0064",
        "height": -3.726057,
        "coords2D": "2D: (397936.301, 808208.564)",
        "coords3D_original": "3D_Original: (-793548.981, 426441.300, 0.000)",
        "coords3D": "3D: (13.389, -17.595, 0.115)",
        "coordsMtEden": "MtEden: (397936.301, 808208.564, -3.726)",
        "easting": 397936.3012295193,
        "northing": 808208.564186786,
        "longitude": 174.741038464663,
        "latitude": -36.80574468595307,
        "group": "R1 - Teal (90 points)",
        "canvasX": 663.2887405248472,
        "canvasY": 724.9188759427523,
        "variant": "northing_easting_direct"
      }
    },
    {
      "type": "Feature",
      "geometry": {
        "type": "Point",
        "coordinates": [
          14.633158029231708,
          -17.996298246085644,
          0.06888779748
        ]
      },
      "properties": {
        "id": "1_49",
        "camera": "R1 - Teal (Point)",
        "frame": "0065",
        "image": "pano_camera0/frame_0065_hp_preview.jpg",
        "frameId": "0065",
        "height": -2.957296,
        "coords2D": "2D: (397937.546, 808208.163)",
        "coords3D_original": "3D_Original: (-793548.981, 426441.300, 0.000)",
        "coords3D": "3D: (14.633, -17.996, 0.069)",
        "coordsMtEden": "MtEden: (397937.546, 808208.163, -2.957)",
        "easting": 397937.5456580292,
        "northing": 808208.1627017539,
        "longitude": 174.74105241008374,
        "latitude": -36.805748306855435,
        "group": "R1 - Teal (90 points)",
        "canvasX": 683.6750984489498,
        "canvasY": 731.4960457029896,
        "variant": "northing_easting_direct"
      }
    },
    {
      "type": "Feature",
      "geometry": {
        "type": "Point",
        "coordinates": [
          14.885020664951298,
          -18.204754374106415,
          0.0846948846
        ]
      },
      "properties": {
        "id": "1_50",
        "camera": "R1 - Teal (Point)",
        "frame": "0066",
        "image": "pano_camera0/frame_0066_hp_preview.jpg",
        "frameId": "0066",
        "height": -2.824555,
        "coords2D": "2D: (397937.798, 808207.954)",
        "coords3D_original": "3D_Original: (-793548.981, 426441.300, 0.000)",
        "coords3D": "3D: (14.885, -18.205, 0.085)",
        "coordsMtEden": "MtEden: (397937.798, 808207.954, -2.825)",
        "easting": 397937.7975206649,
        "northing": 808207.9542456259,
        "longitude": 174.74105523218392,
        "latitude": -36.80575018601475,
        "group": "R1 - Teal (90 points)",
        "canvasX": 687.8011384724664,
        "canvasY": 734.9109957804986,
        "variant": "northing_easting_direct"
      }
    },
    {
      "type": "Feature",
      "geometry": {
        "type": "Point",
        "coordinates": [
          15.95934515708359,
          -18.71445123211015,
          0.08305118376
        ]
      },
      "properties": {
        "id": "1_51",
        "camera": "R1 - Teal (Point)",
        "frame": "0067",
        "image": "pano_camera0/frame_0067_hp_preview.jpg",
        "frameId": "0067",
        "height": -2.190176,
        "coords2D": "2D: (397938.872, 808207.445)",
        "coords3D_original": "3D_Original: (-793548.981, 426441.300, 0.000)",
        "coords3D": "3D: (15.959, -18.714, 0.083)",
        "coordsMtEden": "MtEden: (397938.872, 808207.445, -2.190)",
        "easting": 397938.87184515706,
        "northing": 808207.4445487679,
        "longitude": 174.74106727093047,
        "latitude": -36.80575478175201,
        "group": "R1 - Teal (90 points)",
        "canvasX": 705.4008345968451,
        "canvasY": 743.2609029852268,
        "variant": "northing_easting_direct"
      }
    },
    {
      "type": "Feature",
      "geometry": {
        "type": "Point",
        "coordinates": [
          17.084516139293555,
          -18.88168917049188,
          0.13320866568
        ]
      },
      "properties": {
        "id": "1_52",
        "camera": "R1 - Teal (Point)",
        "frame": "0068",
        "image": "pano_camera0/frame_0068_hp_preview.jpg",
        "frameId": "0068",
        "height": -1.459919,
        "coords2D": "2D: (397939.997, 808207.277)",
        "coords3D_original": "3D_Original: (-793548.981, 426441.300, 0.000)",
        "coords3D": "3D: (17.085, -18.882, 0.133)",
        "coordsMtEden": "MtEden: (397939.997, 808207.277, -1.460)",
        "easting": 397939.99701613927,
        "northing": 808207.2773108295,
        "longitude": 174.7410798804498,
        "latitude": -36.80575629135211,
        "group": "R1 - Teal (90 points)",
        "canvasX": 723.8335032359702,
        "canvasY": 746.0006123724944,
        "variant": "northing_easting_direct"
      }
    },
    {
      "type": "Feature",
      "geometry": {
        "type": "Point",
        "coordinates": [
          17.253810697293375,
          -18.902155609917827,
          0.15297900752000002
        ]
      },
      "properties": {
        "id": "1_53",
        "camera": "R1 - Teal (Point)",
        "frame": "0069",
        "image": "pano_camera0/frame_0069_hp_preview.jpg",
        "frameId": "0069",
        "height": -1.3492,
        "coords2D": "2D: (397940.166, 808207.257)",
        "coords3D_original": "3D_Original: (-793548.981, 426441.300, 0.000)",
        "coords3D": "3D: (17.254, -18.902, 0.153)",
        "coordsMtEden": "MtEden: (397940.166, 808207.257, -1.349)",
        "easting": 397940.16631069727,
        "northing": 808207.2568443901,
        "longitude": 174.74108177770577,
        "latitude": -36.80575647616437,
        "group": "R1 - Teal (90 points)",
        "canvasX": 726.6069043804458,
        "canvasY": 746.3358957224902,
        "variant": "northing_easting_direct"
      }
    },
    {
      "type": "Feature",
      "geometry": {
        "type": "Point",
        "coordinates": [
          18.34729231329402,
          -18.41674513905309,
          0.15706365332
        ]
      },
      "properties": {
        "id": "1_54",
        "camera": "R1 - Teal (Point)",
        "frame": "0070",
        "image": "pano_camera0/frame_0070_hp_preview.jpg",
        "frameId": "0070",
        "height": -0.523113,
        "coords2D": "2D: (397941.260, 808207.742)",
        "coords3D_original": "3D_Original: (-793548.981, 426441.300, 0.000)",
        "coords3D": "3D: (18.347, -18.417, 0.157)",
        "coordsMtEden": "MtEden: (397941.260, 808207.742, -0.523)",
        "easting": 397941.25979231327,
        "northing": 808207.7422548609,
        "longitude": 174.74109403384244,
        "latitude": -36.805752104013685,
        "group": "R1 - Teal (90 points)",
        "canvasX": 744.5204345101246,
        "canvasY": 738.383850651424,
        "variant": "northing_easting_direct"
      }
    },
    {
      "type": "Feature",
      "geometry": {
        "type": "Point",
        "coordinates": [
          18.795281008759048,
          -17.639347675722092,
          0.13440289144
        ]
      },
      "properties": {
        "id": "1_55",
        "camera": "R1 - Teal (Point)",
        "frame": "0071",
        "image": "pano_camera0/frame_0071_hp_preview.jpg",
        "frameId": "0071",
        "height": -0.080745,
        "coords2D": "2D: (397941.708, 808208.520)",
        "coords3D_original": "3D_Original: (-793548.981, 426441.300, 0.000)",
        "coords3D": "3D: (18.795, -17.639, 0.134)",
        "coordsMtEden": "MtEden: (397941.708, 808208.520, -0.081)",
        "easting": 397941.70778100874,
        "northing": 808208.5196523243,
        "longitude": 174.74109905662496,
        "latitude": -36.80574509906629,
        "group": "R1 - Teal (90 points)",
        "canvasX": 751.8594321453812,
        "canvasY": 725.6484441493831,
        "variant": "northing_easting_direct"
      }
    },
    {
      "type": "Feature",
      "geometry": {
        "type": "Point",
        "coordinates": [
          18.96894906158559,
          -16.91521274659317,
          0.14949475544000002
        ]
      },
      "properties": {
        "id": "1_56",
        "camera": "R1 - Teal (Point)",
        "frame": "0072",
        "image": "pano_camera0/frame_0072_hp_preview.jpg",
        "frameId": "0072",
        "height": 0.166691,
        "coords2D": "2D: (397941.881, 808209.244)",
        "coords3D_original": "3D_Original: (-793548.981, 426441.300, 0.000)",
        "coords3D": "3D: (18.969, -16.915, 0.149)",
        "coordsMtEden": "MtEden: (397941.881, 808209.244, 0.167)",
        "easting": 397941.88144906156,
        "northing": 808209.2437872534,
        "longitude": 174.74110100490776,
        "latitude": -36.80573857352549,
        "group": "R1 - Teal (90 points)",
        "canvasX": 754.7044803401292,
        "canvasY": 713.7855900489774,
        "variant": "northing_easting_direct"
      }
    },
    {
      "type": "Feature",
      "geometry": {
        "type": "Point",
        "coordinates": [
          18.97397746099159,
          -16.780120726441965,
          0.15699803652
        ]
      },
      "properties": {
        "id": "1_57",
        "camera": "R1 - Teal (Point)",
        "frame": "0073",
        "image": "pano_camera0/frame_0073_hp_preview.jpg",
        "frameId": "0073",
        "height": 0.194357,
        "coords2D": "2D: (397941.886, 808209.379)",
        "coords3D_original": "3D_Original: (-793548.981, 426441.300, 0.000)",
        "coords3D": "3D: (18.974, -16.780, 0.157)",
        "coordsMtEden": "MtEden: (397941.886, 808209.379, 0.194)",
        "easting": 397941.88647746097,
        "northing": 808209.3788792735,
        "longitude": 174.74110106162698,
        "latitude": -36.80573735608446,
        "group": "R1 - Teal (90 points)",
        "canvasX": 754.7868561040506,
        "canvasY": 711.5724984547137,
        "variant": "northing_easting_direct"
      }
    },
    {
      "type": "Feature",
      "geometry": {
        "type": "Point",
        "coordinates": [
          19.186227377853356,
          -15.80055299284868,
          0.15978346968
        ]
      },
      "properties": {
        "id": "1_58",
        "camera": "R1 - Teal (Point)",
        "frame": "0074",
        "image": "pano_camera0/frame_0074_hp_preview.jpg",
        "frameId": "0074",
        "height": 0.51375,
        "coords2D": "2D: (397942.099, 808210.358)",
        "coords3D_original": "3D_Original: (-793548.981, 426441.300, 0.000)",
        "coords3D": "3D: (19.186, -15.801, 0.160)",
        "coordsMtEden": "MtEden: (397942.099, 808210.358, 0.514)",
        "easting": 397942.09872737783,
        "northing": 808210.3584470071,
        "longitude": 174.74110344299277,
        "latitude": -36.80572852866197,
        "group": "R1 - Teal (90 points)",
        "canvasX": 758.2639564274123,
        "canvasY": 695.5251174541035,
        "variant": "northing_easting_direct"
      }
    },
    {
      "type": "Feature",
      "geometry": {
        "type": "Point",
        "coordinates": [
          19.520834868366364,
          -14.706120185670443,
          0.20353019024
        ]
      },
      "properties": {
        "id": "1_59",
        "camera": "R1 - Teal (Point)",
        "frame": "0075",
        "image": "pano_camera0/frame_0075_hp_preview.jpg",
        "frameId": "0075",
        "height": 0.936457,
        "coords2D": "2D: (397942.433, 808211.453)",
        "coords3D_original": "3D_Original: (-793548.981, 426441.300, 0.000)",
        "coords3D": "3D: (19.521, -14.706, 0.204)",
        "coordsMtEden": "MtEden: (397942.433, 808211.453, 0.936)",
        "easting": 397942.43333486834,
        "northing": 808211.4528798143,
        "longitude": 174.74110719594879,
        "latitude": -36.80571866633899,
        "group": "R1 - Teal (90 points)",
        "canvasX": 763.7455313126467,
        "canvasY": 677.5960048119595,
        "variant": "northing_easting_direct"
      }
    },
    {
      "type": "Feature",
      "geometry": {
        "type": "Point",
        "coordinates": [
          19.648152902489528,
          -14.276022078702226,
          0.17172244643999998
        ]
      },
      "properties": {
        "id": "1_60",
        "camera": "R1 - Teal (Point)",
        "frame": "0076",
        "image": "pano_camera0/frame_0076_hp_preview.jpg",
        "frameId": "0076",
        "height": 1.099752,
        "coords2D": "2D: (397942.561, 808211.883)",
        "coords3D_original": "3D_Original: (-793548.981, 426441.300, 0.000)",
        "coords3D": "3D: (19.648, -14.276, 0.172)",
        "coordsMtEden": "MtEden: (397942.561, 808211.883, 1.100)",
        "easting": 397942.56065290247,
        "northing": 808211.8829779213,
        "longitude": 174.7411086239839,
        "latitude": -36.80571479056297,
        "group": "R1 - Teal (90 points)",
        "canvasX": 765.8312686550581,
        "canvasY": 670.5500926658658,
        "variant": "northing_easting_direct"
      }
    },
    {
      "type": "Feature",
      "geometry": {
        "type": "Point",
        "coordinates": [
          19.909816276456695,
          -13.318585219560191,
          0.23207349823999998
        ]
      },
      "properties": {
        "id": "1_61",
        "camera": "R1 - Teal (Point)",
        "frame": "0077",
        "image": "pano_camera0/frame_0077_hp_preview.jpg",
        "frameId": "0077",
        "height": 1.448559,
        "coords2D": "2D: (397942.822, 808212.840)",
        "coords3D_original": "3D_Original: (-793548.981, 426441.300, 0.000)",
        "coords3D": "3D: (19.910, -13.319, 0.232)",
        "coordsMtEden": "MtEden: (397942.822, 808212.840, 1.449)",
        "easting": 397942.82231627643,
        "northing": 808212.8404147804,
        "longitude": 174.74111155907255,
        "latitude": -36.80570616269154,
        "group": "R1 - Teal (90 points)",
        "canvasX": 770.1178653979299,
        "canvasY": 654.8652619641094,
        "variant": "northing_easting_direct"
      }
    },
    {
      "type": "Feature",
      "geometry": {
        "type": "Point",
        "coordinates": [
          20.179416355269495,
          -12.214439901756123,
          0.2911417416
        ]
      },
      "properties": {
        "id": "1_62",
        "camera": "R1 - Teal (Point)",
        "frame": "0078",
        "image": "pano_camera0/frame_0078_hp_preview.jpg",
        "frameId": "0078",
        "height": 1.829084,
        "coords2D": "2D: (397943.092, 808213.945)",
        "coords3D_original": "3D_Original: (-793548.981, 426441.300, 0.000)",
        "coords3D": "3D: (20.179, -12.214, 0.291)",
        "coordsMtEden": "MtEden: (397943.092, 808213.945, 1.829)",
        "easting": 397943.09191635525,
        "northing": 808213.9445600982,
        "longitude": 174.7411145835047,
        "latitude": -36.80569621269771,
        "group": "R1 - Teal (90 points)",
        "canvasX": 774.534482069073,
        "canvasY": 636.7770379568153,
        "variant": "northing_easting_direct"
      }
    },
    {
      "type": "Feature",
      "geometry": {
        "type": "Point",
        "coordinates": [
          20.724451833579224,
          -10.745152257150039,
          0.24091536204
        ]
      },
      "properties": {
        "id": "1_63",
        "camera": "R1 - Teal (Point)",
        "frame": "0079",
        "image": "pano_camera0/frame_0079_hp_preview.jpg",
        "frameId": "0079",
        "height": 2.461321,
        "coords2D": "2D: (397943.637, 808215.414)",
        "coords3D_original": "3D_Original: (-793548.981, 426441.300, 0.000)",
        "coords3D": "3D: (20.724, -10.745, 0.241)",
        "coordsMtEden": "MtEden: (397943.637, 808215.414, 2.461)",
        "easting": 397943.63695183356,
        "northing": 808215.4138477428,
        "longitude": 174.74112069576816,
        "latitude": -36.80568297263209,
        "group": "R1 - Teal (90 points)",
        "canvasX": 783.4633102450643,
        "canvasY": 612.7070141847494,
        "variant": "northing_easting_direct"
      }
    },
    {
      "type": "Feature",
      "geometry": {
        "type": "Point",
        "coordinates": [
          21.381167821062263,
          -10.00324258650653,
          0.29667323784
        ]
      },
      "properties": {
        "id": "1_64",
        "camera": "R1 - Teal (Point)",
        "frame": "0080",
        "image": "pano_camera0/frame_0080_hp_preview.jpg",
        "frameId": "0080",
        "height": 3.038355,
        "coords2D": "2D: (397944.294, 808216.156)",
        "coords3D_original": "3D_Original: (-793548.981, 426441.300, 0.000)",
        "coords3D": "3D: (21.381, -10.003, 0.297)",
        "coordsMtEden": "MtEden: (397944.294, 808216.156, 3.038)",
        "easting": 397944.29366782104,
        "northing": 808216.1557574135,
        "longitude": 174.74112805768578,
        "latitude": -36.80567628795335,
        "group": "R1 - Teal (90 points)",
        "canvasX": 794.221700195077,
        "canvasY": 600.5529724130516,
        "variant": "northing_easting_direct"
      }
    },
    {
      "type": "Feature",
      "geometry": {
        "type": "Point",
        "coordinates": [
          20.755188742710743,
          -16.46266279707197,
          0.26108596636
        ]
      },
      "properties": {
        "id": "1_65",
        "camera": "R1 - Teal (Point)",
        "frame": "0118",
        "image": "pano_camera0/frame_0118_hp_preview.jpg",
        "frameId": "0118",
        "height": 1.454985,
        "coords2D": "2D: (397943.668, 808209.696)",
        "coords3D_original": "3D_Original: (-793548.981, 426441.300, 0.000)",
        "coords3D": "3D: (20.755, -16.463, 0.261)",
        "coordsMtEden": "MtEden: (397943.668, 808209.696, 1.455)",
        "easting": 397943.6676887427,
        "northing": 808209.6963372029,
        "longitude": 174.74112102480052,
        "latitude": -36.80573449901718,
        "group": "R1 - Teal (90 points)",
        "canvasX": 783.966845502706,
        "canvasY": 706.3718694738587,
        "variant": "northing_easting_direct"
      }
    },
    {
      "type": "Feature",
      "geometry": {
        "type": "Point",
        "coordinates": [
          20.115975131921005,
          -16.59886083123274,
          0.25976378784
        ]
      },
      "properties": {
        "id": "1_66",
        "camera": "R1 - Teal (Point)",
        "frame": "0119",
        "image": "pano_camera0/frame_0119_hp_preview.jpg",
        "frameId": "0119",
        "height": 0.998589,
        "coords2D": "2D: (397943.028, 808209.560)",
        "coords3D_original": "3D_Original: (-793548.981, 426441.300, 0.000)",
        "coords3D": "3D: (20.116, -16.599, 0.260)",
        "coordsMtEden": "MtEden: (397943.028, 808209.560, 0.999)",
        "easting": 397943.0284751319,
        "northing": 808209.5601391688,
        "longitude": 174.74111386066494,
        "latitude": -36.80573572504818,
        "group": "R1 - Teal (90 points)",
        "canvasX": 773.4951813168724,
        "canvasY": 708.6030799057921,
        "variant": "northing_easting_direct"
      }
    },
    {
      "type": "Feature",
      "geometry": {
        "type": "Point",
        "coordinates": [
          19.399890368746128,
          -17.331325948005542,
          0.24472441728000002
        ]
      },
      "properties": {
        "id": "1_67",
        "camera": "R1 - Teal (Point)",
        "frame": "0120",
        "image": "pano_camera0/frame_0120_hp_preview.jpg",
        "frameId": "0120",
        "height": 0.383135,
        "coords2D": "2D: (397942.312, 808208.828)",
        "coords3D_original": "3D_Original: (-793548.981, 426441.300, 0.000)",
        "coords3D": "3D: (19.400, -17.331, 0.245)",
        "coordsMtEden": "MtEden: (397942.312, 808208.828, 0.383)",
        "easting": 397942.3123903687,
        "northing": 808208.827674052,
        "longitude": 174.74110583341064,
        "latitude": -36.80574232448246,
        "group": "R1 - Teal (90 points)",
        "canvasX": 761.7642058778313,
        "canvasY": 720.6024000090217,
        "variant": "northing_easting_direct"
      }
    },
    {
      "type": "Feature",
      "geometry": {
        "type": "Point",
        "coordinates": [
          19.20143090072088,
          -17.895392359700054,
          0.21886155556
        ]
      },
      "properties": {
        "id": "1_68",
        "camera": "R1 - Teal (Point)",
        "frame": "0121",
        "image": "pano_camera0/frame_0121_hp_preview.jpg",
        "frameId": "0121",
        "height": 0.147702,
        "coords2D": "2D: (397942.114, 808208.264)",
        "coords3D_original": "3D_Original: (-793548.981, 426441.300, 0.000)",
        "coords3D": "3D: (19.201, -17.895, 0.219)",
        "coordsMtEden": "MtEden: (397942.114, 808208.264, 0.148)",
        "easting": 397942.1139309007,
        "northing": 808208.2636076403,
        "longitude": 174.7411036077194,
        "latitude": -36.80574740742881,
        "group": "R1 - Teal (90 points)",
        "canvasX": 758.5130221287486,
        "canvasY": 729.8429949250032,
        "variant": "northing_easting_direct"
      }
    },
    {
      "type": "Feature",
      "geometry": {
        "type": "Point",
        "coordinates": [
          19.124871440639254,
          -18.3793450971134,
          0.24245735683999997
        ]
      },
      "properties": {
        "id": "1_69",
        "camera": "R1 - Teal (Point)",
        "frame": "0122",
        "image": "pano_camera0/frame_0122_hp_preview.jpg",
        "frameId": "0122",
        "height": 0.009031,
        "coords2D": "2D: (397942.037, 808207.780)",
        "coords3D_original": "3D_Original: (-793548.981, 426441.300, 0.000)",
        "coords3D": "3D: (19.125, -18.379, 0.242)",
        "coordsMtEden": "MtEden: (397942.037, 808207.780, 0.009)",
        "easting": 397942.0373714406,
        "northing": 808207.7796549029,
        "longitude": 174.7411027483973,
        "latitude": -36.80575176865405,
        "group": "R1 - Teal (90 points)",
        "canvasX": 757.258817051563,
        "canvasY": 737.7711592537946,
        "variant": "northing_easting_direct"
      }
    },
    {
      "type": "Feature",
      "geometry": {
        "type": "Point",
        "coordinates": [
          19.207677225465886,
          -19.345446559251286,
          0.26852691148
        ]
      },
      "properties": {
        "id": "1_70",
        "camera": "R1 - Teal (Point)",
        "frame": "0123",
        "image": "pano_camera0/frame_0123_hp_preview.jpg",
        "frameId": "0123",
        "height": -0.108568,
        "coords2D": "2D: (397942.120, 808206.814)",
        "coords3D_original": "3D_Original: (-793548.981, 426441.300, 0.000)",
        "coords3D": "3D: (19.208, -19.345, 0.269)",
        "coordsMtEden": "MtEden: (397942.120, 808206.814, -0.109)",
        "easting": 397942.12017722544,
        "northing": 808206.8135534407,
        "longitude": 174.74110367380396,
        "latitude": -36.805760475359484,
        "group": "R1 - Teal (90 points)",
        "canvasX": 758.6153500733594,
        "canvasY": 753.5979343883907,
        "variant": "northing_easting_direct"
      }
    },
    {
      "type": "Feature",
      "geometry": {
        "type": "Point",
        "coordinates": [
          19.601071302837227,
          -20.020594852860086,
          0.2880085394
        ]
      },
      "properties": {
        "id": "1_71",
        "camera": "R1 - Teal (Point)",
        "frame": "0124",
        "image": "pano_camera0/frame_0124_hp_preview.jpg",
        "frameId": "0124",
        "height": 0.035971,
        "coords2D": "2D: (397942.514, 808206.138)",
        "coords3D_original": "3D_Original: (-793548.981, 426441.300, 0.000)",
        "coords3D": "3D: (19.601, -20.021, 0.288)",
        "coordsMtEden": "MtEden: (397942.514, 808206.138, 0.036)",
        "easting": 397942.5135713028,
        "northing": 808206.1384051471,
        "longitude": 174.74110808081048,
        "latitude": -36.80576656066411,
        "group": "R1 - Teal (90 points)",
        "canvasX": 765.0599729682606,
        "canvasY": 764.658284304948,
        "variant": "northing_easting_direct"
      }
    },
    {
      "type": "Feature",
      "geometry": {
        "type": "Point",
        "coordinates": [
          20.12658720597392,
          -20.068464162759483,
          0.28527888052
        ]
      },
      "properties": {
        "id": "1_72",
        "camera": "R1 - Teal (Point)",
        "frame": "0125",
        "image": "pano_camera0/frame_0125_hp_preview.jpg",
        "frameId": "0125",
        "height": 0.382473,
        "coords2D": "2D: (397943.039, 808206.091)",
        "coords3D_original": "3D_Original: (-793548.981, 426441.300, 0.000)",
        "coords3D": "3D: (20.127, -20.068, 0.285)",
        "coordsMtEden": "MtEden: (397943.039, 808206.091, 0.382)",
        "easting": 397943.03908720595,
        "northing": 808206.0905358372,
        "longitude": 174.74111397022315,
        "latitude": -36.805766993205,
        "group": "R1 - Teal (90 points)",
        "canvasX": 773.6690294228985,
        "canvasY": 765.4424843441245,
        "variant": "northing_easting_direct"
      }
    },
    {
      "type": "Feature",
      "geometry": {
        "type": "Point",
        "coordinates": [
          20.422257254074793,
          -19.99529654707294,
          0.36854659972
        ]
      },
      "properties": {
        "id": "1_73",
        "camera": "R1 - Teal (Point)",
        "frame": "0126",
        "image": "pano_camera0/frame_0126_hp_preview.jpg",
        "frameId": "0126",
        "height": 0.595407,
        "coords2D": "2D: (397943.335, 808206.164)",
        "coords3D_original": "3D_Original: (-793548.981, 426441.300, 0.000)",
        "coords3D": "3D: (20.422, -19.995, 0.369)",
        "coordsMtEden": "MtEden: (397943.335, 808206.164, 0.595)",
        "easting": 397943.33475725405,
        "northing": 808206.1637034529,
        "longitude": 174.741117284043,
        "latitude": -36.80576633445926,
        "group": "R1 - Teal (90 points)",
        "canvasX": 778.5127270558497,
        "canvasY": 764.2438448150082,
        "variant": "northing_easting_direct"
      }
    },
    {
      "type": "Feature",
      "geometry": {
        "type": "Point",
        "coordinates": [
          16.950319227646105,
          -20.726515929563902,
          0.10466207683999999
        ]
      },
      "properties": {
        "id": "1_74",
        "camera": "R1 - Teal (End)",
        "frame": "0197",
        "image": "pano_camera0/frame_0197_hp_preview.jpg",
        "frameId": "0197",
        "height": -3.307107,
        "coords2D": "2D: (397939.863, 808205.432)",
        "coords3D_original": "3D_Original: (-793548.981, 426441.300, 0.000)",
        "coords3D": "3D: (16.950, -20.727, 0.105)",
        "coordsMtEden": "MtEden: (397939.863, 808205.432, -3.307)",
        "easting": 397939.8628192276,
        "northing": 808205.4324840704,
        "longitude": 174.74107837149205,
        "latitude": -36.805772916675316,
        "group": "R1 - Teal (90 points)",
        "canvasX": 721.6350754027671,
        "canvasY": 776.2227571702244,
        "variant": "northing_easting_direct"
      }
    },
    {
      "type": "Feature",
      "geometry": {
        "type": "Point",
        "coordinates": [
          2.5957721539889462,
          -20.712040741345845,
          0.24904528356000002
        ]
      },
      "properties": {
        "id": "2_0",
        "camera": "R2 - DeepBlue (Start)",
        "frame": "0089",
        "image": "pano_camera0/frame_0089_hp_preview.jpg",
        "frameId": "0089",
        "height": 3.271546,
        "coords2D": "2D: (397925.508, 808205.447)",
        "coords3D_original": "3D_Original: (-793548.981, 426441.300, 0.000)",
        "coords3D": "3D: (2.596, -20.712, 0.249)",
        "coordsMtEden": "MtEden: (397925.508, 808205.447, 3.272)",
        "easting": 397925.50827215397,
        "northing": 808205.4469592586,
        "longitude": 174.74091749778077,
        "latitude": -36.80577275488502,
        "group": "R2 - DeepBlue (11 points)",
        "canvasX": 486.4773848316176,
        "canvasY": 775.9856231231366,
        "variant": "northing_easting_direct"
      }
    },
    {
      "type": "Feature",
      "geometry": {
        "type": "Point",
        "coordinates": [
          1.594378650363069,
          -20.4933947508689,
          0.23884187116
        ]
      },
      "properties": {
        "id": "2_1",
        "camera": "R2 - DeepBlue (Point)",
        "frame": "0090",
        "image": "pano_camera0/frame_0090_hp_preview.jpg",
        "frameId": "0090",
        "height": 1.360889,
        "coords2D": "2D: (397924.507, 808205.666)",
        "coords3D_original": "3D_Original: (-793548.981, 426441.300, 0.000)",
        "coords3D": "3D: (1.594, -20.493, 0.239)",
        "coordsMtEden": "MtEden: (397924.507, 808205.666, 1.361)",
        "easting": 397924.50687865034,
        "northing": 808205.6656052491,
        "longitude": 174.74090627559642,
        "latitude": -36.80577078224863,
        "group": "R2 - DeepBlue (11 points)",
        "canvasX": 470.07245178424444,
        "canvasY": 772.4037416537832,
        "variant": "northing_easting_direct"
      }
    },
    {
      "type": "Feature",
      "geometry": {
        "type": "Point",
        "coordinates": [
          1.5694832546869293,
          -20.48541292385198,
          0.22042979708
        ]
      },
      "properties": {
        "id": "2_2",
        "camera": "R2 - DeepBlue (Point)",
        "frame": "0091",
        "image": "pano_camera0/frame_0091_hp_preview.jpg",
        "frameId": "0091",
        "height": 1.312692,
        "coords2D": "2D: (397924.482, 808205.674)",
        "coords3D_original": "3D_Original: (-793548.981, 426441.300, 0.000)",
        "coords3D": "3D: (1.569, -20.485, 0.220)",
        "coordsMtEden": "MtEden: (397924.482, 808205.674, 1.313)",
        "easting": 397924.48198325466,
        "northing": 808205.6735870761,
        "longitude": 174.74090599661142,
        "latitude": -36.805770710261676,
        "group": "R2 - DeepBlue (11 points)",
        "canvasX": 469.6646128097701,
        "canvasY": 772.2729825292527,
        "variant": "northing_easting_direct"
      }
    },
    {
      "type": "Feature",
      "geometry": {
        "type": "Point",
        "coordinates": [
          0.4924445624346845,
          -19.50790746510029,
          -0.19503937632
        ]
      },
      "properties": {
        "id": "2_3",
        "camera": "R2 - DeepBlue (Point)",
        "frame": "0092",
        "image": "pano_camera0/frame_0092_hp_preview.jpg",
        "frameId": "0092",
        "height": -0.945404,
        "coords2D": "2D: (397923.405, 808206.651)",
        "coords3D_original": "3D_Original: (-793548.981, 426441.300, 0.000)",
        "coords3D": "3D: (0.492, -19.508, -0.195)",
        "coordsMtEden": "MtEden: (397923.405, 808206.651, -0.945)",
        "easting": 397923.4049445624,
        "northing": 808206.6510925349,
        "longitude": 174.74089392872935,
        "latitude": -36.80576189860181,
        "group": "R2 - DeepBlue (11 points)",
        "canvasX": 452.0204523754895,
        "canvasY": 756.2593859298473,
        "variant": "northing_easting_direct"
      }
    },
    {
      "type": "Feature",
      "geometry": {
        "type": "Point",
        "coordinates": [
          0.35049083590274677,
          -19.137128190719523,
          -0.059304463839999995
        ]
      },
      "properties": {
        "id": "2_4",
        "camera": "R2 - DeepBlue (Point)",
        "frame": "0093",
        "image": "pano_camera0/frame_0093_hp_preview.jpg",
        "frameId": "0093",
        "height": -1.309218,
        "coords2D": "2D: (397923.263, 808207.022)",
        "coords3D_original": "3D_Original: (-793548.981, 426441.300, 0.000)",
        "coords3D": "3D: (0.350, -19.137, -0.059)",
        "coordsMtEden": "MtEden: (397923.263, 808207.022, -1.309)",
        "easting": 397923.2629908359,
        "northing": 808207.0218718093,
        "longitude": 174.7408923388423,
        "latitude": -36.80575855682036,
        "group": "R2 - DeepBlue (11 points)",
        "canvasX": 449.69495158958813,
        "canvasY": 750.1852411010641,
        "variant": "northing_easting_direct"
      }
    },
    {
      "type": "Feature",
      "geometry": {
        "type": "Point",
        "coordinates": [
          0.25567176536424085,
          -18.446525361039676,
          0.14817585776
        ]
      },
      "properties": {
        "id": "2_5",
        "camera": "R2 - DeepBlue (Middle)",
        "frame": "0094",
        "image": "pano_camera0/frame_0094_hp_preview.jpg",
        "frameId": "0094",
        "height": -1.67342,
        "coords2D": "2D: (397923.168, 808207.712)",
        "coords3D_original": "3D_Original: (-793548.981, 426441.300, 0.000)",
        "coords3D": "3D: (0.256, -18.447, 0.148)",
        "coordsMtEden": "MtEden: (397923.168, 808207.712, -1.673)",
        "easting": 397923.16817176534,
        "northing": 808207.712474639,
        "longitude": 174.74089127807335,
        "latitude": -36.805752332886065,
        "group": "R2 - DeepBlue (11 points)",
        "canvasX": 448.1416156658245,
        "canvasY": 738.8717133604875,
        "variant": "northing_easting_direct"
      }
    },
    {
      "type": "Feature",
      "geometry": {
        "type": "Point",
        "coordinates": [
          0.26696258009178564,
          -17.6162040742347,
          0.01879593236
        ]
      },
      "properties": {
        "id": "2_6",
        "camera": "R2 - DeepBlue (Point)",
        "frame": "0095",
        "image": "pano_camera0/frame_0095_hp_preview.jpg",
        "frameId": "0095",
        "height": -1.879731,
        "coords2D": "2D: (397923.179, 808208.543)",
        "coords3D_original": "3D_Original: (-793548.981, 426441.300, 0.000)",
        "coords3D": "3D: (0.267, -17.616, 0.019)",
        "coordsMtEden": "MtEden: (397923.179, 808208.543, -1.880)",
        "easting": 397923.17946258007,
        "northing": 808208.5427959258,
        "longitude": 174.74089140687605,
        "latitude": -36.805744850038984,
        "group": "R2 - DeepBlue (11 points)",
        "canvasX": 448.32658297278886,
        "canvasY": 725.2693032508167,
        "variant": "northing_easting_direct"
      }
    },
    {
      "type": "Feature",
      "geometry": {
        "type": "Point",
        "coordinates": [
          0.5102948166313581,
          -16.639548585982993,
          0.05832021184
        ]
      },
      "properties": {
        "id": "2_7",
        "camera": "R2 - DeepBlue (Point)",
        "frame": "0096",
        "image": "pano_camera0/frame_0096_hp_preview.jpg",
        "frameId": "0096",
        "height": -1.697207,
        "coords2D": "2D: (397923.423, 808209.519)",
        "coords3D_original": "3D_Original: (-793548.981, 426441.300, 0.000)",
        "coords3D": "3D: (0.510, -16.640, 0.058)",
        "coordsMtEden": "MtEden: (397923.423, 808209.519, -1.697)",
        "easting": 397923.4227948166,
        "northing": 808209.519451414,
        "longitude": 174.74089413660266,
        "latitude": -36.805736048934094,
        "group": "R2 - DeepBlue (11 points)",
        "canvasX": 452.31287710568324,
        "canvasY": 709.2696309567252,
        "variant": "northing_easting_direct"
      }
    },
    {
      "type": "Feature",
      "geometry": {
        "type": "Point",
        "coordinates": [
          1.6203488011378795,
          -15.723315185401589,
          0.1159612898
        ]
      },
      "properties": {
        "id": "2_8",
        "camera": "R2 - DeepBlue (Point)",
        "frame": "0097",
        "image": "pano_camera0/frame_0097_hp_preview.jpg",
        "frameId": "0097",
        "height": 0.103775,
        "coords2D": "2D: (397924.533, 808210.436)",
        "coords3D_original": "3D_Original: (-793548.981, 426441.300, 0.000)",
        "coords3D": "3D: (1.620, -15.723, 0.116)",
        "coordsMtEden": "MtEden: (397924.533, 808210.436, 0.104)",
        "easting": 397924.5328488011,
        "northing": 808210.4356848146,
        "longitude": 174.74090657965021,
        "latitude": -36.8057277942543,
        "group": "R2 - DeepBlue (11 points)",
        "canvasX": 470.4978975084794,
        "canvasY": 694.2597996196596,
        "variant": "northing_easting_direct"
      }
    },
    {
      "type": "Feature",
      "geometry": {
        "type": "Point",
        "coordinates": [
          1.864610951510258,
          -15.629479926079512,
          0.03619094604
        ]
      },
      "properties": {
        "id": "2_9",
        "camera": "R2 - DeepBlue (Point)",
        "frame": "0098",
        "image": "pano_camera0/frame_0098_hp_preview.jpg",
        "frameId": "0098",
        "height": 0.529561,
        "coords2D": "2D: (397924.777, 808210.530)",
        "coords3D_original": "3D_Original: (-793548.981, 426441.300, 0.000)",
        "coords3D": "3D: (1.865, -15.629, 0.036)",
        "coordsMtEden": "MtEden: (397924.777, 808210.530, 0.530)",
        "easting": 397924.7771109515,
        "northing": 808210.5295200739,
        "longitude": 174.7409093173901,
        "latitude": -36.80572694914445,
        "group": "R2 - DeepBlue (11 points)",
        "canvasX": 474.4994255877339,
        "canvasY": 692.7225805934942,
        "variant": "northing_easting_direct"
      }
    },
    {
      "type": "Feature",
      "geometry": {
        "type": "Point",
        "coordinates": [
          3.3240240665036254,
          -15.367625653045252,
          0.14853018848
        ]
      },
      "properties": {
        "id": "2_10",
        "camera": "R2 - DeepBlue (End)",
        "frame": "0099",
        "image": "pano_camera0/frame_0099_hp_preview.jpg",
        "frameId": "0099",
        "height": 3.15529,
        "coords2D": "2D: (397926.237, 808210.791)",
        "coords3D_original": "3D_Original: (-793548.981, 426441.300, 0.000)",
        "coords3D": "3D: (3.324, -15.368, 0.149)",
        "coordsMtEden": "MtEden: (397926.237, 808210.791, 3.155)",
        "easting": 397926.2365240665,
        "northing": 808210.7913743469,
        "longitude": 174.74092567397435,
        "latitude": -36.80572459250589,
        "group": "R2 - DeepBlue (11 points)",
        "canvasX": 498.4076837830198,
        "canvasY": 688.4328565224537,
        "variant": "northing_easting_direct"
      }
    },
    {
      "type": "Feature",
      "geometry": {
        "type": "Point",
        "coordinates": [
          0.6432061328087002,
          -10.11851548741106,
          0.20441929788
        ]
      },
      "properties": {
        "id": "3_0",
        "camera": "R3 - Orange (Start)",
        "frame": "0143",
        "image": "pano_camera0/frame_0143_hp_preview.jpg",
        "frameId": "0143",
        "height": 0.694644,
        "coords2D": "2D: (397923.556, 808216.040)",
        "coords3D_original": "3D_Original: (-793548.981, 426441.300, 0.000)",
        "coords3D": "3D: (0.643, -10.119, 0.204)",
        "coordsMtEden": "MtEden: (397923.556, 808216.040, 0.695)",
        "easting": 397923.5557061328,
        "northing": 808216.0404845126,
        "longitude": 174.7408956439438,
        "latitude": -36.805677281546075,
        "group": "R3 - Orange (11 points)",
        "canvasX": 454.4902441801206,
        "canvasY": 602.441385124561,
        "variant": "northing_easting_direct"
      }
    },
    {
      "type": "Feature",
      "geometry": {
        "type": "Point",
        "coordinates": [
          0.6545886901440099,
          -10.568164041847922,
          0.25885171432
        ]
      },
      "properties": {
        "id": "3_1",
        "camera": "R3 - Orange (Point)",
        "frame": "0144",
        "image": "pano_camera0/frame_0144_hp_preview.jpg",
        "frameId": "0144",
        "height": 0.644563,
        "coords2D": "2D: (397923.567, 808215.591)",
        "coords3D_original": "3D_Original: (-793548.981, 426441.300, 0.000)",
        "coords3D": "3D: (0.655, -10.568, 0.259)",
        "coordsMtEden": "MtEden: (397923.567, 808215.591, 0.645)",
        "easting": 397923.5670886901,
        "northing": 808215.5908359581,
        "longitude": 174.74089577028363,
        "latitude": -36.80568133381274,
        "group": "R3 - Orange (11 points)",
        "canvasX": 454.67671442390485,
        "canvasY": 609.8075747432191,
        "variant": "northing_easting_direct"
      }
    },
    {
      "type": "Feature",
      "geometry": {
        "type": "Point",
        "coordinates": [
          1.0373197968583554,
          -10.813658808125183,
          0.27083006115999997
        ]
      },
      "properties": {
        "id": "3_2",
        "camera": "R3 - Orange (Point)",
        "frame": "0145",
        "image": "pano_camera0/frame_0145_hp_preview.jpg",
        "frameId": "0145",
        "height": 0.468483,
        "coords2D": "2D: (397923.950, 808215.345)",
        "coords3D_original": "3D_Original: (-793548.981, 426441.300, 0.000)",
        "coords3D": "3D: (1.037, -10.814, 0.271)",
        "coordsMtEden": "MtEden: (397923.950, 808215.345, 0.468)",
        "easting": 397923.94981979684,
        "northing": 808215.3453411919,
        "longitude": 174.74090005893913,
        "latitude": -36.805683547055665,
        "group": "R3 - Orange (11 points)",
        "canvasX": 460.9466554194361,
        "canvasY": 613.829295664964,
        "variant": "northing_easting_direct"
      }
    },
    {
      "type": "Feature",
      "geometry": {
        "type": "Point",
        "coordinates": [
          2.5926635969080962,
          -10.306114158593118,
          -0.10716207691999999
        ]
      },
      "properties": {
        "id": "3_3",
        "camera": "R3 - Orange (Point)",
        "frame": "0146",
        "image": "pano_camera0/frame_0146_hp_preview.jpg",
        "frameId": "0146",
        "height": 2.034633,
        "coords2D": "2D: (397925.505, 808215.853)",
        "coords3D_original": "3D_Original: (-793548.981, 426441.300, 0.000)",
        "coords3D": "3D: (2.593, -10.306, -0.107)",
        "coordsMtEden": "MtEden: (397925.505, 808215.853, 2.035)",
        "easting": 397925.5051635969,
        "northing": 808215.8528858414,
        "longitude": 174.74091749129335,
        "latitude": -36.80567897646197,
        "group": "R3 - Orange (11 points)",
        "canvasX": 486.42646012461284,
        "canvasY": 605.514646163752,
        "variant": "northing_easting_direct"
      }
    },
    {
      "type": "Feature",
      "geometry": {
        "type": "Point",
        "coordinates": [
          2.8516433725017123,
          -10.202324442681856,
          -0.10200787728
        ]
      },
      "properties": {
        "id": "3_4",
        "camera": "R3 - Orange (Point)",
        "frame": "0147",
        "image": "pano_camera0/frame_0147_hp_preview.jpg",
        "frameId": "0147",
        "height": 2.701277,
        "coords2D": "2D: (397925.764, 808215.957)",
        "coords3D_original": "3D_Original: (-793548.981, 426441.300, 0.000)",
        "coords3D": "3D: (2.852, -10.202, -0.102)",
        "coordsMtEden": "MtEden: (397925.764, 808215.957, 2.701)",
        "easting": 397925.7641433725,
        "northing": 808215.9566755573,
        "longitude": 174.74092039400114,
        "latitude": -36.80567804167433,
        "group": "R3 - Orange (11 points)",
        "canvasX": 490.6690938780037,
        "canvasY": 603.8143521893054,
        "variant": "northing_easting_direct"
      }
    },
    {
      "type": "Feature",
      "geometry": {
        "type": "Point",
        "coordinates": [
          3.537606025405694,
          -10.306976307416335,
          0.03630577544
        ]
      },
      "properties": {
        "id": "3_5",
        "camera": "R3 - Orange (Middle)",
        "frame": "0148",
        "image": "pano_camera0/frame_0148_hp_preview.jpg",
        "frameId": "0148",
        "height": 4.428323,
        "coords2D": "2D: (397926.450, 808215.852)",
        "coords3D_original": "3D_Original: (-793548.981, 426441.300, 0.000)",
        "coords3D": "3D: (3.538, -10.307, 0.036)",
        "coordsMtEden": "MtEden: (397926.450, 808215.852, 4.428)",
        "easting": 397926.4501060254,
        "northing": 808215.8520236926,
        "longitude": 174.740928081402,
        "latitude": -36.80567898630139,
        "group": "R3 - Orange (11 points)",
        "canvasX": 501.9066057576375,
        "canvasY": 605.5287699772731,
        "variant": "northing_easting_direct"
      }
    },
    {
      "type": "Feature",
      "geometry": {
        "type": "Point",
        "coordinates": [
          3.698515521537047,
          -11.727768289740197,
          0.0234251976
        ]
      },
      "properties": {
        "id": "3_6",
        "camera": "R3 - Orange (Point)",
        "frame": "0149",
        "image": "pano_camera0/frame_0149_hp_preview.jpg",
        "frameId": "0149",
        "height": 4.691078,
        "coords2D": "2D: (397926.611, 808214.431)",
        "coords3D_original": "3D_Original: (-793548.981, 426441.300, 0.000)",
        "coords3D": "3D: (3.699, -11.728, 0.023)",
        "coordsMtEden": "MtEden: (397926.611, 808214.431, 4.691)",
        "easting": 397926.6110155215,
        "northing": 808214.4312317102,
        "longitude": 174.7409298808699,
        "latitude": -36.80569179085929,
        "group": "R3 - Orange (11 points)",
        "canvasX": 504.54264194231587,
        "canvasY": 628.8043327396294,
        "variant": "northing_easting_direct"
      }
    },
    {
      "type": "Feature",
      "geometry": {
        "type": "Point",
        "coordinates": [
          2.822054363670759,
          -12.57771128625609,
          -0.15392717028
        ]
      },
      "properties": {
        "id": "3_7",
        "camera": "R3 - Orange (Point)",
        "frame": "0150",
        "image": "pano_camera0/frame_0150_hp_preview.jpg",
        "frameId": "0150",
        "height": 2.384117,
        "coords2D": "2D: (397925.735, 808213.581)",
        "coords3D_original": "3D_Original: (-793548.981, 426441.300, 0.000)",
        "coords3D": "3D: (2.822, -12.578, -0.154)",
        "coordsMtEden": "MtEden: (397925.735, 808213.581, 2.384)",
        "easting": 397925.73455436365,
        "northing": 808213.5812887137,
        "longitude": 174.74092005592172,
        "latitude": -36.805699448642876,
        "group": "R3 - Orange (11 points)",
        "canvasX": 490.18436364281524,
        "canvasY": 642.7281877490877,
        "variant": "northing_easting_direct"
      }
    },
    {
      "type": "Feature",
      "geometry": {
        "type": "Point",
        "coordinates": [
          1.710809076379519,
          -12.676902670762502,
          -0.03498359692
        ]
      },
      "properties": {
        "id": "3_8",
        "camera": "R3 - Orange (Point)",
        "frame": "0151",
        "image": "pano_camera0/frame_0151_hp_preview.jpg",
        "frameId": "0151",
        "height": -0.441062,
        "coords2D": "2D: (397924.623, 808213.482)",
        "coords3D_original": "3D_Original: (-793548.981, 426441.300, 0.000)",
        "coords3D": "3D: (1.711, -12.677, -0.035)",
        "coordsMtEden": "MtEden: (397924.623, 808213.482, -0.441)",
        "easting": 397924.62330907636,
        "northing": 808213.4820973292,
        "longitude": 174.74090760175608,
        "latitude": -36.80570034012268,
        "group": "R3 - Orange (11 points)",
        "canvasX": 471.97982719247585,
        "canvasY": 644.3531513768869,
        "variant": "northing_easting_direct"
      }
    },
    {
      "type": "Feature",
      "geometry": {
        "type": "Point",
        "coordinates": [
          0.4972626817179844,
          -11.875288922688924,
          -0.05310695708
        ]
      },
      "properties": {
        "id": "3_9",
        "camera": "R3 - Orange (Point)",
        "frame": "0152",
        "image": "pano_camera0/frame_0152_hp_preview.jpg",
        "frameId": "0152",
        "height": -3.433546,
        "coords2D": "2D: (397923.410, 808214.284)",
        "coords3D_original": "3D_Original: (-793548.981, 426441.300, 0.000)",
        "coords3D": "3D: (0.497, -11.875, -0.053)",
        "coordsMtEden": "MtEden: (397923.410, 808214.284, -3.434)",
        "easting": 397923.4097626817,
        "northing": 808214.2837110773,
        "longitude": 174.74089400354268,
        "latitude": -36.80569311330309,
        "group": "R3 - Orange (11 points)",
        "canvasX": 452.0993833096409,
        "canvasY": 631.2210311673796,
        "variant": "northing_easting_direct"
      }
    },
    {
      "type": "Feature",
      "geometry": {
        "type": "Point",
        "coordinates": [
          0.3910459410981275,
          -11.68838110123761,
          0.10677821863999999
        ]
      },
      "properties": {
        "id": "3_10",
        "camera": "R3 - Orange (End)",
        "frame": "0153",
        "image": "pano_camera0/frame_0153_hp_preview.jpg",
        "frameId": "0153",
        "height": -3.683562,
        "coords2D": "2D: (397923.304, 808214.471)",
        "coords3D_original": "3D_Original: (-793548.981, 426441.300, 0.000)",
        "coords3D": "3D: (0.391, -11.688, 0.107)",
        "coordsMtEden": "MtEden: (397923.304, 808214.471, -3.684)",
        "easting": 397923.3035459411,
        "northing": 808214.4706188987,
        "longitude": 174.74089281366534,
        "latitude": -36.805691428653155,
        "group": "R3 - Orange (11 points)",
        "canvasX": 450.35932956277134,
        "canvasY": 628.1590877011306,
        "variant": "northing_easting_direct"
      }
    },
    {
      "type": "Feature",
      "geometry": {
        "type": "Point",
        "coordinates": [
          9.713838568422943,
          -11.802501441445202,
          -0.23363517807999998
        ]
      },
      "properties": {
        "id": "4_0",
        "camera": "R4 - Purple (Start)",
        "frame": "0130",
        "image": "pano_camera0/frame_0130_hp_preview.jpg",
        "frameId": "0130",
        "height": 5.109381,
        "coords2D": "2D: (397932.626, 808214.356)",
        "coords3D_original": "3D_Original: (-793548.981, 426441.300, 0.000)",
        "coords3D": "3D: (9.714, -11.803, -0.234)",
        "coordsMtEden": "MtEden: (397932.626, 808214.356, 5.109)",
        "easting": 397932.6263385684,
        "northing": 808214.3564985585,
        "longitude": 174.74099729530258,
        "latitude": -36.805692477508366,
        "group": "R4 - Purple (10 points)",
        "canvasX": 603.0862928493116,
        "canvasY": 630.0286190414839,
        "variant": "northing_easting_direct"
      }
    },
    {
      "type": "Feature",
      "geometry": {
        "type": "Point",
        "coordinates": [
          8.294847017445136,
          -12.154379459912889,
          -0.05659777084
        ]
      },
      "properties": {
        "id": "4_1",
        "camera": "R4 - Purple (Point)",
        "frame": "0131",
        "image": "pano_camera0/frame_0131_hp_preview.jpg",
        "frameId": "0131",
        "height": 3.386891,
        "coords2D": "2D: (397931.207, 808214.005)",
        "coords3D_original": "3D_Original: (-793548.981, 426441.300, 0.000)",
        "coords3D": "3D: (8.295, -12.154, -0.057)",
        "coordsMtEden": "MtEden: (397931.207, 808214.005, 3.387)",
        "easting": 397931.2073470174,
        "northing": 808214.0046205401,
        "longitude": 174.74098139149336,
        "latitude": -36.80569564554088,
        "group": "R4 - Purple (10 points)",
        "canvasX": 579.8402249411351,
        "canvasY": 635.7931215211439,
        "variant": "northing_easting_direct"
      }
    },
    {
      "type": "Feature",
      "geometry": {
        "type": "Point",
        "coordinates": [
          7.482488918234594,
          -12.165568873402663,
          0.00796587952
        ]
      },
      "properties": {
        "id": "4_2",
        "camera": "R4 - Purple (Point)",
        "frame": "0132",
        "image": "pano_camera0/frame_0132_hp_preview.jpg",
        "frameId": "0132",
        "height": 2.298419,
        "coords2D": "2D: (397930.395, 808213.993)",
        "coords3D_original": "3D_Original: (-793548.981, 426441.300, 0.000)",
        "coords3D": "3D: (7.482, -12.166, 0.008)",
        "coordsMtEden": "MtEden: (397930.395, 808213.993, 2.298)",
        "easting": 397930.3949889182,
        "northing": 808213.9934311266,
        "longitude": 174.74097228724236,
        "latitude": -36.805695744604904,
        "group": "R4 - Purple (10 points)",
        "canvasX": 566.532089648106,
        "canvasY": 635.976427661773,
        "variant": "northing_easting_direct"
      }
    },
    {
      "type": "Feature",
      "geometry": {
        "type": "Point",
        "coordinates": [
          7.356420850206632,
          -12.158792020753026,
          -0.07008858492
        ]
      },
      "properties": {
        "id": "4_3",
        "camera": "R4 - Purple (Point)",
        "frame": "0133",
        "image": "pano_camera0/frame_0133_hp_preview.jpg",
        "frameId": "0133",
        "height": 2.124921,
        "coords2D": "2D: (397930.269, 808214.000)",
        "coords3D_original": "3D_Original: (-793548.981, 426441.300, 0.000)",
        "coords3D": "3D: (7.356, -12.159, -0.070)",
        "coordsMtEden": "MtEden: (397930.269, 808214.000, 2.125)",
        "easting": 397930.2689208502,
        "northing": 808214.0002079792,
        "longitude": 174.74097087439682,
        "latitude": -36.805695683256225,
        "group": "R4 - Purple (10 points)",
        "canvasX": 564.4668293800585,
        "canvasY": 635.8654085535916,
        "variant": "northing_easting_direct"
      }
    },
    {
      "type": "Feature",
      "geometry": {
        "type": "Point",
        "coordinates": [
          6.376943110022694,
          -12.122448335052468,
          -0.08437664312
        ]
      },
      "properties": {
        "id": "4_4",
        "camera": "R4 - Purple (Point)",
        "frame": "0134",
        "image": "pano_camera0/frame_0134_hp_preview.jpg",
        "frameId": "0134",
        "height": 0.785714,
        "coords2D": "2D: (397929.289, 808214.037)",
        "coords3D_original": "3D_Original: (-793548.981, 426441.300, 0.000)",
        "coords3D": "3D: (6.377, -12.122, -0.084)",
        "coordsMtEden": "MtEden: (397929.289, 808214.037, 0.786)",
        "easting": 397929.28944311,
        "northing": 808214.0365516649,
        "longitude": 174.74095989733985,
        "latitude": -36.80569535358475,
        "group": "R4 - Purple (10 points)",
        "canvasX": 548.4209226601464,
        "canvasY": 635.2700224952929,
        "variant": "northing_easting_direct"
      }
    },
    {
      "type": "Feature",
      "geometry": {
        "type": "Point",
        "coordinates": [
          5.30784563254565,
          -11.545103606418706,
          -0.44910762592000003
        ]
      },
      "properties": {
        "id": "4_5",
        "camera": "R4 - Purple (Middle)",
        "frame": "0135",
        "image": "pano_camera0/frame_0135_hp_preview.jpg",
        "frameId": "0135",
        "height": -0.965313,
        "coords2D": "2D: (397928.220, 808214.614)",
        "coords3D_original": "3D_Original: (-793548.981, 426441.300, 0.000)",
        "coords3D": "3D: (5.308, -11.545, -0.449)",
        "coordsMtEden": "MtEden: (397928.220, 808214.614, -0.965)",
        "easting": 397928.2203456325,
        "northing": 808214.6138963936,
        "longitude": 174.740947917373,
        "latitude": -36.80569014820408,
        "group": "R4 - Purple (10 points)",
        "canvasX": 530.9068560365962,
        "canvasY": 625.8119008040303,
        "variant": "northing_easting_direct"
      }
    },
    {
      "type": "Feature",
      "geometry": {
        "type": "Point",
        "coordinates": [
          5.043761409702711,
          -11.112175366375595,
          0.36148951288000003
        ]
      },
      "properties": {
        "id": "4_6",
        "camera": "R4 - Purple (Point)",
        "frame": "0136",
        "image": "pano_camera0/frame_0136_hp_preview.jpg",
        "frameId": "0136",
        "height": -1.554043,
        "coords2D": "2D: (397927.956, 808215.047)",
        "coords3D_original": "3D_Original: (-793548.981, 426441.300, 0.000)",
        "coords3D": "3D: (5.044, -11.112, 0.361)",
        "coordsMtEden": "MtEden: (397927.956, 808215.047, -1.554)",
        "easting": 397927.9562614097,
        "northing": 808215.0468246336,
        "longitude": 174.7409449589193,
        "latitude": -36.80568624606833,
        "group": "R4 - Purple (10 points)",
        "canvasX": 526.5806006951073,
        "canvasY": 618.7196251244438,
        "variant": "northing_easting_direct"
      }
    },
    {
      "type": "Feature",
      "geometry": {
        "type": "Point",
        "coordinates": [
          4.678994187328499,
          -10.111843424616382,
          0.32395998412
        ]
      },
      "properties": {
        "id": "4_7",
        "camera": "R4 - Purple (Point)",
        "frame": "0137",
        "image": "pano_camera0/frame_0137_hp_preview.jpg",
        "frameId": "0137",
        "height": -2.583704,
        "coords2D": "2D: (397927.591, 808216.047)",
        "coords3D_original": "3D_Original: (-793548.981, 426441.300, 0.000)",
        "coords3D": "3D: (4.679, -10.112, 0.324)",
        "coordsMtEden": "MtEden: (397927.591, 808216.047, -2.584)",
        "easting": 397927.5914941873,
        "northing": 808216.0471565754,
        "longitude": 174.7409408736408,
        "latitude": -36.805677230258745,
        "group": "R4 - Purple (10 points)",
        "canvasX": 520.6049459303405,
        "canvasY": 602.3320826949835,
        "variant": "northing_easting_direct"
      }
    },
    {
      "type": "Feature",
      "geometry": {
        "type": "Point",
        "coordinates": [
          4.288202206371352,
          -9.614278896478936,
          0.16820538596
        ]
      },
      "properties": {
        "id": "4_8",
        "camera": "R4 - Purple (Point)",
        "frame": "0138",
        "image": "pano_camera0/frame_0138_hp_preview.jpg",
        "frameId": "0138",
        "height": -3.377924,
        "coords2D": "2D: (397927.201, 808216.545)",
        "coords3D_original": "3D_Original: (-793548.981, 426441.300, 0.000)",
        "coords3D": "3D: (4.288, -9.614, 0.168)",
        "coordsMtEden": "MtEden: (397927.201, 808216.545, -3.378)",
        "easting": 397927.20070220635,
        "northing": 808216.5447211035,
        "longitude": 174.74093649533125,
        "latitude": -36.80567274534196,
        "group": "R4 - Purple (10 points)",
        "canvasX": 514.2029508511002,
        "canvasY": 594.1809285853516,
        "variant": "northing_easting_direct"
      }
    },
    {
      "type": "Feature",
      "geometry": {
        "type": "Point",
        "coordinates": [
          3.577245223976206,
          -9.266529588960111,
          0.14385827231999998
        ]
      },
      "properties": {
        "id": "4_9",
        "camera": "R4 - Purple (End)",
        "frame": "0139",
        "image": "pano_camera0/frame_0139_hp_preview.jpg",
        "frameId": "0139",
        "height": -4.522898,
        "coords2D": "2D: (397926.490, 808216.892)",
        "coords3D_original": "3D_Original: (-793548.981, 426441.300, 0.000)",
        "coords3D": "3D: (3.577, -9.267, 0.144)",
        "coordsMtEden": "MtEden: (397926.490, 808216.892, -4.523)",
        "easting": 397926.48974522395,
        "northing": 808216.892470411,
        "longitude": 174.74092852847772,
        "latitude": -36.8056696098617,
        "group": "R4 - Purple (10 points)",
        "canvasX": 502.55597925266926,
        "canvasY": 588.4840630818329,
        "variant": "northing_easting_direct"
      }
    }
  ],
  "properties": {
    "name": "Camera Positions - northing_easting_direct",
    "description": "Use northing/easting directly with base point subtraction",
    "timestamp": "2025-10-21T03:40:05.410Z",
    "variant": "northing_easting_direct"
  }
}