{
  "type": "FeatureCollection",
  "features": [
    {
      "type": "Feature",
      "geometry": {
        "type": "Point",
        "coordinates": [
          174.74116697421331,
          -36.80571017118738,
          2.322
        ]
      },
      "properties": {
        "id": "0_0",
        "camera": "R0 - Red (Start)",
        "frame": "0140",
        "image": "pano_camera0/frame_0140_hp_preview.jpg",
        "frameId": "0140",
        "height": 2.322,
        "coords2D": "2D: (4.506, 0.036)",
        "coords3D": "3D: (4.506, 0.036, 2.322)",
        "easting": 397947.76704526594,
        "northing": 808212.3968109924,
        "longitude": 174.74116697421331,
        "latitude": -36.80571017118738,
        "group": "R0 - Red (229 points)",
        "canvasX": 991.9353986519588,
        "canvasY": 681.7607372658333
      }
    },
    {
      "type": "Feature",
      "geometry": {
        "type": "Point",
        "coordinates": [
          174.741170209215,
          -36.80571276792892,
          2.45
        ]
      },
      "properties": {
        "id": "0_1",
        "camera": "R0 - Red (Point)",
        "frame": "0141",
        "image": "pano_camera0/frame_0141_hp_preview.jpg",
        "frameId": "0141",
        "height": 2.45,
        "coords2D": "2D: (4.634, 0.041)",
        "coords3D": "3D: (4.634, 0.041, 2.450)",
        "easting": 397948.05576959456,
        "northing": 808212.1087384117,
        "longitude": 174.741170209215,
        "latitude": -36.80571276792892,
        "group": "R0 - Red (229 points)",
        "canvasX": 997.2984598907423,
        "canvasY": 687.1116922715721
      }
    },
    {
      "type": "Feature",
      "geometry": {
        "type": "Point",
        "coordinates": [
          174.74117574071465,
          -36.80571765874165,
          2.69
        ]
      },
      "properties": {
        "id": "0_2",
        "camera": "R0 - Red (Point)",
        "frame": "0142",
        "image": "pano_camera0/frame_0142_hp_preview.jpg",
        "frameId": "0142",
        "height": 2.69,
        "coords2D": "2D: (4.852, 0.036)",
        "coords3D": "3D: (4.852, 0.036, 2.690)",
        "easting": 397948.5494686441,
        "northing": 808211.5661582681,
        "longitude": 174.74117574071465,
        "latitude": -36.80571765874165,
        "group": "R0 - Red (229 points)",
        "canvasX": 1006.4689314220707,
        "canvasY": 697.1901312812497
      }
    },
    {
      "type": "Feature",
      "geometry": {
        "type": "Point",
        "coordinates": [
          174.74117971727466,
          -36.80571966239615,
          2.788
        ]
      },
      "properties": {
        "id": "0_3",
        "camera": "R0 - Red (Point)",
        "frame": "0143",
        "image": "pano_camera0/frame_0143_hp_preview.jpg",
        "frameId": "0143",
        "height": 2.788,
        "coords2D": "2D: (5.009, 0.035)",
        "coords3D": "3D: (5.009, 0.035, 2.788)",
        "easting": 397948.90434538655,
        "northing": 808211.3439122274,
        "longitude": 174.74117971727466,
        "latitude": -36.80571966239615,
        "group": "R0 - Red (229 points)",
        "canvasX": 1013.0607753148869,
        "canvasY": 701.3183567494781
      }
    },
    {
      "type": "Feature",
      "geometry": {
        "type": "Point",
        "coordinates": [
          174.7411841585678,
          -36.80571860894947,
          2.736
        ]
      },
      "properties": {
        "id": "0_4",
        "camera": "R0 - Red (Point)",
        "frame": "0144",
        "image": "pano_camera0/frame_0144_hp_preview.jpg",
        "frameId": "0144",
        "height": 2.736,
        "coords2D": "2D: (5.185, 0.052)",
        "coords3D": "3D: (5.185, 0.052, 2.736)",
        "easting": 397949.300608122,
        "northing": 808211.460900979,
        "longitude": 174.7411841585678,
        "latitude": -36.80571860894947,
        "group": "R0 - Red (229 points)",
        "canvasX": 1020.4213650060389,
        "canvasY": 699.1452879179619
      }
    },
    {
      "type": "Feature",
      "geometry": {
        "type": "Point",
        "coordinates": [
          174.74118563144722,
          -36.80571501167522,
          2.56
        ]
      },
      "properties": {
        "id": "0_5",
        "camera": "R0 - Red (Point)",
        "frame": "0145",
        "image": "pano_camera0/frame_0145_hp_preview.jpg",
        "frameId": "0145",
        "height": 2.56,
        "coords2D": "2D: (5.243, 0.058)",
        "coords3D": "3D: (5.243, 0.058, 2.560)",
        "easting": 397949.43193532794,
        "northing": 808211.8600965801,
        "longitude": 174.74118563144722,
        "latitude": -36.80571501167522,
        "group": "R0 - Red (229 points)",
        "canvasX": 1022.8607709645374,
        "canvasY": 691.730220178109
      }
    },
    {
      "type": "Feature",
      "geometry": {
        "type": "Point",
        "coordinates": [
          174.74116382348512,
          -36.80571886639177,
          2.749
        ]
      },
      "properties": {
        "id": "0_6",
        "camera": "R0 - Red (Point)",
        "frame": "0157",
        "image": "pano_camera0/frame_0157_hp_preview.jpg",
        "frameId": "0157",
        "height": 2.749,
        "coords2D": "2D: (4.382, 0.040)",
        "coords3D": "3D: (4.382, 0.040, 2.749)",
        "easting": 397947.48614191235,
        "northing": 808211.4318981966,
        "longitude": 174.74116382348512,
        "latitude": -36.80571886639177,
        "group": "R0 - Red (229 points)",
        "canvasX": 986.7176122097113,
        "canvasY": 699.6840152884492
      }
    },
    {
      "type": "Feature",
      "geometry": {
        "type": "Point",
        "coordinates": [
          174.7411603388381,
          -36.805720618977055,
          2.836
        ]
      },
      "properties": {
        "id": "0_7",
        "camera": "R0 - Red (Point)",
        "frame": "0158",
        "image": "pano_camera0/frame_0158_hp_preview.jpg",
        "frameId": "0158",
        "height": 2.836,
        "coords2D": "2D: (4.244, 0.042)",
        "coords3D": "3D: (4.244, 0.042, 2.836)",
        "easting": 397947.1752581544,
        "northing": 808211.2373514425,
        "longitude": 174.7411603388381,
        "latitude": -36.805720618977055,
        "group": "R0 - Red (229 points)",
        "canvasX": 980.9429390474095,
        "canvasY": 703.2977258522797
      }
    },
    {
      "type": "Feature",
      "geometry": {
        "type": "Point",
        "coordinates": [
          174.74115910017278,
          -36.805722612812936,
          2.933
        ]
      },
      "properties": {
        "id": "0_8",
        "camera": "R0 - Red (Point)",
        "frame": "0159",
        "image": "pano_camera0/frame_0159_hp_preview.jpg",
        "frameId": "0159",
        "height": 2.933,
        "coords2D": "2D: (4.195, 0.046)",
        "coords3D": "3D: (4.195, 0.046, 2.933)",
        "easting": 397947.06478688197,
        "northing": 808211.0160830235,
        "longitude": 174.74115910017278,
        "latitude": -36.805722612812936,
        "group": "R0 - Red (229 points)",
        "canvasX": 978.89093254634,
        "canvasY": 707.4077919709409
      }
    },
    {
      "type": "Feature",
      "geometry": {
        "type": "Point",
        "coordinates": [
          174.74115282212148,
          -36.80573500482145,
          3.542
        ]
      },
      "properties": {
        "id": "0_9",
        "camera": "R0 - Red (Point)",
        "frame": "0160",
        "image": "pano_camera0/frame_0160_hp_preview.jpg",
        "frameId": "0160",
        "height": 3.542,
        "coords2D": "2D: (3.947, 0.030)",
        "coords3D": "3D: (3.947, 0.030, 3.542)",
        "easting": 397946.50493541855,
        "northing": 808209.6408949121,
        "longitude": 174.74115282212148,
        "latitude": -36.80573500482145,
        "group": "R0 - Red (229 points)",
        "canvasX": 968.4916783609789,
        "canvasY": 732.9519436951691
      }
    },
    {
      "type": "Feature",
      "geometry": {
        "type": "Point",
        "coordinates": [
          174.74114757607873,
          -36.80574033994045,
          3.804
        ]
      },
      "properties": {
        "id": "0_10",
        "camera": "R0 - Red (Point)",
        "frame": "0161",
        "image": "pano_camera0/frame_0161_hp_preview.jpg",
        "frameId": "0161",
        "height": 3.804,
        "coords2D": "2D: (3.740, 0.024)",
        "coords3D": "3D: (3.740, 0.024, 3.804)",
        "easting": 397946.0369804119,
        "northing": 808209.0487819266,
        "longitude": 174.74114757607873,
        "latitude": -36.80574033994045,
        "group": "R0 - Red (229 points)",
        "canvasX": 959.7994030349145,
        "canvasY": 743.9504564162409
      }
    },
    {
      "type": "Feature",
      "geometry": {
        "type": "Point",
        "coordinates": [
          174.74113995964055,
          -36.80574623552579,
          4.094
        ]
      },
      "properties": {
        "id": "0_11",
        "camera": "R0 - Red (Point)",
        "frame": "0162",
        "image": "pano_camera0/frame_0162_hp_preview.jpg",
        "frameId": "0162",
        "height": 4.094,
        "coords2D": "2D: (3.439, 0.034)",
        "coords3D": "3D: (3.439, 0.034, 4.094)",
        "easting": 397945.3575332051,
        "northing": 808208.3944270147,
        "longitude": 174.74113995964055,
        "latitude": -36.80574623552579,
        "group": "R0 - Red (229 points)",
        "canvasX": 947.1786550858586,
        "canvasY": 756.1051143930773
      }
    },
    {
      "type": "Feature",
      "geometry": {
        "type": "Point",
        "coordinates": [
          174.74113471421884,
          -36.80574949140213,
          4.254
        ]
      },
      "properties": {
        "id": "0_12",
        "camera": "R0 - Red (Point)",
        "frame": "0163",
        "image": "pano_camera0/frame_0163_hp_preview.jpg",
        "frameId": "0163",
        "height": 4.254,
        "coords2D": "2D: (3.232, 0.037)",
        "coords3D": "3D: (3.232, 0.037, 4.254)",
        "easting": 397944.8895781985,
        "northing": 808208.0330327931,
        "longitude": 174.74113471421884,
        "latitude": -36.80574949140213,
        "group": "R0 - Red (229 points)",
        "canvasX": 938.4863797597943,
        "canvasY": 762.8180206163402
      }
    },
    {
      "type": "Feature",
      "geometry": {
        "type": "Point",
        "coordinates": [
          174.7411290160392,
          -36.80575239477662,
          4.397
        ]
      },
      "properties": {
        "id": "0_13",
        "camera": "R0 - Red (Point)",
        "frame": "0164",
        "image": "pano_camera0/frame_0164_hp_preview.jpg",
        "frameId": "0164",
        "height": 4.397,
        "coords2D": "2D: (3.007, 0.045)",
        "coords3D": "3D: (3.007, 0.045, 4.397)",
        "easting": 397944.3812148207,
        "northing": 808207.7107434465,
        "longitude": 174.7411290160392,
        "latitude": -36.80575239477662,
        "group": "R0 - Red (229 points)",
        "canvasX": 929.0435179849611,
        "canvasY": 768.8045528569235
      }
    },
    {
      "type": "Feature",
      "geometry": {
        "type": "Point",
        "coordinates": [
          174.74111895817182,
          -36.805752140264616,
          4.384
        ]
      },
      "properties": {
        "id": "0_14",
        "camera": "R0 - Red (Point)",
        "frame": "0165",
        "image": "pano_camera0/frame_0165_hp_preview.jpg",
        "frameId": "0165",
        "height": 4.384,
        "coords2D": "2D: (2.610, 0.047)",
        "coords3D": "3D: (2.610, 0.047, 4.384)",
        "easting": 397943.4837579347,
        "northing": 808207.7387686071,
        "longitude": 174.74111895817182,
        "latitude": -36.805752140264616,
        "group": "R0 - Red (229 points)",
        "canvasX": 912.3732350824672,
        "canvasY": 768.2839848360031
      }
    },
    {
      "type": "Feature",
      "geometry": {
        "type": "Point",
        "coordinates": [
          174.7411148759106,
          -36.80574943469653,
          4.252
        ]
      },
      "properties": {
        "id": "0_15",
        "camera": "R0 - Red (Point)",
        "frame": "0166",
        "image": "pano_camera0/frame_0166_hp_preview.jpg",
        "frameId": "0166",
        "height": 4.252,
        "coords2D": "2D: (2.448, 0.046)",
        "coords3D": "3D: (2.448, 0.046, 4.252)",
        "easting": 397943.11943084735,
        "northing": 808208.0388985244,
        "longitude": 174.7411148759106,
        "latitude": -36.80574943469653,
        "group": "R0 - Red (229 points)",
        "canvasX": 905.6058508105035,
        "canvasY": 762.7090645189382
      }
    },
    {
      "type": "Feature",
      "geometry": {
        "type": "Point",
        "coordinates": [
          174.74110862201982,
          -36.80574211795839,
          3.892
        ]
      },
      "properties": {
        "id": "0_16",
        "camera": "R0 - Red (Point)",
        "frame": "0167",
        "image": "pano_camera0/frame_0167_hp_preview.jpg",
        "frameId": "0167",
        "height": 3.892,
        "coords2D": "2D: (2.201, 0.052)",
        "coords3D": "3D: (2.201, 0.052, 3.892)",
        "easting": 397942.56120875373,
        "northing": 808208.8506505588,
        "longitude": 174.74110862201982,
        "latitude": -36.80574211795839,
        "group": "R0 - Red (229 points)",
        "canvasX": 895.236862207754,
        "canvasY": 747.6307512618168
      }
    },
    {
      "type": "Feature",
      "geometry": {
        "type": "Point",
        "coordinates": [
          174.74110993183982,
          -36.805734244697796,
          3.505
        ]
      },
      "properties": {
        "id": "0_17",
        "camera": "R0 - Red (Point)",
        "frame": "0168",
        "image": "pano_camera0/frame_0168_hp_preview.jpg",
        "frameId": "0168",
        "height": 3.505,
        "coords2D": "2D: (2.253, 0.050)",
        "coords3D": "3D: (2.253, 0.050, 3.505)",
        "easting": 397942.67787163146,
        "northing": 808209.7243186458,
        "longitude": 174.74110993183982,
        "latitude": -36.805734244697796,
        "group": "R0 - Red (229 points)",
        "canvasX": 897.4038779227477,
        "canvasY": 731.4023458654528
      }
    },
    {
      "type": "Feature",
      "geometry": {
        "type": "Point",
        "coordinates": [
          174.74111220416765,
          -36.80573188102818,
          3.389
        ]
      },
      "properties": {
        "id": "0_18",
        "camera": "R0 - Red (Point)",
        "frame": "0169",
        "image": "pano_camera0/frame_0169_hp_preview.jpg",
        "frameId": "0169",
        "height": 3.389,
        "coords2D": "2D: (2.343, 0.062)",
        "coords3D": "3D: (2.343, 0.062, 3.389)",
        "easting": 397942.88056523463,
        "northing": 808209.9866471837,
        "longitude": 174.74111220416765,
        "latitude": -36.80573188102818,
        "group": "R0 - Red (229 points)",
        "canvasX": 901.1689163996364,
        "canvasY": 726.5295870649782
      }
    },
    {
      "type": "Feature",
      "geometry": {
        "type": "Point",
        "coordinates": [
          174.74112575313356,
          -36.80572103517838,
          2.856
        ]
      },
      "properties": {
        "id": "0_19",
        "camera": "R0 - Red (Point)",
        "frame": "0170",
        "image": "pano_camera0/frame_0170_hp_preview.jpg",
        "frameId": "0170",
        "height": 2.856,
        "coords2D": "2D: (2.878, 0.050)",
        "coords3D": "3D: (2.878, 0.050, 2.856)",
        "easting": 397944.0892317525,
        "northing": 808211.1904255922,
        "longitude": 174.74112575313356,
        "latitude": -36.80572103517838,
        "group": "R0 - Red (229 points)",
        "canvasX": 923.6199255809544,
        "canvasY": 704.169374631495
      }
    },
    {
      "type": "Feature",
      "geometry": {
        "type": "Point",
        "coordinates": [
          174.7411275869211,
          -36.80571962294112,
          2.787
        ]
      },
      "properties": {
        "id": "0_20",
        "camera": "R0 - Red (Point)",
        "frame": "0171",
        "image": "pano_camera0/frame_0171_hp_preview.jpg",
        "frameId": "0171",
        "height": 2.787,
        "coords2D": "2D: (2.950, 0.064)",
        "coords3D": "3D: (2.950, 0.064, 2.787)",
        "easting": 397944.2528204805,
        "northing": 808211.347170967,
        "longitude": 174.7411275869211,
        "latitude": -36.80571962294112,
        "group": "R0 - Red (229 points)",
        "canvasX": 926.6585900751636,
        "canvasY": 701.2578255842548
      }
    },
    {
      "type": "Feature",
      "geometry": {
        "type": "Point",
        "coordinates": [
          174.74113617504395,
          -36.80571298453869,
          2.461
        ]
      },
      "properties": {
        "id": "0_21",
        "camera": "R0 - Red (Point)",
        "frame": "0172",
        "image": "pano_camera0/frame_0172_hp_preview.jpg",
        "frameId": "0172",
        "height": 2.461,
        "coords2D": "2D: (3.289, 0.051)",
        "coords3D": "3D: (3.289, 0.051, 2.461)",
        "easting": 397945.0189501606,
        "northing": 808212.0839719907,
        "longitude": 174.74113617504395,
        "latitude": -36.80571298453869,
        "group": "R0 - Red (229 points)",
        "canvasX": 940.8894670191589,
        "canvasY": 687.571729127269
      }
    },
    {
      "type": "Feature",
      "geometry": {
        "type": "Point",
        "coordinates": [
          174.7411381202898,
          -36.805705243556005,
          2.08
        ]
      },
      "properties": {
        "id": "0_22",
        "camera": "R0 - Red (Point)",
        "frame": "0173",
        "image": "pano_camera0/frame_0173_hp_preview.jpg",
        "frameId": "0173",
        "height": 2.08,
        "coords2D": "2D: (3.366, 0.061)",
        "coords3D": "3D: (3.366, 0.061, 2.080)",
        "easting": 397945.1923151074,
        "northing": 808212.9429757495,
        "longitude": 174.7411381202898,
        "latitude": -36.805705243556005,
        "group": "R0 - Red (229 points)",
        "canvasX": 944.1097250090379,
        "canvasY": 671.6157139744099
      }
    },
    {
      "type": "Feature",
      "geometry": {
        "type": "Point",
        "coordinates": [
          174.74113293997743,
          -36.805698414532905,
          1.745
        ]
      },
      "properties": {
        "id": "0_23",
        "camera": "R0 - Red (Point)",
        "frame": "0174",
        "image": "pano_camera0/frame_0174_hp_preview.jpg",
        "frameId": "0174",
        "height": 1.745,
        "coords2D": "2D: (3.161, 0.071)",
        "coords3D": "3D: (3.161, 0.071, 1.745)",
        "easting": 397944.729899958,
        "northing": 808213.7006327066,
        "longitude": 174.74113293997743,
        "latitude": -36.805698414532905,
        "group": "R0 - Red (229 points)",
        "canvasX": 935.5203526638531,
        "canvasY": 657.5422180599952
      }
    },
    {
      "type": "Feature",
      "geometry": {
        "type": "Point",
        "coordinates": [
          174.7411327099265,
          -36.8056983058274,
          1.74
        ]
      },
      "properties": {
        "id": "0_24",
        "camera": "R0 - Red (Point)",
        "frame": "0175",
        "image": "pano_camera0/frame_0175_hp_preview.jpg",
        "frameId": "0175",
        "height": 1.74,
        "coords2D": "2D: (3.152, 0.074)",
        "coords3D": "3D: (3.152, 0.074, 1.740)",
        "easting": 397944.70936989854,
        "northing": 808213.7126900431,
        "longitude": 174.7411327099265,
        "latitude": -36.8056983058274,
        "group": "R0 - Red (229 points)",
        "canvasX": 935.1390063229464,
        "canvasY": 657.318252748669
      }
    },
    {
      "type": "Feature",
      "geometry": {
        "type": "Point",
        "coordinates": [
          174.7411217906633,
          -36.80569639186652,
          1.646
        ]
      },
      "properties": {
        "id": "0_25",
        "camera": "R0 - Red (Point)",
        "frame": "0176",
        "image": "pano_camera0/frame_0176_hp_preview.jpg",
        "frameId": "0176",
        "height": 1.646,
        "coords2D": "2D: (2.721, 0.069)",
        "coords3D": "3D: (2.721, 0.069, 1.646)",
        "easting": 397943.7350067579,
        "northing": 808213.9248339912,
        "longitude": 174.7411217906633,
        "latitude": -36.80569639186652,
        "group": "R0 - Red (229 points)",
        "canvasX": 917.0401879211828,
        "canvasY": 653.3776738926329
      }
    },
    {
      "type": "Feature",
      "geometry": {
        "type": "Point",
        "coordinates": [
          174.74111561463076,
          -36.80569738917578,
          1.695
        ]
      },
      "properties": {
        "id": "0_26",
        "camera": "R0 - Red (Point)",
        "frame": "0177",
        "image": "pano_camera0/frame_0177_hp_preview.jpg",
        "frameId": "0177",
        "height": 1.695,
        "coords2D": "2D: (2.477, 0.079)",
        "coords3D": "3D: (2.477, 0.079, 1.695)",
        "easting": 397943.18395389145,
        "northing": 808213.8140368448,
        "longitude": 174.74111561463076,
        "latitude": -36.80569738917578,
        "group": "R0 - Red (229 points)",
        "canvasX": 906.8043678819246,
        "canvasY": 655.4357335102247
      }
    },
    {
      "type": "Feature",
      "geometry": {
        "type": "Point",
        "coordinates": [
          174.74110392043372,
          -36.80569775988007,
          1.713
        ]
      },
      "properties": {
        "id": "0_27",
        "camera": "R0 - Red (Point)",
        "frame": "0178",
        "image": "pano_camera0/frame_0178_hp_preview.jpg",
        "frameId": "0178",
        "height": 1.713,
        "coords2D": "2D: (2.015, 0.079)",
        "coords3D": "3D: (2.015, 0.079, 1.713)",
        "easting": 397942.14050547127,
        "northing": 808213.7726508519,
        "longitude": 174.74110392043372,
        "latitude": -36.80569775988007,
        "group": "R0 - Red (229 points)",
        "canvasX": 887.4222887774273,
        "canvasY": 656.2044793085604
      }
    },
    {
      "type": "Feature",
      "geometry": {
        "type": "Point",
        "coordinates": [
          174.7410957813748,
          -36.80569270997191,
          1.465
        ]
      },
      "properties": {
        "id": "0_28",
        "camera": "R0 - Red (Point)",
        "frame": "0179",
        "image": "pano_camera0/frame_0179_hp_preview.jpg",
        "frameId": "0179",
        "height": 1.465,
        "coords2D": "2D: (1.693, 0.084)",
        "coords3D": "3D: (1.693, 0.084, 1.465)",
        "easting": 397941.41413241427,
        "northing": 808214.3328281891,
        "longitude": 174.7410957813748,
        "latitude": -36.80569270997191,
        "group": "R0 - Red (229 points)",
        "canvasX": 873.9298920491561,
        "canvasY": 645.799172006677
      }
    },
    {
      "type": "Feature",
      "geometry": {
        "type": "Point",
        "coordinates": [
          174.74109470883425,
          -36.80568876860137,
          1.271
        ]
      },
      "properties": {
        "id": "0_29",
        "camera": "R0 - Red (Point)",
        "frame": "0180",
        "image": "pano_camera0/frame_0180_hp_preview.jpg",
        "frameId": "0180",
        "height": 1.271,
        "coords2D": "2D: (1.651, 0.084)",
        "coords3D": "3D: (1.651, 0.084, 1.271)",
        "easting": 397941.31832547,
        "northing": 808214.7701510437,
        "longitude": 174.74109470883425,
        "latitude": -36.80568876860137,
        "group": "R0 - Red (229 points)",
        "canvasX": 872.1502757915914,
        "canvasY": 637.6758896337116
      }
    },
    {
      "type": "Feature",
      "geometry": {
        "type": "Point",
        "coordinates": [
          174.74109804832426,
          -36.805683923557595,
          1.033
        ]
      },
      "properties": {
        "id": "0_30",
        "camera": "R0 - Red (Point)",
        "frame": "0181",
        "image": "pano_camera0/frame_0181_hp_preview.jpg",
        "frameId": "0181",
        "height": 1.033,
        "coords2D": "2D: (1.783, 0.071)",
        "coords3D": "3D: (1.783, 0.071, 1.033)",
        "easting": 397941.6161742695,
        "northing": 808215.3078430777,
        "longitude": 174.74109804832426,
        "latitude": -36.805683923557595,
        "group": "R0 - Red (229 points)",
        "canvasX": 877.6828242930001,
        "canvasY": 627.6882473718688
      }
    },
    {
      "type": "Feature",
      "geometry": {
        "type": "Point",
        "coordinates": [
          174.7411029833227,
          -36.80568063531801,
          0.872
        ]
      },
      "properties": {
        "id": "0_31",
        "camera": "R0 - Red (Point)",
        "frame": "0182",
        "image": "pano_camera0/frame_0182_hp_preview.jpg",
        "frameId": "0182",
        "height": 0.872,
        "coords2D": "2D: (1.978, 0.068)",
        "coords3D": "3D: (1.978, 0.068, 0.872)",
        "easting": 397942.0564299896,
        "northing": 808215.672821913,
        "longitude": 174.7411029833227,
        "latitude": -36.80568063531801,
        "group": "R0 - Red (229 points)",
        "canvasX": 885.8605847146664,
        "canvasY": 620.9087568668604
      }
    },
    {
      "type": "Feature",
      "geometry": {
        "type": "Point",
        "coordinates": [
          174.74110866431516,
          -36.805674137319286,
          0.552
        ]
      },
      "properties": {
        "id": "0_32",
        "camera": "R0 - Red (Point)",
        "frame": "0183",
        "image": "pano_camera0/frame_0183_hp_preview.jpg",
        "frameId": "0183",
        "height": 0.552,
        "coords2D": "2D: (2.202, 0.080)",
        "coords3D": "3D: (2.202, 0.080, 0.552)",
        "easting": 397942.5631639975,
        "northing": 808216.3939809867,
        "longitude": 174.74110866431516,
        "latitude": -36.805674137319286,
        "group": "R0 - Red (229 points)",
        "canvasX": 895.273180906888,
        "canvasY": 607.5132100029465
      }
    },
    {
      "type": "Feature",
      "geometry": {
        "type": "Point",
        "coordinates": [
          174.74110482684628,
          -36.805671111688966,
          0.404
        ]
      },
      "properties": {
        "id": "0_33",
        "camera": "R0 - Red (Point)",
        "frame": "0184",
        "image": "pano_camera0/frame_0184_hp_preview.jpg",
        "frameId": "0184",
        "height": 0.404,
        "coords2D": "2D: (2.050, 0.070)",
        "coords3D": "3D: (2.050, 0.070, 0.404)",
        "easting": 397942.22067046544,
        "northing": 808216.7296311655,
        "longitude": 174.74110482684628,
        "latitude": -36.805671111688966,
        "group": "R0 - Red (229 points)",
        "canvasX": 888.9113554419203,
        "canvasY": 601.2784999849476
      }
    },
    {
      "type": "Feature",
      "geometry": {
        "type": "Point",
        "coordinates": [
          174.74110093704138,
          -36.80567210944077,
          0.453
        ]
      },
      "properties": {
        "id": "0_34",
        "camera": "R0 - Red (Point)",
        "frame": "0185",
        "image": "pano_camera0/frame_0185_hp_preview.jpg",
        "frameId": "0185",
        "height": 0.453,
        "coords2D": "2D: (1.897, 0.072)",
        "coords3D": "3D: (1.897, 0.072, 0.453)",
        "easting": 397941.873614698,
        "northing": 808216.618834019,
        "longitude": 174.74110093704138,
        "latitude": -36.80567210944077,
        "group": "R0 - Red (229 points)",
        "canvasX": 882.4647863456399,
        "canvasY": 603.3365596025395
      }
    },
    {
      "type": "Feature",
      "geometry": {
        "type": "Point",
        "coordinates": [
          174.74109605327968,
          -36.8056750423395,
          0.597
        ]
      },
      "properties": {
        "id": "0_35",
        "camera": "R0 - Red (Point)",
        "frame": "0186",
        "image": "pano_camera0/frame_0186_hp_preview.jpg",
        "frameId": "0186",
        "height": 0.597,
        "coords2D": "2D: (1.704, 0.067)",
        "coords3D": "3D: (1.704, 0.067, 0.597)",
        "easting": 397941.43792121334,
        "northing": 808216.293285933,
        "longitude": 174.74109605327968,
        "latitude": -36.8056750423395,
        "group": "R0 - Red (229 points)",
        "canvasX": 874.3717695552862,
        "canvasY": 609.383623008346
      }
    },
    {
      "type": "Feature",
      "geometry": {
        "type": "Point",
        "coordinates": [
          174.74109102713612,
          -36.805677804877,
          0.733
        ]
      },
      "properties": {
        "id": "0_36",
        "camera": "R0 - Red (Point)",
        "frame": "0187",
        "image": "pano_camera0/frame_0187_hp_preview.jpg",
        "frameId": "0187",
        "height": 0.733,
        "coords2D": "2D: (1.505, 0.068)",
        "coords3D": "3D: (1.505, 0.068, 0.733)",
        "easting": 397940.9895186443,
        "northing": 808215.9866385366,
        "longitude": 174.74109102713612,
        "latitude": -36.805677804877,
        "group": "R0 - Red (229 points)",
        "canvasX": 866.0426812205615,
        "canvasY": 615.0796056558577
      }
    },
    {
      "type": "Feature",
      "geometry": {
        "type": "Point",
        "coordinates": [
          174.74108344469718,
          -36.80567994138342,
          0.838
        ]
      },
      "properties": {
        "id": "0_37",
        "camera": "R0 - Red (Point)",
        "frame": "0188",
        "image": "pano_camera0/frame_0188_hp_preview.jpg",
        "frameId": "0188",
        "height": 0.838,
        "coords2D": "2D: (1.206, 0.071)",
        "coords3D": "3D: (1.206, 0.071, 0.838)",
        "easting": 397940.3130043032,
        "northing": 808215.7494022936,
        "longitude": 174.74108344469718,
        "latitude": -36.80567994138342,
        "group": "R0 - Red (229 points)",
        "canvasX": 853.4764113202066,
        "canvasY": 619.4862744841131
      }
    },
    {
      "type": "Feature",
      "geometry": {
        "type": "Point",
        "coordinates": [
          174.7410757648278,
          -36.80567815726544,
          0.75
        ]
      },
      "properties": {
        "id": "0_38",
        "camera": "R0 - Red (Point)",
        "frame": "0189",
        "image": "pano_camera0/frame_0189_hp_preview.jpg",
        "frameId": "0189",
        "height": 0.75,
        "coords2D": "2D: (0.902, 0.074)",
        "coords3D": "3D: (0.902, 0.074, 0.750)",
        "easting": 397939.62769136514,
        "northing": 808215.9472077874,
        "longitude": 174.7410757648278,
        "latitude": -36.80567815726544,
        "group": "R0 - Red (229 points)",
        "canvasX": 840.7467072737488,
        "canvasY": 615.8120327550595
      }
    },
    {
      "type": "Feature",
      "geometry": {
        "type": "Point",
        "coordinates": [
          174.74107498339094,
          -36.80567776945839,
          0.731
        ]
      },
      "properties": {
        "id": "0_39",
        "camera": "R0 - Red (Point)",
        "frame": "0190",
        "image": "pano_camera0/frame_0190_hp_preview.jpg",
        "frameId": "0190",
        "height": 0.731,
        "coords2D": "2D: (0.872, 0.080)",
        "coords3D": "3D: (0.872, 0.080, 0.731)",
        "easting": 397939.5579543377,
        "northing": 808215.9902231501,
        "longitude": 174.74107498339094,
        "latitude": -36.80567776945839,
        "group": "R0 - Red (229 points)",
        "canvasX": 839.4513403379705,
        "canvasY": 615.013021374112
      }
    },
    {
      "type": "Feature",
      "geometry": {
        "type": "Point",
        "coordinates": [
          174.74107075189667,
          -36.80567340457753,
          0.517
        ]
      },
      "properties": {
        "id": "0_40",
        "camera": "R0 - Red (Point)",
        "frame": "0191",
        "image": "pano_camera0/frame_0191_hp_preview.jpg",
        "frameId": "0191",
        "height": 0.517,
        "coords2D": "2D: (0.704, 0.084)",
        "coords3D": "3D: (0.704, 0.084, 0.517)",
        "easting": 397939.18026641797,
        "northing": 808216.4744718547,
        "longitude": 174.74107075189667,
        "latitude": -36.80567340457753,
        "group": "R0 - Red (229 points)",
        "canvasX": 832.4357782885912,
        "canvasY": 606.0180902219312
      }
    },
    {
      "type": "Feature",
      "geometry": {
        "type": "Point",
        "coordinates": [
          174.7410706920112,
          -36.80566607729288,
          0.157
        ]
      },
      "properties": {
        "id": "0_41",
        "camera": "R0 - Red (Point)",
        "frame": "0192",
        "image": "pano_camera0/frame_0192_hp_preview.jpg",
        "frameId": "0192",
        "height": 0.157,
        "coords2D": "2D: (0.702, 0.090)",
        "coords3D": "3D: (0.702, 0.090, 0.157)",
        "easting": 397939.17472656065,
        "northing": 808217.2875273852,
        "longitude": 174.7410706920112,
        "latitude": -36.80566607729288,
        "group": "R0 - Red (229 points)",
        "canvasX": 832.3328753077116,
        "canvasY": 590.9155644987205
      }
    },
    {
      "type": "Feature",
      "geometry": {
        "type": "Point",
        "coordinates": [
          174.74107401697435,
          -36.8056609620629,
          -0.094
        ]
      },
      "properties": {
        "id": "0_42",
        "camera": "R0 - Red (Point)",
        "frame": "0193",
        "image": "pano_camera0/frame_0193_hp_preview.jpg",
        "frameId": "0193",
        "height": -0.094,
        "coords2D": "2D: (0.833, 0.084)",
        "coords3D": "3D: (0.833, 0.084, -0.094)",
        "easting": 397939.4712718643,
        "northing": 808217.8551998236,
        "longitude": 174.74107401697435,
        "latitude": -36.8056609620629,
        "group": "R0 - Red (229 points)",
        "canvasX": 837.841211343031,
        "canvasY": 580.3710355168234
      }
    },
    {
      "type": "Feature",
      "geometry": {
        "type": "Point",
        "coordinates": [
          174.74107958818394,
          -36.80565519823993,
          -0.378
        ]
      },
      "properties": {
        "id": "0_43",
        "camera": "R0 - Red (Point)",
        "frame": "0194",
        "image": "pano_camera0/frame_0194_hp_preview.jpg",
        "frameId": "0194",
        "height": -0.378,
        "coords2D": "2D: (1.053, 0.075)",
        "coords3D": "3D: (1.053, 0.075, -0.378)",
        "easting": 397939.96822965343,
        "northing": 808218.4948904072,
        "longitude": 174.74107958818394,
        "latitude": -36.80565519823993,
        "group": "R0 - Red (229 points)",
        "canvasX": 847.0722140395826,
        "canvasY": 568.4887677834918
      }
    },
    {
      "type": "Feature",
      "geometry": {
        "type": "Point",
        "coordinates": [
          174.74108308821403,
          -36.80565086129114,
          -0.591
        ]
      },
      "properties": {
        "id": "0_44",
        "camera": "R0 - Red (Point)",
        "frame": "0195",
        "image": "pano_camera0/frame_0195_hp_preview.jpg",
        "frameId": "0195",
        "height": -0.591,
        "coords2D": "2D: (1.191, 0.081)",
        "coords3D": "3D: (1.191, 0.081, -0.591)",
        "easting": 397940.28041690716,
        "northing": 808218.9762062463,
        "longitude": 174.74108308821403,
        "latitude": -36.80565086129114,
        "group": "R0 - Red (229 points)",
        "canvasX": 852.8710996679737,
        "canvasY": 559.5483146800119
      }
    },
    {
      "type": "Feature",
      "geometry": {
        "type": "Point",
        "coordinates": [
          174.74108237729953,
          -36.80564670266873,
          -0.795
        ]
      },
      "properties": {
        "id": "0_45",
        "camera": "R0 - Red (Point)",
        "frame": "0196",
        "image": "pano_camera0/frame_0196_hp_preview.jpg",
        "frameId": "0196",
        "height": -0.795,
        "coords2D": "2D: (1.163, 0.070)",
        "coords3D": "3D: (1.163, 0.070, -0.795)",
        "easting": 397940.21687148494,
        "northing": 808219.4376437737,
        "longitude": 174.74108237729953,
        "latitude": -36.80564670266873,
        "group": "R0 - Red (229 points)",
        "canvasX": 851.6907419461196,
        "canvasY": 550.9771016843941
      }
    },
    {
      "type": "Feature",
      "geometry": {
        "type": "Point",
        "coordinates": [
          174.7410773213902,
          -36.80563913359803,
          -1.167
        ]
      },
      "properties": {
        "id": "0_46",
        "camera": "R0 - Red (Point)",
        "frame": "0197",
        "image": "pano_camera0/frame_0197_hp_preview.jpg",
        "frameId": "0197",
        "height": -1.167,
        "coords2D": "2D: (0.963, 0.076)",
        "coords3D": "3D: (0.963, 0.076, -1.167)",
        "easting": 397939.76553605025,
        "northing": 808220.2774209689,
        "longitude": 174.7410773213902,
        "latitude": -36.80563913359803,
        "group": "R0 - Red (229 points)",
        "canvasX": 843.3071755626939,
        "canvasY": 535.3782204063524
      }
    },
    {
      "type": "Feature",
      "geometry": {
        "type": "Point",
        "coordinates": [
          174.74106775578025,
          -36.805629361064206,
          -1.647
        ]
      },
      "properties": {
        "id": "0_47",
        "camera": "R0 - Red (Point)",
        "frame": "0198",
        "image": "pano_camera0/frame_0198_hp_preview.jpg",
        "frameId": "0198",
        "height": -1.647,
        "coords2D": "2D: (0.585, 0.098)",
        "coords3D": "3D: (0.585, 0.098, -1.647)",
        "easting": 397938.91174627485,
        "northing": 808221.361603634,
        "longitude": 174.74106775578025,
        "latitude": -36.805629361064206,
        "group": "R0 - Red (229 points)",
        "canvasX": 827.4480102741921,
        "canvasY": 515.2395017365641
      }
    },
    {
      "type": "Feature",
      "geometry": {
        "type": "Point",
        "coordinates": [
          174.7410649591188,
          -36.805626500094554,
          -1.787
        ]
      },
      "properties": {
        "id": "0_48",
        "camera": "R0 - Red (Point)",
        "frame": "0199",
        "image": "pano_camera0/frame_0199_hp_preview.jpg",
        "frameId": "0199",
        "height": -1.787,
        "coords2D": "2D: (0.475, 0.106)",
        "coords3D": "3D: (0.475, 0.106, -1.787)",
        "easting": 397938.66212682147,
        "northing": 808221.6790048712,
        "longitude": 174.7410649591188,
        "latitude": -36.805626500094554,
        "group": "R0 - Red (229 points)",
        "canvasX": 822.8113230180882,
        "canvasY": 509.34376624381565
      }
    },
    {
      "type": "Feature",
      "geometry": {
        "type": "Point",
        "coordinates": [
          174.74104917814248,
          -36.80561496134528,
          -2.354
        ]
      },
      "properties": {
        "id": "0_49",
        "camera": "R0 - Red (Point)",
        "frame": "0200",
        "image": "pano_camera0/frame_0200_hp_preview.jpg",
        "frameId": "0200",
        "height": -2.354,
        "coords2D": "2D: (-0.149, 0.146)",
        "coords3D": "3D: (-0.149, 0.146, -2.354)",
        "easting": 397937.253699566,
        "northing": 808222.9590377863,
        "longitude": 174.74104917814248,
        "latitude": -36.80561496134528,
        "group": "R0 - Red (229 points)",
        "canvasX": 796.6497534085825,
        "canvasY": 485.56712454410757
      }
    },
    {
      "type": "Feature",
      "geometry": {
        "type": "Point",
        "coordinates": [
          174.74104937958262,
          -36.80561305247561,
          -2.448
        ]
      },
      "properties": {
        "id": "0_50",
        "camera": "R0 - Red (Point)",
        "frame": "0201",
        "image": "pano_camera0/frame_0201_hp_preview.jpg",
        "frameId": "0201",
        "height": -2.448,
        "coords2D": "2D: (-0.141, 0.192)",
        "coords3D": "3D: (-0.141, 0.192, -2.448)",
        "easting": 397937.2716226338,
        "northing": 808223.1708558603,
        "longitude": 174.74104937958262,
        "latitude": -36.80561305247561,
        "group": "R0 - Red (229 points)",
        "canvasX": 796.9826748173106,
        "canvasY": 481.6325988045937
      }
    },
    {
      "type": "Feature",
      "geometry": {
        "type": "Point",
        "coordinates": [
          174.7410485210784,
          -36.80563820585342,
          -1.212
        ]
      },
      "properties": {
        "id": "0_51",
        "camera": "R0 - Red (Point)",
        "frame": "0226",
        "image": "pano_camera0/frame_0226_hp_preview.jpg",
        "frameId": "0226",
        "height": -1.212,
        "coords2D": "2D: (-0.174, 0.105)",
        "coords3D": "3D: (-0.174, 0.105, -1.212)",
        "easting": 397937.1956940011,
        "northing": 808220.3797453924,
        "longitude": 174.7410485210784,
        "latitude": -36.80563820585342,
        "group": "R0 - Red (229 points)",
        "canvasX": 795.5722986676079,
        "canvasY": 533.4775418183411
      }
    },
    {
      "type": "Feature",
      "geometry": {
        "type": "Point",
        "coordinates": [
          174.74103320726317,
          -36.80566411998378,
          0.061
        ]
      },
      "properties": {
        "id": "0_52",
        "camera": "R0 - Red (Point)",
        "frame": "0240",
        "image": "pano_camera0/frame_0240_hp_preview.jpg",
        "frameId": "0240",
        "height": 0.061,
        "coords2D": "2D: (-0.779, 0.099)",
        "coords3D": "3D: (-0.779, 0.099, 0.061)",
        "easting": 397935.82995623443,
        "northing": 808217.5039076947,
        "longitude": 174.74103320726317,
        "latitude": -36.80566411998378,
        "group": "R0 - Red (229 points)",
        "canvasX": 770.2036873225273,
        "canvasY": 586.8962951278941
      }
    },
    {
      "type": "Feature",
      "geometry": {
        "type": "Point",
        "coordinates": [
          174.74103357937722,
          -36.80566545629232,
          0.127
        ]
      },
      "properties": {
        "id": "0_53",
        "camera": "R0 - Red (Point)",
        "frame": "0241",
        "image": "pano_camera0/frame_0241_hp_preview.jpg",
        "frameId": "0241",
        "height": 0.127,
        "coords2D": "2D: (-0.764, 0.091)",
        "coords3D": "3D: (-0.764, 0.091, 0.127)",
        "easting": 397935.8631953784,
        "northing": 808217.3556350429,
        "longitude": 174.74103357937722,
        "latitude": -36.80566545629232,
        "group": "R0 - Red (229 points)",
        "canvasX": 770.8211052078049,
        "canvasY": 589.6504631455538
      }
    },
    {
      "type": "Feature",
      "geometry": {
        "type": "Point",
        "coordinates": [
          174.74103097006633,
          -36.805671103218046,
          0.404
        ]
      },
      "properties": {
        "id": "0_54",
        "camera": "R0 - Red (Point)",
        "frame": "0242",
        "image": "pano_camera0/frame_0242_hp_preview.jpg",
        "frameId": "0242",
        "height": 0.404,
        "coords2D": "2D: (-0.867, 0.083)",
        "coords3D": "3D: (-0.867, 0.083, 0.404)",
        "easting": 397935.6305213709,
        "northing": 808216.7289794176,
        "longitude": 174.74103097006633,
        "latitude": -36.805671103218046,
        "group": "R0 - Red (229 points)",
        "canvasX": 766.499180010862,
        "canvasY": 601.2906062179923
      }
    },
    {
      "type": "Feature",
      "geometry": {
        "type": "Point",
        "coordinates": [
          174.74103396015786,
          -36.805674404743506,
          0.566
        ]
      },
      "properties": {
        "id": "0_55",
        "camera": "R0 - Red (Point)",
        "frame": "0243",
        "image": "pano_camera0/frame_0243_hp_preview.jpg",
        "frameId": "0243",
        "height": 0.566,
        "coords2D": "2D: (-0.749, 0.078)",
        "coords3D": "3D: (-0.749, 0.078, 0.566)",
        "easting": 397935.8974121442,
        "northing": 808216.3626970865,
        "longitude": 174.74103396015786,
        "latitude": -36.805674404743506,
        "group": "R0 - Red (229 points)",
        "canvasX": 771.4566824426495,
        "canvasY": 608.09430918909
      }
    },
    {
      "type": "Feature",
      "geometry": {
        "type": "Point",
        "coordinates": [
          174.74103936173483,
          -36.80567409155826,
          0.551
        ]
      },
      "properties": {
        "id": "0_56",
        "camera": "R0 - Red (Point)",
        "frame": "0244",
        "image": "pano_camera0/frame_0244_hp_preview.jpg",
        "frameId": "0244",
        "height": 0.551,
        "coords2D": "2D: (-0.536, 0.074)",
        "coords3D": "3D: (-0.536, 0.074, 0.551)",
        "easting": 397936.37937973114,
        "northing": 808216.3975656002,
        "longitude": 174.74103936173483,
        "latitude": -36.80567409155826,
        "group": "R0 - Red (229 points)",
        "canvasX": 780.409241779174,
        "canvasY": 607.4466257212008
      }
    },
    {
      "type": "Feature",
      "geometry": {
        "type": "Point",
        "coordinates": [
          174.74104198019566,
          -36.80567445035492,
          0.568
        ]
      },
      "properties": {
        "id": "0_57",
        "camera": "R0 - Red (Point)",
        "frame": "0245",
        "image": "pano_camera0/frame_0245_hp_preview.jpg",
        "frameId": "0245",
        "height": 0.568,
        "coords2D": "2D: (-0.432, 0.070)",
        "coords3D": "3D: (-0.432, 0.070, 0.568)",
        "easting": 397936.6130313605,
        "northing": 808216.3578089771,
        "longitude": 174.74104198019566,
        "latitude": -36.80567445035492,
        "group": "R0 - Red (229 points)",
        "canvasX": 784.7493263256838,
        "canvasY": 608.185105936925
      }
    },
    {
      "type": "Feature",
      "geometry": {
        "type": "Point",
        "coordinates": [
          174.74104886040627,
          -36.80567571450909,
          0.631
        ]
      },
      "properties": {
        "id": "0_58",
        "camera": "R0 - Red (Point)",
        "frame": "0246",
        "image": "pano_camera0/frame_0246_hp_preview.jpg",
        "frameId": "0246",
        "height": 0.631,
        "coords2D": "2D: (-0.161, 0.042)",
        "coords3D": "3D: (-0.161, 0.042, 0.631)",
        "easting": 397937.2269779013,
        "northing": 808216.2176831743,
        "longitude": 174.74104886040627,
        "latitude": -36.80567571450909,
        "group": "R0 - Red (229 points)",
        "canvasX": 796.1533978537515,
        "canvasY": 610.7879460415264
      }
    },
    {
      "type": "Feature",
      "geometry": {
        "type": "Point",
        "coordinates": [
          174.74105208202982,
          -36.80567419975535,
          0.556
        ]
      },
      "properties": {
        "id": "0_59",
        "camera": "R0 - Red (Point)",
        "frame": "0247",
        "image": "pano_camera0/frame_0247_hp_preview.jpg",
        "frameId": "0247",
        "height": 0.556,
        "coords2D": "2D: (-0.033, 0.049)",
        "coords3D": "3D: (-0.033, 0.049, 0.556)",
        "easting": 397937.5143987341,
        "northing": 808216.3858341377,
        "longitude": 174.74105208202982,
        "latitude": -36.80567419975535,
        "group": "R0 - Red (229 points)",
        "canvasX": 801.4922466264456,
        "canvasY": 607.6645379160046
      }
    },
    {
      "type": "Feature",
      "geometry": {
        "type": "Point",
        "coordinates": [
          174.7410600724227,
          -36.80567566969943,
          0.628
        ]
      },
      "properties": {
        "id": "0_60",
        "camera": "R0 - Red (Point)",
        "frame": "0248",
        "image": "pano_camera0/frame_0248_hp_preview.jpg",
        "frameId": "0248",
        "height": 0.628,
        "coords2D": "2D: (0.283, 0.047)",
        "coords3D": "3D: (0.283, 0.047, 0.628)",
        "easting": 397938.22741095873,
        "northing": 808216.2228971577,
        "longitude": 174.7410600724227,
        "latitude": -36.80567566969943,
        "group": "R0 - Red (229 points)",
        "canvasX": 814.7364655773014,
        "canvasY": 610.6910961771691
      }
    },
    {
      "type": "Feature",
      "geometry": {
        "type": "Point",
        "coordinates": [
          174.74106097437408,
          -36.805676075150686,
          0.648
        ]
      },
      "properties": {
        "id": "0_61",
        "camera": "R0 - Red (Point)",
        "frame": "0249",
        "image": "pano_camera0/frame_0249_hp_preview.jpg",
        "frameId": "0249",
        "height": 0.648,
        "coords2D": "2D: (0.318, 0.044)",
        "coords3D": "3D: (0.318, 0.044, 0.648)",
        "easting": 397938.30790182686,
        "northing": 808216.1779265511,
        "longitude": 174.74106097437408,
        "latitude": -36.805676075150686,
        "group": "R0 - Red (229 points)",
        "canvasX": 816.2315853583166,
        "canvasY": 611.5264262572505
      }
    },
    {
      "type": "Feature",
      "geometry": {
        "type": "Point",
        "coordinates": [
          174.74107685458736,
          -36.80568556404318,
          1.114
        ]
      },
      "properties": {
        "id": "0_62",
        "camera": "R0 - Red (Point)",
        "frame": "0250",
        "image": "pano_camera0/frame_0250_hp_preview.jpg",
        "frameId": "0250",
        "height": 1.114,
        "coords2D": "2D: (0.946, 0.041)",
        "coords3D": "3D: (0.946, 0.041, 1.114)",
        "easting": 397939.72512767924,
        "northing": 808215.1253536601,
        "longitude": 174.74107685458736,
        "latitude": -36.80568556404318,
        "group": "R0 - Red (229 points)",
        "canvasX": 842.5565891139252,
        "canvasY": 631.077992624373
      }
    },
    {
      "type": "Feature",
      "geometry": {
        "type": "Point",
        "coordinates": [
          174.74107712113383,
          -36.805685757922575,
          1.124
        ]
      },
      "properties": {
        "id": "0_63",
        "camera": "R0 - Red (Point)",
        "frame": "0251",
        "image": "pano_camera0/frame_0251_hp_preview.jpg",
        "frameId": "0251",
        "height": 1.124,
        "coords2D": "2D: (0.956, 0.040)",
        "coords3D": "3D: (0.956, 0.040, 1.124)",
        "easting": 397939.7489164783,
        "northing": 808215.1038459787,
        "longitude": 174.74107712113383,
        "latitude": -36.805685757922575,
        "group": "R0 - Red (229 points)",
        "canvasX": 842.9984666200552,
        "canvasY": 631.4774983148467
      }
    },
    {
      "type": "Feature",
      "geometry": {
        "type": "Point",
        "coordinates": [
          174.74108480991978,
          -36.8056943406943,
          1.545
        ]
      },
      "properties": {
        "id": "0_64",
        "camera": "R0 - Red (Point)",
        "frame": "0252",
        "image": "pano_camera0/frame_0252_hp_preview.jpg",
        "frameId": "0252",
        "height": 1.545,
        "coords2D": "2D: (1.260, 0.046)",
        "coords3D": "3D: (1.260, 0.046, 1.545)",
        "easting": 397940.43520703824,
        "northing": 808214.1516422674,
        "longitude": 174.74108480991978,
        "latitude": -36.8056943406943,
        "group": "R0 - Red (229 points)",
        "canvasX": 855.7463300160799,
        "canvasY": 649.1647047930919
      }
    },
    {
      "type": "Feature",
      "geometry": {
        "type": "Point",
        "coordinates": [
          174.7410885829173,
          -36.80570531618368,
          2.084
        ]
      },
      "properties": {
        "id": "0_65",
        "camera": "R0 - Red (Point)",
        "frame": "0253",
        "image": "pano_camera0/frame_0253_hp_preview.jpg",
        "frameId": "0253",
        "height": 2.084,
        "coords2D": "2D: (1.409, 0.059)",
        "coords3D": "3D: (1.409, 0.059, 2.084)",
        "easting": 397940.7721607129,
        "northing": 808212.9338512786,
        "longitude": 174.7410885829173,
        "latitude": -36.80570531618368,
        "group": "R0 - Red (229 points)",
        "canvasX": 862.0052525001681,
        "canvasY": 671.7852012370352
      }
    },
    {
      "type": "Feature",
      "geometry": {
        "type": "Point",
        "coordinates": [
          174.74108170398674,
          -36.805711943167346,
          2.41
        ]
      },
      "properties": {
        "id": "0_66",
        "camera": "R0 - Red (Point)",
        "frame": "0254",
        "image": "pano_camera0/frame_0254_hp_preview.jpg",
        "frameId": "0254",
        "height": 2.41,
        "coords2D": "2D: (1.137, 0.069)",
        "coords3D": "3D: (1.137, 0.069, 2.410)",
        "easting": 397940.15854004613,
        "northing": 808212.1983537507,
        "longitude": 174.74108170398674,
        "latitude": -36.805711943167346,
        "group": "R0 - Red (229 points)",
        "canvasX": 850.6072340886227,
        "canvasY": 685.4470852279316
      }
    },
    {
      "type": "Feature",
      "geometry": {
        "type": "Point",
        "coordinates": [
          174.7410806265779,
          -36.80571205455595,
          2.416
        ]
      },
      "properties": {
        "id": "0_67",
        "camera": "R0 - Red (Point)",
        "frame": "0255",
        "image": "pano_camera0/frame_0255_hp_preview.jpg",
        "frameId": "0255",
        "height": 2.416,
        "coords2D": "2D: (1.095, 0.066)",
        "coords3D": "3D: (1.095, 0.066, 2.416)",
        "easting": 397940.0624072279,
        "northing": 808212.1859705403,
        "longitude": 174.7410806265779,
        "latitude": -36.80571205455595,
        "group": "R0 - Red (229 points)",
        "canvasX": 848.8215647145356,
        "canvasY": 685.6771036557801
      }
    },
    {
      "type": "Feature",
      "geometry": {
        "type": "Point",
        "coordinates": [
          174.74106968699695,
          -36.80570482794634,
          2.061
        ]
      },
      "properties": {
        "id": "0_68",
        "camera": "R0 - Red (Point)",
        "frame": "0256",
        "image": "pano_camera0/frame_0256_hp_preview.jpg",
        "frameId": "0256",
        "height": 2.061,
        "coords2D": "2D: (0.663, 0.108)",
        "coords3D": "3D: (0.663, 0.108, 2.061)",
        "easting": 397939.0860888435,
        "northing": 808212.987620482,
        "longitude": 174.74106968699695,
        "latitude": -36.80570482794634,
        "group": "R0 - Red (229 points)",
        "canvasX": 830.6864276136381,
        "canvasY": 670.7864370108509
      }
    },
    {
      "type": "Feature",
      "geometry": {
        "type": "Point",
        "coordinates": [
          174.74106637923182,
          -36.805701314911744,
          1.888
        ]
      },
      "properties": {
        "id": "0_69",
        "camera": "R0 - Red (Point)",
        "frame": "0257",
        "image": "pano_camera0/frame_0257_hp_preview.jpg",
        "frameId": "0257",
        "height": 1.888,
        "coords2D": "2D: (0.532, 0.236)",
        "coords3D": "3D: (0.532, 0.236, 1.888)",
        "easting": 397938.7908470357,
        "northing": 808213.3773657383,
        "longitude": 174.74106637923182,
        "latitude": -36.805701314911744,
        "group": "R0 - Red (229 points)",
        "canvasX": 825.2023040444082,
        "canvasY": 663.5469096501455
      }
    },
    {
      "type": "Feature",
      "geometry": {
        "type": "Point",
        "coordinates": [
          174.74106511965297,
          -36.805699975494136,
          1.822
        ]
      },
      "properties": {
        "id": "0_70",
        "camera": "R0 - Red (Point)",
        "frame": "0258",
        "image": "pano_camera0/frame_0258_hp_preview.jpg",
        "frameId": "0258",
        "height": 1.822,
        "coords2D": "2D: (0.482, 0.318)",
        "coords3D": "3D: (0.482, 0.318, 1.822)",
        "easting": 397938.67842051946,
        "northing": 808213.5259642641,
        "longitude": 174.74106511965297,
        "latitude": -36.805699975494136,
        "group": "R0 - Red (229 points)",
        "canvasX": 823.1139788442047,
        "canvasY": 660.7866885159635
      }
    },
    {
      "type": "Feature",
      "geometry": {
        "type": "Point",
        "coordinates": [
          174.7410631299971,
          -36.80569748177906,
          1.7
        ]
      },
      "properties": {
        "id": "0_71",
        "camera": "R0 - Red (Point)",
        "frame": "0259",
        "image": "pano_camera0/frame_0259_hp_preview.jpg",
        "frameId": "0259",
        "height": 1.7,
        "coords2D": "2D: (0.403, 0.392)",
        "coords3D": "3D: (0.403, 0.392, 1.700)",
        "easting": 397938.50081921124,
        "northing": 808213.8026312562,
        "longitude": 174.7410631299971,
        "latitude": -36.80569748177906,
        "group": "R0 - Red (229 points)",
        "canvasX": 819.8150303395354,
        "canvasY": 655.6475925885062
      }
    },
    {
      "type": "Feature",
      "geometry": {
        "type": "Point",
        "coordinates": [
          174.74105851902266,
          -36.80569198322592,
          1.43
        ]
      },
      "properties": {
        "id": "0_72",
        "camera": "R0 - Red (Point)",
        "frame": "0260",
        "image": "pano_camera0/frame_0260_hp_preview.jpg",
        "frameId": "0260",
        "height": 1.43,
        "coords2D": "2D: (0.221, 0.643)",
        "coords3D": "3D: (0.221, 0.643, 1.430)",
        "easting": 397938.08924039965,
        "northing": 808214.4126673094,
        "longitude": 174.74105851902266,
        "latitude": -36.80569198322592,
        "group": "R0 - Red (229 points)",
        "canvasX": 812.1699441718339,
        "canvasY": 644.3161584587065
      }
    },
    {
      "type": "Feature",
      "geometry": {
        "type": "Point",
        "coordinates": [
          174.74105845332247,
          -36.8056918569315,
          1.423
        ]
      },
      "properties": {
        "id": "0_73",
        "camera": "R0 - Red (Point)",
        "frame": "0261",
        "image": "pano_camera0/frame_0261_hp_preview.jpg",
        "frameId": "0261",
        "height": 1.423,
        "coords2D": "2D: (0.219, 0.646)",
        "coords3D": "3D: (0.219, 0.646, 1.423)",
        "easting": 397938.0833746684,
        "northing": 808214.4266798897,
        "longitude": 174.74105845332247,
        "latitude": -36.8056918569315,
        "group": "R0 - Red (229 points)",
        "canvasX": 812.060988074432,
        "canvasY": 644.0558744482463
      }
    },
    {
      "type": "Feature",
      "geometry": {
        "type": "Point",
        "coordinates": [
          174.7410530424721,
          -36.80568656673427,
          1.164
        ]
      },
      "properties": {
        "id": "0_74",
        "camera": "R0 - Red (Point)",
        "frame": "0262",
        "image": "pano_camera0/frame_0262_hp_preview.jpg",
        "frameId": "0262",
        "height": 1.164,
        "coords2D": "2D: (0.005, 0.906)",
        "coords3D": "3D: (0.005, 0.906, 1.164)",
        "easting": 397937.60042945953,
        "northing": 808215.0135788918,
        "longitude": 174.7410530424721,
        "latitude": -36.80568656673427,
        "group": "R0 - Red (229 points)",
        "canvasX": 803.0902693883405,
        "canvasY": 633.1542115915319
      }
    },
    {
      "type": "Feature",
      "geometry": {
        "type": "Point",
        "coordinates": [
          174.74105277590806,
          -36.805686431590466,
          1.157
        ]
      },
      "properties": {
        "id": "0_75",
        "camera": "R0 - Red (Point)",
        "frame": "0263",
        "image": "pano_camera0/frame_0263_hp_preview.jpg",
        "frameId": "0263",
        "height": 1.157,
        "coords2D": "2D: (-0.006, 0.915)",
        "coords3D": "3D: (-0.006, 0.915, 1.157)",
        "easting": 397937.57664066047,
        "northing": 808215.0285690939,
        "longitude": 174.74105277590806,
        "latitude": -36.805686431590466,
        "group": "R0 - Red (229 points)",
        "canvasX": 802.6483918822105,
        "canvasY": 632.8757682315047
      }
    },
    {
      "type": "Feature",
      "geometry": {
        "type": "Point",
        "coordinates": [
          174.74105008878126,
          -36.80568366168204,
          1.021
        ]
      },
      "properties": {
        "id": "0_76",
        "camera": "R0 - Red (Point)",
        "frame": "0264",
        "image": "pano_camera0/frame_0264_hp_preview.jpg",
        "frameId": "0264",
        "height": 1.021,
        "coords2D": "2D: (-0.112, 1.060)",
        "coords3D": "3D: (-0.112, 1.060, 1.021)",
        "easting": 397937.3367974258,
        "northing": 808215.3358682382,
        "longitude": 174.74105008878126,
        "latitude": -36.80568366168204,
        "group": "R0 - Red (229 points)",
        "canvasX": 798.1932981217764,
        "canvasY": 627.1676793509486
      }
    },
    {
      "type": "Feature",
      "geometry": {
        "type": "Point",
        "coordinates": [
          174.74104595583435,
          -36.80567949945746,
          0.817
        ]
      },
      "properties": {
        "id": "0_77",
        "camera": "R0 - Red (Point)",
        "frame": "0265",
        "image": "pano_camera0/frame_0265_hp_preview.jpg",
        "frameId": "0265",
        "height": 0.817,
        "coords2D": "2D: (-0.275, 1.238)",
        "coords3D": "3D: (-0.275, 1.238, 0.817)",
        "easting": 397936.967908103,
        "northing": 808215.7976316398,
        "longitude": 174.74104595583435,
        "latitude": -36.80567949945746,
        "group": "R0 - Red (229 points)",
        "canvasX": 791.3411702185,
        "canvasY": 618.5904132388084
      }
    },
    {
      "type": "Feature",
      "geometry": {
        "type": "Point",
        "coordinates": [
          174.74104477027336,
          -36.805674917845835,
          0.591
        ]
      },
      "properties": {
        "id": "0_78",
        "camera": "R0 - Red (Point)",
        "frame": "0266",
        "image": "pano_camera0/frame_0266_hp_preview.jpg",
        "frameId": "0266",
        "height": 0.591,
        "coords2D": "2D: (-0.322, 1.374)",
        "coords3D": "3D: (-0.322, 1.374, 0.591)",
        "easting": 397936.861999066,
        "northing": 808216.3059950174,
        "longitude": 174.74104477027336,
        "latitude": -36.805674917845835,
        "group": "R0 - Red (229 points)",
        "canvasX": 789.373907348743,
        "canvasY": 609.1475514639752
      }
    },
    {
      "type": "Feature",
      "geometry": {
        "type": "Point",
        "coordinates": [
          174.74104508928352,
          -36.80567067425676,
          0.383
        ]
      },
      "properties": {
        "id": "0_79",
        "camera": "R0 - Red (Point)",
        "frame": "0267",
        "image": "pano_camera0/frame_0267_hp_preview.jpg",
        "frameId": "0267",
        "height": 0.383,
        "coords2D": "2D: (-0.309, 1.451)",
        "coords3D": "3D: (-0.309, 1.451, 0.383)",
        "easting": 397936.8903501005,
        "northing": 808216.7768828897,
        "longitude": 174.74104508928352,
        "latitude": -36.80567067425676,
        "group": "R0 - Red (229 points)",
        "canvasX": 789.9005284861857,
        "canvasY": 600.40079808921
      }
    },
    {
      "type": "Feature",
      "geometry": {
        "type": "Point",
        "coordinates": [
          174.74105018906295,
          -36.80566594115427,
          0.15
        ]
      },
      "properties": {
        "id": "0_80",
        "camera": "R0 - Red (Point)",
        "frame": "0268",
        "image": "pano_camera0/frame_0268_hp_preview.jpg",
        "frameId": "0268",
        "height": 0.15,
        "coords2D": "2D: (-0.108, 1.447)",
        "coords3D": "3D: (-0.108, 1.447, 0.150)",
        "easting": 397937.3452701488,
        "northing": 808217.3021917134,
        "longitude": 174.74105018906295,
        "latitude": -36.80566594115427,
        "group": "R0 - Red (229 points)",
        "canvasX": 798.3506791513569,
        "canvasY": 590.6431742552156
      }
    },
    {
      "type": "Feature",
      "geometry": {
        "type": "Point",
        "coordinates": [
          174.74105962471594,
          -36.80565850999067,
          -0.215
        ]
      },
      "properties": {
        "id": "0_81",
        "camera": "R0 - Red (Point)",
        "frame": "0269",
        "image": "pano_camera0/frame_0269_hp_preview.jpg",
        "frameId": "0269",
        "height": -0.215,
        "coords2D": "2D: (0.265, 1.457)",
        "coords3D": "3D: (0.265, 1.457, -0.215)",
        "easting": 397938.18700258766,
        "northing": 808218.1269787063,
        "longitude": 174.74105962471594,
        "latitude": -36.80565850999067,
        "group": "R0 - Red (229 points)",
        "canvasX": 813.9858791285326,
        "canvasY": 575.3227363372011
      }
    },
    {
      "type": "Feature",
      "geometry": {
        "type": "Point",
        "coordinates": [
          174.7410643332434,
          -36.805655353863905,
          -0.37
        ]
      },
      "properties": {
        "id": "0_82",
        "camera": "R0 - Red (Point)",
        "frame": "0270",
        "image": "pano_camera0/frame_0270_hp_preview.jpg",
        "frameId": "0270",
        "height": -0.37,
        "coords2D": "2D: (0.451, 1.476)",
        "coords3D": "3D: (0.451, 1.476, -0.370)",
        "easting": 397938.6070541222,
        "northing": 808218.4772932134,
        "longitude": 174.7410643332434,
        "latitude": -36.805655353863905,
        "group": "R0 - Red (229 points)",
        "canvasX": 821.7883463258146,
        "canvasY": 568.8156360756975
      }
    },
    {
      "type": "Feature",
      "geometry": {
        "type": "Point",
        "coordinates": [
          174.741073636787,
          -36.805650022473216,
          -0.632
        ]
      },
      "properties": {
        "id": "0_83",
        "camera": "R0 - Red (Point)",
        "frame": "0271",
        "image": "pano_camera0/frame_0271_hp_preview.jpg",
        "frameId": "0271",
        "height": -0.632,
        "coords2D": "2D: (0.818, 1.472)",
        "coords3D": "3D: (0.818, 1.472, -0.632)",
        "easting": 397939.43705509853,
        "northing": 808219.0690803248,
        "longitude": 174.741073636787,
        "latitude": -36.805650022473216,
        "group": "R0 - Red (229 points)",
        "canvasX": 837.2056341081864,
        "canvasY": 557.8231764711481
      }
    },
    {
      "type": "Feature",
      "geometry": {
        "type": "Point",
        "coordinates": [
          174.74108225000612,
          -36.80564493470077,
          -0.882
        ]
      },
      "properties": {
        "id": "0_84",
        "camera": "R0 - Red (Point)",
        "frame": "0272",
        "image": "pano_camera0/frame_0272_hp_preview.jpg",
        "frameId": "0272",
        "height": -0.882,
        "coords2D": "2D: (1.158, 1.477)",
        "coords3D": "3D: (1.158, 1.477, -0.882)",
        "easting": 397940.20546589635,
        "northing": 808219.6338198977,
        "longitude": 174.74108225000612,
        "latitude": -36.80564493470077,
        "group": "R0 - Red (229 points)",
        "canvasX": 851.478882867838,
        "canvasY": 547.3331255379521
      }
    },
    {
      "type": "Feature",
      "geometry": {
        "type": "Point",
        "coordinates": [
          174.74108687813413,
          -36.80564194889091,
          -1.029
        ]
      },
      "properties": {
        "id": "0_85",
        "camera": "R0 - Red (Point)",
        "frame": "0273",
        "image": "pano_camera0/frame_0273_hp_preview.jpg",
        "frameId": "0273",
        "height": -1.029,
        "coords2D": "2D: (1.341, 1.488)",
        "coords3D": "3D: (1.341, 1.488, -1.029)",
        "easting": 397940.6183482038,
        "northing": 808219.9652337151,
        "longitude": 174.74108687813413,
        "latitude": -36.80564194889091,
        "group": "R0 - Red (229 points)",
        "canvasX": 859.1481815016289,
        "canvasY": 541.1771060347436
      }
    },
    {
      "type": "Feature",
      "geometry": {
        "type": "Point",
        "coordinates": [
          174.74110175959217,
          -36.80563283013053,
          -1.477
        ]
      },
      "properties": {
        "id": "0_86",
        "camera": "R0 - Red (Point)",
        "frame": "0274",
        "image": "pano_camera0/frame_0274_hp_preview.jpg",
        "frameId": "0274",
        "height": -1.477,
        "coords2D": "2D: (1.929, 1.487)",
        "coords3D": "3D: (1.929, 1.487, -1.477)",
        "easting": 397941.94595871714,
        "northing": 808220.9773982351,
        "longitude": 174.74110175959217,
        "latitude": -36.80563283013053,
        "group": "R0 - Red (229 points)",
        "canvasX": 883.8085782135969,
        "canvasY": 522.3761261163899
      }
    },
    {
      "type": "Feature",
      "geometry": {
        "type": "Point",
        "coordinates": [
          174.74110323173926,
          -36.80563168213394,
          -1.533
        ]
      },
      "properties": {
        "id": "0_87",
        "camera": "R0 - Red (Point)",
        "frame": "0275",
        "image": "pano_camera0/frame_0275_hp_preview.jpg",
        "frameId": "0275",
        "height": -1.533,
        "coords2D": "2D: (1.987, 1.491)",
        "coords3D": "3D: (1.987, 1.491, -1.533)",
        "easting": 397942.077285923,
        "northing": 808221.1048149535,
        "longitude": 174.74110323173926,
        "latitude": -36.80563168213394,
        "group": "R0 - Red (229 points)",
        "canvasX": 886.2479841720955,
        "canvasY": 520.0093575561592
      }
    },
    {
      "type": "Feature",
      "geometry": {
        "type": "Point",
        "coordinates": [
          174.74111516548018,
          -36.80562408405369,
          -1.907
        ]
      },
      "properties": {
        "id": "0_88",
        "camera": "R0 - Red (Point)",
        "frame": "0276",
        "image": "pano_camera0/frame_0276_hp_preview.jpg",
        "frameId": "0276",
        "height": -1.907,
        "coords2D": "2D: (2.458, 1.498)",
        "coords3D": "3D: (2.458, 1.498, -1.907)",
        "easting": 397943.1419161506,
        "northing": 808221.9481767621,
        "longitude": 174.74111516548018,
        "latitude": -36.80562408405369,
        "group": "R0 - Red (229 points)",
        "canvasX": 906.0235158505442,
        "canvasY": 504.34389199637195
      }
    },
    {
      "type": "Feature",
      "geometry": {
        "type": "Point",
        "coordinates": [
          174.7411186686353,
          -36.805621494490204,
          -2.034
        ]
      },
      "properties": {
        "id": "0_89",
        "camera": "R0 - Red (Point)",
        "frame": "0277",
        "image": "pano_camera0/frame_0277_hp_preview.jpg",
        "frameId": "0277",
        "height": -2.034,
        "coords2D": "2D: (2.597, 1.504)",
        "coords3D": "3D: (2.597, 1.504, -2.034)",
        "easting": 397943.4544292783,
        "northing": 808222.2355975949,
        "longitude": 174.7411186686353,
        "latitude": -36.805621494490204,
        "group": "R0 - Red (229 points)",
        "canvasX": 911.8284545954576,
        "canvasY": 499.00504322367783
      }
    },
    {
      "type": "Feature",
      "geometry": {
        "type": "Point",
        "coordinates": [
          174.74112924764515,
          -36.805613206002015,
          -2.441
        ]
      },
      "properties": {
        "id": "0_90",
        "camera": "R0 - Red (Point)",
        "frame": "0278",
        "image": "pano_camera0/frame_0278_hp_preview.jpg",
        "frameId": "0278",
        "height": -2.441,
        "coords2D": "2D: (3.014, 1.525)",
        "coords3D": "3D: (3.014, 1.525, -2.441)",
        "easting": 397944.3981602667,
        "northing": 808223.1555397842,
        "longitude": 174.74112924764515,
        "latitude": -36.805613206002015,
        "group": "R0 - Red (229 points)",
        "canvasX": 929.3582800441222,
        "canvasY": 481.9170952811432
      }
    },
    {
      "type": "Feature",
      "geometry": {
        "type": "Point",
        "coordinates": [
          174.741135252761,
          -36.805609738824586,
          -2.611
        ]
      },
      "properties": {
        "id": "0_91",
        "camera": "R0 - Red (Point)",
        "frame": "0279",
        "image": "pano_camera0/frame_0279_hp_preview.jpg",
        "frameId": "0279",
        "height": -2.611,
        "coords2D": "2D: (3.252, 1.523)",
        "coords3D": "3D: (3.252, 1.523, -2.611)",
        "easting": 397944.933897057,
        "northing": 808223.5403969311,
        "longitude": 174.741135252761,
        "latitude": -36.805609738824586,
        "group": "R0 - Red (229 points)",
        "canvasX": 939.309603606831,
        "canvasY": 474.76836466827274
      }
    },
    {
      "type": "Feature",
      "geometry": {
        "type": "Point",
        "coordinates": [
          174.74115003227482,
          -36.80559952755516,
          -3.113
        ]
      },
      "properties": {
        "id": "0_92",
        "camera": "R0 - Red (Point)",
        "frame": "0280",
        "image": "pano_camera0/frame_0280_hp_preview.jpg",
        "frameId": "0280",
        "height": -3.113,
        "coords2D": "2D: (3.835, 1.533)",
        "coords3D": "3D: (3.835, 1.533, -3.113)",
        "easting": 397946.2523830995,
        "northing": 808224.6737865641,
        "longitude": 174.74115003227482,
        "latitude": -36.80559952755516,
        "group": "R0 - Red (229 points)",
        "canvasX": 963.8005130561739,
        "canvasY": 453.71562540361265
      }
    },
    {
      "type": "Feature",
      "geometry": {
        "type": "Point",
        "coordinates": [
          174.74115288142497,
          -36.80559785414033,
          -3.196
        ]
      },
      "properties": {
        "id": "0_93",
        "camera": "R0 - Red (Point)",
        "frame": "0281",
        "image": "pano_camera0/frame_0281_hp_preview.jpg",
        "frameId": "0281",
        "height": -3.196,
        "coords2D": "2D: (3.948, 1.531)",
        "coords3D": "3D: (3.948, 1.531, -3.196)",
        "easting": 397946.50656478835,
        "northing": 808224.8595347215,
        "longitude": 174.74115288142497,
        "latitude": -36.80559785414033,
        "group": "R0 - Red (229 points)",
        "canvasX": 968.5219439435905,
        "canvasY": 450.26534898588517
      }
    },
    {
      "type": "Feature",
      "geometry": {
        "type": "Point",
        "coordinates": [
          174.74115671342784,
          -36.805594730144854,
          -3.349
        ]
      },
      "properties": {
        "id": "0_94",
        "camera": "R0 - Red (Point)",
        "frame": "0282",
        "image": "pano_camera0/frame_0282_hp_preview.jpg",
        "frameId": "0282",
        "height": -3.349,
        "coords2D": "2D: (4.099, 1.528)",
        "coords3D": "3D: (4.099, 1.528, -3.349)",
        "easting": 397946.8484065725,
        "northing": 808225.206264615,
        "longitude": 174.74115671342784,
        "latitude": -36.805594730144854,
        "group": "R0 - Red (229 points)",
        "canvasX": 974.8716631755135,
        "canvasY": 443.82483300612716
      }
    },
    {
      "type": "Feature",
      "geometry": {
        "type": "Point",
        "coordinates": [
          174.74115867604357,
          -36.80558994944213,
          -3.584
        ]
      },
      "properties": {
        "id": "0_95",
        "camera": "R0 - Red (Point)",
        "frame": "0283",
        "image": "pano_camera0/frame_0283_hp_preview.jpg",
        "frameId": "0283",
        "height": -3.584,
        "coords2D": "2D: (4.177, 1.528)",
        "coords3D": "3D: (4.177, 1.528, -3.584)",
        "easting": 397947.023400889,
        "northing": 808225.736787422,
        "longitude": 174.74115867604357,
        "latitude": -36.80558994944213,
        "group": "R0 - Red (229 points)",
        "canvasX": 978.1221867480042,
        "canvasY": 433.97035930777565
      }
    },
    {
      "type": "Feature",
      "geometry": {
        "type": "Point",
        "coordinates": [
          174.74115413882282,
          -36.80558207211276,
          -3.971
        ]
      },
      "properties": {
        "id": "0_96",
        "camera": "R0 - Red (Point)",
        "frame": "0284",
        "image": "pano_camera0/frame_0284_hp_preview.jpg",
        "frameId": "0284",
        "height": -3.971,
        "coords2D": "2D: (3.997, 1.524)",
        "coords3D": "3D: (3.997, 1.524, -3.971)",
        "easting": 397946.6183395567,
        "northing": 808226.6107813829,
        "longitude": 174.74115413882282,
        "latitude": -36.80558207211276,
        "group": "R0 - Red (229 points)",
        "canvasX": 970.5981629107494,
        "canvasY": 417.7359007948894
      }
    },
    {
      "type": "Feature",
      "geometry": {
        "type": "Point",
        "coordinates": [
          174.74115319673834,
          -36.8055815344992,
          -3.997
        ]
      },
      "properties": {
        "id": "0_97",
        "camera": "R0 - Red (Point)",
        "frame": "0285",
        "image": "pano_camera0/frame_0285_hp_preview.jpg",
        "frameId": "0285",
        "height": -3.997,
        "coords2D": "2D: (3.960, 1.522)",
        "coords3D": "3D: (3.960, 1.522, -3.997)",
        "easting": 397946.53426407493,
        "northing": 808226.6704163175,
        "longitude": 174.74115319673834,
        "latitude": -36.8055815344992,
        "group": "R0 - Red (229 points)",
        "canvasX": 969.0364588479885,
        "canvasY": 416.62818047130327
      }
    },
    {
      "type": "Feature",
      "geometry": {
        "type": "Point",
        "coordinates": [
          174.74114673009444,
          -36.80557736007933,
          -4.202
        ]
      },
      "properties": {
        "id": "0_98",
        "camera": "R0 - Red (Point)",
        "frame": "0286",
        "image": "pano_camera0/frame_0286_hp_preview.jpg",
        "frameId": "0286",
        "height": -4.202,
        "coords2D": "2D: (3.705, 1.524)",
        "coords3D": "3D: (3.705, 1.524, -4.202)",
        "easting": 397945.95714129164,
        "northing": 808227.1334832149,
        "longitude": 174.74114673009444,
        "latitude": -36.80557736007933,
        "group": "R0 - Red (229 points)",
        "canvasX": 958.3163894869439,
        "canvasY": 408.0267018930738
      }
    },
    {
      "type": "Feature",
      "geometry": {
        "type": "Point",
        "coordinates": [
          174.7411416573538,
          -36.80557720932143,
          -4.21
        ]
      },
      "properties": {
        "id": "0_99",
        "camera": "R0 - Red (Point)",
        "frame": "0287",
        "image": "pano_camera0/frame_0287_hp_preview.jpg",
        "frameId": "0287",
        "height": -4.21,
        "coords2D": "2D: (3.504, 1.540)",
        "coords3D": "3D: (3.504, 1.540, -4.210)",
        "easting": 397945.5045023611,
        "northing": 808227.1501027868,
        "longitude": 174.7411416573538,
        "latitude": -36.80557720932143,
        "group": "R0 - Red (229 points)",
        "canvasX": 949.908610637429,
        "canvasY": 407.717992950435
      }
    },
    {
      "type": "Feature",
      "geometry": {
        "type": "Point",
        "coordinates": [
          174.74113504711664,
          -36.80557691436323,
          -4.224
        ]
      },
      "properties": {
        "id": "0_100",
        "camera": "R0 - Red (Point)",
        "frame": "0288",
        "image": "pano_camera0/frame_0288_hp_preview.jpg",
        "frameId": "0288",
        "height": -4.224,
        "coords2D": "2D: (3.243, 1.550)",
        "coords3D": "3D: (3.243, 1.550, -4.224)",
        "easting": 397944.9146704934,
        "northing": 808227.1826901828,
        "longitude": 174.74113504711664,
        "latitude": -36.80557691436323,
        "group": "R0 - Red (229 points)",
        "canvasX": 938.9524697320136,
        "canvasY": 407.1126812982021
      }
    },
    {
      "type": "Feature",
      "geometry": {
        "type": "Point",
        "coordinates": [
          174.74113112155487,
          -36.80557537766553,
          -4.3
        ]
      },
      "properties": {
        "id": "0_101",
        "camera": "R0 - Red (Point)",
        "frame": "0289",
        "image": "pano_camera0/frame_0289_hp_preview.jpg",
        "frameId": "0289",
        "height": -4.3,
        "coords2D": "2D: (3.088, 1.557)",
        "coords3D": "3D: (3.088, 1.557, -4.300)",
        "easting": 397944.5643559863,
        "northing": 808227.3531222639,
        "longitude": 174.74113112155487,
        "latitude": -36.80557537766553,
        "group": "R0 - Red (229 points)",
        "canvasX": 932.4453694705101,
        "canvasY": 403.9469013570241
      }
    },
    {
      "type": "Feature",
      "geometry": {
        "type": "Point",
        "coordinates": [
          174.7411284241916,
          -36.805570208405285,
          -4.553
        ]
      },
      "properties": {
        "id": "0_102",
        "camera": "R0 - Red (Point)",
        "frame": "0290",
        "image": "pano_camera0/frame_0290_hp_preview.jpg",
        "frameId": "0290",
        "height": -4.553,
        "coords2D": "2D: (2.981, 1.558)",
        "coords3D": "3D: (2.981, 1.558, -4.553)",
        "easting": 397944.32353512984,
        "northing": 808227.9266604336,
        "longitude": 174.7411284241916,
        "latitude": -36.805570208405285,
        "group": "R0 - Red (229 points)",
        "canvasX": 927.9721163605088,
        "canvasY": 393.29341627772516
      }
    },
    {
      "type": "Feature",
      "geometry": {
        "type": "Point",
        "coordinates": [
          174.7411259660083,
          -36.80555905696468,
          -5.101
        ]
      },
      "properties": {
        "id": "0_103",
        "camera": "R0 - Red (Point)",
        "frame": "0291",
        "image": "pano_camera0/frame_0291_hp_preview.jpg",
        "frameId": "0291",
        "height": -5.101,
        "coords2D": "2D: (2.884, 1.555)",
        "coords3D": "3D: (2.884, 1.555, -5.101)",
        "easting": 397944.10389608075,
        "northing": 808229.1640038601,
        "longitude": 174.7411259660083,
        "latitude": -36.80555905696468,
        "group": "R0 - Red (229 points)",
        "canvasX": 923.8923158244592,
        "canvasY": 370.30973284244214
      }
    },
    {
      "type": "Feature",
      "geometry": {
        "type": "Point",
        "coordinates": [
          174.74112431289745,
          -36.8055547307633,
          -5.314
        ]
      },
      "properties": {
        "id": "0_104",
        "camera": "R0 - Red (Point)",
        "frame": "0292",
        "image": "pano_camera0/frame_0292_hp_preview.jpg",
        "frameId": "0292",
        "height": -5.314,
        "coords2D": "2D: (2.819, 1.557)",
        "coords3D": "3D: (2.819, 1.557, -5.314)",
        "easting": 397943.95627517684,
        "northing": 808229.6440162032,
        "longitude": 174.74112431289745,
        "latitude": -36.8055547307633,
        "group": "R0 - Red (229 points)",
        "canvasX": 921.1502540398442,
        "canvasY": 361.39349220505164
      }
    },
    {
      "type": "Feature",
      "geometry": {
        "type": "Point",
        "coordinates": [
          174.7411232256486,
          -36.805551124183296,
          -5.491
        ]
      },
      "properties": {
        "id": "0_105",
        "camera": "R0 - Red (Point)",
        "frame": "0293",
        "image": "pano_camera0/frame_0293_hp_preview.jpg",
        "frameId": "0293",
        "height": -5.491,
        "coords2D": "2D: (2.776, 1.554)",
        "coords3D": "3D: (2.776, 1.554, -5.491)",
        "easting": 397943.8591647367,
        "northing": 808230.0441894262,
        "longitude": 174.7411232256486,
        "latitude": -36.805551124183296,
        "group": "R0 - Red (229 points)",
        "canvasX": 919.3464253161901,
        "canvasY": 353.9602651156317
      }
    },
    {
      "type": "Feature",
      "geometry": {
        "type": "Point",
        "coordinates": [
          174.7411115635169,
          -36.805542067821655,
          -5.936
        ]
      },
      "properties": {
        "id": "0_106",
        "camera": "R0 - Red (Point)",
        "frame": "0294",
        "image": "pano_camera0/frame_0294_hp_preview.jpg",
        "frameId": "0294",
        "height": -5.936,
        "coords2D": "2D: (2.315, 1.546)",
        "coords3D": "3D: (2.315, 1.546, -5.936)",
        "easting": 397942.81832330825,
        "northing": 808231.0488588451,
        "longitude": 174.7411115635169,
        "latitude": -36.805542067821655,
        "group": "R0 - Red (229 points)",
        "canvasX": 900.0127711438715,
        "canvasY": 335.2985068772915
      }
    },
    {
      "type": "Feature",
      "geometry": {
        "type": "Point",
        "coordinates": [
          174.74111029630723,
          -36.805541823823006,
          -5.948
        ]
      },
      "properties": {
        "id": "0_107",
        "camera": "R0 - Red (Point)",
        "frame": "0295",
        "image": "pano_camera0/frame_0295_hp_preview.jpg",
        "frameId": "0295",
        "height": -5.948,
        "coords2D": "2D: (2.265, 1.548)",
        "coords3D": "3D: (2.265, 1.548, -5.948)",
        "easting": 397942.7052450441,
        "northing": 808231.0759063838,
        "longitude": 174.74111029630723,
        "latitude": -36.805541823823006,
        "group": "R0 - Red (229 points)",
        "canvasX": 897.9123397106234,
        "canvasY": 334.7960982059383
      }
    },
    {
      "type": "Feature",
      "geometry": {
        "type": "Point",
        "coordinates": [
          174.74109658875076,
          -36.80554575939062,
          -5.754
        ]
      },
      "properties": {
        "id": "0_108",
        "camera": "R0 - Red (Point)",
        "frame": "0296",
        "image": "pano_camera0/frame_0296_hp_preview.jpg",
        "frameId": "0296",
        "height": -5.754,
        "coords2D": "2D: (1.723, 1.541)",
        "coords3D": "3D: (1.723, 1.541, -5.754)",
        "easting": 397941.4822400719,
        "northing": 808230.6389094034,
        "longitude": 174.74109658875076,
        "latitude": -36.80554575939062,
        "group": "R0 - Red (229 points)",
        "canvasX": 875.1949934023229,
        "canvasY": 342.9133274623814
      }
    },
    {
      "type": "Feature",
      "geometry": {
        "type": "Point",
        "coordinates": [
          174.74109407398495,
          -36.805552801308025,
          -5.408
        ]
      },
      "properties": {
        "id": "0_109",
        "camera": "R0 - Red (Point)",
        "frame": "0297",
        "image": "pano_camera0/frame_0297_hp_preview.jpg",
        "frameId": "0297",
        "height": -5.408,
        "coords2D": "2D: (1.624, 1.542)",
        "coords3D": "3D: (1.624, 1.542, -5.408)",
        "easting": 397941.2580387874,
        "northing": 808229.8574636471,
        "longitude": 174.74109407398495,
        "latitude": -36.805552801308025,
        "group": "R0 - Red (229 points)",
        "canvasX": 871.0304492349605,
        "canvasY": 357.42870088292614
      }
    },
    {
      "type": "Feature",
      "geometry": {
        "type": "Point",
        "coordinates": [
          174.74109338914647,
          -36.80555911232148,
          -5.098
        ]
      },
      "properties": {
        "id": "0_110",
        "camera": "R0 - Red (Point)",
        "frame": "0298",
        "image": "pano_camera0/frame_0298_hp_preview.jpg",
        "frameId": "0298",
        "height": -5.098,
        "coords2D": "2D: (1.597, 1.527)",
        "coords3D": "3D: (1.597, 1.527, -5.098)",
        "easting": 397941.19710035686,
        "northing": 808229.1571605069,
        "longitude": 174.74109338914647,
        "latitude": -36.80555911232148,
        "group": "R0 - Red (229 points)",
        "canvasX": 869.898516445285,
        "canvasY": 370.43684828941105
      }
    },
    {
      "type": "Feature",
      "geometry": {
        "type": "Point",
        "coordinates": [
          174.74109309549894,
          -36.8055640401861,
          -4.856
        ]
      },
      "properties": {
        "id": "0_111",
        "camera": "R0 - Red (Point)",
        "frame": "0299",
        "image": "pano_camera0/frame_0299_hp_preview.jpg",
        "frameId": "0299",
        "height": -4.856,
        "coords2D": "2D: (1.586, 1.530)",
        "coords3D": "3D: (1.586, 1.530, -4.856)",
        "easting": 397941.1710304401,
        "northing": 808228.6103440019,
        "longitude": 174.74109309549894,
        "latitude": -36.8055640401861,
        "group": "R0 - Red (229 points)",
        "canvasX": 869.4142671234987,
        "canvasY": 380.59397781387906
      }
    },
    {
      "type": "Feature",
      "geometry": {
        "type": "Point",
        "coordinates": [
          174.7410923293833,
          -36.80557345242642,
          -4.394
        ]
      },
      "properties": {
        "id": "0_112",
        "camera": "R0 - Red (Point)",
        "frame": "0300",
        "image": "pano_camera0/frame_0300_hp_preview.jpg",
        "frameId": "0300",
        "height": -4.394,
        "coords2D": "2D: (1.555, 1.530)",
        "coords3D": "3D: (1.555, 1.530, -4.394)",
        "easting": 397941.1029227824,
        "northing": 808227.5659179599,
        "longitude": 174.7410923293833,
        "latitude": -36.80557345242642,
        "group": "R0 - Red (229 points)",
        "canvasX": 868.1491657703319,
        "canvasY": 399.99421626794333
      }
    },
    {
      "type": "Feature",
      "geometry": {
        "type": "Point",
        "coordinates": [
          174.74109227264896,
          -36.80557996032616,
          -4.074
        ]
      },
      "properties": {
        "id": "0_113",
        "camera": "R0 - Red (Point)",
        "frame": "0301",
        "image": "pano_camera0/frame_0301_hp_preview.jpg",
        "frameId": "0301",
        "height": -4.074,
        "coords2D": "2D: (1.553, 1.511)",
        "coords3D": "3D: (1.553, 1.511, -4.074)",
        "easting": 397941.098034673,
        "northing": 808226.8437812644,
        "longitude": 174.74109227264896,
        "latitude": -36.80557996032616,
        "group": "R0 - Red (229 points)",
        "canvasX": 868.058369022497,
        "canvasY": 413.40792248142424
      }
    },
    {
      "type": "Feature",
      "geometry": {
        "type": "Point",
        "coordinates": [
          174.74109305589286,
          -36.80558649481989,
          -3.753
        ]
      },
      "properties": {
        "id": "0_114",
        "camera": "R0 - Red (Middle)",
        "frame": "0302",
        "image": "pano_camera0/frame_0302_hp_preview.jpg",
        "frameId": "0302",
        "height": -3.753,
        "coords2D": "2D: (1.584, 1.503)",
        "coords3D": "3D: (1.584, 1.503, -3.753)",
        "easting": 397941.16809757444,
        "northing": 808226.1187117032,
        "longitude": 174.74109305589286,
        "latitude": -36.80558649481989,
        "group": "R0 - Red (229 points)",
        "canvasX": 869.3597890747977,
        "canvasY": 426.8761067436061
      }
    },
    {
      "type": "Feature",
      "geometry": {
        "type": "Point",
        "coordinates": [
          174.74109596395365,
          -36.8055954085199,
          -3.315
        ]
      },
      "properties": {
        "id": "0_115",
        "camera": "R0 - Red (Point)",
        "frame": "0303",
        "image": "pano_camera0/frame_0303_hp_preview.jpg",
        "frameId": "0303",
        "height": -3.315,
        "coords2D": "2D: (1.699, 1.511)",
        "coords3D": "3D: (1.699, 1.511, -3.315)",
        "easting": 397941.4278191206,
        "northing": 808225.1296842344,
        "longitude": 174.74109596395365,
        "latitude": -36.8055954085199,
        "group": "R0 - Red (229 points)",
        "canvasX": 874.1841229430939,
        "canvasY": 445.2473153888745
      }
    },
    {
      "type": "Feature",
      "geometry": {
        "type": "Point",
        "coordinates": [
          174.74109722987092,
          -36.8055999637156,
          -3.091
        ]
      },
      "properties": {
        "id": "0_116",
        "camera": "R0 - Red (Point)",
        "frame": "0304",
        "image": "pano_camera0/frame_0304_hp_preview.jpg",
        "frameId": "0304",
        "height": -3.091,
        "coords2D": "2D: (1.749, 1.503)",
        "coords3D": "3D: (1.749, 1.503, -3.091)",
        "easting": 397941.54089738475,
        "northing": 808224.6242537223,
        "longitude": 174.74109722987092,
        "latitude": -36.8055999637156,
        "group": "R0 - Red (229 points)",
        "canvasX": 876.284554376342,
        "canvasY": 454.6356991150067
      }
    },
    {
      "type": "Feature",
      "geometry": {
        "type": "Point",
        "coordinates": [
          174.7410988664453,
          -36.80561071559491,
          -2.563
        ]
      },
      "properties": {
        "id": "0_117",
        "camera": "R0 - Red (Point)",
        "frame": "0305",
        "image": "pano_camera0/frame_0305_hp_preview.jpg",
        "frameId": "0305",
        "height": -2.563,
        "coords2D": "2D: (1.814, 1.491)",
        "coords3D": "3D: (1.814, 1.491, -2.563)",
        "easting": 397941.6872147928,
        "northing": 808223.4312291545,
        "longitude": 174.7410988664453,
        "latitude": -36.80561071559491,
        "group": "R0 - Red (229 points)",
        "canvasX": 879.0024036948678,
        "canvasY": 476.7961587032529
      }
    },
    {
      "type": "Feature",
      "geometry": {
        "type": "Point",
        "coordinates": [
          174.7410973110871,
          -36.80562141399298,
          -2.038
        ]
      },
      "properties": {
        "id": "0_118",
        "camera": "R0 - Red (Point)",
        "frame": "0306",
        "image": "pano_camera0/frame_0306_hp_preview.jpg",
        "frameId": "0306",
        "height": -2.038,
        "coords2D": "2D: (1.753, 1.475)",
        "coords3D": "3D: (1.753, 1.475, -2.038)",
        "easting": 397941.5487183598,
        "northing": 808222.244070318,
        "longitude": 174.7410973110871,
        "latitude": -36.80562141399298,
        "group": "R0 - Red (229 points)",
        "canvasX": 876.4298291728779,
        "canvasY": 498.84766219409727
      }
    },
    {
      "type": "Feature",
      "geometry": {
        "type": "Point",
        "coordinates": [
          174.74109481830826,
          -36.80562820041447,
          -1.704
        ]
      },
      "properties": {
        "id": "0_119",
        "camera": "R0 - Red (Point)",
        "frame": "0307",
        "image": "pano_camera0/frame_0307_hp_preview.jpg",
        "frameId": "0307",
        "height": -1.704,
        "coords2D": "2D: (1.655, 1.466)",
        "coords3D": "3D: (1.655, 1.466, -1.704)",
        "easting": 397941.326472319,
        "northing": 808221.4909755961,
        "longitude": 174.74109481830826,
        "latitude": -36.80562820041447,
        "group": "R0 - Red (229 points)",
        "canvasX": 872.3016037046497,
        "canvasY": 512.8364144771995
      }
    },
    {
      "type": "Feature",
      "geometry": {
        "type": "Point",
        "coordinates": [
          174.74109366742127,
          -36.80562976843322,
          -1.627
        ]
      },
      "properties": {
        "id": "0_120",
        "camera": "R0 - Red (Point)",
        "frame": "0308",
        "image": "pano_camera0/frame_0308_hp_preview.jpg",
        "frameId": "0308",
        "height": -1.627,
        "coords2D": "2D: (1.609, 1.471)",
        "coords3D": "3D: (1.609, 1.471, -1.627)",
        "easting": 397941.2238220216,
        "northing": 808221.3169589015,
        "longitude": 174.74109366742127,
        "latitude": -36.80562976843322,
        "group": "R0 - Red (229 points)",
        "canvasX": 870.394872000116,
        "canvasY": 516.0687787001231
      }
    },
    {
      "type": "Feature",
      "geometry": {
        "type": "Point",
        "coordinates": [
          174.74108395105225,
          -36.80563556669384,
          -1.342
        ]
      },
      "properties": {
        "id": "0_121",
        "camera": "R0 - Red (Point)",
        "frame": "0309",
        "image": "pano_camera0/frame_0309_hp_preview.jpg",
        "frameId": "0309",
        "height": -1.342,
        "coords2D": "2D: (1.225, 1.470)",
        "coords3D": "3D: (1.225, 1.470, -1.342)",
        "easting": 397940.3569972878,
        "northing": 808220.6733578304,
        "longitude": 174.74108395105225,
        "latitude": -36.80563556669384,
        "group": "R0 - Red (229 points)",
        "canvasX": 854.293582050721,
        "canvasY": 528.0236838317228
      }
    },
    {
      "type": "Feature",
      "geometry": {
        "type": "Point",
        "coordinates": [
          174.74107209997072,
          -36.805635446921805,
          -1.348
        ]
      },
      "properties": {
        "id": "0_122",
        "camera": "R0 - Red (Point)",
        "frame": "0310",
        "image": "pano_camera0/frame_0310_hp_preview.jpg",
        "frameId": "0310",
        "height": -1.348,
        "coords2D": "2D: (0.757, 1.483)",
        "coords3D": "3D: (0.757, 1.483, -1.348)",
        "easting": 397939.2995362874,
        "northing": 808220.6863927888,
        "longitude": 174.74107209997072,
        "latitude": -36.805635446921805,
        "group": "R0 - Red (229 points)",
        "canvasX": 834.6512189357636,
        "canvasY": 527.7815591708296
      }
    },
    {
      "type": "Feature",
      "geometry": {
        "type": "Point",
        "coordinates": [
          174.74106626158766,
          -36.805630949573484,
          -1.569
        ]
      },
      "properties": {
        "id": "0_123",
        "camera": "R0 - Red (Point)",
        "frame": "0311",
        "image": "pano_camera0/frame_0311_hp_preview.jpg",
        "frameId": "0311",
        "height": -1.569,
        "coords2D": "2D: (0.526, 1.473)",
        "coords3D": "3D: (0.526, 1.473, -1.569)",
        "easting": 397938.7784638252,
        "northing": 808221.1853058216,
        "longitude": 174.74106626158766,
        "latitude": -36.805630949573484,
        "group": "R0 - Red (229 points)",
        "canvasX": 824.9722856165596,
        "canvasY": 518.514237775144
      }
    },
    {
      "type": "Feature",
      "geometry": {
        "type": "Point",
        "coordinates": [
          174.7410619874957,
          -36.805622508429465,
          -1.983
        ]
      },
      "properties": {
        "id": "0_124",
        "camera": "R0 - Red (Point)",
        "frame": "0312",
        "image": "pano_camera0/frame_0312_hp_preview.jpg",
        "frameId": "0312",
        "height": -1.983,
        "coords2D": "2D: (0.358, 1.490)",
        "coords3D": "3D: (0.358, 1.490, -1.983)",
        "easting": 397938.39686541795,
        "northing": 808222.1218675829,
        "longitude": 174.7410619874957,
        "latitude": -36.805622508429465,
        "group": "R0 - Red (229 points)",
        "canvasX": 817.8840861689124,
        "canvasY": 501.1175808899706
      }
    },
    {
      "type": "Feature",
      "geometry": {
        "type": "Point",
        "coordinates": [
          174.74106025829713,
          -36.80561617051624,
          -2.295
        ]
      },
      "properties": {
        "id": "0_125",
        "camera": "R0 - Red (Point)",
        "frame": "0313",
        "image": "pano_camera0/frame_0313_hp_preview.jpg",
        "frameId": "0313",
        "height": -2.295,
        "coords2D": "2D: (0.289, 1.495)",
        "coords3D": "3D: (0.289, 1.495, -2.295)",
        "easting": 397938.2424011609,
        "northing": 808222.8251035888,
        "longitude": 174.74106025829713,
        "latitude": -36.80561617051624,
        "group": "R0 - Red (229 points)",
        "canvasX": 815.0149089373285,
        "canvasY": 488.05495543478474
      }
    },
    {
      "type": "Feature",
      "geometry": {
        "type": "Point",
        "coordinates": [
          174.74105940907765,
          -36.80561043481441,
          -2.577
        ]
      },
      "properties": {
        "id": "0_126",
        "camera": "R0 - Red (Point)",
        "frame": "0314",
        "image": "pano_camera0/frame_0314_hp_preview.jpg",
        "frameId": "0314",
        "height": -2.577,
        "coords2D": "2D: (0.256, 1.498)",
        "coords3D": "3D: (0.256, 1.498, -2.577)",
        "easting": 397938.1664725282,
        "northing": 808223.4615354327,
        "longitude": 174.74105940907765,
        "latitude": -36.80561043481441,
        "group": "R0 - Red (229 points)",
        "canvasX": 813.6045327876259,
        "canvasY": 476.23321886667634
      }
    },
    {
      "type": "Feature",
      "geometry": {
        "type": "Point",
        "coordinates": [
          174.74105687505676,
          -36.80559646110944,
          -3.263
        ]
      },
      "properties": {
        "id": "0_127",
        "camera": "R0 - Red (Point)",
        "frame": "0315",
        "image": "pano_camera0/frame_0315_hp_preview.jpg",
        "frameId": "0315",
        "height": -3.263,
        "coords2D": "2D: (0.155, 1.509)",
        "coords3D": "3D: (0.155, 1.509, -3.263)",
        "easting": 397937.93999012595,
        "northing": 808225.0120437348,
        "longitude": 174.74105687505676,
        "latitude": -36.80559646110944,
        "group": "R0 - Red (229 points)",
        "canvasX": 809.3976168046072,
        "canvasY": 447.4324904534352
      }
    },
    {
      "type": "Feature",
      "geometry": {
        "type": "Point",
        "coordinates": [
          174.74105657223575,
          -36.80559544786053,
          -3.313
        ]
      },
      "properties": {
        "id": "0_128",
        "camera": "R0 - Red (Point)",
        "frame": "0316",
        "image": "pano_camera0/frame_0316_hp_preview.jpg",
        "frameId": "0316",
        "height": -3.313,
        "coords2D": "2D: (0.143, 1.514)",
        "coords3D": "3D: (0.143, 1.514, -3.313)",
        "easting": 397937.9129425872,
        "northing": 808225.124470251,
        "longitude": 174.74105657223575,
        "latitude": -36.80559544786053,
        "group": "R0 - Red (229 points)",
        "canvasX": 808.895208133254,
        "canvasY": 445.3441652532317
      }
    },
    {
      "type": "Feature",
      "geometry": {
        "type": "Point",
        "coordinates": [
          174.74105365686822,
          -36.80558655765241,
          -3.75
        ]
      },
      "properties": {
        "id": "0_129",
        "camera": "R0 - Red (Point)",
        "frame": "0317",
        "image": "pano_camera0/frame_0317_hp_preview.jpg",
        "frameId": "0317",
        "height": -3.75,
        "coords2D": "2D: (0.028, 1.510)",
        "coords3D": "3D: (0.028, 1.510, -3.750)",
        "easting": 397937.65256929316,
        "northing": 808226.1108907281,
        "longitude": 174.74105365686822,
        "latitude": -36.80558655765241,
        "group": "R0 - Red (229 points)",
        "canvasX": 804.0587680319131,
        "canvasY": 427.02138154014204
      }
    },
    {
      "type": "Feature",
      "geometry": {
        "type": "Point",
        "coordinates": [
          174.74104662530561,
          -36.80557854474215,
          -4.143
        ]
      },
      "properties": {
        "id": "0_130",
        "camera": "R0 - Red (Point)",
        "frame": "0318",
        "image": "pano_camera0/frame_0318_hp_preview.jpg",
        "frameId": "0318",
        "height": -4.143,
        "coords2D": "2D: (-0.250, 1.506)",
        "coords3D": "3D: (-0.250, 1.506, -4.143)",
        "easting": 397937.02493604604,
        "northing": 808226.9998748912,
        "longitude": 174.74104662530561,
        "latitude": -36.80557854474215,
        "group": "R0 - Red (229 points)",
        "canvasX": 792.4004656099075,
        "canvasY": 410.5084796672287
      }
    },
    {
      "type": "Feature",
      "geometry": {
        "type": "Point",
        "coordinates": [
          174.74104341150675,
          -36.805578341479325,
          -4.153
        ]
      },
      "properties": {
        "id": "0_131",
        "camera": "R0 - Red (Point)",
        "frame": "0319",
        "image": "pano_camera0/frame_0319_hp_preview.jpg",
        "frameId": "0319",
        "height": -4.153,
        "coords2D": "2D: (-0.377, 1.507)",
        "coords3D": "3D: (-0.377, 1.507, -4.153)",
        "easting": 397936.7381669612,
        "northing": 808227.0223601945,
        "longitude": 174.74104341150675,
        "latitude": -36.805578341479325,
        "group": "R0 - Red (229 points)",
        "canvasX": 787.0737230702581,
        "canvasY": 410.09081462718797
      }
    },
    {
      "type": "Feature",
      "geometry": {
        "type": "Point",
        "coordinates": [
          174.74103469331757,
          -36.8055803162388,
          -4.056
        ]
      },
      "properties": {
        "id": "0_132",
        "camera": "R0 - Red (Point)",
        "frame": "0320",
        "image": "pano_camera0/frame_0320_hp_preview.jpg",
        "frameId": "0320",
        "height": -4.056,
        "coords2D": "2D: (-0.721, 1.528)",
        "coords3D": "3D: (-0.721, 1.528, -4.056)",
        "easting": 397935.9603058185,
        "northing": 808226.8030470193,
        "longitude": 174.74103469331757,
        "latitude": -36.8055803162388,
        "group": "R0 - Red (229 points)",
        "canvasX": 772.6249339314589,
        "canvasY": 414.16456204671533
      }
    },
    {
      "type": "Feature",
      "geometry": {
        "type": "Point",
        "coordinates": [
          174.74102144781259,
          -36.80559008727504,
          -3.576
        ]
      },
      "properties": {
        "id": "0_133",
        "camera": "R0 - Red (Point)",
        "frame": "0321",
        "image": "pano_camera0/frame_0321_hp_preview.jpg",
        "frameId": "0321",
        "height": -3.576,
        "coords2D": "2D: (-1.244, 1.526)",
        "coords3D": "3D: (-1.244, 1.526, -3.576)",
        "easting": 397934.7786868393,
        "northing": 808225.7185384802,
        "longitude": 174.74102144781259,
        "latitude": -36.80559008727504,
        "group": "R0 - Red (229 points)",
        "canvasX": 750.6763334214942,
        "canvasY": 434.3093338330261
      }
    },
    {
      "type": "Feature",
      "geometry": {
        "type": "Point",
        "coordinates": [
          174.7410207354515,
          -36.80559074791256,
          -3.543
        ]
      },
      "properties": {
        "id": "0_134",
        "camera": "R0 - Red (Point)",
        "frame": "0322",
        "image": "pano_camera0/frame_0322_hp_preview.jpg",
        "frameId": "0322",
        "height": -3.543,
        "coords2D": "2D: (-1.273, 1.525)",
        "coords3D": "3D: (-1.273, 1.525, -3.543)",
        "easting": 397934.71514141705,
        "northing": 808225.6452168392,
        "longitude": 174.7410207354515,
        "latitude": -36.80559074791256,
        "group": "R0 - Red (229 points)",
        "canvasX": 749.49597569964,
        "canvasY": 435.67128505055007
      }
    },
    {
      "type": "Feature",
      "geometry": {
        "type": "Point",
        "coordinates": [
          174.74101782186045,
          -36.805600236090754,
          -3.077
        ]
      },
      "properties": {
        "id": "0_135",
        "camera": "R0 - Red (Point)",
        "frame": "0323",
        "image": "pano_camera0/frame_0323_hp_preview.jpg",
        "frameId": "0323",
        "height": -3.077,
        "coords2D": "2D: (-1.388, 1.506)",
        "coords3D": "3D: (-1.388, 1.506, -3.077)",
        "easting": 397934.45541987085,
        "northing": 808224.5923180742,
        "longitude": 174.74101782186045,
        "latitude": -36.805600236090754,
        "group": "R0 - Red (229 points)",
        "canvasX": 744.6716418313439,
        "canvasY": 455.2289045341949
      }
    },
    {
      "type": "Feature",
      "geometry": {
        "type": "Point",
        "coordinates": [
          174.7410192870952,
          -36.80560992188563,
          -2.601
        ]
      },
      "properties": {
        "id": "0_136",
        "camera": "R0 - Red (Point)",
        "frame": "0324",
        "image": "pano_camera0/frame_0324_hp_preview.jpg",
        "frameId": "0324",
        "height": -2.601,
        "coords2D": "2D: (-1.330, 1.509)",
        "coords3D": "3D: (-1.330, 1.509, -2.601)",
        "easting": 397934.5864212028,
        "northing": 808223.5175857538,
        "longitude": 174.7410192870952,
        "latitude": -36.80560992188563,
        "group": "R0 - Red (229 points)",
        "canvasX": 747.1049946733201,
        "canvasY": 475.1920828248358
      }
    },
    {
      "type": "Feature",
      "geometry": {
        "type": "Point",
        "coordinates": [
          174.74101912610604,
          -36.80561090567655,
          -2.553
        ]
      },
      "properties": {
        "id": "0_137",
        "camera": "R0 - Red (Point)",
        "frame": "0325",
        "image": "pano_camera0/frame_0325_hp_preview.jpg",
        "frameId": "0325",
        "height": -2.553,
        "coords2D": "2D: (-1.336, 1.501)",
        "coords3D": "3D: (-1.336, 1.501, -2.553)",
        "easting": 397934.5720827486,
        "northing": 808223.4084179773,
        "longitude": 174.74101912610604,
        "latitude": -36.80561090567655,
        "group": "R0 - Red (229 points)",
        "canvasX": 746.8386575463376,
        "canvasY": 477.21987685981594
      }
    },
    {
      "type": "Feature",
      "geometry": {
        "type": "Point",
        "coordinates": [
          174.74101363787437,
          -36.80562005562347,
          -2.103
        ]
      },
      "properties": {
        "id": "0_138",
        "camera": "R0 - Red (Point)",
        "frame": "0326",
        "image": "pano_camera0/frame_0326_hp_preview.jpg",
        "frameId": "0326",
        "height": -2.103,
        "coords2D": "2D: (-1.553, 1.491)",
        "coords3D": "3D: (-1.553, 1.491, -2.103)",
        "easting": 397934.08262006054,
        "northing": 808222.3929947177,
        "longitude": 174.74101363787437,
        "latitude": -36.80562005562347,
        "group": "R0 - Red (229 points)",
        "canvasX": 737.7468765297996,
        "canvasY": 496.08138794339294
      }
    },
    {
      "type": "Feature",
      "geometry": {
        "type": "Point",
        "coordinates": [
          174.74100692497854,
          -36.805621076316854,
          -2.053
        ]
      },
      "properties": {
        "id": "0_139",
        "camera": "R0 - Red (Point)",
        "frame": "0327",
        "image": "pano_camera0/frame_0327_hp_preview.jpg",
        "frameId": "0327",
        "height": -2.053,
        "coords2D": "2D: (-1.818, 1.488)",
        "coords3D": "3D: (-1.818, 1.488, -2.053)",
        "easting": 397933.48366372194,
        "northing": 808222.2795905796,
        "longitude": 174.74100692497854,
        "latitude": -36.805621076316854,
        "group": "R0 - Red (229 points)",
        "canvasX": 726.621248361759,
        "canvasY": 498.1878724931634
      }
    },
    {
      "type": "Feature",
      "geometry": {
        "type": "Point",
        "coordinates": [
          174.74100351779722,
          -36.80562027097483,
          -2.093
        ]
      },
      "properties": {
        "id": "0_140",
        "camera": "R0 - Red (Point)",
        "frame": "0328",
        "image": "pano_camera0/frame_0328_hp_preview.jpg",
        "frameId": "0328",
        "height": -2.093,
        "coords2D": "2D: (-1.952, 1.498)",
        "coords3D": "3D: (-1.952, 1.498, -2.093)",
        "easting": 397933.17962331715,
        "northing": 808222.3688800446,
        "longitude": 174.74100351779722,
        "latitude": -36.80562027097483,
        "group": "R0 - Red (229 points)",
        "canvasX": 720.973690646426,
        "canvasY": 496.5293185660453
      }
    },
    {
      "type": "Feature",
      "geometry": {
        "type": "Point",
        "coordinates": [
          174.74099862480398,
          -36.80561747714132,
          -2.23
        ]
      },
      "properties": {
        "id": "0_141",
        "camera": "R0 - Red (Point)",
        "frame": "0329",
        "image": "pano_camera0/frame_0329_hp_preview.jpg",
        "frameId": "0329",
        "height": -2.23,
        "coords2D": "2D: (-2.146, 1.504)",
        "coords3D": "3D: (-2.146, 1.504, -2.230)",
        "easting": 397932.74295221065,
        "northing": 808222.6787861807,
        "longitude": 174.74099862480398,
        "latitude": -36.80561747714132,
        "group": "R0 - Red (229 points)",
        "canvasX": 712.8625145065052,
        "canvasY": 490.7728047533105
      }
    },
    {
      "type": "Feature",
      "geometry": {
        "type": "Point",
        "coordinates": [
          174.74098966331593,
          -36.80561481173325,
          -2.361
        ]
      },
      "properties": {
        "id": "0_142",
        "camera": "R0 - Red (Point)",
        "frame": "0330",
        "image": "pano_camera0/frame_0330_hp_preview.jpg",
        "frameId": "0330",
        "height": -2.361,
        "coords2D": "2D: (-2.500, 1.511)",
        "coords3D": "3D: (-2.500, 1.511, -2.361)",
        "easting": 397931.94325751264,
        "northing": 808222.9743538625,
        "longitude": 174.74098966331593,
        "latitude": -36.80561481173325,
        "group": "R0 - Red (229 points)",
        "canvasX": 698.00816656071,
        "canvasY": 485.2826280675581
      }
    },
    {
      "type": "Feature",
      "geometry": {
        "type": "Point",
        "coordinates": [
          174.74098671916053,
          -36.80561663783836,
          -2.271
        ]
      },
      "properties": {
        "id": "0_143",
        "camera": "R0 - Red (Point)",
        "frame": "0331",
        "image": "pano_camera0/frame_0331_hp_preview.jpg",
        "frameId": "0331",
        "height": -2.271,
        "coords2D": "2D: (-2.616, 1.508)",
        "coords3D": "3D: (-2.616, 1.508, -2.271)",
        "easting": 397931.68060310086,
        "northing": 808222.7716602592,
        "longitude": 174.74098671916053,
        "latitude": -36.80561663783836,
        "group": "R0 - Red (229 points)",
        "canvasX": 693.1293546437129,
        "canvasY": 489.0476665444467
      }
    },
    {
      "type": "Feature",
      "geometry": {
        "type": "Point",
        "coordinates": [
          174.7409905623854,
          -36.80562477641251,
          -1.871
        ]
      },
      "properties": {
        "id": "0_144",
        "camera": "R0 - Red (Point)",
        "frame": "0332",
        "image": "pano_camera0/frame_0332_hp_preview.jpg",
        "frameId": "0332",
        "height": -1.871,
        "coords2D": "2D: (-2.464, 1.493)",
        "coords3D": "3D: (-2.464, 1.493, -1.871)",
        "easting": 397932.0237483808,
        "northing": 808221.8686635159,
        "longitude": 174.7409905623854,
        "latitude": -36.80562477641251,
        "group": "R0 - Red (229 points)",
        "canvasX": 699.5032863417252,
        "canvasY": 505.8208524278202
      }
    },
    {
      "type": "Feature",
      "geometry": {
        "type": "Point",
        "coordinates": [
          174.7409949076163,
          -36.805627388059094,
          -1.743
        ]
      },
      "properties": {
        "id": "0_145",
        "camera": "R0 - Red (Point)",
        "frame": "0333",
        "image": "pano_camera0/frame_0333_hp_preview.jpg",
        "frameId": "0333",
        "height": -1.743,
        "coords2D": "2D: (-2.292, 1.483)",
        "coords3D": "3D: (-2.292, 1.483, -1.743)",
        "easting": 397932.4115383933,
        "northing": 808221.5789615654,
        "longitude": 174.7409949076163,
        "latitude": -36.805627388059094,
        "group": "R0 - Red (229 points)",
        "canvasX": 706.7064950032967,
        "canvasY": 511.20207301617063
      }
    },
    {
      "type": "Feature",
      "geometry": {
        "type": "Point",
        "coordinates": [
          174.7410016696061,
          -36.80563312784995,
          -1.461
        ]
      },
      "properties": {
        "id": "0_146",
        "camera": "R0 - Red (Point)",
        "frame": "0334",
        "image": "pano_camera0/frame_0334_hp_preview.jpg",
        "frameId": "0334",
        "height": -1.461,
        "coords2D": "2D: (-2.025, 1.476)",
        "coords3D": "3D: (-2.025, 1.476, -1.461)",
        "easting": 397933.0150569673,
        "northing": 808220.9422038473,
        "longitude": 174.7410016696061,
        "latitude": -36.80563312784995,
        "group": "R0 - Red (229 points)",
        "canvasX": 717.9168668026499,
        "canvasY": 523.0298627008013
      }
    },
    {
      "type": "Feature",
      "geometry": {
        "type": "Point",
        "coordinates": [
          174.74100425786483,
          -36.80563675234402,
          -1.283
        ]
      },
      "properties": {
        "id": "0_147",
        "camera": "R0 - Red (Point)",
        "frame": "0335",
        "image": "pano_camera0/frame_0335_hp_preview.jpg",
        "frameId": "0335",
        "height": -1.283,
        "coords2D": "2D: (-1.923, 1.477)",
        "coords3D": "3D: (-1.923, 1.477, -1.283)",
        "easting": 397933.246101605,
        "northing": 808220.5400753807,
        "longitude": 174.74100425786483,
        "latitude": -36.80563675234402,
        "group": "R0 - Red (229 points)",
        "canvasX": 722.2085264169812,
        "canvasY": 530.4994084893553
      }
    },
    {
      "type": "Feature",
      "geometry": {
        "type": "Point",
        "coordinates": [
          174.74100737193749,
          -36.80564067942906,
          -1.09
        ]
      },
      "properties": {
        "id": "0_148",
        "camera": "R0 - Red (Point)",
        "frame": "0336",
        "image": "pano_camera0/frame_0336_hp_preview.jpg",
        "frameId": "0336",
        "height": -1.09,
        "coords2D": "2D: (-1.800, 1.465)",
        "coords3D": "3D: (-1.800, 1.465, -1.090)",
        "easting": 397933.52407209296,
        "northing": 808220.1043818961,
        "longitude": 174.74100737193749,
        "latitude": -36.80564067942906,
        "group": "R0 - Red (229 points)",
        "canvasX": 727.3718348105277,
        "canvasY": 538.5924252797091
      }
    },
    {
      "type": "Feature",
      "geometry": {
        "type": "Point",
        "coordinates": [
          174.74101312120905,
          -36.80565001951774,
          -0.631
        ]
      },
      "properties": {
        "id": "0_149",
        "camera": "R0 - Red (Point)",
        "frame": "0337",
        "image": "pano_camera0/frame_0337_hp_preview.jpg",
        "frameId": "0337",
        "height": -0.631,
        "coords2D": "2D: (-1.573, 1.451)",
        "coords3D": "3D: (-1.573, 1.451, -0.631)",
        "easting": 397934.03732358007,
        "northing": 808219.068102703,
        "longitude": 174.74101312120905,
        "latitude": -36.80565001951774,
        "group": "R0 - Red (229 points)",
        "canvasX": 736.9054933331959,
        "canvasY": 557.8413358207151
      }
    },
    {
      "type": "Feature",
      "geometry": {
        "type": "Point",
        "coordinates": [
          174.74101592462023,
          -36.80565471891593,
          -0.401
        ]
      },
      "properties": {
        "id": "0_150",
        "camera": "R0 - Red (Point)",
        "frame": "0338",
        "image": "pano_camera0/frame_0338_hp_preview.jpg",
        "frameId": "0338",
        "height": -0.401,
        "coords2D": "2D: (-1.462, 1.451)",
        "coords3D": "3D: (-1.462, 1.451, -0.401)",
        "easting": 397934.28759478143,
        "northing": 808218.5467043669,
        "longitude": 174.74101592462023,
        "latitude": -36.80565471891593,
        "group": "R0 - Red (229 points)",
        "canvasX": 741.5542868223445,
        "canvasY": 567.5263222564414
      }
    },
    {
      "type": "Feature",
      "geometry": {
        "type": "Point",
        "coordinates": [
          174.7410219797269,
          -36.805667198484485,
          0.212
        ]
      },
      "properties": {
        "id": "0_151",
        "camera": "R0 - Red (Point)",
        "frame": "0339",
        "image": "pano_camera0/frame_0339_hp_preview.jpg",
        "frameId": "0339",
        "height": 0.212,
        "coords2D": "2D: (-1.222, 1.438)",
        "coords3D": "3D: (-1.222, 1.438, 0.212)",
        "easting": 397934.82821968116,
        "northing": 808217.1620659105,
        "longitude": 174.7410219797269,
        "latitude": -36.805667198484485,
        "group": "R0 - Red (229 points)",
        "canvasX": 751.5964071328882,
        "canvasY": 593.2460143598171
      }
    },
    {
      "type": "Feature",
      "geometry": {
        "type": "Point",
        "coordinates": [
          174.7410244205147,
          -36.80567543663515,
          0.617
        ]
      },
      "properties": {
        "id": "0_152",
        "camera": "R0 - Red (Point)",
        "frame": "0340",
        "image": "pano_camera0/frame_0340_hp_preview.jpg",
        "frameId": "0340",
        "height": 0.617,
        "coords2D": "2D: (-1.126, 1.459)",
        "coords3D": "3D: (-1.126, 1.459, 0.617)",
        "easting": 397935.04622936045,
        "northing": 808216.2479894526,
        "longitude": 174.7410244205147,
        "latitude": -36.80567543663515,
        "group": "R0 - Red (229 points)",
        "canvasX": 755.6459420863263,
        "canvasY": 610.2250062049499
      }
    },
    {
      "type": "Feature",
      "geometry": {
        "type": "Point",
        "coordinates": [
          174.74102525254452,
          -36.805677607079524,
          0.724
        ]
      },
      "properties": {
        "id": "0_153",
        "camera": "R0 - Red (Point)",
        "frame": "0341",
        "image": "pano_camera0/frame_0341_hp_preview.jpg",
        "frameId": "0341",
        "height": 0.724,
        "coords2D": "2D: (-1.093, 1.451)",
        "coords3D": "3D: (-1.093, 1.451, 0.724)",
        "easting": 397935.1205286234,
        "northing": 808216.007168596,
        "longitude": 174.74102525254452,
        "latitude": -36.805677607079524,
        "group": "R0 - Red (229 points)",
        "canvasX": 757.0260526534172,
        "canvasY": 614.6982593149509
      }
    },
    {
      "type": "Feature",
      "geometry": {
        "type": "Point",
        "coordinates": [
          174.74102850471826,
          -36.80568380138714,
          1.028
        ]
      },
      "properties": {
        "id": "0_154",
        "camera": "R0 - Red (Point)",
        "frame": "0342",
        "image": "pano_camera0/frame_0342_hp_preview.jpg",
        "frameId": "0342",
        "height": 1.028,
        "coords2D": "2D: (-0.965, 1.449)",
        "coords3D": "3D: (-0.965, 1.449, 1.028)",
        "easting": 397935.4108823218,
        "northing": 808215.3199004142,
        "longitude": 174.74102850471826,
        "latitude": -36.80568380138714,
        "group": "R0 - Red (229 points)",
        "canvasX": 762.4193794748123,
        "canvasY": 627.4642820605427
      }
    },
    {
      "type": "Feature",
      "geometry": {
        "type": "Point",
        "coordinates": [
          174.74103441901232,
          -36.80569090955193,
          1.377
        ]
      },
      "properties": {
        "id": "0_155",
        "camera": "R0 - Red (Point)",
        "frame": "0343",
        "image": "pano_camera0/frame_0343_hp_preview.jpg",
        "frameId": "0343",
        "height": 1.377,
        "coords2D": "2D: (-0.731, 1.450)",
        "coords3D": "3D: (-0.731, 1.450, 1.377)",
        "easting": 397935.9387981371,
        "northing": 808214.5312854309,
        "longitude": 174.74103441901232,
        "latitude": -36.80569090955193,
        "group": "R0 - Red (229 points)",
        "canvasX": 772.2254282409853,
        "canvasY": 642.1128240445787
      }
    },
    {
      "type": "Feature",
      "geometry": {
        "type": "Point",
        "coordinates": [
          174.74103330663831,
          -36.80569798991882,
          1.725
        ]
      },
      "properties": {
        "id": "0_156",
        "camera": "R0 - Red (Point)",
        "frame": "0344",
        "image": "pano_camera0/frame_0344_hp_preview.jpg",
        "frameId": "0344",
        "height": 1.725,
        "coords2D": "2D: (-0.775, 1.454)",
        "coords3D": "3D: (-0.775, 1.454, 1.725)",
        "easting": 397935.8397324533,
        "northing": 808213.7456033131,
        "longitude": 174.74103330663831,
        "latitude": -36.80569798991882,
        "group": "R0 - Red (229 points)",
        "canvasX": 770.3852808181972,
        "canvasY": 656.7068879799137
      }
    },
    {
      "type": "Feature",
      "geometry": {
        "type": "Point",
        "coordinates": [
          174.74102692689263,
          -36.80569630590119,
          1.642
        ]
      },
      "properties": {
        "id": "0_157",
        "camera": "R0 - Red (Point)",
        "frame": "0345",
        "image": "pano_camera0/frame_0345_hp_preview.jpg",
        "frameId": "0345",
        "height": 1.642,
        "coords2D": "2D: (-1.027, 1.457)",
        "coords3D": "3D: (-1.027, 1.457, 1.642)",
        "easting": 397935.27043064503,
        "northing": 808213.9323290923,
        "longitude": 174.74102692689263,
        "latitude": -36.80569630590119,
        "group": "R0 - Red (229 points)",
        "canvasX": 759.8104862536885,
        "canvasY": 653.2384522126193
      }
    },
    {
      "type": "Feature",
      "geometry": {
        "type": "Point",
        "coordinates": [
          174.7410219355755,
          -36.80569255172157,
          1.458
        ]
      },
      "properties": {
        "id": "0_158",
        "camera": "R0 - Red (Point)",
        "frame": "0346",
        "image": "pano_camera0/frame_0346_hp_preview.jpg",
        "frameId": "0346",
        "height": 1.458,
        "coords2D": "2D: (-1.224, 1.454)",
        "coords3D": "3D: (-1.224, 1.454, 1.458)",
        "easting": 397934.82496094157,
        "northing": 808214.3487960133,
        "longitude": 174.7410219355755,
        "latitude": -36.80569255172157,
        "group": "R0 - Red (229 points)",
        "canvasX": 751.5358759676649,
        "canvasY": 645.5025692970829
      }
    },
    {
      "type": "Feature",
      "geometry": {
        "type": "Point",
        "coordinates": [
          174.74101935844988,
          -36.80568833106319,
          1.251
        ]
      },
      "properties": {
        "id": "0_159",
        "camera": "R0 - Red (Point)",
        "frame": "0347",
        "image": "pano_camera0/frame_0347_hp_preview.jpg",
        "frameId": "0347",
        "height": 1.251,
        "coords2D": "2D: (-1.326, 1.456)",
        "coords3D": "3D: (-1.326, 1.456, 1.251)",
        "easting": 397934.59489392577,
        "northing": 808214.8170768939,
        "longitude": 174.74101935844988,
        "latitude": -36.80568833106319,
        "group": "R0 - Red (229 points)",
        "canvasX": 747.2623757029006,
        "canvasY": 636.8042408544962
      }
    },
    {
      "type": "Feature",
      "geometry": {
        "type": "Point",
        "coordinates": [
          174.7410161898201,
          -36.8056836492147,
          1.021
        ]
      },
      "properties": {
        "id": "0_160",
        "camera": "R0 - Red (Point)",
        "frame": "0348",
        "image": "pano_camera0/frame_0348_hp_preview.jpg",
        "frameId": "0348",
        "height": 1.021,
        "coords2D": "2D: (-1.451, 1.459)",
        "coords3D": "3D: (-1.451, 1.459, 1.021)",
        "easting": 397934.3120353284,
        "northing": 808215.3365199862,
        "longitude": 174.7410161898201,
        "latitude": -36.8056836492147,
        "group": "R0 - Red (229 points)",
        "canvasX": 742.0082705615191,
        "canvasY": 627.1555731179038
      }
    },
    {
      "type": "Feature",
      "geometry": {
        "type": "Point",
        "coordinates": [
          174.74100865883827,
          -36.80567256139356,
          0.476
        ]
      },
      "properties": {
        "id": "0_161",
        "camera": "R0 - Red (Point)",
        "frame": "0349",
        "image": "pano_camera0/frame_0349_hp_preview.jpg",
        "frameId": "0349",
        "height": 0.476,
        "coords2D": "2D: (-1.749, 1.455)",
        "coords3D": "3D: (-1.749, 1.455, 0.476)",
        "easting": 397933.6397573488,
        "northing": 808216.5666941855,
        "longitude": 174.74100865883827,
        "latitude": -36.80567256139356,
        "group": "R0 - Red (229 points)",
        "canvasX": 729.5206911759545,
        "canvasY": 604.3050582461121
      }
    },
    {
      "type": "Feature",
      "geometry": {
        "type": "Point",
        "coordinates": [
          174.74100366767044,
          -36.80566831970724,
          0.268
        ]
      },
      "properties": {
        "id": "0_162",
        "camera": "R0 - Red (Point)",
        "frame": "0350",
        "image": "pano_camera0/frame_0350_hp_preview.jpg",
        "frameId": "0350",
        "height": 0.268,
        "coords2D": "2D: (-1.946, 1.445)",
        "coords3D": "3D: (-1.946, 1.445, 0.268)",
        "easting": 397933.1942876454,
        "northing": 808217.0372561838,
        "longitude": 174.74100366767044,
        "latitude": -36.80566831970724,
        "group": "R0 - Red (229 points)",
        "canvasX": 721.2460808899309,
        "canvasY": 595.5643579878691
      }
    },
    {
      "type": "Feature",
      "geometry": {
        "type": "Point",
        "coordinates": [
          174.7409997535071,
          -36.805665308742505,
          0.12
        ]
      },
      "properties": {
        "id": "0_163",
        "camera": "R0 - Red (Point)",
        "frame": "0351",
        "image": "pano_camera0/frame_0351_hp_preview.jpg",
        "frameId": "0351",
        "height": 0.12,
        "coords2D": "2D: (-2.100, 1.442)",
        "coords3D": "3D: (-2.100, 1.442, 0.120)",
        "easting": 397932.8449507602,
        "northing": 808217.371276993,
        "longitude": 174.7409997535071,
        "latitude": -36.805665308742505,
        "group": "R0 - Red (229 points)",
        "canvasX": 714.7571399779943,
        "canvasY": 589.359913552482
      }
    },
    {
      "type": "Feature",
      "geometry": {
        "type": "Point",
        "coordinates": [
          174.74098857927285,
          -36.80566117451193,
          -0.083
        ]
      },
      "properties": {
        "id": "0_164",
        "camera": "R0 - Red (Point)",
        "frame": "0352",
        "image": "pano_camera0/frame_0352_hp_preview.jpg",
        "frameId": "0352",
        "height": -0.083,
        "coords2D": "2D: (-2.542, 1.448)",
        "coords3D": "3D: (-2.542, 1.448, -0.083)",
        "easting": 397931.84777644236,
        "northing": 808217.8297816548,
        "longitude": 174.74098857927285,
        "latitude": -36.80566117451193,
        "group": "R0 - Red (229 points)",
        "canvasX": 696.2346034196677,
        "canvasY": 580.8431786055651
      }
    },
    {
      "type": "Feature",
      "geometry": {
        "type": "Point",
        "coordinates": [
          174.7409829625094,
          -36.80566053319854,
          -0.115
        ]
      },
      "properties": {
        "id": "0_165",
        "camera": "R0 - Red (Point)",
        "frame": "0353",
        "image": "pano_camera0/frame_0353_hp_preview.jpg",
        "frameId": "0353",
        "height": -0.115,
        "coords2D": "2D: (-2.764, 1.462)",
        "coords3D": "3D: (-2.764, 1.462, -0.115)",
        "easting": 397931.34658229176,
        "northing": 808217.900822178,
        "longitude": 174.7409829625094,
        "latitude": -36.80566053319854,
        "group": "R0 - Red (229 points)",
        "canvasX": 686.9249102083257,
        "canvasY": 579.5235992036974
      }
    },
    {
      "type": "Feature",
      "geometry": {
        "type": "Point",
        "coordinates": [
          174.74097384423004,
          -36.80565702490208,
          -0.287
        ]
      },
      "properties": {
        "id": "0_166",
        "camera": "R0 - Red (Point)",
        "frame": "0354",
        "image": "pano_camera0/frame_0354_hp_preview.jpg",
        "frameId": "0354",
        "height": -0.287,
        "coords2D": "2D: (-3.124, 1.470)",
        "coords3D": "3D: (-3.124, 1.470, -0.287)",
        "easting": 397930.5328750135,
        "northing": 808218.2899156864,
        "longitude": 174.74097384423004,
        "latitude": -36.80565702490208,
        "group": "R0 - Red (229 points)",
        "canvasX": 671.8102782520704,
        "canvasY": 572.2961780760367
      }
    },
    {
      "type": "Feature",
      "geometry": {
        "type": "Point",
        "coordinates": [
          174.74097092362499,
          -36.80565341502645,
          -0.464
        ]
      },
      "properties": {
        "id": "0_167",
        "camera": "R0 - Red (Point)",
        "frame": "0355",
        "image": "pano_camera0/frame_0355_hp_preview.jpg",
        "frameId": "0355",
        "height": -0.464,
        "coords2D": "2D: (-3.240, 1.484)",
        "coords3D": "3D: (-3.240, 1.484, -0.464)",
        "easting": 397930.2721758454,
        "northing": 808218.6904147833,
        "longitude": 174.74097092362499,
        "latitude": -36.80565341502645,
        "group": "R0 - Red (229 points)",
        "canvasX": 666.9677850342072,
        "canvasY": 564.8568978700944
      }
    },
    {
      "type": "Feature",
      "geometry": {
        "type": "Point",
        "coordinates": [
          174.74097289833938,
          -36.80564488993114,
          -0.883
        ]
      },
      "properties": {
        "id": "0_168",
        "camera": "R0 - Red (Point)",
        "frame": "0356",
        "image": "pano_camera0/frame_0356_hp_preview.jpg",
        "frameId": "0356",
        "height": -0.883,
        "coords2D": "2D: (-3.162, 1.497)",
        "coords3D": "3D: (-3.162, 1.497, -0.883)",
        "easting": 397930.4481477838,
        "northing": 808219.6364268893,
        "longitude": 174.74097289833938,
        "latitude": -36.80564488993114,
        "group": "R0 - Red (229 points)",
        "canvasX": 670.2364679562648,
        "canvasY": 547.2847006057734
      }
    },
    {
      "type": "Feature",
      "geometry": {
        "type": "Point",
        "coordinates": [
          174.7409747334891,
          -36.805638963861334,
          -1.174
        ]
      },
      "properties": {
        "id": "0_169",
        "camera": "R0 - Red (Point)",
        "frame": "0357",
        "image": "pano_camera0/frame_0357_hp_preview.jpg",
        "frameId": "0357",
        "height": -1.174,
        "coords2D": "2D: (-3.089, 1.486)",
        "coords3D": "3D: (-3.089, 1.486, -1.174)",
        "easting": 397930.6117365118,
        "northing": 808220.2940405408,
        "longitude": 174.7409747334891,
        "latitude": -36.805638963861334,
        "group": "R0 - Red (229 points)",
        "canvasX": 673.275132450474,
        "canvasY": 535.0695114637136
      }
    },
    {
      "type": "Feature",
      "geometry": {
        "type": "Point",
        "coordinates": [
          174.74097583328708,
          -36.805637269552115,
          -1.257
        ]
      },
      "properties": {
        "id": "0_170",
        "camera": "R0 - Red (Point)",
        "frame": "0358",
        "image": "pano_camera0/frame_0358_hp_preview.jpg",
        "frameId": "0358",
        "height": -1.257,
        "coords2D": "2D: (-3.046, 1.468)",
        "coords3D": "3D: (-3.046, 1.468, -1.257)",
        "easting": 397930.7098245738,
        "northing": 808220.4820698157,
        "longitude": 174.74097583328708,
        "latitude": -36.805637269552115,
        "group": "R0 - Red (229 points)",
        "canvasX": 675.097120523695,
        "canvasY": 531.5768632303299
      }
    },
    {
      "type": "Feature",
      "geometry": {
        "type": "Point",
        "coordinates": [
          174.74097662959102,
          -36.80563679688535,
          -1.281
        ]
      },
      "properties": {
        "id": "0_171",
        "camera": "R0 - Red (Point)",
        "frame": "0359",
        "image": "pano_camera0/frame_0359_hp_preview.jpg",
        "frameId": "0359",
        "height": -1.281,
        "coords2D": "2D: (-3.014, 1.459)",
        "coords3D": "3D: (-3.014, 1.459, -1.281)",
        "easting": 397930.78086509707,
        "northing": 808220.5345355234,
        "longitude": 174.74097662959102,
        "latitude": -36.80563679688535,
        "group": "R0 - Red (229 points)",
        "canvasX": 676.4166999255626,
        "canvasY": 530.6023114702349
      }
    },
    {
      "type": "Feature",
      "geometry": {
        "type": "Point",
        "coordinates": [
          174.7409754280802,
          -36.80563667917976,
          -1.286
        ]
      },
      "properties": {
        "id": "0_172",
        "camera": "R0 - Red (Point)",
        "frame": "0360",
        "image": "pano_camera0/frame_0360_hp_preview.jpg",
        "frameId": "0360",
        "height": -1.286,
        "coords2D": "2D: (-3.062, 1.474)",
        "coords3D": "3D: (-3.062, 1.474, -1.286)",
        "easting": 397930.67365256423,
        "northing": 808220.5475704818,
        "longitude": 174.7409754280802,
        "latitude": -36.80563667917976,
        "group": "R0 - Red (229 points)",
        "canvasX": 674.4252245897164,
        "canvasY": 530.3601868093417
      }
    },
    {
      "type": "Feature",
      "geometry": {
        "type": "Point",
        "coordinates": [
          174.74097542445378,
          -36.805636594012356,
          -1.291
        ]
      },
      "properties": {
        "id": "0_173",
        "camera": "R0 - Red (Point)",
        "frame": "0361",
        "image": "pano_camera0/frame_0361_hp_preview.jpg",
        "frameId": "0361",
        "height": -1.291,
        "coords2D": "2D: (-3.062, 1.473)",
        "coords3D": "3D: (-3.062, 1.473, -1.291)",
        "easting": 397930.6733266903,
        "northing": 808220.5570208266,
        "longitude": 174.74097542445378,
        "latitude": -36.805636594012356,
        "group": "R0 - Red (229 points)",
        "canvasX": 674.4191714731942,
        "canvasY": 530.1846464301942
      }
    },
    {
      "type": "Feature",
      "geometry": {
        "type": "Point",
        "coordinates": [
          174.7409726358712,
          -36.80563117510431,
          -1.557
        ]
      },
      "properties": {
        "id": "0_174",
        "camera": "R0 - Red (Point)",
        "frame": "0362",
        "image": "pano_camera0/frame_0362_hp_preview.jpg",
        "frameId": "0362",
        "height": -1.557,
        "coords2D": "2D: (-3.172, 1.485)",
        "coords3D": "3D: (-3.172, 1.485, -1.557)",
        "easting": 397930.42435898475,
        "northing": 808221.1582582829,
        "longitude": 174.7409726358712,
        "latitude": -36.80563117510431,
        "group": "R0 - Red (229 points)",
        "canvasX": 669.7945904501348,
        "canvasY": 519.0166464464974
      }
    },
    {
      "type": "Feature",
      "geometry": {
        "type": "Point",
        "coordinates": [
          174.74096926897468,
          -36.805629999734535,
          -1.615
        ]
      },
      "properties": {
        "id": "0_175",
        "camera": "R0 - Red (Point)",
        "frame": "0363",
        "image": "pano_camera0/frame_0363_hp_preview.jpg",
        "frameId": "0363",
        "height": -1.615,
        "coords2D": "2D: (-3.305, 1.491)",
        "coords3D": "3D: (-3.305, 1.491, -1.615)",
        "easting": 397930.12390319357,
        "northing": 808221.288607867,
        "longitude": 174.74096926897468,
        "latitude": -36.805629999734535,
        "group": "R0 - Red (229 points)",
        "canvasX": 664.2136170165476,
        "canvasY": 516.5953998375658
      }
    },
    {
      "type": "Feature",
      "geometry": {
        "type": "Point",
        "coordinates": [
          174.74096266970236,
          -36.805629663653924,
          -1.631
        ]
      },
      "properties": {
        "id": "0_176",
        "camera": "R0 - Red (Point)",
        "frame": "0364",
        "image": "pano_camera0/frame_0364_hp_preview.jpg",
        "frameId": "0364",
        "height": -1.631,
        "coords2D": "2D: (-3.566, 1.521)",
        "coords3D": "3D: (-3.566, 1.521, -1.631)",
        "easting": 397929.5350489477,
        "northing": 808221.3257574984,
        "longitude": 174.74096266970236,
        "latitude": -36.805629663653924,
        "group": "R0 - Red (229 points)",
        "canvasX": 653.2756354606992,
        "canvasY": 515.9053445540202
      }
    },
    {
      "type": "Feature",
      "geometry": {
        "type": "Point",
        "coordinates": [
          174.74096062053042,
          -36.80563077335799,
          -1.576
        ]
      },
      "properties": {
        "id": "0_177",
        "camera": "R0 - Red (Point)",
        "frame": "0365",
        "image": "pano_camera0/frame_0365_hp_preview.jpg",
        "frameId": "0365",
        "height": -1.576,
        "coords2D": "2D: (-3.647, 1.522)",
        "coords3D": "3D: (-3.647, 1.522, -1.576)",
        "easting": 397929.3522336561,
        "northing": 808221.2025771415,
        "longitude": 174.74096062053042,
        "latitude": -36.80563077335799,
        "group": "R0 - Red (229 points)",
        "canvasX": 649.8798370916726,
        "canvasY": 518.1934225994605
      }
    },
    {
      "type": "Feature",
      "geometry": {
        "type": "Point",
        "coordinates": [
          174.74095948593026,
          -36.805638872783554,
          -1.179
        ]
      },
      "properties": {
        "id": "0_178",
        "camera": "R0 - Red (Point)",
        "frame": "0366",
        "image": "pano_camera0/frame_0366_hp_preview.jpg",
        "frameId": "0366",
        "height": -1.179,
        "coords2D": "2D: (-3.692, 1.509)",
        "coords3D": "3D: (-3.692, 1.509, -1.179)",
        "easting": 397929.2512127285,
        "northing": 808220.3038167596,
        "longitude": 174.74095948593026,
        "latitude": -36.805638872783554,
        "group": "R0 - Red (229 points)",
        "canvasX": 648.0033709697507,
        "canvasY": 534.8879179680438
      }
    },
    {
      "type": "Feature",
      "geometry": {
        "type": "Point",
        "coordinates": [
          174.74096007720533,
          -36.80564009166377,
          -1.119
        ]
      },
      "properties": {
        "id": "0_179",
        "camera": "R0 - Red (Point)",
        "frame": "0367",
        "image": "pano_camera0/frame_0367_hp_preview.jpg",
        "frameId": "0367",
        "height": -1.119,
        "coords2D": "2D: (-3.668, 1.505)",
        "coords3D": "3D: (-3.668, 1.505, -1.119)",
        "easting": 397929.30400431005,
        "northing": 808220.1685790662,
        "longitude": 174.74096007720533,
        "latitude": -36.80564009166377,
        "group": "R0 - Red (229 points)",
        "canvasX": 648.9839758463679,
        "canvasY": 537.3999613248103
      }
    },
    {
      "type": "Feature",
      "geometry": {
        "type": "Point",
        "coordinates": [
          174.74096362520342,
          -36.80564625372634,
          -0.816
        ]
      },
      "properties": {
        "id": "0_180",
        "camera": "R0 - Red (Point)",
        "frame": "0368",
        "image": "pano_camera0/frame_0368_hp_preview.jpg",
        "frameId": "0368",
        "height": -0.816,
        "coords2D": "2D: (-3.528, 1.489)",
        "coords3D": "3D: (-3.528, 1.489, -0.816)",
        "easting": 397929.6207537992,
        "northing": 808219.4848954979,
        "longitude": 174.74096362520342,
        "latitude": -36.80564625372634,
        "group": "R0 - Red (229 points)",
        "canvasX": 654.8676051060717,
        "canvasY": 550.0993997886565
      }
    },
    {
      "type": "Feature",
      "geometry": {
        "type": "Point",
        "coordinates": [
          174.74097121414323,
          -36.80565888924621,
          -0.195
        ]
      },
      "properties": {
        "id": "0_181",
        "camera": "R0 - Red (Point)",
        "frame": "0369",
        "image": "pano_camera0/frame_0369_hp_preview.jpg",
        "frameId": "0369",
        "height": -0.195,
        "coords2D": "2D: (-3.228, 1.478)",
        "coords3D": "3D: (-3.228, 1.478, -0.195)",
        "easting": 397930.2982457622,
        "northing": 808218.0829857218,
        "longitude": 174.74097121414323,
        "latitude": -36.80565888924621,
        "group": "R0 - Red (229 points)",
        "canvasX": 667.4520343559935,
        "canvasY": 576.1399070677155
      }
    },
    {
      "type": "Feature",
      "geometry": {
        "type": "Point",
        "coordinates": [
          174.7409709462915,
          -36.805663024184135,
          0.008
        ]
      },
      "properties": {
        "id": "0_182",
        "camera": "R0 - Red (Point)",
        "frame": "0370",
        "image": "pano_camera0/frame_0370_hp_preview.jpg",
        "frameId": "0370",
        "height": 0.008,
        "coords2D": "2D: (-3.239, 1.447)",
        "coords3D": "3D: (-3.239, 1.447, 0.008)",
        "easting": 397930.2744569631,
        "northing": 808217.6241551859,
        "longitude": 174.7409709462915,
        "latitude": -36.805663024184135,
        "group": "R0 - Red (229 points)",
        "canvasX": 667.0101568498635,
        "canvasY": 584.6626951311547
      }
    },
    {
      "type": "Feature",
      "geometry": {
        "type": "Point",
        "coordinates": [
          174.74096744304535,
          -36.80566589273759,
          0.149
        ]
      },
      "properties": {
        "id": "0_183",
        "camera": "R0 - Red (Point)",
        "frame": "0371",
        "image": "pano_camera0/frame_0371_hp_preview.jpg",
        "frameId": "0371",
        "height": 0.149,
        "coords2D": "2D: (-3.377, 1.477)",
        "coords3D": "3D: (-3.377, 1.477, 0.149)",
        "easting": 397929.9619438354,
        "northing": 808217.3057763269,
        "longitude": 174.74096744304535,
        "latitude": -36.80566589273759,
        "group": "R0 - Red (229 points)",
        "canvasX": 661.2052181049501,
        "canvasY": 590.57658997347
      }
    },
    {
      "type": "Feature",
      "geometry": {
        "type": "Point",
        "coordinates": [
          174.74095915310542,
          -36.80566467529217,
          0.089
        ]
      },
      "properties": {
        "id": "0_184",
        "camera": "R0 - Red (Point)",
        "frame": "0372",
        "image": "pano_camera0/frame_0372_hp_preview.jpg",
        "frameId": "0372",
        "height": 0.089,
        "coords2D": "2D: (-3.704, 1.474)",
        "coords3D": "3D: (-3.704, 1.474, 0.089)",
        "easting": 397929.222209946,
        "northing": 808217.4406881464,
        "longitude": 174.74095915310542,
        "latitude": -36.80566467529217,
        "group": "R0 - Red (229 points)",
        "canvasX": 647.4646435992634,
        "canvasY": 588.0705997332259
      }
    },
    {
      "type": "Feature",
      "geometry": {
        "type": "Point",
        "coordinates": [
          174.7409527561478,
          -36.80565953173708,
          -0.164
        ]
      },
      "properties": {
        "id": "0_185",
        "camera": "R0 - Red (Point)",
        "frame": "0373",
        "image": "pano_camera0/frame_0373_hp_preview.jpg",
        "frameId": "0373",
        "height": -0.164,
        "coords2D": "2D: (-3.957, 1.488)",
        "coords3D": "3D: (-3.957, 1.488, -0.164)",
        "easting": 397928.65127876797,
        "northing": 808218.0112934505,
        "longitude": 174.7409527561478,
        "latitude": -36.80565953173708,
        "group": "R0 - Red (229 points)",
        "canvasX": 636.859583452143,
        "canvasY": 577.471592702628
      }
    },
    {
      "type": "Feature",
      "geometry": {
        "type": "Point",
        "coordinates": [
          174.7409373172191,
          -36.80565216914491,
          -0.525
        ]
      },
      "properties": {
        "id": "0_186",
        "camera": "R0 - Red (Point)",
        "frame": "0374",
        "image": "pano_camera0/frame_0374_hp_preview.jpg",
        "frameId": "0374",
        "height": -0.525,
        "coords2D": "2D: (-4.567, 1.492)",
        "coords3D": "3D: (-4.567, 1.492, -0.525)",
        "easting": 397927.2734836648,
        "northing": 808218.8279335945,
        "longitude": 174.7409373172191,
        "latitude": -36.80565216914491,
        "group": "R0 - Red (229 points)",
        "canvasX": 611.2670067957363,
        "canvasY": 562.3024826976716
      }
    },
    {
      "type": "Feature",
      "geometry": {
        "type": "Point",
        "coordinates": [
          174.7409324526677,
          -36.805651942062404,
          -0.536
        ]
      },
      "properties": {
        "id": "0_187",
        "camera": "R0 - Red (Point)",
        "frame": "0375",
        "image": "pano_camera0/frame_0375_hp_preview.jpg",
        "frameId": "0375",
        "height": -0.536,
        "coords2D": "2D: (-4.759, 1.501)",
        "coords3D": "3D: (-4.759, 1.501, -0.536)",
        "easting": 397926.83941955,
        "northing": 808218.8530258894,
        "longitude": 174.7409324526677,
        "latitude": -36.805651942062404,
        "group": "R0 - Red (229 points)",
        "canvasX": 603.2042555879941,
        "canvasY": 561.8363927254522
      }
    },
    {
      "type": "Feature",
      "geometry": {
        "type": "Point",
        "coordinates": [
          174.74092682064642,
          -36.805653453405135,
          -0.462
        ]
      },
      "properties": {
        "id": "0_188",
        "camera": "R0 - Red (Point)",
        "frame": "0376",
        "image": "pano_camera0/frame_0376_hp_preview.jpg",
        "frameId": "0376",
        "height": -0.462,
        "coords2D": "2D: (-4.982, 1.512)",
        "coords3D": "3D: (-4.982, 1.512, -0.462)",
        "easting": 397926.33692190354,
        "northing": 808218.6852008,
        "longitude": 174.74092682064642,
        "latitude": -36.805653453405135,
        "group": "R0 - Red (229 points)",
        "canvasX": 593.8703499105629,
        "canvasY": 564.9537477344517
      }
    },
    {
      "type": "Feature",
      "geometry": {
        "type": "Point",
        "coordinates": [
          174.74092237544846,
          -36.80565534382456,
          -0.369
        ]
      },
      "properties": {
        "id": "0_189",
        "camera": "R0 - Red (Point)",
        "frame": "0377",
        "image": "pano_camera0/frame_0377_hp_preview.jpg",
        "frameId": "0377",
        "height": -0.369,
        "coords2D": "2D: (-5.157, 1.517)",
        "coords3D": "3D: (-5.157, 1.517, -0.369)",
        "easting": 397925.94033329416,
        "northing": 808218.4753379696,
        "longitude": 174.74092237544846,
        "latitude": -36.80565534382456,
        "group": "R0 - Red (229 points)",
        "canvasX": 586.5037071028886,
        "canvasY": 568.8519547748315
      }
    },
    {
      "type": "Feature",
      "geometry": {
        "type": "Point",
        "coordinates": [
          174.74090964542793,
          -36.805663253028676,
          0.02
        ]
      },
      "properties": {
        "id": "0_190",
        "camera": "R0 - Red (Point)",
        "frame": "0378",
        "image": "pano_camera0/frame_0378_hp_preview.jpg",
        "frameId": "0378",
        "height": 0.02,
        "coords2D": "2D: (-5.660, 1.542)",
        "coords3D": "3D: (-5.660, 1.542, 0.020)",
        "easting": 397924.8046625433,
        "northing": 808217.5974335212,
        "longitude": 174.74090964542793,
        "latitude": -36.805663253028676,
        "group": "R0 - Red (229 points)",
        "canvasX": 565.4085960225723,
        "canvasY": 585.1590506859857
      }
    },
    {
      "type": "Feature",
      "geometry": {
        "type": "Point",
        "coordinates": [
          174.74090670090993,
          -36.805666265591974,
          0.168
        ]
      },
      "properties": {
        "id": "0_191",
        "camera": "R0 - Red (Point)",
        "frame": "0379",
        "image": "pano_camera0/frame_0379_hp_preview.jpg",
        "frameId": "0379",
        "height": 0.168,
        "coords2D": "2D: (-5.777, 1.530)",
        "coords3D": "3D: (-5.777, 1.530, 0.168)",
        "easting": 397924.54200813145,
        "northing": 808217.2630868382,
        "longitude": 174.74090670090993,
        "latitude": -36.805666265591974,
        "group": "R0 - Red (229 points)",
        "canvasX": 560.5297841055751,
        "canvasY": 591.3695482378952
      }
    },
    {
      "type": "Feature",
      "geometry": {
        "type": "Point",
        "coordinates": [
          174.74090374129733,
          -36.805670884572415,
          0.395
        ]
      },
      "properties": {
        "id": "0_192",
        "camera": "R0 - Red (Point)",
        "frame": "0380",
        "image": "pano_camera0/frame_0380_hp_preview.jpg",
        "frameId": "0380",
        "height": 0.395,
        "coords2D": "2D: (-5.893, 1.525)",
        "coords3D": "3D: (-5.893, 1.525, 0.395)",
        "easting": 397924.27805022383,
        "northing": 808216.7504870989,
        "longitude": 174.74090374129733,
        "latitude": -36.805670884572415,
        "group": "R0 - Red (229 points)",
        "canvasX": 555.6267597224886,
        "canvasY": 600.8911005275186
      }
    },
    {
      "type": "Feature",
      "geometry": {
        "type": "Point",
        "coordinates": [
          174.7409021634625,
          -36.805671280729456,
          0.414
        ]
      },
      "properties": {
        "id": "0_193",
        "camera": "R0 - Red (Point)",
        "frame": "0381",
        "image": "pano_camera0/frame_0381_hp_preview.jpg",
        "frameId": "0381",
        "height": 0.414,
        "coords2D": "2D: (-5.956, 1.406)",
        "coords3D": "3D: (-5.956, 1.406, 0.414)",
        "easting": 397924.1372726731,
        "northing": 808216.7064941144,
        "longitude": 174.7409021634625,
        "latitude": -36.805671280729456,
        "group": "R0 - Red (229 points)",
        "canvasX": 553.0118133848425,
        "canvasY": 601.7082712580329
      }
    },
    {
      "type": "Feature",
      "geometry": {
        "type": "Point",
        "coordinates": [
          174.7409015234179,
          -36.80567433485833,
          0.564
        ]
      },
      "properties": {
        "id": "0_194",
        "camera": "R0 - Red (Point)",
        "frame": "0382",
        "image": "pano_camera0/frame_0382_hp_preview.jpg",
        "frameId": "0382",
        "height": 0.564,
        "coords2D": "2D: (-5.981, 1.274)",
        "coords3D": "3D: (-5.981, 1.274, 0.564)",
        "easting": 397924.08024473005,
        "northing": 808216.3675851959,
        "longitude": 174.7409015234179,
        "latitude": -36.80567433485833,
        "group": "R0 - Red (229 points)",
        "canvasX": 551.952517993435,
        "canvasY": 608.0035124412551
      }
    },
    {
      "type": "Feature",
      "geometry": {
        "type": "Point",
        "coordinates": [
          174.74090271966372,
          -36.805679785761164,
          0.832
        ]
      },
      "properties": {
        "id": "0_195",
        "camera": "R0 - Red (Point)",
        "frame": "0383",
        "image": "pano_camera0/frame_0383_hp_preview.jpg",
        "frameId": "0383",
        "height": 0.832,
        "coords2D": "2D: (-5.934, 1.476)",
        "coords3D": "3D: (-5.934, 1.476, 0.832)",
        "easting": 397924.1871313889,
        "northing": 808215.7627631259,
        "longitude": 174.74090271966372,
        "latitude": -36.805679785761164,
        "group": "R0 - Red (229 points)",
        "canvasX": 553.9379402127588,
        "canvasY": 619.2380967066977
      }
    },
    {
      "type": "Feature",
      "geometry": {
        "type": "Point",
        "coordinates": [
          174.7409034647065,
          -36.80567975066551,
          0.83
        ]
      },
      "properties": {
        "id": "0_196",
        "camera": "R0 - Red (Point)",
        "frame": "0384",
        "image": "pano_camera0/frame_0384_hp_preview.jpg",
        "frameId": "0384",
        "height": 0.83,
        "coords2D": "2D: (-5.904, 1.489)",
        "coords3D": "3D: (-5.904, 1.489, 0.830)",
        "easting": 397924.2536096768,
        "northing": 808215.7666736135,
        "longitude": 174.7409034647065,
        "latitude": -36.80567975066551,
        "group": "R0 - Red (229 points)",
        "canvasX": 555.172775983314,
        "canvasY": 619.1654593084297
      }
    },
    {
      "type": "Feature",
      "geometry": {
        "type": "Point",
        "coordinates": [
          174.74090753560236,
          -36.80568377191733,
          1.028
        ]
      },
      "properties": {
        "id": "0_197",
        "camera": "R0 - Red (Point)",
        "frame": "0385",
        "image": "pano_camera0/frame_0385_hp_preview.jpg",
        "frameId": "0385",
        "height": 1.028,
        "coords2D": "2D: (-5.743, 1.498)",
        "coords3D": "3D: (-5.743, 1.498, 1.028)",
        "easting": 397924.61695914227,
        "northing": 808215.3205521621,
        "longitude": 174.74090753560236,
        "latitude": -36.80568377191733,
        "group": "R0 - Red (229 points)",
        "canvasX": 561.9220009057108,
        "canvasY": 627.452175827498
      }
    },
    {
      "type": "Feature",
      "geometry": {
        "type": "Point",
        "coordinates": [
          174.74091556754402,
          -36.80569276591668,
          1.469
        ]
      },
      "properties": {
        "id": "0_198",
        "camera": "R0 - Red (Point)",
        "frame": "0386",
        "image": "pano_camera0/frame_0386_hp_preview.jpg",
        "frameId": "0386",
        "height": 1.469,
        "coords2D": "2D: (-5.426, 1.500)",
        "coords3D": "3D: (-5.426, 1.500, 1.469)",
        "easting": 397925.3338818544,
        "northing": 808214.3227260964,
        "longitude": 174.74091556754402,
        "latitude": -36.80569276591668,
        "group": "R0 - Red (229 points)",
        "canvasX": 575.2388572548344,
        "canvasY": 645.9868186188692
      }
    },
    {
      "type": "Feature",
      "geometry": {
        "type": "Point",
        "coordinates": [
          174.74091874354244,
          -36.805697215763445,
          1.688
        ]
      },
      "properties": {
        "id": "0_199",
        "camera": "R0 - Red (Point)",
        "frame": "0387",
        "image": "pano_camera0/frame_0387_hp_preview.jpg",
        "frameId": "0387",
        "height": 1.688,
        "coords2D": "2D: (-5.300, 1.496)",
        "coords3D": "3D: (-5.300, 1.496, 1.688)",
        "easting": 397925.6173921997,
        "northing": 808213.8290270469,
        "longitude": 174.74091874354244,
        "latitude": -36.805697215763445,
        "group": "R0 - Red (229 points)",
        "canvasX": 580.5050686292606,
        "canvasY": 655.1572901501976
      }
    },
    {
      "type": "Feature",
      "geometry": {
        "type": "Point",
        "coordinates": [
          174.74093022185332,
          -36.80571029550023,
          2.331
        ]
      },
      "properties": {
        "id": "0_200",
        "camera": "R0 - Red (Point)",
        "frame": "0388",
        "image": "pano_camera0/frame_0388_hp_preview.jpg",
        "frameId": "0388",
        "height": 2.331,
        "coords2D": "2D: (-4.847, 1.488)",
        "coords3D": "3D: (-4.847, 1.488, 2.331)",
        "easting": 397926.64193993015,
        "northing": 808212.3779103027,
        "longitude": 174.74093022185332,
        "latitude": -36.80571029550023,
        "group": "R0 - Red (229 points)",
        "canvasX": 599.5360669754627,
        "canvasY": 682.1118180241283
      }
    },
    {
      "type": "Feature",
      "geometry": {
        "type": "Point",
        "coordinates": [
          174.7409383856103,
          -36.80571818529346,
          2.718
        ]
      },
      "properties": {
        "id": "0_201",
        "camera": "R0 - Red (Point)",
        "frame": "0389",
        "image": "pano_camera0/frame_0389_hp_preview.jpg",
        "frameId": "0389",
        "height": 2.718,
        "coords2D": "2D: (-4.524, 1.474)",
        "coords3D": "3D: (-4.524, 1.474, 2.718)",
        "easting": 397927.3705941049,
        "northing": 808211.502612846,
        "longitude": 174.7409383856103,
        "latitude": -36.80571818529346,
        "group": "R0 - Red (229 points)",
        "canvasX": 613.0708355193904,
        "canvasY": 698.3704890031039
      }
    },
    {
      "type": "Feature",
      "geometry": {
        "type": "Point",
        "coordinates": [
          174.74094207702473,
          -36.805721096366085,
          2.861
        ]
      },
      "properties": {
        "id": "0_202",
        "camera": "R0 - Red (Point)",
        "frame": "0390",
        "image": "pano_camera0/frame_0390_hp_preview.jpg",
        "frameId": "0390",
        "height": 2.861,
        "coords2D": "2D: (-4.378, 1.461)",
        "coords3D": "3D: (-4.378, 1.461, 2.861)",
        "easting": 397927.7000526785,
        "northing": 808211.1796717516,
        "longitude": 174.74094207702473,
        "latitude": -36.805721096366085,
        "group": "R0 - Red (229 points)",
        "canvasX": 619.1905363234649,
        "canvasY": 704.3691274767318
      }
    },
    {
      "type": "Feature",
      "geometry": {
        "type": "Point",
        "coordinates": [
          174.74095257204792,
          -36.80572497496829,
          3.051
        ]
      },
      "properties": {
        "id": "0_203",
        "camera": "R0 - Red (Point)",
        "frame": "0391",
        "image": "pano_camera0/frame_0391_hp_preview.jpg",
        "frameId": "0391",
        "height": 3.051,
        "coords2D": "2D: (-3.964, 1.462)",
        "coords3D": "3D: (-3.964, 1.462, 3.051)",
        "easting": 397928.6366144398,
        "northing": 808210.7495181243,
        "longitude": 174.74095257204792,
        "latitude": -36.80572497496829,
        "group": "R0 - Red (229 points)",
        "canvasX": 636.5871932086383,
        "canvasY": 712.359241286206
      }
    },
    {
      "type": "Feature",
      "geometry": {
        "type": "Point",
        "coordinates": [
          174.7409547088122,
          -36.805724067919485,
          3.007
        ]
      },
      "properties": {
        "id": "0_204",
        "camera": "R0 - Red (Point)",
        "frame": "0392",
        "image": "pano_camera0/frame_0392_hp_preview.jpg",
        "frameId": "0392",
        "height": 3.007,
        "coords2D": "2D: (-3.879, 1.459)",
        "coords3D": "3D: (-3.879, 1.459, 3.007)",
        "easting": 397928.82725070644,
        "northing": 808210.8502131779,
        "longitude": 174.7409547088122,
        "latitude": -36.805724067919485,
        "group": "R0 - Red (229 points)",
        "canvasX": 640.1282663742006,
        "canvasY": 710.4888282808065
      }
    },
    {
      "type": "Feature",
      "geometry": {
        "type": "Point",
        "coordinates": [
          174.74095368007553,
          -36.805720220533296,
          2.818
        ]
      },
      "properties": {
        "id": "0_205",
        "camera": "R0 - Red (Point)",
        "frame": "0393",
        "image": "pano_camera0/frame_0393_hp_preview.jpg",
        "frameId": "0393",
        "height": 2.818,
        "coords2D": "2D: (-3.920, 1.461)",
        "coords3D": "3D: (-3.920, 1.461, 2.818)",
        "easting": 397928.7353542497,
        "northing": 808211.2771080656,
        "longitude": 174.74095368007553,
        "latitude": -36.805720220533296,
        "group": "R0 - Red (229 points)",
        "canvasX": 638.421287514904,
        "canvasY": 702.5592456365555
      }
    },
    {
      "type": "Feature",
      "geometry": {
        "type": "Point",
        "coordinates": [
          174.74094933127733,
          -36.805717315206266,
          2.675
        ]
      },
      "properties": {
        "id": "0_206",
        "camera": "R0 - Red (Point)",
        "frame": "0394",
        "image": "pano_camera0/frame_0394_hp_preview.jpg",
        "frameId": "0394",
        "height": 2.675,
        "coords2D": "2D: (-4.092, 1.455)",
        "coords3D": "3D: (-4.092, 1.455, 2.675)",
        "easting": 397928.34723836323,
        "northing": 808211.599397412,
        "longitude": 174.74094933127733,
        "latitude": -36.805717315206266,
        "group": "R0 - Red (229 points)",
        "canvasX": 631.2120257368101,
        "canvasY": 696.5727133959722
      }
    },
    {
      "type": "Feature",
      "geometry": {
        "type": "Point",
        "coordinates": [
          174.7409418531431,
          -36.805712653071936,
          2.446
        ]
      },
      "properties": {
        "id": "0_207",
        "camera": "R0 - Red (Point)",
        "frame": "0395",
        "image": "pano_camera0/frame_0395_hp_preview.jpg",
        "frameId": "0395",
        "height": 2.446,
        "coords2D": "2D: (-4.387, 1.453)",
        "coords3D": "3D: (-4.387, 1.453, 2.446)",
        "easting": 397927.679848493,
        "northing": 808212.1165593867,
        "longitude": 174.7409418531431,
        "latitude": -36.805712653071936,
        "group": "R0 - Red (229 points)",
        "canvasX": 618.8152430990805,
        "canvasY": 686.9664174750362
      }
    },
    {
      "type": "Feature",
      "geometry": {
        "type": "Point",
        "coordinates": [
          174.74093651574267,
          -36.80570603545798,
          2.121
        ]
      },
      "properties": {
        "id": "0_208",
        "camera": "R0 - Red (Point)",
        "frame": "0396",
        "image": "pano_camera0/frame_0396_hp_preview.jpg",
        "frameId": "0396",
        "height": 2.121,
        "coords2D": "2D: (-4.598, 1.459)",
        "coords3D": "3D: (-4.598, 1.459, 2.121)",
        "easting": 397927.20342076337,
        "northing": 808212.8507534188,
        "longitude": 174.74093651574267,
        "latitude": -36.80570603545798,
        "group": "R0 - Red (229 points)",
        "canvasX": 609.9655867434356,
        "canvasY": 673.3287459502291
      }
    },
    {
      "type": "Feature",
      "geometry": {
        "type": "Point",
        "coordinates": [
          174.74094150714447,
          -36.805697405228294,
          1.697
        ]
      },
      "properties": {
        "id": "0_209",
        "camera": "R0 - Red (Point)",
        "frame": "0397",
        "image": "pano_camera0/frame_0397_hp_preview.jpg",
        "frameId": "0397",
        "height": 1.697,
        "coords2D": "2D: (-4.401, 1.482)",
        "coords3D": "3D: (-4.401, 1.482, 1.697)",
        "easting": 397927.6485645928,
        "northing": 808213.8084969874,
        "longitude": 174.74094150714447,
        "latitude": -36.805697405228294,
        "group": "R0 - Red (229 points)",
        "canvasX": 618.2341439129368,
        "canvasY": 655.5386364911043
      }
    },
    {
      "type": "Feature",
      "geometry": {
        "type": "Point",
        "coordinates": [
          174.74094496267873,
          -36.80569532078727,
          1.595
        ]
      },
      "properties": {
        "id": "0_210",
        "camera": "R0 - Red (Point)",
        "frame": "0398",
        "image": "pano_camera0/frame_0398_hp_preview.jpg",
        "frameId": "0398",
        "height": 1.595,
        "coords2D": "2D: (-4.265, 1.480)",
        "coords3D": "3D: (-4.265, 1.480, 1.595)",
        "easting": 397927.9568413591,
        "northing": 808214.039867499,
        "longitude": 174.74094496267873,
        "latitude": -36.80569532078727,
        "group": "R0 - Red (229 points)",
        "canvasX": 623.9603921430601,
        "canvasY": 651.2409237602508
      }
    },
    {
      "type": "Feature",
      "geometry": {
        "type": "Point",
        "coordinates": [
          174.74095706957445,
          -36.80569492081135,
          1.575
        ]
      },
      "properties": {
        "id": "0_211",
        "camera": "R0 - Red (Point)",
        "frame": "0399",
        "image": "pano_camera0/frame_0399_hp_preview.jpg",
        "frameId": "0399",
        "height": 1.575,
        "coords2D": "2D: (-3.786, 1.484)",
        "coords3D": "3D: (-3.786, 1.484, 1.575)",
        "easting": 397929.03711353673,
        "northing": 808214.0845122316,
        "longitude": 174.74095706957445,
        "latitude": -36.80569492081135,
        "group": "R0 - Red (229 points)",
        "canvasX": 644.0264734145806,
        "canvasY": 650.4116467966917
      }
    },
    {
      "type": "Feature",
      "geometry": {
        "type": "Point",
        "coordinates": [
          174.74096661404275,
          -36.805702117791355,
          1.928
        ]
      },
      "properties": {
        "id": "0_212",
        "camera": "R0 - Red (Point)",
        "frame": "0400",
        "image": "pano_camera0/frame_0400_hp_preview.jpg",
        "frameId": "0400",
        "height": 1.928,
        "coords2D": "2D: (-3.409, 1.463)",
        "coords3D": "3D: (-3.409, 1.463, 1.928)",
        "easting": 397929.8889480684,
        "northing": 808213.2861210294,
        "longitude": 174.74096661404275,
        "latitude": -36.805702117791355,
        "group": "R0 - Red (229 points)",
        "canvasX": 659.8493200039484,
        "canvasY": 665.2417822763975
      }
    },
    {
      "type": "Feature",
      "geometry": {
        "type": "Point",
        "coordinates": [
          174.74097359505873,
          -36.80570820710362,
          2.227
        ]
      },
      "properties": {
        "id": "0_213",
        "camera": "R0 - Red (Point)",
        "frame": "0401",
        "image": "pano_camera0/frame_0401_hp_preview.jpg",
        "frameId": "0401",
        "height": 2.227,
        "coords2D": "2D: (-3.133, 1.456)",
        "coords3D": "3D: (-3.133, 1.456, 2.227)",
        "easting": 397930.51201908,
        "northing": 808212.6105843101,
        "longitude": 174.74097359505873,
        "latitude": -36.80570820710362,
        "group": "R0 - Red (229 points)",
        "canvasX": 671.4228787946413,
        "canvasY": 677.7898928271854
      }
    },
    {
      "type": "Feature",
      "geometry": {
        "type": "Point",
        "coordinates": [
          174.74097411354722,
          -36.80570858017613,
          2.246
        ]
      },
      "properties": {
        "id": "0_214",
        "camera": "R0 - Red (Point)",
        "frame": "0402",
        "image": "pano_camera0/frame_0402_hp_preview.jpg",
        "frameId": "0402",
        "height": 2.246,
        "coords2D": "2D: (-3.113, 1.454)",
        "coords3D": "3D: (-3.113, 1.454, 2.246)",
        "easting": 397930.55829318234,
        "northing": 808212.5691983172,
        "longitude": 174.74097411354722,
        "latitude": -36.80570858017613,
        "group": "R0 - Red (229 points)",
        "canvasX": 672.282421340812,
        "canvasY": 678.5586386255212
      }
    },
    {
      "type": "Feature",
      "geometry": {
        "type": "Point",
        "coordinates": [
          174.74098059794872,
          -36.80571442857495,
          2.533
        ]
      },
      "properties": {
        "id": "0_215",
        "camera": "R0 - Red (Point)",
        "frame": "0403",
        "image": "pano_camera0/frame_0403_hp_preview.jpg",
        "frameId": "0403",
        "height": 2.533,
        "coords2D": "2D: (-2.857, 1.445)",
        "coords3D": "3D: (-2.857, 1.445, 2.533)",
        "easting": 397931.13704533543,
        "northing": 808211.9203832628,
        "longitude": 174.74098059794872,
        "latitude": -36.80571442857495,
        "group": "R0 - Red (229 points)",
        "canvasX": 683.0327562844682,
        "canvasY": 690.6103936214781
      }
    },
    {
      "type": "Feature",
      "geometry": {
        "type": "Point",
        "coordinates": [
          174.7409937821474,
          -36.80571427843182,
          2.526
        ]
      },
      "properties": {
        "id": "0_216",
        "camera": "R0 - Red (Point)",
        "frame": "0404",
        "image": "pano_camera0/frame_0404_hp_preview.jpg",
        "frameId": "0404",
        "height": 2.526,
        "coords2D": "2D: (-2.336, 1.443)",
        "coords3D": "3D: (-2.336, 1.443, 2.526)",
        "easting": 397932.3134503313,
        "northing": 808211.9373287087,
        "longitude": 174.7409937821474,
        "latitude": -36.80571427843182,
        "group": "R0 - Red (229 points)",
        "canvasX": 704.8845069300758,
        "canvasY": 690.2956315623171
      }
    },
    {
      "type": "Feature",
      "geometry": {
        "type": "Point",
        "coordinates": [
          174.74099450544944,
          -36.805713673595505,
          2.496
        ]
      },
      "properties": {
        "id": "0_217",
        "camera": "R0 - Red (Point)",
        "frame": "0405",
        "image": "pano_camera0/frame_0405_hp_preview.jpg",
        "frameId": "0405",
        "height": 2.496,
        "coords2D": "2D: (-2.307, 1.449)",
        "coords3D": "3D: (-2.307, 1.449, 2.496)",
        "easting": 397932.3779733754,
        "northing": 808212.0044587444,
        "longitude": 174.74099450544944,
        "latitude": -36.805713673595505,
        "group": "R0 - Red (229 points)",
        "canvasX": 706.0830240014968,
        "canvasY": 689.0486895587173
      }
    },
    {
      "type": "Feature",
      "geometry": {
        "type": "Point",
        "coordinates": [
          174.74099838680797,
          -36.80570435593999,
          2.038
        ]
      },
      "properties": {
        "id": "0_218",
        "camera": "R0 - Red (Point)",
        "frame": "0406",
        "image": "pano_camera0/frame_0406_hp_preview.jpg",
        "frameId": "0406",
        "height": 2.038,
        "coords2D": "2D: (-2.154, 1.464)",
        "coords3D": "3D: (-2.154, 1.464, 2.038)",
        "easting": 397932.724051521,
        "northing": 808213.0384568197,
        "longitude": 174.74099838680797,
        "latitude": -36.80570435593999,
        "group": "R0 - Red (229 points)",
        "canvasX": 712.5114337482102,
        "canvasY": 669.8421508333676
      }
    },
    {
      "type": "Feature",
      "geometry": {
        "type": "Point",
        "coordinates": [
          174.74099169468033,
          -36.80569703029994,
          1.678
        ]
      },
      "properties": {
        "id": "0_219",
        "camera": "R0 - Red (Point)",
        "frame": "0407",
        "image": "pano_camera0/frame_0407_hp_preview.jpg",
        "frameId": "0407",
        "height": 1.678,
        "coords2D": "2D: (-2.419, 1.455)",
        "coords3D": "3D: (-2.419, 1.455, 1.678)",
        "easting": 397932.1267245522,
        "northing": 808213.8511864762,
        "longitude": 174.74099169468033,
        "latitude": -36.80569703029994,
        "group": "R0 - Red (229 points)",
        "canvasX": 701.4160711627812,
        "canvasY": 654.7456782266792
      }
    },
    {
      "type": "Feature",
      "geometry": {
        "type": "Point",
        "coordinates": [
          174.74098801446937,
          -36.80569329693186,
          1.495
        ]
      },
      "properties": {
        "id": "0_220",
        "camera": "R0 - Red (Point)",
        "frame": "0408",
        "image": "pano_camera0/frame_0408_hp_preview.jpg",
        "frameId": "0408",
        "height": 1.495,
        "coords2D": "2D: (-2.564, 1.462)",
        "coords3D": "3D: (-2.564, 1.462, 1.495)",
        "easting": 397931.7982436004,
        "northing": 808214.2653722794,
        "longitude": 174.74098801446937,
        "latitude": -36.80569329693186,
        "group": "R0 - Red (229 points)",
        "canvasX": 695.3145297082737,
        "canvasY": 647.0521671267991
      }
    },
    {
      "type": "Feature",
      "geometry": {
        "type": "Point",
        "coordinates": [
          174.74098518123162,
          -36.80569062097055,
          1.363
        ]
      },
      "properties": {
        "id": "0_221",
        "camera": "R0 - Red (Point)",
        "frame": "0409",
        "image": "pano_camera0/frame_0409_hp_preview.jpg",
        "frameId": "0409",
        "height": 1.363,
        "coords2D": "2D: (-2.676, 1.457)",
        "coords3D": "3D: (-2.676, 1.457, 1.363)",
        "easting": 397931.5453654074,
        "northing": 808214.5622434571,
        "longitude": 174.74098518123162,
        "latitude": -36.80569062097055,
        "group": "R0 - Red (229 points)",
        "canvasX": 690.6173112869463,
        "canvasY": 641.5377779749574
      }
    },
    {
      "type": "Feature",
      "geometry": {
        "type": "Point",
        "coordinates": [
          174.74098237852132,
          -36.805683598576614,
          1.019
        ]
      },
      "properties": {
        "id": "0_222",
        "camera": "R0 - Red (Point)",
        "frame": "0410",
        "image": "pano_camera0/frame_0410_hp_preview.jpg",
        "frameId": "0410",
        "height": 1.019,
        "coords2D": "2D: (-2.787, 1.477)",
        "coords3D": "3D: (-2.787, 1.477, 1.019)",
        "easting": 397931.29509420606,
        "northing": 808215.3414080956,
        "longitude": 174.74098237852132,
        "latitude": -36.805683598576614,
        "group": "R0 - Red (229 points)",
        "canvasX": 685.9685177977977,
        "canvasY": 627.0647763700689
      }
    },
    {
      "type": "Feature",
      "geometry": {
        "type": "Point",
        "coordinates": [
          174.74099052238998,
          -36.80567266064807,
          0.481
        ]
      },
      "properties": {
        "id": "0_223",
        "camera": "R0 - Red (Point)",
        "frame": "0411",
        "image": "pano_camera0/frame_0411_hp_preview.jpg",
        "frameId": "0411",
        "height": 0.481,
        "coords2D": "2D: (-2.465, 1.473)",
        "coords3D": "3D: (-2.465, 1.473, 0.481)",
        "easting": 397932.02146726305,
        "northing": 808216.5552885969,
        "longitude": 174.74099052238998,
        "latitude": -36.80567266064807,
        "group": "R0 - Red (229 points)",
        "canvasX": 699.460914526069,
        "canvasY": 604.5169173243936
      }
    },
    {
      "type": "Feature",
      "geometry": {
        "type": "Point",
        "coordinates": [
          174.74099208219832,
          -36.8056714862389,
          0.423
        ]
      },
      "properties": {
        "id": "0_224",
        "camera": "R0 - Red (Point)",
        "frame": "0412",
        "image": "pano_camera0/frame_0412_hp_preview.jpg",
        "frameId": "0412",
        "height": 0.423,
        "coords2D": "2D: (-2.404, 1.466)",
        "coords3D": "3D: (-2.404, 1.466, 0.423)",
        "easting": 397932.160615444,
        "northing": 808216.6856381809,
        "longitude": 174.74099208219832,
        "latitude": -36.8056714862389,
        "group": "R0 - Red (229 points)",
        "canvasX": 702.0455952811035,
        "canvasY": 602.095670715462
      }
    },
    {
      "type": "Feature",
      "geometry": {
        "type": "Point",
        "coordinates": [
          174.7409954177021,
          -36.805667768921815,
          0.241
        ]
      },
      "properties": {
        "id": "0_225",
        "camera": "R0 - Red (Point)",
        "frame": "0413",
        "image": "pano_camera0/frame_0413_hp_preview.jpg",
        "frameId": "0413",
        "height": 0.241,
        "coords2D": "2D: (-2.272, 1.471)",
        "coords3D": "3D: (-2.272, 1.471, 0.241)",
        "easting": 397932.45813836955,
        "northing": 808217.0981946144,
        "longitude": 174.7409954177021,
        "latitude": -36.805667768921815,
        "group": "R0 - Red (229 points)",
        "canvasX": 707.5720906659898,
        "canvasY": 594.4324251981936
      }
    },
    {
      "type": "Feature",
      "geometry": {
        "type": "Point",
        "coordinates": [
          174.74099488452478,
          -36.80566766309376,
          0.235
        ]
      },
      "properties": {
        "id": "0_226",
        "camera": "R0 - Red (Point)",
        "frame": "0414",
        "image": "pano_camera0/frame_0414_hp_preview.jpg",
        "frameId": "0414",
        "height": 0.235,
        "coords2D": "2D: (-2.293, 1.473)",
        "coords3D": "3D: (-2.293, 1.473, 0.235)",
        "easting": 397932.4105607714,
        "northing": 808217.109926077,
        "longitude": 174.74099488452478,
        "latitude": -36.80566766309376,
        "group": "R0 - Red (229 points)",
        "canvasX": 706.6883356537297,
        "canvasY": 594.2145130033898
      }
    },
    {
      "type": "Feature",
      "geometry": {
        "type": "Point",
        "coordinates": [
          174.74099484799476,
          -36.80566769245447,
          0.237
        ]
      },
      "properties": {
        "id": "0_227",
        "camera": "R0 - Red (Point)",
        "frame": "0415",
        "image": "pano_camera0/frame_0415_hp_preview.jpg",
        "frameId": "0415",
        "height": 0.237,
        "coords2D": "2D: (-2.294, 1.473)",
        "coords3D": "3D: (-2.294, 1.473, 0.237)",
        "easting": 397932.4073020318,
        "northing": 808217.1066673374,
        "longitude": 174.74099484799476,
        "latitude": -36.80566769245447,
        "group": "R0 - Red (229 points)",
        "canvasX": 706.6278044885064,
        "canvasY": 594.275044168613
      }
    },
    {
      "type": "Feature",
      "geometry": {
        "type": "Point",
        "coordinates": [
          174.74099493565532,
          -36.805667660166925,
          0.235
        ]
      },
      "properties": {
        "id": "0_228",
        "camera": "R0 - Red (End)",
        "frame": "0416",
        "image": "pano_camera0/frame_0416_hp_preview.jpg",
        "frameId": "0416",
        "height": 0.235,
        "coords2D": "2D: (-2.291, 1.469)",
        "coords3D": "3D: (-2.291, 1.469, 0.235)",
        "easting": 397932.41512300685,
        "northing": 808217.1102519509,
        "longitude": 174.74099493565532,
        "latitude": -36.805667660166925,
        "group": "R0 - Red (229 points)",
        "canvasX": 706.7730792850423,
        "canvasY": 594.2084598868674
      }
    }
  ],
  "properties": {
    "name": "Camera Positions Export",
    "description": "Exported camera positions from floor plan viewer",
    "exportDate": "2025-10-19T21:22:27.072Z",
    "totalFeatures": 229,
    "coordinateSystem": "WGS84 (EPSG:4326)",
    "originalSystem": "Mt Eden 2000 (EPSG:2105)"
  }
}