{
  "type": "FeatureCollection",
  "features": [
    {
      "type": "Feature",
      "geometry": {
        "type": "Point",
        "coordinates": [
          -26.58163811697159,
          19.49620125303045,
          0
        ]
      },
      "properties": {
        "id": "0_0",
        "camera": "R0 - Red (Start)",
        "frame": "0140",
        "image": "pano_camera0/frame_0140_hp_preview.jpg",
        "frameId": "0140",
        "height": 2.343401,
        "coords2D": "2D: (397896.331, 808245.655)",
        "coords3D_original": "3D_Original: (-793548.981, 426441.300, 0.000)",
        "coords3D": "3D: (-26.582, 19.496, 0.000)",
        "coordsMtEden": "MtEden: (397896.331, 808245.655, 2.343)",
        "easting": 397896.330861883,
        "northing": 808245.655201253,
        "longitude": 174.74059061287164,
        "latitude": -36.805410333032896,
        "group": "R0 - Red (229 points)",
        "canvasX": 8.48999999999998,
        "canvasY": 117.28999999999999,
        "variant": "northing_easting_direct"
      }
    },
    {
      "type": "Feature",
      "geometry": {
        "type": "Point",
        "coordinates": [
          -26.252010138356127,
          19.167794118868187,
          0.01933399012
        ]
      },
      "properties": {
        "id": "0_1",
        "camera": "R0 - Red (Point)",
        "frame": "0141",
        "image": "pano_camera0/frame_0141_hp_preview.jpg",
        "frameId": "0141",
        "height": 2.470891,
        "coords2D": "2D: (397896.660, 808245.327)",
        "coords3D_original": "3D_Original: (-793548.981, 426441.300, 0.000)",
        "coords3D": "3D: (-26.252, 19.168, 0.019)",
        "coordsMtEden": "MtEden: (397896.660, 808245.327, 2.471)",
        "easting": 397896.6604898616,
        "northing": 808245.3267941189,
        "longitude": 174.74059430614156,
        "latitude": -36.80541329337689,
        "group": "R0 - Red (229 points)",
        "canvasX": 13.889999999999986,
        "canvasY": 122.67000000000002,
        "variant": "northing_easting_direct"
      }
    },
    {
      "type": "Feature",
      "geometry": {
        "type": "Point",
        "coordinates": [
          -25.689200886001345,
          18.546994759119116,
          0.00860564332
        ]
      },
      "properties": {
        "id": "0_2",
        "camera": "R0 - Red (Point)",
        "frame": "0142",
        "image": "pano_camera0/frame_0142_hp_preview.jpg",
        "frameId": "0142",
        "height": 2.71152,
        "coords2D": "2D: (397897.223, 808244.706)",
        "coords3D_original": "3D_Original: (-793548.981, 426441.300, 0.000)",
        "coords3D": "3D: (-25.689, 18.547, 0.009)",
        "coordsMtEden": "MtEden: (397897.223, 808244.706, 2.712)",
        "easting": 397897.223299114,
        "northing": 808244.7059947591,
        "longitude": 174.74060061189275,
        "latitude": -36.80541888928327,
        "group": "R0 - Red (229 points)",
        "canvasX": 23.109999999999985,
        "canvasY": 132.84,
        "variant": "northing_easting_direct"
      }
    },
    {
      "type": "Feature",
      "geometry": {
        "type": "Point",
        "coordinates": [
          -25.28449097892735,
          18.292448708903976,
          0.0032513124399999997
        ]
      },
      "properties": {
        "id": "0_3",
        "camera": "R0 - Red (Point)",
        "frame": "0143",
        "image": "pano_camera0/frame_0143_hp_preview.jpg",
        "frameId": "0143",
        "height": 2.810063,
        "coords2D": "2D: (397897.628, 808244.451)",
        "coords3D_original": "3D_Original: (-793548.981, 426441.300, 0.000)",
        "coords3D": "3D: (-25.284, 18.292, 0.003)",
        "coordsMtEden": "MtEden: (397897.628, 808244.451, 2.810)",
        "easting": 397897.62800902105,
        "northing": 808244.4514487089,
        "longitude": 174.740605146819,
        "latitude": -36.80542118415607,
        "group": "R0 - Red (229 points)",
        "canvasX": 29.73999999999998,
        "canvasY": 137.01,
        "variant": "northing_easting_direct"
      }
    },
    {
      "type": "Feature",
      "geometry": {
        "type": "Point",
        "coordinates": [
          -24.83094729721779,
          18.42674158909358,
          0.0509842536
        ]
      },
      "properties": {
        "id": "0_4",
        "camera": "R0 - Red (Point)",
        "frame": "0144",
        "image": "pano_camera0/frame_0144_hp_preview.jpg",
        "frameId": "0144",
        "height": 2.758182,
        "coords2D": "2D: (397898.082, 808244.586)",
        "coords3D_original": "3D_Original: (-793548.981, 426441.300, 0.000)",
        "coords3D": "3D: (-24.831, 18.427, 0.051)",
        "coordsMtEden": "MtEden: (397898.082, 808244.586, 2.758)",
        "easting": 397898.08155270276,
        "northing": 808244.5857415891,
        "longitude": 174.74061023010447,
        "latitude": -36.80541997491279,
        "group": "R0 - Red (229 points)",
        "canvasX": 37.16999999999999,
        "canvasY": 134.81,
        "variant": "northing_easting_direct"
      }
    },
    {
      "type": "Feature",
      "geometry": {
        "type": "Point",
        "coordinates": [
          -24.680173018132336,
          18.88211653730832,
          0.06120078936
        ]
      },
      "properties": {
        "id": "0_5",
        "camera": "R0 - Red (Point)",
        "frame": "0145",
        "image": "pano_camera0/frame_0145_hp_preview.jpg",
        "frameId": "0145",
        "height": 2.581494,
        "coords2D": "2D: (397898.232, 808245.041)",
        "coords3D_original": "3D_Original: (-793548.981, 426441.300, 0.000)",
        "coords3D": "3D: (-24.680, 18.882, 0.061)",
        "coordsMtEden": "MtEden: (397898.232, 808245.041, 2.581)",
        "easting": 397898.23232698184,
        "northing": 808245.0411165373,
        "longitude": 174.7406119211056,
        "latitude": -36.80541587139921,
        "group": "R0 - Red (229 points)",
        "canvasX": 39.639999999999986,
        "canvasY": 127.35,
        "variant": "northing_easting_direct"
      }
    },
    {
      "type": "Feature",
      "geometry": {
        "type": "Point",
        "coordinates": [
          -26.903330607223324,
          18.39499963563867,
          0.04124672048
        ]
      },
      "properties": {
        "id": "0_6",
        "camera": "R0 - Red (Point)",
        "frame": "0157",
        "image": "pano_camera0/frame_0157_hp_preview.jpg",
        "frameId": "0157",
        "height": 2.770313,
        "coords2D": "2D: (397896.009, 808244.554)",
        "coords3D_original": "3D_Original: (-793548.981, 426441.300, 0.000)",
        "coords3D": "3D: (-26.903, 18.395, 0.041)",
        "coordsMtEden": "MtEden: (397896.009, 808244.554, 2.770)",
        "easting": 397896.00916939275,
        "northing": 808244.5539996356,
        "longitude": 174.7405870045856,
        "latitude": -36.80542025636943,
        "group": "R0 - Red (229 points)",
        "canvasX": 3.219999999999999,
        "canvasY": 135.33,
        "variant": "northing_easting_direct"
      }
    },
    {
      "type": "Feature",
      "geometry": {
        "type": "Point",
        "coordinates": [
          -27.258596317493357,
          18.17341638333164,
          0.05457349256
        ]
      },
      "properties": {
        "id": "0_7",
        "camera": "R0 - Red (Point)",
        "frame": "0158",
        "image": "pano_camera0/frame_0158_hp_preview.jpg",
        "frameId": "0158",
        "height": 2.856272,
        "coords2D": "2D: (397895.654, 808244.332)",
        "coords3D_original": "3D_Original: (-793548.981, 426441.300, 0.000)",
        "coords3D": "3D: (-27.259, 18.173, 0.055)",
        "coordsMtEden": "MtEden: (397895.654, 808244.332, 2.856)",
        "easting": 397895.6539036825,
        "northing": 808244.3324163833,
        "longitude": 174.74058302247073,
        "latitude": -36.80542225249274,
        "group": "R0 - Red (229 points)",
        "canvasX": -2.5999999999999943,
        "canvasY": 138.96,
        "variant": "northing_easting_direct"
      }
    },
    {
      "type": "Feature",
      "geometry": {
        "type": "Point",
        "coordinates": [
          -27.384953709319234,
          17.921312021906488,
          0.074229005
        ]
      },
      "properties": {
        "id": "0_8",
        "camera": "R0 - Red (Point)",
        "frame": "0159",
        "image": "pano_camera0/frame_0159_hp_preview.jpg",
        "frameId": "0159",
        "height": 2.953972,
        "coords2D": "2D: (397895.528, 808244.080)",
        "coords3D_original": "3D_Original: (-793548.981, 426441.300, 0.000)",
        "coords3D": "3D: (-27.385, 17.921, 0.074)",
        "coordsMtEden": "MtEden: (397895.528, 808244.080, 2.954)",
        "easting": 397895.52754629066,
        "northing": 808244.0803120219,
        "longitude": 174.74058160567253,
        "latitude": -36.805424524181525,
        "group": "R0 - Red (229 points)",
        "canvasX": -4.670000000000016,
        "canvasY": 143.09,
        "variant": "northing_easting_direct"
      }
    },
    {
      "type": "Feature",
      "geometry": {
        "type": "Point",
        "coordinates": [
          -28.02650742320111,
          16.351306168246083,
          0.061535435039999996
        ]
      },
      "properties": {
        "id": "0_9",
        "camera": "R0 - Red (Point)",
        "frame": "0160",
        "image": "pano_camera0/frame_0160_hp_preview.jpg",
        "frameId": "0160",
        "height": 3.562706,
        "coords2D": "2D: (397894.886, 808242.510)",
        "coords3D_original": "3D_Original: (-793548.981, 426441.300, 0.000)",
        "coords3D": "3D: (-28.027, 16.351, 0.062)",
        "coordsMtEden": "MtEden: (397894.886, 808242.510, 3.563)",
        "easting": 397894.8859925768,
        "northing": 808242.5103061682,
        "longitude": 174.74057441136748,
        "latitude": -36.805438671679944,
        "group": "R0 - Red (229 points)",
        "canvasX": -15.180000000000007,
        "canvasY": 168.81,
        "variant": "northing_easting_direct"
      }
    },
    {
      "type": "Feature",
      "geometry": {
        "type": "Point",
        "coordinates": [
          -28.561237255169544,
          15.675568812061101,
          0.06463910968
        ]
      },
      "properties": {
        "id": "0_10",
        "camera": "R0 - Red (Point)",
        "frame": "0161",
        "image": "pano_camera0/frame_0161_hp_preview.jpg",
        "frameId": "0161",
        "height": 3.824734,
        "coords2D": "2D: (397894.351, 808241.835)",
        "coords3D_original": "3D_Original: (-793548.981, 426441.300, 0.000)",
        "coords3D": "3D: (-28.561, 15.676, 0.065)",
        "coordsMtEden": "MtEden: (397894.351, 808241.835, 3.825)",
        "easting": 397894.3512627448,
        "northing": 808241.834568812,
        "longitude": 174.74056841672044,
        "latitude": -36.80544476024971,
        "group": "R0 - Red (229 points)",
        "canvasX": -23.939999999999998,
        "canvasY": 179.88,
        "variant": "northing_easting_direct"
      }
    },
    {
      "type": "Feature",
      "geometry": {
        "type": "Point",
        "coordinates": [
          -29.337694271467626,
          14.929632904939353,
          0.11997047628
        ]
      },
      "properties": {
        "id": "0_11",
        "camera": "R0 - Red (Point)",
        "frame": "0162",
        "image": "pano_camera0/frame_0162_hp_preview.jpg",
        "frameId": "0162",
        "height": 4.11381,
        "coords2D": "2D: (397893.575, 808241.089)",
        "coords3D_original": "3D_Original: (-793548.981, 426441.300, 0.000)",
        "coords3D": "3D: (-29.338, 14.930, 0.120)",
        "coordsMtEden": "MtEden: (397893.575, 808241.089, 4.114)",
        "easting": 397893.5748057285,
        "northing": 808241.0886329049,
        "longitude": 174.7405597128136,
        "latitude": -36.80545148091223,
        "group": "R0 - Red (229 points)",
        "canvasX": -36.66,
        "canvasY": 192.1,
        "variant": "northing_easting_direct"
      }
    },
    {
      "type": "Feature",
      "geometry": {
        "type": "Point",
        "coordinates": [
          -29.87242410343606,
          14.517597931670025,
          0.14720472912
        ]
      },
      "properties": {
        "id": "0_12",
        "camera": "R0 - Red (Point)",
        "frame": "0163",
        "image": "pano_camera0/frame_0163_hp_preview.jpg",
        "frameId": "0163",
        "height": 4.273577,
        "coords2D": "2D: (397893.040, 808240.677)",
        "coords3D_original": "3D_Original: (-793548.981, 426441.300, 0.000)",
        "coords3D": "3D: (-29.872, 14.518, 0.147)",
        "coordsMtEden": "MtEden: (397893.040, 808240.677, 4.274)",
        "easting": 397893.04007589654,
        "northing": 808240.6765979317,
        "longitude": 174.74055371889406,
        "latitude": -36.80545519299005,
        "group": "R0 - Red (229 points)",
        "canvasX": -45.420000000000016,
        "canvasY": 198.85,
        "variant": "northing_easting_direct"
      }
    },
    {
      "type": "Feature",
      "geometry": {
        "type": "Point",
        "coordinates": [
          -30.452935599081684,
          14.150734199909493,
          0.18708005848
        ]
      },
      "properties": {
        "id": "0_13",
        "camera": "R0 - Red (Point)",
        "frame": "0164",
        "image": "pano_camera0/frame_0164_hp_preview.jpg",
        "frameId": "0164",
        "height": 4.41581,
        "coords2D": "2D: (397892.460, 808240.310)",
        "coords3D_original": "3D_Original: (-793548.981, 426441.300, 0.000)",
        "coords3D": "3D: (-30.453, 14.151, 0.187)",
        "coordsMtEden": "MtEden: (397892.460, 808240.310, 4.416)",
        "easting": 397892.4595644009,
        "northing": 808240.3097341999,
        "longitude": 174.74054721201856,
        "latitude": -36.80545849788152,
        "group": "R0 - Red (229 points)",
        "canvasX": -54.93000000000001,
        "canvasY": 204.86,
        "variant": "northing_easting_direct"
      }
    },
    {
      "type": "Feature",
      "geometry": {
        "type": "Point",
        "coordinates": [
          -31.477834443736356,
          14.18430741992779,
          0.20616798559999996
        ]
      },
      "properties": {
        "id": "0_14",
        "camera": "R0 - Red (Point)",
        "frame": "0165",
        "image": "pano_camera0/frame_0165_hp_preview.jpg",
        "frameId": "0165",
        "height": 4.402871,
        "coords2D": "2D: (397891.435, 808240.343)",
        "coords3D_original": "3D_Original: (-793548.981, 426441.300, 0.000)",
        "coords3D": "3D: (-31.478, 14.184, 0.206)",
        "coordsMtEden": "MtEden: (397891.435, 808240.343, 4.403)",
        "easting": 397891.43466555624,
        "northing": 808240.3433074199,
        "longitude": 174.74053572594994,
        "latitude": -36.8054581930373,
        "group": "R0 - Red (229 points)",
        "canvasX": -71.72000000000001,
        "canvasY": 204.31,
        "variant": "northing_easting_direct"
      }
    },
    {
      "type": "Feature",
      "geometry": {
        "type": "Point",
        "coordinates": [
          -31.893531950074248,
          14.527364686597139,
          0.20326772304
        ]
      },
      "properties": {
        "id": "0_15",
        "camera": "R0 - Red (Point)",
        "frame": "0166",
        "image": "pano_camera0/frame_0166_hp_preview.jpg",
        "frameId": "0166",
        "height": 4.269844,
        "coords2D": "2D: (397891.019, 808240.686)",
        "coords3D_original": "3D_Original: (-793548.981, 426441.300, 0.000)",
        "coords3D": "3D: (-31.894, 14.527, 0.203)",
        "coordsMtEden": "MtEden: (397891.019, 808240.686, 4.270)",
        "easting": 397891.0189680499,
        "northing": 808240.6863646866,
        "longitude": 174.74053106812946,
        "latitude": -36.80545510047254,
        "group": "R0 - Red (229 points)",
        "canvasX": -78.53,
        "canvasY": 198.69,
        "variant": "northing_easting_direct"
      }
    },
    {
      "type": "Feature",
      "geometry": {
        "type": "Point",
        "coordinates": [
          -32.530202286550775,
          15.455206404207274,
          0.21314633228
        ]
      },
      "properties": {
        "id": "0_16",
        "camera": "R0 - Red (Point)",
        "frame": "0167",
        "image": "pano_camera0/frame_0167_hp_preview.jpg",
        "frameId": "0167",
        "height": 3.910046,
        "coords2D": "2D: (397890.382, 808241.614)",
        "coords3D_original": "3D_Original: (-793548.981, 426441.300, 0.000)",
        "coords3D": "3D: (-32.530, 15.455, 0.213)",
        "coordsMtEden": "MtEden: (397890.382, 808241.614, 3.910)",
        "easting": 397890.3822977134,
        "northing": 808241.6142064042,
        "longitude": 174.74052393546128,
        "latitude": -36.80544673732603,
        "group": "R0 - Red (229 points)",
        "canvasX": -88.96000000000001,
        "canvasY": 183.49,
        "variant": "northing_easting_direct"
      }
    },
    {
      "type": "Feature",
      "geometry": {
        "type": "Point",
        "coordinates": [
          -32.39590940636117,
          16.452636250527576,
          0.18357612135999998
        ]
      },
      "properties": {
        "id": "0_17",
        "camera": "R0 - Red (Point)",
        "frame": "0168",
        "image": "pano_camera0/frame_0168_hp_preview.jpg",
        "frameId": "0168",
        "height": 3.523406,
        "coords2D": "2D: (397890.517, 808242.612)",
        "coords3D_original": "3D_Original: (-793548.981, 426441.300, 0.000)",
        "coords3D": "3D: (-32.396, 16.453, 0.184)",
        "coordsMtEden": "MtEden: (397890.517, 808242.612, 3.523)",
        "easting": 397890.5165905936,
        "northing": 808242.6116362505,
        "longitude": 174.74052544326037,
        "latitude": -36.805437748767304,
        "group": "R0 - Red (229 points)",
        "canvasX": -86.76,
        "canvasY": 167.15,
        "variant": "northing_easting_direct"
      }
    },
    {
      "type": "Feature",
      "geometry": {
        "type": "Point",
        "coordinates": [
          -32.16333855479024,
          16.752353542251512,
          0.21264108291999997
        ]
      },
      "properties": {
        "id": "0_18",
        "camera": "R0 - Red (Point)",
        "frame": "0169",
        "image": "pano_camera0/frame_0169_hp_preview.jpg",
        "frameId": "0169",
        "height": 3.407216,
        "coords2D": "2D: (397890.749, 808242.911)",
        "coords3D_original": "3D_Original: (-793548.981, 426441.300, 0.000)",
        "coords3D": "3D: (-32.163, 16.752, 0.213)",
        "coordsMtEden": "MtEden: (397890.749, 808242.911, 3.407)",
        "easting": 397890.7491614452,
        "northing": 808242.9113535422,
        "longitude": 174.74052805053873,
        "latitude": -36.80543504822709,
        "group": "R0 - Red (229 points)",
        "canvasX": -82.95,
        "canvasY": 162.24,
        "variant": "northing_easting_direct"
      }
    },
    {
      "type": "Feature",
      "geometry": {
        "type": "Point",
        "coordinates": [
          -30.782563577697147,
          18.124582608696073,
          0.129019033
        ]
      },
      "properties": {
        "id": "0_19",
        "camera": "R0 - Red (Point)",
        "frame": "0170",
        "image": "pano_camera0/frame_0170_hp_preview.jpg",
        "frameId": "0170",
        "height": 2.875208,
        "coords2D": "2D: (397892.130, 808244.284)",
        "coords3D_original": "3D_Original: (-793548.981, 426441.300, 0.000)",
        "coords3D": "3D: (-30.783, 18.125, 0.129)",
        "coordsMtEden": "MtEden: (397892.130, 808244.284, 2.875)",
        "easting": 397892.1299364223,
        "northing": 808244.2835826087,
        "longitude": 174.7405435288398,
        "latitude": -36.80542268474571,
        "group": "R0 - Red (229 points)",
        "canvasX": -60.33000000000001,
        "canvasY": 139.76,
        "variant": "northing_easting_direct"
      }
    },
    {
      "type": "Feature",
      "geometry": {
        "type": "Point",
        "coordinates": [
          -30.595163967635017,
          18.304046730394475,
          0.1696358322
        ]
      },
      "properties": {
        "id": "0_20",
        "camera": "R0 - Red (Point)",
        "frame": "0171",
        "image": "pano_camera0/frame_0171_hp_preview.jpg",
        "frameId": "0171",
        "height": 2.805617,
        "coords2D": "2D: (397892.317, 808244.463)",
        "coords3D_original": "3D_Original: (-793548.981, 426441.300, 0.000)",
        "coords3D": "3D: (-30.595, 18.304, 0.170)",
        "coordsMtEden": "MtEden: (397892.317, 808244.463, 2.806)",
        "easting": 397892.31733603234,
        "northing": 808244.4630467304,
        "longitude": 174.74054562954498,
        "latitude": -36.80542106782856,
        "group": "R0 - Red (229 points)",
        "canvasX": -57.26000000000002,
        "canvasY": 136.82,
        "variant": "northing_easting_direct"
      }
    },
    {
      "type": "Feature",
      "geometry": {
        "type": "Point",
        "coordinates": [
          -29.71981855778722,
          19.143987653660588,
          0.09686352016000001
        ]
      },
      "properties": {
        "id": "0_21",
        "camera": "R0 - Red (Point)",
        "frame": "0172",
        "image": "pano_camera0/frame_0172_hp_preview.jpg",
        "frameId": "0172",
        "height": 2.480109,
        "coords2D": "2D: (397893.193, 808245.303)",
        "coords3D_original": "3D_Original: (-793548.981, 426441.300, 0.000)",
        "coords3D": "3D: (-29.720, 19.144, 0.097)",
        "coordsMtEden": "MtEden: (397893.193, 808245.303, 2.480)",
        "easting": 397893.1926814422,
        "northing": 808245.3029876536,
        "longitude": 174.7405554419629,
        "latitude": -36.80541350021196,
        "group": "R0 - Red (229 points)",
        "canvasX": -42.920000000000016,
        "canvasY": 123.06,
        "variant": "northing_easting_direct"
      }
    },
    {
      "type": "Feature",
      "geometry": {
        "type": "Point",
        "coordinates": [
          -29.5202105040662,
          20.12493610114325,
          0.110400266
        ]
      },
      "properties": {
        "id": "0_22",
        "camera": "R0 - Red (Point)",
        "frame": "0173",
        "image": "pano_camera0/frame_0173_hp_preview.jpg",
        "frameId": "0173",
        "height": 2.099843,
        "coords2D": "2D: (397893.392, 808246.284)",
        "coords3D_original": "3D_Original: (-793548.981, 426441.300, 0.000)",
        "coords3D": "3D: (-29.520, 20.125, 0.110)",
        "coordsMtEden": "MtEden: (397893.392, 808246.284, 2.100)",
        "easting": 397893.3922894959,
        "northing": 808246.2839361011,
        "longitude": 174.74055768170632,
        "latitude": -36.80540466032879,
        "group": "R0 - Red (229 points)",
        "canvasX": -39.650000000000006,
        "canvasY": 106.99000000000001,
        "variant": "northing_easting_direct"
      }
    },
    {
      "type": "Feature",
      "geometry": {
        "type": "Point",
        "coordinates": [
          -30.047004847670905,
          20.99051475606393,
          0.130003285
        ]
      },
      "properties": {
        "id": "0_23",
        "camera": "R0 - Red (Point)",
        "frame": "0174",
        "image": "pano_camera0/frame_0174_hp_preview.jpg",
        "frameId": "0174",
        "height": 1.764058,
        "coords2D": "2D: (397892.865, 808247.150)",
        "coords3D_original": "3D_Original: (-793548.981, 426441.300, 0.000)",
        "coords3D": "3D: (-30.047, 20.991, 0.130)",
        "coordsMtEden": "MtEden: (397892.865, 808247.150, 1.764)",
        "easting": 397892.8654951523,
        "northing": 808247.149514756,
        "longitude": 174.74055178025978,
        "latitude": -36.80539685854428,
        "group": "R0 - Red (229 points)",
        "canvasX": -48.28,
        "canvasY": 92.81,
        "variant": "northing_easting_direct"
      }
    },
    {
      "type": "Feature",
      "geometry": {
        "type": "Point",
        "coordinates": [
          -30.070200890593696,
          21.0051648884546,
          0.13991798347999998
        ]
      },
      "properties": {
        "id": "0_24",
        "camera": "R0 - Red (Point)",
        "frame": "0175",
        "image": "pano_camera0/frame_0175_hp_preview.jpg",
        "frameId": "0175",
        "height": 1.758548,
        "coords2D": "2D: (397892.842, 808247.164)",
        "coords3D_original": "3D_Original: (-793548.981, 426441.300, 0.000)",
        "coords3D": "3D: (-30.070, 21.005, 0.140)",
        "coordsMtEden": "MtEden: (397892.842, 808247.164, 1.759)",
        "easting": 397892.8422991094,
        "northing": 808247.1641648884,
        "longitude": 174.74055152033978,
        "latitude": -36.80539672646538,
        "group": "R0 - Red (229 points)",
        "canvasX": -48.66,
        "canvasY": 92.57000000000001,
        "variant": "northing_easting_direct"
      }
    },
    {
      "type": "Feature",
      "geometry": {
        "type": "Point",
        "coordinates": [
          -31.183000529534183,
          21.248112917179242,
          0.13483268148
        ]
      },
      "properties": {
        "id": "0_25",
        "camera": "R0 - Red (Point)",
        "frame": "0176",
        "image": "pano_camera0/frame_0176_hp_preview.jpg",
        "frameId": "0176",
        "height": 1.664286,
        "coords2D": "2D: (397891.729, 808247.407)",
        "coords3D_original": "3D_Original: (-793548.981, 426441.300, 0.000)",
        "coords3D": "3D: (-31.183, 21.248, 0.135)",
        "coordsMtEden": "MtEden: (397891.729, 808247.407, 1.664)",
        "easting": 397891.72949947044,
        "northing": 808247.4071129172,
        "longitude": 174.7405390497464,
        "latitude": -36.80539453453586,
        "group": "R0 - Red (229 points)",
        "canvasX": -66.89,
        "canvasY": 88.59,
        "variant": "northing_easting_direct"
      }
    },
    {
      "type": "Feature",
      "geometry": {
        "type": "Point",
        "coordinates": [
          -31.812345799757168,
          21.12297636969015,
          0.17771654112
        ]
      },
      "properties": {
        "id": "0_26",
        "camera": "R0 - Red (Point)",
        "frame": "0177",
        "image": "pano_camera0/frame_0177_hp_preview.jpg",
        "frameId": "0177",
        "height": 1.712791,
        "coords2D": "2D: (397891.100, 808247.282)",
        "coords3D_original": "3D_Original: (-793548.981, 426441.300, 0.000)",
        "coords3D": "3D: (-31.812, 21.123, 0.178)",
        "coordsMtEden": "MtEden: (397891.100, 808247.282, 1.713)",
        "easting": 397891.1001542002,
        "northing": 808247.2819763697,
        "longitude": 174.74053199625942,
        "latitude": -36.80539566086752,
        "group": "R0 - Red (229 points)",
        "canvasX": -77.2,
        "canvasY": 90.64,
        "variant": "northing_easting_direct"
      }
    },
    {
      "type": "Feature",
      "geometry": {
        "type": "Point",
        "coordinates": [
          -33.003279478056356,
          21.077194706071168,
          0.19374672536
        ]
      },
      "properties": {
        "id": "0_27",
        "camera": "R0 - Red (Point)",
        "frame": "0178",
        "image": "pano_camera0/frame_0178_hp_preview.jpg",
        "frameId": "0178",
        "height": 1.730529,
        "coords2D": "2D: (397889.909, 808247.236)",
        "coords3D_original": "3D_Original: (-793548.981, 426441.300, 0.000)",
        "coords3D": "3D: (-33.003, 21.077, 0.194)",
        "coordsMtEden": "MtEden: (397889.909, 808247.236, 1.731)",
        "easting": 397889.9092205219,
        "northing": 808247.236194706,
        "longitude": 174.74051864921006,
        "latitude": -36.805396070799674,
        "group": "R0 - Red (229 points)",
        "canvasX": -96.71000000000001,
        "canvasY": 91.39,
        "variant": "northing_easting_direct"
      }
    },
    {
      "type": "Feature",
      "geometry": {
        "type": "Point",
        "coordinates": [
          -33.83223280205857,
          21.718137997784652,
          0.20938648964
        ]
      },
      "properties": {
        "id": "0_28",
        "camera": "R0 - Red (Point)",
        "frame": "0179",
        "image": "pano_camera0/frame_0179_hp_preview.jpg",
        "frameId": "0179",
        "height": 1.48215,
        "coords2D": "2D: (397889.080, 808247.877)",
        "coords3D_original": "3D_Original: (-793548.981, 426441.300, 0.000)",
        "coords3D": "3D: (-33.832, 21.718, 0.209)",
        "coordsMtEden": "MtEden: (397889.080, 808247.877, 1.482)",
        "easting": 397889.0802671979,
        "northing": 808247.8771379978,
        "longitude": 174.74050936081736,
        "latitude": -36.80539029275815,
        "group": "R0 - Red (229 points)",
        "canvasX": -110.29,
        "canvasY": 80.89,
        "variant": "northing_easting_direct"
      }
    },
    {
      "type": "Feature",
      "geometry": {
        "type": "Point",
        "coordinates": [
          -33.9408879505354,
          22.217463343171403,
          0.201689639
        ]
      },
      "properties": {
        "id": "0_29",
        "camera": "R0 - Red (Point)",
        "frame": "0180",
        "image": "pano_camera0/frame_0180_hp_preview.jpg",
        "frameId": "0180",
        "height": 1.288525,
        "coords2D": "2D: (397888.972, 808248.376)",
        "coords3D_original": "3D_Original: (-793548.981, 426441.300, 0.000)",
        "coords3D": "3D: (-33.941, 22.217, 0.202)",
        "coordsMtEden": "MtEden: (397888.972, 808248.376, 1.289)",
        "easting": 397888.97161204944,
        "northing": 808248.3764633432,
        "longitude": 174.74050814449177,
        "latitude": -36.80538579258578,
        "group": "R0 - Red (229 points)",
        "canvasX": -112.07000000000001,
        "canvasY": 72.71000000000001,
        "variant": "northing_easting_direct"
      }
    },
    {
      "type": "Feature",
      "geometry": {
        "type": "Point",
        "coordinates": [
          -33.60088279482443,
          22.83032721444033,
          0.13969160551999998
        ]
      },
      "properties": {
        "id": "0_30",
        "camera": "R0 - Red (Point)",
        "frame": "0181",
        "image": "pano_camera0/frame_0181_hp_preview.jpg",
        "frameId": "0181",
        "height": 1.050865,
        "coords2D": "2D: (397889.312, 808248.989)",
        "coords3D_original": "3D_Original: (-793548.981, 426441.300, 0.000)",
        "coords3D": "3D: (-33.601, 22.830, 0.140)",
        "coordsMtEden": "MtEden: (397889.312, 808248.989, 1.051)",
        "easting": 397889.31161720515,
        "northing": 808248.9893272144,
        "longitude": 174.74051195666468,
        "latitude": -36.80538027020209,
        "group": "R0 - Red (229 points)",
        "canvasX": -106.5,
        "canvasY": 62.67,
        "variant": "northing_easting_direct"
      }
    },
    {
      "type": "Feature",
      "geometry": {
        "type": "Point",
        "coordinates": [
          -33.09728449420072,
          23.24663514306303,
          0.11788058119999999
        ]
      },
      "properties": {
        "id": "0_31",
        "camera": "R0 - Red (Point)",
        "frame": "0182",
        "image": "pano_camera0/frame_0182_hp_preview.jpg",
        "frameId": "0182",
        "height": 0.889523,
        "coords2D": "2D: (397889.815, 808249.406)",
        "coords3D_original": "3D_Original: (-793548.981, 426441.300, 0.000)",
        "coords3D": "3D: (-33.097, 23.247, 0.118)",
        "coordsMtEden": "MtEden: (397889.815, 808249.406, 0.890)",
        "easting": 397889.8152155058,
        "northing": 808249.405635143,
        "longitude": 174.74051760169786,
        "latitude": -36.805376519548986,
        "group": "R0 - Red (229 points)",
        "canvasX": -98.25,
        "canvasY": 55.85000000000001,
        "variant": "northing_easting_direct"
      }
    },
    {
      "type": "Feature",
      "geometry": {
        "type": "Point",
        "coordinates": [
          -32.51799384289188,
          24.070094667375088,
          0.13163714331999998
        ]
      },
      "properties": {
        "id": "0_32",
        "camera": "R0 - Red (Point)",
        "frame": "0183",
        "image": "pano_camera0/frame_0183_hp_preview.jpg",
        "frameId": "0183",
        "height": 0.570323,
        "coords2D": "2D: (397890.395, 808250.229)",
        "coords3D_original": "3D_Original: (-793548.981, 426441.300, 0.000)",
        "coords3D": "3D: (-32.518, 24.070, 0.132)",
        "coordsMtEden": "MtEden: (397890.395, 808250.229, 0.570)",
        "easting": 397890.3945061571,
        "northing": 808250.2290946674,
        "longitude": 174.7405240961506,
        "latitude": -36.80536909980581,
        "group": "R0 - Red (229 points)",
        "canvasX": -88.76,
        "canvasY": 42.36,
        "variant": "northing_easting_direct"
      }
    },
    {
      "type": "Feature",
      "geometry": {
        "type": "Point",
        "coordinates": [
          -32.9086640397436,
          24.452829375863075,
          0.09751968816
        ]
      },
      "properties": {
        "id": "0_33",
        "camera": "R0 - Red (Point)",
        "frame": "0184",
        "image": "pano_camera0/frame_0184_hp_preview.jpg",
        "frameId": "0184",
        "height": 0.421756,
        "coords2D": "2D: (397890.004, 808250.612)",
        "coords3D_original": "3D_Original: (-793548.981, 426441.300, 0.000)",
        "coords3D": "3D: (-32.909, 24.453, 0.098)",
        "coordsMtEden": "MtEden: (397890.004, 808250.612, 0.422)",
        "easting": 397890.00383596023,
        "northing": 808250.6118293758,
        "longitude": 174.7405197189296,
        "latitude": -36.805365649722404,
        "group": "R0 - Red (229 points)",
        "canvasX": -95.16000000000001,
        "canvasY": 36.09,
        "variant": "northing_easting_direct"
      }
    },
    {
      "type": "Feature",
      "geometry": {
        "type": "Point",
        "coordinates": [
          -33.305438458453864,
          24.3270824062638,
          0.10983268068
        ]
      },
      "properties": {
        "id": "0_34",
        "camera": "R0 - Red (Point)",
        "frame": "0185",
        "image": "pano_camera0/frame_0185_hp_preview.jpg",
        "frameId": "0185",
        "height": 0.470576,
        "coords2D": "2D: (397889.607, 808250.486)",
        "coords3D_original": "3D_Original: (-793548.981, 426441.300, 0.000)",
        "coords3D": "3D: (-33.305, 24.327, 0.110)",
        "coordsMtEden": "MtEden: (397889.607, 808250.486, 0.471)",
        "easting": 397889.6070615415,
        "northing": 808250.4860824062,
        "longitude": 174.740515271889,
        "latitude": -36.805366782072426,
        "group": "R0 - Red (229 points)",
        "canvasX": -101.66000000000001,
        "canvasY": 38.150000000000006,
        "variant": "northing_easting_direct"
      }
    },
    {
      "type": "Feature",
      "geometry": {
        "type": "Point",
        "coordinates": [
          -33.80354295944562,
          23.95594571926631,
          0.10756890107999999
        ]
      },
      "properties": {
        "id": "0_35",
        "camera": "R0 - Red (Point)",
        "frame": "0186",
        "image": "pano_camera0/frame_0186_hp_preview.jpg",
        "frameId": "0186",
        "height": 0.614533,
        "coords2D": "2D: (397889.109, 808250.115)",
        "coords3D_original": "3D_Original: (-793548.981, 426441.300, 0.000)",
        "coords3D": "3D: (-33.804, 23.956, 0.108)",
        "coordsMtEden": "MtEden: (397889.109, 808250.115, 0.615)",
        "easting": 397889.10895704053,
        "northing": 808250.1149457193,
        "longitude": 174.7405096885512,
        "latitude": -36.80537012565352,
        "group": "R0 - Red (229 points)",
        "canvasX": -109.82000000000001,
        "canvasY": 44.230000000000004,
        "variant": "northing_easting_direct"
      }
    },
    {
      "type": "Feature",
      "geometry": {
        "type": "Point",
        "coordinates": [
          -34.31568717065966,
          23.60617380857002,
          0.12371719555999999
        ]
      },
      "properties": {
        "id": "0_36",
        "camera": "R0 - Red (Point)",
        "frame": "0187",
        "image": "pano_camera0/frame_0187_hp_preview.jpg",
        "frameId": "0187",
        "height": 0.750079,
        "coords2D": "2D: (397888.597, 808249.765)",
        "coords3D_original": "3D_Original: (-793548.981, 426441.300, 0.000)",
        "coords3D": "3D: (-34.316, 23.606, 0.124)",
        "coordsMtEden": "MtEden: (397888.597, 808249.765, 0.750)",
        "easting": 397888.5968128293,
        "northing": 808249.7651738086,
        "longitude": 174.7405039479277,
        "latitude": -36.80537327666325,
        "group": "R0 - Red (229 points)",
        "canvasX": -118.21000000000001,
        "canvasY": 49.96,
        "variant": "northing_easting_direct"
      }
    },
    {
      "type": "Feature",
      "geometry": {
        "type": "Point",
        "coordinates": [
          -35.08848165383097,
          23.336367203854024,
          0.14988189456
        ]
      },
      "properties": {
        "id": "0_37",
        "camera": "R0 - Red (Point)",
        "frame": "0188",
        "image": "pano_camera0/frame_0188_hp_preview.jpg",
        "frameId": "0188",
        "height": 0.854685,
        "coords2D": "2D: (397887.824, 808249.495)",
        "coords3D_original": "3D_Original: (-793548.981, 426441.300, 0.000)",
        "coords3D": "3D: (-35.088, 23.336, 0.150)",
        "coordsMtEden": "MtEden: (397887.824, 808249.495, 0.855)",
        "easting": 397887.82401834615,
        "northing": 808249.4953672038,
        "longitude": 174.74049528639048,
        "latitude": -36.80537570644236,
        "group": "R0 - Red (229 points)",
        "canvasX": -130.87,
        "canvasY": 54.379999999999995,
        "variant": "northing_easting_direct"
      }
    },
    {
      "type": "Feature",
      "geometry": {
        "type": "Point",
        "coordinates": [
          -35.870432469761,
          23.56344425585121,
          0.16527559583999998
        ]
      },
      "properties": {
        "id": "0_38",
        "camera": "R0 - Red (Point)",
        "frame": "0189",
        "image": "pano_camera0/frame_0189_hp_preview.jpg",
        "frameId": "0189",
        "height": 0.76664,
        "coords2D": "2D: (397887.042, 808249.722)",
        "coords3D_original": "3D_Original: (-793548.981, 426441.300, 0.000)",
        "coords3D": "3D: (-35.870, 23.563, 0.165)",
        "coordsMtEden": "MtEden: (397887.042, 808249.722, 0.767)",
        "easting": 397887.0420675302,
        "northing": 808249.7224442558,
        "longitude": 174.74048652361554,
        "latitude": -36.80537365827483,
        "group": "R0 - Red (229 points)",
        "canvasX": -143.68,
        "canvasY": 50.660000000000004,
        "variant": "northing_easting_direct"
      }
    },
    {
      "type": "Feature",
      "geometry": {
        "type": "Point",
        "coordinates": [
          -35.949787353514694,
          23.612888452596962,
          0.18465223688
        ]
      },
      "properties": {
        "id": "0_39",
        "camera": "R0 - Red (Point)",
        "frame": "0190",
        "image": "pano_camera0/frame_0190_hp_preview.jpg",
        "frameId": "0190",
        "height": 0.747513,
        "coords2D": "2D: (397886.963, 808249.772)",
        "coords3D_original": "3D_Original: (-793548.981, 426441.300, 0.000)",
        "coords3D": "3D: (-35.950, 23.613, 0.185)",
        "coordsMtEden": "MtEden: (397886.963, 808249.772, 0.748)",
        "easting": 397886.96271264646,
        "northing": 808249.7718884526,
        "longitude": 174.74048563441423,
        "latitude": -36.80537321250564,
        "group": "R0 - Red (229 points)",
        "canvasX": -144.98000000000002,
        "canvasY": 49.85,
        "variant": "northing_easting_direct"
      }
    },
    {
      "type": "Feature",
      "geometry": {
        "type": "Point",
        "coordinates": [
          -36.38074541446986,
          24.166541372193024,
          0.1932086676
        ]
      },
      "properties": {
        "id": "0_40",
        "camera": "R0 - Red (Point)",
        "frame": "0191",
        "image": "pano_camera0/frame_0191_hp_preview.jpg",
        "frameId": "0191",
        "height": 0.532855,
        "coords2D": "2D: (397886.532, 808250.326)",
        "coords3D_original": "3D_Original: (-793548.981, 426441.300, 0.000)",
        "coords3D": "3D: (-36.381, 24.167, 0.193)",
        "coordsMtEden": "MtEden: (397886.532, 808250.326, 0.533)",
        "easting": 397886.5317545855,
        "northing": 808250.3255413722,
        "longitude": 174.74048080615879,
        "latitude": -36.80536822201252,
        "group": "R0 - Red (229 points)",
        "canvasX": -152.04000000000002,
        "canvasY": 40.78,
        "variant": "northing_easting_direct"
      }
    },
    {
      "type": "Feature",
      "geometry": {
        "type": "Point",
        "coordinates": [
          -36.385628791933414,
          25.09499351202976,
          0.193733602
        ]
      },
      "properties": {
        "id": "0_41",
        "camera": "R0 - Red (Point)",
        "frame": "0192",
        "image": "pano_camera0/frame_0192_hp_preview.jpg",
        "frameId": "0192",
        "height": 0.172904,
        "coords2D": "2D: (397886.527, 808251.254)",
        "coords3D_original": "3D_Original: (-793548.981, 426441.300, 0.000)",
        "coords3D": "3D: (-36.386, 25.095, 0.194)",
        "coordsMtEden": "MtEden: (397886.527, 808251.254, 0.173)",
        "easting": 397886.52687120804,
        "northing": 808251.253993512,
        "longitude": 174.74048075400728,
        "latitude": -36.80535985477207,
        "group": "R0 - Red (229 points)",
        "canvasX": -152.12,
        "canvasY": 25.57,
        "variant": "northing_easting_direct"
      }
    },
    {
      "type": "Feature",
      "geometry": {
        "type": "Point",
        "coordinates": [
          -36.04623405839084,
          25.742651447770186,
          0.15646982128
        ]
      },
      "properties": {
        "id": "0_42",
        "camera": "R0 - Red (Point)",
        "frame": "0193",
        "image": "pano_camera0/frame_0193_hp_preview.jpg",
        "frameId": "0193",
        "height": -0.078137,
        "coords2D": "2D: (397886.866, 808251.902)",
        "coords3D_original": "3D_Original: (-793548.981, 426441.300, 0.000)",
        "coords3D": "3D: (-36.046, 25.743, 0.156)",
        "coordsMtEden": "MtEden: (397886.866, 808251.902, -0.078)",
        "easting": 397886.8662659416,
        "northing": 808251.9016514478,
        "longitude": 174.74048455943637,
        "latitude": -36.80535401882306,
        "group": "R0 - Red (229 points)",
        "canvasX": -146.56,
        "canvasY": 14.959999999999999,
        "variant": "northing_easting_direct"
      }
    },
    {
      "type": "Feature",
      "geometry": {
        "type": "Point",
        "coordinates": [
          -35.4785414285725,
          26.472105955937877,
          0.10517716872
        ]
      },
      "properties": {
        "id": "0_43",
        "camera": "R0 - Red (Point)",
        "frame": "0194",
        "image": "pano_camera0/frame_0194_hp_preview.jpg",
        "frameId": "0194",
        "height": -0.360998,
        "coords2D": "2D: (397887.434, 808252.631)",
        "coords3D_original": "3D_Original: (-793548.981, 426441.300, 0.000)",
        "coords3D": "3D: (-35.479, 26.472, 0.105)",
        "coordsMtEden": "MtEden: (397887.434, 808252.631, -0.361)",
        "easting": 397887.4339585714,
        "northing": 808252.6311059559,
        "longitude": 174.74049092364942,
        "latitude": -36.80534744623089,
        "group": "R0 - Red (229 points)",
        "canvasX": -137.26,
        "canvasY": 3.01,
        "variant": "northing_easting_direct"
      }
    },
    {
      "type": "Feature",
      "geometry": {
        "type": "Point",
        "coordinates": [
          -35.12144445173908,
          27.021485920296982,
          0.10904199824000001
        ]
      },
      "properties": {
        "id": "0_44",
        "camera": "R0 - Red (Point)",
        "frame": "0195",
        "image": "pano_camera0/frame_0195_hp_preview.jpg",
        "frameId": "0195",
        "height": -0.573882,
        "coords2D": "2D: (397887.791, 808253.180)",
        "coords3D_original": "3D_Original: (-793548.981, 426441.300, 0.000)",
        "coords3D": "3D: (-35.121, 27.021, 0.109)",
        "coordsMtEden": "MtEden: (397887.791, 808253.180, -0.574)",
        "easting": 397887.79105554824,
        "northing": 808253.1804859203,
        "longitude": 174.74049492719527,
        "latitude": -36.805342496004094,
        "group": "R0 - Red (229 points)",
        "canvasX": -131.41,
        "canvasY": -5.989999999999999,
        "variant": "northing_easting_direct"
      }
    },
    {
      "type": "Feature",
      "geometry": {
        "type": "Point",
        "coordinates": [
          -35.19408469146583,
          27.548280263901688,
          0.06513779736
        ]
      },
      "properties": {
        "id": "0_45",
        "camera": "R0 - Red (Point)",
        "frame": "0196",
        "image": "pano_camera0/frame_0196_hp_preview.jpg",
        "frameId": "0196",
        "height": -0.778141,
        "coords2D": "2D: (397887.718, 808253.707)",
        "coords3D_original": "3D_Original: (-793548.981, 426441.300, 0.000)",
        "coords3D": "3D: (-35.194, 27.548, 0.065)",
        "coordsMtEden": "MtEden: (397887.718, 808253.707, -0.778)",
        "easting": 397887.7184153085,
        "northing": 808253.7072802639,
        "longitude": 174.74049411457017,
        "latitude": -36.80533774836073,
        "group": "R0 - Red (229 points)",
        "canvasX": -132.60000000000002,
        "canvasY": -14.62,
        "variant": "northing_easting_direct"
      }
    },
    {
      "type": "Feature",
      "geometry": {
        "type": "Point",
        "coordinates": [
          -35.708060169185046,
          28.507863934966736,
          0.072588585
        ]
      },
      "properties": {
        "id": "0_46",
        "camera": "R0 - Red (Point)",
        "frame": "0197",
        "image": "pano_camera0/frame_0197_hp_preview.jpg",
        "frameId": "0197",
        "height": -1.150226,
        "coords2D": "2D: (397887.204, 808254.667)",
        "coords3D_original": "3D_Original: (-793548.981, 426441.300, 0.000)",
        "coords3D": "3D: (-35.708, 28.508, 0.073)",
        "coordsMtEden": "MtEden: (397887.204, 808254.667, -1.150)",
        "easting": 397887.2044398308,
        "northing": 808254.666863935,
        "longitude": 174.74048835705835,
        "latitude": -36.80532909942649,
        "group": "R0 - Red (229 points)",
        "canvasX": -141.02,
        "canvasY": -30.339999999999996,
        "variant": "northing_easting_direct"
      }
    },
    {
      "type": "Feature",
      "geometry": {
        "type": "Point",
        "coordinates": [
          -36.68107312830398,
          29.747631387901492,
          0.13337926936
        ]
      },
      "properties": {
        "id": "0_47",
        "camera": "R0 - Red (Point)",
        "frame": "0198",
        "image": "pano_camera0/frame_0198_hp_preview.jpg",
        "frameId": "0198",
        "height": -1.630985,
        "coords2D": "2D: (397886.231, 808255.907)",
        "coords3D_original": "3D_Original: (-793548.981, 426441.300, 0.000)",
        "coords3D": "3D: (-36.681, 29.748, 0.133)",
        "coordsMtEden": "MtEden: (397886.231, 808255.907, -1.631)",
        "easting": 397886.2314268717,
        "northing": 808255.9066313879,
        "longitude": 174.74047745584792,
        "latitude": -36.805317924445404,
        "group": "R0 - Red (229 points)",
        "canvasX": -156.96,
        "canvasY": -50.65,
        "variant": "northing_easting_direct"
      }
    },
    {
      "type": "Feature",
      "geometry": {
        "type": "Point",
        "coordinates": [
          -36.965529865410645,
          30.110832586535253,
          0.15402887631999998
        ]
      },
      "properties": {
        "id": "0_48",
        "camera": "R0 - Red (Point)",
        "frame": "0199",
        "image": "pano_camera0/frame_0199_hp_preview.jpg",
        "frameId": "0199",
        "height": -1.771715,
        "coords2D": "2D: (397885.947, 808256.270)",
        "coords3D_original": "3D_Original: (-793548.981, 426441.300, 0.000)",
        "coords3D": "3D: (-36.966, 30.111, 0.154)",
        "coordsMtEden": "MtEden: (397885.947, 808256.270, -1.772)",
        "easting": 397885.94697013457,
        "northing": 808256.2698325865,
        "longitude": 174.74047426892213,
        "latitude": -36.805314650633775,
        "group": "R0 - Red (229 points)",
        "canvasX": -161.62,
        "canvasY": -56.599999999999994,
        "variant": "northing_easting_direct"
      }
    },
    {
      "type": "Feature",
      "geometry": {
        "type": "Point",
        "coordinates": [
          -38.57094020565273,
          31.575845824787393,
          0.27940289608
        ]
      },
      "properties": {
        "id": "0_49",
        "camera": "R0 - Red (Point)",
        "frame": "0200",
        "image": "pano_camera0/frame_0200_hp_preview.jpg",
        "frameId": "0200",
        "height": -2.339663,
        "coords2D": "2D: (397884.342, 808257.735)",
        "coords3D_original": "3D_Original: (-793548.981, 426441.300, 0.000)",
        "coords3D": "3D: (-38.571, 31.576, 0.279)",
        "coordsMtEden": "MtEden: (397884.342, 808257.735, -2.340)",
        "easting": 397884.3415597943,
        "northing": 808257.7348458248,
        "longitude": 174.74045628100433,
        "latitude": -36.805301444319035,
        "group": "R0 - Red (229 points)",
        "canvasX": -187.92000000000002,
        "canvasY": -80.6,
        "variant": "northing_easting_direct"
      }
    },
    {
      "type": "Feature",
      "geometry": {
        "type": "Point",
        "coordinates": [
          -38.54896500706673,
          31.81940427562222,
          0.42479660152000004
        ]
      },
      "properties": {
        "id": "0_50",
        "camera": "R0 - Red (Point)",
        "frame": "0201",
        "image": "pano_camera0/frame_0201_hp_preview.jpg",
        "frameId": "0201",
        "height": -2.434131,
        "coords2D": "2D: (397884.364, 808257.978)",
        "coords3D_original": "3D_Original: (-793548.981, 426441.300, 0.000)",
        "coords3D": "3D: (-38.549, 31.819, 0.425)",
        "coordsMtEden": "MtEden: (397884.364, 808257.978, -2.434)",
        "easting": 397884.3635349929,
        "northing": 808257.9784042756,
        "longitude": 174.7404565279592,
        "latitude": -36.805299249414425,
        "group": "R0 - Red (229 points)",
        "canvasX": -187.56,
        "canvasY": -84.59,
        "variant": "northing_easting_direct"
      }
    },
    {
      "type": "Feature",
      "geometry": {
        "type": "Point",
        "coordinates": [
          -38.6417491788161,
          28.629337949329056,
          0.20329396976
        ]
      },
      "properties": {
        "id": "0_51",
        "camera": "R0 - Red (Point)",
        "frame": "0226",
        "image": "pano_camera0/frame_0226_hp_preview.jpg",
        "frameId": "0226",
        "height": -1.1973,
        "coords2D": "2D: (397884.271, 808254.788)",
        "coords3D_original": "3D_Original: (-793548.981, 426441.300, 0.000)",
        "coords3D": "3D: (-38.642, 28.629, 0.203)",
        "coordsMtEden": "MtEden: (397884.271, 808254.788, -1.197)",
        "easting": 397884.27075082116,
        "northing": 808254.7883379493,
        "longitude": 174.74045547925442,
        "latitude": -36.80532799814986,
        "group": "R0 - Red (229 points)",
        "canvasX": -189.08,
        "canvasY": -32.33,
        "variant": "northing_easting_direct"
      }
    },
    {
      "type": "Feature",
      "geometry": {
        "type": "Point",
        "coordinates": [
          -40.204429966339376,
          25.347097873454913,
          0.268782817
        ]
      },
      "properties": {
        "id": "0_52",
        "camera": "R0 - Red (Point)",
        "frame": "0240",
        "image": "pano_camera0/frame_0240_hp_preview.jpg",
        "frameId": "0240",
        "height": 0.075151,
        "coords2D": "2D: (397882.708, 808251.506)",
        "coords3D_original": "3D_Original: (-793548.981, 426441.300, 0.000)",
        "coords3D": "3D: (-40.204, 25.347, 0.269)",
        "coordsMtEden": "MtEden: (397882.708, 808251.506, 0.075)",
        "easting": 397882.70807003364,
        "northing": 808251.5060978734,
        "longitude": 174.7404379570106,
        "latitude": -36.805357574271305,
        "group": "R0 - Red (229 points)",
        "canvasX": -214.68,
        "canvasY": 21.440000000000005,
        "variant": "northing_easting_direct"
      }
    },
    {
      "type": "Feature",
      "geometry": {
        "type": "Point",
        "coordinates": [
          -40.16719421319431,
          25.177400506683625,
          0.24467520468
        ]
      },
      "properties": {
        "id": "0_53",
        "camera": "R0 - Red (Point)",
        "frame": "0241",
        "image": "pano_camera0/frame_0241_hp_preview.jpg",
        "frameId": "0241",
        "height": 0.14097,
        "coords2D": "2D: (397882.745, 808251.336)",
        "coords3D_original": "3D_Original: (-793548.981, 426441.300, 0.000)",
        "coords3D": "3D: (-40.167, 25.177, 0.245)",
        "coordsMtEden": "MtEden: (397882.745, 808251.336, 0.141)",
        "easting": 397882.7453057868,
        "northing": 808251.3364005067,
        "longitude": 174.74043837384366,
        "latitude": -36.805359103670675,
        "group": "R0 - Red (229 points)",
        "canvasX": -214.07,
        "canvasY": 24.22,
        "variant": "northing_easting_direct"
      }
    },
    {
      "type": "Feature",
      "geometry": {
        "type": "Point",
        "coordinates": [
          -40.43394870701013,
          24.46198570856359,
          0.23767061128000003
        ]
      },
      "properties": {
        "id": "0_54",
        "camera": "R0 - Red (Point)",
        "frame": "0242",
        "image": "pano_camera0/frame_0242_hp_preview.jpg",
        "frameId": "0242",
        "height": 0.418321,
        "coords2D": "2D: (397882.479, 808250.621)",
        "coords3D_original": "3D_Original: (-793548.981, 426441.300, 0.000)",
        "coords3D": "3D: (-40.434, 24.462, 0.238)",
        "coordsMtEden": "MtEden: (397882.479, 808250.621, 0.418)",
        "easting": 397882.47855129297,
        "northing": 808250.6209857085,
        "longitude": 174.7404353823091,
        "latitude": -36.8053655504069,
        "group": "R0 - Red (229 points)",
        "canvasX": -218.44,
        "canvasY": 35.940000000000005,
        "variant": "northing_easting_direct"
      }
    },
    {
      "type": "Feature",
      "geometry": {
        "type": "Point",
        "coordinates": [
          -40.129348037880845,
          24.043236091383733,
          0.22590551904
        ]
      },
      "properties": {
        "id": "0_55",
        "camera": "R0 - Red (Point)",
        "frame": "0243",
        "image": "pano_camera0/frame_0243_hp_preview.jpg",
        "frameId": "0243",
        "height": 0.580653,
        "coords2D": "2D: (397882.783, 808250.202)",
        "coords3D_original": "3D_Original: (-793548.981, 426441.300, 0.000)",
        "coords3D": "3D: (-40.129, 24.043, 0.226)",
        "coordsMtEden": "MtEden: (397882.783, 808250.202, 0.581)",
        "easting": 397882.7831519621,
        "northing": 808250.2022360914,
        "longitude": 174.74043879483605,
        "latitude": -36.80536932486804,
        "group": "R0 - Red (229 points)",
        "canvasX": -213.45000000000002,
        "canvasY": 42.800000000000004,
        "variant": "northing_easting_direct"
      }
    },
    {
      "type": "Feature",
      "geometry": {
        "type": "Point",
        "coordinates": [
          -39.57935765135335,
          24.082303111092187,
          0.205708668
        ]
      },
      "properties": {
        "id": "0_56",
        "camera": "R0 - Red (Point)",
        "frame": "0244",
        "image": "pano_camera0/frame_0244_hp_preview.jpg",
        "frameId": "0244",
        "height": 0.565551,
        "coords2D": "2D: (397883.333, 808250.241)",
        "coords3D_original": "3D_Original: (-793548.981, 426441.300, 0.000)",
        "coords3D": "3D: (-39.579, 24.082, 0.206)",
        "coordsMtEden": "MtEden: (397883.333, 808250.241, 0.566)",
        "easting": 397883.3331423486,
        "northing": 808250.2413031111,
        "longitude": 174.74044495874426,
        "latitude": -36.80536897402484,
        "group": "R0 - Red (229 points)",
        "canvasX": -204.44,
        "canvasY": 42.160000000000004,
        "variant": "northing_easting_direct"
      }
    },
    {
      "type": "Feature",
      "geometry": {
        "type": "Point",
        "coordinates": [
          -39.312603157537524,
          24.03652144735679,
          0.18888780132
        ]
      },
      "properties": {
        "id": "0_57",
        "camera": "R0 - Red (Point)",
        "frame": "0245",
        "image": "pano_camera0/frame_0245_hp_preview.jpg",
        "frameId": "0245",
        "height": 0.583356,
        "coords2D": "2D: (397883.600, 808250.196)",
        "coords3D_original": "3D_Original: (-793548.981, 426441.300, 0.000)",
        "coords3D": "3D: (-39.313, 24.037, 0.189)",
        "coordsMtEden": "MtEden: (397883.600, 808250.196, 0.583)",
        "easting": 397883.59989684244,
        "northing": 808250.1955214473,
        "longitude": 174.74044794816243,
        "latitude": -36.805369387206376,
        "group": "R0 - Red (229 points)",
        "canvasX": -200.07,
        "canvasY": 42.910000000000004,
        "variant": "northing_easting_direct"
      }
    },
    {
      "type": "Feature",
      "geometry": {
        "type": "Point",
        "coordinates": [
          -38.612448914092965,
          23.87414914672263,
          0.09234580347999999
        ]
      },
      "properties": {
        "id": "0_58",
        "camera": "R0 - Red (Point)",
        "frame": "0246",
        "image": "pano_camera0/frame_0246_hp_preview.jpg",
        "frameId": "0246",
        "height": 0.646184,
        "coords2D": "2D: (397884.300, 808250.033)",
        "coords3D_original": "3D_Original: (-793548.981, 426441.300, 0.000)",
        "coords3D": "3D: (-38.612, 23.874, 0.092)",
        "coordsMtEden": "MtEden: (397884.300, 808250.033, 0.646)",
        "easting": 397884.3000510859,
        "northing": 808250.0331491467,
        "longitude": 174.7404557944129,
        "latitude": -36.80537085207348,
        "group": "R0 - Red (229 points)",
        "canvasX": -188.6,
        "canvasY": 45.57,
        "variant": "northing_easting_direct"
      }
    },
    {
      "type": "Feature",
      "geometry": {
        "type": "Point",
        "coordinates": [
          -38.28404177981429,
          24.06582171213813,
          0.10695538399999999
        ]
      },
      "properties": {
        "id": "0_59",
        "camera": "R0 - Red (Point)",
        "frame": "0247",
        "image": "pano_camera0/frame_0247_hp_preview.jpg",
        "frameId": "0247",
        "height": 0.57179,
        "coords2D": "2D: (397884.628, 808250.225)",
        "coords3D_original": "3D_Original: (-793548.981, 426441.300, 0.000)",
        "coords3D": "3D: (-38.284, 24.066, 0.107)",
        "coordsMtEden": "MtEden: (397884.628, 808250.225, 0.572)",
        "easting": 397884.62845822016,
        "northing": 808250.2248217121,
        "longitude": 174.74045947543846,
        "latitude": -36.80536912545013,
        "group": "R0 - Red (229 points)",
        "canvasX": -183.22,
        "canvasY": 42.43,
        "variant": "northing_easting_direct"
      }
    },
    {
      "type": "Feature",
      "geometry": {
        "type": "Point",
        "coordinates": [
          -37.469738588202745,
          23.879032524186186,
          0.09206365124
        ]
      },
      "properties": {
        "id": "0_60",
        "camera": "R0 - Red (Point)",
        "frame": "0248",
        "image": "pano_camera0/frame_0248_hp_preview.jpg",
        "frameId": "0248",
        "height": 0.644318,
        "coords2D": "2D: (397885.443, 808250.038)",
        "coords3D_original": "3D_Original: (-793548.981, 426441.300, 0.000)",
        "coords3D": "3D: (-37.470, 23.879, 0.092)",
        "coordsMtEden": "MtEden: (397885.443, 808250.038, 0.644)",
        "easting": 397885.4427614118,
        "northing": 808250.0380325242,
        "longitude": 174.74046860090047,
        "latitude": -36.805370810616864,
        "group": "R0 - Red (229 points)",
        "canvasX": -169.88,
        "canvasY": 45.49,
        "variant": "northing_easting_direct"
      }
    },
    {
      "type": "Feature",
      "geometry": {
        "type": "Point",
        "coordinates": [
          -37.378175260848366,
          23.827757060877047,
          0.08391076384
        ]
      },
      "properties": {
        "id": "0_61",
        "camera": "R0 - Red (Point)",
        "frame": "0249",
        "image": "pano_camera0/frame_0249_hp_preview.jpg",
        "frameId": "0249",
        "height": 0.664243,
        "coords2D": "2D: (397885.534, 808249.987)",
        "coords3D_original": "3D_Original: (-793548.981, 426441.300, 0.000)",
        "coords3D": "3D: (-37.378, 23.828, 0.084)",
        "coordsMtEden": "MtEden: (397885.534, 808249.987, 0.664)",
        "easting": 397885.5343247391,
        "northing": 808249.9867570609,
        "longitude": 174.74046962691787,
        "latitude": -36.80537127291684,
        "group": "R0 - Red (229 points)",
        "canvasX": -168.38,
        "canvasY": 46.330000000000005,
        "variant": "northing_easting_direct"
      }
    },
    {
      "type": "Feature",
      "geometry": {
        "type": "Point",
        "coordinates": [
          -35.76116689911578,
          22.62339409464039,
          0.07595472684
        ]
      },
      "properties": {
        "id": "0_62",
        "camera": "R0 - Red (Point)",
        "frame": "0250",
        "image": "pano_camera0/frame_0250_hp_preview.jpg",
        "frameId": "0250",
        "height": 1.131125,
        "coords2D": "2D: (397887.151, 808248.782)",
        "coords3D_original": "3D_Original: (-793548.981, 426441.300, 0.000)",
        "coords3D": "3D: (-35.761, 22.623, 0.076)",
        "coordsMtEden": "MtEden: (397887.151, 808248.782, 1.131)",
        "easting": 397887.15133310086,
        "northing": 808248.7823940946,
        "longitude": 174.7404877455578,
        "latitude": -36.80538213026976,
        "group": "R0 - Red (229 points)",
        "canvasX": -141.89000000000001,
        "canvasY": 66.06,
        "variant": "northing_easting_direct"
      }
    },
    {
      "type": "Feature",
      "geometry": {
        "type": "Point",
        "coordinates": [
          -35.734308323066216,
          22.598977207322605,
          0.07089567156
        ]
      },
      "properties": {
        "id": "0_63",
        "camera": "R0 - Red (Point)",
        "frame": "0251",
        "image": "pano_camera0/frame_0251_hp_preview.jpg",
        "frameId": "0251",
        "height": 1.140655,
        "coords2D": "2D: (397887.178, 808248.758)",
        "coords3D_original": "3D_Original: (-793548.981, 426441.300, 0.000)",
        "coords3D": "3D: (-35.734, 22.599, 0.071)",
        "coordsMtEden": "MtEden: (397887.178, 808248.758, 1.141)",
        "easting": 397887.1781916769,
        "northing": 808248.7579772073,
        "longitude": 174.74048804649695,
        "latitude": -36.80538235037517,
        "group": "R0 - Red (229 points)",
        "canvasX": -141.45000000000002,
        "canvasY": 66.46000000000001,
        "variant": "northing_easting_direct"
      }
    },
    {
      "type": "Feature",
      "geometry": {
        "type": "Point",
        "coordinates": [
          -34.9511366627994,
          21.511204877868295,
          0.10233596128
        ]
      },
      "properties": {
        "id": "0_64",
        "camera": "R0 - Red (Point)",
        "frame": "0252",
        "image": "pano_camera0/frame_0252_hp_preview.jpg",
        "frameId": "0252",
        "height": 1.562371,
        "coords2D": "2D: (397887.961, 808247.670)",
        "coords3D_original": "3D_Original: (-793548.981, 426441.300, 0.000)",
        "coords3D": "3D: (-34.951, 21.511, 0.102)",
        "coordsMtEden": "MtEden: (397887.961, 808247.670, 1.562)",
        "easting": 397887.9613633372,
        "northing": 808247.6702048779,
        "longitude": 174.7404968205677,
        "latitude": -36.80539215514862,
        "group": "R0 - Red (229 points)",
        "canvasX": -128.62,
        "canvasY": 84.28,
        "variant": "northing_easting_direct"
      }
    },
    {
      "type": "Feature",
      "geometry": {
        "type": "Point",
        "coordinates": [
          -34.56779153208481,
          20.120663145906292,
          0.1680282206
        ]
      },
      "properties": {
        "id": "0_65",
        "camera": "R0 - Red (Point)",
        "frame": "0253",
        "image": "pano_camera0/frame_0253_hp_preview.jpg",
        "frameId": "0253",
        "height": 2.101405,
        "coords2D": "2D: (397888.345, 808246.280)",
        "coords3D_original": "3D_Original: (-793548.981, 426441.300, 0.000)",
        "coords3D": "3D: (-34.568, 20.121, 0.168)",
        "coordsMtEden": "MtEden: (397888.345, 808246.280, 2.101)",
        "easting": 397888.3447084679,
        "northing": 808246.2796631459,
        "longitude": 174.74050111290154,
        "latitude": -36.80540468759383,
        "group": "R0 - Red (229 points)",
        "canvasX": -122.34,
        "canvasY": 107.06,
        "variant": "northing_easting_direct"
      }
    },
    {
      "type": "Feature",
      "geometry": {
        "type": "Point",
        "coordinates": [
          -35.26916661992436,
          19.281943066976964,
          0.22611221195999998
        ]
      },
      "properties": {
        "id": "0_66",
        "camera": "R0 - Red (Point)",
        "frame": "0254",
        "image": "pano_camera0/frame_0254_hp_preview.jpg",
        "frameId": "0254",
        "height": 2.426614,
        "coords2D": "2D: (397887.643, 808245.441)",
        "coords3D_original": "3D_Original: (-793548.981, 426441.300, 0.000)",
        "coords3D": "3D: (-35.269, 19.282, 0.226)",
        "coordsMtEden": "MtEden: (397887.643, 808245.441, 2.427)",
        "easting": 397887.64333338005,
        "northing": 808245.440943067,
        "longitude": 174.74049325018746,
        "latitude": -36.805412244591786,
        "group": "R0 - Red (229 points)",
        "canvasX": -133.83,
        "canvasY": 120.80000000000001,
        "variant": "northing_easting_direct"
      }
    },
    {
      "type": "Feature",
      "geometry": {
        "type": "Point",
        "coordinates": [
          -35.379042612796184,
          19.267903356812894,
          0.2176509256
        ]
      },
      "properties": {
        "id": "0_67",
        "camera": "R0 - Red (Point)",
        "frame": "0255",
        "image": "pano_camera0/frame_0255_hp_preview.jpg",
        "frameId": "0255",
        "height": 2.432105,
        "coords2D": "2D: (397887.533, 808245.427)",
        "coords3D_original": "3D_Original: (-793548.981, 426441.300, 0.000)",
        "coords3D": "3D: (-35.379, 19.268, 0.218)",
        "coordsMtEden": "MtEden: (397887.533, 808245.427, 2.432)",
        "easting": 397887.5334573872,
        "northing": 808245.4269033568,
        "longitude": 174.7404920187561,
        "latitude": -36.80541237087283,
        "group": "R0 - Red (229 points)",
        "canvasX": -135.63,
        "canvasY": 121.03,
        "variant": "northing_easting_direct"
      }
    },
    {
      "type": "Feature",
      "geometry": {
        "type": "Point",
        "coordinates": [
          -36.49184225167846,
          20.1859783193795,
          0.3529855756
        ]
      },
      "properties": {
        "id": "0_68",
        "camera": "R0 - Red (Point)",
        "frame": "0256",
        "image": "pano_camera0/frame_0256_hp_preview.jpg",
        "frameId": "0256",
        "height": 2.075986,
        "coords2D": "2D: (397886.421, 808246.345)",
        "coords3D_original": "3D_Original: (-793548.981, 426441.300, 0.000)",
        "coords3D": "3D: (-36.492, 20.186, 0.353)",
        "coordsMtEden": "MtEden: (397886.421, 808246.345, 2.076)",
        "easting": 397886.4206577483,
        "northing": 808246.3449783194,
        "longitude": 174.7404795500359,
        "latitude": -36.80540409467947,
        "group": "R0 - Red (229 points)",
        "canvasX": -153.86,
        "canvasY": 105.99000000000001,
        "variant": "northing_easting_direct"
      }
    },
    {
      "type": "Feature",
      "geometry": {
        "type": "Point",
        "coordinates": [
          -36.82513276336249,
          20.6364698902471,
          0.76791669124
        ]
      },
      "properties": {
        "id": "0_69",
        "camera": "R0 - Red (Point)",
        "frame": "0257",
        "image": "pano_camera0/frame_0257_hp_preview.jpg",
        "frameId": "0257",
        "height": 1.901349,
        "coords2D": "2D: (397886.087, 808246.795)",
        "coords3D_original": "3D_Original: (-793548.981, 426441.300, 0.000)",
        "coords3D": "3D: (-36.825, 20.636, 0.768)",
        "coordsMtEden": "MtEden: (397886.087, 808246.795, 1.901)",
        "easting": 397886.0873672366,
        "northing": 808246.7954698902,
        "longitude": 174.74047581606334,
        "latitude": -36.805400034096316,
        "group": "R0 - Red (229 points)",
        "canvasX": -159.32,
        "canvasY": 98.61,
        "variant": "northing_easting_direct"
      }
    },
    {
      "type": "Feature",
      "geometry": {
        "type": "Point",
        "coordinates": [
          -36.950879733019974,
          20.809829790028743,
          1.03499347144
        ]
      },
      "properties": {
        "id": "0_70",
        "camera": "R0 - Red (Point)",
        "frame": "0258",
        "image": "pano_camera0/frame_0258_hp_preview.jpg",
        "frameId": "0258",
        "height": 1.834203,
        "coords2D": "2D: (397885.962, 808246.969)",
        "coords3D_original": "3D_Original: (-793548.981, 426441.300, 0.000)",
        "coords3D": "3D: (-36.951, 20.810, 1.035)",
        "coordsMtEden": "MtEden: (397885.962, 808246.969, 1.834)",
        "easting": 397885.96162026696,
        "northing": 808246.96882979,
        "longitude": 174.74047440728467,
        "latitude": -36.805398471492666,
        "group": "R0 - Red (229 points)",
        "canvasX": -161.38,
        "canvasY": 95.77,
        "variant": "northing_easting_direct"
      }
    },
    {
      "type": "Feature",
      "geometry": {
        "type": "Point",
        "coordinates": [
          -37.15170863107778,
          21.129080591606908,
          1.2761089647200001
        ]
      },
      "properties": {
        "id": "0_71",
        "camera": "R0 - Red (Point)",
        "frame": "0259",
        "image": "pano_camera0/frame_0259_hp_preview.jpg",
        "frameId": "0259",
        "height": 1.710433,
        "coords2D": "2D: (397885.761, 808247.288)",
        "coords3D_original": "3D_Original: (-793548.981, 426441.300, 0.000)",
        "coords3D": "3D: (-37.152, 21.129, 1.276)",
        "coordsMtEden": "MtEden: (397885.761, 808247.288, 1.710)",
        "easting": 397885.7607913689,
        "northing": 808247.2880805916,
        "longitude": 174.7404721574599,
        "latitude": -36.805395593949584,
        "group": "R0 - Red (229 points)",
        "canvasX": -164.67000000000002,
        "canvasY": 90.54,
        "variant": "northing_easting_direct"
      }
    },
    {
      "type": "Feature",
      "geometry": {
        "type": "Point",
        "coordinates": [
          -37.61379822331946,
          21.8359494790202,
          2.09154862336
        ]
      },
      "properties": {
        "id": "0_72",
        "camera": "R0 - Red (Point)",
        "frame": "0260",
        "image": "pano_camera0/frame_0260_hp_preview.jpg",
        "frameId": "0260",
        "height": 1.43628,
        "coords2D": "2D: (397885.299, 808247.995)",
        "coords3D_original": "3D_Original: (-793548.981, 426441.300, 0.000)",
        "coords3D": "3D: (-37.614, 21.836, 2.092)",
        "coordsMtEden": "MtEden: (397885.299, 808247.995, 1.436)",
        "easting": 397885.29870177666,
        "northing": 808247.994949479,
        "longitude": 174.740466980735,
        "latitude": -36.805389222601,
        "group": "R0 - Red (229 points)",
        "canvasX": -172.24,
        "canvasY": 78.96000000000001,
        "variant": "northing_easting_direct"
      }
    },
    {
      "type": "Feature",
      "geometry": {
        "type": "Point",
        "coordinates": [
          -37.620512867346406,
          21.852430877974257,
          2.10039704884
        ]
      },
      "properties": {
        "id": "0_73",
        "camera": "R0 - Red (Point)",
        "frame": "0261",
        "image": "pano_camera0/frame_0261_hp_preview.jpg",
        "frameId": "0261",
        "height": 1.429992,
        "coords2D": "2D: (397885.292, 808248.011)",
        "coords3D_original": "3D_Original: (-793548.981, 426441.300, 0.000)",
        "coords3D": "3D: (-37.621, 21.852, 2.100)",
        "coordsMtEden": "MtEden: (397885.292, 808248.011, 1.430)",
        "easting": 397885.29198713263,
        "northing": 808248.011430878,
        "longitude": 174.74046690552902,
        "latitude": -36.8053890740553,
        "group": "R0 - Red (229 points)",
        "canvasX": -172.35000000000002,
        "canvasY": 78.69,
        "variant": "northing_easting_direct"
      }
    },
    {
      "type": "Feature",
      "geometry": {
        "type": "Point",
        "coordinates": [
          -38.16439903201535,
          22.53366203373298,
          2.9466536376000003
        ]
      },
      "properties": {
        "id": "0_74",
        "camera": "R0 - Red (Point)",
        "frame": "0262",
        "image": "pano_camera0/frame_0262_hp_preview.jpg",
        "frameId": "0262",
        "height": 1.165787,
        "coords2D": "2D: (397884.748, 808248.693)",
        "coords3D_original": "3D_Original: (-793548.981, 426441.300, 0.000)",
        "coords3D": "3D: (-38.164, 22.534, 2.947)",
        "coordsMtEden": "MtEden: (397884.748, 808248.693, 1.166)",
        "easting": 397884.74810096796,
        "northing": 808248.6926620337,
        "longitude": 174.74046081203093,
        "latitude": -36.80538293357151,
        "group": "R0 - Red (229 points)",
        "canvasX": -181.26000000000002,
        "canvasY": 67.53,
        "variant": "northing_easting_direct"
      }
    },
    {
      "type": "Feature",
      "geometry": {
        "type": "Point",
        "coordinates": [
          -38.19186803023331,
          22.551364277023822,
          2.97746400604
        ]
      },
      "properties": {
        "id": "0_75",
        "camera": "R0 - Red (Point)",
        "frame": "0263",
        "image": "pano_camera0/frame_0263_hp_preview.jpg",
        "frameId": "0263",
        "height": 1.159079,
        "coords2D": "2D: (397884.721, 808248.710)",
        "coords3D_original": "3D_Original: (-793548.981, 426441.300, 0.000)",
        "coords3D": "3D: (-38.192, 22.551, 2.977)",
        "coordsMtEden": "MtEden: (397884.721, 808248.710, 1.159)",
        "easting": 397884.72063196974,
        "northing": 808248.710364277,
        "longitude": 174.74046050423212,
        "latitude": -36.80538277397716,
        "group": "R0 - Red (229 points)",
        "canvasX": -181.71,
        "canvasY": 67.24000000000001,
        "variant": "northing_easting_direct"
      }
    },
    {
      "type": "Feature",
      "geometry": {
        "type": "Point",
        "coordinates": [
          -38.46106421278091,
          22.90846125385724,
          3.4475001103199996
        ]
      },
      "properties": {
        "id": "0_76",
        "camera": "R0 - Red (Point)",
        "frame": "0264",
        "image": "pano_camera0/frame_0264_hp_preview.jpg",
        "frameId": "0264",
        "height": 1.02061,
        "coords2D": "2D: (397884.451, 808249.067)",
        "coords3D_original": "3D_Original: (-793548.981, 426441.300, 0.000)",
        "coords3D": "3D: (-38.461, 22.908, 3.448)",
        "coordsMtEden": "MtEden: (397884.451, 808249.067, 1.021)",
        "easting": 397884.4514357872,
        "northing": 808249.0674612538,
        "longitude": 174.74045748831404,
        "latitude": -36.80537955521058,
        "group": "R0 - Red (229 points)",
        "canvasX": -186.12,
        "canvasY": 61.39,
        "variant": "northing_easting_direct"
      }
    },
    {
      "type": "Feature",
      "geometry": {
        "type": "Point",
        "coordinates": [
          -38.877372141345404,
          23.443191085825674,
          4.028510627599999
        ]
      },
      "properties": {
        "id": "0_77",
        "camera": "R0 - Red (Point)",
        "frame": "0265",
        "image": "pano_camera0/frame_0265_hp_preview.jpg",
        "frameId": "0265",
        "height": 0.813219,
        "coords2D": "2D: (397884.035, 808249.602)",
        "coords3D_original": "3D_Original: (-793548.981, 426441.300, 0.000)",
        "coords3D": "3D: (-38.877, 23.443, 4.029)",
        "coordsMtEden": "MtEden: (397884.035, 808249.602, 0.813)",
        "easting": 397884.03512785863,
        "northing": 808249.6021910858,
        "longitude": 174.740452824193,
        "latitude": -36.80537473528431,
        "group": "R0 - Red (229 points)",
        "canvasX": -192.94,
        "canvasY": 52.629999999999995,
        "variant": "northing_easting_direct"
      }
    },
    {
      "type": "Feature",
      "geometry": {
        "type": "Point",
        "coordinates": [
          -38.99396277818596,
          24.029196381103247,
          4.4641241586
        ]
      },
      "properties": {
        "id": "0_78",
        "camera": "R0 - Red (Point)",
        "frame": "0266",
        "image": "pano_camera0/frame_0266_hp_preview.jpg",
        "frameId": "0266",
        "height": 0.586018,
        "coords2D": "2D: (397883.919, 808250.188)",
        "coords3D_original": "3D_Original: (-793548.981, 426441.300, 0.000)",
        "coords3D": "3D: (-38.994, 24.029, 4.464)",
        "coordsMtEden": "MtEden: (397883.919, 808250.188, 0.586)",
        "easting": 397883.9185372218,
        "northing": 808250.1881963811,
        "longitude": 174.74045151917804,
        "latitude": -36.805369453932144,
        "group": "R0 - Red (229 points)",
        "canvasX": -194.85,
        "canvasY": 43.03,
        "variant": "northing_easting_direct"
      }
    },
    {
      "type": "Feature",
      "geometry": {
        "type": "Point",
        "coordinates": [
          -38.95855829160428,
          24.57003043498844,
          4.7063157674
        ]
      },
      "properties": {
        "id": "0_79",
        "camera": "R0 - Red (Point)",
        "frame": "0267",
        "image": "pano_camera0/frame_0267_hp_preview.jpg",
        "frameId": "0267",
        "height": 0.376365,
        "coords2D": "2D: (397883.954, 808250.729)",
        "coords3D_original": "3D_Original: (-793548.981, 426441.300, 0.000)",
        "coords3D": "3D: (-38.959, 24.570, 4.706)",
        "coordsMtEden": "MtEden: (397883.954, 808250.729, 0.376)",
        "easting": 397883.9539417084,
        "northing": 808250.729030435,
        "longitude": 174.74045191746276,
        "latitude": -36.80536458000378,
        "group": "R0 - Red (229 points)",
        "canvasX": -194.27,
        "canvasY": 34.17,
        "variant": "northing_easting_direct"
      }
    },
    {
      "type": "Feature",
      "geometry": {
        "type": "Point",
        "coordinates": [
          -38.439089014194906,
          25.168854596093297,
          4.67371406032
        ]
      },
      "properties": {
        "id": "0_80",
        "camera": "R0 - Red (Point)",
        "frame": "0268",
        "image": "pano_camera0/frame_0268_hp_preview.jpg",
        "frameId": "0268",
        "height": 0.144144,
        "coords2D": "2D: (397884.473, 808251.328)",
        "coords3D_original": "3D_Original: (-793548.981, 426441.300, 0.000)",
        "coords3D": "3D: (-38.439, 25.169, 4.674)",
        "coordsMtEden": "MtEden: (397884.473, 808251.328, 0.144)",
        "easting": 397884.4734109858,
        "northing": 808251.3278545961,
        "longitude": 174.7404577408725,
        "latitude": -36.805359184549,
        "group": "R0 - Red (229 points)",
        "canvasX": -185.76000000000002,
        "canvasY": 24.36,
        "variant": "northing_easting_direct"
      }
    },
    {
      "type": "Feature",
      "geometry": {
        "type": "Point",
        "coordinates": [
          -37.47645323222969,
          26.110125601640902,
          4.67436694748
        ]
      },
      "properties": {
        "id": "0_81",
        "camera": "R0 - Red (Point)",
        "frame": "0269",
        "image": "pano_camera0/frame_0269_hp_preview.jpg",
        "frameId": "0269",
        "height": -0.220767,
        "coords2D": "2D: (397885.436, 808252.269)",
        "coords3D_original": "3D_Original: (-793548.981, 426441.300, 0.000)",
        "coords3D": "3D: (-37.476, 26.110, 4.674)",
        "coordsMtEden": "MtEden: (397885.436, 808252.269, -0.221)",
        "easting": 397885.43604676775,
        "northing": 808252.2691256016,
        "longitude": 174.7404685318446,
        "latitude": -36.80535070394575,
        "group": "R0 - Red (229 points)",
        "canvasX": -169.99,
        "canvasY": 8.94,
        "variant": "northing_easting_direct"
      }
    },
    {
      "type": "Feature",
      "geometry": {
        "type": "Point",
        "coordinates": [
          -36.99605097452877,
          26.51056255341973,
          4.722985715439999
        ]
      },
      "properties": {
        "id": "0_82",
        "camera": "R0 - Red (Point)",
        "frame": "0270",
        "image": "pano_camera0/frame_0270_hp_preview.jpg",
        "frameId": "0270",
        "height": -0.375836,
        "coords2D": "2D: (397885.916, 808252.670)",
        "coords3D_original": "3D_Original: (-793548.981, 426441.300, 0.000)",
        "coords3D": "3D: (-36.996, 26.511, 4.723)",
        "coordsMtEden": "MtEden: (397885.916, 808252.670, -0.376)",
        "easting": 397885.91644902545,
        "northing": 808252.6695625534,
        "longitude": 174.7404739168733,
        "latitude": -36.80534709627246,
        "group": "R0 - Red (229 points)",
        "canvasX": -162.12,
        "canvasY": 2.380000000000001,
        "variant": "northing_easting_direct"
      }
    },
    {
      "type": "Feature",
      "geometry": {
        "type": "Point",
        "coordinates": [
          -36.04745490272762,
          27.185079065267928,
          4.683287551439999
        ]
      },
      "properties": {
        "id": "0_83",
        "camera": "R0 - Red (Point)",
        "frame": "0271",
        "image": "pano_camera0/frame_0271_hp_preview.jpg",
        "frameId": "0271",
        "height": -0.637379,
        "coords2D": "2D: (397886.865, 808253.344)",
        "coords3D_original": "3D_Original: (-793548.981, 426441.300, 0.000)",
        "coords3D": "3D: (-36.047, 27.185, 4.683)",
        "coordsMtEden": "MtEden: (397886.865, 808253.344, -0.637)",
        "easting": 397886.86504509725,
        "northing": 808253.3440790653,
        "longitude": 174.7404845497572,
        "latitude": -36.80534101963331,
        "group": "R0 - Red (229 points)",
        "canvasX": -146.58,
        "canvasY": -8.67,
        "variant": "northing_easting_direct"
      }
    },
    {
      "type": "Feature",
      "geometry": {
        "type": "Point",
        "coordinates": [
          -35.169057381979655,
          27.828464045771398,
          4.676538863559999
        ]
      },
      "properties": {
        "id": "0_84",
        "camera": "R0 - Red (Point)",
        "frame": "0272",
        "image": "pano_camera0/frame_0272_hp_preview.jpg",
        "frameId": "0272",
        "height": -0.886953,
        "coords2D": "2D: (397887.743, 808253.987)",
        "coords3D_original": "3D_Original: (-793548.981, 426441.300, 0.000)",
        "coords3D": "3D: (-35.169, 27.828, 4.677)",
        "coordsMtEden": "MtEden: (397887.743, 808253.987, -0.887)",
        "easting": 397887.743442618,
        "northing": 808253.9874640458,
        "longitude": 174.74049439583095,
        "latitude": -36.80533522339462,
        "group": "R0 - Red (229 points)",
        "canvasX": -132.19,
        "canvasY": -19.21,
        "variant": "northing_easting_direct"
      }
    },
    {
      "type": "Feature",
      "geometry": {
        "type": "Point",
        "coordinates": [
          -34.69659061264247,
          28.206925798906013,
          4.699783614959999
        ]
      },
      "properties": {
        "id": "0_85",
        "camera": "R0 - Red (Point)",
        "frame": "0273",
        "image": "pano_camera0/frame_0273_hp_preview.jpg",
        "frameId": "0273",
        "height": -1.033637,
        "coords2D": "2D: (397888.216, 808254.366)",
        "coords3D_original": "3D_Original: (-793548.981, 426441.300, 0.000)",
        "coords3D": "3D: (-34.697, 28.207, 4.700)",
        "coordsMtEden": "MtEden: (397888.216, 808254.366, -1.034)",
        "easting": 397888.21590938733,
        "northing": 808254.3659257989,
        "longitude": 174.7404996918626,
        "latitude": -36.80533181374339,
        "group": "R0 - Red (229 points)",
        "canvasX": -124.45,
        "canvasY": -25.41,
        "variant": "northing_easting_direct"
      }
    },
    {
      "type": "Feature",
      "geometry": {
        "type": "Point",
        "coordinates": [
          -33.17969148885459,
          29.361234146286733,
          4.65221143496
        ]
      },
      "properties": {
        "id": "0_86",
        "camera": "R0 - Red (Point)",
        "frame": "0274",
        "image": "pano_camera0/frame_0274_hp_preview.jpg",
        "frameId": "0274",
        "height": -1.480978,
        "coords2D": "2D: (397889.733, 808255.520)",
        "coords3D_original": "3D_Original: (-793548.981, 426441.300, 0.000)",
        "coords3D": "3D: (-33.180, 29.361, 4.652)",
        "coordsMtEden": "MtEden: (397889.733, 808255.520, -1.481)",
        "easting": 397889.7328085111,
        "northing": 808255.5202341463,
        "longitude": 174.74051669509998,
        "latitude": -36.8053214144748,
        "group": "R0 - Red (229 points)",
        "canvasX": -99.60000000000001,
        "canvasY": -44.32,
        "variant": "northing_easting_direct"
      }
    },
    {
      "type": "Feature",
      "geometry": {
        "type": "Point",
        "coordinates": [
          -33.02952763187932,
          29.506514625740238,
          4.6614141911599996
        ]
      },
      "properties": {
        "id": "0_87",
        "camera": "R0 - Red (Point)",
        "frame": "0275",
        "image": "pano_camera0/frame_0275_hp_preview.jpg",
        "frameId": "0275",
        "height": -1.537402,
        "coords2D": "2D: (397889.883, 808255.666)",
        "coords3D_original": "3D_Original: (-793548.981, 426441.300, 0.000)",
        "coords3D": "3D: (-33.030, 29.507, 4.661)",
        "coordsMtEden": "MtEden: (397889.883, 808255.666, -1.537)",
        "easting": 397889.8829723681,
        "northing": 808255.6655146257,
        "longitude": 174.74051837840355,
        "latitude": -36.805320105538804,
        "group": "R0 - Red (229 points)",
        "canvasX": -97.14,
        "canvasY": -46.699999999999996,
        "variant": "northing_easting_direct"
      }
    },
    {
      "type": "Feature",
      "geometry": {
        "type": "Point",
        "coordinates": [
          -31.812345799757168,
          30.46792956336867,
          4.64680789148
        ]
      },
      "properties": {
        "id": "0_88",
        "camera": "R0 - Red (Point)",
        "frame": "0276",
        "image": "pano_camera0/frame_0276_hp_preview.jpg",
        "frameId": "0276",
        "height": -1.910205,
        "coords2D": "2D: (397891.100, 808256.627)",
        "coords3D_original": "3D_Original: (-793548.981, 426441.300, 0.000)",
        "coords3D": "3D: (-31.812, 30.468, 4.647)",
        "coordsMtEden": "MtEden: (397891.100, 808256.627, -1.910)",
        "easting": 397891.1001542002,
        "northing": 808256.6269295634,
        "longitude": 174.74053202214128,
        "latitude": -36.805311443959404,
        "group": "R0 - Red (229 points)",
        "canvasX": -77.2,
        "canvasY": -62.449999999999996,
        "variant": "northing_easting_direct"
      }
    },
    {
      "type": "Feature",
      "geometry": {
        "type": "Point",
        "coordinates": [
          -31.45524882292375,
          30.796336697530933,
          4.6569227212
        ]
      },
      "properties": {
        "id": "0_89",
        "camera": "R0 - Red (Point)",
        "frame": "0277",
        "image": "pano_camera0/frame_0277_hp_preview.jpg",
        "frameId": "0277",
        "height": -2.037445,
        "coords2D": "2D: (397891.457, 808256.955)",
        "coords3D_original": "3D_Original: (-793548.981, 426441.300, 0.000)",
        "coords3D": "3D: (-31.455, 30.796, 4.657)",
        "coordsMtEden": "MtEden: (397891.457, 808256.955, -2.037)",
        "easting": 397891.45725117705,
        "northing": 808256.9553366975,
        "longitude": 174.74053602507072,
        "latitude": -36.80530848514284,
        "group": "R0 - Red (229 points)",
        "canvasX": -71.35000000000001,
        "canvasY": -67.83,
        "variant": "northing_easting_direct"
      }
    },
    {
      "type": "Feature",
      "geometry": {
        "type": "Point",
        "coordinates": [
          -30.376022404117975,
          31.84626285172999,
          4.689786895479999
        ]
      },
      "properties": {
        "id": "0_90",
        "camera": "R0 - Red (Point)",
        "frame": "0278",
        "image": "pano_camera0/frame_0278_hp_preview.jpg",
        "frameId": "0278",
        "height": -2.444415,
        "coords2D": "2D: (397892.536, 808258.005)",
        "coords3D_original": "3D_Original: (-793548.981, 426441.300, 0.000)",
        "coords3D": "3D: (-30.376, 31.846, 4.690)",
        "coordsMtEden": "MtEden: (397892.536, 808258.005, -2.444)",
        "easting": 397892.53647759586,
        "northing": 808258.0052628517,
        "longitude": 174.7405481229701,
        "latitude": -36.805299025589484,
        "group": "R0 - Red (229 points)",
        "canvasX": -53.670000000000016,
        "canvasY": -85.03,
        "variant": "northing_easting_direct"
      }
    },
    {
      "type": "Feature",
      "geometry": {
        "type": "Point",
        "coordinates": [
          -29.763768954959232,
          32.28454597876407,
          4.6682350575200005
        ]
      },
      "properties": {
        "id": "0_91",
        "camera": "R0 - Red (Point)",
        "frame": "0279",
        "image": "pano_camera0/frame_0279_hp_preview.jpg",
        "frameId": "0279",
        "height": -2.614466,
        "coords2D": "2D: (397893.149, 808258.444)",
        "coords3D_original": "3D_Original: (-793548.981, 426441.300, 0.000)",
        "coords3D": "3D: (-29.764, 32.285, 4.668)",
        "coordsMtEden": "MtEden: (397893.149, 808258.444, -2.614)",
        "easting": 397893.148731045,
        "northing": 808258.4435459787,
        "longitude": 174.74055498576473,
        "latitude": -36.80529507713543,
        "group": "R0 - Red (229 points)",
        "canvasX": -43.640000000000015,
        "canvasY": -92.21,
        "variant": "northing_easting_direct"
      }
    },
    {
      "type": "Feature",
      "geometry": {
        "type": "Point",
        "coordinates": [
          -28.25663658604026,
          33.577420161571354,
          4.65315959772
        ]
      },
      "properties": {
        "id": "0_92",
        "camera": "R0 - Red (Point)",
        "frame": "0280",
        "image": "pano_camera0/frame_0280_hp_preview.jpg",
        "frameId": "0280",
        "height": -3.115723,
        "coords2D": "2D: (397894.656, 808259.736)",
        "coords3D_original": "3D_Original: (-793548.981, 426441.300, 0.000)",
        "coords3D": "3D: (-28.257, 33.577, 4.653)",
        "coordsMtEden": "MtEden: (397894.656, 808259.736, -3.116)",
        "easting": 397894.65586341394,
        "northing": 808259.7364201616,
        "longitude": 174.74057187991278,
        "latitude": -36.80528342907902,
        "group": "R0 - Red (229 points)",
        "canvasX": -18.950000000000017,
        "canvasY": -113.39,
        "variant": "northing_easting_direct"
      }
    },
    {
      "type": "Feature",
      "geometry": {
        "type": "Point",
        "coordinates": [
          -27.96607562713325,
          33.78923665895127,
          4.640092011999999
        ]
      },
      "properties": {
        "id": "0_93",
        "camera": "R0 - Red (Point)",
        "frame": "0281",
        "image": "pano_camera0/frame_0281_hp_preview.jpg",
        "frameId": "0281",
        "height": -3.197741,
        "coords2D": "2D: (397894.946, 808259.948)",
        "coords3D_original": "3D_Original: (-793548.981, 426441.300, 0.000)",
        "coords3D": "3D: (-27.966, 33.789, 4.640)",
        "coordsMtEden": "MtEden: (397894.946, 808259.948, -3.198)",
        "easting": 397894.94642437284,
        "northing": 808259.9482366589,
        "longitude": 174.74057513684167,
        "latitude": -36.8052815208304,
        "group": "R0 - Red (229 points)",
        "canvasX": -14.189999999999998,
        "canvasY": -116.86,
        "variant": "northing_easting_direct"
      }
    },
    {
      "type": "Feature",
      "geometry": {
        "type": "Point",
        "coordinates": [
          -27.575405430281535,
          34.18417981103994,
          4.61638466216
        ]
      },
      "properties": {
        "id": "0_94",
        "camera": "R0 - Red (Point)",
        "frame": "0282",
        "image": "pano_camera0/frame_0282_hp_preview.jpg",
        "frameId": "0282",
        "height": -3.351019,
        "coords2D": "2D: (397895.337, 808260.343)",
        "coords3D_original": "3D_Original: (-793548.981, 426441.300, 0.000)",
        "coords3D": "3D: (-27.575, 34.184, 4.616)",
        "coordsMtEden": "MtEden: (397895.337, 808260.343, -3.351)",
        "easting": 397895.3370945697,
        "northing": 808260.343179811,
        "longitude": 174.74057951620995,
        "latitude": -36.805277962463045,
        "group": "R0 - Red (229 points)",
        "canvasX": -7.7900000000000205,
        "canvasY": -123.33,
        "variant": "northing_easting_direct"
      }
    },
    {
      "type": "Feature",
      "geometry": {
        "type": "Point",
        "coordinates": [
          -27.37457653216552,
          34.789718616288155,
          4.60295618404
        ]
      },
      "properties": {
        "id": "0_95",
        "camera": "R0 - Red (Point)",
        "frame": "0283",
        "image": "pano_camera0/frame_0283_hp_preview.jpg",
        "frameId": "0283",
        "height": -3.585692,
        "coords2D": "2D: (397895.538, 808260.949)",
        "coords3D_original": "3D_Original: (-793548.981, 426441.300, 0.000)",
        "coords3D": "3D: (-27.375, 34.790, 4.603)",
        "coordsMtEden": "MtEden: (397895.538, 808260.949, -3.586)",
        "easting": 397895.5379234678,
        "northing": 808260.9487186163,
        "longitude": 174.74058176859126,
        "latitude": -36.8052725057813,
        "group": "R0 - Red (229 points)",
        "canvasX": -4.5,
        "canvasY": -133.25,
        "variant": "northing_easting_direct"
      }
    },
    {
      "type": "Feature",
      "geometry": {
        "type": "Point",
        "coordinates": [
          -27.836666124407202,
          35.78836930694524,
          4.5757580204399995
        ]
      },
      "properties": {
        "id": "0_96",
        "camera": "R0 - Red (Point)",
        "frame": "0284",
        "image": "pano_camera0/frame_0284_hp_preview.jpg",
        "frameId": "0284",
        "height": -3.972809,
        "coords2D": "2D: (397895.076, 808261.947)",
        "coords3D_original": "3D_Original: (-793548.981, 426441.300, 0.000)",
        "coords3D": "3D: (-27.837, 35.788, 4.576)",
        "coordsMtEden": "MtEden: (397895.076, 808261.947, -3.973)",
        "easting": 397895.07583387557,
        "northing": 808261.9473693069,
        "longitude": 174.74057659267214,
        "latitude": -36.805263504893766,
        "group": "R0 - Red (229 points)",
        "canvasX": -12.069999999999993,
        "canvasY": -149.60999999999999,
        "variant": "northing_easting_direct"
      }
    },
    {
      "type": "Feature",
      "geometry": {
        "type": "Point",
        "coordinates": [
          -27.932502407114953,
          35.85673659143504,
          4.56904870264
        ]
      },
      "properties": {
        "id": "0_97",
        "camera": "R0 - Red (Point)",
        "frame": "0285",
        "image": "pano_camera0/frame_0285_hp_preview.jpg",
        "frameId": "0285",
        "height": -3.99927,
        "coords2D": "2D: (397894.980, 808262.016)",
        "coords3D_original": "3D_Original: (-793548.981, 426441.300, 0.000)",
        "coords3D": "3D: (-27.933, 35.857, 4.569)",
        "coordsMtEden": "MtEden: (397894.980, 808262.016, -3.999)",
        "easting": 397894.97999759286,
        "northing": 808262.0157365914,
        "longitude": 174.7405755188154,
        "latitude": -36.80526288855335,
        "group": "R0 - Red (229 points)",
        "canvasX": -13.640000000000015,
        "canvasY": -150.73,
        "variant": "northing_easting_direct"
      }
    },
    {
      "type": "Feature",
      "geometry": {
        "type": "Point",
        "coordinates": [
          -28.590537519950885,
          36.385972623713315,
          4.574261957399999
        ]
      },
      "properties": {
        "id": "0_98",
        "camera": "R0 - Red (Point)",
        "frame": "0286",
        "image": "pano_camera0/frame_0286_hp_preview.jpg",
        "frameId": "0286",
        "height": -4.204597,
        "coords2D": "2D: (397894.322, 808262.545)",
        "coords3D_original": "3D_Original: (-793548.981, 426441.300, 0.000)",
        "coords3D": "3D: (-28.591, 36.386, 4.574)",
        "coordsMtEden": "MtEden: (397894.322, 808262.545, -4.205)",
        "easting": 397894.32196248,
        "northing": 808262.5449726237,
        "longitude": 174.74056814562104,
        "latitude": -36.80525811760434,
        "group": "R0 - Red (229 points)",
        "canvasX": -24.420000000000016,
        "canvasY": -159.4,
        "variant": "northing_easting_direct"
      }
    },
    {
      "type": "Feature",
      "geometry": {
        "type": "Point",
        "coordinates": [
          -29.106954686460085,
          36.40611655579414,
          4.6307383371599995
        ]
      },
      "properties": {
        "id": "0_99",
        "camera": "R0 - Red (Point)",
        "frame": "0287",
        "image": "pano_camera0/frame_0287_hp_preview.jpg",
        "frameId": "0287",
        "height": -4.212352,
        "coords2D": "2D: (397893.806, 808262.565)",
        "coords3D_original": "3D_Original: (-793548.981, 426441.300, 0.000)",
        "coords3D": "3D: (-29.107, 36.406, 4.631)",
        "coordsMtEden": "MtEden: (397893.806, 808262.565, -4.212)",
        "easting": 397893.8055453135,
        "northing": 808262.5651165558,
        "longitude": 174.74056235814408,
        "latitude": -36.8052579349183,
        "group": "R0 - Red (229 points)",
        "canvasX": -32.879999999999995,
        "canvasY": -159.73,
        "variant": "northing_easting_direct"
      }
    },
    {
      "type": "Feature",
      "geometry": {
        "type": "Point",
        "coordinates": [
          -29.780860776023474,
          36.444573153275996,
          4.67227049072
        ]
      },
      "properties": {
        "id": "0_100",
        "camera": "R0 - Red (Point)",
        "frame": "0288",
        "image": "pano_camera0/frame_0288_hp_preview.jpg",
        "frameId": "0288",
        "height": -4.227243,
        "coords2D": "2D: (397893.132, 808262.604)",
        "coords3D_original": "3D_Original: (-793548.981, 426441.300, 0.000)",
        "coords3D": "3D: (-29.781, 36.445, 4.672)",
        "coordsMtEden": "MtEden: (397893.132, 808262.604, -4.227)",
        "easting": 397893.13163922395,
        "northing": 808262.6035731533,
        "longitude": 174.74055480572562,
        "latitude": -36.80525758684746,
        "group": "R0 - Red (229 points)",
        "canvasX": -43.920000000000016,
        "canvasY": -160.35999999999999,
        "variant": "northing_easting_direct"
      }
    },
    {
      "type": "Feature",
      "geometry": {
        "type": "Point",
        "coordinates": [
          -30.180076883465517,
          36.640518673928455,
          4.69618453348
        ]
      },
      "properties": {
        "id": "0_101",
        "camera": "R0 - Red (Point)",
        "frame": "0289",
        "image": "pano_camera0/frame_0289_hp_preview.jpg",
        "frameId": "0289",
        "height": -4.303098,
        "coords2D": "2D: (397892.732, 808262.800)",
        "coords3D_original": "3D_Original: (-793548.981, 426441.300, 0.000)",
        "coords3D": "3D: (-30.180, 36.641, 4.696)",
        "coordsMtEden": "MtEden: (397892.732, 808262.800, -4.303)",
        "easting": 397892.7324231165,
        "northing": 808262.7995186739,
        "longitude": 174.74055033221782,
        "latitude": -36.80525582009409,
        "group": "R0 - Red (229 points)",
        "canvasX": -50.46000000000001,
        "canvasY": -163.57,
        "variant": "northing_easting_direct"
      }
    },
    {
      "type": "Feature",
      "geometry": {
        "type": "Point",
        "coordinates": [
          -30.454156443476677,
          37.29550167580601,
          4.69155526824
        ]
      },
      "properties": {
        "id": "0_102",
        "camera": "R0 - Red (Point)",
        "frame": "0290",
        "image": "pano_camera0/frame_0290_hp_preview.jpg",
        "frameId": "0290",
        "height": -4.557018,
        "coords2D": "2D: (397892.458, 808263.455)",
        "coords3D_original": "3D_Original: (-793548.981, 426441.300, 0.000)",
        "coords3D": "3D: (-30.454, 37.296, 4.692)",
        "coordsMtEden": "MtEden: (397892.458, 808263.455, -4.557)",
        "easting": 397892.4583435565,
        "northing": 808263.4545016758,
        "longitude": 174.74054726239703,
        "latitude": -36.805249916763884,
        "group": "R0 - Red (229 points)",
        "canvasX": -54.95000000000002,
        "canvasY": -174.3,
        "variant": "northing_easting_direct"
      }
    },
    {
      "type": "Feature",
      "geometry": {
        "type": "Point",
        "coordinates": [
          -30.703819116170052,
          38.708629028638825,
          4.6561025112
        ]
      },
      "properties": {
        "id": "0_103",
        "camera": "R0 - Red (Point)",
        "frame": "0291",
        "image": "pano_camera0/frame_0291_hp_preview.jpg",
        "frameId": "0291",
        "height": -5.104948,
        "coords2D": "2D: (397892.209, 808264.868)",
        "coords3D_original": "3D_Original: (-793548.981, 426441.300, 0.000)",
        "coords3D": "3D: (-30.704, 38.709, 4.656)",
        "coordsMtEden": "MtEden: (397892.209, 808264.868, -5.105)",
        "easting": 397892.2086808838,
        "northing": 808264.8676290286,
        "longitude": 174.7405444683175,
        "latitude": -36.805237181075505,
        "group": "R0 - Red (229 points)",
        "canvasX": -59.04000000000002,
        "canvasY": -197.45,
        "variant": "northing_easting_direct"
      }
    },
    {
      "type": "Feature",
      "geometry": {
        "type": "Point",
        "coordinates": [
          -30.871685216377955,
          39.25678814854473,
          4.655269177839999
        ]
      },
      "properties": {
        "id": "0_104",
        "camera": "R0 - Red (Point)",
        "frame": "0292",
        "image": "pano_camera0/frame_0292_hp_preview.jpg",
        "frameId": "0292",
        "height": -5.317511,
        "coords2D": "2D: (397892.041, 808265.416)",
        "coords3D_original": "3D_Original: (-793548.981, 426441.300, 0.000)",
        "coords3D": "3D: (-30.872, 39.257, 4.655)",
        "coordsMtEden": "MtEden: (397892.041, 808265.416, -5.318)",
        "easting": 397892.0408147836,
        "northing": 808265.4157881485,
        "longitude": 174.74054258854534,
        "latitude": -36.805232240680596,
        "group": "R0 - Red (229 points)",
        "canvasX": -61.79000000000002,
        "canvasY": -206.43,
        "variant": "northing_easting_direct"
      }
    },
    {
      "type": "Feature",
      "geometry": {
        "type": "Point",
        "coordinates": [
          -30.98217163141817,
          39.713994363322854,
          4.63784791744
        ]
      },
      "properties": {
        "id": "0_105",
        "camera": "R0 - Red (Point)",
        "frame": "0293",
        "image": "pano_camera0/frame_0293_hp_preview.jpg",
        "frameId": "0293",
        "height": -5.494733,
        "coords2D": "2D: (397891.930, 808265.873)",
        "coords3D_original": "3D_Original: (-793548.981, 426441.300, 0.000)",
        "coords3D": "3D: (-30.982, 39.714, 4.638)",
        "coordsMtEden": "MtEden: (397891.930, 808265.873, -5.495)",
        "easting": 397891.93032836856,
        "northing": 808265.8729943633,
        "longitude": 174.74054135158056,
        "latitude": -36.805228120082845,
        "group": "R0 - Red (229 points)",
        "canvasX": -63.599999999999994,
        "canvasY": -213.92,
        "variant": "northing_easting_direct"
      }
    },
    {
      "type": "Feature",
      "geometry": {
        "type": "Point",
        "coordinates": [
          -32.169442776590586,
          40.86219848890323,
          4.6038551342
        ]
      },
      "properties": {
        "id": "0_106",
        "camera": "R0 - Red (Point)",
        "frame": "0294",
        "image": "pano_camera0/frame_0294_hp_preview.jpg",
        "frameId": "0294",
        "height": -5.939858,
        "coords2D": "2D: (397890.743, 808267.021)",
        "coords3D_original": "3D_Original: (-793548.981, 426441.300, 0.000)",
        "coords3D": "3D: (-32.169, 40.862, 4.604)",
        "coordsMtEden": "MtEden: (397890.743, 808267.021, -5.940)",
        "easting": 397890.7430572234,
        "northing": 808267.0211984889,
        "longitude": 174.74052804891403,
        "latitude": -36.8052177697998,
        "group": "R0 - Red (229 points)",
        "canvasX": -83.05000000000001,
        "canvasY": -232.73,
        "variant": "northing_easting_direct"
      }
    },
    {
      "type": "Feature",
      "geometry": {
        "type": "Point",
        "coordinates": [
          -32.298852279316634,
          40.89333002013154,
          4.60982954384
        ]
      },
      "properties": {
        "id": "0_107",
        "camera": "R0 - Red (Point)",
        "frame": "0295",
        "image": "pano_camera0/frame_0295_hp_preview.jpg",
        "frameId": "0295",
        "height": -5.951916,
        "coords2D": "2D: (397890.614, 808267.052)",
        "coords3D_original": "3D_Original: (-793548.981, 426441.300, 0.000)",
        "coords3D": "3D: (-32.299, 40.893, 4.610)",
        "coordsMtEden": "MtEden: (397890.614, 808267.052, -5.952)",
        "easting": 397890.61364772066,
        "northing": 808267.0523300201,
        "longitude": 174.74052659869733,
        "latitude": -36.80521748895353,
        "group": "R0 - Red (229 points)",
        "canvasX": -85.17,
        "canvasY": -233.24,
        "variant": "northing_easting_direct"
      }
    },
    {
      "type": "Feature",
      "geometry": {
        "type": "Point",
        "coordinates": [
          -33.69610865530558,
          40.39583594130818,
          4.61572849416
        ]
      },
      "properties": {
        "id": "0_108",
        "camera": "R0 - Red (Point)",
        "frame": "0296",
        "image": "pano_camera0/frame_0296_hp_preview.jpg",
        "frameId": "0296",
        "height": -5.75907,
        "coords2D": "2D: (397889.216, 808266.555)",
        "coords3D_original": "3D_Original: (-793548.981, 426441.300, 0.000)",
        "coords3D": "3D: (-33.696, 40.396, 4.616)",
        "coordsMtEden": "MtEden: (397889.216, 808266.555, -5.759)",
        "easting": 397889.2163913447,
        "northing": 808266.5548359413,
        "longitude": 174.74051093815123,
        "latitude": -36.80522196926676,
        "group": "R0 - Red (229 points)",
        "canvasX": -108.06,
        "canvasY": -225.09,
        "variant": "northing_easting_direct"
      }
    },
    {
      "type": "Feature",
      "geometry": {
        "type": "Point",
        "coordinates": [
          -33.95309639419429,
          39.50339871039614,
          4.6417947679600005
        ]
      },
      "properties": {
        "id": "0_109",
        "camera": "R0 - Red (Point)",
        "frame": "0297",
        "image": "pano_camera0/frame_0297_hp_preview.jpg",
        "frameId": "0297",
        "height": -5.413187,
        "coords2D": "2D: (397888.959, 808265.662)",
        "coords3D_original": "3D_Original: (-793548.981, 426441.300, 0.000)",
        "coords3D": "3D: (-33.953, 39.503, 4.642)",
        "coordsMtEden": "MtEden: (397888.959, 808265.662, -5.413)",
        "easting": 397888.9594036058,
        "northing": 808265.6623987104,
        "longitude": 174.7405080555942,
        "latitude": -36.805230011356514,
        "group": "R0 - Red (229 points)",
        "canvasX": -112.27000000000001,
        "canvasY": -210.47,
        "variant": "northing_easting_direct"
      }
    },
    {
      "type": "Feature",
      "geometry": {
        "type": "Point",
        "coordinates": [
          -34.023905367357656,
          38.70374565117527,
          4.60870421572
        ]
      },
      "properties": {
        "id": "0_110",
        "camera": "R0 - Red (Point)",
        "frame": "0298",
        "image": "pano_camera0/frame_0298_hp_preview.jpg",
        "frameId": "0298",
        "height": -5.103073,
        "coords2D": "2D: (397888.889, 808264.863)",
        "coords3D_original": "3D_Original: (-793548.981, 426441.300, 0.000)",
        "coords3D": "3D: (-34.024, 38.704, 4.609)",
        "coordsMtEden": "MtEden: (397888.889, 808264.863, -5.103)",
        "easting": 397888.8885946326,
        "northing": 808264.8627456512,
        "longitude": 174.74050725981505,
        "latitude": -36.805237217688415,
        "group": "R0 - Red (229 points)",
        "canvasX": -113.43,
        "canvasY": -197.37,
        "variant": "northing_easting_direct"
      }
    },
    {
      "type": "Feature",
      "geometry": {
        "type": "Point",
        "coordinates": [
          -34.05381605430739,
          38.079283758299425,
          4.631430594399999
        ]
      },
      "properties": {
        "id": "0_111",
        "camera": "R0 - Red (Point)",
        "frame": "0299",
        "image": "pano_camera0/frame_0299_hp_preview.jpg",
        "frameId": "0299",
        "height": -4.860958,
        "coords2D": "2D: (397888.859, 808264.238)",
        "coords3D_original": "3D_Original: (-793548.981, 426441.300, 0.000)",
        "coords3D": "3D: (-34.054, 38.079, 4.631)",
        "coordsMtEden": "MtEden: (397888.859, 808264.238, -4.861)",
        "easting": 397888.85868394567,
        "northing": 808264.2382837583,
        "longitude": 174.7405069228721,
        "latitude": -36.805242845285115,
        "group": "R0 - Red (229 points)",
        "canvasX": -113.92,
        "canvasY": -187.14,
        "variant": "northing_easting_direct"
      }
    },
    {
      "type": "Feature",
      "geometry": {
        "type": "Point",
        "coordinates": [
          -34.133170938061085,
          36.88712923566345,
          4.655259335319999
        ]
      },
      "properties": {
        "id": "0_112",
        "camera": "R0 - Red (Point)",
        "frame": "0300",
        "image": "pano_camera0/frame_0300_hp_preview.jpg",
        "frameId": "0300",
        "height": -4.398749,
        "coords2D": "2D: (397888.779, 808263.046)",
        "coords3D_original": "3D_Original: (-793548.981, 426441.300, 0.000)",
        "coords3D": "3D: (-34.133, 36.887, 4.655)",
        "coordsMtEden": "MtEden: (397888.779, 808263.046, -4.399)",
        "easting": 397888.7793290619,
        "northing": 808263.0461292356,
        "longitude": 174.74050603022968,
        "latitude": -36.80525358882917,
        "group": "R0 - Red (229 points)",
        "canvasX": -115.22000000000001,
        "canvasY": -167.60999999999999,
        "variant": "northing_easting_direct"
      }
    },
    {
      "type": "Feature",
      "geometry": {
        "type": "Point",
        "coordinates": [
          -34.13988558208803,
          36.06183844478801,
          4.61045290344
        ]
      },
      "properties": {
        "id": "0_113",
        "camera": "R0 - Red (Point)",
        "frame": "0301",
        "image": "pano_camera0/frame_0301_hp_preview.jpg",
        "frameId": "0301",
        "height": -4.078772,
        "coords2D": "2D: (397888.773, 808262.221)",
        "coords3D_original": "3D_Original: (-793548.981, 426441.300, 0.000)",
        "coords3D": "3D: (-34.140, 36.062, 4.610)",
        "coordsMtEden": "MtEden: (397888.773, 808262.221, -4.079)",
        "easting": 397888.7726144179,
        "northing": 808262.2208384448,
        "longitude": 174.74050595268986,
        "latitude": -36.8052610263517,
        "group": "R0 - Red (229 points)",
        "canvasX": -115.33000000000001,
        "canvasY": -154.09,
        "variant": "northing_easting_direct"
      }
    },
    {
      "type": "Feature",
      "geometry": {
        "type": "Point",
        "coordinates": [
          -34.061141120502725,
          35.233495543012396,
          4.59931773248
        ]
      },
      "properties": {
        "id": "0_114",
        "camera": "R0 - Red (Middle)",
        "frame": "0302",
        "image": "pano_camera0/frame_0302_hp_preview.jpg",
        "frameId": "0302",
        "height": -3.757656,
        "coords2D": "2D: (397888.851, 808261.392)",
        "coords3D_original": "3D_Original: (-793548.981, 426441.300, 0.000)",
        "coords3D": "3D: (-34.061, 35.233, 4.599)",
        "coordsMtEden": "MtEden: (397888.851, 808261.392, -3.758)",
        "easting": 397888.8513588795,
        "northing": 808261.392495543,
        "longitude": 174.74050683288937,
        "latitude": -36.80526849157044,
        "group": "R0 - Red (229 points)",
        "canvasX": -114.04,
        "canvasY": -140.52,
        "variant": "northing_easting_direct"
      }
    },
    {
      "type": "Feature",
      "geometry": {
        "type": "Point",
        "coordinates": [
          -33.76569678413216,
          34.10360408294946,
          4.64226064724
        ]
      },
      "properties": {
        "id": "0_115",
        "camera": "R0 - Red (Point)",
        "frame": "0303",
        "image": "pano_camera0/frame_0303_hp_preview.jpg",
        "frameId": "0303",
        "height": -3.319754,
        "coords2D": "2D: (397889.147, 808260.263)",
        "coords3D_original": "3D_Original: (-793548.981, 426441.300, 0.000)",
        "coords3D": "3D: (-33.766, 34.104, 4.642)",
        "coordsMtEden": "MtEden: (397889.147, 808260.263, -3.320)",
        "easting": 397889.14680321584,
        "northing": 808260.2626040829,
        "longitude": 174.74051014082826,
        "latitude": -36.80527867483402,
        "group": "R0 - Red (229 points)",
        "canvasX": -109.2,
        "canvasY": -122.00999999999999,
        "variant": "northing_easting_direct"
      }
    },
    {
      "type": "Feature",
      "geometry": {
        "type": "Point",
        "coordinates": [
          -33.637508125801105,
          33.526144698262215,
          4.627464058839999
        ]
      },
      "properties": {
        "id": "0_116",
        "camera": "R0 - Red (Point)",
        "frame": "0304",
        "image": "pano_camera0/frame_0304_hp_preview.jpg",
        "frameId": "0304",
        "height": -3.09586,
        "coords2D": "2D: (397889.275, 808259.685)",
        "coords3D_original": "3D_Original: (-793548.981, 426441.300, 0.000)",
        "coords3D": "3D: (-33.638, 33.526, 4.627)",
        "coordsMtEden": "MtEden: (397889.275, 808259.685, -3.096)",
        "easting": 397889.2749918742,
        "northing": 808259.6851446982,
        "longitude": 174.74051157584952,
        "latitude": -36.80528387919554,
        "group": "R0 - Red (229 points)",
        "canvasX": -107.10000000000001,
        "canvasY": -112.55,
        "variant": "northing_easting_direct"
      }
    },
    {
      "type": "Feature",
      "geometry": {
        "type": "Point",
        "coordinates": [
          -33.47208371432498,
          32.16368238662835,
          4.6129102526
        ]
      },
      "properties": {
        "id": "0_117",
        "camera": "R0 - Red (Point)",
        "frame": "0305",
        "image": "pano_camera0/frame_0305_hp_preview.jpg",
        "frameId": "0305",
        "height": -2.567484,
        "coords2D": "2D: (397889.440, 808258.323)",
        "coords3D_original": "3D_Original: (-793548.981, 426441.300, 0.000)",
        "coords3D": "3D: (-33.472, 32.164, 4.613)",
        "coordsMtEden": "MtEden: (397889.440, 808258.323, -2.567)",
        "easting": 397889.44041628565,
        "northing": 808258.3226823866,
        "longitude": 174.74051342599964,
        "latitude": -36.80529615810245,
        "group": "R0 - Red (229 points)",
        "canvasX": -104.39,
        "canvasY": -90.23,
        "variant": "northing_easting_direct"
      }
    },
    {
      "type": "Feature",
      "geometry": {
        "type": "Point",
        "coordinates": [
          -33.632014326169156,
          30.807324296911247,
          4.59124358524
        ]
      },
      "properties": {
        "id": "0_118",
        "camera": "R0 - Red (Point)",
        "frame": "0306",
        "image": "pano_camera0/frame_0306_hp_preview.jpg",
        "frameId": "0306",
        "height": -2.041718,
        "coords2D": "2D: (397889.280, 808256.966)",
        "coords3D_original": "3D_Original: (-793548.981, 426441.300, 0.000)",
        "coords3D": "3D: (-33.632, 30.807, 4.591)",
        "coordsMtEden": "MtEden: (397889.280, 808256.966, -2.042)",
        "easting": 397889.2804856738,
        "northing": 808256.9663242969,
        "longitude": 174.7405116298825,
        "latitude": -36.80530838127275,
        "group": "R0 - Red (229 points)",
        "canvasX": -107.01,
        "canvasY": -68.01,
        "variant": "northing_easting_direct"
      }
    },
    {
      "type": "Feature",
      "geometry": {
        "type": "Point",
        "coordinates": [
          -33.88717079849448,
          29.947239441564307,
          4.58054148516
        ]
      },
      "properties": {
        "id": "0_119",
        "camera": "R0 - Red (Point)",
        "frame": "0307",
        "image": "pano_camera0/frame_0307_hp_preview.jpg",
        "frameId": "0307",
        "height": -1.708325,
        "coords2D": "2D: (397889.025, 808256.106)",
        "coords3D_original": "3D_Original: (-793548.981, 426441.300, 0.000)",
        "coords3D": "3D: (-33.887, 29.947, 4.581)",
        "coordsMtEden": "MtEden: (397889.025, 808256.106, -1.708)",
        "easting": 397889.0253292015,
        "northing": 808256.1062394415,
        "longitude": 174.74050876793515,
        "latitude": -36.8053161318062,
        "group": "R0 - Red (229 points)",
        "canvasX": -111.19000000000001,
        "canvasY": -53.919999999999995,
        "variant": "northing_easting_direct"
      }
    },
    {
      "type": "Feature",
      "geometry": {
        "type": "Point",
        "coordinates": [
          -34.00437185756164,
          29.749462654348463,
          4.6026412234
        ]
      },
      "properties": {
        "id": "0_120",
        "camera": "R0 - Red (Point)",
        "frame": "0308",
        "image": "pano_camera0/frame_0308_hp_preview.jpg",
        "frameId": "0308",
        "height": -1.631502,
        "coords2D": "2D: (397888.908, 808255.908)",
        "coords3D_original": "3D_Original: (-793548.981, 426441.300, 0.000)",
        "coords3D": "3D: (-34.004, 29.749, 4.603)",
        "coordsMtEden": "MtEden: (397888.908, 808255.908, -1.632)",
        "easting": 397888.9081281424,
        "northing": 808255.9084626543,
        "longitude": 174.74050745390323,
        "latitude": -36.805317913913356,
        "group": "R0 - Red (229 points)",
        "canvasX": -113.11000000000001,
        "canvasY": -50.68,
        "variant": "northing_easting_direct"
      }
    },
    {
      "type": "Feature",
      "geometry": {
        "type": "Point",
        "coordinates": [
          -34.9950870599132,
          29.015735190943815,
          4.6257744262400005
        ]
      },
      "properties": {
        "id": "0_121",
        "camera": "R0 - Red (Point)",
        "frame": "0309",
        "image": "pano_camera0/frame_0309_hp_preview.jpg",
        "frameId": "0309",
        "height": -1.347039,
        "coords2D": "2D: (397887.917, 808255.175)",
        "coords3D_original": "3D_Original: (-793548.981, 426441.300, 0.000)",
        "coords3D": "3D: (-34.995, 29.016, 4.626)",
        "coordsMtEden": "MtEden: (397887.917, 808255.175, -1.347)",
        "easting": 397887.91741294006,
        "northing": 808255.1747351909,
        "longitude": 174.74049634882687,
        "latitude": -36.80532452407093,
        "group": "R0 - Red (229 points)",
        "canvasX": -129.34,
        "canvasY": -38.66,
        "variant": "northing_easting_direct"
      }
    },
    {
      "type": "Feature",
      "geometry": {
        "type": "Point",
        "coordinates": [
          -36.20250213710824,
          29.032216589781456,
          4.68435710528
        ]
      },
      "properties": {
        "id": "0_122",
        "camera": "R0 - Red (Point)",
        "frame": "0310",
        "image": "pano_camera0/frame_0310_hp_preview.jpg",
        "frameId": "0310",
        "height": -1.353473,
        "coords2D": "2D: (397886.710, 808255.191)",
        "coords3D_original": "3D_Original: (-793548.981, 426441.300, 0.000)",
        "coords3D": "3D: (-36.203, 29.032, 4.684)",
        "coordsMtEden": "MtEden: (397886.710, 808255.191, -1.353)",
        "easting": 397886.70999786287,
        "northing": 808255.1912165898,
        "longitude": 174.74048281725382,
        "latitude": -36.805324372846336,
        "group": "R0 - Red (229 points)",
        "canvasX": -149.12,
        "canvasY": -38.93,
        "variant": "northing_easting_direct"
      }
    },
    {
      "type": "Feature",
      "geometry": {
        "type": "Point",
        "coordinates": [
          -36.79705334297614,
          29.60235090844799,
          4.64887810152
        ]
      },
      "properties": {
        "id": "0_123",
        "camera": "R0 - Red (Point)",
        "frame": "0311",
        "image": "pano_camera0/frame_0311_hp_preview.jpg",
        "frameId": "0311",
        "height": -1.574459,
        "coords2D": "2D: (397886.115, 808255.761)",
        "coords3D_original": "3D_Original: (-793548.981, 426441.300, 0.000)",
        "coords3D": "3D: (-36.797, 29.602, 4.649)",
        "coordsMtEden": "MtEden: (397886.115, 808255.761, -1.574)",
        "easting": 397886.115446657,
        "northing": 808255.7613509084,
        "longitude": 174.74047615564314,
        "latitude": -36.80531923345715,
        "group": "R0 - Red (229 points)",
        "canvasX": -158.86,
        "canvasY": -48.269999999999996,
        "variant": "northing_easting_direct"
      }
    },
    {
      "type": "Feature",
      "geometry": {
        "type": "Point",
        "coordinates": [
          -37.231063514831476,
          30.673031416721642,
          4.68901589808
        ]
      },
      "properties": {
        "id": "0_124",
        "camera": "R0 - Red (Point)",
        "frame": "0312",
        "image": "pano_camera0/frame_0312_hp_preview.jpg",
        "frameId": "0312",
        "height": -1.989563,
        "coords2D": "2D: (397885.681, 808256.832)",
        "coords3D_original": "3D_Original: (-793548.981, 426441.300, 0.000)",
        "coords3D": "3D: (-37.231, 30.673, 4.689)",
        "coordsMtEden": "MtEden: (397885.681, 808256.832, -1.990)",
        "easting": 397885.68143648515,
        "northing": 808256.8320314167,
        "longitude": 174.740471294622,
        "latitude": -36.8053095834936,
        "group": "R0 - Red (229 points)",
        "canvasX": -165.97,
        "canvasY": -65.81,
        "variant": "northing_easting_direct"
      }
    },
    {
      "type": "Feature",
      "geometry": {
        "type": "Point",
        "coordinates": [
          -37.406254681234714,
          31.476347009069286,
          4.69193256484
        ]
      },
      "properties": {
        "id": "0_125",
        "camera": "R0 - Red (Point)",
        "frame": "0313",
        "image": "pano_camera0/frame_0313_hp_preview.jpg",
        "frameId": "0313",
        "height": -2.301038,
        "coords2D": "2D: (397885.506, 808257.635)",
        "coords3D_original": "3D_Original: (-793548.981, 426441.300, 0.000)",
        "coords3D": "3D: (-37.406, 31.476, 4.692)",
        "coordsMtEden": "MtEden: (397885.506, 808257.635, -2.301)",
        "easting": 397885.50624531874,
        "northing": 808257.635347009,
        "longitude": 174.74046933346864,
        "latitude": -36.80530234360591,
        "group": "R0 - Red (229 points)",
        "canvasX": -168.84,
        "canvasY": -78.97,
        "variant": "northing_easting_direct"
      }
    },
    {
      "type": "Feature",
      "geometry": {
        "type": "Point",
        "coordinates": [
          -37.49232420895714,
          32.20335982844699,
          4.68838269596
        ]
      },
      "properties": {
        "id": "0_126",
        "camera": "R0 - Red (Point)",
        "frame": "0314",
        "image": "pano_camera0/frame_0314_hp_preview.jpg",
        "frameId": "0314",
        "height": -2.582849,
        "coords2D": "2D: (397885.420, 808258.362)",
        "coords3D_original": "3D_Original: (-793548.981, 426441.300, 0.000)",
        "coords3D": "3D: (-37.492, 32.203, 4.688)",
        "coordsMtEden": "MtEden: (397885.420, 808258.362, -2.583)",
        "easting": 397885.420175791,
        "northing": 808258.3623598284,
        "longitude": 174.74046837089827,
        "latitude": -36.80529579155933,
        "group": "R0 - Red (229 points)",
        "canvasX": -170.25,
        "canvasY": -90.88,
        "variant": "northing_easting_direct"
      }
    },
    {
      "type": "Feature",
      "geometry": {
        "type": "Point",
        "coordinates": [
          -37.74870152567746,
          33.97419458022341,
          4.6931267906
        ]
      },
      "properties": {
        "id": "0_127",
        "camera": "R0 - Red (Point)",
        "frame": "0315",
        "image": "pano_camera0/frame_0315_hp_preview.jpg",
        "frameId": "0315",
        "height": -3.269538,
        "coords2D": "2D: (397885.164, 808260.133)",
        "coords3D_original": "3D_Original: (-793548.981, 426441.300, 0.000)",
        "coords3D": "3D: (-37.749, 33.974, 4.693)",
        "coordsMtEden": "MtEden: (397885.164, 808260.133, -3.270)",
        "easting": 397885.1637984743,
        "northing": 808260.1331945802,
        "longitude": 174.740465502572,
        "latitude": -36.805279832187836,
        "group": "R0 - Red (229 points)",
        "canvasX": -174.45000000000002,
        "canvasY": -119.89,
        "variant": "northing_easting_direct"
      }
    },
    {
      "type": "Feature",
      "geometry": {
        "type": "Point",
        "coordinates": [
          -37.77922263479559,
          34.102993660839275,
          4.70556773588
        ]
      },
      "properties": {
        "id": "0_128",
        "camera": "R0 - Red (Point)",
        "frame": "0316",
        "image": "pano_camera0/frame_0316_hp_preview.jpg",
        "frameId": "0316",
        "height": -3.319462,
        "coords2D": "2D: (397885.133, 808260.262)",
        "coords3D_original": "3D_Original: (-793548.981, 426441.300, 0.000)",
        "coords3D": "3D: (-37.779, 34.103, 4.706)",
        "coordsMtEden": "MtEden: (397885.133, 808260.262, -3.319)",
        "easting": 397885.1332773652,
        "northing": 808260.2619936608,
        "longitude": 174.74046516087685,
        "latitude": -36.805278671379725,
        "group": "R0 - Red (229 points)",
        "canvasX": -174.95000000000002,
        "canvasY": -122,
        "variant": "northing_easting_direct"
      }
    },
    {
      "type": "Feature",
      "geometry": {
        "type": "Point",
        "coordinates": [
          -38.07527739339275,
          35.229222587659024,
          4.67464253804
        ]
      },
      "properties": {
        "id": "0_129",
        "camera": "R0 - Red (Point)",
        "frame": "0317",
        "image": "pano_camera0/frame_0317_hp_preview.jpg",
        "frameId": "0317",
        "height": -3.756129,
        "coords2D": "2D: (397884.837, 808261.388)",
        "coords3D_original": "3D_Original: (-793548.981, 426441.300, 0.000)",
        "coords3D": "3D: (-38.075, 35.229, 4.675)",
        "coordsMtEden": "MtEden: (397884.837, 808261.388, -3.756)",
        "easting": 397884.8372226066,
        "northing": 808261.3882225876,
        "longitude": 174.7404618460927,
        "latitude": -36.805268521120354,
        "group": "R0 - Red (229 points)",
        "canvasX": -179.8,
        "canvasY": -140.45,
        "variant": "northing_easting_direct"
      }
    },
    {
      "type": "Feature",
      "geometry": {
        "type": "Point",
        "coordinates": [
          -38.79130261356477,
          36.24496509961318,
          4.65092862652
        ]
      },
      "properties": {
        "id": "0_130",
        "camera": "R0 - Red (Point)",
        "frame": "0318",
        "image": "pano_camera0/frame_0318_hp_preview.jpg",
        "frameId": "0318",
        "height": -4.149968,
        "coords2D": "2D: (397884.121, 808262.404)",
        "coords3D_original": "3D_Original: (-793548.981, 426441.300, 0.000)",
        "coords3D": "3D: (-38.791, 36.245, 4.651)",
        "coordsMtEden": "MtEden: (397884.121, 808262.404, -4.150)",
        "easting": 397884.1211973864,
        "northing": 808262.4039650996,
        "longitude": 174.74045382435642,
        "latitude": -36.80525936562835,
        "group": "R0 - Red (229 points)",
        "canvasX": -191.53,
        "canvasY": -157.09,
        "variant": "northing_easting_direct"
      }
    },
    {
      "type": "Feature",
      "geometry": {
        "type": "Point",
        "coordinates": [
          -39.11848890344845,
          36.27121325337794,
          4.65917665828
        ]
      },
      "properties": {
        "id": "0_131",
        "camera": "R0 - Red (Point)",
        "frame": "0319",
        "image": "pano_camera0/frame_0319_hp_preview.jpg",
        "frameId": "0319",
        "height": -4.160091,
        "coords2D": "2D: (397883.794, 808262.430)",
        "coords3D_original": "3D_Original: (-793548.981, 426441.300, 0.000)",
        "coords3D": "3D: (-39.118, 36.271, 4.659)",
        "coordsMtEden": "MtEden: (397883.794, 808262.430, -4.160)",
        "easting": 397883.7940110965,
        "northing": 808262.4302132534,
        "longitude": 174.74045015762374,
        "latitude": -36.80525912834831,
        "group": "R0 - Red (229 points)",
        "canvasX": -196.89000000000001,
        "canvasY": -157.52,
        "variant": "northing_easting_direct"
      }
    },
    {
      "type": "Feature",
      "geometry": {
        "type": "Point",
        "coordinates": [
          -40.00665317918174,
          36.022771425079554,
          4.74289385256
        ]
      },
      "properties": {
        "id": "0_132",
        "camera": "R0 - Red (Point)",
        "frame": "0320",
        "image": "pano_camera0/frame_0320_hp_preview.jpg",
        "frameId": "0320",
        "height": -4.06373,
        "coords2D": "2D: (397882.906, 808262.182)",
        "coords3D_original": "3D_Original: (-793548.981, 426441.300, 0.000)",
        "coords3D": "3D: (-40.007, 36.023, 4.743)",
        "coordsMtEden": "MtEden: (397882.906, 808262.182, -4.064)",
        "easting": 397882.9058468208,
        "northing": 808262.1817714251,
        "longitude": 174.7404402031976,
        "latitude": -36.805261365325826,
        "group": "R0 - Red (229 points)",
        "canvasX": -211.44,
        "canvasY": -153.45,
        "variant": "northing_easting_direct"
      }
    },
    {
      "type": "Feature",
      "geometry": {
        "type": "Point",
        "coordinates": [
          -41.357517469266895,
          34.786056083161384,
          4.77815632088
        ]
      },
      "properties": {
        "id": "0_133",
        "camera": "R0 - Red (Point)",
        "frame": "0321",
        "image": "pano_camera0/frame_0321_hp_preview.jpg",
        "frameId": "0321",
        "height": -3.584243,
        "coords2D": "2D: (397881.555, 808260.945)",
        "coords3D_original": "3D_Original: (-793548.981, 426441.300, 0.000)",
        "coords3D": "3D: (-41.358, 34.786, 4.778)",
        "coordsMtEden": "MtEden: (397881.555, 808260.945, -3.584)",
        "easting": 397881.5549825307,
        "northing": 808260.9450560831,
        "longitude": 174.7404250605012,
        "latitude": -36.80527250760858,
        "group": "R0 - Red (229 points)",
        "canvasX": -233.57,
        "canvasY": -133.19,
        "variant": "northing_easting_direct"
      }
    },
    {
      "type": "Feature",
      "geometry": {
        "type": "Point",
        "coordinates": [
          -41.43015770899365,
          34.70242824417073,
          4.7772442473600005
        ]
      },
      "properties": {
        "id": "0_134",
        "camera": "R0 - Red (Point)",
        "frame": "0322",
        "image": "pano_camera0/frame_0322_hp_preview.jpg",
        "frameId": "0322",
        "height": -3.551875,
        "coords2D": "2D: (397881.482, 808260.861)",
        "coords3D_original": "3D_Original: (-793548.981, 426441.300, 0.000)",
        "coords3D": "3D: (-41.430, 34.702, 4.777)",
        "coordsMtEden": "MtEden: (397881.482, 808260.861, -3.552)",
        "easting": 397881.482342291,
        "northing": 808260.8614282442,
        "longitude": 174.74042424618278,
        "latitude": -36.80527326110187,
        "group": "R0 - Red (229 points)",
        "canvasX": -234.76,
        "canvasY": -131.82,
        "variant": "northing_easting_direct"
      }
    },
    {
      "type": "Feature",
      "geometry": {
        "type": "Point",
        "coordinates": [
          -41.72865415632259,
          33.499896544381045,
          4.74427836704
        ]
      },
      "properties": {
        "id": "0_135",
        "camera": "R0 - Red (Point)",
        "frame": "0323",
        "image": "pano_camera0/frame_0323_hp_preview.jpg",
        "frameId": "0323",
        "height": -3.085604,
        "coords2D": "2D: (397881.184, 808259.659)",
        "coords3D_original": "3D_Original: (-793548.981, 426441.300, 0.000)",
        "coords3D": "3D: (-41.729, 33.500, 4.744)",
        "coordsMtEden": "MtEden: (397881.184, 808259.659, -3.086)",
        "easting": 397881.18384584365,
        "northing": 808259.6588965444,
        "longitude": 174.74042089755997,
        "latitude": -36.80528409767423,
        "group": "R0 - Red (229 points)",
        "canvasX": -239.65,
        "canvasY": -112.12,
        "variant": "northing_easting_direct"
      }
    },
    {
      "type": "Feature",
      "geometry": {
        "type": "Point",
        "coordinates": [
          -41.579711143742315,
          32.27233753516339,
          4.77699490352
        ]
      },
      "properties": {
        "id": "0_136",
        "camera": "R0 - Red (Point)",
        "frame": "0324",
        "image": "pano_camera0/frame_0324_hp_preview.jpg",
        "frameId": "0324",
        "height": -2.609732,
        "coords2D": "2D: (397881.333, 808258.431)",
        "coords3D_original": "3D_Original: (-793548.981, 426441.300, 0.000)",
        "coords3D": "3D: (-41.580, 32.272, 4.777)",
        "coordsMtEden": "MtEden: (397881.333, 808258.431, -2.610)",
        "easting": 397881.33278885623,
        "northing": 808258.4313375351,
        "longitude": 174.7404225633624,
        "latitude": -36.80529516079435,
        "group": "R0 - Red (229 points)",
        "canvasX": -237.21,
        "canvasY": -92.00999999999999,
        "variant": "northing_easting_direct"
      }
    },
    {
      "type": "Feature",
      "geometry": {
        "type": "Point",
        "coordinates": [
          -41.596802964864764,
          32.147811409900896,
          4.752916818759999
        ]
      },
      "properties": {
        "id": "0_137",
        "camera": "R0 - Red (Point)",
        "frame": "0325",
        "image": "pano_camera0/frame_0325_hp_preview.jpg",
        "frameId": "0325",
        "height": -2.561348,
        "coords2D": "2D: (397881.316, 808258.307)",
        "coords3D_original": "3D_Original: (-793548.981, 426441.300, 0.000)",
        "coords3D": "3D: (-41.597, 32.148, 4.753)",
        "coordsMtEden": "MtEden: (397881.316, 808258.307, -2.561)",
        "easting": 397881.3156970351,
        "northing": 808258.3068114099,
        "longitude": 174.74042237146628,
        "latitude": -36.80529628298809,
        "group": "R0 - Red (229 points)",
        "canvasX": -237.49,
        "canvasY": -89.97,
        "variant": "northing_easting_direct"
      }
    },
    {
      "type": "Feature",
      "geometry": {
        "type": "Point",
        "coordinates": [
          -42.15717052848777,
          30.988009262946434,
          4.74968519136
        ]
      },
      "properties": {
        "id": "0_138",
        "camera": "R0 - Red (Point)",
        "frame": "0326",
        "image": "pano_camera0/frame_0326_hp_preview.jpg",
        "frameId": "0326",
        "height": -2.11189,
        "coords2D": "2D: (397880.755, 808257.147)",
        "coords3D_original": "3D_Original: (-793548.981, 426441.300, 0.000)",
        "coords3D": "3D: (-42.157, 30.988, 4.750)",
        "coordsMtEden": "MtEden: (397880.755, 808257.147, -2.112)",
        "easting": 397880.7553294715,
        "northing": 808257.1470092629,
        "longitude": 174.7404160881466,
        "latitude": -36.80530673389473,
        "group": "R0 - Red (229 points)",
        "canvasX": -246.67000000000002,
        "canvasY": -70.97,
        "variant": "northing_easting_direct"
      }
    },
    {
      "type": "Feature",
      "geometry": {
        "type": "Point",
        "coordinates": [
          -42.84145379520487,
          30.85982060455717,
          4.7516733804
        ]
      },
      "properties": {
        "id": "0_139",
        "camera": "R0 - Red (Point)",
        "frame": "0327",
        "image": "pano_camera0/frame_0327_hp_preview.jpg",
        "frameId": "0327",
        "height": -2.062078,
        "coords2D": "2D: (397880.071, 808257.019)",
        "coords3D_original": "3D_Original: (-793548.981, 426441.300, 0.000)",
        "coords3D": "3D: (-42.841, 30.860, 4.752)",
        "coordsMtEden": "MtEden: (397880.071, 808257.019, -2.062)",
        "easting": 397880.0710462048,
        "northing": 808257.0188206045,
        "longitude": 174.740408418962,
        "latitude": -36.80530788760181,
        "group": "R0 - Red (229 points)",
        "canvasX": -257.88,
        "canvasY": -68.87,
        "variant": "northing_easting_direct"
      }
    },
    {
      "type": "Feature",
      "geometry": {
        "type": "Point",
        "coordinates": [
          -43.18817359494278,
          30.962371531291865,
          4.78593519252
        ]
      },
      "properties": {
        "id": "0_140",
        "camera": "R0 - Red (Point)",
        "frame": "0328",
        "image": "pano_camera0/frame_0328_hp_preview.jpg",
        "frameId": "0328",
        "height": -2.101845,
        "coords2D": "2D: (397879.724, 808257.121)",
        "coords3D_original": "3D_Original: (-793548.981, 426441.300, 0.000)",
        "coords3D": "3D: (-43.188, 30.962, 4.786)",
        "coordsMtEden": "MtEden: (397879.724, 808257.121, -2.102)",
        "easting": 397879.72432640503,
        "northing": 808257.1213715313,
        "longitude": 174.74040453352575,
        "latitude": -36.805306962634475,
        "group": "R0 - Red (229 points)",
        "canvasX": -263.56,
        "canvasY": -70.55,
        "variant": "northing_easting_direct"
      }
    },
    {
      "type": "Feature",
      "geometry": {
        "type": "Point",
        "coordinates": [
          -43.68627809593454,
          31.317026819335297,
          4.80495094116
        ]
      },
      "properties": {
        "id": "0_141",
        "camera": "R0 - Red (Point)",
        "frame": "0329",
        "image": "pano_camera0/frame_0329_hp_preview.jpg",
        "frameId": "0329",
        "height": -2.239411,
        "coords2D": "2D: (397879.226, 808257.476)",
        "coords3D_original": "3D_Original: (-793548.981, 426441.300, 0.000)",
        "coords3D": "3D: (-43.686, 31.317, 4.805)",
        "coordsMtEden": "MtEden: (397879.226, 808257.476, -2.239)",
        "easting": 397879.22622190404,
        "northing": 808257.4760268193,
        "longitude": 174.74039895220895,
        "latitude": -36.805303765358325,
        "group": "R0 - Red (229 points)",
        "canvasX": -271.72,
        "canvasY": -76.36,
        "variant": "northing_easting_direct"
      }
    },
    {
      "type": "Feature",
      "geometry": {
        "type": "Point",
        "coordinates": [
          -44.598859258927405,
          31.655811130651273,
          4.83370750376
        ]
      },
      "properties": {
        "id": "0_142",
        "camera": "R0 - Red (Point)",
        "frame": "0330",
        "image": "pano_camera0/frame_0330_hp_preview.jpg",
        "frameId": "0330",
        "height": -2.37076,
        "coords2D": "2D: (397878.314, 808257.815)",
        "coords3D_original": "3D_Original: (-793548.981, 426441.300, 0.000)",
        "coords3D": "3D: (-44.599, 31.656, 4.834)",
        "coordsMtEden": "MtEden: (397878.314, 808257.815, -2.371)",
        "easting": 397878.31364074105,
        "northing": 808257.8148111306,
        "longitude": 174.74038872576944,
        "latitude": -36.805300710182884,
        "group": "R0 - Red (229 points)",
        "canvasX": -286.67,
        "canvasY": -81.91,
        "variant": "northing_easting_direct"
      }
    },
    {
      "type": "Feature",
      "geometry": {
        "type": "Point",
        "coordinates": [
          -44.899186972819734,
          31.425071545643732,
          4.83370094208
        ]
      },
      "properties": {
        "id": "0_143",
        "camera": "R0 - Red (Point)",
        "frame": "0331",
        "image": "pano_camera0/frame_0331_hp_preview.jpg",
        "frameId": "0331",
        "height": -2.28112,
        "coords2D": "2D: (397878.013, 808257.584)",
        "coords3D_original": "3D_Original: (-793548.981, 426441.300, 0.000)",
        "coords3D": "3D: (-44.899, 31.425, 4.834)",
        "coordsMtEden": "MtEden: (397878.013, 808257.584, -2.281)",
        "easting": 397878.01331302716,
        "northing": 808257.5840715456,
        "longitude": 174.7403853593254,
        "latitude": -36.80530278893975,
        "group": "R0 - Red (229 points)",
        "canvasX": -291.59000000000003,
        "canvasY": -78.13,
        "variant": "northing_easting_direct"
      }
    },
    {
      "type": "Feature",
      "geometry": {
        "type": "Point",
        "coordinates": [
          -44.50851677590981,
          30.392847634851933,
          4.7982613084
        ]
      },
      "properties": {
        "id": "0_144",
        "camera": "R0 - Red (Point)",
        "frame": "0332",
        "image": "pano_camera0/frame_0332_hp_preview.jpg",
        "frameId": "0332",
        "height": -1.880987,
        "coords2D": "2D: (397878.404, 808256.552)",
        "coords3D_original": "3D_Original: (-793548.981, 426441.300, 0.000)",
        "coords3D": "3D: (-44.509, 30.393, 4.798)",
        "coordsMtEden": "MtEden: (397878.404, 808256.552, -1.881)",
        "easting": 397878.40398322407,
        "northing": 808256.5518476348,
        "longitude": 174.74038973472716,
        "latitude": -36.80531209223808,
        "group": "R0 - Red (229 points)",
        "canvasX": -285.19,
        "canvasY": -61.22,
        "variant": "northing_easting_direct"
      }
    },
    {
      "type": "Feature",
      "geometry": {
        "type": "Point",
        "coordinates": [
          -44.06657111569075,
          30.0607779675629,
          4.76805133368
        ]
      },
      "properties": {
        "id": "0_145",
        "camera": "R0 - Red (Point)",
        "frame": "0333",
        "image": "pano_camera0/frame_0333_hp_preview.jpg",
        "frameId": "0333",
        "height": -1.752377,
        "coords2D": "2D: (397878.846, 808256.220)",
        "coords3D_original": "3D_Original: (-793548.981, 426441.300, 0.000)",
        "coords3D": "3D: (-44.067, 30.061, 4.768)",
        "coordsMtEden": "MtEden: (397878.846, 808256.220, -1.752)",
        "easting": 397878.8459288843,
        "northing": 808256.2197779675,
        "longitude": 174.74039468672953,
        "latitude": -36.80531508584678,
        "group": "R0 - Red (229 points)",
        "canvasX": -277.95,
        "canvasY": -55.78,
        "variant": "northing_easting_direct"
      }
    },
    {
      "type": "Feature",
      "geometry": {
        "type": "Point",
        "coordinates": [
          -43.37801489373669,
          29.332544303731993,
          4.750905663839999
        ]
      },
      "properties": {
        "id": "0_146",
        "camera": "R0 - Red (Point)",
        "frame": "0334",
        "image": "pano_camera0/frame_0334_hp_preview.jpg",
        "frameId": "0334",
        "height": -1.470004,
        "coords2D": "2D: (397879.534, 808255.492)",
        "coords3D_original": "3D_Original: (-793548.981, 426441.300, 0.000)",
        "coords3D": "3D: (-43.378, 29.333, 4.751)",
        "coordsMtEden": "MtEden: (397879.534, 808255.492, -1.470)",
        "easting": 397879.53448510624,
        "northing": 808255.4915443037,
        "longitude": 174.7404024014175,
        "latitude": -36.80532165024557,
        "group": "R0 - Red (229 points)",
        "canvasX": -266.67,
        "canvasY": -43.849999999999994,
        "variant": "northing_easting_direct"
      }
    },
    {
      "type": "Feature",
      "geometry": {
        "type": "Point",
        "coordinates": [
          -43.11492293304764,
          28.87289640016388,
          4.75819569032
        ]
      },
      "properties": {
        "id": "0_147",
        "camera": "R0 - Red (Point)",
        "frame": "0335",
        "image": "pano_camera0/frame_0335_hp_preview.jpg",
        "frameId": "0335",
        "height": -1.291863,
        "coords2D": "2D: (397879.798, 808255.032)",
        "coords3D_original": "3D_Original: (-793548.981, 426441.300, 0.000)",
        "coords3D": "3D: (-43.115, 28.873, 4.758)",
        "coordsMtEden": "MtEden: (397879.798, 808255.032, -1.292)",
        "easting": 397879.7975770669,
        "northing": 808255.0318964001,
        "longitude": 174.74040534863485,
        "latitude": -36.80532579319095,
        "group": "R0 - Red (229 points)",
        "canvasX": -262.36,
        "canvasY": -36.32,
        "variant": "northing_easting_direct"
      }
    },
    {
      "type": "Feature",
      "geometry": {
        "type": "Point",
        "coordinates": [
          -42.79872424242785,
          28.374791899113916,
          4.7267718048
        ]
      },
      "properties": {
        "id": "0_148",
        "camera": "R0 - Red (Point)",
        "frame": "0336",
        "image": "pano_camera0/frame_0336_hp_preview.jpg",
        "frameId": "0336",
        "height": -1.098765,
        "coords2D": "2D: (397880.114, 808254.534)",
        "coords3D_original": "3D_Original: (-793548.981, 426441.300, 0.000)",
        "coords3D": "3D: (-42.799, 28.375, 4.727)",
        "coordsMtEden": "MtEden: (397880.114, 808254.534, -1.099)",
        "easting": 397880.11377575755,
        "northing": 808254.5337918991,
        "longitude": 174.7404088909178,
        "latitude": -36.80533028282679,
        "group": "R0 - Red (229 points)",
        "canvasX": -257.18,
        "canvasY": -28.159999999999997,
        "variant": "northing_easting_direct"
      }
    },
    {
      "type": "Feature",
      "geometry": {
        "type": "Point",
        "coordinates": [
          -42.213939791487064,
          27.19057286484167,
          4.696391226399999
        ]
      },
      "properties": {
        "id": "0_149",
        "camera": "R0 - Red (Point)",
        "frame": "0337",
        "image": "pano_camera0/frame_0337_hp_preview.jpg",
        "frameId": "0337",
        "height": -0.639499,
        "coords2D": "2D: (397880.699, 808253.350)",
        "coords3D_original": "3D_Original: (-793548.981, 426441.300, 0.000)",
        "coords3D": "3D: (-42.214, 27.191, 4.696)",
        "coordsMtEden": "MtEden: (397880.699, 808253.350, -0.639)",
        "easting": 397880.6985602085,
        "northing": 808253.3495728648,
        "longitude": 174.74041544135878,
        "latitude": -36.80534095634181,
        "group": "R0 - Red (229 points)",
        "canvasX": -247.60000000000002,
        "canvasY": -8.76,
        "variant": "northing_easting_direct"
      }
    },
    {
      "type": "Feature",
      "geometry": {
        "type": "Point",
        "coordinates": [
          -41.928872632212006,
          26.594800814636983,
          4.7052035626399995
        ]
      },
      "properties": {
        "id": "0_150",
        "camera": "R0 - Red (Point)",
        "frame": "0338",
        "image": "pano_camera0/frame_0338_hp_preview.jpg",
        "frameId": "0338",
        "height": -0.408591,
        "coords2D": "2D: (397880.984, 808252.754)",
        "coords3D_original": "3D_Original: (-793548.981, 426441.300, 0.000)",
        "coords3D": "3D: (-41.929, 26.595, 4.705)",
        "coordsMtEden": "MtEden: (397880.984, 808252.754, -0.409)",
        "easting": 397880.98362736776,
        "northing": 808252.7538008146,
        "longitude": 174.740418634477,
        "latitude": -36.80534632608962,
        "group": "R0 - Red (229 points)",
        "canvasX": -242.93,
        "canvasY": 1,
        "variant": "northing_easting_direct"
      }
    },
    {
      "type": "Feature",
      "geometry": {
        "type": "Point",
        "coordinates": [
          -41.31356707215309,
          25.012586517375894,
          4.68475080608
        ]
      },
      "properties": {
        "id": "0_151",
        "camera": "R0 - Red (Point)",
        "frame": "0339",
        "image": "pano_camera0/frame_0339_hp_preview.jpg",
        "frameId": "0339",
        "height": 0.204905,
        "coords2D": "2D: (397881.599, 808251.172)",
        "coords3D_original": "3D_Original: (-793548.981, 426441.300, 0.000)",
        "coords3D": "3D: (-41.314, 25.013, 4.685)",
        "coordsMtEden": "MtEden: (397881.599, 808251.172, 0.205)",
        "easting": 397881.5989329278,
        "northing": 808251.1715865174,
        "longitude": 174.74042552586667,
        "latitude": -36.805360586413755,
        "group": "R0 - Red (229 points)",
        "canvasX": -232.85000000000002,
        "canvasY": 26.92,
        "variant": "northing_easting_direct"
      }
    },
    {
      "type": "Feature",
      "geometry": {
        "type": "Point",
        "coordinates": [
          -41.0651252437965,
          23.96937500720378,
          4.769927974160001
        ]
      },
      "properties": {
        "id": "0_152",
        "camera": "R0 - Red (Point)",
        "frame": "0340",
        "image": "pano_camera0/frame_0340_hp_preview.jpg",
        "frameId": "0340",
        "height": 0.609338,
        "coords2D": "2D: (397881.847, 808250.128)",
        "coords3D_original": "3D_Original: (-793548.981, 426441.300, 0.000)",
        "coords3D": "3D: (-41.065, 23.969, 4.770)",
        "coordsMtEden": "MtEden: (397881.847, 808250.128, 0.609)",
        "easting": 397881.8473747562,
        "northing": 808250.1283750072,
        "longitude": 174.74042830727788,
        "latitude": -36.80536998841285,
        "group": "R0 - Red (229 points)",
        "canvasX": -228.78,
        "canvasY": 44.010000000000005,
        "variant": "northing_easting_direct"
      }
    },
    {
      "type": "Feature",
      "geometry": {
        "type": "Point",
        "coordinates": [
          -40.98088698263746,
          23.694074602914043,
          4.74977377404
        ]
      },
      "properties": {
        "id": "0_153",
        "camera": "R0 - Red (Point)",
        "frame": "0341",
        "image": "pano_camera0/frame_0341_hp_preview.jpg",
        "frameId": "0341",
        "height": 0.716036,
        "coords2D": "2D: (397881.932, 808249.853)",
        "coords3D_original": "3D_Original: (-793548.981, 426441.300, 0.000)",
        "coords3D": "3D: (-40.981, 23.694, 4.750)",
        "coordsMtEden": "MtEden: (397881.932, 808249.853, 0.716)",
        "easting": 397881.93161301734,
        "northing": 808249.8530746029,
        "longitude": 174.74042925057907,
        "latitude": -36.805372469614106,
        "group": "R0 - Red (229 points)",
        "canvasX": -227.4,
        "canvasY": 48.52,
        "variant": "northing_easting_direct"
      }
    },
    {
      "type": "Feature",
      "geometry": {
        "type": "Point",
        "coordinates": [
          -40.650038159627,
          22.90846125385724,
          4.75492797368
        ]
      },
      "properties": {
        "id": "0_154",
        "camera": "R0 - Red (Point)",
        "frame": "0342",
        "image": "pano_camera0/frame_0342_hp_preview.jpg",
        "frameId": "0342",
        "height": 1.020485,
        "coords2D": "2D: (397882.262, 808249.067)",
        "coords3D_original": "3D_Original: (-793548.981, 426441.300, 0.000)",
        "coords3D": "3D: (-40.650, 22.908, 4.755)",
        "coordsMtEden": "MtEden: (397882.262, 808249.067, 1.020)",
        "easting": 397882.26246184035,
        "northing": 808249.0674612538,
        "longitude": 174.7404329562515,
        "latitude": -36.80537955031753,
        "group": "R0 - Red (229 points)",
        "canvasX": -221.98000000000002,
        "canvasY": 61.39,
        "variant": "northing_easting_direct"
      }
    },
    {
      "type": "Feature",
      "geometry": {
        "type": "Point",
        "coordinates": [
          -40.048161887563765,
          22.007478112354875,
          4.76827771164
        ]
      },
      "properties": {
        "id": "0_155",
        "camera": "R0 - Red (Point)",
        "frame": "0343",
        "image": "pano_camera0/frame_0343_hp_preview.jpg",
        "frameId": "0343",
        "height": 1.369897,
        "coords2D": "2D: (397882.864, 808248.166)",
        "coords3D_original": "3D_Original: (-793548.981, 426441.300, 0.000)",
        "coords3D": "3D: (-40.048, 22.007, 4.768)",
        "coordsMtEden": "MtEden: (397882.864, 808248.166, 1.370)",
        "easting": 397882.8643381124,
        "northing": 808248.1664781123,
        "longitude": 174.7404396990374,
        "latitude": -36.80538767134176,
        "group": "R0 - Red (229 points)",
        "canvasX": -212.12,
        "canvasY": 76.15,
        "variant": "northing_easting_direct"
      }
    },
    {
      "type": "Feature",
      "geometry": {
        "type": "Point",
        "coordinates": [
          -40.16170041356236,
          21.110767926089466,
          4.80038729272
        ]
      },
      "properties": {
        "id": "0_156",
        "camera": "R0 - Red (Point)",
        "frame": "0344",
        "image": "pano_camera0/frame_0344_hp_preview.jpg",
        "frameId": "0344",
        "height": 1.717539,
        "coords2D": "2D: (397882.751, 808247.270)",
        "coords3D_original": "3D_Original: (-793548.981, 426441.300, 0.000)",
        "coords3D": "3D: (-40.162, 21.111, 4.800)",
        "coordsMtEden": "MtEden: (397882.751, 808247.270, 1.718)",
        "easting": 397882.7507995864,
        "northing": 808247.2697679261,
        "longitude": 174.74043842410563,
        "latitude": -36.80539575225827,
        "group": "R0 - Red (229 points)",
        "canvasX": -213.98000000000002,
        "canvasY": 90.84,
        "variant": "northing_easting_direct"
      }
    },
    {
      "type": "Feature",
      "geometry": {
        "type": "Point",
        "coordinates": [
          -40.81180003803456,
          21.32502611214295,
          4.81267731936
        ]
      },
      "properties": {
        "id": "0_157",
        "camera": "R0 - Red (Point)",
        "frame": "0345",
        "image": "pano_camera0/frame_0345_hp_preview.jpg",
        "frameId": "0345",
        "height": 1.634547,
        "coords2D": "2D: (397882.101, 808247.484)",
        "coords3D_original": "3D_Original: (-793548.981, 426441.300, 0.000)",
        "coords3D": "3D: (-40.812, 21.325, 4.813)",
        "coordsMtEden": "MtEden: (397882.101, 808247.484, 1.635)",
        "easting": 397882.10069996194,
        "northing": 808247.4840261121,
        "longitude": 174.74043113896482,
        "latitude": -36.805393819905326,
        "group": "R0 - Red (229 points)",
        "canvasX": -224.63,
        "canvasY": 87.33,
        "variant": "northing_easting_direct"
      }
    },
    {
      "type": "Feature",
      "geometry": {
        "type": "Point",
        "coordinates": [
          -41.320281716121826,
          21.800544992438518,
          4.80212941876
        ]
      },
      "properties": {
        "id": "0_158",
        "camera": "R0 - Red (Point)",
        "frame": "0346",
        "image": "pano_camera0/frame_0346_hp_preview.jpg",
        "frameId": "0346",
        "height": 1.45,
        "coords2D": "2D: (397881.592, 808247.960)",
        "coords3D_original": "3D_Original: (-793548.981, 426441.300, 0.000)",
        "coords3D": "3D: (-41.320, 21.801, 4.802)",
        "coordsMtEden": "MtEden: (397881.592, 808247.960, 1.450)",
        "easting": 397881.59221828385,
        "northing": 808247.9595449924,
        "longitude": 174.74042544167875,
        "latitude": -36.805389533382126,
        "group": "R0 - Red (229 points)",
        "canvasX": -232.96,
        "canvasY": 79.54,
        "variant": "northing_easting_direct"
      }
    },
    {
      "type": "Feature",
      "geometry": {
        "type": "Point",
        "coordinates": [
          -41.582152832474094,
          22.335885246633552,
          4.79973112472
        ]
      },
      "properties": {
        "id": "0_159",
        "camera": "R0 - Red (Point)",
        "frame": "0347",
        "image": "pano_camera0/frame_0347_hp_preview.jpg",
        "frameId": "0347",
        "height": 1.242631,
        "coords2D": "2D: (397881.330, 808248.495)",
        "coords3D_original": "3D_Original: (-793548.981, 426441.300, 0.000)",
        "coords3D": "3D: (-41.582, 22.336, 4.800)",
        "coordsMtEden": "MtEden: (397881.330, 808248.495, 1.243)",
        "easting": 397881.3303471675,
        "northing": 808248.4948852466,
        "longitude": 174.74042250835063,
        "latitude": -36.805384708299016,
        "group": "R0 - Red (229 points)",
        "canvasX": -237.25,
        "canvasY": 70.77,
        "variant": "northing_easting_direct"
      }
    },
    {
      "type": "Feature",
      "geometry": {
        "type": "Point",
        "coordinates": [
          -41.90445574489422,
          22.929826030274853,
          4.80379608548
        ]
      },
      "properties": {
        "id": "0_160",
        "camera": "R0 - Red (Point)",
        "frame": "0348",
        "image": "pano_camera0/frame_0348_hp_preview.jpg",
        "frameId": "0348",
        "height": 1.012405,
        "coords2D": "2D: (397881.008, 808249.089)",
        "coords3D_original": "3D_Original: (-793548.981, 426441.300, 0.000)",
        "coords3D": "3D: (-41.904, 22.930, 4.804)",
        "coordsMtEden": "MtEden: (397881.008, 808249.089, 1.012)",
        "easting": 397881.0080442551,
        "northing": 808249.0888260303,
        "longitude": 174.74041889792042,
        "latitude": -36.80537935497142,
        "group": "R0 - Red (229 points)",
        "canvasX": -242.53,
        "canvasY": 61.040000000000006,
        "variant": "northing_easting_direct"
      }
    },
    {
      "type": "Feature",
      "geometry": {
        "type": "Point",
        "coordinates": [
          -42.6705355840968,
          24.335017894627526,
          4.773303958520001
        ]
      },
      "properties": {
        "id": "0_161",
        "camera": "R0 - Red (Point)",
        "frame": "0349",
        "image": "pano_camera0/frame_0349_hp_preview.jpg",
        "frameId": "0349",
        "height": 0.467506,
        "coords2D": "2D: (397880.242, 808250.494)",
        "coords3D_original": "3D_Original: (-793548.981, 426441.300, 0.000)",
        "coords3D": "3D: (-42.671, 24.335, 4.773)",
        "coordsMtEden": "MtEden: (397880.242, 808250.494, 0.468)",
        "easting": 397880.2419644159,
        "northing": 808250.4940178946,
        "longitude": 174.74041031629451,
        "latitude": -36.80536668963921,
        "group": "R0 - Red (229 points)",
        "canvasX": -255.08,
        "canvasY": 38.02,
        "variant": "northing_easting_direct"
      }
    },
    {
      "type": "Feature",
      "geometry": {
        "type": "Point",
        "coordinates": [
          -43.17901726218406,
          24.87279983749613,
          4.73457692316
        ]
      },
      "properties": {
        "id": "0_162",
        "camera": "R0 - Red (Point)",
        "frame": "0350",
        "image": "pano_camera0/frame_0350_hp_preview.jpg",
        "frameId": "0350",
        "height": 0.259145,
        "coords2D": "2D: (397879.733, 808251.032)",
        "coords3D_original": "3D_Original: (-793548.981, 426441.300, 0.000)",
        "coords3D": "3D: (-43.179, 24.873, 4.735)",
        "coordsMtEden": "MtEden: (397879.733, 808251.032, 0.259)",
        "easting": 397879.7334827378,
        "northing": 808251.0317998375,
        "longitude": 174.740404619185,
        "latitude": -36.80536184199899,
        "group": "R0 - Red (229 points)",
        "canvasX": -263.41,
        "canvasY": 29.21,
        "variant": "northing_easting_direct"
      }
    },
    {
      "type": "Feature",
      "geometry": {
        "type": "Point",
        "coordinates": [
          -43.57762294745771,
          25.254313701647334,
          4.723464718080001
        ]
      },
      "properties": {
        "id": "0_163",
        "camera": "R0 - Red (Point)",
        "frame": "0351",
        "image": "pano_camera0/frame_0351_hp_preview.jpg",
        "frameId": "0351",
        "height": 0.111172,
        "coords2D": "2D: (397879.335, 808251.413)",
        "coords3D_original": "3D_Original: (-793548.981, 426441.300, 0.000)",
        "coords3D": "3D: (-43.578, 25.254, 4.723)",
        "coordsMtEden": "MtEden: (397879.335, 808251.413, 0.111)",
        "easting": 397879.3348770525,
        "northing": 808251.4133137016,
        "longitude": 174.7404001530325,
        "latitude": -36.80535840289568,
        "group": "R0 - Red (229 points)",
        "canvasX": -269.94,
        "canvasY": 22.96,
        "variant": "northing_easting_direct"
      }
    },
    {
      "type": "Feature",
      "geometry": {
        "type": "Point",
        "coordinates": [
          -44.71606031799456,
          25.779276778688654,
          4.7461779734
        ]
      },
      "properties": {
        "id": "0_164",
        "camera": "R0 - Red (Point)",
        "frame": "0352",
        "image": "pano_camera0/frame_0352_hp_preview.jpg",
        "frameId": "0352",
        "height": -0.092409,
        "coords2D": "2D: (397878.196, 808251.938)",
        "coords3D_original": "3D_Original: (-793548.981, 426441.300, 0.000)",
        "coords3D": "3D: (-44.716, 25.779, 4.746)",
        "coordsMtEden": "MtEden: (397878.196, 808251.938, -0.092)",
        "easting": 397878.196439682,
        "northing": 808251.9382767787,
        "longitude": 174.74038739591083,
        "latitude": -36.805353669367484,
        "group": "R0 - Red (229 points)",
        "canvasX": -288.59000000000003,
        "canvasY": 14.360000000000001,
        "variant": "northing_easting_direct"
      }
    },
    {
      "type": "Feature",
      "geometry": {
        "type": "Point",
        "coordinates": [
          -45.288025903108064,
          25.86168377334252,
          4.79865829004
        ]
      },
      "properties": {
        "id": "0_165",
        "camera": "R0 - Red (Point)",
        "frame": "0353",
        "image": "pano_camera0/frame_0353_hp_preview.jpg",
        "frameId": "0353",
        "height": -0.124343,
        "coords2D": "2D: (397877.624, 808252.021)",
        "coords3D_original": "3D_Original: (-793548.981, 426441.300, 0.000)",
        "coords3D": "3D: (-45.288, 25.862, 4.799)",
        "coordsMtEden": "MtEden: (397877.624, 808252.021, -0.124)",
        "easting": 397877.62447409687,
        "northing": 808252.0206837733,
        "longitude": 174.7403809860639,
        "latitude": -36.80535292543216,
        "group": "R0 - Red (229 points)",
        "canvasX": -297.96000000000004,
        "canvasY": 13.01,
        "variant": "northing_easting_direct"
      }
    },
    {
      "type": "Feature",
      "geometry": {
        "type": "Point",
        "coordinates": [
          -46.2158676207182,
          26.307902388856746,
          4.82827771356
        ]
      },
      "properties": {
        "id": "0_166",
        "camera": "R0 - Red (Point)",
        "frame": "0354",
        "image": "pano_camera0/frame_0354_hp_preview.jpg",
        "frameId": "0354",
        "height": -0.297271,
        "coords2D": "2D: (397876.697, 808252.467)",
        "coords3D_original": "3D_Original: (-793548.981, 426441.300, 0.000)",
        "coords3D": "3D: (-46.216, 26.308, 4.828)",
        "coordsMtEden": "MtEden: (397876.697, 808252.467, -0.297)",
        "easting": 397876.69663237926,
        "northing": 808252.4669023888,
        "longitude": 174.74037058889155,
        "latitude": -36.805348902020846,
        "group": "R0 - Red (229 points)",
        "canvasX": -313.16,
        "canvasY": 5.700000000000001,
        "variant": "northing_easting_direct"
      }
    },
    {
      "type": "Feature",
      "geometry": {
        "type": "Point",
        "coordinates": [
          -46.51314322365215,
          26.765719025745057,
          4.86980986712
        ]
      },
      "properties": {
        "id": "0_167",
        "camera": "R0 - Red (Point)",
        "frame": "0355",
        "image": "pano_camera0/frame_0355_hp_preview.jpg",
        "frameId": "0355",
        "height": -0.474842,
        "coords2D": "2D: (397876.399, 808252.925)",
        "coords3D_original": "3D_Original: (-793548.981, 426441.300, 0.000)",
        "coords3D": "3D: (-46.513, 26.766, 4.870)",
        "coordsMtEden": "MtEden: (397876.399, 808252.925, -0.475)",
        "easting": 397876.3993567763,
        "northing": 808252.9247190257,
        "longitude": 174.74036725857053,
        "latitude": -36.80534477550136,
        "group": "R0 - Red (229 points)",
        "canvasX": -318.03,
        "canvasY": -1.799999999999999,
        "variant": "northing_easting_direct"
      }
    },
    {
      "type": "Feature",
      "geometry": {
        "type": "Point",
        "coordinates": [
          -46.31048305897275,
          27.84616628906224,
          4.88745422464
        ]
      },
      "properties": {
        "id": "0_168",
        "camera": "R0 - Red (Point)",
        "frame": "0356",
        "image": "pano_camera0/frame_0356_hp_preview.jpg",
        "frameId": "0356",
        "height": -0.893678,
        "coords2D": "2D: (397876.602, 808254.005)",
        "coords3D_original": "3D_Original: (-793548.981, 426441.300, 0.000)",
        "coords3D": "3D: (-46.310, 27.846, 4.887)",
        "coordsMtEden": "MtEden: (397876.602, 808254.005, -0.894)",
        "easting": 397876.602016941,
        "northing": 808254.005166289,
        "longitude": 174.7403695328164,
        "latitude": -36.80533503894313,
        "group": "R0 - Red (229 points)",
        "canvasX": -314.71000000000004,
        "canvasY": -19.5,
        "variant": "northing_easting_direct"
      }
    },
    {
      "type": "Feature",
      "geometry": {
        "type": "Point",
        "coordinates": [
          -46.12308344891062,
          28.596375151420943,
          4.83329739876
        ]
      },
      "properties": {
        "id": "0_169",
        "camera": "R0 - Red (Point)",
        "frame": "0357",
        "image": "pano_camera0/frame_0357_hp_preview.jpg",
        "frameId": "0357",
        "height": -1.184612,
        "coords2D": "2D: (397876.789, 808254.755)",
        "coords3D_original": "3D_Original: (-793548.981, 426441.300, 0.000)",
        "coords3D": "3D: (-46.123, 28.596, 4.833)",
        "coordsMtEden": "MtEden: (397876.789, 808254.755, -1.185)",
        "easting": 397876.78941655107,
        "northing": 808254.7553751514,
        "longitude": 174.74037163511431,
        "latitude": -36.80532827846581,
        "group": "R0 - Red (229 points)",
        "canvasX": -311.64,
        "canvasY": -31.79,
        "variant": "northing_easting_direct"
      }
    },
    {
      "type": "Feature",
      "geometry": {
        "type": "Point",
        "coordinates": [
          -46.01137618953362,
          28.810022915364243,
          4.76932101876
        ]
      },
      "properties": {
        "id": "0_170",
        "camera": "R0 - Red (Point)",
        "frame": "0358",
        "image": "pano_camera0/frame_0358_hp_preview.jpg",
        "frameId": "0358",
        "height": -1.267478,
        "coords2D": "2D: (397876.901, 808254.969)",
        "coords3D_original": "3D_Original: (-793548.981, 426441.300, 0.000)",
        "coords3D": "3D: (-46.011, 28.810, 4.769)",
        "coordsMtEden": "MtEden: (397876.901, 808254.969, -1.267)",
        "easting": 397876.90112381044,
        "northing": 808254.9690229153,
        "longitude": 174.74037288762426,
        "latitude": -36.805326353318286,
        "group": "R0 - Red (229 points)",
        "canvasX": -309.81,
        "canvasY": -35.29,
        "variant": "northing_easting_direct"
      }
    },
    {
      "type": "Feature",
      "geometry": {
        "type": "Point",
        "coordinates": [
          -45.93019003921654,
          28.86984428926371,
          4.73798571592
        ]
      },
      "properties": {
        "id": "0_171",
        "camera": "R0 - Red (Point)",
        "frame": "0359",
        "image": "pano_camera0/frame_0359_hp_preview.jpg",
        "frameId": "0359",
        "height": -1.290529,
        "coords2D": "2D: (397876.982, 808255.029)",
        "coords3D_original": "3D_Original: (-793548.981, 426441.300, 0.000)",
        "coords3D": "3D: (-45.930, 28.870, 4.738)",
        "coordsMtEden": "MtEden: (397876.982, 808255.029, -1.291)",
        "easting": 397876.98230996076,
        "northing": 808255.0288442892,
        "longitude": 174.74037379765218,
        "latitude": -36.805325814388866,
        "group": "R0 - Red (229 points)",
        "canvasX": -308.48,
        "canvasY": -36.269999999999996,
        "variant": "northing_easting_direct"
      }
    },
    {
      "type": "Feature",
      "geometry": {
        "type": "Point",
        "coordinates": [
          -46.052274475747254,
          28.88510484388098,
          4.78918322412
        ]
      },
      "properties": {
        "id": "0_172",
        "camera": "R0 - Red (Point)",
        "frame": "0360",
        "image": "pano_camera0/frame_0360_hp_preview.jpg",
        "frameId": "0360",
        "height": -1.296555,
        "coords2D": "2D: (397876.860, 808255.044)",
        "coords3D_original": "3D_Original: (-793548.981, 426441.300, 0.000)",
        "coords3D": "3D: (-46.052, 28.885, 4.789)",
        "coordsMtEden": "MtEden: (397876.860, 808255.044, -1.297)",
        "easting": 397876.86022552423,
        "northing": 808255.0441048439,
        "longitude": 174.7403724294825,
        "latitude": -36.805325676586705,
        "group": "R0 - Red (229 points)",
        "canvasX": -310.48,
        "canvasY": -36.519999999999996,
        "variant": "northing_easting_direct"
      }
    },
    {
      "type": "Feature",
      "geometry": {
        "type": "Point",
        "coordinates": [
          -46.052884897915646,
          28.89609244314488,
          4.78569897204
        ]
      },
      "properties": {
        "id": "0_173",
        "camera": "R0 - Red (Point)",
        "frame": "0361",
        "image": "pano_camera0/frame_0361_hp_preview.jpg",
        "frameId": "0361",
        "height": -1.300755,
        "coords2D": "2D: (397876.860, 808255.055)",
        "coords3D_original": "3D_Original: (-793548.981, 426441.300, 0.000)",
        "coords3D": "3D: (-46.053, 28.896, 4.786)",
        "coordsMtEden": "MtEden: (397876.860, 808255.055, -1.301)",
        "easting": 397876.85961510206,
        "northing": 808255.0550924431,
        "longitude": 174.74037242267207,
        "latitude": -36.80532557756488,
        "group": "R0 - Red (229 points)",
        "canvasX": -310.49,
        "canvasY": -36.7,
        "variant": "northing_easting_direct"
      }
    },
    {
      "type": "Feature",
      "geometry": {
        "type": "Point",
        "coordinates": [
          -46.33612079068553,
          29.583427820703946,
          4.81351065272
        ]
      },
      "properties": {
        "id": "0_174",
        "camera": "R0 - Red (Point)",
        "frame": "0362",
        "image": "pano_camera0/frame_0362_hp_preview.jpg",
        "frameId": "0362",
        "height": -1.567292,
        "coords2D": "2D: (397876.576, 808255.742)",
        "coords3D_original": "3D_Original: (-793548.981, 426441.300, 0.000)",
        "coords3D": "3D: (-46.336, 29.583, 4.814)",
        "coordsMtEden": "MtEden: (397876.576, 808255.742, -1.567)",
        "easting": 397876.5763792093,
        "northing": 808255.7424278207,
        "longitude": 174.74036925033644,
        "latitude": -36.80531938264934,
        "group": "R0 - Red (229 points)",
        "canvasX": -315.13,
        "canvasY": -47.96,
        "variant": "northing_easting_direct"
      }
    },
    {
      "type": "Feature",
      "geometry": {
        "type": "Point",
        "coordinates": [
          -46.678567635128275,
          29.732981255510822,
          4.83349753
        ]
      },
      "properties": {
        "id": "0_175",
        "camera": "R0 - Red (Point)",
        "frame": "0363",
        "image": "pano_camera0/frame_0363_hp_preview.jpg",
        "frameId": "0363",
        "height": -1.625233,
        "coords2D": "2D: (397876.234, 808255.892)",
        "coords3D_original": "3D_Original: (-793548.981, 426441.300, 0.000)",
        "coords3D": "3D: (-46.679, 29.733, 4.833)",
        "coordsMtEden": "MtEden: (397876.234, 808255.892, -1.625)",
        "easting": 397876.23393236485,
        "northing": 808255.8919812555,
        "longitude": 174.74036541291858,
        "latitude": -36.80531803410276,
        "group": "R0 - Red (229 points)",
        "canvasX": -320.74,
        "canvasY": -50.41,
        "variant": "northing_easting_direct"
      }
    },
    {
      "type": "Feature",
      "geometry": {
        "type": "Point",
        "coordinates": [
          -47.350642458186485,
          29.77754207479302,
          4.93970488248
        ]
      },
      "properties": {
        "id": "0_176",
        "camera": "R0 - Red (Point)",
        "frame": "0364",
        "image": "pano_camera0/frame_0364_hp_preview.jpg",
        "frameId": "0364",
        "height": -1.642408,
        "coords2D": "2D: (397875.562, 808255.937)",
        "coords3D_original": "3D_Original: (-793548.981, 426441.300, 0.000)",
        "coords3D": "3D: (-47.351, 29.778, 4.940)",
        "coordsMtEden": "MtEden: (397875.562, 808255.937, -1.642)",
        "easting": 397875.5618575418,
        "northing": 808255.9365420748,
        "longitude": 174.74035788103532,
        "latitude": -36.805317631012166,
        "group": "R0 - Red (229 points)",
        "canvasX": -331.75,
        "canvasY": -51.14,
        "variant": "northing_easting_direct"
      }
    },
    {
      "type": "Feature",
      "geometry": {
        "type": "Point",
        "coordinates": [
          -47.55940684460802,
          29.63714497280307,
          4.950557901200001
        ]
      },
      "properties": {
        "id": "0_177",
        "camera": "R0 - Red (Point)",
        "frame": "0365",
        "image": "pano_camera0/frame_0365_hp_preview.jpg",
        "frameId": "0365",
        "height": -1.587965,
        "coords2D": "2D: (397875.353, 808255.796)",
        "coords3D_original": "3D_Original: (-793548.981, 426441.300, 0.000)",
        "coords3D": "3D: (-47.559, 29.637, 4.951)",
        "coordsMtEden": "MtEden: (397875.353, 808255.796, -1.588)",
        "easting": 397875.35309315537,
        "northing": 808255.7961449728,
        "longitude": 174.7403555410009,
        "latitude": -36.8053188958053,
        "group": "R0 - Red (229 points)",
        "canvasX": -335.17,
        "canvasY": -48.839999999999996,
        "variant": "northing_easting_direct"
      }
    },
    {
      "type": "Feature",
      "geometry": {
        "type": "Point",
        "coordinates": [
          -47.67599748150678,
          28.61041486170143,
          4.93077771684
        ]
      },
      "properties": {
        "id": "0_178",
        "camera": "R0 - Red (Point)",
        "frame": "0366",
        "image": "pano_camera0/frame_0366_hp_preview.jpg",
        "frameId": "0366",
        "height": -1.190053,
        "coords2D": "2D: (397875.237, 808254.769)",
        "coords3D_original": "3D_Original: (-793548.981, 426441.300, 0.000)",
        "coords3D": "3D: (-47.676, 28.610, 4.931)",
        "coordsMtEden": "MtEden: (397875.237, 808254.769, -1.190)",
        "easting": 397875.23650251847,
        "northing": 808254.7694148617,
        "longitude": 174.7403542314933,
        "latitude": -36.80532814845636,
        "group": "R0 - Red (229 points)",
        "canvasX": -337.08000000000004,
        "canvasY": -32.019999999999996,
        "variant": "northing_easting_direct"
      }
    },
    {
      "type": "Feature",
      "geometry": {
        "type": "Point",
        "coordinates": [
          -47.616176107607316,
          28.45536762732081,
          4.92005921256
        ]
      },
      "properties": {
        "id": "0_179",
        "camera": "R0 - Red (Point)",
        "frame": "0367",
        "image": "pano_camera0/frame_0367_hp_preview.jpg",
        "frameId": "0367",
        "height": -1.13,
        "coords2D": "2D: (397875.296, 808254.614)",
        "coords3D_original": "3D_Original: (-793548.981, 426441.300, 0.000)",
        "coords3D": "3D: (-47.616, 28.455, 4.920)",
        "coordsMtEden": "MtEden: (397875.296, 808254.614, -1.130)",
        "easting": 397875.29632389237,
        "northing": 808254.6143676273,
        "longitude": 174.7403549014847,
        "latitude": -36.80532954587943,
        "group": "R0 - Red (229 points)",
        "canvasX": -336.1,
        "canvasY": -29.479999999999997,
        "variant": "northing_easting_direct"
      }
    },
    {
      "type": "Feature",
      "geometry": {
        "type": "Point",
        "coordinates": [
          -47.25602701987373,
          27.674027233500965,
          4.87632561536
        ]
      },
      "properties": {
        "id": "0_180",
        "camera": "R0 - Red (Point)",
        "frame": "0368",
        "image": "pano_camera0/frame_0368_hp_preview.jpg",
        "frameId": "0368",
        "height": -0.826966,
        "coords2D": "2D: (397875.656, 808253.833)",
        "coords3D_original": "3D_Original: (-793548.981, 426441.300, 0.000)",
        "coords3D": "3D: (-47.256, 27.674, 4.876)",
        "coordsMtEden": "MtEden: (397875.656, 808253.833, -0.827)",
        "easting": 397875.6564729801,
        "northing": 808253.8330272335,
        "longitude": 174.7403589355311,
        "latitude": -36.805336588142985,
        "group": "R0 - Red (229 points)",
        "canvasX": -330.20000000000005,
        "canvasY": -16.68,
        "variant": "northing_easting_direct"
      }
    },
    {
      "type": "Feature",
      "geometry": {
        "type": "Point",
        "coordinates": [
          -46.48384295887081,
          26.071669004159048,
          4.86297915824
        ]
      },
      "properties": {
        "id": "0_181",
        "camera": "R0 - Red (Point)",
        "frame": "0369",
        "image": "pano_camera0/frame_0369_hp_preview.jpg",
        "frameId": "0369",
        "height": -0.205788,
        "coords2D": "2D: (397876.429, 808252.231)",
        "coords3D_original": "3D_Original: (-793548.981, 426441.300, 0.000)",
        "coords3D": "3D: (-46.484, 26.072, 4.863)",
        "coordsMtEden": "MtEden: (397876.429, 808252.231, -0.206)",
        "easting": 397876.4286570411,
        "northing": 808252.2306690041,
        "longitude": 174.74036758500594,
        "latitude": -36.805351030359965,
        "group": "R0 - Red (229 points)",
        "canvasX": -317.55,
        "canvasY": 9.570000000000002,
        "variant": "northing_easting_direct"
      }
    },
    {
      "type": "Feature",
      "geometry": {
        "type": "Point",
        "coordinates": [
          -46.51253280142555,
          25.546705927117728,
          4.7726051396
        ]
      },
      "properties": {
        "id": "0_182",
        "camera": "R0 - Red (Point)",
        "frame": "0370",
        "image": "pano_camera0/frame_0370_hp_preview.jpg",
        "frameId": "0370",
        "height": -0.00234,
        "coords2D": "2D: (397876.400, 808251.706)",
        "coords3D_original": "3D_Original: (-793548.981, 426441.300, 0.000)",
        "coords3D": "3D: (-46.513, 25.547, 4.773)",
        "coordsMtEden": "MtEden: (397876.400, 808251.706, -0.002)",
        "easting": 397876.39996719855,
        "northing": 808251.7057059271,
        "longitude": 174.7403672620119,
        "latitude": -36.80535576127353,
        "group": "R0 - Red (229 points)",
        "canvasX": -318.02,
        "canvasY": 18.17,
        "variant": "northing_easting_direct"
      }
    },
    {
      "type": "Feature",
      "geometry": {
        "type": "Point",
        "coordinates": [
          -46.869019356090575,
          25.184725572820753,
          4.88120750528
        ]
      },
      "properties": {
        "id": "0_183",
        "camera": "R0 - Red (Point)",
        "frame": "0371",
        "image": "pano_camera0/frame_0371_hp_preview.jpg",
        "frameId": "0371",
        "height": 0.138091,
        "coords2D": "2D: (397876.043, 808251.344)",
        "coords3D_original": "3D_Original: (-793548.981, 426441.300, 0.000)",
        "coords3D": "3D: (-46.869, 25.185, 4.881)",
        "coordsMtEden": "MtEden: (397876.043, 808251.344, 0.138)",
        "easting": 397876.0434806439,
        "northing": 808251.3437255728,
        "longitude": 174.74036326582092,
        "latitude": -36.80535902264829,
        "group": "R0 - Red (229 points)",
        "canvasX": -323.86,
        "canvasY": 24.1,
        "variant": "northing_easting_direct"
      }
    },
    {
      "type": "Feature",
      "geometry": {
        "type": "Point",
        "coordinates": [
          -47.713843656820245,
          25.33977280720137,
          4.8811189226
        ]
      },
      "properties": {
        "id": "0_184",
        "camera": "R0 - Red (Point)",
        "frame": "0372",
        "image": "pano_camera0/frame_0372_hp_preview.jpg",
        "frameId": "0372",
        "height": 0.077916,
        "coords2D": "2D: (397875.199, 808251.499)",
        "coords3D_original": "3D_Original: (-793548.981, 426441.300, 0.000)",
        "coords3D": "3D: (-47.714, 25.340, 4.881)",
        "coordsMtEden": "MtEden: (397875.199, 808251.499, 0.078)",
        "easting": 397875.19865634316,
        "northing": 808251.4987728072,
        "longitude": 174.7403537982208,
        "latitude": -36.805357623464126,
        "group": "R0 - Red (229 points)",
        "canvasX": -337.70000000000005,
        "canvasY": 21.560000000000002,
        "variant": "northing_easting_direct"
      }
    },
    {
      "type": "Feature",
      "geometry": {
        "type": "Point",
        "coordinates": [
          -48.36455370346084,
          25.992924542631954,
          4.92286104992
        ]
      },
      "properties": {
        "id": "0_185",
        "camera": "R0 - Red (Point)",
        "frame": "0373",
        "image": "pano_camera0/frame_0373_hp_preview.jpg",
        "frameId": "0373",
        "height": -0.175208,
        "coords2D": "2D: (397874.548, 808252.152)",
        "coords3D_original": "3D_Original: (-793548.981, 426441.300, 0.000)",
        "coords3D": "3D: (-48.365, 25.993, 4.923)",
        "coordsMtEden": "MtEden: (397874.548, 808252.152, -0.175)",
        "easting": 397874.5479462965,
        "northing": 808252.1519245426,
        "longitude": 174.74034650746975,
        "latitude": -36.80535173578704,
        "group": "R0 - Red (229 points)",
        "canvasX": -348.36,
        "canvasY": 10.860000000000001,
        "variant": "northing_easting_direct"
      }
    },
    {
      "type": "Feature",
      "geometry": {
        "type": "Point",
        "coordinates": [
          -49.93700124591123,
          26.927480904152617,
          4.93518388496
        ]
      },
      "properties": {
        "id": "0_186",
        "camera": "R0 - Red (Point)",
        "frame": "0374",
        "image": "pano_camera0/frame_0374_hp_preview.jpg",
        "frameId": "0374",
        "height": -0.537451,
        "coords2D": "2D: (397872.975, 808253.086)",
        "coords3D_original": "3D_Original: (-793548.981, 426441.300, 0.000)",
        "coords3D": "3D: (-49.937, 26.927, 4.935)",
        "coordsMtEden": "MtEden: (397872.975, 808253.086, -0.537)",
        "easting": 397872.97549875407,
        "northing": 808253.0864809041,
        "longitude": 174.74032888750082,
        "latitude": -36.80534331001527,
        "group": "R0 - Red (229 points)",
        "canvasX": -374.12,
        "canvasY": -4.449999999999999,
        "variant": "northing_easting_direct"
      }
    },
    {
      "type": "Feature",
      "geometry": {
        "type": "Point",
        "coordinates": [
          -50.43205363600282,
          26.956781168933958,
          4.9733039649199995
        ]
      },
      "properties": {
        "id": "0_187",
        "camera": "R0 - Red (Point)",
        "frame": "0375",
        "image": "pano_camera0/frame_0375_hp_preview.jpg",
        "frameId": "0375",
        "height": -0.548997,
        "coords2D": "2D: (397872.480, 808253.116)",
        "coords3D_original": "3D_Original: (-793548.981, 426441.300, 0.000)",
        "coords3D": "3D: (-50.432, 26.957, 4.973)",
        "coordsMtEden": "MtEden: (397872.480, 808253.116, -0.549)",
        "easting": 397872.480446364,
        "northing": 808253.1157811689,
        "longitude": 174.7403233394808,
        "latitude": -36.80534304484855,
        "group": "R0 - Red (229 points)",
        "canvasX": -382.23,
        "canvasY": -4.93,
        "variant": "northing_easting_direct"
      }
    },
    {
      "type": "Feature",
      "geometry": {
        "type": "Point",
        "coordinates": [
          -51.0058504876215,
          26.766329447971657,
          5.0199148588
        ]
      },
      "properties": {
        "id": "0_188",
        "camera": "R0 - Red (Point)",
        "frame": "0376",
        "image": "pano_camera0/frame_0376_hp_preview.jpg",
        "frameId": "0376",
        "height": -0.475187,
        "coords2D": "2D: (397871.907, 808252.925)",
        "coords3D_original": "3D_Original: (-793548.981, 426441.300, 0.000)",
        "coords3D": "3D: (-51.006, 26.766, 5.020)",
        "coordsMtEden": "MtEden: (397871.907, 808252.925, -0.475)",
        "easting": 397871.90664951236,
        "northing": 808252.925329448,
        "longitude": 174.7403169083496,
        "latitude": -36.805344759913936,
        "group": "R0 - Red (229 points)",
        "canvasX": -391.63,
        "canvasY": -1.8099999999999987,
        "variant": "northing_easting_direct"
      }
    },
    {
      "type": "Feature",
      "geometry": {
        "type": "Point",
        "coordinates": [
          -51.45878374716267,
          26.527654374600388,
          5.04648310112
        ]
      },
      "properties": {
        "id": "0_189",
        "camera": "R0 - Red (Point)",
        "frame": "0377",
        "image": "pano_camera0/frame_0377_hp_preview.jpg",
        "frameId": "0377",
        "height": -0.382516,
        "coords2D": "2D: (397871.454, 808252.687)",
        "coords3D_original": "3D_Original: (-793548.981, 426441.300, 0.000)",
        "coords3D": "3D: (-51.459, 26.528, 5.046)",
        "coordsMtEden": "MtEden: (397871.454, 808252.687, -0.383)",
        "easting": 397871.4537162528,
        "northing": 808252.6866543746,
        "longitude": 174.74031183161375,
        "latitude": -36.80534690984051,
        "group": "R0 - Red (229 points)",
        "canvasX": -399.05,
        "canvasY": 2.0999999999999996,
        "variant": "northing_easting_direct"
      }
    },
    {
      "type": "Feature",
      "geometry": {
        "type": "Point",
        "coordinates": [
          -52.7565413073753,
          25.5277828394901,
          5.164944391000001
        ]
      },
      "properties": {
        "id": "0_190",
        "camera": "R0 - Red (Point)",
        "frame": "0378",
        "image": "pano_camera0/frame_0378_hp_preview.jpg",
        "frameId": "0378",
        "height": 0.005055,
        "coords2D": "2D: (397870.156, 808251.687)",
        "coords3D_original": "3D_Original: (-793548.981, 426441.300, 0.000)",
        "coords3D": "3D: (-52.757, 25.528, 5.165)",
        "coordsMtEden": "MtEden: (397870.156, 808251.687, 0.005)",
        "easting": 397870.1559586926,
        "northing": 808251.6867828395,
        "longitude": 174.74029728471695,
        "latitude": -36.805355917785,
        "group": "R0 - Red (229 points)",
        "canvasX": -420.31,
        "canvasY": 18.480000000000004,
        "variant": "northing_easting_direct"
      }
    },
    {
      "type": "Feature",
      "geometry": {
        "type": "Point",
        "coordinates": [
          -53.05686902120942,
          25.1456585531123,
          5.1386681434399994
        ]
      },
      "properties": {
        "id": "0_191",
        "camera": "R0 - Red (Point)",
        "frame": "0379",
        "image": "pano_camera0/frame_0379_hp_preview.jpg",
        "frameId": "0379",
        "height": 0.153227,
        "coords2D": "2D: (397869.856, 808251.305)",
        "coords3D_original": "3D_Original: (-793548.981, 426441.300, 0.000)",
        "coords3D": "3D: (-53.057, 25.146, 5.139)",
        "coordsMtEden": "MtEden: (397869.856, 808251.305, 0.153)",
        "easting": 397869.85563097877,
        "northing": 808251.3046585531,
        "longitude": 174.74029391784455,
        "latitude": -36.80535936082126,
        "group": "R0 - Red (229 points)",
        "canvasX": -425.23,
        "canvasY": 24.740000000000002,
        "variant": "northing_easting_direct"
      }
    },
    {
      "type": "Feature",
      "geometry": {
        "type": "Point",
        "coordinates": [
          -53.35902800160693,
          24.56087410217151,
          5.13839255288
        ]
      },
      "properties": {
        "id": "0_192",
        "camera": "R0 - Red (Point)",
        "frame": "0380",
        "image": "pano_camera0/frame_0380_hp_preview.jpg",
        "frameId": "0380",
        "height": 0.380005,
        "coords2D": "2D: (397869.553, 808250.720)",
        "coords3D_original": "3D_Original: (-793548.981, 426441.300, 0.000)",
        "coords3D": "3D: (-53.359, 24.561, 5.138)",
        "coordsMtEden": "MtEden: (397869.553, 808250.720, 0.380)",
        "easting": 397869.55347199837,
        "northing": 808250.7198741022,
        "longitude": 174.74029052988163,
        "latitude": -36.80536463023083,
        "group": "R0 - Red (229 points)",
        "canvasX": -430.18,
        "canvasY": 34.32,
        "variant": "northing_easting_direct"
      }
    },
    {
      "type": "Feature",
      "geometry": {
        "type": "Point",
        "coordinates": [
          -53.522621146577876,
          24.5059361057356,
          4.74952771104
        ]
      },
      "properties": {
        "id": "0_193",
        "camera": "R0 - Red (Point)",
        "frame": "0381",
        "image": "pano_camera0/frame_0381_hp_preview.jpg",
        "frameId": "0381",
        "height": 0.401308,
        "coords2D": "2D: (397869.390, 808250.665)",
        "coords3D_original": "3D_Original: (-793548.981, 426441.300, 0.000)",
        "coords3D": "3D: (-53.523, 24.506, 4.750)",
        "coordsMtEden": "MtEden: (397869.390, 808250.665, 0.401)",
        "easting": 397869.3898788534,
        "northing": 808250.6649361057,
        "longitude": 174.74028869632258,
        "latitude": -36.805365124965085,
        "group": "R0 - Red (229 points)",
        "canvasX": -432.86,
        "canvasY": 35.22,
        "variant": "northing_easting_direct"
      }
    },
    {
      "type": "Feature",
      "geometry": {
        "type": "Point",
        "coordinates": [
          -53.59220927540446,
          24.1140450645471,
          4.3270965951600004
        ]
      },
      "properties": {
        "id": "0_194",
        "camera": "R0 - Red (Point)",
        "frame": "0382",
        "image": "pano_camera0/frame_0382_hp_preview.jpg",
        "frameId": "0382",
        "height": 0.5533,
        "coords2D": "2D: (397869.320, 808250.273)",
        "coords3D_original": "3D_Original: (-793548.981, 426441.300, 0.000)",
        "coords3D": "3D: (-53.592, 24.114, 4.327)",
        "coordsMtEden": "MtEden: (397869.320, 808250.273, 0.553)",
        "easting": 397869.3202907246,
        "northing": 808250.2730450645,
        "longitude": 174.74028791534462,
        "latitude": -36.805368656538526,
        "group": "R0 - Red (229 points)",
        "canvasX": -434,
        "canvasY": 41.64,
        "variant": "northing_easting_direct"
      }
    },
    {
      "type": "Feature",
      "geometry": {
        "type": "Point",
        "coordinates": [
          -53.46524146141019,
          23.43098264222499,
          4.99932102612
        ]
      },
      "properties": {
        "id": "0_195",
        "camera": "R0 - Red (Point)",
        "frame": "0383",
        "image": "pano_camera0/frame_0383_hp_preview.jpg",
        "frameId": "0383",
        "height": 0.818047,
        "coords2D": "2D: (397869.447, 808249.590)",
        "coords3D_original": "3D_Original: (-793548.981, 426441.300, 0.000)",
        "coords3D": "3D: (-53.465, 23.431, 4.999)",
        "coordsMtEden": "MtEden: (397869.447, 808249.590, 0.818)",
        "easting": 397869.44725853857,
        "northing": 808249.5899826422,
        "longitude": 174.7402893363749,
        "latitude": -36.805374812596625,
        "group": "R0 - Red (229 points)",
        "canvasX": -431.92,
        "canvasY": 52.83,
        "variant": "northing_easting_direct"
      }
    },
    {
      "type": "Feature",
      "geometry": {
        "type": "Point",
        "coordinates": [
          -53.388938688556664,
          23.435866019688547,
          5.04252968892
        ]
      },
      "properties": {
        "id": "0_196",
        "camera": "R0 - Red (Point)",
        "frame": "0384",
        "image": "pano_camera0/frame_0384_hp_preview.jpg",
        "frameId": "0384",
        "height": 0.816101,
        "coords2D": "2D: (397869.524, 808249.595)",
        "coords3D_original": "3D_Original: (-793548.981, 426441.300, 0.000)",
        "coords3D": "3D: (-53.389, 23.436, 5.043)",
        "coordsMtEden": "MtEden: (397869.524, 808249.595, 0.816)",
        "easting": 397869.5235613114,
        "northing": 808249.5948660197,
        "longitude": 174.74029019152175,
        "latitude": -36.80537476875919,
        "group": "R0 - Red (229 points)",
        "canvasX": -430.67,
        "canvasY": 52.75,
        "variant": "northing_easting_direct"
      }
    },
    {
      "type": "Feature",
      "geometry": {
        "type": "Point",
        "coordinates": [
          -52.97446202655556,
          22.92616349714808,
          5.07459989992
        ]
      },
      "properties": {
        "id": "0_197",
        "camera": "R0 - Red (Point)",
        "frame": "0385",
        "image": "pano_camera0/frame_0385_hp_preview.jpg",
        "frameId": "0385",
        "height": 1.013687,
        "coords2D": "2D: (397869.938, 808249.085)",
        "coords3D_original": "3D_Original: (-793548.981, 426441.300, 0.000)",
        "coords3D": "3D: (-52.974, 22.926, 5.075)",
        "coordsMtEden": "MtEden: (397869.938, 808249.085, 1.014)",
        "easting": 397869.9380379734,
        "northing": 808249.0851634971,
        "longitude": 174.7402948351794,
        "latitude": -36.80537936314111,
        "group": "R0 - Red (229 points)",
        "canvasX": -423.88,
        "canvasY": 61.10000000000001,
        "variant": "northing_easting_direct"
      }
    },
    {
      "type": "Feature",
      "geometry": {
        "type": "Point",
        "coordinates": [
          -52.15710672404384,
          21.785894860047847,
          5.0962600056
        ]
      },
      "properties": {
        "id": "0_198",
        "camera": "R0 - Red (Point)",
        "frame": "0386",
        "image": "pano_camera0/frame_0386_hp_preview.jpg",
        "frameId": "0386",
        "height": 1.45569,
        "coords2D": "2D: (397870.755, 808247.945)",
        "coords3D_original": "3D_Original: (-793548.981, 426441.300, 0.000)",
        "coords3D": "3D: (-52.157, 21.786, 5.096)",
        "coordsMtEden": "MtEden: (397870.755, 808247.945, 1.456)",
        "easting": 397870.75539327593,
        "northing": 808247.94489486,
        "longitude": 174.74030399217813,
        "latitude": -36.805389641103446,
        "group": "R0 - Red (229 points)",
        "canvasX": -410.49,
        "canvasY": 79.78,
        "variant": "northing_easting_direct"
      }
    },
    {
      "type": "Feature",
      "geometry": {
        "type": "Point",
        "coordinates": [
          -51.83358296728693,
          21.221864763298072,
          5.08984924424
        ]
      },
      "properties": {
        "id": "0_199",
        "camera": "R0 - Red (Point)",
        "frame": "0387",
        "image": "pano_camera0/frame_0387_hp_preview.jpg",
        "frameId": "0387",
        "height": 1.674462,
        "coords2D": "2D: (397871.079, 808247.381)",
        "coords3D_original": "3D_Original: (-793548.981, 426441.300, 0.000)",
        "coords3D": "3D: (-51.834, 21.222, 5.090)",
        "coordsMtEden": "MtEden: (397871.079, 808247.381, 1.674)",
        "easting": 397871.0789170327,
        "northing": 808247.3808647633,
        "longitude": 174.74030761636655,
        "latitude": -36.805394724881545,
        "group": "R0 - Red (229 points)",
        "canvasX": -405.19,
        "canvasY": 89.02,
        "variant": "northing_easting_direct"
      }
    },
    {
      "type": "Feature",
      "geometry": {
        "type": "Point",
        "coordinates": [
          -50.66584533191053,
          19.56273727095686,
          5.08054806284
        ]
      },
      "properties": {
        "id": "0_200",
        "camera": "R0 - Red (Point)",
        "frame": "0388",
        "image": "pano_camera0/frame_0388_hp_preview.jpg",
        "frameId": "0388",
        "height": 2.317589,
        "coords2D": "2D: (397872.247, 808245.722)",
        "coords3D_original": "3D_Original: (-793548.981, 426441.300, 0.000)",
        "coords3D": "3D: (-50.666, 19.563, 5.081)",
        "coordsMtEden": "MtEden: (397872.247, 808245.722, 2.318)",
        "easting": 397872.24665466807,
        "northing": 808245.721737271,
        "longitude": 174.7403206986921,
        "latitude": -36.805409679596764,
        "group": "R0 - Red (229 points)",
        "canvasX": -386.06,
        "canvasY": 116.2,
        "variant": "northing_easting_direct"
      }
    },
    {
      "type": "Feature",
      "geometry": {
        "type": "Point",
        "coordinates": [
          -49.83506074140314,
          18.56225531361997,
          5.0429496364399995
        ]
      },
      "properties": {
        "id": "0_201",
        "camera": "R0 - Red (Point)",
        "frame": "0389",
        "image": "pano_camera0/frame_0389_hp_preview.jpg",
        "frameId": "0389",
        "height": 2.70566,
        "coords2D": "2D: (397873.077, 808244.721)",
        "coords3D_original": "3D_Original: (-793548.981, 426441.300, 0.000)",
        "coords3D": "3D: (-49.835, 18.562, 5.043)",
        "coordsMtEden": "MtEden: (397873.077, 808244.721, 2.706)",
        "easting": 397873.0774392586,
        "northing": 808244.7212553136,
        "longitude": 174.74033000659188,
        "latitude": -36.805418697826845,
        "group": "R0 - Red (229 points)",
        "canvasX": -372.45000000000005,
        "canvasY": 132.59,
        "variant": "northing_easting_direct"
      }
    },
    {
      "type": "Feature",
      "geometry": {
        "type": "Point",
        "coordinates": [
          -49.45965109911049,
          18.19233947095927,
          5.00294307348
        ]
      },
      "properties": {
        "id": "0_202",
        "camera": "R0 - Red (Point)",
        "frame": "0390",
        "image": "pano_camera0/frame_0390_hp_preview.jpg",
        "frameId": "0390",
        "height": 2.848928,
        "coords2D": "2D: (397873.453, 808244.351)",
        "coords3D_original": "3D_Original: (-793548.981, 426441.300, 0.000)",
        "coords3D": "3D: (-49.460, 18.192, 5.003)",
        "coordsMtEden": "MtEden: (397873.453, 808244.351, 2.849)",
        "easting": 397873.45284890087,
        "northing": 808244.351339471,
        "longitude": 174.7403342128165,
        "latitude": -36.805422032359054,
        "group": "R0 - Red (229 points)",
        "canvasX": -366.3,
        "canvasY": 138.65,
        "variant": "northing_easting_direct"
      }
    },
    {
      "type": "Feature",
      "geometry": {
        "type": "Point",
        "coordinates": [
          -48.39080185734201,
          17.69972876959946,
          5.0024443858
        ]
      },
      "properties": {
        "id": "0_203",
        "camera": "R0 - Red (Point)",
        "frame": "0391",
        "image": "pano_camera0/frame_0391_hp_preview.jpg",
        "frameId": "0391",
        "height": 3.039872,
        "coords2D": "2D: (397874.522, 808243.859)",
        "coords3D_original": "3D_Original: (-793548.981, 426441.300, 0.000)",
        "coords3D": "3D: (-48.391, 17.700, 5.002)",
        "coordsMtEden": "MtEden: (397874.522, 808243.859, 3.040)",
        "easting": 397874.52169814263,
        "northing": 808243.8587287696,
        "longitude": 174.74034619015453,
        "latitude": -36.80542647417645,
        "group": "R0 - Red (229 points)",
        "canvasX": -348.79,
        "canvasY": 146.72,
        "variant": "northing_easting_direct"
      }
    },
    {
      "type": "Feature",
      "geometry": {
        "type": "Point",
        "coordinates": [
          -48.172881138161756,
          17.814488139934838,
          4.987096616280001
        ]
      },
      "properties": {
        "id": "0_204",
        "camera": "R0 - Red (Point)",
        "frame": "0392",
        "image": "pano_camera0/frame_0392_hp_preview.jpg",
        "frameId": "0392",
        "height": 2.995375,
        "coords2D": "2D: (397874.740, 808243.973)",
        "coords3D_original": "3D_Original: (-793548.981, 426441.300, 0.000)",
        "coords3D": "3D: (-48.173, 17.814, 4.987)",
        "coordsMtEden": "MtEden: (397874.740, 808243.973, 2.995)",
        "easting": 397874.7396188618,
        "northing": 808243.9734881399,
        "longitude": 174.74034863273687,
        "latitude": -36.80542544045182,
        "group": "R0 - Red (229 points)",
        "canvasX": -345.22,
        "canvasY": 144.84,
        "variant": "northing_easting_direct"
      }
    },
    {
      "type": "Feature",
      "geometry": {
        "type": "Point",
        "coordinates": [
          -48.27726333140163,
          18.30221546383109,
          4.98626000208
        ]
      },
      "properties": {
        "id": "0_205",
        "camera": "R0 - Red (Point)",
        "frame": "0393",
        "image": "pano_camera0/frame_0393_hp_preview.jpg",
        "frameId": "0393",
        "height": 2.806339,
        "coords2D": "2D: (397874.635, 808244.461)",
        "coords3D_original": "3D_Original: (-793548.981, 426441.300, 0.000)",
        "coords3D": "3D: (-48.277, 18.302, 4.986)",
        "coordsMtEden": "MtEden: (397874.635, 808244.461, 2.806)",
        "easting": 397874.6352366686,
        "northing": 808244.4612154638,
        "longitude": 174.74034746427526,
        "latitude": -36.80542104480903,
        "group": "R0 - Red (229 points)",
        "canvasX": -346.93,
        "canvasY": 136.85,
        "variant": "northing_easting_direct"
      }
    },
    {
      "type": "Feature",
      "geometry": {
        "type": "Point",
        "coordinates": [
          -48.720429835957475,
          18.670300040044822,
          4.964485067
        ]
      },
      "properties": {
        "id": "0_206",
        "camera": "R0 - Red (Point)",
        "frame": "0394",
        "image": "pano_camera0/frame_0394_hp_preview.jpg",
        "frameId": "0394",
        "height": 2.663568,
        "coords2D": "2D: (397874.192, 808244.829)",
        "coords3D_original": "3D_Original: (-793548.981, 426441.300, 0.000)",
        "coords3D": "3D: (-48.720, 18.670, 4.964)",
        "coordsMtEden": "MtEden: (397874.192, 808244.829, 2.664)",
        "easting": 397874.192070164,
        "northing": 808244.82930004,
        "longitude": 174.74034249868632,
        "latitude": -36.80541772662859,
        "group": "R0 - Red (229 points)",
        "canvasX": -354.19,
        "canvasY": 130.82,
        "variant": "northing_easting_direct"
      }
    },
    {
      "type": "Feature",
      "geometry": {
        "type": "Point",
        "coordinates": [
          -49.482236719864886,
          19.261799134896137,
          4.95600737644
        ]
      },
      "properties": {
        "id": "0_207",
        "camera": "R0 - Red (Point)",
        "frame": "0395",
        "image": "pano_camera0/frame_0395_hp_preview.jpg",
        "frameId": "0395",
        "height": 2.434326,
        "coords2D": "2D: (397873.430, 808245.421)",
        "coords3D_original": "3D_Original: (-793548.981, 426441.300, 0.000)",
        "coords3D": "3D: (-49.482, 19.262, 4.956)",
        "coordsMtEden": "MtEden: (397873.430, 808245.421, 2.434)",
        "easting": 397873.4302632801,
        "northing": 808245.4207991349,
        "longitude": 174.7403339626837,
        "latitude": -36.80541239431623,
        "group": "R0 - Red (229 points)",
        "canvasX": -366.67,
        "canvasY": 121.13,
        "variant": "northing_easting_direct"
      }
    },
    {
      "type": "Feature",
      "geometry": {
        "type": "Point",
        "coordinates": [
          -50.02490204019705,
          20.101129636052065,
          4.96483611688
        ]
      },
      "properties": {
        "id": "0_208",
        "camera": "R0 - Red (Point)",
        "frame": "0396",
        "image": "pano_camera0/frame_0396_hp_preview.jpg",
        "frameId": "0396",
        "height": 2.108929,
        "coords2D": "2D: (397872.888, 808246.260)",
        "coords3D_original": "3D_Original: (-793548.981, 426441.300, 0.000)",
        "coords3D": "3D: (-50.025, 20.101, 4.965)",
        "coordsMtEden": "MtEden: (397872.888, 808246.260, 2.109)",
        "easting": 397872.8875979598,
        "northing": 808246.260129636,
        "longitude": 174.7403278833182,
        "latitude": -36.8054048290339,
        "group": "R0 - Red (229 points)",
        "canvasX": -375.56,
        "canvasY": 107.38,
        "variant": "northing_easting_direct"
      }
    },
    {
      "type": "Feature",
      "geometry": {
        "type": "Point",
        "coordinates": [
          -49.5145890955464,
          21.195006187306717,
          5.0137993730399995
        ]
      },
      "properties": {
        "id": "0_209",
        "camera": "R0 - Red (Point)",
        "frame": "0397",
        "image": "pano_camera0/frame_0397_hp_preview.jpg",
        "frameId": "0397",
        "height": 1.68493,
        "coords2D": "2D: (397873.398, 808247.354)",
        "coords3D_original": "3D_Original: (-793548.981, 426441.300, 0.000)",
        "coords3D": "3D: (-49.515, 21.195, 5.014)",
        "coordsMtEden": "MtEden: (397873.398, 808247.354, 1.685)",
        "easting": 397873.39791090443,
        "northing": 808247.3540061873,
        "longitude": 174.74033360550627,
        "latitude": -36.805394972142494,
        "group": "R0 - Red (229 points)",
        "canvasX": -367.20000000000005,
        "canvasY": 89.46000000000001,
        "variant": "northing_easting_direct"
      }
    },
    {
      "type": "Feature",
      "geometry": {
        "type": "Point",
        "coordinates": [
          -49.16237549617654,
          21.45870857022237,
          4.9975231258
        ]
      },
      "properties": {
        "id": "0_210",
        "camera": "R0 - Red (Point)",
        "frame": "0398",
        "image": "pano_camera0/frame_0398_hp_preview.jpg",
        "frameId": "0398",
        "height": 1.582608,
        "coords2D": "2D: (397873.750, 808247.618)",
        "coords3D_original": "3D_Original: (-793548.981, 426441.300, 0.000)",
        "coords3D": "3D: (-49.162, 21.459, 4.998)",
        "coordsMtEden": "MtEden: (397873.750, 808247.618, 1.583)",
        "easting": 397873.7501245038,
        "northing": 808247.6177085702,
        "longitude": 174.74033755353844,
        "latitude": -36.805392596442225,
        "group": "R0 - Red (229 points)",
        "canvasX": -361.43,
        "canvasY": 85.14,
        "variant": "northing_easting_direct"
      }
    },
    {
      "type": "Feature",
      "geometry": {
        "type": "Point",
        "coordinates": [
          -47.92871226510033,
          21.508152766968124,
          4.99113533032
        ]
      },
      "properties": {
        "id": "0_211",
        "camera": "R0 - Red (Point)",
        "frame": "0399",
        "image": "pano_camera0/frame_0399_hp_preview.jpg",
        "frameId": "0399",
        "height": 1.563364,
        "coords2D": "2D: (397874.984, 808247.667)",
        "coords3D_original": "3D_Original: (-793548.981, 426441.300, 0.000)",
        "coords3D": "3D: (-47.929, 21.508, 4.991)",
        "coordsMtEden": "MtEden: (397874.984, 808247.667, 1.563)",
        "easting": 397874.9837877349,
        "northing": 808247.667152767,
        "longitude": 174.74035137947308,
        "latitude": -36.80539215361947,
        "group": "R0 - Red (229 points)",
        "canvasX": -341.22,
        "canvasY": 84.33,
        "variant": "northing_easting_direct"
      }
    },
    {
      "type": "Feature",
      "geometry": {
        "type": "Point",
        "coordinates": [
          -46.95753057254478,
          20.59496118174866,
          4.92809070888
        ]
      },
      "properties": {
        "id": "0_212",
        "camera": "R0 - Red (Point)",
        "frame": "0400",
        "image": "pano_camera0/frame_0400_hp_preview.jpg",
        "frameId": "0400",
        "height": 1.917561,
        "coords2D": "2D: (397875.955, 808246.754)",
        "coords3D_original": "3D_Original: (-793548.981, 426441.300, 0.000)",
        "coords3D": "3D: (-46.958, 20.595, 4.928)",
        "coordsMtEden": "MtEden: (397875.955, 808246.754, 1.918)",
        "easting": 397875.95496942743,
        "northing": 808246.7539611817,
        "longitude": 174.74036226106344,
        "latitude": -36.80540038549951,
        "group": "R0 - Red (229 points)",
        "canvasX": -325.31,
        "canvasY": 99.29,
        "variant": "northing_easting_direct"
      }
    },
    {
      "type": "Feature",
      "geometry": {
        "type": "Point",
        "coordinates": [
          -46.24699915200472,
          19.822166698635556,
          4.91068913352
        ]
      },
      "properties": {
        "id": "0_213",
        "camera": "R0 - Red (Point)",
        "frame": "0401",
        "image": "pano_camera0/frame_0401_hp_preview.jpg",
        "frameId": "0401",
        "height": 2.217121,
        "coords2D": "2D: (397876.666, 808245.981)",
        "coords3D_original": "3D_Original: (-793548.981, 426441.300, 0.000)",
        "coords3D": "3D: (-46.247, 19.822, 4.911)",
        "coordsMtEden": "MtEden: (397876.666, 808245.981, 2.217)",
        "easting": 397876.665500848,
        "northing": 808245.9811666986,
        "longitude": 174.7403702219114,
        "latitude": -36.80540735153259,
        "group": "R0 - Red (229 points)",
        "canvasX": -313.67,
        "canvasY": 111.95,
        "variant": "northing_easting_direct"
      }
    },
    {
      "type": "Feature",
      "geometry": {
        "type": "Point",
        "coordinates": [
          -46.19450284430059,
          19.774553768336773,
          4.9069555376
        ]
      },
      "properties": {
        "id": "0_214",
        "camera": "R0 - Red (Point)",
        "frame": "0402",
        "image": "pano_camera0/frame_0402_hp_preview.jpg",
        "frameId": "0402",
        "height": 2.235462,
        "coords2D": "2D: (397876.718, 808245.934)",
        "coords3D_original": "3D_Original: (-793548.981, 426441.300, 0.000)",
        "coords3D": "3D: (-46.195, 19.775, 4.907)",
        "coordsMtEden": "MtEden: (397876.718, 808245.934, 2.235)",
        "easting": 397876.7179971557,
        "northing": 808245.9335537683,
        "longitude": 174.7403708101105,
        "latitude": -36.805407780738996,
        "group": "R0 - Red (229 points)",
        "canvasX": -312.81,
        "canvasY": 112.73,
        "variant": "northing_easting_direct"
      }
    },
    {
      "type": "Feature",
      "geometry": {
        "type": "Point",
        "coordinates": [
          -45.53463646490127,
          19.03289081645198,
          4.8835172166400005
        ]
      },
      "properties": {
        "id": "0_215",
        "camera": "R0 - Red (Point)",
        "frame": "0403",
        "image": "pano_camera0/frame_0403_hp_preview.jpg",
        "frameId": "0403",
        "height": 2.52318,
        "coords2D": "2D: (397877.378, 808245.192)",
        "coords3D_original": "3D_Original: (-793548.981, 426441.300, 0.000)",
        "coords3D": "3D: (-45.535, 19.033, 4.884)",
        "coordsMtEden": "MtEden: (397877.378, 808245.192, 2.523)",
        "easting": 397877.3778635351,
        "northing": 808245.1918908164,
        "longitude": 174.74037820323804,
        "latitude": -36.805414466099926,
        "group": "R0 - Red (229 points)",
        "canvasX": -302,
        "canvasY": 124.88,
        "variant": "northing_easting_direct"
      }
    },
    {
      "type": "Feature",
      "geometry": {
        "type": "Point",
        "coordinates": [
          -44.19170766317984,
          19.049982637632638,
          4.85691616592
        ]
      },
      "properties": {
        "id": "0_216",
        "camera": "R0 - Red (Point)",
        "frame": "0404",
        "image": "pano_camera0/frame_0404_hp_preview.jpg",
        "frameId": "0404",
        "height": 2.516365,
        "coords2D": "2D: (397878.721, 808245.209)",
        "coords3D_original": "3D_Original: (-793548.981, 426441.300, 0.000)",
        "coords3D": "3D: (-44.192, 19.050, 4.857)",
        "coordsMtEden": "MtEden: (397878.721, 808245.209, 2.516)",
        "easting": 397878.7207923368,
        "northing": 808245.2089826376,
        "longitude": 174.7403932536376,
        "latitude": -36.8054143150775,
        "group": "R0 - Red (229 points)",
        "canvasX": -280,
        "canvasY": 124.6,
        "variant": "northing_easting_direct"
      }
    },
    {
      "type": "Feature",
      "geometry": {
        "type": "Point",
        "coordinates": [
          -44.1172361568897,
          19.127506254822947,
          4.87523637648
        ]
      },
      "properties": {
        "id": "0_217",
        "camera": "R0 - Red (Point)",
        "frame": "0405",
        "image": "pano_camera0/frame_0405_hp_preview.jpg",
        "frameId": "0405",
        "height": 2.486484,
        "coords2D": "2D: (397878.795, 808245.287)",
        "coords3D_original": "3D_Original: (-793548.981, 426441.300, 0.000)",
        "coords3D": "3D: (-44.117, 19.128, 4.875)",
        "coordsMtEden": "MtEden: (397878.795, 808245.287, 2.486)",
        "easting": 397878.7952638431,
        "northing": 808245.2865062548,
        "longitude": 174.74039408846397,
        "latitude": -36.805413616599914,
        "group": "R0 - Red (229 points)",
        "canvasX": -278.78,
        "canvasY": 123.33000000000001,
        "variant": "northing_easting_direct"
      }
    },
    {
      "type": "Feature",
      "geometry": {
        "type": "Point",
        "coordinates": [
          -43.72046173817944,
          20.30806275596842,
          4.8944555372
        ]
      },
      "properties": {
        "id": "0_218",
        "camera": "R0 - Red (Point)",
        "frame": "0406",
        "image": "pano_camera0/frame_0406_hp_preview.jpg",
        "frameId": "0406",
        "height": 2.028746,
        "coords2D": "2D: (397879.192, 808246.467)",
        "coords3D_original": "3D_Original: (-793548.981, 426441.300, 0.000)",
        "coords3D": "3D: (-43.720, 20.308, 4.894)",
        "coordsMtEden": "MtEden: (397879.192, 808246.467, 2.029)",
        "easting": 397879.1920382618,
        "northing": 808246.467062756,
        "longitude": 174.74039853844695,
        "latitude": -36.805402978289585,
        "group": "R0 - Red (229 points)",
        "canvasX": -272.28,
        "canvasY": 103.99000000000001,
        "variant": "northing_easting_direct"
      }
    },
    {
      "type": "Feature",
      "geometry": {
        "type": "Point",
        "coordinates": [
          -44.40169289399637,
          21.236514895688742,
          4.85742469612
        ]
      },
      "properties": {
        "id": "0_219",
        "camera": "R0 - Red (Point)",
        "frame": "0407",
        "image": "pano_camera0/frame_0407_hp_preview.jpg",
        "frameId": "0407",
        "height": 1.668772,
        "coords2D": "2D: (397878.511, 808247.396)",
        "coords3D_original": "3D_Original: (-793548.981, 426441.300, 0.000)",
        "coords3D": "3D: (-44.402, 21.237, 4.857)",
        "coordsMtEden": "MtEden: (397878.511, 808247.396, 1.669)",
        "easting": 397878.510807106,
        "northing": 808247.3955148957,
        "longitude": 174.74039090640184,
        "latitude": -36.80539460953409,
        "group": "R0 - Red (229 points)",
        "canvasX": -283.44,
        "canvasY": 88.78,
        "variant": "northing_easting_direct"
      }
    },
    {
      "type": "Feature",
      "geometry": {
        "type": "Point",
        "coordinates": [
          -44.77588169189403,
          21.710202509420924,
          4.87410448668
        ]
      },
      "properties": {
        "id": "0_220",
        "camera": "R0 - Red (Point)",
        "frame": "0408",
        "image": "pano_camera0/frame_0408_hp_preview.jpg",
        "frameId": "0408",
        "height": 1.485162,
        "coords2D": "2D: (397878.137, 808247.869)",
        "coords3D_original": "3D_Original: (-793548.981, 426441.300, 0.000)",
        "coords3D": "3D: (-44.776, 21.710, 4.874)",
        "coordsMtEden": "MtEden: (397878.137, 808247.869, 1.485)",
        "easting": 397878.1366183081,
        "northing": 808247.8692025094,
        "longitude": 174.7403867141476,
        "latitude": -36.80539033981331,
        "group": "R0 - Red (229 points)",
        "canvasX": -289.57,
        "canvasY": 81.02,
        "variant": "northing_easting_direct"
      }
    },
    {
      "type": "Feature",
      "geometry": {
        "type": "Point",
        "coordinates": [
          -45.06461138429586,
          22.0495972429635,
          4.85592863308
        ]
      },
      "properties": {
        "id": "0_221",
        "camera": "R0 - Red (Point)",
        "frame": "0409",
        "image": "pano_camera0/frame_0409_hp_preview.jpg",
        "frameId": "0409",
        "height": 1.35365,
        "coords2D": "2D: (397877.848, 808248.209)",
        "coords3D_original": "3D_Original: (-793548.981, 426441.300, 0.000)",
        "coords3D": "3D: (-45.065, 22.050, 4.856)",
        "coordsMtEden": "MtEden: (397877.848, 808248.209, 1.354)",
        "easting": 397877.8478886157,
        "northing": 808248.208597243,
        "longitude": 174.74038347926884,
        "latitude": -36.805387280534056,
        "group": "R0 - Red (229 points)",
        "canvasX": -294.3,
        "canvasY": 75.46000000000001,
        "variant": "northing_easting_direct"
      }
    },
    {
      "type": "Feature",
      "geometry": {
        "type": "Point",
        "coordinates": [
          -45.349068121402524,
          22.940203207312152,
          4.90616485516
        ]
      },
      "properties": {
        "id": "0_222",
        "camera": "R0 - Red (Point)",
        "frame": "0410",
        "image": "pano_camera0/frame_0410_hp_preview.jpg",
        "frameId": "0410",
        "height": 1.008386,
        "coords2D": "2D: (397877.563, 808249.099)",
        "coords3D_original": "3D_Original: (-793548.981, 426441.300, 0.000)",
        "coords3D": "3D: (-45.349, 22.940, 4.906)",
        "coordsMtEden": "MtEden: (397877.563, 808249.099, 1.008)",
        "easting": 397877.5634318786,
        "northing": 808249.0992032073,
        "longitude": 174.74038029381424,
        "latitude": -36.80537925373749,
        "group": "R0 - Red (229 points)",
        "canvasX": -298.96000000000004,
        "canvasY": 60.870000000000005,
        "variant": "northing_easting_direct"
      }
    },
    {
      "type": "Feature",
      "geometry": {
        "type": "Point",
        "coordinates": [
          -44.518283530836925,
          24.324640717590228,
          4.85586301628
        ]
      },
      "properties": {
        "id": "0_223",
        "camera": "R0 - Red (Point)",
        "frame": "0411",
        "image": "pano_camera0/frame_0411_hp_preview.jpg",
        "frameId": "0411",
        "height": 0.471458,
        "coords2D": "2D: (397878.394, 808250.484)",
        "coords3D_original": "3D_Original: (-793548.981, 426441.300, 0.000)",
        "coords3D": "3D: (-44.518, 24.325, 4.856)",
        "coordsMtEden": "MtEden: (397878.394, 808250.484, 0.471)",
        "easting": 397878.39421646914,
        "northing": 808250.4836407176,
        "longitude": 174.74038960836242,
        "latitude": -36.80536677902035,
        "group": "R0 - Red (229 points)",
        "canvasX": -285.35,
        "canvasY": 38.190000000000005,
        "variant": "northing_easting_direct"
      }
    },
    {
      "type": "Feature",
      "geometry": {
        "type": "Point",
        "coordinates": [
          -44.35957376338774,
          24.472973307943903,
          4.8261484484
        ]
      },
      "properties": {
        "id": "0_224",
        "camera": "R0 - Red (Point)",
        "frame": "0412",
        "image": "pano_camera0/frame_0412_hp_preview.jpg",
        "frameId": "0412",
        "height": 0.413942,
        "coords2D": "2D: (397878.553, 808250.632)",
        "coords3D_original": "3D_Original: (-793548.981, 426441.300, 0.000)",
        "coords3D": "3D: (-44.360, 24.473, 4.826)",
        "coordsMtEden": "MtEden: (397878.553, 808250.632, 0.414)",
        "easting": 397878.5529262366,
        "northing": 808250.6319733079,
        "longitude": 174.74039138745255,
        "latitude": -36.805365442599616,
        "group": "R0 - Red (229 points)",
        "canvasX": -282.75,
        "canvasY": 35.760000000000005,
        "variant": "northing_easting_direct"
      }
    },
    {
      "type": "Feature",
      "geometry": {
        "type": "Point",
        "coordinates": [
          -44.018958185450174,
          24.9442192328861,
          4.82904543012
        ]
      },
      "properties": {
        "id": "0_225",
        "camera": "R0 - Red (Point)",
        "frame": "0413",
        "image": "pano_camera0/frame_0413_hp_preview.jpg",
        "frameId": "0413",
        "height": 0.231377,
        "coords2D": "2D: (397878.894, 808251.103)",
        "coords3D_original": "3D_Original: (-793548.981, 426441.300, 0.000)",
        "coords3D": "3D: (-44.019, 24.944, 4.829)",
        "coordsMtEden": "MtEden: (397878.894, 808251.103, 0.231)",
        "easting": 397878.8935418145,
        "northing": 808251.1032192329,
        "longitude": 174.74039520607937,
        "latitude": -36.805361196484824,
        "group": "R0 - Red (229 points)",
        "canvasX": -277.17,
        "canvasY": 28.04,
        "variant": "northing_easting_direct"
      }
    },
    {
      "type": "Feature",
      "geometry": {
        "type": "Point",
        "coordinates": [
          -44.07328575971769,
          24.957648520939983,
          4.83737876372
        ]
      },
      "properties": {
        "id": "0_226",
        "camera": "R0 - Red (Point)",
        "frame": "0414",
        "image": "pano_camera0/frame_0414_hp_preview.jpg",
        "frameId": "0414",
        "height": 0.226061,
        "coords2D": "2D: (397878.839, 808251.117)",
        "coords3D_original": "3D_Original: (-793548.981, 426441.300, 0.000)",
        "coords3D": "3D: (-44.073, 24.958, 4.837)",
        "coordsMtEden": "MtEden: (397878.839, 808251.117, 0.226)",
        "easting": 397878.83921424026,
        "northing": 808251.1166485209,
        "longitude": 174.74039459726205,
        "latitude": -36.805361075338105,
        "group": "R0 - Red (229 points)",
        "canvasX": -278.06,
        "canvasY": 27.82,
        "variant": "northing_easting_direct"
      }
    },
    {
      "type": "Feature",
      "geometry": {
        "type": "Point",
        "coordinates": [
          -44.07694829284446,
          24.953985987813212,
          4.8385533044399995
        ]
      },
      "properties": {
        "id": "0_227",
        "camera": "R0 - Red (Point)",
        "frame": "0415",
        "image": "pano_camera0/frame_0415_hp_preview.jpg",
        "frameId": "0415",
        "height": 0.227522,
        "coords2D": "2D: (397878.836, 808251.113)",
        "coords3D_original": "3D_Original: (-793548.981, 426441.300, 0.000)",
        "coords3D": "3D: (-44.077, 24.954, 4.839)",
        "coordsMtEden": "MtEden: (397878.836, 808251.113, 0.228)",
        "easting": 397878.83555170713,
        "northing": 808251.1129859878,
        "longitude": 174.74039455620547,
        "latitude": -36.80536110833674,
        "group": "R0 - Red (229 points)",
        "canvasX": -278.12,
        "canvasY": 27.880000000000003,
        "variant": "northing_easting_direct"
      }
    },
    {
      "type": "Feature",
      "geometry": {
        "type": "Point",
        "coordinates": [
          -44.068402382254135,
          24.957648520939983,
          4.82340566616
        ]
      },
      "properties": {
        "id": "0_228",
        "camera": "R0 - Red (End)",
        "frame": "0416",
        "image": "pano_camera0/frame_0416_hp_preview.jpg",
        "frameId": "0416",
        "height": 0.226103,
        "coords2D": "2D: (397878.844, 808251.117)",
        "coords3D_original": "3D_Original: (-793548.981, 426441.300, 0.000)",
        "coords3D": "3D: (-44.068, 24.958, 4.823)",
        "coordsMtEden": "MtEden: (397878.844, 808251.117, 0.226)",
        "easting": 397878.8440976177,
        "northing": 808251.1166485209,
        "longitude": 174.74039465199056,
        "latitude": -36.805361075349055,
        "group": "R0 - Red (229 points)",
        "canvasX": -277.98,
        "canvasY": 27.82,
        "variant": "northing_easting_direct"
      }
    },
    {
      "type": "Feature",
      "geometry": {
        "type": "Point",
        "coordinates": [
          -26.58163811697159,
          18.46153565356508,
          0
        ]
      },
      "properties": {
        "id": "1_0",
        "camera": "R1 - Green (Start)",
        "frame": "0000",
        "image": "pano_camera0/frame_0000_hp_preview.jpg",
        "frameId": "0000",
        "height": 2.744597,
        "coords2D": "2D: (397896.331, 808244.621)",
        "coords3D_original": "3D_Original: (-793548.981, 426441.300, 0.000)",
        "coords3D": "3D: (-26.582, 18.462, 0.000)",
        "coordsMtEden": "MtEden: (397896.331, 808244.621, 2.745)",
        "easting": 397896.330861883,
        "northing": 808244.6205356536,
        "longitude": 174.7405906100131,
        "latitude": -36.80541965746023,
        "group": "R1 - Green (90 points)",
        "canvasX": 8.489999999999998,
        "canvasY": 134.24,
        "variant": "northing_easting_direct"
      }
    },
    {
      "type": "Feature",
      "geometry": {
        "type": "Point",
        "coordinates": [
          -23.246901733393315,
          17.318214905564673,
          -0.04374672056
        ]
      },
      "properties": {
        "id": "1_1",
        "camera": "R1 - Green (Point)",
        "frame": "0002",
        "image": "pano_camera0/frame_0002_hp_preview.jpg",
        "frameId": "0002",
        "height": 3.187987,
        "coords2D": "2D: (397899.666, 808243.477)",
        "coords3D_original": "3D_Original: (-793548.981, 426441.300, 0.000)",
        "coords3D": "3D: (-23.247, 17.318, -0.044)",
        "coordsMtEden": "MtEden: (397899.666, 808243.477, 3.188)",
        "easting": 397899.6655982666,
        "northing": 808243.4772149055,
        "longitude": 174.74062797962227,
        "latitude": -36.80542996849257,
        "group": "R1 - Green (90 points)",
        "canvasX": 63.12,
        "canvasY": 152.97,
        "variant": "northing_easting_direct"
      }
    },
    {
      "type": "Feature",
      "geometry": {
        "type": "Point",
        "coordinates": [
          -21.536498777684756,
          16.76089945284184,
          0.12797244504
        ]
      },
      "properties": {
        "id": "1_2",
        "camera": "R1 - Green (Point)",
        "frame": "0003",
        "image": "pano_camera0/frame_0003_hp_preview.jpg",
        "frameId": "0003",
        "height": 3.403878,
        "coords2D": "2D: (397901.376, 808242.920)",
        "coords3D_original": "3D_Original: (-793548.981, 426441.300, 0.000)",
        "coords3D": "3D: (-21.536, 16.761, 0.128)",
        "coordsMtEden": "MtEden: (397901.376, 808242.920, 3.404)",
        "easting": 397901.3760012223,
        "northing": 808242.9198994528,
        "longitude": 174.74064714676567,
        "latitude": -36.80543499482298,
        "group": "R1 - Green (90 points)",
        "canvasX": 91.13999999999999,
        "canvasY": 162.1,
        "variant": "northing_easting_direct"
      }
    },
    {
      "type": "Feature",
      "geometry": {
        "type": "Point",
        "coordinates": [
          -20.606825793569442,
          16.43310274067335,
          0.22006890467999998
        ]
      },
      "properties": {
        "id": "1_3",
        "camera": "R1 - Green (Point)",
        "frame": "0004",
        "image": "pano_camera0/frame_0004_hp_preview.jpg",
        "frameId": "0004",
        "height": 3.530954,
        "coords2D": "2D: (397902.306, 808242.592)",
        "coords3D_original": "3D_Original: (-793548.981, 426441.300, 0.000)",
        "coords3D": "3D: (-20.607, 16.433, 0.220)",
        "coordsMtEden": "MtEden: (397902.306, 808242.592, 3.531)",
        "easting": 397902.3056742064,
        "northing": 808242.5921027407,
        "longitude": 174.7406575648136,
        "latitude": -36.80543795099356,
        "group": "R1 - Green (90 points)",
        "canvasX": 106.37,
        "canvasY": 167.47,
        "variant": "northing_easting_direct"
      }
    },
    {
      "type": "Feature",
      "geometry": {
        "type": "Point",
        "coordinates": [
          -20.46215573628433,
          16.000923835439608,
          1.03417982312
        ]
      },
      "properties": {
        "id": "1_4",
        "camera": "R1 - Green (Point)",
        "frame": "0005",
        "image": "pano_camera0/frame_0005_hp_preview.jpg",
        "frameId": "0005",
        "height": 3.698661,
        "coords2D": "2D: (397902.450, 808242.160)",
        "coords3D_original": "3D_Original: (-793548.981, 426441.300, 0.000)",
        "coords3D": "3D: (-20.462, 16.001, 1.034)",
        "coordsMtEden": "MtEden: (397902.450, 808242.160, 3.699)",
        "easting": 397902.4503442637,
        "northing": 808242.1599238354,
        "longitude": 174.74065918495694,
        "latitude": -36.80544184611905,
        "group": "R1 - Green (90 points)",
        "canvasX": 108.74000000000001,
        "canvasY": 174.55,
        "variant": "northing_easting_direct"
      }
    },
    {
      "type": "Feature",
      "geometry": {
        "type": "Point",
        "coordinates": [
          -20.937064194353297,
          16.478884404408745,
          0.8316404465599999
        ]
      },
      "properties": {
        "id": "1_5",
        "camera": "R1 - Green (Point)",
        "frame": "0006",
        "image": "pano_camera0/frame_0006_hp_preview.jpg",
        "frameId": "0006",
        "height": 3.513375,
        "coords2D": "2D: (397901.975, 808242.638)",
        "coords3D_original": "3D_Original: (-793548.981, 426441.300, 0.000)",
        "coords3D": "3D: (-20.937, 16.479, 0.832)",
        "coordsMtEden": "MtEden: (397901.975, 808242.638, 3.513)",
        "easting": 397901.9754358056,
        "northing": 808242.6378844044,
        "longitude": 174.74065386392024,
        "latitude": -36.80543753767663,
        "group": "R1 - Green (90 points)",
        "canvasX": 100.96000000000001,
        "canvasY": 166.72,
        "variant": "northing_easting_direct"
      }
    },
    {
      "type": "Feature",
      "geometry": {
        "type": "Point",
        "coordinates": [
          -21.073188341106288,
          16.82255209318828,
          0.53943899364
        ]
      },
      "properties": {
        "id": "1_6",
        "camera": "R1 - Green (Point)",
        "frame": "0007",
        "image": "pano_camera0/frame_0007_hp_preview.jpg",
        "frameId": "0007",
        "height": 3.38007,
        "coords2D": "2D: (397901.839, 808242.982)",
        "coords3D_original": "3D_Original: (-793548.981, 426441.300, 0.000)",
        "coords3D": "3D: (-21.073, 16.823, 0.539)",
        "coordsMtEden": "MtEden: (397901.839, 808242.982, 3.380)",
        "easting": 397901.83931165887,
        "northing": 808242.9815520932,
        "longitude": 174.74065233930838,
        "latitude": -36.80543444023487,
        "group": "R1 - Green (90 points)",
        "canvasX": 98.72999999999999,
        "canvasY": 161.09,
        "variant": "northing_easting_direct"
      }
    },
    {
      "type": "Feature",
      "geometry": {
        "type": "Point",
        "coordinates": [
          -21.08173425163841,
          16.799356050323695,
          0.53549214312
        ]
      },
      "properties": {
        "id": "1_7",
        "camera": "R1 - Green (Point)",
        "frame": "0008",
        "image": "pano_camera0/frame_0008_hp_preview.jpg",
        "frameId": "0008",
        "height": 3.389015,
        "coords2D": "2D: (397901.831, 808242.958)",
        "coords3D_original": "3D_Original: (-793548.981, 426441.300, 0.000)",
        "coords3D": "3D: (-21.082, 16.799, 0.535)",
        "coordsMtEden": "MtEden: (397901.831, 808242.958, 3.389)",
        "easting": 397901.83076574834,
        "northing": 808242.9583560503,
        "longitude": 174.74065224346944,
        "latitude": -36.80543464925913,
        "group": "R1 - Green (90 points)",
        "canvasX": 98.59,
        "canvasY": 161.47,
        "variant": "northing_easting_direct"
      }
    },
    {
      "type": "Feature",
      "geometry": {
        "type": "Point",
        "coordinates": [
          -21.07074665237451,
          16.657738103880547,
          0.5755085486
        ]
      },
      "properties": {
        "id": "1_8",
        "camera": "R1 - Green (Point)",
        "frame": "0009",
        "image": "pano_camera0/frame_0009_hp_preview.jpg",
        "frameId": "0009",
        "height": 3.44385,
        "coords2D": "2D: (397901.842, 808242.817)",
        "coords3D_original": "3D_Original: (-793548.981, 426441.300, 0.000)",
        "coords3D": "3D: (-21.071, 16.658, 0.576)",
        "coordsMtEden": "MtEden: (397901.842, 808242.817, 3.444)",
        "easting": 397901.8417533476,
        "northing": 808242.8167381039,
        "longitude": 174.7406523662185,
        "latitude": -36.805435925547286,
        "group": "R1 - Green (90 points)",
        "canvasX": 98.77000000000001,
        "canvasY": 163.79,
        "variant": "northing_easting_direct"
      }
    },
    {
      "type": "Feature",
      "geometry": {
        "type": "Point",
        "coordinates": [
          -21.059759053052403,
          16.648581771180034,
          0.5866305962
        ]
      },
      "properties": {
        "id": "1_9",
        "camera": "R1 - Green (Point)",
        "frame": "0010",
        "image": "pano_camera0/frame_0010_hp_preview.jpg",
        "frameId": "0010",
        "height": 3.447429,
        "coords2D": "2D: (397901.853, 808242.808)",
        "coords3D_original": "3D_Original: (-793548.981, 426441.300, 0.000)",
        "coords3D": "3D: (-21.060, 16.649, 0.587)",
        "coordsMtEden": "MtEden: (397901.853, 808242.808, 3.447)",
        "easting": 397901.8527409469,
        "northing": 808242.8075817712,
        "longitude": 174.74065248933255,
        "latitude": -36.80543600808868,
        "group": "R1 - Green (90 points)",
        "canvasX": 98.94999999999999,
        "canvasY": 163.94,
        "variant": "northing_easting_direct"
      }
    },
    {
      "type": "Feature",
      "geometry": {
        "type": "Point",
        "coordinates": [
          -21.011535700643435,
          16.66811528103426,
          0.6312828286
        ]
      },
      "properties": {
        "id": "1_10",
        "camera": "R1 - Green (Point)",
        "frame": "0011",
        "image": "pano_camera0/frame_0011_hp_preview.jpg",
        "frameId": "0011",
        "height": 3.440059,
        "coords2D": "2D: (397901.901, 808242.827)",
        "coords3D_original": "3D_Original: (-793548.981, 426441.300, 0.000)",
        "coords3D": "3D: (-21.012, 16.668, 0.631)",
        "coordsMtEden": "MtEden: (397901.901, 808242.827, 3.440)",
        "easting": 397901.90096429933,
        "northing": 808242.827115281,
        "longitude": 174.74065302983098,
        "latitude": -36.80543583215915,
        "group": "R1 - Green (90 points)",
        "canvasX": 99.74000000000001,
        "canvasY": 163.62,
        "variant": "northing_easting_direct"
      }
    },
    {
      "type": "Feature",
      "geometry": {
        "type": "Point",
        "coordinates": [
          -21.144607736438047,
          16.669336125371046,
          0.5175098590799999
        ]
      },
      "properties": {
        "id": "1_11",
        "camera": "R1 - Green (Point)",
        "frame": "0012",
        "image": "pano_camera0/frame_0012_hp_preview.jpg",
        "frameId": "0012",
        "height": 3.439498,
        "coords2D": "2D: (397901.768, 808242.828)",
        "coords3D_original": "3D_Original: (-793548.981, 426441.300, 0.000)",
        "coords3D": "3D: (-21.145, 16.669, 0.518)",
        "coordsMtEden": "MtEden: (397901.768, 808242.828, 3.439)",
        "easting": 397901.76789226354,
        "northing": 808242.8283361254,
        "longitude": 174.74065153848088,
        "latitude": -36.805435820862,
        "group": "R1 - Green (90 points)",
        "canvasX": 97.56,
        "canvasY": 163.6,
        "variant": "northing_easting_direct"
      }
    },
    {
      "type": "Feature",
      "geometry": {
        "type": "Point",
        "coordinates": [
          -21.05365483125206,
          16.86711291258689,
          0.55533794428
        ]
      },
      "properties": {
        "id": "1_12",
        "camera": "R1 - Green (Point)",
        "frame": "0013",
        "image": "pano_camera0/frame_0013_hp_preview.jpg",
        "frameId": "0013",
        "height": 3.362827,
        "coords2D": "2D: (397901.859, 808243.026)",
        "coords3D_original": "3D_Original: (-793548.981, 426441.300, 0.000)",
        "coords3D": "3D: (-21.054, 16.867, 0.555)",
        "coordsMtEden": "MtEden: (397901.859, 808243.026, 3.363)",
        "easting": 397901.8588451687,
        "northing": 808243.0261129126,
        "longitude": 174.74065255834543,
        "latitude": -36.80543403869514,
        "group": "R1 - Green (90 points)",
        "canvasX": 99.05000000000001,
        "canvasY": 160.36,
        "variant": "northing_easting_direct"
      }
    },
    {
      "type": "Feature",
      "geometry": {
        "type": "Point",
        "coordinates": [
          -20.90654308523517,
          16.605852218461223,
          1.26421591972
        ]
      },
      "properties": {
        "id": "1_13",
        "camera": "R1 - Green (Point)",
        "frame": "0014",
        "image": "pano_camera0/frame_0014_hp_preview.jpg",
        "frameId": "0014",
        "height": 3.463982,
        "coords2D": "2D: (397902.006, 808242.765)",
        "coords3D_original": "3D_Original: (-793548.981, 426441.300, 0.000)",
        "coords3D": "3D: (-20.907, 16.606, 1.264)",
        "coordsMtEden": "MtEden: (397902.006, 808242.765, 3.464)",
        "easting": 397902.00595691474,
        "northing": 808242.7648522184,
        "longitude": 174.74065420632363,
        "latitude": -36.805436393507755,
        "group": "R1 - Green (90 points)",
        "canvasX": 101.46000000000001,
        "canvasY": 164.64000000000001,
        "variant": "northing_easting_direct"
      }
    },
    {
      "type": "Feature",
      "geometry": {
        "type": "Point",
        "coordinates": [
          -20.727689385705162,
          16.63820459402632,
          1.25421263856
        ]
      },
      "properties": {
        "id": "1_14",
        "camera": "R1 - Green (Point)",
        "frame": "0015",
        "image": "pano_camera0/frame_0015_hp_preview.jpg",
        "frameId": "0015",
        "height": 3.451498,
        "coords2D": "2D: (397902.185, 808242.797)",
        "coords3D_original": "3D_Original: (-793548.981, 426441.300, 0.000)",
        "coords3D": "3D: (-20.728, 16.638, 1.254)",
        "coordsMtEden": "MtEden: (397902.185, 808242.797, 3.451)",
        "easting": 397902.1848106143,
        "northing": 808242.797204594,
        "longitude": 174.74065621084657,
        "latitude": -36.805436102343734,
        "group": "R1 - Green (90 points)",
        "canvasX": 104.38999999999999,
        "canvasY": 164.11,
        "variant": "northing_easting_direct"
      }
    },
    {
      "type": "Feature",
      "geometry": {
        "type": "Point",
        "coordinates": [
          -20.742949940322433,
          16.81461660482455,
          1.3189600159600001
        ]
      },
      "properties": {
        "id": "1_15",
        "camera": "R1 - Green (Point)",
        "frame": "0016",
        "image": "pano_camera0/frame_0016_hp_preview.jpg",
        "frameId": "0016",
        "height": 3.383198,
        "coords2D": "2D: (397902.170, 808242.974)",
        "coords3D_original": "3D_Original: (-793548.981, 426441.300, 0.000)",
        "coords3D": "3D: (-20.743, 16.815, 1.319)",
        "coordsMtEden": "MtEden: (397902.170, 808242.974, 3.383)",
        "easting": 397902.16955005965,
        "northing": 808242.9736166048,
        "longitude": 174.74065604030585,
        "latitude": -36.80543451248134,
        "group": "R1 - Green (90 points)",
        "canvasX": 104.13999999999999,
        "canvasY": 161.22,
        "variant": "northing_easting_direct"
      }
    },
    {
      "type": "Feature",
      "geometry": {
        "type": "Point",
        "coordinates": [
          -21.741600631037727,
          17.139971628203057,
          1.26899938444
        ]
      },
      "properties": {
        "id": "1_16",
        "camera": "R1 - Green (Point)",
        "frame": "0017",
        "image": "pano_camera0/frame_0017_hp_preview.jpg",
        "frameId": "0017",
        "height": 3.257053,
        "coords2D": "2D: (397901.171, 808243.299)",
        "coords3D_original": "3D_Original: (-793548.981, 426441.300, 0.000)",
        "coords3D": "3D: (-21.742, 17.140, 1.269)",
        "coordsMtEden": "MtEden: (397901.171, 808243.299, 3.257)",
        "easting": 397901.17089936894,
        "northing": 808243.2989716282,
        "longitude": 174.74064484921072,
        "latitude": -36.80543157816229,
        "group": "R1 - Green (90 points)",
        "canvasX": 87.78,
        "canvasY": 155.89000000000001,
        "variant": "northing_easting_direct"
      }
    },
    {
      "type": "Feature",
      "geometry": {
        "type": "Point",
        "coordinates": [
          -22.869660824537277,
          17.636244862689637,
          1.2580643447200002
        ]
      },
      "properties": {
        "id": "1_17",
        "camera": "R1 - Green (Point)",
        "frame": "0018",
        "image": "pano_camera0/frame_0018_hp_preview.jpg",
        "frameId": "0018",
        "height": 3.06452,
        "coords2D": "2D: (397900.043, 808243.795)",
        "coords3D_original": "3D_Original: (-793548.981, 426441.300, 0.000)",
        "coords3D": "3D: (-22.870, 17.636, 1.258)",
        "coordsMtEden": "MtEden: (397900.043, 808243.795, 3.065)",
        "easting": 397900.04283917544,
        "northing": 808243.7952448627,
        "longitude": 174.7406322082809,
        "latitude": -36.805427103236845,
        "group": "R1 - Green (90 points)",
        "canvasX": 69.3,
        "canvasY": 147.76,
        "variant": "northing_easting_direct"
      }
    },
    {
      "type": "Feature",
      "geometry": {
        "type": "Point",
        "coordinates": [
          -23.505720738787204,
          18.164870472741313,
          1.25362208736
        ]
      },
      "properties": {
        "id": "1_18",
        "camera": "R1 - Green (Point)",
        "frame": "0019",
        "image": "pano_camera0/frame_0019_hp_preview.jpg",
        "frameId": "0019",
        "height": 2.859557,
        "coords2D": "2D: (397899.407, 808244.324)",
        "coords3D_original": "3D_Original: (-793548.981, 426441.300, 0.000)",
        "coords3D": "3D: (-23.506, 18.165, 1.254)",
        "coordsMtEden": "MtEden: (397899.407, 808244.324, 2.860)",
        "easting": 397899.4067792612,
        "northing": 808244.3238704727,
        "longitude": 174.7406250813441,
        "latitude": -36.80542233784135,
        "group": "R1 - Green (90 points)",
        "canvasX": 58.88,
        "canvasY": 139.1,
        "variant": "northing_easting_direct"
      }
    },
    {
      "type": "Feature",
      "geometry": {
        "type": "Point",
        "coordinates": [
          -23.97452497505583,
          18.962692265515216,
          1.2647671008399999
        ]
      },
      "properties": {
        "id": "1_19",
        "camera": "R1 - Green (Point)",
        "frame": "0020",
        "image": "pano_camera0/frame_0020_hp_preview.jpg",
        "frameId": "0020",
        "height": 2.550361,
        "coords2D": "2D: (397898.938, 808245.122)",
        "coords3D_original": "3D_Original: (-793548.981, 426441.300, 0.000)",
        "coords3D": "3D: (-23.975, 18.963, 1.265)",
        "coordsMtEden": "MtEden: (397898.938, 808245.122, 2.550)",
        "easting": 397898.9379750249,
        "northing": 808245.1216922655,
        "longitude": 174.74061982960396,
        "latitude": -36.80541514681512,
        "group": "R1 - Green (90 points)",
        "canvasX": 51.2,
        "canvasY": 126.03,
        "variant": "northing_easting_direct"
      }
    },
    {
      "type": "Feature",
      "geometry": {
        "type": "Point",
        "coordinates": [
          -24.223577225522604,
          20.48020181141328,
          1.2415354727999999
        ]
      },
      "properties": {
        "id": "1_20",
        "camera": "R1 - Green (Point)",
        "frame": "0021",
        "image": "pano_camera0/frame_0021_hp_preview.jpg",
        "frameId": "0021",
        "height": 1.962108,
        "coords2D": "2D: (397898.689, 808246.639)",
        "coords3D_original": "3D_Original: (-793548.981, 426441.300, 0.000)",
        "coords3D": "3D: (-24.224, 20.480, 1.242)",
        "coordsMtEden": "MtEden: (397898.689, 808246.639, 1.962)",
        "easting": 397898.68892277445,
        "northing": 808246.6392018114,
        "longitude": 174.74061704263553,
        "latitude": -36.805401470435726,
        "group": "R1 - Green (90 points)",
        "canvasX": 47.12,
        "canvasY": 101.17,
        "variant": "northing_easting_direct"
      }
    },
    {
      "type": "Feature",
      "geometry": {
        "type": "Point",
        "coordinates": [
          -24.457368921488523,
          23.01528513582889,
          1.2353346852
        ]
      },
      "properties": {
        "id": "1_21",
        "camera": "R1 - Green (Point)",
        "frame": "0022",
        "image": "pano_camera0/frame_0022_hp_preview.jpg",
        "frameId": "0022",
        "height": 0.979284,
        "coords2D": "2D: (397898.455, 808249.174)",
        "coords3D_original": "3D_Original: (-793548.981, 426441.300, 0.000)",
        "coords3D": "3D: (-24.457, 23.015, 1.235)",
        "coordsMtEden": "MtEden: (397898.455, 808249.174, 0.979)",
        "easting": 397898.4551310785,
        "northing": 808249.1742851358,
        "longitude": 174.74061442950324,
        "latitude": -36.80537862369455,
        "group": "R1 - Green (90 points)",
        "canvasX": 43.29,
        "canvasY": 59.64,
        "variant": "northing_easting_direct"
      }
    },
    {
      "type": "Feature",
      "geometry": {
        "type": "Point",
        "coordinates": [
          -24.65514570864616,
          24.097563665593043,
          1.20101053712
        ]
      },
      "properties": {
        "id": "1_22",
        "camera": "R1 - Green (Point)",
        "frame": "0023",
        "image": "pano_camera0/frame_0023_hp_preview.jpg",
        "frameId": "0023",
        "height": 0.559499,
        "coords2D": "2D: (397898.257, 808250.257)",
        "coords3D_original": "3D_Original: (-793548.981, 426441.300, 0.000)",
        "coords3D": "3D: (-24.655, 24.098, 1.201)",
        "coordsMtEden": "MtEden: (397898.257, 808250.257, 0.559)",
        "easting": 397898.25735429133,
        "northing": 808250.2565636656,
        "longitude": 174.7406122159852,
        "latitude": -36.80536886973952,
        "group": "R1 - Green (90 points)",
        "canvasX": 40.05,
        "canvasY": 41.91,
        "variant": "northing_easting_direct"
      }
    },
    {
      "type": "Feature",
      "geometry": {
        "type": "Point",
        "coordinates": [
          -24.62645586609142,
          24.888670814223588,
          1.2045275976
        ]
      },
      "properties": {
        "id": "1_23",
        "camera": "R1 - Green (Point)",
        "frame": "0024",
        "image": "pano_camera0/frame_0024_hp_preview.jpg",
        "frameId": "0024",
        "height": 0.252961,
        "coords2D": "2D: (397898.286, 808251.048)",
        "coords3D_original": "3D_Original: (-793548.981, 426441.300, 0.000)",
        "coords3D": "3D: (-24.626, 24.889, 1.205)",
        "coordsMtEden": "MtEden: (397898.286, 808251.048, 0.253)",
        "easting": 397898.2860441339,
        "northing": 808251.0476708142,
        "longitude": 174.74061253969884,
        "latitude": -36.80536174032949,
        "group": "R1 - Green (90 points)",
        "canvasX": 40.519999999999996,
        "canvasY": 28.95,
        "variant": "northing_easting_direct"
      }
    },
    {
      "type": "Feature",
      "geometry": {
        "type": "Point",
        "coordinates": [
          -23.997110595810227,
          26.19680555164814,
          1.259596497
        ]
      },
      "properties": {
        "id": "1_24",
        "camera": "R1 - Green (Point)",
        "frame": "0025",
        "image": "pano_camera0/frame_0025_hp_preview.jpg",
        "frameId": "0025",
        "height": -0.254174,
        "coords2D": "2D: (397898.915, 808252.356)",
        "coords3D_original": "3D_Original: (-793548.981, 426441.300, 0.000)",
        "coords3D": "3D: (-23.997, 26.197, 1.260)",
        "coordsMtEden": "MtEden: (397898.915, 808252.356, -0.254)",
        "easting": 397898.91538940417,
        "northing": 808252.3558055516,
        "longitude": 174.74061959644584,
        "latitude": -36.8053499527893,
        "group": "R1 - Green (90 points)",
        "canvasX": 50.83,
        "canvasY": 7.52,
        "variant": "northing_easting_direct"
      }
    },
    {
      "type": "Feature",
      "geometry": {
        "type": "Point",
        "coordinates": [
          -23.220653579512145,
          26.808448578580283,
          1.36474085732
        ]
      },
      "properties": {
        "id": "1_25",
        "camera": "R1 - Green (Point)",
        "frame": "0026",
        "image": "pano_camera0/frame_0026_hp_preview.jpg",
        "frameId": "0026",
        "height": -0.491403,
        "coords2D": "2D: (397899.692, 808252.967)",
        "coords3D_original": "3D_Original: (-793548.981, 426441.300, 0.000)",
        "coords3D": "3D: (-23.221, 26.808, 1.365)",
        "coordsMtEden": "MtEden: (397899.692, 808252.967, -0.491)",
        "easting": 397899.69184642046,
        "northing": 808252.9674485786,
        "longitude": 174.7406282999655,
        "latitude": -36.80534444237245,
        "group": "R1 - Green (90 points)",
        "canvasX": 63.55,
        "canvasY": -2.5,
        "variant": "northing_easting_direct"
      }
    },
    {
      "type": "Feature",
      "geometry": {
        "type": "Point",
        "coordinates": [
          -22.484484427259304,
          27.05505914031528,
          1.39954400804
        ]
      },
      "properties": {
        "id": "1_26",
        "camera": "R1 - Green (Point)",
        "frame": "0027",
        "image": "pano_camera0/frame_0027_hp_preview.jpg",
        "frameId": "0027",
        "height": -0.587056,
        "coords2D": "2D: (397900.428, 808253.214)",
        "coords3D_original": "3D_Original: (-793548.981, 426441.300, 0.000)",
        "coords3D": "3D: (-22.484, 27.055, 1.400)",
        "coordsMtEden": "MtEden: (397900.428, 808253.214, -0.587)",
        "easting": 397900.4280155727,
        "northing": 808253.2140591403,
        "longitude": 174.74063655096728,
        "latitude": -36.80534222154563,
        "group": "R1 - Green (90 points)",
        "canvasX": 75.61,
        "canvasY": -6.540000000000001,
        "variant": "northing_easting_direct"
      }
    },
    {
      "type": "Feature",
      "geometry": {
        "type": "Point",
        "coordinates": [
          -24.02152748312801,
          27.780851115472615,
          1.31562012084
        ]
      },
      "properties": {
        "id": "1_27",
        "camera": "R1 - Green (Point)",
        "frame": "0028",
        "image": "pano_camera0/frame_0028_hp_preview.jpg",
        "frameId": "0028",
        "height": -0.868426,
        "coords2D": "2D: (397898.891, 808253.940)",
        "coords3D_original": "3D_Original: (-793548.981, 426441.300, 0.000)",
        "coords3D": "3D: (-24.022, 27.781, 1.316)",
        "coordsMtEden": "MtEden: (397898.891, 808253.940, -0.868)",
        "easting": 397898.89097251685,
        "northing": 808253.9398511155,
        "longitude": 174.74061932717427,
        "latitude": -36.80533567728427,
        "group": "R1 - Green (90 points)",
        "canvasX": 50.43,
        "canvasY": -18.43,
        "variant": "northing_easting_direct"
      }
    },
    {
      "type": "Feature",
      "geometry": {
        "type": "Point",
        "coordinates": [
          -26.01089337625308,
          28.18311933381483,
          1.2915190702
        ]
      },
      "properties": {
        "id": "1_28",
        "camera": "R1 - Green (Point)",
        "frame": "0029",
        "image": "pano_camera0/frame_0029_hp_preview.jpg",
        "frameId": "0029",
        "height": -1.024328,
        "coords2D": "2D: (397896.902, 808254.342)",
        "coords3D_original": "3D_Original: (-793548.981, 426441.300, 0.000)",
        "coords3D": "3D: (-26.011, 28.183, 1.292)",
        "coordsMtEden": "MtEden: (397896.902, 808254.342, -1.024)",
        "easting": 397896.9016066237,
        "northing": 808254.3421193338,
        "longitude": 174.74059703326404,
        "latitude": -36.805332047618585,
        "group": "R1 - Green (90 points)",
        "canvasX": 17.84,
        "canvasY": -25.02,
        "variant": "northing_easting_direct"
      }
    },
    {
      "type": "Feature",
      "geometry": {
        "type": "Point",
        "coordinates": [
          -27.806145015289076,
          28.67634045740124,
          1.2320472835199998
        ]
      },
      "properties": {
        "id": "1_29",
        "camera": "R1 - Green (Point)",
        "frame": "0030",
        "image": "pano_camera0/frame_0030_hp_preview.jpg",
        "frameId": "0030",
        "height": -1.215436,
        "coords2D": "2D: (397895.106, 808254.835)",
        "coords3D_original": "3D_Original: (-793548.981, 426441.300, 0.000)",
        "coords3D": "3D: (-27.806, 28.676, 1.232)",
        "coordsMtEden": "MtEden: (397895.106, 808254.835, -1.215)",
        "easting": 397895.1063549847,
        "northing": 808254.8353404574,
        "longitude": 174.7405769150649,
        "latitude": -36.805327598710804,
        "group": "R1 - Green (90 points)",
        "canvasX": -11.57,
        "canvasY": -33.099999999999994,
        "variant": "northing_easting_direct"
      }
    },
    {
      "type": "Feature",
      "geometry": {
        "type": "Point",
        "coordinates": [
          -28.93542605312541,
          29.359402879723348,
          1.2570046334
        ]
      },
      "properties": {
        "id": "1_30",
        "camera": "R1 - Green (Point)",
        "frame": "0031",
        "image": "pano_camera0/frame_0031_hp_preview.jpg",
        "frameId": "0031",
        "height": -1.480343,
        "coords2D": "2D: (397893.977, 808255.518)",
        "coords3D_original": "3D_Original: (-793548.981, 426441.300, 0.000)",
        "coords3D": "3D: (-28.935, 29.359, 1.257)",
        "coordsMtEden": "MtEden: (397893.977, 808255.518, -1.480)",
        "easting": 397893.97707394685,
        "northing": 808255.5184028797,
        "longitude": 174.74056426099062,
        "latitude": -36.80532144042739,
        "group": "R1 - Green (90 points)",
        "canvasX": -30.07,
        "canvasY": -44.290000000000006,
        "variant": "northing_easting_direct"
      }
    },
    {
      "type": "Feature",
      "geometry": {
        "type": "Point",
        "coordinates": [
          -29.115500596992206,
          30.584520200267434,
          1.2244258922
        ]
      },
      "properties": {
        "id": "1_31",
        "camera": "R1 - Green (Point)",
        "frame": "0032",
        "image": "pano_camera0/frame_0032_hp_preview.jpg",
        "frameId": "0032",
        "height": -1.955276,
        "coords2D": "2D: (397893.797, 808256.744)",
        "coords3D_original": "3D_Original: (-793548.981, 426441.300, 0.000)",
        "coords3D": "3D: (-29.116, 30.585, 1.224)",
        "coordsMtEden": "MtEden: (397893.797, 808256.744, -1.955)",
        "easting": 397893.796999403,
        "northing": 808256.7435202003,
        "longitude": 174.74056224626642,
        "latitude": -36.8053103992446,
        "group": "R1 - Green (90 points)",
        "canvasX": -33.02,
        "canvasY": -64.36,
        "variant": "northing_easting_direct"
      }
    },
    {
      "type": "Feature",
      "geometry": {
        "type": "Point",
        "coordinates": [
          -28.792587262403686,
          31.25720544543583,
          1.2138386215199999
        ]
      },
      "properties": {
        "id": "1_32",
        "camera": "R1 - Green (Point)",
        "frame": "0033",
        "image": "pano_camera0/frame_0033_hp_preview.jpg",
        "frameId": "0033",
        "height": -2.21617,
        "coords2D": "2D: (397894.120, 808257.416)",
        "coords3D_original": "3D_Original: (-793548.981, 426441.300, 0.000)",
        "coords3D": "3D: (-28.793, 31.257, 1.214)",
        "coordsMtEden": "MtEden: (397894.120, 808257.416, -2.216)",
        "easting": 397894.1199127376,
        "northing": 808257.4162054454,
        "longitude": 174.74056586704748,
        "latitude": -36.80530433770964,
        "group": "R1 - Green (90 points)",
        "canvasX": -27.730000000000004,
        "canvasY": -75.38,
        "variant": "northing_easting_direct"
      }
    },
    {
      "type": "Feature",
      "geometry": {
        "type": "Point",
        "coordinates": [
          -26.773921104497276,
          32.155746898264624,
          1.35953744508
        ]
      },
      "properties": {
        "id": "1_33",
        "camera": "R1 - Green (Point)",
        "frame": "0034",
        "image": "pano_camera0/frame_0034_hp_preview.jpg",
        "frameId": "0034",
        "height": -2.564426,
        "coords2D": "2D: (397896.139, 808258.315)",
        "coords3D_original": "3D_Original: (-793548.981, 426441.300, 0.000)",
        "coords3D": "3D: (-26.774, 32.156, 1.360)",
        "coordsMtEden": "MtEden: (397896.139, 808258.315, -2.564)",
        "easting": 397896.1385788955,
        "northing": 808258.3147468982,
        "longitude": 174.7405884929132,
        "latitude": -36.80529624452297,
        "group": "R1 - Green (90 points)",
        "canvasX": 5.34,
        "canvasY": -90.1,
        "variant": "northing_easting_direct"
      }
    },
    {
      "type": "Feature",
      "geometry": {
        "type": "Point",
        "coordinates": [
          -26.15739470004337,
          31.983607842819765,
          1.38125660588
        ]
      },
      "properties": {
        "id": "1_34",
        "camera": "R1 - Green (Point)",
        "frame": "0035",
        "image": "pano_camera0/frame_0035_hp_preview.jpg",
        "frameId": "0035",
        "height": -2.497707,
        "coords2D": "2D: (397896.755, 808258.143)",
        "coords3D_original": "3D_Original: (-793548.981, 426441.300, 0.000)",
        "coords3D": "3D: (-26.157, 31.984, 1.381)",
        "coordsMtEden": "MtEden: (397896.755, 808258.143, -2.498)",
        "easting": 397896.75510529993,
        "northing": 808258.1426078428,
        "longitude": 174.74059540190686,
        "latitude": -36.805297797213264,
        "group": "R1 - Green (90 points)",
        "canvasX": 15.44,
        "canvasY": -87.28,
        "variant": "northing_easting_direct"
      }
    },
    {
      "type": "Feature",
      "geometry": {
        "type": "Point",
        "coordinates": [
          -24.639885154087096,
          31.447046744287945,
          1.3542093609199999
        ]
      },
      "properties": {
        "id": "1_35",
        "camera": "R1 - Green (Point)",
        "frame": "0036",
        "image": "pano_camera0/frame_0036_hp_preview.jpg",
        "frameId": "0036",
        "height": -2.289798,
        "coords2D": "2D: (397898.273, 808257.606)",
        "coords3D_original": "3D_Original: (-793548.981, 426441.300, 0.000)",
        "coords3D": "3D: (-24.640, 31.447, 1.354)",
        "coordsMtEden": "MtEden: (397898.273, 808257.606, -2.290)",
        "easting": 397898.2726148459,
        "northing": 808257.6060467443,
        "longitude": 174.74061240729776,
        "latitude": -36.80530263608225,
        "group": "R1 - Green (90 points)",
        "canvasX": 40.3,
        "canvasY": -78.49,
        "variant": "northing_easting_direct"
      }
    },
    {
      "type": "Feature",
      "geometry": {
        "type": "Point",
        "coordinates": [
          -23.454445275478065,
          31.20654040435329,
          1.44070214584
        ]
      },
      "properties": {
        "id": "1_36",
        "camera": "R1 - Green (Point)",
        "frame": "0037",
        "image": "pano_camera0/frame_0037_hp_preview.jpg",
        "frameId": "0037",
        "height": -2.19649,
        "coords2D": "2D: (397899.458, 808257.366)",
        "coords3D_original": "3D_Original: (-793548.981, 426441.300, 0.000)",
        "coords3D": "3D: (-23.454, 31.207, 1.441)",
        "coordsMtEden": "MtEden: (397899.458, 808257.366, -2.196)",
        "easting": 397899.4580547245,
        "northing": 808257.3655404043,
        "longitude": 174.74062569197113,
        "latitude": -36.80530480616072,
        "group": "R1 - Green (90 points)",
        "canvasX": 59.72,
        "canvasY": -74.55,
        "variant": "northing_easting_direct"
      }
    },
    {
      "type": "Feature",
      "geometry": {
        "type": "Point",
        "coordinates": [
          -22.347139436169527,
          31.00326981744729,
          1.44411750028
        ]
      },
      "properties": {
        "id": "1_37",
        "camera": "R1 - Green (Point)",
        "frame": "0038",
        "image": "pano_camera0/frame_0038_hp_preview.jpg",
        "frameId": "0038",
        "height": -2.117545,
        "coords2D": "2D: (397900.565, 808257.162)",
        "coords3D_original": "3D_Original: (-793548.981, 426441.300, 0.000)",
        "coords3D": "3D: (-22.347, 31.003, 1.444)",
        "coordsMtEden": "MtEden: (397900.565, 808257.162, -2.118)",
        "easting": 397900.5653605638,
        "northing": 808257.1622698174,
        "longitude": 174.7406381010923,
        "latitude": -36.805306640495075,
        "group": "R1 - Green (90 points)",
        "canvasX": 77.86,
        "canvasY": -71.22,
        "variant": "northing_easting_direct"
      }
    },
    {
      "type": "Feature",
      "geometry": {
        "type": "Point",
        "coordinates": [
          -20.437128426798154,
          31.642381842713803,
          1.3947047690399998
        ]
      },
      "properties": {
        "id": "1_38",
        "camera": "R1 - Green (Point)",
        "frame": "0039",
        "image": "pano_camera0/frame_0039_hp_preview.jpg",
        "frameId": "0039",
        "height": -2.365394,
        "coords2D": "2D: (397902.475, 808257.801)",
        "coords3D_original": "3D_Original: (-793548.981, 426441.300, 0.000)",
        "coords3D": "3D: (-20.437, 31.642, 1.395)",
        "coordsMtEden": "MtEden: (397902.475, 808257.801, -2.365)",
        "easting": 397902.4753715732,
        "northing": 808257.8013818427,
        "longitude": 174.74065950852795,
        "latitude": -36.8053008850373,
        "group": "R1 - Green (90 points)",
        "canvasX": 109.15,
        "canvasY": -81.69,
        "variant": "northing_easting_direct"
      }
    },
    {
      "type": "Feature",
      "geometry": {
        "type": "Point",
        "coordinates": [
          -19.555678795091808,
          32.55252131691668,
          1.5161877125599998
        ]
      },
      "properties": {
        "id": "1_39",
        "camera": "R1 - Green (Point)",
        "frame": "0040",
        "image": "pano_camera0/frame_0040_hp_preview.jpg",
        "frameId": "0040",
        "height": -2.718351,
        "coords2D": "2D: (397903.357, 808258.712)",
        "coords3D_original": "3D_Original: (-793548.981, 426441.300, 0.000)",
        "coords3D": "3D: (-19.556, 32.553, 1.516)",
        "coordsMtEden": "MtEden: (397903.357, 808258.712, -2.718)",
        "easting": 397903.3568212049,
        "northing": 808258.7115213169,
        "longitude": 174.74066938952316,
        "latitude": -36.805292684793876,
        "group": "R1 - Green (90 points)",
        "canvasX": 123.59,
        "canvasY": -96.6,
        "variant": "northing_easting_direct"
      }
    },
    {
      "type": "Feature",
      "geometry": {
        "type": "Point",
        "coordinates": [
          -19.43847773602465,
          32.750298104132526,
          1.55211291056
        ]
      },
      "properties": {
        "id": "1_40",
        "camera": "R1 - Green (Point)",
        "frame": "0041",
        "image": "pano_camera0/frame_0041_hp_preview.jpg",
        "frameId": "0041",
        "height": -2.794905,
        "coords2D": "2D: (397903.474, 808258.909)",
        "coords3D_original": "3D_Original: (-793548.981, 426441.300, 0.000)",
        "coords3D": "3D: (-19.438, 32.750, 1.552)",
        "coordsMtEden": "MtEden: (397903.474, 808258.909, -2.795)",
        "easting": 397903.47402226395,
        "northing": 808258.9092981041,
        "longitude": 174.7406707035509,
        "latitude": -36.80529090268493,
        "group": "R1 - Green (90 points)",
        "canvasX": 125.50999999999999,
        "canvasY": -99.84,
        "variant": "northing_easting_direct"
      }
    },
    {
      "type": "Feature",
      "geometry": {
        "type": "Point",
        "coordinates": [
          -18.484998286818154,
          34.3923337754095,
          1.56380910516
        ]
      },
      "properties": {
        "id": "1_41",
        "camera": "R1 - Green (Point)",
        "frame": "0042",
        "image": "pano_camera0/frame_0042_hp_preview.jpg",
        "frameId": "0042",
        "height": -3.431626,
        "coords2D": "2D: (397904.428, 808260.551)",
        "coords3D_original": "3D_Original: (-793548.981, 426441.300, 0.000)",
        "coords3D": "3D: (-18.485, 34.392, 1.564)",
        "coordsMtEden": "MtEden: (397904.428, 808260.551, -3.432)",
        "easting": 397904.42750171316,
        "northing": 808260.5513337754,
        "longitude": 174.74068139380267,
        "latitude": -36.805276106736486,
        "group": "R1 - Green (90 points)",
        "canvasX": 141.13,
        "canvasY": -126.74000000000001,
        "variant": "northing_easting_direct"
      }
    },
    {
      "type": "Feature",
      "geometry": {
        "type": "Point",
        "coordinates": [
          -17.53151883755345,
          35.245093564502895,
          1.9631857583599999
        ]
      },
      "properties": {
        "id": "1_42",
        "camera": "R1 - Green (Point)",
        "frame": "0043",
        "image": "pano_camera0/frame_0043_hp_preview.jpg",
        "frameId": "0043",
        "height": -3.762189,
        "coords2D": "2D: (397905.381, 808261.404)",
        "coords3D_original": "3D_Original: (-793548.981, 426441.300, 0.000)",
        "coords3D": "3D: (-17.532, 35.245, 1.963)",
        "coordsMtEden": "MtEden: (397905.381, 808261.404, -3.762)",
        "easting": 397905.3809811624,
        "northing": 808261.4040935645,
        "longitude": 174.74069208187916,
        "latitude": -36.80526842375744,
        "group": "R1 - Green (90 points)",
        "canvasX": 156.75,
        "canvasY": -140.71,
        "variant": "northing_easting_direct"
      }
    },
    {
      "type": "Feature",
      "geometry": {
        "type": "Point",
        "coordinates": [
          -16.37537922372576,
          34.95941598294303,
          1.98109258308
        ]
      },
      "properties": {
        "id": "1_43",
        "camera": "R1 - Green (Point)",
        "frame": "0044",
        "image": "pano_camera0/frame_0044_hp_preview.jpg",
        "frameId": "0044",
        "height": -3.651401,
        "coords2D": "2D: (397906.537, 808261.118)",
        "coords3D_original": "3D_Original: (-793548.981, 426441.300, 0.000)",
        "coords3D": "3D: (-16.375, 34.959, 1.981)",
        "coordsMtEden": "MtEden: (397906.537, 808261.118, -3.651)",
        "easting": 397906.53712077625,
        "northing": 808261.1184159829,
        "longitude": 174.74070503805396,
        "latitude": -36.80527100084639,
        "group": "R1 - Green (90 points)",
        "canvasX": 175.69,
        "canvasY": -136.03,
        "variant": "northing_easting_direct"
      }
    },
    {
      "type": "Feature",
      "geometry": {
        "type": "Point",
        "coordinates": [
          -14.68267851130804,
          34.886775743216276,
          1.9717815591599999
        ]
      },
      "properties": {
        "id": "1_44",
        "camera": "R1 - Green (Point)",
        "frame": "0045",
        "image": "pano_camera0/frame_0045_hp_preview.jpg",
        "frameId": "0045",
        "height": -3.623259,
        "coords2D": "2D: (397908.230, 808261.046)",
        "coords3D_original": "3D_Original: (-793548.981, 426441.300, 0.000)",
        "coords3D": "3D: (-14.683, 34.887, 1.972)",
        "coordsMtEden": "MtEden: (397908.230, 808261.046, -3.623)",
        "easting": 397908.22982148867,
        "northing": 808261.0457757432,
        "longitude": 174.74072400810357,
        "latitude": -36.80527165922246,
        "group": "R1 - Green (90 points)",
        "canvasX": 203.42,
        "canvasY": -134.84,
        "variant": "northing_easting_direct"
      }
    },
    {
      "type": "Feature",
      "geometry": {
        "type": "Point",
        "coordinates": [
          -14.327412801038008,
          35.42577853053808,
          1.9831463889199998
        ]
      },
      "properties": {
        "id": "1_45",
        "camera": "R1 - Green (Middle)",
        "frame": "0046",
        "image": "pano_camera0/frame_0046_hp_preview.jpg",
        "frameId": "0046",
        "height": -3.832147,
        "coords2D": "2D: (397908.585, 808261.585)",
        "coords3D_original": "3D_Original: (-793548.981, 426441.300, 0.000)",
        "coords3D": "3D: (-14.327, 35.426, 1.983)",
        "coordsMtEden": "MtEden: (397908.585, 808261.585, -3.832)",
        "easting": 397908.58508719894,
        "northing": 808261.5847785305,
        "longitude": 174.74072799107884,
        "latitude": -36.805266802503056,
        "group": "R1 - Green (90 points)",
        "canvasX": 209.23999999999998,
        "canvasY": -143.67,
        "variant": "northing_easting_direct"
      }
    },
    {
      "type": "Feature",
      "geometry": {
        "type": "Point",
        "coordinates": [
          -14.403105151664931,
          35.65834938210901,
          1.9554167292399998
        ]
      },
      "properties": {
        "id": "1_46",
        "camera": "R1 - Green (Point)",
        "frame": "0047",
        "image": "pano_camera0/frame_0047_hp_preview.jpg",
        "frameId": "0047",
        "height": -3.922432,
        "coords2D": "2D: (397908.509, 808261.817)",
        "coords3D_original": "3D_Original: (-793548.981, 426441.300, 0.000)",
        "coords3D": "3D: (-14.403, 35.658, 1.955)",
        "coordsMtEden": "MtEden: (397908.509, 808261.817, -3.922)",
        "easting": 397908.5093948483,
        "northing": 808261.8173493821,
        "longitude": 174.7407271434267,
        "latitude": -36.80526470640259,
        "group": "R1 - Green (90 points)",
        "canvasX": 208,
        "canvasY": -147.48,
        "variant": "northing_easting_direct"
      }
    },
    {
      "type": "Feature",
      "geometry": {
        "type": "Point",
        "coordinates": [
          -14.859090522106271,
          36.19491048064083,
          1.98511489292
        ]
      },
      "properties": {
        "id": "1_47",
        "camera": "R1 - Green (Point)",
        "frame": "0048",
        "image": "pano_camera0/frame_0048_hp_preview.jpg",
        "frameId": "0048",
        "height": -4.130327,
        "coords2D": "2D: (397908.053, 808262.354)",
        "coords3D_original": "3D_Original: (-793548.981, 426441.300, 0.000)",
        "coords3D": "3D: (-14.859, 36.195, 1.985)",
        "coordsMtEden": "MtEden: (397908.053, 808262.354, -4.130)",
        "easting": 397908.05340947787,
        "northing": 808262.3539104806,
        "longitude": 174.74072203463217,
        "latitude": -36.805259869895714,
        "group": "R1 - Green (90 points)",
        "canvasX": 200.53,
        "canvasY": -156.27,
        "variant": "northing_easting_direct"
      }
    },
    {
      "type": "Feature",
      "geometry": {
        "type": "Point",
        "coordinates": [
          -16.43031722016167,
          36.856608126545325,
          1.99066279336
        ]
      },
      "properties": {
        "id": "1_48",
        "camera": "R1 - Green (Point)",
        "frame": "0049",
        "image": "pano_camera0/frame_0049_hp_preview.jpg",
        "frameId": "0049",
        "height": -4.386841,
        "coords2D": "2D: (397906.482, 808263.016)",
        "coords3D_original": "3D_Original: (-793548.981, 426441.300, 0.000)",
        "coords3D": "3D: (-16.430, 36.857, 1.991)",
        "coordsMtEden": "MtEden: (397906.482, 808263.016, -4.387)",
        "easting": 397906.4821827798,
        "northing": 808263.0156081265,
        "longitude": 174.74070442757503,
        "latitude": -36.80525390319048,
        "group": "R1 - Green (90 points)",
        "canvasX": 174.79,
        "canvasY": -167.10999999999999,
        "variant": "northing_easting_direct"
      }
    },
    {
      "type": "Feature",
      "geometry": {
        "type": "Point",
        "coordinates": [
          -18.536273750127293,
          36.949392298352905,
          1.9411286710399998
        ]
      },
      "properties": {
        "id": "1_49",
        "camera": "R1 - Green (Point)",
        "frame": "0050",
        "image": "pano_camera0/frame_0050_hp_preview.jpg",
        "frameId": "0050",
        "height": -4.423021,
        "coords2D": "2D: (397904.376, 808263.108)",
        "coords3D_original": "3D_Original: (-793548.981, 426441.300, 0.000)",
        "coords3D": "3D: (-18.536, 36.949, 1.941)",
        "coordsMtEden": "MtEden: (397904.376, 808263.108, -4.423)",
        "easting": 397904.37622624985,
        "northing": 808263.1083922983,
        "longitude": 174.74068082619132,
        "latitude": -36.805253062359256,
        "group": "R1 - Green (90 points)",
        "canvasX": 140.29,
        "canvasY": -168.63,
        "variant": "northing_easting_direct"
      }
    },
    {
      "type": "Feature",
      "geometry": {
        "type": "Point",
        "coordinates": [
          -18.627226655371487,
          36.94145680998918,
          1.95167000996
        ]
      },
      "properties": {
        "id": "1_50",
        "camera": "R1 - Green (Point)",
        "frame": "0051",
        "image": "pano_camera0/frame_0051_hp_preview.jpg",
        "frameId": "0051",
        "height": -4.419909,
        "coords2D": "2D: (397904.285, 808263.100)",
        "coords3D_original": "3D_Original: (-793548.981, 426441.300, 0.000)",
        "coords3D": "3D: (-18.627, 36.941, 1.952)",
        "coordsMtEden": "MtEden: (397904.285, 808263.100, -4.420)",
        "easting": 397904.2852733446,
        "northing": 808263.10045681,
        "longitude": 174.74067980685237,
        "latitude": -36.80525313367274,
        "group": "R1 - Green (90 points)",
        "canvasX": 138.8,
        "canvasY": -168.5,
        "variant": "northing_easting_direct"
      }
    },
    {
      "type": "Feature",
      "geometry": {
        "type": "Point",
        "coordinates": [
          -20.77102936070878,
          37.260707611450925,
          1.8587500594800002
        ]
      },
      "properties": {
        "id": "1_51",
        "camera": "R1 - Green (Point)",
        "frame": "0052",
        "image": "pano_camera0/frame_0052_hp_preview.jpg",
        "frameId": "0052",
        "height": -4.543623,
        "coords2D": "2D: (397902.141, 808263.420)",
        "coords3D_original": "3D_Original: (-793548.981, 426441.300, 0.000)",
        "coords3D": "3D: (-20.771, 37.261, 1.859)",
        "coordsMtEden": "MtEden: (397902.141, 808263.420, -4.544)",
        "easting": 397902.14147063927,
        "northing": 808263.4197076114,
        "longitude": 174.7406557819477,
        "latitude": -36.80525025183088,
        "group": "R1 - Green (90 points)",
        "canvasX": 103.68,
        "canvasY": -173.73,
        "variant": "northing_easting_direct"
      }
    },
    {
      "type": "Feature",
      "geometry": {
        "type": "Point",
        "coordinates": [
          -21.242275285650976,
          37.54760603723116,
          1.53953745084
        ]
      },
      "properties": {
        "id": "1_52",
        "camera": "R1 - Green (Point)",
        "frame": "0053",
        "image": "pano_camera0/frame_0053_hp_preview.jpg",
        "frameId": "0053",
        "height": -4.654957,
        "coords2D": "2D: (397901.670, 808263.707)",
        "coords3D_original": "3D_Original: (-793548.981, 426441.300, 0.000)",
        "coords3D": "3D: (-21.242, 37.548, 1.540)",
        "coordsMtEden": "MtEden: (397901.670, 808263.707, -4.655)",
        "easting": 397901.6702247143,
        "northing": 808263.7066060372,
        "longitude": 174.74065050144426,
        "latitude": -36.805247665252224,
        "group": "R1 - Green (90 points)",
        "canvasX": 95.96000000000001,
        "canvasY": -178.43,
        "variant": "northing_easting_direct"
      }
    },
    {
      "type": "Feature",
      "geometry": {
        "type": "Point",
        "coordinates": [
          -21.74221105320612,
          38.37167598376982,
          1.53500989164
        ]
      },
      "properties": {
        "id": "1_53",
        "camera": "R1 - Green (Point)",
        "frame": "0054",
        "image": "pano_camera0/frame_0054_hp_preview.jpg",
        "frameId": "0054",
        "height": -4.974225,
        "coords2D": "2D: (397901.170, 808264.531)",
        "coords3D_original": "3D_Original: (-793548.981, 426441.300, 0.000)",
        "coords3D": "3D: (-21.742, 38.372, 1.535)",
        "coordsMtEden": "MtEden: (397901.170, 808264.531, -4.974)",
        "easting": 397901.17028894677,
        "northing": 808264.5306759838,
        "longitude": 174.74064490089228,
        "latitude": -36.80524023760901,
        "group": "R1 - Green (90 points)",
        "canvasX": 87.77,
        "canvasY": -191.93,
        "variant": "northing_easting_direct"
      }
    },
    {
      "type": "Feature",
      "geometry": {
        "type": "Point",
        "coordinates": [
          -23.77308565477142,
          39.17193946521729,
          1.45090883908
        ]
      },
      "properties": {
        "id": "1_54",
        "camera": "R1 - Green (Point)",
        "frame": "0055",
        "image": "pano_camera0/frame_0055_hp_preview.jpg",
        "frameId": "0055",
        "height": -5.284512,
        "coords2D": "2D: (397899.139, 808265.331)",
        "coords3D_original": "3D_Original: (-793548.981, 426441.300, 0.000)",
        "coords3D": "3D: (-23.773, 39.172, 1.451)",
        "coordsMtEden": "MtEden: (397899.139, 808265.331, -5.285)",
        "easting": 397899.1394143452,
        "northing": 808265.3309394652,
        "longitude": 174.740622142915,
        "latitude": -36.8052330211145,
        "group": "R1 - Green (90 points)",
        "canvasX": 54.5,
        "canvasY": -205.04,
        "variant": "northing_easting_direct"
      }
    },
    {
      "type": "Feature",
      "geometry": {
        "type": "Point",
        "coordinates": [
          -24.764411279349588,
          39.04008827370126,
          1.47975398436
        ]
      },
      "properties": {
        "id": "1_55",
        "camera": "R1 - Green (Point)",
        "frame": "0056",
        "image": "pano_camera0/frame_0056_hp_preview.jpg",
        "frameId": "0056",
        "height": -5.233444,
        "coords2D": "2D: (397898.148, 808265.199)",
        "coords3D_original": "3D_Original: (-793548.981, 426441.300, 0.000)",
        "coords3D": "3D: (-24.764, 39.040, 1.480)",
        "coordsMtEden": "MtEden: (397898.148, 808265.199, -5.233)",
        "easting": 397898.1480887206,
        "northing": 808265.1990882737,
        "longitude": 174.74061103268104,
        "latitude": -36.80523420716024,
        "group": "R1 - Green (90 points)",
        "canvasX": 38.26,
        "canvasY": -202.88,
        "variant": "northing_easting_direct"
      }
    },
    {
      "type": "Feature",
      "geometry": {
        "type": "Point",
        "coordinates": [
          -25.805181100673508,
          38.77150251343846,
          1.4314961088
        ]
      },
      "properties": {
        "id": "1_56",
        "camera": "R1 - Green (Point)",
        "frame": "0057",
        "image": "pano_camera0/frame_0057_hp_preview.jpg",
        "frameId": "0057",
        "height": -5.129429,
        "coords2D": "2D: (397897.107, 808264.931)",
        "coords3D_original": "3D_Original: (-793548.981, 426441.300, 0.000)",
        "coords3D": "3D: (-25.805, 38.772, 1.431)",
        "coordsMtEden": "MtEden: (397897.107, 808264.931, -5.129)",
        "easting": 397897.1073188993,
        "northing": 808264.9305025134,
        "longitude": 174.7405993679439,
        "latitude": -36.80523662534986,
        "group": "R1 - Green (90 points)",
        "canvasX": 21.21,
        "canvasY": -198.48,
        "variant": "northing_easting_direct"
      }
    },
    {
      "type": "Feature",
      "geometry": {
        "type": "Point",
        "coordinates": [
          -26.482749723421875,
          38.60729894624092,
          1.41121395592
        ]
      },
      "properties": {
        "id": "1_57",
        "camera": "R1 - Green (Point)",
        "frame": "0058",
        "image": "pano_camera0/frame_0058_hp_preview.jpg",
        "frameId": "0058",
        "height": -5.065747,
        "coords2D": "2D: (397896.430, 808264.766)",
        "coords3D_original": "3D_Original: (-793548.981, 426441.300, 0.000)",
        "coords3D": "3D: (-26.483, 38.607, 1.411)",
        "coordsMtEden": "MtEden: (397896.430, 808264.766, -5.066)",
        "easting": 397896.42975027655,
        "northing": 808264.7662989462,
        "longitude": 174.74059177392112,
        "latitude": -36.8052381036508,
        "group": "R1 - Green (90 points)",
        "canvasX": 10.11,
        "canvasY": -195.79,
        "variant": "northing_easting_direct"
      }
    },
    {
      "type": "Feature",
      "geometry": {
        "type": "Point",
        "coordinates": [
          -27.21647718688473,
          37.70692622696515,
          1.3218012234
        ]
      },
      "properties": {
        "id": "1_58",
        "camera": "R1 - Green (Point)",
        "frame": "0059",
        "image": "pano_camera0/frame_0059_hp_preview.jpg",
        "frameId": "0059",
        "height": -4.716542,
        "coords2D": "2D: (397895.696, 808263.866)",
        "coords3D_original": "3D_Original: (-793548.981, 426441.300, 0.000)",
        "coords3D": "3D: (-27.216, 37.707, 1.322)",
        "coordsMtEden": "MtEden: (397895.696, 808263.866, -4.717)",
        "easting": 397895.6960228131,
        "northing": 808263.865926227,
        "longitude": 174.74058354848674,
        "latitude": -36.805246216197936,
        "group": "R1 - Green (90 points)",
        "canvasX": -1.9100000000000001,
        "canvasY": -181.04,
        "variant": "northing_easting_direct"
      }
    },
    {
      "type": "Feature",
      "geometry": {
        "type": "Point",
        "coordinates": [
          -27.889162432111334,
          36.26327776501421,
          1.34625660476
        ]
      },
      "properties": {
        "id": "1_59",
        "camera": "R1 - Green (Point)",
        "frame": "0060",
        "image": "pano_camera0/frame_0060_hp_preview.jpg",
        "frameId": "0060",
        "height": -4.156928,
        "coords2D": "2D: (397895.023, 808262.422)",
        "coords3D_original": "3D_Original: (-793548.981, 426441.300, 0.000)",
        "coords3D": "3D: (-27.889, 36.263, 1.346)",
        "coordsMtEden": "MtEden: (397895.023, 808262.422, -4.157)",
        "easting": 397895.02333756787,
        "northing": 808262.422277765,
        "longitude": 174.74057600565425,
        "latitude": -36.805259224892325,
        "group": "R1 - Green (90 points)",
        "canvasX": -12.93,
        "canvasY": -157.39,
        "variant": "northing_easting_direct"
      }
    },
    {
      "type": "Feature",
      "geometry": {
        "type": "Point",
        "coordinates": [
          -28.25480531953508,
          35.52893987938296,
          1.36358928248
        ]
      },
      "properties": {
        "id": "1_60",
        "camera": "R1 - Green (Point)",
        "frame": "0061",
        "image": "pano_camera0/frame_0061_hp_preview.jpg",
        "frameId": "0061",
        "height": -3.872212,
        "coords2D": "2D: (397894.658, 808261.688)",
        "coords3D_original": "3D_Original: (-793548.981, 426441.300, 0.000)",
        "coords3D": "3D: (-28.255, 35.529, 1.364)",
        "coordsMtEden": "MtEden: (397894.658, 808261.688, -3.872)",
        "easting": 397894.65769468044,
        "northing": 808261.6879398794,
        "longitude": 174.74057190583173,
        "latitude": -36.80526584194748,
        "group": "R1 - Green (90 points)",
        "canvasX": -18.92,
        "canvasY": -145.35999999999999,
        "variant": "northing_easting_direct"
      }
    },
    {
      "type": "Feature",
      "geometry": {
        "type": "Point",
        "coordinates": [
          -28.957401251711417,
          33.06039257289376,
          1.21040358204
        ]
      },
      "properties": {
        "id": "1_61",
        "camera": "R1 - Green (Point)",
        "frame": "0062",
        "image": "pano_camera0/frame_0062_hp_preview.jpg",
        "frameId": "0062",
        "height": -2.915186,
        "coords2D": "2D: (397893.955, 808259.219)",
        "coords3D_original": "3D_Original: (-793548.981, 426441.300, 0.000)",
        "coords3D": "3D: (-28.957, 33.060, 1.210)",
        "coordsMtEden": "MtEden: (397893.955, 808259.219, -2.915)",
        "easting": 397893.95509874827,
        "northing": 808259.2193925729,
        "longitude": 174.74056402494884,
        "latitude": -36.80528808698389,
        "group": "R1 - Green (90 points)",
        "canvasX": -30.43,
        "canvasY": -104.92,
        "variant": "northing_easting_direct"
      }
    },
    {
      "type": "Feature",
      "geometry": {
        "type": "Point",
        "coordinates": [
          -29.539133591752034,
          31.212644626153633,
          1.21220148236
        ]
      },
      "properties": {
        "id": "1_62",
        "camera": "R1 - Green (Point)",
        "frame": "0063",
        "image": "pano_camera0/frame_0063_hp_preview.jpg",
        "frameId": "0063",
        "height": -2.198827,
        "coords2D": "2D: (397893.373, 808257.372)",
        "coords3D_original": "3D_Original: (-793548.981, 426441.300, 0.000)",
        "coords3D": "3D: (-29.539, 31.213, 1.212)",
        "coordsMtEden": "MtEden: (397893.373, 808257.372, -2.199)",
        "easting": 397893.3733664082,
        "northing": 808257.3716446261,
        "longitude": 174.7405575003087,
        "latitude": -36.805304737632085,
        "group": "R1 - Green (90 points)",
        "canvasX": -39.96,
        "canvasY": -74.64999999999999,
        "variant": "northing_easting_direct"
      }
    },
    {
      "type": "Feature",
      "geometry": {
        "type": "Point",
        "coordinates": [
          -29.64473662932869,
          30.878133270074613,
          1.2135663118
        ]
      },
      "properties": {
        "id": "1_63",
        "camera": "R1 - Green (Point)",
        "frame": "0064",
        "image": "pano_camera0/frame_0064_hp_preview.jpg",
        "frameId": "0064",
        "height": -2.069174,
        "coords2D": "2D: (397893.268, 808257.037)",
        "coords3D_original": "3D_Original: (-793548.981, 426441.300, 0.000)",
        "coords3D": "3D: (-29.645, 30.878, 1.214)",
        "coordsMtEden": "MtEden: (397893.268, 808257.037, -2.069)",
        "easting": 397893.26776337065,
        "northing": 808257.0371332701,
        "longitude": 174.74055631587996,
        "latitude": -36.80530775202031,
        "group": "R1 - Green (90 points)",
        "canvasX": -41.690000000000005,
        "canvasY": -69.17,
        "variant": "northing_easting_direct"
      }
    },
    {
      "type": "Feature",
      "geometry": {
        "type": "Point",
        "coordinates": [
          -30.919908568786923,
          28.896702865255065,
          1.08533139956
        ]
      },
      "properties": {
        "id": "1_64",
        "camera": "R1 - Green (Point)",
        "frame": "0065",
        "image": "pano_camera0/frame_0065_hp_preview.jpg",
        "frameId": "0065",
        "height": -1.300966,
        "coords2D": "2D: (397891.993, 808255.056)",
        "coords3D_original": "3D_Original: (-793548.981, 426441.300, 0.000)",
        "coords3D": "3D: (-30.920, 28.897, 1.085)",
        "coordsMtEden": "MtEden: (397891.993, 808255.056, -1.301)",
        "easting": 397891.9925914312,
        "northing": 808255.0557028652,
        "longitude": 174.74054201942104,
        "latitude": -36.805325605873584,
        "group": "R1 - Green (90 points)",
        "canvasX": -62.580000000000005,
        "canvasY": -36.709999999999994,
        "variant": "northing_easting_direct"
      }
    },
    {
      "type": "Feature",
      "geometry": {
        "type": "Point",
        "coordinates": [
          -31.40031082648784,
          28.554256020812318,
          1.0792946539600001
        ]
      },
      "properties": {
        "id": "1_65",
        "camera": "R1 - Green (Point)",
        "frame": "0066",
        "image": "pano_camera0/frame_0066_hp_preview.jpg",
        "frameId": "0066",
        "height": -1.168229,
        "coords2D": "2D: (397891.512, 808254.713)",
        "coords3D_original": "3D_Original: (-793548.981, 426441.300, 0.000)",
        "coords3D": "3D: (-31.400, 28.554, 1.079)",
        "coordsMtEden": "MtEden: (397891.512, 808254.713, -1.168)",
        "easting": 397891.5121891735,
        "northing": 808254.7132560208,
        "longitude": 174.74053663455763,
        "latitude": -36.80532869094193,
        "group": "R1 - Green (90 points)",
        "canvasX": -70.44999999999999,
        "canvasY": -31.099999999999998,
        "variant": "northing_easting_direct"
      }
    },
    {
      "type": "Feature",
      "geometry": {
        "type": "Point",
        "coordinates": [
          -32.78596918104449,
          26.918934993678704,
          0.9999442577200001
        ]
      },
      "properties": {
        "id": "1_66",
        "camera": "R1 - Green (Point)",
        "frame": "0067",
        "image": "pano_camera0/frame_0067_hp_preview.jpg",
        "frameId": "0067",
        "height": -0.534157,
        "coords2D": "2D: (397890.127, 808253.078)",
        "coords3D_original": "3D_Original: (-793548.981, 426441.300, 0.000)",
        "coords3D": "3D: (-32.786, 26.919, 1.000)",
        "coordsMtEden": "MtEden: (397890.127, 808253.078, -0.534)",
        "easting": 397890.12653081893,
        "northing": 808253.0779349937,
        "longitude": 174.7405211008169,
        "latitude": -36.80534342540185,
        "group": "R1 - Green (90 points)",
        "canvasX": -93.15,
        "canvasY": -4.3100000000000005,
        "variant": "northing_easting_direct"
      }
    },
    {
      "type": "Feature",
      "geometry": {
        "type": "Point",
        "coordinates": [
          -33.59905152826104,
          25.035172138130292,
          0.98360895536
        ]
      },
      "properties": {
        "id": "1_67",
        "camera": "R1 - Green (Point)",
        "frame": "0068",
        "image": "pano_camera0/frame_0068_hp_preview.jpg",
        "frameId": "0068",
        "height": 0.19614,
        "coords2D": "2D: (397889.313, 808251.194)",
        "coords3D_original": "3D_Original: (-793548.981, 426441.300, 0.000)",
        "coords3D": "3D: (-33.599, 25.035, 0.984)",
        "coordsMtEden": "MtEden: (397889.313, 808251.194, 0.196)",
        "easting": 397889.3134484717,
        "northing": 808251.1941721381,
        "longitude": 174.7405119832996,
        "latitude": -36.805360400098955,
        "group": "R1 - Green (90 points)",
        "canvasX": -106.47,
        "canvasY": 26.55,
        "variant": "northing_easting_direct"
      }
    },
    {
      "type": "Feature",
      "geometry": {
        "type": "Point",
        "coordinates": [
          -33.71381089859642,
          24.74949455668684,
          0.9935564622399999
        ]
      },
      "properties": {
        "id": "1_68",
        "camera": "R1 - Green (Point)",
        "frame": "0069",
        "image": "pano_camera0/frame_0069_hp_preview.jpg",
        "frameId": "0069",
        "height": 0.306932,
        "coords2D": "2D: (397889.199, 808250.908)",
        "coords3D_original": "3D_Original: (-793548.981, 426441.300, 0.000)",
        "coords3D": "3D: (-33.714, 24.749, 0.994)",
        "coordsMtEden": "MtEden: (397889.199, 808250.908, 0.307)",
        "easting": 397889.1986891014,
        "northing": 808250.9084945567,
        "longitude": 174.7405106963876,
        "latitude": -36.80536297437532,
        "group": "R1 - Green (90 points)",
        "canvasX": -108.35,
        "canvasY": 31.23,
        "variant": "northing_easting_direct"
      }
    },
    {
      "type": "Feature",
      "geometry": {
        "type": "Point",
        "coordinates": [
          -33.37441616511205,
          22.618510717176832,
          0.959399637
        ]
      },
      "properties": {
        "id": "1_69",
        "camera": "R1 - Green (Point)",
        "frame": "0070",
        "image": "pano_camera0/frame_0070_hp_preview.jpg",
        "frameId": "0070",
        "height": 1.132959,
        "coords2D": "2D: (397889.538, 808248.778)",
        "coords3D_original": "3D_Original: (-793548.981, 426441.300, 0.000)",
        "coords3D": "3D: (-33.374, 22.619, 0.959)",
        "coordsMtEden": "MtEden: (397889.538, 808248.778, 1.133)",
        "easting": 397889.53808383486,
        "northing": 808248.7775107172,
        "longitude": 174.74051449411309,
        "latitude": -36.805382179601416,
        "group": "R1 - Green (90 points)",
        "canvasX": -102.79000000000002,
        "canvasY": 66.14,
        "variant": "northing_easting_direct"
      }
    },
    {
      "type": "Feature",
      "geometry": {
        "type": "Point",
        "coordinates": [
          -32.226822461758275,
          21.477631657849997,
          0.9446161719599999
        ]
      },
      "properties": {
        "id": "1_70",
        "camera": "R1 - Green (Point)",
        "frame": "0071",
        "image": "pano_camera0/frame_0071_hp_preview.jpg",
        "frameId": "0071",
        "height": 1.575298,
        "coords2D": "2D: (397890.686, 808247.637)",
        "coords3D_original": "3D_Original: (-793548.981, 426441.300, 0.000)",
        "coords3D": "3D: (-32.227, 21.478, 0.945)",
        "coordsMtEden": "MtEden: (397890.686, 808247.637, 1.575)",
        "easting": 397890.6856775382,
        "northing": 808247.6366316578,
        "longitude": 174.7405273521571,
        "latitude": -36.80539246378369,
        "group": "R1 - Green (90 points)",
        "canvasX": -83.99000000000001,
        "canvasY": 84.83,
        "variant": "northing_easting_direct"
      }
    },
    {
      "type": "Feature",
      "geometry": {
        "type": "Point",
        "coordinates": [
          -31.045655538444407,
          20.839130054810084,
          0.9799508187599999
        ]
      },
      "properties": {
        "id": "1_71",
        "camera": "R1 - Green (Point)",
        "frame": "0072",
        "image": "pano_camera0/frame_0072_hp_preview.jpg",
        "frameId": "0072",
        "height": 1.822946,
        "coords2D": "2D: (397891.867, 808246.998)",
        "coords3D_original": "3D_Original: (-793548.981, 426441.300, 0.000)",
        "coords3D": "3D: (-31.046, 20.839, 0.980)",
        "coordsMtEden": "MtEden: (397891.867, 808246.998, 1.823)",
        "easting": 397891.86684446153,
        "northing": 808246.9981300548,
        "longitude": 174.74054058785424,
        "latitude": -36.80539822060348,
        "group": "R1 - Green (90 points)",
        "canvasX": -64.64000000000001,
        "canvasY": 95.29,
        "variant": "northing_easting_direct"
      }
    },
    {
      "type": "Feature",
      "geometry": {
        "type": "Point",
        "coordinates": [
          -30.813084686815273,
          20.767710659420118,
          0.9926804779599999
        ]
      },
      "properties": {
        "id": "1_72",
        "camera": "R1 - Green (Point)",
        "frame": "0073",
        "image": "pano_camera0/frame_0073_hp_preview.jpg",
        "frameId": "0073",
        "height": 1.850682,
        "coords2D": "2D: (397892.099, 808246.927)",
        "coords3D_original": "3D_Original: (-793548.981, 426441.300, 0.000)",
        "coords3D": "3D: (-30.813, 20.768, 0.993)",
        "coordsMtEden": "MtEden: (397892.099, 808246.927, 1.851)",
        "easting": 397892.09941531316,
        "northing": 808246.9267106594,
        "longitude": 174.74054319410328,
        "latitude": -36.80539886475428,
        "group": "R1 - Green (90 points)",
        "canvasX": -60.830000000000005,
        "canvasY": 96.46000000000001,
        "variant": "northing_easting_direct"
      }
    },
    {
      "type": "Feature",
      "geometry": {
        "type": "Point",
        "coordinates": [
          -29.204622235673014,
          19.943030290771276,
          1.02405515088
        ]
      },
      "properties": {
        "id": "1_73",
        "camera": "R1 - Green (Point)",
        "frame": "0074",
        "image": "pano_camera0/frame_0074_hp_preview.jpg",
        "frameId": "0074",
        "height": 2.170269,
        "coords2D": "2D: (397893.708, 808246.102)",
        "coords3D_original": "3D_Original: (-793548.981, 426441.300, 0.000)",
        "coords3D": "3D: (-29.205, 19.943, 1.024)",
        "coordsMtEden": "MtEden: (397893.708, 808246.102, 2.170)",
        "easting": 397893.7078777643,
        "northing": 808246.1020302908,
        "longitude": 174.7405612180354,
        "latitude": -36.80540630036967,
        "group": "R1 - Green (90 points)",
        "canvasX": -34.480000000000004,
        "canvasY": 109.97,
        "variant": "northing_easting_direct"
      }
    },
    {
      "type": "Feature",
      "geometry": {
        "type": "Point",
        "coordinates": [
          -27.453320993750822,
          18.851595428190194,
          1.09456696416
        ]
      },
      "properties": {
        "id": "1_74",
        "camera": "R1 - Green (Point)",
        "frame": "0075",
        "image": "pano_camera0/frame_0075_hp_preview.jpg",
        "frameId": "0075",
        "height": 2.593397,
        "coords2D": "2D: (397895.459, 808245.011)",
        "coords3D_original": "3D_Original: (-793548.981, 426441.300, 0.000)",
        "coords3D": "3D: (-27.453, 18.852, 1.095)",
        "coordsMtEden": "MtEden: (397895.459, 808245.011, 2.593)",
        "easting": 397895.4591790062,
        "northing": 808245.0105954282,
        "longitude": 174.7405808420439,
        "latitude": -36.805416140296686,
        "group": "R1 - Green (90 points)",
        "canvasX": -5.789999999999999,
        "canvasY": 127.85000000000001,
        "variant": "northing_easting_direct"
      }
    },
    {
      "type": "Feature",
      "geometry": {
        "type": "Point",
        "coordinates": [
          -26.762323083006777,
          18.431014544446953,
          1.07351381388
        ]
      },
      "properties": {
        "id": "1_75",
        "camera": "R1 - Green (Point)",
        "frame": "0076",
        "image": "pano_camera0/frame_0076_hp_preview.jpg",
        "frameId": "0076",
        "height": 2.756592,
        "coords2D": "2D: (397896.150, 808244.590)",
        "coords3D_original": "3D_Original: (-793548.981, 426441.300, 0.000)",
        "coords3D": "3D: (-26.762, 18.431, 1.074)",
        "coordsMtEden": "MtEden: (397896.150, 808244.590, 2.757)",
        "easting": 397896.15017691697,
        "northing": 808244.5900145444,
        "longitude": 174.7405885849722,
        "latitude": -36.80541993211563,
        "group": "R1 - Green (90 points)",
        "canvasX": 5.529999999999998,
        "canvasY": 134.74,
        "variant": "northing_easting_direct"
      }
    },
    {
      "type": "Feature",
      "geometry": {
        "type": "Point",
        "coordinates": [
          -25.216123694495764,
          17.530031402828172,
          1.15891079824
        ]
      },
      "properties": {
        "id": "1_76",
        "camera": "R1 - Green (Point)",
        "frame": "0077",
        "image": "pano_camera0/frame_0077_hp_preview.jpg",
        "frameId": "0077",
        "height": 3.105892,
        "coords2D": "2D: (397897.696, 808243.689)",
        "coords3D_original": "3D_Original: (-793548.981, 426441.300, 0.000)",
        "coords3D": "3D: (-25.216, 17.530, 1.159)",
        "coordsMtEden": "MtEden: (397897.696, 808243.689, 3.106)",
        "easting": 397897.6963763055,
        "northing": 808243.6890314028,
        "longitude": 174.7406059109138,
        "latitude": -36.80542805522804,
        "group": "R1 - Green (90 points)",
        "canvasX": 30.86,
        "canvasY": 149.5,
        "variant": "northing_easting_direct"
      }
    },
    {
      "type": "Feature",
      "geometry": {
        "type": "Point",
        "coordinates": [
          -23.41781994450139,
          16.54664126667194,
          1.24857943628
        ]
      },
      "properties": {
        "id": "1_77",
        "camera": "R1 - Green (Point)",
        "frame": "0078",
        "image": "pano_camera0/frame_0078_hp_preview.jpg",
        "frameId": "0078",
        "height": 3.486934,
        "coords2D": "2D: (397899.495, 808242.706)",
        "coords3D_original": "3D_Original: (-793548.981, 426441.300, 0.000)",
        "coords3D": "3D: (-23.418, 16.547, 1.249)",
        "coordsMtEden": "MtEden: (397899.495, 808242.706, 3.487)",
        "easting": 397899.4946800555,
        "northing": 808242.7056412667,
        "longitude": 174.7406260619941,
        "latitude": -36.80543692155067,
        "group": "R1 - Green (90 points)",
        "canvasX": 60.32,
        "canvasY": 165.61,
        "variant": "northing_easting_direct"
      }
    },
    {
      "type": "Feature",
      "geometry": {
        "type": "Point",
        "coordinates": [
          -21.109203249856364,
          14.916203616885468,
          1.22923888448
        ]
      },
      "properties": {
        "id": "1_78",
        "camera": "R1 - Green (Point)",
        "frame": "0079",
        "image": "pano_camera0/frame_0079_hp_preview.jpg",
        "frameId": "0079",
        "height": 4.119129,
        "coords2D": "2D: (397901.803, 808241.075)",
        "coords3D_original": "3D_Original: (-793548.981, 426441.300, 0.000)",
        "coords3D": "3D: (-21.109, 14.916, 1.229)",
        "coordsMtEden": "MtEden: (397901.803, 808241.075, 4.119)",
        "easting": 397901.8032967501,
        "northing": 808241.0752036169,
        "longitude": 174.74065193043214,
        "latitude": -36.80545162020604,
        "group": "R1 - Green (90 points)",
        "canvasX": 98.13999999999999,
        "canvasY": 192.32,
        "variant": "northing_easting_direct"
      }
    },
    {
      "type": "Feature",
      "geometry": {
        "type": "Point",
        "coordinates": [
          -20.12154015840497,
          13.426773491315544,
          1.2803314058
        ]
      },
      "properties": {
        "id": "1_79",
        "camera": "R1 - Green (Point)",
        "frame": "0080",
        "image": "pano_camera0/frame_0080_hp_preview.jpg",
        "frameId": "0080",
        "height": 4.696515,
        "coords2D": "2D: (397902.791, 808239.586)",
        "coords3D_original": "3D_Original: (-793548.981, 426441.300, 0.000)",
        "coords3D": "3D: (-20.122, 13.427, 1.280)",
        "coordsMtEden": "MtEden: (397902.791, 808239.586, 4.697)",
        "easting": 397902.7909598416,
        "northing": 808239.5857734913,
        "longitude": 174.74066299518495,
        "latitude": -36.805465045168376,
        "group": "R1 - Green (90 points)",
        "canvasX": 114.32,
        "canvasY": 216.72,
        "variant": "northing_easting_direct"
      }
    },
    {
      "type": "Feature",
      "geometry": {
        "type": "Point",
        "coordinates": [
          -31.08655382465804,
          17.514770848327316,
          1.01517719784
        ]
      },
      "properties": {
        "id": "1_80",
        "camera": "R1 - Green (Point)",
        "frame": "0118",
        "image": "pano_camera0/frame_0118_hp_preview.jpg",
        "frameId": "0118",
        "height": 3.111636,
        "coords2D": "2D: (397891.826, 808243.674)",
        "coords3D_original": "3D_Original: (-793548.981, 426441.300, 0.000)",
        "coords3D": "3D: (-31.087, 17.515, 1.015)",
        "coordsMtEden": "MtEden: (397891.826, 808243.674, 3.112)",
        "easting": 397891.8259461753,
        "northing": 808243.6737708483,
        "longitude": 174.74054012029868,
        "latitude": -36.80542817970486,
        "group": "R1 - Green (90 points)",
        "canvasX": -65.31,
        "canvasY": 149.75,
        "variant": "northing_easting_direct"
      }
    },
    {
      "type": "Feature",
      "geometry": {
        "type": "Point",
        "coordinates": [
          -31.027953295095358,
          18.69227523857262,
          1.04221460028
        ]
      },
      "properties": {
        "id": "1_81",
        "camera": "R1 - Green (Point)",
        "frame": "0119",
        "image": "pano_camera0/frame_0119_hp_preview.jpg",
        "frameId": "0119",
        "height": 2.655313,
        "coords2D": "2D: (397891.885, 808244.851)",
        "coords3D_original": "3D_Original: (-793548.981, 426441.300, 0.000)",
        "coords3D": "3D: (-31.028, 18.692, 1.042)",
        "coordsMtEden": "MtEden: (397891.885, 808244.851, 2.655)",
        "easting": 397891.8845467049,
        "northing": 808244.8512752386,
        "longitude": 174.74054078030142,
        "latitude": -36.80541756814195,
        "group": "R1 - Green (90 points)",
        "canvasX": -64.35,
        "canvasY": 130.46,
        "variant": "northing_easting_direct"
      }
    },
    {
      "type": "Feature",
      "geometry": {
        "type": "Point",
        "coordinates": [
          -31.972276411601342,
          20.279983335523866,
          1.03535764468
        ]
      },
      "properties": {
        "id": "1_82",
        "camera": "R1 - Green (Point)",
        "frame": "0120",
        "image": "pano_camera0/frame_0120_hp_preview.jpg",
        "frameId": "0120",
        "height": 2.03974,
        "coords2D": "2D: (397890.940, 808246.439)",
        "coords3D_original": "3D_Original: (-793548.981, 426441.300, 0.000)",
        "coords3D": "3D: (-31.972, 20.280, 1.035)",
        "coordsMtEden": "MtEden: (397890.940, 808246.439, 2.040)",
        "easting": 397890.9402235884,
        "northing": 808246.4389833355,
        "longitude": 174.74053020156484,
        "latitude": -36.805403257581624,
        "group": "R1 - Green (90 points)",
        "canvasX": -79.82,
        "canvasY": 104.45,
        "variant": "northing_easting_direct"
      }
    },
    {
      "type": "Feature",
      "geometry": {
        "type": "Point",
        "coordinates": [
          -32.86288237606641,
          20.887353407219052,
          0.99708336524
        ]
      },
      "properties": {
        "id": "1_83",
        "camera": "R1 - Green (Point)",
        "frame": "0121",
        "image": "pano_camera0/frame_0121_hp_preview.jpg",
        "frameId": "0121",
        "height": 1.804077,
        "coords2D": "2D: (397890.050, 808247.046)",
        "coords3D_original": "3D_Original: (-793548.981, 426441.300, 0.000)",
        "coords3D": "3D: (-32.863, 20.887, 0.997)",
        "coordsMtEden": "MtEden: (397890.050, 808247.046, 1.804)",
        "easting": 397890.0496176239,
        "northing": 808247.0463534072,
        "longitude": 174.74052022212953,
        "latitude": -36.805397781966164,
        "group": "R1 - Green (90 points)",
        "canvasX": -94.41,
        "canvasY": 94.5,
        "variant": "northing_easting_direct"
      }
    },
    {
      "type": "Feature",
      "geometry": {
        "type": "Point",
        "coordinates": [
          -33.6710813458194,
          21.24506080627907,
          1.00504268308
        ]
      },
      "properties": {
        "id": "1_84",
        "camera": "R1 - Green (Point)",
        "frame": "0122",
        "image": "pano_camera0/frame_0122_hp_preview.jpg",
        "frameId": "0122",
        "height": 1.66544,
        "coords2D": "2D: (397889.241, 808247.404)",
        "coords3D_original": "3D_Original: (-793548.981, 426441.300, 0.000)",
        "coords3D": "3D: (-33.671, 21.245, 1.005)",
        "coordsMtEden": "MtEden: (397889.241, 808247.404, 1.665)",
        "easting": 397889.24141865416,
        "northing": 808247.4040608063,
        "longitude": 174.74051116554762,
        "latitude": -36.80539455649861,
        "group": "R1 - Green (90 points)",
        "canvasX": -107.65,
        "canvasY": 88.64,
        "variant": "northing_easting_direct"
      }
    },
    {
      "type": "Feature",
      "geometry": {
        "type": "Point",
        "coordinates": [
          -35.393082322960254,
          21.549051053239964,
          0.98740816808
        ]
      },
      "properties": {
        "id": "1_85",
        "camera": "R1 - Green (Point)",
        "frame": "0123",
        "image": "pano_camera0/frame_0123_hp_preview.jpg",
        "frameId": "0123",
        "height": 1.547754,
        "coords2D": "2D: (397887.519, 808247.708)",
        "coords3D_original": "3D_Original: (-793548.981, 426441.300, 0.000)",
        "coords3D": "3D: (-35.393, 21.549, 0.987)",
        "coordsMtEden": "MtEden: (397887.519, 808247.708, 1.548)",
        "easting": 397887.519417677,
        "northing": 808247.7080510532,
        "longitude": 174.74049186774016,
        "latitude": -36.80539181309226,
        "group": "R1 - Green (90 points)",
        "canvasX": -135.86,
        "canvasY": 83.66,
        "variant": "northing_easting_direct"
      }
    },
    {
      "type": "Feature",
      "geometry": {
        "type": "Point",
        "coordinates": [
          -36.75249252363574,
          21.176083099562675,
          0.95855318028
        ]
      },
      "properties": {
        "id": "1_86",
        "camera": "R1 - Green (Point)",
        "frame": "0124",
        "image": "pano_camera0/frame_0124_hp_preview.jpg",
        "frameId": "0124",
        "height": 1.692181,
        "coords2D": "2D: (397886.160, 808247.335)",
        "coords3D_original": "3D_Original: (-793548.981, 426441.300, 0.000)",
        "coords3D": "3D: (-36.752, 21.176, 0.959)",
        "coordsMtEden": "MtEden: (397886.160, 808247.335, 1.692)",
        "easting": 397886.16000747634,
        "northing": 808247.3350830995,
        "longitude": 174.74047663164845,
        "latitude": -36.8053951712533,
        "group": "R1 - Green (90 points)",
        "canvasX": -158.13,
        "canvasY": 89.77000000000001,
        "variant": "northing_easting_direct"
      }
    },
    {
      "type": "Feature",
      "geometry": {
        "type": "Point",
        "coordinates": [
          -37.07906839135103,
          20.283035446424037,
          0.9260072474800001
        ]
      },
      "properties": {
        "id": "1_87",
        "camera": "R1 - Green (Point)",
        "frame": "0125",
        "image": "pano_camera0/frame_0125_hp_preview.jpg",
        "frameId": "0125",
        "height": 2.038568,
        "coords2D": "2D: (397885.833, 808246.442)",
        "coords3D_original": "3D_Original: (-793548.981, 426441.300, 0.000)",
        "coords3D": "3D: (-37.079, 20.283, 0.926)",
        "coordsMtEden": "MtEden: (397885.833, 808246.442, 2.039)",
        "easting": 397885.8334316086,
        "northing": 808246.4420354464,
        "longitude": 174.7404729691978,
        "latitude": -36.805403218687765,
        "group": "R1 - Green (90 points)",
        "canvasX": -163.48000000000002,
        "canvasY": 104.4,
        "variant": "northing_easting_direct"
      }
    },
    {
      "type": "Feature",
      "geometry": {
        "type": "Point",
        "coordinates": [
          -37.09005599061493,
          19.732434637728147,
          0.9965387457999999
        ]
      },
      "properties": {
        "id": "1_88",
        "camera": "R1 - Green (Point)",
        "frame": "0126",
        "image": "pano_camera0/frame_0126_hp_preview.jpg",
        "frameId": "0126",
        "height": 2.251918,
        "coords2D": "2D: (397885.822, 808245.891)",
        "coords3D_original": "3D_Original: (-793548.981, 426441.300, 0.000)",
        "coords3D": "3D: (-37.090, 19.732, 0.997)",
        "coordsMtEden": "MtEden: (397885.822, 808245.891, 2.252)",
        "easting": 397885.82244400936,
        "northing": 808245.8914346377,
        "longitude": 174.74047284452982,
        "latitude": -36.805408180688865,
        "group": "R1 - Green (90 points)",
        "canvasX": -163.66,
        "canvasY": 113.42,
        "variant": "northing_easting_direct"
      }
    },
    {
      "type": "Feature",
      "geometry": {
        "type": "Point",
        "coordinates": [
          -36.751882101467345,
          26.124775734031573,
          0.072588585
        ]
      },
      "properties": {
        "id": "1_89",
        "camera": "R1 - Green (End)",
        "frame": "0197",
        "image": "pano_camera0/frame_0197_hp_preview.jpg",
        "frameId": "0197",
        "height": -1.150226,
        "coords2D": "2D: (397886.161, 808252.284)",
        "coords3D_original": "3D_Original: (-793548.981, 426441.300, 0.000)",
        "coords3D": "3D: (-36.752, 26.125, 0.073)",
        "coordsMtEden": "MtEden: (397886.161, 808252.284, -1.150)",
        "easting": 397886.1606178985,
        "northing": 808252.283775734,
        "longitude": 174.74047665222753,
        "latitude": -36.80535057353623,
        "group": "R1 - Green (90 points)",
        "canvasX": -158.12,
        "canvasY": 8.7,
        "variant": "northing_easting_direct"
      }
    },
    {
      "type": "Feature",
      "geometry": {
        "type": "Point",
        "coordinates": [
          -26.582248539139982,
          16.956844973377883,
          0
        ]
      },
      "properties": {
        "id": "2_0",
        "camera": "R2 - Blue (Start)",
        "frame": "0089",
        "image": "pano_camera0/frame_0089_hp_preview.jpg",
        "frameId": "0089",
        "height": 3.327995,
        "coords2D": "2D: (397896.330, 808243.116)",
        "coords3D_original": "3D_Original: (-793548.981, 426441.300, 0.000)",
        "coords3D": "3D: (-26.582, 16.957, 0.000)",
        "coordsMtEden": "MtEden: (397896.330, 808243.116, 3.328)",
        "easting": 397896.33025146084,
        "northing": 808243.1158449734,
        "longitude": 174.74059059901495,
        "latitude": -36.805433217761696,
        "group": "R2 - Blue (11 points)",
        "canvasX": 8.480000000000018,
        "canvasY": 158.89,
        "variant": "northing_easting_direct"
      }
    },
    {
      "type": "Feature",
      "geometry": {
        "type": "Point",
        "coordinates": [
          -26.30816897918703,
          21.886004097992554,
          0.21934383904
        ]
      },
      "properties": {
        "id": "2_1",
        "camera": "R2 - Blue (Point)",
        "frame": "0090",
        "image": "pano_camera0/frame_0090_hp_preview.jpg",
        "frameId": "0090",
        "height": 1.417031,
        "coords2D": "2D: (397896.604, 808248.045)",
        "coords3D_original": "3D_Original: (-793548.981, 426441.300, 0.000)",
        "coords3D": "3D: (-26.308, 21.886, 0.219)",
        "coordsMtEden": "MtEden: (397896.604, 808248.045, 1.417)",
        "easting": 397896.6043310208,
        "northing": 808248.045004098,
        "longitude": 174.74059368427197,
        "latitude": -36.80538879668875,
        "group": "R2 - Blue (11 points)",
        "canvasX": 12.969999999999999,
        "canvasY": 78.14,
        "variant": "northing_easting_direct"
      }
    },
    {
      "type": "Feature",
      "geometry": {
        "type": "Point",
        "coordinates": [
          -26.289245891501196,
          22.011140645481646,
          0.20631890424
        ]
      },
      "properties": {
        "id": "2_2",
        "camera": "R2 - Blue (Point)",
        "frame": "0091",
        "image": "pano_camera0/frame_0091_hp_preview.jpg",
        "frameId": "0091",
        "height": 1.368552,
        "coords2D": "2D: (397896.623, 808248.170)",
        "coords3D_original": "3D_Original: (-793548.981, 426441.300, 0.000)",
        "coords3D": "3D: (-26.289, 22.011, 0.206)",
        "coordsMtEden": "MtEden: (397896.623, 808248.170, 1.369)",
        "easting": 397896.6232541085,
        "northing": 808248.1701406455,
        "longitude": 174.7405938966907,
        "latitude": -36.805387668997675,
        "group": "R2 - Blue (11 points)",
        "canvasX": 13.280000000000001,
        "canvasY": 76.09,
        "variant": "northing_easting_direct"
      }
    },
    {
      "type": "Feature",
      "geometry": {
        "type": "Point",
        "coordinates": [
          -22.472886405827012,
          27.895610485807993,
          -0.06106955576
        ]
      },
      "properties": {
        "id": "2_3",
        "camera": "R2 - Blue (Point)",
        "frame": "0092",
        "image": "pano_camera0/frame_0092_hp_preview.jpg",
        "frameId": "0092",
        "height": -0.912885,
        "coords2D": "2D: (397900.440, 808254.055)",
        "coords3D_original": "3D_Original: (-793548.981, 426441.300, 0.000)",
        "coords3D": "3D: (-22.473, 27.896, -0.061)",
        "coordsMtEden": "MtEden: (397900.440, 808254.055, -0.913)",
        "easting": 397900.43961359415,
        "northing": 808254.0546104858,
        "longitude": 174.74063668326514,
        "latitude": -36.805334646505514,
        "group": "R2 - Blue (11 points)",
        "canvasX": 75.80000000000001,
        "canvasY": -20.310000000000002,
        "variant": "northing_easting_direct"
      }
    },
    {
      "type": "Feature",
      "geometry": {
        "type": "Point",
        "coordinates": [
          -20.81436933565419,
          28.85153162374627,
          0.06161745604
        ]
      },
      "properties": {
        "id": "2_4",
        "camera": "R2 - Blue (Point)",
        "frame": "0093",
        "image": "pano_camera0/frame_0093_hp_preview.jpg",
        "frameId": "0093",
        "height": -1.283528,
        "coords2D": "2D: (397902.098, 808255.011)",
        "coords3D_original": "3D_Original: (-793548.981, 426441.300, 0.000)",
        "coords3D": "3D: (-20.814, 28.852, 0.062)",
        "coordsMtEden": "MtEden: (397902.098, 808255.011, -1.284)",
        "easting": 397902.0981306643,
        "northing": 808255.0105316237,
        "longitude": 174.74065527306428,
        "latitude": -36.80532603540068,
        "group": "R2 - Blue (11 points)",
        "canvasX": 102.97000000000001,
        "canvasY": -35.97,
        "variant": "northing_easting_direct"
      }
    },
    {
      "type": "Feature",
      "geometry": {
        "type": "Point",
        "coordinates": [
          -17.597444433311466,
          29.827596693765372,
          0.20102362848
        ]
      },
      "properties": {
        "id": "2_5",
        "camera": "R2 - Blue (Middle)",
        "frame": "0094",
        "image": "pano_camera0/frame_0094_hp_preview.jpg",
        "frameId": "0094",
        "height": -1.661858,
        "coords2D": "2D: (397905.315, 808255.987)",
        "coords3D_original": "3D_Original: (-793548.981, 426441.300, 0.000)",
        "coords3D": "3D: (-17.597, 29.828, 0.201)",
        "coordsMtEden": "MtEden: (397905.315, 808255.987, -1.662)",
        "easting": 397905.31505556667,
        "northing": 808255.9865966938,
        "longitude": 174.74069132814193,
        "latitude": -36.80531724620408,
        "group": "R2 - Blue (11 points)",
        "canvasX": 155.67000000000002,
        "canvasY": -51.959999999999994,
        "variant": "northing_easting_direct"
      }
    },
    {
      "type": "Feature",
      "geometry": {
        "type": "Point",
        "coordinates": [
          -13.642519112152513,
          30.416654099943116,
          -0.04215551316
        ]
      },
      "properties": {
        "id": "2_6",
        "camera": "R2 - Blue (Point)",
        "frame": "0095",
        "image": "pano_camera0/frame_0095_hp_preview.jpg",
        "frameId": "0095",
        "height": -1.89021,
        "coords2D": "2D: (397909.270, 808256.576)",
        "coords3D_original": "3D_Original: (-793548.981, 426441.300, 0.000)",
        "coords3D": "3D: (-13.643, 30.417, -0.042)",
        "coordsMtEden": "MtEden: (397909.270, 808256.576, -1.890)",
        "easting": 397909.2699808878,
        "northing": 808256.5756540999,
        "longitude": 174.74073565298988,
        "latitude": -36.805311946347246,
        "group": "R2 - Blue (11 points)",
        "canvasX": 220.46,
        "canvasY": -61.61,
        "variant": "northing_easting_direct"
      }
    },
    {
      "type": "Feature",
      "geometry": {
        "type": "Point",
        "coordinates": [
          -8.810417114582378,
          30.010112926363945,
          -0.19614830024
        ]
      },
      "properties": {
        "id": "2_7",
        "camera": "R2 - Blue (Point)",
        "frame": "0096",
        "image": "pano_camera0/frame_0096_hp_preview.jpg",
        "frameId": "0096",
        "height": -1.732579,
        "coords2D": "2D: (397914.102, 808256.169)",
        "coords3D_original": "3D_Original: (-793548.981, 426441.300, 0.000)",
        "coords3D": "3D: (-8.810, 30.010, -0.196)",
        "coordsMtEden": "MtEden: (397914.102, 808256.169, -1.733)",
        "easting": 397914.1020828854,
        "northing": 808256.1691129263,
        "longitude": 174.74078980570687,
        "latitude": -36.80531562076128,
        "group": "R2 - Blue (11 points)",
        "canvasX": 299.62,
        "canvasY": -54.95,
        "variant": "northing_easting_direct"
      }
    },
    {
      "type": "Feature",
      "geometry": {
        "type": "Point",
        "coordinates": [
          -3.6029054747195914,
          25.436219512019306,
          -0.54793965008
        ]
      },
      "properties": {
        "id": "2_8",
        "camera": "R2 - Blue (Point)",
        "frame": "0097",
        "image": "pano_camera0/frame_0097_hp_preview.jpg",
        "frameId": "0097",
        "height": 0.040706,
        "coords2D": "2D: (397919.310, 808251.595)",
        "coords3D_original": "3D_Original: (-793548.981, 426441.300, 0.000)",
        "coords3D": "3D: (-3.603, 25.436, -0.548)",
        "coordsMtEden": "MtEden: (397919.310, 808251.595, 0.041)",
        "easting": 397919.30959452526,
        "northing": 808251.595219512,
        "longitude": 174.7408481542938,
        "latitude": -36.80535685223892,
        "group": "R2 - Blue (11 points)",
        "canvasX": 384.93,
        "canvasY": 19.980000000000004,
        "variant": "northing_easting_direct"
      }
    },
    {
      "type": "Feature",
      "geometry": {
        "type": "Point",
        "coordinates": [
          -2.971118515706621,
          24.349668027018197,
          -0.70328742408
        ]
      },
      "properties": {
        "id": "2_9",
        "camera": "R2 - Blue (Point)",
        "frame": "0098",
        "image": "pano_camera0/frame_0098_hp_preview.jpg",
        "frameId": "0098",
        "height": 0.461981,
        "coords2D": "2D: (397919.941, 808250.509)",
        "coords3D_original": "3D_Original: (-793548.981, 426441.300, 0.000)",
        "coords3D": "3D: (-2.971, 24.350, -0.703)",
        "coordsMtEden": "MtEden: (397919.941, 808250.509, 0.462)",
        "easting": 397919.94138148427,
        "northing": 808250.508668027,
        "longitude": 174.74085523182683,
        "latitude": -36.80536664565104,
        "group": "R2 - Blue (11 points)",
        "canvasX": 395.28,
        "canvasY": 37.78,
        "variant": "northing_easting_direct"
      }
    },
    {
      "type": "Feature",
      "geometry": {
        "type": "Point",
        "coordinates": [
          -0.6075638246838935,
          17.609386286581866,
          -1.00321853604
        ]
      },
      "properties": {
        "id": "2_10",
        "camera": "R2 - Blue (End)",
        "frame": "0099",
        "image": "pano_camera0/frame_0099_hp_preview.jpg",
        "frameId": "0099",
        "height": 3.074974,
        "coords2D": "2D: (397922.305, 808243.768)",
        "coords3D_original": "3D_Original: (-793548.981, 426441.300, 0.000)",
        "coords3D": "3D: (-0.608, 17.609, -1.003)",
        "coordsMtEden": "MtEden: (397922.305, 808243.768, 3.075)",
        "easting": 397922.3049361753,
        "northing": 808243.7683862866,
        "longitude": 174.74088170203814,
        "latitude": -36.80542739439582,
        "group": "R2 - Blue (11 points)",
        "canvasX": 434,
        "canvasY": 148.2,
        "variant": "northing_easting_direct"
      }
    },
    {
      "type": "Feature",
      "geometry": {
        "type": "Point",
        "coordinates": [
          -26.58163811697159,
          32.98164811136667,
          0.0032513124399999997
        ]
      },
      "properties": {
        "id": "3_0",
        "camera": "R3 - Yellow (Start)",
        "frame": "0143",
        "image": "pano_camera0/frame_0143_hp_preview.jpg",
        "frameId": "0143",
        "height": 2.810063,
        "coords2D": "2D: (397896.331, 808259.141)",
        "coords3D_original": "3D_Original: (-793548.981, 426441.300, 0.000)",
        "coords3D": "3D: (-26.582, 32.982, 0.003)",
        "coordsMtEden": "MtEden: (397896.331, 808259.141, 2.810)",
        "easting": 397896.330861883,
        "northing": 808259.1406481114,
        "longitude": 174.74059065012835,
        "latitude": -36.80528880191158,
        "group": "R3 - Yellow (11 points)",
        "canvasX": 8.489999999999995,
        "canvasY": -103.63000000000001,
        "variant": "northing_easting_direct"
      }
    },
    {
      "type": "Feature",
      "geometry": {
        "type": "Point",
        "coordinates": [
          -29.522652192797977,
          33.02559850853868,
          0.0509842536
        ]
      },
      "properties": {
        "id": "3_1",
        "camera": "R3 - Yellow (Point)",
        "frame": "0144",
        "image": "pano_camera0/frame_0144_hp_preview.jpg",
        "frameId": "0144",
        "height": 2.758182,
        "coords2D": "2D: (397893.390, 808259.185)",
        "coords3D_original": "3D_Original: (-793548.981, 426441.300, 0.000)",
        "coords3D": "3D: (-29.523, 33.026, 0.051)",
        "coordsMtEden": "MtEden: (397893.390, 808259.185, 2.758)",
        "easting": 397893.3898478072,
        "northing": 808259.1845985085,
        "longitude": 174.74055769003303,
        "latitude": -36.80528839929135,
        "group": "R3 - Yellow (11 points)",
        "canvasX": -39.69,
        "canvasY": -104.35000000000001,
        "variant": "northing_easting_direct"
      }
    },
    {
      "type": "Feature",
      "geometry": {
        "type": "Point",
        "coordinates": [
          -31.22756134881638,
          30.58940357773099,
          0.06120078936
        ]
      },
      "properties": {
        "id": "3_2",
        "camera": "R3 - Yellow (Point)",
        "frame": "0145",
        "image": "pano_camera0/frame_0145_hp_preview.jpg",
        "frameId": "0145",
        "height": 2.581494,
        "coords2D": "2D: (397891.685, 808256.748)",
        "coords3D_original": "3D_Original: (-793548.981, 426441.300, 0.000)",
        "coords3D": "3D: (-31.228, 30.589, 0.061)",
        "coordsMtEden": "MtEden: (397891.685, 808256.748, 2.581)",
        "easting": 397891.68493865116,
        "northing": 808256.7484035777,
        "longitude": 174.740538576213,
        "latitude": -36.80531035053531,
        "group": "R3 - Yellow (11 points)",
        "canvasX": -67.62,
        "canvasY": -64.44,
        "variant": "northing_easting_direct"
      }
    },
    {
      "type": "Feature",
      "geometry": {
        "type": "Point",
        "coordinates": [
          -28.320120493066497,
          20.29280220135115,
          0.10947506912
        ]
      },
      "properties": {
        "id": "3_3",
        "camera": "R3 - Yellow (Point)",
        "frame": "0146",
        "image": "pano_camera0/frame_0146_hp_preview.jpg",
        "frameId": "0146",
        "height": 2.034633,
        "coords2D": "2D: (397894.592, 808246.452)",
        "coords3D_original": "3D_Original: (-793548.981, 426441.300, 0.000)",
        "coords3D": "3D: (-28.320, 20.293, 0.109)",
        "coordsMtEden": "MtEden: (397894.592, 808246.452, 2.035)",
        "easting": 397894.5923795069,
        "northing": 808246.4518022013,
        "longitude": 174.74057113171057,
        "latitude": -36.80540315018519,
        "group": "R3 - Yellow (11 points)",
        "canvasX": -19.989999999999995,
        "canvasY": 104.24,
        "variant": "northing_easting_direct"
      }
    },
    {
      "type": "Feature",
      "geometry": {
        "type": "Point",
        "coordinates": [
          -27.710308732639533,
          18.573242913000286,
          0.11462926875999999
        ]
      },
      "properties": {
        "id": "3_4",
        "camera": "R3 - Yellow (Point)",
        "frame": "0147",
        "image": "pano_camera0/frame_0147_hp_preview.jpg",
        "frameId": "0147",
        "height": 2.701277,
        "coords2D": "2D: (397895.202, 808244.732)",
        "coords3D_original": "3D_Original: (-793548.981, 426441.300, 0.000)",
        "coords3D": "3D: (-27.710, 18.573, 0.115)",
        "coordsMtEden": "MtEden: (397895.202, 808244.732, 2.701)",
        "easting": 397895.20219126734,
        "northing": 808244.732242913,
        "longitude": 174.74057796118433,
        "latitude": -36.805418648243986,
        "group": "R3 - Yellow (11 points)",
        "canvasX": -10,
        "canvasY": 132.41,
        "variant": "northing_easting_direct"
      }
    },
    {
      "type": "Feature",
      "geometry": {
        "type": "Point",
        "coordinates": [
          -28.57405612099683,
          14.118992246454582,
          0.25294292147999997
        ]
      },
      "properties": {
        "id": "3_5",
        "camera": "R3 - Yellow (Middle)",
        "frame": "0148",
        "image": "pano_camera0/frame_0148_hp_preview.jpg",
        "frameId": "0148",
        "height": 4.428323,
        "coords2D": "2D: (397894.338, 808240.278)",
        "coords3D_original": "3D_Original: (-793548.981, 426441.300, 0.000)",
        "coords3D": "3D: (-28.574, 14.119, 0.253)",
        "coordsMtEden": "MtEden: (397894.338, 808240.278, 4.428)",
        "easting": 397894.338443879,
        "northing": 808240.2779922464,
        "longitude": 174.7405682687534,
        "latitude": -36.805458788120625,
        "group": "R3 - Yellow (11 points)",
        "canvasX": -24.14999999999999,
        "canvasY": 205.38,
        "variant": "northing_easting_direct"
      }
    },
    {
      "type": "Feature",
      "geometry": {
        "type": "Point",
        "coordinates": [
          -37.900086226989515,
          13.440813201596029,
          0.24006234364
        ]
      },
      "properties": {
        "id": "3_6",
        "camera": "R3 - Yellow (Point)",
        "frame": "0149",
        "image": "pano_camera0/frame_0149_hp_preview.jpg",
        "frameId": "0149",
        "height": 4.691078,
        "coords2D": "2D: (397885.012, 808239.600)",
        "coords3D_original": "3D_Original: (-793548.981, 426441.300, 0.000)",
        "coords3D": "3D: (-37.900, 13.441, 0.240)",
        "coordsMtEden": "MtEden: (397885.012, 808239.600, 4.691)",
        "easting": 397885.012413773,
        "northing": 808239.5998132016,
        "longitude": 174.74046374895622,
        "latitude": -36.80546487909939,
        "group": "R3 - Yellow (11 points)",
        "canvasX": -176.93,
        "canvasY": 216.49,
        "variant": "northing_easting_direct"
      }
    },
    {
      "type": "Feature",
      "geometry": {
        "type": "Point",
        "coordinates": [
          -43.223578081524465,
          19.391208637622185,
          0.0627132566
        ]
      },
      "properties": {
        "id": "3_7",
        "camera": "R3 - Yellow (Point)",
        "frame": "0150",
        "image": "pano_camera0/frame_0150_hp_preview.jpg",
        "frameId": "0150",
        "height": 2.384117,
        "coords2D": "2D: (397879.689, 808245.550)",
        "coords3D_original": "3D_Original: (-793548.981, 426441.300, 0.000)",
        "coords3D": "3D: (-43.224, 19.391, 0.063)",
        "coordsMtEden": "MtEden: (397879.689, 808245.550, 2.384)",
        "easting": 397879.68892191845,
        "northing": 808245.5502086376,
        "longitude": 174.7404041045233,
        "latitude": -36.80541124211021,
        "group": "R3 - Yellow (11 points)",
        "canvasX": -264.14,
        "canvasY": 119.00999999999999,
        "variant": "northing_easting_direct"
      }
    },
    {
      "type": "Feature",
      "geometry": {
        "type": "Point",
        "coordinates": [
          -43.57945421396289,
          26.678428653627634,
          0.18165682996000002
        ]
      },
      "properties": {
        "id": "3_8",
        "camera": "R3 - Yellow (Point)",
        "frame": "0151",
        "image": "pano_camera0/frame_0151_hp_preview.jpg",
        "frameId": "0151",
        "height": -0.441062,
        "coords2D": "2D: (397879.333, 808252.837)",
        "coords3D_original": "3D_Original: (-793548.981, 426441.300, 0.000)",
        "coords3D": "3D: (-43.579, 26.678, 0.182)",
        "coordsMtEden": "MtEden: (397879.333, 808252.837, -0.441)",
        "easting": 397879.333045786,
        "northing": 808252.8374286536,
        "longitude": 174.74040013647556,
        "latitude": -36.805345568738694,
        "group": "R3 - Yellow (11 points)",
        "canvasX": -269.96999999999997,
        "canvasY": -0.37000000000000455,
        "variant": "northing_easting_direct"
      }
    },
    {
      "type": "Feature",
      "geometry": {
        "type": "Point",
        "coordinates": [
          -38.02217066352023,
          34.39721715275664,
          0.16353018896
        ]
      },
      "properties": {
        "id": "3_9",
        "camera": "R3 - Yellow (Point)",
        "frame": "0152",
        "image": "pano_camera0/frame_0152_hp_preview.jpg",
        "frameId": "0152",
        "height": -3.433546,
        "coords2D": "2D: (397884.890, 808260.556)",
        "coords3D_original": "3D_Original: (-793548.981, 426441.300, 0.000)",
        "coords3D": "3D: (-38.022, 34.397, 0.164)",
        "coordsMtEden": "MtEden: (397884.890, 808260.556, -3.434)",
        "easting": 397884.89032933646,
        "northing": 808260.5562171527,
        "longitude": 174.74046243895347,
        "latitude": -36.80527601928897,
        "group": "R3 - Yellow (11 points)",
        "canvasX": -178.93,
        "canvasY": -126.82000000000001,
        "variant": "northing_easting_direct"
      }
    },
    {
      "type": "Feature",
      "geometry": {
        "type": "Point",
        "coordinates": [
          -36.77324687788496,
          35.042433399823494,
          0.32341864552
        ]
      },
      "properties": {
        "id": "3_10",
        "camera": "R3 - Yellow (End)",
        "frame": "0153",
        "image": "pano_camera0/frame_0153_hp_preview.jpg",
        "frameId": "0153",
        "height": -3.683562,
        "coords2D": "2D: (397886.139, 808261.201)",
        "coords3D_original": "3D_Original: (-793548.981, 426441.300, 0.000)",
        "coords3D": "3D: (-36.773, 35.042, 0.323)",
        "coordsMtEden": "MtEden: (397886.139, 808261.201, -3.684)",
        "easting": 397886.1392531221,
        "northing": 808261.2014333998,
        "longitude": 174.7404764375468,
        "latitude": -36.805270207375834,
        "group": "R3 - Yellow (11 points)",
        "canvasX": -158.47,
        "canvasY": -137.39,
        "variant": "northing_easting_direct"
      }
    },
    {
      "type": "Feature",
      "geometry": {
        "type": "Point",
        "coordinates": [
          -18.9778408773127,
          -29.707514975219965,
          0
        ]
      },
      "properties": {
        "id": "4_0",
        "camera": "R4 - Magenta (Start)",
        "frame": "0130",
        "image": "pano_camera0/frame_0130_hp_preview.jpg",
        "frameId": "0130",
        "height": 5.087313,
        "coords2D": "2D: (397903.935, 808196.451)",
        "coords3D_original": "3D_Original: (-793548.981, 426441.300, 0.000)",
        "coords3D": "3D: (-18.978, -29.708, 0.000)",
        "coordsMtEden": "MtEden: (397903.935, 808196.451, 5.087)",
        "easting": 397903.93465912266,
        "northing": 808196.4514850248,
        "longitude": 174.74067569401825,
        "latitude": -36.8058537747655,
        "group": "R4 - Magenta (10 points)",
        "canvasX": 133.05620116809433,
        "canvasY": 923.3504222763937,
        "variant": "northing_easting_direct"
      }
    },
    {
      "type": "Feature",
      "geometry": {
        "type": "Point",
        "coordinates": [
          -23.114346599730197,
          -33.200107956305146,
          1.0202100064000001
        ]
      },
      "properties": {
        "id": "4_1",
        "camera": "R4 - Magenta (Point)",
        "frame": "0131",
        "image": "pano_camera0/frame_0131_hp_preview.jpg",
        "frameId": "0131",
        "height": 3.3814,
        "coords2D": "2D: (397899.798, 808192.959)",
        "coords3D_original": "3D_Original: (-793548.981, 426441.300, 0.000)",
        "coords3D": "3D: (-23.114, -33.200, 1.020)",
        "coordsMtEden": "MtEden: (397899.798, 808192.959, 3.381)",
        "easting": 397899.79815340025,
        "northing": 808192.9588920437,
        "longitude": 174.74062932584172,
        "latitude": -36.80588524091603,
        "group": "R4 - Magenta (10 points)",
        "canvasX": 65.2915320549213,
        "canvasY": 980.5664455564346,
        "variant": "northing_easting_direct"
      }
    },
    {
      "type": "Feature",
      "geometry": {
        "type": "Point",
        "coordinates": [
          -25.80427116662031,
          -34.57151703105774,
          1.47720149084
        ]
      },
      "properties": {
        "id": "4_2",
        "camera": "R4 - Magenta (Point)",
        "frame": "0132",
        "image": "pano_camera0/frame_0132_hp_preview.jpg",
        "frameId": "0132",
        "height": 2.299704,
        "coords2D": "2D: (397897.108, 808191.587)",
        "coords3D_original": "3D_Original: (-793548.981, 426441.300, 0.000)",
        "coords3D": "3D: (-25.804, -34.572, 1.477)",
        "coordsMtEden": "MtEden: (397897.108, 808191.587, 2.300)",
        "easting": 397897.10822883336,
        "northing": 808191.5874829689,
        "longitude": 174.7405991755868,
        "latitude": -36.80589759411131,
        "group": "R4 - Magenta (10 points)",
        "canvasX": 21.2249066355429,
        "canvasY": 1003.0330123646542,
        "variant": "northing_easting_direct"
      }
    },
    {
      "type": "Feature",
      "geometry": {
        "type": "Point",
        "coordinates": [
          -26.23892721789889,
          -34.76531841373071,
          1.45687996788
        ]
      },
      "properties": {
        "id": "4_3",
        "camera": "R4 - Magenta (Point)",
        "frame": "0133",
        "image": "pano_camera0/frame_0133_hp_preview.jpg",
        "frameId": "0133",
        "height": 2.125678,
        "coords2D": "2D: (397896.674, 808191.394)",
        "coords3D_original": "3D_Original: (-793548.981, 426441.300, 0.000)",
        "coords3D": "3D: (-26.239, -34.765, 1.457)",
        "coordsMtEden": "MtEden: (397896.674, 808191.394, 2.126)",
        "easting": 397896.6735727821,
        "northing": 808191.3936815863,
        "longitude": 174.74059430378227,
        "latitude": -36.805899339687755,
        "group": "R4 - Magenta (10 points)",
        "canvasX": 14.104325770504623,
        "canvasY": 1006.2078868731112,
        "variant": "northing_easting_direct"
      }
    },
    {
      "type": "Feature",
      "geometry": {
        "type": "Point",
        "coordinates": [
          -29.56907251419034,
          -36.26360780012328,
          1.89293313144
        ]
      },
      "properties": {
        "id": "4_4",
        "camera": "R4 - Magenta (Point)",
        "frame": "0134",
        "image": "pano_camera0/frame_0134_hp_preview.jpg",
        "frameId": "0134",
        "height": 0.792539,
        "coords2D": "2D: (397893.343, 808189.895)",
        "coords3D_original": "3D_Original: (-793548.981, 426441.300, 0.000)",
        "coords3D": "3D: (-29.569, -36.264, 1.893)",
        "coordsMtEden": "MtEden: (397893.343, 808189.895, 0.793)",
        "easting": 397893.3434274858,
        "northing": 808189.8953921999,
        "longitude": 174.7405569780941,
        "latitude": -36.80591283489781,
        "group": "R4 - Magenta (10 points)",
        "canvasX": -40.45046255676037,
        "canvasY": 1030.7530202108487,
        "variant": "northing_easting_direct"
      }
    },
    {
      "type": "Feature",
      "geometry": {
        "type": "Point",
        "coordinates": [
          -34.12236495898105,
          -36.15016055316664,
          1.76708995156
        ]
      },
      "properties": {
        "id": "4_5",
        "camera": "R4 - Magenta (Middle)",
        "frame": "0135",
        "image": "pano_camera0/frame_0135_hp_preview.jpg",
        "frameId": "0135",
        "height": -0.963672,
        "coords2D": "2D: (397888.790, 808190.009)",
        "coords3D_original": "3D_Original: (-793548.981, 426441.300, 0.000)",
        "coords3D": "3D: (-34.122, -36.150, 1.767)",
        "coordsMtEden": "MtEden: (397888.790, 808190.009, -0.964)",
        "easting": 397888.790135041,
        "northing": 808190.0088394468,
        "longitude": 174.74050594882476,
        "latitude": -36.80591180236784,
        "group": "R4 - Magenta (10 points)",
        "canvasX": -115.0429753206891,
        "canvasY": 1028.894515553031,
        "variant": "northing_easting_direct"
      }
    },
    {
      "type": "Feature",
      "geometry": {
        "type": "Point",
        "coordinates": [
          -35.70480654708808,
          -35.0636340000201,
          2.4892815757199998
        ]
      },
      "properties": {
        "id": "4_6",
        "camera": "R4 - Magenta (Point)",
        "frame": "0136",
        "image": "pano_camera0/frame_0136_hp_preview.jpg",
        "frameId": "0136",
        "height": -1.541687,
        "coords2D": "2D: (397887.208, 808191.095)",
        "coords3D_original": "3D_Original: (-793548.981, 426441.300, 0.000)",
        "coords3D": "3D: (-35.705, -35.064, 2.489)",
        "coordsMtEden": "MtEden: (397887.208, 808191.095, -1.542)",
        "easting": 397887.2076934529,
        "northing": 808191.095366,
        "longitude": 174.74048821712665,
        "latitude": -36.8059020070398,
        "group": "R4 - Magenta (10 points)",
        "canvasX": -140.96669882216528,
        "canvasY": 1011.0949239897672,
        "variant": "northing_easting_direct"
      }
    },
    {
      "type": "Feature",
      "geometry": {
        "type": "Point",
        "coordinates": [
          -38.60852342785802,
          -32.348073402419686,
          2.14961621052
        ]
      },
      "properties": {
        "id": "4_7",
        "camera": "R4 - Magenta (Point)",
        "frame": "0137",
        "image": "pano_camera0/frame_0137_hp_preview.jpg",
        "frameId": "0137",
        "height": -2.580493,
        "coords2D": "2D: (397884.304, 808193.811)",
        "coords3D_original": "3D_Original: (-793548.981, 426441.300, 0.000)",
        "coords3D": "3D: (-38.609, -32.348, 2.150)",
        "coordsMtEden": "MtEden: (397884.304, 808193.811, -2.580)",
        "easting": 397884.3039765721,
        "northing": 808193.8109265976,
        "longitude": 174.74045568218884,
        "latitude": -36.805877527871225,
        "group": "R4 - Magenta (10 points)",
        "canvasX": -188.53569227415434,
        "canvasY": 966.6083264353956,
        "variant": "northing_easting_direct"
      }
    },
    {
      "type": "Feature",
      "geometry": {
        "type": "Point",
        "coordinates": [
          -40.75645191158401,
          -31.357985773938708,
          1.94489179452
        ]
      },
      "properties": {
        "id": "4_8",
        "camera": "R4 - Magenta (Point)",
        "frame": "0138",
        "image": "pano_camera0/frame_0138_hp_preview.jpg",
        "frameId": "0138",
        "height": -3.380139,
        "coords2D": "2D: (397882.156, 808194.801)",
        "coords3D_original": "3D_Original: (-793548.981, 426441.300, 0.000)",
        "coords3D": "3D: (-40.756, -31.358, 1.945)",
        "coordsMtEden": "MtEden: (397882.156, 808194.801, -3.380)",
        "easting": 397882.1560480884,
        "northing": 808194.801014226,
        "longitude": 174.74043161272516,
        "latitude": -36.80586860038051,
        "group": "R4 - Magenta (10 points)",
        "canvasX": -223.72328120767122,
        "canvasY": 950.3886074166875,
        "variant": "northing_easting_direct"
      }
    },
    {
      "type": "Feature",
      "geometry": {
        "type": "Point",
        "coordinates": [
          -43.71605035895482,
          -31.379799282178283,
          2.09444560508
        ]
      },
      "properties": {
        "id": "4_9",
        "camera": "R4 - Magenta (End)",
        "frame": "0139",
        "image": "pano_camera0/frame_0139_hp_preview.jpg",
        "frameId": "0139",
        "height": -4.524481,
        "coords2D": "2D: (397879.196, 808194.779)",
        "coords3D_original": "3D_Original: (-793548.981, 426441.300, 0.000)",
        "coords3D": "3D: (-43.716, -31.380, 2.094)",
        "coordsMtEden": "MtEden: (397879.196, 808194.779, -4.524)",
        "easting": 397879.196449641,
        "northing": 808194.7792007178,
        "longitude": 174.74039844392064,
        "latitude": -36.805868790340135,
        "group": "R4 - Magenta (10 points)",
        "canvasX": -272.2077323249186,
        "canvasY": 950.7459585874574,
        "variant": "northing_easting_direct"
      }
    }
  ],
  "properties": {
    "name": "Camera Positions - northing_easting_direct",
    "description": "Use northing/easting directly with base point subtraction",
    "timestamp": "2025-10-20T06:31:46.517Z",
    "variant": "northing_easting_direct"
  }
}