{
  "type": "FeatureCollection",
  "features": [
    {
      "type": "Feature",
      "geometry": {
        "type": "Point",
        "coordinates": [
          1.6580062421271577,
          -9.508590361801907,
          -0.08356627564
        ]
      },
      "properties": {
        "id": "0_0",
        "camera": "R0 - Reddish (Start)",
        "frame": "0140",
        "image": "pano_camera0/frame_0140_hp_preview.jpg",
        "frameId": "0140",
        "height": 2.343401,
        "coords2D": "2D: (397924.571, 808216.650)",
        "coords3D_original": "3D_Original: (-793548.981, 426441.300, 0.000)",
        "coords3D": "3D: (1.658, -9.509, -0.084)",
        "coordsMtEden": "MtEden: (397924.571, 808216.650, 2.343)",
        "easting": 397924.5705062421,
        "northing": 808216.6504096382,
        "longitude": 174.7409070186225,
        "latitude": -36.805671787113525,
        "group": "R0 - Reddish (229 points)",
        "canvasX": 471.11480564327485,
        "canvasY": 592.4495279643781,
        "variant": "northing_easting_direct"
      }
    },
    {
      "type": "Feature",
      "geometry": {
        "type": "Point",
        "coordinates": [
          1.2590805271756835,
          -9.529074352816679,
          -0.06423228552
        ]
      },
      "properties": {
        "id": "0_1",
        "camera": "R0 - Reddish (Point)",
        "frame": "0141",
        "image": "pano_camera0/frame_0141_hp_preview.jpg",
        "frameId": "0141",
        "height": 2.470891,
        "coords2D": "2D: (397924.172, 808216.630)",
        "coords3D_original": "3D_Original: (-793548.981, 426441.300, 0.000)",
        "coords3D": "3D: (1.259, -9.529, -0.064)",
        "coordsMtEden": "MtEden: (397924.172, 808216.630, 2.471)",
        "easting": 397924.17158052715,
        "northing": 808216.6299256472,
        "longitude": 174.740902547747,
        "latitude": -36.80567197084121,
        "group": "R0 - Reddish (229 points)",
        "canvasX": 464.5795628824492,
        "canvasY": 592.7850988467206,
        "variant": "northing_easting_direct"
      }
    },
    {
      "type": "Feature",
      "geometry": {
        "type": "Point",
        "coordinates": [
          0.5401383727439679,
          -9.53039183653891,
          -0.07496063232
        ]
      },
      "properties": {
        "id": "0_2",
        "camera": "R0 - Reddish (Point)",
        "frame": "0142",
        "image": "pano_camera0/frame_0142_hp_preview.jpg",
        "frameId": "0142",
        "height": 2.71152,
        "coords2D": "2D: (397923.453, 808216.629)",
        "coords3D_original": "3D_Original: (-793548.981, 426441.300, 0.000)",
        "coords3D": "3D: (0.540, -9.530, -0.075)",
        "coordsMtEden": "MtEden: (397923.453, 808216.629, 2.712)",
        "easting": 397923.4526383727,
        "northing": 808216.6286081634,
        "longitude": 174.74089449045195,
        "latitude": -36.80567198113803,
        "group": "R0 - Reddish (229 points)",
        "canvasX": 452.8017773619276,
        "canvasY": 592.8066820019797,
        "variant": "northing_easting_direct"
      }
    },
    {
      "type": "Feature",
      "geometry": {
        "type": "Point",
        "coordinates": [
          0.1453583169495687,
          -9.641528691980056,
          -0.08031496319999999
        ]
      },
      "properties": {
        "id": "0_3",
        "camera": "R0 - Reddish (Point)",
        "frame": "0143",
        "image": "pano_camera0/frame_0143_hp_preview.jpg",
        "frameId": "0143",
        "height": 2.810063,
        "coords2D": "2D: (397923.058, 808216.517)",
        "coords3D_original": "3D_Original: (-793548.981, 426441.300, 0.000)",
        "coords3D": "3D: (0.145, -9.642, -0.080)",
        "coordsMtEden": "MtEden: (397923.058, 808216.517, 2.810)",
        "easting": 397923.0578583169,
        "northing": 808216.517471308,
        "longitude": 174.74089006579013,
        "latitude": -36.805672981839756,
        "group": "R0 - Reddish (229 points)",
        "canvasX": 446.33444922327294,
        "canvasY": 594.6273375836223,
        "variant": "northing_easting_direct"
      }
    },
    {
      "type": "Feature",
      "geometry": {
        "type": "Point",
        "coordinates": [
          -0.030416218913160264,
          -10.007178949308582,
          -0.03258202204
        ]
      },
      "properties": {
        "id": "0_4",
        "camera": "R0 - Reddish (Point)",
        "frame": "0144",
        "image": "pano_camera0/frame_0144_hp_preview.jpg",
        "frameId": "0144",
        "height": 2.758182,
        "coords2D": "2D: (397922.882, 808216.152)",
        "coords3D_original": "3D_Original: (-793548.981, 426441.300, 0.000)",
        "coords3D": "3D: (-0.030, -10.007, -0.033)",
        "coordsMtEden": "MtEden: (397922.882, 808216.152, 2.758)",
        "easting": 397922.88208378106,
        "northing": 808216.1518210507,
        "longitude": 174.74088809486133,
        "latitude": -36.80567627670157,
        "group": "R0 - Reddish (229 points)",
        "canvasX": 443.45489240378254,
        "canvasY": 600.6174583205795,
        "variant": "northing_easting_direct"
      }
    },
    {
      "type": "Feature",
      "geometry": {
        "type": "Point",
        "coordinates": [
          0.1730603274772875,
          -10.365366882411763,
          -0.02236876712
        ]
      },
      "properties": {
        "id": "0_5",
        "camera": "R0 - Reddish (Point)",
        "frame": "0145",
        "image": "pano_camera0/frame_0145_hp_preview.jpg",
        "frameId": "0145",
        "height": 2.581494,
        "coords2D": "2D: (397923.086, 808215.794)",
        "coords3D_original": "3D_Original: (-793548.981, 426441.300, 0.000)",
        "coords3D": "3D: (0.173, -10.365, -0.022)",
        "coordsMtEden": "MtEden: (397923.086, 808215.794, 2.581)",
        "easting": 397923.08556032745,
        "northing": 808215.7936331176,
        "longitude": 174.74089037427632,
        "latitude": -36.80567950514467,
        "group": "R0 - Reddish (229 points)",
        "canvasX": 446.78826645507945,
        "canvasY": 606.4853304795603,
        "variant": "northing_easting_direct"
      }
    },
    {
      "type": "Feature",
      "geometry": {
        "type": "Point",
        "coordinates": [
          1.1420279673766345,
          -8.670327369240113,
          -0.04231955516
        ]
      },
      "properties": {
        "id": "0_6",
        "camera": "R0 - Reddish (Point)",
        "frame": "0157",
        "image": "pano_camera0/frame_0157_hp_preview.jpg",
        "frameId": "0157",
        "height": 2.770313,
        "coords2D": "2D: (397924.055, 808217.489)",
        "coords3D_original": "3D_Original: (-793548.981, 426441.300, 0.000)",
        "coords3D": "3D: (1.142, -8.670, -0.042)",
        "coordsMtEden": "MtEden: (397924.055, 808217.489, 2.770)",
        "easting": 397924.05452796735,
        "northing": 808217.4886726307,
        "longitude": 174.74090123826284,
        "latitude": -36.80566423153971,
        "group": "R0 - Reddish (229 points)",
        "canvasX": 462.6619956133802,
        "canvasY": 578.7170160004835,
        "variant": "northing_easting_direct"
      }
    },
    {
      "type": "Feature",
      "geometry": {
        "type": "Point",
        "coordinates": [
          1.2053524581715465,
          -8.316765064140782,
          -0.028996063920000002
        ]
      },
      "properties": {
        "id": "0_7",
        "camera": "R0 - Reddish (Point)",
        "frame": "0158",
        "image": "pano_camera0/frame_0158_hp_preview.jpg",
        "frameId": "0158",
        "height": 2.856272,
        "coords2D": "2D: (397924.118, 808217.842)",
        "coords3D_original": "3D_Original: (-793548.981, 426441.300, 0.000)",
        "coords3D": "3D: (1.205, -8.317, -0.029)",
        "coordsMtEden": "MtEden: (397924.118, 808217.842, 2.856)",
        "easting": 397924.11785245815,
        "northing": 808217.8422349358,
        "longitude": 174.74090194891363,
        "latitude": -36.80566104536802,
        "group": "R0 - Reddish (229 points)",
        "canvasX": 463.6993840410158,
        "canvasY": 572.9249213629444,
        "variant": "northing_easting_direct"
      }
    },
    {
      "type": "Feature",
      "geometry": {
        "type": "Point",
        "coordinates": [
          1.1178674114053138,
          -8.091108444263227,
          -0.009337270639999999
        ]
      },
      "properties": {
        "id": "0_8",
        "camera": "R0 - Reddish (Point)",
        "frame": "0159",
        "image": "pano_camera0/frame_0159_hp_preview.jpg",
        "frameId": "0159",
        "height": 2.953972,
        "coords2D": "2D: (397924.030, 808218.068)",
        "coords3D_original": "3D_Original: (-793548.981, 426441.300, 0.000)",
        "coords3D": "3D: (1.118, -8.091, -0.009)",
        "coordsMtEden": "MtEden: (397924.030, 808218.068, 2.954)",
        "easting": 397924.0303674114,
        "northing": 808218.0678915557,
        "longitude": 174.7409009690711,
        "latitude": -36.805659011554276,
        "group": "R0 - Reddish (229 points)",
        "canvasX": 462.2661948599627,
        "canvasY": 569.2281910277276,
        "variant": "northing_easting_direct"
      }
    },
    {
      "type": "Feature",
      "geometry": {
        "type": "Point",
        "coordinates": [
          0.48762423696462065,
          -6.7793932154309005,
          -0.022030840599999997
        ]
      },
      "properties": {
        "id": "0_9",
        "camera": "R0 - Reddish (Point)",
        "frame": "0160",
        "image": "pano_camera0/frame_0160_hp_preview.jpg",
        "frameId": "0160",
        "height": 3.562706,
        "coords2D": "2D: (397923.400, 808219.380)",
        "coords3D_original": "3D_Original: (-793548.981, 426441.300, 0.000)",
        "coords3D": "3D: (0.488, -6.779, -0.022)",
        "coordsMtEden": "MtEden: (397923.400, 808219.380, 3.563)",
        "easting": 397923.40012423694,
        "northing": 808219.3796067846,
        "longitude": 174.74089390942086,
        "latitude": -36.8056471889686,
        "group": "R0 - Reddish (229 points)",
        "canvasX": 451.94148530004225,
        "canvasY": 547.7395350431555,
        "variant": "northing_easting_direct"
      }
    },
    {
      "type": "Feature",
      "geometry": {
        "type": "Point",
        "coordinates": [
          0.36545893078437075,
          -6.049934962531552,
          -0.01892716596
        ]
      },
      "properties": {
        "id": "0_10",
        "camera": "R0 - Reddish (Point)",
        "frame": "0161",
        "image": "pano_camera0/frame_0161_hp_preview.jpg",
        "frameId": "0161",
        "height": 3.824734,
        "coords2D": "2D: (397923.278, 808220.109)",
        "coords3D_original": "3D_Original: (-793548.981, 426441.300, 0.000)",
        "coords3D": "3D: (0.365, -6.050, -0.019)",
        "coordsMtEden": "MtEden: (397923.278, 808220.109, 3.825)",
        "easting": 397923.27795893076,
        "northing": 808220.1090650375,
        "longitude": 174.74089254228608,
        "latitude": -36.80564061480837,
        "group": "R0 - Reddish (229 points)",
        "canvasX": 449.94016048492097,
        "canvasY": 535.7894736966862,
        "variant": "northing_easting_direct"
      }
    },
    {
      "type": "Feature",
      "geometry": {
        "type": "Point",
        "coordinates": [
          0.3378922780393623,
          -5.126734190620482,
          0.03640420064
        ]
      },
      "properties": {
        "id": "0_11",
        "camera": "R0 - Reddish (Point)",
        "frame": "0162",
        "image": "pano_camera0/frame_0162_hp_preview.jpg",
        "frameId": "0162",
        "height": 4.11381,
        "coords2D": "2D: (397923.250, 808221.032)",
        "coords3D_original": "3D_Original: (-793548.981, 426441.300, 0.000)",
        "coords3D": "3D: (0.338, -5.127, 0.036)",
        "coordsMtEden": "MtEden: (397923.250, 808221.032, 4.114)",
        "easting": 397923.250392278,
        "northing": 808221.0322658094,
        "longitude": 174.7408922358606,
        "latitude": -36.80563229484416,
        "group": "R0 - Reddish (229 points)",
        "canvasX": 449.488560698469,
        "canvasY": 520.6655021537059,
        "variant": "northing_easting_direct"
      }
    },
    {
      "type": "Feature",
      "geometry": {
        "type": "Point",
        "coordinates": [
          0.38331099739298224,
          -4.549201035522856,
          0.06363845348000001
        ]
      },
      "properties": {
        "id": "0_12",
        "camera": "R0 - Reddish (Point)",
        "frame": "0163",
        "image": "pano_camera0/frame_0163_hp_preview.jpg",
        "frameId": "0163",
        "height": 4.273577,
        "coords2D": "2D: (397923.296, 808221.610)",
        "coords3D_original": "3D_Original: (-793548.981, 426441.300, 0.000)",
        "coords3D": "3D: (0.383, -4.549, 0.064)",
        "coordsMtEden": "MtEden: (397923.296, 808221.610, 4.274)",
        "easting": 397923.29581099737,
        "northing": 808221.6097989645,
        "longitude": 174.74089274644982,
        "latitude": -36.80562709020348,
        "group": "R0 - Reddish (229 points)",
        "canvasX": 450.23261490564107,
        "canvasY": 511.2042936401602,
        "variant": "northing_easting_direct"
      }
    },
    {
      "type": "Feature",
      "geometry": {
        "type": "Point",
        "coordinates": [
          0.4837502757436596,
          -3.9684850214980543,
          0.10351378284000001
        ]
      },
      "properties": {
        "id": "0_13",
        "camera": "R0 - Reddish (Point)",
        "frame": "0164",
        "image": "pano_camera0/frame_0164_hp_preview.jpg",
        "frameId": "0164",
        "height": 4.41581,
        "coords2D": "2D: (397923.396, 808222.191)",
        "coords3D_original": "3D_Original: (-793548.981, 426441.300, 0.000)",
        "coords3D": "3D: (0.484, -3.968, 0.104)",
        "coordsMtEden": "MtEden: (397923.396, 808222.191, 4.416)",
        "easting": 397923.3962502757,
        "northing": 808222.1905149785,
        "longitude": 174.7408938736708,
        "latitude": -36.80562185699946,
        "group": "R0 - Reddish (229 points)",
        "canvasX": 451.87802166284877,
        "canvasY": 501.69094319968264,
        "variant": "northing_easting_direct"
      }
    },
    {
      "type": "Feature",
      "geometry": {
        "type": "Point",
        "coordinates": [
          1.0947833031532355,
          -3.3355290190083906,
          0.12260170996
        ]
      },
      "properties": {
        "id": "0_14",
        "camera": "R0 - Reddish (Point)",
        "frame": "0165",
        "image": "pano_camera0/frame_0165_hp_preview.jpg",
        "frameId": "0165",
        "height": 4.402871,
        "coords2D": "2D: (397924.007, 808222.823)",
        "coords3D_original": "3D_Original: (-793548.981, 426441.300, 0.000)",
        "coords3D": "3D: (1.095, -3.336, 0.123)",
        "coordsMtEden": "MtEden: (397924.007, 808222.823, 4.403)",
        "easting": 397924.00728330313,
        "northing": 808222.823470981,
        "longitude": 174.74090072332984,
        "latitude": -36.80561615412717,
        "group": "R0 - Reddish (229 points)",
        "canvasX": 461.8880285856412,
        "canvasY": 491.32179180693856,
        "variant": "northing_easting_direct"
      }
    },
    {
      "type": "Feature",
      "geometry": {
        "type": "Point",
        "coordinates": [
          1.5523581625893712,
          -3.268530818866566,
          0.1197014474
        ]
      },
      "properties": {
        "id": "0_15",
        "camera": "R0 - Reddish (Point)",
        "frame": "0166",
        "image": "pano_camera0/frame_0166_hp_preview.jpg",
        "frameId": "0166",
        "height": 4.269844,
        "coords2D": "2D: (397924.465, 808222.890)",
        "coords3D_original": "3D_Original: (-793548.981, 426441.300, 0.000)",
        "coords3D": "3D: (1.552, -3.269, 0.120)",
        "coordsMtEden": "MtEden: (397924.465, 808222.890, 4.270)",
        "easting": 397924.46485816257,
        "northing": 808222.8904691811,
        "longitude": 174.74090585161812,
        "latitude": -36.80561555134112,
        "group": "R0 - Reddish (229 points)",
        "canvasX": 469.3840677612298,
        "canvasY": 490.224220288521,
        "variant": "northing_easting_direct"
      }
    },
    {
      "type": "Feature",
      "geometry": {
        "type": "Point",
        "coordinates": [
          2.509366941929329,
          -3.3975447872653604,
          0.12958005664
        ]
      },
      "properties": {
        "id": "0_16",
        "camera": "R0 - Reddish (Point)",
        "frame": "0167",
        "image": "pano_camera0/frame_0167_hp_preview.jpg",
        "frameId": "0167",
        "height": 3.910046,
        "coords2D": "2D: (397925.422, 808222.761)",
        "coords3D_original": "3D_Original: (-793548.981, 426441.300, 0.000)",
        "coords3D": "3D: (2.509, -3.398, 0.130)",
        "coordsMtEden": "MtEden: (397925.422, 808222.761, 3.910)",
        "easting": 397925.4218669419,
        "northing": 808222.7614552127,
        "longitude": 174.74091657659818,
        "latitude": -36.805616716114784,
        "group": "R0 - Reddish (229 points)",
        "canvasX": 485.0618856154778,
        "canvasY": 492.3377406052016,
        "variant": "northing_easting_direct"
      }
    },
    {
      "type": "Feature",
      "geometry": {
        "type": "Point",
        "coordinates": [
          3.0665512835257687,
          -4.05699065187946,
          0.10000984572
        ]
      },
      "properties": {
        "id": "0_17",
        "camera": "R0 - Reddish (Point)",
        "frame": "0168",
        "image": "pano_camera0/frame_0168_hp_preview.jpg",
        "frameId": "0168",
        "height": 3.523406,
        "coords2D": "2D: (397925.979, 808222.102)",
        "coords3D_original": "3D_Original: (-793548.981, 426441.300, 0.000)",
        "coords3D": "3D: (3.067, -4.057, 0.100)",
        "coordsMtEden": "MtEden: (397925.979, 808222.102, 3.523)",
        "easting": 397925.9790512835,
        "northing": 808222.1020093481,
        "longitude": 174.74092281924507,
        "latitude": -36.80562266027465,
        "group": "R0 - Reddish (229 points)",
        "canvasX": 494.18973773983777,
        "canvasY": 503.1408516865438,
        "variant": "northing_easting_direct"
      }
    },
    {
      "type": "Feature",
      "geometry": {
        "type": "Point",
        "coordinates": [
          3.1237404440762475,
          -4.377314724493772,
          0.12907480728
        ]
      },
      "properties": {
        "id": "0_18",
        "camera": "R0 - Reddish (Point)",
        "frame": "0169",
        "image": "pano_camera0/frame_0169_hp_preview.jpg",
        "frameId": "0169",
        "height": 3.407216,
        "coords2D": "2D: (397926.036, 808221.782)",
        "coords3D_original": "3D_Original: (-793548.981, 426441.300, 0.000)",
        "coords3D": "3D: (3.124, -4.377, 0.129)",
        "coordsMtEden": "MtEden: (397926.036, 808221.782, 3.407)",
        "easting": 397926.03624044405,
        "northing": 808221.7816852755,
        "longitude": 174.74092345929958,
        "latitude": -36.805625547166855,
        "group": "R0 - Reddish (229 points)",
        "canvasX": 495.126616545052,
        "canvasY": 508.3884341265194,
        "variant": "northing_easting_direct"
      }
    },
    {
      "type": "Feature",
      "geometry": {
        "type": "Point",
        "coordinates": [
          3.2022844834136777,
          -6.045794385368936,
          0.04545275736
        ]
      },
      "properties": {
        "id": "0_19",
        "camera": "R0 - Reddish (Point)",
        "frame": "0170",
        "image": "pano_camera0/frame_0170_hp_preview.jpg",
        "frameId": "0170",
        "height": 2.875208,
        "coords2D": "2D: (397926.115, 808220.113)",
        "coords3D_original": "3D_Original: (-793548.981, 426441.300, 0.000)",
        "coords3D": "3D: (3.202, -6.046, 0.045)",
        "coordsMtEden": "MtEden: (397926.115, 808220.113, 2.875)",
        "easting": 397926.1147844834,
        "northing": 808220.1132056146,
        "longitude": 174.7409243350094,
        "latitude": -36.805640583710826,
        "group": "R0 - Reddish (229 points)",
        "canvasX": 496.41333320753085,
        "canvasY": 535.7216423288235,
        "variant": "northing_easting_direct"
      }
    },
    {
      "type": "Feature",
      "geometry": {
        "type": "Point",
        "coordinates": [
          3.208715830289293,
          -6.268475473625585,
          0.08606627572
        ]
      },
      "properties": {
        "id": "0_20",
        "camera": "R0 - Reddish (Point)",
        "frame": "0171",
        "image": "pano_camera0/frame_0171_hp_preview.jpg",
        "frameId": "0171",
        "height": 2.805617,
        "coords2D": "2D: (397926.121, 808219.891)",
        "coords3D_original": "3D_Original: (-793548.981, 426441.300, 0.000)",
        "coords3D": "3D: (3.209, -6.268, 0.086)",
        "coordsMtEden": "MtEden: (397926.121, 808219.891, 2.806)",
        "easting": 397926.12121583027,
        "northing": 808219.8905245264,
        "longitude": 174.7409244064799,
        "latitude": -36.80564259053133,
        "group": "R0 - Reddish (229 points)",
        "canvasX": 496.51869220405206,
        "canvasY": 539.3696271919845,
        "variant": "northing_easting_direct"
      }
    },
    {
      "type": "Feature",
      "geometry": {
        "type": "Point",
        "coordinates": [
          3.239256710628979,
          -7.308526259846985,
          0.013297244520000001
        ]
      },
      "properties": {
        "id": "0_21",
        "camera": "R0 - Reddish (Point)",
        "frame": "0172",
        "image": "pano_camera0/frame_0172_hp_preview.jpg",
        "frameId": "0172",
        "height": 2.480109,
        "coords2D": "2D: (397926.152, 808218.850)",
        "coords3D_original": "3D_Original: (-793548.981, 426441.300, 0.000)",
        "coords3D": "3D: (3.239, -7.309, 0.013)",
        "coordsMtEden": "MtEden: (397926.152, 808218.850, 2.480)",
        "easting": 397926.1517567106,
        "northing": 808218.8504737401,
        "longitude": 174.74092474592325,
        "latitude": -36.8056519635566,
        "group": "R0 - Reddish (229 points)",
        "canvasX": 497.0190160987475,
        "canvasY": 556.4078478831364,
        "variant": "northing_easting_direct"
      }
    },
    {
      "type": "Feature",
      "geometry": {
        "type": "Point",
        "coordinates": [
          3.7488890305976383,
          -8.000029167393222,
          0.02683399036
        ]
      },
      "properties": {
        "id": "0_22",
        "camera": "R0 - Reddish (Point)",
        "frame": "0173",
        "image": "pano_camera0/frame_0173_hp_preview.jpg",
        "frameId": "0173",
        "height": 2.099843,
        "coords2D": "2D: (397926.661, 808218.159)",
        "coords3D_original": "3D_Original: (-793548.981, 426441.300, 0.000)",
        "coords3D": "3D: (3.749, -8.000, 0.027)",
        "coordsMtEden": "MtEden: (397926.661, 808218.159, 2.100)",
        "easting": 397926.6613890306,
        "northing": 808218.1589708326,
        "longitude": 174.7409304555639,
        "latitude": -36.80565819651058,
        "group": "R0 - Reddish (229 points)",
        "canvasX": 505.36786603337606,
        "canvasY": 567.7361207951495,
        "variant": "northing_easting_direct"
      }
    },
    {
      "type": "Feature",
      "geometry": {
        "type": "Point",
        "coordinates": [
          4.603262770164292,
          -8.163041503052227,
          0.046437009359999996
        ]
      },
      "properties": {
        "id": "0_23",
        "camera": "R0 - Reddish (Point)",
        "frame": "0174",
        "image": "pano_camera0/frame_0174_hp_preview.jpg",
        "frameId": "0174",
        "height": 1.764058,
        "coords2D": "2D: (397927.516, 808217.996)",
        "coords3D_original": "3D_Original: (-793548.981, 426441.300, 0.000)",
        "coords3D": "3D: (4.603, -8.163, 0.046)",
        "coordsMtEden": "MtEden: (397927.516, 808217.996, 1.764)",
        "easting": 397927.51576277014,
        "northing": 808217.9959584969,
        "longitude": 174.74094003021182,
        "latitude": -36.80565966745135,
        "group": "R0 - Reddish (229 points)",
        "canvasX": 519.3643059386318,
        "canvasY": 570.4066059156036,
        "variant": "northing_easting_direct"
      }
    },
    {
      "type": "Feature",
      "geometry": {
        "type": "Point",
        "coordinates": [
          4.625753587053623,
          -8.15651643765159,
          0.05635170784
        ]
      },
      "properties": {
        "id": "0_24",
        "camera": "R0 - Reddish (Point)",
        "frame": "0175",
        "image": "pano_camera0/frame_0175_hp_preview.jpg",
        "frameId": "0175",
        "height": 1.758548,
        "coords2D": "2D: (397927.538, 808218.002)",
        "coords3D_original": "3D_Original: (-793548.981, 426441.300, 0.000)",
        "coords3D": "3D: (4.626, -8.157, 0.056)",
        "coordsMtEden": "MtEden: (397927.538, 808218.002, 1.759)",
        "easting": 397927.53825358703,
        "northing": 808218.0024835623,
        "longitude": 174.74094028228745,
        "latitude": -36.80565960869656,
        "group": "R0 - Reddish (229 points)",
        "canvasX": 519.7327528521975,
        "canvasY": 570.2997116132115,
        "variant": "northing_easting_direct"
      }
    },
    {
      "type": "Feature",
      "geometry": {
        "type": "Point",
        "coordinates": [
          5.420732399623375,
          -7.588364800089039,
          0.05126640584
        ]
      },
      "properties": {
        "id": "0_25",
        "camera": "R0 - Reddish (Point)",
        "frame": "0176",
        "image": "pano_camera0/frame_0176_hp_preview.jpg",
        "frameId": "0176",
        "height": 1.664286,
        "coords2D": "2D: (397928.333, 808218.571)",
        "coords3D_original": "3D_Original: (-793548.981, 426441.300, 0.000)",
        "coords3D": "3D: (5.421, -7.588, 0.051)",
        "coordsMtEden": "MtEden: (397928.333, 808218.571, 1.664)",
        "easting": 397928.3332323996,
        "northing": 808218.5706351999,
        "longitude": 174.74094919327734,
        "latitude": -36.80565449024232,
        "group": "R0 - Reddish (229 points)",
        "canvasX": 532.7561788548212,
        "canvasY": 560.9921921007858,
        "variant": "northing_easting_direct"
      }
    },
    {
      "type": "Feature",
      "geometry": {
        "type": "Point",
        "coordinates": [
          5.703144257655367,
          -7.1157012226758525,
          0.09414698464
        ]
      },
      "properties": {
        "id": "0_26",
        "camera": "R0 - Reddish (Point)",
        "frame": "0177",
        "image": "pano_camera0/frame_0177_hp_preview.jpg",
        "frameId": "0177",
        "height": 1.712791,
        "coords2D": "2D: (397928.616, 808219.043)",
        "coords3D_original": "3D_Original: (-793548.981, 426441.300, 0.000)",
        "coords3D": "3D: (5.703, -7.116, 0.094)",
        "coordsMtEden": "MtEden: (397928.616, 808219.043, 1.713)",
        "easting": 397928.61564425763,
        "northing": 808219.0432987773,
        "longitude": 174.74095235959408,
        "latitude": -36.80565023120658,
        "group": "R0 - Reddish (229 points)",
        "canvasX": 537.3826794322391,
        "canvasY": 553.2489679708028,
        "variant": "northing_easting_direct"
      }
    },
    {
      "type": "Feature",
      "geometry": {
        "type": "Point",
        "coordinates": [
          6.359457851096522,
          -6.331313453847542,
          0.11017716888
        ]
      },
      "properties": {
        "id": "0_27",
        "camera": "R0 - Reddish (Point)",
        "frame": "0178",
        "image": "pano_camera0/frame_0178_hp_preview.jpg",
        "frameId": "0178",
        "height": 1.730529,
        "coords2D": "2D: (397929.272, 808219.828)",
        "coords3D_original": "3D_Original: (-793548.981, 426441.300, 0.000)",
        "coords3D": "3D: (6.359, -6.331, 0.110)",
        "coordsMtEden": "MtEden: (397929.272, 808219.828, 1.731)",
        "easting": 397929.2719578511,
        "northing": 808219.8276865461,
        "longitude": 174.740959717129,
        "latitude": -36.805643163723886,
        "group": "R0 - Reddish (229 points)",
        "canvasX": 548.134477320622,
        "canvasY": 540.3990455520733,
        "variant": "northing_easting_direct"
      }
    },
    {
      "type": "Feature",
      "geometry": {
        "type": "Point",
        "coordinates": [
          7.2443059654324315,
          -6.172288352157921,
          0.125820214
        ]
      },
      "properties": {
        "id": "0_28",
        "camera": "R0 - Reddish (Point)",
        "frame": "0179",
        "image": "pano_camera0/frame_0179_hp_preview.jpg",
        "frameId": "0179",
        "height": 1.48215,
        "coords2D": "2D: (397930.157, 808219.987)",
        "coords3D_original": "3D_Original: (-793548.981, 426441.300, 0.000)",
        "coords3D": "3D: (7.244, -6.172, 0.126)",
        "coordsMtEden": "MtEden: (397930.157, 808219.987, 1.482)",
        "easting": 397930.1568059654,
        "northing": 808219.9867116478,
        "longitude": 174.7409696341817,
        "latitude": -36.80564173252112,
        "group": "R0 - Reddish (229 points)",
        "canvasX": 562.6301516189693,
        "canvasY": 537.7938797154648,
        "variant": "northing_easting_direct"
      }
    },
    {
      "type": "Feature",
      "geometry": {
        "type": "Point",
        "coordinates": [
          7.624754147720523,
          -6.390674686175771,
          0.11812336336
        ]
      },
      "properties": {
        "id": "0_29",
        "camera": "R0 - Reddish (Point)",
        "frame": "0180",
        "image": "pano_camera0/frame_0180_hp_preview.jpg",
        "frameId": "0180",
        "height": 1.288525,
        "coords2D": "2D: (397930.537, 808219.768)",
        "coords3D_original": "3D_Original: (-793548.981, 426441.300, 0.000)",
        "coords3D": "3D: (7.625, -6.391, 0.118)",
        "coordsMtEden": "MtEden: (397930.537, 808219.768, 1.289)",
        "easting": 397930.5372541477,
        "northing": 808219.7683253138,
        "longitude": 174.74097389732574,
        "latitude": -36.805643701454656,
        "group": "R0 - Reddish (229 points)",
        "canvasX": 568.8626935078754,
        "canvasY": 541.3715074662279,
        "variant": "northing_easting_direct"
      }
    },
    {
      "type": "Feature",
      "geometry": {
        "type": "Point",
        "coordinates": [
          7.819139033090323,
          -6.959877866436727,
          0.056125329880000005
        ]
      },
      "properties": {
        "id": "0_30",
        "camera": "R0 - Reddish (Point)",
        "frame": "0181",
        "image": "pano_camera0/frame_0181_hp_preview.jpg",
        "frameId": "0181",
        "height": 1.050865,
        "coords2D": "2D: (397930.732, 808219.199)",
        "coords3D_original": "3D_Original: (-793548.981, 426441.300, 0.000)",
        "coords3D": "3D: (7.819, -6.960, 0.056)",
        "coordsMtEden": "MtEden: (397930.732, 808219.199, 1.051)",
        "easting": 397930.73163903307,
        "northing": 808219.1991221335,
        "longitude": 174.74097607427834,
        "latitude": -36.80564883154986,
        "group": "R0 - Reddish (229 points)",
        "canvasX": 572.0471270174856,
        "canvasY": 550.6962534607776,
        "variant": "northing_easting_direct"
      }
    },
    {
      "type": "Feature",
      "geometry": {
        "type": "Point",
        "coordinates": [
          7.794407465145923,
          -7.519774601445533,
          0.03431102472
        ]
      },
      "properties": {
        "id": "0_31",
        "camera": "R0 - Reddish (Point)",
        "frame": "0182",
        "image": "pano_camera0/frame_0182_hp_preview.jpg",
        "frameId": "0182",
        "height": 0.889523,
        "coords2D": "2D: (397930.707, 808218.639)",
        "coords3D_original": "3D_Original: (-793548.981, 426441.300, 0.000)",
        "coords3D": "3D: (7.794, -7.520, 0.034)",
        "coordsMtEden": "MtEden: (397930.707, 808218.639, 0.890)",
        "easting": 397930.7069074651,
        "northing": 808218.6392253985,
        "longitude": 174.74097579558648,
        "latitude": -36.805653877296336,
        "group": "R0 - Reddish (229 points)",
        "canvasX": 571.641971887022,
        "canvasY": 559.8685402966904,
        "variant": "northing_easting_direct"
      }
    },
    {
      "type": "Feature",
      "geometry": {
        "type": "Point",
        "coordinates": [
          7.98471716925269,
          -8.362596850725822,
          0.04807086768
        ]
      },
      "properties": {
        "id": "0_32",
        "camera": "R0 - Reddish (Point)",
        "frame": "0183",
        "image": "pano_camera0/frame_0183_hp_preview.jpg",
        "frameId": "0183",
        "height": 0.570323,
        "coords2D": "2D: (397930.897, 808217.796)",
        "coords3D_original": "3D_Original: (-793548.981, 426441.300, 0.000)",
        "coords3D": "3D: (7.985, -8.363, 0.048)",
        "coordsMtEden": "MtEden: (397930.897, 808217.796, 0.570)",
        "easting": 397930.89721716923,
        "northing": 808217.7964031493,
        "longitude": 174.7409779261248,
        "latitude": -36.805661473243084,
        "group": "R0 - Reddish (229 points)",
        "canvasX": 574.759645351568,
        "canvasY": 573.6757424813643,
        "variant": "northing_easting_direct"
      }
    },
    {
      "type": "Feature",
      "geometry": {
        "type": "Point",
        "coordinates": [
          8.453570997400675,
          -8.334238556446508,
          0.01395341252
        ]
      },
      "properties": {
        "id": "0_33",
        "camera": "R0 - Reddish (Point)",
        "frame": "0184",
        "image": "pano_camera0/frame_0184_hp_preview.jpg",
        "frameId": "0184",
        "height": 0.421756,
        "coords2D": "2D: (397931.366, 808217.825)",
        "coords3D_original": "3D_Original: (-793548.981, 426441.300, 0.000)",
        "coords3D": "3D: (8.454, -8.334, 0.014)",
        "coordsMtEden": "MtEden: (397931.366, 808217.825, 0.422)",
        "easting": 397931.3660709974,
        "northing": 808217.8247614435,
        "longitude": 174.74098318071557,
        "latitude": -36.80566121870196,
        "group": "R0 - Reddish (229 points)",
        "canvasX": 582.4404577714755,
        "canvasY": 573.2111739393883,
        "variant": "northing_easting_direct"
      }
    },
    {
      "type": "Feature",
      "geometry": {
        "type": "Point",
        "coordinates": [
          8.601526563754305,
          -8.00940258463379,
          0.026266405039999996
        ]
      },
      "properties": {
        "id": "0_34",
        "camera": "R0 - Reddish (Point)",
        "frame": "0185",
        "image": "pano_camera0/frame_0185_hp_preview.jpg",
        "frameId": "0185",
        "height": 0.470576,
        "coords2D": "2D: (397931.514, 808218.150)",
        "coords3D_original": "3D_Original: (-793548.981, 426441.300, 0.000)",
        "coords3D": "3D: (8.602, -8.009, 0.026)",
        "coordsMtEden": "MtEden: (397931.514, 808218.150, 0.471)",
        "easting": 397931.51402656373,
        "northing": 808218.1495974154,
        "longitude": 174.74098483975777,
        "latitude": -36.80565829159694,
        "group": "R0 - Reddish (229 points)",
        "canvasX": 584.8642813245245,
        "canvasY": 567.8896770951081,
        "variant": "northing_easting_direct"
      }
    },
    {
      "type": "Feature",
      "geometry": {
        "type": "Point",
        "coordinates": [
          8.651801793312188,
          -7.478922836249694,
          0.024002625439999998
        ]
      },
      "properties": {
        "id": "0_35",
        "camera": "R0 - Reddish (Point)",
        "frame": "0186",
        "image": "pano_camera0/frame_0186_hp_preview.jpg",
        "frameId": "0186",
        "height": 0.614533,
        "coords2D": "2D: (397931.564, 808218.680)",
        "coords3D_original": "3D_Original: (-793548.981, 426441.300, 0.000)",
        "coords3D": "3D: (8.652, -7.479, 0.024)",
        "coordsMtEden": "MtEden: (397931.564, 808218.680, 0.615)",
        "easting": 397931.5643017933,
        "northing": 808218.6800771637,
        "longitude": 174.74098540464067,
        "latitude": -36.805653511012714,
        "group": "R0 - Reddish (229 points)",
        "canvasX": 585.6878953899175,
        "canvasY": 559.1993024086353,
        "variant": "northing_easting_direct"
      }
    },
    {
      "type": "Feature",
      "geometry": {
        "type": "Point",
        "coordinates": [
          8.724219001887832,
          -6.951478095725179,
          0.04015091992
        ]
      },
      "properties": {
        "id": "0_36",
        "camera": "R0 - Reddish (Point)",
        "frame": "0187",
        "image": "pano_camera0/frame_0187_hp_preview.jpg",
        "frameId": "0187",
        "height": 0.750079,
        "coords2D": "2D: (397931.637, 808219.208)",
        "coords3D_original": "3D_Original: (-793548.981, 426441.300, 0.000)",
        "coords3D": "3D: (8.724, -6.951, 0.040)",
        "coordsMtEden": "MtEden: (397931.637, 808219.208, 0.750)",
        "easting": 397931.63671900186,
        "northing": 808219.2075219043,
        "longitude": 174.74098621766362,
        "latitude": -36.80564875782841,
        "group": "R0 - Reddish (229 points)",
        "canvasX": 586.8742416703838,
        "canvasY": 550.558647538614,
        "variant": "northing_easting_direct"
      }
    },
    {
      "type": "Feature",
      "geometry": {
        "type": "Point",
        "coordinates": [
          8.997234608512372,
          -6.304410100099631,
          0.06631561892
        ]
      },
      "properties": {
        "id": "0_37",
        "camera": "R0 - Reddish (Point)",
        "frame": "0188",
        "image": "pano_camera0/frame_0188_hp_preview.jpg",
        "frameId": "0188",
        "height": 0.854685,
        "coords2D": "2D: (397931.910, 808219.855)",
        "coords3D_original": "3D_Original: (-793548.981, 426441.300, 0.000)",
        "coords3D": "3D: (8.997, -6.304, 0.066)",
        "coordsMtEden": "MtEden: (397931.910, 808219.855, 0.855)",
        "easting": 397931.9097346085,
        "northing": 808219.8545898999,
        "longitude": 174.74098927914662,
        "latitude": -36.805642927035066,
        "group": "R0 - Reddish (229 points)",
        "canvasX": 591.346811874731,
        "canvasY": 539.9583120001894,
        "variant": "northing_easting_direct"
      }
    },
    {
      "type": "Feature",
      "geometry": {
        "type": "Point",
        "coordinates": [
          9.591774557949975,
          -5.937400037655607,
          0.0817093202
        ]
      },
      "properties": {
        "id": "0_38",
        "camera": "R0 - Reddish (Point)",
        "frame": "0189",
        "image": "pano_camera0/frame_0189_hp_preview.jpg",
        "frameId": "0189",
        "height": 0.76664,
        "coords2D": "2D: (397932.504, 808220.222)",
        "coords3D_original": "3D_Original: (-793548.981, 426441.300, 0.000)",
        "coords3D": "3D: (9.592, -5.937, 0.082)",
        "coordsMtEden": "MtEden: (397932.504, 808220.222, 0.767)",
        "easting": 397932.5042745579,
        "northing": 808220.2215999623,
        "longitude": 174.7409959432381,
        "latitude": -36.8056396208314,
        "group": "R0 - Reddish (229 points)",
        "canvasX": 601.0866274706046,
        "canvasY": 533.9459147945504,
        "variant": "northing_easting_direct"
      }
    },
    {
      "type": "Feature",
      "geometry": {
        "type": "Point",
        "coordinates": [
          9.668857857002877,
          -5.915059432503767,
          0.1010826804
        ]
      },
      "properties": {
        "id": "0_39",
        "camera": "R0 - Reddish (Point)",
        "frame": "0190",
        "image": "pano_camera0/frame_0190_hp_preview.jpg",
        "frameId": "0190",
        "height": 0.747513,
        "coords2D": "2D: (397932.581, 808220.244)",
        "coords3D_original": "3D_Original: (-793548.981, 426441.300, 0.000)",
        "coords3D": "3D: (9.669, -5.915, 0.101)",
        "coordsMtEden": "MtEden: (397932.581, 808220.244, 0.748)",
        "easting": 397932.581357857,
        "northing": 808220.2439405675,
        "longitude": 174.74099680718234,
        "latitude": -36.80563941966572,
        "group": "R0 - Reddish (229 points)",
        "canvasX": 602.3494141327203,
        "canvasY": 533.5799286664216,
        "variant": "northing_easting_direct"
      }
    },
    {
      "type": "Feature",
      "geometry": {
        "type": "Point",
        "coordinates": [
          10.269173304142896,
          -5.959746915847063,
          0.10964239195999999
        ]
      },
      "properties": {
        "id": "0_40",
        "camera": "R0 - Reddish (Point)",
        "frame": "0191",
        "image": "pano_camera0/frame_0191_hp_preview.jpg",
        "frameId": "0191",
        "height": 0.532855,
        "coords2D": "2D: (397933.182, 808220.199)",
        "coords3D_original": "3D_Original: (-793548.981, 426441.300, 0.000)",
        "coords3D": "3D: (10.269, -5.960, 0.110)",
        "coordsMtEden": "MtEden: (397933.182, 808220.199, 0.533)",
        "easting": 397933.1816733041,
        "northing": 808220.1992530841,
        "longitude": 174.74100353488254,
        "latitude": -36.805639823700716,
        "group": "R0 - Reddish (229 points)",
        "canvasX": 612.1838445362165,
        "canvasY": 534.3120036890729,
        "variant": "northing_easting_direct"
      }
    },
    {
      "type": "Feature",
      "geometry": {
        "type": "Point",
        "coordinates": [
          10.862851013895124,
          -6.4910221580648795,
          0.11016404551999999
        ]
      },
      "properties": {
        "id": "0_41",
        "camera": "R0 - Reddish (Point)",
        "frame": "0192",
        "image": "pano_camera0/frame_0192_hp_preview.jpg",
        "frameId": "0192",
        "height": 0.172904,
        "coords2D": "2D: (397933.775, 808219.668)",
        "coords3D_original": "3D_Original: (-793548.981, 426441.300, 0.000)",
        "coords3D": "3D: (10.863, -6.491, 0.110)",
        "coordsMtEden": "MtEden: (397933.775, 808219.668, 0.173)",
        "easting": 397933.7753510139,
        "northing": 808219.6679778419,
        "longitude": 174.7410101868723,
        "latitude": -36.80564461285943,
        "group": "R0 - Reddish (229 points)",
        "canvasX": 621.9095348313276,
        "canvasY": 543.0154102384408,
        "variant": "northing_easting_direct"
      }
    },
    {
      "type": "Feature",
      "geometry": {
        "type": "Point",
        "coordinates": [
          11.079775999765843,
          -7.07942111894954,
          0.0729002648
        ]
      },
      "properties": {
        "id": "0_42",
        "camera": "R0 - Reddish (Point)",
        "frame": "0193",
        "image": "pano_camera0/frame_0193_hp_preview.jpg",
        "frameId": "0193",
        "height": -0.078137,
        "coords2D": "2D: (397933.992, 808219.080)",
        "coords3D_original": "3D_Original: (-793548.981, 426441.300, 0.000)",
        "coords3D": "3D: (11.080, -7.079, 0.073)",
        "coordsMtEden": "MtEden: (397933.992, 808219.080, -0.078)",
        "easting": 397933.99227599974,
        "northing": 808219.079578881,
        "longitude": 174.7410126163854,
        "latitude": -36.805649915995915,
        "group": "R0 - Reddish (229 points)",
        "canvasX": 625.4632226246637,
        "canvasY": 552.6546235189682,
        "variant": "northing_easting_direct"
      }
    },
    {
      "type": "Feature",
      "geometry": {
        "type": "Point",
        "coordinates": [
          11.21719726320589,
          -7.8605957590043545,
          0.02161089308
        ]
      },
      "properties": {
        "id": "0_43",
        "camera": "R0 - Reddish (Point)",
        "frame": "0194",
        "image": "pano_camera0/frame_0194_hp_preview.jpg",
        "frameId": "0194",
        "height": -0.360998,
        "coords2D": "2D: (397934.130, 808218.298)",
        "coords3D_original": "3D_Original: (-793548.981, 426441.300, 0.000)",
        "coords3D": "3D: (11.217, -7.861, 0.022)",
        "coordsMtEden": "MtEden: (397934.130, 808218.298, -0.361)",
        "easting": 397934.1296972632,
        "northing": 808218.298404241,
        "longitude": 174.74101415436604,
        "latitude": -36.80565695625714,
        "group": "R0 - Reddish (229 points)",
        "canvasX": 627.7144721260527,
        "canvasY": 565.4519081247936,
        "variant": "northing_easting_direct"
      }
    },
    {
      "type": "Feature",
      "geometry": {
        "type": "Point",
        "coordinates": [
          11.361115375359077,
          -8.403917688992806,
          0.02547244176
        ]
      },
      "properties": {
        "id": "0_44",
        "camera": "R0 - Reddish (Point)",
        "frame": "0195",
        "image": "pano_camera0/frame_0195_hp_preview.jpg",
        "frameId": "0195",
        "height": -0.573882,
        "coords2D": "2D: (397934.274, 808217.755)",
        "coords3D_original": "3D_Original: (-793548.981, 426441.300, 0.000)",
        "coords3D": "3D: (11.361, -8.404, 0.025)",
        "coordsMtEden": "MtEden: (397934.274, 808217.755, -0.574)",
        "easting": 397934.27361537534,
        "northing": 808217.755082311,
        "longitude": 174.74101576580335,
        "latitude": -36.80566185299916,
        "group": "R0 - Reddish (229 points)",
        "canvasX": 630.0721536820838,
        "canvasY": 574.3526647713012,
        "variant": "northing_easting_direct"
      }
    },
    {
      "type": "Feature",
      "geometry": {
        "type": "Point",
        "coordinates": [
          11.738119801040739,
          -8.661062259110622,
          -0.01843175912
        ]
      },
      "properties": {
        "id": "0_45",
        "camera": "R0 - Reddish (Point)",
        "frame": "0196",
        "image": "pano_camera0/frame_0196_hp_preview.jpg",
        "frameId": "0196",
        "height": -0.778141,
        "coords2D": "2D: (397934.651, 808217.498)",
        "coords3D_original": "3D_Original: (-793548.981, 426441.300, 0.000)",
        "coords3D": "3D: (11.738, -8.661, -0.018)",
        "coordsMtEden": "MtEden: (397934.651, 808217.498, -0.778)",
        "easting": 397934.650619801,
        "northing": 808217.4979377409,
        "longitude": 174.74101999024987,
        "latitude": -36.80566417121352,
        "group": "R0 - Reddish (229 points)",
        "canvasX": 636.2482795903798,
        "canvasY": 578.5652339974239,
        "variant": "northing_easting_direct"
      }
    },
    {
      "type": "Feature",
      "geometry": {
        "type": "Point",
        "coordinates": [
          12.644988955988083,
          -8.88615686853882,
          -0.01097769064
        ]
      },
      "properties": {
        "id": "0_46",
        "camera": "R0 - Reddish (Point)",
        "frame": "0197",
        "image": "pano_camera0/frame_0197_hp_preview.jpg",
        "frameId": "0197",
        "height": -1.150226,
        "coords2D": "2D: (397935.557, 808217.273)",
        "coords3D_original": "3D_Original: (-793548.981, 426441.300, 0.000)",
        "coords3D": "3D: (12.645, -8.886, -0.011)",
        "coordsMtEden": "MtEden: (397935.557, 808217.273, -1.150)",
        "easting": 397935.55748895596,
        "northing": 808217.2728431314,
        "longitude": 174.74103015305576,
        "latitude": -36.80566620174821,
        "group": "R0 - Reddish (229 points)",
        "canvasX": 651.1047048772577,
        "canvasY": 582.2527574177448,
        "variant": "northing_easting_direct"
      }
    },
    {
      "type": "Feature",
      "geometry": {
        "type": "Point",
        "coordinates": [
          13.99398708814988,
          -8.980514567461796,
          0.049809712879999996
        ]
      },
      "properties": {
        "id": "0_47",
        "camera": "R0 - Reddish (Point)",
        "frame": "0198",
        "image": "pano_camera0/frame_0198_hp_preview.jpg",
        "frameId": "0198",
        "height": -1.630985,
        "coords2D": "2D: (397936.906, 808217.178)",
        "coords3D_original": "3D_Original: (-793548.981, 426441.300, 0.000)",
        "coords3D": "3D: (13.994, -8.981, 0.050)",
        "coordsMtEden": "MtEden: (397936.906, 808217.178, -1.631)",
        "easting": 397936.9064870881,
        "northing": 808217.1784854325,
        "longitude": 174.74104527122128,
        "latitude": -36.80566705504181,
        "group": "R0 - Reddish (229 points)",
        "canvasX": 673.2041332822216,
        "canvasY": 583.7985351035311,
        "variant": "northing_easting_direct"
      }
    },
    {
      "type": "Feature",
      "geometry": {
        "type": "Point",
        "coordinates": [
          14.388706363679375,
          -9.008369705406949,
          0.07046260068
        ]
      },
      "properties": {
        "id": "0_48",
        "camera": "R0 - Reddish (Point)",
        "frame": "0199",
        "image": "pano_camera0/frame_0199_hp_preview.jpg",
        "frameId": "0199",
        "height": -1.771715,
        "coords2D": "2D: (397937.301, 808217.151)",
        "coords3D_original": "3D_Original: (-793548.981, 426441.300, 0.000)",
        "coords3D": "3D: (14.389, -9.008, 0.070)",
        "coordsMtEden": "MtEden: (397937.301, 808217.151, -1.772)",
        "easting": 397937.30120636366,
        "northing": 808217.1506302946,
        "longitude": 174.74104969482303,
        "latitude": -36.805667306932804,
        "group": "R0 - Reddish (229 points)",
        "canvasX": 679.6704657126681,
        "canvasY": 584.2548608851334,
        "variant": "northing_easting_direct"
      }
    },
    {
      "type": "Feature",
      "geometry": {
        "type": "Point",
        "coordinates": [
          16.24506442353595,
          -8.829512482392602,
          0.1958333396
        ]
      },
      "properties": {
        "id": "0_49",
        "camera": "R0 - Reddish (Point)",
        "frame": "0200",
        "image": "pano_camera0/frame_0200_hp_preview.jpg",
        "frameId": "0200",
        "height": -2.339663,
        "coords2D": "2D: (397939.158, 808217.329)",
        "coords3D_original": "3D_Original: (-793548.981, 426441.300, 0.000)",
        "coords3D": "3D: (16.245, -8.830, 0.196)",
        "coordsMtEden": "MtEden: (397939.158, 808217.329, -2.340)",
        "easting": 397939.1575644235,
        "northing": 808217.3294875176,
        "longitude": 174.74107049978616,
        "latitude": -36.80566569910997,
        "group": "R0 - Reddish (229 points)",
        "canvasX": 710.0815174851074,
        "canvasY": 581.3248031631733,
        "variant": "northing_easting_direct"
      }
    },
    {
      "type": "Feature",
      "geometry": {
        "type": "Point",
        "coordinates": [
          16.38724903354887,
          -8.983752601314336,
          0.34123032588
        ]
      },
      "properties": {
        "id": "0_50",
        "camera": "R0 - Reddish (Point)",
        "frame": "0201",
        "image": "pano_camera0/frame_0201_hp_preview.jpg",
        "frameId": "0201",
        "height": -2.434131,
        "coords2D": "2D: (397939.300, 808217.175)",
        "coords3D_original": "3D_Original: (-793548.981, 426441.300, 0.000)",
        "coords3D": "3D: (16.387, -8.984, 0.341)",
        "coordsMtEden": "MtEden: (397939.300, 808217.175, -2.434)",
        "easting": 397939.2997490335,
        "northing": 808217.1752473987,
        "longitude": 174.74107209285262,
        "latitude": -36.805667089434436,
        "group": "R0 - Reddish (229 points)",
        "canvasX": 712.410800628249,
        "canvasY": 583.8515809134071,
        "variant": "northing_easting_direct"
      }
    },
    {
      "type": "Feature",
      "geometry": {
        "type": "Point",
        "coordinates": [
          14.410382096946705,
          -7.088817041600123,
          0.11972769411999999
        ]
      },
      "properties": {
        "id": "0_51",
        "camera": "R0 - Reddish (Point)",
        "frame": "0226",
        "image": "pano_camera0/frame_0226_hp_preview.jpg",
        "frameId": "0226",
        "height": -1.1973,
        "coords2D": "2D: (397937.323, 808219.070)",
        "coords3D_original": "3D_Original: (-793548.981, 426441.300, 0.000)",
        "coords3D": "3D: (14.410, -7.089, 0.120)",
        "coordsMtEden": "MtEden: (397937.323, 808219.070, -1.197)",
        "easting": 397937.3228820969,
        "northing": 808219.0701829584,
        "longitude": 174.74104994294615,
        "latitude": -36.805650007933224,
        "group": "R0 - Reddish (229 points)",
        "canvasX": 680.0255598405339,
        "canvasY": 552.8085485060905,
        "variant": "northing_easting_direct"
      }
    },
    {
      "type": "Feature",
      "geometry": {
        "type": "Point",
        "coordinates": [
          13.221039727621246,
          -4.205404013511725,
          0.18521326052
        ]
      },
      "properties": {
        "id": "0_52",
        "camera": "R0 - Reddish (Point)",
        "frame": "0240",
        "image": "pano_camera0/frame_0240_hp_preview.jpg",
        "frameId": "0240",
        "height": 0.075151,
        "coords2D": "2D: (397936.134, 808221.954)",
        "coords3D_original": "3D_Original: (-793548.981, 426441.300, 0.000)",
        "coords3D": "3D: (13.221, -4.205, 0.185)",
        "coordsMtEden": "MtEden: (397936.134, 808221.954, 0.075)",
        "easting": 397936.1335397276,
        "northing": 808221.9535959865,
        "longitude": 174.74103662162898,
        "latitude": -36.80562401996602,
        "group": "R0 - Reddish (229 points)",
        "canvasX": 660.5416288294133,
        "canvasY": 505.5721748904762,
        "variant": "northing_easting_direct"
      }
    },
    {
      "type": "Feature",
      "geometry": {
        "type": "Point",
        "coordinates": [
          13.091409181419294,
          -4.131643780041486,
          0.16110892904
        ]
      },
      "properties": {
        "id": "0_53",
        "camera": "R0 - Reddish (Point)",
        "frame": "0241",
        "image": "pano_camera0/frame_0241_hp_preview.jpg",
        "frameId": "0241",
        "height": 0.14097,
        "coords2D": "2D: (397936.004, 808222.027)",
        "coords3D_original": "3D_Original: (-793548.981, 426441.300, 0.000)",
        "coords3D": "3D: (13.091, -4.132, 0.161)",
        "coordsMtEden": "MtEden: (397936.004, 808222.027, 0.141)",
        "easting": 397936.0039091814,
        "northing": 808222.02735622,
        "longitude": 174.74103516904106,
        "latitude": -36.80562335495476,
        "group": "R0 - Reddish (229 points)",
        "canvasX": 658.4180076719564,
        "canvasY": 504.3638270350963,
        "variant": "northing_easting_direct"
      }
    },
    {
      "type": "Feature",
      "geometry": {
        "type": "Point",
        "coordinates": [
          12.789574385387823,
          -3.55021325009875,
          0.15410433564
        ]
      },
      "properties": {
        "id": "0_54",
        "camera": "R0 - Reddish (Point)",
        "frame": "0242",
        "image": "pano_camera0/frame_0242_hp_preview.jpg",
        "frameId": "0242",
        "height": 0.418321,
        "coords2D": "2D: (397935.702, 808222.609)",
        "coords3D_original": "3D_Original: (-793548.981, 426441.300, 0.000)",
        "coords3D": "3D: (12.790, -3.550, 0.154)",
        "coordsMtEden": "MtEden: (397935.702, 808222.609, 0.418)",
        "easting": 397935.70207438536,
        "northing": 808222.6087867499,
        "longitude": 174.7410317879121,
        "latitude": -36.80561811443326,
        "group": "R0 - Reddish (229 points)",
        "canvasX": 653.4733184946165,
        "canvasY": 494.83877131980006,
        "variant": "northing_easting_direct"
      }
    },
    {
      "type": "Feature",
      "geometry": {
        "type": "Point",
        "coordinates": [
          12.348032210720703,
          -3.502931823837571,
          0.14233596256
        ]
      },
      "properties": {
        "id": "0_55",
        "camera": "R0 - Reddish (Point)",
        "frame": "0243",
        "image": "pano_camera0/frame_0243_hp_preview.jpg",
        "frameId": "0243",
        "height": 0.580653,
        "coords2D": "2D: (397935.261, 808222.656)",
        "coords3D_original": "3D_Original: (-793548.981, 426441.300, 0.000)",
        "coords3D": "3D: (12.348, -3.503, 0.142)",
        "coordsMtEden": "MtEden: (397935.261, 808222.656, 0.581)",
        "easting": 397935.2605322107,
        "northing": 808222.6560681761,
        "longitude": 174.74102683961513,
        "latitude": -36.80561768736941,
        "group": "R0 - Reddish (229 points)",
        "canvasX": 646.2399284366713,
        "canvasY": 494.0642020526458,
        "variant": "northing_easting_direct"
      }
    },
    {
      "type": "Feature",
      "geometry": {
        "type": "Point",
        "coordinates": [
          12.056226214685012,
          -3.875456606503576,
          0.12214239235999999
        ]
      },
      "properties": {
        "id": "0_56",
        "camera": "R0 - Reddish (Point)",
        "frame": "0244",
        "image": "pano_camera0/frame_0244_hp_preview.jpg",
        "frameId": "0244",
        "height": 0.565551,
        "coords2D": "2D: (397934.969, 808222.284)",
        "coords3D_original": "3D_Original: (-793548.981, 426441.300, 0.000)",
        "coords3D": "3D: (12.056, -3.875, 0.122)",
        "coordsMtEden": "MtEden: (397934.969, 808222.284, 0.566)",
        "easting": 397934.96872621466,
        "northing": 808222.2835433935,
        "longitude": 174.74102356829403,
        "latitude": -36.80562104393385,
        "group": "R0 - Reddish (229 points)",
        "canvasX": 641.4595321084709,
        "canvasY": 500.16694198036083,
        "variant": "northing_easting_direct"
      }
    },
    {
      "type": "Feature",
      "geometry": {
        "type": "Point",
        "coordinates": [
          11.87340997433057,
          -4.0186639276798815,
          0.10532152568
        ]
      },
      "properties": {
        "id": "0_57",
        "camera": "R0 - Reddish (Point)",
        "frame": "0245",
        "image": "pano_camera0/frame_0245_hp_preview.jpg",
        "frameId": "0245",
        "height": 0.583356,
        "coords2D": "2D: (397934.786, 808222.140)",
        "coords3D_original": "3D_Original: (-793548.981, 426441.300, 0.000)",
        "coords3D": "3D: (11.873, -4.019, 0.105)",
        "coordsMtEden": "MtEden: (397934.786, 808222.140, 0.583)",
        "easting": 397934.7859099743,
        "northing": 808222.1403360723,
        "longitude": 174.74102151905822,
        "latitude": -36.80562233412237,
        "group": "R0 - Reddish (229 points)",
        "canvasX": 638.4646173504152,
        "canvasY": 502.512979284408,
        "variant": "northing_easting_direct"
      }
    },
    {
      "type": "Feature",
      "geometry": {
        "type": "Point",
        "coordinates": [
          11.367543530766852,
          -4.371048153378069,
          0.00877952784
        ]
      },
      "properties": {
        "id": "0_58",
        "camera": "R0 - Reddish (Point)",
        "frame": "0246",
        "image": "pano_camera0/frame_0246_hp_preview.jpg",
        "frameId": "0246",
        "height": 0.646184,
        "coords2D": "2D: (397934.280, 808221.788)",
        "coords3D_original": "3D_Original: (-793548.981, 426441.300, 0.000)",
        "coords3D": "3D: (11.368, -4.371, 0.009)",
        "coordsMtEden": "MtEden: (397934.280, 808221.788, 0.646)",
        "easting": 397934.28004353074,
        "northing": 808221.7879518466,
        "longitude": 174.74101584878557,
        "latitude": -36.8056255087126,
        "group": "R0 - Reddish (229 points)",
        "canvasX": 630.1774603959587,
        "canvasY": 508.28577450442083,
        "variant": "northing_easting_direct"
      }
    },
    {
      "type": "Feature",
      "geometry": {
        "type": "Point",
        "coordinates": [
          11.300639116205275,
          -4.690561938332394,
          0.02338910836
        ]
      },
      "properties": {
        "id": "0_59",
        "camera": "R0 - Reddish (Point)",
        "frame": "0247",
        "image": "pano_camera0/frame_0247_hp_preview.jpg",
        "frameId": "0247",
        "height": 0.57179,
        "coords2D": "2D: (397934.213, 808221.468)",
        "coords3D_original": "3D_Original: (-793548.981, 426441.300, 0.000)",
        "coords3D": "3D: (11.301, -4.691, 0.023)",
        "coordsMtEden": "MtEden: (397934.213, 808221.468, 0.572)",
        "easting": 397934.2131391162,
        "northing": 808221.4684380617,
        "longitude": 174.74101509811146,
        "latitude": -36.80562838803125,
        "group": "R0 - Reddish (229 points)",
        "canvasX": 629.0814252838828,
        "canvasY": 513.5200827254847,
        "variant": "northing_easting_direct"
      }
    },
    {
      "type": "Feature",
      "geometry": {
        "type": "Point",
        "coordinates": [
          10.712858344544657,
          -5.101210549590178,
          0.008494094760000001
        ]
      },
      "properties": {
        "id": "0_60",
        "camera": "R0 - Reddish (Point)",
        "frame": "0248",
        "image": "pano_camera0/frame_0248_hp_preview.jpg",
        "frameId": "0248",
        "height": 0.644318,
        "coords2D": "2D: (397933.625, 808221.058)",
        "coords3D_original": "3D_Original: (-793548.981, 426441.300, 0.000)",
        "coords3D": "3D: (10.713, -5.101, 0.008)",
        "coordsMtEden": "MtEden: (397933.625, 808221.058, 0.644)",
        "easting": 397933.6253583445,
        "northing": 808221.0577894504,
        "longitude": 174.74100850965442,
        "latitude": -36.80563208752223,
        "group": "R0 - Reddish (229 points)",
        "canvasX": 619.4523392446785,
        "canvasY": 520.2473711992756,
        "variant": "northing_easting_direct"
      }
    },
    {
      "type": "Feature",
      "geometry": {
        "type": "Point",
        "coordinates": [
          10.627375776646659,
          -5.129782196832821,
          0.00034120735999999997
        ]
      },
      "properties": {
        "id": "0_61",
        "camera": "R0 - Reddish (Point)",
        "frame": "0249",
        "image": "pano_camera0/frame_0249_hp_preview.jpg",
        "frameId": "0249",
        "height": 0.664243,
        "coords2D": "2D: (397933.540, 808221.029)",
        "coords3D_original": "3D_Original: (-793548.981, 426441.300, 0.000)",
        "coords3D": "3D: (10.627, -5.130, 0.000)",
        "coordsMtEden": "MtEden: (397933.540, 808221.029, 0.664)",
        "easting": 397933.5398757766,
        "northing": 808221.0292178032,
        "longitude": 174.74100755156158,
        "latitude": -36.805632344823934,
        "group": "R0 - Reddish (229 points)",
        "canvasX": 618.0519548821406,
        "canvasY": 520.7154349098529,
        "variant": "northing_easting_direct"
      }
    },
    {
      "type": "Feature",
      "geometry": {
        "type": "Point",
        "coordinates": [
          8.93037816643482,
          -5.466164382407442,
          -0.0076115488
        ]
      },
      "properties": {
        "id": "0_62",
        "camera": "R0 - Reddish (Point)",
        "frame": "0250",
        "image": "pano_camera0/frame_0250_hp_preview.jpg",
        "frameId": "0250",
        "height": 1.131125,
        "coords2D": "2D: (397931.843, 808220.693)",
        "coords3D_original": "3D_Original: (-793548.981, 426441.300, 0.000)",
        "coords3D": "3D: (8.930, -5.466, -0.008)",
        "coordsMtEden": "MtEden: (397931.843, 808220.693, 1.131)",
        "easting": 397931.8428781664,
        "northing": 808220.6928356176,
        "longitude": 174.74098853215364,
        "latitude": -36.805635372601934,
        "group": "R0 - Reddish (229 points)",
        "canvasX": 590.2515626525981,
        "canvasY": 526.2260830353995,
        "variant": "northing_easting_direct"
      }
    },
    {
      "type": "Feature",
      "geometry": {
        "type": "Point",
        "coordinates": [
          8.89940225391183,
          -5.468967391294427,
          -0.01267060408
        ]
      },
      "properties": {
        "id": "0_63",
        "camera": "R0 - Reddish (Point)",
        "frame": "0251",
        "image": "pano_camera0/frame_0251_hp_preview.jpg",
        "frameId": "0251",
        "height": 1.140655,
        "coords2D": "2D: (397931.812, 808220.690)",
        "coords3D_original": "3D_Original: (-793548.981, 426441.300, 0.000)",
        "coords3D": "3D: (8.899, -5.469, -0.013)",
        "coordsMtEden": "MtEden: (397931.812, 808220.690, 1.141)",
        "easting": 397931.8119022539,
        "northing": 808220.6900326087,
        "longitude": 174.7409881849945,
        "latitude": -36.805635397795044,
        "group": "R0 - Reddish (229 points)",
        "canvasX": 589.7441120160842,
        "canvasY": 526.2720022198617,
        "variant": "northing_easting_direct"
      }
    },
    {
      "type": "Feature",
      "geometry": {
        "type": "Point",
        "coordinates": [
          7.756574542610906,
          -5.341003728681244,
          0.0187664048
        ]
      },
      "properties": {
        "id": "0_64",
        "camera": "R0 - Reddish (Point)",
        "frame": "0252",
        "image": "pano_camera0/frame_0252_hp_preview.jpg",
        "frameId": "0252",
        "height": 1.562371,
        "coords2D": "2D: (397930.669, 808220.818)",
        "coords3D_original": "3D_Original: (-793548.981, 426441.300, 0.000)",
        "coords3D": "3D: (7.757, -5.341, 0.019)",
        "coordsMtEden": "MtEden: (397930.669, 808220.818, 1.562)",
        "easting": 397930.6690745426,
        "northing": 808220.8179962713,
        "longitude": 174.7409753775086,
        "latitude": -36.805634242087166,
        "group": "R0 - Reddish (229 points)",
        "canvasX": 571.0221889951188,
        "canvasY": 524.1756881219635,
        "variant": "northing_easting_direct"
      }
    },
    {
      "type": "Feature",
      "geometry": {
        "type": "Point",
        "coordinates": [
          6.650934517674614,
          -4.785282240714878,
          0.08446194496
        ]
      },
      "properties": {
        "id": "0_65",
        "camera": "R0 - Reddish (Point)",
        "frame": "0253",
        "image": "pano_camera0/frame_0253_hp_preview.jpg",
        "frameId": "0253",
        "height": 2.101405,
        "coords2D": "2D: (397929.563, 808221.374)",
        "coords3D_original": "3D_Original: (-793548.981, 426441.300, 0.000)",
        "coords3D": "3D: (6.651, -4.785, 0.084)",
        "coordsMtEden": "MtEden: (397929.563, 808221.374, 2.101)",
        "easting": 397929.56343451765,
        "northing": 808221.3737177593,
        "longitude": 174.7409629879539,
        "latitude": -36.805629231497164,
        "group": "R0 - Reddish (229 points)",
        "canvasX": 552.9094785398547,
        "canvasY": 515.0718006202549,
        "variant": "northing_easting_direct"
      }
    },
    {
      "type": "Feature",
      "geometry": {
        "type": "Point",
        "coordinates": [
          6.520606850623153,
          -3.85646395443473,
          0.14254593632
        ]
      },
      "properties": {
        "id": "0_66",
        "camera": "R0 - Reddish (Point)",
        "frame": "0254",
        "image": "pano_camera0/frame_0254_hp_preview.jpg",
        "frameId": "0254",
        "height": 2.426614,
        "coords2D": "2D: (397929.433, 808222.303)",
        "coords3D_original": "3D_Original: (-793548.981, 426441.300, 0.000)",
        "coords3D": "3D: (6.521, -3.856, 0.143)",
        "coordsMtEden": "MtEden: (397929.433, 808222.303, 2.427)",
        "easting": 397929.4331068506,
        "northing": 808222.3025360456,
        "longitude": 174.74096152987894,
        "latitude": -36.80562086068327,
        "group": "R0 - Reddish (229 points)",
        "canvasX": 550.7744370748158,
        "canvasY": 499.85580237030206,
        "variant": "northing_easting_direct"
      }
    },
    {
      "type": "Feature",
      "geometry": {
        "type": "Point",
        "coordinates": [
          6.574952479684725,
          -3.778012089198455,
          0.13408464996
        ]
      },
      "properties": {
        "id": "0_67",
        "camera": "R0 - Reddish (Point)",
        "frame": "0255",
        "image": "pano_camera0/frame_0255_hp_preview.jpg",
        "frameId": "0255",
        "height": 2.432105,
        "coords2D": "2D: (397929.487, 808222.381)",
        "coords3D_original": "3D_Original: (-793548.981, 426441.300, 0.000)",
        "coords3D": "3D: (6.575, -3.778, 0.134)",
        "coordsMtEden": "MtEden: (397929.487, 808222.381, 2.432)",
        "easting": 397929.48745247966,
        "northing": 808222.3809879108,
        "longitude": 174.74096213915138,
        "latitude": -36.80562015379233,
        "group": "R0 - Reddish (229 points)",
        "canvasX": 551.6647328512942,
        "canvasY": 498.57059571361816,
        "variant": "northing_easting_direct"
      }
    },
    {
      "type": "Feature",
      "geometry": {
        "type": "Point",
        "coordinates": [
          7.79981458815746,
          -3.5985624727327377,
          0.26941929995999997
        ]
      },
      "properties": {
        "id": "0_68",
        "camera": "R0 - Reddish (Point)",
        "frame": "0256",
        "image": "pano_camera0/frame_0256_hp_preview.jpg",
        "frameId": "0256",
        "height": 2.075986,
        "coords2D": "2D: (397930.712, 808222.560)",
        "coords3D_original": "3D_Original: (-793548.981, 426441.300, 0.000)",
        "coords3D": "3D: (7.800, -3.599, 0.269)",
        "coordsMtEden": "MtEden: (397930.712, 808222.560, 2.076)",
        "easting": 397930.71231458813,
        "northing": 808222.5604375273,
        "longitude": 174.74097586684127,
        "latitude": -36.80561853926632,
        "group": "R0 - Reddish (229 points)",
        "canvasX": 571.7305519410086,
        "canvasY": 495.63083333906275,
        "variant": "northing_easting_direct"
      }
    },
    {
      "type": "Feature",
      "geometry": {
        "type": "Point",
        "coordinates": [
          8.278272242285311,
          -3.6456463296199217,
          0.6843504156
        ]
      },
      "properties": {
        "id": "0_69",
        "camera": "R0 - Reddish (Point)",
        "frame": "0257",
        "image": "pano_camera0/frame_0257_hp_preview.jpg",
        "frameId": "0257",
        "height": 1.901349,
        "coords2D": "2D: (397931.191, 808222.513)",
        "coords3D_original": "3D_Original: (-793548.981, 426441.300, 0.000)",
        "coords3D": "3D: (8.278, -3.646, 0.684)",
        "coordsMtEden": "MtEden: (397931.191, 808222.513, 1.901)",
        "easting": 397931.19077224226,
        "northing": 808222.5133536704,
        "longitude": 174.74098122885556,
        "latitude": -36.805618964632444,
        "group": "R0 - Reddish (229 points)",
        "canvasX": 579.5686952415314,
        "canvasY": 496.4021660043056,
        "variant": "northing_easting_direct"
      }
    },
    {
      "type": "Feature",
      "geometry": {
        "type": "Point",
        "coordinates": [
          8.460972887754906,
          -3.665082623134367,
          0.9514271958
        ]
      },
      "properties": {
        "id": "0_70",
        "camera": "R0 - Reddish (Point)",
        "frame": "0258",
        "image": "pano_camera0/frame_0258_hp_preview.jpg",
        "frameId": "0258",
        "height": 1.834203,
        "coords2D": "2D: (397931.373, 808222.494)",
        "coords3D_original": "3D_Original: (-793548.981, 426441.300, 0.000)",
        "coords3D": "3D: (8.461, -3.665, 0.951)",
        "coordsMtEden": "MtEden: (397931.373, 808222.494, 1.834)",
        "easting": 397931.37347288773,
        "northing": 808222.4939173769,
        "longitude": 174.74098327635457,
        "latitude": -36.805619140191865,
        "group": "R0 - Reddish (229 points)",
        "canvasX": 582.5617163128302,
        "canvasY": 496.72057339549053,
        "variant": "northing_easting_direct"
      }
    },
    {
      "type": "Feature",
      "geometry": {
        "type": "Point",
        "coordinates": [
          8.779531516716816,
          -3.7212478885194287,
          1.1925394082399998
        ]
      },
      "properties": {
        "id": "0_71",
        "camera": "R0 - Reddish (Point)",
        "frame": "0259",
        "image": "pano_camera0/frame_0259_hp_preview.jpg",
        "frameId": "0259",
        "height": 1.710433,
        "coords2D": "2D: (397931.692, 808222.438)",
        "coords3D_original": "3D_Original: (-793548.981, 426441.300, 0.000)",
        "coords3D": "3D: (8.780, -3.721, 1.193)",
        "coordsMtEden": "MtEden: (397931.692, 808222.438, 1.710)",
        "easting": 397931.6920315167,
        "northing": 808222.4377521115,
        "longitude": 174.7409868463334,
        "latitude": -36.80561964705022,
        "group": "R0 - Reddish (229 points)",
        "canvasX": 587.7803770693315,
        "canvasY": 497.6406786441186,
        "variant": "northing_easting_direct"
      }
    },
    {
      "type": "Feature",
      "geometry": {
        "type": "Point",
        "coordinates": [
          9.495704844477586,
          -3.833957647322677,
          2.00798234772
        ]
      },
      "properties": {
        "id": "0_72",
        "camera": "R0 - Reddish (Point)",
        "frame": "0260",
        "image": "pano_camera0/frame_0260_hp_preview.jpg",
        "frameId": "0260",
        "height": 1.43628,
        "coords2D": "2D: (397932.408, 808222.325)",
        "coords3D_original": "3D_Original: (-793548.981, 426441.300, 0.000)",
        "coords3D": "3D: (9.496, -3.834, 2.008)",
        "coordsMtEden": "MtEden: (397932.408, 808222.325, 1.436)",
        "easting": 397932.40820484445,
        "northing": 808222.3250423527,
        "longitude": 174.74099487228267,
        "latitude": -36.80562066435688,
        "group": "R0 - Reddish (229 points)",
        "canvasX": 599.5128033828003,
        "canvasY": 499.4871016939713,
        "variant": "northing_easting_direct"
      }
    },
    {
      "type": "Feature",
      "geometry": {
        "type": "Point",
        "coordinates": [
          9.509849715686869,
          -3.838847095845267,
          2.0168307732
        ]
      },
      "properties": {
        "id": "0_73",
        "camera": "R0 - Reddish (Point)",
        "frame": "0261",
        "image": "pano_camera0/frame_0261_hp_preview.jpg",
        "frameId": "0261",
        "height": 1.429992,
        "coords2D": "2D: (397932.422, 808222.320)",
        "coords3D_original": "3D_Original: (-793548.981, 426441.300, 0.000)",
        "coords3D": "3D: (9.510, -3.839, 2.017)",
        "coordsMtEden": "MtEden: (397932.422, 808222.320, 1.430)",
        "easting": 397932.42234971566,
        "northing": 808222.3201529041,
        "longitude": 174.74099503079296,
        "latitude": -36.80562070845157,
        "group": "R0 - Reddish (229 points)",
        "canvasX": 599.7445261420776,
        "canvasY": 499.567201149855,
        "variant": "northing_easting_direct"
      }
    },
    {
      "type": "Feature",
      "geometry": {
        "type": "Point",
        "coordinates": [
          10.256689644011203,
          -3.8848759854445234,
          2.86308736196
        ]
      },
      "properties": {
        "id": "0_74",
        "camera": "R0 - Reddish (Point)",
        "frame": "0262",
        "image": "pano_camera0/frame_0262_hp_preview.jpg",
        "frameId": "0262",
        "height": 1.165787,
        "coords2D": "2D: (397933.169, 808222.274)",
        "coords3D_original": "3D_Original: (-793548.981, 426441.300, 0.000)",
        "coords3D": "3D: (10.257, -3.885, 2.863)",
        "coordsMtEden": "MtEden: (397933.169, 808222.274, 1.166)",
        "easting": 397933.169189644,
        "northing": 808222.2741240145,
        "longitude": 174.74100340060835,
        "latitude": -36.80562112489528,
        "group": "R0 - Reddish (229 points)",
        "canvasX": 611.9793359107632,
        "canvasY": 500.32125123046853,
        "variant": "northing_easting_direct"
      }
    },
    {
      "type": "Feature",
      "geometry": {
        "type": "Point",
        "coordinates": [
          10.28329809079878,
          -3.877728878520429,
          2.8938977304
        ]
      },
      "properties": {
        "id": "0_75",
        "camera": "R0 - Reddish (Point)",
        "frame": "0263",
        "image": "pano_camera0/frame_0263_hp_preview.jpg",
        "frameId": "0263",
        "height": 1.159079,
        "coords2D": "2D: (397933.196, 808222.281)",
        "coords3D_original": "3D_Original: (-793548.981, 426441.300, 0.000)",
        "coords3D": "3D: (10.283, -3.878, 2.894)",
        "coordsMtEden": "MtEden: (397933.196, 808222.281, 1.159)",
        "easting": 397933.1957980908,
        "northing": 808222.2812711215,
        "longitude": 174.74100369883237,
        "latitude": -36.805621060543494,
        "group": "R0 - Reddish (229 points)",
        "canvasX": 612.4152382673524,
        "canvasY": 500.2041665793822,
        "variant": "northing_easting_direct"
      }
    },
    {
      "type": "Feature",
      "geometry": {
        "type": "Point",
        "coordinates": [
          10.665872673271224,
          -3.9115885904757306,
          3.36393055384
        ]
      },
      "properties": {
        "id": "0_76",
        "camera": "R0 - Reddish (Point)",
        "frame": "0264",
        "image": "pano_camera0/frame_0264_hp_preview.jpg",
        "frameId": "0264",
        "height": 1.02061,
        "coords2D": "2D: (397933.578, 808222.247)",
        "coords3D_original": "3D_Original: (-793548.981, 426441.300, 0.000)",
        "coords3D": "3D: (10.666, -3.912, 3.364)",
        "coordsMtEden": "MtEden: (397933.578, 808222.247, 1.021)",
        "easting": 397933.57837267325,
        "northing": 808222.2474114095,
        "longitude": 174.74100798630778,
        "latitude": -36.80562136652286,
        "group": "R0 - Reddish (229 points)",
        "canvasX": 618.6826150661464,
        "canvasY": 500.75885991983245,
        "variant": "northing_easting_direct"
      }
    },
    {
      "type": "Feature",
      "geometry": {
        "type": "Point",
        "coordinates": [
          11.245370954857208,
          -3.9548339868197218,
          3.94494107112
        ]
      },
      "properties": {
        "id": "0_77",
        "camera": "R0 - Reddish (Point)",
        "frame": "0265",
        "image": "pano_camera0/frame_0265_hp_preview.jpg",
        "frameId": "0265",
        "height": 0.813219,
        "coords2D": "2D: (397934.158, 808222.204)",
        "coords3D_original": "3D_Original: (-793548.981, 426441.300, 0.000)",
        "coords3D": "3D: (11.245, -3.955, 3.945)",
        "coordsMtEden": "MtEden: (397934.158, 808222.204, 0.813)",
        "easting": 397934.15787095483,
        "northing": 808222.2041660132,
        "longitude": 174.74101448070942,
        "latitude": -36.8056217575157,
        "group": "R0 - Reddish (229 points)",
        "canvasX": 628.1760164873658,
        "canvasY": 501.4673105219131,
        "variant": "northing_easting_direct"
      }
    },
    {
      "type": "Feature",
      "geometry": {
        "type": "Point",
        "coordinates": [
          11.685520513507072,
          -4.2177220459561795,
          4.38055460212
        ]
      },
      "properties": {
        "id": "0_78",
        "camera": "R0 - Reddish (Point)",
        "frame": "0266",
        "image": "pano_camera0/frame_0266_hp_preview.jpg",
        "frameId": "0266",
        "height": 0.586018,
        "coords2D": "2D: (397934.598, 808221.941)",
        "coords3D_original": "3D_Original: (-793548.981, 426441.300, 0.000)",
        "coords3D": "3D: (11.686, -4.218, 4.381)",
        "coordsMtEden": "MtEden: (397934.598, 808221.941, 0.586)",
        "easting": 397934.5980205135,
        "northing": 808221.941277954,
        "longitude": 174.74101941281455,
        "latitude": -36.80562412762829,
        "group": "R0 - Reddish (229 points)",
        "canvasX": 635.386592563503,
        "canvasY": 505.7739701846028,
        "variant": "northing_easting_direct"
      }
    },
    {
      "type": "Feature",
      "geometry": {
        "type": "Point",
        "coordinates": [
          12.009534078999422,
          -4.551383310230449,
          4.62274949176
        ]
      },
      "properties": {
        "id": "0_79",
        "camera": "R0 - Reddish (Point)",
        "frame": "0267",
        "image": "pano_camera0/frame_0267_hp_preview.jpg",
        "frameId": "0267",
        "height": 0.376365,
        "coords2D": "2D: (397934.922, 808221.608)",
        "coords3D_original": "3D_Original: (-793548.981, 426441.300, 0.000)",
        "coords3D": "3D: (12.010, -4.551, 4.623)",
        "coordsMtEden": "MtEden: (397934.922, 808221.608, 0.376)",
        "easting": 397934.922034079,
        "northing": 808221.6076166898,
        "longitude": 174.7410230431755,
        "latitude": -36.80562713529696,
        "group": "R0 - Reddish (229 points)",
        "canvasX": 640.6946166609504,
        "canvasY": 511.2400438925688,
        "variant": "northing_easting_direct"
      }
    },
    {
      "type": "Feature",
      "geometry": {
        "type": "Point",
        "coordinates": [
          12.09164268616587,
          -5.226846263394691,
          4.59014778468
        ]
      },
      "properties": {
        "id": "0_80",
        "camera": "R0 - Reddish (Point)",
        "frame": "0268",
        "image": "pano_camera0/frame_0268_hp_preview.jpg",
        "frameId": "0268",
        "height": 0.144144,
        "coords2D": "2D: (397935.004, 808220.932)",
        "coords3D_original": "3D_Original: (-793548.981, 426441.300, 0.000)",
        "coords3D": "3D: (12.092, -5.227, 4.590)",
        "coordsMtEden": "MtEden: (397935.004, 808220.932, 0.144)",
        "easting": 397935.00414268614,
        "northing": 808220.9321537366,
        "longitude": 174.74102396154646,
        "latitude": -36.80563322276162,
        "group": "R0 - Reddish (229 points)",
        "canvasX": 642.0397284460457,
        "canvasY": 522.3055485934669,
        "variant": "northing_easting_direct"
      }
    },
    {
      "type": "Feature",
      "geometry": {
        "type": "Point",
        "coordinates": [
          12.13664135459112,
          -6.381094888783991,
          4.590797391
        ]
      },
      "properties": {
        "id": "0_81",
        "camera": "R0 - Reddish (Point)",
        "frame": "0269",
        "image": "pano_camera0/frame_0269_hp_preview.jpg",
        "frameId": "0269",
        "height": -0.220767,
        "coords2D": "2D: (397935.049, 808219.778)",
        "coords3D_original": "3D_Original: (-793548.981, 426441.300, 0.000)",
        "coords3D": "3D: (12.137, -6.381, 4.591)",
        "coordsMtEden": "MtEden: (397935.049, 808219.778, -0.221)",
        "easting": 397935.04914135457,
        "northing": 808219.7779051112,
        "longitude": 174.74102446272272,
        "latitude": -36.805643624971374,
        "group": "R0 - Reddish (229 points)",
        "canvasX": 642.7769013360182,
        "canvasY": 541.2145702236382,
        "variant": "northing_easting_direct"
      }
    },
    {
      "type": "Feature",
      "geometry": {
        "type": "Point",
        "coordinates": [
          12.114644183660857,
          -6.916997752268799,
          4.6394194398
        ]
      },
      "properties": {
        "id": "0_82",
        "camera": "R0 - Reddish (Point)",
        "frame": "0270",
        "image": "pano_camera0/frame_0270_hp_preview.jpg",
        "frameId": "0270",
        "height": -0.375836,
        "coords2D": "2D: (397935.027, 808219.242)",
        "coords3D_original": "3D_Original: (-793548.981, 426441.300, 0.000)",
        "coords3D": "3D: (12.115, -6.917, 4.639)",
        "coordsMtEden": "MtEden: (397935.027, 808219.242, -0.376)",
        "easting": 397935.02714418364,
        "northing": 808219.2420022477,
        "longitude": 174.7410242147439,
        "latitude": -36.805648454490665,
        "group": "R0 - Reddish (229 points)",
        "canvasX": 642.4165413825298,
        "canvasY": 549.9937869486042,
        "variant": "northing_easting_direct"
      }
    },
    {
      "type": "Feature",
      "geometry": {
        "type": "Point",
        "coordinates": [
          11.998377186828293,
          -7.908838554285467,
          4.5997212758
        ]
      },
      "properties": {
        "id": "0_83",
        "camera": "R0 - Reddish (Point)",
        "frame": "0271",
        "image": "pano_camera0/frame_0271_hp_preview.jpg",
        "frameId": "0271",
        "height": -0.637379,
        "coords2D": "2D: (397934.911, 808218.250)",
        "coords3D_original": "3D_Original: (-793548.981, 426441.300, 0.000)",
        "coords3D": "3D: (11.998, -7.909, 4.600)",
        "coordsMtEden": "MtEden: (397934.911, 808218.250, -0.637)",
        "easting": 397934.9108771868,
        "northing": 808218.2501614457,
        "longitude": 174.74102290903284,
        "latitude": -36.805657392726154,
        "group": "R0 - Reddish (229 points)",
        "canvasX": 640.5118432875983,
        "canvasY": 566.242226638838,
        "variant": "northing_easting_direct"
      }
    },
    {
      "type": "Feature",
      "geometry": {
        "type": "Point",
        "coordinates": [
          11.902618043590337,
          -8.838243582984433,
          4.592972587919999
        ]
      },
      "properties": {
        "id": "0_84",
        "camera": "R0 - Reddish (Point)",
        "frame": "0272",
        "image": "pano_camera0/frame_0272_hp_preview.jpg",
        "frameId": "0272",
        "height": -0.886953,
        "coords2D": "2D: (397934.815, 808217.321)",
        "coords3D_original": "3D_Original: (-793548.981, 426441.300, 0.000)",
        "coords3D": "3D: (11.903, -8.838, 4.593)",
        "coordsMtEden": "MtEden: (397934.815, 808217.321, -0.887)",
        "easting": 397934.81511804357,
        "northing": 808217.320756417,
        "longitude": 174.74102183332533,
        "latitude": -36.80566576833392,
        "group": "R0 - Reddish (229 points)",
        "canvasX": 638.9431069936467,
        "canvasY": 581.4678369648657,
        "variant": "northing_easting_direct"
      }
    },
    {
      "type": "Feature",
      "geometry": {
        "type": "Point",
        "coordinates": [
          11.87164524110267,
          -9.356550174183212,
          4.6162173393199994
        ]
      },
      "properties": {
        "id": "0_85",
        "camera": "R0 - Reddish (Point)",
        "frame": "0273",
        "image": "pano_camera0/frame_0273_hp_preview.jpg",
        "frameId": "0273",
        "height": -1.033637,
        "coords2D": "2D: (397934.784, 808216.802)",
        "coords3D_original": "3D_Original: (-793548.981, 426441.300, 0.000)",
        "coords3D": "3D: (11.872, -9.357, 4.616)",
        "coordsMtEden": "MtEden: (397934.784, 808216.802, -1.034)",
        "easting": 397934.7841452411,
        "northing": 808216.8024498258,
        "longitude": 174.7410214848028,
        "latitude": -36.805670439255664,
        "group": "R0 - Reddish (229 points)",
        "canvasX": 638.435707306499,
        "canvasY": 589.9587897192673,
        "variant": "northing_easting_direct"
      }
    },
    {
      "type": "Feature",
      "geometry": {
        "type": "Point",
        "coordinates": [
          11.732905391487293,
          -10.986173840938136,
          4.56864187848
        ]
      },
      "properties": {
        "id": "0_86",
        "camera": "R0 - Reddish (Point)",
        "frame": "0274",
        "image": "pano_camera0/frame_0274_hp_preview.jpg",
        "frameId": "0274",
        "height": -1.480978,
        "coords2D": "2D: (397934.645, 808215.173)",
        "coords3D_original": "3D_Original: (-793548.981, 426441.300, 0.000)",
        "coords3D": "3D: (11.733, -10.986, 4.569)",
        "coordsMtEden": "MtEden: (397934.645, 808215.173, -1.481)",
        "easting": 397934.64540539146,
        "northing": 808215.172826159,
        "longitude": 174.74101992550442,
        "latitude": -36.80568512515393,
        "group": "R0 - Reddish (229 points)",
        "canvasX": 636.1628565874505,
        "canvasY": 616.6554549643672,
        "variant": "northing_easting_direct"
      }
    },
    {
      "type": "Feature",
      "geometry": {
        "type": "Point",
        "coordinates": [
          11.739023386791814,
          -11.165514443186112,
          4.57784791552
        ]
      },
      "properties": {
        "id": "0_87",
        "camera": "R0 - Reddish (Point)",
        "frame": "0275",
        "image": "pano_camera0/frame_0275_hp_preview.jpg",
        "frameId": "0275",
        "height": -1.537402,
        "coords2D": "2D: (397934.652, 808214.993)",
        "coords3D_original": "3D_Original: (-793548.981, 426441.300, 0.000)",
        "coords3D": "3D: (11.739, -11.166, 4.578)",
        "coordsMtEden": "MtEden: (397934.652, 808214.993, -1.537)",
        "easting": 397934.65152338677,
        "northing": 808214.9934855568,
        "longitude": 174.74101999358325,
        "latitude": -36.805686741388335,
        "group": "R0 - Reddish (229 points)",
        "canvasX": 636.263082226701,
        "canvasY": 619.5934314552937,
        "variant": "northing_easting_direct"
      }
    },
    {
      "type": "Feature",
      "geometry": {
        "type": "Point",
        "coordinates": [
          11.65085658209864,
          -12.493249061284587,
          4.56324161584
        ]
      },
      "properties": {
        "id": "0_88",
        "camera": "R0 - Reddish (Point)",
        "frame": "0276",
        "image": "pano_camera0/frame_0276_hp_preview.jpg",
        "frameId": "0276",
        "height": -1.910205,
        "coords2D": "2D: (397934.563, 808213.666)",
        "coords3D_original": "3D_Original: (-793548.981, 426441.300, 0.000)",
        "coords3D": "3D: (11.651, -12.493, 4.563)",
        "coordsMtEden": "MtEden: (397934.563, 808213.666, -1.910)",
        "easting": 397934.5633565821,
        "northing": 808213.6657509387,
        "longitude": 174.74101900188305,
        "latitude": -36.80569870676675,
        "group": "R0 - Reddish (229 points)",
        "canvasX": 634.8187244162945,
        "canvasY": 641.3445187503122,
        "variant": "northing_easting_direct"
      }
    },
    {
      "type": "Feature",
      "geometry": {
        "type": "Point",
        "coordinates": [
          11.65396418137243,
          -12.909644639119506,
          4.57335316472
        ]
      },
      "properties": {
        "id": "0_89",
        "camera": "R0 - Reddish (Point)",
        "frame": "0277",
        "image": "pano_camera0/frame_0277_hp_preview.jpg",
        "frameId": "0277",
        "height": -2.037445,
        "coords2D": "2D: (397934.566, 808213.249)",
        "coords3D_original": "3D_Original: (-793548.981, 426441.300, 0.000)",
        "coords3D": "3D: (11.654, -12.910, 4.573)",
        "coordsMtEden": "MtEden: (397934.566, 808213.249, -2.037)",
        "easting": 397934.56646418135,
        "northing": 808213.2493553609,
        "longitude": 174.74101903558088,
        "latitude": -36.805702459338725,
        "group": "R0 - Reddish (229 points)",
        "canvasX": 634.8696334321407,
        "canvasY": 648.1659546308366,
        "variant": "northing_easting_direct"
      }
    },
    {
      "type": "Feature",
      "geometry": {
        "type": "Point",
        "coordinates": [
          11.701063708693255,
          -14.200494602555409,
          4.606220619839999
        ]
      },
      "properties": {
        "id": "0_90",
        "camera": "R0 - Reddish (Point)",
        "frame": "0278",
        "image": "pano_camera0/frame_0278_hp_preview.jpg",
        "frameId": "0278",
        "height": -2.444415,
        "coords2D": "2D: (397934.614, 808211.959)",
        "coords3D_original": "3D_Original: (-793548.981, 426441.300, 0.000)",
        "coords3D": "3D: (11.701, -14.200, 4.606)",
        "coordsMtEden": "MtEden: (397934.614, 808211.959, -2.444)",
        "easting": 397934.61356370867,
        "northing": 808211.9585053974,
        "longitude": 174.74101955993103,
        "latitude": -36.80571409260691,
        "group": "R0 - Reddish (229 points)",
        "canvasX": 635.6412228123465,
        "canvasY": 669.3127936586525,
        "variant": "northing_easting_direct"
      }
    },
    {
      "type": "Feature",
      "geometry": {
        "type": "Point",
        "coordinates": [
          11.627988537598867,
          -14.84269017726183,
          4.58466550104
        ]
      },
      "properties": {
        "id": "0_91",
        "camera": "R0 - Reddish (Point)",
        "frame": "0279",
        "image": "pano_camera0/frame_0279_hp_preview.jpg",
        "frameId": "0279",
        "height": -2.614466,
        "coords2D": "2D: (397934.540, 808211.316)",
        "coords3D_original": "3D_Original: (-793548.981, 426441.300, 0.000)",
        "coords3D": "3D: (11.628, -14.843, 4.585)",
        "coordsMtEden": "MtEden: (397934.540, 808211.316, -2.614)",
        "easting": 397934.5404885376,
        "northing": 808211.3163098227,
        "longitude": 174.74101873922427,
        "latitude": -36.80571987992676,
        "group": "R0 - Reddish (229 points)",
        "canvasX": 634.4440977206934,
        "canvasY": 679.8333086876296,
        "variant": "northing_easting_direct"
      }
    },
    {
      "type": "Feature",
      "geometry": {
        "type": "Point",
        "coordinates": [
          11.583401802170556,
          -16.545991855557077,
          4.569593322079999
        ]
      },
      "properties": {
        "id": "0_92",
        "camera": "R0 - Reddish (Point)",
        "frame": "0280",
        "image": "pano_camera0/frame_0280_hp_preview.jpg",
        "frameId": "0280",
        "height": -3.115723,
        "coords2D": "2D: (397934.496, 808209.613)",
        "coords3D_original": "3D_Original: (-793548.981, 426441.300, 0.000)",
        "coords3D": "3D: (11.583, -16.546, 4.570)",
        "coordsMtEden": "MtEden: (397934.496, 808209.613, -3.116)",
        "easting": 397934.49590180215,
        "northing": 808209.6130081444,
        "longitude": 174.7410182349133,
        "latitude": -36.80573523001793,
        "group": "R0 - Reddish (229 points)",
        "canvasX": 633.7136731611212,
        "canvasY": 707.7369748202864,
        "variant": "northing_easting_direct"
      }
    },
    {
      "type": "Feature",
      "geometry": {
        "type": "Point",
        "coordinates": [
          11.550894745683763,
          -16.852365643484518,
          4.55652573636
        ]
      },
      "properties": {
        "id": "0_93",
        "camera": "R0 - Reddish (Point)",
        "frame": "0281",
        "image": "pano_camera0/frame_0281_hp_preview.jpg",
        "frameId": "0281",
        "height": -3.197741,
        "coords2D": "2D: (397934.463, 808209.307)",
        "coords3D_original": "3D_Original: (-793548.981, 426441.300, 0.000)",
        "coords3D": "3D: (11.551, -16.852, 4.557)",
        "coordsMtEden": "MtEden: (397934.463, 808209.307, -3.198)",
        "easting": 397934.46339474566,
        "northing": 808209.3066343565,
        "longitude": 174.7410178697705,
        "latitude": -36.80573799099366,
        "group": "R0 - Reddish (229 points)",
        "canvasX": 633.1811391640126,
        "canvasY": 712.7560222380663,
        "variant": "northing_easting_direct"
      }
    },
    {
      "type": "Feature",
      "geometry": {
        "type": "Point",
        "coordinates": [
          11.577755081700161,
          -17.32855544681661,
          4.53281838652
        ]
      },
      "properties": {
        "id": "0_94",
        "camera": "R0 - Reddish (Point)",
        "frame": "0282",
        "image": "pano_camera0/frame_0282_hp_preview.jpg",
        "frameId": "0282",
        "height": -3.351019,
        "coords2D": "2D: (397934.490, 808208.830)",
        "coords3D_original": "3D_Original: (-793548.981, 426441.300, 0.000)",
        "coords3D": "3D: (11.578, -17.329, 4.533)",
        "coordsMtEden": "MtEden: (397934.490, 808208.830, -3.351)",
        "easting": 397934.4902550817,
        "northing": 808208.8304445532,
        "longitude": 174.74101816950676,
        "latitude": -36.80574228248417,
        "group": "R0 - Reddish (229 points)",
        "canvasX": 633.6211679957253,
        "canvasY": 720.557013369151,
        "variant": "northing_easting_direct"
      }
    },
    {
      "type": "Feature",
      "geometry": {
        "type": "Point",
        "coordinates": [
          11.847535817418247,
          -17.804763769032434,
          4.5193899084
        ]
      },
      "properties": {
        "id": "0_95",
        "camera": "R0 - Reddish (Point)",
        "frame": "0283",
        "image": "pano_camera0/frame_0283_hp_preview.jpg",
        "frameId": "0283",
        "height": -3.585692,
        "coords2D": "2D: (397934.760, 808208.354)",
        "coords3D_original": "3D_Original: (-793548.981, 426441.300, 0.000)",
        "coords3D": "3D: (11.848, -17.805, 4.519)",
        "coordsMtEden": "MtEden: (397934.760, 808208.354, -3.586)",
        "easting": 397934.7600358174,
        "northing": 808208.354236231,
        "longitude": 174.74102119169066,
        "latitude": -36.80574657467144,
        "group": "R0 - Reddish (229 points)",
        "canvasX": 638.0407442072237,
        "canvasY": 728.3583078790869,
        "variant": "northing_easting_direct"
      }
    },
    {
      "type": "Feature",
      "geometry": {
        "type": "Point",
        "coordinates": [
          12.748700574564282,
          -18.08553348260466,
          4.49218846396
        ]
      },
      "properties": {
        "id": "0_96",
        "camera": "R0 - Reddish (Point)",
        "frame": "0284",
        "image": "pano_camera0/frame_0284_hp_preview.jpg",
        "frameId": "0284",
        "height": -3.972809,
        "coords2D": "2D: (397935.661, 808208.073)",
        "coords3D_original": "3D_Original: (-793548.981, 426441.300, 0.000)",
        "coords3D": "3D: (12.749, -18.086, 4.492)",
        "coordsMtEden": "MtEden: (397935.661, 808208.073, -3.973)",
        "easting": 397935.66120057454,
        "northing": 808208.0734665174,
        "longitude": 174.74103129042646,
        "latitude": -36.80574910693871,
        "group": "R0 - Reddish (229 points)",
        "canvasX": 652.8037194534593,
        "canvasY": 732.9579066745298,
        "variant": "northing_easting_direct"
      }
    },
    {
      "type": "Feature",
      "geometry": {
        "type": "Point",
        "coordinates": [
          12.847583602473605,
          -18.063548302976415,
          4.485479146159999
        ]
      },
      "properties": {
        "id": "0_97",
        "camera": "R0 - Reddish (Point)",
        "frame": "0285",
        "image": "pano_camera0/frame_0285_hp_preview.jpg",
        "frameId": "0285",
        "height": -3.99927,
        "coords2D": "2D: (397935.760, 808208.095)",
        "coords3D_original": "3D_Original: (-793548.981, 426441.300, 0.000)",
        "coords3D": "3D: (12.848, -18.064, 4.485)",
        "coordsMtEden": "MtEden: (397935.760, 808208.095, -3.999)",
        "easting": 397935.76008360245,
        "northing": 808208.095451697,
        "longitude": 174.74103239868393,
        "latitude": -36.8057489090234,
        "group": "R0 - Reddish (229 points)",
        "canvasX": 654.4236315516885,
        "canvasY": 732.5977431644258,
        "variant": "northing_easting_direct"
      }
    },
    {
      "type": "Feature",
      "geometry": {
        "type": "Point",
        "coordinates": [
          13.563128548441455,
          -17.949343561544083,
          4.49069568176
        ]
      },
      "properties": {
        "id": "0_98",
        "camera": "R0 - Reddish (Point)",
        "frame": "0286",
        "image": "pano_camera0/frame_0286_hp_preview.jpg",
        "frameId": "0286",
        "height": -4.204597,
        "coords2D": "2D: (397936.476, 808208.210)",
        "coords3D_original": "3D_Original: (-793548.981, 426441.300, 0.000)",
        "coords3D": "3D: (13.563, -17.949, 4.491)",
        "coordsMtEden": "MtEden: (397936.476, 808208.210, -4.205)",
        "easting": 397936.4756285484,
        "northing": 808208.2096564384,
        "longitude": 174.74104041821988,
        "latitude": -36.805747881367644,
        "group": "R0 - Reddish (229 points)",
        "canvasX": 666.1457636495988,
        "canvasY": 730.7268291527348,
        "variant": "northing_easting_direct"
      }
    },
    {
      "type": "Feature",
      "geometry": {
        "type": "Point",
        "coordinates": [
          13.873078280652408,
          -17.632331365253776,
          4.5471720615199995
        ]
      },
      "properties": {
        "id": "0_99",
        "camera": "R0 - Reddish (Point)",
        "frame": "0287",
        "image": "pano_camera0/frame_0287_hp_preview.jpg",
        "frameId": "0287",
        "height": -4.212352,
        "coords2D": "2D: (397936.786, 808208.527)",
        "coords3D_original": "3D_Original: (-793548.981, 426441.300, 0.000)",
        "coords3D": "3D: (13.873, -17.632, 4.547)",
        "coordsMtEden": "MtEden: (397936.786, 808208.527, -4.212)",
        "easting": 397936.78557828063,
        "northing": 808208.5266686347,
        "longitude": 174.74104389273495,
        "latitude": -36.805745025122874,
        "group": "R0 - Reddish (229 points)",
        "canvasX": 671.2233925599113,
        "canvasY": 725.5335022181813,
        "variant": "northing_easting_direct"
      }
    },
    {
      "type": "Feature",
      "geometry": {
        "type": "Point",
        "coordinates": [
          14.284942443773616,
          -17.225761479930952,
          4.58870421508
        ]
      },
      "properties": {
        "id": "0_100",
        "camera": "R0 - Reddish (Point)",
        "frame": "0288",
        "image": "pano_camera0/frame_0288_hp_preview.jpg",
        "frameId": "0288",
        "height": -4.227243,
        "coords2D": "2D: (397937.197, 808208.933)",
        "coords3D_original": "3D_Original: (-793548.981, 426441.300, 0.000)",
        "coords3D": "3D: (14.285, -17.226, 4.589)",
        "coordsMtEden": "MtEden: (397937.197, 808208.933, -4.227)",
        "easting": 397937.19744244375,
        "northing": 808208.93323852,
        "longitude": 174.74104850966359,
        "latitude": -36.805741362004355,
        "group": "R0 - Reddish (229 points)",
        "canvasX": 677.9705943302016,
        "canvasY": 718.8730318600917,
        "variant": "northing_easting_direct"
      }
    },
    {
      "type": "Feature",
      "geometry": {
        "type": "Point",
        "coordinates": [
          14.63939365366241,
          -17.084084433387034,
          4.612614977000001
        ]
      },
      "properties": {
        "id": "0_101",
        "camera": "R0 - Reddish (Point)",
        "frame": "0289",
        "image": "pano_camera0/frame_0289_hp_preview.jpg",
        "frameId": "0289",
        "height": -4.303098,
        "coords2D": "2D: (397937.552, 808209.075)",
        "coords3D_original": "3D_Original: (-793548.981, 426441.300, 0.000)",
        "coords3D": "3D: (14.639, -17.084, 4.613)",
        "coordsMtEden": "MtEden: (397937.552, 808209.075, -4.303)",
        "easting": 397937.55189365364,
        "northing": 808209.0749155666,
        "longitude": 174.74105248243825,
        "latitude": -36.805740085980105,
        "group": "R0 - Reddish (229 points)",
        "canvasX": 683.7772510997725,
        "canvasY": 716.5520636740974,
        "variant": "northing_easting_direct"
      }
    },
    {
      "type": "Feature",
      "geometry": {
        "type": "Point",
        "coordinates": [
          15.21403666905826,
          -17.286477855872363,
          4.6079889926
        ]
      },
      "properties": {
        "id": "0_102",
        "camera": "R0 - Reddish (Point)",
        "frame": "0290",
        "image": "pano_camera0/frame_0290_hp_preview.jpg",
        "frameId": "0290",
        "height": -4.557018,
        "coords2D": "2D: (397938.127, 808208.873)",
        "coords3D_original": "3D_Original: (-793548.981, 426441.300, 0.000)",
        "coords3D": "3D: (15.214, -17.286, 4.608)",
        "coordsMtEden": "MtEden: (397938.127, 808208.873, -4.557)",
        "easting": 397938.12653666903,
        "northing": 808208.8725221441,
        "longitude": 174.74105892200546,
        "latitude": -36.8057419112051,
        "group": "R0 - Reddish (229 points)",
        "canvasX": 693.1911130425175,
        "canvasY": 719.8676938770809,
        "variant": "northing_easting_direct"
      }
    },
    {
      "type": "Feature",
      "geometry": {
        "type": "Point",
        "coordinates": [
          16.257225819281302,
          -17.94097379921004,
          4.57253295472
        ]
      },
      "properties": {
        "id": "0_103",
        "camera": "R0 - Reddish (Point)",
        "frame": "0291",
        "image": "pano_camera0/frame_0291_hp_preview.jpg",
        "frameId": "0291",
        "height": -5.104948,
        "coords2D": "2D: (397939.170, 808208.218)",
        "coords3D_original": "3D_Original: (-793548.981, 426441.300, 0.000)",
        "coords3D": "3D: (16.257, -17.941, 4.573)",
        "coordsMtEden": "MtEden: (397939.170, 808208.218, -5.105)",
        "easting": 397939.16972581926,
        "northing": 808208.2180262008,
        "longitude": 174.74107061142033,
        "latitude": -36.805747811806455,
        "group": "R0 - Reddish (229 points)",
        "canvasX": 710.2807467408246,
        "canvasY": 730.5897148310655,
        "variant": "northing_easting_direct"
      }
    },
    {
      "type": "Feature",
      "geometry": {
        "type": "Point",
        "coordinates": [
          16.702945721975993,
          -18.149645621306263,
          4.5717029022
        ]
      },
      "properties": {
        "id": "0_104",
        "camera": "R0 - Reddish (Point)",
        "frame": "0292",
        "image": "pano_camera0/frame_0292_hp_preview.jpg",
        "frameId": "0292",
        "height": -5.317511,
        "coords2D": "2D: (397939.615, 808208.009)",
        "coords3D_original": "3D_Original: (-793548.981, 426441.300, 0.000)",
        "coords3D": "3D: (16.703, -18.150, 4.572)",
        "coordsMtEden": "MtEden: (397939.615, 808208.009, -5.318)",
        "easting": 397939.61544572195,
        "northing": 808208.0093543787,
        "longitude": 174.7410756061097,
        "latitude": -36.805749693330995,
        "group": "R0 - Reddish (229 points)",
        "canvasX": 717.5825767760622,
        "canvasY": 734.008198432972,
        "variant": "northing_easting_direct"
      }
    },
    {
      "type": "Feature",
      "geometry": {
        "type": "Point",
        "coordinates": [
          17.05720992962597,
          -18.342381212627515,
          4.55427836096
        ]
      },
      "properties": {
        "id": "0_105",
        "camera": "R0 - Reddish (Point)",
        "frame": "0293",
        "image": "pano_camera0/frame_0293_hp_preview.jpg",
        "frameId": "0293",
        "height": -5.494733,
        "coords2D": "2D: (397939.970, 808207.817)",
        "coords3D_original": "3D_Original: (-793548.981, 426441.300, 0.000)",
        "coords3D": "3D: (17.057, -18.342, 4.554)",
        "coordsMtEden": "MtEden: (397939.970, 808207.817, -5.495)",
        "easting": 397939.9697099296,
        "northing": 808207.8166187874,
        "longitude": 174.74107957588382,
        "latitude": -36.805751431038736,
        "group": "R0 - Reddish (229 points)",
        "canvasX": 723.386170055162,
        "canvasY": 737.1656130352674,
        "variant": "northing_easting_direct"
      }
    },
    {
      "type": "Feature",
      "geometry": {
        "type": "Point",
        "coordinates": [
          18.47135212883586,
          -18.247174990014173,
          4.52028885856
        ]
      },
      "properties": {
        "id": "0_106",
        "camera": "R0 - Reddish (Point)",
        "frame": "0294",
        "image": "pano_camera0/frame_0294_hp_preview.jpg",
        "frameId": "0294",
        "height": -5.939858,
        "coords2D": "2D: (397941.384, 808207.912)",
        "coords3D_original": "3D_Original: (-793548.981, 426441.300, 0.000)",
        "coords3D": "3D: (18.471, -18.247, 4.520)",
        "coordsMtEden": "MtEden: (397941.384, 808207.912, -5.940)",
        "easting": 397941.3838521288,
        "northing": 808207.91182501,
        "longitude": 174.7410954246591,
        "latitude": -36.80575057611387,
        "group": "R0 - Reddish (229 points)",
        "canvasX": 746.5527953758453,
        "canvasY": 735.6059347443767,
        "variant": "northing_easting_direct"
      }
    },
    {
      "type": "Feature",
      "geometry": {
        "type": "Point",
        "coordinates": [
          18.56562848231988,
          -18.183102543116547,
          4.5262632682
        ]
      },
      "properties": {
        "id": "0_107",
        "camera": "R0 - Reddish (Point)",
        "frame": "0295",
        "image": "pano_camera0/frame_0295_hp_preview.jpg",
        "frameId": "0295",
        "height": -5.951916,
        "coords2D": "2D: (397941.478, 808207.976)",
        "coords3D_original": "3D_Original: (-793548.981, 426441.300, 0.000)",
        "coords3D": "3D: (18.566, -18.183, 4.526)",
        "coordsMtEden": "MtEden: (397941.478, 808207.976, -5.952)",
        "easting": 397941.4781284823,
        "northing": 808207.9758974569,
        "longitude": 174.7410964814025,
        "latitude": -36.80574999889668,
        "group": "R0 - Reddish (229 points)",
        "canvasX": 748.0972404527549,
        "canvasY": 734.5562932225182,
        "variant": "northing_easting_direct"
      }
    },
    {
      "type": "Feature",
      "geometry": {
        "type": "Point",
        "coordinates": [
          19.05310507887043,
          -17.007459827465937,
          4.53216221852
        ]
      },
      "properties": {
        "id": "0_108",
        "camera": "R0 - Reddish (Point)",
        "frame": "0296",
        "image": "pano_camera0/frame_0296_hp_preview.jpg",
        "frameId": "0296",
        "height": -5.75907,
        "coords2D": "2D: (397941.966, 808209.152)",
        "coords3D_original": "3D_Original: (-793548.981, 426441.300, 0.000)",
        "coords3D": "3D: (19.053, -17.007, 4.532)",
        "coordsMtEden": "MtEden: (397941.966, 808209.152, -5.759)",
        "easting": 397941.96560507885,
        "northing": 808209.1515401725,
        "longitude": 174.74110194780823,
        "latitude": -36.80573940504092,
        "group": "R0 - Reddish (229 points)",
        "canvasX": 756.0831330110329,
        "canvasY": 715.2967913710257,
        "variant": "northing_easting_direct"
      }
    },
    {
      "type": "Feature",
      "geometry": {
        "type": "Point",
        "coordinates": [
          18.632993282924872,
          -16.330538381822407,
          4.55822521148
        ]
      },
      "properties": {
        "id": "0_109",
        "camera": "R0 - Reddish (Point)",
        "frame": "0297",
        "image": "pano_camera0/frame_0297_hp_preview.jpg",
        "frameId": "0297",
        "height": -5.413187,
        "coords2D": "2D: (397941.545, 808209.828)",
        "coords3D_original": "3D_Original: (-793548.981, 426441.300, 0.000)",
        "coords3D": "3D: (18.633, -16.331, 4.558)",
        "coordsMtEden": "MtEden: (397941.545, 808209.828, -5.413)",
        "easting": 397941.5454932829,
        "northing": 808209.8284616182,
        "longitude": 174.74109724137884,
        "latitude": -36.805733303698275,
        "group": "R0 - Reddish (229 points)",
        "canvasX": 749.2008176577015,
        "canvasY": 704.2073934929938,
        "variant": "northing_easting_direct"
      }
    },
    {
      "type": "Feature",
      "geometry": {
        "type": "Point",
        "coordinates": [
          18.164679147070274,
          -15.825317969545722,
          4.52513465924
        ]
      },
      "properties": {
        "id": "0_110",
        "camera": "R0 - Reddish (Point)",
        "frame": "0298",
        "image": "pano_camera0/frame_0298_hp_preview.jpg",
        "frameId": "0298",
        "height": -5.103073,
        "coords2D": "2D: (397941.077, 808210.334)",
        "coords3D_original": "3D_Original: (-793548.981, 426441.300, 0.000)",
        "coords3D": "3D: (18.165, -15.825, 4.525)",
        "coordsMtEden": "MtEden: (397941.077, 808210.334, -5.103)",
        "easting": 397941.07717914705,
        "northing": 808210.3336820304,
        "longitude": 174.74109199427477,
        "latitude": -36.805728749623746,
        "group": "R0 - Reddish (229 points)",
        "canvasX": 741.5288465341285,
        "canvasY": 695.9308198904055,
        "variant": "northing_easting_direct"
      }
    },
    {
      "type": "Feature",
      "geometry": {
        "type": "Point",
        "coordinates": [
          17.784667990228627,
          -15.446553758229129,
          4.547864318759999
        ]
      },
      "properties": {
        "id": "0_111",
        "camera": "R0 - Reddish (Point)",
        "frame": "0299",
        "image": "pano_camera0/frame_0299_hp_preview.jpg",
        "frameId": "0299",
        "height": -4.860958,
        "coords2D": "2D: (397940.697, 808210.712)",
        "coords3D_original": "3D_Original: (-793548.981, 426441.300, 0.000)",
        "coords3D": "3D: (17.785, -15.447, 4.548)",
        "coordsMtEden": "MtEden: (397940.697, 808210.712, -4.861)",
        "easting": 397940.6971679902,
        "northing": 808210.7124462418,
        "longitude": 174.74108773645455,
        "latitude": -36.8057253353668,
        "group": "R0 - Reddish (229 points)",
        "canvasX": 735.3034640411971,
        "canvasY": 689.7258649915602,
        "variant": "northing_easting_direct"
      }
    },
    {
      "type": "Feature",
      "geometry": {
        "type": "Point",
        "coordinates": [
          17.071551854140125,
          -14.710107003920712,
          4.571693059679999
        ]
      },
      "properties": {
        "id": "0_112",
        "camera": "R0 - Reddish (Point)",
        "frame": "0300",
        "image": "pano_camera0/frame_0300_hp_preview.jpg",
        "frameId": "0300",
        "height": -4.398749,
        "coords2D": "2D: (397939.984, 808211.449)",
        "coords3D_original": "3D_Original: (-793548.981, 426441.300, 0.000)",
        "coords3D": "3D: (17.072, -14.710, 4.572)",
        "coordsMtEden": "MtEden: (397939.984, 808211.449, -4.399)",
        "easting": 397939.9840518541,
        "northing": 808211.4488929961,
        "longitude": 174.74107974644303,
        "latitude": -36.80571869694292,
        "group": "R0 - Reddish (229 points)",
        "canvasX": 723.6211209617999,
        "canvasY": 677.6613172845279,
        "variant": "northing_easting_direct"
      }
    },
    {
      "type": "Feature",
      "geometry": {
        "type": "Point",
        "coordinates": [
          16.54999341745861,
          -14.23100661591161,
          4.52688334696
        ]
      },
      "properties": {
        "id": "0_113",
        "camera": "R0 - Reddish (Point)",
        "frame": "0301",
        "image": "pano_camera0/frame_0301_hp_preview.jpg",
        "frameId": "0301",
        "height": -4.078772,
        "coords2D": "2D: (397939.462, 808211.928)",
        "coords3D_original": "3D_Original: (-793548.981, 426441.300, 0.000)",
        "coords3D": "3D: (16.550, -14.231, 4.527)",
        "coordsMtEden": "MtEden: (397939.462, 808211.928, -4.079)",
        "easting": 397939.46249341744,
        "northing": 808211.9279933841,
        "longitude": 174.74107390255318,
        "latitude": -36.80571437814591,
        "group": "R0 - Reddish (229 points)",
        "canvasX": 715.0768961357743,
        "canvasY": 669.8126446501057,
        "variant": "northing_easting_direct"
      }
    },
    {
      "type": "Feature",
      "geometry": {
        "type": "Point",
        "coordinates": [
          15.977764672541525,
          -13.80444987025112,
          4.515748176
        ]
      },
      "properties": {
        "id": "0_114",
        "camera": "R0 - Reddish (Middle)",
        "frame": "0302",
        "image": "pano_camera0/frame_0302_hp_preview.jpg",
        "frameId": "0302",
        "height": -3.757656,
        "coords2D": "2D: (397938.890, 808212.355)",
        "coords3D_original": "3D_Original: (-793548.981, 426441.300, 0.000)",
        "coords3D": "3D: (15.978, -13.804, 4.516)",
        "coordsMtEden": "MtEden: (397938.890, 808212.355, -3.758)",
        "easting": 397938.8902646725,
        "northing": 808212.3545501297,
        "longitude": 174.7410674906518,
        "latitude": -36.80571053276268,
        "group": "R0 - Reddish (229 points)",
        "canvasX": 705.7025850245989,
        "canvasY": 662.8247474563218,
        "variant": "northing_easting_direct"
      }
    },
    {
      "type": "Feature",
      "geometry": {
        "type": "Point",
        "coordinates": [
          15.088649458659347,
          -13.342595799826086,
          4.5586943716
        ]
      },
      "properties": {
        "id": "0_115",
        "camera": "R0 - Reddish (Point)",
        "frame": "0303",
        "image": "pano_camera0/frame_0303_hp_preview.jpg",
        "frameId": "0303",
        "height": -3.319754,
        "coords2D": "2D: (397938.001, 808212.816)",
        "coords3D_original": "3D_Original: (-793548.981, 426441.300, 0.000)",
        "coords3D": "3D: (15.089, -13.343, 4.559)",
        "coordsMtEden": "MtEden: (397938.001, 808212.816, -3.320)",
        "easting": 397938.00114945864,
        "northing": 808212.8164042002,
        "longitude": 174.74105752745137,
        "latitude": -36.8057063685889,
        "group": "R0 - Reddish (229 points)",
        "canvasX": 691.1370066557962,
        "canvasY": 655.2586057987616,
        "variant": "northing_easting_direct"
      }
    },
    {
      "type": "Feature",
      "geometry": {
        "type": "Point",
        "coordinates": [
          14.647448290197644,
          -13.091792522929609,
          4.5438977832
        ]
      },
      "properties": {
        "id": "0_116",
        "camera": "R0 - Reddish (Point)",
        "frame": "0304",
        "image": "pano_camera0/frame_0304_hp_preview.jpg",
        "frameId": "0304",
        "height": -3.09586,
        "coords2D": "2D: (397937.560, 808213.067)",
        "coords3D_original": "3D_Original: (-793548.981, 426441.300, 0.000)",
        "coords3D": "3D: (14.647, -13.092, 4.544)",
        "coordsMtEden": "MtEden: (397937.560, 808213.067, -3.096)",
        "easting": 397937.5599482902,
        "northing": 808213.067207477,
        "longitude": 174.7410525835215,
        "latitude": -36.8057041073839,
        "group": "R0 - Reddish (229 points)",
        "canvasX": 683.9092029970643,
        "canvasY": 651.149920302058,
        "variant": "northing_easting_direct"
      }
    },
    {
      "type": "Feature",
      "geometry": {
        "type": "Point",
        "coordinates": [
          13.684962945291772,
          -12.412699372856878,
          4.52934397696
        ]
      },
      "properties": {
        "id": "0_117",
        "camera": "R0 - Reddish (Point)",
        "frame": "0305",
        "image": "pano_camera0/frame_0305_hp_preview.jpg",
        "frameId": "0305",
        "height": -2.567484,
        "coords2D": "2D: (397936.597, 808213.746)",
        "coords3D_original": "3D_Original: (-793548.981, 426441.300, 0.000)",
        "coords3D": "3D: (13.685, -12.413, 4.529)",
        "coordsMtEden": "MtEden: (397936.597, 808213.746, -2.567)",
        "easting": 397936.59746294527,
        "northing": 808213.7463006271,
        "longitude": 174.74104179864116,
        "latitude": -36.8056979852861,
        "group": "R0 - Reddish (229 points)",
        "canvasX": 668.1416674736528,
        "canvasY": 640.0249453358861,
        "variant": "northing_easting_direct"
      }
    },
    {
      "type": "Feature",
      "geometry": {
        "type": "Point",
        "coordinates": [
          12.913686956686433,
          -11.530439610476606,
          4.50767402876
        ]
      },
      "properties": {
        "id": "0_118",
        "camera": "R0 - Reddish (Point)",
        "frame": "0306",
        "image": "pano_camera0/frame_0306_hp_preview.jpg",
        "frameId": "0306",
        "height": -2.041718,
        "coords2D": "2D: (397935.826, 808214.629)",
        "coords3D_original": "3D_Original: (-793548.981, 426441.300, 0.000)",
        "coords3D": "3D: (12.914, -11.530, 4.508)",
        "coordsMtEden": "MtEden: (397935.826, 808214.629, -2.042)",
        "easting": 397935.82618695666,
        "northing": 808214.6285603895,
        "longitude": 174.7410331572255,
        "latitude": -36.8056900326626,
        "group": "R0 - Reddish (229 points)",
        "canvasX": 655.5065436104571,
        "canvasY": 625.5716736895872,
        "variant": "northing_easting_direct"
      }
    },
    {
      "type": "Feature",
      "geometry": {
        "type": "Point",
        "coordinates": [
          12.513042653677985,
          -10.87349086033646,
          4.49697192868
        ]
      },
      "properties": {
        "id": "0_119",
        "camera": "R0 - Reddish (Point)",
        "frame": "0307",
        "image": "pano_camera0/frame_0307_hp_preview.jpg",
        "frameId": "0307",
        "height": -1.708325,
        "coords2D": "2D: (397935.426, 808215.286)",
        "coords3D_original": "3D_Original: (-793548.981, 426441.300, 0.000)",
        "coords3D": "3D: (12.513, -10.873, 4.497)",
        "coordsMtEden": "MtEden: (397935.426, 808215.286, -1.708)",
        "easting": 397935.42554265365,
        "northing": 808215.2855091396,
        "longitude": 174.74102866892554,
        "latitude": -36.80568411135396,
        "group": "R0 - Reddish (229 points)",
        "canvasX": 648.9431467608903,
        "canvasY": 614.809470597511,
        "variant": "northing_easting_direct"
      }
    },
    {
      "type": "Feature",
      "geometry": {
        "type": "Point",
        "coordinates": [
          12.454393756575882,
          -10.684968543471768,
          4.51907166692
        ]
      },
      "properties": {
        "id": "0_120",
        "camera": "R0 - Reddish (Point)",
        "frame": "0308",
        "image": "pano_camera0/frame_0308_hp_preview.jpg",
        "frameId": "0308",
        "height": -1.631502,
        "coords2D": "2D: (397935.367, 808215.474)",
        "coords3D_original": "3D_Original: (-793548.981, 426441.300, 0.000)",
        "coords3D": "3D: (12.454, -10.685, 4.519)",
        "coordsMtEden": "MtEden: (397935.367, 808215.474, -1.632)",
        "easting": 397935.36689375655,
        "northing": 808215.4740314565,
        "longitude": 174.74102801214974,
        "latitude": -36.805682412259216,
        "group": "R0 - Reddish (229 points)",
        "canvasX": 647.9823543987957,
        "canvasY": 611.7210782977957,
        "variant": "northing_easting_direct"
      }
    },
    {
      "type": "Feature",
      "geometry": {
        "type": "Point",
        "coordinates": [
          12.557626346184406,
          -9.63196451519616,
          4.5422081506000005
        ]
      },
      "properties": {
        "id": "0_121",
        "camera": "R0 - Reddish (Point)",
        "frame": "0309",
        "image": "pano_camera0/frame_0309_hp_preview.jpg",
        "frameId": "0309",
        "height": -1.347039,
        "coords2D": "2D: (397935.470, 808216.527)",
        "coords3D_original": "3D_Original: (-793548.981, 426441.300, 0.000)",
        "coords3D": "3D: (12.558, -9.632, 4.542)",
        "coordsMtEden": "MtEden: (397935.470, 808216.527, -1.347)",
        "easting": 397935.47012634616,
        "northing": 808216.5270354848,
        "longitude": 174.74102917194793,
        "latitude": -36.805672922791075,
        "group": "R0 - Reddish (229 points)",
        "canvasX": 649.6735214715669,
        "canvasY": 594.4706562411626,
        "variant": "northing_easting_direct"
      }
    },
    {
      "type": "Feature",
      "geometry": {
        "type": "Point",
        "coordinates": [
          13.262947845621966,
          -8.873323942883871,
          4.600790829639999
        ]
      },
      "properties": {
        "id": "0_122",
        "camera": "R0 - Reddish (Point)",
        "frame": "0310",
        "image": "pano_camera0/frame_0310_hp_preview.jpg",
        "frameId": "0310",
        "height": -1.353473,
        "coords2D": "2D: (397936.175, 808217.286)",
        "coords3D_original": "3D_Original: (-793548.981, 426441.300, 0.000)",
        "coords3D": "3D: (13.263, -8.873, 4.601)",
        "coordsMtEden": "MtEden: (397936.175, 808217.286, -1.353)",
        "easting": 397936.1754478456,
        "northing": 808217.2856760571,
        "longitude": 174.74103707864703,
        "latitude": -36.80566608744472,
        "group": "R0 - Reddish (229 points)",
        "canvasX": 661.2281719991902,
        "canvasY": 582.0425270889331,
        "variant": "northing_easting_direct"
      }
    },
    {
      "type": "Feature",
      "geometry": {
        "type": "Point",
        "coordinates": [
          13.968000495515298,
          -8.82271068287082,
          4.56531182588
        ]
      },
      "properties": {
        "id": "0_123",
        "camera": "R0 - Reddish (Point)",
        "frame": "0311",
        "image": "pano_camera0/frame_0311_hp_preview.jpg",
        "frameId": "0311",
        "height": -1.574459,
        "coords2D": "2D: (397936.881, 808217.336)",
        "coords3D_original": "3D_Original: (-793548.981, 426441.300, 0.000)",
        "coords3D": "3D: (13.968, -8.823, 4.565)",
        "coordsMtEden": "MtEden: (397936.881, 808217.336, -1.574)",
        "easting": 397936.8805004955,
        "northing": 808217.3362893171,
        "longitude": 174.74104498041325,
        "latitude": -36.80566563285346,
        "group": "R0 - Reddish (229 points)",
        "canvasX": 672.7784182057242,
        "canvasY": 581.2133753727518,
        "variant": "northing_easting_direct"
      }
    },
    {
      "type": "Feature",
      "geometry": {
        "type": "Point",
        "coordinates": [
          14.898908331408165,
          -9.162765814457089,
          4.6054463415999995
        ]
      },
      "properties": {
        "id": "0_124",
        "camera": "R0 - Reddish (Point)",
        "frame": "0312",
        "image": "pano_camera0/frame_0312_hp_preview.jpg",
        "frameId": "0312",
        "height": -1.989563,
        "coords2D": "2D: (397937.811, 808216.996)",
        "coords3D_original": "3D_Original: (-793548.981, 426441.300, 0.000)",
        "coords3D": "3D: (14.899, -9.163, 4.605)",
        "coordsMtEden": "MtEden: (397937.811, 808216.996, -1.990)",
        "easting": 397937.8114083314,
        "northing": 808216.9962341855,
        "longitude": 174.74105541231373,
        "latitude": -36.805668699464874,
        "group": "R0 - Reddish (229 points)",
        "canvasX": 688.0286476764646,
        "canvasY": 586.784194081861,
        "variant": "northing_easting_direct"
      }
    },
    {
      "type": "Feature",
      "geometry": {
        "type": "Point",
        "coordinates": [
          15.511298742960207,
          -9.513451275182888,
          4.6083662892
        ]
      },
      "properties": {
        "id": "0_125",
        "camera": "R0 - Reddish (Point)",
        "frame": "0313",
        "image": "pano_camera0/frame_0313_hp_preview.jpg",
        "frameId": "0313",
        "height": -2.301038,
        "coords2D": "2D: (397938.424, 808216.646)",
        "coords3D_original": "3D_Original: (-793548.981, 426441.300, 0.000)",
        "coords3D": "3D: (15.511, -9.513, 4.608)",
        "coordsMtEden": "MtEden: (397938.424, 808216.646, -2.301)",
        "easting": 397938.42379874294,
        "northing": 808216.6455487248,
        "longitude": 174.74106227451418,
        "latitude": -36.8056718611827,
        "group": "R0 - Reddish (229 points)",
        "canvasX": 698.0608914089164,
        "canvasY": 592.5291599557963,
        "variant": "northing_easting_direct"
      }
    },
    {
      "type": "Feature",
      "geometry": {
        "type": "Point",
        "coordinates": [
          16.02352040441474,
          -9.8770589659689,
          4.60481642032
        ]
      },
      "properties": {
        "id": "0_126",
        "camera": "R0 - Reddish (Point)",
        "frame": "0314",
        "image": "pano_camera0/frame_0314_hp_preview.jpg",
        "frameId": "0314",
        "height": -2.582849,
        "coords2D": "2D: (397938.936, 808216.282)",
        "coords3D_original": "3D_Original: (-793548.981, 426441.300, 0.000)",
        "coords3D": "3D: (16.024, -9.877, 4.605)",
        "coordsMtEden": "MtEden: (397938.936, 808216.282, -2.583)",
        "easting": 397938.9360204044,
        "northing": 808216.281941034,
        "longitude": 174.74106801407413,
        "latitude": -36.805675139137506,
        "group": "R0 - Reddish (229 points)",
        "canvasX": 706.452160206267,
        "canvasY": 598.4858191512355,
        "variant": "northing_easting_direct"
      }
    },
    {
      "type": "Feature",
      "geometry": {
        "type": "Point",
        "coordinates": [
          17.298404061468318,
          -10.733153520035557,
          4.60956051496
        ]
      },
      "properties": {
        "id": "0_127",
        "camera": "R0 - Reddish (Point)",
        "frame": "0315",
        "image": "pano_camera0/frame_0315_hp_preview.jpg",
        "frameId": "0315",
        "height": -3.269538,
        "coords2D": "2D: (397940.211, 808215.426)",
        "coords3D_original": "3D_Original: (-793548.981, 426441.300, 0.000)",
        "coords3D": "3D: (17.298, -10.733, 4.610)",
        "coordsMtEden": "MtEden: (397940.211, 808215.426, -3.270)",
        "easting": 397940.21090406145,
        "northing": 808215.42584648,
        "longitude": 174.74108229956923,
        "latitude": -36.80568285705275,
        "group": "R0 - Reddish (229 points)",
        "canvasX": 727.3374375335065,
        "canvasY": 612.5104496192477,
        "variant": "northing_easting_direct"
      }
    },
    {
      "type": "Feature",
      "geometry": {
        "type": "Point",
        "coordinates": [
          17.398024478228763,
          -10.78767888166476,
          4.6219981794
        ]
      },
      "properties": {
        "id": "0_128",
        "camera": "R0 - Reddish (Point)",
        "frame": "0316",
        "image": "pano_camera0/frame_0316_hp_preview.jpg",
        "frameId": "0316",
        "height": -3.319462,
        "coords2D": "2D: (397940.311, 808215.371)",
        "coords3D_original": "3D_Original: (-793548.981, 426441.300, 0.000)",
        "coords3D": "3D: (17.398, -10.788, 4.622)",
        "coordsMtEden": "MtEden: (397940.311, 808215.371, -3.319)",
        "easting": 397940.3105244782,
        "northing": 808215.3713211183,
        "longitude": 174.74108341588268,
        "latitude": -36.80568334865308,
        "group": "R0 - Reddish (229 points)",
        "canvasX": 728.9694296145184,
        "canvasY": 613.4036897927253,
        "variant": "northing_easting_direct"
      }
    },
    {
      "type": "Feature",
      "geometry": {
        "type": "Point",
        "coordinates": [
          18.28516288177343,
          -11.247350493329577,
          4.5910762624
        ]
      },
      "properties": {
        "id": "0_129",
        "camera": "R0 - Reddish (Point)",
        "frame": "0317",
        "image": "pano_camera0/frame_0317_hp_preview.jpg",
        "frameId": "0317",
        "height": -3.756129,
        "coords2D": "2D: (397941.198, 808214.912)",
        "coords3D_original": "3D_Original: (-793548.981, 426441.300, 0.000)",
        "coords3D": "3D: (18.285, -11.247, 4.591)",
        "coordsMtEden": "MtEden: (397941.198, 808214.912, -3.756)",
        "easting": 397941.19766288175,
        "northing": 808214.9116495067,
        "longitude": 174.74109335693302,
        "latitude": -36.80568749315206,
        "group": "R0 - Reddish (229 points)",
        "canvasX": 743.502623668997,
        "canvasY": 620.9340781821027,
        "variant": "northing_easting_direct"
      }
    },
    {
      "type": "Feature",
      "geometry": {
        "type": "Point",
        "coordinates": [
          19.34361699776491,
          -11.376447118353099,
          4.56736235088
        ]
      },
      "properties": {
        "id": "0_130",
        "camera": "R0 - Reddish (Point)",
        "frame": "0318",
        "image": "pano_camera0/frame_0318_hp_preview.jpg",
        "frameId": "0318",
        "height": -4.149968,
        "coords2D": "2D: (397942.256, 808214.783)",
        "coords3D_original": "3D_Original: (-793548.981, 426441.300, 0.000)",
        "coords3D": "3D: (19.344, -11.376, 4.567)",
        "coordsMtEden": "MtEden: (397942.256, 808214.783, -4.150)",
        "easting": 397942.25611699774,
        "northing": 808214.7825528816,
        "longitude": 174.74110521883895,
        "latitude": -36.805688658874175,
        "group": "R0 - Reddish (229 points)",
        "canvasX": 760.8423296321268,
        "canvasY": 623.0489525878771,
        "variant": "northing_easting_direct"
      }
    },
    {
      "type": "Feature",
      "geometry": {
        "type": "Point",
        "coordinates": [
          19.54839337116573,
          -11.183177733211778,
          4.575607101799999
        ]
      },
      "properties": {
        "id": "0_131",
        "camera": "R0 - Reddish (Point)",
        "frame": "0319",
        "image": "pano_camera0/frame_0319_hp_preview.jpg",
        "frameId": "0319",
        "height": -4.160091,
        "coords2D": "2D: (397942.461, 808214.976)",
        "coords3D_original": "3D_Original: (-793548.981, 426441.300, 0.000)",
        "coords3D": "3D: (19.548, -11.183, 4.576)",
        "coordsMtEden": "MtEden: (397942.461, 808214.976, -4.160)",
        "easting": 397942.46089337114,
        "northing": 808214.9758222668,
        "longitude": 174.7411075143209,
        "latitude": -36.80568691757163,
        "group": "R0 - Reddish (229 points)",
        "canvasX": 764.1969975859683,
        "canvasY": 619.8827933184359,
        "variant": "northing_easting_direct"
      }
    },
    {
      "type": "Feature",
      "geometry": {
        "type": "Point",
        "coordinates": [
          19.901108343503438,
          -10.47505253565032,
          4.65932757692
        ]
      },
      "properties": {
        "id": "0_132",
        "camera": "R0 - Reddish (Point)",
        "frame": "0320",
        "image": "pano_camera0/frame_0320_hp_preview.jpg",
        "frameId": "0320",
        "height": -4.06373,
        "coords2D": "2D: (397942.814, 808215.684)",
        "coords3D_original": "3D_Original: (-793548.981, 426441.300, 0.000)",
        "coords3D": "3D: (19.901, -10.475, 4.659)",
        "coordsMtEden": "MtEden: (397942.814, 808215.684, -4.064)",
        "easting": 397942.8136083435,
        "northing": 808215.6839474643,
        "longitude": 174.74111146916388,
        "latitude": -36.80568053669963,
        "group": "R0 - Reddish (229 points)",
        "canvasX": 769.9752111304883,
        "canvasY": 608.2822123160065,
        "variant": "northing_easting_direct"
      }
    },
    {
      "type": "Feature",
      "geometry": {
        "type": "Point",
        "coordinates": [
          19.891552115383092,
          -8.903713639359921,
          4.69459004524
        ]
      },
      "properties": {
        "id": "0_133",
        "camera": "R0 - Reddish (Point)",
        "frame": "0321",
        "image": "pano_camera0/frame_0321_hp_preview.jpg",
        "frameId": "0321",
        "height": -3.584243,
        "coords2D": "2D: (397942.804, 808217.255)",
        "coords3D_original": "3D_Original: (-793548.981, 426441.300, 0.000)",
        "coords3D": "3D: (19.892, -8.904, 4.695)",
        "coordsMtEden": "MtEden: (397942.804, 808217.255, -3.584)",
        "easting": 397942.80405211536,
        "northing": 808217.2552863606,
        "longitude": 174.74111136631117,
        "latitude": -36.8056663757415,
        "group": "R0 - Reddish (229 points)",
        "canvasX": 769.8186600026113,
        "canvasY": 582.5403742731557,
        "variant": "northing_easting_direct"
      }
    },
    {
      "type": "Feature",
      "geometry": {
        "type": "Point",
        "coordinates": [
          19.8801628954825,
          -8.809276259620674,
          4.69367797172
        ]
      },
      "properties": {
        "id": "0_134",
        "camera": "R0 - Reddish (Point)",
        "frame": "0322",
        "image": "pano_camera0/frame_0322_hp_preview.jpg",
        "frameId": "0322",
        "height": -3.551875,
        "coords2D": "2D: (397942.793, 808217.350)",
        "coords3D_original": "3D_Original: (-793548.981, 426441.300, 0.000)",
        "coords3D": "3D: (19.880, -8.809, 4.694)",
        "coordsMtEden": "MtEden: (397942.793, 808217.350, -3.552)",
        "easting": 397942.79266289546,
        "northing": 808217.3497237404,
        "longitude": 174.74111123892564,
        "latitude": -36.80566552464523,
        "group": "R0 - Reddish (229 points)",
        "canvasX": 769.6320806113217,
        "canvasY": 580.9932912467004,
        "variant": "northing_easting_direct"
      }
    },
    {
      "type": "Feature",
      "geometry": {
        "type": "Point",
        "coordinates": [
          19.28647057909984,
          -7.927210274385288,
          4.6607120914
        ]
      },
      "properties": {
        "id": "0_135",
        "camera": "R0 - Reddish (Point)",
        "frame": "0323",
        "image": "pano_camera0/frame_0323_hp_preview.jpg",
        "frameId": "0323",
        "height": -3.085604,
        "coords2D": "2D: (397942.199, 808218.232)",
        "coords3D_original": "3D_Original: (-793548.981, 426441.300, 0.000)",
        "coords3D": "3D: (19.286, -7.927, 4.661)",
        "coordsMtEden": "MtEden: (397942.199, 808218.232, -3.086)",
        "easting": 397942.1989705791,
        "northing": 808218.2317897256,
        "longitude": 174.7411045877121,
        "latitude": -36.805657574158985,
        "group": "R0 - Reddish (229 points)",
        "canvasX": 759.9061510287966,
        "canvasY": 566.5431940790078,
        "variant": "northing_easting_direct"
      }
    },
    {
      "type": "Feature",
      "geometry": {
        "type": "Point",
        "coordinates": [
          18.419895278464537,
          -7.315483363461681,
          4.69342862788
        ]
      },
      "properties": {
        "id": "0_136",
        "camera": "R0 - Reddish (Point)",
        "frame": "0324",
        "image": "pano_camera0/frame_0324_hp_preview.jpg",
        "frameId": "0324",
        "height": -2.609732,
        "coords2D": "2D: (397941.332, 808218.844)",
        "coords3D_original": "3D_Original: (-793548.981, 426441.300, 0.000)",
        "coords3D": "3D: (18.420, -7.315, 4.693)",
        "coordsMtEden": "MtEden: (397941.332, 808218.844, -2.610)",
        "easting": 397941.33239527844,
        "northing": 808218.8435166365,
        "longitude": 174.7410948775298,
        "latitude": -36.80565205938025,
        "group": "R0 - Reddish (229 points)",
        "canvasX": 745.7098238751173,
        "canvasY": 556.521819882536,
        "variant": "northing_easting_direct"
      }
    },
    {
      "type": "Feature",
      "geometry": {
        "type": "Point",
        "coordinates": [
          18.349980775325093,
          -7.232910450780764,
          4.66935054312
        ]
      },
      "properties": {
        "id": "0_137",
        "camera": "R0 - Reddish (Point)",
        "frame": "0325",
        "image": "pano_camera0/frame_0325_hp_preview.jpg",
        "frameId": "0325",
        "height": -2.561348,
        "coords2D": "2D: (397941.262, 808218.926)",
        "coords3D_original": "3D_Original: (-793548.981, 426441.300, 0.000)",
        "coords3D": "3D: (18.350, -7.233, 4.669)",
        "coordsMtEden": "MtEden: (397941.262, 808218.926, -2.561)",
        "easting": 397941.2624807753,
        "northing": 808218.9260895492,
        "longitude": 174.74109409421106,
        "latitude": -36.8056513150795,
        "group": "R0 - Reddish (229 points)",
        "canvasX": 744.5644771763714,
        "canvasY": 555.1691017967281,
        "variant": "northing_easting_direct"
      }
    },
    {
      "type": "Feature",
      "geometry": {
        "type": "Point",
        "coordinates": [
          17.934811376442667,
          -6.208890363224782,
          4.66611891572
        ]
      },
      "properties": {
        "id": "0_138",
        "camera": "R0 - Reddish (Point)",
        "frame": "0326",
        "image": "pano_camera0/frame_0326_hp_preview.jpg",
        "frameId": "0326",
        "height": -2.11189,
        "coords2D": "2D: (397940.847, 808219.950)",
        "coords3D_original": "3D_Original: (-793548.981, 426441.300, 0.000)",
        "coords3D": "3D: (17.935, -6.209, 4.666)",
        "coordsMtEden": "MtEden: (397940.847, 808219.950, -2.112)",
        "easting": 397940.8473113764,
        "northing": 808219.9501096368,
        "longitude": 174.7410894441165,
        "latitude": -36.805642085687346,
        "group": "R0 - Reddish (229 points)",
        "canvasX": 737.7631286878527,
        "canvasY": 538.3934976854681,
        "variant": "northing_easting_direct"
      }
    },
    {
      "type": "Feature",
      "geometry": {
        "type": "Point",
        "coordinates": [
          18.24670926766703,
          -5.69968500349205,
          4.66810710476
        ]
      },
      "properties": {
        "id": "0_139",
        "camera": "R0 - Reddish (Point)",
        "frame": "0327",
        "image": "pano_camera0/frame_0327_hp_preview.jpg",
        "frameId": "0327",
        "height": -2.062078,
        "coords2D": "2D: (397941.159, 808220.459)",
        "coords3D_original": "3D_Original: (-793548.981, 426441.300, 0.000)",
        "coords3D": "3D: (18.247, -5.700, 4.668)",
        "coordsMtEden": "MtEden: (397941.159, 808220.459, -2.062)",
        "easting": 397941.15920926764,
        "northing": 808220.4593149965,
        "longitude": 174.74109294097795,
        "latitude": -36.8056374973967,
        "group": "R0 - Reddish (229 points)",
        "canvasX": 742.8726725434684,
        "canvasY": 530.0516422571153,
        "variant": "northing_easting_direct"
      }
    },
    {
      "type": "Feature",
      "geometry": {
        "type": "Point",
        "coordinates": [
          18.511586630367674,
          -5.538243023096584,
          4.702368916879999
        ]
      },
      "properties": {
        "id": "0_140",
        "camera": "R0 - Reddish (Point)",
        "frame": "0328",
        "image": "pano_camera0/frame_0328_hp_preview.jpg",
        "frameId": "0328",
        "height": -2.101845,
        "coords2D": "2D: (397941.424, 808220.621)",
        "coords3D_original": "3D_Original: (-793548.981, 426441.300, 0.000)",
        "coords3D": "3D: (18.512, -5.538, 4.702)",
        "coordsMtEden": "MtEden: (397941.424, 808220.621, -2.102)",
        "easting": 397941.42408663034,
        "northing": 808220.6207569769,
        "longitude": 174.741095909933,
        "latitude": -36.80563604305424,
        "group": "R0 - Reddish (229 points)",
        "canvasX": 747.2119211856083,
        "canvasY": 527.4068828613124,
        "variant": "northing_easting_direct"
      }
    },
    {
      "type": "Feature",
      "geometry": {
        "type": "Point",
        "coordinates": [
          19.02430336200632,
          -5.425114503363147,
          4.7213846655200005
        ]
      },
      "properties": {
        "id": "0_141",
        "camera": "R0 - Reddish (Point)",
        "frame": "0329",
        "image": "pano_camera0/frame_0329_hp_preview.jpg",
        "frameId": "0329",
        "height": -2.239411,
        "coords2D": "2D: (397941.937, 808220.734)",
        "coords3D_original": "3D_Original: (-793548.981, 426441.300, 0.000)",
        "coords3D": "3D: (19.024, -5.425, 4.721)",
        "coordsMtEden": "MtEden: (397941.937, 808220.734, -2.239)",
        "easting": 397941.936803362,
        "northing": 808220.7338854966,
        "longitude": 174.7411016563286,
        "latitude": -36.80563502465229,
        "group": "R0 - Reddish (229 points)",
        "canvasX": 755.6113002749803,
        "canvasY": 525.5535996252632,
        "variant": "northing_easting_direct"
      }
    },
    {
      "type": "Feature",
      "geometry": {
        "type": "Point",
        "coordinates": [
          19.764782294107135,
          -5.039560469798744,
          4.75013794728
        ]
      },
      "properties": {
        "id": "0_142",
        "camera": "R0 - Reddish (Point)",
        "frame": "0330",
        "image": "pano_camera0/frame_0330_hp_preview.jpg",
        "frameId": "0330",
        "height": -2.37076,
        "coords2D": "2D: (397942.677, 808221.119)",
        "coords3D_original": "3D_Original: (-793548.981, 426441.300, 0.000)",
        "coords3D": "3D: (19.765, -5.040, 4.750)",
        "coordsMtEden": "MtEden: (397942.677, 808221.119, -2.371)",
        "easting": 397942.6772822941,
        "northing": 808221.1194395302,
        "longitude": 174.74110995602365,
        "latitude": -36.805631551640765,
        "group": "R0 - Reddish (229 points)",
        "canvasX": 767.741903539715,
        "canvasY": 519.2374131465716,
        "variant": "northing_easting_direct"
      }
    },
    {
      "type": "Feature",
      "geometry": {
        "type": "Point",
        "coordinates": [
          19.79057945648674,
          -4.715268979081884,
          4.7501313856
        ]
      },
      "properties": {
        "id": "0_143",
        "camera": "R0 - Reddish (Point)",
        "frame": "0331",
        "image": "pano_camera0/frame_0331_hp_preview.jpg",
        "frameId": "0331",
        "height": -2.28112,
        "coords2D": "2D: (397942.703, 808221.444)",
        "coords3D_original": "3D_Original: (-793548.981, 426441.300, 0.000)",
        "coords3D": "3D: (19.791, -4.715, 4.750)",
        "coordsMtEden": "MtEden: (397942.703, 808221.444, -2.281)",
        "easting": 397942.70307945646,
        "northing": 808221.4437310209,
        "longitude": 174.7411102460123,
        "latitude": -36.80562862917543,
        "group": "R0 - Reddish (229 points)",
        "canvasX": 768.1645153503143,
        "canvasY": 513.9248360490095,
        "variant": "northing_easting_direct"
      }
    },
    {
      "type": "Feature",
      "geometry": {
        "type": "Point",
        "coordinates": [
          18.90877343242755,
          -4.369839393999428,
          4.71469503276
        ]
      },
      "properties": {
        "id": "0_144",
        "camera": "R0 - Reddish (Point)",
        "frame": "0332",
        "image": "pano_camera0/frame_0332_hp_preview.jpg",
        "frameId": "0332",
        "height": -1.880987,
        "coords2D": "2D: (397941.821, 808221.789)",
        "coords3D_original": "3D_Original: (-793548.981, 426441.300, 0.000)",
        "coords3D": "3D: (18.909, -4.370, 4.715)",
        "coordsMtEden": "MtEden: (397941.821, 808221.789, -1.881)",
        "easting": 397941.8212734324,
        "northing": 808221.789160606,
        "longitude": 174.74110036442062,
        "latitude": -36.80562551424085,
        "group": "R0 - Reddish (229 points)",
        "canvasX": 753.7186768932877,
        "canvasY": 508.265972481694,
        "variant": "northing_easting_direct"
      }
    },
    {
      "type": "Feature",
      "geometry": {
        "type": "Point",
        "coordinates": [
          18.44345639727544,
          -4.46025361167267,
          4.68448505804
        ]
      },
      "properties": {
        "id": "0_145",
        "camera": "R0 - Reddish (Point)",
        "frame": "0333",
        "image": "pano_camera0/frame_0333_hp_preview.jpg",
        "frameId": "0333",
        "height": -1.752377,
        "coords2D": "2D: (397941.356, 808221.699)",
        "coords3D_original": "3D_Original: (-793548.981, 426441.300, 0.000)",
        "coords3D": "3D: (18.443, -4.460, 4.684)",
        "coordsMtEden": "MtEden: (397941.356, 808221.699, -1.752)",
        "easting": 397941.35595639725,
        "northing": 808221.6987463883,
        "longitude": 174.74109514930223,
        "latitude": -36.80562632804405,
        "group": "R0 - Reddish (229 points)",
        "canvasX": 746.0958045859221,
        "canvasY": 509.7471476454065,
        "variant": "northing_easting_direct"
      }
    },
    {
      "type": "Feature",
      "geometry": {
        "type": "Point",
        "coordinates": [
          17.583717092638835,
          -4.47923405340407,
          4.667339388199999
        ]
      },
      "properties": {
        "id": "0_146",
        "camera": "R0 - Reddish (Point)",
        "frame": "0334",
        "image": "pano_camera0/frame_0334_hp_preview.jpg",
        "frameId": "0334",
        "height": -1.470004,
        "coords2D": "2D: (397940.496, 808221.680)",
        "coords3D_original": "3D_Original: (-793548.981, 426441.300, 0.000)",
        "coords3D": "3D: (17.584, -4.479, 4.667)",
        "coordsMtEden": "MtEden: (397940.496, 808221.680, -1.470)",
        "easting": 397940.4962170926,
        "northing": 808221.6797659466,
        "longitude": 174.7410855140306,
        "latitude": -36.805626497226626,
        "group": "R0 - Reddish (229 points)",
        "canvasX": 732.0114654328833,
        "canvasY": 510.0580872250312,
        "variant": "northing_easting_direct"
      }
    },
    {
      "type": "Feature",
      "geometry": {
        "type": "Point",
        "coordinates": [
          17.140090404485818,
          -4.382270413101651,
          4.67462941468
        ]
      },
      "properties": {
        "id": "0_147",
        "camera": "R0 - Reddish (Point)",
        "frame": "0335",
        "image": "pano_camera0/frame_0335_hp_preview.jpg",
        "frameId": "0335",
        "height": -1.291863,
        "coords2D": "2D: (397940.053, 808221.777)",
        "coords3D_original": "3D_Original: (-793548.981, 426441.300, 0.000)",
        "coords3D": "3D: (17.140, -4.382, 4.675)",
        "coordsMtEden": "MtEden: (397940.053, 808221.777, -1.292)",
        "easting": 397940.05259040446,
        "northing": 808221.7767295869,
        "longitude": 174.74108054250573,
        "latitude": -36.80562562242339,
        "group": "R0 - Reddish (229 points)",
        "canvasX": 724.7439266572022,
        "canvasY": 508.4696187349525,
        "variant": "northing_easting_direct"
      }
    },
    {
      "type": "Feature",
      "geometry": {
        "type": "Point",
        "coordinates": [
          16.640638835087884,
          -4.297242834698409,
          4.64320552916
        ]
      },
      "properties": {
        "id": "0_148",
        "camera": "R0 - Reddish (Point)",
        "frame": "0336",
        "image": "pano_camera0/frame_0336_hp_preview.jpg",
        "frameId": "0336",
        "height": -1.098765,
        "coords2D": "2D: (397939.553, 808221.862)",
        "coords3D_original": "3D_Original: (-793548.981, 426441.300, 0.000)",
        "coords3D": "3D: (16.641, -4.297, 4.643)",
        "coordsMtEden": "MtEden: (397939.553, 808221.862, -1.099)",
        "easting": 397939.55313883506,
        "northing": 808221.8617571653,
        "longitude": 174.74107494531134,
        "latitude": -36.80562485506649,
        "group": "R0 - Reddish (229 points)",
        "canvasX": 716.5618588422332,
        "canvasY": 507.076688057838,
        "variant": "northing_easting_direct"
      }
    },
    {
      "type": "Feature",
      "geometry": {
        "type": "Point",
        "coordinates": [
          15.550479931407608,
          -3.987396023934707,
          4.61282166992
        ]
      },
      "properties": {
        "id": "0_149",
        "camera": "R0 - Reddish (Point)",
        "frame": "0337",
        "image": "pano_camera0/frame_0337_hp_preview.jpg",
        "frameId": "0337",
        "height": -0.639499,
        "coords2D": "2D: (397938.463, 808222.172)",
        "coords3D_original": "3D_Original: (-793548.981, 426441.300, 0.000)",
        "coords3D": "3D: (15.550, -3.987, 4.613)",
        "coordsMtEden": "MtEden: (397938.463, 808222.172, -0.639)",
        "easting": 397938.4629799314,
        "northing": 808222.171603976,
        "longitude": 174.74106272858506,
        "latitude": -36.805622060348036,
        "group": "R0 - Reddish (229 points)",
        "canvasX": 698.702761733025,
        "canvasY": 502.00074521695853,
        "variant": "northing_easting_direct"
      }
    },
    {
      "type": "Feature",
      "geometry": {
        "type": "Point",
        "coordinates": [
          15.007364331977442,
          -3.8261504360707477,
          4.6216372869999995
        ]
      },
      "properties": {
        "id": "0_150",
        "camera": "R0 - Reddish (Point)",
        "frame": "0338",
        "image": "pano_camera0/frame_0338_hp_preview.jpg",
        "frameId": "0338",
        "height": -0.408591,
        "coords2D": "2D: (397937.920, 808222.333)",
        "coords3D_original": "3D_Original: (-793548.981, 426441.300, 0.000)",
        "coords3D": "3D: (15.007, -3.826, 4.622)",
        "coordsMtEden": "MtEden: (397937.920, 808222.333, -0.409)",
        "easting": 397937.91986433195,
        "northing": 808222.3328495639,
        "longitude": 174.74105664224854,
        "latitude": -36.805620606017,
        "group": "R0 - Reddish (229 points)",
        "canvasX": 689.8053852143154,
        "canvasY": 499.3592031437912,
        "variant": "northing_easting_direct"
      }
    },
    {
      "type": "Feature",
      "geometry": {
        "type": "Point",
        "coordinates": [
          13.646130643843208,
          -3.3071436281315982,
          4.60118453044
        ]
      },
      "properties": {
        "id": "0_151",
        "camera": "R0 - Reddish (Point)",
        "frame": "0339",
        "image": "pano_camera0/frame_0339_hp_preview.jpg",
        "frameId": "0339",
        "height": 0.204905,
        "coords2D": "2D: (397936.559, 808222.852)",
        "coords3D_original": "3D_Original: (-793548.981, 426441.300, 0.000)",
        "coords3D": "3D: (13.646, -3.307, 4.601)",
        "coordsMtEden": "MtEden: (397936.559, 808222.852, 0.205)",
        "easting": 397936.5586306438,
        "northing": 808222.8518563719,
        "longitude": 174.74104138811722,
        "latitude": -36.80561592575192,
        "group": "R0 - Reddish (229 points)",
        "canvasX": 667.5055126521211,
        "canvasY": 490.8567793652506,
        "variant": "northing_easting_direct"
      }
    },
    {
      "type": "Feature",
      "geometry": {
        "type": "Point",
        "coordinates": [
          12.839119248325005,
          -2.86501540010795,
          4.68636169852
        ]
      },
      "properties": {
        "id": "0_152",
        "camera": "R0 - Reddish (Point)",
        "frame": "0340",
        "image": "pano_camera0/frame_0340_hp_preview.jpg",
        "frameId": "0340",
        "height": 0.609338,
        "coords2D": "2D: (397935.752, 808223.294)",
        "coords3D_original": "3D_Original: (-793548.981, 426441.300, 0.000)",
        "coords3D": "3D: (12.839, -2.865, 4.686)",
        "coordsMtEden": "MtEden: (397935.752, 808223.294, 0.609)",
        "easting": 397935.7516192483,
        "northing": 808223.2939845999,
        "longitude": 174.74103234502593,
        "latitude": -36.805611939524546,
        "group": "R0 - Reddish (229 points)",
        "canvasX": 654.2849676180302,
        "canvasY": 483.6137885215744,
        "variant": "northing_easting_direct"
      }
    },
    {
      "type": "Feature",
      "geometry": {
        "type": "Point",
        "coordinates": [
          12.615607300074771,
          -2.7600899511016905,
          4.6662074984
        ]
      },
      "properties": {
        "id": "0_153",
        "camera": "R0 - Reddish (Point)",
        "frame": "0341",
        "image": "pano_camera0/frame_0341_hp_preview.jpg",
        "frameId": "0341",
        "height": 0.716036,
        "coords2D": "2D: (397935.528, 808223.399)",
        "coords3D_original": "3D_Original: (-793548.981, 426441.300, 0.000)",
        "coords3D": "3D: (12.616, -2.760, 4.666)",
        "coordsMtEden": "MtEden: (397935.528, 808223.399, 0.716)",
        "easting": 397935.52810730005,
        "northing": 808223.3989100489,
        "longitude": 174.7410298403808,
        "latitude": -36.805610993447026,
        "group": "R0 - Reddish (229 points)",
        "canvasX": 650.623371518884,
        "canvasY": 481.89488884831906,
        "variant": "northing_easting_direct"
      }
    },
    {
      "type": "Feature",
      "geometry": {
        "type": "Point",
        "coordinates": [
          11.925539577263407,
          -2.5189023714046925,
          4.6713584172
        ]
      },
      "properties": {
        "id": "0_154",
        "camera": "R0 - Reddish (Point)",
        "frame": "0342",
        "image": "pano_camera0/frame_0342_hp_preview.jpg",
        "frameId": "0342",
        "height": 1.020485,
        "coords2D": "2D: (397934.838, 808223.640)",
        "coords3D_original": "3D_Original: (-793548.981, 426441.300, 0.000)",
        "coords3D": "3D: (11.926, -2.519, 4.671)",
        "coordsMtEden": "MtEden: (397934.838, 808223.640, 1.020)",
        "easting": 397934.83803957724,
        "northing": 808223.6400976286,
        "longitude": 174.7410221073497,
        "latitude": -36.80560881835499,
        "group": "R0 - Reddish (229 points)",
        "canvasX": 639.31860995477,
        "canvasY": 477.94372870748344,
        "variant": "northing_easting_direct"
      }
    },
    {
      "type": "Feature",
      "geometry": {
        "type": "Point",
        "coordinates": [
          11.005330495245289,
          -2.383265826967545,
          4.684711436
        ]
      },
      "properties": {
        "id": "0_155",
        "camera": "R0 - Reddish (Point)",
        "frame": "0343",
        "image": "pano_camera0/frame_0343_hp_preview.jpg",
        "frameId": "0343",
        "height": 1.369897,
        "coords2D": "2D: (397933.918, 808223.776)",
        "coords3D_original": "3D_Original: (-793548.981, 426441.300, 0.000)",
        "coords3D": "3D: (11.005, -2.383, 4.685)",
        "coordsMtEden": "MtEden: (397933.918, 808223.776, 1.370)",
        "easting": 397933.9178304952,
        "northing": 808223.775734173,
        "longitude": 174.74101179480644,
        "latitude": -36.80560759398834,
        "group": "R0 - Reddish (229 points)",
        "canvasX": 624.2436485877403,
        "canvasY": 475.72171665923446,
        "variant": "northing_easting_direct"
      }
    },
    {
      "type": "Feature",
      "geometry": {
        "type": "Point",
        "coordinates": [
          10.500251091783866,
          -1.7946346196113154,
          4.71682101708
        ]
      },
      "properties": {
        "id": "0_156",
        "camera": "R0 - Reddish (Point)",
        "frame": "0344",
        "image": "pano_camera0/frame_0344_hp_preview.jpg",
        "frameId": "0344",
        "height": 1.717539,
        "coords2D": "2D: (397933.413, 808224.364)",
        "coords3D_original": "3D_Original: (-793548.981, 426441.300, 0.000)",
        "coords3D": "3D: (10.500, -1.795, 4.717)",
        "coordsMtEden": "MtEden: (397933.413, 808224.364, 1.718)",
        "easting": 397933.41275109176,
        "northing": 808224.3643653804,
        "longitude": 174.74100613590892,
        "latitude": -36.805602288129975,
        "group": "R0 - Reddish (229 points)",
        "canvasX": 615.9693850070266,
        "canvasY": 466.07869869404965,
        "variant": "northing_easting_direct"
      }
    },
    {
      "type": "Feature",
      "geometry": {
        "type": "Point",
        "coordinates": [
          11.010482018289622,
          -1.504264677874744,
          4.72911104372
        ]
      },
      "properties": {
        "id": "0_157",
        "camera": "R0 - Reddish (Point)",
        "frame": "0345",
        "image": "pano_camera0/frame_0345_hp_preview.jpg",
        "frameId": "0345",
        "height": 1.634547,
        "coords2D": "2D: (397933.923, 808224.655)",
        "coords3D_original": "3D_Original: (-793548.981, 426441.300, 0.000)",
        "coords3D": "3D: (11.010, -1.504, 4.729)",
        "coordsMtEden": "MtEden: (397933.923, 808224.655, 1.635)",
        "easting": 397933.92298201827,
        "northing": 808224.6547353221,
        "longitude": 174.74101185492538,
        "latitude": -36.805599672423675,
        "group": "R0 - Reddish (229 points)",
        "canvasX": 624.3280413765782,
        "canvasY": 461.32182795628984,
        "variant": "northing_easting_direct"
      }
    },
    {
      "type": "Feature",
      "geometry": {
        "type": "Point",
        "coordinates": [
          11.606050584407058,
          -1.4545955118956044,
          4.71856314312
        ]
      },
      "properties": {
        "id": "0_158",
        "camera": "R0 - Reddish (Point)",
        "frame": "0346",
        "image": "pano_camera0/frame_0346_hp_preview.jpg",
        "frameId": "0346",
        "height": 1.45,
        "coords2D": "2D: (397934.519, 808224.704)",
        "coords3D_original": "3D_Original: (-793548.981, 426441.300, 0.000)",
        "coords3D": "3D: (11.606, -1.455, 4.719)",
        "coordsMtEden": "MtEden: (397934.519, 808224.704, 1.450)",
        "easting": 397934.5185505844,
        "northing": 808224.7044044881,
        "longitude": 174.74101852967914,
        "latitude": -36.80559922610345,
        "group": "R0 - Reddish (229 points)",
        "canvasX": 634.0847078789509,
        "canvasY": 460.508142487894,
        "variant": "northing_easting_direct"
      }
    },
    {
      "type": "Feature",
      "geometry": {
        "type": "Point",
        "coordinates": [
          12.097335505939554,
          -1.5958369573345408,
          4.71616484908
        ]
      },
      "properties": {
        "id": "0_159",
        "camera": "R0 - Reddish (Point)",
        "frame": "0347",
        "image": "pano_camera0/frame_0347_hp_preview.jpg",
        "frameId": "0347",
        "height": 1.242631,
        "coords2D": "2D: (397935.010, 808224.563)",
        "coords3D_original": "3D_Original: (-793548.981, 426441.300, 0.000)",
        "coords3D": "3D: (12.097, -1.596, 4.716)",
        "coordsMtEden": "MtEden: (397935.010, 808224.563, 1.243)",
        "easting": 397935.0098355059,
        "northing": 808224.5631630427,
        "longitude": 174.74102403519393,
        "latitude": -36.8056005000457,
        "group": "R0 - Reddish (229 points)",
        "canvasX": 642.1329888153601,
        "canvasY": 462.82197460985765,
        "variant": "northing_easting_direct"
      }
    },
    {
      "type": "Feature",
      "geometry": {
        "type": "Point",
        "coordinates": [
          12.660587810038123,
          -1.7326280931010842,
          4.7202265290000005
        ]
      },
      "properties": {
        "id": "0_160",
        "camera": "R0 - Reddish (Point)",
        "frame": "0348",
        "image": "pano_camera0/frame_0348_hp_preview.jpg",
        "frameId": "0348",
        "height": 1.012405,
        "coords2D": "2D: (397935.573, 808224.426)",
        "coords3D_original": "3D_Original: (-793548.981, 426441.300, 0.000)",
        "coords3D": "3D: (12.661, -1.733, 4.720)",
        "coordsMtEden": "MtEden: (397935.573, 808224.426, 1.012)",
        "easting": 397935.57308781,
        "northing": 808224.4263719069,
        "longitude": 174.74103034726934,
        "latitude": -36.80560173403832,
        "group": "R0 - Reddish (229 points)",
        "canvasX": 651.3602469344008,
        "canvasY": 465.06290129420034,
        "variant": "northing_easting_direct"
      }
    },
    {
      "type": "Feature",
      "geometry": {
        "type": "Point",
        "coordinates": [
          13.995884623902384,
          -2.0535839578369632,
          4.68973440204
        ]
      },
      "properties": {
        "id": "0_161",
        "camera": "R0 - Reddish (Point)",
        "frame": "0349",
        "image": "pano_camera0/frame_0349_hp_preview.jpg",
        "frameId": "0349",
        "height": 0.467506,
        "coords2D": "2D: (397936.908, 808224.105)",
        "coords3D_original": "3D_Original: (-793548.981, 426441.300, 0.000)",
        "coords3D": "3D: (13.996, -2.054, 4.690)",
        "coordsMtEden": "MtEden: (397936.908, 808224.105, 0.468)",
        "easting": 397936.9083846239,
        "northing": 808224.1054160421,
        "longitude": 174.74104531125562,
        "latitude": -36.80560462940925,
        "group": "R0 - Reddish (229 points)",
        "canvasX": 673.2352189115287,
        "canvasY": 470.3208338194301,
        "variant": "northing_easting_direct"
      }
    },
    {
      "type": "Feature",
      "geometry": {
        "type": "Point",
        "coordinates": [
          14.6305730046588,
          -2.0392870688810945,
          4.651010647520001
        ]
      },
      "properties": {
        "id": "0_162",
        "camera": "R0 - Reddish (Point)",
        "frame": "0350",
        "image": "pano_camera0/frame_0350_hp_preview.jpg",
        "frameId": "0350",
        "height": 0.259145,
        "coords2D": "2D: (397937.543, 808224.120)",
        "coords3D_original": "3D_Original: (-793548.981, 426441.300, 0.000)",
        "coords3D": "3D: (14.631, -2.039, 4.651)",
        "coordsMtEden": "MtEden: (397937.543, 808224.120, 0.259)",
        "easting": 397937.54307300464,
        "northing": 808224.1197129311,
        "longitude": 174.74105242433504,
        "latitude": -36.805604501948025,
        "group": "R0 - Reddish (229 points)",
        "canvasX": 683.6327503055477,
        "canvasY": 470.08662068916203,
        "variant": "northing_easting_direct"
      }
    },
    {
      "type": "Feature",
      "geometry": {
        "type": "Point",
        "coordinates": [
          15.102880781865679,
          -2.0053614132339135,
          4.63989844244
        ]
      },
      "properties": {
        "id": "0_163",
        "camera": "R0 - Reddish (Point)",
        "frame": "0351",
        "image": "pano_camera0/frame_0351_hp_preview.jpg",
        "frameId": "0351",
        "height": 0.111172,
        "coords2D": "2D: (397938.015, 808224.154)",
        "coords3D_original": "3D_Original: (-793548.981, 426441.300, 0.000)",
        "coords3D": "3D: (15.103, -2.005, 4.640)",
        "coordsMtEden": "MtEden: (397938.015, 808224.154, 0.111)",
        "easting": 397938.01538078184,
        "northing": 808224.1536385868,
        "longitude": 174.7410577176456,
        "latitude": -36.80560419723797,
        "group": "R0 - Reddish (229 points)",
        "canvasX": 691.3701456803009,
        "canvasY": 469.53084705291536,
        "variant": "northing_easting_direct"
      }
    },
    {
      "type": "Feature",
      "geometry": {
        "type": "Point",
        "coordinates": [
          16.092311038344633,
          -1.5830119692254812,
          4.66261169776
        ]
      },
      "properties": {
        "id": "0_164",
        "camera": "R0 - Reddish (Point)",
        "frame": "0352",
        "image": "pano_camera0/frame_0352_hp_preview.jpg",
        "frameId": "0352",
        "height": -0.092409,
        "coords2D": "2D: (397939.005, 808224.576)",
        "coords3D_original": "3D_Original: (-793548.981, 426441.300, 0.000)",
        "coords3D": "3D: (16.092, -1.583, 4.663)",
        "coordsMtEden": "MtEden: (397939.005, 808224.576, -0.092)",
        "easting": 397939.0048110383,
        "northing": 808224.5759880308,
        "longitude": 174.74106880747078,
        "latitude": -36.805600393170415,
        "group": "R0 - Reddish (229 points)",
        "canvasX": 707.5790955617998,
        "canvasY": 462.61187431564747,
        "variant": "northing_easting_direct"
      }
    },
    {
      "type": "Feature",
      "geometry": {
        "type": "Point",
        "coordinates": [
          16.473650298954453,
          -1.2665572421392426,
          4.71508873356
        ]
      },
      "properties": {
        "id": "0_165",
        "camera": "R0 - Reddish (Point)",
        "frame": "0353",
        "image": "pano_camera0/frame_0353_hp_preview.jpg",
        "frameId": "0353",
        "height": -0.124343,
        "coords2D": "2D: (397939.386, 808224.892)",
        "coords3D_original": "3D_Original: (-793548.981, 426441.300, 0.000)",
        "coords3D": "3D: (16.474, -1.267, 4.715)",
        "coordsMtEden": "MtEden: (397939.386, 808224.892, -0.124)",
        "easting": 397939.38615029893,
        "northing": 808224.8924427578,
        "longitude": 174.7410730820489,
        "latitude": -36.80559754210402,
        "group": "R0 - Reddish (229 points)",
        "canvasX": 713.8262351890919,
        "canvasY": 457.42767989827485,
        "variant": "northing_easting_direct"
      }
    },
    {
      "type": "Feature",
      "geometry": {
        "type": "Point",
        "coordinates": [
          17.29160766885616,
          -0.9324935622280464,
          4.74471143792
        ]
      },
      "properties": {
        "id": "0_166",
        "camera": "R0 - Reddish (Point)",
        "frame": "0354",
        "image": "pano_camera0/frame_0354_hp_preview.jpg",
        "frameId": "0354",
        "height": -0.297271,
        "coords2D": "2D: (397940.204, 808225.227)",
        "coords3D_original": "3D_Original: (-793548.981, 426441.300, 0.000)",
        "coords3D": "3D: (17.292, -0.932, 4.745)",
        "coordsMtEden": "MtEden: (397940.204, 808225.227, -0.297)",
        "easting": 397940.20410766883,
        "northing": 808225.2265064378,
        "longitude": 174.74108224991335,
        "latitude": -36.80559453329511,
        "group": "R0 - Reddish (229 points)",
        "canvasX": 727.2260983197651,
        "canvasY": 451.9550137766095,
        "variant": "northing_easting_direct"
      }
    },
    {
      "type": "Feature",
      "geometry": {
        "type": "Point",
        "coordinates": [
          17.754016292805318,
          -1.0069379216292873,
          4.78624359148
        ]
      },
      "properties": {
        "id": "0_167",
        "camera": "R0 - Reddish (Point)",
        "frame": "0355",
        "image": "pano_camera0/frame_0355_hp_preview.jpg",
        "frameId": "0355",
        "height": -0.474842,
        "coords2D": "2D: (397940.667, 808225.152)",
        "coords3D_original": "3D_Original: (-793548.981, 426441.300, 0.000)",
        "coords3D": "3D: (17.754, -1.007, 4.786)",
        "coordsMtEden": "MtEden: (397940.667, 808225.152, -0.475)",
        "easting": 397940.6665162928,
        "northing": 808225.1520620784,
        "longitude": 174.7410874319889,
        "latitude": -36.80559520519493,
        "group": "R0 - Reddish (229 points)",
        "canvasX": 734.8013247301471,
        "canvasY": 453.1745690527041,
        "variant": "northing_easting_direct"
      }
    },
    {
      "type": "Feature",
      "geometry": {
        "type": "Point",
        "coordinates": [
          18.325123699149117,
          -1.757582001038827,
          4.803887949
        ]
      },
      "properties": {
        "id": "0_168",
        "camera": "R0 - Reddish (Point)",
        "frame": "0356",
        "image": "pano_camera0/frame_0356_hp_preview.jpg",
        "frameId": "0356",
        "height": -0.893678,
        "coords2D": "2D: (397941.238, 808224.401)",
        "coords3D_original": "3D_Original: (-793548.981, 426441.300, 0.000)",
        "coords3D": "3D: (18.325, -1.758, 4.804)",
        "coordsMtEden": "MtEden: (397941.238, 808224.401, -0.894)",
        "easting": 397941.2376236991,
        "northing": 808224.401417999,
        "longitude": 174.74109383043836,
        "latitude": -36.80560197125626,
        "group": "R0 - Reddish (229 points)",
        "canvasX": 744.1572659560309,
        "canvasY": 465.47169882260613,
        "variant": "northing_easting_direct"
      }
    },
    {
      "type": "Feature",
      "geometry": {
        "type": "Point",
        "coordinates": [
          18.694913837418426,
          -2.3084183945320547,
          4.74973112312
        ]
      },
      "properties": {
        "id": "0_169",
        "camera": "R0 - Reddish (Point)",
        "frame": "0357",
        "image": "pano_camera0/frame_0357_hp_preview.jpg",
        "frameId": "0357",
        "height": -1.184612,
        "coords2D": "2D: (397941.607, 808223.851)",
        "coords3D_original": "3D_Original: (-793548.981, 426441.300, 0.000)",
        "coords3D": "3D: (18.695, -2.308, 4.750)",
        "coordsMtEden": "MtEden: (397941.607, 808223.851, -1.185)",
        "easting": 397941.6074138374,
        "northing": 808223.8505816055,
        "longitude": 174.74109797323848,
        "latitude": -36.80560693620877,
        "group": "R0 - Reddish (229 points)",
        "canvasX": 750.2152066541023,
        "canvasY": 474.49555819754374,
        "variant": "northing_easting_direct"
      }
    },
    {
      "type": "Feature",
      "geometry": {
        "type": "Point",
        "coordinates": [
          18.766507710213773,
          -2.502720308722928,
          4.6857547431199995
        ]
      },
      "properties": {
        "id": "0_170",
        "camera": "R0 - Reddish (Point)",
        "frame": "0358",
        "image": "pano_camera0/frame_0358_hp_preview.jpg",
        "frameId": "0358",
        "height": -1.267478,
        "coords2D": "2D: (397941.679, 808223.656)",
        "coords3D_original": "3D_Original: (-793548.981, 426441.300, 0.000)",
        "coords3D": "3D: (18.767, -2.503, 4.686)",
        "coordsMtEden": "MtEden: (397941.679, 808223.656, -1.267)",
        "easting": 397941.6790077102,
        "northing": 808223.6562796913,
        "longitude": 174.74109877507573,
        "latitude": -36.805608687417134,
        "group": "R0 - Reddish (229 points)",
        "canvasX": 751.3880649611283,
        "canvasY": 477.6786324649211,
        "variant": "northing_easting_direct"
      }
    },
    {
      "type": "Feature",
      "geometry": {
        "type": "Point",
        "coordinates": [
          18.7577500329935,
          -2.5884212655946612,
          4.65441944028
        ]
      },
      "properties": {
        "id": "0_171",
        "camera": "R0 - Reddish (Point)",
        "frame": "0359",
        "image": "pano_camera0/frame_0359_hp_preview.jpg",
        "frameId": "0359",
        "height": -1.290529,
        "coords2D": "2D: (397941.670, 808223.571)",
        "coords3D_original": "3D_Original: (-793548.981, 426441.300, 0.000)",
        "coords3D": "3D: (18.758, -2.588, 4.654)",
        "coordsMtEden": "MtEden: (397941.670, 808223.571, -1.291)",
        "easting": 397941.67025003297,
        "northing": 808223.5705787344,
        "longitude": 174.74109867669557,
        "latitude": -36.80560945973683,
        "group": "R0 - Reddish (229 points)",
        "canvasX": 751.2445957778515,
        "canvasY": 479.0825944991122,
        "variant": "northing_easting_direct"
      }
    },
    {
      "type": "Feature",
      "geometry": {
        "type": "Point",
        "coordinates": [
          18.838098847540095,
          -2.5196558829629794,
          4.70561694848
        ]
      },
      "properties": {
        "id": "0_172",
        "camera": "R0 - Reddish (Point)",
        "frame": "0360",
        "image": "pano_camera0/frame_0360_hp_preview.jpg",
        "frameId": "0360",
        "height": -1.296555,
        "coords2D": "2D: (397941.751, 808223.639)",
        "coords3D_original": "3D_Original: (-793548.981, 426441.300, 0.000)",
        "coords3D": "3D: (18.838, -2.520, 4.706)",
        "coordsMtEden": "MtEden: (397941.751, 808223.639, -1.297)",
        "easting": 397941.7505988475,
        "northing": 808223.639344117,
        "longitude": 174.7410995773618,
        "latitude": -36.80560884019649,
        "group": "R0 - Reddish (229 points)",
        "canvasX": 752.5608784559929,
        "canvasY": 477.9560728121373,
        "variant": "northing_easting_direct"
      }
    },
    {
      "type": "Feature",
      "geometry": {
        "type": "Point",
        "coordinates": [
          18.845249993901234,
          -2.525726955384016,
          4.7021326964000005
        ]
      },
      "properties": {
        "id": "0_173",
        "camera": "R0 - Reddish (Point)",
        "frame": "0361",
        "image": "pano_camera0/frame_0361_hp_preview.jpg",
        "frameId": "0361",
        "height": -1.300755,
        "coords2D": "2D: (397941.758, 808223.633)",
        "coords3D_original": "3D_Original: (-793548.981, 426441.300, 0.000)",
        "coords3D": "3D: (18.845, -2.526, 4.702)",
        "coordsMtEden": "MtEden: (397941.758, 808223.633, -1.301)",
        "easting": 397941.7577499939,
        "northing": 808223.6332730446,
        "longitude": 174.74109965748926,
        "latitude": -36.80560889492466,
        "group": "R0 - Reddish (229 points)",
        "canvasX": 752.678029283053,
        "canvasY": 478.05552975618417,
        "variant": "northing_easting_direct"
      }
    },
    {
      "type": "Feature",
      "geometry": {
        "type": "Point",
        "coordinates": [
          19.445648906985298,
          -2.741138439741917,
          4.72994437708
        ]
      },
      "properties": {
        "id": "0_174",
        "camera": "R0 - Reddish (Point)",
        "frame": "0362",
        "image": "pano_camera0/frame_0362_hp_preview.jpg",
        "frameId": "0362",
        "height": -1.567292,
        "coords2D": "2D: (397942.358, 808223.418)",
        "coords3D_original": "3D_Original: (-793548.981, 426441.300, 0.000)",
        "coords3D": "3D: (19.446, -2.741, 4.730)",
        "coordsMtEden": "MtEden: (397942.358, 808223.418, -1.567)",
        "easting": 397942.35814890696,
        "northing": 808223.4178615602,
        "longitude": 174.74110638566137,
        "latitude": -36.80561083752213,
        "group": "R0 - Reddish (229 points)",
        "canvasX": 762.5138270341187,
        "canvasY": 481.5844232088306,
        "variant": "northing_easting_direct"
      }
    },
    {
      "type": "Feature",
      "geometry": {
        "type": "Point",
        "coordinates": [
          19.73794264346361,
          -2.609226680127904,
          4.74993125436
        ]
      },
      "properties": {
        "id": "0_175",
        "camera": "R0 - Reddish (Point)",
        "frame": "0363",
        "image": "pano_camera0/frame_0363_hp_preview.jpg",
        "frameId": "0363",
        "height": -1.625233,
        "coords2D": "2D: (397942.650, 808223.550)",
        "coords3D_original": "3D_Original: (-793548.981, 426441.300, 0.000)",
        "coords3D": "3D: (19.738, -2.609, 4.750)",
        "coordsMtEden": "MtEden: (397942.650, 808223.550, -1.625)",
        "easting": 397942.65044264344,
        "northing": 808223.5497733199,
        "longitude": 174.7411096617945,
        "latitude": -36.805609649365834,
        "group": "R0 - Reddish (229 points)",
        "canvasX": 767.302213576803,
        "canvasY": 479.423430974268,
        "variant": "northing_easting_direct"
      }
    },
    {
      "type": "Feature",
      "geometry": {
        "type": "Point",
        "coordinates": [
          20.152715405100025,
          -2.2068668390857056,
          4.856135326
        ]
      },
      "properties": {
        "id": "0_176",
        "camera": "R0 - Reddish (Point)",
        "frame": "0364",
        "image": "pano_camera0/frame_0364_hp_preview.jpg",
        "frameId": "0364",
        "height": -1.642408,
        "coords2D": "2D: (397943.065, 808223.952)",
        "coords3D_original": "3D_Original: (-793548.981, 426441.300, 0.000)",
        "coords3D": "3D: (20.153, -2.207, 4.856)",
        "coordsMtEden": "MtEden: (397943.065, 808223.952, -1.642)",
        "easting": 397943.0652154051,
        "northing": 808223.9521331609,
        "longitude": 174.74111431129757,
        "latitude": -36.805606024192,
        "group": "R0 - Reddish (229 points)",
        "canvasX": 774.0970643126793,
        "canvasY": 472.8319300012603,
        "variant": "northing_easting_direct"
      }
    },
    {
      "type": "Feature",
      "geometry": {
        "type": "Point",
        "coordinates": [
          20.183461057429668,
          -1.9933101027272642,
          4.86699162556
        ]
      },
      "properties": {
        "id": "0_177",
        "camera": "R0 - Reddish (Point)",
        "frame": "0365",
        "image": "pano_camera0/frame_0365_hp_preview.jpg",
        "frameId": "0365",
        "height": -1.587965,
        "coords2D": "2D: (397943.096, 808224.166)",
        "coords3D_original": "3D_Original: (-793548.981, 426441.300, 0.000)",
        "coords3D": "3D: (20.183, -1.993, 4.867)",
        "coordsMtEden": "MtEden: (397943.096, 808224.166, -1.588)",
        "easting": 397943.0959610574,
        "northing": 808224.1656898973,
        "longitude": 174.74111465644523,
        "latitude": -36.80560409968121,
        "group": "R0 - Reddish (229 points)",
        "canvasX": 774.6007428022872,
        "canvasY": 469.3334212247805,
        "variant": "northing_easting_direct"
      }
    },
    {
      "type": "Feature",
      "geometry": {
        "type": "Point",
        "coordinates": [
          19.597584812203422,
          -1.3284619427286088,
          4.8472114412
        ]
      },
      "properties": {
        "id": "0_178",
        "camera": "R0 - Reddish (Point)",
        "frame": "0366",
        "image": "pano_camera0/frame_0366_hp_preview.jpg",
        "frameId": "0366",
        "height": -1.190053,
        "coords2D": "2D: (397942.510, 808224.831)",
        "coords3D_original": "3D_Original: (-793548.981, 426441.300, 0.000)",
        "coords3D": "3D: (19.598, -1.328, 4.847)",
        "coordsMtEden": "MtEden: (397942.510, 808224.831, -1.190)",
        "easting": 397942.5100848122,
        "northing": 808224.8305380573,
        "longitude": 174.7411080922455,
        "latitude": -36.80559810678346,
        "group": "R0 - Reddish (229 points)",
        "canvasX": 765.0028569147463,
        "canvasY": 458.4418091746869,
        "variant": "northing_easting_direct"
      }
    },
    {
      "type": "Feature",
      "geometry": {
        "type": "Point",
        "coordinates": [
          19.46452623285586,
          -1.2772783528780565,
          4.8364896560799995
        ]
      },
      "properties": {
        "id": "0_179",
        "camera": "R0 - Reddish (Point)",
        "frame": "0367",
        "image": "pano_camera0/frame_0367_hp_preview.jpg",
        "frameId": "0367",
        "height": -1.13,
        "coords2D": "2D: (397942.377, 808224.882)",
        "coords3D_original": "3D_Original: (-793548.981, 426441.300, 0.000)",
        "coords3D": "3D: (19.465, -1.277, 4.836)",
        "coordsMtEden": "MtEden: (397942.377, 808224.882, -1.130)",
        "easting": 397942.37702623283,
        "northing": 808224.8817216471,
        "longitude": 174.74110660117802,
        "latitude": -36.805597645226804,
        "group": "R0 - Reddish (229 points)",
        "canvasX": 762.8230773593032,
        "canvasY": 457.60331425539863,
        "variant": "northing_easting_direct"
      }
    },
    {
      "type": "Feature",
      "geometry": {
        "type": "Point",
        "coordinates": [
          18.759535232558846,
          -1.0569638101151213,
          4.79275933972
        ]
      },
      "properties": {
        "id": "0_180",
        "camera": "R0 - Reddish (Point)",
        "frame": "0368",
        "image": "pano_camera0/frame_0368_hp_preview.jpg",
        "frameId": "0368",
        "height": -0.826966,
        "coords2D": "2D: (397941.672, 808225.102)",
        "coords3D_original": "3D_Original: (-793548.981, 426441.300, 0.000)",
        "coords3D": "3D: (18.760, -1.057, 4.793)",
        "coordsMtEden": "MtEden: (397941.672, 808225.102, -0.827)",
        "easting": 397941.67203523254,
        "northing": 808225.1020361899,
        "longitude": 174.7410987008424,
        "latitude": -36.805595658215516,
        "group": "R0 - Reddish (229 points)",
        "canvasX": 751.2738411035187,
        "canvasY": 453.9940983865325,
        "variant": "northing_easting_direct"
      }
    },
    {
      "type": "Feature",
      "geometry": {
        "type": "Point",
        "coordinates": [
          17.295693477266468,
          -0.6260974633041769,
          4.7794128826
        ]
      },
      "properties": {
        "id": "0_181",
        "camera": "R0 - Reddish (Point)",
        "frame": "0369",
        "image": "pano_camera0/frame_0369_hp_preview.jpg",
        "frameId": "0369",
        "height": -0.205788,
        "coords2D": "2D: (397940.208, 808225.533)",
        "coords3D_original": "3D_Original: (-793548.981, 426441.300, 0.000)",
        "coords3D": "3D: (17.296, -0.626, 4.779)",
        "coordsMtEden": "MtEden: (397940.208, 808225.533, -0.206)",
        "easting": 397940.20819347724,
        "northing": 808225.5329025367,
        "longitude": 174.74108229653243,
        "latitude": -36.80559177205623,
        "group": "R0 - Reddish (229 points)",
        "canvasX": 727.2930324603357,
        "canvasY": 446.935600856673,
        "variant": "northing_easting_direct"
      }
    },
    {
      "type": "Feature",
      "geometry": {
        "type": "Point",
        "coordinates": [
          16.978160789702088,
          -0.3058016072027385,
          4.6890388639600005
        ]
      },
      "properties": {
        "id": "0_182",
        "camera": "R0 - Reddish (Point)",
        "frame": "0370",
        "image": "pano_camera0/frame_0370_hp_preview.jpg",
        "frameId": "0370",
        "height": -0.00234,
        "coords2D": "2D: (397939.891, 808225.853)",
        "coords3D_original": "3D_Original: (-793548.981, 426441.300, 0.000)",
        "coords3D": "3D: (16.978, -0.306, 4.689)",
        "coordsMtEden": "MtEden: (397939.891, 808225.853, -0.002)",
        "easting": 397939.8906607897,
        "northing": 808225.8531983928,
        "longitude": 174.74107873876676,
        "latitude": -36.80558888485278,
        "group": "R0 - Reddish (229 points)",
        "canvasX": 722.0911787822379,
        "canvasY": 441.6884806644474,
        "variant": "northing_easting_direct"
      }
    },
    {
      "type": "Feature",
      "geometry": {
        "type": "Point",
        "coordinates": [
          16.952947754471097,
          0.1293967260280624,
          4.7976379488
        ]
      },
      "properties": {
        "id": "0_183",
        "camera": "R0 - Reddish (Point)",
        "frame": "0371",
        "image": "pano_camera0/frame_0371_hp_preview.jpg",
        "frameId": "0371",
        "height": 0.138091,
        "coords2D": "2D: (397939.865, 808226.288)",
        "coords3D_original": "3D_Original: (-793548.981, 426441.300, 0.000)",
        "coords3D": "3D: (16.953, 0.129, 4.798)",
        "coordsMtEden": "MtEden: (397939.865, 808226.288, 0.138)",
        "easting": 397939.86544775445,
        "northing": 808226.288396726,
        "longitude": 174.7410784573783,
        "latitude": -36.80558496278184,
        "group": "R0 - Reddish (229 points)",
        "canvasX": 721.6781362036841,
        "canvasY": 434.5590160794802,
        "variant": "northing_easting_direct"
      }
    },
    {
      "type": "Feature",
      "geometry": {
        "type": "Point",
        "coordinates": [
          17.537592402775772,
          0.577642769087106,
          4.79755264696
        ]
      },
      "properties": {
        "id": "0_184",
        "camera": "R0 - Reddish (Point)",
        "frame": "0372",
        "image": "pano_camera0/frame_0372_hp_preview.jpg",
        "frameId": "0372",
        "height": 0.077916,
        "coords2D": "2D: (397940.450, 808226.737)",
        "coords3D_original": "3D_Original: (-793548.981, 426441.300, 0.000)",
        "coords3D": "3D: (17.538, 0.578, 4.798)",
        "coordsMtEden": "MtEden: (397940.450, 808226.737, 0.078)",
        "easting": 397940.45009240275,
        "northing": 808226.7366427691,
        "longitude": 174.74108501078265,
        "latitude": -36.80558092445135,
        "group": "R0 - Reddish (229 points)",
        "canvasX": 731.2558459425578,
        "canvasY": 427.21580254875107,
        "variant": "northing_easting_direct"
      }
    },
    {
      "type": "Feature",
      "geometry": {
        "type": "Point",
        "coordinates": [
          18.327684876916464,
          0.6161459530703723,
          4.83929477428
        ]
      },
      "properties": {
        "id": "0_185",
        "camera": "R0 - Reddish (Point)",
        "frame": "0373",
        "image": "pano_camera0/frame_0373_hp_preview.jpg",
        "frameId": "0373",
        "height": -0.175208,
        "coords2D": "2D: (397941.240, 808226.775)",
        "coords3D_original": "3D_Original: (-793548.981, 426441.300, 0.000)",
        "coords3D": "3D: (18.328, 0.616, 4.839)",
        "coordsMtEden": "MtEden: (397941.240, 808226.775, -0.175)",
        "easting": 397941.2401848769,
        "northing": 808226.775145953,
        "longitude": 174.74109386555992,
        "latitude": -36.80558057917803,
        "group": "R0 - Reddish (229 points)",
        "canvasX": 744.1992234386639,
        "canvasY": 426.5850393655423,
        "variant": "northing_easting_direct"
      }
    },
    {
      "type": "Feature",
      "geometry": {
        "type": "Point",
        "coordinates": [
          19.827050297812093,
          1.0790852678474039,
          4.85161760932
        ]
      },
      "properties": {
        "id": "0_186",
        "camera": "R0 - Reddish (Point)",
        "frame": "0374",
        "image": "pano_camera0/frame_0374_hp_preview.jpg",
        "frameId": "0374",
        "height": -0.537451,
        "coords2D": "2D: (397942.740, 808227.238)",
        "coords3D_original": "3D_Original: (-793548.981, 426441.300, 0.000)",
        "coords3D": "3D: (19.827, 1.079, 4.852)",
        "coordsMtEden": "MtEden: (397942.740, 808227.238, -0.537)",
        "easting": 397942.7395502978,
        "northing": 808227.2380852678,
        "longitude": 174.74111067040155,
        "latitude": -36.8055764104184,
        "group": "R0 - Reddish (229 points)",
        "canvasX": 768.7619844846876,
        "canvasY": 419.00111912097583,
        "variant": "northing_easting_direct"
      }
    },
    {
      "type": "Feature",
      "geometry": {
        "type": "Point",
        "coordinates": [
          20.13090155023383,
          1.377120507066138,
          4.8897376892799995
        ]
      },
      "properties": {
        "id": "0_187",
        "camera": "R0 - Reddish (Point)",
        "frame": "0375",
        "image": "pano_camera0/frame_0375_hp_preview.jpg",
        "frameId": "0375",
        "height": -0.548997,
        "coords2D": "2D: (397943.043, 808227.536)",
        "coords3D_original": "3D_Original: (-793548.981, 426441.300, 0.000)",
        "coords3D": "3D: (20.131, 1.377, 4.890)",
        "coordsMtEden": "MtEden: (397943.043, 808227.536, -0.549)",
        "easting": 397943.0434015502,
        "northing": 808227.536120507,
        "longitude": 174.74111407650852,
        "latitude": -36.80557372517895,
        "group": "R0 - Reddish (229 points)",
        "canvasX": 773.7397074616788,
        "canvasY": 414.11867467947593,
        "variant": "northing_easting_direct"
      }
    },
    {
      "type": "Feature",
      "geometry": {
        "type": "Point",
        "coordinates": [
          20.340185221401043,
          1.8519136548275128,
          4.93634530232
        ]
      },
      "properties": {
        "id": "0_188",
        "camera": "R0 - Reddish (Point)",
        "frame": "0376",
        "image": "pano_camera0/frame_0376_hp_preview.jpg",
        "frameId": "0376",
        "height": -0.475187,
        "coords2D": "2D: (397943.253, 808228.011)",
        "coords3D_original": "3D_Original: (-793548.981, 426441.300, 0.000)",
        "coords3D": "3D: (20.340, 1.852, 4.936)",
        "coordsMtEden": "MtEden: (397943.253, 808228.011, -0.475)",
        "easting": 397943.2526852214,
        "northing": 808228.0109136548,
        "longitude": 174.74111642326116,
        "latitude": -36.805569446788205,
        "group": "R0 - Reddish (229 points)",
        "canvasX": 777.1682144380441,
        "canvasY": 406.34056370617304,
        "variant": "northing_easting_direct"
      }
    },
    {
      "type": "Feature",
      "geometry": {
        "type": "Point",
        "coordinates": [
          20.448628382524475,
          2.2776551437564194,
          4.96291682548
        ]
      },
      "properties": {
        "id": "0_189",
        "camera": "R0 - Reddish (Point)",
        "frame": "0377",
        "image": "pano_camera0/frame_0377_hp_preview.jpg",
        "frameId": "0377",
        "height": -0.382516,
        "coords2D": "2D: (397943.361, 808228.437)",
        "coords3D_original": "3D_Original: (-793548.981, 426441.300, 0.000)",
        "coords3D": "3D: (20.449, 2.278, 4.963)",
        "coordsMtEden": "MtEden: (397943.361, 808228.437, -0.383)",
        "easting": 397943.3611283825,
        "northing": 808228.4366551437,
        "longitude": 174.74111763974807,
        "latitude": -36.80556561023292,
        "group": "R0 - Reddish (229 points)",
        "canvasX": 778.9447416391828,
        "canvasY": 399.3660221338821,
        "variant": "northing_easting_direct"
      }
    },
    {
      "type": "Feature",
      "geometry": {
        "type": "Point",
        "coordinates": [
          20.559027467272244,
          3.678906934452243,
          5.081378115360001
        ]
      },
      "properties": {
        "id": "0_190",
        "camera": "R0 - Reddish (Point)",
        "frame": "0378",
        "image": "pano_camera0/frame_0378_hp_preview.jpg",
        "frameId": "0378",
        "height": 0.005055,
        "coords2D": "2D: (397943.472, 808229.838)",
        "coords3D_original": "3D_Original: (-793548.981, 426441.300, 0.000)",
        "coords3D": "3D: (20.559, 3.679, 5.081)",
        "coordsMtEden": "MtEden: (397943.472, 808229.838, 0.005)",
        "easting": 397943.47152746725,
        "northing": 808229.8379069344,
        "longitude": 174.74111888078988,
        "latitude": -36.80555298236346,
        "group": "R0 - Reddish (229 points)",
        "canvasX": 780.7533109844333,
        "canvasY": 376.41056883224985,
        "variant": "northing_easting_direct"
      }
    },
    {
      "type": "Feature",
      "geometry": {
        "type": "Point",
        "coordinates": [
          20.488763751578517,
          4.090057016350329,
          5.05509858696
        ]
      },
      "properties": {
        "id": "0_191",
        "camera": "R0 - Reddish (Point)",
        "frame": "0379",
        "image": "pano_camera0/frame_0379_hp_preview.jpg",
        "frameId": "0379",
        "height": 0.153227,
        "coords2D": "2D: (397943.401, 808230.249)",
        "coords3D_original": "3D_Original: (-793548.981, 426441.300, 0.000)",
        "coords3D": "3D: (20.489, 4.090, 5.055)",
        "coordsMtEden": "MtEden: (397943.401, 808230.249, 0.153)",
        "easting": 397943.40126375156,
        "northing": 808230.2490570163,
        "longitude": 174.7411180944457,
        "latitude": -36.805549276918065,
        "group": "R0 - Reddish (229 points)",
        "canvasX": 779.60224344999,
        "canvasY": 369.67506521550735,
        "variant": "northing_easting_direct"
      }
    },
    {
      "type": "Feature",
      "geometry": {
        "type": "Point",
        "coordinates": [
          20.290387211018242,
          4.619022273574956,
          5.0548229964
        ]
      },
      "properties": {
        "id": "0_192",
        "camera": "R0 - Reddish (Point)",
        "frame": "0380",
        "image": "pano_camera0/frame_0380_hp_preview.jpg",
        "frameId": "0380",
        "height": 0.380005,
        "coords2D": "2D: (397943.203, 808230.778)",
        "coords3D_original": "3D_Original: (-793548.981, 426441.300, 0.000)",
        "coords3D": "3D: (20.290, 4.619, 5.055)",
        "coordsMtEden": "MtEden: (397943.203, 808230.778, 0.380)",
        "easting": 397943.202887211,
        "northing": 808230.7780222736,
        "longitude": 174.74111587264275,
        "latitude": -36.805544509441674,
        "group": "R0 - Reddish (229 points)",
        "canvasX": 776.3524182269509,
        "canvasY": 361.0095010803976,
        "variant": "northing_easting_direct"
      }
    },
    {
      "type": "Feature",
      "geometry": {
        "type": "Point",
        "coordinates": [
          20.349526269361377,
          4.754762983531691,
          4.665958154559999
        ]
      },
      "properties": {
        "id": "0_193",
        "camera": "R0 - Reddish (Point)",
        "frame": "0381",
        "image": "pano_camera0/frame_0381_hp_preview.jpg",
        "frameId": "0381",
        "height": 0.401308,
        "coords2D": "2D: (397943.262, 808230.914)",
        "coords3D_original": "3D_Original: (-793548.981, 426441.300, 0.000)",
        "coords3D": "3D: (20.350, 4.755, 4.666)",
        "coordsMtEden": "MtEden: (397943.262, 808230.914, 0.401)",
        "easting": 397943.26202626934,
        "northing": 808230.9137629835,
        "longitude": 174.7411165357885,
        "latitude": -36.80554328627212,
        "group": "R0 - Reddish (229 points)",
        "canvasX": 777.3212404625517,
        "canvasY": 358.78578258296915,
        "variant": "northing_easting_direct"
      }
    },
    {
      "type": "Feature",
      "geometry": {
        "type": "Point",
        "coordinates": [
          20.139920853078365,
          5.024477962870151,
          4.2435303195200005
        ]
      },
      "properties": {
        "id": "0_194",
        "camera": "R0 - Reddish (Point)",
        "frame": "0382",
        "image": "pano_camera0/frame_0382_hp_preview.jpg",
        "frameId": "0382",
        "height": 0.5533,
        "coords2D": "2D: (397943.052, 808231.183)",
        "coords3D_original": "3D_Original: (-793548.981, 426441.300, 0.000)",
        "coords3D": "3D: (20.140, 5.024, 4.244)",
        "coordsMtEden": "MtEden: (397943.052, 808231.183, 0.553)",
        "easting": 397943.05242085306,
        "northing": 808231.1834779629,
        "longitude": 174.74111418744204,
        "latitude": -36.805540855140016,
        "group": "R0 - Reddish (229 points)",
        "canvasX": 773.8874626238295,
        "canvasY": 354.3672835986646,
        "variant": "northing_easting_direct"
      }
    },
    {
      "type": "Feature",
      "geometry": {
        "type": "Point",
        "coordinates": [
          19.632567385793664,
          5.336676464998163,
          4.91575475048
        ]
      },
      "properties": {
        "id": "0_195",
        "camera": "R0 - Reddish (Point)",
        "frame": "0383",
        "image": "pano_camera0/frame_0383_hp_preview.jpg",
        "frameId": "0383",
        "height": 0.818047,
        "coords2D": "2D: (397942.545, 808231.496)",
        "coords3D_original": "3D_Original: (-793548.981, 426441.300, 0.000)",
        "coords3D": "3D: (19.633, 5.337, 4.916)",
        "coordsMtEden": "MtEden: (397942.545, 808231.496, 0.818)",
        "easting": 397942.54506738577,
        "northing": 808231.495676465,
        "longitude": 174.74110850230971,
        "latitude": -36.805538040498604,
        "group": "R0 - Reddish (229 points)",
        "canvasX": 765.5759450913501,
        "canvasY": 349.25281510357263,
        "variant": "northing_easting_direct"
      }
    },
    {
      "type": "Feature",
      "geometry": {
        "type": "Point",
        "coordinates": [
          19.5917877171305,
          5.285460184328258,
          4.95896341328
        ]
      },
      "properties": {
        "id": "0_196",
        "camera": "R0 - Reddish (Point)",
        "frame": "0384",
        "image": "pano_camera0/frame_0384_hp_preview.jpg",
        "frameId": "0384",
        "height": 0.816101,
        "coords2D": "2D: (397942.504, 808231.444)",
        "coords3D_original": "3D_Original: (-793548.981, 426441.300, 0.000)",
        "coords3D": "3D: (19.592, 5.285, 4.959)",
        "coordsMtEden": "MtEden: (397942.504, 808231.444, 0.816)",
        "easting": 397942.5042877171,
        "northing": 808231.4444601843,
        "longitude": 174.7411080451483,
        "latitude": -36.80553850197214,
        "group": "R0 - Reddish (229 points)",
        "canvasX": 764.9078882973533,
        "canvasY": 350.09184556785544,
        "variant": "northing_easting_direct"
      }
    },
    {
      "type": "Feature",
      "geometry": {
        "type": "Point",
        "coordinates": [
          19.028961563948542,
          5.3148156413808465,
          4.99103362428
        ]
      },
      "properties": {
        "id": "0_197",
        "camera": "R0 - Reddish (Point)",
        "frame": "0385",
        "image": "pano_camera0/frame_0385_hp_preview.jpg",
        "frameId": "0385",
        "height": 1.013687,
        "coords2D": "2D: (397941.941, 808231.474)",
        "coords3D_original": "3D_Original: (-793548.981, 426441.300, 0.000)",
        "coords3D": "3D: (19.029, 5.315, 4.991)",
        "coordsMtEden": "MtEden: (397941.941, 808231.474, 1.014)",
        "easting": 397941.9414615639,
        "northing": 808231.4738156414,
        "longitude": 174.74110173756236,
        "latitude": -36.80553823619706,
        "group": "R0 - Reddish (229 points)",
        "canvasX": 755.6876114261128,
        "canvasY": 349.61094140103324,
        "variant": "northing_easting_direct"
      }
    },
    {
      "type": "Feature",
      "geometry": {
        "type": "Point",
        "coordinates": [
          17.832641207322013,
          5.4504605123074725,
          5.01269372996
        ]
      },
      "properties": {
        "id": "0_198",
        "camera": "R0 - Reddish (Point)",
        "frame": "0386",
        "image": "pano_camera0/frame_0386_hp_preview.jpg",
        "frameId": "0386",
        "height": 1.45569,
        "coords2D": "2D: (397940.745, 808231.609)",
        "coords3D_original": "3D_Original: (-793548.981, 426441.300, 0.000)",
        "coords3D": "3D: (17.833, 5.450, 5.013)",
        "coordsMtEden": "MtEden: (397940.745, 808231.609, 1.456)",
        "easting": 397940.7451412073,
        "northing": 808231.6094605123,
        "longitude": 174.74108833061274,
        "latitude": -36.80553701116184,
        "group": "R0 - Reddish (229 points)",
        "canvasX": 736.0893662982083,
        "canvasY": 347.38879294816843,
        "variant": "northing_easting_direct"
      }
    },
    {
      "type": "Feature",
      "geometry": {
        "type": "Point",
        "coordinates": [
          17.287707275711,
          5.569503050646745,
          5.0062829686
        ]
      },
      "properties": {
        "id": "0_199",
        "camera": "R0 - Reddish (Point)",
        "frame": "0387",
        "image": "pano_camera0/frame_0387_hp_preview.jpg",
        "frameId": "0387",
        "height": 1.674462,
        "coords2D": "2D: (397940.200, 808231.729)",
        "coords3D_original": "3D_Original: (-793548.981, 426441.300, 0.000)",
        "coords3D": "3D: (17.288, 5.570, 5.006)",
        "coordsMtEden": "MtEden: (397940.200, 808231.729, 1.674)",
        "easting": 397940.2002072757,
        "northing": 808231.7285030506,
        "longitude": 174.74108222379002,
        "latitude": -36.80553593716285,
        "group": "R0 - Reddish (229 points)",
        "canvasX": 727.1622016711613,
        "canvasY": 345.43862564211497,
        "variant": "northing_easting_direct"
      }
    },
    {
      "type": "Feature",
      "geometry": {
        "type": "Point",
        "coordinates": [
          15.559833684470505,
          5.780885025509633,
          4.9969817872
        ]
      },
      "properties": {
        "id": "0_200",
        "camera": "R0 - Reddish (Point)",
        "frame": "0388",
        "image": "pano_camera0/frame_0388_hp_preview.jpg",
        "frameId": "0388",
        "height": 2.317589,
        "coords2D": "2D: (397938.472, 808231.940)",
        "coords3D_original": "3D_Original: (-793548.981, 426441.300, 0.000)",
        "coords3D": "3D: (15.560, 5.781, 4.997)",
        "coordsMtEden": "MtEden: (397938.472, 808231.940, 2.318)",
        "easting": 397938.47233368445,
        "northing": 808231.9398850255,
        "longitude": 174.74106285986076,
        "latitude": -36.80553402842404,
        "group": "R0 - Reddish (229 points)",
        "canvasX": 698.8559958933035,
        "canvasY": 341.97574403548026,
        "variant": "northing_easting_direct"
      }
    },
    {
      "type": "Feature",
      "geometry": {
        "type": "Point",
        "coordinates": [
          14.444913939514663,
          5.828311440069228,
          4.95938007996
        ]
      },
      "properties": {
        "id": "0_201",
        "camera": "R0 - Reddish (Point)",
        "frame": "0389",
        "image": "pano_camera0/frame_0389_hp_preview.jpg",
        "frameId": "0389",
        "height": 2.70566,
        "coords2D": "2D: (397937.357, 808231.987)",
        "coords3D_original": "3D_Original: (-793548.981, 426441.300, 0.000)",
        "coords3D": "3D: (14.445, 5.828, 4.959)",
        "coordsMtEden": "MtEden: (397937.357, 808231.987, 2.706)",
        "easting": 397937.3574139395,
        "northing": 808231.98731144,
        "longitude": 174.74105036494058,
        "latitude": -36.80553359858827,
        "group": "R0 - Reddish (229 points)",
        "canvasX": 680.5912640947377,
        "canvasY": 341.19879955454337,
        "variant": "northing_easting_direct"
      }
    },
    {
      "type": "Feature",
      "geometry": {
        "type": "Point",
        "coordinates": [
          13.993596472719219,
          5.8018725933507085,
          4.91937679784
        ]
      },
      "properties": {
        "id": "0_202",
        "camera": "R0 - Reddish (Point)",
        "frame": "0390",
        "image": "pano_camera0/frame_0390_hp_preview.jpg",
        "frameId": "0390",
        "height": 2.848928,
        "coords2D": "2D: (397936.906, 808231.961)",
        "coords3D_original": "3D_Original: (-793548.981, 426441.300, 0.000)",
        "coords3D": "3D: (13.994, 5.802, 4.919)",
        "coordsMtEden": "MtEden: (397936.906, 808231.961, 2.849)",
        "easting": 397936.9060964727,
        "northing": 808231.9608725933,
        "longitude": 174.7410453068962,
        "latitude": -36.80553383587246,
        "group": "R0 - Reddish (229 points)",
        "canvasX": 673.1977341797278,
        "canvasY": 341.6319235043028,
        "variant": "northing_easting_direct"
      }
    },
    {
      "type": "Feature",
      "geometry": {
        "type": "Point",
        "coordinates": [
          13.064901365607511,
          5.405190237564966,
          4.91887811016
        ]
      },
      "properties": {
        "id": "0_203",
        "camera": "R0 - Reddish (Point)",
        "frame": "0391",
        "image": "pano_camera0/frame_0391_hp_preview.jpg",
        "frameId": "0391",
        "height": 3.039872,
        "coords2D": "2D: (397935.977, 808231.564)",
        "coords3D_original": "3D_Original: (-793548.981, 426441.300, 0.000)",
        "coords3D": "3D: (13.065, 5.405, 4.919)",
        "coordsMtEden": "MtEden: (397935.977, 808231.564, 3.040)",
        "easting": 397935.9774013656,
        "northing": 808231.5641902376,
        "longitude": 174.74103489781572,
        "latitude": -36.80553740875794,
        "group": "R0 - Reddish (229 points)",
        "canvasX": 657.9837538631426,
        "canvasY": 348.13041532060566,
        "variant": "northing_easting_direct"
      }
    },
    {
      "type": "Feature",
      "geometry": {
        "type": "Point",
        "coordinates": [
          13.012767281325068,
          5.200307465158403,
          4.90353034064
        ]
      },
      "properties": {
        "id": "0_204",
        "camera": "R0 - Reddish (Point)",
        "frame": "0392",
        "image": "pano_camera0/frame_0392_hp_preview.jpg",
        "frameId": "0392",
        "height": 2.995375,
        "coords2D": "2D: (397935.925, 808231.359)",
        "coords3D_original": "3D_Original: (-793548.981, 426441.300, 0.000)",
        "coords3D": "3D: (13.013, 5.200, 4.904)",
        "coordsMtEden": "MtEden: (397935.925, 808231.359, 2.995)",
        "easting": 397935.9252672813,
        "northing": 808231.3593074651,
        "longitude": 174.74103431298693,
        "latitude": -36.80553925505196,
        "group": "R0 - Reddish (229 points)",
        "canvasX": 657.1296878451387,
        "canvasY": 351.4868263140466,
        "variant": "northing_easting_direct"
      }
    },
    {
      "type": "Feature",
      "geometry": {
        "type": "Point",
        "coordinates": [
          13.3830333489459,
          4.986387598910369,
          4.9026904456
        ]
      },
      "properties": {
        "id": "0_205",
        "camera": "R0 - Reddish (Point)",
        "frame": "0393",
        "image": "pano_camera0/frame_0393_hp_preview.jpg",
        "frameId": "0393",
        "height": 2.806339,
        "coords2D": "2D: (397936.296, 808231.145)",
        "coords3D_original": "3D_Original: (-793548.981, 426441.300, 0.000)",
        "coords3D": "3D: (13.383, 4.986, 4.903)",
        "coordsMtEden": "MtEden: (397936.296, 808231.145, 2.806)",
        "easting": 397936.2955333489,
        "northing": 808231.1453875989,
        "longitude": 174.74103846202678,
        "latitude": -36.805541183709124,
        "group": "R0 - Reddish (229 points)",
        "canvasX": 663.1954252665071,
        "canvasY": 354.99128392329385,
        "variant": "northing_easting_direct"
      }
    },
    {
      "type": "Feature",
      "geometry": {
        "type": "Point",
        "coordinates": [
          13.872411810792983,
          5.056230447255075,
          4.88091879136
        ]
      },
      "properties": {
        "id": "0_206",
        "camera": "R0 - Reddish (Point)",
        "frame": "0394",
        "image": "pano_camera0/frame_0394_hp_preview.jpg",
        "frameId": "0394",
        "height": 2.663568,
        "coords2D": "2D: (397936.785, 808231.215)",
        "coords3D_original": "3D_Original: (-793548.981, 426441.300, 0.000)",
        "coords3D": "3D: (13.872, 5.056, 4.881)",
        "coordsMtEden": "MtEden: (397936.785, 808231.215, 2.664)",
        "easting": 397936.78491181077,
        "northing": 808231.2152304472,
        "longitude": 174.74104394674373,
        "latitude": -36.80554055535041,
        "group": "R0 - Reddish (229 points)",
        "canvasX": 671.2124743811626,
        "canvasY": 353.8471110809305,
        "variant": "northing_easting_direct"
      }
    },
    {
      "type": "Feature",
      "geometry": {
        "type": "Point",
        "coordinates": [
          14.686837236571591,
          5.200718087027781,
          4.8724411008
        ]
      },
      "properties": {
        "id": "0_207",
        "camera": "R0 - Reddish (Point)",
        "frame": "0395",
        "image": "pano_camera0/frame_0395_hp_preview.jpg",
        "frameId": "0395",
        "height": 2.434326,
        "coords2D": "2D: (397937.599, 808231.360)",
        "coords3D_original": "3D_Original: (-793548.981, 426441.300, 0.000)",
        "coords3D": "3D: (14.687, 5.201, 4.872)",
        "coordsMtEden": "MtEden: (397937.599, 808231.360, 2.434)",
        "easting": 397937.59933723655,
        "northing": 808231.359718087,
        "longitude": 174.74105307450614,
        "latitude": -36.80553925499911,
        "group": "R0 - Reddish (229 points)",
        "canvasX": 684.5544768337433,
        "canvasY": 351.48009946386344,
        "variant": "northing_easting_direct"
      }
    },
    {
      "type": "Feature",
      "geometry": {
        "type": "Point",
        "coordinates": [
          15.533495151030365,
          5.06324835633859,
          4.88126984124
        ]
      },
      "properties": {
        "id": "0_208",
        "camera": "R0 - Reddish (Point)",
        "frame": "0396",
        "image": "pano_camera0/frame_0396_hp_preview.jpg",
        "frameId": "0396",
        "height": 2.108929,
        "coords2D": "2D: (397938.446, 808231.222)",
        "coords3D_original": "3D_Original: (-793548.981, 426441.300, 0.000)",
        "coords3D": "3D: (15.533, 5.063, 4.881)",
        "coordsMtEden": "MtEden: (397938.446, 808231.222, 2.109)",
        "easting": 397938.445995151,
        "northing": 808231.2222483563,
        "longitude": 174.74106256273845,
        "latitude": -36.805540495722774,
        "group": "R0 - Reddish (229 points)",
        "canvasX": 698.4245152853523,
        "canvasY": 353.73214296053214,
        "variant": "northing_easting_direct"
      }
    },
    {
      "type": "Feature",
      "geometry": {
        "type": "Point",
        "coordinates": [
          15.93602061981801,
          4.109123878297396,
          4.9302330973999995
        ]
      },
      "properties": {
        "id": "0_209",
        "camera": "R0 - Reddish (Point)",
        "frame": "0397",
        "image": "pano_camera0/frame_0397_hp_preview.jpg",
        "frameId": "0397",
        "height": 1.68493,
        "coords2D": "2D: (397938.849, 808230.268)",
        "coords3D_original": "3D_Original: (-793548.981, 426441.300, 0.000)",
        "coords3D": "3D: (15.936, 4.109, 4.930)",
        "coordsMtEden": "MtEden: (397938.849, 808230.268, 1.685)",
        "easting": 397938.8485206198,
        "northing": 808230.2681238783,
        "longitude": 174.7410670713107,
        "latitude": -36.80554909518798,
        "group": "R0 - Reddish (229 points)",
        "canvasX": 705.0187295896867,
        "canvasY": 369.36270988910235,
        "variant": "northing_easting_direct"
      }
    },
    {
      "type": "Feature",
      "geometry": {
        "type": "Point",
        "coordinates": [
          15.901413948449772,
          3.733149995445274,
          4.91395685016
        ]
      },
      "properties": {
        "id": "0_210",
        "camera": "R0 - Reddish (Point)",
        "frame": "0398",
        "image": "pano_camera0/frame_0398_hp_preview.jpg",
        "frameId": "0398",
        "height": 1.582608,
        "coords2D": "2D: (397938.814, 808229.892)",
        "coords3D_original": "3D_Original: (-793548.981, 426441.300, 0.000)",
        "coords3D": "3D: (15.901, 3.733, 4.914)",
        "coordsMtEden": "MtEden: (397938.814, 808229.892, 1.583)",
        "easting": 397938.8139139484,
        "northing": 808229.8921499954,
        "longitude": 174.74106668245145,
        "latitude": -36.80555248339683,
        "group": "R0 - Reddish (229 points)",
        "canvasX": 704.4517994820915,
        "canvasY": 375.52195333721363,
        "variant": "northing_easting_direct"
      }
    },
    {
      "type": "Feature",
      "geometry": {
        "type": "Point",
        "coordinates": [
          15.222926929185633,
          2.919434049515985,
          4.90756577384
        ]
      },
      "properties": {
        "id": "0_211",
        "camera": "R0 - Reddish (Point)",
        "frame": "0399",
        "image": "pano_camera0/frame_0399_hp_preview.jpg",
        "frameId": "0399",
        "height": 1.563364,
        "coords2D": "2D: (397938.135, 808229.078)",
        "coords3D_original": "3D_Original: (-793548.981, 426441.300, 0.000)",
        "coords3D": "3D: (15.223, 2.919, 4.908)",
        "coordsMtEden": "MtEden: (397938.135, 808229.078, 1.563)",
        "easting": 397938.13542692916,
        "northing": 808229.0784340495,
        "longitude": 174.7410590763551,
        "latitude": -36.80555981514411,
        "group": "R0 - Reddish (229 points)",
        "canvasX": 693.3367542133873,
        "canvasY": 388.85233301802754,
        "variant": "northing_easting_direct"
      }
    },
    {
      "type": "Feature",
      "geometry": {
        "type": "Point",
        "coordinates": [
          14.082681042258628,
          2.827012316789478,
          4.844524433239999
        ]
      },
      "properties": {
        "id": "0_212",
        "camera": "R0 - Reddish (Point)",
        "frame": "0400",
        "image": "pano_camera0/frame_0400_hp_preview.jpg",
        "frameId": "0400",
        "height": 1.917561,
        "coords2D": "2D: (397936.995, 808228.986)",
        "coords3D_original": "3D_Original: (-793548.981, 426441.300, 0.000)",
        "coords3D": "3D: (14.083, 2.827, 4.845)",
        "coordsMtEden": "MtEden: (397936.995, 808228.986, 1.918)",
        "easting": 397936.99518104224,
        "northing": 808228.9860123168,
        "longitude": 174.74104629721845,
        "latitude": -36.80556064556705,
        "group": "R0 - Reddish (229 points)",
        "canvasX": 674.6571269090038,
        "canvasY": 390.36639550330716,
        "variant": "northing_easting_direct"
      }
    },
    {
      "type": "Feature",
      "geometry": {
        "type": "Point",
        "coordinates": [
          13.182111728587188,
          2.819669252145104,
          4.82712285788
        ]
      },
      "properties": {
        "id": "0_213",
        "camera": "R0 - Reddish (Point)",
        "frame": "0401",
        "image": "pano_camera0/frame_0401_hp_preview.jpg",
        "frameId": "0401",
        "height": 2.217121,
        "coords2D": "2D: (397936.095, 808228.979)",
        "coords3D_original": "3D_Original: (-793548.981, 426441.300, 0.000)",
        "coords3D": "3D: (13.182, 2.820, 4.827)",
        "coordsMtEden": "MtEden: (397936.095, 808228.979, 2.217)",
        "easting": 397936.09461172856,
        "northing": 808228.9786692521,
        "longitude": 174.7410362043992,
        "latitude": -36.80556070978041,
        "group": "R0 - Reddish (229 points)",
        "canvasX": 659.9039062806639,
        "canvasY": 390.48669035575824,
        "variant": "northing_easting_direct"
      }
    },
    {
      "type": "Feature",
      "geometry": {
        "type": "Point",
        "coordinates": [
          13.121639590361156,
          2.8135153357870877,
          4.8233859811199995
        ]
      },
      "properties": {
        "id": "0_214",
        "camera": "R0 - Reddish (Point)",
        "frame": "0402",
        "image": "pano_camera0/frame_0402_hp_preview.jpg",
        "frameId": "0402",
        "height": 2.235462,
        "coords2D": "2D: (397936.034, 808228.973)",
        "coords3D_original": "3D_Original: (-793548.981, 426441.300, 0.000)",
        "coords3D": "3D: (13.122, 2.814, 4.823)",
        "coordsMtEden": "MtEden: (397936.034, 808228.973, 2.235)",
        "easting": 397936.03413959034,
        "northing": 808228.9725153358,
        "longitude": 174.74103552666327,
        "latitude": -36.80556076510782,
        "group": "R0 - Reddish (229 points)",
        "canvasX": 658.9132453917166,
        "canvasY": 390.58750445750144,
        "variant": "northing_easting_direct"
      }
    },
    {
      "type": "Feature",
      "geometry": {
        "type": "Point",
        "coordinates": [
          12.269517543551046,
          2.8204339812509716,
          4.799950941
        ]
      },
      "properties": {
        "id": "0_215",
        "camera": "R0 - Reddish (Point)",
        "frame": "0403",
        "image": "pano_camera0/frame_0403_hp_preview.jpg",
        "frameId": "0403",
        "height": 2.52318,
        "coords2D": "2D: (397935.182, 808228.979)",
        "coords3D_original": "3D_Original: (-793548.981, 426441.300, 0.000)",
        "coords3D": "3D: (12.270, 2.820, 4.800)",
        "coordsMtEden": "MtEden: (397935.182, 808228.979, 2.523)",
        "easting": 397935.1820175435,
        "northing": 808228.9794339812,
        "longitude": 174.7410259768376,
        "latitude": -36.8055607008991,
        "group": "R0 - Reddish (229 points)",
        "canvasX": 644.9536929520042,
        "canvasY": 390.4741624841719,
        "variant": "northing_easting_direct"
      }
    },
    {
      "type": "Feature",
      "geometry": {
        "type": "Point",
        "coordinates": [
          11.507934572175145,
          1.9554473746102303,
          4.7733498902800005
        ]
      },
      "properties": {
        "id": "0_216",
        "camera": "R0 - Reddish (Point)",
        "frame": "0404",
        "image": "pano_camera0/frame_0404_hp_preview.jpg",
        "frameId": "0404",
        "height": 2.516365,
        "coords2D": "2D: (397934.420, 808228.114)",
        "coords3D_original": "3D_Original: (-793548.981, 426441.300, 0.000)",
        "coords3D": "3D: (11.508, 1.955, 4.773)",
        "coordsMtEden": "MtEden: (397934.420, 808228.114, 2.516)",
        "easting": 397934.42043457215,
        "northing": 808228.1144473746,
        "longitude": 174.74101743933005,
        "latitude": -36.805568494514716,
        "group": "R0 - Reddish (229 points)",
        "canvasX": 632.477361110389,
        "canvasY": 404.6444634865465,
        "variant": "northing_easting_direct"
      }
    },
    {
      "type": "Feature",
      "geometry": {
        "type": "Point",
        "coordinates": [
          11.514191095426213,
          1.864070918643847,
          4.79166682
        ]
      },
      "properties": {
        "id": "0_217",
        "camera": "R0 - Reddish (Point)",
        "frame": "0405",
        "image": "pano_camera0/frame_0405_hp_preview.jpg",
        "frameId": "0405",
        "height": 2.486484,
        "coords2D": "2D: (397934.427, 808228.023)",
        "coords3D_original": "3D_Original: (-793548.981, 426441.300, 0.000)",
        "coords3D": "3D: (11.514, 1.864, 4.792)",
        "coordsMtEden": "MtEden: (397934.427, 808228.023, 2.486)",
        "easting": 397934.4266910954,
        "northing": 808228.0230709186,
        "longitude": 174.74101750919985,
        "latitude": -36.80556931801482,
        "group": "R0 - Reddish (229 points)",
        "canvasX": 632.5798561284262,
        "canvasY": 406.14140213969085,
        "variant": "northing_easting_direct"
      }
    },
    {
      "type": "Feature",
      "geometry": {
        "type": "Point",
        "coordinates": [
          12.037378501263447,
          0.9319900396512821,
          4.81088926156
        ]
      },
      "properties": {
        "id": "0_218",
        "camera": "R0 - Reddish (Point)",
        "frame": "0406",
        "image": "pano_camera0/frame_0406_hp_preview.jpg",
        "frameId": "0406",
        "height": 2.028746,
        "coords2D": "2D: (397934.950, 808227.091)",
        "coords3D_original": "3D_Original: (-793548.981, 426441.300, 0.000)",
        "coords3D": "3D: (12.037, 0.932, 4.811)",
        "coordsMtEden": "MtEden: (397934.950, 808227.091, 2.029)",
        "easting": 397934.94987850124,
        "northing": 808227.0909900396,
        "longitude": 174.74102337010308,
        "latitude": -36.80557771908749,
        "group": "R0 - Reddish (229 points)",
        "canvasX": 641.1507668973617,
        "canvasY": 421.41084852490553,
        "variant": "northing_easting_direct"
      }
    },
    {
      "type": "Feature",
      "geometry": {
        "type": "Point",
        "coordinates": [
          13.02034777001245,
          0.8312500902684405,
          4.77385513964
        ]
      },
      "properties": {
        "id": "0_219",
        "camera": "R0 - Reddish (Point)",
        "frame": "0407",
        "image": "pano_camera0/frame_0407_hp_preview.jpg",
        "frameId": "0407",
        "height": 1.668772,
        "coords2D": "2D: (397935.933, 808226.990)",
        "coords3D_original": "3D_Original: (-793548.981, 426441.300, 0.000)",
        "coords3D": "3D: (13.020, 0.831, 4.774)",
        "coordsMtEden": "MtEden: (397935.933, 808226.990, 1.669)",
        "easting": 397935.93284777,
        "northing": 808226.9902500903,
        "longitude": 174.741034386099,
        "latitude": -36.80557862910113,
        "group": "R0 - Reddish (229 points)",
        "canvasX": 657.2538722026451,
        "canvasY": 423.0611809056554,
        "variant": "northing_easting_direct"
      }
    },
    {
      "type": "Feature",
      "geometry": {
        "type": "Point",
        "coordinates": [
          13.5371655386989,
          0.7968832495389506,
          4.79053821104
        ]
      },
      "properties": {
        "id": "0_220",
        "camera": "R0 - Reddish (Point)",
        "frame": "0408",
        "image": "pano_camera0/frame_0408_hp_preview.jpg",
        "frameId": "0408",
        "height": 1.485162,
        "coords2D": "2D: (397936.450, 808226.956)",
        "coords3D_original": "3D_Original: (-793548.981, 426441.300, 0.000)",
        "coords3D": "3D: (13.537, 0.797, 4.791)",
        "coordsMtEden": "MtEden: (397936.450, 808226.956, 1.485)",
        "easting": 397936.4496655387,
        "northing": 808226.9558832495,
        "longitude": 174.74104017805226,
        "latitude": -36.80557893994221,
        "group": "R0 - Reddish (229 points)",
        "canvasX": 665.7204349098749,
        "canvasY": 423.6241820819823,
        "variant": "northing_easting_direct"
      }
    },
    {
      "type": "Feature",
      "geometry": {
        "type": "Point",
        "coordinates": [
          13.919029704818968,
          0.7853919847402722,
          4.77236235744
        ]
      },
      "properties": {
        "id": "0_221",
        "camera": "R0 - Reddish (Point)",
        "frame": "0409",
        "image": "pano_camera0/frame_0409_hp_preview.jpg",
        "frameId": "0409",
        "height": 1.35365,
        "coords2D": "2D: (397936.832, 808226.944)",
        "coords3D_original": "3D_Original: (-793548.981, 426441.300, 0.000)",
        "coords3D": "3D: (13.919, 0.785, 4.772)",
        "coordsMtEden": "MtEden: (397936.832, 808226.944, 1.354)",
        "easting": 397936.8315297048,
        "northing": 808226.9443919847,
        "longitude": 174.74104445762435,
        "latitude": -36.805579044333825,
        "group": "R0 - Reddish (229 points)",
        "canvasX": 671.9761735938898,
        "canvasY": 423.81243318375857,
        "variant": "northing_easting_direct"
      }
    },
    {
      "type": "Feature",
      "geometry": {
        "type": "Point",
        "coordinates": [
          14.649527388974093,
          0.45392480306327343,
          4.822598579519999
        ]
      },
      "properties": {
        "id": "0_222",
        "camera": "R0 - Reddish (Point)",
        "frame": "0410",
        "image": "pano_camera0/frame_0410_hp_preview.jpg",
        "frameId": "0410",
        "height": 1.008386,
        "coords2D": "2D: (397937.562, 808226.613)",
        "coords3D_original": "3D_Original: (-793548.981, 426441.300, 0.000)",
        "coords3D": "3D: (14.650, 0.454, 4.823)",
        "coordsMtEden": "MtEden: (397937.562, 808226.613, 1.008)",
        "easting": 397937.56202738895,
        "northing": 808226.612924803,
        "longitude": 174.7410526435126,
        "latitude": -36.80558203311407,
        "group": "R0 - Reddish (229 points)",
        "canvasX": 683.9432630109668,
        "canvasY": 429.2425632009573,
        "variant": "northing_easting_direct"
      }
    },
    {
      "type": "Feature",
      "geometry": {
        "type": "Point",
        "coordinates": [
          15.052911934442818,
          -0.8718999979319051,
          4.77229674064
        ]
      },
      "properties": {
        "id": "0_223",
        "camera": "R0 - Reddish (Point)",
        "frame": "0411",
        "image": "pano_camera0/frame_0411_hp_preview.jpg",
        "frameId": "0411",
        "height": 0.471458,
        "coords2D": "2D: (397937.965, 808225.287)",
        "coords3D_original": "3D_Original: (-793548.981, 426441.300, 0.000)",
        "coords3D": "3D: (15.053, -0.872, 4.772)",
        "coordsMtEden": "MtEden: (397937.965, 808225.287, 0.471)",
        "easting": 397937.9654119344,
        "northing": 808225.287100002,
        "longitude": 174.74105716070736,
        "latitude": -36.80559398235222,
        "group": "R0 - Reddish (229 points)",
        "canvasX": 690.5515507990364,
        "canvasY": 450.9623636721875,
        "variant": "northing_easting_direct"
      }
    },
    {
      "type": "Feature",
      "geometry": {
        "type": "Point",
        "coordinates": [
          15.055855771992356,
          -1.0582460089353845,
          4.74258217276
        ]
      },
      "properties": {
        "id": "0_224",
        "camera": "R0 - Reddish (Point)",
        "frame": "0412",
        "image": "pano_camera0/frame_0412_hp_preview.jpg",
        "frameId": "0412",
        "height": 0.413942,
        "coords2D": "2D: (397937.968, 808225.101)",
        "coords3D_original": "3D_Original: (-793548.981, 426441.300, 0.000)",
        "coords3D": "3D: (15.056, -1.058, 4.743)",
        "coordsMtEden": "MtEden: (397937.968, 808225.101, 0.414)",
        "easting": 397937.96835577197,
        "northing": 808225.100753991,
        "longitude": 174.74105719319468,
        "latitude": -36.80559566171261,
        "group": "R0 - Reddish (229 points)",
        "canvasX": 690.5997770531758,
        "canvasY": 454.0151035019816,
        "variant": "northing_easting_direct"
      }
    },
    {
      "type": "Feature",
      "geometry": {
        "type": "Point",
        "coordinates": [
          15.159633906499948,
          -1.545917259179987,
          4.74547915448
        ]
      },
      "properties": {
        "id": "0_225",
        "camera": "R0 - Reddish (Point)",
        "frame": "0413",
        "image": "pano_camera0/frame_0413_hp_preview.jpg",
        "frameId": "0413",
        "height": 0.231377,
        "coords2D": "2D: (397938.072, 808224.613)",
        "coords3D_original": "3D_Original: (-793548.981, 426441.300, 0.000)",
        "coords3D": "3D: (15.160, -1.546, 4.745)",
        "coordsMtEden": "MtEden: (397938.072, 808224.613, 0.231)",
        "easting": 397938.0721339065,
        "northing": 808224.6130827408,
        "longitude": 174.7410583549299,
        "latitude": -36.805600056841655,
        "group": "R0 - Reddish (229 points)",
        "canvasX": 692.2998813002139,
        "canvasY": 462.004184897812,
        "variant": "northing_easting_direct"
      }
    },
    {
      "type": "Feature",
      "geometry": {
        "type": "Point",
        "coordinates": [
          15.199572709971108,
          -1.5192219289019704,
          4.75381248808
        ]
      },
      "properties": {
        "id": "0_226",
        "camera": "R0 - Reddish (Point)",
        "frame": "0414",
        "image": "pano_camera0/frame_0414_hp_preview.jpg",
        "frameId": "0414",
        "height": 0.226061,
        "coords2D": "2D: (397938.112, 808224.640)",
        "coords3D_original": "3D_Original: (-793548.981, 426441.300, 0.000)",
        "coords3D": "3D: (15.200, -1.519, 4.754)",
        "coordsMtEden": "MtEden: (397938.112, 808224.640, 0.226)",
        "easting": 397938.11207270995,
        "northing": 808224.6397780711,
        "longitude": 174.74105880260186,
        "latitude": -36.80559981634976,
        "group": "R0 - Reddish (229 points)",
        "canvasX": 692.9541629525926,
        "canvasY": 461.56685920755285,
        "variant": "northing_easting_direct"
      }
    },
    {
      "type": "Feature",
      "geometry": {
        "type": "Point",
        "coordinates": [
          15.199343693733681,
          -1.5146696345182136,
          4.7549870288
        ]
      },
      "properties": {
        "id": "0_227",
        "camera": "R0 - Reddish (Point)",
        "frame": "0415",
        "image": "pano_camera0/frame_0415_hp_preview.jpg",
        "frameId": "0415",
        "height": 0.227522,
        "coords2D": "2D: (397938.112, 808224.644)",
        "coords3D_original": "3D_Original: (-793548.981, 426441.300, 0.000)",
        "coords3D": "3D: (15.199, -1.515, 4.755)",
        "coordsMtEden": "MtEden: (397938.112, 808224.644, 0.228)",
        "easting": 397938.1118436937,
        "northing": 808224.6443303655,
        "longitude": 174.74105880004757,
        "latitude": -36.8055997753239,
        "group": "R0 - Reddish (229 points)",
        "canvasX": 692.950411185433,
        "canvasY": 461.4922830435111,
        "variant": "northing_easting_direct"
      }
    },
    {
      "type": "Feature",
      "geometry": {
        "type": "Point",
        "coordinates": [
          15.196625020180363,
          -1.5224819135619327,
          4.73983939052
        ]
      },
      "properties": {
        "id": "0_228",
        "camera": "R0 - Reddish (End)",
        "frame": "0416",
        "image": "pano_camera0/frame_0416_hp_preview.jpg",
        "frameId": "0416",
        "height": 0.226103,
        "coords2D": "2D: (397938.109, 808224.637)",
        "coords3D_original": "3D_Original: (-793548.981, 426441.300, 0.000)",
        "coords3D": "3D: (15.197, -1.522, 4.740)",
        "coordsMtEden": "MtEden: (397938.109, 808224.637, 0.226)",
        "easting": 397938.10912502016,
        "northing": 808224.6365180864,
        "longitude": 174.7410587695579,
        "latitude": -36.80559984572239,
        "group": "R0 - Reddish (229 points)",
        "canvasX": 692.9058735910819,
        "canvasY": 461.62026461519,
        "variant": "northing_easting_direct"
      }
    },
    {
      "type": "Feature",
      "geometry": {
        "type": "Point",
        "coordinates": [
          10.673470727575477,
          -19.266124875750393,
          -0.06559383412
        ]
      },
      "properties": {
        "id": "1_0",
        "camera": "R1 - Teal (Point)",
        "frame": "0016",
        "image": "pano_camera0/frame_0016_hp_preview.jpg",
        "frameId": "0016",
        "height": 3.384103,
        "coords2D": "2D: (397933.586, 808206.893)",
        "coords3D_original": "3D_Original: (-793548.981, 426441.300, 0.000)",
        "coords3D": "3D: (10.673, -19.266, -0.066)",
        "coordsMtEden": "MtEden: (397933.586, 808206.893, 3.384)",
        "easting": 397933.58597072755,
        "northing": 808206.8928751242,
        "longitude": 174.74100802979024,
        "latitude": -36.80575974192516,
        "group": "R1 - Teal (90 points)",
        "canvasX": 618.8070871862177,
        "canvasY": 752.2984782792521,
        "variant": "northing_easting_direct"
      }
    },
    {
      "type": "Feature",
      "geometry": {
        "type": "Point",
        "coordinates": [
          10.688516361871734,
          -18.646104749292135,
          -0.07087926736000001
        ]
      },
      "properties": {
        "id": "1_1",
        "camera": "R1 - Teal (Point)",
        "frame": "0017",
        "image": "pano_camera0/frame_0017_hp_preview.jpg",
        "frameId": "0017",
        "height": 3.257732,
        "coords2D": "2D: (397933.601, 808207.513)",
        "coords3D_original": "3D_Original: (-793548.981, 426441.300, 0.000)",
        "coords3D": "3D: (10.689, -18.646, -0.071)",
        "coordsMtEden": "MtEden: (397933.601, 808207.513, 3.258)",
        "easting": 397933.60101636185,
        "northing": 808207.5128952507,
        "longitude": 174.74100820009173,
        "latitude": -36.80575415432436,
        "group": "R1 - Teal (90 points)",
        "canvasX": 619.0535663400921,
        "canvasY": 742.1412437596249,
        "variant": "northing_easting_direct"
      }
    },
    {
      "type": "Feature",
      "geometry": {
        "type": "Point",
        "coordinates": [
          10.778670366562437,
          -17.925142313935794,
          -0.03194881992
        ]
      },
      "properties": {
        "id": "1_2",
        "camera": "R1 - Teal (Point)",
        "frame": "0018",
        "image": "pano_camera0/frame_0018_hp_preview.jpg",
        "frameId": "0018",
        "height": 3.064898,
        "coords2D": "2D: (397933.691, 808208.234)",
        "coords3D_original": "3D_Original: (-793548.981, 426441.300, 0.000)",
        "coords3D": "3D: (10.779, -17.925, -0.032)",
        "coordsMtEden": "MtEden: (397933.691, 808208.234, 3.065)",
        "easting": 397933.69117036654,
        "northing": 808208.233857686,
        "longitude": 174.74100921241862,
        "latitude": -36.80574765719339,
        "group": "R1 - Teal (90 points)",
        "canvasX": 620.5304786676168,
        "canvasY": 730.3303617850726,
        "variant": "northing_easting_direct"
      }
    },
    {
      "type": "Feature",
      "geometry": {
        "type": "Point",
        "coordinates": [
          10.97022135235602,
          -17.476612114580348,
          -0.00932086644
        ]
      },
      "properties": {
        "id": "1_3",
        "camera": "R1 - Teal (Point)",
        "frame": "0019",
        "image": "pano_camera0/frame_0019_hp_preview.jpg",
        "frameId": "0019",
        "height": 2.859764,
        "coords2D": "2D: (397933.883, 808208.682)",
        "coords3D_original": "3D_Original: (-793548.981, 426441.300, 0.000)",
        "coords3D": "3D: (10.970, -17.477, -0.009)",
        "coordsMtEden": "MtEden: (397933.883, 808208.682, 2.860)",
        "easting": 397933.88272135233,
        "northing": 808208.6823878854,
        "longitude": 174.74101136037814,
        "latitude": -36.80574361544836,
        "group": "R1 - Teal (90 points)",
        "canvasX": 623.6684869390438,
        "canvasY": 722.9824931765265,
        "variant": "northing_easting_direct"
      }
    },
    {
      "type": "Feature",
      "geometry": {
        "type": "Point",
        "coordinates": [
          11.341656853968743,
          -17.076802782248706,
          0.02008530248
        ]
      },
      "properties": {
        "id": "1_4",
        "camera": "R1 - Teal (Point)",
        "frame": "0020",
        "image": "pano_camera0/frame_0020_hp_preview.jpg",
        "frameId": "0020",
        "height": 2.550429,
        "coords2D": "2D: (397934.254, 808209.082)",
        "coords3D_original": "3D_Original: (-793548.981, 426441.300, 0.000)",
        "coords3D": "3D: (11.342, -17.077, 0.020)",
        "coordsMtEden": "MtEden: (397934.254, 808209.082, 2.550)",
        "easting": 397934.25415685395,
        "northing": 808209.0821972177,
        "longitude": 174.7410155241995,
        "latitude": -36.805740013169135,
        "group": "R1 - Teal (90 points)",
        "canvasX": 629.7533821512812,
        "canvasY": 716.4327749034945,
        "variant": "northing_easting_direct"
      }
    },
    {
      "type": "Feature",
      "geometry": {
        "type": "Point",
        "coordinates": [
          12.157209662604146,
          -16.67976665473543,
          0.0019389764400000002
        ]
      },
      "properties": {
        "id": "1_5",
        "camera": "R1 - Teal (Point)",
        "frame": "0021",
        "image": "pano_camera0/frame_0021_hp_preview.jpg",
        "frameId": "0021",
        "height": 1.962133,
        "coords2D": "2D: (397935.070, 808209.479)",
        "coords3D_original": "3D_Original: (-793548.981, 426441.300, 0.000)",
        "coords3D": "3D: (12.157, -16.680, 0.002)",
        "coordsMtEden": "MtEden: (397935.070, 808209.479, 1.962)",
        "easting": 397935.0697096626,
        "northing": 808209.4792333452,
        "longitude": 174.74102466530567,
        "latitude": -36.805736436850566,
        "group": "R1 - Teal (90 points)",
        "canvasX": 643.113853507743,
        "canvasY": 709.9284875625813,
        "variant": "northing_easting_direct"
      }
    },
    {
      "type": "Feature",
      "geometry": {
        "type": "Point",
        "coordinates": [
          13.550337132066488,
          -16.118922216584906,
          -0.0041174542000000005
        ]
      },
      "properties": {
        "id": "1_6",
        "camera": "R1 - Teal (Point)",
        "frame": "0022",
        "image": "pano_camera0/frame_0022_hp_preview.jpg",
        "frameId": "0022",
        "height": 0.979256,
        "coords2D": "2D: (397936.463, 808210.040)",
        "coords3D_original": "3D_Original: (-793548.981, 426441.300, 0.000)",
        "coords3D": "3D: (13.550, -16.119, -0.004)",
        "coordsMtEden": "MtEden: (397936.463, 808210.040, 0.979)",
        "easting": 397936.46283713204,
        "northing": 808210.0400777834,
        "longitude": 174.741040279825,
        "latitude": -36.80573138554641,
        "group": "R1 - Teal (90 points)",
        "canvasX": 665.936213329318,
        "canvasY": 700.7406753543044,
        "variant": "northing_easting_direct"
      }
    },
    {
      "type": "Feature",
      "geometry": {
        "type": "Point",
        "coordinates": [
          14.128804768028203,
          -15.824047423549928,
          -0.03387139216
        ]
      },
      "properties": {
        "id": "1_7",
        "camera": "R1 - Teal (Point)",
        "frame": "0023",
        "image": "pano_camera0/frame_0023_hp_preview.jpg",
        "frameId": "0023",
        "height": 0.559453,
        "coords2D": "2D: (397937.041, 808210.335)",
        "coords3D_original": "3D_Original: (-793548.981, 426441.300, 0.000)",
        "coords3D": "3D: (14.129, -15.824, -0.034)",
        "coordsMtEden": "MtEden: (397937.041, 808210.335, 0.559)",
        "easting": 397937.041304768,
        "northing": 808210.3349525764,
        "longitude": 174.7410467636016,
        "latitude": -36.805728729389386,
        "group": "R1 - Teal (90 points)",
        "canvasX": 675.4127306056946,
        "canvasY": 695.9100056739665,
        "variant": "northing_easting_direct"
      }
    },
    {
      "type": "Feature",
      "geometry": {
        "type": "Point",
        "coordinates": [
          14.580429382622242,
          -15.706599814118817,
          -0.03500328196
        ]
      },
      "properties": {
        "id": "1_8",
        "camera": "R1 - Teal (Point)",
        "frame": "0024",
        "image": "pano_camera0/frame_0024_hp_preview.jpg",
        "frameId": "0024",
        "height": 0.25292,
        "coords2D": "2D: (397937.493, 808210.452)",
        "coords3D_original": "3D_Original: (-793548.981, 426441.300, 0.000)",
        "coords3D": "3D: (14.580, -15.707, -0.035)",
        "coordsMtEden": "MtEden: (397937.493, 808210.452, 0.253)",
        "easting": 397937.4929293826,
        "northing": 808210.4524001859,
        "longitude": 174.74105182534757,
        "latitude": -36.80572767193304,
        "group": "R1 - Teal (90 points)",
        "canvasX": 682.8112922479302,
        "canvasY": 693.9859666603185,
        "variant": "northing_easting_direct"
      }
    },
    {
      "type": "Feature",
      "geometry": {
        "type": "Point",
        "coordinates": [
          15.426384983642492,
          -15.841944670421071,
          -0.014445538519999999
        ]
      },
      "properties": {
        "id": "1_9",
        "camera": "R1 - Teal (Point)",
        "frame": "0025",
        "image": "pano_camera0/frame_0025_hp_preview.jpg",
        "frameId": "0025",
        "height": -0.254092,
        "coords2D": "2D: (397938.339, 808210.317)",
        "coords3D_original": "3D_Original: (-793548.981, 426441.300, 0.000)",
        "coords3D": "3D: (15.426, -15.842, -0.014)",
        "coordsMtEden": "MtEden: (397938.339, 808210.317, -0.254)",
        "easting": 397938.3388849836,
        "northing": 808210.3170553296,
        "longitude": 174.74106130573793,
        "latitude": -36.80572889350583,
        "group": "R1 - Teal (90 points)",
        "canvasX": 696.6698253280472,
        "canvasY": 696.2032002423539,
        "variant": "northing_easting_direct"
      }
    },
    {
      "type": "Feature",
      "geometry": {
        "type": "Point",
        "coordinates": [
          15.903865931963082,
          -16.17854129965417,
          0.05230315128
        ]
      },
      "properties": {
        "id": "1_10",
        "camera": "R1 - Teal (Point)",
        "frame": "0026",
        "image": "pano_camera0/frame_0026_hp_preview.jpg",
        "frameId": "0026",
        "height": -0.491209,
        "coords2D": "2D: (397938.816, 808209.980)",
        "coords3D_original": "3D_Original: (-793548.981, 426441.300, 0.000)",
        "coords3D": "3D: (15.904, -16.179, 0.052)",
        "coordsMtEden": "MtEden: (397938.816, 808209.980, -0.491)",
        "easting": 397938.81636593194,
        "northing": 808209.9804587003,
        "longitude": 174.7410666560306,
        "latitude": -36.8057319279608,
        "group": "R1 - Teal (90 points)",
        "canvasX": 704.4919681316316,
        "canvasY": 701.7173614061514,
        "variant": "northing_easting_direct"
      }
    },
    {
      "type": "Feature",
      "geometry": {
        "type": "Point",
        "coordinates": [
          16.16776448470773,
          -16.55326908151619,
          0.052145670959999994
        ]
      },
      "properties": {
        "id": "1_11",
        "camera": "R1 - Teal (Point)",
        "frame": "0027",
        "image": "pano_camera0/frame_0027_hp_preview.jpg",
        "frameId": "0027",
        "height": -0.586692,
        "coords2D": "2D: (397939.080, 808209.606)",
        "coords3D_original": "3D_Original: (-793548.981, 426441.300, 0.000)",
        "coords3D": "3D: (16.168, -16.553, 0.052)",
        "coordsMtEden": "MtEden: (397939.080, 808209.606, -0.587)",
        "easting": 397939.0802644847,
        "northing": 808209.6057309185,
        "longitude": 174.7410696125689,
        "latitude": -36.805735305589394,
        "group": "R1 - Teal (90 points)",
        "canvasX": 708.8151818072972,
        "canvasY": 707.8561910962908,
        "variant": "northing_easting_direct"
      }
    },
    {
      "type": "Feature",
      "geometry": {
        "type": "Point",
        "coordinates": [
          16.317976532620378,
          -15.56112489104271,
          0.036026904039999995
        ]
      },
      "properties": {
        "id": "1_12",
        "camera": "R1 - Teal (Point)",
        "frame": "0028",
        "image": "pano_camera0/frame_0028_hp_preview.jpg",
        "frameId": "0028",
        "height": -0.868403,
        "coords2D": "2D: (397939.230, 808210.598)",
        "coords3D_original": "3D_Original: (-793548.981, 426441.300, 0.000)",
        "coords3D": "3D: (16.318, -15.561, 0.036)",
        "coordsMtEden": "MtEden: (397939.230, 808210.598, -0.868)",
        "easting": 397939.2304765326,
        "northing": 808210.597875109,
        "longitude": 174.74107129870418,
        "latitude": -36.80572636469324,
        "group": "R1 - Teal (90 points)",
        "canvasX": 711.2759712765985,
        "canvasY": 691.6027812636503,
        "variant": "northing_easting_direct"
      }
    },
    {
      "type": "Feature",
      "geometry": {
        "type": "Point",
        "coordinates": [
          16.20924773812294,
          -14.369409044273198,
          0.10186352032
        ]
      },
      "properties": {
        "id": "1_13",
        "camera": "R1 - Teal (Point)",
        "frame": "0029",
        "image": "pano_camera0/frame_0029_hp_preview.jpg",
        "frameId": "0029",
        "height": -1.024832,
        "coords2D": "2D: (397939.122, 808211.790)",
        "coords3D_original": "3D_Original: (-793548.981, 426441.300, 0.000)",
        "coords3D": "3D: (16.209, -14.369, 0.102)",
        "coordsMtEden": "MtEden: (397939.122, 808211.790, -1.025)",
        "easting": 397939.1217477381,
        "northing": 808211.7895909557,
        "longitude": 174.74107008338908,
        "latitude": -36.80571562468978,
        "group": "R1 - Teal (90 points)",
        "canvasX": 709.4947648009586,
        "canvasY": 672.0799676974366,
        "variant": "northing_easting_direct"
      }
    },
    {
      "type": "Feature",
      "geometry": {
        "type": "Point",
        "coordinates": [
          16.184398916724604,
          -13.270951856742613,
          0.12305774672
        ]
      },
      "properties": {
        "id": "1_14",
        "camera": "R1 - Teal (Point)",
        "frame": "0030",
        "image": "pano_camera0/frame_0030_hp_preview.jpg",
        "frameId": "0030",
        "height": -1.216377,
        "coords2D": "2D: (397939.097, 808212.888)",
        "coords3D_original": "3D_Original: (-793548.981, 426441.300, 0.000)",
        "coords3D": "3D: (16.184, -13.271, 0.123)",
        "coordsMtEden": "MtEden: (397939.097, 808212.888, -1.216)",
        "easting": 397939.0968989167,
        "northing": 808212.8880481432,
        "longitude": 174.7410698078776,
        "latitude": -36.80570572531777,
        "group": "R1 - Teal (90 points)",
        "canvasX": 709.0876888114325,
        "canvasY": 654.0849272351661,
        "variant": "northing_easting_direct"
      }
    },
    {
      "type": "Feature",
      "geometry": {
        "type": "Point",
        "coordinates": [
          16.380296813324094,
          -12.518304963130504,
          0.19713255224
        ]
      },
      "properties": {
        "id": "1_15",
        "camera": "R1 - Teal (Point)",
        "frame": "0031",
        "image": "pano_camera0/frame_0031_hp_preview.jpg",
        "frameId": "0031",
        "height": -1.481621,
        "coords2D": "2D: (397939.293, 808213.641)",
        "coords3D_original": "3D_Original: (-793548.981, 426441.300, 0.000)",
        "coords3D": "3D: (16.380, -12.518, 0.197)",
        "coordsMtEden": "MtEden: (397939.293, 808213.641, -1.482)",
        "easting": 397939.2927968133,
        "northing": 808213.6406950369,
        "longitude": 174.7410720053723,
        "latitude": -36.80569894287538,
        "group": "R1 - Teal (90 points)",
        "canvasX": 712.2969086296293,
        "canvasY": 641.7549871542698,
        "variant": "northing_easting_direct"
      }
    },
    {
      "type": "Feature",
      "geometry": {
        "type": "Point",
        "coordinates": [
          17.04187028412707,
          -12.208832936710678,
          0.167732945
        ]
      },
      "properties": {
        "id": "1_16",
        "camera": "R1 - Teal (Point)",
        "frame": "0032",
        "image": "pano_camera0/frame_0032_hp_preview.jpg",
        "frameId": "0032",
        "height": -1.956569,
        "coords2D": "2D: (397939.954, 808213.950)",
        "coords3D_original": "3D_Original: (-793548.981, 426441.300, 0.000)",
        "coords3D": "3D: (17.042, -12.209, 0.168)",
        "coordsMtEden": "MtEden: (397939.954, 808213.950, -1.957)",
        "easting": 397939.9543702841,
        "northing": 808213.9501670633,
        "longitude": 174.74107942056426,
        "latitude": -36.80569615534688,
        "group": "R1 - Teal (90 points)",
        "canvasX": 723.1348743792366,
        "canvasY": 636.6851840702894,
        "variant": "northing_easting_direct"
      }
    },
    {
      "type": "Feature",
      "geometry": {
        "type": "Point",
        "coordinates": [
          17.47670416114852,
          -12.277474066475406,
          0.13944554252
        ]
      },
      "properties": {
        "id": "1_17",
        "camera": "R1 - Teal (Point)",
        "frame": "0033",
        "image": "pano_camera0/frame_0033_hp_preview.jpg",
        "frameId": "0033",
        "height": -2.217361,
        "coords2D": "2D: (397940.389, 808213.882)",
        "coords3D_original": "3D_Original: (-793548.981, 426441.300, 0.000)",
        "coords3D": "3D: (17.477, -12.277, 0.139)",
        "coordsMtEden": "MtEden: (397940.389, 808213.882, -2.217)",
        "easting": 397940.3892041611,
        "northing": 808213.8815259335,
        "longitude": 174.74108429362792,
        "latitude": -36.805696774888006,
        "group": "R1 - Teal (90 points)",
        "canvasX": 730.2583684033706,
        "canvasY": 637.809670232111,
        "variant": "northing_easting_direct"
      }
    },
    {
      "type": "Feature",
      "geometry": {
        "type": "Point",
        "coordinates": [
          18.325903425342403,
          -13.26792802370619,
          0.18832021599999998
        ]
      },
      "properties": {
        "id": "1_18",
        "camera": "R1 - Teal (Point)",
        "frame": "0034",
        "image": "pano_camera0/frame_0034_hp_preview.jpg",
        "frameId": "0034",
        "height": -2.565201,
        "coords2D": "2D: (397941.238, 808212.891)",
        "coords3D_original": "3D_Original: (-793548.981, 426441.300, 0.000)",
        "coords3D": "3D: (18.326, -13.268, 0.188)",
        "coordsMtEden": "MtEden: (397941.238, 808212.891, -2.565)",
        "easting": 397941.2384034253,
        "northing": 808212.8910719763,
        "longitude": 174.7410938080552,
        "latitude": -36.80570570272543,
        "group": "R1 - Teal (90 points)",
        "canvasX": 744.1700395120416,
        "canvasY": 654.0353904865148,
        "variant": "northing_easting_direct"
      }
    },
    {
      "type": "Feature",
      "geometry": {
        "type": "Point",
        "coordinates": [
          18.332934721955098,
          -13.645810987451114,
          0.18232284048
        ]
      },
      "properties": {
        "id": "1_19",
        "camera": "R1 - Teal (Point)",
        "frame": "0035",
        "image": "pano_camera0/frame_0035_hp_preview.jpg",
        "frameId": "0035",
        "height": -2.498333,
        "coords2D": "2D: (397941.245, 808212.513)",
        "coords3D_original": "3D_Original: (-793548.981, 426441.300, 0.000)",
        "coords3D": "3D: (18.333, -13.646, 0.182)",
        "coordsMtEden": "MtEden: (397941.245, 808212.513, -2.498)",
        "easting": 397941.24543472193,
        "northing": 808212.5131890125,
        "longitude": 174.7410938858343,
        "latitude": -36.805709108229486,
        "group": "R1 - Teal (90 points)",
        "canvasX": 744.2852269488557,
        "canvasY": 660.2259086970041,
        "variant": "northing_easting_direct"
      }
    },
    {
      "type": "Feature",
      "geometry": {
        "type": "Point",
        "coordinates": [
          18.285750516108237,
          -14.592995268059894,
          0.08767716816
        ]
      },
      "properties": {
        "id": "1_20",
        "camera": "R1 - Teal (Point)",
        "frame": "0036",
        "image": "pano_camera0/frame_0036_hp_preview.jpg",
        "frameId": "0036",
        "height": -2.289977,
        "coords2D": "2D: (397941.198, 808211.566)",
        "coords3D_original": "3D_Original: (-793548.981, 426441.300, 0.000)",
        "coords3D": "3D: (18.286, -14.593, 0.088)",
        "coordsMtEden": "MtEden: (397941.198, 808211.566, -2.290)",
        "easting": 397941.1982505161,
        "northing": 808211.5660047319,
        "longitude": 174.74109335447258,
        "latitude": -36.8057176441704,
        "group": "R1 - Teal (90 points)",
        "canvasX": 743.5122503567576,
        "canvasY": 675.742780586598,
        "variant": "northing_easting_direct"
      }
    },
    {
      "type": "Feature",
      "geometry": {
        "type": "Point",
        "coordinates": [
          18.350552840041928,
          -15.3047484428389,
          0.1205052532
        ]
      },
      "properties": {
        "id": "1_21",
        "camera": "R1 - Teal (Point)",
        "frame": "0037",
        "image": "pano_camera0/frame_0037_hp_preview.jpg",
        "frameId": "0037",
        "height": -2.196428,
        "coords2D": "2D: (397941.263, 808210.854)",
        "coords3D_original": "3D_Original: (-793548.981, 426441.300, 0.000)",
        "coords3D": "3D: (18.351, -15.305, 0.121)",
        "coordsMtEden": "MtEden: (397941.263, 808210.854, -2.196)",
        "easting": 397941.26305284,
        "northing": 808210.8542515571,
        "longitude": 174.74109407879786,
        "latitude": -36.805724058645005,
        "group": "R1 - Teal (90 points)",
        "canvasX": 744.5738488008149,
        "canvasY": 687.4027954919733,
        "variant": "northing_easting_direct"
      }
    },
    {
      "type": "Feature",
      "geometry": {
        "type": "Point",
        "coordinates": [
          18.422241469437722,
          -15.964389786822721,
          0.07378281076
        ]
      },
      "properties": {
        "id": "1_22",
        "camera": "R1 - Teal (Point)",
        "frame": "0038",
        "image": "pano_camera0/frame_0038_hp_preview.jpg",
        "frameId": "0038",
        "height": -2.117179,
        "coords2D": "2D: (397941.335, 808210.195)",
        "coords3D_original": "3D_Original: (-793548.981, 426441.300, 0.000)",
        "coords3D": "3D: (18.422, -15.964, 0.074)",
        "coordsMtEden": "MtEden: (397941.335, 808210.195, -2.117)",
        "easting": 397941.3347414694,
        "northing": 808210.1946102132,
        "longitude": 174.74109488044004,
        "latitude": -36.80573000350172,
        "group": "R1 - Teal (90 points)",
        "canvasX": 745.748259420405,
        "canvasY": 698.2091089372049,
        "variant": "northing_easting_direct"
      }
    },
    {
      "type": "Feature",
      "geometry": {
        "type": "Point",
        "coordinates": [
          19.105728071997873,
          -16.934471093933098,
          -0.06626312548
        ]
      },
      "properties": {
        "id": "1_23",
        "camera": "R1 - Teal (Point)",
        "frame": "0039",
        "image": "pano_camera0/frame_0039_hp_preview.jpg",
        "frameId": "0039",
        "height": -2.364448,
        "coords2D": "2D: (397942.018, 808209.225)",
        "coords3D_original": "3D_Original: (-793548.981, 426441.300, 0.000)",
        "coords3D": "3D: (19.106, -16.934, -0.066)",
        "coordsMtEden": "MtEden: (397942.018, 808209.225, -2.364)",
        "easting": 397942.018228072,
        "northing": 808209.224528906,
        "longitude": 174.7411025377597,
        "latitude": -36.80573874737938,
        "group": "R1 - Teal (90 points)",
        "canvasX": 756.9452083852209,
        "canvasY": 714.1010823089832,
        "variant": "northing_easting_direct"
      }
    },
    {
      "type": "Feature",
      "geometry": {
        "type": "Point",
        "coordinates": [
          19.769782639981713,
          -17.280353106441908,
          0.01072506596
        ]
      },
      "properties": {
        "id": "1_24",
        "camera": "R1 - Teal (Point)",
        "frame": "0040",
        "image": "pano_camera0/frame_0040_hp_preview.jpg",
        "frameId": "0040",
        "height": -2.717279,
        "coords2D": "2D: (397942.682, 808208.879)",
        "coords3D_original": "3D_Original: (-793548.981, 426441.300, 0.000)",
        "coords3D": "3D: (19.770, -17.280, 0.011)",
        "coordsMtEden": "MtEden: (397942.682, 808208.879, -2.717)",
        "easting": 397942.68228263996,
        "northing": 808208.8786468935,
        "longitude": 174.74110997898975,
        "latitude": -36.805741865917916,
        "group": "R1 - Teal (90 points)",
        "canvasX": 767.823819728612,
        "canvasY": 719.7673575916926,
        "variant": "northing_easting_direct"
      }
    },
    {
      "type": "Feature",
      "geometry": {
        "type": "Point",
        "coordinates": [
          19.90132058179006,
          -17.313699401682243,
          0.04039698292
        ]
      },
      "properties": {
        "id": "1_25",
        "camera": "R1 - Teal (Point)",
        "frame": "0041",
        "image": "pano_camera0/frame_0041_hp_preview.jpg",
        "frameId": "0041",
        "height": -2.793836,
        "coords2D": "2D: (397942.814, 808208.845)",
        "coords3D_original": "3D_Original: (-793548.981, 426441.300, 0.000)",
        "coords3D": "3D: (19.901, -17.314, 0.040)",
        "coordsMtEden": "MtEden: (397942.814, 808208.845, -2.794)",
        "easting": 397942.81382058177,
        "northing": 808208.8453005983,
        "longitude": 174.74111145306622,
        "latitude": -36.805742166721195,
        "group": "R1 - Teal (90 points)",
        "canvasX": 769.9786880395671,
        "canvasY": 720.3136400849513,
        "variant": "northing_easting_direct"
      }
    },
    {
      "type": "Feature",
      "geometry": {
        "type": "Point",
        "coordinates": [
          20.99074827815639,
          -17.575234158546664,
          0.0012500000399999999
        ]
      },
      "properties": {
        "id": "1_26",
        "camera": "R1 - Teal (Point)",
        "frame": "0042",
        "image": "pano_camera0/frame_0042_hp_preview.jpg",
        "frameId": "0042",
        "height": -3.430301,
        "coords2D": "2D: (397943.903, 808208.584)",
        "coords3D_original": "3D_Original: (-793548.981, 426441.300, 0.000)",
        "coords3D": "3D: (20.991, -17.575, 0.001)",
        "coordsMtEden": "MtEden: (397943.903, 808208.584, -3.430)",
        "easting": 397943.90324827813,
        "northing": 808208.5837658414,
        "longitude": 174.74112366174904,
        "latitude": -36.8057445260438,
        "group": "R1 - Teal (90 points)",
        "canvasX": 787.8258064346203,
        "canvasY": 724.5981298087058,
        "variant": "northing_easting_direct"
      }
    },
    {
      "type": "Feature",
      "geometry": {
        "type": "Point",
        "coordinates": [
          21.636107468919363,
          -17.9759252499789,
          0.35286418451999996
        ]
      },
      "properties": {
        "id": "1_27",
        "camera": "R1 - Teal (Point)",
        "frame": "0043",
        "image": "pano_camera0/frame_0043_hp_preview.jpg",
        "frameId": "0043",
        "height": -3.760996,
        "coords2D": "2D: (397944.549, 808208.183)",
        "coords3D_original": "3D_Original: (-793548.981, 426441.300, 0.000)",
        "coords3D": "3D: (21.636, -17.976, 0.353)",
        "coordsMtEden": "MtEden: (397944.549, 808208.183, -3.761)",
        "easting": 397944.5486074689,
        "northing": 808208.18307475,
        "longitude": 174.74113089331044,
        "latitude": -36.80574813848096,
        "group": "R1 - Teal (90 points)",
        "canvasX": 798.3981481538183,
        "canvasY": 731.1622931508618,
        "variant": "northing_easting_direct"
      }
    },
    {
      "type": "Feature",
      "geometry": {
        "type": "Point",
        "coordinates": [
          21.669617784500588,
          -18.67728753341362,
          0.31872048263999997
        ]
      },
      "properties": {
        "id": "1_28",
        "camera": "R1 - Teal (Point)",
        "frame": "0044",
        "image": "pano_camera0/frame_0044_hp_preview.jpg",
        "frameId": "0044",
        "height": -3.649906,
        "coords2D": "2D: (397944.582, 808207.482)",
        "coords3D_original": "3D_Original: (-793548.981, 426441.300, 0.000)",
        "coords3D": "3D: (21.670, -18.677, 0.319)",
        "coordsMtEden": "MtEden: (397944.582, 808207.482, -3.650)",
        "easting": 397944.5821177845,
        "northing": 808207.4817124666,
        "longitude": 174.74113126697262,
        "latitude": -36.80575445924445,
        "group": "R1 - Teal (90 points)",
        "canvasX": 798.9471176457836,
        "canvasY": 742.6520833885855,
        "variant": "northing_easting_direct"
      }
    },
    {
      "type": "Feature",
      "geometry": {
        "type": "Point",
        "coordinates": [
          21.914312019653153,
          -19.64552355487831,
          0.23175197592000002
        ]
      },
      "properties": {
        "id": "1_29",
        "camera": "R1 - Teal (Point)",
        "frame": "0045",
        "image": "pano_camera0/frame_0045_hp_preview.jpg",
        "frameId": "0045",
        "height": -3.621285,
        "coords2D": "2D: (397944.827, 808206.513)",
        "coords3D_original": "3D_Original: (-793548.981, 426441.300, 0.000)",
        "coords3D": "3D: (21.914, -19.646, 0.232)",
        "coordsMtEden": "MtEden: (397944.827, 808206.513, -3.621)",
        "easting": 397944.82681201963,
        "northing": 808206.5134764451,
        "longitude": 174.74113400668682,
        "latitude": -36.80576318553773,
        "group": "R1 - Teal (90 points)",
        "canvasX": 802.9557241836237,
        "canvasY": 758.513827097106,
        "variant": "northing_easting_direct"
      }
    },
    {
      "type": "Feature",
      "geometry": {
        "type": "Point",
        "coordinates": [
          22.278804060886614,
          -19.75521881203167,
          0.224491477
        ]
      },
      "properties": {
        "id": "1_30",
        "camera": "R1 - Teal (Middle)",
        "frame": "0046",
        "image": "pano_camera0/frame_0046_hp_preview.jpg",
        "frameId": "0046",
        "height": -3.830085,
        "coords2D": "2D: (397945.191, 808206.404)",
        "coords3D_original": "3D_Original: (-793548.981, 426441.300, 0.000)",
        "coords3D": "3D: (22.279, -19.755, 0.224)",
        "coordsMtEden": "MtEden: (397945.191, 808206.404, -3.830)",
        "easting": 397945.19130406086,
        "northing": 808206.403781188,
        "longitude": 174.74113809131205,
        "latitude": -36.80576417490459,
        "group": "R1 - Teal (90 points)",
        "canvasX": 808.9268709016784,
        "canvasY": 760.3108662651447,
        "variant": "northing_easting_direct"
      }
    },
    {
      "type": "Feature",
      "geometry": {
        "type": "Point",
        "coordinates": [
          22.39756936125923,
          -19.672948840190656,
          0.19927494076
        ]
      },
      "properties": {
        "id": "1_31",
        "camera": "R1 - Teal (Point)",
        "frame": "0047",
        "image": "pano_camera0/frame_0047_hp_preview.jpg",
        "frameId": "0047",
        "height": -3.920363,
        "coords2D": "2D: (397945.310, 808206.486)",
        "coords3D_original": "3D_Original: (-793548.981, 426441.300, 0.000)",
        "coords3D": "3D: (22.398, -19.673, 0.199)",
        "coordsMtEden": "MtEden: (397945.310, 808206.486, -3.920)",
        "easting": 397945.31006936124,
        "northing": 808206.4860511598,
        "longitude": 174.741139422556,
        "latitude": -36.805763433743685,
        "group": "R1 - Teal (90 points)",
        "canvasX": 810.8724964656018,
        "canvasY": 758.9631109887655,
        "variant": "northing_easting_direct"
      }
    },
    {
      "type": "Feature",
      "geometry": {
        "type": "Point",
        "coordinates": [
          22.62395144929178,
          -19.325224226224236,
          0.24770013916
        ]
      },
      "properties": {
        "id": "1_32",
        "camera": "R1 - Teal (Point)",
        "frame": "0048",
        "image": "pano_camera0/frame_0048_hp_preview.jpg",
        "frameId": "0048",
        "height": -4.128413,
        "coords2D": "2D: (397945.536, 808206.834)",
        "coords3D_original": "3D_Original: (-793548.981, 426441.300, 0.000)",
        "coords3D": "3D: (22.624, -19.325, 0.248)",
        "coordsMtEden": "MtEden: (397945.536, 808206.834, -4.128)",
        "easting": 397945.53645144927,
        "northing": 808206.8337757738,
        "longitude": 174.7411419605949,
        "latitude": -36.805760300533805,
        "group": "R1 - Teal (90 points)",
        "canvasX": 814.5811114944206,
        "canvasY": 753.2666500156683,
        "variant": "northing_easting_direct"
      }
    },
    {
      "type": "Feature",
      "geometry": {
        "type": "Point",
        "coordinates": [
          22.73264443356311,
          -18.32575351721607,
          0.32286090272
        ]
      },
      "properties": {
        "id": "1_33",
        "camera": "R1 - Teal (Point)",
        "frame": "0049",
        "image": "pano_camera0/frame_0049_hp_preview.jpg",
        "frameId": "0049",
        "height": -4.385367,
        "coords2D": "2D: (397945.645, 808207.833)",
        "coords3D_original": "3D_Original: (-793548.981, 426441.300, 0.000)",
        "coords3D": "3D: (22.733, -18.326, 0.323)",
        "coordsMtEden": "MtEden: (397945.645, 808207.833, -4.385)",
        "easting": 397945.64514443354,
        "northing": 808207.8332464828,
        "longitude": 174.74114318143128,
        "latitude": -36.805751293519855,
        "group": "R1 - Teal (90 points)",
        "canvasX": 816.3617313236634,
        "canvasY": 736.8932163906248,
        "variant": "northing_easting_direct"
      }
    },
    {
      "type": "Feature",
      "geometry": {
        "type": "Point",
        "coordinates": [
          22.429529477783944,
          -17.119733122061007,
          0.3699639226
        ]
      },
      "properties": {
        "id": "1_34",
        "camera": "R1 - Teal (Point)",
        "frame": "0050",
        "image": "pano_camera0/frame_0050_hp_preview.jpg",
        "frameId": "0050",
        "height": -4.422082,
        "coords2D": "2D: (397945.342, 808209.039)",
        "coords3D_original": "3D_Original: (-793548.981, 426441.300, 0.000)",
        "coords3D": "3D: (22.430, -17.120, 0.370)",
        "coordsMtEden": "MtEden: (397945.342, 808209.039, -4.422)",
        "easting": 397945.34202947776,
        "northing": 808209.0392668779,
        "longitude": 174.74113978762784,
        "latitude": -36.805740424182545,
        "group": "R1 - Teal (90 points)",
        "canvasX": 811.3960704351472,
        "canvasY": 717.1360642183035,
        "variant": "northing_easting_direct"
      }
    },
    {
      "type": "Feature",
      "geometry": {
        "type": "Point",
        "coordinates": [
          22.40976945782313,
          -17.069927667966112,
          0.38472114092000004
        ]
      },
      "properties": {
        "id": "1_35",
        "camera": "R1 - Teal (Point)",
        "frame": "0051",
        "image": "pano_camera0/frame_0051_hp_preview.jpg",
        "frameId": "0051",
        "height": -4.419005,
        "coords2D": "2D: (397945.322, 808209.089)",
        "coords3D_original": "3D_Original: (-793548.981, 426441.300, 0.000)",
        "coords3D": "3D: (22.410, -17.070, 0.385)",
        "coordsMtEden": "MtEden: (397945.322, 808209.089, -4.419)",
        "easting": 397945.3222694578,
        "northing": 808209.089072332,
        "longitude": 174.74113956630856,
        "latitude": -36.80573997529193,
        "group": "R1 - Teal (90 points)",
        "canvasX": 811.0723597226169,
        "canvasY": 716.3201460639565,
        "variant": "northing_easting_direct"
      }
    },
    {
      "type": "Feature",
      "geometry": {
        "type": "Point",
        "coordinates": [
          22.22766977356514,
          -15.803884487017058,
          0.38924870012
        ]
      },
      "properties": {
        "id": "1_36",
        "camera": "R1 - Teal (Point)",
        "frame": "0052",
        "image": "pano_camera0/frame_0052_hp_preview.jpg",
        "frameId": "0052",
        "height": -4.54322,
        "coords2D": "2D: (397945.140, 808210.355)",
        "coords3D_original": "3D_Original: (-793548.981, 426441.300, 0.000)",
        "coords3D": "3D: (22.228, -15.804, 0.389)",
        "coordsMtEden": "MtEden: (397945.140, 808210.355, -4.543)",
        "easting": 397945.14016977354,
        "northing": 808210.355115513,
        "longitude": 174.74113752890523,
        "latitude": -36.80572856529058,
        "group": "R1 - Teal (90 points)",
        "canvasX": 808.0891836613221,
        "canvasY": 695.5796943391912,
        "variant": "northing_easting_direct"
      }
    },
    {
      "type": "Feature",
      "geometry": {
        "type": "Point",
        "coordinates": [
          22.30846634466434,
          -15.484010660438798,
          0.09076115776
        ]
      },
      "properties": {
        "id": "1_37",
        "camera": "R1 - Teal (Point)",
        "frame": "0053",
        "image": "pano_camera0/frame_0053_hp_preview.jpg",
        "frameId": "0053",
        "height": -4.654366,
        "coords2D": "2D: (397945.221, 808210.675)",
        "coords3D_original": "3D_Original: (-793548.981, 426441.300, 0.000)",
        "coords3D": "3D: (22.308, -15.484, 0.091)",
        "coordsMtEden": "MtEden: (397945.221, 808210.675, -4.654)",
        "easting": 397945.22096634464,
        "northing": 808210.6749893395,
        "longitude": 174.74113843526825,
        "latitude": -36.80572568275665,
        "group": "R1 - Teal (90 points)",
        "canvasX": 809.4128015347618,
        "canvasY": 690.3394878771221,
        "variant": "northing_easting_direct"
      }
    },
    {
      "type": "Feature",
      "geometry": {
        "type": "Point",
        "coordinates": [
          22.689421224058606,
          -15.062633398803882,
          0.10579396663999999
        ]
      },
      "properties": {
        "id": "1_38",
        "camera": "R1 - Teal (Point)",
        "frame": "0054",
        "image": "pano_camera0/frame_0054_hp_preview.jpg",
        "frameId": "0054",
        "height": -4.973766,
        "coords2D": "2D: (397945.602, 808211.096)",
        "coords3D_original": "3D_Original: (-793548.981, 426441.300, 0.000)",
        "coords3D": "3D: (22.689, -15.063, 0.106)",
        "coordsMtEden": "MtEden: (397945.602, 808211.096, -4.974)",
        "easting": 397945.60192122404,
        "northing": 808211.0963666012,
        "longitude": 174.74114270582604,
        "latitude": -36.80572188612302,
        "group": "R1 - Teal (90 points)",
        "canvasX": 815.6536441882885,
        "canvasY": 683.4364415333748,
        "variant": "northing_easting_direct"
      }
    },
    {
      "type": "Feature",
      "geometry": {
        "type": "Point",
        "coordinates": [
          22.79834471392678,
          -13.77899501088541,
          0.11192257575999999
        ]
      },
      "properties": {
        "id": "1_39",
        "camera": "R1 - Teal (Point)",
        "frame": "0055",
        "image": "pano_camera0/frame_0055_hp_preview.jpg",
        "frameId": "0055",
        "height": -5.284531,
        "coords2D": "2D: (397945.711, 808212.380)",
        "coords3D_original": "3D_Original: (-793548.981, 426441.300, 0.000)",
        "coords3D": "3D: (22.798, -13.779, 0.112)",
        "coordsMtEden": "MtEden: (397945.711, 808212.380, -5.285)",
        "easting": 397945.7108447139,
        "northing": 808212.3800049891,
        "longitude": 174.74114393001173,
        "latitude": -36.80571031818475,
        "group": "R1 - Teal (90 points)",
        "canvasX": 817.4380401845791,
        "canvasY": 662.4077432895838,
        "variant": "northing_easting_direct"
      }
    },
    {
      "type": "Feature",
      "geometry": {
        "type": "Point",
        "coordinates": [
          22.556824358121958,
          -13.241738815209828,
          0.18697179075999998
        ]
      },
      "properties": {
        "id": "1_40",
        "camera": "R1 - Teal (Point)",
        "frame": "0056",
        "image": "pano_camera0/frame_0056_hp_preview.jpg",
        "frameId": "0056",
        "height": -5.233766,
        "coords2D": "2D: (397945.469, 808212.917)",
        "coords3D_original": "3D_Original: (-793548.981, 426441.300, 0.000)",
        "coords3D": "3D: (22.557, -13.242, 0.187)",
        "coordsMtEden": "MtEden: (397945.469, 808212.917, -5.234)",
        "easting": 397945.4693243581,
        "northing": 808212.9172611848,
        "longitude": 174.74114122470556,
        "latitude": -36.80570547589726,
        "group": "R1 - Teal (90 points)",
        "canvasX": 813.4814284706767,
        "canvasY": 653.6063561349694,
        "variant": "northing_easting_direct"
      }
    },
    {
      "type": "Feature",
      "geometry": {
        "type": "Point",
        "coordinates": [
          22.22913732653251,
          -12.698337357025594,
          0.18782152832
        ]
      },
      "properties": {
        "id": "1_41",
        "camera": "R1 - Teal (Point)",
        "frame": "0057",
        "image": "pano_camera0/frame_0057_hp_preview.jpg",
        "frameId": "0057",
        "height": -5.129993,
        "coords2D": "2D: (397945.142, 808213.461)",
        "coords3D_original": "3D_Original: (-793548.981, 426441.300, 0.000)",
        "coords3D": "3D: (22.229, -12.698, 0.188)",
        "coordsMtEden": "MtEden: (397945.142, 808213.461, -5.130)",
        "easting": 397945.1416373265,
        "northing": 808213.460662643,
        "longitude": 174.7411375537332,
        "latitude": -36.80570057804149,
        "group": "R1 - Teal (90 points)",
        "canvasX": 808.1132252678623,
        "canvasY": 644.7042966483509,
        "variant": "northing_easting_direct"
      }
    },
    {
      "type": "Feature",
      "geometry": {
        "type": "Point",
        "coordinates": [
          22.02180332428543,
          -12.343250967096537,
          0.19942914024
        ]
      },
      "properties": {
        "id": "1_42",
        "camera": "R1 - Teal (Point)",
        "frame": "0058",
        "image": "pano_camera0/frame_0058_hp_preview.jpg",
        "frameId": "0058",
        "height": -5.066479,
        "coords2D": "2D: (397944.934, 808213.816)",
        "coords3D_original": "3D_Original: (-793548.981, 426441.300, 0.000)",
        "coords3D": "3D: (22.022, -12.343, 0.199)",
        "coordsMtEden": "MtEden: (397944.934, 808213.816, -5.066)",
        "easting": 397944.93430332426,
        "northing": 808213.8157490329,
        "longitude": 174.74113523106777,
        "latitude": -36.805697377545926,
        "group": "R1 - Teal (90 points)",
        "canvasX": 804.716657971313,
        "canvasY": 638.8872342935182,
        "variant": "northing_easting_direct"
      }
    },
    {
      "type": "Feature",
      "geometry": {
        "type": "Point",
        "coordinates": [
          21.3884378579678,
          -12.079438297310844,
          0.14766732756
        ]
      },
      "properties": {
        "id": "1_43",
        "camera": "R1 - Teal (Point)",
        "frame": "0059",
        "image": "pano_camera0/frame_0059_hp_preview.jpg",
        "frameId": "0059",
        "height": -4.71739,
        "coords2D": "2D: (397944.301, 808214.080)",
        "coords3D_original": "3D_Original: (-793548.981, 426441.300, 0.000)",
        "coords3D": "3D: (21.388, -12.079, 0.148)",
        "coordsMtEden": "MtEden: (397944.301, 808214.080, -4.717)",
        "easting": 397944.30093785794,
        "northing": 808214.0795617027,
        "longitude": 174.74112813355688,
        "latitude": -36.8056949986861,
        "group": "R1 - Teal (90 points)",
        "canvasX": 794.3407986997884,
        "canvasY": 634.5654275616623,
        "variant": "northing_easting_direct"
      }
    },
    {
      "type": "Feature",
      "geometry": {
        "type": "Point",
        "coordinates": [
          20.45918840338709,
          -11.944026875891723,
          0.20914042664
        ]
      },
      "properties": {
        "id": "1_44",
        "camera": "R1 - Teal (Point)",
        "frame": "0060",
        "image": "pano_camera0/frame_0060_hp_preview.jpg",
        "frameId": "0060",
        "height": -4.15799,
        "coords2D": "2D: (397943.372, 808214.215)",
        "coords3D_original": "3D_Original: (-793548.981, 426441.300, 0.000)",
        "coords3D": "3D: (20.459, -11.944, 0.209)",
        "coordsMtEden": "MtEden: (397943.372, 808214.215, -4.158)",
        "easting": 397943.37168840336,
        "northing": 808214.2149731241,
        "longitude": 174.74111771968293,
        "latitude": -36.80569377633785,
        "group": "R1 - Teal (90 points)",
        "canvasX": 779.117737004779,
        "canvasY": 632.3471035028426,
        "variant": "northing_easting_direct"
      }
    },
    {
      "type": "Feature",
      "geometry": {
        "type": "Point",
        "coordinates": [
          19.982644618605264,
          -11.861807781620882,
          0.246391084
        ]
      },
      "properties": {
        "id": "1_45",
        "camera": "R1 - Teal (Point)",
        "frame": "0061",
        "image": "pano_camera0/frame_0061_hp_preview.jpg",
        "frameId": "0061",
        "height": -3.873394,
        "coords2D": "2D: (397942.895, 808214.297)",
        "coords3D_original": "3D_Original: (-793548.981, 426441.300, 0.000)",
        "coords3D": "3D: (19.983, -11.862, 0.246)",
        "coordsMtEden": "MtEden: (397942.895, 808214.297, -3.873)",
        "easting": 397942.8951446186,
        "northing": 808214.2971922184,
        "longitude": 174.7411123792066,
        "latitude": -36.80569303434258,
        "group": "R1 - Teal (90 points)",
        "canvasX": 771.310946911271,
        "canvasY": 631.0001817063353,
        "variant": "northing_easting_direct"
      }
    },
    {
      "type": "Feature",
      "geometry": {
        "type": "Point",
        "coordinates": [
          18.46779760910431,
          -11.879570768098347,
          0.13604987312
        ]
      },
      "properties": {
        "id": "1_46",
        "camera": "R1 - Teal (Point)",
        "frame": "0062",
        "image": "pano_camera0/frame_0062_hp_preview.jpg",
        "frameId": "0062",
        "height": -2.916415,
        "coords2D": "2D: (397941.380, 808214.279)",
        "coords3D_original": "3D_Original: (-793548.981, 426441.300, 0.000)",
        "coords3D": "3D: (18.468, -11.880, 0.136)",
        "coordsMtEden": "MtEden: (397941.380, 808214.279, -2.916)",
        "easting": 397941.3802976091,
        "northing": 808214.2794292319,
        "longitude": 174.74109540203864,
        "latitude": -36.80569319113082,
        "group": "R1 - Teal (90 points)",
        "canvasX": 746.4945648626837,
        "canvasY": 631.2911768068946,
        "variant": "northing_easting_direct"
      }
    },
    {
      "type": "Feature",
      "geometry": {
        "type": "Point",
        "coordinates": [
          17.32547879021149,
          -11.863307809573598,
          0.17239501864
        ]
      },
      "properties": {
        "id": "1_47",
        "camera": "R1 - Teal (Point)",
        "frame": "0063",
        "image": "pano_camera0/frame_0063_hp_preview.jpg",
        "frameId": "0063",
        "height": -2.200224,
        "coords2D": "2D: (397940.238, 808214.296)",
        "coords3D_original": "3D_Original: (-793548.981, 426441.300, 0.000)",
        "coords3D": "3D: (17.325, -11.863, 0.172)",
        "coordsMtEden": "MtEden: (397940.238, 808214.296, -2.200)",
        "easting": 397940.2379787902,
        "northing": 808214.2956921904,
        "longitude": 174.74108259994256,
        "latitude": -36.80569304208454,
        "group": "R1 - Teal (90 points)",
        "canvasX": 727.7809785700528,
        "canvasY": 631.0247553207969,
        "variant": "northing_easting_direct"
      }
    },
    {
      "type": "Feature",
      "geometry": {
        "type": "Point",
        "coordinates": [
          17.118451060028747,
          -11.860151171917096,
          0.18002953332
        ]
      },
      "properties": {
        "id": "1_48",
        "camera": "R1 - Teal (Point)",
        "frame": "0064",
        "image": "pano_camera0/frame_0064_hp_preview.jpg",
        "frameId": "0064",
        "height": -2.070602,
        "coords2D": "2D: (397940.031, 808214.299)",
        "coords3D_original": "3D_Original: (-793548.981, 426441.300, 0.000)",
        "coords3D": "3D: (17.118, -11.860, 0.180)",
        "coordsMtEden": "MtEden: (397940.031, 808214.299, -2.071)",
        "easting": 397940.03095106,
        "northing": 808214.2988488281,
        "longitude": 174.74108027975998,
        "latitude": -36.8056930131865,
        "group": "R1 - Teal (90 points)",
        "canvasX": 724.3894286543132,
        "canvasY": 630.9730429523821,
        "variant": "northing_easting_direct"
      }
    },
    {
      "type": "Feature",
      "geometry": {
        "type": "Point",
        "coordinates": [
          15.782676326925866,
          -11.472657081438228,
          0.11893373083999999
        ]
      },
      "properties": {
        "id": "1_49",
        "camera": "R1 - Teal (Point)",
        "frame": "0065",
        "image": "pano_camera0/frame_0065_hp_preview.jpg",
        "frameId": "0065",
        "height": -1.302625,
        "coords2D": "2D: (397938.695, 808214.686)",
        "coords3D_original": "3D_Original: (-793548.981, 426441.300, 0.000)",
        "coords3D": "3D: (15.783, -11.473, 0.119)",
        "coordsMtEden": "MtEden: (397938.695, 808214.686, -1.303)",
        "easting": 397938.6951763269,
        "northing": 808214.6863429185,
        "longitude": 174.7410653105792,
        "latitude": -36.80568951817516,
        "group": "R1 - Teal (90 points)",
        "canvasX": 702.506627354564,
        "canvasY": 624.6250742602967,
        "variant": "northing_easting_direct"
      }
    },
    {
      "type": "Feature",
      "geometry": {
        "type": "Point",
        "coordinates": [
          15.508034487545956,
          -11.259284663712606,
          0.13645669727999998
        ]
      },
      "properties": {
        "id": "1_50",
        "camera": "R1 - Teal (Point)",
        "frame": "0066",
        "image": "pano_camera0/frame_0066_hp_preview.jpg",
        "frameId": "0066",
        "height": -1.170015,
        "coords2D": "2D: (397938.421, 808214.900)",
        "coords3D_original": "3D_Original: (-793548.981, 426441.300, 0.000)",
        "coords3D": "3D: (15.508, -11.259, 0.136)",
        "coordsMtEden": "MtEden: (397938.421, 808214.900, -1.170)",
        "easting": 397938.4205344875,
        "northing": 808214.8997153363,
        "longitude": 174.74106223320433,
        "latitude": -36.80568759466078,
        "group": "R1 - Teal (90 points)",
        "canvasX": 698.0074160349052,
        "canvasY": 621.1295850096976,
        "variant": "northing_easting_direct"
      }
    },
    {
      "type": "Feature",
      "geometry": {
        "type": "Point",
        "coordinates": [
          14.349287528777495,
          -10.751665285555646,
          0.12785105396
        ]
      },
      "properties": {
        "id": "1_51",
        "camera": "R1 - Teal (Point)",
        "frame": "0067",
        "image": "pano_camera0/frame_0067_hp_preview.jpg",
        "frameId": "0067",
        "height": -0.536252,
        "coords2D": "2D: (397937.262, 808215.407)",
        "coords3D_original": "3D_Original: (-793548.981, 426441.300, 0.000)",
        "coords3D": "3D: (14.349, -10.752, 0.128)",
        "coordsMtEden": "MtEden: (397937.262, 808215.407, -0.536)",
        "easting": 397937.26178752875,
        "northing": 808215.4073347144,
        "longitude": 174.74104924832767,
        "latitude": -36.80568301746135,
        "group": "R1 - Teal (90 points)",
        "canvasX": 679.0247022390377,
        "canvasY": 612.8137112970816,
        "variant": "northing_easting_direct"
      }
    },
    {
      "type": "Feature",
      "geometry": {
        "type": "Point",
        "coordinates": [
          13.147198118385859,
          -10.610316024161875,
          0.156906173
        ]
      },
      "properties": {
        "id": "1_52",
        "camera": "R1 - Teal (Point)",
        "frame": "0068",
        "image": "pano_camera0/frame_0068_hp_preview.jpg",
        "frameId": "0068",
        "height": 0.193832,
        "coords2D": "2D: (397936.060, 808215.549)",
        "coords3D_original": "3D_Original: (-793548.981, 426441.300, 0.000)",
        "coords3D": "3D: (13.147, -10.610, 0.157)",
        "coordsMtEden": "MtEden: (397936.060, 808215.549, 0.194)",
        "easting": 397936.05969811836,
        "northing": 808215.5486839758,
        "longitude": 174.74103577671445,
        "latitude": -36.80568174099957,
        "group": "R1 - Teal (90 points)",
        "canvasX": 659.331947869171,
        "canvasY": 610.4981129234208,
        "variant": "northing_easting_direct"
      }
    },
    {
      "type": "Feature",
      "geometry": {
        "type": "Point",
        "coordinates": [
          12.966569463838823,
          -10.594202424166724,
          0.17332021552
        ]
      },
      "properties": {
        "id": "1_53",
        "camera": "R1 - Teal (Point)",
        "frame": "0069",
        "image": "pano_camera0/frame_0069_hp_preview.jpg",
        "frameId": "0069",
        "height": 0.304582,
        "coords2D": "2D: (397935.879, 808215.565)",
        "coords3D_original": "3D_Original: (-793548.981, 426441.300, 0.000)",
        "coords3D": "3D: (12.967, -10.594, 0.173)",
        "coordsMtEden": "MtEden: (397935.879, 808215.565, 0.305)",
        "easting": 397935.8790694638,
        "northing": 808215.5647975758,
        "longitude": 174.74103375242575,
        "latitude": -36.805681595389764,
        "group": "R1 - Teal (90 points)",
        "canvasX": 656.3728703696806,
        "canvasY": 610.2341382427986,
        "variant": "northing_easting_direct"
      }
    },
    {
      "type": "Feature",
      "geometry": {
        "type": "Point",
        "coordinates": [
          11.819487328932155,
          -11.14525077585131,
          0.13250656592
        ]
      },
      "properties": {
        "id": "1_54",
        "camera": "R1 - Teal (Point)",
        "frame": "0070",
        "image": "pano_camera0/frame_0070_hp_preview.jpg",
        "frameId": "0070",
        "height": 1.130732,
        "coords2D": "2D: (397934.732, 808215.014)",
        "coords3D_original": "3D_Original: (-793548.981, 426441.300, 0.000)",
        "coords3D": "3D: (11.819, -11.145, 0.133)",
        "coordsMtEden": "MtEden: (397934.732, 808215.014, 1.131)",
        "easting": 397934.7319873289,
        "northing": 808215.0137492241,
        "longitude": 174.74102089540975,
        "latitude": -36.80568655894726,
        "group": "R1 - Teal (90 points)",
        "canvasX": 637.5812509373106,
        "canvasY": 619.2614699387638,
        "variant": "northing_easting_direct"
      }
    },
    {
      "type": "Feature",
      "geometry": {
        "type": "Point",
        "coordinates": [
          11.368198611191474,
          -11.985987246152945,
          0.0696686374
        ]
      },
      "properties": {
        "id": "1_55",
        "camera": "R1 - Teal (Point)",
        "frame": "0071",
        "image": "pano_camera0/frame_0071_hp_preview.jpg",
        "frameId": "0071",
        "height": 1.573402,
        "coords2D": "2D: (397934.281, 808214.173)",
        "coords3D_original": "3D_Original: (-793548.981, 426441.300, 0.000)",
        "coords3D": "3D: (11.368, -11.986, 0.070)",
        "coordsMtEden": "MtEden: (397934.281, 808214.173, 1.573)",
        "easting": 397934.28069861117,
        "northing": 808214.1730127538,
        "longitude": 174.74101583546826,
        "latitude": -36.80569413469661,
        "group": "R1 - Teal (90 points)",
        "canvasX": 630.1881919920122,
        "canvasY": 633.0345026738349,
        "variant": "northing_easting_direct"
      }
    },
    {
      "type": "Feature",
      "geometry": {
        "type": "Point",
        "coordinates": [
          11.206714207772166,
          -12.761548137757927,
          0.053264437399999996
        ]
      },
      "properties": {
        "id": "1_56",
        "camera": "R1 - Teal (Point)",
        "frame": "0072",
        "image": "pano_camera0/frame_0072_hp_preview.jpg",
        "frameId": "0072",
        "height": 1.821341,
        "coords2D": "2D: (397934.119, 808213.397)",
        "coords3D_original": "3D_Original: (-793548.981, 426441.300, 0.000)",
        "coords3D": "3D: (11.207, -12.762, 0.053)",
        "coordsMtEden": "MtEden: (397934.119, 808213.397, 1.821)",
        "easting": 397934.11921420775,
        "northing": 808213.3974518622,
        "longitude": 174.74101402358386,
        "latitude": -36.80570112371446,
        "group": "R1 - Teal (90 points)",
        "canvasX": 627.542737615568,
        "canvasY": 645.7398222649414,
        "variant": "northing_easting_direct"
      }
    },
    {
      "type": "Feature",
      "geometry": {
        "type": "Point",
        "coordinates": [
          11.205681849445682,
          -12.905483930488117,
          0.055557744560000004
        ]
      },
      "properties": {
        "id": "1_57",
        "camera": "R1 - Teal (Point)",
        "frame": "0073",
        "image": "pano_camera0/frame_0073_hp_preview.jpg",
        "frameId": "0073",
        "height": 1.849128,
        "coords2D": "2D: (397934.118, 808213.254)",
        "coords3D_original": "3D_Original: (-793548.981, 426441.300, 0.000)",
        "coords3D": "3D: (11.206, -12.905, 0.056)",
        "coordsMtEden": "MtEden: (397934.118, 808213.254, 1.849)",
        "easting": 397934.1181818494,
        "northing": 808213.2535160695,
        "longitude": 174.74101401162355,
        "latitude": -36.80570242086442,
        "group": "R1 - Teal (90 points)",
        "canvasX": 627.5258254140931,
        "canvasY": 648.0977934665129,
        "variant": "northing_easting_direct"
      }
    },
    {
      "type": "Feature",
      "geometry": {
        "type": "Point",
        "coordinates": [
          11.011498350300826,
          -13.953702139900997,
          0.016286089759999997
        ]
      },
      "properties": {
        "id": "1_58",
        "camera": "R1 - Teal (Point)",
        "frame": "0074",
        "image": "pano_camera0/frame_0074_hp_preview.jpg",
        "frameId": "0074",
        "height": 2.169128,
        "coords2D": "2D: (397933.924, 808212.205)",
        "coords3D_original": "3D_Original: (-793548.981, 426441.300, 0.000)",
        "coords3D": "3D: (11.011, -13.954, 0.016)",
        "coordsMtEden": "MtEden: (397933.924, 808212.205, 2.169)",
        "easting": 397933.9239983503,
        "northing": 808212.2052978601,
        "longitude": 174.74101183253515,
        "latitude": -36.80571186700402,
        "group": "R1 - Teal (90 points)",
        "canvasX": 624.344691034007,
        "canvasY": 665.2698137386252,
        "variant": "northing_easting_direct"
      }
    },
    {
      "type": "Feature",
      "geometry": {
        "type": "Point",
        "coordinates": [
          10.690759072720539,
          -15.128371854545549,
          0.01066929168
        ]
      },
      "properties": {
        "id": "1_59",
        "camera": "R1 - Teal (Point)",
        "frame": "0075",
        "image": "pano_camera0/frame_0075_hp_preview.jpg",
        "frameId": "0075",
        "height": 2.592669,
        "coords2D": "2D: (397933.603, 808211.031)",
        "coords3D_original": "3D_Original: (-793548.981, 426441.300, 0.000)",
        "coords3D": "3D: (10.691, -15.128, 0.011)",
        "coordsMtEden": "MtEden: (397933.603, 808211.031, 2.593)",
        "easting": 397933.6032590727,
        "northing": 808211.0306281454,
        "longitude": 174.74100823477272,
        "latitude": -36.805722452450865,
        "group": "R1 - Teal (90 points)",
        "canvasX": 619.090306663164,
        "canvasY": 684.5133757857994,
        "variant": "northing_easting_direct"
      }
    },
    {
      "type": "Feature",
      "geometry": {
        "type": "Point",
        "coordinates": [
          10.569435428420547,
          -15.589505582931451,
          -0.04042979132
        ]
      },
      "properties": {
        "id": "1_60",
        "camera": "R1 - Teal (Point)",
        "frame": "0076",
        "image": "pano_camera0/frame_0076_hp_preview.jpg",
        "frameId": "0076",
        "height": 2.756076,
        "coords2D": "2D: (397933.482, 808210.569)",
        "coords3D_original": "3D_Original: (-793548.981, 426441.300, 0.000)",
        "coords3D": "3D: (10.569, -15.590, -0.040)",
        "coordsMtEden": "MtEden: (397933.482, 808210.569, 2.756)",
        "easting": 397933.4819354284,
        "northing": 808210.569494417,
        "longitude": 174.7410068738282,
        "latitude": -36.80572660793238,
        "group": "R1 - Teal (90 points)",
        "canvasX": 617.1027700414951,
        "canvasY": 692.0677167244601,
        "variant": "northing_easting_direct"
      }
    },
    {
      "type": "Feature",
      "geometry": {
        "type": "Point",
        "coordinates": [
          10.321736481564585,
          -16.616327635128982,
          -0.02251312408
        ]
      },
      "properties": {
        "id": "1_61",
        "camera": "R1 - Teal (Point)",
        "frame": "0077",
        "image": "pano_camera0/frame_0077_hp_preview.jpg",
        "frameId": "0077",
        "height": 3.105718,
        "coords2D": "2D: (397933.234, 808209.543)",
        "coords3D_original": "3D_Original: (-793548.981, 426441.300, 0.000)",
        "coords3D": "3D: (10.322, -16.616, -0.023)",
        "coordsMtEden": "MtEden: (397933.234, 808209.543, 3.106)",
        "easting": 397933.23423648154,
        "northing": 808209.5426723649,
        "longitude": 174.74100409504027,
        "latitude": -36.805735861132405,
        "group": "R1 - Teal (90 points)",
        "canvasX": 613.0449400029423,
        "canvasY": 708.8892229135092,
        "variant": "northing_easting_direct"
      }
    },
    {
      "type": "Feature",
      "geometry": {
        "type": "Point",
        "coordinates": [
          10.070338468358386,
          -17.799240049324,
          -0.01159448856
        ]
      },
      "properties": {
        "id": "1_62",
        "camera": "R1 - Teal (Point)",
        "frame": "0078",
        "image": "pano_camera0/frame_0078_hp_preview.jpg",
        "frameId": "0078",
        "height": 3.487167,
        "coords2D": "2D: (397932.983, 808208.360)",
        "coords3D_original": "3D_Original: (-793548.981, 426441.300, 0.000)",
        "coords3D": "3D: (10.070, -17.799, -0.012)",
        "coordsMtEden": "MtEden: (397932.983, 808208.360, 3.487)",
        "easting": 397932.98283846834,
        "northing": 808208.3597599507,
        "longitude": 174.74100127437185,
        "latitude": -36.80574652101373,
        "group": "R1 - Teal (90 points)",
        "canvasX": 608.9265114728096,
        "canvasY": 728.2678177269158,
        "variant": "northing_easting_direct"
      }
    },
    {
      "type": "Feature",
      "geometry": {
        "type": "Point",
        "coordinates": [
          9.538170429121237,
          -19.378557846997865,
          -0.13041010916
        ]
      },
      "properties": {
        "id": "1_63",
        "camera": "R1 - Teal (Point)",
        "frame": "0079",
        "image": "pano_camera0/frame_0079_hp_preview.jpg",
        "frameId": "0079",
        "height": 4.120018,
        "coords2D": "2D: (397932.451, 808206.780)",
        "coords3D_original": "3D_Original: (-793548.981, 426441.300, 0.000)",
        "coords3D": "3D: (9.538, -19.379, -0.130)",
        "coordsMtEden": "MtEden: (397932.451, 808206.780, 4.120)",
        "easting": 397932.4506704291,
        "northing": 808206.780442153,
        "longitude": 174.74099530599148,
        "latitude": -36.80576075269506,
        "group": "R1 - Teal (90 points)",
        "canvasX": 600.208479029618,
        "canvasY": 754.1403669667851,
        "variant": "northing_easting_direct"
      }
    },
    {
      "type": "Feature",
      "geometry": {
        "type": "Point",
        "coordinates": [
          8.863675167318434,
          -20.18881139124278,
          -0.11858596179999999
        ]
      },
      "properties": {
        "id": "1_64",
        "camera": "R1 - Teal (Point)",
        "frame": "0080",
        "image": "pano_camera0/frame_0080_hp_preview.jpg",
        "frameId": "0080",
        "height": 4.697624,
        "coords2D": "2D: (397931.776, 808205.970)",
        "coords3D_original": "3D_Original: (-793548.981, 426441.300, 0.000)",
        "coords3D": "3D: (8.864, -20.189, -0.119)",
        "coordsMtEden": "MtEden: (397931.776, 808205.970, 4.698)",
        "easting": 397931.7761751673,
        "northing": 808205.9701886087,
        "longitude": 174.7409877446134,
        "latitude": -36.80576805324299,
        "group": "R1 - Teal (90 points)",
        "canvasX": 589.1588271486601,
        "canvasY": 767.4140252202449,
        "variant": "northing_easting_direct"
      }
    },
    {
      "type": "Feature",
      "geometry": {
        "type": "Point",
        "coordinates": [
          9.321548506733961,
          -13.300752657814883,
          0.10430774612
        ]
      },
      "properties": {
        "id": "1_65",
        "camera": "R1 - Teal (Point)",
        "frame": "0118",
        "image": "pano_camera0/frame_0118_hp_preview.jpg",
        "frameId": "0118",
        "height": 3.109976,
        "coords2D": "2D: (397932.234, 808212.858)",
        "coords3D_original": "3D_Original: (-793548.981, 426441.300, 0.000)",
        "coords3D": "3D: (9.322, -13.301, 0.104)",
        "coordsMtEden": "MtEden: (397932.234, 808212.858, 3.110)",
        "easting": 397932.2340485067,
        "northing": 808212.8582473422,
        "longitude": 174.74099289477974,
        "latitude": -36.80570597892147,
        "group": "R1 - Teal (90 points)",
        "canvasX": 596.6597560540981,
        "canvasY": 654.5731270736705,
        "variant": "northing_easting_direct"
      }
    },
    {
      "type": "Feature",
      "geometry": {
        "type": "Point",
        "coordinates": [
          9.996869054448325,
          -13.135414332151413,
          0.12367454464
        ]
      },
      "properties": {
        "id": "1_66",
        "camera": "R1 - Teal (Point)",
        "frame": "0119",
        "image": "pano_camera0/frame_0119_hp_preview.jpg",
        "frameId": "0119",
        "height": 2.653646,
        "coords2D": "2D: (397932.909, 808213.024)",
        "coords3D_original": "3D_Original: (-793548.981, 426441.300, 0.000)",
        "coords3D": "3D: (9.997, -13.135, 0.124)",
        "coordsMtEden": "MtEden: (397932.909, 808213.024, 2.654)",
        "easting": 397932.9093690544,
        "northing": 808213.0235856678,
        "longitude": 174.74100046364956,
        "latitude": -36.805704490363674,
        "group": "R1 - Teal (90 points)",
        "canvasX": 607.7229278553084,
        "canvasY": 651.864537339712,
        "variant": "northing_easting_direct"
      }
    },
    {
      "type": "Feature",
      "geometry": {
        "type": "Point",
        "coordinates": [
          10.734704916307237,
          -12.333729476551525,
          0.15365157972
        ]
      },
      "properties": {
        "id": "1_67",
        "camera": "R1 - Teal (Point)",
        "frame": "0120",
        "image": "pano_camera0/frame_0120_hp_preview.jpg",
        "frameId": "0120",
        "height": 2.037821,
        "coords2D": "2D: (397933.647, 808213.825)",
        "coords3D_original": "3D_Original: (-793548.981, 426441.300, 0.000)",
        "coords3D": "3D: (10.735, -12.334, 0.154)",
        "coordsMtEden": "MtEden: (397933.647, 808213.825, 2.038)",
        "easting": 397933.6472049163,
        "northing": 808213.8252705234,
        "longitude": 174.74100873486466,
        "latitude": -36.80569726717427,
        "group": "R1 - Teal (90 points)",
        "canvasX": 619.8102320660754,
        "canvasY": 638.7312522405307,
        "variant": "northing_easting_direct"
      }
    },
    {
      "type": "Feature",
      "geometry": {
        "type": "Point",
        "coordinates": [
          10.927775260119233,
          -11.727448865771294,
          0.15386811516
        ]
      },
      "properties": {
        "id": "1_68",
        "camera": "R1 - Teal (Point)",
        "frame": "0121",
        "image": "pano_camera0/frame_0121_hp_preview.jpg",
        "frameId": "0121",
        "height": 1.80195,
        "coords2D": "2D: (397933.840, 808214.432)",
        "coords3D_original": "3D_Original: (-793548.981, 426441.300, 0.000)",
        "coords3D": "3D: (10.928, -11.727, 0.154)",
        "coordsMtEden": "MtEden: (397933.840, 808214.432, 1.802)",
        "easting": 397933.8402752601,
        "northing": 808214.4315511342,
        "longitude": 174.74101090027855,
        "latitude": -36.805691803782686,
        "group": "R1 - Teal (90 points)",
        "canvasX": 622.9731306190547,
        "canvasY": 628.7990999026151,
        "variant": "northing_easting_direct"
      }
    },
    {
      "type": "Feature",
      "geometry": {
        "type": "Point",
        "coordinates": [
          10.993511178763583,
          -11.210632155532949,
          0.19754593808
        ]
      },
      "properties": {
        "id": "1_69",
        "camera": "R1 - Teal (Point)",
        "frame": "0122",
        "image": "pano_camera0/frame_0122_hp_preview.jpg",
        "frameId": "0122",
        "height": 1.663082,
        "coords2D": "2D: (397933.906, 808214.948)",
        "coords3D_original": "3D_Original: (-793548.981, 426441.300, 0.000)",
        "coords3D": "3D: (10.994, -11.211, 0.198)",
        "coordsMtEden": "MtEden: (397933.906, 808214.948, 1.663)",
        "easting": 397933.90601117874,
        "northing": 808214.9483678445,
        "longitude": 174.74101163839327,
        "latitude": -36.80568714636368,
        "group": "R1 - Teal (90 points)",
        "canvasX": 624.0500233094159,
        "canvasY": 620.3325545349078,
        "variant": "northing_easting_direct"
      }
    },
    {
      "type": "Feature",
      "geometry": {
        "type": "Point",
        "coordinates": [
          10.874172123498283,
          -10.186330155469477,
          0.25797573004
        ]
      },
      "properties": {
        "id": "1_70",
        "camera": "R1 - Teal (Point)",
        "frame": "0123",
        "image": "pano_camera0/frame_0123_hp_preview.jpg",
        "frameId": "0123",
        "height": 1.544937,
        "coords2D": "2D: (397933.787, 808215.973)",
        "coords3D_original": "3D_Original: (-793548.981, 426441.300, 0.000)",
        "coords3D": "3D: (10.874, -10.186, 0.258)",
        "coordsMtEden": "MtEden: (397933.787, 808215.973, 1.545)",
        "easting": 397933.7866721235,
        "northing": 808215.9726698445,
        "longitude": 174.74101030372202,
        "latitude": -36.80567791507331,
        "group": "R1 - Teal (90 points)",
        "canvasX": 622.094998432773,
        "canvasY": 603.5523321054611,
        "variant": "northing_easting_direct"
      }
    },
    {
      "type": "Feature",
      "geometry": {
        "type": "Point",
        "coordinates": [
          10.434053177188616,
          -9.481049602036364,
          0.29330053432000003
        ]
      },
      "properties": {
        "id": "1_71",
        "camera": "R1 - Teal (Point)",
        "frame": "0124",
        "image": "pano_camera0/frame_0124_hp_preview.jpg",
        "frameId": "0124",
        "height": 1.689015,
        "coords2D": "2D: (397933.347, 808216.678)",
        "coords3D_original": "3D_Original: (-793548.981, 426441.300, 0.000)",
        "coords3D": "3D: (10.434, -9.481, 0.293)",
        "coordsMtEden": "MtEden: (397933.347, 808216.678, 1.689)",
        "easting": 397933.34655317717,
        "northing": 808216.677950398,
        "longitude": 174.74100537315755,
        "latitude": -36.80567155811046,
        "group": "R1 - Teal (90 points)",
        "canvasX": 614.8849238502794,
        "canvasY": 591.998352359725,
        "variant": "northing_easting_direct"
      }
    },
    {
      "type": "Feature",
      "geometry": {
        "type": "Point",
        "coordinates": [
          9.873755547218025,
          -9.44705764297396,
          0.27958006143999997
        ]
      },
      "properties": {
        "id": "1_72",
        "camera": "R1 - Teal (Point)",
        "frame": "0125",
        "image": "pano_camera0/frame_0125_hp_preview.jpg",
        "frameId": "0125",
        "height": 2.035341,
        "coords2D": "2D: (397932.786, 808216.712)",
        "coords3D_original": "3D_Original: (-793548.981, 426441.300, 0.000)",
        "coords3D": "3D: (9.874, -9.447, 0.280)",
        "coordsMtEden": "MtEden: (397932.786, 808216.712, 2.035)",
        "easting": 397932.7862555472,
        "northing": 808216.711942357,
        "longitude": 174.74099909391117,
        "latitude": -36.80567125055122,
        "group": "R1 - Teal (90 points)",
        "canvasX": 605.706069511432,
        "canvasY": 591.4414925333574,
        "variant": "northing_easting_direct"
      }
    },
    {
      "type": "Feature",
      "geometry": {
        "type": "Point",
        "coordinates": [
          9.561330564960372,
          -9.534993002656847,
          0.35287730788
        ]
      },
      "properties": {
        "id": "1_73",
        "camera": "R1 - Teal (Point)",
        "frame": "0126",
        "image": "pano_camera0/frame_0126_hp_preview.jpg",
        "frameId": "0126",
        "height": 2.248617,
        "coords2D": "2D: (397932.474, 808216.624)",
        "coords3D_original": "3D_Original: (-793548.981, 426441.300, 0.000)",
        "coords3D": "3D: (9.561, -9.535, 0.353)",
        "coordsMtEden": "MtEden: (397932.474, 808216.624, 2.249)",
        "easting": 397932.47383056494,
        "northing": 808216.6240069973,
        "longitude": 174.7409955922793,
        "latitude": -36.8056720423443,
        "group": "R1 - Teal (90 points)",
        "canvasX": 600.5878907954758,
        "canvasY": 592.8820587871382,
        "variant": "northing_easting_direct"
      }
    },
    {
      "type": "Feature",
      "geometry": {
        "type": "Point",
        "coordinates": [
          13.230689179617912,
          -8.644554571481422,
          -0.01097769064
        ]
      },
      "properties": {
        "id": "1_74",
        "camera": "R1 - Teal (End)",
        "frame": "0197",
        "image": "pano_camera0/frame_0197_hp_preview.jpg",
        "frameId": "0197",
        "height": -1.150226,
        "coords2D": "2D: (397936.143, 808217.514)",
        "coords3D_original": "3D_Original: (-793548.981, 426441.300, 0.000)",
        "coords3D": "3D: (13.231, -8.645, -0.011)",
        "coordsMtEden": "MtEden: (397936.143, 808217.514, -1.150)",
        "easting": 397936.1431891796,
        "northing": 808217.5144454285,
        "longitude": 174.7410367177395,
        "latitude": -36.805664025700295,
        "group": "R1 - Teal (90 points)",
        "canvasX": 660.6997071606329,
        "canvasY": 578.2948033330911,
        "variant": "northing_easting_direct"
      }
    },
    {
      "type": "Feature",
      "geometry": {
        "type": "Point",
        "coordinates": [
          2.5659311795025133,
          -20.481123653938994,
          -0.45805119576
        ]
      },
      "properties": {
        "id": "2_0",
        "camera": "R2 - DeepBlue (Start)",
        "frame": "0089",
        "image": "pano_camera0/frame_0089_hp_preview.jpg",
        "frameId": "0089",
        "height": 3.327401,
        "coords2D": "2D: (397925.478, 808205.678)",
        "coords3D_original": "3D_Original: (-793548.981, 426441.300, 0.000)",
        "coords3D": "3D: (2.566, -20.481, -0.458)",
        "coordsMtEden": "MtEden: (397925.478, 808205.678, 3.327)",
        "easting": 397925.4784311795,
        "northing": 808205.677876346,
        "longitude": 174.74091716397726,
        "latitude": -36.805770673790306,
        "group": "R2 - DeepBlue (11 points)",
        "canvasX": 485.98852686847835,
        "canvasY": 772.2027152610806,
        "variant": "northing_easting_direct"
      }
    },
    {
      "type": "Feature",
      "geometry": {
        "type": "Point",
        "coordinates": [
          1.5993941564229317,
          -20.392225026153028,
          -0.2247539442
        ]
      },
      "properties": {
        "id": "2_1",
        "camera": "R2 - DeepBlue (Point)",
        "frame": "0090",
        "image": "pano_camera0/frame_0090_hp_preview.jpg",
        "frameId": "0090",
        "height": 1.416446,
        "coords2D": "2D: (397924.512, 808205.767)",
        "coords3D_original": "3D_Original: (-793548.981, 426441.300, 0.000)",
        "coords3D": "3D: (1.599, -20.392, -0.225)",
        "coordsMtEden": "MtEden: (397924.512, 808205.767, 1.416)",
        "easting": 397924.5118941564,
        "northing": 808205.7667749738,
        "longitude": 174.7409063320818,
        "latitude": -36.805769870516066,
        "group": "R2 - DeepBlue (11 points)",
        "canvasX": 470.1546163283109,
        "canvasY": 770.7463686485,
        "variant": "northing_easting_direct"
      }
    },
    {
      "type": "Feature",
      "geometry": {
        "type": "Point",
        "coordinates": [
          1.574974407441914,
          -20.38761259918101,
          -0.23678806532
        ]
      },
      "properties": {
        "id": "2_2",
        "camera": "R2 - DeepBlue (Point)",
        "frame": "0091",
        "image": "pano_camera0/frame_0091_hp_preview.jpg",
        "frameId": "0091",
        "height": 1.367968,
        "coords2D": "2D: (397924.487, 808205.771)",
        "coords3D_original": "3D_Original: (-793548.981, 426441.300, 0.000)",
        "coords3D": "3D: (1.575, -20.388, -0.237)",
        "coordsMtEden": "MtEden: (397924.487, 808205.771, 1.368)",
        "easting": 397924.4874744074,
        "northing": 808205.7713874008,
        "longitude": 174.74090605841826,
        "latitude": -36.805769828895265,
        "group": "R2 - DeepBlue (11 points)",
        "canvasX": 469.7545694486565,
        "canvasY": 770.6708073880633,
        "variant": "northing_easting_direct"
      }
    },
    {
      "type": "Feature",
      "geometry": {
        "type": "Point",
        "coordinates": [
          0.44699187605874613,
          -19.592964515206404,
          -0.30003609884
        ]
      },
      "properties": {
        "id": "2_3",
        "camera": "R2 - DeepBlue (Point)",
        "frame": "0092",
        "image": "pano_camera0/frame_0092_hp_preview.jpg",
        "frameId": "0092",
        "height": -0.913256,
        "coords2D": "2D: (397923.359, 808206.566)",
        "coords3D_original": "3D_Original: (-793548.981, 426441.300, 0.000)",
        "coords3D": "3D: (0.447, -19.593, -0.300)",
        "coordsMtEden": "MtEden: (397923.359, 808206.566, -0.913)",
        "easting": 397923.35949187604,
        "northing": 808206.5660354848,
        "longitude": 174.74089341910178,
        "latitude": -36.80576266503795,
        "group": "R2 - DeepBlue (11 points)",
        "canvasX": 451.2758417165221,
        "canvasY": 757.6527994155797,
        "variant": "northing_easting_direct"
      }
    },
    {
      "type": "Feature",
      "geometry": {
        "type": "Point",
        "coordinates": [
          0.27137098129605874,
          -19.261220802203752,
          -0.08870407107999999
        ]
      },
      "properties": {
        "id": "2_4",
        "camera": "R2 - DeepBlue (Point)",
        "frame": "0093",
        "image": "pano_camera0/frame_0093_hp_preview.jpg",
        "frameId": "0093",
        "height": -1.283813,
        "coords2D": "2D: (397923.184, 808206.898)",
        "coords3D_original": "3D_Original: (-793548.981, 426441.300, 0.000)",
        "coords3D": "3D: (0.271, -19.261, -0.089)",
        "coordsMtEden": "MtEden: (397923.184, 808206.898, -1.284)",
        "easting": 397923.1838709813,
        "northing": 808206.8977791978,
        "longitude": 174.74089145179488,
        "latitude": -36.805759674971895,
        "group": "R2 - DeepBlue (11 points)",
        "canvasX": 448.3988018615887,
        "canvasY": 752.2181392336433,
        "variant": "northing_easting_direct"
      }
    },
    {
      "type": "Feature",
      "geometry": {
        "type": "Point",
        "coordinates": [
          0.10334520536707714,
          -18.62335876270663,
          0.22287402288000002
        ]
      },
      "properties": {
        "id": "2_5",
        "camera": "R2 - DeepBlue (Middle)",
        "frame": "0094",
        "image": "pano_camera0/frame_0094_hp_preview.jpg",
        "frameId": "0094",
        "height": -1.661973,
        "coords2D": "2D: (397923.016, 808207.536)",
        "coords3D_original": "3D_Original: (-793548.981, 426441.300, 0.000)",
        "coords3D": "3D: (0.103, -18.623, 0.223)",
        "coordsMtEden": "MtEden: (397923.016, 808207.536, -1.662)",
        "easting": 397923.01584520534,
        "northing": 808207.5356412373,
        "longitude": 174.74088957044285,
        "latitude": -36.80575392617805,
        "group": "R2 - DeepBlue (11 points)",
        "canvasX": 445.64618603786505,
        "canvasY": 741.7686166308166,
        "variant": "northing_easting_direct"
      }
    },
    {
      "type": "Feature",
      "geometry": {
        "type": "Point",
        "coordinates": [
          0.016941724985372275,
          -17.84100354637485,
          0.1918143106
        ]
      },
      "properties": {
        "id": "2_6",
        "camera": "R2 - DeepBlue (Point)",
        "frame": "0095",
        "image": "pano_camera0/frame_0095_hp_preview.jpg",
        "frameId": "0095",
        "height": -1.890105,
        "coords2D": "2D: (397922.929, 808208.318)",
        "coords3D_original": "3D_Original: (-793548.981, 426441.300, 0.000)",
        "coords3D": "3D: (0.017, -17.841, 0.192)",
        "coordsMtEden": "MtEden: (397922.929, 808208.318, -1.890)",
        "easting": 397922.92944172496,
        "northing": 808208.3179964536,
        "longitude": 174.74088860423933,
        "latitude": -36.80574687538787,
        "group": "R2 - DeepBlue (11 points)",
        "canvasX": 444.2307151906451,
        "canvasY": 728.9519916998657,
        "variant": "northing_easting_direct"
      }
    },
    {
      "type": "Feature",
      "geometry": {
        "type": "Point",
        "coordinates": [
          0.13264315982814878,
          -16.894354201154783,
          0.2969816368
        ]
      },
      "properties": {
        "id": "2_7",
        "camera": "R2 - DeepBlue (Point)",
        "frame": "0096",
        "image": "pano_camera0/frame_0096_hp_preview.jpg",
        "frameId": "0096",
        "height": -1.732209,
        "coords2D": "2D: (397923.045, 808209.265)",
        "coords3D_original": "3D_Original: (-793548.981, 426441.300, 0.000)",
        "coords3D": "3D: (0.133, -16.894, 0.297)",
        "coordsMtEden": "MtEden: (397923.045, 808209.265, -1.732)",
        "easting": 397923.0451431598,
        "northing": 808209.2646457988,
        "longitude": 174.74088990350594,
        "latitude": -36.805738344419055,
        "group": "R2 - DeepBlue (11 points)",
        "canvasX": 446.1261481897899,
        "canvasY": 713.4438831780069,
        "variant": "northing_easting_direct"
      }
    },
    {
      "type": "Feature",
      "geometry": {
        "type": "Point",
        "coordinates": [
          1.0699670435278676,
          -15.903562155319378,
          0.22512139828
        ]
      },
      "properties": {
        "id": "2_8",
        "camera": "R2 - DeepBlue (Point)",
        "frame": "0097",
        "image": "pano_camera0/frame_0097_hp_preview.jpg",
        "frameId": "0097",
        "height": 0.041368,
        "coords2D": "2D: (397923.982, 808210.255)",
        "coords3D_original": "3D_Original: (-793548.981, 426441.300, 0.000)",
        "coords3D": "3D: (1.070, -15.904, 0.225)",
        "coordsMtEden": "MtEden: (397923.982, 808210.255, 0.041)",
        "easting": 397923.9824670435,
        "northing": 808210.2554378447,
        "longitude": 174.74090041094425,
        "latitude": -36.80572941743705,
        "group": "R2 - DeepBlue (11 points)",
        "canvasX": 461.4814860267401,
        "canvasY": 697.2126243210012,
        "variant": "northing_easting_direct"
      }
    },
    {
      "type": "Feature",
      "geometry": {
        "type": "Point",
        "coordinates": [
          1.2882316592149436,
          -15.786708735511638,
          0.10386155187999999
        ]
      },
      "properties": {
        "id": "2_9",
        "camera": "R2 - DeepBlue (Point)",
        "frame": "0098",
        "image": "pano_camera0/frame_0098_hp_preview.jpg",
        "frameId": "0098",
        "height": 0.462681,
        "coords2D": "2D: (397924.201, 808210.372)",
        "coords3D_original": "3D_Original: (-793548.981, 426441.300, 0.000)",
        "coords3D": "3D: (1.288, -15.787, 0.104)",
        "coordsMtEden": "MtEden: (397924.201, 808210.372, 0.463)",
        "easting": 397924.2007316592,
        "northing": 808210.3722912645,
        "longitude": 174.7409028573886,
        "latitude": -36.80572836483022,
        "group": "R2 - DeepBlue (11 points)",
        "canvasX": 465.0571197754614,
        "canvasY": 695.2983193831699,
        "variant": "northing_easting_direct"
      }
    },
    {
      "type": "Feature",
      "geometry": {
        "type": "Point",
        "coordinates": [
          2.6300552542088553,
          -15.370624789735302,
          -0.06837598644
        ]
      },
      "properties": {
        "id": "2_10",
        "camera": "R2 - DeepBlue (End)",
        "frame": "0099",
        "image": "pano_camera0/frame_0099_hp_preview.jpg",
        "frameId": "0099",
        "height": 3.07581,
        "coords2D": "2D: (397925.543, 808210.788)",
        "coords3D_original": "3D_Original: (-793548.981, 426441.300, 0.000)",
        "coords3D": "3D: (2.630, -15.371, -0.068)",
        "coordsMtEden": "MtEden: (397925.543, 808210.788, 3.076)",
        "easting": 397925.5425552542,
        "northing": 808210.7883752102,
        "longitude": 174.74091789654938,
        "latitude": -36.805724618014075,
        "group": "R2 - DeepBlue (11 points)",
        "canvasX": 487.03901416269855,
        "canvasY": 688.481988692956,
        "variant": "northing_easting_direct"
      }
    },
    {
      "type": "Feature",
      "geometry": {
        "type": "Point",
        "coordinates": [
          0.7298304318683222,
          -9.76270737836603,
          -0.08031496319999999
        ]
      },
      "properties": {
        "id": "3_0",
        "camera": "R3 - Orange (Start)",
        "frame": "0143",
        "image": "pano_camera0/frame_0143_hp_preview.jpg",
        "frameId": "0143",
        "height": 2.810063,
        "coords2D": "2D: (397923.642, 808216.396)",
        "coords3D_original": "3D_Original: (-793548.981, 426441.300, 0.000)",
        "coords3D": "3D: (0.730, -9.763, -0.080)",
        "coordsMtEden": "MtEden: (397923.642, 808216.396, 2.810)",
        "easting": 397923.64233043185,
        "northing": 808216.3962926216,
        "longitude": 174.74089661572552,
        "latitude": -36.80567407518629,
        "group": "R3 - Orange (11 points)",
        "canvasX": 455.909332501693,
        "canvasY": 596.6124994906888,
        "variant": "northing_easting_direct"
      }
    },
    {
      "type": "Feature",
      "geometry": {
        "type": "Point",
        "coordinates": [
          0.6902576047577895,
          -10.181494310731068,
          -0.03258202204
        ]
      },
      "properties": {
        "id": "3_1",
        "camera": "R3 - Orange (Point)",
        "frame": "0144",
        "image": "pano_camera0/frame_0144_hp_preview.jpg",
        "frameId": "0144",
        "height": 2.758182,
        "coords2D": "2D: (397923.603, 808215.978)",
        "coords3D_original": "3D_Original: (-793548.981, 426441.300, 0.000)",
        "coords3D": "3D: (0.690, -10.181, -0.033)",
        "coordsMtEden": "MtEden: (397923.603, 808215.978, 2.758)",
        "easting": 397923.60275760473,
        "northing": 808215.9775056893,
        "longitude": 174.74089617108493,
        "latitude": -36.805677849215655,
        "group": "R3 - Orange (11 points)",
        "canvasX": 455.2610463118185,
        "canvasY": 603.4731107911501,
        "variant": "northing_easting_direct"
      }
    },
    {
      "type": "Feature",
      "geometry": {
        "type": "Point",
        "coordinates": [
          1.018297049216926,
          -10.452087530284189,
          -0.02236876712
        ]
      },
      "properties": {
        "id": "3_2",
        "camera": "R3 - Orange (Point)",
        "frame": "0145",
        "image": "pano_camera0/frame_0145_hp_preview.jpg",
        "frameId": "0145",
        "height": 2.581494,
        "coords2D": "2D: (397923.931, 808215.707)",
        "coords3D_original": "3D_Original: (-793548.981, 426441.300, 0.000)",
        "coords3D": "3D: (1.018, -10.452, -0.022)",
        "coordsMtEden": "MtEden: (397923.931, 808215.707, 2.581)",
        "easting": 397923.9307970492,
        "northing": 808215.7069124697,
        "longitude": 174.74089984673418,
        "latitude": -36.80568028852641,
        "group": "R3 - Orange (11 points)",
        "canvasX": 460.63502277939943,
        "canvasY": 607.9059971968554,
        "variant": "northing_easting_direct"
      }
    },
    {
      "type": "Feature",
      "geometry": {
        "type": "Point",
        "coordinates": [
          2.5189746595569886,
          -10.154168217093684,
          -0.10716207691999999
        ]
      },
      "properties": {
        "id": "3_3",
        "camera": "R3 - Orange (Point)",
        "frame": "0146",
        "image": "pano_camera0/frame_0146_hp_preview.jpg",
        "frameId": "0146",
        "height": 2.034633,
        "coords2D": "2D: (397925.431, 808216.005)",
        "coords3D_original": "3D_Original: (-793548.981, 426441.300, 0.000)",
        "coords3D": "3D: (2.519, -10.154, -0.107)",
        "coordsMtEden": "MtEden: (397925.431, 808216.005, 2.035)",
        "easting": 397925.43147465953,
        "northing": 808216.0048317829,
        "longitude": 174.7409166658644,
        "latitude": -36.805677606960685,
        "group": "R3 - Orange (11 points)",
        "canvasX": 485.21928024989944,
        "canvasY": 603.0254518682918,
        "variant": "northing_easting_direct"
      }
    },
    {
      "type": "Feature",
      "geometry": {
        "type": "Point",
        "coordinates": [
          2.7710335837327875,
          -10.086691112141125,
          -0.10200787728
        ]
      },
      "properties": {
        "id": "3_4",
        "camera": "R3 - Orange (Point)",
        "frame": "0147",
        "image": "pano_camera0/frame_0147_hp_preview.jpg",
        "frameId": "0147",
        "height": 2.701277,
        "coords2D": "2D: (397925.684, 808216.072)",
        "coords3D_original": "3D_Original: (-793548.981, 426441.300, 0.000)",
        "coords3D": "3D: (2.771, -10.087, -0.102)",
        "coordsMtEden": "MtEden: (397925.684, 808216.072, 2.701)",
        "easting": 397925.6835335837,
        "northing": 808216.0723088878,
        "longitude": 174.74091949091022,
        "latitude": -36.80567699940787,
        "group": "R3 - Orange (11 points)",
        "canvasX": 489.3485358928724,
        "canvasY": 601.9200348813697,
        "variant": "northing_easting_direct"
      }
    },
    {
      "type": "Feature",
      "geometry": {
        "type": "Point",
        "coordinates": [
          3.3962917904136702,
          -10.260277569759637,
          0.03630577544
        ]
      },
      "properties": {
        "id": "3_5",
        "camera": "R3 - Orange (Middle)",
        "frame": "0148",
        "image": "pano_camera0/frame_0148_hp_preview.jpg",
        "frameId": "0148",
        "height": 4.428323,
        "coords2D": "2D: (397926.309, 808215.899)",
        "coords3D_original": "3D_Original: (-793548.981, 426441.300, 0.000)",
        "coords3D": "3D: (3.396, -10.260, 0.036)",
        "coordsMtEden": "MtEden: (397926.309, 808215.899, 4.428)",
        "easting": 397926.3087917904,
        "northing": 808215.8987224302,
        "longitude": 174.74092649779945,
        "latitude": -36.80567856514199,
        "group": "R3 - Orange (11 points)",
        "canvasX": 499.5915811891458,
        "canvasY": 604.7637463749097,
        "variant": "northing_easting_direct"
      }
    },
    {
      "type": "Feature",
      "geometry": {
        "type": "Point",
        "coordinates": [
          3.387304964417126,
          -11.597461094730534,
          0.0234251976
        ]
      },
      "properties": {
        "id": "3_6",
        "camera": "R3 - Orange (Point)",
        "frame": "0149",
        "image": "pano_camera0/frame_0149_hp_preview.jpg",
        "frameId": "0149",
        "height": 4.691078,
        "coords2D": "2D: (397926.300, 808214.562)",
        "coords3D_original": "3D_Original: (-793548.981, 426441.300, 0.000)",
        "coords3D": "3D: (3.387, -11.597, 0.023)",
        "coordsMtEden": "MtEden: (397926.300, 808214.562, 4.691)",
        "easting": 397926.2998049644,
        "northing": 808214.5615389053,
        "longitude": 174.74092639344101,
        "latitude": -36.80569061584677,
        "group": "R3 - Orange (11 points)",
        "canvasX": 499.4443580664194,
        "canvasY": 626.6696266501266,
        "variant": "northing_easting_direct"
      }
    },
    {
      "type": "Feature",
      "geometry": {
        "type": "Point",
        "coordinates": [
          2.4787919052760117,
          -12.288938207784668,
          -0.15392717028
        ]
      },
      "properties": {
        "id": "3_7",
        "camera": "R3 - Orange (Point)",
        "frame": "0150",
        "image": "pano_camera0/frame_0150_hp_preview.jpg",
        "frameId": "0150",
        "height": 2.384117,
        "coords2D": "2D: (397925.391, 808213.870)",
        "coords3D_original": "3D_Original: (-793548.981, 426441.300, 0.000)",
        "coords3D": "3D: (2.479, -12.289, -0.154)",
        "coordsMtEden": "MtEden: (397925.391, 808213.870, 2.384)",
        "easting": 397925.39129190525,
        "northing": 808213.8700617922,
        "longitude": 174.74091620971384,
        "latitude": -36.805696845462165,
        "group": "R3 - Orange (11 points)",
        "canvasX": 484.56100216904775,
        "canvasY": 637.9974769930722,
        "variant": "northing_easting_direct"
      }
    },
    {
      "type": "Feature",
      "geometry": {
        "type": "Point",
        "coordinates": [
          1.4359211869305,
          -12.257174847298302,
          -0.03498359692
        ]
      },
      "properties": {
        "id": "3_8",
        "camera": "R3 - Orange (Point)",
        "frame": "0151",
        "image": "pano_camera0/frame_0151_hp_preview.jpg",
        "frameId": "0151",
        "height": -0.441062,
        "coords2D": "2D: (397924.348, 808213.902)",
        "coords3D_original": "3D_Original: (-793548.981, 426441.300, 0.000)",
        "coords3D": "3D: (1.436, -12.257, -0.035)",
        "coordsMtEden": "MtEden: (397924.348, 808213.902, -0.441)",
        "easting": 397924.3484211869,
        "northing": 808213.9018251527,
        "longitude": 174.74090452218974,
        "latitude": -36.80569655692467,
        "group": "R3 - Orange (11 points)",
        "canvasX": 467.4765850552724,
        "canvasY": 637.4771263011921,
        "variant": "northing_easting_direct"
      }
    },
    {
      "type": "Feature",
      "geometry": {
        "type": "Point",
        "coordinates": [
          0.3984970309538767,
          -11.377625718479976,
          -0.05310695708
        ]
      },
      "properties": {
        "id": "3_9",
        "camera": "R3 - Orange (Point)",
        "frame": "0152",
        "image": "pano_camera0/frame_0152_hp_preview.jpg",
        "frameId": "0152",
        "height": -3.433546,
        "coords2D": "2D: (397923.311, 808214.781)",
        "coords3D_original": "3D_Original: (-793548.981, 426441.300, 0.000)",
        "coords3D": "3D: (0.398, -11.378, -0.053)",
        "coordsMtEden": "MtEden: (397923.311, 808214.781, -3.434)",
        "easting": 397923.31099703093,
        "northing": 808214.7813742815,
        "longitude": 174.74089289801836,
        "latitude": -36.805688628135826,
        "group": "R3 - Orange (11 points)",
        "canvasX": 450.48139409511896,
        "canvasY": 623.0682605391719,
        "variant": "northing_easting_direct"
      }
    },
    {
      "type": "Feature",
      "geometry": {
        "type": "Point",
        "coordinates": [
          0.3207279333146289,
          -11.192254316876642,
          0.10677821863999999
        ]
      },
      "properties": {
        "id": "3_10",
        "camera": "R3 - Orange (End)",
        "frame": "0153",
        "image": "pano_camera0/frame_0153_hp_preview.jpg",
        "frameId": "0153",
        "height": -3.683562,
        "coords2D": "2D: (397923.233, 808214.967)",
        "coords3D_original": "3D_Original: (-793548.981, 426441.300, 0.000)",
        "coords3D": "3D: (0.321, -11.192, 0.107)",
        "coordsMtEden": "MtEden: (397923.233, 808214.967, -3.684)",
        "easting": 397923.2332279333,
        "northing": 808214.9667456831,
        "longitude": 174.74089202695396,
        "latitude": -36.805686957394514,
        "group": "R3 - Orange (11 points)",
        "canvasX": 449.2073726093159,
        "canvasY": 620.0314868607902,
        "variant": "northing_easting_direct"
      }
    },
    {
      "type": "Feature",
      "geometry": {
        "type": "Point",
        "coordinates": [
          9.120405351335648,
          -11.959120320505463,
          0.13716535872
        ]
      },
      "properties": {
        "id": "4_0",
        "camera": "R4 - Purple (Start)",
        "frame": "0130",
        "image": "pano_camera0/frame_0130_hp_preview.jpg",
        "frameId": "0130",
        "height": 4.967739,
        "coords2D": "2D: (397932.033, 808214.200)",
        "coords3D_original": "3D_Original: (-793548.981, 426441.300, 0.000)",
        "coords3D": "3D: (9.120, -11.959, 0.137)",
        "coordsMtEden": "MtEden: (397932.033, 808214.200, 4.968)",
        "easting": 397932.0329053513,
        "northing": 808214.1998796795,
        "longitude": 174.7409906441813,
        "latitude": -36.80569388766497,
        "group": "R4 - Purple (10 points)",
        "canvasX": 593.364607858461,
        "canvasY": 632.5943658902498,
        "variant": "northing_easting_direct"
      }
    },
    {
      "type": "Feature",
      "geometry": {
        "type": "Point",
        "coordinates": [
          7.866399247723166,
          -12.166749797645025,
          0.34976050987999996
        ]
      },
      "properties": {
        "id": "4_1",
        "camera": "R4 - Purple (Point)",
        "frame": "0131",
        "image": "pano_camera0/frame_0131_hp_preview.jpg",
        "frameId": "0131",
        "height": 3.243077,
        "coords2D": "2D: (397930.779, 808213.992)",
        "coords3D_original": "3D_Original: (-793548.981, 426441.300, 0.000)",
        "coords3D": "3D: (7.866, -12.167, 0.350)",
        "coordsMtEden": "MtEden: (397930.779, 808213.992, 3.243)",
        "easting": 397930.7788992477,
        "northing": 808213.9922502023,
        "longitude": 174.74097658978053,
        "latitude": -36.80569575608644,
        "group": "R4 - Purple (10 points)",
        "canvasX": 572.8213487934786,
        "canvasY": 635.995773686886,
        "variant": "northing_easting_direct"
      }
    },
    {
      "type": "Feature",
      "geometry": {
        "type": "Point",
        "coordinates": [
          7.16137946798699,
          -12.121057476499118,
          0.40532481612
        ]
      },
      "properties": {
        "id": "4_2",
        "camera": "R4 - Purple (Point)",
        "frame": "0132",
        "image": "pano_camera0/frame_0132_hp_preview.jpg",
        "frameId": "0132",
        "height": 2.153861,
        "coords2D": "2D: (397930.074, 808214.038)",
        "coords3D_original": "3D_Original: (-793548.981, 426441.300, 0.000)",
        "coords3D": "3D: (7.161, -12.121, 0.405)",
        "coordsMtEden": "MtEden: (397930.074, 808214.038, 2.154)",
        "easting": 397930.07387946796,
        "northing": 808214.0379425235,
        "longitude": 174.74096868864098,
        "latitude": -36.80569534276543,
        "group": "R4 - Purple (10 points)",
        "canvasX": 561.2716410696775,
        "canvasY": 635.2472373051584,
        "variant": "northing_easting_direct"
      }
    },
    {
      "type": "Feature",
      "geometry": {
        "type": "Point",
        "coordinates": [
          7.052510441862978,
          -12.107061037560925,
          0.3246063096
        ]
      },
      "properties": {
        "id": "4_3",
        "camera": "R4 - Purple (Point)",
        "frame": "0133",
        "image": "pano_camera0/frame_0133_hp_preview.jpg",
        "frameId": "0133",
        "height": 1.980653,
        "coords2D": "2D: (397929.965, 808214.052)",
        "coords3D_original": "3D_Original: (-793548.981, 426441.300, 0.000)",
        "coords3D": "3D: (7.053, -12.107, 0.325)",
        "coordsMtEden": "MtEden: (397929.965, 808214.052, 1.981)",
        "easting": 397929.96501044184,
        "northing": 808214.0519389624,
        "longitude": 174.74096746856733,
        "latitude": -36.80569521639124,
        "group": "R4 - Purple (10 points)",
        "canvasX": 559.4881373045883,
        "canvasY": 635.0179461803571,
        "variant": "northing_easting_direct"
      }
    },
    {
      "type": "Feature",
      "geometry": {
        "type": "Point",
        "coordinates": [
          6.2058577294810675,
          -12.00933491147589,
          0.29181759464
        ]
      },
      "properties": {
        "id": "4_4",
        "camera": "R4 - Purple (Point)",
        "frame": "0134",
        "image": "pano_camera0/frame_0134_hp_preview.jpg",
        "frameId": "0134",
        "height": 0.641047,
        "coords2D": "2D: (397929.118, 808214.150)",
        "coords3D_original": "3D_Original: (-793548.981, 426441.300, 0.000)",
        "coords3D": "3D: (6.206, -12.009, 0.292)",
        "coordsMtEden": "MtEden: (397929.118, 808214.150, 0.641)",
        "easting": 397929.11835772946,
        "northing": 808214.1496650885,
        "longitude": 174.74095798026767,
        "latitude": -36.80569433383019,
        "group": "R4 - Purple (10 points)",
        "canvasX": 545.6181840733082,
        "canvasY": 633.4169865674685,
        "variant": "northing_easting_direct"
      }
    },
    {
      "type": "Feature",
      "geometry": {
        "type": "Point",
        "coordinates": [
          5.318160163238645,
          -11.438775645801798,
          -0.17594160668
        ]
      },
      "properties": {
        "id": "4_5",
        "camera": "R4 - Purple (Middle)",
        "frame": "0135",
        "image": "pano_camera0/frame_0135_hp_preview.jpg",
        "frameId": "0135",
        "height": -1.107916,
        "coords2D": "2D: (397928.231, 808214.720)",
        "coords3D_original": "3D_Original: (-793548.981, 426441.300, 0.000)",
        "coords3D": "3D: (5.318, -11.439, -0.176)",
        "coordsMtEden": "MtEden: (397928.231, 808214.720, -1.108)",
        "easting": 397928.2306601632,
        "northing": 808214.7202243542,
        "longitude": 174.7409480332588,
        "latitude": -36.80568918999695,
        "group": "R4 - Purple (10 points)",
        "canvasX": 531.0758297563216,
        "canvasY": 624.0700250387563,
        "variant": "northing_easting_direct"
      }
    },
    {
      "type": "Feature",
      "geometry": {
        "type": "Point",
        "coordinates": [
          5.1185560986050405,
          -11.040967982145958,
          0.56390093668
        ]
      },
      "properties": {
        "id": "4_6",
        "camera": "R4 - Purple (Point)",
        "frame": "0136",
        "image": "pano_camera0/frame_0136_hp_preview.jpg",
        "frameId": "0136",
        "height": -1.699623,
        "coords2D": "2D: (397928.031, 808215.118)",
        "coords3D_original": "3D_Original: (-793548.981, 426441.300, 0.000)",
        "coords3D": "3D: (5.119, -11.041, 0.564)",
        "coordsMtEden": "MtEden: (397928.031, 808215.118, -1.700)",
        "easting": 397928.0310560986,
        "northing": 808215.1180320178,
        "longitude": 174.74094579734845,
        "latitude": -36.80568560450964,
        "group": "R4 - Purple (10 points)",
        "canvasX": 527.8058951059298,
        "canvasY": 617.5530983119804,
        "variant": "northing_easting_direct"
      }
    },
    {
      "type": "Feature",
      "geometry": {
        "type": "Point",
        "coordinates": [
          4.870173990202602,
          -10.149724328191951,
          0.36713255768
        ]
      },
      "properties": {
        "id": "4_7",
        "camera": "R4 - Purple (Point)",
        "frame": "0137",
        "image": "pano_camera0/frame_0137_hp_preview.jpg",
        "frameId": "0137",
        "height": -2.727547,
        "coords2D": "2D: (397927.783, 808216.009)",
        "coords3D_original": "3D_Original: (-793548.981, 426441.300, 0.000)",
        "coords3D": "3D: (4.870, -10.150, 0.367)",
        "coordsMtEden": "MtEden: (397927.783, 808216.009, -2.728)",
        "easting": 397927.7826739902,
        "northing": 808216.0092756718,
        "longitude": 174.74094301611828,
        "latitude": -36.80567757206062,
        "group": "R4 - Purple (10 points)",
        "canvasX": 523.7368734438527,
        "canvasY": 602.952651616295,
        "variant": "northing_easting_direct"
      }
    },
    {
      "type": "Feature",
      "geometry": {
        "type": "Point",
        "coordinates": [
          4.565125419001561,
          -9.693003140040673,
          0.12948819312
        ]
      },
      "properties": {
        "id": "4_8",
        "camera": "R4 - Purple (Point)",
        "frame": "0138",
        "image": "pano_camera0/frame_0138_hp_preview.jpg",
        "frameId": "0138",
        "height": -3.520406,
        "coords2D": "2D: (397927.478, 808216.466)",
        "coords3D_original": "3D_Original: (-793548.981, 426441.300, 0.000)",
        "coords3D": "3D: (4.565, -9.693, 0.129)",
        "coordsMtEden": "MtEden: (397927.478, 808216.466, -3.520)",
        "easting": 397927.477625419,
        "northing": 808216.46599686,
        "longitude": 174.74093959863657,
        "latitude": -36.80567345541256,
        "group": "R4 - Purple (10 points)",
        "canvasX": 518.7395358653847,
        "canvasY": 595.4705973725174,
        "variant": "northing_easting_direct"
      }
    },
    {
      "type": "Feature",
      "geometry": {
        "type": "Point",
        "coordinates": [
          3.9723407317651436,
          -9.343654646538198,
          0.04209973888
        ]
      },
      "properties": {
        "id": "4_9",
        "camera": "R4 - Purple (End)",
        "frame": "0139",
        "image": "pano_camera0/frame_0139_hp_preview.jpg",
        "frameId": "0139",
        "height": -4.66504,
        "coords2D": "2D: (397926.885, 808216.815)",
        "coords3D_original": "3D_Original: (-793548.981, 426441.300, 0.000)",
        "coords3D": "3D: (3.972, -9.344, 0.042)",
        "coordsMtEden": "MtEden: (397926.885, 808216.815, -4.665)",
        "easting": 397926.88484073174,
        "northing": 808216.8153453534,
        "longitude": 174.74093295616163,
        "latitude": -36.80567030577935,
        "group": "R4 - Purple (10 points)",
        "canvasX": 509.02847515794053,
        "canvasY": 589.7475338374574,
        "variant": "northing_easting_direct"
      }
    }
  ],
  "properties": {
    "name": "Camera Positions - northing_easting_direct",
    "description": "Use northing/easting directly with base point subtraction",
    "timestamp": "2025-10-20T20:15:41.091Z",
    "variant": "northing_easting_direct"
  }
}