{
  "type": "FeatureCollection",
  "features": [
    {
      "type": "Feature",
      "geometry": {
        "type": "Point",
        "coordinates": [
          174.74091110362323,
          -36.805672336132794,
          2.322
        ]
      },
      "properties": {
        "id": "0_0",
        "camera": "R0 - Red (Start)",
        "frame": "0140",
        "image": "pano_camera0/frame_0140_hp_preview.jpg",
        "frameId": "0140",
        "height": 2.322,
        "coords2D": "2D: (4.506, 0.036)",
        "coords3D": "3D: (4.506, 0.036, 2.322)",
        "easting": 397924.93502059934,
        "northing": 808216.5895775073,
        "longitude": 174.74091110362323,
        "latitude": -36.805672336132794,
        "group": "R0 - Red (229 points)",
        "canvasX": 567.8299999999999,
        "canvasY": 603.88
      }
    },
    {
      "type": "Feature",
      "geometry": {
        "type": "Point",
        "coordinates": [
          174.74090661468324,
          -36.805672509915674,
          2.45
        ]
      },
      "properties": {
        "id": "0_1",
        "camera": "R0 - Red (Point)",
        "frame": "0141",
        "image": "pano_camera0/frame_0141_hp_preview.jpg",
        "frameId": "0141",
        "height": 2.45,
        "coords2D": "2D: (4.634, 0.041)",
        "coords3D": "3D: (4.634, 0.041, 2.450)",
        "easting": 397924.5344827518,
        "northing": 808216.5701966438,
        "longitude": 174.74090661468324,
        "latitude": -36.805672509915674,
        "group": "R0 - Red (229 points)",
        "canvasX": 560.39,
        "canvasY": 604.24
      }
    },
    {
      "type": "Feature",
      "geometry": {
        "type": "Point",
        "coordinates": [
          174.74089853589751,
          -36.805672493780314,
          2.69
        ]
      },
      "properties": {
        "id": "0_2",
        "camera": "R0 - Red (Point)",
        "frame": "0142",
        "image": "pano_camera0/frame_0142_hp_preview.jpg",
        "frameId": "0142",
        "height": 2.69,
        "coords2D": "2D: (4.852, 0.036)",
        "coords3D": "3D: (4.852, 0.036, 2.690)",
        "easting": 397923.8136222976,
        "northing": 808216.5718117157,
        "longitude": 174.74089853589751,
        "latitude": -36.805672493780314,
        "group": "R0 - Red (229 points)",
        "canvasX": 547,
        "canvasY": 604.21
      }
    },
    {
      "type": "Feature",
      "geometry": {
        "type": "Point",
        "coordinates": [
          174.74089410101044,
          -36.80567348750844,
          2.788
        ]
      },
      "properties": {
        "id": "0_3",
        "camera": "R0 - Red (Point)",
        "frame": "0143",
        "image": "pano_camera0/frame_0143_hp_preview.jpg",
        "frameId": "0143",
        "height": 2.788,
        "coords2D": "2D: (5.009, 0.035)",
        "coords3D": "3D: (5.009, 0.035, 2.788)",
        "easting": 397923.41792966594,
        "northing": 808216.4614484648,
        "longitude": 174.74089410101044,
        "latitude": -36.80567348750844,
        "group": "R0 - Red (229 points)",
        "canvasX": 539.65,
        "canvasY": 606.26
      }
    },
    {
      "type": "Feature",
      "geometry": {
        "type": "Point",
        "coordinates": [
          174.74089210897478,
          -36.805676781414206,
          2.736
        ]
      },
      "properties": {
        "id": "0_4",
        "camera": "R0 - Red (Point)",
        "frame": "0144",
        "image": "pano_camera0/frame_0144_hp_preview.jpg",
        "frameId": "0144",
        "height": 2.736,
        "coords2D": "2D: (5.185, 0.052)",
        "coords3D": "3D: (5.185, 0.052, 2.736)",
        "easting": 397923.2402717497,
        "northing": 808216.0959038432,
        "longitude": 174.74089210897478,
        "latitude": -36.805676781414206,
        "group": "R0 - Red (229 points)",
        "canvasX": 536.3499999999999,
        "canvasY": 613.05
      }
    },
    {
      "type": "Feature",
      "geometry": {
        "type": "Point",
        "coordinates": [
          174.7408943765715,
          -36.805680022784976,
          2.56
        ]
      },
      "properties": {
        "id": "0_5",
        "camera": "R0 - Red (Point)",
        "frame": "0145",
        "image": "pano_camera0/frame_0145_hp_preview.jpg",
        "frameId": "0145",
        "height": 2.56,
        "coords2D": "2D: (5.243, 0.058)",
        "coords3D": "3D: (5.243, 0.058, 2.560)",
        "easting": 397923.44269410276,
        "northing": 808215.736281152,
        "longitude": 174.7408943765715,
        "latitude": -36.805680022784976,
        "group": "R0 - Red (229 points)",
        "canvasX": 540.1099999999999,
        "canvasY": 619.73
      }
    },
    {
      "type": "Feature",
      "geometry": {
        "type": "Point",
        "coordinates": [
          174.74090533794126,
          -36.80566474211481,
          2.749
        ]
      },
      "properties": {
        "id": "0_6",
        "camera": "R0 - Red (Point)",
        "frame": "0157",
        "image": "pano_camera0/frame_0157_hp_preview.jpg",
        "frameId": "0157",
        "height": 2.749,
        "coords2D": "2D: (4.382, 0.040)",
        "coords3D": "3D: (4.382, 0.040, 2.749)",
        "easting": 397924.4203509995,
        "northing": 808217.4321067163,
        "longitude": 174.74090533794126,
        "latitude": -36.80566474211481,
        "group": "R0 - Red (229 points)",
        "canvasX": 558.27,
        "canvasY": 588.23
      }
    },
    {
      "type": "Feature",
      "geometry": {
        "type": "Point",
        "coordinates": [
          174.7409060629208,
          -36.80566154984644,
          2.836
        ]
      },
      "properties": {
        "id": "0_7",
        "camera": "R0 - Red (Point)",
        "frame": "0158",
        "image": "pano_camera0/frame_0158_hp_preview.jpg",
        "frameId": "0158",
        "height": 2.836,
        "coords2D": "2D: (4.244, 0.042)",
        "coords3D": "3D: (4.244, 0.042, 2.836)",
        "easting": 397924.48495387816,
        "northing": 808217.7863458343,
        "longitude": 174.7409060629208,
        "latitude": -36.80566154984644,
        "group": "R0 - Red (229 points)",
        "canvasX": 559.4699999999999,
        "canvasY": 581.65
      }
    },
    {
      "type": "Feature",
      "geometry": {
        "type": "Point",
        "coordinates": [
          174.74090509215324,
          -36.805659507096266,
          2.933
        ]
      },
      "properties": {
        "id": "0_8",
        "camera": "R0 - Red (Point)",
        "frame": "0159",
        "image": "pano_camera0/frame_0159_hp_preview.jpg",
        "frameId": "0159",
        "height": 2.933,
        "coords2D": "2D: (4.195, 0.046)",
        "coords3D": "3D: (4.195, 0.046, 2.933)",
        "easting": 397924.3982783493,
        "northing": 808218.0129942668,
        "longitude": 174.74090509215324,
        "latitude": -36.805659507096266,
        "group": "R0 - Red (229 points)",
        "canvasX": 557.8599999999999,
        "canvasY": 577.4399999999999
      }
    },
    {
      "type": "Feature",
      "geometry": {
        "type": "Point",
        "coordinates": [
          174.74089806074332,
          -36.805647633642245,
          3.542
        ]
      },
      "properties": {
        "id": "0_9",
        "camera": "R0 - Red (Point)",
        "frame": "0160",
        "image": "pano_camera0/frame_0160_hp_preview.jpg",
        "frameId": "0160",
        "height": 3.542,
        "coords2D": "2D: (3.947, 0.030)",
        "coords3D": "3D: (3.947, 0.030, 3.542)",
        "easting": 397923.77055371186,
        "northing": 808219.3303546337,
        "longitude": 174.74089806074332,
        "latitude": -36.805647633642245,
        "group": "R0 - Red (229 points)",
        "canvasX": 546.1999999999999,
        "canvasY": 552.97
      }
    },
    {
      "type": "Feature",
      "geometry": {
        "type": "Point",
        "coordinates": [
          174.74089671727938,
          -36.80564103993652,
          3.804
        ]
      },
      "properties": {
        "id": "0_10",
        "camera": "R0 - Red (Point)",
        "frame": "0161",
        "image": "pano_camera0/frame_0161_hp_preview.jpg",
        "frameId": "0161",
        "height": 3.804,
        "coords2D": "2D: (3.740, 0.024)",
        "coords3D": "3D: (3.740, 0.024, 3.804)",
        "easting": 397923.65050002903,
        "northing": 808220.0619822344,
        "longitude": 174.74089671727938,
        "latitude": -36.80564103993652,
        "group": "R0 - Red (229 points)",
        "canvasX": 543.9699999999999,
        "canvasY": 539.38
      }
    },
    {
      "type": "Feature",
      "geometry": {
        "type": "Point",
        "coordinates": [
          174.74089644830073,
          -36.80563269013022,
          4.094
        ]
      },
      "properties": {
        "id": "0_11",
        "camera": "R0 - Red (Point)",
        "frame": "0162",
        "image": "pano_camera0/frame_0162_hp_preview.jpg",
        "frameId": "0162",
        "height": 4.094,
        "coords2D": "2D: (3.439, 0.034)",
        "coords3D": "3D: (3.439, 0.034, 4.094)",
        "easting": 397923.6262739496,
        "northing": 808220.9884951855,
        "longitude": 174.74089644830073,
        "latitude": -36.80563269013022,
        "group": "R0 - Red (229 points)",
        "canvasX": 543.52,
        "canvasY": 522.17
      }
    },
    {
      "type": "Feature",
      "geometry": {
        "type": "Point",
        "coordinates": [
          174.74089698082224,
          -36.80562747467067,
          4.254
        ]
      },
      "properties": {
        "id": "0_12",
        "camera": "R0 - Red (Point)",
        "frame": "0163",
        "image": "pano_camera0/frame_0163_hp_preview.jpg",
        "frameId": "0163",
        "height": 4.254,
        "coords2D": "2D: (3.232, 0.037)",
        "coords3D": "3D: (3.232, 0.037, 4.254)",
        "easting": 397923.6736493939,
        "northing": 808221.5672293067,
        "longitude": 174.74089698082224,
        "latitude": -36.80562747467067,
        "group": "R0 - Red (229 points)",
        "canvasX": 544.4,
        "canvasY": 511.42
      }
    },
    {
      "type": "Feature",
      "geometry": {
        "type": "Point",
        "coordinates": [
          174.74089813479893,
          -36.80562222537088,
          4.397
        ]
      },
      "properties": {
        "id": "0_13",
        "camera": "R0 - Red (Point)",
        "frame": "0164",
        "image": "pano_camera0/frame_0164_hp_preview.jpg",
        "frameId": "0164",
        "height": 4.397,
        "coords2D": "2D: (3.007, 0.045)",
        "coords3D": "3D: (3.007, 0.045, 4.397)",
        "easting": 397923.7764756424,
        "northing": 808222.1497319291,
        "longitude": 174.74089813479893,
        "latitude": -36.80562222537088,
        "group": "R0 - Red (229 points)",
        "canvasX": 546.31,
        "canvasY": 500.6
      }
    },
    {
      "type": "Feature",
      "geometry": {
        "type": "Point",
        "coordinates": [
          174.74090502671916,
          -36.8056165259866,
          4.384
        ]
      },
      "properties": {
        "id": "0_14",
        "camera": "R0 - Red (Point)",
        "frame": "0165",
        "image": "pano_camera0/frame_0165_hp_preview.jpg",
        "frameId": "0165",
        "height": 4.384,
        "coords2D": "2D: (2.610, 0.047)",
        "coords3D": "3D: (2.610, 0.047, 4.384)",
        "easting": 397924.3912797041,
        "northing": 808222.7823017824,
        "longitude": 174.74090502671916,
        "latitude": -36.8056165259866,
        "group": "R0 - Red (229 points)",
        "canvasX": 557.73,
        "canvasY": 488.85
      }
    },
    {
      "type": "Feature",
      "geometry": {
        "type": "Point",
        "coordinates": [
          174.74091016739422,
          -36.80561593508612,
          4.252
        ]
      },
      "properties": {
        "id": "0_15",
        "camera": "R0 - Red (Point)",
        "frame": "0166",
        "image": "pano_camera0/frame_0166_hp_preview.jpg",
        "frameId": "0166",
        "height": 4.252,
        "coords2D": "2D: (2.448, 0.046)",
        "coords3D": "3D: (2.448, 0.046, 4.252)",
        "easting": 397924.8499601425,
        "northing": 808222.8479813756,
        "longitude": 174.74091016739422,
        "latitude": -36.80561593508612,
        "group": "R0 - Red (229 points)",
        "canvasX": 566.25,
        "canvasY": 487.63
      }
    },
    {
      "type": "Feature",
      "geometry": {
        "type": "Point",
        "coordinates": [
          174.74092091863423,
          -36.805617130703055,
          3.892
        ]
      },
      "properties": {
        "id": "0_16",
        "camera": "R0 - Red (Point)",
        "frame": "0167",
        "image": "pano_camera0/frame_0167_hp_preview.jpg",
        "frameId": "0167",
        "height": 3.892,
        "coords2D": "2D: (2.201, 0.052)",
        "coords3D": "3D: (2.201, 0.052, 3.892)",
        "easting": 397925.8093128903,
        "northing": 808222.7155454744,
        "longitude": 174.74092091863423,
        "latitude": -36.805617130703055,
        "group": "R0 - Red (229 points)",
        "canvasX": 584.0699999999999,
        "canvasY": 490.09
      }
    },
    {
      "type": "Feature",
      "geometry": {
        "type": "Point",
        "coordinates": [
          174.7409271493778,
          -36.80562310919937,
          3.505
        ]
      },
      "properties": {
        "id": "0_17",
        "camera": "R0 - Red (Point)",
        "frame": "0168",
        "image": "pano_camera0/frame_0168_hp_preview.jpg",
        "frameId": "0168",
        "height": 3.505,
        "coords2D": "2D: (2.253, 0.050)",
        "coords3D": "3D: (2.253, 0.050, 3.505)",
        "easting": 397926.36543600395,
        "northing": 808222.0522892538,
        "longitude": 174.7409271493778,
        "latitude": -36.80562310919937,
        "group": "R0 - Red (229 points)",
        "canvasX": 594.4,
        "canvasY": 502.40999999999997
      }
    },
    {
      "type": "Feature",
      "geometry": {
        "type": "Point",
        "coordinates": [
          174.74092778201592,
          -36.80562600092856,
          3.389
        ]
      },
      "properties": {
        "id": "0_18",
        "camera": "R0 - Red (Point)",
        "frame": "0169",
        "image": "pano_camera0/frame_0169_hp_preview.jpg",
        "frameId": "0169",
        "height": 3.389,
        "coords2D": "2D: (2.343, 0.062)",
        "coords3D": "3D: (2.343, 0.062, 3.389)",
        "easting": 397926.42196352273,
        "northing": 808221.7314282899,
        "longitude": 174.74092778201592,
        "latitude": -36.80562600092856,
        "group": "R0 - Red (229 points)",
        "canvasX": 595.4499999999999,
        "canvasY": 508.37
      }
    },
    {
      "type": "Feature",
      "geometry": {
        "type": "Point",
        "coordinates": [
          174.74092859800533,
          -36.805641089835184,
          2.856
        ]
      },
      "properties": {
        "id": "0_19",
        "camera": "R0 - Red (Point)",
        "frame": "0170",
        "image": "pano_camera0/frame_0170_hp_preview.jpg",
        "frameId": "0170",
        "height": 2.856,
        "coords2D": "2D: (2.878, 0.050)",
        "coords3D": "3D: (2.878, 0.050, 2.856)",
        "easting": 397926.49518011854,
        "northing": 808220.0571370184,
        "longitude": 174.74092859800533,
        "latitude": -36.805641089835184,
        "group": "R0 - Red (229 points)",
        "canvasX": 596.81,
        "canvasY": 539.47
      }
    },
    {
      "type": "Feature",
      "geometry": {
        "type": "Point",
        "coordinates": [
          174.74092865773287,
          -36.80564309844535,
          2.787
        ]
      },
      "properties": {
        "id": "0_20",
        "camera": "R0 - Red (Point)",
        "frame": "0171",
        "image": "pano_camera0/frame_0171_hp_preview.jpg",
        "frameId": "0171",
        "height": 2.787,
        "coords2D": "2D: (2.950, 0.064)",
        "coords3D": "3D: (2.950, 0.064, 2.787)",
        "easting": 397926.5005636917,
        "northing": 808219.8342570871,
        "longitude": 174.74092865773287,
        "latitude": -36.80564309844535,
        "group": "R0 - Red (229 points)",
        "canvasX": 596.91,
        "canvasY": 543.61
      }
    },
    {
      "type": "Feature",
      "geometry": {
        "type": "Point",
        "coordinates": [
          174.74092895656267,
          -36.80565250592521,
          2.461
        ]
      },
      "properties": {
        "id": "0_21",
        "camera": "R0 - Red (Point)",
        "frame": "0172",
        "image": "pano_camera0/frame_0172_hp_preview.jpg",
        "frameId": "0172",
        "height": 2.461,
        "coords2D": "2D: (3.289, 0.051)",
        "coords3D": "3D: (3.289, 0.051, 2.461)",
        "easting": 397926.52748155786,
        "northing": 808218.7903822397,
        "longitude": 174.74092895656267,
        "latitude": -36.80565250592521,
        "group": "R0 - Red (229 points)",
        "canvasX": 597.41,
        "canvasY": 563
      }
    },
    {
      "type": "Feature",
      "geometry": {
        "type": "Point",
        "coordinates": [
          174.74093465628118,
          -36.80565876571519,
          2.08
        ]
      },
      "properties": {
        "id": "0_22",
        "camera": "R0 - Red (Point)",
        "frame": "0173",
        "image": "pano_camera0/frame_0173_hp_preview.jpg",
        "frameId": "0173",
        "height": 2.08,
        "coords2D": "2D: (3.366, 0.061)",
        "coords3D": "3D: (3.366, 0.061, 2.080)",
        "easting": 397927.03622922715,
        "northing": 808218.0959012944,
        "longitude": 174.74093465628118,
        "latitude": -36.80565876571519,
        "group": "R0 - Red (229 points)",
        "canvasX": 606.8599999999999,
        "canvasY": 575.9
      }
    },
    {
      "type": "Feature",
      "geometry": {
        "type": "Point",
        "coordinates": [
          174.74094424901295,
          -36.80566026675999,
          1.745
        ]
      },
      "properties": {
        "id": "0_23",
        "camera": "R0 - Red (Point)",
        "frame": "0174",
        "image": "pano_camera0/frame_0174_hp_preview.jpg",
        "frameId": "0174",
        "height": 1.745,
        "coords2D": "2D: (3.161, 0.071)",
        "coords3D": "3D: (3.161, 0.071, 1.745)",
        "easting": 397927.8922173691,
        "northing": 808217.9295488818,
        "longitude": 174.74094424901295,
        "latitude": -36.80566026675999,
        "group": "R0 - Red (229 points)",
        "canvasX": 622.76,
        "canvasY": 578.99
      }
    },
    {
      "type": "Feature",
      "geometry": {
        "type": "Point",
        "coordinates": [
          174.7409445024369,
          -36.80566020373755,
          1.74
        ]
      },
      "properties": {
        "id": "0_24",
        "camera": "R0 - Red (Point)",
        "frame": "0175",
        "image": "pano_camera0/frame_0175_hp_preview.jpg",
        "frameId": "0175",
        "height": 1.74,
        "coords2D": "2D: (3.152, 0.074)",
        "coords3D": "3D: (3.152, 0.074, 1.740)",
        "easting": 397927.91482837667,
        "northing": 808217.9365475271,
        "longitude": 174.7409445024369,
        "latitude": -36.80566020373755,
        "group": "R0 - Red (229 points)",
        "canvasX": 623.18,
        "canvasY": 578.86
      }
    },
    {
      "type": "Feature",
      "geometry": {
        "type": "Point",
        "coordinates": [
          174.740953457618,
          -36.80565509665919,
          1.646
        ]
      },
      "properties": {
        "id": "0_25",
        "camera": "R0 - Red (Point)",
        "frame": "0176",
        "image": "pano_camera0/frame_0176_hp_preview.jpg",
        "frameId": "0176",
        "height": 1.646,
        "coords2D": "2D: (2.721, 0.069)",
        "coords3D": "3D: (2.721, 0.069, 1.646)",
        "easting": 397928.7137506425,
        "northing": 808218.5034377871,
        "longitude": 174.740953457618,
        "latitude": -36.80565509665919,
        "group": "R0 - Red (229 points)",
        "canvasX": 638.02,
        "canvasY": 568.33
      }
    },
    {
      "type": "Feature",
      "geometry": {
        "type": "Point",
        "coordinates": [
          174.74095665059966,
          -36.80565083264932,
          1.695
        ]
      },
      "properties": {
        "id": "0_26",
        "camera": "R0 - Red (Point)",
        "frame": "0177",
        "image": "pano_camera0/frame_0177_hp_preview.jpg",
        "frameId": "0177",
        "height": 1.695,
        "coords2D": "2D: (2.477, 0.079)",
        "coords3D": "3D: (2.477, 0.079, 1.695)",
        "easting": 397928.99854166585,
        "northing": 808218.9766538731,
        "longitude": 174.74095665059966,
        "latitude": -36.80565083264932,
        "group": "R0 - Red (229 points)",
        "canvasX": 643.31,
        "canvasY": 559.54
      }
    },
    {
      "type": "Feature",
      "geometry": {
        "type": "Point",
        "coordinates": [
          174.74096405577404,
          -36.805643765186005,
          1.713
        ]
      },
      "properties": {
        "id": "0_27",
        "camera": "R0 - Red (Point)",
        "frame": "0178",
        "image": "pano_camera0/frame_0178_hp_preview.jpg",
        "frameId": "0178",
        "height": 1.713,
        "coords2D": "2D: (2.015, 0.079)",
        "coords3D": "3D: (2.015, 0.079, 1.713)",
        "easting": 397929.6591060999,
        "northing": 808219.7610404913,
        "longitude": 174.74096405577404,
        "latitude": -36.805643765186005,
        "group": "R0 - Red (229 points)",
        "canvasX": 655.5799999999999,
        "canvasY": 544.97
      }
    },
    {
      "type": "Feature",
      "geometry": {
        "type": "Point",
        "coordinates": [
          174.74097400535442,
          -36.8056423601374,
          1.465
        ]
      },
      "properties": {
        "id": "0_28",
        "camera": "R0 - Red (Point)",
        "frame": "0179",
        "image": "pano_camera0/frame_0179_hp_preview.jpg",
        "frameId": "0179",
        "height": 1.465,
        "coords2D": "2D: (1.693, 0.084)",
        "coords3D": "3D: (1.693, 0.084, 1.465)",
        "easting": 397930.5468573239,
        "northing": 808219.9171641147,
        "longitude": 174.74097400535442,
        "latitude": -36.8056423601374,
        "group": "R0 - Red (229 points)",
        "canvasX": 672.0699999999999,
        "canvasY": 542.0699999999999
      }
    },
    {
      "type": "Feature",
      "geometry": {
        "type": "Point",
        "coordinates": [
          174.7409782704039,
          -36.80564434530912,
          1.271
        ]
      },
      "properties": {
        "id": "0_29",
        "camera": "R0 - Red (Point)",
        "frame": "0180",
        "image": "pano_camera0/frame_0180_hp_preview.jpg",
        "frameId": "0180",
        "height": 1.271,
        "coords2D": "2D: (1.651, 0.084)",
        "coords3D": "3D: (1.651, 0.084, 1.271)",
        "easting": 397930.92747595056,
        "northing": 808219.6969759701,
        "longitude": 174.7409782704039,
        "latitude": -36.80564434530912,
        "group": "R0 - Red (229 points)",
        "canvasX": 679.14,
        "canvasY": 546.16
      }
    },
    {
      "type": "Feature",
      "geometry": {
        "type": "Point",
        "coordinates": [
          174.74098043485836,
          -36.805649498222905,
          1.033
        ]
      },
      "properties": {
        "id": "0_30",
        "camera": "R0 - Red (Point)",
        "frame": "0181",
        "image": "pano_camera0/frame_0181_hp_preview.jpg",
        "frameId": "0181",
        "height": 1.033,
        "coords2D": "2D: (1.783, 0.071)",
        "coords3D": "3D: (1.783, 0.071, 1.033)",
        "easting": 397931.1207462292,
        "northing": 808219.125240494,
        "longitude": 174.74098043485836,
        "latitude": -36.805649498222905,
        "group": "R0 - Red (229 points)",
        "canvasX": 682.7299999999999,
        "canvasY": 556.78
      }
    },
    {
      "type": "Feature",
      "geometry": {
        "type": "Point",
        "coordinates": [
          174.74098013166025,
          -36.80565455847353,
          0.872
        ]
      },
      "properties": {
        "id": "0_31",
        "camera": "R0 - Red (Point)",
        "frame": "0182",
        "image": "pano_camera0/frame_0182_hp_preview.jpg",
        "frameId": "0182",
        "height": 0.872,
        "coords2D": "2D: (1.978, 0.068)",
        "coords3D": "3D: (1.978, 0.068, 0.872)",
        "easting": 397931.0938283631,
        "northing": 808218.5637338072,
        "longitude": 174.74098013166025,
        "latitude": -36.80565455847353,
        "group": "R0 - Red (229 points)",
        "canvasX": 682.2299999999999,
        "canvasY": 567.21
      }
    },
    {
      "type": "Feature",
      "geometry": {
        "type": "Point",
        "coordinates": [
          174.74098223503762,
          -36.805662176032456,
          0.552
        ]
      },
      "properties": {
        "id": "0_32",
        "camera": "R0 - Red (Point)",
        "frame": "0183",
        "image": "pano_camera0/frame_0183_hp_preview.jpg",
        "frameId": "0183",
        "height": 0.552,
        "coords2D": "2D: (2.202, 0.080)",
        "coords3D": "3D: (2.202, 0.080, 0.552)",
        "easting": 397931.28171506844,
        "northing": 808217.7185128116,
        "longitude": 174.74098223503762,
        "latitude": -36.805662176032456,
        "group": "R0 - Red (229 points)",
        "canvasX": 685.7199999999999,
        "canvasY": 582.91
      }
    },
    {
      "type": "Feature",
      "geometry": {
        "type": "Point",
        "coordinates": [
          174.74098750834423,
          -36.80566193932765,
          0.404
        ]
      },
      "properties": {
        "id": "0_33",
        "camera": "R0 - Red (Point)",
        "frame": "0184",
        "image": "pano_camera0/frame_0184_hp_preview.jpg",
        "frameId": "0184",
        "height": 0.404,
        "coords2D": "2D: (2.050, 0.070)",
        "coords3D": "3D: (2.050, 0.070, 0.404)",
        "easting": 397931.75223936787,
        "northing": 808217.7448923204,
        "longitude": 174.74098750834423,
        "latitude": -36.80566193932765,
        "group": "R0 - Red (229 points)",
        "canvasX": 694.4599999999999,
        "canvasY": 582.42
      }
    },
    {
      "type": "Feature",
      "geometry": {
        "type": "Point",
        "coordinates": [
          174.740989180493,
          -36.805659009234475,
          0.453
        ]
      },
      "properties": {
        "id": "0_34",
        "camera": "R0 - Red (Point)",
        "frame": "0185",
        "image": "pano_camera0/frame_0185_hp_preview.jpg",
        "frameId": "0185",
        "height": 0.453,
        "coords2D": "2D: (1.897, 0.072)",
        "coords3D": "3D: (1.897, 0.072, 0.453)",
        "easting": 397931.9013643461,
        "northing": 808218.0700601429,
        "longitude": 174.740989180493,
        "latitude": -36.805659009234475,
        "group": "R0 - Red (229 points)",
        "canvasX": 697.2299999999999,
        "canvasY": 576.38
      }
    },
    {
      "type": "Feature",
      "geometry": {
        "type": "Point",
        "coordinates": [
          174.74098976718074,
          -36.80565422073356,
          0.597
        ]
      },
      "properties": {
        "id": "0_35",
        "camera": "R0 - Red (Point)",
        "frame": "0186",
        "image": "pano_camera0/frame_0186_hp_preview.jpg",
        "frameId": "0186",
        "height": 0.597,
        "coords2D": "2D: (1.704, 0.067)",
        "coords3D": "3D: (1.704, 0.067, 0.597)",
        "easting": 397931.9535850063,
        "northing": 808218.6014188197,
        "longitude": 174.74098976718074,
        "latitude": -36.80565422073356,
        "group": "R0 - Red (229 points)",
        "canvasX": 698.1999999999999,
        "canvasY": 566.51
      }
    },
    {
      "type": "Feature",
      "geometry": {
        "type": "Point",
        "coordinates": [
          174.74099060726596,
          -36.80564945654046,
          0.733
        ]
      },
      "properties": {
        "id": "0_36",
        "camera": "R0 - Red (Point)",
        "frame": "0187",
        "image": "pano_camera0/frame_0187_hp_preview.jpg",
        "frameId": "0187",
        "height": 0.733,
        "coords2D": "2D: (1.505, 0.068)",
        "coords3D": "3D: (1.505, 0.068, 0.733)",
        "easting": 397932.02841667406,
        "northing": 808219.13008571,
        "longitude": 174.74099060726596,
        "latitude": -36.80564945654046,
        "group": "R0 - Red (229 points)",
        "canvasX": 699.5899999999999,
        "canvasY": 556.6899999999999
      }
    },
    {
      "type": "Feature",
      "geometry": {
        "type": "Point",
        "coordinates": [
          174.74099369815184,
          -36.80564361571136,
          0.838
        ]
      },
      "properties": {
        "id": "0_37",
        "camera": "R0 - Red (Point)",
        "frame": "0188",
        "image": "pano_camera0/frame_0188_hp_preview.jpg",
        "frameId": "0188",
        "height": 0.838,
        "coords2D": "2D: (1.206, 0.071)",
        "coords3D": "3D: (1.206, 0.071, 0.838)",
        "easting": 397932.30405562295,
        "northing": 808219.7782679256,
        "longitude": 174.74099369815184,
        "latitude": -36.80564361571136,
        "group": "R0 - Red (229 points)",
        "canvasX": 704.7099999999999,
        "canvasY": 544.65
      }
    },
    {
      "type": "Feature",
      "geometry": {
        "type": "Point",
        "coordinates": [
          174.74100039627314,
          -36.80564031786896,
          0.75
        ]
      },
      "properties": {
        "id": "0_38",
        "camera": "R0 - Red (Point)",
        "frame": "0189",
        "image": "pano_camera0/frame_0189_hp_preview.jpg",
        "frameId": "0189",
        "height": 0.75,
        "coords2D": "2D: (0.902, 0.074)",
        "coords3D": "3D: (0.902, 0.074, 0.750)",
        "easting": 397932.90163225034,
        "northing": 808220.1443509046,
        "longitude": 174.74100039627314,
        "latitude": -36.80564031786896,
        "group": "R0 - Red (229 points)",
        "canvasX": 715.81,
        "canvasY": 537.85
      }
    },
    {
      "type": "Feature",
      "geometry": {
        "type": "Point",
        "coordinates": [
          174.7410012591161,
          -36.80564011911786,
          0.731
        ]
      },
      "properties": {
        "id": "0_39",
        "camera": "R0 - Red (Point)",
        "frame": "0190",
        "image": "pano_camera0/frame_0190_hp_preview.jpg",
        "frameId": "0190",
        "height": 0.731,
        "coords2D": "2D: (0.872, 0.080)",
        "coords3D": "3D: (0.872, 0.080, 0.731)",
        "easting": 397932.9786173474,
        "northing": 808220.1664235548,
        "longitude": 174.7410012591161,
        "latitude": -36.80564011911786,
        "group": "R0 - Red (229 points)",
        "canvasX": 717.2399999999999,
        "canvasY": 537.4399999999999
      }
    },
    {
      "type": "Feature",
      "geometry": {
        "type": "Point",
        "coordinates": [
          174.74100800438524,
          -36.80564053767661,
          0.517
        ]
      },
      "properties": {
        "id": "0_40",
        "camera": "R0 - Red (Point)",
        "frame": "0191",
        "image": "pano_camera0/frame_0191_hp_preview.jpg",
        "frameId": "0191",
        "height": 0.517,
        "coords2D": "2D: (0.704, 0.084)",
        "coords3D": "3D: (0.704, 0.084, 0.517)",
        "easting": 397933.5805008334,
        "northing": 808220.120124825,
        "longitude": 174.74100800438524,
        "latitude": -36.80564053767661,
        "group": "R0 - Red (229 points)",
        "canvasX": 728.42,
        "canvasY": 538.3
      }
    },
    {
      "type": "Feature",
      "geometry": {
        "type": "Point",
        "coordinates": [
          174.7410146517945,
          -36.805645356696225,
          0.157
        ]
      },
      "properties": {
        "id": "0_41",
        "camera": "R0 - Red (Point)",
        "frame": "0192",
        "image": "pano_camera0/frame_0192_hp_preview.jpg",
        "frameId": "0192",
        "height": 0.157,
        "coords2D": "2D: (0.702, 0.090)",
        "coords3D": "3D: (0.702, 0.090, 0.157)",
        "easting": 397934.17377060227,
        "northing": 808219.5855360044,
        "longitude": 174.7410146517945,
        "latitude": -36.805645356696225,
        "group": "R0 - Red (229 points)",
        "canvasX": 739.4399999999999,
        "canvasY": 548.23
      }
    },
    {
      "type": "Feature",
      "geometry": {
        "type": "Point",
        "coordinates": [
          174.74101706960369,
          -36.805650684319396,
          -0.094
        ]
      },
      "properties": {
        "id": "0_42",
        "camera": "R0 - Red (Point)",
        "frame": "0193",
        "image": "pano_camera0/frame_0193_hp_preview.jpg",
        "frameId": "0193",
        "height": -0.094,
        "coords2D": "2D: (0.833, 0.084)",
        "coords3D": "3D: (0.833, 0.084, -0.094)",
        "easting": 397934.3896518884,
        "northing": 808218.9944196648,
        "longitude": 174.74101706960369,
        "latitude": -36.805650684319396,
        "group": "R0 - Red (229 points)",
        "canvasX": 743.4499999999999,
        "canvasY": 559.21
      }
    },
    {
      "type": "Feature",
      "geometry": {
        "type": "Point",
        "coordinates": [
          174.74101858187157,
          -36.80565775352197,
          -0.378
        ]
      },
      "properties": {
        "id": "0_43",
        "camera": "R0 - Red (Point)",
        "frame": "0194",
        "image": "pano_camera0/frame_0194_hp_preview.jpg",
        "frameId": "0194",
        "height": -0.378,
        "coords2D": "2D: (1.053, 0.075)",
        "coords3D": "3D: (1.053, 0.075, -0.378)",
        "easting": 397934.5247795762,
        "northing": 808218.2100330467,
        "longitude": 174.74101858187157,
        "latitude": -36.80565775352197,
        "group": "R0 - Red (229 points)",
        "canvasX": 745.9599999999999,
        "canvasY": 573.78
      }
    },
    {
      "type": "Feature",
      "geometry": {
        "type": "Point",
        "coordinates": [
          174.74102017322443,
          -36.80566266373913,
          -0.591
        ]
      },
      "properties": {
        "id": "0_44",
        "camera": "R0 - Red (Point)",
        "frame": "0195",
        "image": "pano_camera0/frame_0195_hp_preview.jpg",
        "frameId": "0195",
        "height": -0.591,
        "coords2D": "2D: (1.191, 0.081)",
        "coords3D": "3D: (1.191, 0.081, -0.591)",
        "easting": 397934.6669059092,
        "northing": 808217.6652154367,
        "longitude": 174.74102017322443,
        "latitude": -36.80566266373913,
        "group": "R0 - Red (229 points)",
        "canvasX": 748.5999999999999,
        "canvasY": 583.9
      }
    },
    {
      "type": "Feature",
      "geometry": {
        "type": "Point",
        "coordinates": [
          174.74102440196745,
          -36.80566500792696,
          -0.795
        ]
      },
      "properties": {
        "id": "0_45",
        "camera": "R0 - Red (Point)",
        "frame": "0196",
        "image": "pano_camera0/frame_0196_hp_preview.jpg",
        "frameId": "0196",
        "height": -0.795,
        "coords2D": "2D: (1.163, 0.070)",
        "coords3D": "3D: (1.163, 0.070, -0.795)",
        "easting": 397935.04429439193,
        "northing": 808217.4051888502,
        "longitude": 174.74102440196745,
        "latitude": -36.80566500792696,
        "group": "R0 - Red (229 points)",
        "canvasX": 755.6099999999999,
        "canvasY": 588.73
      }
    },
    {
      "type": "Feature",
      "geometry": {
        "type": "Point",
        "coordinates": [
          174.7410497355382,
          -36.805667957827936,
          -1.647
        ]
      },
      "properties": {
        "id": "0_46",
        "camera": "R0 - Red (Point)",
        "frame": "0198",
        "image": "pano_camera0/frame_0198_hp_preview.jpg",
        "frameId": "0198",
        "height": -1.647,
        "coords2D": "2D: (0.585, 0.098)",
        "coords3D": "3D: (0.585, 0.098, -1.647)",
        "easting": 397937.304856787,
        "northing": 808217.0784059558,
        "longitude": 174.7410497355382,
        "latitude": -36.805667957827936,
        "group": "R0 - Red (229 points)",
        "canvasX": 797.5999999999999,
        "canvasY": 594.8
      }
    },
    {
      "type": "Feature",
      "geometry": {
        "type": "Point",
        "coordinates": [
          174.7410541700453,
          -36.8056682206809,
          -1.787
        ]
      },
      "properties": {
        "id": "0_47",
        "camera": "R0 - Red (Point)",
        "frame": "0199",
        "image": "pano_camera0/frame_0199_hp_preview.jpg",
        "frameId": "0199",
        "height": -1.787,
        "coords2D": "2D: (0.475, 0.106)",
        "coords3D": "3D: (0.475, 0.106, -1.787)",
        "easting": 397937.7005494187,
        "northing": 808217.0493346604,
        "longitude": 174.7410541700453,
        "latitude": -36.8056682206809,
        "group": "R0 - Red (229 points)",
        "canvasX": 804.9499999999999,
        "canvasY": 595.34
      }
    },
    {
      "type": "Feature",
      "geometry": {
        "type": "Point",
        "coordinates": [
          174.74107502815437,
          -36.80566665278591,
          -2.354
        ]
      },
      "properties": {
        "id": "0_48",
        "camera": "R0 - Red (Point)",
        "frame": "0200",
        "image": "pano_camera0/frame_0200_hp_preview.jpg",
        "frameId": "0200",
        "height": -2.354,
        "coords2D": "2D: (-0.149, 0.146)",
        "coords3D": "3D: (-0.149, 0.146, -2.354)",
        "easting": 397939.5616506809,
        "northing": 808217.2237624327,
        "longitude": 174.74107502815437,
        "latitude": -36.80566665278591,
        "group": "R0 - Red (229 points)",
        "canvasX": 839.52,
        "canvasY": 592.1
      }
    },
    {
      "type": "Feature",
      "geometry": {
        "type": "Point",
        "coordinates": [
          174.74107662057,
          -36.80566803582592,
          -2.448
        ]
      },
      "properties": {
        "id": "0_49",
        "camera": "R0 - Red (Point)",
        "frame": "0201",
        "image": "pano_camera0/frame_0201_hp_preview.jpg",
        "frameId": "0201",
        "height": -2.448,
        "coords2D": "2D: (-0.141, 0.192)",
        "coords3D": "3D: (-0.141, 0.192, -2.448)",
        "easting": 397939.70377701387,
        "northing": 808217.070330596,
        "longitude": 174.74107662057,
        "latitude": -36.80566803582592,
        "group": "R0 - Red (229 points)",
        "canvasX": 842.16,
        "canvasY": 594.95
      }
    },
    {
      "type": "Feature",
      "geometry": {
        "type": "Point",
        "coordinates": [
          174.74105448899738,
          -36.80565087596122,
          -1.212
        ]
      },
      "properties": {
        "id": "0_50",
        "camera": "R0 - Red (Point)",
        "frame": "0226",
        "image": "pano_camera0/frame_0226_hp_preview.jpg",
        "frameId": "0226",
        "height": -1.212,
        "coords2D": "2D: (-0.174, 0.105)",
        "coords3D": "3D: (-0.174, 0.105, -1.212)",
        "easting": 397937.72854399943,
        "northing": 808218.9739620866,
        "longitude": 174.74105448899738,
        "latitude": -36.80565087596122,
        "group": "R0 - Red (229 points)",
        "canvasX": 805.4699999999999,
        "canvasY": 559.59
      }
    },
    {
      "type": "Feature",
      "geometry": {
        "type": "Point",
        "coordinates": [
          174.74104124135656,
          -36.80562478101228,
          0.061
        ]
      },
      "properties": {
        "id": "0_51",
        "camera": "R0 - Red (Point)",
        "frame": "0240",
        "image": "pano_camera0/frame_0240_hp_preview.jpg",
        "frameId": "0240",
        "height": 0.061,
        "coords2D": "2D: (-0.779, 0.099)",
        "coords3D": "3D: (-0.779, 0.099, 0.061)",
        "easting": 397936.545772963,
        "northing": 808221.8692477642,
        "longitude": 174.74104124135656,
        "latitude": -36.80562478101228,
        "group": "R0 - Red (229 points)",
        "canvasX": 783.5,
        "canvasY": 505.81
      }
    },
    {
      "type": "Feature",
      "geometry": {
        "type": "Point",
        "coordinates": [
          174.74103979353072,
          -36.80562411119791,
          0.127
        ]
      },
      "properties": {
        "id": "0_52",
        "camera": "R0 - Red (Point)",
        "frame": "0241",
        "image": "pano_camera0/frame_0241_hp_preview.jpg",
        "frameId": "0241",
        "height": 0.127,
        "coords2D": "2D: (-0.764, 0.091)",
        "coords3D": "3D: (-0.764, 0.091, 0.127)",
        "easting": 397936.41656720574,
        "northing": 808221.9435410748,
        "longitude": 174.74103979353072,
        "latitude": -36.80562411119791,
        "group": "R0 - Red (229 points)",
        "canvasX": 781.0999999999999,
        "canvasY": 504.43
      }
    },
    {
      "type": "Feature",
      "geometry": {
        "type": "Point",
        "coordinates": [
          174.74103642241727,
          -36.805618846461705,
          0.404
        ]
      },
      "properties": {
        "id": "0_53",
        "camera": "R0 - Red (Point)",
        "frame": "0242",
        "image": "pano_camera0/frame_0242_hp_preview.jpg",
        "frameId": "0242",
        "height": 0.404,
        "coords2D": "2D: (-0.867, 0.083)",
        "coords3D": "3D: (-0.867, 0.083, 0.404)",
        "easting": 397936.1156254627,
        "northing": 808222.527658769,
        "longitude": 174.74103642241727,
        "latitude": -36.805618846461705,
        "group": "R0 - Red (229 points)",
        "canvasX": 775.51,
        "canvasY": 493.58
      }
    },
    {
      "type": "Feature",
      "geometry": {
        "type": "Point",
        "coordinates": [
          174.74103146305583,
          -36.805618408845234,
          0.566
        ]
      },
      "properties": {
        "id": "0_54",
        "camera": "R0 - Red (Point)",
        "frame": "0243",
        "image": "pano_camera0/frame_0243_hp_preview.jpg",
        "frameId": "0243",
        "height": 0.566,
        "coords2D": "2D: (-0.749, 0.078)",
        "coords3D": "3D: (-0.749, 0.078, 0.566)",
        "easting": 397935.67309574404,
        "northing": 808222.5761109281,
        "longitude": 174.74103146305583,
        "latitude": -36.805618408845234,
        "group": "R0 - Red (229 points)",
        "canvasX": 767.29,
        "canvasY": 492.68
      }
    },
    {
      "type": "Feature",
      "geometry": {
        "type": "Point",
        "coordinates": [
          174.74102816778407,
          -36.80562176557172,
          0.551
        ]
      },
      "properties": {
        "id": "0_55",
        "camera": "R0 - Red (Point)",
        "frame": "0244",
        "image": "pano_camera0/frame_0244_hp_preview.jpg",
        "frameId": "0244",
        "height": 0.551,
        "coords2D": "2D: (-0.536, 0.074)",
        "coords3D": "3D: (-0.536, 0.074, 0.551)",
        "easting": 397935.37915264623,
        "northing": 808222.2035676612,
        "longitude": 174.74102816778407,
        "latitude": -36.80562176557172,
        "group": "R0 - Red (229 points)",
        "canvasX": 761.8299999999999,
        "canvasY": 499.6
      }
    },
    {
      "type": "Feature",
      "geometry": {
        "type": "Point",
        "coordinates": [
          174.7410261099905,
          -36.805623055720154,
          0.568
        ]
      },
      "properties": {
        "id": "0_56",
        "camera": "R0 - Red (Point)",
        "frame": "0245",
        "image": "pano_camera0/frame_0245_hp_preview.jpg",
        "frameId": "0245",
        "height": 0.568,
        "coords2D": "2D: (-0.432, 0.070)",
        "coords3D": "3D: (-0.432, 0.070, 0.568)",
        "easting": 397935.1955727994,
        "northing": 808222.0603646135,
        "longitude": 174.7410261099905,
        "latitude": -36.805623055720154,
        "group": "R0 - Red (229 points)",
        "canvasX": 758.42,
        "canvasY": 502.26
      }
    },
    {
      "type": "Feature",
      "geometry": {
        "type": "Point",
        "coordinates": [
          174.74102041346046,
          -36.80562623246675,
          0.631
        ]
      },
      "properties": {
        "id": "0_57",
        "camera": "R0 - Red (Point)",
        "frame": "0246",
        "image": "pano_camera0/frame_0246_hp_preview.jpg",
        "frameId": "0246",
        "height": 0.631,
        "coords2D": "2D: (-0.161, 0.042)",
        "coords3D": "3D: (-0.161, 0.042, 0.631)",
        "easting": 397934.68736348744,
        "northing": 808221.7077405677,
        "longitude": 174.74102041346046,
        "latitude": -36.80562623246675,
        "group": "R0 - Red (229 points)",
        "canvasX": 748.9799999999999,
        "canvasY": 508.81
      }
    },
    {
      "type": "Feature",
      "geometry": {
        "type": "Point",
        "coordinates": [
          174.74101965237875,
          -36.805629114220835,
          0.556
        ]
      },
      "properties": {
        "id": "0_58",
        "camera": "R0 - Red (Point)",
        "frame": "0247",
        "image": "pano_camera0/frame_0247_hp_preview.jpg",
        "frameId": "0247",
        "height": 0.556,
        "coords2D": "2D: (-0.033, 0.049)",
        "coords3D": "3D: (-0.033, 0.049, 0.556)",
        "easting": 397934.6195304649,
        "northing": 808221.3879563184,
        "longitude": 174.74101965237875,
        "latitude": -36.805629114220835,
        "group": "R0 - Red (229 points)",
        "canvasX": 747.7199999999999,
        "canvasY": 514.75
      }
    },
    {
      "type": "Feature",
      "geometry": {
        "type": "Point",
        "coordinates": [
          174.74101303257572,
          -36.805632805066224,
          0.628
        ]
      },
      "properties": {
        "id": "0_59",
        "camera": "R0 - Red (Point)",
        "frame": "0248",
        "image": "pano_camera0/frame_0248_hp_preview.jpg",
        "frameId": "0248",
        "height": 0.628,
        "coords2D": "2D: (0.283, 0.047)",
        "coords3D": "3D: (0.283, 0.047, 0.628)",
        "easting": 397934.0289524826,
        "northing": 808220.9782663963,
        "longitude": 174.74101303257572,
        "latitude": -36.805632805066224,
        "group": "R0 - Red (229 points)",
        "canvasX": 736.75,
        "canvasY": 522.36
      }
    },
    {
      "type": "Feature",
      "geometry": {
        "type": "Point",
        "coordinates": [
          174.74101206714528,
          -36.805633066869376,
          0.648
        ]
      },
      "properties": {
        "id": "0_60",
        "camera": "R0 - Red (Point)",
        "frame": "0249",
        "image": "pano_camera0/frame_0249_hp_preview.jpg",
        "frameId": "0249",
        "height": 0.648,
        "coords2D": "2D: (0.318, 0.044)",
        "coords3D": "3D: (0.318, 0.044, 0.648)",
        "easting": 397933.94281531114,
        "northing": 808220.9491951009,
        "longitude": 174.74101206714528,
        "latitude": -36.805633066869376,
        "group": "R0 - Red (229 points)",
        "canvasX": 735.15,
        "canvasY": 522.9
      }
    },
    {
      "type": "Feature",
      "geometry": {
        "type": "Point",
        "coordinates": [
          174.7409929884856,
          -36.80563604694106,
          1.114
        ]
      },
      "properties": {
        "id": "0_61",
        "camera": "R0 - Red (Point)",
        "frame": "0250",
        "image": "pano_camera0/frame_0250_hp_preview.jpg",
        "frameId": "0250",
        "height": 1.114,
        "coords2D": "2D: (0.946, 0.041)",
        "coords3D": "3D: (0.946, 0.041, 1.114)",
        "easting": 397932.24052945897,
        "northing": 808220.618105348,
        "longitude": 174.7409929884856,
        "latitude": -36.80563604694106,
        "group": "R0 - Red (229 points)",
        "canvasX": 703.53,
        "canvasY": 529.05
      }
    },
    {
      "type": "Feature",
      "geometry": {
        "type": "Point",
        "coordinates": [
          174.74099263853833,
          -36.8056360711313,
          1.124
        ]
      },
      "properties": {
        "id": "0_62",
        "camera": "R0 - Red (Point)",
        "frame": "0251",
        "image": "pano_camera0/frame_0251_hp_preview.jpg",
        "frameId": "0251",
        "height": 1.124,
        "coords2D": "2D: (0.956, 0.040)",
        "coords3D": "3D: (0.956, 0.040, 1.124)",
        "easting": 397932.20930473425,
        "northing": 808220.6154135613,
        "longitude": 174.74099263853833,
        "latitude": -36.8056360711313,
        "group": "R0 - Red (229 points)",
        "canvasX": 702.9499999999999,
        "canvasY": 529.1
      }
    },
    {
      "type": "Feature",
      "geometry": {
        "type": "Point",
        "coordinates": [
          174.74097979972024,
          -36.80563487996556,
          1.545
        ]
      },
      "properties": {
        "id": "0_63",
        "camera": "R0 - Red (Point)",
        "frame": "0252",
        "image": "pano_camera0/frame_0252_hp_preview.jpg",
        "frameId": "0252",
        "height": 1.545,
        "coords2D": "2D: (1.260, 0.046)",
        "coords3D": "3D: (1.260, 0.046, 1.545)",
        "easting": 397931.06368035305,
        "northing": 808220.7473111053,
        "longitude": 174.74097979972024,
        "latitude": -36.80563487996556,
        "group": "R0 - Red (229 points)",
        "canvasX": 681.67,
        "canvasY": 526.65
      }
    },
    {
      "type": "Feature",
      "geometry": {
        "type": "Point",
        "coordinates": [
          174.74096739648016,
          -36.805629812385334,
          2.084
        ]
      },
      "properties": {
        "id": "0_64",
        "camera": "R0 - Red (Point)",
        "frame": "0253",
        "image": "pano_camera0/frame_0253_hp_preview.jpg",
        "frameId": "0253",
        "height": 2.084,
        "coords2D": "2D: (1.409, 0.059)",
        "coords3D": "3D: (1.409, 0.059, 2.084)",
        "easting": 397929.956817699,
        "northing": 808221.3093561494,
        "longitude": 174.74096739648016,
        "latitude": -36.805629812385334,
        "group": "R0 - Red (229 points)",
        "canvasX": 661.1099999999999,
        "canvasY": 516.21
      }
    },
    {
      "type": "Feature",
      "geometry": {
        "type": "Point",
        "coordinates": [
          174.74096596908828,
          -36.80562140898464,
          2.41
        ]
      },
      "properties": {
        "id": "0_65",
        "camera": "R0 - Red (Point)",
        "frame": "0254",
        "image": "pano_camera0/frame_0254_hp_preview.jpg",
        "frameId": "0254",
        "height": 2.41,
        "coords2D": "2D: (1.137, 0.069)",
        "coords3D": "3D: (1.137, 0.069, 2.410)",
        "easting": 397929.8292270137,
        "northing": 808222.2417910311,
        "longitude": 174.74096596908828,
        "latitude": -36.80562140898464,
        "group": "R0 - Red (229 points)",
        "canvasX": 658.74,
        "canvasY": 498.89
      }
    },
    {
      "type": "Feature",
      "geometry": {
        "type": "Point",
        "coordinates": [
          174.74096658471206,
          -36.80562070561009,
          2.416
        ]
      },
      "properties": {
        "id": "0_66",
        "camera": "R0 - Red (Point)",
        "frame": "0255",
        "image": "pano_camera0/frame_0255_hp_preview.jpg",
        "frameId": "0255",
        "height": 2.416,
        "coords2D": "2D: (1.095, 0.066)",
        "coords3D": "3D: (1.095, 0.066, 2.416)",
        "easting": 397929.8841394605,
        "northing": 808222.3198528428,
        "longitude": 174.74096658471206,
        "latitude": -36.80562070561009,
        "group": "R0 - Red (229 points)",
        "canvasX": 659.76,
        "canvasY": 497.44
      }
    },
    {
      "type": "Feature",
      "geometry": {
        "type": "Point",
        "coordinates": [
          174.74098035351943,
          -36.80561910723843,
          2.061
        ]
      },
      "properties": {
        "id": "0_67",
        "camera": "R0 - Red (Point)",
        "frame": "0256",
        "image": "pano_camera0/frame_0256_hp_preview.jpg",
        "frameId": "0256",
        "height": 2.061,
        "coords2D": "2D: (0.663, 0.108)",
        "coords3D": "3D: (0.663, 0.108, 2.061)",
        "easting": 397931.11267086933,
        "northing": 808222.497510759,
        "longitude": 174.74098035351943,
        "latitude": -36.80561910723843,
        "group": "R0 - Red (229 points)",
        "canvasX": 682.5799999999999,
        "canvasY": 494.14
      }
    },
    {
      "type": "Feature",
      "geometry": {
        "type": "Point",
        "coordinates": [
          174.74098571110127,
          -36.805619501269476,
          1.888
        ]
      },
      "properties": {
        "id": "0_68",
        "camera": "R0 - Red (Point)",
        "frame": "0257",
        "image": "pano_camera0/frame_0257_hp_preview.jpg",
        "frameId": "0257",
        "height": 1.888,
        "coords2D": "2D: (0.532, 0.236)",
        "coords3D": "3D: (0.532, 0.236, 1.888)",
        "easting": 397931.5907321713,
        "northing": 808222.453903816,
        "longitude": 174.74098571110127,
        "latitude": -36.805619501269476,
        "group": "R0 - Red (229 points)",
        "canvasX": 691.4599999999999,
        "canvasY": 494.95
      }
    },
    {
      "type": "Feature",
      "geometry": {
        "type": "Point",
        "coordinates": [
          174.74098775035932,
          -36.805619656920925,
          1.822
        ]
      },
      "properties": {
        "id": "0_69",
        "camera": "R0 - Red (Point)",
        "frame": "0258",
        "image": "pano_camera0/frame_0258_hp_preview.jpg",
        "frameId": "0258",
        "height": 1.822,
        "coords2D": "2D: (0.482, 0.318)",
        "coords3D": "3D: (0.482, 0.318, 1.822)",
        "easting": 397931.7726969461,
        "northing": 808222.4366763816,
        "longitude": 174.74098775035932,
        "latitude": -36.805619656920925,
        "group": "R0 - Red (229 points)",
        "canvasX": 694.8399999999999,
        "canvasY": 495.27
      }
    },
    {
      "type": "Feature",
      "geometry": {
        "type": "Point",
        "coordinates": [
          174.74099132201184,
          -36.80562014763736,
          1.7
        ]
      },
      "properties": {
        "id": "0_70",
        "camera": "R0 - Red (Point)",
        "frame": "0259",
        "image": "pano_camera0/frame_0259_hp_preview.jpg",
        "frameId": "0259",
        "height": 1.7,
        "coords2D": "2D: (0.403, 0.392)",
        "coords3D": "3D: (0.403, 0.392, 1.700)",
        "easting": 397932.09140448074,
        "northing": 808222.3823022922,
        "longitude": 174.74099132201184,
        "latitude": -36.80562014763736,
        "group": "R0 - Red (229 points)",
        "canvasX": 700.76,
        "canvasY": 496.28
      }
    },
    {
      "type": "Feature",
      "geometry": {
        "type": "Point",
        "coordinates": [
          174.74099933414357,
          -36.80562109527738,
          1.43
        ]
      },
      "properties": {
        "id": "0_71",
        "camera": "R0 - Red (Point)",
        "frame": "0260",
        "image": "pano_camera0/frame_0260_hp_preview.jpg",
        "frameId": "0260",
        "height": 1.43,
        "coords2D": "2D: (0.221, 0.643)",
        "coords3D": "3D: (0.221, 0.643, 1.430)",
        "easting": 397932.8063430044,
        "northing": 808222.2773226143,
        "longitude": 174.74099933414357,
        "latitude": -36.80562109527738,
        "group": "R0 - Red (229 points)",
        "canvasX": 714.04,
        "canvasY": 498.23
      }
    },
    {
      "type": "Feature",
      "geometry": {
        "type": "Point",
        "coordinates": [
          174.74099949703202,
          -36.80562114382599,
          1.423
        ]
      },
      "properties": {
        "id": "0_72",
        "camera": "R0 - Red (Point)",
        "frame": "0261",
        "image": "pano_camera0/frame_0261_hp_preview.jpg",
        "frameId": "0261",
        "height": 1.423,
        "coords2D": "2D: (0.219, 0.646)",
        "coords3D": "3D: (0.219, 0.646, 1.423)",
        "easting": 397932.8208786521,
        "northing": 808222.2719390411,
        "longitude": 174.74099949703202,
        "latitude": -36.80562114382599,
        "group": "R0 - Red (229 points)",
        "canvasX": 714.31,
        "canvasY": 498.33
      }
    },
    {
      "type": "Feature",
      "geometry": {
        "type": "Point",
        "coordinates": [
          174.74100785325157,
          -36.805621489923226,
          1.164
        ]
      },
      "properties": {
        "id": "0_73",
        "camera": "R0 - Red (Point)",
        "frame": "0262",
        "image": "pano_camera0/frame_0262_hp_preview.jpg",
        "frameId": "0262",
        "height": 1.164,
        "coords2D": "2D: (0.005, 0.906)",
        "coords3D": "3D: (0.005, 0.906, 1.164)",
        "easting": 397933.56650354306,
        "northing": 808222.2337156712,
        "longitude": 174.74100785325157,
        "latitude": -36.805621489923226,
        "group": "R0 - Red (229 points)",
        "canvasX": 728.16,
        "canvasY": 499.03999999999996
      }
    },
    {
      "type": "Feature",
      "geometry": {
        "type": "Point",
        "coordinates": [
          174.74100814891094,
          -36.80562142205718,
          1.157
        ]
      },
      "properties": {
        "id": "0_74",
        "camera": "R0 - Red (Point)",
        "frame": "0263",
        "image": "pano_camera0/frame_0263_hp_preview.jpg",
        "frameId": "0263",
        "height": 1.157,
        "coords2D": "2D: (-0.006, 0.915)",
        "coords3D": "3D: (-0.006, 0.915, 1.157)",
        "easting": 397933.59288305184,
        "northing": 808222.2412526738,
        "longitude": 174.74100814891094,
        "latitude": -36.80562142205718,
        "group": "R0 - Red (229 points)",
        "canvasX": 728.65,
        "canvasY": 498.9
      }
    },
    {
      "type": "Feature",
      "geometry": {
        "type": "Point",
        "coordinates": [
          174.74101243257758,
          -36.80562168973402,
          1.021
        ]
      },
      "properties": {
        "id": "0_75",
        "camera": "R0 - Red (Point)",
        "frame": "0264",
        "image": "pano_camera0/frame_0264_hp_preview.jpg",
        "frameId": "0264",
        "height": 1.021,
        "coords2D": "2D: (-0.112, 1.060)",
        "coords3D": "3D: (-0.112, 1.060, 1.021)",
        "easting": 397933.97511675046,
        "northing": 808222.2116430211,
        "longitude": 174.74101243257758,
        "latitude": -36.80562168973402,
        "group": "R0 - Red (229 points)",
        "canvasX": 735.75,
        "canvasY": 499.45
      }
    },
    {
      "type": "Feature",
      "geometry": {
        "type": "Point",
        "coordinates": [
          174.74101892446373,
          -36.80562203061584,
          0.817
        ]
      },
      "properties": {
        "id": "0_76",
        "camera": "R0 - Red (Point)",
        "frame": "0265",
        "image": "pano_camera0/frame_0265_hp_preview.jpg",
        "frameId": "0265",
        "height": 0.817,
        "coords2D": "2D: (-0.275, 1.238)",
        "coords3D": "3D: (-0.275, 1.238, 0.817)",
        "easting": 397934.5543892289,
        "northing": 808222.1739580085,
        "longitude": 174.74101892446373,
        "latitude": -36.80562203061584,
        "group": "R0 - Red (229 points)",
        "canvasX": 746.51,
        "canvasY": 500.15
      }
    },
    {
      "type": "Feature",
      "geometry": {
        "type": "Point",
        "coordinates": [
          174.74102384101744,
          -36.80562437493758,
          0.591
        ]
      },
      "properties": {
        "id": "0_77",
        "camera": "R0 - Red (Point)",
        "frame": "0266",
        "image": "pano_camera0/frame_0266_hp_preview.jpg",
        "frameId": "0266",
        "height": 0.591,
        "coords2D": "2D: (-0.322, 1.374)",
        "coords3D": "3D: (-0.322, 1.374, 0.591)",
        "easting": 397934.99315044633,
        "northing": 808221.913931422,
        "longitude": 174.74102384101744,
        "latitude": -36.80562437493758,
        "group": "R0 - Red (229 points)",
        "canvasX": 754.66,
        "canvasY": 504.98
      }
    },
    {
      "type": "Feature",
      "geometry": {
        "type": "Point",
        "coordinates": [
          174.74102746018474,
          -36.805627369132786,
          0.383
        ]
      },
      "properties": {
        "id": "0_78",
        "camera": "R0 - Red (Point)",
        "frame": "0267",
        "image": "pano_camera0/frame_0267_hp_preview.jpg",
        "frameId": "0267",
        "height": 0.383,
        "coords2D": "2D: (-0.309, 1.451)",
        "coords3D": "3D: (-0.309, 1.451, 0.383)",
        "easting": 397935.31616483955,
        "northing": 808221.5817649544,
        "longitude": 174.74102746018474,
        "latitude": -36.805627369132786,
        "group": "R0 - Red (229 points)",
        "canvasX": 760.66,
        "canvasY": 511.15
      }
    },
    {
      "type": "Feature",
      "geometry": {
        "type": "Point",
        "coordinates": [
          174.74102835732907,
          -36.8056334824332,
          0.15
        ]
      },
      "properties": {
        "id": "0_79",
        "camera": "R0 - Red (Point)",
        "frame": "0268",
        "image": "pano_camera0/frame_0268_hp_preview.jpg",
        "frameId": "0268",
        "height": 0.15,
        "coords2D": "2D: (-0.108, 1.447)",
        "coords3D": "3D: (-0.108, 1.447, 0.150)",
        "easting": 397935.39638008055,
        "northing": 808220.9034347286,
        "longitude": 174.74102835732907,
        "latitude": -36.8056334824332,
        "group": "R0 - Red (229 points)",
        "canvasX": 762.15,
        "canvasY": 523.75
      }
    },
    {
      "type": "Feature",
      "geometry": {
        "type": "Point",
        "coordinates": [
          174.74102881273416,
          -36.80564390879759,
          -0.215
        ]
      },
      "properties": {
        "id": "0_80",
        "camera": "R0 - Red (Point)",
        "frame": "0269",
        "image": "pano_camera0/frame_0269_hp_preview.jpg",
        "frameId": "0269",
        "height": -0.215,
        "coords2D": "2D: (0.265, 1.457)",
        "coords3D": "3D: (0.265, 1.457, -0.215)",
        "easting": 397935.43729523703,
        "northing": 808219.7465048436,
        "longitude": 174.74102881273416,
        "latitude": -36.80564390879759,
        "group": "R0 - Red (229 points)",
        "canvasX": 762.91,
        "canvasY": 545.24
      }
    },
    {
      "type": "Feature",
      "geometry": {
        "type": "Point",
        "coordinates": [
          174.74102853977362,
          -36.805648745876596,
          -0.37
        ]
      },
      "properties": {
        "id": "0_81",
        "camera": "R0 - Red (Point)",
        "frame": "0270",
        "image": "pano_camera0/frame_0270_hp_preview.jpg",
        "frameId": "0270",
        "height": -0.37,
        "coords2D": "2D: (0.451, 1.476)",
        "coords3D": "3D: (0.451, 1.476, -0.370)",
        "easting": 397935.4130691575,
        "northing": 808219.2097625936,
        "longitude": 174.74102853977362,
        "latitude": -36.805648745876596,
        "group": "R0 - Red (229 points)",
        "canvasX": 762.4599999999999,
        "canvasY": 555.21
      }
    },
    {
      "type": "Feature",
      "geometry": {
        "type": "Point",
        "coordinates": [
          174.74102719765176,
          -36.80565770668172,
          -0.632
        ]
      },
      "properties": {
        "id": "0_82",
        "camera": "R0 - Red (Point)",
        "frame": "0271",
        "image": "pano_camera0/frame_0271_hp_preview.jpg",
        "frameId": "0271",
        "height": -0.632,
        "coords2D": "2D: (0.818, 1.472)",
        "coords3D": "3D: (0.818, 1.472, -0.632)",
        "easting": 397935.29355383205,
        "northing": 808218.2154166199,
        "longitude": 174.74102719765176,
        "latitude": -36.80565770668172,
        "group": "R0 - Red (229 points)",
        "canvasX": 760.24,
        "canvasY": 573.68
      }
    },
    {
      "type": "Feature",
      "geometry": {
        "type": "Point",
        "coordinates": [
          174.74102607893803,
          -36.805666099882885,
          -0.882
        ]
      },
      "properties": {
        "id": "0_83",
        "camera": "R0 - Red (Point)",
        "frame": "0272",
        "image": "pano_camera0/frame_0272_hp_preview.jpg",
        "frameId": "0272",
        "height": -0.882,
        "coords2D": "2D: (1.158, 1.477)",
        "coords3D": "3D: (1.158, 1.477, -0.882)",
        "easting": 397935.19395772746,
        "northing": 808217.2840584528,
        "longitude": 174.74102607893803,
        "latitude": -36.805666099882885,
        "group": "R0 - Red (229 points)",
        "canvasX": 758.39,
        "canvasY": 590.98
      }
    },
    {
      "type": "Feature",
      "geometry": {
        "type": "Point",
        "coordinates": [
          174.74102570948878,
          -36.80567078168911,
          -1.029
        ]
      },
      "properties": {
        "id": "0_84",
        "camera": "R0 - Red (Point)",
        "frame": "0273",
        "image": "pano_camera0/frame_0273_hp_preview.jpg",
        "frameId": "0273",
        "height": -1.029,
        "coords2D": "2D: (1.341, 1.488)",
        "coords3D": "3D: (1.341, 1.488, -1.029)",
        "easting": 397935.16111793084,
        "northing": 808216.764543637,
        "longitude": 174.74102570948878,
        "latitude": -36.80567078168911,
        "group": "R0 - Red (229 points)",
        "canvasX": 757.78,
        "canvasY": 600.63
      }
    },
    {
      "type": "Feature",
      "geometry": {
        "type": "Point",
        "coordinates": [
          174.741024082061,
          -36.80568550139129,
          -1.477
        ]
      },
      "properties": {
        "id": "0_85",
        "camera": "R0 - Red (Point)",
        "frame": "0274",
        "image": "pano_camera0/frame_0274_hp_preview.jpg",
        "frameId": "0274",
        "height": -1.477,
        "coords2D": "2D: (1.929, 1.487)",
        "coords3D": "3D: (1.929, 1.487, -1.477)",
        "easting": 397935.0162998112,
        "northing": 808215.131167522,
        "longitude": 174.741024082061,
        "latitude": -36.80568550139129,
        "group": "R0 - Red (229 points)",
        "canvasX": 755.0899999999999,
        "canvasY": 630.97
      }
    },
    {
      "type": "Feature",
      "geometry": {
        "type": "Point",
        "coordinates": [
          174.74102414190784,
          -36.805687121866455,
          -1.533
        ]
      },
      "properties": {
        "id": "0_86",
        "camera": "R0 - Red (Point)",
        "frame": "0275",
        "image": "pano_camera0/frame_0275_hp_preview.jpg",
        "frameId": "0275",
        "height": -1.533,
        "coords2D": "2D: (1.987, 1.491)",
        "coords3D": "3D: (1.987, 1.491, -1.533)",
        "easting": 397935.02168338443,
        "northing": 808214.9513561765,
        "longitude": 174.74102414190784,
        "latitude": -36.805687121866455,
        "group": "R0 - Red (229 points)",
        "canvasX": 755.1899999999999,
        "canvasY": 634.31
      }
    },
    {
      "type": "Feature",
      "geometry": {
        "type": "Point",
        "coordinates": [
          174.74102310054485,
          -36.80569911503446,
          -1.907
        ]
      },
      "properties": {
        "id": "0_87",
        "camera": "R0 - Red (Point)",
        "frame": "0276",
        "image": "pano_camera0/frame_0276_hp_preview.jpg",
        "frameId": "0276",
        "height": -1.907,
        "coords2D": "2D: (2.458, 1.498)",
        "coords3D": "3D: (2.458, 1.498, -1.907)",
        "easting": 397934.92908592505,
        "northing": 808213.6205368765,
        "longitude": 174.74102310054485,
        "latitude": -36.80569911503446,
        "group": "R0 - Red (229 points)",
        "canvasX": 753.4699999999999,
        "canvasY": 659.03
      }
    },
    {
      "type": "Feature",
      "geometry": {
        "type": "Point",
        "coordinates": [
          174.74102311751366,
          -36.80570287509529,
          -2.034
        ]
      },
      "properties": {
        "id": "0_88",
        "camera": "R0 - Red (Point)",
        "frame": "0277",
        "image": "pano_camera0/frame_0277_hp_preview.jpg",
        "frameId": "0277",
        "height": -2.034,
        "coords2D": "2D: (2.597, 1.504)",
        "coords3D": "3D: (2.597, 1.504, -2.034)",
        "easting": 397934.930700997,
        "northing": 808213.203309952,
        "longitude": 174.74102311751366,
        "latitude": -36.80570287509529,
        "group": "R0 - Red (229 points)",
        "canvasX": 753.5,
        "canvasY": 666.78
      }
    },
    {
      "type": "Feature",
      "geometry": {
        "type": "Point",
        "coordinates": [
          174.7410235906465,
          -36.805714538643244,
          -2.441
        ]
      },
      "properties": {
        "id": "0_89",
        "camera": "R0 - Red (Point)",
        "frame": "0278",
        "image": "pano_camera0/frame_0278_hp_preview.jpg",
        "frameId": "0278",
        "height": -2.441,
        "coords2D": "2D: (3.014, 1.525)",
        "coords3D": "3D: (3.014, 1.525, -2.441)",
        "easting": 397934.97323122545,
        "northing": 808211.9090989499,
        "longitude": 174.7410235906465,
        "latitude": -36.805714538643244,
        "group": "R0 - Red (229 points)",
        "canvasX": 754.29,
        "canvasY": 690.8199999999999
      }
    },
    {
      "type": "Feature",
      "geometry": {
        "type": "Point",
        "coordinates": [
          174.74102273818323,
          -36.805720341095174,
          -2.611
        ]
      },
      "properties": {
        "id": "0_90",
        "camera": "R0 - Red (Point)",
        "frame": "0279",
        "image": "pano_camera0/frame_0279_hp_preview.jpg",
        "frameId": "0279",
        "height": -2.611,
        "coords2D": "2D: (3.252, 1.523)",
        "coords3D": "3D: (3.252, 1.523, -2.611)",
        "easting": 397934.897322843,
        "northing": 808211.2652235928,
        "longitude": 174.74102273818323,
        "latitude": -36.805720341095174,
        "group": "R0 - Red (229 points)",
        "canvasX": 752.88,
        "canvasY": 702.78
      }
    },
    {
      "type": "Feature",
      "geometry": {
        "type": "Point",
        "coordinates": [
          174.74102217244192,
          -36.80573572568494,
          -3.113
        ]
      },
      "properties": {
        "id": "0_91",
        "camera": "R0 - Red (Point)",
        "frame": "0280",
        "image": "pano_camera0/frame_0280_hp_preview.jpg",
        "frameId": "0280",
        "height": -3.113,
        "coords2D": "2D: (3.835, 1.533)",
        "coords3D": "3D: (3.835, 1.533, -3.113)",
        "easting": 397934.8472556121,
        "northing": 808209.5580925248,
        "longitude": 174.74102217244192,
        "latitude": -36.80573572568494,
        "group": "R0 - Red (229 points)",
        "canvasX": 751.9499999999999,
        "canvasY": 734.49
      }
    },
    {
      "type": "Feature",
      "geometry": {
        "type": "Point",
        "coordinates": [
          174.74102179150046,
          -36.805738495924146,
          -3.196
        ]
      },
      "properties": {
        "id": "0_92",
        "camera": "R0 - Red (Point)",
        "frame": "0281",
        "image": "pano_camera0/frame_0281_hp_preview.jpg",
        "frameId": "0281",
        "height": -3.196,
        "coords2D": "2D: (3.948, 1.531)",
        "coords3D": "3D: (3.948, 1.531, -3.196)",
        "easting": 397934.8133391008,
        "northing": 808209.2506904938,
        "longitude": 174.74102179150046,
        "latitude": -36.805738495924146,
        "group": "R0 - Red (229 points)",
        "canvasX": 751.3199999999999,
        "canvasY": 740.2
      }
    },
    {
      "type": "Feature",
      "geometry": {
        "type": "Point",
        "coordinates": [
          174.74102207377626,
          -36.805742804277244,
          -3.349
        ]
      },
      "properties": {
        "id": "0_93",
        "camera": "R0 - Red (Point)",
        "frame": "0282",
        "image": "pano_camera0/frame_0282_hp_preview.jpg",
        "frameId": "0282",
        "height": -3.349,
        "coords2D": "2D: (4.099, 1.528)",
        "coords3D": "3D: (4.099, 1.528, -3.349)",
        "easting": 397934.8386418949,
        "northing": 808208.7726291919,
        "longitude": 174.74102207377626,
        "latitude": -36.805742804277244,
        "group": "R0 - Red (229 points)",
        "canvasX": 751.79,
        "canvasY": 749.0799999999999
      }
    },
    {
      "type": "Feature",
      "geometry": {
        "type": "Point",
        "coordinates": [
          174.74102508317435,
          -36.80574711316101,
          -3.584
        ]
      },
      "properties": {
        "id": "0_94",
        "camera": "R0 - Red (Point)",
        "frame": "0283",
        "image": "pano_camera0/frame_0283_hp_preview.jpg",
        "frameId": "0283",
        "height": -3.584,
        "coords2D": "2D: (4.177, 1.528)",
        "coords3D": "3D: (4.177, 1.528, -3.584)",
        "easting": 397935.1072821986,
        "northing": 808208.29456789,
        "longitude": 174.74102508317435,
        "latitude": -36.80574711316101,
        "group": "R0 - Red (229 points)",
        "canvasX": 756.78,
        "canvasY": 757.96
      }
    },
    {
      "type": "Feature",
      "geometry": {
        "type": "Point",
        "coordinates": [
          174.74103520050863,
          -36.805749681671685,
          -3.971
        ]
      },
      "properties": {
        "id": "0_95",
        "camera": "R0 - Red (Point)",
        "frame": "0284",
        "image": "pano_camera0/frame_0284_hp_preview.jpg",
        "frameId": "0284",
        "height": -3.971,
        "coords2D": "2D: (3.997, 1.524)",
        "coords3D": "3D: (3.997, 1.524, -3.971)",
        "easting": 397936.0101074276,
        "northing": 808208.0097768666,
        "longitude": 174.74103520050863,
        "latitude": -36.805749681671685,
        "group": "R0 - Red (229 points)",
        "canvasX": 773.55,
        "canvasY": 763.25
      }
    },
    {
      "type": "Feature",
      "geometry": {
        "type": "Point",
        "coordinates": [
          174.741036310723,
          -36.80574948782012,
          -3.997
        ]
      },
      "properties": {
        "id": "0_96",
        "camera": "R0 - Red (Point)",
        "frame": "0285",
        "image": "pano_camera0/frame_0285_hp_preview.jpg",
        "frameId": "0285",
        "height": -3.997,
        "coords2D": "2D: (3.960, 1.522)",
        "coords3D": "3D: (3.960, 1.522, -3.997)",
        "easting": 397936.1091651749,
        "northing": 808208.0313111595,
        "longitude": 174.741036310723,
        "latitude": -36.80574948782012,
        "group": "R0 - Red (229 points)",
        "canvasX": 775.39,
        "canvasY": 762.85
      }
    },
    {
      "type": "Feature",
      "geometry": {
        "type": "Point",
        "coordinates": [
          174.74104435965737,
          -36.80574848023434,
          -4.202
        ]
      },
      "properties": {
        "id": "0_97",
        "camera": "R0 - Red (Point)",
        "frame": "0286",
        "image": "pano_camera0/frame_0286_hp_preview.jpg",
        "frameId": "0286",
        "height": -4.202,
        "coords2D": "2D: (3.705, 1.524)",
        "coords3D": "3D: (3.705, 1.524, -4.202)",
        "easting": 397936.8273338424,
        "northing": 808208.1432894825,
        "longitude": 174.74104435965737,
        "latitude": -36.80574848023434,
        "group": "R0 - Red (229 points)",
        "canvasX": 788.7299999999999,
        "canvasY": 760.77
      }
    },
    {
      "type": "Feature",
      "geometry": {
        "type": "Point",
        "coordinates": [
          174.74104785388914,
          -36.80574561841824,
          -4.21
        ]
      },
      "properties": {
        "id": "0_98",
        "camera": "R0 - Red (Point)",
        "frame": "0287",
        "image": "pano_camera0/frame_0287_hp_preview.jpg",
        "frameId": "0287",
        "height": -4.21,
        "coords2D": "2D: (3.504, 1.540)",
        "coords3D": "3D: (3.504, 1.540, -4.210)",
        "easting": 397937.13904273184,
        "northing": 808208.4609203024,
        "longitude": 174.74104785388914,
        "latitude": -36.80574561841824,
        "group": "R0 - Red (229 points)",
        "canvasX": 794.52,
        "canvasY": 754.87
      }
    },
    {
      "type": "Feature",
      "geometry": {
        "type": "Point",
        "coordinates": [
          174.7410525007514,
          -36.80574195629768,
          -4.224
        ]
      },
      "properties": {
        "id": "0_99",
        "camera": "R0 - Red (Point)",
        "frame": "0288",
        "image": "pano_camera0/frame_0288_hp_preview.jpg",
        "frameId": "0288",
        "height": -4.224,
        "coords2D": "2D: (3.243, 1.550)",
        "coords3D": "3D: (3.243, 1.550, -4.224)",
        "easting": 397937.5535778698,
        "northing": 808208.8673800806,
        "longitude": 174.7410525007514,
        "latitude": -36.80574195629768,
        "group": "R0 - Red (229 points)",
        "canvasX": 802.2199999999999,
        "canvasY": 747.3199999999999
      }
    },
    {
      "type": "Feature",
      "geometry": {
        "type": "Point",
        "coordinates": [
          174.74105648924774,
          -36.80574068593075,
          -4.3
        ]
      },
      "properties": {
        "id": "0_100",
        "camera": "R0 - Red (Point)",
        "frame": "0289",
        "image": "pano_camera0/frame_0289_hp_preview.jpg",
        "frameId": "0289",
        "height": -4.3,
        "coords2D": "2D: (3.088, 1.557)",
        "coords3D": "3D: (3.088, 1.557, -4.300)",
        "easting": 397937.9094320596,
        "northing": 808209.008429699,
        "longitude": 174.74105648924774,
        "latitude": -36.80574068593075,
        "group": "R0 - Red (229 points)",
        "canvasX": 808.8299999999999,
        "canvasY": 744.7
      }
    },
    {
      "type": "Feature",
      "geometry": {
        "type": "Point",
        "coordinates": [
          174.74106293242318,
          -36.80574253567539,
          -4.553
        ]
      },
      "properties": {
        "id": "0_101",
        "camera": "R0 - Red (Point)",
        "frame": "0290",
        "image": "pano_camera0/frame_0290_hp_preview.jpg",
        "frameId": "0290",
        "height": -4.553,
        "coords2D": "2D: (2.981, 1.558)",
        "coords3D": "3D: (2.981, 1.558, -4.553)",
        "easting": 397938.48439767957,
        "northing": 808208.8033155593,
        "longitude": 174.74106293242318,
        "latitude": -36.80574253567539,
        "group": "R0 - Red (229 points)",
        "canvasX": 819.51,
        "canvasY": 748.51
      }
    },
    {
      "type": "Feature",
      "geometry": {
        "type": "Point",
        "coordinates": [
          174.7410746295082,
          -36.80574848611551,
          -5.101
        ]
      },
      "properties": {
        "id": "0_102",
        "camera": "R0 - Red (Point)",
        "frame": "0291",
        "image": "pano_camera0/frame_0291_hp_preview.jpg",
        "frameId": "0291",
        "height": -5.101,
        "coords2D": "2D: (2.884, 1.555)",
        "coords3D": "3D: (2.884, 1.555, -5.101)",
        "easting": 397939.5282725269,
        "northing": 808208.1432894825,
        "longitude": 174.7410746295082,
        "latitude": -36.80574848611551,
        "group": "R0 - Red (229 points)",
        "canvasX": 838.9,
        "canvasY": 760.77
      }
    },
    {
      "type": "Feature",
      "geometry": {
        "type": "Point",
        "coordinates": [
          174.74107962464063,
          -36.80575038409494,
          -5.314
        ]
      },
      "properties": {
        "id": "0_103",
        "camera": "R0 - Red (Point)",
        "frame": "0292",
        "image": "pano_camera0/frame_0292_hp_preview.jpg",
        "frameId": "0292",
        "height": -5.314,
        "coords2D": "2D: (2.819, 1.557)",
        "coords3D": "3D: (2.819, 1.557, -5.314)",
        "easting": 397939.9740323895,
        "northing": 808207.9327917696,
        "longitude": 174.74107962464063,
        "latitude": -36.80575038409494,
        "group": "R0 - Red (229 points)",
        "canvasX": 847.18,
        "canvasY": 764.68
      }
    },
    {
      "type": "Feature",
      "geometry": {
        "type": "Point",
        "coordinates": [
          174.74108360016135,
          -36.80575214117733,
          -5.491
        ]
      },
      "properties": {
        "id": "0_104",
        "camera": "R0 - Red (Point)",
        "frame": "0293",
        "image": "pano_camera0/frame_0293_hp_preview.jpg",
        "frameId": "0293",
        "height": -5.491,
        "coords2D": "2D: (2.776, 1.554)",
        "coords3D": "3D: (2.776, 1.554, -5.491)",
        "easting": 397940.32880986476,
        "northing": 808207.737906419,
        "longitude": 174.74108360016135,
        "latitude": -36.80575214117733,
        "group": "R0 - Red (229 points)",
        "canvasX": 853.77,
        "canvasY": 768.3
      }
    },
    {
      "type": "Feature",
      "geometry": {
        "type": "Point",
        "coordinates": [
          174.74109949856424,
          -36.805751329178534,
          -5.936
        ]
      },
      "properties": {
        "id": "0_105",
        "camera": "R0 - Red (Point)",
        "frame": "0294",
        "image": "pano_camera0/frame_0294_hp_preview.jpg",
        "frameId": "0294",
        "height": -5.936,
        "coords2D": "2D: (2.315, 1.546)",
        "coords3D": "3D: (2.315, 1.546, -5.936)",
        "easting": 397941.74738140823,
        "northing": 808207.8283504491,
        "longitude": 174.74109949856424,
        "latitude": -36.805751329178534,
        "group": "R0 - Red (229 points)",
        "canvasX": 880.1199999999999,
        "canvasY": 766.62
      }
    },
    {
      "type": "Feature",
      "geometry": {
        "type": "Point",
        "coordinates": [
          174.7411005606258,
          -36.80575075203376,
          -5.948
        ]
      },
      "properties": {
        "id": "0_106",
        "camera": "R0 - Red (Point)",
        "frame": "0295",
        "image": "pano_camera0/frame_0295_hp_preview.jpg",
        "frameId": "0295",
        "height": -5.948,
        "coords2D": "2D: (2.265, 1.548)",
        "coords3D": "3D: (2.265, 1.548, -5.948)",
        "easting": 397941.8421322969,
        "northing": 808207.8924149704,
        "longitude": 174.7411005606258,
        "latitude": -36.80575075203376,
        "group": "R0 - Red (229 points)",
        "canvasX": 881.8799999999999,
        "canvasY": 765.43
      }
    },
    {
      "type": "Feature",
      "geometry": {
        "type": "Point",
        "coordinates": [
          174.74110608441887,
          -36.805740147316925,
          -5.754
        ]
      },
      "properties": {
        "id": "0_107",
        "camera": "R0 - Red (Point)",
        "frame": "0296",
        "image": "pano_camera0/frame_0296_hp_preview.jpg",
        "frameId": "0296",
        "height": -5.754,
        "coords2D": "2D: (1.723, 1.541)",
        "coords3D": "3D: (1.723, 1.541, -5.754)",
        "easting": 397942.3347292465,
        "northing": 808209.0692640763,
        "longitude": 174.74110608441887,
        "latitude": -36.805740147316925,
        "group": "R0 - Red (229 points)",
        "canvasX": 891.03,
        "canvasY": 743.5699999999999
      }
    },
    {
      "type": "Feature",
      "geometry": {
        "type": "Point",
        "coordinates": [
          174.74110139222955,
          -36.80573401387451,
          -5.408
        ]
      },
      "properties": {
        "id": "0_108",
        "camera": "R0 - Red (Point)",
        "frame": "0297",
        "image": "pano_camera0/frame_0297_hp_preview.jpg",
        "frameId": "0297",
        "height": -5.408,
        "coords2D": "2D: (1.624, 1.542)",
        "coords3D": "3D: (1.624, 1.542, -5.408)",
        "easting": 397941.91588725,
        "northing": 808209.7497477314,
        "longitude": 174.74110139222955,
        "latitude": -36.80573401387451,
        "group": "R0 - Red (229 points)",
        "canvasX": 883.25,
        "canvasY": 730.93
      }
    },
    {
      "type": "Feature",
      "geometry": {
        "type": "Point",
        "coordinates": [
          174.74109615052942,
          -36.80572943771688,
          -5.098
        ]
      },
      "properties": {
        "id": "0_109",
        "camera": "R0 - Red (Point)",
        "frame": "0298",
        "image": "pano_camera0/frame_0298_hp_preview.jpg",
        "frameId": "0298",
        "height": -5.098,
        "coords2D": "2D: (1.597, 1.527)",
        "coords3D": "3D: (1.597, 1.527, -5.098)",
        "easting": 397941.4480547372,
        "northing": 808210.257418686,
        "longitude": 174.74109615052942,
        "latitude": -36.80572943771688,
        "group": "R0 - Red (229 points)",
        "canvasX": 874.56,
        "canvasY": 721.5
      }
    },
    {
      "type": "Feature",
      "geometry": {
        "type": "Point",
        "coordinates": [
          174.74109189797437,
          -36.80572600189738,
          -4.856
        ]
      },
      "properties": {
        "id": "0_110",
        "camera": "R0 - Red (Point)",
        "frame": "0299",
        "image": "pano_camera0/frame_0299_hp_preview.jpg",
        "frameId": "0299",
        "height": -4.856,
        "coords2D": "2D: (1.586, 1.530)",
        "coords3D": "3D: (1.586, 1.530, -4.856)",
        "easting": 397941.0685128252,
        "northing": 808210.63857567,
        "longitude": 174.74109189797437,
        "latitude": -36.80572600189738,
        "group": "R0 - Red (229 points)",
        "canvasX": 867.51,
        "canvasY": 714.42
      }
    },
    {
      "type": "Feature",
      "geometry": {
        "type": "Point",
        "coordinates": [
          174.74108391771765,
          -36.8057193244273,
          -4.394
        ]
      },
      "properties": {
        "id": "0_111",
        "camera": "R0 - Red (Point)",
        "frame": "0300",
        "image": "pano_camera0/frame_0300_hp_preview.jpg",
        "frameId": "0300",
        "height": -4.394,
        "coords2D": "2D: (1.555, 1.530)",
        "coords3D": "3D: (1.555, 1.530, -4.394)",
        "easting": 397940.35626608814,
        "northing": 808211.379355345,
        "longitude": 174.74108391771765,
        "latitude": -36.8057193244273,
        "group": "R0 - Red (229 points)",
        "canvasX": 854.28,
        "canvasY": 700.66
      }
    },
    {
      "type": "Feature",
      "geometry": {
        "type": "Point",
        "coordinates": [
          174.74107807863768,
          -36.8057149810339,
          -4.074
        ]
      },
      "properties": {
        "id": "0_112",
        "camera": "R0 - Red (Point)",
        "frame": "0301",
        "image": "pano_camera0/frame_0301_hp_preview.jpg",
        "frameId": "0301",
        "height": -4.074,
        "coords2D": "2D: (1.553, 1.511)",
        "coords3D": "3D: (1.553, 1.511, -4.074)",
        "easting": 397939.8351362005,
        "northing": 808211.8611851482,
        "longitude": 174.74107807863768,
        "latitude": -36.8057149810339,
        "group": "R0 - Red (229 points)",
        "canvasX": 844.5999999999999,
        "canvasY": 691.71
      }
    },
    {
      "type": "Feature",
      "geometry": {
        "type": "Point",
        "coordinates": [
          174.74107166623904,
          -36.805711108142525,
          -3.753
        ]
      },
      "properties": {
        "id": "0_113",
        "camera": "R0 - Red (Middle)",
        "frame": "0302",
        "image": "pano_camera0/frame_0302_hp_preview.jpg",
        "frameId": "0302",
        "height": -3.753,
        "coords2D": "2D: (1.584, 1.503)",
        "coords3D": "3D: (1.584, 1.503, -3.753)",
        "easting": 397939.26286236715,
        "northing": 808212.2907942912,
        "longitude": 174.74107166623904,
        "latitude": -36.805711108142525,
        "group": "R0 - Red (229 points)",
        "canvasX": 833.9699999999999,
        "canvasY": 683.73
      }
    },
    {
      "type": "Feature",
      "geometry": {
        "type": "Point",
        "coordinates": [
          174.74106169420276,
          -36.80570690464458,
          -3.315
        ]
      },
      "properties": {
        "id": "0_114",
        "camera": "R0 - Red (Point)",
        "frame": "0303",
        "image": "pano_camera0/frame_0303_hp_preview.jpg",
        "frameId": "0303",
        "height": -3.315,
        "coords2D": "2D: (1.699, 1.511)",
        "coords3D": "3D: (1.699, 1.511, -3.315)",
        "easting": 397938.3729577139,
        "northing": 808212.7570117321,
        "longitude": 174.74106169420276,
        "latitude": -36.80570690464458,
        "group": "R0 - Red (229 points)",
        "canvasX": 817.4399999999999,
        "canvasY": 675.0699999999999
      }
    },
    {
      "type": "Feature",
      "geometry": {
        "type": "Point",
        "coordinates": [
          174.74105674142294,
          -36.80570462338931,
          -3.091
        ]
      },
      "properties": {
        "id": "0_115",
        "camera": "R0 - Red (Point)",
        "frame": "0304",
        "image": "pano_camera0/frame_0304_hp_preview.jpg",
        "frameId": "0304",
        "height": -3.091,
        "coords2D": "2D: (1.749, 1.503)",
        "coords3D": "3D: (1.749, 1.503, -3.091)",
        "easting": 397937.9309663525,
        "northing": 808213.0100396734,
        "longitude": 174.74105674142294,
        "latitude": -36.80570462338931,
        "group": "R0 - Red (229 points)",
        "canvasX": 809.2299999999999,
        "canvasY": 670.37
      }
    },
    {
      "type": "Feature",
      "geometry": {
        "type": "Point",
        "coordinates": [
          174.7410459554615,
          -36.8056984596503,
          -2.563
        ]
      },
      "properties": {
        "id": "0_116",
        "camera": "R0 - Red (Point)",
        "frame": "0305",
        "image": "pano_camera0/frame_0305_hp_preview.jpg",
        "frameId": "0305",
        "height": -2.563,
        "coords2D": "2D: (1.814, 1.491)",
        "coords3D": "3D: (1.814, 1.491, -2.563)",
        "easting": 397936.9683834608,
        "northing": 808213.6937534723,
        "longitude": 174.7410459554615,
        "latitude": -36.8056984596503,
        "group": "R0 - Red (229 points)",
        "canvasX": 791.3499999999999,
        "canvasY": 657.67
      }
    },
    {
      "type": "Feature",
      "geometry": {
        "type": "Point",
        "coordinates": [
          174.7410373300277,
          -36.80569046724443,
          -2.038
        ]
      },
      "properties": {
        "id": "0_117",
        "camera": "R0 - Red (Point)",
        "frame": "0306",
        "image": "pano_camera0/frame_0306_hp_preview.jpg",
        "frameId": "0306",
        "height": -2.038,
        "coords2D": "2D: (1.753, 1.475)",
        "coords3D": "3D: (1.753, 1.475, -2.038)",
        "easting": 397936.1985324903,
        "northing": 808214.5804279817,
        "longitude": 174.7410373300277,
        "latitude": -36.80569046724443,
        "group": "R0 - Red (229 points)",
        "canvasX": 777.05,
        "canvasY": 641.2
      }
    },
    {
      "type": "Feature",
      "geometry": {
        "type": "Point",
        "coordinates": [
          174.7410328549957,
          -36.8056845182056,
          -1.704
        ]
      },
      "properties": {
        "id": "0_118",
        "camera": "R0 - Red (Point)",
        "frame": "0307",
        "image": "pano_camera0/frame_0307_hp_preview.jpg",
        "frameId": "0307",
        "height": -1.704,
        "coords2D": "2D: (1.655, 1.466)",
        "coords3D": "3D: (1.655, 1.466, -1.704)",
        "easting": 397935.7990713574,
        "northing": 808215.2404540585,
        "longitude": 174.7410328549957,
        "latitude": -36.8056845182056,
        "group": "R0 - Red (229 points)",
        "canvasX": 769.63,
        "canvasY": 628.94
      }
    },
    {
      "type": "Feature",
      "geometry": {
        "type": "Point",
        "coordinates": [
          174.74103220389668,
          -36.80568281028506,
          -1.627
        ]
      },
      "properties": {
        "id": "0_119",
        "camera": "R0 - Red (Point)",
        "frame": "0308",
        "image": "pano_camera0/frame_0308_hp_preview.jpg",
        "frameId": "0308",
        "height": -1.627,
        "coords2D": "2D: (1.609, 1.471)",
        "coords3D": "3D: (1.609, 1.471, -1.627)",
        "easting": 397935.7409287666,
        "northing": 808215.4299558358,
        "longitude": 174.74103220389668,
        "latitude": -36.80568281028506,
        "group": "R0 - Red (229 points)",
        "canvasX": 768.55,
        "canvasY": 625.42
      }
    },
    {
      "type": "Feature",
      "geometry": {
        "type": "Point",
        "coordinates": [
          174.74103340741394,
          -36.80567330121234,
          -1.342
        ]
      },
      "properties": {
        "id": "0_120",
        "camera": "R0 - Red (Point)",
        "frame": "0309",
        "image": "pano_camera0/frame_0309_hp_preview.jpg",
        "frameId": "0309",
        "height": -1.342,
        "coords2D": "2D: (1.225, 1.470)",
        "coords3D": "3D: (1.225, 1.470, -1.342)",
        "easting": 397935.8480618737,
        "northing": 808216.4851361869,
        "longitude": 174.74103340741394,
        "latitude": -36.80567330121234,
        "group": "R0 - Red (229 points)",
        "canvasX": 770.54,
        "canvasY": 605.8199999999999
      }
    },
    {
      "type": "Feature",
      "geometry": {
        "type": "Point",
        "coordinates": [
          174.7410413615588,
          -36.80566646188031,
          -1.348
        ]
      },
      "properties": {
        "id": "0_121",
        "camera": "R0 - Red (Point)",
        "frame": "0310",
        "image": "pano_camera0/frame_0310_hp_preview.jpg",
        "frameId": "0310",
        "height": -1.348,
        "coords2D": "2D: (0.757, 1.483)",
        "coords3D": "3D: (0.757, 1.483, -1.348)",
        "easting": 397936.5576168241,
        "northing": 808217.2442200109,
        "longitude": 174.7410413615588,
        "latitude": -36.80566646188031,
        "group": "R0 - Red (229 points)",
        "canvasX": 783.7199999999999,
        "canvasY": 591.72
      }
    },
    {
      "type": "Feature",
      "geometry": {
        "type": "Point",
        "coordinates": [
          174.7410492896419,
          -36.80566603162146,
          -1.569
        ]
      },
      "properties": {
        "id": "0_122",
        "camera": "R0 - Red (Point)",
        "frame": "0311",
        "image": "pano_camera0/frame_0311_hp_preview.jpg",
        "frameId": "0311",
        "height": -1.569,
        "coords2D": "2D: (0.526, 1.473)",
        "coords3D": "3D: (0.526, 1.473, -1.569)",
        "easting": 397937.2650183452,
        "northing": 808217.2921338126,
        "longitude": 174.7410492896419,
        "latitude": -36.80566603162146,
        "group": "R0 - Red (229 points)",
        "canvasX": 796.8599999999999,
        "canvasY": 590.83
      }
    },
    {
      "type": "Feature",
      "geometry": {
        "type": "Point",
        "coordinates": [
          174.74105973864715,
          -36.805669129028466,
          -1.983
        ]
      },
      "properties": {
        "id": "0_123",
        "camera": "R0 - Red (Point)",
        "frame": "0312",
        "image": "pano_camera0/frame_0312_hp_preview.jpg",
        "frameId": "0312",
        "height": -1.983,
        "coords2D": "2D: (0.358, 1.490)",
        "coords3D": "3D: (0.358, 1.490, -1.983)",
        "easting": 397938.1974532269,
        "northing": 808216.9486618412,
        "longitude": 174.74105973864715,
        "latitude": -36.805669129028466,
        "group": "R0 - Red (229 points)",
        "canvasX": 814.18,
        "canvasY": 597.21
      }
    },
    {
      "type": "Feature",
      "geometry": {
        "type": "Point",
        "coordinates": [
          174.741066603756,
          -36.80567231792053,
          -2.295
        ]
      },
      "properties": {
        "id": "0_124",
        "camera": "R0 - Red (Point)",
        "frame": "0313",
        "image": "pano_camera0/frame_0313_hp_preview.jpg",
        "frameId": "0313",
        "height": -2.295,
        "coords2D": "2D: (0.289, 1.495)",
        "coords3D": "3D: (0.289, 1.495, -2.295)",
        "easting": 397938.81010385934,
        "northing": 808216.5949610806,
        "longitude": 174.741066603756,
        "latitude": -36.80567231792053,
        "group": "R0 - Red (229 points)",
        "canvasX": 825.56,
        "canvasY": 603.78
      }
    },
    {
      "type": "Feature",
      "geometry": {
        "type": "Point",
        "coordinates": [
          174.7410723405752,
          -36.80567562303363,
          -2.577
        ]
      },
      "properties": {
        "id": "0_125",
        "camera": "R0 - Red (Point)",
        "frame": "0314",
        "image": "pano_camera0/frame_0314_hp_preview.jpg",
        "frameId": "0314",
        "height": -2.577,
        "coords2D": "2D: (0.256, 1.498)",
        "coords3D": "3D: (0.256, 1.498, -2.577)",
        "easting": 397939.3220816726,
        "northing": 808216.2283397444,
        "longitude": 174.7410723405752,
        "latitude": -36.80567562303363,
        "group": "R0 - Red (229 points)",
        "canvasX": 835.0699999999999,
        "canvasY": 610.59
      }
    },
    {
      "type": "Feature",
      "geometry": {
        "type": "Point",
        "coordinates": [
          174.74108663148874,
          -36.805683393358976,
          -3.263
        ]
      },
      "properties": {
        "id": "0_126",
        "camera": "R0 - Red (Point)",
        "frame": "0315",
        "image": "pano_camera0/frame_0315_hp_preview.jpg",
        "frameId": "0315",
        "height": -3.263,
        "coords2D": "2D: (0.155, 1.509)",
        "coords3D": "3D: (0.155, 1.509, -3.263)",
        "easting": 397940.5974501684,
        "northing": 808215.3664296718,
        "longitude": 174.74108663148874,
        "latitude": -36.805683393358976,
        "group": "R0 - Red (229 points)",
        "canvasX": 858.76,
        "canvasY": 626.6
      }
    },
    {
      "type": "Feature",
      "geometry": {
        "type": "Point",
        "coordinates": [
          174.74108774752872,
          -36.80568388844764,
          -3.313
        ]
      },
      "properties": {
        "id": "0_127",
        "camera": "R0 - Red (Point)",
        "frame": "0316",
        "image": "pano_camera0/frame_0316_hp_preview.jpg",
        "frameId": "0316",
        "height": -3.313,
        "coords2D": "2D: (0.143, 1.514)",
        "coords3D": "3D: (0.143, 1.514, -3.313)",
        "easting": 397940.697046273,
        "northing": 808215.311517225,
        "longitude": 174.74108774752872,
        "latitude": -36.80568388844764,
        "group": "R0 - Red (229 points)",
        "canvasX": 860.6099999999999,
        "canvasY": 627.62
      }
    },
    {
      "type": "Feature",
      "geometry": {
        "type": "Point",
        "coordinates": [
          174.74109769543398,
          -36.80568807738366,
          -3.75
        ]
      },
      "properties": {
        "id": "0_128",
        "camera": "R0 - Red (Point)",
        "frame": "0317",
        "image": "pano_camera0/frame_0317_hp_preview.jpg",
        "frameId": "0317",
        "height": -3.75,
        "coords2D": "2D: (0.028, 1.510)",
        "coords3D": "3D: (0.028, 1.510, -3.750)",
        "easting": 397941.58479749697,
        "northing": 808214.8469148561,
        "longitude": 174.74109769543398,
        "latitude": -36.80568807738366,
        "group": "R0 - Red (229 points)",
        "canvasX": 877.0999999999999,
        "canvasY": 636.25
      }
    },
    {
      "type": "Feature",
      "geometry": {
        "type": "Point",
        "coordinates": [
          174.74110958700797,
          -36.805689278056406,
          -4.143
        ]
      },
      "properties": {
        "id": "0_129",
        "camera": "R0 - Red (Point)",
        "frame": "0318",
        "image": "pano_camera0/frame_0318_hp_preview.jpg",
        "frameId": "0318",
        "height": -4.143,
        "coords2D": "2D: (-0.250, 1.506)",
        "coords3D": "3D: (-0.250, 1.506, -4.143)",
        "easting": 397942.64589977864,
        "northing": 808214.7139405975,
        "longitude": 174.74110958700797,
        "latitude": -36.805689278056406,
        "group": "R0 - Red (229 points)",
        "canvasX": 896.81,
        "canvasY": 638.72
      }
    },
    {
      "type": "Feature",
      "geometry": {
        "type": "Point",
        "coordinates": [
          174.7411118983407,
          -36.805687541600484,
          -4.153
        ]
      },
      "properties": {
        "id": "0_130",
        "camera": "R0 - Red (Point)",
        "frame": "0319",
        "image": "pano_camera0/frame_0319_hp_preview.jpg",
        "frameId": "0319",
        "height": -4.153,
        "coords2D": "2D: (-0.377, 1.507)",
        "coords3D": "3D: (-0.377, 1.507, -4.153)",
        "easting": 397942.85209063295,
        "northing": 808214.9066725188,
        "longitude": 174.7411118983407,
        "latitude": -36.805687541600484,
        "group": "R0 - Red (229 points)",
        "canvasX": 900.64,
        "canvasY": 635.14
      }
    },
    {
      "type": "Feature",
      "geometry": {
        "type": "Point",
        "coordinates": [
          174.74111588837036,
          -36.805681142998516,
          -4.056
        ]
      },
      "properties": {
        "id": "0_131",
        "camera": "R0 - Red (Point)",
        "frame": "0320",
        "image": "pano_camera0/frame_0320_hp_preview.jpg",
        "frameId": "0320",
        "height": -4.056,
        "coords2D": "2D: (-0.721, 1.528)",
        "coords3D": "3D: (-0.721, 1.528, -4.056)",
        "easting": 397943.2079448228,
        "northing": 808215.6167658266,
        "longitude": 174.74111588837036,
        "latitude": -36.805681142998516,
        "group": "R0 - Red (229 points)",
        "canvasX": 907.25,
        "canvasY": 621.95
      }
    },
    {
      "type": "Feature",
      "geometry": {
        "type": "Point",
        "coordinates": [
          174.74111584435926,
          -36.80566694210165,
          -3.576
        ]
      },
      "properties": {
        "id": "0_132",
        "camera": "R0 - Red (Point)",
        "frame": "0321",
        "image": "pano_camera0/frame_0321_hp_preview.jpg",
        "frameId": "0321",
        "height": -3.576,
        "coords2D": "2D: (-1.244, 1.526)",
        "coords3D": "3D: (-1.244, 1.526, -3.576)",
        "easting": 397943.2036379642,
        "northing": 808217.1925377081,
        "longitude": 174.74111584435926,
        "latitude": -36.80566694210165,
        "group": "R0 - Red (229 points)",
        "canvasX": 907.17,
        "canvasY": 592.68
      }
    },
    {
      "type": "Feature",
      "geometry": {
        "type": "Point",
        "coordinates": [
          174.7411157179113,
          -36.80566609303188,
          -3.543
        ]
      },
      "properties": {
        "id": "0_133",
        "camera": "R0 - Red (Point)",
        "frame": "0322",
        "image": "pano_camera0/frame_0322_hp_preview.jpg",
        "frameId": "0322",
        "height": -3.543,
        "coords2D": "2D: (-1.273, 1.525)",
        "coords3D": "3D: (-1.273, 1.525, -3.543)",
        "easting": 397943.1923324605,
        "northing": 808217.2867502394,
        "longitude": 174.7411157179113,
        "latitude": -36.80566609303188,
        "group": "R0 - Red (229 points)",
        "canvasX": 906.9599999999999,
        "canvasY": 590.93
      }
    },
    {
      "type": "Feature",
      "geometry": {
        "type": "Point",
        "coordinates": [
          174.7411090835107,
          -36.80565810586874,
          -3.077
        ]
      },
      "properties": {
        "id": "0_134",
        "camera": "R0 - Red (Point)",
        "frame": "0323",
        "image": "pano_camera0/frame_0323_hp_preview.jpg",
        "frameId": "0323",
        "height": -3.077,
        "coords2D": "2D: (-1.388, 1.506)",
        "coords3D": "3D: (-1.388, 1.506, -3.077)",
        "easting": 397942.6001394063,
        "northing": 808218.1728863914,
        "longitude": 174.7411090835107,
        "latitude": -36.80565810586874,
        "group": "R0 - Red (229 points)",
        "canvasX": 895.9599999999999,
        "canvasY": 574.47
      }
    },
    {
      "type": "Feature",
      "geometry": {
        "type": "Point",
        "coordinates": [
          174.74109937132354,
          -36.80565254880357,
          -2.601
        ]
      },
      "properties": {
        "id": "0_135",
        "camera": "R0 - Red (Point)",
        "frame": "0324",
        "image": "pano_camera0/frame_0324_hp_preview.jpg",
        "frameId": "0324",
        "height": -2.601,
        "coords2D": "2D: (-1.330, 1.509)",
        "coords3D": "3D: (-1.330, 1.509, -2.601)",
        "easting": 397941.73338411783,
        "northing": 808218.7893055251,
        "longitude": 174.74109937132354,
        "latitude": -36.80565254880357,
        "group": "R0 - Red (229 points)",
        "canvasX": 879.8599999999999,
        "canvasY": 563.02
      }
    },
    {
      "type": "Feature",
      "geometry": {
        "type": "Point",
        "coordinates": [
          174.74109859323278,
          -36.80565180149283,
          -2.553
        ]
      },
      "properties": {
        "id": "0_136",
        "camera": "R0 - Red (Point)",
        "frame": "0325",
        "image": "pano_camera0/frame_0325_hp_preview.jpg",
        "frameId": "0325",
        "height": -2.553,
        "coords2D": "2D: (-1.336, 1.501)",
        "coords3D": "3D: (-1.336, 1.501, -2.553)",
        "easting": 397941.6639360233,
        "northing": 808218.8722125527,
        "longitude": 174.74109859323278,
        "latitude": -36.80565180149283,
        "group": "R0 - Red (229 points)",
        "canvasX": 878.5699999999999,
        "canvasY": 561.48
      }
    },
    {
      "type": "Feature",
      "geometry": {
        "type": "Point",
        "coordinates": [
          174.74109396835624,
          -36.805642538724854,
          -2.103
        ]
      },
      "properties": {
        "id": "0_137",
        "camera": "R0 - Red (Point)",
        "frame": "0326",
        "image": "pano_camera0/frame_0326_hp_preview.jpg",
        "frameId": "0326",
        "height": -2.103,
        "coords2D": "2D: (-1.553, 1.491)",
        "coords3D": "3D: (-1.553, 1.491, -2.103)",
        "easting": 397941.2510159573,
        "northing": 808219.8999366804,
        "longitude": 174.74109396835624,
        "latitude": -36.805642538724854,
        "group": "R0 - Red (229 points)",
        "canvasX": 870.9,
        "canvasY": 542.39
      }
    },
    {
      "type": "Feature",
      "geometry": {
        "type": "Point",
        "coordinates": [
          174.74109749326675,
          -36.80563794971254,
          -2.053
        ]
      },
      "properties": {
        "id": "0_138",
        "camera": "R0 - Red (Point)",
        "frame": "0327",
        "image": "pano_camera0/frame_0327_hp_preview.jpg",
        "frameId": "0327",
        "height": -2.053,
        "coords2D": "2D: (-1.818, 1.488)",
        "coords3D": "3D: (-1.818, 1.488, -2.053)",
        "easting": 397941.5654166334,
        "northing": 808220.409222707,
        "longitude": 174.74109749326675,
        "latitude": -36.80563794971254,
        "group": "R0 - Red (229 points)",
        "canvasX": 876.74,
        "canvasY": 532.93
      }
    },
    {
      "type": "Feature",
      "geometry": {
        "type": "Point",
        "coordinates": [
          174.74110047422647,
          -36.805636494784565,
          -2.093
        ]
      },
      "properties": {
        "id": "0_139",
        "camera": "R0 - Red (Point)",
        "frame": "0328",
        "image": "pano_camera0/frame_0328_hp_preview.jpg",
        "frameId": "0328",
        "height": -2.093,
        "coords2D": "2D: (-1.952, 1.498)",
        "coords3D": "3D: (-1.952, 1.498, -2.093)",
        "easting": 397941.83136515046,
        "northing": 808220.5707299036,
        "longitude": 174.74110047422647,
        "latitude": -36.805636494784565,
        "group": "R0 - Red (229 points)",
        "canvasX": 881.68,
        "canvasY": 529.93
      }
    },
    {
      "type": "Feature",
      "geometry": {
        "type": "Point",
        "coordinates": [
          174.74110624250503,
          -36.805635486752216,
          -2.23
        ]
      },
      "properties": {
        "id": "0_140",
        "camera": "R0 - Red (Point)",
        "frame": "0329",
        "image": "pano_camera0/frame_0329_hp_preview.jpg",
        "frameId": "0329",
        "height": -2.23,
        "coords2D": "2D: (-2.146, 1.504)",
        "coords3D": "3D: (-2.146, 1.504, -2.230)",
        "easting": 397942.3460347503,
        "northing": 808220.6827082266,
        "longitude": 174.74110624250503,
        "latitude": -36.805635486752216,
        "group": "R0 - Red (229 points)",
        "canvasX": 891.24,
        "canvasY": 527.85
      }
    },
    {
      "type": "Feature",
      "geometry": {
        "type": "Point",
        "coordinates": [
          174.74111457573446,
          -36.80563202426307,
          -2.361
        ]
      },
      "properties": {
        "id": "0_141",
        "camera": "R0 - Red (Point)",
        "frame": "0330",
        "image": "pano_camera0/frame_0330_hp_preview.jpg",
        "frameId": "0330",
        "height": -2.361,
        "coords2D": "2D: (-2.500, 1.511)",
        "coords3D": "3D: (-2.500, 1.511, -2.361)",
        "easting": 397943.089506212,
        "northing": 808221.0670953545,
        "longitude": 174.74111457573446,
        "latitude": -36.80563202426307,
        "group": "R0 - Red (229 points)",
        "canvasX": 905.05,
        "canvasY": 520.71
      }
    },
    {
      "type": "Feature",
      "geometry": {
        "type": "Point",
        "coordinates": [
          174.7411148782852,
          -36.80562909390264,
          -2.271
        ]
      },
      "properties": {
        "id": "0_142",
        "camera": "R0 - Red (Point)",
        "frame": "0331",
        "image": "pano_camera0/frame_0331_hp_preview.jpg",
        "frameId": "0331",
        "height": -2.271,
        "coords2D": "2D: (-2.616, 1.508)",
        "coords3D": "3D: (-2.616, 1.508, -2.271)",
        "easting": 397943.11642407806,
        "northing": 808221.392263177,
        "longitude": 174.7411148782852,
        "latitude": -36.80562909390264,
        "group": "R0 - Red (229 points)",
        "canvasX": 905.55,
        "canvasY": 514.67
      }
    },
    {
      "type": "Feature",
      "geometry": {
        "type": "Point",
        "coordinates": [
          174.74110499040827,
          -36.80562594809239,
          -1.871
        ]
      },
      "properties": {
        "id": "0_143",
        "camera": "R0 - Red (Point)",
        "frame": "0332",
        "image": "pano_camera0/frame_0332_hp_preview.jpg",
        "frameId": "0332",
        "height": -1.871,
        "coords2D": "2D: (-2.464, 1.493)",
        "coords3D": "3D: (-2.464, 1.493, -1.871)",
        "easting": 397942.2340564273,
        "northing": 808221.7411187217,
        "longitude": 174.74110499040827,
        "latitude": -36.80562594809239,
        "group": "R0 - Red (229 points)",
        "canvasX": 889.16,
        "canvasY": 508.19
      }
    },
    {
      "type": "Feature",
      "geometry": {
        "type": "Point",
        "coordinates": [
          174.74109975916832,
          -36.80562675245798,
          -1.743
        ]
      },
      "properties": {
        "id": "0_144",
        "camera": "R0 - Red (Point)",
        "frame": "0333",
        "image": "pano_camera0/frame_0333_hp_preview.jpg",
        "frameId": "0333",
        "height": -1.743,
        "coords2D": "2D: (-2.292, 1.483)",
        "coords3D": "3D: (-2.292, 1.483, -1.743)",
        "easting": 397941.7673006291,
        "northing": 808221.6517514061,
        "longitude": 174.74109975916832,
        "latitude": -36.80562675245798,
        "group": "R0 - Red (229 points)",
        "canvasX": 880.49,
        "canvasY": 509.85
      }
    },
    {
      "type": "Feature",
      "geometry": {
        "type": "Point",
        "coordinates": [
          174.74109009957476,
          -36.80562690098639,
          -1.461
        ]
      },
      "properties": {
        "id": "0_145",
        "camera": "R0 - Red (Point)",
        "frame": "0334",
        "image": "pano_camera0/frame_0334_hp_preview.jpg",
        "frameId": "0334",
        "height": -1.461,
        "coords2D": "2D: (-2.025, 1.476)",
        "coords3D": "3D: (-2.025, 1.476, -1.461)",
        "easting": 397940.9053905566,
        "northing": 808221.6350623292,
        "longitude": 174.74109009957476,
        "latitude": -36.80562690098639,
        "group": "R0 - Red (229 points)",
        "canvasX": 864.48,
        "canvasY": 510.15999999999997
      }
    },
    {
      "type": "Feature",
      "geometry": {
        "type": "Point",
        "coordinates": [
          174.74108511621557,
          -36.805626007308895,
          -1.283
        ]
      },
      "properties": {
        "id": "0_146",
        "camera": "R0 - Red (Point)",
        "frame": "0335",
        "image": "pano_camera0/frame_0335_hp_preview.jpg",
        "frameId": "0335",
        "height": -1.283,
        "coords2D": "2D: (-1.923, 1.477)",
        "coords3D": "3D: (-1.923, 1.477, -1.283)",
        "easting": 397940.4607074086,
        "northing": 808221.7341200764,
        "longitude": 174.74108511621557,
        "latitude": -36.805626007308895,
        "group": "R0 - Red (229 points)",
        "canvasX": 856.2199999999999,
        "canvasY": 508.32
      }
    },
    {
      "type": "Feature",
      "geometry": {
        "type": "Point",
        "coordinates": [
          174.741079511378,
          -36.80562522509937,
          -1.09
        ]
      },
      "properties": {
        "id": "0_147",
        "camera": "R0 - Red (Point)",
        "frame": "0336",
        "image": "pano_camera0/frame_0336_hp_preview.jpg",
        "frameId": "0336",
        "height": -1.09,
        "coords2D": "2D: (-1.800, 1.465)",
        "coords3D": "3D: (-1.800, 1.465, -1.090)",
        "easting": 397939.9605734565,
        "northing": 808221.8207956053,
        "longitude": 174.741079511378,
        "latitude": -36.80562522509937,
        "group": "R0 - Red (229 points)",
        "canvasX": 846.93,
        "canvasY": 506.71
      }
    },
    {
      "type": "Feature",
      "geometry": {
        "type": "Point",
        "coordinates": [
          174.74106727036414,
          -36.80562239418883,
          -0.631
        ]
      },
      "properties": {
        "id": "0_148",
        "camera": "R0 - Red (Point)",
        "frame": "0337",
        "image": "pano_camera0/frame_0337_hp_preview.jpg",
        "frameId": "0337",
        "height": -0.631,
        "coords2D": "2D: (-1.573, 1.451)",
        "coords3D": "3D: (-1.573, 1.451, -0.631)",
        "easting": 397938.86824645015,
        "northing": 808222.1346579241,
        "longitude": 174.74106727036414,
        "latitude": -36.80562239418883,
        "group": "R0 - Red (229 points)",
        "canvasX": 826.64,
        "canvasY": 500.88
      }
    },
    {
      "type": "Feature",
      "geometry": {
        "type": "Point",
        "coordinates": [
          174.74106117702627,
          -36.80562091809228,
          -0.401
        ]
      },
      "properties": {
        "id": "0_149",
        "camera": "R0 - Red (Point)",
        "frame": "0338",
        "image": "pano_camera0/frame_0338_hp_preview.jpg",
        "frameId": "0338",
        "height": -0.401,
        "coords2D": "2D: (-1.462, 1.451)",
        "coords3D": "3D: (-1.462, 1.451, -0.401)",
        "easting": 397938.3245055549,
        "northing": 808222.2983185499,
        "longitude": 174.74106117702627,
        "latitude": -36.80562091809228,
        "group": "R0 - Red (229 points)",
        "canvasX": 816.54,
        "canvasY": 497.84
      }
    },
    {
      "type": "Feature",
      "geometry": {
        "type": "Point",
        "coordinates": [
          174.74104590176066,
          -36.805616189580334,
          0.212
        ]
      },
      "properties": {
        "id": "0_150",
        "camera": "R0 - Red (Point)",
        "frame": "0339",
        "image": "pano_camera0/frame_0339_hp_preview.jpg",
        "frameId": "0339",
        "height": 0.212,
        "coords2D": "2D: (-1.222, 1.438)",
        "coords3D": "3D: (-1.222, 1.438, 0.212)",
        "easting": 397936.9613848156,
        "northing": 808222.8226785816,
        "longitude": 174.74104590176066,
        "latitude": -36.805616189580334,
        "group": "R0 - Red (229 points)",
        "canvasX": 791.2199999999999,
        "canvasY": 488.1
      }
    },
    {
      "type": "Feature",
      "geometry": {
        "type": "Point",
        "coordinates": [
          174.7410368528042,
          -36.80561215606873,
          0.617
        ]
      },
      "properties": {
        "id": "0_151",
        "camera": "R0 - Red (Point)",
        "frame": "0340",
        "image": "pano_camera0/frame_0340_hp_preview.jpg",
        "frameId": "0340",
        "height": 0.617,
        "coords2D": "2D: (-1.126, 1.459)",
        "coords3D": "3D: (-1.126, 1.459, 0.617)",
        "easting": 397936.1538488326,
        "northing": 808223.2700535161,
        "longitude": 174.7410368528042,
        "latitude": -36.80561215606873,
        "group": "R0 - Red (229 points)",
        "canvasX": 776.2199999999999,
        "canvasY": 479.78999999999996
      }
    },
    {
      "type": "Feature",
      "geometry": {
        "type": "Point",
        "coordinates": [
          174.74103434317684,
          -36.805611204649956,
          0.724
        ]
      },
      "properties": {
        "id": "0_152",
        "camera": "R0 - Red (Point)",
        "frame": "0341",
        "image": "pano_camera0/frame_0341_hp_preview.jpg",
        "frameId": "0341",
        "height": 0.724,
        "coords2D": "2D: (-1.093, 1.451)",
        "coords3D": "3D: (-1.093, 1.451, 0.724)",
        "easting": 397935.92989218666,
        "northing": 808223.3755715513,
        "longitude": 174.74103434317684,
        "latitude": -36.805611204649956,
        "group": "R0 - Red (229 points)",
        "canvasX": 772.06,
        "canvasY": 477.83
      }
    },
    {
      "type": "Feature",
      "geometry": {
        "type": "Point",
        "coordinates": [
          174.74102659689538,
          -36.80560900047703,
          1.028
        ]
      },
      "properties": {
        "id": "0_153",
        "camera": "R0 - Red (Point)",
        "frame": "0342",
        "image": "pano_camera0/frame_0342_hp_preview.jpg",
        "frameId": "0342",
        "height": 1.028,
        "coords2D": "2D: (-0.965, 1.449)",
        "coords3D": "3D: (-0.965, 1.449, 1.028)",
        "easting": 397935.23864138516,
        "northing": 808223.6199857754,
        "longitude": 174.74102659689538,
        "latitude": -36.80560900047703,
        "group": "R0 - Red (229 points)",
        "canvasX": 759.2199999999999,
        "canvasY": 473.28999999999996
      }
    },
    {
      "type": "Feature",
      "geometry": {
        "type": "Point",
        "coordinates": [
          174.74101626801357,
          -36.80560774673162,
          1.377
        ]
      },
      "properties": {
        "id": "0_154",
        "camera": "R0 - Red (Point)",
        "frame": "0343",
        "image": "pano_camera0/frame_0343_hp_preview.jpg",
        "frameId": "0343",
        "height": 1.377,
        "coords2D": "2D: (-0.731, 1.450)",
        "coords3D": "3D: (-0.731, 1.450, 1.377)",
        "easting": 397934.3169736499,
        "northing": 808223.7588819645,
        "longitude": 174.74101626801357,
        "latitude": -36.80560774673162,
        "group": "R0 - Red (229 points)",
        "canvasX": 742.0999999999999,
        "canvasY": 470.71
      }
    },
    {
      "type": "Feature",
      "geometry": {
        "type": "Point",
        "coordinates": [
          174.74101061628218,
          -36.80560240877539,
          1.725
        ]
      },
      "properties": {
        "id": "0_155",
        "camera": "R0 - Red (Point)",
        "frame": "0344",
        "image": "pano_camera0/frame_0344_hp_preview.jpg",
        "frameId": "0344",
        "height": 1.725,
        "coords2D": "2D: (-0.775, 1.454)",
        "coords3D": "3D: (-0.775, 1.454, 1.725)",
        "easting": 397933.8125328392,
        "northing": 808224.3510750188,
        "longitude": 174.74101061628218,
        "latitude": -36.80560240877539,
        "group": "R0 - Red (229 points)",
        "canvasX": 732.7299999999999,
        "canvasY": 459.71
      }
    },
    {
      "type": "Feature",
      "geometry": {
        "type": "Point",
        "coordinates": [
          174.74101636090754,
          -36.80559979968602,
          1.642
        ]
      },
      "properties": {
        "id": "0_156",
        "camera": "R0 - Red (Point)",
        "frame": "0345",
        "image": "pano_camera0/frame_0345_hp_preview.jpg",
        "frameId": "0345",
        "height": 1.642,
        "coords2D": "2D: (-1.027, 1.457)",
        "coords3D": "3D: (-1.027, 1.457, 1.642)",
        "easting": 397934.32504900976,
        "northing": 808224.6407112579,
        "longitude": 174.74101636090754,
        "latitude": -36.80559979968602,
        "group": "R0 - Red (229 points)",
        "canvasX": 742.25,
        "canvasY": 454.33
      }
    },
    {
      "type": "Feature",
      "geometry": {
        "type": "Point",
        "coordinates": [
          174.74102305212622,
          -36.80559937403982,
          1.458
        ]
      },
      "properties": {
        "id": "0_157",
        "camera": "R0 - Red (Point)",
        "frame": "0346",
        "image": "pano_camera0/frame_0346_hp_preview.jpg",
        "frameId": "0346",
        "height": 1.458,
        "coords2D": "2D: (-1.224, 1.454)",
        "coords3D": "3D: (-1.224, 1.454, 1.458)",
        "easting": 397934.92208727985,
        "northing": 808224.6880867023,
        "longitude": 174.74102305212622,
        "latitude": -36.80559937403982,
        "group": "R0 - Red (229 points)",
        "canvasX": 753.3399999999999,
        "canvasY": 453.45
      }
    },
    {
      "type": "Feature",
      "geometry": {
        "type": "Point",
        "coordinates": [
          174.74102856630788,
          -36.80560066080986,
          1.251
        ]
      },
      "properties": {
        "id": "0_158",
        "camera": "R0 - Red (Point)",
        "frame": "0347",
        "image": "pano_camera0/frame_0347_hp_preview.jpg",
        "frameId": "0347",
        "height": 1.251,
        "coords2D": "2D: (-1.326, 1.456)",
        "coords3D": "3D: (-1.326, 1.456, 1.251)",
        "easting": 397935.4141458722,
        "northing": 808224.545422012,
        "longitude": 174.74102856630788,
        "latitude": -36.80560066080986,
        "group": "R0 - Red (229 points)",
        "canvasX": 762.4799999999999,
        "canvasY": 456.1
      }
    },
    {
      "type": "Feature",
      "geometry": {
        "type": "Point",
        "coordinates": [
          174.74103488898157,
          -36.80560191377508,
          1.021
        ]
      },
      "properties": {
        "id": "0_159",
        "camera": "R0 - Red (Point)",
        "frame": "0348",
        "image": "pano_camera0/frame_0348_hp_preview.jpg",
        "frameId": "0348",
        "height": 1.021,
        "coords2D": "2D: (-1.451, 1.459)",
        "coords3D": "3D: (-1.451, 1.459, 1.021)",
        "easting": 397935.97834434564,
        "northing": 808224.4065258229,
        "longitude": 174.74103488898157,
        "latitude": -36.80560191377508,
        "group": "R0 - Red (229 points)",
        "canvasX": 772.9599999999999,
        "canvasY": 458.68
      }
    },
    {
      "type": "Feature",
      "geometry": {
        "type": "Point",
        "coordinates": [
          174.74104988120547,
          -36.80560486651592,
          0.476
        ]
      },
      "properties": {
        "id": "0_160",
        "camera": "R0 - Red (Point)",
        "frame": "0349",
        "image": "pano_camera0/frame_0349_hp_preview.jpg",
        "frameId": "0349",
        "height": 0.476,
        "coords2D": "2D: (-1.749, 1.455)",
        "coords3D": "3D: (-1.749, 1.455, 0.476)",
        "easting": 397937.3161622908,
        "northing": 808224.0792045711,
        "longitude": 174.74104988120547,
        "latitude": -36.80560486651592,
        "group": "R0 - Red (229 points)",
        "canvasX": 797.81,
        "canvasY": 464.76
      }
    },
    {
      "type": "Feature",
      "geometry": {
        "type": "Point",
        "coordinates": [
          174.74105701880316,
          -36.80560476116594,
          0.268
        ]
      },
      "properties": {
        "id": "0_161",
        "camera": "R0 - Red (Point)",
        "frame": "0350",
        "image": "pano_camera0/frame_0350_hp_preview.jpg",
        "frameId": "0350",
        "height": 0.268,
        "coords2D": "2D: (-1.946, 1.445)",
        "coords3D": "3D: (-1.946, 1.445, 0.268)",
        "easting": 397937.9530390027,
        "northing": 808224.0910484322,
        "longitude": 174.74105701880316,
        "latitude": -36.80560476116594,
        "group": "R0 - Red (229 points)",
        "canvasX": 809.64,
        "canvasY": 464.53999999999996
      }
    },
    {
      "type": "Feature",
      "geometry": {
        "type": "Point",
        "coordinates": [
          174.74106232832236,
          -36.80560447109628,
          0.12
        ]
      },
      "properties": {
        "id": "0_162",
        "camera": "R0 - Red (Point)",
        "frame": "0351",
        "image": "pano_camera0/frame_0351_hp_preview.jpg",
        "frameId": "0351",
        "height": 0.12,
        "coords2D": "2D: (-2.100, 1.442)",
        "coords3D": "3D: (-2.100, 1.442, 0.120)",
        "easting": 397938.42679344607,
        "northing": 808224.1233498715,
        "longitude": 174.74106232832236,
        "latitude": -36.80560447109628,
        "group": "R0 - Red (229 points)",
        "canvasX": 818.4399999999999,
        "canvasY": 463.94
      }
    },
    {
      "type": "Feature",
      "geometry": {
        "type": "Point",
        "coordinates": [
          174.74107346116642,
          -36.80560068409078,
          -0.083
        ]
      },
      "properties": {
        "id": "0_163",
        "camera": "R0 - Red (Point)",
        "frame": "0352",
        "image": "pano_camera0/frame_0352_hp_preview.jpg",
        "frameId": "0352",
        "height": -0.083,
        "coords2D": "2D: (-2.542, 1.448)",
        "coords3D": "3D: (-2.542, 1.448, -0.083)",
        "easting": 397939.4200627052,
        "northing": 808224.54380694,
        "longitude": 174.74107346116642,
        "latitude": -36.80560068409078,
        "group": "R0 - Red (229 points)",
        "canvasX": 836.89,
        "canvasY": 456.13
      }
    },
    {
      "type": "Feature",
      "geometry": {
        "type": "Point",
        "coordinates": [
          174.74107775783563,
          -36.805597832132904,
          -0.115
        ]
      },
      "properties": {
        "id": "0_164",
        "camera": "R0 - Red (Point)",
        "frame": "0353",
        "image": "pano_camera0/frame_0353_hp_preview.jpg",
        "frameId": "0353",
        "height": -0.115,
        "coords2D": "2D: (-2.764, 1.462)",
        "coords3D": "3D: (-2.764, 1.462, -0.115)",
        "easting": 397939.80337311846,
        "northing": 808224.8603610453,
        "longitude": 174.74107775783563,
        "latitude": -36.805597832132904,
        "group": "R0 - Red (229 points)",
        "canvasX": 844.01,
        "canvasY": 450.25
      }
    },
    {
      "type": "Feature",
      "geometry": {
        "type": "Point",
        "coordinates": [
          174.74108695973703,
          -36.80559484042796,
          -0.287
        ]
      },
      "properties": {
        "id": "0_165",
        "camera": "R0 - Red (Point)",
        "frame": "0354",
        "image": "pano_camera0/frame_0354_hp_preview.jpg",
        "frameId": "0354",
        "height": -0.287,
        "coords2D": "2D: (-3.124, 1.470)",
        "coords3D": "3D: (-3.124, 1.470, -0.287)",
        "easting": 397940.62436803454,
        "northing": 808225.192527513,
        "longitude": 174.74108695973703,
        "latitude": -36.80559484042796,
        "group": "R0 - Red (229 points)",
        "canvasX": 859.26,
        "canvasY": 444.08
      }
    },
    {
      "type": "Feature",
      "geometry": {
        "type": "Point",
        "coordinates": [
          174.74109215432878,
          -36.80559552067213,
          -0.464
        ]
      },
      "properties": {
        "id": "0_166",
        "camera": "R0 - Red (Point)",
        "frame": "0355",
        "image": "pano_camera0/frame_0355_hp_preview.jpg",
        "frameId": "0355",
        "height": -0.464,
        "coords2D": "2D: (-3.240, 1.484)",
        "coords3D": "3D: (-3.240, 1.484, -0.464)",
        "easting": 397941.08789368876,
        "northing": 808225.1171574879,
        "longitude": 174.74109215432878,
        "latitude": -36.80559552067213,
        "group": "R0 - Red (229 points)",
        "canvasX": 867.8699999999999,
        "canvasY": 445.48
      }
    },
    {
      "type": "Feature",
      "geometry": {
        "type": "Point",
        "coordinates": [
          174.74109853567413,
          -36.80560231912385,
          -0.883
        ]
      },
      "properties": {
        "id": "0_167",
        "camera": "R0 - Red (Point)",
        "frame": "0356",
        "image": "pano_camera0/frame_0356_hp_preview.jpg",
        "frameId": "0356",
        "height": -0.883,
        "coords2D": "2D: (-3.162, 1.497)",
        "coords3D": "3D: (-3.162, 1.497, -0.883)",
        "easting": 397941.6574757354,
        "northing": 808224.3629188798,
        "longitude": 174.74109853567413,
        "latitude": -36.80560231912385,
        "group": "R0 - Red (229 points)",
        "canvasX": 878.4499999999999,
        "canvasY": 459.49
      }
    },
    {
      "type": "Feature",
      "geometry": {
        "type": "Point",
        "coordinates": [
          174.74110267311866,
          -36.805607317164124,
          -1.174
        ]
      },
      "properties": {
        "id": "0_168",
        "camera": "R0 - Red (Point)",
        "frame": "0357",
        "image": "pano_camera0/frame_0357_hp_preview.jpg",
        "frameId": "0357",
        "height": -1.174,
        "coords2D": "2D: (-3.089, 1.486)",
        "coords3D": "3D: (-3.089, 1.486, -1.174)",
        "easting": 397942.02678885835,
        "northing": 808223.8084108381,
        "longitude": 174.74110267311866,
        "latitude": -36.805607317164124,
        "group": "R0 - Red (229 points)",
        "canvasX": 885.31,
        "canvasY": 469.78999999999996
      }
    },
    {
      "type": "Feature",
      "geometry": {
        "type": "Point",
        "coordinates": [
          174.74110346900525,
          -36.80560907848092,
          -1.257
        ]
      },
      "properties": {
        "id": "0_169",
        "camera": "R0 - Red (Point)",
        "frame": "0358",
        "image": "pano_camera0/frame_0358_hp_preview.jpg",
        "frameId": "0358",
        "height": -1.257,
        "coords2D": "2D: (-3.046, 1.468)",
        "coords3D": "3D: (-3.046, 1.468, -1.257)",
        "easting": 397942.09785202483,
        "northing": 808223.6129871303,
        "longitude": 174.74110346900525,
        "latitude": -36.80560907848092,
        "group": "R0 - Red (229 points)",
        "canvasX": 886.6299999999999,
        "canvasY": 473.41999999999996
      }
    },
    {
      "type": "Feature",
      "geometry": {
        "type": "Point",
        "coordinates": [
          174.7411033722359,
          -36.80560985958381,
          -1.281
        ]
      },
      "properties": {
        "id": "0_170",
        "camera": "R0 - Red (Point)",
        "frame": "0359",
        "image": "pano_camera0/frame_0359_hp_preview.jpg",
        "frameId": "0359",
        "height": -1.281,
        "coords2D": "2D: (-3.014, 1.459)",
        "coords3D": "3D: (-3.014, 1.459, -1.281)",
        "easting": 397942.0892383077,
        "northing": 808223.5263116014,
        "longitude": 174.7411033722359,
        "latitude": -36.80560985958381,
        "group": "R0 - Red (229 points)",
        "canvasX": 886.4699999999999,
        "canvasY": 475.03
      }
    },
    {
      "type": "Feature",
      "geometry": {
        "type": "Point",
        "coordinates": [
          174.74110427140698,
          -36.80560923389052,
          -1.286
        ]
      },
      "properties": {
        "id": "0_171",
        "camera": "R0 - Red (Point)",
        "frame": "0360",
        "image": "pano_camera0/frame_0360_hp_preview.jpg",
        "frameId": "0360",
        "height": -1.286,
        "coords2D": "2D: (-3.062, 1.474)",
        "coords3D": "3D: (-3.062, 1.474, -1.286)",
        "easting": 397942.1694535487,
        "northing": 808223.595759696,
        "longitude": 174.74110427140698,
        "latitude": -36.80560923389052,
        "group": "R0 - Red (229 points)",
        "canvasX": 887.9599999999999,
        "canvasY": 473.74
      }
    },
    {
      "type": "Feature",
      "geometry": {
        "type": "Point",
        "coordinates": [
          174.74110434982575,
          -36.80560928727429,
          -1.291
        ]
      },
      "properties": {
        "id": "0_172",
        "camera": "R0 - Red (Point)",
        "frame": "0361",
        "image": "pano_camera0/frame_0361_hp_preview.jpg",
        "frameId": "0361",
        "height": -1.291,
        "coords2D": "2D: (-3.062, 1.473)",
        "coords3D": "3D: (-3.062, 1.473, -1.291)",
        "easting": 397942.1764521939,
        "northing": 808223.5898377654,
        "longitude": 174.74110434982575,
        "latitude": -36.80560928727429,
        "group": "R0 - Red (229 points)",
        "canvasX": 888.0899999999999,
        "canvasY": 473.85
      }
    },
    {
      "type": "Feature",
      "geometry": {
        "type": "Point",
        "coordinates": [
          174.7411110885953,
          -36.80561125351416,
          -1.557
        ]
      },
      "properties": {
        "id": "0_173",
        "camera": "R0 - Red (Point)",
        "frame": "0362",
        "image": "pano_camera0/frame_0362_hp_preview.jpg",
        "frameId": "0362",
        "height": -1.557,
        "coords2D": "2D: (-3.172, 1.485)",
        "coords3D": "3D: (-3.172, 1.485, -1.557)",
        "easting": 397942.77779732255,
        "northing": 808223.37180305,
        "longitude": 174.7411110885953,
        "latitude": -36.80561125351416,
        "group": "R0 - Red (229 points)",
        "canvasX": 899.26,
        "canvasY": 477.9
      }
    },
    {
      "type": "Feature",
      "geometry": {
        "type": "Point",
        "coordinates": [
          174.74111437717949,
          -36.80561006548826,
          -1.615
        ]
      },
      "properties": {
        "id": "0_174",
        "camera": "R0 - Red (Point)",
        "frame": "0363",
        "image": "pano_camera0/frame_0363_hp_preview.jpg",
        "frameId": "0363",
        "height": -1.615,
        "coords2D": "2D: (-3.305, 1.491)",
        "coords3D": "3D: (-3.305, 1.491, -1.615)",
        "easting": 397943.071202063,
        "northing": 808223.5037005938,
        "longitude": 174.74111437717949,
        "latitude": -36.80561006548826,
        "group": "R0 - Red (229 points)",
        "canvasX": 904.7099999999999,
        "canvasY": 475.45
      }
    },
    {
      "type": "Feature",
      "geometry": {
        "type": "Point",
        "coordinates": [
          174.74111905418883,
          -36.80560643248098,
          -1.631
        ]
      },
      "properties": {
        "id": "0_175",
        "camera": "R0 - Red (Point)",
        "frame": "0364",
        "image": "pano_camera0/frame_0364_hp_preview.jpg",
        "frameId": "0364",
        "height": -1.631,
        "coords2D": "2D: (-3.566, 1.521)",
        "coords3D": "3D: (-3.566, 1.521, -1.631)",
        "easting": 397943.48842898756,
        "northing": 808223.9069302281,
        "longitude": 174.74111905418883,
        "latitude": -36.80560643248098,
        "group": "R0 - Red (229 points)",
        "canvasX": 912.4599999999999,
        "canvasY": 467.96
      }
    },
    {
      "type": "Feature",
      "geometry": {
        "type": "Point",
        "coordinates": [
          174.7411194047059,
          -36.80560450642908,
          -1.576
        ]
      },
      "properties": {
        "id": "0_176",
        "camera": "R0 - Red (Point)",
        "frame": "0365",
        "image": "pano_camera0/frame_0365_hp_preview.jpg",
        "frameId": "0365",
        "height": -1.576,
        "coords2D": "2D: (-3.647, 1.522)",
        "coords3D": "3D: (-3.647, 1.522, -1.576)",
        "easting": 397943.5196537122,
        "northing": 808224.1206580849,
        "longitude": 174.7411194047059,
        "latitude": -36.80560450642908,
        "group": "R0 - Red (229 points)",
        "canvasX": 913.04,
        "canvasY": 463.99
      }
    },
    {
      "type": "Feature",
      "geometry": {
        "type": "Point",
        "coordinates": [
          174.74111284815743,
          -36.805598479362786,
          -1.179
        ]
      },
      "properties": {
        "id": "0_177",
        "camera": "R0 - Red (Point)",
        "frame": "0366",
        "image": "pano_camera0/frame_0366_hp_preview.jpg",
        "frameId": "0366",
        "height": -1.179,
        "coords2D": "2D: (-3.692, 1.509)",
        "coords3D": "3D: (-3.692, 1.509, -1.179)",
        "easting": 397942.9344593032,
        "northing": 808224.7892978789,
        "longitude": 174.74111284815743,
        "latitude": -36.805598479362786,
        "group": "R0 - Red (229 points)",
        "canvasX": 902.17,
        "canvasY": 451.57
      }
    },
    {
      "type": "Feature",
      "geometry": {
        "type": "Point",
        "coordinates": [
          174.74111135803622,
          -36.805598013311936,
          -1.119
        ]
      },
      "properties": {
        "id": "0_178",
        "camera": "R0 - Red (Point)",
        "frame": "0367",
        "image": "pano_camera0/frame_0367_hp_preview.jpg",
        "frameId": "0367",
        "height": -1.119,
        "coords2D": "2D: (-3.668, 1.505)",
        "coords3D": "3D: (-3.668, 1.505, -1.119)",
        "easting": 397942.8014850447,
        "northing": 808224.8409801817,
        "longitude": 174.74111135803622,
        "latitude": -36.805598013311936,
        "group": "R0 - Red (229 points)",
        "canvasX": 899.6999999999999,
        "canvasY": 450.61
      }
    },
    {
      "type": "Feature",
      "geometry": {
        "type": "Point",
        "coordinates": [
          174.74110344879125,
          -36.80559600803163,
          -0.816
        ]
      },
      "properties": {
        "id": "0_179",
        "camera": "R0 - Red (Point)",
        "frame": "0368",
        "image": "pano_camera0/frame_0368_hp_preview.jpg",
        "frameId": "0368",
        "height": -0.816,
        "coords2D": "2D: (-3.528, 1.489)",
        "coords3D": "3D: (-3.528, 1.489, -0.816)",
        "easting": 397942.09569859557,
        "northing": 808225.0633217557,
        "longitude": 174.74110344879125,
        "latitude": -36.80559600803163,
        "group": "R0 - Red (229 points)",
        "canvasX": 886.5899999999999,
        "canvasY": 446.48
      }
    },
    {
      "type": "Feature",
      "geometry": {
        "type": "Point",
        "coordinates": [
          174.7410870209043,
          -36.80559206527474,
          -0.195
        ]
      },
      "properties": {
        "id": "0_180",
        "camera": "R0 - Red (Point)",
        "frame": "0369",
        "image": "pano_camera0/frame_0369_hp_preview.jpg",
        "frameId": "0369",
        "height": -0.195,
        "coords2D": "2D: (-3.228, 1.478)",
        "coords3D": "3D: (-3.228, 1.478, -0.195)",
        "easting": 397940.6297516077,
        "northing": 808225.5004679012,
        "longitude": 174.7410870209043,
        "latitude": -36.80559206527474,
        "group": "R0 - Red (229 points)",
        "canvasX": 859.3599999999999,
        "canvasY": 438.36
      }
    },
    {
      "type": "Feature",
      "geometry": {
        "type": "Point",
        "coordinates": [
          174.74108346807364,
          -36.805589172979616,
          0.008
        ]
      },
      "properties": {
        "id": "0_181",
        "camera": "R0 - Red (Point)",
        "frame": "0370",
        "image": "pano_camera0/frame_0370_hp_preview.jpg",
        "frameId": "0370",
        "height": 0.008,
        "coords2D": "2D: (-3.239, 1.447)",
        "coords3D": "3D: (-3.239, 1.447, 0.008)",
        "easting": 397940.3126591451,
        "northing": 808225.8213288651,
        "longitude": 174.74108346807364,
        "latitude": -36.805589172979616,
        "group": "R0 - Red (229 points)",
        "canvasX": 853.4699999999999,
        "canvasY": 432.4
      }
    },
    {
      "type": "Feature",
      "geometry": {
        "type": "Point",
        "coordinates": [
          174.74108319775263,
          -36.805585228505436,
          0.149
        ]
      },
      "properties": {
        "id": "0_182",
        "camera": "R0 - Red (Point)",
        "frame": "0371",
        "image": "pano_camera0/frame_0371_hp_preview.jpg",
        "frameId": "0371",
        "height": 0.149,
        "coords2D": "2D: (-3.377, 1.477)",
        "coords3D": "3D: (-3.377, 1.477, 0.149)",
        "easting": 397940.2884330656,
        "northing": 808226.2590133679,
        "longitude": 174.74108319775263,
        "latitude": -36.805585228505436,
        "group": "R0 - Red (229 points)",
        "canvasX": 853.02,
        "canvasY": 424.27
      }
    },
    {
      "type": "Feature",
      "geometry": {
        "type": "Point",
        "coordinates": [
          174.74108978748285,
          -36.80558119803217,
          0.089
        ]
      },
      "properties": {
        "id": "0_183",
        "camera": "R0 - Red (Point)",
        "frame": "0372",
        "image": "pano_camera0/frame_0372_hp_preview.jpg",
        "frameId": "0372",
        "height": 0.089,
        "coords2D": "2D: (-3.704, 1.474)",
        "coords3D": "3D: (-3.704, 1.474, 0.089)",
        "easting": 397940.8763192612,
        "northing": 808226.7063883025,
        "longitude": 174.74108978748285,
        "latitude": -36.80558119803217,
        "group": "R0 - Red (229 points)",
        "canvasX": 863.9399999999999,
        "canvasY": 415.96
      }
    },
    {
      "type": "Feature",
      "geometry": {
        "type": "Point",
        "coordinates": [
          174.7410986627769,
          -36.805580869839225,
          -0.164
        ]
      },
      "properties": {
        "id": "0_184",
        "camera": "R0 - Red (Point)",
        "frame": "0373",
        "image": "pano_camera0/frame_0373_hp_preview.jpg",
        "frameId": "0373",
        "height": -0.164,
        "coords2D": "2D: (-3.957, 1.488)",
        "coords3D": "3D: (-3.957, 1.488, -0.164)",
        "easting": 397941.6682428819,
        "northing": 808226.7429966003,
        "longitude": 174.7410986627769,
        "latitude": -36.805580869839225,
        "group": "R0 - Red (229 points)",
        "canvasX": 878.65,
        "canvasY": 415.28
      }
    },
    {
      "type": "Feature",
      "geometry": {
        "type": "Point",
        "coordinates": [
          174.7411155335233,
          -36.80557673947277,
          -0.525
        ]
      },
      "properties": {
        "id": "0_185",
        "camera": "R0 - Red (Point)",
        "frame": "0374",
        "image": "pano_camera0/frame_0374_hp_preview.jpg",
        "frameId": "0374",
        "height": -0.525,
        "coords2D": "2D: (-4.567, 1.492)",
        "coords3D": "3D: (-4.567, 1.492, -0.525)",
        "easting": 397943.1734899542,
        "northing": 808227.2016770387,
        "longitude": 174.7411155335233,
        "latitude": -36.80557673947277,
        "group": "R0 - Red (229 points)",
        "canvasX": 906.6099999999999,
        "canvasY": 406.76
      }
    },
    {
      "type": "Feature",
      "geometry": {
        "type": "Point",
        "coordinates": [
          174.74111896132442,
          -36.80557405230237,
          -0.536
        ]
      },
      "properties": {
        "id": "0_186",
        "camera": "R0 - Red (Point)",
        "frame": "0375",
        "image": "pano_camera0/frame_0375_hp_preview.jpg",
        "frameId": "0375",
        "height": -0.536,
        "coords2D": "2D: (-4.759, 1.501)",
        "coords3D": "3D: (-4.759, 1.501, -0.536)",
        "easting": 397943.4792769131,
        "northing": 808227.4999269951,
        "longitude": 174.74111896132442,
        "latitude": -36.80557405230237,
        "group": "R0 - Red (229 points)",
        "canvasX": 912.29,
        "canvasY": 401.22
      }
    },
    {
      "type": "Feature",
      "geometry": {
        "type": "Point",
        "coordinates": [
          174.74112132771918,
          -36.80556976386939,
          -0.462
        ]
      },
      "properties": {
        "id": "0_187",
        "camera": "R0 - Red (Point)",
        "frame": "0376",
        "image": "pano_camera0/frame_0376_hp_preview.jpg",
        "frameId": "0376",
        "height": -0.462,
        "coords2D": "2D: (-4.982, 1.512)",
        "coords3D": "3D: (-4.982, 1.512, -0.462)",
        "easting": 397943.69031298335,
        "northing": 808227.9758348678,
        "longitude": 174.74112132771918,
        "latitude": -36.80556976386939,
        "group": "R0 - Red (229 points)",
        "canvasX": 916.2099999999999,
        "canvasY": 392.38
      }
    },
    {
      "type": "Feature",
      "geometry": {
        "type": "Point",
        "coordinates": [
          174.7411225596943,
          -36.80556591672011,
          -0.369
        ]
      },
      "properties": {
        "id": "0_188",
        "camera": "R0 - Red (Point)",
        "frame": "0377",
        "image": "pano_camera0/frame_0377_hp_preview.jpg",
        "frameId": "0377",
        "height": -0.369,
        "coords2D": "2D: (-5.157, 1.517)",
        "coords3D": "3D: (-5.157, 1.517, -0.369)",
        "easting": 397943.800137877,
        "northing": 808228.4027522241,
        "longitude": 174.7411225596943,
        "latitude": -36.80556591672011,
        "group": "R0 - Red (229 points)",
        "canvasX": 918.25,
        "canvasY": 384.45
      }
    },
    {
      "type": "Feature",
      "geometry": {
        "type": "Point",
        "coordinates": [
          174.74112386067998,
          -36.80555324921674,
          0.02
        ]
      },
      "properties": {
        "id": "0_189",
        "camera": "R0 - Red (Point)",
        "frame": "0378",
        "image": "pano_camera0/frame_0378_hp_preview.jpg",
        "frameId": "0378",
        "height": 0.02,
        "coords2D": "2D: (-5.660, 1.542)",
        "coords3D": "3D: (-5.660, 1.542, 0.020)",
        "easting": 397943.91588470124,
        "northing": 808229.8084031919,
        "longitude": 174.74112386067998,
        "latitude": -36.80555324921674,
        "group": "R0 - Red (229 points)",
        "canvasX": 920.4,
        "canvasY": 358.34000000000003
      }
    },
    {
      "type": "Feature",
      "geometry": {
        "type": "Point",
        "coordinates": [
          174.7411230895131,
          -36.80554953267489,
          0.168
        ]
      },
      "properties": {
        "id": "0_190",
        "camera": "R0 - Red (Point)",
        "frame": "0379",
        "image": "pano_camera0/frame_0379_hp_preview.jpg",
        "frameId": "0379",
        "height": 0.168,
        "coords2D": "2D: (-5.777, 1.530)",
        "coords3D": "3D: (-5.777, 1.530, 0.168)",
        "easting": 397943.846974964,
        "northing": 808230.2207849005,
        "longitude": 174.7411230895131,
        "latitude": -36.80554953267489,
        "group": "R0 - Red (229 points)",
        "canvasX": 919.1199999999999,
        "canvasY": 350.67999999999995
      }
    },
    {
      "type": "Feature",
      "geometry": {
        "type": "Point",
        "coordinates": [
          174.74112087667388,
          -36.80554474848245,
          0.395
        ]
      },
      "properties": {
        "id": "0_191",
        "camera": "R0 - Red (Point)",
        "frame": "0380",
        "image": "pano_camera0/frame_0380_hp_preview.jpg",
        "frameId": "0380",
        "height": 0.395,
        "coords2D": "2D: (-5.893, 1.525)",
        "coords3D": "3D: (-5.893, 1.525, 0.395)",
        "easting": 397943.64939782687,
        "northing": 808230.75160522,
        "longitude": 174.74112087667388,
        "latitude": -36.80554474848245,
        "group": "R0 - Red (229 points)",
        "canvasX": 915.4499999999999,
        "canvasY": 340.82
      }
    },
    {
      "type": "Feature",
      "geometry": {
        "type": "Point",
        "coordinates": [
          174.74112156483937,
          -36.8055435696558,
          0.414
        ]
      },
      "properties": {
        "id": "0_192",
        "camera": "R0 - Red (Point)",
        "frame": "0381",
        "image": "pano_camera0/frame_0381_hp_preview.jpg",
        "frameId": "0381",
        "height": 0.414,
        "coords2D": "2D: (-5.956, 1.406)",
        "coords3D": "3D: (-5.956, 1.406, 0.414)",
        "easting": 397943.71077056153,
        "northing": 808230.8824260493,
        "longitude": 174.74112156483937,
        "latitude": -36.8055435696558,
        "group": "R0 - Red (229 points)",
        "canvasX": 916.5899999999999,
        "canvasY": 338.39
      }
    },
    {
      "type": "Feature",
      "geometry": {
        "type": "Point",
        "coordinates": [
          174.74111923664967,
          -36.80554117247114,
          0.564
        ]
      },
      "properties": {
        "id": "0_193",
        "camera": "R0 - Red (Point)",
        "frame": "0382",
        "image": "pano_camera0/frame_0382_hp_preview.jpg",
        "frameId": "0382",
        "height": 0.564,
        "coords2D": "2D: (-5.981, 1.274)",
        "coords3D": "3D: (-5.981, 1.274, 0.564)",
        "easting": 397943.50296463526,
        "northing": 808231.1483745663,
        "longitude": 174.74111923664967,
        "latitude": -36.80554117247114,
        "group": "R0 - Red (229 points)",
        "canvasX": 912.73,
        "canvasY": 333.45
      }
    },
    {
      "type": "Feature",
      "geometry": {
        "type": "Point",
        "coordinates": [
          174.74111352385447,
          -36.805538260351554,
          0.832
        ]
      },
      "properties": {
        "id": "0_194",
        "camera": "R0 - Red (Point)",
        "frame": "0383",
        "image": "pano_camera0/frame_0383_hp_preview.jpg",
        "frameId": "0383",
        "height": 0.832,
        "coords2D": "2D: (-5.934, 1.476)",
        "coords3D": "3D: (-5.934, 1.476, 0.832)",
        "easting": 397942.9931402513,
        "northing": 808231.4713889596,
        "longitude": 174.74111352385447,
        "latitude": -36.805538260351554,
        "group": "R0 - Red (229 points)",
        "canvasX": 903.26,
        "canvasY": 327.45
      }
    },
    {
      "type": "Feature",
      "geometry": {
        "type": "Point",
        "coordinates": [
          174.7411130591429,
          -36.80553871632008,
          0.83
        ]
      },
      "properties": {
        "id": "0_195",
        "camera": "R0 - Red (Point)",
        "frame": "0384",
        "image": "pano_camera0/frame_0384_hp_preview.jpg",
        "frameId": "0384",
        "height": 0.83,
        "coords2D": "2D: (-5.904, 1.489)",
        "coords3D": "3D: (-5.904, 1.489, 0.830)",
        "easting": 397942.95168673754,
        "northing": 808231.4207833713,
        "longitude": 174.7411130591429,
        "latitude": -36.80553871632008,
        "group": "R0 - Red (229 points)",
        "canvasX": 902.49,
        "canvasY": 328.39
      }
    },
    {
      "type": "Feature",
      "geometry": {
        "type": "Point",
        "coordinates": [
          174.7411067361836,
          -36.80553842884472,
          1.028
        ]
      },
      "properties": {
        "id": "0_196",
        "camera": "R0 - Red (Point)",
        "frame": "0385",
        "image": "pano_camera0/frame_0385_hp_preview.jpg",
        "frameId": "0385",
        "height": 1.028,
        "coords2D": "2D: (-5.743, 1.498)",
        "coords3D": "3D: (-5.743, 1.498, 1.028)",
        "easting": 397942.38748826407,
        "northing": 808231.4525464532,
        "longitude": 174.7411067361836,
        "latitude": -36.80553842884472,
        "group": "R0 - Red (229 points)",
        "canvasX": 892.01,
        "canvasY": 327.79999999999995
      }
    },
    {
      "type": "Feature",
      "geometry": {
        "type": "Point",
        "coordinates": [
          174.7410933000928,
          -36.8055371599484,
          1.469
        ]
      },
      "properties": {
        "id": "0_197",
        "camera": "R0 - Red (Point)",
        "frame": "0386",
        "image": "pano_camera0/frame_0386_hp_preview.jpg",
        "frameId": "0386",
        "height": 1.469,
        "coords2D": "2D: (-5.426, 1.500)",
        "coords3D": "3D: (-5.426, 1.500, 1.469)",
        "easting": 397941.18856650795,
        "northing": 808231.5930577143,
        "longitude": 174.7410933000928,
        "latitude": -36.8055371599484,
        "group": "R0 - Red (229 points)",
        "canvasX": 869.74,
        "canvasY": 325.19
      }
    },
    {
      "type": "Feature",
      "geometry": {
        "type": "Point",
        "coordinates": [
          174.74108718251242,
          -36.80553606713177,
          1.688
        ]
      },
      "properties": {
        "id": "0_198",
        "camera": "R0 - Red (Point)",
        "frame": "0387",
        "image": "pano_camera0/frame_0387_hp_preview.jpg",
        "frameId": "0387",
        "height": 1.688,
        "coords2D": "2D: (-5.300, 1.496)",
        "coords3D": "3D: (-5.300, 1.496, 1.688)",
        "easting": 397940.64267218346,
        "northing": 808231.7141881117,
        "longitude": 174.74108718251242,
        "latitude": -36.80553606713177,
        "group": "R0 - Red (229 points)",
        "canvasX": 859.5999999999999,
        "canvasY": 322.94
      }
    },
    {
      "type": "Feature",
      "geometry": {
        "type": "Point",
        "coordinates": [
          174.74106777352546,
          -36.80553410328205,
          2.331
        ]
      },
      "properties": {
        "id": "0_199",
        "camera": "R0 - Red (Point)",
        "frame": "0388",
        "image": "pano_camera0/frame_0388_hp_preview.jpg",
        "frameId": "0388",
        "height": 2.331,
        "coords2D": "2D: (-4.847, 1.488)",
        "coords3D": "3D: (-4.847, 1.488, 2.331)",
        "easting": 397938.9107766786,
        "northing": 808231.9316844698,
        "longitude": 174.74106777352546,
        "latitude": -36.80553410328205,
        "group": "R0 - Red (229 points)",
        "canvasX": 827.43,
        "canvasY": 318.9
      }
    },
    {
      "type": "Feature",
      "geometry": {
        "type": "Point",
        "coordinates": [
          174.74105524824338,
          -36.80553363993843,
          2.718
        ]
      },
      "properties": {
        "id": "0_200",
        "camera": "R0 - Red (Point)",
        "frame": "0389",
        "image": "pano_camera0/frame_0389_hp_preview.jpg",
        "frameId": "0389",
        "height": 2.718,
        "coords2D": "2D: (-4.524, 1.474)",
        "coords3D": "3D: (-4.524, 1.474, 2.718)",
        "easting": 397937.7931468781,
        "northing": 808231.9828284155,
        "longitude": 174.74105524824338,
        "latitude": -36.80553363993843,
        "group": "R0 - Red (229 points)",
        "canvasX": 806.67,
        "canvasY": 317.95
      }
    },
    {
      "type": "Feature",
      "geometry": {
        "type": "Point",
        "coordinates": [
          174.74105018008413,
          -36.80553387183442,
          2.861
        ]
      },
      "properties": {
        "id": "0_201",
        "camera": "R0 - Red (Point)",
        "frame": "0390",
        "image": "pano_camera0/frame_0390_hp_preview.jpg",
        "frameId": "0390",
        "height": 2.861,
        "coords2D": "2D: (-4.378, 1.461)",
        "coords3D": "3D: (-4.378, 1.461, 2.861)",
        "easting": 397937.34092672763,
        "northing": 808231.956987264,
        "longitude": 174.74105018008413,
        "latitude": -36.80553387183442,
        "group": "R0 - Red (229 points)",
        "canvasX": 798.27,
        "canvasY": 318.42999999999995
      }
    },
    {
      "type": "Feature",
      "geometry": {
        "type": "Point",
        "coordinates": [
          174.74103972909734,
          -36.8055374260894,
          3.051
        ]
      },
      "properties": {
        "id": "0_202",
        "camera": "R0 - Red (Point)",
        "frame": "0391",
        "image": "pano_camera0/frame_0391_hp_preview.jpg",
        "frameId": "0391",
        "height": 3.051,
        "coords2D": "2D: (-3.964, 1.462)",
        "coords3D": "3D: (-3.964, 1.462, 3.051)",
        "easting": 397936.4084918459,
        "northing": 808231.562371347,
        "longitude": 174.74103972909734,
        "latitude": -36.8055374260894,
        "group": "R0 - Red (229 points)",
        "canvasX": 780.9499999999999,
        "canvasY": 325.76
      }
    },
    {
      "type": "Feature",
      "geometry": {
        "type": "Point",
        "coordinates": [
          174.74103913123088,
          -36.805539274465985,
          3.007
        ]
      },
      "properties": {
        "id": "0_203",
        "camera": "R0 - Red (Point)",
        "frame": "0392",
        "image": "pano_camera0/frame_0392_hp_preview.jpg",
        "frameId": "0392",
        "height": 3.007,
        "coords2D": "2D: (-3.879, 1.459)",
        "coords3D": "3D: (-3.879, 1.459, 3.007)",
        "easting": 397936.355194471,
        "northing": 808231.3572572073,
        "longitude": 174.74103913123088,
        "latitude": -36.805539274465985,
        "group": "R0 - Red (229 points)",
        "canvasX": 779.9599999999999,
        "canvasY": 329.57
      }
    },
    {
      "type": "Feature",
      "geometry": {
        "type": "Point",
        "coordinates": [
          174.74104328768607,
          -36.80554122080079,
          2.818
        ]
      },
      "properties": {
        "id": "0_204",
        "camera": "R0 - Red (Point)",
        "frame": "0393",
        "image": "pano_camera0/frame_0393_hp_preview.jpg",
        "frameId": "0393",
        "height": 2.818,
        "coords2D": "2D: (-3.920, 1.461)",
        "coords3D": "3D: (-3.920, 1.461, 2.818)",
        "easting": 397936.72612266586,
        "northing": 808231.1413759212,
        "longitude": 174.74104328768607,
        "latitude": -36.80554122080079,
        "group": "R0 - Red (229 points)",
        "canvasX": 786.8499999999999,
        "canvasY": 333.58
      }
    },
    {
      "type": "Feature",
      "geometry": {
        "type": "Point",
        "coordinates": [
          174.74104878433525,
          -36.805540605705076,
          2.675
        ]
      },
      "properties": {
        "id": "0_205",
        "camera": "R0 - Red (Point)",
        "frame": "0394",
        "image": "pano_camera0/frame_0394_hp_preview.jpg",
        "frameId": "0394",
        "height": 2.675,
        "coords2D": "2D: (-4.092, 1.455)",
        "coords3D": "3D: (-4.092, 1.455, 2.675)",
        "easting": 397937.2165661862,
        "northing": 808231.2097473011,
        "longitude": 174.74104878433525,
        "latitude": -36.805540605705076,
        "group": "R0 - Red (229 points)",
        "canvasX": 795.9599999999999,
        "canvasY": 332.31
      }
    },
    {
      "type": "Feature",
      "geometry": {
        "type": "Point",
        "coordinates": [
          174.74105794951566,
          -36.805539326640805,
          2.446
        ]
      },
      "properties": {
        "id": "0_206",
        "camera": "R0 - Red (Point)",
        "frame": "0395",
        "image": "pano_camera0/frame_0395_hp_preview.jpg",
        "frameId": "0395",
        "height": 2.446,
        "coords2D": "2D: (-4.387, 1.453)",
        "coords3D": "3D: (-4.387, 1.453, 2.446)",
        "easting": 397938.0343309583,
        "northing": 808231.351873634,
        "longitude": 174.74105794951566,
        "latitude": -36.805539326640805,
        "group": "R0 - Red (229 points)",
        "canvasX": 811.15,
        "canvasY": 329.66999999999996
      }
    },
    {
      "type": "Feature",
      "geometry": {
        "type": "Point",
        "coordinates": [
          174.74106745180188,
          -36.805540599628834,
          2.121
        ]
      },
      "properties": {
        "id": "0_207",
        "camera": "R0 - Red (Point)",
        "frame": "0396",
        "image": "pano_camera0/frame_0396_hp_preview.jpg",
        "frameId": "0396",
        "height": 2.121,
        "coords2D": "2D: (-4.598, 1.459)",
        "coords3D": "3D: (-4.598, 1.459, 2.121)",
        "easting": 397938.8822437405,
        "northing": 808231.2108240157,
        "longitude": 174.74106745180188,
        "latitude": -36.805540599628834,
        "group": "R0 - Red (229 points)",
        "canvasX": 826.9,
        "canvasY": 332.28999999999996
      }
    },
    {
      "type": "Feature",
      "geometry": {
        "type": "Point",
        "coordinates": [
          174.74107193205737,
          -36.805549226798895,
          1.697
        ]
      },
      "properties": {
        "id": "0_208",
        "camera": "R0 - Red (Point)",
        "frame": "0397",
        "image": "pano_camera0/frame_0397_hp_preview.jpg",
        "frameId": "0397",
        "height": 1.697,
        "coords2D": "2D: (-4.401, 1.482)",
        "coords3D": "3D: (-4.401, 1.482, 1.697)",
        "easting": 397939.28224323073,
        "northing": 808230.2536246972,
        "longitude": 174.74107193205737,
        "latitude": -36.805549226798895,
        "group": "R0 - Red (229 points)",
        "canvasX": 834.3299999999999,
        "canvasY": 350.07
      }
    },
    {
      "type": "Feature",
      "geometry": {
        "type": "Point",
        "coordinates": [
          174.7410715267969,
          -36.80555262290129,
          1.595
        ]
      },
      "properties": {
        "id": "0_209",
        "camera": "R0 - Red (Point)",
        "frame": "0398",
        "image": "pano_camera0/frame_0398_hp_preview.jpg",
        "frameId": "0398",
        "height": 1.595,
        "coords2D": "2D: (-4.265, 1.480)",
        "coords3D": "3D: (-4.265, 1.480, 1.595)",
        "easting": 397939.2461732902,
        "northing": 808229.8767745717,
        "longitude": 174.7410715267969,
        "latitude": -36.80555262290129,
        "group": "R0 - Red (229 points)",
        "canvasX": 833.66,
        "canvasY": 357.07
      }
    },
    {
      "type": "Feature",
      "geometry": {
        "type": "Point",
        "coordinates": [
          174.74106387419138,
          -36.80555995231443,
          1.575
        ]
      },
      "properties": {
        "id": "0_210",
        "camera": "R0 - Red (Point)",
        "frame": "0399",
        "image": "pano_camera0/frame_0399_hp_preview.jpg",
        "frameId": "0399",
        "height": 1.575,
        "coords2D": "2D: (-3.786, 1.484)",
        "coords3D": "3D: (-3.786, 1.484, 1.575)",
        "easting": 397938.5635362059,
        "northing": 808229.0633166583,
        "longitude": 174.74106387419138,
        "latitude": -36.80555995231443,
        "group": "R0 - Red (229 points)",
        "canvasX": 820.9799999999999,
        "canvasY": 372.17999999999995
      }
    },
    {
      "type": "Feature",
      "geometry": {
        "type": "Point",
        "coordinates": [
          174.74105105891928,
          -36.80556075520442,
          1.928
        ]
      },
      "properties": {
        "id": "0_211",
        "camera": "R0 - Red (Point)",
        "frame": "0400",
        "image": "pano_camera0/frame_0400_hp_preview.jpg",
        "frameId": "0400",
        "height": 1.928,
        "coords2D": "2D: (-3.409, 1.463)",
        "coords3D": "3D: (-3.409, 1.463, 1.928)",
        "easting": 397937.420065254,
        "northing": 808228.9739493427,
        "longitude": 174.74105105891928,
        "latitude": -36.80556075520442,
        "group": "R0 - Red (229 points)",
        "canvasX": 799.74,
        "canvasY": 373.84000000000003
      }
    },
    {
      "type": "Feature",
      "geometry": {
        "type": "Point",
        "coordinates": [
          174.74104093479102,
          -36.80556079690142,
          2.227
        ]
      },
      "properties": {
        "id": "0_212",
        "camera": "R0 - Red (Point)",
        "frame": "0401",
        "image": "pano_camera0/frame_0401_hp_preview.jpg",
        "frameId": "0401",
        "height": 2.227,
        "coords2D": "2D: (-3.133, 1.456)",
        "coords3D": "3D: (-3.133, 1.456, 2.227)",
        "easting": 397936.5167016676,
        "northing": 808228.9691041269,
        "longitude": 174.74104093479102,
        "latitude": -36.80556079690142,
        "group": "R0 - Red (229 points)",
        "canvasX": 782.9599999999999,
        "canvasY": 373.92999999999995
      }
    },
    {
      "type": "Feature",
      "geometry": {
        "type": "Point",
        "coordinates": [
          174.7410402590295,
          -36.80556085013858,
          2.246
        ]
      },
      "properties": {
        "id": "0_213",
        "camera": "R0 - Red (Point)",
        "frame": "0402",
        "image": "pano_camera0/frame_0402_hp_preview.jpg",
        "frameId": "0402",
        "height": 2.246,
        "coords2D": "2D: (-3.113, 1.454)",
        "coords3D": "3D: (-3.113, 1.454, 2.246)",
        "easting": 397936.45640564756,
        "northing": 808228.9631821964,
        "longitude": 174.7410402590295,
        "latitude": -36.80556085013858,
        "group": "R0 - Red (229 points)",
        "canvasX": 781.8399999999999,
        "canvasY": 374.03999999999996
      }
    },
    {
      "type": "Feature",
      "geometry": {
        "type": "Point",
        "coordinates": [
          174.7410306839838,
          -36.80556076094594,
          2.533
        ]
      },
      "properties": {
        "id": "0_214",
        "camera": "R0 - Red (Point)",
        "frame": "0403",
        "image": "pano_camera0/frame_0403_hp_preview.jpg",
        "frameId": "0403",
        "height": 2.533,
        "coords2D": "2D: (-2.857, 1.445)",
        "coords3D": "3D: (-2.857, 1.445, 2.533)",
        "easting": 397935.60203257756,
        "northing": 808228.9728726281,
        "longitude": 174.7410306839838,
        "latitude": -36.80556076094594,
        "group": "R0 - Red (229 points)",
        "canvasX": 765.9699999999999,
        "canvasY": 373.86
      }
    },
    {
      "type": "Feature",
      "geometry": {
        "type": "Point",
        "coordinates": [
          174.7410220900164,
          -36.80556855593524,
          2.526
        ]
      },
      "properties": {
        "id": "0_215",
        "camera": "R0 - Red (Point)",
        "frame": "0404",
        "image": "pano_camera0/frame_0404_hp_preview.jpg",
        "frameId": "0404",
        "height": 2.526,
        "coords2D": "2D: (-2.336, 1.443)",
        "coords3D": "3D: (-2.336, 1.443, 2.526)",
        "easting": 397934.835411751,
        "northing": 808228.1077324117,
        "longitude": 174.7410220900164,
        "latitude": -36.80556855593524,
        "group": "R0 - Red (229 points)",
        "canvasX": 751.7299999999999,
        "canvasY": 389.92999999999995
      }
    },
    {
      "type": "Feature",
      "geometry": {
        "type": "Point",
        "coordinates": [
          174.74102215613752,
          -36.80556937588325,
          2.496
        ]
      },
      "properties": {
        "id": "0_216",
        "camera": "R0 - Red (Point)",
        "frame": "0405",
        "image": "pano_camera0/frame_0405_hp_preview.jpg",
        "frameId": "0405",
        "height": 2.496,
        "coords2D": "2D: (-2.307, 1.449)",
        "coords3D": "3D: (-2.307, 1.449, 2.496)",
        "easting": 397934.84133368154,
        "northing": 808228.0167500243,
        "longitude": 174.74102215613752,
        "latitude": -36.80556937588325,
        "group": "R0 - Red (229 points)",
        "canvasX": 751.8399999999999,
        "canvasY": 391.62
      }
    },
    {
      "type": "Feature",
      "geometry": {
        "type": "Point",
        "coordinates": [
          174.7410279939712,
          -36.8055778141033,
          2.038
        ]
      },
      "properties": {
        "id": "0_217",
        "camera": "R0 - Red (Point)",
        "frame": "0406",
        "image": "pano_camera0/frame_0406_hp_preview.jpg",
        "frameId": "0406",
        "height": 2.038,
        "coords2D": "2D: (-2.154, 1.464)",
        "coords3D": "3D: (-2.154, 1.464, 2.038)",
        "easting": 397935.36246356927,
        "northing": 808227.0805466413,
        "longitude": 174.7410279939712,
        "latitude": -36.8055778141033,
        "group": "R0 - Red (229 points)",
        "canvasX": 761.52,
        "canvasY": 409.01
      }
    },
    {
      "type": "Feature",
      "geometry": {
        "type": "Point",
        "coordinates": [
          174.74103904092087,
          -36.805578762331045,
          1.678
        ]
      },
      "properties": {
        "id": "0_218",
        "camera": "R0 - Red (Point)",
        "frame": "0407",
        "image": "pano_camera0/frame_0407_hp_preview.jpg",
        "frameId": "0407",
        "height": 1.678,
        "coords2D": "2D: (-2.419, 1.455)",
        "coords3D": "3D: (-2.419, 1.455, 1.678)",
        "easting": 397936.3481958258,
        "northing": 808226.9755669634,
        "longitude": 174.74103904092087,
        "latitude": -36.805578762331045,
        "group": "R0 - Red (229 points)",
        "canvasX": 779.8299999999999,
        "canvasY": 410.96
      }
    },
    {
      "type": "Feature",
      "geometry": {
        "type": "Point",
        "coordinates": [
          174.74104484499685,
          -36.80557908367095,
          1.495
        ]
      },
      "properties": {
        "id": "0_219",
        "camera": "R0 - Red (Point)",
        "frame": "0408",
        "image": "pano_camera0/frame_0408_hp_preview.jpg",
        "frameId": "0408",
        "height": 1.495,
        "coords2D": "2D: (-2.564, 1.462)",
        "coords3D": "3D: (-2.564, 1.462, 1.495)",
        "easting": 397936.8660955696,
        "northing": 808226.9400353802,
        "longitude": 174.74104484499685,
        "latitude": -36.80557908367095,
        "group": "R0 - Red (229 points)",
        "canvasX": 789.4499999999999,
        "canvasY": 411.62
      }
    },
    {
      "type": "Feature",
      "geometry": {
        "type": "Point",
        "coordinates": [
          174.74104913473843,
          -36.80557920579704,
          1.363
        ]
      },
      "properties": {
        "id": "0_220",
        "camera": "R0 - Red (Point)",
        "frame": "0409",
        "image": "pano_camera0/frame_0409_hp_preview.jpg",
        "frameId": "0409",
        "height": 1.363,
        "coords2D": "2D: (-2.676, 1.457)",
        "coords3D": "3D: (-2.676, 1.457, 1.363)",
        "easting": 397937.24886762555,
        "northing": 808226.9265764472,
        "longitude": 174.74104913473843,
        "latitude": -36.80557920579704,
        "group": "R0 - Red (229 points)",
        "canvasX": 796.56,
        "canvasY": 411.87
      }
    },
    {
      "type": "Feature",
      "geometry": {
        "type": "Point",
        "coordinates": [
          174.74105732725033,
          -36.805582215435294,
          1.019
        ]
      },
      "properties": {
        "id": "0_221",
        "camera": "R0 - Red (Point)",
        "frame": "0410",
        "image": "pano_camera0/frame_0410_hp_preview.jpg",
        "frameId": "0410",
        "height": 1.019,
        "coords2D": "2D: (-2.787, 1.477)",
        "coords3D": "3D: (-2.787, 1.477, 1.019)",
        "easting": 397937.9799568688,
        "northing": 808226.5927949075,
        "longitude": 174.74105732725033,
        "latitude": -36.805582215435294,
        "group": "R0 - Red (229 points)",
        "canvasX": 810.14,
        "canvasY": 418.07
      }
    },
    {
      "type": "Feature",
      "geometry": {
        "type": "Point",
        "coordinates": [
          174.74106180649403,
          -36.8055942145281,
          0.481
        ]
      },
      "properties": {
        "id": "0_222",
        "camera": "R0 - Red (Point)",
        "frame": "0411",
        "image": "pano_camera0/frame_0411_hp_preview.jpg",
        "frameId": "0411",
        "height": 0.481,
        "coords2D": "2D: (-2.465, 1.473)",
        "coords3D": "3D: (-2.465, 1.473, 0.481)",
        "easting": 397938.3799563591,
        "northing": 808225.2614372502,
        "longitude": 174.74106180649403,
        "latitude": -36.8055942145281,
        "group": "R0 - Red (229 points)",
        "canvasX": 817.5699999999999,
        "canvasY": 442.8
      }
    },
    {
      "type": "Feature",
      "geometry": {
        "type": "Point",
        "coordinates": [
          174.74106183012057,
          -36.80559590291984,
          0.423
        ]
      },
      "properties": {
        "id": "0_223",
        "camera": "R0 - Red (Point)",
        "frame": "0412",
        "image": "pano_camera0/frame_0412_hp_preview.jpg",
        "frameId": "0412",
        "height": 0.423,
        "coords2D": "2D: (-2.404, 1.466)",
        "coords3D": "3D: (-2.404, 1.466, 0.423)",
        "easting": 397938.38210978836,
        "northing": 808225.0740889022,
        "longitude": 174.74106183012057,
        "latitude": -36.80559590291984,
        "group": "R0 - Red (229 points)",
        "canvasX": 817.6099999999999,
        "canvasY": 446.28
      }
    },
    {
      "type": "Feature",
      "geometry": {
        "type": "Point",
        "coordinates": [
          174.741062981185,
          -36.80560030847547,
          0.241
        ]
      },
      "properties": {
        "id": "0_224",
        "camera": "R0 - Red (Point)",
        "frame": "0413",
        "image": "pano_camera0/frame_0413_hp_preview.jpg",
        "frameId": "0413",
        "height": 0.241,
        "coords2D": "2D: (-2.272, 1.471)",
        "coords3D": "3D: (-2.272, 1.471, 0.241)",
        "easting": 397938.48493603687,
        "northing": 808224.5852604538,
        "longitude": 174.741062981185,
        "latitude": -36.80560030847547,
        "group": "R0 - Red (229 points)",
        "canvasX": 819.52,
        "canvasY": 455.36
      }
    },
    {
      "type": "Feature",
      "geometry": {
        "type": "Point",
        "coordinates": [
          174.74106342773132,
          -36.80560007082955,
          0.235
        ]
      },
      "properties": {
        "id": "0_225",
        "camera": "R0 - Red (Point)",
        "frame": "0414",
        "image": "pano_camera0/frame_0414_hp_preview.jpg",
        "frameId": "0414",
        "height": 0.235,
        "coords2D": "2D: (-2.293, 1.473)",
        "coords3D": "3D: (-2.293, 1.473, 0.235)",
        "easting": 397938.5247744787,
        "northing": 808224.6116399625,
        "longitude": 174.74106342773132,
        "latitude": -36.80560007082955,
        "group": "R0 - Red (229 points)",
        "canvasX": 820.26,
        "canvasY": 454.87
      }
    },
    {
      "type": "Feature",
      "geometry": {
        "type": "Point",
        "coordinates": [
          174.74106342774445,
          -36.805600027164346,
          0.237
        ]
      },
      "properties": {
        "id": "0_226",
        "camera": "R0 - Red (Point)",
        "frame": "0415",
        "image": "pano_camera0/frame_0415_hp_preview.jpg",
        "frameId": "0415",
        "height": 0.237,
        "coords2D": "2D: (-2.294, 1.473)",
        "coords3D": "3D: (-2.294, 1.473, 0.237)",
        "easting": 397938.5247744787,
        "northing": 808224.6164851785,
        "longitude": 174.74106342774445,
        "latitude": -36.805600027164346,
        "group": "R0 - Red (229 points)",
        "canvasX": 820.26,
        "canvasY": 454.78
      }
    },
    {
      "type": "Feature",
      "geometry": {
        "type": "Point",
        "coordinates": [
          174.74106339152192,
          -36.805600099932626,
          0.235
        ]
      },
      "properties": {
        "id": "0_227",
        "camera": "R0 - Red (End)",
        "frame": "0416",
        "image": "pano_camera0/frame_0416_hp_preview.jpg",
        "frameId": "0416",
        "height": 0.235,
        "coords2D": "2D: (-2.291, 1.469)",
        "coords3D": "3D: (-2.291, 1.469, 0.235)",
        "easting": 397938.52154433477,
        "northing": 808224.6084098186,
        "longitude": 174.74106339152192,
        "latitude": -36.805600099932626,
        "group": "R0 - Red (229 points)",
        "canvasX": 820.1999999999999,
        "canvasY": 454.93
      }
    },
    {
      "type": "Feature",
      "geometry": {
        "type": "Point",
        "coordinates": [
          174.74101256474322,
          -36.805753652600465,
          -3.32
        ]
      },
      "properties": {
        "id": "1_0",
        "camera": "R1 - Green (Point)",
        "frame": "0016",
        "image": "pano_camera0/frame_0016_hp_preview.jpg",
        "frameId": "0016",
        "height": -3.32,
        "coords2D": "2D: (-1.506, 0.041)",
        "coords3D": "3D: (-1.506, 0.041, -3.320)",
        "easting": 397933.9904548999,
        "northing": 808207.5686622929,
        "longitude": 174.74101256474322,
        "latitude": -36.805753652600465,
        "group": "R1 - Green (90 points)",
        "canvasX": 736.0349064897525,
        "canvasY": 771.4437136482411
      }
    },
    {
      "type": "Feature",
      "geometry": {
        "type": "Point",
        "coordinates": [
          174.74101286847636,
          -36.80574845060801,
          -3.154
        ]
      },
      "properties": {
        "id": "1_1",
        "camera": "R1 - Green (Point)",
        "frame": "0017",
        "image": "pano_camera0/frame_0017_hp_preview.jpg",
        "frameId": "0017",
        "height": -3.154,
        "coords2D": "2D: (-1.134, 0.033)",
        "coords3D": "3D: (-1.134, 0.033, -3.154)",
        "easting": 397934.0174168549,
        "northing": 808208.1458970783,
        "longitude": 174.74101286847636,
        "latitude": -36.80574845060801,
        "group": "R1 - Green (90 points)",
        "canvasX": 736.5357254417827,
        "canvasY": 760.7215638462058
      }
    },
    {
      "type": "Feature",
      "geometry": {
        "type": "Point",
        "coordinates": [
          174.74101398407103,
          -36.80574241169476,
          -2.917
        ]
      },
      "properties": {
        "id": "1_2",
        "camera": "R1 - Green (Point)",
        "frame": "0018",
        "image": "pano_camera0/frame_0018_hp_preview.jpg",
        "frameId": "0018",
        "height": -2.917,
        "coords2D": "2D: (-0.719, 0.036)",
        "coords3D": "3D: (-0.719, 0.036, -2.917)",
        "easting": 397934.1167976569,
        "northing": 808208.8160165665,
        "longitude": 174.74101398407103,
        "latitude": -36.80574241169476,
        "group": "R1 - Green (90 points)",
        "canvasX": 738.3817261913099,
        "canvasY": 748.2740784908119
      }
    },
    {
      "type": "Feature",
      "geometry": {
        "type": "Point",
        "coordinates": [
          174.7410160909313,
          -36.80573868201404,
          -2.687
        ]
      },
      "properties": {
        "id": "1_3",
        "camera": "R1 - Green (Point)",
        "frame": "0019",
        "image": "pano_camera0/frame_0019_hp_preview.jpg",
        "frameId": "0019",
        "height": -2.687,
        "coords2D": "2D: (-0.496, 0.036)",
        "coords3D": "3D: (-0.496, 0.036, -2.687)",
        "easting": 397934.30468983104,
        "northing": 808209.229918305,
        "longitude": 174.7410160909313,
        "latitude": -36.80573868201404,
        "group": "R1 - Green (90 points)",
        "canvasX": 741.8718277736465,
        "canvasY": 740.5858439011956
      }
    },
    {
      "type": "Feature",
      "geometry": {
        "type": "Point",
        "coordinates": [
          174.74102006750448,
          -36.805735396267394,
          -2.36
        ]
      },
      "properties": {
        "id": "1_4",
        "camera": "R1 - Green (Point)",
        "frame": "0020",
        "image": "pano_camera0/frame_0020_hp_preview.jpg",
        "frameId": "0020",
        "height": -2.36,
        "coords2D": "2D: (-0.347, 0.038)",
        "coords3D": "3D: (-0.347, 0.038, -2.360)",
        "easting": 397934.65942596627,
        "northing": 808209.5946001977,
        "longitude": 174.74102006750448,
        "latitude": -36.805735396267394,
        "group": "R1 - Green (90 points)",
        "canvasX": 748.46105988298,
        "canvasY": 733.8118691087028
      }
    },
    {
      "type": "Feature",
      "geometry": {
        "type": "Point",
        "coordinates": [
          174.74102867524718,
          -36.80573221950713,
          -1.765
        ]
      },
      "properties": {
        "id": "1_5",
        "camera": "R1 - Green (Point)",
        "frame": "0021",
        "image": "pano_camera0/frame_0021_hp_preview.jpg",
        "frameId": "0021",
        "height": -1.765,
        "coords2D": "2D: (-0.313, 0.023)",
        "coords3D": "3D: (-0.313, 0.023, -1.765)",
        "easting": 397935.4273982438,
        "northing": 808209.9472886204,
        "longitude": 174.74102867524718,
        "latitude": -36.80573221950713,
        "group": "R1 - Green (90 points)",
        "canvasX": 762.7261631168446,
        "canvasY": 727.2606733089128
      }
    },
    {
      "type": "Feature",
      "geometry": {
        "type": "Point",
        "coordinates": [
          174.74104335385067,
          -36.80572778310684,
          -0.779
        ]
      },
      "properties": {
        "id": "1_6",
        "camera": "R1 - Green (Point)",
        "frame": "0022",
        "image": "pano_camera0/frame_0022_hp_preview.jpg",
        "frameId": "0022",
        "height": -0.779,
        "coords2D": "2D: (-0.325, 0.005)",
        "coords3D": "3D: (-0.325, 0.005, -0.779)",
        "easting": 397936.7370317632,
        "northing": 808210.4398812855,
        "longitude": 174.74104335385067,
        "latitude": -36.80572778310684,
        "group": "R1 - Green (90 points)",
        "canvasX": 787.0526367410235,
        "canvasY": 718.1107528932957
      }
    },
    {
      "type": "Feature",
      "geometry": {
        "type": "Point",
        "coordinates": [
          174.74104946183445,
          -36.805725419234136,
          -0.353
        ]
      },
      "properties": {
        "id": "1_7",
        "camera": "R1 - Green (Point)",
        "frame": "0023",
        "image": "pano_camera0/frame_0023_hp_preview.jpg",
        "frameId": "0023",
        "height": -0.353,
        "coords2D": "2D: (-0.293, -0.012)",
        "coords3D": "3D: (-0.293, -0.012, -0.353)",
        "easting": 397937.28197577223,
        "northing": 808210.7023152367,
        "longitude": 174.74104946183445,
        "latitude": -36.805725419234136,
        "group": "R1 - Green (90 points)",
        "canvasX": 797.1749846087574,
        "canvasY": 713.23603603951
      }
    },
    {
      "type": "Feature",
      "geometry": {
        "type": "Point",
        "coordinates": [
          174.74105420450252,
          -36.8057245213621,
          -0.05
        ]
      },
      "properties": {
        "id": "1_8",
        "camera": "R1 - Green (Point)",
        "frame": "0024",
        "image": "pano_camera0/frame_0024_hp_preview.jpg",
        "frameId": "0024",
        "height": -0.05,
        "coords2D": "2D: (-0.336, -0.017)",
        "coords3D": "3D: (-0.336, -0.017, -0.050)",
        "easting": 397937.70513378474,
        "northing": 808210.802048012,
        "longitude": 174.74105420450252,
        "latitude": -36.8057245213621,
        "group": "R1 - Green (90 points)",
        "canvasX": 805.0351547077902,
        "canvasY": 711.3834973774917
      }
    },
    {
      "type": "Feature",
      "geometry": {
        "type": "Point",
        "coordinates": [
          174.74106300634404,
          -36.80572581820477,
          0.429
        ]
      },
      "properties": {
        "id": "1_9",
        "camera": "R1 - Green (Point)",
        "frame": "0025",
        "image": "pano_camera0/frame_0025_hp_preview.jpg",
        "frameId": "0025",
        "height": 0.429,
        "coords2D": "2D: (-0.632, -0.015)",
        "coords3D": "3D: (-0.632, -0.015, 0.429)",
        "easting": 397938.49054540345,
        "northing": 808210.658336342,
        "longitude": 174.74106300634404,
        "latitude": -36.80572581820477,
        "group": "R1 - Green (90 points)",
        "canvasX": 819.6241941170982,
        "canvasY": 714.0529450495121
      }
    },
    {
      "type": "Feature",
      "geometry": {
        "type": "Point",
        "coordinates": [
          174.74106791529465,
          -36.805728733672716,
          0.634
        ]
      },
      "properties": {
        "id": "1_10",
        "camera": "R1 - Green (Point)",
        "frame": "0026",
        "image": "pano_camera0/frame_0026_hp_preview.jpg",
        "frameId": "0026",
        "height": 0.634,
        "coords2D": "2D: (-0.957, 0.006)",
        "coords3D": "3D: (-0.957, 0.006, 0.634)",
        "easting": 397938.92864280223,
        "northing": 808210.3349333411,
        "longitude": 174.74106791529465,
        "latitude": -36.805728733672716,
        "group": "R1 - Green (90 points)",
        "canvasX": 827.7618636693048,
        "canvasY": 720.0601634456659
      }
    },
    {
      "type": "Feature",
      "geometry": {
        "type": "Point",
        "coordinates": [
          174.74107058193218,
          -36.80573192790709,
          0.699
        ]
      },
      "properties": {
        "id": "1_11",
        "camera": "R1 - Green (Point)",
        "frame": "0027",
        "image": "pano_camera0/frame_0027_hp_preview.jpg",
        "frameId": "0027",
        "height": 0.699,
        "coords2D": "2D: (-1.251, 0.008)",
        "coords3D": "3D: (-1.251, 0.008, 0.699)",
        "easting": 397939.1666689817,
        "northing": 808209.9805492648,
        "longitude": 174.74107058193218,
        "latitude": -36.80573192790709,
        "group": "R1 - Green (90 points)",
        "canvasX": 832.1832055888442,
        "canvasY": 726.642856052079
      }
    },
    {
      "type": "Feature",
      "geometry": {
        "type": "Point",
        "coordinates": [
          174.74107238494088,
          -36.805723630437164,
          1.041
        ]
      },
      "properties": {
        "id": "1_12",
        "camera": "R1 - Green (Point)",
        "frame": "0028",
        "image": "pano_camera0/frame_0028_hp_preview.jpg",
        "frameId": "0028",
        "height": 1.041,
        "coords2D": "2D: (-0.687, -0.009)",
        "coords3D": "3D: (-0.687, -0.009, 1.041)",
        "easting": 397939.3273267487,
        "northing": 808210.9012995246,
        "longitude": 174.74107238494088,
        "latitude": -36.805723630437164,
        "group": "R1 - Green (90 points)",
        "canvasX": 835.1674274126829,
        "canvasY": 709.539898180818
      }
    },
    {
      "type": "Feature",
      "geometry": {
        "type": "Point",
        "coordinates": [
          174.7410715372066,
          -36.80571360040073,
          1.277
        ]
      },
      "properties": {
        "id": "1_13",
        "camera": "R1 - Green (Point)",
        "frame": "0029",
        "image": "pano_camera0/frame_0029_hp_preview.jpg",
        "frameId": "0029",
        "height": 1.277,
        "coords2D": "2D: (0.063, -0.002)",
        "coords3D": "3D: (0.063, -0.002, 1.277)",
        "easting": 397939.2514157542,
        "northing": 808212.0142432895,
        "longitude": 174.7410715372066,
        "latitude": -36.80571360040073,
        "group": "R1 - Green (90 points)",
        "canvasX": 833.7573788934627,
        "canvasY": 688.8669414030988
      }
    },
    {
      "type": "Feature",
      "geometry": {
        "type": "Point",
        "coordinates": [
          174.74107154225103,
          -36.805704373305026,
          1.54
        ]
      },
      "properties": {
        "id": "1_14",
        "camera": "R1 - Green (Point)",
        "frame": "0030",
        "image": "pano_camera0/frame_0030_hp_preview.jpg",
        "frameId": "0030",
        "height": 1.54,
        "coords2D": "2D: (0.736, -0.007)",
        "coords3D": "3D: (0.736, -0.007, 1.540)",
        "easting": 397939.25161860994,
        "northing": 808213.0381087835,
        "longitude": 174.74107154225103,
        "latitude": -36.805704373305026,
        "group": "R1 - Green (90 points)",
        "canvasX": 833.7611469429274,
        "canvasY": 669.8486156144863
      }
    },
    {
      "type": "Feature",
      "geometry": {
        "type": "Point",
        "coordinates": [
          174.74107376817034,
          -36.80569808657805,
          1.85
        ]
      },
      "properties": {
        "id": "1_15",
        "camera": "R1 - Green (Point)",
        "frame": "0031",
        "image": "pano_camera0/frame_0031_hp_preview.jpg",
        "frameId": "0031",
        "height": 1.85,
        "coords2D": "2D: (1.143, 0.005)",
        "coords3D": "3D: (1.143, 0.005, 1.850)",
        "easting": 397939.4500660957,
        "northing": 808213.7357502619,
        "longitude": 174.74107376817034,
        "latitude": -36.80569808657805,
        "group": "R1 - Green (90 points)",
        "canvasX": 837.4473136890485,
        "canvasY": 656.8899086388737
      }
    },
    {
      "type": "Feature",
      "geometry": {
        "type": "Point",
        "coordinates": [
          174.7410807487302,
          -36.805695618844055,
          2.329
        ]
      },
      "properties": {
        "id": "1_16",
        "camera": "R1 - Green (Point)",
        "frame": "0032",
        "image": "pano_camera0/frame_0032_hp_preview.jpg",
        "frameId": "0032",
        "height": 2.329,
        "coords2D": "2D: (1.163, -0.012)",
        "coords3D": "3D: (1.163, -0.012, 2.329)",
        "easting": 397940.0728664759,
        "northing": 808214.009727586,
        "longitude": 174.7410807487302,
        "latitude": -36.805695618844055,
        "group": "R1 - Green (90 points)",
        "canvasX": 849.0158454935254,
        "canvasY": 651.8007733597906
      }
    },
    {
      "type": "Feature",
      "geometry": {
        "type": "Point",
        "coordinates": [
          174.74108526957454,
          -36.8056962810575,
          2.575
        ]
      },
      "properties": {
        "id": "1_17",
        "camera": "R1 - Green (Point)",
        "frame": "0033",
        "image": "pano_camera0/frame_0033_hp_preview.jpg",
        "frameId": "0033",
        "height": 2.575,
        "coords2D": "2D: (1.011, -0.023)",
        "coords3D": "3D: (1.011, -0.023, 2.575)",
        "easting": 397940.47627341247,
        "northing": 808213.9363438215,
        "longitude": 174.74108526957454,
        "latitude": -36.8056962810575,
        "group": "R1 - Green (90 points)",
        "canvasX": 856.5091388893958,
        "canvasY": 653.1638785220593
      }
    },
    {
      "type": "Feature",
      "geometry": {
        "type": "Point",
        "coordinates": [
          174.741093905267,
          -36.80570475556085,
          2.84
        ]
      },
      "properties": {
        "id": "1_18",
        "camera": "R1 - Green (Point)",
        "frame": "0034",
        "image": "pano_camera0/frame_0034_hp_preview.jpg",
        "frameId": "0034",
        "height": 2.84,
        "coords2D": "2D: (0.196, -0.003)",
        "coords3D": "3D: (0.196, -0.003, 2.840)",
        "easting": 397941.24705215363,
        "northing": 808212.9961742077,
        "longitude": 174.741093905267,
        "latitude": -36.80570475556085,
        "group": "R1 - Green (90 points)",
        "canvasX": 870.8263722528061,
        "canvasY": 670.6275513550476
      }
    },
    {
      "type": "Feature",
      "geometry": {
        "type": "Point",
        "coordinates": [
          174.7410938868341,
          -36.805707930208165,
          2.749
        ]
      },
      "properties": {
        "id": "1_19",
        "camera": "R1 - Green (Point)",
        "frame": "0035",
        "image": "pano_camera0/frame_0035_hp_preview.jpg",
        "frameId": "0035",
        "height": 2.749,
        "coords2D": "2D: (-0.035, 0.000)",
        "coords3D": "3D: (-0.035, 0.000, 2.749)",
        "easting": 397941.24549239833,
        "northing": 808212.6439057074,
        "longitude": 174.7410938868341,
        "latitude": -36.805707930208165,
        "group": "R1 - Green (90 points)",
        "canvasX": 870.797399761489,
        "canvasY": 677.1709470846934
      }
    },
    {
      "type": "Feature",
      "geometry": {
        "type": "Point",
        "coordinates": [
          174.74109316452876,
          -36.805715878331064,
          2.48
        ]
      },
      "properties": {
        "id": "1_20",
        "camera": "R1 - Green (Point)",
        "frame": "0036",
        "image": "pano_camera0/frame_0036_hp_preview.jpg",
        "frameId": "0036",
        "height": 2.48,
        "coords2D": "2D: (-0.598, -0.018)",
        "coords3D": "3D: (-0.598, -0.018, 2.480)",
        "easting": 397941.18125479994,
        "northing": 808211.7619433138,
        "longitude": 174.74109316452876,
        "latitude": -36.805715878331064,
        "group": "R1 - Green (90 points)",
        "canvasX": 869.6041848498106,
        "canvasY": 693.5534194248058
      }
    },
    {
      "type": "Feature",
      "geometry": {
        "type": "Point",
        "coordinates": [
          174.74109367247073,
          -36.80572186450816,
          2.339
        ]
      },
      "properties": {
        "id": "1_21",
        "camera": "R1 - Green (Point)",
        "frame": "0037",
        "image": "pano_camera0/frame_0037_hp_preview.jpg",
        "frameId": "0037",
        "height": 2.339,
        "coords2D": "2D: (-1.046, -0.001)",
        "coords3D": "3D: (-1.046, -0.001, 2.339)",
        "easting": 397941.22673806077,
        "northing": 808211.097710619,
        "longitude": 174.74109367247073,
        "latitude": -36.80572186450816,
        "group": "R1 - Green (90 points)",
        "canvasX": 870.4490374968941,
        "canvasY": 705.8915574530788
      }
    },
    {
      "type": "Feature",
      "geometry": {
        "type": "Point",
        "coordinates": [
          174.7410942614038,
          -36.805727419489514,
          2.216
        ]
      },
      "properties": {
        "id": "1_22",
        "camera": "R1 - Green (Point)",
        "frame": "0038",
        "image": "pano_camera0/frame_0038_hp_preview.jpg",
        "frameId": "0038",
        "height": 2.216,
        "coords2D": "2D: (-1.464, -0.008)",
        "coords3D": "3D: (-1.464, -0.008, 2.216)",
        "easting": 397941.27943649824,
        "northing": 808210.4813264023,
        "longitude": 174.7410942614038,
        "latitude": -36.805727419489514,
        "group": "R1 - Green (90 points)",
        "canvasX": 871.4279122203819,
        "canvasY": 717.3409088685834
      }
    },
    {
      "type": "Feature",
      "geometry": {
        "type": "Point",
        "coordinates": [
          174.74110115808665,
          -36.8057357039218,
          2.384
        ]
      },
      "properties": {
        "id": "1_23",
        "camera": "R1 - Green (Point)",
        "frame": "0039",
        "image": "pano_camera0/frame_0039_hp_preview.jpg",
        "frameId": "0039",
        "height": 2.384,
        "coords2D": "2D: (-2.226, -0.045)",
        "coords3D": "3D: (-2.226, -0.045, 2.384)",
        "easting": 397941.8950402154,
        "northing": 808209.5622101258,
        "longitude": 174.74110115808665,
        "latitude": -36.8057357039218,
        "group": "R1 - Green (90 points)",
        "canvasX": 882.8627658384685,
        "canvasY": 734.4135154619812
      }
    },
    {
      "type": "Feature",
      "geometry": {
        "type": "Point",
        "coordinates": [
          174.74110801377165,
          -36.80573873035852,
          2.7
        ]
      },
      "properties": {
        "id": "1_24",
        "camera": "R1 - Green (Point)",
        "frame": "0040",
        "image": "pano_camera0/frame_0040_hp_preview.jpg",
        "frameId": "0040",
        "height": 2.7,
        "coords2D": "2D: (-2.604, -0.022)",
        "coords3D": "3D: (-2.604, -0.022, 2.700)",
        "easting": 397942.5068449412,
        "northing": 808209.2265354141,
        "longitude": 174.74110801377165,
        "latitude": -36.80573873035852,
        "group": "R1 - Green (90 points)",
        "canvasX": 894.2270531027331,
        "canvasY": 740.6486811771225
      }
    },
    {
      "type": "Feature",
      "geometry": {
        "type": "Point",
        "coordinates": [
          174.74110938249729,
          -36.80573903475809,
          2.771
        ]
      },
      "properties": {
        "id": "1_25",
        "camera": "R1 - Green (Point)",
        "frame": "0041",
        "image": "pano_camera0/frame_0041_hp_preview.jpg",
        "frameId": "0041",
        "height": 2.771,
        "coords2D": "2D: (-2.657, -0.014)",
        "coords3D": "3D: (-2.657, -0.014, 2.771)",
        "easting": 397942.62898266525,
        "northing": 808209.192787797,
        "longitude": 174.74110938249729,
        "latitude": -36.80573903475809,
        "group": "R1 - Green (90 points)",
        "canvasX": 896.4957642179796,
        "canvasY": 741.2755439655831
      }
    },
    {
      "type": "Feature",
      "geometry": {
        "type": "Point",
        "coordinates": [
          174.74112069064395,
          -36.80574144250795,
          3.366
        ]
      },
      "properties": {
        "id": "1_26",
        "camera": "R1 - Green (Point)",
        "frame": "0042",
        "image": "pano_camera0/frame_0042_hp_preview.jpg",
        "frameId": "0042",
        "height": 3.366,
        "coords2D": "2D: (-3.092, -0.031)",
        "coords3D": "3D: (-3.092, -0.031, 3.366)",
        "easting": 397943.63805805944,
        "northing": 808208.925860073,
        "longitude": 174.74112069064395,
        "latitude": -36.80574144250795,
        "group": "R1 - Green (90 points)",
        "canvasX": 915.2393635516718,
        "canvasY": 746.2337327576743
      }
    },
    {
      "type": "Feature",
      "geometry": {
        "type": "Point",
        "coordinates": [
          174.7411273532889,
          -36.805744907624515,
          3.657
        ]
      },
      "properties": {
        "id": "1_27",
        "camera": "R1 - Green (Point)",
        "frame": "0043",
        "image": "pano_camera0/frame_0043_hp_preview.jpg",
        "frameId": "0043",
        "height": 3.657,
        "coords2D": "2D: (-3.497, 0.076)",
        "coords3D": "3D: (-3.497, 0.076, 3.657)",
        "easting": 397944.23264968937,
        "northing": 808208.5415038955,
        "longitude": 174.7411273532889,
        "latitude": -36.805744907624515,
        "group": "R1 - Green (90 points)",
        "canvasX": 926.2839171526446,
        "canvasY": 753.3731578518423
      }
    },
    {
      "type": "Feature",
      "geometry": {
        "type": "Point",
        "coordinates": [
          174.74112753556136,
          -36.80575080608332,
          3.5
        ]
      },
      "properties": {
        "id": "1_28",
        "camera": "R1 - Green (Point)",
        "frame": "0044",
        "image": "pano_camera0/frame_0044_hp_preview.jpg",
        "frameId": "0044",
        "height": 3.5,
        "coords2D": "2D: (-3.931, 0.074)",
        "coords3D": "3D: (-3.931, 0.074, 3.500)",
        "easting": 397944.2490712923,
        "northing": 808207.8869976571,
        "longitude": 174.74112753556136,
        "latitude": -36.80575080608332,
        "group": "R1 - Green (90 points)",
        "canvasX": 926.5889488152848,
        "canvasY": 765.5306267218327
      }
    },
    {
      "type": "Feature",
      "geometry": {
        "type": "Point",
        "coordinates": [
          174.74112985510135,
          -36.80575898633479,
          3.403
        ]
      },
      "properties": {
        "id": "1_29",
        "camera": "R1 - Green (Point)",
        "frame": "0045",
        "image": "pano_camera0/frame_0045_hp_preview.jpg",
        "frameId": "0045",
        "height": 3.403,
        "coords2D": "2D: (-4.580, 0.056)",
        "coords3D": "3D: (-4.580, 0.056, 3.403)",
        "easting": 397944.45625940023,
        "northing": 808206.9793430017,
        "longitude": 174.74112985510135,
        "latitude": -36.80575898633479,
        "group": "R1 - Green (90 points)",
        "canvasX": 930.4374728254783,
        "canvasY": 782.3903334317066
      }
    },
    {
      "type": "Feature",
      "geometry": {
        "type": "Point",
        "coordinates": [
          174.7411336352043,
          -36.805759978202275,
          3.596
        ]
      },
      "properties": {
        "id": "1_30",
        "camera": "R1 - Green (Middle)",
        "frame": "0046",
        "image": "pano_camera0/frame_0046_hp_preview.jpg",
        "frameId": "0046",
        "height": 3.596,
        "coords2D": "2D: (-4.739, 0.053)",
        "coords3D": "3D: (-4.739, 0.053, 3.596)",
        "easting": 397944.79357942,
        "northing": 808206.86936374,
        "longitude": 174.7411336352043,
        "latitude": -36.805759978202275,
        "group": "R1 - Green (90 points)",
        "canvasX": 936.7032001780913,
        "canvasY": 784.4332008240541
      }
    },
    {
      "type": "Feature",
      "geometry": {
        "type": "Point",
        "coordinates": [
          174.74113489112636,
          -36.80575931057032,
          3.689
        ]
      },
      "properties": {
        "id": "1_31",
        "camera": "R1 - Green (Point)",
        "frame": "0047",
        "image": "pano_camera0/frame_0047_hp_preview.jpg",
        "frameId": "0047",
        "height": 3.689,
        "coords2D": "2D: (-4.719, 0.043)",
        "coords3D": "3D: (-4.719, 0.043, 3.689)",
        "easting": 397944.9056258167,
        "northing": 808206.9434731125,
        "longitude": 174.74113489112636,
        "latitude": -36.80575931057032,
        "group": "R1 - Green (90 points)",
        "canvasX": 938.7844646486926,
        "canvasY": 783.056617472632
      }
    },
    {
      "type": "Feature",
      "geometry": {
        "type": "Point",
        "coordinates": [
          174.7411373406272,
          -36.805756433221504,
          3.915
        ]
      },
      "properties": {
        "id": "1_32",
        "camera": "R1 - Green (Point)",
        "frame": "0048",
        "image": "pano_camera0/frame_0048_hp_preview.jpg",
        "frameId": "0048",
        "height": 3.915,
        "coords2D": "2D: (-4.566, 0.052)",
        "coords3D": "3D: (-4.566, 0.052, 3.915)",
        "easting": 397945.1241146044,
        "northing": 808207.2628047469,
        "longitude": 174.7411373406272,
        "latitude": -36.805756433221504,
        "group": "R1 - Green (90 points)",
        "canvasX": 942.8428990509883,
        "canvasY": 777.1250248060488
      }
    },
    {
      "type": "Feature",
      "geometry": {
        "type": "Point",
        "coordinates": [
          174.74113871695116,
          -36.805748057986406,
          4.234
        ]
      },
      "properties": {
        "id": "1_33",
        "camera": "R1 - Green (Point)",
        "frame": "0049",
        "image": "pano_camera0/frame_0049_hp_preview.jpg",
        "frameId": "0049",
        "height": 4.234,
        "coords2D": "2D: (-3.987, 0.063)",
        "coords3D": "3D: (-3.987, 0.063, 4.234)",
        "easting": 397945.2466983764,
        "northing": 808208.1921747806,
        "longitude": 174.74113871695116,
        "latitude": -36.805748057986406,
        "group": "R1 - Green (90 points)",
        "canvasX": 945.1198955176815,
        "canvasY": 759.8619544299347
      }
    },
    {
      "type": "Feature",
      "geometry": {
        "type": "Point",
        "coordinates": [
          174.74113584202556,
          -36.80573787297473,
          4.355
        ]
      },
      "properties": {
        "id": "1_34",
        "camera": "R1 - Green (Point)",
        "frame": "0050",
        "image": "pano_camera0/frame_0050_hp_preview.jpg",
        "frameId": "0050",
        "height": 4.355,
        "coords2D": "2D: (-3.178, 0.066)",
        "coords3D": "3D: (-3.178, 0.066, 4.355)",
        "easting": 397944.9899004231,
        "northing": 808209.3222715462,
        "longitude": 174.74113584202556,
        "latitude": -36.80573787297473,
        "group": "R1 - Green (90 points)",
        "canvasX": 940.3498674574568,
        "canvasY": 738.8703802577896
      }
    },
    {
      "type": "Feature",
      "geometry": {
        "type": "Point",
        "coordinates": [
          174.74113564832922,
          -36.805737448887,
          4.356
        ]
      },
      "properties": {
        "id": "1_35",
        "camera": "R1 - Green (Point)",
        "frame": "0051",
        "image": "pano_camera0/frame_0051_hp_preview.jpg",
        "frameId": "0051",
        "height": 4.356,
        "coords2D": "2D: (-3.143, 0.071)",
        "coords3D": "3D: (-3.143, 0.071, 4.356)",
        "easting": 397944.9726058225,
        "northing": 808209.369325392,
        "longitude": 174.74113564832922,
        "latitude": -36.805737448887,
        "group": "R1 - Green (90 points)",
        "canvasX": 940.0286198411532,
        "canvasY": 737.9963539601193
      }
    },
    {
      "type": "Feature",
      "geometry": {
        "type": "Point",
        "coordinates": [
          174.74113404997814,
          -36.805726785707,
          4.566
        ]
      },
      "properties": {
        "id": "1_36",
        "camera": "R1 - Green (Point)",
        "frame": "0052",
        "image": "pano_camera0/frame_0052_hp_preview.jpg",
        "frameId": "0052",
        "height": 4.566,
        "coords2D": "2D: (-2.329, 0.059)",
        "coords3D": "3D: (-2.329, 0.059, 4.566)",
        "easting": 397944.82970209833,
        "northing": 808210.5525085302,
        "longitude": 174.74113404997814,
        "latitude": -36.805726785707,
        "group": "R1 - Green (90 points)",
        "canvasX": 937.374179782091,
        "canvasY": 716.0186991577332
      }
    },
    {
      "type": "Feature",
      "geometry": {
        "type": "Point",
        "coordinates": [
          174.74113495082364,
          -36.80572413550691,
          4.694
        ]
      },
      "properties": {
        "id": "1_37",
        "camera": "R1 - Green (Point)",
        "frame": "0053",
        "image": "pano_camera0/frame_0053_hp_preview.jpg",
        "frameId": "0053",
        "height": 4.694,
        "coords2D": "2D: (-2.157, -0.036)",
        "coords3D": "3D: (-2.157, -0.036, 4.694)",
        "easting": 397944.9100125477,
        "northing": 808210.8466018024,
        "longitude": 174.74113495082364,
        "latitude": -36.80572413550691,
        "group": "R1 - Green (90 points)",
        "canvasX": 938.8659482803469,
        "canvasY": 710.5559096663093
      }
    },
    {
      "type": "Feature",
      "geometry": {
        "type": "Point",
        "coordinates": [
          174.74113903140218,
          -36.805720668638614,
          5.032
        ]
      },
      "properties": {
        "id": "1_38",
        "camera": "R1 - Green (Point)",
        "frame": "0054",
        "image": "pano_camera0/frame_0054_hp_preview.jpg",
        "frameId": "0054",
        "height": 5.032,
        "coords2D": "2D: (-1.997, -0.039)",
        "coords3D": "3D: (-1.997, -0.039, 5.032)",
        "easting": 397945.27402462997,
        "northing": 808211.2313832749,
        "longitude": 174.74113903140218,
        "latitude": -36.805720668638614,
        "group": "R1 - Green (90 points)",
        "canvasX": 945.6274813250162,
        "canvasY": 703.408584706169
      }
    },
    {
      "type": "Feature",
      "geometry": {
        "type": "Point",
        "coordinates": [
          174.74114047559667,
          -36.80570991473946,
          5.423
        ]
      },
      "properties": {
        "id": "1_39",
        "camera": "R1 - Green (Point)",
        "frame": "0055",
        "image": "pano_camera0/frame_0055_hp_preview.jpg",
        "frameId": "0055",
        "height": 5.423,
        "coords2D": "2D: (-1.246, -0.052)",
        "coords3D": "3D: (-1.246, -0.052, 5.423)",
        "easting": 397945.4026009214,
        "northing": 808212.4246982447,
        "longitude": 174.74114047559667,
        "latitude": -36.80570991473946,
        "group": "R1 - Green (90 points)",
        "canvasX": 948.0157889825066,
        "canvasY": 681.2427308942092
      }
    },
    {
      "type": "Feature",
      "geometry": {
        "type": "Point",
        "coordinates": [
          174.74113808419725,
          -36.80570535146692,
          5.413
        ]
      },
      "properties": {
        "id": "1_40",
        "camera": "R1 - Green (Point)",
        "frame": "0056",
        "image": "pano_camera0/frame_0056_hp_preview.jpg",
        "frameId": "0056",
        "height": 5.413,
        "coords2D": "2D: (-0.859, -0.034)",
        "coords3D": "3D: (-0.859, -0.034, 5.413)",
        "easting": 397945.18909749744,
        "northing": 808212.9310008648,
        "longitude": 174.74113808419725,
        "latitude": -36.80570535146692,
        "group": "R1 - Green (90 points)",
        "canvasX": 944.0499578287128,
        "canvasY": 671.8381477402572
      }
    },
    {
      "type": "Feature",
      "geometry": {
        "type": "Point",
        "coordinates": [
          174.74113479165788,
          -36.80570072684717,
          5.351
        ]
      },
      "properties": {
        "id": "1_41",
        "camera": "R1 - Green (Point)",
        "frame": "0057",
        "image": "pano_camera0/frame_0057_hp_preview.jpg",
        "frameId": "0057",
        "height": 5.351,
        "coords2D": "2D: (-0.447, -0.037)",
        "coords3D": "3D: (-0.447, -0.037, 5.351)",
        "easting": 397944.89518484345,
        "northing": 808213.4440913803,
        "longitude": 174.74113479165788,
        "latitude": -36.80570072684717,
        "group": "R1 - Green (90 points)",
        "canvasX": 938.5905233230774,
        "canvasY": 662.3074792684931
      }
    },
    {
      "type": "Feature",
      "geometry": {
        "type": "Point",
        "coordinates": [
          174.7411327137978,
          -36.805697705930065,
          5.316
        ]
      },
      "properties": {
        "id": "1_42",
        "camera": "R1 - Green (Point)",
        "frame": "0058",
        "image": "pano_camera0/frame_0058_hp_preview.jpg",
        "frameId": "0058",
        "height": 5.316,
        "coords2D": "2D: (-0.179, -0.036)",
        "coords3D": "3D: (-0.179, -0.036, 5.316)",
        "easting": 397944.7096993005,
        "northing": 808213.7792564781,
        "longitude": 174.7411327137978,
        "latitude": -36.805697705930065,
        "group": "R1 - Green (90 points)",
        "canvasX": 935.1451249728661,
        "canvasY": 656.081779644486
      }
    },
    {
      "type": "Feature",
      "geometry": {
        "type": "Point",
        "coordinates": [
          174.741126160221,
          -36.80569537236357,
          4.998
        ]
      },
      "properties": {
        "id": "1_43",
        "camera": "R1 - Green (Point)",
        "frame": "0059",
        "image": "pano_camera0/frame_0059_hp_preview.jpg",
        "frameId": "0059",
        "height": 4.998,
        "coords2D": "2D: (0.141, -0.050)",
        "coords3D": "3D: (0.141, -0.050, 4.998)",
        "easting": 397944.12486958876,
        "northing": 808214.0380549452,
        "longitude": 174.741126160221,
        "latitude": -36.80569537236357,
        "group": "R1 - Green (90 points)",
        "canvasX": 924.2818992328356,
        "canvasY": 651.2745919925279
      }
    },
    {
      "type": "Feature",
      "geometry": {
        "type": "Point",
        "coordinates": [
          174.7411164930453,
          -36.805694052414765,
          4.469
        ]
      },
      "properties": {
        "id": "1_44",
        "camera": "R1 - Green (Point)",
        "frame": "0060",
        "image": "pano_camera0/frame_0060_hp_preview.jpg",
        "frameId": "0060",
        "height": 4.469,
        "coords2D": "2D: (0.459, -0.026)",
        "coords3D": "3D: (0.459, -0.026, 4.469)",
        "easting": 397943.2622444635,
        "northing": 808214.184312448,
        "longitude": 174.7411164930453,
        "latitude": -36.805694052414765,
        "group": "R1 - Green (90 points)",
        "canvasX": 908.2586171106702,
        "canvasY": 648.5578554146657
      }
    },
    {
      "type": "Feature",
      "geometry": {
        "type": "Point",
        "coordinates": [
          174.74111153831623,
          -36.80569326719873,
          4.201
        ]
      },
      "properties": {
        "id": "1_45",
        "camera": "R1 - Green (Point)",
        "frame": "0061",
        "image": "pano_camera0/frame_0061_hp_preview.jpg",
        "frameId": "0061",
        "height": 4.201,
        "coords2D": "2D: (0.630, -0.012)",
        "coords3D": "3D: (0.630, -0.012, 4.201)",
        "easting": 397942.8201192622,
        "northing": 808214.2713357356,
        "longitude": 174.74111153831623,
        "latitude": -36.80569326719873,
        "group": "R1 - Green (90 points)",
        "canvasX": 900.0461310319173,
        "canvasY": 646.9413957874897
      }
    },
    {
      "type": "Feature",
      "geometry": {
        "type": "Point",
        "coordinates": [
          174.74109571419453,
          -36.80569313100829,
          3.277
        ]
      },
      "properties": {
        "id": "1_46",
        "camera": "R1 - Green (Point)",
        "frame": "0062",
        "image": "pano_camera0/frame_0062_hp_preview.jpg",
        "frameId": "0062",
        "height": 3.277,
        "coords2D": "2D: (1.002, -0.035)",
        "coords3D": "3D: (1.002, -0.035, 3.277)",
        "easting": 397941.40814927145,
        "northing": 808214.2861073219,
        "longitude": 174.74109571419453,
        "latitude": -36.80569313100829,
        "group": "R1 - Green (90 points)",
        "canvasX": 873.8187550295781,
        "canvasY": 646.6670132225833
      }
    },
    {
      "type": "Feature",
      "geometry": {
        "type": "Point",
        "coordinates": [
          174.74108379101628,
          -36.8056927710445,
          2.588
        ]
      },
      "properties": {
        "id": "1_47",
        "camera": "R1 - Green (Point)",
        "frame": "0063",
        "image": "pano_camera0/frame_0063_hp_preview.jpg",
        "frameId": "0063",
        "height": 2.588,
        "coords2D": "2D: (1.301, -0.016)",
        "coords3D": "3D: (1.301, -0.016, 2.588)",
        "easting": 397940.3442495294,
        "northing": 808214.3257932337,
        "longitude": 174.74108379101628,
        "latitude": -36.8056927710445,
        "group": "R1 - Green (90 points)",
        "canvasX": 854.0567921367008,
        "canvasY": 645.9298464703924
      }
    },
    {
      "type": "Feature",
      "geometry": {
        "type": "Point",
        "coordinates": [
          174.7410816322297,
          -36.805692704908616,
          2.464
        ]
      },
      "properties": {
        "id": "1_48",
        "camera": "R1 - Green (Point)",
        "frame": "0064",
        "image": "pano_camera0/frame_0064_hp_preview.jpg",
        "frameId": "0064",
        "height": 2.464,
        "coords2D": "2D: (1.355, -0.012)",
        "coords3D": "3D: (1.355, -0.012, 2.464)",
        "easting": 397940.15162196534,
        "northing": 808214.3330853693,
        "longitude": 174.7410816322297,
        "latitude": -36.805692704908616,
        "group": "R1 - Green (90 points)",
        "canvasX": 850.478730573971,
        "canvasY": 645.79439488009
      }
    },
    {
      "type": "Feature",
      "geometry": {
        "type": "Point",
        "coordinates": [
          174.74106777210997,
          -36.80568919861197,
          1.751
        ]
      },
      "properties": {
        "id": "1_49",
        "camera": "R1 - Green (Point)",
        "frame": "0065",
        "image": "pano_camera0/frame_0065_hp_preview.jpg",
        "frameId": "0065",
        "height": 1.751,
        "coords2D": "2D: (1.928, -0.026)",
        "coords3D": "3D: (1.928, -0.026, 1.751)",
        "easting": 397938.91480704956,
        "northing": 808214.721855631,
        "longitude": 174.74106777210997,
        "latitude": -36.80568919861197,
        "group": "R1 - Green (90 points)",
        "canvasX": 827.504864236806,
        "canvasY": 638.5729780660512
      }
    },
    {
      "type": "Feature",
      "geometry": {
        "type": "Point",
        "coordinates": [
          174.74106495816642,
          -36.8056873530257,
          1.639
        ]
      },
      "properties": {
        "id": "1_50",
        "camera": "R1 - Green (Point)",
        "frame": "0066",
        "image": "pano_camera0/frame_0066_hp_preview.jpg",
        "frameId": "0066",
        "height": 1.639,
        "coords2D": "2D: (2.127, -0.021)",
        "coords3D": "3D: (2.127, -0.021, 1.639)",
        "easting": 397938.66367294773,
        "northing": 808214.9265866057,
        "longitude": 174.74106495816642,
        "latitude": -36.8056873530257,
        "group": "R1 - Green (90 points)",
        "canvasX": 822.8400423499609,
        "canvasY": 634.7700953642038
      }
    },
    {
      "type": "Feature",
      "geometry": {
        "type": "Point",
        "coordinates": [
          174.74105298126298,
          -36.80568286924179,
          1.064
        ]
      },
      "properties": {
        "id": "1_51",
        "camera": "R1 - Green (Point)",
        "frame": "0067",
        "image": "pano_camera0/frame_0067_hp_preview.jpg",
        "frameId": "0067",
        "height": 1.064,
        "coords2D": "2D: (2.728, -0.021)",
        "coords3D": "3D: (2.728, -0.021, 1.064)",
        "easting": 397937.5948686888,
        "northing": 808215.4238620944,
        "longitude": 174.74105298126298,
        "latitude": -36.80568286924179,
        "group": "R1 - Green (90 points)",
        "canvasX": 802.9869779401062,
        "canvasY": 625.5331913905686
      }
    },
    {
      "type": "Feature",
      "geometry": {
        "type": "Point",
        "coordinates": [
          174.74104046635182,
          -36.80568144818091,
          0.371
        ]
      },
      "properties": {
        "id": "1_52",
        "camera": "R1 - Green (Point)",
        "frame": "0068",
        "image": "pano_camera0/frame_0068_hp_preview.jpg",
        "frameId": "0068",
        "height": 0.371,
        "coords2D": "2D: (3.118, -0.005)",
        "coords3D": "3D: (3.118, -0.005, 0.371)",
        "easting": 397936.4781407283,
        "northing": 808215.5812771862,
        "longitude": 174.74104046635182,
        "latitude": -36.80568144818091,
        "group": "R1 - Green (90 points)",
        "canvasX": 782.2437296389955,
        "canvasY": 622.6092023347626
      }
    },
    {
      "type": "Feature",
      "geometry": {
        "type": "Point",
        "coordinates": [
          174.7410385832551,
          -36.805681275656575,
          0.266
        ]
      },
      "properties": {
        "id": "1_53",
        "camera": "R1 - Green (Point)",
        "frame": "0069",
        "image": "pano_camera0/frame_0069_hp_preview.jpg",
        "frameId": "0069",
        "height": 0.266,
        "coords2D": "2D: (3.174, 0.001)",
        "coords3D": "3D: (3.174, 0.001, 0.266)",
        "easting": 397936.31010973686,
        "northing": 808215.6003803553,
        "longitude": 174.7410385832551,
        "latitude": -36.805681275656575,
        "group": "R1 - Green (90 points)",
        "canvasX": 779.1225499958314,
        "canvasY": 622.2543605177544
      }
    },
    {
      "type": "Feature",
      "geometry": {
        "type": "Point",
        "coordinates": [
          174.74102647270863,
          -36.80568568329122,
          -0.569
        ]
      },
      "properties": {
        "id": "1_54",
        "camera": "R1 - Green (Point)",
        "frame": "0070",
        "image": "pano_camera0/frame_0070_hp_preview.jpg",
        "frameId": "0070",
        "height": -0.569,
        "coords2D": "2D: (3.130, 0.003)",
        "coords3D": "3D: (3.130, 0.003, -0.569)",
        "easting": 397935.2296191794,
        "northing": 808215.1110349942,
        "longitude": 174.74102647270863,
        "latitude": -36.80568568329122,
        "group": "R1 - Green (90 points)",
        "canvasX": 759.0524123133004,
        "canvasY": 631.3439621814275
      }
    },
    {
      "type": "Feature",
      "geometry": {
        "type": "Point",
        "coordinates": [
          174.74102155840114,
          -36.80569265807981,
          -1.056
        ]
      },
      "properties": {
        "id": "1_55",
        "camera": "R1 - Green (Point)",
        "frame": "0071",
        "image": "pano_camera0/frame_0071_hp_preview.jpg",
        "frameId": "0071",
        "height": -1.056,
        "coords2D": "2D: (2.734, -0.004)",
        "coords3D": "3D: (2.734, -0.004, -1.056)",
        "easting": 397934.7913090053,
        "northing": 808214.3369860497,
        "longitude": 174.74102155840114,
        "latitude": -36.80569265807981,
        "group": "R1 - Green (90 points)",
        "canvasX": 750.9107904538716,
        "canvasY": 645.7219396503928
      }
    },
    {
      "type": "Feature",
      "geometry": {
        "type": "Point",
        "coordinates": [
          174.74101968814608,
          -36.80569913988093,
          -1.35
        ]
      },
      "properties": {
        "id": "1_56",
        "camera": "R1 - Green (Point)",
        "frame": "0072",
        "image": "pano_camera0/frame_0072_hp_preview.jpg",
        "frameId": "0072",
        "height": -1.35,
        "coords2D": "2D: (2.304, 0.001)",
        "coords3D": "3D: (2.304, 0.001, -1.350)",
        "easting": 397934.6246025923,
        "northing": 808213.6177061506,
        "longitude": 174.74101968814608,
        "latitude": -36.80569913988093,
        "group": "R1 - Green (90 points)",
        "canvasX": 747.8142148871623,
        "canvasY": 659.0825808011632
      }
    },
    {
      "type": "Feature",
      "geometry": {
        "type": "Point",
        "coordinates": [
          174.74101964231252,
          -36.80570034779419,
          -1.387
        ]
      },
      "properties": {
        "id": "1_57",
        "camera": "R1 - Green (Point)",
        "frame": "0073",
        "image": "pano_camera0/frame_0073_hp_preview.jpg",
        "frameId": "0073",
        "height": -1.387,
        "coords2D": "2D: (2.217, 0.004)",
        "coords3D": "3D: (2.217, 0.004, -1.387)",
        "easting": 397934.6205453623,
        "northing": 808213.4836715895,
        "longitude": 174.74101964231252,
        "latitude": -36.80570034779419,
        "group": "R1 - Green (90 points)",
        "canvasX": 747.7388517437189,
        "canvasY": 661.5722759464792
      }
    },
    {
      "type": "Feature",
      "geometry": {
        "type": "Point",
        "coordinates": [
          174.741017362827,
          -36.805709113591035,
          -1.77
        ]
      },
      "properties": {
        "id": "1_58",
        "camera": "R1 - Green (Point)",
        "frame": "0074",
        "image": "pano_camera0/frame_0074_hp_preview.jpg",
        "frameId": "0074",
        "height": -1.77,
        "coords2D": "2D: (1.631, 0.005)",
        "coords3D": "3D: (1.631, 0.005, -1.770)",
        "easting": 397934.41738521704,
        "northing": 808212.5109440365,
        "longitude": 174.741017362827,
        "latitude": -36.805709113591035,
        "group": "R1 - Green (90 points)",
        "canvasX": 743.9651472355883,
        "canvasY": 679.6407132692062
      }
    },
    {
      "type": "Feature",
      "geometry": {
        "type": "Point",
        "coordinates": [
          174.74101373431552,
          -36.80571891274302,
          -2.262
        ]
      },
      "properties": {
        "id": "1_59",
        "camera": "R1 - Green (Point)",
        "frame": "0075",
        "image": "pano_camera0/frame_0075_hp_preview.jpg",
        "frameId": "0075",
        "height": -2.262,
        "coords2D": "2D: (0.999, 0.018)",
        "coords3D": "3D: (0.999, 0.018, -2.262)",
        "easting": 397934.093881036,
        "northing": 808211.4235232413,
        "longitude": 174.74101373431552,
        "latitude": -36.80571891274302,
        "group": "R1 - Green (90 points)",
        "canvasX": 737.9560494148718,
        "canvasY": 699.8395802805279
      }
    },
    {
      "type": "Feature",
      "geometry": {
        "type": "Point",
        "coordinates": [
          174.7410123538458,
          -36.80572276459906,
          -2.453
        ]
      },
      "properties": {
        "id": "1_60",
        "camera": "R1 - Green (Point)",
        "frame": "0076",
        "image": "pano_camera0/frame_0076_hp_preview.jpg",
        "frameId": "0076",
        "height": -2.453,
        "coords2D": "2D: (0.750, 0.009)",
        "coords3D": "3D: (0.750, 0.009, -2.453)",
        "easting": 397933.97080699523,
        "northing": 808210.9960802651,
        "longitude": 174.7410123538458,
        "latitude": -36.80572276459906,
        "group": "R1 - Green (90 points)",
        "canvasX": 735.6699461950359,
        "canvasY": 707.7793436818048
      }
    },
    {
      "type": "Feature",
      "geometry": {
        "type": "Point",
        "coordinates": [
          174.7410095241204,
          -36.805731335077084,
          -2.863
        ]
      },
      "properties": {
        "id": "1_61",
        "camera": "R1 - Green (Point)",
        "frame": "0077",
        "image": "pano_camera0/frame_0077_hp_preview.jpg",
        "frameId": "0077",
        "height": -2.863,
        "coords2D": "2D: (0.190, 0.027)",
        "coords3D": "3D: (0.190, 0.027, -2.863)",
        "easting": 397933.71854455053,
        "northing": 808210.0450139476,
        "longitude": 174.7410095241204,
        "latitude": -36.805731335077084,
        "group": "R1 - Green (90 points)",
        "canvasX": 730.9841653134065,
        "canvasY": 725.4454230433766
      }
    },
    {
      "type": "Feature",
      "geometry": {
        "type": "Point",
        "coordinates": [
          174.74100661812707,
          -36.805741218033816,
          -3.314
        ]
      },
      "properties": {
        "id": "1_62",
        "camera": "R1 - Green (Point)",
        "frame": "0078",
        "image": "pano_camera0/frame_0078_hp_preview.jpg",
        "frameId": "0078",
        "height": -3.314,
        "coords2D": "2D: (-0.464, 0.046)",
        "coords3D": "3D: (-0.464, 0.046, -3.314)",
        "easting": 397933.459512148,
        "northing": 808208.9483095177,
        "longitude": 174.74100661812707,
        "latitude": -36.805741218033816,
        "group": "R1 - Green (90 points)",
        "canvasX": 726.1726323044734,
        "canvasY": 745.8167337892259
      }
    },
    {
      "type": "Feature",
      "geometry": {
        "type": "Point",
        "coordinates": [
          174.7410006825147,
          -36.8057543802529,
          -4.037
        ]
      },
      "properties": {
        "id": "1_63",
        "camera": "R1 - Green (Point)",
        "frame": "0079",
        "image": "pano_camera0/frame_0079_hp_preview.jpg",
        "frameId": "0079",
        "height": -4.037,
        "coords2D": "2D: (-1.287, 0.031)",
        "coords3D": "3D: (-1.287, 0.031, -4.037)",
        "easting": 397932.93023908447,
        "northing": 808207.4876631048,
        "longitude": 174.7410006825147,
        "latitude": -36.8057543802529,
        "group": "R1 - Green (90 points)",
        "canvasX": 716.3413726200317,
        "canvasY": 772.9482754855075
      }
    },
    {
      "type": "Feature",
      "geometry": {
        "type": "Point",
        "coordinates": [
          174.74099344491066,
          -36.805761051595475,
          -4.651
        ]
      },
      "properties": {
        "id": "1_64",
        "camera": "R1 - Green (Point)",
        "frame": "0080",
        "image": "pano_camera0/frame_0080_hp_preview.jpg",
        "frameId": "0080",
        "height": -4.651,
        "coords2D": "2D: (-1.608, 0.048)",
        "coords3D": "3D: (-1.608, 0.048, -4.651)",
        "easting": 397932.2846167242,
        "northing": 808206.7472350564,
        "longitude": 174.74099344491066,
        "latitude": -36.805761051595475,
        "group": "R1 - Green (90 points)",
        "canvasX": 704.3489219950516,
        "canvasY": 786.7017440126615
      }
    },
    {
      "type": "Feature",
      "geometry": {
        "type": "Point",
        "coordinates": [
          174.74099987852588,
          -36.805703299690606,
          -2.63
        ]
      },
      "properties": {
        "id": "1_65",
        "camera": "R1 - Green (Point)",
        "frame": "0118",
        "image": "pano_camera0/frame_0118_hp_preview.jpg",
        "frameId": "0118",
        "height": -2.63,
        "coords2D": "2D: (2.455, 0.036)",
        "coords3D": "3D: (2.455, 0.036, -2.630)",
        "easting": 397932.8571272109,
        "northing": 808213.1556935678,
        "longitude": 174.74099987852588,
        "latitude": -36.805703299690606,
        "group": "R1 - Green (90 points)",
        "canvasX": 714.9833178385142,
        "canvasY": 667.6644754626626
      }
    },
    {
      "type": "Feature",
      "geometry": {
        "type": "Point",
        "coordinates": [
          174.74100696865042,
          -36.80570204054662,
          -2.178
        ]
      },
      "properties": {
        "id": "1_66",
        "camera": "R1 - Green (Point)",
        "frame": "0119",
        "image": "pano_camera0/frame_0119_hp_preview.jpg",
        "frameId": "0119",
        "height": -2.178,
        "coords2D": "2D: (2.384, 0.035)",
        "coords3D": "3D: (2.384, 0.035, -2.178)",
        "easting": 397933.48973613075,
        "northing": 808213.2955650758,
        "longitude": 174.74100696865042,
        "latitude": -36.80570204054662,
        "group": "R1 - Green (90 points)",
        "canvasX": 726.7340434994222,
        "canvasY": 665.0663588905903
      }
    },
    {
      "type": "Feature",
      "geometry": {
        "type": "Point",
        "coordinates": [
          174.74101486620228,
          -36.80569545088772,
          -1.528
        ]
      },
      "properties": {
        "id": "1_67",
        "camera": "R1 - Green (Point)",
        "frame": "0120",
        "image": "pano_camera0/frame_0120_hp_preview.jpg",
        "frameId": "0120",
        "height": -1.528,
        "coords2D": "2D: (2.684, 0.030)",
        "coords3D": "3D: (2.684, 0.030, -1.528)",
        "easting": 397934.19424759026,
        "northing": 808214.0269434238,
        "longitude": 174.74101486620228,
        "latitude": -36.80569545088772,
        "group": "R1 - Green (90 points)",
        "canvasX": 739.8203605366272,
        "canvasY": 651.4809887638047
      }
    },
    {
      "type": "Feature",
      "geometry": {
        "type": "Point",
        "coordinates": [
          174.7410170247361,
          -36.8056903986389,
          -1.257
        ]
      },
      "properties": {
        "id": "1_68",
        "camera": "R1 - Green (Point)",
        "frame": "0121",
        "image": "pano_camera0/frame_0121_hp_preview.jpg",
        "frameId": "0121",
        "height": -1.257,
        "coords2D": "2D: (3.003, 0.022)",
        "coords3D": "3D: (3.003, 0.022, -1.257)",
        "easting": 397934.38671512157,
        "northing": 808214.5876022738,
        "longitude": 174.7410170247361,
        "latitude": -36.8056903986389,
        "group": "R1 - Green (90 points)",
        "canvasX": 743.3954494866316,
        "canvasY": 641.0667373533788
      }
    },
    {
      "type": "Feature",
      "geometry": {
        "type": "Point",
        "coordinates": [
          174.74101783568454,
          -36.805686068543274,
          -1.087
        ]
      },
      "properties": {
        "id": "1_69",
        "camera": "R1 - Green (Point)",
        "frame": "0122",
        "image": "pano_camera0/frame_0122_hp_preview.jpg",
        "frameId": "0122",
        "height": -1.087,
        "coords2D": "2D: (3.300, 0.029)",
        "coords3D": "3D: (3.300, 0.029, -1.087)",
        "easting": 397934.4589587255,
        "northing": 808215.0680997982,
        "longitude": 174.74101783568454,
        "latitude": -36.805686068543274,
        "group": "R1 - Green (90 points)",
        "canvasX": 744.7373761397996,
        "canvasY": 632.1414844641035
      }
    },
    {
      "type": "Feature",
      "geometry": {
        "type": "Point",
        "coordinates": [
          174.74101683837944,
          -36.80567744328785,
          -0.899
        ]
      },
      "properties": {
        "id": "1_70",
        "camera": "R1 - Green (Point)",
        "frame": "0123",
        "image": "pano_camera0/frame_0123_hp_preview.jpg",
        "frameId": "0123",
        "height": -0.899,
        "coords2D": "2D: (3.951, 0.037)",
        "coords3D": "3D: (3.951, 0.037, -0.899)",
        "easting": 397934.369738774,
        "northing": 808216.0251616939,
        "longitude": 174.74101683837944,
        "latitude": -36.80567744328785,
        "group": "R1 - Green (90 points)",
        "canvasX": 743.080113429649,
        "canvasY": 614.3640370964541
      }
    },
    {
      "type": "Feature",
      "geometry": {
        "type": "Point",
        "coordinates": [
          174.741012414089,
          -36.805671436328815,
          -0.988
        ]
      },
      "properties": {
        "id": "1_71",
        "camera": "R1 - Green (Point)",
        "frame": "0124",
        "image": "pano_camera0/frame_0124_hp_preview.jpg",
        "frameId": "0124",
        "height": -0.988,
        "coords2D": "2D: (4.490, 0.043)",
        "coords3D": "3D: (4.490, 0.043, -0.988)",
        "easting": 397933.97480348195,
        "northing": 808216.6916157728,
        "longitude": 174.741012414089,
        "latitude": -36.805671436328815,
        "group": "R1 - Green (90 points)",
        "canvasX": 735.744181030652,
        "canvasY": 601.9846368057556
      }
    },
    {
      "type": "Feature",
      "geometry": {
        "type": "Point",
        "coordinates": [
          174.74100656939382,
          -36.80567104346933,
          -1.319
        ]
      },
      "properties": {
        "id": "1_72",
        "camera": "R1 - Green (Point)",
        "frame": "0125",
        "image": "pano_camera0/frame_0125_hp_preview.jpg",
        "frameId": "0125",
        "height": -1.319,
        "coords2D": "2D: (4.653, 0.043)",
        "coords3D": "3D: (4.653, 0.043, -1.319)",
        "easting": 397933.45327802625,
        "northing": 808216.7350823251,
        "longitude": 174.74100656939382,
        "latitude": -36.80567104346933,
        "group": "R1 - Green (90 points)",
        "canvasX": 726.0568333453775,
        "canvasY": 601.1772445686086
      }
    },
    {
      "type": "Feature",
      "geometry": {
        "type": "Point",
        "coordinates": [
          174.74100329192837,
          -36.80567171467459,
          -1.53
        ]
      },
      "properties": {
        "id": "1_73",
        "camera": "R1 - Green (Point)",
        "frame": "0126",
        "image": "pano_camera0/frame_0126_hp_preview.jpg",
        "frameId": "0126",
        "height": -1.53,
        "coords2D": "2D: (4.679, 0.068)",
        "coords3D": "3D: (4.679, 0.068, -1.530)",
        "easting": 397933.1608518865,
        "northing": 808216.6605326108,
        "longitude": 174.74100329192837,
        "latitude": -36.80567171467459,
        "group": "R1 - Green (90 points)",
        "canvasX": 720.6250108767445,
        "canvasY": 602.5620072736424
      }
    },
    {
      "type": "Feature",
      "geometry": {
        "type": "Point",
        "coordinates": [
          174.7410418067063,
          -36.805664957248304,
          0.92
        ]
      },
      "properties": {
        "id": "1_74",
        "camera": "R1 - Green (End)",
        "frame": "0197",
        "image": "pano_camera0/frame_0197_hp_preview.jpg",
        "frameId": "0197",
        "height": 0.92,
        "coords2D": "2D: (4.290, -0.007)",
        "coords3D": "3D: (4.290, -0.007, 0.920)",
        "easting": 397936.59729641536,
        "northing": 808217.4111879596,
        "longitude": 174.7410418067063,
        "latitude": -36.805664957248304,
        "group": "R1 - Green (90 points)",
        "canvasX": 784.4570493468079,
        "canvasY": 588.6185664014499
      }
    },
    {
      "type": "Feature",
      "geometry": {
        "type": "Point",
        "coordinates": [
          174.74092239786398,
          -36.80577342255775,
          4.088
        ]
      },
      "properties": {
        "id": "2_0",
        "camera": "R2 - Blue (Start)",
        "frame": "0089",
        "image": "pano_camera0/frame_0089_hp_preview.jpg",
        "frameId": "0089",
        "height": 4.088,
        "coords2D": "2D: (-3.001, 0.091)",
        "coords3D": "3D: (-3.001, 0.091, 4.088)",
        "easting": 397925.9455179289,
        "northing": 808205.3729786288,
        "longitude": 174.74092239786398,
        "latitude": -36.80577342255775,
        "group": "R2 - Blue (11 points)",
        "canvasX": 586.6000118171373,
        "canvasY": 812.2285896833898
      }
    },
    {
      "type": "Feature",
      "geometry": {
        "type": "Point",
        "coordinates": [
          174.7409112005816,
          -36.80577296897932,
          2.361
        ]
      },
      "properties": {
        "id": "2_1",
        "camera": "R2 - Blue (Point)",
        "frame": "0090",
        "image": "pano_camera0/frame_0090_hp_preview.jpg",
        "frameId": "0090",
        "height": 2.361,
        "coords2D": "2D: (-3.828, 0.081)",
        "coords3D": "3D: (-3.828, 0.081, 2.361)",
        "easting": 397924.946387401,
        "northing": 808205.4230661186,
        "longitude": 174.7409112005816,
        "latitude": -36.80577296897932,
        "group": "R2 - Blue (11 points)",
        "canvasX": 568.0411386097691,
        "canvasY": 811.29821337628
      }
    },
    {
      "type": "Feature",
      "geometry": {
        "type": "Point",
        "coordinates": [
          174.74091091734746,
          -36.805772935858165,
          2.315
        ]
      },
      "properties": {
        "id": "2_2",
        "camera": "R2 - Blue (Point)",
        "frame": "0091",
        "image": "pano_camera0/frame_0091_hp_preview.jpg",
        "frameId": "0091",
        "height": 2.315,
        "coords2D": "2D: (-3.845, 0.075)",
        "coords3D": "3D: (-3.845, 0.075, 2.315)",
        "easting": 397924.92111391085,
        "northing": 808205.4267351913,
        "longitude": 174.74091091734746,
        "latitude": -36.805772935858165,
        "group": "R2 - Blue (11 points)",
        "canvasX": 567.571682932034,
        "canvasY": 811.2300602645222
      }
    },
    {
      "type": "Feature",
      "geometry": {
        "type": "Point",
        "coordinates": [
          174.74089754480528,
          -36.805766009488785,
          -0.394
        ]
      },
      "properties": {
        "id": "2_3",
        "camera": "R2 - Blue (Point)",
        "frame": "0092",
        "image": "pano_camera0/frame_0092_hp_preview.jpg",
        "frameId": "0092",
        "height": -0.394,
        "coords2D": "2D: (-3.641, -0.066)",
        "coords3D": "3D: (-3.641, -0.066, -0.394)",
        "easting": 397923.7277131371,
        "northing": 808206.195015063,
        "longitude": 174.74089754480528,
        "latitude": -36.805766009488785,
        "group": "R2 - Blue (11 points)",
        "canvasX": 545.4042353093085,
        "canvasY": 796.9592434591069
      }
    },
    {
      "type": "Feature",
      "geometry": {
        "type": "Point",
        "coordinates": [
          174.74089534750414,
          -36.80576299576968,
          -1.029
        ]
      },
      "properties": {
        "id": "2_4",
        "camera": "R2 - Blue (Point)",
        "frame": "0093",
        "image": "pano_camera0/frame_0093_hp_preview.jpg",
        "frameId": "0093",
        "height": -1.029,
        "coords2D": "2D: (-3.257, -0.029)",
        "coords3D": "3D: (-3.257, -0.029, -1.029)",
        "easting": 397923.53156955243,
        "northing": 808206.5293783998,
        "longitude": 174.74089534750414,
        "latitude": -36.80576299576968,
        "group": "R2 - Blue (11 points)",
        "canvasX": 541.7608635819054,
        "canvasY": 790.748436563384
      }
    },
    {
      "type": "Feature",
      "geometry": {
        "type": "Point",
        "coordinates": [
          174.74089308548858,
          -36.80575713885293,
          -1.962
        ]
      },
      "properties": {
        "id": "2_5",
        "camera": "R2 - Blue (Middle)",
        "frame": "0094",
        "image": "pano_camera0/frame_0094_hp_preview.jpg",
        "frameId": "0094",
        "height": -1.962,
        "coords2D": "2D: (-2.348, 0.026)",
        "coords3D": "3D: (-2.348, 0.026, -1.962)",
        "easting": 397923.32957479404,
        "northing": 808207.1792298148,
        "longitude": 174.74089308548858,
        "latitude": -36.80575713885293,
        "group": "R2 - Blue (11 points)",
        "canvasX": 538.0088061622741,
        "canvasY": 778.677431147107
      }
    },
    {
      "type": "Feature",
      "geometry": {
        "type": "Point",
        "coordinates": [
          174.74089171906408,
          -36.80574991848757,
          -2.899
        ]
      },
      "properties": {
        "id": "2_6",
        "camera": "R2 - Blue (Point)",
        "frame": "0095",
        "image": "pano_camera0/frame_0095_hp_preview.jpg",
        "frameId": "0095",
        "height": -2.899,
        "coords2D": "2D: (-1.111, -0.022)",
        "coords3D": "3D: (-1.111, -0.022, -2.899)",
        "easting": 397923.2074555796,
        "northing": 808207.980392899,
        "longitude": 174.74089171906408,
        "latitude": -36.80574991848757,
        "group": "R2 - Blue (11 points)",
        "canvasX": 535.7404388641198,
        "canvasY": 763.7958078942268
      }
    },
    {
      "type": "Feature",
      "geometry": {
        "type": "Point",
        "coordinates": [
          174.7408925943637,
          -36.80574109265287,
          -3.661
        ]
      },
      "properties": {
        "id": "2_7",
        "camera": "R2 - Blue (Point)",
        "frame": "0096",
        "image": "pano_camera0/frame_0096_hp_preview.jpg",
        "frameId": "0096",
        "height": -3.661,
        "coords2D": "2D: (0.608, -0.019)",
        "coords3D": "3D: (0.608, -0.019, -3.661)",
        "easting": 397923.28531906236,
        "northing": 808208.9597522106,
        "longitude": 174.7408925943637,
        "latitude": -36.80574109265287,
        "group": "R2 - Blue (11 points)",
        "canvasX": 537.1867548988521,
        "canvasY": 745.6041854968793
      }
    },
    {
      "type": "Feature",
      "geometry": {
        "type": "Point",
        "coordinates": [
          174.7409029299139,
          -36.80573154169706,
          -3.076
        ]
      },
      "properties": {
        "id": "2_8",
        "camera": "R2 - Blue (Point)",
        "frame": "0097",
        "image": "pano_camera0/frame_0097_hp_preview.jpg",
        "frameId": "0097",
        "height": -3.076,
        "coords2D": "2D: (3.233, -0.006)",
        "coords3D": "3D: (3.233, -0.006, -3.076)",
        "easting": 397924.20728874864,
        "northing": 808210.0197784496,
        "longitude": 174.7409029299139,
        "latitude": -36.80573154169706,
        "group": "R2 - Blue (11 points)",
        "canvasX": 554.3123636460119,
        "canvasY": 725.9141730174723
      }
    },
    {
      "type": "Feature",
      "geometry": {
        "type": "Point",
        "coordinates": [
          174.74090539796495,
          -36.80573037570071,
          -2.824
        ]
      },
      "properties": {
        "id": "2_9",
        "camera": "R2 - Blue (Point)",
        "frame": "0098",
        "image": "pano_camera0/frame_0098_hp_preview.jpg",
        "frameId": "0098",
        "height": -2.824,
        "coords2D": "2D: (3.652, -0.031)",
        "coords3D": "3D: (3.652, -0.031, -2.824)",
        "easting": 397924.42747824104,
        "northing": 808210.1492143634,
        "longitude": 174.74090539796495,
        "latitude": -36.80573037570071,
        "group": "R2 - Blue (11 points)",
        "canvasX": 558.4023886793573,
        "canvasY": 723.5098978529772
      }
    },
    {
      "type": "Feature",
      "geometry": {
        "type": "Point",
        "coordinates": [
          174.74092067601353,
          -36.80572599853055,
          -0.973
        ]
      },
      "properties": {
        "id": "2_10",
        "camera": "R2 - Blue (End)",
        "frame": "0099",
        "image": "pano_camera0/frame_0099_hp_preview.jpg",
        "frameId": "0099",
        "height": -0.973,
        "coords2D": "2D: (5.713, 0.007)",
        "coords3D": "3D: (5.713, 0.007, -0.973)",
        "easting": 397925.7906004564,
        "northing": 808210.6352493723,
        "longitude": 174.74092067601353,
        "latitude": -36.80572599853055,
        "group": "R2 - Blue (11 points)",
        "canvasX": 583.7224160981494,
        "canvasY": 714.4817860575012
      }
    },
    {
      "type": "Feature",
      "geometry": {
        "type": "Point",
        "coordinates": [
          174.74090088555238,
          -36.80567289684043,
          5.952
        ]
      },
      "properties": {
        "id": "3_0",
        "camera": "R3 - Yellow (Start)",
        "frame": "0143",
        "image": "pano_camera0/frame_0143_hp_preview.jpg",
        "frameId": "0143",
        "height": 5.952,
        "coords2D": "2D: (2.005, -0.024)",
        "coords3D": "3D: (2.005, -0.024, 5.952)",
        "easting": 397924.02328996384,
        "northing": 808216.5271379997,
        "longitude": 174.74090088555238,
        "latitude": -36.80567289684043,
        "group": "R3 - Yellow (11 points)",
        "canvasX": 550.8945818633483,
        "canvasY": 605.0398153351061
      }
    },
    {
      "type": "Feature",
      "geometry": {
        "type": "Point",
        "coordinates": [
          174.74089994957893,
          -36.80567626761662,
          4.885
        ]
      },
      "properties": {
        "id": "3_1",
        "camera": "R3 - Yellow (Point)",
        "frame": "0144",
        "image": "pano_camera0/frame_0144_hp_preview.jpg",
        "frameId": "0144",
        "height": 4.885,
        "coords2D": "2D: (2.410, 0.079)",
        "coords3D": "3D: (2.410, 0.079, 4.885)",
        "easting": 397923.9398652119,
        "northing": 808216.1530865502,
        "longitude": 174.74089994957893,
        "latitude": -36.80567626761662,
        "group": "R3 - Yellow (11 points)",
        "canvasX": 549.3449651204512,
        "canvasY": 611.9878298623026
      }
    },
    {
      "type": "Feature",
      "geometry": {
        "type": "Point",
        "coordinates": [
          174.7409029237847,
          -36.80567880858025,
          3.942
        ]
      },
      "properties": {
        "id": "3_2",
        "camera": "R3 - Yellow (Point)",
        "frame": "0145",
        "image": "pano_camera0/frame_0145_hp_preview.jpg",
        "frameId": "0145",
        "height": 3.942,
        "coords2D": "2D: (1.747, 0.091)",
        "coords3D": "3D: (1.747, 0.091, 3.942)",
        "easting": 397924.2053184698,
        "northing": 808215.871198394,
        "longitude": 174.7409029237847,
        "latitude": -36.80567880858025,
        "group": "R3 - Yellow (11 points)",
        "canvasX": 554.2757656694031,
        "canvasY": 617.2239090363083
      }
    },
    {
      "type": "Feature",
      "geometry": {
        "type": "Point",
        "coordinates": [
          174.74091849704848,
          -36.80567792425024,
          3.642
        ]
      },
      "properties": {
        "id": "3_3",
        "camera": "R3 - Yellow (Point)",
        "frame": "0146",
        "image": "pano_camera0/frame_0146_hp_preview.jpg",
        "frameId": "0146",
        "height": 3.642,
        "coords2D": "2D: (-2.390, -0.004)",
        "coords3D": "3D: (-2.390, -0.004, 3.642)",
        "easting": 397925.59487748815,
        "northing": 808215.9696641314,
        "longitude": 174.74091849704848,
        "latitude": -36.80567792425024,
        "group": "R3 - Yellow (11 points)",
        "canvasX": 580.0868573292562,
        "canvasY": 615.3949056337253
      }
    },
    {
      "type": "Feature",
      "geometry": {
        "type": "Point",
        "coordinates": [
          174.74092113491662,
          -36.805677634043384,
          3.638
        ]
      },
      "properties": {
        "id": "3_4",
        "camera": "R3 - Yellow (Point)",
        "frame": "0147",
        "image": "pano_camera0/frame_0147_hp_preview.jpg",
        "frameId": "0147",
        "height": 3.638,
        "coords2D": "2D: (-3.098, -0.002)",
        "coords3D": "3D: (-3.098, -0.002, 3.638)",
        "easting": 397925.83024334186,
        "northing": 808216.0019235414,
        "longitude": 174.74092113491662,
        "latitude": -36.805677634043384,
        "group": "R3 - Yellow (11 points)",
        "canvasX": 584.4587836328001,
        "canvasY": 614.7956863279769
      }
    },
    {
      "type": "Feature",
      "geometry": {
        "type": "Point",
        "coordinates": [
          174.74092724242269,
          -36.80567969169037,
          2.734
        ]
      },
      "properties": {
        "id": "3_5",
        "camera": "R3 - Yellow (Middle)",
        "frame": "0148",
        "image": "pano_camera0/frame_0148_hp_preview.jpg",
        "frameId": "0148",
        "height": 2.734,
        "coords2D": "2D: (-4.607, 0.035)",
        "coords3D": "3D: (-4.607, 0.035, 2.734)",
        "easting": 397926.3752639707,
        "northing": 808215.7737334906,
        "longitude": 174.74092724242269,
        "latitude": -36.80567969169037,
        "group": "R3 - Yellow (11 points)",
        "canvasX": 594.5825547157759,
        "canvasY": 619.0343219232483
      }
    },
    {
      "type": "Feature",
      "geometry": {
        "type": "Point",
        "coordinates": [
          174.74092544141277,
          -36.80569056687049,
          -0.755
        ]
      },
      "properties": {
        "id": "3_6",
        "camera": "R3 - Yellow (Point)",
        "frame": "0149",
        "image": "pano_camera0/frame_0149_hp_preview.jpg",
        "frameId": "0149",
        "height": -0.755,
        "coords2D": "2D: (-3.623, -0.001)",
        "coords3D": "3D: (-3.623, -0.001, -0.755)",
        "easting": 397926.214855365,
        "northing": 808214.5669528124,
        "longitude": 174.74092544141277,
        "latitude": -36.80569056687049,
        "group": "R3 - Yellow (11 points)",
        "canvasX": 591.6029610669004,
        "canvasY": 641.4503015883796
      }
    },
    {
      "type": "Feature",
      "geometry": {
        "type": "Point",
        "coordinates": [
          174.74091535967435,
          -36.805695259419096,
          -1.909
        ]
      },
      "properties": {
        "id": "3_7",
        "camera": "R3 - Yellow (Point)",
        "frame": "0150",
        "image": "pano_camera0/frame_0150_hp_preview.jpg",
        "frameId": "0150",
        "height": -1.909,
        "coords2D": "2D: (-0.751, -0.069)",
        "coords3D": "3D: (-0.751, -0.069, -1.909)",
        "easting": 397925.315401173,
        "northing": 808214.0460353054,
        "longitude": 174.74091535967435,
        "latitude": -36.805695259419096,
        "group": "R3 - Yellow (11 points)",
        "canvasX": 574.8955781596064,
        "canvasY": 651.1263566129783
      }
    },
    {
      "type": "Feature",
      "geometry": {
        "type": "Point",
        "coordinates": [
          174.74090484318967,
          -36.80569392952136,
          -1.076
        ]
      },
      "properties": {
        "id": "3_8",
        "camera": "R3 - Yellow (Point)",
        "frame": "0151",
        "image": "pano_camera0/frame_0151_hp_preview.jpg",
        "frameId": "0151",
        "height": -1.076,
        "coords2D": "2D: (1.953, -0.030)",
        "coords3D": "3D: (1.953, -0.030, -1.076)",
        "easting": 397924.37699268956,
        "northing": 808214.1933764359,
        "longitude": 174.74090484318967,
        "latitude": -36.80569392952136,
        "group": "R3 - Yellow (11 points)",
        "canvasX": 557.464618365808,
        "canvasY": 648.3894916241669
      }
    },
    {
      "type": "Feature",
      "geometry": {
        "type": "Point",
        "coordinates": [
          174.74089546596656,
          -36.80568570274289,
          1.969
        ]
      },
      "properties": {
        "id": "3_9",
        "camera": "R3 - Yellow (Point)",
        "frame": "0152",
        "image": "pano_camera0/frame_0152_hp_preview.jpg",
        "frameId": "0152",
        "height": 1.969,
        "coords2D": "2D: (4.032, -0.013)",
        "coords3D": "3D: (4.032, -0.013, 1.969)",
        "easting": 397923.54005282273,
        "northing": 808215.1060401499,
        "longitude": 174.74089546596656,
        "latitude": -36.80568570274289,
        "group": "R3 - Yellow (11 points)",
        "canvasX": 541.9184405277309,
        "canvasY": 631.4367415334918
      }
    },
    {
      "type": "Feature",
      "geometry": {
        "type": "Point",
        "coordinates": [
          174.74089491561747,
          -36.80568411471512,
          2.509
        ]
      },
      "properties": {
        "id": "3_10",
        "camera": "R3 - Yellow (End)",
        "frame": "0153",
        "image": "pano_camera0/frame_0153_hp_preview.jpg",
        "frameId": "0153",
        "height": 2.509,
        "coords2D": "2D: (4.102, 0.041)",
        "coords3D": "3D: (4.102, 0.041, 2.509)",
        "easting": 397923.49090298713,
        "northing": 808215.282240382,
        "longitude": 174.74089491561747,
        "latitude": -36.80568411471512,
        "group": "R3 - Yellow (11 points)",
        "canvasX": 541.0054811683192,
        "canvasY": 628.1638180501116
      }
    },
    {
      "type": "Feature",
      "geometry": {
        "type": "Point",
        "coordinates": [
          174.74099801916952,
          -36.805695318983446,
          -1.536
        ]
      },
      "properties": {
        "id": "4_0",
        "camera": "R4 - Magenta (Start)",
        "frame": "0130",
        "image": "pano_camera0/frame_0130_hp_preview.jpg",
        "frameId": "0130",
        "height": -1.536,
        "coords2D": "2D: (4.829, 0.061)",
        "coords3D": "3D: (4.829, 0.061, -1.536)",
        "easting": 397932.6910046854,
        "northing": 808214.0412158644,
        "longitude": 174.74099801916952,
        "latitude": -36.805695318983446,
        "group": "R4 - Magenta (10 points)",
        "canvasX": 711.8975879953673,
        "canvasY": 651.215877843758
      }
    },
    {
      "type": "Feature",
      "geometry": {
        "type": "Point",
        "coordinates": [
          174.7409822976464,
          -36.80569757621996,
          -0.066
        ]
      },
      "properties": {
        "id": "4_1",
        "camera": "R4 - Magenta (Point)",
        "frame": "0131",
        "image": "pano_camera0/frame_0131_hp_preview.jpg",
        "frameId": "0131",
        "height": -0.066,
        "coords2D": "2D: (3.299, 0.043)",
        "coords3D": "3D: (3.299, 0.043, -0.066)",
        "easting": 397931.28825383994,
        "northing": 808213.7904063747,
        "longitude": 174.7409822976464,
        "latitude": -36.80569757621996,
        "group": "R4 - Magenta (10 points)",
        "canvasX": 685.8414578347747,
        "canvasY": 655.8746700492825
      }
    },
    {
      "type": "Feature",
      "geometry": {
        "type": "Point",
        "coordinates": [
          174.74097343719924,
          -36.805697200979104,
          0.536
        ]
      },
      "properties": {
        "id": "4_2",
        "camera": "R4 - Magenta (Point)",
        "frame": "0132",
        "image": "pano_camera0/frame_0132_hp_preview.jpg",
        "frameId": "0132",
        "height": 0.536,
        "coords2D": "2D: (2.286, 0.029)",
        "coords3D": "3D: (2.286, 0.029, 0.536)",
        "easting": 397930.4976373042,
        "northing": 808213.831852493,
        "longitude": 174.74097343719924,
        "latitude": -36.805697200979104,
        "group": "R4 - Magenta (10 points)",
        "canvasX": 671.1557369680407,
        "canvasY": 655.1048074223337
      }
    },
    {
      "type": "Feature",
      "geometry": {
        "type": "Point",
        "coordinates": [
          174.7409720743031,
          -36.80569706391639,
          0.617
        ]
      },
      "properties": {
        "id": "4_3",
        "camera": "R4 - Magenta (Point)",
        "frame": "0133",
        "image": "pano_camera0/frame_0133_hp_preview.jpg",
        "frameId": "0133",
        "height": 0.617,
        "coords2D": "2D: (2.122, 0.000)",
        "coords3D": "3D: (2.122, 0.000, 0.617)",
        "easting": 397930.3760241238,
        "northing": 808213.8470318775,
        "longitude": 174.7409720743031,
        "latitude": -36.80569706391639,
        "group": "R4 - Magenta (10 points)",
        "canvasX": 668.8967692635234,
        "canvasY": 654.8228499965617
      }
    },
    {
      "type": "Feature",
      "geometry": {
        "type": "Point",
        "coordinates": [
          174.7409614330799,
          -36.805696170958875,
          1.279
        ]
      },
      "properties": {
        "id": "4_4",
        "camera": "R4 - Magenta (Point)",
        "frame": "0134",
        "image": "pano_camera0/frame_0134_hp_preview.jpg",
        "frameId": "0134",
        "height": 1.279,
        "coords2D": "2D: (0.865, -0.043)",
        "coords3D": "3D: (0.865, -0.043, 1.279)",
        "easting": 397929.4264972539,
        "northing": 808213.9458867055,
        "longitude": 174.7409614330799,
        "latitude": -36.805696170958875,
        "group": "R4 - Magenta (10 points)",
        "canvasX": 651.2592851777665,
        "canvasY": 652.986619225479
      }
    },
    {
      "type": "Feature",
      "geometry": {
        "type": "Point",
        "coordinates": [
          174.74095023078397,
          -36.805690470895605,
          1.322
        ]
      },
      "properties": {
        "id": "4_5",
        "camera": "R4 - Magenta (Middle)",
        "frame": "0135",
        "image": "pano_camera0/frame_0135_hp_preview.jpg",
        "frameId": "0135",
        "height": 1.322,
        "coords2D": "2D: (-0.896, -0.177)",
        "coords3D": "3D: (-0.896, -0.177, 1.322)",
        "easting": 397928.42677706433,
        "northing": 808214.5781397157,
        "longitude": 174.74095023078397,
        "latitude": -36.805690470895605,
        "group": "R4 - Magenta (10 points)",
        "canvasX": 632.6894589925773,
        "canvasY": 641.2425045950838
      }
    },
    {
      "type": "Feature",
      "geometry": {
        "type": "Point",
        "coordinates": [
          174.74094761079132,
          -36.805686559039856,
          0.977
        ]
      },
      "properties": {
        "id": "4_6",
        "camera": "R4 - Magenta (Point)",
        "frame": "0136",
        "image": "pano_camera0/frame_0136_hp_preview.jpg",
        "frameId": "0136",
        "height": 0.977,
        "coords2D": "2D: (-1.544, 0.075)",
        "coords3D": "3D: (-1.544, 0.075, 0.977)",
        "easting": 397928.19289304473,
        "northing": 808215.0121538546,
        "longitude": 174.74094761079132,
        "latitude": -36.805686559039856,
        "group": "R4 - Magenta (10 points)",
        "canvasX": 628.3450577922323,
        "canvasY": 633.1806816913951
      }
    },
    {
      "type": "Feature",
      "geometry": {
        "type": "Point",
        "coordinates": [
          174.74094436148636,
          -36.80567758089075,
          -0.017
        ]
      },
      "properties": {
        "id": "4_7",
        "camera": "R4 - Magenta (Point)",
        "frame": "0137",
        "image": "pano_camera0/frame_0137_hp_preview.jpg",
        "frameId": "0137",
        "height": -0.017,
        "coords2D": "2D: (-2.726, 0.085)",
        "coords3D": "3D: (-2.726, 0.085, -0.017)",
        "easting": 397927.90271974314,
        "northing": 808216.0083250044,
        "longitude": 174.74094436148636,
        "latitude": -36.80567758089075,
        "group": "R4 - Magenta (10 points)",
        "canvasX": 622.955081845865,
        "canvasY": 614.6767790020275
      }
    },
    {
      "type": "Feature",
      "geometry": {
        "type": "Point",
        "coordinates": [
          174.74094047587,
          -36.80567298678766,
          -0.362
        ]
      },
      "properties": {
        "id": "4_8",
        "camera": "R4 - Magenta (Point)",
        "frame": "0138",
        "image": "pano_camera0/frame_0138_hp_preview.jpg",
        "frameId": "0138",
        "height": -0.362,
        "coords2D": "2D: (-3.577, 0.040)",
        "coords3D": "3D: (-3.577, 0.040, -0.362)",
        "easting": 397927.5558872387,
        "northing": 808216.5180158528,
        "longitude": 174.74094047587,
        "latitude": -36.80567298678766,
        "group": "R4 - Magenta (10 points)",
        "canvasX": 616.5126598654,
        "canvasY": 605.2092594290021
      }
    },
    {
      "type": "Feature",
      "geometry": {
        "type": "Point",
        "coordinates": [
          174.74093298420863,
          -36.80566952235995,
          -0.285
        ]
      },
      "properties": {
        "id": "4_9",
        "camera": "R4 - Magenta (End)",
        "frame": "0139",
        "image": "pano_camera0/frame_0139_hp_preview.jpg",
        "frameId": "0139",
        "height": -0.285,
        "coords2D": "2D: (-4.723, 0.016)",
        "coords3D": "3D: (-4.723, 0.016, -0.285)",
        "easting": 397926.88732221304,
        "northing": 808216.9022764582,
        "longitude": 174.74093298420863,
        "latitude": -36.80566952235995,
        "group": "R4 - Magenta (10 points)",
        "canvasX": 604.0940486880951,
        "canvasY": 598.071609587008
      }
    }
  ],
  "properties": {
    "name": "Camera Positions Export",
    "description": "Exported camera positions from floor plan viewer",
    "exportDate": "2025-10-19T21:47:13.903Z",
    "totalFeatures": 335,
    "coordinateSystem": "WGS84 (EPSG:4326)",
    "originalSystem": "Mt Eden 2000 (EPSG:2105)"
  }
}