{
  "type": "FeatureCollection",
  "features": [
    {
      "type": "Feature",
      "geometry": {
        "type": "Point",
        "coordinates": [
          4.441193489299621,
          -14.101148921530694,
          6.6066209463200005
        ]
      },
      "properties": {
        "id": "0_0",
        "camera": "R0 - Red (Start)",
        "frame": "0140",
        "image": "pano_camera0/frame_0140_hp_preview.jpg",
        "frameId": "0140",
        "height": 1.406208,
        "coords2D": "2D: (397927.354, 808212.058)",
        "coords3D_original": "3D_Original: (-793548.981, 426441.300, 0.000)",
        "coords3D": "3D: (4.441, -14.101, 6.607)",
        "coordsMtEden": "MtEden: (397927.354, 808212.058, 1.406)",
        "easting": 397927.3536934893,
        "northing": 808212.0578510785,
        "longitude": 174.74093819771386,
        "latitude": -36.805713181438534,
        "group": "R0 - Red (229 points)",
        "canvasX": 516.7092700392313,
        "canvasY": 667.6853023278162,
        "variant": "northing_easting_direct"
      }
    },
    {
      "type": "Feature",
      "geometry": {
        "type": "Point",
        "coordinates": [
          4.309958025056403,
          -14.592855143477209,
          6.14133221752
        ]
      },
      "properties": {
        "id": "0_1",
        "camera": "R0 - Red (Point)",
        "frame": "0141",
        "image": "pano_camera0/frame_0141_hp_preview.jpg",
        "frameId": "0141",
        "height": 1.514223,
        "coords2D": "2D: (397927.222, 808211.566)",
        "coords3D_original": "3D_Original: (-793548.981, 426441.300, 0.000)",
        "coords3D": "3D: (4.310, -14.593, 6.141)",
        "coordsMtEden": "MtEden: (397927.222, 808211.566, 1.514)",
        "easting": 397927.22245802503,
        "northing": 808211.5661448565,
        "longitude": 174.7409367255992,
        "latitude": -36.80571761241747,
        "group": "R0 - Red (229 points)",
        "canvasX": 514.559356946567,
        "canvasY": 675.7404850502184,
        "variant": "northing_easting_direct"
      }
    },
    {
      "type": "Feature",
      "geometry": {
        "type": "Point",
        "coordinates": [
          4.001755663834047,
          -15.518636695458554,
          5.34019702128
        ]
      },
      "properties": {
        "id": "0_2",
        "camera": "R0 - Red (Point)",
        "frame": "0142",
        "image": "pano_camera0/frame_0142_hp_preview.jpg",
        "frameId": "0142",
        "height": 1.717593,
        "coords2D": "2D: (397926.914, 808210.640)",
        "coords3D_original": "3D_Original: (-793548.981, 426441.300, 0.000)",
        "coords3D": "3D: (4.002, -15.519, 5.340)",
        "coordsMtEden": "MtEden: (397926.914, 808210.640, 1.718)",
        "easting": 397926.9142556638,
        "northing": 808210.6403633045,
        "longitude": 174.74093326900697,
        "latitude": -36.80572595490442,
        "group": "R0 - Red (229 points)",
        "canvasX": 509.51035365038126,
        "canvasY": 690.9067352030205,
        "variant": "northing_easting_direct"
      }
    },
    {
      "type": "Feature",
      "geometry": {
        "type": "Point",
        "coordinates": [
          3.8652350917691365,
          -15.858481420669705,
          4.792572331840001
        ]
      },
      "properties": {
        "id": "0_3",
        "camera": "R0 - Red (Point)",
        "frame": "0143",
        "image": "pano_camera0/frame_0143_hp_preview.jpg",
        "frameId": "0143",
        "height": 1.792248,
        "coords2D": "2D: (397926.778, 808210.301)",
        "coords3D_original": "3D_Original: (-793548.981, 426441.300, 0.000)",
        "coords3D": "3D: (3.865, -15.858, 4.793)",
        "coordsMtEden": "MtEden: (397926.778, 808210.301, 1.792)",
        "easting": 397926.77773509175,
        "northing": 808210.3005185793,
        "longitude": 174.74093173807427,
        "latitude": -36.80572901729289,
        "group": "R0 - Red (229 points)",
        "canvasX": 507.2738593686163,
        "canvasY": 696.4741070137961,
        "variant": "northing_easting_direct"
      }
    },
    {
      "type": "Feature",
      "geometry": {
        "type": "Point",
        "coordinates": [
          3.963075593812391,
          -15.545125965494663,
          4.2377691644799995
        ]
      },
      "properties": {
        "id": "0_4",
        "camera": "R0 - Red (Point)",
        "frame": "0144",
        "image": "pano_camera0/frame_0144_hp_preview.jpg",
        "frameId": "0144",
        "height": 1.723412,
        "coords2D": "2D: (397926.876, 808210.614)",
        "coords3D_original": "3D_Original: (-793548.981, 426441.300, 0.000)",
        "coords3D": "3D: (3.963, -15.545, 4.238)",
        "coordsMtEden": "MtEden: (397926.876, 808210.614, 1.723)",
        "easting": 397926.8755755938,
        "northing": 808210.6138740345,
        "longitude": 174.74093283544127,
        "latitude": -36.80572619354156,
        "group": "R0 - Red (229 points)",
        "canvasX": 508.8766926996591,
        "canvasY": 691.3406851938705,
        "variant": "northing_easting_direct"
      }
    },
    {
      "type": "Feature",
      "geometry": {
        "type": "Point",
        "coordinates": [
          4.163349770824425,
          -14.739900409127586,
          4.11464252012
        ]
      },
      "properties": {
        "id": "0_5",
        "camera": "R0 - Red (Point)",
        "frame": "0145",
        "image": "pano_camera0/frame_0145_hp_preview.jpg",
        "frameId": "0145",
        "height": 1.546525,
        "coords2D": "2D: (397927.076, 808211.419)",
        "coords3D_original": "3D_Original: (-793548.981, 426441.300, 0.000)",
        "coords3D": "3D: (4.163, -14.740, 4.115)",
        "coordsMtEden": "MtEden: (397927.076, 808211.419, 1.547)",
        "easting": 397927.0758497708,
        "northing": 808211.4190995909,
        "longitude": 174.74093508213744,
        "latitude": -36.80571893727137,
        "group": "R0 - Red (229 points)",
        "canvasX": 512.1576052013679,
        "canvasY": 678.1493959635085,
        "variant": "northing_easting_direct"
      }
    },
    {
      "type": "Feature",
      "geometry": {
        "type": "Point",
        "coordinates": [
          4.043849886278622,
          -16.058910372667015,
          6.847155730919999
        ]
      },
      "properties": {
        "id": "0_6",
        "camera": "R0 - Red (Point)",
        "frame": "0157",
        "image": "pano_camera0/frame_0157_hp_preview.jpg",
        "frameId": "0157",
        "height": 1.836277,
        "coords2D": "2D: (397926.956, 808210.100)",
        "coords3D_original": "3D_Original: (-793548.981, 426441.300, 0.000)",
        "coords3D": "3D: (4.044, -16.059, 6.847)",
        "coordsMtEden": "MtEden: (397926.956, 808210.100, 1.836)",
        "easting": 397926.95634988626,
        "northing": 808210.1000896273,
        "longitude": 174.7409337392926,
        "latitude": -36.805730823953645,
        "group": "R0 - Red (229 points)",
        "canvasX": 510.1999456018144,
        "canvasY": 699.7575550542039,
        "variant": "northing_easting_direct"
      }
    },
    {
      "type": "Feature",
      "geometry": {
        "type": "Point",
        "coordinates": [
          3.9856181037030183,
          -16.51974355278071,
          7.261512699560001
        ]
      },
      "properties": {
        "id": "0_7",
        "camera": "R0 - Red (Point)",
        "frame": "0158",
        "image": "pano_camera0/frame_0158_hp_preview.jpg",
        "frameId": "0158",
        "height": 1.93751,
        "coords2D": "2D: (397926.898, 808209.639)",
        "coords3D_original": "3D_Original: (-793548.981, 426441.300, 0.000)",
        "coords3D": "3D: (3.986, -16.520, 7.262)",
        "coordsMtEden": "MtEden: (397926.898, 808209.639, 1.938)",
        "easting": 397926.8981181037,
        "northing": 808209.6392564472,
        "longitude": 174.74093308542516,
        "latitude": -36.8057349768639,
        "group": "R0 - Red (229 points)",
        "canvasX": 509.2459864536871,
        "canvasY": 707.306972380843,
        "variant": "northing_easting_direct"
      }
    },
    {
      "type": "Feature",
      "geometry": {
        "type": "Point",
        "coordinates": [
          3.911175925808493,
          -16.9829848484369,
          7.38274629924
        ]
      },
      "properties": {
        "id": "0_8",
        "camera": "R0 - Red (Point)",
        "frame": "0159",
        "image": "pano_camera0/frame_0159_hp_preview.jpg",
        "frameId": "0159",
        "height": 2.039272,
        "coords2D": "2D: (397926.824, 808209.176)",
        "coords3D_original": "3D_Original: (-793548.981, 426441.300, 0.000)",
        "coords3D": "3D: (3.911, -16.983, 7.383)",
        "coordsMtEden": "MtEden: (397926.824, 808209.176, 2.039)",
        "easting": 397926.8236759258,
        "northing": 808209.1760151515,
        "longitude": 174.74093224987865,
        "latitude": -36.805739151440626,
        "group": "R0 - Red (229 points)",
        "canvasX": 508.02646691418386,
        "canvasY": 714.8958397066505,
        "variant": "northing_easting_direct"
      }
    },
    {
      "type": "Feature",
      "geometry": {
        "type": "Point",
        "coordinates": [
          3.257820970553439,
          -19.792062912601978,
          7.96055471668
        ]
      },
      "properties": {
        "id": "0_9",
        "camera": "R0 - Red (Point)",
        "frame": "0160",
        "image": "pano_camera0/frame_0160_hp_preview.jpg",
        "frameId": "0160",
        "height": 2.656353,
        "coords2D": "2D: (397926.170, 808206.367)",
        "coords3D_original": "3D_Original: (-793548.981, 426441.300, 0.000)",
        "coords3D": "3D: (3.258, -19.792, 7.961)",
        "coordsMtEden": "MtEden: (397926.170, 808206.367, 2.656)",
        "easting": 397926.17032097053,
        "northing": 808206.3669370874,
        "longitude": 174.7409249199755,
        "latitude": -36.80576446547689,
        "group": "R0 - Red (229 points)",
        "canvasX": 497.32313774478365,
        "canvasY": 760.914450172999,
        "variant": "northing_easting_direct"
      }
    },
    {
      "type": "Feature",
      "geometry": {
        "type": "Point",
        "coordinates": [
          3.001509172900114,
          -21.061968260793947,
          8.53526274032
        ]
      },
      "properties": {
        "id": "0_10",
        "camera": "R0 - Red (Point)",
        "frame": "0161",
        "image": "pano_camera0/frame_0161_hp_preview.jpg",
        "frameId": "0161",
        "height": 2.935318,
        "coords2D": "2D: (397925.914, 808205.097)",
        "coords3D_original": "3D_Original: (-793548.981, 426441.300, 0.000)",
        "coords3D": "3D: (3.002, -21.062, 8.535)",
        "coordsMtEden": "MtEden: (397925.914, 808205.097, 2.935)",
        "easting": 397925.9140091729,
        "northing": 808205.0970317392,
        "longitude": 174.74092204398855,
        "latitude": -36.80577590932755,
        "group": "R0 - Red (229 points)",
        "canvasX": 493.1242110847378,
        "canvasY": 781.7181723241345,
        "variant": "northing_easting_direct"
      }
    },
    {
      "type": "Feature",
      "geometry": {
        "type": "Point",
        "coordinates": [
          2.7982487506233156,
          -22.521686823223718,
          9.4013454452
        ]
      },
      "properties": {
        "id": "0_11",
        "camera": "R0 - Red (Point)",
        "frame": "0162",
        "image": "pano_camera0/frame_0162_hp_preview.jpg",
        "frameId": "0162",
        "height": 3.25598,
        "coords2D": "2D: (397925.711, 808203.637)",
        "coords3D_original": "3D_Original: (-793548.981, 426441.300, 0.000)",
        "coords3D": "3D: (2.798, -22.522, 9.401)",
        "coordsMtEden": "MtEden: (397925.711, 808203.637, 3.256)",
        "easting": 397925.7107487506,
        "northing": 808203.6373131768,
        "longitude": 174.74091976203917,
        "latitude": -36.805789063894736,
        "group": "R0 - Red (229 points)",
        "canvasX": 489.79437760107373,
        "canvasY": 805.6314343908005,
        "variant": "northing_easting_direct"
      }
    },
    {
      "type": "Feature",
      "geometry": {
        "type": "Point",
        "coordinates": [
          2.686856339860242,
          -23.350966220954433,
          10.013254913599999
        ]
      },
      "properties": {
        "id": "0_12",
        "camera": "R0 - Red (Point)",
        "frame": "0163",
        "image": "pano_camera0/frame_0163_hp_preview.jpg",
        "frameId": "0163",
        "height": 3.438151,
        "coords2D": "2D: (397925.599, 808202.808)",
        "coords3D_original": "3D_Original: (-793548.981, 426441.300, 0.000)",
        "coords3D": "3D: (2.687, -23.351, 10.013)",
        "coordsMtEden": "MtEden: (397925.599, 808202.808, 3.438)",
        "easting": 397925.59935633984,
        "northing": 808202.808033779,
        "longitude": 174.74091851138672,
        "latitude": -36.805796537132956,
        "group": "R0 - Red (229 points)",
        "canvasX": 487.9695354845419,
        "canvasY": 819.2167761648384,
        "variant": "northing_easting_direct"
      }
    },
    {
      "type": "Feature",
      "geometry": {
        "type": "Point",
        "coordinates": [
          2.6141348947421648,
          -24.117716556414962,
          10.68877330792
        ]
      },
      "properties": {
        "id": "0_13",
        "camera": "R0 - Red (Point)",
        "frame": "0164",
        "image": "pano_camera0/frame_0164_hp_preview.jpg",
        "frameId": "0164",
        "height": 3.606586,
        "coords2D": "2D: (397925.527, 808202.041)",
        "coords3D_original": "3D_Original: (-793548.981, 426441.300, 0.000)",
        "coords3D": "3D: (2.614, -24.118, 10.689)",
        "coordsMtEden": "MtEden: (397925.527, 808202.041, 3.607)",
        "easting": 397925.5266348947,
        "northing": 808202.0412834436,
        "longitude": 174.7409176942964,
        "latitude": -36.80580344694277,
        "group": "R0 - Red (229 points)",
        "canvasX": 486.77820516939704,
        "canvasY": 831.7777603045208,
        "variant": "northing_easting_direct"
      }
    },
    {
      "type": "Feature",
      "geometry": {
        "type": "Point",
        "coordinates": [
          2.7070772261940874,
          -24.29659537866246,
          11.98513489796
        ]
      },
      "properties": {
        "id": "0_14",
        "camera": "R0 - Red (Point)",
        "frame": "0165",
        "image": "pano_camera0/frame_0165_hp_preview.jpg",
        "frameId": "0165",
        "height": 3.645881,
        "coords2D": "2D: (397925.620, 808201.862)",
        "coords3D_original": "3D_Original: (-793548.981, 426441.300, 0.000)",
        "coords3D": "3D: (2.707, -24.297, 11.985)",
        "coordsMtEden": "MtEden: (397925.620, 808201.862, 3.646)",
        "easting": 397925.61957722617,
        "northing": 808201.8624046213,
        "longitude": 174.74091873542937,
        "latitude": -36.80580505920583,
        "group": "R0 - Red (229 points)",
        "canvasX": 488.3007961580864,
        "canvasY": 834.7081718684407,
        "variant": "northing_easting_direct"
      }
    },
    {
      "type": "Feature",
      "geometry": {
        "type": "Point",
        "coordinates": [
          2.870974747929722,
          -23.80523967638146,
          12.560043052840001
        ]
      },
      "properties": {
        "id": "0_15",
        "camera": "R0 - Red (Point)",
        "frame": "0166",
        "image": "pano_camera0/frame_0166_hp_preview.jpg",
        "frameId": "0166",
        "height": 3.537943,
        "coords2D": "2D: (397925.783, 808202.354)",
        "coords3D_original": "3D_Original: (-793548.981, 426441.300, 0.000)",
        "coords3D": "3D: (2.871, -23.805, 12.560)",
        "coordsMtEden": "MtEden: (397925.783, 808202.354, 3.538)",
        "easting": 397925.7834747479,
        "northing": 808202.3537603236,
        "longitude": 174.74092057359488,
        "latitude": -36.80580063145762,
        "group": "R0 - Red (229 points)",
        "canvasX": 490.9857824908862,
        "canvasY": 826.6587313954449,
        "variant": "northing_easting_direct"
      }
    },
    {
      "type": "Feature",
      "geometry": {
        "type": "Point",
        "coordinates": [
          3.312888971879147,
          -22.37298455554992,
          13.4992130304
        ]
      },
      "properties": {
        "id": "0_16",
        "camera": "R0 - Red (Point)",
        "frame": "0167",
        "image": "pano_camera0/frame_0167_hp_preview.jpg",
        "frameId": "0167",
        "height": 3.223314,
        "coords2D": "2D: (397926.225, 808203.786)",
        "coords3D_original": "3D_Original: (-793548.981, 426441.300, 0.000)",
        "coords3D": "3D: (3.313, -22.373, 13.499)",
        "coordsMtEden": "MtEden: (397926.225, 808203.786, 3.223)",
        "easting": 397926.22538897186,
        "northing": 808203.7860154444,
        "longitude": 174.7409255301023,
        "latitude": -36.80578772491421,
        "group": "R0 - Red (229 points)",
        "canvasX": 498.2252674989187,
        "canvasY": 803.1953782984986,
        "variant": "northing_easting_direct"
      }
    },
    {
      "type": "Feature",
      "geometry": {
        "type": "Point",
        "coordinates": [
          3.6913454841123894,
          -20.637552705709822,
          13.47872746544
        ]
      },
      "properties": {
        "id": "0_17",
        "camera": "R0 - Red (Point)",
        "frame": "0168",
        "image": "pano_camera0/frame_0168_hp_preview.jpg",
        "frameId": "0168",
        "height": 2.842085,
        "coords2D": "2D: (397926.604, 808205.521)",
        "coords3D_original": "3D_Original: (-793548.981, 426441.300, 0.000)",
        "coords3D": "3D: (3.691, -20.638, 13.479)",
        "coordsMtEden": "MtEden: (397926.604, 808205.521, 2.842)",
        "easting": 397926.6038454841,
        "northing": 808205.5214472943,
        "longitude": 174.7409297762526,
        "latitude": -36.80577208599696,
        "group": "R0 - Red (229 points)",
        "canvasX": 504.42518164040223,
        "canvasY": 774.7653523384129,
        "variant": "northing_easting_direct"
      }
    },
    {
      "type": "Feature",
      "geometry": {
        "type": "Point",
        "coordinates": [
          3.8462296436773613,
          -20.085534344543703,
          13.2283960926
        ]
      },
      "properties": {
        "id": "0_18",
        "camera": "R0 - Red (Point)",
        "frame": "0169",
        "image": "pano_camera0/frame_0169_hp_preview.jpg",
        "frameId": "0169",
        "height": 2.720821,
        "coords2D": "2D: (397926.759, 808206.073)",
        "coords3D_original": "3D_Original: (-793548.981, 426441.300, 0.000)",
        "coords3D": "3D: (3.846, -20.086, 13.228)",
        "coordsMtEden": "MtEden: (397926.759, 808206.073, 2.721)",
        "easting": 397926.75872964365,
        "northing": 808206.0734656554,
        "longitude": 174.7409315135677,
        "latitude": -36.80576711153575,
        "group": "R0 - Red (229 points)",
        "canvasX": 506.96251013132496,
        "canvasY": 765.7221298447837,
        "variant": "northing_easting_direct"
      }
    },
    {
      "type": "Feature",
      "geometry": {
        "type": "Point",
        "coordinates": [
          4.247315157670528,
          -17.415876605780795,
          11.69428843196
        ]
      },
      "properties": {
        "id": "0_19",
        "camera": "R0 - Red (Point)",
        "frame": "0170",
        "image": "pano_camera0/frame_0170_hp_preview.jpg",
        "frameId": "0170",
        "height": 2.134367,
        "coords2D": "2D: (397927.160, 808208.743)",
        "coords3D_original": "3D_Original: (-793548.981, 426441.300, 0.000)",
        "coords3D": "3D: (4.247, -17.416, 11.694)",
        "coordsMtEden": "MtEden: (397927.160, 808208.743, 2.134)",
        "easting": 397927.15981515765,
        "northing": 808208.7431233942,
        "longitude": 174.74093601586577,
        "latitude": -36.80574305340559,
        "group": "R0 - Red (229 points)",
        "canvasX": 513.5331349455212,
        "canvasY": 721.9875177234707,
        "variant": "northing_easting_direct"
      }
    },
    {
      "type": "Feature",
      "geometry": {
        "type": "Point",
        "coordinates": [
          4.368804355035536,
          -17.082013475475833,
          11.48192950128
        ]
      },
      "properties": {
        "id": "0_20",
        "camera": "R0 - Red (Point)",
        "frame": "0171",
        "image": "pano_camera0/frame_0171_hp_preview.jpg",
        "frameId": "0171",
        "height": 2.061026,
        "coords2D": "2D: (397927.281, 808209.077)",
        "coords3D_original": "3D_Original: (-793548.981, 426441.300, 0.000)",
        "coords3D": "3D: (4.369, -17.082, 11.482)",
        "coordsMtEden": "MtEden: (397927.281, 808209.077, 2.061)",
        "easting": 397927.281304355,
        "northing": 808209.0769865245,
        "longitude": 174.7409373783233,
        "latitude": -36.8057400448904,
        "group": "R0 - Red (229 points)",
        "canvasX": 515.5233836748223,
        "canvasY": 716.5181370259407,
        "variant": "northing_easting_direct"
      }
    },
    {
      "type": "Feature",
      "geometry": {
        "type": "Point",
        "coordinates": [
          4.583554538025055,
          -15.434689517365769,
          10.50614863016
        ]
      },
      "properties": {
        "id": "0_21",
        "camera": "R0 - Red (Point)",
        "frame": "0172",
        "image": "pano_camera0/frame_0172_hp_preview.jpg",
        "frameId": "0172",
        "height": 1.699152,
        "coords2D": "2D: (397927.496, 808210.724)",
        "coords3D_original": "3D_Original: (-793548.981, 426441.300, 0.000)",
        "coords3D": "3D: (4.584, -15.435, 10.506)",
        "coordsMtEden": "MtEden: (397927.496, 808210.724, 1.699)",
        "easting": 397927.496054538,
        "northing": 808210.7243104826,
        "longitude": 174.7409397895464,
        "latitude": -36.805725199644364,
        "group": "R0 - Red (229 points)",
        "canvasX": 519.0414436195459,
        "canvasY": 689.5315037575377,
        "variant": "northing_easting_direct"
      }
    },
    {
      "type": "Feature",
      "geometry": {
        "type": "Point",
        "coordinates": [
          5.009658960509114,
          -13.726793944370002,
          10.398717524359999
        ]
      },
      "properties": {
        "id": "0_22",
        "camera": "R0 - Red (Point)",
        "frame": "0173",
        "image": "pano_camera0/frame_0173_hp_preview.jpg",
        "frameId": "0173",
        "height": 1.323972,
        "coords2D": "2D: (397927.922, 808212.432)",
        "coords3D_original": "3D_Original: (-793548.981, 426441.300, 0.000)",
        "coords3D": "3D: (5.010, -13.727, 10.399)",
        "coordsMtEden": "MtEden: (397927.922, 808212.432, 1.324)",
        "easting": 397927.9221589605,
        "northing": 808212.4322060556,
        "longitude": 174.74094456961288,
        "latitude": -36.805709808988176,
        "group": "R0 - Red (229 points)",
        "canvasX": 526.0219308069526,
        "canvasY": 661.5525799618536,
        "variant": "northing_easting_direct"
      }
    },
    {
      "type": "Feature",
      "geometry": {
        "type": "Point",
        "coordinates": [
          5.4325768407434225,
          -12.378490553703159,
          11.189872405320001
        ]
      },
      "properties": {
        "id": "0_23",
        "camera": "R0 - Red (Point)",
        "frame": "0174",
        "image": "pano_camera0/frame_0174_hp_preview.jpg",
        "frameId": "0174",
        "height": 1.027785,
        "coords2D": "2D: (397928.345, 808213.781)",
        "coords3D_original": "3D_Original: (-793548.981, 426441.300, 0.000)",
        "coords3D": "3D: (5.433, -12.378, 11.190)",
        "coordsMtEden": "MtEden: (397928.345, 808213.781, 1.028)",
        "easting": 397928.3450768407,
        "northing": 808213.7805094463,
        "longitude": 174.74094931298708,
        "latitude": -36.80569765897666,
        "group": "R0 - Red (229 points)",
        "canvasX": 532.950215727029,
        "canvasY": 639.4645328850576,
        "variant": "northing_easting_direct"
      }
    },
    {
      "type": "Feature",
      "geometry": {
        "type": "Point",
        "coordinates": [
          5.453193768742494,
          -12.3628127661068,
          11.22092227508
        ]
      },
      "properties": {
        "id": "0_24",
        "camera": "R0 - Red (Point)",
        "frame": "0175",
        "image": "pano_camera0/frame_0175_hp_preview.jpg",
        "frameId": "0175",
        "height": 1.024341,
        "coords2D": "2D: (397928.366, 808213.796)",
        "coords3D_original": "3D_Original: (-793548.981, 426441.300, 0.000)",
        "coords3D": "3D: (5.453, -12.363, 11.221)",
        "coordsMtEden": "MtEden: (397928.366, 808213.796, 1.024)",
        "easting": 397928.3656937687,
        "northing": 808213.7961872339,
        "longitude": 174.74094954408676,
        "latitude": -36.805697517733236,
        "group": "R0 - Red (229 points)",
        "canvasX": 533.287964396656,
        "canvasY": 639.2076977297925,
        "variant": "northing_easting_direct"
      }
    },
    {
      "type": "Feature",
      "geometry": {
        "type": "Point",
        "coordinates": [
          5.607568081526551,
          -12.196711978060193,
          12.660049617719999
        ]
      },
      "properties": {
        "id": "0_25",
        "camera": "R0 - Red (Point)",
        "frame": "0176",
        "image": "pano_camera0/frame_0176_hp_preview.jpg",
        "frameId": "0176",
        "height": 0.987853,
        "coords2D": "2D: (397928.520, 808213.962)",
        "coords3D_original": "3D_Original: (-793548.981, 426441.300, 0.000)",
        "coords3D": "3D: (5.608, -12.197, 12.660)",
        "coordsMtEden": "MtEden: (397928.520, 808213.962, 0.988)",
        "easting": 397928.5200680815,
        "northing": 808213.9622880219,
        "longitude": 174.74095127463505,
        "latitude": -36.80569602116738,
        "group": "R0 - Red (229 points)",
        "canvasX": 535.8169405248058,
        "canvasY": 636.4866172578672,
        "variant": "northing_easting_direct"
      }
    },
    {
      "type": "Feature",
      "geometry": {
        "type": "Point",
        "coordinates": [
          5.644500105583575,
          -12.564347903477028,
          13.43283507552
        ]
      },
      "properties": {
        "id": "0_26",
        "camera": "R0 - Red (Point)",
        "frame": "0177",
        "image": "pano_camera0/frame_0177_hp_preview.jpg",
        "frameId": "0177",
        "height": 1.068613,
        "coords2D": "2D: (397928.557, 808213.595)",
        "coords3D_original": "3D_Original: (-793548.981, 426441.300, 0.000)",
        "coords3D": "3D: (5.645, -12.564, 13.433)",
        "coordsMtEden": "MtEden: (397928.557, 808213.595, 1.069)",
        "easting": 397928.55700010556,
        "northing": 808213.5946520965,
        "longitude": 174.74095168753772,
        "latitude": -36.80569933439042,
        "group": "R0 - Red (229 points)",
        "canvasX": 536.4219648031639,
        "canvasY": 642.5092674144306,
        "variant": "northing_easting_direct"
      }
    },
    {
      "type": "Feature",
      "geometry": {
        "type": "Point",
        "coordinates": [
          5.7081990840961225,
          -12.913993521942757,
          14.927467669279999
        ]
      },
      "properties": {
        "id": "0_27",
        "camera": "R0 - Red (Point)",
        "frame": "0178",
        "image": "pano_camera0/frame_0178_hp_preview.jpg",
        "frameId": "0178",
        "height": 1.145421,
        "coords2D": "2D: (397928.621, 808213.245)",
        "coords3D_original": "3D_Original: (-793548.981, 426441.300, 0.000)",
        "coords3D": "3D: (5.708, -12.914, 14.927)",
        "coordsMtEden": "MtEden: (397928.621, 808213.245, 1.145)",
        "easting": 397928.6206990841,
        "northing": 808213.245006478,
        "longitude": 174.74095240047072,
        "latitude": -36.80570248554301,
        "group": "R0 - Red (229 points)",
        "canvasX": 537.4654881270964,
        "canvasY": 648.2371984845807,
        "variant": "northing_easting_direct"
      }
    },
    {
      "type": "Feature",
      "geometry": {
        "type": "Point",
        "coordinates": [
          6.045285174215678,
          -12.015311235212721,
          16.06641455612
        ]
      },
      "properties": {
        "id": "0_28",
        "camera": "R0 - Red (Point)",
        "frame": "0179",
        "image": "pano_camera0/frame_0179_hp_preview.jpg",
        "frameId": "0179",
        "height": 0.948004,
        "coords2D": "2D: (397928.958, 808214.144)",
        "coords3D_original": "3D_Original: (-793548.981, 426441.300, 0.000)",
        "coords3D": "3D: (6.045, -12.015, 16.066)",
        "coordsMtEden": "MtEden: (397928.958, 808214.144, 0.948)",
        "easting": 397928.9577851742,
        "northing": 808214.1436887648,
        "longitude": 174.7409561806904,
        "latitude": -36.805694387337745,
        "group": "R0 - Red (229 points)",
        "canvasX": 542.9876676892975,
        "canvasY": 633.5148913280889,
        "variant": "northing_easting_direct"
      }
    },
    {
      "type": "Feature",
      "geometry": {
        "type": "Point",
        "coordinates": [
          6.253489289083518,
          -11.18794376286678,
          16.27768096708
        ]
      },
      "properties": {
        "id": "0_29",
        "camera": "R0 - Red (Point)",
        "frame": "0180",
        "image": "pano_camera0/frame_0180_hp_preview.jpg",
        "frameId": "0180",
        "height": 0.766253,
        "coords2D": "2D: (397929.166, 808214.971)",
        "coords3D_original": "3D_Original: (-793548.981, 426441.300, 0.000)",
        "coords3D": "3D: (6.253, -11.188, 16.278)",
        "coordsMtEden": "MtEden: (397929.166, 808214.971, 0.766)",
        "easting": 397929.16598928906,
        "northing": 808214.9710562371,
        "longitude": 174.74095851631566,
        "latitude": -36.80568693154103,
        "group": "R0 - Red (229 points)",
        "canvasX": 546.3984892619911,
        "canvasY": 619.9608709144491,
        "variant": "northing_easting_direct"
      }
    },
    {
      "type": "Feature",
      "geometry": {
        "type": "Point",
        "coordinates": [
          6.41381788358558,
          -10.049205595860258,
          15.942822032479999
        ]
      },
      "properties": {
        "id": "0_30",
        "camera": "R0 - Red (Point)",
        "frame": "0181",
        "image": "pano_camera0/frame_0181_hp_preview.jpg",
        "frameId": "0181",
        "height": 0.516102,
        "coords2D": "2D: (397929.326, 808216.110)",
        "coords3D_original": "3D_Original: (-793548.981, 426441.300, 0.000)",
        "coords3D": "3D: (6.414, -10.049, 15.943)",
        "coordsMtEden": "MtEden: (397929.326, 808216.110, 0.516)",
        "easting": 397929.32631788356,
        "northing": 808216.1097944041,
        "longitude": 174.74096031623912,
        "latitude": -36.80567666956068,
        "group": "R0 - Red (229 points)",
        "canvasX": 549.025009055381,
        "canvasY": 601.3059432359635,
        "variant": "northing_easting_direct"
      }
    },
    {
      "type": "Feature",
      "geometry": {
        "type": "Point",
        "coordinates": [
          6.535857897484675,
          -9.221810810267925,
          15.370718995799999
        ]
      },
      "properties": {
        "id": "0_31",
        "camera": "R0 - Red (Point)",
        "frame": "0182",
        "image": "pano_camera0/frame_0182_hp_preview.jpg",
        "frameId": "0182",
        "height": 0.334345,
        "coords2D": "2D: (397929.448, 808216.937)",
        "coords3D_original": "3D_Original: (-793548.981, 426441.300, 0.000)",
        "coords3D": "3D: (6.536, -9.222, 15.371)",
        "coordsMtEden": "MtEden: (397929.448, 808216.937, 0.334)",
        "easting": 397929.44835789746,
        "northing": 808216.9371891897,
        "longitude": 174.74096168620966,
        "latitude": -36.80566921332931,
        "group": "R0 - Red (229 points)",
        "canvasX": 551.0242813194636,
        "canvasY": 587.751475374318,
        "variant": "northing_easting_direct"
      }
    },
    {
      "type": "Feature",
      "geometry": {
        "type": "Point",
        "coordinates": [
          6.875420386146288,
          -7.696686193114147,
          14.760394173119998
        ]
      },
      "properties": {
        "id": "0_32",
        "camera": "R0 - Red (Point)",
        "frame": "0183",
        "image": "pano_camera0/frame_0183_hp_preview.jpg",
        "frameId": "0183",
        "height": -0.000685,
        "coords2D": "2D: (397929.788, 808218.462)",
        "coords3D_original": "3D_Original: (-793548.981, 426441.300, 0.000)",
        "coords3D": "3D: (6.875, -7.697, 14.760)",
        "coordsMtEden": "MtEden: (397929.788, 808218.462, -0.001)",
        "easting": 397929.7879203861,
        "northing": 808218.4623138069,
        "longitude": 174.7409654958833,
        "latitude": -36.80565546961837,
        "group": "R0 - Red (229 points)",
        "canvasX": 556.5870295008472,
        "canvasY": 562.7667244833641,
        "variant": "northing_easting_direct"
      }
    },
    {
      "type": "Feature",
      "geometry": {
        "type": "Point",
        "coordinates": [
          7.013124531018548,
          -7.121469804667868,
          15.31217896768
        ]
      },
      "properties": {
        "id": "0_33",
        "camera": "R0 - Red (Point)",
        "frame": "0184",
        "image": "pano_camera0/frame_0184_hp_preview.jpg",
        "frameId": "0184",
        "height": -0.127045,
        "coords2D": "2D: (397929.926, 808219.038)",
        "coords3D_original": "3D_Original: (-793548.981, 426441.300, 0.000)",
        "coords3D": "3D: (7.013, -7.121, 15.312)",
        "coordsMtEden": "MtEden: (397929.926, 808219.038, -0.127)",
        "easting": 397929.925624531,
        "northing": 808219.0375301953,
        "longitude": 174.74096704071758,
        "latitude": -36.80565028605788,
        "group": "R0 - Red (229 points)",
        "canvasX": 558.8429131961918,
        "canvasY": 553.3434694835703,
        "variant": "northing_easting_direct"
      }
    },
    {
      "type": "Feature",
      "geometry": {
        "type": "Point",
        "coordinates": [
          6.996513541787863,
          -7.428320161532611,
          15.792736725840001
        ]
      },
      "properties": {
        "id": "0_34",
        "camera": "R0 - Red (Point)",
        "frame": "0185",
        "image": "pano_camera0/frame_0185_hp_preview.jpg",
        "frameId": "0185",
        "height": -0.059638,
        "coords2D": "2D: (397929.909, 808218.731)",
        "coords3D_original": "3D_Original: (-793548.981, 426441.300, 0.000)",
        "coords3D": "3D: (6.997, -7.428, 15.793)",
        "coordsMtEden": "MtEden: (397929.909, 808218.731, -0.060)",
        "easting": 397929.90901354176,
        "northing": 808218.7306798385,
        "longitude": 174.74096685372157,
        "latitude": -36.80565305136311,
        "group": "R0 - Red (229 points)",
        "canvasX": 558.5707902340658,
        "canvasY": 558.3703241034746,
        "variant": "northing_easting_direct"
      }
    },
    {
      "type": "Feature",
      "geometry": {
        "type": "Point",
        "coordinates": [
          6.860912514734082,
          -8.17037024279125,
          16.36607335836
        ]
      },
      "properties": {
        "id": "0_35",
        "camera": "R0 - Red (Point)",
        "frame": "0186",
        "image": "pano_camera0/frame_0186_hp_preview.jpg",
        "frameId": "0186",
        "height": 0.103371,
        "coords2D": "2D: (397929.773, 808217.989)",
        "coords3D_original": "3D_Original: (-793548.981, 426441.300, 0.000)",
        "coords3D": "3D: (6.861, -8.170, 16.366)",
        "coordsMtEden": "MtEden: (397929.773, 808217.989, 0.103)",
        "easting": 397929.7734125147,
        "northing": 808217.9886297572,
        "longitude": 174.74096533200358,
        "latitude": -36.80565973843673,
        "group": "R0 - Red (229 points)",
        "canvasX": 556.3493600351591,
        "canvasY": 570.5266660966796,
        "variant": "northing_easting_direct"
      }
    },
    {
      "type": "Feature",
      "geometry": {
        "type": "Point",
        "coordinates": [
          6.760094871860929,
          -8.884820316336118,
          16.959852904919998
        ]
      },
      "properties": {
        "id": "0_36",
        "camera": "R0 - Red (Point)",
        "frame": "0187",
        "image": "pano_camera0/frame_0187_hp_preview.jpg",
        "frameId": "0187",
        "height": 0.260317,
        "coords2D": "2D: (397929.673, 808217.274)",
        "coords3D_original": "3D_Original: (-793548.981, 426441.300, 0.000)",
        "coords3D": "3D: (6.760, -8.885, 16.960)",
        "coordsMtEden": "MtEden: (397929.673, 808217.274, 0.260)",
        "easting": 397929.67259487184,
        "northing": 808217.2741796836,
        "longitude": 174.7409642001829,
        "latitude": -36.80566617685459,
        "group": "R0 - Red (229 points)",
        "canvasX": 554.6977548714963,
        "canvasY": 582.2308618801368,
        "variant": "northing_easting_direct"
      }
    },
    {
      "type": "Feature",
      "geometry": {
        "type": "Point",
        "coordinates": [
          6.720249437785242,
          -9.525096792029217,
          17.893035349479998
        ]
      },
      "properties": {
        "id": "0_37",
        "camera": "R0 - Red (Point)",
        "frame": "0188",
        "image": "pano_camera0/frame_0188_hp_preview.jpg",
        "frameId": "0188",
        "height": 0.400969,
        "coords2D": "2D: (397929.633, 808216.634)",
        "coords3D_original": "3D_Original: (-793548.981, 426441.300, 0.000)",
        "coords3D": "3D: (6.720, -9.525, 17.893)",
        "coordsMtEden": "MtEden: (397929.633, 808216.634, 0.401)",
        "easting": 397929.63274943776,
        "northing": 808216.633903208,
        "longitude": 174.7409637518883,
        "latitude": -36.80567194695178,
        "group": "R0 - Red (229 points)",
        "canvasX": 554.0450028058647,
        "canvasY": 592.71993802948,
        "variant": "northing_easting_direct"
      }
    },
    {
      "type": "Feature",
      "geometry": {
        "type": "Point",
        "coordinates": [
          6.878256408672314,
          -9.319041316979565,
          18.912001917519998
        ]
      },
      "properties": {
        "id": "0_38",
        "camera": "R0 - Red (Point)",
        "frame": "0189",
        "image": "pano_camera0/frame_0189_hp_preview.jpg",
        "frameId": "0189",
        "height": 0.355704,
        "coords2D": "2D: (397929.791, 808216.840)",
        "coords3D_original": "3D_Original: (-793548.981, 426441.300, 0.000)",
        "coords3D": "3D: (6.878, -9.319, 18.912)",
        "coordsMtEden": "MtEden: (397929.791, 808216.840, 0.356)",
        "easting": 397929.79075640865,
        "northing": 808216.839958683,
        "longitude": 174.7409655232561,
        "latitude": -36.80567009032121,
        "group": "R0 - Red (229 points)",
        "canvasX": 556.6334895187711,
        "canvasY": 589.3443156999004,
        "variant": "northing_easting_direct"
      }
    },
    {
      "type": "Feature",
      "geometry": {
        "type": "Point",
        "coordinates": [
          6.929473246156704,
          -9.259279994294047,
          19.01830441436
        ]
      },
      "properties": {
        "id": "0_39",
        "camera": "R0 - Red (Point)",
        "frame": "0190",
        "image": "pano_camera0/frame_0190_hp_preview.jpg",
        "frameId": "0190",
        "height": 0.342576,
        "coords2D": "2D: (397929.842, 808216.900)",
        "coords3D_original": "3D_Original: (-793548.981, 426441.300, 0.000)",
        "coords3D": "3D: (6.929, -9.259, 19.018)",
        "coordsMtEden": "MtEden: (397929.842, 808216.900, 0.343)",
        "easting": 397929.84197324613,
        "northing": 808216.8997200057,
        "longitude": 174.74096609741326,
        "latitude": -36.80566955186296,
        "group": "R0 - Red (229 points)",
        "canvasX": 557.4725291041041,
        "canvasY": 588.3652994634546,
        "variant": "northing_easting_direct"
      }
    },
    {
      "type": "Feature",
      "geometry": {
        "type": "Point",
        "coordinates": [
          7.1993506091530435,
          -8.417067787377164,
          19.64275653408
        ]
      },
      "properties": {
        "id": "0_40",
        "camera": "R0 - Red (Point)",
        "frame": "0191",
        "image": "pano_camera0/frame_0191_hp_preview.jpg",
        "frameId": "0191",
        "height": 0.157564,
        "coords2D": "2D: (397930.112, 808217.742)",
        "coords3D_original": "3D_Original: (-793548.981, 426441.300, 0.000)",
        "coords3D": "3D: (7.199, -8.417, 19.643)",
        "coordsMtEden": "MtEden: (397930.112, 808217.742, 0.158)",
        "easting": 397930.11185060913,
        "northing": 808217.7419322126,
        "longitude": 174.74096912425833,
        "latitude": -36.8056619624198,
        "group": "R0 - Red (229 points)",
        "canvasX": 561.8936882736417,
        "canvasY": 574.5680910587232,
        "variant": "northing_easting_direct"
      }
    },
    {
      "type": "Feature",
      "geometry": {
        "type": "Point",
        "coordinates": [
          7.596157052263152,
          -6.839702087105252,
          19.7858930216
        ]
      },
      "properties": {
        "id": "0_41",
        "camera": "R0 - Red (Point)",
        "frame": "0192",
        "image": "pano_camera0/frame_0192_hp_preview.jpg",
        "frameId": "0192",
        "height": -0.188942,
        "coords2D": "2D: (397930.509, 808219.319)",
        "coords3D_original": "3D_Original: (-793548.981, 426441.300, 0.000)",
        "coords3D": "3D: (7.596, -6.840, 19.786)",
        "coordsMtEden": "MtEden: (397930.509, 808219.319, -0.189)",
        "easting": 397930.50865705224,
        "northing": 808219.3192979129,
        "longitude": 174.74097357561357,
        "latitude": -36.80564774803603,
        "group": "R0 - Red (229 points)",
        "canvasX": 568.3942129002802,
        "canvasY": 548.7275212822229,
        "variant": "northing_easting_direct"
      }
    },
    {
      "type": "Feature",
      "geometry": {
        "type": "Point",
        "coordinates": [
          7.804547807492781,
          -5.650621105567552,
          19.45603080632
        ]
      },
      "properties": {
        "id": "0_42",
        "camera": "R0 - Red (Point)",
        "frame": "0193",
        "image": "pano_camera0/frame_0193_hp_preview.jpg",
        "frameId": "0193",
        "height": -0.450152,
        "coords2D": "2D: (397930.717, 808220.508)",
        "coords3D_original": "3D_Original: (-793548.981, 426441.300, 0.000)",
        "coords3D": "3D: (7.805, -5.651, 19.456)",
        "coordsMtEden": "MtEden: (397930.717, 808220.508, -0.450)",
        "easting": 397930.71704780747,
        "northing": 808220.5083788944,
        "longitude": 174.7409759143104,
        "latitude": -36.805637032469974,
        "group": "R0 - Red (229 points)",
        "canvasX": 571.808092034346,
        "canvasY": 529.2478723545864,
        "variant": "northing_easting_direct"
      }
    },
    {
      "type": "Feature",
      "geometry": {
        "type": "Point",
        "coordinates": [
          8.017217633605469,
          -4.266191430855542,
          18.850561626839998
        ]
      },
      "properties": {
        "id": "0_43",
        "camera": "R0 - Red (Point)",
        "frame": "0194",
        "image": "pano_camera0/frame_0194_hp_preview.jpg",
        "frameId": "0194",
        "height": -0.754275,
        "coords2D": "2D: (397930.930, 808221.893)",
        "coords3D_original": "3D_Original: (-793548.981, 426441.300, 0.000)",
        "coords3D": "3D: (8.017, -4.266, 18.851)",
        "coordsMtEden": "MtEden: (397930.930, 808221.893, -0.754)",
        "easting": 397930.9297176336,
        "northing": 808221.8928085691,
        "longitude": 174.74097830149358,
        "latitude": -36.80562455642688,
        "group": "R0 - Red (229 points)",
        "canvasX": 575.2920713559697,
        "canvasY": 506.56800071560014,
        "variant": "northing_easting_direct"
      }
    },
    {
      "type": "Feature",
      "geometry": {
        "type": "Point",
        "coordinates": [
          8.238049560051877,
          -3.2538724972400814,
          18.48085360976
        ]
      },
      "properties": {
        "id": "0_44",
        "camera": "R0 - Red (Point)",
        "frame": "0195",
        "image": "pano_camera0/frame_0195_hp_preview.jpg",
        "frameId": "0195",
        "height": -0.976655,
        "coords2D": "2D: (397931.151, 808222.905)",
        "coords3D_original": "3D_Original: (-793548.981, 426441.300, 0.000)",
        "coords3D": "3D: (8.238, -3.254, 18.481)",
        "coordsMtEden": "MtEden: (397931.151, 808222.905, -0.977)",
        "easting": 397931.15054956,
        "northing": 808222.9051275027,
        "longitude": 174.74098077913877,
        "latitude": -36.80561543387097,
        "group": "R0 - Red (229 points)",
        "canvasX": 578.9097630566266,
        "canvasY": 489.98408613144255,
        "variant": "northing_easting_direct"
      }
    },
    {
      "type": "Feature",
      "geometry": {
        "type": "Point",
        "coordinates": [
          8.407345994724892,
          -2.35990174068138,
          18.65263839216
        ]
      },
      "properties": {
        "id": "0_45",
        "camera": "R0 - Red (Point)",
        "frame": "0196",
        "image": "pano_camera0/frame_0196_hp_preview.jpg",
        "frameId": "0196",
        "height": -1.173037,
        "coords2D": "2D: (397931.320, 808223.799)",
        "coords3D_original": "3D_Original: (-793548.981, 426441.300, 0.000)",
        "coords3D": "3D: (8.407, -2.360, 18.653)",
        "coordsMtEden": "MtEden: (397931.320, 808223.799, -1.173)",
        "easting": 397931.3198459947,
        "northing": 808223.7990982593,
        "longitude": 174.74098267889642,
        "latitude": -36.80560737775854,
        "group": "R0 - Red (229 points)",
        "canvasX": 581.6831949452173,
        "canvasY": 475.33896375593196,
        "variant": "northing_easting_direct"
      }
    },
    {
      "type": "Feature",
      "geometry": {
        "type": "Point",
        "coordinates": [
          8.853179665573407,
          -0.8455840538954362,
          19.44234642268
        ]
      },
      "properties": {
        "id": "0_46",
        "camera": "R0 - Red (Point)",
        "frame": "0197",
        "image": "pano_camera0/frame_0197_hp_preview.jpg",
        "frameId": "0197",
        "height": -1.505693,
        "coords2D": "2D: (397931.766, 808225.313)",
        "coords3D_original": "3D_Original: (-793548.981, 426441.300, 0.000)",
        "coords3D": "3D: (8.853, -0.846, 19.442)",
        "coordsMtEden": "MtEden: (397931.766, 808225.313, -1.506)",
        "easting": 397931.76567966555,
        "northing": 808225.3134159461,
        "longitude": 174.74098767952955,
        "latitude": -36.80559373167117,
        "group": "R0 - Red (229 points)",
        "canvasX": 588.9868887420662,
        "canvasY": 450.5312531258954,
        "variant": "northing_easting_direct"
      }
    },
    {
      "type": "Feature",
      "geometry": {
        "type": "Point",
        "coordinates": [
          9.51403665158432,
          1.0252257650718093,
          20.84869489288
        ]
      },
      "properties": {
        "id": "0_47",
        "camera": "R0 - Red (Point)",
        "frame": "0198",
        "image": "pano_camera0/frame_0198_hp_preview.jpg",
        "frameId": "0198",
        "height": -1.916661,
        "coords2D": "2D: (397932.427, 808227.184)",
        "coords3D_original": "3D_Original: (-793548.981, 426441.300, 0.000)",
        "coords3D": "3D: (9.514, 1.025, 20.849)",
        "coordsMtEden": "MtEden: (397932.427, 808227.184, -1.917)",
        "easting": 397932.42653665156,
        "northing": 808227.184225765,
        "longitude": 174.7409950909243,
        "latitude": -36.805576873338886,
        "group": "R0 - Red (229 points)",
        "canvasX": 599.8131169636954,
        "canvasY": 419.88345112561615,
        "variant": "northing_easting_direct"
      }
    },
    {
      "type": "Feature",
      "geometry": {
        "type": "Point",
        "coordinates": [
          9.71131547895493,
          1.571972675039433,
          21.2599088168
        ]
      },
      "properties": {
        "id": "0_48",
        "camera": "R0 - Red (Point)",
        "frame": "0199",
        "image": "pano_camera0/frame_0199_hp_preview.jpg",
        "frameId": "0199",
        "height": -2.036767,
        "coords2D": "2D: (397932.624, 808227.731)",
        "coords3D_original": "3D_Original: (-793548.981, 426441.300, 0.000)",
        "coords3D": "3D: (9.711, 1.572, 21.260)",
        "coordsMtEden": "MtEden: (397932.624, 808227.731, -2.037)",
        "easting": 397932.62381547893,
        "northing": 808227.730972675,
        "longitude": 174.7409973033391,
        "latitude": -36.805571946475524,
        "group": "R0 - Red (229 points)",
        "canvasX": 603.0449593341137,
        "canvasY": 410.9265860970846,
        "variant": "northing_easting_direct"
      }
    },
    {
      "type": "Feature",
      "geometry": {
        "type": "Point",
        "coordinates": [
          10.587714731344022,
          3.6623716689646244,
          23.493783560199997
        ]
      },
      "properties": {
        "id": "0_49",
        "camera": "R0 - Red (Point)",
        "frame": "0200",
        "image": "pano_camera0/frame_0200_hp_preview.jpg",
        "frameId": "0200",
        "height": -2.495973,
        "coords2D": "2D: (397933.500, 808229.821)",
        "coords3D_original": "3D_Original: (-793548.981, 426441.300, 0.000)",
        "coords3D": "3D: (10.588, 3.662, 23.494)",
        "coordsMtEden": "MtEden: (397933.500, 808229.821, -2.496)",
        "easting": 397933.5002147313,
        "northing": 808229.821371669,
        "longitude": 174.74100713093608,
        "latitude": -36.80555310967096,
        "group": "R0 - Red (229 points)",
        "canvasX": 617.4022234926316,
        "canvasY": 376.6814512804074,
        "variant": "northing_easting_direct"
      }
    },
    {
      "type": "Feature",
      "geometry": {
        "type": "Point",
        "coordinates": [
          10.886138960253447,
          4.0339816675987095,
          23.493357051
        ]
      },
      "properties": {
        "id": "0_50",
        "camera": "R0 - Red (Point)",
        "frame": "0201",
        "image": "pano_camera0/frame_0201_hp_preview.jpg",
        "frameId": "0201",
        "height": -2.577606,
        "coords2D": "2D: (397933.799, 808230.193)",
        "coords3D_original": "3D_Original: (-793548.981, 426441.300, 0.000)",
        "coords3D": "3D: (10.886, 4.034, 23.493)",
        "coordsMtEden": "MtEden: (397933.799, 808230.193, -2.578)",
        "easting": 397933.79863896023,
        "northing": 808230.1929816676,
        "longitude": 174.74101047642392,
        "latitude": -36.80554976136541,
        "group": "R0 - Red (229 points)",
        "canvasX": 622.291040402781,
        "canvasY": 370.5936974390164,
        "variant": "northing_easting_direct"
      }
    },
    {
      "type": "Feature",
      "geometry": {
        "type": "Point",
        "coordinates": [
          9.23262855806388,
          -1.3384738485328853,
          23.152159533520003
        ]
      },
      "properties": {
        "id": "0_51",
        "camera": "R0 - Red (Point)",
        "frame": "0226",
        "image": "pano_camera0/frame_0226_hp_preview.jpg",
        "frameId": "0226",
        "height": -1.397418,
        "coords2D": "2D: (397932.145, 808224.821)",
        "coords3D_original": "3D_Original: (-793548.981, 426441.300, 0.000)",
        "coords3D": "3D: (9.233, -1.338, 23.152)",
        "coordsMtEden": "MtEden: (397932.145, 808224.821, -1.397)",
        "easting": 397932.14512855804,
        "northing": 808224.8205261515,
        "longitude": 174.74099193072672,
        "latitude": -36.80559817443258,
        "group": "R0 - Red (229 points)",
        "canvasX": 595.2030601610896,
        "canvasY": 458.6058252618773,
        "variant": "northing_easting_direct"
      }
    },
    {
      "type": "Feature",
      "geometry": {
        "type": "Point",
        "coordinates": [
          8.002249989716802,
          -7.290265497053042,
          24.634954856559997
        ]
      },
      "properties": {
        "id": "0_52",
        "camera": "R0 - Red (Point)",
        "frame": "0240",
        "image": "pano_camera0/frame_0240_hp_preview.jpg",
        "frameId": "0240",
        "height": -0.089965,
        "coords2D": "2D: (397930.915, 808218.869)",
        "coords3D_original": "3D_Original: (-793548.981, 426441.300, 0.000)",
        "coords3D": "3D: (8.002, -7.290, 24.635)",
        "coordsMtEden": "MtEden: (397930.915, 808218.869, -0.090)",
        "easting": 397930.9147499897,
        "northing": 808218.8687345029,
        "longitude": 174.7409781255316,
        "latitude": -36.8056518094099,
        "group": "R0 - Red (229 points)",
        "canvasX": 575.0468698488526,
        "canvasY": 556.1086981587234,
        "variant": "northing_easting_direct"
      }
    },
    {
      "type": "Feature",
      "geometry": {
        "type": "Point",
        "coordinates": [
          7.895482617313974,
          -7.562628362909891,
          24.563993568199997
        ]
      },
      "properties": {
        "id": "0_53",
        "camera": "R0 - Red (Point)",
        "frame": "0241",
        "image": "pano_camera0/frame_0241_hp_preview.jpg",
        "frameId": "0241",
        "height": -0.030134,
        "coords2D": "2D: (397930.808, 808218.596)",
        "coords3D_original": "3D_Original: (-793548.981, 426441.300, 0.000)",
        "coords3D": "3D: (7.895, -7.563, 24.564)",
        "coordsMtEden": "MtEden: (397930.808, 808218.596, -0.030)",
        "easting": 397930.8079826173,
        "northing": 808218.5963716371,
        "longitude": 174.74097692823398,
        "latitude": -36.805654263716164,
        "group": "R0 - Red (229 points)",
        "canvasX": 573.2977955946174,
        "canvasY": 560.5705750967787,
        "variant": "northing_easting_direct"
      }
    },
    {
      "type": "Feature",
      "geometry": {
        "type": "Point",
        "coordinates": [
          7.59483236115193,
          -8.836371218319982,
          24.79505656772
        ]
      },
      "properties": {
        "id": "0_54",
        "camera": "R0 - Red (Point)",
        "frame": "0242",
        "image": "pano_camera0/frame_0242_hp_preview.jpg",
        "frameId": "0242",
        "height": 0.249674,
        "coords2D": "2D: (397930.507, 808217.323)",
        "coords3D_original": "3D_Original: (-793548.981, 426441.300, 0.000)",
        "coords3D": "3D: (7.595, -8.836, 24.795)",
        "coordsMtEden": "MtEden: (397930.507, 808217.323, 0.250)",
        "easting": 397930.5073323611,
        "northing": 808217.3226287817,
        "longitude": 174.74097355534082,
        "latitude": -36.805665742055076,
        "group": "R0 - Red (229 points)",
        "canvasX": 568.3725116720043,
        "canvasY": 581.4371636927135,
        "variant": "northing_easting_direct"
      }
    },
    {
      "type": "Feature",
      "geometry": {
        "type": "Point",
        "coordinates": [
          7.38473452971084,
          -9.47637456189841,
          24.35030917816
        ]
      },
      "properties": {
        "id": "0_55",
        "camera": "R0 - Red (Point)",
        "frame": "0243",
        "image": "pano_camera0/frame_0243_hp_preview.jpg",
        "frameId": "0243",
        "height": 0.390266,
        "coords2D": "2D: (397930.297, 808216.683)",
        "coords3D_original": "3D_Original: (-793548.981, 426441.300, 0.000)",
        "coords3D": "3D: (7.385, -9.476, 24.350)",
        "coordsMtEden": "MtEden: (397930.297, 808216.683, 0.390)",
        "easting": 397930.2972345297,
        "northing": 808216.6826254381,
        "longitude": 174.74097119900378,
        "latitude": -36.80567150931873,
        "group": "R0 - Red (229 points)",
        "canvasX": 564.9306670375829,
        "canvasY": 591.9217653619997,
        "variant": "northing_easting_direct"
      }
    },
    {
      "type": "Feature",
      "geometry": {
        "type": "Point",
        "coordinates": [
          7.345694835647009,
          -9.280374903581105,
          23.66328159712
        ]
      },
      "properties": {
        "id": "0_56",
        "camera": "R0 - Red (Point)",
        "frame": "0244",
        "image": "pano_camera0/frame_0244_hp_preview.jpg",
        "frameId": "0244",
        "height": 0.34721,
        "coords2D": "2D: (397930.258, 808216.879)",
        "coords3D_original": "3D_Original: (-793548.981, 426441.300, 0.000)",
        "coords3D": "3D: (7.346, -9.280, 23.663)",
        "coordsMtEden": "MtEden: (397930.258, 808216.879, 0.347)",
        "easting": 397930.2581948356,
        "northing": 808216.8786250964,
        "longitude": 174.7409707620129,
        "latitude": -36.805669742880575,
        "group": "R0 - Red (229 points)",
        "canvasX": 564.2911146881193,
        "canvasY": 588.7108784731811,
        "variant": "northing_easting_direct"
      }
    },
    {
      "type": "Feature",
      "geometry": {
        "type": "Point",
        "coordinates": [
          7.28968452825211,
          -9.29328495170921,
          23.321293397199998
        ]
      },
      "properties": {
        "id": "0_57",
        "camera": "R0 - Red (Point)",
        "frame": "0245",
        "image": "pano_camera0/frame_0245_hp_preview.jpg",
        "frameId": "0245",
        "height": 0.350046,
        "coords2D": "2D: (397930.202, 808216.866)",
        "coords3D_original": "3D_Original: (-793548.981, 426441.300, 0.000)",
        "coords3D": "3D: (7.290, -9.293, 23.321)",
        "coordsMtEden": "MtEden: (397930.202, 808216.866, 0.350)",
        "easting": 397930.2021845282,
        "northing": 808216.8657150483,
        "longitude": 174.74097013426203,
        "latitude": -36.80566985910375,
        "group": "R0 - Red (229 points)",
        "canvasX": 563.3735479777879,
        "canvasY": 588.9223722305364,
        "variant": "northing_easting_direct"
      }
    },
    {
      "type": "Feature",
      "geometry": {
        "type": "Point",
        "coordinates": [
          7.054444878885988,
          -9.380518820369616,
          22.42016804028
        ]
      },
      "properties": {
        "id": "0_58",
        "camera": "R0 - Red (Point)",
        "frame": "0246",
        "image": "pano_camera0/frame_0246_hp_preview.jpg",
        "frameId": "0246",
        "height": 0.369209,
        "coords2D": "2D: (397929.967, 808216.778)",
        "coords3D_original": "3D_Original: (-793548.981, 426441.300, 0.000)",
        "coords3D": "3D: (7.054, -9.381, 22.420)",
        "coordsMtEden": "MtEden: (397929.967, 808216.778, 0.369)",
        "easting": 397929.96694487886,
        "northing": 808216.7784811796,
        "longitude": 174.74096749765926,
        "latitude": -36.805670644742875,
        "group": "R0 - Red (229 points)",
        "canvasX": 559.5198274541306,
        "canvasY": 590.351446586037,
        "variant": "northing_easting_direct"
      }
    },
    {
      "type": "Feature",
      "geometry": {
        "type": "Point",
        "coordinates": [
          7.138920112513006,
          -8.985510497586802,
          22.03328154496
        ]
      },
      "properties": {
        "id": "0_59",
        "camera": "R0 - Red (Point)",
        "frame": "0247",
        "image": "pano_camera0/frame_0247_hp_preview.jpg",
        "frameId": "0247",
        "height": 0.282436,
        "coords2D": "2D: (397930.051, 808217.173)",
        "coords3D_original": "3D_Original: (-793548.981, 426441.300, 0.000)",
        "coords3D": "3D: (7.139, -8.986, 22.033)",
        "coordsMtEden": "MtEden: (397930.051, 808217.173, 0.282)",
        "easting": 397930.0514201125,
        "northing": 808217.1734895024,
        "longitude": 174.74096844545957,
        "latitude": -36.805667085104695,
        "group": "R0 - Red (229 points)",
        "canvasX": 560.9037095610565,
        "canvasY": 583.8803789531064,
        "variant": "northing_easting_direct"
      }
    },
    {
      "type": "Feature",
      "geometry": {
        "type": "Point",
        "coordinates": [
          6.996986970887519,
          -9.116486486280337,
          20.97965290232
        ]
      },
      "properties": {
        "id": "0_60",
        "camera": "R0 - Red (Point)",
        "frame": "0248",
        "image": "pano_camera0/frame_0248_hp_preview.jpg",
        "frameId": "0248",
        "height": 0.311208,
        "coords2D": "2D: (397929.909, 808217.043)",
        "coords3D_original": "3D_Original: (-793548.981, 426441.300, 0.000)",
        "coords3D": "3D: (6.997, -9.116, 20.980)",
        "coordsMtEden": "MtEden: (397929.909, 808217.043, 0.311)",
        "easting": 397929.90948697086,
        "northing": 808217.0425135137,
        "longitude": 174.7409668544378,
        "latitude": -36.80566826515263,
        "group": "R0 - Red (229 points)",
        "canvasX": 558.5785459994977,
        "canvasY": 586.0260412897167,
        "variant": "northing_easting_direct"
      }
    },
    {
      "type": "Feature",
      "geometry": {
        "type": "Point",
        "coordinates": [
          6.95935390755767,
          -9.180658893892542,
          20.856798567680002
        ]
      },
      "properties": {
        "id": "0_61",
        "camera": "R0 - Red (Point)",
        "frame": "0249",
        "image": "pano_camera0/frame_0249_hp_preview.jpg",
        "frameId": "0249",
        "height": 0.325305,
        "coords2D": "2D: (397929.872, 808216.978)",
        "coords3D_original": "3D_Original: (-793548.981, 426441.300, 0.000)",
        "coords3D": "3D: (6.959, -9.181, 20.857)",
        "coordsMtEden": "MtEden: (397929.872, 808216.978, 0.325)",
        "easting": 397929.87185390753,
        "northing": 808216.9783411061,
        "longitude": 174.74096643250402,
        "latitude": -36.80566884339336,
        "group": "R0 - Red (229 points)",
        "canvasX": 557.962037222327,
        "canvasY": 587.0773203790811,
        "variant": "northing_easting_direct"
      }
    },
    {
      "type": "Feature",
      "geometry": {
        "type": "Point",
        "coordinates": [
          6.351534640300088,
          -10.863758616382256,
          18.64026306368
        ]
      },
      "properties": {
        "id": "0_62",
        "camera": "R0 - Red (Point)",
        "frame": "0250",
        "image": "pano_camera0/frame_0250_hp_preview.jpg",
        "frameId": "0250",
        "height": 0.695038,
        "coords2D": "2D: (397929.264, 808215.295)",
        "coords3D_original": "3D_Original: (-793548.981, 426441.300, 0.000)",
        "coords3D": "3D: (6.352, -10.864, 18.640)",
        "coordsMtEden": "MtEden: (397929.264, 808215.295, 0.695)",
        "easting": 397929.2640346403,
        "northing": 808215.2952413836,
        "longitude": 174.7409596160063,
        "latitude": -36.80568401019248,
        "group": "R0 - Red (229 points)",
        "canvasX": 548.0046784530766,
        "canvasY": 614.650035960268,
        "variant": "northing_easting_direct"
      }
    },
    {
      "type": "Feature",
      "geometry": {
        "type": "Point",
        "coordinates": [
          6.3328615030040964,
          -10.897900139912963,
          18.6031502016
        ]
      },
      "properties": {
        "id": "0_63",
        "camera": "R0 - Red (Point)",
        "frame": "0251",
        "image": "pano_camera0/frame_0251_hp_preview.jpg",
        "frameId": "0251",
        "height": 0.702538,
        "coords2D": "2D: (397929.245, 808215.261)",
        "coords3D_original": "3D_Original: (-793548.981, 426441.300, 0.000)",
        "coords3D": "3D: (6.333, -10.898, 18.603)",
        "coordsMtEden": "MtEden: (397929.245, 808215.261, 0.703)",
        "easting": 397929.245361503,
        "northing": 808215.2610998601,
        "longitude": 174.7409594066408,
        "latitude": -36.805684317835734,
        "group": "R0 - Red (229 points)",
        "canvasX": 547.698773166521,
        "canvasY": 615.2093459673783,
        "variant": "northing_easting_direct"
      }
    },
    {
      "type": "Feature",
      "geometry": {
        "type": "Point",
        "coordinates": [
          5.870885719836224,
          -12.58249298518058,
          17.45341591284
        ]
      },
      "properties": {
        "id": "0_64",
        "camera": "R0 - Red (Point)",
        "frame": "0252",
        "image": "pano_camera0/frame_0252_hp_preview.jpg",
        "frameId": "0252",
        "height": 1.072599,
        "coords2D": "2D: (397928.783, 808213.577)",
        "coords3D_original": "3D_Original: (-793548.981, 426441.300, 0.000)",
        "coords3D": "3D: (5.871, -12.582, 17.453)",
        "coordsMtEden": "MtEden: (397928.783, 808213.577, 1.073)",
        "easting": 397928.7833857198,
        "northing": 808213.5765070148,
        "longitude": 174.74095422462645,
        "latitude": -36.80569949840946,
        "group": "R0 - Red (229 points)",
        "canvasX": 540.1306375983106,
        "canvasY": 642.8065220395429,
        "variant": "northing_easting_direct"
      }
    },
    {
      "type": "Feature",
      "geometry": {
        "type": "Point",
        "coordinates": [
          5.346654006512836,
          -14.882197727099992,
          16.76058452584
        ]
      },
      "properties": {
        "id": "0_65",
        "camera": "R0 - Red (Point)",
        "frame": "0253",
        "image": "pano_camera0/frame_0253_hp_preview.jpg",
        "frameId": "0253",
        "height": 1.577784,
        "coords2D": "2D: (397928.259, 808211.277)",
        "coords3D_original": "3D_Original: (-793548.981, 426441.300, 0.000)",
        "coords3D": "3D: (5.347, -14.882, 16.761)",
        "coordsMtEden": "MtEden: (397928.259, 808211.277, 1.578)",
        "easting": 397928.2591540065,
        "northing": 808211.2768022729,
        "longitude": 174.74094834322455,
        "latitude": -36.80572022224733,
        "group": "R0 - Red (229 points)",
        "canvasX": 531.5426188758015,
        "canvasY": 680.4805254984765,
        "variant": "northing_easting_direct"
      }
    },
    {
      "type": "Feature",
      "geometry": {
        "type": "Point",
        "coordinates": [
          5.103443449537735,
          -16.484382038819604,
          17.517471033
        ]
      },
      "properties": {
        "id": "0_66",
        "camera": "R0 - Red (Point)",
        "frame": "0254",
        "image": "pano_camera0/frame_0254_hp_preview.jpg",
        "frameId": "0254",
        "height": 1.929742,
        "coords2D": "2D: (397928.016, 808209.675)",
        "coords3D_original": "3D_Original: (-793548.981, 426441.300, 0.000)",
        "coords3D": "3D: (5.103, -16.484, 17.517)",
        "coordsMtEden": "MtEden: (397928.016, 808209.675, 1.930)",
        "easting": 397928.0159434495,
        "northing": 808209.6746179612,
        "longitude": 174.74094561316622,
        "latitude": -36.80573466063189,
        "group": "R0 - Red (229 points)",
        "canvasX": 527.5583181091507,
        "canvasY": 706.7276763628121,
        "variant": "northing_easting_direct"
      }
    },
    {
      "type": "Feature",
      "geometry": {
        "type": "Point",
        "coordinates": [
          5.09170786984032,
          -16.530304664047435,
          17.654606864159998
        ]
      },
      "properties": {
        "id": "0_67",
        "camera": "R0 - Red (Point)",
        "frame": "0255",
        "image": "pano_camera0/frame_0255_hp_preview.jpg",
        "frameId": "0255",
        "height": 1.93983,
        "coords2D": "2D: (397928.004, 808209.629)",
        "coords3D_original": "3D_Original: (-793548.981, 426441.300, 0.000)",
        "coords3D": "3D: (5.092, -16.530, 17.655)",
        "coordsMtEden": "MtEden: (397928.004, 808209.629, 1.940)",
        "easting": 397928.0042078698,
        "northing": 808209.6286953359,
        "longitude": 174.74094548151876,
        "latitude": -36.805735074461815,
        "group": "R0 - Red (229 points)",
        "canvasX": 527.36606461604,
        "canvasY": 707.4799856097093,
        "variant": "northing_easting_direct"
      }
    },
    {
      "type": "Feature",
      "geometry": {
        "type": "Point",
        "coordinates": [
          5.723057475115638,
          -15.261874229763635,
          19.18561085016
        ]
      },
      "properties": {
        "id": "0_68",
        "camera": "R0 - Red (Point)",
        "frame": "0256",
        "image": "pano_camera0/frame_0256_hp_preview.jpg",
        "frameId": "0256",
        "height": 1.661189,
        "coords2D": "2D: (397928.636, 808210.897)",
        "coords3D_original": "3D_Original: (-793548.981, 426441.300, 0.000)",
        "coords3D": "3D: (5.723, -15.262, 19.186)",
        "coordsMtEden": "MtEden: (397928.636, 808210.897, 1.661)",
        "easting": 397928.6355574751,
        "northing": 808210.8971257702,
        "longitude": 174.7409525606039,
        "latitude": -36.80572364472296,
        "group": "R0 - Red (229 points)",
        "canvasX": 537.7088998421907,
        "canvasY": 686.7004256508808,
        "variant": "northing_easting_direct"
      }
    },
    {
      "type": "Feature",
      "geometry": {
        "type": "Point",
        "coordinates": [
          6.490768325456884,
          -14.706500894739293,
          19.64795338464
        ]
      },
      "properties": {
        "id": "0_69",
        "camera": "R0 - Red (Point)",
        "frame": "0257",
        "image": "pano_camera0/frame_0257_hp_preview.jpg",
        "frameId": "0257",
        "height": 1.539188,
        "coords2D": "2D: (397929.403, 808211.452)",
        "coords3D_original": "3D_Original: (-793548.981, 426441.300, 0.000)",
        "coords3D": "3D: (6.491, -14.707, 19.648)",
        "coordsMtEden": "MtEden: (397929.403, 808211.452, 1.539)",
        "easting": 397929.40326832543,
        "northing": 808211.4524991052,
        "longitude": 174.74096116596937,
        "latitude": -36.805718641366546,
        "group": "R0 - Red (229 points)",
        "canvasX": 550.2856192367399,
        "canvasY": 677.6022416272194,
        "variant": "northing_easting_direct"
      }
    },
    {
      "type": "Feature",
      "geometry": {
        "type": "Point",
        "coordinates": [
          6.930556670529768,
          -14.527708564302884,
          19.816601684
        ]
      },
      "properties": {
        "id": "0_70",
        "camera": "R0 - Red (Point)",
        "frame": "0258",
        "image": "pano_camera0/frame_0258_hp_preview.jpg",
        "frameId": "0258",
        "height": 1.499912,
        "coords2D": "2D: (397929.843, 808211.631)",
        "coords3D_original": "3D_Original: (-793548.981, 426441.300, 0.000)",
        "coords3D": "3D: (6.931, -14.528, 19.817)",
        "coordsMtEden": "MtEden: (397929.843, 808211.631, 1.500)",
        "easting": 397929.8430566705,
        "northing": 808211.6312914357,
        "longitude": 174.7409660952317,
        "latitude": -36.80571703104812,
        "group": "R0 - Red (229 points)",
        "canvasX": 557.4902778749964,
        "canvasY": 674.6732469819843,
        "variant": "northing_easting_direct"
      }
    },
    {
      "type": "Feature",
      "geometry": {
        "type": "Point",
        "coordinates": [
          7.401545815926511,
          -14.108792070648633,
          20.1025761026
        ]
      },
      "properties": {
        "id": "0_71",
        "camera": "R0 - Red (Point)",
        "frame": "0259",
        "image": "pano_camera0/frame_0259_hp_preview.jpg",
        "frameId": "0259",
        "height": 1.407887,
        "coords2D": "2D: (397930.314, 808212.050)",
        "coords3D_original": "3D_Original: (-793548.981, 426441.300, 0.000)",
        "coords3D": "3D: (7.402, -14.109, 20.103)",
        "coordsMtEden": "MtEden: (397930.314, 808212.050, 1.408)",
        "easting": 397930.3140458159,
        "northing": 808212.0502079293,
        "longitude": 174.74097137481874,
        "latitude": -36.80571325679395,
        "group": "R0 - Red (229 points)",
        "canvasX": 565.206071285084,
        "canvasY": 667.8105131947414,
        "variant": "northing_easting_direct"
      }
    },
    {
      "type": "Feature",
      "geometry": {
        "type": "Point",
        "coordinates": [
          8.824386980733834,
          -13.277100005187094,
          20.74209055876
        ]
      },
      "properties": {
        "id": "0_72",
        "camera": "R0 - Red (Point)",
        "frame": "0260",
        "image": "pano_camera0/frame_0260_hp_preview.jpg",
        "frameId": "0260",
        "height": 1.225186,
        "coords2D": "2D: (397931.737, 808212.882)",
        "coords3D_original": "3D_Original: (-793548.981, 426441.300, 0.000)",
        "coords3D": "3D: (8.824, -13.277, 20.742)",
        "coordsMtEden": "MtEden: (397931.737, 808212.882, 1.225)",
        "easting": 397931.7368869807,
        "northing": 808212.8818999948,
        "longitude": 174.74098732307854,
        "latitude": -36.8057057646775,
        "group": "R0 - Red (229 points)",
        "canvasX": 588.5152039694032,
        "canvasY": 654.1856468468675,
        "variant": "northing_easting_direct"
      }
    },
    {
      "type": "Feature",
      "geometry": {
        "type": "Point",
        "coordinates": [
          8.843560860317666,
          -13.2539383956464,
          20.7525105066
        ]
      },
      "properties": {
        "id": "0_73",
        "camera": "R0 - Red (Point)",
        "frame": "0261",
        "image": "pano_camera0/frame_0261_hp_preview.jpg",
        "frameId": "0261",
        "height": 1.220098,
        "coords2D": "2D: (397931.756, 808212.905)",
        "coords3D_original": "3D_Original: (-793548.981, 426441.300, 0.000)",
        "coords3D": "3D: (8.844, -13.254, 20.753)",
        "coordsMtEden": "MtEden: (397931.756, 808212.905, 1.220)",
        "easting": 397931.7560608603,
        "northing": 808212.9050616043,
        "longitude": 174.74098753802605,
        "latitude": -36.805705555986485,
        "group": "R0 - Red (229 points)",
        "canvasX": 588.8293124693963,
        "canvasY": 653.8062109380439,
        "variant": "northing_easting_direct"
      }
    },
    {
      "type": "Feature",
      "geometry": {
        "type": "Point",
        "coordinates": [
          10.301153543870896,
          -12.494216661900282,
          21.489262498680002
        ]
      },
      "properties": {
        "id": "0_74",
        "camera": "R0 - Red (Point)",
        "frame": "0262",
        "image": "pano_camera0/frame_0262_hp_preview.jpg",
        "frameId": "0262",
        "height": 1.053207,
        "coords2D": "2D: (397933.214, 808213.665)",
        "coords3D_original": "3D_Original: (-793548.981, 426441.300, 0.000)",
        "coords3D": "3D: (10.301, -12.494, 21.489)",
        "coordsMtEden": "MtEden: (397933.214, 808213.665, 1.053)",
        "easting": 397933.21365354385,
        "northing": 808213.6647833381,
        "longitude": 174.74100387555288,
        "latitude": -36.805698712541755,
        "group": "R0 - Red (229 points)",
        "canvasX": 612.707748166286,
        "canvasY": 641.3603700851586,
        "variant": "northing_easting_direct"
      }
    },
    {
      "type": "Feature",
      "geometry": {
        "type": "Point",
        "coordinates": [
          10.351387105474714,
          -12.480919676483609,
          21.52397050504
        ]
      },
      "properties": {
        "id": "0_75",
        "camera": "R0 - Red (Point)",
        "frame": "0263",
        "image": "pano_camera0/frame_0263_hp_preview.jpg",
        "frameId": "0263",
        "height": 1.050286,
        "coords2D": "2D: (397933.264, 808213.678)",
        "coords3D_original": "3D_Original: (-793548.981, 426441.300, 0.000)",
        "coords3D": "3D: (10.351, -12.481, 21.524)",
        "coordsMtEden": "MtEden: (397933.264, 808213.678, 1.050)",
        "easting": 397933.26388710545,
        "northing": 808213.6780803235,
        "longitude": 174.74100443856415,
        "latitude": -36.805698592818715,
        "group": "R0 - Red (229 points)",
        "canvasX": 613.5306796234142,
        "canvasY": 641.142537481056,
        "variant": "northing_easting_direct"
      }
    },
    {
      "type": "Feature",
      "geometry": {
        "type": "Point",
        "coordinates": [
          11.150194055400789,
          -12.088000814896077,
          21.8891247162
        ]
      },
      "properties": {
        "id": "0_76",
        "camera": "R0 - Red (Point)",
        "frame": "0264",
        "image": "pano_camera0/frame_0264_hp_preview.jpg",
        "frameId": "0264",
        "height": 0.963972,
        "coords2D": "2D: (397934.063, 808214.071)",
        "coords3D_original": "3D_Original: (-793548.981, 426441.300, 0.000)",
        "coords3D": "3D: (11.150, -12.088, 21.889)",
        "coordsMtEden": "MtEden: (397934.063, 808214.071, 0.964)",
        "easting": 397934.0626940554,
        "northing": 808214.0709991851,
        "longitude": 174.74101339198137,
        "latitude": -36.8056950535693,
        "group": "R0 - Red (229 points)",
        "canvasX": 626.6168185724396,
        "canvasY": 634.7056996205605,
        "variant": "northing_easting_direct"
      }
    },
    {
      "type": "Feature",
      "geometry": {
        "type": "Point",
        "coordinates": [
          12.181705077528022,
          -11.461868034442887,
          22.45828812024
        ]
      },
      "properties": {
        "id": "0_77",
        "camera": "R0 - Red (Point)",
        "frame": "0265",
        "image": "pano_camera0/frame_0265_hp_preview.jpg",
        "frameId": "0265",
        "height": 0.826427,
        "coords2D": "2D: (397935.094, 808214.697)",
        "coords3D_original": "3D_Original: (-793548.981, 426441.300, 0.000)",
        "coords3D": "3D: (12.182, -11.462, 22.458)",
        "coordsMtEden": "MtEden: (397935.094, 808214.697, 0.826)",
        "easting": 397935.0942050775,
        "northing": 808214.6971319655,
        "longitude": 174.74102495397997,
        "latitude": -36.805689413098236,
        "group": "R0 - Red (229 points)",
        "canvasX": 643.5151399552607,
        "canvasY": 624.4483269634961,
        "variant": "northing_easting_direct"
      }
    },
    {
      "type": "Feature",
      "geometry": {
        "type": "Point",
        "coordinates": [
          13.023858105705585,
          -10.634286608430557,
          22.66636883556
        ]
      },
      "properties": {
        "id": "0_78",
        "camera": "R0 - Red (Point)",
        "frame": "0266",
        "image": "pano_camera0/frame_0266_hp_preview.jpg",
        "frameId": "0266",
        "height": 0.644629,
        "coords2D": "2D: (397935.936, 808215.525)",
        "coords3D_original": "3D_Original: (-793548.981, 426441.300, 0.000)",
        "coords3D": "3D: (13.024, -10.634, 22.666)",
        "coordsMtEden": "MtEden: (397935.936, 808215.525, 0.645)",
        "easting": 397935.9363581057,
        "northing": 808215.5247133916,
        "longitude": 174.74103439435947,
        "latitude": -36.805681956754114,
        "group": "R0 - Red (229 points)",
        "canvasX": 657.3113788893131,
        "canvasY": 610.8908015404785,
        "variant": "northing_easting_direct"
      }
    },
    {
      "type": "Feature",
      "geometry": {
        "type": "Point",
        "coordinates": [
          13.578553162398748,
          -9.786334073520266,
          22.68775663152
        ]
      },
      "properties": {
        "id": "0_79",
        "camera": "R0 - Red (Point)",
        "frame": "0267",
        "image": "pano_camera0/frame_0267_hp_preview.jpg",
        "frameId": "0267",
        "height": 0.458356,
        "coords2D": "2D: (397936.491, 808216.373)",
        "coords3D_original": "3D_Original: (-793548.981, 426441.300, 0.000)",
        "coords3D": "3D: (13.579, -9.786, 22.688)",
        "coordsMtEden": "MtEden: (397936.491, 808216.373, 0.458)",
        "easting": 397936.4910531624,
        "northing": 808216.3726659265,
        "longitude": 174.7410406132081,
        "latitude": -36.80567431619799,
        "group": "R0 - Red (229 points)",
        "canvasX": 666.3984512874999,
        "canvasY": 596.9995544798849,
        "variant": "northing_easting_direct"
      }
    },
    {
      "type": "Feature",
      "geometry": {
        "type": "Point",
        "coordinates": [
          13.763167760625947,
          -8.640858645783737,
          22.12246133784
        ]
      },
      "properties": {
        "id": "0_80",
        "camera": "R0 - Red (Point)",
        "frame": "0268",
        "image": "pano_camera0/frame_0268_hp_preview.jpg",
        "frameId": "0268",
        "height": 0.206725,
        "coords2D": "2D: (397936.676, 808217.518)",
        "coords3D_original": "3D_Original: (-793548.981, 426441.300, 0.000)",
        "coords3D": "3D: (13.763, -8.641, 22.122)",
        "coordsMtEden": "MtEden: (397936.676, 808217.518, 0.207)",
        "easting": 397936.6756677606,
        "northing": 808217.5181413542,
        "longitude": 174.74104268531536,
        "latitude": -36.80566399355297,
        "group": "R0 - Red (229 points)",
        "canvasX": 669.4228269326142,
        "canvasY": 578.2342562933296,
        "variant": "northing_easting_direct"
      }
    },
    {
      "type": "Feature",
      "geometry": {
        "type": "Point",
        "coordinates": [
          14.115553805488162,
          -6.825285259750672,
          21.04747770764
        ]
      },
      "properties": {
        "id": "0_81",
        "camera": "R0 - Red (Point)",
        "frame": "0269",
        "image": "pano_camera0/frame_0269_hp_preview.jpg",
        "frameId": "0269",
        "height": -0.192109,
        "coords2D": "2D: (397937.028, 808219.334)",
        "coords3D_original": "3D_Original: (-793548.981, 426441.300, 0.000)",
        "coords3D": "3D: (14.116, -6.825, 21.047)",
        "coordsMtEden": "MtEden: (397937.028, 808219.334, -0.192)",
        "easting": 397937.02805380546,
        "northing": 808219.3337147402,
        "longitude": 174.74104663947662,
        "latitude": -36.805647632337276,
        "group": "R0 - Red (229 points)",
        "canvasX": 675.1956519526683,
        "canvasY": 548.4913433098873,
        "variant": "northing_easting_direct"
      }
    },
    {
      "type": "Feature",
      "geometry": {
        "type": "Point",
        "coordinates": [
          14.326662225998007,
          -6.053591231699102,
          20.49762532784
        ]
      },
      "properties": {
        "id": "0_82",
        "camera": "R0 - Red (Point)",
        "frame": "0270",
        "image": "pano_camera0/frame_0270_hp_preview.jpg",
        "frameId": "0270",
        "height": -0.36163,
        "coords2D": "2D: (397937.239, 808220.105)",
        "coords3D_original": "3D_Original: (-793548.981, 426441.300, 0.000)",
        "coords3D": "3D: (14.327, -6.054, 20.498)",
        "coordsMtEden": "MtEden: (397937.239, 808220.105, -0.362)",
        "easting": 397937.239162226,
        "northing": 808220.1054087683,
        "longitude": 174.74104900748986,
        "latitude": -36.80564067827523,
        "group": "R0 - Red (229 points)",
        "canvasX": 678.6540521633002,
        "canvasY": 535.8493710811751,
        "variant": "northing_easting_direct"
      }
    },
    {
      "type": "Feature",
      "geometry": {
        "type": "Point",
        "coordinates": [
          14.511809432005975,
          -4.681329595972784,
          19.403704689159998
        ]
      },
      "properties": {
        "id": "0_83",
        "camera": "R0 - Red (Point)",
        "frame": "0271",
        "image": "pano_camera0/frame_0271_hp_preview.jpg",
        "frameId": "0271",
        "height": -0.66308,
        "coords2D": "2D: (397937.424, 808221.478)",
        "coords3D_original": "3D_Original: (-793548.981, 426441.300, 0.000)",
        "coords3D": "3D: (14.512, -4.681, 19.404)",
        "coordsMtEden": "MtEden: (397937.424, 808221.478, -0.663)",
        "easting": 397937.424309432,
        "northing": 808221.477670404,
        "longitude": 174.74105108617843,
        "latitude": -36.80562831182934,
        "group": "R0 - Red (229 points)",
        "canvasX": 681.6871530445254,
        "canvasY": 513.368837528723,
        "variant": "northing_easting_direct"
      }
    },
    {
      "type": "Feature",
      "geometry": {
        "type": "Point",
        "coordinates": [
          14.73175823094789,
          -3.388021371443756,
          18.39152617908
        ]
      },
      "properties": {
        "id": "0_84",
        "camera": "R0 - Red (Point)",
        "frame": "0272",
        "image": "pano_camera0/frame_0272_hp_preview.jpg",
        "frameId": "0272",
        "height": -0.947186,
        "coords2D": "2D: (397937.644, 808222.771)",
        "coords3D_original": "3D_Original: (-793548.981, 426441.300, 0.000)",
        "coords3D": "3D: (14.732, -3.388, 18.392)",
        "coordsMtEden": "MtEden: (397937.644, 808222.771, -0.947)",
        "easting": 397937.6442582309,
        "northing": 808222.7709786285,
        "longitude": 174.74105355467879,
        "latitude": -36.805616656988896,
        "group": "R0 - Red (229 points)",
        "canvasX": 685.290377259665,
        "canvasY": 492.1817270113802,
        "variant": "northing_easting_direct"
      }
    },
    {
      "type": "Feature",
      "geometry": {
        "type": "Point",
        "coordinates": [
          14.899907510436606,
          -2.646585837705061,
          17.85011868144
        ]
      },
      "properties": {
        "id": "0_85",
        "camera": "R0 - Red (Point)",
        "frame": "0273",
        "image": "pano_camera0/frame_0273_hp_preview.jpg",
        "frameId": "0273",
        "height": -1.11006,
        "coords2D": "2D: (397937.812, 808223.512)",
        "coords3D_original": "3D_Original: (-793548.981, 426441.300, 0.000)",
        "coords3D": "3D: (14.900, -2.647, 17.850)",
        "coordsMtEden": "MtEden: (397937.812, 808223.512, -1.110)",
        "easting": 397937.8124075104,
        "northing": 808223.5124141623,
        "longitude": 174.7410554411594,
        "latitude": -36.80560997552327,
        "group": "R0 - Red (229 points)",
        "canvasX": 688.0450163320169,
        "canvasY": 480.0354525983031,
        "variant": "northing_easting_direct"
      }
    },
    {
      "type": "Feature",
      "geometry": {
        "type": "Point",
        "coordinates": [
          15.249352832091972,
          -0.3295872760936618,
          16.10997098796
        ]
      },
      "properties": {
        "id": "0_86",
        "camera": "R0 - Red (Point)",
        "frame": "0274",
        "image": "pano_camera0/frame_0274_hp_preview.jpg",
        "frameId": "0274",
        "height": -1.619044,
        "coords2D": "2D: (397938.162, 808225.829)",
        "coords3D_original": "3D_Original: (-793548.981, 426441.300, 0.000)",
        "coords3D": "3D: (15.249, -0.330, 16.110)",
        "coordsMtEden": "MtEden: (397938.162, 808225.829, -1.619)",
        "easting": 397938.16185283207,
        "northing": 808225.8294127239,
        "longitude": 174.7410593637159,
        "latitude": -36.805589095446884,
        "group": "R0 - Red (229 points)",
        "canvasX": 693.7696661167919,
        "canvasY": 442.07813997710116,
        "variant": "northing_easting_direct"
      }
    },
    {
      "type": "Feature",
      "geometry": {
        "type": "Point",
        "coordinates": [
          15.31601984705776,
          -0.05152960401028395,
          15.94147688808
        ]
      },
      "properties": {
        "id": "0_87",
        "camera": "R0 - Red (Point)",
        "frame": "0275",
        "image": "pano_camera0/frame_0275_hp_preview.jpg",
        "frameId": "0275",
        "height": -1.680126,
        "coords2D": "2D: (397938.229, 808226.107)",
        "coords3D_original": "3D_Original: (-793548.981, 426441.300, 0.000)",
        "coords3D": "3D: (15.316, -0.052, 15.941)",
        "coordsMtEden": "MtEden: (397938.229, 808226.107, -1.680)",
        "easting": 397938.22851984703,
        "northing": 808226.107470396,
        "longitude": 174.74106011161516,
        "latitude": -36.80558658973075,
        "group": "R0 - Red (229 points)",
        "canvasX": 694.8618121240092,
        "canvasY": 437.5229701298599,
        "variant": "northing_easting_direct"
      }
    },
    {
      "type": "Feature",
      "geometry": {
        "type": "Point",
        "coordinates": [
          15.643400640052278,
          1.860555040766485,
          14.549774087639998
        ]
      },
      "properties": {
        "id": "0_88",
        "camera": "R0 - Red (Point)",
        "frame": "0276",
        "image": "pano_camera0/frame_0276_hp_preview.jpg",
        "frameId": "0276",
        "height": -2.100161,
        "coords2D": "2D: (397938.556, 808228.020)",
        "coords3D_original": "3D_Original: (-793548.981, 426441.300, 0.000)",
        "coords3D": "3D: (15.643, 1.861, 14.550)",
        "coordsMtEden": "MtEden: (397938.556, 808228.020, -2.100)",
        "easting": 397938.55590064,
        "northing": 808228.0195550408,
        "longitude": 174.7410637857928,
        "latitude": -36.80556935869843,
        "group": "R0 - Red (229 points)",
        "canvasX": 700.2249984948559,
        "canvasY": 406.19899961831817,
        "variant": "northing_easting_direct"
      }
    },
    {
      "type": "Feature",
      "geometry": {
        "type": "Point",
        "coordinates": [
          15.7784554027603,
          2.495241410913877,
          14.14699192252
        ]
      },
      "properties": {
        "id": "0_89",
        "camera": "R0 - Red (Point)",
        "frame": "0277",
        "image": "pano_camera0/frame_0277_hp_preview.jpg",
        "frameId": "0277",
        "height": -2.239585,
        "coords2D": "2D: (397938.691, 808228.654)",
        "coords3D_original": "3D_Original: (-793548.981, 426441.300, 0.000)",
        "coords3D": "3D: (15.778, 2.495, 14.147)",
        "coordsMtEden": "MtEden: (397938.691, 808228.654, -2.240)",
        "easting": 397938.69095540274,
        "northing": 808228.6542414109,
        "longitude": 174.74106530108776,
        "latitude": -36.80556363918616,
        "group": "R0 - Red (229 points)",
        "canvasX": 702.4374797336488,
        "canvasY": 395.80150116080586,
        "variant": "northing_easting_direct"
      }
    },
    {
      "type": "Feature",
      "geometry": {
        "type": "Point",
        "coordinates": [
          16.214410792803392,
          4.510856811655685,
          12.93883571588
        ]
      },
      "properties": {
        "id": "0_90",
        "camera": "R0 - Red (Point)",
        "frame": "0278",
        "image": "pano_camera0/frame_0278_hp_preview.jpg",
        "frameId": "0278",
        "height": -2.682363,
        "coords2D": "2D: (397939.127, 808230.670)",
        "coords3D_original": "3D_Original: (-793548.981, 426441.300, 0.000)",
        "coords3D": "3D: (16.214, 4.511, 12.939)",
        "coordsMtEden": "MtEden: (397939.127, 808230.670, -2.682)",
        "easting": 397939.1269107928,
        "northing": 808230.6698568116,
        "longitude": 174.741070192353,
        "latitude": -36.80554547536866,
        "group": "R0 - Red (229 points)",
        "canvasX": 709.5793465017737,
        "canvasY": 362.781478983703,
        "variant": "northing_easting_direct"
      }
    },
    {
      "type": "Feature",
      "geometry": {
        "type": "Point",
        "coordinates": [
          16.34074353426695,
          5.400712376576848,
          12.23279894788
        ]
      },
      "properties": {
        "id": "0_91",
        "camera": "R0 - Red (Point)",
        "frame": "0279",
        "image": "pano_camera0/frame_0279_hp_preview.jpg",
        "frameId": "0279",
        "height": -2.877841,
        "coords2D": "2D: (397939.253, 808231.560)",
        "coords3D_original": "3D_Original: (-793548.981, 426441.300, 0.000)",
        "coords3D": "3D: (16.341, 5.401, 12.233)",
        "coordsMtEden": "MtEden: (397939.253, 808231.560, -2.878)",
        "easting": 397939.25324353424,
        "northing": 808231.5597123766,
        "longitude": 174.74107161058876,
        "latitude": -36.80553745624741,
        "group": "R0 - Red (229 points)",
        "canvasX": 711.6489426774169,
        "canvasY": 348.2037721077161,
        "variant": "northing_easting_direct"
      }
    },
    {
      "type": "Feature",
      "geometry": {
        "type": "Point",
        "coordinates": [
          16.793733268452343,
          7.941296947421506,
          10.523786426000001
        ]
      },
      "properties": {
        "id": "0_92",
        "camera": "R0 - Red (Point)",
        "frame": "0280",
        "image": "pano_camera0/frame_0280_hp_preview.jpg",
        "frameId": "0280",
        "height": -3.435941,
        "coords2D": "2D: (397939.706, 808234.100)",
        "coords3D_original": "3D_Original: (-793548.981, 426441.300, 0.000)",
        "coords3D": "3D: (16.794, 7.941, 10.524)",
        "coordsMtEden": "MtEden: (397939.706, 808234.100, -3.436)",
        "easting": 397939.7062332684,
        "northing": 808234.1002969474,
        "longitude": 174.7410766941774,
        "latitude": -36.805514561433924,
        "group": "R0 - Red (229 points)",
        "canvasX": 719.069867851756,
        "canvasY": 306.5836501119504,
        "variant": "northing_easting_direct"
      }
    },
    {
      "type": "Feature",
      "geometry": {
        "type": "Point",
        "coordinates": [
          16.851327742508147,
          8.37026925792452,
          10.18957381688
        ]
      },
      "properties": {
        "id": "0_93",
        "camera": "R0 - Red (Point)",
        "frame": "0281",
        "image": "pano_camera0/frame_0281_hp_preview.jpg",
        "frameId": "0281",
        "height": -3.530175,
        "coords2D": "2D: (397939.764, 808234.529)",
        "coords3D_original": "3D_Original: (-793548.981, 426441.300, 0.000)",
        "coords3D": "3D: (16.851, 8.370, 10.190)",
        "coordsMtEden": "MtEden: (397939.764, 808234.529, -3.530)",
        "easting": 397939.7638277425,
        "northing": 808234.5292692579,
        "longitude": 174.74107734080656,
        "latitude": -36.80551069565214,
        "group": "R0 - Red (229 points)",
        "canvasX": 720.0133865464172,
        "canvasY": 299.55618088394647,
        "variant": "northing_easting_direct"
      }
    },
    {
      "type": "Feature",
      "geometry": {
        "type": "Point",
        "coordinates": [
          16.96776854660129,
          9.137711528223008,
          9.7565455878
        ]
      },
      "properties": {
        "id": "0_94",
        "camera": "R0 - Red (Point)",
        "frame": "0282",
        "image": "pano_camera0/frame_0282_hp_preview.jpg",
        "frameId": "0282",
        "height": -3.698762,
        "coords2D": "2D: (397939.880, 808235.297)",
        "coords3D_original": "3D_Original: (-793548.981, 426441.300, 0.000)",
        "coords3D": "3D: (16.968, 9.138, 9.757)",
        "coordsMtEden": "MtEden: (397939.880, 808235.297, -3.699)",
        "easting": 397939.8802685466,
        "northing": 808235.2967115282,
        "longitude": 174.74107864784955,
        "latitude": -36.805503779700295,
        "group": "R0 - Red (229 points)",
        "canvasX": 721.9209319693337,
        "canvasY": 286.9838613947866,
        "variant": "northing_easting_direct"
      }
    },
    {
      "type": "Feature",
      "geometry": {
        "type": "Point",
        "coordinates": [
          17.19739988166839,
          10.216205838951282,
          9.59366500516
        ]
      },
      "properties": {
        "id": "0_95",
        "camera": "R0 - Red (Point)",
        "frame": "0283",
        "image": "pano_camera0/frame_0283_hp_preview.jpg",
        "frameId": "0283",
        "height": -3.935679,
        "coords2D": "2D: (397940.110, 808236.375)",
        "coords3D_original": "3D_Original: (-793548.981, 426441.300, 0.000)",
        "coords3D": "3D: (17.197, 10.216, 9.594)",
        "coordsMtEden": "MtEden: (397940.110, 808236.375, -3.936)",
        "easting": 397940.10989988165,
        "northing": 808236.3752058389,
        "longitude": 174.74108122427398,
        "latitude": -36.8054940607874,
        "group": "R0 - Red (229 points)",
        "canvasX": 725.6827765024898,
        "canvasY": 269.315854867514,
        "variant": "northing_easting_direct"
      }
    },
    {
      "type": "Feature",
      "geometry": {
        "type": "Point",
        "coordinates": [
          17.61042127228575,
          11.819523649290204,
          10.325105317279998
        ]
      },
      "properties": {
        "id": "0_96",
        "camera": "R0 - Red (Point)",
        "frame": "0284",
        "image": "pano_camera0/frame_0284_hp_preview.jpg",
        "frameId": "0284",
        "height": -4.287886,
        "coords2D": "2D: (397940.523, 808237.979)",
        "coords3D_original": "3D_Original: (-793548.981, 426441.300, 0.000)",
        "coords3D": "3D: (17.610, 11.820, 10.325)",
        "coordsMtEden": "MtEden: (397940.523, 808237.979, -4.288)",
        "easting": 397940.52292127226,
        "northing": 808237.9785236493,
        "longitude": 174.74108585739182,
        "latitude": -36.80547961255336,
        "group": "R0 - Red (229 points)",
        "canvasX": 732.4489360951718,
        "canvasY": 243.05013491094235,
        "variant": "northing_easting_direct"
      }
    },
    {
      "type": "Feature",
      "geometry": {
        "type": "Point",
        "coordinates": [
          17.63545838952996,
          11.916289831395261,
          10.45660794616
        ]
      },
      "properties": {
        "id": "0_97",
        "camera": "R0 - Red (Point)",
        "frame": "0285",
        "image": "pano_camera0/frame_0285_hp_preview.jpg",
        "frameId": "0285",
        "height": -4.309143,
        "coords2D": "2D: (397940.548, 808238.075)",
        "coords3D_original": "3D_Original: (-793548.981, 426441.300, 0.000)",
        "coords3D": "3D: (17.635, 11.916, 10.457)",
        "coordsMtEden": "MtEden: (397940.548, 808238.075, -4.309)",
        "easting": 397940.5479583895,
        "northing": 808238.0752898314,
        "longitude": 174.74108613824757,
        "latitude": -36.80547874054903,
        "group": "R0 - Red (229 points)",
        "canvasX": 732.8590967670526,
        "canvasY": 241.46490120145666,
        "variant": "northing_easting_direct"
      }
    },
    {
      "type": "Feature",
      "geometry": {
        "type": "Point",
        "coordinates": [
          17.902340402884874,
          12.667749316431582,
          11.36467884136
        ]
      },
      "properties": {
        "id": "0_98",
        "camera": "R0 - Red (Point)",
        "frame": "0286",
        "image": "pano_camera0/frame_0286_hp_preview.jpg",
        "frameId": "0286",
        "height": -4.474219,
        "coords2D": "2D: (397940.815, 808238.827)",
        "coords3D_original": "3D_Original: (-793548.981, 426441.300, 0.000)",
        "coords3D": "3D: (17.902, 12.668, 11.365)",
        "coordsMtEden": "MtEden: (397940.815, 808238.827, -4.474)",
        "easting": 397940.81484040286,
        "northing": 808238.8267493164,
        "longitude": 174.74108913125858,
        "latitude": -36.80547196896142,
        "group": "R0 - Red (229 points)",
        "canvasX": 737.2311858052998,
        "canvasY": 229.15441337029193,
        "variant": "northing_easting_direct"
      }
    },
    {
      "type": "Feature",
      "geometry": {
        "type": "Point",
        "coordinates": [
          18.013591695344076,
          12.56769189145416,
          12.01554500392
        ]
      },
      "properties": {
        "id": "0_99",
        "camera": "R0 - Red (Point)",
        "frame": "0287",
        "image": "pano_camera0/frame_0287_hp_preview.jpg",
        "frameId": "0287",
        "height": -4.452239,
        "coords2D": "2D: (397940.926, 808238.727)",
        "coords3D_original": "3D_Original: (-793548.981, 426441.300, 0.000)",
        "coords3D": "3D: (18.014, 12.568, 12.016)",
        "coordsMtEden": "MtEden: (397940.926, 808238.727, -4.452)",
        "easting": 397940.9260916953,
        "northing": 808238.7266918914,
        "longitude": 174.74109037779448,
        "latitude": -36.80547287092288,
        "group": "R0 - Red (229 points)",
        "canvasX": 739.0537161071355,
        "canvasY": 230.79356456446317,
        "variant": "northing_easting_direct"
      }
    },
    {
      "type": "Feature",
      "geometry": {
        "type": "Point",
        "coordinates": [
          18.120700482977554,
          12.46867692109663,
          12.8680614354
        ]
      },
      "properties": {
        "id": "0_100",
        "camera": "R0 - Red (Point)",
        "frame": "0288",
        "image": "pano_camera0/frame_0288_hp_preview.jpg",
        "frameId": "0288",
        "height": -4.430488,
        "coords2D": "2D: (397941.033, 808238.628)",
        "coords3D_original": "3D_Original: (-793548.981, 426441.300, 0.000)",
        "coords3D": "3D: (18.121, 12.469, 12.868)",
        "coordsMtEden": "MtEden: (397941.033, 808238.628, -4.430)",
        "easting": 397941.03320048295,
        "northing": 808238.6276769211,
        "longitude": 174.74109157790772,
        "latitude": -36.805473763480684,
        "group": "R0 - Red (229 points)",
        "canvasX": 740.8083834614418,
        "canvasY": 232.41563815975047,
        "variant": "northing_easting_direct"
      }
    },
    {
      "type": "Feature",
      "geometry": {
        "type": "Point",
        "coordinates": [
          18.25697523605777,
          12.704116867273115,
          13.3993278566
        ]
      },
      "properties": {
        "id": "0_101",
        "camera": "R0 - Red (Point)",
        "frame": "0289",
        "image": "pano_camera0/frame_0289_hp_preview.jpg",
        "frameId": "0289",
        "height": -4.482208,
        "coords2D": "2D: (397941.169, 808238.863)",
        "coords3D_original": "3D_Original: (-793548.981, 426441.300, 0.000)",
        "coords3D": "3D: (18.257, 12.704, 13.399)",
        "coordsMtEden": "MtEden: (397941.169, 808238.863, -4.482)",
        "easting": 397941.16947523603,
        "northing": 808238.8631168673,
        "longitude": 174.74109310579178,
        "latitude": -36.805471641987445,
        "group": "R0 - Red (229 points)",
        "canvasX": 743.0408507111556,
        "canvasY": 228.55863635071807,
        "variant": "northing_easting_direct"
      }
    },
    {
      "type": "Feature",
      "geometry": {
        "type": "Point",
        "coordinates": [
          18.544182836427353,
          13.75786540179979,
          13.842110023
        ]
      },
      "properties": {
        "id": "0_102",
        "camera": "R0 - Red (Point)",
        "frame": "0290",
        "image": "pano_camera0/frame_0290_hp_preview.jpg",
        "frameId": "0290",
        "height": -4.713689,
        "coords2D": "2D: (397941.457, 808239.917)",
        "coords3D_original": "3D_Original: (-793548.981, 426441.300, 0.000)",
        "coords3D": "3D: (18.544, 13.758, 13.842)",
        "coordsMtEden": "MtEden: (397941.457, 808239.917, -4.714)",
        "easting": 397941.4566828364,
        "northing": 808239.9168654018,
        "longitude": 174.7410963274104,
        "latitude": -36.805462146208804,
        "group": "R0 - Red (229 points)",
        "canvasX": 747.7459156403024,
        "canvasY": 211.29601771659912,
        "variant": "northing_easting_direct"
      }
    },
    {
      "type": "Feature",
      "geometry": {
        "type": "Point",
        "coordinates": [
          19.11195637274068,
          16.116694158059545,
          14.36739219204
        ]
      },
      "properties": {
        "id": "0_103",
        "camera": "R0 - Red (Point)",
        "frame": "0291",
        "image": "pano_camera0/frame_0291_hp_preview.jpg",
        "frameId": "0291",
        "height": -5.231862,
        "coords2D": "2D: (397942.024, 808242.276)",
        "coords3D_original": "3D_Original: (-793548.981, 426441.300, 0.000)",
        "coords3D": "3D: (19.112, 16.117, 14.367)",
        "coordsMtEden": "MtEden: (397942.024, 808242.276, -5.232)",
        "easting": 397942.0244563727,
        "northing": 808242.275694158,
        "longitude": 174.74110269689064,
        "latitude": -36.805440889630525,
        "group": "R0 - Red (229 points)",
        "canvasX": 757.0472410585463,
        "canvasY": 172.65343847468563,
        "variant": "northing_easting_direct"
      }
    },
    {
      "type": "Feature",
      "geometry": {
        "type": "Point",
        "coordinates": [
          19.3532959742588,
          17.011593563947827,
          14.660269498
        ]
      },
      "properties": {
        "id": "0_104",
        "camera": "R0 - Red (Point)",
        "frame": "0292",
        "image": "pano_camera0/frame_0292_hp_preview.jpg",
        "frameId": "0292",
        "height": -5.428448,
        "coords2D": "2D: (397942.266, 808243.171)",
        "coords3D_original": "3D_Original: (-793548.981, 426441.300, 0.000)",
        "coords3D": "3D: (19.353, 17.012, 14.660)",
        "coordsMtEden": "MtEden: (397942.266, 808243.171, -5.428)",
        "easting": 397942.26579597424,
        "northing": 808243.1705935639,
        "longitude": 174.74110540402964,
        "latitude": -36.805432825303456,
        "group": "R0 - Red (229 points)",
        "canvasX": 761.0008916368074,
        "canvasY": 157.99310286698164,
        "variant": "northing_easting_direct"
      }
    },
    {
      "type": "Feature",
      "geometry": {
        "type": "Point",
        "coordinates": [
          19.530458615918178,
          17.76984493609052,
          14.867917142440001
        ]
      },
      "properties": {
        "id": "0_105",
        "camera": "R0 - Red (Point)",
        "frame": "0293",
        "image": "pano_camera0/frame_0293_hp_preview.jpg",
        "frameId": "0293",
        "height": -5.595016,
        "coords2D": "2D: (397942.443, 808243.929)",
        "coords3D_original": "3D_Original: (-793548.981, 426441.300, 0.000)",
        "coords3D": "3D: (19.530, 17.770, 14.868)",
        "coordsMtEden": "MtEden: (397942.443, 808243.929, -5.595)",
        "easting": 397942.4429586159,
        "northing": 808243.9288449361,
        "longitude": 174.74110739156043,
        "latitude": -36.80542599231171,
        "group": "R0 - Red (229 points)",
        "canvasX": 763.9031885510364,
        "canvasY": 145.5713496317358,
        "variant": "northing_easting_direct"
      }
    },
    {
      "type": "Feature",
      "geometry": {
        "type": "Point",
        "coordinates": [
          20.03568488114979,
          19.4673432771815,
          16.537238062
        ]
      },
      "properties": {
        "id": "0_106",
        "camera": "R0 - Red (Point)",
        "frame": "0294",
        "image": "pano_camera0/frame_0294_hp_preview.jpg",
        "frameId": "0294",
        "height": -5.967912,
        "coords2D": "2D: (397942.948, 808245.626)",
        "coords3D_original": "3D_Original: (-793548.981, 426441.300, 0.000)",
        "coords3D": "3D: (20.036, 19.467, 16.537)",
        "coordsMtEden": "MtEden: (397942.948, 808245.626, -5.968)",
        "easting": 397942.9481848811,
        "northing": 808245.6263432772,
        "longitude": 174.7411130582739,
        "latitude": -36.805410695519946,
        "group": "R0 - Red (229 points)",
        "canvasX": 772.1798580362542,
        "canvasY": 117.76275437688355,
        "variant": "northing_easting_direct"
      }
    },
    {
      "type": "Feature",
      "geometry": {
        "type": "Point",
        "coordinates": [
          20.063676378224045,
          19.489334970596246,
          16.7045280936
        ]
      },
      "properties": {
        "id": "0_107",
        "camera": "R0 - Red (Point)",
        "frame": "0295",
        "image": "pano_camera0/frame_0295_hp_preview.jpg",
        "frameId": "0295",
        "height": -5.972743,
        "coords2D": "2D: (397942.976, 808245.648)",
        "coords3D_original": "3D_Original: (-793548.981, 426441.300, 0.000)",
        "coords3D": "3D: (20.064, 19.489, 16.705)",
        "coordsMtEden": "MtEden: (397942.976, 808245.648, -5.973)",
        "easting": 397942.9761763782,
        "northing": 808245.6483349706,
        "longitude": 174.74111337203712,
        "latitude": -36.80541049739117,
        "group": "R0 - Red (229 points)",
        "canvasX": 772.638417667417,
        "canvasY": 117.40248415763693,
        "variant": "northing_easting_direct"
      }
    },
    {
      "type": "Feature",
      "geometry": {
        "type": "Point",
        "coordinates": [
          19.93182181433076,
          18.328946525463834,
          18.39285820012
        ]
      },
      "properties": {
        "id": "0_108",
        "camera": "R0 - Red (Point)",
        "frame": "0296",
        "image": "pano_camera0/frame_0296_hp_preview.jpg",
        "frameId": "0296",
        "height": -5.717836,
        "coords2D": "2D: (397942.844, 808244.488)",
        "coords3D_original": "3D_Original: (-793548.981, 426441.300, 0.000)",
        "coords3D": "3D: (19.932, 18.329, 18.393)",
        "coordsMtEden": "MtEden: (397942.844, 808244.488, -5.718)",
        "easting": 397942.8443218143,
        "northing": 808244.4879465254,
        "longitude": 174.7411118911935,
        "latitude": -36.80542095454892,
        "group": "R0 - Red (229 points)",
        "canvasX": 770.4783624199571,
        "canvasY": 136.41208895529797,
        "variant": "northing_easting_direct"
      }
    },
    {
      "type": "Feature",
      "geometry": {
        "type": "Point",
        "coordinates": [
          19.5998023263528,
          16.74600892851595,
          18.5834815658
        ]
      },
      "properties": {
        "id": "0_109",
        "camera": "R0 - Red (Point)",
        "frame": "0297",
        "image": "pano_camera0/frame_0297_hp_preview.jpg",
        "frameId": "0297",
        "height": -5.370106,
        "coords2D": "2D: (397942.512, 808242.905)",
        "coords3D_original": "3D_Original: (-793548.981, 426441.300, 0.000)",
        "coords3D": "3D: (19.600, 16.746, 18.583)",
        "coordsMtEden": "MtEden: (397942.512, 808242.905, -5.370)",
        "easting": 397942.51230232633,
        "northing": 808242.9050089285,
        "longitude": 174.74110816593668,
        "latitude": -36.805435219293216,
        "group": "R0 - Red (229 points)",
        "canvasX": 765.0391844628111,
        "canvasY": 162.34393812495864,
        "variant": "northing_easting_direct"
      }
    },
    {
      "type": "Feature",
      "geometry": {
        "type": "Point",
        "coordinates": [
          19.2178815875086,
          15.380971639184281,
          18.55654258856
        ]
      },
      "properties": {
        "id": "0_110",
        "camera": "R0 - Red (Point)",
        "frame": "0298",
        "image": "pano_camera0/frame_0298_hp_preview.jpg",
        "frameId": "0298",
        "height": -5.070243,
        "coords2D": "2D: (397942.130, 808241.540)",
        "coords3D_original": "3D_Original: (-793548.981, 426441.300, 0.000)",
        "coords3D": "3D: (19.218, 15.381, 18.557)",
        "coordsMtEden": "MtEden: (397942.130, 808241.540, -5.070)",
        "easting": 397942.1303815875,
        "northing": 808241.5399716392,
        "longitude": 174.7411038820183,
        "latitude": -36.805447520206954,
        "group": "R0 - Red (229 points)",
        "canvasX": 758.7825189992727,
        "canvasY": 184.7061216799063,
        "variant": "northing_easting_direct"
      }
    },
    {
      "type": "Feature",
      "geometry": {
        "type": "Point",
        "coordinates": [
          18.98377088457346,
          14.304903652751818,
          18.501244030360002
        ]
      },
      "properties": {
        "id": "0_111",
        "camera": "R0 - Red (Point)",
        "frame": "0299",
        "image": "pano_camera0/frame_0299_hp_preview.jpg",
        "frameId": "0299",
        "height": -4.833859,
        "coords2D": "2D: (397941.896, 808240.464)",
        "coords3D_original": "3D_Original: (-793548.981, 426441.300, 0.000)",
        "coords3D": "3D: (18.984, 14.305, 18.501)",
        "coordsMtEden": "MtEden: (397941.896, 808240.464, -4.834)",
        "easting": 397941.89627088455,
        "northing": 808240.4639036527,
        "longitude": 174.74110125540406,
        "latitude": -36.80545721724457,
        "group": "R0 - Red (229 points)",
        "canvasX": 754.9472929931839,
        "canvasY": 202.33437990934016,
        "variant": "northing_easting_direct"
      }
    },
    {
      "type": "Feature",
      "geometry": {
        "type": "Point",
        "coordinates": [
          18.51162547955755,
          12.252265183953568,
          18.42382932972
        ]
      },
      "properties": {
        "id": "0_112",
        "camera": "R0 - Red (Point)",
        "frame": "0300",
        "image": "pano_camera0/frame_0300_hp_preview.jpg",
        "frameId": "0300",
        "height": -4.382948,
        "coords2D": "2D: (397941.424, 808238.411)",
        "coords3D_original": "3D_Original: (-793548.981, 426441.300, 0.000)",
        "coords3D": "3D: (18.512, 12.252, 18.424)",
        "coordsMtEden": "MtEden: (397941.424, 808238.411, -4.383)",
        "easting": 397941.42412547953,
        "northing": 808238.4112651839,
        "longitude": 174.74109595846582,
        "latitude": -36.80547571463758,
        "group": "R0 - Red (229 points)",
        "canvasX": 747.2125576175221,
        "canvasY": 235.9609178581535,
        "variant": "northing_easting_direct"
      }
    },
    {
      "type": "Feature",
      "geometry": {
        "type": "Point",
        "coordinates": [
          18.099774005124345,
          10.862154359696433,
          18.312989431160002
        ]
      },
      "properties": {
        "id": "0_113",
        "camera": "R0 - Red (Point)",
        "frame": "0301",
        "image": "pano_camera0/frame_0301_hp_preview.jpg",
        "frameId": "0301",
        "height": -4.077577,
        "coords2D": "2D: (397941.012, 808237.021)",
        "coords3D_original": "3D_Original: (-793548.981, 426441.300, 0.000)",
        "coords3D": "3D: (18.100, 10.862, 18.313)",
        "coordsMtEden": "MtEden: (397941.012, 808237.021, -4.078)",
        "easting": 397941.0122740051,
        "northing": 808237.0211543597,
        "longitude": 174.74109133903804,
        "latitude": -36.80548824144891,
        "group": "R0 - Red (229 points)",
        "canvasX": 740.4655637144172,
        "canvasY": 258.73385868232293,
        "variant": "northing_easting_direct"
      }
    },
    {
      "type": "Feature",
      "geometry": {
        "type": "Point",
        "coordinates": [
          17.72756311559351,
          9.475134481326677,
          18.09198876792
        ]
      },
      "properties": {
        "id": "0_114",
        "camera": "R0 - Red (Middle)",
        "frame": "0302",
        "image": "pano_camera0/frame_0302_hp_preview.jpg",
        "frameId": "0302",
        "height": -3.772885,
        "coords2D": "2D: (397940.640, 808235.634)",
        "coords3D_original": "3D_Original: (-793548.981, 426441.300, 0.000)",
        "coords3D": "3D: (17.728, 9.475, 18.092)",
        "coordsMtEden": "MtEden: (397940.640, 808235.634, -3.773)",
        "easting": 397940.64006311557,
        "northing": 808235.6341344813,
        "longitude": 174.74108716387403,
        "latitude": -36.80550074049058,
        "group": "R0 - Red (229 points)",
        "canvasX": 734.3679660169009,
        "canvasY": 281.45616330718195,
        "variant": "northing_easting_direct"
      }
    },
    {
      "type": "Feature",
      "geometry": {
        "type": "Point",
        "coordinates": [
          17.288475809793454,
          7.6067555389599875,
          17.54980699204
        ]
      },
      "properties": {
        "id": "0_115",
        "camera": "R0 - Red (Point)",
        "frame": "0303",
        "image": "pano_camera0/frame_0303_hp_preview.jpg",
        "frameId": "0303",
        "height": -3.362451,
        "coords2D": "2D: (397940.201, 808233.766)",
        "coords3D_original": "3D_Original: (-793548.981, 426441.300, 0.000)",
        "coords3D": "3D: (17.288, 7.607, 17.550)",
        "coordsMtEden": "MtEden: (397940.201, 808233.766, -3.362)",
        "easting": 397940.20097580977,
        "northing": 808233.765755539,
        "longitude": 174.74108223791413,
        "latitude": -36.80551757740416,
        "group": "R0 - Red (229 points)",
        "canvasX": 727.1747918774571,
        "canvasY": 312.0641424349549,
        "variant": "northing_easting_direct"
      }
    },
    {
      "type": "Feature",
      "geometry": {
        "type": "Point",
        "coordinates": [
          17.015707797836512,
          6.658363193855621,
          17.30377680044
        ]
      },
      "properties": {
        "id": "0_116",
        "camera": "R0 - Red (Point)",
        "frame": "0304",
        "image": "pano_camera0/frame_0304_hp_preview.jpg",
        "frameId": "0304",
        "height": -3.154114,
        "coords2D": "2D: (397939.928, 808232.817)",
        "coords3D_original": "3D_Original: (-793548.981, 426441.300, 0.000)",
        "coords3D": "3D: (17.016, 6.658, 17.304)",
        "coordsMtEden": "MtEden: (397939.928, 808232.817, -3.154)",
        "easting": 397939.9282077978,
        "northing": 808232.8173631938,
        "longitude": 174.7410791784028,
        "latitude": -36.80552612374164,
        "group": "R0 - Red (229 points)",
        "canvasX": 722.7062777939841,
        "canvasY": 327.60080496179927,
        "variant": "northing_easting_direct"
      }
    },
    {
      "type": "Feature",
      "geometry": {
        "type": "Point",
        "coordinates": [
          16.4064910041634,
          4.382835202850401,
          16.89506943828
        ]
      },
      "properties": {
        "id": "0_117",
        "camera": "R0 - Red (Point)",
        "frame": "0305",
        "image": "pano_camera0/frame_0305_hp_preview.jpg",
        "frameId": "0305",
        "height": -2.65424,
        "coords2D": "2D: (397939.319, 808230.542)",
        "coords3D_original": "3D_Original: (-793548.981, 426441.300, 0.000)",
        "coords3D": "3D: (16.406, 4.383, 16.895)",
        "coordsMtEden": "MtEden: (397939.319, 808230.542, -2.654)",
        "easting": 397939.31899100414,
        "northing": 808230.5418352028,
        "longitude": 174.74107234467442,
        "latitude": -36.80554662952,
        "group": "R0 - Red (229 points)",
        "canvasX": 712.7260246017761,
        "canvasY": 364.8787423610312,
        "variant": "northing_easting_direct"
      }
    },
    {
      "type": "Feature",
      "geometry": {
        "type": "Point",
        "coordinates": [
          15.807389205845539,
          2.0483197635039687,
          16.89781222052
        ]
      },
      "properties": {
        "id": "0_118",
        "camera": "R0 - Red (Point)",
        "frame": "0306",
        "image": "pano_camera0/frame_0306_hp_preview.jpg",
        "frameId": "0306",
        "height": -2.141408,
        "coords2D": "2D: (397938.720, 808228.207)",
        "coords3D_original": "3D_Original: (-793548.981, 426441.300, 0.000)",
        "coords3D": "3D: (15.807, 2.048, 16.898)",
        "coordsMtEden": "MtEden: (397938.720, 808228.207, -2.141)",
        "easting": 397938.7198892058,
        "northing": 808228.2073197635,
        "longitude": 174.74106562414283,
        "latitude": -36.805567666915984,
        "group": "R0 - Red (229 points)",
        "canvasX": 702.9114763210079,
        "canvasY": 403.1230183032145,
        "variant": "northing_easting_direct"
      }
    },
    {
      "type": "Feature",
      "geometry": {
        "type": "Point",
        "coordinates": [
          15.439516565937083,
          0.5326682812301442,
          17.09275317164
        ]
      },
      "properties": {
        "id": "0_119",
        "camera": "R0 - Red (Point)",
        "frame": "0307",
        "image": "pano_camera0/frame_0307_hp_preview.jpg",
        "frameId": "0307",
        "height": -1.808459,
        "coords2D": "2D: (397938.352, 808226.692)",
        "coords3D_original": "3D_Original: (-793548.981, 426441.300, 0.000)",
        "coords3D": "3D: (15.440, 0.533, 17.093)",
        "coordsMtEden": "MtEden: (397938.352, 808226.692, -1.808)",
        "easting": 397938.3520165659,
        "northing": 808226.6916682812,
        "longitude": 174.74106149724142,
        "latitude": -36.80558132519661,
        "group": "R0 - Red (229 points)",
        "canvasX": 696.8849482817285,
        "canvasY": 427.95257931086223,
        "variant": "northing_easting_direct"
      }
    },
    {
      "type": "Feature",
      "geometry": {
        "type": "Point",
        "coordinates": [
          15.390839857805986,
          0.1622691685333848,
          17.2100727292
        ]
      },
      "properties": {
        "id": "0_120",
        "camera": "R0 - Red (Point)",
        "frame": "0308",
        "image": "pano_camera0/frame_0308_hp_preview.jpg",
        "frameId": "0308",
        "height": -1.727092,
        "coords2D": "2D: (397938.303, 808226.321)",
        "coords3D_original": "3D_Original: (-793548.981, 426441.300, 0.000)",
        "coords3D": "3D: (15.391, 0.162, 17.210)",
        "coordsMtEden": "MtEden: (397938.303, 808226.321, -1.727)",
        "easting": 397938.3033398578,
        "northing": 808226.3212691685,
        "longitude": 174.74106095071207,
        "latitude": -36.80558466313484,
        "group": "R0 - Red (229 points)",
        "canvasX": 696.0875213609245,
        "canvasY": 434.0204962906678,
        "variant": "northing_easting_direct"
      }
    },
    {
      "type": "Feature",
      "geometry": {
        "type": "Point",
        "coordinates": [
          15.160398230596911,
          -1.3146020952844992,
          18.34988903864
        ]
      },
      "properties": {
        "id": "0_121",
        "camera": "R0 - Red (Point)",
        "frame": "0309",
        "image": "pano_camera0/frame_0309_hp_preview.jpg",
        "frameId": "0309",
        "height": -1.402662,
        "coords2D": "2D: (397938.073, 808224.844)",
        "coords3D_original": "3D_Original: (-793548.981, 426441.300, 0.000)",
        "coords3D": "3D: (15.160, -1.315, 18.350)",
        "coordsMtEden": "MtEden: (397938.073, 808224.844, -1.403)",
        "easting": 397938.0728982306,
        "northing": 808224.8443979047,
        "longitude": 174.74105836412218,
        "latitude": -36.805597972226444,
        "group": "R0 - Red (229 points)",
        "canvasX": 692.312402536933,
        "canvasY": 458.2147557049058,
        "variant": "northing_easting_direct"
      }
    },
    {
      "type": "Feature",
      "geometry": {
        "type": "Point",
        "coordinates": [
          15.308781844039913,
          -1.575780198094435,
          19.87152622644
        ]
      },
      "properties": {
        "id": "0_122",
        "camera": "R0 - Red (Point)",
        "frame": "0310",
        "image": "pano_camera0/frame_0310_hp_preview.jpg",
        "frameId": "0310",
        "height": -1.345288,
        "coords2D": "2D: (397938.221, 808224.583)",
        "coords3D_original": "3D_Original: (-793548.981, 426441.300, 0.000)",
        "coords3D": "3D: (15.309, -1.576, 19.872)",
        "coordsMtEden": "MtEden: (397938.221, 808224.583, -1.345)",
        "easting": 397938.221281844,
        "northing": 808224.5832198019,
        "longitude": 174.74106002637055,
        "latitude": -36.80560032629182,
        "group": "R0 - Red (229 points)",
        "canvasX": 694.7432384025019,
        "canvasY": 462.49340268463175,
        "variant": "northing_easting_direct"
      }
    },
    {
      "type": "Feature",
      "geometry": {
        "type": "Point",
        "coordinates": [
          15.534830595250241,
          -0.7280871387338266,
          20.707772972359997
        ]
      },
      "properties": {
        "id": "0_123",
        "camera": "R0 - Red (Point)",
        "frame": "0311",
        "image": "pano_camera0/frame_0311_hp_preview.jpg",
        "frameId": "0311",
        "height": -1.531504,
        "coords2D": "2D: (397938.447, 808225.431)",
        "coords3D_original": "3D_Original: (-793548.981, 426441.300, 0.000)",
        "coords3D": "3D: (15.535, -0.728, 20.708)",
        "coordsMtEden": "MtEden: (397938.447, 808225.431, -1.532)",
        "easting": 397938.4473305952,
        "northing": 808225.4309128613,
        "longitude": 174.74106256202518,
        "latitude": -36.80559268735719,
        "group": "R0 - Red (229 points)",
        "canvasX": 698.4463926722451,
        "canvasY": 448.60640638009227,
        "variant": "northing_easting_direct"
      }
    },
    {
      "type": "Feature",
      "geometry": {
        "type": "Point",
        "coordinates": [
          16.067797986324877,
          0.9821755799930543,
          21.4105813938
        ]
      },
      "properties": {
        "id": "0_124",
        "camera": "R0 - Red (Point)",
        "frame": "0312",
        "image": "pano_camera0/frame_0312_hp_preview.jpg",
        "frameId": "0312",
        "height": -1.907204,
        "coords2D": "2D: (397938.980, 808227.141)",
        "coords3D_original": "3D_Original: (-793548.981, 426441.300, 0.000)",
        "coords3D": "3D: (16.068, 0.982, 21.411)",
        "coordsMtEden": "MtEden: (397938.980, 808227.141, -1.907)",
        "easting": 397938.9802979863,
        "northing": 808227.14117558,
        "longitude": 174.74106853969295,
        "latitude": -36.80557727559555,
        "group": "R0 - Red (229 points)",
        "canvasX": 707.177520181907,
        "canvasY": 420.5887037572484,
        "variant": "northing_easting_direct"
      }
    },
    {
      "type": "Feature",
      "geometry": {
        "type": "Point",
        "coordinates": [
          16.42335236456711,
          2.307959221652709,
          21.75038127344
        ]
      },
      "properties": {
        "id": "0_125",
        "camera": "R0 - Red (Point)",
        "frame": "0313",
        "image": "pano_camera0/frame_0313_hp_preview.jpg",
        "frameId": "0313",
        "height": -2.198444,
        "coords2D": "2D: (397939.336, 808228.467)",
        "coords3D_original": "3D_Original: (-793548.981, 426441.300, 0.000)",
        "coords3D": "3D: (16.423, 2.308, 21.750)",
        "coordsMtEden": "MtEden: (397939.336, 808228.467, -2.198)",
        "easting": 397939.33585236454,
        "northing": 808228.4669592216,
        "longitude": 174.74107252802668,
        "latitude": -36.80556532838066,
        "group": "R0 - Red (229 points)",
        "canvasX": 713.0022491706209,
        "canvasY": 398.86957756114236,
        "variant": "northing_easting_direct"
      }
    },
    {
      "type": "Feature",
      "geometry": {
        "type": "Point",
        "coordinates": [
          16.732938595523592,
          3.5258374402765185,
          21.96615227772
        ]
      },
      "properties": {
        "id": "0_126",
        "camera": "R0 - Red (Point)",
        "frame": "0314",
        "image": "pano_camera0/frame_0314_hp_preview.jpg",
        "frameId": "0314",
        "height": -2.46598,
        "coords2D": "2D: (397939.645, 808229.685)",
        "coords3D_original": "3D_Original: (-793548.981, 426441.300, 0.000)",
        "coords3D": "3D: (16.733, 3.526, 21.966)",
        "coordsMtEden": "MtEden: (397939.645, 808229.685, -2.466)",
        "easting": 397939.6454385955,
        "northing": 808229.6848374403,
        "longitude": 174.74107600089616,
        "latitude": -36.80555435351141,
        "group": "R0 - Red (229 points)",
        "canvasX": 718.0739231657617,
        "canvasY": 378.91816928617516,
        "variant": "northing_easting_direct"
      }
    },
    {
      "type": "Feature",
      "geometry": {
        "type": "Point",
        "coordinates": [
          17.507787300331984,
          6.478419156046584,
          22.5510669946
        ]
      },
      "properties": {
        "id": "0_127",
        "camera": "R0 - Red (Point)",
        "frame": "0315",
        "image": "pano_camera0/frame_0315_hp_preview.jpg",
        "frameId": "0315",
        "height": -3.114585,
        "coords2D": "2D: (397940.420, 808232.637)",
        "coords3D_original": "3D_Original: (-793548.981, 426441.300, 0.000)",
        "coords3D": "3D: (17.508, 6.478, 22.551)",
        "coordsMtEden": "MtEden: (397940.420, 808232.637, -3.115)",
        "easting": 397940.4202873003,
        "northing": 808232.637419156,
        "longitude": 174.74108469271366,
        "latitude": -36.80552774647137,
        "group": "R0 - Red (229 points)",
        "canvasX": 730.7675756391307,
        "canvasY": 330.5486669979408,
        "variant": "northing_easting_direct"
      }
    },
    {
      "type": "Feature",
      "geometry": {
        "type": "Point",
        "coordinates": [
          17.581018592230976,
          6.6864320784807205,
          22.60798300692
        ]
      },
      "properties": {
        "id": "0_128",
        "camera": "R0 - Red (Point)",
        "frame": "0316",
        "image": "pano_camera0/frame_0316_hp_preview.jpg",
        "frameId": "0316",
        "height": -3.16028,
        "coords2D": "2D: (397940.494, 808232.845)",
        "coords3D_original": "3D_Original: (-793548.981, 426441.300, 0.000)",
        "coords3D": "3D: (17.581, 6.686, 22.608)",
        "coordsMtEden": "MtEden: (397940.494, 808232.845, -3.160)",
        "easting": 397940.4935185922,
        "northing": 808232.8454320785,
        "longitude": 174.74108551398868,
        "latitude": -36.805525872014016,
        "group": "R0 - Red (229 points)",
        "canvasX": 731.9672583170484,
        "canvasY": 327.14097756128695,
        "variant": "northing_easting_direct"
      }
    },
    {
      "type": "Feature",
      "geometry": {
        "type": "Point",
        "coordinates": [
          18.034941528050695,
          8.545401617069729,
          23.1493281686
        ]
      },
      "properties": {
        "id": "0_129",
        "camera": "R0 - Red (Point)",
        "frame": "0317",
        "image": "pano_camera0/frame_0317_hp_preview.jpg",
        "frameId": "0317",
        "height": -3.568647,
        "coords2D": "2D: (397940.947, 808234.704)",
        "coords3D_original": "3D_Original: (-793548.981, 426441.300, 0.000)",
        "coords3D": "3D: (18.035, 8.545, 23.149)",
        "coordsMtEden": "MtEden: (397940.947, 808234.704, -3.569)",
        "easting": 397940.947441528,
        "northing": 808234.704401617,
        "longitude": 174.7410906061877,
        "latitude": -36.80550911993032,
        "group": "R0 - Red (229 points)",
        "canvasX": 739.4034712982485,
        "canvasY": 296.68714427147364,
        "variant": "northing_easting_direct"
      }
    },
    {
      "type": "Feature",
      "geometry": {
        "type": "Point",
        "coordinates": [
          18.473186676274054,
          10.120195322553627,
          24.20353751992
        ]
      },
      "properties": {
        "id": "0_130",
        "camera": "R0 - Red (Point)",
        "frame": "0318",
        "image": "pano_camera0/frame_0318_hp_preview.jpg",
        "frameId": "0318",
        "height": -3.914588,
        "coords2D": "2D: (397941.386, 808236.279)",
        "coords3D_original": "3D_Original: (-793548.981, 426441.300, 0.000)",
        "coords3D": "3D: (18.473, 10.120, 24.204)",
        "coordsMtEden": "MtEden: (397941.386, 808236.279, -3.915)",
        "easting": 397941.38568667625,
        "northing": 808236.2791953225,
        "longitude": 174.74109552191334,
        "latitude": -36.805494928810596,
        "group": "R0 - Red (229 points)",
        "canvasX": 746.5828491241836,
        "canvasY": 270.8887091821757,
        "variant": "northing_easting_direct"
      }
    },
    {
      "type": "Feature",
      "geometry": {
        "type": "Point",
        "coordinates": [
          18.51234927988844,
          10.088657659245655,
          24.61957755948
        ]
      },
      "properties": {
        "id": "0_131",
        "camera": "R0 - Red (Point)",
        "frame": "0319",
        "image": "pano_camera0/frame_0319_hp_preview.jpg",
        "frameId": "0319",
        "height": -3.90766,
        "coords2D": "2D: (397941.425, 808236.248)",
        "coords3D_original": "3D_Original: (-793548.981, 426441.300, 0.000)",
        "coords3D": "3D: (18.512, 10.089, 24.620)",
        "coordsMtEden": "MtEden: (397941.425, 808236.248, -3.908)",
        "easting": 397941.42484927987,
        "northing": 808236.2476576592,
        "longitude": 174.74109596072816,
        "latitude": -36.805495213113794,
        "group": "R0 - Red (229 points)",
        "canvasX": 747.2244149896728,
        "canvasY": 271.40536247941037,
        "variant": "northing_easting_direct"
      }
    },
    {
      "type": "Feature",
      "geometry": {
        "type": "Point",
        "coordinates": [
          18.564981852541678,
          9.439904981292784,
          25.697753447
        ]
      },
      "properties": {
        "id": "0_132",
        "camera": "R0 - Red (Point)",
        "frame": "0320",
        "image": "pano_camera0/frame_0320_hp_preview.jpg",
        "frameId": "0320",
        "height": -3.765146,
        "coords2D": "2D: (397941.477, 808235.599)",
        "coords3D_original": "3D_Original: (-793548.981, 426441.300, 0.000)",
        "coords3D": "3D: (18.565, 9.440, 25.698)",
        "coordsMtEden": "MtEden: (397941.477, 808235.599, -3.765)",
        "easting": 397941.4774818525,
        "northing": 808235.5989049813,
        "longitude": 174.74109654883398,
        "latitude": -36.80550105980042,
        "group": "R0 - Red (229 points)",
        "canvasX": 748.086647296634,
        "canvasY": 282.0332966598521,
        "variant": "northing_easting_direct"
      }
    },
    {
      "type": "Feature",
      "geometry": {
        "type": "Point",
        "coordinates": [
          18.155014990188647,
          7.02316309674643,
          27.216726592719997
        ]
      },
      "properties": {
        "id": "0_133",
        "camera": "R0 - Red (Point)",
        "frame": "0321",
        "image": "pano_camera0/frame_0321_hp_preview.jpg",
        "frameId": "0321",
        "height": -3.234251,
        "coords2D": "2D: (397941.068, 808233.182)",
        "coords3D_original": "3D_Original: (-793548.981, 426441.300, 0.000)",
        "coords3D": "3D: (18.155, 7.023, 27.217)",
        "coordsMtEden": "MtEden: (397941.068, 808233.182, -3.234)",
        "easting": 397941.06751499017,
        "northing": 808233.1821630967,
        "longitude": 174.74109194774982,
        "latitude": -36.80552283863557,
        "group": "R0 - Red (229 points)",
        "canvasX": 741.3705273059215,
        "canvasY": 321.62461482315985,
        "variant": "northing_easting_direct"
      }
    },
    {
      "type": "Feature",
      "geometry": {
        "type": "Point",
        "coordinates": [
          18.121947786596138,
          6.865251722047105,
          27.29606058476
        ]
      },
      "properties": {
        "id": "0_134",
        "camera": "R0 - Red (Point)",
        "frame": "0322",
        "image": "pano_camera0/frame_0322_hp_preview.jpg",
        "frameId": "0322",
        "height": -3.199562,
        "coords2D": "2D: (397941.034, 808233.024)",
        "coords3D_original": "3D_Original: (-793548.981, 426441.300, 0.000)",
        "coords3D": "3D: (18.122, 6.865, 27.296)",
        "coordsMtEden": "MtEden: (397941.034, 808233.024, -3.200)",
        "easting": 397941.0344477866,
        "northing": 808233.024251722,
        "longitude": 174.74109157673448,
        "latitude": -36.80552426166415,
        "group": "R0 - Red (229 points)",
        "canvasX": 740.8288169203684,
        "canvasY": 324.21153546804624,
        "variant": "northing_easting_direct"
      }
    },
    {
      "type": "Feature",
      "geometry": {
        "type": "Point",
        "coordinates": [
          17.58024471771205,
          4.764350795536302,
          27.496857835280004
        ]
      },
      "properties": {
        "id": "0_135",
        "camera": "R0 - Red (Point)",
        "frame": "0323",
        "image": "pano_camera0/frame_0323_hp_preview.jpg",
        "frameId": "0323",
        "height": -2.738049,
        "coords2D": "2D: (397940.493, 808230.923)",
        "coords3D_original": "3D_Original: (-793548.981, 426441.300, 0.000)",
        "coords3D": "3D: (17.580, 4.764, 27.497)",
        "coordsMtEden": "MtEden: (397940.493, 808230.923, -2.738)",
        "easting": 397940.4927447177,
        "northing": 808230.9233507955,
        "longitude": 174.74108550011698,
        "latitude": -36.805543193847456,
        "group": "R0 - Red (229 points)",
        "canvasX": 731.954580623554,
        "canvasY": 358.6287140429106,
        "variant": "northing_easting_direct"
      }
    },
    {
      "type": "Feature",
      "geometry": {
        "type": "Point",
        "coordinates": [
          17.093250026053283,
          2.699862941983156,
          27.12643131424
        ]
      },
      "properties": {
        "id": "0_136",
        "camera": "R0 - Red (Point)",
        "frame": "0324",
        "image": "pano_camera0/frame_0324_hp_preview.jpg",
        "frameId": "0324",
        "height": -2.284535,
        "coords2D": "2D: (397940.006, 808228.859)",
        "coords3D_original": "3D_Original: (-793548.981, 426441.300, 0.000)",
        "coords3D": "3D: (17.093, 2.700, 27.126)",
        "coordsMtEden": "MtEden: (397940.006, 808228.859, -2.285)",
        "easting": 397940.00575002603,
        "northing": 808228.858862942,
        "longitude": 174.74108003671907,
        "latitude": -36.805561797994066,
        "group": "R0 - Red (229 points)",
        "canvasX": 723.976582682133,
        "canvasY": 392.4493698515249,
        "variant": "northing_easting_direct"
      }
    },
    {
      "type": "Feature",
      "geometry": {
        "type": "Point",
        "coordinates": [
          17.008492555876728,
          2.491850019665435,
          27.1302994246
        ]
      },
      "properties": {
        "id": "0_137",
        "camera": "R0 - Red (Point)",
        "frame": "0325",
        "image": "pano_camera0/frame_0325_hp_preview.jpg",
        "frameId": "0325",
        "height": -2.23884,
        "coords2D": "2D: (397939.921, 808228.651)",
        "coords3D_original": "3D_Original: (-793548.981, 426441.300, 0.000)",
        "coords3D": "3D: (17.008, 2.492, 27.130)",
        "coordsMtEden": "MtEden: (397939.921, 808228.651, -2.239)",
        "easting": 397939.92099255585,
        "northing": 808228.6508500197,
        "longitude": 174.74107908626812,
        "latitude": -36.8055636724263,
        "group": "R0 - Red (229 points)",
        "canvasX": 722.5880769458148,
        "canvasY": 395.8570592881788,
        "variant": "northing_easting_direct"
      }
    },
    {
      "type": "Feature",
      "geometry": {
        "type": "Point",
        "coordinates": [
          16.538864519214258,
          0.3962478575995192,
          27.66651335252
        ]
      },
      "properties": {
        "id": "0_138",
        "camera": "R0 - Red (Point)",
        "frame": "0326",
        "image": "pano_camera0/frame_0326_hp_preview.jpg",
        "frameId": "0326",
        "height": -1.778491,
        "coords2D": "2D: (397939.451, 808226.555)",
        "coords3D_original": "3D_Original: (-793548.981, 426441.300, 0.000)",
        "coords3D": "3D: (16.539, 0.396, 27.667)",
        "coordsMtEden": "MtEden: (397939.451, 808226.555, -1.778)",
        "easting": 397939.4513645192,
        "northing": 808226.5552478576,
        "longitude": 174.7410738174134,
        "latitude": -36.80558255701312,
        "group": "R0 - Red (229 points)",
        "canvasX": 714.8945813613441,
        "canvasY": 430.18743294993965,
        "variant": "northing_easting_direct"
      }
    },
    {
      "type": "Feature",
      "geometry": {
        "type": "Point",
        "coordinates": [
          16.522144277056213,
          0.024068833445198834,
          28.50999763148
        ]
      },
      "properties": {
        "id": "0_139",
        "camera": "R0 - Red (Point)",
        "frame": "0327",
        "image": "pano_camera0/frame_0327_hp_preview.jpg",
        "frameId": "0327",
        "height": -1.696733,
        "coords2D": "2D: (397939.435, 808226.183)",
        "coords3D_original": "3D_Original: (-793548.981, 426441.300, 0.000)",
        "coords3D": "3D: (16.522, 0.024, 28.510)",
        "coordsMtEden": "MtEden: (397939.435, 808226.183, -1.697)",
        "easting": 397939.43464427703,
        "northing": 808226.1830688334,
        "longitude": 174.74107362902024,
        "latitude": -36.805585911061556,
        "group": "R0 - Red (229 points)",
        "canvasX": 714.6206686071952,
        "canvasY": 436.2845086247825,
        "variant": "northing_easting_direct"
      }
    },
    {
      "type": "Feature",
      "geometry": {
        "type": "Point",
        "coordinates": [
          16.629926790774334,
          0.10963659582193941,
          28.96047992936
        ]
      },
      "properties": {
        "id": "0_140",
        "camera": "R0 - Red (Point)",
        "frame": "0328",
        "image": "pano_camera0/frame_0328_hp_preview.jpg",
        "frameId": "0328",
        "height": -1.71553,
        "coords2D": "2D: (397939.542, 808226.269)",
        "coords3D_original": "3D_Original: (-793548.981, 426441.300, 0.000)",
        "coords3D": "3D: (16.630, 0.110, 28.960)",
        "coordsMtEden": "MtEden: (397939.542, 808226.269, -1.716)",
        "easting": 397939.54242679075,
        "northing": 808226.2686365958,
        "longitude": 174.74107483718504,
        "latitude": -36.805585140157696,
        "group": "R0 - Red (229 points)",
        "canvasX": 716.3863730123086,
        "canvasY": 434.88272859762895,
        "variant": "northing_easting_direct"
      }
    },
    {
      "type": "Feature",
      "geometry": {
        "type": "Point",
        "coordinates": [
          16.83259087440092,
          0.5951927913120016,
          29.64022076476
        ]
      },
      "properties": {
        "id": "0_141",
        "camera": "R0 - Red (Point)",
        "frame": "0329",
        "image": "pano_camera0/frame_0329_hp_preview.jpg",
        "frameId": "0329",
        "height": -1.822194,
        "coords2D": "2D: (397939.745, 808226.754)",
        "coords3D_original": "3D_Original: (-793548.981, 426441.300, 0.000)",
        "coords3D": "3D: (16.833, 0.595, 29.640)",
        "coordsMtEden": "MtEden: (397939.745, 808226.754, -1.822)",
        "easting": 397939.7450908744,
        "northing": 808226.7541927913,
        "longitude": 174.74107710978274,
        "latitude": -36.80558076475652,
        "group": "R0 - Red (229 points)",
        "canvasX": 719.7064372145151,
        "canvasY": 426.9282962511743,
        "variant": "northing_easting_direct"
      }
    },
    {
      "type": "Feature",
      "geometry": {
        "type": "Point",
        "coordinates": [
          17.06294145755237,
          0.9576528617180884,
          30.83906266664
        ]
      },
      "properties": {
        "id": "0_142",
        "camera": "R0 - Red (Point)",
        "frame": "0330",
        "image": "pano_camera0/frame_0330_hp_preview.jpg",
        "frameId": "0330",
        "height": -1.901817,
        "coords2D": "2D: (397939.975, 808227.117)",
        "coords3D_original": "3D_Original: (-793548.981, 426441.300, 0.000)",
        "coords3D": "3D: (17.063, 0.958, 30.839)",
        "coordsMtEden": "MtEden: (397939.975, 808227.117, -1.902)",
        "easting": 397939.9754414575,
        "northing": 808227.1166528617,
        "longitude": 174.74107969233347,
        "latitude": -36.805577498760286,
        "group": "R0 - Red (229 points)",
        "canvasX": 723.4800645451543,
        "canvasY": 420.9904374916888,
        "variant": "northing_easting_direct"
      }
    },
    {
      "type": "Feature",
      "geometry": {
        "type": "Point",
        "coordinates": [
          16.979886511340737,
          0.49731587164569646,
          31.183672257719998
        ]
      },
      "properties": {
        "id": "0_143",
        "camera": "R0 - Red (Point)",
        "frame": "0331",
        "image": "pano_camera0/frame_0331_hp_preview.jpg",
        "frameId": "0331",
        "height": -1.800693,
        "coords2D": "2D: (397939.892, 808226.656)",
        "coords3D_original": "3D_Original: (-793548.981, 426441.300, 0.000)",
        "coords3D": "3D: (16.980, 0.497, 31.184)",
        "coordsMtEden": "MtEden: (397939.892, 808226.656, -1.801)",
        "easting": 397939.8923865113,
        "northing": 808226.6563158716,
        "longitude": 174.74107876028003,
        "latitude": -36.80558164714575,
        "group": "R0 - Red (229 points)",
        "canvasX": 722.1194497345241,
        "canvasY": 428.531726179558,
        "variant": "northing_easting_direct"
      }
    },
    {
      "type": "Feature",
      "geometry": {
        "type": "Point",
        "coordinates": [
          16.471951685263775,
          -1.1585480195935816,
          30.54104756524
        ]
      },
      "properties": {
        "id": "0_144",
        "camera": "R0 - Red (Point)",
        "frame": "0332",
        "image": "pano_camera0/frame_0332_hp_preview.jpg",
        "frameId": "0332",
        "height": -1.436943,
        "coords2D": "2D: (397939.384, 808225.000)",
        "coords3D_original": "3D_Original: (-793548.981, 426441.300, 0.000)",
        "coords3D": "3D: (16.472, -1.159, 30.541)",
        "coordsMtEden": "MtEden: (397939.384, 808225.000, -1.437)",
        "easting": 397939.38445168524,
        "northing": 808225.0004519804,
        "longitude": 174.74107306330458,
        "latitude": -36.80559656871905,
        "group": "R0 - Red (229 points)",
        "canvasX": 713.7984083220755,
        "canvasY": 455.65826152440616,
        "variant": "northing_easting_direct"
      }
    },
    {
      "type": "Feature",
      "geometry": {
        "type": "Point",
        "coordinates": [
          16.266988739022054,
          -1.613763781148009,
          29.936392034080004
        ]
      },
      "properties": {
        "id": "0_145",
        "camera": "R0 - Red (Point)",
        "frame": "0333",
        "image": "pano_camera0/frame_0333_hp_preview.jpg",
        "frameId": "0333",
        "height": -1.336944,
        "coords2D": "2D: (397939.179, 808224.545)",
        "coords3D_original": "3D_Original: (-793548.981, 426441.300, 0.000)",
        "coords3D": "3D: (16.267, -1.614, 29.936)",
        "coordsMtEden": "MtEden: (397939.179, 808224.545, -1.337)",
        "easting": 397939.179488739,
        "northing": 808224.5452362188,
        "longitude": 174.74107076502463,
        "latitude": -36.80560067068654,
        "group": "R0 - Red (229 points)",
        "canvasX": 710.4406839127236,
        "canvasY": 463.1156537112089,
        "variant": "northing_easting_direct"
      }
    },
    {
      "type": "Feature",
      "geometry": {
        "type": "Point",
        "coordinates": [
          15.897764094755985,
          -2.6925039107445627,
          28.96189725224
        ]
      },
      "properties": {
        "id": "0_146",
        "camera": "R0 - Red (Point)",
        "frame": "0334",
        "image": "pano_camera0/frame_0334_hp_preview.jpg",
        "frameId": "0334",
        "height": -1.099973,
        "coords2D": "2D: (397938.810, 808223.466)",
        "coords3D_original": "3D_Original: (-793548.981, 426441.300, 0.000)",
        "coords3D": "3D: (15.898, -2.693, 28.962)",
        "coordsMtEden": "MtEden: (397938.810, 808223.466, -1.100)",
        "easting": 397938.81026409473,
        "northing": 808223.4664960892,
        "longitude": 174.74106662415295,
        "latitude": -36.80561039151049,
        "group": "R0 - Red (229 points)",
        "canvasX": 704.3920071971626,
        "canvasY": 480.7876872705326,
        "variant": "northing_easting_direct"
      }
    },
    {
      "type": "Feature",
      "geometry": {
        "type": "Point",
        "coordinates": [
          15.698045286524575,
          -3.4172419634414837,
          28.56164461476
        ]
      },
      "properties": {
        "id": "0_147",
        "camera": "R0 - Red (Point)",
        "frame": "0335",
        "image": "pano_camera0/frame_0335_hp_preview.jpg",
        "frameId": "0335",
        "height": -0.940767,
        "coords2D": "2D: (397938.611, 808222.742)",
        "coords3D_original": "3D_Original: (-793548.981, 426441.300, 0.000)",
        "coords3D": "3D: (15.698, -3.417, 28.562)",
        "coordsMtEden": "MtEden: (397938.611, 808222.742, -0.941)",
        "easting": 397938.6105452865,
        "northing": 808222.7417580365,
        "longitude": 174.7410643839144,
        "latitude": -36.80561692242952,
        "group": "R0 - Red (229 points)",
        "canvasX": 701.1201928049027,
        "canvasY": 492.66042180279896,
        "variant": "northing_easting_direct"
      }
    },
    {
      "type": "Feature",
      "geometry": {
        "type": "Point",
        "coordinates": [
          15.427016216155607,
          -4.1829498442821205,
          28.09066034772
        ]
      },
      "properties": {
        "id": "0_148",
        "camera": "R0 - Red (Point)",
        "frame": "0336",
        "image": "pano_camera0/frame_0336_hp_preview.jpg",
        "frameId": "0336",
        "height": -0.772561,
        "coords2D": "2D: (397938.340, 808221.976)",
        "coords3D_original": "3D_Original: (-793548.981, 426441.300, 0.000)",
        "coords3D": "3D: (15.427, -4.183, 28.091)",
        "coordsMtEden": "MtEden: (397938.340, 808221.976, -0.773)",
        "easting": 397938.33951621613,
        "northing": 808221.9760501557,
        "longitude": 174.7410613443803,
        "latitude": -36.80562382241416,
        "group": "R0 - Red (229 points)",
        "canvasX": 696.6801662444585,
        "canvasY": 505.2043283435977,
        "variant": "northing_easting_direct"
      }
    },
    {
      "type": "Feature",
      "geometry": {
        "type": "Point",
        "coordinates": [
          14.85080744739389,
          -6.0563635234721005,
          27.18040441308
        ]
      },
      "properties": {
        "id": "0_149",
        "camera": "R0 - Red (Point)",
        "frame": "0337",
        "image": "pano_camera0/frame_0337_hp_preview.jpg",
        "frameId": "0337",
        "height": -0.361021,
        "coords2D": "2D: (397937.763, 808220.103)",
        "coords3D_original": "3D_Original: (-793548.981, 426441.300, 0.000)",
        "coords3D": "3D: (14.851, -6.056, 27.180)",
        "coordsMtEden": "MtEden: (397937.763, 808220.103, -0.361)",
        "easting": 397937.76330744737,
        "northing": 808220.1026364765,
        "longitude": 174.74105488165327,
        "latitude": -36.80564070440085,
        "group": "R0 - Red (229 points)",
        "canvasX": 687.2406539671247,
        "canvasY": 535.8947870537526,
        "variant": "northing_easting_direct"
      }
    },
    {
      "type": "Feature",
      "geometry": {
        "type": "Point",
        "coordinates": [
          14.593981250829529,
          -7.00814270763658,
          26.73247460872
        ]
      },
      "properties": {
        "id": "0_150",
        "camera": "R0 - Red (Point)",
        "frame": "0338",
        "image": "pano_camera0/frame_0338_hp_preview.jpg",
        "frameId": "0338",
        "height": -0.15194,
        "coords2D": "2D: (397937.506, 808219.151)",
        "coords3D_original": "3D_Original: (-793548.981, 426441.300, 0.000)",
        "coords3D": "3D: (14.594, -7.008, 26.732)",
        "coordsMtEden": "MtEden: (397937.506, 808219.151, -0.152)",
        "easting": 397937.5064812508,
        "northing": 808219.1508572923,
        "longitude": 174.74105200078702,
        "latitude": -36.80564928129444,
        "group": "R0 - Red (229 points)",
        "canvasX": 683.0333003696384,
        "canvasY": 551.4869331333023,
        "variant": "northing_easting_direct"
      }
    },
    {
      "type": "Feature",
      "geometry": {
        "type": "Point",
        "coordinates": [
          13.859920286107808,
          -9.554280966287479,
          25.72389518012
        ]
      },
      "properties": {
        "id": "0_151",
        "camera": "R0 - Red (Point)",
        "frame": "0339",
        "image": "pano_camera0/frame_0339_hp_preview.jpg",
        "frameId": "0339",
        "height": 0.40738,
        "coords2D": "2D: (397936.772, 808216.605)",
        "coords3D_original": "3D_Original: (-793548.981, 426441.300, 0.000)",
        "coords3D": "3D: (13.860, -9.554, 25.724)",
        "coordsMtEden": "MtEden: (397936.772, 808216.605, 0.407)",
        "easting": 397936.7724202861,
        "northing": 808216.6047190337,
        "longitude": 174.74104376716008,
        "latitude": -36.8056722255439,
        "group": "R0 - Red (229 points)",
        "canvasX": 671.007836918097,
        "canvasY": 593.1980362235578,
        "variant": "northing_easting_direct"
      }
    },
    {
      "type": "Feature",
      "geometry": {
        "type": "Point",
        "coordinates": [
          13.516920884139836,
          -11.300283031887375,
          25.25151327524
        ]
      },
      "properties": {
        "id": "0_152",
        "camera": "R0 - Red (Point)",
        "frame": "0340",
        "image": "pano_camera0/frame_0340_hp_preview.jpg",
        "frameId": "0340",
        "height": 0.790931,
        "coords2D": "2D: (397936.429, 808214.859)",
        "coords3D_original": "3D_Original: (-793548.981, 426441.300, 0.000)",
        "coords3D": "3D: (13.517, -11.300, 25.252)",
        "coordsMtEden": "MtEden: (397936.429, 808214.859, 0.791)",
        "easting": 397936.4294208841,
        "northing": 808214.8587169681,
        "longitude": 174.741039918383,
        "latitude": -36.80568795980176,
        "group": "R0 - Red (229 points)",
        "canvasX": 665.3887848626645,
        "canvasY": 621.8012245618447,
        "variant": "northing_easting_direct"
      }
    },
    {
      "type": "Feature",
      "geometry": {
        "type": "Point",
        "coordinates": [
          13.36810025916202,
          -11.74277083342895,
          25.10586038344
        ]
      },
      "properties": {
        "id": "0_153",
        "camera": "R0 - Red (Point)",
        "frame": "0341",
        "image": "pano_camera0/frame_0341_hp_preview.jpg",
        "frameId": "0341",
        "height": 0.888134,
        "coords2D": "2D: (397936.281, 808214.416)",
        "coords3D_original": "3D_Original: (-793548.981, 426441.300, 0.000)",
        "coords3D": "3D: (13.368, -11.743, 25.106)",
        "coordsMtEden": "MtEden: (397936.281, 808214.416, 0.888)",
        "easting": 397936.28060025914,
        "northing": 808214.4162291666,
        "longitude": 174.7410382493285,
        "latitude": -36.80569194718628,
        "group": "R0 - Red (229 points)",
        "canvasX": 662.9507898290046,
        "canvasY": 629.0501059779967,
        "variant": "northing_easting_direct"
      }
    },
    {
      "type": "Feature",
      "geometry": {
        "type": "Point",
        "coordinates": [
          13.023106992186513,
          -13.005661236587912,
          24.57260905404
        ]
      },
      "properties": {
        "id": "0_154",
        "camera": "R0 - Red (Point)",
        "frame": "0342",
        "image": "pano_camera0/frame_0342_hp_preview.jpg",
        "frameId": "0342",
        "height": 1.165558,
        "coords2D": "2D: (397935.936, 808213.153)",
        "coords3D_original": "3D_Original: (-793548.981, 426441.300, 0.000)",
        "coords3D": "3D: (13.023, -13.006, 24.573)",
        "coordsMtEden": "MtEden: (397935.936, 808213.153, 1.166)",
        "easting": 397935.93560699216,
        "northing": 808213.1533387634,
        "longitude": 174.74103437951337,
        "latitude": -36.805703327627675,
        "group": "R0 - Red (229 points)",
        "canvasX": 657.2990740691567,
        "canvasY": 649.7389085663381,
        "variant": "northing_easting_direct"
      }
    },
    {
      "type": "Feature",
      "geometry": {
        "type": "Point",
        "coordinates": [
          12.625658688484691,
          -14.407689728657715,
          23.679452857479998
        ]
      },
      "properties": {
        "id": "0_155",
        "camera": "R0 - Red (Point)",
        "frame": "0343",
        "image": "pano_camera0/frame_0343_hp_preview.jpg",
        "frameId": "0343",
        "height": 1.473547,
        "coords2D": "2D: (397935.538, 808211.751)",
        "coords3D_original": "3D_Original: (-793548.981, 426441.300, 0.000)",
        "coords3D": "3D: (12.626, -14.408, 23.679)",
        "coordsMtEden": "MtEden: (397935.538, 808211.751, 1.474)",
        "easting": 397935.53815868846,
        "northing": 808211.7513102713,
        "longitude": 174.7410299214481,
        "latitude": -36.80571596186979,
        "group": "R0 - Red (229 points)",
        "canvasX": 650.7880344143846,
        "canvasY": 672.7070858703228,
        "variant": "northing_easting_direct"
      }
    },
    {
      "type": "Feature",
      "geometry": {
        "type": "Point",
        "coordinates": [
          12.292451075452846,
          -15.968348843394779,
          23.68890167668
        ]
      },
      "properties": {
        "id": "0_156",
        "camera": "R0 - Red (Point)",
        "frame": "0344",
        "image": "pano_camera0/frame_0344_hp_preview.jpg",
        "frameId": "0344",
        "height": 1.816383,
        "coords2D": "2D: (397935.205, 808210.191)",
        "coords3D_original": "3D_Original: (-793548.981, 426441.300, 0.000)",
        "coords3D": "3D: (12.292, -15.968, 23.689)",
        "coordsMtEden": "MtEden: (397935.205, 808210.191, 1.816)",
        "easting": 397935.20495107543,
        "northing": 808210.1906511566,
        "longitude": 174.74102618290672,
        "latitude": -36.80573002583409,
        "group": "R0 - Red (229 points)",
        "canvasX": 645.3293924689912,
        "canvasY": 698.273966616677,
        "variant": "northing_easting_direct"
      }
    },
    {
      "type": "Feature",
      "geometry": {
        "type": "Point",
        "coordinates": [
          12.433883474732284,
          -15.75385813601315,
          24.5394364808
        ]
      },
      "properties": {
        "id": "0_157",
        "camera": "R0 - Red (Point)",
        "frame": "0345",
        "image": "pano_camera0/frame_0345_hp_preview.jpg",
        "frameId": "0345",
        "height": 1.769265,
        "coords2D": "2D: (397935.346, 808210.405)",
        "coords3D_original": "3D_Original: (-793548.981, 426441.300, 0.000)",
        "coords3D": "3D: (12.434, -15.754, 24.539)",
        "coordsMtEden": "MtEden: (397935.346, 808210.405, 1.769)",
        "easting": 397935.3463834747,
        "northing": 808210.405141864,
        "longitude": 174.7410277685434,
        "latitude": -36.80572809314799,
        "group": "R0 - Red (229 points)",
        "canvasX": 647.6463528171124,
        "canvasY": 694.7601574280075,
        "variant": "northing_easting_direct"
      }
    },
    {
      "type": "Feature",
      "geometry": {
        "type": "Point",
        "coordinates": [
          12.648947759706061,
          -15.054803613456897,
          25.25137547996
        ]
      },
      "properties": {
        "id": "0_158",
        "camera": "R0 - Red (Point)",
        "frame": "0346",
        "image": "pano_camera0/frame_0346_hp_preview.jpg",
        "frameId": "0346",
        "height": 1.615701,
        "coords2D": "2D: (397935.561, 808211.104)",
        "coords3D_original": "3D_Original: (-793548.981, 426441.300, 0.000)",
        "coords3D": "3D: (12.649, -15.055, 25.251)",
        "coordsMtEden": "MtEden: (397935.561, 808211.104, 1.616)",
        "easting": 397935.5614477597,
        "northing": 808211.1041963865,
        "longitude": 174.74103018069783,
        "latitude": -36.805721793723706,
        "group": "R0 - Red (229 points)",
        "canvasX": 651.1695584139014,
        "canvasY": 683.3081731704232,
        "variant": "northing_easting_direct"
      }
    },
    {
      "type": "Feature",
      "geometry": {
        "type": "Point",
        "coordinates": [
          12.88732387701748,
          -14.20320021151565,
          25.66088992876
        ]
      },
      "properties": {
        "id": "0_159",
        "camera": "R0 - Red (Point)",
        "frame": "0347",
        "image": "pano_camera0/frame_0347_hp_preview.jpg",
        "frameId": "0347",
        "height": 1.428626,
        "coords2D": "2D: (397935.800, 808211.956)",
        "coords3D_original": "3D_Original: (-793548.981, 426441.300, 0.000)",
        "coords3D": "3D: (12.887, -14.203, 25.661)",
        "coordsMtEden": "MtEden: (397935.800, 808211.956, 1.429)",
        "easting": 397935.799823877,
        "northing": 808211.9557997885,
        "longitude": 174.74103285452475,
        "latitude": -36.80571411957666,
        "group": "R0 - Red (229 points)",
        "canvasX": 655.0746608835453,
        "canvasY": 669.3571172264026,
        "variant": "northing_easting_direct"
      }
    },
    {
      "type": "Feature",
      "geometry": {
        "type": "Point",
        "coordinates": [
          13.162654779385775,
          -13.266957696643658,
          26.15468259548
        ]
      },
      "properties": {
        "id": "0_160",
        "camera": "R0 - Red (Point)",
        "frame": "0348",
        "image": "pano_camera0/frame_0348_hp_preview.jpg",
        "frameId": "0348",
        "height": 1.222958,
        "coords2D": "2D: (397936.075, 808212.892)",
        "coords3D_original": "3D_Original: (-793548.981, 426441.300, 0.000)",
        "coords3D": "3D: (13.163, -13.267, 26.155)",
        "coordsMtEden": "MtEden: (397936.075, 808212.892, 1.223)",
        "easting": 397936.07515477936,
        "northing": 808212.8920423033,
        "longitude": 174.7410359427385,
        "latitude": -36.80570568274073,
        "group": "R0 - Red (229 points)",
        "canvasX": 659.5851605048854,
        "canvasY": 654.019494487422,
        "variant": "northing_easting_direct"
      }
    },
    {
      "type": "Feature",
      "geometry": {
        "type": "Point",
        "coordinates": [
          13.760513826215174,
          -11.038708887412213,
          27.33029286932
        ]
      },
      "properties": {
        "id": "0_161",
        "camera": "R0 - Red (Point)",
        "frame": "0349",
        "image": "pano_camera0/frame_0349_hp_preview.jpg",
        "frameId": "0349",
        "height": 0.73347,
        "coords2D": "2D: (397936.673, 808215.120)",
        "coords3D_original": "3D_Original: (-793548.981, 426441.300, 0.000)",
        "coords3D": "3D: (13.761, -11.039, 27.330)",
        "coordsMtEden": "MtEden: (397936.673, 808215.120, 0.733)",
        "easting": 397936.6730138262,
        "northing": 808215.1202911126,
        "longitude": 174.74104264907464,
        "latitude": -36.8056856030212,
        "group": "R0 - Red (229 points)",
        "canvasX": 669.3793499013948,
        "canvasY": 617.5160895860363,
        "variant": "northing_easting_direct"
      }
    },
    {
      "type": "Feature",
      "geometry": {
        "type": "Point",
        "coordinates": [
          13.963851635926403,
          -10.22602227004245,
          28.053196435759997
        ]
      },
      "properties": {
        "id": "0_162",
        "camera": "R0 - Red (Point)",
        "frame": "0350",
        "image": "pano_camera0/frame_0350_hp_preview.jpg",
        "frameId": "0350",
        "height": 0.554944,
        "coords2D": "2D: (397936.876, 808215.933)",
        "coords3D_original": "3D_Original: (-793548.981, 426441.300, 0.000)",
        "coords3D": "3D: (13.964, -10.226, 28.053)",
        "coordsMtEden": "MtEden: (397936.876, 808215.933, 0.555)",
        "easting": 397936.8763516359,
        "northing": 808215.93297773,
        "longitude": 174.74104493011407,
        "latitude": -36.80567827951633,
        "group": "R0 - Red (229 points)",
        "canvasX": 672.7104511544084,
        "canvasY": 604.2025724754538,
        "variant": "northing_easting_direct"
      }
    },
    {
      "type": "Feature",
      "geometry": {
        "type": "Point",
        "coordinates": [
          14.132251286588144,
          -9.662614296656102,
          28.61278962952
        ]
      },
      "properties": {
        "id": "0_163",
        "camera": "R0 - Red (Point)",
        "frame": "0351",
        "image": "pano_camera0/frame_0351_hp_preview.jpg",
        "frameId": "0351",
        "height": 0.431178,
        "coords2D": "2D: (397937.045, 808216.496)",
        "coords3D_original": "3D_Original: (-793548.981, 426441.300, 0.000)",
        "coords3D": "3D: (14.132, -9.663, 28.613)",
        "coordsMtEden": "MtEden: (397937.045, 808216.496, 0.431)",
        "easting": 397937.04475128656,
        "northing": 808216.4963857033,
        "longitude": 174.74104681892052,
        "latitude": -36.80567320243937,
        "group": "R0 - Red (229 points)",
        "canvasX": 675.469191833479,
        "canvasY": 594.9727641634526,
        "variant": "northing_easting_direct"
      }
    },
    {
      "type": "Feature",
      "geometry": {
        "type": "Point",
        "coordinates": [
          14.44559763732832,
          -9.031961178407073,
          30.12448587212
        ]
      },
      "properties": {
        "id": "0_164",
        "camera": "R0 - Red (Point)",
        "frame": "0352",
        "image": "pano_camera0/frame_0352_hp_preview.jpg",
        "frameId": "0352",
        "height": 0.29264,
        "coords2D": "2D: (397937.358, 808217.127)",
        "coords3D_original": "3D_Original: (-793548.981, 426441.300, 0.000)",
        "coords3D": "3D: (14.446, -9.032, 30.124)",
        "coordsMtEden": "MtEden: (397937.358, 808217.127, 0.293)",
        "easting": 397937.3580976373,
        "northing": 808217.1270388216,
        "longitude": 174.74105033234804,
        "latitude": -36.80566751966355,
        "group": "R0 - Red (229 points)",
        "canvasX": 680.6024645040695,
        "canvasY": 584.6413388614468,
        "variant": "northing_easting_direct"
      }
    },
    {
      "type": "Feature",
      "geometry": {
        "type": "Point",
        "coordinates": [
          14.580925532209221,
          -9.037077854736708,
          30.85470243092
        ]
      },
      "properties": {
        "id": "0_165",
        "camera": "R0 - Red (Point)",
        "frame": "0353",
        "image": "pano_camera0/frame_0353_hp_preview.jpg",
        "frameId": "0353",
        "height": 0.293764,
        "coords2D": "2D: (397937.493, 808217.122)",
        "coords3D_original": "3D_Original: (-793548.981, 426441.300, 0.000)",
        "coords3D": "3D: (14.581, -9.037, 30.855)",
        "coordsMtEden": "MtEden: (397937.493, 808217.122, 0.294)",
        "easting": 397937.4934255322,
        "northing": 808217.1219221452,
        "longitude": 174.74105184897388,
        "latitude": -36.80566756606992,
        "group": "R0 - Red (229 points)",
        "canvasX": 682.8194202229195,
        "canvasY": 584.7251607878458,
        "variant": "northing_easting_direct"
      }
    },
    {
      "type": "Feature",
      "geometry": {
        "type": "Point",
        "coordinates": [
          14.858992308669258,
          -8.496116794878617,
          32.089420318200006
        ]
      },
      "properties": {
        "id": "0_166",
        "camera": "R0 - Red (Point)",
        "frame": "0354",
        "image": "pano_camera0/frame_0354_hp_preview.jpg",
        "frameId": "0354",
        "height": 0.174929,
        "coords2D": "2D: (397937.771, 808217.663)",
        "coords3D_original": "3D_Original: (-793548.981, 426441.300, 0.000)",
        "coords3D": "3D: (14.859, -8.496, 32.089)",
        "coordsMtEden": "MtEden: (397937.771, 808217.663, 0.175)",
        "easting": 397937.77149230865,
        "northing": 808217.6628832051,
        "longitude": 174.74105496677444,
        "latitude": -36.805662691523736,
        "group": "R0 - Red (229 points)",
        "canvasX": 687.374739219496,
        "canvasY": 575.8630801618525,
        "variant": "northing_easting_direct"
      }
    },
    {
      "type": "Feature",
      "geometry": {
        "type": "Point",
        "coordinates": [
          15.125537458981853,
          -7.797444657422602,
          32.529243166920004
        ]
      },
      "properties": {
        "id": "0_167",
        "camera": "R0 - Red (Point)",
        "frame": "0355",
        "image": "pano_camera0/frame_0355_hp_preview.jpg",
        "frameId": "0355",
        "height": 0.021449,
        "coords2D": "2D: (397938.038, 808218.362)",
        "coords3D_original": "3D_Original: (-793548.981, 426441.300, 0.000)",
        "coords3D": "3D: (15.126, -7.797, 32.529)",
        "coordsMtEden": "MtEden: (397938.038, 808218.362, 0.021)",
        "easting": 397938.03803745896,
        "northing": 808218.3615553426,
        "longitude": 174.74105795587715,
        "latitude": -36.80565639565699,
        "group": "R0 - Red (229 points)",
        "canvasX": 691.7413097323396,
        "canvasY": 564.417360176348,
        "variant": "northing_easting_direct"
      }
    },
    {
      "type": "Feature",
      "geometry": {
        "type": "Point",
        "coordinates": [
          15.599421805527527,
          -5.921035628532991,
          32.432314029960004
        ]
      },
      "properties": {
        "id": "0_168",
        "camera": "R0 - Red (Point)",
        "frame": "0356",
        "image": "pano_camera0/frame_0356_hp_preview.jpg",
        "frameId": "0356",
        "height": -0.390749,
        "coords2D": "2D: (397938.512, 808220.238)",
        "coords3D_original": "3D_Original: (-793548.981, 426441.300, 0.000)",
        "coords3D": "3D: (15.599, -5.921, 32.432)",
        "coordsMtEden": "MtEden: (397938.512, 808220.238, -0.391)",
        "easting": 397938.5119218055,
        "northing": 808220.2379643715,
        "longitude": 174.74106327184845,
        "latitude": -36.805639486453266,
        "group": "R0 - Red (229 points)",
        "canvasX": 699.5045326310302,
        "canvasY": 533.6778313349026,
        "variant": "northing_easting_direct"
      }
    },
    {
      "type": "Feature",
      "geometry": {
        "type": "Point",
        "coordinates": [
          15.836810094770044,
          -4.585469302372076,
          32.3102536586
        ]
      },
      "properties": {
        "id": "0_169",
        "camera": "R0 - Red (Point)",
        "frame": "0357",
        "image": "pano_camera0/frame_0357_hp_preview.jpg",
        "frameId": "0357",
        "height": -0.684138,
        "coords2D": "2D: (397938.749, 808221.574)",
        "coords3D_original": "3D_Original: (-793548.981, 426441.300, 0.000)",
        "coords3D": "3D: (15.837, -4.585, 32.310)",
        "coordsMtEden": "MtEden: (397938.749, 808221.574, -0.684)",
        "easting": 397938.74931009475,
        "northing": 808221.5735306976,
        "longitude": 174.7410659359086,
        "latitude": -36.80562745081969,
        "group": "R0 - Red (229 points)",
        "canvasX": 703.3934523978018,
        "canvasY": 511.79844417809255,
        "variant": "northing_easting_direct"
      }
    },
    {
      "type": "Feature",
      "geometry": {
        "type": "Point",
        "coordinates": [
          15.836045324627776,
          -4.176007734495215,
          32.204239875679995
        ]
      },
      "properties": {
        "id": "0_170",
        "camera": "R0 - Red (Point)",
        "frame": "0358",
        "image": "pano_camera0/frame_0358_hp_preview.jpg",
        "frameId": "0358",
        "height": -0.774086,
        "coords2D": "2D: (397938.749, 808221.983)",
        "coords3D_original": "3D_Original: (-793548.981, 426441.300, 0.000)",
        "coords3D": "3D: (15.836, -4.176, 32.204)",
        "coordsMtEden": "MtEden: (397938.749, 808221.983, -0.774)",
        "easting": 397938.7485453246,
        "northing": 808221.9829922655,
        "longitude": 174.74106592844612,
        "latitude": -36.80562376074222,
        "group": "R0 - Red (229 points)",
        "canvasX": 703.3809238536425,
        "canvasY": 505.0906019754853,
        "variant": "northing_easting_direct"
      }
    },
    {
      "type": "Feature",
      "geometry": {
        "type": "Point",
        "coordinates": [
          15.815032354963478,
          -4.046524868463166,
          32.11274052892
        ]
      },
      "properties": {
        "id": "0_171",
        "camera": "R0 - Red (Point)",
        "frame": "0359",
        "image": "pano_camera0/frame_0359_hp_preview.jpg",
        "frameId": "0359",
        "height": -0.80253,
        "coords2D": "2D: (397938.728, 808222.112)",
        "coords3D_original": "3D_Original: (-793548.981, 426441.300, 0.000)",
        "coords3D": "3D: (15.815, -4.047, 32.113)",
        "coordsMtEden": "MtEden: (397938.728, 808222.112, -0.803)",
        "easting": 397938.72753235494,
        "northing": 808222.1124751315,
        "longitude": 174.74106569330135,
        "latitude": -36.80562259379429,
        "group": "R0 - Red (229 points)",
        "canvasX": 703.036687187933,
        "canvasY": 502.96940012985266,
        "variant": "northing_easting_direct"
      }
    },
    {
      "type": "Feature",
      "geometry": {
        "type": "Point",
        "coordinates": [
          15.896885519556236,
          -4.064223834313452,
          32.2661755732
        ]
      },
      "properties": {
        "id": "0_172",
        "camera": "R0 - Red (Point)",
        "frame": "0360",
        "image": "pano_camera0/frame_0360_hp_preview.jpg",
        "frameId": "0360",
        "height": -0.798642,
        "coords2D": "2D: (397938.809, 808222.095)",
        "coords3D_original": "3D_Original: (-793548.981, 426441.300, 0.000)",
        "coords3D": "3D: (15.897, -4.064, 32.266)",
        "coordsMtEden": "MtEden: (397938.809, 808222.095, -0.799)",
        "easting": 397938.80938551953,
        "northing": 808222.0947761657,
        "longitude": 174.7410666105934,
        "latitude": -36.80562275347592,
        "group": "R0 - Red (229 points)",
        "canvasX": 704.3776142863129,
        "canvasY": 503.2593464375386,
        "variant": "northing_easting_direct"
      }
    },
    {
      "type": "Feature",
      "geometry": {
        "type": "Point",
        "coordinates": [
          15.89683544530999,
          -4.044740404817276,
          32.2684065444
        ]
      },
      "properties": {
        "id": "0_173",
        "camera": "R0 - Red (Point)",
        "frame": "0361",
        "image": "pano_camera0/frame_0361_hp_preview.jpg",
        "frameId": "0361",
        "height": -0.802922,
        "coords2D": "2D: (397938.809, 808222.114)",
        "coords3D_original": "3D_Original: (-793548.981, 426441.300, 0.000)",
        "coords3D": "3D: (15.897, -4.045, 32.268)",
        "coordsMtEden": "MtEden: (397938.809, 808222.114, -0.803)",
        "easting": 397938.8093354453,
        "northing": 808222.1142595952,
        "longitude": 174.74106661008494,
        "latitude": -36.80562257789075,
        "group": "R0 - Red (229 points)",
        "canvasX": 704.3767939649691,
        "canvasY": 502.9401668601477,
        "variant": "northing_easting_direct"
      }
    },
    {
      "type": "Feature",
      "geometry": {
        "type": "Point",
        "coordinates": [
          16.24204266583547,
          -2.948292204993777,
          32.72542099472
        ]
      },
      "properties": {
        "id": "0_174",
        "camera": "R0 - Red (Point)",
        "frame": "0362",
        "image": "pano_camera0/frame_0362_hp_preview.jpg",
        "frameId": "0362",
        "height": -1.043783,
        "coords2D": "2D: (397939.155, 808223.211)",
        "coords3D_original": "3D_Original: (-793548.981, 426441.300, 0.000)",
        "coords3D": "3D: (16.242, -2.948, 32.725)",
        "coordsMtEden": "MtEden: (397939.155, 808223.211, -1.044)",
        "easting": 397939.1545426658,
        "northing": 808223.210707795,
        "longitude": 174.74107048183862,
        "latitude": -36.80561269742906,
        "group": "R0 - Red (229 points)",
        "canvasX": 710.032014734195,
        "canvasY": 484.9780378438028,
        "variant": "northing_easting_direct"
      }
    },
    {
      "type": "Feature",
      "geometry": {
        "type": "Point",
        "coordinates": [
          16.350385100522544,
          -2.777425260283053,
          33.178482032839995
        ]
      },
      "properties": {
        "id": "0_175",
        "camera": "R0 - Red (Point)",
        "frame": "0363",
        "image": "pano_camera0/frame_0363_hp_preview.jpg",
        "frameId": "0363",
        "height": -1.081318,
        "coords2D": "2D: (397939.263, 808223.382)",
        "coords3D_original": "3D_Original: (-793548.981, 426441.300, 0.000)",
        "coords3D": "3D: (16.350, -2.777, 33.178)",
        "coordsMtEden": "MtEden: (397939.263, 808223.382, -1.081)",
        "easting": 397939.2628851005,
        "northing": 808223.3815747397,
        "longitude": 174.74107169650986,
        "latitude": -36.805611157808535,
        "group": "R0 - Red (229 points)",
        "canvasX": 711.8068918234248,
        "canvasY": 482.1788776948849,
        "variant": "northing_easting_direct"
      }
    },
    {
      "type": "Feature",
      "geometry": {
        "type": "Point",
        "coordinates": [
          16.54696744075045,
          -2.887265369761735,
          34.026096889360005
        ]
      },
      "properties": {
        "id": "0_176",
        "camera": "R0 - Red (Point)",
        "frame": "0364",
        "image": "pano_camera0/frame_0364_hp_preview.jpg",
        "frameId": "0364",
        "height": -1.057189,
        "coords2D": "2D: (397939.459, 808223.272)",
        "coords3D_original": "3D_Original: (-793548.981, 426441.300, 0.000)",
        "coords3D": "3D: (16.547, -2.887, 34.026)",
        "coordsMtEden": "MtEden: (397939.459, 808223.272, -1.057)",
        "easting": 397939.4594674407,
        "northing": 808223.2717346302,
        "longitude": 174.74107389933835,
        "latitude": -36.80561214811761,
        "group": "R0 - Red (229 points)",
        "canvasX": 715.0273242696982,
        "canvasY": 483.9782898497601,
        "variant": "northing_easting_direct"
      }
    },
    {
      "type": "Feature",
      "geometry": {
        "type": "Point",
        "coordinates": [
          16.51249815861229,
          -3.1762756425887346,
          34.2678160572
        ]
      },
      "properties": {
        "id": "0_177",
        "camera": "R0 - Red (Point)",
        "frame": "0365",
        "image": "pano_camera0/frame_0365_hp_preview.jpg",
        "frameId": "0365",
        "height": -0.993701,
        "coords2D": "2D: (397939.425, 808222.983)",
        "coords3D_original": "3D_Original: (-793548.981, 426441.300, 0.000)",
        "coords3D": "3D: (16.512, -3.176, 34.268)",
        "coordsMtEden": "MtEden: (397939.425, 808222.983, -0.994)",
        "easting": 397939.4249981586,
        "northing": 808222.9827243574,
        "longitude": 174.74107351225413,
        "latitude": -36.80561475260893,
        "group": "R0 - Red (229 points)",
        "canvasX": 714.4626448865197,
        "canvasY": 488.71288634728234,
        "variant": "northing_easting_direct"
      }
    },
    {
      "type": "Feature",
      "geometry": {
        "type": "Point",
        "coordinates": [
          16.0543098084745,
          -4.941014576121233,
          34.26463036156
        ]
      },
      "properties": {
        "id": "0_178",
        "camera": "R0 - Red (Point)",
        "frame": "0366",
        "image": "pano_camera0/frame_0366_hp_preview.jpg",
        "frameId": "0366",
        "height": -0.606034,
        "coords2D": "2D: (397938.967, 808221.218)",
        "coords3D_original": "3D_Original: (-793548.981, 426441.300, 0.000)",
        "coords3D": "3D: (16.054, -4.941, 34.265)",
        "coordsMtEden": "MtEden: (397938.967, 808221.218, -0.606)",
        "easting": 397938.96680980845,
        "northing": 808221.2179854239,
        "longitude": 174.74106837249636,
        "latitude": -36.805630655474225,
        "group": "R0 - Red (229 points)",
        "canvasX": 706.9565554417646,
        "canvasY": 517.6230240174714,
        "variant": "northing_easting_direct"
      }
    },
    {
      "type": "Feature",
      "geometry": {
        "type": "Point",
        "coordinates": [
          15.970749567670282,
          -5.187511823838577,
          34.16708770752
        ]
      },
      "properties": {
        "id": "0_179",
        "camera": "R0 - Red (Point)",
        "frame": "0367",
        "image": "pano_camera0/frame_0367_hp_preview.jpg",
        "frameId": "0367",
        "height": -0.551885,
        "coords2D": "2D: (397938.883, 808220.971)",
        "coords3D_original": "3D_Original: (-793548.981, 426441.300, 0.000)",
        "coords3D": "3D: (15.971, -5.188, 34.167)",
        "coordsMtEden": "MtEden: (397938.883, 808220.971, -0.552)",
        "easting": 397938.88324956765,
        "northing": 808220.9714881761,
        "longitude": 174.7410674353576,
        "latitude": -36.805632876730456,
        "group": "R0 - Red (229 points)",
        "canvasX": 705.5876628430291,
        "canvasY": 521.6611676941399,
        "variant": "northing_easting_direct"
      }
    },
    {
      "type": "Feature",
      "geometry": {
        "type": "Point",
        "coordinates": [
          15.559986069740262,
          -6.421509393723682,
          33.599646744480005
        ]
      },
      "properties": {
        "id": "0_180",
        "camera": "R0 - Red (Point)",
        "frame": "0368",
        "image": "pano_camera0/frame_0368_hp_preview.jpg",
        "frameId": "0368",
        "height": -0.280808,
        "coords2D": "2D: (397938.472, 808219.737)",
        "coords3D_original": "3D_Original: (-793548.981, 426441.300, 0.000)",
        "coords3D": "3D: (15.560, -6.422, 33.600)",
        "coordsMtEden": "MtEden: (397938.472, 808219.737, -0.281)",
        "easting": 397938.4724860697,
        "northing": 808219.7374906063,
        "longitude": 174.74106282853148,
        "latitude": -36.80564399664695,
        "group": "R0 - Red (229 points)",
        "canvasX": 698.858492285484,
        "canvasY": 541.8766448671307,
        "variant": "northing_easting_direct"
      }
    },
    {
      "type": "Feature",
      "geometry": {
        "type": "Point",
        "coordinates": [
          14.818946577666793,
          -8.96867189812474,
          32.390503005
        ]
      },
      "properties": {
        "id": "0_181",
        "camera": "R0 - Red (Point)",
        "frame": "0369",
        "image": "pano_camera0/frame_0369_hp_preview.jpg",
        "frameId": "0369",
        "height": 0.278737,
        "coords2D": "2D: (397937.731, 808217.190)",
        "coords3D_original": "3D_Original: (-793548.981, 426441.300, 0.000)",
        "coords3D": "3D: (14.819, -8.969, 32.391)",
        "coordsMtEden": "MtEden: (397937.731, 808217.190, 0.279)",
        "easting": 397937.73144657764,
        "northing": 808217.1903281019,
        "longitude": 174.74105451669618,
        "latitude": -36.8056669501125,
        "group": "R0 - Red (229 points)",
        "canvasX": 686.7187058684893,
        "canvasY": 583.6045272575996,
        "variant": "northing_easting_direct"
      }
    },
    {
      "type": "Feature",
      "geometry": {
        "type": "Point",
        "coordinates": [
          14.475068600440864,
          -9.837742103496566,
          32.35458764952
        ]
      },
      "properties": {
        "id": "0_182",
        "camera": "R0 - Red (Point)",
        "frame": "0370",
        "image": "pano_camera0/frame_0370_hp_preview.jpg",
        "frameId": "0370",
        "height": 0.469649,
        "coords2D": "2D: (397937.388, 808216.321)",
        "coords3D_original": "3D_Original: (-793548.981, 426441.300, 0.000)",
        "coords3D": "3D: (14.475, -9.838, 32.355)",
        "coordsMtEden": "MtEden: (397937.388, 808216.321, 0.470)",
        "easting": 397937.3875686004,
        "northing": 808216.3212578965,
        "longitude": 174.7410506604507,
        "latitude": -36.80567478144146,
        "group": "R0 - Red (229 points)",
        "canvasX": 681.0852609022071,
        "canvasY": 597.8417262012578,
        "variant": "northing_easting_direct"
      }
    },
    {
      "type": "Feature",
      "geometry": {
        "type": "Point",
        "coordinates": [
          14.485229117854033,
          -10.568994358880445,
          32.744328475639996
        ]
      },
      "properties": {
        "id": "0_183",
        "camera": "R0 - Red (Point)",
        "frame": "0371",
        "image": "pano_camera0/frame_0371_hp_preview.jpg",
        "frameId": "0371",
        "height": 0.630286,
        "coords2D": "2D: (397937.398, 808215.590)",
        "coords3D_original": "3D_Original: (-793548.981, 426441.300, 0.000)",
        "coords3D": "3D: (14.485, -10.569, 32.744)",
        "coordsMtEden": "MtEden: (397937.398, 808215.590, 0.630)",
        "easting": 397937.39772911783,
        "northing": 808215.5900056411,
        "longitude": 174.74105077234032,
        "latitude": -36.805681371523455,
        "group": "R0 - Red (229 points)",
        "canvasX": 681.2517115603231,
        "canvasY": 609.8211770828807,
        "variant": "northing_easting_direct"
      }
    },
    {
      "type": "Feature",
      "geometry": {
        "type": "Point",
        "coordinates": [
          14.594987287709955,
          -10.494074199581519,
          33.832363287359996
        ]
      },
      "properties": {
        "id": "0_184",
        "camera": "R0 - Red (Point)",
        "frame": "0372",
        "image": "pano_camera0/frame_0372_hp_preview.jpg",
        "frameId": "0372",
        "height": 0.613828,
        "coords2D": "2D: (397937.507, 808215.665)",
        "coords3D_original": "3D_Original: (-793548.981, 426441.300, 0.000)",
        "coords3D": "3D: (14.595, -10.494, 33.832)",
        "coordsMtEden": "MtEden: (397937.507, 808215.665, 0.614)",
        "easting": 397937.5074872877,
        "northing": 808215.6649258004,
        "longitude": 174.74105200261948,
        "latitude": -36.80568069658056,
        "group": "R0 - Red (229 points)",
        "canvasX": 683.0497813711812,
        "canvasY": 608.593827203278,
        "variant": "northing_easting_direct"
      }
    },
    {
      "type": "Feature",
      "geometry": {
        "type": "Point",
        "coordinates": [
          14.963210447283927,
          -9.543296500225551,
          34.7471139728
        ]
      },
      "properties": {
        "id": "0_185",
        "camera": "R0 - Red (Point)",
        "frame": "0373",
        "image": "pano_camera0/frame_0373_hp_preview.jpg",
        "frameId": "0373",
        "height": 0.404967,
        "coords2D": "2D: (397937.876, 808216.616)",
        "coords3D_original": "3D_Original: (-793548.981, 426441.300, 0.000)",
        "coords3D": "3D: (14.963, -9.543, 34.747)",
        "coordsMtEden": "MtEden: (397937.876, 808216.616, 0.405)",
        "easting": 397937.87571044726,
        "northing": 808216.6157034998,
        "longitude": 174.74105613192648,
        "latitude": -36.80567212895502,
        "group": "R0 - Red (229 points)",
        "canvasX": 689.0820516598669,
        "canvasY": 593.0180875506036,
        "variant": "northing_easting_direct"
      }
    },
    {
      "type": "Feature",
      "geometry": {
        "type": "Point",
        "coordinates": [
          15.45950984209776,
          -8.310509816394188,
          36.86703858132
        ]
      },
      "properties": {
        "id": "0_186",
        "camera": "R0 - Red (Point)",
        "frame": "0374",
        "image": "pano_camera0/frame_0374_hp_preview.jpg",
        "frameId": "0374",
        "height": 0.134156,
        "coords2D": "2D: (397938.372, 808217.848)",
        "coords3D_original": "3D_Original: (-793548.981, 426441.300, 0.000)",
        "coords3D": "3D: (15.460, -8.311, 36.867)",
        "coordsMtEden": "MtEden: (397938.372, 808217.848, 0.134)",
        "easting": 397938.3720098421,
        "northing": 808217.8484901836,
        "longitude": 174.7410616973653,
        "latitude": -36.8056610201376,
        "group": "R0 - Red (229 points)",
        "canvasX": 697.2124802218923,
        "canvasY": 572.8224472391983,
        "variant": "northing_easting_direct"
      }
    },
    {
      "type": "Feature",
      "geometry": {
        "type": "Point",
        "coordinates": [
          15.549133617489133,
          -8.383199396077543,
          37.49378072736
        ]
      },
      "properties": {
        "id": "0_187",
        "camera": "R0 - Red (Point)",
        "frame": "0375",
        "image": "pano_camera0/frame_0375_hp_preview.jpg",
        "frameId": "0375",
        "height": 0.150124,
        "coords2D": "2D: (397938.462, 808217.776)",
        "coords3D_original": "3D_Original: (-793548.981, 426441.300, 0.000)",
        "coords3D": "3D: (15.549, -8.383, 37.494)",
        "coordsMtEden": "MtEden: (397938.462, 808217.776, 0.150)",
        "easting": 397938.46163361747,
        "northing": 808217.7758006039,
        "longitude": 174.74106270159533,
        "latitude": -36.80566167541268,
        "group": "R0 - Red (229 points)",
        "canvasX": 698.6807062778905,
        "canvasY": 574.0132555316698,
        "variant": "northing_easting_direct"
      }
    },
    {
      "type": "Feature",
      "geometry": {
        "type": "Point",
        "coordinates": [
          15.560382111463696,
          -8.850619614240713,
          38.18671710124
        ]
      },
      "properties": {
        "id": "0_188",
        "camera": "R0 - Red (Point)",
        "frame": "0376",
        "image": "pano_camera0/frame_0376_hp_preview.jpg",
        "frameId": "0376",
        "height": 0.252804,
        "coords2D": "2D: (397938.473, 808217.308)",
        "coords3D_original": "3D_Original: (-793548.981, 426441.300, 0.000)",
        "coords3D": "3D: (15.560, -8.851, 38.187)",
        "coordsMtEden": "MtEden: (397938.473, 808217.308, 0.253)",
        "easting": 397938.47288211144,
        "northing": 808217.3083803857,
        "longitude": 174.74106282639335,
        "latitude": -36.805665887837456,
        "group": "R0 - Red (229 points)",
        "canvasX": 698.8649802815664,
        "canvasY": 581.6705824023475,
        "variant": "northing_easting_direct"
      }
    },
    {
      "type": "Feature",
      "geometry": {
        "type": "Point",
        "coordinates": [
          15.517650580615737,
          -9.367089821142145,
          38.72094612096
        ]
      },
      "properties": {
        "id": "0_189",
        "camera": "R0 - Red (Point)",
        "frame": "0377",
        "image": "pano_camera0/frame_0377_hp_preview.jpg",
        "frameId": "0377",
        "height": 0.366259,
        "coords2D": "2D: (397938.430, 808216.792)",
        "coords3D_original": "3D_Original: (-793548.981, 426441.300, 0.000)",
        "coords3D": "3D: (15.518, -9.367, 38.721)",
        "coordsMtEden": "MtEden: (397938.430, 808216.792, 0.366)",
        "easting": 397938.4301505806,
        "northing": 808216.7919101788,
        "longitude": 174.74106234609644,
        "latitude": -36.80567054218421,
        "group": "R0 - Red (229 points)",
        "canvasX": 698.1649478766673,
        "canvasY": 590.1314513165736,
        "variant": "northing_easting_direct"
      }
    },
    {
      "type": "Feature",
      "geometry": {
        "type": "Point",
        "coordinates": [
          15.317972742195707,
          -11.396020416053943,
          40.20263580092
        ]
      },
      "properties": {
        "id": "0_190",
        "camera": "R0 - Red (Point)",
        "frame": "0378",
        "image": "pano_camera0/frame_0378_hp_preview.jpg",
        "frameId": "0378",
        "height": 0.811962,
        "coords2D": "2D: (397938.230, 808214.763)",
        "coords3D_original": "3D_Original: (-793548.981, 426441.300, 0.000)",
        "coords3D": "3D: (15.318, -11.396, 40.203)",
        "coordsMtEden": "MtEden: (397938.230, 808214.763, 0.812)",
        "easting": 397938.2304727422,
        "northing": 808214.7629795839,
        "longitude": 174.74106010278345,
        "latitude": -36.805688826512274,
        "group": "R0 - Red (229 points)",
        "canvasX": 694.8938046564159,
        "canvasY": 623.3696043964495,
        "variant": "northing_easting_direct"
      }
    },
    {
      "type": "Feature",
      "geometry": {
        "type": "Point",
        "coordinates": [
          15.135206338425633,
          -12.104520760127343,
          40.5268877798
        ]
      },
      "properties": {
        "id": "0_191",
        "camera": "R0 - Red (Point)",
        "frame": "0379",
        "image": "pano_camera0/frame_0379_hp_preview.jpg",
        "frameId": "0379",
        "height": 0.967601,
        "coords2D": "2D: (397938.048, 808214.054)",
        "coords3D_original": "3D_Original: (-793548.981, 426441.300, 0.000)",
        "coords3D": "3D: (15.135, -12.105, 40.527)",
        "coordsMtEden": "MtEden: (397938.048, 808214.054, 0.968)",
        "easting": 397938.0477063384,
        "northing": 808214.0544792399,
        "longitude": 174.74105805257418,
        "latitude": -36.80569521113347,
        "group": "R0 - Red (229 points)",
        "canvasX": 691.8997063263532,
        "canvasY": 634.9763310893343,
        "variant": "northing_easting_direct"
      }
    },
    {
      "type": "Feature",
      "geometry": {
        "type": "Point",
        "coordinates": [
          14.9010683222441,
          -13.166604378493503,
          40.82150393096
        ]
      },
      "properties": {
        "id": "0_192",
        "camera": "R0 - Red (Point)",
        "frame": "0380",
        "image": "pano_camera0/frame_0380_hp_preview.jpg",
        "frameId": "0380",
        "height": 1.200913,
        "coords2D": "2D: (397937.814, 808212.992)",
        "coords3D_original": "3D_Original: (-793548.981, 426441.300, 0.000)",
        "coords3D": "3D: (14.901, -13.167, 40.822)",
        "coordsMtEden": "MtEden: (397937.814, 808212.992, 1.201)",
        "easting": 397937.8135683222,
        "northing": 808212.9923956215,
        "longitude": 174.74105542567744,
        "latitude": -36.80570478214222,
        "group": "R0 - Red (229 points)",
        "canvasX": 688.0640328722586,
        "canvasY": 652.3754959398558,
        "variant": "northing_easting_direct"
      }
    },
    {
      "type": "Feature",
      "geometry": {
        "type": "Point",
        "coordinates": [
          14.362779405666515,
          -13.169281073962338,
          41.04282939736
        ]
      },
      "properties": {
        "id": "0_193",
        "camera": "R0 - Red (Point)",
        "frame": "0381",
        "image": "pano_camera0/frame_0381_hp_preview.jpg",
        "frameId": "0381",
        "height": 1.201501,
        "coords2D": "2D: (397937.275, 808212.990)",
        "coords3D_original": "3D_Original: (-793548.981, 426441.300, 0.000)",
        "coords3D": "3D: (14.363, -13.169, 41.043)",
        "coordsMtEden": "MtEden: (397937.275, 808212.990, 1.202)",
        "easting": 397937.27527940564,
        "northing": 808212.989718926,
        "longitude": 174.74104939298383,
        "latitude": -36.805704805092184,
        "group": "R0 - Red (229 points)",
        "canvasX": 679.2457275761552,
        "canvasY": 652.4193458444133,
        "variant": "northing_easting_direct"
      }
    },
    {
      "type": "Feature",
      "geometry": {
        "type": "Point",
        "coordinates": [
          13.630703201517463,
          -13.71295069460757,
          41.09708464844
        ]
      },
      "properties": {
        "id": "0_194",
        "camera": "R0 - Red (Point)",
        "frame": "0382",
        "image": "pano_camera0/frame_0382_hp_preview.jpg",
        "frameId": "0382",
        "height": 1.320931,
        "coords2D": "2D: (397936.543, 808212.446)",
        "coords3D_original": "3D_Original: (-793548.981, 426441.300, 0.000)",
        "coords3D": "3D: (13.631, -13.713, 41.097)",
        "coordsMtEden": "MtEden: (397936.543, 808212.446, 1.321)",
        "easting": 397936.5432032015,
        "northing": 808212.4460493054,
        "longitude": 174.74104118702033,
        "latitude": -36.80570970305855,
        "group": "R0 - Red (229 points)",
        "canvasX": 667.252778679694,
        "canvasY": 661.3257983976373,
        "variant": "northing_easting_direct"
      }
    },
    {
      "type": "Feature",
      "geometry": {
        "type": "Point",
        "coordinates": [
          14.237666654633358,
          -15.065920093446039,
          40.7968845076
        ]
      },
      "properties": {
        "id": "0_195",
        "camera": "R0 - Red (Point)",
        "frame": "0383",
        "image": "pano_camera0/frame_0383_hp_preview.jpg",
        "frameId": "0383",
        "height": 1.618143,
        "coords2D": "2D: (397937.150, 808211.093)",
        "coords3D_original": "3D_Original: (-793548.981, 426441.300, 0.000)",
        "coords3D": "3D: (14.238, -15.066, 40.797)",
        "coordsMtEden": "MtEden: (397937.150, 808211.093, 1.618)",
        "easting": 397937.1501666546,
        "northing": 808211.0930799065,
        "longitude": 174.74104798568771,
        "latitude": -36.80572189736805,
        "group": "R0 - Red (229 points)",
        "canvasX": 677.1961174114327,
        "canvasY": 683.4902845087383,
        "variant": "northing_easting_direct"
      }
    },
    {
      "type": "Feature",
      "geometry": {
        "type": "Point",
        "coordinates": [
          14.294018377258908,
          -15.05449406360276,
          40.6990334546
        ]
      },
      "properties": {
        "id": "0_196",
        "camera": "R0 - Red (Point)",
        "frame": "0384",
        "image": "pano_camera0/frame_0384_hp_preview.jpg",
        "frameId": "0384",
        "height": 1.615633,
        "coords2D": "2D: (397937.207, 808211.105)",
        "coords3D_original": "3D_Original: (-793548.981, 426441.300, 0.000)",
        "coords3D": "3D: (14.294, -15.054, 40.699)",
        "coordsMtEden": "MtEden: (397937.207, 808211.105, 1.616)",
        "easting": 397937.20651837724,
        "northing": 808211.1045059364,
        "longitude": 174.7410486172612,
        "latitude": -36.80572179451921,
        "group": "R0 - Red (229 points)",
        "canvasX": 678.1192772218351,
        "canvasY": 683.3031020930255,
        "variant": "northing_easting_direct"
      }
    },
    {
      "type": "Feature",
      "geometry": {
        "type": "Point",
        "coordinates": [
          14.098432969476562,
          -15.838756724493578,
          40.09902687372
        ]
      },
      "properties": {
        "id": "0_197",
        "camera": "R0 - Red (Point)",
        "frame": "0385",
        "image": "pano_camera0/frame_0385_hp_preview.jpg",
        "frameId": "0385",
        "height": 1.787915,
        "coords2D": "2D: (397937.011, 808210.320)",
        "coords3D_original": "3D_Original: (-793548.981, 426441.300, 0.000)",
        "coords3D": "3D: (14.098, -15.839, 40.099)",
        "coordsMtEden": "MtEden: (397937.011, 808210.320, 1.788)",
        "easting": 397937.01093296945,
        "northing": 808210.3202432755,
        "longitude": 174.74104642318025,
        "latitude": -36.80572886188373,
        "group": "R0 - Red (229 points)",
        "canvasX": 674.9151766277694,
        "canvasY": 696.1509749790216,
        "variant": "northing_easting_direct"
      }
    },
    {
      "type": "Feature",
      "geometry": {
        "type": "Point",
        "coordinates": [
          13.599192851397675,
          -17.601351570454426,
          38.89837066732
        ]
      },
      "properties": {
        "id": "0_198",
        "camera": "R0 - Red (Point)",
        "frame": "0386",
        "image": "pano_camera0/frame_0386_hp_preview.jpg",
        "frameId": "0386",
        "height": 2.175111,
        "coords2D": "2D: (397936.512, 808208.558)",
        "coords3D_original": "3D_Original: (-793548.981, 426441.300, 0.000)",
        "coords3D": "3D: (13.599, -17.601, 38.898)",
        "coordsMtEden": "MtEden: (397936.512, 808208.558, 2.175)",
        "easting": 397936.5116928514,
        "northing": 808208.5576484295,
        "longitude": 174.7410408233413,
        "latitude": -36.80574474533554,
        "group": "R0 - Red (229 points)",
        "canvasX": 666.736572830465,
        "canvasY": 725.0259879807641,
        "variant": "northing_easting_direct"
      }
    },
    {
      "type": "Feature",
      "geometry": {
        "type": "Point",
        "coordinates": [
          13.333253144170158,
          -18.486409113160335,
          38.408019601759996
        ]
      },
      "properties": {
        "id": "0_199",
        "camera": "R0 - Red (Point)",
        "frame": "0387",
        "image": "pano_camera0/frame_0387_hp_preview.jpg",
        "frameId": "0387",
        "height": 2.369535,
        "coords2D": "2D: (397936.246, 808207.673)",
        "coords3D_original": "3D_Original: (-793548.981, 426441.300, 0.000)",
        "coords3D": "3D: (13.333, -18.486, 38.408)",
        "coordsMtEden": "MtEden: (397936.246, 808207.673, 2.370)",
        "easting": 397936.24575314415,
        "northing": 808207.6725908868,
        "longitude": 174.7410378405139,
        "latitude": -36.80575272091201,
        "group": "R0 - Red (229 points)",
        "canvasX": 662.3799207484141,
        "canvasY": 739.5250931570852,
        "variant": "northing_easting_direct"
      }
    },
    {
      "type": "Feature",
      "geometry": {
        "type": "Point",
        "coordinates": [
          12.55303283961257,
          -21.042516696848907,
          36.690782014
        ]
      },
      "properties": {
        "id": "0_200",
        "camera": "R0 - Red (Point)",
        "frame": "0388",
        "image": "pano_camera0/frame_0388_hp_preview.jpg",
        "frameId": "0388",
        "height": 2.931045,
        "coords2D": "2D: (397935.466, 808205.116)",
        "coords3D_original": "3D_Original: (-793548.981, 426441.300, 0.000)",
        "coords3D": "3D: (12.553, -21.043, 36.691)",
        "coordsMtEden": "MtEden: (397935.466, 808205.116, 2.931)",
        "easting": 397935.4655328396,
        "northing": 808205.1164833031,
        "longitude": 174.74102908952935,
        "latitude": -36.8057757549032,
        "group": "R0 - Red (229 points)",
        "canvasX": 649.5982701672597,
        "canvasY": 781.399514769417,
        "variant": "northing_easting_direct"
      }
    },
    {
      "type": "Feature",
      "geometry": {
        "type": "Point",
        "coordinates": [
          12.032675051188562,
          -22.546250511310063,
          35.4976717396
        ]
      },
      "properties": {
        "id": "0_201",
        "camera": "R0 - Red (Point)",
        "frame": "0389",
        "image": "pano_camera0/frame_0389_hp_preview.jpg",
        "frameId": "0389",
        "height": 3.261376,
        "coords2D": "2D: (397934.945, 808203.613)",
        "coords3D_original": "3D_Original: (-793548.981, 426441.300, 0.000)",
        "coords3D": "3D: (12.033, -22.546, 35.498)",
        "coordsMtEden": "MtEden: (397934.945, 808203.613, 3.261)",
        "easting": 397934.94517505117,
        "northing": 808203.6127494887,
        "longitude": 174.74102325371626,
        "latitude": -36.80578930544728,
        "group": "R0 - Red (229 points)",
        "canvasX": 641.0737144868906,
        "canvasY": 806.0338392972493,
        "variant": "northing_easting_direct"
      }
    },
    {
      "type": "Feature",
      "geometry": {
        "type": "Point",
        "coordinates": [
          11.80184193450259,
          -23.077383364667185,
          34.9716546624
        ]
      },
      "properties": {
        "id": "0_202",
        "camera": "R0 - Red (Point)",
        "frame": "0390",
        "image": "pano_camera0/frame_0390_hp_preview.jpg",
        "frameId": "0390",
        "height": 3.378052,
        "coords2D": "2D: (397934.714, 808203.082)",
        "coords3D_original": "3D_Original: (-793548.981, 426441.300, 0.000)",
        "coords3D": "3D: (11.802, -23.077, 34.972)",
        "coordsMtEden": "MtEden: (397934.714, 808203.082, 3.378)",
        "easting": 397934.7143419345,
        "northing": 808203.0816166353,
        "longitude": 174.74102066529068,
        "latitude": -36.805794091523566,
        "group": "R0 - Red (229 points)",
        "canvasX": 637.2921822414842,
        "canvasY": 814.7349132158624,
        "variant": "northing_easting_direct"
      }
    },
    {
      "type": "Feature",
      "geometry": {
        "type": "Point",
        "coordinates": [
          11.535879466217011,
          -23.67542449955363,
          33.55100829148
        ]
      },
      "properties": {
        "id": "0_203",
        "camera": "R0 - Red (Point)",
        "frame": "0391",
        "image": "pano_camera0/frame_0391_hp_preview.jpg",
        "frameId": "0391",
        "height": 3.509426,
        "coords2D": "2D: (397934.448, 808202.484)",
        "coords3D_original": "3D_Original: (-793548.981, 426441.300, 0.000)",
        "coords3D": "3D: (11.536, -23.675, 33.551)",
        "coordsMtEden": "MtEden: (397934.448, 808202.484, 3.509)",
        "easting": 397934.4483794662,
        "northing": 808202.4835755004,
        "longitude": 174.74101768298274,
        "latitude": -36.805799480501925,
        "group": "R0 - Red (229 points)",
        "canvasX": 632.9351572860952,
        "canvasY": 824.5320855990764,
        "variant": "northing_easting_direct"
      }
    },
    {
      "type": "Feature",
      "geometry": {
        "type": "Point",
        "coordinates": [
          11.552895601547789,
          -23.42653279309161,
          33.294325212400004
        ]
      },
      "properties": {
        "id": "0_204",
        "camera": "R0 - Red (Point)",
        "frame": "0392",
        "image": "pano_camera0/frame_0392_hp_preview.jpg",
        "frameId": "0392",
        "height": 3.454751,
        "coords2D": "2D: (397934.465, 808202.732)",
        "coords3D_original": "3D_Original: (-793548.981, 426441.300, 0.000)",
        "coords3D": "3D: (11.553, -23.427, 33.294)",
        "coordsMtEden": "MtEden: (397934.465, 808202.732, 3.455)",
        "easting": 397934.4653956015,
        "northing": 808202.7324672069,
        "longitude": 174.74101787436058,
        "latitude": -36.805797237522086,
        "group": "R0 - Red (229 points)",
        "canvasX": 633.213917393639,
        "canvasY": 820.4547156472424,
        "variant": "northing_easting_direct"
      }
    },
    {
      "type": "Feature",
      "geometry": {
        "type": "Point",
        "coordinates": [
          11.765060133184306,
          -22.62056522758212,
          33.497970232040004
        ]
      },
      "properties": {
        "id": "0_205",
        "camera": "R0 - Red (Point)",
        "frame": "0393",
        "image": "pano_camera0/frame_0393_hp_preview.jpg",
        "frameId": "0393",
        "height": 3.277701,
        "coords2D": "2D: (397934.678, 808203.538)",
        "coords3D_original": "3D_Original: (-793548.981, 426441.300, 0.000)",
        "coords3D": "3D: (11.765, -22.621, 33.498)",
        "coordsMtEden": "MtEden: (397934.678, 808203.538, 3.278)",
        "easting": 397934.67756013316,
        "northing": 808203.5384347724,
        "longitude": 174.74102025431,
        "latitude": -36.80578997458928,
        "group": "R0 - Red (229 points)",
        "canvasX": 636.6896189271574,
        "canvasY": 807.2512707460594,
        "variant": "northing_easting_direct"
      }
    },
    {
      "type": "Feature",
      "geometry": {
        "type": "Point",
        "coordinates": [
          11.91568343056133,
          -22.086409711511806,
          34.11218613096
        ]
      },
      "properties": {
        "id": "0_206",
        "camera": "R0 - Red (Point)",
        "frame": "0394",
        "image": "pano_camera0/frame_0394_hp_preview.jpg",
        "frameId": "0394",
        "height": 3.160361,
        "coords2D": "2D: (397934.828, 808204.073)",
        "coords3D_original": "3D_Original: (-793548.981, 426441.300, 0.000)",
        "coords3D": "3D: (11.916, -22.086, 34.112)",
        "coordsMtEden": "MtEden: (397934.828, 808204.073, 3.160)",
        "easting": 397934.82818343054,
        "northing": 808204.0725902885,
        "longitude": 174.741021943819,
        "latitude": -36.80578516109779,
        "group": "R0 - Red (229 points)",
        "canvasX": 639.1571455291927,
        "canvasY": 798.5006792481502,
        "variant": "northing_easting_direct"
      }
    },
    {
      "type": "Feature",
      "geometry": {
        "type": "Point",
        "coordinates": [
          12.19579414621694,
          -21.24872694676742,
          35.16060151884
        ]
      },
      "properties": {
        "id": "0_207",
        "camera": "R0 - Red (Point)",
        "frame": "0395",
        "image": "pano_camera0/frame_0395_hp_preview.jpg",
        "frameId": "0395",
        "height": 2.976344,
        "coords2D": "2D: (397935.108, 808204.910)",
        "coords3D_original": "3D_Original: (-793548.981, 426441.300, 0.000)",
        "coords3D": "3D: (12.196, -21.249, 35.161)",
        "coordsMtEden": "MtEden: (397935.108, 808204.910, 2.976)",
        "easting": 397935.1082941462,
        "northing": 808204.9102730532,
        "longitude": 174.74102508533767,
        "latitude": -36.80577761249508,
        "group": "R0 - Red (229 points)",
        "canvasX": 643.7459485515283,
        "canvasY": 784.7776726376953,
        "variant": "northing_easting_direct"
      }
    },
    {
      "type": "Feature",
      "geometry": {
        "type": "Point",
        "coordinates": [
          12.59362028283067,
          -19.946054840344004,
          35.968744589319996
        ]
      },
      "properties": {
        "id": "0_208",
        "camera": "R0 - Red (Point)",
        "frame": "0396",
        "image": "pano_camera0/frame_0396_hp_preview.jpg",
        "frameId": "0396",
        "height": 2.690181,
        "coords2D": "2D: (397935.506, 808206.213)",
        "coords3D_original": "3D_Original: (-793548.981, 426441.300, 0.000)",
        "coords3D": "3D: (12.594, -19.946, 35.969)",
        "coordsMtEden": "MtEden: (397935.506, 808206.213, 2.690)",
        "easting": 397935.5061202828,
        "northing": 808206.2129451596,
        "longitude": 174.74102954737234,
        "latitude": -36.805765873655815,
        "group": "R0 - Red (229 points)",
        "canvasX": 650.2631779037123,
        "canvasY": 763.4371620290691,
        "variant": "northing_easting_direct"
      }
    },
    {
      "type": "Feature",
      "geometry": {
        "type": "Point",
        "coordinates": [
          13.0994019167847,
          -17.9883662245702,
          35.48369208036
        ]
      },
      "properties": {
        "id": "0_209",
        "camera": "R0 - Red (Point)",
        "frame": "0397",
        "image": "pano_camera0/frame_0397_hp_preview.jpg",
        "frameId": "0397",
        "height": 2.260128,
        "coords2D": "2D: (397936.012, 808208.171)",
        "coords3D_original": "3D_Original: (-793548.981, 426441.300, 0.000)",
        "coords3D": "3D: (13.099, -17.988, 35.484)",
        "coordsMtEden": "MtEden: (397936.012, 808208.171, 2.260)",
        "easting": 397936.01190191676,
        "northing": 808208.1706337754,
        "longitude": 174.74103522105577,
        "latitude": -36.80574823202995,
        "group": "R0 - Red (229 points)",
        "canvasX": 658.5489454983791,
        "canvasY": 731.3661024973633,
        "variant": "northing_easting_direct"
      }
    },
    {
      "type": "Feature",
      "geometry": {
        "type": "Point",
        "coordinates": [
          13.171813812106848,
          -17.455503534176387,
          35.079640230159995
        ]
      },
      "properties": {
        "id": "0_210",
        "camera": "R0 - Red (Point)",
        "frame": "0398",
        "image": "pano_camera0/frame_0398_hp_preview.jpg",
        "frameId": "0398",
        "height": 2.143072,
        "coords2D": "2D: (397936.084, 808208.703)",
        "coords3D_original": "3D_Original: (-793548.981, 426441.300, 0.000)",
        "coords3D": "3D: (13.172, -17.456, 35.080)",
        "coordsMtEden": "MtEden: (397936.084, 808208.703, 2.143)",
        "easting": 397936.0843138121,
        "northing": 808208.7034964658,
        "longitude": 174.7410360340318,
        "latitude": -36.80574343001869,
        "group": "R0 - Red (229 points)",
        "canvasX": 659.7352047361262,
        "canvasY": 722.6366902050567,
        "variant": "northing_easting_direct"
      }
    },
    {
      "type": "Feature",
      "geometry": {
        "type": "Point",
        "coordinates": [
          13.120546900376212,
          -17.092893240973353,
          33.53137902576
        ]
      },
      "properties": {
        "id": "0_211",
        "camera": "R0 - Red (Point)",
        "frame": "0399",
        "image": "pano_camera0/frame_0399_hp_preview.jpg",
        "frameId": "0399",
        "height": 2.063416,
        "coords2D": "2D: (397936.033, 808209.066)",
        "coords3D_original": "3D_Original: (-793548.981, 426441.300, 0.000)",
        "coords3D": "3D: (13.121, -17.093, 33.531)",
        "coordsMtEden": "MtEden: (397936.033, 808209.066, 2.063)",
        "easting": 397936.03304690035,
        "northing": 808209.066106759,
        "longitude": 174.74103546045828,
        "latitude": -36.80574016205582,
        "group": "R0 - Red (229 points)",
        "canvasX": 658.8953448294494,
        "canvasY": 716.6963704815399,
        "variant": "northing_easting_direct"
      }
    },
    {
      "type": "Feature",
      "geometry": {
        "type": "Point",
        "coordinates": [
          12.595932802010793,
          -18.408284202916548,
          32.17548987476
        ]
      },
      "properties": {
        "id": "0_212",
        "camera": "R0 - Red (Point)",
        "frame": "0400",
        "image": "pano_camera0/frame_0400_hp_preview.jpg",
        "frameId": "0400",
        "height": 2.352373,
        "coords2D": "2D: (397935.508, 808207.751)",
        "coords3D_original": "3D_Original: (-793548.981, 426441.300, 0.000)",
        "coords3D": "3D: (12.596, -18.408, 32.175)",
        "coordsMtEden": "MtEden: (397935.508, 808207.751, 2.352)",
        "easting": 397935.508432802,
        "northing": 808207.7507157971,
        "longitude": 174.74102957745856,
        "latitude": -36.80575201524152,
        "group": "R0 - Red (229 points)",
        "canvasX": 650.3010618348605,
        "canvasY": 738.2452427114815,
        "variant": "northing_easting_direct"
      }
    },
    {
      "type": "Feature",
      "geometry": {
        "type": "Point",
        "coordinates": [
          12.206309735483956,
          -19.557342214509845,
          31.16643144352
        ]
      },
      "properties": {
        "id": "0_213",
        "camera": "R0 - Red (Point)",
        "frame": "0401",
        "image": "pano_camera0/frame_0401_hp_preview.jpg",
        "frameId": "0401",
        "height": 2.604791,
        "coords2D": "2D: (397935.119, 808206.602)",
        "coords3D_original": "3D_Original: (-793548.981, 426441.300, 0.000)",
        "coords3D": "3D: (12.206, -19.557, 31.166)",
        "coordsMtEden": "MtEden: (397935.119, 808206.602, 2.605)",
        "easting": 397935.11880973546,
        "northing": 808206.6016577855,
        "longitude": 174.74102520777438,
        "latitude": -36.80576236972544,
        "group": "R0 - Red (229 points)",
        "canvasX": 643.9182160337182,
        "canvasY": 757.0692311614496,
        "variant": "northing_easting_direct"
      }
    },
    {
      "type": "Feature",
      "geometry": {
        "type": "Point",
        "coordinates": [
          12.178391073655803,
          -19.624773999559693,
          31.09327199236
        ]
      },
      "properties": {
        "id": "0_214",
        "camera": "R0 - Red (Point)",
        "frame": "0402",
        "image": "pano_camera0/frame_0402_hp_preview.jpg",
        "frameId": "0402",
        "height": 2.619604,
        "coords2D": "2D: (397935.091, 808206.534)",
        "coords3D_original": "3D_Original: (-793548.981, 426441.300, 0.000)",
        "coords3D": "3D: (12.178, -19.625, 31.093)",
        "coordsMtEden": "MtEden: (397935.091, 808206.534, 2.620)",
        "easting": 397935.09089107363,
        "northing": 808206.5342260004,
        "longitude": 174.74102489470258,
        "latitude": -36.80576297736113,
        "group": "R0 - Red (229 points)",
        "canvasX": 643.4608495972373,
        "canvasY": 758.1739057128261,
        "variant": "northing_easting_direct"
      }
    },
    {
      "type": "Feature",
      "geometry": {
        "type": "Point",
        "coordinates": [
          11.79628824669635,
          -20.731218837434426,
          30.152750308719998
        ]
      },
      "properties": {
        "id": "0_215",
        "camera": "R0 - Red (Point)",
        "frame": "0403",
        "image": "pano_camera0/frame_0403_hp_preview.jpg",
        "frameId": "0403",
        "height": 2.862661,
        "coords2D": "2D: (397934.709, 808205.428)",
        "coords3D_original": "3D_Original: (-793548.981, 426441.300, 0.000)",
        "coords3D": "3D: (11.796, -20.731, 30.153)",
        "coordsMtEden": "MtEden: (397934.709, 808205.428, 2.863)",
        "easting": 397934.7087882467,
        "northing": 808205.4277811626,
        "longitude": 174.74102060941328,
        "latitude": -36.805772947830505,
        "group": "R0 - Red (229 points)",
        "canvasX": 637.2012011469943,
        "canvasY": 776.2998006992531,
        "variant": "northing_easting_direct"
      }
    },
    {
      "type": "Feature",
      "geometry": {
        "type": "Point",
        "coordinates": [
          11.698488714522682,
          -20.392020525061525,
          28.46300616016
        ]
      },
      "properties": {
        "id": "0_216",
        "camera": "R0 - Red (Point)",
        "frame": "0404",
        "image": "pano_camera0/frame_0404_hp_preview.jpg",
        "frameId": "0404",
        "height": 2.788148,
        "coords2D": "2D: (397934.611, 808205.767)",
        "coords3D_original": "3D_Original: (-793548.981, 426441.300, 0.000)",
        "coords3D": "3D: (11.698, -20.392, 28.463)",
        "coordsMtEden": "MtEden: (397934.611, 808205.767, 2.788)",
        "easting": 397934.6109887145,
        "northing": 808205.7669794749,
        "longitude": 174.74101951427807,
        "latitude": -36.805769890755315,
        "group": "R0 - Red (229 points)",
        "canvasX": 635.5990389879601,
        "canvasY": 770.7430184912787,
        "variant": "northing_easting_direct"
      }
    },
    {
      "type": "Feature",
      "geometry": {
        "type": "Point",
        "coordinates": [
          11.752181950490922,
          -20.250428798724897,
          28.380073086639996
        ]
      },
      "properties": {
        "id": "0_217",
        "camera": "R0 - Red (Point)",
        "frame": "0405",
        "image": "pano_camera0/frame_0405_hp_preview.jpg",
        "frameId": "0405",
        "height": 2.757044,
        "coords2D": "2D: (397934.665, 808205.909)",
        "coords3D_original": "3D_Original: (-793548.981, 426441.300, 0.000)",
        "coords3D": "3D: (11.752, -20.250, 28.380)",
        "coordsMtEden": "MtEden: (397934.665, 808205.909, 2.757)",
        "easting": 397934.66468195047,
        "northing": 808205.9085712013,
        "longitude": 174.74102011641097,
        "latitude": -36.80576861484498,
        "group": "R0 - Red (229 points)",
        "canvasX": 636.4786471924755,
        "canvasY": 768.423448029791,
        "variant": "northing_easting_direct"
      }
    },
    {
      "type": "Feature",
      "geometry": {
        "type": "Point",
        "coordinates": [
          12.260904307710007,
          -18.160403085523285,
          28.052589480359998
        ]
      },
      "properties": {
        "id": "0_218",
        "camera": "R0 - Red (Point)",
        "frame": "0406",
        "image": "pano_camera0/frame_0406_hp_preview.jpg",
        "frameId": "0406",
        "height": 2.29792,
        "coords2D": "2D: (397935.173, 808207.999)",
        "coords3D_original": "3D_Original: (-793548.981, 426441.300, 0.000)",
        "coords3D": "3D: (12.261, -18.160, 28.053)",
        "coordsMtEden": "MtEden: (397935.173, 808207.999, 2.298)",
        "easting": 397935.1734043077,
        "northing": 808207.9985969145,
        "longitude": 174.74102582341277,
        "latitude": -36.805749780601474,
        "group": "R0 - Red (229 points)",
        "canvasX": 644.8125900224213,
        "canvasY": 734.1844283358582,
        "variant": "northing_easting_direct"
      }
    },
    {
      "type": "Feature",
      "geometry": {
        "type": "Point",
        "coordinates": [
          12.642201394657604,
          -16.72204801242333,
          29.05118531284
        ]
      },
      "properties": {
        "id": "0_219",
        "camera": "R0 - Red (Point)",
        "frame": "0407",
        "image": "pano_camera0/frame_0407_hp_preview.jpg",
        "frameId": "0407",
        "height": 1.981951,
        "coords2D": "2D: (397935.555, 808209.437)",
        "coords3D_original": "3D_Original: (-793548.981, 426441.300, 0.000)",
        "coords3D": "3D: (12.642, -16.722, 29.051)",
        "coordsMtEden": "MtEden: (397935.555, 808209.437, 1.982)",
        "easting": 397935.55470139463,
        "northing": 808209.4369519876,
        "longitude": 174.74103010056993,
        "latitude": -36.80573681894852,
        "group": "R0 - Red (229 points)",
        "canvasX": 651.0590387564964,
        "canvasY": 710.6211451843081,
        "variant": "northing_easting_direct"
      }
    },
    {
      "type": "Feature",
      "geometry": {
        "type": "Point",
        "coordinates": [
          12.885940007283352,
          -16.006027428782545,
          29.59215317792
        ]
      },
      "properties": {
        "id": "0_220",
        "camera": "R0 - Red (Point)",
        "frame": "0408",
        "image": "pano_camera0/frame_0408_hp_preview.jpg",
        "frameId": "0408",
        "height": 1.82466,
        "coords2D": "2D: (397935.798, 808210.153)",
        "coords3D_original": "3D_Original: (-793548.981, 426441.300, 0.000)",
        "coords3D": "3D: (12.886, -16.006, 29.592)",
        "coordsMtEden": "MtEden: (397935.798, 808210.153, 1.825)",
        "easting": 397935.79844000726,
        "northing": 808210.1529725712,
        "longitude": 174.74103283412813,
        "latitude": -36.80573036668822,
        "group": "R0 - Red (229 points)",
        "canvasX": 655.0519901845905,
        "canvasY": 698.8912211405238,
        "variant": "northing_easting_direct"
      }
    },
    {
      "type": "Feature",
      "geometry": {
        "type": "Point",
        "coordinates": [
          13.021040291991085,
          -15.487891115481034,
          30.007248335560003
        ]
      },
      "properties": {
        "id": "0_221",
        "camera": "R0 - Red (Point)",
        "frame": "0409",
        "image": "pano_camera0/frame_0409_hp_preview.jpg",
        "frameId": "0409",
        "height": 1.710839,
        "coords2D": "2D: (397935.934, 808210.671)",
        "coords3D_original": "3D_Original: (-793548.981, 426441.300, 0.000)",
        "coords3D": "3D: (13.021, -15.488, 30.007)",
        "coordsMtEden": "MtEden: (397935.934, 808210.671, 1.711)",
        "easting": 397935.93354029197,
        "northing": 808210.6711088845,
        "longitude": 174.7410343496228,
        "latitude": -36.805725697528004,
        "group": "R0 - Red (229 points)",
        "canvasX": 657.2652171700596,
        "canvasY": 690.4030578979508,
        "variant": "northing_easting_direct"
      }
    },
    {
      "type": "Feature",
      "geometry": {
        "type": "Point",
        "coordinates": [
          13.483070701593533,
          -14.053796904510818,
          30.494482603119998
        ]
      },
      "properties": {
        "id": "0_222",
        "camera": "R0 - Red (Point)",
        "frame": "0410",
        "image": "pano_camera0/frame_0410_hp_preview.jpg",
        "frameId": "0410",
        "height": 1.395806,
        "coords2D": "2D: (397936.396, 808212.105)",
        "coords3D_original": "3D_Original: (-793548.981, 426441.300, 0.000)",
        "coords3D": "3D: (13.483, -14.054, 30.494)",
        "coordsMtEden": "MtEden: (397936.396, 808212.105, 1.396)",
        "easting": 397936.39557070157,
        "northing": 808212.1052030955,
        "longitude": 174.74103953155642,
        "latitude": -36.805712774449624,
        "group": "R0 - Red (229 points)",
        "canvasX": 664.8342476342815,
        "canvasY": 666.9095766352881,
        "variant": "northing_easting_direct"
      }
    },
    {
      "type": "Feature",
      "geometry": {
        "type": "Point",
        "coordinates": [
          13.962868360045832,
          -11.496574031189084,
          29.653951080160002
        ]
      },
      "properties": {
        "id": "0_223",
        "camera": "R0 - Red (Point)",
        "frame": "0411",
        "image": "pano_camera0/frame_0411_hp_preview.jpg",
        "frameId": "0411",
        "height": 0.834051,
        "coords2D": "2D: (397936.875, 808214.662)",
        "coords3D_original": "3D_Original: (-793548.981, 426441.300, 0.000)",
        "coords3D": "3D: (13.963, -11.497, 29.654)",
        "coordsMtEden": "MtEden: (397936.875, 808214.662, 0.834)",
        "easting": 397936.87536836,
        "northing": 808214.6624259688,
        "longitude": 174.7410449156517,
        "latitude": -36.8056897297519,
        "group": "R0 - Red (229 points)",
        "canvasX": 672.6943430262036,
        "canvasY": 625.0168842293907,
        "variant": "northing_easting_direct"
      }
    },
    {
      "type": "Feature",
      "geometry": {
        "type": "Point",
        "coordinates": [
          13.977917943615466,
          -11.199069347348996,
          29.4774287648
        ]
      },
      "properties": {
        "id": "0_224",
        "camera": "R0 - Red (Point)",
        "frame": "0412",
        "image": "pano_camera0/frame_0412_hp_preview.jpg",
        "frameId": "0412",
        "height": 0.768697,
        "coords2D": "2D: (397936.890, 808214.960)",
        "coords3D_original": "3D_Original: (-793548.981, 426441.300, 0.000)",
        "coords3D": "3D: (13.978, -11.199, 29.477)",
        "coordsMtEden": "MtEden: (397936.890, 808214.960, 0.769)",
        "easting": 397936.8904179436,
        "northing": 808214.9599306526,
        "longitude": 174.7410450851208,
        "latitude": -36.805687048666556,
        "group": "R0 - Red (229 points)",
        "canvasX": 672.9408868773378,
        "canvasY": 620.1431314020995,
        "variant": "northing_easting_direct"
      }
    },
    {
      "type": "Feature",
      "geometry": {
        "type": "Point",
        "coordinates": [
          14.164981627138332,
          -10.323161732871085,
          29.11743203412
        ]
      },
      "properties": {
        "id": "0_225",
        "camera": "R0 - Red (Point)",
        "frame": "0413",
        "image": "pano_camera0/frame_0413_hp_preview.jpg",
        "frameId": "0413",
        "height": 0.576283,
        "coords2D": "2D: (397937.077, 808215.836)",
        "coords3D_original": "3D_Original: (-793548.981, 426441.300, 0.000)",
        "coords3D": "3D: (14.165, -10.323, 29.117)",
        "coordsMtEden": "MtEden: (397937.077, 808215.836, 0.576)",
        "easting": 397937.0774816271,
        "northing": 808215.8358382671,
        "longitude": 174.74104718394472,
        "latitude": -36.80567915537731,
        "group": "R0 - Red (229 points)",
        "canvasX": 676.0053836936288,
        "canvasY": 605.793921307684,
        "variant": "northing_easting_direct"
      }
    },
    {
      "type": "Feature",
      "geometry": {
        "type": "Point",
        "coordinates": [
          14.184847441676538,
          -10.314717396046035,
          29.18737626208
        ]
      },
      "properties": {
        "id": "0_226",
        "camera": "R0 - Red (Point)",
        "frame": "0414",
        "image": "pano_camera0/frame_0414_hp_preview.jpg",
        "frameId": "0414",
        "height": 0.574428,
        "coords2D": "2D: (397937.097, 808215.844)",
        "coords3D_original": "3D_Original: (-793548.981, 426441.300, 0.000)",
        "coords3D": "3D: (14.185, -10.315, 29.187)",
        "coordsMtEden": "MtEden: (397937.097, 808215.844, 0.574)",
        "easting": 397937.09734744165,
        "northing": 808215.8442826039,
        "longitude": 174.74104740660675,
        "latitude": -36.80567907932005,
        "group": "R0 - Red (229 points)",
        "canvasX": 676.3308275430993,
        "canvasY": 605.6555852992587,
        "variant": "northing_easting_direct"
      }
    },
    {
      "type": "Feature",
      "geometry": {
        "type": "Point",
        "coordinates": [
          14.185015873168595,
          -10.322342336294241,
          29.19146418872
        ]
      },
      "properties": {
        "id": "0_227",
        "camera": "R0 - Red (Point)",
        "frame": "0415",
        "image": "pano_camera0/frame_0415_hp_preview.jpg",
        "frameId": "0415",
        "height": 0.576103,
        "coords2D": "2D: (397937.098, 808215.837)",
        "coords3D_original": "3D_Original: (-793548.981, 426441.300, 0.000)",
        "coords3D": "3D: (14.185, -10.322, 29.191)",
        "coordsMtEden": "MtEden: (397937.098, 808215.837, 0.576)",
        "easting": 397937.09751587315,
        "northing": 808215.8366576637,
        "longitude": 174.74104740847375,
        "latitude": -36.805679148036525,
        "group": "R0 - Red (229 points)",
        "canvasX": 676.3335868058011,
        "canvasY": 605.7804978675133,
        "variant": "northing_easting_direct"
      }
    },
    {
      "type": "Feature",
      "geometry": {
        "type": "Point",
        "coordinates": [
          14.165732740657404,
          -10.309181916993111,
          29.181759464000002
        ]
      },
      "properties": {
        "id": "0_228",
        "camera": "R0 - Red (End)",
        "frame": "0416",
        "image": "pano_camera0/frame_0416_hp_preview.jpg",
        "frameId": "0416",
        "height": 0.573212,
        "coords2D": "2D: (397937.078, 808215.850)",
        "coords3D_original": "3D_Original: (-793548.981, 426441.300, 0.000)",
        "coords3D": "3D: (14.166, -10.309, 29.182)",
        "coordsMtEden": "MtEden: (397937.078, 808215.850, 0.573)",
        "easting": 397937.07823274063,
        "northing": 808215.849818083,
        "longitude": 174.74104719240043,
        "latitude": -36.80567902939256,
        "group": "R0 - Red (229 points)",
        "canvasX": 676.0176885137852,
        "canvasY": 605.5649025034393,
        "variant": "northing_easting_direct"
      }
    },
    {
      "type": "Feature",
      "geometry": {
        "type": "Point",
        "coordinates": [
          25.73538802016992,
          -27.265023019863293,
          -1.06912404996
        ]
      },
      "properties": {
        "id": "1_0",
        "camera": "R1 - Green (Start)",
        "frame": "0000",
        "image": "pano_camera0/frame_0000_hp_preview.jpg",
        "frameId": "0000",
        "height": 2.744597,
        "coords2D": "2D: (397948.648, 808198.894)",
        "coords3D_original": "3D_Original: (-793548.981, 426441.300, 0.000)",
        "coords3D": "3D: (25.735, -27.265, -1.069)",
        "coordsMtEden": "MtEden: (397948.648, 808198.894, 2.745)",
        "easting": 397948.64788802015,
        "northing": 808198.8939769801,
        "longitude": 174.74117680957593,
        "latitude": -36.80583186090262,
        "group": "R1 - Green (90 points)",
        "canvasX": 865.5529906223858,
        "canvasY": 883.3372637623486,
        "variant": "northing_easting_direct"
      }
    },
    {
      "type": "Feature",
      "geometry": {
        "type": "Point",
        "coordinates": [
          25.29638775723288,
          -22.383435794734396,
          -1.11286748968
        ]
      },
      "properties": {
        "id": "1_1",
        "camera": "R1 - Green (Point)",
        "frame": "0002",
        "image": "pano_camera0/frame_0002_hp_preview.jpg",
        "frameId": "0002",
        "height": 3.187987,
        "coords2D": "2D: (397948.209, 808203.776)",
        "coords3D_original": "3D_Original: (-793548.981, 426441.300, 0.000)",
        "coords3D": "3D: (25.296, -22.383, -1.113)",
        "coordsMtEden": "MtEden: (397948.209, 808203.776, 3.188)",
        "easting": 397948.2088877572,
        "northing": 808203.7755642053,
        "longitude": 174.74117190277883,
        "latitude": -36.805787866991366,
        "group": "R1 - Green (90 points)",
        "canvasX": 858.3612424281202,
        "canvasY": 803.3665915903662,
        "variant": "northing_easting_direct"
      }
    },
    {
      "type": "Feature",
      "geometry": {
        "type": "Point",
        "coordinates": [
          25.033265798992943,
          -19.89602101908531,
          -0.9411516049199999
        ]
      },
      "properties": {
        "id": "1_2",
        "camera": "R1 - Green (Point)",
        "frame": "0003",
        "image": "pano_camera0/frame_0003_hp_preview.jpg",
        "frameId": "0003",
        "height": 3.403878,
        "coords2D": "2D: (397947.946, 808206.263)",
        "coords3D_original": "3D_Original: (-793548.981, 426441.300, 0.000)",
        "coords3D": "3D: (25.033, -19.896, -0.941)",
        "coordsMtEden": "MtEden: (397947.946, 808206.263, 3.404)",
        "easting": 397947.94576579897,
        "northing": 808206.2629789809,
        "longitude": 174.74116896063117,
        "latitude": -36.80576544979015,
        "group": "R1 - Green (90 points)",
        "canvasX": 854.050751005417,
        "canvasY": 762.617502739571,
        "variant": "northing_easting_direct"
      }
    },
    {
      "type": "Feature",
      "geometry": {
        "type": "Point",
        "coordinates": [
          24.922192981117405,
          -18.529963375185616,
          -0.84905186444
        ]
      },
      "properties": {
        "id": "1_3",
        "camera": "R1 - Green (Point)",
        "frame": "0004",
        "image": "pano_camera0/frame_0004_hp_preview.jpg",
        "frameId": "0004",
        "height": 3.530954,
        "coords2D": "2D: (397947.835, 808207.629)",
        "coords3D_original": "3D_Original: (-793548.981, 426441.300, 0.000)",
        "coords3D": "3D: (24.922, -18.530, -0.849)",
        "coordsMtEden": "MtEden: (397947.835, 808207.629, 3.531)",
        "easting": 397947.8346929811,
        "northing": 808207.6290366248,
        "longitude": 174.7411677195018,
        "latitude": -36.80575313861098,
        "group": "R1 - Green (90 points)",
        "canvasX": 852.2311444927584,
        "canvasY": 740.2386036295673,
        "variant": "northing_easting_direct"
      }
    },
    {
      "type": "Feature",
      "geometry": {
        "type": "Point",
        "coordinates": [
          25.389365935814567,
          -18.10115553648211,
          -0.034940946
        ]
      },
      "properties": {
        "id": "1_4",
        "camera": "R1 - Green (Point)",
        "frame": "0005",
        "image": "pano_camera0/frame_0005_hp_preview.jpg",
        "frameId": "0005",
        "height": 3.698661,
        "coords2D": "2D: (397948.302, 808208.058)",
        "coords3D_original": "3D_Original: (-793548.981, 426441.300, 0.000)",
        "coords3D": "3D: (25.389, -18.101, -0.035)",
        "coordsMtEden": "MtEden: (397948.302, 808208.058, 3.699)",
        "easting": 397948.3018659358,
        "northing": 808208.0578444635,
        "longitude": 174.74117295633943,
        "latitude": -36.80574927519863,
        "group": "R1 - Green (90 points)",
        "canvasX": 859.8844206681973,
        "canvasY": 733.2138287953169,
        "variant": "northing_easting_direct"
      }
    },
    {
      "type": "Feature",
      "geometry": {
        "type": "Point",
        "coordinates": [
          25.05179594497895,
          -18.97468145075254,
          -0.23748360340000002
        ]
      },
      "properties": {
        "id": "1_5",
        "camera": "R1 - Green (Point)",
        "frame": "0006",
        "image": "pano_camera0/frame_0006_hp_preview.jpg",
        "frameId": "0006",
        "height": 3.513375,
        "coords2D": "2D: (397947.964, 808207.184)",
        "coords3D_original": "3D_Original: (-793548.981, 426441.300, 0.000)",
        "coords3D": "3D: (25.052, -18.975, -0.237)",
        "coordsMtEden": "MtEden: (397947.964, 808207.184, 3.513)",
        "easting": 397947.96429594496,
        "northing": 808207.1843185492,
        "longitude": 174.74116917078447,
        "latitude": -36.805757146699925,
        "group": "R1 - Green (90 points)",
        "canvasX": 854.3543137933816,
        "canvasY": 747.5240216284171,
        "variant": "northing_easting_direct"
      }
    },
    {
      "type": "Feature",
      "geometry": {
        "type": "Point",
        "coordinates": [
          24.69256324809976,
          -19.34263431013096,
          -0.5296850563200001
        ]
      },
      "properties": {
        "id": "1_6",
        "camera": "R1 - Green (Point)",
        "frame": "0007",
        "image": "pano_camera0/frame_0007_hp_preview.jpg",
        "frameId": "0007",
        "height": 3.38007,
        "coords2D": "2D: (397947.605, 808206.816)",
        "coords3D_original": "3D_Original: (-793548.981, 426441.300, 0.000)",
        "coords3D": "3D: (24.693, -19.343, -0.530)",
        "coordsMtEden": "MtEden: (397947.605, 808206.816, 3.380)",
        "easting": 397947.6050632481,
        "northing": 808206.8163656899,
        "longitude": 174.74116514381407,
        "latitude": -36.805760461919796,
        "group": "R1 - Green (90 points)",
        "canvasX": 848.4693262047854,
        "canvasY": 753.5518638300437,
        "variant": "northing_easting_direct"
      }
    },
    {
      "type": "Feature",
      "geometry": {
        "type": "Point",
        "coordinates": [
          24.72681872517569,
          -19.340667666052468,
          -0.53363190684
        ]
      },
      "properties": {
        "id": "1_7",
        "camera": "R1 - Green (Point)",
        "frame": "0008",
        "image": "pano_camera0/frame_0008_hp_preview.jpg",
        "frameId": "0008",
        "height": 3.389015,
        "coords2D": "2D: (397947.639, 808206.818)",
        "coords3D_original": "3D_Original: (-793548.981, 426441.300, 0.000)",
        "coords3D": "3D: (24.727, -19.341, -0.534)",
        "coordsMtEden": "MtEden: (397947.639, 808206.818, 3.389)",
        "easting": 397947.63931872515,
        "northing": 808206.8183323339,
        "longitude": 174.74116552772605,
        "latitude": -36.805760444270625,
        "group": "R1 - Green (90 points)",
        "canvasX": 849.0305030107072,
        "canvasY": 753.519646061163,
        "variant": "northing_easting_direct"
      }
    },
    {
      "type": "Feature",
      "geometry": {
        "type": "Point",
        "coordinates": [
          24.899853257462382,
          -19.24586947413627,
          -0.49361550136
        ]
      },
      "properties": {
        "id": "1_8",
        "camera": "R1 - Green (Point)",
        "frame": "0009",
        "image": "pano_camera0/frame_0009_hp_preview.jpg",
        "frameId": "0009",
        "height": 3.44385,
        "coords2D": "2D: (397947.812, 808206.913)",
        "coords3D_original": "3D_Original: (-793548.981, 426441.300, 0.000)",
        "coords3D": "3D: (24.900, -19.246, -0.494)",
        "coordsMtEden": "MtEden: (397947.812, 808206.913, 3.444)",
        "easting": 397947.81235325744,
        "northing": 808206.9131305258,
        "longitude": 174.74116746720745,
        "latitude": -36.80575959032246,
        "group": "R1 - Green (90 points)",
        "canvasX": 851.8651728045683,
        "canvasY": 751.9666521728764,
        "variant": "northing_easting_direct"
      }
    },
    {
      "type": "Feature",
      "geometry": {
        "type": "Point",
        "coordinates": [
          24.90555513871368,
          -19.227163656498305,
          -0.48249345376
        ]
      },
      "properties": {
        "id": "1_9",
        "camera": "R1 - Green (Point)",
        "frame": "0010",
        "image": "pano_camera0/frame_0010_hp_preview.jpg",
        "frameId": "0010",
        "height": 3.447429,
        "coords2D": "2D: (397947.818, 808206.932)",
        "coords3D_original": "3D_Original: (-793548.981, 426441.300, 0.000)",
        "coords3D": "3D: (24.906, -19.227, -0.482)",
        "coordsMtEden": "MtEden: (397947.818, 808206.932, 3.447)",
        "easting": 397947.8180551387,
        "northing": 808206.9318363435,
        "longitude": 174.7411675311598,
        "latitude": -36.80575942175763,
        "group": "R1 - Green (90 points)",
        "canvasX": 851.9585816192996,
        "canvasY": 751.6602115132453,
        "variant": "northing_easting_direct"
      }
    },
    {
      "type": "Feature",
      "geometry": {
        "type": "Point",
        "coordinates": [
          24.854144270415418,
          -19.176875162054785,
          -0.43783794051999997
        ]
      },
      "properties": {
        "id": "1_10",
        "camera": "R1 - Green (Point)",
        "frame": "0011",
        "image": "pano_camera0/frame_0011_hp_preview.jpg",
        "frameId": "0011",
        "height": 3.440059,
        "coords2D": "2D: (397947.767, 808206.982)",
        "coords3D_original": "3D_Original: (-793548.981, 426441.300, 0.000)",
        "coords3D": "3D: (24.854, -19.177, -0.438)",
        "coordsMtEden": "MtEden: (397947.767, 808206.982, 3.440)",
        "easting": 397947.7666442704,
        "northing": 808206.9821248379,
        "longitude": 174.74116695512544,
        "latitude": -36.805758968445296,
        "group": "R1 - Green (90 points)",
        "canvasX": 851.1163634015311,
        "canvasY": 750.8363801410298,
        "variant": "northing_easting_direct"
      }
    },
    {
      "type": "Feature",
      "geometry": {
        "type": "Point",
        "coordinates": [
          24.927746065717656,
          -19.346581135643646,
          -0.55161419088
        ]
      },
      "properties": {
        "id": "1_11",
        "camera": "R1 - Green (Point)",
        "frame": "0012",
        "image": "pano_camera0/frame_0012_hp_preview.jpg",
        "frameId": "0012",
        "height": 3.439498,
        "coords2D": "2D: (397947.840, 808206.812)",
        "coords3D_original": "3D_Original: (-793548.981, 426441.300, 0.000)",
        "coords3D": "3D: (24.928, -19.347, -0.552)",
        "coordsMtEden": "MtEden: (397947.840, 808206.812, 3.439)",
        "easting": 397947.8402460657,
        "northing": 808206.8124188643,
        "longitude": 174.74116777953523,
        "latitude": -36.8057604979984,
        "group": "R1 - Green (90 points)",
        "canvasX": 852.3221157057149,
        "canvasY": 753.616521137639,
        "variant": "northing_easting_direct"
      }
    },
    {
      "type": "Feature",
      "geometry": {
        "type": "Point",
        "coordinates": [
          24.625060705875512,
          -19.34313597343862,
          -0.5137861056799999
        ]
      },
      "properties": {
        "id": "1_12",
        "camera": "R1 - Green (Point)",
        "frame": "0013",
        "image": "pano_camera0/frame_0013_hp_preview.jpg",
        "frameId": "0013",
        "height": 3.362827,
        "coords2D": "2D: (397947.538, 808206.816)",
        "coords3D_original": "3D_Original: (-793548.981, 426441.300, 0.000)",
        "coords3D": "3D: (24.625, -19.343, -0.514)",
        "coordsMtEden": "MtEden: (397947.538, 808206.816, 3.363)",
        "easting": 397947.53756070585,
        "northing": 808206.8158640265,
        "longitude": 174.74116438730084,
        "latitude": -36.80576046629449,
        "group": "R1 - Green (90 points)",
        "canvasX": 847.3634925021269,
        "canvasY": 753.5600821309304,
        "variant": "northing_easting_direct"
      }
    },
    {
      "type": "Feature",
      "geometry": {
        "type": "Point",
        "coordinates": [
          24.872817311785184,
          -19.008320225053467,
          0.19509186976
        ]
      },
      "properties": {
        "id": "1_13",
        "camera": "R1 - Green (Point)",
        "frame": "0014",
        "image": "pano_camera0/frame_0014_hp_preview.jpg",
        "frameId": "0014",
        "height": 3.463982,
        "coords2D": "2D: (397947.785, 808207.151)",
        "coords3D_original": "3D_Original: (-793548.981, 426441.300, 0.000)",
        "coords3D": "3D: (24.873, -19.008, 0.195)",
        "coordsMtEden": "MtEden: (397947.785, 808207.151, 3.464)",
        "easting": 397947.78531731176,
        "northing": 808207.1506797749,
        "longitude": 174.7411671648515,
        "latitude": -36.80575744946535,
        "group": "R1 - Green (90 points)",
        "canvasX": 851.4222671166725,
        "canvasY": 748.075095545011,
        "variant": "northing_easting_direct"
      }
    },
    {
      "type": "Feature",
      "geometry": {
        "type": "Point",
        "coordinates": [
          24.730633691709954,
          -18.79978608561214,
          0.18509186944
        ]
      },
      "properties": {
        "id": "1_14",
        "camera": "R1 - Green (Point)",
        "frame": "0015",
        "image": "pano_camera0/frame_0015_hp_preview.jpg",
        "frameId": "0015",
        "height": 3.451498,
        "coords2D": "2D: (397947.643, 808207.359)",
        "coords3D_original": "3D_Original: (-793548.981, 426441.300, 0.000)",
        "coords3D": "3D: (24.731, -18.800, 0.185)",
        "coordsMtEden": "MtEden: (397947.643, 808207.359, 3.451)",
        "easting": 397947.6431336917,
        "northing": 808207.3592139144,
        "longitude": 174.7411655719389,
        "latitude": -36.80575556984339,
        "group": "R1 - Green (90 points)",
        "canvasX": 849.0930001906853,
        "canvasY": 744.6588674744326,
        "variant": "northing_easting_direct"
      }
    },
    {
      "type": "Feature",
      "geometry": {
        "type": "Point",
        "coordinates": [
          24.51555076916702,
          -18.918849877663888,
          0.24983924683999997
        ]
      },
      "properties": {
        "id": "1_15",
        "camera": "R1 - Green (Point)",
        "frame": "0016",
        "image": "pano_camera0/frame_0016_hp_preview.jpg",
        "frameId": "0016",
        "height": 3.383198,
        "coords2D": "2D: (397947.428, 808207.240)",
        "coords3D_original": "3D_Original: (-793548.981, 426441.300, 0.000)",
        "coords3D": "3D: (24.516, -18.919, 0.250)",
        "coordsMtEden": "MtEden: (397947.428, 808207.240, 3.383)",
        "easting": 397947.42805076914,
        "northing": 808207.2401501223,
        "longitude": 174.74116316114905,
        "latitude": -36.805756642382434,
        "group": "R1 - Green (90 points)",
        "canvasX": 845.569489272175,
        "canvasY": 746.609382961068,
        "variant": "northing_easting_direct"
      }
    },
    {
      "type": "Feature",
      "geometry": {
        "type": "Point",
        "coordinates": [
          24.66893528023502,
          -20.371444680029526,
          0.19987533448
        ]
      },
      "properties": {
        "id": "1_16",
        "camera": "R1 - Green (Point)",
        "frame": "0017",
        "image": "pano_camera0/frame_0017_hp_preview.jpg",
        "frameId": "0017",
        "height": 3.257053,
        "coords2D": "2D: (397947.581, 808205.788)",
        "coords3D_original": "3D_Original: (-793548.981, 426441.300, 0.000)",
        "coords3D": "3D: (24.669, -20.371, 0.200)",
        "coordsMtEden": "MtEden: (397947.581, 808205.788, 3.257)",
        "easting": 397947.5814352802,
        "northing": 808205.78755532,
        "longitude": 174.74116487623849,
        "latitude": -36.805769733527946,
        "group": "R1 - Green (90 points)",
        "canvasX": 848.0822503656776,
        "canvasY": 770.4059428461832,
        "variant": "northing_easting_direct"
      }
    },
    {
      "type": "Feature",
      "geometry": {
        "type": "Point",
        "coordinates": [
          24.678032331343275,
          -22.084781233104877,
          0.18894029476000002
        ]
      },
      "properties": {
        "id": "1_17",
        "camera": "R1 - Green (Point)",
        "frame": "0018",
        "image": "pano_camera0/frame_0018_hp_preview.jpg",
        "frameId": "0018",
        "height": 3.06452,
        "coords2D": "2D: (397947.591, 808204.074)",
        "coords3D_original": "3D_Original: (-793548.981, 426441.300, 0.000)",
        "coords3D": "3D: (24.678, -22.085, 0.189)",
        "coordsMtEden": "MtEden: (397947.591, 808204.074, 3.065)",
        "easting": 397947.5905323313,
        "northing": 808204.0742187669,
        "longitude": 174.74116497357235,
        "latitude": -36.80578517417048,
        "group": "R1 - Green (90 points)",
        "canvasX": 848.2312792072416,
        "canvasY": 798.4740013463598,
        "variant": "northing_easting_direct"
      }
    },
    {
      "type": "Feature",
      "geometry": {
        "type": "Point",
        "coordinates": [
          24.367404110496864,
          -23.191644682898186,
          0.18450131824
        ]
      },
      "properties": {
        "id": "1_18",
        "camera": "R1 - Green (Point)",
        "frame": "0019",
        "image": "pano_camera0/frame_0019_hp_preview.jpg",
        "frameId": "0019",
        "height": 2.859557,
        "coords2D": "2D: (397947.280, 808202.967)",
        "coords3D_original": "3D_Original: (-793548.981, 426441.300, 0.000)",
        "coords3D": "3D: (24.367, -23.192, 0.185)",
        "coordsMtEden": "MtEden: (397947.280, 808202.967, 2.860)",
        "easting": 397947.2799041105,
        "northing": 808202.9673553171,
        "longitude": 174.7411614893267,
        "latitude": -36.805795148572365,
        "group": "R1 - Green (90 points)",
        "canvasX": 843.1425352249071,
        "canvasY": 816.606754074489,
        "variant": "northing_easting_direct"
      }
    },
    {
      "type": "Feature",
      "geometry": {
        "type": "Point",
        "coordinates": [
          23.621113872155547,
          -24.239723607664928,
          0.19564633171999998
        ]
      },
      "properties": {
        "id": "1_19",
        "camera": "R1 - Green (Point)",
        "frame": "0020",
        "image": "pano_camera0/frame_0020_hp_preview.jpg",
        "frameId": "0020",
        "height": 2.550361,
        "coords2D": "2D: (397946.534, 808201.919)",
        "coords3D_original": "3D_Original: (-793548.981, 426441.300, 0.000)",
        "coords3D": "3D: (23.621, -24.240, 0.196)",
        "coordsMtEden": "MtEden: (397946.534, 808201.919, 2.550)",
        "easting": 397946.53361387213,
        "northing": 808201.9192763923,
        "longitude": 174.74115312270126,
        "latitude": -36.80580459226212,
        "group": "R1 - Green (90 points)",
        "canvasX": 830.9167305346862,
        "canvasY": 833.7764925715826,
        "variant": "northing_easting_direct"
      }
    },
    {
      "type": "Feature",
      "geometry": {
        "type": "Point",
        "coordinates": [
          21.835848906543106,
          -25.41562934499234,
          0.17241142284
        ]
      },
      "properties": {
        "id": "1_20",
        "camera": "R1 - Green (Point)",
        "frame": "0021",
        "image": "pano_camera0/frame_0021_hp_preview.jpg",
        "frameId": "0021",
        "height": 1.962108,
        "coords2D": "2D: (397944.748, 808200.743)",
        "coords3D_original": "3D_Original: (-793548.981, 426441.300, 0.000)",
        "coords3D": "3D: (21.836, -25.416, 0.172)",
        "coordsMtEden": "MtEden: (397944.748, 808200.743, 1.962)",
        "easting": 397944.7483489065,
        "northing": 808200.743370655,
        "longitude": 174.74113311176328,
        "latitude": -36.80581518567448,
        "group": "R1 - Green (90 points)",
        "canvasX": 801.67033326245,
        "canvasY": 853.040303272264,
        "variant": "northing_easting_direct"
      }
    },
    {
      "type": "Feature",
      "geometry": {
        "type": "Point",
        "coordinates": [
          18.750450954656117,
          -27.15043603151571,
          0.16621063524
        ]
      },
      "properties": {
        "id": "1_21",
        "camera": "R1 - Green (Point)",
        "frame": "0022",
        "image": "pano_camera0/frame_0022_hp_preview.jpg",
        "frameId": "0022",
        "height": 0.979284,
        "coords2D": "2D: (397941.663, 808199.009)",
        "coords3D_original": "3D_Original: (-793548.981, 426441.300, 0.000)",
        "coords3D": "3D: (18.750, -27.150, 0.166)",
        "coordsMtEden": "MtEden: (397941.663, 808199.009, 0.979)",
        "easting": 397941.66295095463,
        "northing": 808199.0085639685,
        "longitude": 174.74109852849645,
        "latitude": -36.805830813084505,
        "group": "R1 - Green (90 points)",
        "canvasX": 751.1250215136658,
        "canvasY": 881.4600877417056,
        "variant": "northing_easting_direct"
      }
    },
    {
      "type": "Feature",
      "geometry": {
        "type": "Point",
        "coordinates": [
          17.487874531303532,
          -28.015125603647903,
          0.13188648715999998
        ]
      },
      "properties": {
        "id": "1_22",
        "camera": "R1 - Green (Point)",
        "frame": "0023",
        "image": "pano_camera0/frame_0023_hp_preview.jpg",
        "frameId": "0023",
        "height": 0.559499,
        "coords2D": "2D: (397940.400, 808198.144)",
        "coords3D_original": "3D_Original: (-793548.981, 426441.300, 0.000)",
        "coords3D": "3D: (17.488, -28.015, 0.132)",
        "coordsMtEden": "MtEden: (397940.400, 808198.144, 0.559)",
        "easting": 397940.4003745313,
        "northing": 808198.1438743963,
        "longitude": 174.7410843762469,
        "latitude": -36.805838602938486,
        "group": "R1 - Green (90 points)",
        "canvasX": 730.4413625747427,
        "canvasY": 895.6255226936789,
        "variant": "northing_easting_direct"
      }
    },
    {
      "type": "Feature",
      "geometry": {
        "type": "Point",
        "coordinates": [
          16.467805977386888,
          -28.426922303740866,
          0.13540354764
        ]
      },
      "properties": {
        "id": "1_23",
        "camera": "R1 - Green (Point)",
        "frame": "0024",
        "image": "pano_camera0/frame_0024_hp_preview.jpg",
        "frameId": "0024",
        "height": 0.252961,
        "coords2D": "2D: (397939.380, 808197.732)",
        "coords3D_original": "3D_Original: (-793548.981, 426441.300, 0.000)",
        "coords3D": "3D: (16.468, -28.427, 0.135)",
        "coordsMtEden": "MtEden: (397939.380, 808197.732, 0.253)",
        "easting": 397939.38030597736,
        "northing": 808197.7320776962,
        "longitude": 174.74107294304804,
        "latitude": -36.80584231183912,
        "group": "R1 - Green (90 points)",
        "canvasX": 713.7304929019916,
        "canvasY": 902.3716192770239,
        "variant": "northing_easting_direct"
      }
    },
    {
      "type": "Feature",
      "geometry": {
        "type": "Point",
        "coordinates": [
          14.450442363042384,
          -28.369944186182693,
          0.19047244704000002
        ]
      },
      "properties": {
        "id": "1_24",
        "camera": "R1 - Green (Point)",
        "frame": "0025",
        "image": "pano_camera0/frame_0025_hp_preview.jpg",
        "frameId": "0025",
        "height": -0.254174,
        "coords2D": "2D: (397937.363, 808197.789)",
        "coords3D_original": "3D_Original: (-793548.981, 426441.300, 0.000)",
        "coords3D": "3D: (14.450, -28.370, 0.190)",
        "coordsMtEden": "MtEden: (397937.363, 808197.789, -0.254)",
        "easting": 397937.362942363,
        "northing": 808197.7890558138,
        "longitude": 174.74105033425883,
        "latitude": -36.805841793958905,
        "group": "R1 - Green (90 points)",
        "canvasX": 680.6818313071792,
        "canvasY": 901.4381978002635,
        "variant": "northing_easting_direct"
      }
    },
    {
      "type": "Feature",
      "geometry": {
        "type": "Point",
        "coordinates": [
          13.233438688504975,
          -27.731416214606725,
          0.29561680736
        ]
      },
      "properties": {
        "id": "1_25",
        "camera": "R1 - Green (Point)",
        "frame": "0026",
        "image": "pano_camera0/frame_0026_hp_preview.jpg",
        "frameId": "0026",
        "height": -0.491403,
        "coords2D": "2D: (397936.146, 808198.428)",
        "coords3D_original": "3D_Original: (-793548.981, 426441.300, 0.000)",
        "coords3D": "3D: (13.233, -27.731, 0.296)",
        "coordsMtEden": "MtEden: (397936.146, 808198.428, -0.491)",
        "easting": 397936.1459386885,
        "northing": 808198.4275837854,
        "longitude": 174.74103669681864,
        "latitude": -36.80583603688049,
        "group": "R1 - Green (90 points)",
        "canvasX": 660.7447499033804,
        "canvasY": 890.9777658276082,
        "variant": "northing_easting_direct"
      }
    },
    {
      "type": "Feature",
      "geometry": {
        "type": "Point",
        "coordinates": [
          12.502849464013707,
          -26.936930232099257,
          0.33042323892
        ]
      },
      "properties": {
        "id": "1_26",
        "camera": "R1 - Green (Point)",
        "frame": "0027",
        "image": "pano_camera0/frame_0027_hp_preview.jpg",
        "frameId": "0027",
        "height": -0.587056,
        "coords2D": "2D: (397935.415, 808199.222)",
        "coords3D_original": "3D_Original: (-793548.981, 426441.300, 0.000)",
        "coords3D": "3D: (12.503, -26.937, 0.330)",
        "coordsMtEden": "MtEden: (397935.415, 808199.222, -0.587)",
        "easting": 397935.415349464,
        "northing": 808199.2220697679,
        "longitude": 174.74102851113352,
        "latitude": -36.80582887536453,
        "group": "R1 - Green (90 points)",
        "canvasX": 648.7761608622986,
        "canvasY": 877.9624134188174,
        "variant": "northing_easting_direct"
      }
    },
    {
      "type": "Feature",
      "geometry": {
        "type": "Point",
        "coordinates": [
          12.453133319562767,
          -29.299757909378968,
          0.24649607088
        ]
      },
      "properties": {
        "id": "1_27",
        "camera": "R1 - Green (Point)",
        "frame": "0028",
        "image": "pano_camera0/frame_0028_hp_preview.jpg",
        "frameId": "0028",
        "height": -0.868426,
        "coords2D": "2D: (397935.366, 808196.859)",
        "coords3D_original": "3D_Original: (-793548.981, 426441.300, 0.000)",
        "coords3D": "3D: (12.453, -29.300, 0.246)",
        "coordsMtEden": "MtEden: (397935.366, 808196.859, -0.868)",
        "easting": 397935.36563331954,
        "northing": 808196.8592420906,
        "longitude": 174.74102794754927,
        "latitude": -36.80585016910552,
        "group": "R1 - Green (90 points)",
        "canvasX": 647.9617057876146,
        "canvasY": 916.6705034031004,
        "variant": "northing_easting_direct"
      }
    },
    {
      "type": "Feature",
      "geometry": {
        "type": "Point",
        "coordinates": [
          13.070476658060215,
          -32.05267928354442,
          0.22239830108
        ]
      },
      "properties": {
        "id": "1_28",
        "camera": "R1 - Green (Point)",
        "frame": "0029",
        "image": "pano_camera0/frame_0029_hp_preview.jpg",
        "frameId": "0029",
        "height": -1.024328,
        "coords2D": "2D: (397935.983, 808194.106)",
        "coords3D_original": "3D_Original: (-793548.981, 426441.300, 0.000)",
        "coords3D": "3D: (13.070, -32.053, 0.222)",
        "coordsMtEden": "MtEden: (397935.983, 808194.106, -1.024)",
        "easting": 397935.98297665804,
        "northing": 808194.1063207164,
        "longitude": 174.7410348587613,
        "latitude": -36.80587497983274,
        "group": "R1 - Green (90 points)",
        "canvasX": 658.075088886182,
        "canvasY": 961.7691491038352,
        "variant": "northing_easting_direct"
      }
    },
    {
      "type": "Feature",
      "geometry": {
        "type": "Point",
        "coordinates": [
          13.462850838608574,
          -34.611531648784876,
          0.16292323356
        ]
      },
      "properties": {
        "id": "1_29",
        "camera": "R1 - Green (Point)",
        "frame": "0030",
        "image": "pano_camera0/frame_0030_hp_preview.jpg",
        "frameId": "0030",
        "height": -1.215436,
        "coords2D": "2D: (397936.375, 808191.547)",
        "coords3D_original": "3D_Original: (-793548.981, 426441.300, 0.000)",
        "coords3D": "3D: (13.463, -34.612, 0.163)",
        "coordsMtEden": "MtEden: (397936.375, 808191.547, -1.215)",
        "easting": 397936.3753508386,
        "northing": 808191.5474683512,
        "longitude": 174.74103924923355,
        "latitude": -36.80589804111548,
        "group": "R1 - Green (90 points)",
        "canvasX": 664.5030037254966,
        "canvasY": 1003.688536015087,
        "variant": "northing_easting_direct"
      }
    },
    {
      "type": "Feature",
      "geometry": {
        "type": "Point",
        "coordinates": [
          13.235642742540222,
          -36.43224488326814,
          0.18788058344
        ]
      },
      "properties": {
        "id": "1_30",
        "camera": "R1 - Green (Point)",
        "frame": "0031",
        "image": "pano_camera0/frame_0031_hp_preview.jpg",
        "frameId": "0031",
        "height": -1.480343,
        "coords2D": "2D: (397936.148, 808189.727)",
        "coords3D_original": "3D_Original: (-793548.981, 426441.300, 0.000)",
        "coords3D": "3D: (13.236, -36.432, 0.188)",
        "coordsMtEden": "MtEden: (397936.148, 808189.727, -1.480)",
        "easting": 397936.1481427425,
        "northing": 808189.7267551167,
        "longitude": 174.74103669793612,
        "latitude": -36.80591444892349,
        "group": "R1 - Green (90 points)",
        "canvasX": 660.7808569462667,
        "canvasY": 1033.5156505326493,
        "variant": "northing_easting_direct"
      }
    },
    {
      "type": "Feature",
      "geometry": {
        "type": "Point",
        "coordinates": [
          11.782736445544288,
          -37.355765661923215,
          0.15530184224000002
        ]
      },
      "properties": {
        "id": "1_31",
        "camera": "R1 - Green (Point)",
        "frame": "0032",
        "image": "pano_camera0/frame_0032_hp_preview.jpg",
        "frameId": "0032",
        "height": -1.955276,
        "coords2D": "2D: (397934.695, 808188.803)",
        "coords3D_original": "3D_Original: (-793548.981, 426441.300, 0.000)",
        "coords3D": "3D: (11.783, -37.356, 0.155)",
        "coordsMtEden": "MtEden: (397934.695, 808188.803, -1.955)",
        "easting": 397934.6952364455,
        "northing": 808188.8032343381,
        "longitude": 174.74102041244328,
        "latitude": -36.80592276854287,
        "group": "R1 - Green (90 points)",
        "canvasX": 636.9791941240687,
        "canvasY": 1048.644864460237,
        "variant": "northing_easting_direct"
      }
    },
    {
      "type": "Feature",
      "geometry": {
        "type": "Point",
        "coordinates": [
          10.74523558828514,
          -37.32718211854808,
          0.1447178524
        ]
      },
      "properties": {
        "id": "1_32",
        "camera": "R1 - Green (Point)",
        "frame": "0033",
        "image": "pano_camera0/frame_0033_hp_preview.jpg",
        "frameId": "0033",
        "height": -2.21617,
        "coords2D": "2D: (397933.658, 808188.832)",
        "coords3D_original": "3D_Original: (-793548.981, 426441.300, 0.000)",
        "coords3D": "3D: (10.745, -37.327, 0.145)",
        "coordsMtEden": "MtEden: (397933.658, 808188.832, -2.216)",
        "easting": 397933.65773558826,
        "northing": 808188.8318178814,
        "longitude": 174.74100878505683,
        "latitude": -36.80592250868392,
        "group": "R1 - Green (90 points)",
        "canvasX": 619.9827466352837,
        "canvasY": 1048.176605865645,
        "variant": "northing_easting_direct"
      }
    },
    {
      "type": "Feature",
      "geometry": {
        "type": "Point",
        "coordinates": [
          8.460497686988674,
          -35.274584373808466,
          0.29041339512
        ]
      },
      "properties": {
        "id": "1_33",
        "camera": "R1 - Green (Point)",
        "frame": "0034",
        "image": "pano_camera0/frame_0034_hp_preview.jpg",
        "frameId": "0034",
        "height": -2.564426,
        "coords2D": "2D: (397931.373, 808190.884)",
        "coords3D_original": "3D_Original: (-793548.981, 426441.300, 0.000)",
        "coords3D": "3D: (8.460, -35.275, 0.290)",
        "coordsMtEden": "MtEden: (397931.373, 808190.884, -2.564)",
        "easting": 397931.37299768697,
        "northing": 808190.8844156262,
        "longitude": 174.74098318515314,
        "latitude": -36.8059040056444,
        "group": "R1 - Green (90 points)",
        "canvasX": 582.5539315235417,
        "canvasY": 1014.5507350623743,
        "variant": "northing_easting_direct"
      }
    },
    {
      "type": "Feature",
      "geometry": {
        "type": "Point",
        "coordinates": [
          8.32904326741118,
          -34.393626201548614,
          0.31213255592
        ]
      },
      "properties": {
        "id": "1_34",
        "camera": "R1 - Green (Point)",
        "frame": "0035",
        "image": "pano_camera0/frame_0035_hp_preview.jpg",
        "frameId": "0035",
        "height": -2.497707,
        "coords2D": "2D: (397931.242, 808191.765)",
        "coords3D_original": "3D_Original: (-793548.981, 426441.300, 0.000)",
        "coords3D": "3D: (8.329, -34.394, 0.312)",
        "coordsMtEden": "MtEden: (397931.242, 808191.765, -2.498)",
        "easting": 397931.2415432674,
        "northing": 808191.7653737984,
        "longitude": 174.74098171431302,
        "latitude": -36.80589606614498,
        "group": "R1 - Green (90 points)",
        "canvasX": 580.4004314816958,
        "canvasY": 1000.1187862024734,
        "variant": "northing_easting_direct"
      }
    },
    {
      "type": "Feature",
      "geometry": {
        "type": "Point",
        "coordinates": [
          8.149639533483423,
          -32.16381908359472,
          0.28508531096
        ]
      },
      "properties": {
        "id": "1_35",
        "camera": "R1 - Green (Point)",
        "frame": "0036",
        "image": "pano_camera0/frame_0036_hp_preview.jpg",
        "frameId": "0036",
        "height": -2.289798,
        "coords2D": "2D: (397931.062, 808193.995)",
        "coords3D_original": "3D_Original: (-793548.981, 426441.300, 0.000)",
        "coords3D": "3D: (8.150, -32.164, 0.285)",
        "coordsMtEden": "MtEden: (397931.062, 808193.995, -2.290)",
        "easting": 397931.06213953346,
        "northing": 808193.9951809164,
        "longitude": 174.74097970976172,
        "latitude": -36.80587597068766,
        "group": "R1 - Green (90 points)",
        "canvasX": 577.4614207607111,
        "canvasY": 963.5898529258807,
        "variant": "northing_easting_direct"
      }
    },
    {
      "type": "Feature",
      "geometry": {
        "type": "Point",
        "coordinates": [
          7.782730319944676,
          -30.52194511599373,
          0.37157809587999996
        ]
      },
      "properties": {
        "id": "1_36",
        "camera": "R1 - Green (Point)",
        "frame": "0037",
        "image": "pano_camera0/frame_0037_hp_preview.jpg",
        "frameId": "0037",
        "height": -2.19649,
        "coords2D": "2D: (397930.695, 808195.637)",
        "coords3D_original": "3D_Original: (-793548.981, 426441.300, 0.000)",
        "coords3D": "3D: (7.783, -30.522, 0.372)",
        "coordsMtEden": "MtEden: (397930.695, 808195.637, -2.196)",
        "easting": 397930.6952303199,
        "northing": 808195.637054884,
        "longitude": 174.7409756022069,
        "latitude": -36.805861173285564,
        "group": "R1 - Green (90 points)",
        "canvasX": 571.450675673626,
        "canvasY": 936.6925019708243,
        "variant": "northing_easting_direct"
      }
    },
    {
      "type": "Feature",
      "geometry": {
        "type": "Point",
        "coordinates": [
          7.413471252133604,
          -29.001106472918764,
          0.37499345032
        ]
      },
      "properties": {
        "id": "1_37",
        "camera": "R1 - Green (Point)",
        "frame": "0038",
        "image": "pano_camera0/frame_0038_hp_preview.jpg",
        "frameId": "0038",
        "height": -2.117545,
        "coords2D": "2D: (397930.326, 808197.158)",
        "coords3D_original": "3D_Original: (-793548.981, 426441.300, 0.000)",
        "coords3D": "3D: (7.413, -29.001, 0.375)",
        "coordsMtEden": "MtEden: (397930.326, 808197.158, -2.118)",
        "easting": 397930.3259712521,
        "northing": 808197.1578935271,
        "longitude": 174.7409714679894,
        "latitude": -36.80584746665088,
        "group": "R1 - Green (90 points)",
        "canvasX": 565.4014350272095,
        "canvasY": 911.7779643534609,
        "variant": "northing_easting_direct"
      }
    },
    {
      "type": "Feature",
      "geometry": {
        "type": "Point",
        "coordinates": [
          5.518735592137091,
          -26.938716869917698,
          0.32558399992000003
        ]
      },
      "properties": {
        "id": "1_38",
        "camera": "R1 - Green (Point)",
        "frame": "0039",
        "image": "pano_camera0/frame_0039_hp_preview.jpg",
        "frameId": "0039",
        "height": -2.365394,
        "coords2D": "2D: (397928.431, 808199.220)",
        "coords3D_original": "3D_Original: (-793548.981, 426441.300, 0.000)",
        "coords3D": "3D: (5.519, -26.939, 0.326)",
        "coordsMtEden": "MtEden: (397928.431, 808199.220, -2.365)",
        "easting": 397928.4312355921,
        "northing": 808199.2202831301,
        "longitude": 174.74095023896825,
        "latitude": -36.80582887621201,
        "group": "R1 - Green (90 points)",
        "canvasX": 534.3616773982938,
        "canvasY": 877.9916823061086,
        "variant": "northing_easting_direct"
      }
    },
    {
      "type": "Feature",
      "geometry": {
        "type": "Point",
        "coordinates": [
          3.863342125201598,
          -26.336374899139628,
          0.44706366259999997
        ]
      },
      "properties": {
        "id": "1_39",
        "camera": "R1 - Green (Point)",
        "frame": "0040",
        "image": "pano_camera0/frame_0040_hp_preview.jpg",
        "frameId": "0040",
        "height": -2.718351,
        "coords2D": "2D: (397926.776, 808199.823)",
        "coords3D_original": "3D_Original: (-793548.981, 426441.300, 0.000)",
        "coords3D": "3D: (3.863, -26.336, 0.447)",
        "coordsMtEden": "MtEden: (397926.776, 808199.823, -2.718)",
        "easting": 397926.7758421252,
        "northing": 808199.8226251008,
        "longitude": 174.74093168833016,
        "latitude": -36.8058234442713,
        "group": "R1 - Green (90 points)",
        "canvasX": 507.24284859240686,
        "canvasY": 868.1240531801868,
        "variant": "northing_easting_direct"
      }
    },
    {
      "type": "Feature",
      "geometry": {
        "type": "Point",
        "coordinates": [
          3.5461530907195993,
          -26.2994314286625,
          0.4829888606
        ]
      },
      "properties": {
        "id": "1_40",
        "camera": "R1 - Green (Point)",
        "frame": "0041",
        "image": "pano_camera0/frame_0041_hp_preview.jpg",
        "frameId": "0041",
        "height": -2.794905,
        "coords2D": "2D: (397926.459, 808199.860)",
        "coords3D_original": "3D_Original: (-793548.981, 426441.300, 0.000)",
        "coords3D": "3D: (3.546, -26.299, 0.483)",
        "coordsMtEden": "MtEden: (397926.459, 808199.860, -2.795)",
        "easting": 397926.4586530907,
        "northing": 808199.8595685713,
        "longitude": 174.7409281336392,
        "latitude": -36.8058231106415,
        "group": "R1 - Green (90 points)",
        "canvasX": 502.0466246755279,
        "canvasY": 867.5188413855511,
        "variant": "northing_easting_direct"
      }
    },
    {
      "type": "Feature",
      "geometry": {
        "type": "Point",
        "coordinates": [
          0.9203293269965798,
          -26.01975666056387,
          0.49468833604
        ]
      },
      "properties": {
        "id": "1_41",
        "camera": "R1 - Green (Point)",
        "frame": "0042",
        "image": "pano_camera0/frame_0042_hp_preview.jpg",
        "frameId": "0042",
        "height": -3.431626,
        "coords2D": "2D: (397923.833, 808200.139)",
        "coords3D_original": "3D_Original: (-793548.981, 426441.300, 0.000)",
        "coords3D": "3D: (0.920, -26.020, 0.495)",
        "coordsMtEden": "MtEden: (397923.833, 808200.139, -3.432)",
        "easting": 397923.832829327,
        "northing": 808200.1392433394,
        "longitude": 174.7408987063473,
        "latitude": -36.80582058445322,
        "group": "R1 - Green (90 points)",
        "canvasX": 459.03010531363077,
        "canvasY": 862.9371801028542,
        "variant": "northing_easting_direct"
      }
    },
    {
      "type": "Feature",
      "geometry": {
        "type": "Point",
        "coordinates": [
          -0.7027460795943625,
          -25.29285170393996,
          0.89406498924
        ]
      },
      "properties": {
        "id": "1_42",
        "camera": "R1 - Green (Point)",
        "frame": "0043",
        "image": "pano_camera0/frame_0043_hp_preview.jpg",
        "frameId": "0043",
        "height": -3.762189,
        "coords2D": "2D: (397922.210, 808200.866)",
        "coords3D_original": "3D_Original: (-793548.981, 426441.300, 0.000)",
        "coords3D": "3D: (-0.703, -25.293, 0.894)",
        "coordsMtEden": "MtEden: (397922.210, 808200.866, -3.762)",
        "easting": 397922.2097539204,
        "northing": 808200.866148296,
        "longitude": 174.7408805182488,
        "latitude": -36.80581403001132,
        "group": "R1 - Green (90 points)",
        "canvasX": 432.4407143504083,
        "canvasY": 851.0289471226456,
        "variant": "northing_easting_direct"
      }
    },
    {
      "type": "Feature",
      "geometry": {
        "type": "Point",
        "coordinates": [
          -0.9954339906107634,
          -23.663433447829448,
          0.9119685331199999
        ]
      },
      "properties": {
        "id": "1_43",
        "camera": "R1 - Green (Point)",
        "frame": "0044",
        "image": "pano_camera0/frame_0044_hp_preview.jpg",
        "frameId": "0044",
        "height": -3.651401,
        "coords2D": "2D: (397921.917, 808202.496)",
        "coords3D_original": "3D_Original: (-793548.981, 426441.300, 0.000)",
        "coords3D": "3D: (-0.995, -23.663, 0.912)",
        "coordsMtEden": "MtEden: (397921.917, 808202.496, -3.651)",
        "easting": 397921.91706600937,
        "northing": 808202.4955665522,
        "longitude": 174.74087724249287,
        "latitude": -36.805799345019665,
        "group": "R1 - Green (90 points)",
        "canvasX": 427.6458703986648,
        "canvasY": 824.3356469351517,
        "variant": "northing_easting_direct"
      }
    },
    {
      "type": "Feature",
      "geometry": {
        "type": "Point",
        "coordinates": [
          -1.8631284578586929,
          -21.473461105837487,
          0.9026575092
        ]
      },
      "properties": {
        "id": "1_44",
        "camera": "R1 - Green (Point)",
        "frame": "0045",
        "image": "pano_camera0/frame_0045_hp_preview.jpg",
        "frameId": "0045",
        "height": -3.623259,
        "coords2D": "2D: (397921.049, 808204.686)",
        "coords3D_original": "3D_Original: (-793548.981, 426441.300, 0.000)",
        "coords3D": "3D: (-1.863, -21.473, 0.903)",
        "coordsMtEden": "MtEden: (397921.049, 808204.686, -3.623)",
        "easting": 397921.0493715421,
        "northing": 808204.6855388941,
        "longitude": 174.74086752407544,
        "latitude": -36.80577960704115,
        "group": "R1 - Green (90 points)",
        "canvasX": 413.4312089404658,
        "canvasY": 788.4592911226773,
        "variant": "northing_easting_direct"
      }
    },
    {
      "type": "Feature",
      "geometry": {
        "type": "Point",
        "coordinates": [
          -2.7484993317048065,
          -21.328155976254493,
          0.9140256198
        ]
      },
      "properties": {
        "id": "1_45",
        "camera": "R1 - Green (Middle)",
        "frame": "0046",
        "image": "pano_camera0/frame_0046_hp_preview.jpg",
        "frameId": "0046",
        "height": -3.832147,
        "coords2D": "2D: (397920.164, 808204.831)",
        "coords3D_original": "3D_Original: (-793548.981, 426441.300, 0.000)",
        "coords3D": "3D: (-2.748, -21.328, 0.914)",
        "coordsMtEden": "MtEden: (397920.164, 808204.831, -3.832)",
        "easting": 397920.1640006683,
        "northing": 808204.8308440237,
        "longitude": 174.74085760197568,
        "latitude": -36.80577829560417,
        "group": "R1 - Green (90 points)",
        "canvasX": 398.926970742425,
        "canvasY": 786.0788873013876,
        "variant": "northing_easting_direct"
      }
    },
    {
      "type": "Feature",
      "geometry": {
        "type": "Point",
        "coordinates": [
          -3.00138722761767,
          -21.555902754305862,
          0.88629267928
        ]
      },
      "properties": {
        "id": "1_46",
        "camera": "R1 - Green (Point)",
        "frame": "0047",
        "image": "pano_camera0/frame_0047_hp_preview.jpg",
        "frameId": "0047",
        "height": -3.922432,
        "coords2D": "2D: (397919.911, 808204.603)",
        "coords3D_original": "3D_Original: (-793548.981, 426441.300, 0.000)",
        "coords3D": "3D: (-3.001, -21.556, 0.886)",
        "coordsMtEden": "MtEden: (397919.911, 808204.603, -3.922)",
        "easting": 397919.91111277236,
        "northing": 808204.6030972457,
        "longitude": 174.74085476719742,
        "latitude": -36.805780347507124,
        "group": "R1 - Green (90 points)",
        "canvasX": 394.7841347977778,
        "canvasY": 789.8098588242192,
        "variant": "northing_easting_direct"
      }
    },
    {
      "type": "Feature",
      "geometry": {
        "type": "Point",
        "coordinates": [
          -3.4236208280781284,
          -22.438695716904476,
          0.9159941238000001
        ]
      },
      "properties": {
        "id": "1_47",
        "camera": "R1 - Green (Point)",
        "frame": "0048",
        "image": "pano_camera0/frame_0048_hp_preview.jpg",
        "frameId": "0048",
        "height": -4.130327,
        "coords2D": "2D: (397919.489, 808203.720)",
        "coords3D_original": "3D_Original: (-793548.981, 426441.300, 0.000)",
        "coords3D": "3D: (-3.424, -22.439, 0.916)",
        "coordsMtEden": "MtEden: (397919.489, 808203.720, -4.130)",
        "easting": 397919.4888791719,
        "northing": 808203.7203042831,
        "longitude": 174.740850032744,
        "latitude": -36.80578830232705,
        "group": "R1 - Green (90 points)",
        "canvasX": 387.8670598213889,
        "canvasY": 804.2718654124026,
        "variant": "northing_easting_direct"
      }
    },
    {
      "type": "Feature",
      "geometry": {
        "type": "Point",
        "coordinates": [
          -3.372260487463791,
          -24.80924180103466,
          0.9215387434
        ]
      },
      "properties": {
        "id": "1_48",
        "camera": "R1 - Green (Point)",
        "frame": "0049",
        "image": "pano_camera0/frame_0049_hp_preview.jpg",
        "frameId": "0049",
        "height": -4.386841,
        "coords2D": "2D: (397919.540, 808201.350)",
        "coords3D_original": "3D_Original: (-793548.981, 426441.300, 0.000)",
        "coords3D": "3D: (-3.372, -24.809, 0.922)",
        "coordsMtEden": "MtEden: (397919.540, 808201.350, -4.387)",
        "easting": 397919.5402395125,
        "northing": 808201.349758199,
        "longitude": 174.74085060187073,
        "latitude": -36.80580966584784,
        "group": "R1 - Green (90 points)",
        "canvasX": 388.7084502896537,
        "canvasY": 843.1063991447122,
        "variant": "northing_easting_direct"
      }
    },
    {
      "type": "Feature",
      "geometry": {
        "type": "Point",
        "coordinates": [
          -2.296570459846407,
          -27.535535035654902,
          0.8720079019200001
        ]
      },
      "properties": {
        "id": "1_49",
        "camera": "R1 - Green (Point)",
        "frame": "0050",
        "image": "pano_camera0/frame_0050_hp_preview.jpg",
        "frameId": "0050",
        "height": -4.423021,
        "coords2D": "2D: (397920.616, 808198.623)",
        "coords3D_original": "3D_Original: (-793548.981, 426441.300, 0.000)",
        "coords3D": "3D: (-2.297, -27.536, 0.872)",
        "coordsMtEden": "MtEden: (397920.616, 808198.623, -4.423)",
        "easting": 397920.61592954013,
        "northing": 808198.6234649643,
        "longitude": 174.74086264986485,
        "latitude": -36.805834237618825,
        "group": "R1 - Green (90 points)",
        "canvasX": 406.3305167582369,
        "canvasY": 887.7688198788951,
        "variant": "northing_easting_direct"
      }
    },
    {
      "type": "Feature",
      "geometry": {
        "type": "Point",
        "coordinates": [
          -2.234801771934144,
          -27.646452894899994,
          0.8825459600000001
        ]
      },
      "properties": {
        "id": "1_50",
        "camera": "R1 - Green (Point)",
        "frame": "0051",
        "image": "pano_camera0/frame_0051_hp_preview.jpg",
        "frameId": "0051",
        "height": -4.419909,
        "coords2D": "2D: (397920.678, 808198.513)",
        "coords3D_original": "3D_Original: (-793548.981, 426441.300, 0.000)",
        "coords3D": "3D: (-2.235, -27.646, 0.883)",
        "coordsMtEden": "MtEden: (397920.678, 808198.513, -4.420)",
        "easting": 397920.67769822804,
        "northing": 808198.5125471051,
        "longitude": 174.74086334181425,
        "latitude": -36.80583523734839,
        "group": "R1 - Green (90 points)",
        "canvasX": 407.3424178607513,
        "canvasY": 889.5858878435943,
        "variant": "northing_easting_direct"
      }
    },
    {
      "type": "Feature",
      "geometry": {
        "type": "Point",
        "coordinates": [
          -1.424460353096947,
          -30.54840704833623,
          0.78962600952
        ]
      },
      "properties": {
        "id": "1_51",
        "camera": "R1 - Green (Point)",
        "frame": "0052",
        "image": "pano_camera0/frame_0052_hp_preview.jpg",
        "frameId": "0052",
        "height": -4.543623,
        "coords2D": "2D: (397921.488, 808195.611)",
        "coords3D_original": "3D_Original: (-793548.981, 426441.300, 0.000)",
        "coords3D": "3D: (-1.424, -30.548, 0.790)",
        "coordsMtEden": "MtEden: (397921.488, 808195.611, -4.544)",
        "easting": 397921.4880396469,
        "northing": 808195.6105929516,
        "longitude": 174.74087241552843,
        "latitude": -36.805861391595215,
        "group": "R1 - Green (90 points)",
        "canvasX": 420.61751568466497,
        "canvasY": 937.1260041114601,
        "variant": "northing_easting_direct"
      }
    },
    {
      "type": "Feature",
      "geometry": {
        "type": "Point",
        "coordinates": [
          -1.521620020561386,
          -31.309870991739444,
          0.47041340088000005
        ]
      },
      "properties": {
        "id": "1_52",
        "camera": "R1 - Green (Point)",
        "frame": "0053",
        "image": "pano_camera0/frame_0053_hp_preview.jpg",
        "frameId": "0053",
        "height": -4.654957,
        "coords2D": "2D: (397921.391, 808194.849)",
        "coords3D_original": "3D_Original: (-793548.981, 426441.300, 0.000)",
        "coords3D": "3D: (-1.522, -31.310, 0.470)",
        "coordsMtEden": "MtEden: (397921.391, 808194.849, -4.655)",
        "easting": 397921.3908799794,
        "northing": 808194.8491290082,
        "longitude": 174.7408713245642,
        "latitude": -36.8058682537099,
        "group": "R1 - Green (90 points)",
        "canvasX": 419.02583585705656,
        "canvasY": 949.6003860257699,
        "variant": "northing_easting_direct"
      }
    },
    {
      "type": "Feature",
      "geometry": {
        "type": "Point",
        "coordinates": [
          -2.2836604102049023,
          -32.41125448036473,
          0.46588584167999997
        ]
      },
      "properties": {
        "id": "1_53",
        "camera": "R1 - Green (Point)",
        "frame": "0054",
        "image": "pano_camera0/frame_0054_hp_preview.jpg",
        "frameId": "0054",
        "height": -4.974225,
        "coords2D": "2D: (397920.629, 808193.748)",
        "coords3D_original": "3D_Original: (-793548.981, 426441.300, 0.000)",
        "coords3D": "3D: (-2.284, -32.411, 0.466)",
        "coordsMtEden": "MtEden: (397920.629, 808193.748, -4.974)",
        "easting": 397920.6288395898,
        "northing": 808193.7477455196,
        "longitude": 174.7408627812349,
        "latitude": -36.8058781777263,
        "group": "R1 - Green (90 points)",
        "canvasX": 406.54201054117163,
        "canvasY": 967.6433654581407,
        "variant": "northing_easting_direct"
      }
    },
    {
      "type": "Feature",
      "geometry": {
        "type": "Point",
        "coordinates": [
          -2.1481514393235557,
          -35.443018753430806,
          0.38178806996
        ]
      },
      "properties": {
        "id": "1_54",
        "camera": "R1 - Green (Point)",
        "frame": "0055",
        "image": "pano_camera0/frame_0055_hp_preview.jpg",
        "frameId": "0055",
        "height": -5.284512,
        "coords2D": "2D: (397920.764, 808190.716)",
        "coords3D_original": "3D_Original: (-793548.981, 426441.300, 0.000)",
        "coords3D": "3D: (-2.148, -35.443, 0.382)",
        "coordsMtEden": "MtEden: (397920.764, 808190.716, -5.285)",
        "easting": 397920.76434856065,
        "northing": 808190.7159812466,
        "longitude": 174.74086429162924,
        "latitude": -36.80590550034271,
        "group": "R1 - Green (90 points)",
        "canvasX": 408.7619326660435,
        "canvasY": 1017.3100446751472,
        "variant": "northing_easting_direct"
      }
    },
    {
      "type": "Feature",
      "geometry": {
        "type": "Point",
        "coordinates": [
          -1.4187101716524921,
          -36.62697723705787,
          0.41063321523999996
        ]
      },
      "properties": {
        "id": "1_55",
        "camera": "R1 - Green (Point)",
        "frame": "0056",
        "image": "pano_camera0/frame_0056_hp_preview.jpg",
        "frameId": "0056",
        "height": -5.233444,
        "coords2D": "2D: (397921.494, 808189.532)",
        "coords3D_original": "3D_Original: (-793548.981, 426441.300, 0.000)",
        "coords3D": "3D: (-1.419, -36.627, 0.411)",
        "coordsMtEden": "MtEden: (397921.494, 808189.532, -5.233)",
        "easting": 397921.4937898283,
        "northing": 808189.5320227629,
        "longitude": 174.74087246337865,
        "latitude": -36.805916171801115,
        "group": "R1 - Green (90 points)",
        "canvasX": 420.7117157585341,
        "canvasY": 1036.7057763078437,
        "variant": "northing_easting_direct"
      }
    },
    {
      "type": "Feature",
      "geometry": {
        "type": "Point",
        "coordinates": [
          -0.4877971974783577,
          -37.796401553903706,
          0.36237533967999996
        ]
      },
      "properties": {
        "id": "1_56",
        "camera": "R1 - Green (Point)",
        "frame": "0057",
        "image": "pano_camera0/frame_0057_hp_preview.jpg",
        "frameId": "0057",
        "height": -5.129429,
        "coords2D": "2D: (397922.425, 808188.363)",
        "coords3D_original": "3D_Original: (-793548.981, 426441.300, 0.000)",
        "coords3D": "3D: (-0.488, -37.796, 0.362)",
        "coordsMtEden": "MtEden: (397922.425, 808188.363, -5.129)",
        "easting": 397922.4247028025,
        "northing": 808188.3625984461,
        "longitude": 174.74088289310083,
        "latitude": -36.80592671271882,
        "group": "R1 - Green (90 points)",
        "canvasX": 435.96202940497244,
        "canvasY": 1055.8634077008303,
        "variant": "northing_easting_direct"
      }
    },
    {
      "type": "Feature",
      "geometry": {
        "type": "Point",
        "coordinates": [
          0.1046647165203467,
          -38.56278634304181,
          0.3420931868
        ]
      },
      "properties": {
        "id": "1_57",
        "camera": "R1 - Green (Point)",
        "frame": "0058",
        "image": "pano_camera0/frame_0058_hp_preview.jpg",
        "frameId": "0058",
        "height": -5.065747,
        "coords2D": "2D: (397923.017, 808187.596)",
        "coords3D_original": "3D_Original: (-793548.981, 426441.300, 0.000)",
        "coords3D": "3D: (0.105, -38.563, 0.342)",
        "coordsMtEden": "MtEden: (397923.017, 808187.596, -5.066)",
        "easting": 397923.0171647165,
        "northing": 808187.596213657,
        "longitude": 174.74088953084092,
        "latitude": -36.80593362069321,
        "group": "R1 - Green (90 points)",
        "canvasX": 445.66780240721823,
        "canvasY": 1068.4184034217442,
        "variant": "northing_easting_direct"
      }
    },
    {
      "type": "Feature",
      "geometry": {
        "type": "Point",
        "coordinates": [
          1.664369666017592,
          -38.9839014330646,
          0.25267717344
        ]
      },
      "properties": {
        "id": "1_58",
        "camera": "R1 - Green (Point)",
        "frame": "0059",
        "image": "pano_camera0/frame_0059_hp_preview.jpg",
        "frameId": "0059",
        "height": -4.716542,
        "coords2D": "2D: (397924.577, 808187.175)",
        "coords3D_original": "3D_Original: (-793548.981, 426441.300, 0.000)",
        "coords3D": "3D: (1.664, -38.984, 0.253)",
        "coordsMtEden": "MtEden: (397924.577, 808187.175, -4.717)",
        "easting": 397924.576869666,
        "northing": 808187.1750985669,
        "longitude": 174.74090700959738,
        "latitude": -36.80593741921048,
        "group": "R1 - Green (90 points)",
        "canvasX": 471.2190519180757,
        "canvasY": 1075.3171548448365,
        "variant": "northing_easting_direct"
      }
    },
    {
      "type": "Feature",
      "geometry": {
        "type": "Point",
        "coordinates": [
          3.8780685990932398,
          -39.018961697933264,
          0.2771325548
        ]
      },
      "properties": {
        "id": "1_59",
        "camera": "R1 - Green (Point)",
        "frame": "0060",
        "image": "pano_camera0/frame_0060_hp_preview.jpg",
        "frameId": "0060",
        "height": -4.156928,
        "coords2D": "2D: (397926.791, 808187.140)",
        "coords3D_original": "3D_Original: (-793548.981, 426441.300, 0.000)",
        "coords3D": "3D: (3.878, -39.019, 0.277)",
        "coordsMtEden": "MtEden: (397926.791, 808187.140, -4.157)",
        "easting": 397926.79056859907,
        "northing": 808187.140038302,
        "longitude": 174.74093181884004,
        "latitude": -36.80593774002374,
        "group": "R1 - Green (90 points)",
        "canvasX": 507.4840992270871,
        "canvasY": 1075.8915157685262,
        "variant": "northing_easting_direct"
      }
    },
    {
      "type": "Feature",
      "geometry": {
        "type": "Point",
        "coordinates": [
          5.017734403489158,
          -39.06679251184687,
          0.29446851336
        ]
      },
      "properties": {
        "id": "1_60",
        "camera": "R1 - Green (Point)",
        "frame": "0061",
        "image": "pano_camera0/frame_0061_hp_preview.jpg",
        "frameId": "0061",
        "height": -3.872212,
        "coords2D": "2D: (397927.930, 808187.092)",
        "coords3D_original": "3D_Original: (-793548.981, 426441.300, 0.000)",
        "coords3D": "3D: (5.018, -39.067, 0.294)",
        "coordsMtEden": "MtEden: (397927.930, 808187.092, -3.872)",
        "easting": 397927.93023440347,
        "northing": 808187.0922074881,
        "longitude": 174.74094459115784,
        "latitude": -36.805938173570574,
        "group": "R1 - Green (90 points)",
        "canvasX": 526.1542235581016,
        "canvasY": 1076.6750851610363,
        "variant": "northing_easting_direct"
      }
    },
    {
      "type": "Feature",
      "geometry": {
        "type": "Point",
        "coordinates": [
          8.5500207458972,
          -38.559284585295245,
          0.14127953208000002
        ]
      },
      "properties": {
        "id": "1_61",
        "camera": "R1 - Green (Point)",
        "frame": "0062",
        "image": "pano_camera0/frame_0062_hp_preview.jpg",
        "frameId": "0062",
        "height": -2.915186,
        "coords2D": "2D: (397931.463, 808187.600)",
        "coords3D_original": "3D_Original: (-793548.981, 426441.300, 0.000)",
        "coords3D": "3D: (8.550, -38.559, 0.141)",
        "coordsMtEden": "MtEden: (397931.463, 808187.600, -2.915)",
        "easting": 397931.4625207459,
        "northing": 808187.5997154147,
        "longitude": 174.7409841795309,
        "latitude": -36.805933607622336,
        "group": "R1 - Green (90 points)",
        "canvasX": 584.0205076321271,
        "canvasY": 1068.3610372599483,
        "variant": "northing_easting_direct"
      }
    },
    {
      "type": "Feature",
      "geometry": {
        "type": "Point",
        "coordinates": [
          11.22548124770401,
          -38.24981296516489,
          0.14308071324
        ]
      },
      "properties": {
        "id": "1_62",
        "camera": "R1 - Green (Point)",
        "frame": "0063",
        "image": "pano_camera0/frame_0063_hp_preview.jpg",
        "frameId": "0063",
        "height": -2.198827,
        "coords2D": "2D: (397934.138, 808187.909)",
        "coords3D_original": "3D_Original: (-793548.981, 426441.300, 0.000)",
        "coords3D": "3D: (11.225, -38.250, 0.143)",
        "coordsMtEden": "MtEden: (397934.138, 808187.909, -2.199)",
        "easting": 397934.1379812477,
        "northing": 808187.9091870348,
        "longitude": 174.74101416475548,
        "latitude": -36.80593082449897,
        "group": "R1 - Green (90 points)",
        "canvasX": 627.8501812256171,
        "canvasY": 1063.2912408311647,
        "variant": "northing_easting_direct"
      }
    },
    {
      "type": "Feature",
      "geometry": {
        "type": "Point",
        "coordinates": [
          11.70994726655772,
          -38.19433367077727,
          0.14444226184
        ]
      },
      "properties": {
        "id": "1_63",
        "camera": "R1 - Green (Point)",
        "frame": "0064",
        "image": "pano_camera0/frame_0064_hp_preview.jpg",
        "frameId": "0064",
        "height": -2.069174,
        "coords2D": "2D: (397934.622, 808187.965)",
        "coords3D_original": "3D_Original: (-793548.981, 426441.300, 0.000)",
        "coords3D": "3D: (11.710, -38.194, 0.144)",
        "coordsMtEden": "MtEden: (397934.622, 808187.965, -2.069)",
        "easting": 397934.62244726653,
        "northing": 808187.9646663292,
        "longitude": 174.74101959440685,
        "latitude": -36.80593032557534,
        "group": "R1 - Green (90 points)",
        "canvasX": 635.7867541857551,
        "canvasY": 1062.3823732321785,
        "variant": "northing_easting_direct"
      }
    },
    {
      "type": "Feature",
      "geometry": {
        "type": "Point",
        "coordinates": [
          14.948457906139083,
          -38.68945172894746,
          0.0162073496
        ]
      },
      "properties": {
        "id": "1_64",
        "camera": "R1 - Green (Point)",
        "frame": "0065",
        "image": "pano_camera0/frame_0065_hp_preview.jpg",
        "frameId": "0065",
        "height": -1.300966,
        "coords2D": "2D: (397937.861, 808187.470)",
        "coords3D_original": "3D_Original: (-793548.981, 426441.300, 0.000)",
        "coords3D": "3D: (14.948, -38.689, 0.016)",
        "coordsMtEden": "MtEden: (397937.861, 808187.470, -1.301)",
        "easting": 397937.8609579061,
        "northing": 808187.469548271,
        "longitude": 174.7410558876573,
        "latitude": -36.80593479464731,
        "group": "R1 - Green (90 points)",
        "canvasX": 688.8403739885969,
        "canvasY": 1070.493449013569,
        "variant": "northing_easting_direct"
      }
    },
    {
      "type": "Feature",
      "geometry": {
        "type": "Point",
        "coordinates": [
          15.655381990945898,
          -39.10487329494208,
          0.01017388484
        ]
      },
      "properties": {
        "id": "1_65",
        "camera": "R1 - Green (Point)",
        "frame": "0066",
        "image": "pano_camera0/frame_0066_hp_preview.jpg",
        "frameId": "0066",
        "height": -1.168229,
        "coords2D": "2D: (397938.568, 808187.054)",
        "coords3D_original": "3D_Original: (-793548.981, 426441.300, 0.000)",
        "coords3D": "3D: (15.655, -39.105, 0.010)",
        "coordsMtEden": "MtEden: (397938.568, 808187.054, -1.168)",
        "easting": 397938.5678819909,
        "northing": 808187.054126705,
        "longitude": 174.7410638091628,
        "latitude": -36.805938539973816,
        "group": "R1 - Green (90 points)",
        "canvasX": 700.4212782370555,
        "canvasY": 1077.298928530503,
        "variant": "northing_easting_direct"
      }
    },
    {
      "type": "Feature",
      "geometry": {
        "type": "Point",
        "coordinates": [
          18.51737534068525,
          -39.936556139728054,
          -0.06917979224
        ]
      },
      "properties": {
        "id": "1_66",
        "camera": "R1 - Green (Point)",
        "frame": "0067",
        "image": "pano_camera0/frame_0067_hp_preview.jpg",
        "frameId": "0067",
        "height": -0.534157,
        "coords2D": "2D: (397941.430, 808186.222)",
        "coords3D_original": "3D_Original: (-793548.981, 426441.300, 0.000)",
        "coords3D": "3D: (18.517, -39.937, -0.069)",
        "coordsMtEden": "MtEden: (397941.430, 808186.222, -0.534)",
        "easting": 397941.42987534066,
        "northing": 808186.2224438603,
        "longitude": 174.7410958818097,
        "latitude": -36.805946041342196,
        "group": "R1 - Green (90 points)",
        "canvasX": 747.3067524434772,
        "canvasY": 1090.9236438244134,
        "variant": "northing_easting_direct"
      }
    },
    {
      "type": "Feature",
      "geometry": {
        "type": "Point",
        "coordinates": [
          21.36996213218663,
          -39.901059900643304,
          -0.08551509460000001
        ]
      },
      "properties": {
        "id": "1_67",
        "camera": "R1 - Green (Point)",
        "frame": "0068",
        "image": "pano_camera0/frame_0068_hp_preview.jpg",
        "frameId": "0068",
        "height": 0.19614,
        "coords2D": "2D: (397944.282, 808186.258)",
        "coords3D_original": "3D_Original: (-793548.981, 426441.300, 0.000)",
        "coords3D": "3D: (21.370, -39.901, -0.086)",
        "coordsMtEden": "MtEden: (397944.282, 808186.258, 0.196)",
        "easting": 397944.28246213216,
        "northing": 808186.2579400993,
        "longitude": 174.74112785138308,
        "latitude": -36.80594572764671,
        "group": "R1 - Green (90 points)",
        "canvasX": 794.0381274282468,
        "canvasY": 1090.3421407255237,
        "variant": "northing_easting_direct"
      }
    },
    {
      "type": "Feature",
      "geometry": {
        "type": "Point",
        "coordinates": [
          21.797631818975788,
          -39.88427767227404,
          -0.07556430688
        ]
      },
      "properties": {
        "id": "1_68",
        "camera": "R1 - Green (Point)",
        "frame": "0069",
        "image": "pano_camera0/frame_0069_hp_preview.jpg",
        "frameId": "0069",
        "height": 0.306932,
        "coords2D": "2D: (397944.710, 808186.275)",
        "coords3D_original": "3D_Original: (-793548.981, 426441.300, 0.000)",
        "coords3D": "3D: (21.798, -39.884, -0.076)",
        "coordsMtEden": "MtEden: (397944.710, 808186.275, 0.307)",
        "easting": 397944.71013181895,
        "northing": 808186.2747223277,
        "longitude": 174.7411326444031,
        "latitude": -36.80594557733333,
        "group": "R1 - Green (90 points)",
        "canvasX": 801.0442569392319,
        "canvasY": 1090.0672125062158,
        "variant": "northing_easting_direct"
      }
    },
    {
      "type": "Feature",
      "geometry": {
        "type": "Point",
        "coordinates": [
          24.31001163739711,
          -38.245389016577974,
          -0.10972441296
        ]
      },
      "properties": {
        "id": "1_69",
        "camera": "R1 - Green (Point)",
        "frame": "0070",
        "image": "pano_camera0/frame_0070_hp_preview.jpg",
        "frameId": "0070",
        "height": 1.132959,
        "coords2D": "2D: (397947.223, 808187.914)",
        "coords3D_original": "3D_Original: (-793548.981, 426441.300, 0.000)",
        "coords3D": "3D: (24.310, -38.245, -0.110)",
        "coordsMtEden": "MtEden: (397947.223, 808187.914, 1.133)",
        "easting": 397947.2225116374,
        "northing": 808187.9136109834,
        "longitude": 174.74116080553523,
        "latitude": -36.80593081308682,
        "group": "R1 - Green (90 points)",
        "canvasX": 842.2023257321182,
        "canvasY": 1063.2187672439702,
        "variant": "northing_easting_direct"
      }
    },
    {
      "type": "Feature",
      "geometry": {
        "type": "Point",
        "coordinates": [
          25.107714463374577,
          -36.14166200370528,
          -0.12450787799999999
        ]
      },
      "properties": {
        "id": "1_70",
        "camera": "R1 - Green (Point)",
        "frame": "0071",
        "image": "pano_camera0/frame_0071_hp_preview.jpg",
        "frameId": "0071",
        "height": 1.575298,
        "coords2D": "2D: (397948.020, 808190.017)",
        "coords3D_original": "3D_Original: (-793548.981, 426441.300, 0.000)",
        "coords3D": "3D: (25.108, -36.142, -0.125)",
        "coordsMtEden": "MtEden: (397948.020, 808190.017, 1.575)",
        "easting": 397948.02021446335,
        "northing": 808190.0173379963,
        "longitude": 174.7411697512087,
        "latitude": -36.805911855986956,
        "group": "R1 - Green (90 points)",
        "canvasX": 855.2703768066392,
        "canvasY": 1028.7552914259004,
        "variant": "northing_easting_direct"
      }
    },
    {
      "type": "Feature",
      "geometry": {
        "type": "Point",
        "coordinates": [
          25.24888127791928,
          -34.28008827613667,
          -0.08916995036
        ]
      },
      "properties": {
        "id": "1_71",
        "camera": "R1 - Green (Point)",
        "frame": "0072",
        "image": "pano_camera0/frame_0072_hp_preview.jpg",
        "frameId": "0072",
        "height": 1.822946,
        "coords2D": "2D: (397948.161, 808191.879)",
        "coords3D_original": "3D_Original: (-793548.981, 426441.300, 0.000)",
        "coords3D": "3D: (25.249, -34.280, -0.089)",
        "coordsMtEden": "MtEden: (397948.161, 808191.879, 1.823)",
        "easting": 397948.1613812779,
        "northing": 808191.8789117238,
        "longitude": 174.74117133830757,
        "latitude": -36.80589507975406,
        "group": "R1 - Green (90 points)",
        "canvasX": 857.5829863184024,
        "canvasY": 998.2587960406146,
        "variant": "northing_easting_direct"
      }
    },
    {
      "type": "Feature",
      "geometry": {
        "type": "Point",
        "coordinates": [
          25.207616950501688,
          -33.943822730565444,
          -0.076443572
        ]
      },
      "properties": {
        "id": "1_72",
        "camera": "R1 - Green (Point)",
        "frame": "0073",
        "image": "pano_camera0/frame_0073_hp_preview.jpg",
        "frameId": "0073",
        "height": 1.850682,
        "coords2D": "2D: (397948.120, 808192.215)",
        "coords3D_original": "3D_Original: (-793548.981, 426441.300, 0.000)",
        "coords3D": "3D: (25.208, -33.944, -0.076)",
        "coordsMtEden": "MtEden: (397948.120, 808192.215, 1.851)",
        "easting": 397948.1201169505,
        "northing": 808192.2151772694,
        "longitude": 174.74117087675694,
        "latitude": -36.80589204923299,
        "group": "R1 - Green (90 points)",
        "canvasX": 856.906989793173,
        "canvasY": 992.7500587244278,
        "variant": "northing_easting_direct"
      }
    },
    {
      "type": "Feature",
      "geometry": {
        "type": "Point",
        "coordinates": [
          25.34196273254929,
          -31.434408518951386,
          -0.04506561824
        ]
      },
      "properties": {
        "id": "1_73",
        "camera": "R1 - Green (Point)",
        "frame": "0074",
        "image": "pano_camera0/frame_0074_hp_preview.jpg",
        "frameId": "0074",
        "height": 2.170269,
        "coords2D": "2D: (397948.254, 808194.725)",
        "coords3D_original": "3D_Original: (-793548.981, 426441.300, 0.000)",
        "coords3D": "3D: (25.342, -31.434, -0.045)",
        "coordsMtEden": "MtEden: (397948.254, 808194.725, 2.170)",
        "easting": 397948.2544627325,
        "northing": 808194.724591481,
        "longitude": 174.74117238915625,
        "latitude": -36.80586943463412,
        "group": "R1 - Green (90 points)",
        "canvasX": 859.107856437656,
        "canvasY": 951.6405728128568,
        "variant": "northing_easting_direct"
      }
    },
    {
      "type": "Feature",
      "geometry": {
        "type": "Point",
        "coordinates": [
          25.734405365248676,
          -28.592346912366338,
          0.0254429142
        ]
      },
      "properties": {
        "id": "1_74",
        "camera": "R1 - Green (Point)",
        "frame": "0075",
        "image": "pano_camera0/frame_0075_hp_preview.jpg",
        "frameId": "0075",
        "height": 2.593397,
        "coords2D": "2D: (397948.647, 808197.567)",
        "coords3D_original": "3D_Original: (-793548.981, 426441.300, 0.000)",
        "coords3D": "3D: (25.734, -28.592, 0.025)",
        "coordsMtEden": "MtEden: (397948.647, 808197.567, 2.593)",
        "easting": 397948.6469053652,
        "northing": 808197.5666530876,
        "longitude": 174.74117679498718,
        "latitude": -36.805843822769475,
        "group": "R1 - Green (90 points)",
        "canvasX": 865.5368926663207,
        "canvasY": 905.0816225067773,
        "variant": "northing_easting_direct"
      }
    },
    {
      "type": "Feature",
      "geometry": {
        "type": "Point",
        "coordinates": [
          25.87691531010205,
          -27.476387675735168,
          0.00438976392
        ]
      },
      "properties": {
        "id": "1_75",
        "camera": "R1 - Green (Point)",
        "frame": "0076",
        "image": "pano_camera0/frame_0076_hp_preview.jpg",
        "frameId": "0076",
        "height": 2.756592,
        "coords2D": "2D: (397948.789, 808198.683)",
        "coords3D_original": "3D_Original: (-793548.981, 426441.300, 0.000)",
        "coords3D": "3D: (25.877, -27.476, 0.004)",
        "coordsMtEden": "MtEden: (397948.789, 808198.683, 2.757)",
        "easting": 397948.7894153101,
        "northing": 808198.6826123242,
        "longitude": 174.74117839512718,
        "latitude": -36.80583376603165,
        "group": "R1 - Green (90 points)",
        "canvasX": 867.8715054787788,
        "canvasY": 886.7998616464407,
        "variant": "northing_easting_direct"
      }
    },
    {
      "type": "Feature",
      "geometry": {
        "type": "Point",
        "coordinates": [
          26.143991241056938,
          -25.00284690700937,
          0.08979002912
        ]
      },
      "properties": {
        "id": "1_76",
        "camera": "R1 - Green (Point)",
        "frame": "0077",
        "image": "pano_camera0/frame_0077_hp_preview.jpg",
        "frameId": "0077",
        "height": 3.105892,
        "coords2D": "2D: (397949.056, 808201.156)",
        "coords3D_original": "3D_Original: (-793548.981, 426441.300, 0.000)",
        "coords3D": "3D: (26.144, -25.003, 0.090)",
        "coordsMtEden": "MtEden: (397949.056, 808201.156, 3.106)",
        "easting": 397949.05649124103,
        "northing": 808201.156153093,
        "longitude": 174.7411813949557,
        "latitude": -36.80581147501214,
        "group": "R1 - Green (90 points)",
        "canvasX": 872.2467712960772,
        "canvasY": 846.2780582273699,
        "variant": "northing_easting_direct"
      }
    },
    {
      "type": "Feature",
      "geometry": {
        "type": "Point",
        "coordinates": [
          26.372114214638714,
          -22.16298973292578,
          0.17945538632
        ]
      },
      "properties": {
        "id": "1_77",
        "camera": "R1 - Green (Point)",
        "frame": "0078",
        "image": "pano_camera0/frame_0078_hp_preview.jpg",
        "frameId": "0078",
        "height": 3.486934,
        "coords2D": "2D: (397949.285, 808203.996)",
        "coords3D_original": "3D_Original: (-793548.981, 426441.300, 0.000)",
        "coords3D": "3D: (26.372, -22.163, 0.179)",
        "coordsMtEden": "MtEden: (397949.285, 808203.996, 3.487)",
        "easting": 397949.2846142146,
        "northing": 808203.9960102671,
        "longitude": 174.7411839592168,
        "latitude": -36.805785882657446,
        "group": "R1 - Green (90 points)",
        "canvasX": 875.9839056940808,
        "canvasY": 799.7552211635564,
        "variant": "northing_easting_direct"
      }
    },
    {
      "type": "Feature",
      "geometry": {
        "type": "Point",
        "coordinates": [
          27.133046742761508,
          -18.307513067498803,
          0.16011811536
        ]
      },
      "properties": {
        "id": "1_78",
        "camera": "R1 - Green (Point)",
        "frame": "0079",
        "image": "pano_camera0/frame_0079_hp_preview.jpg",
        "frameId": "0079",
        "height": 4.119129,
        "coords2D": "2D: (397950.046, 808207.851)",
        "coords3D_original": "3D_Original: (-793548.981, 426441.300, 0.000)",
        "coords3D": "3D: (27.133, -18.308, 0.160)",
        "coordsMtEden": "MtEden: (397950.046, 808207.851, 4.119)",
        "easting": 397950.04554674274,
        "northing": 808207.8514869325,
        "longitude": 174.74119249749313,
        "latitude": -36.8057511386733,
        "group": "R1 - Green (90 points)",
        "canvasX": 888.4495819061403,
        "canvasY": 736.594399437606,
        "variant": "northing_easting_direct"
      }
    },
    {
      "type": "Feature",
      "geometry": {
        "type": "Point",
        "coordinates": [
          28.463643117807806,
          -16.209291686071083,
          0.21120735584
        ]
      },
      "properties": {
        "id": "1_79",
        "camera": "R1 - Green (Point)",
        "frame": "0080",
        "image": "pano_camera0/frame_0080_hp_preview.jpg",
        "frameId": "0080",
        "height": 4.696515,
        "coords2D": "2D: (397951.376, 808209.950)",
        "coords3D_original": "3D_Original: (-793548.981, 426441.300, 0.000)",
        "coords3D": "3D: (28.464, -16.209, 0.211)",
        "coordsMtEden": "MtEden: (397951.376, 808209.950, 4.697)",
        "easting": 397951.3761431178,
        "northing": 808209.9497083139,
        "longitude": 174.74120741534483,
        "latitude": -36.80573223234041,
        "group": "R1 - Green (90 points)",
        "canvasX": 910.2475508031139,
        "canvasY": 702.2211174496007,
        "variant": "northing_easting_direct"
      }
    },
    {
      "type": "Feature",
      "geometry": {
        "type": "Point",
        "coordinates": [
          29.49174057628261,
          -32.44697639660444,
          -0.05394357127999999
        ]
      },
      "properties": {
        "id": "1_80",
        "camera": "R1 - Green (Point)",
        "frame": "0118",
        "image": "pano_camera0/frame_0118_hp_preview.jpg",
        "frameId": "0118",
        "height": 3.111636,
        "coords2D": "2D: (397952.404, 808193.712)",
        "coords3D_original": "3D_Original: (-793548.981, 426441.300, 0.000)",
        "coords3D": "3D: (29.492, -32.447, -0.054)",
        "coordsMtEden": "MtEden: (397952.404, 808193.712, 3.112)",
        "easting": 397952.40424057626,
        "northing": 808193.7120236034,
        "longitude": 174.74121889372898,
        "latitude": -36.80587856889838,
        "group": "R1 - Green (90 points)",
        "canvasX": 927.0899508296019,
        "canvasY": 968.2285656230042,
        "variant": "northing_easting_direct"
      }
    },
    {
      "type": "Feature",
      "geometry": {
        "type": "Point",
        "coordinates": [
          27.964219549146947,
          -33.03981603158172,
          -0.026909449679999996
        ]
      },
      "properties": {
        "id": "1_81",
        "camera": "R1 - Green (Point)",
        "frame": "0119",
        "image": "pano_camera0/frame_0119_hp_preview.jpg",
        "frameId": "0119",
        "height": 2.655313,
        "coords2D": "2D: (397950.877, 808193.119)",
        "coords3D_original": "3D_Original: (-793548.981, 426441.300, 0.000)",
        "coords3D": "3D: (27.964, -33.040, -0.027)",
        "coordsMtEden": "MtEden: (397950.877, 808193.119, 2.655)",
        "easting": 397950.8767195491,
        "northing": 808193.1191839684,
        "longitude": 174.7412017729327,
        "latitude": -36.805883908276364,
        "group": "R1 - Green (90 points)",
        "canvasX": 902.0659416987274,
        "canvasY": 977.9405264900527,
        "variant": "northing_easting_direct"
      }
    },
    {
      "type": "Feature",
      "geometry": {
        "type": "Point",
        "coordinates": [
          26.48407581320498,
          -35.13902824698016,
          -0.03376640528
        ]
      },
      "properties": {
        "id": "1_82",
        "camera": "R1 - Green (Point)",
        "frame": "0120",
        "image": "pano_camera0/frame_0120_hp_preview.jpg",
        "frameId": "0120",
        "height": 2.03974,
        "coords2D": "2D: (397949.397, 808191.020)",
        "coords3D_original": "3D_Original: (-793548.981, 426441.300, 0.000)",
        "coords3D": "3D: (26.484, -35.139, -0.034)",
        "coordsMtEden": "MtEden: (397949.397, 808191.020, 2.040)",
        "easting": 397949.3965758132,
        "northing": 808191.019971753,
        "longitude": 174.741185179043,
        "latitude": -36.80590282321363,
        "group": "R1 - Green (90 points)",
        "canvasX": 877.8180723039926,
        "canvasY": 1012.3300404229353,
        "variant": "northing_easting_direct"
      }
    },
    {
      "type": "Feature",
      "geometry": {
        "type": "Point",
        "coordinates": [
          26.21736876136856,
          -36.614168024621904,
          -0.07204068472
        ]
      },
      "properties": {
        "id": "1_83",
        "camera": "R1 - Green (Point)",
        "frame": "0121",
        "image": "pano_camera0/frame_0121_hp_preview.jpg",
        "frameId": "0121",
        "height": 1.804077,
        "coords2D": "2D: (397949.130, 808189.545)",
        "coords3D_original": "3D_Original: (-793548.981, 426441.300, 0.000)",
        "coords3D": "3D: (26.217, -36.614, -0.072)",
        "coordsMtEden": "MtEden: (397949.130, 808189.545, 1.804)",
        "easting": 397949.12986876135,
        "northing": 808189.5448319754,
        "longitude": 174.74118218603527,
        "latitude": -36.80591611662448,
        "group": "R1 - Green (90 points)",
        "canvasX": 873.4488495031325,
        "canvasY": 1036.4959344496617,
        "variant": "northing_easting_direct"
      }
    },
    {
      "type": "Feature",
      "geometry": {
        "type": "Point",
        "coordinates": [
          26.22173338982975,
          -37.84299462859053,
          -0.06407808604
        ]
      },
      "properties": {
        "id": "1_84",
        "camera": "R1 - Green (Point)",
        "frame": "0122",
        "image": "pano_camera0/frame_0122_hp_preview.jpg",
        "frameId": "0122",
        "height": 1.66544,
        "coords2D": "2D: (397949.134, 808188.316)",
        "coords3D_original": "3D_Original: (-793548.981, 426441.300, 0.000)",
        "coords3D": "3D: (26.222, -37.843, -0.064)",
        "coordsMtEden": "MtEden: (397949.134, 808188.316, 1.665)",
        "easting": 397949.1342333898,
        "northing": 808188.3160053714,
        "longitude": 174.74118223164066,
        "latitude": -36.805927190843256,
        "group": "R1 - Green (90 points)",
        "canvasX": 873.5203513028991,
        "canvasY": 1056.6267003192334,
        "variant": "northing_easting_direct"
      }
    },
    {
      "type": "Feature",
      "geometry": {
        "type": "Point",
        "coordinates": [
          26.812983920797706,
          -40.201462902128696,
          -0.08171588188
        ]
      },
      "properties": {
        "id": "1_85",
        "camera": "R1 - Green (Point)",
        "frame": "0123",
        "image": "pano_camera0/frame_0123_hp_preview.jpg",
        "frameId": "0123",
        "height": 1.547754,
        "coords2D": "2D: (397949.725, 808185.958)",
        "coords3D_original": "3D_Original: (-793548.981, 426441.300, 0.000)",
        "coords3D": "3D: (26.813, -40.201, -0.082)",
        "coordsMtEden": "MtEden: (397949.725, 808185.958, 1.548)",
        "easting": 397949.7254839208,
        "northing": 808185.9575370979,
        "longitude": 174.74118885154448,
        "latitude": -36.80594844668569,
        "group": "R1 - Green (90 points)",
        "canvasX": 883.2062793020614,
        "canvasY": 1095.26337409548,
        "variant": "northing_easting_direct"
      }
    },
    {
      "type": "Feature",
      "geometry": {
        "type": "Point",
        "coordinates": [
          28.0565262431046,
          -41.715424783178605,
          -0.11057086968
        ]
      },
      "properties": {
        "id": "1_86",
        "camera": "R1 - Green (Point)",
        "frame": "0124",
        "image": "pano_camera0/frame_0124_hp_preview.jpg",
        "frameId": "0124",
        "height": 1.692181,
        "coords2D": "2D: (397950.969, 808184.444)",
        "coords3D_original": "3D_Original: (-793548.981, 426441.300, 0.000)",
        "coords3D": "3D: (28.057, -41.715, -0.111)",
        "coordsMtEden": "MtEden: (397950.969, 808184.444, 1.692)",
        "easting": 397950.9690262431,
        "northing": 808184.4435752168,
        "longitude": 174.74120278408378,
        "latitude": -36.80596209323139,
        "group": "R1 - Green (90 points)",
        "canvasX": 903.5781196069922,
        "canvasY": 1120.0652558784057,
        "variant": "northing_easting_direct"
      }
    },
    {
      "type": "Feature",
      "geometry": {
        "type": "Point",
        "coordinates": [
          29.376039303373545,
          -41.62359916209243,
          -0.14311680248
        ]
      },
      "properties": {
        "id": "1_87",
        "camera": "R1 - Green (Point)",
        "frame": "0125",
        "image": "pano_camera0/frame_0125_hp_preview.jpg",
        "frameId": "0125",
        "height": 2.038568,
        "coords2D": "2D: (397952.289, 808184.535)",
        "coords3D_original": "3D_Original: (-793548.981, 426441.300, 0.000)",
        "coords3D": "3D: (29.376, -41.624, -0.143)",
        "coordsMtEden": "MtEden: (397952.289, 808184.535, 2.039)",
        "easting": 397952.28853930335,
        "northing": 808184.5354008379,
        "longitude": 174.74121757236526,
        "latitude": -36.80596126855156,
        "group": "R1 - Green (90 points)",
        "canvasX": 925.194520482759,
        "canvasY": 1118.5609589552187,
        "variant": "northing_easting_direct"
      }
    },
    {
      "type": "Feature",
      "geometry": {
        "type": "Point",
        "coordinates": [
          30.080855816951953,
          -41.32546055945568,
          -0.07258530416
        ]
      },
      "properties": {
        "id": "1_88",
        "camera": "R1 - Green (Point)",
        "frame": "0126",
        "image": "pano_camera0/frame_0126_hp_preview.jpg",
        "frameId": "0126",
        "height": 2.251918,
        "coords2D": "2D: (397952.993, 808184.834)",
        "coords3D_original": "3D_Original: (-793548.981, 426441.300, 0.000)",
        "coords3D": "3D: (30.081, -41.325, -0.073)",
        "coordsMtEden": "MtEden: (397952.993, 808184.834, 2.252)",
        "easting": 397952.9933558169,
        "northing": 808184.8335394405,
        "longitude": 174.7412254721798,
        "latitude": -36.805958583244646,
        "group": "R1 - Green (90 points)",
        "canvasX": 936.7408982798536,
        "canvasY": 1113.676821203775,
        "variant": "northing_easting_direct"
      }
    },
    {
      "type": "Feature",
      "geometry": {
        "type": "Point",
        "coordinates": [
          21.774085416516755,
          -44.520834913128056,
          19.44234642268
        ]
      },
      "properties": {
        "id": "1_89",
        "camera": "R1 - Green (End)",
        "frame": "0197",
        "image": "pano_camera0/frame_0197_hp_preview.jpg",
        "frameId": "0197",
        "height": -1.505693,
        "coords2D": "2D: (397944.687, 808181.638)",
        "coords3D_original": "3D_Original: (-793548.981, 426441.300, 0.000)",
        "coords3D": "3D: (21.774, -44.521, 19.442)",
        "coordsMtEden": "MtEden: (397944.687, 808181.638, -1.506)",
        "easting": 397944.6865854165,
        "northing": 808181.6381650869,
        "longitude": 174.74113236799863,
        "latitude": -36.805987362026194,
        "group": "R1 - Green (90 points)",
        "canvasX": 800.6585173134068,
        "canvasY": 1166.0237778627418,
        "variant": "northing_easting_direct"
      }
    },
    {
      "type": "Feature",
      "geometry": {
        "type": "Point",
        "coordinates": [
          -4.244413331325632,
          -7.847540718736127,
          0.08945538344
        ]
      },
      "properties": {
        "id": "2_0",
        "camera": "R2 - Blue (Start)",
        "frame": "0089",
        "image": "pano_camera0/frame_0089_hp_preview.jpg",
        "frameId": "0089",
        "height": 3.327995,
        "coords2D": "2D: (397918.668, 808218.311)",
        "coords3D_original": "3D_Original: (-793548.981, 426441.300, 0.000)",
        "coords3D": "3D: (-4.244, -7.848, 0.089)",
        "coordsMtEden": "MtEden: (397918.668, 808218.311, 3.328)",
        "easting": 397918.66808666865,
        "northing": 808218.3114592812,
        "longitude": 174.7408408738709,
        "latitude": -36.805656804745716,
        "group": "R2 - Blue (11 points)",
        "canvasX": 374.4207512392803,
        "canvasY": 565.2380390895989,
        "variant": "northing_easting_direct"
      }
    },
    {
      "type": "Feature",
      "geometry": {
        "type": "Point",
        "coordinates": [
          -3.7605004812357947,
          0.8515555973863229,
          0.30879922247999997
        ]
      },
      "properties": {
        "id": "2_1",
        "camera": "R2 - Blue (Point)",
        "frame": "0090",
        "image": "pano_camera0/frame_0090_hp_preview.jpg",
        "frameId": "0090",
        "height": 1.417031,
        "coords2D": "2D: (397919.152, 808227.011)",
        "coords3D_original": "3D_Original: (-793548.981, 426441.300, 0.000)",
        "coords3D": "3D: (-3.761, 0.852, 0.309)",
        "coordsMtEden": "MtEden: (397919.152, 808227.011, 1.417)",
        "easting": 397919.15199951874,
        "northing": 808227.0105555974,
        "longitude": 174.74084632092587,
        "latitude": -36.80557840937976,
        "group": "R2 - Blue (11 points)",
        "canvasX": 382.34826213072614,
        "canvasY": 422.7285339659359,
        "variant": "northing_easting_direct"
      }
    },
    {
      "type": "Feature",
      "geometry": {
        "type": "Point",
        "coordinates": [
          -3.7278065583086573,
          1.0722418532241136,
          0.29577428767999997
        ]
      },
      "properties": {
        "id": "2_2",
        "camera": "R2 - Blue (Point)",
        "frame": "0091",
        "image": "pano_camera0/frame_0091_hp_preview.jpg",
        "frameId": "0091",
        "height": 1.368552,
        "coords2D": "2D: (397919.185, 808227.231)",
        "coords3D_original": "3D_Original: (-793548.981, 426441.300, 0.000)",
        "coords3D": "3D: (-3.728, 1.072, 0.296)",
        "coordsMtEden": "MtEden: (397919.185, 808227.231, 1.369)",
        "easting": 397919.18469344167,
        "northing": 808227.2312418532,
        "longitude": 174.74084668793415,
        "latitude": -36.80557642062265,
        "group": "R2 - Blue (11 points)",
        "canvasX": 382.88385739353487,
        "canvasY": 419.11322865464274,
        "variant": "northing_easting_direct"
      }
    },
    {
      "type": "Feature",
      "geometry": {
        "type": "Point",
        "coordinates": [
          3.0081885724212043,
          11.457806522143073,
          0.02838582768
        ]
      },
      "properties": {
        "id": "2_3",
        "camera": "R2 - Blue (Point)",
        "frame": "0092",
        "image": "pano_camera0/frame_0092_hp_preview.jpg",
        "frameId": "0092",
        "height": -0.912885,
        "coords2D": "2D: (397925.921, 808237.617)",
        "coords3D_original": "3D_Original: (-793548.981, 426441.300, 0.000)",
        "coords3D": "3D: (3.008, 11.458, 0.028)",
        "coordsMtEden": "MtEden: (397925.921, 808237.617, -0.913)",
        "easting": 397925.9206885724,
        "northing": 808237.6168065221,
        "longitude": 174.74092220742676,
        "latitude": -36.80548284048365,
        "group": "R2 - Blue (11 points)",
        "canvasX": 493.23363370569825,
        "canvasY": 248.9758226957579,
        "variant": "northing_easting_direct"
      }
    },
    {
      "type": "Feature",
      "geometry": {
        "type": "Point",
        "coordinates": [
          5.93439482327085,
          13.145048749633133,
          0.15107283948
        ]
      },
      "properties": {
        "id": "2_4",
        "camera": "R2 - Blue (Point)",
        "frame": "0093",
        "image": "pano_camera0/frame_0093_hp_preview.jpg",
        "frameId": "0093",
        "height": -1.283528,
        "coords2D": "2D: (397928.847, 808239.304)",
        "coords3D_original": "3D_Original: (-793548.981, 426441.300, 0.000)",
        "coords3D": "3D: (5.934, 13.145, 0.151)",
        "coordsMtEden": "MtEden: (397928.847, 808239.304, -1.284)",
        "easting": 397928.84689482325,
        "northing": 808239.3040487496,
        "longitude": 174.74095500636327,
        "latitude": -36.80546764142763,
        "group": "R2 - Blue (11 points)",
        "canvasX": 541.171050369773,
        "canvasY": 221.3352441670416,
        "variant": "northing_easting_direct"
      }
    },
    {
      "type": "Feature",
      "geometry": {
        "type": "Point",
        "coordinates": [
          11.611665861564688,
          14.86728376254905,
          0.29047573108
        ]
      },
      "properties": {
        "id": "2_5",
        "camera": "R2 - Blue (Middle)",
        "frame": "0094",
        "image": "pano_camera0/frame_0094_hp_preview.jpg",
        "frameId": "0094",
        "height": -1.661858,
        "coords2D": "2D: (397934.524, 808241.026)",
        "coords3D_original": "3D_Original: (-793548.981, 426441.300, 0.000)",
        "coords3D": "3D: (11.612, 14.867, 0.290)",
        "coordsMtEden": "MtEden: (397934.524, 808241.026, -1.662)",
        "easting": 397934.52416586154,
        "northing": 808241.0262837625,
        "longitude": 174.7410186368851,
        "latitude": -36.80545213301169,
        "group": "R2 - Blue (11 points)",
        "canvasX": 634.1766979361145,
        "canvasY": 193.12141016837106,
        "variant": "northing_easting_direct"
      }
    },
    {
      "type": "Feature",
      "geometry": {
        "type": "Point",
        "coordinates": [
          18.591722811281215,
          15.906788453343324,
          0.047299870279999996
        ]
      },
      "properties": {
        "id": "2_6",
        "camera": "R2 - Blue (Point)",
        "frame": "0095",
        "image": "pano_camera0/frame_0095_hp_preview.jpg",
        "frameId": "0095",
        "height": -1.89021,
        "coords2D": "2D: (397941.504, 808242.066)",
        "coords3D_original": "3D_Original: (-793548.981, 426441.300, 0.000)",
        "coords3D": "3D: (18.592, 15.907, 0.047)",
        "coordsMtEden": "MtEden: (397941.504, 808242.066, -1.890)",
        "easting": 397941.50422281126,
        "northing": 808242.0657884533,
        "longitude": 174.74109686600596,
        "latitude": -36.805442780174175,
        "group": "R2 - Blue (11 points)",
        "canvasX": 748.5247204777725,
        "canvasY": 176.09213566921844,
        "variant": "northing_easting_direct"
      }
    },
    {
      "type": "Feature",
      "geometry": {
        "type": "Point",
        "coordinates": [
          27.11982016870752,
          15.18922012054827,
          -0.1066929168
        ]
      },
      "properties": {
        "id": "2_7",
        "camera": "R2 - Blue (Point)",
        "frame": "0096",
        "image": "pano_camera0/frame_0096_hp_preview.jpg",
        "frameId": "0096",
        "height": -1.732579,
        "coords2D": "2D: (397950.032, 808241.348)",
        "coords3D_original": "3D_Original: (-793548.981, 426441.300, 0.000)",
        "coords3D": "3D: (27.120, 15.189, -0.107)",
        "coordsMtEden": "MtEden: (397950.032, 808241.348, -1.733)",
        "easting": 397950.0323201687,
        "northing": 808241.3482201205,
        "longitude": 174.74119243944222,
        "latitude": -36.805449265415454,
        "group": "R2 - Blue (11 points)",
        "canvasX": 888.2329027871568,
        "canvasY": 187.84741509999165,
        "variant": "northing_easting_direct"
      }
    },
    {
      "type": "Feature",
      "geometry": {
        "type": "Point",
        "coordinates": [
          36.3107865859638,
          7.1168665803270414,
          -0.45848426664
        ]
      },
      "properties": {
        "id": "2_8",
        "camera": "R2 - Blue (Point)",
        "frame": "0097",
        "image": "pano_camera0/frame_0097_hp_preview.jpg",
        "frameId": "0097",
        "height": 0.040706,
        "coords2D": "2D: (397959.223, 808233.276)",
        "coords3D_original": "3D_Original: (-793548.981, 426441.300, 0.000)",
        "coords3D": "3D: (36.311, 7.117, -0.458)",
        "coordsMtEden": "MtEden: (397959.223, 808233.276, 0.041)",
        "easting": 397959.22328658594,
        "northing": 808233.2758665803,
        "longitude": 174.74129542203372,
        "latitude": -36.8055220334814,
        "group": "R2 - Blue (11 points)",
        "canvasX": 1038.800275321256,
        "canvasY": 320.08955456113,
        "variant": "northing_easting_direct"
      }
    },
    {
      "type": "Feature",
      "geometry": {
        "type": "Point",
        "coordinates": [
          37.42488367733313,
          5.199137203628197,
          -0.6138320406400001
        ]
      },
      "properties": {
        "id": "2_9",
        "camera": "R2 - Blue (Point)",
        "frame": "0098",
        "image": "pano_camera0/frame_0098_hp_preview.jpg",
        "frameId": "0098",
        "height": 0.461981,
        "coords2D": "2D: (397960.337, 808231.358)",
        "coords3D_original": "3D_Original: (-793548.981, 426441.300, 0.000)",
        "coords3D": "3D: (37.425, 5.199, -0.614)",
        "coordsMtEden": "MtEden: (397960.337, 808231.358, 0.462)",
        "easting": 397960.3373836773,
        "northing": 808231.3581372036,
        "longitude": 174.7413079027238,
        "latitude": -36.805539318497566,
        "group": "R2 - Blue (11 points)",
        "canvasX": 1057.0515303239433,
        "canvasY": 351.50599766051397,
        "variant": "northing_easting_direct"
      }
    },
    {
      "type": "Feature",
      "geometry": {
        "type": "Point",
        "coordinates": [
          41.59634054423077,
          -6.695737728732638,
          -0.91376643344
        ]
      },
      "properties": {
        "id": "2_10",
        "camera": "R2 - Blue (End)",
        "frame": "0099",
        "image": "pano_camera0/frame_0099_hp_preview.jpg",
        "frameId": "0099",
        "height": 3.074974,
        "coords2D": "2D: (397964.509, 808219.463)",
        "coords3D_original": "3D_Original: (-793548.981, 426441.300, 0.000)",
        "coords3D": "3D: (41.596, -6.696, -0.914)",
        "coordsMtEden": "MtEden: (397964.509, 808219.463, 3.075)",
        "easting": 397964.5088405442,
        "northing": 808219.4632622713,
        "longitude": 174.74135462098178,
        "latitude": -36.805646524324814,
        "group": "R2 - Blue (11 points)",
        "canvasX": 1125.3887727393524,
        "canvasY": 546.3690821150592,
        "variant": "northing_easting_direct"
      }
    },
    {
      "type": "Feature",
      "geometry": {
        "type": "Point",
        "coordinates": [
          -17.16260115179466,
          -3.42165561451111,
          4.792572331840001
        ]
      },
      "properties": {
        "id": "3_0",
        "camera": "R3 - Yellow (Start)",
        "frame": "0143",
        "image": "pano_camera0/frame_0143_hp_preview.jpg",
        "frameId": "0143",
        "height": 1.792248,
        "coords2D": "2D: (397905.750, 808222.737)",
        "coords3D_original": "3D_Original: (-793548.981, 426441.300, 0.000)",
        "coords3D": "3D: (-17.163, -3.422, 4.793)",
        "coordsMtEden": "MtEden: (397905.750, 808222.737, 1.792)",
        "easting": 397905.7498988482,
        "northing": 808222.7373443855,
        "longitude": 174.74069611002443,
        "latitude": -36.80561689009814,
        "group": "R3 - Yellow (11 points)",
        "canvasX": 162.79364808964453,
        "canvasY": 492.73272669595656,
        "variant": "northing_easting_direct"
      }
    },
    {
      "type": "Feature",
      "geometry": {
        "type": "Point",
        "coordinates": [
          -22.353177943849005,
          -3.3442089825402945,
          4.2377691644799995
        ]
      },
      "properties": {
        "id": "3_1",
        "camera": "R3 - Yellow (Point)",
        "frame": "0144",
        "image": "pano_camera0/frame_0144_hp_preview.jpg",
        "frameId": "0144",
        "height": 1.723412,
        "coords2D": "2D: (397900.559, 808222.815)",
        "coords3D_original": "3D_Original: (-793548.981, 426441.300, 0.000)",
        "coords3D": "3D: (-22.353, -3.344, 4.238)",
        "coordsMtEden": "MtEden: (397900.559, 808222.815, 1.723)",
        "easting": 397900.5593220561,
        "northing": 808222.8147910174,
        "longitude": 174.74063793871528,
        "latitude": -36.80561618065339,
        "group": "R3 - Yellow (11 points)",
        "canvasX": 77.76107653666142,
        "canvasY": 491.4639878758276,
        "variant": "northing_easting_direct"
      }
    },
    {
      "type": "Feature",
      "geometry": {
        "type": "Point",
        "coordinates": [
          -25.361842802376486,
          -7.643869546358474,
          4.11464252012
        ]
      },
      "properties": {
        "id": "3_2",
        "camera": "R3 - Yellow (Point)",
        "frame": "0145",
        "image": "pano_camera0/frame_0145_hp_preview.jpg",
        "frameId": "0145",
        "height": 1.546525,
        "coords2D": "2D: (397897.551, 808218.515)",
        "coords3D_original": "3D_Original: (-793548.981, 426441.300, 0.000)",
        "coords3D": "3D: (-25.362, -7.644, 4.115)",
        "coordsMtEden": "MtEden: (397897.551, 808218.515, 1.547)",
        "easting": 397897.5506571976,
        "northing": 808218.5151304536,
        "longitude": 174.74060420831412,
        "latitude": -36.80565492260447,
        "group": "R3 - Yellow (11 points)",
        "canvasX": 28.472814343413944,
        "canvasY": 561.9014766552696,
        "variant": "northing_easting_direct"
      }
    },
    {
      "type": "Feature",
      "geometry": {
        "type": "Point",
        "coordinates": [
          -20.23082703613909,
          -25.815490595879965,
          -0.10716207691999999
        ]
      },
      "properties": {
        "id": "3_3",
        "camera": "R3 - Yellow (Point)",
        "frame": "0146",
        "image": "pano_camera0/frame_0146_hp_preview.jpg",
        "frameId": "0146",
        "height": 2.034633,
        "coords2D": "2D: (397902.682, 808200.344)",
        "coords3D_original": "3D_Original: (-793548.981, 426441.300, 0.000)",
        "coords3D": "3D: (-20.231, -25.815, -0.107)",
        "coordsMtEden": "MtEden: (397902.682, 808200.344, 2.035)",
        "easting": 397902.68167296384,
        "northing": 808200.3435094041,
        "longitude": 174.74066166230367,
        "latitude": -36.80581869699105,
        "group": "R3 - Yellow (11 points)",
        "canvasX": 112.52965094532627,
        "canvasY": 859.590872079669,
        "variant": "northing_easting_direct"
      }
    },
    {
      "type": "Feature",
      "geometry": {
        "type": "Point",
        "coordinates": [
          -19.154144502303097,
          -28.850189504097216,
          -0.10200787728
        ]
      },
      "properties": {
        "id": "3_4",
        "camera": "R3 - Yellow (Point)",
        "frame": "0147",
        "image": "pano_camera0/frame_0147_hp_preview.jpg",
        "frameId": "0147",
        "height": 2.701277,
        "coords2D": "2D: (397903.758, 808197.309)",
        "coords3D_original": "3D_Original: (-793548.981, 426441.300, 0.000)",
        "coords3D": "3D: (-19.154, -28.850, -0.102)",
        "coordsMtEden": "MtEden: (397903.758, 808197.309, 2.701)",
        "easting": 397903.7583554977,
        "northing": 808197.3088104959,
        "longitude": 174.74067372051294,
        "latitude": -36.80584604814129,
        "group": "R3 - Yellow (11 points)",
        "canvasX": 130.16797675488817,
        "canvasY": 909.305626797005,
        "variant": "northing_easting_direct"
      }
    },
    {
      "type": "Feature",
      "geometry": {
        "type": "Point",
        "coordinates": [
          -20.67937382007949,
          -36.71205372363329,
          0.03630577544
        ]
      },
      "properties": {
        "id": "3_5",
        "camera": "R3 - Yellow (Middle)",
        "frame": "0148",
        "image": "pano_camera0/frame_0148_hp_preview.jpg",
        "frameId": "0148",
        "height": 4.428323,
        "coords2D": "2D: (397902.233, 808189.447)",
        "coords3D_original": "3D_Original: (-793548.981, 426441.300, 0.000)",
        "coords3D": "3D: (-20.679, -36.712, 0.036)",
        "coordsMtEden": "MtEden: (397902.233, 808189.447, 4.428)",
        "easting": 397902.2331261799,
        "northing": 808189.4469462764,
        "longitude": 174.74065660534305,
        "latitude": -36.8059168960374,
        "group": "R3 - Yellow (11 points)",
        "canvasX": 105.18151064657914,
        "canvasY": 1038.099508202307,
        "variant": "northing_easting_direct"
      }
    },
    {
      "type": "Feature",
      "geometry": {
        "type": "Point",
        "coordinates": [
          -37.1384651538101,
          -37.90816785895731,
          0.0234251976
        ]
      },
      "properties": {
        "id": "3_6",
        "camera": "R3 - Yellow (Point)",
        "frame": "0149",
        "image": "pano_camera0/frame_0149_hp_preview.jpg",
        "frameId": "0149",
        "height": 4.691078,
        "coords2D": "2D: (397885.774, 808188.251)",
        "coords3D_original": "3D_Original: (-793548.981, 426441.300, 0.000)",
        "coords3D": "3D: (-37.138, -37.908, 0.023)",
        "coordsMtEden": "MtEden: (397885.774, 808188.251, 4.691)",
        "easting": 397885.77403484617,
        "northing": 808188.250832141,
        "longitude": 174.7404721419555,
        "latitude": -36.80592763883432,
        "group": "R3 - Yellow (11 points)",
        "canvasX": -164.4530439705042,
        "canvasY": 1057.6943749914083,
        "variant": "northing_easting_direct"
      }
    },
    {
      "type": "Feature",
      "geometry": {
        "type": "Point",
        "coordinates": [
          -46.5330880349502,
          -27.406412757118233,
          -0.15392717028
        ]
      },
      "properties": {
        "id": "3_7",
        "camera": "R3 - Yellow (Point)",
        "frame": "0150",
        "image": "pano_camera0/frame_0150_hp_preview.jpg",
        "frameId": "0150",
        "height": 2.384117,
        "coords2D": "2D: (397876.379, 808198.753)",
        "coords3D_original": "3D_Original: (-793548.981, 426441.300, 0.000)",
        "coords3D": "3D: (-46.533, -27.406, -0.154)",
        "coordsMtEden": "MtEden: (397876.379, 808198.753, 2.384)",
        "easting": 397876.379411965,
        "northing": 808198.7525872429,
        "longitude": 174.74036688396248,
        "latitude": -36.8058329757894,
        "group": "R3 - Yellow (11 points)",
        "canvasX": -318.35673798435005,
        "canvasY": 885.6535252163258,
        "variant": "northing_easting_direct"
      }
    },
    {
      "type": "Feature",
      "geometry": {
        "type": "Point",
        "coordinates": [
          -47.161155501846224,
          -14.545624049962498,
          -0.03498359692
        ]
      },
      "properties": {
        "id": "3_8",
        "camera": "R3 - Yellow (Point)",
        "frame": "0151",
        "image": "pano_camera0/frame_0151_hp_preview.jpg",
        "frameId": "0151",
        "height": -0.441062,
        "coords2D": "2D: (397875.751, 808211.613)",
        "coords3D_original": "3D_Original: (-793548.981, 426441.300, 0.000)",
        "coords3D": "3D: (-47.161, -14.546, -0.035)",
        "coordsMtEden": "MtEden: (397875.751, 808211.613, -0.441)",
        "easting": 397875.75134449813,
        "northing": 808211.61337595,
        "longitude": 174.74035988098174,
        "latitude": -36.80571707269975,
        "group": "R3 - Yellow (11 points)",
        "canvasX": -328.64580487515065,
        "canvasY": 674.9667403392872,
        "variant": "northing_easting_direct"
      }
    },
    {
      "type": "Feature",
      "geometry": {
        "type": "Point",
        "coordinates": [
          -37.35376160114538,
          -0.9232289968058467,
          -0.05310695708
        ]
      },
      "properties": {
        "id": "3_9",
        "camera": "R3 - Yellow (Point)",
        "frame": "0152",
        "image": "pano_camera0/frame_0152_hp_preview.jpg",
        "frameId": "0152",
        "height": -3.433546,
        "coords2D": "2D: (397885.559, 808225.236)",
        "coords3D_original": "3D_Original: (-793548.981, 426441.300, 0.000)",
        "coords3D": "3D: (-37.354, -0.923, -0.053)",
        "coordsMtEden": "MtEden: (397885.559, 808225.236, -3.434)",
        "easting": 397885.55873839883,
        "northing": 808225.2357710032,
        "longitude": 174.74046983179323,
        "latitude": -36.80559432935584,
        "group": "R3 - Yellow (11 points)",
        "canvasX": -167.98005287534156,
        "canvasY": 451.80324069697065,
        "variant": "northing_easting_direct"
      }
    },
    {
      "type": "Feature",
      "geometry": {
        "type": "Point",
        "coordinates": [
          -35.149061338743195,
          0.21489462279714644,
          0.10677821863999999
        ]
      },
      "properties": {
        "id": "3_10",
        "camera": "R3 - Yellow (End)",
        "frame": "0153",
        "image": "pano_camera0/frame_0153_hp_preview.jpg",
        "frameId": "0153",
        "height": -3.683562,
        "coords2D": "2D: (397887.763, 808226.374)",
        "coords3D_original": "3D_Original: (-793548.981, 426441.300, 0.000)",
        "coords3D": "3D: (-35.149, 0.215, 0.107)",
        "coordsMtEden": "MtEden: (397887.763, 808226.374, -3.684)",
        "easting": 397887.76343866123,
        "northing": 808226.3738946228,
        "longitude": 174.74049454332845,
        "latitude": -36.80558407748361,
        "group": "R3 - Yellow (11 points)",
        "canvasX": -131.86242272952677,
        "canvasY": 433.1583805986131,
        "variant": "northing_easting_direct"
      }
    },
    {
      "type": "Feature",
      "geometry": {
        "type": "Point",
        "coordinates": [
          -58.53940799913835,
          -36.883669255068526,
          -1.6605184258399999
        ]
      },
      "properties": {
        "id": "4_0",
        "camera": "R4 - Magenta (Start)",
        "frame": "0130",
        "image": "pano_camera0/frame_0130_hp_preview.jpg",
        "frameId": "0130",
        "height": 5.087313,
        "coords2D": "2D: (397864.373, 808189.275)",
        "coords3D_original": "3D_Original: (-793548.981, 426441.300, 0.000)",
        "coords3D": "3D: (-58.539, -36.884, -1.661)",
        "coordsMtEden": "MtEden: (397864.373, 808189.275, 5.087)",
        "easting": 397864.37309200084,
        "northing": 808189.2753307449,
        "longitude": 174.74023230049,
        "latitude": -36.80591835800692,
        "group": "R4 - Magenta (10 points)",
        "canvasX": -515.0455265988622,
        "canvasY": 1040.9109317763603,
        "variant": "northing_easting_direct"
      }
    },
    {
      "type": "Feature",
      "geometry": {
        "type": "Point",
        "coordinates": [
          -64.10459469171474,
          -29.118006744538434,
          -0.64030841944
        ]
      },
      "properties": {
        "id": "4_1",
        "camera": "R4 - Magenta (Point)",
        "frame": "0131",
        "image": "pano_camera0/frame_0131_hp_preview.jpg",
        "frameId": "0131",
        "height": 3.3814,
        "coords2D": "2D: (397858.808, 808197.041)",
        "coords3D_original": "3D_Original: (-793548.981, 426441.300, 0.000)",
        "coords3D": "3D: (-64.105, -29.118, -0.640)",
        "coordsMtEden": "MtEden: (397858.808, 808197.041, 3.381)",
        "easting": 397858.80790530826,
        "northing": 808197.0409932554,
        "longitude": 174.74016995225503,
        "latitude": -36.80584836113685,
        "group": "R4 - Magenta (10 points)",
        "canvasX": -606.2149966991944,
        "canvasY": 913.6930368217597,
        "variant": "northing_easting_direct"
      }
    },
    {
      "type": "Feature",
      "geometry": {
        "type": "Point",
        "coordinates": [
          -66.14105463062879,
          -24.193906819680706,
          -0.18331693500000001
        ]
      },
      "properties": {
        "id": "4_2",
        "camera": "R4 - Magenta (Point)",
        "frame": "0132",
        "image": "pano_camera0/frame_0132_hp_preview.jpg",
        "frameId": "0132",
        "height": 2.299704,
        "coords2D": "2D: (397856.771, 808201.965)",
        "coords3D_original": "3D_Original: (-793548.981, 426441.300, 0.000)",
        "coords3D": "3D: (-66.141, -24.194, -0.183)",
        "coordsMtEden": "MtEden: (397856.771, 808201.965, 2.300)",
        "easting": 397856.77144536935,
        "northing": 808201.9650931803,
        "longitude": 174.74014714315416,
        "latitude": -36.805803980444686,
        "group": "R4 - Magenta (10 points)",
        "canvasX": -639.576496279305,
        "canvasY": 833.0259171616061,
        "variant": "northing_easting_direct"
      }
    },
    {
      "type": "Feature",
      "geometry": {
        "type": "Point",
        "coordinates": [
          -66.42129280796507,
          -23.401705116499215,
          -0.20363845796
        ]
      },
      "properties": {
        "id": "4_3",
        "camera": "R4 - Magenta (Point)",
        "frame": "0133",
        "image": "pano_camera0/frame_0133_hp_preview.jpg",
        "frameId": "0133",
        "height": 2.125678,
        "coords2D": "2D: (397856.491, 808202.757)",
        "coords3D_original": "3D_Original: (-793548.981, 426441.300, 0.000)",
        "coords3D": "3D: (-66.421, -23.402, -0.204)",
        "coordsMtEden": "MtEden: (397856.491, 808202.757, 2.126)",
        "easting": 397856.491207192,
        "northing": 808202.7572948835,
        "longitude": 174.7401440047081,
        "latitude": -36.805796840473064,
        "group": "R4 - Magenta (10 points)",
        "canvasX": -644.1673873923338,
        "canvasY": 820.0479860552898,
        "variant": "northing_easting_direct"
      }
    },
    {
      "type": "Feature",
      "geometry": {
        "type": "Point",
        "coordinates": [
          -68.59051775134867,
          -17.33298557822127,
          0.2324147056
        ]
      },
      "properties": {
        "id": "4_4",
        "camera": "R4 - Magenta (Point)",
        "frame": "0134",
        "image": "pano_camera0/frame_0134_hp_preview.jpg",
        "frameId": "0134",
        "height": 0.792539,
        "coords2D": "2D: (397854.322, 808208.826)",
        "coords3D_original": "3D_Original: (-793548.981, 426441.300, 0.000)",
        "coords3D": "3D: (-68.591, -17.333, 0.232)",
        "coordsMtEden": "MtEden: (397854.322, 808208.826, 0.793)",
        "easting": 397854.3219822486,
        "northing": 808208.8260144218,
        "longitude": 174.7401197109443,
        "latitude": -36.805742144140225,
        "group": "R4 - Magenta (10 points)",
        "canvasX": -679.7038571534272,
        "canvasY": 720.6295882460925,
        "variant": "northing_easting_direct"
      }
    },
    {
      "type": "Feature",
      "geometry": {
        "type": "Point",
        "coordinates": [
          -67.75390475435415,
          -9.338356354273856,
          0.10657152571999999
        ]
      },
      "properties": {
        "id": "4_5",
        "camera": "R4 - Magenta (Middle)",
        "frame": "0135",
        "image": "pano_camera0/frame_0135_hp_preview.jpg",
        "frameId": "0135",
        "height": -0.963672,
        "coords2D": "2D: (397855.159, 808216.821)",
        "coords3D_original": "3D_Original: (-793548.981, 426441.300, 0.000)",
        "coords3D": "3D: (-67.754, -9.338, 0.107)",
        "coordsMtEden": "MtEden: (397855.159, 808216.821, -0.964)",
        "easting": 397855.1585952456,
        "northing": 808216.8206436457,
        "longitude": 174.7401291095186,
        "latitude": -36.805670098279045,
        "group": "R4 - Magenta (10 points)",
        "canvasX": -665.9983755898619,
        "canvasY": 589.6607366598075,
        "variant": "northing_easting_direct"
      }
    },
    {
      "type": "Feature",
      "geometry": {
        "type": "Point",
        "coordinates": [
          -65.6199593853089,
          -6.707114657969214,
          0.82876643072
        ]
      },
      "properties": {
        "id": "4_6",
        "camera": "R4 - Magenta (Point)",
        "frame": "0136",
        "image": "pano_camera0/frame_0136_hp_preview.jpg",
        "frameId": "0136",
        "height": -1.541687,
        "coords2D": "2D: (397857.293, 808219.452)",
        "coords3D_original": "3D_Original: (-793548.981, 426441.300, 0.000)",
        "coords3D": "3D: (-65.620, -6.707, 0.829)",
        "coordsMtEden": "MtEden: (397857.293, 808219.452, -1.542)",
        "easting": 397857.29254061467,
        "northing": 808219.451885342,
        "longitude": 174.74015303236476,
        "latitude": -36.80564639030792,
        "group": "R4 - Magenta (10 points)",
        "canvasX": -631.0398595027824,
        "canvasY": 546.5554601584951,
        "variant": "northing_easting_direct"
      }
    },
    {
      "type": "Feature",
      "geometry": {
        "type": "Point",
        "coordinates": [
          -60.43677081895294,
          -1.978258725721389,
          0.48909778468
        ]
      },
      "properties": {
        "id": "4_7",
        "camera": "R4 - Magenta (Point)",
        "frame": "0137",
        "image": "pano_camera0/frame_0137_hp_preview.jpg",
        "frameId": "0137",
        "height": -2.580493,
        "coords2D": "2D: (397862.476, 808224.181)",
        "coords3D_original": "3D_Original: (-793548.981, 426441.300, 0.000)",
        "coords3D": "3D: (-60.437, -1.978, 0.489)",
        "coordsMtEden": "MtEden: (397862.476, 808224.181, -2.580)",
        "easting": 397862.475729181,
        "northing": 808224.1807412743,
        "longitude": 174.74021113438366,
        "latitude": -36.805603785478866,
        "group": "R4 - Magenta (10 points)",
        "canvasX": -546.128322635338,
        "canvasY": 469.08684799233606,
        "variant": "northing_easting_direct"
      }
    },
    {
      "type": "Feature",
      "geometry": {
        "type": "Point",
        "coordinates": [
          -58.393778468540404,
          1.6618923041969538,
          0.28437336868
        ]
      },
      "properties": {
        "id": "4_8",
        "camera": "R4 - Magenta (Point)",
        "frame": "0138",
        "image": "pano_camera0/frame_0138_hp_preview.jpg",
        "frameId": "0138",
        "height": -3.380139,
        "coords2D": "2D: (397864.519, 808227.821)",
        "coords3D_original": "3D_Original: (-793548.981, 426441.300, 0.000)",
        "coords3D": "3D: (-58.394, 1.662, 0.284)",
        "coordsMtEden": "MtEden: (397864.519, 808227.821, -3.380)",
        "easting": 397864.51872153144,
        "northing": 808227.8208923042,
        "longitude": 174.74023404069075,
        "latitude": -36.80557098497478,
        "group": "R4 - Magenta (10 points)",
        "canvasX": -512.6598084072002,
        "canvasY": 409.4535133329094,
        "variant": "northing_easting_direct"
      }
    },
    {
      "type": "Feature",
      "geometry": {
        "type": "Point",
        "coordinates": [
          -58.017857533472124,
          6.871169546735473,
          0.43393046007999997
        ]
      },
      "properties": {
        "id": "4_9",
        "camera": "R4 - Magenta (End)",
        "frame": "0139",
        "image": "pano_camera0/frame_0139_hp_preview.jpg",
        "frameId": "0139",
        "height": -4.524481,
        "coords2D": "2D: (397864.895, 808233.030)",
        "coords3D_original": "3D_Original: (-793548.981, 426441.300, 0.000)",
        "coords3D": "3D: (-58.018, 6.871, 0.434)",
        "coordsMtEden": "MtEden: (397864.895, 808233.030, -4.524)",
        "easting": 397864.8946424665,
        "northing": 808233.0301695467,
        "longitude": 174.74023826829395,
        "latitude": -36.80552403971173,
        "group": "R4 - Magenta (10 points)",
        "canvasX": -506.5014323555781,
        "canvasY": 324.11458904536505,
        "variant": "northing_easting_direct"
      }
    }
  ],
  "properties": {
    "name": "Camera Positions - northing_easting_direct",
    "description": "Use northing/easting directly with base point subtraction",
    "timestamp": "2025-10-20T19:03:55.620Z",
    "variant": "northing_easting_direct"
  }
}