{
  "type": "FeatureCollection",
  "features": [
    {
      "type": "Feature",
      "geometry": {
        "type": "Point",
        "coordinates": [
          2.35215240274556,
          -9.603932952857576,
          0.18019685616
        ]
      },
      "properties": {
        "id": "0_0",
        "camera": "R0 - Reddish (Start)",
        "frame": "0140",
        "image": "pano_camera0/frame_0140_hp_preview.jpg",
        "frameId": "0140",
        "height": 0.222824,
        "coords2D": "2D: (397925.265, 808216.555)",
        "coords3D_original": "3D_Original: (-793548.981, 426441.300, 0.000)",
        "coords3D": "3D: (2.352, -9.604, 0.180)",
        "coordsMtEden": "MtEden: (397925.265, 808216.555, 0.223)",
        "easting": 397925.2646524027,
        "northing": 808216.5550670471,
        "longitude": 174.74091479776175,
        "latitude": -36.80567264786404,
        "group": "R0 - Reddish (229 points)",
        "canvasX": 482.48638060235476,
        "canvasY": 594.0114402555276,
        "variant": "northing_easting_direct"
      }
    },
    {
      "type": "Feature",
      "geometry": {
        "type": "Point",
        "coordinates": [
          1.9599567278055474,
          -9.6210367718013,
          0.20488517716
        ]
      },
      "properties": {
        "id": "0_1",
        "camera": "R0 - Reddish (Point)",
        "frame": "0141",
        "image": "pano_camera0/frame_0141_hp_preview.jpg",
        "frameId": "0141",
        "height": 0.351617,
        "coords2D": "2D: (397924.872, 808216.538)",
        "coords3D_original": "3D_Original: (-793548.981, 426441.300, 0.000)",
        "coords3D": "3D: (1.960, -9.621, 0.205)",
        "coordsMtEden": "MtEden: (397924.872, 808216.538, 0.352)",
        "easting": 397924.8724567278,
        "northing": 808216.5379632282,
        "longitude": 174.74091040231994,
        "latitude": -36.80567280114458,
        "group": "R0 - Reddish (229 points)",
        "canvasX": 476.06139006082094,
        "canvasY": 594.2916368065786,
        "variant": "northing_easting_direct"
      }
    },
    {
      "type": "Feature",
      "geometry": {
        "type": "Point",
        "coordinates": [
          1.2530331600573845,
          -9.616967541514896,
          0.20336942908
        ]
      },
      "properties": {
        "id": "0_2",
        "camera": "R0 - Reddish (Point)",
        "frame": "0142",
        "image": "pano_camera0/frame_0142_hp_preview.jpg",
        "frameId": "0142",
        "height": 0.594487,
        "coords2D": "2D: (397924.166, 808216.542)",
        "coords3D_original": "3D_Original: (-793548.981, 426441.300, 0.000)",
        "coords3D": "3D: (1.253, -9.617, 0.203)",
        "coordsMtEden": "MtEden: (397924.166, 808216.542, 0.594)",
        "easting": 397924.16553316003,
        "northing": 808216.5420324585,
        "longitude": 174.74090247973362,
        "latitude": -36.805672762923116,
        "group": "R0 - Reddish (229 points)",
        "canvasX": 464.48049428250744,
        "canvasY": 594.2249742500495,
        "variant": "northing_easting_direct"
      }
    },
    {
      "type": "Feature",
      "geometry": {
        "type": "Point",
        "coordinates": [
          0.8642122839810327,
          -9.723509274888784,
          0.20441929788
        ]
      },
      "properties": {
        "id": "0_3",
        "camera": "R0 - Reddish (Point)",
        "frame": "0143",
        "image": "pano_camera0/frame_0143_hp_preview.jpg",
        "frameId": "0143",
        "height": 0.694644,
        "coords2D": "2D: (397923.777, 808216.435)",
        "coords3D_original": "3D_Original: (-793548.981, 426441.300, 0.000)",
        "coords3D": "3D: (0.864, -9.724, 0.204)",
        "coordsMtEden": "MtEden: (397923.777, 808216.435, 0.695)",
        "easting": 397923.77671228396,
        "northing": 808216.4354907251,
        "longitude": 174.7408981218698,
        "latitude": -36.80567372222687,
        "group": "R0 - Reddish (229 points)",
        "canvasX": 458.1107900494428,
        "canvasY": 595.9703520623091,
        "variant": "northing_easting_direct"
      }
    },
    {
      "type": "Feature",
      "geometry": {
        "type": "Point",
        "coordinates": [
          0.6890730717568658,
          -10.081299250363372,
          0.25885171432
        ]
      },
      "properties": {
        "id": "0_4",
        "camera": "R0 - Reddish (Point)",
        "frame": "0144",
        "image": "pano_camera0/frame_0144_hp_preview.jpg",
        "frameId": "0144",
        "height": 0.644563,
        "coords2D": "2D: (397923.602, 808216.078)",
        "coords3D_original": "3D_Original: (-793548.981, 426441.300, 0.000)",
        "coords3D": "3D: (0.689, -10.081, 0.259)",
        "coordsMtEden": "MtEden: (397923.602, 808216.078, 0.645)",
        "easting": 397923.60157307173,
        "northing": 808216.0777007496,
        "longitude": 174.74089615808293,
        "latitude": -36.80567694625319,
        "group": "R0 - Reddish (229 points)",
        "canvasX": 455.24164116858685,
        "canvasY": 601.831704839628,
        "variant": "northing_easting_direct"
      }
    },
    {
      "type": "Feature",
      "geometry": {
        "type": "Point",
        "coordinates": [
          0.8865053243353032,
          -10.434720886056311,
          0.27083006115999997
        ]
      },
      "properties": {
        "id": "0_5",
        "camera": "R0 - Reddish (Point)",
        "frame": "0145",
        "image": "pano_camera0/frame_0145_hp_preview.jpg",
        "frameId": "0145",
        "height": 0.468483,
        "coords2D": "2D: (397923.799, 808215.724)",
        "coords3D_original": "3D_Original: (-793548.981, 426441.300, 0.000)",
        "coords3D": "3D: (0.887, -10.435, 0.271)",
        "coordsMtEden": "MtEden: (397923.799, 808215.724, 0.468)",
        "easting": 397923.7990053243,
        "northing": 808215.7242791139,
        "longitude": 174.74089836977197,
        "latitude": -36.80568013172891,
        "group": "R0 - Reddish (229 points)",
        "canvasX": 458.47599696651116,
        "canvasY": 607.6214950160238,
        "variant": "northing_easting_direct"
      }
    },
    {
      "type": "Feature",
      "geometry": {
        "type": "Point",
        "coordinates": [
          1.8514966953080148,
          -8.775791402324103,
          0.21781824844000003
        ]
      },
      "properties": {
        "id": "0_6",
        "camera": "R0 - Reddish (Point)",
        "frame": "0157",
        "image": "pano_camera0/frame_0157_hp_preview.jpg",
        "frameId": "0157",
        "height": 0.648415,
        "coords2D": "2D: (397924.764, 808217.383)",
        "coords3D_original": "3D_Original: (-793548.981, 426441.300, 0.000)",
        "coords3D": "3D: (1.851, -8.776, 0.218)",
        "coordsMtEden": "MtEden: (397924.764, 808217.383, 0.648)",
        "easting": 397924.7639966953,
        "northing": 808217.3832085977,
        "longitude": 174.7409091890959,
        "latitude": -36.805665183538835,
        "group": "R0 - Reddish (229 points)",
        "canvasX": 474.28458647172215,
        "canvasY": 580.4447388131398,
        "variant": "northing_easting_direct"
      }
    },
    {
      "type": "Feature",
      "geometry": {
        "type": "Point",
        "coordinates": [
          1.9163409186294302,
          -8.428570777294226,
          0.22602362927999997
        ]
      },
      "properties": {
        "id": "0_7",
        "camera": "R0 - Reddish (Point)",
        "frame": "0158",
        "image": "pano_camera0/frame_0158_hp_preview.jpg",
        "frameId": "0158",
        "height": 0.732946,
        "coords2D": "2D: (397924.829, 808217.730)",
        "coords3D_original": "3D_Original: (-793548.981, 426441.300, 0.000)",
        "coords3D": "3D: (1.916, -8.429, 0.226)",
        "coordsMtEden": "MtEden: (397924.829, 808217.730, 0.733)",
        "easting": 397924.8288409186,
        "northing": 808217.7304292227,
        "longitude": 174.74090991676098,
        "latitude": -36.80566205452176,
        "group": "R0 - Reddish (229 points)",
        "canvasX": 475.3468713158006,
        "canvasY": 574.7565342408182,
        "variant": "northing_easting_direct"
      }
    },
    {
      "type": "Feature",
      "geometry": {
        "type": "Point",
        "coordinates": [
          1.8320266919909045,
          -8.206086050602607,
          0.24404856424
        ]
      },
      "properties": {
        "id": "0_8",
        "camera": "R0 - Reddish (Point)",
        "frame": "0159",
        "image": "pano_camera0/frame_0159_hp_preview.jpg",
        "frameId": "0159",
        "height": 0.830129,
        "coords2D": "2D: (397924.745, 808217.953)",
        "coords3D_original": "3D_Original: (-793548.981, 426441.300, 0.000)",
        "coords3D": "3D: (1.832, -8.206, 0.244)",
        "coordsMtEden": "MtEden: (397924.745, 808217.953, 0.830)",
        "easting": 397924.74452669197,
        "northing": 808217.9529139494,
        "longitude": 174.74090897244542,
        "latitude": -36.80566004930019,
        "group": "R0 - Reddish (229 points)",
        "canvasX": 473.96562684223454,
        "canvasY": 571.1117661939613,
        "variant": "northing_easting_direct"
      }
    },
    {
      "type": "Feature",
      "geometry": {
        "type": "Point",
        "coordinates": [
          1.222023991169408,
          -6.911991525441408,
          0.223425204
        ]
      },
      "properties": {
        "id": "0_9",
        "camera": "R0 - Reddish (Point)",
        "frame": "0160",
        "image": "pano_camera0/frame_0160_hp_preview.jpg",
        "frameId": "0160",
        "height": 1.436272,
        "coords2D": "2D: (397924.135, 808219.247)",
        "coords3D_original": "3D_Original: (-793548.981, 426441.300, 0.000)",
        "coords3D": "3D: (1.222, -6.912, 0.223)",
        "coordsMtEden": "MtEden: (397924.135, 808219.247, 1.436)",
        "easting": 397924.13452399115,
        "northing": 808219.2470084745,
        "longitude": 174.74090213958374,
        "latitude": -36.8056483855575,
        "group": "R0 - Reddish (229 points)",
        "canvasX": 463.9724988371416,
        "canvasY": 549.911774416233,
        "variant": "northing_easting_direct"
      }
    },
    {
      "type": "Feature",
      "geometry": {
        "type": "Point",
        "coordinates": [
          1.107155864709057,
          -6.1940344964386895,
          0.21919948207999998
        ]
      },
      "properties": {
        "id": "0_10",
        "camera": "R0 - Reddish (Point)",
        "frame": "0161",
        "image": "pano_camera0/frame_0161_hp_preview.jpg",
        "frameId": "0161",
        "height": 1.696147,
        "coords2D": "2D: (397924.020, 808219.965)",
        "coords3D_original": "3D_Original: (-793548.981, 426441.300, 0.000)",
        "coords3D": "3D: (1.107, -6.194, 0.219)",
        "coordsMtEden": "MtEden: (397924.020, 808219.965, 1.696)",
        "easting": 397924.0196558647,
        "northing": 808219.9649655035,
        "longitude": 174.74090085419743,
        "latitude": -36.80564191506263,
        "group": "R0 - Reddish (229 points)",
        "canvasX": 462.0907171829007,
        "canvasY": 538.1501273239335,
        "variant": "northing_easting_direct"
      }
    },
    {
      "type": "Feature",
      "geometry": {
        "type": "Point",
        "coordinates": [
          1.0870586078963242,
          -5.28584163018968,
          0.26362533652
        ]
      },
      "properties": {
        "id": "0_11",
        "camera": "R0 - Reddish (Point)",
        "frame": "0162",
        "image": "pano_camera0/frame_0162_hp_preview.jpg",
        "frameId": "0162",
        "height": 1.982086,
        "coords2D": "2D: (397924.000, 808220.873)",
        "coords3D_original": "3D_Original: (-793548.981, 426441.300, 0.000)",
        "coords3D": "3D: (1.087, -5.286, 0.264)",
        "coordsMtEden": "MtEden: (397924.000, 808220.873, 1.982)",
        "easting": 397923.9995586079,
        "northing": 808220.8731583698,
        "longitude": 174.74090063144072,
        "latitude": -36.80563373036637,
        "group": "R0 - Reddish (229 points)",
        "canvasX": 461.7614818208249,
        "canvasY": 523.2720168588071,
        "variant": "northing_easting_direct"
      }
    },
    {
      "type": "Feature",
      "geometry": {
        "type": "Point",
        "coordinates": [
          1.1361000204924494,
          -4.718360513099469,
          0.2832349172
        ]
      },
      "properties": {
        "id": "0_12",
        "camera": "R0 - Reddish (Point)",
        "frame": "0163",
        "image": "pano_camera0/frame_0163_hp_preview.jpg",
        "frameId": "0163",
        "height": 2.1397,
        "coords2D": "2D: (397924.049, 808221.441)",
        "coords3D_original": "3D_Original: (-793548.981, 426441.300, 0.000)",
        "coords3D": "3D: (1.136, -4.718, 0.283)",
        "coordsMtEden": "MtEden: (397924.049, 808221.441, 2.140)",
        "easting": 397924.04860002047,
        "northing": 808221.4406394869,
        "longitude": 174.740901182602,
        "latitude": -36.80562861632274,
        "group": "R0 - Reddish (229 points)",
        "canvasX": 462.56488336824594,
        "canvasY": 513.9754818827073,
        "variant": "northing_easting_direct"
      }
    },
    {
      "type": "Feature",
      "geometry": {
        "type": "Point",
        "coordinates": [
          1.239403914194554,
          -4.148190033389255,
          0.31474410456
        ]
      },
      "properties": {
        "id": "0_13",
        "camera": "R0 - Reddish (Point)",
        "frame": "0164",
        "image": "pano_camera0/frame_0164_hp_preview.jpg",
        "frameId": "0164",
        "height": 2.279594,
        "coords2D": "2D: (397924.152, 808222.011)",
        "coords3D_original": "3D_Original: (-793548.981, 426441.300, 0.000)",
        "coords3D": "3D: (1.239, -4.148, 0.315)",
        "coordsMtEden": "MtEden: (397924.152, 808222.011, 2.280)",
        "easting": 397924.1519039142,
        "northing": 808222.0108099666,
        "longitude": 174.74090234189785,
        "latitude": -36.80562347816149,
        "group": "R0 - Reddish (229 points)",
        "canvasX": 464.25721855256546,
        "canvasY": 504.6348894879331,
        "variant": "northing_easting_direct"
      }
    },
    {
      "type": "Feature",
      "geometry": {
        "type": "Point",
        "coordinates": [
          1.8448121990077198,
          -3.530244308640249,
          0.31829725428
        ]
      },
      "properties": {
        "id": "0_14",
        "camera": "R0 - Reddish (Point)",
        "frame": "0165",
        "image": "pano_camera0/frame_0165_hp_preview.jpg",
        "frameId": "0165",
        "height": 2.262554,
        "coords2D": "2D: (397924.757, 808222.629)",
        "coords3D_original": "3D_Original: (-793548.981, 426441.300, 0.000)",
        "coords3D": "3D: (1.845, -3.530, 0.318)",
        "coordsMtEden": "MtEden: (397924.757, 808222.629, 2.263)",
        "easting": 397924.757312199,
        "northing": 808222.6287556913,
        "longitude": 174.74090912847822,
        "latitude": -36.80561791054931,
        "group": "R0 - Reddish (229 points)",
        "canvasX": 474.1750803549331,
        "canvasY": 494.5116380331136,
        "variant": "northing_easting_direct"
      }
    },
    {
      "type": "Feature",
      "geometry": {
        "type": "Point",
        "coordinates": [
          2.295039423799608,
          -3.467749975156039,
          0.30873032484
        ]
      },
      "properties": {
        "id": "0_15",
        "camera": "R0 - Reddish (Point)",
        "frame": "0166",
        "image": "pano_camera0/frame_0166_hp_preview.jpg",
        "frameId": "0166",
        "height": 2.127874,
        "coords2D": "2D: (397925.208, 808222.691)",
        "coords3D_original": "3D_Original: (-793548.981, 426441.300, 0.000)",
        "coords3D": "3D: (2.295, -3.468, 0.309)",
        "coordsMtEden": "MtEden: (397925.208, 808222.691, 2.128)",
        "easting": 397925.2075394238,
        "northing": 808222.6912500248,
        "longitude": 174.74091417440832,
        "latitude": -36.80561734833576,
        "group": "R0 - Reddish (229 points)",
        "canvasX": 481.550749811137,
        "canvasY": 493.48784933003327,
        "variant": "northing_easting_direct"
      }
    },
    {
      "type": "Feature",
      "geometry": {
        "type": "Point",
        "coordinates": [
          3.234854386711959,
          -3.6015214980579913,
          0.3079396424
        ]
      },
      "properties": {
        "id": "0_16",
        "camera": "R0 - Reddish (Point)",
        "frame": "0167",
        "image": "pano_camera0/frame_0167_hp_preview.jpg",
        "frameId": "0167",
        "height": 1.765549,
        "coords2D": "2D: (397926.147, 808222.557)",
        "coords3D_original": "3D_Original: (-793548.981, 426441.300, 0.000)",
        "coords3D": "3D: (3.235, -3.602, 0.308)",
        "coordsMtEden": "MtEden: (397926.147, 808222.557, 1.766)",
        "easting": 397926.1473543867,
        "northing": 808222.5574785019,
        "longitude": 174.74092470668228,
        "latitude": -36.80561855594618,
        "group": "R0 - Reddish (229 points)",
        "canvasX": 496.94689676820894,
        "canvasY": 495.6793084012416,
        "variant": "northing_easting_direct"
      }
    },
    {
      "type": "Feature",
      "geometry": {
        "type": "Point",
        "coordinates": [
          3.777788925799541,
          -4.254030378302559,
          0.27928150500000004
        ]
      },
      "properties": {
        "id": "0_17",
        "camera": "R0 - Reddish (Point)",
        "frame": "0168",
        "image": "pano_camera0/frame_0168_hp_preview.jpg",
        "frameId": "0168",
        "height": 1.379476,
        "coords2D": "2D: (397926.690, 808221.905)",
        "coords3D_original": "3D_Original: (-793548.981, 426441.300, 0.000)",
        "coords3D": "3D: (3.778, -4.254, 0.279)",
        "coordsMtEden": "MtEden: (397926.690, 808221.905, 1.379)",
        "easting": 397926.6902889258,
        "northing": 808221.9049696217,
        "longitude": 174.74093078964927,
        "latitude": -36.80562443755817,
        "group": "R0 - Reddish (229 points)",
        "canvasX": 505.84130713750795,
        "canvasY": 506.36877708167003,
        "variant": "northing_easting_direct"
      }
    },
    {
      "type": "Feature",
      "geometry": {
        "type": "Point",
        "coordinates": [
          3.8317517482792027,
          -4.56912044598721,
          0.31151903884
        ]
      },
      "properties": {
        "id": "0_18",
        "camera": "R0 - Reddish (Point)",
        "frame": "0169",
        "image": "pano_camera0/frame_0169_hp_preview.jpg",
        "frameId": "0169",
        "height": 1.264211,
        "coords2D": "2D: (397926.744, 808221.590)",
        "coords3D_original": "3D_Original: (-793548.981, 426441.300, 0.000)",
        "coords3D": "3D: (3.832, -4.569, 0.312)",
        "coordsMtEden": "MtEden: (397926.744, 808221.590, 1.264)",
        "easting": 397926.74425174826,
        "northing": 808221.589879554,
        "longitude": 174.7409313935603,
        "latitude": -36.805627277274304,
        "group": "R0 - Reddish (229 points)",
        "canvasX": 506.72533173551,
        "canvasY": 511.53061550423513,
        "variant": "northing_easting_direct"
      }
    },
    {
      "type": "Feature",
      "geometry": {
        "type": "Point",
        "coordinates": [
          3.896377529366873,
          -6.210443424060941,
          0.24723754071999998
        ]
      },
      "properties": {
        "id": "0_19",
        "camera": "R0 - Reddish (Point)",
        "frame": "0170",
        "image": "pano_camera0/frame_0170_hp_preview.jpg",
        "frameId": "0170",
        "height": 0.737776,
        "coords2D": "2D: (397926.809, 808219.949)",
        "coords3D_original": "3D_Original: (-793548.981, 426441.300, 0.000)",
        "coords3D": "3D: (3.896, -6.210, 0.247)",
        "coordsMtEden": "MtEden: (397926.809, 808219.949, 0.738)",
        "easting": 397926.80887752934,
        "northing": 808219.9485565759,
        "longitude": 174.7409321133617,
        "latitude": -36.80564206905118,
        "group": "R0 - Reddish (229 points)",
        "canvasX": 507.7840380361814,
        "canvasY": 538.4189400912899,
        "variant": "northing_easting_direct"
      }
    },
    {
      "type": "Feature",
      "geometry": {
        "type": "Point",
        "coordinates": [
          3.901217775302939,
          -6.429125222028233,
          0.29048229276000004
        ]
      },
      "properties": {
        "id": "0_20",
        "camera": "R0 - Reddish (Point)",
        "frame": "0171",
        "image": "pano_camera0/frame_0171_hp_preview.jpg",
        "frameId": "0171",
        "height": 0.668925,
        "coords2D": "2D: (397926.814, 808219.730)",
        "coords3D_original": "3D_Original: (-793548.981, 426441.300, 0.000)",
        "coords3D": "3D: (3.901, -6.429, 0.290)",
        "coordsMtEden": "MtEden: (397926.814, 808219.730, 0.669)",
        "easting": 397926.8137177753,
        "northing": 808219.729874778,
        "longitude": 174.74093216701164,
        "latitude": -36.8056440398265,
        "group": "R0 - Reddish (229 points)",
        "canvasX": 507.86333145135734,
        "canvasY": 542.0014081626589,
        "variant": "northing_easting_direct"
      }
    },
    {
      "type": "Feature",
      "geometry": {
        "type": "Point",
        "coordinates": [
          3.923260502051562,
          -7.452408560900949,
          0.23000656904
        ]
      },
      "properties": {
        "id": "0_21",
        "camera": "R0 - Reddish (Point)",
        "frame": "0172",
        "image": "pano_camera0/frame_0172_hp_preview.jpg",
        "frameId": "0172",
        "height": 0.346956,
        "coords2D": "2D: (397926.836, 808218.707)",
        "coords3D_original": "3D_Original: (-793548.981, 426441.300, 0.000)",
        "coords3D": "3D: (3.923, -7.452, 0.230)",
        "coordsMtEden": "MtEden: (397926.836, 808218.707, 0.347)",
        "easting": 397926.835760502,
        "northing": 808218.7065914391,
        "longitude": 174.74093241126153,
        "latitude": -36.80565326172457,
        "group": "R0 - Reddish (229 points)",
        "canvasX": 508.22443770465406,
        "canvasY": 558.7649427787003,
        "variant": "northing_easting_direct"
      }
    },
    {
      "type": "Feature",
      "geometry": {
        "type": "Point",
        "coordinates": [
          4.419155886978842,
          -8.135698847356252,
          0.2454560446
        ]
      },
      "properties": {
        "id": "0_22",
        "camera": "R0 - Reddish (Point)",
        "frame": "0173",
        "image": "pano_camera0/frame_0173_hp_preview.jpg",
        "frameId": "0173",
        "height": -0.032498,
        "coords2D": "2D: (397927.332, 808218.023)",
        "coords3D_original": "3D_Original: (-793548.981, 426441.300, 0.000)",
        "coords3D": "3D: (4.419, -8.136, 0.245)",
        "coordsMtEden": "MtEden: (397927.332, 808218.023, -0.032)",
        "easting": 397927.33165588696,
        "northing": 808218.0233011526,
        "longitude": 174.74093796697338,
        "latitude": -36.80565942063582,
        "group": "R0 - Reddish (229 points)",
        "canvasX": 516.3482477343648,
        "canvasY": 569.9586756725242,
        "variant": "northing_easting_direct"
      }
    },
    {
      "type": "Feature",
      "geometry": {
        "type": "Point",
        "coordinates": [
          5.257990501821041,
          -8.302232298650779,
          0.25611549376
        ]
      },
      "properties": {
        "id": "0_23",
        "camera": "R0 - Reddish (Point)",
        "frame": "0174",
        "image": "pano_camera0/frame_0174_hp_preview.jpg",
        "frameId": "0174",
        "height": -0.370376,
        "coords2D": "2D: (397928.170, 808217.857)",
        "coords3D_original": "3D_Original: (-793548.981, 426441.300, 0.000)",
        "coords3D": "3D: (5.258, -8.302, 0.256)",
        "coordsMtEden": "MtEden: (397928.170, 808217.857, -0.370)",
        "easting": 397928.1704905018,
        "northing": 808217.8567677013,
        "longitude": 174.74094736746275,
        "latitude": -36.80566092327434,
        "group": "R0 - Reddish (229 points)",
        "canvasX": 530.0901240739045,
        "canvasY": 572.6868440792516,
        "variant": "northing_easting_direct"
      }
    },
    {
      "type": "Feature",
      "geometry": {
        "type": "Point",
        "coordinates": [
          5.2802371444995515,
          -8.295731117250398,
          0.26566273816
        ]
      },
      "properties": {
        "id": "0_24",
        "camera": "R0 - Reddish (Point)",
        "frame": "0175",
        "image": "pano_camera0/frame_0175_hp_preview.jpg",
        "frameId": "0175",
        "height": -0.375982,
        "coords2D": "2D: (397928.193, 808217.863)",
        "coords3D_original": "3D_Original: (-793548.981, 426441.300, 0.000)",
        "coords3D": "3D: (5.280, -8.296, 0.266)",
        "coordsMtEden": "MtEden: (397928.193, 808217.863, -0.376)",
        "easting": 397928.1927371445,
        "northing": 808217.8632688827,
        "longitude": 174.74094761680183,
        "latitude": -36.80566086473425,
        "group": "R0 - Reddish (229 points)",
        "canvasX": 530.4545708996304,
        "canvasY": 572.58034104499,
        "variant": "northing_easting_direct"
      }
    },
    {
      "type": "Feature",
      "geometry": {
        "type": "Point",
        "coordinates": [
          6.065773252747022,
          -7.743178611155599,
          0.24348425976000002
        ]
      },
      "properties": {
        "id": "0_25",
        "camera": "R0 - Reddish (Point)",
        "frame": "0176",
        "image": "pano_camera0/frame_0176_hp_preview.jpg",
        "frameId": "0176",
        "height": -0.474682,
        "coords2D": "2D: (397928.978, 808218.416)",
        "coords3D_original": "3D_Original: (-793548.981, 426441.300, 0.000)",
        "coords3D": "3D: (6.066, -7.743, 0.243)",
        "coordsMtEden": "MtEden: (397928.978, 808218.416, -0.475)",
        "easting": 397928.9782732527,
        "northing": 808218.4158213888,
        "longitude": 174.74095642192322,
        "latitude": -36.805655886838494,
        "group": "R0 - Reddish (229 points)",
        "canvasX": 543.3233055334928,
        "canvasY": 563.528368135967,
        "variant": "northing_easting_direct"
      }
    },
    {
      "type": "Feature",
      "geometry": {
        "type": "Point",
        "coordinates": [
          6.347260115318932,
          -7.280466280062683,
          0.27698819784
        ]
      },
      "properties": {
        "id": "0_26",
        "camera": "R0 - Reddish (Point)",
        "frame": "0177",
        "image": "pano_camera0/frame_0177_hp_preview.jpg",
        "frameId": "0177",
        "height": -0.428709,
        "coords2D": "2D: (397929.260, 808218.879)",
        "coords3D_original": "3D_Original: (-793548.981, 426441.300, 0.000)",
        "coords3D": "3D: (6.347, -7.280, 0.277)",
        "coordsMtEden": "MtEden: (397929.260, 808218.879, -0.429)",
        "easting": 397929.2597601153,
        "northing": 808218.8785337199,
        "longitude": 174.74095957784596,
        "latitude": -36.80565171748137,
        "group": "R0 - Reddish (229 points)",
        "canvasX": 547.9346527387826,
        "canvasY": 555.9481663616298,
        "variant": "northing_easting_direct"
      }
    },
    {
      "type": "Feature",
      "geometry": {
        "type": "Point",
        "coordinates": [
          6.998347581189591,
          -6.514041556511074,
          0.27505578308
        ]
      },
      "properties": {
        "id": "0_27",
        "camera": "R0 - Reddish (Point)",
        "frame": "0178",
        "image": "pano_camera0/frame_0178_hp_preview.jpg",
        "frameId": "0178",
        "height": -0.415737,
        "coords2D": "2D: (397929.911, 808219.645)",
        "coords3D_original": "3D_Original: (-793548.981, 426441.300, 0.000)",
        "coords3D": "3D: (6.998, -6.514, 0.275)",
        "coordsMtEden": "MtEden: (397929.911, 808219.645, -0.416)",
        "easting": 397929.91084758117,
        "northing": 808219.6449584435,
        "longitude": 174.74096687676155,
        "latitude": -36.80564481187012,
        "group": "R0 - Reddish (229 points)",
        "canvasX": 558.6008356589069,
        "canvasY": 543.3925164309351,
        "variant": "northing_easting_direct"
      }
    },
    {
      "type": "Feature",
      "geometry": {
        "type": "Point",
        "coordinates": [
          7.869291258160956,
          -6.36434743355494,
          0.2774442346
        ]
      },
      "properties": {
        "id": "0_28",
        "camera": "R0 - Reddish (Point)",
        "frame": "0179",
        "image": "pano_camera0/frame_0179_hp_preview.jpg",
        "frameId": "0179",
        "height": -0.667419,
        "coords2D": "2D: (397930.782, 808219.795)",
        "coords3D_original": "3D_Original: (-793548.981, 426441.300, 0.000)",
        "coords3D": "3D: (7.869, -6.364, 0.277)",
        "coordsMtEden": "MtEden: (397930.782, 808219.795, -0.667)",
        "easting": 397930.78179125814,
        "northing": 808219.7946525664,
        "longitude": 174.74097663795996,
        "latitude": -36.80564346472733,
        "group": "R0 - Reddish (229 points)",
        "canvasX": 572.868726010847,
        "canvasY": 540.9402116609167,
        "variant": "northing_easting_direct"
      }
    },
    {
      "type": "Feature",
      "geometry": {
        "type": "Point",
        "coordinates": [
          8.241604197013658,
          -6.581719044246711,
          0.26754265948
        ]
      },
      "properties": {
        "id": "0_29",
        "camera": "R0 - Reddish (Point)",
        "frame": "0180",
        "image": "pano_camera0/frame_0180_hp_preview.jpg",
        "frameId": "0180",
        "height": -0.861466,
        "coords2D": "2D: (397931.154, 808219.577)",
        "coords3D_original": "3D_Original: (-793548.981, 426441.300, 0.000)",
        "coords3D": "3D: (8.242, -6.582, 0.268)",
        "coordsMtEden": "MtEden: (397931.154, 808219.577, -0.861)",
        "easting": 397931.154104197,
        "northing": 808219.5772809557,
        "longitude": 174.74098080993417,
        "latitude": -36.80564542449815,
        "group": "R0 - Reddish (229 points)",
        "canvasX": 578.9679954912734,
        "canvasY": 544.5012161081655,
        "variant": "northing_easting_direct"
      }
    },
    {
      "type": "Feature",
      "geometry": {
        "type": "Point",
        "coordinates": [
          8.428172708314378,
          -7.143100906279869,
          0.21000328755999997
        ]
      },
      "properties": {
        "id": "0_30",
        "camera": "R0 - Reddish (Point)",
        "frame": "0181",
        "image": "pano_camera0/frame_0181_hp_preview.jpg",
        "frameId": "0181",
        "height": -1.097735,
        "coords2D": "2D: (397931.341, 808219.016)",
        "coords3D_original": "3D_Original: (-793548.981, 426441.300, 0.000)",
        "coords3D": "3D: (8.428, -7.143, 0.210)",
        "coordsMtEden": "MtEden: (397931.341, 808219.016, -1.098)",
        "easting": 397931.3406727083,
        "northing": 808219.0158990937,
        "longitude": 174.74098289930927,
        "latitude": -36.80565048409028,
        "group": "R0 - Reddish (229 points)",
        "canvasX": 582.0243803446549,
        "canvasY": 553.6978324503133,
        "variant": "northing_easting_direct"
      }
    },
    {
      "type": "Feature",
      "geometry": {
        "type": "Point",
        "coordinates": [
          8.399560281948652,
          -7.693394375382923,
          0.19533465192
        ]
      },
      "properties": {
        "id": "0_31",
        "camera": "R0 - Reddish (Point)",
        "frame": "0182",
        "image": "pano_camera0/frame_0182_hp_preview.jpg",
        "frameId": "0182",
        "height": -1.25705,
        "coords2D": "2D: (397931.312, 808218.466)",
        "coords3D_original": "3D_Original: (-793548.981, 426441.300, 0.000)",
        "coords3D": "3D: (8.400, -7.693, 0.195)",
        "coordsMtEden": "MtEden: (397931.312, 808218.466, -1.257)",
        "easting": 397931.3120602819,
        "northing": 808218.4656056246,
        "longitude": 174.74098257715062,
        "latitude": -36.805655443283456,
        "group": "R0 - Reddish (229 points)",
        "canvasX": 581.5556485851057,
        "canvasY": 562.7127975817897,
        "variant": "northing_easting_direct"
      }
    },
    {
      "type": "Feature",
      "geometry": {
        "type": "Point",
        "coordinates": [
          8.580663977656513,
          -8.523162361467257,
          0.2169291408
        ]
      },
      "properties": {
        "id": "0_32",
        "camera": "R0 - Reddish (Point)",
        "frame": "0183",
        "image": "pano_camera0/frame_0183_hp_preview.jpg",
        "frameId": "0183",
        "height": -1.573921,
        "coords2D": "2D: (397931.493, 808217.636)",
        "coords3D_original": "3D_Original: (-793548.981, 426441.300, 0.000)",
        "coords3D": "3D: (8.581, -8.523, 0.217)",
        "coordsMtEden": "MtEden: (397931.493, 808217.636, -1.574)",
        "easting": 397931.49316397763,
        "northing": 808217.6358376385,
        "longitude": 174.740984604552,
        "latitude": -36.80566292156469,
        "group": "R0 - Reddish (229 points)",
        "canvasX": 584.5225082577308,
        "canvasY": 576.3061434606905,
        "variant": "northing_easting_direct"
      }
    },
    {
      "type": "Feature",
      "geometry": {
        "type": "Point",
        "coordinates": [
          9.041652630607132,
          -8.498915976262651,
          0.17647310276
        ]
      },
      "properties": {
        "id": "0_33",
        "camera": "R0 - Reddish (Point)",
        "frame": "0184",
        "image": "pano_camera0/frame_0184_hp_preview.jpg",
        "frameId": "0184",
        "height": -1.724032,
        "coords2D": "2D: (397931.954, 808217.660)",
        "coords3D_original": "3D_Original: (-793548.981, 426441.300, 0.000)",
        "coords3D": "3D: (9.042, -8.499, 0.176)",
        "coordsMtEden": "MtEden: (397931.954, 808217.660, -1.724)",
        "easting": 397931.9541526306,
        "northing": 808217.6600840237,
        "longitude": 174.74098977098552,
        "latitude": -36.805662704062705,
        "group": "R0 - Reddish (229 points)",
        "canvasX": 592.0744725552353,
        "canvasY": 575.9089366432413,
        "variant": "northing_easting_direct"
      }
    },
    {
      "type": "Feature",
      "geometry": {
        "type": "Point",
        "coordinates": [
          9.18953801796306,
          -8.180718791903928,
          0.18293307672
        ]
      },
      "properties": {
        "id": "0_34",
        "camera": "R0 - Reddish (Point)",
        "frame": "0185",
        "image": "pano_camera0/frame_0185_hp_preview.jpg",
        "frameId": "0185",
        "height": -1.676802,
        "coords2D": "2D: (397932.102, 808217.978)",
        "coords3D_original": "3D_Original: (-793548.981, 426441.300, 0.000)",
        "coords3D": "3D: (9.190, -8.181, 0.183)",
        "coordsMtEden": "MtEden: (397932.102, 808217.978, -1.677)",
        "easting": 397932.10203801794,
        "northing": 808217.9782812081,
        "longitude": 174.740991429223,
        "latitude": -36.80565983678632,
        "group": "R0 - Reddish (229 points)",
        "canvasX": 594.4971464288353,
        "canvasY": 570.6961971097281,
        "variant": "northing_easting_direct"
      }
    },
    {
      "type": "Feature",
      "geometry": {
        "type": "Point",
        "coordinates": [
          9.242797961691394,
          -7.659489055280574,
          0.173556436
        ]
      },
      "properties": {
        "id": "0_35",
        "camera": "R0 - Reddish (Point)",
        "frame": "0186",
        "image": "pano_camera0/frame_0186_hp_preview.jpg",
        "frameId": "0186",
        "height": -1.534842,
        "coords2D": "2D: (397932.155, 808218.500)",
        "coords3D_original": "3D_Original: (-793548.981, 426441.300, 0.000)",
        "coords3D": "3D: (9.243, -7.659, 0.174)",
        "coordsMtEden": "MtEden: (397932.155, 808218.500, -1.535)",
        "easting": 397932.15529796167,
        "northing": 808218.4995109447,
        "longitude": 174.74099202753047,
        "latitude": -36.80565513956987,
        "group": "R0 - Reddish (229 points)",
        "canvasX": 595.3696563942228,
        "canvasY": 562.1573570830654,
        "variant": "northing_easting_direct"
      }
    },
    {
      "type": "Feature",
      "geometry": {
        "type": "Point",
        "coordinates": [
          9.317933756276034,
          -7.141504063503817,
          0.18234908719999998
        ]
      },
      "properties": {
        "id": "0_36",
        "camera": "R0 - Reddish (Point)",
        "frame": "0187",
        "image": "pano_camera0/frame_0187_hp_preview.jpg",
        "frameId": "0187",
        "height": -1.401356,
        "coords2D": "2D: (397932.230, 808219.017)",
        "coords3D_original": "3D_Original: (-793548.981, 426441.300, 0.000)",
        "coords3D": "3D: (9.318, -7.142, 0.182)",
        "coordsMtEden": "MtEden: (397932.230, 808219.017, -1.401)",
        "easting": 397932.23043375625,
        "northing": 808219.0174959365,
        "longitude": 174.74099287099494,
        "latitude": -36.8056504716429,
        "group": "R0 - Reddish (229 points)",
        "canvasX": 596.6005388342791,
        "canvasY": 553.671672805674,
        "variant": "northing_easting_direct"
      }
    },
    {
      "type": "Feature",
      "geometry": {
        "type": "Point",
        "coordinates": [
          9.59115459973691,
          -6.507268463028595,
          0.19713255224
        ]
      },
      "properties": {
        "id": "0_37",
        "camera": "R0 - Reddish (Point)",
        "frame": "0188",
        "image": "pano_camera0/frame_0188_hp_preview.jpg",
        "frameId": "0188",
        "height": -1.299852,
        "coords2D": "2D: (397932.504, 808219.652)",
        "coords3D_original": "3D_Original: (-793548.981, 426441.300, 0.000)",
        "coords3D": "3D: (9.591, -6.507, 0.197)",
        "coordsMtEden": "MtEden: (397932.504, 808219.652, -1.300)",
        "easting": 397932.5036545997,
        "northing": 808219.651731537,
        "longitude": 174.74099593474276,
        "latitude": -36.805644756495646,
        "group": "R0 - Reddish (229 points)",
        "canvasX": 601.076471250452,
        "canvasY": 543.2815589041378,
        "variant": "northing_easting_direct"
      }
    },
    {
      "type": "Feature",
      "geometry": {
        "type": "Point",
        "coordinates": [
          10.178442934004124,
          -6.150723069324158,
          0.20044291979999998
        ]
      },
      "properties": {
        "id": "0_38",
        "camera": "R0 - Reddish (Point)",
        "frame": "0189",
        "image": "pano_camera0/frame_0189_hp_preview.jpg",
        "frameId": "0189",
        "height": -1.391022,
        "coords2D": "2D: (397933.091, 808220.008)",
        "coords3D_original": "3D_Original: (-793548.981, 426441.300, 0.000)",
        "coords3D": "3D: (10.178, -6.151, 0.200)",
        "coordsMtEden": "MtEden: (397933.091, 808220.008, -1.391)",
        "easting": 397933.090942934,
        "northing": 808220.0082769307,
        "longitude": 174.74100251753583,
        "latitude": -36.80564154458358,
        "group": "R0 - Reddish (229 points)",
        "canvasX": 610.6974901293672,
        "canvasY": 537.4405949970982,
        "variant": "northing_easting_direct"
      }
    },
    {
      "type": "Feature",
      "geometry": {
        "type": "Point",
        "coordinates": [
          10.254510699247476,
          -6.129406314808875,
          0.21855971827999998
        ]
      },
      "properties": {
        "id": "0_39",
        "camera": "R0 - Reddish (Point)",
        "frame": "0190",
        "image": "pano_camera0/frame_0190_hp_preview.jpg",
        "frameId": "0190",
        "height": -1.410471,
        "coords2D": "2D: (397933.167, 808220.030)",
        "coords3D_original": "3D_Original: (-793548.981, 426441.300, 0.000)",
        "coords3D": "3D: (10.255, -6.129, 0.219)",
        "coordsMtEden": "MtEden: (397933.167, 808220.030, -1.410)",
        "easting": 397933.1670106992,
        "northing": 808220.0295936852,
        "longitude": 174.74100337009608,
        "latitude": -36.805641352642596,
        "group": "R0 - Reddish (229 points)",
        "canvasX": 611.9436402101167,
        "canvasY": 537.0913816972968,
        "variant": "northing_easting_direct"
      }
    },
    {
      "type": "Feature",
      "geometry": {
        "type": "Point",
        "coordinates": [
          10.844303867022973,
          -6.177523353486322,
          0.21998360284
        ]
      },
      "properties": {
        "id": "0_40",
        "camera": "R0 - Reddish (Point)",
        "frame": "0191",
        "image": "pano_camera0/frame_0191_hp_preview.jpg",
        "frameId": "0191",
        "height": -1.626842,
        "coords2D": "2D: (397933.757, 808219.981)",
        "coords3D_original": "3D_Original: (-793548.981, 426441.300, 0.000)",
        "coords3D": "3D: (10.844, -6.178, 0.220)",
        "coordsMtEden": "MtEden: (397933.757, 808219.981, -1.627)",
        "easting": 397933.756803867,
        "northing": 808219.9814766465,
        "longitude": 174.74100997986244,
        "latitude": -36.805641787561484,
        "group": "R0 - Reddish (229 points)",
        "canvasX": 621.6056935330553,
        "canvasY": 537.8796400542096,
        "variant": "northing_easting_direct"
      }
    },
    {
      "type": "Feature",
      "geometry": {
        "type": "Point",
        "coordinates": [
          11.42402956658043,
          -6.7040988869266585,
          0.2193897708
        ]
      },
      "properties": {
        "id": "0_41",
        "camera": "R0 - Reddish (Point)",
        "frame": "0192",
        "image": "pano_camera0/frame_0192_hp_preview.jpg",
        "frameId": "0192",
        "height": -1.986793,
        "coords2D": "2D: (397934.337, 808219.455)",
        "coords3D_original": "3D_Original: (-793548.981, 426441.300, 0.000)",
        "coords3D": "3D: (11.424, -6.704, 0.219)",
        "coordsMtEden": "MtEden: (397934.337, 808219.455, -1.987)",
        "easting": 397934.33652956656,
        "northing": 808219.4549011131,
        "longitude": 174.74101647550333,
        "latitude": -36.80564653433553,
        "group": "R0 - Reddish (229 points)",
        "canvasX": 631.1028205390434,
        "canvasY": 546.5060554830429,
        "variant": "northing_easting_direct"
      }
    },
    {
      "type": "Feature",
      "geometry": {
        "type": "Point",
        "coordinates": [
          11.632801697065588,
          -7.284365835599601,
          0.18652559652
        ]
      },
      "properties": {
        "id": "0_42",
        "camera": "R0 - Reddish (Point)",
        "frame": "0193",
        "image": "pano_camera0/frame_0193_hp_preview.jpg",
        "frameId": "0193",
        "height": -2.236454,
        "coords2D": "2D: (397934.545, 808218.875)",
        "coords3D_original": "3D_Original: (-793548.981, 426441.300, 0.000)",
        "coords3D": "3D: (11.633, -7.284, 0.187)",
        "coordsMtEden": "MtEden: (397934.545, 808218.875, -2.236)",
        "easting": 397934.54530169704,
        "northing": 808218.8746341644,
        "longitude": 174.74101881366877,
        "latitude": -36.80565176416824,
        "group": "R0 - Reddish (229 points)",
        "canvasX": 634.5229474025178,
        "canvasY": 556.0120492887515,
        "variant": "northing_easting_direct"
      }
    },
    {
      "type": "Feature",
      "geometry": {
        "type": "Point",
        "coordinates": [
          11.762002640985884,
          -8.0536999697797,
          0.14300525392
        ]
      },
      "properties": {
        "id": "0_43",
        "camera": "R0 - Reddish (Point)",
        "frame": "0194",
        "image": "pano_camera0/frame_0194_hp_preview.jpg",
        "frameId": "0194",
        "height": -2.517015,
        "coords2D": "2D: (397934.675, 808218.105)",
        "coords3D_original": "3D_Original: (-793548.981, 426441.300, 0.000)",
        "coords3D": "3D: (11.762, -8.054, 0.143)",
        "coordsMtEden": "MtEden: (397934.675, 808218.105, -2.517)",
        "easting": 397934.67450264096,
        "northing": 808218.1053000302,
        "longitude": 174.7410202595558,
        "latitude": -36.80565869770459,
        "group": "R0 - Reddish (229 points)",
        "canvasX": 636.6395307705001,
        "canvasY": 568.615361489075,
        "variant": "northing_easting_direct"
      }
    },
    {
      "type": "Feature",
      "geometry": {
        "type": "Point",
        "coordinates": [
          11.899497776001226,
          -8.588883628253825,
          0.15165026732
        ]
      },
      "properties": {
        "id": "0_44",
        "camera": "R0 - Reddish (Point)",
        "frame": "0195",
        "image": "pano_camera0/frame_0195_hp_preview.jpg",
        "frameId": "0195",
        "height": -2.728461,
        "coords2D": "2D: (397934.812, 808217.570)",
        "coords3D_original": "3D_Original: (-793548.981, 426441.300, 0.000)",
        "coords3D": "3D: (11.899, -8.589, 0.152)",
        "coordsMtEden": "MtEden: (397934.812, 808217.570, -2.728)",
        "easting": 397934.811997776,
        "northing": 808217.5701163717,
        "longitude": 174.74102179903238,
        "latitude": -36.805663521090246,
        "group": "R0 - Reddish (229 points)",
        "canvasX": 638.8919904437494,
        "canvasY": 577.3827961233048,
        "variant": "northing_easting_direct"
      }
    },
    {
      "type": "Feature",
      "geometry": {
        "type": "Point",
        "coordinates": [
          12.267993223445956,
          -8.844597345567308,
          0.10606299552000001
        ]
      },
      "properties": {
        "id": "0_45",
        "camera": "R0 - Reddish (Point)",
        "frame": "0196",
        "image": "pano_camera0/frame_0196_hp_preview.jpg",
        "frameId": "0196",
        "height": -2.932985,
        "coords2D": "2D: (397935.180, 808217.314)",
        "coords3D_original": "3D_Original: (-793548.981, 426441.300, 0.000)",
        "coords3D": "3D: (12.268, -8.845, 0.106)",
        "coordsMtEden": "MtEden: (397935.180, 808217.314, -2.933)",
        "easting": 397935.1804932234,
        "northing": 808217.3144026544,
        "longitude": 174.74102592812167,
        "latitude": -36.805665826390964,
        "group": "R0 - Reddish (229 points)",
        "canvasX": 644.928721381538,
        "canvasY": 581.5719249673683,
        "variant": "northing_easting_direct"
      }
    },
    {
      "type": "Feature",
      "geometry": {
        "type": "Point",
        "coordinates": [
          13.157714653061703,
          -9.072479895316064,
          0.10466207683999999
        ]
      },
      "properties": {
        "id": "0_46",
        "camera": "R0 - Reddish (Point)",
        "frame": "0197",
        "image": "pano_camera0/frame_0197_hp_preview.jpg",
        "frameId": "0197",
        "height": -3.307107,
        "coords2D": "2D: (397936.070, 808217.087)",
        "coords3D_original": "3D_Original: (-793548.981, 426441.300, 0.000)",
        "coords3D": "3D: (13.158, -9.072, 0.105)",
        "coordsMtEden": "MtEden: (397936.070, 808217.087, -3.307)",
        "easting": 397936.07021465304,
        "northing": 808217.0865201047,
        "longitude": 174.74103589874326,
        "latitude": -36.80566788201275,
        "group": "R0 - Reddish (229 points)",
        "canvasX": 659.5042308390554,
        "canvasY": 585.305120716877,
        "variant": "northing_easting_direct"
      }
    },
    {
      "type": "Feature",
      "geometry": {
        "type": "Point",
        "coordinates": [
          14.483515968138818,
          -9.174969303188846,
          0.1493438368
        ]
      },
      "properties": {
        "id": "0_47",
        "camera": "R0 - Reddish (Point)",
        "frame": "0198",
        "image": "pano_camera0/frame_0198_hp_preview.jpg",
        "frameId": "0198",
        "height": -3.791746,
        "coords2D": "2D: (397937.396, 808216.984)",
        "coords3D_original": "3D_Original: (-793548.981, 426441.300, 0.000)",
        "coords3D": "3D: (14.484, -9.175, 0.149)",
        "coordsMtEden": "MtEden: (397937.396, 808216.984, -3.792)",
        "easting": 397937.3960159681,
        "northing": 808216.9840306968,
        "longitude": 174.741050756917,
        "latitude": -36.805668808538215,
        "group": "R0 - Reddish (229 points)",
        "canvasX": 681.2236465623517,
        "canvasY": 586.984112909572,
        "variant": "northing_easting_direct"
      }
    },
    {
      "type": "Feature",
      "geometry": {
        "type": "Point",
        "coordinates": [
          14.871496379899327,
          -9.205098342266865,
          0.16528215752
        ]
      },
      "properties": {
        "id": "0_48",
        "camera": "R0 - Reddish (Point)",
        "frame": "0199",
        "image": "pano_camera0/frame_0199_hp_preview.jpg",
        "frameId": "0199",
        "height": -3.933612,
        "coords2D": "2D: (397937.784, 808216.954)",
        "coords3D_original": "3D_Original: (-793548.981, 426441.300, 0.000)",
        "coords3D": "3D: (14.871, -9.205, 0.165)",
        "coordsMtEden": "MtEden: (397937.784, 808216.954, -3.934)",
        "easting": 397937.7839963799,
        "northing": 808216.9539016577,
        "longitude": 174.74105510498927,
        "latitude": -36.80566908090677,
        "group": "R0 - Reddish (229 points)",
        "canvasX": 687.5795822218151,
        "canvasY": 587.4776899769901,
        "variant": "northing_easting_direct"
      }
    },
    {
      "type": "Feature",
      "geometry": {
        "type": "Point",
        "coordinates": [
          16.698376347252633,
          -9.042257490451448,
          0.26472113708
        ]
      },
      "properties": {
        "id": "0_49",
        "camera": "R0 - Reddish (Point)",
        "frame": "0200",
        "image": "pano_camera0/frame_0200_hp_preview.jpg",
        "frameId": "0200",
        "height": -4.507984,
        "coords2D": "2D: (397939.611, 808217.117)",
        "coords3D_original": "3D_Original: (-793548.981, 426441.300, 0.000)",
        "coords3D": "3D: (16.698, -9.042, 0.265)",
        "coordsMtEden": "MtEden: (397939.611, 808217.117, -4.508)",
        "easting": 397939.61087634723,
        "northing": 808217.1167425095,
        "longitude": 174.7410755795441,
        "latitude": -36.80566761735869,
        "group": "R0 - Reddish (229 points)",
        "canvasX": 717.5077208013419,
        "canvasY": 584.8100141217062,
        "variant": "northing_easting_direct"
      }
    },
    {
      "type": "Feature",
      "geometry": {
        "type": "Point",
        "coordinates": [
          16.83804783486994,
          -9.194176157121547,
          0.41016405512
        ]
      },
      "properties": {
        "id": "0_50",
        "camera": "R0 - Reddish (Point)",
        "frame": "0201",
        "image": "pano_camera0/frame_0201_hp_preview.jpg",
        "frameId": "0201",
        "height": -4.602404,
        "coords2D": "2D: (397939.751, 808216.965)",
        "coords3D_original": "3D_Original: (-793548.981, 426441.300, 0.000)",
        "coords3D": "3D: (16.838, -9.194, 0.410)",
        "coordsMtEden": "MtEden: (397939.751, 808216.965, -4.602)",
        "easting": 397939.75054783485,
        "northing": 808216.9648238429,
        "longitude": 174.74107714445202,
        "latitude": -36.80566898675665,
        "group": "R0 - Reddish (229 points)",
        "canvasX": 719.7958337109039,
        "canvasY": 587.2987615980371,
        "variant": "northing_easting_direct"
      }
    },
    {
      "type": "Feature",
      "geometry": {
        "type": "Point",
        "coordinates": [
          14.907055905612651,
          -7.318145180819556,
          0.19086614784
        ]
      },
      "properties": {
        "id": "0_51",
        "camera": "R0 - Reddish (Point)",
        "frame": "0226",
        "image": "pano_camera0/frame_0226_hp_preview.jpg",
        "frameId": "0226",
        "height": -3.365942,
        "coords2D": "2D: (397937.820, 808218.841)",
        "coords3D_original": "3D_Original: (-793548.981, 426441.300, 0.000)",
        "coords3D": "3D: (14.907, -7.318, 0.191)",
        "coordsMtEden": "MtEden: (397937.820, 808218.841, -3.366)",
        "easting": 397937.8195559056,
        "northing": 808218.8408548192,
        "longitude": 174.74105550862055,
        "latitude": -36.80565207572477,
        "group": "R0 - Reddish (229 points)",
        "canvasX": 688.1621220891357,
        "canvasY": 556.5654260518113,
        "variant": "northing_easting_direct"
      }
    },
    {
      "type": "Feature",
      "geometry": {
        "type": "Point",
        "coordinates": [
          13.759295512747485,
          -4.474409021786414,
          0.23640748788
        ]
      },
      "properties": {
        "id": "0_52",
        "camera": "R0 - Reddish (Point)",
        "frame": "0240",
        "image": "pano_camera0/frame_0240_hp_preview.jpg",
        "frameId": "0240",
        "height": -2.099824,
        "coords2D": "2D: (397936.672, 808221.685)",
        "coords3D_original": "3D_Original: (-793548.981, 426441.300, 0.000)",
        "coords3D": "3D: (13.759, -4.474, 0.236)",
        "coordsMtEden": "MtEden: (397936.672, 808221.685, -2.100)",
        "easting": 397936.6717955127,
        "northing": 808221.6845909782,
        "longitude": 174.74104265320875,
        "latitude": -36.80562644541754,
        "group": "R0 - Reddish (229 points)",
        "canvasX": 669.3593913625614,
        "canvasY": 509.97904305447577,
        "variant": "northing_easting_direct"
      }
    },
    {
      "type": "Feature",
      "geometry": {
        "type": "Point",
        "coordinates": [
          13.63225742947543,
          -4.401018037926406,
          0.21306103044
        ]
      },
      "properties": {
        "id": "0_53",
        "camera": "R0 - Reddish (Point)",
        "frame": "0241",
        "image": "pano_camera0/frame_0241_hp_preview.jpg",
        "frameId": "0241",
        "height": -2.033852,
        "coords2D": "2D: (397936.545, 808221.758)",
        "coords3D_original": "3D_Original: (-793548.981, 426441.300, 0.000)",
        "coords3D": "3D: (13.632, -4.401, 0.213)",
        "coordsMtEden": "MtEden: (397936.545, 808221.758, -2.034)",
        "easting": 397936.54475742945,
        "northing": 808221.7579819621,
        "longitude": 174.7410412296738,
        "latitude": -36.8056257837397,
        "group": "R0 - Reddish (229 points)",
        "canvasX": 667.2782402041013,
        "canvasY": 508.77674428449905,
        "variant": "northing_easting_direct"
      }
    },
    {
      "type": "Feature",
      "geometry": {
        "type": "Point",
        "coordinates": [
          13.339727654121816,
          -3.8273104024119675,
          0.20283137132
        ]
      },
      "properties": {
        "id": "0_54",
        "camera": "R0 - Reddish (Point)",
        "frame": "0242",
        "image": "pano_camera0/frame_0242_hp_preview.jpg",
        "frameId": "0242",
        "height": -1.757579,
        "coords2D": "2D: (397936.252, 808222.332)",
        "coords3D_original": "3D_Original: (-793548.981, 426441.300, 0.000)",
        "coords3D": "3D: (13.340, -3.827, 0.203)",
        "coordsMtEden": "MtEden: (397936.252, 808222.332, -1.758)",
        "easting": 397936.2522276541,
        "northing": 808222.3316895976,
        "longitude": 174.74103795280612,
        "latitude": -36.80562061283752,
        "group": "R0 - Reddish (229 points)",
        "canvasX": 662.48598684753,
        "canvasY": 499.378205832035,
        "variant": "northing_easting_direct"
      }
    },
    {
      "type": "Feature",
      "geometry": {
        "type": "Point",
        "coordinates": [
          12.905963265395258,
          -3.7775625401409343,
          0.19613517688
        ]
      },
      "properties": {
        "id": "0_55",
        "camera": "R0 - Reddish (Point)",
        "frame": "0243",
        "image": "pano_camera0/frame_0243_hp_preview.jpg",
        "frameId": "0243",
        "height": -1.594036,
        "coords2D": "2D: (397935.818, 808222.381)",
        "coords3D_original": "3D_Original: (-793548.981, 426441.300, 0.000)",
        "coords3D": "3D: (12.906, -3.778, 0.196)",
        "coordsMtEden": "MtEden: (397935.818, 808222.381, -1.594)",
        "easting": 397935.8184632654,
        "northing": 808222.3814374598,
        "longitude": 174.74103309168234,
        "latitude": -36.805620163563326,
        "group": "R0 - Reddish (229 points)",
        "canvasX": 655.380013292589,
        "canvasY": 498.56323115389193,
        "variant": "northing_easting_direct"
      }
    },
    {
      "type": "Feature",
      "geometry": {
        "type": "Point",
        "coordinates": [
          12.616208556748461,
          -4.141826934996061,
          0.184219166
        ]
      },
      "properties": {
        "id": "0_56",
        "camera": "R0 - Reddish (Point)",
        "frame": "0244",
        "image": "pano_camera0/frame_0244_hp_preview.jpg",
        "frameId": "0244",
        "height": -1.606932,
        "coords2D": "2D: (397935.529, 808222.017)",
        "coords3D_original": "3D_Original: (-793548.981, 426441.300, 0.000)",
        "coords3D": "3D: (12.616, -4.142, 0.184)",
        "coordsMtEden": "MtEden: (397935.529, 808222.017, -1.607)",
        "easting": 397935.5287085567,
        "northing": 808222.017173065,
        "longitude": 174.74102984337287,
        "latitude": -36.80562344568962,
        "group": "R0 - Reddish (229 points)",
        "canvasX": 650.6332213682034,
        "canvasY": 504.5306485443584,
        "variant": "northing_easting_direct"
      }
    },
    {
      "type": "Feature",
      "geometry": {
        "type": "Point",
        "coordinates": [
          12.43552551936591,
          -4.281379255815409,
          0.17147966428
        ]
      },
      "properties": {
        "id": "0_57",
        "camera": "R0 - Reddish (Point)",
        "frame": "0245",
        "image": "pano_camera0/frame_0245_hp_preview.jpg",
        "frameId": "0245",
        "height": -1.588058,
        "coords2D": "2D: (397935.348, 808221.878)",
        "coords3D_original": "3D_Original: (-793548.981, 426441.300, 0.000)",
        "coords3D": "3D: (12.436, -4.281, 0.171)",
        "coordsMtEden": "MtEden: (397935.348, 808221.878, -1.588)",
        "easting": 397935.34802551934,
        "northing": 808221.8776207442,
        "longitude": 174.74102781805414,
        "latitude": -36.80562470294397,
        "group": "R0 - Reddish (229 points)",
        "canvasX": 647.6732529637682,
        "canvasY": 506.816809250578,
        "variant": "northing_easting_direct"
      }
    },
    {
      "type": "Feature",
      "geometry": {
        "type": "Point",
        "coordinates": [
          11.934981562953908,
          -4.624486161279492,
          0.085711945
        ]
      },
      "properties": {
        "id": "0_58",
        "camera": "R0 - Reddish (Point)",
        "frame": "0246",
        "image": "pano_camera0/frame_0246_hp_preview.jpg",
        "frameId": "0246",
        "height": -1.522407,
        "coords2D": "2D: (397934.847, 808221.535)",
        "coords3D_original": "3D_Original: (-793548.981, 426441.300, 0.000)",
        "coords3D": "3D: (11.935, -4.624, 0.086)",
        "coordsMtEden": "MtEden: (397934.847, 808221.535, -1.522)",
        "easting": 397934.84748156293,
        "northing": 808221.5345138387,
        "longitude": 174.7410222074566,
        "latitude": -36.805627793938726,
        "group": "R0 - Reddish (229 points)",
        "canvasX": 639.4732895509114,
        "canvasY": 512.4376224387357,
        "variant": "northing_easting_direct"
      }
    },
    {
      "type": "Feature",
      "geometry": {
        "type": "Point",
        "coordinates": [
          11.86691834719386,
          -4.938024922739714,
          0.10507218184
        ]
      },
      "properties": {
        "id": "0_59",
        "camera": "R0 - Reddish (Point)",
        "frame": "0247",
        "image": "pano_camera0/frame_0247_hp_preview.jpg",
        "frameId": "0247",
        "height": -1.595488,
        "coords2D": "2D: (397934.779, 808221.221)",
        "coords3D_original": "3D_Original: (-793548.981, 426441.300, 0.000)",
        "coords3D": "3D: (11.867, -4.938, 0.105)",
        "coordsMtEden": "MtEden: (397934.779, 808221.221, -1.595)",
        "easting": 397934.77941834717,
        "northing": 808221.2209750772,
        "longitude": 174.74102144381206,
        "latitude": -36.805630619407836,
        "group": "R0 - Reddish (229 points)",
        "canvasX": 638.3582708360882,
        "canvasY": 517.5740472026336,
        "variant": "northing_easting_direct"
      }
    },
    {
      "type": "Feature",
      "geometry": {
        "type": "Point",
        "coordinates": [
          11.28616871201666,
          -5.337372044567019,
          0.10270341536
        ]
      },
      "properties": {
        "id": "0_60",
        "camera": "R0 - Reddish (Point)",
        "frame": "0248",
        "image": "pano_camera0/frame_0248_hp_preview.jpg",
        "frameId": "0248",
        "height": -1.519705,
        "coords2D": "2D: (397934.199, 808220.822)",
        "coords3D_original": "3D_Original: (-793548.981, 426441.300, 0.000)",
        "coords3D": "3D: (11.286, -5.337, 0.103)",
        "coordsMtEden": "MtEden: (397934.199, 808220.822, -1.520)",
        "easting": 397934.198668712,
        "northing": 808220.8216279554,
        "longitude": 174.74101493418476,
        "latitude": -36.80563421706525,
        "group": "R0 - Reddish (229 points)",
        "canvasX": 628.8443696096228,
        "canvasY": 524.1161934943269,
        "variant": "northing_easting_direct"
      }
    },
    {
      "type": "Feature",
      "geometry": {
        "type": "Point",
        "coordinates": [
          11.20183745783288,
          -5.3651336604962125,
          0.09599409756
        ]
      },
      "properties": {
        "id": "0_61",
        "camera": "R0 - Reddish (Point)",
        "frame": "0249",
        "image": "pano_camera0/frame_0249_hp_preview.jpg",
        "frameId": "0249",
        "height": -1.499412,
        "coords2D": "2D: (397934.114, 808220.794)",
        "coords3D_original": "3D_Original: (-793548.981, 426441.300, 0.000)",
        "coords3D": "3D: (11.202, -5.365, 0.096)",
        "coordsMtEden": "MtEden: (397934.114, 808220.794, -1.499)",
        "easting": 397934.1143374578,
        "northing": 808220.7938663395,
        "longitude": 174.74101398899703,
        "latitude": -36.80563446706951,
        "group": "R0 - Reddish (229 points)",
        "canvasX": 627.462846188528,
        "canvasY": 524.5709871886451,
        "variant": "northing_easting_direct"
      }
    },
    {
      "type": "Feature",
      "geometry": {
        "type": "Point",
        "coordinates": [
          9.531195426359773,
          -5.683045832673088,
          0.11384186716
        ]
      },
      "properties": {
        "id": "0_62",
        "camera": "R0 - Reddish (Point)",
        "frame": "0250",
        "image": "pano_camera0/frame_0250_hp_preview.jpg",
        "frameId": "0250",
        "height": -1.026091,
        "coords2D": "2D: (397932.444, 808220.476)",
        "coords3D_original": "3D_Original: (-793548.981, 426441.300, 0.000)",
        "coords3D": "3D: (9.531, -5.683, 0.114)",
        "coordsMtEden": "MtEden: (397932.444, 808220.476, -1.026)",
        "easting": 397932.44369542634,
        "northing": 808220.4759541673,
        "longitude": 174.7409952650097,
        "latitude": -36.80563732845397,
        "group": "R0 - Reddish (229 points)",
        "canvasX": 600.0942138053224,
        "canvasY": 529.7790576232986,
        "variant": "northing_easting_direct"
      }
    },
    {
      "type": "Feature",
      "geometry": {
        "type": "Point",
        "coordinates": [
          9.500614129763562,
          -5.685699401656166,
          0.1092191636
        ]
      },
      "properties": {
        "id": "0_63",
        "camera": "R0 - Reddish (Point)",
        "frame": "0251",
        "image": "pano_camera0/frame_0251_hp_preview.jpg",
        "frameId": "0251",
        "height": -1.016454,
        "coords2D": "2D: (397932.413, 808220.473)",
        "coords3D_original": "3D_Original: (-793548.981, 426441.300, 0.000)",
        "coords3D": "3D: (9.501, -5.686, 0.109)",
        "coordsMtEden": "MtEden: (397932.413, 808220.473, -1.016)",
        "easting": 397932.41311412974,
        "northing": 808220.4733005983,
        "longitude": 174.7409949222735,
        "latitude": -36.8056373523012,
        "group": "R0 - Reddish (229 points)",
        "canvasX": 599.5932278077389,
        "canvasY": 529.8225286663505,
        "variant": "northing_easting_direct"
      }
    },
    {
      "type": "Feature",
      "geometry": {
        "type": "Point",
        "coordinates": [
          8.37832539685769,
          -5.551539832958952,
          0.15371391567999998
        ]
      },
      "properties": {
        "id": "0_64",
        "camera": "R0 - Reddish (Point)",
        "frame": "0252",
        "image": "pano_camera0/frame_0252_hp_preview.jpg",
        "frameId": "0252",
        "height": -0.591642,
        "coords2D": "2D: (397931.291, 808220.607)",
        "coords3D_original": "3D_Original: (-793548.981, 426441.300, 0.000)",
        "coords3D": "3D: (8.378, -5.552, 0.154)",
        "coordsMtEden": "MtEden: (397931.291, 808220.607, -0.592)",
        "easting": 397931.29082539683,
        "northing": 808220.607460167,
        "longitude": 174.74098234498726,
        "latitude": -36.805636140801276,
        "group": "R0 - Reddish (229 points)",
        "canvasX": 581.2077764776525,
        "canvasY": 527.6247125898992,
        "variant": "northing_easting_direct"
      }
    },
    {
      "type": "Feature",
      "geometry": {
        "type": "Point",
        "coordinates": [
          7.29593359172577,
          -4.996454157633707,
          0.22676509912
        ]
      },
      "properties": {
        "id": "0_65",
        "camera": "R0 - Reddish (Point)",
        "frame": "0253",
        "image": "pano_camera0/frame_0253_hp_preview.jpg",
        "frameId": "0253",
        "height": -0.051124,
        "coords2D": "2D: (397930.208, 808221.163)",
        "coords3D_original": "3D_Original: (-793548.981, 426441.300, 0.000)",
        "coords3D": "3D: (7.296, -4.996, 0.227)",
        "coordsMtEden": "MtEden: (397930.208, 808221.163, -0.051)",
        "easting": 397930.2084335917,
        "northing": 808221.1625458424,
        "longitude": 174.7409702159762,
        "latitude": -36.805631135992776,
        "group": "R0 - Reddish (229 points)",
        "canvasX": 563.4759207887491,
        "canvasY": 518.5312410359545,
        "variant": "northing_easting_direct"
      }
    },
    {
      "type": "Feature",
      "geometry": {
        "type": "Point",
        "coordinates": [
          7.174844021734316,
          -4.082026567775756,
          0.27519029751999996
        ]
      },
      "properties": {
        "id": "0_66",
        "camera": "R0 - Reddish (Point)",
        "frame": "0254",
        "image": "pano_camera0/frame_0254_hp_preview.jpg",
        "frameId": "0254",
        "height": 0.271249,
        "coords2D": "2D: (397930.087, 808222.077)",
        "coords3D_original": "3D_Original: (-793548.981, 426441.300, 0.000)",
        "coords3D": "3D: (7.175, -4.082, 0.275)",
        "coordsMtEden": "MtEden: (397930.087, 808222.077, 0.271)",
        "easting": 397930.0873440217,
        "northing": 808222.0769734322,
        "longitude": 174.74096886139395,
        "latitude": -36.80562289488841,
        "group": "R0 - Reddish (229 points)",
        "canvasX": 561.4922187970992,
        "canvasY": 503.5509926787021,
        "variant": "northing_easting_direct"
      }
    },
    {
      "type": "Feature",
      "geometry": {
        "type": "Point",
        "coordinates": [
          7.228734741045628,
          -4.005639278329909,
          0.26507874864000003
        ]
      },
      "properties": {
        "id": "0_67",
        "camera": "R0 - Reddish (Point)",
        "frame": "0255",
        "image": "pano_camera0/frame_0255_hp_preview.jpg",
        "frameId": "0255",
        "height": 0.276302,
        "coords2D": "2D: (397930.141, 808222.153)",
        "coords3D_original": "3D_Original: (-793548.981, 426441.300, 0.000)",
        "coords3D": "3D: (7.229, -4.006, 0.265)",
        "coordsMtEden": "MtEden: (397930.141, 808222.153, 0.276)",
        "easting": 397930.141234741,
        "northing": 808222.1533607217,
        "longitude": 174.7409694655625,
        "latitude": -36.805622206602436,
        "group": "R0 - Reddish (229 points)",
        "canvasX": 562.375062192906,
        "canvasY": 502.2996081177433,
        "variant": "northing_easting_direct"
      }
    },
    {
      "type": "Feature",
      "geometry": {
        "type": "Point",
        "coordinates": [
          8.435007272346411,
          -3.837375335628167,
          0.38254922484
        ]
      },
      "properties": {
        "id": "0_68",
        "camera": "R0 - Reddish (Point)",
        "frame": "0256",
        "image": "pano_camera0/frame_0256_hp_preview.jpg",
        "frameId": "0256",
        "height": -0.084286,
        "coords2D": "2D: (397931.348, 808222.322)",
        "coords3D_original": "3D_Original: (-793548.981, 426441.300, 0.000)",
        "coords3D": "3D: (8.435, -3.837, 0.383)",
        "coordsMtEden": "MtEden: (397931.348, 808222.322, -0.084)",
        "easting": 397931.3475072723,
        "northing": 808222.3216246644,
        "longitude": 174.7409829848862,
        "latitude": -36.80562069284049,
        "group": "R0 - Reddish (229 points)",
        "canvasX": 582.1363448866138,
        "canvasY": 499.5430906214918,
        "variant": "northing_easting_direct"
      }
    },
    {
      "type": "Feature",
      "geometry": {
        "type": "Point",
        "coordinates": [
          8.907388908206485,
          -3.8849883413640782,
          0.79190291248
        ]
      },
      "properties": {
        "id": "0_69",
        "camera": "R0 - Reddish (Point)",
        "frame": "0257",
        "image": "pano_camera0/frame_0257_hp_preview.jpg",
        "frameId": "0257",
        "height": -0.260372,
        "coords2D": "2D: (397931.820, 808222.274)",
        "coords3D_original": "3D_Original: (-793548.981, 426441.300, 0.000)",
        "coords3D": "3D: (8.907, -3.885, 0.792)",
        "coordsMtEden": "MtEden: (397931.820, 808222.274, -0.260)",
        "easting": 397931.8198889082,
        "northing": 808222.2740116586,
        "longitude": 174.74098827880445,
        "latitude": -36.80562112296172,
        "group": "R0 - Reddish (229 points)",
        "canvasX": 589.8749502210022,
        "canvasY": 500.323091857367,
        "variant": "northing_easting_direct"
      }
    },
    {
      "type": "Feature",
      "geometry": {
        "type": "Point",
        "coordinates": [
          9.088375458610244,
          -3.904086709721014,
          1.05686355088
        ]
      },
      "properties": {
        "id": "0_70",
        "camera": "R0 - Reddish (Point)",
        "frame": "0258",
        "image": "pano_camera0/frame_0258_hp_preview.jpg",
        "frameId": "0258",
        "height": -0.3281,
        "coords2D": "2D: (397932.001, 808222.255)",
        "coords3D_original": "3D_Original: (-793548.981, 426441.300, 0.000)",
        "coords3D": "3D: (9.088, -3.904, 1.057)",
        "coordsMtEden": "MtEden: (397932.001, 808222.255, -0.328)",
        "easting": 397932.0008754586,
        "northing": 808222.2549132903,
        "longitude": 174.74099030709436,
        "latitude": -36.80562129547189,
        "group": "R0 - Reddish (229 points)",
        "canvasX": 592.8398908076371,
        "canvasY": 500.63596332395184,
        "variant": "northing_easting_direct"
      }
    },
    {
      "type": "Feature",
      "geometry": {
        "type": "Point",
        "coordinates": [
          9.40259159199195,
          -3.960201496607624,
          1.29456697056
        ]
      },
      "properties": {
        "id": "0_71",
        "camera": "R0 - Reddish (Point)",
        "frame": "0259",
        "image": "pano_camera0/frame_0259_hp_preview.jpg",
        "frameId": "0259",
        "height": -0.452739,
        "coords2D": "2D: (397932.315, 808222.199)",
        "coords3D_original": "3D_Original: (-793548.981, 426441.300, 0.000)",
        "coords3D": "3D: (9.403, -3.960, 1.295)",
        "coordsMtEden": "MtEden: (397932.315, 808222.199, -0.453)",
        "easting": 397932.31509159197,
        "northing": 808222.1987985034,
        "longitude": 174.74099382840652,
        "latitude": -36.80562180186565,
        "group": "R0 - Reddish (229 points)",
        "canvasX": 597.9874123479458,
        "canvasY": 501.5552416289596,
        "variant": "northing_easting_direct"
      }
    },
    {
      "type": "Feature",
      "geometry": {
        "type": "Point",
        "coordinates": [
          10.110451003420167,
          -4.07181786489673,
          2.1021654216
        ]
      },
      "properties": {
        "id": "0_72",
        "camera": "R0 - Reddish (Point)",
        "frame": "0260",
        "image": "pano_camera0/frame_0260_hp_preview.jpg",
        "frameId": "0260",
        "height": -0.728976,
        "coords2D": "2D: (397933.023, 808222.087)",
        "coords3D_original": "3D_Original: (-793548.981, 426441.300, 0.000)",
        "coords3D": "3D: (10.110, -4.072, 2.102)",
        "coordsMtEden": "MtEden: (397933.023, 808222.087, -0.729)",
        "easting": 397933.0229510034,
        "northing": 808222.0871821351,
        "longitude": 174.74100176118384,
        "latitude": -36.80562280930001,
        "group": "R0 - Reddish (229 points)",
        "canvasX": 609.5836392153857,
        "canvasY": 503.3837526410988,
        "variant": "northing_easting_direct"
      }
    },
    {
      "type": "Feature",
      "geometry": {
        "type": "Point",
        "coordinates": [
          10.124445267021656,
          -4.076809710357338,
          2.1108924559999998
        ]
      },
      "properties": {
        "id": "0_73",
        "camera": "R0 - Reddish (Point)",
        "frame": "0261",
        "image": "pano_camera0/frame_0261_hp_preview.jpg",
        "frameId": "0261",
        "height": -0.735293,
        "coords2D": "2D: (397933.037, 808222.082)",
        "coords3D_original": "3D_Original: (-793548.981, 426441.300, 0.000)",
        "coords3D": "3D: (10.124, -4.077, 2.111)",
        "coordsMtEden": "MtEden: (397933.037, 808222.082, -0.735)",
        "easting": 397933.036945267,
        "northing": 808222.0821902896,
        "longitude": 174.74100191800596,
        "latitude": -36.805622854317185,
        "group": "R0 - Reddish (229 points)",
        "canvasX": 609.812894704259,
        "canvasY": 503.4655295738226,
        "variant": "northing_easting_direct"
      }
    },
    {
      "type": "Feature",
      "geometry": {
        "type": "Point",
        "coordinates": [
          10.863043203949928,
          -4.122951277415268,
          2.9480972072
        ]
      },
      "properties": {
        "id": "0_74",
        "camera": "R0 - Reddish (Point)",
        "frame": "0262",
        "image": "pano_camera0/frame_0262_hp_preview.jpg",
        "frameId": "0262",
        "height": -1.001917,
        "coords2D": "2D: (397933.776, 808222.036)",
        "coords3D_original": "3D_Original: (-793548.981, 426441.300, 0.000)",
        "coords3D": "3D: (10.863, -4.123, 2.948)",
        "coordsMtEden": "MtEden: (397933.776, 808222.036, -1.002)",
        "easting": 397933.7755432039,
        "northing": 808222.0360487226,
        "longitude": 174.7410101954522,
        "latitude": -36.80562327175788,
        "group": "R0 - Reddish (229 points)",
        "canvasX": 621.9126833093568,
        "canvasY": 504.2214255496006,
        "variant": "northing_easting_direct"
      }
    },
    {
      "type": "Feature",
      "geometry": {
        "type": "Point",
        "coordinates": [
          10.889335052925162,
          -4.115917643764988,
          2.9784777856
        ]
      },
      "properties": {
        "id": "0_75",
        "camera": "R0 - Reddish (Point)",
        "frame": "0263",
        "image": "pano_camera0/frame_0263_hp_preview.jpg",
        "frameId": "0263",
        "height": -1.008742,
        "coords2D": "2D: (397933.802, 808222.043)",
        "coords3D_original": "3D_Original: (-793548.981, 426441.300, 0.000)",
        "coords3D": "3D: (10.889, -4.116, 2.978)",
        "coordsMtEden": "MtEden: (397933.802, 808222.043, -1.009)",
        "easting": 397933.8018350529,
        "northing": 808222.0430823562,
        "longitude": 174.7410104901277,
        "latitude": -36.80562320842801,
        "group": "R0 - Reddish (229 points)",
        "canvasX": 622.3433991274156,
        "canvasY": 504.10619982663496,
        "variant": "northing_easting_direct"
      }
    },
    {
      "type": "Feature",
      "geometry": {
        "type": "Point",
        "coordinates": [
          11.267806253978051,
          -4.149519587284885,
          3.44400273488
        ]
      },
      "properties": {
        "id": "0_76",
        "camera": "R0 - Reddish (Point)",
        "frame": "0264",
        "image": "pano_camera0/frame_0264_hp_preview.jpg",
        "frameId": "0264",
        "height": -1.148425,
        "coords2D": "2D: (397934.180, 808222.009)",
        "coords3D_original": "3D_Original: (-793548.981, 426441.300, 0.000)",
        "coords3D": "3D: (11.268, -4.150, 3.444)",
        "coordsMtEden": "MtEden: (397934.180, 808222.009, -1.148)",
        "easting": 397934.18030625395,
        "northing": 808222.0094804127,
        "longitude": 174.7410147316168,
        "latitude": -36.80562351207517,
        "group": "R0 - Reddish (229 points)",
        "canvasX": 628.5435539021508,
        "canvasY": 504.65667037903955,
        "variant": "northing_easting_direct"
      }
    },
    {
      "type": "Feature",
      "geometry": {
        "type": "Point",
        "coordinates": [
          11.840738555183634,
          -4.193119190866128,
          4.01808083724
        ]
      },
      "properties": {
        "id": "0_77",
        "camera": "R0 - Reddish (Point)",
        "frame": "0265",
        "image": "pano_camera0/frame_0265_hp_preview.jpg",
        "frameId": "0265",
        "height": -1.357645,
        "coords2D": "2D: (397934.753, 808221.966)",
        "coords3D_original": "3D_Original: (-793548.981, 426441.300, 0.000)",
        "coords3D": "3D: (11.841, -4.193, 4.018)",
        "coordsMtEden": "MtEden: (397934.753, 808221.966, -1.358)",
        "easting": 397934.75323855516,
        "northing": 808221.9658808091,
        "longitude": 174.74102115243184,
        "latitude": -36.80562390624543,
        "group": "R0 - Reddish (229 points)",
        "canvasX": 637.929390746994,
        "canvasY": 505.37092364222815,
        "variant": "northing_easting_direct"
      }
    },
    {
      "type": "Feature",
      "geometry": {
        "type": "Point",
        "coordinates": [
          12.27400586946169,
          -4.452499282895587,
          4.45124029992
        ]
      },
      "properties": {
        "id": "0_78",
        "camera": "R0 - Reddish (Point)",
        "frame": "0266",
        "image": "pano_camera0/frame_0266_hp_preview.jpg",
        "frameId": "0266",
        "height": -1.585434,
        "coords2D": "2D: (397935.187, 808221.707)",
        "coords3D_original": "3D_Original: (-793548.981, 426441.300, 0.000)",
        "coords3D": "3D: (12.274, -4.452, 4.451)",
        "coordsMtEden": "MtEden: (397935.187, 808221.707, -1.585)",
        "easting": 397935.18650586944,
        "northing": 808221.7065007171,
        "longitude": 174.74102600741654,
        "latitude": -36.80562624472886,
        "group": "R0 - Reddish (229 points)",
        "canvasX": 645.0272211770496,
        "canvasY": 509.6201154204809,
        "variant": "northing_easting_direct"
      }
    },
    {
      "type": "Feature",
      "geometry": {
        "type": "Point",
        "coordinates": [
          12.591468798054848,
          -4.78141783864703,
          4.6933400452
        ]
      },
      "properties": {
        "id": "0_79",
        "camera": "R0 - Reddish (Point)",
        "frame": "0267",
        "image": "pano_camera0/frame_0267_hp_preview.jpg",
        "frameId": "0267",
        "height": -1.79501,
        "coords2D": "2D: (397935.504, 808221.378)",
        "coords3D_original": "3D_Original: (-793548.981, 426441.300, 0.000)",
        "coords3D": "3D: (12.591, -4.781, 4.693)",
        "coordsMtEden": "MtEden: (397935.504, 808221.378, -1.795)",
        "easting": 397935.50396879803,
        "northing": 808221.3775821613,
        "longitude": 174.7410295643768,
        "latitude": -36.805629209641666,
        "group": "R0 - Reddish (229 points)",
        "canvasX": 650.2279320554244,
        "canvasY": 515.0084935819613,
        "variant": "northing_easting_direct"
      }
    },
    {
      "type": "Feature",
      "geometry": {
        "type": "Point",
        "coordinates": [
          12.66699247789802,
          -5.446307878824882,
          4.667923377719999
        ]
      },
      "properties": {
        "id": "0_80",
        "camera": "R0 - Reddish (Point)",
        "frame": "0268",
        "image": "pano_camera0/frame_0268_hp_preview.jpg",
        "frameId": "0268",
        "height": -2.025131,
        "coords2D": "2D: (397935.579, 808220.713)",
        "coords3D_original": "3D_Original: (-793548.981, 426441.300, 0.000)",
        "coords3D": "3D: (12.667, -5.446, 4.668)",
        "coordsMtEden": "MtEden: (397935.579, 808220.713, -2.025)",
        "easting": 397935.5794924779,
        "northing": 808220.7126921212,
        "longitude": 174.74103040897873,
        "latitude": -36.80563520180861,
        "group": "R0 - Reddish (229 points)",
        "canvasX": 651.4651688729991,
        "canvasY": 525.9007917175909,
        "variant": "northing_easting_direct"
      }
    },
    {
      "type": "Feature",
      "geometry": {
        "type": "Point",
        "coordinates": [
          12.702926289115567,
          -6.581307265325449,
          4.6820703598
        ]
      },
      "properties": {
        "id": "0_81",
        "camera": "R0 - Reddish (Point)",
        "frame": "0269",
        "image": "pano_camera0/frame_0269_hp_preview.jpg",
        "frameId": "0269",
        "height": -2.386176,
        "coords2D": "2D: (397935.615, 808219.578)",
        "coords3D_original": "3D_Original: (-793548.981, 426441.300, 0.000)",
        "coords3D": "3D: (12.703, -6.581, 4.682)",
        "coordsMtEden": "MtEden: (397935.615, 808219.578, -2.386)",
        "easting": 397935.6154262891,
        "northing": 808219.5776927347,
        "longitude": 174.7410308086169,
        "latitude": -36.805645430524045,
        "group": "R0 - Reddish (229 points)",
        "canvasX": 652.0538403241139,
        "canvasY": 544.4944703025092,
        "variant": "northing_easting_direct"
      }
    },
    {
      "type": "Feature",
      "geometry": {
        "type": "Point",
        "coordinates": [
          12.677686150709633,
          -7.10780613834504,
          4.73750343244
        ]
      },
      "properties": {
        "id": "0_82",
        "camera": "R0 - Reddish (Point)",
        "frame": "0270",
        "image": "pano_camera0/frame_0270_hp_preview.jpg",
        "frameId": "0270",
        "height": -2.539332,
        "coords2D": "2D: (397935.590, 808219.051)",
        "coords3D_original": "3D_Original: (-793548.981, 426441.300, 0.000)",
        "coords3D": "3D: (12.678, -7.108, 4.738)",
        "coordsMtEden": "MtEden: (397935.590, 808219.051, -2.539)",
        "easting": 397935.5901861507,
        "northing": 808219.0511938616,
        "longitude": 174.74103052431954,
        "latitude": -36.80565017528734,
        "group": "R0 - Reddish (229 points)",
        "canvasX": 651.6403537385079,
        "canvasY": 553.1196298736061,
        "variant": "northing_easting_direct"
      }
    },
    {
      "type": "Feature",
      "geometry": {
        "type": "Point",
        "coordinates": [
          12.555859601532575,
          -8.082049983902834,
          4.7113846652
        ]
      },
      "properties": {
        "id": "0_83",
        "camera": "R0 - Reddish (Point)",
        "frame": "0271",
        "image": "pano_camera0/frame_0271_hp_preview.jpg",
        "frameId": "0271",
        "height": -2.797059,
        "coords2D": "2D: (397935.468, 808218.077)",
        "coords3D_original": "3D_Original: (-793548.981, 426441.300, 0.000)",
        "coords3D": "3D: (12.556, -8.082, 4.711)",
        "coordsMtEden": "MtEden: (397935.468, 808218.077, -2.797)",
        "easting": 397935.4683596015,
        "northing": 808218.0769500161,
        "longitude": 174.74102915635015,
        "latitude": -36.805658954926656,
        "group": "R0 - Reddish (229 points)",
        "canvasX": 649.6445784762952,
        "canvasY": 569.0797943835574,
        "variant": "northing_easting_direct"
      }
    },
    {
      "type": "Feature",
      "geometry": {
        "type": "Point",
        "coordinates": [
          12.454945622943342,
          -8.995028263540007,
          4.71719503284
        ]
      },
      "properties": {
        "id": "0_84",
        "camera": "R0 - Reddish (Point)",
        "frame": "0272",
        "image": "pano_camera0/frame_0272_hp_preview.jpg",
        "frameId": "0272",
        "height": -3.043108,
        "coords2D": "2D: (397935.367, 808217.164)",
        "coords3D_original": "3D_Original: (-793548.981, 426441.300, 0.000)",
        "coords3D": "3D: (12.455, -8.995, 4.717)",
        "coordsMtEden": "MtEden: (397935.367, 808217.164, -3.043)",
        "easting": 397935.3674456229,
        "northing": 808217.1639717364,
        "longitude": 174.74102802291688,
        "latitude": -36.80566718248504,
        "group": "R0 - Reddish (229 points)",
        "canvasX": 647.991395130944,
        "canvasY": 584.0362999895168,
        "variant": "northing_easting_direct"
      }
    },
    {
      "type": "Feature",
      "geometry": {
        "type": "Point",
        "coordinates": [
          12.420705639466178,
          -9.504328061128035,
          4.74715566372
        ]
      },
      "properties": {
        "id": "0_85",
        "camera": "R0 - Reddish (Point)",
        "frame": "0273",
        "image": "pano_camera0/frame_0273_hp_preview.jpg",
        "frameId": "0273",
        "height": -3.187903,
        "coords2D": "2D: (397935.333, 808216.655)",
        "coords3D_original": "3D_Original: (-793548.981, 426441.300, 0.000)",
        "coords3D": "3D: (12.421, -9.504, 4.747)",
        "coordsMtEden": "MtEden: (397935.333, 808216.655, -3.188)",
        "easting": 397935.33320563944,
        "northing": 808216.6546719389,
        "longitude": 174.74102763780334,
        "latitude": -36.80567177223028,
        "group": "R0 - Reddish (229 points)",
        "canvasX": 647.4304721424842,
        "canvasY": 592.379702508157,
        "variant": "northing_easting_direct"
      }
    },
    {
      "type": "Feature",
      "geometry": {
        "type": "Point",
        "coordinates": [
          12.272187833383214,
          -11.10548059665598,
          4.7212239043599995
        ]
      },
      "properties": {
        "id": "0_86",
        "camera": "R0 - Reddish (Point)",
        "frame": "0274",
        "image": "pano_camera0/frame_0274_hp_preview.jpg",
        "frameId": "0274",
        "height": -3.629144,
        "coords2D": "2D: (397935.185, 808215.054)",
        "coords3D_original": "3D_Original: (-793548.981, 426441.300, 0.000)",
        "coords3D": "3D: (12.272, -11.105, 4.721)",
        "coordsMtEden": "MtEden: (397935.185, 808215.054, -3.629)",
        "easting": 397935.18468783336,
        "northing": 808215.0535194033,
        "longitude": 174.7410259690003,
        "latitude": -36.80568620152489,
        "group": "R0 - Reddish (229 points)",
        "canvasX": 644.9974379190953,
        "canvasY": 618.6099507069956,
        "variant": "northing_easting_direct"
      }
    },
    {
      "type": "Feature",
      "geometry": {
        "type": "Point",
        "coordinates": [
          12.277008969569579,
          -11.281785905710422,
          4.73253624068
        ]
      },
      "properties": {
        "id": "0_87",
        "camera": "R0 - Reddish (Point)",
        "frame": "0275",
        "image": "pano_camera0/frame_0275_hp_preview.jpg",
        "frameId": "0275",
        "height": -3.684967,
        "coords2D": "2D: (397935.190, 808214.877)",
        "coords3D_original": "3D_Original: (-793548.981, 426441.300, 0.000)",
        "coords3D": "3D: (12.277, -11.282, 4.733)",
        "coordsMtEden": "MtEden: (397935.190, 808214.877, -3.685)",
        "easting": 397935.18950896955,
        "northing": 808214.8772140943,
        "longitude": 174.7410260225534,
        "latitude": -36.80568779040235,
        "group": "R0 - Reddish (229 points)",
        "canvasX": 645.0764182760328,
        "canvasY": 621.498202707365,
        "variant": "northing_easting_direct"
      }
    },
    {
      "type": "Feature",
      "geometry": {
        "type": "Point",
        "coordinates": [
          12.18050331727136,
          -12.586459327372722,
          4.73524621452
        ]
      },
      "properties": {
        "id": "0_88",
        "camera": "R0 - Reddish (Point)",
        "frame": "0276",
        "image": "pano_camera0/frame_0276_hp_preview.jpg",
        "frameId": "0276",
        "height": -4.052883,
        "coords2D": "2D: (397935.093, 808213.573)",
        "coords3D_original": "3D_Original: (-793548.981, 426441.300, 0.000)",
        "coords3D": "3D: (12.181, -12.586, 4.735)",
        "coordsMtEden": "MtEden: (397935.093, 808213.573, -4.053)",
        "easting": 397935.09300331725,
        "northing": 808213.5725406726,
        "longitude": 174.7410249374619,
        "latitude": -36.80569954793466,
        "group": "R0 - Reddish (229 points)",
        "canvasX": 643.4954525935343,
        "canvasY": 642.8714990731237,
        "variant": "northing_easting_direct"
      }
    },
    {
      "type": "Feature",
      "geometry": {
        "type": "Point",
        "coordinates": [
          12.18071314325789,
          -12.995653161080554,
          4.7503938528
        ]
      },
      "properties": {
        "id": "0_89",
        "camera": "R0 - Reddish (Point)",
        "frame": "0277",
        "image": "pano_camera0/frame_0277_hp_preview.jpg",
        "frameId": "0277",
        "height": -4.178692,
        "coords2D": "2D: (397935.093, 808213.163)",
        "coords3D_original": "3D_Original: (-793548.981, 426441.300, 0.000)",
        "coords3D": "3D: (12.181, -12.996, 4.750)",
        "coordsMtEden": "MtEden: (397935.093, 808213.163, -4.179)",
        "easting": 397935.09321314323,
        "northing": 808213.1633468389,
        "longitude": 174.74102493870376,
        "latitude": -36.80570323559807,
        "group": "R0 - Reddish (229 points)",
        "canvasX": 643.4988899846342,
        "canvasY": 649.5749552284381,
        "variant": "northing_easting_direct"
      }
    },
    {
      "type": "Feature",
      "geometry": {
        "type": "Point",
        "coordinates": [
          12.217636073532049,
          -14.264933536644094,
          4.798392542
        ]
      },
      "properties": {
        "id": "0_90",
        "camera": "R0 - Reddish (Point)",
        "frame": "0278",
        "image": "pano_camera0/frame_0278_hp_preview.jpg",
        "frameId": "0278",
        "height": -4.581337,
        "coords2D": "2D: (397935.130, 808211.894)",
        "coords3D_original": "3D_Original: (-793548.981, 426441.300, 0.000)",
        "coords3D": "3D: (12.218, -14.265, 4.798)",
        "coordsMtEden": "MtEden: (397935.130, 808211.894, -4.581)",
        "easting": 397935.1301360735,
        "northing": 808211.8940664633,
        "longitude": 174.74102534906262,
        "latitude": -36.80571467445848,
        "group": "R0 - Reddish (229 points)",
        "canvasX": 644.1037652878957,
        "canvasY": 670.3684390124209,
        "variant": "northing_easting_direct"
      }
    },
    {
      "type": "Feature",
      "geometry": {
        "type": "Point",
        "coordinates": [
          12.140920392761473,
          -14.895655882079154,
          4.78560382768
        ]
      },
      "properties": {
        "id": "0_91",
        "camera": "R0 - Reddish (Point)",
        "frame": "0279",
        "image": "pano_camera0/frame_0279_hp_preview.jpg",
        "frameId": "0279",
        "height": -4.748925,
        "coords2D": "2D: (397935.053, 808211.263)",
        "coords3D_original": "3D_Original: (-793548.981, 426441.300, 0.000)",
        "coords3D": "3D: (12.141, -14.896, 4.786)",
        "coordsMtEden": "MtEden: (397935.053, 808211.263, -4.749)",
        "easting": 397935.05342039274,
        "northing": 808211.2633441179,
        "longitude": 174.74102448758765,
        "latitude": -36.805720358373456,
        "group": "R0 - Reddish (229 points)",
        "canvasX": 642.847000986587,
        "canvasY": 680.7009984008648,
        "variant": "northing_easting_direct"
      }
    },
    {
      "type": "Feature",
      "geometry": {
        "type": "Point",
        "coordinates": [
          12.084672190831043,
          -16.56978781754151,
          4.79186695124
        ]
      },
      "properties": {
        "id": "0_92",
        "camera": "R0 - Reddish (Point)",
        "frame": "0280",
        "image": "pano_camera0/frame_0280_hp_preview.jpg",
        "frameId": "0280",
        "height": -5.244128,
        "coords2D": "2D: (397934.997, 808209.589)",
        "coords3D_original": "3D_Original: (-793548.981, 426441.300, 0.000)",
        "coords3D": "3D: (12.085, -16.570, 4.792)",
        "coordsMtEden": "MtEden: (397934.997, 808209.589, -5.244)",
        "easting": 397934.9971721908,
        "northing": 808209.5892121824,
        "longitude": 174.74102385266505,
        "latitude": -36.80573544556091,
        "group": "R0 - Reddish (229 points)",
        "canvasX": 641.925537063105,
        "canvasY": 708.126802756112,
        "variant": "northing_easting_direct"
      }
    },
    {
      "type": "Feature",
      "geometry": {
        "type": "Point",
        "coordinates": [
          12.050442984793335,
          -16.870972603559494,
          4.78295290896
        ]
      },
      "properties": {
        "id": "0_93",
        "camera": "R0 - Reddish (Point)",
        "frame": "0281",
        "image": "pano_camera0/frame_0281_hp_preview.jpg",
        "frameId": "0281",
        "height": -5.324977,
        "coords2D": "2D: (397934.963, 808209.288)",
        "coords3D_original": "3D_Original: (-793548.981, 426441.300, 0.000)",
        "coords3D": "3D: (12.050, -16.871, 4.783)",
        "coordsMtEden": "MtEden: (397934.963, 808209.288, -5.325)",
        "easting": 397934.96294298477,
        "northing": 808209.2880273964,
        "longitude": 174.7410234682361,
        "latitude": -36.805738159769525,
        "group": "R0 - Reddish (229 points)",
        "canvasX": 641.3647906324526,
        "canvasY": 713.0608434020265,
        "variant": "northing_easting_direct"
      }
    },
    {
      "type": "Feature",
      "geometry": {
        "type": "Point",
        "coordinates": [
          12.073131122335326,
          -17.339425426791422,
          4.76470815772
        ]
      },
      "properties": {
        "id": "0_94",
        "camera": "R0 - Reddish (Point)",
        "frame": "0282",
        "image": "pano_camera0/frame_0282_hp_preview.jpg",
        "frameId": "0282",
        "height": -5.476678,
        "coords2D": "2D: (397934.986, 808208.820)",
        "coords3D_original": "3D_Original: (-793548.981, 426441.300, 0.000)",
        "coords3D": "3D: (12.073, -17.339, 4.765)",
        "coordsMtEden": "MtEden: (397934.986, 808208.820, -5.477)",
        "easting": 397934.9856311223,
        "northing": 808208.8195745732,
        "longitude": 174.7410237212352,
        "latitude": -36.8057423815251,
        "group": "R0 - Reddish (229 points)",
        "canvasX": 641.7364700723783,
        "canvasY": 720.7350865174061,
        "variant": "northing_easting_direct"
      }
    },
    {
      "type": "Feature",
      "geometry": {
        "type": "Point",
        "coordinates": [
          12.334776251402218,
          -17.809443018049933,
          4.75363532272
        ]
      },
      "properties": {
        "id": "0_95",
        "camera": "R0 - Reddish (Point)",
        "frame": "0283",
        "image": "pano_camera0/frame_0283_hp_preview.jpg",
        "frameId": "0283",
        "height": -5.710533,
        "coords2D": "2D: (397935.247, 808208.350)",
        "coords3D_original": "3D_Original: (-793548.981, 426441.300, 0.000)",
        "coords3D": "3D: (12.335, -17.809, 4.754)",
        "coordsMtEden": "MtEden: (397935.247, 808208.350, -5.711)",
        "easting": 397935.2472762514,
        "northing": 808208.3495569819,
        "longitude": 174.74102665225917,
        "latitude": -36.80574661790348,
        "group": "R0 - Reddish (229 points)",
        "canvasX": 646.0227679253778,
        "canvasY": 728.4349638261615,
        "variant": "northing_easting_direct"
      }
    },
    {
      "type": "Feature",
      "geometry": {
        "type": "Point",
        "coordinates": [
          13.21852985501755,
          -18.09216388396453,
          4.71833020348
        ]
      },
      "properties": {
        "id": "0_96",
        "camera": "R0 - Reddish (Point)",
        "frame": "0284",
        "image": "pano_camera0/frame_0284_hp_preview.jpg",
        "frameId": "0284",
        "height": -6.099466,
        "coords2D": "2D: (397936.131, 808208.067)",
        "coords3D_original": "3D_Original: (-793548.981, 426441.300, 0.000)",
        "coords3D": "3D: (13.219, -18.092, 4.718)",
        "coordsMtEden": "MtEden: (397936.131, 808208.067, -6.099)",
        "easting": 397936.131029855,
        "northing": 808208.066836116,
        "longitude": 174.74103655586023,
        "latitude": -36.80574916771617,
        "group": "R0 - Reddish (229 points)",
        "canvasX": 660.5005118346323,
        "canvasY": 733.0665266032031,
        "variant": "northing_easting_direct"
      }
    },
    {
      "type": "Feature",
      "geometry": {
        "type": "Point",
        "coordinates": [
          13.315640667104162,
          -18.071496995398775,
          4.71009529508
        ]
      },
      "properties": {
        "id": "0_97",
        "camera": "R0 - Reddish (Point)",
        "frame": "0285",
        "image": "pano_camera0/frame_0285_hp_preview.jpg",
        "frameId": "0285",
        "height": -6.126307,
        "coords2D": "2D: (397936.228, 808208.088)",
        "coords3D_original": "3D_Original: (-793548.981, 426441.300, 0.000)",
        "coords3D": "3D: (13.316, -18.071, 4.710)",
        "coordsMtEden": "MtEden: (397936.228, 808208.088, -6.126)",
        "easting": 397936.2281406671,
        "northing": 808208.0875030046,
        "longitude": 174.74103764425263,
        "latitude": -36.80574898167744,
        "group": "R0 - Reddish (229 points)",
        "canvasX": 662.0913913083264,
        "canvasY": 732.7279594739681,
        "variant": "northing_easting_direct"
      }
    },
    {
      "type": "Feature",
      "geometry": {
        "type": "Point",
        "coordinates": [
          14.020242648373824,
          -17.96449993632268,
          4.70476064924
        ]
      },
      "properties": {
        "id": "0_98",
        "camera": "R0 - Reddish (Point)",
        "frame": "0286",
        "image": "pano_camera0/frame_0286_hp_preview.jpg",
        "frameId": "0286",
        "height": -6.334255,
        "coords2D": "2D: (397936.933, 808208.195)",
        "coords3D_original": "3D_Original: (-793548.981, 426441.300, 0.000)",
        "coords3D": "3D: (14.020, -17.964, 4.705)",
        "coordsMtEden": "MtEden: (397936.933, 808208.195, -6.334)",
        "easting": 397936.93274264835,
        "northing": 808208.1945000637,
        "longitude": 174.74104554112944,
        "latitude": -36.805748018953246,
        "group": "R0 - Reddish (229 points)",
        "canvasX": 673.6342546138792,
        "canvasY": 730.9751224692379,
        "variant": "northing_easting_direct"
      }
    },
    {
      "type": "Feature",
      "geometry": {
        "type": "Point",
        "coordinates": [
          14.327521330793388,
          -17.65472151245922,
          4.75340238308
        ]
      },
      "properties": {
        "id": "0_99",
        "camera": "R0 - Reddish (Point)",
        "frame": "0287",
        "image": "pano_camera0/frame_0287_hp_preview.jpg",
        "frameId": "0287",
        "height": -6.344091,
        "coords2D": "2D: (397937.240, 808208.504)",
        "coords3D_original": "3D_Original: (-793548.981, 426441.300, 0.000)",
        "coords3D": "3D: (14.328, -17.655, 4.753)",
        "coordsMtEden": "MtEden: (397937.240, 808208.504, -6.344)",
        "easting": 397937.24002133077,
        "northing": 808208.5042784875,
        "longitude": 174.74104898568984,
        "latitude": -36.805745227893404,
        "group": "R0 - Reddish (229 points)",
        "canvasX": 678.6681261080282,
        "canvasY": 725.9002999498098,
        "variant": "northing_easting_direct"
      }
    },
    {
      "type": "Feature",
      "geometry": {
        "type": "Point",
        "coordinates": [
          14.735718839627225,
          -17.2579376505455,
          4.784704877519999
        ]
      },
      "properties": {
        "id": "0_100",
        "camera": "R0 - Reddish (Point)",
        "frame": "0288",
        "image": "pano_camera0/frame_0288_hp_preview.jpg",
        "frameId": "0288",
        "height": -6.361685,
        "coords2D": "2D: (397937.648, 808208.901)",
        "coords3D_original": "3D_Original: (-793548.981, 426441.300, 0.000)",
        "coords3D": "3D: (14.736, -17.258, 4.785)",
        "coordsMtEden": "MtEden: (397937.648, 808208.901, -6.362)",
        "easting": 397937.6482188396,
        "northing": 808208.9010623494,
        "longitude": 174.74105356149897,
        "latitude": -36.805741652958545,
        "group": "R0 - Reddish (229 points)",
        "canvasX": 685.3552603645252,
        "canvasY": 719.4001452492082,
        "variant": "northing_easting_direct"
      }
    },
    {
      "type": "Feature",
      "geometry": {
        "type": "Point",
        "coordinates": [
          15.08528253249824,
          -17.12118158035446,
          4.80235907756
        ]
      },
      "properties": {
        "id": "0_101",
        "camera": "R0 - Reddish (Point)",
        "frame": "0289",
        "image": "pano_camera0/frame_0289_hp_preview.jpg",
        "frameId": "0289",
        "height": -6.43914,
        "coords2D": "2D: (397937.998, 808209.038)",
        "coords3D_original": "3D_Original: (-793548.981, 426441.300, 0.000)",
        "coords3D": "3D: (15.085, -17.121, 4.802)",
        "coordsMtEden": "MtEden: (397937.998, 808209.038, -6.439)",
        "easting": 397937.9977825325,
        "northing": 808209.0378184196,
        "longitude": 174.74105747948505,
        "latitude": -36.80574042127142,
        "group": "R0 - Reddish (229 points)",
        "canvasX": 691.0818493196426,
        "canvasY": 717.15979301412,
        "variant": "northing_easting_direct"
      }
    },
    {
      "type": "Feature",
      "geometry": {
        "type": "Point",
        "coordinates": [
          15.64865992742125,
          -17.324393574032,
          4.7928479224
        ]
      },
      "properties": {
        "id": "0_102",
        "camera": "R0 - Reddish (Point)",
        "frame": "0290",
        "image": "pano_camera0/frame_0290_hp_preview.jpg",
        "frameId": "0290",
        "height": -6.69414,
        "coords2D": "2D: (397938.561, 808208.835)",
        "coords3D_original": "3D_Original: (-793548.981, 426441.300, 0.000)",
        "coords3D": "3D: (15.649, -17.324, 4.793)",
        "coordsMtEden": "MtEden: (397938.561, 808208.835, -6.694)",
        "easting": 397938.5611599274,
        "northing": 808208.834606426,
        "longitude": 174.7410637927946,
        "latitude": -36.80574225384859,
        "group": "R0 - Reddish (229 points)",
        "canvasX": 700.3111566900525,
        "canvasY": 720.4888331347954,
        "variant": "northing_easting_direct"
      }
    },
    {
      "type": "Feature",
      "geometry": {
        "type": "Point",
        "coordinates": [
          16.668983635376208,
          -17.975753737729974,
          4.75203755364
        ]
      },
      "properties": {
        "id": "0_103",
        "camera": "R0 - Reddish (Point)",
        "frame": "0291",
        "image": "pano_camera0/frame_0291_hp_preview.jpg",
        "frameId": "0291",
        "height": -7.243027,
        "coords2D": "2D: (397939.581, 808208.183)",
        "coords3D_original": "3D_Original: (-793548.981, 426441.300, 0.000)",
        "coords3D": "3D: (16.669, -17.976, 4.752)",
        "coordsMtEden": "MtEden: (397939.581, 808208.183, -7.243)",
        "easting": 397939.58148363535,
        "northing": 808208.1832462623,
        "longitude": 174.7410752259617,
        "latitude": -36.80574812614001,
        "group": "R0 - Reddish (229 points)",
        "canvasX": 717.0262063237377,
        "canvasY": 731.1594834196862,
        "variant": "northing_easting_direct"
      }
    },
    {
      "type": "Feature",
      "geometry": {
        "type": "Point",
        "coordinates": [
          17.10551809897879,
          -18.18409355811309,
          4.748048052200001
        ]
      },
      "properties": {
        "id": "0_104",
        "camera": "R0 - Reddish (Point)",
        "frame": "0292",
        "image": "pano_camera0/frame_0292_hp_preview.jpg",
        "frameId": "0292",
        "height": -7.456249,
        "coords2D": "2D: (397940.018, 808207.975)",
        "coords3D_original": "3D_Original: (-793548.981, 426441.300, 0.000)",
        "coords3D": "3D: (17.106, -18.184, 4.748)",
        "coordsMtEden": "MtEden: (397940.018, 808207.975, -7.456)",
        "easting": 397940.01801809896,
        "northing": 808207.9749064419,
        "longitude": 174.74108011770946,
        "latitude": -36.805750004652374,
        "group": "R0 - Reddish (229 points)",
        "canvasX": 724.1775595348212,
        "canvasY": 734.5725281345821,
        "variant": "northing_easting_direct"
      }
    },
    {
      "type": "Feature",
      "geometry": {
        "type": "Point",
        "coordinates": [
          17.452411639504135,
          -18.376371168880723,
          4.7284450332
        ]
      },
      "properties": {
        "id": "0_105",
        "camera": "R0 - Reddish (Point)",
        "frame": "0293",
        "image": "pano_camera0/frame_0293_hp_preview.jpg",
        "frameId": "0293",
        "height": -7.633897,
        "coords2D": "2D: (397940.365, 808207.783)",
        "coords3D_original": "3D_Original: (-793548.981, 426441.300, 0.000)",
        "coords3D": "3D: (17.452, -18.376, 4.728)",
        "coordsMtEden": "MtEden: (397940.365, 808207.783, -7.634)",
        "easting": 397940.3649116395,
        "northing": 808207.7826288311,
        "longitude": 174.7410840048807,
        "latitude": -36.8057517382166,
        "group": "R0 - Reddish (229 points)",
        "canvasX": 729.8604057748419,
        "canvasY": 737.7224400521764,
        "variant": "northing_easting_direct"
      }
    },
    {
      "type": "Feature",
      "geometry": {
        "type": "Point",
        "coordinates": [
          18.843090355803724,
          -18.293435643427074,
          4.67520684252
        ]
      },
      "properties": {
        "id": "0_106",
        "camera": "R0 - Reddish (Point)",
        "frame": "0294",
        "image": "pano_camera0/frame_0294_hp_preview.jpg",
        "frameId": "0294",
        "height": -8.083733,
        "coords2D": "2D: (397941.756, 808207.866)",
        "coords3D_original": "3D_Original: (-793548.981, 426441.300, 0.000)",
        "coords3D": "3D: (18.843, -18.293, 4.675)",
        "coordsMtEden": "MtEden: (397941.756, 808207.866, -8.084)",
        "easting": 397941.7555903558,
        "northing": 808207.8655643566,
        "longitude": 174.74109959066382,
        "latitude": -36.80575099382391,
        "group": "R0 - Reddish (229 points)",
        "canvasX": 752.6426498659997,
        "canvasY": 736.3637816049524,
        "variant": "northing_easting_direct"
      }
    },
    {
      "type": "Feature",
      "geometry": {
        "type": "Point",
        "coordinates": [
          18.936193714733236,
          -18.23080614511855,
          4.67918978228
        ]
      },
      "properties": {
        "id": "0_107",
        "camera": "R0 - Reddish (Point)",
        "frame": "0295",
        "image": "pano_camera0/frame_0295_hp_preview.jpg",
        "frameId": "0295",
        "height": -8.09631,
        "coords2D": "2D: (397941.849, 808207.928)",
        "coords3D_original": "3D_Original: (-793548.981, 426441.300, 0.000)",
        "coords3D": "3D: (18.936, -18.231, 4.679)",
        "coordsMtEden": "MtEden: (397941.849, 808207.928, -8.096)",
        "easting": 397941.8486937147,
        "northing": 808207.9281938549,
        "longitude": 174.74110063425735,
        "latitude": -36.805750429608004,
        "group": "R0 - Reddish (229 points)",
        "canvasX": 754.1678788236327,
        "canvasY": 735.337778616662,
        "variant": "northing_easting_direct"
      }
    },
    {
      "type": "Feature",
      "geometry": {
        "type": "Point",
        "coordinates": [
          19.42402603366645,
          -17.07880544255022,
          4.664521146639999
        ]
      },
      "properties": {
        "id": "0_108",
        "camera": "R0 - Reddish (Point)",
        "frame": "0296",
        "image": "pano_camera0/frame_0296_hp_preview.jpg",
        "frameId": "0296",
        "height": -7.909059,
        "coords2D": "2D: (397942.337, 808209.080)",
        "coords3D_original": "3D_Original: (-793548.981, 426441.300, 0.000)",
        "coords3D": "3D: (19.424, -17.079, 4.665)",
        "coordsMtEden": "MtEden: (397942.337, 808209.080, -7.909)",
        "easting": 397942.33652603364,
        "northing": 808209.0801945574,
        "longitude": 174.74110610458524,
        "latitude": -36.80574004881512,
        "group": "R0 - Reddish (229 points)",
        "canvasX": 762.1595988630202,
        "canvasY": 716.465582694494,
        "variant": "northing_easting_direct"
      }
    },
    {
      "type": "Feature",
      "geometry": {
        "type": "Point",
        "coordinates": [
          19.01623301312793,
          -16.410197077668272,
          4.68770684292
        ]
      },
      "properties": {
        "id": "0_109",
        "camera": "R0 - Reddish (Point)",
        "frame": "0297",
        "image": "pano_camera0/frame_0297_hp_preview.jpg",
        "frameId": "0297",
        "height": -7.564229,
        "coords2D": "2D: (397941.929, 808209.749)",
        "coords3D_original": "3D_Original: (-793548.981, 426441.300, 0.000)",
        "coords3D": "3D: (19.016, -16.410, 4.688)",
        "coordsMtEden": "MtEden: (397941.929, 808209.749, -7.564)",
        "easting": 397941.9287330131,
        "northing": 808209.7488029223,
        "longitude": 174.7411015361915,
        "latitude": -36.80573402241706,
        "group": "R0 - Reddish (229 points)",
        "canvasX": 755.4790909759503,
        "canvasY": 705.5123705739846,
        "variant": "northing_easting_direct"
      }
    },
    {
      "type": "Feature",
      "geometry": {
        "type": "Point",
        "coordinates": [
          18.559302772569936,
          -15.910163110354915,
          4.6544489678400005
        ]
      },
      "properties": {
        "id": "0_110",
        "camera": "R0 - Reddish (Point)",
        "frame": "0298",
        "image": "pano_camera0/frame_0298_hp_preview.jpg",
        "frameId": "0298",
        "height": -7.254404,
        "coords2D": "2D: (397941.472, 808210.249)",
        "coords3D_original": "3D_Original: (-793548.981, 426441.300, 0.000)",
        "coords3D": "3D: (18.559, -15.910, 4.654)",
        "coordsMtEden": "MtEden: (397941.472, 808210.249, -7.254)",
        "easting": 397941.47180277255,
        "northing": 808210.2488368896,
        "longitude": 174.74109641665416,
        "latitude": -36.80572951510781,
        "group": "R0 - Reddish (229 points)",
        "canvasX": 747.9936120144331,
        "canvasY": 697.3207618556904,
        "variant": "northing_easting_direct"
      }
    },
    {
      "type": "Feature",
      "geometry": {
        "type": "Point",
        "coordinates": [
          18.18864151224261,
          -15.534982824581675,
          4.67741812868
        ]
      },
      "properties": {
        "id": "0_111",
        "camera": "R0 - Reddish (Point)",
        "frame": "0299",
        "image": "pano_camera0/frame_0299_hp_preview.jpg",
        "frameId": "0299",
        "height": -7.01243,
        "coords2D": "2D: (397941.101, 808210.624)",
        "coords3D_original": "3D_Original: (-793548.981, 426441.300, 0.000)",
        "coords3D": "3D: (18.189, -15.535, 4.677)",
        "coordsMtEden": "MtEden: (397941.101, 808210.624, -7.012)",
        "easting": 397941.1011415122,
        "northing": 808210.6240171754,
        "longitude": 174.74109226360977,
        "latitude": -36.80572613316976,
        "group": "R0 - Reddish (229 points)",
        "canvasX": 741.9214005049562,
        "canvasY": 691.174519198893,
        "variant": "northing_easting_direct"
      }
    },
    {
      "type": "Feature",
      "geometry": {
        "type": "Point",
        "coordinates": [
          17.49312792759156,
          -14.805550854303874,
          4.70138794572
        ]
      },
      "properties": {
        "id": "0_112",
        "camera": "R0 - Reddish (Point)",
        "frame": "0300",
        "image": "pano_camera0/frame_0300_hp_preview.jpg",
        "frameId": "0300",
        "height": -6.55057,
        "coords2D": "2D: (397940.406, 808211.353)",
        "coords3D_original": "3D_Original: (-793548.981, 426441.300, 0.000)",
        "coords3D": "3D: (17.493, -14.806, 4.701)",
        "coordsMtEden": "MtEden: (397940.406, 808211.353, -6.551)",
        "easting": 397940.40562792757,
        "northing": 808211.3534491457,
        "longitude": 174.74108447085337,
        "latitude": -36.805719558001854,
        "group": "R0 - Reddish (229 points)",
        "canvasX": 730.5274242625387,
        "canvasY": 679.2248884173337,
        "variant": "northing_easting_direct"
      }
    },
    {
      "type": "Feature",
      "geometry": {
        "type": "Point",
        "coordinates": [
          16.983765754150227,
          -14.330899966065772,
          4.6574115663599995
        ]
      },
      "properties": {
        "id": "0_113",
        "camera": "R0 - Reddish (Point)",
        "frame": "0301",
        "image": "pano_camera0/frame_0301_hp_preview.jpg",
        "frameId": "0301",
        "height": -6.230624,
        "coords2D": "2D: (397939.896, 808211.828)",
        "coords3D_original": "3D_Original: (-793548.981, 426441.300, 0.000)",
        "coords3D": "3D: (16.984, -14.331, 4.657)",
        "coordsMtEden": "MtEden: (397939.896, 808211.828, -6.231)",
        "easting": 397939.8962657541,
        "northing": 808211.8281000339,
        "longitude": 174.74107876363655,
        "latitude": -36.805715279330585,
        "group": "R0 - Reddish (229 points)",
        "canvasX": 722.1829998954704,
        "canvasY": 671.4491079536864,
        "variant": "northing_easting_direct"
      }
    },
    {
      "type": "Feature",
      "geometry": {
        "type": "Point",
        "coordinates": [
          16.424043716397136,
          -13.907477556262165,
          4.648399098880001
        ]
      },
      "properties": {
        "id": "0_114",
        "camera": "R0 - Reddish (Middle)",
        "frame": "0302",
        "image": "pano_camera0/frame_0302_hp_preview.jpg",
        "frameId": "0302",
        "height": -5.909207,
        "coords2D": "2D: (397939.337, 808212.252)",
        "coords3D_original": "3D_Original: (-793548.981, 426441.300, 0.000)",
        "coords3D": "3D: (16.424, -13.907, 4.648)",
        "coordsMtEden": "MtEden: (397939.337, 808212.252, -5.909)",
        "easting": 397939.3365437164,
        "northing": 808212.2515224437,
        "longitude": 174.74107249189098,
        "latitude": -36.80571146222153,
        "group": "R0 - Reddish (229 points)",
        "canvasX": 713.0135749683202,
        "canvasY": 664.5125577772178,
        "variant": "northing_easting_direct"
      }
    },
    {
      "type": "Feature",
      "geometry": {
        "type": "Point",
        "coordinates": [
          15.553735100722406,
          -13.446712957578711,
          4.697083483639999
        ]
      },
      "properties": {
        "id": "0_115",
        "camera": "R0 - Reddish (Point)",
        "frame": "0303",
        "image": "pano_camera0/frame_0303_hp_preview.jpg",
        "frameId": "0303",
        "height": -5.47016,
        "coords2D": "2D: (397938.466, 808212.712)",
        "coords3D_original": "3D_Original: (-793548.981, 426441.300, 0.000)",
        "coords3D": "3D: (15.554, -13.447, 4.697)",
        "coordsMtEden": "MtEden: (397938.466, 808212.712, -5.470)",
        "easting": 397938.4662351007,
        "northing": 808212.7122870424,
        "longitude": 174.74106273945563,
        "latitude": -36.805707307907454,
        "group": "R0 - Reddish (229 points)",
        "canvasX": 698.7560882572711,
        "canvasY": 656.9642639603142,
        "variant": "northing_easting_direct"
      }
    },
    {
      "type": "Feature",
      "geometry": {
        "type": "Point",
        "coordinates": [
          15.121665839105844,
          -13.197029274189845,
          4.684875478
        ]
      },
      "properties": {
        "id": "0_116",
        "camera": "R0 - Reddish (Point)",
        "frame": "0304",
        "image": "pano_camera0/frame_0304_hp_preview.jpg",
        "frameId": "0304",
        "height": -5.24576,
        "coords2D": "2D: (397938.034, 808212.962)",
        "coords3D_original": "3D_Original: (-793548.981, 426441.300, 0.000)",
        "coords3D": "3D: (15.122, -13.197, 4.685)",
        "coordsMtEden": "MtEden: (397938.034, 808212.962, -5.246)",
        "easting": 397938.0341658391,
        "northing": 808212.9619707258,
        "longitude": 174.74105789786523,
        "latitude": -36.80570505681237,
        "group": "R0 - Reddish (229 points)",
        "canvasX": 691.6778844517174,
        "canvasY": 652.8739197614789,
        "variant": "northing_easting_direct"
      }
    },
    {
      "type": "Feature",
      "geometry": {
        "type": "Point",
        "coordinates": [
          14.180419313779566,
          -12.52239131508395,
          4.674353824120001
        ]
      },
      "properties": {
        "id": "0_117",
        "camera": "R0 - Reddish (Point)",
        "frame": "0305",
        "image": "pano_camera0/frame_0305_hp_preview.jpg",
        "frameId": "0305",
        "height": -4.716748,
        "coords2D": "2D: (397937.093, 808213.637)",
        "coords3D_original": "3D_Original: (-793548.981, 426441.300, 0.000)",
        "coords3D": "3D: (14.180, -12.522, 4.674)",
        "coordsMtEden": "MtEden: (397937.093, 808213.637, -4.717)",
        "easting": 397937.09291931376,
        "northing": 808213.6366086849,
        "longitude": 174.74104735099894,
        "latitude": -36.805698974911586,
        "group": "R0 - Reddish (229 points)",
        "canvasX": 676.2582854894597,
        "canvasY": 641.8219301993934,
        "variant": "northing_easting_direct"
      }
    },
    {
      "type": "Feature",
      "geometry": {
        "type": "Point",
        "coordinates": [
          13.428753991029225,
          -11.649595602299087,
          4.651791487440001
        ]
      },
      "properties": {
        "id": "0_118",
        "camera": "R0 - Reddish (Point)",
        "frame": "0306",
        "image": "pano_camera0/frame_0306_hp_preview.jpg",
        "frameId": "0306",
        "height": -4.191643,
        "coords2D": "2D: (397936.341, 808214.509)",
        "coords3D_original": "3D_Original: (-793548.981, 426441.300, 0.000)",
        "coords3D": "3D: (13.429, -11.650, 4.652)",
        "coordsMtEden": "MtEden: (397936.341, 808214.509, -4.192)",
        "easting": 397936.341253991,
        "northing": 808214.5094043977,
        "longitude": 174.7410389293366,
        "latitude": -36.805691107621435,
        "group": "R0 - Reddish (229 points)",
        "canvasX": 663.9444256046892,
        "canvasY": 627.5236996033407,
        "variant": "northing_easting_direct"
      }
    },
    {
      "type": "Feature",
      "geometry": {
        "type": "Point",
        "coordinates": [
          13.039589584805071,
          -11.000845057191327,
          4.6382055289999995
        ]
      },
      "properties": {
        "id": "0_119",
        "camera": "R0 - Reddish (Point)",
        "frame": "0307",
        "image": "pano_camera0/frame_0307_hp_preview.jpg",
        "frameId": "0307",
        "height": -3.859282,
        "coords2D": "2D: (397935.952, 808215.158)",
        "coords3D_original": "3D_Original: (-793548.981, 426441.300, 0.000)",
        "coords3D": "3D: (13.040, -11.001, 4.638)",
        "coordsMtEden": "MtEden: (397935.952, 808215.158, -3.859)",
        "easting": 397935.9520895848,
        "northing": 808215.1581549428,
        "longitude": 174.74103456967086,
        "latitude": -36.80568526022042,
        "group": "R0 - Reddish (229 points)",
        "canvasX": 657.56909362416,
        "canvasY": 616.8958003624218,
        "variant": "northing_easting_direct"
      }
    },
    {
      "type": "Feature",
      "geometry": {
        "type": "Point",
        "coordinates": [
          12.983453849737998,
          -10.814837964717299,
          4.65875671076
        ]
      },
      "properties": {
        "id": "0_120",
        "camera": "R0 - Reddish (Point)",
        "frame": "0308",
        "image": "pano_camera0/frame_0308_hp_preview.jpg",
        "frameId": "0308",
        "height": -3.782939,
        "coords2D": "2D: (397935.896, 808215.344)",
        "coords3D_original": "3D_Original: (-793548.981, 426441.300, 0.000)",
        "coords3D": "3D: (12.983, -10.815, 4.659)",
        "coordsMtEden": "MtEden: (397935.896, 808215.344, -3.783)",
        "easting": 397935.8959538497,
        "northing": 808215.3441620353,
        "longitude": 174.74103394105347,
        "latitude": -36.80568358379844,
        "group": "R0 - Reddish (229 points)",
        "canvasX": 656.6494721448352,
        "canvasY": 613.8486127306585,
        "variant": "northing_easting_direct"
      }
    },
    {
      "type": "Feature",
      "geometry": {
        "type": "Point",
        "coordinates": [
          13.092708782816771,
          -9.780528009752743,
          4.667733089
        ]
      },
      "properties": {
        "id": "0_121",
        "camera": "R0 - Reddish (Point)",
        "frame": "0309",
        "image": "pano_camera0/frame_0309_hp_preview.jpg",
        "frameId": "0309",
        "height": -3.502458,
        "coords2D": "2D: (397936.005, 808216.378)",
        "coords3D_original": "3D_Original: (-793548.981, 426441.300, 0.000)",
        "coords3D": "3D: (13.093, -9.781, 4.668)",
        "coordsMtEden": "MtEden: (397936.005, 808216.378, -3.502)",
        "easting": 397936.0052087828,
        "northing": 808216.3784719902,
        "longitude": 174.7410351682936,
        "latitude": -36.80567426281473,
        "group": "R0 - Reddish (229 points)",
        "canvasX": 658.4392978777446,
        "canvasY": 596.9044389379364,
        "variant": "northing_easting_direct"
      }
    },
    {
      "type": "Feature",
      "geometry": {
        "type": "Point",
        "coordinates": [
          13.791969819925725,
          -9.03943109489046,
          4.7080382084
        ]
      },
      "properties": {
        "id": "0_122",
        "camera": "R0 - Reddish (Point)",
        "frame": "0310",
        "image": "pano_camera0/frame_0310_hp_preview.jpg",
        "frameId": "0310",
        "height": -3.513734,
        "coords2D": "2D: (397936.704, 808217.120)",
        "coords3D_original": "3D_Original: (-793548.981, 426441.300, 0.000)",
        "coords3D": "3D: (13.792, -9.039, 4.708)",
        "coordsMtEden": "MtEden: (397936.704, 808217.120, -3.514)",
        "easting": 397936.7044698199,
        "northing": 808217.1195689051,
        "longitude": 174.74104300702425,
        "latitude": -36.80566758555856,
        "group": "R0 - Reddish (229 points)",
        "canvasX": 669.8946652780667,
        "canvasY": 584.7637118142238,
        "variant": "northing_easting_direct"
      }
    },
    {
      "type": "Feature",
      "geometry": {
        "type": "Point",
        "coordinates": [
          14.485172721208073,
          -8.995204355102032,
          4.6629299392400005
        ]
      },
      "properties": {
        "id": "0_123",
        "camera": "R0 - Reddish (Point)",
        "frame": "0311",
        "image": "pano_camera0/frame_0311_hp_preview.jpg",
        "frameId": "0311",
        "height": -3.737074,
        "coords2D": "2D: (397937.398, 808217.164)",
        "coords3D_original": "3D_Original: (-793548.981, 426441.300, 0.000)",
        "coords3D": "3D: (14.485, -8.995, 4.663)",
        "coordsMtEden": "MtEden: (397937.398, 808217.164, -3.737)",
        "easting": 397937.3976727212,
        "northing": 808217.1637956449,
        "longitude": 174.7410507759714,
        "latitude": -36.805667188496535,
        "group": "R0 - Reddish (229 points)",
        "canvasX": 681.2507876641424,
        "canvasY": 584.0391847412923,
        "variant": "northing_easting_direct"
      }
    },
    {
      "type": "Feature",
      "geometry": {
        "type": "Point",
        "coordinates": [
          15.398197561444249,
          -9.336143611581065,
          4.69529870668
        ]
      },
      "properties": {
        "id": "0_124",
        "camera": "R0 - Reddish (Point)",
        "frame": "0312",
        "image": "pano_camera0/frame_0312_hp_preview.jpg",
        "frameId": "0312",
        "height": -4.153901,
        "coords2D": "2D: (397938.311, 808216.823)",
        "coords3D_original": "3D_Original: (-793548.981, 426441.300, 0.000)",
        "coords3D": "3D: (15.398, -9.336, 4.695)",
        "coordsMtEden": "MtEden: (397938.311, 808216.823, -4.154)",
        "easting": 397938.3106975614,
        "northing": 808216.8228563884,
        "longitude": 174.74106100745254,
        "latitude": -36.80567026303627,
        "group": "R0 - Reddish (229 points)",
        "canvasX": 696.2080560309616,
        "canvasY": 589.6244872769212,
        "variant": "northing_easting_direct"
      }
    },
    {
      "type": "Feature",
      "geometry": {
        "type": "Point",
        "coordinates": [
          15.997586665616836,
          -9.68531849118881,
          4.69465894288
        ]
      },
      "properties": {
        "id": "0_125",
        "camera": "R0 - Reddish (Point)",
        "frame": "0313",
        "image": "pano_camera0/frame_0313_hp_preview.jpg",
        "frameId": "0313",
        "height": -4.466061,
        "coords2D": "2D: (397938.910, 808216.474)",
        "coords3D_original": "3D_Original: (-793548.981, 426441.300, 0.000)",
        "coords3D": "3D: (15.998, -9.685, 4.695)",
        "coordsMtEden": "MtEden: (397938.910, 808216.474, -4.466)",
        "easting": 397938.9100866656,
        "northing": 808216.4736815088,
        "longitude": 174.7410677239499,
        "latitude": -36.80567341111209,
        "group": "R0 - Reddish (229 points)",
        "canvasX": 706.0273109867328,
        "canvasY": 595.3447066528521,
        "variant": "northing_easting_direct"
      }
    },
    {
      "type": "Feature",
      "geometry": {
        "type": "Point",
        "coordinates": [
          16.49823847366497,
          -10.046620558365248,
          4.68899621304
        ]
      },
      "properties": {
        "id": "0_126",
        "camera": "R0 - Reddish (Point)",
        "frame": "0314",
        "image": "pano_camera0/frame_0314_hp_preview.jpg",
        "frameId": "0314",
        "height": -4.7482,
        "coords2D": "2D: (397939.411, 808216.112)",
        "coords3D_original": "3D_Original: (-793548.981, 426441.300, 0.000)",
        "coords3D": "3D: (16.498, -10.047, 4.689)",
        "coordsMtEden": "MtEden: (397939.411, 808216.112, -4.748)",
        "easting": 397939.41073847364,
        "northing": 808216.1123794416,
        "longitude": 174.74107333385135,
        "latitude": -36.80567666826312,
        "group": "R0 - Reddish (229 points)",
        "canvasX": 714.2290412371449,
        "canvasY": 601.2635948827948,
        "variant": "northing_easting_direct"
      }
    },
    {
      "type": "Feature",
      "geometry": {
        "type": "Point",
        "coordinates": [
          17.745352363504935,
          -10.897398912115023,
          4.6878643232399995
        ]
      },
      "properties": {
        "id": "0_127",
        "camera": "R0 - Reddish (Point)",
        "frame": "0315",
        "image": "pano_camera0/frame_0315_hp_preview.jpg",
        "frameId": "0315",
        "height": -5.435879,
        "coords2D": "2D: (397940.658, 808215.262)",
        "coords3D_original": "3D_Original: (-793548.981, 426441.300, 0.000)",
        "coords3D": "3D: (17.745, -10.897, 4.688)",
        "coordsMtEden": "MtEden: (397940.658, 808215.262, -5.436)",
        "easting": 397940.6578523635,
        "northing": 808215.2616010879,
        "longitude": 174.7410873081417,
        "latitude": -36.80568433820763,
        "group": "R0 - Reddish (229 points)",
        "canvasX": 734.6593913354205,
        "canvasY": 615.2011348003068,
        "variant": "northing_easting_direct"
      }
    },
    {
      "type": "Feature",
      "geometry": {
        "type": "Point",
        "coordinates": [
          17.842918766720686,
          -10.951745842467062,
          4.69969503228
        ]
      },
      "properties": {
        "id": "0_128",
        "camera": "R0 - Reddish (Point)",
        "frame": "0316",
        "image": "pano_camera0/frame_0316_hp_preview.jpg",
        "frameId": "0316",
        "height": -5.485926,
        "coords2D": "2D: (397940.755, 808215.207)",
        "coords3D_original": "3D_Original: (-793548.981, 426441.300, 0.000)",
        "coords3D": "3D: (17.843, -10.952, 4.700)",
        "coordsMtEden": "MtEden: (397940.755, 808215.207, -5.486)",
        "easting": 397940.7554187667,
        "northing": 808215.2072541575,
        "longitude": 174.74108840143606,
        "latitude": -36.80568482819544,
        "group": "R0 - Reddish (229 points)",
        "canvasX": 736.2577343506853,
        "canvasY": 616.091451894343,
        "variant": "northing_easting_direct"
      }
    },
    {
      "type": "Feature",
      "geometry": {
        "type": "Point",
        "coordinates": [
          18.711472888593562,
          -11.41045911971014,
          4.66303492612
        ]
      },
      "properties": {
        "id": "0_129",
        "camera": "R0 - Reddish (Point)",
        "frame": "0317",
        "image": "pano_camera0/frame_0317_hp_preview.jpg",
        "frameId": "0317",
        "height": -5.923743,
        "coords2D": "2D: (397941.624, 808214.749)",
        "coords3D_original": "3D_Original: (-793548.981, 426441.300, 0.000)",
        "coords3D": "3D: (18.711, -11.410, 4.663)",
        "coordsMtEden": "MtEden: (397941.624, 808214.749, -5.924)",
        "easting": 397941.62397288857,
        "northing": 808214.7485408803,
        "longitude": 174.7410981342126,
        "latitude": -36.80568896401705,
        "group": "R0 - Reddish (229 points)",
        "canvasX": 750.486478760565,
        "canvasY": 623.6061407491316,
        "variant": "northing_easting_direct"
      }
    },
    {
      "type": "Feature",
      "geometry": {
        "type": "Point",
        "coordinates": [
          19.750928082561586,
          -11.545174202066846,
          4.627355791119999
        ]
      },
      "properties": {
        "id": "0_130",
        "camera": "R0 - Reddish (Point)",
        "frame": "0318",
        "image": "pano_camera0/frame_0318_hp_preview.jpg",
        "frameId": "0318",
        "height": -6.320414,
        "coords2D": "2D: (397942.663, 808214.614)",
        "coords3D_original": "3D_Original: (-793548.981, 426441.300, 0.000)",
        "coords3D": "3D: (19.751, -11.545, 4.627)",
        "coordsMtEden": "MtEden: (397942.663, 808214.614, -6.320)",
        "easting": 397942.66342808254,
        "northing": 808214.6138257979,
        "longitude": 174.7411097831798,
        "latitude": -36.80569018033105,
        "group": "R0 - Reddish (229 points)",
        "canvasX": 767.5149423978122,
        "canvasY": 625.8130573103338,
        "variant": "northing_easting_direct"
      }
    },
    {
      "type": "Feature",
      "geometry": {
        "type": "Point",
        "coordinates": [
          19.95383263961412,
          -11.356689066742547,
          4.63062350776
        ]
      },
      "properties": {
        "id": "0_131",
        "camera": "R0 - Reddish (Point)",
        "frame": "0319",
        "image": "pano_camera0/frame_0319_hp_preview.jpg",
        "frameId": "0319",
        "height": -6.331847,
        "coords2D": "2D: (397942.866, 808214.802)",
        "coords3D_original": "3D_Original: (-793548.981, 426441.300, 0.000)",
        "coords3D": "3D: (19.954, -11.357, 4.631)",
        "coordsMtEden": "MtEden: (397942.866, 808214.802, -6.332)",
        "easting": 397942.8663326396,
        "northing": 808214.8023109332,
        "longitude": 174.74111205767107,
        "latitude": -36.80568848214011,
        "group": "R0 - Reddish (229 points)",
        "canvasX": 770.8389460603095,
        "canvasY": 622.7252741209072,
        "variant": "northing_easting_direct"
      }
    },
    {
      "type": "Feature",
      "geometry": {
        "type": "Point",
        "coordinates": [
          20.306284040911123,
          -10.662709242431447,
          4.70119109532
        ]
      },
      "properties": {
        "id": "0_132",
        "camera": "R0 - Reddish (Point)",
        "frame": "0320",
        "image": "pano_camera0/frame_0320_hp_preview.jpg",
        "frameId": "0320",
        "height": -6.239065,
        "coords2D": "2D: (397943.219, 808215.496)",
        "coords3D_original": "3D_Original: (-793548.981, 426441.300, 0.000)",
        "coords3D": "3D: (20.306, -10.663, 4.701)",
        "coordsMtEden": "MtEden: (397943.219, 808215.496, -6.239)",
        "easting": 397943.2187840409,
        "northing": 808215.4962907576,
        "longitude": 174.74111600952168,
        "latitude": -36.80568222874579,
        "group": "R0 - Reddish (229 points)",
        "canvasX": 776.6128417558598,
        "canvasY": 611.3564241008054,
        "variant": "northing_easting_direct"
      }
    },
    {
      "type": "Feature",
      "geometry": {
        "type": "Point",
        "coordinates": [
          20.30838668218348,
          -9.11763342062477,
          4.71741812996
        ]
      },
      "properties": {
        "id": "0_133",
        "camera": "R0 - Reddish (Point)",
        "frame": "0321",
        "image": "pano_camera0/frame_0321_hp_preview.jpg",
        "frameId": "0321",
        "height": -5.765012,
        "coords2D": "2D: (397943.221, 808217.041)",
        "coords3D_original": "3D_Original: (-793548.981, 426441.300, 0.000)",
        "coords3D": "3D: (20.308, -9.118, 4.717)",
        "coordsMtEden": "MtEden: (397943.221, 808217.041, -5.765)",
        "easting": 397943.22088668216,
        "northing": 808217.0413665794,
        "longitude": 174.74111603725984,
        "latitude": -36.805668304496336,
        "group": "R0 - Reddish (229 points)",
        "canvasX": 776.6472874448414,
        "canvasY": 586.0448304887733,
        "variant": "northing_easting_direct"
      }
    },
    {
      "type": "Feature",
      "geometry": {
        "type": "Point",
        "coordinates": [
          20.297927306673955,
          -9.024880747892894,
          4.7155021194
        ]
      },
      "properties": {
        "id": "0_134",
        "camera": "R0 - Reddish (Point)",
        "frame": "0322",
        "image": "pano_camera0/frame_0322_hp_preview.jpg",
        "frameId": "0322",
        "height": -5.732936,
        "coords2D": "2D: (397943.210, 808217.134)",
        "coords3D_original": "3D_Original: (-793548.981, 426441.300, 0.000)",
        "coords3D": "3D: (20.298, -9.025, 4.716)",
        "coordsMtEden": "MtEden: (397943.210, 808217.134, -5.733)",
        "easting": 397943.21042730665,
        "northing": 808217.1341192521,
        "longitude": 174.7411159202906,
        "latitude": -36.80566746858469,
        "group": "R0 - Reddish (229 points)",
        "canvasX": 776.4759408625875,
        "canvasY": 584.5253465097582,
        "variant": "northing_easting_direct"
      }
    },
    {
      "type": "Feature",
      "geometry": {
        "type": "Point",
        "coordinates": [
          19.720586012292188,
          -8.153581197024323,
          4.67937679016
        ]
      },
      "properties": {
        "id": "0_135",
        "camera": "R0 - Reddish (Point)",
        "frame": "0323",
        "image": "pano_camera0/frame_0323_hp_preview.jpg",
        "frameId": "0323",
        "height": -5.267873,
        "coords2D": "2D: (397942.633, 808218.005)",
        "coords3D_original": "3D_Original: (-793548.981, 426441.300, 0.000)",
        "coords3D": "3D: (19.721, -8.154, 4.679)",
        "coordsMtEden": "MtEden: (397942.633, 808218.005, -5.268)",
        "easting": 397942.63308601227,
        "northing": 808218.005418803,
        "longitude": 174.74110945229563,
        "latitude": -36.80565961516155,
        "group": "R0 - Reddish (229 points)",
        "canvasX": 767.0178754309146,
        "canvasY": 570.2516261944982,
        "variant": "northing_easting_direct"
      }
    },
    {
      "type": "Feature",
      "geometry": {
        "type": "Point",
        "coordinates": [
          18.873297949321568,
          -7.545553097967058,
          4.71571865484
        ]
      },
      "properties": {
        "id": "0_136",
        "camera": "R0 - Reddish (Point)",
        "frame": "0324",
        "image": "pano_camera0/frame_0324_hp_preview.jpg",
        "frameId": "0324",
        "height": -4.791443,
        "coords2D": "2D: (397941.786, 808218.613)",
        "coords3D_original": "3D_Original: (-793548.981, 426441.300, 0.000)",
        "coords3D": "3D: (18.873, -7.546, 4.716)",
        "coordsMtEden": "MtEden: (397941.786, 808218.613, -4.791)",
        "easting": 397941.7857979493,
        "northing": 808218.613446902,
        "longitude": 174.74109995825762,
        "latitude": -36.80565413375892,
        "group": "R0 - Reddish (229 points)",
        "canvasX": 753.1375138211041,
        "canvasY": 560.2908463220061,
        "variant": "northing_easting_direct"
      }
    },
    {
      "type": "Feature",
      "geometry": {
        "type": "Point",
        "coordinates": [
          18.805044854874723,
          -7.464211274753325,
          4.69153230236
        ]
      },
      "properties": {
        "id": "0_137",
        "camera": "R0 - Reddish (Point)",
        "frame": "0325",
        "image": "pano_camera0/frame_0325_hp_preview.jpg",
        "frameId": "0325",
        "height": -4.74312,
        "coords2D": "2D: (397941.718, 808218.695)",
        "coords3D_original": "3D_Original: (-793548.981, 426441.300, 0.000)",
        "coords3D": "3D: (18.805, -7.464, 4.692)",
        "coordsMtEden": "MtEden: (397941.718, 808218.695, -4.743)",
        "easting": 397941.71754485485,
        "northing": 808218.6947887252,
        "longitude": 174.74109919355513,
        "latitude": -36.80565340055644,
        "group": "R0 - Reddish (229 points)",
        "canvasX": 752.0193844929253,
        "canvasY": 558.9582960717566,
        "variant": "northing_easting_direct"
      }
    },
    {
      "type": "Feature",
      "geometry": {
        "type": "Point",
        "coordinates": [
          18.404411263240036,
          -6.4545105687575415,
          4.681125477879999
        ]
      },
      "properties": {
        "id": "0_138",
        "camera": "R0 - Reddish (Point)",
        "frame": "0326",
        "image": "pano_camera0/frame_0326_hp_preview.jpg",
        "frameId": "0326",
        "height": -4.295926,
        "coords2D": "2D: (397941.317, 808219.704)",
        "coords3D_original": "3D_Original: (-793548.981, 426441.300, 0.000)",
        "coords3D": "3D: (18.404, -6.455, 4.681)",
        "coordsMtEden": "MtEden: (397941.317, 808219.704, -4.296)",
        "easting": 397941.3169112632,
        "northing": 808219.7044894312,
        "longitude": 174.741094706326,
        "latitude": -36.80564430024261,
        "group": "R0 - Reddish (229 points)",
        "canvasX": 745.4561631185109,
        "canvasY": 542.4172735654847,
        "variant": "northing_easting_direct"
      }
    },
    {
      "type": "Feature",
      "geometry": {
        "type": "Point",
        "coordinates": [
          18.71467541169841,
          -5.9561995033873245,
          4.6729168162
        ]
      },
      "properties": {
        "id": "0_139",
        "camera": "R0 - Reddish (Point)",
        "frame": "0327",
        "image": "pano_camera0/frame_0327_hp_preview.jpg",
        "frameId": "0327",
        "height": -4.24885,
        "coords2D": "2D: (397941.627, 808220.203)",
        "coords3D_original": "3D_Original: (-793548.981, 426441.300, 0.000)",
        "coords3D": "3D: (18.715, -5.956, 4.673)",
        "coordsMtEden": "MtEden: (397941.627, 808220.203, -4.249)",
        "easting": 397941.6271754117,
        "northing": 808220.2028004966,
        "longitude": 174.7410981848482,
        "latitude": -36.80563981012787,
        "group": "R0 - Reddish (229 points)",
        "canvasX": 750.5389428294836,
        "canvasY": 534.2538896068384,
        "variant": "northing_easting_direct"
      }
    },
    {
      "type": "Feature",
      "geometry": {
        "type": "Point",
        "coordinates": [
          18.976409571245313,
          -5.799026520224288,
          4.70181773576
        ]
      },
      "properties": {
        "id": "0_140",
        "camera": "R0 - Reddish (Point)",
        "frame": "0328",
        "image": "pano_camera0/frame_0328_hp_preview.jpg",
        "frameId": "0328",
        "height": -4.290012,
        "coords2D": "2D: (397941.889, 808220.360)",
        "coords3D_original": "3D_Original: (-793548.981, 426441.300, 0.000)",
        "coords3D": "3D: (18.976, -5.799, 4.702)",
        "coordsMtEden": "MtEden: (397941.889, 808220.360, -4.290)",
        "easting": 397941.8889095712,
        "northing": 808220.3599734798,
        "longitude": 174.74110111856538,
        "latitude": -36.80563839425073,
        "group": "R0 - Reddish (229 points)",
        "canvasX": 754.8266991889311,
        "canvasY": 531.679065369192,
        "variant": "northing_easting_direct"
      }
    },
    {
      "type": "Feature",
      "geometry": {
        "type": "Point",
        "coordinates": [
          19.481250448618084,
          -5.691650015884079,
          4.71289713244
        ]
      },
      "properties": {
        "id": "0_141",
        "camera": "R0 - Reddish (Point)",
        "frame": "0329",
        "image": "pano_camera0/frame_0329_hp_preview.jpg",
        "frameId": "0329",
        "height": -4.429567,
        "coords2D": "2D: (397942.394, 808220.467)",
        "coords3D_original": "3D_Original: (-793548.981, 426441.300, 0.000)",
        "coords3D": "3D: (19.481, -5.692, 4.713)",
        "coordsMtEden": "MtEden: (397942.394, 808220.467, -4.430)",
        "easting": 397942.3937504486,
        "northing": 808220.4673499841,
        "longitude": 174.74110677667971,
        "latitude": -36.80563742766868,
        "group": "R0 - Reddish (229 points)",
        "canvasX": 763.0970552109009,
        "canvasY": 529.9200122502556,
        "variant": "northing_easting_direct"
      }
    },
    {
      "type": "Feature",
      "geometry": {
        "type": "Point",
        "coordinates": [
          20.21227605070453,
          -5.317853279411793,
          4.727477185400001
        ]
      },
      "properties": {
        "id": "0_142",
        "camera": "R0 - Reddish (Point)",
        "frame": "0330",
        "image": "pano_camera0/frame_0330_hp_preview.jpg",
        "frameId": "0330",
        "height": -4.564564,
        "coords2D": "2D: (397943.125, 808220.841)",
        "coords3D_original": "3D_Original: (-793548.981, 426441.300, 0.000)",
        "coords3D": "3D: (20.212, -5.318, 4.727)",
        "coordsMtEden": "MtEden: (397943.125, 808220.841, -4.565)",
        "easting": 397943.1247760507,
        "northing": 808220.8411467206,
        "longitude": 174.74111497039823,
        "latitude": -36.80563406059328,
        "group": "R0 - Reddish (229 points)",
        "canvasX": 775.0727930344692,
        "canvasY": 523.7964350422765,
        "variant": "northing_easting_direct"
      }
    },
    {
      "type": "Feature",
      "geometry": {
        "type": "Point",
        "coordinates": [
          20.23987781815231,
          -4.999349444406107,
          4.7231891275199995
        ]
      },
      "properties": {
        "id": "0_143",
        "camera": "R0 - Reddish (Point)",
        "frame": "0331",
        "image": "pano_camera0/frame_0331_hp_preview.jpg",
        "frameId": "0331",
        "height": -4.476128,
        "coords2D": "2D: (397943.152, 808221.160)",
        "coords3D_original": "3D_Original: (-793548.981, 426441.300, 0.000)",
        "coords3D": "3D: (20.240, -4.999, 4.723)",
        "coordsMtEden": "MtEden: (397943.152, 808221.160, -4.476)",
        "easting": 397943.1523778181,
        "northing": 808221.1596505556,
        "longitude": 174.74111528059552,
        "latitude": -36.80563119029033,
        "group": "R0 - Reddish (229 points)",
        "canvasX": 775.5249680739369,
        "canvasY": 518.5786719267397,
        "variant": "northing_easting_direct"
      }
    },
    {
      "type": "Feature",
      "geometry": {
        "type": "Point",
        "coordinates": [
          19.375639923964627,
          -4.6534313363954425,
          4.69481970404
        ]
      },
      "properties": {
        "id": "0_144",
        "camera": "R0 - Reddish (Point)",
        "frame": "0332",
        "image": "pano_camera0/frame_0332_hp_preview.jpg",
        "frameId": "0332",
        "height": -4.074446,
        "coords2D": "2D: (397942.288, 808221.506)",
        "coords3D_original": "3D_Original: (-793548.981, 426441.300, 0.000)",
        "coords3D": "3D: (19.376, -4.653, 4.695)",
        "coordsMtEden": "MtEden: (397942.288, 808221.506, -4.074)",
        "easting": 397942.28813992394,
        "northing": 808221.5055686636,
        "longitude": 174.74110559589312,
        "latitude": -36.805628070991744,
        "group": "R0 - Reddish (229 points)",
        "canvasX": 761.3669325565163,
        "canvasY": 512.91180532299,
        "variant": "northing_easting_direct"
      }
    },
    {
      "type": "Feature",
      "geometry": {
        "type": "Point",
        "coordinates": [
          18.91720713407267,
          -4.73904976178892,
          4.67166681616
        ]
      },
      "properties": {
        "id": "0_145",
        "camera": "R0 - Reddish (Point)",
        "frame": "0333",
        "image": "pano_camera0/frame_0333_hp_preview.jpg",
        "frameId": "0333",
        "height": -3.944067,
        "coords2D": "2D: (397941.830, 808221.420)",
        "coords3D_original": "3D_Original: (-793548.981, 426441.300, 0.000)",
        "coords3D": "3D: (18.917, -4.739, 4.672)",
        "coordsMtEden": "MtEden: (397941.830, 808221.420, -3.944)",
        "easting": 397941.82970713405,
        "northing": 808221.4199502382,
        "longitude": 174.7411004579403,
        "latitude": -36.80562884159037,
        "group": "R0 - Reddish (229 points)",
        "canvasX": 753.8568386747204,
        "canvasY": 514.3144153176904,
        "variant": "northing_easting_direct"
      }
    },
    {
      "type": "Feature",
      "geometry": {
        "type": "Point",
        "coordinates": [
          18.071951579884626,
          -4.751374440616928,
          4.6657481808000005
        ]
      },
      "properties": {
        "id": "0_146",
        "camera": "R0 - Reddish (Point)",
        "frame": "0334",
        "image": "pano_camera0/frame_0334_hp_preview.jpg",
        "frameId": "0334",
        "height": -3.658954,
        "coords2D": "2D: (397940.984, 808221.408)",
        "coords3D_original": "3D_Original: (-793548.981, 426441.300, 0.000)",
        "coords3D": "3D: (18.072, -4.751, 4.666)",
        "coordsMtEden": "MtEden: (397940.984, 808221.408, -3.659)",
        "easting": 397940.98445157986,
        "northing": 808221.4076255594,
        "longitude": 174.74109098500784,
        "latitude": -36.80562895082301,
        "group": "R0 - Reddish (229 points)",
        "canvasX": 740.009773835604,
        "canvasY": 514.5163194948827,
        "variant": "northing_easting_direct"
      }
    },
    {
      "type": "Feature",
      "geometry": {
        "type": "Point",
        "coordinates": [
          17.63631178648211,
          -4.652820991468616,
          4.6775329580800005
        ]
      },
      "properties": {
        "id": "0_147",
        "camera": "R0 - Reddish (Point)",
        "frame": "0335",
        "image": "pano_camera0/frame_0335_hp_preview.jpg",
        "frameId": "0335",
        "height": -3.479773,
        "coords2D": "2D: (397940.549, 808221.506)",
        "coords3D_original": "3D_Original: (-793548.981, 426441.300, 0.000)",
        "coords3D": "3D: (17.636, -4.653, 4.678)",
        "coordsMtEden": "MtEden: (397940.549, 808221.506, -3.480)",
        "easting": 397940.54881178646,
        "northing": 808221.5061790085,
        "longitude": 174.74108610299731,
        "latitude": -36.805628061709974,
        "group": "R0 - Reddish (229 points)",
        "canvasX": 732.873077204532,
        "canvasY": 512.9018065894602,
        "variant": "northing_easting_direct"
      }
    },
    {
      "type": "Feature",
      "geometry": {
        "type": "Point",
        "coordinates": [
          17.146031521027908,
          -4.565640155808069,
          4.6514601226
        ]
      },
      "properties": {
        "id": "0_148",
        "camera": "R0 - Reddish (Point)",
        "frame": "0336",
        "image": "pano_camera0/frame_0336_hp_preview.jpg",
        "frameId": "0336",
        "height": -3.285411,
        "coords2D": "2D: (397940.059, 808221.593)",
        "coords3D_original": "3D_Original: (-793548.981, 426441.300, 0.000)",
        "coords3D": "3D: (17.146, -4.566, 4.651)",
        "coordsMtEden": "MtEden: (397940.059, 808221.593, -3.285)",
        "easting": 397940.058531521,
        "northing": 808221.5933598442,
        "longitude": 174.7410806085926,
        "latitude": -36.80562727496809,
        "group": "R0 - Reddish (229 points)",
        "canvasX": 724.8412546496813,
        "canvasY": 511.4736010263634,
        "variant": "northing_easting_direct"
      }
    },
    {
      "type": "Feature",
      "geometry": {
        "type": "Point",
        "coordinates": [
          16.076320541789755,
          -4.253319049952552,
          4.6312501482
        ]
      },
      "properties": {
        "id": "0_149",
        "camera": "R0 - Reddish (Point)",
        "frame": "0337",
        "image": "pano_camera0/frame_0337_hp_preview.jpg",
        "frameId": "0337",
        "height": -2.823824,
        "coords2D": "2D: (397938.989, 808221.906)",
        "coords3D_original": "3D_Original: (-793548.981, 426441.300, 0.000)",
        "coords3D": "3D: (16.076, -4.253, 4.631)",
        "coordsMtEden": "MtEden: (397938.989, 808221.906, -2.824)",
        "easting": 397938.98882054177,
        "northing": 808221.90568095,
        "longitude": 174.7410686210352,
        "latitude": -36.80562445799635,
        "group": "R0 - Reddish (229 points)",
        "canvasX": 707.3171375763309,
        "canvasY": 506.35712402595544,
        "variant": "northing_easting_direct"
      }
    },
    {
      "type": "Feature",
      "geometry": {
        "type": "Point",
        "coordinates": [
          15.543674512940925,
          -4.090670378762297,
          4.6450427995600005
        ]
      },
      "properties": {
        "id": "0_150",
        "camera": "R0 - Reddish (Point)",
        "frame": "0338",
        "image": "pano_camera0/frame_0338_hp_preview.jpg",
        "frameId": "0338",
        "height": -2.591792,
        "coords2D": "2D: (397938.456, 808222.068)",
        "coords3D_original": "3D_Original: (-793548.981, 426441.300, 0.000)",
        "coords3D": "3D: (15.544, -4.091, 4.645)",
        "coordsMtEden": "MtEden: (397938.456, 808222.068, -2.592)",
        "easting": 397938.4561745129,
        "northing": 808222.0683296212,
        "longitude": 174.74106265203613,
        "latitude": -36.805622991043776,
        "group": "R0 - Reddish (229 points)",
        "canvasX": 698.5912746570353,
        "canvasY": 503.69259649247357,
        "variant": "northing_easting_direct"
      }
    },
    {
      "type": "Feature",
      "geometry": {
        "type": "Point",
        "coordinates": [
          14.209164568863343,
          -3.5706032931338996,
          4.63567600136
        ]
      },
      "properties": {
        "id": "0_151",
        "camera": "R0 - Reddish (Point)",
        "frame": "0339",
        "image": "pano_camera0/frame_0339_hp_preview.jpg",
        "frameId": "0339",
        "height": -1.975863,
        "coords2D": "2D: (397937.122, 808222.588)",
        "coords3D_original": "3D_Original: (-793548.981, 426441.300, 0.000)",
        "coords3D": "3D: (14.209, -3.571, 4.636)",
        "coordsMtEden": "MtEden: (397937.122, 808222.588, -1.976)",
        "easting": 397937.12166456884,
        "northing": 808222.5883967069,
        "longitude": 174.74104769740362,
        "latitude": -36.80561830128244,
        "group": "R0 - Reddish (229 points)",
        "canvasX": 676.7291932631879,
        "canvasY": 495.1728031358638,
        "variant": "northing_easting_direct"
      }
    },
    {
      "type": "Feature",
      "geometry": {
        "type": "Point",
        "coordinates": [
          13.419674576667603,
          -3.1295144632458687,
          4.72577771028
        ]
      },
      "properties": {
        "id": "0_152",
        "camera": "R0 - Reddish (Point)",
        "frame": "0340",
        "image": "pano_camera0/frame_0340_hp_preview.jpg",
        "frameId": "0340",
        "height": -1.570485,
        "coords2D": "2D: (397936.332, 808223.029)",
        "coords3D_original": "3D_Original: (-793548.981, 426441.300, 0.000)",
        "coords3D": "3D: (13.420, -3.130, 4.726)",
        "coordsMtEden": "MtEden: (397936.332, 808223.029, -1.570)",
        "easting": 397936.33217457664,
        "northing": 808223.0294855367,
        "longitude": 174.74103885067376,
        "latitude": -36.805614324460834,
        "group": "R0 - Reddish (229 points)",
        "canvasX": 663.7956856889907,
        "canvasY": 487.9468398209177,
        "variant": "northing_easting_direct"
      }
    },
    {
      "type": "Feature",
      "geometry": {
        "type": "Point",
        "coordinates": [
          13.20050020609051,
          -3.0249737232225016,
          4.70720815588
        ]
      },
      "properties": {
        "id": "0_153",
        "camera": "R0 - Reddish (Point)",
        "frame": "0341",
        "image": "pano_camera0/frame_0341_hp_preview.jpg",
        "frameId": "0341",
        "height": -1.46345,
        "coords2D": "2D: (397936.113, 808223.134)",
        "coords3D_original": "3D_Original: (-793548.981, 426441.300, 0.000)",
        "coords3D": "3D: (13.201, -3.025, 4.707)",
        "coordsMtEden": "MtEden: (397936.113, 808223.134, -1.463)",
        "easting": 397936.11300020607,
        "northing": 808223.1340262768,
        "longitude": 174.74103639463922,
        "latitude": -36.80561338185991,
        "group": "R0 - Reddish (229 points)",
        "canvasX": 660.2051482414248,
        "canvasY": 486.2342424896884,
        "variant": "northing_easting_direct"
      }
    },
    {
      "type": "Feature",
      "geometry": {
        "type": "Point",
        "coordinates": [
          12.523934793658555,
          -2.782496511237696,
          4.7182416208
        ]
      },
      "properties": {
        "id": "0_154",
        "camera": "R0 - Reddish (Point)",
        "frame": "0342",
        "image": "pano_camera0/frame_0342_hp_preview.jpg",
        "frameId": "0342",
        "height": -1.157698,
        "coords2D": "2D: (397935.436, 808223.377)",
        "coords3D_original": "3D_Original: (-793548.981, 426441.300, 0.000)",
        "coords3D": "3D: (12.524, -2.782, 4.718)",
        "coordsMtEden": "MtEden: (397935.436, 808223.377, -1.158)",
        "easting": 397935.43643479364,
        "northing": 808223.3765034887,
        "longitude": 174.74102881293348,
        "latitude": -36.80561119517553,
        "group": "R0 - Reddish (229 points)",
        "canvasX": 649.1215829367915,
        "canvasY": 482.2619554593024,
        "variant": "northing_easting_direct"
      }
    },
    {
      "type": "Feature",
      "geometry": {
        "type": "Point",
        "coordinates": [
          11.620541921176482,
          -2.6424808024894446,
          4.74170946932
        ]
      },
      "properties": {
        "id": "0_155",
        "camera": "R0 - Reddish (Point)",
        "frame": "0343",
        "image": "pano_camera0/frame_0343_hp_preview.jpg",
        "frameId": "0343",
        "height": -0.805903,
        "coords2D": "2D: (397934.533, 808223.517)",
        "coords3D_original": "3D_Original: (-793548.981, 426441.300, 0.000)",
        "coords3D": "3D: (11.621, -2.642, 4.742)",
        "coordsMtEden": "MtEden: (397934.533, 808223.517, -0.806)",
        "easting": 397934.53304192115,
        "northing": 808223.5165191975,
        "longitude": 174.74101868886328,
        "latitude": -36.80560993138104,
        "group": "R0 - Reddish (229 points)",
        "canvasX": 634.3221064721783,
        "canvasY": 479.96820348233103,
        "variant": "northing_easting_direct"
      }
    },
    {
      "type": "Feature",
      "geometry": {
        "type": "Point",
        "coordinates": [
          11.128489792637993,
          -2.060018303222023,
          4.77310054644
        ]
      },
      "properties": {
        "id": "0_156",
        "camera": "R0 - Reddish (Point)",
        "frame": "0344",
        "image": "pano_camera0/frame_0344_hp_preview.jpg",
        "frameId": "0344",
        "height": -0.458745,
        "coords2D": "2D: (397934.041, 808224.099)",
        "coords3D_original": "3D_Original: (-793548.981, 426441.300, 0.000)",
        "coords3D": "3D: (11.128, -2.060, 4.773)",
        "coordsMtEden": "MtEden: (397934.041, 808224.099, -0.459)",
        "easting": 397934.0409897926,
        "northing": 808224.0989816968,
        "longitude": 174.74101317594688,
        "latitude": -36.80560468114393,
        "group": "R0 - Reddish (229 points)",
        "canvasX": 626.261257070946,
        "canvasY": 470.42624193799486,
        "variant": "northing_easting_direct"
      }
    },
    {
      "type": "Feature",
      "geometry": {
        "type": "Point",
        "coordinates": [
          11.632274779956788,
          -1.7781884637661278,
          4.77532167512
        ]
      },
      "properties": {
        "id": "0_157",
        "camera": "R0 - Reddish (Point)",
        "frame": "0345",
        "image": "pano_camera0/frame_0345_hp_preview.jpg",
        "frameId": "0345",
        "height": -0.544333,
        "coords2D": "2D: (397934.545, 808224.381)",
        "coords3D_original": "3D_Original: (-793548.981, 426441.300, 0.000)",
        "coords3D": "3D: (11.632, -1.778, 4.775)",
        "coordsMtEden": "MtEden: (397934.545, 808224.381, -0.544)",
        "easting": 397934.54477477993,
        "northing": 808224.3808115362,
        "longitude": 174.74101882269952,
        "latitude": -36.80560214238681,
        "group": "R0 - Reddish (229 points)",
        "canvasX": 634.5143153916514,
        "canvasY": 465.80927604930196,
        "variant": "northing_easting_direct"
      }
    },
    {
      "type": "Feature",
      "geometry": {
        "type": "Point",
        "coordinates": [
          12.21793470159173,
          -1.7339036182966083,
          4.75655527032
        ]
      },
      "properties": {
        "id": "0_158",
        "camera": "R0 - Reddish (Point)",
        "frame": "0346",
        "image": "pano_camera0/frame_0346_hp_preview.jpg",
        "frameId": "0346",
        "height": -0.730898,
        "coords2D": "2D: (397935.130, 808224.425)",
        "coords3D_original": "3D_Original: (-793548.981, 426441.300, 0.000)",
        "coords3D": "3D: (12.218, -1.734, 4.757)",
        "coordsMtEden": "MtEden: (397935.130, 808224.425, -0.731)",
        "easting": 397935.13043470157,
        "northing": 808224.4250963817,
        "longitude": 174.74102538639133,
        "latitude": -36.80560174456819,
        "group": "R0 - Reddish (229 points)",
        "canvasX": 644.1086574435087,
        "canvasY": 465.0837970826943,
        "variant": "northing_easting_direct"
      }
    },
    {
      "type": "Feature",
      "geometry": {
        "type": "Point",
        "coordinates": [
          12.699738815426826,
          -1.8762101992033422,
          4.7495933278399995
        ]
      },
      "properties": {
        "id": "0_159",
        "camera": "R0 - Reddish (Point)",
        "frame": "0347",
        "image": "pano_camera0/frame_0347_hp_preview.jpg",
        "frameId": "0347",
        "height": -0.939302,
        "coords2D": "2D: (397935.612, 808224.283)",
        "coords3D_original": "3D_Original: (-793548.981, 426441.300, 0.000)",
        "coords3D": "3D: (12.700, -1.876, 4.750)",
        "coordsMtEden": "MtEden: (397935.612, 808224.283, -0.939)",
        "easting": 397935.6122388154,
        "northing": 808224.2827898008,
        "longitude": 174.7410307856508,
        "latitude": -36.80560302808849,
        "group": "R0 - Reddish (229 points)",
        "canvasX": 652.0016227968404,
        "canvasY": 467.41507836574436,
        "variant": "northing_easting_direct"
      }
    },
    {
      "type": "Feature",
      "geometry": {
        "type": "Point",
        "coordinates": [
          13.25256718613673,
          -2.014685099478811,
          4.74812023068
        ]
      },
      "properties": {
        "id": "0_160",
        "camera": "R0 - Reddish (Point)",
        "frame": "0348",
        "image": "pano_camera0/frame_0348_hp_preview.jpg",
        "frameId": "0348",
        "height": -1.170804,
        "coords2D": "2D: (397936.165, 808224.144)",
        "coords3D_original": "3D_Original: (-793548.981, 426441.300, 0.000)",
        "coords3D": "3D: (13.253, -2.015, 4.748)",
        "coordsMtEden": "MtEden: (397936.165, 808224.144, -1.171)",
        "easting": 397936.1650671861,
        "northing": 808224.1443149005,
        "longitude": 174.7410369808995,
        "latitude": -36.805604277232135,
        "group": "R0 - Reddish (229 points)",
        "canvasX": 661.0581149510056,
        "canvasY": 469.6835886552568,
        "variant": "northing_easting_direct"
      }
    },
    {
      "type": "Feature",
      "geometry": {
        "type": "Point",
        "coordinates": [
          14.562826048524585,
          -2.3404111283598468,
          4.7044620928
        ]
      },
      "properties": {
        "id": "0_161",
        "camera": "R0 - Reddish (Point)",
        "frame": "0349",
        "image": "pano_camera0/frame_0349_hp_preview.jpg",
        "frameId": "0349",
        "height": -1.718727,
        "coords2D": "2D: (397937.475, 808223.819)",
        "coords3D_original": "3D_Original: (-793548.981, 426441.300, 0.000)",
        "coords3D": "3D: (14.563, -2.340, 4.704)",
        "coordsMtEden": "MtEden: (397937.475, 808223.819, -1.719)",
        "easting": 397937.4753260485,
        "northing": 808223.8185888716,
        "longitude": 174.74105166426983,
        "latitude": -36.80560721553652,
        "group": "R0 - Reddish (229 points)",
        "canvasX": 682.5229125894884,
        "canvasY": 475.01966650797715,
        "variant": "northing_easting_direct"
      }
    },
    {
      "type": "Feature",
      "geometry": {
        "type": "Point",
        "coordinates": [
          15.186602534900885,
          -2.3311988919740543,
          4.6574476555999995
        ]
      },
      "properties": {
        "id": "0_162",
        "camera": "R0 - Reddish (Point)",
        "frame": "0350",
        "image": "pano_camera0/frame_0350_hp_preview.jpg",
        "frameId": "0350",
        "height": -1.929097,
        "coords2D": "2D: (397938.099, 808223.828)",
        "coords3D_original": "3D_Original: (-793548.981, 426441.300, 0.000)",
        "coords3D": "3D: (15.187, -2.331, 4.657)",
        "coordsMtEden": "MtEden: (397938.099, 808223.828, -1.929)",
        "easting": 397938.0991025349,
        "northing": 808223.827801108,
        "longitude": 174.74105865504455,
        "latitude": -36.80560713387414,
        "group": "R0 - Reddish (229 points)",
        "canvasX": 692.7416841895972,
        "canvasY": 474.86875068702335,
        "variant": "northing_easting_direct"
      }
    },
    {
      "type": "Feature",
      "geometry": {
        "type": "Point",
        "coordinates": [
          15.651020416873507,
          -2.3013254747493193,
          4.639882038240001
        ]
      },
      "properties": {
        "id": "0_163",
        "camera": "R0 - Reddish (Point)",
        "frame": "0351",
        "image": "pano_camera0/frame_0351_hp_preview.jpg",
        "frameId": "0351",
        "height": -2.078651,
        "coords2D": "2D: (397938.564, 808223.858)",
        "coords3D_original": "3D_Original: (-793548.981, 426441.300, 0.000)",
        "coords3D": "3D: (15.651, -2.301, 4.640)",
        "coordsMtEden": "MtEden: (397938.564, 808223.858, -2.079)",
        "easting": 397938.56352041685,
        "northing": 808223.8576745252,
        "longitude": 174.74106385992118,
        "latitude": -36.80560686566548,
        "group": "R0 - Reddish (229 points)",
        "canvasX": 700.3498264751045,
        "canvasY": 474.37936124474845,
        "variant": "northing_easting_direct"
      }
    },
    {
      "type": "Feature",
      "geometry": {
        "type": "Point",
        "coordinates": [
          16.6266796310083,
          -1.8934088016394526,
          4.6447934557199995
        ]
      },
      "properties": {
        "id": "0_164",
        "camera": "R0 - Reddish (Point)",
        "frame": "0352",
        "image": "pano_camera0/frame_0352_hp_preview.jpg",
        "frameId": "0352",
        "height": -2.286777,
        "coords2D": "2D: (397939.539, 808224.266)",
        "coords3D_original": "3D_Original: (-793548.981, 426441.300, 0.000)",
        "coords3D": "3D: (16.627, -1.893, 4.645)",
        "coordsMtEden": "MtEden: (397939.539, 808224.266, -2.287)",
        "easting": 397939.539179631,
        "northing": 808224.2655911983,
        "longitude": 174.74107479537338,
        "latitude": -36.80560319163581,
        "group": "R0 - Reddish (229 points)",
        "canvasX": 716.3331777017008,
        "canvasY": 467.696827667493,
        "variant": "northing_easting_direct"
      }
    },
    {
      "type": "Feature",
      "geometry": {
        "type": "Point",
        "coordinates": [
          17.004304544592742,
          -1.5847802779171616,
          4.688530333759999
        ]
      },
      "properties": {
        "id": "0_165",
        "camera": "R0 - Reddish (Point)",
        "frame": "0353",
        "image": "pano_camera0/frame_0353_hp_preview.jpg",
        "frameId": "0353",
        "height": -2.32101,
        "coords2D": "2D: (397939.917, 808224.574)",
        "coords3D_original": "3D_Original: (-793548.981, 426441.300, 0.000)",
        "coords3D": "3D: (17.004, -1.585, 4.689)",
        "coordsMtEden": "MtEden: (397939.917, 808224.574, -2.321)",
        "easting": 397939.91680454457,
        "northing": 808224.5742197221,
        "longitude": 174.74107902830306,
        "latitude": -36.80560041109103,
        "group": "R0 - Reddish (229 points)",
        "canvasX": 722.5194685077396,
        "canvasY": 462.6408429321947,
        "variant": "northing_easting_direct"
      }
    },
    {
      "type": "Feature",
      "geometry": {
        "type": "Point",
        "coordinates": [
          17.81106946518412,
          -1.2622495258692652,
          4.703612355240001
        ]
      },
      "properties": {
        "id": "0_166",
        "camera": "R0 - Reddish (Point)",
        "frame": "0354",
        "image": "pano_camera0/frame_0354_hp_preview.jpg",
        "frameId": "0354",
        "height": -2.497647,
        "coords2D": "2D: (397940.724, 808224.897)",
        "coords3D_original": "3D_Original: (-793548.981, 426441.300, 0.000)",
        "coords3D": "3D: (17.811, -1.262, 4.704)",
        "coordsMtEden": "MtEden: (397940.724, 808224.897, -2.498)",
        "easting": 397940.72356946516,
        "northing": 808224.8967504741,
        "longitude": 174.74108807070112,
        "latitude": -36.8055975061923,
        "group": "R0 - Reddish (229 points)",
        "canvasX": 735.7359757636407,
        "canvasY": 457.3571104399955,
        "variant": "northing_easting_direct"
      }
    },
    {
      "type": "Feature",
      "geometry": {
        "type": "Point",
        "coordinates": [
          18.26537056377856,
          -1.33867904311046,
          4.74013466612
        ]
      },
      "properties": {
        "id": "0_167",
        "camera": "R0 - Reddish (Point)",
        "frame": "0355",
        "image": "pano_camera0/frame_0355_hp_preview.jpg",
        "frameId": "0355",
        "height": -2.676408,
        "coords2D": "2D: (397941.178, 808224.820)",
        "coords3D_original": "3D_Original: (-793548.981, 426441.300, 0.000)",
        "coords3D": "3D: (18.265, -1.339, 4.740)",
        "coordsMtEden": "MtEden: (397941.178, 808224.820, -2.676)",
        "easting": 397941.17787056376,
        "northing": 808224.8203209569,
        "longitude": 174.7410931619094,
        "latitude": -36.805598195964514,
        "group": "R0 - Reddish (229 points)",
        "canvasX": 743.1783838468785,
        "canvasY": 458.60918677981954,
        "variant": "northing_easting_direct"
      }
    },
    {
      "type": "Feature",
      "geometry": {
        "type": "Point",
        "coordinates": [
          18.821328116813675,
          -2.08063668734394,
          4.75962613656
        ]
      },
      "properties": {
        "id": "0_168",
        "camera": "R0 - Reddish (Point)",
        "frame": "0356",
        "image": "pano_camera0/frame_0356_hp_preview.jpg",
        "frameId": "0356",
        "height": -3.094418,
        "coords2D": "2D: (397941.734, 808224.078)",
        "coords3D_original": "3D_Original: (-793548.981, 426441.300, 0.000)",
        "coords3D": "3D: (18.821, -2.081, 4.760)",
        "coordsMtEden": "MtEden: (397941.734, 808224.078, -3.094)",
        "easting": 397941.7338281168,
        "northing": 808224.0783633126,
        "longitude": 174.74109939059662,
        "latitude": -36.805604883710274,
        "group": "R0 - Reddish (229 points)",
        "canvasX": 752.2861385919164,
        "canvasY": 470.7640144607102,
        "variant": "northing_easting_direct"
      }
    },
    {
      "type": "Feature",
      "geometry": {
        "type": "Point",
        "coordinates": [
          19.1806067720172,
          -2.6252727789105847,
          4.70745749972
        ]
      },
      "properties": {
        "id": "0_169",
        "camera": "R0 - Reddish (Point)",
        "frame": "0357",
        "image": "pano_camera0/frame_0357_hp_preview.jpg",
        "frameId": "0357",
        "height": -3.384572,
        "coords2D": "2D: (397942.093, 808223.534)",
        "coords3D_original": "3D_Original: (-793548.981, 426441.300, 0.000)",
        "coords3D": "3D: (19.181, -2.625, 4.707)",
        "coordsMtEden": "MtEden: (397942.093, 808223.534, -3.385)",
        "easting": 397942.093106772,
        "northing": 808223.5337272211,
        "longitude": 174.74110341561033,
        "latitude": -36.805609792762496,
        "group": "R0 - Reddish (229 points)",
        "canvasX": 758.1718790755646,
        "canvasY": 479.6862998406797,
        "variant": "northing_easting_direct"
      }
    },
    {
      "type": "Feature",
      "geometry": {
        "type": "Point",
        "coordinates": [
          19.249144125788007,
          -2.817177568329498,
          4.64494109352
        ]
      },
      "properties": {
        "id": "0_170",
        "camera": "R0 - Reddish (Point)",
        "frame": "0358",
        "image": "pano_camera0/frame_0358_hp_preview.jpg",
        "frameId": "0358",
        "height": -3.466966,
        "coords2D": "2D: (397942.162, 808223.342)",
        "coords3D_original": "3D_Original: (-793548.981, 426441.300, 0.000)",
        "coords3D": "3D: (19.249, -2.817, 4.645)",
        "coordsMtEden": "MtEden: (397942.162, 808223.342, -3.467)",
        "easting": 397942.16164412576,
        "northing": 808223.3418224317,
        "longitude": 174.74110418319938,
        "latitude": -36.80561152236124,
        "group": "R0 - Reddish (229 points)",
        "canvasX": 759.2946651687288,
        "canvasY": 482.8301041616443,
        "variant": "northing_easting_direct"
      }
    },
    {
      "type": "Feature",
      "geometry": {
        "type": "Point",
        "coordinates": [
          19.23972704441985,
          -2.9015781970229,
          4.614763927199999
        ]
      },
      "properties": {
        "id": "0_171",
        "camera": "R0 - Reddish (Point)",
        "frame": "0359",
        "image": "pano_camera0/frame_0359_hp_preview.jpg",
        "frameId": "0359",
        "height": -3.489682,
        "coords2D": "2D: (397942.152, 808223.257)",
        "coords3D_original": "3D_Original: (-793548.981, 426441.300, 0.000)",
        "coords3D": "3D: (19.240, -2.902, 4.615)",
        "coordsMtEden": "MtEden: (397942.152, 808223.257, -3.490)",
        "easting": 397942.1522270444,
        "northing": 808223.257421803,
        "longitude": 174.74110407743274,
        "latitude": -36.80561228296092,
        "group": "R0 - Reddish (229 points)",
        "canvasX": 759.1403935573002,
        "canvasY": 484.2127640818653,
        "variant": "northing_easting_direct"
      }
    },
    {
      "type": "Feature",
      "geometry": {
        "type": "Point",
        "coordinates": [
          19.31939971772954,
          -2.834211911773309,
          4.6640913566
        ]
      },
      "properties": {
        "id": "0_172",
        "camera": "R0 - Reddish (Point)",
        "frame": "0360",
        "image": "pano_camera0/frame_0360_hp_preview.jpg",
        "frameId": "0360",
        "height": -3.496213,
        "coords2D": "2D: (397942.232, 808223.325)",
        "coords3D_original": "3D_Original: (-793548.981, 426441.300, 0.000)",
        "coords3D": "3D: (19.319, -2.834, 4.664)",
        "coordsMtEden": "MtEden: (397942.232, 808223.325, -3.496)",
        "easting": 397942.2318997177,
        "northing": 808223.3247880882,
        "longitude": 174.74110497051757,
        "latitude": -36.80561167602777,
        "group": "R0 - Reddish (229 points)",
        "canvasX": 760.4455996199225,
        "canvasY": 483.10916255648266,
        "variant": "northing_easting_direct"
      }
    },
    {
      "type": "Feature",
      "geometry": {
        "type": "Point",
        "coordinates": [
          19.32630443328526,
          -2.840200041187927,
          4.660590700319999
        ]
      },
      "properties": {
        "id": "0_173",
        "camera": "R0 - Reddish (Point)",
        "frame": "0361",
        "image": "pano_camera0/frame_0361_hp_preview.jpg",
        "frameId": "0361",
        "height": -3.500413,
        "coords2D": "2D: (397942.239, 808223.319)",
        "coords3D_original": "3D_Original: (-793548.981, 426441.300, 0.000)",
        "coords3D": "3D: (19.326, -2.840, 4.661)",
        "coordsMtEden": "MtEden: (397942.239, 808223.319, -3.500)",
        "easting": 397942.23880443326,
        "northing": 808223.3187999588,
        "longitude": 174.74110504788348,
        "latitude": -36.80561173000791,
        "group": "R0 - Reddish (229 points)",
        "canvasX": 760.5587133915121,
        "canvasY": 483.2072607168876,
        "variant": "northing_easting_direct"
      }
    },
    {
      "type": "Feature",
      "geometry": {
        "type": "Point",
        "coordinates": [
          19.915216591383796,
          -3.056216186610982,
          4.68334660656
        ]
      },
      "properties": {
        "id": "0_174",
        "camera": "R0 - Reddish (Point)",
        "frame": "0362",
        "image": "pano_camera0/frame_0362_hp_preview.jpg",
        "frameId": "0362",
        "height": -3.768075,
        "coords2D": "2D: (397942.828, 808223.103)",
        "coords3D_original": "3D_Original: (-793548.981, 426441.300, 0.000)",
        "coords3D": "3D: (19.915, -3.056, 4.683)",
        "coordsMtEden": "MtEden: (397942.828, 808223.103, -3.768)",
        "easting": 397942.82771659136,
        "northing": 808223.1027838134,
        "longitude": 174.7411116473207,
        "latitude": -36.805613678029346,
        "group": "R0 - Reddish (229 points)",
        "canvasX": 770.2063339216664,
        "canvasY": 486.74605979151835,
        "variant": "northing_easting_direct"
      }
    },
    {
      "type": "Feature",
      "geometry": {
        "type": "Point",
        "coordinates": [
          20.203657321166247,
          -2.9284103583777323,
          4.69797915296
        ]
      },
      "properties": {
        "id": "0_175",
        "camera": "R0 - Reddish (Point)",
        "frame": "0363",
        "image": "pano_camera0/frame_0363_hp_preview.jpg",
        "frameId": "0363",
        "height": -3.827389,
        "coords2D": "2D: (397943.116, 808223.231)",
        "coords3D_original": "3D_Original: (-793548.981, 426441.300, 0.000)",
        "coords3D": "3D: (20.204, -2.928, 4.698)",
        "coordsMtEden": "MtEden: (397943.116, 808223.231, -3.827)",
        "easting": 397943.11615732114,
        "northing": 808223.2305896416,
        "longitude": 174.74111488026156,
        "latitude": -36.80561252686727,
        "group": "R0 - Reddish (229 points)",
        "canvasX": 774.9316001061586,
        "canvasY": 484.65233135395056,
        "variant": "northing_easting_direct"
      }
    },
    {
      "type": "Feature",
      "geometry": {
        "type": "Point",
        "coordinates": [
          20.615001167578157,
          -2.5356020575854927,
          4.79397325052
        ]
      },
      "properties": {
        "id": "0_176",
        "camera": "R0 - Reddish (Point)",
        "frame": "0364",
        "image": "pano_camera0/frame_0364_hp_preview.jpg",
        "frameId": "0364",
        "height": -3.84728,
        "coords2D": "2D: (397943.528, 808223.623)",
        "coords3D_original": "3D_Original: (-793548.981, 426441.300, 0.000)",
        "coords3D": "3D: (20.615, -2.536, 4.794)",
        "coordsMtEden": "MtEden: (397943.528, 808223.623, -3.847)",
        "easting": 397943.52750116755,
        "northing": 808223.6233979424,
        "longitude": 174.74111949131043,
        "latitude": -36.80560898776446,
        "group": "R0 - Reddish (229 points)",
        "canvasX": 781.6702779936277,
        "canvasY": 478.21730471173856,
        "variant": "northing_easting_direct"
      }
    },
    {
      "type": "Feature",
      "geometry": {
        "type": "Point",
        "coordinates": [
          20.64677919173846,
          -2.3258119113743305,
          4.80182758148
        ]
      },
      "properties": {
        "id": "0_177",
        "camera": "R0 - Reddish (Point)",
        "frame": "0365",
        "image": "pano_camera0/frame_0365_hp_preview.jpg",
        "frameId": "0365",
        "height": -3.793677,
        "coords2D": "2D: (397943.559, 808223.833)",
        "coords3D_original": "3D_Original: (-793548.981, 426441.300, 0.000)",
        "coords3D": "3D: (20.647, -2.326, 4.802)",
        "coordsMtEden": "MtEden: (397943.559, 808223.833, -3.794)",
        "easting": 397943.5592791917,
        "northing": 808223.8331880886,
        "longitude": 174.74111984801775,
        "latitude": -36.805607097200486,
        "group": "R0 - Reddish (229 points)",
        "canvasX": 782.1908689077263,
        "canvasY": 474.78050060905645,
        "variant": "northing_easting_direct"
      }
    },
    {
      "type": "Feature",
      "geometry": {
        "type": "Point",
        "coordinates": [
          20.07541306631174,
          -1.6679679703665897,
          4.78144044172
        ]
      },
      "properties": {
        "id": "0_178",
        "camera": "R0 - Reddish (Point)",
        "frame": "0366",
        "image": "pano_camera0/frame_0366_hp_preview.jpg",
        "frameId": "0366",
        "height": -3.396247,
        "coords2D": "2D: (397942.988, 808224.491)",
        "coords3D_original": "3D_Original: (-793548.981, 426441.300, 0.000)",
        "coords3D": "3D: (20.075, -1.668, 4.781)",
        "coordsMtEden": "MtEden: (397942.988, 808224.491, -3.396)",
        "easting": 397942.9879130663,
        "northing": 808224.4910320296,
        "longitude": 174.74111344641534,
        "latitude": -36.80560116745671,
        "group": "R0 - Reddish (229 points)",
        "canvasX": 772.8306893187595,
        "canvasY": 464.0036324057244,
        "variant": "northing_easting_direct"
      }
    },
    {
      "type": "Feature",
      "geometry": {
        "type": "Point",
        "coordinates": [
          19.945034995209426,
          -1.6167768186423928,
          4.77179805296
        ]
      },
      "properties": {
        "id": "0_179",
        "camera": "R0 - Reddish (Point)",
        "frame": "0367",
        "image": "pano_camera0/frame_0367_hp_preview.jpg",
        "frameId": "0367",
        "height": -3.335955,
        "coords2D": "2D: (397942.858, 808224.542)",
        "coords3D_original": "3D_Original: (-793548.981, 426441.300, 0.000)",
        "coords3D": "3D: (19.945, -1.617, 4.772)",
        "coordsMtEden": "MtEden: (397942.858, 808224.542, -3.336)",
        "easting": 397942.8575349952,
        "northing": 808224.5422231813,
        "longitude": 174.74111198538859,
        "latitude": -36.805600705837776,
        "group": "R0 - Reddish (229 points)",
        "canvasX": 770.694822129607,
        "canvasY": 463.1650136065266,
        "variant": "northing_easting_direct"
      }
    },
    {
      "type": "Feature",
      "geometry": {
        "type": "Point",
        "coordinates": [
          19.253448794945143,
          -1.395176165504381,
          4.734399757799999
        ]
      },
      "properties": {
        "id": "0_180",
        "camera": "R0 - Reddish (Point)",
        "frame": "0368",
        "image": "pano_camera0/frame_0368_hp_preview.jpg",
        "frameId": "0368",
        "height": -3.031484,
        "coords2D": "2D: (397942.166, 808224.764)",
        "coords3D_original": "3D_Original: (-793548.981, 426441.300, 0.000)",
        "coords3D": "3D: (19.253, -1.395, 4.734)",
        "coordsMtEden": "MtEden: (397942.166, 808224.764, -3.031)",
        "easting": 397942.1659487949,
        "northing": 808224.7638238345,
        "longitude": 174.7411042352855,
        "latitude": -36.80559870726554,
        "group": "R0 - Reddish (229 points)",
        "canvasX": 759.3651847085222,
        "canvasY": 459.534728543925,
        "variant": "northing_easting_direct"
      }
    },
    {
      "type": "Feature",
      "geometry": {
        "type": "Point",
        "coordinates": [
          17.817473906790838,
          -0.9609418360050768,
          4.7345244297199995
        ]
      },
      "properties": {
        "id": "0_181",
        "camera": "R0 - Reddish (Point)",
        "frame": "0369",
        "image": "pano_camera0/frame_0369_hp_preview.jpg",
        "frameId": "0369",
        "height": -2.40725,
        "coords2D": "2D: (397940.730, 808225.198)",
        "coords3D_original": "3D_Original: (-793548.981, 426441.300, 0.000)",
        "coords3D": "3D: (17.817, -0.961, 4.735)",
        "coordsMtEden": "MtEden: (397940.730, 808225.198, -2.407)",
        "easting": 397940.72997390677,
        "northing": 808225.198058164,
        "longitude": 174.74108814329148,
        "latitude": -36.8055947908153,
        "group": "R0 - Reddish (229 points)",
        "canvasX": 735.8408939959488,
        "canvasY": 452.42105636985775,
        "variant": "northing_easting_direct"
      }
    },
    {
      "type": "Feature",
      "geometry": {
        "type": "Point",
        "coordinates": [
          17.507235199969728,
          -0.644252599333413,
          4.64431445308
        ]
      },
      "properties": {
        "id": "0_182",
        "camera": "R0 - Reddish (Point)",
        "frame": "0370",
        "image": "pano_camera0/frame_0370_hp_preview.jpg",
        "frameId": "0370",
        "height": -2.203901,
        "coords2D": "2D: (397940.420, 808225.515)",
        "coords3D_original": "3D_Original: (-793548.981, 426441.300, 0.000)",
        "coords3D": "3D: (17.507, -0.644, 4.644)",
        "coordsMtEden": "MtEden: (397940.420, 808225.515, -2.204)",
        "easting": 397940.41973519995,
        "northing": 808225.5147474007,
        "longitude": 174.74108466726034,
        "latitude": -36.80559193613082,
        "group": "R0 - Reddish (229 points)",
        "canvasX": 730.7585310729256,
        "canvasY": 447.2330201926176,
        "variant": "northing_easting_direct"
      }
    },
    {
      "type": "Feature",
      "geometry": {
        "type": "Point",
        "coordinates": [
          17.48610095208278,
          -0.2155155922519043,
          4.7479233802800005
        ]
      },
      "properties": {
        "id": "0_183",
        "camera": "R0 - Reddish (Point)",
        "frame": "0371",
        "image": "pano_camera0/frame_0371_hp_preview.jpg",
        "frameId": "0371",
        "height": -2.064935,
        "coords2D": "2D: (397940.399, 808225.943)",
        "coords3D_original": "3D_Original: (-793548.981, 426441.300, 0.000)",
        "coords3D": "3D: (17.486, -0.216, 4.748)",
        "coordsMtEden": "MtEden: (397940.399, 808225.943, -2.065)",
        "easting": 397940.39860095206,
        "northing": 808225.9434844077,
        "longitude": 174.7410844315656,
        "latitude": -36.80558807229838,
        "group": "R0 - Reddish (229 points)",
        "canvasX": 730.4123076152566,
        "canvasY": 440.20940572912747,
        "variant": "northing_easting_direct"
      }
    },
    {
      "type": "Feature",
      "geometry": {
        "type": "Point",
        "coordinates": [
          18.064250709547196,
          0.22076321672648191,
          4.7348918838
        ]
      },
      "properties": {
        "id": "0_184",
        "camera": "R0 - Reddish (Point)",
        "frame": "0372",
        "image": "pano_camera0/frame_0372_hp_preview.jpg",
        "frameId": "0372",
        "height": -2.128481,
        "coords2D": "2D: (397940.977, 808226.380)",
        "coords3D_original": "3D_Original: (-793548.981, 426441.300, 0.000)",
        "coords3D": "3D: (18.064, 0.221, 4.735)",
        "coordsMtEden": "MtEden: (397940.977, 808226.380, -2.128)",
        "easting": 397940.9767507095,
        "northing": 808226.3797632167,
        "longitude": 174.74109091214842,
        "latitude": -36.805584141802356,
        "group": "R0 - Reddish (229 points)",
        "canvasX": 739.8836173732809,
        "canvasY": 433.0622406792711,
        "variant": "northing_easting_direct"
      }
    },
    {
      "type": "Feature",
      "geometry": {
        "type": "Point",
        "coordinates": [
          18.84143868694082,
          0.2530148479854688,
          4.76605658296
        ]
      },
      "properties": {
        "id": "0_185",
        "camera": "R0 - Reddish (Point)",
        "frame": "0373",
        "image": "pano_camera0/frame_0373_hp_preview.jpg",
        "frameId": "0373",
        "height": -2.384206,
        "coords2D": "2D: (397941.754, 808226.412)",
        "coords3D_original": "3D_Original: (-793548.981, 426441.300, 0.000)",
        "coords3D": "3D: (18.841, 0.253, 4.766)",
        "coordsMtEden": "MtEden: (397941.754, 808226.412, -2.384)",
        "easting": 397941.7539386869,
        "northing": 808226.412014848,
        "longitude": 174.7410996222867,
        "latitude": -36.80558385283969,
        "group": "R0 - Reddish (229 points)",
        "canvasX": 752.6155920538952,
        "canvasY": 432.5338910850319,
        "variant": "northing_easting_direct"
      }
    },
    {
      "type": "Feature",
      "geometry": {
        "type": "Point",
        "coordinates": [
          20.31882604607381,
          0.6970639924984425,
          4.7535598634
        ]
      },
      "properties": {
        "id": "0_186",
        "camera": "R0 - Reddish (Point)",
        "frame": "0374",
        "image": "pano_camera0/frame_0374_hp_preview.jpg",
        "frameId": "0374",
        "height": -2.752715,
        "coords2D": "2D: (397943.231, 808226.856)",
        "coords3D_original": "3D_Original: (-793548.981, 426441.300, 0.000)",
        "coords3D": "3D: (20.319, 0.697, 4.754)",
        "coordsMtEden": "MtEden: (397943.231, 808226.856, -2.753)",
        "easting": 397943.23132604605,
        "northing": 808226.8560639925,
        "longitude": 174.7411161807666,
        "latitude": -36.8055798542701,
        "group": "R0 - Reddish (229 points)",
        "canvasX": 776.818306195239,
        "canvasY": 425.25943158395705,
        "variant": "northing_easting_direct"
      }
    },
    {
      "type": "Feature",
      "geometry": {
        "type": "Point",
        "coordinates": [
          20.62002383050276,
          0.9880342201795429,
          4.7841536964
        ]
      },
      "properties": {
        "id": "0_187",
        "camera": "R0 - Reddish (Point)",
        "frame": "0375",
        "image": "pano_camera0/frame_0375_hp_preview.jpg",
        "frameId": "0375",
        "height": -2.766252,
        "coords2D": "2D: (397943.533, 808227.147)",
        "coords3D_original": "3D_Original: (-793548.981, 426441.300, 0.000)",
        "coords3D": "3D: (20.620, 0.988, 4.784)",
        "coordsMtEden": "MtEden: (397943.533, 808227.147, -2.766)",
        "easting": 397943.5325238305,
        "northing": 808227.1470342202,
        "longitude": 174.7411195571167,
        "latitude": -36.80557723269476,
        "group": "R0 - Reddish (229 points)",
        "canvasX": 781.7525597832134,
        "canvasY": 420.49272690061827,
        "variant": "northing_easting_direct"
      }
    },
    {
      "type": "Feature",
      "geometry": {
        "type": "Point",
        "coordinates": [
          20.829313006368466,
          1.4535112318117172,
          4.82229674224
        ]
      },
      "properties": {
        "id": "0_188",
        "camera": "R0 - Reddish (Point)",
        "frame": "0376",
        "image": "pano_camera0/frame_0376_hp_preview.jpg",
        "frameId": "0376",
        "height": -2.694753,
        "coords2D": "2D: (397943.742, 808227.613)",
        "coords3D_original": "3D_Original: (-793548.981, 426441.300, 0.000)",
        "coords3D": "3D: (20.829, 1.454, 4.822)",
        "coordsMtEden": "MtEden: (397943.742, 808227.613, -2.695)",
        "easting": 397943.74181300635,
        "northing": 808227.6125112318,
        "longitude": 174.74112190390568,
        "latitude": -36.80557303826113,
        "group": "R0 - Reddish (229 points)",
        "canvasX": 785.1811569374585,
        "canvasY": 412.8672338434807,
        "variant": "northing_easting_direct"
      }
    },
    {
      "type": "Feature",
      "geometry": {
        "type": "Point",
        "coordinates": [
          20.939196540333796,
          1.8713871670188382,
          4.84228690036
        ]
      },
      "properties": {
        "id": "0_189",
        "camera": "R0 - Reddish (Point)",
        "frame": "0377",
        "image": "pano_camera0/frame_0377_hp_preview.jpg",
        "frameId": "0377",
        "height": -2.603905,
        "coords2D": "2D: (397943.852, 808228.030)",
        "coords3D_original": "3D_Original: (-793548.981, 426441.300, 0.000)",
        "coords3D": "3D: (20.939, 1.871, 4.842)",
        "coordsMtEden": "MtEden: (397943.852, 808228.030, -2.604)",
        "easting": 397943.8516965403,
        "northing": 808228.030387167,
        "longitude": 174.74112313651358,
        "latitude": -36.80556927259343,
        "group": "R0 - Reddish (229 points)",
        "canvasX": 786.981280477088,
        "canvasY": 406.0215465935328,
        "variant": "northing_easting_direct"
      }
    },
    {
      "type": "Feature",
      "geometry": {
        "type": "Point",
        "coordinates": [
          21.05863502266584,
          3.248473966261372,
          4.94224753348
        ]
      },
      "properties": {
        "id": "0_190",
        "camera": "R0 - Reddish (Point)",
        "frame": "0378",
        "image": "pano_camera0/frame_0378_hp_preview.jpg",
        "frameId": "0378",
        "height": -2.221576,
        "coords2D": "2D: (397943.971, 808229.407)",
        "coords3D_original": "3D_Original: (-793548.981, 426441.300, 0.000)",
        "coords3D": "3D: (21.059, 3.248, 4.942)",
        "coordsMtEden": "MtEden: (397943.971, 808229.407, -2.222)",
        "easting": 397943.97113502264,
        "northing": 808229.4074739662,
        "longitude": 174.741124478795,
        "latitude": -36.805556862518934,
        "group": "R0 - Reddish (229 points)",
        "canvasX": 788.9379341787289,
        "canvasY": 383.46196670879397,
        "variant": "northing_easting_direct"
      }
    },
    {
      "type": "Feature",
      "geometry": {
        "type": "Point",
        "coordinates": [
          20.99243735370692,
          3.653140980284661,
          4.91185383172
        ]
      },
      "properties": {
        "id": "0_191",
        "camera": "R0 - Reddish (Point)",
        "frame": "0379",
        "image": "pano_camera0/frame_0379_hp_preview.jpg",
        "frameId": "0379",
        "height": -2.074604,
        "coords2D": "2D: (397943.905, 808229.812)",
        "coords3D_original": "3D_Original: (-793548.981, 426441.300, 0.000)",
        "coords3D": "3D: (20.992, 3.653, 4.912)",
        "coordsMtEden": "MtEden: (397943.905, 808229.812, -2.075)",
        "easting": 397943.9049373537,
        "northing": 808229.8121409803,
        "longitude": 174.74112373800173,
        "latitude": -36.80555321550795,
        "group": "R0 - Reddish (229 points)",
        "canvasX": 787.853477046352,
        "canvasY": 376.8326693872715,
        "variant": "northing_easting_direct"
      }
    },
    {
      "type": "Feature",
      "geometry": {
        "type": "Point",
        "coordinates": [
          20.801220996421762,
          4.174498861539178,
          4.907670760719999
        ]
      },
      "properties": {
        "id": "0_192",
        "camera": "R0 - Reddish (Point)",
        "frame": "0380",
        "image": "pano_camera0/frame_0380_hp_preview.jpg",
        "frameId": "0380",
        "height": -1.849045,
        "coords2D": "2D: (397943.714, 808230.333)",
        "coords3D_original": "3D_Original: (-793548.981, 426441.300, 0.000)",
        "coords3D": "3D: (20.801, 4.174, 4.908)",
        "coordsMtEden": "MtEden: (397943.714, 808230.333, -1.849)",
        "easting": 397943.7137209964,
        "northing": 808230.3334988615,
        "longitude": 174.7411215964229,
        "latitude": -36.80554851660504,
        "group": "R0 - Reddish (229 points)",
        "canvasX": 784.7209506950433,
        "canvasY": 368.29173008006865,
        "variant": "northing_easting_direct"
      }
    },
    {
      "type": "Feature",
      "geometry": {
        "type": "Point",
        "coordinates": [
          20.858242559654173,
          4.305504300747998,
          4.51641746736
        ]
      },
      "properties": {
        "id": "0_193",
        "camera": "R0 - Reddish (Point)",
        "frame": "0381",
        "image": "pano_camera0/frame_0381_hp_preview.jpg",
        "frameId": "0381",
        "height": -1.828279,
        "coords2D": "2D: (397943.771, 808230.465)",
        "coords3D_original": "3D_Original: (-793548.981, 426441.300, 0.000)",
        "coords3D": "3D: (20.858, 4.306, 4.516)",
        "coordsMtEden": "MtEden: (397943.771, 808230.465, -1.828)",
        "easting": 397943.77074255963,
        "northing": 808230.4645043007,
        "longitude": 174.74112223582475,
        "latitude": -36.80554733610523,
        "group": "R0 - Reddish (229 points)",
        "canvasX": 785.6550839035942,
        "canvasY": 366.1455852822546,
        "variant": "northing_easting_direct"
      }
    },
    {
      "type": "Feature",
      "geometry": {
        "type": "Point",
        "coordinates": [
          20.651644140540157,
          4.569835001137108,
          4.09341548532
        ]
      },
      "properties": {
        "id": "0_194",
        "camera": "R0 - Reddish (Point)",
        "frame": "0382",
        "image": "pano_camera0/frame_0382_hp_preview.jpg",
        "frameId": "0382",
        "height": -1.676442,
        "coords2D": "2D: (397943.564, 808230.729)",
        "coords3D_original": "3D_Original: (-793548.981, 426441.300, 0.000)",
        "coords3D": "3D: (20.652, 4.570, 4.093)",
        "coordsMtEden": "MtEden: (397943.564, 808230.729, -1.676)",
        "easting": 397943.5641441405,
        "northing": 808230.7288350011,
        "longitude": 174.74111992116326,
        "latitude": -36.80554495350299,
        "group": "R0 - Reddish (229 points)",
        "canvasX": 782.270567007191,
        "canvasY": 361.81529212009303,
        "variant": "northing_easting_direct"
      }
    },
    {
      "type": "Feature",
      "geometry": {
        "type": "Point",
        "coordinates": [
          20.158885380951688,
          4.884247555281036,
          4.7682744308
        ]
      },
      "properties": {
        "id": "0_195",
        "camera": "R0 - Reddish (Point)",
        "frame": "0383",
        "image": "pano_camera0/frame_0383_hp_preview.jpg",
        "frameId": "0383",
        "height": -1.411409,
        "coords2D": "2D: (397943.071, 808231.043)",
        "coords3D_original": "3D_Original: (-793548.981, 426441.300, 0.000)",
        "coords3D": "3D: (20.159, 4.884, 4.768)",
        "coordsMtEden": "MtEden: (397943.071, 808231.043, -1.411)",
        "easting": 397943.0713853809,
        "northing": 808231.0432475553,
        "longitude": 174.74111439960114,
        "latitude": -36.80554211894046,
        "group": "R0 - Reddish (229 points)",
        "canvasX": 774.1981415018678,
        "canvasY": 356.66455279375975,
        "variant": "northing_easting_direct"
      }
    },
    {
      "type": "Feature",
      "geometry": {
        "type": "Point",
        "coordinates": [
          20.11881573079154,
          4.834291839622892,
          4.81262810676
        ]
      },
      "properties": {
        "id": "0_196",
        "camera": "R0 - Reddish (Point)",
        "frame": "0384",
        "image": "pano_camera0/frame_0384_hp_preview.jpg",
        "frameId": "0384",
        "height": -1.413064,
        "coords2D": "2D: (397943.031, 808230.993)",
        "coords3D_original": "3D_Original: (-793548.981, 426441.300, 0.000)",
        "coords3D": "3D: (20.119, 4.834, 4.813)",
        "coordsMtEden": "MtEden: (397943.031, 808230.993, -1.413)",
        "easting": 397943.03131573077,
        "northing": 808230.9932918396,
        "longitude": 174.74111395040043,
        "latitude": -36.805542569055326,
        "group": "R0 - Reddish (229 points)",
        "canvasX": 773.5417163043746,
        "canvasY": 357.48293254884607,
        "variant": "northing_easting_direct"
      }
    },
    {
      "type": "Feature",
      "geometry": {
        "type": "Point",
        "coordinates": [
          19.56582047487609,
          4.867530513321981,
          4.85153558832
        ]
      },
      "properties": {
        "id": "0_197",
        "camera": "R0 - Reddish (Point)",
        "frame": "0385",
        "image": "pano_camera0/frame_0385_hp_preview.jpg",
        "frameId": "0385",
        "height": -1.213842,
        "coords2D": "2D: (397942.478, 808231.027)",
        "coords3D_original": "3D_Original: (-793548.981, 426441.300, 0.000)",
        "coords3D": "3D: (19.566, 4.868, 4.852)",
        "coordsMtEden": "MtEden: (397942.478, 808231.027, -1.214)",
        "easting": 397942.47832047485,
        "northing": 808231.0265305133,
        "longitude": 174.74110775300076,
        "latitude": -36.8055422683063,
        "group": "R0 - Reddish (229 points)",
        "canvasX": 764.4824902203001,
        "canvasY": 356.93841312261634,
        "variant": "northing_easting_direct"
      }
    },
    {
      "type": "Feature",
      "geometry": {
        "type": "Point",
        "coordinates": [
          18.39115864993073,
          5.0099150952883065,
          4.8868374267200005
        ]
      },
      "properties": {
        "id": "0_198",
        "camera": "R0 - Reddish (Point)",
        "frame": "0386",
        "image": "pano_camera0/frame_0386_hp_preview.jpg",
        "frameId": "0386",
        "height": -0.768602,
        "coords2D": "2D: (397941.304, 808231.169)",
        "coords3D_original": "3D_Original: (-793548.981, 426441.300, 0.000)",
        "coords3D": "3D: (18.391, 5.010, 4.887)",
        "coordsMtEden": "MtEden: (397941.304, 808231.169, -0.769)",
        "easting": 397941.3036586499,
        "northing": 808231.1689150953,
        "longitude": 174.7410945887985,
        "latitude": -36.805540982580446,
        "group": "R0 - Reddish (229 points)",
        "canvasX": 745.2390574222495,
        "canvasY": 354.605854018404,
        "variant": "northing_easting_direct"
      }
    },
    {
      "type": "Feature",
      "geometry": {
        "type": "Point",
        "coordinates": [
          17.856198767607566,
          5.131006125011481,
          4.88594831908
        ]
      },
      "properties": {
        "id": "0_199",
        "camera": "R0 - Reddish (Point)",
        "frame": "0387",
        "image": "pano_camera0/frame_0387_hp_preview.jpg",
        "frameId": "0387",
        "height": -0.548549,
        "coords2D": "2D: (397940.769, 808231.290)",
        "coords3D_original": "3D_Original: (-793548.981, 426441.300, 0.000)",
        "coords3D": "3D: (17.856, 5.131, 4.886)",
        "coordsMtEden": "MtEden: (397940.769, 808231.290, -0.549)",
        "easting": 397940.7686987676,
        "northing": 808231.290006125,
        "longitude": 174.7410885937614,
        "latitude": -36.805539890142434,
        "group": "R0 - Reddish (229 points)",
        "canvasX": 736.4752887137688,
        "canvasY": 352.6221281117224,
        "variant": "northing_easting_direct"
      }
    },
    {
      "type": "Feature",
      "geometry": {
        "type": "Point",
        "coordinates": [
          16.15916819765698,
          5.351434840122238,
          4.8961714165200005
        ]
      },
      "properties": {
        "id": "0_200",
        "camera": "R0 - Reddish (Point)",
        "frame": "0388",
        "image": "pano_camera0/frame_0388_hp_preview.jpg",
        "frameId": "0388",
        "height": 0.099213,
        "coords2D": "2D: (397939.072, 808231.510)",
        "coords3D_original": "3D_Original: (-793548.981, 426441.300, 0.000)",
        "coords3D": "3D: (16.159, 5.351, 4.896)",
        "coordsMtEden": "MtEden: (397939.072, 808231.510, 0.099)",
        "easting": 397939.07166819763,
        "northing": 808231.5104348401,
        "longitude": 174.7410695755172,
        "latitude": -36.805537899942365,
        "group": "R0 - Reddish (229 points)",
        "canvasX": 708.6743565337533,
        "canvasY": 349.0110418600347,
        "variant": "northing_easting_direct"
      }
    },
    {
      "type": "Feature",
      "geometry": {
        "type": "Point",
        "coordinates": [
          15.063161030644551,
          5.4060344736790285,
          4.87225737376
        ]
      },
      "properties": {
        "id": "0_201",
        "camera": "R0 - Reddish (Point)",
        "frame": "0389",
        "image": "pano_camera0/frame_0389_hp_preview.jpg",
        "frameId": "0389",
        "height": 0.490595,
        "coords2D": "2D: (397937.976, 808231.565)",
        "coords3D_original": "3D_Original: (-793548.981, 426441.300, 0.000)",
        "coords3D": "3D: (15.063, 5.406, 4.872)",
        "coordsMtEden": "MtEden: (397937.976, 808231.565, 0.491)",
        "easting": 397937.9756610306,
        "northing": 808231.5650344737,
        "longitude": 174.74105729257147,
        "latitude": -36.80553740550329,
        "group": "R0 - Reddish (229 points)",
        "canvasX": 690.7194525640998,
        "canvasY": 348.11658495640467,
        "variant": "northing_easting_direct"
      }
    },
    {
      "type": "Feature",
      "geometry": {
        "type": "Point",
        "coordinates": [
          14.619004714710172,
          5.383139066514559,
          4.838353173200001
        ]
      },
      "properties": {
        "id": "0_202",
        "camera": "R0 - Reddish (Point)",
        "frame": "0390",
        "image": "pano_camera0/frame_0390_hp_preview.jpg",
        "frameId": "0390",
        "height": 0.635368,
        "coords2D": "2D: (397937.532, 808231.542)",
        "coords3D_original": "3D_Original: (-793548.981, 426441.300, 0.000)",
        "coords3D": "3D: (14.619, 5.383, 4.838)",
        "coordsMtEden": "MtEden: (397937.532, 808231.542, 0.635)",
        "easting": 397937.5315047147,
        "northing": 808231.5421390665,
        "longitude": 174.7410523147924,
        "latitude": -36.805537610869834,
        "group": "R0 - Reddish (229 points)",
        "canvasX": 683.443237370933,
        "canvasY": 348.49165991050415,
        "variant": "northing_easting_direct"
      }
    },
    {
      "type": "Feature",
      "geometry": {
        "type": "Point",
        "coordinates": [
          13.703323309891857,
          4.999886608682573,
          4.85456708448
        ]
      },
      "properties": {
        "id": "0_203",
        "camera": "R0 - Reddish (Point)",
        "frame": "0391",
        "image": "pano_camera0/frame_0391_hp_preview.jpg",
        "frameId": "0391",
        "height": 0.830573,
        "coords2D": "2D: (397936.616, 808231.159)",
        "coords3D_original": "3D_Original: (-793548.981, 426441.300, 0.000)",
        "coords3D": "3D: (13.703, 5.000, 4.855)",
        "coordsMtEden": "MtEden: (397936.616, 808231.159, 0.831)",
        "easting": 397936.61582330987,
        "northing": 808231.1588866087,
        "longitude": 174.74104205159438,
        "latitude": -36.80554106275377,
        "group": "R0 - Reddish (229 points)",
        "canvasX": 668.4424488854727,
        "canvasY": 354.7701417333026,
        "variant": "northing_easting_direct"
      }
    },
    {
      "type": "Feature",
      "geometry": {
        "type": "Point",
        "coordinates": [
          13.650400268670637,
          4.79906819597818,
          4.84238204472
        ]
      },
      "properties": {
        "id": "0_204",
        "camera": "R0 - Reddish (Point)",
        "frame": "0392",
        "image": "pano_camera0/frame_0392_hp_preview.jpg",
        "frameId": "0392",
        "height": 0.786954,
        "coords2D": "2D: (397936.563, 808230.958)",
        "coords3D_original": "3D_Original: (-793548.981, 426441.300, 0.000)",
        "coords3D": "3D: (13.650, 4.799, 4.842)",
        "coordsMtEden": "MtEden: (397936.563, 808230.958, 0.787)",
        "easting": 397936.56290026865,
        "northing": 808230.958068196,
        "longitude": 174.7410414579348,
        "latitude": -36.80554287241802,
        "group": "R0 - Reddish (229 points)",
        "canvasX": 667.5754580920191,
        "canvasY": 358.05996996119643,
        "variant": "northing_easting_direct"
      }
    },
    {
      "type": "Feature",
      "geometry": {
        "type": "Point",
        "coordinates": [
          14.01292194891721,
          4.585788751835935,
          4.8394194462
        ]
      },
      "properties": {
        "id": "0_205",
        "camera": "R0 - Reddish (Point)",
        "frame": "0393",
        "image": "pano_camera0/frame_0393_hp_preview.jpg",
        "frameId": "0393",
        "height": 0.597511,
        "coords2D": "2D: (397936.925, 808230.745)",
        "coords3D_original": "3D_Original: (-793548.981, 426441.300, 0.000)",
        "coords3D": "3D: (14.013, 4.586, 4.839)",
        "coordsMtEden": "MtEden: (397936.925, 808230.745, 0.598)",
        "easting": 397936.9254219489,
        "northing": 808230.7447887518,
        "longitude": 174.74104552018437,
        "latitude": -36.805544795286565,
        "group": "R0 - Reddish (229 points)",
        "canvasX": 673.5143261510018,
        "canvasY": 361.55393610728964,
        "variant": "northing_easting_direct"
      }
    },
    {
      "type": "Feature",
      "geometry": {
        "type": "Point",
        "coordinates": [
          14.494256444857456,
          4.650838284753263,
          4.81053493084
        ]
      },
      "properties": {
        "id": "0_206",
        "camera": "R0 - Reddish (Point)",
        "frame": "0394",
        "image": "pano_camera0/frame_0394_hp_preview.jpg",
        "frameId": "0394",
        "height": 0.452984,
        "coords2D": "2D: (397937.407, 808230.810)",
        "coords3D_original": "3D_Original: (-793548.981, 426441.300, 0.000)",
        "coords3D": "3D: (14.494, 4.651, 4.811)",
        "coordsMtEden": "MtEden: (397937.407, 808230.810, 0.453)",
        "easting": 397937.40675644483,
        "northing": 808230.8098382847,
        "longitude": 174.7410509147388,
        "latitude": -36.805544210107456,
        "group": "R0 - Reddish (229 points)",
        "canvasX": 681.3995981748317,
        "canvasY": 360.48828785965134,
        "variant": "northing_easting_direct"
      }
    },
    {
      "type": "Feature",
      "geometry": {
        "type": "Point",
        "coordinates": [
          15.296099007420707,
          4.786841043038294,
          4.78987548136
        ]
      },
      "properties": {
        "id": "0_207",
        "camera": "R0 - Reddish (Point)",
        "frame": "0395",
        "image": "pano_camera0/frame_0395_hp_preview.jpg",
        "frameId": "0395",
        "height": 0.220713,
        "coords2D": "2D: (397938.209, 808230.946)",
        "coords3D_original": "3D_Original: (-793548.981, 426441.300, 0.000)",
        "coords3D": "3D: (15.296, 4.787, 4.790)",
        "coordsMtEden": "MtEden: (397938.209, 808230.946, 0.221)",
        "easting": 397938.2085990074,
        "northing": 808230.945841043,
        "longitude": 174.74105990146074,
        "latitude": -36.80554298619415,
        "group": "R0 - Reddish (229 points)",
        "canvasX": 694.5354668473668,
        "canvasY": 358.2602764576391,
        "variant": "northing_easting_direct"
      }
    },
    {
      "type": "Feature",
      "geometry": {
        "type": "Point",
        "coordinates": [
          16.12740487663541,
          4.645537790376693,
          4.7895506781999995
        ]
      },
      "properties": {
        "id": "0_208",
        "camera": "R0 - Reddish (Point)",
        "frame": "0396",
        "image": "pano_camera0/frame_0396_hp_preview.jpg",
        "frameId": "0396",
        "height": -0.106839,
        "coords2D": "2D: (397939.040, 808230.805)",
        "coords3D_original": "3D_Original: (-793548.981, 426441.300, 0.000)",
        "coords3D": "3D: (16.127, 4.646, 4.790)",
        "coordsMtEden": "MtEden: (397939.040, 808230.805, -0.107)",
        "easting": 397939.0399048766,
        "northing": 808230.8045377904,
        "longitude": 174.74106921763092,
        "latitude": -36.80554426143162,
        "group": "R0 - Reddish (229 points)",
        "canvasX": 708.1540064888273,
        "canvasY": 360.57512111307415,
        "variant": "northing_easting_direct"
      }
    },
    {
      "type": "Feature",
      "geometry": {
        "type": "Point",
        "coordinates": [
          16.51623574452242,
          3.7048552749911323,
          4.8449968742000005
        ]
      },
      "properties": {
        "id": "0_209",
        "camera": "R0 - Reddish (Point)",
        "frame": "0397",
        "image": "pano_camera0/frame_0397_hp_preview.jpg",
        "frameId": "0397",
        "height": -0.528791,
        "coords2D": "2D: (397939.429, 808229.864)",
        "coords3D_original": "3D_Original: (-793548.981, 426441.300, 0.000)",
        "coords3D": "3D: (16.516, 3.705, 4.845)",
        "coordsMtEden": "MtEden: (397939.429, 808229.864, -0.529)",
        "easting": 397939.4287357445,
        "northing": 808229.863855275,
        "longitude": 174.7410735727633,
        "latitude": -36.805552739727545,
        "group": "R0 - Reddish (229 points)",
        "canvasX": 714.5238744095994,
        "canvasY": 375.985480405963,
        "variant": "northing_easting_direct"
      }
    },
    {
      "type": "Feature",
      "geometry": {
        "type": "Point",
        "coordinates": [
          16.479365380306263,
          3.3354666080558673,
          4.833750154680001
        ]
      },
      "properties": {
        "id": "0_210",
        "camera": "R0 - Reddish (Point)",
        "frame": "0398",
        "image": "pano_camera0/frame_0398_hp_preview.jpg",
        "frameId": "0398",
        "height": -0.629695,
        "coords2D": "2D: (397939.392, 808229.494)",
        "coords3D_original": "3D_Original: (-793548.981, 426441.300, 0.000)",
        "coords3D": "3D: (16.479, 3.335, 4.834)",
        "coordsMtEden": "MtEden: (397939.392, 808229.494, -0.630)",
        "easting": 397939.3918653803,
        "northing": 808229.494466608,
        "longitude": 174.74107315855264,
        "latitude": -36.80555606858538,
        "group": "R0 - Reddish (229 points)",
        "canvasX": 713.919860248694,
        "canvasY": 382.036844156451,
        "variant": "northing_easting_direct"
      }
    },
    {
      "type": "Feature",
      "geometry": {
        "type": "Point",
        "coordinates": [
          15.806492352683563,
          2.5404520670417696,
          4.8459581603199995
        ]
      },
      "properties": {
        "id": "0_211",
        "camera": "R0 - Reddish (Point)",
        "frame": "0399",
        "image": "pano_camera0/frame_0399_hp_preview.jpg",
        "frameId": "0399",
        "height": -0.644006,
        "coords2D": "2D: (397938.719, 808228.699)",
        "coords3D_original": "3D_Original: (-793548.981, 426441.300, 0.000)",
        "coords3D": "3D: (15.806, 2.540, 4.846)",
        "coordsMtEden": "MtEden: (397938.719, 808228.699, -0.644)",
        "easting": 397938.71899235266,
        "northing": 808228.699452067,
        "longitude": 174.74106561542393,
        "latitude": -36.805563231807845,
        "group": "R0 - Reddish (229 points)",
        "canvasX": 702.8967839779474,
        "canvasY": 395.06085546773625,
        "variant": "northing_easting_direct"
      }
    },
    {
      "type": "Feature",
      "geometry": {
        "type": "Point",
        "coordinates": [
          14.684507207362913,
          2.457773151108995,
          4.79863204332
        ]
      },
      "properties": {
        "id": "0_212",
        "camera": "R0 - Reddish (Point)",
        "frame": "0400",
        "image": "pano_camera0/frame_0400_hp_preview.jpg",
        "frameId": "0400",
        "height": -0.285928,
        "coords2D": "2D: (397937.597, 808228.617)",
        "coords3D_original": "3D_Original: (-793548.981, 426441.300, 0.000)",
        "coords3D": "3D: (14.685, 2.458, 4.799)",
        "coordsMtEden": "MtEden: (397937.597, 808228.617, -0.286)",
        "easting": 397937.59700720734,
        "northing": 808228.6167731511,
        "longitude": 174.74105304096372,
        "latitude": -36.80556397446881,
        "group": "R0 - Reddish (229 points)",
        "canvasX": 684.5163060517303,
        "canvasY": 396.41531010909904,
        "variant": "northing_easting_direct"
      }
    },
    {
      "type": "Feature",
      "geometry": {
        "type": "Point",
        "coordinates": [
          13.799023485626094,
          2.4569213883951306,
          4.79284136072
        ]
      },
      "properties": {
        "id": "0_213",
        "camera": "R0 - Reddish (Point)",
        "frame": "0401",
        "image": "pano_camera0/frame_0401_hp_preview.jpg",
        "frameId": "0401",
        "height": 0.01646,
        "coords2D": "2D: (397936.712, 808228.616)",
        "coords3D_original": "3D_Original: (-793548.981, 426441.300, 0.000)",
        "coords3D": "3D: (13.799, 2.457, 4.793)",
        "coordsMtEden": "MtEden: (397936.712, 808228.616, 0.016)",
        "easting": 397936.7115234856,
        "northing": 808228.6159213884,
        "longitude": 174.74104311722786,
        "latitude": -36.80556398021589,
        "group": "R0 - Reddish (229 points)",
        "canvasX": 670.0102191674292,
        "canvasY": 396.42926377625133,
        "variant": "northing_easting_direct"
      }
    },
    {
      "type": "Feature",
      "geometry": {
        "type": "Point",
        "coordinates": [
          13.739576198684517,
          2.4511692988453433,
          4.78995422152
        ]
      },
      "properties": {
        "id": "0_214",
        "camera": "R0 - Reddish (Point)",
        "frame": "0402",
        "image": "pano_camera0/frame_0402_hp_preview.jpg",
        "frameId": "0402",
        "height": 0.035011,
        "coords2D": "2D: (397936.652, 808228.610)",
        "coords3D_original": "3D_Original: (-793548.981, 426441.300, 0.000)",
        "coords3D": "3D: (13.740, 2.451, 4.790)",
        "coordsMtEden": "MtEden: (397936.652, 808228.610, 0.035)",
        "easting": 397936.65207619866,
        "northing": 808228.6101692988,
        "longitude": 174.74104245097863,
        "latitude": -36.80556403192429,
        "group": "R0 - Reddish (229 points)",
        "canvasX": 669.0363474993135,
        "canvasY": 396.5234951076303,
        "variant": "northing_easting_direct"
      }
    },
    {
      "type": "Feature",
      "geometry": {
        "type": "Point",
        "coordinates": [
          12.901835572905838,
          2.4642368255881593,
          4.77733283004
        ]
      },
      "properties": {
        "id": "0_215",
        "camera": "R0 - Reddish (Point)",
        "frame": "0403",
        "image": "pano_camera0/frame_0403_hp_preview.jpg",
        "frameId": "0403",
        "height": 0.325358,
        "coords2D": "2D: (397935.814, 808228.623)",
        "coords3D_original": "3D_Original: (-793548.981, 426441.300, 0.000)",
        "coords3D": "3D: (12.902, 2.464, 4.777)",
        "coordsMtEden": "MtEden: (397935.814, 808228.623, 0.325)",
        "easting": 397935.8143355729,
        "northing": 808228.6232368256,
        "longitude": 174.7410330623437,
        "latitude": -36.80556391233364,
        "group": "R0 - Reddish (229 points)",
        "canvasX": 655.3123930026961,
        "canvasY": 396.3094215186086,
        "variant": "northing_easting_direct"
      }
    },
    {
      "type": "Feature",
      "geometry": {
        "type": "Point",
        "coordinates": [
          12.14653587603243,
          1.6194318332709372,
          4.77102377472
        ]
      },
      "properties": {
        "id": "0_216",
        "camera": "R0 - Reddish (Point)",
        "frame": "0404",
        "image": "pano_camera0/frame_0404_hp_preview.jpg",
        "frameId": "0404",
        "height": 0.32392,
        "coords2D": "2D: (397935.059, 808227.778)",
        "coords3D_original": "3D_Original: (-793548.981, 426441.300, 0.000)",
        "coords3D": "3D: (12.147, 1.619, 4.771)",
        "coordsMtEden": "MtEden: (397935.059, 808227.778, 0.324)",
        "easting": 397935.059035876,
        "northing": 808227.7784318333,
        "longitude": 174.74102459530877,
        "latitude": -36.80557152408633,
        "group": "R0 - Reddish (229 points)",
        "canvasX": 642.9389944199527,
        "canvasY": 410.14910520595134,
        "variant": "northing_easting_direct"
      }
    },
    {
      "type": "Feature",
      "geometry": {
        "type": "Point",
        "coordinates": [
          12.152376654790714,
          1.5296289363177493,
          4.7903708882
        ]
      },
      "properties": {
        "id": "0_217",
        "camera": "R0 - Reddish (Point)",
        "frame": "0405",
        "image": "pano_camera0/frame_0405_hp_preview.jpg",
        "frameId": "0405",
        "height": 0.294329,
        "coords2D": "2D: (397935.065, 808227.689)",
        "coords3D_original": "3D_Original: (-793548.981, 426441.300, 0.000)",
        "coords3D": "3D: (12.152, 1.530, 4.790)",
        "coordsMtEden": "MtEden: (397935.065, 808227.689, 0.294)",
        "easting": 397935.06487665477,
        "northing": 808227.6886289363,
        "longitude": 174.74102466052364,
        "latitude": -36.80557233340459,
        "group": "R0 - Reddish (229 points)",
        "canvasX": 643.0346786685723,
        "canvasY": 411.62026565079856,
        "variant": "northing_easting_direct"
      }
    },
    {
      "type": "Feature",
      "geometry": {
        "type": "Point",
        "coordinates": [
          12.659770204336382,
          0.6095906608970836,
          4.81426524592
        ]
      },
      "properties": {
        "id": "0_218",
        "camera": "R0 - Reddish (Point)",
        "frame": "0406",
        "image": "pano_camera0/frame_0406_hp_preview.jpg",
        "frameId": "0406",
        "height": -0.161803,
        "coords2D": "2D: (397935.572, 808226.769)",
        "coords3D_original": "3D_Original: (-793548.981, 426441.300, 0.000)",
        "coords3D": "3D: (12.660, 0.610, 4.814)",
        "coordsMtEden": "MtEden: (397935.572, 808226.769, -0.162)",
        "easting": 397935.5722702043,
        "northing": 808226.7685906609,
        "longitude": 174.74103034445665,
        "latitude": -36.80558062591428,
        "group": "R0 - Reddish (229 points)",
        "canvasX": 651.3468528321803,
        "canvasY": 426.69242884653613,
        "variant": "northing_easting_direct"
      }
    },
    {
      "type": "Feature",
      "geometry": {
        "type": "Point",
        "coordinates": [
          13.625193046347704,
          0.5031932288547978,
          4.76588926012
        ]
      },
      "properties": {
        "id": "0_219",
        "camera": "R0 - Reddish (Point)",
        "frame": "0407",
        "image": "pano_camera0/frame_0407_hp_preview.jpg",
        "frameId": "0407",
        "height": -0.524469,
        "coords2D": "2D: (397936.538, 808226.662)",
        "coords3D_original": "3D_Original: (-793548.981, 426441.300, 0.000)",
        "coords3D": "3D: (13.625, 0.503, 4.766)",
        "coordsMtEden": "MtEden: (397936.538, 808226.662, -0.524)",
        "easting": 397936.5376930463,
        "northing": 808226.6621932288,
        "longitude": 174.74104116379252,
        "latitude": -36.805581586874396,
        "group": "R0 - Reddish (229 points)",
        "canvasX": 667.1625107417624,
        "canvasY": 428.4354426983409,
        "variant": "northing_easting_direct"
      }
    },
    {
      "type": "Feature",
      "geometry": {
        "type": "Point",
        "coordinates": [
          14.133072866185103,
          0.46572709013707936,
          4.77637482476
        ]
      },
      "properties": {
        "id": "0_220",
        "camera": "R0 - Reddish (Point)",
        "frame": "0408",
        "image": "pano_camera0/frame_0408_hp_preview.jpg",
        "frameId": "0408",
        "height": -0.70957,
        "coords2D": "2D: (397937.046, 808226.625)",
        "coords3D_original": "3D_Original: (-793548.981, 426441.300, 0.000)",
        "coords3D": "3D: (14.133, 0.466, 4.776)",
        "coordsMtEden": "MtEden: (397937.046, 808226.625, -0.710)",
        "easting": 397937.04557286616,
        "northing": 808226.6247270901,
        "longitude": 174.74104685556887,
        "latitude": -36.80558192562661,
        "group": "R0 - Reddish (229 points)",
        "canvasX": 675.4826510362469,
        "canvasY": 429.04921690033166,
        "variant": "northing_easting_direct"
      }
    },
    {
      "type": "Feature",
      "geometry": {
        "type": "Point",
        "coordinates": [
          14.508360400854144,
          0.45146530598867685,
          4.75345487652
        ]
      },
      "properties": {
        "id": "0_221",
        "camera": "R0 - Reddish (Point)",
        "frame": "0409",
        "image": "pano_camera0/frame_0409_hp_preview.jpg",
        "frameId": "0409",
        "height": -0.842222,
        "coords2D": "2D: (397937.421, 808226.610)",
        "coords3D_original": "3D_Original: (-793548.981, 426441.300, 0.000)",
        "coords3D": "3D: (14.508, 0.451, 4.753)",
        "coordsMtEden": "MtEden: (397937.421, 808226.610, -0.842)",
        "easting": 397937.42086040083,
        "northing": 808226.610465306,
        "longitude": 174.7410510614284,
        "latitude": -36.805582054971616,
        "group": "R0 - Reddish (229 points)",
        "canvasX": 681.6306506562196,
        "canvasY": 429.28285493749644,
        "variant": "northing_easting_direct"
      }
    },
    {
      "type": "Feature",
      "geometry": {
        "type": "Point",
        "coordinates": [
          15.224304242350627,
          0.1205092086456716,
          4.79838598032
        ]
      },
      "properties": {
        "id": "0_222",
        "camera": "R0 - Reddish (Point)",
        "frame": "0410",
        "image": "pano_camera0/frame_0410_hp_preview.jpg",
        "frameId": "0410",
        "height": -1.188621,
        "coords2D": "2D: (397938.137, 808226.280)",
        "coords3D_original": "3D_Original: (-793548.981, 426441.300, 0.000)",
        "coords3D": "3D: (15.224, 0.121, 4.798)",
        "coordsMtEden": "MtEden: (397938.137, 808226.280, -1.189)",
        "easting": 397938.1368042423,
        "northing": 808226.2795092086,
        "longitude": 174.74105908421174,
        "latitude": -36.805585039113815,
        "group": "R0 - Reddish (229 points)",
        "canvasX": 693.359317501237,
        "canvasY": 434.70461231833883,
        "variant": "northing_easting_direct"
      }
    },
    {
      "type": "Feature",
      "geometry": {
        "type": "Point",
        "coordinates": [
          15.610716916271485,
          -1.1860817106207833,
          4.75909464048
        ]
      },
      "properties": {
        "id": "0_223",
        "camera": "R0 - Reddish (Point)",
        "frame": "0411",
        "image": "pano_camera0/frame_0411_hp_preview.jpg",
        "frameId": "0411",
        "height": -1.722183,
        "coords2D": "2D: (397938.523, 808224.973)",
        "coords3D_original": "3D_Original: (-793548.981, 426441.300, 0.000)",
        "coords3D": "3D: (15.611, -1.186, 4.759)",
        "coordsMtEden": "MtEden: (397938.523, 808224.973, -1.722)",
        "easting": 397938.52321691625,
        "northing": 808224.9729182894,
        "longitude": 174.7410634112536,
        "latitude": -36.80559681497865,
        "group": "R0 - Reddish (229 points)",
        "canvasX": 699.6895703154049,
        "canvasY": 456.109321328413,
        "variant": "northing_easting_direct"
      }
    },
    {
      "type": "Feature",
      "geometry": {
        "type": "Point",
        "coordinates": [
          15.612212147098035,
          -1.3694937580730766,
          4.731617605479999
        ]
      },
      "properties": {
        "id": "0_224",
        "camera": "R0 - Reddish (Point)",
        "frame": "0412",
        "image": "pano_camera0/frame_0412_hp_preview.jpg",
        "frameId": "0412",
        "height": -1.779053,
        "coords2D": "2D: (397938.525, 808224.790)",
        "coords3D_original": "3D_Original: (-793548.981, 426441.300, 0.000)",
        "coords3D": "3D: (15.612, -1.369, 4.732)",
        "coordsMtEden": "MtEden: (397938.525, 808224.790, -1.779)",
        "easting": 397938.5247121471,
        "northing": 808224.7895062419,
        "longitude": 174.74106342751432,
        "latitude": -36.80559846789493,
        "group": "R0 - Reddish (229 points)",
        "canvasX": 699.7140653431272,
        "canvasY": 459.11399666211776,
        "variant": "northing_easting_direct"
      }
    },
    {
      "type": "Feature",
      "geometry": {
        "type": "Point",
        "coordinates": [
          15.710688941122498,
          -1.849630283541046,
          4.73913072908
        ]
      },
      "properties": {
        "id": "0_225",
        "camera": "R0 - Reddish (Point)",
        "frame": "0413",
        "image": "pano_camera0/frame_0413_hp_preview.jpg",
        "frameId": "0413",
        "height": -1.960248,
        "coords2D": "2D: (397938.623, 808224.309)",
        "coords3D_original": "3D_Original: (-793548.981, 426441.300, 0.000)",
        "coords3D": "3D: (15.711, -1.850, 4.739)",
        "coordsMtEden": "MtEden: (397938.623, 808224.309, -1.960)",
        "easting": 397938.6231889411,
        "northing": 808224.3093697164,
        "longitude": 174.74106452985745,
        "latitude": -36.80560279510929,
        "group": "R0 - Reddish (229 points)",
        "canvasX": 701.3273224763882,
        "canvasY": 466.97964340777406,
        "variant": "northing_easting_direct"
      }
    },
    {
      "type": "Feature",
      "geometry": {
        "type": "Point",
        "coordinates": [
          15.750194901891518,
          -1.823700380511582,
          4.74662744848
        ]
      },
      "properties": {
        "id": "0_226",
        "camera": "R0 - Reddish (Point)",
        "frame": "0414",
        "image": "pano_camera0/frame_0414_hp_preview.jpg",
        "frameId": "0414",
        "height": -1.965783,
        "coords2D": "2D: (397938.663, 808224.335)",
        "coords3D_original": "3D_Original: (-793548.981, 426441.300, 0.000)",
        "coords3D": "3D: (15.750, -1.824, 4.747)",
        "coordsMtEden": "MtEden: (397938.663, 808224.335, -1.966)",
        "easting": 397938.66269490187,
        "northing": 808224.3352996195,
        "longitude": 174.7410649726764,
        "latitude": -36.80560256151449,
        "group": "R0 - Reddish (229 points)",
        "canvasX": 701.974513254776,
        "canvasY": 466.5548570257015,
        "variant": "northing_easting_direct"
      }
    },
    {
      "type": "Feature",
      "geometry": {
        "type": "Point",
        "coordinates": [
          15.749993749021087,
          -1.819221580401063,
          4.74774949576
        ]
      },
      "properties": {
        "id": "0_227",
        "camera": "R0 - Reddish (Point)",
        "frame": "0415",
        "image": "pano_camera0/frame_0415_hp_preview.jpg",
        "frameId": "0415",
        "height": -1.964338,
        "coords2D": "2D: (397938.662, 808224.340)",
        "coords3D_original": "3D_Original: (-793548.981, 426441.300, 0.000)",
        "coords3D": "3D: (15.750, -1.819, 4.748)",
        "coordsMtEden": "MtEden: (397938.662, 808224.340, -1.964)",
        "easting": 397938.662493749,
        "northing": 808224.3397784196,
        "longitude": 174.7410649704342,
        "latitude": -36.805602521151016,
        "group": "R0 - Reddish (229 points)",
        "canvasX": 701.9712179477641,
        "canvasY": 466.48148485420717,
        "variant": "northing_easting_direct"
      }
    },
    {
      "type": "Feature",
      "geometry": {
        "type": "Point",
        "coordinates": [
          15.747143926273566,
          -1.8268792148446664,
          4.73273309108
        ]
      },
      "properties": {
        "id": "0_228",
        "camera": "R0 - Reddish (End)",
        "frame": "0416",
        "image": "pano_camera0/frame_0416_hp_preview.jpg",
        "frameId": "0416",
        "height": -1.965717,
        "coords2D": "2D: (397938.660, 808224.332)",
        "coords3D_original": "3D_Original: (-793548.981, 426441.300, 0.000)",
        "coords3D": "3D: (15.747, -1.827, 4.733)",
        "coordsMtEden": "MtEden: (397938.660, 808224.332, -1.966)",
        "easting": 397938.65964392625,
        "northing": 808224.3321207851,
        "longitude": 174.74106493847512,
        "latitude": -36.805602590155566,
        "group": "R0 - Reddish (229 points)",
        "canvasX": 701.9245318534888,
        "canvasY": 466.6069330233239,
        "variant": "northing_easting_direct"
      }
    },
    {
      "type": "Feature",
      "geometry": {
        "type": "Point",
        "coordinates": [
          19.654425067128614,
          -10.818954836577177,
          0.27690945768
        ]
      },
      "properties": {
        "id": "1_0",
        "camera": "R1 - Teal (Point)",
        "frame": "0016",
        "image": "pano_camera0/frame_0016_hp_preview.jpg",
        "frameId": "0016",
        "height": 1.725025,
        "coords2D": "2D: (397942.567, 808215.340)",
        "coords3D_original": "3D_Original: (-793548.981, 426441.300, 0.000)",
        "coords3D": "3D: (19.654, -10.819, 0.277)",
        "coordsMtEden": "MtEden: (397942.567, 808215.340, 1.725)",
        "easting": 397942.5669250671,
        "northing": 808215.3400451634,
        "longitude": 174.74110870361824,
        "latitude": -36.80568363541803,
        "group": "R1 - Teal (90 points)",
        "canvasX": 765.9340199115956,
        "canvasY": 613.9160557561729,
        "variant": "northing_easting_direct"
      }
    },
    {
      "type": "Feature",
      "geometry": {
        "type": "Point",
        "coordinates": [
          19.622864097356796,
          -11.400904416339472,
          0.24893701584
        ]
      },
      "properties": {
        "id": "1_1",
        "camera": "R1 - Teal (Point)",
        "frame": "0017",
        "image": "pano_camera0/frame_0017_hp_preview.jpg",
        "frameId": "0017",
        "height": 1.599156,
        "coords2D": "2D: (397942.535, 808214.758)",
        "coords3D_original": "3D_Original: (-793548.981, 426441.300, 0.000)",
        "coords3D": "3D: (19.623, -11.401, 0.249)",
        "coordsMtEden": "MtEden: (397942.535, 808214.758, 1.599)",
        "easting": 397942.53536409733,
        "northing": 808214.7580955836,
        "longitude": 174.74110834833724,
        "latitude": -36.805688879890624,
        "group": "R1 - Teal (90 points)",
        "canvasX": 765.4169848065136,
        "canvasY": 623.449614600609,
        "variant": "northing_easting_direct"
      }
    },
    {
      "type": "Feature",
      "geometry": {
        "type": "Point",
        "coordinates": [
          19.517524904862512,
          -12.076037149876356,
          0.25988189808
        ]
      },
      "properties": {
        "id": "1_2",
        "camera": "R1 - Teal (Point)",
        "frame": "0018",
        "image": "pano_camera0/frame_0018_hp_preview.jpg",
        "frameId": "0018",
        "height": 1.406694,
        "coords2D": "2D: (397942.430, 808214.083)",
        "coords3D_original": "3D_Original: (-793548.981, 426441.300, 0.000)",
        "coords3D": "3D: (19.518, -12.076, 0.260)",
        "coordsMtEden": "MtEden: (397942.430, 808214.083, 1.407)",
        "easting": 397942.43002490484,
        "northing": 808214.0829628501,
        "longitude": 174.7411071659606,
        "latitude": -36.805694963971334,
        "group": "R1 - Teal (90 points)",
        "canvasX": 763.6913071439659,
        "canvasY": 634.5097096095274,
        "variant": "northing_easting_direct"
      }
    },
    {
      "type": "Feature",
      "geometry": {
        "type": "Point",
        "coordinates": [
          19.324872939207125,
          -12.4920772400219,
          0.26215223936
        ]
      },
      "properties": {
        "id": "1_3",
        "camera": "R1 - Teal (Point)",
        "frame": "0019",
        "image": "pano_camera0/frame_0019_hp_preview.jpg",
        "frameId": "0019",
        "height": 1.201777,
        "coords2D": "2D: (397942.237, 808213.667)",
        "coords3D_original": "3D_Original: (-793548.981, 426441.300, 0.000)",
        "coords3D": "3D: (19.325, -12.492, 0.262)",
        "coordsMtEden": "MtEden: (397942.237, 808213.667, 1.202)",
        "easting": 397942.2373729392,
        "northing": 808213.66692276,
        "longitude": 174.74110500575645,
        "latitude": -36.805698712914236,
        "group": "R1 - Teal (90 points)",
        "canvasX": 760.5352625055805,
        "canvasY": 641.3253218530828,
        "variant": "northing_easting_direct"
      }
    },
    {
      "type": "Feature",
      "geometry": {
        "type": "Point",
        "coordinates": [
          18.96433396980865,
          -12.857202078797854,
          0.26903544168000004
        ]
      },
      "properties": {
        "id": "1_4",
        "camera": "R1 - Teal (Point)",
        "frame": "0020",
        "image": "pano_camera0/frame_0020_hp_preview.jpg",
        "frameId": "0020",
        "height": 0.892562,
        "coords2D": "2D: (397941.877, 808213.302)",
        "coords3D_original": "3D_Original: (-793548.981, 426441.300, 0.000)",
        "coords3D": "3D: (18.964, -12.857, 0.269)",
        "coordsMtEden": "MtEden: (397941.877, 808213.302, 0.893)",
        "easting": 397941.8768339698,
        "northing": 808213.3017979212,
        "longitude": 174.74110096415438,
        "latitude": -36.805702002642946,
        "group": "R1 - Teal (90 points)",
        "canvasX": 754.6288754235375,
        "canvasY": 647.3068351259333,
        "variant": "northing_easting_direct"
      }
    },
    {
      "type": "Feature",
      "geometry": {
        "type": "Point",
        "coordinates": [
          18.18707712047035,
          -13.206955257919617,
          0.21878937707999999
        ]
      },
      "properties": {
        "id": "1_5",
        "camera": "R1 - Teal (Point)",
        "frame": "0021",
        "image": "pano_camera0/frame_0021_hp_preview.jpg",
        "frameId": "0021",
        "height": 0.304524,
        "coords2D": "2D: (397941.100, 808212.952)",
        "coords3D_original": "3D_Original: (-793548.981, 426441.300, 0.000)",
        "coords3D": "3D: (18.187, -13.207, 0.219)",
        "coordsMtEden": "MtEden: (397941.100, 808212.952, 0.305)",
        "easting": 397941.09957712045,
        "northing": 808212.9520447421,
        "longitude": 174.74109225237237,
        "latitude": -36.80570515293581,
        "group": "R1 - Teal (90 points)",
        "canvasX": 741.8957724754212,
        "canvasY": 653.0365282639182,
        "variant": "northing_easting_direct"
      }
    },
    {
      "type": "Feature",
      "geometry": {
        "type": "Point",
        "coordinates": [
          16.862364019674715,
          -13.694060080684721,
          0.16212927028000002
        ]
      },
      "properties": {
        "id": "1_6",
        "camera": "R1 - Teal (Point)",
        "frame": "0022",
        "image": "pano_camera0/frame_0022_hp_preview.jpg",
        "frameId": "0022",
        "height": -0.678115,
        "coords2D": "2D: (397939.775, 808212.465)",
        "coords3D_original": "3D_Original: (-793548.981, 426441.300, 0.000)",
        "coords3D": "3D: (16.862, -13.694, 0.162)",
        "coordsMtEden": "MtEden: (397939.775, 808212.465, -0.678)",
        "easting": 397939.77486401965,
        "northing": 808212.4649399193,
        "longitude": 174.74107740479164,
        "latitude": -36.8057095398528,
        "group": "R1 - Teal (90 points)",
        "canvasX": 720.1941839916526,
        "canvasY": 661.0163303853836,
        "variant": "northing_easting_direct"
      }
    },
    {
      "type": "Feature",
      "geometry": {
        "type": "Point",
        "coordinates": [
          16.310747539566364,
          -13.954566897824407,
          0.10912730008
        ]
      },
      "properties": {
        "id": "1_7",
        "camera": "R1 - Teal (Point)",
        "frame": "0023",
        "image": "pano_camera0/frame_0023_hp_preview.jpg",
        "frameId": "0023",
        "height": -1.097651,
        "coords2D": "2D: (397939.223, 808212.204)",
        "coords3D_original": "3D_Original: (-793548.981, 426441.300, 0.000)",
        "coords3D": "3D: (16.311, -13.955, 0.109)",
        "coordsMtEden": "MtEden: (397939.223, 808212.204, -1.098)",
        "easting": 397939.22324753954,
        "northing": 808212.2044331022,
        "longitude": 174.7410712220358,
        "latitude": -36.80571188634506,
        "group": "R1 - Teal (90 points)",
        "canvasX": 711.157545157266,
        "canvasY": 665.2839802940576,
        "variant": "northing_easting_direct"
      }
    },
    {
      "type": "Feature",
      "geometry": {
        "type": "Point",
        "coordinates": [
          15.883019487606362,
          -14.051892726449296,
          0.093914045
        ]
      },
      "properties": {
        "id": "1_8",
        "camera": "R1 - Teal (Point)",
        "frame": "0024",
        "image": "pano_camera0/frame_0024_hp_preview.jpg",
        "frameId": "0024",
        "height": -1.404159,
        "coords2D": "2D: (397938.796, 808212.107)",
        "coords3D_original": "3D_Original: (-793548.981, 426441.300, 0.000)",
        "coords3D": "3D: (15.883, -14.052, 0.094)",
        "coordsMtEden": "MtEden: (397938.796, 808212.107, -1.404)",
        "easting": 397938.7955194876,
        "northing": 808212.1071072735,
        "longitude": 174.7410664281581,
        "latitude": -36.805712762516364,
        "group": "R1 - Teal (90 points)",
        "canvasX": 704.1504595015424,
        "canvasY": 666.8783821913585,
        "variant": "northing_easting_direct"
      }
    },
    {
      "type": "Feature",
      "geometry": {
        "type": "Point",
        "coordinates": [
          15.092077990353573,
          -13.90097267983947,
          0.1009022342
        ]
      },
      "properties": {
        "id": "1_9",
        "camera": "R1 - Teal (Point)",
        "frame": "0025",
        "image": "pano_camera0/frame_0025_hp_preview.jpg",
        "frameId": "0025",
        "height": -1.911502,
        "coords2D": "2D: (397938.005, 808212.258)",
        "coords3D_original": "3D_Original: (-793548.981, 426441.300, 0.000)",
        "coords3D": "3D: (15.092, -13.901, 0.101)",
        "coordsMtEden": "MtEden: (397938.005, 808212.258, -1.912)",
        "easting": 397938.00457799033,
        "northing": 808212.2580273201,
        "longitude": 174.74105756436333,
        "latitude": -36.80571140069988,
        "group": "R1 - Teal (90 points)",
        "canvasX": 691.1931732206052,
        "canvasY": 664.4059942116686,
        "variant": "northing_easting_direct"
      }
    },
    {
      "type": "Feature",
      "geometry": {
        "type": "Point",
        "coordinates": [
          14.65265181392897,
          -13.571540771052241,
          0.16937008416000002
        ]
      },
      "properties": {
        "id": "1_10",
        "camera": "R1 - Teal (Point)",
        "frame": "0026",
        "image": "pano_camera0/frame_0026_hp_preview.jpg",
        "frameId": "0026",
        "height": -2.149251,
        "coords2D": "2D: (397937.565, 808212.587)",
        "coords3D_original": "3D_Original: (-793548.981, 426441.300, 0.000)",
        "coords3D": "3D: (14.653, -13.572, 0.169)",
        "coordsMtEden": "MtEden: (397937.565, 808212.587, -2.149)",
        "easting": 397937.5651518139,
        "northing": 808212.5874592289,
        "longitude": 174.74105264053873,
        "latitude": -36.80570843089597,
        "group": "R1 - Teal (90 points)",
        "canvasX": 683.9944476669448,
        "canvasY": 659.0092062480695,
        "variant": "northing_easting_direct"
      }
    },
    {
      "type": "Feature",
      "geometry": {
        "type": "Point",
        "coordinates": [
          14.415307382470928,
          -13.212135794223286,
          0.17696850960000002
        ]
      },
      "properties": {
        "id": "1_11",
        "camera": "R1 - Teal (Point)",
        "frame": "0027",
        "image": "pano_camera0/frame_0027_hp_preview.jpg",
        "frameId": "0027",
        "height": -2.245065,
        "coords2D": "2D: (397937.328, 808212.947)",
        "coords3D_original": "3D_Original: (-793548.981, 426441.300, 0.000)",
        "coords3D": "3D: (14.415, -13.212, 0.177)",
        "coordsMtEden": "MtEden: (397937.328, 808212.947, -2.245)",
        "easting": 397937.32780738245,
        "northing": 808212.9468642058,
        "longitude": 174.7410499815568,
        "latitude": -36.8057051914142,
        "group": "R1 - Teal (90 points)",
        "canvasX": 680.1062463825488,
        "canvasY": 653.1213963508235,
        "variant": "northing_easting_direct"
      }
    },
    {
      "type": "Feature",
      "geometry": {
        "type": "Point",
        "coordinates": [
          14.246224560134578,
          -14.139777207630686,
          0.12179134248000001
        ]
      },
      "properties": {
        "id": "1_12",
        "camera": "R1 - Teal (Point)",
        "frame": "0028",
        "image": "pano_camera0/frame_0028_hp_preview.jpg",
        "frameId": "0028",
        "height": -2.525961,
        "coords2D": "2D: (397937.159, 808212.019)",
        "coords3D_original": "3D_Original: (-793548.981, 426441.300, 0.000)",
        "coords3D": "3D: (14.246, -14.140, 0.122)",
        "coordsMtEden": "MtEden: (397937.159, 808212.019, -2.526)",
        "easting": 397937.1587245601,
        "northing": 808212.0192227924,
        "longitude": 174.74104808410658,
        "latitude": -36.805713550968676,
        "group": "R1 - Teal (90 points)",
        "canvasX": 677.336313913353,
        "canvasY": 668.3181149487642,
        "variant": "northing_easting_direct"
      }
    },
    {
      "type": "Feature",
      "geometry": {
        "type": "Point",
        "coordinates": [
          14.314262583910022,
          -15.26286379690282,
          0.14700131704
        ]
      },
      "properties": {
        "id": "1_13",
        "camera": "R1 - Teal (Point)",
        "frame": "0029",
        "image": "pano_camera0/frame_0029_hp_preview.jpg",
        "frameId": "0029",
        "height": -2.68174,
        "coords2D": "2D: (397937.227, 808210.896)",
        "coords3D_original": "3D_Original: (-793548.981, 426441.300, 0.000)",
        "coords3D": "3D: (14.314, -15.263, 0.147)",
        "coordsMtEden": "MtEden: (397937.227, 808210.896, -2.682)",
        "easting": 397937.2267625839,
        "northing": 808210.8961362031,
        "longitude": 174.7410488435767,
        "latitude": -36.80572367239548,
        "group": "R1 - Teal (90 points)",
        "canvasX": 678.4509199308724,
        "canvasY": 686.7166368439686,
        "variant": "northing_easting_direct"
      }
    },
    {
      "type": "Feature",
      "geometry": {
        "type": "Point",
        "coordinates": [
          14.306462565786205,
          -16.29554705170449,
          0.12911417736
        ]
      },
      "properties": {
        "id": "1_14",
        "camera": "R1 - Teal (Point)",
        "frame": "0030",
        "image": "pano_camera0/frame_0030_hp_preview.jpg",
        "frameId": "0030",
        "height": -2.872524,
        "coords2D": "2D: (397937.219, 808209.863)",
        "coords3D_original": "3D_Original: (-793548.981, 426441.300, 0.000)",
        "coords3D": "3D: (14.306, -16.296, 0.129)",
        "coordsMtEden": "MtEden: (397937.219, 808209.863, -2.873)",
        "easting": 397937.21896256576,
        "northing": 808209.8634529483,
        "longitude": 174.74104875336303,
        "latitude": -36.805732978940405,
        "group": "R1 - Teal (90 points)",
        "canvasX": 678.3231392181605,
        "canvasY": 703.634161865532,
        "variant": "northing_easting_direct"
      }
    },
    {
      "type": "Feature",
      "geometry": {
        "type": "Point",
        "coordinates": [
          14.100921289238613,
          -16.99766955175437,
          0.17175525484
        ]
      },
      "properties": {
        "id": "1_15",
        "camera": "R1 - Teal (Point)",
        "frame": "0031",
        "image": "pano_camera0/frame_0031_hp_preview.jpg",
        "frameId": "0031",
        "height": -3.137543,
        "coords2D": "2D: (397937.013, 808209.161)",
        "coords3D_original": "3D_Original: (-793548.981, 426441.300, 0.000)",
        "coords3D": "3D: (14.101, -16.998, 0.172)",
        "coordsMtEden": "MtEden: (397937.013, 808209.161, -3.138)",
        "easting": 397937.0134212892,
        "northing": 808209.1613304482,
        "longitude": 174.74104644792732,
        "latitude": -36.80573930603448,
        "group": "R1 - Teal (90 points)",
        "canvasX": 674.9559405420156,
        "canvasY": 715.1364060514585,
        "variant": "northing_easting_direct"
      }
    },
    {
      "type": "Feature",
      "geometry": {
        "type": "Point",
        "coordinates": [
          13.47063271945808,
          -17.26924134255387,
          0.11677493812
        ]
      },
      "properties": {
        "id": "1_16",
        "camera": "R1 - Teal (Point)",
        "frame": "0032",
        "image": "pano_camera0/frame_0032_hp_preview.jpg",
        "frameId": "0032",
        "height": -3.612227,
        "coords2D": "2D: (397936.383, 808208.890)",
        "coords3D_original": "3D_Original: (-793548.981, 426441.300, 0.000)",
        "coords3D": "3D: (13.471, -17.269, 0.117)",
        "coordsMtEden": "MtEden: (397936.383, 808208.890, -3.612)",
        "easting": 397936.38313271943,
        "northing": 808208.8897586574,
        "longitude": 174.74103938344757,
        "latitude": -36.80574175207142,
        "group": "R1 - Teal (90 points)",
        "canvasX": 664.6304873108045,
        "canvasY": 719.5853235144016,
        "variant": "northing_easting_direct"
      }
    },
    {
      "type": "Feature",
      "geometry": {
        "type": "Point",
        "coordinates": [
          13.064209273084998,
          -17.19220901816152,
          0.08148622308
        ]
      },
      "properties": {
        "id": "1_17",
        "camera": "R1 - Teal (Point)",
        "frame": "0033",
        "image": "pano_camera0/frame_0033_hp_preview.jpg",
        "frameId": "0033",
        "height": -3.873017,
        "coords2D": "2D: (397935.977, 808208.967)",
        "coords3D_original": "3D_Original: (-793548.981, 426441.300, 0.000)",
        "coords3D": "3D: (13.064, -17.192, 0.081)",
        "coordsMtEden": "MtEden: (397935.977, 808208.967, -3.873)",
        "easting": 397935.97670927306,
        "northing": 808208.9667909818,
        "longitude": 174.74103482880437,
        "latitude": -36.80574105696876,
        "group": "R1 - Teal (90 points)",
        "canvasX": 657.9724159306041,
        "canvasY": 718.3233719236707,
        "variant": "northing_easting_direct"
      }
    },
    {
      "type": "Feature",
      "geometry": {
        "type": "Point",
        "coordinates": [
          12.294111314578913,
          -16.238021672470495,
          0.147555779
        ]
      },
      "properties": {
        "id": "1_18",
        "camera": "R1 - Teal (Point)",
        "frame": "0034",
        "image": "pano_camera0/frame_0034_hp_preview.jpg",
        "frameId": "0034",
        "height": -4.221975,
        "coords2D": "2D: (397935.207, 808209.921)",
        "coords3D_original": "3D_Original: (-793548.981, 426441.300, 0.000)",
        "coords3D": "3D: (12.294, -16.238, 0.148)",
        "coordsMtEden": "MtEden: (397935.207, 808209.921, -4.222)",
        "easting": 397935.20661131456,
        "northing": 808209.9209783275,
        "longitude": 174.741026200782,
        "latitude": -36.805732456134585,
        "group": "R1 - Teal (90 points)",
        "canvasX": 645.3565906804646,
        "canvasY": 702.6917750904645,
        "variant": "northing_easting_direct"
      }
    },
    {
      "type": "Feature",
      "geometry": {
        "type": "Point",
        "coordinates": [
          12.298212719382718,
          -15.882711835671216,
          0.15504265588
        ]
      },
      "properties": {
        "id": "1_19",
        "camera": "R1 - Teal (Point)",
        "frame": "0035",
        "image": "pano_camera0/frame_0035_hp_preview.jpg",
        "frameId": "0035",
        "height": -4.155375,
        "coords2D": "2D: (397935.211, 808210.276)",
        "coords3D_original": "3D_Original: (-793548.981, 426441.300, 0.000)",
        "coords3D": "3D: (12.298, -15.883, 0.155)",
        "coordsMtEden": "MtEden: (397935.211, 808210.276, -4.155)",
        "easting": 397935.21071271936,
        "northing": 808210.2762881643,
        "longitude": 174.74102624771058,
        "latitude": -36.80572925408425,
        "group": "R1 - Teal (90 points)",
        "canvasX": 645.4237803226084,
        "canvasY": 696.8710522048559,
        "variant": "northing_easting_direct"
      }
    },
    {
      "type": "Feature",
      "geometry": {
        "type": "Point",
        "coordinates": [
          12.369770226068795,
          -14.993748677428812,
          0.09560039676000001
        ]
      },
      "properties": {
        "id": "1_20",
        "camera": "R1 - Teal (Point)",
        "frame": "0036",
        "image": "pano_camera0/frame_0036_hp_preview.jpg",
        "frameId": "0036",
        "height": -3.947327,
        "coords2D": "2D: (397935.282, 808211.165)",
        "coords3D_original": "3D_Original: (-793548.981, 426441.300, 0.000)",
        "coords3D": "3D: (12.370, -14.994, 0.096)",
        "coordsMtEden": "MtEden: (397935.282, 808211.165, -3.947)",
        "easting": 397935.28227022605,
        "northing": 808211.1652513226,
        "longitude": 174.74102705207733,
        "latitude": -36.805721242886705,
        "group": "R1 - Teal (90 points)",
        "canvasX": 646.596042875891,
        "canvasY": 682.3079648282967,
        "variant": "northing_easting_direct"
      }
    },
    {
      "type": "Feature",
      "geometry": {
        "type": "Point",
        "coordinates": [
          12.328968259564135,
          -14.323450942640193,
          0.15268373192
        ]
      },
      "properties": {
        "id": "1_21",
        "camera": "R1 - Teal (Point)",
        "frame": "0037",
        "image": "pano_camera0/frame_0037_hp_preview.jpg",
        "frameId": "0037",
        "height": -3.854484,
        "coords2D": "2D: (397935.241, 808211.836)",
        "coords3D_original": "3D_Original: (-793548.981, 426441.300, 0.000)",
        "coords3D": "3D: (12.329, -14.323, 0.153)",
        "coordsMtEden": "MtEden: (397935.241, 808211.836, -3.854)",
        "easting": 397935.24146825954,
        "northing": 808211.8355490573,
        "longitude": 174.74102659662097,
        "latitude": -36.80571520206127,
        "group": "R1 - Teal (90 points)",
        "canvasX": 645.9276207961293,
        "canvasY": 671.3270772729238,
        "variant": "northing_easting_direct"
      }
    },
    {
      "type": "Feature",
      "geometry": {
        "type": "Point",
        "coordinates": [
          12.280377167044207,
          -13.701291902805679,
          0.12820210384
        ]
      },
      "properties": {
        "id": "1_22",
        "camera": "R1 - Teal (Point)",
        "frame": "0038",
        "image": "pano_camera0/frame_0038_hp_preview.jpg",
        "frameId": "0038",
        "height": -3.775552,
        "coords2D": "2D: (397935.193, 808212.458)",
        "coords3D_original": "3D_Original: (-793548.981, 426441.300, 0.000)",
        "coords3D": "3D: (12.280, -13.701, 0.128)",
        "coordsMtEden": "MtEden: (397935.193, 808212.458, -3.776)",
        "easting": 397935.192877167,
        "northing": 808212.4577080972,
        "longitude": 174.7410260537402,
        "latitude": -36.805709595045734,
        "group": "R1 - Teal (90 points)",
        "canvasX": 645.1315964395149,
        "canvasY": 661.1348028505915,
        "variant": "northing_easting_direct"
      }
    },
    {
      "type": "Feature",
      "geometry": {
        "type": "Point",
        "coordinates": [
          11.6663694838644,
          -12.769517136737704,
          0.00827427848
        ]
      },
      "properties": {
        "id": "1_23",
        "camera": "R1 - Teal (Point)",
        "frame": "0039",
        "image": "pano_camera0/frame_0039_hp_preview.jpg",
        "frameId": "0039",
        "height": -4.023063,
        "coords2D": "2D: (397934.579, 808213.389)",
        "coords3D_original": "3D_Original: (-793548.981, 426441.300, 0.000)",
        "coords3D": "3D: (11.666, -12.770, 0.008)",
        "coordsMtEden": "MtEden: (397934.579, 808213.389, -4.023)",
        "easting": 397934.57886948384,
        "northing": 808213.3894828632,
        "longitude": 174.7410191749891,
        "latitude": -36.80570119653395,
        "group": "R1 - Teal (90 points)",
        "canvasX": 635.0728583941614,
        "canvasY": 645.8703712403104,
        "variant": "northing_easting_direct"
      }
    },
    {
      "type": "Feature",
      "geometry": {
        "type": "Point",
        "coordinates": [
          11.051930615329184,
          -12.42637191247195,
          0.08324147248
        ]
      },
      "properties": {
        "id": "1_24",
        "camera": "R1 - Teal (Point)",
        "frame": "0040",
        "image": "pano_camera0/frame_0040_hp_preview.jpg",
        "frameId": "0040",
        "height": -4.376608,
        "coords2D": "2D: (397933.964, 808213.733)",
        "coords3D_original": "3D_Original: (-793548.981, 426441.300, 0.000)",
        "coords3D": "3D: (11.052, -12.426, 0.083)",
        "coordsMtEden": "MtEden: (397933.964, 808213.733, -4.377)",
        "easting": 397933.9644306153,
        "northing": 808213.7326280875,
        "longitude": 174.74101228980996,
        "latitude": -36.805698102761944,
        "group": "R1 - Teal (90 points)",
        "canvasX": 625.0070566254346,
        "canvasY": 640.2489303095045,
        "variant": "northing_easting_direct"
      }
    },
    {
      "type": "Feature",
      "geometry": {
        "type": "Point",
        "coordinates": [
          10.929077068169136,
          -12.391416087863036,
          0.11124344188
        ]
      },
      "properties": {
        "id": "1_25",
        "camera": "R1 - Teal (Point)",
        "frame": "0041",
        "image": "pano_camera0/frame_0041_hp_preview.jpg",
        "frameId": "0041",
        "height": -4.453343,
        "coords2D": "2D: (397933.842, 808213.768)",
        "coords3D_original": "3D_Original: (-793548.981, 426441.300, 0.000)",
        "coords3D": "3D: (10.929, -12.391, 0.111)",
        "coordsMtEden": "MtEden: (397933.842, 808213.768, -4.453)",
        "easting": 397933.84157706815,
        "northing": 808213.7675839121,
        "longitude": 174.74101091306642,
        "latitude": -36.80569778747131,
        "group": "R1 - Teal (90 points)",
        "canvasX": 622.994456975061,
        "canvasY": 639.6762803359572,
        "variant": "northing_easting_direct"
      }
    },
    {
      "type": "Feature",
      "geometry": {
        "type": "Point",
        "coordinates": [
          9.91326076677069,
          -12.114538419875316,
          0.057782154079999995
        ]
      },
      "properties": {
        "id": "1_26",
        "camera": "R1 - Teal (Point)",
        "frame": "0042",
        "image": "pano_camera0/frame_0042_hp_preview.jpg",
        "frameId": "0042",
        "height": -5.090011,
        "coords2D": "2D: (397932.826, 808214.044)",
        "coords3D_original": "3D_Original: (-793548.981, 426441.300, 0.000)",
        "coords3D": "3D: (9.913, -12.115, 0.058)",
        "coordsMtEden": "MtEden: (397932.826, 808214.044, -5.090)",
        "easting": 397932.82576076675,
        "northing": 808214.0444615801,
        "longitude": 174.7409995294102,
        "latitude": -36.805695290027195,
        "group": "R1 - Teal (90 points)",
        "canvasX": 606.3532481467041,
        "canvasY": 635.1404414387441,
        "variant": "northing_easting_direct"
      }
    },
    {
      "type": "Feature",
      "geometry": {
        "type": "Point",
        "coordinates": [
          9.316668380459305,
          -11.722263372736052,
          0.4097112992
        ]
      },
      "properties": {
        "id": "1_27",
        "camera": "R1 - Teal (Point)",
        "frame": "0043",
        "image": "pano_camera0/frame_0043_hp_preview.jpg",
        "frameId": "0043",
        "height": -5.422671,
        "coords2D": "2D: (397932.229, 808214.437)",
        "coords3D_original": "3D_Original: (-793548.981, 426441.300, 0.000)",
        "coords3D": "3D: (9.317, -11.722, 0.410)",
        "coordsMtEden": "MtEden: (397932.229, 808214.437, -5.423)",
        "easting": 397932.22916838044,
        "northing": 808214.4367366272,
        "longitude": 174.74099284437403,
        "latitude": -36.80569175353408,
        "group": "R1 - Teal (90 points)",
        "canvasX": 596.5798093157657,
        "canvasY": 628.7141506135742,
        "variant": "northing_easting_direct"
      }
    },
    {
      "type": "Feature",
      "geometry": {
        "type": "Point",
        "coordinates": [
          9.304978338768706,
          -11.062110783997923,
          0.40014108892
        ]
      },
      "properties": {
        "id": "1_28",
        "camera": "R1 - Teal (Point)",
        "frame": "0044",
        "image": "pano_camera0/frame_0044_hp_preview.jpg",
        "frameId": "0044",
        "height": -5.311979,
        "coords2D": "2D: (397932.217, 808215.097)",
        "coords3D_original": "3D_Original: (-793548.981, 426441.300, 0.000)",
        "coords3D": "3D: (9.305, -11.062, 0.400)",
        "coordsMtEden": "MtEden: (397932.217, 808215.097, -5.312)",
        "easting": 397932.21747833875,
        "northing": 808215.096889216,
        "longitude": 174.7409927151547,
        "latitude": -36.80568580420031,
        "group": "R1 - Teal (90 points)",
        "canvasX": 596.3883018307328,
        "canvasY": 617.8994619025287,
        "variant": "northing_easting_direct"
      }
    },
    {
      "type": "Feature",
      "geometry": {
        "type": "Point",
        "coordinates": [
          9.102916890464257,
          -10.14499908220023,
          0.34277888236
        ]
      },
      "properties": {
        "id": "1_29",
        "camera": "R1 - Teal (Point)",
        "frame": "0045",
        "image": "pano_camera0/frame_0045_hp_preview.jpg",
        "frameId": "0045",
        "height": -5.283764,
        "coords2D": "2D: (397932.015, 808216.014)",
        "coords3D_original": "3D_Original: (-793548.981, 426441.300, 0.000)",
        "coords3D": "3D: (9.103, -10.145, 0.343)",
        "coordsMtEden": "MtEden: (397932.015, 808216.014, -5.284)",
        "easting": 397932.01541689044,
        "northing": 808216.0140009178,
        "longitude": 174.74099045311246,
        "latitude": -36.80567753873017,
        "group": "R1 - Teal (90 points)",
        "canvasX": 593.0781100645585,
        "canvasY": 602.8752421430736,
        "variant": "northing_easting_direct"
      }
    },
    {
      "type": "Feature",
      "geometry": {
        "type": "Point",
        "coordinates": [
          8.763575946562923,
          -10.031505118240602,
          0.331528882
        ]
      },
      "properties": {
        "id": "1_30",
        "camera": "R1 - Teal (Middle)",
        "frame": "0046",
        "image": "pano_camera0/frame_0046_hp_preview.jpg",
        "frameId": "0046",
        "height": -5.492675,
        "coords2D": "2D: (397931.676, 808216.127)",
        "coords3D_original": "3D_Original: (-793548.981, 426441.300, 0.000)",
        "coords3D": "3D: (8.764, -10.032, 0.332)",
        "coordsMtEden": "MtEden: (397931.676, 808216.127, -5.493)",
        "easting": 397931.67607594654,
        "northing": 808216.1274948817,
        "longitude": 174.74098665037616,
        "latitude": -36.80567651517916,
        "group": "R1 - Teal (90 points)",
        "canvasX": 587.5189912517429,
        "canvasY": 601.0159721627499,
        "variant": "northing_easting_direct"
      }
    },
    {
      "type": "Feature",
      "geometry": {
        "type": "Point",
        "coordinates": [
          8.64982998179039,
          -10.105322083225474,
          0.3007546028
        ]
      },
      "properties": {
        "id": "1_31",
        "camera": "R1 - Teal (Point)",
        "frame": "0047",
        "image": "pano_camera0/frame_0047_hp_preview.jpg",
        "frameId": "0047",
        "height": -5.582796,
        "coords2D": "2D: (397931.562, 808216.054)",
        "coords3D_original": "3D_Original: (-793548.981, 426441.300, 0.000)",
        "coords3D": "3D: (8.650, -10.105, 0.301)",
        "coordsMtEden": "MtEden: (397931.562, 808216.054, -5.583)",
        "easting": 397931.56232998177,
        "northing": 808216.0536779168,
        "longitude": 174.74098537540766,
        "latitude": -36.80567718017064,
        "group": "R1 - Teal (90 points)",
        "canvasX": 585.6555929675669,
        "canvasY": 602.2252493979469,
        "variant": "northing_easting_direct"
      }
    },
    {
      "type": "Feature",
      "geometry": {
        "type": "Point",
        "coordinates": [
          8.427167314628605,
          -10.425806524814107,
          0.33169620484
        ]
      },
      "properties": {
        "id": "1_32",
        "camera": "R1 - Teal (Point)",
        "frame": "0048",
        "image": "pano_camera0/frame_0048_hp_preview.jpg",
        "frameId": "0048",
        "height": -5.790826,
        "coords2D": "2D: (397931.340, 808215.733)",
        "coords3D_original": "3D_Original: (-793548.981, 426441.300, 0.000)",
        "coords3D": "3D: (8.427, -10.426, 0.332)",
        "coordsMtEden": "MtEden: (397931.340, 808215.733, -5.791)",
        "easting": 397931.3396673146,
        "northing": 808215.7331934752,
        "longitude": 174.74098287912324,
        "latitude": -36.805680067896375,
        "group": "R1 - Teal (90 points)",
        "canvasX": 582.0079098805489,
        "canvasY": 607.4754590196249,
        "variant": "northing_easting_direct"
      }
    },
    {
      "type": "Feature",
      "geometry": {
        "type": "Point",
        "coordinates": [
          8.296473278838675,
          -11.362210092251189,
          0.3684219278
        ]
      },
      "properties": {
        "id": "1_33",
        "camera": "R1 - Teal (Point)",
        "frame": "0049",
        "image": "pano_camera0/frame_0049_hp_preview.jpg",
        "frameId": "0049",
        "height": -6.047356,
        "coords2D": "2D: (397931.209, 808214.797)",
        "coords3D_original": "3D_Original: (-793548.981, 426441.300, 0.000)",
        "coords3D": "3D: (8.296, -11.362, 0.368)",
        "coordsMtEden": "MtEden: (397931.209, 808214.797, -6.047)",
        "easting": 397931.2089732788,
        "northing": 808214.7967899077,
        "longitude": 174.74098141187145,
        "latitude": -36.80568850649839,
        "group": "R1 - Teal (90 points)",
        "canvasX": 579.8668665253123,
        "canvasY": 622.8157201386772,
        "variant": "northing_easting_direct"
      }
    },
    {
      "type": "Feature",
      "geometry": {
        "type": "Point",
        "coordinates": [
          8.546862516202964,
          -12.504107811488211,
          0.3786253402
        ]
      },
      "properties": {
        "id": "1_34",
        "camera": "R1 - Teal (Point)",
        "frame": "0050",
        "image": "pano_camera0/frame_0050_hp_preview.jpg",
        "frameId": "0050",
        "height": -6.083296,
        "coords2D": "2D: (397931.459, 808213.655)",
        "coords3D_original": "3D_Original: (-793548.981, 426441.300, 0.000)",
        "coords3D": "3D: (8.547, -12.504, 0.379)",
        "coordsMtEden": "MtEden: (397931.459, 808213.655, -6.083)",
        "easting": 397931.4593625162,
        "northing": 808213.6548921885,
        "longitude": 174.74098421491925,
        "latitude": -36.805698797850305,
        "group": "R1 - Teal (90 points)",
        "canvasX": 583.9687691835427,
        "canvasY": 641.5224079316946,
        "variant": "northing_easting_direct"
      }
    },
    {
      "type": "Feature",
      "geometry": {
        "type": "Point",
        "coordinates": [
          8.564011222857516,
          -12.55161179881543,
          0.39201116739999997
        ]
      },
      "properties": {
        "id": "1_35",
        "camera": "R1 - Teal (Point)",
        "frame": "0051",
        "image": "pano_camera0/frame_0051_hp_preview.jpg",
        "frameId": "0051",
        "height": -6.080242,
        "coords2D": "2D: (397931.477, 808213.607)",
        "coords3D_original": "3D_Original: (-793548.981, 426441.300, 0.000)",
        "coords3D": "3D: (8.564, -12.552, 0.392)",
        "coordsMtEden": "MtEden: (397931.477, 808213.607, -6.080)",
        "easting": 397931.47651122283,
        "northing": 808213.6073882012,
        "longitude": 174.74098440697836,
        "latitude": -36.80569922599464,
        "group": "R1 - Teal (90 points)",
        "canvasX": 584.2497010881116,
        "canvasY": 642.3006232180646,
        "variant": "northing_easting_direct"
      }
    },
    {
      "type": "Feature",
      "geometry": {
        "type": "Point",
        "coordinates": [
          8.699220199603587,
          -13.746150033082813,
          0.35484253104
        ]
      },
      "properties": {
        "id": "1_36",
        "camera": "R1 - Teal (Point)",
        "frame": "0052",
        "image": "pano_camera0/frame_0052_hp_preview.jpg",
        "frameId": "0052",
        "height": -6.203468,
        "coords2D": "2D: (397931.612, 808212.413)",
        "coords3D_original": "3D_Original: (-793548.981, 426441.300, 0.000)",
        "coords3D": "3D: (8.699, -13.746, 0.355)",
        "coordsMtEden": "MtEden: (397931.612, 808212.413, -6.203)",
        "easting": 397931.6117201996,
        "northing": 808212.4128499669,
        "longitude": 174.74098591904107,
        "latitude": -36.80570999149225,
        "group": "R1 - Teal (90 points)",
        "canvasX": 586.4647086778905,
        "canvasY": 661.8696734308957,
        "variant": "northing_easting_direct"
      }
    },
    {
      "type": "Feature",
      "geometry": {
        "type": "Point",
        "coordinates": [
          8.61573969660094,
          -14.042208696715534,
          0.04311351844
        ]
      },
      "properties": {
        "id": "1_37",
        "camera": "R1 - Teal (Point)",
        "frame": "0053",
        "image": "pano_camera0/frame_0053_hp_preview.jpg",
        "frameId": "0053",
        "height": -6.313062,
        "coords2D": "2D: (397931.528, 808212.117)",
        "coords3D_original": "3D_Original: (-793548.981, 426441.300, 0.000)",
        "coords3D": "3D: (8.616, -14.042, 0.043)",
        "coordsMtEden": "MtEden: (397931.528, 808212.117, -6.313)",
        "easting": 397931.5282396966,
        "northing": 808212.1167913033,
        "longitude": 174.74098498265795,
        "latitude": -36.80571265939643,
        "group": "R1 - Teal (90 points)",
        "canvasX": 585.0971223523094,
        "canvasY": 666.719737403195,
        "variant": "northing_easting_direct"
      }
    },
    {
      "type": "Feature",
      "geometry": {
        "type": "Point",
        "coordinates": [
          8.245766751177143,
          -14.427436165511608,
          0.034632547039999996
        ]
      },
      "properties": {
        "id": "1_38",
        "camera": "R1 - Teal (Point)",
        "frame": "0054",
        "image": "pano_camera0/frame_0054_hp_preview.jpg",
        "frameId": "0054",
        "height": -6.632263,
        "coords2D": "2D: (397931.158, 808211.732)",
        "coords3D_original": "3D_Original: (-793548.981, 426441.300, 0.000)",
        "coords3D": "3D: (8.246, -14.427, 0.035)",
        "coordsMtEden": "MtEden: (397931.158, 808211.732, -6.632)",
        "easting": 397931.15826675115,
        "northing": 808211.7315638345,
        "longitude": 174.74098083526738,
        "latitude": -36.80571613026573,
        "group": "R1 - Teal (90 points)",
        "canvasX": 579.0361868887286,
        "canvasY": 673.0305740638073,
        "variant": "northing_easting_direct"
      }
    },
    {
      "type": "Feature",
      "geometry": {
        "type": "Point",
        "coordinates": [
          8.107020345458295,
          -15.63016850524582,
          -0.00791338608
        ]
      },
      "properties": {
        "id": "1_39",
        "camera": "R1 - Teal (Point)",
        "frame": "0055",
        "image": "pano_camera0/frame_0055_hp_preview.jpg",
        "frameId": "0055",
        "height": -6.942078,
        "coords2D": "2D: (397931.020, 808210.529)",
        "coords3D_original": "3D_Original: (-793548.981, 426441.300, 0.000)",
        "coords3D": "3D: (8.107, -15.630, -0.008)",
        "coordsMtEden": "MtEden: (397931.020, 808210.529, -6.942)",
        "easting": 397931.01952034544,
        "northing": 808210.5288314947,
        "longitude": 174.74097927704682,
        "latitude": -36.80572696901023,
        "group": "R1 - Teal (90 points)",
        "canvasX": 576.7632287673273,
        "canvasY": 692.7338609678515,
        "variant": "northing_easting_direct"
      }
    },
    {
      "type": "Feature",
      "geometry": {
        "type": "Point",
        "coordinates": [
          8.318488935416099,
          -16.142328271991573,
          0.05300853188
        ]
      },
      "properties": {
        "id": "1_40",
        "camera": "R1 - Teal (Point)",
        "frame": "0056",
        "image": "pano_camera0/frame_0056_hp_preview.jpg",
        "frameId": "0056",
        "height": -6.89119,
        "coords2D": "2D: (397931.231, 808210.017)",
        "coords3D_original": "3D_Original: (-793548.981, 426441.300, 0.000)",
        "coords3D": "3D: (8.318, -16.142, 0.053)",
        "coordsMtEden": "MtEden: (397931.231, 808210.017, -6.891)",
        "easting": 397931.2309889354,
        "northing": 808210.016671728,
        "longitude": 174.74098164561687,
        "latitude": -36.80573158506623,
        "group": "R1 - Teal (90 points)",
        "canvasX": 580.2275293118909,
        "canvasY": 701.1241158019363,
        "variant": "northing_easting_direct"
      }
    },
    {
      "type": "Feature",
      "geometry": {
        "type": "Point",
        "coordinates": [
          8.610954815405421,
          -16.6621502089547,
          0.04140091996
        ]
      },
      "properties": {
        "id": "1_41",
        "camera": "R1 - Teal (Point)",
        "frame": "0057",
        "image": "pano_camera0/frame_0057_hp_preview.jpg",
        "frameId": "0057",
        "height": -6.786947,
        "coords2D": "2D: (397931.523, 808209.497)",
        "coords3D_original": "3D_Original: (-793548.981, 426441.300, 0.000)",
        "coords3D": "3D: (8.611, -16.662, 0.041)",
        "coordsMtEden": "MtEden: (397931.523, 808209.497, -6.787)",
        "easting": 397931.5234548154,
        "northing": 808209.496849791,
        "longitude": 174.7409849219158,
        "latitude": -36.80573627035073,
        "group": "R1 - Teal (90 points)",
        "canvasX": 585.0187359278023,
        "canvasY": 709.6398931074008,
        "variant": "northing_easting_direct"
      }
    },
    {
      "type": "Feature",
      "geometry": {
        "type": "Point",
        "coordinates": [
          8.79557541088434,
          -17.00161262077745,
          0.04472113004
        ]
      },
      "properties": {
        "id": "1_42",
        "camera": "R1 - Teal (Point)",
        "frame": "0058",
        "image": "pano_camera0/frame_0058_hp_preview.jpg",
        "frameId": "0058",
        "height": -6.723177,
        "coords2D": "2D: (397931.708, 808209.157)",
        "coords3D_original": "3D_Original: (-793548.981, 426441.300, 0.000)",
        "coords3D": "3D: (8.796, -17.002, 0.045)",
        "coordsMtEden": "MtEden: (397931.708, 808209.157, -6.723)",
        "easting": 397931.70807541086,
        "northing": 808209.1573873792,
        "longitude": 174.74098699006586,
        "latitude": -36.80573932999598,
        "group": "R1 - Teal (90 points)",
        "canvasX": 588.0432098207168,
        "canvasY": 715.2010018198852,
        "variant": "northing_easting_direct"
      }
    },
    {
      "type": "Feature",
      "geometry": {
        "type": "Point",
        "coordinates": [
          9.383561732072849,
          -17.267089508939534,
          -0.0027296588799999998
        ]
      },
      "properties": {
        "id": "1_43",
        "camera": "R1 - Teal (Point)",
        "frame": "0059",
        "image": "pano_camera0/frame_0059_hp_preview.jpg",
        "frameId": "0059",
        "height": -6.373554,
        "coords2D": "2D: (397932.296, 808208.892)",
        "coords3D_original": "3D_Original: (-793548.981, 426441.300, 0.000)",
        "coords3D": "3D: (9.384, -17.267, -0.003)",
        "coordsMtEden": "MtEden: (397932.296, 808208.892, -6.374)",
        "easting": 397932.29606173205,
        "northing": 808208.891910491,
        "longitude": 174.74099357900067,
        "latitude": -36.805741723763106,
        "group": "R1 - Teal (90 points)",
        "canvasX": 597.6756631939415,
        "canvasY": 719.5500719499449,
        "variant": "northing_easting_direct"
      }
    },
    {
      "type": "Feature",
      "geometry": {
        "type": "Point",
        "coordinates": [
          10.25237261649454,
          -17.421231870073825,
          0.07410105223999999
        ]
      },
      "properties": {
        "id": "1_44",
        "camera": "R1 - Teal (Point)",
        "frame": "0060",
        "image": "pano_camera0/frame_0060_hp_preview.jpg",
        "frameId": "0060",
        "height": -5.814172,
        "coords2D": "2D: (397933.165, 808208.738)",
        "coords3D_original": "3D_Original: (-793548.981, 426441.300, 0.000)",
        "coords3D": "3D: (10.252, -17.421, 0.074)",
        "coordsMtEden": "MtEden: (397933.165, 808208.738, -5.814)",
        "easting": 397933.1648726165,
        "northing": 808208.7377681299,
        "longitude": 174.74100331548362,
        "latitude": -36.80574311479389,
        "group": "R1 - Teal (90 points)",
        "canvasX": 611.9086139152047,
        "canvasY": 722.075248222368,
        "variant": "northing_easting_direct"
      }
    },
    {
      "type": "Feature",
      "geometry": {
        "type": "Point",
        "coordinates": [
          10.697715578775387,
          -17.512273582979105,
          0.11877625052
        ]
      },
      "properties": {
        "id": "1_45",
        "camera": "R1 - Teal (Point)",
        "frame": "0061",
        "image": "pano_camera0/frame_0061_hp_preview.jpg",
        "frameId": "0061",
        "height": -5.5296,
        "coords2D": "2D: (397933.610, 808208.647)",
        "coords3D_original": "3D_Original: (-793548.981, 426441.300, 0.000)",
        "coords3D": "3D: (10.698, -17.512, 0.119)",
        "coordsMtEden": "MtEden: (397933.610, 808208.647, -5.530)",
        "easting": 397933.61021557875,
        "northing": 808208.646726417,
        "longitude": 174.74100830626585,
        "latitude": -36.80574393623557,
        "group": "R1 - Teal (90 points)",
        "canvasX": 619.2042688728226,
        "canvasY": 723.5667030784216,
        "variant": "northing_easting_direct"
      }
    },
    {
      "type": "Feature",
      "geometry": {
        "type": "Point",
        "coordinates": [
          12.12182546837721,
          -17.537906891666353,
          0.04212270476
        ]
      },
      "properties": {
        "id": "1_46",
        "camera": "R1 - Teal (Point)",
        "frame": "0062",
        "image": "pano_camera0/frame_0062_hp_preview.jpg",
        "frameId": "0062",
        "height": -4.571906,
        "coords2D": "2D: (397935.034, 808208.621)",
        "coords3D_original": "3D_Original: (-793548.981, 426441.300, 0.000)",
        "coords3D": "3D: (12.122, -17.538, 0.042)",
        "coordsMtEden": "MtEden: (397935.034, 808208.621, -4.572)",
        "easting": 397935.03432546835,
        "northing": 808208.6210931083,
        "longitude": 174.7410242664222,
        "latitude": -36.80574417035017,
        "group": "R1 - Teal (90 points)",
        "canvasX": 642.5341859396398,
        "canvasY": 723.9866306223428,
        "variant": "northing_easting_direct"
      }
    },
    {
      "type": "Feature",
      "geometry": {
        "type": "Point",
        "coordinates": [
          13.194532587949652,
          -17.585908545996062,
          0.10278543636000001
        ]
      },
      "properties": {
        "id": "1_47",
        "camera": "R1 - Teal (Point)",
        "frame": "0063",
        "image": "pano_camera0/frame_0063_hp_preview.jpg",
        "frameId": "0063",
        "height": -3.85568,
        "coords2D": "2D: (397936.107, 808208.573)",
        "coords3D_original": "3D_Original: (-793548.981, 426441.300, 0.000)",
        "coords3D": "3D: (13.195, -17.586, 0.103)",
        "coordsMtEden": "MtEden: (397936.107, 808208.573, -3.856)",
        "easting": 397936.1070325879,
        "northing": 808208.573091454,
        "longitude": 174.74103628829127,
        "latitude": -36.80574460528076,
        "group": "R1 - Teal (90 points)",
        "canvasX": 660.1073860968048,
        "canvasY": 724.7729987393496,
        "variant": "northing_easting_direct"
      }
    },
    {
      "type": "Feature",
      "geometry": {
        "type": "Point",
        "coordinates": [
          13.388729519327171,
          -17.59481321403291,
          0.11481627663999999
        ]
      },
      "properties": {
        "id": "1_48",
        "camera": "R1 - Teal (Point)",
        "frame": "0064",
        "image": "pano_camera0/frame_0064_hp_preview.jpg",
        "frameId": "0064",
        "height": -3.726057,
        "coords2D": "2D: (397936.301, 808208.564)",
        "coords3D_original": "3D_Original: (-793548.981, 426441.300, 0.000)",
        "coords3D": "3D: (13.389, -17.595, 0.115)",
        "coordsMtEden": "MtEden: (397936.301, 808208.564, -3.726)",
        "easting": 397936.3012295193,
        "northing": 808208.564186786,
        "longitude": 174.741038464663,
        "latitude": -36.80574468595307,
        "group": "R1 - Teal (90 points)",
        "canvasX": 663.2887405248472,
        "canvasY": 724.9188759427523,
        "variant": "northing_easting_direct"
      }
    },
    {
      "type": "Feature",
      "geometry": {
        "type": "Point",
        "coordinates": [
          14.633158029231708,
          -17.996298246085644,
          0.06888779748
        ]
      },
      "properties": {
        "id": "1_49",
        "camera": "R1 - Teal (Point)",
        "frame": "0065",
        "image": "pano_camera0/frame_0065_hp_preview.jpg",
        "frameId": "0065",
        "height": -2.957296,
        "coords2D": "2D: (397937.546, 808208.163)",
        "coords3D_original": "3D_Original: (-793548.981, 426441.300, 0.000)",
        "coords3D": "3D: (14.633, -17.996, 0.069)",
        "coordsMtEden": "MtEden: (397937.546, 808208.163, -2.957)",
        "easting": 397937.5456580292,
        "northing": 808208.1627017539,
        "longitude": 174.74105241008374,
        "latitude": -36.805748306855435,
        "group": "R1 - Teal (90 points)",
        "canvasX": 683.6750984489498,
        "canvasY": 731.4960457029896,
        "variant": "northing_easting_direct"
      }
    },
    {
      "type": "Feature",
      "geometry": {
        "type": "Point",
        "coordinates": [
          14.885020664951298,
          -18.204754374106415,
          0.0846948846
        ]
      },
      "properties": {
        "id": "1_50",
        "camera": "R1 - Teal (Point)",
        "frame": "0066",
        "image": "pano_camera0/frame_0066_hp_preview.jpg",
        "frameId": "0066",
        "height": -2.824555,
        "coords2D": "2D: (397937.798, 808207.954)",
        "coords3D_original": "3D_Original: (-793548.981, 426441.300, 0.000)",
        "coords3D": "3D: (14.885, -18.205, 0.085)",
        "coordsMtEden": "MtEden: (397937.798, 808207.954, -2.825)",
        "easting": 397937.7975206649,
        "northing": 808207.9542456259,
        "longitude": 174.74105523218392,
        "latitude": -36.80575018601475,
        "group": "R1 - Teal (90 points)",
        "canvasX": 687.8011384724664,
        "canvasY": 734.9109957804986,
        "variant": "northing_easting_direct"
      }
    },
    {
      "type": "Feature",
      "geometry": {
        "type": "Point",
        "coordinates": [
          15.95934515708359,
          -18.71445123211015,
          0.08305118376
        ]
      },
      "properties": {
        "id": "1_51",
        "camera": "R1 - Teal (Point)",
        "frame": "0067",
        "image": "pano_camera0/frame_0067_hp_preview.jpg",
        "frameId": "0067",
        "height": -2.190176,
        "coords2D": "2D: (397938.872, 808207.445)",
        "coords3D_original": "3D_Original: (-793548.981, 426441.300, 0.000)",
        "coords3D": "3D: (15.959, -18.714, 0.083)",
        "coordsMtEden": "MtEden: (397938.872, 808207.445, -2.190)",
        "easting": 397938.87184515706,
        "northing": 808207.4445487679,
        "longitude": 174.74106727093047,
        "latitude": -36.80575478175201,
        "group": "R1 - Teal (90 points)",
        "canvasX": 705.4008345968451,
        "canvasY": 743.2609029852268,
        "variant": "northing_easting_direct"
      }
    },
    {
      "type": "Feature",
      "geometry": {
        "type": "Point",
        "coordinates": [
          17.084516139293555,
          -18.88168917049188,
          0.13320866568
        ]
      },
      "properties": {
        "id": "1_52",
        "camera": "R1 - Teal (Point)",
        "frame": "0068",
        "image": "pano_camera0/frame_0068_hp_preview.jpg",
        "frameId": "0068",
        "height": -1.459919,
        "coords2D": "2D: (397939.997, 808207.277)",
        "coords3D_original": "3D_Original: (-793548.981, 426441.300, 0.000)",
        "coords3D": "3D: (17.085, -18.882, 0.133)",
        "coordsMtEden": "MtEden: (397939.997, 808207.277, -1.460)",
        "easting": 397939.99701613927,
        "northing": 808207.2773108295,
        "longitude": 174.7410798804498,
        "latitude": -36.80575629135211,
        "group": "R1 - Teal (90 points)",
        "canvasX": 723.8335032359702,
        "canvasY": 746.0006123724944,
        "variant": "northing_easting_direct"
      }
    },
    {
      "type": "Feature",
      "geometry": {
        "type": "Point",
        "coordinates": [
          17.253810697293375,
          -18.902155609917827,
          0.15297900752000002
        ]
      },
      "properties": {
        "id": "1_53",
        "camera": "R1 - Teal (Point)",
        "frame": "0069",
        "image": "pano_camera0/frame_0069_hp_preview.jpg",
        "frameId": "0069",
        "height": -1.3492,
        "coords2D": "2D: (397940.166, 808207.257)",
        "coords3D_original": "3D_Original: (-793548.981, 426441.300, 0.000)",
        "coords3D": "3D: (17.254, -18.902, 0.153)",
        "coordsMtEden": "MtEden: (397940.166, 808207.257, -1.349)",
        "easting": 397940.16631069727,
        "northing": 808207.2568443901,
        "longitude": 174.74108177770577,
        "latitude": -36.80575647616437,
        "group": "R1 - Teal (90 points)",
        "canvasX": 726.6069043804458,
        "canvasY": 746.3358957224902,
        "variant": "northing_easting_direct"
      }
    },
    {
      "type": "Feature",
      "geometry": {
        "type": "Point",
        "coordinates": [
          18.34729231329402,
          -18.41674513905309,
          0.15706365332
        ]
      },
      "properties": {
        "id": "1_54",
        "camera": "R1 - Teal (Point)",
        "frame": "0070",
        "image": "pano_camera0/frame_0070_hp_preview.jpg",
        "frameId": "0070",
        "height": -0.523113,
        "coords2D": "2D: (397941.260, 808207.742)",
        "coords3D_original": "3D_Original: (-793548.981, 426441.300, 0.000)",
        "coords3D": "3D: (18.347, -18.417, 0.157)",
        "coordsMtEden": "MtEden: (397941.260, 808207.742, -0.523)",
        "easting": 397941.25979231327,
        "northing": 808207.7422548609,
        "longitude": 174.74109403384244,
        "latitude": -36.805752104013685,
        "group": "R1 - Teal (90 points)",
        "canvasX": 744.5204345101246,
        "canvasY": 738.383850651424,
        "variant": "northing_easting_direct"
      }
    },
    {
      "type": "Feature",
      "geometry": {
        "type": "Point",
        "coordinates": [
          18.795281008759048,
          -17.639347675722092,
          0.13440289144
        ]
      },
      "properties": {
        "id": "1_55",
        "camera": "R1 - Teal (Point)",
        "frame": "0071",
        "image": "pano_camera0/frame_0071_hp_preview.jpg",
        "frameId": "0071",
        "height": -0.080745,
        "coords2D": "2D: (397941.708, 808208.520)",
        "coords3D_original": "3D_Original: (-793548.981, 426441.300, 0.000)",
        "coords3D": "3D: (18.795, -17.639, 0.134)",
        "coordsMtEden": "MtEden: (397941.708, 808208.520, -0.081)",
        "easting": 397941.70778100874,
        "northing": 808208.5196523243,
        "longitude": 174.74109905662496,
        "latitude": -36.80574509906629,
        "group": "R1 - Teal (90 points)",
        "canvasX": 751.8594321453812,
        "canvasY": 725.6484441493831,
        "variant": "northing_easting_direct"
      }
    },
    {
      "type": "Feature",
      "geometry": {
        "type": "Point",
        "coordinates": [
          18.96894906158559,
          -16.91521274659317,
          0.14949475544000002
        ]
      },
      "properties": {
        "id": "1_56",
        "camera": "R1 - Teal (Point)",
        "frame": "0072",
        "image": "pano_camera0/frame_0072_hp_preview.jpg",
        "frameId": "0072",
        "height": 0.166691,
        "coords2D": "2D: (397941.881, 808209.244)",
        "coords3D_original": "3D_Original: (-793548.981, 426441.300, 0.000)",
        "coords3D": "3D: (18.969, -16.915, 0.149)",
        "coordsMtEden": "MtEden: (397941.881, 808209.244, 0.167)",
        "easting": 397941.88144906156,
        "northing": 808209.2437872534,
        "longitude": 174.74110100490776,
        "latitude": -36.80573857352549,
        "group": "R1 - Teal (90 points)",
        "canvasX": 754.7044803401292,
        "canvasY": 713.7855900489774,
        "variant": "northing_easting_direct"
      }
    },
    {
      "type": "Feature",
      "geometry": {
        "type": "Point",
        "coordinates": [
          18.97397746099159,
          -16.780120726441965,
          0.15699803652
        ]
      },
      "properties": {
        "id": "1_57",
        "camera": "R1 - Teal (Point)",
        "frame": "0073",
        "image": "pano_camera0/frame_0073_hp_preview.jpg",
        "frameId": "0073",
        "height": 0.194357,
        "coords2D": "2D: (397941.886, 808209.379)",
        "coords3D_original": "3D_Original: (-793548.981, 426441.300, 0.000)",
        "coords3D": "3D: (18.974, -16.780, 0.157)",
        "coordsMtEden": "MtEden: (397941.886, 808209.379, 0.194)",
        "easting": 397941.88647746097,
        "northing": 808209.3788792735,
        "longitude": 174.74110106162698,
        "latitude": -36.80573735608446,
        "group": "R1 - Teal (90 points)",
        "canvasX": 754.7868561040506,
        "canvasY": 711.5724984547137,
        "variant": "northing_easting_direct"
      }
    },
    {
      "type": "Feature",
      "geometry": {
        "type": "Point",
        "coordinates": [
          19.186227377853356,
          -15.80055299284868,
          0.15978346968
        ]
      },
      "properties": {
        "id": "1_58",
        "camera": "R1 - Teal (Point)",
        "frame": "0074",
        "image": "pano_camera0/frame_0074_hp_preview.jpg",
        "frameId": "0074",
        "height": 0.51375,
        "coords2D": "2D: (397942.099, 808210.358)",
        "coords3D_original": "3D_Original: (-793548.981, 426441.300, 0.000)",
        "coords3D": "3D: (19.186, -15.801, 0.160)",
        "coordsMtEden": "MtEden: (397942.099, 808210.358, 0.514)",
        "easting": 397942.09872737783,
        "northing": 808210.3584470071,
        "longitude": 174.74110344299277,
        "latitude": -36.80572852866197,
        "group": "R1 - Teal (90 points)",
        "canvasX": 758.2639564274123,
        "canvasY": 695.5251174541035,
        "variant": "northing_easting_direct"
      }
    },
    {
      "type": "Feature",
      "geometry": {
        "type": "Point",
        "coordinates": [
          19.520834868366364,
          -14.706120185670443,
          0.20353019024
        ]
      },
      "properties": {
        "id": "1_59",
        "camera": "R1 - Teal (Point)",
        "frame": "0075",
        "image": "pano_camera0/frame_0075_hp_preview.jpg",
        "frameId": "0075",
        "height": 0.936457,
        "coords2D": "2D: (397942.433, 808211.453)",
        "coords3D_original": "3D_Original: (-793548.981, 426441.300, 0.000)",
        "coords3D": "3D: (19.521, -14.706, 0.204)",
        "coordsMtEden": "MtEden: (397942.433, 808211.453, 0.936)",
        "easting": 397942.43333486834,
        "northing": 808211.4528798143,
        "longitude": 174.74110719594879,
        "latitude": -36.80571866633899,
        "group": "R1 - Teal (90 points)",
        "canvasX": 763.7455313126467,
        "canvasY": 677.5960048119595,
        "variant": "northing_easting_direct"
      }
    },
    {
      "type": "Feature",
      "geometry": {
        "type": "Point",
        "coordinates": [
          19.648152902489528,
          -14.276022078702226,
          0.17172244643999998
        ]
      },
      "properties": {
        "id": "1_60",
        "camera": "R1 - Teal (Point)",
        "frame": "0076",
        "image": "pano_camera0/frame_0076_hp_preview.jpg",
        "frameId": "0076",
        "height": 1.099752,
        "coords2D": "2D: (397942.561, 808211.883)",
        "coords3D_original": "3D_Original: (-793548.981, 426441.300, 0.000)",
        "coords3D": "3D: (19.648, -14.276, 0.172)",
        "coordsMtEden": "MtEden: (397942.561, 808211.883, 1.100)",
        "easting": 397942.56065290247,
        "northing": 808211.8829779213,
        "longitude": 174.7411086239839,
        "latitude": -36.80571479056297,
        "group": "R1 - Teal (90 points)",
        "canvasX": 765.8312686550581,
        "canvasY": 670.5500926658658,
        "variant": "northing_easting_direct"
      }
    },
    {
      "type": "Feature",
      "geometry": {
        "type": "Point",
        "coordinates": [
          19.909816276456695,
          -13.318585219560191,
          0.23207349823999998
        ]
      },
      "properties": {
        "id": "1_61",
        "camera": "R1 - Teal (Point)",
        "frame": "0077",
        "image": "pano_camera0/frame_0077_hp_preview.jpg",
        "frameId": "0077",
        "height": 1.448559,
        "coords2D": "2D: (397942.822, 808212.840)",
        "coords3D_original": "3D_Original: (-793548.981, 426441.300, 0.000)",
        "coords3D": "3D: (19.910, -13.319, 0.232)",
        "coordsMtEden": "MtEden: (397942.822, 808212.840, 1.449)",
        "easting": 397942.82231627643,
        "northing": 808212.8404147804,
        "longitude": 174.74111155907255,
        "latitude": -36.80570616269154,
        "group": "R1 - Teal (90 points)",
        "canvasX": 770.1178653979299,
        "canvasY": 654.8652619641094,
        "variant": "northing_easting_direct"
      }
    },
    {
      "type": "Feature",
      "geometry": {
        "type": "Point",
        "coordinates": [
          20.179416355269495,
          -12.214439901756123,
          0.2911417416
        ]
      },
      "properties": {
        "id": "1_62",
        "camera": "R1 - Teal (Point)",
        "frame": "0078",
        "image": "pano_camera0/frame_0078_hp_preview.jpg",
        "frameId": "0078",
        "height": 1.829084,
        "coords2D": "2D: (397943.092, 808213.945)",
        "coords3D_original": "3D_Original: (-793548.981, 426441.300, 0.000)",
        "coords3D": "3D: (20.179, -12.214, 0.291)",
        "coordsMtEden": "MtEden: (397943.092, 808213.945, 1.829)",
        "easting": 397943.09191635525,
        "northing": 808213.9445600982,
        "longitude": 174.7411145835047,
        "latitude": -36.80569621269771,
        "group": "R1 - Teal (90 points)",
        "canvasX": 774.534482069073,
        "canvasY": 636.7770379568153,
        "variant": "northing_easting_direct"
      }
    },
    {
      "type": "Feature",
      "geometry": {
        "type": "Point",
        "coordinates": [
          20.724451833579224,
          -10.745152257150039,
          0.24091536204
        ]
      },
      "properties": {
        "id": "1_63",
        "camera": "R1 - Teal (Point)",
        "frame": "0079",
        "image": "pano_camera0/frame_0079_hp_preview.jpg",
        "frameId": "0079",
        "height": 2.461321,
        "coords2D": "2D: (397943.637, 808215.414)",
        "coords3D_original": "3D_Original: (-793548.981, 426441.300, 0.000)",
        "coords3D": "3D: (20.724, -10.745, 0.241)",
        "coordsMtEden": "MtEden: (397943.637, 808215.414, 2.461)",
        "easting": 397943.63695183356,
        "northing": 808215.4138477428,
        "longitude": 174.74112069576816,
        "latitude": -36.80568297263209,
        "group": "R1 - Teal (90 points)",
        "canvasX": 783.4633102450643,
        "canvasY": 612.7070141847494,
        "variant": "northing_easting_direct"
      }
    },
    {
      "type": "Feature",
      "geometry": {
        "type": "Point",
        "coordinates": [
          21.381167821062263,
          -10.00324258650653,
          0.29667323784
        ]
      },
      "properties": {
        "id": "1_64",
        "camera": "R1 - Teal (Point)",
        "frame": "0080",
        "image": "pano_camera0/frame_0080_hp_preview.jpg",
        "frameId": "0080",
        "height": 3.038355,
        "coords2D": "2D: (397944.294, 808216.156)",
        "coords3D_original": "3D_Original: (-793548.981, 426441.300, 0.000)",
        "coords3D": "3D: (21.381, -10.003, 0.297)",
        "coordsMtEden": "MtEden: (397944.294, 808216.156, 3.038)",
        "easting": 397944.29366782104,
        "northing": 808216.1557574135,
        "longitude": 174.74112805768578,
        "latitude": -36.80567628795335,
        "group": "R1 - Teal (90 points)",
        "canvasX": 794.221700195077,
        "canvasY": 600.5529724130516,
        "variant": "northing_easting_direct"
      }
    },
    {
      "type": "Feature",
      "geometry": {
        "type": "Point",
        "coordinates": [
          20.755188742710743,
          -16.46266279707197,
          0.26108596636
        ]
      },
      "properties": {
        "id": "1_65",
        "camera": "R1 - Teal (Point)",
        "frame": "0118",
        "image": "pano_camera0/frame_0118_hp_preview.jpg",
        "frameId": "0118",
        "height": 1.454985,
        "coords2D": "2D: (397943.668, 808209.696)",
        "coords3D_original": "3D_Original: (-793548.981, 426441.300, 0.000)",
        "coords3D": "3D: (20.755, -16.463, 0.261)",
        "coordsMtEden": "MtEden: (397943.668, 808209.696, 1.455)",
        "easting": 397943.6676887427,
        "northing": 808209.6963372029,
        "longitude": 174.74112102480052,
        "latitude": -36.80573449901718,
        "group": "R1 - Teal (90 points)",
        "canvasX": 783.966845502706,
        "canvasY": 706.3718694738587,
        "variant": "northing_easting_direct"
      }
    },
    {
      "type": "Feature",
      "geometry": {
        "type": "Point",
        "coordinates": [
          20.115975131921005,
          -16.59886083123274,
          0.25976378784
        ]
      },
      "properties": {
        "id": "1_66",
        "camera": "R1 - Teal (Point)",
        "frame": "0119",
        "image": "pano_camera0/frame_0119_hp_preview.jpg",
        "frameId": "0119",
        "height": 0.998589,
        "coords2D": "2D: (397943.028, 808209.560)",
        "coords3D_original": "3D_Original: (-793548.981, 426441.300, 0.000)",
        "coords3D": "3D: (20.116, -16.599, 0.260)",
        "coordsMtEden": "MtEden: (397943.028, 808209.560, 0.999)",
        "easting": 397943.0284751319,
        "northing": 808209.5601391688,
        "longitude": 174.74111386066494,
        "latitude": -36.80573572504818,
        "group": "R1 - Teal (90 points)",
        "canvasX": 773.4951813168724,
        "canvasY": 708.6030799057921,
        "variant": "northing_easting_direct"
      }
    },
    {
      "type": "Feature",
      "geometry": {
        "type": "Point",
        "coordinates": [
          19.399890368746128,
          -17.331325948005542,
          0.24472441728000002
        ]
      },
      "properties": {
        "id": "1_67",
        "camera": "R1 - Teal (Point)",
        "frame": "0120",
        "image": "pano_camera0/frame_0120_hp_preview.jpg",
        "frameId": "0120",
        "height": 0.383135,
        "coords2D": "2D: (397942.312, 808208.828)",
        "coords3D_original": "3D_Original: (-793548.981, 426441.300, 0.000)",
        "coords3D": "3D: (19.400, -17.331, 0.245)",
        "coordsMtEden": "MtEden: (397942.312, 808208.828, 0.383)",
        "easting": 397942.3123903687,
        "northing": 808208.827674052,
        "longitude": 174.74110583341064,
        "latitude": -36.80574232448246,
        "group": "R1 - Teal (90 points)",
        "canvasX": 761.7642058778313,
        "canvasY": 720.6024000090217,
        "variant": "northing_easting_direct"
      }
    },
    {
      "type": "Feature",
      "geometry": {
        "type": "Point",
        "coordinates": [
          19.20143090072088,
          -17.895392359700054,
          0.21886155556
        ]
      },
      "properties": {
        "id": "1_68",
        "camera": "R1 - Teal (Point)",
        "frame": "0121",
        "image": "pano_camera0/frame_0121_hp_preview.jpg",
        "frameId": "0121",
        "height": 0.147702,
        "coords2D": "2D: (397942.114, 808208.264)",
        "coords3D_original": "3D_Original: (-793548.981, 426441.300, 0.000)",
        "coords3D": "3D: (19.201, -17.895, 0.219)",
        "coordsMtEden": "MtEden: (397942.114, 808208.264, 0.148)",
        "easting": 397942.1139309007,
        "northing": 808208.2636076403,
        "longitude": 174.7411036077194,
        "latitude": -36.80574740742881,
        "group": "R1 - Teal (90 points)",
        "canvasX": 758.5130221287486,
        "canvasY": 729.8429949250032,
        "variant": "northing_easting_direct"
      }
    },
    {
      "type": "Feature",
      "geometry": {
        "type": "Point",
        "coordinates": [
          19.124871440639254,
          -18.3793450971134,
          0.24245735683999997
        ]
      },
      "properties": {
        "id": "1_69",
        "camera": "R1 - Teal (Point)",
        "frame": "0122",
        "image": "pano_camera0/frame_0122_hp_preview.jpg",
        "frameId": "0122",
        "height": 0.009031,
        "coords2D": "2D: (397942.037, 808207.780)",
        "coords3D_original": "3D_Original: (-793548.981, 426441.300, 0.000)",
        "coords3D": "3D: (19.125, -18.379, 0.242)",
        "coordsMtEden": "MtEden: (397942.037, 808207.780, 0.009)",
        "easting": 397942.0373714406,
        "northing": 808207.7796549029,
        "longitude": 174.7411027483973,
        "latitude": -36.80575176865405,
        "group": "R1 - Teal (90 points)",
        "canvasX": 757.258817051563,
        "canvasY": 737.7711592537946,
        "variant": "northing_easting_direct"
      }
    },
    {
      "type": "Feature",
      "geometry": {
        "type": "Point",
        "coordinates": [
          19.207677225465886,
          -19.345446559251286,
          0.26852691148
        ]
      },
      "properties": {
        "id": "1_70",
        "camera": "R1 - Teal (Point)",
        "frame": "0123",
        "image": "pano_camera0/frame_0123_hp_preview.jpg",
        "frameId": "0123",
        "height": -0.108568,
        "coords2D": "2D: (397942.120, 808206.814)",
        "coords3D_original": "3D_Original: (-793548.981, 426441.300, 0.000)",
        "coords3D": "3D: (19.208, -19.345, 0.269)",
        "coordsMtEden": "MtEden: (397942.120, 808206.814, -0.109)",
        "easting": 397942.12017722544,
        "northing": 808206.8135534407,
        "longitude": 174.74110367380396,
        "latitude": -36.805760475359484,
        "group": "R1 - Teal (90 points)",
        "canvasX": 758.6153500733594,
        "canvasY": 753.5979343883907,
        "variant": "northing_easting_direct"
      }
    },
    {
      "type": "Feature",
      "geometry": {
        "type": "Point",
        "coordinates": [
          19.601071302837227,
          -20.020594852860086,
          0.2880085394
        ]
      },
      "properties": {
        "id": "1_71",
        "camera": "R1 - Teal (Point)",
        "frame": "0124",
        "image": "pano_camera0/frame_0124_hp_preview.jpg",
        "frameId": "0124",
        "height": 0.035971,
        "coords2D": "2D: (397942.514, 808206.138)",
        "coords3D_original": "3D_Original: (-793548.981, 426441.300, 0.000)",
        "coords3D": "3D: (19.601, -20.021, 0.288)",
        "coordsMtEden": "MtEden: (397942.514, 808206.138, 0.036)",
        "easting": 397942.5135713028,
        "northing": 808206.1384051471,
        "longitude": 174.74110808081048,
        "latitude": -36.80576656066411,
        "group": "R1 - Teal (90 points)",
        "canvasX": 765.0599729682606,
        "canvasY": 764.658284304948,
        "variant": "northing_easting_direct"
      }
    },
    {
      "type": "Feature",
      "geometry": {
        "type": "Point",
        "coordinates": [
          20.12658720597392,
          -20.068464162759483,
          0.28527888052
        ]
      },
      "properties": {
        "id": "1_72",
        "camera": "R1 - Teal (Point)",
        "frame": "0125",
        "image": "pano_camera0/frame_0125_hp_preview.jpg",
        "frameId": "0125",
        "height": 0.382473,
        "coords2D": "2D: (397943.039, 808206.091)",
        "coords3D_original": "3D_Original: (-793548.981, 426441.300, 0.000)",
        "coords3D": "3D: (20.127, -20.068, 0.285)",
        "coordsMtEden": "MtEden: (397943.039, 808206.091, 0.382)",
        "easting": 397943.03908720595,
        "northing": 808206.0905358372,
        "longitude": 174.74111397022315,
        "latitude": -36.805766993205,
        "group": "R1 - Teal (90 points)",
        "canvasX": 773.6690294228985,
        "canvasY": 765.4424843441245,
        "variant": "northing_easting_direct"
      }
    },
    {
      "type": "Feature",
      "geometry": {
        "type": "Point",
        "coordinates": [
          20.422257254074793,
          -19.99529654707294,
          0.36854659972
        ]
      },
      "properties": {
        "id": "1_73",
        "camera": "R1 - Teal (Point)",
        "frame": "0126",
        "image": "pano_camera0/frame_0126_hp_preview.jpg",
        "frameId": "0126",
        "height": 0.595407,
        "coords2D": "2D: (397943.335, 808206.164)",
        "coords3D_original": "3D_Original: (-793548.981, 426441.300, 0.000)",
        "coords3D": "3D: (20.422, -19.995, 0.369)",
        "coordsMtEden": "MtEden: (397943.335, 808206.164, 0.595)",
        "easting": 397943.33475725405,
        "northing": 808206.1637034529,
        "longitude": 174.741117284043,
        "latitude": -36.80576633445926,
        "group": "R1 - Teal (90 points)",
        "canvasX": 778.5127270558497,
        "canvasY": 764.2438448150082,
        "variant": "northing_easting_direct"
      }
    },
    {
      "type": "Feature",
      "geometry": {
        "type": "Point",
        "coordinates": [
          16.950319227646105,
          -20.726515929563902,
          0.10466207683999999
        ]
      },
      "properties": {
        "id": "1_74",
        "camera": "R1 - Teal (End)",
        "frame": "0197",
        "image": "pano_camera0/frame_0197_hp_preview.jpg",
        "frameId": "0197",
        "height": -3.307107,
        "coords2D": "2D: (397939.863, 808205.432)",
        "coords3D_original": "3D_Original: (-793548.981, 426441.300, 0.000)",
        "coords3D": "3D: (16.950, -20.727, 0.105)",
        "coordsMtEden": "MtEden: (397939.863, 808205.432, -3.307)",
        "easting": 397939.8628192276,
        "northing": 808205.4324840704,
        "longitude": 174.74107837149205,
        "latitude": -36.805772916675316,
        "group": "R1 - Teal (90 points)",
        "canvasX": 721.6350754027671,
        "canvasY": 776.2227571702244,
        "variant": "northing_easting_direct"
      }
    },
    {
      "type": "Feature",
      "geometry": {
        "type": "Point",
        "coordinates": [
          2.5957721539889462,
          -20.712040741345845,
          0.24904528356000002
        ]
      },
      "properties": {
        "id": "2_0",
        "camera": "R2 - DeepBlue (Start)",
        "frame": "0089",
        "image": "pano_camera0/frame_0089_hp_preview.jpg",
        "frameId": "0089",
        "height": 3.271546,
        "coords2D": "2D: (397925.508, 808205.447)",
        "coords3D_original": "3D_Original: (-793548.981, 426441.300, 0.000)",
        "coords3D": "3D: (2.596, -20.712, 0.249)",
        "coordsMtEden": "MtEden: (397925.508, 808205.447, 3.272)",
        "easting": 397925.50827215397,
        "northing": 808205.4469592586,
        "longitude": 174.74091749778077,
        "latitude": -36.80577275488502,
        "group": "R2 - DeepBlue (11 points)",
        "canvasX": 486.4773848316176,
        "canvasY": 775.9856231231366,
        "variant": "northing_easting_direct"
      }
    },
    {
      "type": "Feature",
      "geometry": {
        "type": "Point",
        "coordinates": [
          1.594378650363069,
          -20.4933947508689,
          0.23884187116
        ]
      },
      "properties": {
        "id": "2_1",
        "camera": "R2 - DeepBlue (Point)",
        "frame": "0090",
        "image": "pano_camera0/frame_0090_hp_preview.jpg",
        "frameId": "0090",
        "height": 1.360889,
        "coords2D": "2D: (397924.507, 808205.666)",
        "coords3D_original": "3D_Original: (-793548.981, 426441.300, 0.000)",
        "coords3D": "3D: (1.594, -20.493, 0.239)",
        "coordsMtEden": "MtEden: (397924.507, 808205.666, 1.361)",
        "easting": 397924.50687865034,
        "northing": 808205.6656052491,
        "longitude": 174.74090627559642,
        "latitude": -36.80577078224863,
        "group": "R2 - DeepBlue (11 points)",
        "canvasX": 470.07245178424444,
        "canvasY": 772.4037416537832,
        "variant": "northing_easting_direct"
      }
    },
    {
      "type": "Feature",
      "geometry": {
        "type": "Point",
        "coordinates": [
          1.5694832546869293,
          -20.48541292385198,
          0.22042979708
        ]
      },
      "properties": {
        "id": "2_2",
        "camera": "R2 - DeepBlue (Point)",
        "frame": "0091",
        "image": "pano_camera0/frame_0091_hp_preview.jpg",
        "frameId": "0091",
        "height": 1.312692,
        "coords2D": "2D: (397924.482, 808205.674)",
        "coords3D_original": "3D_Original: (-793548.981, 426441.300, 0.000)",
        "coords3D": "3D: (1.569, -20.485, 0.220)",
        "coordsMtEden": "MtEden: (397924.482, 808205.674, 1.313)",
        "easting": 397924.48198325466,
        "northing": 808205.6735870761,
        "longitude": 174.74090599661142,
        "latitude": -36.805770710261676,
        "group": "R2 - DeepBlue (11 points)",
        "canvasX": 469.6646128097701,
        "canvasY": 772.2729825292527,
        "variant": "northing_easting_direct"
      }
    },
    {
      "type": "Feature",
      "geometry": {
        "type": "Point",
        "coordinates": [
          0.4924445624346845,
          -19.50790746510029,
          -0.19503937632
        ]
      },
      "properties": {
        "id": "2_3",
        "camera": "R2 - DeepBlue (Point)",
        "frame": "0092",
        "image": "pano_camera0/frame_0092_hp_preview.jpg",
        "frameId": "0092",
        "height": -0.945404,
        "coords2D": "2D: (397923.405, 808206.651)",
        "coords3D_original": "3D_Original: (-793548.981, 426441.300, 0.000)",
        "coords3D": "3D: (0.492, -19.508, -0.195)",
        "coordsMtEden": "MtEden: (397923.405, 808206.651, -0.945)",
        "easting": 397923.4049445624,
        "northing": 808206.6510925349,
        "longitude": 174.74089392872935,
        "latitude": -36.80576189860181,
        "group": "R2 - DeepBlue (11 points)",
        "canvasX": 452.0204523754895,
        "canvasY": 756.2593859298473,
        "variant": "northing_easting_direct"
      }
    },
    {
      "type": "Feature",
      "geometry": {
        "type": "Point",
        "coordinates": [
          0.35049083590274677,
          -19.137128190719523,
          -0.059304463839999995
        ]
      },
      "properties": {
        "id": "2_4",
        "camera": "R2 - DeepBlue (Point)",
        "frame": "0093",
        "image": "pano_camera0/frame_0093_hp_preview.jpg",
        "frameId": "0093",
        "height": -1.309218,
        "coords2D": "2D: (397923.263, 808207.022)",
        "coords3D_original": "3D_Original: (-793548.981, 426441.300, 0.000)",
        "coords3D": "3D: (0.350, -19.137, -0.059)",
        "coordsMtEden": "MtEden: (397923.263, 808207.022, -1.309)",
        "easting": 397923.2629908359,
        "northing": 808207.0218718093,
        "longitude": 174.7408923388423,
        "latitude": -36.80575855682036,
        "group": "R2 - DeepBlue (11 points)",
        "canvasX": 449.69495158958813,
        "canvasY": 750.1852411010641,
        "variant": "northing_easting_direct"
      }
    },
    {
      "type": "Feature",
      "geometry": {
        "type": "Point",
        "coordinates": [
          0.25567176536424085,
          -18.446525361039676,
          0.14817585776
        ]
      },
      "properties": {
        "id": "2_5",
        "camera": "R2 - DeepBlue (Middle)",
        "frame": "0094",
        "image": "pano_camera0/frame_0094_hp_preview.jpg",
        "frameId": "0094",
        "height": -1.67342,
        "coords2D": "2D: (397923.168, 808207.712)",
        "coords3D_original": "3D_Original: (-793548.981, 426441.300, 0.000)",
        "coords3D": "3D: (0.256, -18.447, 0.148)",
        "coordsMtEden": "MtEden: (397923.168, 808207.712, -1.673)",
        "easting": 397923.16817176534,
        "northing": 808207.712474639,
        "longitude": 174.74089127807335,
        "latitude": -36.805752332886065,
        "group": "R2 - DeepBlue (11 points)",
        "canvasX": 448.1416156658245,
        "canvasY": 738.8717133604875,
        "variant": "northing_easting_direct"
      }
    },
    {
      "type": "Feature",
      "geometry": {
        "type": "Point",
        "coordinates": [
          0.26696258009178564,
          -17.6162040742347,
          0.01879593236
        ]
      },
      "properties": {
        "id": "2_6",
        "camera": "R2 - DeepBlue (Point)",
        "frame": "0095",
        "image": "pano_camera0/frame_0095_hp_preview.jpg",
        "frameId": "0095",
        "height": -1.879731,
        "coords2D": "2D: (397923.179, 808208.543)",
        "coords3D_original": "3D_Original: (-793548.981, 426441.300, 0.000)",
        "coords3D": "3D: (0.267, -17.616, 0.019)",
        "coordsMtEden": "MtEden: (397923.179, 808208.543, -1.880)",
        "easting": 397923.17946258007,
        "northing": 808208.5427959258,
        "longitude": 174.74089140687605,
        "latitude": -36.805744850038984,
        "group": "R2 - DeepBlue (11 points)",
        "canvasX": 448.32658297278886,
        "canvasY": 725.2693032508167,
        "variant": "northing_easting_direct"
      }
    },
    {
      "type": "Feature",
      "geometry": {
        "type": "Point",
        "coordinates": [
          0.5102948166313581,
          -16.639548585982993,
          0.05832021184
        ]
      },
      "properties": {
        "id": "2_7",
        "camera": "R2 - DeepBlue (Point)",
        "frame": "0096",
        "image": "pano_camera0/frame_0096_hp_preview.jpg",
        "frameId": "0096",
        "height": -1.697207,
        "coords2D": "2D: (397923.423, 808209.519)",
        "coords3D_original": "3D_Original: (-793548.981, 426441.300, 0.000)",
        "coords3D": "3D: (0.510, -16.640, 0.058)",
        "coordsMtEden": "MtEden: (397923.423, 808209.519, -1.697)",
        "easting": 397923.4227948166,
        "northing": 808209.519451414,
        "longitude": 174.74089413660266,
        "latitude": -36.805736048934094,
        "group": "R2 - DeepBlue (11 points)",
        "canvasX": 452.31287710568324,
        "canvasY": 709.2696309567252,
        "variant": "northing_easting_direct"
      }
    },
    {
      "type": "Feature",
      "geometry": {
        "type": "Point",
        "coordinates": [
          1.6203488011378795,
          -15.723315185401589,
          0.1159612898
        ]
      },
      "properties": {
        "id": "2_8",
        "camera": "R2 - DeepBlue (Point)",
        "frame": "0097",
        "image": "pano_camera0/frame_0097_hp_preview.jpg",
        "frameId": "0097",
        "height": 0.103775,
        "coords2D": "2D: (397924.533, 808210.436)",
        "coords3D_original": "3D_Original: (-793548.981, 426441.300, 0.000)",
        "coords3D": "3D: (1.620, -15.723, 0.116)",
        "coordsMtEden": "MtEden: (397924.533, 808210.436, 0.104)",
        "easting": 397924.5328488011,
        "northing": 808210.4356848146,
        "longitude": 174.74090657965021,
        "latitude": -36.8057277942543,
        "group": "R2 - DeepBlue (11 points)",
        "canvasX": 470.4978975084794,
        "canvasY": 694.2597996196596,
        "variant": "northing_easting_direct"
      }
    },
    {
      "type": "Feature",
      "geometry": {
        "type": "Point",
        "coordinates": [
          1.864610951510258,
          -15.629479926079512,
          0.03619094604
        ]
      },
      "properties": {
        "id": "2_9",
        "camera": "R2 - DeepBlue (Point)",
        "frame": "0098",
        "image": "pano_camera0/frame_0098_hp_preview.jpg",
        "frameId": "0098",
        "height": 0.529561,
        "coords2D": "2D: (397924.777, 808210.530)",
        "coords3D_original": "3D_Original: (-793548.981, 426441.300, 0.000)",
        "coords3D": "3D: (1.865, -15.629, 0.036)",
        "coordsMtEden": "MtEden: (397924.777, 808210.530, 0.530)",
        "easting": 397924.7771109515,
        "northing": 808210.5295200739,
        "longitude": 174.7409093173901,
        "latitude": -36.80572694914445,
        "group": "R2 - DeepBlue (11 points)",
        "canvasX": 474.4994255877339,
        "canvasY": 692.7225805934942,
        "variant": "northing_easting_direct"
      }
    },
    {
      "type": "Feature",
      "geometry": {
        "type": "Point",
        "coordinates": [
          3.3240240665036254,
          -15.367625653045252,
          0.14853018848
        ]
      },
      "properties": {
        "id": "2_10",
        "camera": "R2 - DeepBlue (End)",
        "frame": "0099",
        "image": "pano_camera0/frame_0099_hp_preview.jpg",
        "frameId": "0099",
        "height": 3.15529,
        "coords2D": "2D: (397926.237, 808210.791)",
        "coords3D_original": "3D_Original: (-793548.981, 426441.300, 0.000)",
        "coords3D": "3D: (3.324, -15.368, 0.149)",
        "coordsMtEden": "MtEden: (397926.237, 808210.791, 3.155)",
        "easting": 397926.2365240665,
        "northing": 808210.7913743469,
        "longitude": 174.74092567397435,
        "latitude": -36.80572459250589,
        "group": "R2 - DeepBlue (11 points)",
        "canvasX": 498.4076837830198,
        "canvasY": 688.4328565224537,
        "variant": "northing_easting_direct"
      }
    },
    {
      "type": "Feature",
      "geometry": {
        "type": "Point",
        "coordinates": [
          0.6432061328087002,
          -10.11851548741106,
          0.20441929788
        ]
      },
      "properties": {
        "id": "3_0",
        "camera": "R3 - Orange (Start)",
        "frame": "0143",
        "image": "pano_camera0/frame_0143_hp_preview.jpg",
        "frameId": "0143",
        "height": 0.694644,
        "coords2D": "2D: (397923.556, 808216.040)",
        "coords3D_original": "3D_Original: (-793548.981, 426441.300, 0.000)",
        "coords3D": "3D: (0.643, -10.119, 0.204)",
        "coordsMtEden": "MtEden: (397923.556, 808216.040, 0.695)",
        "easting": 397923.5557061328,
        "northing": 808216.0404845126,
        "longitude": 174.7408956439438,
        "latitude": -36.805677281546075,
        "group": "R3 - Orange (11 points)",
        "canvasX": 454.4902441801206,
        "canvasY": 602.441385124561,
        "variant": "northing_easting_direct"
      }
    },
    {
      "type": "Feature",
      "geometry": {
        "type": "Point",
        "coordinates": [
          0.6545886901440099,
          -10.568164041847922,
          0.25885171432
        ]
      },
      "properties": {
        "id": "3_1",
        "camera": "R3 - Orange (Point)",
        "frame": "0144",
        "image": "pano_camera0/frame_0144_hp_preview.jpg",
        "frameId": "0144",
        "height": 0.644563,
        "coords2D": "2D: (397923.567, 808215.591)",
        "coords3D_original": "3D_Original: (-793548.981, 426441.300, 0.000)",
        "coords3D": "3D: (0.655, -10.568, 0.259)",
        "coordsMtEden": "MtEden: (397923.567, 808215.591, 0.645)",
        "easting": 397923.5670886901,
        "northing": 808215.5908359581,
        "longitude": 174.74089577028363,
        "latitude": -36.80568133381274,
        "group": "R3 - Orange (11 points)",
        "canvasX": 454.67671442390485,
        "canvasY": 609.8075747432191,
        "variant": "northing_easting_direct"
      }
    },
    {
      "type": "Feature",
      "geometry": {
        "type": "Point",
        "coordinates": [
          1.0373197968583554,
          -10.813658808125183,
          0.27083006115999997
        ]
      },
      "properties": {
        "id": "3_2",
        "camera": "R3 - Orange (Point)",
        "frame": "0145",
        "image": "pano_camera0/frame_0145_hp_preview.jpg",
        "frameId": "0145",
        "height": 0.468483,
        "coords2D": "2D: (397923.950, 808215.345)",
        "coords3D_original": "3D_Original: (-793548.981, 426441.300, 0.000)",
        "coords3D": "3D: (1.037, -10.814, 0.271)",
        "coordsMtEden": "MtEden: (397923.950, 808215.345, 0.468)",
        "easting": 397923.94981979684,
        "northing": 808215.3453411919,
        "longitude": 174.74090005893913,
        "latitude": -36.805683547055665,
        "group": "R3 - Orange (11 points)",
        "canvasX": 460.9466554194361,
        "canvasY": 613.829295664964,
        "variant": "northing_easting_direct"
      }
    },
    {
      "type": "Feature",
      "geometry": {
        "type": "Point",
        "coordinates": [
          2.5926635969080962,
          -10.306114158593118,
          -0.10716207691999999
        ]
      },
      "properties": {
        "id": "3_3",
        "camera": "R3 - Orange (Point)",
        "frame": "0146",
        "image": "pano_camera0/frame_0146_hp_preview.jpg",
        "frameId": "0146",
        "height": 2.034633,
        "coords2D": "2D: (397925.505, 808215.853)",
        "coords3D_original": "3D_Original: (-793548.981, 426441.300, 0.000)",
        "coords3D": "3D: (2.593, -10.306, -0.107)",
        "coordsMtEden": "MtEden: (397925.505, 808215.853, 2.035)",
        "easting": 397925.5051635969,
        "northing": 808215.8528858414,
        "longitude": 174.74091749129335,
        "latitude": -36.80567897646197,
        "group": "R3 - Orange (11 points)",
        "canvasX": 486.42646012461284,
        "canvasY": 605.514646163752,
        "variant": "northing_easting_direct"
      }
    },
    {
      "type": "Feature",
      "geometry": {
        "type": "Point",
        "coordinates": [
          2.8516433725017123,
          -10.202324442681856,
          -0.10200787728
        ]
      },
      "properties": {
        "id": "3_4",
        "camera": "R3 - Orange (Point)",
        "frame": "0147",
        "image": "pano_camera0/frame_0147_hp_preview.jpg",
        "frameId": "0147",
        "height": 2.701277,
        "coords2D": "2D: (397925.764, 808215.957)",
        "coords3D_original": "3D_Original: (-793548.981, 426441.300, 0.000)",
        "coords3D": "3D: (2.852, -10.202, -0.102)",
        "coordsMtEden": "MtEden: (397925.764, 808215.957, 2.701)",
        "easting": 397925.7641433725,
        "northing": 808215.9566755573,
        "longitude": 174.74092039400114,
        "latitude": -36.80567804167433,
        "group": "R3 - Orange (11 points)",
        "canvasX": 490.6690938780037,
        "canvasY": 603.8143521893054,
        "variant": "northing_easting_direct"
      }
    },
    {
      "type": "Feature",
      "geometry": {
        "type": "Point",
        "coordinates": [
          3.537606025405694,
          -10.306976307416335,
          0.03630577544
        ]
      },
      "properties": {
        "id": "3_5",
        "camera": "R3 - Orange (Middle)",
        "frame": "0148",
        "image": "pano_camera0/frame_0148_hp_preview.jpg",
        "frameId": "0148",
        "height": 4.428323,
        "coords2D": "2D: (397926.450, 808215.852)",
        "coords3D_original": "3D_Original: (-793548.981, 426441.300, 0.000)",
        "coords3D": "3D: (3.538, -10.307, 0.036)",
        "coordsMtEden": "MtEden: (397926.450, 808215.852, 4.428)",
        "easting": 397926.4501060254,
        "northing": 808215.8520236926,
        "longitude": 174.740928081402,
        "latitude": -36.80567898630139,
        "group": "R3 - Orange (11 points)",
        "canvasX": 501.9066057576375,
        "canvasY": 605.5287699772731,
        "variant": "northing_easting_direct"
      }
    },
    {
      "type": "Feature",
      "geometry": {
        "type": "Point",
        "coordinates": [
          3.698515521537047,
          -11.727768289740197,
          0.0234251976
        ]
      },
      "properties": {
        "id": "3_6",
        "camera": "R3 - Orange (Point)",
        "frame": "0149",
        "image": "pano_camera0/frame_0149_hp_preview.jpg",
        "frameId": "0149",
        "height": 4.691078,
        "coords2D": "2D: (397926.611, 808214.431)",
        "coords3D_original": "3D_Original: (-793548.981, 426441.300, 0.000)",
        "coords3D": "3D: (3.699, -11.728, 0.023)",
        "coordsMtEden": "MtEden: (397926.611, 808214.431, 4.691)",
        "easting": 397926.6110155215,
        "northing": 808214.4312317102,
        "longitude": 174.7409298808699,
        "latitude": -36.80569179085929,
        "group": "R3 - Orange (11 points)",
        "canvasX": 504.54264194231587,
        "canvasY": 628.8043327396294,
        "variant": "northing_easting_direct"
      }
    },
    {
      "type": "Feature",
      "geometry": {
        "type": "Point",
        "coordinates": [
          2.822054363670759,
          -12.57771128625609,
          -0.15392717028
        ]
      },
      "properties": {
        "id": "3_7",
        "camera": "R3 - Orange (Point)",
        "frame": "0150",
        "image": "pano_camera0/frame_0150_hp_preview.jpg",
        "frameId": "0150",
        "height": 2.384117,
        "coords2D": "2D: (397925.735, 808213.581)",
        "coords3D_original": "3D_Original: (-793548.981, 426441.300, 0.000)",
        "coords3D": "3D: (2.822, -12.578, -0.154)",
        "coordsMtEden": "MtEden: (397925.735, 808213.581, 2.384)",
        "easting": 397925.73455436365,
        "northing": 808213.5812887137,
        "longitude": 174.74092005592172,
        "latitude": -36.805699448642876,
        "group": "R3 - Orange (11 points)",
        "canvasX": 490.18436364281524,
        "canvasY": 642.7281877490877,
        "variant": "northing_easting_direct"
      }
    },
    {
      "type": "Feature",
      "geometry": {
        "type": "Point",
        "coordinates": [
          1.710809076379519,
          -12.676902670762502,
          -0.03498359692
        ]
      },
      "properties": {
        "id": "3_8",
        "camera": "R3 - Orange (Point)",
        "frame": "0151",
        "image": "pano_camera0/frame_0151_hp_preview.jpg",
        "frameId": "0151",
        "height": -0.441062,
        "coords2D": "2D: (397924.623, 808213.482)",
        "coords3D_original": "3D_Original: (-793548.981, 426441.300, 0.000)",
        "coords3D": "3D: (1.711, -12.677, -0.035)",
        "coordsMtEden": "MtEden: (397924.623, 808213.482, -0.441)",
        "easting": 397924.62330907636,
        "northing": 808213.4820973292,
        "longitude": 174.74090760175608,
        "latitude": -36.80570034012268,
        "group": "R3 - Orange (11 points)",
        "canvasX": 471.97982719247585,
        "canvasY": 644.3531513768869,
        "variant": "northing_easting_direct"
      }
    },
    {
      "type": "Feature",
      "geometry": {
        "type": "Point",
        "coordinates": [
          0.4972626817179844,
          -11.875288922688924,
          -0.05310695708
        ]
      },
      "properties": {
        "id": "3_9",
        "camera": "R3 - Orange (Point)",
        "frame": "0152",
        "image": "pano_camera0/frame_0152_hp_preview.jpg",
        "frameId": "0152",
        "height": -3.433546,
        "coords2D": "2D: (397923.410, 808214.284)",
        "coords3D_original": "3D_Original: (-793548.981, 426441.300, 0.000)",
        "coords3D": "3D: (0.497, -11.875, -0.053)",
        "coordsMtEden": "MtEden: (397923.410, 808214.284, -3.434)",
        "easting": 397923.4097626817,
        "northing": 808214.2837110773,
        "longitude": 174.74089400354268,
        "latitude": -36.80569311330309,
        "group": "R3 - Orange (11 points)",
        "canvasX": 452.0993833096409,
        "canvasY": 631.2210311673796,
        "variant": "northing_easting_direct"
      }
    },
    {
      "type": "Feature",
      "geometry": {
        "type": "Point",
        "coordinates": [
          0.3910459410981275,
          -11.68838110123761,
          0.10677821863999999
        ]
      },
      "properties": {
        "id": "3_10",
        "camera": "R3 - Orange (End)",
        "frame": "0153",
        "image": "pano_camera0/frame_0153_hp_preview.jpg",
        "frameId": "0153",
        "height": -3.683562,
        "coords2D": "2D: (397923.304, 808214.471)",
        "coords3D_original": "3D_Original: (-793548.981, 426441.300, 0.000)",
        "coords3D": "3D: (0.391, -11.688, 0.107)",
        "coordsMtEden": "MtEden: (397923.304, 808214.471, -3.684)",
        "easting": 397923.3035459411,
        "northing": 808214.4706188987,
        "longitude": 174.74089281366534,
        "latitude": -36.805691428653155,
        "group": "R3 - Orange (11 points)",
        "canvasX": 450.35932956277134,
        "canvasY": 628.1590877011306,
        "variant": "northing_easting_direct"
      }
    },
    {
      "type": "Feature",
      "geometry": {
        "type": "Point",
        "coordinates": [
          9.713838568422943,
          -11.802501441445202,
          -0.23363517807999998
        ]
      },
      "properties": {
        "id": "4_0",
        "camera": "R4 - Purple (Start)",
        "frame": "0130",
        "image": "pano_camera0/frame_0130_hp_preview.jpg",
        "frameId": "0130",
        "height": 5.109381,
        "coords2D": "2D: (397932.626, 808214.356)",
        "coords3D_original": "3D_Original: (-793548.981, 426441.300, 0.000)",
        "coords3D": "3D: (9.714, -11.803, -0.234)",
        "coordsMtEden": "MtEden: (397932.626, 808214.356, 5.109)",
        "easting": 397932.6263385684,
        "northing": 808214.3564985585,
        "longitude": 174.74099729530258,
        "latitude": -36.805692477508366,
        "group": "R4 - Purple (10 points)",
        "canvasX": 603.0862928493116,
        "canvasY": 630.0286190414839,
        "variant": "northing_easting_direct"
      }
    },
    {
      "type": "Feature",
      "geometry": {
        "type": "Point",
        "coordinates": [
          8.294847017445136,
          -12.154379459912889,
          -0.05659777084
        ]
      },
      "properties": {
        "id": "4_1",
        "camera": "R4 - Purple (Point)",
        "frame": "0131",
        "image": "pano_camera0/frame_0131_hp_preview.jpg",
        "frameId": "0131",
        "height": 3.386891,
        "coords2D": "2D: (397931.207, 808214.005)",
        "coords3D_original": "3D_Original: (-793548.981, 426441.300, 0.000)",
        "coords3D": "3D: (8.295, -12.154, -0.057)",
        "coordsMtEden": "MtEden: (397931.207, 808214.005, 3.387)",
        "easting": 397931.2073470174,
        "northing": 808214.0046205401,
        "longitude": 174.74098139149336,
        "latitude": -36.80569564554088,
        "group": "R4 - Purple (10 points)",
        "canvasX": 579.8402249411351,
        "canvasY": 635.7931215211439,
        "variant": "northing_easting_direct"
      }
    },
    {
      "type": "Feature",
      "geometry": {
        "type": "Point",
        "coordinates": [
          7.482488918234594,
          -12.165568873402663,
          0.00796587952
        ]
      },
      "properties": {
        "id": "4_2",
        "camera": "R4 - Purple (Point)",
        "frame": "0132",
        "image": "pano_camera0/frame_0132_hp_preview.jpg",
        "frameId": "0132",
        "height": 2.298419,
        "coords2D": "2D: (397930.395, 808213.993)",
        "coords3D_original": "3D_Original: (-793548.981, 426441.300, 0.000)",
        "coords3D": "3D: (7.482, -12.166, 0.008)",
        "coordsMtEden": "MtEden: (397930.395, 808213.993, 2.298)",
        "easting": 397930.3949889182,
        "northing": 808213.9934311266,
        "longitude": 174.74097228724236,
        "latitude": -36.805695744604904,
        "group": "R4 - Purple (10 points)",
        "canvasX": 566.532089648106,
        "canvasY": 635.976427661773,
        "variant": "northing_easting_direct"
      }
    },
    {
      "type": "Feature",
      "geometry": {
        "type": "Point",
        "coordinates": [
          7.356420850206632,
          -12.158792020753026,
          -0.07008858492
        ]
      },
      "properties": {
        "id": "4_3",
        "camera": "R4 - Purple (Point)",
        "frame": "0133",
        "image": "pano_camera0/frame_0133_hp_preview.jpg",
        "frameId": "0133",
        "height": 2.124921,
        "coords2D": "2D: (397930.269, 808214.000)",
        "coords3D_original": "3D_Original: (-793548.981, 426441.300, 0.000)",
        "coords3D": "3D: (7.356, -12.159, -0.070)",
        "coordsMtEden": "MtEden: (397930.269, 808214.000, 2.125)",
        "easting": 397930.2689208502,
        "northing": 808214.0002079792,
        "longitude": 174.74097087439682,
        "latitude": -36.805695683256225,
        "group": "R4 - Purple (10 points)",
        "canvasX": 564.4668293800585,
        "canvasY": 635.8654085535916,
        "variant": "northing_easting_direct"
      }
    },
    {
      "type": "Feature",
      "geometry": {
        "type": "Point",
        "coordinates": [
          6.376943110022694,
          -12.122448335052468,
          -0.08437664312
        ]
      },
      "properties": {
        "id": "4_4",
        "camera": "R4 - Purple (Point)",
        "frame": "0134",
        "image": "pano_camera0/frame_0134_hp_preview.jpg",
        "frameId": "0134",
        "height": 0.785714,
        "coords2D": "2D: (397929.289, 808214.037)",
        "coords3D_original": "3D_Original: (-793548.981, 426441.300, 0.000)",
        "coords3D": "3D: (6.377, -12.122, -0.084)",
        "coordsMtEden": "MtEden: (397929.289, 808214.037, 0.786)",
        "easting": 397929.28944311,
        "northing": 808214.0365516649,
        "longitude": 174.74095989733985,
        "latitude": -36.80569535358475,
        "group": "R4 - Purple (10 points)",
        "canvasX": 548.4209226601464,
        "canvasY": 635.2700224952929,
        "variant": "northing_easting_direct"
      }
    },
    {
      "type": "Feature",
      "geometry": {
        "type": "Point",
        "coordinates": [
          5.30784563254565,
          -11.545103606418706,
          -0.44910762592000003
        ]
      },
      "properties": {
        "id": "4_5",
        "camera": "R4 - Purple (Middle)",
        "frame": "0135",
        "image": "pano_camera0/frame_0135_hp_preview.jpg",
        "frameId": "0135",
        "height": -0.965313,
        "coords2D": "2D: (397928.220, 808214.614)",
        "coords3D_original": "3D_Original: (-793548.981, 426441.300, 0.000)",
        "coords3D": "3D: (5.308, -11.545, -0.449)",
        "coordsMtEden": "MtEden: (397928.220, 808214.614, -0.965)",
        "easting": 397928.2203456325,
        "northing": 808214.6138963936,
        "longitude": 174.740947917373,
        "latitude": -36.80569014820408,
        "group": "R4 - Purple (10 points)",
        "canvasX": 530.9068560365962,
        "canvasY": 625.8119008040303,
        "variant": "northing_easting_direct"
      }
    },
    {
      "type": "Feature",
      "geometry": {
        "type": "Point",
        "coordinates": [
          5.043761409702711,
          -11.112175366375595,
          0.36148951288000003
        ]
      },
      "properties": {
        "id": "4_6",
        "camera": "R4 - Purple (Point)",
        "frame": "0136",
        "image": "pano_camera0/frame_0136_hp_preview.jpg",
        "frameId": "0136",
        "height": -1.554043,
        "coords2D": "2D: (397927.956, 808215.047)",
        "coords3D_original": "3D_Original: (-793548.981, 426441.300, 0.000)",
        "coords3D": "3D: (5.044, -11.112, 0.361)",
        "coordsMtEden": "MtEden: (397927.956, 808215.047, -1.554)",
        "easting": 397927.9562614097,
        "northing": 808215.0468246336,
        "longitude": 174.7409449589193,
        "latitude": -36.80568624606833,
        "group": "R4 - Purple (10 points)",
        "canvasX": 526.5806006951073,
        "canvasY": 618.7196251244438,
        "variant": "northing_easting_direct"
      }
    },
    {
      "type": "Feature",
      "geometry": {
        "type": "Point",
        "coordinates": [
          4.678994187328499,
          -10.111843424616382,
          0.32395998412
        ]
      },
      "properties": {
        "id": "4_7",
        "camera": "R4 - Purple (Point)",
        "frame": "0137",
        "image": "pano_camera0/frame_0137_hp_preview.jpg",
        "frameId": "0137",
        "height": -2.583704,
        "coords2D": "2D: (397927.591, 808216.047)",
        "coords3D_original": "3D_Original: (-793548.981, 426441.300, 0.000)",
        "coords3D": "3D: (4.679, -10.112, 0.324)",
        "coordsMtEden": "MtEden: (397927.591, 808216.047, -2.584)",
        "easting": 397927.5914941873,
        "northing": 808216.0471565754,
        "longitude": 174.7409408736408,
        "latitude": -36.805677230258745,
        "group": "R4 - Purple (10 points)",
        "canvasX": 520.6049459303405,
        "canvasY": 602.3320826949835,
        "variant": "northing_easting_direct"
      }
    },
    {
      "type": "Feature",
      "geometry": {
        "type": "Point",
        "coordinates": [
          4.288202206371352,
          -9.614278896478936,
          0.16820538596
        ]
      },
      "properties": {
        "id": "4_8",
        "camera": "R4 - Purple (Point)",
        "frame": "0138",
        "image": "pano_camera0/frame_0138_hp_preview.jpg",
        "frameId": "0138",
        "height": -3.377924,
        "coords2D": "2D: (397927.201, 808216.545)",
        "coords3D_original": "3D_Original: (-793548.981, 426441.300, 0.000)",
        "coords3D": "3D: (4.288, -9.614, 0.168)",
        "coordsMtEden": "MtEden: (397927.201, 808216.545, -3.378)",
        "easting": 397927.20070220635,
        "northing": 808216.5447211035,
        "longitude": 174.74093649533125,
        "latitude": -36.80567274534196,
        "group": "R4 - Purple (10 points)",
        "canvasX": 514.2029508511002,
        "canvasY": 594.1809285853516,
        "variant": "northing_easting_direct"
      }
    },
    {
      "type": "Feature",
      "geometry": {
        "type": "Point",
        "coordinates": [
          3.577245223976206,
          -9.266529588960111,
          0.14385827231999998
        ]
      },
      "properties": {
        "id": "4_9",
        "camera": "R4 - Purple (End)",
        "frame": "0139",
        "image": "pano_camera0/frame_0139_hp_preview.jpg",
        "frameId": "0139",
        "height": -4.522898,
        "coords2D": "2D: (397926.490, 808216.892)",
        "coords3D_original": "3D_Original: (-793548.981, 426441.300, 0.000)",
        "coords3D": "3D: (3.577, -9.267, 0.144)",
        "coordsMtEden": "MtEden: (397926.490, 808216.892, -4.523)",
        "easting": 397926.48974522395,
        "northing": 808216.892470411,
        "longitude": 174.74092852847772,
        "latitude": -36.8056696098617,
        "group": "R4 - Purple (10 points)",
        "canvasX": 502.55597925266926,
        "canvasY": 588.4840630818329,
        "variant": "northing_easting_direct"
      }
    }
  ],
  "properties": {
    "name": "Camera Positions - northing_easting_direct",
    "description": "Use northing/easting directly with base point subtraction",
    "timestamp": "2025-10-21T03:34:33.033Z",
    "variant": "northing_easting_direct"
  }
}