{
  "floorplan_bounds": [
    [
      174.7265625,
      -36.77409249464195
    ],
    [
      174.7705078125,
      -36.77409249464195
    ],
    [
      174.7705078125,
      -36.79169061907076
    ],
    [
      174.7265625,
      -36.79169061907076
    ]
  ],
  "corners": {
    "topLeft": [
      174.7265625,
      -36.77409249464195
    ],
    "topRight": [
      174.7705078125,
      -36.77409249464195
    ],
    "bottomRight": [
      174.7705078125,
      -36.79169061907076
    ],
    "bottomLeft": [
      174.7265625,
      -36.79169061907076
    ]
  },
  "bounds": {
    "min_lng": 174.7265625,
    "max_lng": 174.7705078125,
    "min_lat": -36.79169061907076,
    "max_lat": -36.77409249464195
  }
}