4582
-1.609385 3.430567 -0.461137 33 33 33 33
-17.514826 17.070016 2.808222 169 169 169 169
-3.818018 1.873843 -0.543019 37 37 37 37
-3.787255 1.844355 -0.601332 9 9 9 9
0.570244 -3.541490 -0.959965 61 61 61 61
-1.030705 1.585959 -0.649646 143 143 143 143
4.564411 0.463257 -0.115822 60 60 60 60
-1.830378 3.855550 -0.432890 159 159 159 159
-0.563891 -1.678368 0.542128 251 251 251 251
-3.819246 4.808790 -0.513749 194 194 194 194
-3.678863 1.703959 -0.709016 120 120 120 120
-1.851798 3.792980 0.019556 100 100 100 100
-0.075059 -0.452963 -0.516943 184 184 184 184
2.230304 3.101217 0.849075 57 57 57 57
-1.813559 3.754813 -0.075143 122 122 122 122
-3.844247 1.951648 -0.695827 249 249 249 249
-0.256937 1.525167 -0.301855 209 209 209 209
-3.039855 2.816627 -1.298959 70 70 70 70
-1.943879 3.931527 -0.146948 179 179 179 179
-3.831678 1.928528 -0.718026 250 250 250 250
-1.091508 1.956600 -1.021708 57 57 57 57
-2.069848 4.086799 -0.131416 203 203 203 203
-2.097001 4.125716 -0.136687 173 173 173 173
-0.299254 -1.489806 -0.268372 254 254 254 254
-4.729822 3.862163 0.226487 176 176 176 176
-4.101534 4.549807 -0.129316 8 8 8 8
-1.553328 3.447648 -0.154381 27 27 27 27
3.078890 -0.213752 0.616895 104 104 104 104
-2.608247 3.071170 0.364159 149 149 149 149
-1.294248 3.136130 -0.213656 58 58 58 58
-6.012958 4.533480 -0.539868 179 179 179 179
-0.925070 2.575642 -1.059563 176 176 176 176
-1.673244 3.764904 -0.941180 103 103 103 103
-2.299491 1.532894 -1.395532 250 250 250 250
1.707900 -0.917234 -0.562092 98 98 98 98
-1.637879 3.636425 -0.606797 165 165 165 165
-3.570303 1.588869 -0.659982 225 225 225 225
-3.503667 2.357888 0.249481 219 219 219 219
-2.106529 4.247846 -0.647335 188 188 188 188
-0.279825 0.606219 -0.198802 203 203 203 203
-1.809477 3.906145 -0.793914 165 165 165 165
-2.966159 1.731002 0.118683 244 244 244 244
-1.466191 3.381262 -0.421050 69 69 69 69
-3.440460 5.140200 -0.828690 166 166 166 166
-1.312669 3.223935 -0.459265 174 174 174 174
-4.075821 3.463203 0.419666 158 158 158 158
-4.272476 4.196679 0.337990 107 107 107 107
-1.670506 3.737210 -0.909312 102 102 102 102
1.246669 -1.807314 0.501834 96 96 96 96
-2.106959 4.115203 -0.448728 80 80 80 80
0.019629 -0.475570 -0.483873 147 147 147 147
1.788354 1.419870 0.239656 245 245 245 245
1.354830 -2.060013 -0.779566 138 138 138 138
-1.870459 3.801005 0.050634 37 37 37 37
-4.320397 4.974264 -0.751103 212 212 212 212
-2.980478 1.203680 -1.045389 120 120 120 120
-1.671315 3.594670 -0.138136 166 166 166 166
0.580640 1.785782 -0.029572 6 6 6 6
1.771935 -1.262157 -0.488078 231 231 231 231
-1.976481 4.128741 -0.796777 166 166 166 166
2.509668 2.067273 0.496926 243 243 243 243
-3.739356 2.042034 -1.413623 193 193 193 193
-2.195342 4.216389 0.008928 68 68 68 68
-3.653386 1.895299 -1.371299 111 111 111 111
-1.370271 0.445526 0.833104 241 241 241 241
5.515287 -0.586556 0.723886 94 94 94 94
2.028198 0.252217 0.507146 119 119 119 119
-2.013224 4.016853 -0.154422 156 156 156 156
-1.819482 3.799423 -0.248281 151 151 151 151
-1.765441 3.749389 -0.324009 50 50 50 50
-1.739968 3.730286 -0.344509 183 183 183 183
-2.564620 1.842093 -1.147195 48 48 48 48
2.308502 -0.473407 -0.174279 146 146 146 146
-1.792246 3.840387 -0.590384 118 118 118 118
0.224492 -0.230200 -0.138803 213 213 213 213
-3.780595 4.803897 -0.513807 69 69 69 69
-1.845617 3.919163 -0.707884 233 233 233 233
-1.180243 1.931288 -1.220009 228 228 228 228
-1.916006 4.059902 -0.800214 136 136 136 136
2.256930 3.297299 0.573377 143 143 143 143
-3.646634 1.696333 -0.618975 125 125 125 125
-3.720868 1.773976 -0.664407 248 248 248 248
2.572055 2.709078 1.273381 252 252 252 252
-1.539184 3.588013 -0.900507 142 142 142 142
-1.987438 4.073920 -0.542565 165 165 165 165
-3.897522 4.944454 -0.669289 124 124 124 124
-2.214873 4.240150 0.004033 178 178 178 178
-1.825840 3.789453 -0.147978 137 137 137 137
-1.165115 2.949692 0.072123 222 222 222 222
-1.540200 3.479963 -0.341756 112 112 112 112
-1.916783 3.904660 -0.166891 144 144 144 144
3.602031 1.704452 0.222565 130 130 130 130
-2.084862 4.069334 0.034122 176 176 176 176
2.869004 1.470252 1.258488 154 154 154 154
-0.312105 -0.574459 -0.241944 215 215 215 215
-2.092653 4.171010 -0.376973 79 79 79 79
-3.757952 1.840197 -0.710659 37 37 37 37
1.925561 2.851594 0.647072 246 246 246 246
-1.891569 3.955604 -0.567300 101 101 101 101
1.369750 -0.322434 0.767141 97 97 97 97
0.448370 -0.869772 0.708896 189 189 189 189
2.365989 -0.402346 -0.231883 169 169 169 169
2.052001 -0.761741 -0.237266 155 155 155 155
-1.519965 3.578477 -0.939470 138 138 138 138
-1.665790 3.587451 -0.061877 140 140 140 140
-0.217769 -0.560951 -0.361168 7 7 7 7
-1.377710 3.229280 -0.220139 161 161 161 161
-1.751301 3.725010 -0.274913 148 148 148 148
1.303762 -0.328916 0.848274 204 204 204 204
-2.125667 4.083420 -0.080621 141 141 141 141
-1.553253 3.480794 -0.348141 111 111 111 111
-0.891599 2.654275 -1.177622 219 219 219 219
-1.248328 3.050424 -0.066222 89 89 89 89
-1.395292 3.263143 -0.190899 163 163 163 163
-3.533361 4.729797 0.647329 136 136 136 136
0.500719 -3.572914 -0.715127 231 231 231 231
-1.744120 3.680969 -0.130550 27 27 27 27
-1.412461 3.394509 -0.715937 132 132 132 132
0.001158 -1.082552 -1.372560 18 18 18 18
-1.506185 3.432331 -0.356748 64 64 64 64
0.005852 -0.688839 -0.455559 229 229 229 229
-1.271380 3.277482 -0.959149 160 160 160 160
-17.964523 18.628912 3.273007 189 189 189 189
-1.829612 3.770827 0.008598 15 15 15 15
3.458960 3.552057 0.982648 64 64 64 64
-4.089261 4.462319 0.020596 86 86 86 86
-3.780639 4.704587 0.202332 248 248 248 248
-8.229486 7.319178 0.097571 114 114 114 114
-1.096312 -5.746037 -0.381137 67 67 67 67
1.716926 -0.478759 0.826146 100 100 100 100
-3.251894 3.071316 -1.231436 177 177 177 177
-2.932695 5.206624 -0.221064 164 164 164 164
3.204028 -0.223722 0.279820 202 202 202 202
-1.313726 3.281516 -0.760112 27 27 27 27
-8.267136 7.725673 -0.272603 159 159 159 159
2.482083 -0.445862 -0.152485 45 45 45 45
-2.220617 0.582600 -1.674672 58 58 58 58
-2.102018 4.238024 -0.631140 2 2 2 2
-0.572360 2.309280 -0.011266 158 158 158 158
-1.798482 3.875761 -0.706070 123 123 123 123
-1.742561 3.710052 -0.286706 119 119 119 119
-3.427839 4.789353 -0.921446 102 102 102 102
2.110176 3.195115 1.610530 1 1 1 1
-1.236786 1.025139 -1.601131 253 253 253 253
-1.489203 3.468026 -0.638040 179 179 179 179
1.844300 -3.034106 -0.870270 35 35 35 35
-1.602259 3.664025 -0.902527 157 157 157 157
5.659924 1.267677 0.671916 9 9 9 9
-2.019076 3.994123 -0.011433 160 160 160 160
-3.374417 3.548737 -1.162391 147 147 147 147
2.198149 -0.577385 -0.192164 4 4 4 4
-1.795006 3.804717 -0.367566 162 162 162 162
1.889202 -0.653271 0.801208 0 0 0 0
0.713199 -2.719757 -0.551636 10 10 10 10
-3.894717 4.646891 -0.080671 193 193 193 193
-1.960305 4.093096 -0.835286 77 77 77 77
-1.481228 3.529998 -0.996919 93 93 93 93
2.037073 -0.785395 -0.254084 155 155 155 155
-3.808408 1.884129 -0.657282 129 129 129 129
-2.015908 4.020134 -0.101656 149 149 149 149
-1.880246 3.871753 -0.221534 107 107 107 107
-2.736482 3.269778 0.419356 88 88 88 88
-1.926078 3.901564 -0.288064 109 109 109 109
-1.948693 3.975794 -0.329767 149 149 149 149
5.667077 1.173131 0.338495 140 140 140 140
-1.852690 3.975876 -0.788454 136 136 136 136
-1.871126 3.964756 -0.818578 145 145 145 145
-0.019646 -4.638760 -0.825545 172 172 172 172
-0.307043 1.674038 0.327300 2 2 2 2
-1.630755 3.703881 -0.949253 68 68 68 68
3.216662 3.669340 1.124238 191 191 191 191
-3.098098 2.315821 -1.343325 151 151 151 151
-1.827687 -0.644096 -0.365161 177 177 177 177
-1.759913 3.752525 -0.356877 73 73 73 73
-2.035447 4.043071 -0.449818 99 99 99 99
2.422938 -0.422518 -0.134177 247 247 247 247
2.576396 2.772277 0.862069 207 207 207 207
-2.988950 2.113392 -1.441078 162 162 162 162
-1.604074 3.669713 -0.949595 58 58 58 58
-1.549009 3.500757 -0.484262 139 139 139 139
-1.644375 3.616375 -0.377619 164 164 164 164
-3.788455 1.871464 -0.733903 39 39 39 39
1.733128 -0.895194 -0.518722 104 104 104 104
-4.455712 3.355002 -1.220671 130 130 130 130
-1.256904 3.286603 -1.062592 99 99 99 99
-4.139357 4.979837 -0.695200 193 193 193 193
-0.255836 -1.237113 -1.361285 167 167 167 167
2.190334 -0.892126 -0.007923 136 136 136 136
-0.747426 0.166120 -0.050484 77 77 77 77
-1.731339 3.807590 -0.893003 187 187 187 187
-1.489348 -0.431889 -2.065648 67 67 67 67
-2.112292 4.087481 -0.551017 131 131 131 131
-0.072978 -0.481018 -0.499411 43 43 43 43
-0.929915 2.514298 -0.702670 34 34 34 34
2.535736 2.658850 1.457894 224 224 224 224
-1.719880 3.626671 0.001985 164 164 164 164
-3.495029 5.005427 -0.883601 219 219 219 219
-1.263177 3.271892 -1.016672 36 36 36 36
0.283101 -0.272674 -0.450807 155 155 155 155
0.411638 -1.653858 -0.339245 38 38 38 38
-1.767452 3.862058 -0.845033 127 127 127 127
-0.881906 2.673680 -1.203878 20 20 20 20
-1.180453 -0.195875 -0.368603 15 15 15 15
-2.870959 1.411000 -1.391681 211 211 211 211
-1.357016 -1.454547 -0.501944 152 152 152 152
-3.116470 3.981177 0.520140 187 187 187 187
-2.108300 4.257016 -0.717565 113 113 113 113
-6.633694 9.591537 0.067166 140 140 140 140
-3.688081 1.748271 -0.722094 246 246 246 246
0.102940 1.230840 -1.566110 229 229 229 229
-0.364408 -1.391700 -0.664941 50 50 50 50
2.290121 -0.436546 -0.172759 137 137 137 137
2.237493 -0.487941 -0.175971 165 165 165 165
-3.740928 1.780525 -0.598903 36 36 36 36
-8.262947 8.083721 0.112312 152 152 152 152
-0.151955 -1.171803 -0.156636 8 8 8 8
3.052296 2.665294 0.525280 89 89 89 89
-0.383527 -0.829041 0.711942 132 132 132 132
1.732907 0.757737 0.325093 3 3 3 3
-1.117242 2.818151 0.262907 11 11 11 11
2.032425 0.245447 0.526708 125 125 125 125
-1.809846 2.547454 0.286233 134 134 134 134
-1.685649 -0.567880 -0.146343 228 228 228 228
0.928643 2.447789 0.359164 181 181 181 181
-3.566681 1.569481 -0.669054 201 201 201 201
-3.531812 1.501370 -0.622413 113 113 113 113
-3.225222 3.394974 -1.179186 189 189 189 189
-1.433869 3.317302 -0.180231 53 53 53 53
4.297288 0.198813 0.111834 240 240 240 240
-1.943394 -0.532670 -0.620969 114 114 114 114
0.023458 -1.070326 -1.266822 167 167 167 167
-4.050236 4.988975 -0.701342 31 31 31 31
-8.323111 7.288328 0.081093 159 159 159 159
-0.493723 -1.864869 0.507728 217 217 217 217
-4.928200 3.537056 -0.846128 126 126 126 126
-4.423350 4.981571 -0.794127 244 244 244 244
-1.369146 0.313419 -1.706744 55 55 55 55
-4.605131 3.680191 1.122015 141 141 141 141
-4.322570 4.910141 -0.764014 209 209 209 209
5.411427 1.023637 0.673892 227 227 227 227
-4.747393 4.021386 -0.469968 236 236 236 236
-4.746786 3.690108 -0.984285 206 206 206 206
-3.553198 1.538099 -0.741343 117 117 117 117
-0.353530 0.377189 -0.286835 212 212 212 212
-6.043527 4.511004 -0.342193 169 169 169 169
-3.749354 4.750491 0.354482 141 141 141 141
-0.462901 0.870387 -0.187289 113 113 113 113
-1.340791 -0.186003 -0.654946 125 125 125 125
-3.004975 5.285831 -0.228846 82 82 82 82
-1.462889 3.433390 -0.512351 59 59 59 59
2.209610 -0.563643 -0.177889 3 3 3 3
4.248018 0.074770 0.090628 189 189 189 189
-1.746758 3.729204 -0.121066 180 180 180 180
-3.760172 4.674931 0.111494 140 140 140 140
-1.374933 3.284223 -0.900904 105 105 105 105
-1.010563 -0.150170 -0.643857 236 236 236 236
-2.063972 4.051018 -0.341440 166 166 166 166
-0.202507 -0.781434 -0.546747 51 51 51 51
-1.040310 -0.078933 -0.045328 202 202 202 202
-1.915702 4.041228 -0.663073 151 151 151 151
0.736227 1.761231 0.007780 55 55 55 55
-2.215290 4.239466 0.004618 178 178 178 178
-1.318374 3.206222 -0.362532 99 99 99 99
-0.183902 -1.252692 -1.254945 203 203 203 203
0.874140 1.000622 -0.994335 17 17 17 17
-0.923010 0.088663 -0.017325 8 8 8 8
-0.599627 0.409892 -0.692435 84 84 84 84
-2.116260 4.197046 -0.525394 163 163 163 163
-0.875091 0.132194 -0.009483 16 16 16 16
-0.617632 0.330079 -0.113819 17 17 17 17
-2.701941 0.582666 -1.310281 1 1 1 1
-1.541176 0.079909 -1.512028 193 193 193 193
-1.995839 4.009156 -0.229714 162 162 162 162
-2.628519 0.531724 -1.337857 120 120 120 120
-0.921288 2.529926 -1.193324 157 157 157 157
-0.475941 -1.324172 -1.299348 148 148 148 148
-2.867566 1.618467 -1.519131 247 247 247 247
0.902706 1.725750 0.478520 2 2 2 2
-3.804257 1.858908 -0.546376 14 14 14 14
0.229556 1.203021 0.922081 124 124 124 124
-2.107580 4.144985 -0.153571 106 106 106 106
-3.616140 1.641194 -0.755082 247 247 247 247
-3.755427 1.805214 -0.592642 252 252 252 252
2.046814 -0.474327 0.813962 128 128 128 128
-3.732170 1.750168 -0.600832 238 238 238 238
-4.383947 2.822490 -1.117831 131 131 131 131
-4.785961 3.136934 -1.244334 248 248 248 248
-3.103485 4.133252 0.592730 130 130 130 130
2.177386 3.368763 1.019011 50 50 50 50
-3.040600 5.159713 0.498887 152 152 152 152
-2.797479 5.060573 -0.928188 124 124 124 124
-2.400737 3.251331 0.433512 213 213 213 213
3.629112 -3.827397 -0.085404 103 103 103 103
-0.913932 2.573741 -1.028893 147 147 147 147
-2.367136 0.410692 -1.379842 28 28 28 28
5.705953 1.003283 0.327582 140 140 140 140
-3.063868 2.745630 -1.260906 71 71 71 71
5.390722 0.603086 0.321709 254 254 254 254
-3.477951 1.468748 -0.796343 230 230 230 230
-3.315072 5.103907 -0.793540 122 122 122 122
-2.210141 3.549219 -1.137310 158 158 158 158
0.180834 -0.032455 0.875663 84 84 84 84
-4.149213 4.426785 -0.122426 210 210 210 210
-3.808371 4.697597 -0.618505 57 57 57 57
-2.111925 4.179297 -0.342471 69 69 69 69
-3.251313 5.354023 -0.733120 251 251 251 251
3.501721 1.719808 -0.036825 117 117 117 117
-3.414647 4.879838 0.572926 153 153 153 153
-4.230587 4.441145 -0.125708 189 189 189 189
-3.195527 2.093209 -0.667037 81 81 81 81
-2.053588 4.141116 -0.467014 84 84 84 84
-3.316164 -2.482180 0.360866 242 242 242 242
1.524377 -0.695425 -1.457912 17 17 17 17
-1.191668 1.903049 -1.031948 97 97 97 97
1.907479 -1.093863 0.022143 163 163 163 163
-2.664150 2.773054 -1.296336 171 171 171 171
-0.214850 0.530423 0.127166 33 33 33 33
-1.191304 1.897606 -0.986076 79 79 79 79
-3.798396 1.893705 -0.707759 250 250 250 250
-1.164118 -0.192799 -0.015318 173 173 173 173
-2.024695 3.545801 0.201804 48 48 48 48
-0.458793 1.977583 -0.653406 186 186 186 186
-1.816210 -1.030284 0.660928 25 25 25 25
-2.017295 -1.379230 -0.609223 111 111 111 111
-1.543451 1.815853 0.155526 203 203 203 203
-1.413478 -0.239221 -0.659850 131 131 131 131
-0.065778 -1.755860 -0.259592 107 107 107 107
-0.424412 -0.359594 -0.684908 113 113 113 113
-3.772470 1.827350 -0.546112 10 10 10 10
0.026381 -1.055741 -0.269552 158 158 158 158
-3.817609 1.924053 -0.721744 234 234 234 234
-3.833878 1.938560 -0.698248 200 200 200 200
-4.103848 4.391270 -0.126277 194 194 194 194
5.658285 1.070582 0.078945 102 102 102 102
-0.161139 0.088519 0.826084 97 97 97 97
-1.662420 3.630184 -0.319397 53 53 53 53
-3.506565 4.709224 -0.923827 68 68 68 68
6.464285 0.513869 0.376501 156 156 156 156
-1.807424 3.923285 -0.859115 170 170 170 170
-15.698624 14.505844 2.270429 95 95 95 95
-2.796482 2.535997 -1.343818 98 98 98 98
6.228984 0.228331 0.991471 79 79 79 79
-1.682089 3.621444 -0.155407 164 164 164 164
-1.502764 3.408087 -0.362353 64 64 64 64
-1.189874 1.963137 -1.244301 214 214 214 214
-0.213793 -2.515897 -1.387982 119 119 119 119
0.078031 1.099925 -0.264580 239 239 239 239
-3.822276 3.612516 -1.167074 76 76 76 76
5.238043 0.628429 -0.003878 22 22 22 22
-0.352405 -0.524850 -0.503210 226 226 226 226
2.233187 -0.717887 -0.193911 65 65 65 65
-0.853812 2.462908 -1.030608 30 30 30 30
-0.970712 0.015475 -0.053077 237 237 237 237
-2.993166 5.246690 -0.802553 70 70 70 70
0.239303 0.028352 -0.211622 30 30 30 30
-1.455943 2.138869 -1.363846 56 56 56 56
-0.232652 0.612228 -0.129871 226 226 226 226
-3.826225 1.866881 -0.522337 32 32 32 32
-1.293008 3.219861 -0.595842 140 140 140 140
-0.415895 0.531283 -0.290351 206 206 206 206
-2.231113 4.283621 -0.066979 136 136 136 136
-2.242135 4.425174 -0.775028 121 121 121 121
-2.876512 3.093431 -1.238513 68 68 68 68
-1.787354 -0.628229 -0.831682 129 129 129 129
-2.838090 5.086574 0.128928 150 150 150 150
3.073602 2.629754 0.712042 252 252 252 252
-0.849411 2.764467 -1.320110 139 139 139 139
-4.410745 4.964425 -0.781768 210 210 210 210
-0.205459 -0.376718 -0.773629 140 140 140 140
-4.415156 2.881736 -1.319868 92 92 92 92
-0.351309 1.548188 -0.329724 41 41 41 41
-1.835558 3.843229 -0.367309 184 184 184 184
1.031581 1.888109 0.325443 9 9 9 9
-3.640597 1.709890 -0.727692 194 194 194 194
-3.229683 3.425154 -1.190952 31 31 31 31
-2.662807 4.029089 -1.057692 110 110 110 110
-1.407269 -0.350481 -0.155837 206 206 206 206
-1.824554 3.886936 -0.628184 110 110 110 110
-0.039287 -0.163692 -0.460100 146 146 146 146
-1.958452 0.110274 -1.450226 235 235 235 235
5.621320 0.179123 -0.239260 8 8 8 8
-0.191932 -1.286304 -1.331141 72 72 72 72
-2.849255 1.010527 -1.662252 77 77 77 77
1.650975 -0.815813 -0.495098 131 131 131 131
1.982797 -1.473379 -1.386613 1 1 1 1
-0.485999 0.294499 -0.320758 112 112 112 112
1.589536 3.081369 0.975106 207 207 207 207
-1.606982 -0.466462 -0.295884 77 77 77 77
1.446908 0.571576 -0.007808 250 250 250 250
2.234832 -0.556618 -0.403595 142 142 142 142
-2.725684 3.268300 0.423927 210 210 210 210
-0.422424 0.468640 -0.292990 221 221 221 221
-0.517898 0.867378 -0.295863 247 247 247 247
0.034100 1.153642 -0.177388 7 7 7 7
-0.666713 1.193190 -0.585493 100 100 100 100
5.690862 1.144567 0.409529 92 92 92 92
-0.610443 0.298657 0.018196 234 234 234 234
-1.233765 -0.160604 -0.167793 91 91 91 91
0.583344 -1.230342 -1.662328 13 13 13 13
-0.499455 0.473829 -0.609569 123 123 123 123
-2.667094 1.780029 0.140564 112 112 112 112
5.225723 0.201149 0.993341 242 242 242 242
0.527091 -1.008496 -1.481199 0 0 0 0
-0.685334 0.220399 -0.007838 235 235 235 235
-3.724143 3.484060 -1.182933 108 108 108 108
-0.032976 1.256499 -0.088617 238 238 238 238
-0.069146 1.335350 -0.255681 3 3 3 3
-0.283036 1.707542 0.355241 2 2 2 2
0.032816 1.207905 -1.527256 174 174 174 174
-0.781316 0.193151 -0.096692 95 95 95 95
-0.709401 2.033515 -0.744838 208 208 208 208
-1.166923 1.820886 -0.978097 104 104 104 104
-4.044340 5.016746 -0.710866 30 30 30 30
-1.296850 3.317396 -1.021115 49 49 49 49
-0.553964 0.117959 0.347912 195 195 195 195
4.013039 -0.280235 0.112858 0 0 0 0
-3.746211 1.842040 -0.709082 87 87 87 87
1.682783 2.952460 0.723709 106 106 106 106
-8.378535 8.128974 0.300365 89 89 89 89
-2.777242 3.311738 -1.186130 164 164 164 164
-3.594260 3.689141 -1.137227 62 62 62 62
-1.033591 1.611471 -0.613620 83 83 83 83
-1.458005 2.252414 -1.386393 173 173 173 173
1.939846 -0.750253 -0.521593 1 1 1 1
-0.244941 1.519793 -0.266635 44 44 44 44
-2.019563 4.024037 -0.185662 156 156 156 156
-0.596046 0.283320 -0.222143 196 196 196 196
1.247809 -2.495983 -0.544222 137 137 137 137
-0.178720 1.290809 -0.261125 10 10 10 10
-1.295194 3.255378 -0.887432 140 140 140 140
-4.810441 3.271663 -1.291532 100 100 100 100
-1.290275 3.202784 -0.537502 154 154 154 154
-2.633108 4.860461 -0.362631 200 200 200 200
-2.494538 3.311850 -1.203289 97 97 97 97
-2.022574 4.076578 -0.343697 149 149 149 149
-2.829872 2.966432 -1.265609 185 185 185 185
-2.802500 0.914003 -1.678224 127 127 127 127
-0.587559 1.137429 1.162130 93 93 93 93
6.465933 4.881216 0.584414 0 0 0 0
-1.490333 3.494816 -0.733138 164 164 164 164
-0.163109 -1.193649 -0.229009 17 17 17 17
-3.256529 5.079539 0.417506 153 153 153 153
0.140951 1.097338 0.001974 4 4 4 4
-2.909498 5.103814 0.154187 79 79 79 79
1.001647 -1.591140 -0.620526 147 147 147 147
3.647444 3.353343 1.497577 133 133 133 133
-0.454604 0.432372 -0.272118 210 210 210 210
5.397200 0.688163 0.261239 2 2 2 2
0.599387 2.172779 0.565535 120 120 120 120
2.495154 -0.122253 0.895759 133 133 133 133
3.038022 2.947102 0.800140 113 113 113 113
-3.863952 1.911765 -0.519863 19 19 19 19
-4.057475 1.256421 -0.777928 23 23 23 23
-2.312232 -6.639705 -0.685839 165 165 165 165
-0.593690 0.247175 0.056000 2 2 2 2
-3.782723 4.670733 0.411879 214 214 214 214
-2.074408 4.212124 -0.727587 147 147 147 147
-0.232865 -0.087339 -1.845398 6 6 6 6
-3.004322 5.290046 -0.184720 167 167 167 167
-2.890353 5.278976 -0.796089 183 183 183 183
4.326203 -0.110944 0.710688 16 16 16 16
-3.214297 5.314359 -0.540023 57 57 57 57
1.458891 -0.459240 0.726060 223 223 223 223
-3.208787 3.317855 -1.212178 19 19 19 19
-2.691389 4.959908 -0.771532 130 130 130 130
-4.401099 4.968258 -0.771057 169 169 169 169
-2.543016 -6.729197 -0.730762 204 204 204 204
2.993603 -0.014553 -0.379520 134 134 134 134
3.501414 -0.559585 0.359071 75 75 75 75
-3.281210 5.083988 0.609116 136 136 136 136
-3.815324 4.554073 -1.005073 131 131 131 131
-0.446822 0.830990 -1.640907 65 65 65 65
-3.421376 3.257705 -1.233440 197 197 197 197
-4.036802 3.548326 -1.186320 111 111 111 111
1.948035 -1.142679 0.554371 158 158 158 158
-3.595119 -1.477410 0.011675 149 149 149 149
0.249579 0.850985 0.258117 250 250 250 250
-0.738236 1.969676 -0.724192 185 185 185 185
2.530117 2.599192 1.443262 228 228 228 228
-1.772446 3.706668 -0.019298 181 181 181 181
-1.248227 0.595133 0.382292 101 101 101 101
-0.668667 1.315078 -0.655385 200 200 200 200
-0.530682 0.665764 -1.709409 139 139 139 139
-0.292182 0.429064 0.130325 29 29 29 29
-1.443675 2.135604 -1.400192 15 15 15 15
-0.626662 0.136676 -0.024645 29 29 29 29
0.167374 0.940154 0.220513 231 231 231 231
-1.275711 -0.156045 -0.209732 83 83 83 83
-0.595774 0.238621 0.108912 4 4 4 4
-0.333871 -1.374624 -1.296843 53 53 53 53
-0.183003 -1.113499 -1.654367 6 6 6 6
-0.287762 1.662725 0.367378 94 94 94 94
-0.612638 0.330473 0.029697 2 2 2 2
1.479311 0.865730 1.096127 158 158 158 158
-0.989131 1.859291 -1.227726 145 145 145 145
-1.396092 2.132503 -0.943855 66 66 66 66
-2.890447 -0.846459 -0.250441 20 20 20 20
-1.078336 1.505432 -0.824151 211 211 211 211
-7.950373 8.484270 0.387950 148 148 148 148
-1.302769 -0.234846 -0.405171 193 193 193 193
0.933439 7.815732 1.915080 245 245 245 245
0.465616 -1.315144 -0.652619 14 14 14 14
-1.537510 3.428720 -0.154692 183 183 183 183
-1.325795 -0.679287 -0.741553 135 135 135 135
-1.894308 4.022733 -0.886661 92 92 92 92
-1.258194 3.040218 -0.067938 81 81 81 81
-1.618715 3.507269 -0.033520 113 113 113 113
-0.375782 0.647312 0.034449 114 114 114 114
5.815330 0.926585 -0.048642 122 122 122 122
0.540168 -3.551959 -0.648039 2 2 2 2
-0.360970 0.559015 -0.280724 236 236 236 236
-1.026087 1.802894 -1.257466 133 133 133 133
1.108616 -4.072119 -0.143336 25 25 25 25
-0.159017 1.395973 -0.287690 182 182 182 182
0.132554 -3.298048 -0.223653 165 165 165 165
0.789666 -0.240532 -0.448712 75 75 75 75
7.366480 4.326609 3.208751 142 142 142 142
-3.452008 5.018435 0.154752 228 228 228 228
1.977606 -1.181525 0.600826 59 59 59 59
-2.029013 3.960327 0.123096 138 138 138 138
-1.509302 3.559957 -0.959513 149 149 149 149
-0.877077 2.400338 -0.775281 10 10 10 10
-1.361924 -1.168830 -1.160880 77 77 77 77
-2.186273 1.564211 -1.392022 30 30 30 30
-1.942063 3.995838 -0.423680 83 83 83 83
-0.516609 0.335927 0.092347 204 204 204 204
2.000570 -3.576028 0.158382 166 166 166 166
-1.050863 -0.053090 -0.148921 247 247 247 247
-1.389855 -0.406093 -0.093859 195 195 195 195
-2.000235 4.708458 0.341345 172 172 172 172
0.865518 1.884948 0.310009 235 235 235 235
-0.364142 -1.332479 -1.290791 42 42 42 42
2.415793 -0.638960 -0.125746 139 139 139 139
-1.757455 3.763618 -0.260795 106 106 106 106
-3.862838 4.757079 -0.913740 16 16 16 16
-3.435328 -2.551695 0.345724 223 223 223 223
-3.753261 1.882536 -1.336497 53 53 53 53
-3.191053 4.166791 0.584498 149 149 149 149
-3.592592 5.068673 -0.758120 154 154 154 154
-2.877691 3.298117 -1.224329 199 199 199 199
-2.306500 0.724281 -1.670315 255 255 255 255
-3.053984 5.212043 0.409955 105 105 105 105
3.158969 -0.199244 0.275513 37 37 37 37
-3.223550 4.967884 -0.897871 134 134 134 134
-2.788551 3.201553 -1.239843 125 125 125 125
-2.359488 3.692504 -1.130120 231 231 231 231
0.412392 0.943688 -0.192228 220 220 220 220
-1.292221 -0.492780 0.834068 106 106 106 106
-2.794306 3.072114 -1.276039 187 187 187 187
-0.582153 -1.124422 -2.084166 158 158 158 158
-1.356845 3.102083 0.088961 184 184 184 184
-35.864541 5.757462 -6.293961 0 0 0 0
-4.283744 4.403324 -0.409948 84 84 84 84
-2.185784 3.473343 -1.158195 99 99 99 99
0.540092 -3.104236 -0.981249 252 252 252 252
-30.949014 0.891465 1.417368 0 0 0 0
0.892522 -1.257970 -0.671584 157 157 157 157
-1.550398 1.813500 0.160959 166 166 166 166
1.021058 -4.077450 -0.079149 38 38 38 38
0.656662 -3.383792 -0.742555 176 176 176 176
-2.071257 3.183513 -1.219916 210 210 210 210
-2.529045 3.419229 0.470089 191 191 191 191
-2.203976 4.227711 -0.020013 186 186 186 186
0.721010 -0.822880 0.735471 220 220 220 220
0.534934 -0.253960 -0.457235 89 89 89 89
-1.766601 3.820420 -0.622658 85 85 85 85
-2.271289 0.892217 -0.005409 130 130 130 130
-0.866856 2.675187 -1.205939 9 9 9 9
0.071370 -1.729197 0.228764 85 85 85 85
2.381024 -0.480733 -0.058203 110 110 110 110
-0.209573 -1.222698 -1.524397 192 192 192 192
0.442644 -0.887457 -1.523908 202 202 202 202
1.408055 1.429202 0.295898 243 243 243 243
0.941297 -1.237068 -0.664974 146 146 146 146
-1.217304 -0.190224 -0.199830 82 82 82 82
-3.551405 5.073193 -0.787324 232 232 232 232
-0.753794 1.589595 0.310216 231 231 231 231
-0.886226 0.090734 -0.127789 33 33 33 33
-4.006240 4.917284 -0.680191 250 250 250 250
-2.099781 4.231281 -0.631620 21 21 21 21
-0.316768 -1.297613 -1.441945 102 102 102 102
-2.382933 -0.094685 -0.204824 23 23 23 23
1.819156 -3.590512 0.035401 131 131 131 131
-1.384812 1.987441 -0.781210 78 78 78 78
2.112552 -0.817238 -1.510049 183 183 183 183
-1.654355 -0.565929 -0.204097 34 34 34 34
4.439116 0.261339 -0.065219 175 175 175 175
-3.940732 6.001219 0.179628 193 193 193 193
-1.355761 2.185282 -0.783778 24 24 24 24
-3.434409 -1.099283 0.540872 80 80 80 80
-1.271245 -1.141383 -1.813690 175 175 175 175
-0.929360 2.500436 -0.886862 149 149 149 149
0.735205 1.823467 0.305777 43 43 43 43
-0.575190 -1.589644 -0.953595 159 159 159 159
-0.647354 -1.842038 -0.991096 143 143 143 143
-0.161497 -1.727559 -0.393512 99 99 99 99
-2.473249 0.571843 -1.528650 80 80 80 80
-2.752556 0.735709 -1.484420 133 133 133 133
2.204298 3.232123 0.922805 2 2 2 2
0.642550 0.515683 0.923988 24 24 24 24
-1.161185 2.919975 0.294650 24 24 24 24
0.082855 0.879272 0.213787 207 207 207 207
0.168127 1.509507 -1.196571 103 103 103 103
-0.488995 0.238341 0.092300 6 6 6 6
0.480953 -1.299293 -0.627550 19 19 19 19
-4.516645 3.673551 0.091253 172 172 172 172
-0.531299 0.022453 0.739503 125 125 125 125
-0.422188 -5.234860 -0.365555 221 221 221 221
-1.792959 -0.603420 -0.571993 126 126 126 126
-2.304920 -0.148826 -0.201634 99 99 99 99
-0.474603 -1.009468 0.012282 213 213 213 213
-0.272931 0.546239 -0.087099 212 212 212 212
-3.608829 5.154261 -0.770344 191 191 191 191
-0.360024 0.695557 -0.275078 202 202 202 202
3.569872 3.443847 1.468447 78 78 78 78
2.008251 -1.336032 -1.599311 168 168 168 168
-1.502559 -0.479659 -0.064838 209 209 209 209
-1.830286 -0.684986 -0.096162 223 223 223 223
4.532264 0.183117 -0.308233 125 125 125 125
-1.938269 2.336806 0.272746 235 235 235 235
0.205683 1.866807 -0.001707 180 180 180 180
-0.727495 1.222403 1.013394 212 212 212 212
5.309343 -0.441616 0.408324 137 137 137 137
-1.306781 -0.264309 -0.214486 75 75 75 75
-0.392711 -1.139036 0.652023 145 145 145 145
-1.866424 -0.665110 -0.464074 196 196 196 196
-1.241353 -0.250996 -0.056134 1 1 1 1
-0.670860 -1.625730 0.501232 2 2 2 2
-3.186398 4.311666 0.624758 123 123 123 123
-1.317127 -0.298173 -0.087358 179 179 179 179
-1.335854 3.284646 -0.600446 143 143 143 143
3.446421 3.940689 1.194131 196 196 196 196
1.997088 -3.164746 -0.292178 97 97 97 97
0.299012 -0.939545 -1.602052 181 181 181 181
1.778202 -1.391725 0.468499 176 176 176 176
-1.830723 -0.613472 -0.473698 63 63 63 63
2.375509 -1.685911 0.557630 97 97 97 97
-1.118682 0.081754 0.751142 79 79 79 79
-0.598033 -0.332016 -1.860919 244 244 244 244
2.552014 -1.466849 -0.913750 131 131 131 131
0.577463 -4.375571 -0.639237 74 74 74 74
2.041113 -3.092906 -0.362344 147 147 147 147
0.024122 -2.053376 -0.490596 239 239 239 239
-3.919526 1.943505 -0.607776 217 217 217 217
-0.938276 0.007560 -0.135723 209 209 209 209
0.517228 1.705251 1.117169 210 210 210 210
-1.945537 2.279277 0.248402 89 89 89 89
1.217650 -0.051724 0.885143 8 8 8 8
-1.310062 3.313965 -0.925046 155 155 155 155
-0.284400 -1.241389 -0.378380 156 156 156 156
-16.631777 -7.067292 1.444662 146 146 146 146
-2.570038 -4.253503 -0.730963 254 254 254 254
-1.844518 -1.064968 0.396508 247 247 247 247
-1.097521 0.993792 0.974339 212 212 212 212
-0.638668 -1.647339 -0.970012 132 132 132 132
0.495680 0.247998 -0.842526 108 108 108 108
-37.671410 4.835480 -8.226672 0 0 0 0
0.711760 0.264153 0.623182 154 154 154 154
0.693605 1.895147 0.215695 46 46 46 46
2.020604 -3.024664 -0.203080 226 226 226 226
-2.449621 0.642459 -0.870370 43 43 43 43
0.047505 1.172253 -1.544239 143 143 143 143
0.282107 1.698835 -1.557192 45 45 45 45
-1.839493 3.925577 -0.760115 189 189 189 189
0.169702 0.144464 -1.750608 130 130 130 130
-4.566541 4.909905 -0.833173 169 169 169 169
-0.762930 1.423010 -0.681649 97 97 97 97
-5.161889 3.605430 -1.094106 158 158 158 158
-2.162272 -1.328278 -0.109712 139 139 139 139
-2.773501 -3.254649 -0.387494 43 43 43 43
-3.963689 -0.725272 -0.148697 0 0 0 0
0.467407 0.235535 -1.010836 140 140 140 140
0.321885 0.184694 0.906178 61 61 61 61
-0.116456 -1.073778 -2.028665 243 243 243 243
-1.642797 -0.913969 0.715950 125 125 125 125
-1.977568 2.672904 -1.334032 153 153 153 153
-1.921363 -0.925150 0.598726 38 38 38 38
-0.574569 0.054942 0.897762 20 20 20 20
-3.539196 1.502323 -0.645935 17 17 17 17
0.592282 -2.138641 -0.428027 49 49 49 49
-1.904038 2.263679 0.253952 56 56 56 56
-3.773137 1.801495 -0.523579 81 81 81 81
-0.177905 -2.369238 -1.878526 145 145 145 145
-1.414477 2.167142 -0.894093 12 12 12 12
-1.892345 3.957100 -0.695145 66 66 66 66
0.519976 -4.468194 -0.429093 110 110 110 110
1.020451 2.348527 1.382250 142 142 142 142
-0.692644 2.285786 -0.073811 85 85 85 85
-1.386932 -0.343620 -0.122307 5 5 5 5
2.082933 3.303562 0.892850 156 156 156 156
-4.048842 4.496658 0.238721 171 171 171 171
0.146541 -0.711441 -1.634561 87 87 87 87
0.361726 -2.467570 0.385204 125 125 125 125
0.555164 -2.180521 -0.436066 32 32 32 32
0.523454 -2.405704 -0.537748 135 135 135 135
-1.405416 3.275550 -0.206376 155 155 155 155
2.236965 -2.856948 -0.310193 174 174 174 174
-1.953884 3.320705 -1.194679 110 110 110 110
-1.830544 -0.632492 -0.342219 214 214 214 214
-1.874271 3.962035 -0.696224 75 75 75 75
-0.647432 0.212398 0.135444 138 138 138 138
-3.780577 -1.325802 0.119139 134 134 134 134
-0.172458 -1.110814 -0.203988 90 90 90 90
-0.049801 -0.393353 -0.477379 71 71 71 71
-1.572345 0.060302 -0.304859 69 69 69 69
1.688300 -1.235612 -0.815670 244 244 244 244
-3.434372 3.250614 -1.196606 59 59 59 59
-0.494430 0.158315 0.643438 84 84 84 84
-1.925102 3.681610 0.297714 217 217 217 217
-3.637201 4.473833 -0.971554 121 121 121 121
-0.758053 2.339318 0.278849 90 90 90 90
-1.627206 0.435703 -1.331724 147 147 147 147
-1.147344 0.845533 -1.452028 160 160 160 160
1.523975 -0.262320 -1.387171 224 224 224 224
-0.469237 0.439045 -0.275593 255 255 255 255
0.142226 0.182200 -1.810379 16 16 16 16
-0.529432 0.084137 0.890447 145 145 145 145
4.621906 0.229117 -0.033932 126 126 126 126
-1.865922 -0.654474 -0.176907 191 191 191 191
-0.551329 0.159678 0.249696 188 188 188 188
-0.189950 0.248252 0.919054 117 117 117 117
0.032700 1.255810 -1.335879 131 131 131 131
-2.101813 -1.030452 0.674822 141 141 141 141
-5.574972 -2.796552 -0.426761 139 139 139 139
0.750475 0.388199 0.957296 99 99 99 99
-0.350174 0.445831 -0.071841 109 109 109 109
-3.508568 1.493843 -0.776495 253 253 253 253
-0.267522 0.473473 -0.192919 32 32 32 32
3.534392 3.334044 1.564582 161 161 161 161
-1.137981 -5.725358 -0.861089 179 179 179 179
0.574977 0.674475 1.001054 3 3 3 3
-0.558725 0.051940 0.694149 155 155 155 155
0.288537 1.024130 -0.494992 154 154 154 154
1.990268 0.706695 -0.260274 119 119 119 119
-4.866365 3.407113 -0.666434 52 52 52 52
0.085540 -0.897985 -1.717160 164 164 164 164
1.282084 -3.916058 -0.199565 133 133 133 133
-0.538541 0.191000 0.208593 47 47 47 47
-0.275946 0.501728 0.076386 237 237 237 237
-0.444158 0.021814 0.711115 100 100 100 100
-1.723941 3.646523 -0.111224 170 170 170 170
-2.394546 4.057687 -1.045288 134 134 134 134
-1.853957 -0.698454 -0.120194 100 100 100 100
2.888746 -2.366126 -0.186494 140 140 140 140
-1.808642 -0.668163 0.723247 104 104 104 104
4.772642 0.195571 -0.172129 190 190 190 190
-0.757220 0.152404 -0.326220 191 191 191 191
-0.827786 -1.334516 0.145795 199 199 199 199
-1.110584 2.829891 0.046326 165 165 165 165
1.138807 -3.968150 -0.481146 215 215 215 215
-0.673832 0.203799 -0.066932 57 57 57 57
-0.193245 1.593843 0.441045 105 105 105 105
2.361942 -0.328422 -0.392132 251 251 251 251
-1.589774 0.330386 -0.642695 135 135 135 135
1.236114 -0.543867 0.400191 196 196 196 196
-0.142551 -1.182546 -1.289065 14 14 14 14
-3.285649 4.377268 -0.987976 119 119 119 119
-1.962430 -0.936409 0.749977 117 117 117 117
1.189038 -4.113252 -0.119332 129 129 129 129
-1.011406 -1.500147 0.349806 177 177 177 177
0.848550 -1.534310 0.253532 128 128 128 128
-2.623992 4.957594 -0.863511 187 187 187 187
1.352502 2.125288 0.410732 135 135 135 135
-3.085199 5.275520 -0.403199 179 179 179 179
-1.858448 -0.675434 -0.468640 16 16 16 16
-0.192481 0.690255 -0.463809 94 94 94 94
-1.685853 -0.535755 -0.435304 131 131 131 131
-1.136619 -0.679170 0.708834 154 154 154 154
-0.352060 0.421732 0.076096 204 204 204 204
-3.034257 -2.547004 0.367994 102 102 102 102
1.433299 0.583901 -0.034122 6 6 6 6
-3.368852 4.903879 -0.881752 106 106 106 106
-2.396212 3.252402 0.402893 106 106 106 106
-4.960086 4.069135 0.287707 14 14 14 14
-4.813820 3.512954 -0.888590 148 148 148 148
3.515115 1.688975 0.352859 4 4 4 4
3.111653 -0.306362 0.924140 136 136 136 136
-0.571863 0.127381 0.935106 11 11 11 11
-1.629751 3.720825 -0.985763 47 47 47 47
-4.839382 3.450034 -0.763484 181 181 181 181
1.197561 -3.862342 -0.407603 130 130 130 130
-1.780417 3.737787 -0.264838 97 97 97 97
1.527667 1.439369 0.256298 115 115 115 115
1.073544 1.995846 1.342088 184 184 184 184
-3.758086 4.410056 -1.023093 129 129 129 129
-1.024361 -0.053563 -0.163176 50 50 50 50
1.877578 2.783420 0.675232 213 213 213 213
-1.496293 3.522882 -0.961734 141 141 141 141
2.206783 2.696284 1.476099 167 167 167 167
-1.354695 -0.342361 -0.424940 158 158 158 158
4.864316 -1.045039 0.645790 51 51 51 51
-0.603834 -0.349065 -1.491650 128 128 128 128
-5.206453 3.517061 0.172774 192 192 192 192
-1.624693 -0.873489 0.702445 140 140 140 140
-0.874442 -0.123265 0.868027 112 112 112 112
0.410439 0.694920 0.979225 113 113 113 113
-3.364226 5.060232 -0.868493 231 231 231 231
-37.490274 5.000340 -8.498595 0 0 0 0
1.549449 2.984891 0.989451 101 101 101 101
2.702098 1.618708 -0.028621 33 33 33 33
-1.487405 -0.386421 -0.438162 173 173 173 173
1.331270 -0.003544 0.714233 129 129 129 129
3.563695 1.946666 0.674685 245 245 245 245
-2.617424 -5.394454 -0.886791 204 204 204 204
-4.874781 -3.391004 -0.613418 201 201 201 201
-0.532552 0.161468 0.180027 127 127 127 127
2.327184 3.306076 0.929908 163 163 163 163
-1.615194 -0.503553 -0.145056 54 54 54 54
0.659826 -2.459869 -0.516472 235 235 235 235
-3.328310 2.361831 -0.781004 195 195 195 195
-1.170697 2.882361 0.297920 199 199 199 199
-4.241351 5.812076 0.919760 105 105 105 105
-1.759573 -0.649543 -0.251268 195 195 195 195
-0.547392 -0.416703 -1.579846 149 149 149 149
-2.335259 -6.594572 -0.503600 202 202 202 202
-1.380889 2.155963 -0.970917 162 162 162 162
-1.423490 -0.712583 0.778944 101 101 101 101
4.418016 2.042861 1.363287 109 109 109 109
0.462162 -1.417117 -0.313911 185 185 185 185
-0.877407 1.388500 -0.699693 186 186 186 186
-1.113684 -0.151806 -0.025526 2 2 2 2
-1.135850 -0.666117 0.741468 95 95 95 95
-1.243486 0.823732 0.465023 196 196 196 196
-0.939521 1.051237 -0.002570 171 171 171 171
-0.323438 -1.345539 -1.306699 162 162 162 162
-4.232662 5.181343 -0.656853 103 103 103 103
-0.346132 -1.344424 -1.557779 170 170 170 170
2.595749 -2.897698 -0.220827 136 136 136 136
-3.356521 4.098364 0.079824 133 133 133 133
-2.986827 1.058599 -0.841456 183 183 183 183
-4.535500 4.045925 -1.056100 76 76 76 76
-2.999069 5.327359 -0.549899 252 252 252 252
-1.405662 3.422402 -0.906124 147 147 147 147
-2.358624 3.457175 -1.142432 113 113 113 113
0.239010 -2.603041 0.318105 101 101 101 101
3.104435 2.650714 0.713432 134 134 134 134
-0.058170 1.327009 -1.172540 134 134 134 134
-1.265329 0.948474 -1.276651 98 98 98 98
-3.488335 3.146917 -1.268335 12 12 12 12
-0.539368 -1.438884 -0.908865 129 129 129 129
-0.943409 1.952206 -1.329430 214 214 214 214
-1.519092 1.983817 -1.344548 79 79 79 79
0.314801 0.157082 0.890011 175 175 175 175
-0.144213 -2.464131 -1.385023 136 136 136 136
0.789589 -3.134286 -0.814668 42 42 42 42
-0.595919 -1.913112 -0.993564 131 131 131 131
-3.217281 3.409095 -1.144538 69 69 69 69
-1.262323 -1.163984 -1.468711 96 96 96 96
-1.769845 0.045353 -1.535512 21 21 21 21
-1.668889 -0.401250 -0.723727 131 131 131 131
-0.521791 0.141509 0.270907 4 4 4 4
-1.560845 0.117810 -1.519048 192 192 192 192
-1.002146 -1.506532 -1.507737 139 139 139 139
-0.261695 -1.278062 -0.325745 20 20 20 20
-2.669335 2.910034 0.353187 142 142 142 142
2.700522 1.749486 -0.009002 210 210 210 210
4.013556 0.598433 1.079853 244 244 244 244
2.554705 2.026257 1.381847 210 210 210 210
-2.861871 3.334905 -1.182022 122 122 122 122
2.426138 3.657410 1.727952 129 129 129 129
-0.521827 0.384341 -0.580502 146 146 146 146
-1.282011 -0.317742 -0.188622 51 51 51 51
1.317181 2.088546 1.391451 127 127 127 127
-0.463782 0.341702 -0.793663 146 146 146 146
-0.177993 0.453557 0.204963 193 193 193 193
-1.822906 -0.692961 -0.350070 194 194 194 194
-11.559728 -9.489821 1.949173 95 95 95 95
3.112469 1.293335 1.236751 130 130 130 130
3.582543 -0.709983 -0.015021 9 9 9 9
-1.255173 -0.250221 -0.036432 0 0 0 0
-0.195853 0.504631 0.177555 31 31 31 31
-3.803621 2.094595 -1.487269 37 37 37 37
-3.463502 4.808774 0.617092 58 58 58 58
-0.540623 0.133271 0.376847 207 207 207 207
-1.405747 3.376588 -0.657688 141 141 141 141
-1.794619 3.880188 -0.802660 165 165 165 165
-0.757028 0.160126 -0.055516 40 40 40 40
-2.018809 4.032385 -0.177043 148 148 148 148
-4.821362 3.874039 -1.055974 172 172 172 172
-3.760126 4.734493 0.111888 35 35 35 35
-1.622983 3.492183 -0.063103 137 137 137 137
-1.863017 -1.086586 0.711306 204 204 204 204
5.546917 1.200210 0.227300 110 110 110 110
0.573654 2.110024 1.244969 147 147 147 147
4.191849 1.845776 1.368187 130 130 130 130
-0.217177 0.520543 0.198119 136 136 136 136
-0.256510 0.358313 -0.309091 136 136 136 136
-2.121203 4.224486 -0.562291 73 73 73 73
4.848207 1.756777 2.218694 136 136 136 136
0.420600 0.691722 1.040250 63 63 63 63
-1.597374 -0.024712 -0.375091 113 113 113 113
2.573392 -0.395095 -0.143368 80 80 80 80
-1.546490 -0.240623 -0.156197 143 143 143 143
0.371205 -1.285615 -1.134966 97 97 97 97
1.644512 -3.488251 -0.480579 128 128 128 128
-1.017738 -0.940068 -0.034921 181 181 181 181
0.000819 1.132136 0.119757 183 183 183 183
-1.394724 0.854531 -1.363531 47 47 47 47
-2.298246 -0.063957 0.248440 226 226 226 226
4.081136 -0.141830 0.079916 32 32 32 32
5.020555 0.447794 0.234633 31 31 31 31
2.595031 -1.967039 -1.717975 100 100 100 100
-3.457394 4.028831 0.563591 143 143 143 143
1.483912 -1.652975 -0.648158 106 106 106 106
-2.681230 -1.645973 -0.184903 129 129 129 129
0.544261 -0.138963 -0.414251 99 99 99 99
-0.569606 0.134265 0.263375 95 95 95 95
1.828729 -0.064681 0.778624 29 29 29 29
-1.584435 -0.209456 -0.618036 109 109 109 109
-0.556510 -0.546769 0.185614 54 54 54 54
-2.911437 2.063185 -1.364959 113 113 113 113
-1.832354 -0.646015 -0.314708 212 212 212 212
-1.718172 -0.664775 -0.462561 177 177 177 177
-1.530991 -0.444157 -0.116919 4 4 4 4
-1.020002 -1.200161 -0.214907 49 49 49 49
-0.253182 -1.255819 -1.399778 71 71 71 71
-4.491521 4.070209 -1.047891 163 163 163 163
-1.890737 3.883090 -0.203472 131 131 131 131
-1.593170 0.090173 -1.498465 127 127 127 127
0.238091 0.912512 0.194192 200 200 200 200
0.186392 -0.895616 -0.581765 248 248 248 248
-5.020915 3.162981 -0.310063 81 81 81 81
-2.859551 2.616930 -1.297444 94 94 94 94
-3.203611 4.265218 0.621872 152 152 152 152
-4.071045 2.789591 -1.268658 131 131 131 131
-3.555837 3.210623 -1.244077 144 144 144 144
-1.162199 2.708518 0.212979 109 109 109 109
-1.856101 3.743390 -0.218887 149 149 149 149
3.756339 3.445250 0.978060 123 123 123 123
-3.425570 5.017340 -0.863379 98 98 98 98
-0.318326 0.563109 0.156850 32 32 32 32
4.479051 -0.394979 0.861113 225 225 225 225
-2.713748 -3.425319 -0.410550 10 10 10 10
-3.188550 5.443338 -0.757452 241 241 241 241
-2.097311 4.105226 -0.031457 89 89 89 89
2.458442 -0.363362 -0.158019 114 114 114 114
-2.999535 -1.901794 0.392049 17 17 17 17
0.111956 1.699024 0.403791 144 144 144 144
-2.359652 -5.239062 -0.848741 219 219 219 219
-0.806347 0.180274 -0.220990 151 151 151 151
-0.363236 -1.327878 -1.253654 201 201 201 201
1.346504 -3.211193 -0.769172 38 38 38 38
-0.537888 -1.300742 -0.878267 170 170 170 170
-4.715963 3.954501 -0.324809 133 133 133 133
-0.685828 0.255973 0.010199 77 77 77 77
-0.032280 -5.171304 -0.299987 224 224 224 224
-1.026533 -0.818870 0.723997 97 97 97 97
1.205097 0.404456 0.906996 96 96 96 96
-3.191587 5.159966 0.334995 60 60 60 60
-3.792529 5.484042 -0.193363 38 38 38 38
-3.430337 3.376665 -1.198882 155 155 155 155
-0.870817 0.046870 -0.025401 68 68 68 68
1.843403 3.135282 1.421554 189 189 189 189
-3.385573 2.630654 0.274741 107 107 107 107
-2.936753 5.045524 -0.717897 113 113 113 113
0.142755 -1.038200 -1.416510 158 158 158 158
-1.706118 3.677504 -0.255410 155 155 155 155
-2.746425 3.578785 -1.200540 167 167 167 167
-2.180759 2.893295 -1.361575 104 104 104 104
-1.938160 -1.073016 0.505349 121 121 121 121
-0.477640 0.868319 -0.296478 0 0 0 0
-2.087127 4.097708 -1.043208 130 130 130 130
-0.000004 1.180229 -1.122008 167 167 167 167
-1.538038 3.477472 -0.369585 32 32 32 32
1.139101 -0.156608 -1.457673 139 139 139 139
-1.928236 0.868339 -0.008238 54 54 54 54
18.859983 -3.557813 4.138521 55 55 55 55
3.162829 -0.256570 0.566305 47 47 47 47
-1.085696 -0.125602 0.001845 191 191 191 191
-3.607925 3.540009 0.451140 31 31 31 31
-1.797677 -0.688278 -0.270016 31 31 31 31
1.305570 -1.046454 -0.594869 48 48 48 48
0.612166 -0.908287 -1.560116 1 1 1 1
-1.946856 3.865911 -0.359372 91 91 91 91
-1.290568 2.005489 -0.847459 250 250 250 250
-0.688330 1.142215 -0.355424 2 2 2 2
1.901087 3.354522 0.675704 9 9 9 9
-3.079534 5.231680 -0.574812 23 23 23 23
-0.379729 1.708156 -0.445249 9 9 9 9
-2.222572 4.245080 -0.026154 108 108 108 108
3.565918 4.382739 1.254881 198 198 198 198
-0.401610 0.774183 -0.519219 184 184 184 184
-3.680858 4.823933 -0.900086 149 149 149 149
2.265805 -0.128250 0.839532 115 115 115 115
-2.518993 4.500671 -1.008665 123 123 123 123
1.501649 1.499509 0.272373 10 10 10 10
-6.496417 9.380539 0.000013 76 76 76 76
-3.264801 2.680634 -1.272962 106 106 106 106
2.493180 -0.338047 -0.124762 143 143 143 143
0.822587 1.425044 1.255001 220 220 220 220
-0.250257 -0.572624 -0.529161 2 2 2 2
-2.693657 3.159033 -1.191689 174 174 174 174
-0.970163 2.546712 -0.693651 180 180 180 180
-3.199601 3.295449 -1.301346 46 46 46 46
0.454480 0.828485 1.121673 159 159 159 159
-3.566888 2.434422 0.198994 238 238 238 238
5.650811 1.029014 0.141560 12 12 12 12
1.471845 -0.518975 -1.669921 47 47 47 47
-2.641117 3.758256 -1.078608 124 124 124 124
-3.377279 -5.486073 -0.785831 152 152 152 152
-0.922487 2.510765 -1.134182 205 205 205 205
-3.354142 3.940925 -1.107263 116 116 116 116
-2.125125 4.104127 0.107691 4 4 4 4
-3.770835 5.425268 -0.821121 48 48 48 48
-3.852292 4.621712 0.421314 199 199 199 199
-3.612694 4.829629 -0.899718 64 64 64 64
-3.555841 4.762864 -0.914793 90 90 90 90
-2.736247 3.423312 -1.183924 124 124 124 124
-1.532092 2.264579 -1.260815 37 37 37 37
-3.209599 2.654834 -1.284541 153 153 153 153
-2.183697 4.198962 -0.559896 99 99 99 99
-6.034786 1.652929 -0.839597 160 160 160 160
-2.032911 4.059517 -0.229069 188 188 188 188
1.304614 0.965178 -0.685610 72 72 72 72
-4.419966 4.896897 -0.801436 51 51 51 51
2.019665 0.262953 0.499170 155 155 155 155
-1.363630 1.307799 -1.572348 133 133 133 133
-0.319252 1.566946 -0.289039 229 229 229 229
-0.042482 0.104184 -0.392939 108 108 108 108
-0.868007 2.388923 0.247334 97 97 97 97
-0.409437 -1.831585 -1.017449 103 103 103 103
-0.962449 2.561141 -1.085213 45 45 45 45
-0.338428 0.629352 -0.321103 224 224 224 224
-0.089960 -1.120179 -1.428605 214 214 214 214
-5.255918 3.505473 0.213188 83 83 83 83
-1.384325 3.314052 -0.379659 3 3 3 3
-1.541245 3.544504 -0.677902 152 152 152 152
-0.563553 -1.412173 -0.932497 135 135 135 135
-2.588350 4.556985 0.041629 72 72 72 72
-0.782703 2.653314 -1.216778 3 3 3 3
2.668277 3.293736 0.856645 125 125 125 125
2.588784 -0.531934 0.249642 128 128 128 128
-1.301788 3.239612 -0.528413 76 76 76 76
-1.622348 0.007867 -1.429371 150 150 150 150
-2.162738 4.144167 0.098267 102 102 102 102
0.220740 0.873108 -0.191363 243 243 243 243
-3.428734 4.817410 0.638353 74 74 74 74
-3.215064 5.110012 0.091069 156 156 156 156
-1.367232 2.230645 -1.080438 99 99 99 99
-3.799759 1.830581 -0.586548 251 251 251 251
-0.501733 -5.564250 -0.346934 116 116 116 116
1.896199 -1.619477 -1.827249 45 45 45 45
2.258780 1.010770 1.152355 90 90 90 90
0.031153 0.976659 -1.413731 126 126 126 126
-1.042639 2.532648 -1.320033 146 146 146 146
1.145629 -3.919330 0.050177 113 113 113 113
-1.459614 -0.021923 -1.414850 4 4 4 4
-1.727237 3.698344 -0.345611 193 193 193 193
1.206350 -0.218302 -1.477424 137 137 137 137
-2.147719 4.185537 -0.136085 149 149 149 149
-1.150902 2.895568 0.051601 26 26 26 26
-2.757353 0.563752 -1.222782 124 124 124 124
-2.811399 2.741404 -1.306155 117 117 117 117
-3.875067 4.672586 -0.091210 132 132 132 132
-3.717321 2.013947 -1.423854 245 245 245 245
-3.417625 3.213778 -1.233529 42 42 42 42
-2.138515 4.260600 -0.569357 27 27 27 27
-0.255836 -1.507301 -1.425521 19 19 19 19
-4.733436 3.102176 -1.293895 189 189 189 189
-0.197429 -0.763678 -0.382606 246 246 246 246
-7.516928 8.645153 0.299847 108 108 108 108
-1.876938 3.963060 -0.987114 155 155 155 155
-11.757859 16.405211 2.649056 84 84 84 84
-7.927398 8.364352 0.420825 94 94 94 94
2.358074 3.228264 0.857902 42 42 42 42
-11.358240 16.255325 3.365016 94 94 94 94
-7.329058 9.041483 0.180621 113 113 113 113
-1.678333 3.632665 -0.269717 99 99 99 99
-2.942420 5.191183 -0.255941 151 151 151 151
-3.135161 5.247326 -0.628773 42 42 42 42
1.185989 2.202639 0.586221 100 100 100 100
-3.132170 5.286929 -0.639370 138 138 138 138
-3.059267 5.236036 -0.731411 92 92 92 92
-3.721732 2.656727 -1.355755 100 100 100 100
-4.010443 4.565732 -0.106382 41 41 41 41
-4.866885 3.021364 -0.982656 97 97 97 97
-3.189040 5.228363 0.249278 136 136 136 136
-1.801115 3.732164 -0.096673 121 121 121 121
-3.068157 5.291821 -0.487675 29 29 29 29
-2.624269 4.924561 -0.830189 97 97 97 97
-1.648061 3.654125 -0.592978 99 99 99 99
-3.206497 5.053899 -0.860506 82 82 82 82
2.021735 0.267958 0.494468 124 124 124 124
-3.457646 4.778224 0.634660 103 103 103 103
-4.754406 3.853583 0.246025 0 0 0 0
-13.314296 5.290695 2.644100 35 35 35 35
-3.389405 4.090288 0.578061 219 219 219 219
2.596457 2.900080 0.637865 158 158 158 158
-2.153950 1.573242 -1.039714 150 150 150 150
-1.941455 3.949572 -0.233370 222 222 222 222
-3.596862 3.050197 -1.269273 111 111 111 111
-2.071541 4.159401 -0.446724 65 65 65 65
-2.007889 4.098771 -0.553842 65 65 65 65
-1.880238 3.816109 0.028866 178 178 178 178
2.574398 2.709554 1.490189 236 236 236 236
-1.641703 3.568901 -0.210262 172 172 172 172
-0.535809 0.243516 0.059902 5 5 5 5
-1.612811 3.551844 -0.342178 211 211 211 211
1.587448 -0.068393 0.448400 231 231 231 231
-3.290986 4.760292 -0.978709 107 107 107 107
-3.007936 5.272369 -0.219112 224 224 224 224
-0.049750 -1.087399 -1.575314 100 100 100 100
-5.111586 2.487588 -0.681129 228 228 228 228
-1.305998 3.045023 0.288744 45 45 45 45
-3.885082 2.567166 -1.356947 145 145 145 145
-2.158253 4.192957 -0.097814 83 83 83 83
-1.961263 4.069211 -0.681066 39 39 39 39
-1.467598 0.215402 -1.520596 242 242 242 242
-1.606844 3.473674 -0.156826 29 29 29 29
-3.134516 5.381986 -0.781427 208 208 208 208
-2.901501 5.337724 -0.574394 192 192 192 192
-1.652088 3.738322 -0.996704 192 192 192 192
-4.806793 3.646131 -0.842567 255 255 255 255
-2.058543 4.106597 -0.289431 154 154 154 154
-2.210321 4.231755 0.178476 139 139 139 139
-3.334585 4.778122 -0.902643 18 18 18 18
-3.447407 3.255651 -1.221719 56 56 56 56
-3.178648 2.270383 -1.411896 68 68 68 68
-3.868360 4.551304 -0.990016 121 121 121 121
4.919339 1.995357 0.257158 173 173 173 173
-0.401003 -1.827872 -1.954189 128 128 128 128
-1.832604 -1.001302 0.566366 153 153 153 153
4.225009 0.149582 0.106730 3 3 3 3
-3.739639 1.975015 -1.341566 57 57 57 57
4.202817 1.791697 1.406143 133 133 133 133
-1.564251 -0.338601 -0.457133 172 172 172 172
-3.766435 1.785347 -0.594198 252 252 252 252
3.775922 -1.029855 -0.028172 72 72 72 72
-0.068149 0.579949 0.916004 156 156 156 156
-0.007457 -4.641650 -0.733391 163 163 163 163
-1.726578 3.603932 0.038028 184 184 184 184
-1.657912 3.721829 -0.846481 115 115 115 115
1.678703 0.661384 0.126306 31 31 31 31
-0.306182 -0.567399 -0.362643 33 33 33 33
-0.061826 -0.980185 -0.107952 88 88 88 88
-3.874448 4.047912 -1.093222 89 89 89 89
-12.981643 2.746078 1.303823 45 45 45 45
-5.902370 4.142902 -1.124802 140 140 140 140
-1.381331 3.337059 -0.763280 154 154 154 154
-4.917963 3.556942 -0.758978 255 255 255 255
-2.510303 2.708547 -1.319759 148 148 148 148
-11.338091 3.644980 -1.197742 141 141 141 141
-12.278151 3.020423 -0.049703 121 121 121 121
-1.582875 0.609597 -0.018343 137 137 137 137
-0.669576 1.245314 -0.501759 87 87 87 87
-2.272473 4.464958 -0.804597 29 29 29 29
-3.351110 4.781904 0.660109 192 192 192 192
-1.747730 -0.854828 0.110509 115 115 115 115
-2.632068 4.915130 -0.428940 148 148 148 148
0.033924 -0.875558 -1.732325 138 138 138 138
-2.259114 4.447227 -0.822664 116 116 116 116
-12.930815 5.147495 3.605965 22 22 22 22
-4.879999 -2.308733 0.237739 246 246 246 246
0.235131 1.686086 1.283105 59 59 59 59
-4.534730 1.970740 -0.484921 23 23 23 23
5.751081 1.108820 0.129886 187 187 187 187
-0.078488 -1.843928 -1.129040 150 150 150 150
-3.816061 4.644871 0.370907 209 209 209 209
-2.478389 3.348024 0.472079 44 44 44 44
-0.575622 -2.829556 0.084729 230 230 230 230
3.487609 -0.608629 0.030033 250 250 250 250
-2.494745 3.378744 0.454848 38 38 38 38
-3.742386 1.775902 -0.679573 49 49 49 49
-0.448704 1.247348 0.092388 68 68 68 68
-3.790978 4.733556 -0.784356 126 126 126 126
-3.788401 3.328560 -1.233877 123 123 123 123
-0.539335 -1.327887 -0.996721 82 82 82 82
0.741024 2.010203 1.407402 180 180 180 180
-3.879361 4.861985 -0.289699 204 204 204 204
-2.148013 4.267634 -0.554747 207 207 207 207
-0.275692 -0.737716 -0.288211 253 253 253 253
-1.961232 4.016374 -0.426110 223 223 223 223
-4.384124 4.888699 -0.691943 15 15 15 15
-3.590213 2.934316 -1.212317 156 156 156 156
-1.527693 3.488929 -0.386440 185 185 185 185
-3.454679 3.118292 -1.260385 32 32 32 32
-5.012111 2.504691 -0.527632 246 246 246 246
2.023911 0.255997 0.504305 159 159 159 159
3.477652 -0.609640 0.226090 52 52 52 52
-1.409246 3.287245 -0.386646 57 57 57 57
-0.804101 2.684303 -1.257454 63 63 63 63
-2.643588 2.814527 -1.296856 135 135 135 135
3.682906 -1.189586 -0.224592 249 249 249 249
-3.201026 3.011853 -1.269872 90 90 90 90
-0.339060 -1.293030 -1.291212 192 192 192 192
-1.308847 3.321606 -1.065746 152 152 152 152
-2.345793 3.298808 -1.197786 126 126 126 126
-1.333144 3.267267 -0.644894 21 21 21 21
0.716877 -0.825380 -1.538128 14 14 14 14
-3.085233 1.273322 -1.187870 128 128 128 128
-1.526130 -5.106891 -0.499936 12 12 12 12
-4.117101 3.738107 -1.158439 98 98 98 98
16.416609 3.820139 4.448831 83 83 83 83
-3.550940 3.017772 -1.271854 29 29 29 29
-1.751658 3.832794 -0.871642 167 167 167 167
-3.762651 1.998569 -1.377019 48 48 48 48
-2.370688 3.133738 -1.221739 122 122 122 122
-1.377086 -1.062435 -1.617530 30 30 30 30
3.119043 -0.222707 0.688307 34 34 34 34
-5.098768 3.484123 -0.690451 167 167 167 167
-8.190817 8.799404 1.999826 8 8 8 8
-5.098006 4.835569 -0.984372 212 212 212 212
-2.759781 1.989928 -1.437286 106 106 106 106
4.471147 2.052296 1.368884 89 89 89 89
2.378895 -0.568227 0.812459 115 115 115 115
-3.607025 1.618342 -0.706228 29 29 29 29
-3.285701 3.272201 -1.219308 224 224 224 224
-3.437482 2.698386 0.297383 243 243 243 243
-24.479833 5.193811 4.017584 175 175 175 175
-12.500532 5.232341 3.758868 25 25 25 25
-3.742507 4.708033 0.146056 114 114 114 114
-3.413663 4.824025 0.675455 222 222 222 222
-3.687394 4.829941 0.149723 143 143 143 143
-1.751239 2.559383 -1.342873 111 111 111 111
-3.723942 2.957724 -1.219585 122 122 122 122
3.245438 -1.364160 -0.264300 56 56 56 56
1.524377 -1.821539 0.502041 120 120 120 120
-3.879125 1.920122 -0.540353 15 15 15 15
3.709093 3.288003 1.577622 21 21 21 21
2.075291 -0.515844 0.828487 218 218 218 218
-1.870597 3.870687 -0.322556 74 74 74 74
2.512770 -0.669991 0.084487 22 22 22 22
-4.881682 3.134245 -1.314331 6 6 6 6
-2.023384 2.619462 -1.291056 133 133 133 133
-2.690629 2.712311 -1.317278 213 213 213 213
-1.325854 -0.348074 -0.705092 186 186 186 186
-3.783255 1.819342 -0.648072 247 247 247 247
-3.523522 1.504282 -0.708070 246 246 246 246
-3.448849 1.903261 -1.481729 139 139 139 139
-4.227694 -2.877253 -0.537451 76 76 76 76
2.050514 -0.971314 0.189939 6 6 6 6
0.565026 2.002740 0.584828 6 6 6 6
1.471264 -0.407786 0.740472 148 148 148 148
-5.024113 4.854013 -0.988371 173 173 173 173
-0.201554 -2.604320 -1.681747 116 116 116 116
3.240447 2.145415 0.071659 106 106 106 106
1.355121 0.970090 -0.682143 82 82 82 82
-12.758712 5.320312 3.744662 169 169 169 169
1.626441 -1.216772 -0.746535 105 105 105 105
-4.451768 2.831932 -1.346091 46 46 46 46
-1.192310 -1.254566 -1.405151 114 114 114 114
-3.593282 3.720591 -1.142776 143 143 143 143
-3.579856 3.563090 0.456966 158 158 158 158
-4.098956 4.564756 -0.242184 71 71 71 71
-0.048157 1.249062 -1.251657 233 233 233 233
3.548286 -0.771814 0.053300 137 137 137 137
-1.696678 3.780177 -0.930976 132 132 132 132
-0.449664 -0.524576 -0.551885 186 186 186 186
-1.723121 3.751402 -0.699314 47 47 47 47
1.393888 -1.334416 -0.647889 104 104 104 104
-0.206556 -2.380556 -1.973452 140 140 140 140
-1.542671 -0.722386 -1.989103 230 230 230 230
-0.695251 -0.039122 -0.347982 253 253 253 253
-1.669580 3.746816 -0.803921 113 113 113 113
5.659924 1.267677 0.671916 9 9 9 9
2.356536 -1.417407 0.350150 248 248 248 248
4.293724 0.606659 0.841392 208 208 208 208
-3.252397 3.357641 -1.206371 227 227 227 227
-3.304760 3.506681 -1.180838 145 145 145 145
-3.457430 3.115828 -1.264909 46 46 46 46
-3.672258 1.708295 -0.749723 239 239 239 239
-4.034108 4.440978 -0.127521 23 23 23 23
-0.802965 2.381748 0.285331 176 176 176 176
-1.483033 3.398337 -0.348948 208 208 208 208
-1.331947 3.124349 -0.062575 91 91 91 91
0.110902 -1.065546 -1.643479 10 10 10 10
0.168247 -1.439173 -1.176148 128 128 128 128
-2.073430 4.066997 -0.089521 147 147 147 147
-4.695318 2.761590 -0.989826 125 125 125 125
-0.555241 0.064303 0.874159 154 154 154 154
2.106918 -0.596020 -0.209463 138 138 138 138
-4.796796 3.612314 -0.930156 86 86 86 86
-3.405241 3.225675 -1.240429 223 223 223 223
-0.454619 -0.556600 -0.528194 43 43 43 43
3.395344 2.485254 0.478756 5 5 5 5
-4.853836 3.509321 -1.124615 246 246 246 246
-10.255434 6.667878 0.298173 86 86 86 86
5.924314 -0.375882 0.811232 166 166 166 166
-2.092148 1.381387 -1.577787 169 169 169 169
-0.562602 2.219169 -0.105921 104 104 104 104
-3.948682 4.665780 -0.107203 76 76 76 76
1.522218 -0.514385 -1.519215 117 117 117 117
-1.065367 2.608154 -1.275280 148 148 148 148
-3.246325 3.886349 0.555366 11 11 11 11
-2.046304 4.014653 0.053830 132 132 132 132
-4.810978 3.744636 -0.972298 91 91 91 91
-3.618726 3.931772 -1.112258 143 143 143 143
-0.335442 -0.502421 -0.543087 188 188 188 188
-1.818905 -0.654329 -0.379339 9 9 9 9
-0.883971 -2.951085 -1.040715 160 160 160 160
-4.792482 3.705016 -0.977155 88 88 88 88
-1.265750 -1.730177 -0.549137 249 249 249 249
-1.489512 0.840138 -1.666900 249 249 249 249
-3.817382 1.868198 -0.663339 107 107 107 107
-1.030690 1.604716 -0.613713 114 114 114 114
-3.513199 1.550586 -0.801759 58 58 58 58
-2.650537 1.420622 -1.466380 254 254 254 254
3.702401 -0.981048 0.119212 149 149 149 149
-3.610668 5.048103 0.737181 25 25 25 25
-2.374560 1.298615 -1.624410 163 163 163 163
-3.948940 2.106734 -1.201244 101 101 101 101
-1.734781 3.716308 -0.342903 199 199 199 199
-4.691893 3.001676 -1.249814 6 6 6 6
-1.744376 -0.831820 -0.077283 168 168 168 168
-3.742008 4.769502 0.093735 185 185 185 185
-0.917944 2.379637 -1.185836 120 120 120 120
-1.923463 3.987460 -0.967152 136 136 136 136
-4.748026 3.041923 -1.203901 106 106 106 106
-1.358291 2.195609 -1.072762 33 33 33 33
-1.362945 2.209266 -1.145993 48 48 48 48
-2.313701 0.590008 -1.640634 228 228 228 228
-1.333305 3.256028 -0.553085 170 170 170 170
0.100261 -1.057237 -0.895809 162 162 162 162
-2.371083 4.531583 -0.940199 138 138 138 138
-1.556325 3.524858 -0.344666 129 129 129 129
1.547702 -0.496238 -1.603202 138 138 138 138
-0.255181 -1.271843 -1.396310 149 149 149 149
-0.228660 -1.065577 -0.285259 39 39 39 39
1.206583 -0.119207 -1.239660 194 194 194 194
-0.298396 -1.283770 -1.375071 158 158 158 158
0.770777 -4.134006 -0.027209 4 4 4 4
-1.255616 -1.186615 -1.548491 100 100 100 100
-1.236468 -1.175533 -1.372887 150 150 150 150
-1.328502 -1.028471 -2.018463 140 140 140 140
0.762322 1.840968 0.502593 126 126 126 126
-0.978236 -0.089637 -0.051693 253 253 253 253
-0.319001 0.632071 -0.186991 37 37 37 37
-0.842669 1.003898 0.199841 16 16 16 16
-1.698517 0.312715 0.831819 10 10 10 10
-3.678118 1.683847 -0.612323 243 243 243 243
-1.431391 0.502605 0.900594 195 195 195 195
-1.826964 3.669686 0.402867 52 52 52 52
-2.127148 4.210078 -0.287528 164 164 164 164
-2.138048 4.118328 0.104510 127 127 127 127
-3.797010 1.768379 -0.594515 249 249 249 249
-4.529440 4.933288 -0.775134 182 182 182 182
-0.620926 0.050167 -0.479543 123 123 123 123
-0.242712 -1.503998 -0.909342 125 125 125 125
-3.779469 1.827890 -0.705575 35 35 35 35
2.058548 -1.860435 0.251424 118 118 118 118
-3.113940 5.257352 -0.593454 14 14 14 14
-3.344134 2.563566 0.321596 107 107 107 107
1.072860 2.423580 1.312837 11 11 11 11
-3.439110 3.295966 -1.210433 115 115 115 115
-1.758317 3.785865 -0.608624 148 148 148 148
-2.298047 0.073845 -0.259264 7 7 7 7
-0.065310 -0.852038 -0.233572 59 59 59 59
-4.902910 3.941998 -1.045503 156 156 156 156
-2.499159 1.599806 -1.389533 243 243 243 243
-1.217632 2.053296 -1.413274 236 236 236 236
2.321343 3.102094 0.859052 69 69 69 69
1.199734 1.017478 -0.694820 48 48 48 48
0.783569 0.312068 -1.354628 139 139 139 139
1.212291 -0.118982 -1.238985 195 195 195 195
-0.045853 -1.119170 -1.233230 79 79 79 79
-1.044596 2.592001 -1.287946 153 153 153 153
-0.535212 0.242467 0.060733 7 7 7 7
0.454915 -0.942484 -1.530009 243 243 243 243
3.751343 3.162614 1.016706 16 16 16 16
-1.830238 3.789880 -0.172553 78 78 78 78
-4.776199 3.638677 -0.903151 203 203 203 203
-0.969311 0.918133 0.963647 206 206 206 206
-1.794471 3.625523 0.425269 157 157 157 157
-2.148044 4.227053 -0.202885 143 143 143 143
-1.144595 2.869998 0.099379 132 132 132 132
-0.469373 0.915922 -0.377738 154 154 154 154
-3.363594 4.868433 0.734680 150 150 150 150
-1.652700 3.579204 -0.170971 106 106 106 106
-4.782586 3.707389 -1.004642 101 101 101 101
-3.537562 4.269982 -1.045591 196 196 196 196
-0.914699 2.530954 -0.861299 171 171 171 171
0.131748 -0.932106 0.148610 244 244 244 244
0.400484 2.165706 1.254677 194 194 194 194
4.237137 2.844820 0.933955 0 0 0 0
-4.825609 3.016763 -0.613850 182 182 182 182
0.918986 1.780124 1.355202 129 129 129 129
-4.292725 3.978666 -1.123561 164 164 164 164
-3.843747 3.988685 -1.108469 152 152 152 152
-1.817736 3.919356 -0.776995 94 94 94 94
-4.841604 2.916208 0.285102 124 124 124 124
-1.956455 3.958055 -0.233505 119 119 119 119
1.702022 -1.271817 -1.326217 2 2 2 2
0.295385 0.952393 0.214295 45 45 45 45
-2.193651 4.286245 -1.035028 149 149 149 149
5.547422 -0.499094 0.719960 136 136 136 136
-1.941595 3.973323 -0.384941 146 146 146 146
-2.251011 4.240702 0.128916 134 134 134 134
-2.109322 4.136210 -0.123614 156 156 156 156
3.169889 2.176050 0.243589 59 59 59 59
-2.843358 -4.573977 1.253344 72 72 72 72
-3.615160 4.792511 -0.916733 168 168 168 168
-0.414583 -1.852125 -0.906601 91 91 91 91
-2.463144 0.494514 -1.365308 55 55 55 55
0.458867 -0.765562 -0.160890 233 233 233 233
-0.679734 0.228130 0.021473 7 7 7 7
-1.537925 3.505745 -0.642244 189 189 189 189
-1.083382 0.781489 -1.439007 1 1 1 1
-1.691863 3.751106 -0.890959 150 150 150 150
-2.829586 4.944199 -0.933765 118 118 118 118
-3.778021 2.007409 -1.379821 56 56 56 56
0.975145 1.907149 0.330450 12 12 12 12
-3.880887 1.918438 -0.670397 126 126 126 126
-3.017096 1.168715 -1.511123 145 145 145 145
-3.004811 1.203283 -1.405221 150 150 150 150
5.120241 1.798418 0.062768 16 16 16 16
2.049705 -0.625265 -0.237998 108 108 108 108
-3.231321 5.142096 0.314106 131 131 131 131
-1.802590 3.725975 -0.074947 106 106 106 106
-1.779674 3.734252 -0.255964 110 110 110 110
4.737608 0.581909 0.221910 252 252 252 252
-2.267345 1.611817 -0.905279 173 173 173 173
-1.360332 -1.459936 -0.441344 219 219 219 219
-0.913291 1.458945 -0.536207 50 50 50 50
-0.230390 1.559270 1.288105 66 66 66 66
0.244021 -1.889436 -0.421749 14 14 14 14
0.013758 0.062208 -0.422796 162 162 162 162
0.414567 1.908860 1.381143 115 115 115 115
-4.560069 4.998959 -0.792595 68 68 68 68
-0.610817 1.423934 -0.365948 169 169 169 169
-3.861603 5.448434 -0.895694 138 138 138 138
-2.077829 4.054623 0.067036 147 147 147 147
-2.049680 4.080012 -0.260427 162 162 162 162
-2.047095 4.091776 -0.322285 102 102 102 102
-2.011369 4.082170 -0.495278 126 126 126 126
-2.155606 4.279097 -0.984893 137 137 137 137
-1.945941 3.935535 -0.158518 117 117 117 117
-1.394014 2.252973 -1.244701 141 141 141 141
-1.770604 3.739031 -0.383134 131 131 131 131
-1.267083 3.250399 -0.639941 115 115 115 115
-3.836581 1.861633 -0.550364 30 30 30 30
-3.120122 1.354824 -1.461014 123 123 123 123
2.357432 3.196079 1.013407 142 142 142 142
-3.449017 3.212209 -1.267128 48 48 48 48
-4.084355 3.164219 -1.234623 183 183 183 183
-3.101910 4.139158 0.593371 162 162 162 162
-3.273578 3.941476 0.571354 137 137 137 137
-1.843067 3.792069 -0.119848 208 208 208 208
-3.558321 1.570516 -0.777551 244 244 244 244
-0.757906 0.180922 -0.364617 11 11 11 11
-3.658135 2.420344 -1.391716 149 149 149 149
2.055118 -1.236529 0.669442 140 140 140 140
-3.624834 1.648445 -0.684318 8 8 8 8
2.060221 -0.658500 -0.268828 144 144 144 144
-0.910936 -5.666874 -0.454975 211 211 211 211
-4.834194 4.116402 -0.450344 176 176 176 176
-1.668775 3.615784 -0.200311 146 146 146 146
-4.676760 3.552948 -0.736057 229 229 229 229
-3.521607 1.551205 -0.757897 48 48 48 48
7.318489 1.368705 0.538681 195 195 195 195
-4.553927 2.672489 0.144383 113 113 113 113
1.006205 2.027075 0.345368 207 207 207 207
-3.567913 3.566963 -1.187331 136 136 136 136
-1.270080 3.219098 -0.515735 13 13 13 13
-1.521239 3.629496 -0.953374 135 135 135 135
-1.834852 3.816807 -0.167603 58 58 58 58
-2.144674 -0.244250 -0.209275 111 111 111 111
3.251587 1.938461 1.315141 108 108 108 108
-1.639365 3.588491 -0.231083 102 102 102 102
-2.014364 4.017924 -0.249104 159 159 159 159
-3.554684 1.561193 -0.593247 110 110 110 110
-3.815682 5.630988 -0.341159 116 116 116 116
-1.704066 3.631203 -0.150404 59 59 59 59
-0.625291 -0.284695 -1.816436 251 251 251 251
-3.443775 4.381144 -0.989245 102 102 102 102
-1.654259 -1.236880 0.084220 191 191 191 191
-1.816025 3.816053 -0.345800 83 83 83 83
1.115858 -0.105666 -1.470781 140 140 140 140
-1.292747 3.292348 -0.771197 47 47 47 47
-0.242972 -1.614553 -1.445156 79 79 79 79
6.002413 1.284291 0.726567 198 198 198 198
-4.839270 4.103253 -0.478955 1 1 1 1
-3.704667 1.837060 -1.364277 105 105 105 105
-4.601034 2.901669 -1.127382 20 20 20 20
-1.333144 3.267267 -0.644894 21 21 21 21
-4.383762 5.041733 -0.862315 101 101 101 101
-4.968388 3.190843 -0.751492 121 121 121 121
-4.779130 3.038172 -0.566243 110 110 110 110
-3.890128 -4.455945 0.021141 242 242 242 242
2.335994 -2.994362 -0.130022 219 219 219 219
-3.440892 4.639549 0.536576 139 139 139 139
2.008470 -1.162303 0.702356 99 99 99 99
4.201614 0.396042 0.950493 111 111 111 111
-3.746412 4.842669 -0.448381 192 192 192 192
-1.550301 3.510090 -0.306682 58 58 58 58
-1.729294 3.685517 -0.364729 89 89 89 89
-0.877138 2.768890 -0.672204 117 117 117 117
-2.054367 1.054340 -0.006090 208 208 208 208
-4.768397 2.861829 0.078907 96 96 96 96
-2.865429 5.289824 -0.748233 124 124 124 124
-1.278537 3.238875 -0.572339 68 68 68 68
-0.613640 2.153572 -0.025208 184 184 184 184
-0.541769 0.414395 -0.633105 118 118 118 118
1.168329 2.542624 0.284302 174 174 174 174
-3.468819 5.047003 0.161048 234 234 234 234
1.406491 0.551437 -0.266418 11 11 11 11
-2.130486 4.243719 -0.544371 72 72 72 72
1.545193 1.243539 0.263003 250 250 250 250
-3.780736 4.705082 0.140273 42 42 42 42
-2.964880 0.855666 -1.227921 253 253 253 253
-2.735416 1.059155 -1.442775 253 253 253 253
-2.909414 1.022378 -1.693550 168 168 168 168
-2.485919 0.523125 -1.420805 66 66 66 66
4.245520 0.299390 -0.254232 118 118 118 118
-2.897162 0.794100 -1.664273 113 113 113 113
-0.587358 2.213998 -0.089773 49 49 49 49
-0.623383 0.198353 0.008173 248 248 248 248
-2.588946 1.039256 -1.683380 139 139 139 139
-2.037406 0.657934 -1.410279 131 131 131 131
-2.601342 3.582485 0.542253 164 164 164 164
0.824124 1.850478 0.567474 2 2 2 2
-3.246582 4.355680 0.576697 156 156 156 156
-0.756687 1.251116 -0.451279 234 234 234 234
3.376852 2.484611 0.681615 252 252 252 252
-3.770748 1.991210 -1.356021 191 191 191 191
-0.493308 -0.986277 -0.527585 11 11 11 11
-0.433509 0.818061 -0.548301 182 182 182 182
0.569300 0.508181 -1.604107 149 149 149 149
-0.542055 0.492500 -0.902533 155 155 155 155
-4.217296 -5.435120 -0.720573 203 203 203 203
-1.216682 -0.114668 0.291213 147 147 147 147
-2.547106 1.893794 -1.320175 208 208 208 208
-0.314428 -1.267902 -1.536916 168 168 168 168
-2.360074 1.746218 -1.325501 252 252 252 252
2.967337 0.606233 -0.239468 195 195 195 195
-0.318890 -1.352511 -1.831288 133 133 133 133
-2.229335 1.487057 -0.927804 242 242 242 242
0.274296 -0.951905 -0.613121 146 146 146 146
-3.184341 2.118198 -1.475781 123 123 123 123
-3.063416 2.246186 -1.413192 109 109 109 109
6.265840 0.906295 0.316550 70 70 70 70
2.086585 -2.464899 0.388838 158 158 158 158
-0.729163 -0.399769 -1.097035 213 213 213 213
-0.750650 1.568304 0.329155 164 164 164 164
2.909575 -2.419307 -0.124307 14 14 14 14
2.540414 2.808518 0.222370 62 62 62 62
-0.765453 1.256112 -0.452429 177 177 177 177
-3.057371 2.788913 -1.449708 103 103 103 103
-0.462675 1.248334 0.096246 153 153 153 153
3.693253 -1.394632 -0.353689 223 223 223 223
-0.064280 1.299927 -0.183225 162 162 162 162
-0.588246 0.360012 -0.249093 125 125 125 125
-3.026084 -2.614668 -0.818736 114 114 114 114
-0.039655 1.315065 -0.170355 74 74 74 74
-2.119463 -1.090635 0.680841 141 141 141 141
-0.178395 -0.982888 -0.262019 253 253 253 253
0.760475 -3.341703 0.189982 237 237 237 237
-1.775063 -0.678093 -0.285171 248 248 248 248
2.782995 -2.602158 0.323790 121 121 121 121
-1.445315 -0.396747 0.012861 127 127 127 127
-1.881221 -0.681910 -0.219259 119 119 119 119
-0.536244 0.096152 -0.472975 126 126 126 126
-1.875597 -0.932373 0.700488 4 4 4 4
-2.375484 -0.099468 -0.209057 160 160 160 160
-3.453961 4.800928 0.627147 163 163 163 163
-0.286944 0.492693 0.109989 163 163 163 163
0.580881 -1.011072 0.693196 175 175 175 175
-2.404780 -6.273056 -0.426311 248 248 248 248
-0.578220 0.037424 0.881749 103 103 103 103
-0.750961 -0.123802 0.810290 155 155 155 155
-0.645575 2.064262 0.084336 74 74 74 74
-0.154101 -1.039135 -0.208970 194 194 194 194
-3.002959 5.064429 0.565314 63 63 63 63
2.725437 -2.391874 -0.813298 212 212 212 212
-1.613688 3.659632 -0.498711 93 93 93 93
-3.985647 -4.646519 -0.569964 115 115 115 115
1.074000 -0.271347 -1.719695 0 0 0 0
1.991226 -0.641023 -1.513782 6 6 6 6
1.309720 0.901551 0.519100 218 218 218 218
-3.755595 2.261438 -1.451122 150 150 150 150
1.902058 -0.842284 -1.557639 182 182 182 182
-0.369648 -0.240925 -1.461296 3 3 3 3
2.615714 -2.914653 0.235824 105 105 105 105
-1.616015 3.718397 -0.726930 143 143 143 143
-1.752995 0.269853 0.015183 150 150 150 150
-3.358775 5.096784 -0.854440 243 243 243 243
2.657370 -2.879594 0.219825 204 204 204 204
-0.480517 -1.322638 -0.954249 0 0 0 0
-1.346955 2.185964 -0.889174 18 18 18 18
-2.613984 1.190241 -0.171429 181 181 181 181
7.355759 1.295227 0.527086 238 238 238 238
0.525212 -4.552424 -0.599380 211 211 211 211
2.057468 -0.638334 -0.261416 198 198 198 198
-1.831884 3.916958 -0.725155 222 222 222 222
-4.376191 2.843849 -1.073299 110 110 110 110
-1.825444 -0.777052 0.200298 252 252 252 252
-1.334005 2.083948 -1.323516 95 95 95 95
-2.743572 0.988807 -1.227847 252 252 252 252
-1.785449 -0.807823 -0.514366 128 128 128 128
0.650867 -1.341585 -0.685578 41 41 41 41
1.355811 0.001730 -0.723699 138 138 138 138
-0.418012 0.425870 0.078393 1 1 1 1
-3.514896 -1.179185 0.178961 124 124 124 124
-0.555365 0.278992 0.061794 7 7 7 7
-0.009841 -1.096372 -1.250854 199 199 199 199
-1.917415 3.932981 -0.596852 146 146 146 146
0.562844 -2.092428 -0.608179 94 94 94 94
-1.401922 2.287078 -1.223165 109 109 109 109
0.367450 -3.333111 -0.677808 48 48 48 48
1.713955 0.427072 0.200392 127 127 127 127
-2.162982 4.291974 0.072977 182 182 182 182
-1.332070 2.126519 -0.790249 225 225 225 225
5.897785 1.123350 0.352587 68 68 68 68
1.441156 -0.175296 -1.447210 188 188 188 188
-0.319398 1.666364 -0.423950 137 137 137 137
-3.808765 4.813609 -0.343358 186 186 186 186
-0.460826 0.909575 -0.285105 4 4 4 4
-0.735348 1.290191 -0.402731 10 10 10 10
-2.417120 0.583268 -1.708623 71 71 71 71
1.382680 -2.414174 -0.584374 125 125 125 125
-1.178626 0.720218 -2.539614 109 109 109 109
-3.561766 4.905518 0.167712 137 137 137 137
-1.409116 2.166635 -0.920947 233 233 233 233
2.575150 0.140692 0.965401 254 254 254 254
4.377150 0.019768 0.030245 212 212 212 212
-2.163542 3.811136 -1.083136 138 138 138 138
-2.175868 -6.888699 -1.005372 14 14 14 14
-4.455989 3.276869 -1.202148 133 133 133 133
-1.881705 4.011628 -0.921788 23 23 23 23
-2.286658 1.708924 -1.054492 222 222 222 222
-1.099049 1.913637 -1.374715 95 95 95 95
-1.889044 3.889203 -0.284587 86 86 86 86
-1.196436 1.925508 -0.932939 252 252 252 252
4.150271 2.160624 0.666059 9 9 9 9
0.082920 -0.425054 -0.464240 165 165 165 165
4.167586 -1.382291 0.624746 148 148 148 148
-0.003726 1.272853 -1.250781 231 231 231 231
7.455619 -1.195616 0.959749 104 104 104 104
-0.696534 0.054676 0.010384 147 147 147 147
-0.416942 1.453900 0.595611 223 223 223 223
2.456353 -0.534280 -0.110274 120 120 120 120
-1.721782 -1.607408 -0.540324 34 34 34 34
2.039635 -1.809177 0.511626 212 212 212 212
1.995656 -0.724902 -0.236079 3 3 3 3
-3.135283 5.331619 -0.829249 182 182 182 182
-4.779204 3.461442 -0.746904 222 222 222 222
-1.692237 -0.657136 -0.217005 250 250 250 250
0.785903 2.325851 1.297743 177 177 177 177
-4.137224 -3.333536 -0.786508 9 9 9 9
-0.513364 0.226412 0.133574 202 202 202 202
-1.662190 1.252176 0.052715 90 90 90 90
2.181885 -0.651647 -0.146645 11 11 11 11
-0.877687 -0.033825 0.068080 8 8 8 8
0.337622 0.996352 0.254486 126 126 126 126
-0.277159 0.694582 -0.293924 9 9 9 9
3.726420 3.308548 1.393552 90 90 90 90
-0.864682 -3.462470 -0.918604 177 177 177 177
2.287215 -2.785742 -0.302581 34 34 34 34
3.087131 -0.180358 0.892000 96 96 96 96
-1.269278 3.056845 -0.062691 55 55 55 55
-2.547503 1.893670 -1.320875 216 216 216 216
-2.881057 0.794805 -1.208350 134 134 134 134
3.383859 2.649097 0.181754 240 240 240 240
2.977375 -3.410218 -0.650025 99 99 99 99
-2.785331 0.943330 -1.606646 255 255 255 255
2.388846 -1.592867 0.095805 167 167 167 167
-2.637709 2.151355 -1.431216 113 113 113 113
2.302391 3.288727 0.937754 232 232 232 232
-2.248533 1.505528 -1.056183 4 4 4 4
-2.323929 1.502298 -1.122030 4 4 4 4
-2.415237 0.538673 -1.527760 148 148 148 148
-2.141014 1.508698 -1.508061 131 131 131 131
-1.825185 3.801933 -0.364974 169 169 169 169
-0.874176 -5.331955 -0.234909 142 142 142 142
-0.506055 0.337340 0.066183 8 8 8 8
-2.617769 1.822728 -1.405428 1 1 1 1
-2.563624 0.675886 -1.656617 182 182 182 182
-1.972048 4.026984 -0.448546 181 181 181 181
-4.294890 3.312009 -1.219331 115 115 115 115
2.128056 -1.572743 0.543912 131 131 131 131
-1.853053 0.064650 0.004851 134 134 134 134
-1.611330 3.536086 -0.135050 152 152 152 152
-4.476245 -3.689281 -0.490722 66 66 66 66
-4.798706 3.505935 -0.829834 127 127 127 127
2.518068 1.058296 0.338300 183 183 183 183
1.870535 -2.110237 0.445281 91 91 91 91
-0.204333 1.589124 0.292048 176 176 176 176
-0.283586 1.637034 0.400970 3 3 3 3
1.988157 -1.059525 0.028251 96 96 96 96
0.203459 0.908491 0.117340 151 151 151 151
2.033165 -2.842933 0.318930 116 116 116 116
-0.265024 0.508311 0.014387 48 48 48 48
-3.802016 1.862634 -0.749721 37 37 37 37
3.030196 -0.207905 0.305256 112 112 112 112
0.827413 1.475147 0.187190 94 94 94 94
5.244584 -0.607537 0.235374 148 148 148 148
0.210347 0.851797 0.317384 66 66 66 66
-0.406993 0.798453 -0.111422 63 63 63 63
-3.757679 1.785283 -0.657633 241 241 241 241
5.529029 1.283022 0.189130 67 67 67 67
-1.777566 -1.026997 0.626253 128 128 128 128
0.612011 -3.400276 -0.482622 5 5 5 5
1.464653 -0.486582 0.742092 39 39 39 39
1.956394 -1.023648 0.194222 143 143 143 143
-0.423504 -5.239172 -0.366685 221 221 221 221
2.251766 -2.685046 0.352611 112 112 112 112
-2.802929 1.572026 0.092694 195 195 195 195
-2.224386 1.534705 -0.942612 142 142 142 142
-2.308377 1.574825 -1.390610 2 2 2 2
-0.258398 0.525546 -0.108088 18 18 18 18
-2.263163 1.380923 -1.517850 190 190 190 190
-2.416331 1.718798 -1.288504 223 223 223 223
-3.700485 1.935991 -1.351648 84 84 84 84
0.365162 0.944577 0.204559 115 115 115 115
-0.657632 2.322123 -0.081103 73 73 73 73
-2.382524 3.259749 0.423009 166 166 166 166
0.823600 -0.242571 -0.428407 154 154 154 154
-0.234378 0.553566 0.079904 199 199 199 199
-0.292283 1.620129 -0.304763 62 62 62 62
1.859414 -1.140911 0.224626 176 176 176 176
-0.674577 1.224049 -0.560650 72 72 72 72
-0.440901 1.221691 0.091640 209 209 209 209
5.603703 1.064794 0.217380 190 190 190 190
0.060338 1.105315 -0.007665 175 175 175 175
-0.159279 1.564792 0.343904 78 78 78 78
0.387207 0.779938 0.847101 124 124 124 124
-0.818774 1.391101 -0.518123 82 82 82 82
-0.314840 0.676446 -0.107824 76 76 76 76
-0.687446 0.198313 0.033836 6 6 6 6
-0.765679 1.262736 -0.373171 222 222 222 222
-0.334376 0.667393 -0.021391 50 50 50 50
-0.255617 0.611821 -0.132089 192 192 192 192
3.684061 1.477513 -0.473346 176 176 176 176
-0.730216 0.144987 0.001490 30 30 30 30
3.355786 -4.549426 -0.100417 36 36 36 36
4.354585 -1.238510 0.069745 74 74 74 74
-0.375492 0.134024 0.929643 99 99 99 99
-2.513947 0.646347 -1.593746 140 140 140 140
4.173004 -0.951634 0.751091 247 247 247 247
-2.616623 1.093467 -1.633018 162 162 162 162
-1.911235 3.859656 -0.003901 34 34 34 34
-0.356174 1.767026 -0.537746 75 75 75 75
0.295415 0.747994 0.973794 150 150 150 150
1.077206 2.445445 1.272334 163 163 163 163
2.355687 -3.029062 -0.281391 198 198 198 198
-0.242307 0.638402 -0.302817 132 132 132 132
-0.237975 0.512227 0.164683 140 140 140 140
2.259318 -2.495447 -0.835366 179 179 179 179
0.485328 0.727687 0.622247 166 166 166 166
3.086162 3.806153 2.128476 200 200 200 200
0.185032 -2.015261 -0.783972 54 54 54 54
-2.868805 0.953317 -1.293918 3 3 3 3
-4.670803 3.857461 -1.054491 88 88 88 88
-1.818227 3.958746 -0.713819 82 82 82 82
-4.624787 3.817073 -1.088796 136 136 136 136
2.016048 -3.216165 0.206774 141 141 141 141
0.326261 0.801110 1.109337 87 87 87 87
2.122737 -1.171333 0.543257 127 127 127 127
-0.487265 0.342813 -0.028644 85 85 85 85
-0.300869 0.466536 0.114739 161 161 161 161
-4.113672 -2.645367 0.288267 216 216 216 216
-3.764165 1.787413 -0.594204 153 153 153 153
-3.837557 1.909394 -0.711569 226 226 226 226
-1.842782 -0.705123 -0.245600 202 202 202 202
-1.671903 3.674894 -0.641637 87 87 87 87
-2.115302 -6.695409 -0.592414 36 36 36 36
-0.676587 0.032720 0.943403 93 93 93 93
1.659730 -2.022529 0.474410 122 122 122 122
2.022701 -2.691772 -0.715735 55 55 55 55
1.968443 -2.248712 0.422916 107 107 107 107
1.558537 3.050201 0.158614 112 112 112 112
0.424650 0.033598 0.890563 130 130 130 130
-2.227144 1.299011 1.760440 77 77 77 77
-3.506344 1.500161 -0.774106 241 241 241 241
1.587008 3.211151 0.985528 187 187 187 187
-2.336360 0.377283 -1.474641 60 60 60 60
-1.793301 -2.841228 -0.612947 249 249 249 249
1.792501 0.772080 0.355417 245 245 245 245
-1.887951 3.840676 0.069545 186 186 186 186
-2.855352 -2.384577 0.414096 106 106 106 106
-3.180468 5.255406 -0.656444 222 222 222 222
-1.597748 -1.944392 -0.321889 238 238 238 238
-4.719710 2.909011 -1.053567 10 10 10 10
5.617285 1.118221 0.002432 122 122 122 122
2.064568 -2.880960 -0.813685 190 190 190 190
2.629279 -2.774830 -0.037211 68 68 68 68
2.300899 -2.780431 -0.360504 55 55 55 55
-0.041042 0.103787 0.966080 162 162 162 162
2.631423 -2.525523 0.392403 146 146 146 146
0.290076 0.135946 0.952761 103 103 103 103
1.302781 2.663913 1.326221 188 188 188 188
-4.192309 -3.393765 -0.766903 205 205 205 205
2.142000 -2.680502 -0.465262 1 1 1 1
1.906139 -1.331407 0.006274 118 118 118 118
2.399419 -2.677990 -0.508731 135 135 135 135
0.306124 0.713262 1.026733 105 105 105 105
-0.665114 2.258962 0.171906 18 18 18 18
-1.036627 -0.416169 0.813682 147 147 147 147
-3.010701 5.219083 -0.840723 165 165 165 165
2.720782 -0.279499 -0.397793 242 242 242 242
0.216192 0.670766 1.100549 120 120 120 120
1.101573 -0.149301 -0.413062 147 147 147 147
-0.175769 0.485998 0.192844 251 251 251 251
2.119015 -3.139557 -0.247147 207 207 207 207
2.040959 1.320279 0.178362 166 166 166 166
2.101338 -3.231911 0.165376 31 31 31 31
1.865818 -3.505885 0.070182 191 191 191 191
-2.579025 -0.073118 -0.529488 197 197 197 197
-0.706432 -0.102233 0.846067 61 61 61 61
4.677738 0.465410 0.477213 148 148 148 148
1.831862 -1.163193 -0.551128 125 125 125 125
-3.909388 5.145030 -0.871743 248 248 248 248
1.431324 -2.057978 0.498824 69 69 69 69
-2.473642 1.428135 -1.283018 4 4 4 4
1.288742 2.109556 0.324683 24 24 24 24
-3.034036 -1.914613 0.471600 10 10 10 10
1.758337 0.526381 -0.260496 19 19 19 19
1.887416 -2.572116 0.361615 213 213 213 213
-0.444322 1.241829 0.093462 196 196 196 196
2.361656 -0.329743 -0.431752 133 133 133 133
-4.105561 5.992594 -0.618302 195 195 195 195
-0.448139 1.235437 0.093345 11 11 11 11
0.925923 1.772223 0.503060 43 43 43 43
1.806222 -1.012214 -0.014671 52 52 52 52
1.080373 1.870861 0.514442 165 165 165 165
2.136888 -2.496480 -0.428873 169 169 169 169
1.798833 -1.377069 0.429213 175 175 175 175
0.191780 -0.461787 -0.167663 137 137 137 137
3.355786 -4.549426 -0.100417 36 36 36 36
-3.164731 -0.771610 0.621757 220 220 220 220
0.865790 1.002640 -1.164221 147 147 147 147
-0.219566 0.852891 -0.310928 122 122 122 122
-1.557355 -1.541624 -0.481570 182 182 182 182
1.589536 3.081369 0.975106 207 207 207 207
-0.326454 0.645341 -0.029908 16 16 16 16
-0.339085 0.651747 -0.033685 128 128 128 128
0.114769 -4.712980 -0.635683 186 186 186 186
3.559634 2.180028 0.085254 20 20 20 20
1.816642 -1.077739 0.125280 167 167 167 167
3.718296 -0.947817 0.267647 5 5 5 5
-1.768752 3.742403 -0.325163 70 70 70 70
-2.699499 5.022333 -0.864876 47 47 47 47
3.611325 2.039021 0.425917 186 186 186 186
-2.235160 1.309339 1.732545 133 133 133 133
-3.058883 5.298268 -0.615658 94 94 94 94
2.619067 -2.792347 -0.237535 212 212 212 212
2.071499 -0.696920 -0.231163 45 45 45 45
-0.583040 -0.526527 0.472840 130 130 130 130
1.833766 -1.057581 0.213295 174 174 174 174
-1.192558 -5.471562 -0.277832 100 100 100 100
2.797921 -1.434584 -0.251875 35 35 35 35
2.446591 -0.487137 -0.149614 24 24 24 24
-0.091414 -1.446529 -0.353628 2 2 2 2
0.093247 -0.249620 -0.476308 136 136 136 136
2.253972 -0.631278 -0.169269 166 166 166 166
3.298516 -2.189971 0.353196 137 137 137 137
3.723199 1.764887 0.475279 4 4 4 4
-0.364824 0.955170 1.128068 146 146 146 146
0.631416 0.483700 0.922514 16 16 16 16
-1.604991 -2.732918 0.309514 0 0 0 0
3.102924 -1.032831 -0.207044 151 151 151 151
2.421174 -0.376823 -0.107654 24 24 24 24
0.488687 0.647898 0.916314 140 140 140 140
0.334629 0.966187 0.252647 134 134 134 134
-0.523577 -0.545003 0.783725 88 88 88 88
0.088745 -2.597489 0.380813 95 95 95 95
-0.157253 -0.916528 -0.120032 175 175 175 175
0.483933 -1.296642 -0.621666 18 18 18 18
-0.249247 0.547514 0.087313 127 127 127 127
-0.161269 1.452063 1.240391 65 65 65 65
1.435769 -1.632813 0.577275 104 104 104 104
-0.501820 0.120960 0.651814 121 121 121 121
1.664987 -3.371798 -0.371558 3 3 3 3
-6.082851 -3.149817 -0.403074 167 167 167 167
-1.139774 0.856762 0.440963 24 24 24 24
-4.280497 5.953419 -0.746481 248 248 248 248
-4.255481 6.641946 -0.539690 1 1 1 1
2.103422 1.237645 0.269302 250 250 250 250
2.049258 -0.623933 -0.265071 179 179 179 179
4.111223 0.387068 0.397274 18 18 18 18
0.761215 2.332263 1.334582 161 161 161 161
-1.555931 -6.031170 -0.451481 163 163 163 163
-1.051227 -6.036784 -0.597606 146 146 146 146
-2.429425 -6.590750 -1.119639 222 222 222 222
0.472823 -3.417202 -0.482413 10 10 10 10
5.298740 0.707580 0.391561 124 124 124 124
5.281601 -0.816636 0.213426 191 191 191 191
3.770372 -1.712868 0.037037 157 157 157 157
0.837981 1.875153 0.566423 239 239 239 239
5.079778 1.668717 1.086653 142 142 142 142
0.329449 -2.459850 -0.549450 10 10 10 10
-3.126622 5.247117 -0.382985 177 177 177 177
-4.118627 3.277698 0.493937 189 189 189 189
1.805433 -1.065077 0.249641 30 30 30 30
2.015800 -0.848719 -0.268719 40 40 40 40
-2.350960 -6.672020 -0.686826 153 153 153 153
-0.742118 1.154340 0.997965 0 0 0 0
-2.041261 0.175705 0.319789 219 219 219 219
-0.032854 0.515775 0.456974 138 138 138 138
3.020342 -0.158253 0.280654 8 8 8 8
3.044556 0.058651 -0.276869 49 49 49 49
5.238210 0.785199 0.400458 5 5 5 5
3.719924 1.754703 0.501806 5 5 5 5
2.261007 -0.205857 -0.252268 125 125 125 125
0.553842 -4.419646 -0.179225 179 179 179 179
4.582594 0.544392 0.207211 1 1 1 1
2.415069 -0.416022 -0.141674 3 3 3 3
0.485793 0.683406 0.961937 161 161 161 161
1.835421 1.391338 0.231564 19 19 19 19
0.905026 -1.323524 0.274779 0 0 0 0
-0.915131 1.039119 0.489342 201 201 201 201
1.998957 -3.044299 -0.318296 7 7 7 7
4.579412 0.593470 0.168430 251 251 251 251
0.569741 -1.902619 -0.427894 23 23 23 23
-1.036061 -4.293411 -0.679569 167 167 167 167
-1.682208 -0.634068 -0.331297 248 248 248 248
2.550690 2.792437 0.789667 2 2 2 2
4.026093 -1.410218 0.046825 235 235 235 235
0.262259 -2.368131 0.394790 215 215 215 215
0.608675 -4.416073 -0.461389 188 188 188 188
-0.250047 -4.816694 -0.870657 184 184 184 184
3.348579 2.451746 0.486526 183 183 183 183
-4.114390 -2.880993 0.272234 49 49 49 49
-0.116248 -1.170940 -1.323589 115 115 115 115
-1.950781 0.211411 0.312297 224 224 224 224
-1.709465 0.328302 0.823392 115 115 115 115
-1.426406 0.608737 0.388812 7 7 7 7
-2.822719 2.959204 -1.364242 108 108 108 108
-2.060851 3.379833 -1.288875 108 108 108 108
1.913640 -3.293135 0.118111 173 173 173 173
1.306873 8.031614 1.553850 136 136 136 136
-2.658407 3.091561 -1.334484 144 144 144 144
-5.122375 -2.373163 0.113275 131 131 131 131
-2.816591 1.137989 -1.350710 36 36 36 36
0.486521 0.722868 1.080610 150 150 150 150
3.058929 -0.022591 -0.342028 197 197 197 197
2.703967 -0.398573 0.582562 3 3 3 3
-1.555722 0.910937 -1.334185 247 247 247 247
5.520882 1.061092 0.065710 208 208 208 208
1.788259 0.464028 0.229734 3 3 3 3
3.027473 0.634207 -0.258892 167 167 167 167
-4.066975 -2.585051 -0.453185 38 38 38 38
0.372607 -4.669329 -0.152875 80 80 80 80
-1.072246 -4.450068 -0.666281 4 4 4 4
-0.234996 -0.038168 0.874238 130 130 130 130
0.186775 -2.672769 0.332778 211 211 211 211
0.425586 -4.573032 -0.613266 210 210 210 210
2.781749 -2.582684 0.365217 110 110 110 110
2.026015 -0.869579 -0.258612 195 195 195 195
1.385326 -3.813798 -0.329133 208 208 208 208
-4.162305 -1.743844 0.378162 225 225 225 225
2.666161 -2.765290 -0.096329 233 233 233 233
-5.693735 -1.806727 0.623852 224 224 224 224
-0.944468 -5.726866 -0.403960 150 150 150 150
-4.040787 -2.674381 -0.580270 135 135 135 135
0.677719 0.478477 -1.052406 181 181 181 181
2.874502 -2.639824 0.134747 12 12 12 12
2.843051 -2.546370 -0.208638 4 4 4 4
1.772914 -1.332705 -0.048781 2 2 2 2
9.476740 -4.867448 0.054453 85 85 85 85
-4.945047 -3.472693 -0.773302 3 3 3 3
0.563645 -4.449856 -0.522799 132 132 132 132
1.163009 -3.910502 -0.408867 137 137 137 137
2.549287 -0.104597 -0.373740 64 64 64 64
0.491714 -4.617025 -0.255001 132 132 132 132
-2.208469 -3.819049 -1.148285 197 197 197 197
-4.618370 5.293707 -0.856198 79 79 79 79
-3.338682 -3.374623 -0.762782 4 4 4 4
-1.378238 -1.460909 -0.427288 4 4 4 4
-4.404335 -3.523852 -0.503443 2 2 2 2
-2.704792 -0.567252 0.651110 94 94 94 94
-0.183740 -1.615700 -0.377677 107 107 107 107
-0.352911 -2.115339 -0.403086 229 229 229 229
-3.022031 -1.951393 0.451844 170 170 170 170
-0.966259 1.034908 0.504539 193 193 193 193
-0.617339 -5.178546 -0.846347 196 196 196 196
-2.663883 -0.541088 0.675153 135 135 135 135
0.262983 0.996120 0.443108 67 67 67 67
-2.455880 -4.134959 -0.792265 251 251 251 251
-3.684827 -5.553666 -0.805852 78 78 78 78
-3.210155 -0.939686 0.581448 106 106 106 106
-3.803156 -5.350594 -0.772684 136 136 136 136
-0.992975 -2.511788 -0.588916 156 156 156 156
-1.035497 -5.796648 -0.380173 59 59 59 59
-1.093244 -5.417437 -0.336353 63 63 63 63
0.069088 0.019172 0.924017 121 121 121 121
-2.159730 -0.082233 0.288272 176 176 176 176
1.214888 1.462175 0.301602 246 246 246 246
-2.687916 -3.374025 0.176932 248 248 248 248
-2.933028 -0.745928 0.544184 133 133 133 133
-1.718997 0.404933 0.342803 31 31 31 31
-0.233367 -2.780134 -0.596679 119 119 119 119
0.008996 -4.585718 -1.089079 172 172 172 172
-1.971625 0.192807 0.314578 126 126 126 126
-6.375669 9.482106 1.035912 131 131 131 131
-2.435859 2.938691 -1.336434 148 148 148 148
-2.627758 -2.578323 -0.854077 147 147 147 147
1.837714 0.879873 1.093528 113 113 113 113
5.370668 1.230096 0.230937 152 152 152 152
1.833006 0.690461 0.242805 73 73 73 73
-1.604274 -2.556964 -0.588576 1 1 1 1
-0.271580 -0.958543 -0.258298 192 192 192 192
-0.118028 -0.194761 0.855776 210 210 210 210
3.073209 -0.110524 0.796940 139 139 139 139
-1.946727 0.209321 0.304063 30 30 30 30
-2.362866 -6.603449 -0.743402 16 16 16 16
4.405412 0.705487 -0.146121 102 102 102 102
-0.434639 -5.286919 -0.703899 132 132 132 132
2.979941 -2.151301 0.203974 159 159 159 159
0.620039 0.754267 0.966452 140 140 140 140
5.011666 0.501256 0.299899 249 249 249 249
1.649765 0.788004 0.096646 248 248 248 248
1.534513 0.762281 -0.089239 253 253 253 253
4.721536 0.586927 0.107499 3 3 3 3
1.614789 1.024224 0.192671 183 183 183 183
1.843449 -1.372242 -0.190640 153 153 153 153
2.679667 -0.116717 -0.350266 122 122 122 122
2.105147 0.957243 0.278842 124 124 124 124
0.614546 -4.494676 -0.156186 247 247 247 247
0.009101 -4.585819 -1.088551 172 172 172 172
0.148885 -4.888325 -0.244592 228 228 228 228
1.905409 -3.542296 0.064850 227 227 227 227
-1.470024 -5.972850 -0.375154 94 94 94 94
1.687274 -3.530401 -0.327309 144 144 144 144
1.774897 -1.227968 -0.314978 56 56 56 56
-0.407706 -5.180432 -0.769848 52 52 52 52
7.821216 -11.083736 3.537372 192 192 192 192
-6.086924 7.319520 4.654605 184 184 184 184
1.793821 -1.442779 0.255576 108 108 108 108
-3.304235 -2.825835 -0.754062 250 250 250 250
-1.110468 -4.867229 -0.156348 166 166 166 166
1.115613 0.480011 0.064253 34 34 34 34
-2.730201 -3.223852 -0.570567 10 10 10 10
-2.762049 -2.703240 -0.864630 126 126 126 126
-3.219465 -5.974130 -0.948198 219 219 219 219
-0.428453 -5.271901 -0.270573 46 46 46 46
2.855717 -1.923170 0.260537 142 142 142 142
-5.583302 -2.711535 -0.235171 132 132 132 132
-2.179574 -6.587579 -1.087309 5 5 5 5
-4.344662 -3.295671 -1.084980 62 62 62 62
-2.924154 -1.643355 -0.371974 138 138 138 138
2.619225 0.658971 1.067672 233 233 233 233
-4.066465 5.351243 3.577022 104 104 104 104
0.297473 -2.635394 -0.369250 5 5 5 5
-2.236678 -5.065407 -0.891445 1 1 1 1
-1.924041 3.270404 -1.223755 143 143 143 143
3.715756 -1.083433 -0.228246 59 59 59 59
-0.132919 -4.739007 -0.838270 197 197 197 197
2.178222 0.709759 -0.211464 206 206 206 206
0.365888 0.643760 0.964365 14 14 14 14
-4.530065 -4.227214 -0.644481 5 5 5 5
4.943670 1.607890 1.235461 149 149 149 149
2.729250 -2.159055 -0.262621 90 90 90 90
-0.452750 -5.339148 -0.317221 154 154 154 154
-0.164228 0.108205 0.523723 159 159 159 159
2.641698 -2.840063 -0.118276 221 221 221 221
1.806602 0.567393 0.166665 140 140 140 140
-1.059395 -2.221420 -0.005387 96 96 96 96
-1.751323 -2.859832 -0.977895 16 16 16 16
3.797317 -1.798917 0.003865 138 138 138 138
0.822084 -3.086149 0.069229 224 224 224 224
0.568827 0.273082 0.239044 247 247 247 247
6.273551 -5.907358 2.336186 102 102 102 102
-0.757465 -1.763117 0.173722 0 0 0 0
1.794610 -1.377093 0.061218 150 150 150 150
-0.228742 -1.054545 -0.288517 248 248 248 248
2.773899 -2.352719 -0.286192 127 127 127 127
-4.613202 -2.178658 0.435658 1 1 1 1
-2.702075 -2.832020 -0.718937 126 126 126 126
2.186222 -0.650484 -0.165444 13 13 13 13
-3.954659 -3.804809 -0.829824 1 1 1 1
-1.725372 -1.474949 -0.736904 240 240 240 240
-1.747935 -1.487099 -0.419769 125 125 125 125
-2.238472 -1.833544 0.511245 96 96 96 96
-2.835117 -6.663728 -0.634539 215 215 215 215
-3.189112 -5.991292 -0.973247 46 46 46 46
-2.275136 -4.150866 -0.900415 247 247 247 247
-0.878322 -3.400000 0.177564 94 94 94 94
2.978862 2.665640 0.770840 16 16 16 16
-0.017555 -4.599459 -0.837540 143 143 143 143
-2.192332 1.428808 -1.565326 157 157 157 157
-2.403014 -3.121263 -0.623844 140 140 140 140
5.303749 0.766428 0.414772 245 245 245 245
-2.430573 -2.063371 -0.018948 6 6 6 6
-2.035937 -0.049071 0.908703 58 58 58 58
-1.427774 0.638850 0.397453 5 5 5 5
3.457864 -10.370385 0.678560 103 103 103 103
1.477320 0.780437 -0.276724 23 23 23 23
0.914737 0.188614 0.907458 126 126 126 126
-0.751789 -0.113891 0.825522 189 189 189 189
-0.649681 -1.525356 -0.975706 127 127 127 127
-0.043010 3.362851 1.059866 207 207 207 207
1.170101 0.697561 0.173812 252 252 252 252
1.346083 -3.843115 -0.457938 194 194 194 194
2.340680 -1.871143 -0.367093 197 197 197 197
0.347313 -4.780216 -0.261266 138 138 138 138
0.196889 -4.826759 -0.291234 133 133 133 133
1.172926 0.882234 -0.154005 12 12 12 12
-4.248871 -1.679832 -0.083201 18 18 18 18
5.200247 -0.258300 0.885466 140 140 140 140
0.907463 0.320889 -0.203784 24 24 24 24
-4.408321 -1.869609 -0.118721 180 180 180 180
-2.663784 -0.484901 0.639218 195 195 195 195
-2.009921 -3.761616 -1.000464 196 196 196 196
-2.440180 -5.268665 -0.784020 6 6 6 6
-2.791883 -5.458117 -0.943919 19 19 19 19
-31.334586 -10.217244 -3.670910 188 188 188 188
-4.330577 -1.779967 0.391889 223 223 223 223
-3.588237 -1.296651 0.007945 35 35 35 35
-8.558268 6.327317 4.621663 92 92 92 92
3.499621 1.594463 1.210448 123 123 123 123
-4.021647 -4.834786 -0.736307 1 1 1 1
-2.783211 -3.041399 -0.414015 194 194 194 194
2.456312 -2.819287 -0.222919 205 205 205 205
3.116402 -0.123414 0.768086 32 32 32 32
-1.898642 -6.300364 -1.068178 138 138 138 138
-0.203086 -1.606058 -0.368240 104 104 104 104
2.401440 -2.988683 -0.151008 212 212 212 212
2.235562 -0.600532 -0.158661 195 195 195 195
-1.058490 -5.811487 -0.810968 134 134 134 134
-3.193244 -0.923191 0.610549 218 218 218 218
4.700284 1.185509 1.202793 243 243 243 243
1.867466 -2.688222 0.280941 109 109 109 109
-2.168185 -6.642254 -0.781125 1 1 1 1
0.340983 -3.424404 -0.514552 221 221 221 221
-3.846526 -2.920559 -0.304185 124 124 124 124
0.018978 -4.640610 -0.704186 1 1 1 1
2.919007 -1.465868 -0.327051 119 119 119 119
-2.244135 -4.198245 -0.953377 73 73 73 73
-3.188910 -5.981980 -0.970666 34 34 34 34
-2.244282 -1.854084 0.484874 0 0 0 0
-2.667815 -0.540983 0.659029 0 0 0 0
0.480136 -1.461272 -0.305419 23 23 23 23
-1.209776 -1.050385 0.655101 229 229 229 229
0.245702 -3.391238 -0.563021 206 206 206 206
1.098678 -4.054428 -0.011732 49 49 49 49
1.359690 -3.859893 -0.252447 14 14 14 14
-1.725132 -2.749751 -0.663011 3 3 3 3
-2.513047 -6.000953 -0.372268 204 204 204 204
0.402572 -2.991130 -0.502620 211 211 211 211
2.754977 -12.073262 -0.749364 147 147 147 147
-2.820951 -2.675292 -0.720154 45 45 45 45
-2.816518 -2.660770 -0.917067 128 128 128 128
-2.795818 -6.598042 -0.583134 61 61 61 61
-16.348046 -18.713991 3.192649 187 187 187 187
-2.886959 -1.888358 0.491405 64 64 64 64
-3.071964 -1.928791 0.147002 107 107 107 107
0.092675 -4.933643 -0.252233 215 215 215 215
1.998422 -1.106289 -0.061304 140 140 140 140
-4.723683 -1.426360 -1.301457 178 178 178 178
-2.437861 -2.072179 -0.026842 106 106 106 106
-4.389642 -3.474536 0.184381 165 165 165 165
-2.940159 -0.645396 0.615613 133 133 133 133
-3.684392 -5.183577 -1.039691 6 6 6 6
-0.486300 -0.773306 -0.288634 147 147 147 147
-2.023016 -0.093516 0.889937 142 142 142 142
0.172414 -2.357623 0.383124 223 223 223 223
1.585115 -2.187228 -0.365597 45 45 45 45
1.955216 -1.519062 0.032627 167 167 167 167
0.386325 -3.364103 -0.577519 242 242 242 242
0.859849 -3.489407 0.157218 220 220 220 220
0.311943 -3.371112 -0.694628 28 28 28 28
0.290652 -3.408406 -0.601832 4 4 4 4
0.138729 -2.984055 -0.355300 1 1 1 1
-0.045544 -3.159031 -0.940367 123 123 123 123
-3.441689 -2.560419 0.360601 171 171 171 171
-2.911703 -0.653050 0.143802 115 115 115 115
-2.203379 -1.197500 -0.248126 146 146 146 146
-1.347400 -4.487269 -0.820869 3 3 3 3
-0.245886 -1.258802 -0.311031 7 7 7 7
0.146545 -2.740095 -0.605721 8 8 8 8
-1.779743 -0.844773 -0.571924 175 175 175 175
-1.855252 -0.905521 -0.214073 54 54 54 54
-1.833498 -0.850978 -0.585396 52 52 52 52
2.664505 -2.170055 -0.300553 182 182 182 182
-1.209825 -1.070377 0.642373 187 187 187 187
2.795844 -2.279216 0.122700 138 138 138 138
-0.149162 -1.393501 -0.331087 2 2 2 2
-0.099907 -1.839312 -0.417278 252 252 252 252
-0.066481 -1.932448 -0.260237 123 123 123 123
-0.099765 -1.790414 -0.377538 251 251 251 251
0.207084 -2.220339 -0.449174 129 129 129 129
-3.638482 -5.475222 -0.862898 202 202 202 202
-0.939783 -4.364531 -0.727118 18 18 18 18
-1.736231 0.395278 0.950286 118 118 118 118
-2.192828 -6.611837 -0.803411 2 2 2 2
-0.473526 -0.686921 -0.317033 43 43 43 43
1.722659 -2.674135 -0.395997 24 24 24 24
0.037845 -4.974202 -0.333469 129 129 129 129
3.128738 2.268814 0.651823 249 249 249 249
2.599771 -0.518324 0.297357 32 32 32 32
1.744603 -1.313686 -0.075895 159 159 159 159
-0.267718 -0.396540 -0.465767 92 92 92 92
3.375049 0.034481 0.954343 251 251 251 251
-0.440569 -0.800473 -0.306891 188 188 188 188
-4.733713 -1.275476 -1.640274 190 190 190 190
-4.511767 -4.299540 -0.712030 119 119 119 119
-0.868790 -3.799022 -0.062149 0 0 0 0
-1.403042 -5.729658 -1.133198 176 176 176 176
-1.732247 -2.901681 -0.980339 188 188 188 188
3.003307 -2.374044 -0.067692 128 128 128 128
3.765513 -15.103843 -0.959926 112 112 112 112
-1.299389 -5.749053 -0.868060 152 152 152 152
2.675270 -2.762882 -0.125199 216 216 216 216
-3.470826 -2.738889 -0.987009 9 9 9 9
-4.039347 -3.270402 -0.688482 140 140 140 140
-1.052838 -5.889050 -0.567327 137 137 137 137
2.265557 -3.025070 -0.260090 228 228 228 228
2.735423 -2.674586 -0.133423 158 158 158 158
-4.922863 -3.408335 -0.933450 236 236 236 236
-4.734483 -1.599490 -1.468979 153 153 153 153
-4.371061 -3.606896 -0.689917 185 185 185 185
-4.716679 -1.259334 -1.716092 44 44 44 44
-2.509206 -5.884694 0.456143 97 97 97 97
-3.668567 -5.455057 -0.869167 73 73 73 73
-4.601886 -2.040530 -0.423351 122 122 122 122
-3.268567 -6.162125 -0.618804 204 204 204 204
2.845141 2.631500 0.723738 248 248 248 248
2.225366 -2.895007 -0.331630 163 163 163 163
1.896509 -2.632199 0.342094 236 236 236 236
-1.181320 -5.374137 -0.264009 146 146 146 146
-4.063484 -2.910856 0.275712 157 157 157 157
-0.313079 -4.895790 -0.826433 106 106 106 106
0.312041 -4.671294 -0.476165 107 107 107 107
-2.348371 -4.996803 -0.673695 35 35 35 35
-2.164903 -6.769613 -0.894778 7 7 7 7
-1.766492 -6.402303 -0.607116 170 170 170 170
-4.959880 -3.439626 -0.824879 212 212 212 212
-1.994881 -4.174713 0.002336 225 225 225 225
-3.556189 -4.110042 -0.552414 6 6 6 6
-1.660488 -5.860911 -1.252759 244 244 244 244
-5.038074 -3.464927 -0.827533 156 156 156 156
-3.101793 -1.961051 -0.045807 18 18 18 18
-5.527191 -2.956257 0.057465 148 148 148 148
1.182962 0.961793 -0.060946 187 187 187 187
-0.602331 0.190891 -0.329871 166 166 166 166
0.648928 1.028455 -0.085109 1 1 1 1
0.185762 0.857247 0.295528 2 2 2 2
1.171104 0.971496 0.178139 228 228 228 228
1.304421 0.989201 0.020996 9 9 9 9
1.093799 1.349392 -0.080546 14 14 14 14
-1.921311 -0.839531 -0.298327 137 137 137 137
0.446636 0.672191 1.006791 93 93 93 93
1.948206 -1.096666 0.611771 20 20 20 20
1.249052 0.474257 0.096270 251 251 251 251
1.944281 -1.511069 -0.169808 175 175 175 175
2.736735 -0.555841 0.418599 127 127 127 127
2.641592 -1.866469 -0.175233 5 5 5 5
-1.516426 -3.641921 -0.809726 8 8 8 8
1.384887 -3.849599 -0.026186 166 166 166 166
-3.198255 -0.913376 0.567488 224 224 224 224
-4.742666 -1.019809 -1.588113 2 2 2 2
-4.747217 -1.156990 -1.469406 183 183 183 183
-2.892903 -0.571705 0.201190 128 128 128 128
-2.295246 -1.299572 0.099960 196 196 196 196
-2.183053 -1.854504 0.480440 81 81 81 81
-2.789653 -1.994850 0.024164 138 138 138 138
-1.942640 0.140185 0.317785 179 179 179 179
-1.942155 0.205089 0.316438 47 47 47 47
-1.955235 0.085083 0.798126 95 95 95 95
-2.363348 -0.227900 -0.259383 145 145 145 145
-1.420536 -3.127596 -0.387419 21 21 21 21
-0.821013 -5.645597 -0.502048 149 149 149 149
-1.337127 -3.257188 -0.670419 205 205 205 205
-1.135954 -3.546454 0.146813 88 88 88 88
1.387781 -3.912237 0.011764 93 93 93 93
-3.000565 -2.680101 -0.665125 151 151 151 151
-4.115751 -2.594182 -0.983726 97 97 97 97
-4.324690 -2.403924 -1.113213 126 126 126 126
-2.925056 -0.675508 0.620673 251 251 251 251
-2.771894 -4.130710 1.874580 188 188 188 188
-3.906875 -5.121947 -0.820704 17 17 17 17
-3.498628 -5.718922 -0.909334 192 192 192 192
-2.968755 -6.373731 -0.658217 132 132 132 132
-3.746487 -5.232114 -0.731612 127 127 127 127
-4.235927 -1.750850 0.390015 248 248 248 248
-2.470055 -5.327085 -0.707668 61 61 61 61
-4.779603 -0.825220 -1.102502 124 124 124 124
-5.517428 -0.601419 1.084828 105 105 105 105
-4.757198 -0.775588 -1.448696 249 249 249 249
-4.762656 -0.901205 -1.068942 152 152 152 152
1.903791 -1.477496 -0.110233 159 159 159 159
-0.739077 -0.131065 0.832028 38 38 38 38
-1.004732 -0.861916 0.707298 217 217 217 217
-2.468596 -3.422462 0.237598 182 182 182 182
0.623166 -3.407216 -0.487173 13 13 13 13
-0.965705 -3.669699 -0.504164 10 10 10 10
1.887796 -3.419096 -0.216291 13 13 13 13
-1.565220 -2.725858 -0.426765 114 114 114 114
-4.425266 -3.555878 -0.382661 2 2 2 2
-4.899343 -3.426546 -0.831380 42 42 42 42
-4.163874 -4.656804 -0.658222 142 142 142 142
-4.008964 -4.860715 -0.732549 4 4 4 4
-3.612584 -5.087793 -1.189038 58 58 58 58
-5.493639 -2.638770 -0.292154 10 10 10 10
-4.861106 -1.781409 -1.103492 31 31 31 31
-3.443757 -5.781436 -0.423229 27 27 27 27
-2.692616 -0.428418 0.678442 220 220 220 220
1.881079 -1.193571 0.134729 149 149 149 149
-1.292034 -1.306602 -0.703319 148 148 148 148
-1.692629 -1.836152 -0.251846 133 133 133 133
-0.866658 -5.601826 -0.841514 205 205 205 205
47.647882 -30.837787 1.427982 90 90 90 90
0.824245 -4.078855 -0.078830 74 74 74 74
0.051190 -4.656354 -0.711268 184 184 184 184
-4.856332 -3.453631 -0.852866 1 1 1 1
-4.149270 -2.519060 -0.659869 127 127 127 127
-4.017612 -4.817877 -0.804332 232 232 232 232
-3.337923 -4.291357 -0.803371 17 17 17 17
-17.798465 -1.023235 -1.469751 24 24 24 24
-5.166348 -2.433200 -0.209656 131 131 131 131
1.921605 -1.475228 -0.111589 168 168 168 168
2.503828 -1.732450 0.083791 2 2 2 2
2.404038 -1.657230 0.210714 131 131 131 131
-0.107729 -4.363757 0.002760 160 160 160 160
-1.348841 -4.836802 -0.190949 95 95 95 95
-1.193583 0.624946 0.438779 175 175 175 175
-2.889981 -0.762954 0.548610 57 57 57 57
-0.279381 0.494822 0.131746 81 81 81 81
-0.573026 0.022018 0.886151 69 69 69 69
0.298466 -3.457082 -0.452215 2 2 2 2
-0.141251 -4.731710 -0.844644 203 203 203 203
1.822718 -0.818057 -0.480130 51 51 51 51
-2.425460 -5.228439 -0.751019 251 251 251 251
2.279050 -11.344675 -0.486398 237 237 237 237
-1.877274 -4.431809 -0.010498 132 132 132 132
-1.783404 -1.802179 0.051323 55 55 55 55
3.536539 -0.800793 0.079402 147 147 147 147
3.577614 1.868566 -0.050067 132 132 132 132
5.610812 1.046061 0.164622 82 82 82 82
3.092106 -0.323282 0.856735 192 192 192 192
-0.904300 -5.757358 -0.364924 84 84 84 84
-3.967563 -2.735951 0.281950 48 48 48 48
-2.517878 -1.853355 0.507118 131 131 131 131
-4.207425 -2.642482 -0.695232 3 3 3 3
3.289923 -0.523940 0.084214 32 32 32 32
2.317850 -1.875710 -0.362981 189 189 189 189
2.434357 -0.615823 0.619859 8 8 8 8
-0.273744 -1.057887 -0.186567 30 30 30 30
4.116509 2.046016 0.091233 2 2 2 2
2.519772 -1.772354 -0.172861 157 157 157 157
0.413027 0.664101 0.950326 183 183 183 183
0.950152 1.330679 -0.023959 142 142 142 142
-0.202942 0.498689 -0.262915 150 150 150 150
0.123534 0.796405 0.048391 61 61 61 61
3.654105 1.844257 0.575282 179 179 179 179
2.917855 -2.625555 -0.081896 188 188 188 188
-1.771730 -1.908937 -0.749638 252 252 252 252
1.685200 -3.587097 -0.349357 179 179 179 179
2.988153 -2.574701 0.291360 152 152 152 152
-1.527036 -2.080991 -0.451141 241 241 241 241
-0.739838 -1.979330 0.112627 214 214 214 214
1.320919 -3.974742 -0.087213 90 90 90 90
1.405728 -3.746940 -0.401908 150 150 150 150
-0.283383 -4.839436 -0.857579 110 110 110 110
-2.912359 -6.901256 -0.660295 195 195 195 195
-3.414543 -5.841077 -0.591878 145 145 145 145
-2.867273 -6.645477 -0.594491 69 69 69 69
-9.785217 -14.693542 -2.256539 82 82 82 82
-1.792466 -6.245452 -0.996363 16 16 16 16
1.524729 1.133680 0.332042 95 95 95 95
-2.426058 -3.139011 -0.636329 140 140 140 140
-1.447565 -3.066070 -0.382995 62 62 62 62
-3.987686 -2.844211 0.242206 36 36 36 36
0.328730 0.632679 0.984736 173 173 173 173
3.081929 -2.664355 -0.016283 1 1 1 1
2.561426 0.209593 -0.338667 47 47 47 47
1.845239 -1.371404 -0.264686 98 98 98 98
2.055329 -2.834793 -0.567868 29 29 29 29
2.401183 -3.052447 -0.293214 203 203 203 203
2.304447 -1.195840 -0.261905 85 85 85 85
2.661801 2.006658 1.318339 50 50 50 50
0.751333 -1.071354 0.440002 148 148 148 148
1.375863 0.653183 -0.192610 244 244 244 244
1.639505 -0.854653 -0.556309 59 59 59 59
-3.853439 -5.210962 -0.407894 219 219 219 219
4.345059 -5.809015 -0.083619 224 224 224 224
4.362571 -1.449098 0.549887 136 136 136 136
1.754048 -3.406091 0.115428 59 59 59 59
1.663449 0.654855 0.167489 250 250 250 250
-1.458564 -5.772918 -1.084039 30 30 30 30
-2.505979 -5.102134 -0.837537 238 238 238 238
-2.847772 -4.297225 0.548536 102 102 102 102
-1.573339 -2.099956 -0.294063 248 248 248 248
-4.606450 -2.169176 0.437504 1 1 1 1
-4.356375 -3.489396 -0.387415 3 3 3 3
-8.243188 -1.933474 -0.051366 110 110 110 110
-1.736289 -0.946186 0.640904 209 209 209 209
4.010937 2.477363 0.500330 147 147 147 147
-1.173039 0.727957 0.458504 183 183 183 183
1.809780 1.669371 1.260437 140 140 140 140
5.416367 0.365415 1.020967 209 209 209 209
1.715720 -1.080233 0.123581 173 173 173 173
-0.296390 0.511567 0.222878 251 251 251 251
3.678917 3.322312 1.489158 135 135 135 135
1.070988 1.369780 0.173821 16 16 16 16
0.040088 -2.773524 -0.625593 197 197 197 197
0.010123 -2.761435 -0.620677 11 11 11 11
-0.775270 -2.805841 -0.951280 6 6 6 6
0.309948 -3.523800 -0.758302 15 15 15 15
1.234036 -1.534347 0.566879 238 238 238 238
2.830871 -2.008250 -0.254120 71 71 71 71
2.208316 -2.833154 -0.369170 47 47 47 47
2.588715 -1.714558 0.029036 169 169 169 169
2.758237 -3.137560 0.039794 135 135 135 135
2.387563 -1.597020 -0.238382 3 3 3 3
1.720790 -1.376140 0.024869 56 56 56 56
1.840382 -1.661657 -0.379217 127 127 127 127
-0.790938 -6.098698 -0.394605 60 60 60 60
-2.396701 -4.956235 -0.881604 252 252 252 252
2.262346 -1.181448 0.773641 118 118 118 118
-1.840171 -6.194946 -0.978031 184 184 184 184
-2.257350 -5.247096 -0.762369 7 7 7 7
-0.534482 -3.629093 -0.286356 0 0 0 0
-1.001752 -3.124355 -0.695869 248 248 248 248
3.393732 -0.439720 0.436952 151 151 151 151
20.884786 5.296830 15.548337 0 0 0 0
-4.120620 -2.783316 -0.455800 231 231 231 231
7.366199 1.307329 0.539488 75 75 75 75
-3.995365 -4.801933 -0.786741 125 125 125 125
-3.975125 -1.507579 0.428612 238 238 238 238
-4.369639 -3.151832 -0.112540 124 124 124 124
-4.091304 -2.579633 -0.501840 16 16 16 16
-0.201776 0.353589 0.961695 153 153 153 153
0.269612 0.152238 0.890559 247 247 247 247
2.526853 -0.587439 0.232301 140 140 140 140
2.231631 3.468308 1.101750 171 171 171 171
1.811277 -1.410646 -0.182755 60 60 60 60
3.861820 1.780633 0.433181 63 63 63 63
1.767157 -1.310747 0.397009 153 153 153 153
5.625503 1.018033 0.093446 34 34 34 34
3.501361 -1.101452 -0.284068 215 215 215 215
2.466561 0.078878 0.953137 235 235 235 235
0.939854 -0.086573 0.888485 163 163 163 163
2.832471 -2.500860 0.385327 90 90 90 90
-0.358536 -5.993213 -0.746545 76 76 76 76
-0.014095 -3.407956 -1.095304 160 160 160 160
0.282836 -4.579952 -0.561327 129 129 129 129
1.942134 -3.122821 -0.283631 202 202 202 202
1.099002 -3.838937 -0.478485 24 24 24 24
1.882705 -2.976655 -0.527013 56 56 56 56
1.626420 -3.736751 -0.096794 107 107 107 107
1.370814 -3.781623 -0.226847 132 132 132 132
0.577244 -3.513806 -0.468352 128 128 128 128
-2.464796 -6.667605 -0.716324 94 94 94 94
-3.367621 -5.916888 -0.501844 37 37 37 37
4.145337 2.324460 0.139474 149 149 149 149
3.509867 -1.024597 -0.288473 117 117 117 117
2.533640 -0.707074 0.072179 159 159 159 159
1.776852 -1.379866 0.458487 182 182 182 182
-3.155984 -0.843633 0.076535 214 214 214 214
-3.050182 -1.913884 0.384698 194 194 194 194
-1.604759 -2.442259 -0.579761 18 18 18 18
-4.190493 -2.928440 0.199807 244 244 244 244
-2.768981 -1.546947 -0.321090 216 216 216 216
-1.482077 -2.766887 -0.374984 245 245 245 245
-4.065418 -2.552381 -0.560407 217 217 217 217
0.174053 -1.338620 -0.389827 16 16 16 16
-2.796650 -0.678726 0.761445 73 73 73 73
0.289531 0.996104 0.138375 188 188 188 188
0.319273 0.208194 0.923340 95 95 95 95
1.821357 3.201227 1.437857 63 63 63 63
-2.167651 -0.031025 0.265725 48 48 48 48
-0.429250 0.655364 0.003398 28 28 28 28
-0.561822 0.135746 0.390506 204 204 204 204
-0.583408 0.193641 0.018106 159 159 159 159
-0.747703 -0.106420 0.802926 37 37 37 37
2.821594 -0.502162 0.518976 122 122 122 122
-0.846811 -0.011970 0.033900 8 8 8 8
-0.752311 -0.097670 0.855501 64 64 64 64
-0.633926 0.109356 0.071553 4 4 4 4
-1.723015 0.141837 0.704138 127 127 127 127
4.508286 -0.963214 -0.041719 0 0 0 0
-3.322090 -2.697998 0.270793 134 134 134 134
3.060277 2.641054 0.713123 228 228 228 228
2.900092 -0.551266 0.564423 1 1 1 1
3.945066 2.153666 0.469911 234 234 234 234
3.545681 -1.961337 0.017060 127 127 127 127
3.627880 1.709400 0.244665 191 191 191 191
-0.062158 -1.937361 -0.381109 28 28 28 28
2.821342 -0.638802 0.734280 135 135 135 135
5.983141 0.879225 0.102859 87 87 87 87
-0.079643 -1.809828 -0.417489 110 110 110 110
-1.063567 -3.177950 -0.663159 68 68 68 68
2.411172 1.934604 0.502521 4 4 4 4
0.126213 -4.693998 -0.910089 131 131 131 131
1.308091 2.088740 0.459930 148 148 148 148
0.183558 -4.772877 -0.628288 129 129 129 129
0.414128 -2.592625 0.342923 132 132 132 132
-0.434205 -5.247032 -0.286203 139 139 139 139
6.003029 -0.119157 0.832143 167 167 167 167
1.980033 1.106670 -0.164212 220 220 220 220
-1.154600 -5.910931 -0.440397 58 58 58 58
3.185834 -0.242696 0.393039 168 168 168 168
-0.562512 -6.319994 -0.518146 218 218 218 218
-2.411090 -6.588460 -1.029470 206 206 206 206
-11.553198 6.153237 1.352702 164 164 164 164
-2.416040 -6.390312 -1.076496 30 30 30 30
-1.659755 -4.163637 -0.000804 211 211 211 211
-3.793982 -5.292202 -0.752729 130 130 130 130
1.761484 -1.305285 -0.037657 167 167 167 167
-4.025389 -4.745182 -0.596404 149 149 149 149
4.454022 -1.168261 0.688655 104 104 104 104
-2.803211 -1.558293 -0.259481 22 22 22 22
-2.991979 -1.772109 -0.380143 167 167 167 167
-0.463067 -1.550541 0.552817 79 79 79 79
1.133138 1.139943 0.102320 73 73 73 73
0.359963 0.270393 0.903413 69 69 69 69
-1.317445 -0.854781 0.222503 215 215 215 215
1.260648 1.608828 -0.033937 35 35 35 35
-2.693497 -0.520390 0.672882 65 65 65 65
-1.802056 -0.762323 -0.221099 48 48 48 48
1.887673 1.429218 0.209943 58 58 58 58
1.953532 -1.099874 0.667290 34 34 34 34
3.519818 -0.823373 0.634907 56 56 56 56
-2.309449 -5.369366 -0.724409 249 249 249 249
2.369036 -1.538306 -0.177530 183 183 183 183
3.434327 2.223805 0.462954 232 232 232 232
2.829114 1.605513 0.239032 252 252 252 252
0.136551 -4.881471 -0.703071 77 77 77 77
1.332450 -3.888645 -0.182605 204 204 204 204
3.632774 2.196535 0.445250 243 243 243 243
-2.367363 -6.619944 -0.566871 12 12 12 12
-2.071875 -6.243808 -1.164609 93 93 93 93
-2.295505 -6.566396 -1.076063 8 8 8 8
-2.696917 -4.968497 -0.801174 149 149 149 149
1.595328 -3.673141 -0.331159 134 134 134 134
-4.144785 -4.613446 -0.718072 153 153 153 153
-4.217219 -1.736725 0.373010 210 210 210 210
-0.989500 1.068502 0.955855 53 53 53 53
-0.222211 -0.797567 -0.252037 40 40 40 40
2.001414 3.340722 1.122602 125 125 125 125
1.810795 -1.027069 0.108030 8 8 8 8
3.440825 2.602745 0.704123 250 250 250 250
1.811845 -1.315332 -0.134133 130 130 130 130
-0.289977 -4.865622 -0.924116 128 128 128 128
-0.254871 -4.812296 -0.707088 250 250 250 250
-0.422401 -5.246251 -0.270503 6 6 6 6
-0.566959 -5.183992 -0.588727 115 115 115 115
-1.442147 -6.055187 -1.070617 129 129 129 129
-1.753286 -4.206399 0.033008 98 98 98 98
-1.101403 -3.594873 -0.808414 8 8 8 8
-1.214411 -3.776139 -0.623790 101 101 101 101
4.752393 -0.784564 -0.213468 126 126 126 126
-0.959522 -3.600089 -0.646229 72 72 72 72
-2.574058 -3.337114 -1.069198 222 222 222 222
-2.255441 -4.950027 -0.968959 142 142 142 142
-1.283899 0.624094 -1.716296 29 29 29 29
-0.776702 0.074135 -0.035139 1 1 1 1
3.269167 -0.510991 0.047852 199 199 199 199
10.161510 -7.874831 -0.944326 132 132 132 132
1.544940 -0.041526 0.750281 176 176 176 176
1.965550 -2.656683 0.347394 220 220 220 220
0.163327 -3.064280 -0.690001 199 199 199 199
0.016211 -2.945261 -0.650692 250 250 250 250
3.599215 2.375030 0.647167 2 2 2 2
-0.038974 -4.612136 -0.818694 77 77 77 77
3.279961 -0.518119 0.042494 176 176 176 176
-1.442481 2.072481 -1.409465 125 125 125 125
-0.597497 -5.459253 -0.402884 237 237 237 237
-1.335127 -5.886364 -0.379480 154 154 154 154
2.726581 1.655756 0.089762 157 157 157 157
-1.523128 -2.792847 -0.320930 84 84 84 84
1.563562 -2.640582 -0.474129 253 253 253 253
3.533829 1.753411 0.164235 156 156 156 156
-1.498632 -5.991570 -0.393249 119 119 119 119
-3.231459 -6.056646 -0.471994 7 7 7 7
3.280124 2.690923 0.603774 239 239 239 239
4.031607 -1.475191 0.554468 241 241 241 241
-1.929508 -1.897727 -0.810452 176 176 176 176
-1.569650 -1.734371 -0.429948 32 32 32 32
-1.973717 -0.956630 -0.470229 126 126 126 126
-4.828583 -2.206801 -0.163402 181 181 181 181
1.098766 1.406922 0.288317 3 3 3 3
-0.063034 0.667276 0.222976 139 139 139 139
-0.592029 -5.386073 -0.790019 185 185 185 185
1.378825 -3.839225 -0.513422 193 193 193 193
1.675677 -3.391829 -0.425781 201 201 201 201
-0.004562 -4.624887 -0.780776 203 203 203 203
-1.380782 -2.245710 -0.544848 186 186 186 186
2.663088 -2.295969 0.332753 131 131 131 131
-0.079451 -1.909302 -0.328358 121 121 121 121
-1.176465 -3.288563 -0.726783 2 2 2 2
-2.485400 -6.931839 -0.850642 170 170 170 170
-2.454447 -5.178077 -0.791330 147 147 147 147
3.793662 -1.200335 -0.183228 101 101 101 101
4.201845 -1.412676 0.570911 112 112 112 112
-0.410009 -5.232250 -0.621901 193 193 193 193
3.555291 -0.838187 0.352105 140 140 140 140
-2.793433 -4.952930 -0.194960 193 193 193 193
-2.638324 -5.262462 -0.789455 3 3 3 3
-0.537365 -5.424845 -0.770970 133 133 133 133
-2.397113 -5.259188 -0.749242 241 241 241 241
-4.893233 -3.416520 -0.656293 12 12 12 12
-3.997174 -4.801253 -0.801381 249 249 249 249
-3.554828 -5.399020 -0.846013 175 175 175 175
-4.037013 -4.791853 -0.724236 3 3 3 3
-3.500691 -5.051359 -1.086831 247 247 247 247
-1.725594 -1.715077 -0.433835 146 146 146 146
-3.034805 -1.772098 -0.230323 163 163 163 163
-1.916795 -1.880313 -0.804361 3 3 3 3
-0.159361 0.674989 0.060072 240 240 240 240
-2.838211 -1.492375 -0.284250 120 120 120 120
-3.872794 -1.478382 0.414244 143 143 143 143
-3.056096 -1.874140 0.488702 14 14 14 14
-4.084223 -1.353432 0.465691 83 83 83 83
-0.659163 1.154529 0.999352 163 163 163 163
-1.239675 0.209953 -1.792682 12 12 12 12
-1.778510 -0.991652 0.622847 213 213 213 213
3.036951 -2.120792 0.235958 30 30 30 30
1.411828 1.114011 0.391141 113 113 113 113
3.682832 3.544870 0.875392 103 103 103 103
1.692643 0.543672 0.175595 118 118 118 118
-1.818740 -0.959396 0.127503 103 103 103 103
-4.547346 -2.041464 -0.397775 46 46 46 46
0.116263 -2.543091 0.386782 90 90 90 90
4.815205 -0.970587 0.159858 186 186 186 186
-0.988865 -3.801082 -0.525310 12 12 12 12
-0.123932 -2.880669 -0.667141 230 230 230 230
3.802531 -1.830193 0.237863 230 230 230 230
-2.327102 -6.652550 -0.574859 213 213 213 213
-1.580334 -6.057892 -0.506498 67 67 67 67
-2.121200 -6.660643 -1.029278 224 224 224 224
-2.029223 -6.011391 -1.256732 240 240 240 240
-2.172159 -6.679819 -0.786021 1 1 1 1
-1.677147 -5.954210 -1.236365 20 20 20 20
-2.138907 -6.762897 -0.814205 226 226 226 226
-0.604099 -5.388517 -0.797568 203 203 203 203
-2.545928 -6.797624 -0.607718 155 155 155 155
-2.006502 -6.303671 -1.222507 68 68 68 68
-2.111596 -6.710060 -0.591332 123 123 123 123
-3.742317 -5.222038 -0.860658 203 203 203 203
-3.691138 -5.503609 -0.840106 98 98 98 98
-4.100434 -4.746518 -0.589839 115 115 115 115
-2.209730 0.098935 0.474974 108 108 108 108
4.030693 -1.551328 0.456596 42 42 42 42
-3.238614 -2.669981 0.328484 99 99 99 99
-3.881515 -1.166201 0.472125 129 129 129 129
2.543062 2.770148 0.854827 216 216 216 216
-0.529728 1.092582 -0.016287 183 183 183 183
-1.293150 -0.795079 0.726873 254 254 254 254
-2.068442 -6.589444 -0.967842 249 249 249 249
-2.491314 -6.698865 -0.856740 60 60 60 60
-0.962736 -3.954819 -0.630680 95 95 95 95
-0.037988 -2.719207 -0.871089 63 63 63 63
1.997003 -2.903469 -0.542785 216 216 216 216
1.602316 -3.403379 -0.377699 9 9 9 9
-0.910096 -4.046502 -0.660842 136 136 136 136
-2.398060 -6.691115 -0.548420 191 191 191 191
-1.882457 -5.834686 -1.213512 223 223 223 223
-2.208330 -6.521464 -1.084625 172 172 172 172
-0.600641 -5.127384 -0.843553 112 112 112 112
-3.963892 -3.676719 -0.771124 210 210 210 210
-3.683695 -5.548082 -0.821059 221 221 221 221
-2.768603 -4.962790 -0.822282 7 7 7 7
-3.275819 -0.750637 0.127166 175 175 175 175
-2.406314 -3.005359 -0.884313 213 213 213 213
-1.763976 -2.706038 -0.945514 250 250 250 250
-1.922304 -1.498816 -0.435940 31 31 31 31
-1.632394 -3.100176 -1.037237 223 223 223 223
-1.756635 -2.866026 -0.993756 2 2 2 2
-2.975876 -1.725932 -0.315863 84 84 84 84
-2.869391 -3.032214 -0.057651 184 184 184 184
-5.456034 -2.500737 -0.261383 158 158 158 158
-0.737943 0.098887 0.172795 190 190 190 190
3.567957 1.983463 0.323216 6 6 6 6
-2.945817 3.202662 -1.267585 124 124 124 124
2.267749 -1.467711 0.107670 168 168 168 168
0.595009 -4.414897 -0.080651 104 104 104 104
4.036515 2.227697 0.145580 248 248 248 248
-0.237469 -4.835870 -0.818849 5 5 5 5
-2.591850 -6.772504 -0.581815 197 197 197 197
-1.635564 -6.386712 -0.548039 255 255 255 255
5.247670 -0.502624 0.832775 155 155 155 155
-4.047923 -4.915515 -0.754633 7 7 7 7
-3.453076 -5.773127 -0.450534 134 134 134 134
-1.691004 -2.943243 -0.682755 226 226 226 226
-2.389377 -3.692907 -0.823145 8 8 8 8
-2.817993 -0.448059 0.617719 91 91 91 91
-1.610004 -3.116307 -1.029507 209 209 209 209
0.105322 1.784007 0.662307 17 17 17 17
-5.509417 -2.568382 -0.252384 179 179 179 179
-4.023850 -3.349865 -0.216097 211 211 211 211
-0.942457 0.881876 0.937806 202 202 202 202
-0.735224 -0.064670 0.863396 2 2 2 2
-0.081586 -2.091142 -0.478592 3 3 3 3
4.409892 0.481684 0.118189 1 1 1 1
-0.791032 0.247985 0.324414 103 103 103 103
5.565656 -1.577808 -0.011931 105 105 105 105
-4.097477 -3.596165 -0.546192 248 248 248 248
-3.630358 -5.491134 -0.763409 17 17 17 17
-4.069309 -2.905693 0.091321 112 112 112 112
-4.119090 -2.678930 0.100919 232 232 232 232
-2.552381 -6.235448 -1.202944 2 2 2 2
-2.387342 -3.221791 -0.648243 156 156 156 156
0.194662 0.775713 0.242079 39 39 39 39
-0.477974 0.688340 -0.017799 197 197 197 197
4.110313 -1.341637 0.651591 51 51 51 51
0.562339 0.899661 0.536245 171 171 171 171
-2.753351 -1.573004 -0.236780 234 234 234 234
-0.180050 -0.184497 0.874526 100 100 100 100
-0.235526 -1.168659 -0.293982 249 249 249 249
-1.003930 -0.272956 -0.328386 30 30 30 30
1.925514 -1.045930 0.622283 74 74 74 74
2.435760 -1.600071 -0.167813 183 183 183 183
3.117669 2.935059 0.071219 200 200 200 200
0.206301 -3.095730 -0.033386 242 242 242 242
3.458946 2.348218 0.662059 247 247 247 247
0.256270 -2.045020 -0.239389 244 244 244 244
2.316198 -1.862533 -0.560973 78 78 78 78
3.611238 1.435923 1.146078 138 138 138 138
-0.307489 -4.905080 -0.844179 89 89 89 89
-0.035427 -4.618761 -0.725361 164 164 164 164
0.005065 -4.555984 -1.084501 250 250 250 250
0.080323 -4.876912 -0.565870 130 130 130 130
0.400099 -4.677799 -0.163930 219 219 219 219
0.606767 -4.471332 -0.091859 26 26 26 26
0.757450 -4.158495 0.012380 133 133 133 133
-1.560033 -5.732092 -1.116079 196 196 196 196
0.105257 -4.892857 -0.250281 117 117 117 117
-1.400445 -5.746584 -1.022262 20 20 20 20
-3.296071 -5.928392 -0.483069 158 158 158 158
-5.697807 5.025080 0.400316 0 0 0 0
1.768299 -1.087412 0.170337 174 174 174 174
2.527124 -0.505804 0.258749 186 186 186 186
1.957815 -3.140896 -0.182568 245 245 245 245
2.753709 -1.186880 -0.178644 16 16 16 16
-0.130720 -6.287152 -0.845872 204 204 204 204
-0.980099 -3.797060 -0.535176 6 6 6 6
-5.389823 -2.172759 0.411585 86 86 86 86
-5.489407 -1.058752 -0.191613 131 131 131 131
2.031707 1.346993 -0.079522 10 10 10 10
1.615279 1.022593 0.170980 11 11 11 11
-3.074423 -5.300527 -0.225398 228 228 228 228
-1.519305 -6.115019 -0.449869 34 34 34 34
-2.592239 -5.412501 -0.897383 21 21 21 21
-4.116689 -4.621217 -0.927015 242 242 242 242
-3.079127 -3.670514 -0.973353 77 77 77 77
-2.599409 -6.748730 -0.594486 12 12 12 12
-2.506457 -6.670506 -1.119168 191 191 191 191
-4.138002 -4.714627 -0.585550 166 166 166 166
-2.685787 -6.291079 -1.637351 222 222 222 222
1.810051 -1.297860 0.460185 112 112 112 112
1.402884 -1.805088 0.591845 167 167 167 167
-3.067270 -3.752049 -0.827454 211 211 211 211
-2.214107 -6.633200 -0.814931 22 22 22 22
-2.662009 -5.273811 -0.791346 7 7 7 7
-0.037534 -5.033886 -0.597060 191 191 191 191
-2.740349 -4.199862 -0.901054 14 14 14 14
-2.716206 -3.301260 -0.430599 5 5 5 5
-2.909114 -3.286065 -0.656350 168 168 168 168
-2.798911 -5.384449 -0.922878 2 2 2 2
-2.476493 -4.466844 -0.810940 135 135 135 135
-2.879404 -3.317592 -0.714975 52 52 52 52
-2.602526 -3.884347 -0.627241 21 21 21 21
-2.865868 -3.403690 -0.747925 251 251 251 251
-2.730475 -4.804268 -0.871023 131 131 131 131
2.628887 3.819715 1.626438 218 218 218 218
-4.667490 -3.711552 -0.833517 6 6 6 6
-4.825683 -3.935432 0.023412 83 83 83 83
-2.108056 -6.692352 -0.762251 251 251 251 251
-4.878741 -2.262840 -0.190338 111 111 111 111
-1.234988 0.503273 0.538555 107 107 107 107
-2.364989 -6.461011 -0.912518 51 51 51 51
-1.982899 -1.849526 -0.426147 154 154 154 154
0.496998 0.272246 2.389815 214 214 214 214
-1.851953 -2.065905 -0.489077 4 4 4 4
-3.182809 -2.576705 0.287778 91 91 91 91
-1.850868 -1.858951 -0.584104 115 115 115 115
-2.125046 -2.043937 -0.396063 57 57 57 57
-2.015797 -2.023942 -0.255187 123 123 123 123
-1.441697 -2.032649 -0.321419 121 121 121 121
-1.439341 -5.748965 -1.027663 9 9 9 9
-2.939710 -3.160360 -0.570176 179 179 179 179
-1.146821 -5.816619 -0.738475 198 198 198 198
-0.590628 -5.456261 -0.638768 20 20 20 20
2.248673 -1.418505 0.106058 46 46 46 46
1.847332 -1.018385 0.154580 11 11 11 11
-2.807619 -5.425710 -0.948742 244 244 244 244
-1.287164 -3.678726 -0.753810 5 5 5 5
-1.515225 -6.131548 -0.511547 155 155 155 155
-2.829418 -5.158257 -1.421476 247 247 247 247
-2.673942 -2.901321 -0.603993 36 36 36 36
-0.284399 -2.106465 -0.428972 243 243 243 243
-3.449990 -5.717282 -0.672113 120 120 120 120
-2.432555 -6.630334 -0.601037 30 30 30 30
-4.203632 -1.519386 -0.057610 183 183 183 183
2.086699 -3.266809 -0.159264 84 84 84 84
-1.852787 -2.124741 -0.822199 17 17 17 17
-1.745340 -4.023080 0.050047 234 234 234 234
-1.843853 -2.011358 -0.533071 3 3 3 3
-1.745615 -1.516578 -0.757761 124 124 124 124
-0.435038 0.252899 -0.366262 95 95 95 95
-1.040449 -4.238888 -0.849140 180 180 180 180
-1.111013 -3.721507 -0.555964 129 129 129 129
3.404392 -0.650255 -0.362696 133 133 133 133
3.199672 2.242636 1.419590 124 124 124 124
-0.027879 1.619710 1.340905 122 122 122 122
2.681892 -1.712185 -0.210880 249 249 249 249
-0.850841 -5.694706 -0.855012 201 201 201 201
-2.276615 -6.386651 -0.927909 8 8 8 8
-2.908423 -5.054888 -1.119115 249 249 249 249
2.438134 -1.656394 -0.216897 14 14 14 14
-2.571419 -5.526388 -0.904949 133 133 133 133
-2.301248 -5.852845 -1.509607 237 237 237 237
17.553874 -8.566107 2.111181 134 134 134 134
2.270129 -1.469854 -0.179656 196 196 196 196
-4.860749 -2.404505 0.211757 207 207 207 207
-1.975255 -0.987562 0.658611 189 189 189 189
-2.710620 -3.173373 -0.370613 150 150 150 150
1.232884 0.996334 0.165352 251 251 251 251
-2.635664 -3.362337 -1.045237 172 172 172 172
-0.757301 -5.575624 -0.453641 198 198 198 198
-5.274219 3.657539 -0.504045 159 159 159 159
-2.532989 -5.290536 -0.680191 128 128 128 128
-2.751692 -5.057079 -1.066056 10 10 10 10
-1.617912 -5.960858 -0.476809 120 120 120 120
1.929050 3.126752 0.714142 249 249 249 249
-4.029403 -4.708791 -1.082707 161 161 161 161
-2.926513 -3.851023 -0.663874 241 241 241 241
-2.208650 -6.526553 -0.774320 62 62 62 62
-2.804551 -5.138289 -1.109050 198 198 198 198
-2.229573 -1.359967 0.581287 132 132 132 132
-2.856749 -4.830583 -1.301128 141 141 141 141
1.421029 -3.792258 -0.315731 214 214 214 214
4.090954 -1.569076 0.490076 129 129 129 129
-0.819130 -5.555357 -0.767069 117 117 117 117
1.223071 -1.164634 -0.638530 88 88 88 88
0.750130 -1.009515 0.659061 157 157 157 157
3.114303 -2.110128 0.439020 142 142 142 142
-5.456249 -2.868596 0.301287 84 84 84 84
-4.039846 -2.718453 -0.512403 2 2 2 2
-0.157889 0.021410 -0.372280 141 141 141 141
-4.057363 -2.750919 -0.430815 104 104 104 104
-4.157500 -2.712534 -0.487001 138 138 138 138
-4.079788 -2.769316 -0.388021 126 126 126 126
-2.670512 -6.265539 -1.453395 208 208 208 208
-3.029921 -4.717939 -0.979498 250 250 250 250
-4.381751 -2.969432 0.271400 80 80 80 80
-4.212863 -2.820273 0.310290 8 8 8 8
-4.456460 -3.625910 0.149599 127 127 127 127
3.213481 -2.311233 -0.194262 178 178 178 178
-2.719903 -3.382382 0.172700 88 88 88 88
-4.077012 -4.758255 -0.485051 23 23 23 23
2.252316 -2.982156 -0.249787 219 219 219 219
-3.697119 -5.457570 -0.442210 239 239 239 239
-3.839414 -5.170186 -0.831505 218 218 218 218
-3.801162 -4.241386 -0.420851 183 183 183 183
-3.315037 -1.884526 -0.422548 228 228 228 228
-3.253718 -0.862761 0.099176 63 63 63 63
-3.449251 -1.258730 0.051818 204 204 204 204
-1.877080 -0.763778 -0.562357 226 226 226 226
7.771268 4.565601 3.271753 208 208 208 208
-0.246607 -4.867522 -0.772075 191 191 191 191
-2.940699 -3.829004 -0.676940 186 186 186 186
0.442952 -4.628248 -0.487528 7 7 7 7
2.782337 -1.564864 -0.374438 148 148 148 148
-2.962292 -3.812972 -0.727417 47 47 47 47
-3.070808 -3.822894 -1.159315 28 28 28 28
-3.119474 -4.491699 -1.267716 242 242 242 242
3.369927 -0.741774 0.764167 103 103 103 103
-1.965908 -3.778480 -0.814672 247 247 247 247
-2.813206 -5.111317 -1.065143 20 20 20 20
1.902023 -3.002326 -0.391800 189 189 189 189
-2.764159 -4.638097 -0.927321 249 249 249 249
-1.934863 -4.313367 -0.040659 233 233 233 233
-2.874996 -4.214746 -0.885569 213 213 213 213
-1.209223 -4.142050 -0.777370 132 132 132 132
-2.996363 -3.880330 -0.842104 88 88 88 88
-1.650678 -1.368527 -0.698940 107 107 107 107
-2.042065 -0.816616 1.133093 243 243 243 243
-2.720348 -3.155309 -0.424634 1 1 1 1
-1.734878 -0.787486 -0.569270 83 83 83 83
0.571446 1.261335 -0.144128 194 194 194 194
-0.430018 0.303977 0.260524 75 75 75 75
-2.941681 -3.142616 -0.710341 9 9 9 9
-2.405497 -6.664299 -0.564270 16 16 16 16
-2.507185 -5.991874 -0.388139 103 103 103 103
1.913028 -1.506802 -0.143786 4 4 4 4
-2.066739 -6.570652 -1.075874 231 231 231 231
-2.617100 -6.533770 -1.050989 124 124 124 124
-2.752902 -5.048653 -0.896887 128 128 128 128
-2.258960 -5.978277 -1.366479 130 130 130 130
-2.580042 -6.250470 -1.405793 190 190 190 190
0.613014 -4.438948 -0.163759 218 218 218 218
-2.023658 -6.655521 -0.657782 135 135 135 135
2.882901 -2.594938 0.112382 219 219 219 219
-2.390670 -6.745219 -0.582283 185 185 185 185
-2.390209 -6.085633 -0.422153 99 99 99 99
-2.791582 -5.093936 -1.024636 87 87 87 87
-2.495320 -6.630814 -1.130755 71 71 71 71
-2.275399 -6.536905 -0.654886 142 142 142 142
3.796601 -1.877690 0.476770 208 208 208 208
-2.379979 -6.431483 -1.157492 129 129 129 129
-4.693865 -4.115195 -0.233662 140 140 140 140
-3.867029 -1.749517 -0.084827 205 205 205 205
-4.169516 -2.697795 -0.501565 253 253 253 253
-3.275471 -0.836309 0.128336 203 203 203 203
-4.012820 -2.693147 -0.607302 126 126 126 126
2.007197 -1.495286 -0.172899 169 169 169 169
-3.031779 -4.213630 -0.911362 247 247 247 247
-1.433760 -2.950855 -0.614348 14 14 14 14
-3.116981 -3.576591 -0.779008 123 123 123 123
-3.072768 -3.637579 -1.147568 249 249 249 249
2.231907 0.230571 1.051979 111 111 111 111
-2.920014 -3.659478 -0.803783 173 173 173 173
3.654776 -1.127140 -0.442779 8 8 8 8
-2.477859 -4.540541 -0.807994 210 210 210 210
-4.668712 -3.845159 0.099959 146 146 146 146
5.986331 0.056740 0.368701 9 9 9 9
-2.161242 -0.178369 0.730361 85 85 85 85
-1.756372 -1.530786 -0.463596 35 35 35 35
-1.845986 -0.910020 0.668925 165 165 165 165
3.171860 3.532095 1.118856 33 33 33 33
1.921741 -3.356107 0.152207 152 152 152 152
-2.695102 -5.752482 -0.321267 92 92 92 92
-1.637962 -5.649566 -0.378990 143 143 143 143
-2.549605 -5.300572 -0.725361 10 10 10 10
-0.366834 -5.200367 -0.770458 29 29 29 29
-2.271624 -5.831284 -0.367109 100 100 100 100
-0.938818 -5.712913 -0.797189 127 127 127 127
-2.385257 -6.666680 -0.525899 116 116 116 116
-2.340569 -6.838657 -0.666265 251 251 251 251
-2.559019 -6.394376 -1.517063 199 199 199 199
-2.601743 -6.806888 -1.136961 14 14 14 14
-2.907401 -4.938848 -1.142284 142 142 142 142
-2.407164 -6.587598 -0.720418 224 224 224 224
-2.093011 -6.685541 -0.658883 24 24 24 24
-2.769734 -5.389033 -1.500129 254 254 254 254
-4.102105 -4.762385 -0.577708 9 9 9 9
-4.115280 -4.739024 -0.599726 21 21 21 21
-3.895751 -3.431285 -0.633632 213 213 213 213
-4.143522 -2.735121 -0.480592 119 119 119 119
-0.787539 -4.375673 -0.738064 2 2 2 2
0.442799 -3.102235 -0.682996 3 3 3 3
-1.651372 -3.151478 -0.705316 6 6 6 6
-2.448560 -4.825090 -0.832280 61 61 61 61
-2.979152 -4.212561 -0.925271 249 249 249 249
4.030789 -1.557203 0.042576 161 161 161 161
-2.469801 -4.524130 -0.818017 253 253 253 253
-3.057870 -3.796397 -1.185236 64 64 64 64
0.263463 -2.868858 -0.427952 40 40 40 40
-2.474799 -4.588556 -0.804895 124 124 124 124
-1.267760 -4.485851 -0.956971 177 177 177 177
0.529467 -4.542607 -0.297914 148 148 148 148
-1.821737 -1.197145 0.599865 117 117 117 117
1.328368 -1.569141 0.582487 245 245 245 245
-2.737349 -3.142233 -0.499857 4 4 4 4
1.408793 1.403276 0.412451 138 138 138 138
-1.887578 -0.948043 -0.307612 5 5 5 5
-2.715994 -3.254534 -0.497649 45 45 45 45
-1.775111 -5.202070 -0.612478 228 228 228 228
-2.070978 -6.122395 -0.553644 240 240 240 240
-2.685253 -5.094478 -0.876318 88 88 88 88
-1.715372 -4.915338 -0.594996 129 129 129 129
-3.208464 -2.126456 -0.171221 142 142 142 142
-3.986705 -4.957169 -0.804673 159 159 159 159
-4.117104 -4.737782 -0.591232 172 172 172 172
-4.038783 -4.803471 -0.811893 206 206 206 206
-5.666649 -2.981198 0.207715 107 107 107 107
-3.942067 -5.217123 -0.721662 127 127 127 127
-4.041982 -4.778282 -0.813280 106 106 106 106
-4.756679 -2.534905 0.364279 149 149 149 149
-4.075536 -3.499256 -0.620086 89 89 89 89
-4.258076 -4.507461 -0.756981 149 149 149 149
-2.280400 -1.986047 0.471878 101 101 101 101
4.709836 -0.824581 0.192588 190 190 190 190
-2.953550 -3.829493 -0.679735 203 203 203 203
2.510782 -3.049840 0.390322 246 246 246 246
-11.476061 -11.616718 -1.752930 69 69 69 69
-2.973302 -3.814653 -0.656268 13 13 13 13
-2.945413 -3.831648 -0.662008 10 10 10 10
-2.418842 -4.527758 -0.845096 251 251 251 251
-1.727300 -4.386721 -0.326179 174 174 174 174
-2.411591 -4.549647 -0.769694 65 65 65 65
-1.620560 -4.406886 -0.293265 186 186 186 186
16.253389 5.223538 3.898196 170 170 170 170
-0.586728 -5.943979 -0.526463 137 137 137 137
-2.662756 -4.892143 -0.822807 230 230 230 230
-2.853214 -4.040042 -0.877865 145 145 145 145
-1.148137 -4.145776 -0.813487 126 126 126 126
-4.312183 -2.677240 0.237734 117 117 117 117
17.318972 13.406742 7.433297 97 97 97 97
-1.612307 -4.193647 0.000695 83 83 83 83
19.584707 15.433145 8.696609 187 187 187 187
-2.417789 -6.824526 -1.157047 84 84 84 84
-2.099968 -6.150989 -0.349294 60 60 60 60
-2.304452 -5.831577 -0.321860 92 92 92 92
-2.366878 -6.027611 -1.440639 7 7 7 7
7.413824 1.220129 0.485803 86 86 86 86
-2.988193 -5.005727 -0.151602 149 149 149 149
-2.597872 -3.801861 -0.654485 55 55 55 55
-10.405847 -17.251397 -1.377245 215 215 215 215
-4.196999 -4.604550 -0.690528 14 14 14 14
-8.138651 -15.592431 -2.690600 171 171 171 171
-4.506921 -3.560036 0.133364 185 185 185 185
-5.176249 -2.421260 -0.216240 192 192 192 192
-4.013870 -2.964050 0.207376 153 153 153 153
-1.205126 -2.794961 -0.579032 46 46 46 46
-2.876108 -3.876594 -0.666544 6 6 6 6
-2.938730 -3.840283 -0.662421 211 211 211 211
-1.001035 -5.034927 -1.090055 18 18 18 18
-1.042056 -5.042494 -1.066259 216 216 216 216
-1.821274 -6.442589 -0.881891 249 249 249 249
-1.597768 -6.299563 -0.720776 126 126 126 126
0.147661 -4.783822 -0.666433 188 188 188 188
-0.036769 -4.658450 -0.722147 171 171 171 171
-0.729306 -5.779885 -0.482674 10 10 10 10
-3.496517 -5.895015 -0.489721 237 237 237 237
-4.181922 -4.631766 -0.665300 1 1 1 1
-16.719689 -14.128016 -0.797480 203 203 203 203
-3.425645 -1.175674 0.558613 141 141 141 141
-2.977149 -3.792034 -0.727542 134 134 134 134
-0.257814 -5.101683 -0.226038 102 102 102 102
3.926169 3.088686 1.599980 89 89 89 89
-0.638944 -5.164251 -0.854710 103 103 103 103
0.077827 -4.875828 -0.365654 4 4 4 4
1.788576 -3.372933 0.193948 159 159 159 159
-0.496776 -0.055776 0.662556 125 125 125 125
-1.959704 -6.432963 -0.899659 143 143 143 143
-0.310151 -1.388922 -0.321452 18 18 18 18
-2.454894 -6.560448 -1.335111 125 125 125 125
-1.631203 -5.780202 -1.196557 206 206 206 206
-8.649038 -14.906163 -0.775053 193 193 193 193
-9.461183 -13.539682 -1.963026 216 216 216 216
-3.463272 -5.716620 -0.924172 178 178 178 178
-3.663896 -4.298836 -0.427783 163 163 163 163
-19.547568 21.326510 -4.554305 68 68 68 68
-4.844732 -3.963727 0.037983 85 85 85 85
2.767420 1.573184 0.052706 215 215 215 215
-4.925197 -3.875556 0.088987 154 154 154 154
-14.984497 22.731799 -3.228732 70 70 70 70
-17.572767 23.777747 -5.436923 128 128 128 128
-2.938832 -3.818334 -0.664973 12 12 12 12
2.902882 -2.802480 0.240874 159 159 159 159
1.789683 -3.462566 0.042666 230 230 230 230
-4.822105 -3.762896 -1.119160 154 154 154 154
0.027033 -4.577446 -1.104670 157 157 157 157
-0.942961 -5.029534 -0.180420 91 91 91 91
0.150507 -1.587305 -0.710249 51 51 51 51
-1.686083 -2.933775 -0.685785 232 232 232 232
-2.719033 -4.783647 -1.014059 3 3 3 3
-2.460769 -4.785344 -0.832663 245 245 245 245
-0.005153 -4.927237 -0.550392 137 137 137 137
-1.174430 -0.354882 0.088679 80 80 80 80
1.233771 1.062055 0.176488 248 248 248 248
-1.591989 -3.059826 -0.642557 219 219 219 219
-1.518908 -3.093379 -0.447986 161 161 161 161
-3.230191 -5.883948 -0.971231 105 105 105 105
-2.082274 -6.665928 -0.776147 114 114 114 114
-2.369213 -6.458860 -0.939219 250 250 250 250
-2.464669 -6.428829 -1.113628 5 5 5 5
-2.492441 -6.156034 -1.489371 1 1 1 1
-2.069077 -6.587191 -1.030417 249 249 249 249
-2.507331 -6.184683 -1.292234 26 26 26 26
-2.307135 -6.456414 -0.976951 134 134 134 134
1.586452 3.003690 0.952683 165 165 165 165
-1.181085 -5.874373 -0.397166 22 22 22 22
-2.265098 -6.600805 -0.594182 136 136 136 136
-1.820383 -5.907479 -1.084085 3 3 3 3
-2.333176 -6.542580 -0.543983 63 63 63 63
-1.883151 -0.869198 0.008911 111 111 111 111
-1.607654 -1.332399 0.475238 158 158 158 158
-1.617411 -5.772278 -1.185018 11 11 11 11
-1.592845 -5.805759 -1.043576 22 22 22 22
-3.220588 -6.031185 -0.478349 32 32 32 32
-0.505211 -1.540872 0.819291 0 0 0 0
-3.535526 -5.566326 -0.735816 134 134 134 134
-24.919084 52.037722 -18.022475 81 81 81 81
-4.795153 -3.773476 -1.077223 1 1 1 1
0.844381 1.976814 0.607334 133 133 133 133
-0.274201 -4.185801 0.037713 100 100 100 100
-0.554441 0.212517 0.341139 96 96 96 96
3.428036 1.443447 1.334394 61 61 61 61
1.267025 -1.678316 0.942067 233 233 233 233
-2.259787 -6.499918 -0.904902 40 40 40 40
-2.559186 -6.707782 -1.125505 146 146 146 146
-2.558725 -6.545260 -0.905246 65 65 65 65
-2.368483 -6.756232 -0.836232 236 236 236 236
-0.917878 -5.726676 -0.458666 250 250 250 250
-2.291676 -6.576629 -0.508591 102 102 102 102
0.893226 -5.972725 -0.698515 110 110 110 110
-0.378966 -5.288593 -0.297081 34 34 34 34
2.958858 -2.508053 -0.134760 250 250 250 250
-0.182635 -5.096752 -0.211728 107 107 107 107
-2.486937 -6.795759 -0.575820 76 76 76 76
-2.037075 -6.391313 -0.616369 163 163 163 163
-2.439491 -6.686935 -0.741647 146 146 146 146
-2.393772 -6.546506 -0.899620 213 213 213 213
-2.275084 -6.747832 -1.061185 133 133 133 133
-2.740227 -4.844786 -0.806971 234 234 234 234
-2.776715 -0.512161 0.642485 189 189 189 189
-1.519597 -3.269969 -0.745696 94 94 94 94
5.666914 0.971933 0.183402 254 254 254 254
-2.754004 -0.438200 0.745264 140 140 140 140
-2.219178 -3.843683 -1.188979 45 45 45 45
-5.485890 -2.580339 -0.253766 175 175 175 175
-4.088587 -3.443462 -0.576353 242 242 242 242
-4.057638 -3.424451 -0.566334 11 11 11 11
1.863220 -1.261137 -0.037716 23 23 23 23
1.293902 -1.546431 0.585427 251 251 251 251
-0.148527 -1.855947 -0.283167 134 134 134 134
-0.617717 -5.470353 -0.380638 196 196 196 196
2.110601 -2.534838 0.378530 250 250 250 250
-0.378625 -5.194092 -0.780954 19 19 19 19
-0.901104 -5.621487 -0.865466 134 134 134 134
3.060922 -0.032782 -0.389469 133 133 133 133
-2.520077 -6.704285 -0.897836 190 190 190 190
-2.215326 -6.672048 -0.810406 2 2 2 2
-2.144796 -6.607144 -0.727587 129 129 129 129
-3.024562 -4.981340 -0.147521 209 209 209 209
-4.014241 -4.468921 -1.031317 112 112 112 112
-4.045413 -4.847778 -0.837608 154 154 154 154
-1.937057 -3.808636 -1.153084 4 4 4 4
-1.704687 -2.757463 -0.878549 91 91 91 91
-1.566776 -3.764463 -1.154219 215 215 215 215
-2.649482 -3.269003 -0.610433 237 237 237 237
0.470449 -3.366593 -0.531923 31 31 31 31
2.326291 3.288923 1.594042 233 233 233 233
-1.450119 -4.036148 -1.225771 25 25 25 25
-1.560855 -2.811992 -0.634075 4 4 4 4
-1.263109 -3.249052 -0.744440 233 233 233 233
-1.427961 -4.052932 -0.968804 141 141 141 141
6.199815 0.085718 0.884355 104 104 104 104
-1.944725 -3.789897 -1.181552 18 18 18 18
-1.248737 -4.141355 -1.248028 122 122 122 122
1.501850 1.238903 0.279861 241 241 241 241
-1.460416 -0.456584 -0.371478 72 72 72 72
-4.212990 -3.403597 -0.586172 3 3 3 3
-4.112151 -3.414988 -0.653012 75 75 75 75
1.370768 -1.585655 0.536165 151 151 151 151
0.139192 -2.928336 -0.622941 236 236 236 236
1.763873 -1.265134 0.595726 49 49 49 49
-1.832431 -1.058097 0.644992 54 54 54 54
3.521243 -0.607750 0.438341 16 16 16 16
-2.295948 -6.693427 -0.753994 221 221 221 221
0.377743 0.915918 0.227344 160 160 160 160
-9.603983 -13.879677 -1.923737 93 93 93 93
-10.958816 9.540725 -2.607792 0 0 0 0
2.038726 -2.895162 -0.975277 9 9 9 9
0.974354 0.022021 -0.385418 99 99 99 99
-1.578838 -3.234368 -1.076650 14 14 14 14
-1.920875 -0.779712 -0.015201 69 69 69 69
-1.491021 -3.405691 -1.042670 135 135 135 135
-3.796177 -2.961770 -0.502771 35 35 35 35
-3.927574 -4.300717 0.005295 202 202 202 202
-5.541215 -2.545457 0.204522 193 193 193 193
3.244440 -1.811550 0.946679 118 118 118 118
0.999579 -4.094700 -0.002634 71 71 71 71
1.622898 -2.604752 0.207187 132 132 132 132
3.166963 -0.471729 0.377685 44 44 44 44
-1.291848 -5.009144 -0.181457 127 127 127 127
0.506996 0.839023 0.547442 99 99 99 99
5.290200 -0.440352 0.372191 104 104 104 104
-2.545375 -6.756181 -0.660608 120 120 120 120
-5.237618 -2.308240 0.129467 0 0 0 0
-1.850383 -0.830367 -0.409244 123 123 123 123
0.246994 -1.767331 -0.285212 19 19 19 19
1.594060 -3.162920 -1.071275 139 139 139 139
-2.598875 -2.704912 0.421385 130 130 130 130
-1.921574 -0.696519 -0.521886 23 23 23 23
0.843591 -0.263518 -0.439393 153 153 153 153
-0.257230 -0.867758 -0.254912 249 249 249 249
-1.388954 0.522423 0.406908 173 173 173 173
-1.983465 -0.898345 -0.000794 96 96 96 96
-4.740778 -3.929725 0.015821 12 12 12 12
-1.631363 0.106198 0.718728 34 34 34 34
-1.479801 0.610922 0.478789 8 8 8 8
-4.154073 -2.950499 0.110796 82 82 82 82
2.644955 -2.816530 0.253225 144 144 144 144
2.345230 -1.514210 0.024643 24 24 24 24
-2.255659 -5.317154 -0.726532 240 240 240 240
2.974235 1.845910 0.098533 1 1 1 1
0.055700 -3.403845 -0.750183 141 141 141 141
-2.255318 -5.319442 -0.701585 34 34 34 34
-2.232104 -6.506684 -0.652923 178 178 178 178
-2.718668 -6.160164 -1.195051 165 165 165 165
-0.025138 -4.774431 -0.696443 172 172 172 172
-1.397555 -5.723665 -1.065831 8 8 8 8
-0.140732 -4.939362 -0.711045 158 158 158 158
-2.146571 -6.072878 -1.093540 187 187 187 187
-2.591294 -6.388185 -0.944022 130 130 130 130
0.114480 -4.588579 -0.664401 75 75 75 75
2.809594 -2.448935 -0.153586 218 218 218 218
-1.786218 -2.409164 0.344490 107 107 107 107
-2.622776 -5.475655 -0.733783 19 19 19 19
2.211162 -1.370759 -0.192818 150 150 150 150
-0.512588 -0.478712 -0.062350 18 18 18 18
2.261955 -1.434684 0.096432 2 2 2 2
-1.265225 -0.949223 0.708782 95 95 95 95
2.016806 -2.304452 0.371190 134 134 134 134
0.290015 -3.490447 -0.760565 1 1 1 1
-10.171733 5.393051 2.167683 90 90 90 90
1.536738 -3.676382 0.024255 62 62 62 62
1.326284 -3.819255 0.022500 72 72 72 72
1.669375 -2.868073 -0.414369 183 183 183 183
3.154340 -0.186499 0.534668 11 11 11 11
0.524165 -3.857037 0.064230 156 156 156 156
1.869804 -1.407073 -0.214364 55 55 55 55
-2.787198 -1.920748 0.476043 97 97 97 97
0.479018 2.024317 0.029283 4 4 4 4
1.294611 1.781056 0.441035 237 237 237 237
-0.740683 0.176409 0.267589 150 150 150 150
0.125433 0.948096 0.212639 223 223 223 223
1.086761 2.734929 1.085205 155 155 155 155
0.730359 1.452985 0.309449 228 228 228 228
0.392402 -3.521956 -0.739637 137 137 137 137
0.511517 -3.435917 -0.778731 132 132 132 132
2.398898 -1.777366 -0.296150 93 93 93 93
1.939164 3.478052 1.476932 174 174 174 174
1.691329 1.183438 0.105506 3 3 3 3
0.939846 -3.056528 -0.401069 10 10 10 10
1.982698 -2.630215 0.338187 177 177 177 177
1.724303 1.134334 0.180355 214 214 214 214
3.834459 -1.165622 -0.209891 233 233 233 233
-15.411796 -12.591024 -0.080584 61 61 61 61
-2.720672 -7.777795 -1.337419 176 176 176 176
-4.626416 -3.178081 -0.184225 66 66 66 66
-1.125463 -2.762466 0.268258 178 178 178 178
-1.392494 0.779999 0.438471 240 240 240 240
3.728711 1.724699 0.140202 126 126 126 126
2.297519 -1.658274 0.215342 135 135 135 135
-12.905384 -9.698308 -5.195963 0 0 0 0
-0.825918 -4.349644 -1.189775 165 165 165 165
-0.540482 -5.349408 -0.817554 44 44 44 44
-0.987613 -4.854313 -1.061899 199 199 199 199
0.334751 -4.533683 -0.614991 12 12 12 12
-0.815604 -5.227338 -1.240931 1 1 1 1
-1.466290 -2.021235 -0.281418 253 253 253 253
-2.240003 -6.520548 -0.877187 157 157 157 157
-10.361159 -14.693485 0.289389 56 56 56 56
-8.477149 -15.011078 -0.843361 213 213 213 213
-3.144485 -6.160913 -1.035965 37 37 37 37
-2.868509 -6.478527 -1.005586 107 107 107 107
-2.848964 -6.477549 -1.078854 159 159 159 159
-15.233079 -12.297956 -0.242109 77 77 77 77
-6.232026 -4.850299 -1.099302 110 110 110 110
1.472514 1.230748 0.411661 100 100 100 100
5.236920 -0.576892 0.832429 181 181 181 181
1.482724 -1.531169 0.368684 156 156 156 156
-2.167651 -5.295420 -1.285928 174 174 174 174
-2.322091 -5.448456 -0.968504 2 2 2 2
-2.063602 -5.275429 -1.440382 133 133 133 133
-2.908267 -5.677906 -0.310433 6 6 6 6
2.664520 1.715690 0.086820 176 176 176 176
-1.526453 -2.722311 -0.396348 111 111 111 111
-2.200695 -5.963638 -0.373761 136 136 136 136
3.418849 -0.981424 -0.247216 140 140 140 140
1.653112 -3.720772 0.048024 237 237 237 237
-9.157939 -13.440978 -2.129122 220 220 220 220
-29.676628 18.970815 6.816780 206 206 206 206
-3.617054 -5.450763 -0.785722 13 13 13 13
-0.399056 -5.104722 -0.722946 208 208 208 208
-2.876216 -5.247907 -0.832106 99 99 99 99
-1.498878 -2.647011 -0.139909 172 172 172 172
-1.778058 -0.728710 -0.243552 252 252 252 252
0.084585 -3.395166 -0.180166 124 124 124 124
0.504723 -0.259241 -0.481203 161 161 161 161
2.493025 -1.699488 -0.247054 6 6 6 6
1.956325 -3.150392 -0.236601 216 216 216 216
1.822408 -0.974907 -0.485824 53 53 53 53
2.375651 -1.533540 0.040459 13 13 13 13
1.315912 -3.848476 -0.284312 248 248 248 248
-3.930288 -4.778610 -0.492088 91 91 91 91
-0.182374 -4.983177 -0.224384 101 101 101 101
-4.349233 -3.400595 -0.360303 150 150 150 150
0.184452 -3.075390 -0.450750 234 234 234 234
3.398378 -0.465225 0.386202 151 151 151 151
-1.469517 -3.082403 -0.376060 55 55 55 55
-4.179064 -2.694671 0.202214 211 211 211 211
-3.498722 -5.622861 -0.815891 136 136 136 136
0.544451 -2.629359 -0.570039 6 6 6 6
0.303550 -2.645433 -0.571911 38 38 38 38
-1.417310 -3.052158 -0.445638 244 244 244 244
1.849712 -1.462029 0.017777 90 90 90 90
2.985436 -2.343933 -0.121906 158 158 158 158
1.850158 0.880205 0.038637 8 8 8 8
2.208947 -5.195242 -0.383838 187 187 187 187
-2.286307 -5.503984 -0.996153 187 187 187 187
-3.075714 -5.219844 -0.703652 186 186 186 186
-2.608575 -5.860262 -0.924358 43 43 43 43
-0.588033 -7.189123 -1.539047 152 152 152 152
3.619501 -1.037226 -0.377865 66 66 66 66
-3.696279 -1.261533 0.036090 204 204 204 204
-2.965024 -0.653163 0.689364 128 128 128 128
-1.790967 -0.672726 -0.261011 3 3 3 3
-1.812349 -0.803895 0.124194 120 120 120 120
-1.455325 -1.638890 -0.184144 126 126 126 126
-1.577859 -2.685110 -0.320117 10 10 10 10
-1.101204 -3.483383 0.154710 245 245 245 245
2.389447 -1.544222 -0.182134 168 168 168 168
2.271176 -1.441854 -0.219930 3 3 3 3
0.572675 -2.177007 -0.465139 70 70 70 70
1.888968 -1.491211 0.117303 245 245 245 245
1.550461 0.612093 -0.236045 15 15 15 15
2.374589 3.194944 0.925530 3 3 3 3
2.441807 -1.588884 -0.192867 22 22 22 22
0.458333 0.597702 1.038173 181 181 181 181
1.191120 1.150300 0.029418 22 22 22 22
0.687908 0.548633 1.033204 95 95 95 95
1.041323 1.731509 0.323453 40 40 40 40
0.478808 1.943656 0.298875 2 2 2 2
0.798133 1.853374 -0.007988 79 79 79 79
0.252765 0.949167 -0.139553 253 253 253 253
0.785369 1.706795 0.480209 106 106 106 106
0.221342 0.941879 -0.111953 39 39 39 39
0.324438 0.692526 1.011558 9 9 9 9
-0.821022 0.018277 0.152115 132 132 132 132
0.530128 1.012496 -0.221619 60 60 60 60
3.247682 -2.192416 0.376260 112 112 112 112
2.886441 -2.284067 -0.324628 180 180 180 180
2.488241 -1.718294 -0.014297 129 129 129 129
2.387822 -1.580324 0.054027 2 2 2 2
2.870022 -2.266249 -0.354932 2 2 2 2
2.875351 -2.652294 0.283058 80 80 80 80
2.884259 -2.270909 -0.314685 5 5 5 5
1.062054 -4.073670 -0.041115 45 45 45 45
-0.989694 -4.385927 -0.738962 35 35 35 35
-0.964305 -4.359224 -0.712466 194 194 194 194
4.876272 -2.211336 -0.123253 137 137 137 137
2.678948 -2.219923 -0.681747 182 182 182 182
-0.619665 -5.150347 -0.842136 186 186 186 186
-0.753845 1.191359 1.048986 64 64 64 64
-1.725930 -2.828933 0.288440 234 234 234 234
-1.713008 0.289496 0.802066 226 226 226 226
-1.844538 -0.801304 -0.300081 15 15 15 15
-1.439004 -2.443161 -0.572097 8 8 8 8
-1.394971 -1.600050 -0.095543 137 137 137 137
2.315474 -1.505466 0.109176 168 168 168 168
0.255619 -1.815956 -0.362119 45 45 45 45
-1.567849 -2.304714 -0.365940 116 116 116 116
1.971200 0.627404 0.084966 237 237 237 237
2.257708 0.936376 -0.171682 5 5 5 5
2.672366 2.554750 0.487069 29 29 29 29
1.844190 -1.427374 -0.110235 8 8 8 8
1.759527 0.703292 -0.245085 174 174 174 174
2.603434 2.497634 0.661247 147 147 147 147
1.791330 1.190020 0.063705 4 4 4 4
1.415581 0.783615 -0.068239 53 53 53 53
1.632376 0.666860 0.099676 249 249 249 249
1.263356 0.800663 0.160410 243 243 243 243
1.413424 0.894097 0.075542 65 65 65 65
1.165232 1.658341 0.438253 133 133 133 133
1.323578 2.951204 0.933207 93 93 93 93
-0.513968 0.255385 0.090338 10 10 10 10
-4.670526 4.498187 1.885322 146 146 146 146
0.450772 0.639989 0.998344 37 37 37 37
0.344041 -2.917886 -0.574736 119 119 119 119
0.676768 -3.440851 -1.061452 33 33 33 33
3.904270 1.092339 1.063682 68 68 68 68
2.405523 -1.664687 0.018422 54 54 54 54
2.687223 -2.211210 -0.362466 6 6 6 6
1.859282 -1.402802 0.197815 123 123 123 123
2.007652 -3.101861 -0.214957 13 13 13 13
1.307612 -3.933561 -0.012019 250 250 250 250
1.912395 -2.939893 -0.383714 3 3 3 3
3.240459 -1.338207 -0.304981 79 79 79 79
1.506897 -3.586123 -0.450945 214 214 214 214
1.900156 -3.144259 -0.295513 44 44 44 44
3.704990 -1.174864 -0.275926 72 72 72 72
-4.418625 -2.958855 -0.186191 135 135 135 135
-1.507918 -2.688505 -0.629854 46 46 46 46
-2.074977 -0.078433 0.283922 165 165 165 165
1.147922 0.989889 0.096376 64 64 64 64
6.365871 2.414106 0.897401 82 82 82 82
0.641542 -0.746229 0.738984 209 209 209 209
0.676663 1.592485 0.308286 200 200 200 200
0.254407 0.955074 -0.137992 249 249 249 249
-1.778109 -1.106175 0.641331 59 59 59 59
-1.413798 -0.398380 -0.092559 238 238 238 238
-1.692468 0.137456 0.091795 138 138 138 138
0.449757 0.649194 1.002868 37 37 37 37
-6.166041 1.081216 -2.117358 62 62 62 62
-1.232698 -0.489261 0.409611 130 130 130 130
-0.007709 0.030644 0.627765 138 138 138 138
2.329866 -1.874929 -0.389322 61 61 61 61
3.408553 -1.687648 0.560933 101 101 101 101
2.337468 -1.530291 -0.233799 50 50 50 50
2.123624 -1.590622 -0.380818 147 147 147 147
2.348415 -1.527016 -0.001736 132 132 132 132
-2.502632 -6.746275 -0.714963 104 104 104 104
1.424512 -1.182648 0.942836 97 97 97 97
1.899823 -1.532112 0.088582 191 191 191 191
1.578576 2.996177 1.030356 229 229 229 229
2.029819 0.969110 -0.053499 248 248 248 248
0.827114 0.561516 1.047037 150 150 150 150
2.752466 -1.174465 -0.185554 2 2 2 2
2.663857 -2.541957 -0.302528 2 2 2 2
2.693229 -2.755532 -0.208537 142 142 142 142
2.907786 -2.592569 -0.165569 59 59 59 59
2.078844 -0.531020 0.836727 218 218 218 218
0.742811 -4.162161 0.047637 164 164 164 164
2.780796 -2.383699 -0.435869 157 157 157 157
2.070946 -3.112934 -0.314269 51 51 51 51
1.985059 -3.070196 -0.294867 33 33 33 33
2.194442 -3.084576 -0.184001 132 132 132 132
2.629696 -2.262162 -0.358961 136 136 136 136
1.614195 -3.480066 -0.399947 122 122 122 122
-0.034541 -1.845949 -0.281464 255 255 255 255
-3.109813 -5.990033 -0.553820 47 47 47 47
0.225021 -3.409968 -0.543220 36 36 36 36
0.678908 -3.304141 -0.729111 254 254 254 254
-2.320096 -6.658688 -0.690117 163 163 163 163
0.224265 -2.370205 0.412058 232 232 232 232
0.828936 1.132531 2.096732 157 157 157 157
-1.859976 -0.959467 -0.117135 1 1 1 1
-2.760107 -2.357013 0.143216 0 0 0 0
-2.591225 -3.896658 -0.698758 209 209 209 209
0.052529 -2.730997 -0.404934 8 8 8 8
0.227294 -1.889295 -0.434496 30 30 30 30
2.792892 -3.142738 0.226514 134 134 134 134
1.106835 -0.185338 -0.423628 84 84 84 84
1.602431 0.456135 -0.252731 118 118 118 118
1.692494 0.554710 -0.210428 95 95 95 95
1.695866 0.415287 0.171477 141 141 141 141
-0.798457 1.313961 1.046910 231 231 231 231
0.748627 -0.828339 0.735773 238 238 238 238
1.200020 2.214526 0.659261 204 204 204 204
0.838716 2.035226 0.153091 235 235 235 235
-0.517060 0.359037 0.087727 48 48 48 48
1.773719 -1.416872 0.393174 73 73 73 73
2.770169 -2.032705 -0.341390 44 44 44 44
2.366672 -1.557319 -0.201705 3 3 3 3
2.618872 -1.877370 -0.199800 5 5 5 5
2.525504 -2.070727 -0.438132 142 142 142 142
-2.950014 -0.685169 0.637614 71 71 71 71
1.949456 -3.324204 0.146495 18 18 18 18
3.317039 -2.655382 -0.259288 13 13 13 13
2.647332 -1.875074 -0.107601 3 3 3 3
3.199886 -1.828858 0.530080 147 147 147 147
1.441975 -2.495109 -0.381298 15 15 15 15
-0.476607 -5.274390 -0.385614 239 239 239 239
0.735294 -4.200121 0.035683 162 162 162 162
0.595626 -3.431938 -0.756138 245 245 245 245
-0.744416 -5.697731 -0.268306 141 141 141 141
-2.691013 -3.813330 -0.570294 4 4 4 4
-0.301197 -5.048058 -0.661637 114 114 114 114
-2.774198 -0.254782 0.853004 150 150 150 150
4.350546 0.355833 0.079631 245 245 245 245
2.580993 2.351268 1.411093 18 18 18 18
-0.506722 0.091914 0.785851 199 199 199 199
1.929093 -1.556769 0.068824 154 154 154 154
2.546514 2.750778 0.758343 204 204 204 204
1.795702 -1.391187 -0.004238 114 114 114 114
1.056799 1.158670 0.151219 159 159 159 159
2.876838 -1.550267 -0.287973 24 24 24 24
1.081200 2.183519 1.161250 163 163 163 163
1.863570 -1.457903 -0.076345 27 27 27 27
1.819319 -1.417612 -0.088599 163 163 163 163
2.239058 -1.427378 -0.175840 176 176 176 176
1.829245 -1.411119 -0.150067 3 3 3 3
2.475909 2.997939 1.004268 161 161 161 161
1.892979 -1.456268 -0.161143 101 101 101 101
1.836307 -1.422958 -0.130339 139 139 139 139
2.825261 -2.353582 -0.071498 32 32 32 32
2.759545 -2.017111 -0.219211 111 111 111 111
2.467708 -2.511209 -0.594424 11 11 11 11
2.319045 -1.809213 -0.531777 1 1 1 1
2.840803 -2.463702 -0.191737 9 9 9 9
2.521431 -2.600326 -0.458615 88 88 88 88
2.472438 -2.436679 -0.591070 72 72 72 72
2.774976 -2.240708 -0.138075 115 115 115 115
2.315296 -1.852400 -0.398648 47 47 47 47
2.741182 -2.493521 -0.193402 57 57 57 57
2.292136 -1.822915 -0.456957 200 200 200 200
2.436647 -1.667675 -0.245634 160 160 160 160
5.320448 -0.506338 0.732897 184 184 184 184
2.312889 -1.495606 0.111656 36 36 36 36
2.359361 -1.550143 -0.197928 229 229 229 229
2.883045 -1.078304 -0.201737 3 3 3 3
2.367942 -3.108855 0.177262 16 16 16 16
1.966978 -3.115670 -0.281644 169 169 169 169
2.279746 -2.876844 -0.323048 192 192 192 192
2.206047 -3.042405 -0.189909 36 36 36 36
0.590966 -4.383307 -0.091603 54 54 54 54
-0.611152 -5.121564 -0.904218 216 216 216 216
-3.351755 -4.530015 -0.818087 236 236 236 236
0.664418 -3.372031 -1.078716 236 236 236 236
-0.063746 -4.756284 -0.731535 2 2 2 2
0.533629 -2.625711 -0.590889 190 190 190 190
-0.267192 -5.136284 -0.756686 210 210 210 210
2.006907 -1.092932 0.607351 46 46 46 46
-0.073082 -2.069216 -0.363458 204 204 204 204
0.152999 -4.862803 -0.707298 101 101 101 101
0.665455 -3.534119 -1.125660 246 246 246 246
0.274686 -2.539369 -0.529351 242 242 242 242
0.168154 -2.864990 -0.679156 42 42 42 42
0.588974 -4.329018 -0.112908 127 127 127 127
1.484420 -2.438377 -0.371734 173 173 173 173
-3.636527 -1.046206 -0.326860 9 9 9 9
-0.276942 0.343658 0.979599 7 7 7 7
-0.823274 -2.346344 0.431216 147 147 147 147
-1.192244 -1.389869 -0.379942 255 255 255 255
2.381545 -1.576043 0.072911 66 66 66 66
-1.597748 -1.944392 -0.321889 238 238 238 238
2.263194 -1.456796 0.051635 196 196 196 196
2.242239 -1.776070 -0.299845 199 199 199 199
2.008799 -1.872540 0.486519 100 100 100 100
2.311243 -1.489662 0.098542 229 229 229 229
2.237130 -1.381201 0.046708 26 26 26 26
1.809151 -1.435623 0.053799 7 7 7 7
1.834314 -1.412100 -0.180904 146 146 146 146
2.398811 -1.592713 -0.186479 145 145 145 145
2.405787 -1.636966 0.072640 133 133 133 133
1.544083 0.557267 -0.267009 193 193 193 193
2.071143 1.656556 1.306933 198 198 198 198
2.517948 -2.628887 -0.333109 106 106 106 106
2.562862 -2.398201 -0.561534 188 188 188 188
2.410417 -2.719174 -0.344985 139 139 139 139
2.509897 -2.630894 -0.428438 163 163 163 163
2.378858 -2.575778 -0.604628 74 74 74 74
2.598376 -2.296503 -0.810227 173 173 173 173
1.225398 2.159020 0.614360 3 3 3 3
2.113669 -2.672488 -0.502926 252 252 252 252
1.662188 2.830645 0.493036 142 142 142 142
7.628462 0.947699 0.677465 104 104 104 104
2.474365 -2.681456 -0.340318 114 114 114 114
1.657943 3.194047 0.512138 74 74 74 74
2.955674 -2.227181 -0.201868 177 177 177 177
2.723754 -1.897481 -0.269996 139 139 139 139
2.120818 -3.311754 0.175351 15 15 15 15
1.942690 -3.166017 -0.262338 153 153 153 153
1.909122 -2.958896 -0.407778 119 119 119 119
-0.556440 0.128892 0.267269 188 188 188 188
-2.797893 -5.582199 -0.702092 215 215 215 215
3.427966 -0.480489 -0.372600 43 43 43 43
-0.665572 -5.194523 -0.925477 203 203 203 203
2.103352 -1.142497 0.527377 197 197 197 197
-0.652129 0.329602 -0.359818 23 23 23 23
-4.527229 -3.600827 -0.542085 133 133 133 133
-2.514990 -6.589190 -1.040538 207 207 207 207
-1.577776 -1.843784 -0.261239 255 255 255 255
2.089731 -0.698071 -0.256199 224 224 224 224
-0.880859 1.388255 1.034842 14 14 14 14
0.878537 2.205702 0.767093 172 172 172 172
3.343254 2.607625 1.481442 140 140 140 140
1.297078 1.532168 0.469278 124 124 124 124
1.604611 3.030092 1.050009 54 54 54 54
2.101095 -1.554995 0.363736 162 162 162 162
1.952274 -1.587963 0.139327 133 133 133 133
2.573211 -2.563592 -0.419651 59 59 59 59
2.399326 -2.696517 -0.366540 102 102 102 102
2.987551 -2.394546 0.418750 90 90 90 90
2.980604 -2.467107 0.339347 62 62 62 62
1.699420 -3.406976 -0.401754 0 0 0 0
2.999268 -2.316111 0.366061 179 179 179 179
5.724789 -0.228892 0.328390 189 189 189 189
2.221516 -1.392040 0.146055 146 146 146 146
2.315858 -2.992075 -0.031089 114 114 114 114
1.962419 -3.373583 0.161981 86 86 86 86
0.928126 -2.503636 0.361589 176 176 176 176
-3.291665 -5.865883 -0.366847 168 168 168 168
-0.121062 0.347224 0.223054 231 231 231 231
1.585125 -1.208801 -0.635796 147 147 147 147
-0.134383 -1.139612 -0.214836 4 4 4 4
-2.637593 -6.781585 -1.245036 77 77 77 77
-1.806457 -0.773682 -0.061657 3 3 3 3
-3.822954 4.851459 -0.521236 41 41 41 41
1.950454 -1.527618 -0.071854 133 133 133 133
2.386707 -2.686606 -0.315318 145 145 145 145
0.192819 -2.688745 0.331063 234 234 234 234
-0.350334 0.076603 -0.455202 111 111 111 111
-1.264870 -0.532543 0.029419 134 134 134 134
2.483697 -1.691355 -0.021935 132 132 132 132
1.788916 -1.151332 -0.154828 133 133 133 133
1.326574 -3.868312 -0.275321 222 222 222 222
-4.954980 -2.233309 -0.149425 173 173 173 173
0.567985 0.924815 -0.157058 191 191 191 191
-0.184307 -0.138709 0.878906 214 214 214 214
-0.183697 -0.765107 -0.485807 110 110 110 110
1.723440 0.371401 0.122391 124 124 124 124
2.210609 -3.071883 0.298377 136 136 136 136
2.808606 -2.529771 -0.209827 49 49 49 49
-1.727386 -0.942050 0.046172 76 76 76 76
-1.075886 -1.756734 -0.442476 254 254 254 254
-2.763831 -4.521259 -0.813771 59 59 59 59
0.990400 0.969349 -0.235388 157 157 157 157
-0.107363 -0.567068 -0.520891 168 168 168 168
1.505973 -3.596643 -0.451650 209 209 209 209
-2.350915 -6.591725 -0.791252 17 17 17 17
-1.840008 -0.809847 -0.137520 8 8 8 8
4.754986 0.539254 -0.118870 9 9 9 9
0.690723 1.727791 0.396070 218 218 218 218
0.295578 0.748745 1.000791 4 4 4 4
1.765574 2.975784 0.744633 114 114 114 114
0.590912 -4.307023 -0.577458 19 19 19 19
2.407258 -2.654680 -0.353956 148 148 148 148
-0.100499 -1.461235 -0.351702 16 16 16 16
0.341848 0.945972 -0.106336 195 195 195 195
-0.687135 1.278031 0.565064 187 187 187 187
3.440544 2.872931 1.619960 114 114 114 114
3.761870 0.408325 1.017111 241 241 241 241
0.854795 -2.872964 -0.526554 7 7 7 7
-4.089141 -2.912755 0.179854 201 201 201 201
-0.220480 1.869898 0.519158 9 9 9 9
2.144153 3.177032 0.715924 6 6 6 6
-4.314194 -2.588655 0.029686 155 155 155 155
-1.417252 -2.670589 -0.555088 243 243 243 243
0.896108 -2.621410 -0.870013 1 1 1 1
0.406135 -2.462485 0.361979 222 222 222 222
-0.112379 -1.541974 -0.377550 170 170 170 170
-1.814639 -0.976387 0.669386 12 12 12 12
0.610481 -2.597483 -0.894276 98 98 98 98
0.445914 0.651949 1.012562 128 128 128 128
0.701408 0.752483 0.929854 88 88 88 88
-0.561371 0.137002 0.109657 220 220 220 220
3.572865 1.772580 0.343729 9 9 9 9
1.140205 2.157611 0.628594 14 14 14 14
2.080950 -0.703148 -0.208120 116 116 116 116
2.064970 -0.727351 -0.220451 176 176 176 176
2.021963 -0.813054 -0.284606 21 21 21 21
3.068281 -0.218671 0.647245 46 46 46 46
3.158969 -0.199244 0.275513 37 37 37 37
2.023975 -0.959078 0.548443 212 212 212 212
-0.240046 -0.884250 -0.206071 242 242 242 242
0.825950 2.191351 0.599317 9 9 9 9
3.817679 1.835789 0.686819 141 141 141 141
5.221320 -0.530184 0.825133 47 47 47 47
1.826479 -3.534019 0.109007 69 69 69 69
-3.287284 -3.900638 0.083409 175 175 175 175
-3.799116 -2.509815 -0.579853 248 248 248 248
4.087563 1.877305 1.348860 135 135 135 135
3.087104 -0.087040 -0.336265 122 122 122 122
4.277991 1.541910 1.343888 134 134 134 134
-0.530483 -1.717641 -0.333545 241 241 241 241
0.422781 0.659941 0.978676 2 2 2 2
3.372318 2.145889 0.551902 4 4 4 4
3.588089 1.681454 -0.053349 113 113 113 113
2.506697 2.045591 1.403116 138 138 138 138
4.602769 -0.045378 -0.312811 232 232 232 232
1.279654 -2.053366 -0.632906 182 182 182 182
2.113205 -0.723376 -0.184035 1 1 1 1
5.634969 1.070255 0.304136 206 206 206 206
1.305929 -0.375238 -0.461263 67 67 67 67
-2.673378 -3.030148 -0.283179 11 11 11 11
3.681121 -0.926681 0.224166 145 145 145 145
2.639830 -3.085041 0.183559 208 208 208 208
1.958963 2.992298 0.528283 6 6 6 6
2.028928 0.260238 0.499225 15 15 15 15
2.020081 0.263116 0.496257 183 183 183 183
2.021320 0.228252 0.517777 106 106 106 106
1.493821 -0.460566 0.708511 131 131 131 131
0.144789 1.228432 0.908714 80 80 80 80
1.389163 2.037705 1.363239 188 188 188 188
3.581708 1.390540 1.217456 76 76 76 76
2.580348 2.648935 1.333732 63 63 63 63
3.292860 1.384537 1.229801 213 213 213 213
3.020058 2.987132 0.834135 11 11 11 11
6.071548 -0.043916 0.347634 65 65 65 65
6.243426 0.077839 0.847920 23 23 23 23
2.735239 -0.280239 -0.415755 246 246 246 246
-0.063631 -1.472484 -0.697624 171 171 171 171
-0.354388 -0.499711 -0.440807 102 102 102 102
1.161344 0.213149 -0.355560 180 180 180 180
2.371222 -2.425346 0.434818 101 101 101 101
1.064584 0.322395 0.990502 185 185 185 185
-0.212052 0.542748 -0.154835 27 27 27 27
-1.737996 -0.751532 -0.488362 158 158 158 158
-1.069154 -0.171704 -0.119843 215 215 215 215
-2.130681 -0.060065 -0.804183 53 53 53 53
-0.423786 0.174084 0.268741 144 144 144 144
-0.180312 0.542467 -0.252379 72 72 72 72
-0.190574 0.433374 -0.318049 107 107 107 107
1.825140 2.737270 0.608604 115 115 115 115
0.526272 0.703795 1.053622 126 126 126 126
0.604847 1.777127 0.413926 150 150 150 150
1.217033 1.432145 0.251713 5 5 5 5
0.165906 1.182946 1.101277 160 160 160 160
1.458380 1.421820 0.439582 24 24 24 24
1.841260 2.722971 0.462153 143 143 143 143
1.190115 1.422182 0.279896 2 2 2 2
0.934493 1.715809 0.475746 211 211 211 211
1.333500 0.660689 0.061403 212 212 212 212
5.239326 1.616726 1.134865 15 15 15 15
5.384798 1.109792 0.154938 175 175 175 175
2.137997 0.398850 0.561718 230 230 230 230
2.672256 2.725705 0.562880 186 186 186 186
3.211137 3.862332 1.249261 178 178 178 178
5.627163 1.164016 0.341770 147 147 147 147
3.097017 3.343514 0.909251 243 243 243 243
6.937655 0.649198 0.689466 247 247 247 247
3.012989 -0.280080 0.640710 112 112 112 112
2.355521 -0.452538 -0.165464 96 96 96 96
4.482500 -0.141693 -0.208197 4 4 4 4
2.331678 -0.591692 -0.182249 84 84 84 84
6.172052 0.054205 0.865937 146 146 146 146
2.386824 -0.606600 -0.119247 146 146 146 146
2.691475 -0.292376 -0.376832 169 169 169 169
4.465555 -0.539283 0.705283 153 153 153 153
4.932138 0.440000 0.358388 5 5 5 5
2.429186 -0.402715 -0.186308 133 133 133 133
2.408619 -0.605699 -0.114778 145 145 145 145
-0.379570 -0.828550 -0.223048 245 245 245 245
0.738724 -1.203973 -0.628865 108 108 108 108
1.832815 -0.847913 -0.501733 248 248 248 248
-0.178371 -0.684963 -0.174901 150 150 150 150
0.960086 -1.632151 -0.706517 141 141 141 141
0.751910 -0.149157 -0.415688 178 178 178 178
0.680398 -1.585649 -0.681201 93 93 93 93
1.879075 -0.821256 -0.402127 9 9 9 9
0.884675 -0.103273 -0.394055 111 111 111 111
1.742143 -1.031616 -0.523083 130 130 130 130
2.309801 -0.131031 0.902120 147 147 147 147
8.953072 -1.015155 2.853555 197 197 197 197
2.700281 -0.000403 0.948154 134 134 134 134
0.777839 -2.823687 -0.747275 177 177 177 177
1.871928 -0.689778 0.797715 192 192 192 192
1.485357 -1.735202 -0.297774 35 35 35 35
1.839051 -0.703602 0.828399 89 89 89 89
1.243285 -2.188995 -0.704513 182 182 182 182
2.065355 -0.902873 0.239655 144 144 144 144
1.240662 0.479377 1.033130 235 235 235 235
-0.241547 0.291222 0.957744 190 190 190 190
-0.644972 0.013377 0.132259 205 205 205 205
-0.924973 0.929515 0.471728 24 24 24 24
0.223529 0.806950 0.275451 10 10 10 10
0.047440 0.685898 -0.255091 108 108 108 108
-0.431371 0.003972 0.725460 103 103 103 103
-2.404234 -0.022541 -0.558460 5 5 5 5
-0.406603 0.227313 0.162862 108 108 108 108
-0.775907 -0.280980 0.184703 127 127 127 127
-2.867671 -0.740586 0.426444 151 151 151 151
0.576275 -2.177694 -0.860989 119 119 119 119
-0.259247 -1.313991 -0.129291 43 43 43 43
2.091309 0.944699 0.530739 16 16 16 16
-1.967682 -1.168079 0.553009 212 212 212 212
3.492707 3.717450 1.765600 126 126 126 126
5.429250 0.884165 -0.087759 144 144 144 144
1.852572 -0.624491 0.793314 0 0 0 0
0.111019 -3.079200 -0.979850 229 229 229 229
-1.280627 -2.920552 -0.401580 244 244 244 244
0.433842 -1.036508 -0.510142 133 133 133 133
3.576574 3.306055 1.556958 91 91 91 91
3.116138 0.040479 -0.303983 43 43 43 43
1.434920 1.017946 0.164863 4 4 4 4
0.591060 -3.292722 -0.660184 176 176 176 176
1.195729 -3.980864 -0.333620 113 113 113 113
-0.732493 -5.488008 -0.749443 147 147 147 147
0.717157 -2.996943 -0.525713 128 128 128 128
-1.707741 0.350298 0.834257 232 232 232 232
-0.188567 -0.893273 -0.254725 168 168 168 168
-1.148320 -2.620554 -0.476393 9 9 9 9
-4.806682 -3.620548 -0.817217 243 243 243 243
-0.839347 -0.607455 -0.562545 153 153 153 153
0.860343 1.587048 -0.071823 3 3 3 3
0.723043 1.702065 0.271386 255 255 255 255
-4.606871 2.888565 -1.254482 84 84 84 84
2.439473 3.166092 0.822686 177 177 177 177
2.211192 3.204756 0.889856 204 204 204 204
2.082484 3.207814 1.613161 4 4 4 4
3.230613 2.815742 0.553182 5 5 5 5
1.608894 0.784433 1.042998 203 203 203 203
3.259385 2.884817 0.546881 189 189 189 189
1.751316 0.471661 0.055765 56 56 56 56
3.165265 -0.189500 0.836805 103 103 103 103
1.560701 1.339221 0.237446 113 113 113 113
-0.785541 -5.269568 -1.050662 15 15 15 15
0.025806 -4.653438 -0.700340 2 2 2 2
-1.583823 -6.142235 -0.416737 5 5 5 5
-1.910118 -6.498364 -0.628767 206 206 206 206
-1.130187 -3.088314 -0.548720 72 72 72 72
-1.536377 -1.323872 0.617712 159 159 159 159
-0.217769 -0.560951 -0.361168 7 7 7 7
-0.152010 -1.191506 -0.182421 184 184 184 184
-1.374677 -1.639683 -0.403463 1 1 1 1
-1.207100 0.687250 0.889828 198 198 198 198
-0.181128 0.256445 0.928237 149 149 149 149
0.067555 1.751750 0.386541 44 44 44 44
0.809357 1.872131 0.557323 115 115 115 115
0.669685 1.852526 -0.033451 110 110 110 110
-0.969706 0.909944 0.980574 108 108 108 108
2.162112 3.159043 0.853408 48 48 48 48
1.980367 1.731744 1.303778 187 187 187 187
0.850764 2.259770 1.274287 145 145 145 145
3.230064 3.061630 1.388350 94 94 94 94
4.725131 0.281026 0.219687 8 8 8 8
2.622383 2.721479 0.639240 171 171 171 171
3.109339 3.744873 1.236916 169 169 169 169
4.840639 0.163807 0.081954 11 11 11 11
1.226708 -1.753949 0.520670 239 239 239 239
4.462681 -0.425427 0.858797 96 96 96 96
0.886706 0.552799 0.492622 155 155 155 155
0.694159 -3.125098 -0.489237 136 136 136 136
-0.216663 -0.576349 -0.360802 185 185 185 185
0.374772 -0.142367 0.529974 0 0 0 0
0.139032 1.775493 0.663490 29 29 29 29
0.760904 1.978927 0.601050 144 144 144 144
5.569260 1.152107 0.370677 139 139 139 139
-3.182594 -2.379461 0.369513 252 252 252 252
0.559393 2.081399 1.232597 201 201 201 201
1.277300 2.757229 0.869191 71 71 71 71
1.548260 2.847373 0.660882 102 102 102 102
1.926372 -1.036446 -0.490667 117 117 117 117
5.767902 -0.295114 0.623997 206 206 206 206
1.319075 -0.311580 0.847607 42 42 42 42
1.800228 -1.049190 -0.069832 168 168 168 168
1.789974 -1.052784 -0.012133 170 170 170 170
1.805712 -1.092606 0.248610 35 35 35 35
0.374377 -1.044790 0.706374 103 103 103 103
0.443836 -1.365216 -0.321938 27 27 27 27
-0.070358 -2.107512 -0.485524 13 13 13 13
-2.349988 -5.887970 -0.851667 249 249 249 249
0.101456 -1.428327 -0.535880 4 4 4 4
-1.104547 -4.353273 -0.795162 101 101 101 101
0.369370 1.615355 0.771959 47 47 47 47
2.214691 3.236008 0.920390 2 2 2 2
3.031769 2.742393 0.797570 5 5 5 5
1.167972 2.067547 0.592549 123 123 123 123
3.090433 -0.190901 0.286654 9 9 9 9
4.588532 -0.164572 -0.037891 255 255 255 255
3.241372 -0.346177 -0.054508 134 134 134 134
1.485237 0.929327 0.139792 169 169 169 169
3.869572 1.878113 0.435570 23 23 23 23
5.105978 -0.557585 0.743552 152 152 152 152
4.589086 -0.434771 0.854570 175 175 175 175
5.325949 0.641221 0.491426 128 128 128 128
1.187482 -2.187377 -0.824942 14 14 14 14
2.008164 -3.025355 -0.268492 189 189 189 189
0.504359 -2.054362 -0.496087 28 28 28 28
-0.670722 -1.829601 0.528479 241 241 241 241
0.294354 -0.499723 -0.535187 87 87 87 87
0.378177 1.021675 0.635216 87 87 87 87
0.389509 1.010538 0.620295 69 69 69 69
0.659798 0.480578 0.910901 68 68 68 68
0.378716 1.603303 0.665360 62 62 62 62
1.066207 2.411160 1.298116 2 2 2 2
0.815913 2.358114 0.779775 19 19 19 19
3.032336 2.764942 0.672300 1 1 1 1
5.390593 0.655730 0.096264 20 20 20 20
4.780671 -0.089651 -0.247137 32 32 32 32
1.826998 0.592147 0.073239 3 3 3 3
5.704088 -0.467116 0.339678 166 166 166 166
5.748689 1.061916 0.395544 162 162 162 162
2.239210 2.089126 1.134583 136 136 136 136
3.943954 1.921740 0.448735 241 241 241 241
3.072305 2.732593 0.703599 124 124 124 124
1.779172 -1.292047 -0.499823 254 254 254 254
2.311385 -0.799199 -0.157937 111 111 111 111
1.461830 0.211825 0.610431 132 132 132 132
1.290381 -2.673308 -0.777062 15 15 15 15
1.933561 -2.969291 -0.761523 144 144 144 144
-2.612140 -6.748189 -0.613051 8 8 8 8
2.103658 3.139547 0.701671 15 15 15 15
2.150638 -2.936892 -0.526898 141 141 141 141
2.427740 -0.222131 -0.353629 244 244 244 244
2.236647 -0.652390 -0.223796 172 172 172 172
1.913833 -1.055684 0.687853 74 74 74 74
3.688020 2.028060 0.501769 22 22 22 22
1.309972 1.329887 0.225246 3 3 3 3
4.331924 1.889475 1.308476 122 122 122 122
1.070887 2.477159 0.912961 173 173 173 173
5.326513 -1.184664 0.177050 240 240 240 240
4.194175 -0.175238 -0.169112 238 238 238 238
3.227045 2.540369 0.757456 252 252 252 252
2.557470 2.783691 0.302820 123 123 123 123
2.731539 2.575978 0.446119 237 237 237 237
2.643679 2.731558 0.218760 187 187 187 187
3.370131 -0.503800 0.006811 238 238 238 238
2.123321 -1.007036 -0.402594 182 182 182 182
5.143084 0.238829 0.051281 252 252 252 252
3.069615 -0.270897 0.589800 90 90 90 90
1.945651 0.859408 1.088577 255 255 255 255
3.185439 -0.232564 0.883181 147 147 147 147
1.636644 2.794853 0.567730 3 3 3 3
2.694071 2.086958 1.355405 99 99 99 99
3.348270 2.861418 0.582701 209 209 209 209
0.065073 -1.444558 -0.529436 16 16 16 16
-1.779729 -1.558013 -0.539218 219 219 219 219
2.132051 2.803420 1.522424 131 131 131 131
3.061259 3.025622 0.856356 250 250 250 250
4.444662 -1.503351 0.086097 29 29 29 29
4.298062 -1.357532 -0.306824 115 115 115 115
3.587823 -0.620159 -0.198942 193 193 193 193
2.460473 -0.353774 -0.148903 104 104 104 104
5.677577 0.970716 0.088968 106 106 106 106
4.362670 -0.145241 0.017881 13 13 13 13
5.285058 0.784157 0.386645 8 8 8 8
2.110643 -0.759822 -0.214670 209 209 209 209
0.557346 -2.006853 -0.479327 34 34 34 34
-0.937571 -5.760898 -0.404201 81 81 81 81
3.190865 0.284449 0.650839 44 44 44 44
0.297084 -1.391700 -0.435198 42 42 42 42
-0.236192 0.425658 0.121936 224 224 224 224
-1.479201 -2.704657 -0.427818 5 5 5 5
-0.572744 0.199571 0.222445 175 175 175 175
-0.129334 -1.422971 -0.635513 13 13 13 13
0.396232 -1.376358 -0.620688 92 92 92 92
1.485548 1.645293 1.262389 209 209 209 209
1.751989 3.132781 1.444363 243 243 243 243
1.441545 2.361319 1.444695 220 220 220 220
1.554043 2.224528 1.418090 204 204 204 204
1.265181 2.130510 0.640936 156 156 156 156
1.213971 2.112423 0.646216 48 48 48 48
3.166316 2.084796 0.397519 234 234 234 234
3.235697 2.551468 0.755887 178 178 178 178
3.703810 1.718868 0.623096 6 6 6 6
2.967342 3.001408 0.835139 3 3 3 3
2.582935 2.816073 0.528379 47 47 47 47
2.943486 2.339486 0.434501 21 21 21 21
3.598843 1.998550 0.454308 200 200 200 200
2.557891 2.798858 0.549591 122 122 122 122
3.021751 -0.851727 -0.296075 244 244 244 244
2.836208 -0.615405 -0.308792 208 208 208 208
2.521946 -0.231933 -0.345742 130 130 130 130
2.646509 2.546262 1.438741 79 79 79 79
2.666731 2.493495 1.469058 170 170 170 170
4.397729 0.030455 0.143871 13 13 13 13
5.717033 1.001050 1.030225 187 187 187 187
4.399824 -1.533674 0.557293 15 15 15 15
4.736491 0.539351 -0.175904 58 58 58 58
4.437706 0.491042 -0.194984 156 156 156 156
2.569791 0.077848 1.015808 97 97 97 97
3.088773 -0.197780 0.884132 152 152 152 152
0.577895 -2.655383 -0.595470 251 251 251 251
0.688944 -3.345841 -1.020957 251 251 251 251
0.498929 -3.000401 -0.684482 254 254 254 254
0.575121 -1.846341 -0.766838 153 153 153 153
3.244097 2.552306 0.753847 224 224 224 224
0.802080 2.257560 1.267547 182 182 182 182
1.836089 1.877815 0.879791 181 181 181 181
1.512044 2.683415 1.493839 143 143 143 143
1.575795 2.351481 2.994444 131 131 131 131
2.995037 2.503528 0.482814 9 9 9 9
3.236583 -1.205498 -0.248754 239 239 239 239
2.557026 0.288090 -0.286192 38 38 38 38
2.984877 2.871228 1.927890 143 143 143 143
4.449413 -0.425186 0.039872 197 197 197 197
6.419230 0.101871 0.567045 252 252 252 252
4.083964 -0.105707 0.006095 207 207 207 207
4.949361 -0.539709 0.888887 134 134 134 134
-0.067880 -4.961488 -0.572214 218 218 218 218
1.736963 -1.331814 0.381564 47 47 47 47
0.416661 -1.860527 2.297198 136 136 136 136
0.714871 -3.437387 -0.997317 31 31 31 31
5.740911 0.945243 0.140329 110 110 110 110
4.331579 0.348604 -0.112173 46 46 46 46
-0.219589 -1.429476 -0.582691 53 53 53 53
1.477414 -2.314264 -0.670775 13 13 13 13
3.566903 -0.654069 0.040077 30 30 30 30
2.052309 -1.110024 0.539677 9 9 9 9
-1.017845 -3.466489 0.143042 186 186 186 186
-24.100714 -26.264850 1.106134 230 230 230 230
1.944555 -1.132777 0.585056 169 169 169 169
5.907503 -0.400813 0.769062 248 248 248 248
4.109525 -3.391172 -0.147617 11 11 11 11
5.396140 -0.567603 0.387209 108 108 108 108
0.632111 1.976896 0.596850 30 30 30 30
-0.512315 -0.399187 -0.516604 230 230 230 230
-0.430560 -0.608826 -0.469774 126 126 126 126
1.652289 1.025580 0.184440 1 1 1 1
1.630155 1.278472 0.220980 10 10 10 10
5.407242 0.657233 0.169231 123 123 123 123
2.424604 2.586903 1.028705 67 67 67 67
5.475406 0.633589 0.195370 210 210 210 210
2.397083 1.137115 0.743947 95 95 95 95
0.978917 2.432160 0.346254 176 176 176 176
2.565389 1.917712 1.345970 89 89 89 89
-1.397398 -1.878494 -0.464155 14 14 14 14
-11.711570 4.992362 3.536655 164 164 164 164
6.228920 0.348752 0.969154 195 195 195 195
4.975594 1.549191 1.156926 126 126 126 126
1.298516 1.387157 0.235136 16 16 16 16
1.288888 1.407032 0.238496 28 28 28 28
0.926557 1.623319 0.391406 44 44 44 44
0.801518 2.243218 0.774627 13 13 13 13
3.119619 2.668166 0.802406 208 208 208 208
3.290823 1.380177 1.274767 141 141 141 141
6.010448 0.718420 0.520631 164 164 164 164
3.225781 -0.217165 0.181444 77 77 77 77
3.265038 -0.199440 0.892839 236 236 236 236
5.283687 0.642922 0.336955 253 253 253 253
3.569913 -0.557088 0.092714 171 171 171 171
5.733157 1.006851 0.265547 99 99 99 99
1.818685 1.386098 0.233373 243 243 243 243
1.135710 1.773534 0.338942 247 247 247 247
1.400010 1.535874 0.517302 1 1 1 1
-3.350623 -4.128977 -0.594145 51 51 51 51
2.397805 -0.414141 -0.404608 132 132 132 132
1.751748 2.671235 0.618359 185 185 185 185
1.989921 3.029132 0.682331 8 8 8 8
1.893234 2.998796 0.238457 11 11 11 11
1.949976 2.811681 0.558817 133 133 133 133
1.067531 2.438680 1.313056 151 151 151 151
0.984251 2.432053 0.441249 128 128 128 128
2.297541 3.265992 0.912961 168 168 168 168
1.233714 -2.407425 -0.622887 115 115 115 115
3.340660 2.446657 0.736061 217 217 217 217
3.097255 1.652204 1.283953 175 175 175 175
4.165699 -1.257396 0.008711 156 156 156 156
3.268263 1.411558 1.227961 166 166 166 166
2.071440 -0.870877 -0.219329 164 164 164 164
2.260995 1.758715 0.466224 139 139 139 139
2.721032 2.621231 0.473085 131 131 131 131
1.138301 2.470293 0.294584 177 177 177 177
2.273067 3.048653 1.591116 154 154 154 154
-0.043746 1.491846 1.243459 66 66 66 66
6.185020 0.510390 0.494296 104 104 104 104
5.488924 -0.049674 0.970810 222 222 222 222
4.175901 -1.241818 0.145863 148 148 148 148
6.095948 0.492969 0.820941 75 75 75 75
4.122055 -0.228943 0.017794 4 4 4 4
4.420138 -1.434869 0.493684 141 141 141 141
5.651420 0.272261 -0.172054 222 222 222 222
5.975530 -0.232348 1.016593 166 166 166 166
2.077506 -0.563416 -0.442030 234 234 234 234
-1.317866 -1.424206 -0.456361 231 231 231 231
2.055995 -0.555241 -0.441021 2 2 2 2
2.498955 -0.320895 -0.110586 234 234 234 234
1.598607 1.269139 0.229296 91 91 91 91
1.867349 3.098032 0.711919 229 229 229 229
1.139360 2.559573 0.306606 53 53 53 53
1.512126 3.010514 1.010233 154 154 154 154
1.798168 2.705827 0.561128 183 183 183 183
0.955382 1.711790 1.296309 169 169 169 169
2.057849 1.585743 1.264632 141 141 141 141
-0.152277 1.508597 0.926699 137 137 137 137
0.970877 2.477594 0.398171 58 58 58 58
3.150237 3.569790 0.985553 13 13 13 13
2.945265 3.633855 0.981411 5 5 5 5
5.938062 0.527141 -0.065345 139 139 139 139
-1.874275 -0.885251 0.553278 196 196 196 196
-0.550105 0.149919 0.004053 7 7 7 7
1.767326 3.005648 0.673526 1 1 1 1
3.411259 3.660868 1.726950 144 144 144 144
3.246281 -1.412228 0.601741 94 94 94 94
-0.169591 -0.980892 -0.246627 41 41 41 41
-0.503715 0.306365 0.089599 8 8 8 8
-0.447805 0.043146 0.815738 74 74 74 74
-0.131967 -0.920184 -0.241726 98 98 98 98
-0.071979 -1.301515 -0.526610 155 155 155 155
3.834995 1.940599 0.092664 194 194 194 194
3.944292 2.132825 0.069729 23 23 23 23
3.531937 2.228301 0.066805 150 150 150 150
1.895907 -0.642003 0.800701 132 132 132 132
1.843039 3.124915 0.689033 1 1 1 1
1.482632 0.864214 1.098571 60 60 60 60
5.353089 1.756727 1.301374 157 157 157 157
2.386799 -4.313943 -0.507189 0 0 0 0
-0.419199 0.164676 0.129140 100 100 100 100
-1.815354 -0.952726 0.670445 18 18 18 18
0.310508 -1.724253 -0.320578 53 53 53 53
1.865501 1.353777 0.225703 2 2 2 2
2.724808 1.583641 -0.014709 163 163 163 163
3.440009 1.853097 0.070009 122 122 122 122
1.541659 0.800841 -0.188201 198 198 198 198
-0.001490 1.748205 1.158927 172 172 172 172
1.791214 0.486320 0.079030 188 188 188 188
-0.348969 0.819013 -0.331835 156 156 156 156
3.770656 1.880779 0.491050 17 17 17 17
4.397036 2.619409 0.218299 252 252 252 252
3.970449 2.022770 0.033704 148 148 148 148
4.108217 2.088059 0.047018 165 165 165 165
-0.322755 0.433161 -0.222477 47 47 47 47
2.980311 -2.321540 0.448972 157 157 157 157
1.153587 1.964581 0.371024 206 206 206 206
1.326575 2.061985 0.484403 127 127 127 127
1.856025 0.524209 0.284076 118 118 118 118
3.629979 2.095907 0.425118 186 186 186 186
3.584021 2.281885 0.120449 10 10 10 10
2.511862 2.533668 1.453594 200 200 200 200
2.747760 2.631645 1.408265 35 35 35 35
2.505671 2.929449 1.005241 156 156 156 156
2.154256 3.191390 0.863291 84 84 84 84
3.298394 2.730311 0.783441 33 33 33 33
2.893411 2.266102 0.519120 95 95 95 95
3.073508 2.292735 0.451275 93 93 93 93
2.612414 2.674069 0.852168 85 85 85 85
3.094747 2.123660 0.540294 182 182 182 182
5.640507 1.315492 0.277179 159 159 159 159
5.783743 0.413351 0.310012 217 217 217 217
5.801038 1.401345 0.195190 150 150 150 150
3.704015 3.238833 1.546683 4 4 4 4
3.089628 2.527516 0.703516 116 116 116 116
4.642505 -0.445256 -0.112473 252 252 252 252
5.895648 1.273294 0.402483 31 31 31 31
5.359702 -0.962177 0.729632 23 23 23 23
5.375331 -1.195914 0.100981 51 51 51 51
0.149791 1.213815 1.115324 160 160 160 160
0.072667 1.705112 1.142726 187 187 187 187
5.393341 1.383892 1.032271 143 143 143 143
5.237312 -0.854082 0.658039 110 110 110 110
5.255075 -1.198210 0.208002 121 121 121 121
3.024563 4.491583 1.515633 130 130 130 130
3.088583 4.489563 1.382365 112 112 112 112
-3.794039 4.601415 0.106047 154 154 154 154
-19.471341 14.424238 -6.591478 148 148 148 148
2.287159 2.520642 0.925605 0 0 0 0
-3.069063 4.088398 -0.801447 83 83 83 83
-3.732985 4.725897 -0.608431 35 35 35 35
-4.902706 2.960282 -0.099376 152 152 152 152
-4.768862 3.176043 -0.848002 119 119 119 119
-2.413043 3.194453 0.409399 157 157 157 157
1.065976 -1.032809 -1.403339 2 2 2 2
-1.385561 0.094722 -1.372022 177 177 177 177
-1.251698 1.011879 -1.626933 167 167 167 167
-1.480641 0.814137 -1.369234 101 101 101 101
2.152385 -0.809102 -1.447558 0 0 0 0
0.706615 -0.784506 -1.437812 6 6 6 6
0.348988 -1.145845 -1.523521 127 127 127 127
-0.506562 -1.285155 -1.008361 152 152 152 152
-2.188555 1.543504 -1.044874 11 11 11 11
-2.527190 1.896084 -1.329896 6 6 6 6
-2.124007 1.478667 -1.551830 164 164 164 164
-2.843385 1.002880 -1.468959 236 236 236 236
-2.403439 2.228827 -1.406991 149 149 149 149
-2.236115 1.525862 -1.036688 210 210 210 210
-3.056215 3.082487 -1.258641 114 114 114 114
-2.329875 1.798308 -1.480972 7 7 7 7
-1.455653 2.135422 -1.414080 211 211 211 211
-1.812960 1.516746 -1.556504 116 116 116 116
-2.594246 1.421361 -1.127372 160 160 160 160
-2.221694 -0.103157 0.753987 156 156 156 156
1.820786 -0.864355 -1.527599 2 2 2 2
1.597911 -1.230016 -0.817591 161 161 161 161
0.528375 -0.666088 -1.623104 4 4 4 4
-0.314103 -1.319577 -1.305037 104 104 104 104
0.015809 -1.071417 -1.225683 118 118 118 118
-0.059181 -1.070269 -1.564177 99 99 99 99
-0.337324 -1.340112 -1.370374 17 17 17 17
-1.380465 0.145935 -1.452180 73 73 73 73
0.010398 -1.069948 -1.219132 120 120 120 120
0.198894 -0.950672 -1.722209 143 143 143 143
-5.050024 3.249604 -1.210461 2 2 2 2
-4.607969 2.679061 0.026384 138 138 138 138
-2.471627 1.508005 -1.560552 3 3 3 3
-3.046216 1.375839 -1.231961 2 2 2 2
-1.093673 0.895464 -1.631274 254 254 254 254
-1.112677 1.858758 -1.465103 146 146 146 146
-2.680863 1.008960 -1.248643 63 63 63 63
-2.705639 1.093309 -1.262116 243 243 243 243
-2.290495 0.348490 -1.447079 94 94 94 94
1.700829 -1.496465 -1.665205 126 126 126 126
1.642853 -0.776201 -0.976255 115 115 115 115
-0.365195 -1.363903 -1.308186 62 62 62 62
-0.854003 -1.824623 -1.031803 169 169 169 169
-0.294570 -0.200665 -1.440672 84 84 84 84
-0.094174 -1.132073 -1.458660 109 109 109 109
-0.330703 -1.321903 -1.604704 121 121 121 121
-2.497081 2.296687 -1.410414 113 113 113 113
-2.274714 1.275844 -1.587205 62 62 62 62
-2.092148 1.381387 -1.577787 169 169 169 169
-1.058356 0.865385 -1.641718 67 67 67 67
-2.752028 1.063072 -1.246627 145 145 145 145
-1.628103 0.409654 -1.423204 39 39 39 39
0.674466 0.486938 -1.051707 211 211 211 211
0.711406 -0.733747 -1.553370 132 132 132 132
1.012733 -0.847869 -1.694637 248 248 248 248
0.694440 0.422834 -1.077487 161 161 161 161
-0.469850 0.626334 -1.684926 189 189 189 189
-2.166671 2.013954 -1.439022 147 147 147 147
-1.071977 1.932427 -1.346277 170 170 170 170
-2.329457 1.766574 -1.339452 7 7 7 7
-2.880615 1.687352 0.100441 0 0 0 0
0.360425 -1.040577 -1.579321 3 3 3 3
-2.218806 1.482860 -1.040915 196 196 196 196
-3.205732 2.569413 -1.342485 140 140 140 140
-1.556954 0.421601 -1.398101 43 43 43 43
-2.413642 1.769460 -1.078710 3 3 3 3
-0.933068 1.412974 -1.525493 109 109 109 109
-1.281295 -0.202001 -0.668708 96 96 96 96
-0.024984 -1.103058 -1.291610 206 206 206 206
-2.619481 1.901185 -1.067943 122 122 122 122
-2.140539 1.426976 -1.424925 227 227 227 227
-0.028038 -1.062504 -1.620692 233 233 233 233
1.484348 -1.461735 -1.831387 111 111 111 111
-0.284623 -1.291885 -1.459592 48 48 48 48
-2.423037 2.508383 -1.334405 117 117 117 117
-1.117334 -0.134155 -0.678339 97 97 97 97
-0.204101 -1.187665 -1.478045 94 94 94 94
-1.879209 0.032411 -0.461179 4 4 4 4
-1.035103 1.134959 -1.673902 137 137 137 137
-0.900940 1.778680 -1.161671 74 74 74 74
-0.569666 0.627952 -1.554719 120 120 120 120
4.347400 -1.450400 0.522442 36 36 36 36
5.993921 0.402511 0.404814 192 192 192 192
0.001292 1.442160 1.088646 140 140 140 140
3.365490 2.479094 0.673322 145 145 145 145
3.567631 3.507671 0.914646 179 179 179 179
4.431896 1.981917 1.384523 147 147 147 147
5.704189 -0.255293 0.332664 201 201 201 201
4.351398 0.325653 -0.118758 34 34 34 34
2.681159 -0.304200 -0.426316 69 69 69 69
2.067267 1.077937 -0.184156 22 22 22 22
2.692480 -0.311328 -0.397463 219 219 219 219
1.961819 0.709603 -0.244987 24 24 24 24
3.527215 -0.512209 0.272103 150 150 150 150
3.502842 -0.524852 0.067963 45 45 45 45
4.230067 -1.458496 0.526478 147 147 147 147
3.479589 -0.587770 0.434037 153 153 153 153
3.523607 -0.454972 -0.417878 196 196 196 196
3.369094 1.649525 1.204610 156 156 156 156
3.417855 1.225782 1.213694 188 188 188 188
0.992958 1.866677 0.522670 134 134 134 134
1.878114 0.991516 0.150087 9 9 9 9
0.845293 2.482556 0.560866 168 168 168 168
1.674236 0.868015 0.131545 254 254 254 254
5.325344 1.368547 1.254613 146 146 146 146
3.669276 -0.774280 0.308151 79 79 79 79
4.289327 -0.035666 0.674331 2 2 2 2
2.569135 0.258336 -0.312723 72 72 72 72
0.226500 -2.050254 -0.478440 183 183 183 183
-1.702704 -3.901670 0.048392 241 241 241 241
-1.417950 -0.770710 -0.118560 177 177 177 177
0.435506 0.693640 0.904959 104 104 104 104
0.401057 -1.283132 -0.652172 154 154 154 154
0.724102 -0.785550 0.802305 149 149 149 149
1.882767 2.693073 1.536208 101 101 101 101
1.717160 2.686910 0.646542 116 116 116 116
-0.105069 1.484444 0.939649 134 134 134 134
3.484365 -0.524859 0.082524 159 159 159 159
5.940856 -7.221826 -0.946553 9 9 9 9
6.216387 -7.512904 -0.643873 66 66 66 66
0.375837 -1.979074 -0.584252 249 249 249 249
2.558610 -0.224461 -0.390476 10 10 10 10
2.069299 -0.981819 0.587403 197 197 197 197
2.134356 -0.688329 -0.185284 242 242 242 242
0.299229 -2.036674 -0.717127 254 254 254 254
-1.765623 -0.965233 -0.114544 57 57 57 57
-0.078145 -1.767226 -0.259623 57 57 57 57
0.515355 -1.553021 -0.722774 196 196 196 196
-0.535667 -1.550159 -0.357216 16 16 16 16
-2.274736 -0.927296 0.559568 115 115 115 115
5.335891 -0.408866 0.256815 179 179 179 179
3.544048 -0.596921 0.187129 84 84 84 84
2.530758 0.122400 0.947380 206 206 206 206
2.685511 2.512942 1.379000 52 52 52 52
2.620875 3.570957 1.620941 131 131 131 131
0.201478 1.240481 1.113130 107 107 107 107
1.255899 2.317511 0.446208 252 252 252 252
3.088944 2.800029 0.668465 14 14 14 14
3.041763 3.845047 1.728911 147 147 147 147
4.777669 0.544255 0.208364 11 11 11 11
5.219810 -0.605212 0.809106 134 134 134 134
5.551986 1.253063 0.318130 172 172 172 172
2.517137 -0.277954 -0.195058 194 194 194 194
1.648201 -0.888711 -0.582133 159 159 159 159
2.497342 -0.337518 -0.190297 26 26 26 26
5.270579 -0.436846 0.380744 108 108 108 108
6.155031 0.217632 0.949112 142 142 142 142
4.591527 -0.981378 0.110581 43 43 43 43
5.240502 -0.572233 0.383006 144 144 144 144
4.875033 -1.022991 0.512472 9 9 9 9
3.574057 -0.606928 0.110543 156 156 156 156
-2.041669 -5.152109 -0.687992 6 6 6 6
0.931348 1.663028 0.434801 152 152 152 152
4.032636 -0.088994 -0.216357 146 146 146 146
3.634290 3.563097 0.326732 122 122 122 122
3.367460 3.243483 1.638651 188 188 188 188
2.635605 2.638087 1.500213 34 34 34 34
3.079172 -0.005823 -0.336718 236 236 236 236
4.909914 0.676653 0.262416 20 20 20 20
5.251296 0.680926 0.041246 42 42 42 42
4.532677 -0.063183 0.877413 190 190 190 190
3.424520 1.306710 1.183046 71 71 71 71
-1.739438 -0.872761 0.714975 63 63 63 63
2.781961 -0.352756 0.090478 242 242 242 242
1.172189 1.582870 0.311391 6 6 6 6
2.448917 -0.367061 -0.177189 214 214 214 214
2.492074 -0.628654 0.622771 7 7 7 7
3.656007 2.348895 0.463107 131 131 131 131
3.345745 3.113622 1.047325 72 72 72 72
2.675224 2.799865 0.809757 231 231 231 231
2.317109 2.882838 1.377909 139 139 139 139
2.265438 3.338059 1.456036 85 85 85 85
2.360041 3.267858 1.409891 82 82 82 82
0.597729 0.263986 0.951944 114 114 114 114
2.309573 3.287555 0.981945 49 49 49 49
0.397143 0.098763 0.945344 112 112 112 112
4.824680 0.052521 -0.160983 19 19 19 19
5.393306 0.430973 0.488530 21 21 21 21
4.915409 0.461250 0.251630 7 7 7 7
5.996706 0.023851 0.829646 200 200 200 200
5.533825 1.154020 0.171550 29 29 29 29
5.540211 0.402279 -0.050662 130 130 130 130
1.324709 -1.102617 -0.564416 136 136 136 136
2.783278 -0.372352 -0.237767 19 19 19 19
0.892851 2.342784 0.525810 84 84 84 84
2.286089 3.404839 1.021561 33 33 33 33
4.611081 -0.291740 0.086233 9 9 9 9
0.199757 -3.059754 -0.722154 254 254 254 254
4.382713 -1.683606 0.575368 165 165 165 165
2.664956 -0.370778 -0.428194 204 204 204 204
3.400439 2.570172 0.512979 146 146 146 146
0.884061 0.673157 0.986809 109 109 109 109
-3.530023 -6.112878 -0.599419 134 134 134 134
0.480788 -2.127521 -0.472628 244 244 244 244
2.274152 3.148122 0.916453 170 170 170 170
2.562669 2.851440 0.829861 41 41 41 41
1.691104 3.005194 0.952509 197 197 197 197
3.043735 2.944146 0.832378 2 2 2 2
3.719116 3.229237 1.416157 154 154 154 154
6.187747 0.267355 0.856377 138 138 138 138
6.055370 -0.096517 0.946882 104 104 104 104
5.347696 0.558633 -0.144768 2 2 2 2
3.965666 2.140813 0.432931 10 10 10 10
0.096461 -2.752552 -0.869263 69 69 69 69
1.988930 1.376413 -0.078038 15 15 15 15
1.768537 1.578673 -0.063781 133 133 133 133
3.444435 2.071090 0.609514 13 13 13 13
1.979973 1.124820 0.222595 31 31 31 31
4.266610 -0.003944 0.011984 219 219 219 219
4.992093 -0.162488 -0.247511 241 241 241 241
5.776906 -0.248585 0.402756 169 169 169 169
3.993827 -1.322613 0.718961 159 159 159 159
4.871390 0.357807 0.225960 48 48 48 48
3.962836 1.902664 0.406949 2 2 2 2
3.912707 -0.027501 0.935313 138 138 138 138
2.719229 2.505265 1.434118 75 75 75 75
0.249566 1.426221 1.170567 121 121 121 121
-2.852448 -1.703564 -0.185084 251 251 251 251
2.749000 2.569133 1.368179 94 94 94 94
1.406357 1.205473 0.339214 173 173 173 173
2.327606 3.124514 0.875133 199 199 199 199
0.047995 1.505014 1.053985 162 162 162 162
3.788326 2.004604 0.418736 147 147 147 147
3.834699 1.951655 0.978213 38 38 38 38
7.639082 -9.402044 -1.197962 187 187 187 187
4.960525 0.825933 1.096775 125 125 125 125
3.147759 2.428284 0.667649 243 243 243 243
3.682314 3.157836 1.497711 4 4 4 4
-0.809399 -1.044493 0.881947 116 116 116 116
0.557690 -2.982877 -1.009597 81 81 81 81
0.481157 0.662034 1.020548 90 90 90 90
2.444268 3.163012 0.886607 174 174 174 174
4.820968 1.071758 1.155637 77 77 77 77
3.847953 -0.984909 0.240632 94 94 94 94
1.057236 2.595282 1.045780 165 165 165 165
6.196881 0.224233 0.910749 159 159 159 159
4.906090 -1.070674 0.617366 229 229 229 229
1.777142 0.503103 0.004392 250 250 250 250
0.163600 -1.385967 -0.460872 212 212 212 212
-1.663145 -0.886516 0.670517 40 40 40 40
2.775560 0.774064 -0.237147 106 106 106 106
4.109402 -1.327917 0.102558 140 140 140 140
3.918849 2.382618 0.173845 23 23 23 23
3.990399 2.361781 0.227415 11 11 11 11
3.771408 1.804085 0.032341 4 4 4 4
3.291108 2.531529 1.491582 213 213 213 213
2.769361 2.786234 0.791548 183 183 183 183
2.159451 3.162197 1.615541 33 33 33 33
3.883870 1.795576 0.355725 203 203 203 203
5.990662 -0.061377 0.400189 202 202 202 202
-3.853225 -2.355845 -0.085381 142 142 142 142
2.479109 3.796057 1.282503 231 231 231 231
2.983551 3.583375 0.929391 215 215 215 215
-1.784674 -0.767587 -0.170531 197 197 197 197
1.945441 1.389553 1.216453 125 125 125 125
3.100394 2.894792 1.294926 120 120 120 120
7.414847 1.260870 0.505523 77 77 77 77
7.181854 1.506248 0.677971 141 141 141 141
7.218217 1.423735 0.753364 78 78 78 78
7.297514 1.331312 0.723683 77 77 77 77
6.238509 0.064280 0.889046 22 22 22 22
3.920085 0.056883 0.933056 156 156 156 156
4.782609 2.121190 0.499114 219 219 219 219
3.987235 2.099503 0.432975 110 110 110 110
4.152729 2.347748 0.141510 1 1 1 1
3.786552 2.051470 0.281951 109 109 109 109
4.749506 2.203810 0.125985 124 124 124 124
5.456270 -0.853748 1.724808 97 97 97 97
1.210116 2.257455 0.558272 122 122 122 122
4.142901 1.854394 1.369862 58 58 58 58
2.793363 1.566895 0.229925 234 234 234 234
-1.752245 -1.041874 0.633860 13 13 13 13
3.668726 1.820981 0.501706 69 69 69 69
5.092076 1.518713 1.087487 1 1 1 1
7.124051 1.551226 0.773511 161 161 161 161
5.776167 0.335994 1.014554 89 89 89 89
1.542026 -3.847523 0.884327 237 237 237 237
5.654089 1.034225 0.272167 51 51 51 51
5.254363 0.208111 0.992661 127 127 127 127
5.208350 1.432095 1.068781 90 90 90 90
0.849793 0.535472 0.490447 234 234 234 234
-0.545671 0.254659 -0.218241 210 210 210 210
7.294654 1.329005 0.640715 101 101 101 101
4.048090 -0.776486 0.773936 198 198 198 198
3.700839 -0.746995 0.082905 69 69 69 69
3.871824 -0.901420 0.220668 184 184 184 184
4.482169 -0.957437 -0.118904 124 124 124 124
1.806562 2.983582 0.623602 9 9 9 9
1.283560 0.976534 -0.078402 230 230 230 230
1.338397 0.350573 1.014287 103 103 103 103
2.701521 1.555334 0.012112 77 77 77 77
3.247532 -0.246147 0.371977 145 145 145 145
1.360723 1.341650 0.436110 81 81 81 81
1.912191 0.673663 -0.185010 145 145 145 145
1.852595 3.011199 0.624374 207 207 207 207
3.493361 -0.586172 0.451344 158 158 158 158
1.289204 1.370895 0.496610 217 217 217 217
3.498485 -0.579849 0.253694 166 166 166 166
4.561147 -0.052099 0.137367 140 140 140 140
5.767553 0.876502 0.308415 179 179 179 179
5.655803 1.023957 1.049805 22 22 22 22
3.406744 3.560809 1.142560 1 1 1 1
6.223729 0.168736 0.390734 86 86 86 86
7.572302 1.021335 0.625193 166 166 166 166
6.796074 -2.345673 0.304259 0 0 0 0
-0.654925 0.203858 0.180393 163 163 163 163
-0.485034 0.432689 0.057346 225 225 225 225
-0.262915 0.046752 0.952797 126 126 126 126
4.520290 -1.008634 0.114159 91 91 91 91
1.492969 0.997527 0.432048 135 135 135 135
5.590277 1.076030 0.417610 10 10 10 10
5.792918 0.862492 0.304598 114 114 114 114
2.599178 2.839419 0.816762 249 249 249 249
3.498761 1.349299 1.244050 129 129 129 129
6.831214 1.928947 0.684953 31 31 31 31
3.807930 -0.910357 0.170058 67 67 67 67
15.840072 4.136329 4.277417 80 80 80 80
7.658835 0.927428 0.586776 49 49 49 49
5.257099 -0.450553 0.297250 3 3 3 3
4.548976 -0.915764 -0.048938 7 7 7 7
3.765199 -0.952956 0.697229 142 142 142 142
5.714513 0.766128 0.164956 166 166 166 166
5.637693 0.998579 0.051639 123 123 123 123
6.197467 0.315555 0.943393 110 110 110 110
-1.564706 0.467763 0.830726 212 212 212 212
5.547254 1.150545 0.337323 161 161 161 161
3.678775 3.285575 1.577418 101 101 101 101
3.606871 -0.720328 0.393821 153 153 153 153
3.714828 -0.808308 0.328957 2 2 2 2
1.293485 2.748359 1.353851 171 171 171 171
2.262838 0.810557 -0.267454 135 135 135 135
5.712857 0.946240 0.178943 93 93 93 93
5.064423 -0.778690 0.199073 55 55 55 55
3.510735 -0.503252 0.440423 155 155 155 155
3.690873 -0.709544 0.385362 164 164 164 164
3.736245 -0.704439 0.270381 149 149 149 149
2.808134 1.586071 0.217853 3 3 3 3
1.983884 2.413675 1.429557 195 195 195 195
2.789789 1.538872 0.201738 3 3 3 3
3.626117 3.564223 0.939361 34 34 34 34
1.848744 0.618505 0.182826 0 0 0 0
1.792140 0.720722 0.167943 244 244 244 244
3.511472 3.899436 1.205525 138 138 138 138
5.955485 -0.020520 0.358343 224 224 224 224
5.190585 -0.477073 0.241733 160 160 160 160
4.806173 2.161721 0.459786 146 146 146 146
5.998842 -0.136383 0.834557 147 147 147 147
3.116426 -0.159221 0.751654 41 41 41 41
5.071959 1.474464 1.188881 146 146 146 146
3.061812 2.268019 0.472719 24 24 24 24
5.170086 1.704400 0.376640 44 44 44 44
4.394386 0.033426 0.187069 133 133 133 133
6.225405 0.236663 0.436966 0 0 0 0
6.289296 0.170911 0.894371 131 131 131 131
22.649217 -8.343653 0.880388 87 87 87 87
23.000226 -9.616859 -0.087210 156 156 156 156
0.543185 2.121231 1.217000 5 5 5 5
1.006466 1.974351 0.420520 32 32 32 32
4.037436 2.379526 0.564102 124 124 124 124
4.459659 -0.187087 0.129692 144 144 144 144
6.244892 0.086510 0.870310 101 101 101 101
5.035688 -0.772276 0.620011 114 114 114 114
6.188139 0.354396 0.424145 195 195 195 195
3.417476 2.827446 0.508056 240 240 240 240
3.779556 3.177909 1.021222 0 0 0 0
-1.402368 3.337097 -0.326136 170 170 170 170
-1.011450 3.296850 -0.952575 116 116 116 116
-1.189581 2.971874 0.168391 160 160 160 160
-6.287733 2.909441 -0.786415 164 164 164 164
-5.228531 3.470479 0.524564 137 137 137 137
-6.300194 2.736607 0.267231 110 110 110 110
2.101457 -3.767859 -0.601445 0 0 0 0
2.253054 1.811690 0.433424 170 170 170 170
-10.320386 5.563234 1.902988 62 62 62 62
-13.086540 5.237841 3.568930 154 154 154 154
-6.326745 2.973299 -0.823536 140 140 140 140
-7.196407 0.888663 -2.094054 175 175 175 175
-9.495228 6.357924 4.089884 159 159 159 159
-7.906189 1.315608 0.116955 154 154 154 154
-10.234717 6.547599 2.101548 201 201 201 201
3.579029 -0.831132 0.159986 30 30 30 30
2.914845 -2.135556 0.205004 18 18 18 18
3.540404 -1.973887 0.364317 125 125 125 125
2.226202 -1.096150 -0.177368 167 167 167 167
2.003949 1.280521 -0.027263 221 221 221 221
1.889256 1.190664 -0.088394 14 14 14 14
2.019458 1.219620 -0.043770 18 18 18 18
3.540117 -0.776129 0.121381 51 51 51 51
2.090283 0.961197 0.076514 75 75 75 75
2.735768 -1.966877 0.406635 249 249 249 249
2.487912 -0.691870 0.072401 119 119 119 119
3.512285 -0.787075 0.367617 165 165 165 165
3.468870 -0.717998 0.281930 6 6 6 6
3.546480 -0.789761 0.148923 72 72 72 72
3.567482 -0.852686 0.349393 136 136 136 136
4.077210 -1.451515 0.088944 217 217 217 217
3.400942 -1.673580 0.565931 188 188 188 188
2.756421 -1.569976 -0.242742 210 210 210 210
2.117261 1.196249 0.100662 124 124 124 124
3.291173 -0.499089 0.051090 60 60 60 60
2.720745 -1.938017 0.404392 123 123 123 123
2.544022 -0.727263 0.128341 246 246 246 246
3.602656 -0.894594 0.356465 163 163 163 163
3.652275 -0.962620 0.317417 33 33 33 33
-1.094787 -7.252403 -0.838898 104 104 104 104
3.498314 -0.768527 0.352339 2 2 2 2
1.821183 3.086309 0.671988 4 4 4 4
1.859022 2.846878 0.321335 99 99 99 99
3.683738 -0.966184 0.118991 143 143 143 143
4.426779 -2.207381 -0.191010 141 141 141 141
2.509038 -0.703061 0.090340 201 201 201 201
3.710523 -1.009509 -0.123739 219 219 219 219
3.855514 -1.345341 -0.192350 103 103 103 103
3.318150 -0.522159 0.092586 250 250 250 250
3.281721 -0.606333 0.538550 133 133 133 133
4.050427 -1.556524 0.513885 10 10 10 10
3.087697 -0.324002 0.840833 9 9 9 9
2.609057 1.540359 -0.013678 1 1 1 1
3.291519 -0.506655 0.021785 56 56 56 56
3.642667 -1.328338 -0.530181 79 79 79 79
3.911065 -1.222362 0.044072 102 102 102 102
3.772532 -1.812243 0.234492 58 58 58 58
3.651621 -0.960029 0.316651 1 1 1 1
2.925717 2.427914 0.584764 3 3 3 3
3.163954 -0.386535 0.394846 54 54 54 54
3.275839 -0.622632 0.535910 129 129 129 129
3.824827 -1.790670 0.244703 222 222 222 222
2.423383 -0.894204 0.714189 102 102 102 102
3.475143 -0.724020 0.260603 148 148 148 148
3.298873 -0.527161 0.031614 199 199 199 199
3.874398 -1.390798 -0.546756 40 40 40 40
4.025377 -1.457576 0.639593 130 130 130 130
3.041806 -2.150580 0.213555 107 107 107 107
3.720822 -1.155254 0.696352 97 97 97 97
3.044773 -0.270068 0.629311 117 117 117 117
4.032331 -1.649137 0.508408 71 71 71 71
3.552221 -1.998890 0.171753 142 142 142 142
2.582457 -1.101414 0.655809 147 147 147 147
2.720075 -0.639162 0.514838 2 2 2 2
3.519388 -0.922444 -0.104776 208 208 208 208
3.612985 1.909326 0.372090 227 227 227 227
3.705085 -1.024173 -0.186078 7 7 7 7
3.468143 -0.924579 -0.263583 213 213 213 213
3.306141 -0.567804 0.275608 215 215 215 215
3.324629 -0.543046 0.074092 116 116 116 116
3.015395 -0.840587 -0.106745 227 227 227 227
3.169979 -0.408591 0.390641 44 44 44 44
3.606509 -0.992717 -0.521209 86 86 86 86
3.615811 -1.105122 -0.203890 251 251 251 251
3.555366 -0.960349 -0.383034 167 167 167 167
3.162408 -1.388261 -0.363147 173 173 173 173
3.767660 -1.385214 -0.343747 33 33 33 33
2.901397 -1.542970 -0.396612 183 183 183 183
2.946728 -1.337820 -0.232820 191 191 191 191
2.796968 -1.588770 -0.381884 255 255 255 255
2.876393 -1.566244 -0.283344 253 253 253 253
3.240722 -1.352550 -0.283958 80 80 80 80
2.512659 -1.632405 0.431480 63 63 63 63
2.509555 -1.630083 0.417835 254 254 254 254
2.434874 -1.543143 0.454110 84 84 84 84
3.128987 -0.925370 0.713995 142 142 142 142
3.208179 -1.840745 0.520777 144 144 144 144
3.259789 -1.514652 0.593781 182 182 182 182
3.341864 -2.205469 0.376980 123 123 123 123
4.015343 -1.338422 0.048181 151 151 151 151
2.667891 -1.859868 0.404720 244 244 244 244
2.103529 -1.152032 0.548363 3 3 3 3
2.484571 0.421052 0.556471 153 153 153 153
3.720863 -1.019055 -0.260958 240 240 240 240
3.026283 -0.233138 0.608365 76 76 76 76
3.124229 -0.996013 -0.218521 75 75 75 75
3.132270 -0.986128 -0.232454 90 90 90 90
3.099559 -0.974137 -0.139398 133 133 133 133
3.496914 -0.923488 -0.484338 151 151 151 151
3.316286 -2.098782 -0.061848 220 220 220 220
3.852933 -1.542176 -0.648229 133 133 133 133
2.968325 -1.334529 -0.237454 113 113 113 113
3.226937 -1.353953 -0.358390 76 76 76 76
2.866989 -1.454657 -0.312760 2 2 2 2
3.733248 -1.218980 -0.396352 44 44 44 44
2.668410 -1.461519 -0.233460 178 178 178 178
2.435007 -1.546429 0.465485 248 248 248 248
3.124292 -0.937254 0.731386 111 111 111 111
3.040735 -1.656388 0.558135 134 134 134 134
3.307772 -2.142461 0.158955 195 195 195 195
3.553937 -2.043348 0.361455 125 125 125 125
2.752724 -1.936829 0.395314 248 248 248 248
2.803778 -1.924918 0.238157 122 122 122 122
3.014592 -2.210190 0.203796 168 168 168 168
1.658274 -0.003896 0.945881 247 247 247 247
1.355598 0.404683 0.916275 104 104 104 104
3.767207 -1.029431 -0.230932 226 226 226 226
3.730360 -1.118669 0.569227 92 92 92 92
3.582788 -0.700416 -0.429878 84 84 84 84
3.255572 -1.359285 -0.357270 168 168 168 168
3.559236 -1.998039 0.219671 76 76 76 76
4.038912 -1.476216 0.557360 246 246 246 246
3.332534 -2.162714 0.192165 135 135 135 135
3.292569 -2.141792 0.152324 59 59 59 59
2.669239 -1.826941 0.401604 82 82 82 82
-5.877603 2.189531 -0.531755 0 0 0 0
