# Enhanced PTS File with Visual Information
# Format: X Y Z R G B OBJECT_ID IMAGE_NAME
# Generated from Three.js Transform Viewer
# Export Date: 2025-10-20T07:10:13.995Z
# Total Objects: 5

# Object R0: Red (1832 points)
# Transform: Pos(0.000, 0.945, 0.000) Scale(1.000, 1.000, 1.000) Quat(-0.000, -0.000, 0.006, 1.000)
-0.000503 0.944849 2.343401 255 68 68 R0 pano_camera0/frame_0140_hp_preview.jpg
0.127152 0.952255 2.470917 255 68 68 R0 pano_camera0/frame_0141_hp_preview.jpg
0.345429 0.951573 2.711594 255 68 68 R0 pano_camera0/frame_0142_hp_preview.jpg
0.502324 0.951794 2.810171 255 68 68 R0 pano_camera0/frame_0143_hp_preview.jpg
0.677917 0.968406 2.758326 255 68 68 R0 pano_camera0/frame_0144_hp_preview.jpg
0.736265 0.972193 2.581650 255 68 68 R0 pano_camera0/frame_0145_hp_preview.jpg
-0.125404 0.955986 2.770285 255 68 68 R0 pano_camera0/frame_0157_hp_preview.jpg
-0.263144 0.958433 2.856214 255 68 68 R0 pano_camera0/frame_0158_hp_preview.jpg
-0.312295 0.963855 2.953904 255 68 68 R0 pano_camera0/frame_0159_hp_preview.jpg
-0.561025 0.957106 3.562585 255 68 68 R0 pano_camera0/frame_0160_hp_preview.jpg
-0.768483 0.955631 3.824569 255 68 68 R0 pano_camera0/frame_0161_hp_preview.jpg
-1.069813 0.968974 4.113578 255 68 68 R0 pano_camera0/frame_0162_hp_preview.jpg
-1.277238 0.974847 4.273301 255 68 68 R0 pano_camera0/frame_0163_hp_preview.jpg
-1.502433 0.984363 4.415485 255 68 68 R0 pano_camera0/frame_0164_hp_preview.jpg
-1.899823 0.985504 4.402460 255 68 68 R0 pano_camera0/frame_0165_hp_preview.jpg
-2.060882 0.982714 4.269399 255 68 68 R0 pano_camera0/frame_0166_hp_preview.jpg
-2.307596 0.982794 3.909548 255 68 68 R0 pano_camera0/frame_0167_hp_preview.jpg
-2.255313 0.974365 3.522919 255 68 68 R0 pano_camera0/frame_0168_hp_preview.jpg
-2.165367 0.984274 3.406748 255 68 68 R0 pano_camera0/frame_0169_hp_preview.jpg
-1.629586 0.965048 2.874857 255 68 68 R0 pano_camera0/frame_0170_hp_preview.jpg
-1.557028 0.978276 2.805280 255 68 68 R0 pano_camera0/frame_0171_hp_preview.jpg
-1.217326 0.960066 2.479847 255 68 68 R0 pano_camera0/frame_0172_hp_preview.jpg
-1.140000 0.965073 2.099597 255 68 68 R0 pano_camera0/frame_0173_hp_preview.jpg
-1.344241 0.968618 1.763768 255 68 68 R0 pano_camera0/frame_0174_hp_preview.jpg
-1.353355 0.971533 1.758255 255 68 68 R0 pano_camera0/frame_0175_hp_preview.jpg
-1.784568 0.964901 1.663902 255 68 68 R0 pano_camera0/frame_0176_hp_preview.jpg
-2.028736 0.975103 1.712353 255 68 68 R0 pano_camera0/frame_0177_hp_preview.jpg
-2.490604 0.974555 1.729992 255 68 68 R0 pano_camera0/frame_0178_hp_preview.jpg
-2.811919 0.975523 1.481544 255 68 68 R0 pano_camera0/frame_0179_hp_preview.jpg
-2.853987 0.972666 1.287910 255 68 68 R0 pano_camera0/frame_0180_hp_preview.jpg
-2.721837 0.955305 1.050280 255 68 68 R0 pano_camera0/frame_0181_hp_preview.jpg
-2.526581 0.950941 0.888980 255 68 68 R0 pano_camera0/frame_0182_hp_preview.jpg
-2.301835 0.957754 0.569828 255 68 68 R0 pano_camera0/frame_0183_hp_preview.jpg
-2.453286 0.945561 0.421229 255 68 68 R0 pano_camera0/frame_0184_hp_preview.jpg
-2.607000 0.947509 0.470016 255 68 68 R0 pano_camera0/frame_0185_hp_preview.jpg
-2.800073 0.944558 0.613932 255 68 68 R0 pano_camera0/frame_0186_hp_preview.jpg
-2.998844 0.947152 0.749435 255 68 68 R0 pano_camera0/frame_0187_hp_preview.jpg
-3.298533 0.951609 0.853976 255 68 68 R0 pano_camera0/frame_0188_hp_preview.jpg
-3.601765 0.952726 0.765866 255 68 68 R0 pano_camera0/frame_0189_hp_preview.jpg
-3.632619 0.958267 0.746732 255 68 68 R0 pano_camera0/frame_0190_hp_preview.jpg
-3.799583 0.958894 0.532038 255 68 68 R0 pano_camera0/frame_0191_hp_preview.jpg
-3.801380 0.959004 0.172087 255 68 68 R0 pano_camera0/frame_0192_hp_preview.jpg
-3.669732 0.949175 -0.078925 255 68 68 R0 pano_camera0/frame_0193_hp_preview.jpg
-3.449330 0.936112 -0.361738 255 68 68 R0 pano_camera0/frame_0194_hp_preview.jpg
-3.310802 0.938903 -0.574592 255 68 68 R0 pano_camera0/frame_0195_hp_preview.jpg
-3.338700 0.925176 -0.778856 255 68 68 R0 pano_camera0/frame_0196_hp_preview.jpg
-3.537976 0.925074 -1.150984 255 68 68 R0 pano_camera0/frame_0197_hp_preview.jpg
-3.915215 0.939126 -1.631825 255 68 68 R0 pano_camera0/frame_0198_hp_preview.jpg
-4.025563 0.944111 -1.772579 255 68 68 R0 pano_camera0/frame_0199_hp_preview.jpg
-4.648354 0.974954 -2.340663 255 68 68 R0 pano_camera0/frame_0200_hp_preview.jpg
-4.640297 1.019361 -2.435133 255 68 68 R0 pano_camera0/frame_0201_hp_preview.jpg
-4.675662 0.951523 -1.198305 255 68 68 R0 pano_camera0/frame_0226_hp_preview.jpg
-5.282114 0.964448 0.074016 255 68 68 R0 pano_camera0/frame_0240_hp_preview.jpg
-5.267497 0.957277 0.139838 255 68 68 R0 pano_camera0/frame_0241_hp_preview.jpg
-5.370899 0.953947 0.417167 255 68 68 R0 pano_camera0/frame_0242_hp_preview.jpg
-5.252969 0.951761 0.579525 255 68 68 R0 pano_camera0/frame_0243_hp_preview.jpg
-5.039573 0.948115 0.564469 255 68 68 R0 pano_camera0/frame_0244_hp_preview.jpg
-4.936170 0.944205 0.582296 255 68 68 R0 pano_camera0/frame_0245_hp_preview.jpg
-4.664445 0.917980 0.645184 255 68 68 R0 pano_camera0/frame_0246_hp_preview.jpg
-4.537111 0.923926 0.570818 255 68 68 R0 pano_camera0/frame_0247_hp_preview.jpg
-4.221415 0.923107 0.643414 255 68 68 R0 pano_camera0/frame_0248_hp_preview.jpg
-4.185810 0.921042 0.663346 255 68 68 R0 pano_camera0/frame_0249_hp_preview.jpg
-3.559044 0.926030 1.130363 255 68 68 R0 pano_camera0/frame_0250_hp_preview.jpg
-3.548643 0.924611 1.139894 255 68 68 R0 pano_camera0/frame_0251_hp_preview.jpg
-3.245362 0.937796 1.561674 255 68 68 R0 pano_camera0/frame_0252_hp_preview.jpg
-3.097031 0.959609 2.100739 255 68 68 R0 pano_camera0/frame_0253_hp_preview.jpg
-3.369091 0.974138 2.425889 255 68 68 R0 pano_camera0/frame_0254_hp_preview.jpg
-3.411707 0.971058 2.431370 255 68 68 R0 pano_camera0/frame_0255_hp_preview.jpg
-3.843498 1.007202 2.075157 255 68 68 R0 pano_camera0/frame_0256_hp_preview.jpg
-3.974136 1.132130 1.900482 255 68 68 R0 pano_camera0/frame_0257_hp_preview.jpg
-4.023894 1.212950 1.833319 255 68 68 R0 pano_camera0/frame_0258_hp_preview.jpg
-4.102514 1.285512 1.709526 255 68 68 R0 pano_camera0/frame_0259_hp_preview.jpg
-4.284628 1.531911 1.435316 255 68 68 R0 pano_camera0/frame_0260_hp_preview.jpg
-4.287286 1.534577 1.429027 255 68 68 R0 pano_camera0/frame_0261_hp_preview.jpg
-4.501125 1.789996 1.164756 255 68 68 R0 pano_camera0/frame_0262_hp_preview.jpg
-4.511675 1.799263 1.158046 255 68 68 R0 pano_camera0/frame_0263_hp_preview.jpg
-4.617875 1.941279 1.019544 255 68 68 R0 pano_camera0/frame_0264_hp_preview.jpg
-4.781109 2.116446 0.812103 255 68 68 R0 pano_camera0/frame_0265_hp_preview.jpg
-4.827874 2.248662 0.584883 255 68 68 R0 pano_camera0/frame_0266_hp_preview.jpg
-4.815113 2.322622 0.375227 255 68 68 R0 pano_camera0/frame_0267_hp_preview.jpg
-4.613403 2.315039 0.143049 255 68 68 R0 pano_camera0/frame_0268_hp_preview.jpg
-4.240179 2.319601 -0.221782 255 68 68 R0 pano_camera0/frame_0269_hp_preview.jpg
-4.054026 2.336600 -0.376812 255 68 68 R0 pano_camera0/frame_0270_hp_preview.jpg
-3.686228 2.328807 -0.638275 255 68 68 R0 pano_camera0/frame_0271_hp_preview.jpg
-3.345676 2.330738 -0.887776 255 68 68 R0 pano_camera0/frame_0272_hp_preview.jpg
-3.162551 2.339967 -1.034421 255 68 68 R0 pano_camera0/frame_0273_hp_preview.jpg
-2.574146 2.332355 -1.481636 255 68 68 R0 pano_camera0/frame_0274_hp_preview.jpg
-2.515935 2.335841 -1.538048 255 68 68 R0 pano_camera0/frame_0275_hp_preview.jpg
-2.044097 2.336912 -1.910749 255 68 68 R0 pano_camera0/frame_0276_hp_preview.jpg
-1.905581 2.341615 -2.037960 255 68 68 R0 pano_camera0/frame_0277_hp_preview.jpg
-1.487186 2.356525 -2.444841 255 68 68 R0 pano_camera0/frame_0278_hp_preview.jpg
-1.249744 2.352736 -2.614841 255 68 68 R0 pano_camera0/frame_0279_hp_preview.jpg
-0.665292 2.354980 -3.115972 255 68 68 R0 pano_camera0/frame_0280_hp_preview.jpg
-0.552655 2.352316 -3.197966 255 68 68 R0 pano_camera0/frame_0281_hp_preview.jpg
-0.401055 2.346861 -3.351211 255 68 68 R0 pano_camera0/frame_0282_hp_preview.jpg
-0.323174 2.343666 -3.585867 255 68 68 R0 pano_camera0/frame_0283_hp_preview.jpg
-0.502024 2.333240 -3.973022 255 68 68 R0 pano_camera0/frame_0284_hp_preview.jpg
-0.539199 2.330755 -3.999491 255 68 68 R0 pano_camera0/frame_0285_hp_preview.jpg
-0.794367 2.329326 -4.204872 255 68 68 R0 pano_camera0/frame_0286_hp_preview.jpg
-0.994754 2.344182 -4.212671 255 68 68 R0 pano_camera0/frame_0287_hp_preview.jpg
-1.255966 2.353767 -4.227620 255 68 68 R0 pano_camera0/frame_0288_hp_preview.jpg
-1.410896 2.359227 -4.303508 255 68 68 R0 pano_camera0/frame_0289_hp_preview.jpg
-1.517127 2.356547 -4.557450 255 68 68 R0 pano_camera0/frame_0290_hp_preview.jpg
-1.613566 2.344561 -5.105401 255 68 68 R0 pano_camera0/frame_0291_hp_preview.jpg
-1.678647 2.343525 -5.317978 255 68 68 R0 pano_camera0/frame_0292_hp_preview.jpg
-1.721316 2.337698 -5.495208 255 68 68 R0 pano_camera0/frame_0293_hp_preview.jpg
-2.181514 2.321887 -5.940430 255 68 68 R0 pano_camera0/frame_0294_hp_preview.jpg
-2.231654 2.323116 -5.952500 255 68 68 R0 pano_camera0/frame_0295_hp_preview.jpg
-2.773379 2.318555 -5.759770 255 68 68 R0 pano_camera0/frame_0296_hp_preview.jpg
-2.873105 2.325353 -5.413909 255 68 68 R0 pano_camera0/frame_0297_hp_preview.jpg
-2.900476 2.314969 -5.103800 255 68 68 R0 pano_camera0/frame_0298_hp_preview.jpg
-2.912365 2.321776 -4.861687 255 68 68 R0 pano_camera0/frame_0299_hp_preview.jpg
-2.943292 2.328712 -4.399486 255 68 68 R0 pano_camera0/frame_0300_hp_preview.jpg
-2.945774 2.315049 -4.079509 255 68 68 R0 pano_camera0/frame_0301_hp_preview.jpg
-2.915258 2.312039 -3.758386 255 68 68 R0 pano_camera0/frame_0302_hp_preview.jpg
-2.800882 2.326510 -3.320460 255 68 68 R0 pano_camera0/frame_0303_hp_preview.jpg
-2.751191 2.322602 -3.096555 255 68 68 R0 pano_camera0/frame_0304_hp_preview.jpg
-2.687207 2.318960 -2.568165 255 68 68 R0 pano_camera0/frame_0305_hp_preview.jpg
-2.749240 2.311666 -2.042412 255 68 68 R0 pano_camera0/frame_0306_hp_preview.jpg
-2.848031 2.307267 -1.709040 255 68 68 R0 pano_camera0/frame_0307_hp_preview.jpg
-2.893583 2.313474 -1.632227 255 68 68 R0 pano_camera0/frame_0308_hp_preview.jpg
-3.277818 2.316027 -1.347847 255 68 68 R0 pano_camera0/frame_0309_hp_preview.jpg
-3.746075 2.328373 -1.354382 255 68 68 R0 pano_camera0/frame_0310_hp_preview.jpg
-3.976446 2.314829 -1.575417 255 68 68 R0 pano_camera0/frame_0311_hp_preview.jpg
-4.144673 2.325052 -1.990557 255 68 68 R0 pano_camera0/frame_0312_hp_preview.jpg
-4.212660 2.325117 -2.302047 255 68 68 R0 pano_camera0/frame_0313_hp_preview.jpg
-4.245860 2.323622 -2.583865 255 68 68 R0 pano_camera0/frame_0314_hp_preview.jpg
-4.345230 2.323845 -3.270576 255 68 68 R0 pano_camera0/frame_0315_hp_preview.jpg
-4.357139 2.327493 -3.320502 255 68 68 R0 pano_camera0/frame_0316_hp_preview.jpg
-4.471664 2.316685 -3.757194 255 68 68 R0 pano_camera0/frame_0317_hp_preview.jpg
-4.749019 2.306162 -4.151091 255 68 68 R0 pano_camera0/frame_0318_hp_preview.jpg
-4.875899 2.307181 -4.161241 255 68 68 R0 pano_camera0/frame_0319_hp_preview.jpg
-5.220439 2.328653 -4.064956 255 68 68 R0 pano_camera0/frame_0320_hp_preview.jpg
-5.744360 2.333274 -3.585582 255 68 68 R0 pano_camera0/frame_0321_hp_preview.jpg
-5.772522 2.332667 -3.553220 255 68 68 R0 pano_camera0/frame_0322_hp_preview.jpg
-5.888215 2.321294 -3.086972 255 68 68 R0 pano_camera0/frame_0323_hp_preview.jpg
-5.830866 2.331979 -2.611089 255 68 68 R0 pano_camera0/frame_0324_hp_preview.jpg
-5.837207 2.324568 -2.562706 255 68 68 R0 pano_camera0/frame_0325_hp_preview.jpg
-6.054676 2.321059 -2.113294 255 68 68 R0 pano_camera0/frame_0326_hp_preview.jpg
-6.319843 2.318549 -2.063539 255 68 68 R0 pano_camera0/frame_0327_hp_preview.jpg
-6.454398 2.327406 -2.103335 255 68 68 R0 pano_camera0/frame_0328_hp_preview.jpg
-6.647625 2.330917 -2.240943 255 68 68 R0 pano_camera0/frame_0329_hp_preview.jpg
-7.001360 2.335510 -2.372368 255 68 68 R0 pano_camera0/frame_0330_hp_preview.jpg
-7.117804 2.334144 -2.282753 255 68 68 R0 pano_camera0/frame_0331_hp_preview.jpg
-6.966423 2.325155 -1.882587 255 68 68 R0 pano_camera0/frame_0332_hp_preview.jpg
-6.794983 2.317974 -1.753940 255 68 68 R0 pano_camera0/frame_0333_hp_preview.jpg
-6.528174 2.315910 -1.471509 255 68 68 R0 pano_camera0/frame_0334_hp_preview.jpg
-6.426189 2.319345 -1.293347 255 68 68 R0 pano_camera0/frame_0335_hp_preview.jpg
-6.303376 2.311228 -1.100222 255 68 68 R0 pano_camera0/frame_0336_hp_preview.jpg
-6.076771 2.304669 -0.640906 255 68 68 R0 pano_camera0/frame_0337_hp_preview.jpg
-5.966352 2.308673 -0.409975 255 68 68 R0 pano_camera0/frame_0338_hp_preview.jpg
-5.727826 2.305294 0.203572 255 68 68 R0 pano_camera0/frame_0339_hp_preview.jpg
-5.631897 2.332418 0.608024 255 68 68 R0 pano_camera0/frame_0340_hp_preview.jpg
-5.599201 2.326668 0.714729 255 68 68 R0 pano_camera0/frame_0341_hp_preview.jpg
-5.471098 2.329770 1.019205 255 68 68 R0 pano_camera0/frame_0342_hp_preview.jpg
-5.237816 2.336612 1.368667 255 68 68 R0 pano_camera0/frame_0343_hp_preview.jpg
-5.282187 2.345905 1.716299 255 68 68 R0 pano_camera0/frame_0344_hp_preview.jpg
-5.534169 2.346679 1.633253 255 68 68 R0 pano_camera0/frame_0345_hp_preview.jpg
-5.731143 2.341132 1.448664 255 68 68 R0 pano_camera0/frame_0346_hp_preview.jpg
-5.832653 2.339190 1.241274 255 68 68 R0 pano_camera0/frame_0347_hp_preview.jpg
-5.957530 2.338941 1.011021 255 68 68 R0 pano_camera0/frame_0348_hp_preview.jpg
-6.254340 2.326111 0.466059 255 68 68 R0 pano_camera0/frame_0349_hp_preview.jpg
-6.451280 2.311973 0.257656 255 68 68 R0 pano_camera0/frame_0350_hp_preview.jpg
-6.605701 2.306757 0.109651 255 68 68 R0 pano_camera0/frame_0351_hp_preview.jpg
-7.047004 2.308471 -0.094025 255 68 68 R0 pano_camera0/frame_0352_hp_preview.jpg
-7.268861 2.321854 -0.126007 255 68 68 R0 pano_camera0/frame_0353_hp_preview.jpg
-7.628767 2.326634 -0.299013 255 68 68 R0 pano_camera0/frame_0354_hp_preview.jpg
-7.744041 2.337924 -0.476610 255 68 68 R0 pano_camera0/frame_0355_hp_preview.jpg
-7.665509 2.344193 -0.895429 255 68 68 R0 pano_camera0/frame_0356_hp_preview.jpg
-7.592694 2.328519 -1.186347 255 68 68 R0 pano_camera0/frame_0357_hp_preview.jpg
-7.549000 2.309526 -1.269202 255 68 68 R0 pano_camera0/frame_0358_hp_preview.jpg
-7.517492 2.300343 -1.292245 255 68 68 R0 pano_camera0/frame_0359_hp_preview.jpg
-7.565060 2.315389 -1.298283 255 68 68 R0 pano_camera0/frame_0360_hp_preview.jpg
-7.565177 2.314325 -1.302483 255 68 68 R0 pano_camera0/frame_0361_hp_preview.jpg
-7.675005 2.321490 -1.569044 255 68 68 R0 pano_camera0/frame_0362_hp_preview.jpg
-7.807912 2.326013 -1.627014 255 68 68 R0 pano_camera0/frame_0363_hp_preview.jpg
-8.068752 2.355316 -1.644247 255 68 68 R0 pano_camera0/frame_0364_hp_preview.jpg
-8.149675 2.357676 -1.589822 255 68 68 R0 pano_camera0/frame_0365_hp_preview.jpg
-8.194933 2.351146 -1.191919 255 68 68 R0 pano_camera0/frame_0366_hp_preview.jpg
-8.171759 2.348156 -1.131861 255 68 68 R0 pano_camera0/frame_0367_hp_preview.jpg
-8.031922 2.336494 -0.828796 255 68 68 R0 pano_camera0/frame_0368_hp_preview.jpg
-7.732799 2.335995 -0.207553 255 68 68 R0 pano_camera0/frame_0369_hp_preview.jpg
-7.743658 2.308335 -0.004106 255 68 68 R0 pano_camera0/frame_0370_hp_preview.jpg
-7.882288 2.339818 0.136293 255 68 68 R0 pano_camera0/frame_0371_hp_preview.jpg
-8.209683 2.335934 0.076048 255 68 68 R0 pano_camera0/frame_0372_hp_preview.jpg
-8.462091 2.345668 -0.177131 255 68 68 R0 pano_camera0/frame_0373_hp_preview.jpg
-9.071527 2.342224 -0.539504 255 68 68 R0 pano_camera0/frame_0374_hp_preview.jpg
-9.263656 2.351582 -0.551092 255 68 68 R0 pano_camera0/frame_0375_hp_preview.jpg
-9.486327 2.363175 -0.477331 255 68 68 R0 pano_camera0/frame_0376_hp_preview.jpg
-9.661990 2.369214 -0.384699 255 68 68 R0 pano_camera0/frame_0377_hp_preview.jpg
-10.165474 2.399429 0.002762 255 68 68 R0 pano_camera0/frame_0378_hp_preview.jpg
-10.281955 2.390060 0.150910 255 68 68 R0 pano_camera0/frame_0379_hp_preview.jpg
-10.399107 2.388615 0.377664 255 68 68 R0 pano_camera0/frame_0380_hp_preview.jpg
-10.461207 2.269352 0.398962 255 68 68 R0 pano_camera0/frame_0381_hp_preview.jpg
-10.486549 2.140300 0.550958 255 68 68 R0 pano_camera0/frame_0382_hp_preview.jpg
-10.439896 2.345778 0.815700 255 68 68 R0 pano_camera0/frame_0383_hp_preview.jpg
-10.410526 2.359294 0.813759 255 68 68 R0 pano_camera0/frame_0384_hp_preview.jpg
-10.249956 2.370975 1.011378 255 68 68 R0 pano_camera0/frame_0385_hp_preview.jpg
-9.933187 2.381340 1.453448 255 68 68 R0 pano_camera0/frame_0386_hp_preview.jpg
-9.807975 2.380876 1.672247 255 68 68 R0 pano_camera0/frame_0387_hp_preview.jpg
-9.355329 2.383418 2.315472 255 68 68 R0 pano_camera0/frame_0388_hp_preview.jpg
-9.033271 2.375777 2.703613 255 68 68 R0 pano_camera0/frame_0389_hp_preview.jpg
-8.887511 2.365310 2.846912 255 68 68 R0 pano_camera0/frame_0390_hp_preview.jpg
-8.473196 2.370048 3.037945 255 68 68 R0 pano_camera0/frame_0391_hp_preview.jpg
-8.388742 2.366360 2.993467 255 68 68 R0 pano_camera0/frame_0392_hp_preview.jpg
-8.429153 2.365614 2.804422 255 68 68 R0 pano_camera0/frame_0393_hp_preview.jpg
-8.600744 2.356947 2.661615 255 68 68 R0 pano_camera0/frame_0394_hp_preview.jpg
-8.895951 2.350871 2.432310 255 68 68 R0 pano_camera0/frame_0395_hp_preview.jpg
-9.106399 2.351060 2.106867 255 68 68 R0 pano_camera0/frame_0396_hp_preview.jpg
-8.908634 2.368279 1.682909 255 68 68 R0 pano_camera0/frame_0397_hp_preview.jpg
-8.772078 2.364917 1.580618 255 68 68 R0 pano_camera0/frame_0398_hp_preview.jpg
-8.293757 2.368596 1.561476 255 68 68 R0 pano_camera0/frame_0399_hp_preview.jpg
-7.917137 2.353839 1.915755 255 68 68 R0 pano_camera0/frame_0400_hp_preview.jpg
-7.641713 2.351799 2.215374 255 68 68 R0 pano_camera0/frame_0401_hp_preview.jpg
-7.621294 2.350903 2.233719 255 68 68 R0 pano_camera0/frame_0402_hp_preview.jpg
-7.365419 2.346792 2.521492 255 68 68 R0 pano_camera0/frame_0403_hp_preview.jpg
-6.844625 2.344812 2.514790 255 68 68 R0 pano_camera0/frame_0404_hp_preview.jpg
-6.816026 2.350730 2.484914 255 68 68 R0 pano_camera0/frame_0405_hp_preview.jpg
-6.662094 2.358365 2.027209 255 68 68 R0 pano_camera0/frame_0406_hp_preview.jpg
-6.926036 2.343942 1.667180 255 68 68 R0 pano_camera0/frame_0407_hp_preview.jpg
-7.071154 2.347305 1.483538 255 68 68 R0 pano_camera0/frame_0408_hp_preview.jpg
-7.182935 2.340438 1.352003 255 68 68 R0 pano_camera0/frame_0409_hp_preview.jpg
-7.293305 2.354426 1.006713 255 68 68 R0 pano_camera0/frame_0410_hp_preview.jpg
-6.970871 2.342845 0.469856 255 68 68 R0 pano_camera0/frame_0411_hp_preview.jpg
-6.909220 2.334509 0.412354 255 68 68 R0 pano_camera0/frame_0412_hp_preview.jpg
-6.777212 2.336931 0.229817 255 68 68 R0 pano_camera0/frame_0413_hp_preview.jpg
-6.798269 2.339222 0.224496 255 68 68 R0 pano_camera0/frame_0414_hp_preview.jpg
-6.799723 2.339564 0.225956 255 68 68 R0 pano_camera0/frame_0415_hp_preview.jpg
-6.796244 2.334987 0.224538 255 68 68 R0 pano_camera0/frame_0416_hp_preview.jpg
-0.000503 0.944849 2.343401 255 68 68 R0 pano_camera1/frame_0140_hp_preview.jpg
0.127152 0.952255 2.470917 255 68 68 R0 pano_camera1/frame_0141_hp_preview.jpg
0.345429 0.951573 2.711594 255 68 68 R0 pano_camera1/frame_0142_hp_preview.jpg
0.502324 0.951794 2.810171 255 68 68 R0 pano_camera1/frame_0143_hp_preview.jpg
0.677917 0.968406 2.758326 255 68 68 R0 pano_camera1/frame_0144_hp_preview.jpg
0.736265 0.972193 2.581650 255 68 68 R0 pano_camera1/frame_0145_hp_preview.jpg
-0.125404 0.955986 2.770285 255 68 68 R0 pano_camera1/frame_0157_hp_preview.jpg
-0.263144 0.958433 2.856214 255 68 68 R0 pano_camera1/frame_0158_hp_preview.jpg
-0.312295 0.963855 2.953904 255 68 68 R0 pano_camera1/frame_0159_hp_preview.jpg
-0.561025 0.957106 3.562585 255 68 68 R0 pano_camera1/frame_0160_hp_preview.jpg
-0.768483 0.955631 3.824569 255 68 68 R0 pano_camera1/frame_0161_hp_preview.jpg
-1.069813 0.968974 4.113578 255 68 68 R0 pano_camera1/frame_0162_hp_preview.jpg
-1.277238 0.974847 4.273301 255 68 68 R0 pano_camera1/frame_0163_hp_preview.jpg
-1.502433 0.984363 4.415485 255 68 68 R0 pano_camera1/frame_0164_hp_preview.jpg
-1.899823 0.985504 4.402460 255 68 68 R0 pano_camera1/frame_0165_hp_preview.jpg
-2.060882 0.982714 4.269399 255 68 68 R0 pano_camera1/frame_0166_hp_preview.jpg
-2.307596 0.982794 3.909548 255 68 68 R0 pano_camera1/frame_0167_hp_preview.jpg
-2.255313 0.974365 3.522919 255 68 68 R0 pano_camera1/frame_0168_hp_preview.jpg
-2.165367 0.984274 3.406748 255 68 68 R0 pano_camera1/frame_0169_hp_preview.jpg
-1.629586 0.965048 2.874857 255 68 68 R0 pano_camera1/frame_0170_hp_preview.jpg
-1.557028 0.978276 2.805280 255 68 68 R0 pano_camera1/frame_0171_hp_preview.jpg
-1.217326 0.960066 2.479847 255 68 68 R0 pano_camera1/frame_0172_hp_preview.jpg
-1.140000 0.965073 2.099597 255 68 68 R0 pano_camera1/frame_0173_hp_preview.jpg
-1.344241 0.968618 1.763768 255 68 68 R0 pano_camera1/frame_0174_hp_preview.jpg
-1.353355 0.971533 1.758255 255 68 68 R0 pano_camera1/frame_0175_hp_preview.jpg
-1.784568 0.964901 1.663902 255 68 68 R0 pano_camera1/frame_0176_hp_preview.jpg
-2.028736 0.975103 1.712353 255 68 68 R0 pano_camera1/frame_0177_hp_preview.jpg
-2.490604 0.974555 1.729992 255 68 68 R0 pano_camera1/frame_0178_hp_preview.jpg
-2.811919 0.975523 1.481544 255 68 68 R0 pano_camera1/frame_0179_hp_preview.jpg
-2.853987 0.972666 1.287910 255 68 68 R0 pano_camera1/frame_0180_hp_preview.jpg
-2.721837 0.955305 1.050280 255 68 68 R0 pano_camera1/frame_0181_hp_preview.jpg
-2.526581 0.950941 0.888980 255 68 68 R0 pano_camera1/frame_0182_hp_preview.jpg
-2.301835 0.957754 0.569828 255 68 68 R0 pano_camera1/frame_0183_hp_preview.jpg
-2.453286 0.945561 0.421229 255 68 68 R0 pano_camera1/frame_0184_hp_preview.jpg
-2.607000 0.947509 0.470016 255 68 68 R0 pano_camera1/frame_0185_hp_preview.jpg
-2.800073 0.944558 0.613932 255 68 68 R0 pano_camera1/frame_0186_hp_preview.jpg
-2.998844 0.947152 0.749435 255 68 68 R0 pano_camera1/frame_0187_hp_preview.jpg
-3.298533 0.951609 0.853976 255 68 68 R0 pano_camera1/frame_0188_hp_preview.jpg
-3.601765 0.952726 0.765866 255 68 68 R0 pano_camera1/frame_0189_hp_preview.jpg
-3.632619 0.958267 0.746732 255 68 68 R0 pano_camera1/frame_0190_hp_preview.jpg
-3.799583 0.958894 0.532038 255 68 68 R0 pano_camera1/frame_0191_hp_preview.jpg
-3.801380 0.959004 0.172087 255 68 68 R0 pano_camera1/frame_0192_hp_preview.jpg
-3.669732 0.949175 -0.078925 255 68 68 R0 pano_camera1/frame_0193_hp_preview.jpg
-3.449330 0.936112 -0.361738 255 68 68 R0 pano_camera1/frame_0194_hp_preview.jpg
-3.310802 0.938903 -0.574592 255 68 68 R0 pano_camera1/frame_0195_hp_preview.jpg
-3.338700 0.925176 -0.778856 255 68 68 R0 pano_camera1/frame_0196_hp_preview.jpg
-3.537976 0.925074 -1.150984 255 68 68 R0 pano_camera1/frame_0197_hp_preview.jpg
-3.915215 0.939126 -1.631825 255 68 68 R0 pano_camera1/frame_0198_hp_preview.jpg
-4.025563 0.944111 -1.772579 255 68 68 R0 pano_camera1/frame_0199_hp_preview.jpg
-4.648354 0.974954 -2.340663 255 68 68 R0 pano_camera1/frame_0200_hp_preview.jpg
-4.640297 1.019361 -2.435133 255 68 68 R0 pano_camera1/frame_0201_hp_preview.jpg
-4.675662 0.951523 -1.198305 255 68 68 R0 pano_camera1/frame_0226_hp_preview.jpg
-5.282114 0.964448 0.074016 255 68 68 R0 pano_camera1/frame_0240_hp_preview.jpg
-5.267497 0.957277 0.139838 255 68 68 R0 pano_camera1/frame_0241_hp_preview.jpg
-5.370899 0.953947 0.417167 255 68 68 R0 pano_camera1/frame_0242_hp_preview.jpg
-5.252969 0.951761 0.579525 255 68 68 R0 pano_camera1/frame_0243_hp_preview.jpg
-5.039573 0.948115 0.564469 255 68 68 R0 pano_camera1/frame_0244_hp_preview.jpg
-4.936170 0.944205 0.582296 255 68 68 R0 pano_camera1/frame_0245_hp_preview.jpg
-4.664445 0.917980 0.645184 255 68 68 R0 pano_camera1/frame_0246_hp_preview.jpg
-4.537111 0.923926 0.570818 255 68 68 R0 pano_camera1/frame_0247_hp_preview.jpg
-4.221415 0.923107 0.643414 255 68 68 R0 pano_camera1/frame_0248_hp_preview.jpg
-4.185810 0.921042 0.663346 255 68 68 R0 pano_camera1/frame_0249_hp_preview.jpg
-3.559044 0.926030 1.130363 255 68 68 R0 pano_camera1/frame_0250_hp_preview.jpg
-3.548643 0.924611 1.139894 255 68 68 R0 pano_camera1/frame_0251_hp_preview.jpg
-3.245362 0.937796 1.561674 255 68 68 R0 pano_camera1/frame_0252_hp_preview.jpg
-3.097031 0.959609 2.100739 255 68 68 R0 pano_camera1/frame_0253_hp_preview.jpg
-3.369091 0.974138 2.425889 255 68 68 R0 pano_camera1/frame_0254_hp_preview.jpg
-3.411707 0.971058 2.431370 255 68 68 R0 pano_camera1/frame_0255_hp_preview.jpg
-3.843498 1.007202 2.075157 255 68 68 R0 pano_camera1/frame_0256_hp_preview.jpg
-3.974136 1.132130 1.900482 255 68 68 R0 pano_camera1/frame_0257_hp_preview.jpg
-4.023894 1.212950 1.833319 255 68 68 R0 pano_camera1/frame_0258_hp_preview.jpg
-4.102514 1.285512 1.709526 255 68 68 R0 pano_camera1/frame_0259_hp_preview.jpg
-4.284628 1.531911 1.435316 255 68 68 R0 pano_camera1/frame_0260_hp_preview.jpg
-4.287286 1.534577 1.429027 255 68 68 R0 pano_camera1/frame_0261_hp_preview.jpg
-4.501125 1.789996 1.164756 255 68 68 R0 pano_camera1/frame_0262_hp_preview.jpg
-4.511675 1.799263 1.158046 255 68 68 R0 pano_camera1/frame_0263_hp_preview.jpg
-4.617875 1.941279 1.019544 255 68 68 R0 pano_camera1/frame_0264_hp_preview.jpg
-4.781109 2.116446 0.812103 255 68 68 R0 pano_camera1/frame_0265_hp_preview.jpg
-4.827874 2.248662 0.584883 255 68 68 R0 pano_camera1/frame_0266_hp_preview.jpg
-4.815113 2.322622 0.375227 255 68 68 R0 pano_camera1/frame_0267_hp_preview.jpg
-4.613403 2.315039 0.143049 255 68 68 R0 pano_camera1/frame_0268_hp_preview.jpg
-4.240179 2.319601 -0.221782 255 68 68 R0 pano_camera1/frame_0269_hp_preview.jpg
-4.054026 2.336600 -0.376812 255 68 68 R0 pano_camera1/frame_0270_hp_preview.jpg
-3.686228 2.328807 -0.638275 255 68 68 R0 pano_camera1/frame_0271_hp_preview.jpg
-3.345676 2.330738 -0.887776 255 68 68 R0 pano_camera1/frame_0272_hp_preview.jpg
-3.162551 2.339967 -1.034421 255 68 68 R0 pano_camera1/frame_0273_hp_preview.jpg
-2.574146 2.332355 -1.481636 255 68 68 R0 pano_camera1/frame_0274_hp_preview.jpg
-2.515935 2.335841 -1.538048 255 68 68 R0 pano_camera1/frame_0275_hp_preview.jpg
-2.044097 2.336912 -1.910749 255 68 68 R0 pano_camera1/frame_0276_hp_preview.jpg
-1.905581 2.341615 -2.037960 255 68 68 R0 pano_camera1/frame_0277_hp_preview.jpg
-1.487186 2.356525 -2.444841 255 68 68 R0 pano_camera1/frame_0278_hp_preview.jpg
-1.249744 2.352736 -2.614841 255 68 68 R0 pano_camera1/frame_0279_hp_preview.jpg
-0.665292 2.354980 -3.115972 255 68 68 R0 pano_camera1/frame_0280_hp_preview.jpg
-0.552655 2.352316 -3.197966 255 68 68 R0 pano_camera1/frame_0281_hp_preview.jpg
-0.401055 2.346861 -3.351211 255 68 68 R0 pano_camera1/frame_0282_hp_preview.jpg
-0.323174 2.343666 -3.585867 255 68 68 R0 pano_camera1/frame_0283_hp_preview.jpg
-0.502024 2.333240 -3.973022 255 68 68 R0 pano_camera1/frame_0284_hp_preview.jpg
-0.539199 2.330755 -3.999491 255 68 68 R0 pano_camera1/frame_0285_hp_preview.jpg
-0.794367 2.329326 -4.204872 255 68 68 R0 pano_camera1/frame_0286_hp_preview.jpg
-0.994754 2.344182 -4.212671 255 68 68 R0 pano_camera1/frame_0287_hp_preview.jpg
-1.255966 2.353767 -4.227620 255 68 68 R0 pano_camera1/frame_0288_hp_preview.jpg
-1.410896 2.359227 -4.303508 255 68 68 R0 pano_camera1/frame_0289_hp_preview.jpg
-1.517127 2.356547 -4.557450 255 68 68 R0 pano_camera1/frame_0290_hp_preview.jpg
-1.613566 2.344561 -5.105401 255 68 68 R0 pano_camera1/frame_0291_hp_preview.jpg
-1.678647 2.343525 -5.317978 255 68 68 R0 pano_camera1/frame_0292_hp_preview.jpg
-1.721316 2.337698 -5.495208 255 68 68 R0 pano_camera1/frame_0293_hp_preview.jpg
-2.181514 2.321887 -5.940430 255 68 68 R0 pano_camera1/frame_0294_hp_preview.jpg
-2.231654 2.323116 -5.952500 255 68 68 R0 pano_camera1/frame_0295_hp_preview.jpg
-2.773379 2.318555 -5.759770 255 68 68 R0 pano_camera1/frame_0296_hp_preview.jpg
-2.873105 2.325353 -5.413909 255 68 68 R0 pano_camera1/frame_0297_hp_preview.jpg
-2.900476 2.314969 -5.103800 255 68 68 R0 pano_camera1/frame_0298_hp_preview.jpg
-2.912365 2.321776 -4.861687 255 68 68 R0 pano_camera1/frame_0299_hp_preview.jpg
-2.943292 2.328712 -4.399486 255 68 68 R0 pano_camera1/frame_0300_hp_preview.jpg
-2.945774 2.315049 -4.079509 255 68 68 R0 pano_camera1/frame_0301_hp_preview.jpg
-2.915258 2.312039 -3.758386 255 68 68 R0 pano_camera1/frame_0302_hp_preview.jpg
-2.800882 2.326510 -3.320460 255 68 68 R0 pano_camera1/frame_0303_hp_preview.jpg
-2.751191 2.322602 -3.096555 255 68 68 R0 pano_camera1/frame_0304_hp_preview.jpg
-2.687207 2.318960 -2.568165 255 68 68 R0 pano_camera1/frame_0305_hp_preview.jpg
-2.749240 2.311666 -2.042412 255 68 68 R0 pano_camera1/frame_0306_hp_preview.jpg
-2.848031 2.307267 -1.709040 255 68 68 R0 pano_camera1/frame_0307_hp_preview.jpg
-2.893583 2.313474 -1.632227 255 68 68 R0 pano_camera1/frame_0308_hp_preview.jpg
-3.277818 2.316027 -1.347847 255 68 68 R0 pano_camera1/frame_0309_hp_preview.jpg
-3.746075 2.328373 -1.354382 255 68 68 R0 pano_camera1/frame_0310_hp_preview.jpg
-3.976446 2.314829 -1.575417 255 68 68 R0 pano_camera1/frame_0311_hp_preview.jpg
-4.144673 2.325052 -1.990557 255 68 68 R0 pano_camera1/frame_0312_hp_preview.jpg
-4.212660 2.325117 -2.302047 255 68 68 R0 pano_camera1/frame_0313_hp_preview.jpg
-4.245860 2.323622 -2.583865 255 68 68 R0 pano_camera1/frame_0314_hp_preview.jpg
-4.345230 2.323845 -3.270576 255 68 68 R0 pano_camera1/frame_0315_hp_preview.jpg
-4.357139 2.327493 -3.320502 255 68 68 R0 pano_camera1/frame_0316_hp_preview.jpg
-4.471664 2.316685 -3.757194 255 68 68 R0 pano_camera1/frame_0317_hp_preview.jpg
-4.749019 2.306162 -4.151091 255 68 68 R0 pano_camera1/frame_0318_hp_preview.jpg
-4.875899 2.307181 -4.161241 255 68 68 R0 pano_camera1/frame_0319_hp_preview.jpg
-5.220439 2.328653 -4.064956 255 68 68 R0 pano_camera1/frame_0320_hp_preview.jpg
-5.744360 2.333274 -3.585582 255 68 68 R0 pano_camera1/frame_0321_hp_preview.jpg
-5.772522 2.332667 -3.553220 255 68 68 R0 pano_camera1/frame_0322_hp_preview.jpg
-5.888215 2.321294 -3.086972 255 68 68 R0 pano_camera1/frame_0323_hp_preview.jpg
-5.830866 2.331979 -2.611089 255 68 68 R0 pano_camera1/frame_0324_hp_preview.jpg
-5.837207 2.324568 -2.562706 255 68 68 R0 pano_camera1/frame_0325_hp_preview.jpg
-6.054676 2.321059 -2.113294 255 68 68 R0 pano_camera1/frame_0326_hp_preview.jpg
-6.319843 2.318549 -2.063539 255 68 68 R0 pano_camera1/frame_0327_hp_preview.jpg
-6.454398 2.327406 -2.103335 255 68 68 R0 pano_camera1/frame_0328_hp_preview.jpg
-6.647625 2.330917 -2.240943 255 68 68 R0 pano_camera1/frame_0329_hp_preview.jpg
-7.001360 2.335510 -2.372368 255 68 68 R0 pano_camera1/frame_0330_hp_preview.jpg
-7.117804 2.334144 -2.282753 255 68 68 R0 pano_camera1/frame_0331_hp_preview.jpg
-6.966423 2.325155 -1.882587 255 68 68 R0 pano_camera1/frame_0332_hp_preview.jpg
-6.794983 2.317974 -1.753940 255 68 68 R0 pano_camera1/frame_0333_hp_preview.jpg
-6.528174 2.315910 -1.471509 255 68 68 R0 pano_camera1/frame_0334_hp_preview.jpg
-6.426189 2.319345 -1.293347 255 68 68 R0 pano_camera1/frame_0335_hp_preview.jpg
-6.303376 2.311228 -1.100222 255 68 68 R0 pano_camera1/frame_0336_hp_preview.jpg
-6.076771 2.304669 -0.640906 255 68 68 R0 pano_camera1/frame_0337_hp_preview.jpg
-5.966352 2.308673 -0.409975 255 68 68 R0 pano_camera1/frame_0338_hp_preview.jpg
-5.727826 2.305294 0.203572 255 68 68 R0 pano_camera1/frame_0339_hp_preview.jpg
-5.631897 2.332418 0.608024 255 68 68 R0 pano_camera1/frame_0340_hp_preview.jpg
-5.599201 2.326668 0.714729 255 68 68 R0 pano_camera1/frame_0341_hp_preview.jpg
-5.471098 2.329770 1.019205 255 68 68 R0 pano_camera1/frame_0342_hp_preview.jpg
-5.237816 2.336612 1.368667 255 68 68 R0 pano_camera1/frame_0343_hp_preview.jpg
-5.282187 2.345905 1.716299 255 68 68 R0 pano_camera1/frame_0344_hp_preview.jpg
-5.534169 2.346679 1.633253 255 68 68 R0 pano_camera1/frame_0345_hp_preview.jpg
-5.731143 2.341132 1.448664 255 68 68 R0 pano_camera1/frame_0346_hp_preview.jpg
-5.832653 2.339190 1.241274 255 68 68 R0 pano_camera1/frame_0347_hp_preview.jpg
-5.957530 2.338941 1.011021 255 68 68 R0 pano_camera1/frame_0348_hp_preview.jpg
-6.254340 2.326111 0.466059 255 68 68 R0 pano_camera1/frame_0349_hp_preview.jpg
-6.451280 2.311973 0.257656 255 68 68 R0 pano_camera1/frame_0350_hp_preview.jpg
-6.605701 2.306757 0.109651 255 68 68 R0 pano_camera1/frame_0351_hp_preview.jpg
-7.047004 2.308471 -0.094025 255 68 68 R0 pano_camera1/frame_0352_hp_preview.jpg
-7.268861 2.321854 -0.126007 255 68 68 R0 pano_camera1/frame_0353_hp_preview.jpg
-7.628767 2.326634 -0.299013 255 68 68 R0 pano_camera1/frame_0354_hp_preview.jpg
-7.744041 2.337924 -0.476610 255 68 68 R0 pano_camera1/frame_0355_hp_preview.jpg
-7.665509 2.344193 -0.895429 255 68 68 R0 pano_camera1/frame_0356_hp_preview.jpg
-7.592694 2.328519 -1.186347 255 68 68 R0 pano_camera1/frame_0357_hp_preview.jpg
-7.549000 2.309526 -1.269202 255 68 68 R0 pano_camera1/frame_0358_hp_preview.jpg
-7.517492 2.300343 -1.292245 255 68 68 R0 pano_camera1/frame_0359_hp_preview.jpg
-7.565060 2.315389 -1.298283 255 68 68 R0 pano_camera1/frame_0360_hp_preview.jpg
-7.565177 2.314325 -1.302483 255 68 68 R0 pano_camera1/frame_0361_hp_preview.jpg
-7.675005 2.321490 -1.569044 255 68 68 R0 pano_camera1/frame_0362_hp_preview.jpg
-7.807912 2.326013 -1.627014 255 68 68 R0 pano_camera1/frame_0363_hp_preview.jpg
-8.068752 2.355316 -1.644247 255 68 68 R0 pano_camera1/frame_0364_hp_preview.jpg
-8.149675 2.357676 -1.589822 255 68 68 R0 pano_camera1/frame_0365_hp_preview.jpg
-8.194933 2.351146 -1.191919 255 68 68 R0 pano_camera1/frame_0366_hp_preview.jpg
-8.171759 2.348156 -1.131861 255 68 68 R0 pano_camera1/frame_0367_hp_preview.jpg
-8.031922 2.336494 -0.828796 255 68 68 R0 pano_camera1/frame_0368_hp_preview.jpg
-7.732799 2.335995 -0.207553 255 68 68 R0 pano_camera1/frame_0369_hp_preview.jpg
-7.743658 2.308335 -0.004106 255 68 68 R0 pano_camera1/frame_0370_hp_preview.jpg
-7.882288 2.339818 0.136293 255 68 68 R0 pano_camera1/frame_0371_hp_preview.jpg
-8.209683 2.335934 0.076048 255 68 68 R0 pano_camera1/frame_0372_hp_preview.jpg
-8.462091 2.345668 -0.177131 255 68 68 R0 pano_camera1/frame_0373_hp_preview.jpg
-9.071527 2.342224 -0.539504 255 68 68 R0 pano_camera1/frame_0374_hp_preview.jpg
-9.263656 2.351582 -0.551092 255 68 68 R0 pano_camera1/frame_0375_hp_preview.jpg
-9.486327 2.363175 -0.477331 255 68 68 R0 pano_camera1/frame_0376_hp_preview.jpg
-9.661990 2.369214 -0.384699 255 68 68 R0 pano_camera1/frame_0377_hp_preview.jpg
-10.165474 2.399429 0.002762 255 68 68 R0 pano_camera1/frame_0378_hp_preview.jpg
-10.281955 2.390060 0.150910 255 68 68 R0 pano_camera1/frame_0379_hp_preview.jpg
-10.399107 2.388615 0.377664 255 68 68 R0 pano_camera1/frame_0380_hp_preview.jpg
-10.461207 2.269352 0.398962 255 68 68 R0 pano_camera1/frame_0381_hp_preview.jpg
-10.486549 2.140300 0.550958 255 68 68 R0 pano_camera1/frame_0382_hp_preview.jpg
-10.439896 2.345778 0.815700 255 68 68 R0 pano_camera1/frame_0383_hp_preview.jpg
-10.410526 2.359294 0.813759 255 68 68 R0 pano_camera1/frame_0384_hp_preview.jpg
-10.249956 2.370975 1.011378 255 68 68 R0 pano_camera1/frame_0385_hp_preview.jpg
-9.933187 2.381340 1.453448 255 68 68 R0 pano_camera1/frame_0386_hp_preview.jpg
-9.807975 2.380876 1.672247 255 68 68 R0 pano_camera1/frame_0387_hp_preview.jpg
-9.355329 2.383418 2.315472 255 68 68 R0 pano_camera1/frame_0388_hp_preview.jpg
-9.033271 2.375777 2.703613 255 68 68 R0 pano_camera1/frame_0389_hp_preview.jpg
-8.887511 2.365310 2.846912 255 68 68 R0 pano_camera1/frame_0390_hp_preview.jpg
-8.473196 2.370048 3.037945 255 68 68 R0 pano_camera1/frame_0391_hp_preview.jpg
-8.388742 2.366360 2.993467 255 68 68 R0 pano_camera1/frame_0392_hp_preview.jpg
-8.429153 2.365614 2.804422 255 68 68 R0 pano_camera1/frame_0393_hp_preview.jpg
-8.600744 2.356947 2.661615 255 68 68 R0 pano_camera1/frame_0394_hp_preview.jpg
-8.895951 2.350871 2.432310 255 68 68 R0 pano_camera1/frame_0395_hp_preview.jpg
-9.106399 2.351060 2.106867 255 68 68 R0 pano_camera1/frame_0396_hp_preview.jpg
-8.908634 2.368279 1.682909 255 68 68 R0 pano_camera1/frame_0397_hp_preview.jpg
-8.772078 2.364917 1.580618 255 68 68 R0 pano_camera1/frame_0398_hp_preview.jpg
-8.293757 2.368596 1.561476 255 68 68 R0 pano_camera1/frame_0399_hp_preview.jpg
-7.917137 2.353839 1.915755 255 68 68 R0 pano_camera1/frame_0400_hp_preview.jpg
-7.641713 2.351799 2.215374 255 68 68 R0 pano_camera1/frame_0401_hp_preview.jpg
-7.621294 2.350903 2.233719 255 68 68 R0 pano_camera1/frame_0402_hp_preview.jpg
-7.365419 2.346792 2.521492 255 68 68 R0 pano_camera1/frame_0403_hp_preview.jpg
-6.844625 2.344812 2.514790 255 68 68 R0 pano_camera1/frame_0404_hp_preview.jpg
-6.816026 2.350730 2.484914 255 68 68 R0 pano_camera1/frame_0405_hp_preview.jpg
-6.662094 2.358365 2.027209 255 68 68 R0 pano_camera1/frame_0406_hp_preview.jpg
-6.926036 2.343942 1.667180 255 68 68 R0 pano_camera1/frame_0407_hp_preview.jpg
-7.071154 2.347305 1.483538 255 68 68 R0 pano_camera1/frame_0408_hp_preview.jpg
-7.182935 2.340438 1.352003 255 68 68 R0 pano_camera1/frame_0409_hp_preview.jpg
-7.293305 2.354426 1.006713 255 68 68 R0 pano_camera1/frame_0410_hp_preview.jpg
-6.970871 2.342845 0.469856 255 68 68 R0 pano_camera1/frame_0411_hp_preview.jpg
-6.909220 2.334509 0.412354 255 68 68 R0 pano_camera1/frame_0412_hp_preview.jpg
-6.777212 2.336931 0.229817 255 68 68 R0 pano_camera1/frame_0413_hp_preview.jpg
-6.798269 2.339222 0.224496 255 68 68 R0 pano_camera1/frame_0414_hp_preview.jpg
-6.799723 2.339564 0.225956 255 68 68 R0 pano_camera1/frame_0415_hp_preview.jpg
-6.796244 2.334987 0.224538 255 68 68 R0 pano_camera1/frame_0416_hp_preview.jpg
-0.000503 0.944849 2.343401 255 68 68 R0 pano_camera2/frame_0140_hp_preview.jpg
0.127152 0.952255 2.470917 255 68 68 R0 pano_camera2/frame_0141_hp_preview.jpg
0.345429 0.951573 2.711594 255 68 68 R0 pano_camera2/frame_0142_hp_preview.jpg
0.502324 0.951794 2.810171 255 68 68 R0 pano_camera2/frame_0143_hp_preview.jpg
0.677917 0.968406 2.758326 255 68 68 R0 pano_camera2/frame_0144_hp_preview.jpg
0.736265 0.972193 2.581650 255 68 68 R0 pano_camera2/frame_0145_hp_preview.jpg
-0.125404 0.955986 2.770285 255 68 68 R0 pano_camera2/frame_0157_hp_preview.jpg
-0.263144 0.958433 2.856214 255 68 68 R0 pano_camera2/frame_0158_hp_preview.jpg
-0.312295 0.963855 2.953904 255 68 68 R0 pano_camera2/frame_0159_hp_preview.jpg
-0.561025 0.957106 3.562585 255 68 68 R0 pano_camera2/frame_0160_hp_preview.jpg
-0.768483 0.955631 3.824569 255 68 68 R0 pano_camera2/frame_0161_hp_preview.jpg
-1.069813 0.968974 4.113578 255 68 68 R0 pano_camera2/frame_0162_hp_preview.jpg
-1.277238 0.974847 4.273301 255 68 68 R0 pano_camera2/frame_0163_hp_preview.jpg
-1.502433 0.984363 4.415485 255 68 68 R0 pano_camera2/frame_0164_hp_preview.jpg
-1.899823 0.985504 4.402460 255 68 68 R0 pano_camera2/frame_0165_hp_preview.jpg
-2.060882 0.982714 4.269399 255 68 68 R0 pano_camera2/frame_0166_hp_preview.jpg
-2.307596 0.982794 3.909548 255 68 68 R0 pano_camera2/frame_0167_hp_preview.jpg
-2.255313 0.974365 3.522919 255 68 68 R0 pano_camera2/frame_0168_hp_preview.jpg
-2.165367 0.984274 3.406748 255 68 68 R0 pano_camera2/frame_0169_hp_preview.jpg
-1.629586 0.965048 2.874857 255 68 68 R0 pano_camera2/frame_0170_hp_preview.jpg
-1.557028 0.978276 2.805280 255 68 68 R0 pano_camera2/frame_0171_hp_preview.jpg
-1.217326 0.960066 2.479847 255 68 68 R0 pano_camera2/frame_0172_hp_preview.jpg
-1.140000 0.965073 2.099597 255 68 68 R0 pano_camera2/frame_0173_hp_preview.jpg
-1.344241 0.968618 1.763768 255 68 68 R0 pano_camera2/frame_0174_hp_preview.jpg
-1.353355 0.971533 1.758255 255 68 68 R0 pano_camera2/frame_0175_hp_preview.jpg
-1.784568 0.964901 1.663902 255 68 68 R0 pano_camera2/frame_0176_hp_preview.jpg
-2.028736 0.975103 1.712353 255 68 68 R0 pano_camera2/frame_0177_hp_preview.jpg
-2.490604 0.974555 1.729992 255 68 68 R0 pano_camera2/frame_0178_hp_preview.jpg
-2.811919 0.975523 1.481544 255 68 68 R0 pano_camera2/frame_0179_hp_preview.jpg
-2.853987 0.972666 1.287910 255 68 68 R0 pano_camera2/frame_0180_hp_preview.jpg
-2.721837 0.955305 1.050280 255 68 68 R0 pano_camera2/frame_0181_hp_preview.jpg
-2.526581 0.950941 0.888980 255 68 68 R0 pano_camera2/frame_0182_hp_preview.jpg
-2.301835 0.957754 0.569828 255 68 68 R0 pano_camera2/frame_0183_hp_preview.jpg
-2.453286 0.945561 0.421229 255 68 68 R0 pano_camera2/frame_0184_hp_preview.jpg
-2.607000 0.947509 0.470016 255 68 68 R0 pano_camera2/frame_0185_hp_preview.jpg
-2.800073 0.944558 0.613932 255 68 68 R0 pano_camera2/frame_0186_hp_preview.jpg
-2.998844 0.947152 0.749435 255 68 68 R0 pano_camera2/frame_0187_hp_preview.jpg
-3.298533 0.951609 0.853976 255 68 68 R0 pano_camera2/frame_0188_hp_preview.jpg
-3.601765 0.952726 0.765866 255 68 68 R0 pano_camera2/frame_0189_hp_preview.jpg
-3.632619 0.958267 0.746732 255 68 68 R0 pano_camera2/frame_0190_hp_preview.jpg
-3.799583 0.958894 0.532038 255 68 68 R0 pano_camera2/frame_0191_hp_preview.jpg
-3.801380 0.959004 0.172087 255 68 68 R0 pano_camera2/frame_0192_hp_preview.jpg
-3.669732 0.949175 -0.078925 255 68 68 R0 pano_camera2/frame_0193_hp_preview.jpg
-3.449330 0.936112 -0.361738 255 68 68 R0 pano_camera2/frame_0194_hp_preview.jpg
-3.310802 0.938903 -0.574592 255 68 68 R0 pano_camera2/frame_0195_hp_preview.jpg
-3.338700 0.925176 -0.778856 255 68 68 R0 pano_camera2/frame_0196_hp_preview.jpg
-3.537976 0.925074 -1.150984 255 68 68 R0 pano_camera2/frame_0197_hp_preview.jpg
-3.915215 0.939126 -1.631825 255 68 68 R0 pano_camera2/frame_0198_hp_preview.jpg
-4.025563 0.944111 -1.772579 255 68 68 R0 pano_camera2/frame_0199_hp_preview.jpg
-4.648354 0.974954 -2.340663 255 68 68 R0 pano_camera2/frame_0200_hp_preview.jpg
-4.640297 1.019361 -2.435133 255 68 68 R0 pano_camera2/frame_0201_hp_preview.jpg
-4.675662 0.951523 -1.198305 255 68 68 R0 pano_camera2/frame_0226_hp_preview.jpg
-5.282114 0.964448 0.074016 255 68 68 R0 pano_camera2/frame_0240_hp_preview.jpg
-5.267497 0.957277 0.139838 255 68 68 R0 pano_camera2/frame_0241_hp_preview.jpg
-5.370899 0.953947 0.417167 255 68 68 R0 pano_camera2/frame_0242_hp_preview.jpg
-5.252969 0.951761 0.579525 255 68 68 R0 pano_camera2/frame_0243_hp_preview.jpg
-5.039573 0.948115 0.564469 255 68 68 R0 pano_camera2/frame_0244_hp_preview.jpg
-4.936170 0.944205 0.582296 255 68 68 R0 pano_camera2/frame_0245_hp_preview.jpg
-4.664445 0.917980 0.645184 255 68 68 R0 pano_camera2/frame_0246_hp_preview.jpg
-4.537111 0.923926 0.570818 255 68 68 R0 pano_camera2/frame_0247_hp_preview.jpg
-4.221415 0.923107 0.643414 255 68 68 R0 pano_camera2/frame_0248_hp_preview.jpg
-4.185810 0.921042 0.663346 255 68 68 R0 pano_camera2/frame_0249_hp_preview.jpg
-3.559044 0.926030 1.130363 255 68 68 R0 pano_camera2/frame_0250_hp_preview.jpg
-3.548643 0.924611 1.139894 255 68 68 R0 pano_camera2/frame_0251_hp_preview.jpg
-3.245362 0.937796 1.561674 255 68 68 R0 pano_camera2/frame_0252_hp_preview.jpg
-3.097031 0.959609 2.100739 255 68 68 R0 pano_camera2/frame_0253_hp_preview.jpg
-3.369091 0.974138 2.425889 255 68 68 R0 pano_camera2/frame_0254_hp_preview.jpg
-3.411707 0.971058 2.431370 255 68 68 R0 pano_camera2/frame_0255_hp_preview.jpg
-3.843498 1.007202 2.075157 255 68 68 R0 pano_camera2/frame_0256_hp_preview.jpg
-3.974136 1.132130 1.900482 255 68 68 R0 pano_camera2/frame_0257_hp_preview.jpg
-4.023894 1.212950 1.833319 255 68 68 R0 pano_camera2/frame_0258_hp_preview.jpg
-4.102514 1.285512 1.709526 255 68 68 R0 pano_camera2/frame_0259_hp_preview.jpg
-4.284628 1.531911 1.435316 255 68 68 R0 pano_camera2/frame_0260_hp_preview.jpg
-4.287286 1.534577 1.429027 255 68 68 R0 pano_camera2/frame_0261_hp_preview.jpg
-4.501125 1.789996 1.164756 255 68 68 R0 pano_camera2/frame_0262_hp_preview.jpg
-4.511675 1.799263 1.158046 255 68 68 R0 pano_camera2/frame_0263_hp_preview.jpg
-4.617875 1.941279 1.019544 255 68 68 R0 pano_camera2/frame_0264_hp_preview.jpg
-4.781109 2.116446 0.812103 255 68 68 R0 pano_camera2/frame_0265_hp_preview.jpg
-4.827874 2.248662 0.584883 255 68 68 R0 pano_camera2/frame_0266_hp_preview.jpg
-4.815113 2.322622 0.375227 255 68 68 R0 pano_camera2/frame_0267_hp_preview.jpg
-4.613403 2.315039 0.143049 255 68 68 R0 pano_camera2/frame_0268_hp_preview.jpg
-4.240179 2.319601 -0.221782 255 68 68 R0 pano_camera2/frame_0269_hp_preview.jpg
-4.054026 2.336600 -0.376812 255 68 68 R0 pano_camera2/frame_0270_hp_preview.jpg
-3.686228 2.328807 -0.638275 255 68 68 R0 pano_camera2/frame_0271_hp_preview.jpg
-3.345676 2.330738 -0.887776 255 68 68 R0 pano_camera2/frame_0272_hp_preview.jpg
-3.162551 2.339967 -1.034421 255 68 68 R0 pano_camera2/frame_0273_hp_preview.jpg
-2.574146 2.332355 -1.481636 255 68 68 R0 pano_camera2/frame_0274_hp_preview.jpg
-2.515935 2.335841 -1.538048 255 68 68 R0 pano_camera2/frame_0275_hp_preview.jpg
-2.044097 2.336912 -1.910749 255 68 68 R0 pano_camera2/frame_0276_hp_preview.jpg
-1.905581 2.341615 -2.037960 255 68 68 R0 pano_camera2/frame_0277_hp_preview.jpg
-1.487186 2.356525 -2.444841 255 68 68 R0 pano_camera2/frame_0278_hp_preview.jpg
-1.249744 2.352736 -2.614841 255 68 68 R0 pano_camera2/frame_0279_hp_preview.jpg
-0.665292 2.354980 -3.115972 255 68 68 R0 pano_camera2/frame_0280_hp_preview.jpg
-0.552655 2.352316 -3.197966 255 68 68 R0 pano_camera2/frame_0281_hp_preview.jpg
-0.401055 2.346861 -3.351211 255 68 68 R0 pano_camera2/frame_0282_hp_preview.jpg
-0.323174 2.343666 -3.585867 255 68 68 R0 pano_camera2/frame_0283_hp_preview.jpg
-0.502024 2.333240 -3.973022 255 68 68 R0 pano_camera2/frame_0284_hp_preview.jpg
-0.539199 2.330755 -3.999491 255 68 68 R0 pano_camera2/frame_0285_hp_preview.jpg
-0.794367 2.329326 -4.204872 255 68 68 R0 pano_camera2/frame_0286_hp_preview.jpg
-0.994754 2.344182 -4.212671 255 68 68 R0 pano_camera2/frame_0287_hp_preview.jpg
-1.255966 2.353767 -4.227620 255 68 68 R0 pano_camera2/frame_0288_hp_preview.jpg
-1.410896 2.359227 -4.303508 255 68 68 R0 pano_camera2/frame_0289_hp_preview.jpg
-1.517127 2.356547 -4.557450 255 68 68 R0 pano_camera2/frame_0290_hp_preview.jpg
-1.613566 2.344561 -5.105401 255 68 68 R0 pano_camera2/frame_0291_hp_preview.jpg
-1.678647 2.343525 -5.317978 255 68 68 R0 pano_camera2/frame_0292_hp_preview.jpg
-1.721316 2.337698 -5.495208 255 68 68 R0 pano_camera2/frame_0293_hp_preview.jpg
-2.181514 2.321887 -5.940430 255 68 68 R0 pano_camera2/frame_0294_hp_preview.jpg
-2.231654 2.323116 -5.952500 255 68 68 R0 pano_camera2/frame_0295_hp_preview.jpg
-2.773379 2.318555 -5.759770 255 68 68 R0 pano_camera2/frame_0296_hp_preview.jpg
-2.873105 2.325353 -5.413909 255 68 68 R0 pano_camera2/frame_0297_hp_preview.jpg
-2.900476 2.314969 -5.103800 255 68 68 R0 pano_camera2/frame_0298_hp_preview.jpg
-2.912365 2.321776 -4.861687 255 68 68 R0 pano_camera2/frame_0299_hp_preview.jpg
-2.943292 2.328712 -4.399486 255 68 68 R0 pano_camera2/frame_0300_hp_preview.jpg
-2.945774 2.315049 -4.079509 255 68 68 R0 pano_camera2/frame_0301_hp_preview.jpg
-2.915258 2.312039 -3.758386 255 68 68 R0 pano_camera2/frame_0302_hp_preview.jpg
-2.800882 2.326510 -3.320460 255 68 68 R0 pano_camera2/frame_0303_hp_preview.jpg
-2.751191 2.322602 -3.096555 255 68 68 R0 pano_camera2/frame_0304_hp_preview.jpg
-2.687207 2.318960 -2.568165 255 68 68 R0 pano_camera2/frame_0305_hp_preview.jpg
-2.749240 2.311666 -2.042412 255 68 68 R0 pano_camera2/frame_0306_hp_preview.jpg
-2.848031 2.307267 -1.709040 255 68 68 R0 pano_camera2/frame_0307_hp_preview.jpg
-2.893583 2.313474 -1.632227 255 68 68 R0 pano_camera2/frame_0308_hp_preview.jpg
-3.277818 2.316027 -1.347847 255 68 68 R0 pano_camera2/frame_0309_hp_preview.jpg
-3.746075 2.328373 -1.354382 255 68 68 R0 pano_camera2/frame_0310_hp_preview.jpg
-3.976446 2.314829 -1.575417 255 68 68 R0 pano_camera2/frame_0311_hp_preview.jpg
-4.144673 2.325052 -1.990557 255 68 68 R0 pano_camera2/frame_0312_hp_preview.jpg
-4.212660 2.325117 -2.302047 255 68 68 R0 pano_camera2/frame_0313_hp_preview.jpg
-4.245860 2.323622 -2.583865 255 68 68 R0 pano_camera2/frame_0314_hp_preview.jpg
-4.345230 2.323845 -3.270576 255 68 68 R0 pano_camera2/frame_0315_hp_preview.jpg
-4.357139 2.327493 -3.320502 255 68 68 R0 pano_camera2/frame_0316_hp_preview.jpg
-4.471664 2.316685 -3.757194 255 68 68 R0 pano_camera2/frame_0317_hp_preview.jpg
-4.749019 2.306162 -4.151091 255 68 68 R0 pano_camera2/frame_0318_hp_preview.jpg
-4.875899 2.307181 -4.161241 255 68 68 R0 pano_camera2/frame_0319_hp_preview.jpg
-5.220439 2.328653 -4.064956 255 68 68 R0 pano_camera2/frame_0320_hp_preview.jpg
-5.744360 2.333274 -3.585582 255 68 68 R0 pano_camera2/frame_0321_hp_preview.jpg
-5.772522 2.332667 -3.553220 255 68 68 R0 pano_camera2/frame_0322_hp_preview.jpg
-5.888215 2.321294 -3.086972 255 68 68 R0 pano_camera2/frame_0323_hp_preview.jpg
-5.830866 2.331979 -2.611089 255 68 68 R0 pano_camera2/frame_0324_hp_preview.jpg
-5.837207 2.324568 -2.562706 255 68 68 R0 pano_camera2/frame_0325_hp_preview.jpg
-6.054676 2.321059 -2.113294 255 68 68 R0 pano_camera2/frame_0326_hp_preview.jpg
-6.319843 2.318549 -2.063539 255 68 68 R0 pano_camera2/frame_0327_hp_preview.jpg
-6.454398 2.327406 -2.103335 255 68 68 R0 pano_camera2/frame_0328_hp_preview.jpg
-6.647625 2.330917 -2.240943 255 68 68 R0 pano_camera2/frame_0329_hp_preview.jpg
-7.001360 2.335510 -2.372368 255 68 68 R0 pano_camera2/frame_0330_hp_preview.jpg
-7.117804 2.334144 -2.282753 255 68 68 R0 pano_camera2/frame_0331_hp_preview.jpg
-6.966423 2.325155 -1.882587 255 68 68 R0 pano_camera2/frame_0332_hp_preview.jpg
-6.794983 2.317974 -1.753940 255 68 68 R0 pano_camera2/frame_0333_hp_preview.jpg
-6.528174 2.315910 -1.471509 255 68 68 R0 pano_camera2/frame_0334_hp_preview.jpg
-6.426189 2.319345 -1.293347 255 68 68 R0 pano_camera2/frame_0335_hp_preview.jpg
-6.303376 2.311228 -1.100222 255 68 68 R0 pano_camera2/frame_0336_hp_preview.jpg
-6.076771 2.304669 -0.640906 255 68 68 R0 pano_camera2/frame_0337_hp_preview.jpg
-5.966352 2.308673 -0.409975 255 68 68 R0 pano_camera2/frame_0338_hp_preview.jpg
-5.727826 2.305294 0.203572 255 68 68 R0 pano_camera2/frame_0339_hp_preview.jpg
-5.631897 2.332418 0.608024 255 68 68 R0 pano_camera2/frame_0340_hp_preview.jpg
-5.599201 2.326668 0.714729 255 68 68 R0 pano_camera2/frame_0341_hp_preview.jpg
-5.471098 2.329770 1.019205 255 68 68 R0 pano_camera2/frame_0342_hp_preview.jpg
-5.237816 2.336612 1.368667 255 68 68 R0 pano_camera2/frame_0343_hp_preview.jpg
-5.282187 2.345905 1.716299 255 68 68 R0 pano_camera2/frame_0344_hp_preview.jpg
-5.534169 2.346679 1.633253 255 68 68 R0 pano_camera2/frame_0345_hp_preview.jpg
-5.731143 2.341132 1.448664 255 68 68 R0 pano_camera2/frame_0346_hp_preview.jpg
-5.832653 2.339190 1.241274 255 68 68 R0 pano_camera2/frame_0347_hp_preview.jpg
-5.957530 2.338941 1.011021 255 68 68 R0 pano_camera2/frame_0348_hp_preview.jpg
-6.254340 2.326111 0.466059 255 68 68 R0 pano_camera2/frame_0349_hp_preview.jpg
-6.451280 2.311973 0.257656 255 68 68 R0 pano_camera2/frame_0350_hp_preview.jpg
-6.605701 2.306757 0.109651 255 68 68 R0 pano_camera2/frame_0351_hp_preview.jpg
-7.047004 2.308471 -0.094025 255 68 68 R0 pano_camera2/frame_0352_hp_preview.jpg
-7.268861 2.321854 -0.126007 255 68 68 R0 pano_camera2/frame_0353_hp_preview.jpg
-7.628767 2.326634 -0.299013 255 68 68 R0 pano_camera2/frame_0354_hp_preview.jpg
-7.744041 2.337924 -0.476610 255 68 68 R0 pano_camera2/frame_0355_hp_preview.jpg
-7.665509 2.344193 -0.895429 255 68 68 R0 pano_camera2/frame_0356_hp_preview.jpg
-7.592694 2.328519 -1.186347 255 68 68 R0 pano_camera2/frame_0357_hp_preview.jpg
-7.549000 2.309526 -1.269202 255 68 68 R0 pano_camera2/frame_0358_hp_preview.jpg
-7.517492 2.300343 -1.292245 255 68 68 R0 pano_camera2/frame_0359_hp_preview.jpg
-7.565060 2.315389 -1.298283 255 68 68 R0 pano_camera2/frame_0360_hp_preview.jpg
-7.565177 2.314325 -1.302483 255 68 68 R0 pano_camera2/frame_0361_hp_preview.jpg
-7.675005 2.321490 -1.569044 255 68 68 R0 pano_camera2/frame_0362_hp_preview.jpg
-7.807912 2.326013 -1.627014 255 68 68 R0 pano_camera2/frame_0363_hp_preview.jpg
-8.068752 2.355316 -1.644247 255 68 68 R0 pano_camera2/frame_0364_hp_preview.jpg
-8.149675 2.357676 -1.589822 255 68 68 R0 pano_camera2/frame_0365_hp_preview.jpg
-8.194933 2.351146 -1.191919 255 68 68 R0 pano_camera2/frame_0366_hp_preview.jpg
-8.171759 2.348156 -1.131861 255 68 68 R0 pano_camera2/frame_0367_hp_preview.jpg
-8.031922 2.336494 -0.828796 255 68 68 R0 pano_camera2/frame_0368_hp_preview.jpg
-7.732799 2.335995 -0.207553 255 68 68 R0 pano_camera2/frame_0369_hp_preview.jpg
-7.743658 2.308335 -0.004106 255 68 68 R0 pano_camera2/frame_0370_hp_preview.jpg
-7.882288 2.339818 0.136293 255 68 68 R0 pano_camera2/frame_0371_hp_preview.jpg
-8.209683 2.335934 0.076048 255 68 68 R0 pano_camera2/frame_0372_hp_preview.jpg
-8.462091 2.345668 -0.177131 255 68 68 R0 pano_camera2/frame_0373_hp_preview.jpg
-9.071527 2.342224 -0.539504 255 68 68 R0 pano_camera2/frame_0374_hp_preview.jpg
-9.263656 2.351582 -0.551092 255 68 68 R0 pano_camera2/frame_0375_hp_preview.jpg
-9.486327 2.363175 -0.477331 255 68 68 R0 pano_camera2/frame_0376_hp_preview.jpg
-9.661990 2.369214 -0.384699 255 68 68 R0 pano_camera2/frame_0377_hp_preview.jpg
-10.165474 2.399429 0.002762 255 68 68 R0 pano_camera2/frame_0378_hp_preview.jpg
-10.281955 2.390060 0.150910 255 68 68 R0 pano_camera2/frame_0379_hp_preview.jpg
-10.399107 2.388615 0.377664 255 68 68 R0 pano_camera2/frame_0380_hp_preview.jpg
-10.461207 2.269352 0.398962 255 68 68 R0 pano_camera2/frame_0381_hp_preview.jpg
-10.486549 2.140300 0.550958 255 68 68 R0 pano_camera2/frame_0382_hp_preview.jpg
-10.439896 2.345778 0.815700 255 68 68 R0 pano_camera2/frame_0383_hp_preview.jpg
-10.410526 2.359294 0.813759 255 68 68 R0 pano_camera2/frame_0384_hp_preview.jpg
-10.249956 2.370975 1.011378 255 68 68 R0 pano_camera2/frame_0385_hp_preview.jpg
-9.933187 2.381340 1.453448 255 68 68 R0 pano_camera2/frame_0386_hp_preview.jpg
-9.807975 2.380876 1.672247 255 68 68 R0 pano_camera2/frame_0387_hp_preview.jpg
-9.355329 2.383418 2.315472 255 68 68 R0 pano_camera2/frame_0388_hp_preview.jpg
-9.033271 2.375777 2.703613 255 68 68 R0 pano_camera2/frame_0389_hp_preview.jpg
-8.887511 2.365310 2.846912 255 68 68 R0 pano_camera2/frame_0390_hp_preview.jpg
-8.473196 2.370048 3.037945 255 68 68 R0 pano_camera2/frame_0391_hp_preview.jpg
-8.388742 2.366360 2.993467 255 68 68 R0 pano_camera2/frame_0392_hp_preview.jpg
-8.429153 2.365614 2.804422 255 68 68 R0 pano_camera2/frame_0393_hp_preview.jpg
-8.600744 2.356947 2.661615 255 68 68 R0 pano_camera2/frame_0394_hp_preview.jpg
-8.895951 2.350871 2.432310 255 68 68 R0 pano_camera2/frame_0395_hp_preview.jpg
-9.106399 2.351060 2.106867 255 68 68 R0 pano_camera2/frame_0396_hp_preview.jpg
-8.908634 2.368279 1.682909 255 68 68 R0 pano_camera2/frame_0397_hp_preview.jpg
-8.772078 2.364917 1.580618 255 68 68 R0 pano_camera2/frame_0398_hp_preview.jpg
-8.293757 2.368596 1.561476 255 68 68 R0 pano_camera2/frame_0399_hp_preview.jpg
-7.917137 2.353839 1.915755 255 68 68 R0 pano_camera2/frame_0400_hp_preview.jpg
-7.641713 2.351799 2.215374 255 68 68 R0 pano_camera2/frame_0401_hp_preview.jpg
-7.621294 2.350903 2.233719 255 68 68 R0 pano_camera2/frame_0402_hp_preview.jpg
-7.365419 2.346792 2.521492 255 68 68 R0 pano_camera2/frame_0403_hp_preview.jpg
-6.844625 2.344812 2.514790 255 68 68 R0 pano_camera2/frame_0404_hp_preview.jpg
-6.816026 2.350730 2.484914 255 68 68 R0 pano_camera2/frame_0405_hp_preview.jpg
-6.662094 2.358365 2.027209 255 68 68 R0 pano_camera2/frame_0406_hp_preview.jpg
-6.926036 2.343942 1.667180 255 68 68 R0 pano_camera2/frame_0407_hp_preview.jpg
-7.071154 2.347305 1.483538 255 68 68 R0 pano_camera2/frame_0408_hp_preview.jpg
-7.182935 2.340438 1.352003 255 68 68 R0 pano_camera2/frame_0409_hp_preview.jpg
-7.293305 2.354426 1.006713 255 68 68 R0 pano_camera2/frame_0410_hp_preview.jpg
-6.970871 2.342845 0.469856 255 68 68 R0 pano_camera2/frame_0411_hp_preview.jpg
-6.909220 2.334509 0.412354 255 68 68 R0 pano_camera2/frame_0412_hp_preview.jpg
-6.777212 2.336931 0.229817 255 68 68 R0 pano_camera2/frame_0413_hp_preview.jpg
-6.798269 2.339222 0.224496 255 68 68 R0 pano_camera2/frame_0414_hp_preview.jpg
-6.799723 2.339564 0.225956 255 68 68 R0 pano_camera2/frame_0415_hp_preview.jpg
-6.796244 2.334987 0.224538 255 68 68 R0 pano_camera2/frame_0416_hp_preview.jpg
-0.000503 0.944849 2.343401 255 68 68 R0 pano_camera3/frame_0140_hp_preview.jpg
0.127152 0.952255 2.470917 255 68 68 R0 pano_camera3/frame_0141_hp_preview.jpg
0.345429 0.951573 2.711594 255 68 68 R0 pano_camera3/frame_0142_hp_preview.jpg
0.502324 0.951794 2.810171 255 68 68 R0 pano_camera3/frame_0143_hp_preview.jpg
0.677917 0.968406 2.758326 255 68 68 R0 pano_camera3/frame_0144_hp_preview.jpg
0.736265 0.972193 2.581650 255 68 68 R0 pano_camera3/frame_0145_hp_preview.jpg
-0.125404 0.955986 2.770285 255 68 68 R0 pano_camera3/frame_0157_hp_preview.jpg
-0.263144 0.958433 2.856214 255 68 68 R0 pano_camera3/frame_0158_hp_preview.jpg
-0.312295 0.963855 2.953904 255 68 68 R0 pano_camera3/frame_0159_hp_preview.jpg
-0.561025 0.957106 3.562585 255 68 68 R0 pano_camera3/frame_0160_hp_preview.jpg
-0.768483 0.955631 3.824569 255 68 68 R0 pano_camera3/frame_0161_hp_preview.jpg
-1.069813 0.968974 4.113578 255 68 68 R0 pano_camera3/frame_0162_hp_preview.jpg
-1.277238 0.974847 4.273301 255 68 68 R0 pano_camera3/frame_0163_hp_preview.jpg
-1.502433 0.984363 4.415485 255 68 68 R0 pano_camera3/frame_0164_hp_preview.jpg
-1.899823 0.985504 4.402460 255 68 68 R0 pano_camera3/frame_0165_hp_preview.jpg
-2.060882 0.982714 4.269399 255 68 68 R0 pano_camera3/frame_0166_hp_preview.jpg
-2.307596 0.982794 3.909548 255 68 68 R0 pano_camera3/frame_0167_hp_preview.jpg
-2.255313 0.974365 3.522919 255 68 68 R0 pano_camera3/frame_0168_hp_preview.jpg
-2.165367 0.984274 3.406748 255 68 68 R0 pano_camera3/frame_0169_hp_preview.jpg
-1.629586 0.965048 2.874857 255 68 68 R0 pano_camera3/frame_0170_hp_preview.jpg
-1.557028 0.978276 2.805280 255 68 68 R0 pano_camera3/frame_0171_hp_preview.jpg
-1.217326 0.960066 2.479847 255 68 68 R0 pano_camera3/frame_0172_hp_preview.jpg
-1.140000 0.965073 2.099597 255 68 68 R0 pano_camera3/frame_0173_hp_preview.jpg
-1.344241 0.968618 1.763768 255 68 68 R0 pano_camera3/frame_0174_hp_preview.jpg
-1.353355 0.971533 1.758255 255 68 68 R0 pano_camera3/frame_0175_hp_preview.jpg
-1.784568 0.964901 1.663902 255 68 68 R0 pano_camera3/frame_0176_hp_preview.jpg
-2.028736 0.975103 1.712353 255 68 68 R0 pano_camera3/frame_0177_hp_preview.jpg
-2.490604 0.974555 1.729992 255 68 68 R0 pano_camera3/frame_0178_hp_preview.jpg
-2.811919 0.975523 1.481544 255 68 68 R0 pano_camera3/frame_0179_hp_preview.jpg
-2.853987 0.972666 1.287910 255 68 68 R0 pano_camera3/frame_0180_hp_preview.jpg
-2.721837 0.955305 1.050280 255 68 68 R0 pano_camera3/frame_0181_hp_preview.jpg
-2.526581 0.950941 0.888980 255 68 68 R0 pano_camera3/frame_0182_hp_preview.jpg
-2.301835 0.957754 0.569828 255 68 68 R0 pano_camera3/frame_0183_hp_preview.jpg
-2.453286 0.945561 0.421229 255 68 68 R0 pano_camera3/frame_0184_hp_preview.jpg
-2.607000 0.947509 0.470016 255 68 68 R0 pano_camera3/frame_0185_hp_preview.jpg
-2.800073 0.944558 0.613932 255 68 68 R0 pano_camera3/frame_0186_hp_preview.jpg
-2.998844 0.947152 0.749435 255 68 68 R0 pano_camera3/frame_0187_hp_preview.jpg
-3.298533 0.951609 0.853976 255 68 68 R0 pano_camera3/frame_0188_hp_preview.jpg
-3.601765 0.952726 0.765866 255 68 68 R0 pano_camera3/frame_0189_hp_preview.jpg
-3.632619 0.958267 0.746732 255 68 68 R0 pano_camera3/frame_0190_hp_preview.jpg
-3.799583 0.958894 0.532038 255 68 68 R0 pano_camera3/frame_0191_hp_preview.jpg
-3.801380 0.959004 0.172087 255 68 68 R0 pano_camera3/frame_0192_hp_preview.jpg
-3.669732 0.949175 -0.078925 255 68 68 R0 pano_camera3/frame_0193_hp_preview.jpg
-3.449330 0.936112 -0.361738 255 68 68 R0 pano_camera3/frame_0194_hp_preview.jpg
-3.310802 0.938903 -0.574592 255 68 68 R0 pano_camera3/frame_0195_hp_preview.jpg
-3.338700 0.925176 -0.778856 255 68 68 R0 pano_camera3/frame_0196_hp_preview.jpg
-3.537976 0.925074 -1.150984 255 68 68 R0 pano_camera3/frame_0197_hp_preview.jpg
-3.915215 0.939126 -1.631825 255 68 68 R0 pano_camera3/frame_0198_hp_preview.jpg
-4.025563 0.944111 -1.772579 255 68 68 R0 pano_camera3/frame_0199_hp_preview.jpg
-4.648354 0.974954 -2.340663 255 68 68 R0 pano_camera3/frame_0200_hp_preview.jpg
-4.640297 1.019361 -2.435133 255 68 68 R0 pano_camera3/frame_0201_hp_preview.jpg
-4.675662 0.951523 -1.198305 255 68 68 R0 pano_camera3/frame_0226_hp_preview.jpg
-5.282114 0.964448 0.074016 255 68 68 R0 pano_camera3/frame_0240_hp_preview.jpg
-5.267497 0.957277 0.139838 255 68 68 R0 pano_camera3/frame_0241_hp_preview.jpg
-5.370899 0.953947 0.417167 255 68 68 R0 pano_camera3/frame_0242_hp_preview.jpg
-5.252969 0.951761 0.579525 255 68 68 R0 pano_camera3/frame_0243_hp_preview.jpg
-5.039573 0.948115 0.564469 255 68 68 R0 pano_camera3/frame_0244_hp_preview.jpg
-4.936170 0.944205 0.582296 255 68 68 R0 pano_camera3/frame_0245_hp_preview.jpg
-4.664445 0.917980 0.645184 255 68 68 R0 pano_camera3/frame_0246_hp_preview.jpg
-4.537111 0.923926 0.570818 255 68 68 R0 pano_camera3/frame_0247_hp_preview.jpg
-4.221415 0.923107 0.643414 255 68 68 R0 pano_camera3/frame_0248_hp_preview.jpg
-4.185810 0.921042 0.663346 255 68 68 R0 pano_camera3/frame_0249_hp_preview.jpg
-3.559044 0.926030 1.130363 255 68 68 R0 pano_camera3/frame_0250_hp_preview.jpg
-3.548643 0.924611 1.139894 255 68 68 R0 pano_camera3/frame_0251_hp_preview.jpg
-3.245362 0.937796 1.561674 255 68 68 R0 pano_camera3/frame_0252_hp_preview.jpg
-3.097031 0.959609 2.100739 255 68 68 R0 pano_camera3/frame_0253_hp_preview.jpg
-3.369091 0.974138 2.425889 255 68 68 R0 pano_camera3/frame_0254_hp_preview.jpg
-3.411707 0.971058 2.431370 255 68 68 R0 pano_camera3/frame_0255_hp_preview.jpg
-3.843498 1.007202 2.075157 255 68 68 R0 pano_camera3/frame_0256_hp_preview.jpg
-3.974136 1.132130 1.900482 255 68 68 R0 pano_camera3/frame_0257_hp_preview.jpg
-4.023894 1.212950 1.833319 255 68 68 R0 pano_camera3/frame_0258_hp_preview.jpg
-4.102514 1.285512 1.709526 255 68 68 R0 pano_camera3/frame_0259_hp_preview.jpg
-4.284628 1.531911 1.435316 255 68 68 R0 pano_camera3/frame_0260_hp_preview.jpg
-4.287286 1.534577 1.429027 255 68 68 R0 pano_camera3/frame_0261_hp_preview.jpg
-4.501125 1.789996 1.164756 255 68 68 R0 pano_camera3/frame_0262_hp_preview.jpg
-4.511675 1.799263 1.158046 255 68 68 R0 pano_camera3/frame_0263_hp_preview.jpg
-4.617875 1.941279 1.019544 255 68 68 R0 pano_camera3/frame_0264_hp_preview.jpg
-4.781109 2.116446 0.812103 255 68 68 R0 pano_camera3/frame_0265_hp_preview.jpg
-4.827874 2.248662 0.584883 255 68 68 R0 pano_camera3/frame_0266_hp_preview.jpg
-4.815113 2.322622 0.375227 255 68 68 R0 pano_camera3/frame_0267_hp_preview.jpg
-4.613403 2.315039 0.143049 255 68 68 R0 pano_camera3/frame_0268_hp_preview.jpg
-4.240179 2.319601 -0.221782 255 68 68 R0 pano_camera3/frame_0269_hp_preview.jpg
-4.054026 2.336600 -0.376812 255 68 68 R0 pano_camera3/frame_0270_hp_preview.jpg
-3.686228 2.328807 -0.638275 255 68 68 R0 pano_camera3/frame_0271_hp_preview.jpg
-3.345676 2.330738 -0.887776 255 68 68 R0 pano_camera3/frame_0272_hp_preview.jpg
-3.162551 2.339967 -1.034421 255 68 68 R0 pano_camera3/frame_0273_hp_preview.jpg
-2.574146 2.332355 -1.481636 255 68 68 R0 pano_camera3/frame_0274_hp_preview.jpg
-2.515935 2.335841 -1.538048 255 68 68 R0 pano_camera3/frame_0275_hp_preview.jpg
-2.044097 2.336912 -1.910749 255 68 68 R0 pano_camera3/frame_0276_hp_preview.jpg
-1.905581 2.341615 -2.037960 255 68 68 R0 pano_camera3/frame_0277_hp_preview.jpg
-1.487186 2.356525 -2.444841 255 68 68 R0 pano_camera3/frame_0278_hp_preview.jpg
-1.249744 2.352736 -2.614841 255 68 68 R0 pano_camera3/frame_0279_hp_preview.jpg
-0.665292 2.354980 -3.115972 255 68 68 R0 pano_camera3/frame_0280_hp_preview.jpg
-0.552655 2.352316 -3.197966 255 68 68 R0 pano_camera3/frame_0281_hp_preview.jpg
-0.401055 2.346861 -3.351211 255 68 68 R0 pano_camera3/frame_0282_hp_preview.jpg
-0.323174 2.343666 -3.585867 255 68 68 R0 pano_camera3/frame_0283_hp_preview.jpg
-0.502024 2.333240 -3.973022 255 68 68 R0 pano_camera3/frame_0284_hp_preview.jpg
-0.539199 2.330755 -3.999491 255 68 68 R0 pano_camera3/frame_0285_hp_preview.jpg
-0.794367 2.329326 -4.204872 255 68 68 R0 pano_camera3/frame_0286_hp_preview.jpg
-0.994754 2.344182 -4.212671 255 68 68 R0 pano_camera3/frame_0287_hp_preview.jpg
-1.255966 2.353767 -4.227620 255 68 68 R0 pano_camera3/frame_0288_hp_preview.jpg
-1.410896 2.359227 -4.303508 255 68 68 R0 pano_camera3/frame_0289_hp_preview.jpg
-1.517127 2.356547 -4.557450 255 68 68 R0 pano_camera3/frame_0290_hp_preview.jpg
-1.613566 2.344561 -5.105401 255 68 68 R0 pano_camera3/frame_0291_hp_preview.jpg
-1.678647 2.343525 -5.317978 255 68 68 R0 pano_camera3/frame_0292_hp_preview.jpg
-1.721316 2.337698 -5.495208 255 68 68 R0 pano_camera3/frame_0293_hp_preview.jpg
-2.181514 2.321887 -5.940430 255 68 68 R0 pano_camera3/frame_0294_hp_preview.jpg
-2.231654 2.323116 -5.952500 255 68 68 R0 pano_camera3/frame_0295_hp_preview.jpg
-2.773379 2.318555 -5.759770 255 68 68 R0 pano_camera3/frame_0296_hp_preview.jpg
-2.873105 2.325353 -5.413909 255 68 68 R0 pano_camera3/frame_0297_hp_preview.jpg
-2.900476 2.314969 -5.103800 255 68 68 R0 pano_camera3/frame_0298_hp_preview.jpg
-2.912365 2.321776 -4.861687 255 68 68 R0 pano_camera3/frame_0299_hp_preview.jpg
-2.943292 2.328712 -4.399486 255 68 68 R0 pano_camera3/frame_0300_hp_preview.jpg
-2.945774 2.315049 -4.079509 255 68 68 R0 pano_camera3/frame_0301_hp_preview.jpg
-2.915258 2.312039 -3.758386 255 68 68 R0 pano_camera3/frame_0302_hp_preview.jpg
-2.800882 2.326510 -3.320460 255 68 68 R0 pano_camera3/frame_0303_hp_preview.jpg
-2.751191 2.322602 -3.096555 255 68 68 R0 pano_camera3/frame_0304_hp_preview.jpg
-2.687207 2.318960 -2.568165 255 68 68 R0 pano_camera3/frame_0305_hp_preview.jpg
-2.749240 2.311666 -2.042412 255 68 68 R0 pano_camera3/frame_0306_hp_preview.jpg
-2.848031 2.307267 -1.709040 255 68 68 R0 pano_camera3/frame_0307_hp_preview.jpg
-2.893583 2.313474 -1.632227 255 68 68 R0 pano_camera3/frame_0308_hp_preview.jpg
-3.277818 2.316027 -1.347847 255 68 68 R0 pano_camera3/frame_0309_hp_preview.jpg
-3.746075 2.328373 -1.354382 255 68 68 R0 pano_camera3/frame_0310_hp_preview.jpg
-3.976446 2.314829 -1.575417 255 68 68 R0 pano_camera3/frame_0311_hp_preview.jpg
-4.144673 2.325052 -1.990557 255 68 68 R0 pano_camera3/frame_0312_hp_preview.jpg
-4.212660 2.325117 -2.302047 255 68 68 R0 pano_camera3/frame_0313_hp_preview.jpg
-4.245860 2.323622 -2.583865 255 68 68 R0 pano_camera3/frame_0314_hp_preview.jpg
-4.345230 2.323845 -3.270576 255 68 68 R0 pano_camera3/frame_0315_hp_preview.jpg
-4.357139 2.327493 -3.320502 255 68 68 R0 pano_camera3/frame_0316_hp_preview.jpg
-4.471664 2.316685 -3.757194 255 68 68 R0 pano_camera3/frame_0317_hp_preview.jpg
-4.749019 2.306162 -4.151091 255 68 68 R0 pano_camera3/frame_0318_hp_preview.jpg
-4.875899 2.307181 -4.161241 255 68 68 R0 pano_camera3/frame_0319_hp_preview.jpg
-5.220439 2.328653 -4.064956 255 68 68 R0 pano_camera3/frame_0320_hp_preview.jpg
-5.744360 2.333274 -3.585582 255 68 68 R0 pano_camera3/frame_0321_hp_preview.jpg
-5.772522 2.332667 -3.553220 255 68 68 R0 pano_camera3/frame_0322_hp_preview.jpg
-5.888215 2.321294 -3.086972 255 68 68 R0 pano_camera3/frame_0323_hp_preview.jpg
-5.830866 2.331979 -2.611089 255 68 68 R0 pano_camera3/frame_0324_hp_preview.jpg
-5.837207 2.324568 -2.562706 255 68 68 R0 pano_camera3/frame_0325_hp_preview.jpg
-6.054676 2.321059 -2.113294 255 68 68 R0 pano_camera3/frame_0326_hp_preview.jpg
-6.319843 2.318549 -2.063539 255 68 68 R0 pano_camera3/frame_0327_hp_preview.jpg
-6.454398 2.327406 -2.103335 255 68 68 R0 pano_camera3/frame_0328_hp_preview.jpg
-6.647625 2.330917 -2.240943 255 68 68 R0 pano_camera3/frame_0329_hp_preview.jpg
-7.001360 2.335510 -2.372368 255 68 68 R0 pano_camera3/frame_0330_hp_preview.jpg
-7.117804 2.334144 -2.282753 255 68 68 R0 pano_camera3/frame_0331_hp_preview.jpg
-6.966423 2.325155 -1.882587 255 68 68 R0 pano_camera3/frame_0332_hp_preview.jpg
-6.794983 2.317974 -1.753940 255 68 68 R0 pano_camera3/frame_0333_hp_preview.jpg
-6.528174 2.315910 -1.471509 255 68 68 R0 pano_camera3/frame_0334_hp_preview.jpg
-6.426189 2.319345 -1.293347 255 68 68 R0 pano_camera3/frame_0335_hp_preview.jpg
-6.303376 2.311228 -1.100222 255 68 68 R0 pano_camera3/frame_0336_hp_preview.jpg
-6.076771 2.304669 -0.640906 255 68 68 R0 pano_camera3/frame_0337_hp_preview.jpg
-5.966352 2.308673 -0.409975 255 68 68 R0 pano_camera3/frame_0338_hp_preview.jpg
-5.727826 2.305294 0.203572 255 68 68 R0 pano_camera3/frame_0339_hp_preview.jpg
-5.631897 2.332418 0.608024 255 68 68 R0 pano_camera3/frame_0340_hp_preview.jpg
-5.599201 2.326668 0.714729 255 68 68 R0 pano_camera3/frame_0341_hp_preview.jpg
-5.471098 2.329770 1.019205 255 68 68 R0 pano_camera3/frame_0342_hp_preview.jpg
-5.237816 2.336612 1.368667 255 68 68 R0 pano_camera3/frame_0343_hp_preview.jpg
-5.282187 2.345905 1.716299 255 68 68 R0 pano_camera3/frame_0344_hp_preview.jpg
-5.534169 2.346679 1.633253 255 68 68 R0 pano_camera3/frame_0345_hp_preview.jpg
-5.731143 2.341132 1.448664 255 68 68 R0 pano_camera3/frame_0346_hp_preview.jpg
-5.832653 2.339190 1.241274 255 68 68 R0 pano_camera3/frame_0347_hp_preview.jpg
-5.957530 2.338941 1.011021 255 68 68 R0 pano_camera3/frame_0348_hp_preview.jpg
-6.254340 2.326111 0.466059 255 68 68 R0 pano_camera3/frame_0349_hp_preview.jpg
-6.451280 2.311973 0.257656 255 68 68 R0 pano_camera3/frame_0350_hp_preview.jpg
-6.605701 2.306757 0.109651 255 68 68 R0 pano_camera3/frame_0351_hp_preview.jpg
-7.047004 2.308471 -0.094025 255 68 68 R0 pano_camera3/frame_0352_hp_preview.jpg
-7.268861 2.321854 -0.126007 255 68 68 R0 pano_camera3/frame_0353_hp_preview.jpg
-7.628767 2.326634 -0.299013 255 68 68 R0 pano_camera3/frame_0354_hp_preview.jpg
-7.744041 2.337924 -0.476610 255 68 68 R0 pano_camera3/frame_0355_hp_preview.jpg
-7.665509 2.344193 -0.895429 255 68 68 R0 pano_camera3/frame_0356_hp_preview.jpg
-7.592694 2.328519 -1.186347 255 68 68 R0 pano_camera3/frame_0357_hp_preview.jpg
-7.549000 2.309526 -1.269202 255 68 68 R0 pano_camera3/frame_0358_hp_preview.jpg
-7.517492 2.300343 -1.292245 255 68 68 R0 pano_camera3/frame_0359_hp_preview.jpg
-7.565060 2.315389 -1.298283 255 68 68 R0 pano_camera3/frame_0360_hp_preview.jpg
-7.565177 2.314325 -1.302483 255 68 68 R0 pano_camera3/frame_0361_hp_preview.jpg
-7.675005 2.321490 -1.569044 255 68 68 R0 pano_camera3/frame_0362_hp_preview.jpg
-7.807912 2.326013 -1.627014 255 68 68 R0 pano_camera3/frame_0363_hp_preview.jpg
-8.068752 2.355316 -1.644247 255 68 68 R0 pano_camera3/frame_0364_hp_preview.jpg
-8.149675 2.357676 -1.589822 255 68 68 R0 pano_camera3/frame_0365_hp_preview.jpg
-8.194933 2.351146 -1.191919 255 68 68 R0 pano_camera3/frame_0366_hp_preview.jpg
-8.171759 2.348156 -1.131861 255 68 68 R0 pano_camera3/frame_0367_hp_preview.jpg
-8.031922 2.336494 -0.828796 255 68 68 R0 pano_camera3/frame_0368_hp_preview.jpg
-7.732799 2.335995 -0.207553 255 68 68 R0 pano_camera3/frame_0369_hp_preview.jpg
-7.743658 2.308335 -0.004106 255 68 68 R0 pano_camera3/frame_0370_hp_preview.jpg
-7.882288 2.339818 0.136293 255 68 68 R0 pano_camera3/frame_0371_hp_preview.jpg
-8.209683 2.335934 0.076048 255 68 68 R0 pano_camera3/frame_0372_hp_preview.jpg
-8.462091 2.345668 -0.177131 255 68 68 R0 pano_camera3/frame_0373_hp_preview.jpg
-9.071527 2.342224 -0.539504 255 68 68 R0 pano_camera3/frame_0374_hp_preview.jpg
-9.263656 2.351582 -0.551092 255 68 68 R0 pano_camera3/frame_0375_hp_preview.jpg
-9.486327 2.363175 -0.477331 255 68 68 R0 pano_camera3/frame_0376_hp_preview.jpg
-9.661990 2.369214 -0.384699 255 68 68 R0 pano_camera3/frame_0377_hp_preview.jpg
-10.165474 2.399429 0.002762 255 68 68 R0 pano_camera3/frame_0378_hp_preview.jpg
-10.281955 2.390060 0.150910 255 68 68 R0 pano_camera3/frame_0379_hp_preview.jpg
-10.399107 2.388615 0.377664 255 68 68 R0 pano_camera3/frame_0380_hp_preview.jpg
-10.461207 2.269352 0.398962 255 68 68 R0 pano_camera3/frame_0381_hp_preview.jpg
-10.486549 2.140300 0.550958 255 68 68 R0 pano_camera3/frame_0382_hp_preview.jpg
-10.439896 2.345778 0.815700 255 68 68 R0 pano_camera3/frame_0383_hp_preview.jpg
-10.410526 2.359294 0.813759 255 68 68 R0 pano_camera3/frame_0384_hp_preview.jpg
-10.249956 2.370975 1.011378 255 68 68 R0 pano_camera3/frame_0385_hp_preview.jpg
-9.933187 2.381340 1.453448 255 68 68 R0 pano_camera3/frame_0386_hp_preview.jpg
-9.807975 2.380876 1.672247 255 68 68 R0 pano_camera3/frame_0387_hp_preview.jpg
-9.355329 2.383418 2.315472 255 68 68 R0 pano_camera3/frame_0388_hp_preview.jpg
-9.033271 2.375777 2.703613 255 68 68 R0 pano_camera3/frame_0389_hp_preview.jpg
-8.887511 2.365310 2.846912 255 68 68 R0 pano_camera3/frame_0390_hp_preview.jpg
-8.473196 2.370048 3.037945 255 68 68 R0 pano_camera3/frame_0391_hp_preview.jpg
-8.388742 2.366360 2.993467 255 68 68 R0 pano_camera3/frame_0392_hp_preview.jpg
-8.429153 2.365614 2.804422 255 68 68 R0 pano_camera3/frame_0393_hp_preview.jpg
-8.600744 2.356947 2.661615 255 68 68 R0 pano_camera3/frame_0394_hp_preview.jpg
-8.895951 2.350871 2.432310 255 68 68 R0 pano_camera3/frame_0395_hp_preview.jpg
-9.106399 2.351060 2.106867 255 68 68 R0 pano_camera3/frame_0396_hp_preview.jpg
-8.908634 2.368279 1.682909 255 68 68 R0 pano_camera3/frame_0397_hp_preview.jpg
-8.772078 2.364917 1.580618 255 68 68 R0 pano_camera3/frame_0398_hp_preview.jpg
-8.293757 2.368596 1.561476 255 68 68 R0 pano_camera3/frame_0399_hp_preview.jpg
-7.917137 2.353839 1.915755 255 68 68 R0 pano_camera3/frame_0400_hp_preview.jpg
-7.641713 2.351799 2.215374 255 68 68 R0 pano_camera3/frame_0401_hp_preview.jpg
-7.621294 2.350903 2.233719 255 68 68 R0 pano_camera3/frame_0402_hp_preview.jpg
-7.365419 2.346792 2.521492 255 68 68 R0 pano_camera3/frame_0403_hp_preview.jpg
-6.844625 2.344812 2.514790 255 68 68 R0 pano_camera3/frame_0404_hp_preview.jpg
-6.816026 2.350730 2.484914 255 68 68 R0 pano_camera3/frame_0405_hp_preview.jpg
-6.662094 2.358365 2.027209 255 68 68 R0 pano_camera3/frame_0406_hp_preview.jpg
-6.926036 2.343942 1.667180 255 68 68 R0 pano_camera3/frame_0407_hp_preview.jpg
-7.071154 2.347305 1.483538 255 68 68 R0 pano_camera3/frame_0408_hp_preview.jpg
-7.182935 2.340438 1.352003 255 68 68 R0 pano_camera3/frame_0409_hp_preview.jpg
-7.293305 2.354426 1.006713 255 68 68 R0 pano_camera3/frame_0410_hp_preview.jpg
-6.970871 2.342845 0.469856 255 68 68 R0 pano_camera3/frame_0411_hp_preview.jpg
-6.909220 2.334509 0.412354 255 68 68 R0 pano_camera3/frame_0412_hp_preview.jpg
-6.777212 2.336931 0.229817 255 68 68 R0 pano_camera3/frame_0413_hp_preview.jpg
-6.798269 2.339222 0.224496 255 68 68 R0 pano_camera3/frame_0414_hp_preview.jpg
-6.799723 2.339564 0.225956 255 68 68 R0 pano_camera3/frame_0415_hp_preview.jpg
-6.796244 2.334987 0.224538 255 68 68 R0 pano_camera3/frame_0416_hp_preview.jpg
-0.000503 0.944849 2.343401 255 68 68 R0 pano_camera4/frame_0140_hp_preview.jpg
0.127152 0.952255 2.470917 255 68 68 R0 pano_camera4/frame_0141_hp_preview.jpg
0.345429 0.951573 2.711594 255 68 68 R0 pano_camera4/frame_0142_hp_preview.jpg
0.502324 0.951794 2.810171 255 68 68 R0 pano_camera4/frame_0143_hp_preview.jpg
0.677917 0.968406 2.758326 255 68 68 R0 pano_camera4/frame_0144_hp_preview.jpg
0.736265 0.972193 2.581650 255 68 68 R0 pano_camera4/frame_0145_hp_preview.jpg
-0.125404 0.955986 2.770285 255 68 68 R0 pano_camera4/frame_0157_hp_preview.jpg
-0.263144 0.958433 2.856214 255 68 68 R0 pano_camera4/frame_0158_hp_preview.jpg
-0.312295 0.963855 2.953904 255 68 68 R0 pano_camera4/frame_0159_hp_preview.jpg
-0.561025 0.957106 3.562585 255 68 68 R0 pano_camera4/frame_0160_hp_preview.jpg
-0.768483 0.955631 3.824569 255 68 68 R0 pano_camera4/frame_0161_hp_preview.jpg
-1.069813 0.968974 4.113578 255 68 68 R0 pano_camera4/frame_0162_hp_preview.jpg
-1.277238 0.974847 4.273301 255 68 68 R0 pano_camera4/frame_0163_hp_preview.jpg
-1.502433 0.984363 4.415485 255 68 68 R0 pano_camera4/frame_0164_hp_preview.jpg
-1.899823 0.985504 4.402460 255 68 68 R0 pano_camera4/frame_0165_hp_preview.jpg
-2.060882 0.982714 4.269399 255 68 68 R0 pano_camera4/frame_0166_hp_preview.jpg
-2.307596 0.982794 3.909548 255 68 68 R0 pano_camera4/frame_0167_hp_preview.jpg
-2.255313 0.974365 3.522919 255 68 68 R0 pano_camera4/frame_0168_hp_preview.jpg
-2.165367 0.984274 3.406748 255 68 68 R0 pano_camera4/frame_0169_hp_preview.jpg
-1.629586 0.965048 2.874857 255 68 68 R0 pano_camera4/frame_0170_hp_preview.jpg
-1.557028 0.978276 2.805280 255 68 68 R0 pano_camera4/frame_0171_hp_preview.jpg
-1.217326 0.960066 2.479847 255 68 68 R0 pano_camera4/frame_0172_hp_preview.jpg
-1.140000 0.965073 2.099597 255 68 68 R0 pano_camera4/frame_0173_hp_preview.jpg
-1.344241 0.968618 1.763768 255 68 68 R0 pano_camera4/frame_0174_hp_preview.jpg
-1.353355 0.971533 1.758255 255 68 68 R0 pano_camera4/frame_0175_hp_preview.jpg
-1.784568 0.964901 1.663902 255 68 68 R0 pano_camera4/frame_0176_hp_preview.jpg
-2.028736 0.975103 1.712353 255 68 68 R0 pano_camera4/frame_0177_hp_preview.jpg
-2.490604 0.974555 1.729992 255 68 68 R0 pano_camera4/frame_0178_hp_preview.jpg
-2.811919 0.975523 1.481544 255 68 68 R0 pano_camera4/frame_0179_hp_preview.jpg
-2.853987 0.972666 1.287910 255 68 68 R0 pano_camera4/frame_0180_hp_preview.jpg
-2.721837 0.955305 1.050280 255 68 68 R0 pano_camera4/frame_0181_hp_preview.jpg
-2.526581 0.950941 0.888980 255 68 68 R0 pano_camera4/frame_0182_hp_preview.jpg
-2.301835 0.957754 0.569828 255 68 68 R0 pano_camera4/frame_0183_hp_preview.jpg
-2.453286 0.945561 0.421229 255 68 68 R0 pano_camera4/frame_0184_hp_preview.jpg
-2.607000 0.947509 0.470016 255 68 68 R0 pano_camera4/frame_0185_hp_preview.jpg
-2.800073 0.944558 0.613932 255 68 68 R0 pano_camera4/frame_0186_hp_preview.jpg
-2.998844 0.947152 0.749435 255 68 68 R0 pano_camera4/frame_0187_hp_preview.jpg
-3.298533 0.951609 0.853976 255 68 68 R0 pano_camera4/frame_0188_hp_preview.jpg
-3.601765 0.952726 0.765866 255 68 68 R0 pano_camera4/frame_0189_hp_preview.jpg
-3.632619 0.958267 0.746732 255 68 68 R0 pano_camera4/frame_0190_hp_preview.jpg
-3.799583 0.958894 0.532038 255 68 68 R0 pano_camera4/frame_0191_hp_preview.jpg
-3.801380 0.959004 0.172087 255 68 68 R0 pano_camera4/frame_0192_hp_preview.jpg
-3.669732 0.949175 -0.078925 255 68 68 R0 pano_camera4/frame_0193_hp_preview.jpg
-3.449330 0.936112 -0.361738 255 68 68 R0 pano_camera4/frame_0194_hp_preview.jpg
-3.310802 0.938903 -0.574592 255 68 68 R0 pano_camera4/frame_0195_hp_preview.jpg
-3.338700 0.925176 -0.778856 255 68 68 R0 pano_camera4/frame_0196_hp_preview.jpg
-3.537976 0.925074 -1.150984 255 68 68 R0 pano_camera4/frame_0197_hp_preview.jpg
-3.915215 0.939126 -1.631825 255 68 68 R0 pano_camera4/frame_0198_hp_preview.jpg
-4.025563 0.944111 -1.772579 255 68 68 R0 pano_camera4/frame_0199_hp_preview.jpg
-4.648354 0.974954 -2.340663 255 68 68 R0 pano_camera4/frame_0200_hp_preview.jpg
-4.640297 1.019361 -2.435133 255 68 68 R0 pano_camera4/frame_0201_hp_preview.jpg
-4.675662 0.951523 -1.198305 255 68 68 R0 pano_camera4/frame_0226_hp_preview.jpg
-5.282114 0.964448 0.074016 255 68 68 R0 pano_camera4/frame_0240_hp_preview.jpg
-5.267497 0.957277 0.139838 255 68 68 R0 pano_camera4/frame_0241_hp_preview.jpg
-5.370899 0.953947 0.417167 255 68 68 R0 pano_camera4/frame_0242_hp_preview.jpg
-5.252969 0.951761 0.579525 255 68 68 R0 pano_camera4/frame_0243_hp_preview.jpg
-5.039573 0.948115 0.564469 255 68 68 R0 pano_camera4/frame_0244_hp_preview.jpg
-4.936170 0.944205 0.582296 255 68 68 R0 pano_camera4/frame_0245_hp_preview.jpg
-4.664445 0.917980 0.645184 255 68 68 R0 pano_camera4/frame_0246_hp_preview.jpg
-4.537111 0.923926 0.570818 255 68 68 R0 pano_camera4/frame_0247_hp_preview.jpg
-4.221415 0.923107 0.643414 255 68 68 R0 pano_camera4/frame_0248_hp_preview.jpg
-4.185810 0.921042 0.663346 255 68 68 R0 pano_camera4/frame_0249_hp_preview.jpg
-3.559044 0.926030 1.130363 255 68 68 R0 pano_camera4/frame_0250_hp_preview.jpg
-3.548643 0.924611 1.139894 255 68 68 R0 pano_camera4/frame_0251_hp_preview.jpg
-3.245362 0.937796 1.561674 255 68 68 R0 pano_camera4/frame_0252_hp_preview.jpg
-3.097031 0.959609 2.100739 255 68 68 R0 pano_camera4/frame_0253_hp_preview.jpg
-3.369091 0.974138 2.425889 255 68 68 R0 pano_camera4/frame_0254_hp_preview.jpg
-3.411707 0.971058 2.431370 255 68 68 R0 pano_camera4/frame_0255_hp_preview.jpg
-3.843498 1.007202 2.075157 255 68 68 R0 pano_camera4/frame_0256_hp_preview.jpg
-3.974136 1.132130 1.900482 255 68 68 R0 pano_camera4/frame_0257_hp_preview.jpg
-4.023894 1.212950 1.833319 255 68 68 R0 pano_camera4/frame_0258_hp_preview.jpg
-4.102514 1.285512 1.709526 255 68 68 R0 pano_camera4/frame_0259_hp_preview.jpg
-4.284628 1.531911 1.435316 255 68 68 R0 pano_camera4/frame_0260_hp_preview.jpg
-4.287286 1.534577 1.429027 255 68 68 R0 pano_camera4/frame_0261_hp_preview.jpg
-4.501125 1.789996 1.164756 255 68 68 R0 pano_camera4/frame_0262_hp_preview.jpg
-4.511675 1.799263 1.158046 255 68 68 R0 pano_camera4/frame_0263_hp_preview.jpg
-4.617875 1.941279 1.019544 255 68 68 R0 pano_camera4/frame_0264_hp_preview.jpg
-4.781109 2.116446 0.812103 255 68 68 R0 pano_camera4/frame_0265_hp_preview.jpg
-4.827874 2.248662 0.584883 255 68 68 R0 pano_camera4/frame_0266_hp_preview.jpg
-4.815113 2.322622 0.375227 255 68 68 R0 pano_camera4/frame_0267_hp_preview.jpg
-4.613403 2.315039 0.143049 255 68 68 R0 pano_camera4/frame_0268_hp_preview.jpg
-4.240179 2.319601 -0.221782 255 68 68 R0 pano_camera4/frame_0269_hp_preview.jpg
-4.054026 2.336600 -0.376812 255 68 68 R0 pano_camera4/frame_0270_hp_preview.jpg
-3.686228 2.328807 -0.638275 255 68 68 R0 pano_camera4/frame_0271_hp_preview.jpg
-3.345676 2.330738 -0.887776 255 68 68 R0 pano_camera4/frame_0272_hp_preview.jpg
-3.162551 2.339967 -1.034421 255 68 68 R0 pano_camera4/frame_0273_hp_preview.jpg
-2.574146 2.332355 -1.481636 255 68 68 R0 pano_camera4/frame_0274_hp_preview.jpg
-2.515935 2.335841 -1.538048 255 68 68 R0 pano_camera4/frame_0275_hp_preview.jpg
-2.044097 2.336912 -1.910749 255 68 68 R0 pano_camera4/frame_0276_hp_preview.jpg
-1.905581 2.341615 -2.037960 255 68 68 R0 pano_camera4/frame_0277_hp_preview.jpg
-1.487186 2.356525 -2.444841 255 68 68 R0 pano_camera4/frame_0278_hp_preview.jpg
-1.249744 2.352736 -2.614841 255 68 68 R0 pano_camera4/frame_0279_hp_preview.jpg
-0.665292 2.354980 -3.115972 255 68 68 R0 pano_camera4/frame_0280_hp_preview.jpg
-0.552655 2.352316 -3.197966 255 68 68 R0 pano_camera4/frame_0281_hp_preview.jpg
-0.401055 2.346861 -3.351211 255 68 68 R0 pano_camera4/frame_0282_hp_preview.jpg
-0.323174 2.343666 -3.585867 255 68 68 R0 pano_camera4/frame_0283_hp_preview.jpg
-0.502024 2.333240 -3.973022 255 68 68 R0 pano_camera4/frame_0284_hp_preview.jpg
-0.539199 2.330755 -3.999491 255 68 68 R0 pano_camera4/frame_0285_hp_preview.jpg
-0.794367 2.329326 -4.204872 255 68 68 R0 pano_camera4/frame_0286_hp_preview.jpg
-0.994754 2.344182 -4.212671 255 68 68 R0 pano_camera4/frame_0287_hp_preview.jpg
-1.255966 2.353767 -4.227620 255 68 68 R0 pano_camera4/frame_0288_hp_preview.jpg
-1.410896 2.359227 -4.303508 255 68 68 R0 pano_camera4/frame_0289_hp_preview.jpg
-1.517127 2.356547 -4.557450 255 68 68 R0 pano_camera4/frame_0290_hp_preview.jpg
-1.613566 2.344561 -5.105401 255 68 68 R0 pano_camera4/frame_0291_hp_preview.jpg
-1.678647 2.343525 -5.317978 255 68 68 R0 pano_camera4/frame_0292_hp_preview.jpg
-1.721316 2.337698 -5.495208 255 68 68 R0 pano_camera4/frame_0293_hp_preview.jpg
-2.181514 2.321887 -5.940430 255 68 68 R0 pano_camera4/frame_0294_hp_preview.jpg
-2.231654 2.323116 -5.952500 255 68 68 R0 pano_camera4/frame_0295_hp_preview.jpg
-2.773379 2.318555 -5.759770 255 68 68 R0 pano_camera4/frame_0296_hp_preview.jpg
-2.873105 2.325353 -5.413909 255 68 68 R0 pano_camera4/frame_0297_hp_preview.jpg
-2.900476 2.314969 -5.103800 255 68 68 R0 pano_camera4/frame_0298_hp_preview.jpg
-2.912365 2.321776 -4.861687 255 68 68 R0 pano_camera4/frame_0299_hp_preview.jpg
-2.943292 2.328712 -4.399486 255 68 68 R0 pano_camera4/frame_0300_hp_preview.jpg
-2.945774 2.315049 -4.079509 255 68 68 R0 pano_camera4/frame_0301_hp_preview.jpg
-2.915258 2.312039 -3.758386 255 68 68 R0 pano_camera4/frame_0302_hp_preview.jpg
-2.800882 2.326510 -3.320460 255 68 68 R0 pano_camera4/frame_0303_hp_preview.jpg
-2.751191 2.322602 -3.096555 255 68 68 R0 pano_camera4/frame_0304_hp_preview.jpg
-2.687207 2.318960 -2.568165 255 68 68 R0 pano_camera4/frame_0305_hp_preview.jpg
-2.749240 2.311666 -2.042412 255 68 68 R0 pano_camera4/frame_0306_hp_preview.jpg
-2.848031 2.307267 -1.709040 255 68 68 R0 pano_camera4/frame_0307_hp_preview.jpg
-2.893583 2.313474 -1.632227 255 68 68 R0 pano_camera4/frame_0308_hp_preview.jpg
-3.277818 2.316027 -1.347847 255 68 68 R0 pano_camera4/frame_0309_hp_preview.jpg
-3.746075 2.328373 -1.354382 255 68 68 R0 pano_camera4/frame_0310_hp_preview.jpg
-3.976446 2.314829 -1.575417 255 68 68 R0 pano_camera4/frame_0311_hp_preview.jpg
-4.144673 2.325052 -1.990557 255 68 68 R0 pano_camera4/frame_0312_hp_preview.jpg
-4.212660 2.325117 -2.302047 255 68 68 R0 pano_camera4/frame_0313_hp_preview.jpg
-4.245860 2.323622 -2.583865 255 68 68 R0 pano_camera4/frame_0314_hp_preview.jpg
-4.345230 2.323845 -3.270576 255 68 68 R0 pano_camera4/frame_0315_hp_preview.jpg
-4.357139 2.327493 -3.320502 255 68 68 R0 pano_camera4/frame_0316_hp_preview.jpg
-4.471664 2.316685 -3.757194 255 68 68 R0 pano_camera4/frame_0317_hp_preview.jpg
-4.749019 2.306162 -4.151091 255 68 68 R0 pano_camera4/frame_0318_hp_preview.jpg
-4.875899 2.307181 -4.161241 255 68 68 R0 pano_camera4/frame_0319_hp_preview.jpg
-5.220439 2.328653 -4.064956 255 68 68 R0 pano_camera4/frame_0320_hp_preview.jpg
-5.744360 2.333274 -3.585582 255 68 68 R0 pano_camera4/frame_0321_hp_preview.jpg
-5.772522 2.332667 -3.553220 255 68 68 R0 pano_camera4/frame_0322_hp_preview.jpg
-5.888215 2.321294 -3.086972 255 68 68 R0 pano_camera4/frame_0323_hp_preview.jpg
-5.830866 2.331979 -2.611089 255 68 68 R0 pano_camera4/frame_0324_hp_preview.jpg
-5.837207 2.324568 -2.562706 255 68 68 R0 pano_camera4/frame_0325_hp_preview.jpg
-6.054676 2.321059 -2.113294 255 68 68 R0 pano_camera4/frame_0326_hp_preview.jpg
-6.319843 2.318549 -2.063539 255 68 68 R0 pano_camera4/frame_0327_hp_preview.jpg
-6.454398 2.327406 -2.103335 255 68 68 R0 pano_camera4/frame_0328_hp_preview.jpg
-6.647625 2.330917 -2.240943 255 68 68 R0 pano_camera4/frame_0329_hp_preview.jpg
-7.001360 2.335510 -2.372368 255 68 68 R0 pano_camera4/frame_0330_hp_preview.jpg
-7.117804 2.334144 -2.282753 255 68 68 R0 pano_camera4/frame_0331_hp_preview.jpg
-6.966423 2.325155 -1.882587 255 68 68 R0 pano_camera4/frame_0332_hp_preview.jpg
-6.794983 2.317974 -1.753940 255 68 68 R0 pano_camera4/frame_0333_hp_preview.jpg
-6.528174 2.315910 -1.471509 255 68 68 R0 pano_camera4/frame_0334_hp_preview.jpg
-6.426189 2.319345 -1.293347 255 68 68 R0 pano_camera4/frame_0335_hp_preview.jpg
-6.303376 2.311228 -1.100222 255 68 68 R0 pano_camera4/frame_0336_hp_preview.jpg
-6.076771 2.304669 -0.640906 255 68 68 R0 pano_camera4/frame_0337_hp_preview.jpg
-5.966352 2.308673 -0.409975 255 68 68 R0 pano_camera4/frame_0338_hp_preview.jpg
-5.727826 2.305294 0.203572 255 68 68 R0 pano_camera4/frame_0339_hp_preview.jpg
-5.631897 2.332418 0.608024 255 68 68 R0 pano_camera4/frame_0340_hp_preview.jpg
-5.599201 2.326668 0.714729 255 68 68 R0 pano_camera4/frame_0341_hp_preview.jpg
-5.471098 2.329770 1.019205 255 68 68 R0 pano_camera4/frame_0342_hp_preview.jpg
-5.237816 2.336612 1.368667 255 68 68 R0 pano_camera4/frame_0343_hp_preview.jpg
-5.282187 2.345905 1.716299 255 68 68 R0 pano_camera4/frame_0344_hp_preview.jpg
-5.534169 2.346679 1.633253 255 68 68 R0 pano_camera4/frame_0345_hp_preview.jpg
-5.731143 2.341132 1.448664 255 68 68 R0 pano_camera4/frame_0346_hp_preview.jpg
-5.832653 2.339190 1.241274 255 68 68 R0 pano_camera4/frame_0347_hp_preview.jpg
-5.957530 2.338941 1.011021 255 68 68 R0 pano_camera4/frame_0348_hp_preview.jpg
-6.254340 2.326111 0.466059 255 68 68 R0 pano_camera4/frame_0349_hp_preview.jpg
-6.451280 2.311973 0.257656 255 68 68 R0 pano_camera4/frame_0350_hp_preview.jpg
-6.605701 2.306757 0.109651 255 68 68 R0 pano_camera4/frame_0351_hp_preview.jpg
-7.047004 2.308471 -0.094025 255 68 68 R0 pano_camera4/frame_0352_hp_preview.jpg
-7.268861 2.321854 -0.126007 255 68 68 R0 pano_camera4/frame_0353_hp_preview.jpg
-7.628767 2.326634 -0.299013 255 68 68 R0 pano_camera4/frame_0354_hp_preview.jpg
-7.744041 2.337924 -0.476610 255 68 68 R0 pano_camera4/frame_0355_hp_preview.jpg
-7.665509 2.344193 -0.895429 255 68 68 R0 pano_camera4/frame_0356_hp_preview.jpg
-7.592694 2.328519 -1.186347 255 68 68 R0 pano_camera4/frame_0357_hp_preview.jpg
-7.549000 2.309526 -1.269202 255 68 68 R0 pano_camera4/frame_0358_hp_preview.jpg
-7.517492 2.300343 -1.292245 255 68 68 R0 pano_camera4/frame_0359_hp_preview.jpg
-7.565060 2.315389 -1.298283 255 68 68 R0 pano_camera4/frame_0360_hp_preview.jpg
-7.565177 2.314325 -1.302483 255 68 68 R0 pano_camera4/frame_0361_hp_preview.jpg
-7.675005 2.321490 -1.569044 255 68 68 R0 pano_camera4/frame_0362_hp_preview.jpg
-7.807912 2.326013 -1.627014 255 68 68 R0 pano_camera4/frame_0363_hp_preview.jpg
-8.068752 2.355316 -1.644247 255 68 68 R0 pano_camera4/frame_0364_hp_preview.jpg
-8.149675 2.357676 -1.589822 255 68 68 R0 pano_camera4/frame_0365_hp_preview.jpg
-8.194933 2.351146 -1.191919 255 68 68 R0 pano_camera4/frame_0366_hp_preview.jpg
-8.171759 2.348156 -1.131861 255 68 68 R0 pano_camera4/frame_0367_hp_preview.jpg
-8.031922 2.336494 -0.828796 255 68 68 R0 pano_camera4/frame_0368_hp_preview.jpg
-7.732799 2.335995 -0.207553 255 68 68 R0 pano_camera4/frame_0369_hp_preview.jpg
-7.743658 2.308335 -0.004106 255 68 68 R0 pano_camera4/frame_0370_hp_preview.jpg
-7.882288 2.339818 0.136293 255 68 68 R0 pano_camera4/frame_0371_hp_preview.jpg
-8.209683 2.335934 0.076048 255 68 68 R0 pano_camera4/frame_0372_hp_preview.jpg
-8.462091 2.345668 -0.177131 255 68 68 R0 pano_camera4/frame_0373_hp_preview.jpg
-9.071527 2.342224 -0.539504 255 68 68 R0 pano_camera4/frame_0374_hp_preview.jpg
-9.263656 2.351582 -0.551092 255 68 68 R0 pano_camera4/frame_0375_hp_preview.jpg
-9.486327 2.363175 -0.477331 255 68 68 R0 pano_camera4/frame_0376_hp_preview.jpg
-9.661990 2.369214 -0.384699 255 68 68 R0 pano_camera4/frame_0377_hp_preview.jpg
-10.165474 2.399429 0.002762 255 68 68 R0 pano_camera4/frame_0378_hp_preview.jpg
-10.281955 2.390060 0.150910 255 68 68 R0 pano_camera4/frame_0379_hp_preview.jpg
-10.399107 2.388615 0.377664 255 68 68 R0 pano_camera4/frame_0380_hp_preview.jpg
-10.461207 2.269352 0.398962 255 68 68 R0 pano_camera4/frame_0381_hp_preview.jpg
-10.486549 2.140300 0.550958 255 68 68 R0 pano_camera4/frame_0382_hp_preview.jpg
-10.439896 2.345778 0.815700 255 68 68 R0 pano_camera4/frame_0383_hp_preview.jpg
-10.410526 2.359294 0.813759 255 68 68 R0 pano_camera4/frame_0384_hp_preview.jpg
-10.249956 2.370975 1.011378 255 68 68 R0 pano_camera4/frame_0385_hp_preview.jpg
-9.933187 2.381340 1.453448 255 68 68 R0 pano_camera4/frame_0386_hp_preview.jpg
-9.807975 2.380876 1.672247 255 68 68 R0 pano_camera4/frame_0387_hp_preview.jpg
-9.355329 2.383418 2.315472 255 68 68 R0 pano_camera4/frame_0388_hp_preview.jpg
-9.033271 2.375777 2.703613 255 68 68 R0 pano_camera4/frame_0389_hp_preview.jpg
-8.887511 2.365310 2.846912 255 68 68 R0 pano_camera4/frame_0390_hp_preview.jpg
-8.473196 2.370048 3.037945 255 68 68 R0 pano_camera4/frame_0391_hp_preview.jpg
-8.388742 2.366360 2.993467 255 68 68 R0 pano_camera4/frame_0392_hp_preview.jpg
-8.429153 2.365614 2.804422 255 68 68 R0 pano_camera4/frame_0393_hp_preview.jpg
-8.600744 2.356947 2.661615 255 68 68 R0 pano_camera4/frame_0394_hp_preview.jpg
-8.895951 2.350871 2.432310 255 68 68 R0 pano_camera4/frame_0395_hp_preview.jpg
-9.106399 2.351060 2.106867 255 68 68 R0 pano_camera4/frame_0396_hp_preview.jpg
-8.908634 2.368279 1.682909 255 68 68 R0 pano_camera4/frame_0397_hp_preview.jpg
-8.772078 2.364917 1.580618 255 68 68 R0 pano_camera4/frame_0398_hp_preview.jpg
-8.293757 2.368596 1.561476 255 68 68 R0 pano_camera4/frame_0399_hp_preview.jpg
-7.917137 2.353839 1.915755 255 68 68 R0 pano_camera4/frame_0400_hp_preview.jpg
-7.641713 2.351799 2.215374 255 68 68 R0 pano_camera4/frame_0401_hp_preview.jpg
-7.621294 2.350903 2.233719 255 68 68 R0 pano_camera4/frame_0402_hp_preview.jpg
-7.365419 2.346792 2.521492 255 68 68 R0 pano_camera4/frame_0403_hp_preview.jpg
-6.844625 2.344812 2.514790 255 68 68 R0 pano_camera4/frame_0404_hp_preview.jpg
-6.816026 2.350730 2.484914 255 68 68 R0 pano_camera4/frame_0405_hp_preview.jpg
-6.662094 2.358365 2.027209 255 68 68 R0 pano_camera4/frame_0406_hp_preview.jpg
-6.926036 2.343942 1.667180 255 68 68 R0 pano_camera4/frame_0407_hp_preview.jpg
-7.071154 2.347305 1.483538 255 68 68 R0 pano_camera4/frame_0408_hp_preview.jpg
-7.182935 2.340438 1.352003 255 68 68 R0 pano_camera4/frame_0409_hp_preview.jpg
-7.293305 2.354426 1.006713 255 68 68 R0 pano_camera4/frame_0410_hp_preview.jpg
-6.970871 2.342845 0.469856 255 68 68 R0 pano_camera4/frame_0411_hp_preview.jpg
-6.909220 2.334509 0.412354 255 68 68 R0 pano_camera4/frame_0412_hp_preview.jpg
-6.777212 2.336931 0.229817 255 68 68 R0 pano_camera4/frame_0413_hp_preview.jpg
-6.798269 2.339222 0.224496 255 68 68 R0 pano_camera4/frame_0414_hp_preview.jpg
-6.799723 2.339564 0.225956 255 68 68 R0 pano_camera4/frame_0415_hp_preview.jpg
-6.796244 2.334987 0.224538 255 68 68 R0 pano_camera4/frame_0416_hp_preview.jpg
-0.000503 0.944849 2.343401 255 68 68 R0 pano_camera5/frame_0140_hp_preview.jpg
0.127152 0.952255 2.470917 255 68 68 R0 pano_camera5/frame_0141_hp_preview.jpg
0.345429 0.951573 2.711594 255 68 68 R0 pano_camera5/frame_0142_hp_preview.jpg
0.502324 0.951794 2.810171 255 68 68 R0 pano_camera5/frame_0143_hp_preview.jpg
0.677917 0.968406 2.758326 255 68 68 R0 pano_camera5/frame_0144_hp_preview.jpg
0.736265 0.972193 2.581650 255 68 68 R0 pano_camera5/frame_0145_hp_preview.jpg
-0.125404 0.955986 2.770285 255 68 68 R0 pano_camera5/frame_0157_hp_preview.jpg
-0.263144 0.958433 2.856214 255 68 68 R0 pano_camera5/frame_0158_hp_preview.jpg
-0.312295 0.963855 2.953904 255 68 68 R0 pano_camera5/frame_0159_hp_preview.jpg
-0.561025 0.957106 3.562585 255 68 68 R0 pano_camera5/frame_0160_hp_preview.jpg
-0.768483 0.955631 3.824569 255 68 68 R0 pano_camera5/frame_0161_hp_preview.jpg
-1.069813 0.968974 4.113578 255 68 68 R0 pano_camera5/frame_0162_hp_preview.jpg
-1.277238 0.974847 4.273301 255 68 68 R0 pano_camera5/frame_0163_hp_preview.jpg
-1.502433 0.984363 4.415485 255 68 68 R0 pano_camera5/frame_0164_hp_preview.jpg
-1.899823 0.985504 4.402460 255 68 68 R0 pano_camera5/frame_0165_hp_preview.jpg
-2.060882 0.982714 4.269399 255 68 68 R0 pano_camera5/frame_0166_hp_preview.jpg
-2.307596 0.982794 3.909548 255 68 68 R0 pano_camera5/frame_0167_hp_preview.jpg
-2.255313 0.974365 3.522919 255 68 68 R0 pano_camera5/frame_0168_hp_preview.jpg
-2.165367 0.984274 3.406748 255 68 68 R0 pano_camera5/frame_0169_hp_preview.jpg
-1.629586 0.965048 2.874857 255 68 68 R0 pano_camera5/frame_0170_hp_preview.jpg
-1.557028 0.978276 2.805280 255 68 68 R0 pano_camera5/frame_0171_hp_preview.jpg
-1.217326 0.960066 2.479847 255 68 68 R0 pano_camera5/frame_0172_hp_preview.jpg
-1.140000 0.965073 2.099597 255 68 68 R0 pano_camera5/frame_0173_hp_preview.jpg
-1.344241 0.968618 1.763768 255 68 68 R0 pano_camera5/frame_0174_hp_preview.jpg
-1.353355 0.971533 1.758255 255 68 68 R0 pano_camera5/frame_0175_hp_preview.jpg
-1.784568 0.964901 1.663902 255 68 68 R0 pano_camera5/frame_0176_hp_preview.jpg
-2.028736 0.975103 1.712353 255 68 68 R0 pano_camera5/frame_0177_hp_preview.jpg
-2.490604 0.974555 1.729992 255 68 68 R0 pano_camera5/frame_0178_hp_preview.jpg
-2.811919 0.975523 1.481544 255 68 68 R0 pano_camera5/frame_0179_hp_preview.jpg
-2.853987 0.972666 1.287910 255 68 68 R0 pano_camera5/frame_0180_hp_preview.jpg
-2.721837 0.955305 1.050280 255 68 68 R0 pano_camera5/frame_0181_hp_preview.jpg
-2.526581 0.950941 0.888980 255 68 68 R0 pano_camera5/frame_0182_hp_preview.jpg
-2.301835 0.957754 0.569828 255 68 68 R0 pano_camera5/frame_0183_hp_preview.jpg
-2.453286 0.945561 0.421229 255 68 68 R0 pano_camera5/frame_0184_hp_preview.jpg
-2.607000 0.947509 0.470016 255 68 68 R0 pano_camera5/frame_0185_hp_preview.jpg
-2.800073 0.944558 0.613932 255 68 68 R0 pano_camera5/frame_0186_hp_preview.jpg
-2.998844 0.947152 0.749435 255 68 68 R0 pano_camera5/frame_0187_hp_preview.jpg
-3.298533 0.951609 0.853976 255 68 68 R0 pano_camera5/frame_0188_hp_preview.jpg
-3.601765 0.952726 0.765866 255 68 68 R0 pano_camera5/frame_0189_hp_preview.jpg
-3.632619 0.958267 0.746732 255 68 68 R0 pano_camera5/frame_0190_hp_preview.jpg
-3.799583 0.958894 0.532038 255 68 68 R0 pano_camera5/frame_0191_hp_preview.jpg
-3.801380 0.959004 0.172087 255 68 68 R0 pano_camera5/frame_0192_hp_preview.jpg
-3.669732 0.949175 -0.078925 255 68 68 R0 pano_camera5/frame_0193_hp_preview.jpg
-3.449330 0.936112 -0.361738 255 68 68 R0 pano_camera5/frame_0194_hp_preview.jpg
-3.310802 0.938903 -0.574592 255 68 68 R0 pano_camera5/frame_0195_hp_preview.jpg
-3.338700 0.925176 -0.778856 255 68 68 R0 pano_camera5/frame_0196_hp_preview.jpg
-3.537976 0.925074 -1.150984 255 68 68 R0 pano_camera5/frame_0197_hp_preview.jpg
-3.915215 0.939126 -1.631825 255 68 68 R0 pano_camera5/frame_0198_hp_preview.jpg
-4.025563 0.944111 -1.772579 255 68 68 R0 pano_camera5/frame_0199_hp_preview.jpg
-4.648354 0.974954 -2.340663 255 68 68 R0 pano_camera5/frame_0200_hp_preview.jpg
-4.640297 1.019361 -2.435133 255 68 68 R0 pano_camera5/frame_0201_hp_preview.jpg
-4.675662 0.951523 -1.198305 255 68 68 R0 pano_camera5/frame_0226_hp_preview.jpg
-5.282114 0.964448 0.074016 255 68 68 R0 pano_camera5/frame_0240_hp_preview.jpg
-5.267497 0.957277 0.139838 255 68 68 R0 pano_camera5/frame_0241_hp_preview.jpg
-5.370899 0.953947 0.417167 255 68 68 R0 pano_camera5/frame_0242_hp_preview.jpg
-5.252969 0.951761 0.579525 255 68 68 R0 pano_camera5/frame_0243_hp_preview.jpg
-5.039573 0.948115 0.564469 255 68 68 R0 pano_camera5/frame_0244_hp_preview.jpg
-4.936170 0.944205 0.582296 255 68 68 R0 pano_camera5/frame_0245_hp_preview.jpg
-4.664445 0.917980 0.645184 255 68 68 R0 pano_camera5/frame_0246_hp_preview.jpg
-4.537111 0.923926 0.570818 255 68 68 R0 pano_camera5/frame_0247_hp_preview.jpg
-4.221415 0.923107 0.643414 255 68 68 R0 pano_camera5/frame_0248_hp_preview.jpg
-4.185810 0.921042 0.663346 255 68 68 R0 pano_camera5/frame_0249_hp_preview.jpg
-3.559044 0.926030 1.130363 255 68 68 R0 pano_camera5/frame_0250_hp_preview.jpg
-3.548643 0.924611 1.139894 255 68 68 R0 pano_camera5/frame_0251_hp_preview.jpg
-3.245362 0.937796 1.561674 255 68 68 R0 pano_camera5/frame_0252_hp_preview.jpg
-3.097031 0.959609 2.100739 255 68 68 R0 pano_camera5/frame_0253_hp_preview.jpg
-3.369091 0.974138 2.425889 255 68 68 R0 pano_camera5/frame_0254_hp_preview.jpg
-3.411707 0.971058 2.431370 255 68 68 R0 pano_camera5/frame_0255_hp_preview.jpg
-3.843498 1.007202 2.075157 255 68 68 R0 pano_camera5/frame_0256_hp_preview.jpg
-3.974136 1.132130 1.900482 255 68 68 R0 pano_camera5/frame_0257_hp_preview.jpg
-4.023894 1.212950 1.833319 255 68 68 R0 pano_camera5/frame_0258_hp_preview.jpg
-4.102514 1.285512 1.709526 255 68 68 R0 pano_camera5/frame_0259_hp_preview.jpg
-4.284628 1.531911 1.435316 255 68 68 R0 pano_camera5/frame_0260_hp_preview.jpg
-4.287286 1.534577 1.429027 255 68 68 R0 pano_camera5/frame_0261_hp_preview.jpg
-4.501125 1.789996 1.164756 255 68 68 R0 pano_camera5/frame_0262_hp_preview.jpg
-4.511675 1.799263 1.158046 255 68 68 R0 pano_camera5/frame_0263_hp_preview.jpg
-4.617875 1.941279 1.019544 255 68 68 R0 pano_camera5/frame_0264_hp_preview.jpg
-4.781109 2.116446 0.812103 255 68 68 R0 pano_camera5/frame_0265_hp_preview.jpg
-4.827874 2.248662 0.584883 255 68 68 R0 pano_camera5/frame_0266_hp_preview.jpg
-4.815113 2.322622 0.375227 255 68 68 R0 pano_camera5/frame_0267_hp_preview.jpg
-4.613403 2.315039 0.143049 255 68 68 R0 pano_camera5/frame_0268_hp_preview.jpg
-4.240179 2.319601 -0.221782 255 68 68 R0 pano_camera5/frame_0269_hp_preview.jpg
-4.054026 2.336600 -0.376812 255 68 68 R0 pano_camera5/frame_0270_hp_preview.jpg
-3.686228 2.328807 -0.638275 255 68 68 R0 pano_camera5/frame_0271_hp_preview.jpg
-3.345676 2.330738 -0.887776 255 68 68 R0 pano_camera5/frame_0272_hp_preview.jpg
-3.162551 2.339967 -1.034421 255 68 68 R0 pano_camera5/frame_0273_hp_preview.jpg
-2.574146 2.332355 -1.481636 255 68 68 R0 pano_camera5/frame_0274_hp_preview.jpg
-2.515935 2.335841 -1.538048 255 68 68 R0 pano_camera5/frame_0275_hp_preview.jpg
-2.044097 2.336912 -1.910749 255 68 68 R0 pano_camera5/frame_0276_hp_preview.jpg
-1.905581 2.341615 -2.037960 255 68 68 R0 pano_camera5/frame_0277_hp_preview.jpg
-1.487186 2.356525 -2.444841 255 68 68 R0 pano_camera5/frame_0278_hp_preview.jpg
-1.249744 2.352736 -2.614841 255 68 68 R0 pano_camera5/frame_0279_hp_preview.jpg
-0.665292 2.354980 -3.115972 255 68 68 R0 pano_camera5/frame_0280_hp_preview.jpg
-0.552655 2.352316 -3.197966 255 68 68 R0 pano_camera5/frame_0281_hp_preview.jpg
-0.401055 2.346861 -3.351211 255 68 68 R0 pano_camera5/frame_0282_hp_preview.jpg
-0.323174 2.343666 -3.585867 255 68 68 R0 pano_camera5/frame_0283_hp_preview.jpg
-0.502024 2.333240 -3.973022 255 68 68 R0 pano_camera5/frame_0284_hp_preview.jpg
-0.539199 2.330755 -3.999491 255 68 68 R0 pano_camera5/frame_0285_hp_preview.jpg
-0.794367 2.329326 -4.204872 255 68 68 R0 pano_camera5/frame_0286_hp_preview.jpg
-0.994754 2.344182 -4.212671 255 68 68 R0 pano_camera5/frame_0287_hp_preview.jpg
-1.255966 2.353767 -4.227620 255 68 68 R0 pano_camera5/frame_0288_hp_preview.jpg
-1.410896 2.359227 -4.303508 255 68 68 R0 pano_camera5/frame_0289_hp_preview.jpg
-1.517127 2.356547 -4.557450 255 68 68 R0 pano_camera5/frame_0290_hp_preview.jpg
-1.613566 2.344561 -5.105401 255 68 68 R0 pano_camera5/frame_0291_hp_preview.jpg
-1.678647 2.343525 -5.317978 255 68 68 R0 pano_camera5/frame_0292_hp_preview.jpg
-1.721316 2.337698 -5.495208 255 68 68 R0 pano_camera5/frame_0293_hp_preview.jpg
-2.181514 2.321887 -5.940430 255 68 68 R0 pano_camera5/frame_0294_hp_preview.jpg
-2.231654 2.323116 -5.952500 255 68 68 R0 pano_camera5/frame_0295_hp_preview.jpg
-2.773379 2.318555 -5.759770 255 68 68 R0 pano_camera5/frame_0296_hp_preview.jpg
-2.873105 2.325353 -5.413909 255 68 68 R0 pano_camera5/frame_0297_hp_preview.jpg
-2.900476 2.314969 -5.103800 255 68 68 R0 pano_camera5/frame_0298_hp_preview.jpg
-2.912365 2.321776 -4.861687 255 68 68 R0 pano_camera5/frame_0299_hp_preview.jpg
-2.943292 2.328712 -4.399486 255 68 68 R0 pano_camera5/frame_0300_hp_preview.jpg
-2.945774 2.315049 -4.079509 255 68 68 R0 pano_camera5/frame_0301_hp_preview.jpg
-2.915258 2.312039 -3.758386 255 68 68 R0 pano_camera5/frame_0302_hp_preview.jpg
-2.800882 2.326510 -3.320460 255 68 68 R0 pano_camera5/frame_0303_hp_preview.jpg
-2.751191 2.322602 -3.096555 255 68 68 R0 pano_camera5/frame_0304_hp_preview.jpg
-2.687207 2.318960 -2.568165 255 68 68 R0 pano_camera5/frame_0305_hp_preview.jpg
-2.749240 2.311666 -2.042412 255 68 68 R0 pano_camera5/frame_0306_hp_preview.jpg
-2.848031 2.307267 -1.709040 255 68 68 R0 pano_camera5/frame_0307_hp_preview.jpg
-2.893583 2.313474 -1.632227 255 68 68 R0 pano_camera5/frame_0308_hp_preview.jpg
-3.277818 2.316027 -1.347847 255 68 68 R0 pano_camera5/frame_0309_hp_preview.jpg
-3.746075 2.328373 -1.354382 255 68 68 R0 pano_camera5/frame_0310_hp_preview.jpg
-3.976446 2.314829 -1.575417 255 68 68 R0 pano_camera5/frame_0311_hp_preview.jpg
-4.144673 2.325052 -1.990557 255 68 68 R0 pano_camera5/frame_0312_hp_preview.jpg
-4.212660 2.325117 -2.302047 255 68 68 R0 pano_camera5/frame_0313_hp_preview.jpg
-4.245860 2.323622 -2.583865 255 68 68 R0 pano_camera5/frame_0314_hp_preview.jpg
-4.345230 2.323845 -3.270576 255 68 68 R0 pano_camera5/frame_0315_hp_preview.jpg
-4.357139 2.327493 -3.320502 255 68 68 R0 pano_camera5/frame_0316_hp_preview.jpg
-4.471664 2.316685 -3.757194 255 68 68 R0 pano_camera5/frame_0317_hp_preview.jpg
-4.749019 2.306162 -4.151091 255 68 68 R0 pano_camera5/frame_0318_hp_preview.jpg
-4.875899 2.307181 -4.161241 255 68 68 R0 pano_camera5/frame_0319_hp_preview.jpg
-5.220439 2.328653 -4.064956 255 68 68 R0 pano_camera5/frame_0320_hp_preview.jpg
-5.744360 2.333274 -3.585582 255 68 68 R0 pano_camera5/frame_0321_hp_preview.jpg
-5.772522 2.332667 -3.553220 255 68 68 R0 pano_camera5/frame_0322_hp_preview.jpg
-5.888215 2.321294 -3.086972 255 68 68 R0 pano_camera5/frame_0323_hp_preview.jpg
-5.830866 2.331979 -2.611089 255 68 68 R0 pano_camera5/frame_0324_hp_preview.jpg
-5.837207 2.324568 -2.562706 255 68 68 R0 pano_camera5/frame_0325_hp_preview.jpg
-6.054676 2.321059 -2.113294 255 68 68 R0 pano_camera5/frame_0326_hp_preview.jpg
-6.319843 2.318549 -2.063539 255 68 68 R0 pano_camera5/frame_0327_hp_preview.jpg
-6.454398 2.327406 -2.103335 255 68 68 R0 pano_camera5/frame_0328_hp_preview.jpg
-6.647625 2.330917 -2.240943 255 68 68 R0 pano_camera5/frame_0329_hp_preview.jpg
-7.001360 2.335510 -2.372368 255 68 68 R0 pano_camera5/frame_0330_hp_preview.jpg
-7.117804 2.334144 -2.282753 255 68 68 R0 pano_camera5/frame_0331_hp_preview.jpg
-6.966423 2.325155 -1.882587 255 68 68 R0 pano_camera5/frame_0332_hp_preview.jpg
-6.794983 2.317974 -1.753940 255 68 68 R0 pano_camera5/frame_0333_hp_preview.jpg
-6.528174 2.315910 -1.471509 255 68 68 R0 pano_camera5/frame_0334_hp_preview.jpg
-6.426189 2.319345 -1.293347 255 68 68 R0 pano_camera5/frame_0335_hp_preview.jpg
-6.303376 2.311228 -1.100222 255 68 68 R0 pano_camera5/frame_0336_hp_preview.jpg
-6.076771 2.304669 -0.640906 255 68 68 R0 pano_camera5/frame_0337_hp_preview.jpg
-5.966352 2.308673 -0.409975 255 68 68 R0 pano_camera5/frame_0338_hp_preview.jpg
-5.727826 2.305294 0.203572 255 68 68 R0 pano_camera5/frame_0339_hp_preview.jpg
-5.631897 2.332418 0.608024 255 68 68 R0 pano_camera5/frame_0340_hp_preview.jpg
-5.599201 2.326668 0.714729 255 68 68 R0 pano_camera5/frame_0341_hp_preview.jpg
-5.471098 2.329770 1.019205 255 68 68 R0 pano_camera5/frame_0342_hp_preview.jpg
-5.237816 2.336612 1.368667 255 68 68 R0 pano_camera5/frame_0343_hp_preview.jpg
-5.282187 2.345905 1.716299 255 68 68 R0 pano_camera5/frame_0344_hp_preview.jpg
-5.534169 2.346679 1.633253 255 68 68 R0 pano_camera5/frame_0345_hp_preview.jpg
-5.731143 2.341132 1.448664 255 68 68 R0 pano_camera5/frame_0346_hp_preview.jpg
-5.832653 2.339190 1.241274 255 68 68 R0 pano_camera5/frame_0347_hp_preview.jpg
-5.957530 2.338941 1.011021 255 68 68 R0 pano_camera5/frame_0348_hp_preview.jpg
-6.254340 2.326111 0.466059 255 68 68 R0 pano_camera5/frame_0349_hp_preview.jpg
-6.451280 2.311973 0.257656 255 68 68 R0 pano_camera5/frame_0350_hp_preview.jpg
-6.605701 2.306757 0.109651 255 68 68 R0 pano_camera5/frame_0351_hp_preview.jpg
-7.047004 2.308471 -0.094025 255 68 68 R0 pano_camera5/frame_0352_hp_preview.jpg
-7.268861 2.321854 -0.126007 255 68 68 R0 pano_camera5/frame_0353_hp_preview.jpg
-7.628767 2.326634 -0.299013 255 68 68 R0 pano_camera5/frame_0354_hp_preview.jpg
-7.744041 2.337924 -0.476610 255 68 68 R0 pano_camera5/frame_0355_hp_preview.jpg
-7.665509 2.344193 -0.895429 255 68 68 R0 pano_camera5/frame_0356_hp_preview.jpg
-7.592694 2.328519 -1.186347 255 68 68 R0 pano_camera5/frame_0357_hp_preview.jpg
-7.549000 2.309526 -1.269202 255 68 68 R0 pano_camera5/frame_0358_hp_preview.jpg
-7.517492 2.300343 -1.292245 255 68 68 R0 pano_camera5/frame_0359_hp_preview.jpg
-7.565060 2.315389 -1.298283 255 68 68 R0 pano_camera5/frame_0360_hp_preview.jpg
-7.565177 2.314325 -1.302483 255 68 68 R0 pano_camera5/frame_0361_hp_preview.jpg
-7.675005 2.321490 -1.569044 255 68 68 R0 pano_camera5/frame_0362_hp_preview.jpg
-7.807912 2.326013 -1.627014 255 68 68 R0 pano_camera5/frame_0363_hp_preview.jpg
-8.068752 2.355316 -1.644247 255 68 68 R0 pano_camera5/frame_0364_hp_preview.jpg
-8.149675 2.357676 -1.589822 255 68 68 R0 pano_camera5/frame_0365_hp_preview.jpg
-8.194933 2.351146 -1.191919 255 68 68 R0 pano_camera5/frame_0366_hp_preview.jpg
-8.171759 2.348156 -1.131861 255 68 68 R0 pano_camera5/frame_0367_hp_preview.jpg
-8.031922 2.336494 -0.828796 255 68 68 R0 pano_camera5/frame_0368_hp_preview.jpg
-7.732799 2.335995 -0.207553 255 68 68 R0 pano_camera5/frame_0369_hp_preview.jpg
-7.743658 2.308335 -0.004106 255 68 68 R0 pano_camera5/frame_0370_hp_preview.jpg
-7.882288 2.339818 0.136293 255 68 68 R0 pano_camera5/frame_0371_hp_preview.jpg
-8.209683 2.335934 0.076048 255 68 68 R0 pano_camera5/frame_0372_hp_preview.jpg
-8.462091 2.345668 -0.177131 255 68 68 R0 pano_camera5/frame_0373_hp_preview.jpg
-9.071527 2.342224 -0.539504 255 68 68 R0 pano_camera5/frame_0374_hp_preview.jpg
-9.263656 2.351582 -0.551092 255 68 68 R0 pano_camera5/frame_0375_hp_preview.jpg
-9.486327 2.363175 -0.477331 255 68 68 R0 pano_camera5/frame_0376_hp_preview.jpg
-9.661990 2.369214 -0.384699 255 68 68 R0 pano_camera5/frame_0377_hp_preview.jpg
-10.165474 2.399429 0.002762 255 68 68 R0 pano_camera5/frame_0378_hp_preview.jpg
-10.281955 2.390060 0.150910 255 68 68 R0 pano_camera5/frame_0379_hp_preview.jpg
-10.399107 2.388615 0.377664 255 68 68 R0 pano_camera5/frame_0380_hp_preview.jpg
-10.461207 2.269352 0.398962 255 68 68 R0 pano_camera5/frame_0381_hp_preview.jpg
-10.486549 2.140300 0.550958 255 68 68 R0 pano_camera5/frame_0382_hp_preview.jpg
-10.439896 2.345778 0.815700 255 68 68 R0 pano_camera5/frame_0383_hp_preview.jpg
-10.410526 2.359294 0.813759 255 68 68 R0 pano_camera5/frame_0384_hp_preview.jpg
-10.249956 2.370975 1.011378 255 68 68 R0 pano_camera5/frame_0385_hp_preview.jpg
-9.933187 2.381340 1.453448 255 68 68 R0 pano_camera5/frame_0386_hp_preview.jpg
-9.807975 2.380876 1.672247 255 68 68 R0 pano_camera5/frame_0387_hp_preview.jpg
-9.355329 2.383418 2.315472 255 68 68 R0 pano_camera5/frame_0388_hp_preview.jpg
-9.033271 2.375777 2.703613 255 68 68 R0 pano_camera5/frame_0389_hp_preview.jpg
-8.887511 2.365310 2.846912 255 68 68 R0 pano_camera5/frame_0390_hp_preview.jpg
-8.473196 2.370048 3.037945 255 68 68 R0 pano_camera5/frame_0391_hp_preview.jpg
-8.388742 2.366360 2.993467 255 68 68 R0 pano_camera5/frame_0392_hp_preview.jpg
-8.429153 2.365614 2.804422 255 68 68 R0 pano_camera5/frame_0393_hp_preview.jpg
-8.600744 2.356947 2.661615 255 68 68 R0 pano_camera5/frame_0394_hp_preview.jpg
-8.895951 2.350871 2.432310 255 68 68 R0 pano_camera5/frame_0395_hp_preview.jpg
-9.106399 2.351060 2.106867 255 68 68 R0 pano_camera5/frame_0396_hp_preview.jpg
-8.908634 2.368279 1.682909 255 68 68 R0 pano_camera5/frame_0397_hp_preview.jpg
-8.772078 2.364917 1.580618 255 68 68 R0 pano_camera5/frame_0398_hp_preview.jpg
-8.293757 2.368596 1.561476 255 68 68 R0 pano_camera5/frame_0399_hp_preview.jpg
-7.917137 2.353839 1.915755 255 68 68 R0 pano_camera5/frame_0400_hp_preview.jpg
-7.641713 2.351799 2.215374 255 68 68 R0 pano_camera5/frame_0401_hp_preview.jpg
-7.621294 2.350903 2.233719 255 68 68 R0 pano_camera5/frame_0402_hp_preview.jpg
-7.365419 2.346792 2.521492 255 68 68 R0 pano_camera5/frame_0403_hp_preview.jpg
-6.844625 2.344812 2.514790 255 68 68 R0 pano_camera5/frame_0404_hp_preview.jpg
-6.816026 2.350730 2.484914 255 68 68 R0 pano_camera5/frame_0405_hp_preview.jpg
-6.662094 2.358365 2.027209 255 68 68 R0 pano_camera5/frame_0406_hp_preview.jpg
-6.926036 2.343942 1.667180 255 68 68 R0 pano_camera5/frame_0407_hp_preview.jpg
-7.071154 2.347305 1.483538 255 68 68 R0 pano_camera5/frame_0408_hp_preview.jpg
-7.182935 2.340438 1.352003 255 68 68 R0 pano_camera5/frame_0409_hp_preview.jpg
-7.293305 2.354426 1.006713 255 68 68 R0 pano_camera5/frame_0410_hp_preview.jpg
-6.970871 2.342845 0.469856 255 68 68 R0 pano_camera5/frame_0411_hp_preview.jpg
-6.909220 2.334509 0.412354 255 68 68 R0 pano_camera5/frame_0412_hp_preview.jpg
-6.777212 2.336931 0.229817 255 68 68 R0 pano_camera5/frame_0413_hp_preview.jpg
-6.798269 2.339222 0.224496 255 68 68 R0 pano_camera5/frame_0414_hp_preview.jpg
-6.799723 2.339564 0.225956 255 68 68 R0 pano_camera5/frame_0415_hp_preview.jpg
-6.796244 2.334987 0.224538 255 68 68 R0 pano_camera5/frame_0416_hp_preview.jpg
-0.000503 0.944849 2.343401 255 68 68 R0 pano_camera6/frame_0140_hp_preview.jpg
0.127152 0.952255 2.470917 255 68 68 R0 pano_camera6/frame_0141_hp_preview.jpg
0.345429 0.951573 2.711594 255 68 68 R0 pano_camera6/frame_0142_hp_preview.jpg
0.502324 0.951794 2.810171 255 68 68 R0 pano_camera6/frame_0143_hp_preview.jpg
0.677917 0.968406 2.758326 255 68 68 R0 pano_camera6/frame_0144_hp_preview.jpg
0.736265 0.972193 2.581650 255 68 68 R0 pano_camera6/frame_0145_hp_preview.jpg
-0.125404 0.955986 2.770285 255 68 68 R0 pano_camera6/frame_0157_hp_preview.jpg
-0.263144 0.958433 2.856214 255 68 68 R0 pano_camera6/frame_0158_hp_preview.jpg
-0.312295 0.963855 2.953904 255 68 68 R0 pano_camera6/frame_0159_hp_preview.jpg
-0.561025 0.957106 3.562585 255 68 68 R0 pano_camera6/frame_0160_hp_preview.jpg
-0.768483 0.955631 3.824569 255 68 68 R0 pano_camera6/frame_0161_hp_preview.jpg
-1.069813 0.968974 4.113578 255 68 68 R0 pano_camera6/frame_0162_hp_preview.jpg
-1.277238 0.974847 4.273301 255 68 68 R0 pano_camera6/frame_0163_hp_preview.jpg
-1.502433 0.984363 4.415485 255 68 68 R0 pano_camera6/frame_0164_hp_preview.jpg
-1.899823 0.985504 4.402460 255 68 68 R0 pano_camera6/frame_0165_hp_preview.jpg
-2.060882 0.982714 4.269399 255 68 68 R0 pano_camera6/frame_0166_hp_preview.jpg
-2.307596 0.982794 3.909548 255 68 68 R0 pano_camera6/frame_0167_hp_preview.jpg
-2.255313 0.974365 3.522919 255 68 68 R0 pano_camera6/frame_0168_hp_preview.jpg
-2.165367 0.984274 3.406748 255 68 68 R0 pano_camera6/frame_0169_hp_preview.jpg
-1.629586 0.965048 2.874857 255 68 68 R0 pano_camera6/frame_0170_hp_preview.jpg
-1.557028 0.978276 2.805280 255 68 68 R0 pano_camera6/frame_0171_hp_preview.jpg
-1.217326 0.960066 2.479847 255 68 68 R0 pano_camera6/frame_0172_hp_preview.jpg
-1.140000 0.965073 2.099597 255 68 68 R0 pano_camera6/frame_0173_hp_preview.jpg
-1.344241 0.968618 1.763768 255 68 68 R0 pano_camera6/frame_0174_hp_preview.jpg
-1.353355 0.971533 1.758255 255 68 68 R0 pano_camera6/frame_0175_hp_preview.jpg
-1.784568 0.964901 1.663902 255 68 68 R0 pano_camera6/frame_0176_hp_preview.jpg
-2.028736 0.975103 1.712353 255 68 68 R0 pano_camera6/frame_0177_hp_preview.jpg
-2.490604 0.974555 1.729992 255 68 68 R0 pano_camera6/frame_0178_hp_preview.jpg
-2.811919 0.975523 1.481544 255 68 68 R0 pano_camera6/frame_0179_hp_preview.jpg
-2.853987 0.972666 1.287910 255 68 68 R0 pano_camera6/frame_0180_hp_preview.jpg
-2.721837 0.955305 1.050280 255 68 68 R0 pano_camera6/frame_0181_hp_preview.jpg
-2.526581 0.950941 0.888980 255 68 68 R0 pano_camera6/frame_0182_hp_preview.jpg
-2.301835 0.957754 0.569828 255 68 68 R0 pano_camera6/frame_0183_hp_preview.jpg
-2.453286 0.945561 0.421229 255 68 68 R0 pano_camera6/frame_0184_hp_preview.jpg
-2.607000 0.947509 0.470016 255 68 68 R0 pano_camera6/frame_0185_hp_preview.jpg
-2.800073 0.944558 0.613932 255 68 68 R0 pano_camera6/frame_0186_hp_preview.jpg
-2.998844 0.947152 0.749435 255 68 68 R0 pano_camera6/frame_0187_hp_preview.jpg
-3.298533 0.951609 0.853976 255 68 68 R0 pano_camera6/frame_0188_hp_preview.jpg
-3.601765 0.952726 0.765866 255 68 68 R0 pano_camera6/frame_0189_hp_preview.jpg
-3.632619 0.958267 0.746732 255 68 68 R0 pano_camera6/frame_0190_hp_preview.jpg
-3.799583 0.958894 0.532038 255 68 68 R0 pano_camera6/frame_0191_hp_preview.jpg
-3.801380 0.959004 0.172087 255 68 68 R0 pano_camera6/frame_0192_hp_preview.jpg
-3.669732 0.949175 -0.078925 255 68 68 R0 pano_camera6/frame_0193_hp_preview.jpg
-3.449330 0.936112 -0.361738 255 68 68 R0 pano_camera6/frame_0194_hp_preview.jpg
-3.310802 0.938903 -0.574592 255 68 68 R0 pano_camera6/frame_0195_hp_preview.jpg
-3.338700 0.925176 -0.778856 255 68 68 R0 pano_camera6/frame_0196_hp_preview.jpg
-3.537976 0.925074 -1.150984 255 68 68 R0 pano_camera6/frame_0197_hp_preview.jpg
-3.915215 0.939126 -1.631825 255 68 68 R0 pano_camera6/frame_0198_hp_preview.jpg
-4.025563 0.944111 -1.772579 255 68 68 R0 pano_camera6/frame_0199_hp_preview.jpg
-4.648354 0.974954 -2.340663 255 68 68 R0 pano_camera6/frame_0200_hp_preview.jpg
-4.640297 1.019361 -2.435133 255 68 68 R0 pano_camera6/frame_0201_hp_preview.jpg
-4.675662 0.951523 -1.198305 255 68 68 R0 pano_camera6/frame_0226_hp_preview.jpg
-5.282114 0.964448 0.074016 255 68 68 R0 pano_camera6/frame_0240_hp_preview.jpg
-5.267497 0.957277 0.139838 255 68 68 R0 pano_camera6/frame_0241_hp_preview.jpg
-5.370899 0.953947 0.417167 255 68 68 R0 pano_camera6/frame_0242_hp_preview.jpg
-5.252969 0.951761 0.579525 255 68 68 R0 pano_camera6/frame_0243_hp_preview.jpg
-5.039573 0.948115 0.564469 255 68 68 R0 pano_camera6/frame_0244_hp_preview.jpg
-4.936170 0.944205 0.582296 255 68 68 R0 pano_camera6/frame_0245_hp_preview.jpg
-4.664445 0.917980 0.645184 255 68 68 R0 pano_camera6/frame_0246_hp_preview.jpg
-4.537111 0.923926 0.570818 255 68 68 R0 pano_camera6/frame_0247_hp_preview.jpg
-4.221415 0.923107 0.643414 255 68 68 R0 pano_camera6/frame_0248_hp_preview.jpg
-4.185810 0.921042 0.663346 255 68 68 R0 pano_camera6/frame_0249_hp_preview.jpg
-3.559044 0.926030 1.130363 255 68 68 R0 pano_camera6/frame_0250_hp_preview.jpg
-3.548643 0.924611 1.139894 255 68 68 R0 pano_camera6/frame_0251_hp_preview.jpg
-3.245362 0.937796 1.561674 255 68 68 R0 pano_camera6/frame_0252_hp_preview.jpg
-3.097031 0.959609 2.100739 255 68 68 R0 pano_camera6/frame_0253_hp_preview.jpg
-3.369091 0.974138 2.425889 255 68 68 R0 pano_camera6/frame_0254_hp_preview.jpg
-3.411707 0.971058 2.431370 255 68 68 R0 pano_camera6/frame_0255_hp_preview.jpg
-3.843498 1.007202 2.075157 255 68 68 R0 pano_camera6/frame_0256_hp_preview.jpg
-3.974136 1.132130 1.900482 255 68 68 R0 pano_camera6/frame_0257_hp_preview.jpg
-4.023894 1.212950 1.833319 255 68 68 R0 pano_camera6/frame_0258_hp_preview.jpg
-4.102514 1.285512 1.709526 255 68 68 R0 pano_camera6/frame_0259_hp_preview.jpg
-4.284628 1.531911 1.435316 255 68 68 R0 pano_camera6/frame_0260_hp_preview.jpg
-4.287286 1.534577 1.429027 255 68 68 R0 pano_camera6/frame_0261_hp_preview.jpg
-4.501125 1.789996 1.164756 255 68 68 R0 pano_camera6/frame_0262_hp_preview.jpg
-4.511675 1.799263 1.158046 255 68 68 R0 pano_camera6/frame_0263_hp_preview.jpg
-4.617875 1.941279 1.019544 255 68 68 R0 pano_camera6/frame_0264_hp_preview.jpg
-4.781109 2.116446 0.812103 255 68 68 R0 pano_camera6/frame_0265_hp_preview.jpg
-4.827874 2.248662 0.584883 255 68 68 R0 pano_camera6/frame_0266_hp_preview.jpg
-4.815113 2.322622 0.375227 255 68 68 R0 pano_camera6/frame_0267_hp_preview.jpg
-4.613403 2.315039 0.143049 255 68 68 R0 pano_camera6/frame_0268_hp_preview.jpg
-4.240179 2.319601 -0.221782 255 68 68 R0 pano_camera6/frame_0269_hp_preview.jpg
-4.054026 2.336600 -0.376812 255 68 68 R0 pano_camera6/frame_0270_hp_preview.jpg
-3.686228 2.328807 -0.638275 255 68 68 R0 pano_camera6/frame_0271_hp_preview.jpg
-3.345676 2.330738 -0.887776 255 68 68 R0 pano_camera6/frame_0272_hp_preview.jpg
-3.162551 2.339967 -1.034421 255 68 68 R0 pano_camera6/frame_0273_hp_preview.jpg
-2.574146 2.332355 -1.481636 255 68 68 R0 pano_camera6/frame_0274_hp_preview.jpg
-2.515935 2.335841 -1.538048 255 68 68 R0 pano_camera6/frame_0275_hp_preview.jpg
-2.044097 2.336912 -1.910749 255 68 68 R0 pano_camera6/frame_0276_hp_preview.jpg
-1.905581 2.341615 -2.037960 255 68 68 R0 pano_camera6/frame_0277_hp_preview.jpg
-1.487186 2.356525 -2.444841 255 68 68 R0 pano_camera6/frame_0278_hp_preview.jpg
-1.249744 2.352736 -2.614841 255 68 68 R0 pano_camera6/frame_0279_hp_preview.jpg
-0.665292 2.354980 -3.115972 255 68 68 R0 pano_camera6/frame_0280_hp_preview.jpg
-0.552655 2.352316 -3.197966 255 68 68 R0 pano_camera6/frame_0281_hp_preview.jpg
-0.401055 2.346861 -3.351211 255 68 68 R0 pano_camera6/frame_0282_hp_preview.jpg
-0.323174 2.343666 -3.585867 255 68 68 R0 pano_camera6/frame_0283_hp_preview.jpg
-0.502024 2.333240 -3.973022 255 68 68 R0 pano_camera6/frame_0284_hp_preview.jpg
-0.539199 2.330755 -3.999491 255 68 68 R0 pano_camera6/frame_0285_hp_preview.jpg
-0.794367 2.329326 -4.204872 255 68 68 R0 pano_camera6/frame_0286_hp_preview.jpg
-0.994754 2.344182 -4.212671 255 68 68 R0 pano_camera6/frame_0287_hp_preview.jpg
-1.255966 2.353767 -4.227620 255 68 68 R0 pano_camera6/frame_0288_hp_preview.jpg
-1.410896 2.359227 -4.303508 255 68 68 R0 pano_camera6/frame_0289_hp_preview.jpg
-1.517127 2.356547 -4.557450 255 68 68 R0 pano_camera6/frame_0290_hp_preview.jpg
-1.613566 2.344561 -5.105401 255 68 68 R0 pano_camera6/frame_0291_hp_preview.jpg
-1.678647 2.343525 -5.317978 255 68 68 R0 pano_camera6/frame_0292_hp_preview.jpg
-1.721316 2.337698 -5.495208 255 68 68 R0 pano_camera6/frame_0293_hp_preview.jpg
-2.181514 2.321887 -5.940430 255 68 68 R0 pano_camera6/frame_0294_hp_preview.jpg
-2.231654 2.323116 -5.952500 255 68 68 R0 pano_camera6/frame_0295_hp_preview.jpg
-2.773379 2.318555 -5.759770 255 68 68 R0 pano_camera6/frame_0296_hp_preview.jpg
-2.873105 2.325353 -5.413909 255 68 68 R0 pano_camera6/frame_0297_hp_preview.jpg
-2.900476 2.314969 -5.103800 255 68 68 R0 pano_camera6/frame_0298_hp_preview.jpg
-2.912365 2.321776 -4.861687 255 68 68 R0 pano_camera6/frame_0299_hp_preview.jpg
-2.943292 2.328712 -4.399486 255 68 68 R0 pano_camera6/frame_0300_hp_preview.jpg
-2.945774 2.315049 -4.079509 255 68 68 R0 pano_camera6/frame_0301_hp_preview.jpg
-2.915258 2.312039 -3.758386 255 68 68 R0 pano_camera6/frame_0302_hp_preview.jpg
-2.800882 2.326510 -3.320460 255 68 68 R0 pano_camera6/frame_0303_hp_preview.jpg
-2.751191 2.322602 -3.096555 255 68 68 R0 pano_camera6/frame_0304_hp_preview.jpg
-2.687207 2.318960 -2.568165 255 68 68 R0 pano_camera6/frame_0305_hp_preview.jpg
-2.749240 2.311666 -2.042412 255 68 68 R0 pano_camera6/frame_0306_hp_preview.jpg
-2.848031 2.307267 -1.709040 255 68 68 R0 pano_camera6/frame_0307_hp_preview.jpg
-2.893583 2.313474 -1.632227 255 68 68 R0 pano_camera6/frame_0308_hp_preview.jpg
-3.277818 2.316027 -1.347847 255 68 68 R0 pano_camera6/frame_0309_hp_preview.jpg
-3.746075 2.328373 -1.354382 255 68 68 R0 pano_camera6/frame_0310_hp_preview.jpg
-3.976446 2.314829 -1.575417 255 68 68 R0 pano_camera6/frame_0311_hp_preview.jpg
-4.144673 2.325052 -1.990557 255 68 68 R0 pano_camera6/frame_0312_hp_preview.jpg
-4.212660 2.325117 -2.302047 255 68 68 R0 pano_camera6/frame_0313_hp_preview.jpg
-4.245860 2.323622 -2.583865 255 68 68 R0 pano_camera6/frame_0314_hp_preview.jpg
-4.345230 2.323845 -3.270576 255 68 68 R0 pano_camera6/frame_0315_hp_preview.jpg
-4.357139 2.327493 -3.320502 255 68 68 R0 pano_camera6/frame_0316_hp_preview.jpg
-4.471664 2.316685 -3.757194 255 68 68 R0 pano_camera6/frame_0317_hp_preview.jpg
-4.749019 2.306162 -4.151091 255 68 68 R0 pano_camera6/frame_0318_hp_preview.jpg
-4.875899 2.307181 -4.161241 255 68 68 R0 pano_camera6/frame_0319_hp_preview.jpg
-5.220439 2.328653 -4.064956 255 68 68 R0 pano_camera6/frame_0320_hp_preview.jpg
-5.744360 2.333274 -3.585582 255 68 68 R0 pano_camera6/frame_0321_hp_preview.jpg
-5.772522 2.332667 -3.553220 255 68 68 R0 pano_camera6/frame_0322_hp_preview.jpg
-5.888215 2.321294 -3.086972 255 68 68 R0 pano_camera6/frame_0323_hp_preview.jpg
-5.830866 2.331979 -2.611089 255 68 68 R0 pano_camera6/frame_0324_hp_preview.jpg
-5.837207 2.324568 -2.562706 255 68 68 R0 pano_camera6/frame_0325_hp_preview.jpg
-6.054676 2.321059 -2.113294 255 68 68 R0 pano_camera6/frame_0326_hp_preview.jpg
-6.319843 2.318549 -2.063539 255 68 68 R0 pano_camera6/frame_0327_hp_preview.jpg
-6.454398 2.327406 -2.103335 255 68 68 R0 pano_camera6/frame_0328_hp_preview.jpg
-6.647625 2.330917 -2.240943 255 68 68 R0 pano_camera6/frame_0329_hp_preview.jpg
-7.001360 2.335510 -2.372368 255 68 68 R0 pano_camera6/frame_0330_hp_preview.jpg
-7.117804 2.334144 -2.282753 255 68 68 R0 pano_camera6/frame_0331_hp_preview.jpg
-6.966423 2.325155 -1.882587 255 68 68 R0 pano_camera6/frame_0332_hp_preview.jpg
-6.794983 2.317974 -1.753940 255 68 68 R0 pano_camera6/frame_0333_hp_preview.jpg
-6.528174 2.315910 -1.471509 255 68 68 R0 pano_camera6/frame_0334_hp_preview.jpg
-6.426189 2.319345 -1.293347 255 68 68 R0 pano_camera6/frame_0335_hp_preview.jpg
-6.303376 2.311228 -1.100222 255 68 68 R0 pano_camera6/frame_0336_hp_preview.jpg
-6.076771 2.304669 -0.640906 255 68 68 R0 pano_camera6/frame_0337_hp_preview.jpg
-5.966352 2.308673 -0.409975 255 68 68 R0 pano_camera6/frame_0338_hp_preview.jpg
-5.727826 2.305294 0.203572 255 68 68 R0 pano_camera6/frame_0339_hp_preview.jpg
-5.631897 2.332418 0.608024 255 68 68 R0 pano_camera6/frame_0340_hp_preview.jpg
-5.599201 2.326668 0.714729 255 68 68 R0 pano_camera6/frame_0341_hp_preview.jpg
-5.471098 2.329770 1.019205 255 68 68 R0 pano_camera6/frame_0342_hp_preview.jpg
-5.237816 2.336612 1.368667 255 68 68 R0 pano_camera6/frame_0343_hp_preview.jpg
-5.282187 2.345905 1.716299 255 68 68 R0 pano_camera6/frame_0344_hp_preview.jpg
-5.534169 2.346679 1.633253 255 68 68 R0 pano_camera6/frame_0345_hp_preview.jpg
-5.731143 2.341132 1.448664 255 68 68 R0 pano_camera6/frame_0346_hp_preview.jpg
-5.832653 2.339190 1.241274 255 68 68 R0 pano_camera6/frame_0347_hp_preview.jpg
-5.957530 2.338941 1.011021 255 68 68 R0 pano_camera6/frame_0348_hp_preview.jpg
-6.254340 2.326111 0.466059 255 68 68 R0 pano_camera6/frame_0349_hp_preview.jpg
-6.451280 2.311973 0.257656 255 68 68 R0 pano_camera6/frame_0350_hp_preview.jpg
-6.605701 2.306757 0.109651 255 68 68 R0 pano_camera6/frame_0351_hp_preview.jpg
-7.047004 2.308471 -0.094025 255 68 68 R0 pano_camera6/frame_0352_hp_preview.jpg
-7.268861 2.321854 -0.126007 255 68 68 R0 pano_camera6/frame_0353_hp_preview.jpg
-7.628767 2.326634 -0.299013 255 68 68 R0 pano_camera6/frame_0354_hp_preview.jpg
-7.744041 2.337924 -0.476610 255 68 68 R0 pano_camera6/frame_0355_hp_preview.jpg
-7.665509 2.344193 -0.895429 255 68 68 R0 pano_camera6/frame_0356_hp_preview.jpg
-7.592694 2.328519 -1.186347 255 68 68 R0 pano_camera6/frame_0357_hp_preview.jpg
-7.549000 2.309526 -1.269202 255 68 68 R0 pano_camera6/frame_0358_hp_preview.jpg
-7.517492 2.300343 -1.292245 255 68 68 R0 pano_camera6/frame_0359_hp_preview.jpg
-7.565060 2.315389 -1.298283 255 68 68 R0 pano_camera6/frame_0360_hp_preview.jpg
-7.565177 2.314325 -1.302483 255 68 68 R0 pano_camera6/frame_0361_hp_preview.jpg
-7.675005 2.321490 -1.569044 255 68 68 R0 pano_camera6/frame_0362_hp_preview.jpg
-7.807912 2.326013 -1.627014 255 68 68 R0 pano_camera6/frame_0363_hp_preview.jpg
-8.068752 2.355316 -1.644247 255 68 68 R0 pano_camera6/frame_0364_hp_preview.jpg
-8.149675 2.357676 -1.589822 255 68 68 R0 pano_camera6/frame_0365_hp_preview.jpg
-8.194933 2.351146 -1.191919 255 68 68 R0 pano_camera6/frame_0366_hp_preview.jpg
-8.171759 2.348156 -1.131861 255 68 68 R0 pano_camera6/frame_0367_hp_preview.jpg
-8.031922 2.336494 -0.828796 255 68 68 R0 pano_camera6/frame_0368_hp_preview.jpg
-7.732799 2.335995 -0.207553 255 68 68 R0 pano_camera6/frame_0369_hp_preview.jpg
-7.743658 2.308335 -0.004106 255 68 68 R0 pano_camera6/frame_0370_hp_preview.jpg
-7.882288 2.339818 0.136293 255 68 68 R0 pano_camera6/frame_0371_hp_preview.jpg
-8.209683 2.335934 0.076048 255 68 68 R0 pano_camera6/frame_0372_hp_preview.jpg
-8.462091 2.345668 -0.177131 255 68 68 R0 pano_camera6/frame_0373_hp_preview.jpg
-9.071527 2.342224 -0.539504 255 68 68 R0 pano_camera6/frame_0374_hp_preview.jpg
-9.263656 2.351582 -0.551092 255 68 68 R0 pano_camera6/frame_0375_hp_preview.jpg
-9.486327 2.363175 -0.477331 255 68 68 R0 pano_camera6/frame_0376_hp_preview.jpg
-9.661990 2.369214 -0.384699 255 68 68 R0 pano_camera6/frame_0377_hp_preview.jpg
-10.165474 2.399429 0.002762 255 68 68 R0 pano_camera6/frame_0378_hp_preview.jpg
-10.281955 2.390060 0.150910 255 68 68 R0 pano_camera6/frame_0379_hp_preview.jpg
-10.399107 2.388615 0.377664 255 68 68 R0 pano_camera6/frame_0380_hp_preview.jpg
-10.461207 2.269352 0.398962 255 68 68 R0 pano_camera6/frame_0381_hp_preview.jpg
-10.486549 2.140300 0.550958 255 68 68 R0 pano_camera6/frame_0382_hp_preview.jpg
-10.439896 2.345778 0.815700 255 68 68 R0 pano_camera6/frame_0383_hp_preview.jpg
-10.410526 2.359294 0.813759 255 68 68 R0 pano_camera6/frame_0384_hp_preview.jpg
-10.249956 2.370975 1.011378 255 68 68 R0 pano_camera6/frame_0385_hp_preview.jpg
-9.933187 2.381340 1.453448 255 68 68 R0 pano_camera6/frame_0386_hp_preview.jpg
-9.807975 2.380876 1.672247 255 68 68 R0 pano_camera6/frame_0387_hp_preview.jpg
-9.355329 2.383418 2.315472 255 68 68 R0 pano_camera6/frame_0388_hp_preview.jpg
-9.033271 2.375777 2.703613 255 68 68 R0 pano_camera6/frame_0389_hp_preview.jpg
-8.887511 2.365310 2.846912 255 68 68 R0 pano_camera6/frame_0390_hp_preview.jpg
-8.473196 2.370048 3.037945 255 68 68 R0 pano_camera6/frame_0391_hp_preview.jpg
-8.388742 2.366360 2.993467 255 68 68 R0 pano_camera6/frame_0392_hp_preview.jpg
-8.429153 2.365614 2.804422 255 68 68 R0 pano_camera6/frame_0393_hp_preview.jpg
-8.600744 2.356947 2.661615 255 68 68 R0 pano_camera6/frame_0394_hp_preview.jpg
-8.895951 2.350871 2.432310 255 68 68 R0 pano_camera6/frame_0395_hp_preview.jpg
-9.106399 2.351060 2.106867 255 68 68 R0 pano_camera6/frame_0396_hp_preview.jpg
-8.908634 2.368279 1.682909 255 68 68 R0 pano_camera6/frame_0397_hp_preview.jpg
-8.772078 2.364917 1.580618 255 68 68 R0 pano_camera6/frame_0398_hp_preview.jpg
-8.293757 2.368596 1.561476 255 68 68 R0 pano_camera6/frame_0399_hp_preview.jpg
-7.917137 2.353839 1.915755 255 68 68 R0 pano_camera6/frame_0400_hp_preview.jpg
-7.641713 2.351799 2.215374 255 68 68 R0 pano_camera6/frame_0401_hp_preview.jpg
-7.621294 2.350903 2.233719 255 68 68 R0 pano_camera6/frame_0402_hp_preview.jpg
-7.365419 2.346792 2.521492 255 68 68 R0 pano_camera6/frame_0403_hp_preview.jpg
-6.844625 2.344812 2.514790 255 68 68 R0 pano_camera6/frame_0404_hp_preview.jpg
-6.816026 2.350730 2.484914 255 68 68 R0 pano_camera6/frame_0405_hp_preview.jpg
-6.662094 2.358365 2.027209 255 68 68 R0 pano_camera6/frame_0406_hp_preview.jpg
-6.926036 2.343942 1.667180 255 68 68 R0 pano_camera6/frame_0407_hp_preview.jpg
-7.071154 2.347305 1.483538 255 68 68 R0 pano_camera6/frame_0408_hp_preview.jpg
-7.182935 2.340438 1.352003 255 68 68 R0 pano_camera6/frame_0409_hp_preview.jpg
-7.293305 2.354426 1.006713 255 68 68 R0 pano_camera6/frame_0410_hp_preview.jpg
-6.970871 2.342845 0.469856 255 68 68 R0 pano_camera6/frame_0411_hp_preview.jpg
-6.909220 2.334509 0.412354 255 68 68 R0 pano_camera6/frame_0412_hp_preview.jpg
-6.777212 2.336931 0.229817 255 68 68 R0 pano_camera6/frame_0413_hp_preview.jpg
-6.798269 2.339222 0.224496 255 68 68 R0 pano_camera6/frame_0414_hp_preview.jpg
-6.799723 2.339564 0.225956 255 68 68 R0 pano_camera6/frame_0415_hp_preview.jpg
-6.796244 2.334987 0.224538 255 68 68 R0 pano_camera6/frame_0416_hp_preview.jpg
-0.000503 0.944849 2.343401 255 68 68 R0 pano_camera7/frame_0140_hp_preview.jpg
0.127152 0.952255 2.470917 255 68 68 R0 pano_camera7/frame_0141_hp_preview.jpg
0.345429 0.951573 2.711594 255 68 68 R0 pano_camera7/frame_0142_hp_preview.jpg
0.502324 0.951794 2.810171 255 68 68 R0 pano_camera7/frame_0143_hp_preview.jpg
0.677917 0.968406 2.758326 255 68 68 R0 pano_camera7/frame_0144_hp_preview.jpg
0.736265 0.972193 2.581650 255 68 68 R0 pano_camera7/frame_0145_hp_preview.jpg
-0.125404 0.955986 2.770285 255 68 68 R0 pano_camera7/frame_0157_hp_preview.jpg
-0.263144 0.958433 2.856214 255 68 68 R0 pano_camera7/frame_0158_hp_preview.jpg
-0.312295 0.963855 2.953904 255 68 68 R0 pano_camera7/frame_0159_hp_preview.jpg
-0.561025 0.957106 3.562585 255 68 68 R0 pano_camera7/frame_0160_hp_preview.jpg
-0.768483 0.955631 3.824569 255 68 68 R0 pano_camera7/frame_0161_hp_preview.jpg
-1.069813 0.968974 4.113578 255 68 68 R0 pano_camera7/frame_0162_hp_preview.jpg
-1.277238 0.974847 4.273301 255 68 68 R0 pano_camera7/frame_0163_hp_preview.jpg
-1.502433 0.984363 4.415485 255 68 68 R0 pano_camera7/frame_0164_hp_preview.jpg
-1.899823 0.985504 4.402460 255 68 68 R0 pano_camera7/frame_0165_hp_preview.jpg
-2.060882 0.982714 4.269399 255 68 68 R0 pano_camera7/frame_0166_hp_preview.jpg
-2.307596 0.982794 3.909548 255 68 68 R0 pano_camera7/frame_0167_hp_preview.jpg
-2.255313 0.974365 3.522919 255 68 68 R0 pano_camera7/frame_0168_hp_preview.jpg
-2.165367 0.984274 3.406748 255 68 68 R0 pano_camera7/frame_0169_hp_preview.jpg
-1.629586 0.965048 2.874857 255 68 68 R0 pano_camera7/frame_0170_hp_preview.jpg
-1.557028 0.978276 2.805280 255 68 68 R0 pano_camera7/frame_0171_hp_preview.jpg
-1.217326 0.960066 2.479847 255 68 68 R0 pano_camera7/frame_0172_hp_preview.jpg
-1.140000 0.965073 2.099597 255 68 68 R0 pano_camera7/frame_0173_hp_preview.jpg
-1.344241 0.968618 1.763768 255 68 68 R0 pano_camera7/frame_0174_hp_preview.jpg
-1.353355 0.971533 1.758255 255 68 68 R0 pano_camera7/frame_0175_hp_preview.jpg
-1.784568 0.964901 1.663902 255 68 68 R0 pano_camera7/frame_0176_hp_preview.jpg
-2.028736 0.975103 1.712353 255 68 68 R0 pano_camera7/frame_0177_hp_preview.jpg
-2.490604 0.974555 1.729992 255 68 68 R0 pano_camera7/frame_0178_hp_preview.jpg
-2.811919 0.975523 1.481544 255 68 68 R0 pano_camera7/frame_0179_hp_preview.jpg
-2.853987 0.972666 1.287910 255 68 68 R0 pano_camera7/frame_0180_hp_preview.jpg
-2.721837 0.955305 1.050280 255 68 68 R0 pano_camera7/frame_0181_hp_preview.jpg
-2.526581 0.950941 0.888980 255 68 68 R0 pano_camera7/frame_0182_hp_preview.jpg
-2.301835 0.957754 0.569828 255 68 68 R0 pano_camera7/frame_0183_hp_preview.jpg
-2.453286 0.945561 0.421229 255 68 68 R0 pano_camera7/frame_0184_hp_preview.jpg
-2.607000 0.947509 0.470016 255 68 68 R0 pano_camera7/frame_0185_hp_preview.jpg
-2.800073 0.944558 0.613932 255 68 68 R0 pano_camera7/frame_0186_hp_preview.jpg
-2.998844 0.947152 0.749435 255 68 68 R0 pano_camera7/frame_0187_hp_preview.jpg
-3.298533 0.951609 0.853976 255 68 68 R0 pano_camera7/frame_0188_hp_preview.jpg
-3.601765 0.952726 0.765866 255 68 68 R0 pano_camera7/frame_0189_hp_preview.jpg
-3.632619 0.958267 0.746732 255 68 68 R0 pano_camera7/frame_0190_hp_preview.jpg
-3.799583 0.958894 0.532038 255 68 68 R0 pano_camera7/frame_0191_hp_preview.jpg
-3.801380 0.959004 0.172087 255 68 68 R0 pano_camera7/frame_0192_hp_preview.jpg
-3.669732 0.949175 -0.078925 255 68 68 R0 pano_camera7/frame_0193_hp_preview.jpg
-3.449330 0.936112 -0.361738 255 68 68 R0 pano_camera7/frame_0194_hp_preview.jpg
-3.310802 0.938903 -0.574592 255 68 68 R0 pano_camera7/frame_0195_hp_preview.jpg
-3.338700 0.925176 -0.778856 255 68 68 R0 pano_camera7/frame_0196_hp_preview.jpg
-3.537976 0.925074 -1.150984 255 68 68 R0 pano_camera7/frame_0197_hp_preview.jpg
-3.915215 0.939126 -1.631825 255 68 68 R0 pano_camera7/frame_0198_hp_preview.jpg
-4.025563 0.944111 -1.772579 255 68 68 R0 pano_camera7/frame_0199_hp_preview.jpg
-4.648354 0.974954 -2.340663 255 68 68 R0 pano_camera7/frame_0200_hp_preview.jpg
-4.640297 1.019361 -2.435133 255 68 68 R0 pano_camera7/frame_0201_hp_preview.jpg
-4.675662 0.951523 -1.198305 255 68 68 R0 pano_camera7/frame_0226_hp_preview.jpg
-5.282114 0.964448 0.074016 255 68 68 R0 pano_camera7/frame_0240_hp_preview.jpg
-5.267497 0.957277 0.139838 255 68 68 R0 pano_camera7/frame_0241_hp_preview.jpg
-5.370899 0.953947 0.417167 255 68 68 R0 pano_camera7/frame_0242_hp_preview.jpg
-5.252969 0.951761 0.579525 255 68 68 R0 pano_camera7/frame_0243_hp_preview.jpg
-5.039573 0.948115 0.564469 255 68 68 R0 pano_camera7/frame_0244_hp_preview.jpg
-4.936170 0.944205 0.582296 255 68 68 R0 pano_camera7/frame_0245_hp_preview.jpg
-4.664445 0.917980 0.645184 255 68 68 R0 pano_camera7/frame_0246_hp_preview.jpg
-4.537111 0.923926 0.570818 255 68 68 R0 pano_camera7/frame_0247_hp_preview.jpg
-4.221415 0.923107 0.643414 255 68 68 R0 pano_camera7/frame_0248_hp_preview.jpg
-4.185810 0.921042 0.663346 255 68 68 R0 pano_camera7/frame_0249_hp_preview.jpg
-3.559044 0.926030 1.130363 255 68 68 R0 pano_camera7/frame_0250_hp_preview.jpg
-3.548643 0.924611 1.139894 255 68 68 R0 pano_camera7/frame_0251_hp_preview.jpg
-3.245362 0.937796 1.561674 255 68 68 R0 pano_camera7/frame_0252_hp_preview.jpg
-3.097031 0.959609 2.100739 255 68 68 R0 pano_camera7/frame_0253_hp_preview.jpg
-3.369091 0.974138 2.425889 255 68 68 R0 pano_camera7/frame_0254_hp_preview.jpg
-3.411707 0.971058 2.431370 255 68 68 R0 pano_camera7/frame_0255_hp_preview.jpg
-3.843498 1.007202 2.075157 255 68 68 R0 pano_camera7/frame_0256_hp_preview.jpg
-3.974136 1.132130 1.900482 255 68 68 R0 pano_camera7/frame_0257_hp_preview.jpg
-4.023894 1.212950 1.833319 255 68 68 R0 pano_camera7/frame_0258_hp_preview.jpg
-4.102514 1.285512 1.709526 255 68 68 R0 pano_camera7/frame_0259_hp_preview.jpg
-4.284628 1.531911 1.435316 255 68 68 R0 pano_camera7/frame_0260_hp_preview.jpg
-4.287286 1.534577 1.429027 255 68 68 R0 pano_camera7/frame_0261_hp_preview.jpg
-4.501125 1.789996 1.164756 255 68 68 R0 pano_camera7/frame_0262_hp_preview.jpg
-4.511675 1.799263 1.158046 255 68 68 R0 pano_camera7/frame_0263_hp_preview.jpg
-4.617875 1.941279 1.019544 255 68 68 R0 pano_camera7/frame_0264_hp_preview.jpg
-4.781109 2.116446 0.812103 255 68 68 R0 pano_camera7/frame_0265_hp_preview.jpg
-4.827874 2.248662 0.584883 255 68 68 R0 pano_camera7/frame_0266_hp_preview.jpg
-4.815113 2.322622 0.375227 255 68 68 R0 pano_camera7/frame_0267_hp_preview.jpg
-4.613403 2.315039 0.143049 255 68 68 R0 pano_camera7/frame_0268_hp_preview.jpg
-4.240179 2.319601 -0.221782 255 68 68 R0 pano_camera7/frame_0269_hp_preview.jpg
-4.054026 2.336600 -0.376812 255 68 68 R0 pano_camera7/frame_0270_hp_preview.jpg
-3.686228 2.328807 -0.638275 255 68 68 R0 pano_camera7/frame_0271_hp_preview.jpg
-3.345676 2.330738 -0.887776 255 68 68 R0 pano_camera7/frame_0272_hp_preview.jpg
-3.162551 2.339967 -1.034421 255 68 68 R0 pano_camera7/frame_0273_hp_preview.jpg
-2.574146 2.332355 -1.481636 255 68 68 R0 pano_camera7/frame_0274_hp_preview.jpg
-2.515935 2.335841 -1.538048 255 68 68 R0 pano_camera7/frame_0275_hp_preview.jpg
-2.044097 2.336912 -1.910749 255 68 68 R0 pano_camera7/frame_0276_hp_preview.jpg
-1.905581 2.341615 -2.037960 255 68 68 R0 pano_camera7/frame_0277_hp_preview.jpg
-1.487186 2.356525 -2.444841 255 68 68 R0 pano_camera7/frame_0278_hp_preview.jpg
-1.249744 2.352736 -2.614841 255 68 68 R0 pano_camera7/frame_0279_hp_preview.jpg
-0.665292 2.354980 -3.115972 255 68 68 R0 pano_camera7/frame_0280_hp_preview.jpg
-0.552655 2.352316 -3.197966 255 68 68 R0 pano_camera7/frame_0281_hp_preview.jpg
-0.401055 2.346861 -3.351211 255 68 68 R0 pano_camera7/frame_0282_hp_preview.jpg
-0.323174 2.343666 -3.585867 255 68 68 R0 pano_camera7/frame_0283_hp_preview.jpg
-0.502024 2.333240 -3.973022 255 68 68 R0 pano_camera7/frame_0284_hp_preview.jpg
-0.539199 2.330755 -3.999491 255 68 68 R0 pano_camera7/frame_0285_hp_preview.jpg
-0.794367 2.329326 -4.204872 255 68 68 R0 pano_camera7/frame_0286_hp_preview.jpg
-0.994754 2.344182 -4.212671 255 68 68 R0 pano_camera7/frame_0287_hp_preview.jpg
-1.255966 2.353767 -4.227620 255 68 68 R0 pano_camera7/frame_0288_hp_preview.jpg
-1.410896 2.359227 -4.303508 255 68 68 R0 pano_camera7/frame_0289_hp_preview.jpg
-1.517127 2.356547 -4.557450 255 68 68 R0 pano_camera7/frame_0290_hp_preview.jpg
-1.613566 2.344561 -5.105401 255 68 68 R0 pano_camera7/frame_0291_hp_preview.jpg
-1.678647 2.343525 -5.317978 255 68 68 R0 pano_camera7/frame_0292_hp_preview.jpg
-1.721316 2.337698 -5.495208 255 68 68 R0 pano_camera7/frame_0293_hp_preview.jpg
-2.181514 2.321887 -5.940430 255 68 68 R0 pano_camera7/frame_0294_hp_preview.jpg
-2.231654 2.323116 -5.952500 255 68 68 R0 pano_camera7/frame_0295_hp_preview.jpg
-2.773379 2.318555 -5.759770 255 68 68 R0 pano_camera7/frame_0296_hp_preview.jpg
-2.873105 2.325353 -5.413909 255 68 68 R0 pano_camera7/frame_0297_hp_preview.jpg
-2.900476 2.314969 -5.103800 255 68 68 R0 pano_camera7/frame_0298_hp_preview.jpg
-2.912365 2.321776 -4.861687 255 68 68 R0 pano_camera7/frame_0299_hp_preview.jpg
-2.943292 2.328712 -4.399486 255 68 68 R0 pano_camera7/frame_0300_hp_preview.jpg
-2.945774 2.315049 -4.079509 255 68 68 R0 pano_camera7/frame_0301_hp_preview.jpg
-2.915258 2.312039 -3.758386 255 68 68 R0 pano_camera7/frame_0302_hp_preview.jpg
-2.800882 2.326510 -3.320460 255 68 68 R0 pano_camera7/frame_0303_hp_preview.jpg
-2.751191 2.322602 -3.096555 255 68 68 R0 pano_camera7/frame_0304_hp_preview.jpg
-2.687207 2.318960 -2.568165 255 68 68 R0 pano_camera7/frame_0305_hp_preview.jpg
-2.749240 2.311666 -2.042412 255 68 68 R0 pano_camera7/frame_0306_hp_preview.jpg
-2.848031 2.307267 -1.709040 255 68 68 R0 pano_camera7/frame_0307_hp_preview.jpg
-2.893583 2.313474 -1.632227 255 68 68 R0 pano_camera7/frame_0308_hp_preview.jpg
-3.277818 2.316027 -1.347847 255 68 68 R0 pano_camera7/frame_0309_hp_preview.jpg
-3.746075 2.328373 -1.354382 255 68 68 R0 pano_camera7/frame_0310_hp_preview.jpg
-3.976446 2.314829 -1.575417 255 68 68 R0 pano_camera7/frame_0311_hp_preview.jpg
-4.144673 2.325052 -1.990557 255 68 68 R0 pano_camera7/frame_0312_hp_preview.jpg
-4.212660 2.325117 -2.302047 255 68 68 R0 pano_camera7/frame_0313_hp_preview.jpg
-4.245860 2.323622 -2.583865 255 68 68 R0 pano_camera7/frame_0314_hp_preview.jpg
-4.345230 2.323845 -3.270576 255 68 68 R0 pano_camera7/frame_0315_hp_preview.jpg
-4.357139 2.327493 -3.320502 255 68 68 R0 pano_camera7/frame_0316_hp_preview.jpg
-4.471664 2.316685 -3.757194 255 68 68 R0 pano_camera7/frame_0317_hp_preview.jpg
-4.749019 2.306162 -4.151091 255 68 68 R0 pano_camera7/frame_0318_hp_preview.jpg
-4.875899 2.307181 -4.161241 255 68 68 R0 pano_camera7/frame_0319_hp_preview.jpg
-5.220439 2.328653 -4.064956 255 68 68 R0 pano_camera7/frame_0320_hp_preview.jpg
-5.744360 2.333274 -3.585582 255 68 68 R0 pano_camera7/frame_0321_hp_preview.jpg
-5.772522 2.332667 -3.553220 255 68 68 R0 pano_camera7/frame_0322_hp_preview.jpg
-5.888215 2.321294 -3.086972 255 68 68 R0 pano_camera7/frame_0323_hp_preview.jpg
-5.830866 2.331979 -2.611089 255 68 68 R0 pano_camera7/frame_0324_hp_preview.jpg
-5.837207 2.324568 -2.562706 255 68 68 R0 pano_camera7/frame_0325_hp_preview.jpg
-6.054676 2.321059 -2.113294 255 68 68 R0 pano_camera7/frame_0326_hp_preview.jpg
-6.319843 2.318549 -2.063539 255 68 68 R0 pano_camera7/frame_0327_hp_preview.jpg
-6.454398 2.327406 -2.103335 255 68 68 R0 pano_camera7/frame_0328_hp_preview.jpg
-6.647625 2.330917 -2.240943 255 68 68 R0 pano_camera7/frame_0329_hp_preview.jpg
-7.001360 2.335510 -2.372368 255 68 68 R0 pano_camera7/frame_0330_hp_preview.jpg
-7.117804 2.334144 -2.282753 255 68 68 R0 pano_camera7/frame_0331_hp_preview.jpg
-6.966423 2.325155 -1.882587 255 68 68 R0 pano_camera7/frame_0332_hp_preview.jpg
-6.794983 2.317974 -1.753940 255 68 68 R0 pano_camera7/frame_0333_hp_preview.jpg
-6.528174 2.315910 -1.471509 255 68 68 R0 pano_camera7/frame_0334_hp_preview.jpg
-6.426189 2.319345 -1.293347 255 68 68 R0 pano_camera7/frame_0335_hp_preview.jpg
-6.303376 2.311228 -1.100222 255 68 68 R0 pano_camera7/frame_0336_hp_preview.jpg
-6.076771 2.304669 -0.640906 255 68 68 R0 pano_camera7/frame_0337_hp_preview.jpg
-5.966352 2.308673 -0.409975 255 68 68 R0 pano_camera7/frame_0338_hp_preview.jpg
-5.727826 2.305294 0.203572 255 68 68 R0 pano_camera7/frame_0339_hp_preview.jpg
-5.631897 2.332418 0.608024 255 68 68 R0 pano_camera7/frame_0340_hp_preview.jpg
-5.599201 2.326668 0.714729 255 68 68 R0 pano_camera7/frame_0341_hp_preview.jpg
-5.471098 2.329770 1.019205 255 68 68 R0 pano_camera7/frame_0342_hp_preview.jpg
-5.237816 2.336612 1.368667 255 68 68 R0 pano_camera7/frame_0343_hp_preview.jpg
-5.282187 2.345905 1.716299 255 68 68 R0 pano_camera7/frame_0344_hp_preview.jpg
-5.534169 2.346679 1.633253 255 68 68 R0 pano_camera7/frame_0345_hp_preview.jpg
-5.731143 2.341132 1.448664 255 68 68 R0 pano_camera7/frame_0346_hp_preview.jpg
-5.832653 2.339190 1.241274 255 68 68 R0 pano_camera7/frame_0347_hp_preview.jpg
-5.957530 2.338941 1.011021 255 68 68 R0 pano_camera7/frame_0348_hp_preview.jpg
-6.254340 2.326111 0.466059 255 68 68 R0 pano_camera7/frame_0349_hp_preview.jpg
-6.451280 2.311973 0.257656 255 68 68 R0 pano_camera7/frame_0350_hp_preview.jpg
-6.605701 2.306757 0.109651 255 68 68 R0 pano_camera7/frame_0351_hp_preview.jpg
-7.047004 2.308471 -0.094025 255 68 68 R0 pano_camera7/frame_0352_hp_preview.jpg
-7.268861 2.321854 -0.126007 255 68 68 R0 pano_camera7/frame_0353_hp_preview.jpg
-7.628767 2.326634 -0.299013 255 68 68 R0 pano_camera7/frame_0354_hp_preview.jpg
-7.744041 2.337924 -0.476610 255 68 68 R0 pano_camera7/frame_0355_hp_preview.jpg
-7.665509 2.344193 -0.895429 255 68 68 R0 pano_camera7/frame_0356_hp_preview.jpg
-7.592694 2.328519 -1.186347 255 68 68 R0 pano_camera7/frame_0357_hp_preview.jpg
-7.549000 2.309526 -1.269202 255 68 68 R0 pano_camera7/frame_0358_hp_preview.jpg
-7.517492 2.300343 -1.292245 255 68 68 R0 pano_camera7/frame_0359_hp_preview.jpg
-7.565060 2.315389 -1.298283 255 68 68 R0 pano_camera7/frame_0360_hp_preview.jpg
-7.565177 2.314325 -1.302483 255 68 68 R0 pano_camera7/frame_0361_hp_preview.jpg
-7.675005 2.321490 -1.569044 255 68 68 R0 pano_camera7/frame_0362_hp_preview.jpg
-7.807912 2.326013 -1.627014 255 68 68 R0 pano_camera7/frame_0363_hp_preview.jpg
-8.068752 2.355316 -1.644247 255 68 68 R0 pano_camera7/frame_0364_hp_preview.jpg
-8.149675 2.357676 -1.589822 255 68 68 R0 pano_camera7/frame_0365_hp_preview.jpg
-8.194933 2.351146 -1.191919 255 68 68 R0 pano_camera7/frame_0366_hp_preview.jpg
-8.171759 2.348156 -1.131861 255 68 68 R0 pano_camera7/frame_0367_hp_preview.jpg
-8.031922 2.336494 -0.828796 255 68 68 R0 pano_camera7/frame_0368_hp_preview.jpg
-7.732799 2.335995 -0.207553 255 68 68 R0 pano_camera7/frame_0369_hp_preview.jpg
-7.743658 2.308335 -0.004106 255 68 68 R0 pano_camera7/frame_0370_hp_preview.jpg
-7.882288 2.339818 0.136293 255 68 68 R0 pano_camera7/frame_0371_hp_preview.jpg
-8.209683 2.335934 0.076048 255 68 68 R0 pano_camera7/frame_0372_hp_preview.jpg
-8.462091 2.345668 -0.177131 255 68 68 R0 pano_camera7/frame_0373_hp_preview.jpg
-9.071527 2.342224 -0.539504 255 68 68 R0 pano_camera7/frame_0374_hp_preview.jpg
-9.263656 2.351582 -0.551092 255 68 68 R0 pano_camera7/frame_0375_hp_preview.jpg
-9.486327 2.363175 -0.477331 255 68 68 R0 pano_camera7/frame_0376_hp_preview.jpg
-9.661990 2.369214 -0.384699 255 68 68 R0 pano_camera7/frame_0377_hp_preview.jpg
-10.165474 2.399429 0.002762 255 68 68 R0 pano_camera7/frame_0378_hp_preview.jpg
-10.281955 2.390060 0.150910 255 68 68 R0 pano_camera7/frame_0379_hp_preview.jpg
-10.399107 2.388615 0.377664 255 68 68 R0 pano_camera7/frame_0380_hp_preview.jpg
-10.461207 2.269352 0.398962 255 68 68 R0 pano_camera7/frame_0381_hp_preview.jpg
-10.486549 2.140300 0.550958 255 68 68 R0 pano_camera7/frame_0382_hp_preview.jpg
-10.439896 2.345778 0.815700 255 68 68 R0 pano_camera7/frame_0383_hp_preview.jpg
-10.410526 2.359294 0.813759 255 68 68 R0 pano_camera7/frame_0384_hp_preview.jpg
-10.249956 2.370975 1.011378 255 68 68 R0 pano_camera7/frame_0385_hp_preview.jpg
-9.933187 2.381340 1.453448 255 68 68 R0 pano_camera7/frame_0386_hp_preview.jpg
-9.807975 2.380876 1.672247 255 68 68 R0 pano_camera7/frame_0387_hp_preview.jpg
-9.355329 2.383418 2.315472 255 68 68 R0 pano_camera7/frame_0388_hp_preview.jpg
-9.033271 2.375777 2.703613 255 68 68 R0 pano_camera7/frame_0389_hp_preview.jpg
-8.887511 2.365310 2.846912 255 68 68 R0 pano_camera7/frame_0390_hp_preview.jpg
-8.473196 2.370048 3.037945 255 68 68 R0 pano_camera7/frame_0391_hp_preview.jpg
-8.388742 2.366360 2.993467 255 68 68 R0 pano_camera7/frame_0392_hp_preview.jpg
-8.429153 2.365614 2.804422 255 68 68 R0 pano_camera7/frame_0393_hp_preview.jpg
-8.600744 2.356947 2.661615 255 68 68 R0 pano_camera7/frame_0394_hp_preview.jpg
-8.895951 2.350871 2.432310 255 68 68 R0 pano_camera7/frame_0395_hp_preview.jpg
-9.106399 2.351060 2.106867 255 68 68 R0 pano_camera7/frame_0396_hp_preview.jpg
-8.908634 2.368279 1.682909 255 68 68 R0 pano_camera7/frame_0397_hp_preview.jpg
-8.772078 2.364917 1.580618 255 68 68 R0 pano_camera7/frame_0398_hp_preview.jpg
-8.293757 2.368596 1.561476 255 68 68 R0 pano_camera7/frame_0399_hp_preview.jpg
-7.917137 2.353839 1.915755 255 68 68 R0 pano_camera7/frame_0400_hp_preview.jpg
-7.641713 2.351799 2.215374 255 68 68 R0 pano_camera7/frame_0401_hp_preview.jpg
-7.621294 2.350903 2.233719 255 68 68 R0 pano_camera7/frame_0402_hp_preview.jpg
-7.365419 2.346792 2.521492 255 68 68 R0 pano_camera7/frame_0403_hp_preview.jpg
-6.844625 2.344812 2.514790 255 68 68 R0 pano_camera7/frame_0404_hp_preview.jpg
-6.816026 2.350730 2.484914 255 68 68 R0 pano_camera7/frame_0405_hp_preview.jpg
-6.662094 2.358365 2.027209 255 68 68 R0 pano_camera7/frame_0406_hp_preview.jpg
-6.926036 2.343942 1.667180 255 68 68 R0 pano_camera7/frame_0407_hp_preview.jpg
-7.071154 2.347305 1.483538 255 68 68 R0 pano_camera7/frame_0408_hp_preview.jpg
-7.182935 2.340438 1.352003 255 68 68 R0 pano_camera7/frame_0409_hp_preview.jpg
-7.293305 2.354426 1.006713 255 68 68 R0 pano_camera7/frame_0410_hp_preview.jpg
-6.970871 2.342845 0.469856 255 68 68 R0 pano_camera7/frame_0411_hp_preview.jpg
-6.909220 2.334509 0.412354 255 68 68 R0 pano_camera7/frame_0412_hp_preview.jpg
-6.777212 2.336931 0.229817 255 68 68 R0 pano_camera7/frame_0413_hp_preview.jpg
-6.798269 2.339222 0.224496 255 68 68 R0 pano_camera7/frame_0414_hp_preview.jpg
-6.799723 2.339564 0.225956 255 68 68 R0 pano_camera7/frame_0415_hp_preview.jpg
-6.796244 2.334987 0.224538 255 68 68 R0 pano_camera7/frame_0416_hp_preview.jpg

# Object R1: Green (720 points)
# Transform: Pos(0.000, -0.050, 0.000) Scale(1.000, 1.000, 1.000) Quat(0.000, -0.000, -0.011, 1.000)
-0.000298 -0.050783 2.744597 68 255 68 R1 pano_camera0/frame_0000_hp_preview.jpg
1.291791 -0.093212 3.188121 68 255 68 R1 pano_camera0/frame_0002_hp_preview.jpg
1.955988 -0.055813 3.404090 68 255 68 R1 pano_camera0/frame_0003_hp_preview.jpg
2.316939 -0.035862 3.531208 68 255 68 R1 pano_camera0/frame_0004_hp_preview.jpg
2.378524 0.210933 3.698957 68 255 68 R1 pano_camera0/frame_0005_hp_preview.jpg
2.193198 0.153374 3.513643 68 255 68 R1 pano_camera0/frame_0006_hp_preview.jpg
2.138399 0.065540 3.380320 68 255 68 R1 pano_camera0/frame_0007_hp_preview.jpg
2.134977 0.064411 3.389264 68 255 68 R1 pano_camera0/frame_0008_hp_preview.jpg
2.139700 0.076498 3.444101 68 255 68 R1 pano_camera0/frame_0009_hp_preview.jpg
2.143889 0.079793 3.447681 68 255 68 R1 pano_camera0/frame_0010_hp_preview.jpg
2.162841 0.092983 3.440315 68 255 68 R1 pano_camera0/frame_0011_hp_preview.jpg
2.110498 0.059472 3.439743 68 255 68 R1 pano_camera0/frame_0012_hp_preview.jpg
2.146057 0.070217 3.363078 68 255 68 R1 pano_camera0/frame_0013_hp_preview.jpg
2.207951 0.284932 3.464271 68 255 68 R1 pano_camera0/frame_0014_hp_preview.jpg
2.277128 0.280331 3.451794 68 255 68 R1 pano_camera0/frame_0015_hp_preview.jpg
2.271728 0.300202 3.383496 68 255 68 R1 pano_camera0/frame_0016_hp_preview.jpg
1.884227 0.293694 3.257308 68 255 68 R1 pano_camera0/frame_0017_hp_preview.jpg
1.447038 0.300210 3.064729 68 255 68 R1 pano_camera0/frame_0018_hp_preview.jpg
1.200615 0.304423 2.859739 68 255 68 R1 pano_camera0/frame_0019_hp_preview.jpg
1.018804 0.311951 2.550525 68 255 68 R1 pano_camera0/frame_0020_hp_preview.jpg
0.922380 0.307120 1.962260 68 255 68 R1 pano_camera0/frame_0021_hp_preview.jpg
0.831678 0.307414 0.979426 68 255 68 R1 pano_camera0/frame_0022_hp_preview.jpg
0.754947 0.298735 0.559632 68 255 68 R1 pano_camera0/frame_0023_hp_preview.jpg
0.766166 0.299601 0.253095 68 255 68 R1 pano_camera0/frame_0024_hp_preview.jpg
1.010468 0.310977 -0.254012 68 255 68 R1 pano_camera0/frame_0025_hp_preview.jpg
1.312108 0.336292 -0.491204 68 255 68 R1 pano_camera0/frame_0026_hp_preview.jpg
1.597645 0.340502 -0.586825 68 255 68 R1 pano_camera0/frame_0027_hp_preview.jpg
1.001336 0.328353 -0.868262 68 255 68 R1 pano_camera0/frame_0028_hp_preview.jpg
0.230290 0.338351 -1.024246 68 255 68 R1 pano_camera0/frame_0029_hp_preview.jpg
-0.466020 0.335889 -1.215430 68 255 68 R1 pano_camera0/frame_0030_hp_preview.jpg
-0.903419 0.353364 -1.480382 68 255 68 R1 pano_camera0/frame_0031_hp_preview.jpg
-0.973467 0.345075 -1.955324 68 255 68 R1 pano_camera0/frame_0032_hp_preview.jpg
-0.848276 0.339074 -2.216205 68 255 68 R1 pano_camera0/frame_0033_hp_preview.jpg
-0.065021 0.365950 -2.564372 68 255 68 R1 pano_camera0/frame_0034_hp_preview.jpg
0.174299 0.367185 -2.497628 68 255 68 R1 pano_camera0/frame_0035_hp_preview.jpg
0.762048 0.345705 -2.289658 68 255 68 R1 pano_camera0/frame_0036_hp_preview.jpg
1.222257 0.361722 -2.196297 68 255 68 R1 pano_camera0/frame_0037_hp_preview.jpg
1.651359 0.353112 -2.117307 68 255 68 R1 pano_camera0/frame_0038_hp_preview.jpg
2.391417 0.321459 -2.365080 68 255 68 R1 pano_camera0/frame_0039_hp_preview.jpg
2.733816 0.350856 -2.717995 68 255 68 R1 pano_camera0/frame_0040_hp_preview.jpg
2.779537 0.360793 -2.794543 68 255 68 R1 pano_camera0/frame_0041_hp_preview.jpg
3.149419 0.356144 -3.431225 68 255 68 R1 pano_camera0/frame_0042_hp_preview.jpg
3.521747 0.469590 -3.761730 68 255 68 R1 pano_camera0/frame_0043_hp_preview.jpg
3.969876 0.464965 -3.650894 68 255 68 R1 pano_camera0/frame_0044_hp_preview.jpg
4.625883 0.447385 -3.622684 68 255 68 R1 pano_camera0/frame_0045_hp_preview.jpg
4.763631 0.447787 -3.831557 68 255 68 R1 pano_camera0/frame_0046_hp_preview.jpg
4.734234 0.440006 -3.921846 68 255 68 R1 pano_camera0/frame_0047_hp_preview.jpg
4.557767 0.453056 -4.129758 68 255 68 R1 pano_camera0/frame_0048_hp_preview.jpg
3.948612 0.468469 -4.386336 68 255 68 R1 pano_camera0/frame_0049_hp_preview.jpg
3.132043 0.471718 -4.422605 68 255 68 R1 pano_camera0/frame_0050_hp_preview.jpg
3.096860 0.475721 -4.419495 68 255 68 R1 pano_camera0/frame_0051_hp_preview.jpg
2.265462 0.466088 -4.543301 68 255 68 R1 pano_camera0/frame_0052_hp_preview.jpg
2.080517 0.372939 -4.654669 68 255 68 R1 pano_camera0/frame_0053_hp_preview.jpg
1.886824 0.375956 -4.973958 68 255 68 R1 pano_camera0/frame_0054_hp_preview.jpg
1.099192 0.368057 -5.284332 68 255 68 R1 pano_camera0/frame_0055_hp_preview.jpg
0.715093 0.385472 -5.233302 68 255 68 R1 pano_camera0/frame_0056_hp_preview.jpg
0.311253 0.379816 -5.129332 68 255 68 R1 pano_camera0/frame_0057_hp_preview.jpg
0.048676 0.379522 -5.065680 68 255 68 R1 pano_camera0/frame_0058_hp_preview.jpg
-0.236493 0.358616 -4.716508 68 255 68 R1 pano_camera0/frame_0059_hp_preview.jpg
-0.497001 0.371842 -4.156921 68 255 68 R1 pano_camera0/frame_0060_hp_preview.jpg
-0.638663 0.380267 -3.872219 68 255 68 R1 pano_camera0/frame_0061_hp_preview.jpg
-0.912246 0.339568 -2.915228 68 255 68 R1 pano_camera0/frame_0062_hp_preview.jpg
-1.137730 0.345075 -2.198893 68 255 68 R1 pano_camera0/frame_0063_hp_preview.jpg
-1.178696 0.346392 -2.069244 68 255 68 R1 pano_camera0/frame_0064_hp_preview.jpg
-1.673888 0.318306 -1.301095 68 255 68 R1 pano_camera0/frame_0065_hp_preview.jpg
-1.860056 0.320629 -1.168377 68 255 68 R1 pano_camera0/frame_0066_hp_preview.jpg
-2.397757 0.308422 -0.534366 68 255 68 R1 pano_camera0/frame_0067_hp_preview.jpg
-2.713241 0.310421 0.195898 68 255 68 R1 pano_camera0/frame_0068_hp_preview.jpg
-2.757538 0.314433 0.306686 68 255 68 R1 pano_camera0/frame_0069_hp_preview.jpg
-2.626359 0.300949 1.132725 68 255 68 R1 pano_camera0/frame_0070_hp_preview.jpg
-2.181736 0.286388 1.575110 68 255 68 R1 pano_camera0/frame_0071_hp_preview.jpg
-1.723740 0.286836 1.822808 68 255 68 R1 pano_camera0/frame_0072_hp_preview.jpg
-1.633373 0.288682 1.850554 68 255 68 R1 pano_camera0/frame_0073_hp_preview.jpg
-1.009739 0.284191 2.170208 68 255 68 R1 pano_camera0/frame_0074_hp_preview.jpg
-0.330524 0.290366 2.593410 68 255 68 R1 pano_camera0/frame_0075_hp_preview.jpg
-0.062841 0.277910 2.756633 68 255 68 R1 pano_camera0/frame_0076_hp_preview.jpg
0.536938 0.290420 3.106000 68 255 68 R1 pano_camera0/frame_0077_hp_preview.jpg
1.234410 0.302032 3.487120 68 255 68 R1 pano_camera0/frame_0078_hp_preview.jpg
2.129039 0.275945 4.119408 68 255 68 R1 pano_camera0/frame_0079_hp_preview.jpg
2.512108 0.282830 4.696837 68 255 68 R1 pano_camera0/frame_0080_hp_preview.jpg
-1.739449 0.297737 3.111498 68 255 68 R1 pano_camera0/frame_0118_hp_preview.jpg
-1.716438 0.305530 2.655179 68 255 68 R1 pano_camera0/frame_0119_hp_preview.jpg
-2.082450 0.311754 2.039567 68 255 68 R1 pano_camera0/frame_0120_hp_preview.jpg
-2.427834 0.307879 1.803865 68 255 68 R1 pano_camera0/frame_0121_hp_preview.jpg
-2.741037 0.317362 1.665195 68 255 68 R1 pano_camera0/frame_0122_hp_preview.jpg
-3.408676 0.327001 1.547439 68 255 68 R1 pano_camera0/frame_0123_hp_preview.jpg
-3.935628 0.330021 1.691809 68 255 68 R1 pano_camera0/frame_0124_hp_preview.jpg
-4.062540 0.322898 2.038181 68 255 68 R1 pano_camera0/frame_0125_hp_preview.jpg
-4.066329 0.344455 2.251534 68 255 68 R1 pano_camera0/frame_0126_hp_preview.jpg
-3.935521 0.315963 -0.226729 68 255 68 R1 pano_camera0/frame_0197_hp_preview.jpg
-0.000298 -0.050783 2.744597 68 255 68 R1 pano_camera1/frame_0000_hp_preview.jpg
1.291791 -0.093212 3.188121 68 255 68 R1 pano_camera1/frame_0002_hp_preview.jpg
1.955988 -0.055813 3.404090 68 255 68 R1 pano_camera1/frame_0003_hp_preview.jpg
2.316939 -0.035862 3.531208 68 255 68 R1 pano_camera1/frame_0004_hp_preview.jpg
2.378524 0.210933 3.698957 68 255 68 R1 pano_camera1/frame_0005_hp_preview.jpg
2.193198 0.153374 3.513643 68 255 68 R1 pano_camera1/frame_0006_hp_preview.jpg
2.138399 0.065540 3.380320 68 255 68 R1 pano_camera1/frame_0007_hp_preview.jpg
2.134977 0.064411 3.389264 68 255 68 R1 pano_camera1/frame_0008_hp_preview.jpg
2.139700 0.076498 3.444101 68 255 68 R1 pano_camera1/frame_0009_hp_preview.jpg
2.143889 0.079793 3.447681 68 255 68 R1 pano_camera1/frame_0010_hp_preview.jpg
2.162841 0.092983 3.440315 68 255 68 R1 pano_camera1/frame_0011_hp_preview.jpg
2.110498 0.059472 3.439743 68 255 68 R1 pano_camera1/frame_0012_hp_preview.jpg
2.146057 0.070217 3.363078 68 255 68 R1 pano_camera1/frame_0013_hp_preview.jpg
2.207951 0.284932 3.464271 68 255 68 R1 pano_camera1/frame_0014_hp_preview.jpg
2.277128 0.280331 3.451794 68 255 68 R1 pano_camera1/frame_0015_hp_preview.jpg
2.271728 0.300202 3.383496 68 255 68 R1 pano_camera1/frame_0016_hp_preview.jpg
1.884227 0.293694 3.257308 68 255 68 R1 pano_camera1/frame_0017_hp_preview.jpg
1.447038 0.300210 3.064729 68 255 68 R1 pano_camera1/frame_0018_hp_preview.jpg
1.200615 0.304423 2.859739 68 255 68 R1 pano_camera1/frame_0019_hp_preview.jpg
1.018804 0.311951 2.550525 68 255 68 R1 pano_camera1/frame_0020_hp_preview.jpg
0.922380 0.307120 1.962260 68 255 68 R1 pano_camera1/frame_0021_hp_preview.jpg
0.831678 0.307414 0.979426 68 255 68 R1 pano_camera1/frame_0022_hp_preview.jpg
0.754947 0.298735 0.559632 68 255 68 R1 pano_camera1/frame_0023_hp_preview.jpg
0.766166 0.299601 0.253095 68 255 68 R1 pano_camera1/frame_0024_hp_preview.jpg
1.010468 0.310977 -0.254012 68 255 68 R1 pano_camera1/frame_0025_hp_preview.jpg
1.312108 0.336292 -0.491204 68 255 68 R1 pano_camera1/frame_0026_hp_preview.jpg
1.597645 0.340502 -0.586825 68 255 68 R1 pano_camera1/frame_0027_hp_preview.jpg
1.001336 0.328353 -0.868262 68 255 68 R1 pano_camera1/frame_0028_hp_preview.jpg
0.230290 0.338351 -1.024246 68 255 68 R1 pano_camera1/frame_0029_hp_preview.jpg
-0.466020 0.335889 -1.215430 68 255 68 R1 pano_camera1/frame_0030_hp_preview.jpg
-0.903419 0.353364 -1.480382 68 255 68 R1 pano_camera1/frame_0031_hp_preview.jpg
-0.973467 0.345075 -1.955324 68 255 68 R1 pano_camera1/frame_0032_hp_preview.jpg
-0.848276 0.339074 -2.216205 68 255 68 R1 pano_camera1/frame_0033_hp_preview.jpg
-0.065021 0.365950 -2.564372 68 255 68 R1 pano_camera1/frame_0034_hp_preview.jpg
0.174299 0.367185 -2.497628 68 255 68 R1 pano_camera1/frame_0035_hp_preview.jpg
0.762048 0.345705 -2.289658 68 255 68 R1 pano_camera1/frame_0036_hp_preview.jpg
1.222257 0.361722 -2.196297 68 255 68 R1 pano_camera1/frame_0037_hp_preview.jpg
1.651359 0.353112 -2.117307 68 255 68 R1 pano_camera1/frame_0038_hp_preview.jpg
2.391417 0.321459 -2.365080 68 255 68 R1 pano_camera1/frame_0039_hp_preview.jpg
2.733816 0.350856 -2.717995 68 255 68 R1 pano_camera1/frame_0040_hp_preview.jpg
2.779537 0.360793 -2.794543 68 255 68 R1 pano_camera1/frame_0041_hp_preview.jpg
3.149419 0.356144 -3.431225 68 255 68 R1 pano_camera1/frame_0042_hp_preview.jpg
3.521747 0.469590 -3.761730 68 255 68 R1 pano_camera1/frame_0043_hp_preview.jpg
3.969876 0.464965 -3.650894 68 255 68 R1 pano_camera1/frame_0044_hp_preview.jpg
4.625883 0.447385 -3.622684 68 255 68 R1 pano_camera1/frame_0045_hp_preview.jpg
4.763631 0.447787 -3.831557 68 255 68 R1 pano_camera1/frame_0046_hp_preview.jpg
4.734234 0.440006 -3.921846 68 255 68 R1 pano_camera1/frame_0047_hp_preview.jpg
4.557767 0.453056 -4.129758 68 255 68 R1 pano_camera1/frame_0048_hp_preview.jpg
3.948612 0.468469 -4.386336 68 255 68 R1 pano_camera1/frame_0049_hp_preview.jpg
3.132043 0.471718 -4.422605 68 255 68 R1 pano_camera1/frame_0050_hp_preview.jpg
3.096860 0.475721 -4.419495 68 255 68 R1 pano_camera1/frame_0051_hp_preview.jpg
2.265462 0.466088 -4.543301 68 255 68 R1 pano_camera1/frame_0052_hp_preview.jpg
2.080517 0.372939 -4.654669 68 255 68 R1 pano_camera1/frame_0053_hp_preview.jpg
1.886824 0.375956 -4.973958 68 255 68 R1 pano_camera1/frame_0054_hp_preview.jpg
1.099192 0.368057 -5.284332 68 255 68 R1 pano_camera1/frame_0055_hp_preview.jpg
0.715093 0.385472 -5.233302 68 255 68 R1 pano_camera1/frame_0056_hp_preview.jpg
0.311253 0.379816 -5.129332 68 255 68 R1 pano_camera1/frame_0057_hp_preview.jpg
0.048676 0.379522 -5.065680 68 255 68 R1 pano_camera1/frame_0058_hp_preview.jpg
-0.236493 0.358616 -4.716508 68 255 68 R1 pano_camera1/frame_0059_hp_preview.jpg
-0.497001 0.371842 -4.156921 68 255 68 R1 pano_camera1/frame_0060_hp_preview.jpg
-0.638663 0.380267 -3.872219 68 255 68 R1 pano_camera1/frame_0061_hp_preview.jpg
-0.912246 0.339568 -2.915228 68 255 68 R1 pano_camera1/frame_0062_hp_preview.jpg
-1.137730 0.345075 -2.198893 68 255 68 R1 pano_camera1/frame_0063_hp_preview.jpg
-1.178696 0.346392 -2.069244 68 255 68 R1 pano_camera1/frame_0064_hp_preview.jpg
-1.673888 0.318306 -1.301095 68 255 68 R1 pano_camera1/frame_0065_hp_preview.jpg
-1.860056 0.320629 -1.168377 68 255 68 R1 pano_camera1/frame_0066_hp_preview.jpg
-2.397757 0.308422 -0.534366 68 255 68 R1 pano_camera1/frame_0067_hp_preview.jpg
-2.713241 0.310421 0.195898 68 255 68 R1 pano_camera1/frame_0068_hp_preview.jpg
-2.757538 0.314433 0.306686 68 255 68 R1 pano_camera1/frame_0069_hp_preview.jpg
-2.626359 0.300949 1.132725 68 255 68 R1 pano_camera1/frame_0070_hp_preview.jpg
-2.181736 0.286388 1.575110 68 255 68 R1 pano_camera1/frame_0071_hp_preview.jpg
-1.723740 0.286836 1.822808 68 255 68 R1 pano_camera1/frame_0072_hp_preview.jpg
-1.633373 0.288682 1.850554 68 255 68 R1 pano_camera1/frame_0073_hp_preview.jpg
-1.009739 0.284191 2.170208 68 255 68 R1 pano_camera1/frame_0074_hp_preview.jpg
-0.330524 0.290366 2.593410 68 255 68 R1 pano_camera1/frame_0075_hp_preview.jpg
-0.062841 0.277910 2.756633 68 255 68 R1 pano_camera1/frame_0076_hp_preview.jpg
0.536938 0.290420 3.106000 68 255 68 R1 pano_camera1/frame_0077_hp_preview.jpg
1.234410 0.302032 3.487120 68 255 68 R1 pano_camera1/frame_0078_hp_preview.jpg
2.129039 0.275945 4.119408 68 255 68 R1 pano_camera1/frame_0079_hp_preview.jpg
2.512108 0.282830 4.696837 68 255 68 R1 pano_camera1/frame_0080_hp_preview.jpg
-1.739449 0.297737 3.111498 68 255 68 R1 pano_camera1/frame_0118_hp_preview.jpg
-1.716438 0.305530 2.655179 68 255 68 R1 pano_camera1/frame_0119_hp_preview.jpg
-2.082450 0.311754 2.039567 68 255 68 R1 pano_camera1/frame_0120_hp_preview.jpg
-2.427834 0.307879 1.803865 68 255 68 R1 pano_camera1/frame_0121_hp_preview.jpg
-2.741037 0.317362 1.665195 68 255 68 R1 pano_camera1/frame_0122_hp_preview.jpg
-3.408676 0.327001 1.547439 68 255 68 R1 pano_camera1/frame_0123_hp_preview.jpg
-3.935628 0.330021 1.691809 68 255 68 R1 pano_camera1/frame_0124_hp_preview.jpg
-4.062540 0.322898 2.038181 68 255 68 R1 pano_camera1/frame_0125_hp_preview.jpg
-4.066329 0.344455 2.251534 68 255 68 R1 pano_camera1/frame_0126_hp_preview.jpg
-3.935521 0.315963 -0.226729 68 255 68 R1 pano_camera1/frame_0197_hp_preview.jpg
-0.000298 -0.050783 2.744597 68 255 68 R1 pano_camera2/frame_0000_hp_preview.jpg
1.291791 -0.093212 3.188121 68 255 68 R1 pano_camera2/frame_0002_hp_preview.jpg
1.955988 -0.055813 3.404090 68 255 68 R1 pano_camera2/frame_0003_hp_preview.jpg
2.316939 -0.035862 3.531208 68 255 68 R1 pano_camera2/frame_0004_hp_preview.jpg
2.378524 0.210933 3.698957 68 255 68 R1 pano_camera2/frame_0005_hp_preview.jpg
2.193198 0.153374 3.513643 68 255 68 R1 pano_camera2/frame_0006_hp_preview.jpg
2.138399 0.065540 3.380320 68 255 68 R1 pano_camera2/frame_0007_hp_preview.jpg
2.134977 0.064411 3.389264 68 255 68 R1 pano_camera2/frame_0008_hp_preview.jpg
2.139700 0.076498 3.444101 68 255 68 R1 pano_camera2/frame_0009_hp_preview.jpg
2.143889 0.079793 3.447681 68 255 68 R1 pano_camera2/frame_0010_hp_preview.jpg
2.162841 0.092983 3.440315 68 255 68 R1 pano_camera2/frame_0011_hp_preview.jpg
2.110498 0.059472 3.439743 68 255 68 R1 pano_camera2/frame_0012_hp_preview.jpg
2.146057 0.070217 3.363078 68 255 68 R1 pano_camera2/frame_0013_hp_preview.jpg
2.207951 0.284932 3.464271 68 255 68 R1 pano_camera2/frame_0014_hp_preview.jpg
2.277128 0.280331 3.451794 68 255 68 R1 pano_camera2/frame_0015_hp_preview.jpg
2.271728 0.300202 3.383496 68 255 68 R1 pano_camera2/frame_0016_hp_preview.jpg
1.884227 0.293694 3.257308 68 255 68 R1 pano_camera2/frame_0017_hp_preview.jpg
1.447038 0.300210 3.064729 68 255 68 R1 pano_camera2/frame_0018_hp_preview.jpg
1.200615 0.304423 2.859739 68 255 68 R1 pano_camera2/frame_0019_hp_preview.jpg
1.018804 0.311951 2.550525 68 255 68 R1 pano_camera2/frame_0020_hp_preview.jpg
0.922380 0.307120 1.962260 68 255 68 R1 pano_camera2/frame_0021_hp_preview.jpg
0.831678 0.307414 0.979426 68 255 68 R1 pano_camera2/frame_0022_hp_preview.jpg
0.754947 0.298735 0.559632 68 255 68 R1 pano_camera2/frame_0023_hp_preview.jpg
0.766166 0.299601 0.253095 68 255 68 R1 pano_camera2/frame_0024_hp_preview.jpg
1.010468 0.310977 -0.254012 68 255 68 R1 pano_camera2/frame_0025_hp_preview.jpg
1.312108 0.336292 -0.491204 68 255 68 R1 pano_camera2/frame_0026_hp_preview.jpg
1.597645 0.340502 -0.586825 68 255 68 R1 pano_camera2/frame_0027_hp_preview.jpg
1.001336 0.328353 -0.868262 68 255 68 R1 pano_camera2/frame_0028_hp_preview.jpg
0.230290 0.338351 -1.024246 68 255 68 R1 pano_camera2/frame_0029_hp_preview.jpg
-0.466020 0.335889 -1.215430 68 255 68 R1 pano_camera2/frame_0030_hp_preview.jpg
-0.903419 0.353364 -1.480382 68 255 68 R1 pano_camera2/frame_0031_hp_preview.jpg
-0.973467 0.345075 -1.955324 68 255 68 R1 pano_camera2/frame_0032_hp_preview.jpg
-0.848276 0.339074 -2.216205 68 255 68 R1 pano_camera2/frame_0033_hp_preview.jpg
-0.065021 0.365950 -2.564372 68 255 68 R1 pano_camera2/frame_0034_hp_preview.jpg
0.174299 0.367185 -2.497628 68 255 68 R1 pano_camera2/frame_0035_hp_preview.jpg
0.762048 0.345705 -2.289658 68 255 68 R1 pano_camera2/frame_0036_hp_preview.jpg
1.222257 0.361722 -2.196297 68 255 68 R1 pano_camera2/frame_0037_hp_preview.jpg
1.651359 0.353112 -2.117307 68 255 68 R1 pano_camera2/frame_0038_hp_preview.jpg
2.391417 0.321459 -2.365080 68 255 68 R1 pano_camera2/frame_0039_hp_preview.jpg
2.733816 0.350856 -2.717995 68 255 68 R1 pano_camera2/frame_0040_hp_preview.jpg
2.779537 0.360793 -2.794543 68 255 68 R1 pano_camera2/frame_0041_hp_preview.jpg
3.149419 0.356144 -3.431225 68 255 68 R1 pano_camera2/frame_0042_hp_preview.jpg
3.521747 0.469590 -3.761730 68 255 68 R1 pano_camera2/frame_0043_hp_preview.jpg
3.969876 0.464965 -3.650894 68 255 68 R1 pano_camera2/frame_0044_hp_preview.jpg
4.625883 0.447385 -3.622684 68 255 68 R1 pano_camera2/frame_0045_hp_preview.jpg
4.763631 0.447787 -3.831557 68 255 68 R1 pano_camera2/frame_0046_hp_preview.jpg
4.734234 0.440006 -3.921846 68 255 68 R1 pano_camera2/frame_0047_hp_preview.jpg
4.557767 0.453056 -4.129758 68 255 68 R1 pano_camera2/frame_0048_hp_preview.jpg
3.948612 0.468469 -4.386336 68 255 68 R1 pano_camera2/frame_0049_hp_preview.jpg
3.132043 0.471718 -4.422605 68 255 68 R1 pano_camera2/frame_0050_hp_preview.jpg
3.096860 0.475721 -4.419495 68 255 68 R1 pano_camera2/frame_0051_hp_preview.jpg
2.265462 0.466088 -4.543301 68 255 68 R1 pano_camera2/frame_0052_hp_preview.jpg
2.080517 0.372939 -4.654669 68 255 68 R1 pano_camera2/frame_0053_hp_preview.jpg
1.886824 0.375956 -4.973958 68 255 68 R1 pano_camera2/frame_0054_hp_preview.jpg
1.099192 0.368057 -5.284332 68 255 68 R1 pano_camera2/frame_0055_hp_preview.jpg
0.715093 0.385472 -5.233302 68 255 68 R1 pano_camera2/frame_0056_hp_preview.jpg
0.311253 0.379816 -5.129332 68 255 68 R1 pano_camera2/frame_0057_hp_preview.jpg
0.048676 0.379522 -5.065680 68 255 68 R1 pano_camera2/frame_0058_hp_preview.jpg
-0.236493 0.358616 -4.716508 68 255 68 R1 pano_camera2/frame_0059_hp_preview.jpg
-0.497001 0.371842 -4.156921 68 255 68 R1 pano_camera2/frame_0060_hp_preview.jpg
-0.638663 0.380267 -3.872219 68 255 68 R1 pano_camera2/frame_0061_hp_preview.jpg
-0.912246 0.339568 -2.915228 68 255 68 R1 pano_camera2/frame_0062_hp_preview.jpg
-1.137730 0.345075 -2.198893 68 255 68 R1 pano_camera2/frame_0063_hp_preview.jpg
-1.178696 0.346392 -2.069244 68 255 68 R1 pano_camera2/frame_0064_hp_preview.jpg
-1.673888 0.318306 -1.301095 68 255 68 R1 pano_camera2/frame_0065_hp_preview.jpg
-1.860056 0.320629 -1.168377 68 255 68 R1 pano_camera2/frame_0066_hp_preview.jpg
-2.397757 0.308422 -0.534366 68 255 68 R1 pano_camera2/frame_0067_hp_preview.jpg
-2.713241 0.310421 0.195898 68 255 68 R1 pano_camera2/frame_0068_hp_preview.jpg
-2.757538 0.314433 0.306686 68 255 68 R1 pano_camera2/frame_0069_hp_preview.jpg
-2.626359 0.300949 1.132725 68 255 68 R1 pano_camera2/frame_0070_hp_preview.jpg
-2.181736 0.286388 1.575110 68 255 68 R1 pano_camera2/frame_0071_hp_preview.jpg
-1.723740 0.286836 1.822808 68 255 68 R1 pano_camera2/frame_0072_hp_preview.jpg
-1.633373 0.288682 1.850554 68 255 68 R1 pano_camera2/frame_0073_hp_preview.jpg
-1.009739 0.284191 2.170208 68 255 68 R1 pano_camera2/frame_0074_hp_preview.jpg
-0.330524 0.290366 2.593410 68 255 68 R1 pano_camera2/frame_0075_hp_preview.jpg
-0.062841 0.277910 2.756633 68 255 68 R1 pano_camera2/frame_0076_hp_preview.jpg
0.536938 0.290420 3.106000 68 255 68 R1 pano_camera2/frame_0077_hp_preview.jpg
1.234410 0.302032 3.487120 68 255 68 R1 pano_camera2/frame_0078_hp_preview.jpg
2.129039 0.275945 4.119408 68 255 68 R1 pano_camera2/frame_0079_hp_preview.jpg
2.512108 0.282830 4.696837 68 255 68 R1 pano_camera2/frame_0080_hp_preview.jpg
-1.739449 0.297737 3.111498 68 255 68 R1 pano_camera2/frame_0118_hp_preview.jpg
-1.716438 0.305530 2.655179 68 255 68 R1 pano_camera2/frame_0119_hp_preview.jpg
-2.082450 0.311754 2.039567 68 255 68 R1 pano_camera2/frame_0120_hp_preview.jpg
-2.427834 0.307879 1.803865 68 255 68 R1 pano_camera2/frame_0121_hp_preview.jpg
-2.741037 0.317362 1.665195 68 255 68 R1 pano_camera2/frame_0122_hp_preview.jpg
-3.408676 0.327001 1.547439 68 255 68 R1 pano_camera2/frame_0123_hp_preview.jpg
-3.935628 0.330021 1.691809 68 255 68 R1 pano_camera2/frame_0124_hp_preview.jpg
-4.062540 0.322898 2.038181 68 255 68 R1 pano_camera2/frame_0125_hp_preview.jpg
-4.066329 0.344455 2.251534 68 255 68 R1 pano_camera2/frame_0126_hp_preview.jpg
-3.935521 0.315963 -0.226729 68 255 68 R1 pano_camera2/frame_0197_hp_preview.jpg
-0.000298 -0.050783 2.744597 68 255 68 R1 pano_camera3/frame_0000_hp_preview.jpg
1.291791 -0.093212 3.188121 68 255 68 R1 pano_camera3/frame_0002_hp_preview.jpg
1.955988 -0.055813 3.404090 68 255 68 R1 pano_camera3/frame_0003_hp_preview.jpg
2.316939 -0.035862 3.531208 68 255 68 R1 pano_camera3/frame_0004_hp_preview.jpg
2.378524 0.210933 3.698957 68 255 68 R1 pano_camera3/frame_0005_hp_preview.jpg
2.193198 0.153374 3.513643 68 255 68 R1 pano_camera3/frame_0006_hp_preview.jpg
2.138399 0.065540 3.380320 68 255 68 R1 pano_camera3/frame_0007_hp_preview.jpg
2.134977 0.064411 3.389264 68 255 68 R1 pano_camera3/frame_0008_hp_preview.jpg
2.139700 0.076498 3.444101 68 255 68 R1 pano_camera3/frame_0009_hp_preview.jpg
2.143889 0.079793 3.447681 68 255 68 R1 pano_camera3/frame_0010_hp_preview.jpg
2.162841 0.092983 3.440315 68 255 68 R1 pano_camera3/frame_0011_hp_preview.jpg
2.110498 0.059472 3.439743 68 255 68 R1 pano_camera3/frame_0012_hp_preview.jpg
2.146057 0.070217 3.363078 68 255 68 R1 pano_camera3/frame_0013_hp_preview.jpg
2.207951 0.284932 3.464271 68 255 68 R1 pano_camera3/frame_0014_hp_preview.jpg
2.277128 0.280331 3.451794 68 255 68 R1 pano_camera3/frame_0015_hp_preview.jpg
2.271728 0.300202 3.383496 68 255 68 R1 pano_camera3/frame_0016_hp_preview.jpg
1.884227 0.293694 3.257308 68 255 68 R1 pano_camera3/frame_0017_hp_preview.jpg
1.447038 0.300210 3.064729 68 255 68 R1 pano_camera3/frame_0018_hp_preview.jpg
1.200615 0.304423 2.859739 68 255 68 R1 pano_camera3/frame_0019_hp_preview.jpg
1.018804 0.311951 2.550525 68 255 68 R1 pano_camera3/frame_0020_hp_preview.jpg
0.922380 0.307120 1.962260 68 255 68 R1 pano_camera3/frame_0021_hp_preview.jpg
0.831678 0.307414 0.979426 68 255 68 R1 pano_camera3/frame_0022_hp_preview.jpg
0.754947 0.298735 0.559632 68 255 68 R1 pano_camera3/frame_0023_hp_preview.jpg
0.766166 0.299601 0.253095 68 255 68 R1 pano_camera3/frame_0024_hp_preview.jpg
1.010468 0.310977 -0.254012 68 255 68 R1 pano_camera3/frame_0025_hp_preview.jpg
1.312108 0.336292 -0.491204 68 255 68 R1 pano_camera3/frame_0026_hp_preview.jpg
1.597645 0.340502 -0.586825 68 255 68 R1 pano_camera3/frame_0027_hp_preview.jpg
1.001336 0.328353 -0.868262 68 255 68 R1 pano_camera3/frame_0028_hp_preview.jpg
0.230290 0.338351 -1.024246 68 255 68 R1 pano_camera3/frame_0029_hp_preview.jpg
-0.466020 0.335889 -1.215430 68 255 68 R1 pano_camera3/frame_0030_hp_preview.jpg
-0.903419 0.353364 -1.480382 68 255 68 R1 pano_camera3/frame_0031_hp_preview.jpg
-0.973467 0.345075 -1.955324 68 255 68 R1 pano_camera3/frame_0032_hp_preview.jpg
-0.848276 0.339074 -2.216205 68 255 68 R1 pano_camera3/frame_0033_hp_preview.jpg
-0.065021 0.365950 -2.564372 68 255 68 R1 pano_camera3/frame_0034_hp_preview.jpg
0.174299 0.367185 -2.497628 68 255 68 R1 pano_camera3/frame_0035_hp_preview.jpg
0.762048 0.345705 -2.289658 68 255 68 R1 pano_camera3/frame_0036_hp_preview.jpg
1.222257 0.361722 -2.196297 68 255 68 R1 pano_camera3/frame_0037_hp_preview.jpg
1.651359 0.353112 -2.117307 68 255 68 R1 pano_camera3/frame_0038_hp_preview.jpg
2.391417 0.321459 -2.365080 68 255 68 R1 pano_camera3/frame_0039_hp_preview.jpg
2.733816 0.350856 -2.717995 68 255 68 R1 pano_camera3/frame_0040_hp_preview.jpg
2.779537 0.360793 -2.794543 68 255 68 R1 pano_camera3/frame_0041_hp_preview.jpg
3.149419 0.356144 -3.431225 68 255 68 R1 pano_camera3/frame_0042_hp_preview.jpg
3.521747 0.469590 -3.761730 68 255 68 R1 pano_camera3/frame_0043_hp_preview.jpg
3.969876 0.464965 -3.650894 68 255 68 R1 pano_camera3/frame_0044_hp_preview.jpg
4.625883 0.447385 -3.622684 68 255 68 R1 pano_camera3/frame_0045_hp_preview.jpg
4.763631 0.447787 -3.831557 68 255 68 R1 pano_camera3/frame_0046_hp_preview.jpg
4.734234 0.440006 -3.921846 68 255 68 R1 pano_camera3/frame_0047_hp_preview.jpg
4.557767 0.453056 -4.129758 68 255 68 R1 pano_camera3/frame_0048_hp_preview.jpg
3.948612 0.468469 -4.386336 68 255 68 R1 pano_camera3/frame_0049_hp_preview.jpg
3.132043 0.471718 -4.422605 68 255 68 R1 pano_camera3/frame_0050_hp_preview.jpg
3.096860 0.475721 -4.419495 68 255 68 R1 pano_camera3/frame_0051_hp_preview.jpg
2.265462 0.466088 -4.543301 68 255 68 R1 pano_camera3/frame_0052_hp_preview.jpg
2.080517 0.372939 -4.654669 68 255 68 R1 pano_camera3/frame_0053_hp_preview.jpg
1.886824 0.375956 -4.973958 68 255 68 R1 pano_camera3/frame_0054_hp_preview.jpg
1.099192 0.368057 -5.284332 68 255 68 R1 pano_camera3/frame_0055_hp_preview.jpg
0.715093 0.385472 -5.233302 68 255 68 R1 pano_camera3/frame_0056_hp_preview.jpg
0.311253 0.379816 -5.129332 68 255 68 R1 pano_camera3/frame_0057_hp_preview.jpg
0.048676 0.379522 -5.065680 68 255 68 R1 pano_camera3/frame_0058_hp_preview.jpg
-0.236493 0.358616 -4.716508 68 255 68 R1 pano_camera3/frame_0059_hp_preview.jpg
-0.497001 0.371842 -4.156921 68 255 68 R1 pano_camera3/frame_0060_hp_preview.jpg
-0.638663 0.380267 -3.872219 68 255 68 R1 pano_camera3/frame_0061_hp_preview.jpg
-0.912246 0.339568 -2.915228 68 255 68 R1 pano_camera3/frame_0062_hp_preview.jpg
-1.137730 0.345075 -2.198893 68 255 68 R1 pano_camera3/frame_0063_hp_preview.jpg
-1.178696 0.346392 -2.069244 68 255 68 R1 pano_camera3/frame_0064_hp_preview.jpg
-1.673888 0.318306 -1.301095 68 255 68 R1 pano_camera3/frame_0065_hp_preview.jpg
-1.860056 0.320629 -1.168377 68 255 68 R1 pano_camera3/frame_0066_hp_preview.jpg
-2.397757 0.308422 -0.534366 68 255 68 R1 pano_camera3/frame_0067_hp_preview.jpg
-2.713241 0.310421 0.195898 68 255 68 R1 pano_camera3/frame_0068_hp_preview.jpg
-2.757538 0.314433 0.306686 68 255 68 R1 pano_camera3/frame_0069_hp_preview.jpg
-2.626359 0.300949 1.132725 68 255 68 R1 pano_camera3/frame_0070_hp_preview.jpg
-2.181736 0.286388 1.575110 68 255 68 R1 pano_camera3/frame_0071_hp_preview.jpg
-1.723740 0.286836 1.822808 68 255 68 R1 pano_camera3/frame_0072_hp_preview.jpg
-1.633373 0.288682 1.850554 68 255 68 R1 pano_camera3/frame_0073_hp_preview.jpg
-1.009739 0.284191 2.170208 68 255 68 R1 pano_camera3/frame_0074_hp_preview.jpg
-0.330524 0.290366 2.593410 68 255 68 R1 pano_camera3/frame_0075_hp_preview.jpg
-0.062841 0.277910 2.756633 68 255 68 R1 pano_camera3/frame_0076_hp_preview.jpg
0.536938 0.290420 3.106000 68 255 68 R1 pano_camera3/frame_0077_hp_preview.jpg
1.234410 0.302032 3.487120 68 255 68 R1 pano_camera3/frame_0078_hp_preview.jpg
2.129039 0.275945 4.119408 68 255 68 R1 pano_camera3/frame_0079_hp_preview.jpg
2.512108 0.282830 4.696837 68 255 68 R1 pano_camera3/frame_0080_hp_preview.jpg
-1.739449 0.297737 3.111498 68 255 68 R1 pano_camera3/frame_0118_hp_preview.jpg
-1.716438 0.305530 2.655179 68 255 68 R1 pano_camera3/frame_0119_hp_preview.jpg
-2.082450 0.311754 2.039567 68 255 68 R1 pano_camera3/frame_0120_hp_preview.jpg
-2.427834 0.307879 1.803865 68 255 68 R1 pano_camera3/frame_0121_hp_preview.jpg
-2.741037 0.317362 1.665195 68 255 68 R1 pano_camera3/frame_0122_hp_preview.jpg
-3.408676 0.327001 1.547439 68 255 68 R1 pano_camera3/frame_0123_hp_preview.jpg
-3.935628 0.330021 1.691809 68 255 68 R1 pano_camera3/frame_0124_hp_preview.jpg
-4.062540 0.322898 2.038181 68 255 68 R1 pano_camera3/frame_0125_hp_preview.jpg
-4.066329 0.344455 2.251534 68 255 68 R1 pano_camera3/frame_0126_hp_preview.jpg
-3.935521 0.315963 -0.226729 68 255 68 R1 pano_camera3/frame_0197_hp_preview.jpg
-0.000298 -0.050783 2.744597 68 255 68 R1 pano_camera4/frame_0000_hp_preview.jpg
1.291791 -0.093212 3.188121 68 255 68 R1 pano_camera4/frame_0002_hp_preview.jpg
1.955988 -0.055813 3.404090 68 255 68 R1 pano_camera4/frame_0003_hp_preview.jpg
2.316939 -0.035862 3.531208 68 255 68 R1 pano_camera4/frame_0004_hp_preview.jpg
2.378524 0.210933 3.698957 68 255 68 R1 pano_camera4/frame_0005_hp_preview.jpg
2.193198 0.153374 3.513643 68 255 68 R1 pano_camera4/frame_0006_hp_preview.jpg
2.138399 0.065540 3.380320 68 255 68 R1 pano_camera4/frame_0007_hp_preview.jpg
2.134977 0.064411 3.389264 68 255 68 R1 pano_camera4/frame_0008_hp_preview.jpg
2.139700 0.076498 3.444101 68 255 68 R1 pano_camera4/frame_0009_hp_preview.jpg
2.143889 0.079793 3.447681 68 255 68 R1 pano_camera4/frame_0010_hp_preview.jpg
2.162841 0.092983 3.440315 68 255 68 R1 pano_camera4/frame_0011_hp_preview.jpg
2.110498 0.059472 3.439743 68 255 68 R1 pano_camera4/frame_0012_hp_preview.jpg
2.146057 0.070217 3.363078 68 255 68 R1 pano_camera4/frame_0013_hp_preview.jpg
2.207951 0.284932 3.464271 68 255 68 R1 pano_camera4/frame_0014_hp_preview.jpg
2.277128 0.280331 3.451794 68 255 68 R1 pano_camera4/frame_0015_hp_preview.jpg
2.271728 0.300202 3.383496 68 255 68 R1 pano_camera4/frame_0016_hp_preview.jpg
1.884227 0.293694 3.257308 68 255 68 R1 pano_camera4/frame_0017_hp_preview.jpg
1.447038 0.300210 3.064729 68 255 68 R1 pano_camera4/frame_0018_hp_preview.jpg
1.200615 0.304423 2.859739 68 255 68 R1 pano_camera4/frame_0019_hp_preview.jpg
1.018804 0.311951 2.550525 68 255 68 R1 pano_camera4/frame_0020_hp_preview.jpg
0.922380 0.307120 1.962260 68 255 68 R1 pano_camera4/frame_0021_hp_preview.jpg
0.831678 0.307414 0.979426 68 255 68 R1 pano_camera4/frame_0022_hp_preview.jpg
0.754947 0.298735 0.559632 68 255 68 R1 pano_camera4/frame_0023_hp_preview.jpg
0.766166 0.299601 0.253095 68 255 68 R1 pano_camera4/frame_0024_hp_preview.jpg
1.010468 0.310977 -0.254012 68 255 68 R1 pano_camera4/frame_0025_hp_preview.jpg
1.312108 0.336292 -0.491204 68 255 68 R1 pano_camera4/frame_0026_hp_preview.jpg
1.597645 0.340502 -0.586825 68 255 68 R1 pano_camera4/frame_0027_hp_preview.jpg
1.001336 0.328353 -0.868262 68 255 68 R1 pano_camera4/frame_0028_hp_preview.jpg
0.230290 0.338351 -1.024246 68 255 68 R1 pano_camera4/frame_0029_hp_preview.jpg
-0.466020 0.335889 -1.215430 68 255 68 R1 pano_camera4/frame_0030_hp_preview.jpg
-0.903419 0.353364 -1.480382 68 255 68 R1 pano_camera4/frame_0031_hp_preview.jpg
-0.973467 0.345075 -1.955324 68 255 68 R1 pano_camera4/frame_0032_hp_preview.jpg
-0.848276 0.339074 -2.216205 68 255 68 R1 pano_camera4/frame_0033_hp_preview.jpg
-0.065021 0.365950 -2.564372 68 255 68 R1 pano_camera4/frame_0034_hp_preview.jpg
0.174299 0.367185 -2.497628 68 255 68 R1 pano_camera4/frame_0035_hp_preview.jpg
0.762048 0.345705 -2.289658 68 255 68 R1 pano_camera4/frame_0036_hp_preview.jpg
1.222257 0.361722 -2.196297 68 255 68 R1 pano_camera4/frame_0037_hp_preview.jpg
1.651359 0.353112 -2.117307 68 255 68 R1 pano_camera4/frame_0038_hp_preview.jpg
2.391417 0.321459 -2.365080 68 255 68 R1 pano_camera4/frame_0039_hp_preview.jpg
2.733816 0.350856 -2.717995 68 255 68 R1 pano_camera4/frame_0040_hp_preview.jpg
2.779537 0.360793 -2.794543 68 255 68 R1 pano_camera4/frame_0041_hp_preview.jpg
3.149419 0.356144 -3.431225 68 255 68 R1 pano_camera4/frame_0042_hp_preview.jpg
3.521747 0.469590 -3.761730 68 255 68 R1 pano_camera4/frame_0043_hp_preview.jpg
3.969876 0.464965 -3.650894 68 255 68 R1 pano_camera4/frame_0044_hp_preview.jpg
4.625883 0.447385 -3.622684 68 255 68 R1 pano_camera4/frame_0045_hp_preview.jpg
4.763631 0.447787 -3.831557 68 255 68 R1 pano_camera4/frame_0046_hp_preview.jpg
4.734234 0.440006 -3.921846 68 255 68 R1 pano_camera4/frame_0047_hp_preview.jpg
4.557767 0.453056 -4.129758 68 255 68 R1 pano_camera4/frame_0048_hp_preview.jpg
3.948612 0.468469 -4.386336 68 255 68 R1 pano_camera4/frame_0049_hp_preview.jpg
3.132043 0.471718 -4.422605 68 255 68 R1 pano_camera4/frame_0050_hp_preview.jpg
3.096860 0.475721 -4.419495 68 255 68 R1 pano_camera4/frame_0051_hp_preview.jpg
2.265462 0.466088 -4.543301 68 255 68 R1 pano_camera4/frame_0052_hp_preview.jpg
2.080517 0.372939 -4.654669 68 255 68 R1 pano_camera4/frame_0053_hp_preview.jpg
1.886824 0.375956 -4.973958 68 255 68 R1 pano_camera4/frame_0054_hp_preview.jpg
1.099192 0.368057 -5.284332 68 255 68 R1 pano_camera4/frame_0055_hp_preview.jpg
0.715093 0.385472 -5.233302 68 255 68 R1 pano_camera4/frame_0056_hp_preview.jpg
0.311253 0.379816 -5.129332 68 255 68 R1 pano_camera4/frame_0057_hp_preview.jpg
0.048676 0.379522 -5.065680 68 255 68 R1 pano_camera4/frame_0058_hp_preview.jpg
-0.236493 0.358616 -4.716508 68 255 68 R1 pano_camera4/frame_0059_hp_preview.jpg
-0.497001 0.371842 -4.156921 68 255 68 R1 pano_camera4/frame_0060_hp_preview.jpg
-0.638663 0.380267 -3.872219 68 255 68 R1 pano_camera4/frame_0061_hp_preview.jpg
-0.912246 0.339568 -2.915228 68 255 68 R1 pano_camera4/frame_0062_hp_preview.jpg
-1.137730 0.345075 -2.198893 68 255 68 R1 pano_camera4/frame_0063_hp_preview.jpg
-1.178696 0.346392 -2.069244 68 255 68 R1 pano_camera4/frame_0064_hp_preview.jpg
-1.673888 0.318306 -1.301095 68 255 68 R1 pano_camera4/frame_0065_hp_preview.jpg
-1.860056 0.320629 -1.168377 68 255 68 R1 pano_camera4/frame_0066_hp_preview.jpg
-2.397757 0.308422 -0.534366 68 255 68 R1 pano_camera4/frame_0067_hp_preview.jpg
-2.713241 0.310421 0.195898 68 255 68 R1 pano_camera4/frame_0068_hp_preview.jpg
-2.757538 0.314433 0.306686 68 255 68 R1 pano_camera4/frame_0069_hp_preview.jpg
-2.626359 0.300949 1.132725 68 255 68 R1 pano_camera4/frame_0070_hp_preview.jpg
-2.181736 0.286388 1.575110 68 255 68 R1 pano_camera4/frame_0071_hp_preview.jpg
-1.723740 0.286836 1.822808 68 255 68 R1 pano_camera4/frame_0072_hp_preview.jpg
-1.633373 0.288682 1.850554 68 255 68 R1 pano_camera4/frame_0073_hp_preview.jpg
-1.009739 0.284191 2.170208 68 255 68 R1 pano_camera4/frame_0074_hp_preview.jpg
-0.330524 0.290366 2.593410 68 255 68 R1 pano_camera4/frame_0075_hp_preview.jpg
-0.062841 0.277910 2.756633 68 255 68 R1 pano_camera4/frame_0076_hp_preview.jpg
0.536938 0.290420 3.106000 68 255 68 R1 pano_camera4/frame_0077_hp_preview.jpg
1.234410 0.302032 3.487120 68 255 68 R1 pano_camera4/frame_0078_hp_preview.jpg
2.129039 0.275945 4.119408 68 255 68 R1 pano_camera4/frame_0079_hp_preview.jpg
2.512108 0.282830 4.696837 68 255 68 R1 pano_camera4/frame_0080_hp_preview.jpg
-1.739449 0.297737 3.111498 68 255 68 R1 pano_camera4/frame_0118_hp_preview.jpg
-1.716438 0.305530 2.655179 68 255 68 R1 pano_camera4/frame_0119_hp_preview.jpg
-2.082450 0.311754 2.039567 68 255 68 R1 pano_camera4/frame_0120_hp_preview.jpg
-2.427834 0.307879 1.803865 68 255 68 R1 pano_camera4/frame_0121_hp_preview.jpg
-2.741037 0.317362 1.665195 68 255 68 R1 pano_camera4/frame_0122_hp_preview.jpg
-3.408676 0.327001 1.547439 68 255 68 R1 pano_camera4/frame_0123_hp_preview.jpg
-3.935628 0.330021 1.691809 68 255 68 R1 pano_camera4/frame_0124_hp_preview.jpg
-4.062540 0.322898 2.038181 68 255 68 R1 pano_camera4/frame_0125_hp_preview.jpg
-4.066329 0.344455 2.251534 68 255 68 R1 pano_camera4/frame_0126_hp_preview.jpg
-3.935521 0.315963 -0.226729 68 255 68 R1 pano_camera4/frame_0197_hp_preview.jpg
-0.000298 -0.050783 2.744597 68 255 68 R1 pano_camera5/frame_0000_hp_preview.jpg
1.291791 -0.093212 3.188121 68 255 68 R1 pano_camera5/frame_0002_hp_preview.jpg
1.955988 -0.055813 3.404090 68 255 68 R1 pano_camera5/frame_0003_hp_preview.jpg
2.316939 -0.035862 3.531208 68 255 68 R1 pano_camera5/frame_0004_hp_preview.jpg
2.378524 0.210933 3.698957 68 255 68 R1 pano_camera5/frame_0005_hp_preview.jpg
2.193198 0.153374 3.513643 68 255 68 R1 pano_camera5/frame_0006_hp_preview.jpg
2.138399 0.065540 3.380320 68 255 68 R1 pano_camera5/frame_0007_hp_preview.jpg
2.134977 0.064411 3.389264 68 255 68 R1 pano_camera5/frame_0008_hp_preview.jpg
2.139700 0.076498 3.444101 68 255 68 R1 pano_camera5/frame_0009_hp_preview.jpg
2.143889 0.079793 3.447681 68 255 68 R1 pano_camera5/frame_0010_hp_preview.jpg
2.162841 0.092983 3.440315 68 255 68 R1 pano_camera5/frame_0011_hp_preview.jpg
2.110498 0.059472 3.439743 68 255 68 R1 pano_camera5/frame_0012_hp_preview.jpg
2.146057 0.070217 3.363078 68 255 68 R1 pano_camera5/frame_0013_hp_preview.jpg
2.207951 0.284932 3.464271 68 255 68 R1 pano_camera5/frame_0014_hp_preview.jpg
2.277128 0.280331 3.451794 68 255 68 R1 pano_camera5/frame_0015_hp_preview.jpg
2.271728 0.300202 3.383496 68 255 68 R1 pano_camera5/frame_0016_hp_preview.jpg
1.884227 0.293694 3.257308 68 255 68 R1 pano_camera5/frame_0017_hp_preview.jpg
1.447038 0.300210 3.064729 68 255 68 R1 pano_camera5/frame_0018_hp_preview.jpg
1.200615 0.304423 2.859739 68 255 68 R1 pano_camera5/frame_0019_hp_preview.jpg
1.018804 0.311951 2.550525 68 255 68 R1 pano_camera5/frame_0020_hp_preview.jpg
0.922380 0.307120 1.962260 68 255 68 R1 pano_camera5/frame_0021_hp_preview.jpg
0.831678 0.307414 0.979426 68 255 68 R1 pano_camera5/frame_0022_hp_preview.jpg
0.754947 0.298735 0.559632 68 255 68 R1 pano_camera5/frame_0023_hp_preview.jpg
0.766166 0.299601 0.253095 68 255 68 R1 pano_camera5/frame_0024_hp_preview.jpg
1.010468 0.310977 -0.254012 68 255 68 R1 pano_camera5/frame_0025_hp_preview.jpg
1.312108 0.336292 -0.491204 68 255 68 R1 pano_camera5/frame_0026_hp_preview.jpg
1.597645 0.340502 -0.586825 68 255 68 R1 pano_camera5/frame_0027_hp_preview.jpg
1.001336 0.328353 -0.868262 68 255 68 R1 pano_camera5/frame_0028_hp_preview.jpg
0.230290 0.338351 -1.024246 68 255 68 R1 pano_camera5/frame_0029_hp_preview.jpg
-0.466020 0.335889 -1.215430 68 255 68 R1 pano_camera5/frame_0030_hp_preview.jpg
-0.903419 0.353364 -1.480382 68 255 68 R1 pano_camera5/frame_0031_hp_preview.jpg
-0.973467 0.345075 -1.955324 68 255 68 R1 pano_camera5/frame_0032_hp_preview.jpg
-0.848276 0.339074 -2.216205 68 255 68 R1 pano_camera5/frame_0033_hp_preview.jpg
-0.065021 0.365950 -2.564372 68 255 68 R1 pano_camera5/frame_0034_hp_preview.jpg
0.174299 0.367185 -2.497628 68 255 68 R1 pano_camera5/frame_0035_hp_preview.jpg
0.762048 0.345705 -2.289658 68 255 68 R1 pano_camera5/frame_0036_hp_preview.jpg
1.222257 0.361722 -2.196297 68 255 68 R1 pano_camera5/frame_0037_hp_preview.jpg
1.651359 0.353112 -2.117307 68 255 68 R1 pano_camera5/frame_0038_hp_preview.jpg
2.391417 0.321459 -2.365080 68 255 68 R1 pano_camera5/frame_0039_hp_preview.jpg
2.733816 0.350856 -2.717995 68 255 68 R1 pano_camera5/frame_0040_hp_preview.jpg
2.779537 0.360793 -2.794543 68 255 68 R1 pano_camera5/frame_0041_hp_preview.jpg
3.149419 0.356144 -3.431225 68 255 68 R1 pano_camera5/frame_0042_hp_preview.jpg
3.521747 0.469590 -3.761730 68 255 68 R1 pano_camera5/frame_0043_hp_preview.jpg
3.969876 0.464965 -3.650894 68 255 68 R1 pano_camera5/frame_0044_hp_preview.jpg
4.625883 0.447385 -3.622684 68 255 68 R1 pano_camera5/frame_0045_hp_preview.jpg
4.763631 0.447787 -3.831557 68 255 68 R1 pano_camera5/frame_0046_hp_preview.jpg
4.734234 0.440006 -3.921846 68 255 68 R1 pano_camera5/frame_0047_hp_preview.jpg
4.557767 0.453056 -4.129758 68 255 68 R1 pano_camera5/frame_0048_hp_preview.jpg
3.948612 0.468469 -4.386336 68 255 68 R1 pano_camera5/frame_0049_hp_preview.jpg
3.132043 0.471718 -4.422605 68 255 68 R1 pano_camera5/frame_0050_hp_preview.jpg
3.096860 0.475721 -4.419495 68 255 68 R1 pano_camera5/frame_0051_hp_preview.jpg
2.265462 0.466088 -4.543301 68 255 68 R1 pano_camera5/frame_0052_hp_preview.jpg
2.080517 0.372939 -4.654669 68 255 68 R1 pano_camera5/frame_0053_hp_preview.jpg
1.886824 0.375956 -4.973958 68 255 68 R1 pano_camera5/frame_0054_hp_preview.jpg
1.099192 0.368057 -5.284332 68 255 68 R1 pano_camera5/frame_0055_hp_preview.jpg
0.715093 0.385472 -5.233302 68 255 68 R1 pano_camera5/frame_0056_hp_preview.jpg
0.311253 0.379816 -5.129332 68 255 68 R1 pano_camera5/frame_0057_hp_preview.jpg
0.048676 0.379522 -5.065680 68 255 68 R1 pano_camera5/frame_0058_hp_preview.jpg
-0.236493 0.358616 -4.716508 68 255 68 R1 pano_camera5/frame_0059_hp_preview.jpg
-0.497001 0.371842 -4.156921 68 255 68 R1 pano_camera5/frame_0060_hp_preview.jpg
-0.638663 0.380267 -3.872219 68 255 68 R1 pano_camera5/frame_0061_hp_preview.jpg
-0.912246 0.339568 -2.915228 68 255 68 R1 pano_camera5/frame_0062_hp_preview.jpg
-1.137730 0.345075 -2.198893 68 255 68 R1 pano_camera5/frame_0063_hp_preview.jpg
-1.178696 0.346392 -2.069244 68 255 68 R1 pano_camera5/frame_0064_hp_preview.jpg
-1.673888 0.318306 -1.301095 68 255 68 R1 pano_camera5/frame_0065_hp_preview.jpg
-1.860056 0.320629 -1.168377 68 255 68 R1 pano_camera5/frame_0066_hp_preview.jpg
-2.397757 0.308422 -0.534366 68 255 68 R1 pano_camera5/frame_0067_hp_preview.jpg
-2.713241 0.310421 0.195898 68 255 68 R1 pano_camera5/frame_0068_hp_preview.jpg
-2.757538 0.314433 0.306686 68 255 68 R1 pano_camera5/frame_0069_hp_preview.jpg
-2.626359 0.300949 1.132725 68 255 68 R1 pano_camera5/frame_0070_hp_preview.jpg
-2.181736 0.286388 1.575110 68 255 68 R1 pano_camera5/frame_0071_hp_preview.jpg
-1.723740 0.286836 1.822808 68 255 68 R1 pano_camera5/frame_0072_hp_preview.jpg
-1.633373 0.288682 1.850554 68 255 68 R1 pano_camera5/frame_0073_hp_preview.jpg
-1.009739 0.284191 2.170208 68 255 68 R1 pano_camera5/frame_0074_hp_preview.jpg
-0.330524 0.290366 2.593410 68 255 68 R1 pano_camera5/frame_0075_hp_preview.jpg
-0.062841 0.277910 2.756633 68 255 68 R1 pano_camera5/frame_0076_hp_preview.jpg
0.536938 0.290420 3.106000 68 255 68 R1 pano_camera5/frame_0077_hp_preview.jpg
1.234410 0.302032 3.487120 68 255 68 R1 pano_camera5/frame_0078_hp_preview.jpg
2.129039 0.275945 4.119408 68 255 68 R1 pano_camera5/frame_0079_hp_preview.jpg
2.512108 0.282830 4.696837 68 255 68 R1 pano_camera5/frame_0080_hp_preview.jpg
-1.739449 0.297737 3.111498 68 255 68 R1 pano_camera5/frame_0118_hp_preview.jpg
-1.716438 0.305530 2.655179 68 255 68 R1 pano_camera5/frame_0119_hp_preview.jpg
-2.082450 0.311754 2.039567 68 255 68 R1 pano_camera5/frame_0120_hp_preview.jpg
-2.427834 0.307879 1.803865 68 255 68 R1 pano_camera5/frame_0121_hp_preview.jpg
-2.741037 0.317362 1.665195 68 255 68 R1 pano_camera5/frame_0122_hp_preview.jpg
-3.408676 0.327001 1.547439 68 255 68 R1 pano_camera5/frame_0123_hp_preview.jpg
-3.935628 0.330021 1.691809 68 255 68 R1 pano_camera5/frame_0124_hp_preview.jpg
-4.062540 0.322898 2.038181 68 255 68 R1 pano_camera5/frame_0125_hp_preview.jpg
-4.066329 0.344455 2.251534 68 255 68 R1 pano_camera5/frame_0126_hp_preview.jpg
-3.935521 0.315963 -0.226729 68 255 68 R1 pano_camera5/frame_0197_hp_preview.jpg
-0.000298 -0.050783 2.744597 68 255 68 R1 pano_camera6/frame_0000_hp_preview.jpg
1.291791 -0.093212 3.188121 68 255 68 R1 pano_camera6/frame_0002_hp_preview.jpg
1.955988 -0.055813 3.404090 68 255 68 R1 pano_camera6/frame_0003_hp_preview.jpg
2.316939 -0.035862 3.531208 68 255 68 R1 pano_camera6/frame_0004_hp_preview.jpg
2.378524 0.210933 3.698957 68 255 68 R1 pano_camera6/frame_0005_hp_preview.jpg
2.193198 0.153374 3.513643 68 255 68 R1 pano_camera6/frame_0006_hp_preview.jpg
2.138399 0.065540 3.380320 68 255 68 R1 pano_camera6/frame_0007_hp_preview.jpg
2.134977 0.064411 3.389264 68 255 68 R1 pano_camera6/frame_0008_hp_preview.jpg
2.139700 0.076498 3.444101 68 255 68 R1 pano_camera6/frame_0009_hp_preview.jpg
2.143889 0.079793 3.447681 68 255 68 R1 pano_camera6/frame_0010_hp_preview.jpg
2.162841 0.092983 3.440315 68 255 68 R1 pano_camera6/frame_0011_hp_preview.jpg
2.110498 0.059472 3.439743 68 255 68 R1 pano_camera6/frame_0012_hp_preview.jpg
2.146057 0.070217 3.363078 68 255 68 R1 pano_camera6/frame_0013_hp_preview.jpg
2.207951 0.284932 3.464271 68 255 68 R1 pano_camera6/frame_0014_hp_preview.jpg
2.277128 0.280331 3.451794 68 255 68 R1 pano_camera6/frame_0015_hp_preview.jpg
2.271728 0.300202 3.383496 68 255 68 R1 pano_camera6/frame_0016_hp_preview.jpg
1.884227 0.293694 3.257308 68 255 68 R1 pano_camera6/frame_0017_hp_preview.jpg
1.447038 0.300210 3.064729 68 255 68 R1 pano_camera6/frame_0018_hp_preview.jpg
1.200615 0.304423 2.859739 68 255 68 R1 pano_camera6/frame_0019_hp_preview.jpg
1.018804 0.311951 2.550525 68 255 68 R1 pano_camera6/frame_0020_hp_preview.jpg
0.922380 0.307120 1.962260 68 255 68 R1 pano_camera6/frame_0021_hp_preview.jpg
0.831678 0.307414 0.979426 68 255 68 R1 pano_camera6/frame_0022_hp_preview.jpg
0.754947 0.298735 0.559632 68 255 68 R1 pano_camera6/frame_0023_hp_preview.jpg
0.766166 0.299601 0.253095 68 255 68 R1 pano_camera6/frame_0024_hp_preview.jpg
1.010468 0.310977 -0.254012 68 255 68 R1 pano_camera6/frame_0025_hp_preview.jpg
1.312108 0.336292 -0.491204 68 255 68 R1 pano_camera6/frame_0026_hp_preview.jpg
1.597645 0.340502 -0.586825 68 255 68 R1 pano_camera6/frame_0027_hp_preview.jpg
1.001336 0.328353 -0.868262 68 255 68 R1 pano_camera6/frame_0028_hp_preview.jpg
0.230290 0.338351 -1.024246 68 255 68 R1 pano_camera6/frame_0029_hp_preview.jpg
-0.466020 0.335889 -1.215430 68 255 68 R1 pano_camera6/frame_0030_hp_preview.jpg
-0.903419 0.353364 -1.480382 68 255 68 R1 pano_camera6/frame_0031_hp_preview.jpg
-0.973467 0.345075 -1.955324 68 255 68 R1 pano_camera6/frame_0032_hp_preview.jpg
-0.848276 0.339074 -2.216205 68 255 68 R1 pano_camera6/frame_0033_hp_preview.jpg
-0.065021 0.365950 -2.564372 68 255 68 R1 pano_camera6/frame_0034_hp_preview.jpg
0.174299 0.367185 -2.497628 68 255 68 R1 pano_camera6/frame_0035_hp_preview.jpg
0.762048 0.345705 -2.289658 68 255 68 R1 pano_camera6/frame_0036_hp_preview.jpg
1.222257 0.361722 -2.196297 68 255 68 R1 pano_camera6/frame_0037_hp_preview.jpg
1.651359 0.353112 -2.117307 68 255 68 R1 pano_camera6/frame_0038_hp_preview.jpg
2.391417 0.321459 -2.365080 68 255 68 R1 pano_camera6/frame_0039_hp_preview.jpg
2.733816 0.350856 -2.717995 68 255 68 R1 pano_camera6/frame_0040_hp_preview.jpg
2.779537 0.360793 -2.794543 68 255 68 R1 pano_camera6/frame_0041_hp_preview.jpg
3.149419 0.356144 -3.431225 68 255 68 R1 pano_camera6/frame_0042_hp_preview.jpg
3.521747 0.469590 -3.761730 68 255 68 R1 pano_camera6/frame_0043_hp_preview.jpg
3.969876 0.464965 -3.650894 68 255 68 R1 pano_camera6/frame_0044_hp_preview.jpg
4.625883 0.447385 -3.622684 68 255 68 R1 pano_camera6/frame_0045_hp_preview.jpg
4.763631 0.447787 -3.831557 68 255 68 R1 pano_camera6/frame_0046_hp_preview.jpg
4.734234 0.440006 -3.921846 68 255 68 R1 pano_camera6/frame_0047_hp_preview.jpg
4.557767 0.453056 -4.129758 68 255 68 R1 pano_camera6/frame_0048_hp_preview.jpg
3.948612 0.468469 -4.386336 68 255 68 R1 pano_camera6/frame_0049_hp_preview.jpg
3.132043 0.471718 -4.422605 68 255 68 R1 pano_camera6/frame_0050_hp_preview.jpg
3.096860 0.475721 -4.419495 68 255 68 R1 pano_camera6/frame_0051_hp_preview.jpg
2.265462 0.466088 -4.543301 68 255 68 R1 pano_camera6/frame_0052_hp_preview.jpg
2.080517 0.372939 -4.654669 68 255 68 R1 pano_camera6/frame_0053_hp_preview.jpg
1.886824 0.375956 -4.973958 68 255 68 R1 pano_camera6/frame_0054_hp_preview.jpg
1.099192 0.368057 -5.284332 68 255 68 R1 pano_camera6/frame_0055_hp_preview.jpg
0.715093 0.385472 -5.233302 68 255 68 R1 pano_camera6/frame_0056_hp_preview.jpg
0.311253 0.379816 -5.129332 68 255 68 R1 pano_camera6/frame_0057_hp_preview.jpg
0.048676 0.379522 -5.065680 68 255 68 R1 pano_camera6/frame_0058_hp_preview.jpg
-0.236493 0.358616 -4.716508 68 255 68 R1 pano_camera6/frame_0059_hp_preview.jpg
-0.497001 0.371842 -4.156921 68 255 68 R1 pano_camera6/frame_0060_hp_preview.jpg
-0.638663 0.380267 -3.872219 68 255 68 R1 pano_camera6/frame_0061_hp_preview.jpg
-0.912246 0.339568 -2.915228 68 255 68 R1 pano_camera6/frame_0062_hp_preview.jpg
-1.137730 0.345075 -2.198893 68 255 68 R1 pano_camera6/frame_0063_hp_preview.jpg
-1.178696 0.346392 -2.069244 68 255 68 R1 pano_camera6/frame_0064_hp_preview.jpg
-1.673888 0.318306 -1.301095 68 255 68 R1 pano_camera6/frame_0065_hp_preview.jpg
-1.860056 0.320629 -1.168377 68 255 68 R1 pano_camera6/frame_0066_hp_preview.jpg
-2.397757 0.308422 -0.534366 68 255 68 R1 pano_camera6/frame_0067_hp_preview.jpg
-2.713241 0.310421 0.195898 68 255 68 R1 pano_camera6/frame_0068_hp_preview.jpg
-2.757538 0.314433 0.306686 68 255 68 R1 pano_camera6/frame_0069_hp_preview.jpg
-2.626359 0.300949 1.132725 68 255 68 R1 pano_camera6/frame_0070_hp_preview.jpg
-2.181736 0.286388 1.575110 68 255 68 R1 pano_camera6/frame_0071_hp_preview.jpg
-1.723740 0.286836 1.822808 68 255 68 R1 pano_camera6/frame_0072_hp_preview.jpg
-1.633373 0.288682 1.850554 68 255 68 R1 pano_camera6/frame_0073_hp_preview.jpg
-1.009739 0.284191 2.170208 68 255 68 R1 pano_camera6/frame_0074_hp_preview.jpg
-0.330524 0.290366 2.593410 68 255 68 R1 pano_camera6/frame_0075_hp_preview.jpg
-0.062841 0.277910 2.756633 68 255 68 R1 pano_camera6/frame_0076_hp_preview.jpg
0.536938 0.290420 3.106000 68 255 68 R1 pano_camera6/frame_0077_hp_preview.jpg
1.234410 0.302032 3.487120 68 255 68 R1 pano_camera6/frame_0078_hp_preview.jpg
2.129039 0.275945 4.119408 68 255 68 R1 pano_camera6/frame_0079_hp_preview.jpg
2.512108 0.282830 4.696837 68 255 68 R1 pano_camera6/frame_0080_hp_preview.jpg
-1.739449 0.297737 3.111498 68 255 68 R1 pano_camera6/frame_0118_hp_preview.jpg
-1.716438 0.305530 2.655179 68 255 68 R1 pano_camera6/frame_0119_hp_preview.jpg
-2.082450 0.311754 2.039567 68 255 68 R1 pano_camera6/frame_0120_hp_preview.jpg
-2.427834 0.307879 1.803865 68 255 68 R1 pano_camera6/frame_0121_hp_preview.jpg
-2.741037 0.317362 1.665195 68 255 68 R1 pano_camera6/frame_0122_hp_preview.jpg
-3.408676 0.327001 1.547439 68 255 68 R1 pano_camera6/frame_0123_hp_preview.jpg
-3.935628 0.330021 1.691809 68 255 68 R1 pano_camera6/frame_0124_hp_preview.jpg
-4.062540 0.322898 2.038181 68 255 68 R1 pano_camera6/frame_0125_hp_preview.jpg
-4.066329 0.344455 2.251534 68 255 68 R1 pano_camera6/frame_0126_hp_preview.jpg
-3.935521 0.315963 -0.226729 68 255 68 R1 pano_camera6/frame_0197_hp_preview.jpg
-0.000298 -0.050783 2.744597 68 255 68 R1 pano_camera7/frame_0000_hp_preview.jpg
1.291791 -0.093212 3.188121 68 255 68 R1 pano_camera7/frame_0002_hp_preview.jpg
1.955988 -0.055813 3.404090 68 255 68 R1 pano_camera7/frame_0003_hp_preview.jpg
2.316939 -0.035862 3.531208 68 255 68 R1 pano_camera7/frame_0004_hp_preview.jpg
2.378524 0.210933 3.698957 68 255 68 R1 pano_camera7/frame_0005_hp_preview.jpg
2.193198 0.153374 3.513643 68 255 68 R1 pano_camera7/frame_0006_hp_preview.jpg
2.138399 0.065540 3.380320 68 255 68 R1 pano_camera7/frame_0007_hp_preview.jpg
2.134977 0.064411 3.389264 68 255 68 R1 pano_camera7/frame_0008_hp_preview.jpg
2.139700 0.076498 3.444101 68 255 68 R1 pano_camera7/frame_0009_hp_preview.jpg
2.143889 0.079793 3.447681 68 255 68 R1 pano_camera7/frame_0010_hp_preview.jpg
2.162841 0.092983 3.440315 68 255 68 R1 pano_camera7/frame_0011_hp_preview.jpg
2.110498 0.059472 3.439743 68 255 68 R1 pano_camera7/frame_0012_hp_preview.jpg
2.146057 0.070217 3.363078 68 255 68 R1 pano_camera7/frame_0013_hp_preview.jpg
2.207951 0.284932 3.464271 68 255 68 R1 pano_camera7/frame_0014_hp_preview.jpg
2.277128 0.280331 3.451794 68 255 68 R1 pano_camera7/frame_0015_hp_preview.jpg
2.271728 0.300202 3.383496 68 255 68 R1 pano_camera7/frame_0016_hp_preview.jpg
1.884227 0.293694 3.257308 68 255 68 R1 pano_camera7/frame_0017_hp_preview.jpg
1.447038 0.300210 3.064729 68 255 68 R1 pano_camera7/frame_0018_hp_preview.jpg
1.200615 0.304423 2.859739 68 255 68 R1 pano_camera7/frame_0019_hp_preview.jpg
1.018804 0.311951 2.550525 68 255 68 R1 pano_camera7/frame_0020_hp_preview.jpg
0.922380 0.307120 1.962260 68 255 68 R1 pano_camera7/frame_0021_hp_preview.jpg
0.831678 0.307414 0.979426 68 255 68 R1 pano_camera7/frame_0022_hp_preview.jpg
0.754947 0.298735 0.559632 68 255 68 R1 pano_camera7/frame_0023_hp_preview.jpg
0.766166 0.299601 0.253095 68 255 68 R1 pano_camera7/frame_0024_hp_preview.jpg
1.010468 0.310977 -0.254012 68 255 68 R1 pano_camera7/frame_0025_hp_preview.jpg
1.312108 0.336292 -0.491204 68 255 68 R1 pano_camera7/frame_0026_hp_preview.jpg
1.597645 0.340502 -0.586825 68 255 68 R1 pano_camera7/frame_0027_hp_preview.jpg
1.001336 0.328353 -0.868262 68 255 68 R1 pano_camera7/frame_0028_hp_preview.jpg
0.230290 0.338351 -1.024246 68 255 68 R1 pano_camera7/frame_0029_hp_preview.jpg
-0.466020 0.335889 -1.215430 68 255 68 R1 pano_camera7/frame_0030_hp_preview.jpg
-0.903419 0.353364 -1.480382 68 255 68 R1 pano_camera7/frame_0031_hp_preview.jpg
-0.973467 0.345075 -1.955324 68 255 68 R1 pano_camera7/frame_0032_hp_preview.jpg
-0.848276 0.339074 -2.216205 68 255 68 R1 pano_camera7/frame_0033_hp_preview.jpg
-0.065021 0.365950 -2.564372 68 255 68 R1 pano_camera7/frame_0034_hp_preview.jpg
0.174299 0.367185 -2.497628 68 255 68 R1 pano_camera7/frame_0035_hp_preview.jpg
0.762048 0.345705 -2.289658 68 255 68 R1 pano_camera7/frame_0036_hp_preview.jpg
1.222257 0.361722 -2.196297 68 255 68 R1 pano_camera7/frame_0037_hp_preview.jpg
1.651359 0.353112 -2.117307 68 255 68 R1 pano_camera7/frame_0038_hp_preview.jpg
2.391417 0.321459 -2.365080 68 255 68 R1 pano_camera7/frame_0039_hp_preview.jpg
2.733816 0.350856 -2.717995 68 255 68 R1 pano_camera7/frame_0040_hp_preview.jpg
2.779537 0.360793 -2.794543 68 255 68 R1 pano_camera7/frame_0041_hp_preview.jpg
3.149419 0.356144 -3.431225 68 255 68 R1 pano_camera7/frame_0042_hp_preview.jpg
3.521747 0.469590 -3.761730 68 255 68 R1 pano_camera7/frame_0043_hp_preview.jpg
3.969876 0.464965 -3.650894 68 255 68 R1 pano_camera7/frame_0044_hp_preview.jpg
4.625883 0.447385 -3.622684 68 255 68 R1 pano_camera7/frame_0045_hp_preview.jpg
4.763631 0.447787 -3.831557 68 255 68 R1 pano_camera7/frame_0046_hp_preview.jpg
4.734234 0.440006 -3.921846 68 255 68 R1 pano_camera7/frame_0047_hp_preview.jpg
4.557767 0.453056 -4.129758 68 255 68 R1 pano_camera7/frame_0048_hp_preview.jpg
3.948612 0.468469 -4.386336 68 255 68 R1 pano_camera7/frame_0049_hp_preview.jpg
3.132043 0.471718 -4.422605 68 255 68 R1 pano_camera7/frame_0050_hp_preview.jpg
3.096860 0.475721 -4.419495 68 255 68 R1 pano_camera7/frame_0051_hp_preview.jpg
2.265462 0.466088 -4.543301 68 255 68 R1 pano_camera7/frame_0052_hp_preview.jpg
2.080517 0.372939 -4.654669 68 255 68 R1 pano_camera7/frame_0053_hp_preview.jpg
1.886824 0.375956 -4.973958 68 255 68 R1 pano_camera7/frame_0054_hp_preview.jpg
1.099192 0.368057 -5.284332 68 255 68 R1 pano_camera7/frame_0055_hp_preview.jpg
0.715093 0.385472 -5.233302 68 255 68 R1 pano_camera7/frame_0056_hp_preview.jpg
0.311253 0.379816 -5.129332 68 255 68 R1 pano_camera7/frame_0057_hp_preview.jpg
0.048676 0.379522 -5.065680 68 255 68 R1 pano_camera7/frame_0058_hp_preview.jpg
-0.236493 0.358616 -4.716508 68 255 68 R1 pano_camera7/frame_0059_hp_preview.jpg
-0.497001 0.371842 -4.156921 68 255 68 R1 pano_camera7/frame_0060_hp_preview.jpg
-0.638663 0.380267 -3.872219 68 255 68 R1 pano_camera7/frame_0061_hp_preview.jpg
-0.912246 0.339568 -2.915228 68 255 68 R1 pano_camera7/frame_0062_hp_preview.jpg
-1.137730 0.345075 -2.198893 68 255 68 R1 pano_camera7/frame_0063_hp_preview.jpg
-1.178696 0.346392 -2.069244 68 255 68 R1 pano_camera7/frame_0064_hp_preview.jpg
-1.673888 0.318306 -1.301095 68 255 68 R1 pano_camera7/frame_0065_hp_preview.jpg
-1.860056 0.320629 -1.168377 68 255 68 R1 pano_camera7/frame_0066_hp_preview.jpg
-2.397757 0.308422 -0.534366 68 255 68 R1 pano_camera7/frame_0067_hp_preview.jpg
-2.713241 0.310421 0.195898 68 255 68 R1 pano_camera7/frame_0068_hp_preview.jpg
-2.757538 0.314433 0.306686 68 255 68 R1 pano_camera7/frame_0069_hp_preview.jpg
-2.626359 0.300949 1.132725 68 255 68 R1 pano_camera7/frame_0070_hp_preview.jpg
-2.181736 0.286388 1.575110 68 255 68 R1 pano_camera7/frame_0071_hp_preview.jpg
-1.723740 0.286836 1.822808 68 255 68 R1 pano_camera7/frame_0072_hp_preview.jpg
-1.633373 0.288682 1.850554 68 255 68 R1 pano_camera7/frame_0073_hp_preview.jpg
-1.009739 0.284191 2.170208 68 255 68 R1 pano_camera7/frame_0074_hp_preview.jpg
-0.330524 0.290366 2.593410 68 255 68 R1 pano_camera7/frame_0075_hp_preview.jpg
-0.062841 0.277910 2.756633 68 255 68 R1 pano_camera7/frame_0076_hp_preview.jpg
0.536938 0.290420 3.106000 68 255 68 R1 pano_camera7/frame_0077_hp_preview.jpg
1.234410 0.302032 3.487120 68 255 68 R1 pano_camera7/frame_0078_hp_preview.jpg
2.129039 0.275945 4.119408 68 255 68 R1 pano_camera7/frame_0079_hp_preview.jpg
2.512108 0.282830 4.696837 68 255 68 R1 pano_camera7/frame_0080_hp_preview.jpg
-1.739449 0.297737 3.111498 68 255 68 R1 pano_camera7/frame_0118_hp_preview.jpg
-1.716438 0.305530 2.655179 68 255 68 R1 pano_camera7/frame_0119_hp_preview.jpg
-2.082450 0.311754 2.039567 68 255 68 R1 pano_camera7/frame_0120_hp_preview.jpg
-2.427834 0.307879 1.803865 68 255 68 R1 pano_camera7/frame_0121_hp_preview.jpg
-2.741037 0.317362 1.665195 68 255 68 R1 pano_camera7/frame_0122_hp_preview.jpg
-3.408676 0.327001 1.547439 68 255 68 R1 pano_camera7/frame_0123_hp_preview.jpg
-3.935628 0.330021 1.691809 68 255 68 R1 pano_camera7/frame_0124_hp_preview.jpg
-4.062540 0.322898 2.038181 68 255 68 R1 pano_camera7/frame_0125_hp_preview.jpg
-4.066329 0.344455 2.251534 68 255 68 R1 pano_camera7/frame_0126_hp_preview.jpg
-3.935521 0.315963 -0.226729 68 255 68 R1 pano_camera7/frame_0197_hp_preview.jpg

# Object R2: Blue (88 points)
# Transform: Pos(0.000, 0.000, 0.000) Scale(1.000, 1.000, 1.000) Quat(-0.000, 0.000, 0.017, 1.000)
0.000514 0.000731 3.327995 68 68 255 R2 pano_camera0/frame_0089_hp_preview.jpg
0.104248 0.070654 1.417000 68 68 255 R2 pano_camera0/frame_0090_hp_preview.jpg
0.111549 0.066913 1.368521 68 68 255 R2 pano_camera0/frame_0091_hp_preview.jpg
1.592808 0.034001 -0.913139 68 68 255 R2 pano_camera0/frame_0092_hp_preview.jpg
2.233969 0.092599 -1.283893 68 68 255 R2 pano_camera0/frame_0093_hp_preview.jpg
3.478965 0.176319 -1.662434 68 68 255 R2 pano_camera0/frame_0094_hp_preview.jpg
5.013880 0.153010 -1.891017 68 68 255 R2 pano_camera0/frame_0095_hp_preview.jpg
6.887831 0.168225 -1.733679 68 68 255 R2 pano_camera0/frame_0096_hp_preview.jpg
8.909564 0.128366 0.039303 68 68 255 R2 pano_camera0/frame_0097_hp_preview.jpg
9.155802 0.089246 0.460549 68 68 255 R2 pano_camera0/frame_0098_hp_preview.jpg
10.075092 0.028823 3.073413 68 68 255 R2 pano_camera0/frame_0099_hp_preview.jpg
0.000514 0.000731 3.327995 68 68 255 R2 pano_camera1/frame_0089_hp_preview.jpg
0.104248 0.070654 1.417000 68 68 255 R2 pano_camera1/frame_0090_hp_preview.jpg
0.111549 0.066913 1.368521 68 68 255 R2 pano_camera1/frame_0091_hp_preview.jpg
1.592808 0.034001 -0.913139 68 68 255 R2 pano_camera1/frame_0092_hp_preview.jpg
2.233969 0.092599 -1.283893 68 68 255 R2 pano_camera1/frame_0093_hp_preview.jpg
3.478965 0.176319 -1.662434 68 68 255 R2 pano_camera1/frame_0094_hp_preview.jpg
5.013880 0.153010 -1.891017 68 68 255 R2 pano_camera1/frame_0095_hp_preview.jpg
6.887831 0.168225 -1.733679 68 68 255 R2 pano_camera1/frame_0096_hp_preview.jpg
8.909564 0.128366 0.039303 68 68 255 R2 pano_camera1/frame_0097_hp_preview.jpg
9.155802 0.089246 0.460549 68 68 255 R2 pano_camera1/frame_0098_hp_preview.jpg
10.075092 0.028823 3.073413 68 68 255 R2 pano_camera1/frame_0099_hp_preview.jpg
0.000514 0.000731 3.327995 68 68 255 R2 pano_camera2/frame_0089_hp_preview.jpg
0.104248 0.070654 1.417000 68 68 255 R2 pano_camera2/frame_0090_hp_preview.jpg
0.111549 0.066913 1.368521 68 68 255 R2 pano_camera2/frame_0091_hp_preview.jpg
1.592808 0.034001 -0.913139 68 68 255 R2 pano_camera2/frame_0092_hp_preview.jpg
2.233969 0.092599 -1.283893 68 68 255 R2 pano_camera2/frame_0093_hp_preview.jpg
3.478965 0.176319 -1.662434 68 68 255 R2 pano_camera2/frame_0094_hp_preview.jpg
5.013880 0.153010 -1.891017 68 68 255 R2 pano_camera2/frame_0095_hp_preview.jpg
6.887831 0.168225 -1.733679 68 68 255 R2 pano_camera2/frame_0096_hp_preview.jpg
8.909564 0.128366 0.039303 68 68 255 R2 pano_camera2/frame_0097_hp_preview.jpg
9.155802 0.089246 0.460549 68 68 255 R2 pano_camera2/frame_0098_hp_preview.jpg
10.075092 0.028823 3.073413 68 68 255 R2 pano_camera2/frame_0099_hp_preview.jpg
0.000514 0.000731 3.327995 68 68 255 R2 pano_camera3/frame_0089_hp_preview.jpg
0.104248 0.070654 1.417000 68 68 255 R2 pano_camera3/frame_0090_hp_preview.jpg
0.111549 0.066913 1.368521 68 68 255 R2 pano_camera3/frame_0091_hp_preview.jpg
1.592808 0.034001 -0.913139 68 68 255 R2 pano_camera3/frame_0092_hp_preview.jpg
2.233969 0.092599 -1.283893 68 68 255 R2 pano_camera3/frame_0093_hp_preview.jpg
3.478965 0.176319 -1.662434 68 68 255 R2 pano_camera3/frame_0094_hp_preview.jpg
5.013880 0.153010 -1.891017 68 68 255 R2 pano_camera3/frame_0095_hp_preview.jpg
6.887831 0.168225 -1.733679 68 68 255 R2 pano_camera3/frame_0096_hp_preview.jpg
8.909564 0.128366 0.039303 68 68 255 R2 pano_camera3/frame_0097_hp_preview.jpg
9.155802 0.089246 0.460549 68 68 255 R2 pano_camera3/frame_0098_hp_preview.jpg
10.075092 0.028823 3.073413 68 68 255 R2 pano_camera3/frame_0099_hp_preview.jpg
0.000514 0.000731 3.327995 68 68 255 R2 pano_camera4/frame_0089_hp_preview.jpg
0.104248 0.070654 1.417000 68 68 255 R2 pano_camera4/frame_0090_hp_preview.jpg
0.111549 0.066913 1.368521 68 68 255 R2 pano_camera4/frame_0091_hp_preview.jpg
1.592808 0.034001 -0.913139 68 68 255 R2 pano_camera4/frame_0092_hp_preview.jpg
2.233969 0.092599 -1.283893 68 68 255 R2 pano_camera4/frame_0093_hp_preview.jpg
3.478965 0.176319 -1.662434 68 68 255 R2 pano_camera4/frame_0094_hp_preview.jpg
5.013880 0.153010 -1.891017 68 68 255 R2 pano_camera4/frame_0095_hp_preview.jpg
6.887831 0.168225 -1.733679 68 68 255 R2 pano_camera4/frame_0096_hp_preview.jpg
8.909564 0.128366 0.039303 68 68 255 R2 pano_camera4/frame_0097_hp_preview.jpg
9.155802 0.089246 0.460549 68 68 255 R2 pano_camera4/frame_0098_hp_preview.jpg
10.075092 0.028823 3.073413 68 68 255 R2 pano_camera4/frame_0099_hp_preview.jpg
0.000514 0.000731 3.327995 68 68 255 R2 pano_camera5/frame_0089_hp_preview.jpg
0.104248 0.070654 1.417000 68 68 255 R2 pano_camera5/frame_0090_hp_preview.jpg
0.111549 0.066913 1.368521 68 68 255 R2 pano_camera5/frame_0091_hp_preview.jpg
1.592808 0.034001 -0.913139 68 68 255 R2 pano_camera5/frame_0092_hp_preview.jpg
2.233969 0.092599 -1.283893 68 68 255 R2 pano_camera5/frame_0093_hp_preview.jpg
3.478965 0.176319 -1.662434 68 68 255 R2 pano_camera5/frame_0094_hp_preview.jpg
5.013880 0.153010 -1.891017 68 68 255 R2 pano_camera5/frame_0095_hp_preview.jpg
6.887831 0.168225 -1.733679 68 68 255 R2 pano_camera5/frame_0096_hp_preview.jpg
8.909564 0.128366 0.039303 68 68 255 R2 pano_camera5/frame_0097_hp_preview.jpg
9.155802 0.089246 0.460549 68 68 255 R2 pano_camera5/frame_0098_hp_preview.jpg
10.075092 0.028823 3.073413 68 68 255 R2 pano_camera5/frame_0099_hp_preview.jpg
0.000514 0.000731 3.327995 68 68 255 R2 pano_camera6/frame_0089_hp_preview.jpg
0.104248 0.070654 1.417000 68 68 255 R2 pano_camera6/frame_0090_hp_preview.jpg
0.111549 0.066913 1.368521 68 68 255 R2 pano_camera6/frame_0091_hp_preview.jpg
1.592808 0.034001 -0.913139 68 68 255 R2 pano_camera6/frame_0092_hp_preview.jpg
2.233969 0.092599 -1.283893 68 68 255 R2 pano_camera6/frame_0093_hp_preview.jpg
3.478965 0.176319 -1.662434 68 68 255 R2 pano_camera6/frame_0094_hp_preview.jpg
5.013880 0.153010 -1.891017 68 68 255 R2 pano_camera6/frame_0095_hp_preview.jpg
6.887831 0.168225 -1.733679 68 68 255 R2 pano_camera6/frame_0096_hp_preview.jpg
8.909564 0.128366 0.039303 68 68 255 R2 pano_camera6/frame_0097_hp_preview.jpg
9.155802 0.089246 0.460549 68 68 255 R2 pano_camera6/frame_0098_hp_preview.jpg
10.075092 0.028823 3.073413 68 68 255 R2 pano_camera6/frame_0099_hp_preview.jpg
0.000514 0.000731 3.327995 68 68 255 R2 pano_camera7/frame_0089_hp_preview.jpg
0.104248 0.070654 1.417000 68 68 255 R2 pano_camera7/frame_0090_hp_preview.jpg
0.111549 0.066913 1.368521 68 68 255 R2 pano_camera7/frame_0091_hp_preview.jpg
1.592808 0.034001 -0.913139 68 68 255 R2 pano_camera7/frame_0092_hp_preview.jpg
2.233969 0.092599 -1.283893 68 68 255 R2 pano_camera7/frame_0093_hp_preview.jpg
3.478965 0.176319 -1.662434 68 68 255 R2 pano_camera7/frame_0094_hp_preview.jpg
5.013880 0.153010 -1.891017 68 68 255 R2 pano_camera7/frame_0095_hp_preview.jpg
6.887831 0.168225 -1.733679 68 68 255 R2 pano_camera7/frame_0096_hp_preview.jpg
8.909564 0.128366 0.039303 68 68 255 R2 pano_camera7/frame_0097_hp_preview.jpg
9.155802 0.089246 0.460549 68 68 255 R2 pano_camera7/frame_0098_hp_preview.jpg
10.075092 0.028823 3.073413 68 68 255 R2 pano_camera7/frame_0099_hp_preview.jpg

# Object R3: Yellow (88 points)
# Transform: Pos(0.000, 0.000, 0.000) Scale(1.000, 1.000, 1.000) Quat(0.000, 0.000, 0.000, 1.000)
0.000000 0.000000 -2.884707 255 255 68 R3 pano_camera0/frame_0143_hp_preview.jpg
-1.140234 0.113421 -2.901720 255 255 68 R3 pano_camera0/frame_0144_hp_preview.jpg
-1.801159 0.132880 -1.957197 255 255 68 R3 pano_camera0/frame_0145_hp_preview.jpg
-0.674009 0.033368 2.034633 255 255 68 R3 pano_camera0/frame_0146_hp_preview.jpg
-0.437490 0.034939 2.701277 255 255 68 R3 pano_camera0/frame_0147_hp_preview.jpg
-0.772542 0.077097 4.428323 255 255 68 R3 pano_camera0/frame_0148_hp_preview.jpg
-4.388175 0.073171 4.691078 255 255 68 R3 pano_camera0/frame_0149_hp_preview.jpg
-6.451928 0.019115 2.384117 255 255 68 R3 pano_camera0/frame_0150_hp_preview.jpg
-6.589898 0.055369 -0.441062 255 255 68 R3 pano_camera0/frame_0151_hp_preview.jpg
-4.435470 0.049844 -3.433546 255 255 68 R3 pano_camera0/frame_0152_hp_preview.jpg
-3.951155 0.098578 -3.683562 255 255 68 R3 pano_camera0/frame_0153_hp_preview.jpg
0.000000 0.000000 -2.884707 255 255 68 R3 pano_camera1/frame_0143_hp_preview.jpg
-1.140234 0.113421 -2.901720 255 255 68 R3 pano_camera1/frame_0144_hp_preview.jpg
-1.801159 0.132880 -1.957197 255 255 68 R3 pano_camera1/frame_0145_hp_preview.jpg
-0.674009 0.033368 2.034633 255 255 68 R3 pano_camera1/frame_0146_hp_preview.jpg
-0.437490 0.034939 2.701277 255 255 68 R3 pano_camera1/frame_0147_hp_preview.jpg
-0.772542 0.077097 4.428323 255 255 68 R3 pano_camera1/frame_0148_hp_preview.jpg
-4.388175 0.073171 4.691078 255 255 68 R3 pano_camera1/frame_0149_hp_preview.jpg
-6.451928 0.019115 2.384117 255 255 68 R3 pano_camera1/frame_0150_hp_preview.jpg
-6.589898 0.055369 -0.441062 255 255 68 R3 pano_camera1/frame_0151_hp_preview.jpg
-4.435470 0.049844 -3.433546 255 255 68 R3 pano_camera1/frame_0152_hp_preview.jpg
-3.951155 0.098578 -3.683562 255 255 68 R3 pano_camera1/frame_0153_hp_preview.jpg
0.000000 0.000000 -2.884707 255 255 68 R3 pano_camera2/frame_0143_hp_preview.jpg
-1.140234 0.113421 -2.901720 255 255 68 R3 pano_camera2/frame_0144_hp_preview.jpg
-1.801159 0.132880 -1.957197 255 255 68 R3 pano_camera2/frame_0145_hp_preview.jpg
-0.674009 0.033368 2.034633 255 255 68 R3 pano_camera2/frame_0146_hp_preview.jpg
-0.437490 0.034939 2.701277 255 255 68 R3 pano_camera2/frame_0147_hp_preview.jpg
-0.772542 0.077097 4.428323 255 255 68 R3 pano_camera2/frame_0148_hp_preview.jpg
-4.388175 0.073171 4.691078 255 255 68 R3 pano_camera2/frame_0149_hp_preview.jpg
-6.451928 0.019115 2.384117 255 255 68 R3 pano_camera2/frame_0150_hp_preview.jpg
-6.589898 0.055369 -0.441062 255 255 68 R3 pano_camera2/frame_0151_hp_preview.jpg
-4.435470 0.049844 -3.433546 255 255 68 R3 pano_camera2/frame_0152_hp_preview.jpg
-3.951155 0.098578 -3.683562 255 255 68 R3 pano_camera2/frame_0153_hp_preview.jpg
0.000000 0.000000 -2.884707 255 255 68 R3 pano_camera3/frame_0143_hp_preview.jpg
-1.140234 0.113421 -2.901720 255 255 68 R3 pano_camera3/frame_0144_hp_preview.jpg
-1.801159 0.132880 -1.957197 255 255 68 R3 pano_camera3/frame_0145_hp_preview.jpg
-0.674009 0.033368 2.034633 255 255 68 R3 pano_camera3/frame_0146_hp_preview.jpg
-0.437490 0.034939 2.701277 255 255 68 R3 pano_camera3/frame_0147_hp_preview.jpg
-0.772542 0.077097 4.428323 255 255 68 R3 pano_camera3/frame_0148_hp_preview.jpg
-4.388175 0.073171 4.691078 255 255 68 R3 pano_camera3/frame_0149_hp_preview.jpg
-6.451928 0.019115 2.384117 255 255 68 R3 pano_camera3/frame_0150_hp_preview.jpg
-6.589898 0.055369 -0.441062 255 255 68 R3 pano_camera3/frame_0151_hp_preview.jpg
-4.435470 0.049844 -3.433546 255 255 68 R3 pano_camera3/frame_0152_hp_preview.jpg
-3.951155 0.098578 -3.683562 255 255 68 R3 pano_camera3/frame_0153_hp_preview.jpg
-0.000000 -0.000000 -2.884707 255 255 68 R3 pano_camera4/frame_0143_hp_preview.jpg
-1.140234 0.113421 -2.901720 255 255 68 R3 pano_camera4/frame_0144_hp_preview.jpg
-1.801159 0.132880 -1.957197 255 255 68 R3 pano_camera4/frame_0145_hp_preview.jpg
-0.674009 0.033368 2.034633 255 255 68 R3 pano_camera4/frame_0146_hp_preview.jpg
-0.437490 0.034939 2.701277 255 255 68 R3 pano_camera4/frame_0147_hp_preview.jpg
-0.772542 0.077097 4.428323 255 255 68 R3 pano_camera4/frame_0148_hp_preview.jpg
-4.388175 0.073171 4.691078 255 255 68 R3 pano_camera4/frame_0149_hp_preview.jpg
-6.451928 0.019115 2.384117 255 255 68 R3 pano_camera4/frame_0150_hp_preview.jpg
-6.589898 0.055369 -0.441062 255 255 68 R3 pano_camera4/frame_0151_hp_preview.jpg
-4.435470 0.049844 -3.433546 255 255 68 R3 pano_camera4/frame_0152_hp_preview.jpg
-3.951155 0.098578 -3.683562 255 255 68 R3 pano_camera4/frame_0153_hp_preview.jpg
-0.000000 0.000000 -2.884707 255 255 68 R3 pano_camera5/frame_0143_hp_preview.jpg
-1.140234 0.113421 -2.901720 255 255 68 R3 pano_camera5/frame_0144_hp_preview.jpg
-1.801159 0.132880 -1.957197 255 255 68 R3 pano_camera5/frame_0145_hp_preview.jpg
-0.674009 0.033368 2.034633 255 255 68 R3 pano_camera5/frame_0146_hp_preview.jpg
-0.437490 0.034939 2.701277 255 255 68 R3 pano_camera5/frame_0147_hp_preview.jpg
-0.772542 0.077097 4.428323 255 255 68 R3 pano_camera5/frame_0148_hp_preview.jpg
-4.388175 0.073171 4.691078 255 255 68 R3 pano_camera5/frame_0149_hp_preview.jpg
-6.451928 0.019115 2.384117 255 255 68 R3 pano_camera5/frame_0150_hp_preview.jpg
-6.589898 0.055369 -0.441062 255 255 68 R3 pano_camera5/frame_0151_hp_preview.jpg
-4.435470 0.049844 -3.433546 255 255 68 R3 pano_camera5/frame_0152_hp_preview.jpg
-3.951155 0.098578 -3.683562 255 255 68 R3 pano_camera5/frame_0153_hp_preview.jpg
0.000000 -0.000000 -2.884707 255 255 68 R3 pano_camera6/frame_0143_hp_preview.jpg
-1.140234 0.113421 -2.901720 255 255 68 R3 pano_camera6/frame_0144_hp_preview.jpg
-1.801159 0.132880 -1.957197 255 255 68 R3 pano_camera6/frame_0145_hp_preview.jpg
-0.674009 0.033368 2.034633 255 255 68 R3 pano_camera6/frame_0146_hp_preview.jpg
-0.437490 0.034939 2.701277 255 255 68 R3 pano_camera6/frame_0147_hp_preview.jpg
-0.772542 0.077097 4.428323 255 255 68 R3 pano_camera6/frame_0148_hp_preview.jpg
-4.388175 0.073171 4.691078 255 255 68 R3 pano_camera6/frame_0149_hp_preview.jpg
-6.451928 0.019115 2.384117 255 255 68 R3 pano_camera6/frame_0150_hp_preview.jpg
-6.589898 0.055369 -0.441062 255 255 68 R3 pano_camera6/frame_0151_hp_preview.jpg
-4.435470 0.049844 -3.433546 255 255 68 R3 pano_camera6/frame_0152_hp_preview.jpg
-3.951155 0.098578 -3.683562 255 255 68 R3 pano_camera6/frame_0153_hp_preview.jpg
0.000000 0.000000 -2.884707 255 255 68 R3 pano_camera7/frame_0143_hp_preview.jpg
-1.140234 0.113421 -2.901720 255 255 68 R3 pano_camera7/frame_0144_hp_preview.jpg
-1.801159 0.132880 -1.957197 255 255 68 R3 pano_camera7/frame_0145_hp_preview.jpg
-0.674009 0.033368 2.034633 255 255 68 R3 pano_camera7/frame_0146_hp_preview.jpg
-0.437490 0.034939 2.701277 255 255 68 R3 pano_camera7/frame_0147_hp_preview.jpg
-0.772542 0.077097 4.428323 255 255 68 R3 pano_camera7/frame_0148_hp_preview.jpg
-4.388175 0.073171 4.691078 255 255 68 R3 pano_camera7/frame_0149_hp_preview.jpg
-6.451928 0.019115 2.384117 255 255 68 R3 pano_camera7/frame_0150_hp_preview.jpg
-6.589898 0.055369 -0.441062 255 255 68 R3 pano_camera7/frame_0151_hp_preview.jpg
-4.435470 0.049844 -3.433546 255 255 68 R3 pano_camera7/frame_0152_hp_preview.jpg
-3.951155 0.098578 -3.683562 255 255 68 R3 pano_camera7/frame_0153_hp_preview.jpg

# Object R4: Magenta (80 points)
# Transform: Pos(0.120, 0.045, -0.126) Scale(1.000, 1.000, 1.000) Quat(-0.033, 0.031, 0.055, 0.997)
0.414390 0.398127 4.940567 255 68 255 R4 pano_camera0/frame_0130_hp_preview.jpg
-0.931970 0.455865 3.301852 255 68 255 R4 pano_camera0/frame_0131_hp_preview.jpg
-1.453974 0.470561 2.245021 255 68 255 R4 pano_camera0/frame_0132_hp_preview.jpg
-1.524415 0.445686 2.076105 255 68 255 R4 pano_camera0/frame_0133_hp_preview.jpg
-2.089182 0.433458 0.771158 255 68 255 R4 pano_camera0/frame_0134_hp_preview.jpg
-2.004178 0.293525 -0.987454 255 68 255 R4 pano_camera0/frame_0135_hp_preview.jpg
-1.597333 0.522484 -1.607421 255 68 255 R4 pano_camera0/frame_0136_hp_preview.jpg
-0.516323 0.471029 -2.709709 255 68 255 R4 pano_camera0/frame_0137_hp_preview.jpg
-0.110385 0.402275 -3.531433 255 68 255 R4 pano_camera0/frame_0138_hp_preview.jpg
-0.099799 0.377064 -4.679331 255 68 255 R4 pano_camera0/frame_0139_hp_preview.jpg
0.414390 0.398127 4.940567 255 68 255 R4 pano_camera1/frame_0130_hp_preview.jpg
-0.931970 0.455865 3.301852 255 68 255 R4 pano_camera1/frame_0131_hp_preview.jpg
-1.453974 0.470561 2.245021 255 68 255 R4 pano_camera1/frame_0132_hp_preview.jpg
-1.524415 0.445686 2.076105 255 68 255 R4 pano_camera1/frame_0133_hp_preview.jpg
-2.089182 0.433458 0.771158 255 68 255 R4 pano_camera1/frame_0134_hp_preview.jpg
-2.004178 0.293525 -0.987454 255 68 255 R4 pano_camera1/frame_0135_hp_preview.jpg
-1.597333 0.522484 -1.607421 255 68 255 R4 pano_camera1/frame_0136_hp_preview.jpg
-0.516323 0.471029 -2.709709 255 68 255 R4 pano_camera1/frame_0137_hp_preview.jpg
-0.110385 0.402275 -3.531433 255 68 255 R4 pano_camera1/frame_0138_hp_preview.jpg
-0.099799 0.377064 -4.679331 255 68 255 R4 pano_camera1/frame_0139_hp_preview.jpg
0.414390 0.398127 4.940567 255 68 255 R4 pano_camera2/frame_0130_hp_preview.jpg
-0.931970 0.455865 3.301852 255 68 255 R4 pano_camera2/frame_0131_hp_preview.jpg
-1.453974 0.470561 2.245021 255 68 255 R4 pano_camera2/frame_0132_hp_preview.jpg
-1.524415 0.445686 2.076105 255 68 255 R4 pano_camera2/frame_0133_hp_preview.jpg
-2.089182 0.433458 0.771158 255 68 255 R4 pano_camera2/frame_0134_hp_preview.jpg
-2.004178 0.293525 -0.987454 255 68 255 R4 pano_camera2/frame_0135_hp_preview.jpg
-1.597333 0.522484 -1.607421 255 68 255 R4 pano_camera2/frame_0136_hp_preview.jpg
-0.516323 0.471029 -2.709709 255 68 255 R4 pano_camera2/frame_0137_hp_preview.jpg
-0.110385 0.402275 -3.531433 255 68 255 R4 pano_camera2/frame_0138_hp_preview.jpg
-0.099799 0.377064 -4.679331 255 68 255 R4 pano_camera2/frame_0139_hp_preview.jpg
0.414390 0.398127 4.940567 255 68 255 R4 pano_camera3/frame_0130_hp_preview.jpg
-0.931970 0.455865 3.301852 255 68 255 R4 pano_camera3/frame_0131_hp_preview.jpg
-1.453974 0.470561 2.245021 255 68 255 R4 pano_camera3/frame_0132_hp_preview.jpg
-1.524415 0.445686 2.076105 255 68 255 R4 pano_camera3/frame_0133_hp_preview.jpg
-2.089182 0.433458 0.771158 255 68 255 R4 pano_camera3/frame_0134_hp_preview.jpg
-2.004178 0.293525 -0.987454 255 68 255 R4 pano_camera3/frame_0135_hp_preview.jpg
-1.597333 0.522484 -1.607421 255 68 255 R4 pano_camera3/frame_0136_hp_preview.jpg
-0.516323 0.471029 -2.709709 255 68 255 R4 pano_camera3/frame_0137_hp_preview.jpg
-0.110385 0.402275 -3.531433 255 68 255 R4 pano_camera3/frame_0138_hp_preview.jpg
-0.099799 0.377064 -4.679331 255 68 255 R4 pano_camera3/frame_0139_hp_preview.jpg
0.414390 0.398127 4.940567 255 68 255 R4 pano_camera4/frame_0130_hp_preview.jpg
-0.931970 0.455865 3.301852 255 68 255 R4 pano_camera4/frame_0131_hp_preview.jpg
-1.453974 0.470561 2.245021 255 68 255 R4 pano_camera4/frame_0132_hp_preview.jpg
-1.524415 0.445686 2.076105 255 68 255 R4 pano_camera4/frame_0133_hp_preview.jpg
-2.089182 0.433458 0.771158 255 68 255 R4 pano_camera4/frame_0134_hp_preview.jpg
-2.004178 0.293525 -0.987454 255 68 255 R4 pano_camera4/frame_0135_hp_preview.jpg
-1.597333 0.522484 -1.607421 255 68 255 R4 pano_camera4/frame_0136_hp_preview.jpg
-0.516323 0.471029 -2.709709 255 68 255 R4 pano_camera4/frame_0137_hp_preview.jpg
-0.110385 0.402275 -3.531433 255 68 255 R4 pano_camera4/frame_0138_hp_preview.jpg
-0.099799 0.377064 -4.679331 255 68 255 R4 pano_camera4/frame_0139_hp_preview.jpg
0.414390 0.398127 4.940567 255 68 255 R4 pano_camera5/frame_0130_hp_preview.jpg
-0.931970 0.455865 3.301852 255 68 255 R4 pano_camera5/frame_0131_hp_preview.jpg
-1.453974 0.470561 2.245021 255 68 255 R4 pano_camera5/frame_0132_hp_preview.jpg
-1.524415 0.445686 2.076105 255 68 255 R4 pano_camera5/frame_0133_hp_preview.jpg
-2.089182 0.433458 0.771158 255 68 255 R4 pano_camera5/frame_0134_hp_preview.jpg
-2.004178 0.293525 -0.987454 255 68 255 R4 pano_camera5/frame_0135_hp_preview.jpg
-1.597333 0.522484 -1.607421 255 68 255 R4 pano_camera5/frame_0136_hp_preview.jpg
-0.516323 0.471029 -2.709709 255 68 255 R4 pano_camera5/frame_0137_hp_preview.jpg
-0.110385 0.402275 -3.531433 255 68 255 R4 pano_camera5/frame_0138_hp_preview.jpg
-0.099799 0.377064 -4.679331 255 68 255 R4 pano_camera5/frame_0139_hp_preview.jpg
0.414390 0.398127 4.940567 255 68 255 R4 pano_camera6/frame_0130_hp_preview.jpg
-0.931970 0.455865 3.301852 255 68 255 R4 pano_camera6/frame_0131_hp_preview.jpg
-1.453974 0.470561 2.245021 255 68 255 R4 pano_camera6/frame_0132_hp_preview.jpg
-1.524415 0.445686 2.076105 255 68 255 R4 pano_camera6/frame_0133_hp_preview.jpg
-2.089182 0.433458 0.771158 255 68 255 R4 pano_camera6/frame_0134_hp_preview.jpg
-2.004178 0.293525 -0.987454 255 68 255 R4 pano_camera6/frame_0135_hp_preview.jpg
-1.597333 0.522484 -1.607421 255 68 255 R4 pano_camera6/frame_0136_hp_preview.jpg
-0.516323 0.471029 -2.709709 255 68 255 R4 pano_camera6/frame_0137_hp_preview.jpg
-0.110385 0.402275 -3.531433 255 68 255 R4 pano_camera6/frame_0138_hp_preview.jpg
-0.099799 0.377064 -4.679331 255 68 255 R4 pano_camera6/frame_0139_hp_preview.jpg
0.414390 0.398127 4.940567 255 68 255 R4 pano_camera7/frame_0130_hp_preview.jpg
-0.931970 0.455865 3.301852 255 68 255 R4 pano_camera7/frame_0131_hp_preview.jpg
-1.453974 0.470561 2.245021 255 68 255 R4 pano_camera7/frame_0132_hp_preview.jpg
-1.524415 0.445686 2.076105 255 68 255 R4 pano_camera7/frame_0133_hp_preview.jpg
-2.089182 0.433458 0.771158 255 68 255 R4 pano_camera7/frame_0134_hp_preview.jpg
-2.004178 0.293525 -0.987454 255 68 255 R4 pano_camera7/frame_0135_hp_preview.jpg
-1.597333 0.522484 -1.607421 255 68 255 R4 pano_camera7/frame_0136_hp_preview.jpg
-0.516323 0.471029 -2.709709 255 68 255 R4 pano_camera7/frame_0137_hp_preview.jpg
-0.110385 0.402275 -3.531433 255 68 255 R4 pano_camera7/frame_0138_hp_preview.jpg
-0.099799 0.377064 -4.679331 255 68 255 R4 pano_camera7/frame_0139_hp_preview.jpg

# End of file - 2808 total points exported
