# Enhanced PTS File with Visual Information
# Format: X Y Z R G B OBJECT_ID IMAGE_NAME
# Generated from Three.js Transform Viewer
# Export Date: 2025-10-21T19:31:33.135Z
# Total Objects: 5

# Object R0: Reddish (1832 points)
# Transform: Pos(0.000, 0.000, 0.000) Scale(1.000, 1.000, 1.000) Quat(0.000, 0.000, 0.000, 1.000)
4.848439 -0.003381 2.343379 230 57 70 R0 pano_camera0/frame_0140_hp_preview.jpg
4.976167 0.003660 2.470844 230 57 70 R0 pano_camera0/frame_0141_hp_preview.jpg
5.194528 0.002370 2.711440 230 57 70 R0 pano_camera0/frame_0142_hp_preview.jpg
5.351460 0.002104 2.809959 230 57 70 R0 pano_camera0/frame_0143_hp_preview.jpg
5.527091 0.018060 2.758039 230 57 70 R0 pano_camera0/frame_0144_hp_preview.jpg
5.585387 0.021521 2.581340 230 57 70 R0 pano_camera0/frame_0145_hp_preview.jpg
4.723736 0.008487 2.770301 230 57 70 R0 pano_camera0/frame_0157_hp_preview.jpg
4.586036 0.011479 2.856279 230 57 70 R0 pano_camera0/frame_0158_hp_preview.jpg
4.536942 0.017140 2.953983 230 57 70 R0 pano_camera0/frame_0159_hp_preview.jpg
4.288414 0.011682 3.562760 230 57 70 R0 pano_camera0/frame_0160_hp_preview.jpg
4.081048 0.011118 3.824821 230 57 70 R0 pano_camera0/frame_0161_hp_preview.jpg
3.779874 0.025722 4.113932 230 57 70 R0 pano_camera0/frame_0162_hp_preview.jpg
3.572530 0.032436 4.273726 230 57 70 R0 pano_camera0/frame_0163_hp_preview.jpg
3.347423 0.042844 4.415986 230 57 70 R0 pano_camera0/frame_0164_hp_preview.jpg
2.950034 0.045380 4.403106 230 57 70 R0 pano_camera0/frame_0165_hp_preview.jpg
2.788917 0.043070 4.270106 230 57 70 R0 pano_camera0/frame_0166_hp_preview.jpg
2.542073 0.043777 3.910346 230 57 70 R0 pano_camera0/frame_0167_hp_preview.jpg
2.594183 0.034902 3.523704 230 57 70 R0 pano_camera0/frame_0168_hp_preview.jpg
2.684120 0.044414 3.407493 230 57 70 R0 pano_camera0/frame_0169_hp_preview.jpg
3.219633 0.022935 2.875419 230 57 70 R0 pano_camera0/frame_0170_hp_preview.jpg
3.292212 0.035859 2.805806 230 57 70 R0 pano_camera0/frame_0171_hp_preview.jpg
3.631727 0.016229 2.480261 230 57 70 R0 pano_camera0/frame_0172_hp_preview.jpg
3.708930 0.020705 2.099979 230 57 70 R0 pano_camera0/frame_0173_hp_preview.jpg
3.504579 0.024744 1.764223 230 57 70 R0 pano_camera0/frame_0174_hp_preview.jpg
3.495474 0.027687 1.758712 230 57 70 R0 pano_camera0/frame_0175_hp_preview.jpg
3.064205 0.022515 1.664521 230 57 70 R0 pano_camera0/frame_0176_hp_preview.jpg
2.820092 0.033612 1.713055 230 57 70 R0 pano_camera0/frame_0177_hp_preview.jpg
2.358232 0.034709 1.730864 230 57 70 R0 pano_camera0/frame_0178_hp_preview.jpg
2.036831 0.036643 1.482533 230 57 70 R0 pano_camera0/frame_0179_hp_preview.jpg
1.994682 0.033804 1.288916 230 57 70 R0 pano_camera0/frame_0180_hp_preview.jpg
2.126682 0.015815 1.051249 230 57 70 R0 pano_camera0/frame_0181_hp_preview.jpg
2.321861 0.010652 0.889881 230 57 70 R0 pano_camera0/frame_0182_hp_preview.jpg
2.546512 0.016454 0.570642 230 57 70 R0 pano_camera0/frame_0183_hp_preview.jpg
2.394964 0.004696 0.422107 230 57 70 R0 pano_camera0/frame_0184_hp_preview.jpg
2.241276 0.007220 0.470949 230 57 70 R0 pano_camera0/frame_0185_hp_preview.jpg
2.048247 0.005049 0.614938 230 57 70 R0 pano_camera0/frame_0186_hp_preview.jpg
1.849536 0.008437 0.750512 230 57 70 R0 pano_camera0/frame_0187_hp_preview.jpg
1.549903 0.014024 0.855160 230 57 70 R0 pano_camera0/frame_0188_hp_preview.jpg
1.246645 0.016152 0.767161 230 57 70 R0 pano_camera0/frame_0189_hp_preview.jpg
1.215804 0.021790 0.748034 230 57 70 R0 pano_camera0/frame_0190_hp_preview.jpg
1.048764 0.022861 0.533401 230 57 70 R0 pano_camera0/frame_0191_hp_preview.jpg
1.046834 0.022734 0.173450 230 57 70 R0 pano_camera0/frame_0192_hp_preview.jpg
1.178354 0.012269 -0.077604 230 57 70 R0 pano_camera0/frame_0193_hp_preview.jpg
1.398604 -0.001764 -0.360488 230 57 70 R0 pano_camera0/frame_0194_hp_preview.jpg
1.537063 0.000393 -0.573395 230 57 70 R0 pano_camera0/frame_0195_hp_preview.jpg
1.509041 -0.013373 -0.777640 230 57 70 R0 pano_camera0/frame_0196_hp_preview.jpg
1.309628 -0.013024 -1.149694 230 57 70 R0 pano_camera0/frame_0197_hp_preview.jpg
0.932263 0.002036 -1.630406 230 57 70 R0 pano_camera0/frame_0198_hp_preview.jpg
0.821882 0.007316 -1.771123 230 57 70 R0 pano_camera0/frame_0199_hp_preview.jpg
0.198995 0.039974 -2.338999 230 57 70 R0 pano_camera0/frame_0200_hp_preview.jpg
0.207174 0.084288 -2.433502 230 57 70 R0 pano_camera0/frame_0201_hp_preview.jpg
0.172025 0.017414 -1.196615 230 57 70 R0 pano_camera0/frame_0226_hp_preview.jpg
-0.433907 0.033344 0.075918 230 57 70 R0 pano_camera0/frame_0240_hp_preview.jpg
-0.419291 0.026166 0.141740 230 57 70 R0 pano_camera0/frame_0241_hp_preview.jpg
-0.522602 0.023389 0.419109 230 57 70 R0 pano_camera0/frame_0242_hp_preview.jpg
-0.404621 0.020896 0.581426 230 57 70 R0 pano_camera0/frame_0243_hp_preview.jpg
-0.191244 0.016486 0.566294 230 57 70 R0 pano_camera0/frame_0244_hp_preview.jpg
-0.087850 0.012223 0.584085 230 57 70 R0 pano_camera0/frame_0245_hp_preview.jpg
0.183804 -0.014920 0.646892 230 57 70 R0 pano_camera0/frame_0246_hp_preview.jpg
0.311132 -0.009474 0.572475 230 57 70 R0 pano_camera0/frame_0247_hp_preview.jpg
0.626849 -0.011359 0.644955 230 57 70 R0 pano_camera0/frame_0248_hp_preview.jpg
0.662454 -0.013536 0.664876 230 57 70 R0 pano_camera0/frame_0249_hp_preview.jpg
1.289406 -0.010447 1.131659 230 57 70 R0 pano_camera0/frame_0250_hp_preview.jpg
1.299805 -0.011896 1.141188 230 57 70 R0 pano_camera0/frame_0251_hp_preview.jpg
1.603287 0.000503 1.562848 230 57 70 R0 pano_camera0/frame_0252_hp_preview.jpg
1.751893 0.022157 2.101843 230 57 70 R0 pano_camera0/frame_0253_hp_preview.jpg
1.480006 0.037867 2.427083 230 57 70 R0 pano_camera0/frame_0254_hp_preview.jpg
1.437382 0.034941 2.432582 230 57 70 R0 pano_camera0/frame_0255_hp_preview.jpg
1.005589 0.072369 2.076502 230 57 70 R0 pano_camera0/frame_0256_hp_preview.jpg
0.875329 0.197640 1.901790 230 57 70 R0 pano_camera0/frame_0257_hp_preview.jpg
0.825832 0.278590 1.834591 230 57 70 R0 pano_camera0/frame_0258_hp_preview.jpg
0.747423 0.351345 1.710778 230 57 70 R0 pano_camera0/frame_0259_hp_preview.jpg
0.566080 0.598200 1.436467 230 57 70 R0 pano_camera0/frame_0260_hp_preview.jpg
0.563429 0.600871 1.430177 230 57 70 R0 pano_camera0/frame_0261_hp_preview.jpg
0.350396 0.856865 1.165812 230 57 70 R0 pano_camera0/frame_0262_hp_preview.jpg
0.339877 0.866165 1.159099 230 57 70 R0 pano_camera0/frame_0263_hp_preview.jpg
0.234127 1.008462 1.020539 230 57 70 R0 pano_camera0/frame_0264_hp_preview.jpg
0.071437 1.184064 0.813040 230 57 70 R0 pano_camera0/frame_0265_hp_preview.jpg
0.025056 1.316290 0.585747 230 57 70 R0 pano_camera0/frame_0266_hp_preview.jpg
0.038001 1.390062 0.376037 230 57 70 R0 pano_camera0/frame_0267_hp_preview.jpg
0.239597 1.381609 0.143790 230 57 70 R0 pano_camera0/frame_0268_hp_preview.jpg
0.612700 1.384606 -0.221181 230 57 70 R0 pano_camera0/frame_0269_hp_preview.jpg
0.798854 1.400842 -0.376291 230 57 70 R0 pano_camera0/frame_0270_hp_preview.jpg
1.166526 1.391572 -0.637884 230 57 70 R0 pano_camera0/frame_0271_hp_preview.jpg
1.506991 1.392131 -0.887511 230 57 70 R0 pano_camera0/frame_0272_hp_preview.jpg
1.690093 1.400613 -1.034229 230 57 70 R0 pano_camera0/frame_0273_hp_preview.jpg
2.278302 1.390619 -1.481655 230 57 70 R0 pano_camera0/frame_0274_hp_preview.jpg
2.336505 1.393861 -1.538090 230 57 70 R0 pano_camera0/frame_0275_hp_preview.jpg
2.808206 1.393012 -1.910965 230 57 70 R0 pano_camera0/frame_0276_hp_preview.jpg
2.946690 1.397139 -2.038230 230 57 70 R0 pano_camera0/frame_0277_hp_preview.jpg
3.364985 1.410295 -2.445275 230 57 70 R0 pano_camera0/frame_0278_hp_preview.jpg
3.602349 1.405552 -2.615359 230 57 70 R0 pano_camera0/frame_0279_hp_preview.jpg
4.186621 1.405391 -3.116706 230 57 70 R0 pano_camera0/frame_0280_hp_preview.jpg
4.299218 1.402273 -3.198739 230 57 70 R0 pano_camera0/frame_0281_hp_preview.jpg
4.450741 1.396179 -3.352036 230 57 70 R0 pano_camera0/frame_0282_hp_preview.jpg
4.528524 1.392550 -3.586719 230 57 70 R0 pano_camera0/frame_0283_hp_preview.jpg
4.349495 1.382494 -3.973800 230 57 70 R0 pano_camera0/frame_0284_hp_preview.jpg
4.312302 1.380122 -4.000254 230 57 70 R0 pano_camera0/frame_0285_hp_preview.jpg
4.057054 1.379455 -4.205541 230 57 70 R0 pano_camera0/frame_0286_hp_preview.jpg
3.856718 1.395014 -4.213276 230 57 70 R0 pano_camera0/frame_0287_hp_preview.jpg
3.595536 1.405512 -4.228136 230 57 70 R0 pano_camera0/frame_0288_hp_preview.jpg
3.440598 1.411468 -4.303971 230 57 70 R0 pano_camera0/frame_0289_hp_preview.jpg
3.334265 1.408991 -4.557872 230 57 70 R0 pano_camera0/frame_0290_hp_preview.jpg
3.237582 1.396976 -5.105779 230 57 70 R0 pano_camera0/frame_0291_hp_preview.jpg
3.172419 1.396025 -5.318331 230 57 70 R0 pano_camera0/frame_0292_hp_preview.jpg
3.129664 1.390229 -5.495542 230 57 70 R0 pano_camera0/frame_0293_hp_preview.jpg
2.669249 1.375742 -5.940585 230 57 70 R0 pano_camera0/frame_0294_hp_preview.jpg
2.619110 1.377141 -5.952637 230 57 70 R0 pano_camera0/frame_0295_hp_preview.jpg
2.077442 1.374624 -5.759705 230 57 70 R0 pano_camera0/frame_0296_hp_preview.jpg
1.977869 1.382009 -5.413812 230 57 70 R0 pano_camera0/frame_0297_hp_preview.jpg
1.950576 1.371932 -5.103686 230 57 70 R0 pano_camera0/frame_0298_hp_preview.jpg
1.938800 1.378945 -4.861574 230 57 70 R0 pano_camera0/frame_0299_hp_preview.jpg
1.908069 1.386303 -4.399366 230 57 70 R0 pano_camera0/frame_0300_hp_preview.jpg
1.905657 1.372866 -4.079379 230 57 70 R0 pano_camera0/frame_0301_hp_preview.jpg
1.936280 1.369966 -3.758265 230 57 70 R0 pano_camera0/frame_0302_hp_preview.jpg
2.050869 1.384329 -3.320391 230 57 70 R0 pano_camera0/frame_0303_hp_preview.jpg
2.100628 1.380397 -3.096501 230 57 70 R0 pano_camera0/frame_0304_hp_preview.jpg
2.164794 1.376887 -2.568133 230 57 70 R0 pano_camera0/frame_0305_hp_preview.jpg
2.102929 1.370169 -2.042352 230 57 70 R0 pano_camera0/frame_0306_hp_preview.jpg
2.004246 1.366345 -1.708941 230 57 70 R0 pano_camera0/frame_0307_hp_preview.jpg
1.958745 1.372765 -1.632116 230 57 70 R0 pano_camera0/frame_0308_hp_preview.jpg
1.574626 1.376868 -1.347597 230 57 70 R0 pano_camera0/frame_0309_hp_preview.jpg
1.106413 1.390864 -1.353969 230 57 70 R0 pano_camera0/frame_0310_hp_preview.jpg
0.875914 1.377985 -1.574909 230 57 70 R0 pano_camera0/frame_0311_hp_preview.jpg
0.707571 1.388520 -1.989995 230 57 70 R0 pano_camera0/frame_0312_hp_preview.jpg
0.639471 1.388615 -2.301460 230 57 70 R0 pano_camera0/frame_0313_hp_preview.jpg
0.606161 1.387047 -2.583265 230 57 70 R0 pano_camera0/frame_0314_hp_preview.jpg
0.506540 1.387155 -3.269938 230 57 70 R0 pano_camera0/frame_0315_hp_preview.jpg
0.494624 1.390811 -3.319863 230 57 70 R0 pano_camera0/frame_0316_hp_preview.jpg
0.379901 1.380112 -3.756505 230 57 70 R0 pano_camera0/frame_0317_hp_preview.jpg
0.102365 1.370302 -4.150293 230 57 70 R0 pano_camera0/frame_0318_hp_preview.jpg
-0.024514 1.371763 -4.160398 230 57 70 R0 pano_camera0/frame_0319_hp_preview.jpg
-0.368941 1.394518 -4.064001 230 57 70 R0 pano_camera0/frame_0320_hp_preview.jpg
-0.892665 1.401315 -3.584437 230 57 70 R0 pano_camera0/frame_0321_hp_preview.jpg
-0.920817 1.400829 -3.552065 230 57 70 R0 pano_camera0/frame_0322_hp_preview.jpg
-1.036377 1.390180 -3.085768 230 57 70 R0 pano_camera0/frame_0323_hp_preview.jpg
-0.978815 1.400985 -2.609913 230 57 70 R0 pano_camera0/frame_0324_hp_preview.jpg
-0.985164 1.393630 -2.561522 230 57 70 R0 pano_camera0/frame_0325_hp_preview.jpg
-1.202479 1.391194 -2.112029 230 57 70 R0 pano_camera0/frame_0326_hp_preview.jpg
-1.467634 1.389654 -2.062174 230 57 70 R0 pano_camera0/frame_0327_hp_preview.jpg
-1.602172 1.398959 -2.101927 230 57 70 R0 pano_camera0/frame_0328_hp_preview.jpg
-1.795436 1.403061 -2.239466 230 57 70 R0 pano_camera0/frame_0329_hp_preview.jpg
-2.149201 1.408814 -2.370765 230 57 70 R0 pano_camera0/frame_0330_hp_preview.jpg
-2.265616 1.407921 -2.281106 230 57 70 R0 pano_camera0/frame_0331_hp_preview.jpg
-2.114120 1.398668 -1.880990 230 57 70 R0 pano_camera0/frame_0332_hp_preview.jpg
-1.942659 1.390968 -1.752400 230 57 70 R0 pano_camera0/frame_0333_hp_preview.jpg
-1.675755 1.388152 -1.470067 230 57 70 R0 pano_camera0/frame_0334_hp_preview.jpg
-1.573693 1.391348 -1.291944 230 57 70 R0 pano_camera0/frame_0335_hp_preview.jpg
-1.450838 1.382927 -1.098859 230 57 70 R0 pano_camera0/frame_0336_hp_preview.jpg
-1.224088 1.375879 -0.639622 230 57 70 R0 pano_camera0/frame_0337_hp_preview.jpg
-1.113571 1.379650 -0.408734 230 57 70 R0 pano_camera0/frame_0338_hp_preview.jpg
-0.874831 1.375843 0.204728 230 57 70 R0 pano_camera0/frame_0339_hp_preview.jpg
-0.778658 1.402903 0.609126 230 57 70 R0 pano_camera0/frame_0340_hp_preview.jpg
-0.745942 1.397109 0.715823 230 57 70 R0 pano_camera0/frame_0341_hp_preview.jpg
-0.617718 1.399965 1.020250 230 57 70 R0 pano_camera0/frame_0342_hp_preview.jpg
-0.384284 1.406219 1.369622 230 57 70 R0 pano_camera0/frame_0343_hp_preview.jpg
-0.428493 1.415904 1.717263 230 57 70 R0 pano_camera0/frame_0344_hp_preview.jpg
-0.680502 1.417513 1.634309 230 57 70 R0 pano_camera0/frame_0345_hp_preview.jpg
-0.877562 1.412536 1.449796 230 57 70 R0 pano_camera0/frame_0346_hp_preview.jpg
-0.979155 1.410812 1.242445 230 57 70 R0 pano_camera0/frame_0347_hp_preview.jpg
-1.104116 1.410849 1.012238 230 57 70 R0 pano_camera0/frame_0348_hp_preview.jpg
-1.401171 1.398698 0.467394 230 57 70 R0 pano_camera0/frame_0349_hp_preview.jpg
-1.598237 1.385115 0.259073 230 57 70 R0 pano_camera0/frame_0350_hp_preview.jpg
-1.752730 1.380345 0.111128 230 57 70 R0 pano_camera0/frame_0351_hp_preview.jpg
-2.194099 1.383480 -0.092388 230 57 70 R0 pano_camera0/frame_0352_hp_preview.jpg
-2.415919 1.397625 -0.124298 230 57 70 R0 pano_camera0/frame_0353_hp_preview.jpg
-2.775871 1.403560 -0.297174 230 57 70 R0 pano_camera0/frame_0354_hp_preview.jpg
-2.891169 1.415137 -0.474736 230 57 70 R0 pano_camera0/frame_0355_hp_preview.jpg
-2.812770 1.420845 -0.893589 230 57 70 R0 pano_camera0/frame_0356_hp_preview.jpg
-2.740119 1.404717 -1.184523 230 57 70 R0 pano_camera0/frame_0357_hp_preview.jpg
-2.696522 1.385513 -1.267380 230 57 70 R0 pano_camera0/frame_0358_hp_preview.jpg
-2.665055 1.376203 -1.290429 230 57 70 R0 pano_camera0/frame_0359_hp_preview.jpg
-2.712572 1.391413 -1.296460 230 57 70 R0 pano_camera0/frame_0360_hp_preview.jpg
-2.712695 1.390346 -1.300659 230 57 70 R0 pano_camera0/frame_0361_hp_preview.jpg
-2.822595 1.397718 -1.567185 230 57 70 R0 pano_camera0/frame_0362_hp_preview.jpg
-2.955506 1.402672 -1.625109 230 57 70 R0 pano_camera0/frame_0363_hp_preview.jpg
-3.216248 1.432885 -1.642266 230 57 70 R0 pano_camera0/frame_0364_hp_preview.jpg
-3.297142 1.435568 -1.587813 230 57 70 R0 pano_camera0/frame_0365_hp_preview.jpg
-3.342276 1.429467 -1.189889 230 57 70 R0 pano_camera0/frame_0366_hp_preview.jpg
-3.319090 1.426436 -1.129837 230 57 70 R0 pano_camera0/frame_0367_hp_preview.jpg
-3.179183 1.414486 -0.826816 230 57 70 R0 pano_camera0/frame_0368_hp_preview.jpg
-2.879835 1.413350 -0.205683 230 57 70 R0 pano_camera0/frame_0369_hp_preview.jpg
-2.890717 1.385867 -0.002213 230 57 70 R0 pano_camera0/frame_0370_hp_preview.jpg
-3.029182 1.417935 0.138216 230 57 70 R0 pano_camera0/frame_0371_hp_preview.jpg
-3.356611 1.415167 0.078094 230 57 70 R0 pano_camera0/frame_0372_hp_preview.jpg
-3.609077 1.425621 -0.175000 230 57 70 R0 pano_camera0/frame_0373_hp_preview.jpg
-4.218655 1.424086 -0.537147 230 57 70 R0 pano_camera0/frame_0374_hp_preview.jpg
-4.410754 1.434114 -0.548671 230 57 70 R0 pano_camera0/frame_0375_hp_preview.jpg
-4.633356 1.446544 -0.474836 230 57 70 R0 pano_camera0/frame_0376_hp_preview.jpg
-4.808962 1.453266 -0.382143 230 57 70 R0 pano_camera0/frame_0377_hp_preview.jpg
-5.312193 1.485523 0.005482 230 57 70 R0 pano_camera0/frame_0378_hp_preview.jpg
-5.428651 1.476665 0.153679 230 57 70 R0 pano_camera0/frame_0379_hp_preview.jpg
-5.545724 1.475788 0.380476 230 57 70 R0 pano_camera0/frame_0380_hp_preview.jpg
-5.608237 1.356759 0.401878 230 57 70 R0 pano_camera0/frame_0381_hp_preview.jpg
-5.633979 1.227901 0.553971 230 57 70 R0 pano_camera0/frame_0382_hp_preview.jpg
-5.586502 1.433392 0.818556 230 57 70 R0 pano_camera0/frame_0383_hp_preview.jpg
-5.557085 1.446804 0.816595 230 57 70 R0 pano_camera0/frame_0384_hp_preview.jpg
-5.396402 1.458050 1.014148 230 57 70 R0 pano_camera0/frame_0385_hp_preview.jpg
-5.079436 1.467596 1.456095 230 57 70 R0 pano_camera0/frame_0386_hp_preview.jpg
-4.954145 1.466838 1.674848 230 57 70 R0 pano_camera0/frame_0387_hp_preview.jpg
-4.501255 1.468216 2.317904 230 57 70 R0 pano_camera0/frame_0388_hp_preview.jpg
-4.179083 1.459700 2.705932 230 57 70 R0 pano_camera0/frame_0389_hp_preview.jpg
-4.033309 1.448815 2.849185 230 57 70 R0 pano_camera0/frame_0390_hp_preview.jpg
-3.618909 1.452219 3.040063 230 57 70 R0 pano_camera0/frame_0391_hp_preview.jpg
-3.534485 1.448202 2.995556 230 57 70 R0 pano_camera0/frame_0392_hp_preview.jpg
-3.574968 1.447471 2.806527 230 57 70 R0 pano_camera0/frame_0393_hp_preview.jpg
-3.746641 1.439313 2.663789 230 57 70 R0 pano_camera0/frame_0394_hp_preview.jpg
-4.041953 1.434125 2.434596 230 57 70 R0 pano_camera0/frame_0395_hp_preview.jpg
-4.252518 1.434837 2.109231 230 57 70 R0 pano_camera0/frame_0396_hp_preview.jpg
-4.054850 1.451070 1.685188 230 57 70 R0 pano_camera0/frame_0397_hp_preview.jpg
-3.918345 1.447156 1.582849 230 57 70 R0 pano_camera0/frame_0398_hp_preview.jpg
-3.440021 1.449132 1.563529 230 57 70 R0 pano_camera0/frame_0399_hp_preview.jpg
-3.063325 1.433285 1.917680 230 57 70 R0 pano_camera0/frame_0400_hp_preview.jpg
-2.787799 1.430474 2.217200 230 57 70 R0 pano_camera0/frame_0401_hp_preview.jpg
-2.767377 1.429518 2.235538 230 57 70 R0 pano_camera0/frame_0402_hp_preview.jpg
-2.511411 1.424698 2.523220 230 57 70 R0 pano_camera0/frame_0403_hp_preview.jpg
-1.990631 1.420873 2.516328 230 57 70 R0 pano_camera0/frame_0404_hp_preview.jpg
-1.962021 1.426670 2.486437 230 57 70 R0 pano_camera0/frame_0405_hp_preview.jpg
-1.808232 1.433451 2.028671 230 57 70 R0 pano_camera0/frame_0406_hp_preview.jpg
-2.072357 1.419717 1.668748 230 57 70 R0 pano_camera0/frame_0407_hp_preview.jpg
-2.217530 1.423468 1.485158 230 57 70 R0 pano_camera0/frame_0408_hp_preview.jpg
-2.329382 1.416908 1.353668 230 57 70 R0 pano_camera0/frame_0409_hp_preview.jpg
-2.439830 1.431051 1.008409 230 57 70 R0 pano_camera0/frame_0410_hp_preview.jpg
-2.117638 1.417967 0.471442 230 57 70 R0 pano_camera0/frame_0411_hp_preview.jpg
-2.056038 1.409374 0.413923 230 57 70 R0 pano_camera0/frame_0412_hp_preview.jpg
-1.924089 1.411206 0.231336 230 57 70 R0 pano_camera0/frame_0413_hp_preview.jpg
-1.945139 1.413568 0.226022 230 57 70 R0 pano_camera0/frame_0414_hp_preview.jpg
-1.946592 1.413916 0.227482 230 57 70 R0 pano_camera0/frame_0415_hp_preview.jpg
-1.943130 1.409326 0.226066 230 57 70 R0 pano_camera0/frame_0416_hp_preview.jpg
4.848439 -0.003381 2.343379 230 57 70 R0 pano_camera1/frame_0140_hp_preview.jpg
4.976167 0.003660 2.470844 230 57 70 R0 pano_camera1/frame_0141_hp_preview.jpg
5.194528 0.002370 2.711440 230 57 70 R0 pano_camera1/frame_0142_hp_preview.jpg
5.351460 0.002104 2.809959 230 57 70 R0 pano_camera1/frame_0143_hp_preview.jpg
5.527091 0.018060 2.758039 230 57 70 R0 pano_camera1/frame_0144_hp_preview.jpg
5.585387 0.021521 2.581340 230 57 70 R0 pano_camera1/frame_0145_hp_preview.jpg
4.723736 0.008487 2.770301 230 57 70 R0 pano_camera1/frame_0157_hp_preview.jpg
4.586036 0.011479 2.856279 230 57 70 R0 pano_camera1/frame_0158_hp_preview.jpg
4.536942 0.017140 2.953983 230 57 70 R0 pano_camera1/frame_0159_hp_preview.jpg
4.288414 0.011682 3.562760 230 57 70 R0 pano_camera1/frame_0160_hp_preview.jpg
4.081048 0.011118 3.824821 230 57 70 R0 pano_camera1/frame_0161_hp_preview.jpg
3.779874 0.025722 4.113932 230 57 70 R0 pano_camera1/frame_0162_hp_preview.jpg
3.572530 0.032436 4.273726 230 57 70 R0 pano_camera1/frame_0163_hp_preview.jpg
3.347423 0.042844 4.415986 230 57 70 R0 pano_camera1/frame_0164_hp_preview.jpg
2.950034 0.045380 4.403106 230 57 70 R0 pano_camera1/frame_0165_hp_preview.jpg
2.788917 0.043070 4.270106 230 57 70 R0 pano_camera1/frame_0166_hp_preview.jpg
2.542073 0.043777 3.910346 230 57 70 R0 pano_camera1/frame_0167_hp_preview.jpg
2.594183 0.034902 3.523704 230 57 70 R0 pano_camera1/frame_0168_hp_preview.jpg
2.684120 0.044414 3.407493 230 57 70 R0 pano_camera1/frame_0169_hp_preview.jpg
3.219633 0.022935 2.875419 230 57 70 R0 pano_camera1/frame_0170_hp_preview.jpg
3.292212 0.035859 2.805806 230 57 70 R0 pano_camera1/frame_0171_hp_preview.jpg
3.631727 0.016229 2.480261 230 57 70 R0 pano_camera1/frame_0172_hp_preview.jpg
3.708930 0.020705 2.099979 230 57 70 R0 pano_camera1/frame_0173_hp_preview.jpg
3.504579 0.024744 1.764223 230 57 70 R0 pano_camera1/frame_0174_hp_preview.jpg
3.495474 0.027687 1.758712 230 57 70 R0 pano_camera1/frame_0175_hp_preview.jpg
3.064205 0.022515 1.664521 230 57 70 R0 pano_camera1/frame_0176_hp_preview.jpg
2.820092 0.033612 1.713055 230 57 70 R0 pano_camera1/frame_0177_hp_preview.jpg
2.358232 0.034709 1.730864 230 57 70 R0 pano_camera1/frame_0178_hp_preview.jpg
2.036831 0.036643 1.482533 230 57 70 R0 pano_camera1/frame_0179_hp_preview.jpg
1.994682 0.033804 1.288916 230 57 70 R0 pano_camera1/frame_0180_hp_preview.jpg
2.126682 0.015815 1.051249 230 57 70 R0 pano_camera1/frame_0181_hp_preview.jpg
2.321861 0.010652 0.889881 230 57 70 R0 pano_camera1/frame_0182_hp_preview.jpg
2.546512 0.016454 0.570642 230 57 70 R0 pano_camera1/frame_0183_hp_preview.jpg
2.394964 0.004696 0.422107 230 57 70 R0 pano_camera1/frame_0184_hp_preview.jpg
2.241276 0.007220 0.470949 230 57 70 R0 pano_camera1/frame_0185_hp_preview.jpg
2.048247 0.005049 0.614938 230 57 70 R0 pano_camera1/frame_0186_hp_preview.jpg
1.849536 0.008437 0.750512 230 57 70 R0 pano_camera1/frame_0187_hp_preview.jpg
1.549903 0.014024 0.855160 230 57 70 R0 pano_camera1/frame_0188_hp_preview.jpg
1.246645 0.016152 0.767161 230 57 70 R0 pano_camera1/frame_0189_hp_preview.jpg
1.215804 0.021790 0.748034 230 57 70 R0 pano_camera1/frame_0190_hp_preview.jpg
1.048764 0.022861 0.533401 230 57 70 R0 pano_camera1/frame_0191_hp_preview.jpg
1.046834 0.022734 0.173450 230 57 70 R0 pano_camera1/frame_0192_hp_preview.jpg
1.178354 0.012269 -0.077604 230 57 70 R0 pano_camera1/frame_0193_hp_preview.jpg
1.398604 -0.001764 -0.360488 230 57 70 R0 pano_camera1/frame_0194_hp_preview.jpg
1.537063 0.000393 -0.573395 230 57 70 R0 pano_camera1/frame_0195_hp_preview.jpg
1.509041 -0.013373 -0.777640 230 57 70 R0 pano_camera1/frame_0196_hp_preview.jpg
1.309628 -0.013024 -1.149694 230 57 70 R0 pano_camera1/frame_0197_hp_preview.jpg
0.932263 0.002036 -1.630406 230 57 70 R0 pano_camera1/frame_0198_hp_preview.jpg
0.821882 0.007316 -1.771123 230 57 70 R0 pano_camera1/frame_0199_hp_preview.jpg
0.198995 0.039974 -2.338999 230 57 70 R0 pano_camera1/frame_0200_hp_preview.jpg
0.207174 0.084288 -2.433502 230 57 70 R0 pano_camera1/frame_0201_hp_preview.jpg
0.172025 0.017414 -1.196615 230 57 70 R0 pano_camera1/frame_0226_hp_preview.jpg
-0.433907 0.033344 0.075918 230 57 70 R0 pano_camera1/frame_0240_hp_preview.jpg
-0.419291 0.026166 0.141740 230 57 70 R0 pano_camera1/frame_0241_hp_preview.jpg
-0.522602 0.023389 0.419109 230 57 70 R0 pano_camera1/frame_0242_hp_preview.jpg
-0.404621 0.020896 0.581426 230 57 70 R0 pano_camera1/frame_0243_hp_preview.jpg
-0.191244 0.016486 0.566294 230 57 70 R0 pano_camera1/frame_0244_hp_preview.jpg
-0.087850 0.012223 0.584085 230 57 70 R0 pano_camera1/frame_0245_hp_preview.jpg
0.183804 -0.014920 0.646892 230 57 70 R0 pano_camera1/frame_0246_hp_preview.jpg
0.311132 -0.009474 0.572475 230 57 70 R0 pano_camera1/frame_0247_hp_preview.jpg
0.626849 -0.011359 0.644955 230 57 70 R0 pano_camera1/frame_0248_hp_preview.jpg
0.662454 -0.013536 0.664876 230 57 70 R0 pano_camera1/frame_0249_hp_preview.jpg
1.289406 -0.010447 1.131659 230 57 70 R0 pano_camera1/frame_0250_hp_preview.jpg
1.299805 -0.011896 1.141188 230 57 70 R0 pano_camera1/frame_0251_hp_preview.jpg
1.603287 0.000503 1.562848 230 57 70 R0 pano_camera1/frame_0252_hp_preview.jpg
1.751893 0.022157 2.101843 230 57 70 R0 pano_camera1/frame_0253_hp_preview.jpg
1.480006 0.037867 2.427083 230 57 70 R0 pano_camera1/frame_0254_hp_preview.jpg
1.437382 0.034941 2.432582 230 57 70 R0 pano_camera1/frame_0255_hp_preview.jpg
1.005589 0.072369 2.076502 230 57 70 R0 pano_camera1/frame_0256_hp_preview.jpg
0.875329 0.197640 1.901790 230 57 70 R0 pano_camera1/frame_0257_hp_preview.jpg
0.825832 0.278590 1.834591 230 57 70 R0 pano_camera1/frame_0258_hp_preview.jpg
0.747423 0.351345 1.710778 230 57 70 R0 pano_camera1/frame_0259_hp_preview.jpg
0.566080 0.598200 1.436467 230 57 70 R0 pano_camera1/frame_0260_hp_preview.jpg
0.563429 0.600871 1.430177 230 57 70 R0 pano_camera1/frame_0261_hp_preview.jpg
0.350396 0.856865 1.165812 230 57 70 R0 pano_camera1/frame_0262_hp_preview.jpg
0.339877 0.866165 1.159099 230 57 70 R0 pano_camera1/frame_0263_hp_preview.jpg
0.234127 1.008462 1.020539 230 57 70 R0 pano_camera1/frame_0264_hp_preview.jpg
0.071437 1.184064 0.813040 230 57 70 R0 pano_camera1/frame_0265_hp_preview.jpg
0.025056 1.316290 0.585747 230 57 70 R0 pano_camera1/frame_0266_hp_preview.jpg
0.038001 1.390062 0.376037 230 57 70 R0 pano_camera1/frame_0267_hp_preview.jpg
0.239597 1.381609 0.143790 230 57 70 R0 pano_camera1/frame_0268_hp_preview.jpg
0.612700 1.384606 -0.221181 230 57 70 R0 pano_camera1/frame_0269_hp_preview.jpg
0.798854 1.400842 -0.376291 230 57 70 R0 pano_camera1/frame_0270_hp_preview.jpg
1.166526 1.391572 -0.637884 230 57 70 R0 pano_camera1/frame_0271_hp_preview.jpg
1.506991 1.392131 -0.887511 230 57 70 R0 pano_camera1/frame_0272_hp_preview.jpg
1.690093 1.400613 -1.034229 230 57 70 R0 pano_camera1/frame_0273_hp_preview.jpg
2.278302 1.390619 -1.481655 230 57 70 R0 pano_camera1/frame_0274_hp_preview.jpg
2.336505 1.393861 -1.538090 230 57 70 R0 pano_camera1/frame_0275_hp_preview.jpg
2.808206 1.393012 -1.910965 230 57 70 R0 pano_camera1/frame_0276_hp_preview.jpg
2.946690 1.397139 -2.038230 230 57 70 R0 pano_camera1/frame_0277_hp_preview.jpg
3.364985 1.410295 -2.445275 230 57 70 R0 pano_camera1/frame_0278_hp_preview.jpg
3.602349 1.405552 -2.615359 230 57 70 R0 pano_camera1/frame_0279_hp_preview.jpg
4.186621 1.405391 -3.116706 230 57 70 R0 pano_camera1/frame_0280_hp_preview.jpg
4.299218 1.402273 -3.198739 230 57 70 R0 pano_camera1/frame_0281_hp_preview.jpg
4.450741 1.396179 -3.352036 230 57 70 R0 pano_camera1/frame_0282_hp_preview.jpg
4.528524 1.392550 -3.586719 230 57 70 R0 pano_camera1/frame_0283_hp_preview.jpg
4.349495 1.382494 -3.973800 230 57 70 R0 pano_camera1/frame_0284_hp_preview.jpg
4.312302 1.380122 -4.000254 230 57 70 R0 pano_camera1/frame_0285_hp_preview.jpg
4.057054 1.379455 -4.205541 230 57 70 R0 pano_camera1/frame_0286_hp_preview.jpg
3.856718 1.395014 -4.213276 230 57 70 R0 pano_camera1/frame_0287_hp_preview.jpg
3.595536 1.405512 -4.228136 230 57 70 R0 pano_camera1/frame_0288_hp_preview.jpg
3.440598 1.411468 -4.303971 230 57 70 R0 pano_camera1/frame_0289_hp_preview.jpg
3.334265 1.408991 -4.557872 230 57 70 R0 pano_camera1/frame_0290_hp_preview.jpg
3.237582 1.396976 -5.105779 230 57 70 R0 pano_camera1/frame_0291_hp_preview.jpg
3.172419 1.396025 -5.318331 230 57 70 R0 pano_camera1/frame_0292_hp_preview.jpg
3.129664 1.390229 -5.495542 230 57 70 R0 pano_camera1/frame_0293_hp_preview.jpg
2.669249 1.375742 -5.940585 230 57 70 R0 pano_camera1/frame_0294_hp_preview.jpg
2.619110 1.377141 -5.952637 230 57 70 R0 pano_camera1/frame_0295_hp_preview.jpg
2.077442 1.374624 -5.759705 230 57 70 R0 pano_camera1/frame_0296_hp_preview.jpg
1.977869 1.382009 -5.413812 230 57 70 R0 pano_camera1/frame_0297_hp_preview.jpg
1.950576 1.371932 -5.103686 230 57 70 R0 pano_camera1/frame_0298_hp_preview.jpg
1.938800 1.378945 -4.861574 230 57 70 R0 pano_camera1/frame_0299_hp_preview.jpg
1.908069 1.386303 -4.399366 230 57 70 R0 pano_camera1/frame_0300_hp_preview.jpg
1.905657 1.372866 -4.079379 230 57 70 R0 pano_camera1/frame_0301_hp_preview.jpg
1.936280 1.369966 -3.758265 230 57 70 R0 pano_camera1/frame_0302_hp_preview.jpg
2.050869 1.384329 -3.320391 230 57 70 R0 pano_camera1/frame_0303_hp_preview.jpg
2.100628 1.380397 -3.096501 230 57 70 R0 pano_camera1/frame_0304_hp_preview.jpg
2.164794 1.376887 -2.568133 230 57 70 R0 pano_camera1/frame_0305_hp_preview.jpg
2.102929 1.370169 -2.042352 230 57 70 R0 pano_camera1/frame_0306_hp_preview.jpg
2.004246 1.366345 -1.708941 230 57 70 R0 pano_camera1/frame_0307_hp_preview.jpg
1.958745 1.372765 -1.632116 230 57 70 R0 pano_camera1/frame_0308_hp_preview.jpg
1.574626 1.376868 -1.347597 230 57 70 R0 pano_camera1/frame_0309_hp_preview.jpg
1.106413 1.390864 -1.353969 230 57 70 R0 pano_camera1/frame_0310_hp_preview.jpg
0.875914 1.377985 -1.574909 230 57 70 R0 pano_camera1/frame_0311_hp_preview.jpg
0.707571 1.388520 -1.989995 230 57 70 R0 pano_camera1/frame_0312_hp_preview.jpg
0.639471 1.388615 -2.301460 230 57 70 R0 pano_camera1/frame_0313_hp_preview.jpg
0.606161 1.387047 -2.583265 230 57 70 R0 pano_camera1/frame_0314_hp_preview.jpg
0.506540 1.387155 -3.269938 230 57 70 R0 pano_camera1/frame_0315_hp_preview.jpg
0.494624 1.390811 -3.319863 230 57 70 R0 pano_camera1/frame_0316_hp_preview.jpg
0.379901 1.380112 -3.756505 230 57 70 R0 pano_camera1/frame_0317_hp_preview.jpg
0.102365 1.370302 -4.150293 230 57 70 R0 pano_camera1/frame_0318_hp_preview.jpg
-0.024514 1.371763 -4.160398 230 57 70 R0 pano_camera1/frame_0319_hp_preview.jpg
-0.368941 1.394518 -4.064001 230 57 70 R0 pano_camera1/frame_0320_hp_preview.jpg
-0.892665 1.401315 -3.584437 230 57 70 R0 pano_camera1/frame_0321_hp_preview.jpg
-0.920817 1.400829 -3.552065 230 57 70 R0 pano_camera1/frame_0322_hp_preview.jpg
-1.036377 1.390180 -3.085768 230 57 70 R0 pano_camera1/frame_0323_hp_preview.jpg
-0.978815 1.400985 -2.609913 230 57 70 R0 pano_camera1/frame_0324_hp_preview.jpg
-0.985164 1.393630 -2.561522 230 57 70 R0 pano_camera1/frame_0325_hp_preview.jpg
-1.202479 1.391194 -2.112029 230 57 70 R0 pano_camera1/frame_0326_hp_preview.jpg
-1.467634 1.389654 -2.062174 230 57 70 R0 pano_camera1/frame_0327_hp_preview.jpg
-1.602172 1.398959 -2.101927 230 57 70 R0 pano_camera1/frame_0328_hp_preview.jpg
-1.795436 1.403061 -2.239466 230 57 70 R0 pano_camera1/frame_0329_hp_preview.jpg
-2.149201 1.408814 -2.370765 230 57 70 R0 pano_camera1/frame_0330_hp_preview.jpg
-2.265616 1.407921 -2.281106 230 57 70 R0 pano_camera1/frame_0331_hp_preview.jpg
-2.114120 1.398668 -1.880990 230 57 70 R0 pano_camera1/frame_0332_hp_preview.jpg
-1.942659 1.390968 -1.752400 230 57 70 R0 pano_camera1/frame_0333_hp_preview.jpg
-1.675755 1.388152 -1.470067 230 57 70 R0 pano_camera1/frame_0334_hp_preview.jpg
-1.573693 1.391348 -1.291944 230 57 70 R0 pano_camera1/frame_0335_hp_preview.jpg
-1.450838 1.382927 -1.098859 230 57 70 R0 pano_camera1/frame_0336_hp_preview.jpg
-1.224088 1.375879 -0.639622 230 57 70 R0 pano_camera1/frame_0337_hp_preview.jpg
-1.113571 1.379650 -0.408734 230 57 70 R0 pano_camera1/frame_0338_hp_preview.jpg
-0.874831 1.375843 0.204728 230 57 70 R0 pano_camera1/frame_0339_hp_preview.jpg
-0.778658 1.402903 0.609126 230 57 70 R0 pano_camera1/frame_0340_hp_preview.jpg
-0.745942 1.397109 0.715823 230 57 70 R0 pano_camera1/frame_0341_hp_preview.jpg
-0.617718 1.399965 1.020250 230 57 70 R0 pano_camera1/frame_0342_hp_preview.jpg
-0.384284 1.406219 1.369622 230 57 70 R0 pano_camera1/frame_0343_hp_preview.jpg
-0.428493 1.415904 1.717263 230 57 70 R0 pano_camera1/frame_0344_hp_preview.jpg
-0.680502 1.417513 1.634309 230 57 70 R0 pano_camera1/frame_0345_hp_preview.jpg
-0.877562 1.412536 1.449796 230 57 70 R0 pano_camera1/frame_0346_hp_preview.jpg
-0.979155 1.410812 1.242445 230 57 70 R0 pano_camera1/frame_0347_hp_preview.jpg
-1.104116 1.410849 1.012238 230 57 70 R0 pano_camera1/frame_0348_hp_preview.jpg
-1.401171 1.398698 0.467394 230 57 70 R0 pano_camera1/frame_0349_hp_preview.jpg
-1.598237 1.385115 0.259073 230 57 70 R0 pano_camera1/frame_0350_hp_preview.jpg
-1.752730 1.380345 0.111128 230 57 70 R0 pano_camera1/frame_0351_hp_preview.jpg
-2.194099 1.383480 -0.092388 230 57 70 R0 pano_camera1/frame_0352_hp_preview.jpg
-2.415919 1.397625 -0.124298 230 57 70 R0 pano_camera1/frame_0353_hp_preview.jpg
-2.775871 1.403560 -0.297174 230 57 70 R0 pano_camera1/frame_0354_hp_preview.jpg
-2.891169 1.415137 -0.474736 230 57 70 R0 pano_camera1/frame_0355_hp_preview.jpg
-2.812770 1.420845 -0.893589 230 57 70 R0 pano_camera1/frame_0356_hp_preview.jpg
-2.740119 1.404717 -1.184523 230 57 70 R0 pano_camera1/frame_0357_hp_preview.jpg
-2.696522 1.385513 -1.267380 230 57 70 R0 pano_camera1/frame_0358_hp_preview.jpg
-2.665055 1.376203 -1.290429 230 57 70 R0 pano_camera1/frame_0359_hp_preview.jpg
-2.712572 1.391413 -1.296460 230 57 70 R0 pano_camera1/frame_0360_hp_preview.jpg
-2.712695 1.390346 -1.300659 230 57 70 R0 pano_camera1/frame_0361_hp_preview.jpg
-2.822595 1.397718 -1.567185 230 57 70 R0 pano_camera1/frame_0362_hp_preview.jpg
-2.955506 1.402672 -1.625109 230 57 70 R0 pano_camera1/frame_0363_hp_preview.jpg
-3.216248 1.432885 -1.642266 230 57 70 R0 pano_camera1/frame_0364_hp_preview.jpg
-3.297142 1.435568 -1.587813 230 57 70 R0 pano_camera1/frame_0365_hp_preview.jpg
-3.342276 1.429467 -1.189889 230 57 70 R0 pano_camera1/frame_0366_hp_preview.jpg
-3.319090 1.426436 -1.129837 230 57 70 R0 pano_camera1/frame_0367_hp_preview.jpg
-3.179183 1.414486 -0.826816 230 57 70 R0 pano_camera1/frame_0368_hp_preview.jpg
-2.879835 1.413350 -0.205683 230 57 70 R0 pano_camera1/frame_0369_hp_preview.jpg
-2.890717 1.385867 -0.002213 230 57 70 R0 pano_camera1/frame_0370_hp_preview.jpg
-3.029182 1.417935 0.138216 230 57 70 R0 pano_camera1/frame_0371_hp_preview.jpg
-3.356611 1.415167 0.078094 230 57 70 R0 pano_camera1/frame_0372_hp_preview.jpg
-3.609077 1.425621 -0.175000 230 57 70 R0 pano_camera1/frame_0373_hp_preview.jpg
-4.218655 1.424086 -0.537147 230 57 70 R0 pano_camera1/frame_0374_hp_preview.jpg
-4.410754 1.434114 -0.548671 230 57 70 R0 pano_camera1/frame_0375_hp_preview.jpg
-4.633356 1.446544 -0.474836 230 57 70 R0 pano_camera1/frame_0376_hp_preview.jpg
-4.808962 1.453266 -0.382143 230 57 70 R0 pano_camera1/frame_0377_hp_preview.jpg
-5.312193 1.485523 0.005482 230 57 70 R0 pano_camera1/frame_0378_hp_preview.jpg
-5.428651 1.476665 0.153679 230 57 70 R0 pano_camera1/frame_0379_hp_preview.jpg
-5.545724 1.475788 0.380476 230 57 70 R0 pano_camera1/frame_0380_hp_preview.jpg
-5.608237 1.356759 0.401878 230 57 70 R0 pano_camera1/frame_0381_hp_preview.jpg
-5.633979 1.227901 0.553971 230 57 70 R0 pano_camera1/frame_0382_hp_preview.jpg
-5.586502 1.433392 0.818556 230 57 70 R0 pano_camera1/frame_0383_hp_preview.jpg
-5.557085 1.446804 0.816595 230 57 70 R0 pano_camera1/frame_0384_hp_preview.jpg
-5.396402 1.458050 1.014148 230 57 70 R0 pano_camera1/frame_0385_hp_preview.jpg
-5.079436 1.467596 1.456095 230 57 70 R0 pano_camera1/frame_0386_hp_preview.jpg
-4.954145 1.466838 1.674848 230 57 70 R0 pano_camera1/frame_0387_hp_preview.jpg
-4.501255 1.468216 2.317904 230 57 70 R0 pano_camera1/frame_0388_hp_preview.jpg
-4.179083 1.459700 2.705932 230 57 70 R0 pano_camera1/frame_0389_hp_preview.jpg
-4.033309 1.448815 2.849185 230 57 70 R0 pano_camera1/frame_0390_hp_preview.jpg
-3.618909 1.452219 3.040063 230 57 70 R0 pano_camera1/frame_0391_hp_preview.jpg
-3.534485 1.448202 2.995556 230 57 70 R0 pano_camera1/frame_0392_hp_preview.jpg
-3.574968 1.447471 2.806527 230 57 70 R0 pano_camera1/frame_0393_hp_preview.jpg
-3.746641 1.439313 2.663789 230 57 70 R0 pano_camera1/frame_0394_hp_preview.jpg
-4.041953 1.434125 2.434596 230 57 70 R0 pano_camera1/frame_0395_hp_preview.jpg
-4.252518 1.434837 2.109231 230 57 70 R0 pano_camera1/frame_0396_hp_preview.jpg
-4.054850 1.451070 1.685188 230 57 70 R0 pano_camera1/frame_0397_hp_preview.jpg
-3.918345 1.447156 1.582849 230 57 70 R0 pano_camera1/frame_0398_hp_preview.jpg
-3.440021 1.449132 1.563529 230 57 70 R0 pano_camera1/frame_0399_hp_preview.jpg
-3.063325 1.433285 1.917680 230 57 70 R0 pano_camera1/frame_0400_hp_preview.jpg
-2.787799 1.430474 2.217200 230 57 70 R0 pano_camera1/frame_0401_hp_preview.jpg
-2.767377 1.429518 2.235538 230 57 70 R0 pano_camera1/frame_0402_hp_preview.jpg
-2.511411 1.424698 2.523220 230 57 70 R0 pano_camera1/frame_0403_hp_preview.jpg
-1.990631 1.420873 2.516328 230 57 70 R0 pano_camera1/frame_0404_hp_preview.jpg
-1.962021 1.426670 2.486437 230 57 70 R0 pano_camera1/frame_0405_hp_preview.jpg
-1.808232 1.433451 2.028671 230 57 70 R0 pano_camera1/frame_0406_hp_preview.jpg
-2.072357 1.419717 1.668748 230 57 70 R0 pano_camera1/frame_0407_hp_preview.jpg
-2.217530 1.423468 1.485158 230 57 70 R0 pano_camera1/frame_0408_hp_preview.jpg
-2.329382 1.416908 1.353668 230 57 70 R0 pano_camera1/frame_0409_hp_preview.jpg
-2.439830 1.431051 1.008409 230 57 70 R0 pano_camera1/frame_0410_hp_preview.jpg
-2.117638 1.417967 0.471442 230 57 70 R0 pano_camera1/frame_0411_hp_preview.jpg
-2.056038 1.409374 0.413923 230 57 70 R0 pano_camera1/frame_0412_hp_preview.jpg
-1.924089 1.411206 0.231336 230 57 70 R0 pano_camera1/frame_0413_hp_preview.jpg
-1.945139 1.413568 0.226022 230 57 70 R0 pano_camera1/frame_0414_hp_preview.jpg
-1.946592 1.413916 0.227482 230 57 70 R0 pano_camera1/frame_0415_hp_preview.jpg
-1.943130 1.409326 0.226066 230 57 70 R0 pano_camera1/frame_0416_hp_preview.jpg
4.848439 -0.003381 2.343379 230 57 70 R0 pano_camera2/frame_0140_hp_preview.jpg
4.976167 0.003660 2.470844 230 57 70 R0 pano_camera2/frame_0141_hp_preview.jpg
5.194528 0.002370 2.711440 230 57 70 R0 pano_camera2/frame_0142_hp_preview.jpg
5.351460 0.002104 2.809959 230 57 70 R0 pano_camera2/frame_0143_hp_preview.jpg
5.527091 0.018060 2.758039 230 57 70 R0 pano_camera2/frame_0144_hp_preview.jpg
5.585387 0.021521 2.581340 230 57 70 R0 pano_camera2/frame_0145_hp_preview.jpg
4.723736 0.008487 2.770301 230 57 70 R0 pano_camera2/frame_0157_hp_preview.jpg
4.586036 0.011479 2.856279 230 57 70 R0 pano_camera2/frame_0158_hp_preview.jpg
4.536942 0.017140 2.953983 230 57 70 R0 pano_camera2/frame_0159_hp_preview.jpg
4.288414 0.011682 3.562760 230 57 70 R0 pano_camera2/frame_0160_hp_preview.jpg
4.081048 0.011118 3.824821 230 57 70 R0 pano_camera2/frame_0161_hp_preview.jpg
3.779874 0.025722 4.113932 230 57 70 R0 pano_camera2/frame_0162_hp_preview.jpg
3.572530 0.032436 4.273726 230 57 70 R0 pano_camera2/frame_0163_hp_preview.jpg
3.347423 0.042844 4.415986 230 57 70 R0 pano_camera2/frame_0164_hp_preview.jpg
2.950034 0.045380 4.403106 230 57 70 R0 pano_camera2/frame_0165_hp_preview.jpg
2.788917 0.043070 4.270106 230 57 70 R0 pano_camera2/frame_0166_hp_preview.jpg
2.542073 0.043777 3.910346 230 57 70 R0 pano_camera2/frame_0167_hp_preview.jpg
2.594183 0.034902 3.523704 230 57 70 R0 pano_camera2/frame_0168_hp_preview.jpg
2.684120 0.044414 3.407493 230 57 70 R0 pano_camera2/frame_0169_hp_preview.jpg
3.219633 0.022935 2.875419 230 57 70 R0 pano_camera2/frame_0170_hp_preview.jpg
3.292212 0.035859 2.805806 230 57 70 R0 pano_camera2/frame_0171_hp_preview.jpg
3.631727 0.016229 2.480261 230 57 70 R0 pano_camera2/frame_0172_hp_preview.jpg
3.708930 0.020705 2.099979 230 57 70 R0 pano_camera2/frame_0173_hp_preview.jpg
3.504579 0.024744 1.764223 230 57 70 R0 pano_camera2/frame_0174_hp_preview.jpg
3.495474 0.027687 1.758712 230 57 70 R0 pano_camera2/frame_0175_hp_preview.jpg
3.064205 0.022515 1.664521 230 57 70 R0 pano_camera2/frame_0176_hp_preview.jpg
2.820092 0.033612 1.713055 230 57 70 R0 pano_camera2/frame_0177_hp_preview.jpg
2.358232 0.034709 1.730864 230 57 70 R0 pano_camera2/frame_0178_hp_preview.jpg
2.036831 0.036643 1.482533 230 57 70 R0 pano_camera2/frame_0179_hp_preview.jpg
1.994682 0.033804 1.288916 230 57 70 R0 pano_camera2/frame_0180_hp_preview.jpg
2.126682 0.015815 1.051249 230 57 70 R0 pano_camera2/frame_0181_hp_preview.jpg
2.321861 0.010652 0.889881 230 57 70 R0 pano_camera2/frame_0182_hp_preview.jpg
2.546512 0.016454 0.570642 230 57 70 R0 pano_camera2/frame_0183_hp_preview.jpg
2.394964 0.004696 0.422107 230 57 70 R0 pano_camera2/frame_0184_hp_preview.jpg
2.241276 0.007220 0.470949 230 57 70 R0 pano_camera2/frame_0185_hp_preview.jpg
2.048247 0.005049 0.614938 230 57 70 R0 pano_camera2/frame_0186_hp_preview.jpg
1.849536 0.008437 0.750512 230 57 70 R0 pano_camera2/frame_0187_hp_preview.jpg
1.549903 0.014024 0.855160 230 57 70 R0 pano_camera2/frame_0188_hp_preview.jpg
1.246645 0.016152 0.767161 230 57 70 R0 pano_camera2/frame_0189_hp_preview.jpg
1.215804 0.021790 0.748034 230 57 70 R0 pano_camera2/frame_0190_hp_preview.jpg
1.048764 0.022861 0.533401 230 57 70 R0 pano_camera2/frame_0191_hp_preview.jpg
1.046834 0.022734 0.173450 230 57 70 R0 pano_camera2/frame_0192_hp_preview.jpg
1.178354 0.012269 -0.077604 230 57 70 R0 pano_camera2/frame_0193_hp_preview.jpg
1.398604 -0.001764 -0.360488 230 57 70 R0 pano_camera2/frame_0194_hp_preview.jpg
1.537063 0.000393 -0.573395 230 57 70 R0 pano_camera2/frame_0195_hp_preview.jpg
1.509041 -0.013373 -0.777640 230 57 70 R0 pano_camera2/frame_0196_hp_preview.jpg
1.309628 -0.013024 -1.149694 230 57 70 R0 pano_camera2/frame_0197_hp_preview.jpg
0.932263 0.002036 -1.630406 230 57 70 R0 pano_camera2/frame_0198_hp_preview.jpg
0.821882 0.007316 -1.771123 230 57 70 R0 pano_camera2/frame_0199_hp_preview.jpg
0.198995 0.039974 -2.338999 230 57 70 R0 pano_camera2/frame_0200_hp_preview.jpg
0.207174 0.084288 -2.433502 230 57 70 R0 pano_camera2/frame_0201_hp_preview.jpg
0.172025 0.017414 -1.196615 230 57 70 R0 pano_camera2/frame_0226_hp_preview.jpg
-0.433907 0.033344 0.075918 230 57 70 R0 pano_camera2/frame_0240_hp_preview.jpg
-0.419291 0.026166 0.141740 230 57 70 R0 pano_camera2/frame_0241_hp_preview.jpg
-0.522602 0.023389 0.419109 230 57 70 R0 pano_camera2/frame_0242_hp_preview.jpg
-0.404621 0.020896 0.581426 230 57 70 R0 pano_camera2/frame_0243_hp_preview.jpg
-0.191244 0.016486 0.566294 230 57 70 R0 pano_camera2/frame_0244_hp_preview.jpg
-0.087850 0.012223 0.584085 230 57 70 R0 pano_camera2/frame_0245_hp_preview.jpg
0.183804 -0.014920 0.646892 230 57 70 R0 pano_camera2/frame_0246_hp_preview.jpg
0.311132 -0.009474 0.572475 230 57 70 R0 pano_camera2/frame_0247_hp_preview.jpg
0.626849 -0.011359 0.644955 230 57 70 R0 pano_camera2/frame_0248_hp_preview.jpg
0.662454 -0.013536 0.664876 230 57 70 R0 pano_camera2/frame_0249_hp_preview.jpg
1.289406 -0.010447 1.131659 230 57 70 R0 pano_camera2/frame_0250_hp_preview.jpg
1.299805 -0.011896 1.141188 230 57 70 R0 pano_camera2/frame_0251_hp_preview.jpg
1.603287 0.000503 1.562848 230 57 70 R0 pano_camera2/frame_0252_hp_preview.jpg
1.751893 0.022157 2.101843 230 57 70 R0 pano_camera2/frame_0253_hp_preview.jpg
1.480006 0.037867 2.427083 230 57 70 R0 pano_camera2/frame_0254_hp_preview.jpg
1.437382 0.034941 2.432582 230 57 70 R0 pano_camera2/frame_0255_hp_preview.jpg
1.005589 0.072369 2.076502 230 57 70 R0 pano_camera2/frame_0256_hp_preview.jpg
0.875329 0.197640 1.901790 230 57 70 R0 pano_camera2/frame_0257_hp_preview.jpg
0.825832 0.278590 1.834591 230 57 70 R0 pano_camera2/frame_0258_hp_preview.jpg
0.747423 0.351345 1.710778 230 57 70 R0 pano_camera2/frame_0259_hp_preview.jpg
0.566080 0.598200 1.436467 230 57 70 R0 pano_camera2/frame_0260_hp_preview.jpg
0.563429 0.600871 1.430177 230 57 70 R0 pano_camera2/frame_0261_hp_preview.jpg
0.350396 0.856865 1.165812 230 57 70 R0 pano_camera2/frame_0262_hp_preview.jpg
0.339877 0.866165 1.159099 230 57 70 R0 pano_camera2/frame_0263_hp_preview.jpg
0.234127 1.008462 1.020539 230 57 70 R0 pano_camera2/frame_0264_hp_preview.jpg
0.071437 1.184064 0.813040 230 57 70 R0 pano_camera2/frame_0265_hp_preview.jpg
0.025056 1.316290 0.585747 230 57 70 R0 pano_camera2/frame_0266_hp_preview.jpg
0.038001 1.390062 0.376037 230 57 70 R0 pano_camera2/frame_0267_hp_preview.jpg
0.239597 1.381609 0.143790 230 57 70 R0 pano_camera2/frame_0268_hp_preview.jpg
0.612700 1.384606 -0.221181 230 57 70 R0 pano_camera2/frame_0269_hp_preview.jpg
0.798854 1.400842 -0.376291 230 57 70 R0 pano_camera2/frame_0270_hp_preview.jpg
1.166526 1.391572 -0.637884 230 57 70 R0 pano_camera2/frame_0271_hp_preview.jpg
1.506991 1.392131 -0.887511 230 57 70 R0 pano_camera2/frame_0272_hp_preview.jpg
1.690093 1.400613 -1.034229 230 57 70 R0 pano_camera2/frame_0273_hp_preview.jpg
2.278302 1.390619 -1.481655 230 57 70 R0 pano_camera2/frame_0274_hp_preview.jpg
2.336505 1.393861 -1.538090 230 57 70 R0 pano_camera2/frame_0275_hp_preview.jpg
2.808206 1.393012 -1.910965 230 57 70 R0 pano_camera2/frame_0276_hp_preview.jpg
2.946690 1.397139 -2.038230 230 57 70 R0 pano_camera2/frame_0277_hp_preview.jpg
3.364985 1.410295 -2.445275 230 57 70 R0 pano_camera2/frame_0278_hp_preview.jpg
3.602349 1.405552 -2.615359 230 57 70 R0 pano_camera2/frame_0279_hp_preview.jpg
4.186621 1.405391 -3.116706 230 57 70 R0 pano_camera2/frame_0280_hp_preview.jpg
4.299218 1.402273 -3.198739 230 57 70 R0 pano_camera2/frame_0281_hp_preview.jpg
4.450741 1.396179 -3.352036 230 57 70 R0 pano_camera2/frame_0282_hp_preview.jpg
4.528524 1.392550 -3.586719 230 57 70 R0 pano_camera2/frame_0283_hp_preview.jpg
4.349495 1.382494 -3.973800 230 57 70 R0 pano_camera2/frame_0284_hp_preview.jpg
4.312302 1.380122 -4.000254 230 57 70 R0 pano_camera2/frame_0285_hp_preview.jpg
4.057054 1.379455 -4.205541 230 57 70 R0 pano_camera2/frame_0286_hp_preview.jpg
3.856718 1.395014 -4.213276 230 57 70 R0 pano_camera2/frame_0287_hp_preview.jpg
3.595536 1.405512 -4.228136 230 57 70 R0 pano_camera2/frame_0288_hp_preview.jpg
3.440598 1.411468 -4.303971 230 57 70 R0 pano_camera2/frame_0289_hp_preview.jpg
3.334265 1.408991 -4.557872 230 57 70 R0 pano_camera2/frame_0290_hp_preview.jpg
3.237582 1.396976 -5.105779 230 57 70 R0 pano_camera2/frame_0291_hp_preview.jpg
3.172419 1.396025 -5.318331 230 57 70 R0 pano_camera2/frame_0292_hp_preview.jpg
3.129664 1.390229 -5.495542 230 57 70 R0 pano_camera2/frame_0293_hp_preview.jpg
2.669249 1.375742 -5.940585 230 57 70 R0 pano_camera2/frame_0294_hp_preview.jpg
2.619110 1.377141 -5.952637 230 57 70 R0 pano_camera2/frame_0295_hp_preview.jpg
2.077442 1.374624 -5.759705 230 57 70 R0 pano_camera2/frame_0296_hp_preview.jpg
1.977869 1.382009 -5.413812 230 57 70 R0 pano_camera2/frame_0297_hp_preview.jpg
1.950576 1.371932 -5.103686 230 57 70 R0 pano_camera2/frame_0298_hp_preview.jpg
1.938800 1.378945 -4.861574 230 57 70 R0 pano_camera2/frame_0299_hp_preview.jpg
1.908069 1.386303 -4.399366 230 57 70 R0 pano_camera2/frame_0300_hp_preview.jpg
1.905657 1.372866 -4.079379 230 57 70 R0 pano_camera2/frame_0301_hp_preview.jpg
1.936280 1.369966 -3.758265 230 57 70 R0 pano_camera2/frame_0302_hp_preview.jpg
2.050869 1.384329 -3.320391 230 57 70 R0 pano_camera2/frame_0303_hp_preview.jpg
2.100628 1.380397 -3.096501 230 57 70 R0 pano_camera2/frame_0304_hp_preview.jpg
2.164794 1.376887 -2.568133 230 57 70 R0 pano_camera2/frame_0305_hp_preview.jpg
2.102929 1.370169 -2.042352 230 57 70 R0 pano_camera2/frame_0306_hp_preview.jpg
2.004246 1.366345 -1.708941 230 57 70 R0 pano_camera2/frame_0307_hp_preview.jpg
1.958745 1.372765 -1.632116 230 57 70 R0 pano_camera2/frame_0308_hp_preview.jpg
1.574626 1.376868 -1.347597 230 57 70 R0 pano_camera2/frame_0309_hp_preview.jpg
1.106413 1.390864 -1.353969 230 57 70 R0 pano_camera2/frame_0310_hp_preview.jpg
0.875914 1.377985 -1.574909 230 57 70 R0 pano_camera2/frame_0311_hp_preview.jpg
0.707571 1.388520 -1.989995 230 57 70 R0 pano_camera2/frame_0312_hp_preview.jpg
0.639471 1.388615 -2.301460 230 57 70 R0 pano_camera2/frame_0313_hp_preview.jpg
0.606161 1.387047 -2.583265 230 57 70 R0 pano_camera2/frame_0314_hp_preview.jpg
0.506540 1.387155 -3.269938 230 57 70 R0 pano_camera2/frame_0315_hp_preview.jpg
0.494624 1.390811 -3.319863 230 57 70 R0 pano_camera2/frame_0316_hp_preview.jpg
0.379901 1.380112 -3.756505 230 57 70 R0 pano_camera2/frame_0317_hp_preview.jpg
0.102365 1.370302 -4.150293 230 57 70 R0 pano_camera2/frame_0318_hp_preview.jpg
-0.024514 1.371763 -4.160398 230 57 70 R0 pano_camera2/frame_0319_hp_preview.jpg
-0.368941 1.394518 -4.064001 230 57 70 R0 pano_camera2/frame_0320_hp_preview.jpg
-0.892665 1.401315 -3.584437 230 57 70 R0 pano_camera2/frame_0321_hp_preview.jpg
-0.920817 1.400829 -3.552065 230 57 70 R0 pano_camera2/frame_0322_hp_preview.jpg
-1.036377 1.390180 -3.085768 230 57 70 R0 pano_camera2/frame_0323_hp_preview.jpg
-0.978815 1.400985 -2.609913 230 57 70 R0 pano_camera2/frame_0324_hp_preview.jpg
-0.985164 1.393630 -2.561522 230 57 70 R0 pano_camera2/frame_0325_hp_preview.jpg
-1.202479 1.391194 -2.112029 230 57 70 R0 pano_camera2/frame_0326_hp_preview.jpg
-1.467634 1.389654 -2.062174 230 57 70 R0 pano_camera2/frame_0327_hp_preview.jpg
-1.602172 1.398959 -2.101927 230 57 70 R0 pano_camera2/frame_0328_hp_preview.jpg
-1.795436 1.403061 -2.239466 230 57 70 R0 pano_camera2/frame_0329_hp_preview.jpg
-2.149201 1.408814 -2.370765 230 57 70 R0 pano_camera2/frame_0330_hp_preview.jpg
-2.265616 1.407921 -2.281106 230 57 70 R0 pano_camera2/frame_0331_hp_preview.jpg
-2.114120 1.398668 -1.880990 230 57 70 R0 pano_camera2/frame_0332_hp_preview.jpg
-1.942659 1.390968 -1.752400 230 57 70 R0 pano_camera2/frame_0333_hp_preview.jpg
-1.675755 1.388152 -1.470067 230 57 70 R0 pano_camera2/frame_0334_hp_preview.jpg
-1.573693 1.391348 -1.291944 230 57 70 R0 pano_camera2/frame_0335_hp_preview.jpg
-1.450838 1.382927 -1.098859 230 57 70 R0 pano_camera2/frame_0336_hp_preview.jpg
-1.224088 1.375879 -0.639622 230 57 70 R0 pano_camera2/frame_0337_hp_preview.jpg
-1.113571 1.379650 -0.408734 230 57 70 R0 pano_camera2/frame_0338_hp_preview.jpg
-0.874831 1.375843 0.204728 230 57 70 R0 pano_camera2/frame_0339_hp_preview.jpg
-0.778658 1.402903 0.609126 230 57 70 R0 pano_camera2/frame_0340_hp_preview.jpg
-0.745942 1.397109 0.715823 230 57 70 R0 pano_camera2/frame_0341_hp_preview.jpg
-0.617718 1.399965 1.020250 230 57 70 R0 pano_camera2/frame_0342_hp_preview.jpg
-0.384284 1.406219 1.369622 230 57 70 R0 pano_camera2/frame_0343_hp_preview.jpg
-0.428493 1.415904 1.717263 230 57 70 R0 pano_camera2/frame_0344_hp_preview.jpg
-0.680502 1.417513 1.634309 230 57 70 R0 pano_camera2/frame_0345_hp_preview.jpg
-0.877562 1.412536 1.449796 230 57 70 R0 pano_camera2/frame_0346_hp_preview.jpg
-0.979155 1.410812 1.242445 230 57 70 R0 pano_camera2/frame_0347_hp_preview.jpg
-1.104116 1.410849 1.012238 230 57 70 R0 pano_camera2/frame_0348_hp_preview.jpg
-1.401171 1.398698 0.467394 230 57 70 R0 pano_camera2/frame_0349_hp_preview.jpg
-1.598237 1.385115 0.259073 230 57 70 R0 pano_camera2/frame_0350_hp_preview.jpg
-1.752730 1.380345 0.111128 230 57 70 R0 pano_camera2/frame_0351_hp_preview.jpg
-2.194099 1.383480 -0.092388 230 57 70 R0 pano_camera2/frame_0352_hp_preview.jpg
-2.415919 1.397625 -0.124298 230 57 70 R0 pano_camera2/frame_0353_hp_preview.jpg
-2.775871 1.403560 -0.297174 230 57 70 R0 pano_camera2/frame_0354_hp_preview.jpg
-2.891169 1.415137 -0.474736 230 57 70 R0 pano_camera2/frame_0355_hp_preview.jpg
-2.812770 1.420845 -0.893589 230 57 70 R0 pano_camera2/frame_0356_hp_preview.jpg
-2.740119 1.404717 -1.184523 230 57 70 R0 pano_camera2/frame_0357_hp_preview.jpg
-2.696522 1.385513 -1.267380 230 57 70 R0 pano_camera2/frame_0358_hp_preview.jpg
-2.665055 1.376203 -1.290429 230 57 70 R0 pano_camera2/frame_0359_hp_preview.jpg
-2.712572 1.391413 -1.296460 230 57 70 R0 pano_camera2/frame_0360_hp_preview.jpg
-2.712695 1.390346 -1.300659 230 57 70 R0 pano_camera2/frame_0361_hp_preview.jpg
-2.822595 1.397718 -1.567185 230 57 70 R0 pano_camera2/frame_0362_hp_preview.jpg
-2.955506 1.402672 -1.625109 230 57 70 R0 pano_camera2/frame_0363_hp_preview.jpg
-3.216248 1.432885 -1.642266 230 57 70 R0 pano_camera2/frame_0364_hp_preview.jpg
-3.297142 1.435568 -1.587813 230 57 70 R0 pano_camera2/frame_0365_hp_preview.jpg
-3.342276 1.429467 -1.189889 230 57 70 R0 pano_camera2/frame_0366_hp_preview.jpg
-3.319090 1.426436 -1.129837 230 57 70 R0 pano_camera2/frame_0367_hp_preview.jpg
-3.179183 1.414486 -0.826816 230 57 70 R0 pano_camera2/frame_0368_hp_preview.jpg
-2.879835 1.413350 -0.205683 230 57 70 R0 pano_camera2/frame_0369_hp_preview.jpg
-2.890717 1.385867 -0.002213 230 57 70 R0 pano_camera2/frame_0370_hp_preview.jpg
-3.029182 1.417935 0.138216 230 57 70 R0 pano_camera2/frame_0371_hp_preview.jpg
-3.356611 1.415167 0.078094 230 57 70 R0 pano_camera2/frame_0372_hp_preview.jpg
-3.609077 1.425621 -0.175000 230 57 70 R0 pano_camera2/frame_0373_hp_preview.jpg
-4.218655 1.424086 -0.537147 230 57 70 R0 pano_camera2/frame_0374_hp_preview.jpg
-4.410754 1.434114 -0.548671 230 57 70 R0 pano_camera2/frame_0375_hp_preview.jpg
-4.633356 1.446544 -0.474836 230 57 70 R0 pano_camera2/frame_0376_hp_preview.jpg
-4.808962 1.453266 -0.382143 230 57 70 R0 pano_camera2/frame_0377_hp_preview.jpg
-5.312193 1.485523 0.005482 230 57 70 R0 pano_camera2/frame_0378_hp_preview.jpg
-5.428651 1.476665 0.153679 230 57 70 R0 pano_camera2/frame_0379_hp_preview.jpg
-5.545724 1.475788 0.380476 230 57 70 R0 pano_camera2/frame_0380_hp_preview.jpg
-5.608237 1.356759 0.401878 230 57 70 R0 pano_camera2/frame_0381_hp_preview.jpg
-5.633979 1.227901 0.553971 230 57 70 R0 pano_camera2/frame_0382_hp_preview.jpg
-5.586502 1.433392 0.818556 230 57 70 R0 pano_camera2/frame_0383_hp_preview.jpg
-5.557085 1.446804 0.816595 230 57 70 R0 pano_camera2/frame_0384_hp_preview.jpg
-5.396402 1.458050 1.014148 230 57 70 R0 pano_camera2/frame_0385_hp_preview.jpg
-5.079436 1.467596 1.456095 230 57 70 R0 pano_camera2/frame_0386_hp_preview.jpg
-4.954145 1.466838 1.674848 230 57 70 R0 pano_camera2/frame_0387_hp_preview.jpg
-4.501255 1.468216 2.317904 230 57 70 R0 pano_camera2/frame_0388_hp_preview.jpg
-4.179083 1.459700 2.705932 230 57 70 R0 pano_camera2/frame_0389_hp_preview.jpg
-4.033309 1.448815 2.849185 230 57 70 R0 pano_camera2/frame_0390_hp_preview.jpg
-3.618909 1.452219 3.040063 230 57 70 R0 pano_camera2/frame_0391_hp_preview.jpg
-3.534485 1.448202 2.995556 230 57 70 R0 pano_camera2/frame_0392_hp_preview.jpg
-3.574968 1.447471 2.806527 230 57 70 R0 pano_camera2/frame_0393_hp_preview.jpg
-3.746641 1.439313 2.663789 230 57 70 R0 pano_camera2/frame_0394_hp_preview.jpg
-4.041953 1.434125 2.434596 230 57 70 R0 pano_camera2/frame_0395_hp_preview.jpg
-4.252518 1.434837 2.109231 230 57 70 R0 pano_camera2/frame_0396_hp_preview.jpg
-4.054850 1.451070 1.685188 230 57 70 R0 pano_camera2/frame_0397_hp_preview.jpg
-3.918345 1.447156 1.582849 230 57 70 R0 pano_camera2/frame_0398_hp_preview.jpg
-3.440021 1.449132 1.563529 230 57 70 R0 pano_camera2/frame_0399_hp_preview.jpg
-3.063325 1.433285 1.917680 230 57 70 R0 pano_camera2/frame_0400_hp_preview.jpg
-2.787799 1.430474 2.217200 230 57 70 R0 pano_camera2/frame_0401_hp_preview.jpg
-2.767377 1.429518 2.235538 230 57 70 R0 pano_camera2/frame_0402_hp_preview.jpg
-2.511411 1.424698 2.523220 230 57 70 R0 pano_camera2/frame_0403_hp_preview.jpg
-1.990631 1.420873 2.516328 230 57 70 R0 pano_camera2/frame_0404_hp_preview.jpg
-1.962021 1.426670 2.486437 230 57 70 R0 pano_camera2/frame_0405_hp_preview.jpg
-1.808232 1.433451 2.028671 230 57 70 R0 pano_camera2/frame_0406_hp_preview.jpg
-2.072357 1.419717 1.668748 230 57 70 R0 pano_camera2/frame_0407_hp_preview.jpg
-2.217530 1.423468 1.485158 230 57 70 R0 pano_camera2/frame_0408_hp_preview.jpg
-2.329382 1.416908 1.353668 230 57 70 R0 pano_camera2/frame_0409_hp_preview.jpg
-2.439830 1.431051 1.008409 230 57 70 R0 pano_camera2/frame_0410_hp_preview.jpg
-2.117638 1.417967 0.471442 230 57 70 R0 pano_camera2/frame_0411_hp_preview.jpg
-2.056038 1.409374 0.413923 230 57 70 R0 pano_camera2/frame_0412_hp_preview.jpg
-1.924089 1.411206 0.231336 230 57 70 R0 pano_camera2/frame_0413_hp_preview.jpg
-1.945139 1.413568 0.226022 230 57 70 R0 pano_camera2/frame_0414_hp_preview.jpg
-1.946592 1.413916 0.227482 230 57 70 R0 pano_camera2/frame_0415_hp_preview.jpg
-1.943130 1.409326 0.226066 230 57 70 R0 pano_camera2/frame_0416_hp_preview.jpg
4.848439 -0.003381 2.343379 230 57 70 R0 pano_camera3/frame_0140_hp_preview.jpg
4.976167 0.003660 2.470844 230 57 70 R0 pano_camera3/frame_0141_hp_preview.jpg
5.194528 0.002370 2.711440 230 57 70 R0 pano_camera3/frame_0142_hp_preview.jpg
5.351460 0.002104 2.809959 230 57 70 R0 pano_camera3/frame_0143_hp_preview.jpg
5.527091 0.018060 2.758039 230 57 70 R0 pano_camera3/frame_0144_hp_preview.jpg
5.585387 0.021521 2.581340 230 57 70 R0 pano_camera3/frame_0145_hp_preview.jpg
4.723736 0.008487 2.770301 230 57 70 R0 pano_camera3/frame_0157_hp_preview.jpg
4.586036 0.011479 2.856279 230 57 70 R0 pano_camera3/frame_0158_hp_preview.jpg
4.536942 0.017140 2.953983 230 57 70 R0 pano_camera3/frame_0159_hp_preview.jpg
4.288414 0.011682 3.562760 230 57 70 R0 pano_camera3/frame_0160_hp_preview.jpg
4.081048 0.011118 3.824821 230 57 70 R0 pano_camera3/frame_0161_hp_preview.jpg
3.779874 0.025722 4.113932 230 57 70 R0 pano_camera3/frame_0162_hp_preview.jpg
3.572530 0.032436 4.273726 230 57 70 R0 pano_camera3/frame_0163_hp_preview.jpg
3.347423 0.042844 4.415986 230 57 70 R0 pano_camera3/frame_0164_hp_preview.jpg
2.950034 0.045380 4.403106 230 57 70 R0 pano_camera3/frame_0165_hp_preview.jpg
2.788917 0.043070 4.270106 230 57 70 R0 pano_camera3/frame_0166_hp_preview.jpg
2.542073 0.043777 3.910346 230 57 70 R0 pano_camera3/frame_0167_hp_preview.jpg
2.594183 0.034902 3.523704 230 57 70 R0 pano_camera3/frame_0168_hp_preview.jpg
2.684120 0.044414 3.407493 230 57 70 R0 pano_camera3/frame_0169_hp_preview.jpg
3.219633 0.022935 2.875419 230 57 70 R0 pano_camera3/frame_0170_hp_preview.jpg
3.292212 0.035859 2.805806 230 57 70 R0 pano_camera3/frame_0171_hp_preview.jpg
3.631727 0.016229 2.480261 230 57 70 R0 pano_camera3/frame_0172_hp_preview.jpg
3.708930 0.020705 2.099979 230 57 70 R0 pano_camera3/frame_0173_hp_preview.jpg
3.504579 0.024744 1.764223 230 57 70 R0 pano_camera3/frame_0174_hp_preview.jpg
3.495474 0.027687 1.758712 230 57 70 R0 pano_camera3/frame_0175_hp_preview.jpg
3.064205 0.022515 1.664521 230 57 70 R0 pano_camera3/frame_0176_hp_preview.jpg
2.820092 0.033612 1.713055 230 57 70 R0 pano_camera3/frame_0177_hp_preview.jpg
2.358232 0.034709 1.730864 230 57 70 R0 pano_camera3/frame_0178_hp_preview.jpg
2.036831 0.036643 1.482533 230 57 70 R0 pano_camera3/frame_0179_hp_preview.jpg
1.994682 0.033804 1.288916 230 57 70 R0 pano_camera3/frame_0180_hp_preview.jpg
2.126682 0.015815 1.051249 230 57 70 R0 pano_camera3/frame_0181_hp_preview.jpg
2.321861 0.010652 0.889881 230 57 70 R0 pano_camera3/frame_0182_hp_preview.jpg
2.546512 0.016454 0.570642 230 57 70 R0 pano_camera3/frame_0183_hp_preview.jpg
2.394964 0.004696 0.422107 230 57 70 R0 pano_camera3/frame_0184_hp_preview.jpg
2.241276 0.007220 0.470949 230 57 70 R0 pano_camera3/frame_0185_hp_preview.jpg
2.048247 0.005049 0.614938 230 57 70 R0 pano_camera3/frame_0186_hp_preview.jpg
1.849536 0.008437 0.750512 230 57 70 R0 pano_camera3/frame_0187_hp_preview.jpg
1.549903 0.014024 0.855160 230 57 70 R0 pano_camera3/frame_0188_hp_preview.jpg
1.246645 0.016152 0.767161 230 57 70 R0 pano_camera3/frame_0189_hp_preview.jpg
1.215804 0.021790 0.748034 230 57 70 R0 pano_camera3/frame_0190_hp_preview.jpg
1.048764 0.022861 0.533401 230 57 70 R0 pano_camera3/frame_0191_hp_preview.jpg
1.046834 0.022734 0.173450 230 57 70 R0 pano_camera3/frame_0192_hp_preview.jpg
1.178354 0.012269 -0.077604 230 57 70 R0 pano_camera3/frame_0193_hp_preview.jpg
1.398604 -0.001764 -0.360488 230 57 70 R0 pano_camera3/frame_0194_hp_preview.jpg
1.537063 0.000393 -0.573395 230 57 70 R0 pano_camera3/frame_0195_hp_preview.jpg
1.509041 -0.013373 -0.777640 230 57 70 R0 pano_camera3/frame_0196_hp_preview.jpg
1.309628 -0.013024 -1.149694 230 57 70 R0 pano_camera3/frame_0197_hp_preview.jpg
0.932263 0.002036 -1.630406 230 57 70 R0 pano_camera3/frame_0198_hp_preview.jpg
0.821882 0.007316 -1.771123 230 57 70 R0 pano_camera3/frame_0199_hp_preview.jpg
0.198995 0.039974 -2.338999 230 57 70 R0 pano_camera3/frame_0200_hp_preview.jpg
0.207174 0.084288 -2.433502 230 57 70 R0 pano_camera3/frame_0201_hp_preview.jpg
0.172025 0.017414 -1.196615 230 57 70 R0 pano_camera3/frame_0226_hp_preview.jpg
-0.433907 0.033344 0.075918 230 57 70 R0 pano_camera3/frame_0240_hp_preview.jpg
-0.419291 0.026166 0.141740 230 57 70 R0 pano_camera3/frame_0241_hp_preview.jpg
-0.522602 0.023389 0.419109 230 57 70 R0 pano_camera3/frame_0242_hp_preview.jpg
-0.404621 0.020896 0.581426 230 57 70 R0 pano_camera3/frame_0243_hp_preview.jpg
-0.191244 0.016486 0.566294 230 57 70 R0 pano_camera3/frame_0244_hp_preview.jpg
-0.087850 0.012223 0.584085 230 57 70 R0 pano_camera3/frame_0245_hp_preview.jpg
0.183804 -0.014920 0.646892 230 57 70 R0 pano_camera3/frame_0246_hp_preview.jpg
0.311132 -0.009474 0.572475 230 57 70 R0 pano_camera3/frame_0247_hp_preview.jpg
0.626849 -0.011359 0.644955 230 57 70 R0 pano_camera3/frame_0248_hp_preview.jpg
0.662454 -0.013536 0.664876 230 57 70 R0 pano_camera3/frame_0249_hp_preview.jpg
1.289406 -0.010447 1.131659 230 57 70 R0 pano_camera3/frame_0250_hp_preview.jpg
1.299805 -0.011896 1.141188 230 57 70 R0 pano_camera3/frame_0251_hp_preview.jpg
1.603287 0.000503 1.562848 230 57 70 R0 pano_camera3/frame_0252_hp_preview.jpg
1.751893 0.022157 2.101843 230 57 70 R0 pano_camera3/frame_0253_hp_preview.jpg
1.480006 0.037867 2.427083 230 57 70 R0 pano_camera3/frame_0254_hp_preview.jpg
1.437382 0.034941 2.432582 230 57 70 R0 pano_camera3/frame_0255_hp_preview.jpg
1.005589 0.072369 2.076502 230 57 70 R0 pano_camera3/frame_0256_hp_preview.jpg
0.875329 0.197640 1.901790 230 57 70 R0 pano_camera3/frame_0257_hp_preview.jpg
0.825832 0.278590 1.834591 230 57 70 R0 pano_camera3/frame_0258_hp_preview.jpg
0.747423 0.351345 1.710778 230 57 70 R0 pano_camera3/frame_0259_hp_preview.jpg
0.566080 0.598200 1.436467 230 57 70 R0 pano_camera3/frame_0260_hp_preview.jpg
0.563429 0.600871 1.430177 230 57 70 R0 pano_camera3/frame_0261_hp_preview.jpg
0.350396 0.856865 1.165812 230 57 70 R0 pano_camera3/frame_0262_hp_preview.jpg
0.339877 0.866165 1.159099 230 57 70 R0 pano_camera3/frame_0263_hp_preview.jpg
0.234127 1.008462 1.020539 230 57 70 R0 pano_camera3/frame_0264_hp_preview.jpg
0.071437 1.184064 0.813040 230 57 70 R0 pano_camera3/frame_0265_hp_preview.jpg
0.025056 1.316290 0.585747 230 57 70 R0 pano_camera3/frame_0266_hp_preview.jpg
0.038001 1.390062 0.376037 230 57 70 R0 pano_camera3/frame_0267_hp_preview.jpg
0.239597 1.381609 0.143790 230 57 70 R0 pano_camera3/frame_0268_hp_preview.jpg
0.612700 1.384606 -0.221181 230 57 70 R0 pano_camera3/frame_0269_hp_preview.jpg
0.798854 1.400842 -0.376291 230 57 70 R0 pano_camera3/frame_0270_hp_preview.jpg
1.166526 1.391572 -0.637884 230 57 70 R0 pano_camera3/frame_0271_hp_preview.jpg
1.506991 1.392131 -0.887511 230 57 70 R0 pano_camera3/frame_0272_hp_preview.jpg
1.690093 1.400613 -1.034229 230 57 70 R0 pano_camera3/frame_0273_hp_preview.jpg
2.278302 1.390619 -1.481655 230 57 70 R0 pano_camera3/frame_0274_hp_preview.jpg
2.336505 1.393861 -1.538090 230 57 70 R0 pano_camera3/frame_0275_hp_preview.jpg
2.808206 1.393012 -1.910965 230 57 70 R0 pano_camera3/frame_0276_hp_preview.jpg
2.946690 1.397139 -2.038230 230 57 70 R0 pano_camera3/frame_0277_hp_preview.jpg
3.364985 1.410295 -2.445275 230 57 70 R0 pano_camera3/frame_0278_hp_preview.jpg
3.602349 1.405552 -2.615359 230 57 70 R0 pano_camera3/frame_0279_hp_preview.jpg
4.186621 1.405391 -3.116706 230 57 70 R0 pano_camera3/frame_0280_hp_preview.jpg
4.299218 1.402273 -3.198739 230 57 70 R0 pano_camera3/frame_0281_hp_preview.jpg
4.450741 1.396179 -3.352036 230 57 70 R0 pano_camera3/frame_0282_hp_preview.jpg
4.528524 1.392550 -3.586719 230 57 70 R0 pano_camera3/frame_0283_hp_preview.jpg
4.349495 1.382494 -3.973800 230 57 70 R0 pano_camera3/frame_0284_hp_preview.jpg
4.312302 1.380122 -4.000254 230 57 70 R0 pano_camera3/frame_0285_hp_preview.jpg
4.057054 1.379455 -4.205541 230 57 70 R0 pano_camera3/frame_0286_hp_preview.jpg
3.856718 1.395014 -4.213276 230 57 70 R0 pano_camera3/frame_0287_hp_preview.jpg
3.595536 1.405512 -4.228136 230 57 70 R0 pano_camera3/frame_0288_hp_preview.jpg
3.440598 1.411468 -4.303971 230 57 70 R0 pano_camera3/frame_0289_hp_preview.jpg
3.334265 1.408991 -4.557872 230 57 70 R0 pano_camera3/frame_0290_hp_preview.jpg
3.237582 1.396976 -5.105779 230 57 70 R0 pano_camera3/frame_0291_hp_preview.jpg
3.172419 1.396025 -5.318331 230 57 70 R0 pano_camera3/frame_0292_hp_preview.jpg
3.129664 1.390229 -5.495542 230 57 70 R0 pano_camera3/frame_0293_hp_preview.jpg
2.669249 1.375742 -5.940585 230 57 70 R0 pano_camera3/frame_0294_hp_preview.jpg
2.619110 1.377141 -5.952637 230 57 70 R0 pano_camera3/frame_0295_hp_preview.jpg
2.077442 1.374624 -5.759705 230 57 70 R0 pano_camera3/frame_0296_hp_preview.jpg
1.977869 1.382009 -5.413812 230 57 70 R0 pano_camera3/frame_0297_hp_preview.jpg
1.950576 1.371932 -5.103686 230 57 70 R0 pano_camera3/frame_0298_hp_preview.jpg
1.938800 1.378945 -4.861574 230 57 70 R0 pano_camera3/frame_0299_hp_preview.jpg
1.908069 1.386303 -4.399366 230 57 70 R0 pano_camera3/frame_0300_hp_preview.jpg
1.905657 1.372866 -4.079379 230 57 70 R0 pano_camera3/frame_0301_hp_preview.jpg
1.936280 1.369966 -3.758265 230 57 70 R0 pano_camera3/frame_0302_hp_preview.jpg
2.050869 1.384329 -3.320391 230 57 70 R0 pano_camera3/frame_0303_hp_preview.jpg
2.100628 1.380397 -3.096501 230 57 70 R0 pano_camera3/frame_0304_hp_preview.jpg
2.164794 1.376887 -2.568133 230 57 70 R0 pano_camera3/frame_0305_hp_preview.jpg
2.102929 1.370169 -2.042352 230 57 70 R0 pano_camera3/frame_0306_hp_preview.jpg
2.004246 1.366345 -1.708941 230 57 70 R0 pano_camera3/frame_0307_hp_preview.jpg
1.958745 1.372765 -1.632116 230 57 70 R0 pano_camera3/frame_0308_hp_preview.jpg
1.574626 1.376868 -1.347597 230 57 70 R0 pano_camera3/frame_0309_hp_preview.jpg
1.106413 1.390864 -1.353969 230 57 70 R0 pano_camera3/frame_0310_hp_preview.jpg
0.875914 1.377985 -1.574909 230 57 70 R0 pano_camera3/frame_0311_hp_preview.jpg
0.707571 1.388520 -1.989995 230 57 70 R0 pano_camera3/frame_0312_hp_preview.jpg
0.639471 1.388615 -2.301460 230 57 70 R0 pano_camera3/frame_0313_hp_preview.jpg
0.606161 1.387047 -2.583265 230 57 70 R0 pano_camera3/frame_0314_hp_preview.jpg
0.506540 1.387155 -3.269938 230 57 70 R0 pano_camera3/frame_0315_hp_preview.jpg
0.494624 1.390811 -3.319863 230 57 70 R0 pano_camera3/frame_0316_hp_preview.jpg
0.379901 1.380112 -3.756505 230 57 70 R0 pano_camera3/frame_0317_hp_preview.jpg
0.102365 1.370302 -4.150293 230 57 70 R0 pano_camera3/frame_0318_hp_preview.jpg
-0.024514 1.371763 -4.160398 230 57 70 R0 pano_camera3/frame_0319_hp_preview.jpg
-0.368941 1.394518 -4.064001 230 57 70 R0 pano_camera3/frame_0320_hp_preview.jpg
-0.892665 1.401315 -3.584437 230 57 70 R0 pano_camera3/frame_0321_hp_preview.jpg
-0.920817 1.400829 -3.552065 230 57 70 R0 pano_camera3/frame_0322_hp_preview.jpg
-1.036377 1.390180 -3.085768 230 57 70 R0 pano_camera3/frame_0323_hp_preview.jpg
-0.978815 1.400985 -2.609913 230 57 70 R0 pano_camera3/frame_0324_hp_preview.jpg
-0.985164 1.393630 -2.561522 230 57 70 R0 pano_camera3/frame_0325_hp_preview.jpg
-1.202479 1.391194 -2.112029 230 57 70 R0 pano_camera3/frame_0326_hp_preview.jpg
-1.467634 1.389654 -2.062174 230 57 70 R0 pano_camera3/frame_0327_hp_preview.jpg
-1.602172 1.398959 -2.101927 230 57 70 R0 pano_camera3/frame_0328_hp_preview.jpg
-1.795436 1.403061 -2.239466 230 57 70 R0 pano_camera3/frame_0329_hp_preview.jpg
-2.149201 1.408814 -2.370765 230 57 70 R0 pano_camera3/frame_0330_hp_preview.jpg
-2.265616 1.407921 -2.281106 230 57 70 R0 pano_camera3/frame_0331_hp_preview.jpg
-2.114120 1.398668 -1.880990 230 57 70 R0 pano_camera3/frame_0332_hp_preview.jpg
-1.942659 1.390968 -1.752400 230 57 70 R0 pano_camera3/frame_0333_hp_preview.jpg
-1.675755 1.388152 -1.470067 230 57 70 R0 pano_camera3/frame_0334_hp_preview.jpg
-1.573693 1.391348 -1.291944 230 57 70 R0 pano_camera3/frame_0335_hp_preview.jpg
-1.450838 1.382927 -1.098859 230 57 70 R0 pano_camera3/frame_0336_hp_preview.jpg
-1.224088 1.375879 -0.639622 230 57 70 R0 pano_camera3/frame_0337_hp_preview.jpg
-1.113571 1.379650 -0.408734 230 57 70 R0 pano_camera3/frame_0338_hp_preview.jpg
-0.874831 1.375843 0.204728 230 57 70 R0 pano_camera3/frame_0339_hp_preview.jpg
-0.778658 1.402903 0.609126 230 57 70 R0 pano_camera3/frame_0340_hp_preview.jpg
-0.745942 1.397109 0.715823 230 57 70 R0 pano_camera3/frame_0341_hp_preview.jpg
-0.617718 1.399965 1.020250 230 57 70 R0 pano_camera3/frame_0342_hp_preview.jpg
-0.384284 1.406219 1.369622 230 57 70 R0 pano_camera3/frame_0343_hp_preview.jpg
-0.428493 1.415904 1.717263 230 57 70 R0 pano_camera3/frame_0344_hp_preview.jpg
-0.680502 1.417513 1.634309 230 57 70 R0 pano_camera3/frame_0345_hp_preview.jpg
-0.877562 1.412536 1.449796 230 57 70 R0 pano_camera3/frame_0346_hp_preview.jpg
-0.979155 1.410812 1.242445 230 57 70 R0 pano_camera3/frame_0347_hp_preview.jpg
-1.104116 1.410849 1.012238 230 57 70 R0 pano_camera3/frame_0348_hp_preview.jpg
-1.401171 1.398698 0.467394 230 57 70 R0 pano_camera3/frame_0349_hp_preview.jpg
-1.598237 1.385115 0.259073 230 57 70 R0 pano_camera3/frame_0350_hp_preview.jpg
-1.752730 1.380345 0.111128 230 57 70 R0 pano_camera3/frame_0351_hp_preview.jpg
-2.194099 1.383480 -0.092388 230 57 70 R0 pano_camera3/frame_0352_hp_preview.jpg
-2.415919 1.397625 -0.124298 230 57 70 R0 pano_camera3/frame_0353_hp_preview.jpg
-2.775871 1.403560 -0.297174 230 57 70 R0 pano_camera3/frame_0354_hp_preview.jpg
-2.891169 1.415137 -0.474736 230 57 70 R0 pano_camera3/frame_0355_hp_preview.jpg
-2.812770 1.420845 -0.893589 230 57 70 R0 pano_camera3/frame_0356_hp_preview.jpg
-2.740119 1.404717 -1.184523 230 57 70 R0 pano_camera3/frame_0357_hp_preview.jpg
-2.696522 1.385513 -1.267380 230 57 70 R0 pano_camera3/frame_0358_hp_preview.jpg
-2.665055 1.376203 -1.290429 230 57 70 R0 pano_camera3/frame_0359_hp_preview.jpg
-2.712572 1.391413 -1.296460 230 57 70 R0 pano_camera3/frame_0360_hp_preview.jpg
-2.712695 1.390346 -1.300659 230 57 70 R0 pano_camera3/frame_0361_hp_preview.jpg
-2.822595 1.397718 -1.567185 230 57 70 R0 pano_camera3/frame_0362_hp_preview.jpg
-2.955506 1.402672 -1.625109 230 57 70 R0 pano_camera3/frame_0363_hp_preview.jpg
-3.216248 1.432885 -1.642266 230 57 70 R0 pano_camera3/frame_0364_hp_preview.jpg
-3.297142 1.435568 -1.587813 230 57 70 R0 pano_camera3/frame_0365_hp_preview.jpg
-3.342276 1.429467 -1.189889 230 57 70 R0 pano_camera3/frame_0366_hp_preview.jpg
-3.319090 1.426436 -1.129837 230 57 70 R0 pano_camera3/frame_0367_hp_preview.jpg
-3.179183 1.414486 -0.826816 230 57 70 R0 pano_camera3/frame_0368_hp_preview.jpg
-2.879835 1.413350 -0.205683 230 57 70 R0 pano_camera3/frame_0369_hp_preview.jpg
-2.890717 1.385867 -0.002213 230 57 70 R0 pano_camera3/frame_0370_hp_preview.jpg
-3.029182 1.417935 0.138216 230 57 70 R0 pano_camera3/frame_0371_hp_preview.jpg
-3.356611 1.415167 0.078094 230 57 70 R0 pano_camera3/frame_0372_hp_preview.jpg
-3.609077 1.425621 -0.175000 230 57 70 R0 pano_camera3/frame_0373_hp_preview.jpg
-4.218655 1.424086 -0.537147 230 57 70 R0 pano_camera3/frame_0374_hp_preview.jpg
-4.410754 1.434114 -0.548671 230 57 70 R0 pano_camera3/frame_0375_hp_preview.jpg
-4.633356 1.446544 -0.474836 230 57 70 R0 pano_camera3/frame_0376_hp_preview.jpg
-4.808962 1.453266 -0.382143 230 57 70 R0 pano_camera3/frame_0377_hp_preview.jpg
-5.312193 1.485523 0.005482 230 57 70 R0 pano_camera3/frame_0378_hp_preview.jpg
-5.428651 1.476665 0.153679 230 57 70 R0 pano_camera3/frame_0379_hp_preview.jpg
-5.545724 1.475788 0.380476 230 57 70 R0 pano_camera3/frame_0380_hp_preview.jpg
-5.608237 1.356759 0.401878 230 57 70 R0 pano_camera3/frame_0381_hp_preview.jpg
-5.633979 1.227901 0.553971 230 57 70 R0 pano_camera3/frame_0382_hp_preview.jpg
-5.586502 1.433392 0.818556 230 57 70 R0 pano_camera3/frame_0383_hp_preview.jpg
-5.557085 1.446804 0.816595 230 57 70 R0 pano_camera3/frame_0384_hp_preview.jpg
-5.396402 1.458050 1.014148 230 57 70 R0 pano_camera3/frame_0385_hp_preview.jpg
-5.079436 1.467596 1.456095 230 57 70 R0 pano_camera3/frame_0386_hp_preview.jpg
-4.954145 1.466838 1.674848 230 57 70 R0 pano_camera3/frame_0387_hp_preview.jpg
-4.501255 1.468216 2.317904 230 57 70 R0 pano_camera3/frame_0388_hp_preview.jpg
-4.179083 1.459700 2.705932 230 57 70 R0 pano_camera3/frame_0389_hp_preview.jpg
-4.033309 1.448815 2.849185 230 57 70 R0 pano_camera3/frame_0390_hp_preview.jpg
-3.618909 1.452219 3.040063 230 57 70 R0 pano_camera3/frame_0391_hp_preview.jpg
-3.534485 1.448202 2.995556 230 57 70 R0 pano_camera3/frame_0392_hp_preview.jpg
-3.574968 1.447471 2.806527 230 57 70 R0 pano_camera3/frame_0393_hp_preview.jpg
-3.746641 1.439313 2.663789 230 57 70 R0 pano_camera3/frame_0394_hp_preview.jpg
-4.041953 1.434125 2.434596 230 57 70 R0 pano_camera3/frame_0395_hp_preview.jpg
-4.252518 1.434837 2.109231 230 57 70 R0 pano_camera3/frame_0396_hp_preview.jpg
-4.054850 1.451070 1.685188 230 57 70 R0 pano_camera3/frame_0397_hp_preview.jpg
-3.918345 1.447156 1.582849 230 57 70 R0 pano_camera3/frame_0398_hp_preview.jpg
-3.440021 1.449132 1.563529 230 57 70 R0 pano_camera3/frame_0399_hp_preview.jpg
-3.063325 1.433285 1.917680 230 57 70 R0 pano_camera3/frame_0400_hp_preview.jpg
-2.787799 1.430474 2.217200 230 57 70 R0 pano_camera3/frame_0401_hp_preview.jpg
-2.767377 1.429518 2.235538 230 57 70 R0 pano_camera3/frame_0402_hp_preview.jpg
-2.511411 1.424698 2.523220 230 57 70 R0 pano_camera3/frame_0403_hp_preview.jpg
-1.990631 1.420873 2.516328 230 57 70 R0 pano_camera3/frame_0404_hp_preview.jpg
-1.962021 1.426670 2.486437 230 57 70 R0 pano_camera3/frame_0405_hp_preview.jpg
-1.808232 1.433451 2.028671 230 57 70 R0 pano_camera3/frame_0406_hp_preview.jpg
-2.072357 1.419717 1.668748 230 57 70 R0 pano_camera3/frame_0407_hp_preview.jpg
-2.217530 1.423468 1.485158 230 57 70 R0 pano_camera3/frame_0408_hp_preview.jpg
-2.329382 1.416908 1.353668 230 57 70 R0 pano_camera3/frame_0409_hp_preview.jpg
-2.439830 1.431051 1.008409 230 57 70 R0 pano_camera3/frame_0410_hp_preview.jpg
-2.117638 1.417967 0.471442 230 57 70 R0 pano_camera3/frame_0411_hp_preview.jpg
-2.056038 1.409374 0.413923 230 57 70 R0 pano_camera3/frame_0412_hp_preview.jpg
-1.924089 1.411206 0.231336 230 57 70 R0 pano_camera3/frame_0413_hp_preview.jpg
-1.945139 1.413568 0.226022 230 57 70 R0 pano_camera3/frame_0414_hp_preview.jpg
-1.946592 1.413916 0.227482 230 57 70 R0 pano_camera3/frame_0415_hp_preview.jpg
-1.943130 1.409326 0.226066 230 57 70 R0 pano_camera3/frame_0416_hp_preview.jpg
4.848439 -0.003381 2.343379 230 57 70 R0 pano_camera4/frame_0140_hp_preview.jpg
4.976167 0.003660 2.470844 230 57 70 R0 pano_camera4/frame_0141_hp_preview.jpg
5.194528 0.002370 2.711440 230 57 70 R0 pano_camera4/frame_0142_hp_preview.jpg
5.351460 0.002104 2.809959 230 57 70 R0 pano_camera4/frame_0143_hp_preview.jpg
5.527091 0.018060 2.758039 230 57 70 R0 pano_camera4/frame_0144_hp_preview.jpg
5.585387 0.021521 2.581340 230 57 70 R0 pano_camera4/frame_0145_hp_preview.jpg
4.723736 0.008487 2.770301 230 57 70 R0 pano_camera4/frame_0157_hp_preview.jpg
4.586036 0.011479 2.856279 230 57 70 R0 pano_camera4/frame_0158_hp_preview.jpg
4.536942 0.017140 2.953983 230 57 70 R0 pano_camera4/frame_0159_hp_preview.jpg
4.288414 0.011682 3.562760 230 57 70 R0 pano_camera4/frame_0160_hp_preview.jpg
4.081048 0.011118 3.824821 230 57 70 R0 pano_camera4/frame_0161_hp_preview.jpg
3.779874 0.025722 4.113932 230 57 70 R0 pano_camera4/frame_0162_hp_preview.jpg
3.572530 0.032436 4.273726 230 57 70 R0 pano_camera4/frame_0163_hp_preview.jpg
3.347423 0.042844 4.415986 230 57 70 R0 pano_camera4/frame_0164_hp_preview.jpg
2.950034 0.045380 4.403106 230 57 70 R0 pano_camera4/frame_0165_hp_preview.jpg
2.788917 0.043070 4.270106 230 57 70 R0 pano_camera4/frame_0166_hp_preview.jpg
2.542073 0.043777 3.910346 230 57 70 R0 pano_camera4/frame_0167_hp_preview.jpg
2.594183 0.034902 3.523704 230 57 70 R0 pano_camera4/frame_0168_hp_preview.jpg
2.684120 0.044414 3.407493 230 57 70 R0 pano_camera4/frame_0169_hp_preview.jpg
3.219633 0.022935 2.875419 230 57 70 R0 pano_camera4/frame_0170_hp_preview.jpg
3.292212 0.035859 2.805806 230 57 70 R0 pano_camera4/frame_0171_hp_preview.jpg
3.631727 0.016229 2.480261 230 57 70 R0 pano_camera4/frame_0172_hp_preview.jpg
3.708930 0.020705 2.099979 230 57 70 R0 pano_camera4/frame_0173_hp_preview.jpg
3.504579 0.024744 1.764223 230 57 70 R0 pano_camera4/frame_0174_hp_preview.jpg
3.495474 0.027687 1.758712 230 57 70 R0 pano_camera4/frame_0175_hp_preview.jpg
3.064205 0.022515 1.664521 230 57 70 R0 pano_camera4/frame_0176_hp_preview.jpg
2.820092 0.033612 1.713055 230 57 70 R0 pano_camera4/frame_0177_hp_preview.jpg
2.358232 0.034709 1.730864 230 57 70 R0 pano_camera4/frame_0178_hp_preview.jpg
2.036831 0.036643 1.482533 230 57 70 R0 pano_camera4/frame_0179_hp_preview.jpg
1.994682 0.033804 1.288916 230 57 70 R0 pano_camera4/frame_0180_hp_preview.jpg
2.126682 0.015815 1.051249 230 57 70 R0 pano_camera4/frame_0181_hp_preview.jpg
2.321861 0.010652 0.889881 230 57 70 R0 pano_camera4/frame_0182_hp_preview.jpg
2.546512 0.016454 0.570642 230 57 70 R0 pano_camera4/frame_0183_hp_preview.jpg
2.394964 0.004696 0.422107 230 57 70 R0 pano_camera4/frame_0184_hp_preview.jpg
2.241276 0.007220 0.470949 230 57 70 R0 pano_camera4/frame_0185_hp_preview.jpg
2.048247 0.005049 0.614938 230 57 70 R0 pano_camera4/frame_0186_hp_preview.jpg
1.849536 0.008437 0.750512 230 57 70 R0 pano_camera4/frame_0187_hp_preview.jpg
1.549903 0.014024 0.855160 230 57 70 R0 pano_camera4/frame_0188_hp_preview.jpg
1.246645 0.016152 0.767161 230 57 70 R0 pano_camera4/frame_0189_hp_preview.jpg
1.215804 0.021790 0.748034 230 57 70 R0 pano_camera4/frame_0190_hp_preview.jpg
1.048764 0.022861 0.533401 230 57 70 R0 pano_camera4/frame_0191_hp_preview.jpg
1.046834 0.022734 0.173450 230 57 70 R0 pano_camera4/frame_0192_hp_preview.jpg
1.178354 0.012269 -0.077604 230 57 70 R0 pano_camera4/frame_0193_hp_preview.jpg
1.398604 -0.001764 -0.360488 230 57 70 R0 pano_camera4/frame_0194_hp_preview.jpg
1.537063 0.000393 -0.573395 230 57 70 R0 pano_camera4/frame_0195_hp_preview.jpg
1.509041 -0.013373 -0.777640 230 57 70 R0 pano_camera4/frame_0196_hp_preview.jpg
1.309628 -0.013024 -1.149694 230 57 70 R0 pano_camera4/frame_0197_hp_preview.jpg
0.932263 0.002036 -1.630406 230 57 70 R0 pano_camera4/frame_0198_hp_preview.jpg
0.821882 0.007316 -1.771123 230 57 70 R0 pano_camera4/frame_0199_hp_preview.jpg
0.198995 0.039974 -2.338999 230 57 70 R0 pano_camera4/frame_0200_hp_preview.jpg
0.207174 0.084288 -2.433502 230 57 70 R0 pano_camera4/frame_0201_hp_preview.jpg
0.172025 0.017414 -1.196615 230 57 70 R0 pano_camera4/frame_0226_hp_preview.jpg
-0.433907 0.033344 0.075918 230 57 70 R0 pano_camera4/frame_0240_hp_preview.jpg
-0.419291 0.026166 0.141740 230 57 70 R0 pano_camera4/frame_0241_hp_preview.jpg
-0.522602 0.023389 0.419109 230 57 70 R0 pano_camera4/frame_0242_hp_preview.jpg
-0.404621 0.020896 0.581426 230 57 70 R0 pano_camera4/frame_0243_hp_preview.jpg
-0.191244 0.016486 0.566294 230 57 70 R0 pano_camera4/frame_0244_hp_preview.jpg
-0.087850 0.012223 0.584085 230 57 70 R0 pano_camera4/frame_0245_hp_preview.jpg
0.183804 -0.014920 0.646892 230 57 70 R0 pano_camera4/frame_0246_hp_preview.jpg
0.311132 -0.009474 0.572475 230 57 70 R0 pano_camera4/frame_0247_hp_preview.jpg
0.626849 -0.011359 0.644955 230 57 70 R0 pano_camera4/frame_0248_hp_preview.jpg
0.662454 -0.013536 0.664876 230 57 70 R0 pano_camera4/frame_0249_hp_preview.jpg
1.289406 -0.010447 1.131659 230 57 70 R0 pano_camera4/frame_0250_hp_preview.jpg
1.299805 -0.011896 1.141188 230 57 70 R0 pano_camera4/frame_0251_hp_preview.jpg
1.603287 0.000503 1.562848 230 57 70 R0 pano_camera4/frame_0252_hp_preview.jpg
1.751893 0.022157 2.101843 230 57 70 R0 pano_camera4/frame_0253_hp_preview.jpg
1.480006 0.037867 2.427083 230 57 70 R0 pano_camera4/frame_0254_hp_preview.jpg
1.437382 0.034941 2.432582 230 57 70 R0 pano_camera4/frame_0255_hp_preview.jpg
1.005589 0.072369 2.076502 230 57 70 R0 pano_camera4/frame_0256_hp_preview.jpg
0.875329 0.197640 1.901790 230 57 70 R0 pano_camera4/frame_0257_hp_preview.jpg
0.825832 0.278590 1.834591 230 57 70 R0 pano_camera4/frame_0258_hp_preview.jpg
0.747423 0.351345 1.710778 230 57 70 R0 pano_camera4/frame_0259_hp_preview.jpg
0.566080 0.598200 1.436467 230 57 70 R0 pano_camera4/frame_0260_hp_preview.jpg
0.563429 0.600871 1.430177 230 57 70 R0 pano_camera4/frame_0261_hp_preview.jpg
0.350396 0.856865 1.165812 230 57 70 R0 pano_camera4/frame_0262_hp_preview.jpg
0.339877 0.866165 1.159099 230 57 70 R0 pano_camera4/frame_0263_hp_preview.jpg
0.234127 1.008462 1.020539 230 57 70 R0 pano_camera4/frame_0264_hp_preview.jpg
0.071437 1.184064 0.813040 230 57 70 R0 pano_camera4/frame_0265_hp_preview.jpg
0.025056 1.316290 0.585747 230 57 70 R0 pano_camera4/frame_0266_hp_preview.jpg
0.038001 1.390062 0.376037 230 57 70 R0 pano_camera4/frame_0267_hp_preview.jpg
0.239597 1.381609 0.143790 230 57 70 R0 pano_camera4/frame_0268_hp_preview.jpg
0.612700 1.384606 -0.221181 230 57 70 R0 pano_camera4/frame_0269_hp_preview.jpg
0.798854 1.400842 -0.376291 230 57 70 R0 pano_camera4/frame_0270_hp_preview.jpg
1.166526 1.391572 -0.637884 230 57 70 R0 pano_camera4/frame_0271_hp_preview.jpg
1.506991 1.392131 -0.887511 230 57 70 R0 pano_camera4/frame_0272_hp_preview.jpg
1.690093 1.400613 -1.034229 230 57 70 R0 pano_camera4/frame_0273_hp_preview.jpg
2.278302 1.390619 -1.481655 230 57 70 R0 pano_camera4/frame_0274_hp_preview.jpg
2.336505 1.393861 -1.538090 230 57 70 R0 pano_camera4/frame_0275_hp_preview.jpg
2.808206 1.393012 -1.910965 230 57 70 R0 pano_camera4/frame_0276_hp_preview.jpg
2.946690 1.397139 -2.038230 230 57 70 R0 pano_camera4/frame_0277_hp_preview.jpg
3.364985 1.410295 -2.445275 230 57 70 R0 pano_camera4/frame_0278_hp_preview.jpg
3.602349 1.405552 -2.615359 230 57 70 R0 pano_camera4/frame_0279_hp_preview.jpg
4.186621 1.405391 -3.116706 230 57 70 R0 pano_camera4/frame_0280_hp_preview.jpg
4.299218 1.402273 -3.198739 230 57 70 R0 pano_camera4/frame_0281_hp_preview.jpg
4.450741 1.396179 -3.352036 230 57 70 R0 pano_camera4/frame_0282_hp_preview.jpg
4.528524 1.392550 -3.586719 230 57 70 R0 pano_camera4/frame_0283_hp_preview.jpg
4.349495 1.382494 -3.973800 230 57 70 R0 pano_camera4/frame_0284_hp_preview.jpg
4.312302 1.380122 -4.000254 230 57 70 R0 pano_camera4/frame_0285_hp_preview.jpg
4.057054 1.379455 -4.205541 230 57 70 R0 pano_camera4/frame_0286_hp_preview.jpg
3.856718 1.395014 -4.213276 230 57 70 R0 pano_camera4/frame_0287_hp_preview.jpg
3.595536 1.405512 -4.228136 230 57 70 R0 pano_camera4/frame_0288_hp_preview.jpg
3.440598 1.411468 -4.303971 230 57 70 R0 pano_camera4/frame_0289_hp_preview.jpg
3.334265 1.408991 -4.557872 230 57 70 R0 pano_camera4/frame_0290_hp_preview.jpg
3.237582 1.396976 -5.105779 230 57 70 R0 pano_camera4/frame_0291_hp_preview.jpg
3.172419 1.396025 -5.318331 230 57 70 R0 pano_camera4/frame_0292_hp_preview.jpg
3.129664 1.390229 -5.495542 230 57 70 R0 pano_camera4/frame_0293_hp_preview.jpg
2.669249 1.375742 -5.940585 230 57 70 R0 pano_camera4/frame_0294_hp_preview.jpg
2.619110 1.377141 -5.952637 230 57 70 R0 pano_camera4/frame_0295_hp_preview.jpg
2.077442 1.374624 -5.759705 230 57 70 R0 pano_camera4/frame_0296_hp_preview.jpg
1.977869 1.382009 -5.413812 230 57 70 R0 pano_camera4/frame_0297_hp_preview.jpg
1.950576 1.371932 -5.103686 230 57 70 R0 pano_camera4/frame_0298_hp_preview.jpg
1.938800 1.378945 -4.861574 230 57 70 R0 pano_camera4/frame_0299_hp_preview.jpg
1.908069 1.386303 -4.399366 230 57 70 R0 pano_camera4/frame_0300_hp_preview.jpg
1.905657 1.372866 -4.079379 230 57 70 R0 pano_camera4/frame_0301_hp_preview.jpg
1.936280 1.369966 -3.758265 230 57 70 R0 pano_camera4/frame_0302_hp_preview.jpg
2.050869 1.384329 -3.320391 230 57 70 R0 pano_camera4/frame_0303_hp_preview.jpg
2.100628 1.380397 -3.096501 230 57 70 R0 pano_camera4/frame_0304_hp_preview.jpg
2.164794 1.376887 -2.568133 230 57 70 R0 pano_camera4/frame_0305_hp_preview.jpg
2.102929 1.370169 -2.042352 230 57 70 R0 pano_camera4/frame_0306_hp_preview.jpg
2.004246 1.366345 -1.708941 230 57 70 R0 pano_camera4/frame_0307_hp_preview.jpg
1.958745 1.372765 -1.632116 230 57 70 R0 pano_camera4/frame_0308_hp_preview.jpg
1.574626 1.376868 -1.347597 230 57 70 R0 pano_camera4/frame_0309_hp_preview.jpg
1.106413 1.390864 -1.353969 230 57 70 R0 pano_camera4/frame_0310_hp_preview.jpg
0.875914 1.377985 -1.574909 230 57 70 R0 pano_camera4/frame_0311_hp_preview.jpg
0.707571 1.388520 -1.989995 230 57 70 R0 pano_camera4/frame_0312_hp_preview.jpg
0.639471 1.388615 -2.301460 230 57 70 R0 pano_camera4/frame_0313_hp_preview.jpg
0.606161 1.387047 -2.583265 230 57 70 R0 pano_camera4/frame_0314_hp_preview.jpg
0.506540 1.387155 -3.269938 230 57 70 R0 pano_camera4/frame_0315_hp_preview.jpg
0.494624 1.390811 -3.319863 230 57 70 R0 pano_camera4/frame_0316_hp_preview.jpg
0.379901 1.380112 -3.756505 230 57 70 R0 pano_camera4/frame_0317_hp_preview.jpg
0.102365 1.370302 -4.150293 230 57 70 R0 pano_camera4/frame_0318_hp_preview.jpg
-0.024514 1.371763 -4.160398 230 57 70 R0 pano_camera4/frame_0319_hp_preview.jpg
-0.368941 1.394518 -4.064001 230 57 70 R0 pano_camera4/frame_0320_hp_preview.jpg
-0.892665 1.401315 -3.584437 230 57 70 R0 pano_camera4/frame_0321_hp_preview.jpg
-0.920817 1.400829 -3.552065 230 57 70 R0 pano_camera4/frame_0322_hp_preview.jpg
-1.036377 1.390180 -3.085768 230 57 70 R0 pano_camera4/frame_0323_hp_preview.jpg
-0.978815 1.400985 -2.609913 230 57 70 R0 pano_camera4/frame_0324_hp_preview.jpg
-0.985164 1.393630 -2.561522 230 57 70 R0 pano_camera4/frame_0325_hp_preview.jpg
-1.202479 1.391194 -2.112029 230 57 70 R0 pano_camera4/frame_0326_hp_preview.jpg
-1.467634 1.389654 -2.062174 230 57 70 R0 pano_camera4/frame_0327_hp_preview.jpg
-1.602172 1.398959 -2.101927 230 57 70 R0 pano_camera4/frame_0328_hp_preview.jpg
-1.795436 1.403061 -2.239466 230 57 70 R0 pano_camera4/frame_0329_hp_preview.jpg
-2.149201 1.408814 -2.370765 230 57 70 R0 pano_camera4/frame_0330_hp_preview.jpg
-2.265616 1.407921 -2.281106 230 57 70 R0 pano_camera4/frame_0331_hp_preview.jpg
-2.114120 1.398668 -1.880990 230 57 70 R0 pano_camera4/frame_0332_hp_preview.jpg
-1.942659 1.390968 -1.752400 230 57 70 R0 pano_camera4/frame_0333_hp_preview.jpg
-1.675755 1.388152 -1.470067 230 57 70 R0 pano_camera4/frame_0334_hp_preview.jpg
-1.573693 1.391348 -1.291944 230 57 70 R0 pano_camera4/frame_0335_hp_preview.jpg
-1.450838 1.382927 -1.098859 230 57 70 R0 pano_camera4/frame_0336_hp_preview.jpg
-1.224088 1.375879 -0.639622 230 57 70 R0 pano_camera4/frame_0337_hp_preview.jpg
-1.113571 1.379650 -0.408734 230 57 70 R0 pano_camera4/frame_0338_hp_preview.jpg
-0.874831 1.375843 0.204728 230 57 70 R0 pano_camera4/frame_0339_hp_preview.jpg
-0.778658 1.402903 0.609126 230 57 70 R0 pano_camera4/frame_0340_hp_preview.jpg
-0.745942 1.397109 0.715823 230 57 70 R0 pano_camera4/frame_0341_hp_preview.jpg
-0.617718 1.399965 1.020250 230 57 70 R0 pano_camera4/frame_0342_hp_preview.jpg
-0.384284 1.406219 1.369622 230 57 70 R0 pano_camera4/frame_0343_hp_preview.jpg
-0.428493 1.415904 1.717263 230 57 70 R0 pano_camera4/frame_0344_hp_preview.jpg
-0.680502 1.417513 1.634309 230 57 70 R0 pano_camera4/frame_0345_hp_preview.jpg
-0.877562 1.412536 1.449796 230 57 70 R0 pano_camera4/frame_0346_hp_preview.jpg
-0.979155 1.410812 1.242445 230 57 70 R0 pano_camera4/frame_0347_hp_preview.jpg
-1.104116 1.410849 1.012238 230 57 70 R0 pano_camera4/frame_0348_hp_preview.jpg
-1.401171 1.398698 0.467394 230 57 70 R0 pano_camera4/frame_0349_hp_preview.jpg
-1.598237 1.385115 0.259073 230 57 70 R0 pano_camera4/frame_0350_hp_preview.jpg
-1.752730 1.380345 0.111128 230 57 70 R0 pano_camera4/frame_0351_hp_preview.jpg
-2.194099 1.383480 -0.092388 230 57 70 R0 pano_camera4/frame_0352_hp_preview.jpg
-2.415919 1.397625 -0.124298 230 57 70 R0 pano_camera4/frame_0353_hp_preview.jpg
-2.775871 1.403560 -0.297174 230 57 70 R0 pano_camera4/frame_0354_hp_preview.jpg
-2.891169 1.415137 -0.474736 230 57 70 R0 pano_camera4/frame_0355_hp_preview.jpg
-2.812770 1.420845 -0.893589 230 57 70 R0 pano_camera4/frame_0356_hp_preview.jpg
-2.740119 1.404717 -1.184523 230 57 70 R0 pano_camera4/frame_0357_hp_preview.jpg
-2.696522 1.385513 -1.267380 230 57 70 R0 pano_camera4/frame_0358_hp_preview.jpg
-2.665055 1.376203 -1.290429 230 57 70 R0 pano_camera4/frame_0359_hp_preview.jpg
-2.712572 1.391413 -1.296460 230 57 70 R0 pano_camera4/frame_0360_hp_preview.jpg
-2.712695 1.390346 -1.300659 230 57 70 R0 pano_camera4/frame_0361_hp_preview.jpg
-2.822595 1.397718 -1.567185 230 57 70 R0 pano_camera4/frame_0362_hp_preview.jpg
-2.955506 1.402672 -1.625109 230 57 70 R0 pano_camera4/frame_0363_hp_preview.jpg
-3.216248 1.432885 -1.642266 230 57 70 R0 pano_camera4/frame_0364_hp_preview.jpg
-3.297142 1.435568 -1.587813 230 57 70 R0 pano_camera4/frame_0365_hp_preview.jpg
-3.342276 1.429467 -1.189889 230 57 70 R0 pano_camera4/frame_0366_hp_preview.jpg
-3.319090 1.426436 -1.129837 230 57 70 R0 pano_camera4/frame_0367_hp_preview.jpg
-3.179183 1.414486 -0.826816 230 57 70 R0 pano_camera4/frame_0368_hp_preview.jpg
-2.879835 1.413350 -0.205683 230 57 70 R0 pano_camera4/frame_0369_hp_preview.jpg
-2.890717 1.385867 -0.002213 230 57 70 R0 pano_camera4/frame_0370_hp_preview.jpg
-3.029182 1.417935 0.138216 230 57 70 R0 pano_camera4/frame_0371_hp_preview.jpg
-3.356611 1.415167 0.078094 230 57 70 R0 pano_camera4/frame_0372_hp_preview.jpg
-3.609077 1.425621 -0.175000 230 57 70 R0 pano_camera4/frame_0373_hp_preview.jpg
-4.218655 1.424086 -0.537147 230 57 70 R0 pano_camera4/frame_0374_hp_preview.jpg
-4.410754 1.434114 -0.548671 230 57 70 R0 pano_camera4/frame_0375_hp_preview.jpg
-4.633356 1.446544 -0.474836 230 57 70 R0 pano_camera4/frame_0376_hp_preview.jpg
-4.808962 1.453266 -0.382143 230 57 70 R0 pano_camera4/frame_0377_hp_preview.jpg
-5.312193 1.485523 0.005482 230 57 70 R0 pano_camera4/frame_0378_hp_preview.jpg
-5.428651 1.476665 0.153679 230 57 70 R0 pano_camera4/frame_0379_hp_preview.jpg
-5.545724 1.475788 0.380476 230 57 70 R0 pano_camera4/frame_0380_hp_preview.jpg
-5.608237 1.356759 0.401878 230 57 70 R0 pano_camera4/frame_0381_hp_preview.jpg
-5.633979 1.227901 0.553971 230 57 70 R0 pano_camera4/frame_0382_hp_preview.jpg
-5.586502 1.433392 0.818556 230 57 70 R0 pano_camera4/frame_0383_hp_preview.jpg
-5.557085 1.446804 0.816595 230 57 70 R0 pano_camera4/frame_0384_hp_preview.jpg
-5.396402 1.458050 1.014148 230 57 70 R0 pano_camera4/frame_0385_hp_preview.jpg
-5.079436 1.467596 1.456095 230 57 70 R0 pano_camera4/frame_0386_hp_preview.jpg
-4.954145 1.466838 1.674848 230 57 70 R0 pano_camera4/frame_0387_hp_preview.jpg
-4.501255 1.468216 2.317904 230 57 70 R0 pano_camera4/frame_0388_hp_preview.jpg
-4.179083 1.459700 2.705932 230 57 70 R0 pano_camera4/frame_0389_hp_preview.jpg
-4.033309 1.448815 2.849185 230 57 70 R0 pano_camera4/frame_0390_hp_preview.jpg
-3.618909 1.452219 3.040063 230 57 70 R0 pano_camera4/frame_0391_hp_preview.jpg
-3.534485 1.448202 2.995556 230 57 70 R0 pano_camera4/frame_0392_hp_preview.jpg
-3.574968 1.447471 2.806527 230 57 70 R0 pano_camera4/frame_0393_hp_preview.jpg
-3.746641 1.439313 2.663789 230 57 70 R0 pano_camera4/frame_0394_hp_preview.jpg
-4.041953 1.434125 2.434596 230 57 70 R0 pano_camera4/frame_0395_hp_preview.jpg
-4.252518 1.434837 2.109231 230 57 70 R0 pano_camera4/frame_0396_hp_preview.jpg
-4.054850 1.451070 1.685188 230 57 70 R0 pano_camera4/frame_0397_hp_preview.jpg
-3.918345 1.447156 1.582849 230 57 70 R0 pano_camera4/frame_0398_hp_preview.jpg
-3.440021 1.449132 1.563529 230 57 70 R0 pano_camera4/frame_0399_hp_preview.jpg
-3.063325 1.433285 1.917680 230 57 70 R0 pano_camera4/frame_0400_hp_preview.jpg
-2.787799 1.430474 2.217200 230 57 70 R0 pano_camera4/frame_0401_hp_preview.jpg
-2.767377 1.429518 2.235538 230 57 70 R0 pano_camera4/frame_0402_hp_preview.jpg
-2.511411 1.424698 2.523220 230 57 70 R0 pano_camera4/frame_0403_hp_preview.jpg
-1.990631 1.420873 2.516328 230 57 70 R0 pano_camera4/frame_0404_hp_preview.jpg
-1.962021 1.426670 2.486437 230 57 70 R0 pano_camera4/frame_0405_hp_preview.jpg
-1.808232 1.433451 2.028671 230 57 70 R0 pano_camera4/frame_0406_hp_preview.jpg
-2.072357 1.419717 1.668748 230 57 70 R0 pano_camera4/frame_0407_hp_preview.jpg
-2.217530 1.423468 1.485158 230 57 70 R0 pano_camera4/frame_0408_hp_preview.jpg
-2.329382 1.416908 1.353668 230 57 70 R0 pano_camera4/frame_0409_hp_preview.jpg
-2.439830 1.431051 1.008409 230 57 70 R0 pano_camera4/frame_0410_hp_preview.jpg
-2.117638 1.417967 0.471442 230 57 70 R0 pano_camera4/frame_0411_hp_preview.jpg
-2.056038 1.409374 0.413923 230 57 70 R0 pano_camera4/frame_0412_hp_preview.jpg
-1.924089 1.411206 0.231336 230 57 70 R0 pano_camera4/frame_0413_hp_preview.jpg
-1.945139 1.413568 0.226022 230 57 70 R0 pano_camera4/frame_0414_hp_preview.jpg
-1.946592 1.413916 0.227482 230 57 70 R0 pano_camera4/frame_0415_hp_preview.jpg
-1.943130 1.409326 0.226066 230 57 70 R0 pano_camera4/frame_0416_hp_preview.jpg
4.848439 -0.003381 2.343379 230 57 70 R0 pano_camera5/frame_0140_hp_preview.jpg
4.976167 0.003660 2.470844 230 57 70 R0 pano_camera5/frame_0141_hp_preview.jpg
5.194528 0.002370 2.711440 230 57 70 R0 pano_camera5/frame_0142_hp_preview.jpg
5.351460 0.002104 2.809959 230 57 70 R0 pano_camera5/frame_0143_hp_preview.jpg
5.527091 0.018060 2.758039 230 57 70 R0 pano_camera5/frame_0144_hp_preview.jpg
5.585387 0.021521 2.581340 230 57 70 R0 pano_camera5/frame_0145_hp_preview.jpg
4.723736 0.008487 2.770301 230 57 70 R0 pano_camera5/frame_0157_hp_preview.jpg
4.586036 0.011479 2.856279 230 57 70 R0 pano_camera5/frame_0158_hp_preview.jpg
4.536942 0.017140 2.953983 230 57 70 R0 pano_camera5/frame_0159_hp_preview.jpg
4.288414 0.011682 3.562760 230 57 70 R0 pano_camera5/frame_0160_hp_preview.jpg
4.081048 0.011118 3.824821 230 57 70 R0 pano_camera5/frame_0161_hp_preview.jpg
3.779874 0.025722 4.113932 230 57 70 R0 pano_camera5/frame_0162_hp_preview.jpg
3.572530 0.032436 4.273726 230 57 70 R0 pano_camera5/frame_0163_hp_preview.jpg
3.347423 0.042844 4.415986 230 57 70 R0 pano_camera5/frame_0164_hp_preview.jpg
2.950034 0.045380 4.403106 230 57 70 R0 pano_camera5/frame_0165_hp_preview.jpg
2.788917 0.043070 4.270106 230 57 70 R0 pano_camera5/frame_0166_hp_preview.jpg
2.542073 0.043777 3.910346 230 57 70 R0 pano_camera5/frame_0167_hp_preview.jpg
2.594183 0.034902 3.523704 230 57 70 R0 pano_camera5/frame_0168_hp_preview.jpg
2.684120 0.044414 3.407493 230 57 70 R0 pano_camera5/frame_0169_hp_preview.jpg
3.219633 0.022935 2.875419 230 57 70 R0 pano_camera5/frame_0170_hp_preview.jpg
3.292212 0.035859 2.805806 230 57 70 R0 pano_camera5/frame_0171_hp_preview.jpg
3.631727 0.016229 2.480261 230 57 70 R0 pano_camera5/frame_0172_hp_preview.jpg
3.708930 0.020705 2.099979 230 57 70 R0 pano_camera5/frame_0173_hp_preview.jpg
3.504579 0.024744 1.764223 230 57 70 R0 pano_camera5/frame_0174_hp_preview.jpg
3.495474 0.027687 1.758712 230 57 70 R0 pano_camera5/frame_0175_hp_preview.jpg
3.064205 0.022515 1.664521 230 57 70 R0 pano_camera5/frame_0176_hp_preview.jpg
2.820092 0.033612 1.713055 230 57 70 R0 pano_camera5/frame_0177_hp_preview.jpg
2.358232 0.034709 1.730864 230 57 70 R0 pano_camera5/frame_0178_hp_preview.jpg
2.036831 0.036643 1.482533 230 57 70 R0 pano_camera5/frame_0179_hp_preview.jpg
1.994682 0.033804 1.288916 230 57 70 R0 pano_camera5/frame_0180_hp_preview.jpg
2.126682 0.015815 1.051249 230 57 70 R0 pano_camera5/frame_0181_hp_preview.jpg
2.321861 0.010652 0.889881 230 57 70 R0 pano_camera5/frame_0182_hp_preview.jpg
2.546512 0.016454 0.570642 230 57 70 R0 pano_camera5/frame_0183_hp_preview.jpg
2.394964 0.004696 0.422107 230 57 70 R0 pano_camera5/frame_0184_hp_preview.jpg
2.241276 0.007220 0.470949 230 57 70 R0 pano_camera5/frame_0185_hp_preview.jpg
2.048247 0.005049 0.614938 230 57 70 R0 pano_camera5/frame_0186_hp_preview.jpg
1.849536 0.008437 0.750512 230 57 70 R0 pano_camera5/frame_0187_hp_preview.jpg
1.549903 0.014024 0.855160 230 57 70 R0 pano_camera5/frame_0188_hp_preview.jpg
1.246645 0.016152 0.767161 230 57 70 R0 pano_camera5/frame_0189_hp_preview.jpg
1.215804 0.021790 0.748034 230 57 70 R0 pano_camera5/frame_0190_hp_preview.jpg
1.048764 0.022861 0.533401 230 57 70 R0 pano_camera5/frame_0191_hp_preview.jpg
1.046834 0.022734 0.173450 230 57 70 R0 pano_camera5/frame_0192_hp_preview.jpg
1.178354 0.012269 -0.077604 230 57 70 R0 pano_camera5/frame_0193_hp_preview.jpg
1.398604 -0.001764 -0.360488 230 57 70 R0 pano_camera5/frame_0194_hp_preview.jpg
1.537063 0.000393 -0.573395 230 57 70 R0 pano_camera5/frame_0195_hp_preview.jpg
1.509041 -0.013373 -0.777640 230 57 70 R0 pano_camera5/frame_0196_hp_preview.jpg
1.309628 -0.013024 -1.149694 230 57 70 R0 pano_camera5/frame_0197_hp_preview.jpg
0.932263 0.002036 -1.630406 230 57 70 R0 pano_camera5/frame_0198_hp_preview.jpg
0.821882 0.007316 -1.771123 230 57 70 R0 pano_camera5/frame_0199_hp_preview.jpg
0.198995 0.039974 -2.338999 230 57 70 R0 pano_camera5/frame_0200_hp_preview.jpg
0.207174 0.084288 -2.433502 230 57 70 R0 pano_camera5/frame_0201_hp_preview.jpg
0.172025 0.017414 -1.196615 230 57 70 R0 pano_camera5/frame_0226_hp_preview.jpg
-0.433907 0.033344 0.075918 230 57 70 R0 pano_camera5/frame_0240_hp_preview.jpg
-0.419291 0.026166 0.141740 230 57 70 R0 pano_camera5/frame_0241_hp_preview.jpg
-0.522602 0.023389 0.419109 230 57 70 R0 pano_camera5/frame_0242_hp_preview.jpg
-0.404621 0.020896 0.581426 230 57 70 R0 pano_camera5/frame_0243_hp_preview.jpg
-0.191244 0.016486 0.566294 230 57 70 R0 pano_camera5/frame_0244_hp_preview.jpg
-0.087850 0.012223 0.584085 230 57 70 R0 pano_camera5/frame_0245_hp_preview.jpg
0.183804 -0.014920 0.646892 230 57 70 R0 pano_camera5/frame_0246_hp_preview.jpg
0.311132 -0.009474 0.572475 230 57 70 R0 pano_camera5/frame_0247_hp_preview.jpg
0.626849 -0.011359 0.644955 230 57 70 R0 pano_camera5/frame_0248_hp_preview.jpg
0.662454 -0.013536 0.664876 230 57 70 R0 pano_camera5/frame_0249_hp_preview.jpg
1.289406 -0.010447 1.131659 230 57 70 R0 pano_camera5/frame_0250_hp_preview.jpg
1.299805 -0.011896 1.141188 230 57 70 R0 pano_camera5/frame_0251_hp_preview.jpg
1.603287 0.000503 1.562848 230 57 70 R0 pano_camera5/frame_0252_hp_preview.jpg
1.751893 0.022157 2.101843 230 57 70 R0 pano_camera5/frame_0253_hp_preview.jpg
1.480006 0.037867 2.427083 230 57 70 R0 pano_camera5/frame_0254_hp_preview.jpg
1.437382 0.034941 2.432582 230 57 70 R0 pano_camera5/frame_0255_hp_preview.jpg
1.005589 0.072369 2.076502 230 57 70 R0 pano_camera5/frame_0256_hp_preview.jpg
0.875329 0.197640 1.901790 230 57 70 R0 pano_camera5/frame_0257_hp_preview.jpg
0.825832 0.278590 1.834591 230 57 70 R0 pano_camera5/frame_0258_hp_preview.jpg
0.747423 0.351345 1.710778 230 57 70 R0 pano_camera5/frame_0259_hp_preview.jpg
0.566080 0.598200 1.436467 230 57 70 R0 pano_camera5/frame_0260_hp_preview.jpg
0.563429 0.600871 1.430177 230 57 70 R0 pano_camera5/frame_0261_hp_preview.jpg
0.350396 0.856865 1.165812 230 57 70 R0 pano_camera5/frame_0262_hp_preview.jpg
0.339877 0.866165 1.159099 230 57 70 R0 pano_camera5/frame_0263_hp_preview.jpg
0.234127 1.008462 1.020539 230 57 70 R0 pano_camera5/frame_0264_hp_preview.jpg
0.071437 1.184064 0.813040 230 57 70 R0 pano_camera5/frame_0265_hp_preview.jpg
0.025056 1.316290 0.585747 230 57 70 R0 pano_camera5/frame_0266_hp_preview.jpg
0.038001 1.390062 0.376037 230 57 70 R0 pano_camera5/frame_0267_hp_preview.jpg
0.239597 1.381609 0.143790 230 57 70 R0 pano_camera5/frame_0268_hp_preview.jpg
0.612700 1.384606 -0.221181 230 57 70 R0 pano_camera5/frame_0269_hp_preview.jpg
0.798854 1.400842 -0.376291 230 57 70 R0 pano_camera5/frame_0270_hp_preview.jpg
1.166526 1.391572 -0.637884 230 57 70 R0 pano_camera5/frame_0271_hp_preview.jpg
1.506991 1.392131 -0.887511 230 57 70 R0 pano_camera5/frame_0272_hp_preview.jpg
1.690093 1.400613 -1.034229 230 57 70 R0 pano_camera5/frame_0273_hp_preview.jpg
2.278302 1.390619 -1.481655 230 57 70 R0 pano_camera5/frame_0274_hp_preview.jpg
2.336505 1.393861 -1.538090 230 57 70 R0 pano_camera5/frame_0275_hp_preview.jpg
2.808206 1.393012 -1.910965 230 57 70 R0 pano_camera5/frame_0276_hp_preview.jpg
2.946690 1.397139 -2.038230 230 57 70 R0 pano_camera5/frame_0277_hp_preview.jpg
3.364985 1.410295 -2.445275 230 57 70 R0 pano_camera5/frame_0278_hp_preview.jpg
3.602349 1.405552 -2.615359 230 57 70 R0 pano_camera5/frame_0279_hp_preview.jpg
4.186621 1.405391 -3.116706 230 57 70 R0 pano_camera5/frame_0280_hp_preview.jpg
4.299218 1.402273 -3.198739 230 57 70 R0 pano_camera5/frame_0281_hp_preview.jpg
4.450741 1.396179 -3.352036 230 57 70 R0 pano_camera5/frame_0282_hp_preview.jpg
4.528524 1.392550 -3.586719 230 57 70 R0 pano_camera5/frame_0283_hp_preview.jpg
4.349495 1.382494 -3.973800 230 57 70 R0 pano_camera5/frame_0284_hp_preview.jpg
4.312302 1.380122 -4.000254 230 57 70 R0 pano_camera5/frame_0285_hp_preview.jpg
4.057054 1.379455 -4.205541 230 57 70 R0 pano_camera5/frame_0286_hp_preview.jpg
3.856718 1.395014 -4.213276 230 57 70 R0 pano_camera5/frame_0287_hp_preview.jpg
3.595536 1.405512 -4.228136 230 57 70 R0 pano_camera5/frame_0288_hp_preview.jpg
3.440598 1.411468 -4.303971 230 57 70 R0 pano_camera5/frame_0289_hp_preview.jpg
3.334265 1.408991 -4.557872 230 57 70 R0 pano_camera5/frame_0290_hp_preview.jpg
3.237582 1.396976 -5.105779 230 57 70 R0 pano_camera5/frame_0291_hp_preview.jpg
3.172419 1.396025 -5.318331 230 57 70 R0 pano_camera5/frame_0292_hp_preview.jpg
3.129664 1.390229 -5.495542 230 57 70 R0 pano_camera5/frame_0293_hp_preview.jpg
2.669249 1.375742 -5.940585 230 57 70 R0 pano_camera5/frame_0294_hp_preview.jpg
2.619110 1.377141 -5.952637 230 57 70 R0 pano_camera5/frame_0295_hp_preview.jpg
2.077442 1.374624 -5.759705 230 57 70 R0 pano_camera5/frame_0296_hp_preview.jpg
1.977869 1.382009 -5.413812 230 57 70 R0 pano_camera5/frame_0297_hp_preview.jpg
1.950576 1.371932 -5.103686 230 57 70 R0 pano_camera5/frame_0298_hp_preview.jpg
1.938800 1.378945 -4.861574 230 57 70 R0 pano_camera5/frame_0299_hp_preview.jpg
1.908069 1.386303 -4.399366 230 57 70 R0 pano_camera5/frame_0300_hp_preview.jpg
1.905657 1.372866 -4.079379 230 57 70 R0 pano_camera5/frame_0301_hp_preview.jpg
1.936280 1.369966 -3.758265 230 57 70 R0 pano_camera5/frame_0302_hp_preview.jpg
2.050869 1.384329 -3.320391 230 57 70 R0 pano_camera5/frame_0303_hp_preview.jpg
2.100628 1.380397 -3.096501 230 57 70 R0 pano_camera5/frame_0304_hp_preview.jpg
2.164794 1.376887 -2.568133 230 57 70 R0 pano_camera5/frame_0305_hp_preview.jpg
2.102929 1.370169 -2.042352 230 57 70 R0 pano_camera5/frame_0306_hp_preview.jpg
2.004246 1.366345 -1.708941 230 57 70 R0 pano_camera5/frame_0307_hp_preview.jpg
1.958745 1.372765 -1.632116 230 57 70 R0 pano_camera5/frame_0308_hp_preview.jpg
1.574626 1.376868 -1.347597 230 57 70 R0 pano_camera5/frame_0309_hp_preview.jpg
1.106413 1.390864 -1.353969 230 57 70 R0 pano_camera5/frame_0310_hp_preview.jpg
0.875914 1.377985 -1.574909 230 57 70 R0 pano_camera5/frame_0311_hp_preview.jpg
0.707571 1.388520 -1.989995 230 57 70 R0 pano_camera5/frame_0312_hp_preview.jpg
0.639471 1.388615 -2.301460 230 57 70 R0 pano_camera5/frame_0313_hp_preview.jpg
0.606161 1.387047 -2.583265 230 57 70 R0 pano_camera5/frame_0314_hp_preview.jpg
0.506540 1.387155 -3.269938 230 57 70 R0 pano_camera5/frame_0315_hp_preview.jpg
0.494624 1.390811 -3.319863 230 57 70 R0 pano_camera5/frame_0316_hp_preview.jpg
0.379901 1.380112 -3.756505 230 57 70 R0 pano_camera5/frame_0317_hp_preview.jpg
0.102365 1.370302 -4.150293 230 57 70 R0 pano_camera5/frame_0318_hp_preview.jpg
-0.024514 1.371763 -4.160398 230 57 70 R0 pano_camera5/frame_0319_hp_preview.jpg
-0.368941 1.394518 -4.064001 230 57 70 R0 pano_camera5/frame_0320_hp_preview.jpg
-0.892665 1.401315 -3.584437 230 57 70 R0 pano_camera5/frame_0321_hp_preview.jpg
-0.920817 1.400829 -3.552065 230 57 70 R0 pano_camera5/frame_0322_hp_preview.jpg
-1.036377 1.390180 -3.085768 230 57 70 R0 pano_camera5/frame_0323_hp_preview.jpg
-0.978815 1.400985 -2.609913 230 57 70 R0 pano_camera5/frame_0324_hp_preview.jpg
-0.985164 1.393630 -2.561522 230 57 70 R0 pano_camera5/frame_0325_hp_preview.jpg
-1.202479 1.391194 -2.112029 230 57 70 R0 pano_camera5/frame_0326_hp_preview.jpg
-1.467634 1.389654 -2.062174 230 57 70 R0 pano_camera5/frame_0327_hp_preview.jpg
-1.602172 1.398959 -2.101927 230 57 70 R0 pano_camera5/frame_0328_hp_preview.jpg
-1.795436 1.403061 -2.239466 230 57 70 R0 pano_camera5/frame_0329_hp_preview.jpg
-2.149201 1.408814 -2.370765 230 57 70 R0 pano_camera5/frame_0330_hp_preview.jpg
-2.265616 1.407921 -2.281106 230 57 70 R0 pano_camera5/frame_0331_hp_preview.jpg
-2.114120 1.398668 -1.880990 230 57 70 R0 pano_camera5/frame_0332_hp_preview.jpg
-1.942659 1.390968 -1.752400 230 57 70 R0 pano_camera5/frame_0333_hp_preview.jpg
-1.675755 1.388152 -1.470067 230 57 70 R0 pano_camera5/frame_0334_hp_preview.jpg
-1.573693 1.391348 -1.291944 230 57 70 R0 pano_camera5/frame_0335_hp_preview.jpg
-1.450838 1.382927 -1.098859 230 57 70 R0 pano_camera5/frame_0336_hp_preview.jpg
-1.224088 1.375879 -0.639622 230 57 70 R0 pano_camera5/frame_0337_hp_preview.jpg
-1.113571 1.379650 -0.408734 230 57 70 R0 pano_camera5/frame_0338_hp_preview.jpg
-0.874831 1.375843 0.204728 230 57 70 R0 pano_camera5/frame_0339_hp_preview.jpg
-0.778658 1.402903 0.609126 230 57 70 R0 pano_camera5/frame_0340_hp_preview.jpg
-0.745942 1.397109 0.715823 230 57 70 R0 pano_camera5/frame_0341_hp_preview.jpg
-0.617718 1.399965 1.020250 230 57 70 R0 pano_camera5/frame_0342_hp_preview.jpg
-0.384284 1.406219 1.369622 230 57 70 R0 pano_camera5/frame_0343_hp_preview.jpg
-0.428493 1.415904 1.717263 230 57 70 R0 pano_camera5/frame_0344_hp_preview.jpg
-0.680502 1.417513 1.634309 230 57 70 R0 pano_camera5/frame_0345_hp_preview.jpg
-0.877562 1.412536 1.449796 230 57 70 R0 pano_camera5/frame_0346_hp_preview.jpg
-0.979155 1.410812 1.242445 230 57 70 R0 pano_camera5/frame_0347_hp_preview.jpg
-1.104116 1.410849 1.012238 230 57 70 R0 pano_camera5/frame_0348_hp_preview.jpg
-1.401171 1.398698 0.467394 230 57 70 R0 pano_camera5/frame_0349_hp_preview.jpg
-1.598237 1.385115 0.259073 230 57 70 R0 pano_camera5/frame_0350_hp_preview.jpg
-1.752730 1.380345 0.111128 230 57 70 R0 pano_camera5/frame_0351_hp_preview.jpg
-2.194099 1.383480 -0.092388 230 57 70 R0 pano_camera5/frame_0352_hp_preview.jpg
-2.415919 1.397625 -0.124298 230 57 70 R0 pano_camera5/frame_0353_hp_preview.jpg
-2.775871 1.403560 -0.297174 230 57 70 R0 pano_camera5/frame_0354_hp_preview.jpg
-2.891169 1.415137 -0.474736 230 57 70 R0 pano_camera5/frame_0355_hp_preview.jpg
-2.812770 1.420845 -0.893589 230 57 70 R0 pano_camera5/frame_0356_hp_preview.jpg
-2.740119 1.404717 -1.184523 230 57 70 R0 pano_camera5/frame_0357_hp_preview.jpg
-2.696522 1.385513 -1.267380 230 57 70 R0 pano_camera5/frame_0358_hp_preview.jpg
-2.665055 1.376203 -1.290429 230 57 70 R0 pano_camera5/frame_0359_hp_preview.jpg
-2.712572 1.391413 -1.296460 230 57 70 R0 pano_camera5/frame_0360_hp_preview.jpg
-2.712695 1.390346 -1.300659 230 57 70 R0 pano_camera5/frame_0361_hp_preview.jpg
-2.822595 1.397718 -1.567185 230 57 70 R0 pano_camera5/frame_0362_hp_preview.jpg
-2.955506 1.402672 -1.625109 230 57 70 R0 pano_camera5/frame_0363_hp_preview.jpg
-3.216248 1.432885 -1.642266 230 57 70 R0 pano_camera5/frame_0364_hp_preview.jpg
-3.297142 1.435568 -1.587813 230 57 70 R0 pano_camera5/frame_0365_hp_preview.jpg
-3.342276 1.429467 -1.189889 230 57 70 R0 pano_camera5/frame_0366_hp_preview.jpg
-3.319090 1.426436 -1.129837 230 57 70 R0 pano_camera5/frame_0367_hp_preview.jpg
-3.179183 1.414486 -0.826816 230 57 70 R0 pano_camera5/frame_0368_hp_preview.jpg
-2.879835 1.413350 -0.205683 230 57 70 R0 pano_camera5/frame_0369_hp_preview.jpg
-2.890717 1.385867 -0.002213 230 57 70 R0 pano_camera5/frame_0370_hp_preview.jpg
-3.029182 1.417935 0.138216 230 57 70 R0 pano_camera5/frame_0371_hp_preview.jpg
-3.356611 1.415167 0.078094 230 57 70 R0 pano_camera5/frame_0372_hp_preview.jpg
-3.609077 1.425621 -0.175000 230 57 70 R0 pano_camera5/frame_0373_hp_preview.jpg
-4.218655 1.424086 -0.537147 230 57 70 R0 pano_camera5/frame_0374_hp_preview.jpg
-4.410754 1.434114 -0.548671 230 57 70 R0 pano_camera5/frame_0375_hp_preview.jpg
-4.633356 1.446544 -0.474836 230 57 70 R0 pano_camera5/frame_0376_hp_preview.jpg
-4.808962 1.453266 -0.382143 230 57 70 R0 pano_camera5/frame_0377_hp_preview.jpg
-5.312193 1.485523 0.005482 230 57 70 R0 pano_camera5/frame_0378_hp_preview.jpg
-5.428651 1.476665 0.153679 230 57 70 R0 pano_camera5/frame_0379_hp_preview.jpg
-5.545724 1.475788 0.380476 230 57 70 R0 pano_camera5/frame_0380_hp_preview.jpg
-5.608237 1.356759 0.401878 230 57 70 R0 pano_camera5/frame_0381_hp_preview.jpg
-5.633979 1.227901 0.553971 230 57 70 R0 pano_camera5/frame_0382_hp_preview.jpg
-5.586502 1.433392 0.818556 230 57 70 R0 pano_camera5/frame_0383_hp_preview.jpg
-5.557085 1.446804 0.816595 230 57 70 R0 pano_camera5/frame_0384_hp_preview.jpg
-5.396402 1.458050 1.014148 230 57 70 R0 pano_camera5/frame_0385_hp_preview.jpg
-5.079436 1.467596 1.456095 230 57 70 R0 pano_camera5/frame_0386_hp_preview.jpg
-4.954145 1.466838 1.674848 230 57 70 R0 pano_camera5/frame_0387_hp_preview.jpg
-4.501255 1.468216 2.317904 230 57 70 R0 pano_camera5/frame_0388_hp_preview.jpg
-4.179083 1.459700 2.705932 230 57 70 R0 pano_camera5/frame_0389_hp_preview.jpg
-4.033309 1.448815 2.849185 230 57 70 R0 pano_camera5/frame_0390_hp_preview.jpg
-3.618909 1.452219 3.040063 230 57 70 R0 pano_camera5/frame_0391_hp_preview.jpg
-3.534485 1.448202 2.995556 230 57 70 R0 pano_camera5/frame_0392_hp_preview.jpg
-3.574968 1.447471 2.806527 230 57 70 R0 pano_camera5/frame_0393_hp_preview.jpg
-3.746641 1.439313 2.663789 230 57 70 R0 pano_camera5/frame_0394_hp_preview.jpg
-4.041953 1.434125 2.434596 230 57 70 R0 pano_camera5/frame_0395_hp_preview.jpg
-4.252518 1.434837 2.109231 230 57 70 R0 pano_camera5/frame_0396_hp_preview.jpg
-4.054850 1.451070 1.685188 230 57 70 R0 pano_camera5/frame_0397_hp_preview.jpg
-3.918345 1.447156 1.582849 230 57 70 R0 pano_camera5/frame_0398_hp_preview.jpg
-3.440021 1.449132 1.563529 230 57 70 R0 pano_camera5/frame_0399_hp_preview.jpg
-3.063325 1.433285 1.917680 230 57 70 R0 pano_camera5/frame_0400_hp_preview.jpg
-2.787799 1.430474 2.217200 230 57 70 R0 pano_camera5/frame_0401_hp_preview.jpg
-2.767377 1.429518 2.235538 230 57 70 R0 pano_camera5/frame_0402_hp_preview.jpg
-2.511411 1.424698 2.523220 230 57 70 R0 pano_camera5/frame_0403_hp_preview.jpg
-1.990631 1.420873 2.516328 230 57 70 R0 pano_camera5/frame_0404_hp_preview.jpg
-1.962021 1.426670 2.486437 230 57 70 R0 pano_camera5/frame_0405_hp_preview.jpg
-1.808232 1.433451 2.028671 230 57 70 R0 pano_camera5/frame_0406_hp_preview.jpg
-2.072357 1.419717 1.668748 230 57 70 R0 pano_camera5/frame_0407_hp_preview.jpg
-2.217530 1.423468 1.485158 230 57 70 R0 pano_camera5/frame_0408_hp_preview.jpg
-2.329382 1.416908 1.353668 230 57 70 R0 pano_camera5/frame_0409_hp_preview.jpg
-2.439830 1.431051 1.008409 230 57 70 R0 pano_camera5/frame_0410_hp_preview.jpg
-2.117638 1.417967 0.471442 230 57 70 R0 pano_camera5/frame_0411_hp_preview.jpg
-2.056038 1.409374 0.413923 230 57 70 R0 pano_camera5/frame_0412_hp_preview.jpg
-1.924089 1.411206 0.231336 230 57 70 R0 pano_camera5/frame_0413_hp_preview.jpg
-1.945139 1.413568 0.226022 230 57 70 R0 pano_camera5/frame_0414_hp_preview.jpg
-1.946592 1.413916 0.227482 230 57 70 R0 pano_camera5/frame_0415_hp_preview.jpg
-1.943130 1.409326 0.226066 230 57 70 R0 pano_camera5/frame_0416_hp_preview.jpg
4.848439 -0.003381 2.343379 230 57 70 R0 pano_camera6/frame_0140_hp_preview.jpg
4.976167 0.003660 2.470844 230 57 70 R0 pano_camera6/frame_0141_hp_preview.jpg
5.194528 0.002370 2.711440 230 57 70 R0 pano_camera6/frame_0142_hp_preview.jpg
5.351460 0.002104 2.809959 230 57 70 R0 pano_camera6/frame_0143_hp_preview.jpg
5.527091 0.018060 2.758039 230 57 70 R0 pano_camera6/frame_0144_hp_preview.jpg
5.585387 0.021521 2.581340 230 57 70 R0 pano_camera6/frame_0145_hp_preview.jpg
4.723736 0.008487 2.770301 230 57 70 R0 pano_camera6/frame_0157_hp_preview.jpg
4.586036 0.011479 2.856279 230 57 70 R0 pano_camera6/frame_0158_hp_preview.jpg
4.536942 0.017140 2.953983 230 57 70 R0 pano_camera6/frame_0159_hp_preview.jpg
4.288414 0.011682 3.562760 230 57 70 R0 pano_camera6/frame_0160_hp_preview.jpg
4.081048 0.011118 3.824821 230 57 70 R0 pano_camera6/frame_0161_hp_preview.jpg
3.779874 0.025722 4.113932 230 57 70 R0 pano_camera6/frame_0162_hp_preview.jpg
3.572530 0.032436 4.273726 230 57 70 R0 pano_camera6/frame_0163_hp_preview.jpg
3.347423 0.042844 4.415986 230 57 70 R0 pano_camera6/frame_0164_hp_preview.jpg
2.950034 0.045380 4.403106 230 57 70 R0 pano_camera6/frame_0165_hp_preview.jpg
2.788917 0.043070 4.270106 230 57 70 R0 pano_camera6/frame_0166_hp_preview.jpg
2.542073 0.043777 3.910346 230 57 70 R0 pano_camera6/frame_0167_hp_preview.jpg
2.594183 0.034902 3.523704 230 57 70 R0 pano_camera6/frame_0168_hp_preview.jpg
2.684120 0.044414 3.407493 230 57 70 R0 pano_camera6/frame_0169_hp_preview.jpg
3.219633 0.022935 2.875419 230 57 70 R0 pano_camera6/frame_0170_hp_preview.jpg
3.292212 0.035859 2.805806 230 57 70 R0 pano_camera6/frame_0171_hp_preview.jpg
3.631727 0.016229 2.480261 230 57 70 R0 pano_camera6/frame_0172_hp_preview.jpg
3.708930 0.020705 2.099979 230 57 70 R0 pano_camera6/frame_0173_hp_preview.jpg
3.504579 0.024744 1.764223 230 57 70 R0 pano_camera6/frame_0174_hp_preview.jpg
3.495474 0.027687 1.758712 230 57 70 R0 pano_camera6/frame_0175_hp_preview.jpg
3.064205 0.022515 1.664521 230 57 70 R0 pano_camera6/frame_0176_hp_preview.jpg
2.820092 0.033612 1.713055 230 57 70 R0 pano_camera6/frame_0177_hp_preview.jpg
2.358232 0.034709 1.730864 230 57 70 R0 pano_camera6/frame_0178_hp_preview.jpg
2.036831 0.036643 1.482533 230 57 70 R0 pano_camera6/frame_0179_hp_preview.jpg
1.994682 0.033804 1.288916 230 57 70 R0 pano_camera6/frame_0180_hp_preview.jpg
2.126682 0.015815 1.051249 230 57 70 R0 pano_camera6/frame_0181_hp_preview.jpg
2.321861 0.010652 0.889881 230 57 70 R0 pano_camera6/frame_0182_hp_preview.jpg
2.546512 0.016454 0.570642 230 57 70 R0 pano_camera6/frame_0183_hp_preview.jpg
2.394964 0.004696 0.422107 230 57 70 R0 pano_camera6/frame_0184_hp_preview.jpg
2.241276 0.007220 0.470949 230 57 70 R0 pano_camera6/frame_0185_hp_preview.jpg
2.048247 0.005049 0.614938 230 57 70 R0 pano_camera6/frame_0186_hp_preview.jpg
1.849536 0.008437 0.750512 230 57 70 R0 pano_camera6/frame_0187_hp_preview.jpg
1.549903 0.014024 0.855160 230 57 70 R0 pano_camera6/frame_0188_hp_preview.jpg
1.246645 0.016152 0.767161 230 57 70 R0 pano_camera6/frame_0189_hp_preview.jpg
1.215804 0.021790 0.748034 230 57 70 R0 pano_camera6/frame_0190_hp_preview.jpg
1.048764 0.022861 0.533401 230 57 70 R0 pano_camera6/frame_0191_hp_preview.jpg
1.046834 0.022734 0.173450 230 57 70 R0 pano_camera6/frame_0192_hp_preview.jpg
1.178354 0.012269 -0.077604 230 57 70 R0 pano_camera6/frame_0193_hp_preview.jpg
1.398604 -0.001764 -0.360488 230 57 70 R0 pano_camera6/frame_0194_hp_preview.jpg
1.537063 0.000393 -0.573395 230 57 70 R0 pano_camera6/frame_0195_hp_preview.jpg
1.509041 -0.013373 -0.777640 230 57 70 R0 pano_camera6/frame_0196_hp_preview.jpg
1.309628 -0.013024 -1.149694 230 57 70 R0 pano_camera6/frame_0197_hp_preview.jpg
0.932263 0.002036 -1.630406 230 57 70 R0 pano_camera6/frame_0198_hp_preview.jpg
0.821882 0.007316 -1.771123 230 57 70 R0 pano_camera6/frame_0199_hp_preview.jpg
0.198995 0.039974 -2.338999 230 57 70 R0 pano_camera6/frame_0200_hp_preview.jpg
0.207174 0.084288 -2.433502 230 57 70 R0 pano_camera6/frame_0201_hp_preview.jpg
0.172025 0.017414 -1.196615 230 57 70 R0 pano_camera6/frame_0226_hp_preview.jpg
-0.433907 0.033344 0.075918 230 57 70 R0 pano_camera6/frame_0240_hp_preview.jpg
-0.419291 0.026166 0.141740 230 57 70 R0 pano_camera6/frame_0241_hp_preview.jpg
-0.522602 0.023389 0.419109 230 57 70 R0 pano_camera6/frame_0242_hp_preview.jpg
-0.404621 0.020896 0.581426 230 57 70 R0 pano_camera6/frame_0243_hp_preview.jpg
-0.191244 0.016486 0.566294 230 57 70 R0 pano_camera6/frame_0244_hp_preview.jpg
-0.087850 0.012223 0.584085 230 57 70 R0 pano_camera6/frame_0245_hp_preview.jpg
0.183804 -0.014920 0.646892 230 57 70 R0 pano_camera6/frame_0246_hp_preview.jpg
0.311132 -0.009474 0.572475 230 57 70 R0 pano_camera6/frame_0247_hp_preview.jpg
0.626849 -0.011359 0.644955 230 57 70 R0 pano_camera6/frame_0248_hp_preview.jpg
0.662454 -0.013536 0.664876 230 57 70 R0 pano_camera6/frame_0249_hp_preview.jpg
1.289406 -0.010447 1.131659 230 57 70 R0 pano_camera6/frame_0250_hp_preview.jpg
1.299805 -0.011896 1.141188 230 57 70 R0 pano_camera6/frame_0251_hp_preview.jpg
1.603287 0.000503 1.562848 230 57 70 R0 pano_camera6/frame_0252_hp_preview.jpg
1.751893 0.022157 2.101843 230 57 70 R0 pano_camera6/frame_0253_hp_preview.jpg
1.480006 0.037867 2.427083 230 57 70 R0 pano_camera6/frame_0254_hp_preview.jpg
1.437382 0.034941 2.432582 230 57 70 R0 pano_camera6/frame_0255_hp_preview.jpg
1.005589 0.072369 2.076502 230 57 70 R0 pano_camera6/frame_0256_hp_preview.jpg
0.875329 0.197640 1.901790 230 57 70 R0 pano_camera6/frame_0257_hp_preview.jpg
0.825832 0.278590 1.834591 230 57 70 R0 pano_camera6/frame_0258_hp_preview.jpg
0.747423 0.351345 1.710778 230 57 70 R0 pano_camera6/frame_0259_hp_preview.jpg
0.566080 0.598200 1.436467 230 57 70 R0 pano_camera6/frame_0260_hp_preview.jpg
0.563429 0.600871 1.430177 230 57 70 R0 pano_camera6/frame_0261_hp_preview.jpg
0.350396 0.856865 1.165812 230 57 70 R0 pano_camera6/frame_0262_hp_preview.jpg
0.339877 0.866165 1.159099 230 57 70 R0 pano_camera6/frame_0263_hp_preview.jpg
0.234127 1.008462 1.020539 230 57 70 R0 pano_camera6/frame_0264_hp_preview.jpg
0.071437 1.184064 0.813040 230 57 70 R0 pano_camera6/frame_0265_hp_preview.jpg
0.025056 1.316290 0.585747 230 57 70 R0 pano_camera6/frame_0266_hp_preview.jpg
0.038001 1.390062 0.376037 230 57 70 R0 pano_camera6/frame_0267_hp_preview.jpg
0.239597 1.381609 0.143790 230 57 70 R0 pano_camera6/frame_0268_hp_preview.jpg
0.612700 1.384606 -0.221181 230 57 70 R0 pano_camera6/frame_0269_hp_preview.jpg
0.798854 1.400842 -0.376291 230 57 70 R0 pano_camera6/frame_0270_hp_preview.jpg
1.166526 1.391572 -0.637884 230 57 70 R0 pano_camera6/frame_0271_hp_preview.jpg
1.506991 1.392131 -0.887511 230 57 70 R0 pano_camera6/frame_0272_hp_preview.jpg
1.690093 1.400613 -1.034229 230 57 70 R0 pano_camera6/frame_0273_hp_preview.jpg
2.278302 1.390619 -1.481655 230 57 70 R0 pano_camera6/frame_0274_hp_preview.jpg
2.336505 1.393861 -1.538090 230 57 70 R0 pano_camera6/frame_0275_hp_preview.jpg
2.808206 1.393012 -1.910965 230 57 70 R0 pano_camera6/frame_0276_hp_preview.jpg
2.946690 1.397139 -2.038230 230 57 70 R0 pano_camera6/frame_0277_hp_preview.jpg
3.364985 1.410295 -2.445275 230 57 70 R0 pano_camera6/frame_0278_hp_preview.jpg
3.602349 1.405552 -2.615359 230 57 70 R0 pano_camera6/frame_0279_hp_preview.jpg
4.186621 1.405391 -3.116706 230 57 70 R0 pano_camera6/frame_0280_hp_preview.jpg
4.299218 1.402273 -3.198739 230 57 70 R0 pano_camera6/frame_0281_hp_preview.jpg
4.450741 1.396179 -3.352036 230 57 70 R0 pano_camera6/frame_0282_hp_preview.jpg
4.528524 1.392550 -3.586719 230 57 70 R0 pano_camera6/frame_0283_hp_preview.jpg
4.349495 1.382494 -3.973800 230 57 70 R0 pano_camera6/frame_0284_hp_preview.jpg
4.312302 1.380122 -4.000254 230 57 70 R0 pano_camera6/frame_0285_hp_preview.jpg
4.057054 1.379455 -4.205541 230 57 70 R0 pano_camera6/frame_0286_hp_preview.jpg
3.856718 1.395014 -4.213276 230 57 70 R0 pano_camera6/frame_0287_hp_preview.jpg
3.595536 1.405512 -4.228136 230 57 70 R0 pano_camera6/frame_0288_hp_preview.jpg
3.440598 1.411468 -4.303971 230 57 70 R0 pano_camera6/frame_0289_hp_preview.jpg
3.334265 1.408991 -4.557872 230 57 70 R0 pano_camera6/frame_0290_hp_preview.jpg
3.237582 1.396976 -5.105779 230 57 70 R0 pano_camera6/frame_0291_hp_preview.jpg
3.172419 1.396025 -5.318331 230 57 70 R0 pano_camera6/frame_0292_hp_preview.jpg
3.129664 1.390229 -5.495542 230 57 70 R0 pano_camera6/frame_0293_hp_preview.jpg
2.669249 1.375742 -5.940585 230 57 70 R0 pano_camera6/frame_0294_hp_preview.jpg
2.619110 1.377141 -5.952637 230 57 70 R0 pano_camera6/frame_0295_hp_preview.jpg
2.077442 1.374624 -5.759705 230 57 70 R0 pano_camera6/frame_0296_hp_preview.jpg
1.977869 1.382009 -5.413812 230 57 70 R0 pano_camera6/frame_0297_hp_preview.jpg
1.950576 1.371932 -5.103686 230 57 70 R0 pano_camera6/frame_0298_hp_preview.jpg
1.938800 1.378945 -4.861574 230 57 70 R0 pano_camera6/frame_0299_hp_preview.jpg
1.908069 1.386303 -4.399366 230 57 70 R0 pano_camera6/frame_0300_hp_preview.jpg
1.905657 1.372866 -4.079379 230 57 70 R0 pano_camera6/frame_0301_hp_preview.jpg
1.936280 1.369966 -3.758265 230 57 70 R0 pano_camera6/frame_0302_hp_preview.jpg
2.050869 1.384329 -3.320391 230 57 70 R0 pano_camera6/frame_0303_hp_preview.jpg
2.100628 1.380397 -3.096501 230 57 70 R0 pano_camera6/frame_0304_hp_preview.jpg
2.164794 1.376887 -2.568133 230 57 70 R0 pano_camera6/frame_0305_hp_preview.jpg
2.102929 1.370169 -2.042352 230 57 70 R0 pano_camera6/frame_0306_hp_preview.jpg
2.004246 1.366345 -1.708941 230 57 70 R0 pano_camera6/frame_0307_hp_preview.jpg
1.958745 1.372765 -1.632116 230 57 70 R0 pano_camera6/frame_0308_hp_preview.jpg
1.574626 1.376868 -1.347597 230 57 70 R0 pano_camera6/frame_0309_hp_preview.jpg
1.106413 1.390864 -1.353969 230 57 70 R0 pano_camera6/frame_0310_hp_preview.jpg
0.875914 1.377985 -1.574909 230 57 70 R0 pano_camera6/frame_0311_hp_preview.jpg
0.707571 1.388520 -1.989995 230 57 70 R0 pano_camera6/frame_0312_hp_preview.jpg
0.639471 1.388615 -2.301460 230 57 70 R0 pano_camera6/frame_0313_hp_preview.jpg
0.606161 1.387047 -2.583265 230 57 70 R0 pano_camera6/frame_0314_hp_preview.jpg
0.506540 1.387155 -3.269938 230 57 70 R0 pano_camera6/frame_0315_hp_preview.jpg
0.494624 1.390811 -3.319863 230 57 70 R0 pano_camera6/frame_0316_hp_preview.jpg
0.379901 1.380112 -3.756505 230 57 70 R0 pano_camera6/frame_0317_hp_preview.jpg
0.102365 1.370302 -4.150293 230 57 70 R0 pano_camera6/frame_0318_hp_preview.jpg
-0.024514 1.371763 -4.160398 230 57 70 R0 pano_camera6/frame_0319_hp_preview.jpg
-0.368941 1.394518 -4.064001 230 57 70 R0 pano_camera6/frame_0320_hp_preview.jpg
-0.892665 1.401315 -3.584437 230 57 70 R0 pano_camera6/frame_0321_hp_preview.jpg
-0.920817 1.400829 -3.552065 230 57 70 R0 pano_camera6/frame_0322_hp_preview.jpg
-1.036377 1.390180 -3.085768 230 57 70 R0 pano_camera6/frame_0323_hp_preview.jpg
-0.978815 1.400985 -2.609913 230 57 70 R0 pano_camera6/frame_0324_hp_preview.jpg
-0.985164 1.393630 -2.561522 230 57 70 R0 pano_camera6/frame_0325_hp_preview.jpg
-1.202479 1.391194 -2.112029 230 57 70 R0 pano_camera6/frame_0326_hp_preview.jpg
-1.467634 1.389654 -2.062174 230 57 70 R0 pano_camera6/frame_0327_hp_preview.jpg
-1.602172 1.398959 -2.101927 230 57 70 R0 pano_camera6/frame_0328_hp_preview.jpg
-1.795436 1.403061 -2.239466 230 57 70 R0 pano_camera6/frame_0329_hp_preview.jpg
-2.149201 1.408814 -2.370765 230 57 70 R0 pano_camera6/frame_0330_hp_preview.jpg
-2.265616 1.407921 -2.281106 230 57 70 R0 pano_camera6/frame_0331_hp_preview.jpg
-2.114120 1.398668 -1.880990 230 57 70 R0 pano_camera6/frame_0332_hp_preview.jpg
-1.942659 1.390968 -1.752400 230 57 70 R0 pano_camera6/frame_0333_hp_preview.jpg
-1.675755 1.388152 -1.470067 230 57 70 R0 pano_camera6/frame_0334_hp_preview.jpg
-1.573693 1.391348 -1.291944 230 57 70 R0 pano_camera6/frame_0335_hp_preview.jpg
-1.450838 1.382927 -1.098859 230 57 70 R0 pano_camera6/frame_0336_hp_preview.jpg
-1.224088 1.375879 -0.639622 230 57 70 R0 pano_camera6/frame_0337_hp_preview.jpg
-1.113571 1.379650 -0.408734 230 57 70 R0 pano_camera6/frame_0338_hp_preview.jpg
-0.874831 1.375843 0.204728 230 57 70 R0 pano_camera6/frame_0339_hp_preview.jpg
-0.778658 1.402903 0.609126 230 57 70 R0 pano_camera6/frame_0340_hp_preview.jpg
-0.745942 1.397109 0.715823 230 57 70 R0 pano_camera6/frame_0341_hp_preview.jpg
-0.617718 1.399965 1.020250 230 57 70 R0 pano_camera6/frame_0342_hp_preview.jpg
-0.384284 1.406219 1.369622 230 57 70 R0 pano_camera6/frame_0343_hp_preview.jpg
-0.428493 1.415904 1.717263 230 57 70 R0 pano_camera6/frame_0344_hp_preview.jpg
-0.680502 1.417513 1.634309 230 57 70 R0 pano_camera6/frame_0345_hp_preview.jpg
-0.877562 1.412536 1.449796 230 57 70 R0 pano_camera6/frame_0346_hp_preview.jpg
-0.979155 1.410812 1.242445 230 57 70 R0 pano_camera6/frame_0347_hp_preview.jpg
-1.104116 1.410849 1.012238 230 57 70 R0 pano_camera6/frame_0348_hp_preview.jpg
-1.401171 1.398698 0.467394 230 57 70 R0 pano_camera6/frame_0349_hp_preview.jpg
-1.598237 1.385115 0.259073 230 57 70 R0 pano_camera6/frame_0350_hp_preview.jpg
-1.752730 1.380345 0.111128 230 57 70 R0 pano_camera6/frame_0351_hp_preview.jpg
-2.194099 1.383480 -0.092388 230 57 70 R0 pano_camera6/frame_0352_hp_preview.jpg
-2.415919 1.397625 -0.124298 230 57 70 R0 pano_camera6/frame_0353_hp_preview.jpg
-2.775871 1.403560 -0.297174 230 57 70 R0 pano_camera6/frame_0354_hp_preview.jpg
-2.891169 1.415137 -0.474736 230 57 70 R0 pano_camera6/frame_0355_hp_preview.jpg
-2.812770 1.420845 -0.893589 230 57 70 R0 pano_camera6/frame_0356_hp_preview.jpg
-2.740119 1.404717 -1.184523 230 57 70 R0 pano_camera6/frame_0357_hp_preview.jpg
-2.696522 1.385513 -1.267380 230 57 70 R0 pano_camera6/frame_0358_hp_preview.jpg
-2.665055 1.376203 -1.290429 230 57 70 R0 pano_camera6/frame_0359_hp_preview.jpg
-2.712572 1.391413 -1.296460 230 57 70 R0 pano_camera6/frame_0360_hp_preview.jpg
-2.712695 1.390346 -1.300659 230 57 70 R0 pano_camera6/frame_0361_hp_preview.jpg
-2.822595 1.397718 -1.567185 230 57 70 R0 pano_camera6/frame_0362_hp_preview.jpg
-2.955506 1.402672 -1.625109 230 57 70 R0 pano_camera6/frame_0363_hp_preview.jpg
-3.216248 1.432885 -1.642266 230 57 70 R0 pano_camera6/frame_0364_hp_preview.jpg
-3.297142 1.435568 -1.587813 230 57 70 R0 pano_camera6/frame_0365_hp_preview.jpg
-3.342276 1.429467 -1.189889 230 57 70 R0 pano_camera6/frame_0366_hp_preview.jpg
-3.319090 1.426436 -1.129837 230 57 70 R0 pano_camera6/frame_0367_hp_preview.jpg
-3.179183 1.414486 -0.826816 230 57 70 R0 pano_camera6/frame_0368_hp_preview.jpg
-2.879835 1.413350 -0.205683 230 57 70 R0 pano_camera6/frame_0369_hp_preview.jpg
-2.890717 1.385867 -0.002213 230 57 70 R0 pano_camera6/frame_0370_hp_preview.jpg
-3.029182 1.417935 0.138216 230 57 70 R0 pano_camera6/frame_0371_hp_preview.jpg
-3.356611 1.415167 0.078094 230 57 70 R0 pano_camera6/frame_0372_hp_preview.jpg
-3.609077 1.425621 -0.175000 230 57 70 R0 pano_camera6/frame_0373_hp_preview.jpg
-4.218655 1.424086 -0.537147 230 57 70 R0 pano_camera6/frame_0374_hp_preview.jpg
-4.410754 1.434114 -0.548671 230 57 70 R0 pano_camera6/frame_0375_hp_preview.jpg
-4.633356 1.446544 -0.474836 230 57 70 R0 pano_camera6/frame_0376_hp_preview.jpg
-4.808962 1.453266 -0.382143 230 57 70 R0 pano_camera6/frame_0377_hp_preview.jpg
-5.312193 1.485523 0.005482 230 57 70 R0 pano_camera6/frame_0378_hp_preview.jpg
-5.428651 1.476665 0.153679 230 57 70 R0 pano_camera6/frame_0379_hp_preview.jpg
-5.545724 1.475788 0.380476 230 57 70 R0 pano_camera6/frame_0380_hp_preview.jpg
-5.608237 1.356759 0.401878 230 57 70 R0 pano_camera6/frame_0381_hp_preview.jpg
-5.633979 1.227901 0.553971 230 57 70 R0 pano_camera6/frame_0382_hp_preview.jpg
-5.586502 1.433392 0.818556 230 57 70 R0 pano_camera6/frame_0383_hp_preview.jpg
-5.557085 1.446804 0.816595 230 57 70 R0 pano_camera6/frame_0384_hp_preview.jpg
-5.396402 1.458050 1.014148 230 57 70 R0 pano_camera6/frame_0385_hp_preview.jpg
-5.079436 1.467596 1.456095 230 57 70 R0 pano_camera6/frame_0386_hp_preview.jpg
-4.954145 1.466838 1.674848 230 57 70 R0 pano_camera6/frame_0387_hp_preview.jpg
-4.501255 1.468216 2.317904 230 57 70 R0 pano_camera6/frame_0388_hp_preview.jpg
-4.179083 1.459700 2.705932 230 57 70 R0 pano_camera6/frame_0389_hp_preview.jpg
-4.033309 1.448815 2.849185 230 57 70 R0 pano_camera6/frame_0390_hp_preview.jpg
-3.618909 1.452219 3.040063 230 57 70 R0 pano_camera6/frame_0391_hp_preview.jpg
-3.534485 1.448202 2.995556 230 57 70 R0 pano_camera6/frame_0392_hp_preview.jpg
-3.574968 1.447471 2.806527 230 57 70 R0 pano_camera6/frame_0393_hp_preview.jpg
-3.746641 1.439313 2.663789 230 57 70 R0 pano_camera6/frame_0394_hp_preview.jpg
-4.041953 1.434125 2.434596 230 57 70 R0 pano_camera6/frame_0395_hp_preview.jpg
-4.252518 1.434837 2.109231 230 57 70 R0 pano_camera6/frame_0396_hp_preview.jpg
-4.054850 1.451070 1.685188 230 57 70 R0 pano_camera6/frame_0397_hp_preview.jpg
-3.918345 1.447156 1.582849 230 57 70 R0 pano_camera6/frame_0398_hp_preview.jpg
-3.440021 1.449132 1.563529 230 57 70 R0 pano_camera6/frame_0399_hp_preview.jpg
-3.063325 1.433285 1.917680 230 57 70 R0 pano_camera6/frame_0400_hp_preview.jpg
-2.787799 1.430474 2.217200 230 57 70 R0 pano_camera6/frame_0401_hp_preview.jpg
-2.767377 1.429518 2.235538 230 57 70 R0 pano_camera6/frame_0402_hp_preview.jpg
-2.511411 1.424698 2.523220 230 57 70 R0 pano_camera6/frame_0403_hp_preview.jpg
-1.990631 1.420873 2.516328 230 57 70 R0 pano_camera6/frame_0404_hp_preview.jpg
-1.962021 1.426670 2.486437 230 57 70 R0 pano_camera6/frame_0405_hp_preview.jpg
-1.808232 1.433451 2.028671 230 57 70 R0 pano_camera6/frame_0406_hp_preview.jpg
-2.072357 1.419717 1.668748 230 57 70 R0 pano_camera6/frame_0407_hp_preview.jpg
-2.217530 1.423468 1.485158 230 57 70 R0 pano_camera6/frame_0408_hp_preview.jpg
-2.329382 1.416908 1.353668 230 57 70 R0 pano_camera6/frame_0409_hp_preview.jpg
-2.439830 1.431051 1.008409 230 57 70 R0 pano_camera6/frame_0410_hp_preview.jpg
-2.117638 1.417967 0.471442 230 57 70 R0 pano_camera6/frame_0411_hp_preview.jpg
-2.056038 1.409374 0.413923 230 57 70 R0 pano_camera6/frame_0412_hp_preview.jpg
-1.924089 1.411206 0.231336 230 57 70 R0 pano_camera6/frame_0413_hp_preview.jpg
-1.945139 1.413568 0.226022 230 57 70 R0 pano_camera6/frame_0414_hp_preview.jpg
-1.946592 1.413916 0.227482 230 57 70 R0 pano_camera6/frame_0415_hp_preview.jpg
-1.943130 1.409326 0.226066 230 57 70 R0 pano_camera6/frame_0416_hp_preview.jpg
4.848439 -0.003381 2.343379 230 57 70 R0 pano_camera7/frame_0140_hp_preview.jpg
4.976167 0.003660 2.470844 230 57 70 R0 pano_camera7/frame_0141_hp_preview.jpg
5.194528 0.002370 2.711440 230 57 70 R0 pano_camera7/frame_0142_hp_preview.jpg
5.351460 0.002104 2.809959 230 57 70 R0 pano_camera7/frame_0143_hp_preview.jpg
5.527091 0.018060 2.758039 230 57 70 R0 pano_camera7/frame_0144_hp_preview.jpg
5.585387 0.021521 2.581340 230 57 70 R0 pano_camera7/frame_0145_hp_preview.jpg
4.723736 0.008487 2.770301 230 57 70 R0 pano_camera7/frame_0157_hp_preview.jpg
4.586036 0.011479 2.856279 230 57 70 R0 pano_camera7/frame_0158_hp_preview.jpg
4.536942 0.017140 2.953983 230 57 70 R0 pano_camera7/frame_0159_hp_preview.jpg
4.288414 0.011682 3.562760 230 57 70 R0 pano_camera7/frame_0160_hp_preview.jpg
4.081048 0.011118 3.824821 230 57 70 R0 pano_camera7/frame_0161_hp_preview.jpg
3.779874 0.025722 4.113932 230 57 70 R0 pano_camera7/frame_0162_hp_preview.jpg
3.572530 0.032436 4.273726 230 57 70 R0 pano_camera7/frame_0163_hp_preview.jpg
3.347423 0.042844 4.415986 230 57 70 R0 pano_camera7/frame_0164_hp_preview.jpg
2.950034 0.045380 4.403106 230 57 70 R0 pano_camera7/frame_0165_hp_preview.jpg
2.788917 0.043070 4.270106 230 57 70 R0 pano_camera7/frame_0166_hp_preview.jpg
2.542073 0.043777 3.910346 230 57 70 R0 pano_camera7/frame_0167_hp_preview.jpg
2.594183 0.034902 3.523704 230 57 70 R0 pano_camera7/frame_0168_hp_preview.jpg
2.684120 0.044414 3.407493 230 57 70 R0 pano_camera7/frame_0169_hp_preview.jpg
3.219633 0.022935 2.875419 230 57 70 R0 pano_camera7/frame_0170_hp_preview.jpg
3.292212 0.035859 2.805806 230 57 70 R0 pano_camera7/frame_0171_hp_preview.jpg
3.631727 0.016229 2.480261 230 57 70 R0 pano_camera7/frame_0172_hp_preview.jpg
3.708930 0.020705 2.099979 230 57 70 R0 pano_camera7/frame_0173_hp_preview.jpg
3.504579 0.024744 1.764223 230 57 70 R0 pano_camera7/frame_0174_hp_preview.jpg
3.495474 0.027687 1.758712 230 57 70 R0 pano_camera7/frame_0175_hp_preview.jpg
3.064205 0.022515 1.664521 230 57 70 R0 pano_camera7/frame_0176_hp_preview.jpg
2.820092 0.033612 1.713055 230 57 70 R0 pano_camera7/frame_0177_hp_preview.jpg
2.358232 0.034709 1.730864 230 57 70 R0 pano_camera7/frame_0178_hp_preview.jpg
2.036831 0.036643 1.482533 230 57 70 R0 pano_camera7/frame_0179_hp_preview.jpg
1.994682 0.033804 1.288916 230 57 70 R0 pano_camera7/frame_0180_hp_preview.jpg
2.126682 0.015815 1.051249 230 57 70 R0 pano_camera7/frame_0181_hp_preview.jpg
2.321861 0.010652 0.889881 230 57 70 R0 pano_camera7/frame_0182_hp_preview.jpg
2.546512 0.016454 0.570642 230 57 70 R0 pano_camera7/frame_0183_hp_preview.jpg
2.394964 0.004696 0.422107 230 57 70 R0 pano_camera7/frame_0184_hp_preview.jpg
2.241276 0.007220 0.470949 230 57 70 R0 pano_camera7/frame_0185_hp_preview.jpg
2.048247 0.005049 0.614938 230 57 70 R0 pano_camera7/frame_0186_hp_preview.jpg
1.849536 0.008437 0.750512 230 57 70 R0 pano_camera7/frame_0187_hp_preview.jpg
1.549903 0.014024 0.855160 230 57 70 R0 pano_camera7/frame_0188_hp_preview.jpg
1.246645 0.016152 0.767161 230 57 70 R0 pano_camera7/frame_0189_hp_preview.jpg
1.215804 0.021790 0.748034 230 57 70 R0 pano_camera7/frame_0190_hp_preview.jpg
1.048764 0.022861 0.533401 230 57 70 R0 pano_camera7/frame_0191_hp_preview.jpg
1.046834 0.022734 0.173450 230 57 70 R0 pano_camera7/frame_0192_hp_preview.jpg
1.178354 0.012269 -0.077604 230 57 70 R0 pano_camera7/frame_0193_hp_preview.jpg
1.398604 -0.001764 -0.360488 230 57 70 R0 pano_camera7/frame_0194_hp_preview.jpg
1.537063 0.000393 -0.573395 230 57 70 R0 pano_camera7/frame_0195_hp_preview.jpg
1.509041 -0.013373 -0.777640 230 57 70 R0 pano_camera7/frame_0196_hp_preview.jpg
1.309628 -0.013024 -1.149694 230 57 70 R0 pano_camera7/frame_0197_hp_preview.jpg
0.932263 0.002036 -1.630406 230 57 70 R0 pano_camera7/frame_0198_hp_preview.jpg
0.821882 0.007316 -1.771123 230 57 70 R0 pano_camera7/frame_0199_hp_preview.jpg
0.198995 0.039974 -2.338999 230 57 70 R0 pano_camera7/frame_0200_hp_preview.jpg
0.207174 0.084288 -2.433502 230 57 70 R0 pano_camera7/frame_0201_hp_preview.jpg
0.172025 0.017414 -1.196615 230 57 70 R0 pano_camera7/frame_0226_hp_preview.jpg
-0.433907 0.033344 0.075918 230 57 70 R0 pano_camera7/frame_0240_hp_preview.jpg
-0.419291 0.026166 0.141740 230 57 70 R0 pano_camera7/frame_0241_hp_preview.jpg
-0.522602 0.023389 0.419109 230 57 70 R0 pano_camera7/frame_0242_hp_preview.jpg
-0.404621 0.020896 0.581426 230 57 70 R0 pano_camera7/frame_0243_hp_preview.jpg
-0.191244 0.016486 0.566294 230 57 70 R0 pano_camera7/frame_0244_hp_preview.jpg
-0.087850 0.012223 0.584085 230 57 70 R0 pano_camera7/frame_0245_hp_preview.jpg
0.183804 -0.014920 0.646892 230 57 70 R0 pano_camera7/frame_0246_hp_preview.jpg
0.311132 -0.009474 0.572475 230 57 70 R0 pano_camera7/frame_0247_hp_preview.jpg
0.626849 -0.011359 0.644955 230 57 70 R0 pano_camera7/frame_0248_hp_preview.jpg
0.662454 -0.013536 0.664876 230 57 70 R0 pano_camera7/frame_0249_hp_preview.jpg
1.289406 -0.010447 1.131659 230 57 70 R0 pano_camera7/frame_0250_hp_preview.jpg
1.299805 -0.011896 1.141188 230 57 70 R0 pano_camera7/frame_0251_hp_preview.jpg
1.603287 0.000503 1.562848 230 57 70 R0 pano_camera7/frame_0252_hp_preview.jpg
1.751893 0.022157 2.101843 230 57 70 R0 pano_camera7/frame_0253_hp_preview.jpg
1.480006 0.037867 2.427083 230 57 70 R0 pano_camera7/frame_0254_hp_preview.jpg
1.437382 0.034941 2.432582 230 57 70 R0 pano_camera7/frame_0255_hp_preview.jpg
1.005589 0.072369 2.076502 230 57 70 R0 pano_camera7/frame_0256_hp_preview.jpg
0.875329 0.197640 1.901790 230 57 70 R0 pano_camera7/frame_0257_hp_preview.jpg
0.825832 0.278590 1.834591 230 57 70 R0 pano_camera7/frame_0258_hp_preview.jpg
0.747423 0.351345 1.710778 230 57 70 R0 pano_camera7/frame_0259_hp_preview.jpg
0.566080 0.598200 1.436467 230 57 70 R0 pano_camera7/frame_0260_hp_preview.jpg
0.563429 0.600871 1.430177 230 57 70 R0 pano_camera7/frame_0261_hp_preview.jpg
0.350396 0.856865 1.165812 230 57 70 R0 pano_camera7/frame_0262_hp_preview.jpg
0.339877 0.866165 1.159099 230 57 70 R0 pano_camera7/frame_0263_hp_preview.jpg
0.234127 1.008462 1.020539 230 57 70 R0 pano_camera7/frame_0264_hp_preview.jpg
0.071437 1.184064 0.813040 230 57 70 R0 pano_camera7/frame_0265_hp_preview.jpg
0.025056 1.316290 0.585747 230 57 70 R0 pano_camera7/frame_0266_hp_preview.jpg
0.038001 1.390062 0.376037 230 57 70 R0 pano_camera7/frame_0267_hp_preview.jpg
0.239597 1.381609 0.143790 230 57 70 R0 pano_camera7/frame_0268_hp_preview.jpg
0.612700 1.384606 -0.221181 230 57 70 R0 pano_camera7/frame_0269_hp_preview.jpg
0.798854 1.400842 -0.376291 230 57 70 R0 pano_camera7/frame_0270_hp_preview.jpg
1.166526 1.391572 -0.637884 230 57 70 R0 pano_camera7/frame_0271_hp_preview.jpg
1.506991 1.392131 -0.887511 230 57 70 R0 pano_camera7/frame_0272_hp_preview.jpg
1.690093 1.400613 -1.034229 230 57 70 R0 pano_camera7/frame_0273_hp_preview.jpg
2.278302 1.390619 -1.481655 230 57 70 R0 pano_camera7/frame_0274_hp_preview.jpg
2.336505 1.393861 -1.538090 230 57 70 R0 pano_camera7/frame_0275_hp_preview.jpg
2.808206 1.393012 -1.910965 230 57 70 R0 pano_camera7/frame_0276_hp_preview.jpg
2.946690 1.397139 -2.038230 230 57 70 R0 pano_camera7/frame_0277_hp_preview.jpg
3.364985 1.410295 -2.445275 230 57 70 R0 pano_camera7/frame_0278_hp_preview.jpg
3.602349 1.405552 -2.615359 230 57 70 R0 pano_camera7/frame_0279_hp_preview.jpg
4.186621 1.405391 -3.116706 230 57 70 R0 pano_camera7/frame_0280_hp_preview.jpg
4.299218 1.402273 -3.198739 230 57 70 R0 pano_camera7/frame_0281_hp_preview.jpg
4.450741 1.396179 -3.352036 230 57 70 R0 pano_camera7/frame_0282_hp_preview.jpg
4.528524 1.392550 -3.586719 230 57 70 R0 pano_camera7/frame_0283_hp_preview.jpg
4.349495 1.382494 -3.973800 230 57 70 R0 pano_camera7/frame_0284_hp_preview.jpg
4.312302 1.380122 -4.000254 230 57 70 R0 pano_camera7/frame_0285_hp_preview.jpg
4.057054 1.379455 -4.205541 230 57 70 R0 pano_camera7/frame_0286_hp_preview.jpg
3.856718 1.395014 -4.213276 230 57 70 R0 pano_camera7/frame_0287_hp_preview.jpg
3.595536 1.405512 -4.228136 230 57 70 R0 pano_camera7/frame_0288_hp_preview.jpg
3.440598 1.411468 -4.303971 230 57 70 R0 pano_camera7/frame_0289_hp_preview.jpg
3.334265 1.408991 -4.557872 230 57 70 R0 pano_camera7/frame_0290_hp_preview.jpg
3.237582 1.396976 -5.105779 230 57 70 R0 pano_camera7/frame_0291_hp_preview.jpg
3.172419 1.396025 -5.318331 230 57 70 R0 pano_camera7/frame_0292_hp_preview.jpg
3.129664 1.390229 -5.495542 230 57 70 R0 pano_camera7/frame_0293_hp_preview.jpg
2.669249 1.375742 -5.940585 230 57 70 R0 pano_camera7/frame_0294_hp_preview.jpg
2.619110 1.377141 -5.952637 230 57 70 R0 pano_camera7/frame_0295_hp_preview.jpg
2.077442 1.374624 -5.759705 230 57 70 R0 pano_camera7/frame_0296_hp_preview.jpg
1.977869 1.382009 -5.413812 230 57 70 R0 pano_camera7/frame_0297_hp_preview.jpg
1.950576 1.371932 -5.103686 230 57 70 R0 pano_camera7/frame_0298_hp_preview.jpg
1.938800 1.378945 -4.861574 230 57 70 R0 pano_camera7/frame_0299_hp_preview.jpg
1.908069 1.386303 -4.399366 230 57 70 R0 pano_camera7/frame_0300_hp_preview.jpg
1.905657 1.372866 -4.079379 230 57 70 R0 pano_camera7/frame_0301_hp_preview.jpg
1.936280 1.369966 -3.758265 230 57 70 R0 pano_camera7/frame_0302_hp_preview.jpg
2.050869 1.384329 -3.320391 230 57 70 R0 pano_camera7/frame_0303_hp_preview.jpg
2.100628 1.380397 -3.096501 230 57 70 R0 pano_camera7/frame_0304_hp_preview.jpg
2.164794 1.376887 -2.568133 230 57 70 R0 pano_camera7/frame_0305_hp_preview.jpg
2.102929 1.370169 -2.042352 230 57 70 R0 pano_camera7/frame_0306_hp_preview.jpg
2.004246 1.366345 -1.708941 230 57 70 R0 pano_camera7/frame_0307_hp_preview.jpg
1.958745 1.372765 -1.632116 230 57 70 R0 pano_camera7/frame_0308_hp_preview.jpg
1.574626 1.376868 -1.347597 230 57 70 R0 pano_camera7/frame_0309_hp_preview.jpg
1.106413 1.390864 -1.353969 230 57 70 R0 pano_camera7/frame_0310_hp_preview.jpg
0.875914 1.377985 -1.574909 230 57 70 R0 pano_camera7/frame_0311_hp_preview.jpg
0.707571 1.388520 -1.989995 230 57 70 R0 pano_camera7/frame_0312_hp_preview.jpg
0.639471 1.388615 -2.301460 230 57 70 R0 pano_camera7/frame_0313_hp_preview.jpg
0.606161 1.387047 -2.583265 230 57 70 R0 pano_camera7/frame_0314_hp_preview.jpg
0.506540 1.387155 -3.269938 230 57 70 R0 pano_camera7/frame_0315_hp_preview.jpg
0.494624 1.390811 -3.319863 230 57 70 R0 pano_camera7/frame_0316_hp_preview.jpg
0.379901 1.380112 -3.756505 230 57 70 R0 pano_camera7/frame_0317_hp_preview.jpg
0.102365 1.370302 -4.150293 230 57 70 R0 pano_camera7/frame_0318_hp_preview.jpg
-0.024514 1.371763 -4.160398 230 57 70 R0 pano_camera7/frame_0319_hp_preview.jpg
-0.368941 1.394518 -4.064001 230 57 70 R0 pano_camera7/frame_0320_hp_preview.jpg
-0.892665 1.401315 -3.584437 230 57 70 R0 pano_camera7/frame_0321_hp_preview.jpg
-0.920817 1.400829 -3.552065 230 57 70 R0 pano_camera7/frame_0322_hp_preview.jpg
-1.036377 1.390180 -3.085768 230 57 70 R0 pano_camera7/frame_0323_hp_preview.jpg
-0.978815 1.400985 -2.609913 230 57 70 R0 pano_camera7/frame_0324_hp_preview.jpg
-0.985164 1.393630 -2.561522 230 57 70 R0 pano_camera7/frame_0325_hp_preview.jpg
-1.202479 1.391194 -2.112029 230 57 70 R0 pano_camera7/frame_0326_hp_preview.jpg
-1.467634 1.389654 -2.062174 230 57 70 R0 pano_camera7/frame_0327_hp_preview.jpg
-1.602172 1.398959 -2.101927 230 57 70 R0 pano_camera7/frame_0328_hp_preview.jpg
-1.795436 1.403061 -2.239466 230 57 70 R0 pano_camera7/frame_0329_hp_preview.jpg
-2.149201 1.408814 -2.370765 230 57 70 R0 pano_camera7/frame_0330_hp_preview.jpg
-2.265616 1.407921 -2.281106 230 57 70 R0 pano_camera7/frame_0331_hp_preview.jpg
-2.114120 1.398668 -1.880990 230 57 70 R0 pano_camera7/frame_0332_hp_preview.jpg
-1.942659 1.390968 -1.752400 230 57 70 R0 pano_camera7/frame_0333_hp_preview.jpg
-1.675755 1.388152 -1.470067 230 57 70 R0 pano_camera7/frame_0334_hp_preview.jpg
-1.573693 1.391348 -1.291944 230 57 70 R0 pano_camera7/frame_0335_hp_preview.jpg
-1.450838 1.382927 -1.098859 230 57 70 R0 pano_camera7/frame_0336_hp_preview.jpg
-1.224088 1.375879 -0.639622 230 57 70 R0 pano_camera7/frame_0337_hp_preview.jpg
-1.113571 1.379650 -0.408734 230 57 70 R0 pano_camera7/frame_0338_hp_preview.jpg
-0.874831 1.375843 0.204728 230 57 70 R0 pano_camera7/frame_0339_hp_preview.jpg
-0.778658 1.402903 0.609126 230 57 70 R0 pano_camera7/frame_0340_hp_preview.jpg
-0.745942 1.397109 0.715823 230 57 70 R0 pano_camera7/frame_0341_hp_preview.jpg
-0.617718 1.399965 1.020250 230 57 70 R0 pano_camera7/frame_0342_hp_preview.jpg
-0.384284 1.406219 1.369622 230 57 70 R0 pano_camera7/frame_0343_hp_preview.jpg
-0.428493 1.415904 1.717263 230 57 70 R0 pano_camera7/frame_0344_hp_preview.jpg
-0.680502 1.417513 1.634309 230 57 70 R0 pano_camera7/frame_0345_hp_preview.jpg
-0.877562 1.412536 1.449796 230 57 70 R0 pano_camera7/frame_0346_hp_preview.jpg
-0.979155 1.410812 1.242445 230 57 70 R0 pano_camera7/frame_0347_hp_preview.jpg
-1.104116 1.410849 1.012238 230 57 70 R0 pano_camera7/frame_0348_hp_preview.jpg
-1.401171 1.398698 0.467394 230 57 70 R0 pano_camera7/frame_0349_hp_preview.jpg
-1.598237 1.385115 0.259073 230 57 70 R0 pano_camera7/frame_0350_hp_preview.jpg
-1.752730 1.380345 0.111128 230 57 70 R0 pano_camera7/frame_0351_hp_preview.jpg
-2.194099 1.383480 -0.092388 230 57 70 R0 pano_camera7/frame_0352_hp_preview.jpg
-2.415919 1.397625 -0.124298 230 57 70 R0 pano_camera7/frame_0353_hp_preview.jpg
-2.775871 1.403560 -0.297174 230 57 70 R0 pano_camera7/frame_0354_hp_preview.jpg
-2.891169 1.415137 -0.474736 230 57 70 R0 pano_camera7/frame_0355_hp_preview.jpg
-2.812770 1.420845 -0.893589 230 57 70 R0 pano_camera7/frame_0356_hp_preview.jpg
-2.740119 1.404717 -1.184523 230 57 70 R0 pano_camera7/frame_0357_hp_preview.jpg
-2.696522 1.385513 -1.267380 230 57 70 R0 pano_camera7/frame_0358_hp_preview.jpg
-2.665055 1.376203 -1.290429 230 57 70 R0 pano_camera7/frame_0359_hp_preview.jpg
-2.712572 1.391413 -1.296460 230 57 70 R0 pano_camera7/frame_0360_hp_preview.jpg
-2.712695 1.390346 -1.300659 230 57 70 R0 pano_camera7/frame_0361_hp_preview.jpg
-2.822595 1.397718 -1.567185 230 57 70 R0 pano_camera7/frame_0362_hp_preview.jpg
-2.955506 1.402672 -1.625109 230 57 70 R0 pano_camera7/frame_0363_hp_preview.jpg
-3.216248 1.432885 -1.642266 230 57 70 R0 pano_camera7/frame_0364_hp_preview.jpg
-3.297142 1.435568 -1.587813 230 57 70 R0 pano_camera7/frame_0365_hp_preview.jpg
-3.342276 1.429467 -1.189889 230 57 70 R0 pano_camera7/frame_0366_hp_preview.jpg
-3.319090 1.426436 -1.129837 230 57 70 R0 pano_camera7/frame_0367_hp_preview.jpg
-3.179183 1.414486 -0.826816 230 57 70 R0 pano_camera7/frame_0368_hp_preview.jpg
-2.879835 1.413350 -0.205683 230 57 70 R0 pano_camera7/frame_0369_hp_preview.jpg
-2.890717 1.385867 -0.002213 230 57 70 R0 pano_camera7/frame_0370_hp_preview.jpg
-3.029182 1.417935 0.138216 230 57 70 R0 pano_camera7/frame_0371_hp_preview.jpg
-3.356611 1.415167 0.078094 230 57 70 R0 pano_camera7/frame_0372_hp_preview.jpg
-3.609077 1.425621 -0.175000 230 57 70 R0 pano_camera7/frame_0373_hp_preview.jpg
-4.218655 1.424086 -0.537147 230 57 70 R0 pano_camera7/frame_0374_hp_preview.jpg
-4.410754 1.434114 -0.548671 230 57 70 R0 pano_camera7/frame_0375_hp_preview.jpg
-4.633356 1.446544 -0.474836 230 57 70 R0 pano_camera7/frame_0376_hp_preview.jpg
-4.808962 1.453266 -0.382143 230 57 70 R0 pano_camera7/frame_0377_hp_preview.jpg
-5.312193 1.485523 0.005482 230 57 70 R0 pano_camera7/frame_0378_hp_preview.jpg
-5.428651 1.476665 0.153679 230 57 70 R0 pano_camera7/frame_0379_hp_preview.jpg
-5.545724 1.475788 0.380476 230 57 70 R0 pano_camera7/frame_0380_hp_preview.jpg
-5.608237 1.356759 0.401878 230 57 70 R0 pano_camera7/frame_0381_hp_preview.jpg
-5.633979 1.227901 0.553971 230 57 70 R0 pano_camera7/frame_0382_hp_preview.jpg
-5.586502 1.433392 0.818556 230 57 70 R0 pano_camera7/frame_0383_hp_preview.jpg
-5.557085 1.446804 0.816595 230 57 70 R0 pano_camera7/frame_0384_hp_preview.jpg
-5.396402 1.458050 1.014148 230 57 70 R0 pano_camera7/frame_0385_hp_preview.jpg
-5.079436 1.467596 1.456095 230 57 70 R0 pano_camera7/frame_0386_hp_preview.jpg
-4.954145 1.466838 1.674848 230 57 70 R0 pano_camera7/frame_0387_hp_preview.jpg
-4.501255 1.468216 2.317904 230 57 70 R0 pano_camera7/frame_0388_hp_preview.jpg
-4.179083 1.459700 2.705932 230 57 70 R0 pano_camera7/frame_0389_hp_preview.jpg
-4.033309 1.448815 2.849185 230 57 70 R0 pano_camera7/frame_0390_hp_preview.jpg
-3.618909 1.452219 3.040063 230 57 70 R0 pano_camera7/frame_0391_hp_preview.jpg
-3.534485 1.448202 2.995556 230 57 70 R0 pano_camera7/frame_0392_hp_preview.jpg
-3.574968 1.447471 2.806527 230 57 70 R0 pano_camera7/frame_0393_hp_preview.jpg
-3.746641 1.439313 2.663789 230 57 70 R0 pano_camera7/frame_0394_hp_preview.jpg
-4.041953 1.434125 2.434596 230 57 70 R0 pano_camera7/frame_0395_hp_preview.jpg
-4.252518 1.434837 2.109231 230 57 70 R0 pano_camera7/frame_0396_hp_preview.jpg
-4.054850 1.451070 1.685188 230 57 70 R0 pano_camera7/frame_0397_hp_preview.jpg
-3.918345 1.447156 1.582849 230 57 70 R0 pano_camera7/frame_0398_hp_preview.jpg
-3.440021 1.449132 1.563529 230 57 70 R0 pano_camera7/frame_0399_hp_preview.jpg
-3.063325 1.433285 1.917680 230 57 70 R0 pano_camera7/frame_0400_hp_preview.jpg
-2.787799 1.430474 2.217200 230 57 70 R0 pano_camera7/frame_0401_hp_preview.jpg
-2.767377 1.429518 2.235538 230 57 70 R0 pano_camera7/frame_0402_hp_preview.jpg
-2.511411 1.424698 2.523220 230 57 70 R0 pano_camera7/frame_0403_hp_preview.jpg
-1.990631 1.420873 2.516328 230 57 70 R0 pano_camera7/frame_0404_hp_preview.jpg
-1.962021 1.426670 2.486437 230 57 70 R0 pano_camera7/frame_0405_hp_preview.jpg
-1.808232 1.433451 2.028671 230 57 70 R0 pano_camera7/frame_0406_hp_preview.jpg
-2.072357 1.419717 1.668748 230 57 70 R0 pano_camera7/frame_0407_hp_preview.jpg
-2.217530 1.423468 1.485158 230 57 70 R0 pano_camera7/frame_0408_hp_preview.jpg
-2.329382 1.416908 1.353668 230 57 70 R0 pano_camera7/frame_0409_hp_preview.jpg
-2.439830 1.431051 1.008409 230 57 70 R0 pano_camera7/frame_0410_hp_preview.jpg
-2.117638 1.417967 0.471442 230 57 70 R0 pano_camera7/frame_0411_hp_preview.jpg
-2.056038 1.409374 0.413923 230 57 70 R0 pano_camera7/frame_0412_hp_preview.jpg
-1.924089 1.411206 0.231336 230 57 70 R0 pano_camera7/frame_0413_hp_preview.jpg
-1.945139 1.413568 0.226022 230 57 70 R0 pano_camera7/frame_0414_hp_preview.jpg
-1.946592 1.413916 0.227482 230 57 70 R0 pano_camera7/frame_0415_hp_preview.jpg
-1.943130 1.409326 0.226066 230 57 70 R0 pano_camera7/frame_0416_hp_preview.jpg

# Object R1: Teal (720 points)
# Transform: Pos(0.000, 0.000, 0.000) Scale(1.000, 1.000, 1.000) Quat(0.000, 0.000, 0.000, 1.000)
-0.634292 -0.297534 2.749412 42 157 143 R1 pano_camera0/frame_0000_hp_preview.jpg
0.657215 -0.347635 3.193832 42 157 143 R1 pano_camera0/frame_0002_hp_preview.jpg
1.321819 -0.314403 3.409228 42 157 143 R1 pano_camera0/frame_0003_hp_preview.jpg
1.682987 -0.296546 3.536040 42 157 143 R1 pano_camera0/frame_0004_hp_preview.jpg
1.747522 -0.047609 3.699461 42 157 143 R1 pano_camera0/frame_0005_hp_preview.jpg
1.561515 -0.106181 3.515149 42 157 143 R1 pano_camera0/frame_0006_hp_preview.jpg
1.505666 -0.195672 3.383372 42 157 143 R1 pano_camera0/frame_0007_hp_preview.jpg
1.502231 -0.196603 3.392334 42 157 143 R1 pano_camera0/frame_0008_hp_preview.jpg
1.507100 -0.183617 3.446952 42 157 143 R1 pano_camera0/frame_0009_hp_preview.jpg
1.511328 -0.180309 3.450475 42 157 143 R1 pano_camera0/frame_0010_hp_preview.jpg
1.530436 -0.167478 3.442882 42 157 143 R1 pano_camera0/frame_0011_hp_preview.jpg
1.477697 -0.200366 3.442887 42 157 143 R1 pano_camera0/frame_0012_hp_preview.jpg
1.513378 -0.191388 3.366053 42 157 143 R1 pano_camera0/frame_0013_hp_preview.jpg
1.577836 0.024308 3.463488 42 157 143 R1 pano_camera0/frame_0014_hp_preview.jpg
1.646953 0.018663 3.451105 42 157 143 R1 pano_camera0/frame_0015_hp_preview.jpg
1.641788 0.037401 3.382469 42 157 143 R1 pano_camera0/frame_0016_hp_preview.jpg
1.254233 0.033317 3.256348 42 157 143 R1 pano_camera0/frame_0017_hp_preview.jpg
0.817146 0.041687 3.063609 42 157 143 R1 pano_camera0/frame_0018_hp_preview.jpg
0.570783 0.045260 2.858534 42 157 143 R1 pano_camera0/frame_0019_hp_preview.jpg
0.389064 0.049553 2.549204 42 157 143 R1 pano_camera0/frame_0020_hp_preview.jpg
0.292567 0.035593 1.961098 42 157 143 R1 pano_camera0/frame_0021_hp_preview.jpg
0.201839 0.019790 0.978393 42 157 143 R1 pano_camera0/frame_0022_hp_preview.jpg
0.124994 0.004692 0.558802 42 157 143 R1 pano_camera0/frame_0023_hp_preview.jpg
0.136211 0.000065 0.252298 42 157 143 R1 pano_camera0/frame_0024_hp_preview.jpg
0.380613 -0.000343 -0.254888 42 157 143 R1 pano_camera0/frame_0025_hp_preview.jpg
0.682525 0.017217 -0.492434 42 157 143 R1 pano_camera0/frame_0026_hp_preview.jpg
0.968088 0.016345 -0.588066 42 157 143 R1 pano_camera0/frame_0027_hp_preview.jpg
0.371667 0.006402 -0.869349 42 157 143 R1 pano_camera0/frame_0028_hp_preview.jpg
-0.399210 0.022881 -1.025618 42 157 143 R1 pano_camera0/frame_0029_hp_preview.jpg
-1.095508 0.025395 -1.216848 42 157 143 R1 pano_camera0/frame_0030_hp_preview.jpg
-1.532676 0.043460 -1.482141 42 157 143 R1 pano_camera0/frame_0031_hp_preview.jpg
-1.602836 0.027708 -1.956878 42 157 143 R1 pano_camera0/frame_0032_hp_preview.jpg
-1.477735 0.015653 -2.217592 42 157 143 R1 pano_camera0/frame_0033_hp_preview.jpg
-0.694228 0.027081 -2.566041 42 157 143 R1 pano_camera0/frame_0034_hp_preview.jpg
-0.454907 0.026624 -2.499287 42 157 143 R1 pano_camera0/frame_0035_hp_preview.jpg
0.132551 0.001762 -2.290873 42 157 143 R1 pano_camera0/frame_0036_hp_preview.jpg
0.592922 0.013911 -2.197727 42 157 143 R1 pano_camera0/frame_0037_hp_preview.jpg
1.021893 0.001558 -2.118525 42 157 143 R1 pano_camera0/frame_0038_hp_preview.jpg
1.761511 -0.043259 -2.365580 42 157 143 R1 pano_camera0/frame_0039_hp_preview.jpg
2.104224 -0.024128 -2.718896 42 157 143 R1 pano_camera0/frame_0040_hp_preview.jpg
2.150057 -0.016076 -2.795598 42 157 143 R1 pano_camera0/frame_0041_hp_preview.jpg
2.519833 -0.036271 -3.432037 42 157 143 R1 pano_camera0/frame_0042_hp_preview.jpg
2.893478 0.066924 -3.764411 42 157 143 R1 pano_camera0/frame_0043_hp_preview.jpg
3.341524 0.058885 -3.653434 42 157 143 R1 pano_camera0/frame_0044_hp_preview.jpg
3.997275 0.033966 -3.624808 42 157 143 R1 pano_camera0/frame_0045_hp_preview.jpg
4.135011 0.029071 -3.833632 42 157 143 R1 pano_camera0/frame_0046_hp_preview.jpg
4.105519 0.020065 -3.923777 42 157 143 R1 pano_camera0/frame_0047_hp_preview.jpg
3.929213 0.031586 -4.131916 42 157 143 R1 pano_camera0/frame_0048_hp_preview.jpg
3.320276 0.049787 -4.388829 42 157 143 R1 pano_camera0/frame_0049_hp_preview.jpg
2.503803 0.062155 -4.425289 42 157 143 R1 pano_camera0/frame_0050_hp_preview.jpg
2.468670 0.066632 -4.422256 42 157 143 R1 pano_camera0/frame_0051_hp_preview.jpg
1.637212 0.064768 -4.546018 42 157 143 R1 pano_camera0/frame_0052_hp_preview.jpg
1.451164 -0.028098 -4.655772 42 157 143 R1 pano_camera0/frame_0053_hp_preview.jpg
1.257509 -0.028348 -4.975098 42 157 143 R1 pano_camera0/frame_0054_hp_preview.jpg
0.469827 -0.032263 -5.285422 42 157 143 R1 pano_camera0/frame_0055_hp_preview.jpg
0.085965 -0.009371 -5.234771 42 157 143 R1 pano_camera0/frame_0056_hp_preview.jpg
-0.317910 -0.008385 -5.130787 42 157 143 R1 pano_camera0/frame_0057_hp_preview.jpg
-0.580469 -0.004430 -5.067184 42 157 143 R1 pano_camera0/frame_0058_hp_preview.jpg
-0.865855 -0.015822 -4.717750 42 157 143 R1 pano_camera0/frame_0059_hp_preview.jpg
-1.126165 0.010294 -4.158524 42 157 143 R1 pano_camera0/frame_0060_hp_preview.jpg
-1.267706 0.025386 -3.874037 42 157 143 R1 pano_camera0/frame_0061_hp_preview.jpg
-1.541720 0.004691 -2.916528 42 157 143 R1 pano_camera0/frame_0062_hp_preview.jpg
-1.767096 0.025412 -2.200437 42 157 143 R1 pano_camera0/frame_0063_hp_preview.jpg
-1.808038 0.029484 -2.070838 42 157 143 R1 pano_camera0/frame_0064_hp_preview.jpg
-2.303502 0.020747 -1.302400 42 157 143 R1 pano_camera0/frame_0065_hp_preview.jpg
-2.489625 0.027613 -1.169776 42 157 143 R1 pano_camera0/frame_0066_hp_preview.jpg
-3.027410 0.032913 -0.535740 42 157 143 R1 pano_camera0/frame_0067_hp_preview.jpg
-3.342821 0.051445 0.194323 42 157 143 R1 pano_camera0/frame_0068_hp_preview.jpg
-3.387062 0.057922 0.305016 42 157 143 R1 pano_camera0/frame_0069_hp_preview.jpg
-3.256023 0.057313 1.131187 42 157 143 R1 pano_camera0/frame_0070_hp_preview.jpg
-2.811590 0.045176 1.573836 42 157 143 R1 pano_camera0/frame_0071_hp_preview.jpg
-2.353612 0.044483 1.821567 42 157 143 R1 pano_camera0/frame_0072_hp_preview.jpg
-2.263228 0.045735 1.849291 42 157 143 R1 pano_camera0/frame_0073_hp_preview.jpg
-1.639681 0.039382 2.169082 42 157 143 R1 pano_camera0/frame_0074_hp_preview.jpg
-0.960425 0.044840 2.592229 42 157 143 R1 pano_camera0/frame_0075_hp_preview.jpg
-0.692904 0.032043 2.755690 42 157 143 R1 pano_camera0/frame_0076_hp_preview.jpg
-0.093005 0.043493 3.104889 42 157 143 R1 pano_camera0/frame_0077_hp_preview.jpg
0.604570 0.053433 3.485867 42 157 143 R1 pano_camera0/frame_0078_hp_preview.jpg
1.498847 0.027717 4.118669 42 157 143 R1 pano_camera0/frame_0079_hp_preview.jpg
1.881993 0.040118 4.695954 42 157 143 R1 pano_camera0/frame_0080_hp_preview.jpg
-2.369142 0.078095 3.109866 42 157 143 R1 pano_camera0/frame_0118_hp_preview.jpg
-2.346057 0.077636 2.653484 42 157 143 R1 pano_camera0/frame_0119_hp_preview.jpg
-2.711990 0.077469 2.037795 42 157 143 R1 pano_camera0/frame_0120_hp_preview.jpg
-3.057405 0.073601 1.802138 42 157 143 R1 pano_camera0/frame_0121_hp_preview.jpg
-3.370478 0.084400 1.663269 42 157 143 R1 pano_camera0/frame_0122_hp_preview.jpg
-4.037958 0.099953 1.545248 42 157 143 R1 pano_camera0/frame_0123_hp_preview.jpg
-4.564831 0.111790 1.689452 42 157 143 R1 pano_camera0/frame_0124_hp_preview.jpg
-4.691806 0.112239 2.035874 42 157 143 R1 pano_camera0/frame_0125_hp_preview.jpg
-4.695330 0.137566 2.248817 42 157 143 R1 pano_camera0/frame_0126_hp_preview.jpg
-4.564962 0.064198 -0.228547 42 157 143 R1 pano_camera0/frame_0197_hp_preview.jpg
-0.634292 -0.297534 2.749412 42 157 143 R1 pano_camera1/frame_0000_hp_preview.jpg
0.657215 -0.347635 3.193832 42 157 143 R1 pano_camera1/frame_0002_hp_preview.jpg
1.321819 -0.314403 3.409228 42 157 143 R1 pano_camera1/frame_0003_hp_preview.jpg
1.682987 -0.296546 3.536040 42 157 143 R1 pano_camera1/frame_0004_hp_preview.jpg
1.747522 -0.047609 3.699461 42 157 143 R1 pano_camera1/frame_0005_hp_preview.jpg
1.561515 -0.106181 3.515149 42 157 143 R1 pano_camera1/frame_0006_hp_preview.jpg
1.505666 -0.195672 3.383372 42 157 143 R1 pano_camera1/frame_0007_hp_preview.jpg
1.502231 -0.196603 3.392334 42 157 143 R1 pano_camera1/frame_0008_hp_preview.jpg
1.507100 -0.183617 3.446952 42 157 143 R1 pano_camera1/frame_0009_hp_preview.jpg
1.511328 -0.180309 3.450475 42 157 143 R1 pano_camera1/frame_0010_hp_preview.jpg
1.530436 -0.167478 3.442882 42 157 143 R1 pano_camera1/frame_0011_hp_preview.jpg
1.477697 -0.200366 3.442887 42 157 143 R1 pano_camera1/frame_0012_hp_preview.jpg
1.513378 -0.191388 3.366053 42 157 143 R1 pano_camera1/frame_0013_hp_preview.jpg
1.577836 0.024308 3.463488 42 157 143 R1 pano_camera1/frame_0014_hp_preview.jpg
1.646953 0.018663 3.451105 42 157 143 R1 pano_camera1/frame_0015_hp_preview.jpg
1.641788 0.037401 3.382469 42 157 143 R1 pano_camera1/frame_0016_hp_preview.jpg
1.254233 0.033317 3.256348 42 157 143 R1 pano_camera1/frame_0017_hp_preview.jpg
0.817146 0.041687 3.063609 42 157 143 R1 pano_camera1/frame_0018_hp_preview.jpg
0.570783 0.045260 2.858534 42 157 143 R1 pano_camera1/frame_0019_hp_preview.jpg
0.389064 0.049553 2.549204 42 157 143 R1 pano_camera1/frame_0020_hp_preview.jpg
0.292567 0.035593 1.961098 42 157 143 R1 pano_camera1/frame_0021_hp_preview.jpg
0.201839 0.019790 0.978393 42 157 143 R1 pano_camera1/frame_0022_hp_preview.jpg
0.124994 0.004692 0.558802 42 157 143 R1 pano_camera1/frame_0023_hp_preview.jpg
0.136211 0.000065 0.252298 42 157 143 R1 pano_camera1/frame_0024_hp_preview.jpg
0.380613 -0.000343 -0.254888 42 157 143 R1 pano_camera1/frame_0025_hp_preview.jpg
0.682525 0.017217 -0.492434 42 157 143 R1 pano_camera1/frame_0026_hp_preview.jpg
0.968088 0.016345 -0.588066 42 157 143 R1 pano_camera1/frame_0027_hp_preview.jpg
0.371667 0.006402 -0.869349 42 157 143 R1 pano_camera1/frame_0028_hp_preview.jpg
-0.399210 0.022881 -1.025618 42 157 143 R1 pano_camera1/frame_0029_hp_preview.jpg
-1.095508 0.025395 -1.216848 42 157 143 R1 pano_camera1/frame_0030_hp_preview.jpg
-1.532676 0.043460 -1.482141 42 157 143 R1 pano_camera1/frame_0031_hp_preview.jpg
-1.602836 0.027708 -1.956878 42 157 143 R1 pano_camera1/frame_0032_hp_preview.jpg
-1.477735 0.015653 -2.217592 42 157 143 R1 pano_camera1/frame_0033_hp_preview.jpg
-0.694228 0.027081 -2.566041 42 157 143 R1 pano_camera1/frame_0034_hp_preview.jpg
-0.454907 0.026624 -2.499287 42 157 143 R1 pano_camera1/frame_0035_hp_preview.jpg
0.132551 0.001762 -2.290873 42 157 143 R1 pano_camera1/frame_0036_hp_preview.jpg
0.592922 0.013911 -2.197727 42 157 143 R1 pano_camera1/frame_0037_hp_preview.jpg
1.021893 0.001558 -2.118525 42 157 143 R1 pano_camera1/frame_0038_hp_preview.jpg
1.761511 -0.043259 -2.365580 42 157 143 R1 pano_camera1/frame_0039_hp_preview.jpg
2.104224 -0.024128 -2.718896 42 157 143 R1 pano_camera1/frame_0040_hp_preview.jpg
2.150057 -0.016076 -2.795598 42 157 143 R1 pano_camera1/frame_0041_hp_preview.jpg
2.519833 -0.036271 -3.432037 42 157 143 R1 pano_camera1/frame_0042_hp_preview.jpg
2.893478 0.066924 -3.764411 42 157 143 R1 pano_camera1/frame_0043_hp_preview.jpg
3.341524 0.058885 -3.653434 42 157 143 R1 pano_camera1/frame_0044_hp_preview.jpg
3.997275 0.033966 -3.624808 42 157 143 R1 pano_camera1/frame_0045_hp_preview.jpg
4.135011 0.029071 -3.833632 42 157 143 R1 pano_camera1/frame_0046_hp_preview.jpg
4.105519 0.020065 -3.923777 42 157 143 R1 pano_camera1/frame_0047_hp_preview.jpg
3.929213 0.031586 -4.131916 42 157 143 R1 pano_camera1/frame_0048_hp_preview.jpg
3.320276 0.049787 -4.388829 42 157 143 R1 pano_camera1/frame_0049_hp_preview.jpg
2.503803 0.062155 -4.425289 42 157 143 R1 pano_camera1/frame_0050_hp_preview.jpg
2.468670 0.066632 -4.422256 42 157 143 R1 pano_camera1/frame_0051_hp_preview.jpg
1.637212 0.064768 -4.546018 42 157 143 R1 pano_camera1/frame_0052_hp_preview.jpg
1.451164 -0.028098 -4.655772 42 157 143 R1 pano_camera1/frame_0053_hp_preview.jpg
1.257509 -0.028348 -4.975098 42 157 143 R1 pano_camera1/frame_0054_hp_preview.jpg
0.469827 -0.032263 -5.285422 42 157 143 R1 pano_camera1/frame_0055_hp_preview.jpg
0.085965 -0.009371 -5.234771 42 157 143 R1 pano_camera1/frame_0056_hp_preview.jpg
-0.317910 -0.008385 -5.130787 42 157 143 R1 pano_camera1/frame_0057_hp_preview.jpg
-0.580469 -0.004430 -5.067184 42 157 143 R1 pano_camera1/frame_0058_hp_preview.jpg
-0.865855 -0.015822 -4.717750 42 157 143 R1 pano_camera1/frame_0059_hp_preview.jpg
-1.126165 0.010294 -4.158524 42 157 143 R1 pano_camera1/frame_0060_hp_preview.jpg
-1.267706 0.025386 -3.874037 42 157 143 R1 pano_camera1/frame_0061_hp_preview.jpg
-1.541720 0.004691 -2.916528 42 157 143 R1 pano_camera1/frame_0062_hp_preview.jpg
-1.767096 0.025412 -2.200437 42 157 143 R1 pano_camera1/frame_0063_hp_preview.jpg
-1.808038 0.029484 -2.070838 42 157 143 R1 pano_camera1/frame_0064_hp_preview.jpg
-2.303502 0.020747 -1.302400 42 157 143 R1 pano_camera1/frame_0065_hp_preview.jpg
-2.489625 0.027613 -1.169776 42 157 143 R1 pano_camera1/frame_0066_hp_preview.jpg
-3.027410 0.032913 -0.535740 42 157 143 R1 pano_camera1/frame_0067_hp_preview.jpg
-3.342821 0.051445 0.194323 42 157 143 R1 pano_camera1/frame_0068_hp_preview.jpg
-3.387062 0.057922 0.305016 42 157 143 R1 pano_camera1/frame_0069_hp_preview.jpg
-3.256023 0.057313 1.131187 42 157 143 R1 pano_camera1/frame_0070_hp_preview.jpg
-2.811590 0.045176 1.573836 42 157 143 R1 pano_camera1/frame_0071_hp_preview.jpg
-2.353612 0.044483 1.821567 42 157 143 R1 pano_camera1/frame_0072_hp_preview.jpg
-2.263228 0.045735 1.849291 42 157 143 R1 pano_camera1/frame_0073_hp_preview.jpg
-1.639681 0.039382 2.169082 42 157 143 R1 pano_camera1/frame_0074_hp_preview.jpg
-0.960425 0.044840 2.592229 42 157 143 R1 pano_camera1/frame_0075_hp_preview.jpg
-0.692904 0.032043 2.755690 42 157 143 R1 pano_camera1/frame_0076_hp_preview.jpg
-0.093005 0.043493 3.104889 42 157 143 R1 pano_camera1/frame_0077_hp_preview.jpg
0.604570 0.053433 3.485867 42 157 143 R1 pano_camera1/frame_0078_hp_preview.jpg
1.498847 0.027717 4.118669 42 157 143 R1 pano_camera1/frame_0079_hp_preview.jpg
1.881993 0.040118 4.695954 42 157 143 R1 pano_camera1/frame_0080_hp_preview.jpg
-2.369142 0.078095 3.109866 42 157 143 R1 pano_camera1/frame_0118_hp_preview.jpg
-2.346057 0.077636 2.653484 42 157 143 R1 pano_camera1/frame_0119_hp_preview.jpg
-2.711990 0.077469 2.037795 42 157 143 R1 pano_camera1/frame_0120_hp_preview.jpg
-3.057405 0.073601 1.802138 42 157 143 R1 pano_camera1/frame_0121_hp_preview.jpg
-3.370478 0.084400 1.663269 42 157 143 R1 pano_camera1/frame_0122_hp_preview.jpg
-4.037958 0.099953 1.545248 42 157 143 R1 pano_camera1/frame_0123_hp_preview.jpg
-4.564831 0.111790 1.689452 42 157 143 R1 pano_camera1/frame_0124_hp_preview.jpg
-4.691806 0.112239 2.035874 42 157 143 R1 pano_camera1/frame_0125_hp_preview.jpg
-4.695330 0.137566 2.248817 42 157 143 R1 pano_camera1/frame_0126_hp_preview.jpg
-4.564962 0.064198 -0.228547 42 157 143 R1 pano_camera1/frame_0197_hp_preview.jpg
-0.634292 -0.297534 2.749412 42 157 143 R1 pano_camera2/frame_0000_hp_preview.jpg
0.657215 -0.347635 3.193832 42 157 143 R1 pano_camera2/frame_0002_hp_preview.jpg
1.321819 -0.314403 3.409228 42 157 143 R1 pano_camera2/frame_0003_hp_preview.jpg
1.682987 -0.296546 3.536040 42 157 143 R1 pano_camera2/frame_0004_hp_preview.jpg
1.747522 -0.047609 3.699461 42 157 143 R1 pano_camera2/frame_0005_hp_preview.jpg
1.561515 -0.106181 3.515149 42 157 143 R1 pano_camera2/frame_0006_hp_preview.jpg
1.505666 -0.195672 3.383372 42 157 143 R1 pano_camera2/frame_0007_hp_preview.jpg
1.502231 -0.196603 3.392334 42 157 143 R1 pano_camera2/frame_0008_hp_preview.jpg
1.507100 -0.183617 3.446952 42 157 143 R1 pano_camera2/frame_0009_hp_preview.jpg
1.511328 -0.180309 3.450475 42 157 143 R1 pano_camera2/frame_0010_hp_preview.jpg
1.530436 -0.167478 3.442882 42 157 143 R1 pano_camera2/frame_0011_hp_preview.jpg
1.477697 -0.200366 3.442887 42 157 143 R1 pano_camera2/frame_0012_hp_preview.jpg
1.513378 -0.191388 3.366053 42 157 143 R1 pano_camera2/frame_0013_hp_preview.jpg
1.577836 0.024308 3.463488 42 157 143 R1 pano_camera2/frame_0014_hp_preview.jpg
1.646953 0.018663 3.451105 42 157 143 R1 pano_camera2/frame_0015_hp_preview.jpg
1.641788 0.037401 3.382469 42 157 143 R1 pano_camera2/frame_0016_hp_preview.jpg
1.254233 0.033317 3.256348 42 157 143 R1 pano_camera2/frame_0017_hp_preview.jpg
0.817146 0.041687 3.063609 42 157 143 R1 pano_camera2/frame_0018_hp_preview.jpg
0.570783 0.045260 2.858534 42 157 143 R1 pano_camera2/frame_0019_hp_preview.jpg
0.389064 0.049553 2.549204 42 157 143 R1 pano_camera2/frame_0020_hp_preview.jpg
0.292567 0.035593 1.961098 42 157 143 R1 pano_camera2/frame_0021_hp_preview.jpg
0.201839 0.019790 0.978393 42 157 143 R1 pano_camera2/frame_0022_hp_preview.jpg
0.124994 0.004692 0.558802 42 157 143 R1 pano_camera2/frame_0023_hp_preview.jpg
0.136211 0.000065 0.252298 42 157 143 R1 pano_camera2/frame_0024_hp_preview.jpg
0.380613 -0.000343 -0.254888 42 157 143 R1 pano_camera2/frame_0025_hp_preview.jpg
0.682525 0.017217 -0.492434 42 157 143 R1 pano_camera2/frame_0026_hp_preview.jpg
0.968088 0.016345 -0.588066 42 157 143 R1 pano_camera2/frame_0027_hp_preview.jpg
0.371667 0.006402 -0.869349 42 157 143 R1 pano_camera2/frame_0028_hp_preview.jpg
-0.399210 0.022881 -1.025618 42 157 143 R1 pano_camera2/frame_0029_hp_preview.jpg
-1.095508 0.025395 -1.216848 42 157 143 R1 pano_camera2/frame_0030_hp_preview.jpg
-1.532676 0.043460 -1.482141 42 157 143 R1 pano_camera2/frame_0031_hp_preview.jpg
-1.602836 0.027708 -1.956878 42 157 143 R1 pano_camera2/frame_0032_hp_preview.jpg
-1.477735 0.015653 -2.217592 42 157 143 R1 pano_camera2/frame_0033_hp_preview.jpg
-0.694228 0.027081 -2.566041 42 157 143 R1 pano_camera2/frame_0034_hp_preview.jpg
-0.454907 0.026624 -2.499287 42 157 143 R1 pano_camera2/frame_0035_hp_preview.jpg
0.132551 0.001762 -2.290873 42 157 143 R1 pano_camera2/frame_0036_hp_preview.jpg
0.592922 0.013911 -2.197727 42 157 143 R1 pano_camera2/frame_0037_hp_preview.jpg
1.021893 0.001558 -2.118525 42 157 143 R1 pano_camera2/frame_0038_hp_preview.jpg
1.761511 -0.043259 -2.365580 42 157 143 R1 pano_camera2/frame_0039_hp_preview.jpg
2.104224 -0.024128 -2.718896 42 157 143 R1 pano_camera2/frame_0040_hp_preview.jpg
2.150057 -0.016076 -2.795598 42 157 143 R1 pano_camera2/frame_0041_hp_preview.jpg
2.519833 -0.036271 -3.432037 42 157 143 R1 pano_camera2/frame_0042_hp_preview.jpg
2.893478 0.066924 -3.764411 42 157 143 R1 pano_camera2/frame_0043_hp_preview.jpg
3.341524 0.058885 -3.653434 42 157 143 R1 pano_camera2/frame_0044_hp_preview.jpg
3.997275 0.033966 -3.624808 42 157 143 R1 pano_camera2/frame_0045_hp_preview.jpg
4.135011 0.029071 -3.833632 42 157 143 R1 pano_camera2/frame_0046_hp_preview.jpg
4.105519 0.020065 -3.923777 42 157 143 R1 pano_camera2/frame_0047_hp_preview.jpg
3.929213 0.031586 -4.131916 42 157 143 R1 pano_camera2/frame_0048_hp_preview.jpg
3.320276 0.049787 -4.388829 42 157 143 R1 pano_camera2/frame_0049_hp_preview.jpg
2.503803 0.062155 -4.425289 42 157 143 R1 pano_camera2/frame_0050_hp_preview.jpg
2.468670 0.066632 -4.422256 42 157 143 R1 pano_camera2/frame_0051_hp_preview.jpg
1.637212 0.064768 -4.546018 42 157 143 R1 pano_camera2/frame_0052_hp_preview.jpg
1.451164 -0.028098 -4.655772 42 157 143 R1 pano_camera2/frame_0053_hp_preview.jpg
1.257509 -0.028348 -4.975098 42 157 143 R1 pano_camera2/frame_0054_hp_preview.jpg
0.469827 -0.032263 -5.285422 42 157 143 R1 pano_camera2/frame_0055_hp_preview.jpg
0.085965 -0.009371 -5.234771 42 157 143 R1 pano_camera2/frame_0056_hp_preview.jpg
-0.317910 -0.008385 -5.130787 42 157 143 R1 pano_camera2/frame_0057_hp_preview.jpg
-0.580469 -0.004430 -5.067184 42 157 143 R1 pano_camera2/frame_0058_hp_preview.jpg
-0.865855 -0.015822 -4.717750 42 157 143 R1 pano_camera2/frame_0059_hp_preview.jpg
-1.126165 0.010294 -4.158524 42 157 143 R1 pano_camera2/frame_0060_hp_preview.jpg
-1.267706 0.025386 -3.874037 42 157 143 R1 pano_camera2/frame_0061_hp_preview.jpg
-1.541720 0.004691 -2.916528 42 157 143 R1 pano_camera2/frame_0062_hp_preview.jpg
-1.767096 0.025412 -2.200437 42 157 143 R1 pano_camera2/frame_0063_hp_preview.jpg
-1.808038 0.029484 -2.070838 42 157 143 R1 pano_camera2/frame_0064_hp_preview.jpg
-2.303502 0.020747 -1.302400 42 157 143 R1 pano_camera2/frame_0065_hp_preview.jpg
-2.489625 0.027613 -1.169776 42 157 143 R1 pano_camera2/frame_0066_hp_preview.jpg
-3.027410 0.032913 -0.535740 42 157 143 R1 pano_camera2/frame_0067_hp_preview.jpg
-3.342821 0.051445 0.194323 42 157 143 R1 pano_camera2/frame_0068_hp_preview.jpg
-3.387062 0.057922 0.305016 42 157 143 R1 pano_camera2/frame_0069_hp_preview.jpg
-3.256023 0.057313 1.131187 42 157 143 R1 pano_camera2/frame_0070_hp_preview.jpg
-2.811590 0.045176 1.573836 42 157 143 R1 pano_camera2/frame_0071_hp_preview.jpg
-2.353612 0.044483 1.821567 42 157 143 R1 pano_camera2/frame_0072_hp_preview.jpg
-2.263228 0.045735 1.849291 42 157 143 R1 pano_camera2/frame_0073_hp_preview.jpg
-1.639681 0.039382 2.169082 42 157 143 R1 pano_camera2/frame_0074_hp_preview.jpg
-0.960425 0.044840 2.592229 42 157 143 R1 pano_camera2/frame_0075_hp_preview.jpg
-0.692904 0.032043 2.755690 42 157 143 R1 pano_camera2/frame_0076_hp_preview.jpg
-0.093005 0.043493 3.104889 42 157 143 R1 pano_camera2/frame_0077_hp_preview.jpg
0.604570 0.053433 3.485867 42 157 143 R1 pano_camera2/frame_0078_hp_preview.jpg
1.498847 0.027717 4.118669 42 157 143 R1 pano_camera2/frame_0079_hp_preview.jpg
1.881993 0.040118 4.695954 42 157 143 R1 pano_camera2/frame_0080_hp_preview.jpg
-2.369142 0.078095 3.109866 42 157 143 R1 pano_camera2/frame_0118_hp_preview.jpg
-2.346057 0.077636 2.653484 42 157 143 R1 pano_camera2/frame_0119_hp_preview.jpg
-2.711990 0.077469 2.037795 42 157 143 R1 pano_camera2/frame_0120_hp_preview.jpg
-3.057405 0.073601 1.802138 42 157 143 R1 pano_camera2/frame_0121_hp_preview.jpg
-3.370478 0.084400 1.663269 42 157 143 R1 pano_camera2/frame_0122_hp_preview.jpg
-4.037958 0.099953 1.545248 42 157 143 R1 pano_camera2/frame_0123_hp_preview.jpg
-4.564831 0.111790 1.689452 42 157 143 R1 pano_camera2/frame_0124_hp_preview.jpg
-4.691806 0.112239 2.035874 42 157 143 R1 pano_camera2/frame_0125_hp_preview.jpg
-4.695330 0.137566 2.248817 42 157 143 R1 pano_camera2/frame_0126_hp_preview.jpg
-4.564962 0.064198 -0.228547 42 157 143 R1 pano_camera2/frame_0197_hp_preview.jpg
-0.634292 -0.297534 2.749412 42 157 143 R1 pano_camera3/frame_0000_hp_preview.jpg
0.657215 -0.347635 3.193832 42 157 143 R1 pano_camera3/frame_0002_hp_preview.jpg
1.321819 -0.314403 3.409228 42 157 143 R1 pano_camera3/frame_0003_hp_preview.jpg
1.682987 -0.296546 3.536040 42 157 143 R1 pano_camera3/frame_0004_hp_preview.jpg
1.747522 -0.047609 3.699461 42 157 143 R1 pano_camera3/frame_0005_hp_preview.jpg
1.561515 -0.106181 3.515149 42 157 143 R1 pano_camera3/frame_0006_hp_preview.jpg
1.505666 -0.195672 3.383372 42 157 143 R1 pano_camera3/frame_0007_hp_preview.jpg
1.502231 -0.196603 3.392334 42 157 143 R1 pano_camera3/frame_0008_hp_preview.jpg
1.507100 -0.183617 3.446952 42 157 143 R1 pano_camera3/frame_0009_hp_preview.jpg
1.511328 -0.180309 3.450475 42 157 143 R1 pano_camera3/frame_0010_hp_preview.jpg
1.530436 -0.167478 3.442882 42 157 143 R1 pano_camera3/frame_0011_hp_preview.jpg
1.477697 -0.200366 3.442887 42 157 143 R1 pano_camera3/frame_0012_hp_preview.jpg
1.513378 -0.191388 3.366053 42 157 143 R1 pano_camera3/frame_0013_hp_preview.jpg
1.577836 0.024308 3.463488 42 157 143 R1 pano_camera3/frame_0014_hp_preview.jpg
1.646953 0.018663 3.451105 42 157 143 R1 pano_camera3/frame_0015_hp_preview.jpg
1.641788 0.037401 3.382469 42 157 143 R1 pano_camera3/frame_0016_hp_preview.jpg
1.254233 0.033317 3.256348 42 157 143 R1 pano_camera3/frame_0017_hp_preview.jpg
0.817146 0.041687 3.063609 42 157 143 R1 pano_camera3/frame_0018_hp_preview.jpg
0.570783 0.045260 2.858534 42 157 143 R1 pano_camera3/frame_0019_hp_preview.jpg
0.389064 0.049553 2.549204 42 157 143 R1 pano_camera3/frame_0020_hp_preview.jpg
0.292567 0.035593 1.961098 42 157 143 R1 pano_camera3/frame_0021_hp_preview.jpg
0.201839 0.019790 0.978393 42 157 143 R1 pano_camera3/frame_0022_hp_preview.jpg
0.124994 0.004692 0.558802 42 157 143 R1 pano_camera3/frame_0023_hp_preview.jpg
0.136211 0.000065 0.252298 42 157 143 R1 pano_camera3/frame_0024_hp_preview.jpg
0.380613 -0.000343 -0.254888 42 157 143 R1 pano_camera3/frame_0025_hp_preview.jpg
0.682525 0.017217 -0.492434 42 157 143 R1 pano_camera3/frame_0026_hp_preview.jpg
0.968088 0.016345 -0.588066 42 157 143 R1 pano_camera3/frame_0027_hp_preview.jpg
0.371667 0.006402 -0.869349 42 157 143 R1 pano_camera3/frame_0028_hp_preview.jpg
-0.399210 0.022881 -1.025618 42 157 143 R1 pano_camera3/frame_0029_hp_preview.jpg
-1.095508 0.025395 -1.216848 42 157 143 R1 pano_camera3/frame_0030_hp_preview.jpg
-1.532676 0.043460 -1.482141 42 157 143 R1 pano_camera3/frame_0031_hp_preview.jpg
-1.602836 0.027708 -1.956878 42 157 143 R1 pano_camera3/frame_0032_hp_preview.jpg
-1.477735 0.015653 -2.217592 42 157 143 R1 pano_camera3/frame_0033_hp_preview.jpg
-0.694228 0.027081 -2.566041 42 157 143 R1 pano_camera3/frame_0034_hp_preview.jpg
-0.454907 0.026624 -2.499287 42 157 143 R1 pano_camera3/frame_0035_hp_preview.jpg
0.132551 0.001762 -2.290873 42 157 143 R1 pano_camera3/frame_0036_hp_preview.jpg
0.592922 0.013911 -2.197727 42 157 143 R1 pano_camera3/frame_0037_hp_preview.jpg
1.021893 0.001558 -2.118525 42 157 143 R1 pano_camera3/frame_0038_hp_preview.jpg
1.761511 -0.043259 -2.365580 42 157 143 R1 pano_camera3/frame_0039_hp_preview.jpg
2.104224 -0.024128 -2.718896 42 157 143 R1 pano_camera3/frame_0040_hp_preview.jpg
2.150057 -0.016076 -2.795598 42 157 143 R1 pano_camera3/frame_0041_hp_preview.jpg
2.519833 -0.036271 -3.432037 42 157 143 R1 pano_camera3/frame_0042_hp_preview.jpg
2.893478 0.066924 -3.764411 42 157 143 R1 pano_camera3/frame_0043_hp_preview.jpg
3.341524 0.058885 -3.653434 42 157 143 R1 pano_camera3/frame_0044_hp_preview.jpg
3.997275 0.033966 -3.624808 42 157 143 R1 pano_camera3/frame_0045_hp_preview.jpg
4.135011 0.029071 -3.833632 42 157 143 R1 pano_camera3/frame_0046_hp_preview.jpg
4.105519 0.020065 -3.923777 42 157 143 R1 pano_camera3/frame_0047_hp_preview.jpg
3.929213 0.031586 -4.131916 42 157 143 R1 pano_camera3/frame_0048_hp_preview.jpg
3.320276 0.049787 -4.388829 42 157 143 R1 pano_camera3/frame_0049_hp_preview.jpg
2.503803 0.062155 -4.425289 42 157 143 R1 pano_camera3/frame_0050_hp_preview.jpg
2.468670 0.066632 -4.422256 42 157 143 R1 pano_camera3/frame_0051_hp_preview.jpg
1.637212 0.064768 -4.546018 42 157 143 R1 pano_camera3/frame_0052_hp_preview.jpg
1.451164 -0.028098 -4.655772 42 157 143 R1 pano_camera3/frame_0053_hp_preview.jpg
1.257509 -0.028348 -4.975098 42 157 143 R1 pano_camera3/frame_0054_hp_preview.jpg
0.469827 -0.032263 -5.285422 42 157 143 R1 pano_camera3/frame_0055_hp_preview.jpg
0.085965 -0.009371 -5.234771 42 157 143 R1 pano_camera3/frame_0056_hp_preview.jpg
-0.317910 -0.008385 -5.130787 42 157 143 R1 pano_camera3/frame_0057_hp_preview.jpg
-0.580469 -0.004430 -5.067184 42 157 143 R1 pano_camera3/frame_0058_hp_preview.jpg
-0.865855 -0.015822 -4.717750 42 157 143 R1 pano_camera3/frame_0059_hp_preview.jpg
-1.126165 0.010294 -4.158524 42 157 143 R1 pano_camera3/frame_0060_hp_preview.jpg
-1.267706 0.025386 -3.874037 42 157 143 R1 pano_camera3/frame_0061_hp_preview.jpg
-1.541720 0.004691 -2.916528 42 157 143 R1 pano_camera3/frame_0062_hp_preview.jpg
-1.767096 0.025412 -2.200437 42 157 143 R1 pano_camera3/frame_0063_hp_preview.jpg
-1.808038 0.029484 -2.070838 42 157 143 R1 pano_camera3/frame_0064_hp_preview.jpg
-2.303502 0.020747 -1.302400 42 157 143 R1 pano_camera3/frame_0065_hp_preview.jpg
-2.489625 0.027613 -1.169776 42 157 143 R1 pano_camera3/frame_0066_hp_preview.jpg
-3.027410 0.032913 -0.535740 42 157 143 R1 pano_camera3/frame_0067_hp_preview.jpg
-3.342821 0.051445 0.194323 42 157 143 R1 pano_camera3/frame_0068_hp_preview.jpg
-3.387062 0.057922 0.305016 42 157 143 R1 pano_camera3/frame_0069_hp_preview.jpg
-3.256023 0.057313 1.131187 42 157 143 R1 pano_camera3/frame_0070_hp_preview.jpg
-2.811590 0.045176 1.573836 42 157 143 R1 pano_camera3/frame_0071_hp_preview.jpg
-2.353612 0.044483 1.821567 42 157 143 R1 pano_camera3/frame_0072_hp_preview.jpg
-2.263228 0.045735 1.849291 42 157 143 R1 pano_camera3/frame_0073_hp_preview.jpg
-1.639681 0.039382 2.169082 42 157 143 R1 pano_camera3/frame_0074_hp_preview.jpg
-0.960425 0.044840 2.592229 42 157 143 R1 pano_camera3/frame_0075_hp_preview.jpg
-0.692904 0.032043 2.755690 42 157 143 R1 pano_camera3/frame_0076_hp_preview.jpg
-0.093005 0.043493 3.104889 42 157 143 R1 pano_camera3/frame_0077_hp_preview.jpg
0.604570 0.053433 3.485867 42 157 143 R1 pano_camera3/frame_0078_hp_preview.jpg
1.498847 0.027717 4.118669 42 157 143 R1 pano_camera3/frame_0079_hp_preview.jpg
1.881993 0.040118 4.695954 42 157 143 R1 pano_camera3/frame_0080_hp_preview.jpg
-2.369142 0.078095 3.109866 42 157 143 R1 pano_camera3/frame_0118_hp_preview.jpg
-2.346057 0.077636 2.653484 42 157 143 R1 pano_camera3/frame_0119_hp_preview.jpg
-2.711990 0.077469 2.037795 42 157 143 R1 pano_camera3/frame_0120_hp_preview.jpg
-3.057405 0.073601 1.802138 42 157 143 R1 pano_camera3/frame_0121_hp_preview.jpg
-3.370478 0.084400 1.663269 42 157 143 R1 pano_camera3/frame_0122_hp_preview.jpg
-4.037958 0.099953 1.545248 42 157 143 R1 pano_camera3/frame_0123_hp_preview.jpg
-4.564831 0.111790 1.689452 42 157 143 R1 pano_camera3/frame_0124_hp_preview.jpg
-4.691806 0.112239 2.035874 42 157 143 R1 pano_camera3/frame_0125_hp_preview.jpg
-4.695330 0.137566 2.248817 42 157 143 R1 pano_camera3/frame_0126_hp_preview.jpg
-4.564962 0.064198 -0.228547 42 157 143 R1 pano_camera3/frame_0197_hp_preview.jpg
-0.634292 -0.297534 2.749412 42 157 143 R1 pano_camera4/frame_0000_hp_preview.jpg
0.657215 -0.347635 3.193832 42 157 143 R1 pano_camera4/frame_0002_hp_preview.jpg
1.321819 -0.314403 3.409228 42 157 143 R1 pano_camera4/frame_0003_hp_preview.jpg
1.682987 -0.296546 3.536040 42 157 143 R1 pano_camera4/frame_0004_hp_preview.jpg
1.747522 -0.047609 3.699461 42 157 143 R1 pano_camera4/frame_0005_hp_preview.jpg
1.561515 -0.106181 3.515149 42 157 143 R1 pano_camera4/frame_0006_hp_preview.jpg
1.505666 -0.195672 3.383372 42 157 143 R1 pano_camera4/frame_0007_hp_preview.jpg
1.502231 -0.196603 3.392334 42 157 143 R1 pano_camera4/frame_0008_hp_preview.jpg
1.507100 -0.183617 3.446952 42 157 143 R1 pano_camera4/frame_0009_hp_preview.jpg
1.511328 -0.180309 3.450475 42 157 143 R1 pano_camera4/frame_0010_hp_preview.jpg
1.530436 -0.167478 3.442882 42 157 143 R1 pano_camera4/frame_0011_hp_preview.jpg
1.477697 -0.200366 3.442887 42 157 143 R1 pano_camera4/frame_0012_hp_preview.jpg
1.513378 -0.191388 3.366053 42 157 143 R1 pano_camera4/frame_0013_hp_preview.jpg
1.577836 0.024308 3.463488 42 157 143 R1 pano_camera4/frame_0014_hp_preview.jpg
1.646953 0.018663 3.451105 42 157 143 R1 pano_camera4/frame_0015_hp_preview.jpg
1.641788 0.037401 3.382469 42 157 143 R1 pano_camera4/frame_0016_hp_preview.jpg
1.254233 0.033317 3.256348 42 157 143 R1 pano_camera4/frame_0017_hp_preview.jpg
0.817146 0.041687 3.063609 42 157 143 R1 pano_camera4/frame_0018_hp_preview.jpg
0.570783 0.045260 2.858534 42 157 143 R1 pano_camera4/frame_0019_hp_preview.jpg
0.389064 0.049553 2.549204 42 157 143 R1 pano_camera4/frame_0020_hp_preview.jpg
0.292567 0.035593 1.961098 42 157 143 R1 pano_camera4/frame_0021_hp_preview.jpg
0.201839 0.019790 0.978393 42 157 143 R1 pano_camera4/frame_0022_hp_preview.jpg
0.124994 0.004692 0.558802 42 157 143 R1 pano_camera4/frame_0023_hp_preview.jpg
0.136211 0.000065 0.252298 42 157 143 R1 pano_camera4/frame_0024_hp_preview.jpg
0.380613 -0.000343 -0.254888 42 157 143 R1 pano_camera4/frame_0025_hp_preview.jpg
0.682525 0.017217 -0.492434 42 157 143 R1 pano_camera4/frame_0026_hp_preview.jpg
0.968088 0.016345 -0.588066 42 157 143 R1 pano_camera4/frame_0027_hp_preview.jpg
0.371667 0.006402 -0.869349 42 157 143 R1 pano_camera4/frame_0028_hp_preview.jpg
-0.399210 0.022881 -1.025618 42 157 143 R1 pano_camera4/frame_0029_hp_preview.jpg
-1.095508 0.025395 -1.216848 42 157 143 R1 pano_camera4/frame_0030_hp_preview.jpg
-1.532676 0.043460 -1.482141 42 157 143 R1 pano_camera4/frame_0031_hp_preview.jpg
-1.602836 0.027708 -1.956878 42 157 143 R1 pano_camera4/frame_0032_hp_preview.jpg
-1.477735 0.015653 -2.217592 42 157 143 R1 pano_camera4/frame_0033_hp_preview.jpg
-0.694228 0.027081 -2.566041 42 157 143 R1 pano_camera4/frame_0034_hp_preview.jpg
-0.454907 0.026624 -2.499287 42 157 143 R1 pano_camera4/frame_0035_hp_preview.jpg
0.132551 0.001762 -2.290873 42 157 143 R1 pano_camera4/frame_0036_hp_preview.jpg
0.592922 0.013911 -2.197727 42 157 143 R1 pano_camera4/frame_0037_hp_preview.jpg
1.021893 0.001558 -2.118525 42 157 143 R1 pano_camera4/frame_0038_hp_preview.jpg
1.761511 -0.043259 -2.365580 42 157 143 R1 pano_camera4/frame_0039_hp_preview.jpg
2.104224 -0.024128 -2.718896 42 157 143 R1 pano_camera4/frame_0040_hp_preview.jpg
2.150057 -0.016076 -2.795598 42 157 143 R1 pano_camera4/frame_0041_hp_preview.jpg
2.519833 -0.036271 -3.432037 42 157 143 R1 pano_camera4/frame_0042_hp_preview.jpg
2.893478 0.066924 -3.764411 42 157 143 R1 pano_camera4/frame_0043_hp_preview.jpg
3.341524 0.058885 -3.653434 42 157 143 R1 pano_camera4/frame_0044_hp_preview.jpg
3.997275 0.033966 -3.624808 42 157 143 R1 pano_camera4/frame_0045_hp_preview.jpg
4.135011 0.029071 -3.833632 42 157 143 R1 pano_camera4/frame_0046_hp_preview.jpg
4.105519 0.020065 -3.923777 42 157 143 R1 pano_camera4/frame_0047_hp_preview.jpg
3.929213 0.031586 -4.131916 42 157 143 R1 pano_camera4/frame_0048_hp_preview.jpg
3.320276 0.049787 -4.388829 42 157 143 R1 pano_camera4/frame_0049_hp_preview.jpg
2.503803 0.062155 -4.425289 42 157 143 R1 pano_camera4/frame_0050_hp_preview.jpg
2.468670 0.066632 -4.422256 42 157 143 R1 pano_camera4/frame_0051_hp_preview.jpg
1.637212 0.064768 -4.546018 42 157 143 R1 pano_camera4/frame_0052_hp_preview.jpg
1.451164 -0.028098 -4.655772 42 157 143 R1 pano_camera4/frame_0053_hp_preview.jpg
1.257509 -0.028348 -4.975098 42 157 143 R1 pano_camera4/frame_0054_hp_preview.jpg
0.469827 -0.032263 -5.285422 42 157 143 R1 pano_camera4/frame_0055_hp_preview.jpg
0.085965 -0.009371 -5.234771 42 157 143 R1 pano_camera4/frame_0056_hp_preview.jpg
-0.317910 -0.008385 -5.130787 42 157 143 R1 pano_camera4/frame_0057_hp_preview.jpg
-0.580469 -0.004430 -5.067184 42 157 143 R1 pano_camera4/frame_0058_hp_preview.jpg
-0.865855 -0.015822 -4.717750 42 157 143 R1 pano_camera4/frame_0059_hp_preview.jpg
-1.126165 0.010294 -4.158524 42 157 143 R1 pano_camera4/frame_0060_hp_preview.jpg
-1.267706 0.025386 -3.874037 42 157 143 R1 pano_camera4/frame_0061_hp_preview.jpg
-1.541720 0.004691 -2.916528 42 157 143 R1 pano_camera4/frame_0062_hp_preview.jpg
-1.767096 0.025412 -2.200437 42 157 143 R1 pano_camera4/frame_0063_hp_preview.jpg
-1.808038 0.029484 -2.070838 42 157 143 R1 pano_camera4/frame_0064_hp_preview.jpg
-2.303502 0.020747 -1.302400 42 157 143 R1 pano_camera4/frame_0065_hp_preview.jpg
-2.489625 0.027613 -1.169776 42 157 143 R1 pano_camera4/frame_0066_hp_preview.jpg
-3.027410 0.032913 -0.535740 42 157 143 R1 pano_camera4/frame_0067_hp_preview.jpg
-3.342821 0.051445 0.194323 42 157 143 R1 pano_camera4/frame_0068_hp_preview.jpg
-3.387062 0.057922 0.305016 42 157 143 R1 pano_camera4/frame_0069_hp_preview.jpg
-3.256023 0.057313 1.131187 42 157 143 R1 pano_camera4/frame_0070_hp_preview.jpg
-2.811590 0.045176 1.573836 42 157 143 R1 pano_camera4/frame_0071_hp_preview.jpg
-2.353612 0.044483 1.821567 42 157 143 R1 pano_camera4/frame_0072_hp_preview.jpg
-2.263228 0.045735 1.849291 42 157 143 R1 pano_camera4/frame_0073_hp_preview.jpg
-1.639681 0.039382 2.169082 42 157 143 R1 pano_camera4/frame_0074_hp_preview.jpg
-0.960425 0.044840 2.592229 42 157 143 R1 pano_camera4/frame_0075_hp_preview.jpg
-0.692904 0.032043 2.755690 42 157 143 R1 pano_camera4/frame_0076_hp_preview.jpg
-0.093005 0.043493 3.104889 42 157 143 R1 pano_camera4/frame_0077_hp_preview.jpg
0.604570 0.053433 3.485867 42 157 143 R1 pano_camera4/frame_0078_hp_preview.jpg
1.498847 0.027717 4.118669 42 157 143 R1 pano_camera4/frame_0079_hp_preview.jpg
1.881993 0.040118 4.695954 42 157 143 R1 pano_camera4/frame_0080_hp_preview.jpg
-2.369142 0.078095 3.109866 42 157 143 R1 pano_camera4/frame_0118_hp_preview.jpg
-2.346057 0.077636 2.653484 42 157 143 R1 pano_camera4/frame_0119_hp_preview.jpg
-2.711990 0.077469 2.037795 42 157 143 R1 pano_camera4/frame_0120_hp_preview.jpg
-3.057405 0.073601 1.802138 42 157 143 R1 pano_camera4/frame_0121_hp_preview.jpg
-3.370478 0.084400 1.663269 42 157 143 R1 pano_camera4/frame_0122_hp_preview.jpg
-4.037958 0.099953 1.545248 42 157 143 R1 pano_camera4/frame_0123_hp_preview.jpg
-4.564831 0.111790 1.689452 42 157 143 R1 pano_camera4/frame_0124_hp_preview.jpg
-4.691806 0.112239 2.035874 42 157 143 R1 pano_camera4/frame_0125_hp_preview.jpg
-4.695330 0.137566 2.248817 42 157 143 R1 pano_camera4/frame_0126_hp_preview.jpg
-4.564962 0.064198 -0.228547 42 157 143 R1 pano_camera4/frame_0197_hp_preview.jpg
-0.634292 -0.297534 2.749412 42 157 143 R1 pano_camera5/frame_0000_hp_preview.jpg
0.657215 -0.347635 3.193832 42 157 143 R1 pano_camera5/frame_0002_hp_preview.jpg
1.321819 -0.314403 3.409228 42 157 143 R1 pano_camera5/frame_0003_hp_preview.jpg
1.682987 -0.296546 3.536040 42 157 143 R1 pano_camera5/frame_0004_hp_preview.jpg
1.747522 -0.047609 3.699461 42 157 143 R1 pano_camera5/frame_0005_hp_preview.jpg
1.561515 -0.106181 3.515149 42 157 143 R1 pano_camera5/frame_0006_hp_preview.jpg
1.505666 -0.195672 3.383372 42 157 143 R1 pano_camera5/frame_0007_hp_preview.jpg
1.502231 -0.196603 3.392334 42 157 143 R1 pano_camera5/frame_0008_hp_preview.jpg
1.507100 -0.183617 3.446952 42 157 143 R1 pano_camera5/frame_0009_hp_preview.jpg
1.511328 -0.180309 3.450475 42 157 143 R1 pano_camera5/frame_0010_hp_preview.jpg
1.530436 -0.167478 3.442882 42 157 143 R1 pano_camera5/frame_0011_hp_preview.jpg
1.477697 -0.200366 3.442887 42 157 143 R1 pano_camera5/frame_0012_hp_preview.jpg
1.513378 -0.191388 3.366053 42 157 143 R1 pano_camera5/frame_0013_hp_preview.jpg
1.577836 0.024308 3.463488 42 157 143 R1 pano_camera5/frame_0014_hp_preview.jpg
1.646953 0.018663 3.451105 42 157 143 R1 pano_camera5/frame_0015_hp_preview.jpg
1.641788 0.037401 3.382469 42 157 143 R1 pano_camera5/frame_0016_hp_preview.jpg
1.254233 0.033317 3.256348 42 157 143 R1 pano_camera5/frame_0017_hp_preview.jpg
0.817146 0.041687 3.063609 42 157 143 R1 pano_camera5/frame_0018_hp_preview.jpg
0.570783 0.045260 2.858534 42 157 143 R1 pano_camera5/frame_0019_hp_preview.jpg
0.389064 0.049553 2.549204 42 157 143 R1 pano_camera5/frame_0020_hp_preview.jpg
0.292567 0.035593 1.961098 42 157 143 R1 pano_camera5/frame_0021_hp_preview.jpg
0.201839 0.019790 0.978393 42 157 143 R1 pano_camera5/frame_0022_hp_preview.jpg
0.124994 0.004692 0.558802 42 157 143 R1 pano_camera5/frame_0023_hp_preview.jpg
0.136211 0.000065 0.252298 42 157 143 R1 pano_camera5/frame_0024_hp_preview.jpg
0.380613 -0.000343 -0.254888 42 157 143 R1 pano_camera5/frame_0025_hp_preview.jpg
0.682525 0.017217 -0.492434 42 157 143 R1 pano_camera5/frame_0026_hp_preview.jpg
0.968088 0.016345 -0.588066 42 157 143 R1 pano_camera5/frame_0027_hp_preview.jpg
0.371667 0.006402 -0.869349 42 157 143 R1 pano_camera5/frame_0028_hp_preview.jpg
-0.399210 0.022881 -1.025618 42 157 143 R1 pano_camera5/frame_0029_hp_preview.jpg
-1.095508 0.025395 -1.216848 42 157 143 R1 pano_camera5/frame_0030_hp_preview.jpg
-1.532676 0.043460 -1.482141 42 157 143 R1 pano_camera5/frame_0031_hp_preview.jpg
-1.602836 0.027708 -1.956878 42 157 143 R1 pano_camera5/frame_0032_hp_preview.jpg
-1.477735 0.015653 -2.217592 42 157 143 R1 pano_camera5/frame_0033_hp_preview.jpg
-0.694228 0.027081 -2.566041 42 157 143 R1 pano_camera5/frame_0034_hp_preview.jpg
-0.454907 0.026624 -2.499287 42 157 143 R1 pano_camera5/frame_0035_hp_preview.jpg
0.132551 0.001762 -2.290873 42 157 143 R1 pano_camera5/frame_0036_hp_preview.jpg
0.592922 0.013911 -2.197727 42 157 143 R1 pano_camera5/frame_0037_hp_preview.jpg
1.021893 0.001558 -2.118525 42 157 143 R1 pano_camera5/frame_0038_hp_preview.jpg
1.761511 -0.043259 -2.365580 42 157 143 R1 pano_camera5/frame_0039_hp_preview.jpg
2.104224 -0.024128 -2.718896 42 157 143 R1 pano_camera5/frame_0040_hp_preview.jpg
2.150057 -0.016076 -2.795598 42 157 143 R1 pano_camera5/frame_0041_hp_preview.jpg
2.519833 -0.036271 -3.432037 42 157 143 R1 pano_camera5/frame_0042_hp_preview.jpg
2.893478 0.066924 -3.764411 42 157 143 R1 pano_camera5/frame_0043_hp_preview.jpg
3.341524 0.058885 -3.653434 42 157 143 R1 pano_camera5/frame_0044_hp_preview.jpg
3.997275 0.033966 -3.624808 42 157 143 R1 pano_camera5/frame_0045_hp_preview.jpg
4.135011 0.029071 -3.833632 42 157 143 R1 pano_camera5/frame_0046_hp_preview.jpg
4.105519 0.020065 -3.923777 42 157 143 R1 pano_camera5/frame_0047_hp_preview.jpg
3.929213 0.031586 -4.131916 42 157 143 R1 pano_camera5/frame_0048_hp_preview.jpg
3.320276 0.049787 -4.388829 42 157 143 R1 pano_camera5/frame_0049_hp_preview.jpg
2.503803 0.062155 -4.425289 42 157 143 R1 pano_camera5/frame_0050_hp_preview.jpg
2.468670 0.066632 -4.422256 42 157 143 R1 pano_camera5/frame_0051_hp_preview.jpg
1.637212 0.064768 -4.546018 42 157 143 R1 pano_camera5/frame_0052_hp_preview.jpg
1.451164 -0.028098 -4.655772 42 157 143 R1 pano_camera5/frame_0053_hp_preview.jpg
1.257509 -0.028348 -4.975098 42 157 143 R1 pano_camera5/frame_0054_hp_preview.jpg
0.469827 -0.032263 -5.285422 42 157 143 R1 pano_camera5/frame_0055_hp_preview.jpg
0.085965 -0.009371 -5.234771 42 157 143 R1 pano_camera5/frame_0056_hp_preview.jpg
-0.317910 -0.008385 -5.130787 42 157 143 R1 pano_camera5/frame_0057_hp_preview.jpg
-0.580469 -0.004430 -5.067184 42 157 143 R1 pano_camera5/frame_0058_hp_preview.jpg
-0.865855 -0.015822 -4.717750 42 157 143 R1 pano_camera5/frame_0059_hp_preview.jpg
-1.126165 0.010294 -4.158524 42 157 143 R1 pano_camera5/frame_0060_hp_preview.jpg
-1.267706 0.025386 -3.874037 42 157 143 R1 pano_camera5/frame_0061_hp_preview.jpg
-1.541720 0.004691 -2.916528 42 157 143 R1 pano_camera5/frame_0062_hp_preview.jpg
-1.767096 0.025412 -2.200437 42 157 143 R1 pano_camera5/frame_0063_hp_preview.jpg
-1.808038 0.029484 -2.070838 42 157 143 R1 pano_camera5/frame_0064_hp_preview.jpg
-2.303502 0.020747 -1.302400 42 157 143 R1 pano_camera5/frame_0065_hp_preview.jpg
-2.489625 0.027613 -1.169776 42 157 143 R1 pano_camera5/frame_0066_hp_preview.jpg
-3.027410 0.032913 -0.535740 42 157 143 R1 pano_camera5/frame_0067_hp_preview.jpg
-3.342821 0.051445 0.194323 42 157 143 R1 pano_camera5/frame_0068_hp_preview.jpg
-3.387062 0.057922 0.305016 42 157 143 R1 pano_camera5/frame_0069_hp_preview.jpg
-3.256023 0.057313 1.131187 42 157 143 R1 pano_camera5/frame_0070_hp_preview.jpg
-2.811590 0.045176 1.573836 42 157 143 R1 pano_camera5/frame_0071_hp_preview.jpg
-2.353612 0.044483 1.821567 42 157 143 R1 pano_camera5/frame_0072_hp_preview.jpg
-2.263228 0.045735 1.849291 42 157 143 R1 pano_camera5/frame_0073_hp_preview.jpg
-1.639681 0.039382 2.169082 42 157 143 R1 pano_camera5/frame_0074_hp_preview.jpg
-0.960425 0.044840 2.592229 42 157 143 R1 pano_camera5/frame_0075_hp_preview.jpg
-0.692904 0.032043 2.755690 42 157 143 R1 pano_camera5/frame_0076_hp_preview.jpg
-0.093005 0.043493 3.104889 42 157 143 R1 pano_camera5/frame_0077_hp_preview.jpg
0.604570 0.053433 3.485867 42 157 143 R1 pano_camera5/frame_0078_hp_preview.jpg
1.498847 0.027717 4.118669 42 157 143 R1 pano_camera5/frame_0079_hp_preview.jpg
1.881993 0.040118 4.695954 42 157 143 R1 pano_camera5/frame_0080_hp_preview.jpg
-2.369142 0.078095 3.109866 42 157 143 R1 pano_camera5/frame_0118_hp_preview.jpg
-2.346057 0.077636 2.653484 42 157 143 R1 pano_camera5/frame_0119_hp_preview.jpg
-2.711990 0.077469 2.037795 42 157 143 R1 pano_camera5/frame_0120_hp_preview.jpg
-3.057405 0.073601 1.802138 42 157 143 R1 pano_camera5/frame_0121_hp_preview.jpg
-3.370478 0.084400 1.663269 42 157 143 R1 pano_camera5/frame_0122_hp_preview.jpg
-4.037958 0.099953 1.545248 42 157 143 R1 pano_camera5/frame_0123_hp_preview.jpg
-4.564831 0.111790 1.689452 42 157 143 R1 pano_camera5/frame_0124_hp_preview.jpg
-4.691806 0.112239 2.035874 42 157 143 R1 pano_camera5/frame_0125_hp_preview.jpg
-4.695330 0.137566 2.248817 42 157 143 R1 pano_camera5/frame_0126_hp_preview.jpg
-4.564962 0.064198 -0.228547 42 157 143 R1 pano_camera5/frame_0197_hp_preview.jpg
-0.634292 -0.297534 2.749412 42 157 143 R1 pano_camera6/frame_0000_hp_preview.jpg
0.657215 -0.347635 3.193832 42 157 143 R1 pano_camera6/frame_0002_hp_preview.jpg
1.321819 -0.314403 3.409228 42 157 143 R1 pano_camera6/frame_0003_hp_preview.jpg
1.682987 -0.296546 3.536040 42 157 143 R1 pano_camera6/frame_0004_hp_preview.jpg
1.747522 -0.047609 3.699461 42 157 143 R1 pano_camera6/frame_0005_hp_preview.jpg
1.561515 -0.106181 3.515149 42 157 143 R1 pano_camera6/frame_0006_hp_preview.jpg
1.505666 -0.195672 3.383372 42 157 143 R1 pano_camera6/frame_0007_hp_preview.jpg
1.502231 -0.196603 3.392334 42 157 143 R1 pano_camera6/frame_0008_hp_preview.jpg
1.507100 -0.183617 3.446952 42 157 143 R1 pano_camera6/frame_0009_hp_preview.jpg
1.511328 -0.180309 3.450475 42 157 143 R1 pano_camera6/frame_0010_hp_preview.jpg
1.530436 -0.167478 3.442882 42 157 143 R1 pano_camera6/frame_0011_hp_preview.jpg
1.477697 -0.200366 3.442887 42 157 143 R1 pano_camera6/frame_0012_hp_preview.jpg
1.513378 -0.191388 3.366053 42 157 143 R1 pano_camera6/frame_0013_hp_preview.jpg
1.577836 0.024308 3.463488 42 157 143 R1 pano_camera6/frame_0014_hp_preview.jpg
1.646953 0.018663 3.451105 42 157 143 R1 pano_camera6/frame_0015_hp_preview.jpg
1.641788 0.037401 3.382469 42 157 143 R1 pano_camera6/frame_0016_hp_preview.jpg
1.254233 0.033317 3.256348 42 157 143 R1 pano_camera6/frame_0017_hp_preview.jpg
0.817146 0.041687 3.063609 42 157 143 R1 pano_camera6/frame_0018_hp_preview.jpg
0.570783 0.045260 2.858534 42 157 143 R1 pano_camera6/frame_0019_hp_preview.jpg
0.389064 0.049553 2.549204 42 157 143 R1 pano_camera6/frame_0020_hp_preview.jpg
0.292567 0.035593 1.961098 42 157 143 R1 pano_camera6/frame_0021_hp_preview.jpg
0.201839 0.019790 0.978393 42 157 143 R1 pano_camera6/frame_0022_hp_preview.jpg
0.124994 0.004692 0.558802 42 157 143 R1 pano_camera6/frame_0023_hp_preview.jpg
0.136211 0.000065 0.252298 42 157 143 R1 pano_camera6/frame_0024_hp_preview.jpg
0.380613 -0.000343 -0.254888 42 157 143 R1 pano_camera6/frame_0025_hp_preview.jpg
0.682525 0.017217 -0.492434 42 157 143 R1 pano_camera6/frame_0026_hp_preview.jpg
0.968088 0.016345 -0.588066 42 157 143 R1 pano_camera6/frame_0027_hp_preview.jpg
0.371667 0.006402 -0.869349 42 157 143 R1 pano_camera6/frame_0028_hp_preview.jpg
-0.399210 0.022881 -1.025618 42 157 143 R1 pano_camera6/frame_0029_hp_preview.jpg
-1.095508 0.025395 -1.216848 42 157 143 R1 pano_camera6/frame_0030_hp_preview.jpg
-1.532676 0.043460 -1.482141 42 157 143 R1 pano_camera6/frame_0031_hp_preview.jpg
-1.602836 0.027708 -1.956878 42 157 143 R1 pano_camera6/frame_0032_hp_preview.jpg
-1.477735 0.015653 -2.217592 42 157 143 R1 pano_camera6/frame_0033_hp_preview.jpg
-0.694228 0.027081 -2.566041 42 157 143 R1 pano_camera6/frame_0034_hp_preview.jpg
-0.454907 0.026624 -2.499287 42 157 143 R1 pano_camera6/frame_0035_hp_preview.jpg
0.132551 0.001762 -2.290873 42 157 143 R1 pano_camera6/frame_0036_hp_preview.jpg
0.592922 0.013911 -2.197727 42 157 143 R1 pano_camera6/frame_0037_hp_preview.jpg
1.021893 0.001558 -2.118525 42 157 143 R1 pano_camera6/frame_0038_hp_preview.jpg
1.761511 -0.043259 -2.365580 42 157 143 R1 pano_camera6/frame_0039_hp_preview.jpg
2.104224 -0.024128 -2.718896 42 157 143 R1 pano_camera6/frame_0040_hp_preview.jpg
2.150057 -0.016076 -2.795598 42 157 143 R1 pano_camera6/frame_0041_hp_preview.jpg
2.519833 -0.036271 -3.432037 42 157 143 R1 pano_camera6/frame_0042_hp_preview.jpg
2.893478 0.066924 -3.764411 42 157 143 R1 pano_camera6/frame_0043_hp_preview.jpg
3.341524 0.058885 -3.653434 42 157 143 R1 pano_camera6/frame_0044_hp_preview.jpg
3.997275 0.033966 -3.624808 42 157 143 R1 pano_camera6/frame_0045_hp_preview.jpg
4.135011 0.029071 -3.833632 42 157 143 R1 pano_camera6/frame_0046_hp_preview.jpg
4.105519 0.020065 -3.923777 42 157 143 R1 pano_camera6/frame_0047_hp_preview.jpg
3.929213 0.031586 -4.131916 42 157 143 R1 pano_camera6/frame_0048_hp_preview.jpg
3.320276 0.049787 -4.388829 42 157 143 R1 pano_camera6/frame_0049_hp_preview.jpg
2.503803 0.062155 -4.425289 42 157 143 R1 pano_camera6/frame_0050_hp_preview.jpg
2.468670 0.066632 -4.422256 42 157 143 R1 pano_camera6/frame_0051_hp_preview.jpg
1.637212 0.064768 -4.546018 42 157 143 R1 pano_camera6/frame_0052_hp_preview.jpg
1.451164 -0.028098 -4.655772 42 157 143 R1 pano_camera6/frame_0053_hp_preview.jpg
1.257509 -0.028348 -4.975098 42 157 143 R1 pano_camera6/frame_0054_hp_preview.jpg
0.469827 -0.032263 -5.285422 42 157 143 R1 pano_camera6/frame_0055_hp_preview.jpg
0.085965 -0.009371 -5.234771 42 157 143 R1 pano_camera6/frame_0056_hp_preview.jpg
-0.317910 -0.008385 -5.130787 42 157 143 R1 pano_camera6/frame_0057_hp_preview.jpg
-0.580469 -0.004430 -5.067184 42 157 143 R1 pano_camera6/frame_0058_hp_preview.jpg
-0.865855 -0.015822 -4.717750 42 157 143 R1 pano_camera6/frame_0059_hp_preview.jpg
-1.126165 0.010294 -4.158524 42 157 143 R1 pano_camera6/frame_0060_hp_preview.jpg
-1.267706 0.025386 -3.874037 42 157 143 R1 pano_camera6/frame_0061_hp_preview.jpg
-1.541720 0.004691 -2.916528 42 157 143 R1 pano_camera6/frame_0062_hp_preview.jpg
-1.767096 0.025412 -2.200437 42 157 143 R1 pano_camera6/frame_0063_hp_preview.jpg
-1.808038 0.029484 -2.070838 42 157 143 R1 pano_camera6/frame_0064_hp_preview.jpg
-2.303502 0.020747 -1.302400 42 157 143 R1 pano_camera6/frame_0065_hp_preview.jpg
-2.489625 0.027613 -1.169776 42 157 143 R1 pano_camera6/frame_0066_hp_preview.jpg
-3.027410 0.032913 -0.535740 42 157 143 R1 pano_camera6/frame_0067_hp_preview.jpg
-3.342821 0.051445 0.194323 42 157 143 R1 pano_camera6/frame_0068_hp_preview.jpg
-3.387062 0.057922 0.305016 42 157 143 R1 pano_camera6/frame_0069_hp_preview.jpg
-3.256023 0.057313 1.131187 42 157 143 R1 pano_camera6/frame_0070_hp_preview.jpg
-2.811590 0.045176 1.573836 42 157 143 R1 pano_camera6/frame_0071_hp_preview.jpg
-2.353612 0.044483 1.821567 42 157 143 R1 pano_camera6/frame_0072_hp_preview.jpg
-2.263228 0.045735 1.849291 42 157 143 R1 pano_camera6/frame_0073_hp_preview.jpg
-1.639681 0.039382 2.169082 42 157 143 R1 pano_camera6/frame_0074_hp_preview.jpg
-0.960425 0.044840 2.592229 42 157 143 R1 pano_camera6/frame_0075_hp_preview.jpg
-0.692904 0.032043 2.755690 42 157 143 R1 pano_camera6/frame_0076_hp_preview.jpg
-0.093005 0.043493 3.104889 42 157 143 R1 pano_camera6/frame_0077_hp_preview.jpg
0.604570 0.053433 3.485867 42 157 143 R1 pano_camera6/frame_0078_hp_preview.jpg
1.498847 0.027717 4.118669 42 157 143 R1 pano_camera6/frame_0079_hp_preview.jpg
1.881993 0.040118 4.695954 42 157 143 R1 pano_camera6/frame_0080_hp_preview.jpg
-2.369142 0.078095 3.109866 42 157 143 R1 pano_camera6/frame_0118_hp_preview.jpg
-2.346057 0.077636 2.653484 42 157 143 R1 pano_camera6/frame_0119_hp_preview.jpg
-2.711990 0.077469 2.037795 42 157 143 R1 pano_camera6/frame_0120_hp_preview.jpg
-3.057405 0.073601 1.802138 42 157 143 R1 pano_camera6/frame_0121_hp_preview.jpg
-3.370478 0.084400 1.663269 42 157 143 R1 pano_camera6/frame_0122_hp_preview.jpg
-4.037958 0.099953 1.545248 42 157 143 R1 pano_camera6/frame_0123_hp_preview.jpg
-4.564831 0.111790 1.689452 42 157 143 R1 pano_camera6/frame_0124_hp_preview.jpg
-4.691806 0.112239 2.035874 42 157 143 R1 pano_camera6/frame_0125_hp_preview.jpg
-4.695330 0.137566 2.248817 42 157 143 R1 pano_camera6/frame_0126_hp_preview.jpg
-4.564962 0.064198 -0.228547 42 157 143 R1 pano_camera6/frame_0197_hp_preview.jpg
-0.634292 -0.297534 2.749412 42 157 143 R1 pano_camera7/frame_0000_hp_preview.jpg
0.657215 -0.347635 3.193832 42 157 143 R1 pano_camera7/frame_0002_hp_preview.jpg
1.321819 -0.314403 3.409228 42 157 143 R1 pano_camera7/frame_0003_hp_preview.jpg
1.682987 -0.296546 3.536040 42 157 143 R1 pano_camera7/frame_0004_hp_preview.jpg
1.747522 -0.047609 3.699461 42 157 143 R1 pano_camera7/frame_0005_hp_preview.jpg
1.561515 -0.106181 3.515149 42 157 143 R1 pano_camera7/frame_0006_hp_preview.jpg
1.505666 -0.195672 3.383372 42 157 143 R1 pano_camera7/frame_0007_hp_preview.jpg
1.502231 -0.196603 3.392334 42 157 143 R1 pano_camera7/frame_0008_hp_preview.jpg
1.507100 -0.183617 3.446952 42 157 143 R1 pano_camera7/frame_0009_hp_preview.jpg
1.511328 -0.180309 3.450475 42 157 143 R1 pano_camera7/frame_0010_hp_preview.jpg
1.530436 -0.167478 3.442882 42 157 143 R1 pano_camera7/frame_0011_hp_preview.jpg
1.477697 -0.200366 3.442887 42 157 143 R1 pano_camera7/frame_0012_hp_preview.jpg
1.513378 -0.191388 3.366053 42 157 143 R1 pano_camera7/frame_0013_hp_preview.jpg
1.577836 0.024308 3.463488 42 157 143 R1 pano_camera7/frame_0014_hp_preview.jpg
1.646953 0.018663 3.451105 42 157 143 R1 pano_camera7/frame_0015_hp_preview.jpg
1.641788 0.037401 3.382469 42 157 143 R1 pano_camera7/frame_0016_hp_preview.jpg
1.254233 0.033317 3.256348 42 157 143 R1 pano_camera7/frame_0017_hp_preview.jpg
0.817146 0.041687 3.063609 42 157 143 R1 pano_camera7/frame_0018_hp_preview.jpg
0.570783 0.045260 2.858534 42 157 143 R1 pano_camera7/frame_0019_hp_preview.jpg
0.389064 0.049553 2.549204 42 157 143 R1 pano_camera7/frame_0020_hp_preview.jpg
0.292567 0.035593 1.961098 42 157 143 R1 pano_camera7/frame_0021_hp_preview.jpg
0.201839 0.019790 0.978393 42 157 143 R1 pano_camera7/frame_0022_hp_preview.jpg
0.124994 0.004692 0.558802 42 157 143 R1 pano_camera7/frame_0023_hp_preview.jpg
0.136211 0.000065 0.252298 42 157 143 R1 pano_camera7/frame_0024_hp_preview.jpg
0.380613 -0.000343 -0.254888 42 157 143 R1 pano_camera7/frame_0025_hp_preview.jpg
0.682525 0.017217 -0.492434 42 157 143 R1 pano_camera7/frame_0026_hp_preview.jpg
0.968088 0.016345 -0.588066 42 157 143 R1 pano_camera7/frame_0027_hp_preview.jpg
0.371667 0.006402 -0.869349 42 157 143 R1 pano_camera7/frame_0028_hp_preview.jpg
-0.399210 0.022881 -1.025618 42 157 143 R1 pano_camera7/frame_0029_hp_preview.jpg
-1.095508 0.025395 -1.216848 42 157 143 R1 pano_camera7/frame_0030_hp_preview.jpg
-1.532676 0.043460 -1.482141 42 157 143 R1 pano_camera7/frame_0031_hp_preview.jpg
-1.602836 0.027708 -1.956878 42 157 143 R1 pano_camera7/frame_0032_hp_preview.jpg
-1.477735 0.015653 -2.217592 42 157 143 R1 pano_camera7/frame_0033_hp_preview.jpg
-0.694228 0.027081 -2.566041 42 157 143 R1 pano_camera7/frame_0034_hp_preview.jpg
-0.454907 0.026624 -2.499287 42 157 143 R1 pano_camera7/frame_0035_hp_preview.jpg
0.132551 0.001762 -2.290873 42 157 143 R1 pano_camera7/frame_0036_hp_preview.jpg
0.592922 0.013911 -2.197727 42 157 143 R1 pano_camera7/frame_0037_hp_preview.jpg
1.021893 0.001558 -2.118525 42 157 143 R1 pano_camera7/frame_0038_hp_preview.jpg
1.761511 -0.043259 -2.365580 42 157 143 R1 pano_camera7/frame_0039_hp_preview.jpg
2.104224 -0.024128 -2.718896 42 157 143 R1 pano_camera7/frame_0040_hp_preview.jpg
2.150057 -0.016076 -2.795598 42 157 143 R1 pano_camera7/frame_0041_hp_preview.jpg
2.519833 -0.036271 -3.432037 42 157 143 R1 pano_camera7/frame_0042_hp_preview.jpg
2.893478 0.066924 -3.764411 42 157 143 R1 pano_camera7/frame_0043_hp_preview.jpg
3.341524 0.058885 -3.653434 42 157 143 R1 pano_camera7/frame_0044_hp_preview.jpg
3.997275 0.033966 -3.624808 42 157 143 R1 pano_camera7/frame_0045_hp_preview.jpg
4.135011 0.029071 -3.833632 42 157 143 R1 pano_camera7/frame_0046_hp_preview.jpg
4.105519 0.020065 -3.923777 42 157 143 R1 pano_camera7/frame_0047_hp_preview.jpg
3.929213 0.031586 -4.131916 42 157 143 R1 pano_camera7/frame_0048_hp_preview.jpg
3.320276 0.049787 -4.388829 42 157 143 R1 pano_camera7/frame_0049_hp_preview.jpg
2.503803 0.062155 -4.425289 42 157 143 R1 pano_camera7/frame_0050_hp_preview.jpg
2.468670 0.066632 -4.422256 42 157 143 R1 pano_camera7/frame_0051_hp_preview.jpg
1.637212 0.064768 -4.546018 42 157 143 R1 pano_camera7/frame_0052_hp_preview.jpg
1.451164 -0.028098 -4.655772 42 157 143 R1 pano_camera7/frame_0053_hp_preview.jpg
1.257509 -0.028348 -4.975098 42 157 143 R1 pano_camera7/frame_0054_hp_preview.jpg
0.469827 -0.032263 -5.285422 42 157 143 R1 pano_camera7/frame_0055_hp_preview.jpg
0.085965 -0.009371 -5.234771 42 157 143 R1 pano_camera7/frame_0056_hp_preview.jpg
-0.317910 -0.008385 -5.130787 42 157 143 R1 pano_camera7/frame_0057_hp_preview.jpg
-0.580469 -0.004430 -5.067184 42 157 143 R1 pano_camera7/frame_0058_hp_preview.jpg
-0.865855 -0.015822 -4.717750 42 157 143 R1 pano_camera7/frame_0059_hp_preview.jpg
-1.126165 0.010294 -4.158524 42 157 143 R1 pano_camera7/frame_0060_hp_preview.jpg
-1.267706 0.025386 -3.874037 42 157 143 R1 pano_camera7/frame_0061_hp_preview.jpg
-1.541720 0.004691 -2.916528 42 157 143 R1 pano_camera7/frame_0062_hp_preview.jpg
-1.767096 0.025412 -2.200437 42 157 143 R1 pano_camera7/frame_0063_hp_preview.jpg
-1.808038 0.029484 -2.070838 42 157 143 R1 pano_camera7/frame_0064_hp_preview.jpg
-2.303502 0.020747 -1.302400 42 157 143 R1 pano_camera7/frame_0065_hp_preview.jpg
-2.489625 0.027613 -1.169776 42 157 143 R1 pano_camera7/frame_0066_hp_preview.jpg
-3.027410 0.032913 -0.535740 42 157 143 R1 pano_camera7/frame_0067_hp_preview.jpg
-3.342821 0.051445 0.194323 42 157 143 R1 pano_camera7/frame_0068_hp_preview.jpg
-3.387062 0.057922 0.305016 42 157 143 R1 pano_camera7/frame_0069_hp_preview.jpg
-3.256023 0.057313 1.131187 42 157 143 R1 pano_camera7/frame_0070_hp_preview.jpg
-2.811590 0.045176 1.573836 42 157 143 R1 pano_camera7/frame_0071_hp_preview.jpg
-2.353612 0.044483 1.821567 42 157 143 R1 pano_camera7/frame_0072_hp_preview.jpg
-2.263228 0.045735 1.849291 42 157 143 R1 pano_camera7/frame_0073_hp_preview.jpg
-1.639681 0.039382 2.169082 42 157 143 R1 pano_camera7/frame_0074_hp_preview.jpg
-0.960425 0.044840 2.592229 42 157 143 R1 pano_camera7/frame_0075_hp_preview.jpg
-0.692904 0.032043 2.755690 42 157 143 R1 pano_camera7/frame_0076_hp_preview.jpg
-0.093005 0.043493 3.104889 42 157 143 R1 pano_camera7/frame_0077_hp_preview.jpg
0.604570 0.053433 3.485867 42 157 143 R1 pano_camera7/frame_0078_hp_preview.jpg
1.498847 0.027717 4.118669 42 157 143 R1 pano_camera7/frame_0079_hp_preview.jpg
1.881993 0.040118 4.695954 42 157 143 R1 pano_camera7/frame_0080_hp_preview.jpg
-2.369142 0.078095 3.109866 42 157 143 R1 pano_camera7/frame_0118_hp_preview.jpg
-2.346057 0.077636 2.653484 42 157 143 R1 pano_camera7/frame_0119_hp_preview.jpg
-2.711990 0.077469 2.037795 42 157 143 R1 pano_camera7/frame_0120_hp_preview.jpg
-3.057405 0.073601 1.802138 42 157 143 R1 pano_camera7/frame_0121_hp_preview.jpg
-3.370478 0.084400 1.663269 42 157 143 R1 pano_camera7/frame_0122_hp_preview.jpg
-4.037958 0.099953 1.545248 42 157 143 R1 pano_camera7/frame_0123_hp_preview.jpg
-4.564831 0.111790 1.689452 42 157 143 R1 pano_camera7/frame_0124_hp_preview.jpg
-4.691806 0.112239 2.035874 42 157 143 R1 pano_camera7/frame_0125_hp_preview.jpg
-4.695330 0.137566 2.248817 42 157 143 R1 pano_camera7/frame_0126_hp_preview.jpg
-4.564962 0.064198 -0.228547 42 157 143 R1 pano_camera7/frame_0197_hp_preview.jpg

# Object R2: DeepBlue (88 points)
# Transform: Pos(0.000, 0.000, 0.000) Scale(1.000, 1.000, 1.000) Quat(0.000, 0.000, 0.000, 1.000)
-4.247516 -0.078905 3.330576 38 70 83 R2 pano_camera0/frame_0089_hp_preview.jpg
-4.144583 -0.008883 1.419542 38 70 83 R2 pano_camera0/frame_0090_hp_preview.jpg
-4.137306 -0.012625 1.371059 38 70 83 R2 pano_camera0/frame_0091_hp_preview.jpg
-2.657103 -0.046582 -0.911270 38 70 83 R2 pano_camera0/frame_0092_hp_preview.jpg
-2.016059 0.011503 -1.282308 38 70 83 R2 pano_camera0/frame_0093_hp_preview.jpg
-0.771162 0.094193 -1.661400 38 70 83 R2 pano_camera0/frame_0094_hp_preview.jpg
0.763630 0.069592 -1.890677 38 70 83 R2 pano_camera0/frame_0095_hp_preview.jpg
2.637663 0.083186 -1.734180 38 70 83 R2 pano_camera0/frame_0096_hp_preview.jpg
4.660159 0.041420 0.037888 38 70 83 R2 pano_camera0/frame_0097_hp_preview.jpg
4.906553 0.002047 0.459019 38 70 83 R2 pano_camera0/frame_0098_hp_preview.jpg
5.826967 -0.059421 3.071463 38 70 83 R2 pano_camera0/frame_0099_hp_preview.jpg
-4.247516 -0.078905 3.330576 38 70 83 R2 pano_camera1/frame_0089_hp_preview.jpg
-4.144583 -0.008883 1.419542 38 70 83 R2 pano_camera1/frame_0090_hp_preview.jpg
-4.137306 -0.012625 1.371059 38 70 83 R2 pano_camera1/frame_0091_hp_preview.jpg
-2.657103 -0.046582 -0.911270 38 70 83 R2 pano_camera1/frame_0092_hp_preview.jpg
-2.016059 0.011503 -1.282308 38 70 83 R2 pano_camera1/frame_0093_hp_preview.jpg
-0.771162 0.094193 -1.661400 38 70 83 R2 pano_camera1/frame_0094_hp_preview.jpg
0.763630 0.069592 -1.890677 38 70 83 R2 pano_camera1/frame_0095_hp_preview.jpg
2.637663 0.083186 -1.734180 38 70 83 R2 pano_camera1/frame_0096_hp_preview.jpg
4.660159 0.041420 0.037888 38 70 83 R2 pano_camera1/frame_0097_hp_preview.jpg
4.906553 0.002047 0.459019 38 70 83 R2 pano_camera1/frame_0098_hp_preview.jpg
5.826967 -0.059421 3.071463 38 70 83 R2 pano_camera1/frame_0099_hp_preview.jpg
-4.247516 -0.078905 3.330576 38 70 83 R2 pano_camera2/frame_0089_hp_preview.jpg
-4.144583 -0.008883 1.419542 38 70 83 R2 pano_camera2/frame_0090_hp_preview.jpg
-4.137306 -0.012625 1.371059 38 70 83 R2 pano_camera2/frame_0091_hp_preview.jpg
-2.657103 -0.046582 -0.911270 38 70 83 R2 pano_camera2/frame_0092_hp_preview.jpg
-2.016059 0.011503 -1.282308 38 70 83 R2 pano_camera2/frame_0093_hp_preview.jpg
-0.771162 0.094193 -1.661400 38 70 83 R2 pano_camera2/frame_0094_hp_preview.jpg
0.763630 0.069592 -1.890677 38 70 83 R2 pano_camera2/frame_0095_hp_preview.jpg
2.637663 0.083186 -1.734180 38 70 83 R2 pano_camera2/frame_0096_hp_preview.jpg
4.660159 0.041420 0.037888 38 70 83 R2 pano_camera2/frame_0097_hp_preview.jpg
4.906553 0.002047 0.459019 38 70 83 R2 pano_camera2/frame_0098_hp_preview.jpg
5.826967 -0.059421 3.071463 38 70 83 R2 pano_camera2/frame_0099_hp_preview.jpg
-4.247516 -0.078905 3.330576 38 70 83 R2 pano_camera3/frame_0089_hp_preview.jpg
-4.144583 -0.008883 1.419542 38 70 83 R2 pano_camera3/frame_0090_hp_preview.jpg
-4.137306 -0.012625 1.371059 38 70 83 R2 pano_camera3/frame_0091_hp_preview.jpg
-2.657103 -0.046582 -0.911270 38 70 83 R2 pano_camera3/frame_0092_hp_preview.jpg
-2.016059 0.011503 -1.282308 38 70 83 R2 pano_camera3/frame_0093_hp_preview.jpg
-0.771162 0.094193 -1.661400 38 70 83 R2 pano_camera3/frame_0094_hp_preview.jpg
0.763630 0.069592 -1.890677 38 70 83 R2 pano_camera3/frame_0095_hp_preview.jpg
2.637663 0.083186 -1.734180 38 70 83 R2 pano_camera3/frame_0096_hp_preview.jpg
4.660159 0.041420 0.037888 38 70 83 R2 pano_camera3/frame_0097_hp_preview.jpg
4.906553 0.002047 0.459019 38 70 83 R2 pano_camera3/frame_0098_hp_preview.jpg
5.826967 -0.059421 3.071463 38 70 83 R2 pano_camera3/frame_0099_hp_preview.jpg
-4.247516 -0.078905 3.330576 38 70 83 R2 pano_camera4/frame_0089_hp_preview.jpg
-4.144583 -0.008883 1.419542 38 70 83 R2 pano_camera4/frame_0090_hp_preview.jpg
-4.137306 -0.012625 1.371059 38 70 83 R2 pano_camera4/frame_0091_hp_preview.jpg
-2.657103 -0.046582 -0.911270 38 70 83 R2 pano_camera4/frame_0092_hp_preview.jpg
-2.016059 0.011503 -1.282308 38 70 83 R2 pano_camera4/frame_0093_hp_preview.jpg
-0.771162 0.094193 -1.661400 38 70 83 R2 pano_camera4/frame_0094_hp_preview.jpg
0.763630 0.069592 -1.890677 38 70 83 R2 pano_camera4/frame_0095_hp_preview.jpg
2.637663 0.083186 -1.734180 38 70 83 R2 pano_camera4/frame_0096_hp_preview.jpg
4.660159 0.041420 0.037888 38 70 83 R2 pano_camera4/frame_0097_hp_preview.jpg
4.906553 0.002047 0.459019 38 70 83 R2 pano_camera4/frame_0098_hp_preview.jpg
5.826967 -0.059421 3.071463 38 70 83 R2 pano_camera4/frame_0099_hp_preview.jpg
-4.247516 -0.078905 3.330576 38 70 83 R2 pano_camera5/frame_0089_hp_preview.jpg
-4.144583 -0.008883 1.419542 38 70 83 R2 pano_camera5/frame_0090_hp_preview.jpg
-4.137306 -0.012625 1.371059 38 70 83 R2 pano_camera5/frame_0091_hp_preview.jpg
-2.657103 -0.046582 -0.911270 38 70 83 R2 pano_camera5/frame_0092_hp_preview.jpg
-2.016059 0.011503 -1.282308 38 70 83 R2 pano_camera5/frame_0093_hp_preview.jpg
-0.771162 0.094193 -1.661400 38 70 83 R2 pano_camera5/frame_0094_hp_preview.jpg
0.763630 0.069592 -1.890677 38 70 83 R2 pano_camera5/frame_0095_hp_preview.jpg
2.637663 0.083186 -1.734180 38 70 83 R2 pano_camera5/frame_0096_hp_preview.jpg
4.660159 0.041420 0.037888 38 70 83 R2 pano_camera5/frame_0097_hp_preview.jpg
4.906553 0.002047 0.459019 38 70 83 R2 pano_camera5/frame_0098_hp_preview.jpg
5.826967 -0.059421 3.071463 38 70 83 R2 pano_camera5/frame_0099_hp_preview.jpg
-4.247516 -0.078905 3.330576 38 70 83 R2 pano_camera6/frame_0089_hp_preview.jpg
-4.144583 -0.008883 1.419542 38 70 83 R2 pano_camera6/frame_0090_hp_preview.jpg
-4.137306 -0.012625 1.371059 38 70 83 R2 pano_camera6/frame_0091_hp_preview.jpg
-2.657103 -0.046582 -0.911270 38 70 83 R2 pano_camera6/frame_0092_hp_preview.jpg
-2.016059 0.011503 -1.282308 38 70 83 R2 pano_camera6/frame_0093_hp_preview.jpg
-0.771162 0.094193 -1.661400 38 70 83 R2 pano_camera6/frame_0094_hp_preview.jpg
0.763630 0.069592 -1.890677 38 70 83 R2 pano_camera6/frame_0095_hp_preview.jpg
2.637663 0.083186 -1.734180 38 70 83 R2 pano_camera6/frame_0096_hp_preview.jpg
4.660159 0.041420 0.037888 38 70 83 R2 pano_camera6/frame_0097_hp_preview.jpg
4.906553 0.002047 0.459019 38 70 83 R2 pano_camera6/frame_0098_hp_preview.jpg
5.826967 -0.059421 3.071463 38 70 83 R2 pano_camera6/frame_0099_hp_preview.jpg
-4.247516 -0.078905 3.330576 38 70 83 R2 pano_camera7/frame_0089_hp_preview.jpg
-4.144583 -0.008883 1.419542 38 70 83 R2 pano_camera7/frame_0090_hp_preview.jpg
-4.137306 -0.012625 1.371059 38 70 83 R2 pano_camera7/frame_0091_hp_preview.jpg
-2.657103 -0.046582 -0.911270 38 70 83 R2 pano_camera7/frame_0092_hp_preview.jpg
-2.016059 0.011503 -1.282308 38 70 83 R2 pano_camera7/frame_0093_hp_preview.jpg
-0.771162 0.094193 -1.661400 38 70 83 R2 pano_camera7/frame_0094_hp_preview.jpg
0.763630 0.069592 -1.890677 38 70 83 R2 pano_camera7/frame_0095_hp_preview.jpg
2.637663 0.083186 -1.734180 38 70 83 R2 pano_camera7/frame_0096_hp_preview.jpg
4.660159 0.041420 0.037888 38 70 83 R2 pano_camera7/frame_0097_hp_preview.jpg
4.906553 0.002047 0.459019 38 70 83 R2 pano_camera7/frame_0098_hp_preview.jpg
5.826967 -0.059421 3.071463 38 70 83 R2 pano_camera7/frame_0099_hp_preview.jpg

# Object R3: Orange (88 points)
# Transform: Pos(0.000, 0.000, 0.000) Scale(1.000, 1.000, 1.000) Quat(0.000, 0.000, 0.000, 1.000)
2.689920 -0.066031 -2.884707 244 162 97 R3 pano_camera0/frame_0143_hp_preview.jpg
1.549686 0.047389 -2.901720 244 162 97 R3 pano_camera0/frame_0144_hp_preview.jpg
0.888761 0.066849 -1.957197 244 162 97 R3 pano_camera0/frame_0145_hp_preview.jpg
2.015911 -0.032663 2.034633 244 162 97 R3 pano_camera0/frame_0146_hp_preview.jpg
2.252430 -0.031092 2.701277 244 162 97 R3 pano_camera0/frame_0147_hp_preview.jpg
1.917377 0.011066 4.428323 244 162 97 R3 pano_camera0/frame_0148_hp_preview.jpg
-1.698255 0.007140 4.691078 244 162 97 R3 pano_camera0/frame_0149_hp_preview.jpg
-3.762008 -0.046917 2.384117 244 162 97 R3 pano_camera0/frame_0150_hp_preview.jpg
-3.899978 -0.010663 -0.441062 244 162 97 R3 pano_camera0/frame_0151_hp_preview.jpg
-1.745550 -0.016187 -3.433546 244 162 97 R3 pano_camera0/frame_0152_hp_preview.jpg
-1.261235 0.032546 -3.683562 244 162 97 R3 pano_camera0/frame_0153_hp_preview.jpg
2.689920 -0.066031 -2.884707 244 162 97 R3 pano_camera1/frame_0143_hp_preview.jpg
1.549686 0.047389 -2.901720 244 162 97 R3 pano_camera1/frame_0144_hp_preview.jpg
0.888761 0.066849 -1.957197 244 162 97 R3 pano_camera1/frame_0145_hp_preview.jpg
2.015911 -0.032663 2.034633 244 162 97 R3 pano_camera1/frame_0146_hp_preview.jpg
2.252430 -0.031092 2.701277 244 162 97 R3 pano_camera1/frame_0147_hp_preview.jpg
1.917377 0.011066 4.428323 244 162 97 R3 pano_camera1/frame_0148_hp_preview.jpg
-1.698255 0.007140 4.691078 244 162 97 R3 pano_camera1/frame_0149_hp_preview.jpg
-3.762008 -0.046917 2.384117 244 162 97 R3 pano_camera1/frame_0150_hp_preview.jpg
-3.899978 -0.010663 -0.441062 244 162 97 R3 pano_camera1/frame_0151_hp_preview.jpg
-1.745550 -0.016187 -3.433546 244 162 97 R3 pano_camera1/frame_0152_hp_preview.jpg
-1.261235 0.032546 -3.683562 244 162 97 R3 pano_camera1/frame_0153_hp_preview.jpg
2.689920 -0.066031 -2.884707 244 162 97 R3 pano_camera2/frame_0143_hp_preview.jpg
1.549686 0.047389 -2.901720 244 162 97 R3 pano_camera2/frame_0144_hp_preview.jpg
0.888761 0.066849 -1.957197 244 162 97 R3 pano_camera2/frame_0145_hp_preview.jpg
2.015911 -0.032663 2.034633 244 162 97 R3 pano_camera2/frame_0146_hp_preview.jpg
2.252430 -0.031092 2.701277 244 162 97 R3 pano_camera2/frame_0147_hp_preview.jpg
1.917377 0.011066 4.428323 244 162 97 R3 pano_camera2/frame_0148_hp_preview.jpg
-1.698255 0.007140 4.691078 244 162 97 R3 pano_camera2/frame_0149_hp_preview.jpg
-3.762008 -0.046917 2.384117 244 162 97 R3 pano_camera2/frame_0150_hp_preview.jpg
-3.899978 -0.010663 -0.441062 244 162 97 R3 pano_camera2/frame_0151_hp_preview.jpg
-1.745550 -0.016187 -3.433546 244 162 97 R3 pano_camera2/frame_0152_hp_preview.jpg
-1.261235 0.032546 -3.683562 244 162 97 R3 pano_camera2/frame_0153_hp_preview.jpg
2.689920 -0.066031 -2.884707 244 162 97 R3 pano_camera3/frame_0143_hp_preview.jpg
1.549686 0.047389 -2.901720 244 162 97 R3 pano_camera3/frame_0144_hp_preview.jpg
0.888761 0.066849 -1.957197 244 162 97 R3 pano_camera3/frame_0145_hp_preview.jpg
2.015911 -0.032663 2.034633 244 162 97 R3 pano_camera3/frame_0146_hp_preview.jpg
2.252430 -0.031092 2.701277 244 162 97 R3 pano_camera3/frame_0147_hp_preview.jpg
1.917377 0.011066 4.428323 244 162 97 R3 pano_camera3/frame_0148_hp_preview.jpg
-1.698255 0.007140 4.691078 244 162 97 R3 pano_camera3/frame_0149_hp_preview.jpg
-3.762008 -0.046917 2.384117 244 162 97 R3 pano_camera3/frame_0150_hp_preview.jpg
-3.899978 -0.010663 -0.441062 244 162 97 R3 pano_camera3/frame_0151_hp_preview.jpg
-1.745550 -0.016187 -3.433546 244 162 97 R3 pano_camera3/frame_0152_hp_preview.jpg
-1.261235 0.032546 -3.683562 244 162 97 R3 pano_camera3/frame_0153_hp_preview.jpg
2.689920 -0.066031 -2.884707 244 162 97 R3 pano_camera4/frame_0143_hp_preview.jpg
1.549686 0.047389 -2.901720 244 162 97 R3 pano_camera4/frame_0144_hp_preview.jpg
0.888761 0.066849 -1.957197 244 162 97 R3 pano_camera4/frame_0145_hp_preview.jpg
2.015911 -0.032663 2.034633 244 162 97 R3 pano_camera4/frame_0146_hp_preview.jpg
2.252430 -0.031092 2.701277 244 162 97 R3 pano_camera4/frame_0147_hp_preview.jpg
1.917377 0.011066 4.428323 244 162 97 R3 pano_camera4/frame_0148_hp_preview.jpg
-1.698255 0.007140 4.691078 244 162 97 R3 pano_camera4/frame_0149_hp_preview.jpg
-3.762008 -0.046917 2.384117 244 162 97 R3 pano_camera4/frame_0150_hp_preview.jpg
-3.899978 -0.010663 -0.441062 244 162 97 R3 pano_camera4/frame_0151_hp_preview.jpg
-1.745550 -0.016187 -3.433546 244 162 97 R3 pano_camera4/frame_0152_hp_preview.jpg
-1.261235 0.032546 -3.683562 244 162 97 R3 pano_camera4/frame_0153_hp_preview.jpg
2.689920 -0.066031 -2.884707 244 162 97 R3 pano_camera5/frame_0143_hp_preview.jpg
1.549686 0.047389 -2.901720 244 162 97 R3 pano_camera5/frame_0144_hp_preview.jpg
0.888761 0.066849 -1.957197 244 162 97 R3 pano_camera5/frame_0145_hp_preview.jpg
2.015911 -0.032663 2.034633 244 162 97 R3 pano_camera5/frame_0146_hp_preview.jpg
2.252430 -0.031092 2.701277 244 162 97 R3 pano_camera5/frame_0147_hp_preview.jpg
1.917377 0.011066 4.428323 244 162 97 R3 pano_camera5/frame_0148_hp_preview.jpg
-1.698255 0.007140 4.691078 244 162 97 R3 pano_camera5/frame_0149_hp_preview.jpg
-3.762008 -0.046917 2.384117 244 162 97 R3 pano_camera5/frame_0150_hp_preview.jpg
-3.899978 -0.010663 -0.441062 244 162 97 R3 pano_camera5/frame_0151_hp_preview.jpg
-1.745550 -0.016187 -3.433546 244 162 97 R3 pano_camera5/frame_0152_hp_preview.jpg
-1.261235 0.032546 -3.683562 244 162 97 R3 pano_camera5/frame_0153_hp_preview.jpg
2.689920 -0.066031 -2.884707 244 162 97 R3 pano_camera6/frame_0143_hp_preview.jpg
1.549686 0.047389 -2.901720 244 162 97 R3 pano_camera6/frame_0144_hp_preview.jpg
0.888761 0.066849 -1.957197 244 162 97 R3 pano_camera6/frame_0145_hp_preview.jpg
2.015911 -0.032663 2.034633 244 162 97 R3 pano_camera6/frame_0146_hp_preview.jpg
2.252430 -0.031092 2.701277 244 162 97 R3 pano_camera6/frame_0147_hp_preview.jpg
1.917377 0.011066 4.428323 244 162 97 R3 pano_camera6/frame_0148_hp_preview.jpg
-1.698255 0.007140 4.691078 244 162 97 R3 pano_camera6/frame_0149_hp_preview.jpg
-3.762008 -0.046917 2.384117 244 162 97 R3 pano_camera6/frame_0150_hp_preview.jpg
-3.899978 -0.010663 -0.441062 244 162 97 R3 pano_camera6/frame_0151_hp_preview.jpg
-1.745550 -0.016187 -3.433546 244 162 97 R3 pano_camera6/frame_0152_hp_preview.jpg
-1.261235 0.032546 -3.683562 244 162 97 R3 pano_camera6/frame_0153_hp_preview.jpg
2.689920 -0.066031 -2.884707 244 162 97 R3 pano_camera7/frame_0143_hp_preview.jpg
1.549686 0.047389 -2.901720 244 162 97 R3 pano_camera7/frame_0144_hp_preview.jpg
0.888761 0.066849 -1.957197 244 162 97 R3 pano_camera7/frame_0145_hp_preview.jpg
2.015911 -0.032663 2.034633 244 162 97 R3 pano_camera7/frame_0146_hp_preview.jpg
2.252430 -0.031092 2.701277 244 162 97 R3 pano_camera7/frame_0147_hp_preview.jpg
1.917377 0.011066 4.428323 244 162 97 R3 pano_camera7/frame_0148_hp_preview.jpg
-1.698255 0.007140 4.691078 244 162 97 R3 pano_camera7/frame_0149_hp_preview.jpg
-3.762008 -0.046917 2.384117 244 162 97 R3 pano_camera7/frame_0150_hp_preview.jpg
-3.899978 -0.010663 -0.441062 244 162 97 R3 pano_camera7/frame_0151_hp_preview.jpg
-1.745550 -0.016187 -3.433546 244 162 97 R3 pano_camera7/frame_0152_hp_preview.jpg
-1.261235 0.032546 -3.683562 244 162 97 R3 pano_camera7/frame_0153_hp_preview.jpg

# Object R4: Purple (80 points)
# Transform: Pos(0.000, 0.000, 0.000) Scale(1.000, 1.000, 1.000) Quat(0.000, 0.000, 0.000, 1.000)
1.138348 -0.109066 5.088111 106 76 147 R4 pano_camera0/frame_0130_hp_preview.jpg
-0.084619 0.095918 3.366560 106 76 147 R4 pano_camera0/frame_0131_hp_preview.jpg
-0.532255 0.168123 2.278439 106 76 147 R4 pano_camera0/frame_0132_hp_preview.jpg
-0.593859 0.151191 2.105144 106 76 147 R4 pano_camera0/frame_0133_hp_preview.jpg
-1.070724 0.201495 0.766462 106 76 147 R4 pano_camera0/frame_0134_hp_preview.jpg
-0.887388 0.054731 -0.984072 106 76 147 R4 pano_camera0/frame_0135_hp_preview.jpg
-0.418768 0.238734 -1.574700 106 76 147 R4 pano_camera0/frame_0136_hp_preview.jpg
0.719581 0.071241 -2.605418 106 76 147 R4 pano_camera0/frame_0137_hp_preview.jpg
1.168171 -0.040432 -3.399797 106 76 147 R4 pano_camera0/frame_0138_hp_preview.jpg
1.250459 -0.065620 -4.544791 106 76 147 R4 pano_camera0/frame_0139_hp_preview.jpg
1.138348 -0.109066 5.088111 106 76 147 R4 pano_camera1/frame_0130_hp_preview.jpg
-0.084619 0.095918 3.366560 106 76 147 R4 pano_camera1/frame_0131_hp_preview.jpg
-0.532255 0.168123 2.278439 106 76 147 R4 pano_camera1/frame_0132_hp_preview.jpg
-0.593859 0.151191 2.105144 106 76 147 R4 pano_camera1/frame_0133_hp_preview.jpg
-1.070724 0.201495 0.766462 106 76 147 R4 pano_camera1/frame_0134_hp_preview.jpg
-0.887388 0.054731 -0.984072 106 76 147 R4 pano_camera1/frame_0135_hp_preview.jpg
-0.418768 0.238734 -1.574700 106 76 147 R4 pano_camera1/frame_0136_hp_preview.jpg
0.719581 0.071241 -2.605418 106 76 147 R4 pano_camera1/frame_0137_hp_preview.jpg
1.168171 -0.040432 -3.399797 106 76 147 R4 pano_camera1/frame_0138_hp_preview.jpg
1.250459 -0.065620 -4.544791 106 76 147 R4 pano_camera1/frame_0139_hp_preview.jpg
1.138348 -0.109066 5.088111 106 76 147 R4 pano_camera2/frame_0130_hp_preview.jpg
-0.084619 0.095918 3.366560 106 76 147 R4 pano_camera2/frame_0131_hp_preview.jpg
-0.532255 0.168123 2.278439 106 76 147 R4 pano_camera2/frame_0132_hp_preview.jpg
-0.593859 0.151191 2.105144 106 76 147 R4 pano_camera2/frame_0133_hp_preview.jpg
-1.070724 0.201495 0.766462 106 76 147 R4 pano_camera2/frame_0134_hp_preview.jpg
-0.887388 0.054731 -0.984072 106 76 147 R4 pano_camera2/frame_0135_hp_preview.jpg
-0.418768 0.238734 -1.574700 106 76 147 R4 pano_camera2/frame_0136_hp_preview.jpg
0.719581 0.071241 -2.605418 106 76 147 R4 pano_camera2/frame_0137_hp_preview.jpg
1.168171 -0.040432 -3.399797 106 76 147 R4 pano_camera2/frame_0138_hp_preview.jpg
1.250459 -0.065620 -4.544791 106 76 147 R4 pano_camera2/frame_0139_hp_preview.jpg
1.138348 -0.109066 5.088111 106 76 147 R4 pano_camera3/frame_0130_hp_preview.jpg
-0.084619 0.095918 3.366560 106 76 147 R4 pano_camera3/frame_0131_hp_preview.jpg
-0.532255 0.168123 2.278439 106 76 147 R4 pano_camera3/frame_0132_hp_preview.jpg
-0.593859 0.151191 2.105144 106 76 147 R4 pano_camera3/frame_0133_hp_preview.jpg
-1.070724 0.201495 0.766462 106 76 147 R4 pano_camera3/frame_0134_hp_preview.jpg
-0.887388 0.054731 -0.984072 106 76 147 R4 pano_camera3/frame_0135_hp_preview.jpg
-0.418768 0.238734 -1.574700 106 76 147 R4 pano_camera3/frame_0136_hp_preview.jpg
0.719581 0.071241 -2.605418 106 76 147 R4 pano_camera3/frame_0137_hp_preview.jpg
1.168171 -0.040432 -3.399797 106 76 147 R4 pano_camera3/frame_0138_hp_preview.jpg
1.250459 -0.065620 -4.544791 106 76 147 R4 pano_camera3/frame_0139_hp_preview.jpg
1.138348 -0.109066 5.088111 106 76 147 R4 pano_camera4/frame_0130_hp_preview.jpg
-0.084619 0.095918 3.366560 106 76 147 R4 pano_camera4/frame_0131_hp_preview.jpg
-0.532255 0.168123 2.278439 106 76 147 R4 pano_camera4/frame_0132_hp_preview.jpg
-0.593859 0.151191 2.105144 106 76 147 R4 pano_camera4/frame_0133_hp_preview.jpg
-1.070724 0.201495 0.766462 106 76 147 R4 pano_camera4/frame_0134_hp_preview.jpg
-0.887388 0.054731 -0.984072 106 76 147 R4 pano_camera4/frame_0135_hp_preview.jpg
-0.418768 0.238734 -1.574700 106 76 147 R4 pano_camera4/frame_0136_hp_preview.jpg
0.719581 0.071241 -2.605418 106 76 147 R4 pano_camera4/frame_0137_hp_preview.jpg
1.168171 -0.040432 -3.399797 106 76 147 R4 pano_camera4/frame_0138_hp_preview.jpg
1.250459 -0.065620 -4.544791 106 76 147 R4 pano_camera4/frame_0139_hp_preview.jpg
1.138348 -0.109066 5.088111 106 76 147 R4 pano_camera5/frame_0130_hp_preview.jpg
-0.084619 0.095918 3.366560 106 76 147 R4 pano_camera5/frame_0131_hp_preview.jpg
-0.532255 0.168123 2.278439 106 76 147 R4 pano_camera5/frame_0132_hp_preview.jpg
-0.593859 0.151191 2.105144 106 76 147 R4 pano_camera5/frame_0133_hp_preview.jpg
-1.070724 0.201495 0.766462 106 76 147 R4 pano_camera5/frame_0134_hp_preview.jpg
-0.887388 0.054731 -0.984072 106 76 147 R4 pano_camera5/frame_0135_hp_preview.jpg
-0.418768 0.238734 -1.574700 106 76 147 R4 pano_camera5/frame_0136_hp_preview.jpg
0.719581 0.071241 -2.605418 106 76 147 R4 pano_camera5/frame_0137_hp_preview.jpg
1.168171 -0.040432 -3.399797 106 76 147 R4 pano_camera5/frame_0138_hp_preview.jpg
1.250459 -0.065620 -4.544791 106 76 147 R4 pano_camera5/frame_0139_hp_preview.jpg
1.138348 -0.109066 5.088111 106 76 147 R4 pano_camera6/frame_0130_hp_preview.jpg
-0.084619 0.095918 3.366560 106 76 147 R4 pano_camera6/frame_0131_hp_preview.jpg
-0.532255 0.168123 2.278439 106 76 147 R4 pano_camera6/frame_0132_hp_preview.jpg
-0.593859 0.151191 2.105144 106 76 147 R4 pano_camera6/frame_0133_hp_preview.jpg
-1.070724 0.201495 0.766462 106 76 147 R4 pano_camera6/frame_0134_hp_preview.jpg
-0.887388 0.054731 -0.984072 106 76 147 R4 pano_camera6/frame_0135_hp_preview.jpg
-0.418768 0.238734 -1.574700 106 76 147 R4 pano_camera6/frame_0136_hp_preview.jpg
0.719581 0.071241 -2.605418 106 76 147 R4 pano_camera6/frame_0137_hp_preview.jpg
1.168171 -0.040432 -3.399797 106 76 147 R4 pano_camera6/frame_0138_hp_preview.jpg
1.250459 -0.065620 -4.544791 106 76 147 R4 pano_camera6/frame_0139_hp_preview.jpg
1.138348 -0.109066 5.088111 106 76 147 R4 pano_camera7/frame_0130_hp_preview.jpg
-0.084619 0.095918 3.366560 106 76 147 R4 pano_camera7/frame_0131_hp_preview.jpg
-0.532255 0.168123 2.278439 106 76 147 R4 pano_camera7/frame_0132_hp_preview.jpg
-0.593859 0.151191 2.105144 106 76 147 R4 pano_camera7/frame_0133_hp_preview.jpg
-1.070724 0.201495 0.766462 106 76 147 R4 pano_camera7/frame_0134_hp_preview.jpg
-0.887388 0.054731 -0.984072 106 76 147 R4 pano_camera7/frame_0135_hp_preview.jpg
-0.418768 0.238734 -1.574700 106 76 147 R4 pano_camera7/frame_0136_hp_preview.jpg
0.719581 0.071241 -2.605418 106 76 147 R4 pano_camera7/frame_0137_hp_preview.jpg
1.168171 -0.040432 -3.399797 106 76 147 R4 pano_camera7/frame_0138_hp_preview.jpg
1.250459 -0.065620 -4.544791 106 76 147 R4 pano_camera7/frame_0139_hp_preview.jpg

# End of file - 2808 total points exported
