# Enhanced PTS File with Visual Information
# Format: X Y Z R G B OBJECT_ID IMAGE_NAME
# Generated from Three.js Transform Viewer
# Export Date: 2025-10-17T04:10:47.283Z
# Total Objects: 5

# Object R0: Red (1832 points)
# Transform: Pos(-0.347, 1.029, 0.000) Scale(1.000, 1.000, 1.000) Quat(0.008, 0.001, 0.005, 1.000)
4.505905 0.035738 2.322182 255 68 68 R0 pano_camera0/frame_0140_hp_preview.jpg
4.633754 0.040949 2.449613 255 68 68 R0 pano_camera0/frame_0141_hp_preview.jpg
4.852375 0.036157 2.689930 255 68 68 R0 pano_camera0/frame_0142_hp_preview.jpg
5.009412 0.034598 2.788269 255 68 68 R0 pano_camera0/frame_0143_hp_preview.jpg
5.184954 0.051771 2.736436 255 68 68 R0 pano_camera0/frame_0144_hp_preview.jpg
5.243054 0.058257 2.559757 255 68 68 R0 pano_camera0/frame_0145_hp_preview.jpg
4.381634 0.040328 2.749370 255 68 68 R0 pano_camera0/frame_0157_hp_preview.jpg
4.244021 0.041620 2.835529 255 68 68 R0 pano_camera0/frame_0158_hp_preview.jpg
4.195019 0.045573 2.933363 255 68 68 R0 pano_camera0/frame_0159_hp_preview.jpg
3.947154 0.029594 3.542225 255 68 68 R0 pano_camera0/frame_0160_hp_preview.jpg
3.740070 0.024292 3.804455 255 68 68 R0 pano_camera0/frame_0161_hp_preview.jpg
3.439175 0.033516 4.094078 255 68 68 R0 pano_camera0/frame_0162_hp_preview.jpg
3.231989 0.037171 4.254176 255 68 68 R0 pano_camera0/frame_0163_hp_preview.jpg
3.007012 0.044772 4.396821 255 68 68 R0 pano_camera0/frame_0164_hp_preview.jpg
2.609606 0.046694 4.384396 255 68 68 R0 pano_camera0/frame_0165_hp_preview.jpg
2.448352 0.046235 4.251542 255 68 68 R0 pano_camera0/frame_0166_hp_preview.jpg
2.201123 0.052342 3.892098 255 68 68 R0 pano_camera0/frame_0167_hp_preview.jpg
2.252838 0.049931 3.505309 255 68 68 R0 pano_camera0/frame_0168_hp_preview.jpg
2.342631 0.061539 3.389177 255 68 68 R0 pano_camera0/frame_0169_hp_preview.jpg
2.877618 0.049920 2.856267 255 68 68 R0 pano_camera0/frame_0170_hp_preview.jpg
2.950096 0.064138 2.786802 255 68 68 R0 pano_camera0/frame_0171_hp_preview.jpg
3.289303 0.050566 2.460626 255 68 68 R0 pano_camera0/frame_0172_hp_preview.jpg
3.366090 0.061453 2.080390 255 68 68 R0 pano_camera0/frame_0173_hp_preview.jpg
3.161372 0.070585 1.744957 255 68 68 R0 pano_camera0/frame_0174_hp_preview.jpg
3.152255 0.073600 1.739504 255 68 68 R0 pano_camera0/frame_0175_hp_preview.jpg
2.720897 0.069080 1.645688 255 68 68 R0 pano_camera0/frame_0176_hp_preview.jpg
2.476814 0.078871 1.694650 255 68 68 R0 pano_camera0/frame_0177_hp_preview.jpg
2.014972 0.078715 1.712952 255 68 68 R0 pano_camera0/frame_0178_hp_preview.jpg
1.693302 0.084062 1.465020 255 68 68 R0 pano_camera0/frame_0179_hp_preview.jpg
1.650952 0.084319 1.271426 255 68 68 R0 pano_camera0/frame_0180_hp_preview.jpg
1.782735 0.070512 1.033359 255 68 68 R0 pano_camera0/frame_0181_hp_preview.jpg
1.977752 0.068407 0.871726 255 68 68 R0 pano_camera0/frame_0182_hp_preview.jpg
2.202049 0.079923 0.552393 255 68 68 R0 pano_camera0/frame_0183_hp_preview.jpg
2.050367 0.070293 0.403842 255 68 68 R0 pano_camera0/frame_0184_hp_preview.jpg
1.896727 0.071694 0.452878 255 68 68 R0 pano_camera0/frame_0185_hp_preview.jpg
1.703856 0.066756 0.597011 255 68 68 R0 pano_camera0/frame_0186_hp_preview.jpg
1.505284 0.067502 0.732828 255 68 68 R0 pano_camera0/frame_0187_hp_preview.jpg
1.205752 0.070746 0.837863 255 68 68 R0 pano_camera0/frame_0188_hp_preview.jpg
0.902396 0.073690 0.750225 255 68 68 R0 pano_camera0/frame_0189_hp_preview.jpg
0.871523 0.079577 0.731225 255 68 68 R0 pano_camera0/frame_0190_hp_preview.jpg
0.704252 0.083829 0.516812 255 68 68 R0 pano_camera0/frame_0191_hp_preview.jpg
0.701938 0.089614 0.156910 255 68 68 R0 pano_camera0/frame_0192_hp_preview.jpg
0.833211 0.083550 -0.094418 255 68 68 R0 pano_camera0/frame_0193_hp_preview.jpg
1.053187 0.074626 -0.377723 255 68 68 R0 pano_camera0/frame_0194_hp_preview.jpg
1.191413 0.080570 -0.590708 255 68 68 R0 pano_camera0/frame_0195_hp_preview.jpg
1.163202 0.070104 -0.795123 255 68 68 R0 pano_camera0/frame_0196_hp_preview.jpg
0.963391 0.076154 -1.166914 255 68 68 R0 pano_camera0/frame_0197_hp_preview.jpg
0.585483 0.098329 -1.646923 255 68 68 R0 pano_camera0/frame_0198_hp_preview.jpg
0.474940 0.105691 -1.787420 255 68 68 R0 pano_camera0/frame_0199_hp_preview.jpg
-0.148619 0.146384 -2.354038 255 68 68 R0 pano_camera0/frame_0200_hp_preview.jpg
-0.140633 0.192262 -2.447809 255 68 68 R0 pano_camera0/frame_0201_hp_preview.jpg
-0.174322 0.104995 -1.212152 255 68 68 R0 pano_camera0/frame_0226_hp_preview.jpg
-0.778925 0.098748 0.061098 255 68 68 R0 pano_camera0/frame_0240_hp_preview.jpg
-0.764224 0.090519 0.126777 255 68 68 R0 pano_camera0/frame_0241_hp_preview.jpg
-0.867233 0.082969 0.404170 255 68 68 R0 pano_camera0/frame_0242_hp_preview.jpg
-0.749073 0.078054 0.566301 255 68 68 R0 pano_camera0/frame_0243_hp_preview.jpg
-0.535704 0.074337 0.550878 255 68 68 R0 pano_camera0/frame_0244_hp_preview.jpg
-0.432282 0.069997 0.568491 255 68 68 R0 pano_camera0/frame_0245_hp_preview.jpg
-0.160506 0.042391 0.630561 255 68 68 R0 pano_camera0/frame_0246_hp_preview.jpg
-0.033270 0.049323 0.556112 255 68 68 R0 pano_camera0/frame_0247_hp_preview.jpg
0.282528 0.046903 0.628225 255 68 68 R0 pano_camera0/frame_0248_hp_preview.jpg
0.318159 0.044473 0.648071 255 68 68 R0 pano_camera0/frame_0249_hp_preview.jpg
0.945602 0.041192 1.114193 255 68 68 R0 pano_camera0/frame_0250_hp_preview.jpg
0.956014 0.039609 1.123685 255 68 68 R0 pano_camera0/frame_0251_hp_preview.jpg
1.259920 0.045706 1.545178 255 68 68 R0 pano_camera0/frame_0252_hp_preview.jpg
1.409057 0.058807 2.084302 255 68 68 R0 pano_camera0/frame_0253_hp_preview.jpg
1.137486 0.068605 2.410037 255 68 68 R0 pano_camera0/frame_0254_hp_preview.jpg
1.094873 0.065500 2.415532 255 68 68 R0 pano_camera0/frame_0255_hp_preview.jpg
0.662625 0.107878 2.060562 255 68 68 R0 pano_camera0/frame_0256_hp_preview.jpg
0.531920 0.235733 1.888068 255 68 68 R0 pano_camera0/frame_0257_hp_preview.jpg
0.482185 0.317673 1.822260 255 68 68 R0 pano_camera0/frame_0258_hp_preview.jpg
0.403493 0.392290 1.699741 255 68 68 R0 pano_camera0/frame_0259_hp_preview.jpg
0.221349 0.643243 1.429712 255 68 68 R0 pano_camera0/frame_0260_hp_preview.jpg
0.218686 0.646012 1.423470 255 68 68 R0 pano_camera0/frame_0261_hp_preview.jpg
0.004844 0.905873 1.163569 255 68 68 R0 pano_camera0/frame_0262_hp_preview.jpg
-0.005702 0.915260 1.157020 255 68 68 R0 pano_camera0/frame_0263_hp_preview.jpg
-0.111893 1.059595 1.020928 255 68 68 R0 pano_camera0/frame_0264_hp_preview.jpg
-0.275166 1.238245 0.816512 255 68 68 R0 pano_camera0/frame_0265_hp_preview.jpg
-0.322063 1.374093 0.591471 255 68 68 R0 pano_camera0/frame_0266_hp_preview.jpg
-0.309493 1.451328 0.382989 255 68 68 R0 pano_camera0/frame_0267_hp_preview.jpg
-0.108129 1.447113 0.150426 255 68 68 R0 pano_camera0/frame_0268_hp_preview.jpg
0.264577 1.456883 -0.214832 255 68 68 R0 pano_camera0/frame_0269_hp_preview.jpg
0.450532 1.476053 -0.369847 255 68 68 R0 pano_camera0/frame_0270_hp_preview.jpg
0.817942 1.471847 -0.631937 255 68 68 R0 pano_camera0/frame_0271_hp_preview.jpg
1.158138 1.477217 -0.881873 255 68 68 R0 pano_camera0/frame_0272_hp_preview.jpg
1.341065 1.488490 -1.028622 255 68 68 R0 pano_camera0/frame_0273_hp_preview.jpg
1.928815 1.487073 -1.476759 255 68 68 R0 pano_camera0/frame_0274_hp_preview.jpg
1.986951 1.491363 -1.533194 255 68 68 R0 pano_camera0/frame_0275_hp_preview.jpg
2.458254 1.497624 -1.906520 255 68 68 R0 pano_camera0/frame_0276_hp_preview.jpg
2.596594 1.504130 -2.033844 255 68 68 R0 pano_camera0/frame_0277_hp_preview.jpg
3.014425 1.524843 -2.441049 255 68 68 R0 pano_camera0/frame_0278_hp_preview.jpg
3.251617 1.523389 -2.611434 255 68 68 R0 pano_camera0/frame_0279_hp_preview.jpg
3.835351 1.532682 -3.113320 255 68 68 R0 pano_camera0/frame_0280_hp_preview.jpg
3.947866 1.531148 -3.195510 255 68 68 R0 pano_camera0/frame_0281_hp_preview.jpg
4.099238 1.527888 -3.349043 255 68 68 R0 pano_camera0/frame_0282_hp_preview.jpg
4.176778 1.528279 -3.583834 255 68 68 R0 pano_camera0/frame_0283_hp_preview.jpg
3.997356 1.524214 -3.970843 255 68 68 R0 pano_camera0/frame_0284_hp_preview.jpg
3.960140 1.522200 -3.997293 255 68 68 R0 pano_camera0/frame_0285_hp_preview.jpg
3.704675 1.524377 -4.202299 255 68 68 R0 pano_camera0/frame_0286_hp_preview.jpg
3.504299 1.539645 -4.209571 255 68 68 R0 pano_camera0/frame_0287_hp_preview.jpg
3.243080 1.549842 -4.223985 255 68 68 R0 pano_camera0/frame_0288_hp_preview.jpg
3.088049 1.556722 -4.299552 255 68 68 R0 pano_camera0/frame_0289_hp_preview.jpg
2.981451 1.558198 -4.553350 255 68 68 R0 pano_camera0/frame_0290_hp_preview.jpg
2.884206 1.554988 -5.101280 255 68 68 R0 pano_camera0/frame_0291_hp_preview.jpg
2.818818 1.557396 -5.313751 255 68 68 R0 pano_camera0/frame_0292_hp_preview.jpg
2.775887 1.554425 -5.490989 255 68 68 R0 pano_camera0/frame_0293_hp_preview.jpg
2.315027 1.546298 -5.935733 255 68 68 R0 pano_camera0/frame_0294_hp_preview.jpg
2.264872 1.547790 -5.947709 255 68 68 R0 pano_camera0/frame_0295_hp_preview.jpg
1.723418 1.540977 -5.754284 255 68 68 R0 pano_camera0/frame_0296_hp_preview.jpg
1.624198 1.542469 -5.408213 255 68 68 R0 pano_camera0/frame_0297_hp_preview.jpg
1.597258 1.527239 -5.098267 255 68 68 R0 pano_camera0/frame_0298_hp_preview.jpg
1.585726 1.530247 -4.856060 255 68 68 R0 pano_camera0/frame_0299_hp_preview.jpg
1.555475 1.529944 -4.393762 255 68 68 R0 pano_camera0/frame_0300_hp_preview.jpg
1.553432 1.511244 -4.074037 255 68 68 R0 pano_camera0/frame_0301_hp_preview.jpg
1.584404 1.503130 -3.753046 255 68 68 R0 pano_camera0/frame_0302_hp_preview.jpg
1.699431 1.510533 -3.315114 255 68 68 R0 pano_camera0/frame_0303_hp_preview.jpg
1.749438 1.503025 -3.091371 255 68 68 R0 pano_camera0/frame_0304_hp_preview.jpg
1.814175 1.490965 -2.563198 255 68 68 R0 pano_camera0/frame_0305_hp_preview.jpg
1.752886 1.475477 -2.037535 255 68 68 R0 pano_camera0/frame_0306_hp_preview.jpg
1.654567 1.465969 -1.704130 255 68 68 R0 pano_camera0/frame_0307_hp_preview.jpg
1.609135 1.471030 -1.627163 255 68 68 R0 pano_camera0/frame_0308_hp_preview.jpg
1.225313 1.469658 -1.342217 255 68 68 R0 pano_camera0/frame_0309_hp_preview.jpg
0.757066 1.482784 -1.347874 255 68 68 R0 pano_camera0/frame_0310_hp_preview.jpg
0.526358 1.473060 -1.568758 255 68 68 R0 pano_camera0/frame_0311_hp_preview.jpg
0.357550 1.490066 -1.983440 255 68 68 R0 pano_camera0/frame_0312_hp_preview.jpg
0.289116 1.495138 -2.294790 255 68 68 R0 pano_camera0/frame_0313_hp_preview.jpg
0.255509 1.498133 -2.576548 255 68 68 R0 pano_camera0/frame_0314_hp_preview.jpg
0.155154 1.509320 -3.263024 255 68 68 R0 pano_camera0/frame_0315_hp_preview.jpg
0.143178 1.513771 -3.312869 255 68 68 R0 pano_camera0/frame_0316_hp_preview.jpg
0.028010 1.510012 -3.749509 255 68 68 R0 pano_camera0/frame_0317_hp_preview.jpg
-0.249925 1.506099 -4.143118 255 68 68 R0 pano_camera0/frame_0318_hp_preview.jpg
-0.376818 1.507462 -4.153066 255 68 68 R0 pano_camera0/frame_0319_hp_preview.jpg
-0.721188 1.527914 -4.055952 255 68 68 R0 pano_camera0/frame_0320_hp_preview.jpg
-1.244412 1.525739 -3.575800 255 68 68 R0 pano_camera0/frame_0321_hp_preview.jpg
-1.272529 1.524663 -3.543411 255 68 68 R0 pano_camera0/frame_0322_hp_preview.jpg
-1.387568 1.506112 -3.077232 255 68 68 R0 pano_camera0/frame_0323_hp_preview.jpg
-1.329520 1.509214 -2.601324 255 68 68 R0 pano_camera0/frame_0324_hp_preview.jpg
-1.335802 1.501051 -2.553055 255 68 68 R0 pano_camera0/frame_0325_hp_preview.jpg
-1.552631 1.490776 -2.103437 255 68 68 R0 pano_camera0/frame_0326_hp_preview.jpg
-1.817730 1.487866 -2.053340 255 68 68 R0 pano_camera0/frame_0327_hp_preview.jpg
-1.952328 1.497543 -2.092796 255 68 68 R0 pano_camera0/frame_0328_hp_preview.jpg
-2.145747 1.503503 -2.230049 255 68 68 R0 pano_camera0/frame_0329_hp_preview.jpg
-2.499664 1.510679 -2.360870 255 68 68 R0 pano_camera0/frame_0330_hp_preview.jpg
-2.615981 1.508070 -2.271117 255 68 68 R0 pano_camera0/frame_0331_hp_preview.jpg
-2.464038 1.492557 -1.871364 255 68 68 R0 pano_camera0/frame_0332_hp_preview.jpg
-2.292425 1.483101 -1.743095 255 68 68 R0 pano_camera0/frame_0333_hp_preview.jpg
-2.025213 1.476200 -1.461122 255 68 68 R0 pano_camera0/frame_0334_hp_preview.jpg
-1.922968 1.476680 -1.283077 255 68 68 R0 pano_camera0/frame_0335_hp_preview.jpg
-1.799890 1.465342 -1.090283 255 68 68 R0 pano_camera0/frame_0336_hp_preview.jpg
-1.572635 1.451218 -0.631459 255 68 68 R0 pano_camera0/frame_0337_hp_preview.jpg
-1.461879 1.451423 -0.400655 255 68 68 R0 pano_camera0/frame_0338_hp_preview.jpg
-1.222477 1.438030 0.212414 255 68 68 R0 pano_camera0/frame_0339_hp_preview.jpg
-1.125927 1.458639 0.617103 255 68 68 R0 pano_camera0/frame_0340_hp_preview.jpg
-1.093086 1.451160 0.723656 255 68 68 R0 pano_camera0/frame_0341_hp_preview.jpg
-0.964542 1.449278 1.027956 255 68 68 R0 pano_camera0/frame_0342_hp_preview.jpg
-0.730749 1.450275 1.377142 255 68 68 R0 pano_camera0/frame_0343_hp_preview.jpg
-0.774606 1.454153 1.724941 255 68 68 R0 pano_camera0/frame_0344_hp_preview.jpg
-1.026706 1.456601 1.642285 255 68 68 R0 pano_camera0/frame_0345_hp_preview.jpg
-1.223953 1.454249 1.457920 255 68 68 R0 pano_camera0/frame_0346_hp_preview.jpg
-1.325764 1.455722 1.250673 255 68 68 R0 pano_camera0/frame_0347_hp_preview.jpg
-1.450971 1.459282 1.020627 255 68 68 R0 pano_camera0/frame_0348_hp_preview.jpg
-1.748582 1.455471 0.475965 255 68 68 R0 pano_camera0/frame_0349_hp_preview.jpg
-1.945842 1.444904 0.267652 255 68 68 R0 pano_camera0/frame_0350_hp_preview.jpg
-2.100483 1.442245 0.119809 255 68 68 R0 pano_camera0/frame_0351_hp_preview.jpg
-2.542075 1.447807 -0.083171 255 68 68 R0 pano_camera0/frame_0352_hp_preview.jpg
-2.763957 1.462014 -0.114614 255 68 68 R0 pano_camera0/frame_0353_hp_preview.jpg
-3.124105 1.470042 -0.286998 255 68 68 R0 pano_camera0/frame_0354_hp_preview.jpg
-3.239617 1.484295 -0.464226 255 68 68 R0 pano_camera0/frame_0355_hp_preview.jpg
-3.161677 1.497050 -0.883009 255 68 68 R0 pano_camera0/frame_0356_hp_preview.jpg
-3.089304 1.485857 -1.174244 255 68 68 R0 pano_camera0/frame_0357_hp_preview.jpg
-3.045756 1.468108 -1.257451 255 68 68 R0 pano_camera0/frame_0358_hp_preview.jpg
-3.014295 1.459244 -1.280682 255 68 68 R0 pano_camera0/frame_0359_hp_preview.jpg
-3.061850 1.474452 -1.286413 255 68 68 R0 pano_camera0/frame_0360_hp_preview.jpg
-3.061974 1.473454 -1.290629 255 68 68 R0 pano_camera0/frame_0361_hp_preview.jpg
-3.172174 1.484978 -1.556883 255 68 68 R0 pano_camera0/frame_0362_hp_preview.jpg
-3.305157 1.490606 -1.614581 255 68 68 R0 pano_camera0/frame_0363_hp_preview.jpg
-3.565978 1.520555 -1.630970 255 68 68 R0 pano_camera0/frame_0364_hp_preview.jpg
-3.646820 1.522175 -1.576396 255 68 68 R0 pano_camera0/frame_0365_hp_preview.jpg
-3.691516 1.509441 -1.178580 255 68 68 R0 pano_camera0/frame_0366_hp_preview.jpg
-3.668260 1.505471 -1.118610 255 68 68 R0 pano_camera0/frame_0367_hp_preview.jpg
-3.528005 1.488833 -0.815971 255 68 68 R0 pano_camera0/frame_0368_hp_preview.jpg
-3.227991 1.478111 -0.195250 255 68 68 R0 pano_camera0/frame_0369_hp_preview.jpg
-3.238599 1.447264 0.007752 255 68 68 R0 pano_camera0/frame_0370_hp_preview.jpg
-3.376980 1.476732 0.148832 255 68 68 R0 pano_camera0/frame_0371_hp_preview.jpg
-3.704466 1.474272 0.089011 255 68 68 R0 pano_camera0/frame_0372_hp_preview.jpg
-3.957223 1.488360 -0.163615 255 68 68 R0 pano_camera0/frame_0373_hp_preview.jpg
-4.567184 1.491510 -0.525108 255 68 68 R0 pano_camera0/frame_0374_hp_preview.jpg
-4.759316 1.501328 -0.536267 255 68 68 R0 pano_camera0/frame_0375_hp_preview.jpg
-4.981863 1.512080 -0.462007 255 68 68 R0 pano_camera0/frame_0376_hp_preview.jpg
-5.157384 1.516913 -0.369035 255 68 68 R0 pano_camera0/frame_0377_hp_preview.jpg
-5.660266 1.541748 0.019588 255 68 68 R0 pano_camera0/frame_0378_hp_preview.jpg
-5.776547 1.530214 0.167740 255 68 68 R0 pano_camera0/frame_0379_hp_preview.jpg
-5.893375 1.525366 0.394614 255 68 68 R0 pano_camera0/frame_0380_hp_preview.jpg
-5.955620 1.405872 0.414121 255 68 68 R0 pano_camera0/frame_0381_hp_preview.jpg
-5.980934 1.274478 0.564102 255 68 68 R0 pano_camera0/frame_0382_hp_preview.jpg
-5.933598 1.475691 0.831980 255 68 68 R0 pano_camera0/frame_0383_hp_preview.jpg
-5.904211 1.489194 0.830209 255 68 68 R0 pano_camera0/frame_0384_hp_preview.jpg
-5.743340 1.497526 1.027753 255 68 68 R0 pano_camera0/frame_0385_hp_preview.jpg
-5.425922 1.500465 1.469469 255 68 68 R0 pano_camera0/frame_0386_hp_preview.jpg
-5.300396 1.496372 1.688051 255 68 68 R0 pano_camera0/frame_0387_hp_preview.jpg
-4.846824 1.488123 2.330574 255 68 68 R0 pano_camera0/frame_0388_hp_preview.jpg
-4.524220 1.473900 2.718076 255 68 68 R0 pano_camera0/frame_0389_hp_preview.jpg
-4.378271 1.460964 2.860980 255 68 68 R0 pano_camera0/frame_0390_hp_preview.jpg
-3.963675 1.462091 3.051459 255 68 68 R0 pano_camera0/frame_0391_hp_preview.jpg
-3.879290 1.458982 3.006805 255 68 68 R0 pano_camera0/frame_0392_hp_preview.jpg
-3.919974 1.461274 2.817831 255 68 68 R0 pano_camera0/frame_0393_hp_preview.jpg
-4.091782 1.455106 2.675155 255 68 68 R0 pano_camera0/frame_0394_hp_preview.jpg
-4.387327 1.453072 2.446214 255 68 68 R0 pano_camera0/frame_0395_hp_preview.jpg
-4.598241 1.458694 2.121123 255 68 68 R0 pano_camera0/frame_0396_hp_preview.jpg
-4.401060 1.482305 1.697200 255 68 68 R0 pano_camera0/frame_0397_hp_preview.jpg
-4.264657 1.480358 1.594669 255 68 68 R0 pano_camera0/frame_0398_hp_preview.jpg
-3.786359 1.483645 1.574889 255 68 68 R0 pano_camera0/frame_0399_hp_preview.jpg
-3.409253 1.462762 1.928342 255 68 68 R0 pano_camera0/frame_0400_hp_preview.jpg
-3.133402 1.455602 2.227490 255 68 68 R0 pano_camera0/frame_0401_hp_preview.jpg
-3.112958 1.454386 2.245789 255 68 68 R0 pano_camera0/frame_0402_hp_preview.jpg
-2.856676 1.445371 2.533088 255 68 68 R0 pano_camera0/frame_0403_hp_preview.jpg
-2.335896 1.442742 2.525595 255 68 68 R0 pano_camera0/frame_0404_hp_preview.jpg
-2.307331 1.449089 2.495774 255 68 68 R0 pano_camera0/frame_0405_hp_preview.jpg
-2.154045 1.463712 2.038022 255 68 68 R0 pano_camera0/frame_0406_hp_preview.jpg
-2.418526 1.455347 1.678196 255 68 68 R0 pano_camera0/frame_0407_hp_preview.jpg
-2.563902 1.461813 1.494842 255 68 68 R0 pano_camera0/frame_0408_hp_preview.jpg
-2.675881 1.457182 1.363378 255 68 68 R0 pano_camera0/frame_0409_hp_preview.jpg
-2.786727 1.476768 1.018513 255 68 68 R0 pano_camera0/frame_0410_hp_preview.jpg
-2.465082 1.473182 0.481070 255 68 68 R0 pano_camera0/frame_0411_hp_preview.jpg
-2.403526 1.465663 0.423354 255 68 68 R0 pano_camera0/frame_0412_hp_preview.jpg
-2.271776 1.470770 0.240685 255 68 68 R0 pano_camera0/frame_0413_hp_preview.jpg
-2.292837 1.473176 0.235432 255 68 68 R0 pano_camera0/frame_0414_hp_preview.jpg
-2.294289 1.473496 0.236900 255 68 68 R0 pano_camera0/frame_0415_hp_preview.jpg
-2.290819 1.468938 0.235405 255 68 68 R0 pano_camera0/frame_0416_hp_preview.jpg
4.505905 0.035738 2.322182 255 68 68 R0 pano_camera1/frame_0140_hp_preview.jpg
4.633754 0.040949 2.449613 255 68 68 R0 pano_camera1/frame_0141_hp_preview.jpg
4.852375 0.036157 2.689930 255 68 68 R0 pano_camera1/frame_0142_hp_preview.jpg
5.009412 0.034598 2.788269 255 68 68 R0 pano_camera1/frame_0143_hp_preview.jpg
5.184954 0.051771 2.736436 255 68 68 R0 pano_camera1/frame_0144_hp_preview.jpg
5.243054 0.058257 2.559757 255 68 68 R0 pano_camera1/frame_0145_hp_preview.jpg
4.381634 0.040328 2.749370 255 68 68 R0 pano_camera1/frame_0157_hp_preview.jpg
4.244021 0.041620 2.835529 255 68 68 R0 pano_camera1/frame_0158_hp_preview.jpg
4.195019 0.045573 2.933363 255 68 68 R0 pano_camera1/frame_0159_hp_preview.jpg
3.947154 0.029594 3.542225 255 68 68 R0 pano_camera1/frame_0160_hp_preview.jpg
3.740070 0.024292 3.804455 255 68 68 R0 pano_camera1/frame_0161_hp_preview.jpg
3.439175 0.033516 4.094078 255 68 68 R0 pano_camera1/frame_0162_hp_preview.jpg
3.231989 0.037171 4.254176 255 68 68 R0 pano_camera1/frame_0163_hp_preview.jpg
3.007012 0.044772 4.396821 255 68 68 R0 pano_camera1/frame_0164_hp_preview.jpg
2.609606 0.046694 4.384396 255 68 68 R0 pano_camera1/frame_0165_hp_preview.jpg
2.448352 0.046235 4.251542 255 68 68 R0 pano_camera1/frame_0166_hp_preview.jpg
2.201123 0.052342 3.892098 255 68 68 R0 pano_camera1/frame_0167_hp_preview.jpg
2.252838 0.049931 3.505309 255 68 68 R0 pano_camera1/frame_0168_hp_preview.jpg
2.342631 0.061539 3.389177 255 68 68 R0 pano_camera1/frame_0169_hp_preview.jpg
2.877618 0.049920 2.856267 255 68 68 R0 pano_camera1/frame_0170_hp_preview.jpg
2.950096 0.064138 2.786802 255 68 68 R0 pano_camera1/frame_0171_hp_preview.jpg
3.289303 0.050566 2.460626 255 68 68 R0 pano_camera1/frame_0172_hp_preview.jpg
3.366090 0.061453 2.080390 255 68 68 R0 pano_camera1/frame_0173_hp_preview.jpg
3.161372 0.070585 1.744957 255 68 68 R0 pano_camera1/frame_0174_hp_preview.jpg
3.152255 0.073600 1.739504 255 68 68 R0 pano_camera1/frame_0175_hp_preview.jpg
2.720897 0.069080 1.645688 255 68 68 R0 pano_camera1/frame_0176_hp_preview.jpg
2.476814 0.078871 1.694650 255 68 68 R0 pano_camera1/frame_0177_hp_preview.jpg
2.014972 0.078715 1.712952 255 68 68 R0 pano_camera1/frame_0178_hp_preview.jpg
1.693302 0.084062 1.465020 255 68 68 R0 pano_camera1/frame_0179_hp_preview.jpg
1.650952 0.084319 1.271426 255 68 68 R0 pano_camera1/frame_0180_hp_preview.jpg
1.782735 0.070512 1.033359 255 68 68 R0 pano_camera1/frame_0181_hp_preview.jpg
1.977752 0.068407 0.871726 255 68 68 R0 pano_camera1/frame_0182_hp_preview.jpg
2.202049 0.079923 0.552393 255 68 68 R0 pano_camera1/frame_0183_hp_preview.jpg
2.050367 0.070293 0.403842 255 68 68 R0 pano_camera1/frame_0184_hp_preview.jpg
1.896727 0.071694 0.452878 255 68 68 R0 pano_camera1/frame_0185_hp_preview.jpg
1.703856 0.066756 0.597011 255 68 68 R0 pano_camera1/frame_0186_hp_preview.jpg
1.505284 0.067502 0.732828 255 68 68 R0 pano_camera1/frame_0187_hp_preview.jpg
1.205752 0.070746 0.837863 255 68 68 R0 pano_camera1/frame_0188_hp_preview.jpg
0.902396 0.073690 0.750225 255 68 68 R0 pano_camera1/frame_0189_hp_preview.jpg
0.871523 0.079577 0.731225 255 68 68 R0 pano_camera1/frame_0190_hp_preview.jpg
0.704252 0.083829 0.516812 255 68 68 R0 pano_camera1/frame_0191_hp_preview.jpg
0.701938 0.089614 0.156910 255 68 68 R0 pano_camera1/frame_0192_hp_preview.jpg
0.833211 0.083550 -0.094418 255 68 68 R0 pano_camera1/frame_0193_hp_preview.jpg
1.053187 0.074626 -0.377723 255 68 68 R0 pano_camera1/frame_0194_hp_preview.jpg
1.191413 0.080570 -0.590708 255 68 68 R0 pano_camera1/frame_0195_hp_preview.jpg
1.163202 0.070104 -0.795123 255 68 68 R0 pano_camera1/frame_0196_hp_preview.jpg
0.963391 0.076154 -1.166914 255 68 68 R0 pano_camera1/frame_0197_hp_preview.jpg
0.585483 0.098329 -1.646923 255 68 68 R0 pano_camera1/frame_0198_hp_preview.jpg
0.474940 0.105691 -1.787420 255 68 68 R0 pano_camera1/frame_0199_hp_preview.jpg
-0.148619 0.146384 -2.354038 255 68 68 R0 pano_camera1/frame_0200_hp_preview.jpg
-0.140633 0.192262 -2.447809 255 68 68 R0 pano_camera1/frame_0201_hp_preview.jpg
-0.174322 0.104995 -1.212152 255 68 68 R0 pano_camera1/frame_0226_hp_preview.jpg
-0.778925 0.098748 0.061098 255 68 68 R0 pano_camera1/frame_0240_hp_preview.jpg
-0.764224 0.090519 0.126777 255 68 68 R0 pano_camera1/frame_0241_hp_preview.jpg
-0.867233 0.082969 0.404170 255 68 68 R0 pano_camera1/frame_0242_hp_preview.jpg
-0.749073 0.078054 0.566301 255 68 68 R0 pano_camera1/frame_0243_hp_preview.jpg
-0.535704 0.074337 0.550878 255 68 68 R0 pano_camera1/frame_0244_hp_preview.jpg
-0.432282 0.069997 0.568491 255 68 68 R0 pano_camera1/frame_0245_hp_preview.jpg
-0.160506 0.042391 0.630561 255 68 68 R0 pano_camera1/frame_0246_hp_preview.jpg
-0.033270 0.049323 0.556112 255 68 68 R0 pano_camera1/frame_0247_hp_preview.jpg
0.282528 0.046903 0.628225 255 68 68 R0 pano_camera1/frame_0248_hp_preview.jpg
0.318159 0.044473 0.648071 255 68 68 R0 pano_camera1/frame_0249_hp_preview.jpg
0.945602 0.041192 1.114193 255 68 68 R0 pano_camera1/frame_0250_hp_preview.jpg
0.956014 0.039609 1.123685 255 68 68 R0 pano_camera1/frame_0251_hp_preview.jpg
1.259920 0.045706 1.545178 255 68 68 R0 pano_camera1/frame_0252_hp_preview.jpg
1.409057 0.058807 2.084302 255 68 68 R0 pano_camera1/frame_0253_hp_preview.jpg
1.137486 0.068605 2.410037 255 68 68 R0 pano_camera1/frame_0254_hp_preview.jpg
1.094873 0.065500 2.415532 255 68 68 R0 pano_camera1/frame_0255_hp_preview.jpg
0.662625 0.107878 2.060562 255 68 68 R0 pano_camera1/frame_0256_hp_preview.jpg
0.531920 0.235733 1.888068 255 68 68 R0 pano_camera1/frame_0257_hp_preview.jpg
0.482185 0.317673 1.822260 255 68 68 R0 pano_camera1/frame_0258_hp_preview.jpg
0.403493 0.392290 1.699741 255 68 68 R0 pano_camera1/frame_0259_hp_preview.jpg
0.221349 0.643243 1.429712 255 68 68 R0 pano_camera1/frame_0260_hp_preview.jpg
0.218686 0.646012 1.423470 255 68 68 R0 pano_camera1/frame_0261_hp_preview.jpg
0.004844 0.905873 1.163569 255 68 68 R0 pano_camera1/frame_0262_hp_preview.jpg
-0.005702 0.915260 1.157020 255 68 68 R0 pano_camera1/frame_0263_hp_preview.jpg
-0.111893 1.059595 1.020928 255 68 68 R0 pano_camera1/frame_0264_hp_preview.jpg
-0.275166 1.238245 0.816512 255 68 68 R0 pano_camera1/frame_0265_hp_preview.jpg
-0.322063 1.374093 0.591471 255 68 68 R0 pano_camera1/frame_0266_hp_preview.jpg
-0.309493 1.451328 0.382989 255 68 68 R0 pano_camera1/frame_0267_hp_preview.jpg
-0.108129 1.447113 0.150426 255 68 68 R0 pano_camera1/frame_0268_hp_preview.jpg
0.264577 1.456883 -0.214832 255 68 68 R0 pano_camera1/frame_0269_hp_preview.jpg
0.450532 1.476053 -0.369847 255 68 68 R0 pano_camera1/frame_0270_hp_preview.jpg
0.817942 1.471847 -0.631937 255 68 68 R0 pano_camera1/frame_0271_hp_preview.jpg
1.158138 1.477217 -0.881873 255 68 68 R0 pano_camera1/frame_0272_hp_preview.jpg
1.341065 1.488490 -1.028622 255 68 68 R0 pano_camera1/frame_0273_hp_preview.jpg
1.928815 1.487073 -1.476759 255 68 68 R0 pano_camera1/frame_0274_hp_preview.jpg
1.986951 1.491363 -1.533194 255 68 68 R0 pano_camera1/frame_0275_hp_preview.jpg
2.458254 1.497624 -1.906520 255 68 68 R0 pano_camera1/frame_0276_hp_preview.jpg
2.596594 1.504130 -2.033844 255 68 68 R0 pano_camera1/frame_0277_hp_preview.jpg
3.014425 1.524843 -2.441049 255 68 68 R0 pano_camera1/frame_0278_hp_preview.jpg
3.251617 1.523389 -2.611434 255 68 68 R0 pano_camera1/frame_0279_hp_preview.jpg
3.835351 1.532682 -3.113320 255 68 68 R0 pano_camera1/frame_0280_hp_preview.jpg
3.947866 1.531148 -3.195510 255 68 68 R0 pano_camera1/frame_0281_hp_preview.jpg
4.099238 1.527888 -3.349043 255 68 68 R0 pano_camera1/frame_0282_hp_preview.jpg
4.176778 1.528279 -3.583834 255 68 68 R0 pano_camera1/frame_0283_hp_preview.jpg
3.997356 1.524214 -3.970843 255 68 68 R0 pano_camera1/frame_0284_hp_preview.jpg
3.960140 1.522200 -3.997293 255 68 68 R0 pano_camera1/frame_0285_hp_preview.jpg
3.704675 1.524377 -4.202299 255 68 68 R0 pano_camera1/frame_0286_hp_preview.jpg
3.504299 1.539645 -4.209571 255 68 68 R0 pano_camera1/frame_0287_hp_preview.jpg
3.243080 1.549842 -4.223985 255 68 68 R0 pano_camera1/frame_0288_hp_preview.jpg
3.088049 1.556722 -4.299552 255 68 68 R0 pano_camera1/frame_0289_hp_preview.jpg
2.981451 1.558198 -4.553350 255 68 68 R0 pano_camera1/frame_0290_hp_preview.jpg
2.884206 1.554988 -5.101280 255 68 68 R0 pano_camera1/frame_0291_hp_preview.jpg
2.818818 1.557396 -5.313751 255 68 68 R0 pano_camera1/frame_0292_hp_preview.jpg
2.775887 1.554425 -5.490989 255 68 68 R0 pano_camera1/frame_0293_hp_preview.jpg
2.315027 1.546298 -5.935733 255 68 68 R0 pano_camera1/frame_0294_hp_preview.jpg
2.264872 1.547790 -5.947709 255 68 68 R0 pano_camera1/frame_0295_hp_preview.jpg
1.723418 1.540977 -5.754284 255 68 68 R0 pano_camera1/frame_0296_hp_preview.jpg
1.624198 1.542469 -5.408213 255 68 68 R0 pano_camera1/frame_0297_hp_preview.jpg
1.597258 1.527239 -5.098267 255 68 68 R0 pano_camera1/frame_0298_hp_preview.jpg
1.585726 1.530247 -4.856060 255 68 68 R0 pano_camera1/frame_0299_hp_preview.jpg
1.555475 1.529944 -4.393762 255 68 68 R0 pano_camera1/frame_0300_hp_preview.jpg
1.553432 1.511244 -4.074037 255 68 68 R0 pano_camera1/frame_0301_hp_preview.jpg
1.584404 1.503130 -3.753046 255 68 68 R0 pano_camera1/frame_0302_hp_preview.jpg
1.699431 1.510533 -3.315114 255 68 68 R0 pano_camera1/frame_0303_hp_preview.jpg
1.749438 1.503025 -3.091371 255 68 68 R0 pano_camera1/frame_0304_hp_preview.jpg
1.814175 1.490965 -2.563198 255 68 68 R0 pano_camera1/frame_0305_hp_preview.jpg
1.752886 1.475477 -2.037535 255 68 68 R0 pano_camera1/frame_0306_hp_preview.jpg
1.654567 1.465969 -1.704130 255 68 68 R0 pano_camera1/frame_0307_hp_preview.jpg
1.609135 1.471030 -1.627163 255 68 68 R0 pano_camera1/frame_0308_hp_preview.jpg
1.225313 1.469658 -1.342217 255 68 68 R0 pano_camera1/frame_0309_hp_preview.jpg
0.757066 1.482784 -1.347874 255 68 68 R0 pano_camera1/frame_0310_hp_preview.jpg
0.526358 1.473060 -1.568758 255 68 68 R0 pano_camera1/frame_0311_hp_preview.jpg
0.357550 1.490066 -1.983440 255 68 68 R0 pano_camera1/frame_0312_hp_preview.jpg
0.289116 1.495138 -2.294790 255 68 68 R0 pano_camera1/frame_0313_hp_preview.jpg
0.255509 1.498133 -2.576548 255 68 68 R0 pano_camera1/frame_0314_hp_preview.jpg
0.155154 1.509320 -3.263024 255 68 68 R0 pano_camera1/frame_0315_hp_preview.jpg
0.143178 1.513771 -3.312869 255 68 68 R0 pano_camera1/frame_0316_hp_preview.jpg
0.028010 1.510012 -3.749509 255 68 68 R0 pano_camera1/frame_0317_hp_preview.jpg
-0.249925 1.506099 -4.143118 255 68 68 R0 pano_camera1/frame_0318_hp_preview.jpg
-0.376818 1.507462 -4.153066 255 68 68 R0 pano_camera1/frame_0319_hp_preview.jpg
-0.721188 1.527914 -4.055952 255 68 68 R0 pano_camera1/frame_0320_hp_preview.jpg
-1.244412 1.525739 -3.575800 255 68 68 R0 pano_camera1/frame_0321_hp_preview.jpg
-1.272529 1.524663 -3.543411 255 68 68 R0 pano_camera1/frame_0322_hp_preview.jpg
-1.387568 1.506112 -3.077232 255 68 68 R0 pano_camera1/frame_0323_hp_preview.jpg
-1.329520 1.509214 -2.601324 255 68 68 R0 pano_camera1/frame_0324_hp_preview.jpg
-1.335802 1.501051 -2.553055 255 68 68 R0 pano_camera1/frame_0325_hp_preview.jpg
-1.552631 1.490776 -2.103437 255 68 68 R0 pano_camera1/frame_0326_hp_preview.jpg
-1.817730 1.487866 -2.053340 255 68 68 R0 pano_camera1/frame_0327_hp_preview.jpg
-1.952328 1.497543 -2.092796 255 68 68 R0 pano_camera1/frame_0328_hp_preview.jpg
-2.145747 1.503503 -2.230049 255 68 68 R0 pano_camera1/frame_0329_hp_preview.jpg
-2.499664 1.510679 -2.360870 255 68 68 R0 pano_camera1/frame_0330_hp_preview.jpg
-2.615981 1.508070 -2.271117 255 68 68 R0 pano_camera1/frame_0331_hp_preview.jpg
-2.464038 1.492557 -1.871364 255 68 68 R0 pano_camera1/frame_0332_hp_preview.jpg
-2.292425 1.483101 -1.743095 255 68 68 R0 pano_camera1/frame_0333_hp_preview.jpg
-2.025213 1.476200 -1.461122 255 68 68 R0 pano_camera1/frame_0334_hp_preview.jpg
-1.922968 1.476680 -1.283077 255 68 68 R0 pano_camera1/frame_0335_hp_preview.jpg
-1.799890 1.465342 -1.090283 255 68 68 R0 pano_camera1/frame_0336_hp_preview.jpg
-1.572635 1.451218 -0.631459 255 68 68 R0 pano_camera1/frame_0337_hp_preview.jpg
-1.461879 1.451423 -0.400655 255 68 68 R0 pano_camera1/frame_0338_hp_preview.jpg
-1.222477 1.438030 0.212414 255 68 68 R0 pano_camera1/frame_0339_hp_preview.jpg
-1.125927 1.458639 0.617103 255 68 68 R0 pano_camera1/frame_0340_hp_preview.jpg
-1.093086 1.451160 0.723656 255 68 68 R0 pano_camera1/frame_0341_hp_preview.jpg
-0.964542 1.449278 1.027956 255 68 68 R0 pano_camera1/frame_0342_hp_preview.jpg
-0.730749 1.450275 1.377142 255 68 68 R0 pano_camera1/frame_0343_hp_preview.jpg
-0.774606 1.454153 1.724941 255 68 68 R0 pano_camera1/frame_0344_hp_preview.jpg
-1.026706 1.456601 1.642285 255 68 68 R0 pano_camera1/frame_0345_hp_preview.jpg
-1.223953 1.454249 1.457920 255 68 68 R0 pano_camera1/frame_0346_hp_preview.jpg
-1.325764 1.455722 1.250673 255 68 68 R0 pano_camera1/frame_0347_hp_preview.jpg
-1.450971 1.459282 1.020627 255 68 68 R0 pano_camera1/frame_0348_hp_preview.jpg
-1.748582 1.455471 0.475965 255 68 68 R0 pano_camera1/frame_0349_hp_preview.jpg
-1.945842 1.444904 0.267652 255 68 68 R0 pano_camera1/frame_0350_hp_preview.jpg
-2.100483 1.442245 0.119809 255 68 68 R0 pano_camera1/frame_0351_hp_preview.jpg
-2.542075 1.447807 -0.083171 255 68 68 R0 pano_camera1/frame_0352_hp_preview.jpg
-2.763957 1.462014 -0.114614 255 68 68 R0 pano_camera1/frame_0353_hp_preview.jpg
-3.124105 1.470042 -0.286998 255 68 68 R0 pano_camera1/frame_0354_hp_preview.jpg
-3.239617 1.484295 -0.464226 255 68 68 R0 pano_camera1/frame_0355_hp_preview.jpg
-3.161677 1.497050 -0.883009 255 68 68 R0 pano_camera1/frame_0356_hp_preview.jpg
-3.089304 1.485857 -1.174244 255 68 68 R0 pano_camera1/frame_0357_hp_preview.jpg
-3.045756 1.468108 -1.257451 255 68 68 R0 pano_camera1/frame_0358_hp_preview.jpg
-3.014295 1.459244 -1.280682 255 68 68 R0 pano_camera1/frame_0359_hp_preview.jpg
-3.061850 1.474452 -1.286413 255 68 68 R0 pano_camera1/frame_0360_hp_preview.jpg
-3.061974 1.473454 -1.290629 255 68 68 R0 pano_camera1/frame_0361_hp_preview.jpg
-3.172174 1.484978 -1.556883 255 68 68 R0 pano_camera1/frame_0362_hp_preview.jpg
-3.305157 1.490606 -1.614581 255 68 68 R0 pano_camera1/frame_0363_hp_preview.jpg
-3.565978 1.520555 -1.630970 255 68 68 R0 pano_camera1/frame_0364_hp_preview.jpg
-3.646820 1.522175 -1.576396 255 68 68 R0 pano_camera1/frame_0365_hp_preview.jpg
-3.691516 1.509441 -1.178580 255 68 68 R0 pano_camera1/frame_0366_hp_preview.jpg
-3.668260 1.505471 -1.118610 255 68 68 R0 pano_camera1/frame_0367_hp_preview.jpg
-3.528005 1.488833 -0.815971 255 68 68 R0 pano_camera1/frame_0368_hp_preview.jpg
-3.227991 1.478111 -0.195250 255 68 68 R0 pano_camera1/frame_0369_hp_preview.jpg
-3.238599 1.447264 0.007752 255 68 68 R0 pano_camera1/frame_0370_hp_preview.jpg
-3.376980 1.476732 0.148832 255 68 68 R0 pano_camera1/frame_0371_hp_preview.jpg
-3.704466 1.474272 0.089011 255 68 68 R0 pano_camera1/frame_0372_hp_preview.jpg
-3.957223 1.488360 -0.163615 255 68 68 R0 pano_camera1/frame_0373_hp_preview.jpg
-4.567184 1.491510 -0.525108 255 68 68 R0 pano_camera1/frame_0374_hp_preview.jpg
-4.759316 1.501328 -0.536267 255 68 68 R0 pano_camera1/frame_0375_hp_preview.jpg
-4.981863 1.512080 -0.462007 255 68 68 R0 pano_camera1/frame_0376_hp_preview.jpg
-5.157384 1.516913 -0.369035 255 68 68 R0 pano_camera1/frame_0377_hp_preview.jpg
-5.660266 1.541748 0.019588 255 68 68 R0 pano_camera1/frame_0378_hp_preview.jpg
-5.776547 1.530214 0.167740 255 68 68 R0 pano_camera1/frame_0379_hp_preview.jpg
-5.893375 1.525366 0.394614 255 68 68 R0 pano_camera1/frame_0380_hp_preview.jpg
-5.955620 1.405872 0.414121 255 68 68 R0 pano_camera1/frame_0381_hp_preview.jpg
-5.980934 1.274478 0.564102 255 68 68 R0 pano_camera1/frame_0382_hp_preview.jpg
-5.933598 1.475691 0.831980 255 68 68 R0 pano_camera1/frame_0383_hp_preview.jpg
-5.904211 1.489194 0.830209 255 68 68 R0 pano_camera1/frame_0384_hp_preview.jpg
-5.743340 1.497526 1.027753 255 68 68 R0 pano_camera1/frame_0385_hp_preview.jpg
-5.425922 1.500465 1.469469 255 68 68 R0 pano_camera1/frame_0386_hp_preview.jpg
-5.300396 1.496372 1.688051 255 68 68 R0 pano_camera1/frame_0387_hp_preview.jpg
-4.846824 1.488123 2.330574 255 68 68 R0 pano_camera1/frame_0388_hp_preview.jpg
-4.524220 1.473900 2.718076 255 68 68 R0 pano_camera1/frame_0389_hp_preview.jpg
-4.378271 1.460964 2.860980 255 68 68 R0 pano_camera1/frame_0390_hp_preview.jpg
-3.963675 1.462091 3.051459 255 68 68 R0 pano_camera1/frame_0391_hp_preview.jpg
-3.879290 1.458982 3.006805 255 68 68 R0 pano_camera1/frame_0392_hp_preview.jpg
-3.919974 1.461274 2.817831 255 68 68 R0 pano_camera1/frame_0393_hp_preview.jpg
-4.091782 1.455106 2.675155 255 68 68 R0 pano_camera1/frame_0394_hp_preview.jpg
-4.387327 1.453072 2.446214 255 68 68 R0 pano_camera1/frame_0395_hp_preview.jpg
-4.598241 1.458694 2.121123 255 68 68 R0 pano_camera1/frame_0396_hp_preview.jpg
-4.401060 1.482305 1.697200 255 68 68 R0 pano_camera1/frame_0397_hp_preview.jpg
-4.264657 1.480358 1.594669 255 68 68 R0 pano_camera1/frame_0398_hp_preview.jpg
-3.786359 1.483645 1.574889 255 68 68 R0 pano_camera1/frame_0399_hp_preview.jpg
-3.409253 1.462762 1.928342 255 68 68 R0 pano_camera1/frame_0400_hp_preview.jpg
-3.133402 1.455602 2.227490 255 68 68 R0 pano_camera1/frame_0401_hp_preview.jpg
-3.112958 1.454386 2.245789 255 68 68 R0 pano_camera1/frame_0402_hp_preview.jpg
-2.856676 1.445371 2.533088 255 68 68 R0 pano_camera1/frame_0403_hp_preview.jpg
-2.335896 1.442742 2.525595 255 68 68 R0 pano_camera1/frame_0404_hp_preview.jpg
-2.307331 1.449089 2.495774 255 68 68 R0 pano_camera1/frame_0405_hp_preview.jpg
-2.154045 1.463712 2.038022 255 68 68 R0 pano_camera1/frame_0406_hp_preview.jpg
-2.418526 1.455347 1.678196 255 68 68 R0 pano_camera1/frame_0407_hp_preview.jpg
-2.563902 1.461813 1.494842 255 68 68 R0 pano_camera1/frame_0408_hp_preview.jpg
-2.675881 1.457182 1.363378 255 68 68 R0 pano_camera1/frame_0409_hp_preview.jpg
-2.786727 1.476768 1.018513 255 68 68 R0 pano_camera1/frame_0410_hp_preview.jpg
-2.465082 1.473182 0.481070 255 68 68 R0 pano_camera1/frame_0411_hp_preview.jpg
-2.403526 1.465663 0.423354 255 68 68 R0 pano_camera1/frame_0412_hp_preview.jpg
-2.271776 1.470770 0.240685 255 68 68 R0 pano_camera1/frame_0413_hp_preview.jpg
-2.292837 1.473176 0.235432 255 68 68 R0 pano_camera1/frame_0414_hp_preview.jpg
-2.294289 1.473496 0.236900 255 68 68 R0 pano_camera1/frame_0415_hp_preview.jpg
-2.290819 1.468938 0.235405 255 68 68 R0 pano_camera1/frame_0416_hp_preview.jpg
4.505905 0.035738 2.322182 255 68 68 R0 pano_camera2/frame_0140_hp_preview.jpg
4.633754 0.040949 2.449613 255 68 68 R0 pano_camera2/frame_0141_hp_preview.jpg
4.852375 0.036157 2.689930 255 68 68 R0 pano_camera2/frame_0142_hp_preview.jpg
5.009412 0.034598 2.788269 255 68 68 R0 pano_camera2/frame_0143_hp_preview.jpg
5.184954 0.051771 2.736436 255 68 68 R0 pano_camera2/frame_0144_hp_preview.jpg
5.243054 0.058257 2.559757 255 68 68 R0 pano_camera2/frame_0145_hp_preview.jpg
4.381634 0.040328 2.749370 255 68 68 R0 pano_camera2/frame_0157_hp_preview.jpg
4.244021 0.041620 2.835529 255 68 68 R0 pano_camera2/frame_0158_hp_preview.jpg
4.195019 0.045573 2.933363 255 68 68 R0 pano_camera2/frame_0159_hp_preview.jpg
3.947154 0.029594 3.542225 255 68 68 R0 pano_camera2/frame_0160_hp_preview.jpg
3.740070 0.024292 3.804455 255 68 68 R0 pano_camera2/frame_0161_hp_preview.jpg
3.439175 0.033516 4.094078 255 68 68 R0 pano_camera2/frame_0162_hp_preview.jpg
3.231989 0.037171 4.254176 255 68 68 R0 pano_camera2/frame_0163_hp_preview.jpg
3.007012 0.044772 4.396821 255 68 68 R0 pano_camera2/frame_0164_hp_preview.jpg
2.609606 0.046694 4.384396 255 68 68 R0 pano_camera2/frame_0165_hp_preview.jpg
2.448352 0.046235 4.251542 255 68 68 R0 pano_camera2/frame_0166_hp_preview.jpg
2.201123 0.052342 3.892098 255 68 68 R0 pano_camera2/frame_0167_hp_preview.jpg
2.252838 0.049931 3.505309 255 68 68 R0 pano_camera2/frame_0168_hp_preview.jpg
2.342631 0.061539 3.389177 255 68 68 R0 pano_camera2/frame_0169_hp_preview.jpg
2.877618 0.049920 2.856267 255 68 68 R0 pano_camera2/frame_0170_hp_preview.jpg
2.950096 0.064138 2.786802 255 68 68 R0 pano_camera2/frame_0171_hp_preview.jpg
3.289303 0.050566 2.460626 255 68 68 R0 pano_camera2/frame_0172_hp_preview.jpg
3.366090 0.061453 2.080390 255 68 68 R0 pano_camera2/frame_0173_hp_preview.jpg
3.161372 0.070585 1.744957 255 68 68 R0 pano_camera2/frame_0174_hp_preview.jpg
3.152255 0.073600 1.739504 255 68 68 R0 pano_camera2/frame_0175_hp_preview.jpg
2.720897 0.069080 1.645688 255 68 68 R0 pano_camera2/frame_0176_hp_preview.jpg
2.476814 0.078871 1.694650 255 68 68 R0 pano_camera2/frame_0177_hp_preview.jpg
2.014972 0.078715 1.712952 255 68 68 R0 pano_camera2/frame_0178_hp_preview.jpg
1.693302 0.084062 1.465020 255 68 68 R0 pano_camera2/frame_0179_hp_preview.jpg
1.650952 0.084319 1.271426 255 68 68 R0 pano_camera2/frame_0180_hp_preview.jpg
1.782735 0.070512 1.033359 255 68 68 R0 pano_camera2/frame_0181_hp_preview.jpg
1.977752 0.068407 0.871726 255 68 68 R0 pano_camera2/frame_0182_hp_preview.jpg
2.202049 0.079923 0.552393 255 68 68 R0 pano_camera2/frame_0183_hp_preview.jpg
2.050367 0.070293 0.403842 255 68 68 R0 pano_camera2/frame_0184_hp_preview.jpg
1.896727 0.071694 0.452878 255 68 68 R0 pano_camera2/frame_0185_hp_preview.jpg
1.703856 0.066756 0.597011 255 68 68 R0 pano_camera2/frame_0186_hp_preview.jpg
1.505284 0.067502 0.732828 255 68 68 R0 pano_camera2/frame_0187_hp_preview.jpg
1.205752 0.070746 0.837863 255 68 68 R0 pano_camera2/frame_0188_hp_preview.jpg
0.902396 0.073690 0.750225 255 68 68 R0 pano_camera2/frame_0189_hp_preview.jpg
0.871523 0.079577 0.731225 255 68 68 R0 pano_camera2/frame_0190_hp_preview.jpg
0.704252 0.083829 0.516812 255 68 68 R0 pano_camera2/frame_0191_hp_preview.jpg
0.701938 0.089614 0.156910 255 68 68 R0 pano_camera2/frame_0192_hp_preview.jpg
0.833211 0.083550 -0.094418 255 68 68 R0 pano_camera2/frame_0193_hp_preview.jpg
1.053187 0.074626 -0.377723 255 68 68 R0 pano_camera2/frame_0194_hp_preview.jpg
1.191413 0.080570 -0.590708 255 68 68 R0 pano_camera2/frame_0195_hp_preview.jpg
1.163202 0.070104 -0.795123 255 68 68 R0 pano_camera2/frame_0196_hp_preview.jpg
0.963391 0.076154 -1.166914 255 68 68 R0 pano_camera2/frame_0197_hp_preview.jpg
0.585483 0.098329 -1.646923 255 68 68 R0 pano_camera2/frame_0198_hp_preview.jpg
0.474940 0.105691 -1.787420 255 68 68 R0 pano_camera2/frame_0199_hp_preview.jpg
-0.148619 0.146384 -2.354038 255 68 68 R0 pano_camera2/frame_0200_hp_preview.jpg
-0.140633 0.192262 -2.447809 255 68 68 R0 pano_camera2/frame_0201_hp_preview.jpg
-0.174322 0.104995 -1.212152 255 68 68 R0 pano_camera2/frame_0226_hp_preview.jpg
-0.778925 0.098748 0.061098 255 68 68 R0 pano_camera2/frame_0240_hp_preview.jpg
-0.764224 0.090519 0.126777 255 68 68 R0 pano_camera2/frame_0241_hp_preview.jpg
-0.867233 0.082969 0.404170 255 68 68 R0 pano_camera2/frame_0242_hp_preview.jpg
-0.749073 0.078054 0.566301 255 68 68 R0 pano_camera2/frame_0243_hp_preview.jpg
-0.535704 0.074337 0.550878 255 68 68 R0 pano_camera2/frame_0244_hp_preview.jpg
-0.432282 0.069997 0.568491 255 68 68 R0 pano_camera2/frame_0245_hp_preview.jpg
-0.160506 0.042391 0.630561 255 68 68 R0 pano_camera2/frame_0246_hp_preview.jpg
-0.033270 0.049323 0.556112 255 68 68 R0 pano_camera2/frame_0247_hp_preview.jpg
0.282528 0.046903 0.628225 255 68 68 R0 pano_camera2/frame_0248_hp_preview.jpg
0.318159 0.044473 0.648071 255 68 68 R0 pano_camera2/frame_0249_hp_preview.jpg
0.945602 0.041192 1.114193 255 68 68 R0 pano_camera2/frame_0250_hp_preview.jpg
0.956014 0.039609 1.123685 255 68 68 R0 pano_camera2/frame_0251_hp_preview.jpg
1.259920 0.045706 1.545178 255 68 68 R0 pano_camera2/frame_0252_hp_preview.jpg
1.409057 0.058807 2.084302 255 68 68 R0 pano_camera2/frame_0253_hp_preview.jpg
1.137486 0.068605 2.410037 255 68 68 R0 pano_camera2/frame_0254_hp_preview.jpg
1.094873 0.065500 2.415532 255 68 68 R0 pano_camera2/frame_0255_hp_preview.jpg
0.662625 0.107878 2.060562 255 68 68 R0 pano_camera2/frame_0256_hp_preview.jpg
0.531920 0.235733 1.888068 255 68 68 R0 pano_camera2/frame_0257_hp_preview.jpg
0.482185 0.317673 1.822260 255 68 68 R0 pano_camera2/frame_0258_hp_preview.jpg
0.403493 0.392290 1.699741 255 68 68 R0 pano_camera2/frame_0259_hp_preview.jpg
0.221349 0.643243 1.429712 255 68 68 R0 pano_camera2/frame_0260_hp_preview.jpg
0.218686 0.646012 1.423470 255 68 68 R0 pano_camera2/frame_0261_hp_preview.jpg
0.004844 0.905873 1.163569 255 68 68 R0 pano_camera2/frame_0262_hp_preview.jpg
-0.005702 0.915260 1.157020 255 68 68 R0 pano_camera2/frame_0263_hp_preview.jpg
-0.111893 1.059595 1.020928 255 68 68 R0 pano_camera2/frame_0264_hp_preview.jpg
-0.275166 1.238245 0.816512 255 68 68 R0 pano_camera2/frame_0265_hp_preview.jpg
-0.322063 1.374093 0.591471 255 68 68 R0 pano_camera2/frame_0266_hp_preview.jpg
-0.309493 1.451328 0.382989 255 68 68 R0 pano_camera2/frame_0267_hp_preview.jpg
-0.108129 1.447113 0.150426 255 68 68 R0 pano_camera2/frame_0268_hp_preview.jpg
0.264577 1.456883 -0.214832 255 68 68 R0 pano_camera2/frame_0269_hp_preview.jpg
0.450532 1.476053 -0.369847 255 68 68 R0 pano_camera2/frame_0270_hp_preview.jpg
0.817942 1.471847 -0.631937 255 68 68 R0 pano_camera2/frame_0271_hp_preview.jpg
1.158138 1.477217 -0.881873 255 68 68 R0 pano_camera2/frame_0272_hp_preview.jpg
1.341065 1.488490 -1.028622 255 68 68 R0 pano_camera2/frame_0273_hp_preview.jpg
1.928815 1.487073 -1.476759 255 68 68 R0 pano_camera2/frame_0274_hp_preview.jpg
1.986951 1.491363 -1.533194 255 68 68 R0 pano_camera2/frame_0275_hp_preview.jpg
2.458254 1.497624 -1.906520 255 68 68 R0 pano_camera2/frame_0276_hp_preview.jpg
2.596594 1.504130 -2.033844 255 68 68 R0 pano_camera2/frame_0277_hp_preview.jpg
3.014425 1.524843 -2.441049 255 68 68 R0 pano_camera2/frame_0278_hp_preview.jpg
3.251617 1.523389 -2.611434 255 68 68 R0 pano_camera2/frame_0279_hp_preview.jpg
3.835351 1.532682 -3.113320 255 68 68 R0 pano_camera2/frame_0280_hp_preview.jpg
3.947866 1.531148 -3.195510 255 68 68 R0 pano_camera2/frame_0281_hp_preview.jpg
4.099238 1.527888 -3.349043 255 68 68 R0 pano_camera2/frame_0282_hp_preview.jpg
4.176778 1.528279 -3.583834 255 68 68 R0 pano_camera2/frame_0283_hp_preview.jpg
3.997356 1.524214 -3.970843 255 68 68 R0 pano_camera2/frame_0284_hp_preview.jpg
3.960140 1.522200 -3.997293 255 68 68 R0 pano_camera2/frame_0285_hp_preview.jpg
3.704675 1.524377 -4.202299 255 68 68 R0 pano_camera2/frame_0286_hp_preview.jpg
3.504299 1.539645 -4.209571 255 68 68 R0 pano_camera2/frame_0287_hp_preview.jpg
3.243080 1.549842 -4.223985 255 68 68 R0 pano_camera2/frame_0288_hp_preview.jpg
3.088049 1.556722 -4.299552 255 68 68 R0 pano_camera2/frame_0289_hp_preview.jpg
2.981451 1.558198 -4.553350 255 68 68 R0 pano_camera2/frame_0290_hp_preview.jpg
2.884206 1.554988 -5.101280 255 68 68 R0 pano_camera2/frame_0291_hp_preview.jpg
2.818818 1.557396 -5.313751 255 68 68 R0 pano_camera2/frame_0292_hp_preview.jpg
2.775887 1.554425 -5.490989 255 68 68 R0 pano_camera2/frame_0293_hp_preview.jpg
2.315027 1.546298 -5.935733 255 68 68 R0 pano_camera2/frame_0294_hp_preview.jpg
2.264872 1.547790 -5.947709 255 68 68 R0 pano_camera2/frame_0295_hp_preview.jpg
1.723418 1.540977 -5.754284 255 68 68 R0 pano_camera2/frame_0296_hp_preview.jpg
1.624198 1.542469 -5.408213 255 68 68 R0 pano_camera2/frame_0297_hp_preview.jpg
1.597258 1.527239 -5.098267 255 68 68 R0 pano_camera2/frame_0298_hp_preview.jpg
1.585726 1.530247 -4.856060 255 68 68 R0 pano_camera2/frame_0299_hp_preview.jpg
1.555475 1.529944 -4.393762 255 68 68 R0 pano_camera2/frame_0300_hp_preview.jpg
1.553432 1.511244 -4.074037 255 68 68 R0 pano_camera2/frame_0301_hp_preview.jpg
1.584404 1.503130 -3.753046 255 68 68 R0 pano_camera2/frame_0302_hp_preview.jpg
1.699431 1.510533 -3.315114 255 68 68 R0 pano_camera2/frame_0303_hp_preview.jpg
1.749438 1.503025 -3.091371 255 68 68 R0 pano_camera2/frame_0304_hp_preview.jpg
1.814175 1.490965 -2.563198 255 68 68 R0 pano_camera2/frame_0305_hp_preview.jpg
1.752886 1.475477 -2.037535 255 68 68 R0 pano_camera2/frame_0306_hp_preview.jpg
1.654567 1.465969 -1.704130 255 68 68 R0 pano_camera2/frame_0307_hp_preview.jpg
1.609135 1.471030 -1.627163 255 68 68 R0 pano_camera2/frame_0308_hp_preview.jpg
1.225313 1.469658 -1.342217 255 68 68 R0 pano_camera2/frame_0309_hp_preview.jpg
0.757066 1.482784 -1.347874 255 68 68 R0 pano_camera2/frame_0310_hp_preview.jpg
0.526358 1.473060 -1.568758 255 68 68 R0 pano_camera2/frame_0311_hp_preview.jpg
0.357550 1.490066 -1.983440 255 68 68 R0 pano_camera2/frame_0312_hp_preview.jpg
0.289116 1.495138 -2.294790 255 68 68 R0 pano_camera2/frame_0313_hp_preview.jpg
0.255509 1.498133 -2.576548 255 68 68 R0 pano_camera2/frame_0314_hp_preview.jpg
0.155154 1.509320 -3.263024 255 68 68 R0 pano_camera2/frame_0315_hp_preview.jpg
0.143178 1.513771 -3.312869 255 68 68 R0 pano_camera2/frame_0316_hp_preview.jpg
0.028010 1.510012 -3.749509 255 68 68 R0 pano_camera2/frame_0317_hp_preview.jpg
-0.249925 1.506099 -4.143118 255 68 68 R0 pano_camera2/frame_0318_hp_preview.jpg
-0.376818 1.507462 -4.153066 255 68 68 R0 pano_camera2/frame_0319_hp_preview.jpg
-0.721188 1.527914 -4.055952 255 68 68 R0 pano_camera2/frame_0320_hp_preview.jpg
-1.244412 1.525739 -3.575800 255 68 68 R0 pano_camera2/frame_0321_hp_preview.jpg
-1.272529 1.524663 -3.543411 255 68 68 R0 pano_camera2/frame_0322_hp_preview.jpg
-1.387568 1.506112 -3.077232 255 68 68 R0 pano_camera2/frame_0323_hp_preview.jpg
-1.329520 1.509214 -2.601324 255 68 68 R0 pano_camera2/frame_0324_hp_preview.jpg
-1.335802 1.501051 -2.553055 255 68 68 R0 pano_camera2/frame_0325_hp_preview.jpg
-1.552631 1.490776 -2.103437 255 68 68 R0 pano_camera2/frame_0326_hp_preview.jpg
-1.817730 1.487866 -2.053340 255 68 68 R0 pano_camera2/frame_0327_hp_preview.jpg
-1.952328 1.497543 -2.092796 255 68 68 R0 pano_camera2/frame_0328_hp_preview.jpg
-2.145747 1.503503 -2.230049 255 68 68 R0 pano_camera2/frame_0329_hp_preview.jpg
-2.499664 1.510679 -2.360870 255 68 68 R0 pano_camera2/frame_0330_hp_preview.jpg
-2.615981 1.508070 -2.271117 255 68 68 R0 pano_camera2/frame_0331_hp_preview.jpg
-2.464038 1.492557 -1.871364 255 68 68 R0 pano_camera2/frame_0332_hp_preview.jpg
-2.292425 1.483101 -1.743095 255 68 68 R0 pano_camera2/frame_0333_hp_preview.jpg
-2.025213 1.476200 -1.461122 255 68 68 R0 pano_camera2/frame_0334_hp_preview.jpg
-1.922968 1.476680 -1.283077 255 68 68 R0 pano_camera2/frame_0335_hp_preview.jpg
-1.799890 1.465342 -1.090283 255 68 68 R0 pano_camera2/frame_0336_hp_preview.jpg
-1.572635 1.451218 -0.631459 255 68 68 R0 pano_camera2/frame_0337_hp_preview.jpg
-1.461879 1.451423 -0.400655 255 68 68 R0 pano_camera2/frame_0338_hp_preview.jpg
-1.222477 1.438030 0.212414 255 68 68 R0 pano_camera2/frame_0339_hp_preview.jpg
-1.125927 1.458639 0.617103 255 68 68 R0 pano_camera2/frame_0340_hp_preview.jpg
-1.093086 1.451160 0.723656 255 68 68 R0 pano_camera2/frame_0341_hp_preview.jpg
-0.964542 1.449278 1.027956 255 68 68 R0 pano_camera2/frame_0342_hp_preview.jpg
-0.730749 1.450275 1.377142 255 68 68 R0 pano_camera2/frame_0343_hp_preview.jpg
-0.774606 1.454153 1.724941 255 68 68 R0 pano_camera2/frame_0344_hp_preview.jpg
-1.026706 1.456601 1.642285 255 68 68 R0 pano_camera2/frame_0345_hp_preview.jpg
-1.223953 1.454249 1.457920 255 68 68 R0 pano_camera2/frame_0346_hp_preview.jpg
-1.325764 1.455722 1.250673 255 68 68 R0 pano_camera2/frame_0347_hp_preview.jpg
-1.450971 1.459282 1.020627 255 68 68 R0 pano_camera2/frame_0348_hp_preview.jpg
-1.748582 1.455471 0.475965 255 68 68 R0 pano_camera2/frame_0349_hp_preview.jpg
-1.945842 1.444904 0.267652 255 68 68 R0 pano_camera2/frame_0350_hp_preview.jpg
-2.100483 1.442245 0.119809 255 68 68 R0 pano_camera2/frame_0351_hp_preview.jpg
-2.542075 1.447807 -0.083171 255 68 68 R0 pano_camera2/frame_0352_hp_preview.jpg
-2.763957 1.462014 -0.114614 255 68 68 R0 pano_camera2/frame_0353_hp_preview.jpg
-3.124105 1.470042 -0.286998 255 68 68 R0 pano_camera2/frame_0354_hp_preview.jpg
-3.239617 1.484295 -0.464226 255 68 68 R0 pano_camera2/frame_0355_hp_preview.jpg
-3.161677 1.497050 -0.883009 255 68 68 R0 pano_camera2/frame_0356_hp_preview.jpg
-3.089304 1.485857 -1.174244 255 68 68 R0 pano_camera2/frame_0357_hp_preview.jpg
-3.045756 1.468108 -1.257451 255 68 68 R0 pano_camera2/frame_0358_hp_preview.jpg
-3.014295 1.459244 -1.280682 255 68 68 R0 pano_camera2/frame_0359_hp_preview.jpg
-3.061850 1.474452 -1.286413 255 68 68 R0 pano_camera2/frame_0360_hp_preview.jpg
-3.061974 1.473454 -1.290629 255 68 68 R0 pano_camera2/frame_0361_hp_preview.jpg
-3.172174 1.484978 -1.556883 255 68 68 R0 pano_camera2/frame_0362_hp_preview.jpg
-3.305157 1.490606 -1.614581 255 68 68 R0 pano_camera2/frame_0363_hp_preview.jpg
-3.565978 1.520555 -1.630970 255 68 68 R0 pano_camera2/frame_0364_hp_preview.jpg
-3.646820 1.522175 -1.576396 255 68 68 R0 pano_camera2/frame_0365_hp_preview.jpg
-3.691516 1.509441 -1.178580 255 68 68 R0 pano_camera2/frame_0366_hp_preview.jpg
-3.668260 1.505471 -1.118610 255 68 68 R0 pano_camera2/frame_0367_hp_preview.jpg
-3.528005 1.488833 -0.815971 255 68 68 R0 pano_camera2/frame_0368_hp_preview.jpg
-3.227991 1.478111 -0.195250 255 68 68 R0 pano_camera2/frame_0369_hp_preview.jpg
-3.238599 1.447264 0.007752 255 68 68 R0 pano_camera2/frame_0370_hp_preview.jpg
-3.376980 1.476732 0.148832 255 68 68 R0 pano_camera2/frame_0371_hp_preview.jpg
-3.704466 1.474272 0.089011 255 68 68 R0 pano_camera2/frame_0372_hp_preview.jpg
-3.957223 1.488360 -0.163615 255 68 68 R0 pano_camera2/frame_0373_hp_preview.jpg
-4.567184 1.491510 -0.525108 255 68 68 R0 pano_camera2/frame_0374_hp_preview.jpg
-4.759316 1.501328 -0.536267 255 68 68 R0 pano_camera2/frame_0375_hp_preview.jpg
-4.981863 1.512080 -0.462007 255 68 68 R0 pano_camera2/frame_0376_hp_preview.jpg
-5.157384 1.516913 -0.369035 255 68 68 R0 pano_camera2/frame_0377_hp_preview.jpg
-5.660266 1.541748 0.019588 255 68 68 R0 pano_camera2/frame_0378_hp_preview.jpg
-5.776547 1.530214 0.167740 255 68 68 R0 pano_camera2/frame_0379_hp_preview.jpg
-5.893375 1.525366 0.394614 255 68 68 R0 pano_camera2/frame_0380_hp_preview.jpg
-5.955620 1.405872 0.414121 255 68 68 R0 pano_camera2/frame_0381_hp_preview.jpg
-5.980934 1.274478 0.564102 255 68 68 R0 pano_camera2/frame_0382_hp_preview.jpg
-5.933598 1.475691 0.831980 255 68 68 R0 pano_camera2/frame_0383_hp_preview.jpg
-5.904211 1.489194 0.830209 255 68 68 R0 pano_camera2/frame_0384_hp_preview.jpg
-5.743340 1.497526 1.027753 255 68 68 R0 pano_camera2/frame_0385_hp_preview.jpg
-5.425922 1.500465 1.469469 255 68 68 R0 pano_camera2/frame_0386_hp_preview.jpg
-5.300396 1.496372 1.688051 255 68 68 R0 pano_camera2/frame_0387_hp_preview.jpg
-4.846824 1.488123 2.330574 255 68 68 R0 pano_camera2/frame_0388_hp_preview.jpg
-4.524220 1.473900 2.718076 255 68 68 R0 pano_camera2/frame_0389_hp_preview.jpg
-4.378271 1.460964 2.860980 255 68 68 R0 pano_camera2/frame_0390_hp_preview.jpg
-3.963675 1.462091 3.051459 255 68 68 R0 pano_camera2/frame_0391_hp_preview.jpg
-3.879290 1.458982 3.006805 255 68 68 R0 pano_camera2/frame_0392_hp_preview.jpg
-3.919974 1.461274 2.817831 255 68 68 R0 pano_camera2/frame_0393_hp_preview.jpg
-4.091782 1.455106 2.675155 255 68 68 R0 pano_camera2/frame_0394_hp_preview.jpg
-4.387327 1.453072 2.446214 255 68 68 R0 pano_camera2/frame_0395_hp_preview.jpg
-4.598241 1.458694 2.121123 255 68 68 R0 pano_camera2/frame_0396_hp_preview.jpg
-4.401060 1.482305 1.697200 255 68 68 R0 pano_camera2/frame_0397_hp_preview.jpg
-4.264657 1.480358 1.594669 255 68 68 R0 pano_camera2/frame_0398_hp_preview.jpg
-3.786359 1.483645 1.574889 255 68 68 R0 pano_camera2/frame_0399_hp_preview.jpg
-3.409253 1.462762 1.928342 255 68 68 R0 pano_camera2/frame_0400_hp_preview.jpg
-3.133402 1.455602 2.227490 255 68 68 R0 pano_camera2/frame_0401_hp_preview.jpg
-3.112958 1.454386 2.245789 255 68 68 R0 pano_camera2/frame_0402_hp_preview.jpg
-2.856676 1.445371 2.533088 255 68 68 R0 pano_camera2/frame_0403_hp_preview.jpg
-2.335896 1.442742 2.525595 255 68 68 R0 pano_camera2/frame_0404_hp_preview.jpg
-2.307331 1.449089 2.495774 255 68 68 R0 pano_camera2/frame_0405_hp_preview.jpg
-2.154045 1.463712 2.038022 255 68 68 R0 pano_camera2/frame_0406_hp_preview.jpg
-2.418526 1.455347 1.678196 255 68 68 R0 pano_camera2/frame_0407_hp_preview.jpg
-2.563902 1.461813 1.494842 255 68 68 R0 pano_camera2/frame_0408_hp_preview.jpg
-2.675881 1.457182 1.363378 255 68 68 R0 pano_camera2/frame_0409_hp_preview.jpg
-2.786727 1.476768 1.018513 255 68 68 R0 pano_camera2/frame_0410_hp_preview.jpg
-2.465082 1.473182 0.481070 255 68 68 R0 pano_camera2/frame_0411_hp_preview.jpg
-2.403526 1.465663 0.423354 255 68 68 R0 pano_camera2/frame_0412_hp_preview.jpg
-2.271776 1.470770 0.240685 255 68 68 R0 pano_camera2/frame_0413_hp_preview.jpg
-2.292837 1.473176 0.235432 255 68 68 R0 pano_camera2/frame_0414_hp_preview.jpg
-2.294289 1.473496 0.236900 255 68 68 R0 pano_camera2/frame_0415_hp_preview.jpg
-2.290819 1.468938 0.235405 255 68 68 R0 pano_camera2/frame_0416_hp_preview.jpg
4.505905 0.035738 2.322182 255 68 68 R0 pano_camera3/frame_0140_hp_preview.jpg
4.633754 0.040949 2.449613 255 68 68 R0 pano_camera3/frame_0141_hp_preview.jpg
4.852375 0.036157 2.689930 255 68 68 R0 pano_camera3/frame_0142_hp_preview.jpg
5.009412 0.034598 2.788269 255 68 68 R0 pano_camera3/frame_0143_hp_preview.jpg
5.184954 0.051771 2.736436 255 68 68 R0 pano_camera3/frame_0144_hp_preview.jpg
5.243054 0.058257 2.559757 255 68 68 R0 pano_camera3/frame_0145_hp_preview.jpg
4.381634 0.040328 2.749370 255 68 68 R0 pano_camera3/frame_0157_hp_preview.jpg
4.244021 0.041620 2.835529 255 68 68 R0 pano_camera3/frame_0158_hp_preview.jpg
4.195019 0.045573 2.933363 255 68 68 R0 pano_camera3/frame_0159_hp_preview.jpg
3.947154 0.029594 3.542225 255 68 68 R0 pano_camera3/frame_0160_hp_preview.jpg
3.740070 0.024292 3.804455 255 68 68 R0 pano_camera3/frame_0161_hp_preview.jpg
3.439175 0.033516 4.094078 255 68 68 R0 pano_camera3/frame_0162_hp_preview.jpg
3.231989 0.037171 4.254176 255 68 68 R0 pano_camera3/frame_0163_hp_preview.jpg
3.007012 0.044772 4.396821 255 68 68 R0 pano_camera3/frame_0164_hp_preview.jpg
2.609606 0.046694 4.384396 255 68 68 R0 pano_camera3/frame_0165_hp_preview.jpg
2.448352 0.046235 4.251542 255 68 68 R0 pano_camera3/frame_0166_hp_preview.jpg
2.201123 0.052342 3.892098 255 68 68 R0 pano_camera3/frame_0167_hp_preview.jpg
2.252838 0.049931 3.505309 255 68 68 R0 pano_camera3/frame_0168_hp_preview.jpg
2.342631 0.061539 3.389177 255 68 68 R0 pano_camera3/frame_0169_hp_preview.jpg
2.877618 0.049920 2.856267 255 68 68 R0 pano_camera3/frame_0170_hp_preview.jpg
2.950096 0.064138 2.786802 255 68 68 R0 pano_camera3/frame_0171_hp_preview.jpg
3.289303 0.050566 2.460626 255 68 68 R0 pano_camera3/frame_0172_hp_preview.jpg
3.366090 0.061453 2.080390 255 68 68 R0 pano_camera3/frame_0173_hp_preview.jpg
3.161372 0.070585 1.744957 255 68 68 R0 pano_camera3/frame_0174_hp_preview.jpg
3.152255 0.073600 1.739504 255 68 68 R0 pano_camera3/frame_0175_hp_preview.jpg
2.720897 0.069080 1.645688 255 68 68 R0 pano_camera3/frame_0176_hp_preview.jpg
2.476814 0.078871 1.694650 255 68 68 R0 pano_camera3/frame_0177_hp_preview.jpg
2.014972 0.078715 1.712952 255 68 68 R0 pano_camera3/frame_0178_hp_preview.jpg
1.693302 0.084062 1.465020 255 68 68 R0 pano_camera3/frame_0179_hp_preview.jpg
1.650952 0.084319 1.271426 255 68 68 R0 pano_camera3/frame_0180_hp_preview.jpg
1.782735 0.070512 1.033359 255 68 68 R0 pano_camera3/frame_0181_hp_preview.jpg
1.977752 0.068407 0.871726 255 68 68 R0 pano_camera3/frame_0182_hp_preview.jpg
2.202049 0.079923 0.552393 255 68 68 R0 pano_camera3/frame_0183_hp_preview.jpg
2.050367 0.070293 0.403842 255 68 68 R0 pano_camera3/frame_0184_hp_preview.jpg
1.896727 0.071694 0.452878 255 68 68 R0 pano_camera3/frame_0185_hp_preview.jpg
1.703856 0.066756 0.597011 255 68 68 R0 pano_camera3/frame_0186_hp_preview.jpg
1.505284 0.067502 0.732828 255 68 68 R0 pano_camera3/frame_0187_hp_preview.jpg
1.205752 0.070746 0.837863 255 68 68 R0 pano_camera3/frame_0188_hp_preview.jpg
0.902396 0.073690 0.750225 255 68 68 R0 pano_camera3/frame_0189_hp_preview.jpg
0.871523 0.079577 0.731225 255 68 68 R0 pano_camera3/frame_0190_hp_preview.jpg
0.704252 0.083829 0.516812 255 68 68 R0 pano_camera3/frame_0191_hp_preview.jpg
0.701938 0.089614 0.156910 255 68 68 R0 pano_camera3/frame_0192_hp_preview.jpg
0.833211 0.083550 -0.094418 255 68 68 R0 pano_camera3/frame_0193_hp_preview.jpg
1.053187 0.074626 -0.377723 255 68 68 R0 pano_camera3/frame_0194_hp_preview.jpg
1.191413 0.080570 -0.590708 255 68 68 R0 pano_camera3/frame_0195_hp_preview.jpg
1.163202 0.070104 -0.795123 255 68 68 R0 pano_camera3/frame_0196_hp_preview.jpg
0.963391 0.076154 -1.166914 255 68 68 R0 pano_camera3/frame_0197_hp_preview.jpg
0.585483 0.098329 -1.646923 255 68 68 R0 pano_camera3/frame_0198_hp_preview.jpg
0.474940 0.105691 -1.787420 255 68 68 R0 pano_camera3/frame_0199_hp_preview.jpg
-0.148619 0.146384 -2.354038 255 68 68 R0 pano_camera3/frame_0200_hp_preview.jpg
-0.140633 0.192262 -2.447809 255 68 68 R0 pano_camera3/frame_0201_hp_preview.jpg
-0.174322 0.104995 -1.212152 255 68 68 R0 pano_camera3/frame_0226_hp_preview.jpg
-0.778925 0.098748 0.061098 255 68 68 R0 pano_camera3/frame_0240_hp_preview.jpg
-0.764224 0.090519 0.126777 255 68 68 R0 pano_camera3/frame_0241_hp_preview.jpg
-0.867233 0.082969 0.404170 255 68 68 R0 pano_camera3/frame_0242_hp_preview.jpg
-0.749073 0.078054 0.566301 255 68 68 R0 pano_camera3/frame_0243_hp_preview.jpg
-0.535704 0.074337 0.550878 255 68 68 R0 pano_camera3/frame_0244_hp_preview.jpg
-0.432282 0.069997 0.568491 255 68 68 R0 pano_camera3/frame_0245_hp_preview.jpg
-0.160506 0.042391 0.630561 255 68 68 R0 pano_camera3/frame_0246_hp_preview.jpg
-0.033270 0.049323 0.556112 255 68 68 R0 pano_camera3/frame_0247_hp_preview.jpg
0.282528 0.046903 0.628225 255 68 68 R0 pano_camera3/frame_0248_hp_preview.jpg
0.318159 0.044473 0.648071 255 68 68 R0 pano_camera3/frame_0249_hp_preview.jpg
0.945602 0.041192 1.114193 255 68 68 R0 pano_camera3/frame_0250_hp_preview.jpg
0.956014 0.039609 1.123685 255 68 68 R0 pano_camera3/frame_0251_hp_preview.jpg
1.259920 0.045706 1.545178 255 68 68 R0 pano_camera3/frame_0252_hp_preview.jpg
1.409057 0.058807 2.084302 255 68 68 R0 pano_camera3/frame_0253_hp_preview.jpg
1.137486 0.068605 2.410037 255 68 68 R0 pano_camera3/frame_0254_hp_preview.jpg
1.094873 0.065500 2.415532 255 68 68 R0 pano_camera3/frame_0255_hp_preview.jpg
0.662625 0.107878 2.060562 255 68 68 R0 pano_camera3/frame_0256_hp_preview.jpg
0.531920 0.235733 1.888068 255 68 68 R0 pano_camera3/frame_0257_hp_preview.jpg
0.482185 0.317673 1.822260 255 68 68 R0 pano_camera3/frame_0258_hp_preview.jpg
0.403493 0.392290 1.699741 255 68 68 R0 pano_camera3/frame_0259_hp_preview.jpg
0.221349 0.643243 1.429712 255 68 68 R0 pano_camera3/frame_0260_hp_preview.jpg
0.218686 0.646012 1.423470 255 68 68 R0 pano_camera3/frame_0261_hp_preview.jpg
0.004844 0.905873 1.163569 255 68 68 R0 pano_camera3/frame_0262_hp_preview.jpg
-0.005702 0.915260 1.157020 255 68 68 R0 pano_camera3/frame_0263_hp_preview.jpg
-0.111893 1.059595 1.020928 255 68 68 R0 pano_camera3/frame_0264_hp_preview.jpg
-0.275166 1.238245 0.816512 255 68 68 R0 pano_camera3/frame_0265_hp_preview.jpg
-0.322063 1.374093 0.591471 255 68 68 R0 pano_camera3/frame_0266_hp_preview.jpg
-0.309493 1.451328 0.382989 255 68 68 R0 pano_camera3/frame_0267_hp_preview.jpg
-0.108129 1.447113 0.150426 255 68 68 R0 pano_camera3/frame_0268_hp_preview.jpg
0.264577 1.456883 -0.214832 255 68 68 R0 pano_camera3/frame_0269_hp_preview.jpg
0.450532 1.476053 -0.369847 255 68 68 R0 pano_camera3/frame_0270_hp_preview.jpg
0.817942 1.471847 -0.631937 255 68 68 R0 pano_camera3/frame_0271_hp_preview.jpg
1.158138 1.477217 -0.881873 255 68 68 R0 pano_camera3/frame_0272_hp_preview.jpg
1.341065 1.488490 -1.028622 255 68 68 R0 pano_camera3/frame_0273_hp_preview.jpg
1.928815 1.487073 -1.476759 255 68 68 R0 pano_camera3/frame_0274_hp_preview.jpg
1.986951 1.491363 -1.533194 255 68 68 R0 pano_camera3/frame_0275_hp_preview.jpg
2.458254 1.497624 -1.906520 255 68 68 R0 pano_camera3/frame_0276_hp_preview.jpg
2.596594 1.504130 -2.033844 255 68 68 R0 pano_camera3/frame_0277_hp_preview.jpg
3.014425 1.524843 -2.441049 255 68 68 R0 pano_camera3/frame_0278_hp_preview.jpg
3.251617 1.523389 -2.611434 255 68 68 R0 pano_camera3/frame_0279_hp_preview.jpg
3.835351 1.532682 -3.113320 255 68 68 R0 pano_camera3/frame_0280_hp_preview.jpg
3.947866 1.531148 -3.195510 255 68 68 R0 pano_camera3/frame_0281_hp_preview.jpg
4.099238 1.527888 -3.349043 255 68 68 R0 pano_camera3/frame_0282_hp_preview.jpg
4.176778 1.528279 -3.583834 255 68 68 R0 pano_camera3/frame_0283_hp_preview.jpg
3.997356 1.524214 -3.970843 255 68 68 R0 pano_camera3/frame_0284_hp_preview.jpg
3.960140 1.522200 -3.997293 255 68 68 R0 pano_camera3/frame_0285_hp_preview.jpg
3.704675 1.524377 -4.202299 255 68 68 R0 pano_camera3/frame_0286_hp_preview.jpg
3.504299 1.539645 -4.209571 255 68 68 R0 pano_camera3/frame_0287_hp_preview.jpg
3.243080 1.549842 -4.223985 255 68 68 R0 pano_camera3/frame_0288_hp_preview.jpg
3.088049 1.556722 -4.299552 255 68 68 R0 pano_camera3/frame_0289_hp_preview.jpg
2.981451 1.558198 -4.553350 255 68 68 R0 pano_camera3/frame_0290_hp_preview.jpg
2.884206 1.554988 -5.101280 255 68 68 R0 pano_camera3/frame_0291_hp_preview.jpg
2.818818 1.557396 -5.313751 255 68 68 R0 pano_camera3/frame_0292_hp_preview.jpg
2.775887 1.554425 -5.490989 255 68 68 R0 pano_camera3/frame_0293_hp_preview.jpg
2.315027 1.546298 -5.935733 255 68 68 R0 pano_camera3/frame_0294_hp_preview.jpg
2.264872 1.547790 -5.947709 255 68 68 R0 pano_camera3/frame_0295_hp_preview.jpg
1.723418 1.540977 -5.754284 255 68 68 R0 pano_camera3/frame_0296_hp_preview.jpg
1.624198 1.542469 -5.408213 255 68 68 R0 pano_camera3/frame_0297_hp_preview.jpg
1.597258 1.527239 -5.098267 255 68 68 R0 pano_camera3/frame_0298_hp_preview.jpg
1.585726 1.530247 -4.856060 255 68 68 R0 pano_camera3/frame_0299_hp_preview.jpg
1.555475 1.529944 -4.393762 255 68 68 R0 pano_camera3/frame_0300_hp_preview.jpg
1.553432 1.511244 -4.074037 255 68 68 R0 pano_camera3/frame_0301_hp_preview.jpg
1.584404 1.503130 -3.753046 255 68 68 R0 pano_camera3/frame_0302_hp_preview.jpg
1.699431 1.510533 -3.315114 255 68 68 R0 pano_camera3/frame_0303_hp_preview.jpg
1.749438 1.503025 -3.091371 255 68 68 R0 pano_camera3/frame_0304_hp_preview.jpg
1.814175 1.490965 -2.563198 255 68 68 R0 pano_camera3/frame_0305_hp_preview.jpg
1.752886 1.475477 -2.037535 255 68 68 R0 pano_camera3/frame_0306_hp_preview.jpg
1.654567 1.465969 -1.704130 255 68 68 R0 pano_camera3/frame_0307_hp_preview.jpg
1.609135 1.471030 -1.627163 255 68 68 R0 pano_camera3/frame_0308_hp_preview.jpg
1.225313 1.469658 -1.342217 255 68 68 R0 pano_camera3/frame_0309_hp_preview.jpg
0.757066 1.482784 -1.347874 255 68 68 R0 pano_camera3/frame_0310_hp_preview.jpg
0.526358 1.473060 -1.568758 255 68 68 R0 pano_camera3/frame_0311_hp_preview.jpg
0.357550 1.490066 -1.983440 255 68 68 R0 pano_camera3/frame_0312_hp_preview.jpg
0.289116 1.495138 -2.294790 255 68 68 R0 pano_camera3/frame_0313_hp_preview.jpg
0.255509 1.498133 -2.576548 255 68 68 R0 pano_camera3/frame_0314_hp_preview.jpg
0.155154 1.509320 -3.263024 255 68 68 R0 pano_camera3/frame_0315_hp_preview.jpg
0.143178 1.513771 -3.312869 255 68 68 R0 pano_camera3/frame_0316_hp_preview.jpg
0.028010 1.510012 -3.749509 255 68 68 R0 pano_camera3/frame_0317_hp_preview.jpg
-0.249925 1.506099 -4.143118 255 68 68 R0 pano_camera3/frame_0318_hp_preview.jpg
-0.376818 1.507462 -4.153066 255 68 68 R0 pano_camera3/frame_0319_hp_preview.jpg
-0.721188 1.527914 -4.055952 255 68 68 R0 pano_camera3/frame_0320_hp_preview.jpg
-1.244412 1.525739 -3.575800 255 68 68 R0 pano_camera3/frame_0321_hp_preview.jpg
-1.272529 1.524663 -3.543411 255 68 68 R0 pano_camera3/frame_0322_hp_preview.jpg
-1.387568 1.506112 -3.077232 255 68 68 R0 pano_camera3/frame_0323_hp_preview.jpg
-1.329520 1.509214 -2.601324 255 68 68 R0 pano_camera3/frame_0324_hp_preview.jpg
-1.335802 1.501051 -2.553055 255 68 68 R0 pano_camera3/frame_0325_hp_preview.jpg
-1.552631 1.490776 -2.103437 255 68 68 R0 pano_camera3/frame_0326_hp_preview.jpg
-1.817730 1.487866 -2.053340 255 68 68 R0 pano_camera3/frame_0327_hp_preview.jpg
-1.952328 1.497543 -2.092796 255 68 68 R0 pano_camera3/frame_0328_hp_preview.jpg
-2.145747 1.503503 -2.230049 255 68 68 R0 pano_camera3/frame_0329_hp_preview.jpg
-2.499664 1.510679 -2.360870 255 68 68 R0 pano_camera3/frame_0330_hp_preview.jpg
-2.615981 1.508070 -2.271117 255 68 68 R0 pano_camera3/frame_0331_hp_preview.jpg
-2.464038 1.492557 -1.871364 255 68 68 R0 pano_camera3/frame_0332_hp_preview.jpg
-2.292425 1.483101 -1.743095 255 68 68 R0 pano_camera3/frame_0333_hp_preview.jpg
-2.025213 1.476200 -1.461122 255 68 68 R0 pano_camera3/frame_0334_hp_preview.jpg
-1.922968 1.476680 -1.283077 255 68 68 R0 pano_camera3/frame_0335_hp_preview.jpg
-1.799890 1.465342 -1.090283 255 68 68 R0 pano_camera3/frame_0336_hp_preview.jpg
-1.572635 1.451218 -0.631459 255 68 68 R0 pano_camera3/frame_0337_hp_preview.jpg
-1.461879 1.451423 -0.400655 255 68 68 R0 pano_camera3/frame_0338_hp_preview.jpg
-1.222477 1.438030 0.212414 255 68 68 R0 pano_camera3/frame_0339_hp_preview.jpg
-1.125927 1.458639 0.617103 255 68 68 R0 pano_camera3/frame_0340_hp_preview.jpg
-1.093086 1.451160 0.723656 255 68 68 R0 pano_camera3/frame_0341_hp_preview.jpg
-0.964542 1.449278 1.027956 255 68 68 R0 pano_camera3/frame_0342_hp_preview.jpg
-0.730749 1.450275 1.377142 255 68 68 R0 pano_camera3/frame_0343_hp_preview.jpg
-0.774606 1.454153 1.724941 255 68 68 R0 pano_camera3/frame_0344_hp_preview.jpg
-1.026706 1.456601 1.642285 255 68 68 R0 pano_camera3/frame_0345_hp_preview.jpg
-1.223953 1.454249 1.457920 255 68 68 R0 pano_camera3/frame_0346_hp_preview.jpg
-1.325764 1.455722 1.250673 255 68 68 R0 pano_camera3/frame_0347_hp_preview.jpg
-1.450971 1.459282 1.020627 255 68 68 R0 pano_camera3/frame_0348_hp_preview.jpg
-1.748582 1.455471 0.475965 255 68 68 R0 pano_camera3/frame_0349_hp_preview.jpg
-1.945842 1.444904 0.267652 255 68 68 R0 pano_camera3/frame_0350_hp_preview.jpg
-2.100483 1.442245 0.119809 255 68 68 R0 pano_camera3/frame_0351_hp_preview.jpg
-2.542075 1.447807 -0.083171 255 68 68 R0 pano_camera3/frame_0352_hp_preview.jpg
-2.763957 1.462014 -0.114614 255 68 68 R0 pano_camera3/frame_0353_hp_preview.jpg
-3.124105 1.470042 -0.286998 255 68 68 R0 pano_camera3/frame_0354_hp_preview.jpg
-3.239617 1.484295 -0.464226 255 68 68 R0 pano_camera3/frame_0355_hp_preview.jpg
-3.161677 1.497050 -0.883009 255 68 68 R0 pano_camera3/frame_0356_hp_preview.jpg
-3.089304 1.485857 -1.174244 255 68 68 R0 pano_camera3/frame_0357_hp_preview.jpg
-3.045756 1.468108 -1.257451 255 68 68 R0 pano_camera3/frame_0358_hp_preview.jpg
-3.014295 1.459244 -1.280682 255 68 68 R0 pano_camera3/frame_0359_hp_preview.jpg
-3.061850 1.474452 -1.286413 255 68 68 R0 pano_camera3/frame_0360_hp_preview.jpg
-3.061974 1.473454 -1.290629 255 68 68 R0 pano_camera3/frame_0361_hp_preview.jpg
-3.172174 1.484978 -1.556883 255 68 68 R0 pano_camera3/frame_0362_hp_preview.jpg
-3.305157 1.490606 -1.614581 255 68 68 R0 pano_camera3/frame_0363_hp_preview.jpg
-3.565978 1.520555 -1.630970 255 68 68 R0 pano_camera3/frame_0364_hp_preview.jpg
-3.646820 1.522175 -1.576396 255 68 68 R0 pano_camera3/frame_0365_hp_preview.jpg
-3.691516 1.509441 -1.178580 255 68 68 R0 pano_camera3/frame_0366_hp_preview.jpg
-3.668260 1.505471 -1.118610 255 68 68 R0 pano_camera3/frame_0367_hp_preview.jpg
-3.528005 1.488833 -0.815971 255 68 68 R0 pano_camera3/frame_0368_hp_preview.jpg
-3.227991 1.478111 -0.195250 255 68 68 R0 pano_camera3/frame_0369_hp_preview.jpg
-3.238599 1.447264 0.007752 255 68 68 R0 pano_camera3/frame_0370_hp_preview.jpg
-3.376980 1.476732 0.148832 255 68 68 R0 pano_camera3/frame_0371_hp_preview.jpg
-3.704466 1.474272 0.089011 255 68 68 R0 pano_camera3/frame_0372_hp_preview.jpg
-3.957223 1.488360 -0.163615 255 68 68 R0 pano_camera3/frame_0373_hp_preview.jpg
-4.567184 1.491510 -0.525108 255 68 68 R0 pano_camera3/frame_0374_hp_preview.jpg
-4.759316 1.501328 -0.536267 255 68 68 R0 pano_camera3/frame_0375_hp_preview.jpg
-4.981863 1.512080 -0.462007 255 68 68 R0 pano_camera3/frame_0376_hp_preview.jpg
-5.157384 1.516913 -0.369035 255 68 68 R0 pano_camera3/frame_0377_hp_preview.jpg
-5.660266 1.541748 0.019588 255 68 68 R0 pano_camera3/frame_0378_hp_preview.jpg
-5.776547 1.530214 0.167740 255 68 68 R0 pano_camera3/frame_0379_hp_preview.jpg
-5.893375 1.525366 0.394614 255 68 68 R0 pano_camera3/frame_0380_hp_preview.jpg
-5.955620 1.405872 0.414121 255 68 68 R0 pano_camera3/frame_0381_hp_preview.jpg
-5.980934 1.274478 0.564102 255 68 68 R0 pano_camera3/frame_0382_hp_preview.jpg
-5.933598 1.475691 0.831980 255 68 68 R0 pano_camera3/frame_0383_hp_preview.jpg
-5.904211 1.489194 0.830209 255 68 68 R0 pano_camera3/frame_0384_hp_preview.jpg
-5.743340 1.497526 1.027753 255 68 68 R0 pano_camera3/frame_0385_hp_preview.jpg
-5.425922 1.500465 1.469469 255 68 68 R0 pano_camera3/frame_0386_hp_preview.jpg
-5.300396 1.496372 1.688051 255 68 68 R0 pano_camera3/frame_0387_hp_preview.jpg
-4.846824 1.488123 2.330574 255 68 68 R0 pano_camera3/frame_0388_hp_preview.jpg
-4.524220 1.473900 2.718076 255 68 68 R0 pano_camera3/frame_0389_hp_preview.jpg
-4.378271 1.460964 2.860980 255 68 68 R0 pano_camera3/frame_0390_hp_preview.jpg
-3.963675 1.462091 3.051459 255 68 68 R0 pano_camera3/frame_0391_hp_preview.jpg
-3.879290 1.458982 3.006805 255 68 68 R0 pano_camera3/frame_0392_hp_preview.jpg
-3.919974 1.461274 2.817831 255 68 68 R0 pano_camera3/frame_0393_hp_preview.jpg
-4.091782 1.455106 2.675155 255 68 68 R0 pano_camera3/frame_0394_hp_preview.jpg
-4.387327 1.453072 2.446214 255 68 68 R0 pano_camera3/frame_0395_hp_preview.jpg
-4.598241 1.458694 2.121123 255 68 68 R0 pano_camera3/frame_0396_hp_preview.jpg
-4.401060 1.482305 1.697200 255 68 68 R0 pano_camera3/frame_0397_hp_preview.jpg
-4.264657 1.480358 1.594669 255 68 68 R0 pano_camera3/frame_0398_hp_preview.jpg
-3.786359 1.483645 1.574889 255 68 68 R0 pano_camera3/frame_0399_hp_preview.jpg
-3.409253 1.462762 1.928342 255 68 68 R0 pano_camera3/frame_0400_hp_preview.jpg
-3.133402 1.455602 2.227490 255 68 68 R0 pano_camera3/frame_0401_hp_preview.jpg
-3.112958 1.454386 2.245789 255 68 68 R0 pano_camera3/frame_0402_hp_preview.jpg
-2.856676 1.445371 2.533088 255 68 68 R0 pano_camera3/frame_0403_hp_preview.jpg
-2.335896 1.442742 2.525595 255 68 68 R0 pano_camera3/frame_0404_hp_preview.jpg
-2.307331 1.449089 2.495774 255 68 68 R0 pano_camera3/frame_0405_hp_preview.jpg
-2.154045 1.463712 2.038022 255 68 68 R0 pano_camera3/frame_0406_hp_preview.jpg
-2.418526 1.455347 1.678196 255 68 68 R0 pano_camera3/frame_0407_hp_preview.jpg
-2.563902 1.461813 1.494842 255 68 68 R0 pano_camera3/frame_0408_hp_preview.jpg
-2.675881 1.457182 1.363378 255 68 68 R0 pano_camera3/frame_0409_hp_preview.jpg
-2.786727 1.476768 1.018513 255 68 68 R0 pano_camera3/frame_0410_hp_preview.jpg
-2.465082 1.473182 0.481070 255 68 68 R0 pano_camera3/frame_0411_hp_preview.jpg
-2.403526 1.465663 0.423354 255 68 68 R0 pano_camera3/frame_0412_hp_preview.jpg
-2.271776 1.470770 0.240685 255 68 68 R0 pano_camera3/frame_0413_hp_preview.jpg
-2.292837 1.473176 0.235432 255 68 68 R0 pano_camera3/frame_0414_hp_preview.jpg
-2.294289 1.473496 0.236900 255 68 68 R0 pano_camera3/frame_0415_hp_preview.jpg
-2.290819 1.468938 0.235405 255 68 68 R0 pano_camera3/frame_0416_hp_preview.jpg
4.505905 0.035738 2.322182 255 68 68 R0 pano_camera4/frame_0140_hp_preview.jpg
4.633754 0.040949 2.449613 255 68 68 R0 pano_camera4/frame_0141_hp_preview.jpg
4.852375 0.036157 2.689930 255 68 68 R0 pano_camera4/frame_0142_hp_preview.jpg
5.009412 0.034598 2.788269 255 68 68 R0 pano_camera4/frame_0143_hp_preview.jpg
5.184954 0.051771 2.736436 255 68 68 R0 pano_camera4/frame_0144_hp_preview.jpg
5.243054 0.058257 2.559757 255 68 68 R0 pano_camera4/frame_0145_hp_preview.jpg
4.381634 0.040328 2.749370 255 68 68 R0 pano_camera4/frame_0157_hp_preview.jpg
4.244021 0.041620 2.835529 255 68 68 R0 pano_camera4/frame_0158_hp_preview.jpg
4.195019 0.045573 2.933363 255 68 68 R0 pano_camera4/frame_0159_hp_preview.jpg
3.947154 0.029594 3.542225 255 68 68 R0 pano_camera4/frame_0160_hp_preview.jpg
3.740070 0.024292 3.804455 255 68 68 R0 pano_camera4/frame_0161_hp_preview.jpg
3.439175 0.033516 4.094078 255 68 68 R0 pano_camera4/frame_0162_hp_preview.jpg
3.231989 0.037171 4.254176 255 68 68 R0 pano_camera4/frame_0163_hp_preview.jpg
3.007012 0.044772 4.396821 255 68 68 R0 pano_camera4/frame_0164_hp_preview.jpg
2.609606 0.046694 4.384396 255 68 68 R0 pano_camera4/frame_0165_hp_preview.jpg
2.448352 0.046235 4.251542 255 68 68 R0 pano_camera4/frame_0166_hp_preview.jpg
2.201123 0.052342 3.892098 255 68 68 R0 pano_camera4/frame_0167_hp_preview.jpg
2.252838 0.049931 3.505309 255 68 68 R0 pano_camera4/frame_0168_hp_preview.jpg
2.342631 0.061539 3.389177 255 68 68 R0 pano_camera4/frame_0169_hp_preview.jpg
2.877618 0.049920 2.856267 255 68 68 R0 pano_camera4/frame_0170_hp_preview.jpg
2.950096 0.064138 2.786802 255 68 68 R0 pano_camera4/frame_0171_hp_preview.jpg
3.289303 0.050566 2.460626 255 68 68 R0 pano_camera4/frame_0172_hp_preview.jpg
3.366090 0.061453 2.080390 255 68 68 R0 pano_camera4/frame_0173_hp_preview.jpg
3.161372 0.070585 1.744957 255 68 68 R0 pano_camera4/frame_0174_hp_preview.jpg
3.152255 0.073600 1.739504 255 68 68 R0 pano_camera4/frame_0175_hp_preview.jpg
2.720897 0.069080 1.645688 255 68 68 R0 pano_camera4/frame_0176_hp_preview.jpg
2.476814 0.078871 1.694650 255 68 68 R0 pano_camera4/frame_0177_hp_preview.jpg
2.014972 0.078715 1.712952 255 68 68 R0 pano_camera4/frame_0178_hp_preview.jpg
1.693302 0.084062 1.465020 255 68 68 R0 pano_camera4/frame_0179_hp_preview.jpg
1.650952 0.084319 1.271426 255 68 68 R0 pano_camera4/frame_0180_hp_preview.jpg
1.782735 0.070512 1.033359 255 68 68 R0 pano_camera4/frame_0181_hp_preview.jpg
1.977752 0.068407 0.871726 255 68 68 R0 pano_camera4/frame_0182_hp_preview.jpg
2.202049 0.079923 0.552393 255 68 68 R0 pano_camera4/frame_0183_hp_preview.jpg
2.050367 0.070293 0.403842 255 68 68 R0 pano_camera4/frame_0184_hp_preview.jpg
1.896727 0.071694 0.452878 255 68 68 R0 pano_camera4/frame_0185_hp_preview.jpg
1.703856 0.066756 0.597011 255 68 68 R0 pano_camera4/frame_0186_hp_preview.jpg
1.505284 0.067502 0.732828 255 68 68 R0 pano_camera4/frame_0187_hp_preview.jpg
1.205752 0.070746 0.837863 255 68 68 R0 pano_camera4/frame_0188_hp_preview.jpg
0.902396 0.073690 0.750225 255 68 68 R0 pano_camera4/frame_0189_hp_preview.jpg
0.871523 0.079577 0.731225 255 68 68 R0 pano_camera4/frame_0190_hp_preview.jpg
0.704252 0.083829 0.516812 255 68 68 R0 pano_camera4/frame_0191_hp_preview.jpg
0.701938 0.089614 0.156910 255 68 68 R0 pano_camera4/frame_0192_hp_preview.jpg
0.833211 0.083550 -0.094418 255 68 68 R0 pano_camera4/frame_0193_hp_preview.jpg
1.053187 0.074626 -0.377723 255 68 68 R0 pano_camera4/frame_0194_hp_preview.jpg
1.191413 0.080570 -0.590708 255 68 68 R0 pano_camera4/frame_0195_hp_preview.jpg
1.163202 0.070104 -0.795123 255 68 68 R0 pano_camera4/frame_0196_hp_preview.jpg
0.963391 0.076154 -1.166914 255 68 68 R0 pano_camera4/frame_0197_hp_preview.jpg
0.585483 0.098329 -1.646923 255 68 68 R0 pano_camera4/frame_0198_hp_preview.jpg
0.474940 0.105691 -1.787420 255 68 68 R0 pano_camera4/frame_0199_hp_preview.jpg
-0.148619 0.146384 -2.354038 255 68 68 R0 pano_camera4/frame_0200_hp_preview.jpg
-0.140633 0.192262 -2.447809 255 68 68 R0 pano_camera4/frame_0201_hp_preview.jpg
-0.174322 0.104995 -1.212152 255 68 68 R0 pano_camera4/frame_0226_hp_preview.jpg
-0.778925 0.098748 0.061098 255 68 68 R0 pano_camera4/frame_0240_hp_preview.jpg
-0.764224 0.090519 0.126777 255 68 68 R0 pano_camera4/frame_0241_hp_preview.jpg
-0.867233 0.082969 0.404170 255 68 68 R0 pano_camera4/frame_0242_hp_preview.jpg
-0.749073 0.078054 0.566301 255 68 68 R0 pano_camera4/frame_0243_hp_preview.jpg
-0.535704 0.074337 0.550878 255 68 68 R0 pano_camera4/frame_0244_hp_preview.jpg
-0.432282 0.069997 0.568491 255 68 68 R0 pano_camera4/frame_0245_hp_preview.jpg
-0.160506 0.042391 0.630561 255 68 68 R0 pano_camera4/frame_0246_hp_preview.jpg
-0.033270 0.049323 0.556112 255 68 68 R0 pano_camera4/frame_0247_hp_preview.jpg
0.282528 0.046903 0.628225 255 68 68 R0 pano_camera4/frame_0248_hp_preview.jpg
0.318159 0.044473 0.648071 255 68 68 R0 pano_camera4/frame_0249_hp_preview.jpg
0.945602 0.041192 1.114193 255 68 68 R0 pano_camera4/frame_0250_hp_preview.jpg
0.956014 0.039609 1.123685 255 68 68 R0 pano_camera4/frame_0251_hp_preview.jpg
1.259920 0.045706 1.545178 255 68 68 R0 pano_camera4/frame_0252_hp_preview.jpg
1.409057 0.058807 2.084302 255 68 68 R0 pano_camera4/frame_0253_hp_preview.jpg
1.137486 0.068605 2.410037 255 68 68 R0 pano_camera4/frame_0254_hp_preview.jpg
1.094873 0.065500 2.415532 255 68 68 R0 pano_camera4/frame_0255_hp_preview.jpg
0.662625 0.107878 2.060562 255 68 68 R0 pano_camera4/frame_0256_hp_preview.jpg
0.531920 0.235733 1.888068 255 68 68 R0 pano_camera4/frame_0257_hp_preview.jpg
0.482185 0.317673 1.822260 255 68 68 R0 pano_camera4/frame_0258_hp_preview.jpg
0.403493 0.392290 1.699741 255 68 68 R0 pano_camera4/frame_0259_hp_preview.jpg
0.221349 0.643243 1.429712 255 68 68 R0 pano_camera4/frame_0260_hp_preview.jpg
0.218686 0.646012 1.423470 255 68 68 R0 pano_camera4/frame_0261_hp_preview.jpg
0.004844 0.905873 1.163569 255 68 68 R0 pano_camera4/frame_0262_hp_preview.jpg
-0.005702 0.915260 1.157020 255 68 68 R0 pano_camera4/frame_0263_hp_preview.jpg
-0.111893 1.059595 1.020928 255 68 68 R0 pano_camera4/frame_0264_hp_preview.jpg
-0.275166 1.238245 0.816512 255 68 68 R0 pano_camera4/frame_0265_hp_preview.jpg
-0.322063 1.374093 0.591471 255 68 68 R0 pano_camera4/frame_0266_hp_preview.jpg
-0.309493 1.451328 0.382989 255 68 68 R0 pano_camera4/frame_0267_hp_preview.jpg
-0.108129 1.447113 0.150426 255 68 68 R0 pano_camera4/frame_0268_hp_preview.jpg
0.264577 1.456883 -0.214832 255 68 68 R0 pano_camera4/frame_0269_hp_preview.jpg
0.450532 1.476053 -0.369847 255 68 68 R0 pano_camera4/frame_0270_hp_preview.jpg
0.817942 1.471847 -0.631937 255 68 68 R0 pano_camera4/frame_0271_hp_preview.jpg
1.158138 1.477217 -0.881873 255 68 68 R0 pano_camera4/frame_0272_hp_preview.jpg
1.341065 1.488490 -1.028622 255 68 68 R0 pano_camera4/frame_0273_hp_preview.jpg
1.928815 1.487073 -1.476759 255 68 68 R0 pano_camera4/frame_0274_hp_preview.jpg
1.986951 1.491363 -1.533194 255 68 68 R0 pano_camera4/frame_0275_hp_preview.jpg
2.458254 1.497624 -1.906520 255 68 68 R0 pano_camera4/frame_0276_hp_preview.jpg
2.596594 1.504130 -2.033844 255 68 68 R0 pano_camera4/frame_0277_hp_preview.jpg
3.014425 1.524843 -2.441049 255 68 68 R0 pano_camera4/frame_0278_hp_preview.jpg
3.251617 1.523389 -2.611434 255 68 68 R0 pano_camera4/frame_0279_hp_preview.jpg
3.835351 1.532682 -3.113320 255 68 68 R0 pano_camera4/frame_0280_hp_preview.jpg
3.947866 1.531148 -3.195510 255 68 68 R0 pano_camera4/frame_0281_hp_preview.jpg
4.099238 1.527888 -3.349043 255 68 68 R0 pano_camera4/frame_0282_hp_preview.jpg
4.176778 1.528279 -3.583834 255 68 68 R0 pano_camera4/frame_0283_hp_preview.jpg
3.997356 1.524214 -3.970843 255 68 68 R0 pano_camera4/frame_0284_hp_preview.jpg
3.960140 1.522200 -3.997293 255 68 68 R0 pano_camera4/frame_0285_hp_preview.jpg
3.704675 1.524377 -4.202299 255 68 68 R0 pano_camera4/frame_0286_hp_preview.jpg
3.504299 1.539645 -4.209571 255 68 68 R0 pano_camera4/frame_0287_hp_preview.jpg
3.243080 1.549842 -4.223985 255 68 68 R0 pano_camera4/frame_0288_hp_preview.jpg
3.088049 1.556722 -4.299552 255 68 68 R0 pano_camera4/frame_0289_hp_preview.jpg
2.981451 1.558198 -4.553350 255 68 68 R0 pano_camera4/frame_0290_hp_preview.jpg
2.884206 1.554988 -5.101280 255 68 68 R0 pano_camera4/frame_0291_hp_preview.jpg
2.818818 1.557396 -5.313751 255 68 68 R0 pano_camera4/frame_0292_hp_preview.jpg
2.775887 1.554425 -5.490989 255 68 68 R0 pano_camera4/frame_0293_hp_preview.jpg
2.315027 1.546298 -5.935733 255 68 68 R0 pano_camera4/frame_0294_hp_preview.jpg
2.264872 1.547790 -5.947709 255 68 68 R0 pano_camera4/frame_0295_hp_preview.jpg
1.723418 1.540977 -5.754284 255 68 68 R0 pano_camera4/frame_0296_hp_preview.jpg
1.624198 1.542469 -5.408213 255 68 68 R0 pano_camera4/frame_0297_hp_preview.jpg
1.597258 1.527239 -5.098267 255 68 68 R0 pano_camera4/frame_0298_hp_preview.jpg
1.585726 1.530247 -4.856060 255 68 68 R0 pano_camera4/frame_0299_hp_preview.jpg
1.555475 1.529944 -4.393762 255 68 68 R0 pano_camera4/frame_0300_hp_preview.jpg
1.553432 1.511244 -4.074037 255 68 68 R0 pano_camera4/frame_0301_hp_preview.jpg
1.584404 1.503130 -3.753046 255 68 68 R0 pano_camera4/frame_0302_hp_preview.jpg
1.699431 1.510533 -3.315114 255 68 68 R0 pano_camera4/frame_0303_hp_preview.jpg
1.749438 1.503025 -3.091371 255 68 68 R0 pano_camera4/frame_0304_hp_preview.jpg
1.814175 1.490965 -2.563198 255 68 68 R0 pano_camera4/frame_0305_hp_preview.jpg
1.752886 1.475477 -2.037535 255 68 68 R0 pano_camera4/frame_0306_hp_preview.jpg
1.654567 1.465969 -1.704130 255 68 68 R0 pano_camera4/frame_0307_hp_preview.jpg
1.609135 1.471030 -1.627163 255 68 68 R0 pano_camera4/frame_0308_hp_preview.jpg
1.225313 1.469658 -1.342217 255 68 68 R0 pano_camera4/frame_0309_hp_preview.jpg
0.757066 1.482784 -1.347874 255 68 68 R0 pano_camera4/frame_0310_hp_preview.jpg
0.526358 1.473060 -1.568758 255 68 68 R0 pano_camera4/frame_0311_hp_preview.jpg
0.357550 1.490066 -1.983440 255 68 68 R0 pano_camera4/frame_0312_hp_preview.jpg
0.289116 1.495138 -2.294790 255 68 68 R0 pano_camera4/frame_0313_hp_preview.jpg
0.255509 1.498133 -2.576548 255 68 68 R0 pano_camera4/frame_0314_hp_preview.jpg
0.155154 1.509320 -3.263024 255 68 68 R0 pano_camera4/frame_0315_hp_preview.jpg
0.143178 1.513771 -3.312869 255 68 68 R0 pano_camera4/frame_0316_hp_preview.jpg
0.028010 1.510012 -3.749509 255 68 68 R0 pano_camera4/frame_0317_hp_preview.jpg
-0.249925 1.506099 -4.143118 255 68 68 R0 pano_camera4/frame_0318_hp_preview.jpg
-0.376818 1.507462 -4.153066 255 68 68 R0 pano_camera4/frame_0319_hp_preview.jpg
-0.721188 1.527914 -4.055952 255 68 68 R0 pano_camera4/frame_0320_hp_preview.jpg
-1.244412 1.525739 -3.575800 255 68 68 R0 pano_camera4/frame_0321_hp_preview.jpg
-1.272529 1.524663 -3.543411 255 68 68 R0 pano_camera4/frame_0322_hp_preview.jpg
-1.387568 1.506112 -3.077232 255 68 68 R0 pano_camera4/frame_0323_hp_preview.jpg
-1.329520 1.509214 -2.601324 255 68 68 R0 pano_camera4/frame_0324_hp_preview.jpg
-1.335802 1.501051 -2.553055 255 68 68 R0 pano_camera4/frame_0325_hp_preview.jpg
-1.552631 1.490776 -2.103437 255 68 68 R0 pano_camera4/frame_0326_hp_preview.jpg
-1.817730 1.487866 -2.053340 255 68 68 R0 pano_camera4/frame_0327_hp_preview.jpg
-1.952328 1.497543 -2.092796 255 68 68 R0 pano_camera4/frame_0328_hp_preview.jpg
-2.145747 1.503503 -2.230049 255 68 68 R0 pano_camera4/frame_0329_hp_preview.jpg
-2.499664 1.510679 -2.360870 255 68 68 R0 pano_camera4/frame_0330_hp_preview.jpg
-2.615981 1.508070 -2.271117 255 68 68 R0 pano_camera4/frame_0331_hp_preview.jpg
-2.464038 1.492557 -1.871364 255 68 68 R0 pano_camera4/frame_0332_hp_preview.jpg
-2.292425 1.483101 -1.743095 255 68 68 R0 pano_camera4/frame_0333_hp_preview.jpg
-2.025213 1.476200 -1.461122 255 68 68 R0 pano_camera4/frame_0334_hp_preview.jpg
-1.922968 1.476680 -1.283077 255 68 68 R0 pano_camera4/frame_0335_hp_preview.jpg
-1.799890 1.465342 -1.090283 255 68 68 R0 pano_camera4/frame_0336_hp_preview.jpg
-1.572635 1.451218 -0.631459 255 68 68 R0 pano_camera4/frame_0337_hp_preview.jpg
-1.461879 1.451423 -0.400655 255 68 68 R0 pano_camera4/frame_0338_hp_preview.jpg
-1.222477 1.438030 0.212414 255 68 68 R0 pano_camera4/frame_0339_hp_preview.jpg
-1.125927 1.458639 0.617103 255 68 68 R0 pano_camera4/frame_0340_hp_preview.jpg
-1.093086 1.451160 0.723656 255 68 68 R0 pano_camera4/frame_0341_hp_preview.jpg
-0.964542 1.449278 1.027956 255 68 68 R0 pano_camera4/frame_0342_hp_preview.jpg
-0.730749 1.450275 1.377142 255 68 68 R0 pano_camera4/frame_0343_hp_preview.jpg
-0.774606 1.454153 1.724941 255 68 68 R0 pano_camera4/frame_0344_hp_preview.jpg
-1.026706 1.456601 1.642285 255 68 68 R0 pano_camera4/frame_0345_hp_preview.jpg
-1.223953 1.454249 1.457920 255 68 68 R0 pano_camera4/frame_0346_hp_preview.jpg
-1.325764 1.455722 1.250673 255 68 68 R0 pano_camera4/frame_0347_hp_preview.jpg
-1.450971 1.459282 1.020627 255 68 68 R0 pano_camera4/frame_0348_hp_preview.jpg
-1.748582 1.455471 0.475965 255 68 68 R0 pano_camera4/frame_0349_hp_preview.jpg
-1.945842 1.444904 0.267652 255 68 68 R0 pano_camera4/frame_0350_hp_preview.jpg
-2.100483 1.442245 0.119809 255 68 68 R0 pano_camera4/frame_0351_hp_preview.jpg
-2.542075 1.447807 -0.083171 255 68 68 R0 pano_camera4/frame_0352_hp_preview.jpg
-2.763957 1.462014 -0.114614 255 68 68 R0 pano_camera4/frame_0353_hp_preview.jpg
-3.124105 1.470042 -0.286998 255 68 68 R0 pano_camera4/frame_0354_hp_preview.jpg
-3.239617 1.484295 -0.464226 255 68 68 R0 pano_camera4/frame_0355_hp_preview.jpg
-3.161677 1.497050 -0.883009 255 68 68 R0 pano_camera4/frame_0356_hp_preview.jpg
-3.089304 1.485857 -1.174244 255 68 68 R0 pano_camera4/frame_0357_hp_preview.jpg
-3.045756 1.468108 -1.257451 255 68 68 R0 pano_camera4/frame_0358_hp_preview.jpg
-3.014295 1.459244 -1.280682 255 68 68 R0 pano_camera4/frame_0359_hp_preview.jpg
-3.061850 1.474452 -1.286413 255 68 68 R0 pano_camera4/frame_0360_hp_preview.jpg
-3.061974 1.473454 -1.290629 255 68 68 R0 pano_camera4/frame_0361_hp_preview.jpg
-3.172174 1.484978 -1.556883 255 68 68 R0 pano_camera4/frame_0362_hp_preview.jpg
-3.305157 1.490606 -1.614581 255 68 68 R0 pano_camera4/frame_0363_hp_preview.jpg
-3.565978 1.520555 -1.630970 255 68 68 R0 pano_camera4/frame_0364_hp_preview.jpg
-3.646820 1.522175 -1.576396 255 68 68 R0 pano_camera4/frame_0365_hp_preview.jpg
-3.691516 1.509441 -1.178580 255 68 68 R0 pano_camera4/frame_0366_hp_preview.jpg
-3.668260 1.505471 -1.118610 255 68 68 R0 pano_camera4/frame_0367_hp_preview.jpg
-3.528005 1.488833 -0.815971 255 68 68 R0 pano_camera4/frame_0368_hp_preview.jpg
-3.227991 1.478111 -0.195250 255 68 68 R0 pano_camera4/frame_0369_hp_preview.jpg
-3.238599 1.447264 0.007752 255 68 68 R0 pano_camera4/frame_0370_hp_preview.jpg
-3.376980 1.476732 0.148832 255 68 68 R0 pano_camera4/frame_0371_hp_preview.jpg
-3.704466 1.474272 0.089011 255 68 68 R0 pano_camera4/frame_0372_hp_preview.jpg
-3.957223 1.488360 -0.163615 255 68 68 R0 pano_camera4/frame_0373_hp_preview.jpg
-4.567184 1.491510 -0.525108 255 68 68 R0 pano_camera4/frame_0374_hp_preview.jpg
-4.759316 1.501328 -0.536267 255 68 68 R0 pano_camera4/frame_0375_hp_preview.jpg
-4.981863 1.512080 -0.462007 255 68 68 R0 pano_camera4/frame_0376_hp_preview.jpg
-5.157384 1.516913 -0.369035 255 68 68 R0 pano_camera4/frame_0377_hp_preview.jpg
-5.660266 1.541748 0.019588 255 68 68 R0 pano_camera4/frame_0378_hp_preview.jpg
-5.776547 1.530214 0.167740 255 68 68 R0 pano_camera4/frame_0379_hp_preview.jpg
-5.893375 1.525366 0.394614 255 68 68 R0 pano_camera4/frame_0380_hp_preview.jpg
-5.955620 1.405872 0.414121 255 68 68 R0 pano_camera4/frame_0381_hp_preview.jpg
-5.980934 1.274478 0.564102 255 68 68 R0 pano_camera4/frame_0382_hp_preview.jpg
-5.933598 1.475691 0.831980 255 68 68 R0 pano_camera4/frame_0383_hp_preview.jpg
-5.904211 1.489194 0.830209 255 68 68 R0 pano_camera4/frame_0384_hp_preview.jpg
-5.743340 1.497526 1.027753 255 68 68 R0 pano_camera4/frame_0385_hp_preview.jpg
-5.425922 1.500465 1.469469 255 68 68 R0 pano_camera4/frame_0386_hp_preview.jpg
-5.300396 1.496372 1.688051 255 68 68 R0 pano_camera4/frame_0387_hp_preview.jpg
-4.846824 1.488123 2.330574 255 68 68 R0 pano_camera4/frame_0388_hp_preview.jpg
-4.524220 1.473900 2.718076 255 68 68 R0 pano_camera4/frame_0389_hp_preview.jpg
-4.378271 1.460964 2.860980 255 68 68 R0 pano_camera4/frame_0390_hp_preview.jpg
-3.963675 1.462091 3.051459 255 68 68 R0 pano_camera4/frame_0391_hp_preview.jpg
-3.879290 1.458982 3.006805 255 68 68 R0 pano_camera4/frame_0392_hp_preview.jpg
-3.919974 1.461274 2.817831 255 68 68 R0 pano_camera4/frame_0393_hp_preview.jpg
-4.091782 1.455106 2.675155 255 68 68 R0 pano_camera4/frame_0394_hp_preview.jpg
-4.387327 1.453072 2.446214 255 68 68 R0 pano_camera4/frame_0395_hp_preview.jpg
-4.598241 1.458694 2.121123 255 68 68 R0 pano_camera4/frame_0396_hp_preview.jpg
-4.401060 1.482305 1.697200 255 68 68 R0 pano_camera4/frame_0397_hp_preview.jpg
-4.264657 1.480358 1.594669 255 68 68 R0 pano_camera4/frame_0398_hp_preview.jpg
-3.786359 1.483645 1.574889 255 68 68 R0 pano_camera4/frame_0399_hp_preview.jpg
-3.409253 1.462762 1.928342 255 68 68 R0 pano_camera4/frame_0400_hp_preview.jpg
-3.133402 1.455602 2.227490 255 68 68 R0 pano_camera4/frame_0401_hp_preview.jpg
-3.112958 1.454386 2.245789 255 68 68 R0 pano_camera4/frame_0402_hp_preview.jpg
-2.856676 1.445371 2.533088 255 68 68 R0 pano_camera4/frame_0403_hp_preview.jpg
-2.335896 1.442742 2.525595 255 68 68 R0 pano_camera4/frame_0404_hp_preview.jpg
-2.307331 1.449089 2.495774 255 68 68 R0 pano_camera4/frame_0405_hp_preview.jpg
-2.154045 1.463712 2.038022 255 68 68 R0 pano_camera4/frame_0406_hp_preview.jpg
-2.418526 1.455347 1.678196 255 68 68 R0 pano_camera4/frame_0407_hp_preview.jpg
-2.563902 1.461813 1.494842 255 68 68 R0 pano_camera4/frame_0408_hp_preview.jpg
-2.675881 1.457182 1.363378 255 68 68 R0 pano_camera4/frame_0409_hp_preview.jpg
-2.786727 1.476768 1.018513 255 68 68 R0 pano_camera4/frame_0410_hp_preview.jpg
-2.465082 1.473182 0.481070 255 68 68 R0 pano_camera4/frame_0411_hp_preview.jpg
-2.403526 1.465663 0.423354 255 68 68 R0 pano_camera4/frame_0412_hp_preview.jpg
-2.271776 1.470770 0.240685 255 68 68 R0 pano_camera4/frame_0413_hp_preview.jpg
-2.292837 1.473176 0.235432 255 68 68 R0 pano_camera4/frame_0414_hp_preview.jpg
-2.294289 1.473496 0.236900 255 68 68 R0 pano_camera4/frame_0415_hp_preview.jpg
-2.290819 1.468938 0.235405 255 68 68 R0 pano_camera4/frame_0416_hp_preview.jpg
4.505905 0.035738 2.322182 255 68 68 R0 pano_camera5/frame_0140_hp_preview.jpg
4.633754 0.040949 2.449613 255 68 68 R0 pano_camera5/frame_0141_hp_preview.jpg
4.852375 0.036157 2.689930 255 68 68 R0 pano_camera5/frame_0142_hp_preview.jpg
5.009412 0.034598 2.788269 255 68 68 R0 pano_camera5/frame_0143_hp_preview.jpg
5.184954 0.051771 2.736436 255 68 68 R0 pano_camera5/frame_0144_hp_preview.jpg
5.243054 0.058257 2.559757 255 68 68 R0 pano_camera5/frame_0145_hp_preview.jpg
4.381634 0.040328 2.749370 255 68 68 R0 pano_camera5/frame_0157_hp_preview.jpg
4.244021 0.041620 2.835529 255 68 68 R0 pano_camera5/frame_0158_hp_preview.jpg
4.195019 0.045573 2.933363 255 68 68 R0 pano_camera5/frame_0159_hp_preview.jpg
3.947154 0.029594 3.542225 255 68 68 R0 pano_camera5/frame_0160_hp_preview.jpg
3.740070 0.024292 3.804455 255 68 68 R0 pano_camera5/frame_0161_hp_preview.jpg
3.439175 0.033516 4.094078 255 68 68 R0 pano_camera5/frame_0162_hp_preview.jpg
3.231989 0.037171 4.254176 255 68 68 R0 pano_camera5/frame_0163_hp_preview.jpg
3.007012 0.044772 4.396821 255 68 68 R0 pano_camera5/frame_0164_hp_preview.jpg
2.609606 0.046694 4.384396 255 68 68 R0 pano_camera5/frame_0165_hp_preview.jpg
2.448352 0.046235 4.251542 255 68 68 R0 pano_camera5/frame_0166_hp_preview.jpg
2.201123 0.052342 3.892098 255 68 68 R0 pano_camera5/frame_0167_hp_preview.jpg
2.252838 0.049931 3.505309 255 68 68 R0 pano_camera5/frame_0168_hp_preview.jpg
2.342631 0.061539 3.389177 255 68 68 R0 pano_camera5/frame_0169_hp_preview.jpg
2.877618 0.049920 2.856267 255 68 68 R0 pano_camera5/frame_0170_hp_preview.jpg
2.950096 0.064138 2.786802 255 68 68 R0 pano_camera5/frame_0171_hp_preview.jpg
3.289303 0.050566 2.460626 255 68 68 R0 pano_camera5/frame_0172_hp_preview.jpg
3.366090 0.061453 2.080390 255 68 68 R0 pano_camera5/frame_0173_hp_preview.jpg
3.161372 0.070585 1.744957 255 68 68 R0 pano_camera5/frame_0174_hp_preview.jpg
3.152255 0.073600 1.739504 255 68 68 R0 pano_camera5/frame_0175_hp_preview.jpg
2.720897 0.069080 1.645688 255 68 68 R0 pano_camera5/frame_0176_hp_preview.jpg
2.476814 0.078871 1.694650 255 68 68 R0 pano_camera5/frame_0177_hp_preview.jpg
2.014972 0.078715 1.712952 255 68 68 R0 pano_camera5/frame_0178_hp_preview.jpg
1.693302 0.084062 1.465020 255 68 68 R0 pano_camera5/frame_0179_hp_preview.jpg
1.650952 0.084319 1.271426 255 68 68 R0 pano_camera5/frame_0180_hp_preview.jpg
1.782735 0.070512 1.033359 255 68 68 R0 pano_camera5/frame_0181_hp_preview.jpg
1.977752 0.068407 0.871726 255 68 68 R0 pano_camera5/frame_0182_hp_preview.jpg
2.202049 0.079923 0.552393 255 68 68 R0 pano_camera5/frame_0183_hp_preview.jpg
2.050367 0.070293 0.403842 255 68 68 R0 pano_camera5/frame_0184_hp_preview.jpg
1.896727 0.071694 0.452878 255 68 68 R0 pano_camera5/frame_0185_hp_preview.jpg
1.703856 0.066756 0.597011 255 68 68 R0 pano_camera5/frame_0186_hp_preview.jpg
1.505284 0.067502 0.732828 255 68 68 R0 pano_camera5/frame_0187_hp_preview.jpg
1.205752 0.070746 0.837863 255 68 68 R0 pano_camera5/frame_0188_hp_preview.jpg
0.902396 0.073690 0.750225 255 68 68 R0 pano_camera5/frame_0189_hp_preview.jpg
0.871523 0.079577 0.731225 255 68 68 R0 pano_camera5/frame_0190_hp_preview.jpg
0.704252 0.083829 0.516812 255 68 68 R0 pano_camera5/frame_0191_hp_preview.jpg
0.701938 0.089614 0.156910 255 68 68 R0 pano_camera5/frame_0192_hp_preview.jpg
0.833211 0.083550 -0.094418 255 68 68 R0 pano_camera5/frame_0193_hp_preview.jpg
1.053187 0.074626 -0.377723 255 68 68 R0 pano_camera5/frame_0194_hp_preview.jpg
1.191413 0.080570 -0.590708 255 68 68 R0 pano_camera5/frame_0195_hp_preview.jpg
1.163202 0.070104 -0.795123 255 68 68 R0 pano_camera5/frame_0196_hp_preview.jpg
0.963391 0.076154 -1.166914 255 68 68 R0 pano_camera5/frame_0197_hp_preview.jpg
0.585483 0.098329 -1.646923 255 68 68 R0 pano_camera5/frame_0198_hp_preview.jpg
0.474940 0.105691 -1.787420 255 68 68 R0 pano_camera5/frame_0199_hp_preview.jpg
-0.148619 0.146384 -2.354038 255 68 68 R0 pano_camera5/frame_0200_hp_preview.jpg
-0.140633 0.192262 -2.447809 255 68 68 R0 pano_camera5/frame_0201_hp_preview.jpg
-0.174322 0.104995 -1.212152 255 68 68 R0 pano_camera5/frame_0226_hp_preview.jpg
-0.778925 0.098748 0.061098 255 68 68 R0 pano_camera5/frame_0240_hp_preview.jpg
-0.764224 0.090519 0.126777 255 68 68 R0 pano_camera5/frame_0241_hp_preview.jpg
-0.867233 0.082969 0.404170 255 68 68 R0 pano_camera5/frame_0242_hp_preview.jpg
-0.749073 0.078054 0.566301 255 68 68 R0 pano_camera5/frame_0243_hp_preview.jpg
-0.535704 0.074337 0.550878 255 68 68 R0 pano_camera5/frame_0244_hp_preview.jpg
-0.432282 0.069997 0.568491 255 68 68 R0 pano_camera5/frame_0245_hp_preview.jpg
-0.160506 0.042391 0.630561 255 68 68 R0 pano_camera5/frame_0246_hp_preview.jpg
-0.033270 0.049323 0.556112 255 68 68 R0 pano_camera5/frame_0247_hp_preview.jpg
0.282528 0.046903 0.628225 255 68 68 R0 pano_camera5/frame_0248_hp_preview.jpg
0.318159 0.044473 0.648071 255 68 68 R0 pano_camera5/frame_0249_hp_preview.jpg
0.945602 0.041192 1.114193 255 68 68 R0 pano_camera5/frame_0250_hp_preview.jpg
0.956014 0.039609 1.123685 255 68 68 R0 pano_camera5/frame_0251_hp_preview.jpg
1.259920 0.045706 1.545178 255 68 68 R0 pano_camera5/frame_0252_hp_preview.jpg
1.409057 0.058807 2.084302 255 68 68 R0 pano_camera5/frame_0253_hp_preview.jpg
1.137486 0.068605 2.410037 255 68 68 R0 pano_camera5/frame_0254_hp_preview.jpg
1.094873 0.065500 2.415532 255 68 68 R0 pano_camera5/frame_0255_hp_preview.jpg
0.662625 0.107878 2.060562 255 68 68 R0 pano_camera5/frame_0256_hp_preview.jpg
0.531920 0.235733 1.888068 255 68 68 R0 pano_camera5/frame_0257_hp_preview.jpg
0.482185 0.317673 1.822260 255 68 68 R0 pano_camera5/frame_0258_hp_preview.jpg
0.403493 0.392290 1.699741 255 68 68 R0 pano_camera5/frame_0259_hp_preview.jpg
0.221349 0.643243 1.429712 255 68 68 R0 pano_camera5/frame_0260_hp_preview.jpg
0.218686 0.646012 1.423470 255 68 68 R0 pano_camera5/frame_0261_hp_preview.jpg
0.004844 0.905873 1.163569 255 68 68 R0 pano_camera5/frame_0262_hp_preview.jpg
-0.005702 0.915260 1.157020 255 68 68 R0 pano_camera5/frame_0263_hp_preview.jpg
-0.111893 1.059595 1.020928 255 68 68 R0 pano_camera5/frame_0264_hp_preview.jpg
-0.275166 1.238245 0.816512 255 68 68 R0 pano_camera5/frame_0265_hp_preview.jpg
-0.322063 1.374093 0.591471 255 68 68 R0 pano_camera5/frame_0266_hp_preview.jpg
-0.309493 1.451328 0.382989 255 68 68 R0 pano_camera5/frame_0267_hp_preview.jpg
-0.108129 1.447113 0.150426 255 68 68 R0 pano_camera5/frame_0268_hp_preview.jpg
0.264577 1.456883 -0.214832 255 68 68 R0 pano_camera5/frame_0269_hp_preview.jpg
0.450532 1.476053 -0.369847 255 68 68 R0 pano_camera5/frame_0270_hp_preview.jpg
0.817942 1.471847 -0.631937 255 68 68 R0 pano_camera5/frame_0271_hp_preview.jpg
1.158138 1.477217 -0.881873 255 68 68 R0 pano_camera5/frame_0272_hp_preview.jpg
1.341065 1.488490 -1.028622 255 68 68 R0 pano_camera5/frame_0273_hp_preview.jpg
1.928815 1.487073 -1.476759 255 68 68 R0 pano_camera5/frame_0274_hp_preview.jpg
1.986951 1.491363 -1.533194 255 68 68 R0 pano_camera5/frame_0275_hp_preview.jpg
2.458254 1.497624 -1.906520 255 68 68 R0 pano_camera5/frame_0276_hp_preview.jpg
2.596594 1.504130 -2.033844 255 68 68 R0 pano_camera5/frame_0277_hp_preview.jpg
3.014425 1.524843 -2.441049 255 68 68 R0 pano_camera5/frame_0278_hp_preview.jpg
3.251617 1.523389 -2.611434 255 68 68 R0 pano_camera5/frame_0279_hp_preview.jpg
3.835351 1.532682 -3.113320 255 68 68 R0 pano_camera5/frame_0280_hp_preview.jpg
3.947866 1.531148 -3.195510 255 68 68 R0 pano_camera5/frame_0281_hp_preview.jpg
4.099238 1.527888 -3.349043 255 68 68 R0 pano_camera5/frame_0282_hp_preview.jpg
4.176778 1.528279 -3.583834 255 68 68 R0 pano_camera5/frame_0283_hp_preview.jpg
3.997356 1.524214 -3.970843 255 68 68 R0 pano_camera5/frame_0284_hp_preview.jpg
3.960140 1.522200 -3.997293 255 68 68 R0 pano_camera5/frame_0285_hp_preview.jpg
3.704675 1.524377 -4.202299 255 68 68 R0 pano_camera5/frame_0286_hp_preview.jpg
3.504299 1.539645 -4.209571 255 68 68 R0 pano_camera5/frame_0287_hp_preview.jpg
3.243080 1.549842 -4.223985 255 68 68 R0 pano_camera5/frame_0288_hp_preview.jpg
3.088049 1.556722 -4.299552 255 68 68 R0 pano_camera5/frame_0289_hp_preview.jpg
2.981451 1.558198 -4.553350 255 68 68 R0 pano_camera5/frame_0290_hp_preview.jpg
2.884206 1.554988 -5.101280 255 68 68 R0 pano_camera5/frame_0291_hp_preview.jpg
2.818818 1.557396 -5.313751 255 68 68 R0 pano_camera5/frame_0292_hp_preview.jpg
2.775887 1.554425 -5.490989 255 68 68 R0 pano_camera5/frame_0293_hp_preview.jpg
2.315027 1.546298 -5.935733 255 68 68 R0 pano_camera5/frame_0294_hp_preview.jpg
2.264872 1.547790 -5.947709 255 68 68 R0 pano_camera5/frame_0295_hp_preview.jpg
1.723418 1.540977 -5.754284 255 68 68 R0 pano_camera5/frame_0296_hp_preview.jpg
1.624198 1.542469 -5.408213 255 68 68 R0 pano_camera5/frame_0297_hp_preview.jpg
1.597258 1.527239 -5.098267 255 68 68 R0 pano_camera5/frame_0298_hp_preview.jpg
1.585726 1.530247 -4.856060 255 68 68 R0 pano_camera5/frame_0299_hp_preview.jpg
1.555475 1.529944 -4.393762 255 68 68 R0 pano_camera5/frame_0300_hp_preview.jpg
1.553432 1.511244 -4.074037 255 68 68 R0 pano_camera5/frame_0301_hp_preview.jpg
1.584404 1.503130 -3.753046 255 68 68 R0 pano_camera5/frame_0302_hp_preview.jpg
1.699431 1.510533 -3.315114 255 68 68 R0 pano_camera5/frame_0303_hp_preview.jpg
1.749438 1.503025 -3.091371 255 68 68 R0 pano_camera5/frame_0304_hp_preview.jpg
1.814175 1.490965 -2.563198 255 68 68 R0 pano_camera5/frame_0305_hp_preview.jpg
1.752886 1.475477 -2.037535 255 68 68 R0 pano_camera5/frame_0306_hp_preview.jpg
1.654567 1.465969 -1.704130 255 68 68 R0 pano_camera5/frame_0307_hp_preview.jpg
1.609135 1.471030 -1.627163 255 68 68 R0 pano_camera5/frame_0308_hp_preview.jpg
1.225313 1.469658 -1.342217 255 68 68 R0 pano_camera5/frame_0309_hp_preview.jpg
0.757066 1.482784 -1.347874 255 68 68 R0 pano_camera5/frame_0310_hp_preview.jpg
0.526358 1.473060 -1.568758 255 68 68 R0 pano_camera5/frame_0311_hp_preview.jpg
0.357550 1.490066 -1.983440 255 68 68 R0 pano_camera5/frame_0312_hp_preview.jpg
0.289116 1.495138 -2.294790 255 68 68 R0 pano_camera5/frame_0313_hp_preview.jpg
0.255509 1.498133 -2.576548 255 68 68 R0 pano_camera5/frame_0314_hp_preview.jpg
0.155154 1.509320 -3.263024 255 68 68 R0 pano_camera5/frame_0315_hp_preview.jpg
0.143178 1.513771 -3.312869 255 68 68 R0 pano_camera5/frame_0316_hp_preview.jpg
0.028010 1.510012 -3.749509 255 68 68 R0 pano_camera5/frame_0317_hp_preview.jpg
-0.249925 1.506099 -4.143118 255 68 68 R0 pano_camera5/frame_0318_hp_preview.jpg
-0.376818 1.507462 -4.153066 255 68 68 R0 pano_camera5/frame_0319_hp_preview.jpg
-0.721188 1.527914 -4.055952 255 68 68 R0 pano_camera5/frame_0320_hp_preview.jpg
-1.244412 1.525739 -3.575800 255 68 68 R0 pano_camera5/frame_0321_hp_preview.jpg
-1.272529 1.524663 -3.543411 255 68 68 R0 pano_camera5/frame_0322_hp_preview.jpg
-1.387568 1.506112 -3.077232 255 68 68 R0 pano_camera5/frame_0323_hp_preview.jpg
-1.329520 1.509214 -2.601324 255 68 68 R0 pano_camera5/frame_0324_hp_preview.jpg
-1.335802 1.501051 -2.553055 255 68 68 R0 pano_camera5/frame_0325_hp_preview.jpg
-1.552631 1.490776 -2.103437 255 68 68 R0 pano_camera5/frame_0326_hp_preview.jpg
-1.817730 1.487866 -2.053340 255 68 68 R0 pano_camera5/frame_0327_hp_preview.jpg
-1.952328 1.497543 -2.092796 255 68 68 R0 pano_camera5/frame_0328_hp_preview.jpg
-2.145747 1.503503 -2.230049 255 68 68 R0 pano_camera5/frame_0329_hp_preview.jpg
-2.499664 1.510679 -2.360870 255 68 68 R0 pano_camera5/frame_0330_hp_preview.jpg
-2.615981 1.508070 -2.271117 255 68 68 R0 pano_camera5/frame_0331_hp_preview.jpg
-2.464038 1.492557 -1.871364 255 68 68 R0 pano_camera5/frame_0332_hp_preview.jpg
-2.292425 1.483101 -1.743095 255 68 68 R0 pano_camera5/frame_0333_hp_preview.jpg
-2.025213 1.476200 -1.461122 255 68 68 R0 pano_camera5/frame_0334_hp_preview.jpg
-1.922968 1.476680 -1.283077 255 68 68 R0 pano_camera5/frame_0335_hp_preview.jpg
-1.799890 1.465342 -1.090283 255 68 68 R0 pano_camera5/frame_0336_hp_preview.jpg
-1.572635 1.451218 -0.631459 255 68 68 R0 pano_camera5/frame_0337_hp_preview.jpg
-1.461879 1.451423 -0.400655 255 68 68 R0 pano_camera5/frame_0338_hp_preview.jpg
-1.222477 1.438030 0.212414 255 68 68 R0 pano_camera5/frame_0339_hp_preview.jpg
-1.125927 1.458639 0.617103 255 68 68 R0 pano_camera5/frame_0340_hp_preview.jpg
-1.093086 1.451160 0.723656 255 68 68 R0 pano_camera5/frame_0341_hp_preview.jpg
-0.964542 1.449278 1.027956 255 68 68 R0 pano_camera5/frame_0342_hp_preview.jpg
-0.730749 1.450275 1.377142 255 68 68 R0 pano_camera5/frame_0343_hp_preview.jpg
-0.774606 1.454153 1.724941 255 68 68 R0 pano_camera5/frame_0344_hp_preview.jpg
-1.026706 1.456601 1.642285 255 68 68 R0 pano_camera5/frame_0345_hp_preview.jpg
-1.223953 1.454249 1.457920 255 68 68 R0 pano_camera5/frame_0346_hp_preview.jpg
-1.325764 1.455722 1.250673 255 68 68 R0 pano_camera5/frame_0347_hp_preview.jpg
-1.450971 1.459282 1.020627 255 68 68 R0 pano_camera5/frame_0348_hp_preview.jpg
-1.748582 1.455471 0.475965 255 68 68 R0 pano_camera5/frame_0349_hp_preview.jpg
-1.945842 1.444904 0.267652 255 68 68 R0 pano_camera5/frame_0350_hp_preview.jpg
-2.100483 1.442245 0.119809 255 68 68 R0 pano_camera5/frame_0351_hp_preview.jpg
-2.542075 1.447807 -0.083171 255 68 68 R0 pano_camera5/frame_0352_hp_preview.jpg
-2.763957 1.462014 -0.114614 255 68 68 R0 pano_camera5/frame_0353_hp_preview.jpg
-3.124105 1.470042 -0.286998 255 68 68 R0 pano_camera5/frame_0354_hp_preview.jpg
-3.239617 1.484295 -0.464226 255 68 68 R0 pano_camera5/frame_0355_hp_preview.jpg
-3.161677 1.497050 -0.883009 255 68 68 R0 pano_camera5/frame_0356_hp_preview.jpg
-3.089304 1.485857 -1.174244 255 68 68 R0 pano_camera5/frame_0357_hp_preview.jpg
-3.045756 1.468108 -1.257451 255 68 68 R0 pano_camera5/frame_0358_hp_preview.jpg
-3.014295 1.459244 -1.280682 255 68 68 R0 pano_camera5/frame_0359_hp_preview.jpg
-3.061850 1.474452 -1.286413 255 68 68 R0 pano_camera5/frame_0360_hp_preview.jpg
-3.061974 1.473454 -1.290629 255 68 68 R0 pano_camera5/frame_0361_hp_preview.jpg
-3.172174 1.484978 -1.556883 255 68 68 R0 pano_camera5/frame_0362_hp_preview.jpg
-3.305157 1.490606 -1.614581 255 68 68 R0 pano_camera5/frame_0363_hp_preview.jpg
-3.565978 1.520555 -1.630970 255 68 68 R0 pano_camera5/frame_0364_hp_preview.jpg
-3.646820 1.522175 -1.576396 255 68 68 R0 pano_camera5/frame_0365_hp_preview.jpg
-3.691516 1.509441 -1.178580 255 68 68 R0 pano_camera5/frame_0366_hp_preview.jpg
-3.668260 1.505471 -1.118610 255 68 68 R0 pano_camera5/frame_0367_hp_preview.jpg
-3.528005 1.488833 -0.815971 255 68 68 R0 pano_camera5/frame_0368_hp_preview.jpg
-3.227991 1.478111 -0.195250 255 68 68 R0 pano_camera5/frame_0369_hp_preview.jpg
-3.238599 1.447264 0.007752 255 68 68 R0 pano_camera5/frame_0370_hp_preview.jpg
-3.376980 1.476732 0.148832 255 68 68 R0 pano_camera5/frame_0371_hp_preview.jpg
-3.704466 1.474272 0.089011 255 68 68 R0 pano_camera5/frame_0372_hp_preview.jpg
-3.957223 1.488360 -0.163615 255 68 68 R0 pano_camera5/frame_0373_hp_preview.jpg
-4.567184 1.491510 -0.525108 255 68 68 R0 pano_camera5/frame_0374_hp_preview.jpg
-4.759316 1.501328 -0.536267 255 68 68 R0 pano_camera5/frame_0375_hp_preview.jpg
-4.981863 1.512080 -0.462007 255 68 68 R0 pano_camera5/frame_0376_hp_preview.jpg
-5.157384 1.516913 -0.369035 255 68 68 R0 pano_camera5/frame_0377_hp_preview.jpg
-5.660266 1.541748 0.019588 255 68 68 R0 pano_camera5/frame_0378_hp_preview.jpg
-5.776547 1.530214 0.167740 255 68 68 R0 pano_camera5/frame_0379_hp_preview.jpg
-5.893375 1.525366 0.394614 255 68 68 R0 pano_camera5/frame_0380_hp_preview.jpg
-5.955620 1.405872 0.414121 255 68 68 R0 pano_camera5/frame_0381_hp_preview.jpg
-5.980934 1.274478 0.564102 255 68 68 R0 pano_camera5/frame_0382_hp_preview.jpg
-5.933598 1.475691 0.831980 255 68 68 R0 pano_camera5/frame_0383_hp_preview.jpg
-5.904211 1.489194 0.830209 255 68 68 R0 pano_camera5/frame_0384_hp_preview.jpg
-5.743340 1.497526 1.027753 255 68 68 R0 pano_camera5/frame_0385_hp_preview.jpg
-5.425922 1.500465 1.469469 255 68 68 R0 pano_camera5/frame_0386_hp_preview.jpg
-5.300396 1.496372 1.688051 255 68 68 R0 pano_camera5/frame_0387_hp_preview.jpg
-4.846824 1.488123 2.330574 255 68 68 R0 pano_camera5/frame_0388_hp_preview.jpg
-4.524220 1.473900 2.718076 255 68 68 R0 pano_camera5/frame_0389_hp_preview.jpg
-4.378271 1.460964 2.860980 255 68 68 R0 pano_camera5/frame_0390_hp_preview.jpg
-3.963675 1.462091 3.051459 255 68 68 R0 pano_camera5/frame_0391_hp_preview.jpg
-3.879290 1.458982 3.006805 255 68 68 R0 pano_camera5/frame_0392_hp_preview.jpg
-3.919974 1.461274 2.817831 255 68 68 R0 pano_camera5/frame_0393_hp_preview.jpg
-4.091782 1.455106 2.675155 255 68 68 R0 pano_camera5/frame_0394_hp_preview.jpg
-4.387327 1.453072 2.446214 255 68 68 R0 pano_camera5/frame_0395_hp_preview.jpg
-4.598241 1.458694 2.121123 255 68 68 R0 pano_camera5/frame_0396_hp_preview.jpg
-4.401060 1.482305 1.697200 255 68 68 R0 pano_camera5/frame_0397_hp_preview.jpg
-4.264657 1.480358 1.594669 255 68 68 R0 pano_camera5/frame_0398_hp_preview.jpg
-3.786359 1.483645 1.574889 255 68 68 R0 pano_camera5/frame_0399_hp_preview.jpg
-3.409253 1.462762 1.928342 255 68 68 R0 pano_camera5/frame_0400_hp_preview.jpg
-3.133402 1.455602 2.227490 255 68 68 R0 pano_camera5/frame_0401_hp_preview.jpg
-3.112958 1.454386 2.245789 255 68 68 R0 pano_camera5/frame_0402_hp_preview.jpg
-2.856676 1.445371 2.533088 255 68 68 R0 pano_camera5/frame_0403_hp_preview.jpg
-2.335896 1.442742 2.525595 255 68 68 R0 pano_camera5/frame_0404_hp_preview.jpg
-2.307331 1.449089 2.495774 255 68 68 R0 pano_camera5/frame_0405_hp_preview.jpg
-2.154045 1.463712 2.038022 255 68 68 R0 pano_camera5/frame_0406_hp_preview.jpg
-2.418526 1.455347 1.678196 255 68 68 R0 pano_camera5/frame_0407_hp_preview.jpg
-2.563902 1.461813 1.494842 255 68 68 R0 pano_camera5/frame_0408_hp_preview.jpg
-2.675881 1.457182 1.363378 255 68 68 R0 pano_camera5/frame_0409_hp_preview.jpg
-2.786727 1.476768 1.018513 255 68 68 R0 pano_camera5/frame_0410_hp_preview.jpg
-2.465082 1.473182 0.481070 255 68 68 R0 pano_camera5/frame_0411_hp_preview.jpg
-2.403526 1.465663 0.423354 255 68 68 R0 pano_camera5/frame_0412_hp_preview.jpg
-2.271776 1.470770 0.240685 255 68 68 R0 pano_camera5/frame_0413_hp_preview.jpg
-2.292837 1.473176 0.235432 255 68 68 R0 pano_camera5/frame_0414_hp_preview.jpg
-2.294289 1.473496 0.236900 255 68 68 R0 pano_camera5/frame_0415_hp_preview.jpg
-2.290819 1.468938 0.235405 255 68 68 R0 pano_camera5/frame_0416_hp_preview.jpg
4.505905 0.035738 2.322182 255 68 68 R0 pano_camera6/frame_0140_hp_preview.jpg
4.633754 0.040949 2.449613 255 68 68 R0 pano_camera6/frame_0141_hp_preview.jpg
4.852375 0.036157 2.689930 255 68 68 R0 pano_camera6/frame_0142_hp_preview.jpg
5.009412 0.034598 2.788269 255 68 68 R0 pano_camera6/frame_0143_hp_preview.jpg
5.184954 0.051771 2.736436 255 68 68 R0 pano_camera6/frame_0144_hp_preview.jpg
5.243054 0.058257 2.559757 255 68 68 R0 pano_camera6/frame_0145_hp_preview.jpg
4.381634 0.040328 2.749370 255 68 68 R0 pano_camera6/frame_0157_hp_preview.jpg
4.244021 0.041620 2.835529 255 68 68 R0 pano_camera6/frame_0158_hp_preview.jpg
4.195019 0.045573 2.933363 255 68 68 R0 pano_camera6/frame_0159_hp_preview.jpg
3.947154 0.029594 3.542225 255 68 68 R0 pano_camera6/frame_0160_hp_preview.jpg
3.740070 0.024292 3.804455 255 68 68 R0 pano_camera6/frame_0161_hp_preview.jpg
3.439175 0.033516 4.094078 255 68 68 R0 pano_camera6/frame_0162_hp_preview.jpg
3.231989 0.037171 4.254176 255 68 68 R0 pano_camera6/frame_0163_hp_preview.jpg
3.007012 0.044772 4.396821 255 68 68 R0 pano_camera6/frame_0164_hp_preview.jpg
2.609606 0.046694 4.384396 255 68 68 R0 pano_camera6/frame_0165_hp_preview.jpg
2.448352 0.046235 4.251542 255 68 68 R0 pano_camera6/frame_0166_hp_preview.jpg
2.201123 0.052342 3.892098 255 68 68 R0 pano_camera6/frame_0167_hp_preview.jpg
2.252838 0.049931 3.505309 255 68 68 R0 pano_camera6/frame_0168_hp_preview.jpg
2.342631 0.061539 3.389177 255 68 68 R0 pano_camera6/frame_0169_hp_preview.jpg
2.877618 0.049920 2.856267 255 68 68 R0 pano_camera6/frame_0170_hp_preview.jpg
2.950096 0.064138 2.786802 255 68 68 R0 pano_camera6/frame_0171_hp_preview.jpg
3.289303 0.050566 2.460626 255 68 68 R0 pano_camera6/frame_0172_hp_preview.jpg
3.366090 0.061453 2.080390 255 68 68 R0 pano_camera6/frame_0173_hp_preview.jpg
3.161372 0.070585 1.744957 255 68 68 R0 pano_camera6/frame_0174_hp_preview.jpg
3.152255 0.073600 1.739504 255 68 68 R0 pano_camera6/frame_0175_hp_preview.jpg
2.720897 0.069080 1.645688 255 68 68 R0 pano_camera6/frame_0176_hp_preview.jpg
2.476814 0.078871 1.694650 255 68 68 R0 pano_camera6/frame_0177_hp_preview.jpg
2.014972 0.078715 1.712952 255 68 68 R0 pano_camera6/frame_0178_hp_preview.jpg
1.693302 0.084062 1.465020 255 68 68 R0 pano_camera6/frame_0179_hp_preview.jpg
1.650952 0.084319 1.271426 255 68 68 R0 pano_camera6/frame_0180_hp_preview.jpg
1.782735 0.070512 1.033359 255 68 68 R0 pano_camera6/frame_0181_hp_preview.jpg
1.977752 0.068407 0.871726 255 68 68 R0 pano_camera6/frame_0182_hp_preview.jpg
2.202049 0.079923 0.552393 255 68 68 R0 pano_camera6/frame_0183_hp_preview.jpg
2.050367 0.070293 0.403842 255 68 68 R0 pano_camera6/frame_0184_hp_preview.jpg
1.896727 0.071694 0.452878 255 68 68 R0 pano_camera6/frame_0185_hp_preview.jpg
1.703856 0.066756 0.597011 255 68 68 R0 pano_camera6/frame_0186_hp_preview.jpg
1.505284 0.067502 0.732828 255 68 68 R0 pano_camera6/frame_0187_hp_preview.jpg
1.205752 0.070746 0.837863 255 68 68 R0 pano_camera6/frame_0188_hp_preview.jpg
0.902396 0.073690 0.750225 255 68 68 R0 pano_camera6/frame_0189_hp_preview.jpg
0.871523 0.079577 0.731225 255 68 68 R0 pano_camera6/frame_0190_hp_preview.jpg
0.704252 0.083829 0.516812 255 68 68 R0 pano_camera6/frame_0191_hp_preview.jpg
0.701938 0.089614 0.156910 255 68 68 R0 pano_camera6/frame_0192_hp_preview.jpg
0.833211 0.083550 -0.094418 255 68 68 R0 pano_camera6/frame_0193_hp_preview.jpg
1.053187 0.074626 -0.377723 255 68 68 R0 pano_camera6/frame_0194_hp_preview.jpg
1.191413 0.080570 -0.590708 255 68 68 R0 pano_camera6/frame_0195_hp_preview.jpg
1.163202 0.070104 -0.795123 255 68 68 R0 pano_camera6/frame_0196_hp_preview.jpg
0.963391 0.076154 -1.166914 255 68 68 R0 pano_camera6/frame_0197_hp_preview.jpg
0.585483 0.098329 -1.646923 255 68 68 R0 pano_camera6/frame_0198_hp_preview.jpg
0.474940 0.105691 -1.787420 255 68 68 R0 pano_camera6/frame_0199_hp_preview.jpg
-0.148619 0.146384 -2.354038 255 68 68 R0 pano_camera6/frame_0200_hp_preview.jpg
-0.140633 0.192262 -2.447809 255 68 68 R0 pano_camera6/frame_0201_hp_preview.jpg
-0.174322 0.104995 -1.212152 255 68 68 R0 pano_camera6/frame_0226_hp_preview.jpg
-0.778925 0.098748 0.061098 255 68 68 R0 pano_camera6/frame_0240_hp_preview.jpg
-0.764224 0.090519 0.126777 255 68 68 R0 pano_camera6/frame_0241_hp_preview.jpg
-0.867233 0.082969 0.404170 255 68 68 R0 pano_camera6/frame_0242_hp_preview.jpg
-0.749073 0.078054 0.566301 255 68 68 R0 pano_camera6/frame_0243_hp_preview.jpg
-0.535704 0.074337 0.550878 255 68 68 R0 pano_camera6/frame_0244_hp_preview.jpg
-0.432282 0.069997 0.568491 255 68 68 R0 pano_camera6/frame_0245_hp_preview.jpg
-0.160506 0.042391 0.630561 255 68 68 R0 pano_camera6/frame_0246_hp_preview.jpg
-0.033270 0.049323 0.556112 255 68 68 R0 pano_camera6/frame_0247_hp_preview.jpg
0.282528 0.046903 0.628225 255 68 68 R0 pano_camera6/frame_0248_hp_preview.jpg
0.318159 0.044473 0.648071 255 68 68 R0 pano_camera6/frame_0249_hp_preview.jpg
0.945602 0.041192 1.114193 255 68 68 R0 pano_camera6/frame_0250_hp_preview.jpg
0.956014 0.039609 1.123685 255 68 68 R0 pano_camera6/frame_0251_hp_preview.jpg
1.259920 0.045706 1.545178 255 68 68 R0 pano_camera6/frame_0252_hp_preview.jpg
1.409057 0.058807 2.084302 255 68 68 R0 pano_camera6/frame_0253_hp_preview.jpg
1.137486 0.068605 2.410037 255 68 68 R0 pano_camera6/frame_0254_hp_preview.jpg
1.094873 0.065500 2.415532 255 68 68 R0 pano_camera6/frame_0255_hp_preview.jpg
0.662625 0.107878 2.060562 255 68 68 R0 pano_camera6/frame_0256_hp_preview.jpg
0.531920 0.235733 1.888068 255 68 68 R0 pano_camera6/frame_0257_hp_preview.jpg
0.482185 0.317673 1.822260 255 68 68 R0 pano_camera6/frame_0258_hp_preview.jpg
0.403493 0.392290 1.699741 255 68 68 R0 pano_camera6/frame_0259_hp_preview.jpg
0.221349 0.643243 1.429712 255 68 68 R0 pano_camera6/frame_0260_hp_preview.jpg
0.218686 0.646012 1.423470 255 68 68 R0 pano_camera6/frame_0261_hp_preview.jpg
0.004844 0.905873 1.163569 255 68 68 R0 pano_camera6/frame_0262_hp_preview.jpg
-0.005702 0.915260 1.157020 255 68 68 R0 pano_camera6/frame_0263_hp_preview.jpg
-0.111893 1.059595 1.020928 255 68 68 R0 pano_camera6/frame_0264_hp_preview.jpg
-0.275166 1.238245 0.816512 255 68 68 R0 pano_camera6/frame_0265_hp_preview.jpg
-0.322063 1.374093 0.591471 255 68 68 R0 pano_camera6/frame_0266_hp_preview.jpg
-0.309493 1.451328 0.382989 255 68 68 R0 pano_camera6/frame_0267_hp_preview.jpg
-0.108129 1.447113 0.150426 255 68 68 R0 pano_camera6/frame_0268_hp_preview.jpg
0.264577 1.456883 -0.214832 255 68 68 R0 pano_camera6/frame_0269_hp_preview.jpg
0.450532 1.476053 -0.369847 255 68 68 R0 pano_camera6/frame_0270_hp_preview.jpg
0.817942 1.471847 -0.631937 255 68 68 R0 pano_camera6/frame_0271_hp_preview.jpg
1.158138 1.477217 -0.881873 255 68 68 R0 pano_camera6/frame_0272_hp_preview.jpg
1.341065 1.488490 -1.028622 255 68 68 R0 pano_camera6/frame_0273_hp_preview.jpg
1.928815 1.487073 -1.476759 255 68 68 R0 pano_camera6/frame_0274_hp_preview.jpg
1.986951 1.491363 -1.533194 255 68 68 R0 pano_camera6/frame_0275_hp_preview.jpg
2.458254 1.497624 -1.906520 255 68 68 R0 pano_camera6/frame_0276_hp_preview.jpg
2.596594 1.504130 -2.033844 255 68 68 R0 pano_camera6/frame_0277_hp_preview.jpg
3.014425 1.524843 -2.441049 255 68 68 R0 pano_camera6/frame_0278_hp_preview.jpg
3.251617 1.523389 -2.611434 255 68 68 R0 pano_camera6/frame_0279_hp_preview.jpg
3.835351 1.532682 -3.113320 255 68 68 R0 pano_camera6/frame_0280_hp_preview.jpg
3.947866 1.531148 -3.195510 255 68 68 R0 pano_camera6/frame_0281_hp_preview.jpg
4.099238 1.527888 -3.349043 255 68 68 R0 pano_camera6/frame_0282_hp_preview.jpg
4.176778 1.528279 -3.583834 255 68 68 R0 pano_camera6/frame_0283_hp_preview.jpg
3.997356 1.524214 -3.970843 255 68 68 R0 pano_camera6/frame_0284_hp_preview.jpg
3.960140 1.522200 -3.997293 255 68 68 R0 pano_camera6/frame_0285_hp_preview.jpg
3.704675 1.524377 -4.202299 255 68 68 R0 pano_camera6/frame_0286_hp_preview.jpg
3.504299 1.539645 -4.209571 255 68 68 R0 pano_camera6/frame_0287_hp_preview.jpg
3.243080 1.549842 -4.223985 255 68 68 R0 pano_camera6/frame_0288_hp_preview.jpg
3.088049 1.556722 -4.299552 255 68 68 R0 pano_camera6/frame_0289_hp_preview.jpg
2.981451 1.558198 -4.553350 255 68 68 R0 pano_camera6/frame_0290_hp_preview.jpg
2.884206 1.554988 -5.101280 255 68 68 R0 pano_camera6/frame_0291_hp_preview.jpg
2.818818 1.557396 -5.313751 255 68 68 R0 pano_camera6/frame_0292_hp_preview.jpg
2.775887 1.554425 -5.490989 255 68 68 R0 pano_camera6/frame_0293_hp_preview.jpg
2.315027 1.546298 -5.935733 255 68 68 R0 pano_camera6/frame_0294_hp_preview.jpg
2.264872 1.547790 -5.947709 255 68 68 R0 pano_camera6/frame_0295_hp_preview.jpg
1.723418 1.540977 -5.754284 255 68 68 R0 pano_camera6/frame_0296_hp_preview.jpg
1.624198 1.542469 -5.408213 255 68 68 R0 pano_camera6/frame_0297_hp_preview.jpg
1.597258 1.527239 -5.098267 255 68 68 R0 pano_camera6/frame_0298_hp_preview.jpg
1.585726 1.530247 -4.856060 255 68 68 R0 pano_camera6/frame_0299_hp_preview.jpg
1.555475 1.529944 -4.393762 255 68 68 R0 pano_camera6/frame_0300_hp_preview.jpg
1.553432 1.511244 -4.074037 255 68 68 R0 pano_camera6/frame_0301_hp_preview.jpg
1.584404 1.503130 -3.753046 255 68 68 R0 pano_camera6/frame_0302_hp_preview.jpg
1.699431 1.510533 -3.315114 255 68 68 R0 pano_camera6/frame_0303_hp_preview.jpg
1.749438 1.503025 -3.091371 255 68 68 R0 pano_camera6/frame_0304_hp_preview.jpg
1.814175 1.490965 -2.563198 255 68 68 R0 pano_camera6/frame_0305_hp_preview.jpg
1.752886 1.475477 -2.037535 255 68 68 R0 pano_camera6/frame_0306_hp_preview.jpg
1.654567 1.465969 -1.704130 255 68 68 R0 pano_camera6/frame_0307_hp_preview.jpg
1.609135 1.471030 -1.627163 255 68 68 R0 pano_camera6/frame_0308_hp_preview.jpg
1.225313 1.469658 -1.342217 255 68 68 R0 pano_camera6/frame_0309_hp_preview.jpg
0.757066 1.482784 -1.347874 255 68 68 R0 pano_camera6/frame_0310_hp_preview.jpg
0.526358 1.473060 -1.568758 255 68 68 R0 pano_camera6/frame_0311_hp_preview.jpg
0.357550 1.490066 -1.983440 255 68 68 R0 pano_camera6/frame_0312_hp_preview.jpg
0.289116 1.495138 -2.294790 255 68 68 R0 pano_camera6/frame_0313_hp_preview.jpg
0.255509 1.498133 -2.576548 255 68 68 R0 pano_camera6/frame_0314_hp_preview.jpg
0.155154 1.509320 -3.263024 255 68 68 R0 pano_camera6/frame_0315_hp_preview.jpg
0.143178 1.513771 -3.312869 255 68 68 R0 pano_camera6/frame_0316_hp_preview.jpg
0.028010 1.510012 -3.749509 255 68 68 R0 pano_camera6/frame_0317_hp_preview.jpg
-0.249925 1.506099 -4.143118 255 68 68 R0 pano_camera6/frame_0318_hp_preview.jpg
-0.376818 1.507462 -4.153066 255 68 68 R0 pano_camera6/frame_0319_hp_preview.jpg
-0.721188 1.527914 -4.055952 255 68 68 R0 pano_camera6/frame_0320_hp_preview.jpg
-1.244412 1.525739 -3.575800 255 68 68 R0 pano_camera6/frame_0321_hp_preview.jpg
-1.272529 1.524663 -3.543411 255 68 68 R0 pano_camera6/frame_0322_hp_preview.jpg
-1.387568 1.506112 -3.077232 255 68 68 R0 pano_camera6/frame_0323_hp_preview.jpg
-1.329520 1.509214 -2.601324 255 68 68 R0 pano_camera6/frame_0324_hp_preview.jpg
-1.335802 1.501051 -2.553055 255 68 68 R0 pano_camera6/frame_0325_hp_preview.jpg
-1.552631 1.490776 -2.103437 255 68 68 R0 pano_camera6/frame_0326_hp_preview.jpg
-1.817730 1.487866 -2.053340 255 68 68 R0 pano_camera6/frame_0327_hp_preview.jpg
-1.952328 1.497543 -2.092796 255 68 68 R0 pano_camera6/frame_0328_hp_preview.jpg
-2.145747 1.503503 -2.230049 255 68 68 R0 pano_camera6/frame_0329_hp_preview.jpg
-2.499664 1.510679 -2.360870 255 68 68 R0 pano_camera6/frame_0330_hp_preview.jpg
-2.615981 1.508070 -2.271117 255 68 68 R0 pano_camera6/frame_0331_hp_preview.jpg
-2.464038 1.492557 -1.871364 255 68 68 R0 pano_camera6/frame_0332_hp_preview.jpg
-2.292425 1.483101 -1.743095 255 68 68 R0 pano_camera6/frame_0333_hp_preview.jpg
-2.025213 1.476200 -1.461122 255 68 68 R0 pano_camera6/frame_0334_hp_preview.jpg
-1.922968 1.476680 -1.283077 255 68 68 R0 pano_camera6/frame_0335_hp_preview.jpg
-1.799890 1.465342 -1.090283 255 68 68 R0 pano_camera6/frame_0336_hp_preview.jpg
-1.572635 1.451218 -0.631459 255 68 68 R0 pano_camera6/frame_0337_hp_preview.jpg
-1.461879 1.451423 -0.400655 255 68 68 R0 pano_camera6/frame_0338_hp_preview.jpg
-1.222477 1.438030 0.212414 255 68 68 R0 pano_camera6/frame_0339_hp_preview.jpg
-1.125927 1.458639 0.617103 255 68 68 R0 pano_camera6/frame_0340_hp_preview.jpg
-1.093086 1.451160 0.723656 255 68 68 R0 pano_camera6/frame_0341_hp_preview.jpg
-0.964542 1.449278 1.027956 255 68 68 R0 pano_camera6/frame_0342_hp_preview.jpg
-0.730749 1.450275 1.377142 255 68 68 R0 pano_camera6/frame_0343_hp_preview.jpg
-0.774606 1.454153 1.724941 255 68 68 R0 pano_camera6/frame_0344_hp_preview.jpg
-1.026706 1.456601 1.642285 255 68 68 R0 pano_camera6/frame_0345_hp_preview.jpg
-1.223953 1.454249 1.457920 255 68 68 R0 pano_camera6/frame_0346_hp_preview.jpg
-1.325764 1.455722 1.250673 255 68 68 R0 pano_camera6/frame_0347_hp_preview.jpg
-1.450971 1.459282 1.020627 255 68 68 R0 pano_camera6/frame_0348_hp_preview.jpg
-1.748582 1.455471 0.475965 255 68 68 R0 pano_camera6/frame_0349_hp_preview.jpg
-1.945842 1.444904 0.267652 255 68 68 R0 pano_camera6/frame_0350_hp_preview.jpg
-2.100483 1.442245 0.119809 255 68 68 R0 pano_camera6/frame_0351_hp_preview.jpg
-2.542075 1.447807 -0.083171 255 68 68 R0 pano_camera6/frame_0352_hp_preview.jpg
-2.763957 1.462014 -0.114614 255 68 68 R0 pano_camera6/frame_0353_hp_preview.jpg
-3.124105 1.470042 -0.286998 255 68 68 R0 pano_camera6/frame_0354_hp_preview.jpg
-3.239617 1.484295 -0.464226 255 68 68 R0 pano_camera6/frame_0355_hp_preview.jpg
-3.161677 1.497050 -0.883009 255 68 68 R0 pano_camera6/frame_0356_hp_preview.jpg
-3.089304 1.485857 -1.174244 255 68 68 R0 pano_camera6/frame_0357_hp_preview.jpg
-3.045756 1.468108 -1.257451 255 68 68 R0 pano_camera6/frame_0358_hp_preview.jpg
-3.014295 1.459244 -1.280682 255 68 68 R0 pano_camera6/frame_0359_hp_preview.jpg
-3.061850 1.474452 -1.286413 255 68 68 R0 pano_camera6/frame_0360_hp_preview.jpg
-3.061974 1.473454 -1.290629 255 68 68 R0 pano_camera6/frame_0361_hp_preview.jpg
-3.172174 1.484978 -1.556883 255 68 68 R0 pano_camera6/frame_0362_hp_preview.jpg
-3.305157 1.490606 -1.614581 255 68 68 R0 pano_camera6/frame_0363_hp_preview.jpg
-3.565978 1.520555 -1.630970 255 68 68 R0 pano_camera6/frame_0364_hp_preview.jpg
-3.646820 1.522175 -1.576396 255 68 68 R0 pano_camera6/frame_0365_hp_preview.jpg
-3.691516 1.509441 -1.178580 255 68 68 R0 pano_camera6/frame_0366_hp_preview.jpg
-3.668260 1.505471 -1.118610 255 68 68 R0 pano_camera6/frame_0367_hp_preview.jpg
-3.528005 1.488833 -0.815971 255 68 68 R0 pano_camera6/frame_0368_hp_preview.jpg
-3.227991 1.478111 -0.195250 255 68 68 R0 pano_camera6/frame_0369_hp_preview.jpg
-3.238599 1.447264 0.007752 255 68 68 R0 pano_camera6/frame_0370_hp_preview.jpg
-3.376980 1.476732 0.148832 255 68 68 R0 pano_camera6/frame_0371_hp_preview.jpg
-3.704466 1.474272 0.089011 255 68 68 R0 pano_camera6/frame_0372_hp_preview.jpg
-3.957223 1.488360 -0.163615 255 68 68 R0 pano_camera6/frame_0373_hp_preview.jpg
-4.567184 1.491510 -0.525108 255 68 68 R0 pano_camera6/frame_0374_hp_preview.jpg
-4.759316 1.501328 -0.536267 255 68 68 R0 pano_camera6/frame_0375_hp_preview.jpg
-4.981863 1.512080 -0.462007 255 68 68 R0 pano_camera6/frame_0376_hp_preview.jpg
-5.157384 1.516913 -0.369035 255 68 68 R0 pano_camera6/frame_0377_hp_preview.jpg
-5.660266 1.541748 0.019588 255 68 68 R0 pano_camera6/frame_0378_hp_preview.jpg
-5.776547 1.530214 0.167740 255 68 68 R0 pano_camera6/frame_0379_hp_preview.jpg
-5.893375 1.525366 0.394614 255 68 68 R0 pano_camera6/frame_0380_hp_preview.jpg
-5.955620 1.405872 0.414121 255 68 68 R0 pano_camera6/frame_0381_hp_preview.jpg
-5.980934 1.274478 0.564102 255 68 68 R0 pano_camera6/frame_0382_hp_preview.jpg
-5.933598 1.475691 0.831980 255 68 68 R0 pano_camera6/frame_0383_hp_preview.jpg
-5.904211 1.489194 0.830209 255 68 68 R0 pano_camera6/frame_0384_hp_preview.jpg
-5.743340 1.497526 1.027753 255 68 68 R0 pano_camera6/frame_0385_hp_preview.jpg
-5.425922 1.500465 1.469469 255 68 68 R0 pano_camera6/frame_0386_hp_preview.jpg
-5.300396 1.496372 1.688051 255 68 68 R0 pano_camera6/frame_0387_hp_preview.jpg
-4.846824 1.488123 2.330574 255 68 68 R0 pano_camera6/frame_0388_hp_preview.jpg
-4.524220 1.473900 2.718076 255 68 68 R0 pano_camera6/frame_0389_hp_preview.jpg
-4.378271 1.460964 2.860980 255 68 68 R0 pano_camera6/frame_0390_hp_preview.jpg
-3.963675 1.462091 3.051459 255 68 68 R0 pano_camera6/frame_0391_hp_preview.jpg
-3.879290 1.458982 3.006805 255 68 68 R0 pano_camera6/frame_0392_hp_preview.jpg
-3.919974 1.461274 2.817831 255 68 68 R0 pano_camera6/frame_0393_hp_preview.jpg
-4.091782 1.455106 2.675155 255 68 68 R0 pano_camera6/frame_0394_hp_preview.jpg
-4.387327 1.453072 2.446214 255 68 68 R0 pano_camera6/frame_0395_hp_preview.jpg
-4.598241 1.458694 2.121123 255 68 68 R0 pano_camera6/frame_0396_hp_preview.jpg
-4.401060 1.482305 1.697200 255 68 68 R0 pano_camera6/frame_0397_hp_preview.jpg
-4.264657 1.480358 1.594669 255 68 68 R0 pano_camera6/frame_0398_hp_preview.jpg
-3.786359 1.483645 1.574889 255 68 68 R0 pano_camera6/frame_0399_hp_preview.jpg
-3.409253 1.462762 1.928342 255 68 68 R0 pano_camera6/frame_0400_hp_preview.jpg
-3.133402 1.455602 2.227490 255 68 68 R0 pano_camera6/frame_0401_hp_preview.jpg
-3.112958 1.454386 2.245789 255 68 68 R0 pano_camera6/frame_0402_hp_preview.jpg
-2.856676 1.445371 2.533088 255 68 68 R0 pano_camera6/frame_0403_hp_preview.jpg
-2.335896 1.442742 2.525595 255 68 68 R0 pano_camera6/frame_0404_hp_preview.jpg
-2.307331 1.449089 2.495774 255 68 68 R0 pano_camera6/frame_0405_hp_preview.jpg
-2.154045 1.463712 2.038022 255 68 68 R0 pano_camera6/frame_0406_hp_preview.jpg
-2.418526 1.455347 1.678196 255 68 68 R0 pano_camera6/frame_0407_hp_preview.jpg
-2.563902 1.461813 1.494842 255 68 68 R0 pano_camera6/frame_0408_hp_preview.jpg
-2.675881 1.457182 1.363378 255 68 68 R0 pano_camera6/frame_0409_hp_preview.jpg
-2.786727 1.476768 1.018513 255 68 68 R0 pano_camera6/frame_0410_hp_preview.jpg
-2.465082 1.473182 0.481070 255 68 68 R0 pano_camera6/frame_0411_hp_preview.jpg
-2.403526 1.465663 0.423354 255 68 68 R0 pano_camera6/frame_0412_hp_preview.jpg
-2.271776 1.470770 0.240685 255 68 68 R0 pano_camera6/frame_0413_hp_preview.jpg
-2.292837 1.473176 0.235432 255 68 68 R0 pano_camera6/frame_0414_hp_preview.jpg
-2.294289 1.473496 0.236900 255 68 68 R0 pano_camera6/frame_0415_hp_preview.jpg
-2.290819 1.468938 0.235405 255 68 68 R0 pano_camera6/frame_0416_hp_preview.jpg
4.505905 0.035738 2.322182 255 68 68 R0 pano_camera7/frame_0140_hp_preview.jpg
4.633754 0.040949 2.449613 255 68 68 R0 pano_camera7/frame_0141_hp_preview.jpg
4.852375 0.036157 2.689930 255 68 68 R0 pano_camera7/frame_0142_hp_preview.jpg
5.009412 0.034598 2.788269 255 68 68 R0 pano_camera7/frame_0143_hp_preview.jpg
5.184954 0.051771 2.736436 255 68 68 R0 pano_camera7/frame_0144_hp_preview.jpg
5.243054 0.058257 2.559757 255 68 68 R0 pano_camera7/frame_0145_hp_preview.jpg
4.381634 0.040328 2.749370 255 68 68 R0 pano_camera7/frame_0157_hp_preview.jpg
4.244021 0.041620 2.835529 255 68 68 R0 pano_camera7/frame_0158_hp_preview.jpg
4.195019 0.045573 2.933363 255 68 68 R0 pano_camera7/frame_0159_hp_preview.jpg
3.947154 0.029594 3.542225 255 68 68 R0 pano_camera7/frame_0160_hp_preview.jpg
3.740070 0.024292 3.804455 255 68 68 R0 pano_camera7/frame_0161_hp_preview.jpg
3.439175 0.033516 4.094078 255 68 68 R0 pano_camera7/frame_0162_hp_preview.jpg
3.231989 0.037171 4.254176 255 68 68 R0 pano_camera7/frame_0163_hp_preview.jpg
3.007012 0.044772 4.396821 255 68 68 R0 pano_camera7/frame_0164_hp_preview.jpg
2.609606 0.046694 4.384396 255 68 68 R0 pano_camera7/frame_0165_hp_preview.jpg
2.448352 0.046235 4.251542 255 68 68 R0 pano_camera7/frame_0166_hp_preview.jpg
2.201123 0.052342 3.892098 255 68 68 R0 pano_camera7/frame_0167_hp_preview.jpg
2.252838 0.049931 3.505309 255 68 68 R0 pano_camera7/frame_0168_hp_preview.jpg
2.342631 0.061539 3.389177 255 68 68 R0 pano_camera7/frame_0169_hp_preview.jpg
2.877618 0.049920 2.856267 255 68 68 R0 pano_camera7/frame_0170_hp_preview.jpg
2.950096 0.064138 2.786802 255 68 68 R0 pano_camera7/frame_0171_hp_preview.jpg
3.289303 0.050566 2.460626 255 68 68 R0 pano_camera7/frame_0172_hp_preview.jpg
3.366090 0.061453 2.080390 255 68 68 R0 pano_camera7/frame_0173_hp_preview.jpg
3.161372 0.070585 1.744957 255 68 68 R0 pano_camera7/frame_0174_hp_preview.jpg
3.152255 0.073600 1.739504 255 68 68 R0 pano_camera7/frame_0175_hp_preview.jpg
2.720897 0.069080 1.645688 255 68 68 R0 pano_camera7/frame_0176_hp_preview.jpg
2.476814 0.078871 1.694650 255 68 68 R0 pano_camera7/frame_0177_hp_preview.jpg
2.014972 0.078715 1.712952 255 68 68 R0 pano_camera7/frame_0178_hp_preview.jpg
1.693302 0.084062 1.465020 255 68 68 R0 pano_camera7/frame_0179_hp_preview.jpg
1.650952 0.084319 1.271426 255 68 68 R0 pano_camera7/frame_0180_hp_preview.jpg
1.782735 0.070512 1.033359 255 68 68 R0 pano_camera7/frame_0181_hp_preview.jpg
1.977752 0.068407 0.871726 255 68 68 R0 pano_camera7/frame_0182_hp_preview.jpg
2.202049 0.079923 0.552393 255 68 68 R0 pano_camera7/frame_0183_hp_preview.jpg
2.050367 0.070293 0.403842 255 68 68 R0 pano_camera7/frame_0184_hp_preview.jpg
1.896727 0.071694 0.452878 255 68 68 R0 pano_camera7/frame_0185_hp_preview.jpg
1.703856 0.066756 0.597011 255 68 68 R0 pano_camera7/frame_0186_hp_preview.jpg
1.505284 0.067502 0.732828 255 68 68 R0 pano_camera7/frame_0187_hp_preview.jpg
1.205752 0.070746 0.837863 255 68 68 R0 pano_camera7/frame_0188_hp_preview.jpg
0.902396 0.073690 0.750225 255 68 68 R0 pano_camera7/frame_0189_hp_preview.jpg
0.871523 0.079577 0.731225 255 68 68 R0 pano_camera7/frame_0190_hp_preview.jpg
0.704252 0.083829 0.516812 255 68 68 R0 pano_camera7/frame_0191_hp_preview.jpg
0.701938 0.089614 0.156910 255 68 68 R0 pano_camera7/frame_0192_hp_preview.jpg
0.833211 0.083550 -0.094418 255 68 68 R0 pano_camera7/frame_0193_hp_preview.jpg
1.053187 0.074626 -0.377723 255 68 68 R0 pano_camera7/frame_0194_hp_preview.jpg
1.191413 0.080570 -0.590708 255 68 68 R0 pano_camera7/frame_0195_hp_preview.jpg
1.163202 0.070104 -0.795123 255 68 68 R0 pano_camera7/frame_0196_hp_preview.jpg
0.963391 0.076154 -1.166914 255 68 68 R0 pano_camera7/frame_0197_hp_preview.jpg
0.585483 0.098329 -1.646923 255 68 68 R0 pano_camera7/frame_0198_hp_preview.jpg
0.474940 0.105691 -1.787420 255 68 68 R0 pano_camera7/frame_0199_hp_preview.jpg
-0.148619 0.146384 -2.354038 255 68 68 R0 pano_camera7/frame_0200_hp_preview.jpg
-0.140633 0.192262 -2.447809 255 68 68 R0 pano_camera7/frame_0201_hp_preview.jpg
-0.174322 0.104995 -1.212152 255 68 68 R0 pano_camera7/frame_0226_hp_preview.jpg
-0.778925 0.098748 0.061098 255 68 68 R0 pano_camera7/frame_0240_hp_preview.jpg
-0.764224 0.090519 0.126777 255 68 68 R0 pano_camera7/frame_0241_hp_preview.jpg
-0.867233 0.082969 0.404170 255 68 68 R0 pano_camera7/frame_0242_hp_preview.jpg
-0.749073 0.078054 0.566301 255 68 68 R0 pano_camera7/frame_0243_hp_preview.jpg
-0.535704 0.074337 0.550878 255 68 68 R0 pano_camera7/frame_0244_hp_preview.jpg
-0.432282 0.069997 0.568491 255 68 68 R0 pano_camera7/frame_0245_hp_preview.jpg
-0.160506 0.042391 0.630561 255 68 68 R0 pano_camera7/frame_0246_hp_preview.jpg
-0.033270 0.049323 0.556112 255 68 68 R0 pano_camera7/frame_0247_hp_preview.jpg
0.282528 0.046903 0.628225 255 68 68 R0 pano_camera7/frame_0248_hp_preview.jpg
0.318159 0.044473 0.648071 255 68 68 R0 pano_camera7/frame_0249_hp_preview.jpg
0.945602 0.041192 1.114193 255 68 68 R0 pano_camera7/frame_0250_hp_preview.jpg
0.956014 0.039609 1.123685 255 68 68 R0 pano_camera7/frame_0251_hp_preview.jpg
1.259920 0.045706 1.545178 255 68 68 R0 pano_camera7/frame_0252_hp_preview.jpg
1.409057 0.058807 2.084302 255 68 68 R0 pano_camera7/frame_0253_hp_preview.jpg
1.137486 0.068605 2.410037 255 68 68 R0 pano_camera7/frame_0254_hp_preview.jpg
1.094873 0.065500 2.415532 255 68 68 R0 pano_camera7/frame_0255_hp_preview.jpg
0.662625 0.107878 2.060562 255 68 68 R0 pano_camera7/frame_0256_hp_preview.jpg
0.531920 0.235733 1.888068 255 68 68 R0 pano_camera7/frame_0257_hp_preview.jpg
0.482185 0.317673 1.822260 255 68 68 R0 pano_camera7/frame_0258_hp_preview.jpg
0.403493 0.392290 1.699741 255 68 68 R0 pano_camera7/frame_0259_hp_preview.jpg
0.221349 0.643243 1.429712 255 68 68 R0 pano_camera7/frame_0260_hp_preview.jpg
0.218686 0.646012 1.423470 255 68 68 R0 pano_camera7/frame_0261_hp_preview.jpg
0.004844 0.905873 1.163569 255 68 68 R0 pano_camera7/frame_0262_hp_preview.jpg
-0.005702 0.915260 1.157020 255 68 68 R0 pano_camera7/frame_0263_hp_preview.jpg
-0.111893 1.059595 1.020928 255 68 68 R0 pano_camera7/frame_0264_hp_preview.jpg
-0.275166 1.238245 0.816512 255 68 68 R0 pano_camera7/frame_0265_hp_preview.jpg
-0.322063 1.374093 0.591471 255 68 68 R0 pano_camera7/frame_0266_hp_preview.jpg
-0.309493 1.451328 0.382989 255 68 68 R0 pano_camera7/frame_0267_hp_preview.jpg
-0.108129 1.447113 0.150426 255 68 68 R0 pano_camera7/frame_0268_hp_preview.jpg
0.264577 1.456883 -0.214832 255 68 68 R0 pano_camera7/frame_0269_hp_preview.jpg
0.450532 1.476053 -0.369847 255 68 68 R0 pano_camera7/frame_0270_hp_preview.jpg
0.817942 1.471847 -0.631937 255 68 68 R0 pano_camera7/frame_0271_hp_preview.jpg
1.158138 1.477217 -0.881873 255 68 68 R0 pano_camera7/frame_0272_hp_preview.jpg
1.341065 1.488490 -1.028622 255 68 68 R0 pano_camera7/frame_0273_hp_preview.jpg
1.928815 1.487073 -1.476759 255 68 68 R0 pano_camera7/frame_0274_hp_preview.jpg
1.986951 1.491363 -1.533194 255 68 68 R0 pano_camera7/frame_0275_hp_preview.jpg
2.458254 1.497624 -1.906520 255 68 68 R0 pano_camera7/frame_0276_hp_preview.jpg
2.596594 1.504130 -2.033844 255 68 68 R0 pano_camera7/frame_0277_hp_preview.jpg
3.014425 1.524843 -2.441049 255 68 68 R0 pano_camera7/frame_0278_hp_preview.jpg
3.251617 1.523389 -2.611434 255 68 68 R0 pano_camera7/frame_0279_hp_preview.jpg
3.835351 1.532682 -3.113320 255 68 68 R0 pano_camera7/frame_0280_hp_preview.jpg
3.947866 1.531148 -3.195510 255 68 68 R0 pano_camera7/frame_0281_hp_preview.jpg
4.099238 1.527888 -3.349043 255 68 68 R0 pano_camera7/frame_0282_hp_preview.jpg
4.176778 1.528279 -3.583834 255 68 68 R0 pano_camera7/frame_0283_hp_preview.jpg
3.997356 1.524214 -3.970843 255 68 68 R0 pano_camera7/frame_0284_hp_preview.jpg
3.960140 1.522200 -3.997293 255 68 68 R0 pano_camera7/frame_0285_hp_preview.jpg
3.704675 1.524377 -4.202299 255 68 68 R0 pano_camera7/frame_0286_hp_preview.jpg
3.504299 1.539645 -4.209571 255 68 68 R0 pano_camera7/frame_0287_hp_preview.jpg
3.243080 1.549842 -4.223985 255 68 68 R0 pano_camera7/frame_0288_hp_preview.jpg
3.088049 1.556722 -4.299552 255 68 68 R0 pano_camera7/frame_0289_hp_preview.jpg
2.981451 1.558198 -4.553350 255 68 68 R0 pano_camera7/frame_0290_hp_preview.jpg
2.884206 1.554988 -5.101280 255 68 68 R0 pano_camera7/frame_0291_hp_preview.jpg
2.818818 1.557396 -5.313751 255 68 68 R0 pano_camera7/frame_0292_hp_preview.jpg
2.775887 1.554425 -5.490989 255 68 68 R0 pano_camera7/frame_0293_hp_preview.jpg
2.315027 1.546298 -5.935733 255 68 68 R0 pano_camera7/frame_0294_hp_preview.jpg
2.264872 1.547790 -5.947709 255 68 68 R0 pano_camera7/frame_0295_hp_preview.jpg
1.723418 1.540977 -5.754284 255 68 68 R0 pano_camera7/frame_0296_hp_preview.jpg
1.624198 1.542469 -5.408213 255 68 68 R0 pano_camera7/frame_0297_hp_preview.jpg
1.597258 1.527239 -5.098267 255 68 68 R0 pano_camera7/frame_0298_hp_preview.jpg
1.585726 1.530247 -4.856060 255 68 68 R0 pano_camera7/frame_0299_hp_preview.jpg
1.555475 1.529944 -4.393762 255 68 68 R0 pano_camera7/frame_0300_hp_preview.jpg
1.553432 1.511244 -4.074037 255 68 68 R0 pano_camera7/frame_0301_hp_preview.jpg
1.584404 1.503130 -3.753046 255 68 68 R0 pano_camera7/frame_0302_hp_preview.jpg
1.699431 1.510533 -3.315114 255 68 68 R0 pano_camera7/frame_0303_hp_preview.jpg
1.749438 1.503025 -3.091371 255 68 68 R0 pano_camera7/frame_0304_hp_preview.jpg
1.814175 1.490965 -2.563198 255 68 68 R0 pano_camera7/frame_0305_hp_preview.jpg
1.752886 1.475477 -2.037535 255 68 68 R0 pano_camera7/frame_0306_hp_preview.jpg
1.654567 1.465969 -1.704130 255 68 68 R0 pano_camera7/frame_0307_hp_preview.jpg
1.609135 1.471030 -1.627163 255 68 68 R0 pano_camera7/frame_0308_hp_preview.jpg
1.225313 1.469658 -1.342217 255 68 68 R0 pano_camera7/frame_0309_hp_preview.jpg
0.757066 1.482784 -1.347874 255 68 68 R0 pano_camera7/frame_0310_hp_preview.jpg
0.526358 1.473060 -1.568758 255 68 68 R0 pano_camera7/frame_0311_hp_preview.jpg
0.357550 1.490066 -1.983440 255 68 68 R0 pano_camera7/frame_0312_hp_preview.jpg
0.289116 1.495138 -2.294790 255 68 68 R0 pano_camera7/frame_0313_hp_preview.jpg
0.255509 1.498133 -2.576548 255 68 68 R0 pano_camera7/frame_0314_hp_preview.jpg
0.155154 1.509320 -3.263024 255 68 68 R0 pano_camera7/frame_0315_hp_preview.jpg
0.143178 1.513771 -3.312869 255 68 68 R0 pano_camera7/frame_0316_hp_preview.jpg
0.028010 1.510012 -3.749509 255 68 68 R0 pano_camera7/frame_0317_hp_preview.jpg
-0.249925 1.506099 -4.143118 255 68 68 R0 pano_camera7/frame_0318_hp_preview.jpg
-0.376818 1.507462 -4.153066 255 68 68 R0 pano_camera7/frame_0319_hp_preview.jpg
-0.721188 1.527914 -4.055952 255 68 68 R0 pano_camera7/frame_0320_hp_preview.jpg
-1.244412 1.525739 -3.575800 255 68 68 R0 pano_camera7/frame_0321_hp_preview.jpg
-1.272529 1.524663 -3.543411 255 68 68 R0 pano_camera7/frame_0322_hp_preview.jpg
-1.387568 1.506112 -3.077232 255 68 68 R0 pano_camera7/frame_0323_hp_preview.jpg
-1.329520 1.509214 -2.601324 255 68 68 R0 pano_camera7/frame_0324_hp_preview.jpg
-1.335802 1.501051 -2.553055 255 68 68 R0 pano_camera7/frame_0325_hp_preview.jpg
-1.552631 1.490776 -2.103437 255 68 68 R0 pano_camera7/frame_0326_hp_preview.jpg
-1.817730 1.487866 -2.053340 255 68 68 R0 pano_camera7/frame_0327_hp_preview.jpg
-1.952328 1.497543 -2.092796 255 68 68 R0 pano_camera7/frame_0328_hp_preview.jpg
-2.145747 1.503503 -2.230049 255 68 68 R0 pano_camera7/frame_0329_hp_preview.jpg
-2.499664 1.510679 -2.360870 255 68 68 R0 pano_camera7/frame_0330_hp_preview.jpg
-2.615981 1.508070 -2.271117 255 68 68 R0 pano_camera7/frame_0331_hp_preview.jpg
-2.464038 1.492557 -1.871364 255 68 68 R0 pano_camera7/frame_0332_hp_preview.jpg
-2.292425 1.483101 -1.743095 255 68 68 R0 pano_camera7/frame_0333_hp_preview.jpg
-2.025213 1.476200 -1.461122 255 68 68 R0 pano_camera7/frame_0334_hp_preview.jpg
-1.922968 1.476680 -1.283077 255 68 68 R0 pano_camera7/frame_0335_hp_preview.jpg
-1.799890 1.465342 -1.090283 255 68 68 R0 pano_camera7/frame_0336_hp_preview.jpg
-1.572635 1.451218 -0.631459 255 68 68 R0 pano_camera7/frame_0337_hp_preview.jpg
-1.461879 1.451423 -0.400655 255 68 68 R0 pano_camera7/frame_0338_hp_preview.jpg
-1.222477 1.438030 0.212414 255 68 68 R0 pano_camera7/frame_0339_hp_preview.jpg
-1.125927 1.458639 0.617103 255 68 68 R0 pano_camera7/frame_0340_hp_preview.jpg
-1.093086 1.451160 0.723656 255 68 68 R0 pano_camera7/frame_0341_hp_preview.jpg
-0.964542 1.449278 1.027956 255 68 68 R0 pano_camera7/frame_0342_hp_preview.jpg
-0.730749 1.450275 1.377142 255 68 68 R0 pano_camera7/frame_0343_hp_preview.jpg
-0.774606 1.454153 1.724941 255 68 68 R0 pano_camera7/frame_0344_hp_preview.jpg
-1.026706 1.456601 1.642285 255 68 68 R0 pano_camera7/frame_0345_hp_preview.jpg
-1.223953 1.454249 1.457920 255 68 68 R0 pano_camera7/frame_0346_hp_preview.jpg
-1.325764 1.455722 1.250673 255 68 68 R0 pano_camera7/frame_0347_hp_preview.jpg
-1.450971 1.459282 1.020627 255 68 68 R0 pano_camera7/frame_0348_hp_preview.jpg
-1.748582 1.455471 0.475965 255 68 68 R0 pano_camera7/frame_0349_hp_preview.jpg
-1.945842 1.444904 0.267652 255 68 68 R0 pano_camera7/frame_0350_hp_preview.jpg
-2.100483 1.442245 0.119809 255 68 68 R0 pano_camera7/frame_0351_hp_preview.jpg
-2.542075 1.447807 -0.083171 255 68 68 R0 pano_camera7/frame_0352_hp_preview.jpg
-2.763957 1.462014 -0.114614 255 68 68 R0 pano_camera7/frame_0353_hp_preview.jpg
-3.124105 1.470042 -0.286998 255 68 68 R0 pano_camera7/frame_0354_hp_preview.jpg
-3.239617 1.484295 -0.464226 255 68 68 R0 pano_camera7/frame_0355_hp_preview.jpg
-3.161677 1.497050 -0.883009 255 68 68 R0 pano_camera7/frame_0356_hp_preview.jpg
-3.089304 1.485857 -1.174244 255 68 68 R0 pano_camera7/frame_0357_hp_preview.jpg
-3.045756 1.468108 -1.257451 255 68 68 R0 pano_camera7/frame_0358_hp_preview.jpg
-3.014295 1.459244 -1.280682 255 68 68 R0 pano_camera7/frame_0359_hp_preview.jpg
-3.061850 1.474452 -1.286413 255 68 68 R0 pano_camera7/frame_0360_hp_preview.jpg
-3.061974 1.473454 -1.290629 255 68 68 R0 pano_camera7/frame_0361_hp_preview.jpg
-3.172174 1.484978 -1.556883 255 68 68 R0 pano_camera7/frame_0362_hp_preview.jpg
-3.305157 1.490606 -1.614581 255 68 68 R0 pano_camera7/frame_0363_hp_preview.jpg
-3.565978 1.520555 -1.630970 255 68 68 R0 pano_camera7/frame_0364_hp_preview.jpg
-3.646820 1.522175 -1.576396 255 68 68 R0 pano_camera7/frame_0365_hp_preview.jpg
-3.691516 1.509441 -1.178580 255 68 68 R0 pano_camera7/frame_0366_hp_preview.jpg
-3.668260 1.505471 -1.118610 255 68 68 R0 pano_camera7/frame_0367_hp_preview.jpg
-3.528005 1.488833 -0.815971 255 68 68 R0 pano_camera7/frame_0368_hp_preview.jpg
-3.227991 1.478111 -0.195250 255 68 68 R0 pano_camera7/frame_0369_hp_preview.jpg
-3.238599 1.447264 0.007752 255 68 68 R0 pano_camera7/frame_0370_hp_preview.jpg
-3.376980 1.476732 0.148832 255 68 68 R0 pano_camera7/frame_0371_hp_preview.jpg
-3.704466 1.474272 0.089011 255 68 68 R0 pano_camera7/frame_0372_hp_preview.jpg
-3.957223 1.488360 -0.163615 255 68 68 R0 pano_camera7/frame_0373_hp_preview.jpg
-4.567184 1.491510 -0.525108 255 68 68 R0 pano_camera7/frame_0374_hp_preview.jpg
-4.759316 1.501328 -0.536267 255 68 68 R0 pano_camera7/frame_0375_hp_preview.jpg
-4.981863 1.512080 -0.462007 255 68 68 R0 pano_camera7/frame_0376_hp_preview.jpg
-5.157384 1.516913 -0.369035 255 68 68 R0 pano_camera7/frame_0377_hp_preview.jpg
-5.660266 1.541748 0.019588 255 68 68 R0 pano_camera7/frame_0378_hp_preview.jpg
-5.776547 1.530214 0.167740 255 68 68 R0 pano_camera7/frame_0379_hp_preview.jpg
-5.893375 1.525366 0.394614 255 68 68 R0 pano_camera7/frame_0380_hp_preview.jpg
-5.955620 1.405872 0.414121 255 68 68 R0 pano_camera7/frame_0381_hp_preview.jpg
-5.980934 1.274478 0.564102 255 68 68 R0 pano_camera7/frame_0382_hp_preview.jpg
-5.933598 1.475691 0.831980 255 68 68 R0 pano_camera7/frame_0383_hp_preview.jpg
-5.904211 1.489194 0.830209 255 68 68 R0 pano_camera7/frame_0384_hp_preview.jpg
-5.743340 1.497526 1.027753 255 68 68 R0 pano_camera7/frame_0385_hp_preview.jpg
-5.425922 1.500465 1.469469 255 68 68 R0 pano_camera7/frame_0386_hp_preview.jpg
-5.300396 1.496372 1.688051 255 68 68 R0 pano_camera7/frame_0387_hp_preview.jpg
-4.846824 1.488123 2.330574 255 68 68 R0 pano_camera7/frame_0388_hp_preview.jpg
-4.524220 1.473900 2.718076 255 68 68 R0 pano_camera7/frame_0389_hp_preview.jpg
-4.378271 1.460964 2.860980 255 68 68 R0 pano_camera7/frame_0390_hp_preview.jpg
-3.963675 1.462091 3.051459 255 68 68 R0 pano_camera7/frame_0391_hp_preview.jpg
-3.879290 1.458982 3.006805 255 68 68 R0 pano_camera7/frame_0392_hp_preview.jpg
-3.919974 1.461274 2.817831 255 68 68 R0 pano_camera7/frame_0393_hp_preview.jpg
-4.091782 1.455106 2.675155 255 68 68 R0 pano_camera7/frame_0394_hp_preview.jpg
-4.387327 1.453072 2.446214 255 68 68 R0 pano_camera7/frame_0395_hp_preview.jpg
-4.598241 1.458694 2.121123 255 68 68 R0 pano_camera7/frame_0396_hp_preview.jpg
-4.401060 1.482305 1.697200 255 68 68 R0 pano_camera7/frame_0397_hp_preview.jpg
-4.264657 1.480358 1.594669 255 68 68 R0 pano_camera7/frame_0398_hp_preview.jpg
-3.786359 1.483645 1.574889 255 68 68 R0 pano_camera7/frame_0399_hp_preview.jpg
-3.409253 1.462762 1.928342 255 68 68 R0 pano_camera7/frame_0400_hp_preview.jpg
-3.133402 1.455602 2.227490 255 68 68 R0 pano_camera7/frame_0401_hp_preview.jpg
-3.112958 1.454386 2.245789 255 68 68 R0 pano_camera7/frame_0402_hp_preview.jpg
-2.856676 1.445371 2.533088 255 68 68 R0 pano_camera7/frame_0403_hp_preview.jpg
-2.335896 1.442742 2.525595 255 68 68 R0 pano_camera7/frame_0404_hp_preview.jpg
-2.307331 1.449089 2.495774 255 68 68 R0 pano_camera7/frame_0405_hp_preview.jpg
-2.154045 1.463712 2.038022 255 68 68 R0 pano_camera7/frame_0406_hp_preview.jpg
-2.418526 1.455347 1.678196 255 68 68 R0 pano_camera7/frame_0407_hp_preview.jpg
-2.563902 1.461813 1.494842 255 68 68 R0 pano_camera7/frame_0408_hp_preview.jpg
-2.675881 1.457182 1.363378 255 68 68 R0 pano_camera7/frame_0409_hp_preview.jpg
-2.786727 1.476768 1.018513 255 68 68 R0 pano_camera7/frame_0410_hp_preview.jpg
-2.465082 1.473182 0.481070 255 68 68 R0 pano_camera7/frame_0411_hp_preview.jpg
-2.403526 1.465663 0.423354 255 68 68 R0 pano_camera7/frame_0412_hp_preview.jpg
-2.271776 1.470770 0.240685 255 68 68 R0 pano_camera7/frame_0413_hp_preview.jpg
-2.292837 1.473176 0.235432 255 68 68 R0 pano_camera7/frame_0414_hp_preview.jpg
-2.294289 1.473496 0.236900 255 68 68 R0 pano_camera7/frame_0415_hp_preview.jpg
-2.290819 1.468938 0.235405 255 68 68 R0 pano_camera7/frame_0416_hp_preview.jpg

# Object R1: Green (720 points)
# Transform: Pos(-0.227, -0.060, 0.215) Scale(1.000, 1.000, 1.000) Quat(-0.012, 0.999, 0.009, 0.053)
0.687680 -0.320107 -2.453384 68 255 68 R1 pano_camera0/frame_0000_hp_preview.jpg
-0.550835 -0.354993 -3.030336 68 255 68 R1 pano_camera0/frame_0002_hp_preview.jpg
-1.188899 -0.313951 -3.313865 68 255 68 R1 pano_camera0/frame_0003_hp_preview.jpg
-1.534628 -0.291838 -3.477649 68 255 68 R1 pano_camera0/frame_0004_hp_preview.jpg
-1.578960 -0.041985 -3.646316 68 255 68 R1 pano_camera0/frame_0005_hp_preview.jpg
-1.413882 -0.102891 -3.443732 68 255 68 R1 pano_camera0/frame_0006_hp_preview.jpg
-1.373103 -0.193171 -3.307060 68 255 68 R1 pano_camera0/frame_0007_hp_preview.jpg
-1.368761 -0.194130 -3.315617 68 255 68 R1 pano_camera0/frame_0008_hp_preview.jpg
-1.367755 -0.181023 -3.370413 68 255 68 R1 pano_camera0/frame_0009_hp_preview.jpg
-1.371555 -0.177663 -3.374350 68 255 68 R1 pano_camera0/frame_0010_hp_preview.jpg
-1.391207 -0.164625 -3.368763 68 255 68 R1 pano_camera0/frame_0011_hp_preview.jpg
-1.339126 -0.198110 -3.363341 68 255 68 R1 pano_camera0/frame_0012_hp_preview.jpg
-1.382534 -0.188821 -3.290630 68 255 68 R1 pano_camera0/frame_0013_hp_preview.jpg
-1.434051 0.027712 -3.393744 68 255 68 R1 pano_camera0/frame_0014_hp_preview.jpg
-1.504142 0.022838 -3.388659 68 255 68 R1 pano_camera0/frame_0015_hp_preview.jpg
-1.505964 0.041432 -3.319814 68 255 68 R1 pano_camera0/frame_0016_hp_preview.jpg
-1.133768 0.032792 -3.153929 68 255 68 R1 pano_camera0/frame_0017_hp_preview.jpg
-0.719132 0.035962 -2.916588 68 255 68 R1 pano_camera0/frame_0018_hp_preview.jpg
-0.495507 0.036485 -2.686905 68 255 68 R1 pano_camera0/frame_0019_hp_preview.jpg
-0.347047 0.038336 -2.360283 68 255 68 R1 pano_camera0/frame_0020_hp_preview.jpg
-0.312655 0.022563 -1.765351 68 255 68 R1 pano_camera0/frame_0021_hp_preview.jpg
-0.325226 0.004530 -0.778586 68 255 68 R1 pano_camera0/frame_0022_hp_preview.jpg
-0.292793 -0.011953 -0.353302 68 255 68 R1 pano_camera0/frame_0023_hp_preview.jpg
-0.336007 -0.016826 -0.049656 68 255 68 R1 pano_camera0/frame_0024_hp_preview.jpg
-0.632026 -0.015078 0.429238 68 255 68 R1 pano_camera0/frame_0025_hp_preview.jpg
-0.956879 0.005621 0.634006 68 255 68 R1 pano_camera0/frame_0026_hp_preview.jpg
-1.250859 0.007875 0.699297 68 255 68 R1 pano_camera0/frame_0027_hp_preview.jpg
-0.687221 -0.009185 1.041289 68 255 68 R1 pano_camera0/frame_0028_hp_preview.jpg
0.063259 -0.001654 1.277228 68 255 68 R1 pano_camera0/frame_0029_hp_preview.jpg
0.735764 -0.007282 1.540118 68 255 68 R1 pano_camera0/frame_0030_hp_preview.jpg
1.143012 0.005491 1.849647 68 255 68 R1 pano_camera0/frame_0031_hp_preview.jpg
1.163032 -0.011636 2.329074 68 255 68 R1 pano_camera0/frame_0032_hp_preview.jpg
1.011262 -0.022588 2.575273 68 255 68 R1 pano_camera0/frame_0033_hp_preview.jpg
0.195828 -0.002687 2.840040 68 255 68 R1 pano_camera0/frame_0034_hp_preview.jpg
-0.035203 -0.000344 2.748663 68 255 68 R1 pano_camera0/frame_0035_hp_preview.jpg
-0.597926 -0.018277 2.479994 68 255 68 R1 pano_camera0/frame_0036_hp_preview.jpg
-1.045888 -0.000786 2.339321 68 255 68 R1 pano_camera0/frame_0037_hp_preview.jpg
-1.464354 -0.008169 2.215734 68 255 68 R1 pano_camera0/frame_0038_hp_preview.jpg
-2.226182 -0.044884 2.384109 68 255 68 R1 pano_camera0/frame_0039_hp_preview.jpg
-2.603681 -0.022293 2.699757 68 255 68 R1 pano_camera0/frame_0040_hp_preview.jpg
-2.657181 -0.013815 2.771274 68 255 68 R1 pano_camera0/frame_0041_hp_preview.jpg
-3.091600 -0.030586 3.365577 68 255 68 R1 pano_camera0/frame_0042_hp_preview.jpg
-3.496735 0.076441 3.657370 68 255 68 R1 pano_camera0/frame_0043_hp_preview.jpg
-3.930803 0.073627 3.500201 68 255 68 R1 pano_camera0/frame_0044_hp_preview.jpg
-4.580217 0.056192 3.403207 68 255 68 R1 pano_camera0/frame_0045_hp_preview.jpg
-4.739053 0.052608 3.596497 68 255 68 R1 pano_camera0/frame_0046_hp_preview.jpg
-4.719239 0.043157 3.689206 68 255 68 R1 pano_camera0/frame_0047_hp_preview.jpg
-4.565514 0.052420 3.914642 68 255 68 R1 pano_camera0/frame_0048_hp_preview.jpg
-3.986570 0.063390 4.233771 68 255 68 R1 pano_camera0/frame_0049_hp_preview.jpg
-3.178282 0.066438 4.355308 68 255 68 R1 pano_camera0/frame_0050_hp_preview.jpg
-3.142976 0.070520 4.355970 68 255 68 R1 pano_camera0/frame_0051_hp_preview.jpg
-2.329062 0.059061 4.565861 68 255 68 R1 pano_camera0/frame_0052_hp_preview.jpg
-2.156541 -0.036047 4.694217 68 255 68 R1 pano_camera0/frame_0053_hp_preview.jpg
-1.997306 -0.038886 5.032015 68 255 68 R1 pano_camera0/frame_0054_hp_preview.jpg
-1.246431 -0.052127 5.422872 68 255 68 R1 pano_camera0/frame_0055_hp_preview.jpg
-0.859146 -0.033535 5.412631 68 255 68 R1 pano_camera0/frame_0056_hp_preview.jpg
-0.446635 -0.037009 5.351386 68 255 68 R1 pano_camera0/frame_0057_hp_preview.jpg
-0.178842 -0.035959 5.315553 68 255 68 R1 pano_camera0/frame_0058_hp_preview.jpg
0.141329 -0.050164 4.997799 68 255 68 R1 pano_camera0/frame_0059_hp_preview.jpg
0.458890 -0.026324 4.468872 68 255 68 R1 pano_camera0/frame_0060_hp_preview.jpg
0.629525 -0.012493 4.200754 68 255 68 R1 pano_camera0/frame_0061_hp_preview.jpg
1.001783 -0.035129 3.277041 68 255 68 R1 pano_camera0/frame_0062_hp_preview.jpg
1.300924 -0.016095 2.588447 68 255 68 R1 pano_camera0/frame_0063_hp_preview.jpg
1.355219 -0.012330 2.463841 68 255 68 R1 pano_camera0/frame_0064_hp_preview.jpg
1.928092 -0.025756 1.751314 68 255 68 R1 pano_camera0/frame_0065_hp_preview.jpg
2.127111 -0.020842 1.638864 68 255 68 R1 pano_camera0/frame_0066_hp_preview.jpg
2.728192 -0.020876 1.064457 68 255 68 R1 pano_camera0/frame_0067_hp_preview.jpg
3.118305 -0.005037 0.371362 68 255 68 R1 pano_camera0/frame_0068_hp_preview.jpg
3.173934 0.001072 0.265909 68 255 68 R1 pano_camera0/frame_0069_hp_preview.jpg
3.129887 0.002961 -0.569427 68 255 68 R1 pano_camera0/frame_0070_hp_preview.jpg
2.734001 -0.003586 -1.056087 68 255 68 R1 pano_camera0/frame_0071_hp_preview.jpg
2.304418 0.001225 -1.350281 68 255 68 R1 pano_camera0/frame_0072_hp_preview.jpg
2.217444 0.003537 -1.387288 68 255 68 R1 pano_camera0/frame_0073_hp_preview.jpg
1.630669 0.004658 -1.770448 68 255 68 R1 pano_camera0/frame_0074_hp_preview.jpg
0.999418 0.018348 -2.262187 68 255 68 R1 pano_camera0/frame_0075_hp_preview.jpg
0.750304 0.008790 -2.452717 68 255 68 R1 pano_camera0/frame_0076_hp_preview.jpg
0.190317 0.027479 -2.862612 68 255 68 R1 pano_camera0/frame_0077_hp_preview.jpg
-0.463505 0.045807 -3.314315 68 255 68 R1 pano_camera0/frame_0078_hp_preview.jpg
-1.287042 0.031023 -4.037087 68 255 68 R1 pano_camera0/frame_0079_hp_preview.jpg
-1.607645 0.048481 -4.651190 68 255 68 R1 pano_camera0/frame_0080_hp_preview.jpg
2.454772 0.036233 -2.629834 68 255 68 R1 pano_camera0/frame_0118_hp_preview.jpg
2.384150 0.035478 -2.178359 68 255 68 R1 pano_camera0/frame_0119_hp_preview.jpg
2.683763 0.030403 -1.527830 68 255 68 R1 pano_camera0/frame_0120_hp_preview.jpg
3.002615 0.022324 -1.257407 68 255 68 R1 pano_camera0/frame_0121_hp_preview.jpg
3.299576 0.029396 -1.086586 68 255 68 R1 pano_camera0/frame_0122_hp_preview.jpg
3.951214 0.037223 -0.899482 68 255 68 R1 pano_camera0/frame_0123_hp_preview.jpg
4.490364 0.043250 -0.987861 68 255 68 R1 pano_camera0/frame_0124_hp_preview.jpg
4.652818 0.042681 -1.319129 68 255 68 R1 pano_camera0/frame_0125_hp_preview.jpg
4.678842 0.068225 -1.530479 68 255 68 R1 pano_camera0/frame_0126_hp_preview.jpg
4.289671 -0.006682 0.919550 68 255 68 R1 pano_camera0/frame_0197_hp_preview.jpg
0.687680 -0.320107 -2.453384 68 255 68 R1 pano_camera1/frame_0000_hp_preview.jpg
-0.550835 -0.354993 -3.030336 68 255 68 R1 pano_camera1/frame_0002_hp_preview.jpg
-1.188899 -0.313951 -3.313865 68 255 68 R1 pano_camera1/frame_0003_hp_preview.jpg
-1.534628 -0.291838 -3.477649 68 255 68 R1 pano_camera1/frame_0004_hp_preview.jpg
-1.578960 -0.041985 -3.646316 68 255 68 R1 pano_camera1/frame_0005_hp_preview.jpg
-1.413882 -0.102891 -3.443732 68 255 68 R1 pano_camera1/frame_0006_hp_preview.jpg
-1.373103 -0.193171 -3.307060 68 255 68 R1 pano_camera1/frame_0007_hp_preview.jpg
-1.368761 -0.194130 -3.315617 68 255 68 R1 pano_camera1/frame_0008_hp_preview.jpg
-1.367755 -0.181023 -3.370413 68 255 68 R1 pano_camera1/frame_0009_hp_preview.jpg
-1.371555 -0.177663 -3.374350 68 255 68 R1 pano_camera1/frame_0010_hp_preview.jpg
-1.391207 -0.164625 -3.368763 68 255 68 R1 pano_camera1/frame_0011_hp_preview.jpg
-1.339126 -0.198110 -3.363341 68 255 68 R1 pano_camera1/frame_0012_hp_preview.jpg
-1.382534 -0.188821 -3.290630 68 255 68 R1 pano_camera1/frame_0013_hp_preview.jpg
-1.434051 0.027712 -3.393744 68 255 68 R1 pano_camera1/frame_0014_hp_preview.jpg
-1.504142 0.022838 -3.388659 68 255 68 R1 pano_camera1/frame_0015_hp_preview.jpg
-1.505964 0.041432 -3.319814 68 255 68 R1 pano_camera1/frame_0016_hp_preview.jpg
-1.133768 0.032792 -3.153929 68 255 68 R1 pano_camera1/frame_0017_hp_preview.jpg
-0.719132 0.035962 -2.916588 68 255 68 R1 pano_camera1/frame_0018_hp_preview.jpg
-0.495507 0.036485 -2.686905 68 255 68 R1 pano_camera1/frame_0019_hp_preview.jpg
-0.347047 0.038336 -2.360283 68 255 68 R1 pano_camera1/frame_0020_hp_preview.jpg
-0.312655 0.022563 -1.765351 68 255 68 R1 pano_camera1/frame_0021_hp_preview.jpg
-0.325226 0.004530 -0.778586 68 255 68 R1 pano_camera1/frame_0022_hp_preview.jpg
-0.292793 -0.011953 -0.353302 68 255 68 R1 pano_camera1/frame_0023_hp_preview.jpg
-0.336007 -0.016826 -0.049656 68 255 68 R1 pano_camera1/frame_0024_hp_preview.jpg
-0.632026 -0.015078 0.429238 68 255 68 R1 pano_camera1/frame_0025_hp_preview.jpg
-0.956879 0.005621 0.634006 68 255 68 R1 pano_camera1/frame_0026_hp_preview.jpg
-1.250859 0.007875 0.699297 68 255 68 R1 pano_camera1/frame_0027_hp_preview.jpg
-0.687221 -0.009185 1.041289 68 255 68 R1 pano_camera1/frame_0028_hp_preview.jpg
0.063259 -0.001654 1.277228 68 255 68 R1 pano_camera1/frame_0029_hp_preview.jpg
0.735764 -0.007282 1.540118 68 255 68 R1 pano_camera1/frame_0030_hp_preview.jpg
1.143012 0.005491 1.849647 68 255 68 R1 pano_camera1/frame_0031_hp_preview.jpg
1.163032 -0.011636 2.329074 68 255 68 R1 pano_camera1/frame_0032_hp_preview.jpg
1.011262 -0.022588 2.575273 68 255 68 R1 pano_camera1/frame_0033_hp_preview.jpg
0.195828 -0.002687 2.840040 68 255 68 R1 pano_camera1/frame_0034_hp_preview.jpg
-0.035203 -0.000344 2.748663 68 255 68 R1 pano_camera1/frame_0035_hp_preview.jpg
-0.597926 -0.018277 2.479994 68 255 68 R1 pano_camera1/frame_0036_hp_preview.jpg
-1.045888 -0.000786 2.339321 68 255 68 R1 pano_camera1/frame_0037_hp_preview.jpg
-1.464354 -0.008169 2.215734 68 255 68 R1 pano_camera1/frame_0038_hp_preview.jpg
-2.226182 -0.044884 2.384109 68 255 68 R1 pano_camera1/frame_0039_hp_preview.jpg
-2.603681 -0.022293 2.699757 68 255 68 R1 pano_camera1/frame_0040_hp_preview.jpg
-2.657181 -0.013815 2.771274 68 255 68 R1 pano_camera1/frame_0041_hp_preview.jpg
-3.091600 -0.030586 3.365577 68 255 68 R1 pano_camera1/frame_0042_hp_preview.jpg
-3.496735 0.076441 3.657370 68 255 68 R1 pano_camera1/frame_0043_hp_preview.jpg
-3.930803 0.073627 3.500201 68 255 68 R1 pano_camera1/frame_0044_hp_preview.jpg
-4.580217 0.056192 3.403207 68 255 68 R1 pano_camera1/frame_0045_hp_preview.jpg
-4.739053 0.052608 3.596497 68 255 68 R1 pano_camera1/frame_0046_hp_preview.jpg
-4.719239 0.043157 3.689206 68 255 68 R1 pano_camera1/frame_0047_hp_preview.jpg
-4.565514 0.052420 3.914642 68 255 68 R1 pano_camera1/frame_0048_hp_preview.jpg
-3.986570 0.063390 4.233771 68 255 68 R1 pano_camera1/frame_0049_hp_preview.jpg
-3.178282 0.066438 4.355308 68 255 68 R1 pano_camera1/frame_0050_hp_preview.jpg
-3.142976 0.070520 4.355970 68 255 68 R1 pano_camera1/frame_0051_hp_preview.jpg
-2.329062 0.059061 4.565861 68 255 68 R1 pano_camera1/frame_0052_hp_preview.jpg
-2.156541 -0.036047 4.694217 68 255 68 R1 pano_camera1/frame_0053_hp_preview.jpg
-1.997306 -0.038886 5.032015 68 255 68 R1 pano_camera1/frame_0054_hp_preview.jpg
-1.246431 -0.052127 5.422872 68 255 68 R1 pano_camera1/frame_0055_hp_preview.jpg
-0.859146 -0.033535 5.412631 68 255 68 R1 pano_camera1/frame_0056_hp_preview.jpg
-0.446635 -0.037009 5.351386 68 255 68 R1 pano_camera1/frame_0057_hp_preview.jpg
-0.178842 -0.035959 5.315553 68 255 68 R1 pano_camera1/frame_0058_hp_preview.jpg
0.141329 -0.050164 4.997799 68 255 68 R1 pano_camera1/frame_0059_hp_preview.jpg
0.458890 -0.026324 4.468872 68 255 68 R1 pano_camera1/frame_0060_hp_preview.jpg
0.629525 -0.012493 4.200754 68 255 68 R1 pano_camera1/frame_0061_hp_preview.jpg
1.001783 -0.035129 3.277041 68 255 68 R1 pano_camera1/frame_0062_hp_preview.jpg
1.300924 -0.016095 2.588447 68 255 68 R1 pano_camera1/frame_0063_hp_preview.jpg
1.355219 -0.012330 2.463841 68 255 68 R1 pano_camera1/frame_0064_hp_preview.jpg
1.928092 -0.025756 1.751314 68 255 68 R1 pano_camera1/frame_0065_hp_preview.jpg
2.127111 -0.020842 1.638864 68 255 68 R1 pano_camera1/frame_0066_hp_preview.jpg
2.728192 -0.020876 1.064457 68 255 68 R1 pano_camera1/frame_0067_hp_preview.jpg
3.118305 -0.005037 0.371362 68 255 68 R1 pano_camera1/frame_0068_hp_preview.jpg
3.173934 0.001072 0.265909 68 255 68 R1 pano_camera1/frame_0069_hp_preview.jpg
3.129887 0.002961 -0.569427 68 255 68 R1 pano_camera1/frame_0070_hp_preview.jpg
2.734001 -0.003586 -1.056087 68 255 68 R1 pano_camera1/frame_0071_hp_preview.jpg
2.304418 0.001225 -1.350281 68 255 68 R1 pano_camera1/frame_0072_hp_preview.jpg
2.217444 0.003537 -1.387288 68 255 68 R1 pano_camera1/frame_0073_hp_preview.jpg
1.630669 0.004658 -1.770448 68 255 68 R1 pano_camera1/frame_0074_hp_preview.jpg
0.999418 0.018348 -2.262187 68 255 68 R1 pano_camera1/frame_0075_hp_preview.jpg
0.750304 0.008790 -2.452717 68 255 68 R1 pano_camera1/frame_0076_hp_preview.jpg
0.190317 0.027479 -2.862612 68 255 68 R1 pano_camera1/frame_0077_hp_preview.jpg
-0.463505 0.045807 -3.314315 68 255 68 R1 pano_camera1/frame_0078_hp_preview.jpg
-1.287042 0.031023 -4.037087 68 255 68 R1 pano_camera1/frame_0079_hp_preview.jpg
-1.607645 0.048481 -4.651190 68 255 68 R1 pano_camera1/frame_0080_hp_preview.jpg
2.454772 0.036233 -2.629834 68 255 68 R1 pano_camera1/frame_0118_hp_preview.jpg
2.384150 0.035478 -2.178359 68 255 68 R1 pano_camera1/frame_0119_hp_preview.jpg
2.683763 0.030403 -1.527830 68 255 68 R1 pano_camera1/frame_0120_hp_preview.jpg
3.002615 0.022324 -1.257407 68 255 68 R1 pano_camera1/frame_0121_hp_preview.jpg
3.299576 0.029396 -1.086586 68 255 68 R1 pano_camera1/frame_0122_hp_preview.jpg
3.951214 0.037223 -0.899482 68 255 68 R1 pano_camera1/frame_0123_hp_preview.jpg
4.490364 0.043250 -0.987861 68 255 68 R1 pano_camera1/frame_0124_hp_preview.jpg
4.652818 0.042681 -1.319129 68 255 68 R1 pano_camera1/frame_0125_hp_preview.jpg
4.678842 0.068225 -1.530479 68 255 68 R1 pano_camera1/frame_0126_hp_preview.jpg
4.289671 -0.006682 0.919550 68 255 68 R1 pano_camera1/frame_0197_hp_preview.jpg
0.687680 -0.320107 -2.453384 68 255 68 R1 pano_camera2/frame_0000_hp_preview.jpg
-0.550835 -0.354993 -3.030336 68 255 68 R1 pano_camera2/frame_0002_hp_preview.jpg
-1.188899 -0.313951 -3.313865 68 255 68 R1 pano_camera2/frame_0003_hp_preview.jpg
-1.534628 -0.291838 -3.477649 68 255 68 R1 pano_camera2/frame_0004_hp_preview.jpg
-1.578960 -0.041985 -3.646316 68 255 68 R1 pano_camera2/frame_0005_hp_preview.jpg
-1.413882 -0.102891 -3.443732 68 255 68 R1 pano_camera2/frame_0006_hp_preview.jpg
-1.373103 -0.193171 -3.307060 68 255 68 R1 pano_camera2/frame_0007_hp_preview.jpg
-1.368761 -0.194130 -3.315617 68 255 68 R1 pano_camera2/frame_0008_hp_preview.jpg
-1.367755 -0.181023 -3.370413 68 255 68 R1 pano_camera2/frame_0009_hp_preview.jpg
-1.371555 -0.177663 -3.374350 68 255 68 R1 pano_camera2/frame_0010_hp_preview.jpg
-1.391207 -0.164625 -3.368763 68 255 68 R1 pano_camera2/frame_0011_hp_preview.jpg
-1.339126 -0.198110 -3.363341 68 255 68 R1 pano_camera2/frame_0012_hp_preview.jpg
-1.382534 -0.188821 -3.290630 68 255 68 R1 pano_camera2/frame_0013_hp_preview.jpg
-1.434051 0.027712 -3.393744 68 255 68 R1 pano_camera2/frame_0014_hp_preview.jpg
-1.504142 0.022838 -3.388659 68 255 68 R1 pano_camera2/frame_0015_hp_preview.jpg
-1.505964 0.041432 -3.319814 68 255 68 R1 pano_camera2/frame_0016_hp_preview.jpg
-1.133768 0.032792 -3.153929 68 255 68 R1 pano_camera2/frame_0017_hp_preview.jpg
-0.719132 0.035962 -2.916588 68 255 68 R1 pano_camera2/frame_0018_hp_preview.jpg
-0.495507 0.036485 -2.686905 68 255 68 R1 pano_camera2/frame_0019_hp_preview.jpg
-0.347047 0.038336 -2.360283 68 255 68 R1 pano_camera2/frame_0020_hp_preview.jpg
-0.312655 0.022563 -1.765351 68 255 68 R1 pano_camera2/frame_0021_hp_preview.jpg
-0.325226 0.004530 -0.778586 68 255 68 R1 pano_camera2/frame_0022_hp_preview.jpg
-0.292793 -0.011953 -0.353302 68 255 68 R1 pano_camera2/frame_0023_hp_preview.jpg
-0.336007 -0.016826 -0.049656 68 255 68 R1 pano_camera2/frame_0024_hp_preview.jpg
-0.632026 -0.015078 0.429238 68 255 68 R1 pano_camera2/frame_0025_hp_preview.jpg
-0.956879 0.005621 0.634006 68 255 68 R1 pano_camera2/frame_0026_hp_preview.jpg
-1.250859 0.007875 0.699297 68 255 68 R1 pano_camera2/frame_0027_hp_preview.jpg
-0.687221 -0.009185 1.041289 68 255 68 R1 pano_camera2/frame_0028_hp_preview.jpg
0.063259 -0.001654 1.277228 68 255 68 R1 pano_camera2/frame_0029_hp_preview.jpg
0.735764 -0.007282 1.540118 68 255 68 R1 pano_camera2/frame_0030_hp_preview.jpg
1.143012 0.005491 1.849647 68 255 68 R1 pano_camera2/frame_0031_hp_preview.jpg
1.163032 -0.011636 2.329074 68 255 68 R1 pano_camera2/frame_0032_hp_preview.jpg
1.011262 -0.022588 2.575273 68 255 68 R1 pano_camera2/frame_0033_hp_preview.jpg
0.195828 -0.002687 2.840040 68 255 68 R1 pano_camera2/frame_0034_hp_preview.jpg
-0.035203 -0.000344 2.748663 68 255 68 R1 pano_camera2/frame_0035_hp_preview.jpg
-0.597926 -0.018277 2.479994 68 255 68 R1 pano_camera2/frame_0036_hp_preview.jpg
-1.045888 -0.000786 2.339321 68 255 68 R1 pano_camera2/frame_0037_hp_preview.jpg
-1.464354 -0.008169 2.215734 68 255 68 R1 pano_camera2/frame_0038_hp_preview.jpg
-2.226182 -0.044884 2.384109 68 255 68 R1 pano_camera2/frame_0039_hp_preview.jpg
-2.603681 -0.022293 2.699757 68 255 68 R1 pano_camera2/frame_0040_hp_preview.jpg
-2.657181 -0.013815 2.771274 68 255 68 R1 pano_camera2/frame_0041_hp_preview.jpg
-3.091600 -0.030586 3.365577 68 255 68 R1 pano_camera2/frame_0042_hp_preview.jpg
-3.496735 0.076441 3.657370 68 255 68 R1 pano_camera2/frame_0043_hp_preview.jpg
-3.930803 0.073627 3.500201 68 255 68 R1 pano_camera2/frame_0044_hp_preview.jpg
-4.580217 0.056192 3.403207 68 255 68 R1 pano_camera2/frame_0045_hp_preview.jpg
-4.739053 0.052608 3.596497 68 255 68 R1 pano_camera2/frame_0046_hp_preview.jpg
-4.719239 0.043157 3.689206 68 255 68 R1 pano_camera2/frame_0047_hp_preview.jpg
-4.565514 0.052420 3.914642 68 255 68 R1 pano_camera2/frame_0048_hp_preview.jpg
-3.986570 0.063390 4.233771 68 255 68 R1 pano_camera2/frame_0049_hp_preview.jpg
-3.178282 0.066438 4.355308 68 255 68 R1 pano_camera2/frame_0050_hp_preview.jpg
-3.142976 0.070520 4.355970 68 255 68 R1 pano_camera2/frame_0051_hp_preview.jpg
-2.329062 0.059061 4.565861 68 255 68 R1 pano_camera2/frame_0052_hp_preview.jpg
-2.156541 -0.036047 4.694217 68 255 68 R1 pano_camera2/frame_0053_hp_preview.jpg
-1.997306 -0.038886 5.032015 68 255 68 R1 pano_camera2/frame_0054_hp_preview.jpg
-1.246431 -0.052127 5.422872 68 255 68 R1 pano_camera2/frame_0055_hp_preview.jpg
-0.859146 -0.033535 5.412631 68 255 68 R1 pano_camera2/frame_0056_hp_preview.jpg
-0.446635 -0.037009 5.351386 68 255 68 R1 pano_camera2/frame_0057_hp_preview.jpg
-0.178842 -0.035959 5.315553 68 255 68 R1 pano_camera2/frame_0058_hp_preview.jpg
0.141329 -0.050164 4.997799 68 255 68 R1 pano_camera2/frame_0059_hp_preview.jpg
0.458890 -0.026324 4.468872 68 255 68 R1 pano_camera2/frame_0060_hp_preview.jpg
0.629525 -0.012493 4.200754 68 255 68 R1 pano_camera2/frame_0061_hp_preview.jpg
1.001783 -0.035129 3.277041 68 255 68 R1 pano_camera2/frame_0062_hp_preview.jpg
1.300924 -0.016095 2.588447 68 255 68 R1 pano_camera2/frame_0063_hp_preview.jpg
1.355219 -0.012330 2.463841 68 255 68 R1 pano_camera2/frame_0064_hp_preview.jpg
1.928092 -0.025756 1.751314 68 255 68 R1 pano_camera2/frame_0065_hp_preview.jpg
2.127111 -0.020842 1.638864 68 255 68 R1 pano_camera2/frame_0066_hp_preview.jpg
2.728192 -0.020876 1.064457 68 255 68 R1 pano_camera2/frame_0067_hp_preview.jpg
3.118305 -0.005037 0.371362 68 255 68 R1 pano_camera2/frame_0068_hp_preview.jpg
3.173934 0.001072 0.265909 68 255 68 R1 pano_camera2/frame_0069_hp_preview.jpg
3.129887 0.002961 -0.569427 68 255 68 R1 pano_camera2/frame_0070_hp_preview.jpg
2.734001 -0.003586 -1.056087 68 255 68 R1 pano_camera2/frame_0071_hp_preview.jpg
2.304418 0.001225 -1.350281 68 255 68 R1 pano_camera2/frame_0072_hp_preview.jpg
2.217444 0.003537 -1.387288 68 255 68 R1 pano_camera2/frame_0073_hp_preview.jpg
1.630669 0.004658 -1.770448 68 255 68 R1 pano_camera2/frame_0074_hp_preview.jpg
0.999418 0.018348 -2.262187 68 255 68 R1 pano_camera2/frame_0075_hp_preview.jpg
0.750304 0.008790 -2.452717 68 255 68 R1 pano_camera2/frame_0076_hp_preview.jpg
0.190317 0.027479 -2.862612 68 255 68 R1 pano_camera2/frame_0077_hp_preview.jpg
-0.463505 0.045807 -3.314315 68 255 68 R1 pano_camera2/frame_0078_hp_preview.jpg
-1.287042 0.031023 -4.037087 68 255 68 R1 pano_camera2/frame_0079_hp_preview.jpg
-1.607645 0.048481 -4.651190 68 255 68 R1 pano_camera2/frame_0080_hp_preview.jpg
2.454772 0.036233 -2.629834 68 255 68 R1 pano_camera2/frame_0118_hp_preview.jpg
2.384150 0.035478 -2.178359 68 255 68 R1 pano_camera2/frame_0119_hp_preview.jpg
2.683763 0.030403 -1.527830 68 255 68 R1 pano_camera2/frame_0120_hp_preview.jpg
3.002615 0.022324 -1.257407 68 255 68 R1 pano_camera2/frame_0121_hp_preview.jpg
3.299576 0.029396 -1.086586 68 255 68 R1 pano_camera2/frame_0122_hp_preview.jpg
3.951214 0.037223 -0.899482 68 255 68 R1 pano_camera2/frame_0123_hp_preview.jpg
4.490364 0.043250 -0.987861 68 255 68 R1 pano_camera2/frame_0124_hp_preview.jpg
4.652818 0.042681 -1.319129 68 255 68 R1 pano_camera2/frame_0125_hp_preview.jpg
4.678842 0.068225 -1.530479 68 255 68 R1 pano_camera2/frame_0126_hp_preview.jpg
4.289671 -0.006682 0.919550 68 255 68 R1 pano_camera2/frame_0197_hp_preview.jpg
0.687680 -0.320107 -2.453384 68 255 68 R1 pano_camera3/frame_0000_hp_preview.jpg
-0.550835 -0.354993 -3.030336 68 255 68 R1 pano_camera3/frame_0002_hp_preview.jpg
-1.188899 -0.313951 -3.313865 68 255 68 R1 pano_camera3/frame_0003_hp_preview.jpg
-1.534628 -0.291838 -3.477649 68 255 68 R1 pano_camera3/frame_0004_hp_preview.jpg
-1.578960 -0.041985 -3.646316 68 255 68 R1 pano_camera3/frame_0005_hp_preview.jpg
-1.413882 -0.102891 -3.443732 68 255 68 R1 pano_camera3/frame_0006_hp_preview.jpg
-1.373103 -0.193171 -3.307060 68 255 68 R1 pano_camera3/frame_0007_hp_preview.jpg
-1.368761 -0.194130 -3.315617 68 255 68 R1 pano_camera3/frame_0008_hp_preview.jpg
-1.367755 -0.181023 -3.370413 68 255 68 R1 pano_camera3/frame_0009_hp_preview.jpg
-1.371555 -0.177663 -3.374350 68 255 68 R1 pano_camera3/frame_0010_hp_preview.jpg
-1.391207 -0.164625 -3.368763 68 255 68 R1 pano_camera3/frame_0011_hp_preview.jpg
-1.339126 -0.198110 -3.363341 68 255 68 R1 pano_camera3/frame_0012_hp_preview.jpg
-1.382534 -0.188821 -3.290630 68 255 68 R1 pano_camera3/frame_0013_hp_preview.jpg
-1.434051 0.027712 -3.393744 68 255 68 R1 pano_camera3/frame_0014_hp_preview.jpg
-1.504142 0.022838 -3.388659 68 255 68 R1 pano_camera3/frame_0015_hp_preview.jpg
-1.505964 0.041432 -3.319814 68 255 68 R1 pano_camera3/frame_0016_hp_preview.jpg
-1.133768 0.032792 -3.153929 68 255 68 R1 pano_camera3/frame_0017_hp_preview.jpg
-0.719132 0.035962 -2.916588 68 255 68 R1 pano_camera3/frame_0018_hp_preview.jpg
-0.495507 0.036485 -2.686905 68 255 68 R1 pano_camera3/frame_0019_hp_preview.jpg
-0.347047 0.038336 -2.360283 68 255 68 R1 pano_camera3/frame_0020_hp_preview.jpg
-0.312655 0.022563 -1.765351 68 255 68 R1 pano_camera3/frame_0021_hp_preview.jpg
-0.325226 0.004530 -0.778586 68 255 68 R1 pano_camera3/frame_0022_hp_preview.jpg
-0.292793 -0.011953 -0.353302 68 255 68 R1 pano_camera3/frame_0023_hp_preview.jpg
-0.336007 -0.016826 -0.049656 68 255 68 R1 pano_camera3/frame_0024_hp_preview.jpg
-0.632026 -0.015078 0.429238 68 255 68 R1 pano_camera3/frame_0025_hp_preview.jpg
-0.956879 0.005621 0.634006 68 255 68 R1 pano_camera3/frame_0026_hp_preview.jpg
-1.250859 0.007875 0.699297 68 255 68 R1 pano_camera3/frame_0027_hp_preview.jpg
-0.687221 -0.009185 1.041289 68 255 68 R1 pano_camera3/frame_0028_hp_preview.jpg
0.063259 -0.001654 1.277228 68 255 68 R1 pano_camera3/frame_0029_hp_preview.jpg
0.735764 -0.007282 1.540118 68 255 68 R1 pano_camera3/frame_0030_hp_preview.jpg
1.143012 0.005491 1.849647 68 255 68 R1 pano_camera3/frame_0031_hp_preview.jpg
1.163032 -0.011636 2.329074 68 255 68 R1 pano_camera3/frame_0032_hp_preview.jpg
1.011262 -0.022588 2.575273 68 255 68 R1 pano_camera3/frame_0033_hp_preview.jpg
0.195828 -0.002687 2.840040 68 255 68 R1 pano_camera3/frame_0034_hp_preview.jpg
-0.035203 -0.000344 2.748663 68 255 68 R1 pano_camera3/frame_0035_hp_preview.jpg
-0.597926 -0.018277 2.479994 68 255 68 R1 pano_camera3/frame_0036_hp_preview.jpg
-1.045888 -0.000786 2.339321 68 255 68 R1 pano_camera3/frame_0037_hp_preview.jpg
-1.464354 -0.008169 2.215734 68 255 68 R1 pano_camera3/frame_0038_hp_preview.jpg
-2.226182 -0.044884 2.384109 68 255 68 R1 pano_camera3/frame_0039_hp_preview.jpg
-2.603681 -0.022293 2.699757 68 255 68 R1 pano_camera3/frame_0040_hp_preview.jpg
-2.657181 -0.013815 2.771274 68 255 68 R1 pano_camera3/frame_0041_hp_preview.jpg
-3.091600 -0.030586 3.365577 68 255 68 R1 pano_camera3/frame_0042_hp_preview.jpg
-3.496735 0.076441 3.657370 68 255 68 R1 pano_camera3/frame_0043_hp_preview.jpg
-3.930803 0.073627 3.500201 68 255 68 R1 pano_camera3/frame_0044_hp_preview.jpg
-4.580217 0.056192 3.403207 68 255 68 R1 pano_camera3/frame_0045_hp_preview.jpg
-4.739053 0.052608 3.596497 68 255 68 R1 pano_camera3/frame_0046_hp_preview.jpg
-4.719239 0.043157 3.689206 68 255 68 R1 pano_camera3/frame_0047_hp_preview.jpg
-4.565514 0.052420 3.914642 68 255 68 R1 pano_camera3/frame_0048_hp_preview.jpg
-3.986570 0.063390 4.233771 68 255 68 R1 pano_camera3/frame_0049_hp_preview.jpg
-3.178282 0.066438 4.355308 68 255 68 R1 pano_camera3/frame_0050_hp_preview.jpg
-3.142976 0.070520 4.355970 68 255 68 R1 pano_camera3/frame_0051_hp_preview.jpg
-2.329062 0.059061 4.565861 68 255 68 R1 pano_camera3/frame_0052_hp_preview.jpg
-2.156541 -0.036047 4.694217 68 255 68 R1 pano_camera3/frame_0053_hp_preview.jpg
-1.997306 -0.038886 5.032015 68 255 68 R1 pano_camera3/frame_0054_hp_preview.jpg
-1.246431 -0.052127 5.422872 68 255 68 R1 pano_camera3/frame_0055_hp_preview.jpg
-0.859146 -0.033535 5.412631 68 255 68 R1 pano_camera3/frame_0056_hp_preview.jpg
-0.446635 -0.037009 5.351386 68 255 68 R1 pano_camera3/frame_0057_hp_preview.jpg
-0.178842 -0.035959 5.315553 68 255 68 R1 pano_camera3/frame_0058_hp_preview.jpg
0.141329 -0.050164 4.997799 68 255 68 R1 pano_camera3/frame_0059_hp_preview.jpg
0.458890 -0.026324 4.468872 68 255 68 R1 pano_camera3/frame_0060_hp_preview.jpg
0.629525 -0.012493 4.200754 68 255 68 R1 pano_camera3/frame_0061_hp_preview.jpg
1.001783 -0.035129 3.277041 68 255 68 R1 pano_camera3/frame_0062_hp_preview.jpg
1.300924 -0.016095 2.588447 68 255 68 R1 pano_camera3/frame_0063_hp_preview.jpg
1.355219 -0.012330 2.463841 68 255 68 R1 pano_camera3/frame_0064_hp_preview.jpg
1.928092 -0.025756 1.751314 68 255 68 R1 pano_camera3/frame_0065_hp_preview.jpg
2.127111 -0.020842 1.638864 68 255 68 R1 pano_camera3/frame_0066_hp_preview.jpg
2.728192 -0.020876 1.064457 68 255 68 R1 pano_camera3/frame_0067_hp_preview.jpg
3.118305 -0.005037 0.371362 68 255 68 R1 pano_camera3/frame_0068_hp_preview.jpg
3.173934 0.001072 0.265909 68 255 68 R1 pano_camera3/frame_0069_hp_preview.jpg
3.129887 0.002961 -0.569427 68 255 68 R1 pano_camera3/frame_0070_hp_preview.jpg
2.734001 -0.003586 -1.056087 68 255 68 R1 pano_camera3/frame_0071_hp_preview.jpg
2.304418 0.001225 -1.350281 68 255 68 R1 pano_camera3/frame_0072_hp_preview.jpg
2.217444 0.003537 -1.387288 68 255 68 R1 pano_camera3/frame_0073_hp_preview.jpg
1.630669 0.004658 -1.770448 68 255 68 R1 pano_camera3/frame_0074_hp_preview.jpg
0.999418 0.018348 -2.262187 68 255 68 R1 pano_camera3/frame_0075_hp_preview.jpg
0.750304 0.008790 -2.452717 68 255 68 R1 pano_camera3/frame_0076_hp_preview.jpg
0.190317 0.027479 -2.862612 68 255 68 R1 pano_camera3/frame_0077_hp_preview.jpg
-0.463505 0.045807 -3.314315 68 255 68 R1 pano_camera3/frame_0078_hp_preview.jpg
-1.287042 0.031023 -4.037087 68 255 68 R1 pano_camera3/frame_0079_hp_preview.jpg
-1.607645 0.048481 -4.651190 68 255 68 R1 pano_camera3/frame_0080_hp_preview.jpg
2.454772 0.036233 -2.629834 68 255 68 R1 pano_camera3/frame_0118_hp_preview.jpg
2.384150 0.035478 -2.178359 68 255 68 R1 pano_camera3/frame_0119_hp_preview.jpg
2.683763 0.030403 -1.527830 68 255 68 R1 pano_camera3/frame_0120_hp_preview.jpg
3.002615 0.022324 -1.257407 68 255 68 R1 pano_camera3/frame_0121_hp_preview.jpg
3.299576 0.029396 -1.086586 68 255 68 R1 pano_camera3/frame_0122_hp_preview.jpg
3.951214 0.037223 -0.899482 68 255 68 R1 pano_camera3/frame_0123_hp_preview.jpg
4.490364 0.043250 -0.987861 68 255 68 R1 pano_camera3/frame_0124_hp_preview.jpg
4.652818 0.042681 -1.319129 68 255 68 R1 pano_camera3/frame_0125_hp_preview.jpg
4.678842 0.068225 -1.530479 68 255 68 R1 pano_camera3/frame_0126_hp_preview.jpg
4.289671 -0.006682 0.919550 68 255 68 R1 pano_camera3/frame_0197_hp_preview.jpg
0.687680 -0.320107 -2.453384 68 255 68 R1 pano_camera4/frame_0000_hp_preview.jpg
-0.550835 -0.354993 -3.030336 68 255 68 R1 pano_camera4/frame_0002_hp_preview.jpg
-1.188899 -0.313951 -3.313865 68 255 68 R1 pano_camera4/frame_0003_hp_preview.jpg
-1.534628 -0.291838 -3.477649 68 255 68 R1 pano_camera4/frame_0004_hp_preview.jpg
-1.578960 -0.041985 -3.646316 68 255 68 R1 pano_camera4/frame_0005_hp_preview.jpg
-1.413882 -0.102891 -3.443732 68 255 68 R1 pano_camera4/frame_0006_hp_preview.jpg
-1.373103 -0.193171 -3.307060 68 255 68 R1 pano_camera4/frame_0007_hp_preview.jpg
-1.368761 -0.194130 -3.315617 68 255 68 R1 pano_camera4/frame_0008_hp_preview.jpg
-1.367755 -0.181023 -3.370413 68 255 68 R1 pano_camera4/frame_0009_hp_preview.jpg
-1.371555 -0.177663 -3.374350 68 255 68 R1 pano_camera4/frame_0010_hp_preview.jpg
-1.391207 -0.164625 -3.368763 68 255 68 R1 pano_camera4/frame_0011_hp_preview.jpg
-1.339126 -0.198110 -3.363341 68 255 68 R1 pano_camera4/frame_0012_hp_preview.jpg
-1.382534 -0.188821 -3.290630 68 255 68 R1 pano_camera4/frame_0013_hp_preview.jpg
-1.434051 0.027712 -3.393744 68 255 68 R1 pano_camera4/frame_0014_hp_preview.jpg
-1.504142 0.022838 -3.388659 68 255 68 R1 pano_camera4/frame_0015_hp_preview.jpg
-1.505964 0.041432 -3.319814 68 255 68 R1 pano_camera4/frame_0016_hp_preview.jpg
-1.133768 0.032792 -3.153929 68 255 68 R1 pano_camera4/frame_0017_hp_preview.jpg
-0.719132 0.035962 -2.916588 68 255 68 R1 pano_camera4/frame_0018_hp_preview.jpg
-0.495507 0.036485 -2.686905 68 255 68 R1 pano_camera4/frame_0019_hp_preview.jpg
-0.347047 0.038336 -2.360283 68 255 68 R1 pano_camera4/frame_0020_hp_preview.jpg
-0.312655 0.022563 -1.765351 68 255 68 R1 pano_camera4/frame_0021_hp_preview.jpg
-0.325226 0.004530 -0.778586 68 255 68 R1 pano_camera4/frame_0022_hp_preview.jpg
-0.292793 -0.011953 -0.353302 68 255 68 R1 pano_camera4/frame_0023_hp_preview.jpg
-0.336007 -0.016826 -0.049656 68 255 68 R1 pano_camera4/frame_0024_hp_preview.jpg
-0.632026 -0.015078 0.429238 68 255 68 R1 pano_camera4/frame_0025_hp_preview.jpg
-0.956879 0.005621 0.634006 68 255 68 R1 pano_camera4/frame_0026_hp_preview.jpg
-1.250859 0.007875 0.699297 68 255 68 R1 pano_camera4/frame_0027_hp_preview.jpg
-0.687221 -0.009185 1.041289 68 255 68 R1 pano_camera4/frame_0028_hp_preview.jpg
0.063259 -0.001654 1.277228 68 255 68 R1 pano_camera4/frame_0029_hp_preview.jpg
0.735764 -0.007282 1.540118 68 255 68 R1 pano_camera4/frame_0030_hp_preview.jpg
1.143012 0.005491 1.849647 68 255 68 R1 pano_camera4/frame_0031_hp_preview.jpg
1.163032 -0.011636 2.329074 68 255 68 R1 pano_camera4/frame_0032_hp_preview.jpg
1.011262 -0.022588 2.575273 68 255 68 R1 pano_camera4/frame_0033_hp_preview.jpg
0.195828 -0.002687 2.840040 68 255 68 R1 pano_camera4/frame_0034_hp_preview.jpg
-0.035203 -0.000344 2.748663 68 255 68 R1 pano_camera4/frame_0035_hp_preview.jpg
-0.597926 -0.018277 2.479994 68 255 68 R1 pano_camera4/frame_0036_hp_preview.jpg
-1.045888 -0.000786 2.339321 68 255 68 R1 pano_camera4/frame_0037_hp_preview.jpg
-1.464354 -0.008169 2.215734 68 255 68 R1 pano_camera4/frame_0038_hp_preview.jpg
-2.226182 -0.044884 2.384109 68 255 68 R1 pano_camera4/frame_0039_hp_preview.jpg
-2.603681 -0.022293 2.699757 68 255 68 R1 pano_camera4/frame_0040_hp_preview.jpg
-2.657181 -0.013815 2.771274 68 255 68 R1 pano_camera4/frame_0041_hp_preview.jpg
-3.091600 -0.030586 3.365577 68 255 68 R1 pano_camera4/frame_0042_hp_preview.jpg
-3.496735 0.076441 3.657370 68 255 68 R1 pano_camera4/frame_0043_hp_preview.jpg
-3.930803 0.073627 3.500201 68 255 68 R1 pano_camera4/frame_0044_hp_preview.jpg
-4.580217 0.056192 3.403207 68 255 68 R1 pano_camera4/frame_0045_hp_preview.jpg
-4.739053 0.052608 3.596497 68 255 68 R1 pano_camera4/frame_0046_hp_preview.jpg
-4.719239 0.043157 3.689206 68 255 68 R1 pano_camera4/frame_0047_hp_preview.jpg
-4.565514 0.052420 3.914642 68 255 68 R1 pano_camera4/frame_0048_hp_preview.jpg
-3.986570 0.063390 4.233771 68 255 68 R1 pano_camera4/frame_0049_hp_preview.jpg
-3.178282 0.066438 4.355308 68 255 68 R1 pano_camera4/frame_0050_hp_preview.jpg
-3.142976 0.070520 4.355970 68 255 68 R1 pano_camera4/frame_0051_hp_preview.jpg
-2.329062 0.059061 4.565861 68 255 68 R1 pano_camera4/frame_0052_hp_preview.jpg
-2.156541 -0.036047 4.694217 68 255 68 R1 pano_camera4/frame_0053_hp_preview.jpg
-1.997306 -0.038886 5.032015 68 255 68 R1 pano_camera4/frame_0054_hp_preview.jpg
-1.246431 -0.052127 5.422872 68 255 68 R1 pano_camera4/frame_0055_hp_preview.jpg
-0.859146 -0.033535 5.412631 68 255 68 R1 pano_camera4/frame_0056_hp_preview.jpg
-0.446635 -0.037009 5.351386 68 255 68 R1 pano_camera4/frame_0057_hp_preview.jpg
-0.178842 -0.035959 5.315553 68 255 68 R1 pano_camera4/frame_0058_hp_preview.jpg
0.141329 -0.050164 4.997799 68 255 68 R1 pano_camera4/frame_0059_hp_preview.jpg
0.458890 -0.026324 4.468872 68 255 68 R1 pano_camera4/frame_0060_hp_preview.jpg
0.629525 -0.012493 4.200754 68 255 68 R1 pano_camera4/frame_0061_hp_preview.jpg
1.001783 -0.035129 3.277041 68 255 68 R1 pano_camera4/frame_0062_hp_preview.jpg
1.300924 -0.016095 2.588447 68 255 68 R1 pano_camera4/frame_0063_hp_preview.jpg
1.355219 -0.012330 2.463841 68 255 68 R1 pano_camera4/frame_0064_hp_preview.jpg
1.928092 -0.025756 1.751314 68 255 68 R1 pano_camera4/frame_0065_hp_preview.jpg
2.127111 -0.020842 1.638864 68 255 68 R1 pano_camera4/frame_0066_hp_preview.jpg
2.728192 -0.020876 1.064457 68 255 68 R1 pano_camera4/frame_0067_hp_preview.jpg
3.118305 -0.005037 0.371362 68 255 68 R1 pano_camera4/frame_0068_hp_preview.jpg
3.173934 0.001072 0.265909 68 255 68 R1 pano_camera4/frame_0069_hp_preview.jpg
3.129887 0.002961 -0.569427 68 255 68 R1 pano_camera4/frame_0070_hp_preview.jpg
2.734001 -0.003586 -1.056087 68 255 68 R1 pano_camera4/frame_0071_hp_preview.jpg
2.304418 0.001225 -1.350281 68 255 68 R1 pano_camera4/frame_0072_hp_preview.jpg
2.217444 0.003537 -1.387288 68 255 68 R1 pano_camera4/frame_0073_hp_preview.jpg
1.630669 0.004658 -1.770448 68 255 68 R1 pano_camera4/frame_0074_hp_preview.jpg
0.999418 0.018348 -2.262187 68 255 68 R1 pano_camera4/frame_0075_hp_preview.jpg
0.750304 0.008790 -2.452717 68 255 68 R1 pano_camera4/frame_0076_hp_preview.jpg
0.190317 0.027479 -2.862612 68 255 68 R1 pano_camera4/frame_0077_hp_preview.jpg
-0.463505 0.045807 -3.314315 68 255 68 R1 pano_camera4/frame_0078_hp_preview.jpg
-1.287042 0.031023 -4.037087 68 255 68 R1 pano_camera4/frame_0079_hp_preview.jpg
-1.607645 0.048481 -4.651190 68 255 68 R1 pano_camera4/frame_0080_hp_preview.jpg
2.454772 0.036233 -2.629834 68 255 68 R1 pano_camera4/frame_0118_hp_preview.jpg
2.384150 0.035478 -2.178359 68 255 68 R1 pano_camera4/frame_0119_hp_preview.jpg
2.683763 0.030403 -1.527830 68 255 68 R1 pano_camera4/frame_0120_hp_preview.jpg
3.002615 0.022324 -1.257407 68 255 68 R1 pano_camera4/frame_0121_hp_preview.jpg
3.299576 0.029396 -1.086586 68 255 68 R1 pano_camera4/frame_0122_hp_preview.jpg
3.951214 0.037223 -0.899482 68 255 68 R1 pano_camera4/frame_0123_hp_preview.jpg
4.490364 0.043250 -0.987861 68 255 68 R1 pano_camera4/frame_0124_hp_preview.jpg
4.652818 0.042681 -1.319129 68 255 68 R1 pano_camera4/frame_0125_hp_preview.jpg
4.678842 0.068225 -1.530479 68 255 68 R1 pano_camera4/frame_0126_hp_preview.jpg
4.289671 -0.006682 0.919550 68 255 68 R1 pano_camera4/frame_0197_hp_preview.jpg
0.687680 -0.320107 -2.453384 68 255 68 R1 pano_camera5/frame_0000_hp_preview.jpg
-0.550835 -0.354993 -3.030336 68 255 68 R1 pano_camera5/frame_0002_hp_preview.jpg
-1.188899 -0.313951 -3.313865 68 255 68 R1 pano_camera5/frame_0003_hp_preview.jpg
-1.534628 -0.291838 -3.477649 68 255 68 R1 pano_camera5/frame_0004_hp_preview.jpg
-1.578960 -0.041985 -3.646316 68 255 68 R1 pano_camera5/frame_0005_hp_preview.jpg
-1.413882 -0.102891 -3.443732 68 255 68 R1 pano_camera5/frame_0006_hp_preview.jpg
-1.373103 -0.193171 -3.307060 68 255 68 R1 pano_camera5/frame_0007_hp_preview.jpg
-1.368761 -0.194130 -3.315617 68 255 68 R1 pano_camera5/frame_0008_hp_preview.jpg
-1.367755 -0.181023 -3.370413 68 255 68 R1 pano_camera5/frame_0009_hp_preview.jpg
-1.371555 -0.177663 -3.374350 68 255 68 R1 pano_camera5/frame_0010_hp_preview.jpg
-1.391207 -0.164625 -3.368763 68 255 68 R1 pano_camera5/frame_0011_hp_preview.jpg
-1.339126 -0.198110 -3.363341 68 255 68 R1 pano_camera5/frame_0012_hp_preview.jpg
-1.382534 -0.188821 -3.290630 68 255 68 R1 pano_camera5/frame_0013_hp_preview.jpg
-1.434051 0.027712 -3.393744 68 255 68 R1 pano_camera5/frame_0014_hp_preview.jpg
-1.504142 0.022838 -3.388659 68 255 68 R1 pano_camera5/frame_0015_hp_preview.jpg
-1.505964 0.041432 -3.319814 68 255 68 R1 pano_camera5/frame_0016_hp_preview.jpg
-1.133768 0.032792 -3.153929 68 255 68 R1 pano_camera5/frame_0017_hp_preview.jpg
-0.719132 0.035962 -2.916588 68 255 68 R1 pano_camera5/frame_0018_hp_preview.jpg
-0.495507 0.036485 -2.686905 68 255 68 R1 pano_camera5/frame_0019_hp_preview.jpg
-0.347047 0.038336 -2.360283 68 255 68 R1 pano_camera5/frame_0020_hp_preview.jpg
-0.312655 0.022563 -1.765351 68 255 68 R1 pano_camera5/frame_0021_hp_preview.jpg
-0.325226 0.004530 -0.778586 68 255 68 R1 pano_camera5/frame_0022_hp_preview.jpg
-0.292793 -0.011953 -0.353302 68 255 68 R1 pano_camera5/frame_0023_hp_preview.jpg
-0.336007 -0.016826 -0.049656 68 255 68 R1 pano_camera5/frame_0024_hp_preview.jpg
-0.632026 -0.015078 0.429238 68 255 68 R1 pano_camera5/frame_0025_hp_preview.jpg
-0.956879 0.005621 0.634006 68 255 68 R1 pano_camera5/frame_0026_hp_preview.jpg
-1.250859 0.007875 0.699297 68 255 68 R1 pano_camera5/frame_0027_hp_preview.jpg
-0.687221 -0.009185 1.041289 68 255 68 R1 pano_camera5/frame_0028_hp_preview.jpg
0.063259 -0.001654 1.277228 68 255 68 R1 pano_camera5/frame_0029_hp_preview.jpg
0.735764 -0.007282 1.540118 68 255 68 R1 pano_camera5/frame_0030_hp_preview.jpg
1.143012 0.005491 1.849647 68 255 68 R1 pano_camera5/frame_0031_hp_preview.jpg
1.163032 -0.011636 2.329074 68 255 68 R1 pano_camera5/frame_0032_hp_preview.jpg
1.011262 -0.022588 2.575273 68 255 68 R1 pano_camera5/frame_0033_hp_preview.jpg
0.195828 -0.002687 2.840040 68 255 68 R1 pano_camera5/frame_0034_hp_preview.jpg
-0.035203 -0.000344 2.748663 68 255 68 R1 pano_camera5/frame_0035_hp_preview.jpg
-0.597926 -0.018277 2.479994 68 255 68 R1 pano_camera5/frame_0036_hp_preview.jpg
-1.045888 -0.000786 2.339321 68 255 68 R1 pano_camera5/frame_0037_hp_preview.jpg
-1.464354 -0.008169 2.215734 68 255 68 R1 pano_camera5/frame_0038_hp_preview.jpg
-2.226182 -0.044884 2.384109 68 255 68 R1 pano_camera5/frame_0039_hp_preview.jpg
-2.603681 -0.022293 2.699757 68 255 68 R1 pano_camera5/frame_0040_hp_preview.jpg
-2.657181 -0.013815 2.771274 68 255 68 R1 pano_camera5/frame_0041_hp_preview.jpg
-3.091600 -0.030586 3.365577 68 255 68 R1 pano_camera5/frame_0042_hp_preview.jpg
-3.496735 0.076441 3.657370 68 255 68 R1 pano_camera5/frame_0043_hp_preview.jpg
-3.930803 0.073627 3.500201 68 255 68 R1 pano_camera5/frame_0044_hp_preview.jpg
-4.580217 0.056192 3.403207 68 255 68 R1 pano_camera5/frame_0045_hp_preview.jpg
-4.739053 0.052608 3.596497 68 255 68 R1 pano_camera5/frame_0046_hp_preview.jpg
-4.719239 0.043157 3.689206 68 255 68 R1 pano_camera5/frame_0047_hp_preview.jpg
-4.565514 0.052420 3.914642 68 255 68 R1 pano_camera5/frame_0048_hp_preview.jpg
-3.986570 0.063390 4.233771 68 255 68 R1 pano_camera5/frame_0049_hp_preview.jpg
-3.178282 0.066438 4.355308 68 255 68 R1 pano_camera5/frame_0050_hp_preview.jpg
-3.142976 0.070520 4.355970 68 255 68 R1 pano_camera5/frame_0051_hp_preview.jpg
-2.329062 0.059061 4.565861 68 255 68 R1 pano_camera5/frame_0052_hp_preview.jpg
-2.156541 -0.036047 4.694217 68 255 68 R1 pano_camera5/frame_0053_hp_preview.jpg
-1.997306 -0.038886 5.032015 68 255 68 R1 pano_camera5/frame_0054_hp_preview.jpg
-1.246431 -0.052127 5.422872 68 255 68 R1 pano_camera5/frame_0055_hp_preview.jpg
-0.859146 -0.033535 5.412631 68 255 68 R1 pano_camera5/frame_0056_hp_preview.jpg
-0.446635 -0.037009 5.351386 68 255 68 R1 pano_camera5/frame_0057_hp_preview.jpg
-0.178842 -0.035959 5.315553 68 255 68 R1 pano_camera5/frame_0058_hp_preview.jpg
0.141329 -0.050164 4.997799 68 255 68 R1 pano_camera5/frame_0059_hp_preview.jpg
0.458890 -0.026324 4.468872 68 255 68 R1 pano_camera5/frame_0060_hp_preview.jpg
0.629525 -0.012493 4.200754 68 255 68 R1 pano_camera5/frame_0061_hp_preview.jpg
1.001783 -0.035129 3.277041 68 255 68 R1 pano_camera5/frame_0062_hp_preview.jpg
1.300924 -0.016095 2.588447 68 255 68 R1 pano_camera5/frame_0063_hp_preview.jpg
1.355219 -0.012330 2.463841 68 255 68 R1 pano_camera5/frame_0064_hp_preview.jpg
1.928092 -0.025756 1.751314 68 255 68 R1 pano_camera5/frame_0065_hp_preview.jpg
2.127111 -0.020842 1.638864 68 255 68 R1 pano_camera5/frame_0066_hp_preview.jpg
2.728192 -0.020876 1.064457 68 255 68 R1 pano_camera5/frame_0067_hp_preview.jpg
3.118305 -0.005037 0.371362 68 255 68 R1 pano_camera5/frame_0068_hp_preview.jpg
3.173934 0.001072 0.265909 68 255 68 R1 pano_camera5/frame_0069_hp_preview.jpg
3.129887 0.002961 -0.569427 68 255 68 R1 pano_camera5/frame_0070_hp_preview.jpg
2.734001 -0.003586 -1.056087 68 255 68 R1 pano_camera5/frame_0071_hp_preview.jpg
2.304418 0.001225 -1.350281 68 255 68 R1 pano_camera5/frame_0072_hp_preview.jpg
2.217444 0.003537 -1.387288 68 255 68 R1 pano_camera5/frame_0073_hp_preview.jpg
1.630669 0.004658 -1.770448 68 255 68 R1 pano_camera5/frame_0074_hp_preview.jpg
0.999418 0.018348 -2.262187 68 255 68 R1 pano_camera5/frame_0075_hp_preview.jpg
0.750304 0.008790 -2.452717 68 255 68 R1 pano_camera5/frame_0076_hp_preview.jpg
0.190317 0.027479 -2.862612 68 255 68 R1 pano_camera5/frame_0077_hp_preview.jpg
-0.463505 0.045807 -3.314315 68 255 68 R1 pano_camera5/frame_0078_hp_preview.jpg
-1.287042 0.031023 -4.037087 68 255 68 R1 pano_camera5/frame_0079_hp_preview.jpg
-1.607645 0.048481 -4.651190 68 255 68 R1 pano_camera5/frame_0080_hp_preview.jpg
2.454772 0.036233 -2.629834 68 255 68 R1 pano_camera5/frame_0118_hp_preview.jpg
2.384150 0.035478 -2.178359 68 255 68 R1 pano_camera5/frame_0119_hp_preview.jpg
2.683763 0.030403 -1.527830 68 255 68 R1 pano_camera5/frame_0120_hp_preview.jpg
3.002615 0.022324 -1.257407 68 255 68 R1 pano_camera5/frame_0121_hp_preview.jpg
3.299576 0.029396 -1.086586 68 255 68 R1 pano_camera5/frame_0122_hp_preview.jpg
3.951214 0.037223 -0.899482 68 255 68 R1 pano_camera5/frame_0123_hp_preview.jpg
4.490364 0.043250 -0.987861 68 255 68 R1 pano_camera5/frame_0124_hp_preview.jpg
4.652818 0.042681 -1.319129 68 255 68 R1 pano_camera5/frame_0125_hp_preview.jpg
4.678842 0.068225 -1.530479 68 255 68 R1 pano_camera5/frame_0126_hp_preview.jpg
4.289671 -0.006682 0.919550 68 255 68 R1 pano_camera5/frame_0197_hp_preview.jpg
0.687680 -0.320107 -2.453384 68 255 68 R1 pano_camera6/frame_0000_hp_preview.jpg
-0.550835 -0.354993 -3.030336 68 255 68 R1 pano_camera6/frame_0002_hp_preview.jpg
-1.188899 -0.313951 -3.313865 68 255 68 R1 pano_camera6/frame_0003_hp_preview.jpg
-1.534628 -0.291838 -3.477649 68 255 68 R1 pano_camera6/frame_0004_hp_preview.jpg
-1.578960 -0.041985 -3.646316 68 255 68 R1 pano_camera6/frame_0005_hp_preview.jpg
-1.413882 -0.102891 -3.443732 68 255 68 R1 pano_camera6/frame_0006_hp_preview.jpg
-1.373103 -0.193171 -3.307060 68 255 68 R1 pano_camera6/frame_0007_hp_preview.jpg
-1.368761 -0.194130 -3.315617 68 255 68 R1 pano_camera6/frame_0008_hp_preview.jpg
-1.367755 -0.181023 -3.370413 68 255 68 R1 pano_camera6/frame_0009_hp_preview.jpg
-1.371555 -0.177663 -3.374350 68 255 68 R1 pano_camera6/frame_0010_hp_preview.jpg
-1.391207 -0.164625 -3.368763 68 255 68 R1 pano_camera6/frame_0011_hp_preview.jpg
-1.339126 -0.198110 -3.363341 68 255 68 R1 pano_camera6/frame_0012_hp_preview.jpg
-1.382534 -0.188821 -3.290630 68 255 68 R1 pano_camera6/frame_0013_hp_preview.jpg
-1.434051 0.027712 -3.393744 68 255 68 R1 pano_camera6/frame_0014_hp_preview.jpg
-1.504142 0.022838 -3.388659 68 255 68 R1 pano_camera6/frame_0015_hp_preview.jpg
-1.505964 0.041432 -3.319814 68 255 68 R1 pano_camera6/frame_0016_hp_preview.jpg
-1.133768 0.032792 -3.153929 68 255 68 R1 pano_camera6/frame_0017_hp_preview.jpg
-0.719132 0.035962 -2.916588 68 255 68 R1 pano_camera6/frame_0018_hp_preview.jpg
-0.495507 0.036485 -2.686905 68 255 68 R1 pano_camera6/frame_0019_hp_preview.jpg
-0.347047 0.038336 -2.360283 68 255 68 R1 pano_camera6/frame_0020_hp_preview.jpg
-0.312655 0.022563 -1.765351 68 255 68 R1 pano_camera6/frame_0021_hp_preview.jpg
-0.325226 0.004530 -0.778586 68 255 68 R1 pano_camera6/frame_0022_hp_preview.jpg
-0.292793 -0.011953 -0.353302 68 255 68 R1 pano_camera6/frame_0023_hp_preview.jpg
-0.336007 -0.016826 -0.049656 68 255 68 R1 pano_camera6/frame_0024_hp_preview.jpg
-0.632026 -0.015078 0.429238 68 255 68 R1 pano_camera6/frame_0025_hp_preview.jpg
-0.956879 0.005621 0.634006 68 255 68 R1 pano_camera6/frame_0026_hp_preview.jpg
-1.250859 0.007875 0.699297 68 255 68 R1 pano_camera6/frame_0027_hp_preview.jpg
-0.687221 -0.009185 1.041289 68 255 68 R1 pano_camera6/frame_0028_hp_preview.jpg
0.063259 -0.001654 1.277228 68 255 68 R1 pano_camera6/frame_0029_hp_preview.jpg
0.735764 -0.007282 1.540118 68 255 68 R1 pano_camera6/frame_0030_hp_preview.jpg
1.143012 0.005491 1.849647 68 255 68 R1 pano_camera6/frame_0031_hp_preview.jpg
1.163032 -0.011636 2.329074 68 255 68 R1 pano_camera6/frame_0032_hp_preview.jpg
1.011262 -0.022588 2.575273 68 255 68 R1 pano_camera6/frame_0033_hp_preview.jpg
0.195828 -0.002687 2.840040 68 255 68 R1 pano_camera6/frame_0034_hp_preview.jpg
-0.035203 -0.000344 2.748663 68 255 68 R1 pano_camera6/frame_0035_hp_preview.jpg
-0.597926 -0.018277 2.479994 68 255 68 R1 pano_camera6/frame_0036_hp_preview.jpg
-1.045888 -0.000786 2.339321 68 255 68 R1 pano_camera6/frame_0037_hp_preview.jpg
-1.464354 -0.008169 2.215734 68 255 68 R1 pano_camera6/frame_0038_hp_preview.jpg
-2.226182 -0.044884 2.384109 68 255 68 R1 pano_camera6/frame_0039_hp_preview.jpg
-2.603681 -0.022293 2.699757 68 255 68 R1 pano_camera6/frame_0040_hp_preview.jpg
-2.657181 -0.013815 2.771274 68 255 68 R1 pano_camera6/frame_0041_hp_preview.jpg
-3.091600 -0.030586 3.365577 68 255 68 R1 pano_camera6/frame_0042_hp_preview.jpg
-3.496735 0.076441 3.657370 68 255 68 R1 pano_camera6/frame_0043_hp_preview.jpg
-3.930803 0.073627 3.500201 68 255 68 R1 pano_camera6/frame_0044_hp_preview.jpg
-4.580217 0.056192 3.403207 68 255 68 R1 pano_camera6/frame_0045_hp_preview.jpg
-4.739053 0.052608 3.596497 68 255 68 R1 pano_camera6/frame_0046_hp_preview.jpg
-4.719239 0.043157 3.689206 68 255 68 R1 pano_camera6/frame_0047_hp_preview.jpg
-4.565514 0.052420 3.914642 68 255 68 R1 pano_camera6/frame_0048_hp_preview.jpg
-3.986570 0.063390 4.233771 68 255 68 R1 pano_camera6/frame_0049_hp_preview.jpg
-3.178282 0.066438 4.355308 68 255 68 R1 pano_camera6/frame_0050_hp_preview.jpg
-3.142976 0.070520 4.355970 68 255 68 R1 pano_camera6/frame_0051_hp_preview.jpg
-2.329062 0.059061 4.565861 68 255 68 R1 pano_camera6/frame_0052_hp_preview.jpg
-2.156541 -0.036047 4.694217 68 255 68 R1 pano_camera6/frame_0053_hp_preview.jpg
-1.997306 -0.038886 5.032015 68 255 68 R1 pano_camera6/frame_0054_hp_preview.jpg
-1.246431 -0.052127 5.422872 68 255 68 R1 pano_camera6/frame_0055_hp_preview.jpg
-0.859146 -0.033535 5.412631 68 255 68 R1 pano_camera6/frame_0056_hp_preview.jpg
-0.446635 -0.037009 5.351386 68 255 68 R1 pano_camera6/frame_0057_hp_preview.jpg
-0.178842 -0.035959 5.315553 68 255 68 R1 pano_camera6/frame_0058_hp_preview.jpg
0.141329 -0.050164 4.997799 68 255 68 R1 pano_camera6/frame_0059_hp_preview.jpg
0.458890 -0.026324 4.468872 68 255 68 R1 pano_camera6/frame_0060_hp_preview.jpg
0.629525 -0.012493 4.200754 68 255 68 R1 pano_camera6/frame_0061_hp_preview.jpg
1.001783 -0.035129 3.277041 68 255 68 R1 pano_camera6/frame_0062_hp_preview.jpg
1.300924 -0.016095 2.588447 68 255 68 R1 pano_camera6/frame_0063_hp_preview.jpg
1.355219 -0.012330 2.463841 68 255 68 R1 pano_camera6/frame_0064_hp_preview.jpg
1.928092 -0.025756 1.751314 68 255 68 R1 pano_camera6/frame_0065_hp_preview.jpg
2.127111 -0.020842 1.638864 68 255 68 R1 pano_camera6/frame_0066_hp_preview.jpg
2.728192 -0.020876 1.064457 68 255 68 R1 pano_camera6/frame_0067_hp_preview.jpg
3.118305 -0.005037 0.371362 68 255 68 R1 pano_camera6/frame_0068_hp_preview.jpg
3.173934 0.001072 0.265909 68 255 68 R1 pano_camera6/frame_0069_hp_preview.jpg
3.129887 0.002961 -0.569427 68 255 68 R1 pano_camera6/frame_0070_hp_preview.jpg
2.734001 -0.003586 -1.056087 68 255 68 R1 pano_camera6/frame_0071_hp_preview.jpg
2.304418 0.001225 -1.350281 68 255 68 R1 pano_camera6/frame_0072_hp_preview.jpg
2.217444 0.003537 -1.387288 68 255 68 R1 pano_camera6/frame_0073_hp_preview.jpg
1.630669 0.004658 -1.770448 68 255 68 R1 pano_camera6/frame_0074_hp_preview.jpg
0.999418 0.018348 -2.262187 68 255 68 R1 pano_camera6/frame_0075_hp_preview.jpg
0.750304 0.008790 -2.452717 68 255 68 R1 pano_camera6/frame_0076_hp_preview.jpg
0.190317 0.027479 -2.862612 68 255 68 R1 pano_camera6/frame_0077_hp_preview.jpg
-0.463505 0.045807 -3.314315 68 255 68 R1 pano_camera6/frame_0078_hp_preview.jpg
-1.287042 0.031023 -4.037087 68 255 68 R1 pano_camera6/frame_0079_hp_preview.jpg
-1.607645 0.048481 -4.651190 68 255 68 R1 pano_camera6/frame_0080_hp_preview.jpg
2.454772 0.036233 -2.629834 68 255 68 R1 pano_camera6/frame_0118_hp_preview.jpg
2.384150 0.035478 -2.178359 68 255 68 R1 pano_camera6/frame_0119_hp_preview.jpg
2.683763 0.030403 -1.527830 68 255 68 R1 pano_camera6/frame_0120_hp_preview.jpg
3.002615 0.022324 -1.257407 68 255 68 R1 pano_camera6/frame_0121_hp_preview.jpg
3.299576 0.029396 -1.086586 68 255 68 R1 pano_camera6/frame_0122_hp_preview.jpg
3.951214 0.037223 -0.899482 68 255 68 R1 pano_camera6/frame_0123_hp_preview.jpg
4.490364 0.043250 -0.987861 68 255 68 R1 pano_camera6/frame_0124_hp_preview.jpg
4.652818 0.042681 -1.319129 68 255 68 R1 pano_camera6/frame_0125_hp_preview.jpg
4.678842 0.068225 -1.530479 68 255 68 R1 pano_camera6/frame_0126_hp_preview.jpg
4.289671 -0.006682 0.919550 68 255 68 R1 pano_camera6/frame_0197_hp_preview.jpg
0.687680 -0.320107 -2.453384 68 255 68 R1 pano_camera7/frame_0000_hp_preview.jpg
-0.550835 -0.354993 -3.030336 68 255 68 R1 pano_camera7/frame_0002_hp_preview.jpg
-1.188899 -0.313951 -3.313865 68 255 68 R1 pano_camera7/frame_0003_hp_preview.jpg
-1.534628 -0.291838 -3.477649 68 255 68 R1 pano_camera7/frame_0004_hp_preview.jpg
-1.578960 -0.041985 -3.646316 68 255 68 R1 pano_camera7/frame_0005_hp_preview.jpg
-1.413882 -0.102891 -3.443732 68 255 68 R1 pano_camera7/frame_0006_hp_preview.jpg
-1.373103 -0.193171 -3.307060 68 255 68 R1 pano_camera7/frame_0007_hp_preview.jpg
-1.368761 -0.194130 -3.315617 68 255 68 R1 pano_camera7/frame_0008_hp_preview.jpg
-1.367755 -0.181023 -3.370413 68 255 68 R1 pano_camera7/frame_0009_hp_preview.jpg
-1.371555 -0.177663 -3.374350 68 255 68 R1 pano_camera7/frame_0010_hp_preview.jpg
-1.391207 -0.164625 -3.368763 68 255 68 R1 pano_camera7/frame_0011_hp_preview.jpg
-1.339126 -0.198110 -3.363341 68 255 68 R1 pano_camera7/frame_0012_hp_preview.jpg
-1.382534 -0.188821 -3.290630 68 255 68 R1 pano_camera7/frame_0013_hp_preview.jpg
-1.434051 0.027712 -3.393744 68 255 68 R1 pano_camera7/frame_0014_hp_preview.jpg
-1.504142 0.022838 -3.388659 68 255 68 R1 pano_camera7/frame_0015_hp_preview.jpg
-1.505964 0.041432 -3.319814 68 255 68 R1 pano_camera7/frame_0016_hp_preview.jpg
-1.133768 0.032792 -3.153929 68 255 68 R1 pano_camera7/frame_0017_hp_preview.jpg
-0.719132 0.035962 -2.916588 68 255 68 R1 pano_camera7/frame_0018_hp_preview.jpg
-0.495507 0.036485 -2.686905 68 255 68 R1 pano_camera7/frame_0019_hp_preview.jpg
-0.347047 0.038336 -2.360283 68 255 68 R1 pano_camera7/frame_0020_hp_preview.jpg
-0.312655 0.022563 -1.765351 68 255 68 R1 pano_camera7/frame_0021_hp_preview.jpg
-0.325226 0.004530 -0.778586 68 255 68 R1 pano_camera7/frame_0022_hp_preview.jpg
-0.292793 -0.011953 -0.353302 68 255 68 R1 pano_camera7/frame_0023_hp_preview.jpg
-0.336007 -0.016826 -0.049656 68 255 68 R1 pano_camera7/frame_0024_hp_preview.jpg
-0.632026 -0.015078 0.429238 68 255 68 R1 pano_camera7/frame_0025_hp_preview.jpg
-0.956879 0.005621 0.634006 68 255 68 R1 pano_camera7/frame_0026_hp_preview.jpg
-1.250859 0.007875 0.699297 68 255 68 R1 pano_camera7/frame_0027_hp_preview.jpg
-0.687221 -0.009185 1.041289 68 255 68 R1 pano_camera7/frame_0028_hp_preview.jpg
0.063259 -0.001654 1.277228 68 255 68 R1 pano_camera7/frame_0029_hp_preview.jpg
0.735764 -0.007282 1.540118 68 255 68 R1 pano_camera7/frame_0030_hp_preview.jpg
1.143012 0.005491 1.849647 68 255 68 R1 pano_camera7/frame_0031_hp_preview.jpg
1.163032 -0.011636 2.329074 68 255 68 R1 pano_camera7/frame_0032_hp_preview.jpg
1.011262 -0.022588 2.575273 68 255 68 R1 pano_camera7/frame_0033_hp_preview.jpg
0.195828 -0.002687 2.840040 68 255 68 R1 pano_camera7/frame_0034_hp_preview.jpg
-0.035203 -0.000344 2.748663 68 255 68 R1 pano_camera7/frame_0035_hp_preview.jpg
-0.597926 -0.018277 2.479994 68 255 68 R1 pano_camera7/frame_0036_hp_preview.jpg
-1.045888 -0.000786 2.339321 68 255 68 R1 pano_camera7/frame_0037_hp_preview.jpg
-1.464354 -0.008169 2.215734 68 255 68 R1 pano_camera7/frame_0038_hp_preview.jpg
-2.226182 -0.044884 2.384109 68 255 68 R1 pano_camera7/frame_0039_hp_preview.jpg
-2.603681 -0.022293 2.699757 68 255 68 R1 pano_camera7/frame_0040_hp_preview.jpg
-2.657181 -0.013815 2.771274 68 255 68 R1 pano_camera7/frame_0041_hp_preview.jpg
-3.091600 -0.030586 3.365577 68 255 68 R1 pano_camera7/frame_0042_hp_preview.jpg
-3.496735 0.076441 3.657370 68 255 68 R1 pano_camera7/frame_0043_hp_preview.jpg
-3.930803 0.073627 3.500201 68 255 68 R1 pano_camera7/frame_0044_hp_preview.jpg
-4.580217 0.056192 3.403207 68 255 68 R1 pano_camera7/frame_0045_hp_preview.jpg
-4.739053 0.052608 3.596497 68 255 68 R1 pano_camera7/frame_0046_hp_preview.jpg
-4.719239 0.043157 3.689206 68 255 68 R1 pano_camera7/frame_0047_hp_preview.jpg
-4.565514 0.052420 3.914642 68 255 68 R1 pano_camera7/frame_0048_hp_preview.jpg
-3.986570 0.063390 4.233771 68 255 68 R1 pano_camera7/frame_0049_hp_preview.jpg
-3.178282 0.066438 4.355308 68 255 68 R1 pano_camera7/frame_0050_hp_preview.jpg
-3.142976 0.070520 4.355970 68 255 68 R1 pano_camera7/frame_0051_hp_preview.jpg
-2.329062 0.059061 4.565861 68 255 68 R1 pano_camera7/frame_0052_hp_preview.jpg
-2.156541 -0.036047 4.694217 68 255 68 R1 pano_camera7/frame_0053_hp_preview.jpg
-1.997306 -0.038886 5.032015 68 255 68 R1 pano_camera7/frame_0054_hp_preview.jpg
-1.246431 -0.052127 5.422872 68 255 68 R1 pano_camera7/frame_0055_hp_preview.jpg
-0.859146 -0.033535 5.412631 68 255 68 R1 pano_camera7/frame_0056_hp_preview.jpg
-0.446635 -0.037009 5.351386 68 255 68 R1 pano_camera7/frame_0057_hp_preview.jpg
-0.178842 -0.035959 5.315553 68 255 68 R1 pano_camera7/frame_0058_hp_preview.jpg
0.141329 -0.050164 4.997799 68 255 68 R1 pano_camera7/frame_0059_hp_preview.jpg
0.458890 -0.026324 4.468872 68 255 68 R1 pano_camera7/frame_0060_hp_preview.jpg
0.629525 -0.012493 4.200754 68 255 68 R1 pano_camera7/frame_0061_hp_preview.jpg
1.001783 -0.035129 3.277041 68 255 68 R1 pano_camera7/frame_0062_hp_preview.jpg
1.300924 -0.016095 2.588447 68 255 68 R1 pano_camera7/frame_0063_hp_preview.jpg
1.355219 -0.012330 2.463841 68 255 68 R1 pano_camera7/frame_0064_hp_preview.jpg
1.928092 -0.025756 1.751314 68 255 68 R1 pano_camera7/frame_0065_hp_preview.jpg
2.127111 -0.020842 1.638864 68 255 68 R1 pano_camera7/frame_0066_hp_preview.jpg
2.728192 -0.020876 1.064457 68 255 68 R1 pano_camera7/frame_0067_hp_preview.jpg
3.118305 -0.005037 0.371362 68 255 68 R1 pano_camera7/frame_0068_hp_preview.jpg
3.173934 0.001072 0.265909 68 255 68 R1 pano_camera7/frame_0069_hp_preview.jpg
3.129887 0.002961 -0.569427 68 255 68 R1 pano_camera7/frame_0070_hp_preview.jpg
2.734001 -0.003586 -1.056087 68 255 68 R1 pano_camera7/frame_0071_hp_preview.jpg
2.304418 0.001225 -1.350281 68 255 68 R1 pano_camera7/frame_0072_hp_preview.jpg
2.217444 0.003537 -1.387288 68 255 68 R1 pano_camera7/frame_0073_hp_preview.jpg
1.630669 0.004658 -1.770448 68 255 68 R1 pano_camera7/frame_0074_hp_preview.jpg
0.999418 0.018348 -2.262187 68 255 68 R1 pano_camera7/frame_0075_hp_preview.jpg
0.750304 0.008790 -2.452717 68 255 68 R1 pano_camera7/frame_0076_hp_preview.jpg
0.190317 0.027479 -2.862612 68 255 68 R1 pano_camera7/frame_0077_hp_preview.jpg
-0.463505 0.045807 -3.314315 68 255 68 R1 pano_camera7/frame_0078_hp_preview.jpg
-1.287042 0.031023 -4.037087 68 255 68 R1 pano_camera7/frame_0079_hp_preview.jpg
-1.607645 0.048481 -4.651190 68 255 68 R1 pano_camera7/frame_0080_hp_preview.jpg
2.454772 0.036233 -2.629834 68 255 68 R1 pano_camera7/frame_0118_hp_preview.jpg
2.384150 0.035478 -2.178359 68 255 68 R1 pano_camera7/frame_0119_hp_preview.jpg
2.683763 0.030403 -1.527830 68 255 68 R1 pano_camera7/frame_0120_hp_preview.jpg
3.002615 0.022324 -1.257407 68 255 68 R1 pano_camera7/frame_0121_hp_preview.jpg
3.299576 0.029396 -1.086586 68 255 68 R1 pano_camera7/frame_0122_hp_preview.jpg
3.951214 0.037223 -0.899482 68 255 68 R1 pano_camera7/frame_0123_hp_preview.jpg
4.490364 0.043250 -0.987861 68 255 68 R1 pano_camera7/frame_0124_hp_preview.jpg
4.652818 0.042681 -1.319129 68 255 68 R1 pano_camera7/frame_0125_hp_preview.jpg
4.678842 0.068225 -1.530479 68 255 68 R1 pano_camera7/frame_0126_hp_preview.jpg
4.289671 -0.006682 0.919550 68 255 68 R1 pano_camera7/frame_0197_hp_preview.jpg

# Object R2: Blue (88 points)
# Transform: Pos(-0.874, 0.024, -0.874) Scale(1.000, 1.000, 1.000) Quat(-0.017, 0.248, 0.016, 0.968)
-3.001239 0.090539 4.087794 68 68 255 R2 pano_camera0/frame_0089_hp_preview.jpg
-3.828434 0.080928 2.360598 68 68 255 R2 pano_camera0/frame_0090_hp_preview.jpg
-3.845262 0.075128 2.314764 68 68 255 R2 pano_camera0/frame_0091_hp_preview.jpg
-3.640976 -0.066284 -0.394378 68 68 255 R2 pano_camera0/frame_0092_hp_preview.jpg
-3.257206 -0.029398 -1.029468 68 68 255 R2 pano_camera0/frame_0093_hp_preview.jpg
-2.347787 0.026198 -1.962304 68 68 255 R2 pano_camera0/frame_0094_hp_preview.jpg
-1.110907 -0.021898 -2.898558 68 68 255 R2 pano_camera0/frame_0095_hp_preview.jpg
0.608215 -0.019074 -3.660984 68 68 255 R2 pano_camera0/frame_0096_hp_preview.jpg
3.233198 -0.006454 -3.076378 68 68 255 R2 pano_camera0/frame_0097_hp_preview.jpg
3.651843 -0.030726 -2.823875 68 68 255 R2 pano_camera0/frame_0098_hp_preview.jpg
5.713241 0.006899 -0.973192 68 68 255 R2 pano_camera0/frame_0099_hp_preview.jpg
-3.001239 0.090539 4.087794 68 68 255 R2 pano_camera1/frame_0089_hp_preview.jpg
-3.828434 0.080928 2.360598 68 68 255 R2 pano_camera1/frame_0090_hp_preview.jpg
-3.845262 0.075128 2.314764 68 68 255 R2 pano_camera1/frame_0091_hp_preview.jpg
-3.640976 -0.066284 -0.394378 68 68 255 R2 pano_camera1/frame_0092_hp_preview.jpg
-3.257206 -0.029398 -1.029468 68 68 255 R2 pano_camera1/frame_0093_hp_preview.jpg
-2.347787 0.026198 -1.962304 68 68 255 R2 pano_camera1/frame_0094_hp_preview.jpg
-1.110907 -0.021898 -2.898558 68 68 255 R2 pano_camera1/frame_0095_hp_preview.jpg
0.608215 -0.019074 -3.660984 68 68 255 R2 pano_camera1/frame_0096_hp_preview.jpg
3.233198 -0.006454 -3.076378 68 68 255 R2 pano_camera1/frame_0097_hp_preview.jpg
3.651843 -0.030726 -2.823875 68 68 255 R2 pano_camera1/frame_0098_hp_preview.jpg
5.713241 0.006899 -0.973192 68 68 255 R2 pano_camera1/frame_0099_hp_preview.jpg
-3.001239 0.090539 4.087794 68 68 255 R2 pano_camera2/frame_0089_hp_preview.jpg
-3.828434 0.080928 2.360598 68 68 255 R2 pano_camera2/frame_0090_hp_preview.jpg
-3.845262 0.075128 2.314764 68 68 255 R2 pano_camera2/frame_0091_hp_preview.jpg
-3.640976 -0.066284 -0.394378 68 68 255 R2 pano_camera2/frame_0092_hp_preview.jpg
-3.257206 -0.029398 -1.029468 68 68 255 R2 pano_camera2/frame_0093_hp_preview.jpg
-2.347787 0.026198 -1.962304 68 68 255 R2 pano_camera2/frame_0094_hp_preview.jpg
-1.110907 -0.021898 -2.898558 68 68 255 R2 pano_camera2/frame_0095_hp_preview.jpg
0.608215 -0.019074 -3.660984 68 68 255 R2 pano_camera2/frame_0096_hp_preview.jpg
3.233198 -0.006454 -3.076378 68 68 255 R2 pano_camera2/frame_0097_hp_preview.jpg
3.651843 -0.030726 -2.823875 68 68 255 R2 pano_camera2/frame_0098_hp_preview.jpg
5.713241 0.006899 -0.973192 68 68 255 R2 pano_camera2/frame_0099_hp_preview.jpg
-3.001239 0.090539 4.087794 68 68 255 R2 pano_camera3/frame_0089_hp_preview.jpg
-3.828434 0.080928 2.360598 68 68 255 R2 pano_camera3/frame_0090_hp_preview.jpg
-3.845262 0.075128 2.314764 68 68 255 R2 pano_camera3/frame_0091_hp_preview.jpg
-3.640976 -0.066284 -0.394378 68 68 255 R2 pano_camera3/frame_0092_hp_preview.jpg
-3.257206 -0.029398 -1.029468 68 68 255 R2 pano_camera3/frame_0093_hp_preview.jpg
-2.347787 0.026198 -1.962304 68 68 255 R2 pano_camera3/frame_0094_hp_preview.jpg
-1.110907 -0.021898 -2.898558 68 68 255 R2 pano_camera3/frame_0095_hp_preview.jpg
0.608215 -0.019074 -3.660984 68 68 255 R2 pano_camera3/frame_0096_hp_preview.jpg
3.233198 -0.006454 -3.076378 68 68 255 R2 pano_camera3/frame_0097_hp_preview.jpg
3.651843 -0.030726 -2.823875 68 68 255 R2 pano_camera3/frame_0098_hp_preview.jpg
5.713241 0.006899 -0.973192 68 68 255 R2 pano_camera3/frame_0099_hp_preview.jpg
-3.001239 0.090539 4.087794 68 68 255 R2 pano_camera4/frame_0089_hp_preview.jpg
-3.828434 0.080928 2.360598 68 68 255 R2 pano_camera4/frame_0090_hp_preview.jpg
-3.845262 0.075128 2.314764 68 68 255 R2 pano_camera4/frame_0091_hp_preview.jpg
-3.640976 -0.066284 -0.394378 68 68 255 R2 pano_camera4/frame_0092_hp_preview.jpg
-3.257206 -0.029398 -1.029468 68 68 255 R2 pano_camera4/frame_0093_hp_preview.jpg
-2.347787 0.026198 -1.962304 68 68 255 R2 pano_camera4/frame_0094_hp_preview.jpg
-1.110907 -0.021898 -2.898558 68 68 255 R2 pano_camera4/frame_0095_hp_preview.jpg
0.608215 -0.019074 -3.660984 68 68 255 R2 pano_camera4/frame_0096_hp_preview.jpg
3.233198 -0.006454 -3.076378 68 68 255 R2 pano_camera4/frame_0097_hp_preview.jpg
3.651843 -0.030726 -2.823875 68 68 255 R2 pano_camera4/frame_0098_hp_preview.jpg
5.713241 0.006899 -0.973192 68 68 255 R2 pano_camera4/frame_0099_hp_preview.jpg
-3.001239 0.090539 4.087794 68 68 255 R2 pano_camera5/frame_0089_hp_preview.jpg
-3.828434 0.080928 2.360598 68 68 255 R2 pano_camera5/frame_0090_hp_preview.jpg
-3.845262 0.075128 2.314764 68 68 255 R2 pano_camera5/frame_0091_hp_preview.jpg
-3.640976 -0.066284 -0.394378 68 68 255 R2 pano_camera5/frame_0092_hp_preview.jpg
-3.257206 -0.029398 -1.029468 68 68 255 R2 pano_camera5/frame_0093_hp_preview.jpg
-2.347787 0.026198 -1.962304 68 68 255 R2 pano_camera5/frame_0094_hp_preview.jpg
-1.110907 -0.021898 -2.898558 68 68 255 R2 pano_camera5/frame_0095_hp_preview.jpg
0.608215 -0.019074 -3.660984 68 68 255 R2 pano_camera5/frame_0096_hp_preview.jpg
3.233198 -0.006454 -3.076378 68 68 255 R2 pano_camera5/frame_0097_hp_preview.jpg
3.651843 -0.030726 -2.823875 68 68 255 R2 pano_camera5/frame_0098_hp_preview.jpg
5.713241 0.006899 -0.973192 68 68 255 R2 pano_camera5/frame_0099_hp_preview.jpg
-3.001239 0.090539 4.087794 68 68 255 R2 pano_camera6/frame_0089_hp_preview.jpg
-3.828434 0.080928 2.360598 68 68 255 R2 pano_camera6/frame_0090_hp_preview.jpg
-3.845262 0.075128 2.314764 68 68 255 R2 pano_camera6/frame_0091_hp_preview.jpg
-3.640976 -0.066284 -0.394378 68 68 255 R2 pano_camera6/frame_0092_hp_preview.jpg
-3.257206 -0.029398 -1.029468 68 68 255 R2 pano_camera6/frame_0093_hp_preview.jpg
-2.347787 0.026198 -1.962304 68 68 255 R2 pano_camera6/frame_0094_hp_preview.jpg
-1.110907 -0.021898 -2.898558 68 68 255 R2 pano_camera6/frame_0095_hp_preview.jpg
0.608215 -0.019074 -3.660984 68 68 255 R2 pano_camera6/frame_0096_hp_preview.jpg
3.233198 -0.006454 -3.076378 68 68 255 R2 pano_camera6/frame_0097_hp_preview.jpg
3.651843 -0.030726 -2.823875 68 68 255 R2 pano_camera6/frame_0098_hp_preview.jpg
5.713241 0.006899 -0.973192 68 68 255 R2 pano_camera6/frame_0099_hp_preview.jpg
-3.001239 0.090539 4.087794 68 68 255 R2 pano_camera7/frame_0089_hp_preview.jpg
-3.828434 0.080928 2.360598 68 68 255 R2 pano_camera7/frame_0090_hp_preview.jpg
-3.845262 0.075128 2.314764 68 68 255 R2 pano_camera7/frame_0091_hp_preview.jpg
-3.640976 -0.066284 -0.394378 68 68 255 R2 pano_camera7/frame_0092_hp_preview.jpg
-3.257206 -0.029398 -1.029468 68 68 255 R2 pano_camera7/frame_0093_hp_preview.jpg
-2.347787 0.026198 -1.962304 68 68 255 R2 pano_camera7/frame_0094_hp_preview.jpg
-1.110907 -0.021898 -2.898558 68 68 255 R2 pano_camera7/frame_0095_hp_preview.jpg
0.608215 -0.019074 -3.660984 68 68 255 R2 pano_camera7/frame_0096_hp_preview.jpg
3.233198 -0.006454 -3.076378 68 68 255 R2 pano_camera7/frame_0097_hp_preview.jpg
3.651843 -0.030726 -2.823875 68 68 255 R2 pano_camera7/frame_0098_hp_preview.jpg
5.713241 0.006899 -0.973192 68 68 255 R2 pano_camera7/frame_0099_hp_preview.jpg

# Object R3: Yellow (88 points)
# Transform: Pos(0.209, 0.014, 2.440) Scale(1.000, 1.000, 1.000) Quat(-0.003, -0.819, 0.003, 0.574)
2.005105 -0.024437 5.952069 255 255 68 R3 pano_camera0/frame_0143_hp_preview.jpg
2.409710 0.079038 4.884888 255 255 68 R3 pano_camera0/frame_0144_hp_preview.jpg
1.746864 0.091325 3.941592 255 255 68 R3 pano_camera0/frame_0145_hp_preview.jpg
-2.390329 -0.004224 3.642293 255 255 68 R3 pano_camera0/frame_0146_hp_preview.jpg
-3.097668 -0.001570 3.637543 255 255 68 R3 pano_camera0/frame_0147_hp_preview.jpg
-4.607207 0.035108 2.733844 255 255 68 R3 pano_camera0/frame_0148_hp_preview.jpg
-3.622555 -0.000808 -0.754855 255 255 68 R3 pano_camera0/frame_0149_hp_preview.jpg
-0.750635 -0.069495 -1.908728 255 255 68 R3 pano_camera0/frame_0150_hp_preview.jpg
1.952617 -0.030277 -1.076333 255 255 68 R3 pano_camera0/frame_0151_hp_preview.jpg
4.032174 -0.012553 1.968610 255 255 68 R3 pano_camera0/frame_0152_hp_preview.jpg
4.102328 0.040781 2.508682 255 255 68 R3 pano_camera0/frame_0153_hp_preview.jpg
2.005105 -0.024437 5.952069 255 255 68 R3 pano_camera1/frame_0143_hp_preview.jpg
2.409710 0.079038 4.884888 255 255 68 R3 pano_camera1/frame_0144_hp_preview.jpg
1.746864 0.091325 3.941592 255 255 68 R3 pano_camera1/frame_0145_hp_preview.jpg
-2.390329 -0.004224 3.642293 255 255 68 R3 pano_camera1/frame_0146_hp_preview.jpg
-3.097668 -0.001570 3.637543 255 255 68 R3 pano_camera1/frame_0147_hp_preview.jpg
-4.607207 0.035108 2.733844 255 255 68 R3 pano_camera1/frame_0148_hp_preview.jpg
-3.622555 -0.000808 -0.754855 255 255 68 R3 pano_camera1/frame_0149_hp_preview.jpg
-0.750635 -0.069495 -1.908728 255 255 68 R3 pano_camera1/frame_0150_hp_preview.jpg
1.952617 -0.030277 -1.076333 255 255 68 R3 pano_camera1/frame_0151_hp_preview.jpg
4.032174 -0.012553 1.968610 255 255 68 R3 pano_camera1/frame_0152_hp_preview.jpg
4.102328 0.040781 2.508682 255 255 68 R3 pano_camera1/frame_0153_hp_preview.jpg
2.005105 -0.024437 5.952069 255 255 68 R3 pano_camera2/frame_0143_hp_preview.jpg
2.409710 0.079038 4.884888 255 255 68 R3 pano_camera2/frame_0144_hp_preview.jpg
1.746864 0.091325 3.941592 255 255 68 R3 pano_camera2/frame_0145_hp_preview.jpg
-2.390329 -0.004224 3.642293 255 255 68 R3 pano_camera2/frame_0146_hp_preview.jpg
-3.097668 -0.001570 3.637543 255 255 68 R3 pano_camera2/frame_0147_hp_preview.jpg
-4.607207 0.035108 2.733844 255 255 68 R3 pano_camera2/frame_0148_hp_preview.jpg
-3.622555 -0.000808 -0.754855 255 255 68 R3 pano_camera2/frame_0149_hp_preview.jpg
-0.750635 -0.069495 -1.908728 255 255 68 R3 pano_camera2/frame_0150_hp_preview.jpg
1.952617 -0.030277 -1.076333 255 255 68 R3 pano_camera2/frame_0151_hp_preview.jpg
4.032174 -0.012553 1.968610 255 255 68 R3 pano_camera2/frame_0152_hp_preview.jpg
4.102328 0.040781 2.508682 255 255 68 R3 pano_camera2/frame_0153_hp_preview.jpg
2.005105 -0.024437 5.952069 255 255 68 R3 pano_camera3/frame_0143_hp_preview.jpg
2.409710 0.079038 4.884888 255 255 68 R3 pano_camera3/frame_0144_hp_preview.jpg
1.746864 0.091325 3.941592 255 255 68 R3 pano_camera3/frame_0145_hp_preview.jpg
-2.390329 -0.004224 3.642293 255 255 68 R3 pano_camera3/frame_0146_hp_preview.jpg
-3.097668 -0.001570 3.637543 255 255 68 R3 pano_camera3/frame_0147_hp_preview.jpg
-4.607207 0.035108 2.733844 255 255 68 R3 pano_camera3/frame_0148_hp_preview.jpg
-3.622555 -0.000808 -0.754855 255 255 68 R3 pano_camera3/frame_0149_hp_preview.jpg
-0.750635 -0.069495 -1.908728 255 255 68 R3 pano_camera3/frame_0150_hp_preview.jpg
1.952617 -0.030277 -1.076333 255 255 68 R3 pano_camera3/frame_0151_hp_preview.jpg
4.032174 -0.012553 1.968610 255 255 68 R3 pano_camera3/frame_0152_hp_preview.jpg
4.102328 0.040781 2.508682 255 255 68 R3 pano_camera3/frame_0153_hp_preview.jpg
2.005105 -0.024437 5.952069 255 255 68 R3 pano_camera4/frame_0143_hp_preview.jpg
2.409710 0.079038 4.884888 255 255 68 R3 pano_camera4/frame_0144_hp_preview.jpg
1.746864 0.091325 3.941592 255 255 68 R3 pano_camera4/frame_0145_hp_preview.jpg
-2.390329 -0.004224 3.642293 255 255 68 R3 pano_camera4/frame_0146_hp_preview.jpg
-3.097668 -0.001570 3.637543 255 255 68 R3 pano_camera4/frame_0147_hp_preview.jpg
-4.607207 0.035108 2.733844 255 255 68 R3 pano_camera4/frame_0148_hp_preview.jpg
-3.622555 -0.000808 -0.754855 255 255 68 R3 pano_camera4/frame_0149_hp_preview.jpg
-0.750635 -0.069495 -1.908728 255 255 68 R3 pano_camera4/frame_0150_hp_preview.jpg
1.952617 -0.030277 -1.076333 255 255 68 R3 pano_camera4/frame_0151_hp_preview.jpg
4.032174 -0.012553 1.968610 255 255 68 R3 pano_camera4/frame_0152_hp_preview.jpg
4.102328 0.040781 2.508682 255 255 68 R3 pano_camera4/frame_0153_hp_preview.jpg
2.005105 -0.024437 5.952069 255 255 68 R3 pano_camera5/frame_0143_hp_preview.jpg
2.409710 0.079038 4.884888 255 255 68 R3 pano_camera5/frame_0144_hp_preview.jpg
1.746864 0.091325 3.941592 255 255 68 R3 pano_camera5/frame_0145_hp_preview.jpg
-2.390329 -0.004224 3.642293 255 255 68 R3 pano_camera5/frame_0146_hp_preview.jpg
-3.097668 -0.001570 3.637543 255 255 68 R3 pano_camera5/frame_0147_hp_preview.jpg
-4.607207 0.035108 2.733844 255 255 68 R3 pano_camera5/frame_0148_hp_preview.jpg
-3.622555 -0.000808 -0.754855 255 255 68 R3 pano_camera5/frame_0149_hp_preview.jpg
-0.750635 -0.069495 -1.908728 255 255 68 R3 pano_camera5/frame_0150_hp_preview.jpg
1.952617 -0.030277 -1.076333 255 255 68 R3 pano_camera5/frame_0151_hp_preview.jpg
4.032174 -0.012553 1.968610 255 255 68 R3 pano_camera5/frame_0152_hp_preview.jpg
4.102328 0.040781 2.508682 255 255 68 R3 pano_camera5/frame_0153_hp_preview.jpg
2.005105 -0.024437 5.952069 255 255 68 R3 pano_camera6/frame_0143_hp_preview.jpg
2.409710 0.079038 4.884888 255 255 68 R3 pano_camera6/frame_0144_hp_preview.jpg
1.746864 0.091325 3.941592 255 255 68 R3 pano_camera6/frame_0145_hp_preview.jpg
-2.390329 -0.004224 3.642293 255 255 68 R3 pano_camera6/frame_0146_hp_preview.jpg
-3.097668 -0.001570 3.637543 255 255 68 R3 pano_camera6/frame_0147_hp_preview.jpg
-4.607207 0.035108 2.733844 255 255 68 R3 pano_camera6/frame_0148_hp_preview.jpg
-3.622555 -0.000808 -0.754855 255 255 68 R3 pano_camera6/frame_0149_hp_preview.jpg
-0.750635 -0.069495 -1.908728 255 255 68 R3 pano_camera6/frame_0150_hp_preview.jpg
1.952617 -0.030277 -1.076333 255 255 68 R3 pano_camera6/frame_0151_hp_preview.jpg
4.032174 -0.012553 1.968610 255 255 68 R3 pano_camera6/frame_0152_hp_preview.jpg
4.102328 0.040781 2.508682 255 255 68 R3 pano_camera6/frame_0153_hp_preview.jpg
2.005105 -0.024437 5.952069 255 255 68 R3 pano_camera7/frame_0143_hp_preview.jpg
2.409710 0.079038 4.884888 255 255 68 R3 pano_camera7/frame_0144_hp_preview.jpg
1.746864 0.091325 3.941592 255 255 68 R3 pano_camera7/frame_0145_hp_preview.jpg
-2.390329 -0.004224 3.642293 255 255 68 R3 pano_camera7/frame_0146_hp_preview.jpg
-3.097668 -0.001570 3.637543 255 255 68 R3 pano_camera7/frame_0147_hp_preview.jpg
-4.607207 0.035108 2.733844 255 255 68 R3 pano_camera7/frame_0148_hp_preview.jpg
-3.622555 -0.000808 -0.754855 255 255 68 R3 pano_camera7/frame_0149_hp_preview.jpg
-0.750635 -0.069495 -1.908728 255 255 68 R3 pano_camera7/frame_0150_hp_preview.jpg
1.952617 -0.030277 -1.076333 255 255 68 R3 pano_camera7/frame_0151_hp_preview.jpg
4.032174 -0.012553 1.968610 255 255 68 R3 pano_camera7/frame_0152_hp_preview.jpg
4.102328 0.040781 2.508682 255 255 68 R3 pano_camera7/frame_0153_hp_preview.jpg

# Object R4: Magenta (80 points)
# Transform: Pos(-0.066, 0.006, 0.324) Scale(1.000, 1.000, 1.000) Quat(0.038, 0.751, 0.081, 0.654)
4.829400 0.061234 -1.535702 255 68 255 R4 pano_camera0/frame_0130_hp_preview.jpg
3.299147 0.043410 -0.066208 255 68 255 R4 pano_camera0/frame_0131_hp_preview.jpg
2.285578 0.029023 0.535514 255 68 255 R4 pano_camera0/frame_0132_hp_preview.jpg
2.122449 0.000279 0.617218 255 68 255 R4 pano_camera0/frame_0133_hp_preview.jpg
0.864651 -0.043290 1.279068 255 68 255 R4 pano_camera0/frame_0134_hp_preview.jpg
-0.895953 -0.177341 1.321788 255 68 255 R4 pano_camera0/frame_0135_hp_preview.jpg
-1.544202 0.074591 0.977393 255 68 255 R4 pano_camera0/frame_0136_hp_preview.jpg
-2.726440 0.084975 -0.016828 255 68 255 R4 pano_camera0/frame_0137_hp_preview.jpg
-3.577218 0.039718 -0.361606 255 68 255 R4 pano_camera0/frame_0138_hp_preview.jpg
-4.722650 0.015697 -0.285296 255 68 255 R4 pano_camera0/frame_0139_hp_preview.jpg
4.829400 0.061234 -1.535702 255 68 255 R4 pano_camera1/frame_0130_hp_preview.jpg
3.299147 0.043410 -0.066208 255 68 255 R4 pano_camera1/frame_0131_hp_preview.jpg
2.285578 0.029023 0.535514 255 68 255 R4 pano_camera1/frame_0132_hp_preview.jpg
2.122449 0.000279 0.617218 255 68 255 R4 pano_camera1/frame_0133_hp_preview.jpg
0.864651 -0.043290 1.279068 255 68 255 R4 pano_camera1/frame_0134_hp_preview.jpg
-0.895953 -0.177341 1.321788 255 68 255 R4 pano_camera1/frame_0135_hp_preview.jpg
-1.544202 0.074591 0.977393 255 68 255 R4 pano_camera1/frame_0136_hp_preview.jpg
-2.726440 0.084975 -0.016828 255 68 255 R4 pano_camera1/frame_0137_hp_preview.jpg
-3.577218 0.039718 -0.361606 255 68 255 R4 pano_camera1/frame_0138_hp_preview.jpg
-4.722650 0.015697 -0.285296 255 68 255 R4 pano_camera1/frame_0139_hp_preview.jpg
4.829400 0.061234 -1.535702 255 68 255 R4 pano_camera2/frame_0130_hp_preview.jpg
3.299147 0.043410 -0.066208 255 68 255 R4 pano_camera2/frame_0131_hp_preview.jpg
2.285578 0.029023 0.535514 255 68 255 R4 pano_camera2/frame_0132_hp_preview.jpg
2.122449 0.000279 0.617218 255 68 255 R4 pano_camera2/frame_0133_hp_preview.jpg
0.864651 -0.043290 1.279068 255 68 255 R4 pano_camera2/frame_0134_hp_preview.jpg
-0.895953 -0.177341 1.321788 255 68 255 R4 pano_camera2/frame_0135_hp_preview.jpg
-1.544202 0.074591 0.977393 255 68 255 R4 pano_camera2/frame_0136_hp_preview.jpg
-2.726440 0.084975 -0.016828 255 68 255 R4 pano_camera2/frame_0137_hp_preview.jpg
-3.577218 0.039718 -0.361606 255 68 255 R4 pano_camera2/frame_0138_hp_preview.jpg
-4.722650 0.015697 -0.285296 255 68 255 R4 pano_camera2/frame_0139_hp_preview.jpg
4.829400 0.061234 -1.535702 255 68 255 R4 pano_camera3/frame_0130_hp_preview.jpg
3.299147 0.043410 -0.066208 255 68 255 R4 pano_camera3/frame_0131_hp_preview.jpg
2.285578 0.029023 0.535514 255 68 255 R4 pano_camera3/frame_0132_hp_preview.jpg
2.122449 0.000279 0.617218 255 68 255 R4 pano_camera3/frame_0133_hp_preview.jpg
0.864651 -0.043290 1.279068 255 68 255 R4 pano_camera3/frame_0134_hp_preview.jpg
-0.895953 -0.177341 1.321788 255 68 255 R4 pano_camera3/frame_0135_hp_preview.jpg
-1.544202 0.074591 0.977393 255 68 255 R4 pano_camera3/frame_0136_hp_preview.jpg
-2.726440 0.084975 -0.016828 255 68 255 R4 pano_camera3/frame_0137_hp_preview.jpg
-3.577218 0.039718 -0.361606 255 68 255 R4 pano_camera3/frame_0138_hp_preview.jpg
-4.722650 0.015697 -0.285296 255 68 255 R4 pano_camera3/frame_0139_hp_preview.jpg
4.829400 0.061234 -1.535702 255 68 255 R4 pano_camera4/frame_0130_hp_preview.jpg
3.299147 0.043410 -0.066208 255 68 255 R4 pano_camera4/frame_0131_hp_preview.jpg
2.285578 0.029023 0.535514 255 68 255 R4 pano_camera4/frame_0132_hp_preview.jpg
2.122449 0.000279 0.617218 255 68 255 R4 pano_camera4/frame_0133_hp_preview.jpg
0.864651 -0.043290 1.279068 255 68 255 R4 pano_camera4/frame_0134_hp_preview.jpg
-0.895953 -0.177341 1.321788 255 68 255 R4 pano_camera4/frame_0135_hp_preview.jpg
-1.544202 0.074591 0.977393 255 68 255 R4 pano_camera4/frame_0136_hp_preview.jpg
-2.726440 0.084975 -0.016828 255 68 255 R4 pano_camera4/frame_0137_hp_preview.jpg
-3.577218 0.039718 -0.361606 255 68 255 R4 pano_camera4/frame_0138_hp_preview.jpg
-4.722650 0.015697 -0.285296 255 68 255 R4 pano_camera4/frame_0139_hp_preview.jpg
4.829400 0.061234 -1.535702 255 68 255 R4 pano_camera5/frame_0130_hp_preview.jpg
3.299147 0.043410 -0.066208 255 68 255 R4 pano_camera5/frame_0131_hp_preview.jpg
2.285578 0.029023 0.535514 255 68 255 R4 pano_camera5/frame_0132_hp_preview.jpg
2.122449 0.000279 0.617218 255 68 255 R4 pano_camera5/frame_0133_hp_preview.jpg
0.864651 -0.043290 1.279068 255 68 255 R4 pano_camera5/frame_0134_hp_preview.jpg
-0.895953 -0.177341 1.321788 255 68 255 R4 pano_camera5/frame_0135_hp_preview.jpg
-1.544202 0.074591 0.977393 255 68 255 R4 pano_camera5/frame_0136_hp_preview.jpg
-2.726440 0.084975 -0.016828 255 68 255 R4 pano_camera5/frame_0137_hp_preview.jpg
-3.577218 0.039718 -0.361606 255 68 255 R4 pano_camera5/frame_0138_hp_preview.jpg
-4.722650 0.015697 -0.285296 255 68 255 R4 pano_camera5/frame_0139_hp_preview.jpg
4.829400 0.061234 -1.535702 255 68 255 R4 pano_camera6/frame_0130_hp_preview.jpg
3.299147 0.043410 -0.066208 255 68 255 R4 pano_camera6/frame_0131_hp_preview.jpg
2.285578 0.029023 0.535514 255 68 255 R4 pano_camera6/frame_0132_hp_preview.jpg
2.122449 0.000279 0.617218 255 68 255 R4 pano_camera6/frame_0133_hp_preview.jpg
0.864651 -0.043290 1.279068 255 68 255 R4 pano_camera6/frame_0134_hp_preview.jpg
-0.895953 -0.177341 1.321788 255 68 255 R4 pano_camera6/frame_0135_hp_preview.jpg
-1.544202 0.074591 0.977393 255 68 255 R4 pano_camera6/frame_0136_hp_preview.jpg
-2.726440 0.084975 -0.016828 255 68 255 R4 pano_camera6/frame_0137_hp_preview.jpg
-3.577218 0.039718 -0.361606 255 68 255 R4 pano_camera6/frame_0138_hp_preview.jpg
-4.722650 0.015697 -0.285296 255 68 255 R4 pano_camera6/frame_0139_hp_preview.jpg
4.829400 0.061234 -1.535702 255 68 255 R4 pano_camera7/frame_0130_hp_preview.jpg
3.299147 0.043410 -0.066208 255 68 255 R4 pano_camera7/frame_0131_hp_preview.jpg
2.285578 0.029023 0.535514 255 68 255 R4 pano_camera7/frame_0132_hp_preview.jpg
2.122449 0.000279 0.617218 255 68 255 R4 pano_camera7/frame_0133_hp_preview.jpg
0.864651 -0.043290 1.279068 255 68 255 R4 pano_camera7/frame_0134_hp_preview.jpg
-0.895953 -0.177341 1.321788 255 68 255 R4 pano_camera7/frame_0135_hp_preview.jpg
-1.544202 0.074591 0.977393 255 68 255 R4 pano_camera7/frame_0136_hp_preview.jpg
-2.726440 0.084975 -0.016828 255 68 255 R4 pano_camera7/frame_0137_hp_preview.jpg
-3.577218 0.039718 -0.361606 255 68 255 R4 pano_camera7/frame_0138_hp_preview.jpg
-4.722650 0.015697 -0.285296 255 68 255 R4 pano_camera7/frame_0139_hp_preview.jpg

# End of file - 2808 total points exported
