# Enhanced PTS File with Visual Information
# Format: X Y Z R G B OBJECT_ID IMAGE_NAME
# Generated from Three.js Transform Viewer
# Export Date: 2025-10-20T19:31:40.543Z
# Total Objects: 5

# Object R0: Reddish (1832 points)
# Transform: Pos(0.000, 0.000, 0.000) Scale(1.000, 1.000, 1.000) Quat(0.000, 0.000, 0.000, 1.000)
4.839951 -0.025471 2.343401 230 57 70 R0 pano_camera0/frame_0140_hp_preview.jpg
4.967712 -0.019578 2.470891 230 57 70 R0 pano_camera0/frame_0141_hp_preview.jpg
5.186017 -0.022848 2.711520 230 57 70 R0 pano_camera0/frame_0142_hp_preview.jpg
5.342925 -0.024480 2.810063 230 57 70 R0 pano_camera0/frame_0143_hp_preview.jpg
5.518690 -0.009931 2.758182 230 57 70 R0 pano_camera0/frame_0144_hp_preview.jpg
5.577041 -0.006818 2.581494 230 57 70 R0 pano_camera0/frame_0145_hp_preview.jpg
4.715282 -0.012899 2.770313 230 57 70 R0 pano_camera0/frame_0157_hp_preview.jpg
4.577598 -0.008838 2.856272 230 57 70 R0 pano_camera0/frame_0158_hp_preview.jpg
4.528535 -0.002846 2.953972 230 57 70 R0 pano_camera0/frame_0159_hp_preview.jpg
4.279873 -0.006715 3.562706 230 57 70 R0 pano_camera0/frame_0160_hp_preview.jpg
4.072468 -0.005769 3.824734 230 57 70 R0 pano_camera0/frame_0161_hp_preview.jpg
3.771378 0.011096 4.113810 230 57 70 R0 pano_camera0/frame_0162_hp_preview.jpg
3.564070 0.019397 4.273577 230 57 70 R0 pano_camera0/frame_0163_hp_preview.jpg
3.339033 0.031551 4.415810 230 57 70 R0 pano_camera0/frame_0164_hp_preview.jpg
2.941681 0.037369 4.402871 230 57 70 R0 pano_camera0/frame_0165_hp_preview.jpg
2.780572 0.036485 4.269844 230 57 70 R0 pano_camera0/frame_0166_hp_preview.jpg
2.533800 0.039496 3.910046 230 57 70 R0 pano_camera0/frame_0167_hp_preview.jpg
2.585897 0.030483 3.523406 230 57 70 R0 pano_camera0/frame_0168_hp_preview.jpg
2.675928 0.039342 3.407216 230 57 70 R0 pano_camera0/frame_0169_hp_preview.jpg
3.211332 0.013854 2.875208 230 57 70 R0 pano_camera0/frame_0170_hp_preview.jpg
3.284026 0.026233 2.805617 230 57 70 R0 pano_camera0/frame_0171_hp_preview.jpg
3.623421 0.004053 2.480109 230 57 70 R0 pano_camera0/frame_0172_hp_preview.jpg
3.700719 0.008179 2.099843 230 57 70 R0 pano_camera0/frame_0173_hp_preview.jpg
3.496462 0.014154 1.764058 230 57 70 R0 pano_camera0/frame_0174_hp_preview.jpg
3.487382 0.017176 1.758548 230 57 70 R0 pano_camera0/frame_0175_hp_preview.jpg
3.056100 0.015626 1.664286 230 57 70 R0 pano_camera0/frame_0176_hp_preview.jpg
2.812080 0.028696 1.712791 230 57 70 R0 pano_camera0/frame_0177_hp_preview.jpg
2.350241 0.033582 1.730529 230 57 70 R0 pano_camera0/frame_0178_hp_preview.jpg
2.028907 0.038350 1.482150 230 57 70 R0 pano_camera0/frame_0179_hp_preview.jpg
1.986767 0.036004 1.288525 230 57 70 R0 pano_camera0/frame_0180_hp_preview.jpg
2.118653 0.017107 1.050865 230 57 70 R0 pano_camera0/frame_0181_hp_preview.jpg
2.313809 0.010458 0.889523 230 57 70 R0 pano_camera0/frame_0182_hp_preview.jpg
2.538551 0.014652 0.570323 230 57 70 R0 pano_camera0/frame_0183_hp_preview.jpg
2.386935 0.004253 0.421756 230 57 70 R0 pano_camera0/frame_0184_hp_preview.jpg
2.233266 0.008006 0.470576 230 57 70 R0 pano_camera0/frame_0185_hp_preview.jpg
2.040202 0.007316 0.614533 230 57 70 R0 pano_camera0/frame_0186_hp_preview.jpg
1.841504 0.012238 0.750079 230 57 70 R0 pano_camera0/frame_0187_hp_preview.jpg
1.541910 0.020213 0.854685 230 57 70 R0 pano_camera0/frame_0188_hp_preview.jpg
1.238694 0.024905 0.766640 230 57 70 R0 pano_camera0/frame_0189_hp_preview.jpg
1.207903 0.030810 0.747513 230 57 70 R0 pano_camera0/frame_0190_hp_preview.jpg
1.040913 0.033419 0.532855 230 57 70 R0 pano_camera0/frame_0191_hp_preview.jpg
1.039040 0.033578 0.172904 230 57 70 R0 pano_camera0/frame_0192_hp_preview.jpg
1.170509 0.022220 -0.078137 230 57 70 R0 pano_camera0/frame_0193_hp_preview.jpg
1.390682 0.006587 -0.360998 230 57 70 R0 pano_camera0/frame_0194_hp_preview.jpg
1.529188 0.007764 -0.573882 230 57 70 R0 pano_camera0/frame_0195_hp_preview.jpg
1.501087 -0.005618 -0.778141 230 57 70 R0 pano_camera0/frame_0196_hp_preview.jpg
1.301743 -0.003346 -1.150226 230 57 70 R0 pano_camera0/frame_0197_hp_preview.jpg
0.924593 0.015182 -1.630985 230 57 70 R0 pano_camera0/frame_0198_hp_preview.jpg
0.814281 0.021477 -1.771715 230 57 70 R0 pano_camera0/frame_0199_hp_preview.jpg
0.191775 0.059690 -2.339663 230 57 70 R0 pano_camera0/frame_0200_hp_preview.jpg
0.200334 0.104007 -2.434131 230 57 70 R0 pano_camera0/frame_0201_hp_preview.jpg
0.164437 0.036493 -1.197300 230 57 70 R0 pano_camera0/frame_0226_hp_preview.jpg
-0.441548 0.056453 0.075151 230 57 70 R0 pano_camera0/frame_0240_hp_preview.jpg
-0.427002 0.049106 0.140970 230 57 70 R0 pano_camera0/frame_0241_hp_preview.jpg
-0.530377 0.046971 0.418321 230 57 70 R0 pano_camera0/frame_0242_hp_preview.jpg
-0.412447 0.043384 0.580653 230 57 70 R0 pano_camera0/frame_0243_hp_preview.jpg
-0.199111 0.037229 0.565551 230 57 70 R0 pano_camera0/frame_0244_hp_preview.jpg
-0.095758 0.032102 0.583356 230 57 70 R0 pano_camera0/frame_0245_hp_preview.jpg
0.175653 0.002676 0.646184 230 57 70 R0 pano_camera0/frame_0246_hp_preview.jpg
0.303033 0.007129 0.571790 230 57 70 R0 pano_camera0/frame_0247_hp_preview.jpg
0.618712 0.002589 0.644318 230 57 70 R0 pano_camera0/frame_0248_hp_preview.jpg
0.654295 0.000104 0.664243 230 57 70 R0 pano_camera0/frame_0249_hp_preview.jpg
1.281176 -0.002320 1.131125 230 57 70 R0 pano_camera0/frame_0250_hp_preview.jpg
1.291562 -0.003862 1.140655 230 57 70 R0 pano_camera0/frame_0251_hp_preview.jpg
1.595067 0.005720 1.562371 230 57 70 R0 pano_camera0/frame_0252_hp_preview.jpg
1.743760 0.025744 2.101405 230 57 70 R0 pano_camera0/frame_0253_hp_preview.jpg
1.471959 0.043448 2.426614 230 57 70 R0 pano_camera0/frame_0254_hp_preview.jpg
1.429311 0.040869 2.432105 230 57 70 R0 pano_camera0/frame_0255_hp_preview.jpg
0.997899 0.082119 2.075986 230 57 70 R0 pano_camera0/frame_0256_hp_preview.jpg
0.868702 0.208590 1.901349 230 57 70 R0 pano_camera0/frame_0257_hp_preview.jpg
0.819885 0.289995 1.834203 230 57 70 R0 pano_camera0/frame_0258_hp_preview.jpg
0.742097 0.363486 1.710433 230 57 70 R0 pano_camera0/frame_0259_hp_preview.jpg
0.562837 0.612033 1.436280 230 57 70 R0 pano_camera0/frame_0260_hp_preview.jpg
0.560209 0.614730 1.429992 230 57 70 R0 pano_camera0/frame_0261_hp_preview.jpg
0.349334 0.872669 1.165787 230 57 70 R0 pano_camera0/frame_0262_hp_preview.jpg
0.338892 0.882060 1.159079 230 57 70 R0 pano_camera0/frame_0263_hp_preview.jpg
0.234341 1.025326 1.020610 230 57 70 R0 pano_camera0/frame_0264_hp_preview.jpg
0.073135 1.202418 0.813219 230 57 70 R0 pano_camera0/frame_0265_hp_preview.jpg
0.027881 1.335193 0.586018 230 57 70 R0 pano_camera0/frame_0266_hp_preview.jpg
0.041467 1.409014 0.376365 230 57 70 R0 pano_camera0/frame_0267_hp_preview.jpg
0.243023 1.399077 0.144144 230 57 70 R0 pano_camera0/frame_0268_hp_preview.jpg
0.616197 1.399275 -0.220767 230 57 70 R0 pano_camera0/frame_0269_hp_preview.jpg
0.802504 1.414095 -0.375836 230 57 70 R0 pano_camera0/frame_0270_hp_preview.jpg
1.170129 1.401995 -0.637379 230 57 70 R0 pano_camera0/frame_0271_hp_preview.jpg
1.510628 1.399938 -0.886953 230 57 70 R0 pano_camera0/frame_0272_hp_preview.jpg
1.693816 1.407023 -1.033637 230 57 70 R0 pano_camera0/frame_0273_hp_preview.jpg
2.281996 1.392522 -1.480978 230 57 70 R0 pano_camera0/frame_0274_hp_preview.jpg
2.340232 1.395328 -1.537402 230 57 70 R0 pano_camera0/frame_0275_hp_preview.jpg
2.811970 1.390876 -1.910205 230 57 70 R0 pano_camera0/frame_0276_hp_preview.jpg
2.950504 1.393958 -2.037445 230 57 70 R0 pano_camera0/frame_0277_hp_preview.jpg
3.368959 1.403976 -2.444415 230 57 70 R0 pano_camera0/frame_0278_hp_preview.jpg
3.606303 1.397406 -2.614466 230 57 70 R0 pano_camera0/frame_0279_hp_preview.jpg
4.190634 1.392812 -3.115723 230 57 70 R0 pano_camera0/frame_0280_hp_preview.jpg
4.303215 1.388829 -3.197741 230 57 70 R0 pano_camera0/frame_0281_hp_preview.jpg
4.454707 1.381603 -3.351019 230 57 70 R0 pano_camera0/frame_0282_hp_preview.jpg
4.532496 1.377510 -3.585692 230 57 70 R0 pano_camera0/frame_0283_hp_preview.jpg
4.353452 1.369219 -3.972809 230 57 70 R0 pano_camera0/frame_0284_hp_preview.jpg
4.316245 1.367174 -3.999270 230 57 70 R0 pano_camera0/frame_0285_hp_preview.jpg
4.061034 1.368764 -4.204597 230 57 70 R0 pano_camera0/frame_0286_hp_preview.jpg
3.860833 1.385978 -4.212352 230 57 70 R0 pano_camera0/frame_0287_hp_preview.jpg
3.599749 1.398637 -4.227243 230 57 70 R0 pano_camera0/frame_0288_hp_preview.jpg
3.444878 1.405925 -4.303098 230 57 70 R0 pano_camera0/frame_0289_hp_preview.jpg
3.338569 1.404515 -4.557018 230 57 70 R0 pano_camera0/frame_0290_hp_preview.jpg
3.241878 1.393708 -5.104948 230 57 70 R0 pano_camera0/frame_0291_hp_preview.jpg
3.176744 1.393455 -5.317511 230 57 70 R0 pano_camera0/frame_0292_hp_preview.jpg
3.133972 1.388144 -5.494733 230 57 70 R0 pano_camera0/frame_0293_hp_preview.jpg
2.673524 1.377784 -5.939858 230 57 70 R0 pano_camera0/frame_0294_hp_preview.jpg
2.623400 1.379605 -5.951916 230 57 70 R0 pano_camera0/frame_0295_hp_preview.jpg
2.081700 1.381403 -5.759070 230 57 70 R0 pano_camera0/frame_0296_hp_preview.jpg
1.982134 1.389347 -5.413187 230 57 70 R0 pano_camera0/frame_0297_hp_preview.jpg
1.954710 1.379261 -5.103073 230 57 70 R0 pano_camera0/frame_0298_hp_preview.jpg
1.942953 1.386189 -4.860958 230 57 70 R0 pano_camera0/frame_0299_hp_preview.jpg
1.912209 1.393452 -4.398749 230 57 70 R0 pano_camera0/frame_0300_hp_preview.jpg
1.909635 1.379794 -4.078772 230 57 70 R0 pano_camera0/frame_0301_hp_preview.jpg
1.940182 1.376400 -3.757656 230 57 70 R0 pano_camera0/frame_0302_hp_preview.jpg
2.054814 1.389490 -3.319754 230 57 70 R0 pano_camera0/frame_0303_hp_preview.jpg
2.104504 1.384980 -3.095860 230 57 70 R0 pano_camera0/frame_0304_hp_preview.jpg
2.168553 1.380544 -2.567484 230 57 70 R0 pano_camera0/frame_0305_hp_preview.jpg
2.106551 1.373939 -2.041718 230 57 70 R0 pano_camera0/frame_0306_hp_preview.jpg
2.007786 1.370677 -1.708325 230 57 70 R0 pano_camera0/frame_0307_hp_preview.jpg
1.962326 1.377413 -1.631502 230 57 70 R0 pano_camera0/frame_0308_hp_preview.jpg
1.578209 1.384465 -1.347039 230 57 70 R0 pano_camera0/frame_0309_hp_preview.jpg
1.110128 1.402321 -1.353473 230 57 70 R0 pano_camera0/frame_0310_hp_preview.jpg
0.879566 1.391507 -1.574459 230 57 70 R0 pano_camera0/frame_0311_hp_preview.jpg
0.711383 1.403740 -1.989563 230 57 70 R0 pano_camera0/frame_0312_hp_preview.jpg
0.643335 1.404630 -2.301038 230 57 70 R0 pano_camera0/frame_0313_hp_preview.jpg
0.610059 1.403548 -2.582849 230 57 70 R0 pano_camera0/frame_0314_hp_preview.jpg
0.510552 1.404994 -3.269538 230 57 70 R0 pano_camera0/frame_0315_hp_preview.jpg
0.498676 1.408785 -3.319462 230 57 70 R0 pano_camera0/frame_0316_hp_preview.jpg
0.383938 1.399360 -3.756129 230 57 70 R0 pano_camera0/frame_0317_hp_preview.jpg
0.106395 1.392132 -4.149968 230 57 70 R0 pano_camera0/frame_0318_hp_preview.jpg
-0.020467 1.394645 -4.160091 230 57 70 R0 pano_camera0/frame_0319_hp_preview.jpg
-0.364710 1.420163 -4.063730 230 57 70 R0 pano_camera0/frame_0320_hp_preview.jpg
-0.888437 1.430911 -3.584243 230 57 70 R0 pano_camera0/frame_0321_hp_preview.jpg
-0.916598 1.430633 -3.551875 230 57 70 R0 pano_camera0/frame_0322_hp_preview.jpg
-1.032316 1.420585 -3.085604 230 57 70 R0 pano_camera0/frame_0323_hp_preview.jpg
-0.974744 1.430557 -2.609732 230 57 70 R0 pano_camera0/frame_0324_hp_preview.jpg
-0.981161 1.423218 -2.561348 230 57 70 R0 pano_camera0/frame_0325_hp_preview.jpg
-1.198561 1.422233 -2.111890 230 57 70 R0 pano_camera0/frame_0326_hp_preview.jpg
-1.463729 1.422839 -2.062078 230 57 70 R0 pano_camera0/frame_0327_hp_preview.jpg
-1.598178 1.433282 -2.101845 230 57 70 R0 pano_camera0/frame_0328_hp_preview.jpg
-1.791380 1.439078 -2.239411 230 57 70 R0 pano_camera0/frame_0329_hp_preview.jpg
-2.145065 1.447842 -2.370760 230 57 70 R0 pano_camera0/frame_0330_hp_preview.jpg
-2.261497 1.447840 -2.281120 230 57 70 R0 pano_camera0/frame_0331_hp_preview.jpg
-2.110147 1.437039 -1.880987 230 57 70 R0 pano_camera0/frame_0332_hp_preview.jpg
-1.938776 1.427831 -1.752377 230 57 70 R0 pano_camera0/frame_0333_hp_preview.jpg
-1.671949 1.422605 -1.470004 230 57 70 R0 pano_camera0/frame_0334_hp_preview.jpg
-1.569893 1.424827 -1.291863 230 57 70 R0 pano_camera0/frame_0335_hp_preview.jpg
-1.447143 1.415249 -1.098765 230 57 70 R0 pano_camera0/frame_0336_hp_preview.jpg
-1.220533 1.405988 -0.639499 230 57 70 R0 pano_camera0/frame_0337_hp_preview.jpg
-1.110025 1.408675 -0.408591 230 57 70 R0 pano_camera0/frame_0338_hp_preview.jpg
-0.871424 1.402441 0.204905 230 57 70 R0 pano_camera0/frame_0339_hp_preview.jpg
-0.775096 1.428403 0.609338 230 57 70 R0 pano_camera0/frame_0340_hp_preview.jpg
-0.742447 1.422260 0.716036 230 57 70 R0 pano_camera0/frame_0341_hp_preview.jpg
-0.614252 1.423830 1.020485 230 57 70 R0 pano_camera0/frame_0342_hp_preview.jpg
-0.380830 1.427900 1.369897 230 57 70 R0 pano_camera0/frame_0343_hp_preview.jpg
-0.425014 1.437687 1.717539 230 57 70 R0 pano_camera0/frame_0344_hp_preview.jpg
-0.676988 1.441433 1.634547 230 57 70 R0 pano_camera0/frame_0345_hp_preview.jpg
-0.874052 1.438218 1.450000 230 57 70 R0 pano_camera0/frame_0346_hp_preview.jpg
-0.975623 1.437487 1.242631 230 57 70 R0 pano_camera0/frame_0347_hp_preview.jpg
-1.100543 1.438725 1.012405 230 57 70 R0 pano_camera0/frame_0348_hp_preview.jpg
-1.397600 1.429431 0.467506 230 57 70 R0 pano_camera0/frame_0349_hp_preview.jpg
-1.594738 1.417628 0.259145 230 57 70 R0 pano_camera0/frame_0350_hp_preview.jpg
-1.749241 1.414241 0.111172 230 57 70 R0 pano_camera0/frame_0351_hp_preview.jpg
-2.190537 1.421164 -0.092409 230 57 70 R0 pano_camera0/frame_0352_hp_preview.jpg
-2.412227 1.437159 -0.124343 230 57 70 R0 pano_camera0/frame_0353_hp_preview.jpg
-2.772090 1.446188 -0.297271 230 57 70 R0 pano_camera0/frame_0354_hp_preview.jpg
-2.887261 1.458847 -0.474842 230 57 70 R0 pano_camera0/frame_0355_hp_preview.jpg
-2.808750 1.464225 -0.893678 230 57 70 R0 pano_camera0/frame_0356_hp_preview.jpg
-2.736187 1.447718 -1.184612 230 57 70 R0 pano_camera0/frame_0357_hp_preview.jpg
-2.692737 1.428218 -1.267478 230 57 70 R0 pano_camera0/frame_0358_hp_preview.jpg
-2.661343 1.418667 -1.290529 230 57 70 R0 pano_camera0/frame_0359_hp_preview.jpg
-2.708733 1.434272 -1.296555 230 57 70 R0 pano_camera0/frame_0360_hp_preview.jpg
-2.708864 1.433210 -1.300755 230 57 70 R0 pano_camera0/frame_0361_hp_preview.jpg
-2.818656 1.441687 -1.567292 230 57 70 R0 pano_camera0/frame_0362_hp_preview.jpg
-2.951513 1.447779 -1.625233 230 57 70 R0 pano_camera0/frame_0363_hp_preview.jpg
-3.211994 1.480150 -1.642408 230 57 70 R0 pano_camera0/frame_0364_hp_preview.jpg
-3.292872 1.483459 -1.587965 230 57 70 R0 pano_camera0/frame_0365_hp_preview.jpg
-3.338119 1.477430 -1.190053 230 57 70 R0 pano_camera0/frame_0366_hp_preview.jpg
-3.314969 1.474162 -1.130000 230 57 70 R0 pano_camera0/frame_0367_hp_preview.jpg
-3.175213 1.460833 -0.826966 230 57 70 R0 pano_camera0/frame_0368_hp_preview.jpg
-2.875985 1.456765 -0.205788 230 57 70 R0 pano_camera0/frame_0369_hp_preview.jpg
-2.887125 1.429219 -0.002340 230 57 70 R0 pano_camera0/frame_0370_hp_preview.jpg
-3.025344 1.462320 0.138091 230 57 70 R0 pano_camera0/frame_0371_hp_preview.jpg
-3.352775 1.462294 0.077916 230 57 70 R0 pano_camera0/frame_0372_hp_preview.jpg
-3.605106 1.475017 -0.175208 230 57 70 R0 pano_camera0/frame_0373_hp_preview.jpg
-4.214618 1.478773 -0.537451 230 57 70 R0 pano_camera0/frame_0374_hp_preview.jpg
-4.406626 1.490392 -0.548997 230 57 70 R0 pano_camera0/frame_0375_hp_preview.jpg
-4.629129 1.504598 -0.475187 230 57 70 R0 pano_camera0/frame_0376_hp_preview.jpg
-4.804689 1.512697 -0.382516 230 57 70 R0 pano_camera0/frame_0377_hp_preview.jpg
-5.307700 1.548804 0.005055 230 57 70 R0 pano_camera0/frame_0378_hp_preview.jpg
-5.424251 1.540794 0.153227 230 57 70 R0 pano_camera0/frame_0379_hp_preview.jpg
-5.541364 1.540710 0.380005 230 57 70 R0 pano_camera0/frame_0380_hp_preview.jpg
-5.604858 1.422184 0.401308 230 57 70 R0 pano_camera0/frame_0381_hp_preview.jpg
-5.631685 1.293428 0.553300 230 57 70 R0 pano_camera0/frame_0382_hp_preview.jpg
-5.582560 1.498322 0.818047 230 57 70 R0 pano_camera0/frame_0383_hp_preview.jpg
-5.553034 1.511492 0.816101 230 57 70 R0 pano_camera0/frame_0384_hp_preview.jpg
-5.392295 1.521267 1.013687 230 57 70 R0 pano_camera0/frame_0385_hp_preview.jpg
-5.075332 1.527869 1.455690 230 57 70 R0 pano_camera0/frame_0386_hp_preview.jpg
-4.950087 1.525915 1.674462 230 57 70 R0 pano_camera0/frame_0387_hp_preview.jpg
-4.497304 1.523080 2.317589 230 57 70 R0 pano_camera0/frame_0388_hp_preview.jpg
-4.175276 1.511619 2.705660 230 57 70 R0 pano_camera0/frame_0389_hp_preview.jpg
-4.029619 1.499426 2.848928 230 57 70 R0 pano_camera0/frame_0390_hp_preview.jpg
-3.615236 1.499274 3.039872 230 57 70 R0 pano_camera0/frame_0391_hp_preview.jpg
-3.530840 1.494596 2.995375 230 57 70 R0 pano_camera0/frame_0392_hp_preview.jpg
-3.571298 1.494340 2.806339 230 57 70 R0 pano_camera0/frame_0393_hp_preview.jpg
-3.743010 1.487704 2.663568 230 57 70 R0 pano_camera0/frame_0394_hp_preview.jpg
-4.038317 1.485120 2.434326 230 57 70 R0 pano_camera0/frame_0395_hp_preview.jpg
-4.248817 1.487811 2.108929 230 57 70 R0 pano_camera0/frame_0396_hp_preview.jpg
-4.050954 1.502735 1.684930 230 57 70 R0 pano_camera0/frame_0397_hp_preview.jpg
-3.914469 1.497774 1.582608 230 57 70 R0 pano_camera0/frame_0398_hp_preview.jpg
-3.436142 1.495826 1.563364 230 57 70 R0 pano_camera0/frame_0399_hp_preview.jpg
-3.059646 1.476611 1.917561 230 57 70 R0 pano_camera0/frame_0400_hp_preview.jpg
-2.784201 1.471307 2.217121 230 57 70 R0 pano_camera0/frame_0401_hp_preview.jpg
-2.763790 1.470168 2.235462 230 57 70 R0 pano_camera0/frame_0402_hp_preview.jpg
-2.507919 1.463025 2.523180 230 57 70 R0 pano_camera0/frame_0403_hp_preview.jpg
-1.987187 1.454917 2.516365 230 57 70 R0 pano_camera0/frame_0404_hp_preview.jpg
-1.958526 1.460500 2.486484 230 57 70 R0 pano_camera0/frame_0405_hp_preview.jpg
-1.804613 1.466359 2.028746 230 57 70 R0 pano_camera0/frame_0406_hp_preview.jpg
-2.068784 1.455071 1.668772 230 57 70 R0 pano_camera0/frame_0407_hp_preview.jpg
-2.213891 1.460156 1.485162 230 57 70 R0 pano_camera0/frame_0408_hp_preview.jpg
-2.325773 1.454616 1.353650 230 57 70 R0 pano_camera0/frame_0409_hp_preview.jpg
-2.436045 1.469928 1.008386 230 57 70 R0 pano_camera0/frame_0410_hp_preview.jpg
-2.113884 1.454596 0.471458 230 57 70 R0 pano_camera0/frame_0411_hp_preview.jpg
-2.052348 1.445539 0.413942 230 57 70 R0 pano_camera0/frame_0412_hp_preview.jpg
-1.920359 1.446422 0.231377 230 57 70 R0 pano_camera0/frame_0413_hp_preview.jpg
-1.941389 1.448962 0.226061 230 57 70 R0 pano_camera0/frame_0414_hp_preview.jpg
-1.942838 1.449320 0.227522 230 57 70 R0 pano_camera0/frame_0415_hp_preview.jpg
-1.939414 1.444703 0.226103 230 57 70 R0 pano_camera0/frame_0416_hp_preview.jpg
4.839951 -0.025471 2.343401 230 57 70 R0 pano_camera1/frame_0140_hp_preview.jpg
4.967712 -0.019578 2.470891 230 57 70 R0 pano_camera1/frame_0141_hp_preview.jpg
5.186017 -0.022848 2.711520 230 57 70 R0 pano_camera1/frame_0142_hp_preview.jpg
5.342925 -0.024480 2.810063 230 57 70 R0 pano_camera1/frame_0143_hp_preview.jpg
5.518690 -0.009931 2.758182 230 57 70 R0 pano_camera1/frame_0144_hp_preview.jpg
5.577041 -0.006818 2.581494 230 57 70 R0 pano_camera1/frame_0145_hp_preview.jpg
4.715282 -0.012899 2.770313 230 57 70 R0 pano_camera1/frame_0157_hp_preview.jpg
4.577598 -0.008838 2.856272 230 57 70 R0 pano_camera1/frame_0158_hp_preview.jpg
4.528535 -0.002846 2.953972 230 57 70 R0 pano_camera1/frame_0159_hp_preview.jpg
4.279873 -0.006715 3.562706 230 57 70 R0 pano_camera1/frame_0160_hp_preview.jpg
4.072468 -0.005769 3.824734 230 57 70 R0 pano_camera1/frame_0161_hp_preview.jpg
3.771378 0.011096 4.113810 230 57 70 R0 pano_camera1/frame_0162_hp_preview.jpg
3.564070 0.019397 4.273577 230 57 70 R0 pano_camera1/frame_0163_hp_preview.jpg
3.339033 0.031551 4.415810 230 57 70 R0 pano_camera1/frame_0164_hp_preview.jpg
2.941681 0.037369 4.402871 230 57 70 R0 pano_camera1/frame_0165_hp_preview.jpg
2.780572 0.036485 4.269844 230 57 70 R0 pano_camera1/frame_0166_hp_preview.jpg
2.533800 0.039496 3.910046 230 57 70 R0 pano_camera1/frame_0167_hp_preview.jpg
2.585897 0.030483 3.523406 230 57 70 R0 pano_camera1/frame_0168_hp_preview.jpg
2.675928 0.039342 3.407216 230 57 70 R0 pano_camera1/frame_0169_hp_preview.jpg
3.211332 0.013854 2.875208 230 57 70 R0 pano_camera1/frame_0170_hp_preview.jpg
3.284026 0.026233 2.805617 230 57 70 R0 pano_camera1/frame_0171_hp_preview.jpg
3.623421 0.004053 2.480109 230 57 70 R0 pano_camera1/frame_0172_hp_preview.jpg
3.700719 0.008179 2.099843 230 57 70 R0 pano_camera1/frame_0173_hp_preview.jpg
3.496462 0.014154 1.764058 230 57 70 R0 pano_camera1/frame_0174_hp_preview.jpg
3.487382 0.017176 1.758548 230 57 70 R0 pano_camera1/frame_0175_hp_preview.jpg
3.056100 0.015626 1.664286 230 57 70 R0 pano_camera1/frame_0176_hp_preview.jpg
2.812080 0.028696 1.712791 230 57 70 R0 pano_camera1/frame_0177_hp_preview.jpg
2.350241 0.033582 1.730529 230 57 70 R0 pano_camera1/frame_0178_hp_preview.jpg
2.028907 0.038350 1.482150 230 57 70 R0 pano_camera1/frame_0179_hp_preview.jpg
1.986767 0.036004 1.288525 230 57 70 R0 pano_camera1/frame_0180_hp_preview.jpg
2.118653 0.017107 1.050865 230 57 70 R0 pano_camera1/frame_0181_hp_preview.jpg
2.313809 0.010458 0.889523 230 57 70 R0 pano_camera1/frame_0182_hp_preview.jpg
2.538551 0.014652 0.570323 230 57 70 R0 pano_camera1/frame_0183_hp_preview.jpg
2.386935 0.004253 0.421756 230 57 70 R0 pano_camera1/frame_0184_hp_preview.jpg
2.233266 0.008006 0.470576 230 57 70 R0 pano_camera1/frame_0185_hp_preview.jpg
2.040202 0.007316 0.614533 230 57 70 R0 pano_camera1/frame_0186_hp_preview.jpg
1.841504 0.012238 0.750079 230 57 70 R0 pano_camera1/frame_0187_hp_preview.jpg
1.541910 0.020213 0.854685 230 57 70 R0 pano_camera1/frame_0188_hp_preview.jpg
1.238694 0.024905 0.766640 230 57 70 R0 pano_camera1/frame_0189_hp_preview.jpg
1.207903 0.030810 0.747513 230 57 70 R0 pano_camera1/frame_0190_hp_preview.jpg
1.040913 0.033419 0.532855 230 57 70 R0 pano_camera1/frame_0191_hp_preview.jpg
1.039040 0.033578 0.172904 230 57 70 R0 pano_camera1/frame_0192_hp_preview.jpg
1.170509 0.022220 -0.078137 230 57 70 R0 pano_camera1/frame_0193_hp_preview.jpg
1.390682 0.006587 -0.360998 230 57 70 R0 pano_camera1/frame_0194_hp_preview.jpg
1.529188 0.007764 -0.573882 230 57 70 R0 pano_camera1/frame_0195_hp_preview.jpg
1.501087 -0.005618 -0.778141 230 57 70 R0 pano_camera1/frame_0196_hp_preview.jpg
1.301743 -0.003346 -1.150226 230 57 70 R0 pano_camera1/frame_0197_hp_preview.jpg
0.924593 0.015182 -1.630985 230 57 70 R0 pano_camera1/frame_0198_hp_preview.jpg
0.814281 0.021477 -1.771715 230 57 70 R0 pano_camera1/frame_0199_hp_preview.jpg
0.191775 0.059690 -2.339663 230 57 70 R0 pano_camera1/frame_0200_hp_preview.jpg
0.200334 0.104007 -2.434131 230 57 70 R0 pano_camera1/frame_0201_hp_preview.jpg
0.164437 0.036493 -1.197300 230 57 70 R0 pano_camera1/frame_0226_hp_preview.jpg
-0.441548 0.056453 0.075151 230 57 70 R0 pano_camera1/frame_0240_hp_preview.jpg
-0.427002 0.049106 0.140970 230 57 70 R0 pano_camera1/frame_0241_hp_preview.jpg
-0.530377 0.046971 0.418321 230 57 70 R0 pano_camera1/frame_0242_hp_preview.jpg
-0.412447 0.043384 0.580653 230 57 70 R0 pano_camera1/frame_0243_hp_preview.jpg
-0.199111 0.037229 0.565551 230 57 70 R0 pano_camera1/frame_0244_hp_preview.jpg
-0.095758 0.032102 0.583356 230 57 70 R0 pano_camera1/frame_0245_hp_preview.jpg
0.175653 0.002676 0.646184 230 57 70 R0 pano_camera1/frame_0246_hp_preview.jpg
0.303033 0.007129 0.571790 230 57 70 R0 pano_camera1/frame_0247_hp_preview.jpg
0.618712 0.002589 0.644318 230 57 70 R0 pano_camera1/frame_0248_hp_preview.jpg
0.654295 0.000104 0.664243 230 57 70 R0 pano_camera1/frame_0249_hp_preview.jpg
1.281176 -0.002320 1.131125 230 57 70 R0 pano_camera1/frame_0250_hp_preview.jpg
1.291562 -0.003862 1.140655 230 57 70 R0 pano_camera1/frame_0251_hp_preview.jpg
1.595067 0.005720 1.562371 230 57 70 R0 pano_camera1/frame_0252_hp_preview.jpg
1.743760 0.025744 2.101405 230 57 70 R0 pano_camera1/frame_0253_hp_preview.jpg
1.471959 0.043448 2.426614 230 57 70 R0 pano_camera1/frame_0254_hp_preview.jpg
1.429311 0.040869 2.432105 230 57 70 R0 pano_camera1/frame_0255_hp_preview.jpg
0.997899 0.082119 2.075986 230 57 70 R0 pano_camera1/frame_0256_hp_preview.jpg
0.868702 0.208590 1.901349 230 57 70 R0 pano_camera1/frame_0257_hp_preview.jpg
0.819885 0.289995 1.834203 230 57 70 R0 pano_camera1/frame_0258_hp_preview.jpg
0.742097 0.363486 1.710433 230 57 70 R0 pano_camera1/frame_0259_hp_preview.jpg
0.562837 0.612033 1.436280 230 57 70 R0 pano_camera1/frame_0260_hp_preview.jpg
0.560209 0.614730 1.429992 230 57 70 R0 pano_camera1/frame_0261_hp_preview.jpg
0.349334 0.872669 1.165787 230 57 70 R0 pano_camera1/frame_0262_hp_preview.jpg
0.338892 0.882060 1.159079 230 57 70 R0 pano_camera1/frame_0263_hp_preview.jpg
0.234341 1.025326 1.020610 230 57 70 R0 pano_camera1/frame_0264_hp_preview.jpg
0.073135 1.202418 0.813219 230 57 70 R0 pano_camera1/frame_0265_hp_preview.jpg
0.027881 1.335193 0.586018 230 57 70 R0 pano_camera1/frame_0266_hp_preview.jpg
0.041467 1.409014 0.376365 230 57 70 R0 pano_camera1/frame_0267_hp_preview.jpg
0.243023 1.399077 0.144144 230 57 70 R0 pano_camera1/frame_0268_hp_preview.jpg
0.616197 1.399275 -0.220767 230 57 70 R0 pano_camera1/frame_0269_hp_preview.jpg
0.802504 1.414095 -0.375836 230 57 70 R0 pano_camera1/frame_0270_hp_preview.jpg
1.170129 1.401995 -0.637379 230 57 70 R0 pano_camera1/frame_0271_hp_preview.jpg
1.510628 1.399938 -0.886953 230 57 70 R0 pano_camera1/frame_0272_hp_preview.jpg
1.693816 1.407023 -1.033637 230 57 70 R0 pano_camera1/frame_0273_hp_preview.jpg
2.281996 1.392522 -1.480978 230 57 70 R0 pano_camera1/frame_0274_hp_preview.jpg
2.340232 1.395328 -1.537402 230 57 70 R0 pano_camera1/frame_0275_hp_preview.jpg
2.811970 1.390876 -1.910205 230 57 70 R0 pano_camera1/frame_0276_hp_preview.jpg
2.950504 1.393958 -2.037445 230 57 70 R0 pano_camera1/frame_0277_hp_preview.jpg
3.368959 1.403976 -2.444415 230 57 70 R0 pano_camera1/frame_0278_hp_preview.jpg
3.606303 1.397406 -2.614466 230 57 70 R0 pano_camera1/frame_0279_hp_preview.jpg
4.190634 1.392812 -3.115723 230 57 70 R0 pano_camera1/frame_0280_hp_preview.jpg
4.303215 1.388829 -3.197741 230 57 70 R0 pano_camera1/frame_0281_hp_preview.jpg
4.454707 1.381603 -3.351019 230 57 70 R0 pano_camera1/frame_0282_hp_preview.jpg
4.532496 1.377510 -3.585692 230 57 70 R0 pano_camera1/frame_0283_hp_preview.jpg
4.353452 1.369219 -3.972809 230 57 70 R0 pano_camera1/frame_0284_hp_preview.jpg
4.316245 1.367174 -3.999270 230 57 70 R0 pano_camera1/frame_0285_hp_preview.jpg
4.061034 1.368764 -4.204597 230 57 70 R0 pano_camera1/frame_0286_hp_preview.jpg
3.860833 1.385978 -4.212352 230 57 70 R0 pano_camera1/frame_0287_hp_preview.jpg
3.599749 1.398637 -4.227243 230 57 70 R0 pano_camera1/frame_0288_hp_preview.jpg
3.444878 1.405925 -4.303098 230 57 70 R0 pano_camera1/frame_0289_hp_preview.jpg
3.338569 1.404515 -4.557018 230 57 70 R0 pano_camera1/frame_0290_hp_preview.jpg
3.241878 1.393708 -5.104948 230 57 70 R0 pano_camera1/frame_0291_hp_preview.jpg
3.176744 1.393455 -5.317511 230 57 70 R0 pano_camera1/frame_0292_hp_preview.jpg
3.133972 1.388144 -5.494733 230 57 70 R0 pano_camera1/frame_0293_hp_preview.jpg
2.673524 1.377784 -5.939858 230 57 70 R0 pano_camera1/frame_0294_hp_preview.jpg
2.623400 1.379605 -5.951916 230 57 70 R0 pano_camera1/frame_0295_hp_preview.jpg
2.081700 1.381403 -5.759070 230 57 70 R0 pano_camera1/frame_0296_hp_preview.jpg
1.982134 1.389347 -5.413187 230 57 70 R0 pano_camera1/frame_0297_hp_preview.jpg
1.954710 1.379261 -5.103073 230 57 70 R0 pano_camera1/frame_0298_hp_preview.jpg
1.942953 1.386189 -4.860958 230 57 70 R0 pano_camera1/frame_0299_hp_preview.jpg
1.912209 1.393452 -4.398749 230 57 70 R0 pano_camera1/frame_0300_hp_preview.jpg
1.909635 1.379794 -4.078772 230 57 70 R0 pano_camera1/frame_0301_hp_preview.jpg
1.940182 1.376400 -3.757656 230 57 70 R0 pano_camera1/frame_0302_hp_preview.jpg
2.054814 1.389490 -3.319754 230 57 70 R0 pano_camera1/frame_0303_hp_preview.jpg
2.104504 1.384980 -3.095860 230 57 70 R0 pano_camera1/frame_0304_hp_preview.jpg
2.168553 1.380544 -2.567484 230 57 70 R0 pano_camera1/frame_0305_hp_preview.jpg
2.106551 1.373939 -2.041718 230 57 70 R0 pano_camera1/frame_0306_hp_preview.jpg
2.007786 1.370677 -1.708325 230 57 70 R0 pano_camera1/frame_0307_hp_preview.jpg
1.962326 1.377413 -1.631502 230 57 70 R0 pano_camera1/frame_0308_hp_preview.jpg
1.578209 1.384465 -1.347039 230 57 70 R0 pano_camera1/frame_0309_hp_preview.jpg
1.110128 1.402321 -1.353473 230 57 70 R0 pano_camera1/frame_0310_hp_preview.jpg
0.879566 1.391507 -1.574459 230 57 70 R0 pano_camera1/frame_0311_hp_preview.jpg
0.711383 1.403740 -1.989563 230 57 70 R0 pano_camera1/frame_0312_hp_preview.jpg
0.643335 1.404630 -2.301038 230 57 70 R0 pano_camera1/frame_0313_hp_preview.jpg
0.610059 1.403548 -2.582849 230 57 70 R0 pano_camera1/frame_0314_hp_preview.jpg
0.510552 1.404994 -3.269538 230 57 70 R0 pano_camera1/frame_0315_hp_preview.jpg
0.498676 1.408785 -3.319462 230 57 70 R0 pano_camera1/frame_0316_hp_preview.jpg
0.383938 1.399360 -3.756129 230 57 70 R0 pano_camera1/frame_0317_hp_preview.jpg
0.106395 1.392132 -4.149968 230 57 70 R0 pano_camera1/frame_0318_hp_preview.jpg
-0.020467 1.394645 -4.160091 230 57 70 R0 pano_camera1/frame_0319_hp_preview.jpg
-0.364710 1.420163 -4.063730 230 57 70 R0 pano_camera1/frame_0320_hp_preview.jpg
-0.888437 1.430911 -3.584243 230 57 70 R0 pano_camera1/frame_0321_hp_preview.jpg
-0.916598 1.430633 -3.551875 230 57 70 R0 pano_camera1/frame_0322_hp_preview.jpg
-1.032316 1.420585 -3.085604 230 57 70 R0 pano_camera1/frame_0323_hp_preview.jpg
-0.974744 1.430557 -2.609732 230 57 70 R0 pano_camera1/frame_0324_hp_preview.jpg
-0.981161 1.423218 -2.561348 230 57 70 R0 pano_camera1/frame_0325_hp_preview.jpg
-1.198561 1.422233 -2.111890 230 57 70 R0 pano_camera1/frame_0326_hp_preview.jpg
-1.463729 1.422839 -2.062078 230 57 70 R0 pano_camera1/frame_0327_hp_preview.jpg
-1.598178 1.433282 -2.101845 230 57 70 R0 pano_camera1/frame_0328_hp_preview.jpg
-1.791380 1.439078 -2.239411 230 57 70 R0 pano_camera1/frame_0329_hp_preview.jpg
-2.145065 1.447842 -2.370760 230 57 70 R0 pano_camera1/frame_0330_hp_preview.jpg
-2.261497 1.447840 -2.281120 230 57 70 R0 pano_camera1/frame_0331_hp_preview.jpg
-2.110147 1.437039 -1.880987 230 57 70 R0 pano_camera1/frame_0332_hp_preview.jpg
-1.938776 1.427831 -1.752377 230 57 70 R0 pano_camera1/frame_0333_hp_preview.jpg
-1.671949 1.422605 -1.470004 230 57 70 R0 pano_camera1/frame_0334_hp_preview.jpg
-1.569893 1.424827 -1.291863 230 57 70 R0 pano_camera1/frame_0335_hp_preview.jpg
-1.447143 1.415249 -1.098765 230 57 70 R0 pano_camera1/frame_0336_hp_preview.jpg
-1.220533 1.405988 -0.639499 230 57 70 R0 pano_camera1/frame_0337_hp_preview.jpg
-1.110025 1.408675 -0.408591 230 57 70 R0 pano_camera1/frame_0338_hp_preview.jpg
-0.871424 1.402441 0.204905 230 57 70 R0 pano_camera1/frame_0339_hp_preview.jpg
-0.775096 1.428403 0.609338 230 57 70 R0 pano_camera1/frame_0340_hp_preview.jpg
-0.742447 1.422260 0.716036 230 57 70 R0 pano_camera1/frame_0341_hp_preview.jpg
-0.614252 1.423830 1.020485 230 57 70 R0 pano_camera1/frame_0342_hp_preview.jpg
-0.380830 1.427900 1.369897 230 57 70 R0 pano_camera1/frame_0343_hp_preview.jpg
-0.425014 1.437687 1.717539 230 57 70 R0 pano_camera1/frame_0344_hp_preview.jpg
-0.676988 1.441433 1.634547 230 57 70 R0 pano_camera1/frame_0345_hp_preview.jpg
-0.874052 1.438218 1.450000 230 57 70 R0 pano_camera1/frame_0346_hp_preview.jpg
-0.975623 1.437487 1.242631 230 57 70 R0 pano_camera1/frame_0347_hp_preview.jpg
-1.100543 1.438725 1.012405 230 57 70 R0 pano_camera1/frame_0348_hp_preview.jpg
-1.397600 1.429431 0.467506 230 57 70 R0 pano_camera1/frame_0349_hp_preview.jpg
-1.594738 1.417628 0.259145 230 57 70 R0 pano_camera1/frame_0350_hp_preview.jpg
-1.749241 1.414241 0.111172 230 57 70 R0 pano_camera1/frame_0351_hp_preview.jpg
-2.190537 1.421164 -0.092409 230 57 70 R0 pano_camera1/frame_0352_hp_preview.jpg
-2.412227 1.437159 -0.124343 230 57 70 R0 pano_camera1/frame_0353_hp_preview.jpg
-2.772090 1.446188 -0.297271 230 57 70 R0 pano_camera1/frame_0354_hp_preview.jpg
-2.887261 1.458847 -0.474842 230 57 70 R0 pano_camera1/frame_0355_hp_preview.jpg
-2.808750 1.464225 -0.893678 230 57 70 R0 pano_camera1/frame_0356_hp_preview.jpg
-2.736187 1.447718 -1.184612 230 57 70 R0 pano_camera1/frame_0357_hp_preview.jpg
-2.692737 1.428218 -1.267478 230 57 70 R0 pano_camera1/frame_0358_hp_preview.jpg
-2.661343 1.418667 -1.290529 230 57 70 R0 pano_camera1/frame_0359_hp_preview.jpg
-2.708733 1.434272 -1.296555 230 57 70 R0 pano_camera1/frame_0360_hp_preview.jpg
-2.708864 1.433210 -1.300755 230 57 70 R0 pano_camera1/frame_0361_hp_preview.jpg
-2.818656 1.441687 -1.567292 230 57 70 R0 pano_camera1/frame_0362_hp_preview.jpg
-2.951513 1.447779 -1.625233 230 57 70 R0 pano_camera1/frame_0363_hp_preview.jpg
-3.211994 1.480150 -1.642408 230 57 70 R0 pano_camera1/frame_0364_hp_preview.jpg
-3.292872 1.483459 -1.587965 230 57 70 R0 pano_camera1/frame_0365_hp_preview.jpg
-3.338119 1.477430 -1.190053 230 57 70 R0 pano_camera1/frame_0366_hp_preview.jpg
-3.314969 1.474162 -1.130000 230 57 70 R0 pano_camera1/frame_0367_hp_preview.jpg
-3.175213 1.460833 -0.826966 230 57 70 R0 pano_camera1/frame_0368_hp_preview.jpg
-2.875985 1.456765 -0.205788 230 57 70 R0 pano_camera1/frame_0369_hp_preview.jpg
-2.887125 1.429219 -0.002340 230 57 70 R0 pano_camera1/frame_0370_hp_preview.jpg
-3.025344 1.462320 0.138091 230 57 70 R0 pano_camera1/frame_0371_hp_preview.jpg
-3.352775 1.462294 0.077916 230 57 70 R0 pano_camera1/frame_0372_hp_preview.jpg
-3.605106 1.475017 -0.175208 230 57 70 R0 pano_camera1/frame_0373_hp_preview.jpg
-4.214618 1.478773 -0.537451 230 57 70 R0 pano_camera1/frame_0374_hp_preview.jpg
-4.406626 1.490392 -0.548997 230 57 70 R0 pano_camera1/frame_0375_hp_preview.jpg
-4.629129 1.504598 -0.475187 230 57 70 R0 pano_camera1/frame_0376_hp_preview.jpg
-4.804689 1.512697 -0.382516 230 57 70 R0 pano_camera1/frame_0377_hp_preview.jpg
-5.307700 1.548804 0.005055 230 57 70 R0 pano_camera1/frame_0378_hp_preview.jpg
-5.424251 1.540794 0.153227 230 57 70 R0 pano_camera1/frame_0379_hp_preview.jpg
-5.541364 1.540710 0.380005 230 57 70 R0 pano_camera1/frame_0380_hp_preview.jpg
-5.604858 1.422184 0.401308 230 57 70 R0 pano_camera1/frame_0381_hp_preview.jpg
-5.631685 1.293428 0.553300 230 57 70 R0 pano_camera1/frame_0382_hp_preview.jpg
-5.582560 1.498322 0.818047 230 57 70 R0 pano_camera1/frame_0383_hp_preview.jpg
-5.553034 1.511492 0.816101 230 57 70 R0 pano_camera1/frame_0384_hp_preview.jpg
-5.392295 1.521267 1.013687 230 57 70 R0 pano_camera1/frame_0385_hp_preview.jpg
-5.075332 1.527869 1.455690 230 57 70 R0 pano_camera1/frame_0386_hp_preview.jpg
-4.950087 1.525915 1.674462 230 57 70 R0 pano_camera1/frame_0387_hp_preview.jpg
-4.497304 1.523080 2.317589 230 57 70 R0 pano_camera1/frame_0388_hp_preview.jpg
-4.175276 1.511619 2.705660 230 57 70 R0 pano_camera1/frame_0389_hp_preview.jpg
-4.029619 1.499426 2.848928 230 57 70 R0 pano_camera1/frame_0390_hp_preview.jpg
-3.615236 1.499274 3.039872 230 57 70 R0 pano_camera1/frame_0391_hp_preview.jpg
-3.530840 1.494596 2.995375 230 57 70 R0 pano_camera1/frame_0392_hp_preview.jpg
-3.571298 1.494340 2.806339 230 57 70 R0 pano_camera1/frame_0393_hp_preview.jpg
-3.743010 1.487704 2.663568 230 57 70 R0 pano_camera1/frame_0394_hp_preview.jpg
-4.038317 1.485120 2.434326 230 57 70 R0 pano_camera1/frame_0395_hp_preview.jpg
-4.248817 1.487811 2.108929 230 57 70 R0 pano_camera1/frame_0396_hp_preview.jpg
-4.050954 1.502735 1.684930 230 57 70 R0 pano_camera1/frame_0397_hp_preview.jpg
-3.914469 1.497774 1.582608 230 57 70 R0 pano_camera1/frame_0398_hp_preview.jpg
-3.436142 1.495826 1.563364 230 57 70 R0 pano_camera1/frame_0399_hp_preview.jpg
-3.059646 1.476611 1.917561 230 57 70 R0 pano_camera1/frame_0400_hp_preview.jpg
-2.784201 1.471307 2.217121 230 57 70 R0 pano_camera1/frame_0401_hp_preview.jpg
-2.763790 1.470168 2.235462 230 57 70 R0 pano_camera1/frame_0402_hp_preview.jpg
-2.507919 1.463025 2.523180 230 57 70 R0 pano_camera1/frame_0403_hp_preview.jpg
-1.987187 1.454917 2.516365 230 57 70 R0 pano_camera1/frame_0404_hp_preview.jpg
-1.958526 1.460500 2.486484 230 57 70 R0 pano_camera1/frame_0405_hp_preview.jpg
-1.804613 1.466359 2.028746 230 57 70 R0 pano_camera1/frame_0406_hp_preview.jpg
-2.068784 1.455071 1.668772 230 57 70 R0 pano_camera1/frame_0407_hp_preview.jpg
-2.213891 1.460156 1.485162 230 57 70 R0 pano_camera1/frame_0408_hp_preview.jpg
-2.325773 1.454616 1.353650 230 57 70 R0 pano_camera1/frame_0409_hp_preview.jpg
-2.436045 1.469928 1.008386 230 57 70 R0 pano_camera1/frame_0410_hp_preview.jpg
-2.113884 1.454596 0.471458 230 57 70 R0 pano_camera1/frame_0411_hp_preview.jpg
-2.052348 1.445539 0.413942 230 57 70 R0 pano_camera1/frame_0412_hp_preview.jpg
-1.920359 1.446422 0.231377 230 57 70 R0 pano_camera1/frame_0413_hp_preview.jpg
-1.941389 1.448962 0.226061 230 57 70 R0 pano_camera1/frame_0414_hp_preview.jpg
-1.942838 1.449320 0.227522 230 57 70 R0 pano_camera1/frame_0415_hp_preview.jpg
-1.939414 1.444703 0.226103 230 57 70 R0 pano_camera1/frame_0416_hp_preview.jpg
4.839951 -0.025471 2.343401 230 57 70 R0 pano_camera2/frame_0140_hp_preview.jpg
4.967712 -0.019578 2.470891 230 57 70 R0 pano_camera2/frame_0141_hp_preview.jpg
5.186017 -0.022848 2.711520 230 57 70 R0 pano_camera2/frame_0142_hp_preview.jpg
5.342925 -0.024480 2.810063 230 57 70 R0 pano_camera2/frame_0143_hp_preview.jpg
5.518690 -0.009931 2.758182 230 57 70 R0 pano_camera2/frame_0144_hp_preview.jpg
5.577041 -0.006818 2.581494 230 57 70 R0 pano_camera2/frame_0145_hp_preview.jpg
4.715282 -0.012899 2.770313 230 57 70 R0 pano_camera2/frame_0157_hp_preview.jpg
4.577598 -0.008838 2.856272 230 57 70 R0 pano_camera2/frame_0158_hp_preview.jpg
4.528535 -0.002846 2.953972 230 57 70 R0 pano_camera2/frame_0159_hp_preview.jpg
4.279873 -0.006715 3.562706 230 57 70 R0 pano_camera2/frame_0160_hp_preview.jpg
4.072468 -0.005769 3.824734 230 57 70 R0 pano_camera2/frame_0161_hp_preview.jpg
3.771378 0.011096 4.113810 230 57 70 R0 pano_camera2/frame_0162_hp_preview.jpg
3.564070 0.019397 4.273577 230 57 70 R0 pano_camera2/frame_0163_hp_preview.jpg
3.339033 0.031551 4.415810 230 57 70 R0 pano_camera2/frame_0164_hp_preview.jpg
2.941681 0.037369 4.402871 230 57 70 R0 pano_camera2/frame_0165_hp_preview.jpg
2.780572 0.036485 4.269844 230 57 70 R0 pano_camera2/frame_0166_hp_preview.jpg
2.533800 0.039496 3.910046 230 57 70 R0 pano_camera2/frame_0167_hp_preview.jpg
2.585897 0.030483 3.523406 230 57 70 R0 pano_camera2/frame_0168_hp_preview.jpg
2.675928 0.039342 3.407216 230 57 70 R0 pano_camera2/frame_0169_hp_preview.jpg
3.211332 0.013854 2.875208 230 57 70 R0 pano_camera2/frame_0170_hp_preview.jpg
3.284026 0.026233 2.805617 230 57 70 R0 pano_camera2/frame_0171_hp_preview.jpg
3.623421 0.004053 2.480109 230 57 70 R0 pano_camera2/frame_0172_hp_preview.jpg
3.700719 0.008179 2.099843 230 57 70 R0 pano_camera2/frame_0173_hp_preview.jpg
3.496462 0.014154 1.764058 230 57 70 R0 pano_camera2/frame_0174_hp_preview.jpg
3.487382 0.017176 1.758548 230 57 70 R0 pano_camera2/frame_0175_hp_preview.jpg
3.056100 0.015626 1.664286 230 57 70 R0 pano_camera2/frame_0176_hp_preview.jpg
2.812080 0.028696 1.712791 230 57 70 R0 pano_camera2/frame_0177_hp_preview.jpg
2.350241 0.033582 1.730529 230 57 70 R0 pano_camera2/frame_0178_hp_preview.jpg
2.028907 0.038350 1.482150 230 57 70 R0 pano_camera2/frame_0179_hp_preview.jpg
1.986767 0.036004 1.288525 230 57 70 R0 pano_camera2/frame_0180_hp_preview.jpg
2.118653 0.017107 1.050865 230 57 70 R0 pano_camera2/frame_0181_hp_preview.jpg
2.313809 0.010458 0.889523 230 57 70 R0 pano_camera2/frame_0182_hp_preview.jpg
2.538551 0.014652 0.570323 230 57 70 R0 pano_camera2/frame_0183_hp_preview.jpg
2.386935 0.004253 0.421756 230 57 70 R0 pano_camera2/frame_0184_hp_preview.jpg
2.233266 0.008006 0.470576 230 57 70 R0 pano_camera2/frame_0185_hp_preview.jpg
2.040202 0.007316 0.614533 230 57 70 R0 pano_camera2/frame_0186_hp_preview.jpg
1.841504 0.012238 0.750079 230 57 70 R0 pano_camera2/frame_0187_hp_preview.jpg
1.541910 0.020213 0.854685 230 57 70 R0 pano_camera2/frame_0188_hp_preview.jpg
1.238694 0.024905 0.766640 230 57 70 R0 pano_camera2/frame_0189_hp_preview.jpg
1.207903 0.030810 0.747513 230 57 70 R0 pano_camera2/frame_0190_hp_preview.jpg
1.040913 0.033419 0.532855 230 57 70 R0 pano_camera2/frame_0191_hp_preview.jpg
1.039040 0.033578 0.172904 230 57 70 R0 pano_camera2/frame_0192_hp_preview.jpg
1.170509 0.022220 -0.078137 230 57 70 R0 pano_camera2/frame_0193_hp_preview.jpg
1.390682 0.006587 -0.360998 230 57 70 R0 pano_camera2/frame_0194_hp_preview.jpg
1.529188 0.007764 -0.573882 230 57 70 R0 pano_camera2/frame_0195_hp_preview.jpg
1.501087 -0.005618 -0.778141 230 57 70 R0 pano_camera2/frame_0196_hp_preview.jpg
1.301743 -0.003346 -1.150226 230 57 70 R0 pano_camera2/frame_0197_hp_preview.jpg
0.924593 0.015182 -1.630985 230 57 70 R0 pano_camera2/frame_0198_hp_preview.jpg
0.814281 0.021477 -1.771715 230 57 70 R0 pano_camera2/frame_0199_hp_preview.jpg
0.191775 0.059690 -2.339663 230 57 70 R0 pano_camera2/frame_0200_hp_preview.jpg
0.200334 0.104007 -2.434131 230 57 70 R0 pano_camera2/frame_0201_hp_preview.jpg
0.164437 0.036493 -1.197300 230 57 70 R0 pano_camera2/frame_0226_hp_preview.jpg
-0.441548 0.056453 0.075151 230 57 70 R0 pano_camera2/frame_0240_hp_preview.jpg
-0.427002 0.049106 0.140970 230 57 70 R0 pano_camera2/frame_0241_hp_preview.jpg
-0.530377 0.046971 0.418321 230 57 70 R0 pano_camera2/frame_0242_hp_preview.jpg
-0.412447 0.043384 0.580653 230 57 70 R0 pano_camera2/frame_0243_hp_preview.jpg
-0.199111 0.037229 0.565551 230 57 70 R0 pano_camera2/frame_0244_hp_preview.jpg
-0.095758 0.032102 0.583356 230 57 70 R0 pano_camera2/frame_0245_hp_preview.jpg
0.175653 0.002676 0.646184 230 57 70 R0 pano_camera2/frame_0246_hp_preview.jpg
0.303033 0.007129 0.571790 230 57 70 R0 pano_camera2/frame_0247_hp_preview.jpg
0.618712 0.002589 0.644318 230 57 70 R0 pano_camera2/frame_0248_hp_preview.jpg
0.654295 0.000104 0.664243 230 57 70 R0 pano_camera2/frame_0249_hp_preview.jpg
1.281176 -0.002320 1.131125 230 57 70 R0 pano_camera2/frame_0250_hp_preview.jpg
1.291562 -0.003862 1.140655 230 57 70 R0 pano_camera2/frame_0251_hp_preview.jpg
1.595067 0.005720 1.562371 230 57 70 R0 pano_camera2/frame_0252_hp_preview.jpg
1.743760 0.025744 2.101405 230 57 70 R0 pano_camera2/frame_0253_hp_preview.jpg
1.471959 0.043448 2.426614 230 57 70 R0 pano_camera2/frame_0254_hp_preview.jpg
1.429311 0.040869 2.432105 230 57 70 R0 pano_camera2/frame_0255_hp_preview.jpg
0.997899 0.082119 2.075986 230 57 70 R0 pano_camera2/frame_0256_hp_preview.jpg
0.868702 0.208590 1.901349 230 57 70 R0 pano_camera2/frame_0257_hp_preview.jpg
0.819885 0.289995 1.834203 230 57 70 R0 pano_camera2/frame_0258_hp_preview.jpg
0.742097 0.363486 1.710433 230 57 70 R0 pano_camera2/frame_0259_hp_preview.jpg
0.562837 0.612033 1.436280 230 57 70 R0 pano_camera2/frame_0260_hp_preview.jpg
0.560209 0.614730 1.429992 230 57 70 R0 pano_camera2/frame_0261_hp_preview.jpg
0.349334 0.872669 1.165787 230 57 70 R0 pano_camera2/frame_0262_hp_preview.jpg
0.338892 0.882060 1.159079 230 57 70 R0 pano_camera2/frame_0263_hp_preview.jpg
0.234341 1.025326 1.020610 230 57 70 R0 pano_camera2/frame_0264_hp_preview.jpg
0.073135 1.202418 0.813219 230 57 70 R0 pano_camera2/frame_0265_hp_preview.jpg
0.027881 1.335193 0.586018 230 57 70 R0 pano_camera2/frame_0266_hp_preview.jpg
0.041467 1.409014 0.376365 230 57 70 R0 pano_camera2/frame_0267_hp_preview.jpg
0.243023 1.399077 0.144144 230 57 70 R0 pano_camera2/frame_0268_hp_preview.jpg
0.616197 1.399275 -0.220767 230 57 70 R0 pano_camera2/frame_0269_hp_preview.jpg
0.802504 1.414095 -0.375836 230 57 70 R0 pano_camera2/frame_0270_hp_preview.jpg
1.170129 1.401995 -0.637379 230 57 70 R0 pano_camera2/frame_0271_hp_preview.jpg
1.510628 1.399938 -0.886953 230 57 70 R0 pano_camera2/frame_0272_hp_preview.jpg
1.693816 1.407023 -1.033637 230 57 70 R0 pano_camera2/frame_0273_hp_preview.jpg
2.281996 1.392522 -1.480978 230 57 70 R0 pano_camera2/frame_0274_hp_preview.jpg
2.340232 1.395328 -1.537402 230 57 70 R0 pano_camera2/frame_0275_hp_preview.jpg
2.811970 1.390876 -1.910205 230 57 70 R0 pano_camera2/frame_0276_hp_preview.jpg
2.950504 1.393958 -2.037445 230 57 70 R0 pano_camera2/frame_0277_hp_preview.jpg
3.368959 1.403976 -2.444415 230 57 70 R0 pano_camera2/frame_0278_hp_preview.jpg
3.606303 1.397406 -2.614466 230 57 70 R0 pano_camera2/frame_0279_hp_preview.jpg
4.190634 1.392812 -3.115723 230 57 70 R0 pano_camera2/frame_0280_hp_preview.jpg
4.303215 1.388829 -3.197741 230 57 70 R0 pano_camera2/frame_0281_hp_preview.jpg
4.454707 1.381603 -3.351019 230 57 70 R0 pano_camera2/frame_0282_hp_preview.jpg
4.532496 1.377510 -3.585692 230 57 70 R0 pano_camera2/frame_0283_hp_preview.jpg
4.353452 1.369219 -3.972809 230 57 70 R0 pano_camera2/frame_0284_hp_preview.jpg
4.316245 1.367174 -3.999270 230 57 70 R0 pano_camera2/frame_0285_hp_preview.jpg
4.061034 1.368764 -4.204597 230 57 70 R0 pano_camera2/frame_0286_hp_preview.jpg
3.860833 1.385978 -4.212352 230 57 70 R0 pano_camera2/frame_0287_hp_preview.jpg
3.599749 1.398637 -4.227243 230 57 70 R0 pano_camera2/frame_0288_hp_preview.jpg
3.444878 1.405925 -4.303098 230 57 70 R0 pano_camera2/frame_0289_hp_preview.jpg
3.338569 1.404515 -4.557018 230 57 70 R0 pano_camera2/frame_0290_hp_preview.jpg
3.241878 1.393708 -5.104948 230 57 70 R0 pano_camera2/frame_0291_hp_preview.jpg
3.176744 1.393455 -5.317511 230 57 70 R0 pano_camera2/frame_0292_hp_preview.jpg
3.133972 1.388144 -5.494733 230 57 70 R0 pano_camera2/frame_0293_hp_preview.jpg
2.673524 1.377784 -5.939858 230 57 70 R0 pano_camera2/frame_0294_hp_preview.jpg
2.623400 1.379605 -5.951916 230 57 70 R0 pano_camera2/frame_0295_hp_preview.jpg
2.081700 1.381403 -5.759070 230 57 70 R0 pano_camera2/frame_0296_hp_preview.jpg
1.982134 1.389347 -5.413187 230 57 70 R0 pano_camera2/frame_0297_hp_preview.jpg
1.954710 1.379261 -5.103073 230 57 70 R0 pano_camera2/frame_0298_hp_preview.jpg
1.942953 1.386189 -4.860958 230 57 70 R0 pano_camera2/frame_0299_hp_preview.jpg
1.912209 1.393452 -4.398749 230 57 70 R0 pano_camera2/frame_0300_hp_preview.jpg
1.909635 1.379794 -4.078772 230 57 70 R0 pano_camera2/frame_0301_hp_preview.jpg
1.940182 1.376400 -3.757656 230 57 70 R0 pano_camera2/frame_0302_hp_preview.jpg
2.054814 1.389490 -3.319754 230 57 70 R0 pano_camera2/frame_0303_hp_preview.jpg
2.104504 1.384980 -3.095860 230 57 70 R0 pano_camera2/frame_0304_hp_preview.jpg
2.168553 1.380544 -2.567484 230 57 70 R0 pano_camera2/frame_0305_hp_preview.jpg
2.106551 1.373939 -2.041718 230 57 70 R0 pano_camera2/frame_0306_hp_preview.jpg
2.007786 1.370677 -1.708325 230 57 70 R0 pano_camera2/frame_0307_hp_preview.jpg
1.962326 1.377413 -1.631502 230 57 70 R0 pano_camera2/frame_0308_hp_preview.jpg
1.578209 1.384465 -1.347039 230 57 70 R0 pano_camera2/frame_0309_hp_preview.jpg
1.110128 1.402321 -1.353473 230 57 70 R0 pano_camera2/frame_0310_hp_preview.jpg
0.879566 1.391507 -1.574459 230 57 70 R0 pano_camera2/frame_0311_hp_preview.jpg
0.711383 1.403740 -1.989563 230 57 70 R0 pano_camera2/frame_0312_hp_preview.jpg
0.643335 1.404630 -2.301038 230 57 70 R0 pano_camera2/frame_0313_hp_preview.jpg
0.610059 1.403548 -2.582849 230 57 70 R0 pano_camera2/frame_0314_hp_preview.jpg
0.510552 1.404994 -3.269538 230 57 70 R0 pano_camera2/frame_0315_hp_preview.jpg
0.498676 1.408785 -3.319462 230 57 70 R0 pano_camera2/frame_0316_hp_preview.jpg
0.383938 1.399360 -3.756129 230 57 70 R0 pano_camera2/frame_0317_hp_preview.jpg
0.106395 1.392132 -4.149968 230 57 70 R0 pano_camera2/frame_0318_hp_preview.jpg
-0.020467 1.394645 -4.160091 230 57 70 R0 pano_camera2/frame_0319_hp_preview.jpg
-0.364710 1.420163 -4.063730 230 57 70 R0 pano_camera2/frame_0320_hp_preview.jpg
-0.888437 1.430911 -3.584243 230 57 70 R0 pano_camera2/frame_0321_hp_preview.jpg
-0.916598 1.430633 -3.551875 230 57 70 R0 pano_camera2/frame_0322_hp_preview.jpg
-1.032316 1.420585 -3.085604 230 57 70 R0 pano_camera2/frame_0323_hp_preview.jpg
-0.974744 1.430557 -2.609732 230 57 70 R0 pano_camera2/frame_0324_hp_preview.jpg
-0.981161 1.423218 -2.561348 230 57 70 R0 pano_camera2/frame_0325_hp_preview.jpg
-1.198561 1.422233 -2.111890 230 57 70 R0 pano_camera2/frame_0326_hp_preview.jpg
-1.463729 1.422839 -2.062078 230 57 70 R0 pano_camera2/frame_0327_hp_preview.jpg
-1.598178 1.433282 -2.101845 230 57 70 R0 pano_camera2/frame_0328_hp_preview.jpg
-1.791380 1.439078 -2.239411 230 57 70 R0 pano_camera2/frame_0329_hp_preview.jpg
-2.145065 1.447842 -2.370760 230 57 70 R0 pano_camera2/frame_0330_hp_preview.jpg
-2.261497 1.447840 -2.281120 230 57 70 R0 pano_camera2/frame_0331_hp_preview.jpg
-2.110147 1.437039 -1.880987 230 57 70 R0 pano_camera2/frame_0332_hp_preview.jpg
-1.938776 1.427831 -1.752377 230 57 70 R0 pano_camera2/frame_0333_hp_preview.jpg
-1.671949 1.422605 -1.470004 230 57 70 R0 pano_camera2/frame_0334_hp_preview.jpg
-1.569893 1.424827 -1.291863 230 57 70 R0 pano_camera2/frame_0335_hp_preview.jpg
-1.447143 1.415249 -1.098765 230 57 70 R0 pano_camera2/frame_0336_hp_preview.jpg
-1.220533 1.405988 -0.639499 230 57 70 R0 pano_camera2/frame_0337_hp_preview.jpg
-1.110025 1.408675 -0.408591 230 57 70 R0 pano_camera2/frame_0338_hp_preview.jpg
-0.871424 1.402441 0.204905 230 57 70 R0 pano_camera2/frame_0339_hp_preview.jpg
-0.775096 1.428403 0.609338 230 57 70 R0 pano_camera2/frame_0340_hp_preview.jpg
-0.742447 1.422260 0.716036 230 57 70 R0 pano_camera2/frame_0341_hp_preview.jpg
-0.614252 1.423830 1.020485 230 57 70 R0 pano_camera2/frame_0342_hp_preview.jpg
-0.380830 1.427900 1.369897 230 57 70 R0 pano_camera2/frame_0343_hp_preview.jpg
-0.425014 1.437687 1.717539 230 57 70 R0 pano_camera2/frame_0344_hp_preview.jpg
-0.676988 1.441433 1.634547 230 57 70 R0 pano_camera2/frame_0345_hp_preview.jpg
-0.874052 1.438218 1.450000 230 57 70 R0 pano_camera2/frame_0346_hp_preview.jpg
-0.975623 1.437487 1.242631 230 57 70 R0 pano_camera2/frame_0347_hp_preview.jpg
-1.100543 1.438725 1.012405 230 57 70 R0 pano_camera2/frame_0348_hp_preview.jpg
-1.397600 1.429431 0.467506 230 57 70 R0 pano_camera2/frame_0349_hp_preview.jpg
-1.594738 1.417628 0.259145 230 57 70 R0 pano_camera2/frame_0350_hp_preview.jpg
-1.749241 1.414241 0.111172 230 57 70 R0 pano_camera2/frame_0351_hp_preview.jpg
-2.190537 1.421164 -0.092409 230 57 70 R0 pano_camera2/frame_0352_hp_preview.jpg
-2.412227 1.437159 -0.124343 230 57 70 R0 pano_camera2/frame_0353_hp_preview.jpg
-2.772090 1.446188 -0.297271 230 57 70 R0 pano_camera2/frame_0354_hp_preview.jpg
-2.887261 1.458847 -0.474842 230 57 70 R0 pano_camera2/frame_0355_hp_preview.jpg
-2.808750 1.464225 -0.893678 230 57 70 R0 pano_camera2/frame_0356_hp_preview.jpg
-2.736187 1.447718 -1.184612 230 57 70 R0 pano_camera2/frame_0357_hp_preview.jpg
-2.692737 1.428218 -1.267478 230 57 70 R0 pano_camera2/frame_0358_hp_preview.jpg
-2.661343 1.418667 -1.290529 230 57 70 R0 pano_camera2/frame_0359_hp_preview.jpg
-2.708733 1.434272 -1.296555 230 57 70 R0 pano_camera2/frame_0360_hp_preview.jpg
-2.708864 1.433210 -1.300755 230 57 70 R0 pano_camera2/frame_0361_hp_preview.jpg
-2.818656 1.441687 -1.567292 230 57 70 R0 pano_camera2/frame_0362_hp_preview.jpg
-2.951513 1.447779 -1.625233 230 57 70 R0 pano_camera2/frame_0363_hp_preview.jpg
-3.211994 1.480150 -1.642408 230 57 70 R0 pano_camera2/frame_0364_hp_preview.jpg
-3.292872 1.483459 -1.587965 230 57 70 R0 pano_camera2/frame_0365_hp_preview.jpg
-3.338119 1.477430 -1.190053 230 57 70 R0 pano_camera2/frame_0366_hp_preview.jpg
-3.314969 1.474162 -1.130000 230 57 70 R0 pano_camera2/frame_0367_hp_preview.jpg
-3.175213 1.460833 -0.826966 230 57 70 R0 pano_camera2/frame_0368_hp_preview.jpg
-2.875985 1.456765 -0.205788 230 57 70 R0 pano_camera2/frame_0369_hp_preview.jpg
-2.887125 1.429219 -0.002340 230 57 70 R0 pano_camera2/frame_0370_hp_preview.jpg
-3.025344 1.462320 0.138091 230 57 70 R0 pano_camera2/frame_0371_hp_preview.jpg
-3.352775 1.462294 0.077916 230 57 70 R0 pano_camera2/frame_0372_hp_preview.jpg
-3.605106 1.475017 -0.175208 230 57 70 R0 pano_camera2/frame_0373_hp_preview.jpg
-4.214618 1.478773 -0.537451 230 57 70 R0 pano_camera2/frame_0374_hp_preview.jpg
-4.406626 1.490392 -0.548997 230 57 70 R0 pano_camera2/frame_0375_hp_preview.jpg
-4.629129 1.504598 -0.475187 230 57 70 R0 pano_camera2/frame_0376_hp_preview.jpg
-4.804689 1.512697 -0.382516 230 57 70 R0 pano_camera2/frame_0377_hp_preview.jpg
-5.307700 1.548804 0.005055 230 57 70 R0 pano_camera2/frame_0378_hp_preview.jpg
-5.424251 1.540794 0.153227 230 57 70 R0 pano_camera2/frame_0379_hp_preview.jpg
-5.541364 1.540710 0.380005 230 57 70 R0 pano_camera2/frame_0380_hp_preview.jpg
-5.604858 1.422184 0.401308 230 57 70 R0 pano_camera2/frame_0381_hp_preview.jpg
-5.631685 1.293428 0.553300 230 57 70 R0 pano_camera2/frame_0382_hp_preview.jpg
-5.582560 1.498322 0.818047 230 57 70 R0 pano_camera2/frame_0383_hp_preview.jpg
-5.553034 1.511492 0.816101 230 57 70 R0 pano_camera2/frame_0384_hp_preview.jpg
-5.392295 1.521267 1.013687 230 57 70 R0 pano_camera2/frame_0385_hp_preview.jpg
-5.075332 1.527869 1.455690 230 57 70 R0 pano_camera2/frame_0386_hp_preview.jpg
-4.950087 1.525915 1.674462 230 57 70 R0 pano_camera2/frame_0387_hp_preview.jpg
-4.497304 1.523080 2.317589 230 57 70 R0 pano_camera2/frame_0388_hp_preview.jpg
-4.175276 1.511619 2.705660 230 57 70 R0 pano_camera2/frame_0389_hp_preview.jpg
-4.029619 1.499426 2.848928 230 57 70 R0 pano_camera2/frame_0390_hp_preview.jpg
-3.615236 1.499274 3.039872 230 57 70 R0 pano_camera2/frame_0391_hp_preview.jpg
-3.530840 1.494596 2.995375 230 57 70 R0 pano_camera2/frame_0392_hp_preview.jpg
-3.571298 1.494340 2.806339 230 57 70 R0 pano_camera2/frame_0393_hp_preview.jpg
-3.743010 1.487704 2.663568 230 57 70 R0 pano_camera2/frame_0394_hp_preview.jpg
-4.038317 1.485120 2.434326 230 57 70 R0 pano_camera2/frame_0395_hp_preview.jpg
-4.248817 1.487811 2.108929 230 57 70 R0 pano_camera2/frame_0396_hp_preview.jpg
-4.050954 1.502735 1.684930 230 57 70 R0 pano_camera2/frame_0397_hp_preview.jpg
-3.914469 1.497774 1.582608 230 57 70 R0 pano_camera2/frame_0398_hp_preview.jpg
-3.436142 1.495826 1.563364 230 57 70 R0 pano_camera2/frame_0399_hp_preview.jpg
-3.059646 1.476611 1.917561 230 57 70 R0 pano_camera2/frame_0400_hp_preview.jpg
-2.784201 1.471307 2.217121 230 57 70 R0 pano_camera2/frame_0401_hp_preview.jpg
-2.763790 1.470168 2.235462 230 57 70 R0 pano_camera2/frame_0402_hp_preview.jpg
-2.507919 1.463025 2.523180 230 57 70 R0 pano_camera2/frame_0403_hp_preview.jpg
-1.987187 1.454917 2.516365 230 57 70 R0 pano_camera2/frame_0404_hp_preview.jpg
-1.958526 1.460500 2.486484 230 57 70 R0 pano_camera2/frame_0405_hp_preview.jpg
-1.804613 1.466359 2.028746 230 57 70 R0 pano_camera2/frame_0406_hp_preview.jpg
-2.068784 1.455071 1.668772 230 57 70 R0 pano_camera2/frame_0407_hp_preview.jpg
-2.213891 1.460156 1.485162 230 57 70 R0 pano_camera2/frame_0408_hp_preview.jpg
-2.325773 1.454616 1.353650 230 57 70 R0 pano_camera2/frame_0409_hp_preview.jpg
-2.436045 1.469928 1.008386 230 57 70 R0 pano_camera2/frame_0410_hp_preview.jpg
-2.113884 1.454596 0.471458 230 57 70 R0 pano_camera2/frame_0411_hp_preview.jpg
-2.052348 1.445539 0.413942 230 57 70 R0 pano_camera2/frame_0412_hp_preview.jpg
-1.920359 1.446422 0.231377 230 57 70 R0 pano_camera2/frame_0413_hp_preview.jpg
-1.941389 1.448962 0.226061 230 57 70 R0 pano_camera2/frame_0414_hp_preview.jpg
-1.942838 1.449320 0.227522 230 57 70 R0 pano_camera2/frame_0415_hp_preview.jpg
-1.939414 1.444703 0.226103 230 57 70 R0 pano_camera2/frame_0416_hp_preview.jpg
4.839951 -0.025471 2.343401 230 57 70 R0 pano_camera3/frame_0140_hp_preview.jpg
4.967712 -0.019578 2.470891 230 57 70 R0 pano_camera3/frame_0141_hp_preview.jpg
5.186017 -0.022848 2.711520 230 57 70 R0 pano_camera3/frame_0142_hp_preview.jpg
5.342925 -0.024480 2.810063 230 57 70 R0 pano_camera3/frame_0143_hp_preview.jpg
5.518690 -0.009931 2.758182 230 57 70 R0 pano_camera3/frame_0144_hp_preview.jpg
5.577041 -0.006818 2.581494 230 57 70 R0 pano_camera3/frame_0145_hp_preview.jpg
4.715282 -0.012899 2.770313 230 57 70 R0 pano_camera3/frame_0157_hp_preview.jpg
4.577598 -0.008838 2.856272 230 57 70 R0 pano_camera3/frame_0158_hp_preview.jpg
4.528535 -0.002846 2.953972 230 57 70 R0 pano_camera3/frame_0159_hp_preview.jpg
4.279873 -0.006715 3.562706 230 57 70 R0 pano_camera3/frame_0160_hp_preview.jpg
4.072468 -0.005769 3.824734 230 57 70 R0 pano_camera3/frame_0161_hp_preview.jpg
3.771378 0.011096 4.113810 230 57 70 R0 pano_camera3/frame_0162_hp_preview.jpg
3.564070 0.019397 4.273577 230 57 70 R0 pano_camera3/frame_0163_hp_preview.jpg
3.339033 0.031551 4.415810 230 57 70 R0 pano_camera3/frame_0164_hp_preview.jpg
2.941681 0.037369 4.402871 230 57 70 R0 pano_camera3/frame_0165_hp_preview.jpg
2.780572 0.036485 4.269844 230 57 70 R0 pano_camera3/frame_0166_hp_preview.jpg
2.533800 0.039496 3.910046 230 57 70 R0 pano_camera3/frame_0167_hp_preview.jpg
2.585897 0.030483 3.523406 230 57 70 R0 pano_camera3/frame_0168_hp_preview.jpg
2.675928 0.039342 3.407216 230 57 70 R0 pano_camera3/frame_0169_hp_preview.jpg
3.211332 0.013854 2.875208 230 57 70 R0 pano_camera3/frame_0170_hp_preview.jpg
3.284026 0.026233 2.805617 230 57 70 R0 pano_camera3/frame_0171_hp_preview.jpg
3.623421 0.004053 2.480109 230 57 70 R0 pano_camera3/frame_0172_hp_preview.jpg
3.700719 0.008179 2.099843 230 57 70 R0 pano_camera3/frame_0173_hp_preview.jpg
3.496462 0.014154 1.764058 230 57 70 R0 pano_camera3/frame_0174_hp_preview.jpg
3.487382 0.017176 1.758548 230 57 70 R0 pano_camera3/frame_0175_hp_preview.jpg
3.056100 0.015626 1.664286 230 57 70 R0 pano_camera3/frame_0176_hp_preview.jpg
2.812080 0.028696 1.712791 230 57 70 R0 pano_camera3/frame_0177_hp_preview.jpg
2.350241 0.033582 1.730529 230 57 70 R0 pano_camera3/frame_0178_hp_preview.jpg
2.028907 0.038350 1.482150 230 57 70 R0 pano_camera3/frame_0179_hp_preview.jpg
1.986767 0.036004 1.288525 230 57 70 R0 pano_camera3/frame_0180_hp_preview.jpg
2.118653 0.017107 1.050865 230 57 70 R0 pano_camera3/frame_0181_hp_preview.jpg
2.313809 0.010458 0.889523 230 57 70 R0 pano_camera3/frame_0182_hp_preview.jpg
2.538551 0.014652 0.570323 230 57 70 R0 pano_camera3/frame_0183_hp_preview.jpg
2.386935 0.004253 0.421756 230 57 70 R0 pano_camera3/frame_0184_hp_preview.jpg
2.233266 0.008006 0.470576 230 57 70 R0 pano_camera3/frame_0185_hp_preview.jpg
2.040202 0.007316 0.614533 230 57 70 R0 pano_camera3/frame_0186_hp_preview.jpg
1.841504 0.012238 0.750079 230 57 70 R0 pano_camera3/frame_0187_hp_preview.jpg
1.541910 0.020213 0.854685 230 57 70 R0 pano_camera3/frame_0188_hp_preview.jpg
1.238694 0.024905 0.766640 230 57 70 R0 pano_camera3/frame_0189_hp_preview.jpg
1.207903 0.030810 0.747513 230 57 70 R0 pano_camera3/frame_0190_hp_preview.jpg
1.040913 0.033419 0.532855 230 57 70 R0 pano_camera3/frame_0191_hp_preview.jpg
1.039040 0.033578 0.172904 230 57 70 R0 pano_camera3/frame_0192_hp_preview.jpg
1.170509 0.022220 -0.078137 230 57 70 R0 pano_camera3/frame_0193_hp_preview.jpg
1.390682 0.006587 -0.360998 230 57 70 R0 pano_camera3/frame_0194_hp_preview.jpg
1.529188 0.007764 -0.573882 230 57 70 R0 pano_camera3/frame_0195_hp_preview.jpg
1.501087 -0.005618 -0.778141 230 57 70 R0 pano_camera3/frame_0196_hp_preview.jpg
1.301743 -0.003346 -1.150226 230 57 70 R0 pano_camera3/frame_0197_hp_preview.jpg
0.924593 0.015182 -1.630985 230 57 70 R0 pano_camera3/frame_0198_hp_preview.jpg
0.814281 0.021477 -1.771715 230 57 70 R0 pano_camera3/frame_0199_hp_preview.jpg
0.191775 0.059690 -2.339663 230 57 70 R0 pano_camera3/frame_0200_hp_preview.jpg
0.200334 0.104007 -2.434131 230 57 70 R0 pano_camera3/frame_0201_hp_preview.jpg
0.164437 0.036493 -1.197300 230 57 70 R0 pano_camera3/frame_0226_hp_preview.jpg
-0.441548 0.056453 0.075151 230 57 70 R0 pano_camera3/frame_0240_hp_preview.jpg
-0.427002 0.049106 0.140970 230 57 70 R0 pano_camera3/frame_0241_hp_preview.jpg
-0.530377 0.046971 0.418321 230 57 70 R0 pano_camera3/frame_0242_hp_preview.jpg
-0.412447 0.043384 0.580653 230 57 70 R0 pano_camera3/frame_0243_hp_preview.jpg
-0.199111 0.037229 0.565551 230 57 70 R0 pano_camera3/frame_0244_hp_preview.jpg
-0.095758 0.032102 0.583356 230 57 70 R0 pano_camera3/frame_0245_hp_preview.jpg
0.175653 0.002676 0.646184 230 57 70 R0 pano_camera3/frame_0246_hp_preview.jpg
0.303033 0.007129 0.571790 230 57 70 R0 pano_camera3/frame_0247_hp_preview.jpg
0.618712 0.002589 0.644318 230 57 70 R0 pano_camera3/frame_0248_hp_preview.jpg
0.654295 0.000104 0.664243 230 57 70 R0 pano_camera3/frame_0249_hp_preview.jpg
1.281176 -0.002320 1.131125 230 57 70 R0 pano_camera3/frame_0250_hp_preview.jpg
1.291562 -0.003862 1.140655 230 57 70 R0 pano_camera3/frame_0251_hp_preview.jpg
1.595067 0.005720 1.562371 230 57 70 R0 pano_camera3/frame_0252_hp_preview.jpg
1.743760 0.025744 2.101405 230 57 70 R0 pano_camera3/frame_0253_hp_preview.jpg
1.471959 0.043448 2.426614 230 57 70 R0 pano_camera3/frame_0254_hp_preview.jpg
1.429311 0.040869 2.432105 230 57 70 R0 pano_camera3/frame_0255_hp_preview.jpg
0.997899 0.082119 2.075986 230 57 70 R0 pano_camera3/frame_0256_hp_preview.jpg
0.868702 0.208590 1.901349 230 57 70 R0 pano_camera3/frame_0257_hp_preview.jpg
0.819885 0.289995 1.834203 230 57 70 R0 pano_camera3/frame_0258_hp_preview.jpg
0.742097 0.363486 1.710433 230 57 70 R0 pano_camera3/frame_0259_hp_preview.jpg
0.562837 0.612033 1.436280 230 57 70 R0 pano_camera3/frame_0260_hp_preview.jpg
0.560209 0.614730 1.429992 230 57 70 R0 pano_camera3/frame_0261_hp_preview.jpg
0.349334 0.872669 1.165787 230 57 70 R0 pano_camera3/frame_0262_hp_preview.jpg
0.338892 0.882060 1.159079 230 57 70 R0 pano_camera3/frame_0263_hp_preview.jpg
0.234341 1.025326 1.020610 230 57 70 R0 pano_camera3/frame_0264_hp_preview.jpg
0.073135 1.202418 0.813219 230 57 70 R0 pano_camera3/frame_0265_hp_preview.jpg
0.027881 1.335193 0.586018 230 57 70 R0 pano_camera3/frame_0266_hp_preview.jpg
0.041467 1.409014 0.376365 230 57 70 R0 pano_camera3/frame_0267_hp_preview.jpg
0.243023 1.399077 0.144144 230 57 70 R0 pano_camera3/frame_0268_hp_preview.jpg
0.616197 1.399275 -0.220767 230 57 70 R0 pano_camera3/frame_0269_hp_preview.jpg
0.802504 1.414095 -0.375836 230 57 70 R0 pano_camera3/frame_0270_hp_preview.jpg
1.170129 1.401995 -0.637379 230 57 70 R0 pano_camera3/frame_0271_hp_preview.jpg
1.510628 1.399938 -0.886953 230 57 70 R0 pano_camera3/frame_0272_hp_preview.jpg
1.693816 1.407023 -1.033637 230 57 70 R0 pano_camera3/frame_0273_hp_preview.jpg
2.281996 1.392522 -1.480978 230 57 70 R0 pano_camera3/frame_0274_hp_preview.jpg
2.340232 1.395328 -1.537402 230 57 70 R0 pano_camera3/frame_0275_hp_preview.jpg
2.811970 1.390876 -1.910205 230 57 70 R0 pano_camera3/frame_0276_hp_preview.jpg
2.950504 1.393958 -2.037445 230 57 70 R0 pano_camera3/frame_0277_hp_preview.jpg
3.368959 1.403976 -2.444415 230 57 70 R0 pano_camera3/frame_0278_hp_preview.jpg
3.606303 1.397406 -2.614466 230 57 70 R0 pano_camera3/frame_0279_hp_preview.jpg
4.190634 1.392812 -3.115723 230 57 70 R0 pano_camera3/frame_0280_hp_preview.jpg
4.303215 1.388829 -3.197741 230 57 70 R0 pano_camera3/frame_0281_hp_preview.jpg
4.454707 1.381603 -3.351019 230 57 70 R0 pano_camera3/frame_0282_hp_preview.jpg
4.532496 1.377510 -3.585692 230 57 70 R0 pano_camera3/frame_0283_hp_preview.jpg
4.353452 1.369219 -3.972809 230 57 70 R0 pano_camera3/frame_0284_hp_preview.jpg
4.316245 1.367174 -3.999270 230 57 70 R0 pano_camera3/frame_0285_hp_preview.jpg
4.061034 1.368764 -4.204597 230 57 70 R0 pano_camera3/frame_0286_hp_preview.jpg
3.860833 1.385978 -4.212352 230 57 70 R0 pano_camera3/frame_0287_hp_preview.jpg
3.599749 1.398637 -4.227243 230 57 70 R0 pano_camera3/frame_0288_hp_preview.jpg
3.444878 1.405925 -4.303098 230 57 70 R0 pano_camera3/frame_0289_hp_preview.jpg
3.338569 1.404515 -4.557018 230 57 70 R0 pano_camera3/frame_0290_hp_preview.jpg
3.241878 1.393708 -5.104948 230 57 70 R0 pano_camera3/frame_0291_hp_preview.jpg
3.176744 1.393455 -5.317511 230 57 70 R0 pano_camera3/frame_0292_hp_preview.jpg
3.133972 1.388144 -5.494733 230 57 70 R0 pano_camera3/frame_0293_hp_preview.jpg
2.673524 1.377784 -5.939858 230 57 70 R0 pano_camera3/frame_0294_hp_preview.jpg
2.623400 1.379605 -5.951916 230 57 70 R0 pano_camera3/frame_0295_hp_preview.jpg
2.081700 1.381403 -5.759070 230 57 70 R0 pano_camera3/frame_0296_hp_preview.jpg
1.982134 1.389347 -5.413187 230 57 70 R0 pano_camera3/frame_0297_hp_preview.jpg
1.954710 1.379261 -5.103073 230 57 70 R0 pano_camera3/frame_0298_hp_preview.jpg
1.942953 1.386189 -4.860958 230 57 70 R0 pano_camera3/frame_0299_hp_preview.jpg
1.912209 1.393452 -4.398749 230 57 70 R0 pano_camera3/frame_0300_hp_preview.jpg
1.909635 1.379794 -4.078772 230 57 70 R0 pano_camera3/frame_0301_hp_preview.jpg
1.940182 1.376400 -3.757656 230 57 70 R0 pano_camera3/frame_0302_hp_preview.jpg
2.054814 1.389490 -3.319754 230 57 70 R0 pano_camera3/frame_0303_hp_preview.jpg
2.104504 1.384980 -3.095860 230 57 70 R0 pano_camera3/frame_0304_hp_preview.jpg
2.168553 1.380544 -2.567484 230 57 70 R0 pano_camera3/frame_0305_hp_preview.jpg
2.106551 1.373939 -2.041718 230 57 70 R0 pano_camera3/frame_0306_hp_preview.jpg
2.007786 1.370677 -1.708325 230 57 70 R0 pano_camera3/frame_0307_hp_preview.jpg
1.962326 1.377413 -1.631502 230 57 70 R0 pano_camera3/frame_0308_hp_preview.jpg
1.578209 1.384465 -1.347039 230 57 70 R0 pano_camera3/frame_0309_hp_preview.jpg
1.110128 1.402321 -1.353473 230 57 70 R0 pano_camera3/frame_0310_hp_preview.jpg
0.879566 1.391507 -1.574459 230 57 70 R0 pano_camera3/frame_0311_hp_preview.jpg
0.711383 1.403740 -1.989563 230 57 70 R0 pano_camera3/frame_0312_hp_preview.jpg
0.643335 1.404630 -2.301038 230 57 70 R0 pano_camera3/frame_0313_hp_preview.jpg
0.610059 1.403548 -2.582849 230 57 70 R0 pano_camera3/frame_0314_hp_preview.jpg
0.510552 1.404994 -3.269538 230 57 70 R0 pano_camera3/frame_0315_hp_preview.jpg
0.498676 1.408785 -3.319462 230 57 70 R0 pano_camera3/frame_0316_hp_preview.jpg
0.383938 1.399360 -3.756129 230 57 70 R0 pano_camera3/frame_0317_hp_preview.jpg
0.106395 1.392132 -4.149968 230 57 70 R0 pano_camera3/frame_0318_hp_preview.jpg
-0.020467 1.394645 -4.160091 230 57 70 R0 pano_camera3/frame_0319_hp_preview.jpg
-0.364710 1.420163 -4.063730 230 57 70 R0 pano_camera3/frame_0320_hp_preview.jpg
-0.888437 1.430911 -3.584243 230 57 70 R0 pano_camera3/frame_0321_hp_preview.jpg
-0.916598 1.430633 -3.551875 230 57 70 R0 pano_camera3/frame_0322_hp_preview.jpg
-1.032316 1.420585 -3.085604 230 57 70 R0 pano_camera3/frame_0323_hp_preview.jpg
-0.974744 1.430557 -2.609732 230 57 70 R0 pano_camera3/frame_0324_hp_preview.jpg
-0.981161 1.423218 -2.561348 230 57 70 R0 pano_camera3/frame_0325_hp_preview.jpg
-1.198561 1.422233 -2.111890 230 57 70 R0 pano_camera3/frame_0326_hp_preview.jpg
-1.463729 1.422839 -2.062078 230 57 70 R0 pano_camera3/frame_0327_hp_preview.jpg
-1.598178 1.433282 -2.101845 230 57 70 R0 pano_camera3/frame_0328_hp_preview.jpg
-1.791380 1.439078 -2.239411 230 57 70 R0 pano_camera3/frame_0329_hp_preview.jpg
-2.145065 1.447842 -2.370760 230 57 70 R0 pano_camera3/frame_0330_hp_preview.jpg
-2.261497 1.447840 -2.281120 230 57 70 R0 pano_camera3/frame_0331_hp_preview.jpg
-2.110147 1.437039 -1.880987 230 57 70 R0 pano_camera3/frame_0332_hp_preview.jpg
-1.938776 1.427831 -1.752377 230 57 70 R0 pano_camera3/frame_0333_hp_preview.jpg
-1.671949 1.422605 -1.470004 230 57 70 R0 pano_camera3/frame_0334_hp_preview.jpg
-1.569893 1.424827 -1.291863 230 57 70 R0 pano_camera3/frame_0335_hp_preview.jpg
-1.447143 1.415249 -1.098765 230 57 70 R0 pano_camera3/frame_0336_hp_preview.jpg
-1.220533 1.405988 -0.639499 230 57 70 R0 pano_camera3/frame_0337_hp_preview.jpg
-1.110025 1.408675 -0.408591 230 57 70 R0 pano_camera3/frame_0338_hp_preview.jpg
-0.871424 1.402441 0.204905 230 57 70 R0 pano_camera3/frame_0339_hp_preview.jpg
-0.775096 1.428403 0.609338 230 57 70 R0 pano_camera3/frame_0340_hp_preview.jpg
-0.742447 1.422260 0.716036 230 57 70 R0 pano_camera3/frame_0341_hp_preview.jpg
-0.614252 1.423830 1.020485 230 57 70 R0 pano_camera3/frame_0342_hp_preview.jpg
-0.380830 1.427900 1.369897 230 57 70 R0 pano_camera3/frame_0343_hp_preview.jpg
-0.425014 1.437687 1.717539 230 57 70 R0 pano_camera3/frame_0344_hp_preview.jpg
-0.676988 1.441433 1.634547 230 57 70 R0 pano_camera3/frame_0345_hp_preview.jpg
-0.874052 1.438218 1.450000 230 57 70 R0 pano_camera3/frame_0346_hp_preview.jpg
-0.975623 1.437487 1.242631 230 57 70 R0 pano_camera3/frame_0347_hp_preview.jpg
-1.100543 1.438725 1.012405 230 57 70 R0 pano_camera3/frame_0348_hp_preview.jpg
-1.397600 1.429431 0.467506 230 57 70 R0 pano_camera3/frame_0349_hp_preview.jpg
-1.594738 1.417628 0.259145 230 57 70 R0 pano_camera3/frame_0350_hp_preview.jpg
-1.749241 1.414241 0.111172 230 57 70 R0 pano_camera3/frame_0351_hp_preview.jpg
-2.190537 1.421164 -0.092409 230 57 70 R0 pano_camera3/frame_0352_hp_preview.jpg
-2.412227 1.437159 -0.124343 230 57 70 R0 pano_camera3/frame_0353_hp_preview.jpg
-2.772090 1.446188 -0.297271 230 57 70 R0 pano_camera3/frame_0354_hp_preview.jpg
-2.887261 1.458847 -0.474842 230 57 70 R0 pano_camera3/frame_0355_hp_preview.jpg
-2.808750 1.464225 -0.893678 230 57 70 R0 pano_camera3/frame_0356_hp_preview.jpg
-2.736187 1.447718 -1.184612 230 57 70 R0 pano_camera3/frame_0357_hp_preview.jpg
-2.692737 1.428218 -1.267478 230 57 70 R0 pano_camera3/frame_0358_hp_preview.jpg
-2.661343 1.418667 -1.290529 230 57 70 R0 pano_camera3/frame_0359_hp_preview.jpg
-2.708733 1.434272 -1.296555 230 57 70 R0 pano_camera3/frame_0360_hp_preview.jpg
-2.708864 1.433210 -1.300755 230 57 70 R0 pano_camera3/frame_0361_hp_preview.jpg
-2.818656 1.441687 -1.567292 230 57 70 R0 pano_camera3/frame_0362_hp_preview.jpg
-2.951513 1.447779 -1.625233 230 57 70 R0 pano_camera3/frame_0363_hp_preview.jpg
-3.211994 1.480150 -1.642408 230 57 70 R0 pano_camera3/frame_0364_hp_preview.jpg
-3.292872 1.483459 -1.587965 230 57 70 R0 pano_camera3/frame_0365_hp_preview.jpg
-3.338119 1.477430 -1.190053 230 57 70 R0 pano_camera3/frame_0366_hp_preview.jpg
-3.314969 1.474162 -1.130000 230 57 70 R0 pano_camera3/frame_0367_hp_preview.jpg
-3.175213 1.460833 -0.826966 230 57 70 R0 pano_camera3/frame_0368_hp_preview.jpg
-2.875985 1.456765 -0.205788 230 57 70 R0 pano_camera3/frame_0369_hp_preview.jpg
-2.887125 1.429219 -0.002340 230 57 70 R0 pano_camera3/frame_0370_hp_preview.jpg
-3.025344 1.462320 0.138091 230 57 70 R0 pano_camera3/frame_0371_hp_preview.jpg
-3.352775 1.462294 0.077916 230 57 70 R0 pano_camera3/frame_0372_hp_preview.jpg
-3.605106 1.475017 -0.175208 230 57 70 R0 pano_camera3/frame_0373_hp_preview.jpg
-4.214618 1.478773 -0.537451 230 57 70 R0 pano_camera3/frame_0374_hp_preview.jpg
-4.406626 1.490392 -0.548997 230 57 70 R0 pano_camera3/frame_0375_hp_preview.jpg
-4.629129 1.504598 -0.475187 230 57 70 R0 pano_camera3/frame_0376_hp_preview.jpg
-4.804689 1.512697 -0.382516 230 57 70 R0 pano_camera3/frame_0377_hp_preview.jpg
-5.307700 1.548804 0.005055 230 57 70 R0 pano_camera3/frame_0378_hp_preview.jpg
-5.424251 1.540794 0.153227 230 57 70 R0 pano_camera3/frame_0379_hp_preview.jpg
-5.541364 1.540710 0.380005 230 57 70 R0 pano_camera3/frame_0380_hp_preview.jpg
-5.604858 1.422184 0.401308 230 57 70 R0 pano_camera3/frame_0381_hp_preview.jpg
-5.631685 1.293428 0.553300 230 57 70 R0 pano_camera3/frame_0382_hp_preview.jpg
-5.582560 1.498322 0.818047 230 57 70 R0 pano_camera3/frame_0383_hp_preview.jpg
-5.553034 1.511492 0.816101 230 57 70 R0 pano_camera3/frame_0384_hp_preview.jpg
-5.392295 1.521267 1.013687 230 57 70 R0 pano_camera3/frame_0385_hp_preview.jpg
-5.075332 1.527869 1.455690 230 57 70 R0 pano_camera3/frame_0386_hp_preview.jpg
-4.950087 1.525915 1.674462 230 57 70 R0 pano_camera3/frame_0387_hp_preview.jpg
-4.497304 1.523080 2.317589 230 57 70 R0 pano_camera3/frame_0388_hp_preview.jpg
-4.175276 1.511619 2.705660 230 57 70 R0 pano_camera3/frame_0389_hp_preview.jpg
-4.029619 1.499426 2.848928 230 57 70 R0 pano_camera3/frame_0390_hp_preview.jpg
-3.615236 1.499274 3.039872 230 57 70 R0 pano_camera3/frame_0391_hp_preview.jpg
-3.530840 1.494596 2.995375 230 57 70 R0 pano_camera3/frame_0392_hp_preview.jpg
-3.571298 1.494340 2.806339 230 57 70 R0 pano_camera3/frame_0393_hp_preview.jpg
-3.743010 1.487704 2.663568 230 57 70 R0 pano_camera3/frame_0394_hp_preview.jpg
-4.038317 1.485120 2.434326 230 57 70 R0 pano_camera3/frame_0395_hp_preview.jpg
-4.248817 1.487811 2.108929 230 57 70 R0 pano_camera3/frame_0396_hp_preview.jpg
-4.050954 1.502735 1.684930 230 57 70 R0 pano_camera3/frame_0397_hp_preview.jpg
-3.914469 1.497774 1.582608 230 57 70 R0 pano_camera3/frame_0398_hp_preview.jpg
-3.436142 1.495826 1.563364 230 57 70 R0 pano_camera3/frame_0399_hp_preview.jpg
-3.059646 1.476611 1.917561 230 57 70 R0 pano_camera3/frame_0400_hp_preview.jpg
-2.784201 1.471307 2.217121 230 57 70 R0 pano_camera3/frame_0401_hp_preview.jpg
-2.763790 1.470168 2.235462 230 57 70 R0 pano_camera3/frame_0402_hp_preview.jpg
-2.507919 1.463025 2.523180 230 57 70 R0 pano_camera3/frame_0403_hp_preview.jpg
-1.987187 1.454917 2.516365 230 57 70 R0 pano_camera3/frame_0404_hp_preview.jpg
-1.958526 1.460500 2.486484 230 57 70 R0 pano_camera3/frame_0405_hp_preview.jpg
-1.804613 1.466359 2.028746 230 57 70 R0 pano_camera3/frame_0406_hp_preview.jpg
-2.068784 1.455071 1.668772 230 57 70 R0 pano_camera3/frame_0407_hp_preview.jpg
-2.213891 1.460156 1.485162 230 57 70 R0 pano_camera3/frame_0408_hp_preview.jpg
-2.325773 1.454616 1.353650 230 57 70 R0 pano_camera3/frame_0409_hp_preview.jpg
-2.436045 1.469928 1.008386 230 57 70 R0 pano_camera3/frame_0410_hp_preview.jpg
-2.113884 1.454596 0.471458 230 57 70 R0 pano_camera3/frame_0411_hp_preview.jpg
-2.052348 1.445539 0.413942 230 57 70 R0 pano_camera3/frame_0412_hp_preview.jpg
-1.920359 1.446422 0.231377 230 57 70 R0 pano_camera3/frame_0413_hp_preview.jpg
-1.941389 1.448962 0.226061 230 57 70 R0 pano_camera3/frame_0414_hp_preview.jpg
-1.942838 1.449320 0.227522 230 57 70 R0 pano_camera3/frame_0415_hp_preview.jpg
-1.939414 1.444703 0.226103 230 57 70 R0 pano_camera3/frame_0416_hp_preview.jpg
4.839951 -0.025471 2.343401 230 57 70 R0 pano_camera4/frame_0140_hp_preview.jpg
4.967712 -0.019578 2.470891 230 57 70 R0 pano_camera4/frame_0141_hp_preview.jpg
5.186017 -0.022848 2.711520 230 57 70 R0 pano_camera4/frame_0142_hp_preview.jpg
5.342925 -0.024480 2.810063 230 57 70 R0 pano_camera4/frame_0143_hp_preview.jpg
5.518690 -0.009931 2.758182 230 57 70 R0 pano_camera4/frame_0144_hp_preview.jpg
5.577041 -0.006818 2.581494 230 57 70 R0 pano_camera4/frame_0145_hp_preview.jpg
4.715282 -0.012899 2.770313 230 57 70 R0 pano_camera4/frame_0157_hp_preview.jpg
4.577598 -0.008838 2.856272 230 57 70 R0 pano_camera4/frame_0158_hp_preview.jpg
4.528535 -0.002846 2.953972 230 57 70 R0 pano_camera4/frame_0159_hp_preview.jpg
4.279873 -0.006715 3.562706 230 57 70 R0 pano_camera4/frame_0160_hp_preview.jpg
4.072468 -0.005769 3.824734 230 57 70 R0 pano_camera4/frame_0161_hp_preview.jpg
3.771378 0.011096 4.113810 230 57 70 R0 pano_camera4/frame_0162_hp_preview.jpg
3.564070 0.019397 4.273577 230 57 70 R0 pano_camera4/frame_0163_hp_preview.jpg
3.339033 0.031551 4.415810 230 57 70 R0 pano_camera4/frame_0164_hp_preview.jpg
2.941681 0.037369 4.402871 230 57 70 R0 pano_camera4/frame_0165_hp_preview.jpg
2.780572 0.036485 4.269844 230 57 70 R0 pano_camera4/frame_0166_hp_preview.jpg
2.533800 0.039496 3.910046 230 57 70 R0 pano_camera4/frame_0167_hp_preview.jpg
2.585897 0.030483 3.523406 230 57 70 R0 pano_camera4/frame_0168_hp_preview.jpg
2.675928 0.039342 3.407216 230 57 70 R0 pano_camera4/frame_0169_hp_preview.jpg
3.211332 0.013854 2.875208 230 57 70 R0 pano_camera4/frame_0170_hp_preview.jpg
3.284026 0.026233 2.805617 230 57 70 R0 pano_camera4/frame_0171_hp_preview.jpg
3.623421 0.004053 2.480109 230 57 70 R0 pano_camera4/frame_0172_hp_preview.jpg
3.700719 0.008179 2.099843 230 57 70 R0 pano_camera4/frame_0173_hp_preview.jpg
3.496462 0.014154 1.764058 230 57 70 R0 pano_camera4/frame_0174_hp_preview.jpg
3.487382 0.017176 1.758548 230 57 70 R0 pano_camera4/frame_0175_hp_preview.jpg
3.056100 0.015626 1.664286 230 57 70 R0 pano_camera4/frame_0176_hp_preview.jpg
2.812080 0.028696 1.712791 230 57 70 R0 pano_camera4/frame_0177_hp_preview.jpg
2.350241 0.033582 1.730529 230 57 70 R0 pano_camera4/frame_0178_hp_preview.jpg
2.028907 0.038350 1.482150 230 57 70 R0 pano_camera4/frame_0179_hp_preview.jpg
1.986767 0.036004 1.288525 230 57 70 R0 pano_camera4/frame_0180_hp_preview.jpg
2.118653 0.017107 1.050865 230 57 70 R0 pano_camera4/frame_0181_hp_preview.jpg
2.313809 0.010458 0.889523 230 57 70 R0 pano_camera4/frame_0182_hp_preview.jpg
2.538551 0.014652 0.570323 230 57 70 R0 pano_camera4/frame_0183_hp_preview.jpg
2.386935 0.004253 0.421756 230 57 70 R0 pano_camera4/frame_0184_hp_preview.jpg
2.233266 0.008006 0.470576 230 57 70 R0 pano_camera4/frame_0185_hp_preview.jpg
2.040202 0.007316 0.614533 230 57 70 R0 pano_camera4/frame_0186_hp_preview.jpg
1.841504 0.012238 0.750079 230 57 70 R0 pano_camera4/frame_0187_hp_preview.jpg
1.541910 0.020213 0.854685 230 57 70 R0 pano_camera4/frame_0188_hp_preview.jpg
1.238694 0.024905 0.766640 230 57 70 R0 pano_camera4/frame_0189_hp_preview.jpg
1.207903 0.030810 0.747513 230 57 70 R0 pano_camera4/frame_0190_hp_preview.jpg
1.040913 0.033419 0.532855 230 57 70 R0 pano_camera4/frame_0191_hp_preview.jpg
1.039040 0.033578 0.172904 230 57 70 R0 pano_camera4/frame_0192_hp_preview.jpg
1.170509 0.022220 -0.078137 230 57 70 R0 pano_camera4/frame_0193_hp_preview.jpg
1.390682 0.006587 -0.360998 230 57 70 R0 pano_camera4/frame_0194_hp_preview.jpg
1.529188 0.007764 -0.573882 230 57 70 R0 pano_camera4/frame_0195_hp_preview.jpg
1.501087 -0.005618 -0.778141 230 57 70 R0 pano_camera4/frame_0196_hp_preview.jpg
1.301743 -0.003346 -1.150226 230 57 70 R0 pano_camera4/frame_0197_hp_preview.jpg
0.924593 0.015182 -1.630985 230 57 70 R0 pano_camera4/frame_0198_hp_preview.jpg
0.814281 0.021477 -1.771715 230 57 70 R0 pano_camera4/frame_0199_hp_preview.jpg
0.191775 0.059690 -2.339663 230 57 70 R0 pano_camera4/frame_0200_hp_preview.jpg
0.200334 0.104007 -2.434131 230 57 70 R0 pano_camera4/frame_0201_hp_preview.jpg
0.164437 0.036493 -1.197300 230 57 70 R0 pano_camera4/frame_0226_hp_preview.jpg
-0.441548 0.056453 0.075151 230 57 70 R0 pano_camera4/frame_0240_hp_preview.jpg
-0.427002 0.049106 0.140970 230 57 70 R0 pano_camera4/frame_0241_hp_preview.jpg
-0.530377 0.046971 0.418321 230 57 70 R0 pano_camera4/frame_0242_hp_preview.jpg
-0.412447 0.043384 0.580653 230 57 70 R0 pano_camera4/frame_0243_hp_preview.jpg
-0.199111 0.037229 0.565551 230 57 70 R0 pano_camera4/frame_0244_hp_preview.jpg
-0.095758 0.032102 0.583356 230 57 70 R0 pano_camera4/frame_0245_hp_preview.jpg
0.175653 0.002676 0.646184 230 57 70 R0 pano_camera4/frame_0246_hp_preview.jpg
0.303033 0.007129 0.571790 230 57 70 R0 pano_camera4/frame_0247_hp_preview.jpg
0.618712 0.002589 0.644318 230 57 70 R0 pano_camera4/frame_0248_hp_preview.jpg
0.654295 0.000104 0.664243 230 57 70 R0 pano_camera4/frame_0249_hp_preview.jpg
1.281176 -0.002320 1.131125 230 57 70 R0 pano_camera4/frame_0250_hp_preview.jpg
1.291562 -0.003862 1.140655 230 57 70 R0 pano_camera4/frame_0251_hp_preview.jpg
1.595067 0.005720 1.562371 230 57 70 R0 pano_camera4/frame_0252_hp_preview.jpg
1.743760 0.025744 2.101405 230 57 70 R0 pano_camera4/frame_0253_hp_preview.jpg
1.471959 0.043448 2.426614 230 57 70 R0 pano_camera4/frame_0254_hp_preview.jpg
1.429311 0.040869 2.432105 230 57 70 R0 pano_camera4/frame_0255_hp_preview.jpg
0.997899 0.082119 2.075986 230 57 70 R0 pano_camera4/frame_0256_hp_preview.jpg
0.868702 0.208590 1.901349 230 57 70 R0 pano_camera4/frame_0257_hp_preview.jpg
0.819885 0.289995 1.834203 230 57 70 R0 pano_camera4/frame_0258_hp_preview.jpg
0.742097 0.363486 1.710433 230 57 70 R0 pano_camera4/frame_0259_hp_preview.jpg
0.562837 0.612033 1.436280 230 57 70 R0 pano_camera4/frame_0260_hp_preview.jpg
0.560209 0.614730 1.429992 230 57 70 R0 pano_camera4/frame_0261_hp_preview.jpg
0.349334 0.872669 1.165787 230 57 70 R0 pano_camera4/frame_0262_hp_preview.jpg
0.338892 0.882060 1.159079 230 57 70 R0 pano_camera4/frame_0263_hp_preview.jpg
0.234341 1.025326 1.020610 230 57 70 R0 pano_camera4/frame_0264_hp_preview.jpg
0.073135 1.202418 0.813219 230 57 70 R0 pano_camera4/frame_0265_hp_preview.jpg
0.027881 1.335193 0.586018 230 57 70 R0 pano_camera4/frame_0266_hp_preview.jpg
0.041467 1.409014 0.376365 230 57 70 R0 pano_camera4/frame_0267_hp_preview.jpg
0.243023 1.399077 0.144144 230 57 70 R0 pano_camera4/frame_0268_hp_preview.jpg
0.616197 1.399275 -0.220767 230 57 70 R0 pano_camera4/frame_0269_hp_preview.jpg
0.802504 1.414095 -0.375836 230 57 70 R0 pano_camera4/frame_0270_hp_preview.jpg
1.170129 1.401995 -0.637379 230 57 70 R0 pano_camera4/frame_0271_hp_preview.jpg
1.510628 1.399938 -0.886953 230 57 70 R0 pano_camera4/frame_0272_hp_preview.jpg
1.693816 1.407023 -1.033637 230 57 70 R0 pano_camera4/frame_0273_hp_preview.jpg
2.281996 1.392522 -1.480978 230 57 70 R0 pano_camera4/frame_0274_hp_preview.jpg
2.340232 1.395328 -1.537402 230 57 70 R0 pano_camera4/frame_0275_hp_preview.jpg
2.811970 1.390876 -1.910205 230 57 70 R0 pano_camera4/frame_0276_hp_preview.jpg
2.950504 1.393958 -2.037445 230 57 70 R0 pano_camera4/frame_0277_hp_preview.jpg
3.368959 1.403976 -2.444415 230 57 70 R0 pano_camera4/frame_0278_hp_preview.jpg
3.606303 1.397406 -2.614466 230 57 70 R0 pano_camera4/frame_0279_hp_preview.jpg
4.190634 1.392812 -3.115723 230 57 70 R0 pano_camera4/frame_0280_hp_preview.jpg
4.303215 1.388829 -3.197741 230 57 70 R0 pano_camera4/frame_0281_hp_preview.jpg
4.454707 1.381603 -3.351019 230 57 70 R0 pano_camera4/frame_0282_hp_preview.jpg
4.532496 1.377510 -3.585692 230 57 70 R0 pano_camera4/frame_0283_hp_preview.jpg
4.353452 1.369219 -3.972809 230 57 70 R0 pano_camera4/frame_0284_hp_preview.jpg
4.316245 1.367174 -3.999270 230 57 70 R0 pano_camera4/frame_0285_hp_preview.jpg
4.061034 1.368764 -4.204597 230 57 70 R0 pano_camera4/frame_0286_hp_preview.jpg
3.860833 1.385978 -4.212352 230 57 70 R0 pano_camera4/frame_0287_hp_preview.jpg
3.599749 1.398637 -4.227243 230 57 70 R0 pano_camera4/frame_0288_hp_preview.jpg
3.444878 1.405925 -4.303098 230 57 70 R0 pano_camera4/frame_0289_hp_preview.jpg
3.338569 1.404515 -4.557018 230 57 70 R0 pano_camera4/frame_0290_hp_preview.jpg
3.241878 1.393708 -5.104948 230 57 70 R0 pano_camera4/frame_0291_hp_preview.jpg
3.176744 1.393455 -5.317511 230 57 70 R0 pano_camera4/frame_0292_hp_preview.jpg
3.133972 1.388144 -5.494733 230 57 70 R0 pano_camera4/frame_0293_hp_preview.jpg
2.673524 1.377784 -5.939858 230 57 70 R0 pano_camera4/frame_0294_hp_preview.jpg
2.623400 1.379605 -5.951916 230 57 70 R0 pano_camera4/frame_0295_hp_preview.jpg
2.081700 1.381403 -5.759070 230 57 70 R0 pano_camera4/frame_0296_hp_preview.jpg
1.982134 1.389347 -5.413187 230 57 70 R0 pano_camera4/frame_0297_hp_preview.jpg
1.954710 1.379261 -5.103073 230 57 70 R0 pano_camera4/frame_0298_hp_preview.jpg
1.942953 1.386189 -4.860958 230 57 70 R0 pano_camera4/frame_0299_hp_preview.jpg
1.912209 1.393452 -4.398749 230 57 70 R0 pano_camera4/frame_0300_hp_preview.jpg
1.909635 1.379794 -4.078772 230 57 70 R0 pano_camera4/frame_0301_hp_preview.jpg
1.940182 1.376400 -3.757656 230 57 70 R0 pano_camera4/frame_0302_hp_preview.jpg
2.054814 1.389490 -3.319754 230 57 70 R0 pano_camera4/frame_0303_hp_preview.jpg
2.104504 1.384980 -3.095860 230 57 70 R0 pano_camera4/frame_0304_hp_preview.jpg
2.168553 1.380544 -2.567484 230 57 70 R0 pano_camera4/frame_0305_hp_preview.jpg
2.106551 1.373939 -2.041718 230 57 70 R0 pano_camera4/frame_0306_hp_preview.jpg
2.007786 1.370677 -1.708325 230 57 70 R0 pano_camera4/frame_0307_hp_preview.jpg
1.962326 1.377413 -1.631502 230 57 70 R0 pano_camera4/frame_0308_hp_preview.jpg
1.578209 1.384465 -1.347039 230 57 70 R0 pano_camera4/frame_0309_hp_preview.jpg
1.110128 1.402321 -1.353473 230 57 70 R0 pano_camera4/frame_0310_hp_preview.jpg
0.879566 1.391507 -1.574459 230 57 70 R0 pano_camera4/frame_0311_hp_preview.jpg
0.711383 1.403740 -1.989563 230 57 70 R0 pano_camera4/frame_0312_hp_preview.jpg
0.643335 1.404630 -2.301038 230 57 70 R0 pano_camera4/frame_0313_hp_preview.jpg
0.610059 1.403548 -2.582849 230 57 70 R0 pano_camera4/frame_0314_hp_preview.jpg
0.510552 1.404994 -3.269538 230 57 70 R0 pano_camera4/frame_0315_hp_preview.jpg
0.498676 1.408785 -3.319462 230 57 70 R0 pano_camera4/frame_0316_hp_preview.jpg
0.383938 1.399360 -3.756129 230 57 70 R0 pano_camera4/frame_0317_hp_preview.jpg
0.106395 1.392132 -4.149968 230 57 70 R0 pano_camera4/frame_0318_hp_preview.jpg
-0.020467 1.394645 -4.160091 230 57 70 R0 pano_camera4/frame_0319_hp_preview.jpg
-0.364710 1.420163 -4.063730 230 57 70 R0 pano_camera4/frame_0320_hp_preview.jpg
-0.888437 1.430911 -3.584243 230 57 70 R0 pano_camera4/frame_0321_hp_preview.jpg
-0.916598 1.430633 -3.551875 230 57 70 R0 pano_camera4/frame_0322_hp_preview.jpg
-1.032316 1.420585 -3.085604 230 57 70 R0 pano_camera4/frame_0323_hp_preview.jpg
-0.974744 1.430557 -2.609732 230 57 70 R0 pano_camera4/frame_0324_hp_preview.jpg
-0.981161 1.423218 -2.561348 230 57 70 R0 pano_camera4/frame_0325_hp_preview.jpg
-1.198561 1.422233 -2.111890 230 57 70 R0 pano_camera4/frame_0326_hp_preview.jpg
-1.463729 1.422839 -2.062078 230 57 70 R0 pano_camera4/frame_0327_hp_preview.jpg
-1.598178 1.433282 -2.101845 230 57 70 R0 pano_camera4/frame_0328_hp_preview.jpg
-1.791380 1.439078 -2.239411 230 57 70 R0 pano_camera4/frame_0329_hp_preview.jpg
-2.145065 1.447842 -2.370760 230 57 70 R0 pano_camera4/frame_0330_hp_preview.jpg
-2.261497 1.447840 -2.281120 230 57 70 R0 pano_camera4/frame_0331_hp_preview.jpg
-2.110147 1.437039 -1.880987 230 57 70 R0 pano_camera4/frame_0332_hp_preview.jpg
-1.938776 1.427831 -1.752377 230 57 70 R0 pano_camera4/frame_0333_hp_preview.jpg
-1.671949 1.422605 -1.470004 230 57 70 R0 pano_camera4/frame_0334_hp_preview.jpg
-1.569893 1.424827 -1.291863 230 57 70 R0 pano_camera4/frame_0335_hp_preview.jpg
-1.447143 1.415249 -1.098765 230 57 70 R0 pano_camera4/frame_0336_hp_preview.jpg
-1.220533 1.405988 -0.639499 230 57 70 R0 pano_camera4/frame_0337_hp_preview.jpg
-1.110025 1.408675 -0.408591 230 57 70 R0 pano_camera4/frame_0338_hp_preview.jpg
-0.871424 1.402441 0.204905 230 57 70 R0 pano_camera4/frame_0339_hp_preview.jpg
-0.775096 1.428403 0.609338 230 57 70 R0 pano_camera4/frame_0340_hp_preview.jpg
-0.742447 1.422260 0.716036 230 57 70 R0 pano_camera4/frame_0341_hp_preview.jpg
-0.614252 1.423830 1.020485 230 57 70 R0 pano_camera4/frame_0342_hp_preview.jpg
-0.380830 1.427900 1.369897 230 57 70 R0 pano_camera4/frame_0343_hp_preview.jpg
-0.425014 1.437687 1.717539 230 57 70 R0 pano_camera4/frame_0344_hp_preview.jpg
-0.676988 1.441433 1.634547 230 57 70 R0 pano_camera4/frame_0345_hp_preview.jpg
-0.874052 1.438218 1.450000 230 57 70 R0 pano_camera4/frame_0346_hp_preview.jpg
-0.975623 1.437487 1.242631 230 57 70 R0 pano_camera4/frame_0347_hp_preview.jpg
-1.100543 1.438725 1.012405 230 57 70 R0 pano_camera4/frame_0348_hp_preview.jpg
-1.397600 1.429431 0.467506 230 57 70 R0 pano_camera4/frame_0349_hp_preview.jpg
-1.594738 1.417628 0.259145 230 57 70 R0 pano_camera4/frame_0350_hp_preview.jpg
-1.749241 1.414241 0.111172 230 57 70 R0 pano_camera4/frame_0351_hp_preview.jpg
-2.190537 1.421164 -0.092409 230 57 70 R0 pano_camera4/frame_0352_hp_preview.jpg
-2.412227 1.437159 -0.124343 230 57 70 R0 pano_camera4/frame_0353_hp_preview.jpg
-2.772090 1.446188 -0.297271 230 57 70 R0 pano_camera4/frame_0354_hp_preview.jpg
-2.887261 1.458847 -0.474842 230 57 70 R0 pano_camera4/frame_0355_hp_preview.jpg
-2.808750 1.464225 -0.893678 230 57 70 R0 pano_camera4/frame_0356_hp_preview.jpg
-2.736187 1.447718 -1.184612 230 57 70 R0 pano_camera4/frame_0357_hp_preview.jpg
-2.692737 1.428218 -1.267478 230 57 70 R0 pano_camera4/frame_0358_hp_preview.jpg
-2.661343 1.418667 -1.290529 230 57 70 R0 pano_camera4/frame_0359_hp_preview.jpg
-2.708733 1.434272 -1.296555 230 57 70 R0 pano_camera4/frame_0360_hp_preview.jpg
-2.708864 1.433210 -1.300755 230 57 70 R0 pano_camera4/frame_0361_hp_preview.jpg
-2.818656 1.441687 -1.567292 230 57 70 R0 pano_camera4/frame_0362_hp_preview.jpg
-2.951513 1.447779 -1.625233 230 57 70 R0 pano_camera4/frame_0363_hp_preview.jpg
-3.211994 1.480150 -1.642408 230 57 70 R0 pano_camera4/frame_0364_hp_preview.jpg
-3.292872 1.483459 -1.587965 230 57 70 R0 pano_camera4/frame_0365_hp_preview.jpg
-3.338119 1.477430 -1.190053 230 57 70 R0 pano_camera4/frame_0366_hp_preview.jpg
-3.314969 1.474162 -1.130000 230 57 70 R0 pano_camera4/frame_0367_hp_preview.jpg
-3.175213 1.460833 -0.826966 230 57 70 R0 pano_camera4/frame_0368_hp_preview.jpg
-2.875985 1.456765 -0.205788 230 57 70 R0 pano_camera4/frame_0369_hp_preview.jpg
-2.887125 1.429219 -0.002340 230 57 70 R0 pano_camera4/frame_0370_hp_preview.jpg
-3.025344 1.462320 0.138091 230 57 70 R0 pano_camera4/frame_0371_hp_preview.jpg
-3.352775 1.462294 0.077916 230 57 70 R0 pano_camera4/frame_0372_hp_preview.jpg
-3.605106 1.475017 -0.175208 230 57 70 R0 pano_camera4/frame_0373_hp_preview.jpg
-4.214618 1.478773 -0.537451 230 57 70 R0 pano_camera4/frame_0374_hp_preview.jpg
-4.406626 1.490392 -0.548997 230 57 70 R0 pano_camera4/frame_0375_hp_preview.jpg
-4.629129 1.504598 -0.475187 230 57 70 R0 pano_camera4/frame_0376_hp_preview.jpg
-4.804689 1.512697 -0.382516 230 57 70 R0 pano_camera4/frame_0377_hp_preview.jpg
-5.307700 1.548804 0.005055 230 57 70 R0 pano_camera4/frame_0378_hp_preview.jpg
-5.424251 1.540794 0.153227 230 57 70 R0 pano_camera4/frame_0379_hp_preview.jpg
-5.541364 1.540710 0.380005 230 57 70 R0 pano_camera4/frame_0380_hp_preview.jpg
-5.604858 1.422184 0.401308 230 57 70 R0 pano_camera4/frame_0381_hp_preview.jpg
-5.631685 1.293428 0.553300 230 57 70 R0 pano_camera4/frame_0382_hp_preview.jpg
-5.582560 1.498322 0.818047 230 57 70 R0 pano_camera4/frame_0383_hp_preview.jpg
-5.553034 1.511492 0.816101 230 57 70 R0 pano_camera4/frame_0384_hp_preview.jpg
-5.392295 1.521267 1.013687 230 57 70 R0 pano_camera4/frame_0385_hp_preview.jpg
-5.075332 1.527869 1.455690 230 57 70 R0 pano_camera4/frame_0386_hp_preview.jpg
-4.950087 1.525915 1.674462 230 57 70 R0 pano_camera4/frame_0387_hp_preview.jpg
-4.497304 1.523080 2.317589 230 57 70 R0 pano_camera4/frame_0388_hp_preview.jpg
-4.175276 1.511619 2.705660 230 57 70 R0 pano_camera4/frame_0389_hp_preview.jpg
-4.029619 1.499426 2.848928 230 57 70 R0 pano_camera4/frame_0390_hp_preview.jpg
-3.615236 1.499274 3.039872 230 57 70 R0 pano_camera4/frame_0391_hp_preview.jpg
-3.530840 1.494596 2.995375 230 57 70 R0 pano_camera4/frame_0392_hp_preview.jpg
-3.571298 1.494340 2.806339 230 57 70 R0 pano_camera4/frame_0393_hp_preview.jpg
-3.743010 1.487704 2.663568 230 57 70 R0 pano_camera4/frame_0394_hp_preview.jpg
-4.038317 1.485120 2.434326 230 57 70 R0 pano_camera4/frame_0395_hp_preview.jpg
-4.248817 1.487811 2.108929 230 57 70 R0 pano_camera4/frame_0396_hp_preview.jpg
-4.050954 1.502735 1.684930 230 57 70 R0 pano_camera4/frame_0397_hp_preview.jpg
-3.914469 1.497774 1.582608 230 57 70 R0 pano_camera4/frame_0398_hp_preview.jpg
-3.436142 1.495826 1.563364 230 57 70 R0 pano_camera4/frame_0399_hp_preview.jpg
-3.059646 1.476611 1.917561 230 57 70 R0 pano_camera4/frame_0400_hp_preview.jpg
-2.784201 1.471307 2.217121 230 57 70 R0 pano_camera4/frame_0401_hp_preview.jpg
-2.763790 1.470168 2.235462 230 57 70 R0 pano_camera4/frame_0402_hp_preview.jpg
-2.507919 1.463025 2.523180 230 57 70 R0 pano_camera4/frame_0403_hp_preview.jpg
-1.987187 1.454917 2.516365 230 57 70 R0 pano_camera4/frame_0404_hp_preview.jpg
-1.958526 1.460500 2.486484 230 57 70 R0 pano_camera4/frame_0405_hp_preview.jpg
-1.804613 1.466359 2.028746 230 57 70 R0 pano_camera4/frame_0406_hp_preview.jpg
-2.068784 1.455071 1.668772 230 57 70 R0 pano_camera4/frame_0407_hp_preview.jpg
-2.213891 1.460156 1.485162 230 57 70 R0 pano_camera4/frame_0408_hp_preview.jpg
-2.325773 1.454616 1.353650 230 57 70 R0 pano_camera4/frame_0409_hp_preview.jpg
-2.436045 1.469928 1.008386 230 57 70 R0 pano_camera4/frame_0410_hp_preview.jpg
-2.113884 1.454596 0.471458 230 57 70 R0 pano_camera4/frame_0411_hp_preview.jpg
-2.052348 1.445539 0.413942 230 57 70 R0 pano_camera4/frame_0412_hp_preview.jpg
-1.920359 1.446422 0.231377 230 57 70 R0 pano_camera4/frame_0413_hp_preview.jpg
-1.941389 1.448962 0.226061 230 57 70 R0 pano_camera4/frame_0414_hp_preview.jpg
-1.942838 1.449320 0.227522 230 57 70 R0 pano_camera4/frame_0415_hp_preview.jpg
-1.939414 1.444703 0.226103 230 57 70 R0 pano_camera4/frame_0416_hp_preview.jpg
4.839951 -0.025471 2.343401 230 57 70 R0 pano_camera5/frame_0140_hp_preview.jpg
4.967712 -0.019578 2.470891 230 57 70 R0 pano_camera5/frame_0141_hp_preview.jpg
5.186017 -0.022848 2.711520 230 57 70 R0 pano_camera5/frame_0142_hp_preview.jpg
5.342925 -0.024480 2.810063 230 57 70 R0 pano_camera5/frame_0143_hp_preview.jpg
5.518690 -0.009931 2.758182 230 57 70 R0 pano_camera5/frame_0144_hp_preview.jpg
5.577041 -0.006818 2.581494 230 57 70 R0 pano_camera5/frame_0145_hp_preview.jpg
4.715282 -0.012899 2.770313 230 57 70 R0 pano_camera5/frame_0157_hp_preview.jpg
4.577598 -0.008838 2.856272 230 57 70 R0 pano_camera5/frame_0158_hp_preview.jpg
4.528535 -0.002846 2.953972 230 57 70 R0 pano_camera5/frame_0159_hp_preview.jpg
4.279873 -0.006715 3.562706 230 57 70 R0 pano_camera5/frame_0160_hp_preview.jpg
4.072468 -0.005769 3.824734 230 57 70 R0 pano_camera5/frame_0161_hp_preview.jpg
3.771378 0.011096 4.113810 230 57 70 R0 pano_camera5/frame_0162_hp_preview.jpg
3.564070 0.019397 4.273577 230 57 70 R0 pano_camera5/frame_0163_hp_preview.jpg
3.339033 0.031551 4.415810 230 57 70 R0 pano_camera5/frame_0164_hp_preview.jpg
2.941681 0.037369 4.402871 230 57 70 R0 pano_camera5/frame_0165_hp_preview.jpg
2.780572 0.036485 4.269844 230 57 70 R0 pano_camera5/frame_0166_hp_preview.jpg
2.533800 0.039496 3.910046 230 57 70 R0 pano_camera5/frame_0167_hp_preview.jpg
2.585897 0.030483 3.523406 230 57 70 R0 pano_camera5/frame_0168_hp_preview.jpg
2.675928 0.039342 3.407216 230 57 70 R0 pano_camera5/frame_0169_hp_preview.jpg
3.211332 0.013854 2.875208 230 57 70 R0 pano_camera5/frame_0170_hp_preview.jpg
3.284026 0.026233 2.805617 230 57 70 R0 pano_camera5/frame_0171_hp_preview.jpg
3.623421 0.004053 2.480109 230 57 70 R0 pano_camera5/frame_0172_hp_preview.jpg
3.700719 0.008179 2.099843 230 57 70 R0 pano_camera5/frame_0173_hp_preview.jpg
3.496462 0.014154 1.764058 230 57 70 R0 pano_camera5/frame_0174_hp_preview.jpg
3.487382 0.017176 1.758548 230 57 70 R0 pano_camera5/frame_0175_hp_preview.jpg
3.056100 0.015626 1.664286 230 57 70 R0 pano_camera5/frame_0176_hp_preview.jpg
2.812080 0.028696 1.712791 230 57 70 R0 pano_camera5/frame_0177_hp_preview.jpg
2.350241 0.033582 1.730529 230 57 70 R0 pano_camera5/frame_0178_hp_preview.jpg
2.028907 0.038350 1.482150 230 57 70 R0 pano_camera5/frame_0179_hp_preview.jpg
1.986767 0.036004 1.288525 230 57 70 R0 pano_camera5/frame_0180_hp_preview.jpg
2.118653 0.017107 1.050865 230 57 70 R0 pano_camera5/frame_0181_hp_preview.jpg
2.313809 0.010458 0.889523 230 57 70 R0 pano_camera5/frame_0182_hp_preview.jpg
2.538551 0.014652 0.570323 230 57 70 R0 pano_camera5/frame_0183_hp_preview.jpg
2.386935 0.004253 0.421756 230 57 70 R0 pano_camera5/frame_0184_hp_preview.jpg
2.233266 0.008006 0.470576 230 57 70 R0 pano_camera5/frame_0185_hp_preview.jpg
2.040202 0.007316 0.614533 230 57 70 R0 pano_camera5/frame_0186_hp_preview.jpg
1.841504 0.012238 0.750079 230 57 70 R0 pano_camera5/frame_0187_hp_preview.jpg
1.541910 0.020213 0.854685 230 57 70 R0 pano_camera5/frame_0188_hp_preview.jpg
1.238694 0.024905 0.766640 230 57 70 R0 pano_camera5/frame_0189_hp_preview.jpg
1.207903 0.030810 0.747513 230 57 70 R0 pano_camera5/frame_0190_hp_preview.jpg
1.040913 0.033419 0.532855 230 57 70 R0 pano_camera5/frame_0191_hp_preview.jpg
1.039040 0.033578 0.172904 230 57 70 R0 pano_camera5/frame_0192_hp_preview.jpg
1.170509 0.022220 -0.078137 230 57 70 R0 pano_camera5/frame_0193_hp_preview.jpg
1.390682 0.006587 -0.360998 230 57 70 R0 pano_camera5/frame_0194_hp_preview.jpg
1.529188 0.007764 -0.573882 230 57 70 R0 pano_camera5/frame_0195_hp_preview.jpg
1.501087 -0.005618 -0.778141 230 57 70 R0 pano_camera5/frame_0196_hp_preview.jpg
1.301743 -0.003346 -1.150226 230 57 70 R0 pano_camera5/frame_0197_hp_preview.jpg
0.924593 0.015182 -1.630985 230 57 70 R0 pano_camera5/frame_0198_hp_preview.jpg
0.814281 0.021477 -1.771715 230 57 70 R0 pano_camera5/frame_0199_hp_preview.jpg
0.191775 0.059690 -2.339663 230 57 70 R0 pano_camera5/frame_0200_hp_preview.jpg
0.200334 0.104007 -2.434131 230 57 70 R0 pano_camera5/frame_0201_hp_preview.jpg
0.164437 0.036493 -1.197300 230 57 70 R0 pano_camera5/frame_0226_hp_preview.jpg
-0.441548 0.056453 0.075151 230 57 70 R0 pano_camera5/frame_0240_hp_preview.jpg
-0.427002 0.049106 0.140970 230 57 70 R0 pano_camera5/frame_0241_hp_preview.jpg
-0.530377 0.046971 0.418321 230 57 70 R0 pano_camera5/frame_0242_hp_preview.jpg
-0.412447 0.043384 0.580653 230 57 70 R0 pano_camera5/frame_0243_hp_preview.jpg
-0.199111 0.037229 0.565551 230 57 70 R0 pano_camera5/frame_0244_hp_preview.jpg
-0.095758 0.032102 0.583356 230 57 70 R0 pano_camera5/frame_0245_hp_preview.jpg
0.175653 0.002676 0.646184 230 57 70 R0 pano_camera5/frame_0246_hp_preview.jpg
0.303033 0.007129 0.571790 230 57 70 R0 pano_camera5/frame_0247_hp_preview.jpg
0.618712 0.002589 0.644318 230 57 70 R0 pano_camera5/frame_0248_hp_preview.jpg
0.654295 0.000104 0.664243 230 57 70 R0 pano_camera5/frame_0249_hp_preview.jpg
1.281176 -0.002320 1.131125 230 57 70 R0 pano_camera5/frame_0250_hp_preview.jpg
1.291562 -0.003862 1.140655 230 57 70 R0 pano_camera5/frame_0251_hp_preview.jpg
1.595067 0.005720 1.562371 230 57 70 R0 pano_camera5/frame_0252_hp_preview.jpg
1.743760 0.025744 2.101405 230 57 70 R0 pano_camera5/frame_0253_hp_preview.jpg
1.471959 0.043448 2.426614 230 57 70 R0 pano_camera5/frame_0254_hp_preview.jpg
1.429311 0.040869 2.432105 230 57 70 R0 pano_camera5/frame_0255_hp_preview.jpg
0.997899 0.082119 2.075986 230 57 70 R0 pano_camera5/frame_0256_hp_preview.jpg
0.868702 0.208590 1.901349 230 57 70 R0 pano_camera5/frame_0257_hp_preview.jpg
0.819885 0.289995 1.834203 230 57 70 R0 pano_camera5/frame_0258_hp_preview.jpg
0.742097 0.363486 1.710433 230 57 70 R0 pano_camera5/frame_0259_hp_preview.jpg
0.562837 0.612033 1.436280 230 57 70 R0 pano_camera5/frame_0260_hp_preview.jpg
0.560209 0.614730 1.429992 230 57 70 R0 pano_camera5/frame_0261_hp_preview.jpg
0.349334 0.872669 1.165787 230 57 70 R0 pano_camera5/frame_0262_hp_preview.jpg
0.338892 0.882060 1.159079 230 57 70 R0 pano_camera5/frame_0263_hp_preview.jpg
0.234341 1.025326 1.020610 230 57 70 R0 pano_camera5/frame_0264_hp_preview.jpg
0.073135 1.202418 0.813219 230 57 70 R0 pano_camera5/frame_0265_hp_preview.jpg
0.027881 1.335193 0.586018 230 57 70 R0 pano_camera5/frame_0266_hp_preview.jpg
0.041467 1.409014 0.376365 230 57 70 R0 pano_camera5/frame_0267_hp_preview.jpg
0.243023 1.399077 0.144144 230 57 70 R0 pano_camera5/frame_0268_hp_preview.jpg
0.616197 1.399275 -0.220767 230 57 70 R0 pano_camera5/frame_0269_hp_preview.jpg
0.802504 1.414095 -0.375836 230 57 70 R0 pano_camera5/frame_0270_hp_preview.jpg
1.170129 1.401995 -0.637379 230 57 70 R0 pano_camera5/frame_0271_hp_preview.jpg
1.510628 1.399938 -0.886953 230 57 70 R0 pano_camera5/frame_0272_hp_preview.jpg
1.693816 1.407023 -1.033637 230 57 70 R0 pano_camera5/frame_0273_hp_preview.jpg
2.281996 1.392522 -1.480978 230 57 70 R0 pano_camera5/frame_0274_hp_preview.jpg
2.340232 1.395328 -1.537402 230 57 70 R0 pano_camera5/frame_0275_hp_preview.jpg
2.811970 1.390876 -1.910205 230 57 70 R0 pano_camera5/frame_0276_hp_preview.jpg
2.950504 1.393958 -2.037445 230 57 70 R0 pano_camera5/frame_0277_hp_preview.jpg
3.368959 1.403976 -2.444415 230 57 70 R0 pano_camera5/frame_0278_hp_preview.jpg
3.606303 1.397406 -2.614466 230 57 70 R0 pano_camera5/frame_0279_hp_preview.jpg
4.190634 1.392812 -3.115723 230 57 70 R0 pano_camera5/frame_0280_hp_preview.jpg
4.303215 1.388829 -3.197741 230 57 70 R0 pano_camera5/frame_0281_hp_preview.jpg
4.454707 1.381603 -3.351019 230 57 70 R0 pano_camera5/frame_0282_hp_preview.jpg
4.532496 1.377510 -3.585692 230 57 70 R0 pano_camera5/frame_0283_hp_preview.jpg
4.353452 1.369219 -3.972809 230 57 70 R0 pano_camera5/frame_0284_hp_preview.jpg
4.316245 1.367174 -3.999270 230 57 70 R0 pano_camera5/frame_0285_hp_preview.jpg
4.061034 1.368764 -4.204597 230 57 70 R0 pano_camera5/frame_0286_hp_preview.jpg
3.860833 1.385978 -4.212352 230 57 70 R0 pano_camera5/frame_0287_hp_preview.jpg
3.599749 1.398637 -4.227243 230 57 70 R0 pano_camera5/frame_0288_hp_preview.jpg
3.444878 1.405925 -4.303098 230 57 70 R0 pano_camera5/frame_0289_hp_preview.jpg
3.338569 1.404515 -4.557018 230 57 70 R0 pano_camera5/frame_0290_hp_preview.jpg
3.241878 1.393708 -5.104948 230 57 70 R0 pano_camera5/frame_0291_hp_preview.jpg
3.176744 1.393455 -5.317511 230 57 70 R0 pano_camera5/frame_0292_hp_preview.jpg
3.133972 1.388144 -5.494733 230 57 70 R0 pano_camera5/frame_0293_hp_preview.jpg
2.673524 1.377784 -5.939858 230 57 70 R0 pano_camera5/frame_0294_hp_preview.jpg
2.623400 1.379605 -5.951916 230 57 70 R0 pano_camera5/frame_0295_hp_preview.jpg
2.081700 1.381403 -5.759070 230 57 70 R0 pano_camera5/frame_0296_hp_preview.jpg
1.982134 1.389347 -5.413187 230 57 70 R0 pano_camera5/frame_0297_hp_preview.jpg
1.954710 1.379261 -5.103073 230 57 70 R0 pano_camera5/frame_0298_hp_preview.jpg
1.942953 1.386189 -4.860958 230 57 70 R0 pano_camera5/frame_0299_hp_preview.jpg
1.912209 1.393452 -4.398749 230 57 70 R0 pano_camera5/frame_0300_hp_preview.jpg
1.909635 1.379794 -4.078772 230 57 70 R0 pano_camera5/frame_0301_hp_preview.jpg
1.940182 1.376400 -3.757656 230 57 70 R0 pano_camera5/frame_0302_hp_preview.jpg
2.054814 1.389490 -3.319754 230 57 70 R0 pano_camera5/frame_0303_hp_preview.jpg
2.104504 1.384980 -3.095860 230 57 70 R0 pano_camera5/frame_0304_hp_preview.jpg
2.168553 1.380544 -2.567484 230 57 70 R0 pano_camera5/frame_0305_hp_preview.jpg
2.106551 1.373939 -2.041718 230 57 70 R0 pano_camera5/frame_0306_hp_preview.jpg
2.007786 1.370677 -1.708325 230 57 70 R0 pano_camera5/frame_0307_hp_preview.jpg
1.962326 1.377413 -1.631502 230 57 70 R0 pano_camera5/frame_0308_hp_preview.jpg
1.578209 1.384465 -1.347039 230 57 70 R0 pano_camera5/frame_0309_hp_preview.jpg
1.110128 1.402321 -1.353473 230 57 70 R0 pano_camera5/frame_0310_hp_preview.jpg
0.879566 1.391507 -1.574459 230 57 70 R0 pano_camera5/frame_0311_hp_preview.jpg
0.711383 1.403740 -1.989563 230 57 70 R0 pano_camera5/frame_0312_hp_preview.jpg
0.643335 1.404630 -2.301038 230 57 70 R0 pano_camera5/frame_0313_hp_preview.jpg
0.610059 1.403548 -2.582849 230 57 70 R0 pano_camera5/frame_0314_hp_preview.jpg
0.510552 1.404994 -3.269538 230 57 70 R0 pano_camera5/frame_0315_hp_preview.jpg
0.498676 1.408785 -3.319462 230 57 70 R0 pano_camera5/frame_0316_hp_preview.jpg
0.383938 1.399360 -3.756129 230 57 70 R0 pano_camera5/frame_0317_hp_preview.jpg
0.106395 1.392132 -4.149968 230 57 70 R0 pano_camera5/frame_0318_hp_preview.jpg
-0.020467 1.394645 -4.160091 230 57 70 R0 pano_camera5/frame_0319_hp_preview.jpg
-0.364710 1.420163 -4.063730 230 57 70 R0 pano_camera5/frame_0320_hp_preview.jpg
-0.888437 1.430911 -3.584243 230 57 70 R0 pano_camera5/frame_0321_hp_preview.jpg
-0.916598 1.430633 -3.551875 230 57 70 R0 pano_camera5/frame_0322_hp_preview.jpg
-1.032316 1.420585 -3.085604 230 57 70 R0 pano_camera5/frame_0323_hp_preview.jpg
-0.974744 1.430557 -2.609732 230 57 70 R0 pano_camera5/frame_0324_hp_preview.jpg
-0.981161 1.423218 -2.561348 230 57 70 R0 pano_camera5/frame_0325_hp_preview.jpg
-1.198561 1.422233 -2.111890 230 57 70 R0 pano_camera5/frame_0326_hp_preview.jpg
-1.463729 1.422839 -2.062078 230 57 70 R0 pano_camera5/frame_0327_hp_preview.jpg
-1.598178 1.433282 -2.101845 230 57 70 R0 pano_camera5/frame_0328_hp_preview.jpg
-1.791380 1.439078 -2.239411 230 57 70 R0 pano_camera5/frame_0329_hp_preview.jpg
-2.145065 1.447842 -2.370760 230 57 70 R0 pano_camera5/frame_0330_hp_preview.jpg
-2.261497 1.447840 -2.281120 230 57 70 R0 pano_camera5/frame_0331_hp_preview.jpg
-2.110147 1.437039 -1.880987 230 57 70 R0 pano_camera5/frame_0332_hp_preview.jpg
-1.938776 1.427831 -1.752377 230 57 70 R0 pano_camera5/frame_0333_hp_preview.jpg
-1.671949 1.422605 -1.470004 230 57 70 R0 pano_camera5/frame_0334_hp_preview.jpg
-1.569893 1.424827 -1.291863 230 57 70 R0 pano_camera5/frame_0335_hp_preview.jpg
-1.447143 1.415249 -1.098765 230 57 70 R0 pano_camera5/frame_0336_hp_preview.jpg
-1.220533 1.405988 -0.639499 230 57 70 R0 pano_camera5/frame_0337_hp_preview.jpg
-1.110025 1.408675 -0.408591 230 57 70 R0 pano_camera5/frame_0338_hp_preview.jpg
-0.871424 1.402441 0.204905 230 57 70 R0 pano_camera5/frame_0339_hp_preview.jpg
-0.775096 1.428403 0.609338 230 57 70 R0 pano_camera5/frame_0340_hp_preview.jpg
-0.742447 1.422260 0.716036 230 57 70 R0 pano_camera5/frame_0341_hp_preview.jpg
-0.614252 1.423830 1.020485 230 57 70 R0 pano_camera5/frame_0342_hp_preview.jpg
-0.380830 1.427900 1.369897 230 57 70 R0 pano_camera5/frame_0343_hp_preview.jpg
-0.425014 1.437687 1.717539 230 57 70 R0 pano_camera5/frame_0344_hp_preview.jpg
-0.676988 1.441433 1.634547 230 57 70 R0 pano_camera5/frame_0345_hp_preview.jpg
-0.874052 1.438218 1.450000 230 57 70 R0 pano_camera5/frame_0346_hp_preview.jpg
-0.975623 1.437487 1.242631 230 57 70 R0 pano_camera5/frame_0347_hp_preview.jpg
-1.100543 1.438725 1.012405 230 57 70 R0 pano_camera5/frame_0348_hp_preview.jpg
-1.397600 1.429431 0.467506 230 57 70 R0 pano_camera5/frame_0349_hp_preview.jpg
-1.594738 1.417628 0.259145 230 57 70 R0 pano_camera5/frame_0350_hp_preview.jpg
-1.749241 1.414241 0.111172 230 57 70 R0 pano_camera5/frame_0351_hp_preview.jpg
-2.190537 1.421164 -0.092409 230 57 70 R0 pano_camera5/frame_0352_hp_preview.jpg
-2.412227 1.437159 -0.124343 230 57 70 R0 pano_camera5/frame_0353_hp_preview.jpg
-2.772090 1.446188 -0.297271 230 57 70 R0 pano_camera5/frame_0354_hp_preview.jpg
-2.887261 1.458847 -0.474842 230 57 70 R0 pano_camera5/frame_0355_hp_preview.jpg
-2.808750 1.464225 -0.893678 230 57 70 R0 pano_camera5/frame_0356_hp_preview.jpg
-2.736187 1.447718 -1.184612 230 57 70 R0 pano_camera5/frame_0357_hp_preview.jpg
-2.692737 1.428218 -1.267478 230 57 70 R0 pano_camera5/frame_0358_hp_preview.jpg
-2.661343 1.418667 -1.290529 230 57 70 R0 pano_camera5/frame_0359_hp_preview.jpg
-2.708733 1.434272 -1.296555 230 57 70 R0 pano_camera5/frame_0360_hp_preview.jpg
-2.708864 1.433210 -1.300755 230 57 70 R0 pano_camera5/frame_0361_hp_preview.jpg
-2.818656 1.441687 -1.567292 230 57 70 R0 pano_camera5/frame_0362_hp_preview.jpg
-2.951513 1.447779 -1.625233 230 57 70 R0 pano_camera5/frame_0363_hp_preview.jpg
-3.211994 1.480150 -1.642408 230 57 70 R0 pano_camera5/frame_0364_hp_preview.jpg
-3.292872 1.483459 -1.587965 230 57 70 R0 pano_camera5/frame_0365_hp_preview.jpg
-3.338119 1.477430 -1.190053 230 57 70 R0 pano_camera5/frame_0366_hp_preview.jpg
-3.314969 1.474162 -1.130000 230 57 70 R0 pano_camera5/frame_0367_hp_preview.jpg
-3.175213 1.460833 -0.826966 230 57 70 R0 pano_camera5/frame_0368_hp_preview.jpg
-2.875985 1.456765 -0.205788 230 57 70 R0 pano_camera5/frame_0369_hp_preview.jpg
-2.887125 1.429219 -0.002340 230 57 70 R0 pano_camera5/frame_0370_hp_preview.jpg
-3.025344 1.462320 0.138091 230 57 70 R0 pano_camera5/frame_0371_hp_preview.jpg
-3.352775 1.462294 0.077916 230 57 70 R0 pano_camera5/frame_0372_hp_preview.jpg
-3.605106 1.475017 -0.175208 230 57 70 R0 pano_camera5/frame_0373_hp_preview.jpg
-4.214618 1.478773 -0.537451 230 57 70 R0 pano_camera5/frame_0374_hp_preview.jpg
-4.406626 1.490392 -0.548997 230 57 70 R0 pano_camera5/frame_0375_hp_preview.jpg
-4.629129 1.504598 -0.475187 230 57 70 R0 pano_camera5/frame_0376_hp_preview.jpg
-4.804689 1.512697 -0.382516 230 57 70 R0 pano_camera5/frame_0377_hp_preview.jpg
-5.307700 1.548804 0.005055 230 57 70 R0 pano_camera5/frame_0378_hp_preview.jpg
-5.424251 1.540794 0.153227 230 57 70 R0 pano_camera5/frame_0379_hp_preview.jpg
-5.541364 1.540710 0.380005 230 57 70 R0 pano_camera5/frame_0380_hp_preview.jpg
-5.604858 1.422184 0.401308 230 57 70 R0 pano_camera5/frame_0381_hp_preview.jpg
-5.631685 1.293428 0.553300 230 57 70 R0 pano_camera5/frame_0382_hp_preview.jpg
-5.582560 1.498322 0.818047 230 57 70 R0 pano_camera5/frame_0383_hp_preview.jpg
-5.553034 1.511492 0.816101 230 57 70 R0 pano_camera5/frame_0384_hp_preview.jpg
-5.392295 1.521267 1.013687 230 57 70 R0 pano_camera5/frame_0385_hp_preview.jpg
-5.075332 1.527869 1.455690 230 57 70 R0 pano_camera5/frame_0386_hp_preview.jpg
-4.950087 1.525915 1.674462 230 57 70 R0 pano_camera5/frame_0387_hp_preview.jpg
-4.497304 1.523080 2.317589 230 57 70 R0 pano_camera5/frame_0388_hp_preview.jpg
-4.175276 1.511619 2.705660 230 57 70 R0 pano_camera5/frame_0389_hp_preview.jpg
-4.029619 1.499426 2.848928 230 57 70 R0 pano_camera5/frame_0390_hp_preview.jpg
-3.615236 1.499274 3.039872 230 57 70 R0 pano_camera5/frame_0391_hp_preview.jpg
-3.530840 1.494596 2.995375 230 57 70 R0 pano_camera5/frame_0392_hp_preview.jpg
-3.571298 1.494340 2.806339 230 57 70 R0 pano_camera5/frame_0393_hp_preview.jpg
-3.743010 1.487704 2.663568 230 57 70 R0 pano_camera5/frame_0394_hp_preview.jpg
-4.038317 1.485120 2.434326 230 57 70 R0 pano_camera5/frame_0395_hp_preview.jpg
-4.248817 1.487811 2.108929 230 57 70 R0 pano_camera5/frame_0396_hp_preview.jpg
-4.050954 1.502735 1.684930 230 57 70 R0 pano_camera5/frame_0397_hp_preview.jpg
-3.914469 1.497774 1.582608 230 57 70 R0 pano_camera5/frame_0398_hp_preview.jpg
-3.436142 1.495826 1.563364 230 57 70 R0 pano_camera5/frame_0399_hp_preview.jpg
-3.059646 1.476611 1.917561 230 57 70 R0 pano_camera5/frame_0400_hp_preview.jpg
-2.784201 1.471307 2.217121 230 57 70 R0 pano_camera5/frame_0401_hp_preview.jpg
-2.763790 1.470168 2.235462 230 57 70 R0 pano_camera5/frame_0402_hp_preview.jpg
-2.507919 1.463025 2.523180 230 57 70 R0 pano_camera5/frame_0403_hp_preview.jpg
-1.987187 1.454917 2.516365 230 57 70 R0 pano_camera5/frame_0404_hp_preview.jpg
-1.958526 1.460500 2.486484 230 57 70 R0 pano_camera5/frame_0405_hp_preview.jpg
-1.804613 1.466359 2.028746 230 57 70 R0 pano_camera5/frame_0406_hp_preview.jpg
-2.068784 1.455071 1.668772 230 57 70 R0 pano_camera5/frame_0407_hp_preview.jpg
-2.213891 1.460156 1.485162 230 57 70 R0 pano_camera5/frame_0408_hp_preview.jpg
-2.325773 1.454616 1.353650 230 57 70 R0 pano_camera5/frame_0409_hp_preview.jpg
-2.436045 1.469928 1.008386 230 57 70 R0 pano_camera5/frame_0410_hp_preview.jpg
-2.113884 1.454596 0.471458 230 57 70 R0 pano_camera5/frame_0411_hp_preview.jpg
-2.052348 1.445539 0.413942 230 57 70 R0 pano_camera5/frame_0412_hp_preview.jpg
-1.920359 1.446422 0.231377 230 57 70 R0 pano_camera5/frame_0413_hp_preview.jpg
-1.941389 1.448962 0.226061 230 57 70 R0 pano_camera5/frame_0414_hp_preview.jpg
-1.942838 1.449320 0.227522 230 57 70 R0 pano_camera5/frame_0415_hp_preview.jpg
-1.939414 1.444703 0.226103 230 57 70 R0 pano_camera5/frame_0416_hp_preview.jpg
4.839951 -0.025471 2.343401 230 57 70 R0 pano_camera6/frame_0140_hp_preview.jpg
4.967712 -0.019578 2.470891 230 57 70 R0 pano_camera6/frame_0141_hp_preview.jpg
5.186017 -0.022848 2.711520 230 57 70 R0 pano_camera6/frame_0142_hp_preview.jpg
5.342925 -0.024480 2.810063 230 57 70 R0 pano_camera6/frame_0143_hp_preview.jpg
5.518690 -0.009931 2.758182 230 57 70 R0 pano_camera6/frame_0144_hp_preview.jpg
5.577041 -0.006818 2.581494 230 57 70 R0 pano_camera6/frame_0145_hp_preview.jpg
4.715282 -0.012899 2.770313 230 57 70 R0 pano_camera6/frame_0157_hp_preview.jpg
4.577598 -0.008838 2.856272 230 57 70 R0 pano_camera6/frame_0158_hp_preview.jpg
4.528535 -0.002846 2.953972 230 57 70 R0 pano_camera6/frame_0159_hp_preview.jpg
4.279873 -0.006715 3.562706 230 57 70 R0 pano_camera6/frame_0160_hp_preview.jpg
4.072468 -0.005769 3.824734 230 57 70 R0 pano_camera6/frame_0161_hp_preview.jpg
3.771378 0.011096 4.113810 230 57 70 R0 pano_camera6/frame_0162_hp_preview.jpg
3.564070 0.019397 4.273577 230 57 70 R0 pano_camera6/frame_0163_hp_preview.jpg
3.339033 0.031551 4.415810 230 57 70 R0 pano_camera6/frame_0164_hp_preview.jpg
2.941681 0.037369 4.402871 230 57 70 R0 pano_camera6/frame_0165_hp_preview.jpg
2.780572 0.036485 4.269844 230 57 70 R0 pano_camera6/frame_0166_hp_preview.jpg
2.533800 0.039496 3.910046 230 57 70 R0 pano_camera6/frame_0167_hp_preview.jpg
2.585897 0.030483 3.523406 230 57 70 R0 pano_camera6/frame_0168_hp_preview.jpg
2.675928 0.039342 3.407216 230 57 70 R0 pano_camera6/frame_0169_hp_preview.jpg
3.211332 0.013854 2.875208 230 57 70 R0 pano_camera6/frame_0170_hp_preview.jpg
3.284026 0.026233 2.805617 230 57 70 R0 pano_camera6/frame_0171_hp_preview.jpg
3.623421 0.004053 2.480109 230 57 70 R0 pano_camera6/frame_0172_hp_preview.jpg
3.700719 0.008179 2.099843 230 57 70 R0 pano_camera6/frame_0173_hp_preview.jpg
3.496462 0.014154 1.764058 230 57 70 R0 pano_camera6/frame_0174_hp_preview.jpg
3.487382 0.017176 1.758548 230 57 70 R0 pano_camera6/frame_0175_hp_preview.jpg
3.056100 0.015626 1.664286 230 57 70 R0 pano_camera6/frame_0176_hp_preview.jpg
2.812080 0.028696 1.712791 230 57 70 R0 pano_camera6/frame_0177_hp_preview.jpg
2.350241 0.033582 1.730529 230 57 70 R0 pano_camera6/frame_0178_hp_preview.jpg
2.028907 0.038350 1.482150 230 57 70 R0 pano_camera6/frame_0179_hp_preview.jpg
1.986767 0.036004 1.288525 230 57 70 R0 pano_camera6/frame_0180_hp_preview.jpg
2.118653 0.017107 1.050865 230 57 70 R0 pano_camera6/frame_0181_hp_preview.jpg
2.313809 0.010458 0.889523 230 57 70 R0 pano_camera6/frame_0182_hp_preview.jpg
2.538551 0.014652 0.570323 230 57 70 R0 pano_camera6/frame_0183_hp_preview.jpg
2.386935 0.004253 0.421756 230 57 70 R0 pano_camera6/frame_0184_hp_preview.jpg
2.233266 0.008006 0.470576 230 57 70 R0 pano_camera6/frame_0185_hp_preview.jpg
2.040202 0.007316 0.614533 230 57 70 R0 pano_camera6/frame_0186_hp_preview.jpg
1.841504 0.012238 0.750079 230 57 70 R0 pano_camera6/frame_0187_hp_preview.jpg
1.541910 0.020213 0.854685 230 57 70 R0 pano_camera6/frame_0188_hp_preview.jpg
1.238694 0.024905 0.766640 230 57 70 R0 pano_camera6/frame_0189_hp_preview.jpg
1.207903 0.030810 0.747513 230 57 70 R0 pano_camera6/frame_0190_hp_preview.jpg
1.040913 0.033419 0.532855 230 57 70 R0 pano_camera6/frame_0191_hp_preview.jpg
1.039040 0.033578 0.172904 230 57 70 R0 pano_camera6/frame_0192_hp_preview.jpg
1.170509 0.022220 -0.078137 230 57 70 R0 pano_camera6/frame_0193_hp_preview.jpg
1.390682 0.006587 -0.360998 230 57 70 R0 pano_camera6/frame_0194_hp_preview.jpg
1.529188 0.007764 -0.573882 230 57 70 R0 pano_camera6/frame_0195_hp_preview.jpg
1.501087 -0.005618 -0.778141 230 57 70 R0 pano_camera6/frame_0196_hp_preview.jpg
1.301743 -0.003346 -1.150226 230 57 70 R0 pano_camera6/frame_0197_hp_preview.jpg
0.924593 0.015182 -1.630985 230 57 70 R0 pano_camera6/frame_0198_hp_preview.jpg
0.814281 0.021477 -1.771715 230 57 70 R0 pano_camera6/frame_0199_hp_preview.jpg
0.191775 0.059690 -2.339663 230 57 70 R0 pano_camera6/frame_0200_hp_preview.jpg
0.200334 0.104007 -2.434131 230 57 70 R0 pano_camera6/frame_0201_hp_preview.jpg
0.164437 0.036493 -1.197300 230 57 70 R0 pano_camera6/frame_0226_hp_preview.jpg
-0.441548 0.056453 0.075151 230 57 70 R0 pano_camera6/frame_0240_hp_preview.jpg
-0.427002 0.049106 0.140970 230 57 70 R0 pano_camera6/frame_0241_hp_preview.jpg
-0.530377 0.046971 0.418321 230 57 70 R0 pano_camera6/frame_0242_hp_preview.jpg
-0.412447 0.043384 0.580653 230 57 70 R0 pano_camera6/frame_0243_hp_preview.jpg
-0.199111 0.037229 0.565551 230 57 70 R0 pano_camera6/frame_0244_hp_preview.jpg
-0.095758 0.032102 0.583356 230 57 70 R0 pano_camera6/frame_0245_hp_preview.jpg
0.175653 0.002676 0.646184 230 57 70 R0 pano_camera6/frame_0246_hp_preview.jpg
0.303033 0.007129 0.571790 230 57 70 R0 pano_camera6/frame_0247_hp_preview.jpg
0.618712 0.002589 0.644318 230 57 70 R0 pano_camera6/frame_0248_hp_preview.jpg
0.654295 0.000104 0.664243 230 57 70 R0 pano_camera6/frame_0249_hp_preview.jpg
1.281176 -0.002320 1.131125 230 57 70 R0 pano_camera6/frame_0250_hp_preview.jpg
1.291562 -0.003862 1.140655 230 57 70 R0 pano_camera6/frame_0251_hp_preview.jpg
1.595067 0.005720 1.562371 230 57 70 R0 pano_camera6/frame_0252_hp_preview.jpg
1.743760 0.025744 2.101405 230 57 70 R0 pano_camera6/frame_0253_hp_preview.jpg
1.471959 0.043448 2.426614 230 57 70 R0 pano_camera6/frame_0254_hp_preview.jpg
1.429311 0.040869 2.432105 230 57 70 R0 pano_camera6/frame_0255_hp_preview.jpg
0.997899 0.082119 2.075986 230 57 70 R0 pano_camera6/frame_0256_hp_preview.jpg
0.868702 0.208590 1.901349 230 57 70 R0 pano_camera6/frame_0257_hp_preview.jpg
0.819885 0.289995 1.834203 230 57 70 R0 pano_camera6/frame_0258_hp_preview.jpg
0.742097 0.363486 1.710433 230 57 70 R0 pano_camera6/frame_0259_hp_preview.jpg
0.562837 0.612033 1.436280 230 57 70 R0 pano_camera6/frame_0260_hp_preview.jpg
0.560209 0.614730 1.429992 230 57 70 R0 pano_camera6/frame_0261_hp_preview.jpg
0.349334 0.872669 1.165787 230 57 70 R0 pano_camera6/frame_0262_hp_preview.jpg
0.338892 0.882060 1.159079 230 57 70 R0 pano_camera6/frame_0263_hp_preview.jpg
0.234341 1.025326 1.020610 230 57 70 R0 pano_camera6/frame_0264_hp_preview.jpg
0.073135 1.202418 0.813219 230 57 70 R0 pano_camera6/frame_0265_hp_preview.jpg
0.027881 1.335193 0.586018 230 57 70 R0 pano_camera6/frame_0266_hp_preview.jpg
0.041467 1.409014 0.376365 230 57 70 R0 pano_camera6/frame_0267_hp_preview.jpg
0.243023 1.399077 0.144144 230 57 70 R0 pano_camera6/frame_0268_hp_preview.jpg
0.616197 1.399275 -0.220767 230 57 70 R0 pano_camera6/frame_0269_hp_preview.jpg
0.802504 1.414095 -0.375836 230 57 70 R0 pano_camera6/frame_0270_hp_preview.jpg
1.170129 1.401995 -0.637379 230 57 70 R0 pano_camera6/frame_0271_hp_preview.jpg
1.510628 1.399938 -0.886953 230 57 70 R0 pano_camera6/frame_0272_hp_preview.jpg
1.693816 1.407023 -1.033637 230 57 70 R0 pano_camera6/frame_0273_hp_preview.jpg
2.281996 1.392522 -1.480978 230 57 70 R0 pano_camera6/frame_0274_hp_preview.jpg
2.340232 1.395328 -1.537402 230 57 70 R0 pano_camera6/frame_0275_hp_preview.jpg
2.811970 1.390876 -1.910205 230 57 70 R0 pano_camera6/frame_0276_hp_preview.jpg
2.950504 1.393958 -2.037445 230 57 70 R0 pano_camera6/frame_0277_hp_preview.jpg
3.368959 1.403976 -2.444415 230 57 70 R0 pano_camera6/frame_0278_hp_preview.jpg
3.606303 1.397406 -2.614466 230 57 70 R0 pano_camera6/frame_0279_hp_preview.jpg
4.190634 1.392812 -3.115723 230 57 70 R0 pano_camera6/frame_0280_hp_preview.jpg
4.303215 1.388829 -3.197741 230 57 70 R0 pano_camera6/frame_0281_hp_preview.jpg
4.454707 1.381603 -3.351019 230 57 70 R0 pano_camera6/frame_0282_hp_preview.jpg
4.532496 1.377510 -3.585692 230 57 70 R0 pano_camera6/frame_0283_hp_preview.jpg
4.353452 1.369219 -3.972809 230 57 70 R0 pano_camera6/frame_0284_hp_preview.jpg
4.316245 1.367174 -3.999270 230 57 70 R0 pano_camera6/frame_0285_hp_preview.jpg
4.061034 1.368764 -4.204597 230 57 70 R0 pano_camera6/frame_0286_hp_preview.jpg
3.860833 1.385978 -4.212352 230 57 70 R0 pano_camera6/frame_0287_hp_preview.jpg
3.599749 1.398637 -4.227243 230 57 70 R0 pano_camera6/frame_0288_hp_preview.jpg
3.444878 1.405925 -4.303098 230 57 70 R0 pano_camera6/frame_0289_hp_preview.jpg
3.338569 1.404515 -4.557018 230 57 70 R0 pano_camera6/frame_0290_hp_preview.jpg
3.241878 1.393708 -5.104948 230 57 70 R0 pano_camera6/frame_0291_hp_preview.jpg
3.176744 1.393455 -5.317511 230 57 70 R0 pano_camera6/frame_0292_hp_preview.jpg
3.133972 1.388144 -5.494733 230 57 70 R0 pano_camera6/frame_0293_hp_preview.jpg
2.673524 1.377784 -5.939858 230 57 70 R0 pano_camera6/frame_0294_hp_preview.jpg
2.623400 1.379605 -5.951916 230 57 70 R0 pano_camera6/frame_0295_hp_preview.jpg
2.081700 1.381403 -5.759070 230 57 70 R0 pano_camera6/frame_0296_hp_preview.jpg
1.982134 1.389347 -5.413187 230 57 70 R0 pano_camera6/frame_0297_hp_preview.jpg
1.954710 1.379261 -5.103073 230 57 70 R0 pano_camera6/frame_0298_hp_preview.jpg
1.942953 1.386189 -4.860958 230 57 70 R0 pano_camera6/frame_0299_hp_preview.jpg
1.912209 1.393452 -4.398749 230 57 70 R0 pano_camera6/frame_0300_hp_preview.jpg
1.909635 1.379794 -4.078772 230 57 70 R0 pano_camera6/frame_0301_hp_preview.jpg
1.940182 1.376400 -3.757656 230 57 70 R0 pano_camera6/frame_0302_hp_preview.jpg
2.054814 1.389490 -3.319754 230 57 70 R0 pano_camera6/frame_0303_hp_preview.jpg
2.104504 1.384980 -3.095860 230 57 70 R0 pano_camera6/frame_0304_hp_preview.jpg
2.168553 1.380544 -2.567484 230 57 70 R0 pano_camera6/frame_0305_hp_preview.jpg
2.106551 1.373939 -2.041718 230 57 70 R0 pano_camera6/frame_0306_hp_preview.jpg
2.007786 1.370677 -1.708325 230 57 70 R0 pano_camera6/frame_0307_hp_preview.jpg
1.962326 1.377413 -1.631502 230 57 70 R0 pano_camera6/frame_0308_hp_preview.jpg
1.578209 1.384465 -1.347039 230 57 70 R0 pano_camera6/frame_0309_hp_preview.jpg
1.110128 1.402321 -1.353473 230 57 70 R0 pano_camera6/frame_0310_hp_preview.jpg
0.879566 1.391507 -1.574459 230 57 70 R0 pano_camera6/frame_0311_hp_preview.jpg
0.711383 1.403740 -1.989563 230 57 70 R0 pano_camera6/frame_0312_hp_preview.jpg
0.643335 1.404630 -2.301038 230 57 70 R0 pano_camera6/frame_0313_hp_preview.jpg
0.610059 1.403548 -2.582849 230 57 70 R0 pano_camera6/frame_0314_hp_preview.jpg
0.510552 1.404994 -3.269538 230 57 70 R0 pano_camera6/frame_0315_hp_preview.jpg
0.498676 1.408785 -3.319462 230 57 70 R0 pano_camera6/frame_0316_hp_preview.jpg
0.383938 1.399360 -3.756129 230 57 70 R0 pano_camera6/frame_0317_hp_preview.jpg
0.106395 1.392132 -4.149968 230 57 70 R0 pano_camera6/frame_0318_hp_preview.jpg
-0.020467 1.394645 -4.160091 230 57 70 R0 pano_camera6/frame_0319_hp_preview.jpg
-0.364710 1.420163 -4.063730 230 57 70 R0 pano_camera6/frame_0320_hp_preview.jpg
-0.888437 1.430911 -3.584243 230 57 70 R0 pano_camera6/frame_0321_hp_preview.jpg
-0.916598 1.430633 -3.551875 230 57 70 R0 pano_camera6/frame_0322_hp_preview.jpg
-1.032316 1.420585 -3.085604 230 57 70 R0 pano_camera6/frame_0323_hp_preview.jpg
-0.974744 1.430557 -2.609732 230 57 70 R0 pano_camera6/frame_0324_hp_preview.jpg
-0.981161 1.423218 -2.561348 230 57 70 R0 pano_camera6/frame_0325_hp_preview.jpg
-1.198561 1.422233 -2.111890 230 57 70 R0 pano_camera6/frame_0326_hp_preview.jpg
-1.463729 1.422839 -2.062078 230 57 70 R0 pano_camera6/frame_0327_hp_preview.jpg
-1.598178 1.433282 -2.101845 230 57 70 R0 pano_camera6/frame_0328_hp_preview.jpg
-1.791380 1.439078 -2.239411 230 57 70 R0 pano_camera6/frame_0329_hp_preview.jpg
-2.145065 1.447842 -2.370760 230 57 70 R0 pano_camera6/frame_0330_hp_preview.jpg
-2.261497 1.447840 -2.281120 230 57 70 R0 pano_camera6/frame_0331_hp_preview.jpg
-2.110147 1.437039 -1.880987 230 57 70 R0 pano_camera6/frame_0332_hp_preview.jpg
-1.938776 1.427831 -1.752377 230 57 70 R0 pano_camera6/frame_0333_hp_preview.jpg
-1.671949 1.422605 -1.470004 230 57 70 R0 pano_camera6/frame_0334_hp_preview.jpg
-1.569893 1.424827 -1.291863 230 57 70 R0 pano_camera6/frame_0335_hp_preview.jpg
-1.447143 1.415249 -1.098765 230 57 70 R0 pano_camera6/frame_0336_hp_preview.jpg
-1.220533 1.405988 -0.639499 230 57 70 R0 pano_camera6/frame_0337_hp_preview.jpg
-1.110025 1.408675 -0.408591 230 57 70 R0 pano_camera6/frame_0338_hp_preview.jpg
-0.871424 1.402441 0.204905 230 57 70 R0 pano_camera6/frame_0339_hp_preview.jpg
-0.775096 1.428403 0.609338 230 57 70 R0 pano_camera6/frame_0340_hp_preview.jpg
-0.742447 1.422260 0.716036 230 57 70 R0 pano_camera6/frame_0341_hp_preview.jpg
-0.614252 1.423830 1.020485 230 57 70 R0 pano_camera6/frame_0342_hp_preview.jpg
-0.380830 1.427900 1.369897 230 57 70 R0 pano_camera6/frame_0343_hp_preview.jpg
-0.425014 1.437687 1.717539 230 57 70 R0 pano_camera6/frame_0344_hp_preview.jpg
-0.676988 1.441433 1.634547 230 57 70 R0 pano_camera6/frame_0345_hp_preview.jpg
-0.874052 1.438218 1.450000 230 57 70 R0 pano_camera6/frame_0346_hp_preview.jpg
-0.975623 1.437487 1.242631 230 57 70 R0 pano_camera6/frame_0347_hp_preview.jpg
-1.100543 1.438725 1.012405 230 57 70 R0 pano_camera6/frame_0348_hp_preview.jpg
-1.397600 1.429431 0.467506 230 57 70 R0 pano_camera6/frame_0349_hp_preview.jpg
-1.594738 1.417628 0.259145 230 57 70 R0 pano_camera6/frame_0350_hp_preview.jpg
-1.749241 1.414241 0.111172 230 57 70 R0 pano_camera6/frame_0351_hp_preview.jpg
-2.190537 1.421164 -0.092409 230 57 70 R0 pano_camera6/frame_0352_hp_preview.jpg
-2.412227 1.437159 -0.124343 230 57 70 R0 pano_camera6/frame_0353_hp_preview.jpg
-2.772090 1.446188 -0.297271 230 57 70 R0 pano_camera6/frame_0354_hp_preview.jpg
-2.887261 1.458847 -0.474842 230 57 70 R0 pano_camera6/frame_0355_hp_preview.jpg
-2.808750 1.464225 -0.893678 230 57 70 R0 pano_camera6/frame_0356_hp_preview.jpg
-2.736187 1.447718 -1.184612 230 57 70 R0 pano_camera6/frame_0357_hp_preview.jpg
-2.692737 1.428218 -1.267478 230 57 70 R0 pano_camera6/frame_0358_hp_preview.jpg
-2.661343 1.418667 -1.290529 230 57 70 R0 pano_camera6/frame_0359_hp_preview.jpg
-2.708733 1.434272 -1.296555 230 57 70 R0 pano_camera6/frame_0360_hp_preview.jpg
-2.708864 1.433210 -1.300755 230 57 70 R0 pano_camera6/frame_0361_hp_preview.jpg
-2.818656 1.441687 -1.567292 230 57 70 R0 pano_camera6/frame_0362_hp_preview.jpg
-2.951513 1.447779 -1.625233 230 57 70 R0 pano_camera6/frame_0363_hp_preview.jpg
-3.211994 1.480150 -1.642408 230 57 70 R0 pano_camera6/frame_0364_hp_preview.jpg
-3.292872 1.483459 -1.587965 230 57 70 R0 pano_camera6/frame_0365_hp_preview.jpg
-3.338119 1.477430 -1.190053 230 57 70 R0 pano_camera6/frame_0366_hp_preview.jpg
-3.314969 1.474162 -1.130000 230 57 70 R0 pano_camera6/frame_0367_hp_preview.jpg
-3.175213 1.460833 -0.826966 230 57 70 R0 pano_camera6/frame_0368_hp_preview.jpg
-2.875985 1.456765 -0.205788 230 57 70 R0 pano_camera6/frame_0369_hp_preview.jpg
-2.887125 1.429219 -0.002340 230 57 70 R0 pano_camera6/frame_0370_hp_preview.jpg
-3.025344 1.462320 0.138091 230 57 70 R0 pano_camera6/frame_0371_hp_preview.jpg
-3.352775 1.462294 0.077916 230 57 70 R0 pano_camera6/frame_0372_hp_preview.jpg
-3.605106 1.475017 -0.175208 230 57 70 R0 pano_camera6/frame_0373_hp_preview.jpg
-4.214618 1.478773 -0.537451 230 57 70 R0 pano_camera6/frame_0374_hp_preview.jpg
-4.406626 1.490392 -0.548997 230 57 70 R0 pano_camera6/frame_0375_hp_preview.jpg
-4.629129 1.504598 -0.475187 230 57 70 R0 pano_camera6/frame_0376_hp_preview.jpg
-4.804689 1.512697 -0.382516 230 57 70 R0 pano_camera6/frame_0377_hp_preview.jpg
-5.307700 1.548804 0.005055 230 57 70 R0 pano_camera6/frame_0378_hp_preview.jpg
-5.424251 1.540794 0.153227 230 57 70 R0 pano_camera6/frame_0379_hp_preview.jpg
-5.541364 1.540710 0.380005 230 57 70 R0 pano_camera6/frame_0380_hp_preview.jpg
-5.604858 1.422184 0.401308 230 57 70 R0 pano_camera6/frame_0381_hp_preview.jpg
-5.631685 1.293428 0.553300 230 57 70 R0 pano_camera6/frame_0382_hp_preview.jpg
-5.582560 1.498322 0.818047 230 57 70 R0 pano_camera6/frame_0383_hp_preview.jpg
-5.553034 1.511492 0.816101 230 57 70 R0 pano_camera6/frame_0384_hp_preview.jpg
-5.392295 1.521267 1.013687 230 57 70 R0 pano_camera6/frame_0385_hp_preview.jpg
-5.075332 1.527869 1.455690 230 57 70 R0 pano_camera6/frame_0386_hp_preview.jpg
-4.950087 1.525915 1.674462 230 57 70 R0 pano_camera6/frame_0387_hp_preview.jpg
-4.497304 1.523080 2.317589 230 57 70 R0 pano_camera6/frame_0388_hp_preview.jpg
-4.175276 1.511619 2.705660 230 57 70 R0 pano_camera6/frame_0389_hp_preview.jpg
-4.029619 1.499426 2.848928 230 57 70 R0 pano_camera6/frame_0390_hp_preview.jpg
-3.615236 1.499274 3.039872 230 57 70 R0 pano_camera6/frame_0391_hp_preview.jpg
-3.530840 1.494596 2.995375 230 57 70 R0 pano_camera6/frame_0392_hp_preview.jpg
-3.571298 1.494340 2.806339 230 57 70 R0 pano_camera6/frame_0393_hp_preview.jpg
-3.743010 1.487704 2.663568 230 57 70 R0 pano_camera6/frame_0394_hp_preview.jpg
-4.038317 1.485120 2.434326 230 57 70 R0 pano_camera6/frame_0395_hp_preview.jpg
-4.248817 1.487811 2.108929 230 57 70 R0 pano_camera6/frame_0396_hp_preview.jpg
-4.050954 1.502735 1.684930 230 57 70 R0 pano_camera6/frame_0397_hp_preview.jpg
-3.914469 1.497774 1.582608 230 57 70 R0 pano_camera6/frame_0398_hp_preview.jpg
-3.436142 1.495826 1.563364 230 57 70 R0 pano_camera6/frame_0399_hp_preview.jpg
-3.059646 1.476611 1.917561 230 57 70 R0 pano_camera6/frame_0400_hp_preview.jpg
-2.784201 1.471307 2.217121 230 57 70 R0 pano_camera6/frame_0401_hp_preview.jpg
-2.763790 1.470168 2.235462 230 57 70 R0 pano_camera6/frame_0402_hp_preview.jpg
-2.507919 1.463025 2.523180 230 57 70 R0 pano_camera6/frame_0403_hp_preview.jpg
-1.987187 1.454917 2.516365 230 57 70 R0 pano_camera6/frame_0404_hp_preview.jpg
-1.958526 1.460500 2.486484 230 57 70 R0 pano_camera6/frame_0405_hp_preview.jpg
-1.804613 1.466359 2.028746 230 57 70 R0 pano_camera6/frame_0406_hp_preview.jpg
-2.068784 1.455071 1.668772 230 57 70 R0 pano_camera6/frame_0407_hp_preview.jpg
-2.213891 1.460156 1.485162 230 57 70 R0 pano_camera6/frame_0408_hp_preview.jpg
-2.325773 1.454616 1.353650 230 57 70 R0 pano_camera6/frame_0409_hp_preview.jpg
-2.436045 1.469928 1.008386 230 57 70 R0 pano_camera6/frame_0410_hp_preview.jpg
-2.113884 1.454596 0.471458 230 57 70 R0 pano_camera6/frame_0411_hp_preview.jpg
-2.052348 1.445539 0.413942 230 57 70 R0 pano_camera6/frame_0412_hp_preview.jpg
-1.920359 1.446422 0.231377 230 57 70 R0 pano_camera6/frame_0413_hp_preview.jpg
-1.941389 1.448962 0.226061 230 57 70 R0 pano_camera6/frame_0414_hp_preview.jpg
-1.942838 1.449320 0.227522 230 57 70 R0 pano_camera6/frame_0415_hp_preview.jpg
-1.939414 1.444703 0.226103 230 57 70 R0 pano_camera6/frame_0416_hp_preview.jpg
4.839951 -0.025471 2.343401 230 57 70 R0 pano_camera7/frame_0140_hp_preview.jpg
4.967712 -0.019578 2.470891 230 57 70 R0 pano_camera7/frame_0141_hp_preview.jpg
5.186017 -0.022848 2.711520 230 57 70 R0 pano_camera7/frame_0142_hp_preview.jpg
5.342925 -0.024480 2.810063 230 57 70 R0 pano_camera7/frame_0143_hp_preview.jpg
5.518690 -0.009931 2.758182 230 57 70 R0 pano_camera7/frame_0144_hp_preview.jpg
5.577041 -0.006818 2.581494 230 57 70 R0 pano_camera7/frame_0145_hp_preview.jpg
4.715282 -0.012899 2.770313 230 57 70 R0 pano_camera7/frame_0157_hp_preview.jpg
4.577598 -0.008838 2.856272 230 57 70 R0 pano_camera7/frame_0158_hp_preview.jpg
4.528535 -0.002846 2.953972 230 57 70 R0 pano_camera7/frame_0159_hp_preview.jpg
4.279873 -0.006715 3.562706 230 57 70 R0 pano_camera7/frame_0160_hp_preview.jpg
4.072468 -0.005769 3.824734 230 57 70 R0 pano_camera7/frame_0161_hp_preview.jpg
3.771378 0.011096 4.113810 230 57 70 R0 pano_camera7/frame_0162_hp_preview.jpg
3.564070 0.019397 4.273577 230 57 70 R0 pano_camera7/frame_0163_hp_preview.jpg
3.339033 0.031551 4.415810 230 57 70 R0 pano_camera7/frame_0164_hp_preview.jpg
2.941681 0.037369 4.402871 230 57 70 R0 pano_camera7/frame_0165_hp_preview.jpg
2.780572 0.036485 4.269844 230 57 70 R0 pano_camera7/frame_0166_hp_preview.jpg
2.533800 0.039496 3.910046 230 57 70 R0 pano_camera7/frame_0167_hp_preview.jpg
2.585897 0.030483 3.523406 230 57 70 R0 pano_camera7/frame_0168_hp_preview.jpg
2.675928 0.039342 3.407216 230 57 70 R0 pano_camera7/frame_0169_hp_preview.jpg
3.211332 0.013854 2.875208 230 57 70 R0 pano_camera7/frame_0170_hp_preview.jpg
3.284026 0.026233 2.805617 230 57 70 R0 pano_camera7/frame_0171_hp_preview.jpg
3.623421 0.004053 2.480109 230 57 70 R0 pano_camera7/frame_0172_hp_preview.jpg
3.700719 0.008179 2.099843 230 57 70 R0 pano_camera7/frame_0173_hp_preview.jpg
3.496462 0.014154 1.764058 230 57 70 R0 pano_camera7/frame_0174_hp_preview.jpg
3.487382 0.017176 1.758548 230 57 70 R0 pano_camera7/frame_0175_hp_preview.jpg
3.056100 0.015626 1.664286 230 57 70 R0 pano_camera7/frame_0176_hp_preview.jpg
2.812080 0.028696 1.712791 230 57 70 R0 pano_camera7/frame_0177_hp_preview.jpg
2.350241 0.033582 1.730529 230 57 70 R0 pano_camera7/frame_0178_hp_preview.jpg
2.028907 0.038350 1.482150 230 57 70 R0 pano_camera7/frame_0179_hp_preview.jpg
1.986767 0.036004 1.288525 230 57 70 R0 pano_camera7/frame_0180_hp_preview.jpg
2.118653 0.017107 1.050865 230 57 70 R0 pano_camera7/frame_0181_hp_preview.jpg
2.313809 0.010458 0.889523 230 57 70 R0 pano_camera7/frame_0182_hp_preview.jpg
2.538551 0.014652 0.570323 230 57 70 R0 pano_camera7/frame_0183_hp_preview.jpg
2.386935 0.004253 0.421756 230 57 70 R0 pano_camera7/frame_0184_hp_preview.jpg
2.233266 0.008006 0.470576 230 57 70 R0 pano_camera7/frame_0185_hp_preview.jpg
2.040202 0.007316 0.614533 230 57 70 R0 pano_camera7/frame_0186_hp_preview.jpg
1.841504 0.012238 0.750079 230 57 70 R0 pano_camera7/frame_0187_hp_preview.jpg
1.541910 0.020213 0.854685 230 57 70 R0 pano_camera7/frame_0188_hp_preview.jpg
1.238694 0.024905 0.766640 230 57 70 R0 pano_camera7/frame_0189_hp_preview.jpg
1.207903 0.030810 0.747513 230 57 70 R0 pano_camera7/frame_0190_hp_preview.jpg
1.040913 0.033419 0.532855 230 57 70 R0 pano_camera7/frame_0191_hp_preview.jpg
1.039040 0.033578 0.172904 230 57 70 R0 pano_camera7/frame_0192_hp_preview.jpg
1.170509 0.022220 -0.078137 230 57 70 R0 pano_camera7/frame_0193_hp_preview.jpg
1.390682 0.006587 -0.360998 230 57 70 R0 pano_camera7/frame_0194_hp_preview.jpg
1.529188 0.007764 -0.573882 230 57 70 R0 pano_camera7/frame_0195_hp_preview.jpg
1.501087 -0.005618 -0.778141 230 57 70 R0 pano_camera7/frame_0196_hp_preview.jpg
1.301743 -0.003346 -1.150226 230 57 70 R0 pano_camera7/frame_0197_hp_preview.jpg
0.924593 0.015182 -1.630985 230 57 70 R0 pano_camera7/frame_0198_hp_preview.jpg
0.814281 0.021477 -1.771715 230 57 70 R0 pano_camera7/frame_0199_hp_preview.jpg
0.191775 0.059690 -2.339663 230 57 70 R0 pano_camera7/frame_0200_hp_preview.jpg
0.200334 0.104007 -2.434131 230 57 70 R0 pano_camera7/frame_0201_hp_preview.jpg
0.164437 0.036493 -1.197300 230 57 70 R0 pano_camera7/frame_0226_hp_preview.jpg
-0.441548 0.056453 0.075151 230 57 70 R0 pano_camera7/frame_0240_hp_preview.jpg
-0.427002 0.049106 0.140970 230 57 70 R0 pano_camera7/frame_0241_hp_preview.jpg
-0.530377 0.046971 0.418321 230 57 70 R0 pano_camera7/frame_0242_hp_preview.jpg
-0.412447 0.043384 0.580653 230 57 70 R0 pano_camera7/frame_0243_hp_preview.jpg
-0.199111 0.037229 0.565551 230 57 70 R0 pano_camera7/frame_0244_hp_preview.jpg
-0.095758 0.032102 0.583356 230 57 70 R0 pano_camera7/frame_0245_hp_preview.jpg
0.175653 0.002676 0.646184 230 57 70 R0 pano_camera7/frame_0246_hp_preview.jpg
0.303033 0.007129 0.571790 230 57 70 R0 pano_camera7/frame_0247_hp_preview.jpg
0.618712 0.002589 0.644318 230 57 70 R0 pano_camera7/frame_0248_hp_preview.jpg
0.654295 0.000104 0.664243 230 57 70 R0 pano_camera7/frame_0249_hp_preview.jpg
1.281176 -0.002320 1.131125 230 57 70 R0 pano_camera7/frame_0250_hp_preview.jpg
1.291562 -0.003862 1.140655 230 57 70 R0 pano_camera7/frame_0251_hp_preview.jpg
1.595067 0.005720 1.562371 230 57 70 R0 pano_camera7/frame_0252_hp_preview.jpg
1.743760 0.025744 2.101405 230 57 70 R0 pano_camera7/frame_0253_hp_preview.jpg
1.471959 0.043448 2.426614 230 57 70 R0 pano_camera7/frame_0254_hp_preview.jpg
1.429311 0.040869 2.432105 230 57 70 R0 pano_camera7/frame_0255_hp_preview.jpg
0.997899 0.082119 2.075986 230 57 70 R0 pano_camera7/frame_0256_hp_preview.jpg
0.868702 0.208590 1.901349 230 57 70 R0 pano_camera7/frame_0257_hp_preview.jpg
0.819885 0.289995 1.834203 230 57 70 R0 pano_camera7/frame_0258_hp_preview.jpg
0.742097 0.363486 1.710433 230 57 70 R0 pano_camera7/frame_0259_hp_preview.jpg
0.562837 0.612033 1.436280 230 57 70 R0 pano_camera7/frame_0260_hp_preview.jpg
0.560209 0.614730 1.429992 230 57 70 R0 pano_camera7/frame_0261_hp_preview.jpg
0.349334 0.872669 1.165787 230 57 70 R0 pano_camera7/frame_0262_hp_preview.jpg
0.338892 0.882060 1.159079 230 57 70 R0 pano_camera7/frame_0263_hp_preview.jpg
0.234341 1.025326 1.020610 230 57 70 R0 pano_camera7/frame_0264_hp_preview.jpg
0.073135 1.202418 0.813219 230 57 70 R0 pano_camera7/frame_0265_hp_preview.jpg
0.027881 1.335193 0.586018 230 57 70 R0 pano_camera7/frame_0266_hp_preview.jpg
0.041467 1.409014 0.376365 230 57 70 R0 pano_camera7/frame_0267_hp_preview.jpg
0.243023 1.399077 0.144144 230 57 70 R0 pano_camera7/frame_0268_hp_preview.jpg
0.616197 1.399275 -0.220767 230 57 70 R0 pano_camera7/frame_0269_hp_preview.jpg
0.802504 1.414095 -0.375836 230 57 70 R0 pano_camera7/frame_0270_hp_preview.jpg
1.170129 1.401995 -0.637379 230 57 70 R0 pano_camera7/frame_0271_hp_preview.jpg
1.510628 1.399938 -0.886953 230 57 70 R0 pano_camera7/frame_0272_hp_preview.jpg
1.693816 1.407023 -1.033637 230 57 70 R0 pano_camera7/frame_0273_hp_preview.jpg
2.281996 1.392522 -1.480978 230 57 70 R0 pano_camera7/frame_0274_hp_preview.jpg
2.340232 1.395328 -1.537402 230 57 70 R0 pano_camera7/frame_0275_hp_preview.jpg
2.811970 1.390876 -1.910205 230 57 70 R0 pano_camera7/frame_0276_hp_preview.jpg
2.950504 1.393958 -2.037445 230 57 70 R0 pano_camera7/frame_0277_hp_preview.jpg
3.368959 1.403976 -2.444415 230 57 70 R0 pano_camera7/frame_0278_hp_preview.jpg
3.606303 1.397406 -2.614466 230 57 70 R0 pano_camera7/frame_0279_hp_preview.jpg
4.190634 1.392812 -3.115723 230 57 70 R0 pano_camera7/frame_0280_hp_preview.jpg
4.303215 1.388829 -3.197741 230 57 70 R0 pano_camera7/frame_0281_hp_preview.jpg
4.454707 1.381603 -3.351019 230 57 70 R0 pano_camera7/frame_0282_hp_preview.jpg
4.532496 1.377510 -3.585692 230 57 70 R0 pano_camera7/frame_0283_hp_preview.jpg
4.353452 1.369219 -3.972809 230 57 70 R0 pano_camera7/frame_0284_hp_preview.jpg
4.316245 1.367174 -3.999270 230 57 70 R0 pano_camera7/frame_0285_hp_preview.jpg
4.061034 1.368764 -4.204597 230 57 70 R0 pano_camera7/frame_0286_hp_preview.jpg
3.860833 1.385978 -4.212352 230 57 70 R0 pano_camera7/frame_0287_hp_preview.jpg
3.599749 1.398637 -4.227243 230 57 70 R0 pano_camera7/frame_0288_hp_preview.jpg
3.444878 1.405925 -4.303098 230 57 70 R0 pano_camera7/frame_0289_hp_preview.jpg
3.338569 1.404515 -4.557018 230 57 70 R0 pano_camera7/frame_0290_hp_preview.jpg
3.241878 1.393708 -5.104948 230 57 70 R0 pano_camera7/frame_0291_hp_preview.jpg
3.176744 1.393455 -5.317511 230 57 70 R0 pano_camera7/frame_0292_hp_preview.jpg
3.133972 1.388144 -5.494733 230 57 70 R0 pano_camera7/frame_0293_hp_preview.jpg
2.673524 1.377784 -5.939858 230 57 70 R0 pano_camera7/frame_0294_hp_preview.jpg
2.623400 1.379605 -5.951916 230 57 70 R0 pano_camera7/frame_0295_hp_preview.jpg
2.081700 1.381403 -5.759070 230 57 70 R0 pano_camera7/frame_0296_hp_preview.jpg
1.982134 1.389347 -5.413187 230 57 70 R0 pano_camera7/frame_0297_hp_preview.jpg
1.954710 1.379261 -5.103073 230 57 70 R0 pano_camera7/frame_0298_hp_preview.jpg
1.942953 1.386189 -4.860958 230 57 70 R0 pano_camera7/frame_0299_hp_preview.jpg
1.912209 1.393452 -4.398749 230 57 70 R0 pano_camera7/frame_0300_hp_preview.jpg
1.909635 1.379794 -4.078772 230 57 70 R0 pano_camera7/frame_0301_hp_preview.jpg
1.940182 1.376400 -3.757656 230 57 70 R0 pano_camera7/frame_0302_hp_preview.jpg
2.054814 1.389490 -3.319754 230 57 70 R0 pano_camera7/frame_0303_hp_preview.jpg
2.104504 1.384980 -3.095860 230 57 70 R0 pano_camera7/frame_0304_hp_preview.jpg
2.168553 1.380544 -2.567484 230 57 70 R0 pano_camera7/frame_0305_hp_preview.jpg
2.106551 1.373939 -2.041718 230 57 70 R0 pano_camera7/frame_0306_hp_preview.jpg
2.007786 1.370677 -1.708325 230 57 70 R0 pano_camera7/frame_0307_hp_preview.jpg
1.962326 1.377413 -1.631502 230 57 70 R0 pano_camera7/frame_0308_hp_preview.jpg
1.578209 1.384465 -1.347039 230 57 70 R0 pano_camera7/frame_0309_hp_preview.jpg
1.110128 1.402321 -1.353473 230 57 70 R0 pano_camera7/frame_0310_hp_preview.jpg
0.879566 1.391507 -1.574459 230 57 70 R0 pano_camera7/frame_0311_hp_preview.jpg
0.711383 1.403740 -1.989563 230 57 70 R0 pano_camera7/frame_0312_hp_preview.jpg
0.643335 1.404630 -2.301038 230 57 70 R0 pano_camera7/frame_0313_hp_preview.jpg
0.610059 1.403548 -2.582849 230 57 70 R0 pano_camera7/frame_0314_hp_preview.jpg
0.510552 1.404994 -3.269538 230 57 70 R0 pano_camera7/frame_0315_hp_preview.jpg
0.498676 1.408785 -3.319462 230 57 70 R0 pano_camera7/frame_0316_hp_preview.jpg
0.383938 1.399360 -3.756129 230 57 70 R0 pano_camera7/frame_0317_hp_preview.jpg
0.106395 1.392132 -4.149968 230 57 70 R0 pano_camera7/frame_0318_hp_preview.jpg
-0.020467 1.394645 -4.160091 230 57 70 R0 pano_camera7/frame_0319_hp_preview.jpg
-0.364710 1.420163 -4.063730 230 57 70 R0 pano_camera7/frame_0320_hp_preview.jpg
-0.888437 1.430911 -3.584243 230 57 70 R0 pano_camera7/frame_0321_hp_preview.jpg
-0.916598 1.430633 -3.551875 230 57 70 R0 pano_camera7/frame_0322_hp_preview.jpg
-1.032316 1.420585 -3.085604 230 57 70 R0 pano_camera7/frame_0323_hp_preview.jpg
-0.974744 1.430557 -2.609732 230 57 70 R0 pano_camera7/frame_0324_hp_preview.jpg
-0.981161 1.423218 -2.561348 230 57 70 R0 pano_camera7/frame_0325_hp_preview.jpg
-1.198561 1.422233 -2.111890 230 57 70 R0 pano_camera7/frame_0326_hp_preview.jpg
-1.463729 1.422839 -2.062078 230 57 70 R0 pano_camera7/frame_0327_hp_preview.jpg
-1.598178 1.433282 -2.101845 230 57 70 R0 pano_camera7/frame_0328_hp_preview.jpg
-1.791380 1.439078 -2.239411 230 57 70 R0 pano_camera7/frame_0329_hp_preview.jpg
-2.145065 1.447842 -2.370760 230 57 70 R0 pano_camera7/frame_0330_hp_preview.jpg
-2.261497 1.447840 -2.281120 230 57 70 R0 pano_camera7/frame_0331_hp_preview.jpg
-2.110147 1.437039 -1.880987 230 57 70 R0 pano_camera7/frame_0332_hp_preview.jpg
-1.938776 1.427831 -1.752377 230 57 70 R0 pano_camera7/frame_0333_hp_preview.jpg
-1.671949 1.422605 -1.470004 230 57 70 R0 pano_camera7/frame_0334_hp_preview.jpg
-1.569893 1.424827 -1.291863 230 57 70 R0 pano_camera7/frame_0335_hp_preview.jpg
-1.447143 1.415249 -1.098765 230 57 70 R0 pano_camera7/frame_0336_hp_preview.jpg
-1.220533 1.405988 -0.639499 230 57 70 R0 pano_camera7/frame_0337_hp_preview.jpg
-1.110025 1.408675 -0.408591 230 57 70 R0 pano_camera7/frame_0338_hp_preview.jpg
-0.871424 1.402441 0.204905 230 57 70 R0 pano_camera7/frame_0339_hp_preview.jpg
-0.775096 1.428403 0.609338 230 57 70 R0 pano_camera7/frame_0340_hp_preview.jpg
-0.742447 1.422260 0.716036 230 57 70 R0 pano_camera7/frame_0341_hp_preview.jpg
-0.614252 1.423830 1.020485 230 57 70 R0 pano_camera7/frame_0342_hp_preview.jpg
-0.380830 1.427900 1.369897 230 57 70 R0 pano_camera7/frame_0343_hp_preview.jpg
-0.425014 1.437687 1.717539 230 57 70 R0 pano_camera7/frame_0344_hp_preview.jpg
-0.676988 1.441433 1.634547 230 57 70 R0 pano_camera7/frame_0345_hp_preview.jpg
-0.874052 1.438218 1.450000 230 57 70 R0 pano_camera7/frame_0346_hp_preview.jpg
-0.975623 1.437487 1.242631 230 57 70 R0 pano_camera7/frame_0347_hp_preview.jpg
-1.100543 1.438725 1.012405 230 57 70 R0 pano_camera7/frame_0348_hp_preview.jpg
-1.397600 1.429431 0.467506 230 57 70 R0 pano_camera7/frame_0349_hp_preview.jpg
-1.594738 1.417628 0.259145 230 57 70 R0 pano_camera7/frame_0350_hp_preview.jpg
-1.749241 1.414241 0.111172 230 57 70 R0 pano_camera7/frame_0351_hp_preview.jpg
-2.190537 1.421164 -0.092409 230 57 70 R0 pano_camera7/frame_0352_hp_preview.jpg
-2.412227 1.437159 -0.124343 230 57 70 R0 pano_camera7/frame_0353_hp_preview.jpg
-2.772090 1.446188 -0.297271 230 57 70 R0 pano_camera7/frame_0354_hp_preview.jpg
-2.887261 1.458847 -0.474842 230 57 70 R0 pano_camera7/frame_0355_hp_preview.jpg
-2.808750 1.464225 -0.893678 230 57 70 R0 pano_camera7/frame_0356_hp_preview.jpg
-2.736187 1.447718 -1.184612 230 57 70 R0 pano_camera7/frame_0357_hp_preview.jpg
-2.692737 1.428218 -1.267478 230 57 70 R0 pano_camera7/frame_0358_hp_preview.jpg
-2.661343 1.418667 -1.290529 230 57 70 R0 pano_camera7/frame_0359_hp_preview.jpg
-2.708733 1.434272 -1.296555 230 57 70 R0 pano_camera7/frame_0360_hp_preview.jpg
-2.708864 1.433210 -1.300755 230 57 70 R0 pano_camera7/frame_0361_hp_preview.jpg
-2.818656 1.441687 -1.567292 230 57 70 R0 pano_camera7/frame_0362_hp_preview.jpg
-2.951513 1.447779 -1.625233 230 57 70 R0 pano_camera7/frame_0363_hp_preview.jpg
-3.211994 1.480150 -1.642408 230 57 70 R0 pano_camera7/frame_0364_hp_preview.jpg
-3.292872 1.483459 -1.587965 230 57 70 R0 pano_camera7/frame_0365_hp_preview.jpg
-3.338119 1.477430 -1.190053 230 57 70 R0 pano_camera7/frame_0366_hp_preview.jpg
-3.314969 1.474162 -1.130000 230 57 70 R0 pano_camera7/frame_0367_hp_preview.jpg
-3.175213 1.460833 -0.826966 230 57 70 R0 pano_camera7/frame_0368_hp_preview.jpg
-2.875985 1.456765 -0.205788 230 57 70 R0 pano_camera7/frame_0369_hp_preview.jpg
-2.887125 1.429219 -0.002340 230 57 70 R0 pano_camera7/frame_0370_hp_preview.jpg
-3.025344 1.462320 0.138091 230 57 70 R0 pano_camera7/frame_0371_hp_preview.jpg
-3.352775 1.462294 0.077916 230 57 70 R0 pano_camera7/frame_0372_hp_preview.jpg
-3.605106 1.475017 -0.175208 230 57 70 R0 pano_camera7/frame_0373_hp_preview.jpg
-4.214618 1.478773 -0.537451 230 57 70 R0 pano_camera7/frame_0374_hp_preview.jpg
-4.406626 1.490392 -0.548997 230 57 70 R0 pano_camera7/frame_0375_hp_preview.jpg
-4.629129 1.504598 -0.475187 230 57 70 R0 pano_camera7/frame_0376_hp_preview.jpg
-4.804689 1.512697 -0.382516 230 57 70 R0 pano_camera7/frame_0377_hp_preview.jpg
-5.307700 1.548804 0.005055 230 57 70 R0 pano_camera7/frame_0378_hp_preview.jpg
-5.424251 1.540794 0.153227 230 57 70 R0 pano_camera7/frame_0379_hp_preview.jpg
-5.541364 1.540710 0.380005 230 57 70 R0 pano_camera7/frame_0380_hp_preview.jpg
-5.604858 1.422184 0.401308 230 57 70 R0 pano_camera7/frame_0381_hp_preview.jpg
-5.631685 1.293428 0.553300 230 57 70 R0 pano_camera7/frame_0382_hp_preview.jpg
-5.582560 1.498322 0.818047 230 57 70 R0 pano_camera7/frame_0383_hp_preview.jpg
-5.553034 1.511492 0.816101 230 57 70 R0 pano_camera7/frame_0384_hp_preview.jpg
-5.392295 1.521267 1.013687 230 57 70 R0 pano_camera7/frame_0385_hp_preview.jpg
-5.075332 1.527869 1.455690 230 57 70 R0 pano_camera7/frame_0386_hp_preview.jpg
-4.950087 1.525915 1.674462 230 57 70 R0 pano_camera7/frame_0387_hp_preview.jpg
-4.497304 1.523080 2.317589 230 57 70 R0 pano_camera7/frame_0388_hp_preview.jpg
-4.175276 1.511619 2.705660 230 57 70 R0 pano_camera7/frame_0389_hp_preview.jpg
-4.029619 1.499426 2.848928 230 57 70 R0 pano_camera7/frame_0390_hp_preview.jpg
-3.615236 1.499274 3.039872 230 57 70 R0 pano_camera7/frame_0391_hp_preview.jpg
-3.530840 1.494596 2.995375 230 57 70 R0 pano_camera7/frame_0392_hp_preview.jpg
-3.571298 1.494340 2.806339 230 57 70 R0 pano_camera7/frame_0393_hp_preview.jpg
-3.743010 1.487704 2.663568 230 57 70 R0 pano_camera7/frame_0394_hp_preview.jpg
-4.038317 1.485120 2.434326 230 57 70 R0 pano_camera7/frame_0395_hp_preview.jpg
-4.248817 1.487811 2.108929 230 57 70 R0 pano_camera7/frame_0396_hp_preview.jpg
-4.050954 1.502735 1.684930 230 57 70 R0 pano_camera7/frame_0397_hp_preview.jpg
-3.914469 1.497774 1.582608 230 57 70 R0 pano_camera7/frame_0398_hp_preview.jpg
-3.436142 1.495826 1.563364 230 57 70 R0 pano_camera7/frame_0399_hp_preview.jpg
-3.059646 1.476611 1.917561 230 57 70 R0 pano_camera7/frame_0400_hp_preview.jpg
-2.784201 1.471307 2.217121 230 57 70 R0 pano_camera7/frame_0401_hp_preview.jpg
-2.763790 1.470168 2.235462 230 57 70 R0 pano_camera7/frame_0402_hp_preview.jpg
-2.507919 1.463025 2.523180 230 57 70 R0 pano_camera7/frame_0403_hp_preview.jpg
-1.987187 1.454917 2.516365 230 57 70 R0 pano_camera7/frame_0404_hp_preview.jpg
-1.958526 1.460500 2.486484 230 57 70 R0 pano_camera7/frame_0405_hp_preview.jpg
-1.804613 1.466359 2.028746 230 57 70 R0 pano_camera7/frame_0406_hp_preview.jpg
-2.068784 1.455071 1.668772 230 57 70 R0 pano_camera7/frame_0407_hp_preview.jpg
-2.213891 1.460156 1.485162 230 57 70 R0 pano_camera7/frame_0408_hp_preview.jpg
-2.325773 1.454616 1.353650 230 57 70 R0 pano_camera7/frame_0409_hp_preview.jpg
-2.436045 1.469928 1.008386 230 57 70 R0 pano_camera7/frame_0410_hp_preview.jpg
-2.113884 1.454596 0.471458 230 57 70 R0 pano_camera7/frame_0411_hp_preview.jpg
-2.052348 1.445539 0.413942 230 57 70 R0 pano_camera7/frame_0412_hp_preview.jpg
-1.920359 1.446422 0.231377 230 57 70 R0 pano_camera7/frame_0413_hp_preview.jpg
-1.941389 1.448962 0.226061 230 57 70 R0 pano_camera7/frame_0414_hp_preview.jpg
-1.942838 1.449320 0.227522 230 57 70 R0 pano_camera7/frame_0415_hp_preview.jpg
-1.939414 1.444703 0.226103 230 57 70 R0 pano_camera7/frame_0416_hp_preview.jpg

# Object R1: Teal (720 points)
# Transform: Pos(0.000, 0.000, 0.000) Scale(1.000, 1.000, 1.000) Quat(0.000, 0.000, 0.000, 1.000)
-0.636278 -0.341885 2.745204 42 157 143 R1 pano_camera0/frame_0000_hp_preview.jpg
0.654890 -0.400559 3.189560 42 157 143 R1 pano_camera0/frame_0002_hp_preview.jpg
1.319434 -0.371557 3.405753 42 157 143 R1 pano_camera0/frame_0003_hp_preview.jpg
1.680563 -0.356136 3.532994 42 157 143 R1 pano_camera0/frame_0004_hp_preview.jpg
1.745456 -0.109635 3.699926 42 157 143 R1 pano_camera0/frame_0005_hp_preview.jpg
1.559446 -0.165278 3.514712 42 157 143 R1 pano_camera0/frame_0006_hp_preview.jpg
1.503508 -0.252809 3.381663 42 157 143 R1 pano_camera0/frame_0007_hp_preview.jpg
1.500067 -0.253859 3.390609 42 157 143 R1 pano_camera0/frame_0008_hp_preview.jpg
1.504929 -0.241650 3.445407 42 157 143 R1 pano_camera0/frame_0009_hp_preview.jpg
1.509161 -0.238400 3.448978 42 157 143 R1 pano_camera0/frame_0010_hp_preview.jpg
1.528297 -0.225497 3.441576 42 157 143 R1 pano_camera0/frame_0011_hp_preview.jpg
1.475498 -0.258287 3.441092 42 157 143 R1 pano_camera0/frame_0012_hp_preview.jpg
1.511238 -0.248296 3.364409 42 157 143 R1 pano_camera0/frame_0013_hp_preview.jpg
1.576032 -0.034106 3.464896 42 157 143 R1 pano_camera0/frame_0014_hp_preview.jpg
1.645145 -0.039701 3.452472 42 157 143 R1 pano_camera0/frame_0015_hp_preview.jpg
1.640052 -0.019993 3.384103 42 157 143 R1 pano_camera0/frame_0016_hp_preview.jpg
1.252560 -0.021604 3.257732 42 157 143 R1 pano_camera0/frame_0017_hp_preview.jpg
0.815595 -0.009738 3.064898 42 157 143 R1 pano_camera0/frame_0018_hp_preview.jpg
0.569353 -0.002841 2.859764 42 157 143 R1 pano_camera0/frame_0019_hp_preview.jpg
0.387813 0.006122 2.550429 42 157 143 R1 pano_camera0/frame_0020_hp_preview.jpg
0.291618 0.000591 1.962133 42 157 143 R1 pano_camera0/frame_0021_hp_preview.jpg
0.201406 -0.001255 0.979256 42 157 143 R1 pano_camera0/frame_0022_hp_preview.jpg
0.124766 -0.010324 0.559453 42 157 143 R1 pano_camera0/frame_0023_hp_preview.jpg
0.136145 -0.010669 0.252920 42 157 143 R1 pano_camera0/frame_0024_hp_preview.jpg
0.380827 -0.004403 -0.254092 42 157 143 R1 pano_camera0/frame_0025_hp_preview.jpg
0.682902 0.015942 -0.491209 42 157 143 R1 pano_camera0/frame_0026_hp_preview.jpg
0.968516 0.015894 -0.586692 42 157 143 R1 pano_camera0/frame_0027_hp_preview.jpg
0.372233 0.010981 -0.868403 42 157 143 R1 pano_camera0/frame_0028_hp_preview.jpg
-0.398526 0.031048 -1.024832 42 157 143 R1 pano_camera0/frame_0029_hp_preview.jpg
-1.094712 0.037508 -1.216377 42 157 143 R1 pano_camera0/frame_0030_hp_preview.jpg
-1.531700 0.060086 -1.481621 42 157 143 R1 pano_camera0/frame_0031_hp_preview.jpg
-1.601625 0.051125 -1.956569 42 157 143 R1 pano_camera0/frame_0032_hp_preview.jpg
-1.476401 0.042503 -2.217361 42 157 143 R1 pano_camera0/frame_0033_hp_preview.jpg
-0.692682 0.057400 -2.565201 42 157 143 R1 pano_camera0/frame_0034_hp_preview.jpg
-0.453399 0.055572 -2.498333 42 157 143 R1 pano_camera0/frame_0035_hp_preview.jpg
0.133898 0.026724 -2.289977 42 157 143 R1 pano_camera0/frame_0036_hp_preview.jpg
0.594238 0.036730 -2.196428 42 157 143 R1 pano_camera0/frame_0037_hp_preview.jpg
1.023142 0.022489 -2.117179 42 157 143 R1 pano_camera0/frame_0038_hp_preview.jpg
1.762815 -0.020197 -2.364448 42 157 143 R1 pano_camera0/frame_0039_hp_preview.jpg
2.105757 0.003269 -2.717279 42 157 143 R1 pano_camera0/frame_0040_hp_preview.jpg
2.151647 0.012313 -2.793836 42 157 143 R1 pano_camera0/frame_0041_hp_preview.jpg
2.521740 0.000381 -3.430301 42 157 143 R1 pano_camera0/frame_0042_hp_preview.jpg
2.895754 0.107553 -3.760996 42 157 143 R1 pano_camera0/frame_0043_hp_preview.jpg
3.343723 0.097146 -3.649906 42 157 143 R1 pano_camera0/frame_0044_hp_preview.jpg
3.999412 0.070638 -3.621285 42 157 143 R1 pano_camera0/frame_0045_hp_preview.jpg
4.137255 0.068425 -3.830085 42 157 143 R1 pano_camera0/frame_0046_hp_preview.jpg
4.107797 0.060739 -3.920363 42 157 143 R1 pano_camera0/frame_0047_hp_preview.jpg
3.931627 0.075499 -4.128413 42 157 143 R1 pano_camera0/frame_0048_hp_preview.jpg
3.322866 0.098408 -4.385367 42 157 143 R1 pano_camera0/frame_0049_hp_preview.jpg
2.506438 0.112765 -4.422082 42 157 143 R1 pano_camera0/frame_0050_hp_preview.jpg
2.471311 0.117263 -4.419005 42 157 143 R1 pano_camera0/frame_0051_hp_preview.jpg
1.639920 0.118643 -4.543220 42 157 143 R1 pano_camera0/frame_0052_hp_preview.jpg
1.453765 0.027664 -4.654366 42 157 143 R1 pano_camera0/frame_0053_hp_preview.jpg
1.260287 0.032246 -4.973766 42 157 143 R1 pano_camera0/frame_0054_hp_preview.jpg
0.472771 0.034114 -5.284531 42 157 143 R1 pano_camera0/frame_0055_hp_preview.jpg
0.088923 0.056989 -5.233766 42 157 143 R1 pano_camera0/frame_0056_hp_preview.jpg
-0.315007 0.057248 -5.129993 42 157 143 R1 pano_camera0/frame_0057_hp_preview.jpg
-0.577594 0.060786 -5.066479 42 157 143 R1 pano_camera0/frame_0058_hp_preview.jpg
-0.863193 0.045009 -4.717390 42 157 143 R1 pano_camera0/frame_0059_hp_preview.jpg
-1.123766 0.063746 -4.157990 42 157 143 R1 pano_camera0/frame_0060_hp_preview.jpg
-1.265437 0.075100 -3.873394 42 157 143 R1 pano_camera0/frame_0061_hp_preview.jpg
-1.540018 0.041468 -2.916415 42 157 143 R1 pano_camera0/frame_0062_hp_preview.jpg
-1.765754 0.052546 -2.200224 42 157 143 R1 pano_camera0/frame_0063_hp_preview.jpg
-1.806760 0.054873 -2.070602 42 157 143 R1 pano_camera0/frame_0064_hp_preview.jpg
-2.302665 0.036251 -1.302625 42 157 143 R1 pano_camera0/frame_0065_hp_preview.jpg
-2.488848 0.041592 -1.170015 42 157 143 R1 pano_camera0/frame_0066_hp_preview.jpg
-3.026974 0.038969 -0.536252 42 157 143 R1 pano_camera0/frame_0067_hp_preview.jpg
-3.342756 0.047825 0.193832 42 157 143 R1 pano_camera0/frame_0068_hp_preview.jpg
-3.387047 0.052828 0.304582 42 157 143 R1 pano_camera0/frame_0069_hp_preview.jpg
-3.256467 0.040388 1.130732 42 157 143 R1 pano_camera0/frame_0070_hp_preview.jpg
-2.812302 0.021235 1.573402 42 157 143 R1 pano_camera0/frame_0071_hp_preview.jpg
-2.354463 0.016235 1.821341 42 157 143 R1 pano_camera0/frame_0072_hp_preview.jpg
-2.264093 0.016934 1.849128 42 157 143 R1 pano_camera0/frame_0073_hp_preview.jpg
-1.640735 0.004964 2.169128 42 157 143 R1 pano_camera0/frame_0074_hp_preview.jpg
-0.961705 0.003252 2.592669 42 157 143 R1 pano_camera0/frame_0075_hp_preview.jpg
-0.694298 -0.012323 2.756076 42 157 143 R1 pano_camera0/frame_0076_hp_preview.jpg
-0.094573 -0.006862 3.105718 42 157 143 R1 pano_camera0/frame_0077_hp_preview.jpg
0.602807 -0.003534 3.487167 42 157 143 R1 pano_camera0/frame_0078_hp_preview.jpg
1.496686 -0.039749 4.120018 42 157 143 R1 pano_camera0/frame_0079_hp_preview.jpg
1.879533 -0.036145 4.697624 42 157 143 R1 pano_camera0/frame_0080_hp_preview.jpg
-2.370647 0.031793 3.109976 42 157 143 R1 pano_camera0/frame_0118_hp_preview.jpg
-2.347309 0.037696 2.653646 42 157 143 R1 pano_camera0/frame_0119_hp_preview.jpg
-2.712901 0.046833 2.037821 42 157 143 R1 pano_camera0/frame_0120_hp_preview.jpg
-3.058192 0.046899 1.801950 42 157 143 R1 pano_camera0/frame_0121_hp_preview.jpg
-3.371167 0.060212 1.663082 42 157 143 R1 pano_camera0/frame_0122_hp_preview.jpg
-4.038553 0.078631 1.544937 42 157 143 R1 pano_camera0/frame_0123_hp_preview.jpg
-4.565483 0.089398 1.689015 42 157 143 R1 pano_camera0/frame_0124_hp_preview.jpg
-4.692649 0.085216 2.035341 42 157 143 R1 pano_camera0/frame_0125_hp_preview.jpg
-4.696246 0.107557 2.248617 42 157 143 R1 pano_camera0/frame_0126_hp_preview.jpg
-4.564638 0.068727 -0.229463 42 157 143 R1 pano_camera0/frame_0197_hp_preview.jpg
-0.636278 -0.341885 2.745204 42 157 143 R1 pano_camera1/frame_0000_hp_preview.jpg
0.654890 -0.400559 3.189560 42 157 143 R1 pano_camera1/frame_0002_hp_preview.jpg
1.319434 -0.371557 3.405753 42 157 143 R1 pano_camera1/frame_0003_hp_preview.jpg
1.680563 -0.356136 3.532994 42 157 143 R1 pano_camera1/frame_0004_hp_preview.jpg
1.745456 -0.109635 3.699926 42 157 143 R1 pano_camera1/frame_0005_hp_preview.jpg
1.559446 -0.165278 3.514712 42 157 143 R1 pano_camera1/frame_0006_hp_preview.jpg
1.503508 -0.252809 3.381663 42 157 143 R1 pano_camera1/frame_0007_hp_preview.jpg
1.500067 -0.253859 3.390609 42 157 143 R1 pano_camera1/frame_0008_hp_preview.jpg
1.504929 -0.241650 3.445407 42 157 143 R1 pano_camera1/frame_0009_hp_preview.jpg
1.509161 -0.238400 3.448978 42 157 143 R1 pano_camera1/frame_0010_hp_preview.jpg
1.528297 -0.225497 3.441576 42 157 143 R1 pano_camera1/frame_0011_hp_preview.jpg
1.475498 -0.258287 3.441092 42 157 143 R1 pano_camera1/frame_0012_hp_preview.jpg
1.511238 -0.248296 3.364409 42 157 143 R1 pano_camera1/frame_0013_hp_preview.jpg
1.576032 -0.034106 3.464896 42 157 143 R1 pano_camera1/frame_0014_hp_preview.jpg
1.645145 -0.039701 3.452472 42 157 143 R1 pano_camera1/frame_0015_hp_preview.jpg
1.640052 -0.019993 3.384103 42 157 143 R1 pano_camera1/frame_0016_hp_preview.jpg
1.252560 -0.021604 3.257732 42 157 143 R1 pano_camera1/frame_0017_hp_preview.jpg
0.815595 -0.009738 3.064898 42 157 143 R1 pano_camera1/frame_0018_hp_preview.jpg
0.569353 -0.002841 2.859764 42 157 143 R1 pano_camera1/frame_0019_hp_preview.jpg
0.387813 0.006122 2.550429 42 157 143 R1 pano_camera1/frame_0020_hp_preview.jpg
0.291618 0.000591 1.962133 42 157 143 R1 pano_camera1/frame_0021_hp_preview.jpg
0.201406 -0.001255 0.979256 42 157 143 R1 pano_camera1/frame_0022_hp_preview.jpg
0.124766 -0.010324 0.559453 42 157 143 R1 pano_camera1/frame_0023_hp_preview.jpg
0.136145 -0.010669 0.252920 42 157 143 R1 pano_camera1/frame_0024_hp_preview.jpg
0.380827 -0.004403 -0.254092 42 157 143 R1 pano_camera1/frame_0025_hp_preview.jpg
0.682902 0.015942 -0.491209 42 157 143 R1 pano_camera1/frame_0026_hp_preview.jpg
0.968516 0.015894 -0.586692 42 157 143 R1 pano_camera1/frame_0027_hp_preview.jpg
0.372233 0.010981 -0.868403 42 157 143 R1 pano_camera1/frame_0028_hp_preview.jpg
-0.398526 0.031048 -1.024832 42 157 143 R1 pano_camera1/frame_0029_hp_preview.jpg
-1.094712 0.037508 -1.216377 42 157 143 R1 pano_camera1/frame_0030_hp_preview.jpg
-1.531700 0.060086 -1.481621 42 157 143 R1 pano_camera1/frame_0031_hp_preview.jpg
-1.601625 0.051125 -1.956569 42 157 143 R1 pano_camera1/frame_0032_hp_preview.jpg
-1.476401 0.042503 -2.217361 42 157 143 R1 pano_camera1/frame_0033_hp_preview.jpg
-0.692682 0.057400 -2.565201 42 157 143 R1 pano_camera1/frame_0034_hp_preview.jpg
-0.453399 0.055572 -2.498333 42 157 143 R1 pano_camera1/frame_0035_hp_preview.jpg
0.133898 0.026724 -2.289977 42 157 143 R1 pano_camera1/frame_0036_hp_preview.jpg
0.594238 0.036730 -2.196428 42 157 143 R1 pano_camera1/frame_0037_hp_preview.jpg
1.023142 0.022489 -2.117179 42 157 143 R1 pano_camera1/frame_0038_hp_preview.jpg
1.762815 -0.020197 -2.364448 42 157 143 R1 pano_camera1/frame_0039_hp_preview.jpg
2.105757 0.003269 -2.717279 42 157 143 R1 pano_camera1/frame_0040_hp_preview.jpg
2.151647 0.012313 -2.793836 42 157 143 R1 pano_camera1/frame_0041_hp_preview.jpg
2.521740 0.000381 -3.430301 42 157 143 R1 pano_camera1/frame_0042_hp_preview.jpg
2.895754 0.107553 -3.760996 42 157 143 R1 pano_camera1/frame_0043_hp_preview.jpg
3.343723 0.097146 -3.649906 42 157 143 R1 pano_camera1/frame_0044_hp_preview.jpg
3.999412 0.070638 -3.621285 42 157 143 R1 pano_camera1/frame_0045_hp_preview.jpg
4.137255 0.068425 -3.830085 42 157 143 R1 pano_camera1/frame_0046_hp_preview.jpg
4.107797 0.060739 -3.920363 42 157 143 R1 pano_camera1/frame_0047_hp_preview.jpg
3.931627 0.075499 -4.128413 42 157 143 R1 pano_camera1/frame_0048_hp_preview.jpg
3.322866 0.098408 -4.385367 42 157 143 R1 pano_camera1/frame_0049_hp_preview.jpg
2.506438 0.112765 -4.422082 42 157 143 R1 pano_camera1/frame_0050_hp_preview.jpg
2.471311 0.117263 -4.419005 42 157 143 R1 pano_camera1/frame_0051_hp_preview.jpg
1.639920 0.118643 -4.543220 42 157 143 R1 pano_camera1/frame_0052_hp_preview.jpg
1.453765 0.027664 -4.654366 42 157 143 R1 pano_camera1/frame_0053_hp_preview.jpg
1.260287 0.032246 -4.973766 42 157 143 R1 pano_camera1/frame_0054_hp_preview.jpg
0.472771 0.034114 -5.284531 42 157 143 R1 pano_camera1/frame_0055_hp_preview.jpg
0.088923 0.056989 -5.233766 42 157 143 R1 pano_camera1/frame_0056_hp_preview.jpg
-0.315007 0.057248 -5.129993 42 157 143 R1 pano_camera1/frame_0057_hp_preview.jpg
-0.577594 0.060786 -5.066479 42 157 143 R1 pano_camera1/frame_0058_hp_preview.jpg
-0.863193 0.045009 -4.717390 42 157 143 R1 pano_camera1/frame_0059_hp_preview.jpg
-1.123766 0.063746 -4.157990 42 157 143 R1 pano_camera1/frame_0060_hp_preview.jpg
-1.265437 0.075100 -3.873394 42 157 143 R1 pano_camera1/frame_0061_hp_preview.jpg
-1.540018 0.041468 -2.916415 42 157 143 R1 pano_camera1/frame_0062_hp_preview.jpg
-1.765754 0.052546 -2.200224 42 157 143 R1 pano_camera1/frame_0063_hp_preview.jpg
-1.806760 0.054873 -2.070602 42 157 143 R1 pano_camera1/frame_0064_hp_preview.jpg
-2.302665 0.036251 -1.302625 42 157 143 R1 pano_camera1/frame_0065_hp_preview.jpg
-2.488848 0.041592 -1.170015 42 157 143 R1 pano_camera1/frame_0066_hp_preview.jpg
-3.026974 0.038969 -0.536252 42 157 143 R1 pano_camera1/frame_0067_hp_preview.jpg
-3.342756 0.047825 0.193832 42 157 143 R1 pano_camera1/frame_0068_hp_preview.jpg
-3.387047 0.052828 0.304582 42 157 143 R1 pano_camera1/frame_0069_hp_preview.jpg
-3.256467 0.040388 1.130732 42 157 143 R1 pano_camera1/frame_0070_hp_preview.jpg
-2.812302 0.021235 1.573402 42 157 143 R1 pano_camera1/frame_0071_hp_preview.jpg
-2.354463 0.016235 1.821341 42 157 143 R1 pano_camera1/frame_0072_hp_preview.jpg
-2.264093 0.016934 1.849128 42 157 143 R1 pano_camera1/frame_0073_hp_preview.jpg
-1.640735 0.004964 2.169128 42 157 143 R1 pano_camera1/frame_0074_hp_preview.jpg
-0.961705 0.003252 2.592669 42 157 143 R1 pano_camera1/frame_0075_hp_preview.jpg
-0.694298 -0.012323 2.756076 42 157 143 R1 pano_camera1/frame_0076_hp_preview.jpg
-0.094573 -0.006862 3.105718 42 157 143 R1 pano_camera1/frame_0077_hp_preview.jpg
0.602807 -0.003534 3.487167 42 157 143 R1 pano_camera1/frame_0078_hp_preview.jpg
1.496686 -0.039749 4.120018 42 157 143 R1 pano_camera1/frame_0079_hp_preview.jpg
1.879533 -0.036145 4.697624 42 157 143 R1 pano_camera1/frame_0080_hp_preview.jpg
-2.370647 0.031793 3.109976 42 157 143 R1 pano_camera1/frame_0118_hp_preview.jpg
-2.347309 0.037696 2.653646 42 157 143 R1 pano_camera1/frame_0119_hp_preview.jpg
-2.712901 0.046833 2.037821 42 157 143 R1 pano_camera1/frame_0120_hp_preview.jpg
-3.058192 0.046899 1.801950 42 157 143 R1 pano_camera1/frame_0121_hp_preview.jpg
-3.371167 0.060212 1.663082 42 157 143 R1 pano_camera1/frame_0122_hp_preview.jpg
-4.038553 0.078631 1.544937 42 157 143 R1 pano_camera1/frame_0123_hp_preview.jpg
-4.565483 0.089398 1.689015 42 157 143 R1 pano_camera1/frame_0124_hp_preview.jpg
-4.692649 0.085216 2.035341 42 157 143 R1 pano_camera1/frame_0125_hp_preview.jpg
-4.696246 0.107557 2.248617 42 157 143 R1 pano_camera1/frame_0126_hp_preview.jpg
-4.564638 0.068727 -0.229463 42 157 143 R1 pano_camera1/frame_0197_hp_preview.jpg
-0.636278 -0.341885 2.745204 42 157 143 R1 pano_camera2/frame_0000_hp_preview.jpg
0.654890 -0.400559 3.189560 42 157 143 R1 pano_camera2/frame_0002_hp_preview.jpg
1.319434 -0.371557 3.405753 42 157 143 R1 pano_camera2/frame_0003_hp_preview.jpg
1.680563 -0.356136 3.532994 42 157 143 R1 pano_camera2/frame_0004_hp_preview.jpg
1.745456 -0.109635 3.699926 42 157 143 R1 pano_camera2/frame_0005_hp_preview.jpg
1.559446 -0.165278 3.514712 42 157 143 R1 pano_camera2/frame_0006_hp_preview.jpg
1.503508 -0.252809 3.381663 42 157 143 R1 pano_camera2/frame_0007_hp_preview.jpg
1.500067 -0.253859 3.390609 42 157 143 R1 pano_camera2/frame_0008_hp_preview.jpg
1.504929 -0.241650 3.445407 42 157 143 R1 pano_camera2/frame_0009_hp_preview.jpg
1.509161 -0.238400 3.448978 42 157 143 R1 pano_camera2/frame_0010_hp_preview.jpg
1.528297 -0.225497 3.441576 42 157 143 R1 pano_camera2/frame_0011_hp_preview.jpg
1.475498 -0.258287 3.441092 42 157 143 R1 pano_camera2/frame_0012_hp_preview.jpg
1.511238 -0.248296 3.364409 42 157 143 R1 pano_camera2/frame_0013_hp_preview.jpg
1.576032 -0.034106 3.464896 42 157 143 R1 pano_camera2/frame_0014_hp_preview.jpg
1.645145 -0.039701 3.452472 42 157 143 R1 pano_camera2/frame_0015_hp_preview.jpg
1.640052 -0.019993 3.384103 42 157 143 R1 pano_camera2/frame_0016_hp_preview.jpg
1.252560 -0.021604 3.257732 42 157 143 R1 pano_camera2/frame_0017_hp_preview.jpg
0.815595 -0.009738 3.064898 42 157 143 R1 pano_camera2/frame_0018_hp_preview.jpg
0.569353 -0.002841 2.859764 42 157 143 R1 pano_camera2/frame_0019_hp_preview.jpg
0.387813 0.006122 2.550429 42 157 143 R1 pano_camera2/frame_0020_hp_preview.jpg
0.291618 0.000591 1.962133 42 157 143 R1 pano_camera2/frame_0021_hp_preview.jpg
0.201406 -0.001255 0.979256 42 157 143 R1 pano_camera2/frame_0022_hp_preview.jpg
0.124766 -0.010324 0.559453 42 157 143 R1 pano_camera2/frame_0023_hp_preview.jpg
0.136145 -0.010669 0.252920 42 157 143 R1 pano_camera2/frame_0024_hp_preview.jpg
0.380827 -0.004403 -0.254092 42 157 143 R1 pano_camera2/frame_0025_hp_preview.jpg
0.682902 0.015942 -0.491209 42 157 143 R1 pano_camera2/frame_0026_hp_preview.jpg
0.968516 0.015894 -0.586692 42 157 143 R1 pano_camera2/frame_0027_hp_preview.jpg
0.372233 0.010981 -0.868403 42 157 143 R1 pano_camera2/frame_0028_hp_preview.jpg
-0.398526 0.031048 -1.024832 42 157 143 R1 pano_camera2/frame_0029_hp_preview.jpg
-1.094712 0.037508 -1.216377 42 157 143 R1 pano_camera2/frame_0030_hp_preview.jpg
-1.531700 0.060086 -1.481621 42 157 143 R1 pano_camera2/frame_0031_hp_preview.jpg
-1.601625 0.051125 -1.956569 42 157 143 R1 pano_camera2/frame_0032_hp_preview.jpg
-1.476401 0.042503 -2.217361 42 157 143 R1 pano_camera2/frame_0033_hp_preview.jpg
-0.692682 0.057400 -2.565201 42 157 143 R1 pano_camera2/frame_0034_hp_preview.jpg
-0.453399 0.055572 -2.498333 42 157 143 R1 pano_camera2/frame_0035_hp_preview.jpg
0.133898 0.026724 -2.289977 42 157 143 R1 pano_camera2/frame_0036_hp_preview.jpg
0.594238 0.036730 -2.196428 42 157 143 R1 pano_camera2/frame_0037_hp_preview.jpg
1.023142 0.022489 -2.117179 42 157 143 R1 pano_camera2/frame_0038_hp_preview.jpg
1.762815 -0.020197 -2.364448 42 157 143 R1 pano_camera2/frame_0039_hp_preview.jpg
2.105757 0.003269 -2.717279 42 157 143 R1 pano_camera2/frame_0040_hp_preview.jpg
2.151647 0.012313 -2.793836 42 157 143 R1 pano_camera2/frame_0041_hp_preview.jpg
2.521740 0.000381 -3.430301 42 157 143 R1 pano_camera2/frame_0042_hp_preview.jpg
2.895754 0.107553 -3.760996 42 157 143 R1 pano_camera2/frame_0043_hp_preview.jpg
3.343723 0.097146 -3.649906 42 157 143 R1 pano_camera2/frame_0044_hp_preview.jpg
3.999412 0.070638 -3.621285 42 157 143 R1 pano_camera2/frame_0045_hp_preview.jpg
4.137255 0.068425 -3.830085 42 157 143 R1 pano_camera2/frame_0046_hp_preview.jpg
4.107797 0.060739 -3.920363 42 157 143 R1 pano_camera2/frame_0047_hp_preview.jpg
3.931627 0.075499 -4.128413 42 157 143 R1 pano_camera2/frame_0048_hp_preview.jpg
3.322866 0.098408 -4.385367 42 157 143 R1 pano_camera2/frame_0049_hp_preview.jpg
2.506438 0.112765 -4.422082 42 157 143 R1 pano_camera2/frame_0050_hp_preview.jpg
2.471311 0.117263 -4.419005 42 157 143 R1 pano_camera2/frame_0051_hp_preview.jpg
1.639920 0.118643 -4.543220 42 157 143 R1 pano_camera2/frame_0052_hp_preview.jpg
1.453765 0.027664 -4.654366 42 157 143 R1 pano_camera2/frame_0053_hp_preview.jpg
1.260287 0.032246 -4.973766 42 157 143 R1 pano_camera2/frame_0054_hp_preview.jpg
0.472771 0.034114 -5.284531 42 157 143 R1 pano_camera2/frame_0055_hp_preview.jpg
0.088923 0.056989 -5.233766 42 157 143 R1 pano_camera2/frame_0056_hp_preview.jpg
-0.315007 0.057248 -5.129993 42 157 143 R1 pano_camera2/frame_0057_hp_preview.jpg
-0.577594 0.060786 -5.066479 42 157 143 R1 pano_camera2/frame_0058_hp_preview.jpg
-0.863193 0.045009 -4.717390 42 157 143 R1 pano_camera2/frame_0059_hp_preview.jpg
-1.123766 0.063746 -4.157990 42 157 143 R1 pano_camera2/frame_0060_hp_preview.jpg
-1.265437 0.075100 -3.873394 42 157 143 R1 pano_camera2/frame_0061_hp_preview.jpg
-1.540018 0.041468 -2.916415 42 157 143 R1 pano_camera2/frame_0062_hp_preview.jpg
-1.765754 0.052546 -2.200224 42 157 143 R1 pano_camera2/frame_0063_hp_preview.jpg
-1.806760 0.054873 -2.070602 42 157 143 R1 pano_camera2/frame_0064_hp_preview.jpg
-2.302665 0.036251 -1.302625 42 157 143 R1 pano_camera2/frame_0065_hp_preview.jpg
-2.488848 0.041592 -1.170015 42 157 143 R1 pano_camera2/frame_0066_hp_preview.jpg
-3.026974 0.038969 -0.536252 42 157 143 R1 pano_camera2/frame_0067_hp_preview.jpg
-3.342756 0.047825 0.193832 42 157 143 R1 pano_camera2/frame_0068_hp_preview.jpg
-3.387047 0.052828 0.304582 42 157 143 R1 pano_camera2/frame_0069_hp_preview.jpg
-3.256467 0.040388 1.130732 42 157 143 R1 pano_camera2/frame_0070_hp_preview.jpg
-2.812302 0.021235 1.573402 42 157 143 R1 pano_camera2/frame_0071_hp_preview.jpg
-2.354463 0.016235 1.821341 42 157 143 R1 pano_camera2/frame_0072_hp_preview.jpg
-2.264093 0.016934 1.849128 42 157 143 R1 pano_camera2/frame_0073_hp_preview.jpg
-1.640735 0.004964 2.169128 42 157 143 R1 pano_camera2/frame_0074_hp_preview.jpg
-0.961705 0.003252 2.592669 42 157 143 R1 pano_camera2/frame_0075_hp_preview.jpg
-0.694298 -0.012323 2.756076 42 157 143 R1 pano_camera2/frame_0076_hp_preview.jpg
-0.094573 -0.006862 3.105718 42 157 143 R1 pano_camera2/frame_0077_hp_preview.jpg
0.602807 -0.003534 3.487167 42 157 143 R1 pano_camera2/frame_0078_hp_preview.jpg
1.496686 -0.039749 4.120018 42 157 143 R1 pano_camera2/frame_0079_hp_preview.jpg
1.879533 -0.036145 4.697624 42 157 143 R1 pano_camera2/frame_0080_hp_preview.jpg
-2.370647 0.031793 3.109976 42 157 143 R1 pano_camera2/frame_0118_hp_preview.jpg
-2.347309 0.037696 2.653646 42 157 143 R1 pano_camera2/frame_0119_hp_preview.jpg
-2.712901 0.046833 2.037821 42 157 143 R1 pano_camera2/frame_0120_hp_preview.jpg
-3.058192 0.046899 1.801950 42 157 143 R1 pano_camera2/frame_0121_hp_preview.jpg
-3.371167 0.060212 1.663082 42 157 143 R1 pano_camera2/frame_0122_hp_preview.jpg
-4.038553 0.078631 1.544937 42 157 143 R1 pano_camera2/frame_0123_hp_preview.jpg
-4.565483 0.089398 1.689015 42 157 143 R1 pano_camera2/frame_0124_hp_preview.jpg
-4.692649 0.085216 2.035341 42 157 143 R1 pano_camera2/frame_0125_hp_preview.jpg
-4.696246 0.107557 2.248617 42 157 143 R1 pano_camera2/frame_0126_hp_preview.jpg
-4.564638 0.068727 -0.229463 42 157 143 R1 pano_camera2/frame_0197_hp_preview.jpg
-0.636278 -0.341885 2.745204 42 157 143 R1 pano_camera3/frame_0000_hp_preview.jpg
0.654890 -0.400559 3.189560 42 157 143 R1 pano_camera3/frame_0002_hp_preview.jpg
1.319434 -0.371557 3.405753 42 157 143 R1 pano_camera3/frame_0003_hp_preview.jpg
1.680563 -0.356136 3.532994 42 157 143 R1 pano_camera3/frame_0004_hp_preview.jpg
1.745456 -0.109635 3.699926 42 157 143 R1 pano_camera3/frame_0005_hp_preview.jpg
1.559446 -0.165278 3.514712 42 157 143 R1 pano_camera3/frame_0006_hp_preview.jpg
1.503508 -0.252809 3.381663 42 157 143 R1 pano_camera3/frame_0007_hp_preview.jpg
1.500067 -0.253859 3.390609 42 157 143 R1 pano_camera3/frame_0008_hp_preview.jpg
1.504929 -0.241650 3.445407 42 157 143 R1 pano_camera3/frame_0009_hp_preview.jpg
1.509161 -0.238400 3.448978 42 157 143 R1 pano_camera3/frame_0010_hp_preview.jpg
1.528297 -0.225497 3.441576 42 157 143 R1 pano_camera3/frame_0011_hp_preview.jpg
1.475498 -0.258287 3.441092 42 157 143 R1 pano_camera3/frame_0012_hp_preview.jpg
1.511238 -0.248296 3.364409 42 157 143 R1 pano_camera3/frame_0013_hp_preview.jpg
1.576032 -0.034106 3.464896 42 157 143 R1 pano_camera3/frame_0014_hp_preview.jpg
1.645145 -0.039701 3.452472 42 157 143 R1 pano_camera3/frame_0015_hp_preview.jpg
1.640052 -0.019993 3.384103 42 157 143 R1 pano_camera3/frame_0016_hp_preview.jpg
1.252560 -0.021604 3.257732 42 157 143 R1 pano_camera3/frame_0017_hp_preview.jpg
0.815595 -0.009738 3.064898 42 157 143 R1 pano_camera3/frame_0018_hp_preview.jpg
0.569353 -0.002841 2.859764 42 157 143 R1 pano_camera3/frame_0019_hp_preview.jpg
0.387813 0.006122 2.550429 42 157 143 R1 pano_camera3/frame_0020_hp_preview.jpg
0.291618 0.000591 1.962133 42 157 143 R1 pano_camera3/frame_0021_hp_preview.jpg
0.201406 -0.001255 0.979256 42 157 143 R1 pano_camera3/frame_0022_hp_preview.jpg
0.124766 -0.010324 0.559453 42 157 143 R1 pano_camera3/frame_0023_hp_preview.jpg
0.136145 -0.010669 0.252920 42 157 143 R1 pano_camera3/frame_0024_hp_preview.jpg
0.380827 -0.004403 -0.254092 42 157 143 R1 pano_camera3/frame_0025_hp_preview.jpg
0.682902 0.015942 -0.491209 42 157 143 R1 pano_camera3/frame_0026_hp_preview.jpg
0.968516 0.015894 -0.586692 42 157 143 R1 pano_camera3/frame_0027_hp_preview.jpg
0.372233 0.010981 -0.868403 42 157 143 R1 pano_camera3/frame_0028_hp_preview.jpg
-0.398526 0.031048 -1.024832 42 157 143 R1 pano_camera3/frame_0029_hp_preview.jpg
-1.094712 0.037508 -1.216377 42 157 143 R1 pano_camera3/frame_0030_hp_preview.jpg
-1.531700 0.060086 -1.481621 42 157 143 R1 pano_camera3/frame_0031_hp_preview.jpg
-1.601625 0.051125 -1.956569 42 157 143 R1 pano_camera3/frame_0032_hp_preview.jpg
-1.476401 0.042503 -2.217361 42 157 143 R1 pano_camera3/frame_0033_hp_preview.jpg
-0.692682 0.057400 -2.565201 42 157 143 R1 pano_camera3/frame_0034_hp_preview.jpg
-0.453399 0.055572 -2.498333 42 157 143 R1 pano_camera3/frame_0035_hp_preview.jpg
0.133898 0.026724 -2.289977 42 157 143 R1 pano_camera3/frame_0036_hp_preview.jpg
0.594238 0.036730 -2.196428 42 157 143 R1 pano_camera3/frame_0037_hp_preview.jpg
1.023142 0.022489 -2.117179 42 157 143 R1 pano_camera3/frame_0038_hp_preview.jpg
1.762815 -0.020197 -2.364448 42 157 143 R1 pano_camera3/frame_0039_hp_preview.jpg
2.105757 0.003269 -2.717279 42 157 143 R1 pano_camera3/frame_0040_hp_preview.jpg
2.151647 0.012313 -2.793836 42 157 143 R1 pano_camera3/frame_0041_hp_preview.jpg
2.521740 0.000381 -3.430301 42 157 143 R1 pano_camera3/frame_0042_hp_preview.jpg
2.895754 0.107553 -3.760996 42 157 143 R1 pano_camera3/frame_0043_hp_preview.jpg
3.343723 0.097146 -3.649906 42 157 143 R1 pano_camera3/frame_0044_hp_preview.jpg
3.999412 0.070638 -3.621285 42 157 143 R1 pano_camera3/frame_0045_hp_preview.jpg
4.137255 0.068425 -3.830085 42 157 143 R1 pano_camera3/frame_0046_hp_preview.jpg
4.107797 0.060739 -3.920363 42 157 143 R1 pano_camera3/frame_0047_hp_preview.jpg
3.931627 0.075499 -4.128413 42 157 143 R1 pano_camera3/frame_0048_hp_preview.jpg
3.322866 0.098408 -4.385367 42 157 143 R1 pano_camera3/frame_0049_hp_preview.jpg
2.506438 0.112765 -4.422082 42 157 143 R1 pano_camera3/frame_0050_hp_preview.jpg
2.471311 0.117263 -4.419005 42 157 143 R1 pano_camera3/frame_0051_hp_preview.jpg
1.639920 0.118643 -4.543220 42 157 143 R1 pano_camera3/frame_0052_hp_preview.jpg
1.453765 0.027664 -4.654366 42 157 143 R1 pano_camera3/frame_0053_hp_preview.jpg
1.260287 0.032246 -4.973766 42 157 143 R1 pano_camera3/frame_0054_hp_preview.jpg
0.472771 0.034114 -5.284531 42 157 143 R1 pano_camera3/frame_0055_hp_preview.jpg
0.088923 0.056989 -5.233766 42 157 143 R1 pano_camera3/frame_0056_hp_preview.jpg
-0.315007 0.057248 -5.129993 42 157 143 R1 pano_camera3/frame_0057_hp_preview.jpg
-0.577594 0.060786 -5.066479 42 157 143 R1 pano_camera3/frame_0058_hp_preview.jpg
-0.863193 0.045009 -4.717390 42 157 143 R1 pano_camera3/frame_0059_hp_preview.jpg
-1.123766 0.063746 -4.157990 42 157 143 R1 pano_camera3/frame_0060_hp_preview.jpg
-1.265437 0.075100 -3.873394 42 157 143 R1 pano_camera3/frame_0061_hp_preview.jpg
-1.540018 0.041468 -2.916415 42 157 143 R1 pano_camera3/frame_0062_hp_preview.jpg
-1.765754 0.052546 -2.200224 42 157 143 R1 pano_camera3/frame_0063_hp_preview.jpg
-1.806760 0.054873 -2.070602 42 157 143 R1 pano_camera3/frame_0064_hp_preview.jpg
-2.302665 0.036251 -1.302625 42 157 143 R1 pano_camera3/frame_0065_hp_preview.jpg
-2.488848 0.041592 -1.170015 42 157 143 R1 pano_camera3/frame_0066_hp_preview.jpg
-3.026974 0.038969 -0.536252 42 157 143 R1 pano_camera3/frame_0067_hp_preview.jpg
-3.342756 0.047825 0.193832 42 157 143 R1 pano_camera3/frame_0068_hp_preview.jpg
-3.387047 0.052828 0.304582 42 157 143 R1 pano_camera3/frame_0069_hp_preview.jpg
-3.256467 0.040388 1.130732 42 157 143 R1 pano_camera3/frame_0070_hp_preview.jpg
-2.812302 0.021235 1.573402 42 157 143 R1 pano_camera3/frame_0071_hp_preview.jpg
-2.354463 0.016235 1.821341 42 157 143 R1 pano_camera3/frame_0072_hp_preview.jpg
-2.264093 0.016934 1.849128 42 157 143 R1 pano_camera3/frame_0073_hp_preview.jpg
-1.640735 0.004964 2.169128 42 157 143 R1 pano_camera3/frame_0074_hp_preview.jpg
-0.961705 0.003252 2.592669 42 157 143 R1 pano_camera3/frame_0075_hp_preview.jpg
-0.694298 -0.012323 2.756076 42 157 143 R1 pano_camera3/frame_0076_hp_preview.jpg
-0.094573 -0.006862 3.105718 42 157 143 R1 pano_camera3/frame_0077_hp_preview.jpg
0.602807 -0.003534 3.487167 42 157 143 R1 pano_camera3/frame_0078_hp_preview.jpg
1.496686 -0.039749 4.120018 42 157 143 R1 pano_camera3/frame_0079_hp_preview.jpg
1.879533 -0.036145 4.697624 42 157 143 R1 pano_camera3/frame_0080_hp_preview.jpg
-2.370647 0.031793 3.109976 42 157 143 R1 pano_camera3/frame_0118_hp_preview.jpg
-2.347309 0.037696 2.653646 42 157 143 R1 pano_camera3/frame_0119_hp_preview.jpg
-2.712901 0.046833 2.037821 42 157 143 R1 pano_camera3/frame_0120_hp_preview.jpg
-3.058192 0.046899 1.801950 42 157 143 R1 pano_camera3/frame_0121_hp_preview.jpg
-3.371167 0.060212 1.663082 42 157 143 R1 pano_camera3/frame_0122_hp_preview.jpg
-4.038553 0.078631 1.544937 42 157 143 R1 pano_camera3/frame_0123_hp_preview.jpg
-4.565483 0.089398 1.689015 42 157 143 R1 pano_camera3/frame_0124_hp_preview.jpg
-4.692649 0.085216 2.035341 42 157 143 R1 pano_camera3/frame_0125_hp_preview.jpg
-4.696246 0.107557 2.248617 42 157 143 R1 pano_camera3/frame_0126_hp_preview.jpg
-4.564638 0.068727 -0.229463 42 157 143 R1 pano_camera3/frame_0197_hp_preview.jpg
-0.636278 -0.341885 2.745204 42 157 143 R1 pano_camera4/frame_0000_hp_preview.jpg
0.654890 -0.400559 3.189560 42 157 143 R1 pano_camera4/frame_0002_hp_preview.jpg
1.319434 -0.371557 3.405753 42 157 143 R1 pano_camera4/frame_0003_hp_preview.jpg
1.680563 -0.356136 3.532994 42 157 143 R1 pano_camera4/frame_0004_hp_preview.jpg
1.745456 -0.109635 3.699926 42 157 143 R1 pano_camera4/frame_0005_hp_preview.jpg
1.559446 -0.165278 3.514712 42 157 143 R1 pano_camera4/frame_0006_hp_preview.jpg
1.503508 -0.252809 3.381663 42 157 143 R1 pano_camera4/frame_0007_hp_preview.jpg
1.500067 -0.253859 3.390609 42 157 143 R1 pano_camera4/frame_0008_hp_preview.jpg
1.504929 -0.241650 3.445407 42 157 143 R1 pano_camera4/frame_0009_hp_preview.jpg
1.509161 -0.238400 3.448978 42 157 143 R1 pano_camera4/frame_0010_hp_preview.jpg
1.528297 -0.225497 3.441576 42 157 143 R1 pano_camera4/frame_0011_hp_preview.jpg
1.475498 -0.258287 3.441092 42 157 143 R1 pano_camera4/frame_0012_hp_preview.jpg
1.511238 -0.248296 3.364409 42 157 143 R1 pano_camera4/frame_0013_hp_preview.jpg
1.576032 -0.034106 3.464896 42 157 143 R1 pano_camera4/frame_0014_hp_preview.jpg
1.645145 -0.039701 3.452472 42 157 143 R1 pano_camera4/frame_0015_hp_preview.jpg
1.640052 -0.019993 3.384103 42 157 143 R1 pano_camera4/frame_0016_hp_preview.jpg
1.252560 -0.021604 3.257732 42 157 143 R1 pano_camera4/frame_0017_hp_preview.jpg
0.815595 -0.009738 3.064898 42 157 143 R1 pano_camera4/frame_0018_hp_preview.jpg
0.569353 -0.002841 2.859764 42 157 143 R1 pano_camera4/frame_0019_hp_preview.jpg
0.387813 0.006122 2.550429 42 157 143 R1 pano_camera4/frame_0020_hp_preview.jpg
0.291618 0.000591 1.962133 42 157 143 R1 pano_camera4/frame_0021_hp_preview.jpg
0.201406 -0.001255 0.979256 42 157 143 R1 pano_camera4/frame_0022_hp_preview.jpg
0.124766 -0.010324 0.559453 42 157 143 R1 pano_camera4/frame_0023_hp_preview.jpg
0.136145 -0.010669 0.252920 42 157 143 R1 pano_camera4/frame_0024_hp_preview.jpg
0.380827 -0.004403 -0.254092 42 157 143 R1 pano_camera4/frame_0025_hp_preview.jpg
0.682902 0.015942 -0.491209 42 157 143 R1 pano_camera4/frame_0026_hp_preview.jpg
0.968516 0.015894 -0.586692 42 157 143 R1 pano_camera4/frame_0027_hp_preview.jpg
0.372233 0.010981 -0.868403 42 157 143 R1 pano_camera4/frame_0028_hp_preview.jpg
-0.398526 0.031048 -1.024832 42 157 143 R1 pano_camera4/frame_0029_hp_preview.jpg
-1.094712 0.037508 -1.216377 42 157 143 R1 pano_camera4/frame_0030_hp_preview.jpg
-1.531700 0.060086 -1.481621 42 157 143 R1 pano_camera4/frame_0031_hp_preview.jpg
-1.601625 0.051125 -1.956569 42 157 143 R1 pano_camera4/frame_0032_hp_preview.jpg
-1.476401 0.042503 -2.217361 42 157 143 R1 pano_camera4/frame_0033_hp_preview.jpg
-0.692682 0.057400 -2.565201 42 157 143 R1 pano_camera4/frame_0034_hp_preview.jpg
-0.453399 0.055572 -2.498333 42 157 143 R1 pano_camera4/frame_0035_hp_preview.jpg
0.133898 0.026724 -2.289977 42 157 143 R1 pano_camera4/frame_0036_hp_preview.jpg
0.594238 0.036730 -2.196428 42 157 143 R1 pano_camera4/frame_0037_hp_preview.jpg
1.023142 0.022489 -2.117179 42 157 143 R1 pano_camera4/frame_0038_hp_preview.jpg
1.762815 -0.020197 -2.364448 42 157 143 R1 pano_camera4/frame_0039_hp_preview.jpg
2.105757 0.003269 -2.717279 42 157 143 R1 pano_camera4/frame_0040_hp_preview.jpg
2.151647 0.012313 -2.793836 42 157 143 R1 pano_camera4/frame_0041_hp_preview.jpg
2.521740 0.000381 -3.430301 42 157 143 R1 pano_camera4/frame_0042_hp_preview.jpg
2.895754 0.107553 -3.760996 42 157 143 R1 pano_camera4/frame_0043_hp_preview.jpg
3.343723 0.097146 -3.649906 42 157 143 R1 pano_camera4/frame_0044_hp_preview.jpg
3.999412 0.070638 -3.621285 42 157 143 R1 pano_camera4/frame_0045_hp_preview.jpg
4.137255 0.068425 -3.830085 42 157 143 R1 pano_camera4/frame_0046_hp_preview.jpg
4.107797 0.060739 -3.920363 42 157 143 R1 pano_camera4/frame_0047_hp_preview.jpg
3.931627 0.075499 -4.128413 42 157 143 R1 pano_camera4/frame_0048_hp_preview.jpg
3.322866 0.098408 -4.385367 42 157 143 R1 pano_camera4/frame_0049_hp_preview.jpg
2.506438 0.112765 -4.422082 42 157 143 R1 pano_camera4/frame_0050_hp_preview.jpg
2.471311 0.117263 -4.419005 42 157 143 R1 pano_camera4/frame_0051_hp_preview.jpg
1.639920 0.118643 -4.543220 42 157 143 R1 pano_camera4/frame_0052_hp_preview.jpg
1.453765 0.027664 -4.654366 42 157 143 R1 pano_camera4/frame_0053_hp_preview.jpg
1.260287 0.032246 -4.973766 42 157 143 R1 pano_camera4/frame_0054_hp_preview.jpg
0.472771 0.034114 -5.284531 42 157 143 R1 pano_camera4/frame_0055_hp_preview.jpg
0.088923 0.056989 -5.233766 42 157 143 R1 pano_camera4/frame_0056_hp_preview.jpg
-0.315007 0.057248 -5.129993 42 157 143 R1 pano_camera4/frame_0057_hp_preview.jpg
-0.577594 0.060786 -5.066479 42 157 143 R1 pano_camera4/frame_0058_hp_preview.jpg
-0.863193 0.045009 -4.717390 42 157 143 R1 pano_camera4/frame_0059_hp_preview.jpg
-1.123766 0.063746 -4.157990 42 157 143 R1 pano_camera4/frame_0060_hp_preview.jpg
-1.265437 0.075100 -3.873394 42 157 143 R1 pano_camera4/frame_0061_hp_preview.jpg
-1.540018 0.041468 -2.916415 42 157 143 R1 pano_camera4/frame_0062_hp_preview.jpg
-1.765754 0.052546 -2.200224 42 157 143 R1 pano_camera4/frame_0063_hp_preview.jpg
-1.806760 0.054873 -2.070602 42 157 143 R1 pano_camera4/frame_0064_hp_preview.jpg
-2.302665 0.036251 -1.302625 42 157 143 R1 pano_camera4/frame_0065_hp_preview.jpg
-2.488848 0.041592 -1.170015 42 157 143 R1 pano_camera4/frame_0066_hp_preview.jpg
-3.026974 0.038969 -0.536252 42 157 143 R1 pano_camera4/frame_0067_hp_preview.jpg
-3.342756 0.047825 0.193832 42 157 143 R1 pano_camera4/frame_0068_hp_preview.jpg
-3.387047 0.052828 0.304582 42 157 143 R1 pano_camera4/frame_0069_hp_preview.jpg
-3.256467 0.040388 1.130732 42 157 143 R1 pano_camera4/frame_0070_hp_preview.jpg
-2.812302 0.021235 1.573402 42 157 143 R1 pano_camera4/frame_0071_hp_preview.jpg
-2.354463 0.016235 1.821341 42 157 143 R1 pano_camera4/frame_0072_hp_preview.jpg
-2.264093 0.016934 1.849128 42 157 143 R1 pano_camera4/frame_0073_hp_preview.jpg
-1.640735 0.004964 2.169128 42 157 143 R1 pano_camera4/frame_0074_hp_preview.jpg
-0.961705 0.003252 2.592669 42 157 143 R1 pano_camera4/frame_0075_hp_preview.jpg
-0.694298 -0.012323 2.756076 42 157 143 R1 pano_camera4/frame_0076_hp_preview.jpg
-0.094573 -0.006862 3.105718 42 157 143 R1 pano_camera4/frame_0077_hp_preview.jpg
0.602807 -0.003534 3.487167 42 157 143 R1 pano_camera4/frame_0078_hp_preview.jpg
1.496686 -0.039749 4.120018 42 157 143 R1 pano_camera4/frame_0079_hp_preview.jpg
1.879533 -0.036145 4.697624 42 157 143 R1 pano_camera4/frame_0080_hp_preview.jpg
-2.370647 0.031793 3.109976 42 157 143 R1 pano_camera4/frame_0118_hp_preview.jpg
-2.347309 0.037696 2.653646 42 157 143 R1 pano_camera4/frame_0119_hp_preview.jpg
-2.712901 0.046833 2.037821 42 157 143 R1 pano_camera4/frame_0120_hp_preview.jpg
-3.058192 0.046899 1.801950 42 157 143 R1 pano_camera4/frame_0121_hp_preview.jpg
-3.371167 0.060212 1.663082 42 157 143 R1 pano_camera4/frame_0122_hp_preview.jpg
-4.038553 0.078631 1.544937 42 157 143 R1 pano_camera4/frame_0123_hp_preview.jpg
-4.565483 0.089398 1.689015 42 157 143 R1 pano_camera4/frame_0124_hp_preview.jpg
-4.692649 0.085216 2.035341 42 157 143 R1 pano_camera4/frame_0125_hp_preview.jpg
-4.696246 0.107557 2.248617 42 157 143 R1 pano_camera4/frame_0126_hp_preview.jpg
-4.564638 0.068727 -0.229463 42 157 143 R1 pano_camera4/frame_0197_hp_preview.jpg
-0.636278 -0.341885 2.745204 42 157 143 R1 pano_camera5/frame_0000_hp_preview.jpg
0.654890 -0.400559 3.189560 42 157 143 R1 pano_camera5/frame_0002_hp_preview.jpg
1.319434 -0.371557 3.405753 42 157 143 R1 pano_camera5/frame_0003_hp_preview.jpg
1.680563 -0.356136 3.532994 42 157 143 R1 pano_camera5/frame_0004_hp_preview.jpg
1.745456 -0.109635 3.699926 42 157 143 R1 pano_camera5/frame_0005_hp_preview.jpg
1.559446 -0.165278 3.514712 42 157 143 R1 pano_camera5/frame_0006_hp_preview.jpg
1.503508 -0.252809 3.381663 42 157 143 R1 pano_camera5/frame_0007_hp_preview.jpg
1.500067 -0.253859 3.390609 42 157 143 R1 pano_camera5/frame_0008_hp_preview.jpg
1.504929 -0.241650 3.445407 42 157 143 R1 pano_camera5/frame_0009_hp_preview.jpg
1.509161 -0.238400 3.448978 42 157 143 R1 pano_camera5/frame_0010_hp_preview.jpg
1.528297 -0.225497 3.441576 42 157 143 R1 pano_camera5/frame_0011_hp_preview.jpg
1.475498 -0.258287 3.441092 42 157 143 R1 pano_camera5/frame_0012_hp_preview.jpg
1.511238 -0.248296 3.364409 42 157 143 R1 pano_camera5/frame_0013_hp_preview.jpg
1.576032 -0.034106 3.464896 42 157 143 R1 pano_camera5/frame_0014_hp_preview.jpg
1.645145 -0.039701 3.452472 42 157 143 R1 pano_camera5/frame_0015_hp_preview.jpg
1.640052 -0.019993 3.384103 42 157 143 R1 pano_camera5/frame_0016_hp_preview.jpg
1.252560 -0.021604 3.257732 42 157 143 R1 pano_camera5/frame_0017_hp_preview.jpg
0.815595 -0.009738 3.064898 42 157 143 R1 pano_camera5/frame_0018_hp_preview.jpg
0.569353 -0.002841 2.859764 42 157 143 R1 pano_camera5/frame_0019_hp_preview.jpg
0.387813 0.006122 2.550429 42 157 143 R1 pano_camera5/frame_0020_hp_preview.jpg
0.291618 0.000591 1.962133 42 157 143 R1 pano_camera5/frame_0021_hp_preview.jpg
0.201406 -0.001255 0.979256 42 157 143 R1 pano_camera5/frame_0022_hp_preview.jpg
0.124766 -0.010324 0.559453 42 157 143 R1 pano_camera5/frame_0023_hp_preview.jpg
0.136145 -0.010669 0.252920 42 157 143 R1 pano_camera5/frame_0024_hp_preview.jpg
0.380827 -0.004403 -0.254092 42 157 143 R1 pano_camera5/frame_0025_hp_preview.jpg
0.682902 0.015942 -0.491209 42 157 143 R1 pano_camera5/frame_0026_hp_preview.jpg
0.968516 0.015894 -0.586692 42 157 143 R1 pano_camera5/frame_0027_hp_preview.jpg
0.372233 0.010981 -0.868403 42 157 143 R1 pano_camera5/frame_0028_hp_preview.jpg
-0.398526 0.031048 -1.024832 42 157 143 R1 pano_camera5/frame_0029_hp_preview.jpg
-1.094712 0.037508 -1.216377 42 157 143 R1 pano_camera5/frame_0030_hp_preview.jpg
-1.531700 0.060086 -1.481621 42 157 143 R1 pano_camera5/frame_0031_hp_preview.jpg
-1.601625 0.051125 -1.956569 42 157 143 R1 pano_camera5/frame_0032_hp_preview.jpg
-1.476401 0.042503 -2.217361 42 157 143 R1 pano_camera5/frame_0033_hp_preview.jpg
-0.692682 0.057400 -2.565201 42 157 143 R1 pano_camera5/frame_0034_hp_preview.jpg
-0.453399 0.055572 -2.498333 42 157 143 R1 pano_camera5/frame_0035_hp_preview.jpg
0.133898 0.026724 -2.289977 42 157 143 R1 pano_camera5/frame_0036_hp_preview.jpg
0.594238 0.036730 -2.196428 42 157 143 R1 pano_camera5/frame_0037_hp_preview.jpg
1.023142 0.022489 -2.117179 42 157 143 R1 pano_camera5/frame_0038_hp_preview.jpg
1.762815 -0.020197 -2.364448 42 157 143 R1 pano_camera5/frame_0039_hp_preview.jpg
2.105757 0.003269 -2.717279 42 157 143 R1 pano_camera5/frame_0040_hp_preview.jpg
2.151647 0.012313 -2.793836 42 157 143 R1 pano_camera5/frame_0041_hp_preview.jpg
2.521740 0.000381 -3.430301 42 157 143 R1 pano_camera5/frame_0042_hp_preview.jpg
2.895754 0.107553 -3.760996 42 157 143 R1 pano_camera5/frame_0043_hp_preview.jpg
3.343723 0.097146 -3.649906 42 157 143 R1 pano_camera5/frame_0044_hp_preview.jpg
3.999412 0.070638 -3.621285 42 157 143 R1 pano_camera5/frame_0045_hp_preview.jpg
4.137255 0.068425 -3.830085 42 157 143 R1 pano_camera5/frame_0046_hp_preview.jpg
4.107797 0.060739 -3.920363 42 157 143 R1 pano_camera5/frame_0047_hp_preview.jpg
3.931627 0.075499 -4.128413 42 157 143 R1 pano_camera5/frame_0048_hp_preview.jpg
3.322866 0.098408 -4.385367 42 157 143 R1 pano_camera5/frame_0049_hp_preview.jpg
2.506438 0.112765 -4.422082 42 157 143 R1 pano_camera5/frame_0050_hp_preview.jpg
2.471311 0.117263 -4.419005 42 157 143 R1 pano_camera5/frame_0051_hp_preview.jpg
1.639920 0.118643 -4.543220 42 157 143 R1 pano_camera5/frame_0052_hp_preview.jpg
1.453765 0.027664 -4.654366 42 157 143 R1 pano_camera5/frame_0053_hp_preview.jpg
1.260287 0.032246 -4.973766 42 157 143 R1 pano_camera5/frame_0054_hp_preview.jpg
0.472771 0.034114 -5.284531 42 157 143 R1 pano_camera5/frame_0055_hp_preview.jpg
0.088923 0.056989 -5.233766 42 157 143 R1 pano_camera5/frame_0056_hp_preview.jpg
-0.315007 0.057248 -5.129993 42 157 143 R1 pano_camera5/frame_0057_hp_preview.jpg
-0.577594 0.060786 -5.066479 42 157 143 R1 pano_camera5/frame_0058_hp_preview.jpg
-0.863193 0.045009 -4.717390 42 157 143 R1 pano_camera5/frame_0059_hp_preview.jpg
-1.123766 0.063746 -4.157990 42 157 143 R1 pano_camera5/frame_0060_hp_preview.jpg
-1.265437 0.075100 -3.873394 42 157 143 R1 pano_camera5/frame_0061_hp_preview.jpg
-1.540018 0.041468 -2.916415 42 157 143 R1 pano_camera5/frame_0062_hp_preview.jpg
-1.765754 0.052546 -2.200224 42 157 143 R1 pano_camera5/frame_0063_hp_preview.jpg
-1.806760 0.054873 -2.070602 42 157 143 R1 pano_camera5/frame_0064_hp_preview.jpg
-2.302665 0.036251 -1.302625 42 157 143 R1 pano_camera5/frame_0065_hp_preview.jpg
-2.488848 0.041592 -1.170015 42 157 143 R1 pano_camera5/frame_0066_hp_preview.jpg
-3.026974 0.038969 -0.536252 42 157 143 R1 pano_camera5/frame_0067_hp_preview.jpg
-3.342756 0.047825 0.193832 42 157 143 R1 pano_camera5/frame_0068_hp_preview.jpg
-3.387047 0.052828 0.304582 42 157 143 R1 pano_camera5/frame_0069_hp_preview.jpg
-3.256467 0.040388 1.130732 42 157 143 R1 pano_camera5/frame_0070_hp_preview.jpg
-2.812302 0.021235 1.573402 42 157 143 R1 pano_camera5/frame_0071_hp_preview.jpg
-2.354463 0.016235 1.821341 42 157 143 R1 pano_camera5/frame_0072_hp_preview.jpg
-2.264093 0.016934 1.849128 42 157 143 R1 pano_camera5/frame_0073_hp_preview.jpg
-1.640735 0.004964 2.169128 42 157 143 R1 pano_camera5/frame_0074_hp_preview.jpg
-0.961705 0.003252 2.592669 42 157 143 R1 pano_camera5/frame_0075_hp_preview.jpg
-0.694298 -0.012323 2.756076 42 157 143 R1 pano_camera5/frame_0076_hp_preview.jpg
-0.094573 -0.006862 3.105718 42 157 143 R1 pano_camera5/frame_0077_hp_preview.jpg
0.602807 -0.003534 3.487167 42 157 143 R1 pano_camera5/frame_0078_hp_preview.jpg
1.496686 -0.039749 4.120018 42 157 143 R1 pano_camera5/frame_0079_hp_preview.jpg
1.879533 -0.036145 4.697624 42 157 143 R1 pano_camera5/frame_0080_hp_preview.jpg
-2.370647 0.031793 3.109976 42 157 143 R1 pano_camera5/frame_0118_hp_preview.jpg
-2.347309 0.037696 2.653646 42 157 143 R1 pano_camera5/frame_0119_hp_preview.jpg
-2.712901 0.046833 2.037821 42 157 143 R1 pano_camera5/frame_0120_hp_preview.jpg
-3.058192 0.046899 1.801950 42 157 143 R1 pano_camera5/frame_0121_hp_preview.jpg
-3.371167 0.060212 1.663082 42 157 143 R1 pano_camera5/frame_0122_hp_preview.jpg
-4.038553 0.078631 1.544937 42 157 143 R1 pano_camera5/frame_0123_hp_preview.jpg
-4.565483 0.089398 1.689015 42 157 143 R1 pano_camera5/frame_0124_hp_preview.jpg
-4.692649 0.085216 2.035341 42 157 143 R1 pano_camera5/frame_0125_hp_preview.jpg
-4.696246 0.107557 2.248617 42 157 143 R1 pano_camera5/frame_0126_hp_preview.jpg
-4.564638 0.068727 -0.229463 42 157 143 R1 pano_camera5/frame_0197_hp_preview.jpg
-0.636278 -0.341885 2.745204 42 157 143 R1 pano_camera6/frame_0000_hp_preview.jpg
0.654890 -0.400559 3.189560 42 157 143 R1 pano_camera6/frame_0002_hp_preview.jpg
1.319434 -0.371557 3.405753 42 157 143 R1 pano_camera6/frame_0003_hp_preview.jpg
1.680563 -0.356136 3.532994 42 157 143 R1 pano_camera6/frame_0004_hp_preview.jpg
1.745456 -0.109635 3.699926 42 157 143 R1 pano_camera6/frame_0005_hp_preview.jpg
1.559446 -0.165278 3.514712 42 157 143 R1 pano_camera6/frame_0006_hp_preview.jpg
1.503508 -0.252809 3.381663 42 157 143 R1 pano_camera6/frame_0007_hp_preview.jpg
1.500067 -0.253859 3.390609 42 157 143 R1 pano_camera6/frame_0008_hp_preview.jpg
1.504929 -0.241650 3.445407 42 157 143 R1 pano_camera6/frame_0009_hp_preview.jpg
1.509161 -0.238400 3.448978 42 157 143 R1 pano_camera6/frame_0010_hp_preview.jpg
1.528297 -0.225497 3.441576 42 157 143 R1 pano_camera6/frame_0011_hp_preview.jpg
1.475498 -0.258287 3.441092 42 157 143 R1 pano_camera6/frame_0012_hp_preview.jpg
1.511238 -0.248296 3.364409 42 157 143 R1 pano_camera6/frame_0013_hp_preview.jpg
1.576032 -0.034106 3.464896 42 157 143 R1 pano_camera6/frame_0014_hp_preview.jpg
1.645145 -0.039701 3.452472 42 157 143 R1 pano_camera6/frame_0015_hp_preview.jpg
1.640052 -0.019993 3.384103 42 157 143 R1 pano_camera6/frame_0016_hp_preview.jpg
1.252560 -0.021604 3.257732 42 157 143 R1 pano_camera6/frame_0017_hp_preview.jpg
0.815595 -0.009738 3.064898 42 157 143 R1 pano_camera6/frame_0018_hp_preview.jpg
0.569353 -0.002841 2.859764 42 157 143 R1 pano_camera6/frame_0019_hp_preview.jpg
0.387813 0.006122 2.550429 42 157 143 R1 pano_camera6/frame_0020_hp_preview.jpg
0.291618 0.000591 1.962133 42 157 143 R1 pano_camera6/frame_0021_hp_preview.jpg
0.201406 -0.001255 0.979256 42 157 143 R1 pano_camera6/frame_0022_hp_preview.jpg
0.124766 -0.010324 0.559453 42 157 143 R1 pano_camera6/frame_0023_hp_preview.jpg
0.136145 -0.010669 0.252920 42 157 143 R1 pano_camera6/frame_0024_hp_preview.jpg
0.380827 -0.004403 -0.254092 42 157 143 R1 pano_camera6/frame_0025_hp_preview.jpg
0.682902 0.015942 -0.491209 42 157 143 R1 pano_camera6/frame_0026_hp_preview.jpg
0.968516 0.015894 -0.586692 42 157 143 R1 pano_camera6/frame_0027_hp_preview.jpg
0.372233 0.010981 -0.868403 42 157 143 R1 pano_camera6/frame_0028_hp_preview.jpg
-0.398526 0.031048 -1.024832 42 157 143 R1 pano_camera6/frame_0029_hp_preview.jpg
-1.094712 0.037508 -1.216377 42 157 143 R1 pano_camera6/frame_0030_hp_preview.jpg
-1.531700 0.060086 -1.481621 42 157 143 R1 pano_camera6/frame_0031_hp_preview.jpg
-1.601625 0.051125 -1.956569 42 157 143 R1 pano_camera6/frame_0032_hp_preview.jpg
-1.476401 0.042503 -2.217361 42 157 143 R1 pano_camera6/frame_0033_hp_preview.jpg
-0.692682 0.057400 -2.565201 42 157 143 R1 pano_camera6/frame_0034_hp_preview.jpg
-0.453399 0.055572 -2.498333 42 157 143 R1 pano_camera6/frame_0035_hp_preview.jpg
0.133898 0.026724 -2.289977 42 157 143 R1 pano_camera6/frame_0036_hp_preview.jpg
0.594238 0.036730 -2.196428 42 157 143 R1 pano_camera6/frame_0037_hp_preview.jpg
1.023142 0.022489 -2.117179 42 157 143 R1 pano_camera6/frame_0038_hp_preview.jpg
1.762815 -0.020197 -2.364448 42 157 143 R1 pano_camera6/frame_0039_hp_preview.jpg
2.105757 0.003269 -2.717279 42 157 143 R1 pano_camera6/frame_0040_hp_preview.jpg
2.151647 0.012313 -2.793836 42 157 143 R1 pano_camera6/frame_0041_hp_preview.jpg
2.521740 0.000381 -3.430301 42 157 143 R1 pano_camera6/frame_0042_hp_preview.jpg
2.895754 0.107553 -3.760996 42 157 143 R1 pano_camera6/frame_0043_hp_preview.jpg
3.343723 0.097146 -3.649906 42 157 143 R1 pano_camera6/frame_0044_hp_preview.jpg
3.999412 0.070638 -3.621285 42 157 143 R1 pano_camera6/frame_0045_hp_preview.jpg
4.137255 0.068425 -3.830085 42 157 143 R1 pano_camera6/frame_0046_hp_preview.jpg
4.107797 0.060739 -3.920363 42 157 143 R1 pano_camera6/frame_0047_hp_preview.jpg
3.931627 0.075499 -4.128413 42 157 143 R1 pano_camera6/frame_0048_hp_preview.jpg
3.322866 0.098408 -4.385367 42 157 143 R1 pano_camera6/frame_0049_hp_preview.jpg
2.506438 0.112765 -4.422082 42 157 143 R1 pano_camera6/frame_0050_hp_preview.jpg
2.471311 0.117263 -4.419005 42 157 143 R1 pano_camera6/frame_0051_hp_preview.jpg
1.639920 0.118643 -4.543220 42 157 143 R1 pano_camera6/frame_0052_hp_preview.jpg
1.453765 0.027664 -4.654366 42 157 143 R1 pano_camera6/frame_0053_hp_preview.jpg
1.260287 0.032246 -4.973766 42 157 143 R1 pano_camera6/frame_0054_hp_preview.jpg
0.472771 0.034114 -5.284531 42 157 143 R1 pano_camera6/frame_0055_hp_preview.jpg
0.088923 0.056989 -5.233766 42 157 143 R1 pano_camera6/frame_0056_hp_preview.jpg
-0.315007 0.057248 -5.129993 42 157 143 R1 pano_camera6/frame_0057_hp_preview.jpg
-0.577594 0.060786 -5.066479 42 157 143 R1 pano_camera6/frame_0058_hp_preview.jpg
-0.863193 0.045009 -4.717390 42 157 143 R1 pano_camera6/frame_0059_hp_preview.jpg
-1.123766 0.063746 -4.157990 42 157 143 R1 pano_camera6/frame_0060_hp_preview.jpg
-1.265437 0.075100 -3.873394 42 157 143 R1 pano_camera6/frame_0061_hp_preview.jpg
-1.540018 0.041468 -2.916415 42 157 143 R1 pano_camera6/frame_0062_hp_preview.jpg
-1.765754 0.052546 -2.200224 42 157 143 R1 pano_camera6/frame_0063_hp_preview.jpg
-1.806760 0.054873 -2.070602 42 157 143 R1 pano_camera6/frame_0064_hp_preview.jpg
-2.302665 0.036251 -1.302625 42 157 143 R1 pano_camera6/frame_0065_hp_preview.jpg
-2.488848 0.041592 -1.170015 42 157 143 R1 pano_camera6/frame_0066_hp_preview.jpg
-3.026974 0.038969 -0.536252 42 157 143 R1 pano_camera6/frame_0067_hp_preview.jpg
-3.342756 0.047825 0.193832 42 157 143 R1 pano_camera6/frame_0068_hp_preview.jpg
-3.387047 0.052828 0.304582 42 157 143 R1 pano_camera6/frame_0069_hp_preview.jpg
-3.256467 0.040388 1.130732 42 157 143 R1 pano_camera6/frame_0070_hp_preview.jpg
-2.812302 0.021235 1.573402 42 157 143 R1 pano_camera6/frame_0071_hp_preview.jpg
-2.354463 0.016235 1.821341 42 157 143 R1 pano_camera6/frame_0072_hp_preview.jpg
-2.264093 0.016934 1.849128 42 157 143 R1 pano_camera6/frame_0073_hp_preview.jpg
-1.640735 0.004964 2.169128 42 157 143 R1 pano_camera6/frame_0074_hp_preview.jpg
-0.961705 0.003252 2.592669 42 157 143 R1 pano_camera6/frame_0075_hp_preview.jpg
-0.694298 -0.012323 2.756076 42 157 143 R1 pano_camera6/frame_0076_hp_preview.jpg
-0.094573 -0.006862 3.105718 42 157 143 R1 pano_camera6/frame_0077_hp_preview.jpg
0.602807 -0.003534 3.487167 42 157 143 R1 pano_camera6/frame_0078_hp_preview.jpg
1.496686 -0.039749 4.120018 42 157 143 R1 pano_camera6/frame_0079_hp_preview.jpg
1.879533 -0.036145 4.697624 42 157 143 R1 pano_camera6/frame_0080_hp_preview.jpg
-2.370647 0.031793 3.109976 42 157 143 R1 pano_camera6/frame_0118_hp_preview.jpg
-2.347309 0.037696 2.653646 42 157 143 R1 pano_camera6/frame_0119_hp_preview.jpg
-2.712901 0.046833 2.037821 42 157 143 R1 pano_camera6/frame_0120_hp_preview.jpg
-3.058192 0.046899 1.801950 42 157 143 R1 pano_camera6/frame_0121_hp_preview.jpg
-3.371167 0.060212 1.663082 42 157 143 R1 pano_camera6/frame_0122_hp_preview.jpg
-4.038553 0.078631 1.544937 42 157 143 R1 pano_camera6/frame_0123_hp_preview.jpg
-4.565483 0.089398 1.689015 42 157 143 R1 pano_camera6/frame_0124_hp_preview.jpg
-4.692649 0.085216 2.035341 42 157 143 R1 pano_camera6/frame_0125_hp_preview.jpg
-4.696246 0.107557 2.248617 42 157 143 R1 pano_camera6/frame_0126_hp_preview.jpg
-4.564638 0.068727 -0.229463 42 157 143 R1 pano_camera6/frame_0197_hp_preview.jpg
-0.636278 -0.341885 2.745204 42 157 143 R1 pano_camera7/frame_0000_hp_preview.jpg
0.654890 -0.400559 3.189560 42 157 143 R1 pano_camera7/frame_0002_hp_preview.jpg
1.319434 -0.371557 3.405753 42 157 143 R1 pano_camera7/frame_0003_hp_preview.jpg
1.680563 -0.356136 3.532994 42 157 143 R1 pano_camera7/frame_0004_hp_preview.jpg
1.745456 -0.109635 3.699926 42 157 143 R1 pano_camera7/frame_0005_hp_preview.jpg
1.559446 -0.165278 3.514712 42 157 143 R1 pano_camera7/frame_0006_hp_preview.jpg
1.503508 -0.252809 3.381663 42 157 143 R1 pano_camera7/frame_0007_hp_preview.jpg
1.500067 -0.253859 3.390609 42 157 143 R1 pano_camera7/frame_0008_hp_preview.jpg
1.504929 -0.241650 3.445407 42 157 143 R1 pano_camera7/frame_0009_hp_preview.jpg
1.509161 -0.238400 3.448978 42 157 143 R1 pano_camera7/frame_0010_hp_preview.jpg
1.528297 -0.225497 3.441576 42 157 143 R1 pano_camera7/frame_0011_hp_preview.jpg
1.475498 -0.258287 3.441092 42 157 143 R1 pano_camera7/frame_0012_hp_preview.jpg
1.511238 -0.248296 3.364409 42 157 143 R1 pano_camera7/frame_0013_hp_preview.jpg
1.576032 -0.034106 3.464896 42 157 143 R1 pano_camera7/frame_0014_hp_preview.jpg
1.645145 -0.039701 3.452472 42 157 143 R1 pano_camera7/frame_0015_hp_preview.jpg
1.640052 -0.019993 3.384103 42 157 143 R1 pano_camera7/frame_0016_hp_preview.jpg
1.252560 -0.021604 3.257732 42 157 143 R1 pano_camera7/frame_0017_hp_preview.jpg
0.815595 -0.009738 3.064898 42 157 143 R1 pano_camera7/frame_0018_hp_preview.jpg
0.569353 -0.002841 2.859764 42 157 143 R1 pano_camera7/frame_0019_hp_preview.jpg
0.387813 0.006122 2.550429 42 157 143 R1 pano_camera7/frame_0020_hp_preview.jpg
0.291618 0.000591 1.962133 42 157 143 R1 pano_camera7/frame_0021_hp_preview.jpg
0.201406 -0.001255 0.979256 42 157 143 R1 pano_camera7/frame_0022_hp_preview.jpg
0.124766 -0.010324 0.559453 42 157 143 R1 pano_camera7/frame_0023_hp_preview.jpg
0.136145 -0.010669 0.252920 42 157 143 R1 pano_camera7/frame_0024_hp_preview.jpg
0.380827 -0.004403 -0.254092 42 157 143 R1 pano_camera7/frame_0025_hp_preview.jpg
0.682902 0.015942 -0.491209 42 157 143 R1 pano_camera7/frame_0026_hp_preview.jpg
0.968516 0.015894 -0.586692 42 157 143 R1 pano_camera7/frame_0027_hp_preview.jpg
0.372233 0.010981 -0.868403 42 157 143 R1 pano_camera7/frame_0028_hp_preview.jpg
-0.398526 0.031048 -1.024832 42 157 143 R1 pano_camera7/frame_0029_hp_preview.jpg
-1.094712 0.037508 -1.216377 42 157 143 R1 pano_camera7/frame_0030_hp_preview.jpg
-1.531700 0.060086 -1.481621 42 157 143 R1 pano_camera7/frame_0031_hp_preview.jpg
-1.601625 0.051125 -1.956569 42 157 143 R1 pano_camera7/frame_0032_hp_preview.jpg
-1.476401 0.042503 -2.217361 42 157 143 R1 pano_camera7/frame_0033_hp_preview.jpg
-0.692682 0.057400 -2.565201 42 157 143 R1 pano_camera7/frame_0034_hp_preview.jpg
-0.453399 0.055572 -2.498333 42 157 143 R1 pano_camera7/frame_0035_hp_preview.jpg
0.133898 0.026724 -2.289977 42 157 143 R1 pano_camera7/frame_0036_hp_preview.jpg
0.594238 0.036730 -2.196428 42 157 143 R1 pano_camera7/frame_0037_hp_preview.jpg
1.023142 0.022489 -2.117179 42 157 143 R1 pano_camera7/frame_0038_hp_preview.jpg
1.762815 -0.020197 -2.364448 42 157 143 R1 pano_camera7/frame_0039_hp_preview.jpg
2.105757 0.003269 -2.717279 42 157 143 R1 pano_camera7/frame_0040_hp_preview.jpg
2.151647 0.012313 -2.793836 42 157 143 R1 pano_camera7/frame_0041_hp_preview.jpg
2.521740 0.000381 -3.430301 42 157 143 R1 pano_camera7/frame_0042_hp_preview.jpg
2.895754 0.107553 -3.760996 42 157 143 R1 pano_camera7/frame_0043_hp_preview.jpg
3.343723 0.097146 -3.649906 42 157 143 R1 pano_camera7/frame_0044_hp_preview.jpg
3.999412 0.070638 -3.621285 42 157 143 R1 pano_camera7/frame_0045_hp_preview.jpg
4.137255 0.068425 -3.830085 42 157 143 R1 pano_camera7/frame_0046_hp_preview.jpg
4.107797 0.060739 -3.920363 42 157 143 R1 pano_camera7/frame_0047_hp_preview.jpg
3.931627 0.075499 -4.128413 42 157 143 R1 pano_camera7/frame_0048_hp_preview.jpg
3.322866 0.098408 -4.385367 42 157 143 R1 pano_camera7/frame_0049_hp_preview.jpg
2.506438 0.112765 -4.422082 42 157 143 R1 pano_camera7/frame_0050_hp_preview.jpg
2.471311 0.117263 -4.419005 42 157 143 R1 pano_camera7/frame_0051_hp_preview.jpg
1.639920 0.118643 -4.543220 42 157 143 R1 pano_camera7/frame_0052_hp_preview.jpg
1.453765 0.027664 -4.654366 42 157 143 R1 pano_camera7/frame_0053_hp_preview.jpg
1.260287 0.032246 -4.973766 42 157 143 R1 pano_camera7/frame_0054_hp_preview.jpg
0.472771 0.034114 -5.284531 42 157 143 R1 pano_camera7/frame_0055_hp_preview.jpg
0.088923 0.056989 -5.233766 42 157 143 R1 pano_camera7/frame_0056_hp_preview.jpg
-0.315007 0.057248 -5.129993 42 157 143 R1 pano_camera7/frame_0057_hp_preview.jpg
-0.577594 0.060786 -5.066479 42 157 143 R1 pano_camera7/frame_0058_hp_preview.jpg
-0.863193 0.045009 -4.717390 42 157 143 R1 pano_camera7/frame_0059_hp_preview.jpg
-1.123766 0.063746 -4.157990 42 157 143 R1 pano_camera7/frame_0060_hp_preview.jpg
-1.265437 0.075100 -3.873394 42 157 143 R1 pano_camera7/frame_0061_hp_preview.jpg
-1.540018 0.041468 -2.916415 42 157 143 R1 pano_camera7/frame_0062_hp_preview.jpg
-1.765754 0.052546 -2.200224 42 157 143 R1 pano_camera7/frame_0063_hp_preview.jpg
-1.806760 0.054873 -2.070602 42 157 143 R1 pano_camera7/frame_0064_hp_preview.jpg
-2.302665 0.036251 -1.302625 42 157 143 R1 pano_camera7/frame_0065_hp_preview.jpg
-2.488848 0.041592 -1.170015 42 157 143 R1 pano_camera7/frame_0066_hp_preview.jpg
-3.026974 0.038969 -0.536252 42 157 143 R1 pano_camera7/frame_0067_hp_preview.jpg
-3.342756 0.047825 0.193832 42 157 143 R1 pano_camera7/frame_0068_hp_preview.jpg
-3.387047 0.052828 0.304582 42 157 143 R1 pano_camera7/frame_0069_hp_preview.jpg
-3.256467 0.040388 1.130732 42 157 143 R1 pano_camera7/frame_0070_hp_preview.jpg
-2.812302 0.021235 1.573402 42 157 143 R1 pano_camera7/frame_0071_hp_preview.jpg
-2.354463 0.016235 1.821341 42 157 143 R1 pano_camera7/frame_0072_hp_preview.jpg
-2.264093 0.016934 1.849128 42 157 143 R1 pano_camera7/frame_0073_hp_preview.jpg
-1.640735 0.004964 2.169128 42 157 143 R1 pano_camera7/frame_0074_hp_preview.jpg
-0.961705 0.003252 2.592669 42 157 143 R1 pano_camera7/frame_0075_hp_preview.jpg
-0.694298 -0.012323 2.756076 42 157 143 R1 pano_camera7/frame_0076_hp_preview.jpg
-0.094573 -0.006862 3.105718 42 157 143 R1 pano_camera7/frame_0077_hp_preview.jpg
0.602807 -0.003534 3.487167 42 157 143 R1 pano_camera7/frame_0078_hp_preview.jpg
1.496686 -0.039749 4.120018 42 157 143 R1 pano_camera7/frame_0079_hp_preview.jpg
1.879533 -0.036145 4.697624 42 157 143 R1 pano_camera7/frame_0080_hp_preview.jpg
-2.370647 0.031793 3.109976 42 157 143 R1 pano_camera7/frame_0118_hp_preview.jpg
-2.347309 0.037696 2.653646 42 157 143 R1 pano_camera7/frame_0119_hp_preview.jpg
-2.712901 0.046833 2.037821 42 157 143 R1 pano_camera7/frame_0120_hp_preview.jpg
-3.058192 0.046899 1.801950 42 157 143 R1 pano_camera7/frame_0121_hp_preview.jpg
-3.371167 0.060212 1.663082 42 157 143 R1 pano_camera7/frame_0122_hp_preview.jpg
-4.038553 0.078631 1.544937 42 157 143 R1 pano_camera7/frame_0123_hp_preview.jpg
-4.565483 0.089398 1.689015 42 157 143 R1 pano_camera7/frame_0124_hp_preview.jpg
-4.692649 0.085216 2.035341 42 157 143 R1 pano_camera7/frame_0125_hp_preview.jpg
-4.696246 0.107557 2.248617 42 157 143 R1 pano_camera7/frame_0126_hp_preview.jpg
-4.564638 0.068727 -0.229463 42 157 143 R1 pano_camera7/frame_0197_hp_preview.jpg

# Object R2: DeepBlue (88 points)
# Transform: Pos(0.000, 0.000, 0.000) Scale(1.000, 1.000, 1.000) Quat(0.000, 0.000, 0.000, 1.000)
-4.332475 -0.139614 3.327401 38 70 83 R2 pano_camera0/frame_0089_hp_preview.jpg
-4.228810 -0.068505 1.416446 38 70 83 R2 pano_camera0/frame_0090_hp_preview.jpg
-4.221461 -0.072173 1.367968 38 70 83 R2 pano_camera0/frame_0091_hp_preview.jpg
-2.739292 -0.091451 -0.913256 38 70 83 R2 pano_camera0/frame_0092_hp_preview.jpg
-2.098575 -0.027037 -1.283813 38 70 83 R2 pano_camera0/frame_0093_hp_preview.jpg
-0.854271 0.067932 -1.661973 38 70 83 R2 pano_camera0/frame_0094_hp_preview.jpg
0.680859 0.058465 -1.890105 38 70 83 R2 pano_camera0/frame_0095_hp_preview.jpg
2.554551 0.090520 -1.732209 38 70 83 R2 pano_camera0/frame_0096_hp_preview.jpg
4.576037 0.068617 0.041368 38 70 83 R2 pano_camera0/frame_0097_hp_preview.jpg
4.822492 0.031657 0.462681 38 70 83 R2 pano_camera0/frame_0098_hp_preview.jpg
5.741517 -0.020841 3.075810 38 70 83 R2 pano_camera0/frame_0099_hp_preview.jpg
-4.332475 -0.139614 3.327401 38 70 83 R2 pano_camera1/frame_0089_hp_preview.jpg
-4.228810 -0.068505 1.416446 38 70 83 R2 pano_camera1/frame_0090_hp_preview.jpg
-4.221461 -0.072173 1.367968 38 70 83 R2 pano_camera1/frame_0091_hp_preview.jpg
-2.739292 -0.091451 -0.913256 38 70 83 R2 pano_camera1/frame_0092_hp_preview.jpg
-2.098575 -0.027037 -1.283813 38 70 83 R2 pano_camera1/frame_0093_hp_preview.jpg
-0.854271 0.067932 -1.661973 38 70 83 R2 pano_camera1/frame_0094_hp_preview.jpg
0.680859 0.058465 -1.890105 38 70 83 R2 pano_camera1/frame_0095_hp_preview.jpg
2.554551 0.090520 -1.732209 38 70 83 R2 pano_camera1/frame_0096_hp_preview.jpg
4.576037 0.068617 0.041368 38 70 83 R2 pano_camera1/frame_0097_hp_preview.jpg
4.822492 0.031657 0.462681 38 70 83 R2 pano_camera1/frame_0098_hp_preview.jpg
5.741517 -0.020841 3.075810 38 70 83 R2 pano_camera1/frame_0099_hp_preview.jpg
-4.332475 -0.139614 3.327401 38 70 83 R2 pano_camera2/frame_0089_hp_preview.jpg
-4.228810 -0.068505 1.416446 38 70 83 R2 pano_camera2/frame_0090_hp_preview.jpg
-4.221461 -0.072173 1.367968 38 70 83 R2 pano_camera2/frame_0091_hp_preview.jpg
-2.739292 -0.091451 -0.913256 38 70 83 R2 pano_camera2/frame_0092_hp_preview.jpg
-2.098575 -0.027037 -1.283813 38 70 83 R2 pano_camera2/frame_0093_hp_preview.jpg
-0.854271 0.067932 -1.661973 38 70 83 R2 pano_camera2/frame_0094_hp_preview.jpg
0.680859 0.058465 -1.890105 38 70 83 R2 pano_camera2/frame_0095_hp_preview.jpg
2.554551 0.090520 -1.732209 38 70 83 R2 pano_camera2/frame_0096_hp_preview.jpg
4.576037 0.068617 0.041368 38 70 83 R2 pano_camera2/frame_0097_hp_preview.jpg
4.822492 0.031657 0.462681 38 70 83 R2 pano_camera2/frame_0098_hp_preview.jpg
5.741517 -0.020841 3.075810 38 70 83 R2 pano_camera2/frame_0099_hp_preview.jpg
-4.332475 -0.139614 3.327401 38 70 83 R2 pano_camera3/frame_0089_hp_preview.jpg
-4.228810 -0.068505 1.416446 38 70 83 R2 pano_camera3/frame_0090_hp_preview.jpg
-4.221461 -0.072173 1.367968 38 70 83 R2 pano_camera3/frame_0091_hp_preview.jpg
-2.739292 -0.091451 -0.913256 38 70 83 R2 pano_camera3/frame_0092_hp_preview.jpg
-2.098575 -0.027037 -1.283813 38 70 83 R2 pano_camera3/frame_0093_hp_preview.jpg
-0.854271 0.067932 -1.661973 38 70 83 R2 pano_camera3/frame_0094_hp_preview.jpg
0.680859 0.058465 -1.890105 38 70 83 R2 pano_camera3/frame_0095_hp_preview.jpg
2.554551 0.090520 -1.732209 38 70 83 R2 pano_camera3/frame_0096_hp_preview.jpg
4.576037 0.068617 0.041368 38 70 83 R2 pano_camera3/frame_0097_hp_preview.jpg
4.822492 0.031657 0.462681 38 70 83 R2 pano_camera3/frame_0098_hp_preview.jpg
5.741517 -0.020841 3.075810 38 70 83 R2 pano_camera3/frame_0099_hp_preview.jpg
-4.332475 -0.139614 3.327401 38 70 83 R2 pano_camera4/frame_0089_hp_preview.jpg
-4.228810 -0.068505 1.416446 38 70 83 R2 pano_camera4/frame_0090_hp_preview.jpg
-4.221461 -0.072173 1.367968 38 70 83 R2 pano_camera4/frame_0091_hp_preview.jpg
-2.739292 -0.091451 -0.913256 38 70 83 R2 pano_camera4/frame_0092_hp_preview.jpg
-2.098575 -0.027037 -1.283813 38 70 83 R2 pano_camera4/frame_0093_hp_preview.jpg
-0.854271 0.067932 -1.661973 38 70 83 R2 pano_camera4/frame_0094_hp_preview.jpg
0.680859 0.058465 -1.890105 38 70 83 R2 pano_camera4/frame_0095_hp_preview.jpg
2.554551 0.090520 -1.732209 38 70 83 R2 pano_camera4/frame_0096_hp_preview.jpg
4.576037 0.068617 0.041368 38 70 83 R2 pano_camera4/frame_0097_hp_preview.jpg
4.822492 0.031657 0.462681 38 70 83 R2 pano_camera4/frame_0098_hp_preview.jpg
5.741517 -0.020841 3.075810 38 70 83 R2 pano_camera4/frame_0099_hp_preview.jpg
-4.332475 -0.139614 3.327401 38 70 83 R2 pano_camera5/frame_0089_hp_preview.jpg
-4.228810 -0.068505 1.416446 38 70 83 R2 pano_camera5/frame_0090_hp_preview.jpg
-4.221461 -0.072173 1.367968 38 70 83 R2 pano_camera5/frame_0091_hp_preview.jpg
-2.739292 -0.091451 -0.913256 38 70 83 R2 pano_camera5/frame_0092_hp_preview.jpg
-2.098575 -0.027037 -1.283813 38 70 83 R2 pano_camera5/frame_0093_hp_preview.jpg
-0.854271 0.067932 -1.661973 38 70 83 R2 pano_camera5/frame_0094_hp_preview.jpg
0.680859 0.058465 -1.890105 38 70 83 R2 pano_camera5/frame_0095_hp_preview.jpg
2.554551 0.090520 -1.732209 38 70 83 R2 pano_camera5/frame_0096_hp_preview.jpg
4.576037 0.068617 0.041368 38 70 83 R2 pano_camera5/frame_0097_hp_preview.jpg
4.822492 0.031657 0.462681 38 70 83 R2 pano_camera5/frame_0098_hp_preview.jpg
5.741517 -0.020841 3.075810 38 70 83 R2 pano_camera5/frame_0099_hp_preview.jpg
-4.332475 -0.139614 3.327401 38 70 83 R2 pano_camera6/frame_0089_hp_preview.jpg
-4.228810 -0.068505 1.416446 38 70 83 R2 pano_camera6/frame_0090_hp_preview.jpg
-4.221461 -0.072173 1.367968 38 70 83 R2 pano_camera6/frame_0091_hp_preview.jpg
-2.739292 -0.091451 -0.913256 38 70 83 R2 pano_camera6/frame_0092_hp_preview.jpg
-2.098575 -0.027037 -1.283813 38 70 83 R2 pano_camera6/frame_0093_hp_preview.jpg
-0.854271 0.067932 -1.661973 38 70 83 R2 pano_camera6/frame_0094_hp_preview.jpg
0.680859 0.058465 -1.890105 38 70 83 R2 pano_camera6/frame_0095_hp_preview.jpg
2.554551 0.090520 -1.732209 38 70 83 R2 pano_camera6/frame_0096_hp_preview.jpg
4.576037 0.068617 0.041368 38 70 83 R2 pano_camera6/frame_0097_hp_preview.jpg
4.822492 0.031657 0.462681 38 70 83 R2 pano_camera6/frame_0098_hp_preview.jpg
5.741517 -0.020841 3.075810 38 70 83 R2 pano_camera6/frame_0099_hp_preview.jpg
-4.332475 -0.139614 3.327401 38 70 83 R2 pano_camera7/frame_0089_hp_preview.jpg
-4.228810 -0.068505 1.416446 38 70 83 R2 pano_camera7/frame_0090_hp_preview.jpg
-4.221461 -0.072173 1.367968 38 70 83 R2 pano_camera7/frame_0091_hp_preview.jpg
-2.739292 -0.091451 -0.913256 38 70 83 R2 pano_camera7/frame_0092_hp_preview.jpg
-2.098575 -0.027037 -1.283813 38 70 83 R2 pano_camera7/frame_0093_hp_preview.jpg
-0.854271 0.067932 -1.661973 38 70 83 R2 pano_camera7/frame_0094_hp_preview.jpg
0.680859 0.058465 -1.890105 38 70 83 R2 pano_camera7/frame_0095_hp_preview.jpg
2.554551 0.090520 -1.732209 38 70 83 R2 pano_camera7/frame_0096_hp_preview.jpg
4.576037 0.068617 0.041368 38 70 83 R2 pano_camera7/frame_0097_hp_preview.jpg
4.822492 0.031657 0.462681 38 70 83 R2 pano_camera7/frame_0098_hp_preview.jpg
5.741517 -0.020841 3.075810 38 70 83 R2 pano_camera7/frame_0099_hp_preview.jpg

# Object R3: Orange (88 points)
# Transform: Pos(0.000, 0.000, 0.000) Scale(1.000, 1.000, 1.000) Quat(0.000, 0.000, 0.000, 1.000)
2.689920 -0.066031 -2.884707 244 162 97 R3 pano_camera0/frame_0143_hp_preview.jpg
1.549686 0.047389 -2.901720 244 162 97 R3 pano_camera0/frame_0144_hp_preview.jpg
0.888761 0.066849 -1.957197 244 162 97 R3 pano_camera0/frame_0145_hp_preview.jpg
2.015911 -0.032663 2.034633 244 162 97 R3 pano_camera0/frame_0146_hp_preview.jpg
2.252430 -0.031092 2.701277 244 162 97 R3 pano_camera0/frame_0147_hp_preview.jpg
1.917377 0.011066 4.428323 244 162 97 R3 pano_camera0/frame_0148_hp_preview.jpg
-1.698255 0.007140 4.691078 244 162 97 R3 pano_camera0/frame_0149_hp_preview.jpg
-3.762008 -0.046917 2.384117 244 162 97 R3 pano_camera0/frame_0150_hp_preview.jpg
-3.899978 -0.010663 -0.441062 244 162 97 R3 pano_camera0/frame_0151_hp_preview.jpg
-1.745550 -0.016187 -3.433546 244 162 97 R3 pano_camera0/frame_0152_hp_preview.jpg
-1.261235 0.032546 -3.683562 244 162 97 R3 pano_camera0/frame_0153_hp_preview.jpg
2.689920 -0.066031 -2.884707 244 162 97 R3 pano_camera1/frame_0143_hp_preview.jpg
1.549686 0.047389 -2.901720 244 162 97 R3 pano_camera1/frame_0144_hp_preview.jpg
0.888761 0.066849 -1.957197 244 162 97 R3 pano_camera1/frame_0145_hp_preview.jpg
2.015911 -0.032663 2.034633 244 162 97 R3 pano_camera1/frame_0146_hp_preview.jpg
2.252430 -0.031092 2.701277 244 162 97 R3 pano_camera1/frame_0147_hp_preview.jpg
1.917377 0.011066 4.428323 244 162 97 R3 pano_camera1/frame_0148_hp_preview.jpg
-1.698255 0.007140 4.691078 244 162 97 R3 pano_camera1/frame_0149_hp_preview.jpg
-3.762008 -0.046917 2.384117 244 162 97 R3 pano_camera1/frame_0150_hp_preview.jpg
-3.899978 -0.010663 -0.441062 244 162 97 R3 pano_camera1/frame_0151_hp_preview.jpg
-1.745550 -0.016187 -3.433546 244 162 97 R3 pano_camera1/frame_0152_hp_preview.jpg
-1.261235 0.032546 -3.683562 244 162 97 R3 pano_camera1/frame_0153_hp_preview.jpg
2.689920 -0.066031 -2.884707 244 162 97 R3 pano_camera2/frame_0143_hp_preview.jpg
1.549686 0.047389 -2.901720 244 162 97 R3 pano_camera2/frame_0144_hp_preview.jpg
0.888761 0.066849 -1.957197 244 162 97 R3 pano_camera2/frame_0145_hp_preview.jpg
2.015911 -0.032663 2.034633 244 162 97 R3 pano_camera2/frame_0146_hp_preview.jpg
2.252430 -0.031092 2.701277 244 162 97 R3 pano_camera2/frame_0147_hp_preview.jpg
1.917377 0.011066 4.428323 244 162 97 R3 pano_camera2/frame_0148_hp_preview.jpg
-1.698255 0.007140 4.691078 244 162 97 R3 pano_camera2/frame_0149_hp_preview.jpg
-3.762008 -0.046917 2.384117 244 162 97 R3 pano_camera2/frame_0150_hp_preview.jpg
-3.899978 -0.010663 -0.441062 244 162 97 R3 pano_camera2/frame_0151_hp_preview.jpg
-1.745550 -0.016187 -3.433546 244 162 97 R3 pano_camera2/frame_0152_hp_preview.jpg
-1.261235 0.032546 -3.683562 244 162 97 R3 pano_camera2/frame_0153_hp_preview.jpg
2.689920 -0.066031 -2.884707 244 162 97 R3 pano_camera3/frame_0143_hp_preview.jpg
1.549686 0.047389 -2.901720 244 162 97 R3 pano_camera3/frame_0144_hp_preview.jpg
0.888761 0.066849 -1.957197 244 162 97 R3 pano_camera3/frame_0145_hp_preview.jpg
2.015911 -0.032663 2.034633 244 162 97 R3 pano_camera3/frame_0146_hp_preview.jpg
2.252430 -0.031092 2.701277 244 162 97 R3 pano_camera3/frame_0147_hp_preview.jpg
1.917377 0.011066 4.428323 244 162 97 R3 pano_camera3/frame_0148_hp_preview.jpg
-1.698255 0.007140 4.691078 244 162 97 R3 pano_camera3/frame_0149_hp_preview.jpg
-3.762008 -0.046917 2.384117 244 162 97 R3 pano_camera3/frame_0150_hp_preview.jpg
-3.899978 -0.010663 -0.441062 244 162 97 R3 pano_camera3/frame_0151_hp_preview.jpg
-1.745550 -0.016187 -3.433546 244 162 97 R3 pano_camera3/frame_0152_hp_preview.jpg
-1.261235 0.032546 -3.683562 244 162 97 R3 pano_camera3/frame_0153_hp_preview.jpg
2.689920 -0.066031 -2.884707 244 162 97 R3 pano_camera4/frame_0143_hp_preview.jpg
1.549686 0.047389 -2.901720 244 162 97 R3 pano_camera4/frame_0144_hp_preview.jpg
0.888761 0.066849 -1.957197 244 162 97 R3 pano_camera4/frame_0145_hp_preview.jpg
2.015911 -0.032663 2.034633 244 162 97 R3 pano_camera4/frame_0146_hp_preview.jpg
2.252430 -0.031092 2.701277 244 162 97 R3 pano_camera4/frame_0147_hp_preview.jpg
1.917377 0.011066 4.428323 244 162 97 R3 pano_camera4/frame_0148_hp_preview.jpg
-1.698255 0.007140 4.691078 244 162 97 R3 pano_camera4/frame_0149_hp_preview.jpg
-3.762008 -0.046917 2.384117 244 162 97 R3 pano_camera4/frame_0150_hp_preview.jpg
-3.899978 -0.010663 -0.441062 244 162 97 R3 pano_camera4/frame_0151_hp_preview.jpg
-1.745550 -0.016187 -3.433546 244 162 97 R3 pano_camera4/frame_0152_hp_preview.jpg
-1.261235 0.032546 -3.683562 244 162 97 R3 pano_camera4/frame_0153_hp_preview.jpg
2.689920 -0.066031 -2.884707 244 162 97 R3 pano_camera5/frame_0143_hp_preview.jpg
1.549686 0.047389 -2.901720 244 162 97 R3 pano_camera5/frame_0144_hp_preview.jpg
0.888761 0.066849 -1.957197 244 162 97 R3 pano_camera5/frame_0145_hp_preview.jpg
2.015911 -0.032663 2.034633 244 162 97 R3 pano_camera5/frame_0146_hp_preview.jpg
2.252430 -0.031092 2.701277 244 162 97 R3 pano_camera5/frame_0147_hp_preview.jpg
1.917377 0.011066 4.428323 244 162 97 R3 pano_camera5/frame_0148_hp_preview.jpg
-1.698255 0.007140 4.691078 244 162 97 R3 pano_camera5/frame_0149_hp_preview.jpg
-3.762008 -0.046917 2.384117 244 162 97 R3 pano_camera5/frame_0150_hp_preview.jpg
-3.899978 -0.010663 -0.441062 244 162 97 R3 pano_camera5/frame_0151_hp_preview.jpg
-1.745550 -0.016187 -3.433546 244 162 97 R3 pano_camera5/frame_0152_hp_preview.jpg
-1.261235 0.032546 -3.683562 244 162 97 R3 pano_camera5/frame_0153_hp_preview.jpg
2.689920 -0.066031 -2.884707 244 162 97 R3 pano_camera6/frame_0143_hp_preview.jpg
1.549686 0.047389 -2.901720 244 162 97 R3 pano_camera6/frame_0144_hp_preview.jpg
0.888761 0.066849 -1.957197 244 162 97 R3 pano_camera6/frame_0145_hp_preview.jpg
2.015911 -0.032663 2.034633 244 162 97 R3 pano_camera6/frame_0146_hp_preview.jpg
2.252430 -0.031092 2.701277 244 162 97 R3 pano_camera6/frame_0147_hp_preview.jpg
1.917377 0.011066 4.428323 244 162 97 R3 pano_camera6/frame_0148_hp_preview.jpg
-1.698255 0.007140 4.691078 244 162 97 R3 pano_camera6/frame_0149_hp_preview.jpg
-3.762008 -0.046917 2.384117 244 162 97 R3 pano_camera6/frame_0150_hp_preview.jpg
-3.899978 -0.010663 -0.441062 244 162 97 R3 pano_camera6/frame_0151_hp_preview.jpg
-1.745550 -0.016187 -3.433546 244 162 97 R3 pano_camera6/frame_0152_hp_preview.jpg
-1.261235 0.032546 -3.683562 244 162 97 R3 pano_camera6/frame_0153_hp_preview.jpg
2.689920 -0.066031 -2.884707 244 162 97 R3 pano_camera7/frame_0143_hp_preview.jpg
1.549686 0.047389 -2.901720 244 162 97 R3 pano_camera7/frame_0144_hp_preview.jpg
0.888761 0.066849 -1.957197 244 162 97 R3 pano_camera7/frame_0145_hp_preview.jpg
2.015911 -0.032663 2.034633 244 162 97 R3 pano_camera7/frame_0146_hp_preview.jpg
2.252430 -0.031092 2.701277 244 162 97 R3 pano_camera7/frame_0147_hp_preview.jpg
1.917377 0.011066 4.428323 244 162 97 R3 pano_camera7/frame_0148_hp_preview.jpg
-1.698255 0.007140 4.691078 244 162 97 R3 pano_camera7/frame_0149_hp_preview.jpg
-3.762008 -0.046917 2.384117 244 162 97 R3 pano_camera7/frame_0150_hp_preview.jpg
-3.899978 -0.010663 -0.441062 244 162 97 R3 pano_camera7/frame_0151_hp_preview.jpg
-1.745550 -0.016187 -3.433546 244 162 97 R3 pano_camera7/frame_0152_hp_preview.jpg
-1.261235 0.032546 -3.683562 244 162 97 R3 pano_camera7/frame_0153_hp_preview.jpg

# Object R4: Purple (80 points)
# Transform: Pos(0.000, 0.000, 0.000) Scale(1.000, 1.000, 1.000) Quat(0.000, 0.000, 0.000, 1.000)
1.141579 0.041808 4.967739 106 76 147 R4 pano_camera0/frame_0130_hp_preview.jpg
-0.092417 0.106607 3.243077 106 76 147 R4 pano_camera0/frame_0131_hp_preview.jpg
-0.542883 0.123543 2.153861 106 76 147 R4 pano_camera0/frame_0132_hp_preview.jpg
-0.602102 0.098940 1.980653 106 76 147 R4 pano_camera0/frame_0133_hp_preview.jpg
-1.078918 0.088946 0.641047 106 76 147 R4 pano_camera0/frame_0134_hp_preview.jpg
-0.878112 -0.053627 -1.107916 106 76 147 R4 pano_camera0/frame_0135_hp_preview.jpg
-0.429409 0.171877 -1.699623 106 76 147 R4 pano_camera0/frame_0136_hp_preview.jpg
0.722132 0.111902 -2.727547 106 76 147 R4 pano_camera0/frame_0137_hp_preview.jpg
1.181338 0.039468 -3.520406 106 76 147 R4 pano_camera0/frame_0138_hp_preview.jpg
1.268058 0.012832 -4.665040 106 76 147 R4 pano_camera0/frame_0139_hp_preview.jpg
1.141579 0.041808 4.967739 106 76 147 R4 pano_camera1/frame_0130_hp_preview.jpg
-0.092417 0.106607 3.243077 106 76 147 R4 pano_camera1/frame_0131_hp_preview.jpg
-0.542883 0.123543 2.153861 106 76 147 R4 pano_camera1/frame_0132_hp_preview.jpg
-0.602102 0.098940 1.980653 106 76 147 R4 pano_camera1/frame_0133_hp_preview.jpg
-1.078918 0.088946 0.641047 106 76 147 R4 pano_camera1/frame_0134_hp_preview.jpg
-0.878112 -0.053627 -1.107916 106 76 147 R4 pano_camera1/frame_0135_hp_preview.jpg
-0.429409 0.171877 -1.699623 106 76 147 R4 pano_camera1/frame_0136_hp_preview.jpg
0.722132 0.111902 -2.727547 106 76 147 R4 pano_camera1/frame_0137_hp_preview.jpg
1.181338 0.039468 -3.520406 106 76 147 R4 pano_camera1/frame_0138_hp_preview.jpg
1.268058 0.012832 -4.665040 106 76 147 R4 pano_camera1/frame_0139_hp_preview.jpg
1.141579 0.041808 4.967739 106 76 147 R4 pano_camera2/frame_0130_hp_preview.jpg
-0.092417 0.106607 3.243077 106 76 147 R4 pano_camera2/frame_0131_hp_preview.jpg
-0.542883 0.123543 2.153861 106 76 147 R4 pano_camera2/frame_0132_hp_preview.jpg
-0.602102 0.098940 1.980653 106 76 147 R4 pano_camera2/frame_0133_hp_preview.jpg
-1.078918 0.088946 0.641047 106 76 147 R4 pano_camera2/frame_0134_hp_preview.jpg
-0.878112 -0.053627 -1.107916 106 76 147 R4 pano_camera2/frame_0135_hp_preview.jpg
-0.429409 0.171877 -1.699623 106 76 147 R4 pano_camera2/frame_0136_hp_preview.jpg
0.722132 0.111902 -2.727547 106 76 147 R4 pano_camera2/frame_0137_hp_preview.jpg
1.181338 0.039468 -3.520406 106 76 147 R4 pano_camera2/frame_0138_hp_preview.jpg
1.268058 0.012832 -4.665040 106 76 147 R4 pano_camera2/frame_0139_hp_preview.jpg
1.141579 0.041808 4.967739 106 76 147 R4 pano_camera3/frame_0130_hp_preview.jpg
-0.092417 0.106607 3.243077 106 76 147 R4 pano_camera3/frame_0131_hp_preview.jpg
-0.542883 0.123543 2.153861 106 76 147 R4 pano_camera3/frame_0132_hp_preview.jpg
-0.602102 0.098940 1.980653 106 76 147 R4 pano_camera3/frame_0133_hp_preview.jpg
-1.078918 0.088946 0.641047 106 76 147 R4 pano_camera3/frame_0134_hp_preview.jpg
-0.878112 -0.053627 -1.107916 106 76 147 R4 pano_camera3/frame_0135_hp_preview.jpg
-0.429409 0.171877 -1.699623 106 76 147 R4 pano_camera3/frame_0136_hp_preview.jpg
0.722132 0.111902 -2.727547 106 76 147 R4 pano_camera3/frame_0137_hp_preview.jpg
1.181338 0.039468 -3.520406 106 76 147 R4 pano_camera3/frame_0138_hp_preview.jpg
1.268058 0.012832 -4.665040 106 76 147 R4 pano_camera3/frame_0139_hp_preview.jpg
1.141579 0.041808 4.967739 106 76 147 R4 pano_camera4/frame_0130_hp_preview.jpg
-0.092417 0.106607 3.243077 106 76 147 R4 pano_camera4/frame_0131_hp_preview.jpg
-0.542883 0.123543 2.153861 106 76 147 R4 pano_camera4/frame_0132_hp_preview.jpg
-0.602102 0.098940 1.980653 106 76 147 R4 pano_camera4/frame_0133_hp_preview.jpg
-1.078918 0.088946 0.641047 106 76 147 R4 pano_camera4/frame_0134_hp_preview.jpg
-0.878112 -0.053627 -1.107916 106 76 147 R4 pano_camera4/frame_0135_hp_preview.jpg
-0.429409 0.171877 -1.699623 106 76 147 R4 pano_camera4/frame_0136_hp_preview.jpg
0.722132 0.111902 -2.727547 106 76 147 R4 pano_camera4/frame_0137_hp_preview.jpg
1.181338 0.039468 -3.520406 106 76 147 R4 pano_camera4/frame_0138_hp_preview.jpg
1.268058 0.012832 -4.665040 106 76 147 R4 pano_camera4/frame_0139_hp_preview.jpg
1.141579 0.041808 4.967739 106 76 147 R4 pano_camera5/frame_0130_hp_preview.jpg
-0.092417 0.106607 3.243077 106 76 147 R4 pano_camera5/frame_0131_hp_preview.jpg
-0.542883 0.123543 2.153861 106 76 147 R4 pano_camera5/frame_0132_hp_preview.jpg
-0.602102 0.098940 1.980653 106 76 147 R4 pano_camera5/frame_0133_hp_preview.jpg
-1.078918 0.088946 0.641047 106 76 147 R4 pano_camera5/frame_0134_hp_preview.jpg
-0.878112 -0.053627 -1.107916 106 76 147 R4 pano_camera5/frame_0135_hp_preview.jpg
-0.429409 0.171877 -1.699623 106 76 147 R4 pano_camera5/frame_0136_hp_preview.jpg
0.722132 0.111902 -2.727547 106 76 147 R4 pano_camera5/frame_0137_hp_preview.jpg
1.181338 0.039468 -3.520406 106 76 147 R4 pano_camera5/frame_0138_hp_preview.jpg
1.268058 0.012832 -4.665040 106 76 147 R4 pano_camera5/frame_0139_hp_preview.jpg
1.141579 0.041808 4.967739 106 76 147 R4 pano_camera6/frame_0130_hp_preview.jpg
-0.092417 0.106607 3.243077 106 76 147 R4 pano_camera6/frame_0131_hp_preview.jpg
-0.542883 0.123543 2.153861 106 76 147 R4 pano_camera6/frame_0132_hp_preview.jpg
-0.602102 0.098940 1.980653 106 76 147 R4 pano_camera6/frame_0133_hp_preview.jpg
-1.078918 0.088946 0.641047 106 76 147 R4 pano_camera6/frame_0134_hp_preview.jpg
-0.878112 -0.053627 -1.107916 106 76 147 R4 pano_camera6/frame_0135_hp_preview.jpg
-0.429409 0.171877 -1.699623 106 76 147 R4 pano_camera6/frame_0136_hp_preview.jpg
0.722132 0.111902 -2.727547 106 76 147 R4 pano_camera6/frame_0137_hp_preview.jpg
1.181338 0.039468 -3.520406 106 76 147 R4 pano_camera6/frame_0138_hp_preview.jpg
1.268058 0.012832 -4.665040 106 76 147 R4 pano_camera6/frame_0139_hp_preview.jpg
1.141579 0.041808 4.967739 106 76 147 R4 pano_camera7/frame_0130_hp_preview.jpg
-0.092417 0.106607 3.243077 106 76 147 R4 pano_camera7/frame_0131_hp_preview.jpg
-0.542883 0.123543 2.153861 106 76 147 R4 pano_camera7/frame_0132_hp_preview.jpg
-0.602102 0.098940 1.980653 106 76 147 R4 pano_camera7/frame_0133_hp_preview.jpg
-1.078918 0.088946 0.641047 106 76 147 R4 pano_camera7/frame_0134_hp_preview.jpg
-0.878112 -0.053627 -1.107916 106 76 147 R4 pano_camera7/frame_0135_hp_preview.jpg
-0.429409 0.171877 -1.699623 106 76 147 R4 pano_camera7/frame_0136_hp_preview.jpg
0.722132 0.111902 -2.727547 106 76 147 R4 pano_camera7/frame_0137_hp_preview.jpg
1.181338 0.039468 -3.520406 106 76 147 R4 pano_camera7/frame_0138_hp_preview.jpg
1.268058 0.012832 -4.665040 106 76 147 R4 pano_camera7/frame_0139_hp_preview.jpg

# End of file - 2808 total points exported
