# Enhanced PTS File with Visual Information
# Format: X Y Z R G B OBJECT_ID IMAGE_NAME
# Generated from Three.js Transform Viewer
# Export Date: 2025-10-20T01:50:32.854Z
# Total Objects: 5

# Object R0: Red (1832 points)
# Transform: Pos(0.000, 0.000, 0.000) Scale(1.000, 1.000, 1.000) Quat(0.000, 0.000, 0.000, 1.000)
0.000000 0.000000 0.000000 255 68 68 R0 pano_camera0/frame_0140_hp_preview.jpg
0.127761 0.005893 0.127489 255 68 68 R0 pano_camera0/frame_0141_hp_preview.jpg
0.346065 0.002623 0.368119 255 68 68 R0 pano_camera0/frame_0142_hp_preview.jpg
0.502974 0.000991 0.466662 255 68 68 R0 pano_camera0/frame_0143_hp_preview.jpg
0.678739 0.015540 0.414781 255 68 68 R0 pano_camera0/frame_0144_hp_preview.jpg
0.737090 0.018654 0.238093 255 68 68 R0 pano_camera0/frame_0145_hp_preview.jpg
-0.124670 0.012572 0.426911 255 68 68 R0 pano_camera0/frame_0157_hp_preview.jpg
-0.262354 0.016634 0.512870 255 68 68 R0 pano_camera0/frame_0158_hp_preview.jpg
-0.311416 0.022625 0.610571 255 68 68 R0 pano_camera0/frame_0159_hp_preview.jpg
-0.560078 0.018756 1.219305 255 68 68 R0 pano_camera0/frame_0160_hp_preview.jpg
-0.767483 0.019702 1.481333 255 68 68 R0 pano_camera0/frame_0161_hp_preview.jpg
-1.068574 0.036567 1.770408 255 68 68 R0 pano_camera0/frame_0162_hp_preview.jpg
-1.275881 0.044868 1.930176 255 68 68 R0 pano_camera0/frame_0163_hp_preview.jpg
-1.500918 0.057022 2.072409 255 68 68 R0 pano_camera0/frame_0164_hp_preview.jpg
-1.898270 0.062840 2.059469 255 68 68 R0 pano_camera0/frame_0165_hp_preview.jpg
-2.059379 0.061956 1.926443 255 68 68 R0 pano_camera0/frame_0166_hp_preview.jpg
-2.306152 0.064967 1.566645 255 68 68 R0 pano_camera0/frame_0167_hp_preview.jpg
-2.254054 0.055954 1.180005 255 68 68 R0 pano_camera0/frame_0168_hp_preview.jpg
-2.164023 0.064813 1.063815 255 68 68 R0 pano_camera0/frame_0169_hp_preview.jpg
-1.628619 0.039325 0.531807 255 68 68 R0 pano_camera0/frame_0170_hp_preview.jpg
-1.555925 0.051705 0.462216 255 68 68 R0 pano_camera0/frame_0171_hp_preview.jpg
-1.216531 0.029524 0.136708 255 68 68 R0 pano_camera0/frame_0172_hp_preview.jpg
-1.139232 0.033650 -0.243558 255 68 68 R0 pano_camera0/frame_0173_hp_preview.jpg
-1.343489 0.039625 -0.579343 255 68 68 R0 pano_camera0/frame_0174_hp_preview.jpg
-1.352569 0.042647 -0.584853 255 68 68 R0 pano_camera0/frame_0175_hp_preview.jpg
-1.783851 0.041097 -0.679115 255 68 68 R0 pano_camera0/frame_0176_hp_preview.jpg
-2.027872 0.054168 -0.630610 255 68 68 R0 pano_camera0/frame_0177_hp_preview.jpg
-2.489710 0.059054 -0.612872 255 68 68 R0 pano_camera0/frame_0178_hp_preview.jpg
-2.811045 0.063821 -0.861251 255 68 68 R0 pano_camera0/frame_0179_hp_preview.jpg
-2.853184 0.061475 -1.054876 255 68 68 R0 pano_camera0/frame_0180_hp_preview.jpg
-2.721299 0.042578 -1.292536 255 68 68 R0 pano_camera0/frame_0181_hp_preview.jpg
-2.526142 0.035930 -1.453878 255 68 68 R0 pano_camera0/frame_0182_hp_preview.jpg
-2.301400 0.040123 -1.773078 255 68 68 R0 pano_camera0/frame_0183_hp_preview.jpg
-2.453016 0.029724 -1.921645 255 68 68 R0 pano_camera0/frame_0184_hp_preview.jpg
-2.606686 0.033477 -1.872825 255 68 68 R0 pano_camera0/frame_0185_hp_preview.jpg
-2.799749 0.032787 -1.728868 255 68 68 R0 pano_camera0/frame_0186_hp_preview.jpg
-2.998447 0.037709 -1.593322 255 68 68 R0 pano_camera0/frame_0187_hp_preview.jpg
-3.298041 0.045684 -1.488717 255 68 68 R0 pano_camera0/frame_0188_hp_preview.jpg
-3.601257 0.050376 -1.576761 255 68 68 R0 pano_camera0/frame_0189_hp_preview.jpg
-3.632048 0.056282 -1.595888 255 68 68 R0 pano_camera0/frame_0190_hp_preview.jpg
-3.799038 0.058890 -1.810546 255 68 68 R0 pano_camera0/frame_0191_hp_preview.jpg
-3.800911 0.059050 -2.170497 255 68 68 R0 pano_camera0/frame_0192_hp_preview.jpg
-3.669442 0.047692 -2.421538 255 68 68 R0 pano_camera0/frame_0193_hp_preview.jpg
-3.449269 0.032058 -2.704399 255 68 68 R0 pano_camera0/frame_0194_hp_preview.jpg
-3.310763 0.033236 -2.917283 255 68 68 R0 pano_camera0/frame_0195_hp_preview.jpg
-3.338865 0.019854 -3.121542 255 68 68 R0 pano_camera0/frame_0196_hp_preview.jpg
-3.538208 0.022125 -3.493627 255 68 68 R0 pano_camera0/frame_0197_hp_preview.jpg
-3.915358 0.040654 -3.974386 255 68 68 R0 pano_camera0/frame_0198_hp_preview.jpg
-4.025670 0.046948 -4.115116 255 68 68 R0 pano_camera0/frame_0199_hp_preview.jpg
-4.648176 0.085162 -4.683064 255 68 68 R0 pano_camera0/frame_0200_hp_preview.jpg
-4.639617 0.129478 -4.777532 255 68 68 R0 pano_camera0/frame_0201_hp_preview.jpg
-4.675514 0.061964 -3.540702 255 68 68 R0 pano_camera0/frame_0226_hp_preview.jpg
-5.281499 0.081925 -2.268250 255 68 68 R0 pano_camera0/frame_0240_hp_preview.jpg
-5.266954 0.074577 -2.202432 255 68 68 R0 pano_camera0/frame_0241_hp_preview.jpg
-5.370329 0.072442 -1.925080 255 68 68 R0 pano_camera0/frame_0242_hp_preview.jpg
-5.252398 0.068856 -1.762748 255 68 68 R0 pano_camera0/frame_0243_hp_preview.jpg
-5.039062 0.062700 -1.777850 255 68 68 R0 pano_camera0/frame_0244_hp_preview.jpg
-4.935709 0.057573 -1.760045 255 68 68 R0 pano_camera0/frame_0245_hp_preview.jpg
-4.664298 0.028147 -1.697217 255 68 68 R0 pano_camera0/frame_0246_hp_preview.jpg
-4.536918 0.032600 -1.771611 255 68 68 R0 pano_camera0/frame_0247_hp_preview.jpg
-4.221239 0.028061 -1.699083 255 68 68 R0 pano_camera0/frame_0248_hp_preview.jpg
-4.185656 0.025576 -1.679158 255 68 68 R0 pano_camera0/frame_0249_hp_preview.jpg
-3.558775 0.023151 -1.212276 255 68 68 R0 pano_camera0/frame_0250_hp_preview.jpg
-3.548390 0.021609 -1.202746 255 68 68 R0 pano_camera0/frame_0251_hp_preview.jpg
-3.244884 0.031192 -0.781031 255 68 68 R0 pano_camera0/frame_0252_hp_preview.jpg
-3.096191 0.051215 -0.241996 255 68 68 R0 pano_camera0/frame_0253_hp_preview.jpg
-3.367992 0.068919 0.083213 255 68 68 R0 pano_camera0/frame_0254_hp_preview.jpg
-3.410640 0.066340 0.088704 255 68 68 R0 pano_camera0/frame_0255_hp_preview.jpg
-3.842053 0.107590 -0.267415 255 68 68 R0 pano_camera0/frame_0256_hp_preview.jpg
-3.971249 0.234061 -0.442052 255 68 68 R0 pano_camera0/frame_0257_hp_preview.jpg
-4.020066 0.315466 -0.509198 255 68 68 R0 pano_camera0/frame_0258_hp_preview.jpg
-4.097854 0.388958 -0.632968 255 68 68 R0 pano_camera0/frame_0259_hp_preview.jpg
-4.277114 0.637504 -0.907121 255 68 68 R0 pano_camera0/frame_0260_hp_preview.jpg
-4.279742 0.640201 -0.913409 255 68 68 R0 pano_camera0/frame_0261_hp_preview.jpg
-4.490617 0.898140 -1.177614 255 68 68 R0 pano_camera0/frame_0262_hp_preview.jpg
-4.501059 0.907531 -1.184322 255 68 68 R0 pano_camera0/frame_0263_hp_preview.jpg
-4.605610 1.050798 -1.322791 255 68 68 R0 pano_camera0/frame_0264_hp_preview.jpg
-4.766816 1.227890 -1.530183 255 68 68 R0 pano_camera0/frame_0265_hp_preview.jpg
-4.812070 1.360665 -1.757383 255 68 68 R0 pano_camera0/frame_0266_hp_preview.jpg
-4.798484 1.434485 -1.967036 255 68 68 R0 pano_camera0/frame_0267_hp_preview.jpg
-4.596928 1.424548 -2.199258 255 68 68 R0 pano_camera0/frame_0268_hp_preview.jpg
-4.223754 1.424747 -2.564168 255 68 68 R0 pano_camera0/frame_0269_hp_preview.jpg
-4.037447 1.439566 -2.719237 255 68 68 R0 pano_camera0/frame_0270_hp_preview.jpg
-3.669822 1.427466 -2.980780 255 68 68 R0 pano_camera0/frame_0271_hp_preview.jpg
-3.329324 1.425409 -3.230354 255 68 68 R0 pano_camera0/frame_0272_hp_preview.jpg
-3.146135 1.432494 -3.377038 255 68 68 R0 pano_camera0/frame_0273_hp_preview.jpg
-2.557956 1.417994 -3.824379 255 68 68 R0 pano_camera0/frame_0274_hp_preview.jpg
-2.499719 1.420799 -3.880803 255 68 68 R0 pano_camera0/frame_0275_hp_preview.jpg
-2.027981 1.416347 -4.253606 255 68 68 R0 pano_camera0/frame_0276_hp_preview.jpg
-1.889447 1.419430 -4.380846 255 68 68 R0 pano_camera0/frame_0277_hp_preview.jpg
-1.470993 1.429447 -4.787816 255 68 68 R0 pano_camera0/frame_0278_hp_preview.jpg
-1.233648 1.422878 -4.957867 255 68 68 R0 pano_camera0/frame_0279_hp_preview.jpg
-0.649317 1.418283 -5.459124 255 68 68 R0 pano_camera0/frame_0280_hp_preview.jpg
-0.536737 1.414300 -5.541142 255 68 68 R0 pano_camera0/frame_0281_hp_preview.jpg
-0.385244 1.407074 -5.694420 255 68 68 R0 pano_camera0/frame_0282_hp_preview.jpg
-0.307456 1.402981 -5.929093 255 68 68 R0 pano_camera0/frame_0283_hp_preview.jpg
-0.486499 1.394691 -6.316210 255 68 68 R0 pano_camera0/frame_0284_hp_preview.jpg
-0.523706 1.392646 -6.342671 255 68 68 R0 pano_camera0/frame_0285_hp_preview.jpg
-0.778917 1.394235 -6.547998 255 68 68 R0 pano_camera0/frame_0286_hp_preview.jpg
-0.979118 1.411449 -6.555753 255 68 68 R0 pano_camera0/frame_0287_hp_preview.jpg
-1.240202 1.424108 -6.570644 255 68 68 R0 pano_camera0/frame_0288_hp_preview.jpg
-1.395073 1.431397 -6.646499 255 68 68 R0 pano_camera0/frame_0289_hp_preview.jpg
-1.501382 1.429986 -6.900419 255 68 68 R0 pano_camera0/frame_0290_hp_preview.jpg
-1.598073 1.419180 -7.448349 255 68 68 R0 pano_camera0/frame_0291_hp_preview.jpg
-1.663208 1.418926 -7.660912 255 68 68 R0 pano_camera0/frame_0292_hp_preview.jpg
-1.705980 1.413616 -7.838134 255 68 68 R0 pano_camera0/frame_0293_hp_preview.jpg
-2.166427 1.403255 -8.283259 255 68 68 R0 pano_camera0/frame_0294_hp_preview.jpg
-2.216551 1.405076 -8.295318 255 68 68 R0 pano_camera0/frame_0295_hp_preview.jpg
-2.758252 1.406874 -8.102471 255 68 68 R0 pano_camera0/frame_0296_hp_preview.jpg
-2.857817 1.414819 -7.756588 255 68 68 R0 pano_camera0/frame_0297_hp_preview.jpg
-2.885242 1.404733 -7.446474 255 68 68 R0 pano_camera0/frame_0298_hp_preview.jpg
-2.896998 1.411660 -7.204359 255 68 68 R0 pano_camera0/frame_0299_hp_preview.jpg
-2.927742 1.418923 -6.742150 255 68 68 R0 pano_camera0/frame_0300_hp_preview.jpg
-2.930316 1.405266 -6.422174 255 68 68 R0 pano_camera0/frame_0301_hp_preview.jpg
-2.899770 1.401872 -6.101058 255 68 68 R0 pano_camera0/frame_0302_hp_preview.jpg
-2.785137 1.414961 -5.663155 255 68 68 R0 pano_camera0/frame_0303_hp_preview.jpg
-2.735448 1.410451 -5.439261 255 68 68 R0 pano_camera0/frame_0304_hp_preview.jpg
-2.671398 1.406015 -4.910885 255 68 68 R0 pano_camera0/frame_0305_hp_preview.jpg
-2.733401 1.399411 -4.385119 255 68 68 R0 pano_camera0/frame_0306_hp_preview.jpg
-2.832166 1.396149 -4.051726 255 68 68 R0 pano_camera0/frame_0307_hp_preview.jpg
-2.877625 1.402885 -3.974904 255 68 68 R0 pano_camera0/frame_0308_hp_preview.jpg
-3.261742 1.409936 -3.690441 255 68 68 R0 pano_camera0/frame_0309_hp_preview.jpg
-3.729823 1.427792 -3.696874 255 68 68 R0 pano_camera0/frame_0310_hp_preview.jpg
-3.960385 1.416978 -3.917860 255 68 68 R0 pano_camera0/frame_0311_hp_preview.jpg
-4.128569 1.429212 -4.332964 255 68 68 R0 pano_camera0/frame_0312_hp_preview.jpg
-4.196616 1.430101 -4.644439 255 68 68 R0 pano_camera0/frame_0313_hp_preview.jpg
-4.229892 1.429019 -4.926250 255 68 68 R0 pano_camera0/frame_0314_hp_preview.jpg
-4.329399 1.430465 -5.612939 255 68 68 R0 pano_camera0/frame_0315_hp_preview.jpg
-4.341275 1.434257 -5.662863 255 68 68 R0 pano_camera0/frame_0316_hp_preview.jpg
-4.456013 1.424831 -6.099531 255 68 68 R0 pano_camera0/frame_0317_hp_preview.jpg
-4.733557 1.417603 -6.493369 255 68 68 R0 pano_camera0/frame_0318_hp_preview.jpg
-4.860418 1.420117 -6.503492 255 68 68 R0 pano_camera0/frame_0319_hp_preview.jpg
-5.204661 1.445634 -6.407131 255 68 68 R0 pano_camera0/frame_0320_hp_preview.jpg
-5.728389 1.456382 -5.927644 255 68 68 R0 pano_camera0/frame_0321_hp_preview.jpg
-5.756549 1.456104 -5.895276 255 68 68 R0 pano_camera0/frame_0322_hp_preview.jpg
-5.872268 1.446056 -5.429005 255 68 68 R0 pano_camera0/frame_0323_hp_preview.jpg
-5.814695 1.456028 -4.953133 255 68 68 R0 pano_camera0/frame_0324_hp_preview.jpg
-5.821113 1.448689 -4.904749 255 68 68 R0 pano_camera0/frame_0325_hp_preview.jpg
-6.038513 1.447704 -4.455291 255 68 68 R0 pano_camera0/frame_0326_hp_preview.jpg
-6.303680 1.448310 -4.405479 255 68 68 R0 pano_camera0/frame_0327_hp_preview.jpg
-6.438129 1.458753 -4.445246 255 68 68 R0 pano_camera0/frame_0328_hp_preview.jpg
-6.631331 1.464549 -4.582812 255 68 68 R0 pano_camera0/frame_0329_hp_preview.jpg
-6.985016 1.473314 -4.714161 255 68 68 R0 pano_camera0/frame_0330_hp_preview.jpg
-7.101449 1.473312 -4.624521 255 68 68 R0 pano_camera0/frame_0331_hp_preview.jpg
-6.950098 1.462510 -4.224388 255 68 68 R0 pano_camera0/frame_0332_hp_preview.jpg
-6.778728 1.453302 -4.095778 255 68 68 R0 pano_camera0/frame_0333_hp_preview.jpg
-6.511900 1.448076 -3.813405 255 68 68 R0 pano_camera0/frame_0334_hp_preview.jpg
-6.409844 1.450298 -3.635264 255 68 68 R0 pano_camera0/frame_0335_hp_preview.jpg
-6.287094 1.440720 -3.442166 255 68 68 R0 pano_camera0/frame_0336_hp_preview.jpg
-6.060484 1.431460 -2.982900 255 68 68 R0 pano_camera0/frame_0337_hp_preview.jpg
-5.949976 1.434146 -2.751992 255 68 68 R0 pano_camera0/frame_0338_hp_preview.jpg
-5.711375 1.427912 -2.138496 255 68 68 R0 pano_camera0/frame_0339_hp_preview.jpg
-5.615047 1.453874 -1.734063 255 68 68 R0 pano_camera0/frame_0340_hp_preview.jpg
-5.582398 1.447731 -1.627365 255 68 68 R0 pano_camera0/frame_0341_hp_preview.jpg
-5.454203 1.449302 -1.322916 255 68 68 R0 pano_camera0/frame_0342_hp_preview.jpg
-5.220782 1.453371 -0.973504 255 68 68 R0 pano_camera0/frame_0343_hp_preview.jpg
-5.264966 1.463158 -0.625862 255 68 68 R0 pano_camera0/frame_0344_hp_preview.jpg
-5.516939 1.466904 -0.708854 255 68 68 R0 pano_camera0/frame_0345_hp_preview.jpg
-5.714004 1.463689 -0.893401 255 68 68 R0 pano_camera0/frame_0346_hp_preview.jpg
-5.815574 1.462958 -1.100770 255 68 68 R0 pano_camera0/frame_0347_hp_preview.jpg
-5.940494 1.464197 -1.330996 255 68 68 R0 pano_camera0/frame_0348_hp_preview.jpg
-6.237551 1.454903 -1.875895 255 68 68 R0 pano_camera0/frame_0349_hp_preview.jpg
-6.434689 1.443099 -2.084256 255 68 68 R0 pano_camera0/frame_0350_hp_preview.jpg
-6.589192 1.439712 -2.232229 255 68 68 R0 pano_camera0/frame_0351_hp_preview.jpg
-7.030488 1.446635 -2.435810 255 68 68 R0 pano_camera0/frame_0352_hp_preview.jpg
-7.252179 1.462631 -2.467744 255 68 68 R0 pano_camera0/frame_0353_hp_preview.jpg
-7.612041 1.471659 -2.640672 255 68 68 R0 pano_camera0/frame_0354_hp_preview.jpg
-7.727212 1.484318 -2.818243 255 68 68 R0 pano_camera0/frame_0355_hp_preview.jpg
-7.648701 1.489696 -3.237079 255 68 68 R0 pano_camera0/frame_0356_hp_preview.jpg
-7.576138 1.473189 -3.528013 255 68 68 R0 pano_camera0/frame_0357_hp_preview.jpg
-7.532688 1.453689 -3.610879 255 68 68 R0 pano_camera0/frame_0358_hp_preview.jpg
-7.501295 1.444138 -3.633930 255 68 68 R0 pano_camera0/frame_0359_hp_preview.jpg
-7.548684 1.459743 -3.639956 255 68 68 R0 pano_camera0/frame_0360_hp_preview.jpg
-7.548815 1.458681 -3.644156 255 68 68 R0 pano_camera0/frame_0361_hp_preview.jpg
-7.658608 1.467158 -3.910693 255 68 68 R0 pano_camera0/frame_0362_hp_preview.jpg
-7.791464 1.473250 -3.968634 255 68 68 R0 pano_camera0/frame_0363_hp_preview.jpg
-8.051945 1.505622 -3.985809 255 68 68 R0 pano_camera0/frame_0364_hp_preview.jpg
-8.132823 1.508930 -3.931367 255 68 68 R0 pano_camera0/frame_0365_hp_preview.jpg
-8.178070 1.502901 -3.533454 255 68 68 R0 pano_camera0/frame_0366_hp_preview.jpg
-8.154920 1.499634 -3.473401 255 68 68 R0 pano_camera0/frame_0367_hp_preview.jpg
-8.015165 1.486304 -3.170367 255 68 68 R0 pano_camera0/frame_0368_hp_preview.jpg
-7.715936 1.482236 -2.549189 255 68 68 R0 pano_camera0/frame_0369_hp_preview.jpg
-7.727077 1.454690 -2.345741 255 68 68 R0 pano_camera0/frame_0370_hp_preview.jpg
-7.865296 1.487792 -2.205310 255 68 68 R0 pano_camera0/frame_0371_hp_preview.jpg
-8.192727 1.487765 -2.265485 255 68 68 R0 pano_camera0/frame_0372_hp_preview.jpg
-8.445057 1.500488 -2.518609 255 68 68 R0 pano_camera0/frame_0373_hp_preview.jpg
-9.054569 1.504244 -2.880852 255 68 68 R0 pano_camera0/frame_0374_hp_preview.jpg
-9.246577 1.515863 -2.892398 255 68 68 R0 pano_camera0/frame_0375_hp_preview.jpg
-9.469081 1.530070 -2.818588 255 68 68 R0 pano_camera0/frame_0376_hp_preview.jpg
-9.644641 1.538168 -2.725918 255 68 68 R0 pano_camera0/frame_0377_hp_preview.jpg
-10.147651 1.574275 -2.338347 255 68 68 R0 pano_camera0/frame_0378_hp_preview.jpg
-10.264202 1.566266 -2.190174 255 68 68 R0 pano_camera0/frame_0379_hp_preview.jpg
-10.381315 1.566182 -1.963396 255 68 68 R0 pano_camera0/frame_0380_hp_preview.jpg
-10.444809 1.447656 -1.942093 255 68 68 R0 pano_camera0/frame_0381_hp_preview.jpg
-10.471636 1.318899 -1.790101 255 68 68 R0 pano_camera0/frame_0382_hp_preview.jpg
-10.422512 1.523793 -1.525354 255 68 68 R0 pano_camera0/frame_0383_hp_preview.jpg
-10.392985 1.536963 -1.527301 255 68 68 R0 pano_camera0/frame_0384_hp_preview.jpg
-10.232246 1.546738 -1.329714 255 68 68 R0 pano_camera0/frame_0385_hp_preview.jpg
-9.915283 1.553340 -0.887711 255 68 68 R0 pano_camera0/frame_0386_hp_preview.jpg
-9.790038 1.551386 -0.668939 255 68 68 R0 pano_camera0/frame_0387_hp_preview.jpg
-9.337256 1.548551 -0.025812 255 68 68 R0 pano_camera0/frame_0388_hp_preview.jpg
-9.015227 1.537091 0.362259 255 68 68 R0 pano_camera0/frame_0389_hp_preview.jpg
-8.869570 1.524897 0.505527 255 68 68 R0 pano_camera0/frame_0390_hp_preview.jpg
-8.455187 1.524745 0.696471 255 68 68 R0 pano_camera0/frame_0391_hp_preview.jpg
-8.370792 1.520067 0.651974 255 68 68 R0 pano_camera0/frame_0392_hp_preview.jpg
-8.411250 1.519812 0.462938 255 68 68 R0 pano_camera0/frame_0393_hp_preview.jpg
-8.582961 1.513175 0.320167 255 68 68 R0 pano_camera0/frame_0394_hp_preview.jpg
-8.878268 1.510591 0.090925 255 68 68 R0 pano_camera0/frame_0395_hp_preview.jpg
-9.088768 1.513282 -0.234472 255 68 68 R0 pano_camera0/frame_0396_hp_preview.jpg
-8.890905 1.528206 -0.658472 255 68 68 R0 pano_camera0/frame_0397_hp_preview.jpg
-8.754420 1.523245 -0.760793 255 68 68 R0 pano_camera0/frame_0398_hp_preview.jpg
-8.276093 1.521298 -0.780037 255 68 68 R0 pano_camera0/frame_0399_hp_preview.jpg
-7.899597 1.502082 -0.425840 255 68 68 R0 pano_camera0/frame_0400_hp_preview.jpg
-7.624153 1.496778 -0.126280 255 68 68 R0 pano_camera0/frame_0401_hp_preview.jpg
-7.603742 1.495640 -0.107939 255 68 68 R0 pano_camera0/frame_0402_hp_preview.jpg
-7.347870 1.488496 0.179778 255 68 68 R0 pano_camera0/frame_0403_hp_preview.jpg
-6.827138 1.480388 0.172964 255 68 68 R0 pano_camera0/frame_0404_hp_preview.jpg
-6.798477 1.485972 0.143082 255 68 68 R0 pano_camera0/frame_0405_hp_preview.jpg
-6.644564 1.491830 -0.314655 255 68 68 R0 pano_camera0/frame_0406_hp_preview.jpg
-6.908735 1.480543 -0.674629 255 68 68 R0 pano_camera0/frame_0407_hp_preview.jpg
-7.053842 1.485627 -0.858239 255 68 68 R0 pano_camera0/frame_0408_hp_preview.jpg
-7.165724 1.480087 -0.989751 255 68 68 R0 pano_camera0/frame_0409_hp_preview.jpg
-7.275996 1.495399 -1.335016 255 68 68 R0 pano_camera0/frame_0410_hp_preview.jpg
-6.953836 1.480067 -1.871943 255 68 68 R0 pano_camera0/frame_0411_hp_preview.jpg
-6.892299 1.471010 -1.929459 255 68 68 R0 pano_camera0/frame_0412_hp_preview.jpg
-6.760310 1.471893 -2.112024 255 68 68 R0 pano_camera0/frame_0413_hp_preview.jpg
-6.781340 1.474433 -2.117340 255 68 68 R0 pano_camera0/frame_0414_hp_preview.jpg
-6.782789 1.474791 -2.115879 255 68 68 R0 pano_camera0/frame_0415_hp_preview.jpg
-6.779366 1.470174 -2.117299 255 68 68 R0 pano_camera0/frame_0416_hp_preview.jpg
0.000000 -0.000000 0.000000 255 68 68 R0 pano_camera1/frame_0140_hp_preview.jpg
0.127761 0.005893 0.127489 255 68 68 R0 pano_camera1/frame_0141_hp_preview.jpg
0.346065 0.002623 0.368119 255 68 68 R0 pano_camera1/frame_0142_hp_preview.jpg
0.502974 0.000991 0.466662 255 68 68 R0 pano_camera1/frame_0143_hp_preview.jpg
0.678739 0.015540 0.414781 255 68 68 R0 pano_camera1/frame_0144_hp_preview.jpg
0.737090 0.018654 0.238093 255 68 68 R0 pano_camera1/frame_0145_hp_preview.jpg
-0.124670 0.012572 0.426911 255 68 68 R0 pano_camera1/frame_0157_hp_preview.jpg
-0.262354 0.016634 0.512870 255 68 68 R0 pano_camera1/frame_0158_hp_preview.jpg
-0.311416 0.022625 0.610571 255 68 68 R0 pano_camera1/frame_0159_hp_preview.jpg
-0.560078 0.018756 1.219305 255 68 68 R0 pano_camera1/frame_0160_hp_preview.jpg
-0.767483 0.019702 1.481333 255 68 68 R0 pano_camera1/frame_0161_hp_preview.jpg
-1.068574 0.036567 1.770408 255 68 68 R0 pano_camera1/frame_0162_hp_preview.jpg
-1.275881 0.044868 1.930176 255 68 68 R0 pano_camera1/frame_0163_hp_preview.jpg
-1.500918 0.057022 2.072409 255 68 68 R0 pano_camera1/frame_0164_hp_preview.jpg
-1.898270 0.062840 2.059469 255 68 68 R0 pano_camera1/frame_0165_hp_preview.jpg
-2.059379 0.061956 1.926443 255 68 68 R0 pano_camera1/frame_0166_hp_preview.jpg
-2.306152 0.064967 1.566645 255 68 68 R0 pano_camera1/frame_0167_hp_preview.jpg
-2.254054 0.055954 1.180005 255 68 68 R0 pano_camera1/frame_0168_hp_preview.jpg
-2.164023 0.064813 1.063815 255 68 68 R0 pano_camera1/frame_0169_hp_preview.jpg
-1.628619 0.039325 0.531807 255 68 68 R0 pano_camera1/frame_0170_hp_preview.jpg
-1.555925 0.051705 0.462216 255 68 68 R0 pano_camera1/frame_0171_hp_preview.jpg
-1.216531 0.029524 0.136708 255 68 68 R0 pano_camera1/frame_0172_hp_preview.jpg
-1.139232 0.033650 -0.243558 255 68 68 R0 pano_camera1/frame_0173_hp_preview.jpg
-1.343489 0.039625 -0.579343 255 68 68 R0 pano_camera1/frame_0174_hp_preview.jpg
-1.352569 0.042647 -0.584853 255 68 68 R0 pano_camera1/frame_0175_hp_preview.jpg
-1.783851 0.041097 -0.679115 255 68 68 R0 pano_camera1/frame_0176_hp_preview.jpg
-2.027872 0.054168 -0.630610 255 68 68 R0 pano_camera1/frame_0177_hp_preview.jpg
-2.489710 0.059054 -0.612872 255 68 68 R0 pano_camera1/frame_0178_hp_preview.jpg
-2.811045 0.063821 -0.861251 255 68 68 R0 pano_camera1/frame_0179_hp_preview.jpg
-2.853184 0.061475 -1.054876 255 68 68 R0 pano_camera1/frame_0180_hp_preview.jpg
-2.721299 0.042578 -1.292536 255 68 68 R0 pano_camera1/frame_0181_hp_preview.jpg
-2.526142 0.035930 -1.453878 255 68 68 R0 pano_camera1/frame_0182_hp_preview.jpg
-2.301400 0.040123 -1.773078 255 68 68 R0 pano_camera1/frame_0183_hp_preview.jpg
-2.453016 0.029724 -1.921645 255 68 68 R0 pano_camera1/frame_0184_hp_preview.jpg
-2.606686 0.033477 -1.872825 255 68 68 R0 pano_camera1/frame_0185_hp_preview.jpg
-2.799749 0.032787 -1.728868 255 68 68 R0 pano_camera1/frame_0186_hp_preview.jpg
-2.998447 0.037709 -1.593322 255 68 68 R0 pano_camera1/frame_0187_hp_preview.jpg
-3.298041 0.045684 -1.488717 255 68 68 R0 pano_camera1/frame_0188_hp_preview.jpg
-3.601257 0.050376 -1.576761 255 68 68 R0 pano_camera1/frame_0189_hp_preview.jpg
-3.632048 0.056282 -1.595888 255 68 68 R0 pano_camera1/frame_0190_hp_preview.jpg
-3.799038 0.058890 -1.810546 255 68 68 R0 pano_camera1/frame_0191_hp_preview.jpg
-3.800911 0.059050 -2.170497 255 68 68 R0 pano_camera1/frame_0192_hp_preview.jpg
-3.669442 0.047692 -2.421538 255 68 68 R0 pano_camera1/frame_0193_hp_preview.jpg
-3.449269 0.032058 -2.704399 255 68 68 R0 pano_camera1/frame_0194_hp_preview.jpg
-3.310763 0.033236 -2.917283 255 68 68 R0 pano_camera1/frame_0195_hp_preview.jpg
-3.338865 0.019854 -3.121542 255 68 68 R0 pano_camera1/frame_0196_hp_preview.jpg
-3.538208 0.022125 -3.493627 255 68 68 R0 pano_camera1/frame_0197_hp_preview.jpg
-3.915358 0.040654 -3.974386 255 68 68 R0 pano_camera1/frame_0198_hp_preview.jpg
-4.025670 0.046948 -4.115116 255 68 68 R0 pano_camera1/frame_0199_hp_preview.jpg
-4.648176 0.085162 -4.683064 255 68 68 R0 pano_camera1/frame_0200_hp_preview.jpg
-4.639617 0.129478 -4.777532 255 68 68 R0 pano_camera1/frame_0201_hp_preview.jpg
-4.675514 0.061964 -3.540702 255 68 68 R0 pano_camera1/frame_0226_hp_preview.jpg
-5.281499 0.081925 -2.268250 255 68 68 R0 pano_camera1/frame_0240_hp_preview.jpg
-5.266954 0.074577 -2.202432 255 68 68 R0 pano_camera1/frame_0241_hp_preview.jpg
-5.370329 0.072442 -1.925080 255 68 68 R0 pano_camera1/frame_0242_hp_preview.jpg
-5.252398 0.068856 -1.762748 255 68 68 R0 pano_camera1/frame_0243_hp_preview.jpg
-5.039062 0.062700 -1.777850 255 68 68 R0 pano_camera1/frame_0244_hp_preview.jpg
-4.935709 0.057573 -1.760045 255 68 68 R0 pano_camera1/frame_0245_hp_preview.jpg
-4.664298 0.028147 -1.697217 255 68 68 R0 pano_camera1/frame_0246_hp_preview.jpg
-4.536918 0.032600 -1.771611 255 68 68 R0 pano_camera1/frame_0247_hp_preview.jpg
-4.221239 0.028061 -1.699083 255 68 68 R0 pano_camera1/frame_0248_hp_preview.jpg
-4.185656 0.025576 -1.679158 255 68 68 R0 pano_camera1/frame_0249_hp_preview.jpg
-3.558775 0.023151 -1.212276 255 68 68 R0 pano_camera1/frame_0250_hp_preview.jpg
-3.548390 0.021609 -1.202746 255 68 68 R0 pano_camera1/frame_0251_hp_preview.jpg
-3.244884 0.031192 -0.781031 255 68 68 R0 pano_camera1/frame_0252_hp_preview.jpg
-3.096191 0.051215 -0.241996 255 68 68 R0 pano_camera1/frame_0253_hp_preview.jpg
-3.367992 0.068919 0.083213 255 68 68 R0 pano_camera1/frame_0254_hp_preview.jpg
-3.410640 0.066340 0.088704 255 68 68 R0 pano_camera1/frame_0255_hp_preview.jpg
-3.842053 0.107590 -0.267415 255 68 68 R0 pano_camera1/frame_0256_hp_preview.jpg
-3.971249 0.234061 -0.442052 255 68 68 R0 pano_camera1/frame_0257_hp_preview.jpg
-4.020066 0.315466 -0.509198 255 68 68 R0 pano_camera1/frame_0258_hp_preview.jpg
-4.097854 0.388958 -0.632968 255 68 68 R0 pano_camera1/frame_0259_hp_preview.jpg
-4.277114 0.637504 -0.907121 255 68 68 R0 pano_camera1/frame_0260_hp_preview.jpg
-4.279742 0.640201 -0.913409 255 68 68 R0 pano_camera1/frame_0261_hp_preview.jpg
-4.490617 0.898140 -1.177614 255 68 68 R0 pano_camera1/frame_0262_hp_preview.jpg
-4.501059 0.907531 -1.184322 255 68 68 R0 pano_camera1/frame_0263_hp_preview.jpg
-4.605610 1.050798 -1.322791 255 68 68 R0 pano_camera1/frame_0264_hp_preview.jpg
-4.766816 1.227890 -1.530183 255 68 68 R0 pano_camera1/frame_0265_hp_preview.jpg
-4.812070 1.360665 -1.757383 255 68 68 R0 pano_camera1/frame_0266_hp_preview.jpg
-4.798484 1.434485 -1.967036 255 68 68 R0 pano_camera1/frame_0267_hp_preview.jpg
-4.596928 1.424548 -2.199258 255 68 68 R0 pano_camera1/frame_0268_hp_preview.jpg
-4.223754 1.424747 -2.564168 255 68 68 R0 pano_camera1/frame_0269_hp_preview.jpg
-4.037447 1.439566 -2.719237 255 68 68 R0 pano_camera1/frame_0270_hp_preview.jpg
-3.669822 1.427466 -2.980780 255 68 68 R0 pano_camera1/frame_0271_hp_preview.jpg
-3.329324 1.425409 -3.230354 255 68 68 R0 pano_camera1/frame_0272_hp_preview.jpg
-3.146135 1.432494 -3.377038 255 68 68 R0 pano_camera1/frame_0273_hp_preview.jpg
-2.557956 1.417994 -3.824379 255 68 68 R0 pano_camera1/frame_0274_hp_preview.jpg
-2.499719 1.420799 -3.880803 255 68 68 R0 pano_camera1/frame_0275_hp_preview.jpg
-2.027981 1.416347 -4.253606 255 68 68 R0 pano_camera1/frame_0276_hp_preview.jpg
-1.889447 1.419430 -4.380846 255 68 68 R0 pano_camera1/frame_0277_hp_preview.jpg
-1.470993 1.429447 -4.787816 255 68 68 R0 pano_camera1/frame_0278_hp_preview.jpg
-1.233648 1.422878 -4.957867 255 68 68 R0 pano_camera1/frame_0279_hp_preview.jpg
-0.649317 1.418283 -5.459124 255 68 68 R0 pano_camera1/frame_0280_hp_preview.jpg
-0.536737 1.414300 -5.541142 255 68 68 R0 pano_camera1/frame_0281_hp_preview.jpg
-0.385244 1.407074 -5.694420 255 68 68 R0 pano_camera1/frame_0282_hp_preview.jpg
-0.307456 1.402981 -5.929093 255 68 68 R0 pano_camera1/frame_0283_hp_preview.jpg
-0.486499 1.394691 -6.316210 255 68 68 R0 pano_camera1/frame_0284_hp_preview.jpg
-0.523706 1.392646 -6.342671 255 68 68 R0 pano_camera1/frame_0285_hp_preview.jpg
-0.778917 1.394235 -6.547998 255 68 68 R0 pano_camera1/frame_0286_hp_preview.jpg
-0.979118 1.411449 -6.555753 255 68 68 R0 pano_camera1/frame_0287_hp_preview.jpg
-1.240202 1.424108 -6.570644 255 68 68 R0 pano_camera1/frame_0288_hp_preview.jpg
-1.395073 1.431397 -6.646499 255 68 68 R0 pano_camera1/frame_0289_hp_preview.jpg
-1.501382 1.429986 -6.900419 255 68 68 R0 pano_camera1/frame_0290_hp_preview.jpg
-1.598073 1.419180 -7.448349 255 68 68 R0 pano_camera1/frame_0291_hp_preview.jpg
-1.663208 1.418926 -7.660912 255 68 68 R0 pano_camera1/frame_0292_hp_preview.jpg
-1.705980 1.413616 -7.838134 255 68 68 R0 pano_camera1/frame_0293_hp_preview.jpg
-2.166427 1.403255 -8.283259 255 68 68 R0 pano_camera1/frame_0294_hp_preview.jpg
-2.216551 1.405076 -8.295318 255 68 68 R0 pano_camera1/frame_0295_hp_preview.jpg
-2.758252 1.406874 -8.102471 255 68 68 R0 pano_camera1/frame_0296_hp_preview.jpg
-2.857817 1.414819 -7.756588 255 68 68 R0 pano_camera1/frame_0297_hp_preview.jpg
-2.885242 1.404733 -7.446474 255 68 68 R0 pano_camera1/frame_0298_hp_preview.jpg
-2.896998 1.411660 -7.204359 255 68 68 R0 pano_camera1/frame_0299_hp_preview.jpg
-2.927742 1.418923 -6.742150 255 68 68 R0 pano_camera1/frame_0300_hp_preview.jpg
-2.930316 1.405266 -6.422174 255 68 68 R0 pano_camera1/frame_0301_hp_preview.jpg
-2.899770 1.401872 -6.101058 255 68 68 R0 pano_camera1/frame_0302_hp_preview.jpg
-2.785137 1.414961 -5.663155 255 68 68 R0 pano_camera1/frame_0303_hp_preview.jpg
-2.735448 1.410451 -5.439261 255 68 68 R0 pano_camera1/frame_0304_hp_preview.jpg
-2.671398 1.406015 -4.910885 255 68 68 R0 pano_camera1/frame_0305_hp_preview.jpg
-2.733401 1.399411 -4.385119 255 68 68 R0 pano_camera1/frame_0306_hp_preview.jpg
-2.832166 1.396149 -4.051726 255 68 68 R0 pano_camera1/frame_0307_hp_preview.jpg
-2.877625 1.402885 -3.974904 255 68 68 R0 pano_camera1/frame_0308_hp_preview.jpg
-3.261742 1.409936 -3.690441 255 68 68 R0 pano_camera1/frame_0309_hp_preview.jpg
-3.729823 1.427792 -3.696874 255 68 68 R0 pano_camera1/frame_0310_hp_preview.jpg
-3.960385 1.416978 -3.917860 255 68 68 R0 pano_camera1/frame_0311_hp_preview.jpg
-4.128569 1.429212 -4.332964 255 68 68 R0 pano_camera1/frame_0312_hp_preview.jpg
-4.196616 1.430101 -4.644439 255 68 68 R0 pano_camera1/frame_0313_hp_preview.jpg
-4.229892 1.429019 -4.926250 255 68 68 R0 pano_camera1/frame_0314_hp_preview.jpg
-4.329399 1.430465 -5.612939 255 68 68 R0 pano_camera1/frame_0315_hp_preview.jpg
-4.341275 1.434257 -5.662863 255 68 68 R0 pano_camera1/frame_0316_hp_preview.jpg
-4.456013 1.424831 -6.099531 255 68 68 R0 pano_camera1/frame_0317_hp_preview.jpg
-4.733557 1.417603 -6.493369 255 68 68 R0 pano_camera1/frame_0318_hp_preview.jpg
-4.860418 1.420117 -6.503492 255 68 68 R0 pano_camera1/frame_0319_hp_preview.jpg
-5.204661 1.445634 -6.407131 255 68 68 R0 pano_camera1/frame_0320_hp_preview.jpg
-5.728389 1.456382 -5.927644 255 68 68 R0 pano_camera1/frame_0321_hp_preview.jpg
-5.756549 1.456104 -5.895276 255 68 68 R0 pano_camera1/frame_0322_hp_preview.jpg
-5.872268 1.446056 -5.429005 255 68 68 R0 pano_camera1/frame_0323_hp_preview.jpg
-5.814695 1.456028 -4.953133 255 68 68 R0 pano_camera1/frame_0324_hp_preview.jpg
-5.821113 1.448689 -4.904749 255 68 68 R0 pano_camera1/frame_0325_hp_preview.jpg
-6.038513 1.447704 -4.455291 255 68 68 R0 pano_camera1/frame_0326_hp_preview.jpg
-6.303680 1.448310 -4.405479 255 68 68 R0 pano_camera1/frame_0327_hp_preview.jpg
-6.438129 1.458753 -4.445246 255 68 68 R0 pano_camera1/frame_0328_hp_preview.jpg
-6.631331 1.464549 -4.582812 255 68 68 R0 pano_camera1/frame_0329_hp_preview.jpg
-6.985016 1.473314 -4.714161 255 68 68 R0 pano_camera1/frame_0330_hp_preview.jpg
-7.101449 1.473312 -4.624521 255 68 68 R0 pano_camera1/frame_0331_hp_preview.jpg
-6.950098 1.462510 -4.224388 255 68 68 R0 pano_camera1/frame_0332_hp_preview.jpg
-6.778728 1.453302 -4.095778 255 68 68 R0 pano_camera1/frame_0333_hp_preview.jpg
-6.511900 1.448076 -3.813405 255 68 68 R0 pano_camera1/frame_0334_hp_preview.jpg
-6.409844 1.450298 -3.635264 255 68 68 R0 pano_camera1/frame_0335_hp_preview.jpg
-6.287094 1.440720 -3.442166 255 68 68 R0 pano_camera1/frame_0336_hp_preview.jpg
-6.060484 1.431460 -2.982900 255 68 68 R0 pano_camera1/frame_0337_hp_preview.jpg
-5.949976 1.434146 -2.751992 255 68 68 R0 pano_camera1/frame_0338_hp_preview.jpg
-5.711375 1.427912 -2.138496 255 68 68 R0 pano_camera1/frame_0339_hp_preview.jpg
-5.615047 1.453874 -1.734063 255 68 68 R0 pano_camera1/frame_0340_hp_preview.jpg
-5.582398 1.447731 -1.627365 255 68 68 R0 pano_camera1/frame_0341_hp_preview.jpg
-5.454203 1.449302 -1.322916 255 68 68 R0 pano_camera1/frame_0342_hp_preview.jpg
-5.220782 1.453371 -0.973504 255 68 68 R0 pano_camera1/frame_0343_hp_preview.jpg
-5.264966 1.463158 -0.625862 255 68 68 R0 pano_camera1/frame_0344_hp_preview.jpg
-5.516939 1.466904 -0.708854 255 68 68 R0 pano_camera1/frame_0345_hp_preview.jpg
-5.714004 1.463689 -0.893401 255 68 68 R0 pano_camera1/frame_0346_hp_preview.jpg
-5.815574 1.462958 -1.100770 255 68 68 R0 pano_camera1/frame_0347_hp_preview.jpg
-5.940494 1.464197 -1.330996 255 68 68 R0 pano_camera1/frame_0348_hp_preview.jpg
-6.237551 1.454903 -1.875895 255 68 68 R0 pano_camera1/frame_0349_hp_preview.jpg
-6.434689 1.443099 -2.084256 255 68 68 R0 pano_camera1/frame_0350_hp_preview.jpg
-6.589192 1.439712 -2.232229 255 68 68 R0 pano_camera1/frame_0351_hp_preview.jpg
-7.030488 1.446635 -2.435810 255 68 68 R0 pano_camera1/frame_0352_hp_preview.jpg
-7.252179 1.462631 -2.467744 255 68 68 R0 pano_camera1/frame_0353_hp_preview.jpg
-7.612041 1.471659 -2.640672 255 68 68 R0 pano_camera1/frame_0354_hp_preview.jpg
-7.727212 1.484318 -2.818243 255 68 68 R0 pano_camera1/frame_0355_hp_preview.jpg
-7.648701 1.489696 -3.237079 255 68 68 R0 pano_camera1/frame_0356_hp_preview.jpg
-7.576138 1.473189 -3.528013 255 68 68 R0 pano_camera1/frame_0357_hp_preview.jpg
-7.532688 1.453689 -3.610879 255 68 68 R0 pano_camera1/frame_0358_hp_preview.jpg
-7.501295 1.444138 -3.633930 255 68 68 R0 pano_camera1/frame_0359_hp_preview.jpg
-7.548684 1.459743 -3.639956 255 68 68 R0 pano_camera1/frame_0360_hp_preview.jpg
-7.548815 1.458681 -3.644156 255 68 68 R0 pano_camera1/frame_0361_hp_preview.jpg
-7.658608 1.467158 -3.910693 255 68 68 R0 pano_camera1/frame_0362_hp_preview.jpg
-7.791464 1.473250 -3.968634 255 68 68 R0 pano_camera1/frame_0363_hp_preview.jpg
-8.051945 1.505622 -3.985809 255 68 68 R0 pano_camera1/frame_0364_hp_preview.jpg
-8.132823 1.508930 -3.931367 255 68 68 R0 pano_camera1/frame_0365_hp_preview.jpg
-8.178070 1.502901 -3.533454 255 68 68 R0 pano_camera1/frame_0366_hp_preview.jpg
-8.154920 1.499634 -3.473401 255 68 68 R0 pano_camera1/frame_0367_hp_preview.jpg
-8.015165 1.486304 -3.170367 255 68 68 R0 pano_camera1/frame_0368_hp_preview.jpg
-7.715936 1.482236 -2.549189 255 68 68 R0 pano_camera1/frame_0369_hp_preview.jpg
-7.727077 1.454690 -2.345741 255 68 68 R0 pano_camera1/frame_0370_hp_preview.jpg
-7.865296 1.487792 -2.205310 255 68 68 R0 pano_camera1/frame_0371_hp_preview.jpg
-8.192727 1.487765 -2.265485 255 68 68 R0 pano_camera1/frame_0372_hp_preview.jpg
-8.445057 1.500488 -2.518609 255 68 68 R0 pano_camera1/frame_0373_hp_preview.jpg
-9.054569 1.504244 -2.880852 255 68 68 R0 pano_camera1/frame_0374_hp_preview.jpg
-9.246577 1.515863 -2.892398 255 68 68 R0 pano_camera1/frame_0375_hp_preview.jpg
-9.469081 1.530070 -2.818588 255 68 68 R0 pano_camera1/frame_0376_hp_preview.jpg
-9.644641 1.538168 -2.725918 255 68 68 R0 pano_camera1/frame_0377_hp_preview.jpg
-10.147651 1.574275 -2.338347 255 68 68 R0 pano_camera1/frame_0378_hp_preview.jpg
-10.264202 1.566266 -2.190174 255 68 68 R0 pano_camera1/frame_0379_hp_preview.jpg
-10.381315 1.566182 -1.963396 255 68 68 R0 pano_camera1/frame_0380_hp_preview.jpg
-10.444809 1.447656 -1.942093 255 68 68 R0 pano_camera1/frame_0381_hp_preview.jpg
-10.471636 1.318899 -1.790101 255 68 68 R0 pano_camera1/frame_0382_hp_preview.jpg
-10.422512 1.523793 -1.525354 255 68 68 R0 pano_camera1/frame_0383_hp_preview.jpg
-10.392985 1.536963 -1.527301 255 68 68 R0 pano_camera1/frame_0384_hp_preview.jpg
-10.232246 1.546738 -1.329714 255 68 68 R0 pano_camera1/frame_0385_hp_preview.jpg
-9.915283 1.553340 -0.887711 255 68 68 R0 pano_camera1/frame_0386_hp_preview.jpg
-9.790038 1.551386 -0.668939 255 68 68 R0 pano_camera1/frame_0387_hp_preview.jpg
-9.337256 1.548551 -0.025812 255 68 68 R0 pano_camera1/frame_0388_hp_preview.jpg
-9.015227 1.537091 0.362259 255 68 68 R0 pano_camera1/frame_0389_hp_preview.jpg
-8.869570 1.524897 0.505527 255 68 68 R0 pano_camera1/frame_0390_hp_preview.jpg
-8.455187 1.524745 0.696471 255 68 68 R0 pano_camera1/frame_0391_hp_preview.jpg
-8.370792 1.520067 0.651974 255 68 68 R0 pano_camera1/frame_0392_hp_preview.jpg
-8.411250 1.519812 0.462938 255 68 68 R0 pano_camera1/frame_0393_hp_preview.jpg
-8.582961 1.513175 0.320167 255 68 68 R0 pano_camera1/frame_0394_hp_preview.jpg
-8.878268 1.510591 0.090925 255 68 68 R0 pano_camera1/frame_0395_hp_preview.jpg
-9.088768 1.513282 -0.234472 255 68 68 R0 pano_camera1/frame_0396_hp_preview.jpg
-8.890905 1.528206 -0.658472 255 68 68 R0 pano_camera1/frame_0397_hp_preview.jpg
-8.754420 1.523245 -0.760793 255 68 68 R0 pano_camera1/frame_0398_hp_preview.jpg
-8.276093 1.521298 -0.780037 255 68 68 R0 pano_camera1/frame_0399_hp_preview.jpg
-7.899597 1.502082 -0.425840 255 68 68 R0 pano_camera1/frame_0400_hp_preview.jpg
-7.624153 1.496778 -0.126280 255 68 68 R0 pano_camera1/frame_0401_hp_preview.jpg
-7.603742 1.495640 -0.107939 255 68 68 R0 pano_camera1/frame_0402_hp_preview.jpg
-7.347870 1.488496 0.179778 255 68 68 R0 pano_camera1/frame_0403_hp_preview.jpg
-6.827138 1.480388 0.172964 255 68 68 R0 pano_camera1/frame_0404_hp_preview.jpg
-6.798477 1.485972 0.143082 255 68 68 R0 pano_camera1/frame_0405_hp_preview.jpg
-6.644564 1.491830 -0.314655 255 68 68 R0 pano_camera1/frame_0406_hp_preview.jpg
-6.908735 1.480543 -0.674629 255 68 68 R0 pano_camera1/frame_0407_hp_preview.jpg
-7.053842 1.485627 -0.858239 255 68 68 R0 pano_camera1/frame_0408_hp_preview.jpg
-7.165724 1.480087 -0.989751 255 68 68 R0 pano_camera1/frame_0409_hp_preview.jpg
-7.275996 1.495399 -1.335016 255 68 68 R0 pano_camera1/frame_0410_hp_preview.jpg
-6.953836 1.480067 -1.871943 255 68 68 R0 pano_camera1/frame_0411_hp_preview.jpg
-6.892299 1.471010 -1.929459 255 68 68 R0 pano_camera1/frame_0412_hp_preview.jpg
-6.760310 1.471893 -2.112024 255 68 68 R0 pano_camera1/frame_0413_hp_preview.jpg
-6.781340 1.474433 -2.117340 255 68 68 R0 pano_camera1/frame_0414_hp_preview.jpg
-6.782789 1.474791 -2.115879 255 68 68 R0 pano_camera1/frame_0415_hp_preview.jpg
-6.779366 1.470174 -2.117299 255 68 68 R0 pano_camera1/frame_0416_hp_preview.jpg
0.000000 0.000000 0.000000 255 68 68 R0 pano_camera2/frame_0140_hp_preview.jpg
0.127761 0.005893 0.127489 255 68 68 R0 pano_camera2/frame_0141_hp_preview.jpg
0.346065 0.002623 0.368119 255 68 68 R0 pano_camera2/frame_0142_hp_preview.jpg
0.502974 0.000991 0.466662 255 68 68 R0 pano_camera2/frame_0143_hp_preview.jpg
0.678739 0.015540 0.414781 255 68 68 R0 pano_camera2/frame_0144_hp_preview.jpg
0.737090 0.018654 0.238093 255 68 68 R0 pano_camera2/frame_0145_hp_preview.jpg
-0.124670 0.012572 0.426911 255 68 68 R0 pano_camera2/frame_0157_hp_preview.jpg
-0.262354 0.016634 0.512870 255 68 68 R0 pano_camera2/frame_0158_hp_preview.jpg
-0.311416 0.022625 0.610571 255 68 68 R0 pano_camera2/frame_0159_hp_preview.jpg
-0.560078 0.018756 1.219305 255 68 68 R0 pano_camera2/frame_0160_hp_preview.jpg
-0.767483 0.019702 1.481333 255 68 68 R0 pano_camera2/frame_0161_hp_preview.jpg
-1.068574 0.036567 1.770408 255 68 68 R0 pano_camera2/frame_0162_hp_preview.jpg
-1.275881 0.044868 1.930176 255 68 68 R0 pano_camera2/frame_0163_hp_preview.jpg
-1.500918 0.057022 2.072409 255 68 68 R0 pano_camera2/frame_0164_hp_preview.jpg
-1.898270 0.062840 2.059469 255 68 68 R0 pano_camera2/frame_0165_hp_preview.jpg
-2.059379 0.061956 1.926443 255 68 68 R0 pano_camera2/frame_0166_hp_preview.jpg
-2.306152 0.064967 1.566645 255 68 68 R0 pano_camera2/frame_0167_hp_preview.jpg
-2.254054 0.055954 1.180005 255 68 68 R0 pano_camera2/frame_0168_hp_preview.jpg
-2.164023 0.064813 1.063815 255 68 68 R0 pano_camera2/frame_0169_hp_preview.jpg
-1.628619 0.039325 0.531807 255 68 68 R0 pano_camera2/frame_0170_hp_preview.jpg
-1.555925 0.051705 0.462216 255 68 68 R0 pano_camera2/frame_0171_hp_preview.jpg
-1.216531 0.029524 0.136708 255 68 68 R0 pano_camera2/frame_0172_hp_preview.jpg
-1.139232 0.033650 -0.243558 255 68 68 R0 pano_camera2/frame_0173_hp_preview.jpg
-1.343489 0.039625 -0.579343 255 68 68 R0 pano_camera2/frame_0174_hp_preview.jpg
-1.352569 0.042647 -0.584853 255 68 68 R0 pano_camera2/frame_0175_hp_preview.jpg
-1.783851 0.041097 -0.679115 255 68 68 R0 pano_camera2/frame_0176_hp_preview.jpg
-2.027872 0.054168 -0.630610 255 68 68 R0 pano_camera2/frame_0177_hp_preview.jpg
-2.489710 0.059054 -0.612872 255 68 68 R0 pano_camera2/frame_0178_hp_preview.jpg
-2.811045 0.063821 -0.861251 255 68 68 R0 pano_camera2/frame_0179_hp_preview.jpg
-2.853184 0.061475 -1.054876 255 68 68 R0 pano_camera2/frame_0180_hp_preview.jpg
-2.721299 0.042578 -1.292536 255 68 68 R0 pano_camera2/frame_0181_hp_preview.jpg
-2.526142 0.035930 -1.453878 255 68 68 R0 pano_camera2/frame_0182_hp_preview.jpg
-2.301400 0.040123 -1.773078 255 68 68 R0 pano_camera2/frame_0183_hp_preview.jpg
-2.453016 0.029724 -1.921645 255 68 68 R0 pano_camera2/frame_0184_hp_preview.jpg
-2.606686 0.033477 -1.872825 255 68 68 R0 pano_camera2/frame_0185_hp_preview.jpg
-2.799749 0.032787 -1.728868 255 68 68 R0 pano_camera2/frame_0186_hp_preview.jpg
-2.998447 0.037709 -1.593322 255 68 68 R0 pano_camera2/frame_0187_hp_preview.jpg
-3.298041 0.045684 -1.488717 255 68 68 R0 pano_camera2/frame_0188_hp_preview.jpg
-3.601257 0.050376 -1.576761 255 68 68 R0 pano_camera2/frame_0189_hp_preview.jpg
-3.632048 0.056282 -1.595888 255 68 68 R0 pano_camera2/frame_0190_hp_preview.jpg
-3.799038 0.058890 -1.810546 255 68 68 R0 pano_camera2/frame_0191_hp_preview.jpg
-3.800911 0.059050 -2.170497 255 68 68 R0 pano_camera2/frame_0192_hp_preview.jpg
-3.669442 0.047692 -2.421538 255 68 68 R0 pano_camera2/frame_0193_hp_preview.jpg
-3.449269 0.032058 -2.704399 255 68 68 R0 pano_camera2/frame_0194_hp_preview.jpg
-3.310763 0.033236 -2.917283 255 68 68 R0 pano_camera2/frame_0195_hp_preview.jpg
-3.338865 0.019854 -3.121542 255 68 68 R0 pano_camera2/frame_0196_hp_preview.jpg
-3.538208 0.022125 -3.493627 255 68 68 R0 pano_camera2/frame_0197_hp_preview.jpg
-3.915358 0.040654 -3.974386 255 68 68 R0 pano_camera2/frame_0198_hp_preview.jpg
-4.025670 0.046948 -4.115116 255 68 68 R0 pano_camera2/frame_0199_hp_preview.jpg
-4.648176 0.085162 -4.683064 255 68 68 R0 pano_camera2/frame_0200_hp_preview.jpg
-4.639617 0.129478 -4.777532 255 68 68 R0 pano_camera2/frame_0201_hp_preview.jpg
-4.675514 0.061964 -3.540702 255 68 68 R0 pano_camera2/frame_0226_hp_preview.jpg
-5.281499 0.081925 -2.268250 255 68 68 R0 pano_camera2/frame_0240_hp_preview.jpg
-5.266954 0.074577 -2.202432 255 68 68 R0 pano_camera2/frame_0241_hp_preview.jpg
-5.370329 0.072442 -1.925080 255 68 68 R0 pano_camera2/frame_0242_hp_preview.jpg
-5.252398 0.068856 -1.762748 255 68 68 R0 pano_camera2/frame_0243_hp_preview.jpg
-5.039062 0.062700 -1.777850 255 68 68 R0 pano_camera2/frame_0244_hp_preview.jpg
-4.935709 0.057573 -1.760045 255 68 68 R0 pano_camera2/frame_0245_hp_preview.jpg
-4.664298 0.028147 -1.697217 255 68 68 R0 pano_camera2/frame_0246_hp_preview.jpg
-4.536918 0.032600 -1.771611 255 68 68 R0 pano_camera2/frame_0247_hp_preview.jpg
-4.221239 0.028061 -1.699083 255 68 68 R0 pano_camera2/frame_0248_hp_preview.jpg
-4.185656 0.025576 -1.679158 255 68 68 R0 pano_camera2/frame_0249_hp_preview.jpg
-3.558775 0.023151 -1.212276 255 68 68 R0 pano_camera2/frame_0250_hp_preview.jpg
-3.548390 0.021609 -1.202746 255 68 68 R0 pano_camera2/frame_0251_hp_preview.jpg
-3.244884 0.031192 -0.781031 255 68 68 R0 pano_camera2/frame_0252_hp_preview.jpg
-3.096191 0.051215 -0.241996 255 68 68 R0 pano_camera2/frame_0253_hp_preview.jpg
-3.367992 0.068919 0.083213 255 68 68 R0 pano_camera2/frame_0254_hp_preview.jpg
-3.410640 0.066340 0.088704 255 68 68 R0 pano_camera2/frame_0255_hp_preview.jpg
-3.842053 0.107590 -0.267415 255 68 68 R0 pano_camera2/frame_0256_hp_preview.jpg
-3.971249 0.234061 -0.442052 255 68 68 R0 pano_camera2/frame_0257_hp_preview.jpg
-4.020066 0.315466 -0.509198 255 68 68 R0 pano_camera2/frame_0258_hp_preview.jpg
-4.097854 0.388958 -0.632968 255 68 68 R0 pano_camera2/frame_0259_hp_preview.jpg
-4.277114 0.637504 -0.907121 255 68 68 R0 pano_camera2/frame_0260_hp_preview.jpg
-4.279742 0.640201 -0.913409 255 68 68 R0 pano_camera2/frame_0261_hp_preview.jpg
-4.490617 0.898140 -1.177614 255 68 68 R0 pano_camera2/frame_0262_hp_preview.jpg
-4.501059 0.907531 -1.184322 255 68 68 R0 pano_camera2/frame_0263_hp_preview.jpg
-4.605610 1.050798 -1.322791 255 68 68 R0 pano_camera2/frame_0264_hp_preview.jpg
-4.766816 1.227890 -1.530183 255 68 68 R0 pano_camera2/frame_0265_hp_preview.jpg
-4.812070 1.360665 -1.757383 255 68 68 R0 pano_camera2/frame_0266_hp_preview.jpg
-4.798484 1.434485 -1.967036 255 68 68 R0 pano_camera2/frame_0267_hp_preview.jpg
-4.596928 1.424548 -2.199258 255 68 68 R0 pano_camera2/frame_0268_hp_preview.jpg
-4.223754 1.424747 -2.564168 255 68 68 R0 pano_camera2/frame_0269_hp_preview.jpg
-4.037447 1.439566 -2.719237 255 68 68 R0 pano_camera2/frame_0270_hp_preview.jpg
-3.669822 1.427466 -2.980780 255 68 68 R0 pano_camera2/frame_0271_hp_preview.jpg
-3.329324 1.425409 -3.230354 255 68 68 R0 pano_camera2/frame_0272_hp_preview.jpg
-3.146135 1.432494 -3.377038 255 68 68 R0 pano_camera2/frame_0273_hp_preview.jpg
-2.557956 1.417994 -3.824379 255 68 68 R0 pano_camera2/frame_0274_hp_preview.jpg
-2.499719 1.420799 -3.880803 255 68 68 R0 pano_camera2/frame_0275_hp_preview.jpg
-2.027981 1.416347 -4.253606 255 68 68 R0 pano_camera2/frame_0276_hp_preview.jpg
-1.889447 1.419430 -4.380846 255 68 68 R0 pano_camera2/frame_0277_hp_preview.jpg
-1.470993 1.429447 -4.787816 255 68 68 R0 pano_camera2/frame_0278_hp_preview.jpg
-1.233648 1.422878 -4.957867 255 68 68 R0 pano_camera2/frame_0279_hp_preview.jpg
-0.649317 1.418283 -5.459124 255 68 68 R0 pano_camera2/frame_0280_hp_preview.jpg
-0.536737 1.414300 -5.541142 255 68 68 R0 pano_camera2/frame_0281_hp_preview.jpg
-0.385244 1.407074 -5.694420 255 68 68 R0 pano_camera2/frame_0282_hp_preview.jpg
-0.307456 1.402981 -5.929093 255 68 68 R0 pano_camera2/frame_0283_hp_preview.jpg
-0.486499 1.394691 -6.316210 255 68 68 R0 pano_camera2/frame_0284_hp_preview.jpg
-0.523706 1.392646 -6.342671 255 68 68 R0 pano_camera2/frame_0285_hp_preview.jpg
-0.778917 1.394235 -6.547998 255 68 68 R0 pano_camera2/frame_0286_hp_preview.jpg
-0.979118 1.411449 -6.555753 255 68 68 R0 pano_camera2/frame_0287_hp_preview.jpg
-1.240202 1.424108 -6.570644 255 68 68 R0 pano_camera2/frame_0288_hp_preview.jpg
-1.395073 1.431397 -6.646499 255 68 68 R0 pano_camera2/frame_0289_hp_preview.jpg
-1.501382 1.429986 -6.900419 255 68 68 R0 pano_camera2/frame_0290_hp_preview.jpg
-1.598073 1.419180 -7.448349 255 68 68 R0 pano_camera2/frame_0291_hp_preview.jpg
-1.663208 1.418926 -7.660912 255 68 68 R0 pano_camera2/frame_0292_hp_preview.jpg
-1.705980 1.413616 -7.838134 255 68 68 R0 pano_camera2/frame_0293_hp_preview.jpg
-2.166427 1.403255 -8.283259 255 68 68 R0 pano_camera2/frame_0294_hp_preview.jpg
-2.216551 1.405076 -8.295318 255 68 68 R0 pano_camera2/frame_0295_hp_preview.jpg
-2.758252 1.406874 -8.102471 255 68 68 R0 pano_camera2/frame_0296_hp_preview.jpg
-2.857817 1.414819 -7.756588 255 68 68 R0 pano_camera2/frame_0297_hp_preview.jpg
-2.885242 1.404733 -7.446474 255 68 68 R0 pano_camera2/frame_0298_hp_preview.jpg
-2.896998 1.411660 -7.204359 255 68 68 R0 pano_camera2/frame_0299_hp_preview.jpg
-2.927742 1.418923 -6.742150 255 68 68 R0 pano_camera2/frame_0300_hp_preview.jpg
-2.930316 1.405266 -6.422174 255 68 68 R0 pano_camera2/frame_0301_hp_preview.jpg
-2.899770 1.401872 -6.101058 255 68 68 R0 pano_camera2/frame_0302_hp_preview.jpg
-2.785137 1.414961 -5.663155 255 68 68 R0 pano_camera2/frame_0303_hp_preview.jpg
-2.735448 1.410451 -5.439261 255 68 68 R0 pano_camera2/frame_0304_hp_preview.jpg
-2.671398 1.406015 -4.910885 255 68 68 R0 pano_camera2/frame_0305_hp_preview.jpg
-2.733401 1.399411 -4.385119 255 68 68 R0 pano_camera2/frame_0306_hp_preview.jpg
-2.832166 1.396149 -4.051726 255 68 68 R0 pano_camera2/frame_0307_hp_preview.jpg
-2.877625 1.402885 -3.974904 255 68 68 R0 pano_camera2/frame_0308_hp_preview.jpg
-3.261742 1.409936 -3.690441 255 68 68 R0 pano_camera2/frame_0309_hp_preview.jpg
-3.729823 1.427792 -3.696874 255 68 68 R0 pano_camera2/frame_0310_hp_preview.jpg
-3.960385 1.416978 -3.917860 255 68 68 R0 pano_camera2/frame_0311_hp_preview.jpg
-4.128569 1.429212 -4.332964 255 68 68 R0 pano_camera2/frame_0312_hp_preview.jpg
-4.196616 1.430101 -4.644439 255 68 68 R0 pano_camera2/frame_0313_hp_preview.jpg
-4.229892 1.429019 -4.926250 255 68 68 R0 pano_camera2/frame_0314_hp_preview.jpg
-4.329399 1.430465 -5.612939 255 68 68 R0 pano_camera2/frame_0315_hp_preview.jpg
-4.341275 1.434257 -5.662863 255 68 68 R0 pano_camera2/frame_0316_hp_preview.jpg
-4.456013 1.424831 -6.099531 255 68 68 R0 pano_camera2/frame_0317_hp_preview.jpg
-4.733557 1.417603 -6.493369 255 68 68 R0 pano_camera2/frame_0318_hp_preview.jpg
-4.860418 1.420117 -6.503492 255 68 68 R0 pano_camera2/frame_0319_hp_preview.jpg
-5.204661 1.445634 -6.407131 255 68 68 R0 pano_camera2/frame_0320_hp_preview.jpg
-5.728389 1.456382 -5.927644 255 68 68 R0 pano_camera2/frame_0321_hp_preview.jpg
-5.756549 1.456104 -5.895276 255 68 68 R0 pano_camera2/frame_0322_hp_preview.jpg
-5.872268 1.446056 -5.429005 255 68 68 R0 pano_camera2/frame_0323_hp_preview.jpg
-5.814695 1.456028 -4.953133 255 68 68 R0 pano_camera2/frame_0324_hp_preview.jpg
-5.821113 1.448689 -4.904749 255 68 68 R0 pano_camera2/frame_0325_hp_preview.jpg
-6.038513 1.447704 -4.455291 255 68 68 R0 pano_camera2/frame_0326_hp_preview.jpg
-6.303680 1.448310 -4.405479 255 68 68 R0 pano_camera2/frame_0327_hp_preview.jpg
-6.438129 1.458753 -4.445246 255 68 68 R0 pano_camera2/frame_0328_hp_preview.jpg
-6.631331 1.464549 -4.582812 255 68 68 R0 pano_camera2/frame_0329_hp_preview.jpg
-6.985016 1.473314 -4.714161 255 68 68 R0 pano_camera2/frame_0330_hp_preview.jpg
-7.101449 1.473312 -4.624521 255 68 68 R0 pano_camera2/frame_0331_hp_preview.jpg
-6.950098 1.462510 -4.224388 255 68 68 R0 pano_camera2/frame_0332_hp_preview.jpg
-6.778728 1.453302 -4.095778 255 68 68 R0 pano_camera2/frame_0333_hp_preview.jpg
-6.511900 1.448076 -3.813405 255 68 68 R0 pano_camera2/frame_0334_hp_preview.jpg
-6.409844 1.450298 -3.635264 255 68 68 R0 pano_camera2/frame_0335_hp_preview.jpg
-6.287094 1.440720 -3.442166 255 68 68 R0 pano_camera2/frame_0336_hp_preview.jpg
-6.060484 1.431460 -2.982900 255 68 68 R0 pano_camera2/frame_0337_hp_preview.jpg
-5.949976 1.434146 -2.751992 255 68 68 R0 pano_camera2/frame_0338_hp_preview.jpg
-5.711375 1.427912 -2.138496 255 68 68 R0 pano_camera2/frame_0339_hp_preview.jpg
-5.615047 1.453874 -1.734063 255 68 68 R0 pano_camera2/frame_0340_hp_preview.jpg
-5.582398 1.447731 -1.627365 255 68 68 R0 pano_camera2/frame_0341_hp_preview.jpg
-5.454203 1.449302 -1.322916 255 68 68 R0 pano_camera2/frame_0342_hp_preview.jpg
-5.220782 1.453371 -0.973504 255 68 68 R0 pano_camera2/frame_0343_hp_preview.jpg
-5.264966 1.463158 -0.625862 255 68 68 R0 pano_camera2/frame_0344_hp_preview.jpg
-5.516939 1.466904 -0.708854 255 68 68 R0 pano_camera2/frame_0345_hp_preview.jpg
-5.714004 1.463689 -0.893401 255 68 68 R0 pano_camera2/frame_0346_hp_preview.jpg
-5.815574 1.462958 -1.100770 255 68 68 R0 pano_camera2/frame_0347_hp_preview.jpg
-5.940494 1.464197 -1.330996 255 68 68 R0 pano_camera2/frame_0348_hp_preview.jpg
-6.237551 1.454903 -1.875895 255 68 68 R0 pano_camera2/frame_0349_hp_preview.jpg
-6.434689 1.443099 -2.084256 255 68 68 R0 pano_camera2/frame_0350_hp_preview.jpg
-6.589192 1.439712 -2.232229 255 68 68 R0 pano_camera2/frame_0351_hp_preview.jpg
-7.030488 1.446635 -2.435810 255 68 68 R0 pano_camera2/frame_0352_hp_preview.jpg
-7.252179 1.462631 -2.467744 255 68 68 R0 pano_camera2/frame_0353_hp_preview.jpg
-7.612041 1.471659 -2.640672 255 68 68 R0 pano_camera2/frame_0354_hp_preview.jpg
-7.727212 1.484318 -2.818243 255 68 68 R0 pano_camera2/frame_0355_hp_preview.jpg
-7.648701 1.489696 -3.237079 255 68 68 R0 pano_camera2/frame_0356_hp_preview.jpg
-7.576138 1.473189 -3.528013 255 68 68 R0 pano_camera2/frame_0357_hp_preview.jpg
-7.532688 1.453689 -3.610879 255 68 68 R0 pano_camera2/frame_0358_hp_preview.jpg
-7.501295 1.444138 -3.633930 255 68 68 R0 pano_camera2/frame_0359_hp_preview.jpg
-7.548684 1.459743 -3.639956 255 68 68 R0 pano_camera2/frame_0360_hp_preview.jpg
-7.548815 1.458681 -3.644156 255 68 68 R0 pano_camera2/frame_0361_hp_preview.jpg
-7.658608 1.467158 -3.910693 255 68 68 R0 pano_camera2/frame_0362_hp_preview.jpg
-7.791464 1.473250 -3.968634 255 68 68 R0 pano_camera2/frame_0363_hp_preview.jpg
-8.051945 1.505622 -3.985809 255 68 68 R0 pano_camera2/frame_0364_hp_preview.jpg
-8.132823 1.508930 -3.931367 255 68 68 R0 pano_camera2/frame_0365_hp_preview.jpg
-8.178070 1.502901 -3.533454 255 68 68 R0 pano_camera2/frame_0366_hp_preview.jpg
-8.154920 1.499634 -3.473401 255 68 68 R0 pano_camera2/frame_0367_hp_preview.jpg
-8.015165 1.486304 -3.170367 255 68 68 R0 pano_camera2/frame_0368_hp_preview.jpg
-7.715936 1.482236 -2.549189 255 68 68 R0 pano_camera2/frame_0369_hp_preview.jpg
-7.727077 1.454690 -2.345741 255 68 68 R0 pano_camera2/frame_0370_hp_preview.jpg
-7.865296 1.487792 -2.205310 255 68 68 R0 pano_camera2/frame_0371_hp_preview.jpg
-8.192727 1.487765 -2.265485 255 68 68 R0 pano_camera2/frame_0372_hp_preview.jpg
-8.445057 1.500488 -2.518609 255 68 68 R0 pano_camera2/frame_0373_hp_preview.jpg
-9.054569 1.504244 -2.880852 255 68 68 R0 pano_camera2/frame_0374_hp_preview.jpg
-9.246577 1.515863 -2.892398 255 68 68 R0 pano_camera2/frame_0375_hp_preview.jpg
-9.469081 1.530070 -2.818588 255 68 68 R0 pano_camera2/frame_0376_hp_preview.jpg
-9.644641 1.538168 -2.725918 255 68 68 R0 pano_camera2/frame_0377_hp_preview.jpg
-10.147651 1.574275 -2.338347 255 68 68 R0 pano_camera2/frame_0378_hp_preview.jpg
-10.264202 1.566266 -2.190174 255 68 68 R0 pano_camera2/frame_0379_hp_preview.jpg
-10.381315 1.566182 -1.963396 255 68 68 R0 pano_camera2/frame_0380_hp_preview.jpg
-10.444809 1.447656 -1.942093 255 68 68 R0 pano_camera2/frame_0381_hp_preview.jpg
-10.471636 1.318899 -1.790101 255 68 68 R0 pano_camera2/frame_0382_hp_preview.jpg
-10.422512 1.523793 -1.525354 255 68 68 R0 pano_camera2/frame_0383_hp_preview.jpg
-10.392985 1.536963 -1.527301 255 68 68 R0 pano_camera2/frame_0384_hp_preview.jpg
-10.232246 1.546738 -1.329714 255 68 68 R0 pano_camera2/frame_0385_hp_preview.jpg
-9.915283 1.553340 -0.887711 255 68 68 R0 pano_camera2/frame_0386_hp_preview.jpg
-9.790038 1.551386 -0.668939 255 68 68 R0 pano_camera2/frame_0387_hp_preview.jpg
-9.337256 1.548551 -0.025812 255 68 68 R0 pano_camera2/frame_0388_hp_preview.jpg
-9.015227 1.537091 0.362259 255 68 68 R0 pano_camera2/frame_0389_hp_preview.jpg
-8.869570 1.524897 0.505527 255 68 68 R0 pano_camera2/frame_0390_hp_preview.jpg
-8.455187 1.524745 0.696471 255 68 68 R0 pano_camera2/frame_0391_hp_preview.jpg
-8.370792 1.520067 0.651974 255 68 68 R0 pano_camera2/frame_0392_hp_preview.jpg
-8.411250 1.519812 0.462938 255 68 68 R0 pano_camera2/frame_0393_hp_preview.jpg
-8.582961 1.513175 0.320167 255 68 68 R0 pano_camera2/frame_0394_hp_preview.jpg
-8.878268 1.510591 0.090925 255 68 68 R0 pano_camera2/frame_0395_hp_preview.jpg
-9.088768 1.513282 -0.234472 255 68 68 R0 pano_camera2/frame_0396_hp_preview.jpg
-8.890905 1.528206 -0.658472 255 68 68 R0 pano_camera2/frame_0397_hp_preview.jpg
-8.754420 1.523245 -0.760793 255 68 68 R0 pano_camera2/frame_0398_hp_preview.jpg
-8.276093 1.521298 -0.780037 255 68 68 R0 pano_camera2/frame_0399_hp_preview.jpg
-7.899597 1.502082 -0.425840 255 68 68 R0 pano_camera2/frame_0400_hp_preview.jpg
-7.624153 1.496778 -0.126280 255 68 68 R0 pano_camera2/frame_0401_hp_preview.jpg
-7.603742 1.495640 -0.107939 255 68 68 R0 pano_camera2/frame_0402_hp_preview.jpg
-7.347870 1.488496 0.179778 255 68 68 R0 pano_camera2/frame_0403_hp_preview.jpg
-6.827138 1.480388 0.172964 255 68 68 R0 pano_camera2/frame_0404_hp_preview.jpg
-6.798477 1.485972 0.143082 255 68 68 R0 pano_camera2/frame_0405_hp_preview.jpg
-6.644564 1.491830 -0.314655 255 68 68 R0 pano_camera2/frame_0406_hp_preview.jpg
-6.908735 1.480543 -0.674629 255 68 68 R0 pano_camera2/frame_0407_hp_preview.jpg
-7.053842 1.485627 -0.858239 255 68 68 R0 pano_camera2/frame_0408_hp_preview.jpg
-7.165724 1.480087 -0.989751 255 68 68 R0 pano_camera2/frame_0409_hp_preview.jpg
-7.275996 1.495399 -1.335016 255 68 68 R0 pano_camera2/frame_0410_hp_preview.jpg
-6.953836 1.480067 -1.871943 255 68 68 R0 pano_camera2/frame_0411_hp_preview.jpg
-6.892299 1.471010 -1.929459 255 68 68 R0 pano_camera2/frame_0412_hp_preview.jpg
-6.760310 1.471893 -2.112024 255 68 68 R0 pano_camera2/frame_0413_hp_preview.jpg
-6.781340 1.474433 -2.117340 255 68 68 R0 pano_camera2/frame_0414_hp_preview.jpg
-6.782789 1.474791 -2.115879 255 68 68 R0 pano_camera2/frame_0415_hp_preview.jpg
-6.779366 1.470174 -2.117299 255 68 68 R0 pano_camera2/frame_0416_hp_preview.jpg
0.000000 -0.000000 0.000000 255 68 68 R0 pano_camera3/frame_0140_hp_preview.jpg
0.127761 0.005893 0.127489 255 68 68 R0 pano_camera3/frame_0141_hp_preview.jpg
0.346065 0.002623 0.368119 255 68 68 R0 pano_camera3/frame_0142_hp_preview.jpg
0.502974 0.000991 0.466662 255 68 68 R0 pano_camera3/frame_0143_hp_preview.jpg
0.678739 0.015540 0.414781 255 68 68 R0 pano_camera3/frame_0144_hp_preview.jpg
0.737090 0.018654 0.238093 255 68 68 R0 pano_camera3/frame_0145_hp_preview.jpg
-0.124670 0.012572 0.426911 255 68 68 R0 pano_camera3/frame_0157_hp_preview.jpg
-0.262354 0.016634 0.512870 255 68 68 R0 pano_camera3/frame_0158_hp_preview.jpg
-0.311416 0.022625 0.610571 255 68 68 R0 pano_camera3/frame_0159_hp_preview.jpg
-0.560078 0.018756 1.219305 255 68 68 R0 pano_camera3/frame_0160_hp_preview.jpg
-0.767483 0.019702 1.481333 255 68 68 R0 pano_camera3/frame_0161_hp_preview.jpg
-1.068574 0.036567 1.770408 255 68 68 R0 pano_camera3/frame_0162_hp_preview.jpg
-1.275881 0.044868 1.930176 255 68 68 R0 pano_camera3/frame_0163_hp_preview.jpg
-1.500918 0.057022 2.072409 255 68 68 R0 pano_camera3/frame_0164_hp_preview.jpg
-1.898270 0.062840 2.059469 255 68 68 R0 pano_camera3/frame_0165_hp_preview.jpg
-2.059379 0.061956 1.926443 255 68 68 R0 pano_camera3/frame_0166_hp_preview.jpg
-2.306152 0.064967 1.566645 255 68 68 R0 pano_camera3/frame_0167_hp_preview.jpg
-2.254054 0.055954 1.180005 255 68 68 R0 pano_camera3/frame_0168_hp_preview.jpg
-2.164023 0.064813 1.063815 255 68 68 R0 pano_camera3/frame_0169_hp_preview.jpg
-1.628619 0.039325 0.531807 255 68 68 R0 pano_camera3/frame_0170_hp_preview.jpg
-1.555925 0.051705 0.462216 255 68 68 R0 pano_camera3/frame_0171_hp_preview.jpg
-1.216531 0.029524 0.136708 255 68 68 R0 pano_camera3/frame_0172_hp_preview.jpg
-1.139232 0.033650 -0.243558 255 68 68 R0 pano_camera3/frame_0173_hp_preview.jpg
-1.343489 0.039625 -0.579343 255 68 68 R0 pano_camera3/frame_0174_hp_preview.jpg
-1.352569 0.042647 -0.584853 255 68 68 R0 pano_camera3/frame_0175_hp_preview.jpg
-1.783851 0.041097 -0.679115 255 68 68 R0 pano_camera3/frame_0176_hp_preview.jpg
-2.027872 0.054168 -0.630610 255 68 68 R0 pano_camera3/frame_0177_hp_preview.jpg
-2.489710 0.059054 -0.612872 255 68 68 R0 pano_camera3/frame_0178_hp_preview.jpg
-2.811045 0.063821 -0.861251 255 68 68 R0 pano_camera3/frame_0179_hp_preview.jpg
-2.853184 0.061475 -1.054876 255 68 68 R0 pano_camera3/frame_0180_hp_preview.jpg
-2.721299 0.042578 -1.292536 255 68 68 R0 pano_camera3/frame_0181_hp_preview.jpg
-2.526142 0.035930 -1.453878 255 68 68 R0 pano_camera3/frame_0182_hp_preview.jpg
-2.301400 0.040123 -1.773078 255 68 68 R0 pano_camera3/frame_0183_hp_preview.jpg
-2.453016 0.029724 -1.921645 255 68 68 R0 pano_camera3/frame_0184_hp_preview.jpg
-2.606686 0.033477 -1.872825 255 68 68 R0 pano_camera3/frame_0185_hp_preview.jpg
-2.799749 0.032787 -1.728868 255 68 68 R0 pano_camera3/frame_0186_hp_preview.jpg
-2.998447 0.037709 -1.593322 255 68 68 R0 pano_camera3/frame_0187_hp_preview.jpg
-3.298041 0.045684 -1.488717 255 68 68 R0 pano_camera3/frame_0188_hp_preview.jpg
-3.601257 0.050376 -1.576761 255 68 68 R0 pano_camera3/frame_0189_hp_preview.jpg
-3.632048 0.056282 -1.595888 255 68 68 R0 pano_camera3/frame_0190_hp_preview.jpg
-3.799038 0.058890 -1.810546 255 68 68 R0 pano_camera3/frame_0191_hp_preview.jpg
-3.800911 0.059050 -2.170497 255 68 68 R0 pano_camera3/frame_0192_hp_preview.jpg
-3.669442 0.047692 -2.421538 255 68 68 R0 pano_camera3/frame_0193_hp_preview.jpg
-3.449269 0.032058 -2.704399 255 68 68 R0 pano_camera3/frame_0194_hp_preview.jpg
-3.310763 0.033236 -2.917283 255 68 68 R0 pano_camera3/frame_0195_hp_preview.jpg
-3.338865 0.019854 -3.121542 255 68 68 R0 pano_camera3/frame_0196_hp_preview.jpg
-3.538208 0.022125 -3.493627 255 68 68 R0 pano_camera3/frame_0197_hp_preview.jpg
-3.915358 0.040654 -3.974386 255 68 68 R0 pano_camera3/frame_0198_hp_preview.jpg
-4.025670 0.046948 -4.115116 255 68 68 R0 pano_camera3/frame_0199_hp_preview.jpg
-4.648176 0.085162 -4.683064 255 68 68 R0 pano_camera3/frame_0200_hp_preview.jpg
-4.639617 0.129478 -4.777532 255 68 68 R0 pano_camera3/frame_0201_hp_preview.jpg
-4.675514 0.061964 -3.540702 255 68 68 R0 pano_camera3/frame_0226_hp_preview.jpg
-5.281499 0.081925 -2.268250 255 68 68 R0 pano_camera3/frame_0240_hp_preview.jpg
-5.266954 0.074577 -2.202432 255 68 68 R0 pano_camera3/frame_0241_hp_preview.jpg
-5.370329 0.072442 -1.925080 255 68 68 R0 pano_camera3/frame_0242_hp_preview.jpg
-5.252398 0.068856 -1.762748 255 68 68 R0 pano_camera3/frame_0243_hp_preview.jpg
-5.039062 0.062700 -1.777850 255 68 68 R0 pano_camera3/frame_0244_hp_preview.jpg
-4.935709 0.057573 -1.760045 255 68 68 R0 pano_camera3/frame_0245_hp_preview.jpg
-4.664298 0.028147 -1.697217 255 68 68 R0 pano_camera3/frame_0246_hp_preview.jpg
-4.536918 0.032600 -1.771611 255 68 68 R0 pano_camera3/frame_0247_hp_preview.jpg
-4.221239 0.028061 -1.699083 255 68 68 R0 pano_camera3/frame_0248_hp_preview.jpg
-4.185656 0.025576 -1.679158 255 68 68 R0 pano_camera3/frame_0249_hp_preview.jpg
-3.558775 0.023151 -1.212276 255 68 68 R0 pano_camera3/frame_0250_hp_preview.jpg
-3.548390 0.021609 -1.202746 255 68 68 R0 pano_camera3/frame_0251_hp_preview.jpg
-3.244884 0.031192 -0.781031 255 68 68 R0 pano_camera3/frame_0252_hp_preview.jpg
-3.096191 0.051215 -0.241996 255 68 68 R0 pano_camera3/frame_0253_hp_preview.jpg
-3.367992 0.068919 0.083213 255 68 68 R0 pano_camera3/frame_0254_hp_preview.jpg
-3.410640 0.066340 0.088704 255 68 68 R0 pano_camera3/frame_0255_hp_preview.jpg
-3.842053 0.107590 -0.267415 255 68 68 R0 pano_camera3/frame_0256_hp_preview.jpg
-3.971249 0.234061 -0.442052 255 68 68 R0 pano_camera3/frame_0257_hp_preview.jpg
-4.020066 0.315466 -0.509198 255 68 68 R0 pano_camera3/frame_0258_hp_preview.jpg
-4.097854 0.388958 -0.632968 255 68 68 R0 pano_camera3/frame_0259_hp_preview.jpg
-4.277114 0.637504 -0.907121 255 68 68 R0 pano_camera3/frame_0260_hp_preview.jpg
-4.279742 0.640201 -0.913409 255 68 68 R0 pano_camera3/frame_0261_hp_preview.jpg
-4.490617 0.898140 -1.177614 255 68 68 R0 pano_camera3/frame_0262_hp_preview.jpg
-4.501059 0.907531 -1.184322 255 68 68 R0 pano_camera3/frame_0263_hp_preview.jpg
-4.605610 1.050798 -1.322791 255 68 68 R0 pano_camera3/frame_0264_hp_preview.jpg
-4.766816 1.227890 -1.530183 255 68 68 R0 pano_camera3/frame_0265_hp_preview.jpg
-4.812070 1.360665 -1.757383 255 68 68 R0 pano_camera3/frame_0266_hp_preview.jpg
-4.798484 1.434485 -1.967036 255 68 68 R0 pano_camera3/frame_0267_hp_preview.jpg
-4.596928 1.424548 -2.199258 255 68 68 R0 pano_camera3/frame_0268_hp_preview.jpg
-4.223754 1.424747 -2.564168 255 68 68 R0 pano_camera3/frame_0269_hp_preview.jpg
-4.037447 1.439566 -2.719237 255 68 68 R0 pano_camera3/frame_0270_hp_preview.jpg
-3.669822 1.427466 -2.980780 255 68 68 R0 pano_camera3/frame_0271_hp_preview.jpg
-3.329324 1.425409 -3.230354 255 68 68 R0 pano_camera3/frame_0272_hp_preview.jpg
-3.146135 1.432494 -3.377038 255 68 68 R0 pano_camera3/frame_0273_hp_preview.jpg
-2.557956 1.417994 -3.824379 255 68 68 R0 pano_camera3/frame_0274_hp_preview.jpg
-2.499719 1.420799 -3.880803 255 68 68 R0 pano_camera3/frame_0275_hp_preview.jpg
-2.027981 1.416347 -4.253606 255 68 68 R0 pano_camera3/frame_0276_hp_preview.jpg
-1.889447 1.419430 -4.380846 255 68 68 R0 pano_camera3/frame_0277_hp_preview.jpg
-1.470993 1.429447 -4.787816 255 68 68 R0 pano_camera3/frame_0278_hp_preview.jpg
-1.233648 1.422878 -4.957867 255 68 68 R0 pano_camera3/frame_0279_hp_preview.jpg
-0.649317 1.418283 -5.459124 255 68 68 R0 pano_camera3/frame_0280_hp_preview.jpg
-0.536737 1.414300 -5.541142 255 68 68 R0 pano_camera3/frame_0281_hp_preview.jpg
-0.385244 1.407074 -5.694420 255 68 68 R0 pano_camera3/frame_0282_hp_preview.jpg
-0.307456 1.402981 -5.929093 255 68 68 R0 pano_camera3/frame_0283_hp_preview.jpg
-0.486499 1.394691 -6.316210 255 68 68 R0 pano_camera3/frame_0284_hp_preview.jpg
-0.523706 1.392646 -6.342671 255 68 68 R0 pano_camera3/frame_0285_hp_preview.jpg
-0.778917 1.394235 -6.547998 255 68 68 R0 pano_camera3/frame_0286_hp_preview.jpg
-0.979118 1.411449 -6.555753 255 68 68 R0 pano_camera3/frame_0287_hp_preview.jpg
-1.240202 1.424108 -6.570644 255 68 68 R0 pano_camera3/frame_0288_hp_preview.jpg
-1.395073 1.431397 -6.646499 255 68 68 R0 pano_camera3/frame_0289_hp_preview.jpg
-1.501382 1.429986 -6.900419 255 68 68 R0 pano_camera3/frame_0290_hp_preview.jpg
-1.598073 1.419180 -7.448349 255 68 68 R0 pano_camera3/frame_0291_hp_preview.jpg
-1.663208 1.418926 -7.660912 255 68 68 R0 pano_camera3/frame_0292_hp_preview.jpg
-1.705980 1.413616 -7.838134 255 68 68 R0 pano_camera3/frame_0293_hp_preview.jpg
-2.166427 1.403255 -8.283259 255 68 68 R0 pano_camera3/frame_0294_hp_preview.jpg
-2.216551 1.405076 -8.295318 255 68 68 R0 pano_camera3/frame_0295_hp_preview.jpg
-2.758252 1.406874 -8.102471 255 68 68 R0 pano_camera3/frame_0296_hp_preview.jpg
-2.857817 1.414819 -7.756588 255 68 68 R0 pano_camera3/frame_0297_hp_preview.jpg
-2.885242 1.404733 -7.446474 255 68 68 R0 pano_camera3/frame_0298_hp_preview.jpg
-2.896998 1.411660 -7.204359 255 68 68 R0 pano_camera3/frame_0299_hp_preview.jpg
-2.927742 1.418923 -6.742150 255 68 68 R0 pano_camera3/frame_0300_hp_preview.jpg
-2.930316 1.405266 -6.422174 255 68 68 R0 pano_camera3/frame_0301_hp_preview.jpg
-2.899770 1.401872 -6.101058 255 68 68 R0 pano_camera3/frame_0302_hp_preview.jpg
-2.785137 1.414961 -5.663155 255 68 68 R0 pano_camera3/frame_0303_hp_preview.jpg
-2.735448 1.410451 -5.439261 255 68 68 R0 pano_camera3/frame_0304_hp_preview.jpg
-2.671398 1.406015 -4.910885 255 68 68 R0 pano_camera3/frame_0305_hp_preview.jpg
-2.733401 1.399411 -4.385119 255 68 68 R0 pano_camera3/frame_0306_hp_preview.jpg
-2.832166 1.396149 -4.051726 255 68 68 R0 pano_camera3/frame_0307_hp_preview.jpg
-2.877625 1.402885 -3.974904 255 68 68 R0 pano_camera3/frame_0308_hp_preview.jpg
-3.261742 1.409936 -3.690441 255 68 68 R0 pano_camera3/frame_0309_hp_preview.jpg
-3.729823 1.427792 -3.696874 255 68 68 R0 pano_camera3/frame_0310_hp_preview.jpg
-3.960385 1.416978 -3.917860 255 68 68 R0 pano_camera3/frame_0311_hp_preview.jpg
-4.128569 1.429212 -4.332964 255 68 68 R0 pano_camera3/frame_0312_hp_preview.jpg
-4.196616 1.430101 -4.644439 255 68 68 R0 pano_camera3/frame_0313_hp_preview.jpg
-4.229892 1.429019 -4.926250 255 68 68 R0 pano_camera3/frame_0314_hp_preview.jpg
-4.329399 1.430465 -5.612939 255 68 68 R0 pano_camera3/frame_0315_hp_preview.jpg
-4.341275 1.434257 -5.662863 255 68 68 R0 pano_camera3/frame_0316_hp_preview.jpg
-4.456013 1.424831 -6.099531 255 68 68 R0 pano_camera3/frame_0317_hp_preview.jpg
-4.733557 1.417603 -6.493369 255 68 68 R0 pano_camera3/frame_0318_hp_preview.jpg
-4.860418 1.420117 -6.503492 255 68 68 R0 pano_camera3/frame_0319_hp_preview.jpg
-5.204661 1.445634 -6.407131 255 68 68 R0 pano_camera3/frame_0320_hp_preview.jpg
-5.728389 1.456382 -5.927644 255 68 68 R0 pano_camera3/frame_0321_hp_preview.jpg
-5.756549 1.456104 -5.895276 255 68 68 R0 pano_camera3/frame_0322_hp_preview.jpg
-5.872268 1.446056 -5.429005 255 68 68 R0 pano_camera3/frame_0323_hp_preview.jpg
-5.814695 1.456028 -4.953133 255 68 68 R0 pano_camera3/frame_0324_hp_preview.jpg
-5.821113 1.448689 -4.904749 255 68 68 R0 pano_camera3/frame_0325_hp_preview.jpg
-6.038513 1.447704 -4.455291 255 68 68 R0 pano_camera3/frame_0326_hp_preview.jpg
-6.303680 1.448310 -4.405479 255 68 68 R0 pano_camera3/frame_0327_hp_preview.jpg
-6.438129 1.458753 -4.445246 255 68 68 R0 pano_camera3/frame_0328_hp_preview.jpg
-6.631331 1.464549 -4.582812 255 68 68 R0 pano_camera3/frame_0329_hp_preview.jpg
-6.985016 1.473314 -4.714161 255 68 68 R0 pano_camera3/frame_0330_hp_preview.jpg
-7.101449 1.473312 -4.624521 255 68 68 R0 pano_camera3/frame_0331_hp_preview.jpg
-6.950098 1.462510 -4.224388 255 68 68 R0 pano_camera3/frame_0332_hp_preview.jpg
-6.778728 1.453302 -4.095778 255 68 68 R0 pano_camera3/frame_0333_hp_preview.jpg
-6.511900 1.448076 -3.813405 255 68 68 R0 pano_camera3/frame_0334_hp_preview.jpg
-6.409844 1.450298 -3.635264 255 68 68 R0 pano_camera3/frame_0335_hp_preview.jpg
-6.287094 1.440720 -3.442166 255 68 68 R0 pano_camera3/frame_0336_hp_preview.jpg
-6.060484 1.431460 -2.982900 255 68 68 R0 pano_camera3/frame_0337_hp_preview.jpg
-5.949976 1.434146 -2.751992 255 68 68 R0 pano_camera3/frame_0338_hp_preview.jpg
-5.711375 1.427912 -2.138496 255 68 68 R0 pano_camera3/frame_0339_hp_preview.jpg
-5.615047 1.453874 -1.734063 255 68 68 R0 pano_camera3/frame_0340_hp_preview.jpg
-5.582398 1.447731 -1.627365 255 68 68 R0 pano_camera3/frame_0341_hp_preview.jpg
-5.454203 1.449302 -1.322916 255 68 68 R0 pano_camera3/frame_0342_hp_preview.jpg
-5.220782 1.453371 -0.973504 255 68 68 R0 pano_camera3/frame_0343_hp_preview.jpg
-5.264966 1.463158 -0.625862 255 68 68 R0 pano_camera3/frame_0344_hp_preview.jpg
-5.516939 1.466904 -0.708854 255 68 68 R0 pano_camera3/frame_0345_hp_preview.jpg
-5.714004 1.463689 -0.893401 255 68 68 R0 pano_camera3/frame_0346_hp_preview.jpg
-5.815574 1.462958 -1.100770 255 68 68 R0 pano_camera3/frame_0347_hp_preview.jpg
-5.940494 1.464197 -1.330996 255 68 68 R0 pano_camera3/frame_0348_hp_preview.jpg
-6.237551 1.454903 -1.875895 255 68 68 R0 pano_camera3/frame_0349_hp_preview.jpg
-6.434689 1.443099 -2.084256 255 68 68 R0 pano_camera3/frame_0350_hp_preview.jpg
-6.589192 1.439712 -2.232229 255 68 68 R0 pano_camera3/frame_0351_hp_preview.jpg
-7.030488 1.446635 -2.435810 255 68 68 R0 pano_camera3/frame_0352_hp_preview.jpg
-7.252179 1.462631 -2.467744 255 68 68 R0 pano_camera3/frame_0353_hp_preview.jpg
-7.612041 1.471659 -2.640672 255 68 68 R0 pano_camera3/frame_0354_hp_preview.jpg
-7.727212 1.484318 -2.818243 255 68 68 R0 pano_camera3/frame_0355_hp_preview.jpg
-7.648701 1.489696 -3.237079 255 68 68 R0 pano_camera3/frame_0356_hp_preview.jpg
-7.576138 1.473189 -3.528013 255 68 68 R0 pano_camera3/frame_0357_hp_preview.jpg
-7.532688 1.453689 -3.610879 255 68 68 R0 pano_camera3/frame_0358_hp_preview.jpg
-7.501295 1.444138 -3.633930 255 68 68 R0 pano_camera3/frame_0359_hp_preview.jpg
-7.548684 1.459743 -3.639956 255 68 68 R0 pano_camera3/frame_0360_hp_preview.jpg
-7.548815 1.458681 -3.644156 255 68 68 R0 pano_camera3/frame_0361_hp_preview.jpg
-7.658608 1.467158 -3.910693 255 68 68 R0 pano_camera3/frame_0362_hp_preview.jpg
-7.791464 1.473250 -3.968634 255 68 68 R0 pano_camera3/frame_0363_hp_preview.jpg
-8.051945 1.505622 -3.985809 255 68 68 R0 pano_camera3/frame_0364_hp_preview.jpg
-8.132823 1.508930 -3.931367 255 68 68 R0 pano_camera3/frame_0365_hp_preview.jpg
-8.178070 1.502901 -3.533454 255 68 68 R0 pano_camera3/frame_0366_hp_preview.jpg
-8.154920 1.499634 -3.473401 255 68 68 R0 pano_camera3/frame_0367_hp_preview.jpg
-8.015165 1.486304 -3.170367 255 68 68 R0 pano_camera3/frame_0368_hp_preview.jpg
-7.715936 1.482236 -2.549189 255 68 68 R0 pano_camera3/frame_0369_hp_preview.jpg
-7.727077 1.454690 -2.345741 255 68 68 R0 pano_camera3/frame_0370_hp_preview.jpg
-7.865296 1.487792 -2.205310 255 68 68 R0 pano_camera3/frame_0371_hp_preview.jpg
-8.192727 1.487765 -2.265485 255 68 68 R0 pano_camera3/frame_0372_hp_preview.jpg
-8.445057 1.500488 -2.518609 255 68 68 R0 pano_camera3/frame_0373_hp_preview.jpg
-9.054569 1.504244 -2.880852 255 68 68 R0 pano_camera3/frame_0374_hp_preview.jpg
-9.246577 1.515863 -2.892398 255 68 68 R0 pano_camera3/frame_0375_hp_preview.jpg
-9.469081 1.530070 -2.818588 255 68 68 R0 pano_camera3/frame_0376_hp_preview.jpg
-9.644641 1.538168 -2.725918 255 68 68 R0 pano_camera3/frame_0377_hp_preview.jpg
-10.147651 1.574275 -2.338347 255 68 68 R0 pano_camera3/frame_0378_hp_preview.jpg
-10.264202 1.566266 -2.190174 255 68 68 R0 pano_camera3/frame_0379_hp_preview.jpg
-10.381315 1.566182 -1.963396 255 68 68 R0 pano_camera3/frame_0380_hp_preview.jpg
-10.444809 1.447656 -1.942093 255 68 68 R0 pano_camera3/frame_0381_hp_preview.jpg
-10.471636 1.318899 -1.790101 255 68 68 R0 pano_camera3/frame_0382_hp_preview.jpg
-10.422512 1.523793 -1.525354 255 68 68 R0 pano_camera3/frame_0383_hp_preview.jpg
-10.392985 1.536963 -1.527301 255 68 68 R0 pano_camera3/frame_0384_hp_preview.jpg
-10.232246 1.546738 -1.329714 255 68 68 R0 pano_camera3/frame_0385_hp_preview.jpg
-9.915283 1.553340 -0.887711 255 68 68 R0 pano_camera3/frame_0386_hp_preview.jpg
-9.790038 1.551386 -0.668939 255 68 68 R0 pano_camera3/frame_0387_hp_preview.jpg
-9.337256 1.548551 -0.025812 255 68 68 R0 pano_camera3/frame_0388_hp_preview.jpg
-9.015227 1.537091 0.362259 255 68 68 R0 pano_camera3/frame_0389_hp_preview.jpg
-8.869570 1.524897 0.505527 255 68 68 R0 pano_camera3/frame_0390_hp_preview.jpg
-8.455187 1.524745 0.696471 255 68 68 R0 pano_camera3/frame_0391_hp_preview.jpg
-8.370792 1.520067 0.651974 255 68 68 R0 pano_camera3/frame_0392_hp_preview.jpg
-8.411250 1.519812 0.462938 255 68 68 R0 pano_camera3/frame_0393_hp_preview.jpg
-8.582961 1.513175 0.320167 255 68 68 R0 pano_camera3/frame_0394_hp_preview.jpg
-8.878268 1.510591 0.090925 255 68 68 R0 pano_camera3/frame_0395_hp_preview.jpg
-9.088768 1.513282 -0.234472 255 68 68 R0 pano_camera3/frame_0396_hp_preview.jpg
-8.890905 1.528206 -0.658472 255 68 68 R0 pano_camera3/frame_0397_hp_preview.jpg
-8.754420 1.523245 -0.760793 255 68 68 R0 pano_camera3/frame_0398_hp_preview.jpg
-8.276093 1.521298 -0.780037 255 68 68 R0 pano_camera3/frame_0399_hp_preview.jpg
-7.899597 1.502082 -0.425840 255 68 68 R0 pano_camera3/frame_0400_hp_preview.jpg
-7.624153 1.496778 -0.126280 255 68 68 R0 pano_camera3/frame_0401_hp_preview.jpg
-7.603742 1.495640 -0.107939 255 68 68 R0 pano_camera3/frame_0402_hp_preview.jpg
-7.347870 1.488496 0.179778 255 68 68 R0 pano_camera3/frame_0403_hp_preview.jpg
-6.827138 1.480388 0.172964 255 68 68 R0 pano_camera3/frame_0404_hp_preview.jpg
-6.798477 1.485972 0.143082 255 68 68 R0 pano_camera3/frame_0405_hp_preview.jpg
-6.644564 1.491830 -0.314655 255 68 68 R0 pano_camera3/frame_0406_hp_preview.jpg
-6.908735 1.480543 -0.674629 255 68 68 R0 pano_camera3/frame_0407_hp_preview.jpg
-7.053842 1.485627 -0.858239 255 68 68 R0 pano_camera3/frame_0408_hp_preview.jpg
-7.165724 1.480087 -0.989751 255 68 68 R0 pano_camera3/frame_0409_hp_preview.jpg
-7.275996 1.495399 -1.335016 255 68 68 R0 pano_camera3/frame_0410_hp_preview.jpg
-6.953836 1.480067 -1.871943 255 68 68 R0 pano_camera3/frame_0411_hp_preview.jpg
-6.892299 1.471010 -1.929459 255 68 68 R0 pano_camera3/frame_0412_hp_preview.jpg
-6.760310 1.471893 -2.112024 255 68 68 R0 pano_camera3/frame_0413_hp_preview.jpg
-6.781340 1.474433 -2.117340 255 68 68 R0 pano_camera3/frame_0414_hp_preview.jpg
-6.782789 1.474791 -2.115879 255 68 68 R0 pano_camera3/frame_0415_hp_preview.jpg
-6.779366 1.470174 -2.117299 255 68 68 R0 pano_camera3/frame_0416_hp_preview.jpg
0.000000 -0.000000 -0.000000 255 68 68 R0 pano_camera4/frame_0140_hp_preview.jpg
0.127761 0.005893 0.127489 255 68 68 R0 pano_camera4/frame_0141_hp_preview.jpg
0.346065 0.002623 0.368119 255 68 68 R0 pano_camera4/frame_0142_hp_preview.jpg
0.502974 0.000991 0.466662 255 68 68 R0 pano_camera4/frame_0143_hp_preview.jpg
0.678739 0.015540 0.414781 255 68 68 R0 pano_camera4/frame_0144_hp_preview.jpg
0.737090 0.018654 0.238093 255 68 68 R0 pano_camera4/frame_0145_hp_preview.jpg
-0.124670 0.012572 0.426911 255 68 68 R0 pano_camera4/frame_0157_hp_preview.jpg
-0.262354 0.016634 0.512870 255 68 68 R0 pano_camera4/frame_0158_hp_preview.jpg
-0.311416 0.022625 0.610571 255 68 68 R0 pano_camera4/frame_0159_hp_preview.jpg
-0.560078 0.018756 1.219305 255 68 68 R0 pano_camera4/frame_0160_hp_preview.jpg
-0.767483 0.019702 1.481333 255 68 68 R0 pano_camera4/frame_0161_hp_preview.jpg
-1.068574 0.036567 1.770408 255 68 68 R0 pano_camera4/frame_0162_hp_preview.jpg
-1.275881 0.044868 1.930176 255 68 68 R0 pano_camera4/frame_0163_hp_preview.jpg
-1.500918 0.057022 2.072409 255 68 68 R0 pano_camera4/frame_0164_hp_preview.jpg
-1.898270 0.062840 2.059469 255 68 68 R0 pano_camera4/frame_0165_hp_preview.jpg
-2.059379 0.061956 1.926443 255 68 68 R0 pano_camera4/frame_0166_hp_preview.jpg
-2.306152 0.064967 1.566645 255 68 68 R0 pano_camera4/frame_0167_hp_preview.jpg
-2.254054 0.055954 1.180005 255 68 68 R0 pano_camera4/frame_0168_hp_preview.jpg
-2.164023 0.064813 1.063815 255 68 68 R0 pano_camera4/frame_0169_hp_preview.jpg
-1.628619 0.039325 0.531807 255 68 68 R0 pano_camera4/frame_0170_hp_preview.jpg
-1.555925 0.051705 0.462216 255 68 68 R0 pano_camera4/frame_0171_hp_preview.jpg
-1.216531 0.029524 0.136708 255 68 68 R0 pano_camera4/frame_0172_hp_preview.jpg
-1.139232 0.033650 -0.243558 255 68 68 R0 pano_camera4/frame_0173_hp_preview.jpg
-1.343489 0.039625 -0.579343 255 68 68 R0 pano_camera4/frame_0174_hp_preview.jpg
-1.352569 0.042647 -0.584853 255 68 68 R0 pano_camera4/frame_0175_hp_preview.jpg
-1.783851 0.041097 -0.679115 255 68 68 R0 pano_camera4/frame_0176_hp_preview.jpg
-2.027872 0.054168 -0.630610 255 68 68 R0 pano_camera4/frame_0177_hp_preview.jpg
-2.489710 0.059054 -0.612872 255 68 68 R0 pano_camera4/frame_0178_hp_preview.jpg
-2.811045 0.063821 -0.861251 255 68 68 R0 pano_camera4/frame_0179_hp_preview.jpg
-2.853184 0.061475 -1.054876 255 68 68 R0 pano_camera4/frame_0180_hp_preview.jpg
-2.721299 0.042578 -1.292536 255 68 68 R0 pano_camera4/frame_0181_hp_preview.jpg
-2.526142 0.035930 -1.453878 255 68 68 R0 pano_camera4/frame_0182_hp_preview.jpg
-2.301400 0.040123 -1.773078 255 68 68 R0 pano_camera4/frame_0183_hp_preview.jpg
-2.453016 0.029724 -1.921645 255 68 68 R0 pano_camera4/frame_0184_hp_preview.jpg
-2.606686 0.033477 -1.872825 255 68 68 R0 pano_camera4/frame_0185_hp_preview.jpg
-2.799749 0.032787 -1.728868 255 68 68 R0 pano_camera4/frame_0186_hp_preview.jpg
-2.998447 0.037709 -1.593322 255 68 68 R0 pano_camera4/frame_0187_hp_preview.jpg
-3.298041 0.045684 -1.488717 255 68 68 R0 pano_camera4/frame_0188_hp_preview.jpg
-3.601257 0.050376 -1.576761 255 68 68 R0 pano_camera4/frame_0189_hp_preview.jpg
-3.632048 0.056282 -1.595888 255 68 68 R0 pano_camera4/frame_0190_hp_preview.jpg
-3.799038 0.058890 -1.810546 255 68 68 R0 pano_camera4/frame_0191_hp_preview.jpg
-3.800911 0.059050 -2.170497 255 68 68 R0 pano_camera4/frame_0192_hp_preview.jpg
-3.669442 0.047692 -2.421538 255 68 68 R0 pano_camera4/frame_0193_hp_preview.jpg
-3.449269 0.032058 -2.704399 255 68 68 R0 pano_camera4/frame_0194_hp_preview.jpg
-3.310763 0.033236 -2.917283 255 68 68 R0 pano_camera4/frame_0195_hp_preview.jpg
-3.338865 0.019854 -3.121542 255 68 68 R0 pano_camera4/frame_0196_hp_preview.jpg
-3.538208 0.022125 -3.493627 255 68 68 R0 pano_camera4/frame_0197_hp_preview.jpg
-3.915358 0.040654 -3.974386 255 68 68 R0 pano_camera4/frame_0198_hp_preview.jpg
-4.025670 0.046948 -4.115116 255 68 68 R0 pano_camera4/frame_0199_hp_preview.jpg
-4.648176 0.085162 -4.683064 255 68 68 R0 pano_camera4/frame_0200_hp_preview.jpg
-4.639617 0.129478 -4.777532 255 68 68 R0 pano_camera4/frame_0201_hp_preview.jpg
-4.675514 0.061964 -3.540702 255 68 68 R0 pano_camera4/frame_0226_hp_preview.jpg
-5.281499 0.081925 -2.268250 255 68 68 R0 pano_camera4/frame_0240_hp_preview.jpg
-5.266954 0.074577 -2.202432 255 68 68 R0 pano_camera4/frame_0241_hp_preview.jpg
-5.370329 0.072442 -1.925080 255 68 68 R0 pano_camera4/frame_0242_hp_preview.jpg
-5.252398 0.068856 -1.762748 255 68 68 R0 pano_camera4/frame_0243_hp_preview.jpg
-5.039062 0.062700 -1.777850 255 68 68 R0 pano_camera4/frame_0244_hp_preview.jpg
-4.935709 0.057573 -1.760045 255 68 68 R0 pano_camera4/frame_0245_hp_preview.jpg
-4.664298 0.028147 -1.697217 255 68 68 R0 pano_camera4/frame_0246_hp_preview.jpg
-4.536918 0.032600 -1.771611 255 68 68 R0 pano_camera4/frame_0247_hp_preview.jpg
-4.221239 0.028061 -1.699083 255 68 68 R0 pano_camera4/frame_0248_hp_preview.jpg
-4.185656 0.025576 -1.679158 255 68 68 R0 pano_camera4/frame_0249_hp_preview.jpg
-3.558775 0.023151 -1.212276 255 68 68 R0 pano_camera4/frame_0250_hp_preview.jpg
-3.548390 0.021609 -1.202746 255 68 68 R0 pano_camera4/frame_0251_hp_preview.jpg
-3.244884 0.031192 -0.781031 255 68 68 R0 pano_camera4/frame_0252_hp_preview.jpg
-3.096191 0.051215 -0.241996 255 68 68 R0 pano_camera4/frame_0253_hp_preview.jpg
-3.367992 0.068919 0.083213 255 68 68 R0 pano_camera4/frame_0254_hp_preview.jpg
-3.410640 0.066340 0.088704 255 68 68 R0 pano_camera4/frame_0255_hp_preview.jpg
-3.842053 0.107590 -0.267415 255 68 68 R0 pano_camera4/frame_0256_hp_preview.jpg
-3.971249 0.234061 -0.442052 255 68 68 R0 pano_camera4/frame_0257_hp_preview.jpg
-4.020066 0.315466 -0.509198 255 68 68 R0 pano_camera4/frame_0258_hp_preview.jpg
-4.097854 0.388958 -0.632968 255 68 68 R0 pano_camera4/frame_0259_hp_preview.jpg
-4.277114 0.637504 -0.907121 255 68 68 R0 pano_camera4/frame_0260_hp_preview.jpg
-4.279742 0.640201 -0.913409 255 68 68 R0 pano_camera4/frame_0261_hp_preview.jpg
-4.490617 0.898140 -1.177614 255 68 68 R0 pano_camera4/frame_0262_hp_preview.jpg
-4.501059 0.907531 -1.184322 255 68 68 R0 pano_camera4/frame_0263_hp_preview.jpg
-4.605610 1.050798 -1.322791 255 68 68 R0 pano_camera4/frame_0264_hp_preview.jpg
-4.766816 1.227890 -1.530183 255 68 68 R0 pano_camera4/frame_0265_hp_preview.jpg
-4.812070 1.360665 -1.757383 255 68 68 R0 pano_camera4/frame_0266_hp_preview.jpg
-4.798484 1.434485 -1.967036 255 68 68 R0 pano_camera4/frame_0267_hp_preview.jpg
-4.596928 1.424548 -2.199258 255 68 68 R0 pano_camera4/frame_0268_hp_preview.jpg
-4.223754 1.424747 -2.564168 255 68 68 R0 pano_camera4/frame_0269_hp_preview.jpg
-4.037447 1.439566 -2.719237 255 68 68 R0 pano_camera4/frame_0270_hp_preview.jpg
-3.669822 1.427466 -2.980780 255 68 68 R0 pano_camera4/frame_0271_hp_preview.jpg
-3.329324 1.425409 -3.230354 255 68 68 R0 pano_camera4/frame_0272_hp_preview.jpg
-3.146135 1.432494 -3.377038 255 68 68 R0 pano_camera4/frame_0273_hp_preview.jpg
-2.557956 1.417994 -3.824379 255 68 68 R0 pano_camera4/frame_0274_hp_preview.jpg
-2.499719 1.420799 -3.880803 255 68 68 R0 pano_camera4/frame_0275_hp_preview.jpg
-2.027981 1.416347 -4.253606 255 68 68 R0 pano_camera4/frame_0276_hp_preview.jpg
-1.889447 1.419430 -4.380846 255 68 68 R0 pano_camera4/frame_0277_hp_preview.jpg
-1.470993 1.429447 -4.787816 255 68 68 R0 pano_camera4/frame_0278_hp_preview.jpg
-1.233648 1.422878 -4.957867 255 68 68 R0 pano_camera4/frame_0279_hp_preview.jpg
-0.649317 1.418283 -5.459124 255 68 68 R0 pano_camera4/frame_0280_hp_preview.jpg
-0.536737 1.414300 -5.541142 255 68 68 R0 pano_camera4/frame_0281_hp_preview.jpg
-0.385244 1.407074 -5.694420 255 68 68 R0 pano_camera4/frame_0282_hp_preview.jpg
-0.307456 1.402981 -5.929093 255 68 68 R0 pano_camera4/frame_0283_hp_preview.jpg
-0.486499 1.394691 -6.316210 255 68 68 R0 pano_camera4/frame_0284_hp_preview.jpg
-0.523706 1.392646 -6.342671 255 68 68 R0 pano_camera4/frame_0285_hp_preview.jpg
-0.778917 1.394235 -6.547998 255 68 68 R0 pano_camera4/frame_0286_hp_preview.jpg
-0.979118 1.411449 -6.555753 255 68 68 R0 pano_camera4/frame_0287_hp_preview.jpg
-1.240202 1.424108 -6.570644 255 68 68 R0 pano_camera4/frame_0288_hp_preview.jpg
-1.395073 1.431397 -6.646499 255 68 68 R0 pano_camera4/frame_0289_hp_preview.jpg
-1.501382 1.429986 -6.900419 255 68 68 R0 pano_camera4/frame_0290_hp_preview.jpg
-1.598073 1.419180 -7.448349 255 68 68 R0 pano_camera4/frame_0291_hp_preview.jpg
-1.663208 1.418926 -7.660912 255 68 68 R0 pano_camera4/frame_0292_hp_preview.jpg
-1.705980 1.413616 -7.838134 255 68 68 R0 pano_camera4/frame_0293_hp_preview.jpg
-2.166427 1.403255 -8.283259 255 68 68 R0 pano_camera4/frame_0294_hp_preview.jpg
-2.216551 1.405076 -8.295318 255 68 68 R0 pano_camera4/frame_0295_hp_preview.jpg
-2.758252 1.406874 -8.102471 255 68 68 R0 pano_camera4/frame_0296_hp_preview.jpg
-2.857817 1.414819 -7.756588 255 68 68 R0 pano_camera4/frame_0297_hp_preview.jpg
-2.885242 1.404733 -7.446474 255 68 68 R0 pano_camera4/frame_0298_hp_preview.jpg
-2.896998 1.411660 -7.204359 255 68 68 R0 pano_camera4/frame_0299_hp_preview.jpg
-2.927742 1.418923 -6.742150 255 68 68 R0 pano_camera4/frame_0300_hp_preview.jpg
-2.930316 1.405266 -6.422174 255 68 68 R0 pano_camera4/frame_0301_hp_preview.jpg
-2.899770 1.401872 -6.101058 255 68 68 R0 pano_camera4/frame_0302_hp_preview.jpg
-2.785137 1.414961 -5.663155 255 68 68 R0 pano_camera4/frame_0303_hp_preview.jpg
-2.735448 1.410451 -5.439261 255 68 68 R0 pano_camera4/frame_0304_hp_preview.jpg
-2.671398 1.406015 -4.910885 255 68 68 R0 pano_camera4/frame_0305_hp_preview.jpg
-2.733401 1.399411 -4.385119 255 68 68 R0 pano_camera4/frame_0306_hp_preview.jpg
-2.832166 1.396149 -4.051726 255 68 68 R0 pano_camera4/frame_0307_hp_preview.jpg
-2.877625 1.402885 -3.974904 255 68 68 R0 pano_camera4/frame_0308_hp_preview.jpg
-3.261742 1.409936 -3.690441 255 68 68 R0 pano_camera4/frame_0309_hp_preview.jpg
-3.729823 1.427792 -3.696874 255 68 68 R0 pano_camera4/frame_0310_hp_preview.jpg
-3.960385 1.416978 -3.917860 255 68 68 R0 pano_camera4/frame_0311_hp_preview.jpg
-4.128569 1.429212 -4.332964 255 68 68 R0 pano_camera4/frame_0312_hp_preview.jpg
-4.196616 1.430101 -4.644439 255 68 68 R0 pano_camera4/frame_0313_hp_preview.jpg
-4.229892 1.429019 -4.926250 255 68 68 R0 pano_camera4/frame_0314_hp_preview.jpg
-4.329399 1.430465 -5.612939 255 68 68 R0 pano_camera4/frame_0315_hp_preview.jpg
-4.341275 1.434257 -5.662863 255 68 68 R0 pano_camera4/frame_0316_hp_preview.jpg
-4.456013 1.424831 -6.099531 255 68 68 R0 pano_camera4/frame_0317_hp_preview.jpg
-4.733557 1.417603 -6.493369 255 68 68 R0 pano_camera4/frame_0318_hp_preview.jpg
-4.860418 1.420117 -6.503492 255 68 68 R0 pano_camera4/frame_0319_hp_preview.jpg
-5.204661 1.445634 -6.407131 255 68 68 R0 pano_camera4/frame_0320_hp_preview.jpg
-5.728389 1.456382 -5.927644 255 68 68 R0 pano_camera4/frame_0321_hp_preview.jpg
-5.756549 1.456104 -5.895276 255 68 68 R0 pano_camera4/frame_0322_hp_preview.jpg
-5.872268 1.446056 -5.429005 255 68 68 R0 pano_camera4/frame_0323_hp_preview.jpg
-5.814695 1.456028 -4.953133 255 68 68 R0 pano_camera4/frame_0324_hp_preview.jpg
-5.821113 1.448689 -4.904749 255 68 68 R0 pano_camera4/frame_0325_hp_preview.jpg
-6.038513 1.447704 -4.455291 255 68 68 R0 pano_camera4/frame_0326_hp_preview.jpg
-6.303680 1.448310 -4.405479 255 68 68 R0 pano_camera4/frame_0327_hp_preview.jpg
-6.438129 1.458753 -4.445246 255 68 68 R0 pano_camera4/frame_0328_hp_preview.jpg
-6.631331 1.464549 -4.582812 255 68 68 R0 pano_camera4/frame_0329_hp_preview.jpg
-6.985016 1.473314 -4.714161 255 68 68 R0 pano_camera4/frame_0330_hp_preview.jpg
-7.101449 1.473312 -4.624521 255 68 68 R0 pano_camera4/frame_0331_hp_preview.jpg
-6.950098 1.462510 -4.224388 255 68 68 R0 pano_camera4/frame_0332_hp_preview.jpg
-6.778728 1.453302 -4.095778 255 68 68 R0 pano_camera4/frame_0333_hp_preview.jpg
-6.511900 1.448076 -3.813405 255 68 68 R0 pano_camera4/frame_0334_hp_preview.jpg
-6.409844 1.450298 -3.635264 255 68 68 R0 pano_camera4/frame_0335_hp_preview.jpg
-6.287094 1.440720 -3.442166 255 68 68 R0 pano_camera4/frame_0336_hp_preview.jpg
-6.060484 1.431460 -2.982900 255 68 68 R0 pano_camera4/frame_0337_hp_preview.jpg
-5.949976 1.434146 -2.751992 255 68 68 R0 pano_camera4/frame_0338_hp_preview.jpg
-5.711375 1.427912 -2.138496 255 68 68 R0 pano_camera4/frame_0339_hp_preview.jpg
-5.615047 1.453874 -1.734063 255 68 68 R0 pano_camera4/frame_0340_hp_preview.jpg
-5.582398 1.447731 -1.627365 255 68 68 R0 pano_camera4/frame_0341_hp_preview.jpg
-5.454203 1.449302 -1.322916 255 68 68 R0 pano_camera4/frame_0342_hp_preview.jpg
-5.220782 1.453371 -0.973504 255 68 68 R0 pano_camera4/frame_0343_hp_preview.jpg
-5.264966 1.463158 -0.625862 255 68 68 R0 pano_camera4/frame_0344_hp_preview.jpg
-5.516939 1.466904 -0.708854 255 68 68 R0 pano_camera4/frame_0345_hp_preview.jpg
-5.714004 1.463689 -0.893401 255 68 68 R0 pano_camera4/frame_0346_hp_preview.jpg
-5.815574 1.462958 -1.100770 255 68 68 R0 pano_camera4/frame_0347_hp_preview.jpg
-5.940494 1.464197 -1.330996 255 68 68 R0 pano_camera4/frame_0348_hp_preview.jpg
-6.237551 1.454903 -1.875895 255 68 68 R0 pano_camera4/frame_0349_hp_preview.jpg
-6.434689 1.443099 -2.084256 255 68 68 R0 pano_camera4/frame_0350_hp_preview.jpg
-6.589192 1.439712 -2.232229 255 68 68 R0 pano_camera4/frame_0351_hp_preview.jpg
-7.030488 1.446635 -2.435810 255 68 68 R0 pano_camera4/frame_0352_hp_preview.jpg
-7.252179 1.462631 -2.467744 255 68 68 R0 pano_camera4/frame_0353_hp_preview.jpg
-7.612041 1.471659 -2.640672 255 68 68 R0 pano_camera4/frame_0354_hp_preview.jpg
-7.727212 1.484318 -2.818243 255 68 68 R0 pano_camera4/frame_0355_hp_preview.jpg
-7.648701 1.489696 -3.237079 255 68 68 R0 pano_camera4/frame_0356_hp_preview.jpg
-7.576138 1.473189 -3.528013 255 68 68 R0 pano_camera4/frame_0357_hp_preview.jpg
-7.532688 1.453689 -3.610879 255 68 68 R0 pano_camera4/frame_0358_hp_preview.jpg
-7.501295 1.444138 -3.633930 255 68 68 R0 pano_camera4/frame_0359_hp_preview.jpg
-7.548684 1.459743 -3.639956 255 68 68 R0 pano_camera4/frame_0360_hp_preview.jpg
-7.548815 1.458681 -3.644156 255 68 68 R0 pano_camera4/frame_0361_hp_preview.jpg
-7.658608 1.467158 -3.910693 255 68 68 R0 pano_camera4/frame_0362_hp_preview.jpg
-7.791464 1.473250 -3.968634 255 68 68 R0 pano_camera4/frame_0363_hp_preview.jpg
-8.051945 1.505622 -3.985809 255 68 68 R0 pano_camera4/frame_0364_hp_preview.jpg
-8.132823 1.508930 -3.931367 255 68 68 R0 pano_camera4/frame_0365_hp_preview.jpg
-8.178070 1.502901 -3.533454 255 68 68 R0 pano_camera4/frame_0366_hp_preview.jpg
-8.154920 1.499634 -3.473401 255 68 68 R0 pano_camera4/frame_0367_hp_preview.jpg
-8.015165 1.486304 -3.170367 255 68 68 R0 pano_camera4/frame_0368_hp_preview.jpg
-7.715936 1.482236 -2.549189 255 68 68 R0 pano_camera4/frame_0369_hp_preview.jpg
-7.727077 1.454690 -2.345741 255 68 68 R0 pano_camera4/frame_0370_hp_preview.jpg
-7.865296 1.487792 -2.205310 255 68 68 R0 pano_camera4/frame_0371_hp_preview.jpg
-8.192727 1.487765 -2.265485 255 68 68 R0 pano_camera4/frame_0372_hp_preview.jpg
-8.445057 1.500488 -2.518609 255 68 68 R0 pano_camera4/frame_0373_hp_preview.jpg
-9.054569 1.504244 -2.880852 255 68 68 R0 pano_camera4/frame_0374_hp_preview.jpg
-9.246577 1.515863 -2.892398 255 68 68 R0 pano_camera4/frame_0375_hp_preview.jpg
-9.469081 1.530070 -2.818588 255 68 68 R0 pano_camera4/frame_0376_hp_preview.jpg
-9.644641 1.538168 -2.725918 255 68 68 R0 pano_camera4/frame_0377_hp_preview.jpg
-10.147651 1.574275 -2.338347 255 68 68 R0 pano_camera4/frame_0378_hp_preview.jpg
-10.264202 1.566266 -2.190174 255 68 68 R0 pano_camera4/frame_0379_hp_preview.jpg
-10.381315 1.566182 -1.963396 255 68 68 R0 pano_camera4/frame_0380_hp_preview.jpg
-10.444809 1.447656 -1.942093 255 68 68 R0 pano_camera4/frame_0381_hp_preview.jpg
-10.471636 1.318899 -1.790101 255 68 68 R0 pano_camera4/frame_0382_hp_preview.jpg
-10.422512 1.523793 -1.525354 255 68 68 R0 pano_camera4/frame_0383_hp_preview.jpg
-10.392985 1.536963 -1.527301 255 68 68 R0 pano_camera4/frame_0384_hp_preview.jpg
-10.232246 1.546738 -1.329714 255 68 68 R0 pano_camera4/frame_0385_hp_preview.jpg
-9.915283 1.553340 -0.887711 255 68 68 R0 pano_camera4/frame_0386_hp_preview.jpg
-9.790038 1.551386 -0.668939 255 68 68 R0 pano_camera4/frame_0387_hp_preview.jpg
-9.337256 1.548551 -0.025812 255 68 68 R0 pano_camera4/frame_0388_hp_preview.jpg
-9.015227 1.537091 0.362259 255 68 68 R0 pano_camera4/frame_0389_hp_preview.jpg
-8.869570 1.524897 0.505527 255 68 68 R0 pano_camera4/frame_0390_hp_preview.jpg
-8.455187 1.524745 0.696471 255 68 68 R0 pano_camera4/frame_0391_hp_preview.jpg
-8.370792 1.520067 0.651974 255 68 68 R0 pano_camera4/frame_0392_hp_preview.jpg
-8.411250 1.519812 0.462938 255 68 68 R0 pano_camera4/frame_0393_hp_preview.jpg
-8.582961 1.513175 0.320167 255 68 68 R0 pano_camera4/frame_0394_hp_preview.jpg
-8.878268 1.510591 0.090925 255 68 68 R0 pano_camera4/frame_0395_hp_preview.jpg
-9.088768 1.513282 -0.234472 255 68 68 R0 pano_camera4/frame_0396_hp_preview.jpg
-8.890905 1.528206 -0.658472 255 68 68 R0 pano_camera4/frame_0397_hp_preview.jpg
-8.754420 1.523245 -0.760793 255 68 68 R0 pano_camera4/frame_0398_hp_preview.jpg
-8.276093 1.521298 -0.780037 255 68 68 R0 pano_camera4/frame_0399_hp_preview.jpg
-7.899597 1.502082 -0.425840 255 68 68 R0 pano_camera4/frame_0400_hp_preview.jpg
-7.624153 1.496778 -0.126280 255 68 68 R0 pano_camera4/frame_0401_hp_preview.jpg
-7.603742 1.495640 -0.107939 255 68 68 R0 pano_camera4/frame_0402_hp_preview.jpg
-7.347870 1.488496 0.179778 255 68 68 R0 pano_camera4/frame_0403_hp_preview.jpg
-6.827138 1.480388 0.172964 255 68 68 R0 pano_camera4/frame_0404_hp_preview.jpg
-6.798477 1.485972 0.143082 255 68 68 R0 pano_camera4/frame_0405_hp_preview.jpg
-6.644564 1.491830 -0.314655 255 68 68 R0 pano_camera4/frame_0406_hp_preview.jpg
-6.908735 1.480543 -0.674629 255 68 68 R0 pano_camera4/frame_0407_hp_preview.jpg
-7.053842 1.485627 -0.858239 255 68 68 R0 pano_camera4/frame_0408_hp_preview.jpg
-7.165724 1.480087 -0.989751 255 68 68 R0 pano_camera4/frame_0409_hp_preview.jpg
-7.275996 1.495399 -1.335016 255 68 68 R0 pano_camera4/frame_0410_hp_preview.jpg
-6.953836 1.480067 -1.871943 255 68 68 R0 pano_camera4/frame_0411_hp_preview.jpg
-6.892299 1.471010 -1.929459 255 68 68 R0 pano_camera4/frame_0412_hp_preview.jpg
-6.760310 1.471893 -2.112024 255 68 68 R0 pano_camera4/frame_0413_hp_preview.jpg
-6.781340 1.474433 -2.117340 255 68 68 R0 pano_camera4/frame_0414_hp_preview.jpg
-6.782789 1.474791 -2.115879 255 68 68 R0 pano_camera4/frame_0415_hp_preview.jpg
-6.779366 1.470174 -2.117299 255 68 68 R0 pano_camera4/frame_0416_hp_preview.jpg
0.000000 0.000000 -0.000000 255 68 68 R0 pano_camera5/frame_0140_hp_preview.jpg
0.127761 0.005893 0.127489 255 68 68 R0 pano_camera5/frame_0141_hp_preview.jpg
0.346065 0.002623 0.368119 255 68 68 R0 pano_camera5/frame_0142_hp_preview.jpg
0.502974 0.000991 0.466662 255 68 68 R0 pano_camera5/frame_0143_hp_preview.jpg
0.678739 0.015540 0.414781 255 68 68 R0 pano_camera5/frame_0144_hp_preview.jpg
0.737090 0.018654 0.238093 255 68 68 R0 pano_camera5/frame_0145_hp_preview.jpg
-0.124670 0.012572 0.426911 255 68 68 R0 pano_camera5/frame_0157_hp_preview.jpg
-0.262354 0.016634 0.512870 255 68 68 R0 pano_camera5/frame_0158_hp_preview.jpg
-0.311416 0.022625 0.610571 255 68 68 R0 pano_camera5/frame_0159_hp_preview.jpg
-0.560078 0.018756 1.219305 255 68 68 R0 pano_camera5/frame_0160_hp_preview.jpg
-0.767483 0.019702 1.481333 255 68 68 R0 pano_camera5/frame_0161_hp_preview.jpg
-1.068574 0.036567 1.770408 255 68 68 R0 pano_camera5/frame_0162_hp_preview.jpg
-1.275881 0.044868 1.930176 255 68 68 R0 pano_camera5/frame_0163_hp_preview.jpg
-1.500918 0.057022 2.072409 255 68 68 R0 pano_camera5/frame_0164_hp_preview.jpg
-1.898270 0.062840 2.059469 255 68 68 R0 pano_camera5/frame_0165_hp_preview.jpg
-2.059379 0.061956 1.926443 255 68 68 R0 pano_camera5/frame_0166_hp_preview.jpg
-2.306152 0.064967 1.566645 255 68 68 R0 pano_camera5/frame_0167_hp_preview.jpg
-2.254054 0.055954 1.180005 255 68 68 R0 pano_camera5/frame_0168_hp_preview.jpg
-2.164023 0.064813 1.063815 255 68 68 R0 pano_camera5/frame_0169_hp_preview.jpg
-1.628619 0.039325 0.531807 255 68 68 R0 pano_camera5/frame_0170_hp_preview.jpg
-1.555925 0.051705 0.462216 255 68 68 R0 pano_camera5/frame_0171_hp_preview.jpg
-1.216531 0.029524 0.136708 255 68 68 R0 pano_camera5/frame_0172_hp_preview.jpg
-1.139232 0.033650 -0.243558 255 68 68 R0 pano_camera5/frame_0173_hp_preview.jpg
-1.343489 0.039625 -0.579343 255 68 68 R0 pano_camera5/frame_0174_hp_preview.jpg
-1.352569 0.042647 -0.584853 255 68 68 R0 pano_camera5/frame_0175_hp_preview.jpg
-1.783851 0.041097 -0.679115 255 68 68 R0 pano_camera5/frame_0176_hp_preview.jpg
-2.027872 0.054168 -0.630610 255 68 68 R0 pano_camera5/frame_0177_hp_preview.jpg
-2.489710 0.059054 -0.612872 255 68 68 R0 pano_camera5/frame_0178_hp_preview.jpg
-2.811045 0.063821 -0.861251 255 68 68 R0 pano_camera5/frame_0179_hp_preview.jpg
-2.853184 0.061475 -1.054876 255 68 68 R0 pano_camera5/frame_0180_hp_preview.jpg
-2.721299 0.042578 -1.292536 255 68 68 R0 pano_camera5/frame_0181_hp_preview.jpg
-2.526142 0.035930 -1.453878 255 68 68 R0 pano_camera5/frame_0182_hp_preview.jpg
-2.301400 0.040123 -1.773078 255 68 68 R0 pano_camera5/frame_0183_hp_preview.jpg
-2.453016 0.029724 -1.921645 255 68 68 R0 pano_camera5/frame_0184_hp_preview.jpg
-2.606686 0.033477 -1.872825 255 68 68 R0 pano_camera5/frame_0185_hp_preview.jpg
-2.799749 0.032787 -1.728868 255 68 68 R0 pano_camera5/frame_0186_hp_preview.jpg
-2.998447 0.037709 -1.593322 255 68 68 R0 pano_camera5/frame_0187_hp_preview.jpg
-3.298041 0.045684 -1.488717 255 68 68 R0 pano_camera5/frame_0188_hp_preview.jpg
-3.601257 0.050376 -1.576761 255 68 68 R0 pano_camera5/frame_0189_hp_preview.jpg
-3.632048 0.056282 -1.595888 255 68 68 R0 pano_camera5/frame_0190_hp_preview.jpg
-3.799038 0.058890 -1.810546 255 68 68 R0 pano_camera5/frame_0191_hp_preview.jpg
-3.800911 0.059050 -2.170497 255 68 68 R0 pano_camera5/frame_0192_hp_preview.jpg
-3.669442 0.047692 -2.421538 255 68 68 R0 pano_camera5/frame_0193_hp_preview.jpg
-3.449269 0.032058 -2.704399 255 68 68 R0 pano_camera5/frame_0194_hp_preview.jpg
-3.310763 0.033236 -2.917283 255 68 68 R0 pano_camera5/frame_0195_hp_preview.jpg
-3.338865 0.019854 -3.121542 255 68 68 R0 pano_camera5/frame_0196_hp_preview.jpg
-3.538208 0.022125 -3.493627 255 68 68 R0 pano_camera5/frame_0197_hp_preview.jpg
-3.915358 0.040654 -3.974386 255 68 68 R0 pano_camera5/frame_0198_hp_preview.jpg
-4.025670 0.046948 -4.115116 255 68 68 R0 pano_camera5/frame_0199_hp_preview.jpg
-4.648176 0.085162 -4.683064 255 68 68 R0 pano_camera5/frame_0200_hp_preview.jpg
-4.639617 0.129478 -4.777532 255 68 68 R0 pano_camera5/frame_0201_hp_preview.jpg
-4.675514 0.061964 -3.540702 255 68 68 R0 pano_camera5/frame_0226_hp_preview.jpg
-5.281499 0.081925 -2.268250 255 68 68 R0 pano_camera5/frame_0240_hp_preview.jpg
-5.266954 0.074577 -2.202432 255 68 68 R0 pano_camera5/frame_0241_hp_preview.jpg
-5.370329 0.072442 -1.925080 255 68 68 R0 pano_camera5/frame_0242_hp_preview.jpg
-5.252398 0.068856 -1.762748 255 68 68 R0 pano_camera5/frame_0243_hp_preview.jpg
-5.039062 0.062700 -1.777850 255 68 68 R0 pano_camera5/frame_0244_hp_preview.jpg
-4.935709 0.057573 -1.760045 255 68 68 R0 pano_camera5/frame_0245_hp_preview.jpg
-4.664298 0.028147 -1.697217 255 68 68 R0 pano_camera5/frame_0246_hp_preview.jpg
-4.536918 0.032600 -1.771611 255 68 68 R0 pano_camera5/frame_0247_hp_preview.jpg
-4.221239 0.028061 -1.699083 255 68 68 R0 pano_camera5/frame_0248_hp_preview.jpg
-4.185656 0.025576 -1.679158 255 68 68 R0 pano_camera5/frame_0249_hp_preview.jpg
-3.558775 0.023151 -1.212276 255 68 68 R0 pano_camera5/frame_0250_hp_preview.jpg
-3.548390 0.021609 -1.202746 255 68 68 R0 pano_camera5/frame_0251_hp_preview.jpg
-3.244884 0.031192 -0.781031 255 68 68 R0 pano_camera5/frame_0252_hp_preview.jpg
-3.096191 0.051215 -0.241996 255 68 68 R0 pano_camera5/frame_0253_hp_preview.jpg
-3.367992 0.068919 0.083213 255 68 68 R0 pano_camera5/frame_0254_hp_preview.jpg
-3.410640 0.066340 0.088704 255 68 68 R0 pano_camera5/frame_0255_hp_preview.jpg
-3.842053 0.107590 -0.267415 255 68 68 R0 pano_camera5/frame_0256_hp_preview.jpg
-3.971249 0.234061 -0.442052 255 68 68 R0 pano_camera5/frame_0257_hp_preview.jpg
-4.020066 0.315466 -0.509198 255 68 68 R0 pano_camera5/frame_0258_hp_preview.jpg
-4.097854 0.388958 -0.632968 255 68 68 R0 pano_camera5/frame_0259_hp_preview.jpg
-4.277114 0.637504 -0.907121 255 68 68 R0 pano_camera5/frame_0260_hp_preview.jpg
-4.279742 0.640201 -0.913409 255 68 68 R0 pano_camera5/frame_0261_hp_preview.jpg
-4.490617 0.898140 -1.177614 255 68 68 R0 pano_camera5/frame_0262_hp_preview.jpg
-4.501059 0.907531 -1.184322 255 68 68 R0 pano_camera5/frame_0263_hp_preview.jpg
-4.605610 1.050798 -1.322791 255 68 68 R0 pano_camera5/frame_0264_hp_preview.jpg
-4.766816 1.227890 -1.530183 255 68 68 R0 pano_camera5/frame_0265_hp_preview.jpg
-4.812070 1.360665 -1.757383 255 68 68 R0 pano_camera5/frame_0266_hp_preview.jpg
-4.798484 1.434485 -1.967036 255 68 68 R0 pano_camera5/frame_0267_hp_preview.jpg
-4.596928 1.424548 -2.199258 255 68 68 R0 pano_camera5/frame_0268_hp_preview.jpg
-4.223754 1.424747 -2.564168 255 68 68 R0 pano_camera5/frame_0269_hp_preview.jpg
-4.037447 1.439566 -2.719237 255 68 68 R0 pano_camera5/frame_0270_hp_preview.jpg
-3.669822 1.427466 -2.980780 255 68 68 R0 pano_camera5/frame_0271_hp_preview.jpg
-3.329324 1.425409 -3.230354 255 68 68 R0 pano_camera5/frame_0272_hp_preview.jpg
-3.146135 1.432494 -3.377038 255 68 68 R0 pano_camera5/frame_0273_hp_preview.jpg
-2.557956 1.417994 -3.824379 255 68 68 R0 pano_camera5/frame_0274_hp_preview.jpg
-2.499719 1.420799 -3.880803 255 68 68 R0 pano_camera5/frame_0275_hp_preview.jpg
-2.027981 1.416347 -4.253606 255 68 68 R0 pano_camera5/frame_0276_hp_preview.jpg
-1.889447 1.419430 -4.380846 255 68 68 R0 pano_camera5/frame_0277_hp_preview.jpg
-1.470993 1.429447 -4.787816 255 68 68 R0 pano_camera5/frame_0278_hp_preview.jpg
-1.233648 1.422878 -4.957867 255 68 68 R0 pano_camera5/frame_0279_hp_preview.jpg
-0.649317 1.418283 -5.459124 255 68 68 R0 pano_camera5/frame_0280_hp_preview.jpg
-0.536737 1.414300 -5.541142 255 68 68 R0 pano_camera5/frame_0281_hp_preview.jpg
-0.385244 1.407074 -5.694420 255 68 68 R0 pano_camera5/frame_0282_hp_preview.jpg
-0.307456 1.402981 -5.929093 255 68 68 R0 pano_camera5/frame_0283_hp_preview.jpg
-0.486499 1.394691 -6.316210 255 68 68 R0 pano_camera5/frame_0284_hp_preview.jpg
-0.523706 1.392646 -6.342671 255 68 68 R0 pano_camera5/frame_0285_hp_preview.jpg
-0.778917 1.394235 -6.547998 255 68 68 R0 pano_camera5/frame_0286_hp_preview.jpg
-0.979118 1.411449 -6.555753 255 68 68 R0 pano_camera5/frame_0287_hp_preview.jpg
-1.240202 1.424108 -6.570644 255 68 68 R0 pano_camera5/frame_0288_hp_preview.jpg
-1.395073 1.431397 -6.646499 255 68 68 R0 pano_camera5/frame_0289_hp_preview.jpg
-1.501382 1.429986 -6.900419 255 68 68 R0 pano_camera5/frame_0290_hp_preview.jpg
-1.598073 1.419180 -7.448349 255 68 68 R0 pano_camera5/frame_0291_hp_preview.jpg
-1.663208 1.418926 -7.660912 255 68 68 R0 pano_camera5/frame_0292_hp_preview.jpg
-1.705980 1.413616 -7.838134 255 68 68 R0 pano_camera5/frame_0293_hp_preview.jpg
-2.166427 1.403255 -8.283259 255 68 68 R0 pano_camera5/frame_0294_hp_preview.jpg
-2.216551 1.405076 -8.295318 255 68 68 R0 pano_camera5/frame_0295_hp_preview.jpg
-2.758252 1.406874 -8.102471 255 68 68 R0 pano_camera5/frame_0296_hp_preview.jpg
-2.857817 1.414819 -7.756588 255 68 68 R0 pano_camera5/frame_0297_hp_preview.jpg
-2.885242 1.404733 -7.446474 255 68 68 R0 pano_camera5/frame_0298_hp_preview.jpg
-2.896998 1.411660 -7.204359 255 68 68 R0 pano_camera5/frame_0299_hp_preview.jpg
-2.927742 1.418923 -6.742150 255 68 68 R0 pano_camera5/frame_0300_hp_preview.jpg
-2.930316 1.405266 -6.422174 255 68 68 R0 pano_camera5/frame_0301_hp_preview.jpg
-2.899770 1.401872 -6.101058 255 68 68 R0 pano_camera5/frame_0302_hp_preview.jpg
-2.785137 1.414961 -5.663155 255 68 68 R0 pano_camera5/frame_0303_hp_preview.jpg
-2.735448 1.410451 -5.439261 255 68 68 R0 pano_camera5/frame_0304_hp_preview.jpg
-2.671398 1.406015 -4.910885 255 68 68 R0 pano_camera5/frame_0305_hp_preview.jpg
-2.733401 1.399411 -4.385119 255 68 68 R0 pano_camera5/frame_0306_hp_preview.jpg
-2.832166 1.396149 -4.051726 255 68 68 R0 pano_camera5/frame_0307_hp_preview.jpg
-2.877625 1.402885 -3.974904 255 68 68 R0 pano_camera5/frame_0308_hp_preview.jpg
-3.261742 1.409936 -3.690441 255 68 68 R0 pano_camera5/frame_0309_hp_preview.jpg
-3.729823 1.427792 -3.696874 255 68 68 R0 pano_camera5/frame_0310_hp_preview.jpg
-3.960385 1.416978 -3.917860 255 68 68 R0 pano_camera5/frame_0311_hp_preview.jpg
-4.128569 1.429212 -4.332964 255 68 68 R0 pano_camera5/frame_0312_hp_preview.jpg
-4.196616 1.430101 -4.644439 255 68 68 R0 pano_camera5/frame_0313_hp_preview.jpg
-4.229892 1.429019 -4.926250 255 68 68 R0 pano_camera5/frame_0314_hp_preview.jpg
-4.329399 1.430465 -5.612939 255 68 68 R0 pano_camera5/frame_0315_hp_preview.jpg
-4.341275 1.434257 -5.662863 255 68 68 R0 pano_camera5/frame_0316_hp_preview.jpg
-4.456013 1.424831 -6.099531 255 68 68 R0 pano_camera5/frame_0317_hp_preview.jpg
-4.733557 1.417603 -6.493369 255 68 68 R0 pano_camera5/frame_0318_hp_preview.jpg
-4.860418 1.420117 -6.503492 255 68 68 R0 pano_camera5/frame_0319_hp_preview.jpg
-5.204661 1.445634 -6.407131 255 68 68 R0 pano_camera5/frame_0320_hp_preview.jpg
-5.728389 1.456382 -5.927644 255 68 68 R0 pano_camera5/frame_0321_hp_preview.jpg
-5.756549 1.456104 -5.895276 255 68 68 R0 pano_camera5/frame_0322_hp_preview.jpg
-5.872268 1.446056 -5.429005 255 68 68 R0 pano_camera5/frame_0323_hp_preview.jpg
-5.814695 1.456028 -4.953133 255 68 68 R0 pano_camera5/frame_0324_hp_preview.jpg
-5.821113 1.448689 -4.904749 255 68 68 R0 pano_camera5/frame_0325_hp_preview.jpg
-6.038513 1.447704 -4.455291 255 68 68 R0 pano_camera5/frame_0326_hp_preview.jpg
-6.303680 1.448310 -4.405479 255 68 68 R0 pano_camera5/frame_0327_hp_preview.jpg
-6.438129 1.458753 -4.445246 255 68 68 R0 pano_camera5/frame_0328_hp_preview.jpg
-6.631331 1.464549 -4.582812 255 68 68 R0 pano_camera5/frame_0329_hp_preview.jpg
-6.985016 1.473314 -4.714161 255 68 68 R0 pano_camera5/frame_0330_hp_preview.jpg
-7.101449 1.473312 -4.624521 255 68 68 R0 pano_camera5/frame_0331_hp_preview.jpg
-6.950098 1.462510 -4.224388 255 68 68 R0 pano_camera5/frame_0332_hp_preview.jpg
-6.778728 1.453302 -4.095778 255 68 68 R0 pano_camera5/frame_0333_hp_preview.jpg
-6.511900 1.448076 -3.813405 255 68 68 R0 pano_camera5/frame_0334_hp_preview.jpg
-6.409844 1.450298 -3.635264 255 68 68 R0 pano_camera5/frame_0335_hp_preview.jpg
-6.287094 1.440720 -3.442166 255 68 68 R0 pano_camera5/frame_0336_hp_preview.jpg
-6.060484 1.431460 -2.982900 255 68 68 R0 pano_camera5/frame_0337_hp_preview.jpg
-5.949976 1.434146 -2.751992 255 68 68 R0 pano_camera5/frame_0338_hp_preview.jpg
-5.711375 1.427912 -2.138496 255 68 68 R0 pano_camera5/frame_0339_hp_preview.jpg
-5.615047 1.453874 -1.734063 255 68 68 R0 pano_camera5/frame_0340_hp_preview.jpg
-5.582398 1.447731 -1.627365 255 68 68 R0 pano_camera5/frame_0341_hp_preview.jpg
-5.454203 1.449302 -1.322916 255 68 68 R0 pano_camera5/frame_0342_hp_preview.jpg
-5.220782 1.453371 -0.973504 255 68 68 R0 pano_camera5/frame_0343_hp_preview.jpg
-5.264966 1.463158 -0.625862 255 68 68 R0 pano_camera5/frame_0344_hp_preview.jpg
-5.516939 1.466904 -0.708854 255 68 68 R0 pano_camera5/frame_0345_hp_preview.jpg
-5.714004 1.463689 -0.893401 255 68 68 R0 pano_camera5/frame_0346_hp_preview.jpg
-5.815574 1.462958 -1.100770 255 68 68 R0 pano_camera5/frame_0347_hp_preview.jpg
-5.940494 1.464197 -1.330996 255 68 68 R0 pano_camera5/frame_0348_hp_preview.jpg
-6.237551 1.454903 -1.875895 255 68 68 R0 pano_camera5/frame_0349_hp_preview.jpg
-6.434689 1.443099 -2.084256 255 68 68 R0 pano_camera5/frame_0350_hp_preview.jpg
-6.589192 1.439712 -2.232229 255 68 68 R0 pano_camera5/frame_0351_hp_preview.jpg
-7.030488 1.446635 -2.435810 255 68 68 R0 pano_camera5/frame_0352_hp_preview.jpg
-7.252179 1.462631 -2.467744 255 68 68 R0 pano_camera5/frame_0353_hp_preview.jpg
-7.612041 1.471659 -2.640672 255 68 68 R0 pano_camera5/frame_0354_hp_preview.jpg
-7.727212 1.484318 -2.818243 255 68 68 R0 pano_camera5/frame_0355_hp_preview.jpg
-7.648701 1.489696 -3.237079 255 68 68 R0 pano_camera5/frame_0356_hp_preview.jpg
-7.576138 1.473189 -3.528013 255 68 68 R0 pano_camera5/frame_0357_hp_preview.jpg
-7.532688 1.453689 -3.610879 255 68 68 R0 pano_camera5/frame_0358_hp_preview.jpg
-7.501295 1.444138 -3.633930 255 68 68 R0 pano_camera5/frame_0359_hp_preview.jpg
-7.548684 1.459743 -3.639956 255 68 68 R0 pano_camera5/frame_0360_hp_preview.jpg
-7.548815 1.458681 -3.644156 255 68 68 R0 pano_camera5/frame_0361_hp_preview.jpg
-7.658608 1.467158 -3.910693 255 68 68 R0 pano_camera5/frame_0362_hp_preview.jpg
-7.791464 1.473250 -3.968634 255 68 68 R0 pano_camera5/frame_0363_hp_preview.jpg
-8.051945 1.505622 -3.985809 255 68 68 R0 pano_camera5/frame_0364_hp_preview.jpg
-8.132823 1.508930 -3.931367 255 68 68 R0 pano_camera5/frame_0365_hp_preview.jpg
-8.178070 1.502901 -3.533454 255 68 68 R0 pano_camera5/frame_0366_hp_preview.jpg
-8.154920 1.499634 -3.473401 255 68 68 R0 pano_camera5/frame_0367_hp_preview.jpg
-8.015165 1.486304 -3.170367 255 68 68 R0 pano_camera5/frame_0368_hp_preview.jpg
-7.715936 1.482236 -2.549189 255 68 68 R0 pano_camera5/frame_0369_hp_preview.jpg
-7.727077 1.454690 -2.345741 255 68 68 R0 pano_camera5/frame_0370_hp_preview.jpg
-7.865296 1.487792 -2.205310 255 68 68 R0 pano_camera5/frame_0371_hp_preview.jpg
-8.192727 1.487765 -2.265485 255 68 68 R0 pano_camera5/frame_0372_hp_preview.jpg
-8.445057 1.500488 -2.518609 255 68 68 R0 pano_camera5/frame_0373_hp_preview.jpg
-9.054569 1.504244 -2.880852 255 68 68 R0 pano_camera5/frame_0374_hp_preview.jpg
-9.246577 1.515863 -2.892398 255 68 68 R0 pano_camera5/frame_0375_hp_preview.jpg
-9.469081 1.530070 -2.818588 255 68 68 R0 pano_camera5/frame_0376_hp_preview.jpg
-9.644641 1.538168 -2.725918 255 68 68 R0 pano_camera5/frame_0377_hp_preview.jpg
-10.147651 1.574275 -2.338347 255 68 68 R0 pano_camera5/frame_0378_hp_preview.jpg
-10.264202 1.566266 -2.190174 255 68 68 R0 pano_camera5/frame_0379_hp_preview.jpg
-10.381315 1.566182 -1.963396 255 68 68 R0 pano_camera5/frame_0380_hp_preview.jpg
-10.444809 1.447656 -1.942093 255 68 68 R0 pano_camera5/frame_0381_hp_preview.jpg
-10.471636 1.318899 -1.790101 255 68 68 R0 pano_camera5/frame_0382_hp_preview.jpg
-10.422512 1.523793 -1.525354 255 68 68 R0 pano_camera5/frame_0383_hp_preview.jpg
-10.392985 1.536963 -1.527301 255 68 68 R0 pano_camera5/frame_0384_hp_preview.jpg
-10.232246 1.546738 -1.329714 255 68 68 R0 pano_camera5/frame_0385_hp_preview.jpg
-9.915283 1.553340 -0.887711 255 68 68 R0 pano_camera5/frame_0386_hp_preview.jpg
-9.790038 1.551386 -0.668939 255 68 68 R0 pano_camera5/frame_0387_hp_preview.jpg
-9.337256 1.548551 -0.025812 255 68 68 R0 pano_camera5/frame_0388_hp_preview.jpg
-9.015227 1.537091 0.362259 255 68 68 R0 pano_camera5/frame_0389_hp_preview.jpg
-8.869570 1.524897 0.505527 255 68 68 R0 pano_camera5/frame_0390_hp_preview.jpg
-8.455187 1.524745 0.696471 255 68 68 R0 pano_camera5/frame_0391_hp_preview.jpg
-8.370792 1.520067 0.651974 255 68 68 R0 pano_camera5/frame_0392_hp_preview.jpg
-8.411250 1.519812 0.462938 255 68 68 R0 pano_camera5/frame_0393_hp_preview.jpg
-8.582961 1.513175 0.320167 255 68 68 R0 pano_camera5/frame_0394_hp_preview.jpg
-8.878268 1.510591 0.090925 255 68 68 R0 pano_camera5/frame_0395_hp_preview.jpg
-9.088768 1.513282 -0.234472 255 68 68 R0 pano_camera5/frame_0396_hp_preview.jpg
-8.890905 1.528206 -0.658472 255 68 68 R0 pano_camera5/frame_0397_hp_preview.jpg
-8.754420 1.523245 -0.760793 255 68 68 R0 pano_camera5/frame_0398_hp_preview.jpg
-8.276093 1.521298 -0.780037 255 68 68 R0 pano_camera5/frame_0399_hp_preview.jpg
-7.899597 1.502082 -0.425840 255 68 68 R0 pano_camera5/frame_0400_hp_preview.jpg
-7.624153 1.496778 -0.126280 255 68 68 R0 pano_camera5/frame_0401_hp_preview.jpg
-7.603742 1.495640 -0.107939 255 68 68 R0 pano_camera5/frame_0402_hp_preview.jpg
-7.347870 1.488496 0.179778 255 68 68 R0 pano_camera5/frame_0403_hp_preview.jpg
-6.827138 1.480388 0.172964 255 68 68 R0 pano_camera5/frame_0404_hp_preview.jpg
-6.798477 1.485972 0.143082 255 68 68 R0 pano_camera5/frame_0405_hp_preview.jpg
-6.644564 1.491830 -0.314655 255 68 68 R0 pano_camera5/frame_0406_hp_preview.jpg
-6.908735 1.480543 -0.674629 255 68 68 R0 pano_camera5/frame_0407_hp_preview.jpg
-7.053842 1.485627 -0.858239 255 68 68 R0 pano_camera5/frame_0408_hp_preview.jpg
-7.165724 1.480087 -0.989751 255 68 68 R0 pano_camera5/frame_0409_hp_preview.jpg
-7.275996 1.495399 -1.335016 255 68 68 R0 pano_camera5/frame_0410_hp_preview.jpg
-6.953836 1.480067 -1.871943 255 68 68 R0 pano_camera5/frame_0411_hp_preview.jpg
-6.892299 1.471010 -1.929459 255 68 68 R0 pano_camera5/frame_0412_hp_preview.jpg
-6.760310 1.471893 -2.112024 255 68 68 R0 pano_camera5/frame_0413_hp_preview.jpg
-6.781340 1.474433 -2.117340 255 68 68 R0 pano_camera5/frame_0414_hp_preview.jpg
-6.782789 1.474791 -2.115879 255 68 68 R0 pano_camera5/frame_0415_hp_preview.jpg
-6.779366 1.470174 -2.117299 255 68 68 R0 pano_camera5/frame_0416_hp_preview.jpg
0.000000 0.000000 -0.000000 255 68 68 R0 pano_camera6/frame_0140_hp_preview.jpg
0.127761 0.005893 0.127489 255 68 68 R0 pano_camera6/frame_0141_hp_preview.jpg
0.346065 0.002623 0.368119 255 68 68 R0 pano_camera6/frame_0142_hp_preview.jpg
0.502974 0.000991 0.466662 255 68 68 R0 pano_camera6/frame_0143_hp_preview.jpg
0.678739 0.015540 0.414781 255 68 68 R0 pano_camera6/frame_0144_hp_preview.jpg
0.737090 0.018654 0.238093 255 68 68 R0 pano_camera6/frame_0145_hp_preview.jpg
-0.124670 0.012572 0.426911 255 68 68 R0 pano_camera6/frame_0157_hp_preview.jpg
-0.262354 0.016634 0.512870 255 68 68 R0 pano_camera6/frame_0158_hp_preview.jpg
-0.311416 0.022625 0.610571 255 68 68 R0 pano_camera6/frame_0159_hp_preview.jpg
-0.560078 0.018756 1.219305 255 68 68 R0 pano_camera6/frame_0160_hp_preview.jpg
-0.767483 0.019702 1.481333 255 68 68 R0 pano_camera6/frame_0161_hp_preview.jpg
-1.068574 0.036567 1.770408 255 68 68 R0 pano_camera6/frame_0162_hp_preview.jpg
-1.275881 0.044868 1.930176 255 68 68 R0 pano_camera6/frame_0163_hp_preview.jpg
-1.500918 0.057022 2.072409 255 68 68 R0 pano_camera6/frame_0164_hp_preview.jpg
-1.898270 0.062840 2.059469 255 68 68 R0 pano_camera6/frame_0165_hp_preview.jpg
-2.059379 0.061956 1.926443 255 68 68 R0 pano_camera6/frame_0166_hp_preview.jpg
-2.306152 0.064967 1.566645 255 68 68 R0 pano_camera6/frame_0167_hp_preview.jpg
-2.254054 0.055954 1.180005 255 68 68 R0 pano_camera6/frame_0168_hp_preview.jpg
-2.164023 0.064813 1.063815 255 68 68 R0 pano_camera6/frame_0169_hp_preview.jpg
-1.628619 0.039325 0.531807 255 68 68 R0 pano_camera6/frame_0170_hp_preview.jpg
-1.555925 0.051705 0.462216 255 68 68 R0 pano_camera6/frame_0171_hp_preview.jpg
-1.216531 0.029524 0.136708 255 68 68 R0 pano_camera6/frame_0172_hp_preview.jpg
-1.139232 0.033650 -0.243558 255 68 68 R0 pano_camera6/frame_0173_hp_preview.jpg
-1.343489 0.039625 -0.579343 255 68 68 R0 pano_camera6/frame_0174_hp_preview.jpg
-1.352569 0.042647 -0.584853 255 68 68 R0 pano_camera6/frame_0175_hp_preview.jpg
-1.783851 0.041097 -0.679115 255 68 68 R0 pano_camera6/frame_0176_hp_preview.jpg
-2.027872 0.054168 -0.630610 255 68 68 R0 pano_camera6/frame_0177_hp_preview.jpg
-2.489710 0.059054 -0.612872 255 68 68 R0 pano_camera6/frame_0178_hp_preview.jpg
-2.811045 0.063821 -0.861251 255 68 68 R0 pano_camera6/frame_0179_hp_preview.jpg
-2.853184 0.061475 -1.054876 255 68 68 R0 pano_camera6/frame_0180_hp_preview.jpg
-2.721299 0.042578 -1.292536 255 68 68 R0 pano_camera6/frame_0181_hp_preview.jpg
-2.526142 0.035930 -1.453878 255 68 68 R0 pano_camera6/frame_0182_hp_preview.jpg
-2.301400 0.040123 -1.773078 255 68 68 R0 pano_camera6/frame_0183_hp_preview.jpg
-2.453016 0.029724 -1.921645 255 68 68 R0 pano_camera6/frame_0184_hp_preview.jpg
-2.606686 0.033477 -1.872825 255 68 68 R0 pano_camera6/frame_0185_hp_preview.jpg
-2.799749 0.032787 -1.728868 255 68 68 R0 pano_camera6/frame_0186_hp_preview.jpg
-2.998447 0.037709 -1.593322 255 68 68 R0 pano_camera6/frame_0187_hp_preview.jpg
-3.298041 0.045684 -1.488717 255 68 68 R0 pano_camera6/frame_0188_hp_preview.jpg
-3.601257 0.050376 -1.576761 255 68 68 R0 pano_camera6/frame_0189_hp_preview.jpg
-3.632048 0.056282 -1.595888 255 68 68 R0 pano_camera6/frame_0190_hp_preview.jpg
-3.799038 0.058890 -1.810546 255 68 68 R0 pano_camera6/frame_0191_hp_preview.jpg
-3.800911 0.059050 -2.170497 255 68 68 R0 pano_camera6/frame_0192_hp_preview.jpg
-3.669442 0.047692 -2.421538 255 68 68 R0 pano_camera6/frame_0193_hp_preview.jpg
-3.449269 0.032058 -2.704399 255 68 68 R0 pano_camera6/frame_0194_hp_preview.jpg
-3.310763 0.033236 -2.917283 255 68 68 R0 pano_camera6/frame_0195_hp_preview.jpg
-3.338865 0.019854 -3.121542 255 68 68 R0 pano_camera6/frame_0196_hp_preview.jpg
-3.538208 0.022125 -3.493627 255 68 68 R0 pano_camera6/frame_0197_hp_preview.jpg
-3.915358 0.040654 -3.974386 255 68 68 R0 pano_camera6/frame_0198_hp_preview.jpg
-4.025670 0.046948 -4.115116 255 68 68 R0 pano_camera6/frame_0199_hp_preview.jpg
-4.648176 0.085162 -4.683064 255 68 68 R0 pano_camera6/frame_0200_hp_preview.jpg
-4.639617 0.129478 -4.777532 255 68 68 R0 pano_camera6/frame_0201_hp_preview.jpg
-4.675514 0.061964 -3.540702 255 68 68 R0 pano_camera6/frame_0226_hp_preview.jpg
-5.281499 0.081925 -2.268250 255 68 68 R0 pano_camera6/frame_0240_hp_preview.jpg
-5.266954 0.074577 -2.202432 255 68 68 R0 pano_camera6/frame_0241_hp_preview.jpg
-5.370329 0.072442 -1.925080 255 68 68 R0 pano_camera6/frame_0242_hp_preview.jpg
-5.252398 0.068856 -1.762748 255 68 68 R0 pano_camera6/frame_0243_hp_preview.jpg
-5.039062 0.062700 -1.777850 255 68 68 R0 pano_camera6/frame_0244_hp_preview.jpg
-4.935709 0.057573 -1.760045 255 68 68 R0 pano_camera6/frame_0245_hp_preview.jpg
-4.664298 0.028147 -1.697217 255 68 68 R0 pano_camera6/frame_0246_hp_preview.jpg
-4.536918 0.032600 -1.771611 255 68 68 R0 pano_camera6/frame_0247_hp_preview.jpg
-4.221239 0.028061 -1.699083 255 68 68 R0 pano_camera6/frame_0248_hp_preview.jpg
-4.185656 0.025576 -1.679158 255 68 68 R0 pano_camera6/frame_0249_hp_preview.jpg
-3.558775 0.023151 -1.212276 255 68 68 R0 pano_camera6/frame_0250_hp_preview.jpg
-3.548390 0.021609 -1.202746 255 68 68 R0 pano_camera6/frame_0251_hp_preview.jpg
-3.244884 0.031192 -0.781031 255 68 68 R0 pano_camera6/frame_0252_hp_preview.jpg
-3.096191 0.051215 -0.241996 255 68 68 R0 pano_camera6/frame_0253_hp_preview.jpg
-3.367992 0.068919 0.083213 255 68 68 R0 pano_camera6/frame_0254_hp_preview.jpg
-3.410640 0.066340 0.088704 255 68 68 R0 pano_camera6/frame_0255_hp_preview.jpg
-3.842053 0.107590 -0.267415 255 68 68 R0 pano_camera6/frame_0256_hp_preview.jpg
-3.971249 0.234061 -0.442052 255 68 68 R0 pano_camera6/frame_0257_hp_preview.jpg
-4.020066 0.315466 -0.509198 255 68 68 R0 pano_camera6/frame_0258_hp_preview.jpg
-4.097854 0.388958 -0.632968 255 68 68 R0 pano_camera6/frame_0259_hp_preview.jpg
-4.277114 0.637504 -0.907121 255 68 68 R0 pano_camera6/frame_0260_hp_preview.jpg
-4.279742 0.640201 -0.913409 255 68 68 R0 pano_camera6/frame_0261_hp_preview.jpg
-4.490617 0.898140 -1.177614 255 68 68 R0 pano_camera6/frame_0262_hp_preview.jpg
-4.501059 0.907531 -1.184322 255 68 68 R0 pano_camera6/frame_0263_hp_preview.jpg
-4.605610 1.050798 -1.322791 255 68 68 R0 pano_camera6/frame_0264_hp_preview.jpg
-4.766816 1.227890 -1.530183 255 68 68 R0 pano_camera6/frame_0265_hp_preview.jpg
-4.812070 1.360665 -1.757383 255 68 68 R0 pano_camera6/frame_0266_hp_preview.jpg
-4.798484 1.434485 -1.967036 255 68 68 R0 pano_camera6/frame_0267_hp_preview.jpg
-4.596928 1.424548 -2.199258 255 68 68 R0 pano_camera6/frame_0268_hp_preview.jpg
-4.223754 1.424747 -2.564168 255 68 68 R0 pano_camera6/frame_0269_hp_preview.jpg
-4.037447 1.439566 -2.719237 255 68 68 R0 pano_camera6/frame_0270_hp_preview.jpg
-3.669822 1.427466 -2.980780 255 68 68 R0 pano_camera6/frame_0271_hp_preview.jpg
-3.329324 1.425409 -3.230354 255 68 68 R0 pano_camera6/frame_0272_hp_preview.jpg
-3.146135 1.432494 -3.377038 255 68 68 R0 pano_camera6/frame_0273_hp_preview.jpg
-2.557956 1.417994 -3.824379 255 68 68 R0 pano_camera6/frame_0274_hp_preview.jpg
-2.499719 1.420799 -3.880803 255 68 68 R0 pano_camera6/frame_0275_hp_preview.jpg
-2.027981 1.416347 -4.253606 255 68 68 R0 pano_camera6/frame_0276_hp_preview.jpg
-1.889447 1.419430 -4.380846 255 68 68 R0 pano_camera6/frame_0277_hp_preview.jpg
-1.470993 1.429447 -4.787816 255 68 68 R0 pano_camera6/frame_0278_hp_preview.jpg
-1.233648 1.422878 -4.957867 255 68 68 R0 pano_camera6/frame_0279_hp_preview.jpg
-0.649317 1.418283 -5.459124 255 68 68 R0 pano_camera6/frame_0280_hp_preview.jpg
-0.536737 1.414300 -5.541142 255 68 68 R0 pano_camera6/frame_0281_hp_preview.jpg
-0.385244 1.407074 -5.694420 255 68 68 R0 pano_camera6/frame_0282_hp_preview.jpg
-0.307456 1.402981 -5.929093 255 68 68 R0 pano_camera6/frame_0283_hp_preview.jpg
-0.486499 1.394691 -6.316210 255 68 68 R0 pano_camera6/frame_0284_hp_preview.jpg
-0.523706 1.392646 -6.342671 255 68 68 R0 pano_camera6/frame_0285_hp_preview.jpg
-0.778917 1.394235 -6.547998 255 68 68 R0 pano_camera6/frame_0286_hp_preview.jpg
-0.979118 1.411449 -6.555753 255 68 68 R0 pano_camera6/frame_0287_hp_preview.jpg
-1.240202 1.424108 -6.570644 255 68 68 R0 pano_camera6/frame_0288_hp_preview.jpg
-1.395073 1.431397 -6.646499 255 68 68 R0 pano_camera6/frame_0289_hp_preview.jpg
-1.501382 1.429986 -6.900419 255 68 68 R0 pano_camera6/frame_0290_hp_preview.jpg
-1.598073 1.419180 -7.448349 255 68 68 R0 pano_camera6/frame_0291_hp_preview.jpg
-1.663208 1.418926 -7.660912 255 68 68 R0 pano_camera6/frame_0292_hp_preview.jpg
-1.705980 1.413616 -7.838134 255 68 68 R0 pano_camera6/frame_0293_hp_preview.jpg
-2.166427 1.403255 -8.283259 255 68 68 R0 pano_camera6/frame_0294_hp_preview.jpg
-2.216551 1.405076 -8.295318 255 68 68 R0 pano_camera6/frame_0295_hp_preview.jpg
-2.758252 1.406874 -8.102471 255 68 68 R0 pano_camera6/frame_0296_hp_preview.jpg
-2.857817 1.414819 -7.756588 255 68 68 R0 pano_camera6/frame_0297_hp_preview.jpg
-2.885242 1.404733 -7.446474 255 68 68 R0 pano_camera6/frame_0298_hp_preview.jpg
-2.896998 1.411660 -7.204359 255 68 68 R0 pano_camera6/frame_0299_hp_preview.jpg
-2.927742 1.418923 -6.742150 255 68 68 R0 pano_camera6/frame_0300_hp_preview.jpg
-2.930316 1.405266 -6.422174 255 68 68 R0 pano_camera6/frame_0301_hp_preview.jpg
-2.899770 1.401872 -6.101058 255 68 68 R0 pano_camera6/frame_0302_hp_preview.jpg
-2.785137 1.414961 -5.663155 255 68 68 R0 pano_camera6/frame_0303_hp_preview.jpg
-2.735448 1.410451 -5.439261 255 68 68 R0 pano_camera6/frame_0304_hp_preview.jpg
-2.671398 1.406015 -4.910885 255 68 68 R0 pano_camera6/frame_0305_hp_preview.jpg
-2.733401 1.399411 -4.385119 255 68 68 R0 pano_camera6/frame_0306_hp_preview.jpg
-2.832166 1.396149 -4.051726 255 68 68 R0 pano_camera6/frame_0307_hp_preview.jpg
-2.877625 1.402885 -3.974904 255 68 68 R0 pano_camera6/frame_0308_hp_preview.jpg
-3.261742 1.409936 -3.690441 255 68 68 R0 pano_camera6/frame_0309_hp_preview.jpg
-3.729823 1.427792 -3.696874 255 68 68 R0 pano_camera6/frame_0310_hp_preview.jpg
-3.960385 1.416978 -3.917860 255 68 68 R0 pano_camera6/frame_0311_hp_preview.jpg
-4.128569 1.429212 -4.332964 255 68 68 R0 pano_camera6/frame_0312_hp_preview.jpg
-4.196616 1.430101 -4.644439 255 68 68 R0 pano_camera6/frame_0313_hp_preview.jpg
-4.229892 1.429019 -4.926250 255 68 68 R0 pano_camera6/frame_0314_hp_preview.jpg
-4.329399 1.430465 -5.612939 255 68 68 R0 pano_camera6/frame_0315_hp_preview.jpg
-4.341275 1.434257 -5.662863 255 68 68 R0 pano_camera6/frame_0316_hp_preview.jpg
-4.456013 1.424831 -6.099531 255 68 68 R0 pano_camera6/frame_0317_hp_preview.jpg
-4.733557 1.417603 -6.493369 255 68 68 R0 pano_camera6/frame_0318_hp_preview.jpg
-4.860418 1.420117 -6.503492 255 68 68 R0 pano_camera6/frame_0319_hp_preview.jpg
-5.204661 1.445634 -6.407131 255 68 68 R0 pano_camera6/frame_0320_hp_preview.jpg
-5.728389 1.456382 -5.927644 255 68 68 R0 pano_camera6/frame_0321_hp_preview.jpg
-5.756549 1.456104 -5.895276 255 68 68 R0 pano_camera6/frame_0322_hp_preview.jpg
-5.872268 1.446056 -5.429005 255 68 68 R0 pano_camera6/frame_0323_hp_preview.jpg
-5.814695 1.456028 -4.953133 255 68 68 R0 pano_camera6/frame_0324_hp_preview.jpg
-5.821113 1.448689 -4.904749 255 68 68 R0 pano_camera6/frame_0325_hp_preview.jpg
-6.038513 1.447704 -4.455291 255 68 68 R0 pano_camera6/frame_0326_hp_preview.jpg
-6.303680 1.448310 -4.405479 255 68 68 R0 pano_camera6/frame_0327_hp_preview.jpg
-6.438129 1.458753 -4.445246 255 68 68 R0 pano_camera6/frame_0328_hp_preview.jpg
-6.631331 1.464549 -4.582812 255 68 68 R0 pano_camera6/frame_0329_hp_preview.jpg
-6.985016 1.473314 -4.714161 255 68 68 R0 pano_camera6/frame_0330_hp_preview.jpg
-7.101449 1.473312 -4.624521 255 68 68 R0 pano_camera6/frame_0331_hp_preview.jpg
-6.950098 1.462510 -4.224388 255 68 68 R0 pano_camera6/frame_0332_hp_preview.jpg
-6.778728 1.453302 -4.095778 255 68 68 R0 pano_camera6/frame_0333_hp_preview.jpg
-6.511900 1.448076 -3.813405 255 68 68 R0 pano_camera6/frame_0334_hp_preview.jpg
-6.409844 1.450298 -3.635264 255 68 68 R0 pano_camera6/frame_0335_hp_preview.jpg
-6.287094 1.440720 -3.442166 255 68 68 R0 pano_camera6/frame_0336_hp_preview.jpg
-6.060484 1.431460 -2.982900 255 68 68 R0 pano_camera6/frame_0337_hp_preview.jpg
-5.949976 1.434146 -2.751992 255 68 68 R0 pano_camera6/frame_0338_hp_preview.jpg
-5.711375 1.427912 -2.138496 255 68 68 R0 pano_camera6/frame_0339_hp_preview.jpg
-5.615047 1.453874 -1.734063 255 68 68 R0 pano_camera6/frame_0340_hp_preview.jpg
-5.582398 1.447731 -1.627365 255 68 68 R0 pano_camera6/frame_0341_hp_preview.jpg
-5.454203 1.449302 -1.322916 255 68 68 R0 pano_camera6/frame_0342_hp_preview.jpg
-5.220782 1.453371 -0.973504 255 68 68 R0 pano_camera6/frame_0343_hp_preview.jpg
-5.264966 1.463158 -0.625862 255 68 68 R0 pano_camera6/frame_0344_hp_preview.jpg
-5.516939 1.466904 -0.708854 255 68 68 R0 pano_camera6/frame_0345_hp_preview.jpg
-5.714004 1.463689 -0.893401 255 68 68 R0 pano_camera6/frame_0346_hp_preview.jpg
-5.815574 1.462958 -1.100770 255 68 68 R0 pano_camera6/frame_0347_hp_preview.jpg
-5.940494 1.464197 -1.330996 255 68 68 R0 pano_camera6/frame_0348_hp_preview.jpg
-6.237551 1.454903 -1.875895 255 68 68 R0 pano_camera6/frame_0349_hp_preview.jpg
-6.434689 1.443099 -2.084256 255 68 68 R0 pano_camera6/frame_0350_hp_preview.jpg
-6.589192 1.439712 -2.232229 255 68 68 R0 pano_camera6/frame_0351_hp_preview.jpg
-7.030488 1.446635 -2.435810 255 68 68 R0 pano_camera6/frame_0352_hp_preview.jpg
-7.252179 1.462631 -2.467744 255 68 68 R0 pano_camera6/frame_0353_hp_preview.jpg
-7.612041 1.471659 -2.640672 255 68 68 R0 pano_camera6/frame_0354_hp_preview.jpg
-7.727212 1.484318 -2.818243 255 68 68 R0 pano_camera6/frame_0355_hp_preview.jpg
-7.648701 1.489696 -3.237079 255 68 68 R0 pano_camera6/frame_0356_hp_preview.jpg
-7.576138 1.473189 -3.528013 255 68 68 R0 pano_camera6/frame_0357_hp_preview.jpg
-7.532688 1.453689 -3.610879 255 68 68 R0 pano_camera6/frame_0358_hp_preview.jpg
-7.501295 1.444138 -3.633930 255 68 68 R0 pano_camera6/frame_0359_hp_preview.jpg
-7.548684 1.459743 -3.639956 255 68 68 R0 pano_camera6/frame_0360_hp_preview.jpg
-7.548815 1.458681 -3.644156 255 68 68 R0 pano_camera6/frame_0361_hp_preview.jpg
-7.658608 1.467158 -3.910693 255 68 68 R0 pano_camera6/frame_0362_hp_preview.jpg
-7.791464 1.473250 -3.968634 255 68 68 R0 pano_camera6/frame_0363_hp_preview.jpg
-8.051945 1.505622 -3.985809 255 68 68 R0 pano_camera6/frame_0364_hp_preview.jpg
-8.132823 1.508930 -3.931367 255 68 68 R0 pano_camera6/frame_0365_hp_preview.jpg
-8.178070 1.502901 -3.533454 255 68 68 R0 pano_camera6/frame_0366_hp_preview.jpg
-8.154920 1.499634 -3.473401 255 68 68 R0 pano_camera6/frame_0367_hp_preview.jpg
-8.015165 1.486304 -3.170367 255 68 68 R0 pano_camera6/frame_0368_hp_preview.jpg
-7.715936 1.482236 -2.549189 255 68 68 R0 pano_camera6/frame_0369_hp_preview.jpg
-7.727077 1.454690 -2.345741 255 68 68 R0 pano_camera6/frame_0370_hp_preview.jpg
-7.865296 1.487792 -2.205310 255 68 68 R0 pano_camera6/frame_0371_hp_preview.jpg
-8.192727 1.487765 -2.265485 255 68 68 R0 pano_camera6/frame_0372_hp_preview.jpg
-8.445057 1.500488 -2.518609 255 68 68 R0 pano_camera6/frame_0373_hp_preview.jpg
-9.054569 1.504244 -2.880852 255 68 68 R0 pano_camera6/frame_0374_hp_preview.jpg
-9.246577 1.515863 -2.892398 255 68 68 R0 pano_camera6/frame_0375_hp_preview.jpg
-9.469081 1.530070 -2.818588 255 68 68 R0 pano_camera6/frame_0376_hp_preview.jpg
-9.644641 1.538168 -2.725918 255 68 68 R0 pano_camera6/frame_0377_hp_preview.jpg
-10.147651 1.574275 -2.338347 255 68 68 R0 pano_camera6/frame_0378_hp_preview.jpg
-10.264202 1.566266 -2.190174 255 68 68 R0 pano_camera6/frame_0379_hp_preview.jpg
-10.381315 1.566182 -1.963396 255 68 68 R0 pano_camera6/frame_0380_hp_preview.jpg
-10.444809 1.447656 -1.942093 255 68 68 R0 pano_camera6/frame_0381_hp_preview.jpg
-10.471636 1.318899 -1.790101 255 68 68 R0 pano_camera6/frame_0382_hp_preview.jpg
-10.422512 1.523793 -1.525354 255 68 68 R0 pano_camera6/frame_0383_hp_preview.jpg
-10.392985 1.536963 -1.527301 255 68 68 R0 pano_camera6/frame_0384_hp_preview.jpg
-10.232246 1.546738 -1.329714 255 68 68 R0 pano_camera6/frame_0385_hp_preview.jpg
-9.915283 1.553340 -0.887711 255 68 68 R0 pano_camera6/frame_0386_hp_preview.jpg
-9.790038 1.551386 -0.668939 255 68 68 R0 pano_camera6/frame_0387_hp_preview.jpg
-9.337256 1.548551 -0.025812 255 68 68 R0 pano_camera6/frame_0388_hp_preview.jpg
-9.015227 1.537091 0.362259 255 68 68 R0 pano_camera6/frame_0389_hp_preview.jpg
-8.869570 1.524897 0.505527 255 68 68 R0 pano_camera6/frame_0390_hp_preview.jpg
-8.455187 1.524745 0.696471 255 68 68 R0 pano_camera6/frame_0391_hp_preview.jpg
-8.370792 1.520067 0.651974 255 68 68 R0 pano_camera6/frame_0392_hp_preview.jpg
-8.411250 1.519812 0.462938 255 68 68 R0 pano_camera6/frame_0393_hp_preview.jpg
-8.582961 1.513175 0.320167 255 68 68 R0 pano_camera6/frame_0394_hp_preview.jpg
-8.878268 1.510591 0.090925 255 68 68 R0 pano_camera6/frame_0395_hp_preview.jpg
-9.088768 1.513282 -0.234472 255 68 68 R0 pano_camera6/frame_0396_hp_preview.jpg
-8.890905 1.528206 -0.658472 255 68 68 R0 pano_camera6/frame_0397_hp_preview.jpg
-8.754420 1.523245 -0.760793 255 68 68 R0 pano_camera6/frame_0398_hp_preview.jpg
-8.276093 1.521298 -0.780037 255 68 68 R0 pano_camera6/frame_0399_hp_preview.jpg
-7.899597 1.502082 -0.425840 255 68 68 R0 pano_camera6/frame_0400_hp_preview.jpg
-7.624153 1.496778 -0.126280 255 68 68 R0 pano_camera6/frame_0401_hp_preview.jpg
-7.603742 1.495640 -0.107939 255 68 68 R0 pano_camera6/frame_0402_hp_preview.jpg
-7.347870 1.488496 0.179778 255 68 68 R0 pano_camera6/frame_0403_hp_preview.jpg
-6.827138 1.480388 0.172964 255 68 68 R0 pano_camera6/frame_0404_hp_preview.jpg
-6.798477 1.485972 0.143082 255 68 68 R0 pano_camera6/frame_0405_hp_preview.jpg
-6.644564 1.491830 -0.314655 255 68 68 R0 pano_camera6/frame_0406_hp_preview.jpg
-6.908735 1.480543 -0.674629 255 68 68 R0 pano_camera6/frame_0407_hp_preview.jpg
-7.053842 1.485627 -0.858239 255 68 68 R0 pano_camera6/frame_0408_hp_preview.jpg
-7.165724 1.480087 -0.989751 255 68 68 R0 pano_camera6/frame_0409_hp_preview.jpg
-7.275996 1.495399 -1.335016 255 68 68 R0 pano_camera6/frame_0410_hp_preview.jpg
-6.953836 1.480067 -1.871943 255 68 68 R0 pano_camera6/frame_0411_hp_preview.jpg
-6.892299 1.471010 -1.929459 255 68 68 R0 pano_camera6/frame_0412_hp_preview.jpg
-6.760310 1.471893 -2.112024 255 68 68 R0 pano_camera6/frame_0413_hp_preview.jpg
-6.781340 1.474433 -2.117340 255 68 68 R0 pano_camera6/frame_0414_hp_preview.jpg
-6.782789 1.474791 -2.115879 255 68 68 R0 pano_camera6/frame_0415_hp_preview.jpg
-6.779366 1.470174 -2.117299 255 68 68 R0 pano_camera6/frame_0416_hp_preview.jpg
0.000000 -0.000000 -0.000000 255 68 68 R0 pano_camera7/frame_0140_hp_preview.jpg
0.127761 0.005893 0.127489 255 68 68 R0 pano_camera7/frame_0141_hp_preview.jpg
0.346065 0.002623 0.368119 255 68 68 R0 pano_camera7/frame_0142_hp_preview.jpg
0.502974 0.000991 0.466662 255 68 68 R0 pano_camera7/frame_0143_hp_preview.jpg
0.678739 0.015540 0.414781 255 68 68 R0 pano_camera7/frame_0144_hp_preview.jpg
0.737090 0.018654 0.238093 255 68 68 R0 pano_camera7/frame_0145_hp_preview.jpg
-0.124670 0.012572 0.426911 255 68 68 R0 pano_camera7/frame_0157_hp_preview.jpg
-0.262354 0.016634 0.512870 255 68 68 R0 pano_camera7/frame_0158_hp_preview.jpg
-0.311416 0.022625 0.610571 255 68 68 R0 pano_camera7/frame_0159_hp_preview.jpg
-0.560078 0.018756 1.219305 255 68 68 R0 pano_camera7/frame_0160_hp_preview.jpg
-0.767483 0.019702 1.481333 255 68 68 R0 pano_camera7/frame_0161_hp_preview.jpg
-1.068574 0.036567 1.770408 255 68 68 R0 pano_camera7/frame_0162_hp_preview.jpg
-1.275881 0.044868 1.930176 255 68 68 R0 pano_camera7/frame_0163_hp_preview.jpg
-1.500918 0.057022 2.072409 255 68 68 R0 pano_camera7/frame_0164_hp_preview.jpg
-1.898270 0.062840 2.059469 255 68 68 R0 pano_camera7/frame_0165_hp_preview.jpg
-2.059379 0.061956 1.926443 255 68 68 R0 pano_camera7/frame_0166_hp_preview.jpg
-2.306152 0.064967 1.566645 255 68 68 R0 pano_camera7/frame_0167_hp_preview.jpg
-2.254054 0.055954 1.180005 255 68 68 R0 pano_camera7/frame_0168_hp_preview.jpg
-2.164023 0.064813 1.063815 255 68 68 R0 pano_camera7/frame_0169_hp_preview.jpg
-1.628619 0.039325 0.531807 255 68 68 R0 pano_camera7/frame_0170_hp_preview.jpg
-1.555925 0.051705 0.462216 255 68 68 R0 pano_camera7/frame_0171_hp_preview.jpg
-1.216531 0.029524 0.136708 255 68 68 R0 pano_camera7/frame_0172_hp_preview.jpg
-1.139232 0.033650 -0.243558 255 68 68 R0 pano_camera7/frame_0173_hp_preview.jpg
-1.343489 0.039625 -0.579343 255 68 68 R0 pano_camera7/frame_0174_hp_preview.jpg
-1.352569 0.042647 -0.584853 255 68 68 R0 pano_camera7/frame_0175_hp_preview.jpg
-1.783851 0.041097 -0.679115 255 68 68 R0 pano_camera7/frame_0176_hp_preview.jpg
-2.027872 0.054168 -0.630610 255 68 68 R0 pano_camera7/frame_0177_hp_preview.jpg
-2.489710 0.059054 -0.612872 255 68 68 R0 pano_camera7/frame_0178_hp_preview.jpg
-2.811045 0.063821 -0.861251 255 68 68 R0 pano_camera7/frame_0179_hp_preview.jpg
-2.853184 0.061475 -1.054876 255 68 68 R0 pano_camera7/frame_0180_hp_preview.jpg
-2.721299 0.042578 -1.292536 255 68 68 R0 pano_camera7/frame_0181_hp_preview.jpg
-2.526142 0.035930 -1.453878 255 68 68 R0 pano_camera7/frame_0182_hp_preview.jpg
-2.301400 0.040123 -1.773078 255 68 68 R0 pano_camera7/frame_0183_hp_preview.jpg
-2.453016 0.029724 -1.921645 255 68 68 R0 pano_camera7/frame_0184_hp_preview.jpg
-2.606686 0.033477 -1.872825 255 68 68 R0 pano_camera7/frame_0185_hp_preview.jpg
-2.799749 0.032787 -1.728868 255 68 68 R0 pano_camera7/frame_0186_hp_preview.jpg
-2.998447 0.037709 -1.593322 255 68 68 R0 pano_camera7/frame_0187_hp_preview.jpg
-3.298041 0.045684 -1.488717 255 68 68 R0 pano_camera7/frame_0188_hp_preview.jpg
-3.601257 0.050376 -1.576761 255 68 68 R0 pano_camera7/frame_0189_hp_preview.jpg
-3.632048 0.056282 -1.595888 255 68 68 R0 pano_camera7/frame_0190_hp_preview.jpg
-3.799038 0.058890 -1.810546 255 68 68 R0 pano_camera7/frame_0191_hp_preview.jpg
-3.800911 0.059050 -2.170497 255 68 68 R0 pano_camera7/frame_0192_hp_preview.jpg
-3.669442 0.047692 -2.421538 255 68 68 R0 pano_camera7/frame_0193_hp_preview.jpg
-3.449269 0.032058 -2.704399 255 68 68 R0 pano_camera7/frame_0194_hp_preview.jpg
-3.310763 0.033236 -2.917283 255 68 68 R0 pano_camera7/frame_0195_hp_preview.jpg
-3.338865 0.019854 -3.121542 255 68 68 R0 pano_camera7/frame_0196_hp_preview.jpg
-3.538208 0.022125 -3.493627 255 68 68 R0 pano_camera7/frame_0197_hp_preview.jpg
-3.915358 0.040654 -3.974386 255 68 68 R0 pano_camera7/frame_0198_hp_preview.jpg
-4.025670 0.046948 -4.115116 255 68 68 R0 pano_camera7/frame_0199_hp_preview.jpg
-4.648176 0.085162 -4.683064 255 68 68 R0 pano_camera7/frame_0200_hp_preview.jpg
-4.639617 0.129478 -4.777532 255 68 68 R0 pano_camera7/frame_0201_hp_preview.jpg
-4.675514 0.061964 -3.540702 255 68 68 R0 pano_camera7/frame_0226_hp_preview.jpg
-5.281499 0.081925 -2.268250 255 68 68 R0 pano_camera7/frame_0240_hp_preview.jpg
-5.266954 0.074577 -2.202432 255 68 68 R0 pano_camera7/frame_0241_hp_preview.jpg
-5.370329 0.072442 -1.925080 255 68 68 R0 pano_camera7/frame_0242_hp_preview.jpg
-5.252398 0.068856 -1.762748 255 68 68 R0 pano_camera7/frame_0243_hp_preview.jpg
-5.039062 0.062700 -1.777850 255 68 68 R0 pano_camera7/frame_0244_hp_preview.jpg
-4.935709 0.057573 -1.760045 255 68 68 R0 pano_camera7/frame_0245_hp_preview.jpg
-4.664298 0.028147 -1.697217 255 68 68 R0 pano_camera7/frame_0246_hp_preview.jpg
-4.536918 0.032600 -1.771611 255 68 68 R0 pano_camera7/frame_0247_hp_preview.jpg
-4.221239 0.028061 -1.699083 255 68 68 R0 pano_camera7/frame_0248_hp_preview.jpg
-4.185656 0.025576 -1.679158 255 68 68 R0 pano_camera7/frame_0249_hp_preview.jpg
-3.558775 0.023151 -1.212276 255 68 68 R0 pano_camera7/frame_0250_hp_preview.jpg
-3.548390 0.021609 -1.202746 255 68 68 R0 pano_camera7/frame_0251_hp_preview.jpg
-3.244884 0.031192 -0.781031 255 68 68 R0 pano_camera7/frame_0252_hp_preview.jpg
-3.096191 0.051215 -0.241996 255 68 68 R0 pano_camera7/frame_0253_hp_preview.jpg
-3.367992 0.068919 0.083213 255 68 68 R0 pano_camera7/frame_0254_hp_preview.jpg
-3.410640 0.066340 0.088704 255 68 68 R0 pano_camera7/frame_0255_hp_preview.jpg
-3.842053 0.107590 -0.267415 255 68 68 R0 pano_camera7/frame_0256_hp_preview.jpg
-3.971249 0.234061 -0.442052 255 68 68 R0 pano_camera7/frame_0257_hp_preview.jpg
-4.020066 0.315466 -0.509198 255 68 68 R0 pano_camera7/frame_0258_hp_preview.jpg
-4.097854 0.388958 -0.632968 255 68 68 R0 pano_camera7/frame_0259_hp_preview.jpg
-4.277114 0.637504 -0.907121 255 68 68 R0 pano_camera7/frame_0260_hp_preview.jpg
-4.279742 0.640201 -0.913409 255 68 68 R0 pano_camera7/frame_0261_hp_preview.jpg
-4.490617 0.898140 -1.177614 255 68 68 R0 pano_camera7/frame_0262_hp_preview.jpg
-4.501059 0.907531 -1.184322 255 68 68 R0 pano_camera7/frame_0263_hp_preview.jpg
-4.605610 1.050798 -1.322791 255 68 68 R0 pano_camera7/frame_0264_hp_preview.jpg
-4.766816 1.227890 -1.530183 255 68 68 R0 pano_camera7/frame_0265_hp_preview.jpg
-4.812070 1.360665 -1.757383 255 68 68 R0 pano_camera7/frame_0266_hp_preview.jpg
-4.798484 1.434485 -1.967036 255 68 68 R0 pano_camera7/frame_0267_hp_preview.jpg
-4.596928 1.424548 -2.199258 255 68 68 R0 pano_camera7/frame_0268_hp_preview.jpg
-4.223754 1.424747 -2.564168 255 68 68 R0 pano_camera7/frame_0269_hp_preview.jpg
-4.037447 1.439566 -2.719237 255 68 68 R0 pano_camera7/frame_0270_hp_preview.jpg
-3.669822 1.427466 -2.980780 255 68 68 R0 pano_camera7/frame_0271_hp_preview.jpg
-3.329324 1.425409 -3.230354 255 68 68 R0 pano_camera7/frame_0272_hp_preview.jpg
-3.146135 1.432494 -3.377038 255 68 68 R0 pano_camera7/frame_0273_hp_preview.jpg
-2.557956 1.417994 -3.824379 255 68 68 R0 pano_camera7/frame_0274_hp_preview.jpg
-2.499719 1.420799 -3.880803 255 68 68 R0 pano_camera7/frame_0275_hp_preview.jpg
-2.027981 1.416347 -4.253606 255 68 68 R0 pano_camera7/frame_0276_hp_preview.jpg
-1.889447 1.419430 -4.380846 255 68 68 R0 pano_camera7/frame_0277_hp_preview.jpg
-1.470993 1.429447 -4.787816 255 68 68 R0 pano_camera7/frame_0278_hp_preview.jpg
-1.233648 1.422878 -4.957867 255 68 68 R0 pano_camera7/frame_0279_hp_preview.jpg
-0.649317 1.418283 -5.459124 255 68 68 R0 pano_camera7/frame_0280_hp_preview.jpg
-0.536737 1.414300 -5.541142 255 68 68 R0 pano_camera7/frame_0281_hp_preview.jpg
-0.385244 1.407074 -5.694420 255 68 68 R0 pano_camera7/frame_0282_hp_preview.jpg
-0.307456 1.402981 -5.929093 255 68 68 R0 pano_camera7/frame_0283_hp_preview.jpg
-0.486499 1.394691 -6.316210 255 68 68 R0 pano_camera7/frame_0284_hp_preview.jpg
-0.523706 1.392646 -6.342671 255 68 68 R0 pano_camera7/frame_0285_hp_preview.jpg
-0.778917 1.394235 -6.547998 255 68 68 R0 pano_camera7/frame_0286_hp_preview.jpg
-0.979118 1.411449 -6.555753 255 68 68 R0 pano_camera7/frame_0287_hp_preview.jpg
-1.240202 1.424108 -6.570644 255 68 68 R0 pano_camera7/frame_0288_hp_preview.jpg
-1.395073 1.431397 -6.646499 255 68 68 R0 pano_camera7/frame_0289_hp_preview.jpg
-1.501382 1.429986 -6.900419 255 68 68 R0 pano_camera7/frame_0290_hp_preview.jpg
-1.598073 1.419180 -7.448349 255 68 68 R0 pano_camera7/frame_0291_hp_preview.jpg
-1.663208 1.418926 -7.660912 255 68 68 R0 pano_camera7/frame_0292_hp_preview.jpg
-1.705980 1.413616 -7.838134 255 68 68 R0 pano_camera7/frame_0293_hp_preview.jpg
-2.166427 1.403255 -8.283259 255 68 68 R0 pano_camera7/frame_0294_hp_preview.jpg
-2.216551 1.405076 -8.295318 255 68 68 R0 pano_camera7/frame_0295_hp_preview.jpg
-2.758252 1.406874 -8.102471 255 68 68 R0 pano_camera7/frame_0296_hp_preview.jpg
-2.857817 1.414819 -7.756588 255 68 68 R0 pano_camera7/frame_0297_hp_preview.jpg
-2.885242 1.404733 -7.446474 255 68 68 R0 pano_camera7/frame_0298_hp_preview.jpg
-2.896998 1.411660 -7.204359 255 68 68 R0 pano_camera7/frame_0299_hp_preview.jpg
-2.927742 1.418923 -6.742150 255 68 68 R0 pano_camera7/frame_0300_hp_preview.jpg
-2.930316 1.405266 -6.422174 255 68 68 R0 pano_camera7/frame_0301_hp_preview.jpg
-2.899770 1.401872 -6.101058 255 68 68 R0 pano_camera7/frame_0302_hp_preview.jpg
-2.785137 1.414961 -5.663155 255 68 68 R0 pano_camera7/frame_0303_hp_preview.jpg
-2.735448 1.410451 -5.439261 255 68 68 R0 pano_camera7/frame_0304_hp_preview.jpg
-2.671398 1.406015 -4.910885 255 68 68 R0 pano_camera7/frame_0305_hp_preview.jpg
-2.733401 1.399411 -4.385119 255 68 68 R0 pano_camera7/frame_0306_hp_preview.jpg
-2.832166 1.396149 -4.051726 255 68 68 R0 pano_camera7/frame_0307_hp_preview.jpg
-2.877625 1.402885 -3.974904 255 68 68 R0 pano_camera7/frame_0308_hp_preview.jpg
-3.261742 1.409936 -3.690441 255 68 68 R0 pano_camera7/frame_0309_hp_preview.jpg
-3.729823 1.427792 -3.696874 255 68 68 R0 pano_camera7/frame_0310_hp_preview.jpg
-3.960385 1.416978 -3.917860 255 68 68 R0 pano_camera7/frame_0311_hp_preview.jpg
-4.128569 1.429212 -4.332964 255 68 68 R0 pano_camera7/frame_0312_hp_preview.jpg
-4.196616 1.430101 -4.644439 255 68 68 R0 pano_camera7/frame_0313_hp_preview.jpg
-4.229892 1.429019 -4.926250 255 68 68 R0 pano_camera7/frame_0314_hp_preview.jpg
-4.329399 1.430465 -5.612939 255 68 68 R0 pano_camera7/frame_0315_hp_preview.jpg
-4.341275 1.434257 -5.662863 255 68 68 R0 pano_camera7/frame_0316_hp_preview.jpg
-4.456013 1.424831 -6.099531 255 68 68 R0 pano_camera7/frame_0317_hp_preview.jpg
-4.733557 1.417603 -6.493369 255 68 68 R0 pano_camera7/frame_0318_hp_preview.jpg
-4.860418 1.420117 -6.503492 255 68 68 R0 pano_camera7/frame_0319_hp_preview.jpg
-5.204661 1.445634 -6.407131 255 68 68 R0 pano_camera7/frame_0320_hp_preview.jpg
-5.728389 1.456382 -5.927644 255 68 68 R0 pano_camera7/frame_0321_hp_preview.jpg
-5.756549 1.456104 -5.895276 255 68 68 R0 pano_camera7/frame_0322_hp_preview.jpg
-5.872268 1.446056 -5.429005 255 68 68 R0 pano_camera7/frame_0323_hp_preview.jpg
-5.814695 1.456028 -4.953133 255 68 68 R0 pano_camera7/frame_0324_hp_preview.jpg
-5.821113 1.448689 -4.904749 255 68 68 R0 pano_camera7/frame_0325_hp_preview.jpg
-6.038513 1.447704 -4.455291 255 68 68 R0 pano_camera7/frame_0326_hp_preview.jpg
-6.303680 1.448310 -4.405479 255 68 68 R0 pano_camera7/frame_0327_hp_preview.jpg
-6.438129 1.458753 -4.445246 255 68 68 R0 pano_camera7/frame_0328_hp_preview.jpg
-6.631331 1.464549 -4.582812 255 68 68 R0 pano_camera7/frame_0329_hp_preview.jpg
-6.985016 1.473314 -4.714161 255 68 68 R0 pano_camera7/frame_0330_hp_preview.jpg
-7.101449 1.473312 -4.624521 255 68 68 R0 pano_camera7/frame_0331_hp_preview.jpg
-6.950098 1.462510 -4.224388 255 68 68 R0 pano_camera7/frame_0332_hp_preview.jpg
-6.778728 1.453302 -4.095778 255 68 68 R0 pano_camera7/frame_0333_hp_preview.jpg
-6.511900 1.448076 -3.813405 255 68 68 R0 pano_camera7/frame_0334_hp_preview.jpg
-6.409844 1.450298 -3.635264 255 68 68 R0 pano_camera7/frame_0335_hp_preview.jpg
-6.287094 1.440720 -3.442166 255 68 68 R0 pano_camera7/frame_0336_hp_preview.jpg
-6.060484 1.431460 -2.982900 255 68 68 R0 pano_camera7/frame_0337_hp_preview.jpg
-5.949976 1.434146 -2.751992 255 68 68 R0 pano_camera7/frame_0338_hp_preview.jpg
-5.711375 1.427912 -2.138496 255 68 68 R0 pano_camera7/frame_0339_hp_preview.jpg
-5.615047 1.453874 -1.734063 255 68 68 R0 pano_camera7/frame_0340_hp_preview.jpg
-5.582398 1.447731 -1.627365 255 68 68 R0 pano_camera7/frame_0341_hp_preview.jpg
-5.454203 1.449302 -1.322916 255 68 68 R0 pano_camera7/frame_0342_hp_preview.jpg
-5.220782 1.453371 -0.973504 255 68 68 R0 pano_camera7/frame_0343_hp_preview.jpg
-5.264966 1.463158 -0.625862 255 68 68 R0 pano_camera7/frame_0344_hp_preview.jpg
-5.516939 1.466904 -0.708854 255 68 68 R0 pano_camera7/frame_0345_hp_preview.jpg
-5.714004 1.463689 -0.893401 255 68 68 R0 pano_camera7/frame_0346_hp_preview.jpg
-5.815574 1.462958 -1.100770 255 68 68 R0 pano_camera7/frame_0347_hp_preview.jpg
-5.940494 1.464197 -1.330996 255 68 68 R0 pano_camera7/frame_0348_hp_preview.jpg
-6.237551 1.454903 -1.875895 255 68 68 R0 pano_camera7/frame_0349_hp_preview.jpg
-6.434689 1.443099 -2.084256 255 68 68 R0 pano_camera7/frame_0350_hp_preview.jpg
-6.589192 1.439712 -2.232229 255 68 68 R0 pano_camera7/frame_0351_hp_preview.jpg
-7.030488 1.446635 -2.435810 255 68 68 R0 pano_camera7/frame_0352_hp_preview.jpg
-7.252179 1.462631 -2.467744 255 68 68 R0 pano_camera7/frame_0353_hp_preview.jpg
-7.612041 1.471659 -2.640672 255 68 68 R0 pano_camera7/frame_0354_hp_preview.jpg
-7.727212 1.484318 -2.818243 255 68 68 R0 pano_camera7/frame_0355_hp_preview.jpg
-7.648701 1.489696 -3.237079 255 68 68 R0 pano_camera7/frame_0356_hp_preview.jpg
-7.576138 1.473189 -3.528013 255 68 68 R0 pano_camera7/frame_0357_hp_preview.jpg
-7.532688 1.453689 -3.610879 255 68 68 R0 pano_camera7/frame_0358_hp_preview.jpg
-7.501295 1.444138 -3.633930 255 68 68 R0 pano_camera7/frame_0359_hp_preview.jpg
-7.548684 1.459743 -3.639956 255 68 68 R0 pano_camera7/frame_0360_hp_preview.jpg
-7.548815 1.458681 -3.644156 255 68 68 R0 pano_camera7/frame_0361_hp_preview.jpg
-7.658608 1.467158 -3.910693 255 68 68 R0 pano_camera7/frame_0362_hp_preview.jpg
-7.791464 1.473250 -3.968634 255 68 68 R0 pano_camera7/frame_0363_hp_preview.jpg
-8.051945 1.505622 -3.985809 255 68 68 R0 pano_camera7/frame_0364_hp_preview.jpg
-8.132823 1.508930 -3.931367 255 68 68 R0 pano_camera7/frame_0365_hp_preview.jpg
-8.178070 1.502901 -3.533454 255 68 68 R0 pano_camera7/frame_0366_hp_preview.jpg
-8.154920 1.499634 -3.473401 255 68 68 R0 pano_camera7/frame_0367_hp_preview.jpg
-8.015165 1.486304 -3.170367 255 68 68 R0 pano_camera7/frame_0368_hp_preview.jpg
-7.715936 1.482236 -2.549189 255 68 68 R0 pano_camera7/frame_0369_hp_preview.jpg
-7.727077 1.454690 -2.345741 255 68 68 R0 pano_camera7/frame_0370_hp_preview.jpg
-7.865296 1.487792 -2.205310 255 68 68 R0 pano_camera7/frame_0371_hp_preview.jpg
-8.192727 1.487765 -2.265485 255 68 68 R0 pano_camera7/frame_0372_hp_preview.jpg
-8.445057 1.500488 -2.518609 255 68 68 R0 pano_camera7/frame_0373_hp_preview.jpg
-9.054569 1.504244 -2.880852 255 68 68 R0 pano_camera7/frame_0374_hp_preview.jpg
-9.246577 1.515863 -2.892398 255 68 68 R0 pano_camera7/frame_0375_hp_preview.jpg
-9.469081 1.530070 -2.818588 255 68 68 R0 pano_camera7/frame_0376_hp_preview.jpg
-9.644641 1.538168 -2.725918 255 68 68 R0 pano_camera7/frame_0377_hp_preview.jpg
-10.147651 1.574275 -2.338347 255 68 68 R0 pano_camera7/frame_0378_hp_preview.jpg
-10.264202 1.566266 -2.190174 255 68 68 R0 pano_camera7/frame_0379_hp_preview.jpg
-10.381315 1.566182 -1.963396 255 68 68 R0 pano_camera7/frame_0380_hp_preview.jpg
-10.444809 1.447656 -1.942093 255 68 68 R0 pano_camera7/frame_0381_hp_preview.jpg
-10.471636 1.318899 -1.790101 255 68 68 R0 pano_camera7/frame_0382_hp_preview.jpg
-10.422512 1.523793 -1.525354 255 68 68 R0 pano_camera7/frame_0383_hp_preview.jpg
-10.392985 1.536963 -1.527301 255 68 68 R0 pano_camera7/frame_0384_hp_preview.jpg
-10.232246 1.546738 -1.329714 255 68 68 R0 pano_camera7/frame_0385_hp_preview.jpg
-9.915283 1.553340 -0.887711 255 68 68 R0 pano_camera7/frame_0386_hp_preview.jpg
-9.790038 1.551386 -0.668939 255 68 68 R0 pano_camera7/frame_0387_hp_preview.jpg
-9.337256 1.548551 -0.025812 255 68 68 R0 pano_camera7/frame_0388_hp_preview.jpg
-9.015227 1.537091 0.362259 255 68 68 R0 pano_camera7/frame_0389_hp_preview.jpg
-8.869570 1.524897 0.505527 255 68 68 R0 pano_camera7/frame_0390_hp_preview.jpg
-8.455187 1.524745 0.696471 255 68 68 R0 pano_camera7/frame_0391_hp_preview.jpg
-8.370792 1.520067 0.651974 255 68 68 R0 pano_camera7/frame_0392_hp_preview.jpg
-8.411250 1.519812 0.462938 255 68 68 R0 pano_camera7/frame_0393_hp_preview.jpg
-8.582961 1.513175 0.320167 255 68 68 R0 pano_camera7/frame_0394_hp_preview.jpg
-8.878268 1.510591 0.090925 255 68 68 R0 pano_camera7/frame_0395_hp_preview.jpg
-9.088768 1.513282 -0.234472 255 68 68 R0 pano_camera7/frame_0396_hp_preview.jpg
-8.890905 1.528206 -0.658472 255 68 68 R0 pano_camera7/frame_0397_hp_preview.jpg
-8.754420 1.523245 -0.760793 255 68 68 R0 pano_camera7/frame_0398_hp_preview.jpg
-8.276093 1.521298 -0.780037 255 68 68 R0 pano_camera7/frame_0399_hp_preview.jpg
-7.899597 1.502082 -0.425840 255 68 68 R0 pano_camera7/frame_0400_hp_preview.jpg
-7.624153 1.496778 -0.126280 255 68 68 R0 pano_camera7/frame_0401_hp_preview.jpg
-7.603742 1.495640 -0.107939 255 68 68 R0 pano_camera7/frame_0402_hp_preview.jpg
-7.347870 1.488496 0.179778 255 68 68 R0 pano_camera7/frame_0403_hp_preview.jpg
-6.827138 1.480388 0.172964 255 68 68 R0 pano_camera7/frame_0404_hp_preview.jpg
-6.798477 1.485972 0.143082 255 68 68 R0 pano_camera7/frame_0405_hp_preview.jpg
-6.644564 1.491830 -0.314655 255 68 68 R0 pano_camera7/frame_0406_hp_preview.jpg
-6.908735 1.480543 -0.674629 255 68 68 R0 pano_camera7/frame_0407_hp_preview.jpg
-7.053842 1.485627 -0.858239 255 68 68 R0 pano_camera7/frame_0408_hp_preview.jpg
-7.165724 1.480087 -0.989751 255 68 68 R0 pano_camera7/frame_0409_hp_preview.jpg
-7.275996 1.495399 -1.335016 255 68 68 R0 pano_camera7/frame_0410_hp_preview.jpg
-6.953836 1.480067 -1.871943 255 68 68 R0 pano_camera7/frame_0411_hp_preview.jpg
-6.892299 1.471010 -1.929459 255 68 68 R0 pano_camera7/frame_0412_hp_preview.jpg
-6.760310 1.471893 -2.112024 255 68 68 R0 pano_camera7/frame_0413_hp_preview.jpg
-6.781340 1.474433 -2.117340 255 68 68 R0 pano_camera7/frame_0414_hp_preview.jpg
-6.782789 1.474791 -2.115879 255 68 68 R0 pano_camera7/frame_0415_hp_preview.jpg
-6.779366 1.470174 -2.117299 255 68 68 R0 pano_camera7/frame_0416_hp_preview.jpg

# Object R1: Green (720 points)
# Transform: Pos(0.000, 0.000, 0.000) Scale(1.000, 1.000, 1.000) Quat(0.000, 0.000, 0.000, 1.000)
0.000000 0.000000 0.000000 68 255 68 R1 pano_camera0/frame_0000_hp_preview.jpg
1.292763 -0.013334 0.443389 68 255 68 R1 pano_camera0/frame_0002_hp_preview.jpg
1.955976 0.039006 0.659281 68 255 68 R1 pano_camera0/frame_0003_hp_preview.jpg
2.316401 0.067077 0.786356 68 255 68 R1 pano_camera0/frame_0004_hp_preview.jpg
2.372445 0.315218 0.954063 68 255 68 R1 pano_camera0/frame_0005_hp_preview.jpg
2.188438 0.253484 0.768777 68 255 68 R1 pano_camera0/frame_0006_hp_preview.jpg
2.135612 0.164421 0.635473 68 255 68 R1 pano_camera0/frame_0007_hp_preview.jpg
2.132217 0.163218 0.644418 68 255 68 R1 pano_camera0/frame_0008_hp_preview.jpg
2.136674 0.175415 0.699252 68 255 68 R1 pano_camera0/frame_0009_hp_preview.jpg
2.140788 0.178805 0.702832 68 255 68 R1 pano_camera0/frame_0010_hp_preview.jpg
2.159438 0.192415 0.695461 68 255 68 R1 pano_camera0/frame_0011_hp_preview.jpg
2.107861 0.157737 0.694900 68 255 68 R1 pano_camera0/frame_0012_hp_preview.jpg
2.143161 0.169267 0.618230 68 255 68 R1 pano_camera0/frame_0013_hp_preview.jpg
2.200228 0.385333 0.719385 68 255 68 R1 pano_camera0/frame_0014_hp_preview.jpg
2.269490 0.382284 0.706901 68 255 68 R1 pano_camera0/frame_0015_hp_preview.jpg
2.263637 0.402019 0.638600 68 255 68 R1 pano_camera0/frame_0016_hp_preview.jpg
1.876367 0.386791 0.512456 68 255 68 R1 pano_camera0/frame_0017_hp_preview.jpg
1.439122 0.383458 0.319923 68 255 68 R1 pano_camera0/frame_0018_hp_preview.jpg
1.192644 0.382104 0.114960 68 255 68 R1 pano_camera0/frame_0019_hp_preview.jpg
1.010678 0.385501 -0.194236 68 255 68 R1 pano_camera0/frame_0020_hp_preview.jpg
0.914325 0.378420 -0.782490 68 255 68 R1 pano_camera0/frame_0021_hp_preview.jpg
0.823535 0.376530 -1.765314 68 255 68 R1 pano_camera0/frame_0022_hp_preview.jpg
0.746975 0.366068 -2.185098 68 255 68 R1 pano_camera0/frame_0023_hp_preview.jpg
0.758139 0.367140 -2.491637 68 255 68 R1 pano_camera0/frame_0024_hp_preview.jpg
1.002070 0.383925 -2.998772 68 255 68 R1 pano_camera0/frame_0025_hp_preview.jpg
1.303041 0.415973 -3.236000 68 255 68 R1 pano_camera0/frame_0026_hp_preview.jpg
1.588401 0.426581 -3.331653 68 255 68 R1 pano_camera0/frame_0027_hp_preview.jpg
0.992486 0.401001 -3.613023 68 255 68 R1 pano_camera0/frame_0028_hp_preview.jpg
0.221394 0.393655 -3.768925 68 255 68 R1 pano_camera0/frame_0029_hp_preview.jpg
-0.474706 0.375528 -3.960033 68 255 68 R1 pano_camera0/frame_0030_hp_preview.jpg
-0.912415 0.383135 -4.224940 68 255 68 R1 pano_camera0/frame_0031_hp_preview.jpg
-0.982309 0.373205 -4.699873 68 255 68 R1 pano_camera0/frame_0032_hp_preview.jpg
-0.857042 0.369978 -4.960767 68 255 68 R1 pano_camera0/frame_0033_hp_preview.jpg
-0.074625 0.414387 -5.309023 68 255 68 R1 pano_camera0/frame_0034_hp_preview.jpg
0.164614 0.421007 -5.242305 68 255 68 R1 pano_camera0/frame_0035_hp_preview.jpg
0.752719 0.412763 -5.034396 68 255 68 R1 pano_camera0/frame_0036_hp_preview.jpg
1.212462 0.439126 -4.941088 68 255 68 R1 pano_camera0/frame_0037_hp_preview.jpg
1.641657 0.440167 -4.862142 68 255 68 R1 pano_camera0/frame_0038_hp_preview.jpg
2.382214 0.425106 -5.109992 68 255 68 R1 pano_camera0/frame_0039_hp_preview.jpg
2.723829 0.462134 -5.462948 68 255 68 R1 pano_camera0/frame_0040_hp_preview.jpg
2.769307 0.473084 -5.539502 68 255 68 R1 pano_camera0/frame_0041_hp_preview.jpg
3.139132 0.476649 -6.176223 68 255 68 R1 pano_camera0/frame_0042_hp_preview.jpg
3.508784 0.598379 -6.506786 68 255 68 R1 pano_camera0/frame_0043_hp_preview.jpg
3.956916 0.603837 -6.395998 68 255 68 R1 pano_camera0/frame_0044_hp_preview.jpg
4.613155 0.600999 -6.367856 68 255 68 R1 pano_camera0/frame_0045_hp_preview.jpg
4.750837 0.604463 -6.576744 68 255 68 R1 pano_camera0/frame_0046_hp_preview.jpg
4.721613 0.596011 -6.667029 68 255 68 R1 pano_camera0/frame_0047_hp_preview.jpg
4.544875 0.605063 -6.874924 68 255 68 R1 pano_camera0/frame_0048_hp_preview.jpg
3.935500 0.606754 -7.131438 68 255 68 R1 pano_camera0/frame_0049_hp_preview.jpg
3.119061 0.591656 -7.167619 68 255 68 R1 pano_camera0/frame_0050_hp_preview.jpg
3.083797 0.594869 -7.164506 68 255 68 R1 pano_camera0/frame_0051_hp_preview.jpg
2.252813 0.566547 -7.288220 68 255 68 R1 pano_camera0/frame_0052_hp_preview.jpg
2.069995 0.469251 -7.399554 68 255 68 R1 pano_camera0/frame_0053_hp_preview.jpg
1.876249 0.467871 -7.718822 68 255 68 R1 pano_camera0/frame_0054_hp_preview.jpg
1.088960 0.442237 -8.029110 68 255 68 R1 pano_camera0/frame_0055_hp_preview.jpg
0.704572 0.451029 -7.978041 68 255 68 R1 pano_camera0/frame_0056_hp_preview.jpg
0.300972 0.436320 -7.874026 68 255 68 R1 pano_camera0/frame_0057_hp_preview.jpg
0.038475 0.430138 -7.810345 68 255 68 R1 pano_camera0/frame_0058_hp_preview.jpg
-0.246116 0.402885 -7.461140 68 255 68 R1 pano_camera0/frame_0059_hp_preview.jpg
-0.506796 0.410339 -6.901526 68 255 68 R1 pano_camera0/frame_0060_hp_preview.jpg
-0.648582 0.415622 -6.616809 68 255 68 R1 pano_camera0/frame_0061_hp_preview.jpg
-0.921081 0.368931 -5.659783 68 255 68 R1 pano_camera0/frame_0062_hp_preview.jpg
-1.146557 0.369479 -4.943424 68 255 68 R1 pano_camera0/frame_0063_hp_preview.jpg
-1.187528 0.369895 -4.813771 68 255 68 R1 pano_camera0/frame_0064_hp_preview.jpg
-1.681883 0.330809 -4.045564 68 255 68 R1 pano_camera0/frame_0065_hp_preview.jpg
-1.868043 0.328969 -3.912826 68 255 68 R1 pano_camera0/frame_0066_hp_preview.jpg
-2.405267 0.304783 -3.278755 68 255 68 R1 pano_camera0/frame_0067_hp_preview.jpg
-2.720640 0.299804 -2.548457 68 255 68 R1 pano_camera0/frame_0068_hp_preview.jpg
-2.765004 0.302836 -2.437665 68 255 68 R1 pano_camera0/frame_0069_hp_preview.jpg
-2.633468 0.292425 -1.611639 68 255 68 R1 pano_camera0/frame_0070_hp_preview.jpg
-2.188584 0.287919 -1.169299 68 255 68 R1 pano_camera0/frame_0071_hp_preview.jpg
-1.730687 0.298689 -0.921651 68 255 68 R1 pano_camera0/frame_0072_hp_preview.jpg
-1.640382 0.302569 -0.893916 68 255 68 R1 pano_camera0/frame_0073_hp_preview.jpg
-1.016770 0.312132 -0.574329 68 255 68 R1 pano_camera0/frame_0074_hp_preview.jpg
-0.337821 0.333624 -0.151201 68 255 68 R1 pano_camera0/frame_0075_hp_preview.jpg
-0.069908 0.327207 0.011995 68 255 68 R1 pano_camera0/frame_0076_hp_preview.jpg
0.529475 0.353236 0.361295 68 255 68 R1 pano_camera0/frame_0077_hp_preview.jpg
1.226551 0.380567 0.742337 68 255 68 R1 pano_camera0/frame_0078_hp_preview.jpg
2.121607 0.374672 1.374532 68 255 68 R1 pano_camera0/frame_0079_hp_preview.jpg
2.504486 0.390245 1.951918 68 255 68 R1 pano_camera0/frame_0080_hp_preview.jpg
-1.746501 0.309426 0.367038 68 255 68 R1 pano_camera0/frame_0118_hp_preview.jpg
-1.723719 0.317667 -0.089284 68 255 68 R1 pano_camera0/frame_0119_hp_preview.jpg
-2.089843 0.315577 -0.704857 68 255 68 R1 pano_camera0/frame_0120_hp_preview.jpg
-2.435078 0.303911 -0.940521 68 255 68 R1 pano_camera0/frame_0121_hp_preview.jpg
-2.748430 0.306337 -1.079158 68 255 68 R1 pano_camera0/frame_0122_hp_preview.jpg
-3.416129 0.300962 -1.196843 68 255 68 R1 pano_camera0/frame_0123_hp_preview.jpg
-3.943001 0.292167 -1.052416 68 255 68 R1 pano_camera0/frame_0124_hp_preview.jpg
-4.069684 0.282247 -0.706030 68 255 68 R1 pano_camera0/frame_0125_hp_preview.jpg
-4.073934 0.303745 -0.492679 68 255 68 R1 pano_camera0/frame_0126_hp_preview.jpg
-3.942780 0.277830 -2.970952 68 255 68 R1 pano_camera0/frame_0197_hp_preview.jpg
0.000000 0.000000 -0.000000 68 255 68 R1 pano_camera1/frame_0000_hp_preview.jpg
1.292763 -0.013334 0.443389 68 255 68 R1 pano_camera1/frame_0002_hp_preview.jpg
1.955976 0.039006 0.659281 68 255 68 R1 pano_camera1/frame_0003_hp_preview.jpg
2.316401 0.067077 0.786356 68 255 68 R1 pano_camera1/frame_0004_hp_preview.jpg
2.372445 0.315218 0.954063 68 255 68 R1 pano_camera1/frame_0005_hp_preview.jpg
2.188438 0.253484 0.768777 68 255 68 R1 pano_camera1/frame_0006_hp_preview.jpg
2.135612 0.164421 0.635473 68 255 68 R1 pano_camera1/frame_0007_hp_preview.jpg
2.132217 0.163218 0.644418 68 255 68 R1 pano_camera1/frame_0008_hp_preview.jpg
2.136674 0.175415 0.699252 68 255 68 R1 pano_camera1/frame_0009_hp_preview.jpg
2.140788 0.178805 0.702832 68 255 68 R1 pano_camera1/frame_0010_hp_preview.jpg
2.159438 0.192415 0.695461 68 255 68 R1 pano_camera1/frame_0011_hp_preview.jpg
2.107861 0.157737 0.694900 68 255 68 R1 pano_camera1/frame_0012_hp_preview.jpg
2.143161 0.169267 0.618230 68 255 68 R1 pano_camera1/frame_0013_hp_preview.jpg
2.200228 0.385333 0.719385 68 255 68 R1 pano_camera1/frame_0014_hp_preview.jpg
2.269490 0.382284 0.706901 68 255 68 R1 pano_camera1/frame_0015_hp_preview.jpg
2.263637 0.402019 0.638600 68 255 68 R1 pano_camera1/frame_0016_hp_preview.jpg
1.876367 0.386791 0.512456 68 255 68 R1 pano_camera1/frame_0017_hp_preview.jpg
1.439122 0.383458 0.319923 68 255 68 R1 pano_camera1/frame_0018_hp_preview.jpg
1.192644 0.382104 0.114960 68 255 68 R1 pano_camera1/frame_0019_hp_preview.jpg
1.010678 0.385501 -0.194236 68 255 68 R1 pano_camera1/frame_0020_hp_preview.jpg
0.914325 0.378420 -0.782490 68 255 68 R1 pano_camera1/frame_0021_hp_preview.jpg
0.823535 0.376530 -1.765314 68 255 68 R1 pano_camera1/frame_0022_hp_preview.jpg
0.746975 0.366068 -2.185098 68 255 68 R1 pano_camera1/frame_0023_hp_preview.jpg
0.758139 0.367140 -2.491637 68 255 68 R1 pano_camera1/frame_0024_hp_preview.jpg
1.002070 0.383925 -2.998772 68 255 68 R1 pano_camera1/frame_0025_hp_preview.jpg
1.303041 0.415973 -3.236000 68 255 68 R1 pano_camera1/frame_0026_hp_preview.jpg
1.588401 0.426581 -3.331653 68 255 68 R1 pano_camera1/frame_0027_hp_preview.jpg
0.992486 0.401001 -3.613023 68 255 68 R1 pano_camera1/frame_0028_hp_preview.jpg
0.221394 0.393655 -3.768925 68 255 68 R1 pano_camera1/frame_0029_hp_preview.jpg
-0.474706 0.375528 -3.960033 68 255 68 R1 pano_camera1/frame_0030_hp_preview.jpg
-0.912415 0.383135 -4.224940 68 255 68 R1 pano_camera1/frame_0031_hp_preview.jpg
-0.982309 0.373205 -4.699873 68 255 68 R1 pano_camera1/frame_0032_hp_preview.jpg
-0.857042 0.369978 -4.960767 68 255 68 R1 pano_camera1/frame_0033_hp_preview.jpg
-0.074625 0.414387 -5.309023 68 255 68 R1 pano_camera1/frame_0034_hp_preview.jpg
0.164614 0.421007 -5.242305 68 255 68 R1 pano_camera1/frame_0035_hp_preview.jpg
0.752719 0.412763 -5.034396 68 255 68 R1 pano_camera1/frame_0036_hp_preview.jpg
1.212462 0.439126 -4.941088 68 255 68 R1 pano_camera1/frame_0037_hp_preview.jpg
1.641657 0.440167 -4.862142 68 255 68 R1 pano_camera1/frame_0038_hp_preview.jpg
2.382214 0.425106 -5.109992 68 255 68 R1 pano_camera1/frame_0039_hp_preview.jpg
2.723829 0.462134 -5.462948 68 255 68 R1 pano_camera1/frame_0040_hp_preview.jpg
2.769307 0.473084 -5.539502 68 255 68 R1 pano_camera1/frame_0041_hp_preview.jpg
3.139132 0.476649 -6.176223 68 255 68 R1 pano_camera1/frame_0042_hp_preview.jpg
3.508784 0.598379 -6.506786 68 255 68 R1 pano_camera1/frame_0043_hp_preview.jpg
3.956916 0.603837 -6.395998 68 255 68 R1 pano_camera1/frame_0044_hp_preview.jpg
4.613155 0.600999 -6.367856 68 255 68 R1 pano_camera1/frame_0045_hp_preview.jpg
4.750837 0.604463 -6.576744 68 255 68 R1 pano_camera1/frame_0046_hp_preview.jpg
4.721613 0.596011 -6.667029 68 255 68 R1 pano_camera1/frame_0047_hp_preview.jpg
4.544875 0.605063 -6.874924 68 255 68 R1 pano_camera1/frame_0048_hp_preview.jpg
3.935500 0.606754 -7.131438 68 255 68 R1 pano_camera1/frame_0049_hp_preview.jpg
3.119061 0.591656 -7.167619 68 255 68 R1 pano_camera1/frame_0050_hp_preview.jpg
3.083797 0.594869 -7.164506 68 255 68 R1 pano_camera1/frame_0051_hp_preview.jpg
2.252813 0.566547 -7.288220 68 255 68 R1 pano_camera1/frame_0052_hp_preview.jpg
2.069995 0.469251 -7.399554 68 255 68 R1 pano_camera1/frame_0053_hp_preview.jpg
1.876249 0.467871 -7.718822 68 255 68 R1 pano_camera1/frame_0054_hp_preview.jpg
1.088960 0.442237 -8.029110 68 255 68 R1 pano_camera1/frame_0055_hp_preview.jpg
0.704572 0.451029 -7.978041 68 255 68 R1 pano_camera1/frame_0056_hp_preview.jpg
0.300972 0.436320 -7.874026 68 255 68 R1 pano_camera1/frame_0057_hp_preview.jpg
0.038475 0.430138 -7.810345 68 255 68 R1 pano_camera1/frame_0058_hp_preview.jpg
-0.246116 0.402885 -7.461140 68 255 68 R1 pano_camera1/frame_0059_hp_preview.jpg
-0.506796 0.410339 -6.901526 68 255 68 R1 pano_camera1/frame_0060_hp_preview.jpg
-0.648582 0.415622 -6.616809 68 255 68 R1 pano_camera1/frame_0061_hp_preview.jpg
-0.921081 0.368931 -5.659783 68 255 68 R1 pano_camera1/frame_0062_hp_preview.jpg
-1.146557 0.369479 -4.943424 68 255 68 R1 pano_camera1/frame_0063_hp_preview.jpg
-1.187528 0.369895 -4.813771 68 255 68 R1 pano_camera1/frame_0064_hp_preview.jpg
-1.681883 0.330809 -4.045564 68 255 68 R1 pano_camera1/frame_0065_hp_preview.jpg
-1.868043 0.328969 -3.912826 68 255 68 R1 pano_camera1/frame_0066_hp_preview.jpg
-2.405267 0.304783 -3.278755 68 255 68 R1 pano_camera1/frame_0067_hp_preview.jpg
-2.720640 0.299804 -2.548457 68 255 68 R1 pano_camera1/frame_0068_hp_preview.jpg
-2.765004 0.302836 -2.437665 68 255 68 R1 pano_camera1/frame_0069_hp_preview.jpg
-2.633468 0.292425 -1.611639 68 255 68 R1 pano_camera1/frame_0070_hp_preview.jpg
-2.188584 0.287919 -1.169299 68 255 68 R1 pano_camera1/frame_0071_hp_preview.jpg
-1.730687 0.298689 -0.921651 68 255 68 R1 pano_camera1/frame_0072_hp_preview.jpg
-1.640382 0.302569 -0.893916 68 255 68 R1 pano_camera1/frame_0073_hp_preview.jpg
-1.016770 0.312132 -0.574329 68 255 68 R1 pano_camera1/frame_0074_hp_preview.jpg
-0.337821 0.333624 -0.151201 68 255 68 R1 pano_camera1/frame_0075_hp_preview.jpg
-0.069908 0.327207 0.011995 68 255 68 R1 pano_camera1/frame_0076_hp_preview.jpg
0.529475 0.353236 0.361295 68 255 68 R1 pano_camera1/frame_0077_hp_preview.jpg
1.226551 0.380567 0.742337 68 255 68 R1 pano_camera1/frame_0078_hp_preview.jpg
2.121607 0.374672 1.374532 68 255 68 R1 pano_camera1/frame_0079_hp_preview.jpg
2.504486 0.390245 1.951918 68 255 68 R1 pano_camera1/frame_0080_hp_preview.jpg
-1.746501 0.309426 0.367038 68 255 68 R1 pano_camera1/frame_0118_hp_preview.jpg
-1.723719 0.317667 -0.089284 68 255 68 R1 pano_camera1/frame_0119_hp_preview.jpg
-2.089843 0.315577 -0.704857 68 255 68 R1 pano_camera1/frame_0120_hp_preview.jpg
-2.435078 0.303911 -0.940521 68 255 68 R1 pano_camera1/frame_0121_hp_preview.jpg
-2.748430 0.306337 -1.079158 68 255 68 R1 pano_camera1/frame_0122_hp_preview.jpg
-3.416129 0.300962 -1.196843 68 255 68 R1 pano_camera1/frame_0123_hp_preview.jpg
-3.943001 0.292167 -1.052416 68 255 68 R1 pano_camera1/frame_0124_hp_preview.jpg
-4.069684 0.282247 -0.706030 68 255 68 R1 pano_camera1/frame_0125_hp_preview.jpg
-4.073934 0.303745 -0.492679 68 255 68 R1 pano_camera1/frame_0126_hp_preview.jpg
-3.942780 0.277830 -2.970952 68 255 68 R1 pano_camera1/frame_0197_hp_preview.jpg
0.000000 0.000000 0.000000 68 255 68 R1 pano_camera2/frame_0000_hp_preview.jpg
1.292763 -0.013334 0.443389 68 255 68 R1 pano_camera2/frame_0002_hp_preview.jpg
1.955976 0.039006 0.659281 68 255 68 R1 pano_camera2/frame_0003_hp_preview.jpg
2.316401 0.067077 0.786356 68 255 68 R1 pano_camera2/frame_0004_hp_preview.jpg
2.372445 0.315218 0.954063 68 255 68 R1 pano_camera2/frame_0005_hp_preview.jpg
2.188438 0.253484 0.768777 68 255 68 R1 pano_camera2/frame_0006_hp_preview.jpg
2.135612 0.164421 0.635473 68 255 68 R1 pano_camera2/frame_0007_hp_preview.jpg
2.132217 0.163218 0.644418 68 255 68 R1 pano_camera2/frame_0008_hp_preview.jpg
2.136674 0.175415 0.699252 68 255 68 R1 pano_camera2/frame_0009_hp_preview.jpg
2.140788 0.178805 0.702832 68 255 68 R1 pano_camera2/frame_0010_hp_preview.jpg
2.159438 0.192415 0.695461 68 255 68 R1 pano_camera2/frame_0011_hp_preview.jpg
2.107861 0.157737 0.694900 68 255 68 R1 pano_camera2/frame_0012_hp_preview.jpg
2.143161 0.169267 0.618230 68 255 68 R1 pano_camera2/frame_0013_hp_preview.jpg
2.200228 0.385333 0.719385 68 255 68 R1 pano_camera2/frame_0014_hp_preview.jpg
2.269490 0.382284 0.706901 68 255 68 R1 pano_camera2/frame_0015_hp_preview.jpg
2.263637 0.402019 0.638600 68 255 68 R1 pano_camera2/frame_0016_hp_preview.jpg
1.876367 0.386791 0.512456 68 255 68 R1 pano_camera2/frame_0017_hp_preview.jpg
1.439122 0.383458 0.319923 68 255 68 R1 pano_camera2/frame_0018_hp_preview.jpg
1.192644 0.382104 0.114960 68 255 68 R1 pano_camera2/frame_0019_hp_preview.jpg
1.010678 0.385501 -0.194236 68 255 68 R1 pano_camera2/frame_0020_hp_preview.jpg
0.914325 0.378420 -0.782490 68 255 68 R1 pano_camera2/frame_0021_hp_preview.jpg
0.823535 0.376530 -1.765314 68 255 68 R1 pano_camera2/frame_0022_hp_preview.jpg
0.746975 0.366068 -2.185098 68 255 68 R1 pano_camera2/frame_0023_hp_preview.jpg
0.758139 0.367140 -2.491637 68 255 68 R1 pano_camera2/frame_0024_hp_preview.jpg
1.002070 0.383925 -2.998772 68 255 68 R1 pano_camera2/frame_0025_hp_preview.jpg
1.303041 0.415973 -3.236000 68 255 68 R1 pano_camera2/frame_0026_hp_preview.jpg
1.588401 0.426581 -3.331653 68 255 68 R1 pano_camera2/frame_0027_hp_preview.jpg
0.992486 0.401001 -3.613023 68 255 68 R1 pano_camera2/frame_0028_hp_preview.jpg
0.221394 0.393655 -3.768925 68 255 68 R1 pano_camera2/frame_0029_hp_preview.jpg
-0.474706 0.375528 -3.960033 68 255 68 R1 pano_camera2/frame_0030_hp_preview.jpg
-0.912415 0.383135 -4.224940 68 255 68 R1 pano_camera2/frame_0031_hp_preview.jpg
-0.982309 0.373205 -4.699873 68 255 68 R1 pano_camera2/frame_0032_hp_preview.jpg
-0.857042 0.369978 -4.960767 68 255 68 R1 pano_camera2/frame_0033_hp_preview.jpg
-0.074625 0.414387 -5.309023 68 255 68 R1 pano_camera2/frame_0034_hp_preview.jpg
0.164614 0.421007 -5.242305 68 255 68 R1 pano_camera2/frame_0035_hp_preview.jpg
0.752719 0.412763 -5.034396 68 255 68 R1 pano_camera2/frame_0036_hp_preview.jpg
1.212462 0.439126 -4.941088 68 255 68 R1 pano_camera2/frame_0037_hp_preview.jpg
1.641657 0.440167 -4.862142 68 255 68 R1 pano_camera2/frame_0038_hp_preview.jpg
2.382214 0.425106 -5.109992 68 255 68 R1 pano_camera2/frame_0039_hp_preview.jpg
2.723829 0.462134 -5.462948 68 255 68 R1 pano_camera2/frame_0040_hp_preview.jpg
2.769307 0.473084 -5.539502 68 255 68 R1 pano_camera2/frame_0041_hp_preview.jpg
3.139132 0.476649 -6.176223 68 255 68 R1 pano_camera2/frame_0042_hp_preview.jpg
3.508784 0.598379 -6.506786 68 255 68 R1 pano_camera2/frame_0043_hp_preview.jpg
3.956916 0.603837 -6.395998 68 255 68 R1 pano_camera2/frame_0044_hp_preview.jpg
4.613155 0.600999 -6.367856 68 255 68 R1 pano_camera2/frame_0045_hp_preview.jpg
4.750837 0.604463 -6.576744 68 255 68 R1 pano_camera2/frame_0046_hp_preview.jpg
4.721613 0.596011 -6.667029 68 255 68 R1 pano_camera2/frame_0047_hp_preview.jpg
4.544875 0.605063 -6.874924 68 255 68 R1 pano_camera2/frame_0048_hp_preview.jpg
3.935500 0.606754 -7.131438 68 255 68 R1 pano_camera2/frame_0049_hp_preview.jpg
3.119061 0.591656 -7.167619 68 255 68 R1 pano_camera2/frame_0050_hp_preview.jpg
3.083797 0.594869 -7.164506 68 255 68 R1 pano_camera2/frame_0051_hp_preview.jpg
2.252813 0.566547 -7.288220 68 255 68 R1 pano_camera2/frame_0052_hp_preview.jpg
2.069995 0.469251 -7.399554 68 255 68 R1 pano_camera2/frame_0053_hp_preview.jpg
1.876249 0.467871 -7.718822 68 255 68 R1 pano_camera2/frame_0054_hp_preview.jpg
1.088960 0.442237 -8.029110 68 255 68 R1 pano_camera2/frame_0055_hp_preview.jpg
0.704572 0.451029 -7.978041 68 255 68 R1 pano_camera2/frame_0056_hp_preview.jpg
0.300972 0.436320 -7.874026 68 255 68 R1 pano_camera2/frame_0057_hp_preview.jpg
0.038475 0.430138 -7.810345 68 255 68 R1 pano_camera2/frame_0058_hp_preview.jpg
-0.246116 0.402885 -7.461140 68 255 68 R1 pano_camera2/frame_0059_hp_preview.jpg
-0.506796 0.410339 -6.901526 68 255 68 R1 pano_camera2/frame_0060_hp_preview.jpg
-0.648582 0.415622 -6.616809 68 255 68 R1 pano_camera2/frame_0061_hp_preview.jpg
-0.921081 0.368931 -5.659783 68 255 68 R1 pano_camera2/frame_0062_hp_preview.jpg
-1.146557 0.369479 -4.943424 68 255 68 R1 pano_camera2/frame_0063_hp_preview.jpg
-1.187528 0.369895 -4.813771 68 255 68 R1 pano_camera2/frame_0064_hp_preview.jpg
-1.681883 0.330809 -4.045564 68 255 68 R1 pano_camera2/frame_0065_hp_preview.jpg
-1.868043 0.328969 -3.912826 68 255 68 R1 pano_camera2/frame_0066_hp_preview.jpg
-2.405267 0.304783 -3.278755 68 255 68 R1 pano_camera2/frame_0067_hp_preview.jpg
-2.720640 0.299804 -2.548457 68 255 68 R1 pano_camera2/frame_0068_hp_preview.jpg
-2.765004 0.302836 -2.437665 68 255 68 R1 pano_camera2/frame_0069_hp_preview.jpg
-2.633468 0.292425 -1.611639 68 255 68 R1 pano_camera2/frame_0070_hp_preview.jpg
-2.188584 0.287919 -1.169299 68 255 68 R1 pano_camera2/frame_0071_hp_preview.jpg
-1.730687 0.298689 -0.921651 68 255 68 R1 pano_camera2/frame_0072_hp_preview.jpg
-1.640382 0.302569 -0.893916 68 255 68 R1 pano_camera2/frame_0073_hp_preview.jpg
-1.016770 0.312132 -0.574329 68 255 68 R1 pano_camera2/frame_0074_hp_preview.jpg
-0.337821 0.333624 -0.151201 68 255 68 R1 pano_camera2/frame_0075_hp_preview.jpg
-0.069908 0.327207 0.011995 68 255 68 R1 pano_camera2/frame_0076_hp_preview.jpg
0.529475 0.353236 0.361295 68 255 68 R1 pano_camera2/frame_0077_hp_preview.jpg
1.226551 0.380567 0.742337 68 255 68 R1 pano_camera2/frame_0078_hp_preview.jpg
2.121607 0.374672 1.374532 68 255 68 R1 pano_camera2/frame_0079_hp_preview.jpg
2.504486 0.390245 1.951918 68 255 68 R1 pano_camera2/frame_0080_hp_preview.jpg
-1.746501 0.309426 0.367038 68 255 68 R1 pano_camera2/frame_0118_hp_preview.jpg
-1.723719 0.317667 -0.089284 68 255 68 R1 pano_camera2/frame_0119_hp_preview.jpg
-2.089843 0.315577 -0.704857 68 255 68 R1 pano_camera2/frame_0120_hp_preview.jpg
-2.435078 0.303911 -0.940521 68 255 68 R1 pano_camera2/frame_0121_hp_preview.jpg
-2.748430 0.306337 -1.079158 68 255 68 R1 pano_camera2/frame_0122_hp_preview.jpg
-3.416129 0.300962 -1.196843 68 255 68 R1 pano_camera2/frame_0123_hp_preview.jpg
-3.943001 0.292167 -1.052416 68 255 68 R1 pano_camera2/frame_0124_hp_preview.jpg
-4.069684 0.282247 -0.706030 68 255 68 R1 pano_camera2/frame_0125_hp_preview.jpg
-4.073934 0.303745 -0.492679 68 255 68 R1 pano_camera2/frame_0126_hp_preview.jpg
-3.942780 0.277830 -2.970952 68 255 68 R1 pano_camera2/frame_0197_hp_preview.jpg
0.000000 0.000000 -0.000000 68 255 68 R1 pano_camera3/frame_0000_hp_preview.jpg
1.292763 -0.013334 0.443389 68 255 68 R1 pano_camera3/frame_0002_hp_preview.jpg
1.955976 0.039006 0.659281 68 255 68 R1 pano_camera3/frame_0003_hp_preview.jpg
2.316401 0.067077 0.786356 68 255 68 R1 pano_camera3/frame_0004_hp_preview.jpg
2.372445 0.315218 0.954063 68 255 68 R1 pano_camera3/frame_0005_hp_preview.jpg
2.188438 0.253484 0.768777 68 255 68 R1 pano_camera3/frame_0006_hp_preview.jpg
2.135612 0.164421 0.635473 68 255 68 R1 pano_camera3/frame_0007_hp_preview.jpg
2.132217 0.163218 0.644418 68 255 68 R1 pano_camera3/frame_0008_hp_preview.jpg
2.136674 0.175415 0.699252 68 255 68 R1 pano_camera3/frame_0009_hp_preview.jpg
2.140788 0.178805 0.702832 68 255 68 R1 pano_camera3/frame_0010_hp_preview.jpg
2.159438 0.192415 0.695461 68 255 68 R1 pano_camera3/frame_0011_hp_preview.jpg
2.107861 0.157737 0.694900 68 255 68 R1 pano_camera3/frame_0012_hp_preview.jpg
2.143161 0.169267 0.618230 68 255 68 R1 pano_camera3/frame_0013_hp_preview.jpg
2.200228 0.385333 0.719385 68 255 68 R1 pano_camera3/frame_0014_hp_preview.jpg
2.269490 0.382284 0.706901 68 255 68 R1 pano_camera3/frame_0015_hp_preview.jpg
2.263637 0.402019 0.638600 68 255 68 R1 pano_camera3/frame_0016_hp_preview.jpg
1.876367 0.386791 0.512456 68 255 68 R1 pano_camera3/frame_0017_hp_preview.jpg
1.439122 0.383458 0.319923 68 255 68 R1 pano_camera3/frame_0018_hp_preview.jpg
1.192644 0.382104 0.114960 68 255 68 R1 pano_camera3/frame_0019_hp_preview.jpg
1.010678 0.385501 -0.194236 68 255 68 R1 pano_camera3/frame_0020_hp_preview.jpg
0.914325 0.378420 -0.782490 68 255 68 R1 pano_camera3/frame_0021_hp_preview.jpg
0.823535 0.376530 -1.765314 68 255 68 R1 pano_camera3/frame_0022_hp_preview.jpg
0.746975 0.366068 -2.185098 68 255 68 R1 pano_camera3/frame_0023_hp_preview.jpg
0.758139 0.367140 -2.491637 68 255 68 R1 pano_camera3/frame_0024_hp_preview.jpg
1.002070 0.383925 -2.998772 68 255 68 R1 pano_camera3/frame_0025_hp_preview.jpg
1.303041 0.415973 -3.236000 68 255 68 R1 pano_camera3/frame_0026_hp_preview.jpg
1.588401 0.426581 -3.331653 68 255 68 R1 pano_camera3/frame_0027_hp_preview.jpg
0.992486 0.401001 -3.613023 68 255 68 R1 pano_camera3/frame_0028_hp_preview.jpg
0.221394 0.393655 -3.768925 68 255 68 R1 pano_camera3/frame_0029_hp_preview.jpg
-0.474706 0.375528 -3.960033 68 255 68 R1 pano_camera3/frame_0030_hp_preview.jpg
-0.912415 0.383135 -4.224940 68 255 68 R1 pano_camera3/frame_0031_hp_preview.jpg
-0.982309 0.373205 -4.699873 68 255 68 R1 pano_camera3/frame_0032_hp_preview.jpg
-0.857042 0.369978 -4.960767 68 255 68 R1 pano_camera3/frame_0033_hp_preview.jpg
-0.074625 0.414387 -5.309023 68 255 68 R1 pano_camera3/frame_0034_hp_preview.jpg
0.164614 0.421007 -5.242305 68 255 68 R1 pano_camera3/frame_0035_hp_preview.jpg
0.752719 0.412763 -5.034396 68 255 68 R1 pano_camera3/frame_0036_hp_preview.jpg
1.212462 0.439126 -4.941088 68 255 68 R1 pano_camera3/frame_0037_hp_preview.jpg
1.641657 0.440167 -4.862142 68 255 68 R1 pano_camera3/frame_0038_hp_preview.jpg
2.382214 0.425106 -5.109992 68 255 68 R1 pano_camera3/frame_0039_hp_preview.jpg
2.723829 0.462134 -5.462948 68 255 68 R1 pano_camera3/frame_0040_hp_preview.jpg
2.769307 0.473084 -5.539502 68 255 68 R1 pano_camera3/frame_0041_hp_preview.jpg
3.139132 0.476649 -6.176223 68 255 68 R1 pano_camera3/frame_0042_hp_preview.jpg
3.508784 0.598379 -6.506786 68 255 68 R1 pano_camera3/frame_0043_hp_preview.jpg
3.956916 0.603837 -6.395998 68 255 68 R1 pano_camera3/frame_0044_hp_preview.jpg
4.613155 0.600999 -6.367856 68 255 68 R1 pano_camera3/frame_0045_hp_preview.jpg
4.750837 0.604463 -6.576744 68 255 68 R1 pano_camera3/frame_0046_hp_preview.jpg
4.721613 0.596011 -6.667029 68 255 68 R1 pano_camera3/frame_0047_hp_preview.jpg
4.544875 0.605063 -6.874924 68 255 68 R1 pano_camera3/frame_0048_hp_preview.jpg
3.935500 0.606754 -7.131438 68 255 68 R1 pano_camera3/frame_0049_hp_preview.jpg
3.119061 0.591656 -7.167619 68 255 68 R1 pano_camera3/frame_0050_hp_preview.jpg
3.083797 0.594869 -7.164506 68 255 68 R1 pano_camera3/frame_0051_hp_preview.jpg
2.252813 0.566547 -7.288220 68 255 68 R1 pano_camera3/frame_0052_hp_preview.jpg
2.069995 0.469251 -7.399554 68 255 68 R1 pano_camera3/frame_0053_hp_preview.jpg
1.876249 0.467871 -7.718822 68 255 68 R1 pano_camera3/frame_0054_hp_preview.jpg
1.088960 0.442237 -8.029110 68 255 68 R1 pano_camera3/frame_0055_hp_preview.jpg
0.704572 0.451029 -7.978041 68 255 68 R1 pano_camera3/frame_0056_hp_preview.jpg
0.300972 0.436320 -7.874026 68 255 68 R1 pano_camera3/frame_0057_hp_preview.jpg
0.038475 0.430138 -7.810345 68 255 68 R1 pano_camera3/frame_0058_hp_preview.jpg
-0.246116 0.402885 -7.461140 68 255 68 R1 pano_camera3/frame_0059_hp_preview.jpg
-0.506796 0.410339 -6.901526 68 255 68 R1 pano_camera3/frame_0060_hp_preview.jpg
-0.648582 0.415622 -6.616809 68 255 68 R1 pano_camera3/frame_0061_hp_preview.jpg
-0.921081 0.368931 -5.659783 68 255 68 R1 pano_camera3/frame_0062_hp_preview.jpg
-1.146557 0.369479 -4.943424 68 255 68 R1 pano_camera3/frame_0063_hp_preview.jpg
-1.187528 0.369895 -4.813771 68 255 68 R1 pano_camera3/frame_0064_hp_preview.jpg
-1.681883 0.330809 -4.045564 68 255 68 R1 pano_camera3/frame_0065_hp_preview.jpg
-1.868043 0.328969 -3.912826 68 255 68 R1 pano_camera3/frame_0066_hp_preview.jpg
-2.405267 0.304783 -3.278755 68 255 68 R1 pano_camera3/frame_0067_hp_preview.jpg
-2.720640 0.299804 -2.548457 68 255 68 R1 pano_camera3/frame_0068_hp_preview.jpg
-2.765004 0.302836 -2.437665 68 255 68 R1 pano_camera3/frame_0069_hp_preview.jpg
-2.633468 0.292425 -1.611639 68 255 68 R1 pano_camera3/frame_0070_hp_preview.jpg
-2.188584 0.287919 -1.169299 68 255 68 R1 pano_camera3/frame_0071_hp_preview.jpg
-1.730687 0.298689 -0.921651 68 255 68 R1 pano_camera3/frame_0072_hp_preview.jpg
-1.640382 0.302569 -0.893916 68 255 68 R1 pano_camera3/frame_0073_hp_preview.jpg
-1.016770 0.312132 -0.574329 68 255 68 R1 pano_camera3/frame_0074_hp_preview.jpg
-0.337821 0.333624 -0.151201 68 255 68 R1 pano_camera3/frame_0075_hp_preview.jpg
-0.069908 0.327207 0.011995 68 255 68 R1 pano_camera3/frame_0076_hp_preview.jpg
0.529475 0.353236 0.361295 68 255 68 R1 pano_camera3/frame_0077_hp_preview.jpg
1.226551 0.380567 0.742337 68 255 68 R1 pano_camera3/frame_0078_hp_preview.jpg
2.121607 0.374672 1.374532 68 255 68 R1 pano_camera3/frame_0079_hp_preview.jpg
2.504486 0.390245 1.951918 68 255 68 R1 pano_camera3/frame_0080_hp_preview.jpg
-1.746501 0.309426 0.367038 68 255 68 R1 pano_camera3/frame_0118_hp_preview.jpg
-1.723719 0.317667 -0.089284 68 255 68 R1 pano_camera3/frame_0119_hp_preview.jpg
-2.089843 0.315577 -0.704857 68 255 68 R1 pano_camera3/frame_0120_hp_preview.jpg
-2.435078 0.303911 -0.940521 68 255 68 R1 pano_camera3/frame_0121_hp_preview.jpg
-2.748430 0.306337 -1.079158 68 255 68 R1 pano_camera3/frame_0122_hp_preview.jpg
-3.416129 0.300962 -1.196843 68 255 68 R1 pano_camera3/frame_0123_hp_preview.jpg
-3.943001 0.292167 -1.052416 68 255 68 R1 pano_camera3/frame_0124_hp_preview.jpg
-4.069684 0.282247 -0.706030 68 255 68 R1 pano_camera3/frame_0125_hp_preview.jpg
-4.073934 0.303745 -0.492679 68 255 68 R1 pano_camera3/frame_0126_hp_preview.jpg
-3.942780 0.277830 -2.970952 68 255 68 R1 pano_camera3/frame_0197_hp_preview.jpg
0.000000 -0.000000 -0.000000 68 255 68 R1 pano_camera4/frame_0000_hp_preview.jpg
1.292763 -0.013334 0.443389 68 255 68 R1 pano_camera4/frame_0002_hp_preview.jpg
1.955976 0.039006 0.659281 68 255 68 R1 pano_camera4/frame_0003_hp_preview.jpg
2.316401 0.067077 0.786356 68 255 68 R1 pano_camera4/frame_0004_hp_preview.jpg
2.372445 0.315218 0.954063 68 255 68 R1 pano_camera4/frame_0005_hp_preview.jpg
2.188438 0.253484 0.768777 68 255 68 R1 pano_camera4/frame_0006_hp_preview.jpg
2.135612 0.164421 0.635473 68 255 68 R1 pano_camera4/frame_0007_hp_preview.jpg
2.132217 0.163218 0.644418 68 255 68 R1 pano_camera4/frame_0008_hp_preview.jpg
2.136674 0.175415 0.699252 68 255 68 R1 pano_camera4/frame_0009_hp_preview.jpg
2.140788 0.178805 0.702832 68 255 68 R1 pano_camera4/frame_0010_hp_preview.jpg
2.159438 0.192415 0.695461 68 255 68 R1 pano_camera4/frame_0011_hp_preview.jpg
2.107861 0.157737 0.694900 68 255 68 R1 pano_camera4/frame_0012_hp_preview.jpg
2.143161 0.169267 0.618230 68 255 68 R1 pano_camera4/frame_0013_hp_preview.jpg
2.200228 0.385333 0.719385 68 255 68 R1 pano_camera4/frame_0014_hp_preview.jpg
2.269490 0.382284 0.706901 68 255 68 R1 pano_camera4/frame_0015_hp_preview.jpg
2.263637 0.402019 0.638600 68 255 68 R1 pano_camera4/frame_0016_hp_preview.jpg
1.876367 0.386791 0.512456 68 255 68 R1 pano_camera4/frame_0017_hp_preview.jpg
1.439122 0.383458 0.319923 68 255 68 R1 pano_camera4/frame_0018_hp_preview.jpg
1.192644 0.382104 0.114960 68 255 68 R1 pano_camera4/frame_0019_hp_preview.jpg
1.010678 0.385501 -0.194236 68 255 68 R1 pano_camera4/frame_0020_hp_preview.jpg
0.914325 0.378420 -0.782490 68 255 68 R1 pano_camera4/frame_0021_hp_preview.jpg
0.823535 0.376530 -1.765314 68 255 68 R1 pano_camera4/frame_0022_hp_preview.jpg
0.746975 0.366068 -2.185098 68 255 68 R1 pano_camera4/frame_0023_hp_preview.jpg
0.758139 0.367140 -2.491637 68 255 68 R1 pano_camera4/frame_0024_hp_preview.jpg
1.002070 0.383925 -2.998772 68 255 68 R1 pano_camera4/frame_0025_hp_preview.jpg
1.303041 0.415973 -3.236000 68 255 68 R1 pano_camera4/frame_0026_hp_preview.jpg
1.588401 0.426581 -3.331653 68 255 68 R1 pano_camera4/frame_0027_hp_preview.jpg
0.992486 0.401001 -3.613023 68 255 68 R1 pano_camera4/frame_0028_hp_preview.jpg
0.221394 0.393655 -3.768925 68 255 68 R1 pano_camera4/frame_0029_hp_preview.jpg
-0.474706 0.375528 -3.960033 68 255 68 R1 pano_camera4/frame_0030_hp_preview.jpg
-0.912415 0.383135 -4.224940 68 255 68 R1 pano_camera4/frame_0031_hp_preview.jpg
-0.982309 0.373205 -4.699873 68 255 68 R1 pano_camera4/frame_0032_hp_preview.jpg
-0.857042 0.369978 -4.960767 68 255 68 R1 pano_camera4/frame_0033_hp_preview.jpg
-0.074625 0.414387 -5.309023 68 255 68 R1 pano_camera4/frame_0034_hp_preview.jpg
0.164614 0.421007 -5.242305 68 255 68 R1 pano_camera4/frame_0035_hp_preview.jpg
0.752719 0.412763 -5.034396 68 255 68 R1 pano_camera4/frame_0036_hp_preview.jpg
1.212462 0.439126 -4.941088 68 255 68 R1 pano_camera4/frame_0037_hp_preview.jpg
1.641657 0.440167 -4.862142 68 255 68 R1 pano_camera4/frame_0038_hp_preview.jpg
2.382214 0.425106 -5.109992 68 255 68 R1 pano_camera4/frame_0039_hp_preview.jpg
2.723829 0.462134 -5.462948 68 255 68 R1 pano_camera4/frame_0040_hp_preview.jpg
2.769307 0.473084 -5.539502 68 255 68 R1 pano_camera4/frame_0041_hp_preview.jpg
3.139132 0.476649 -6.176223 68 255 68 R1 pano_camera4/frame_0042_hp_preview.jpg
3.508784 0.598379 -6.506786 68 255 68 R1 pano_camera4/frame_0043_hp_preview.jpg
3.956916 0.603837 -6.395998 68 255 68 R1 pano_camera4/frame_0044_hp_preview.jpg
4.613155 0.600999 -6.367856 68 255 68 R1 pano_camera4/frame_0045_hp_preview.jpg
4.750837 0.604463 -6.576744 68 255 68 R1 pano_camera4/frame_0046_hp_preview.jpg
4.721613 0.596011 -6.667029 68 255 68 R1 pano_camera4/frame_0047_hp_preview.jpg
4.544875 0.605063 -6.874924 68 255 68 R1 pano_camera4/frame_0048_hp_preview.jpg
3.935500 0.606754 -7.131438 68 255 68 R1 pano_camera4/frame_0049_hp_preview.jpg
3.119061 0.591656 -7.167619 68 255 68 R1 pano_camera4/frame_0050_hp_preview.jpg
3.083797 0.594869 -7.164506 68 255 68 R1 pano_camera4/frame_0051_hp_preview.jpg
2.252813 0.566547 -7.288220 68 255 68 R1 pano_camera4/frame_0052_hp_preview.jpg
2.069995 0.469251 -7.399554 68 255 68 R1 pano_camera4/frame_0053_hp_preview.jpg
1.876249 0.467871 -7.718822 68 255 68 R1 pano_camera4/frame_0054_hp_preview.jpg
1.088960 0.442237 -8.029110 68 255 68 R1 pano_camera4/frame_0055_hp_preview.jpg
0.704572 0.451029 -7.978041 68 255 68 R1 pano_camera4/frame_0056_hp_preview.jpg
0.300972 0.436320 -7.874026 68 255 68 R1 pano_camera4/frame_0057_hp_preview.jpg
0.038475 0.430138 -7.810345 68 255 68 R1 pano_camera4/frame_0058_hp_preview.jpg
-0.246116 0.402885 -7.461140 68 255 68 R1 pano_camera4/frame_0059_hp_preview.jpg
-0.506796 0.410339 -6.901526 68 255 68 R1 pano_camera4/frame_0060_hp_preview.jpg
-0.648582 0.415622 -6.616809 68 255 68 R1 pano_camera4/frame_0061_hp_preview.jpg
-0.921081 0.368931 -5.659783 68 255 68 R1 pano_camera4/frame_0062_hp_preview.jpg
-1.146557 0.369479 -4.943424 68 255 68 R1 pano_camera4/frame_0063_hp_preview.jpg
-1.187528 0.369895 -4.813771 68 255 68 R1 pano_camera4/frame_0064_hp_preview.jpg
-1.681883 0.330809 -4.045564 68 255 68 R1 pano_camera4/frame_0065_hp_preview.jpg
-1.868043 0.328969 -3.912826 68 255 68 R1 pano_camera4/frame_0066_hp_preview.jpg
-2.405267 0.304783 -3.278755 68 255 68 R1 pano_camera4/frame_0067_hp_preview.jpg
-2.720640 0.299804 -2.548457 68 255 68 R1 pano_camera4/frame_0068_hp_preview.jpg
-2.765004 0.302836 -2.437665 68 255 68 R1 pano_camera4/frame_0069_hp_preview.jpg
-2.633468 0.292425 -1.611639 68 255 68 R1 pano_camera4/frame_0070_hp_preview.jpg
-2.188584 0.287919 -1.169299 68 255 68 R1 pano_camera4/frame_0071_hp_preview.jpg
-1.730687 0.298689 -0.921651 68 255 68 R1 pano_camera4/frame_0072_hp_preview.jpg
-1.640382 0.302569 -0.893916 68 255 68 R1 pano_camera4/frame_0073_hp_preview.jpg
-1.016770 0.312132 -0.574329 68 255 68 R1 pano_camera4/frame_0074_hp_preview.jpg
-0.337821 0.333624 -0.151201 68 255 68 R1 pano_camera4/frame_0075_hp_preview.jpg
-0.069908 0.327207 0.011995 68 255 68 R1 pano_camera4/frame_0076_hp_preview.jpg
0.529475 0.353236 0.361295 68 255 68 R1 pano_camera4/frame_0077_hp_preview.jpg
1.226551 0.380567 0.742337 68 255 68 R1 pano_camera4/frame_0078_hp_preview.jpg
2.121607 0.374672 1.374532 68 255 68 R1 pano_camera4/frame_0079_hp_preview.jpg
2.504486 0.390245 1.951918 68 255 68 R1 pano_camera4/frame_0080_hp_preview.jpg
-1.746501 0.309426 0.367038 68 255 68 R1 pano_camera4/frame_0118_hp_preview.jpg
-1.723719 0.317667 -0.089284 68 255 68 R1 pano_camera4/frame_0119_hp_preview.jpg
-2.089843 0.315577 -0.704857 68 255 68 R1 pano_camera4/frame_0120_hp_preview.jpg
-2.435078 0.303911 -0.940521 68 255 68 R1 pano_camera4/frame_0121_hp_preview.jpg
-2.748430 0.306337 -1.079158 68 255 68 R1 pano_camera4/frame_0122_hp_preview.jpg
-3.416129 0.300962 -1.196843 68 255 68 R1 pano_camera4/frame_0123_hp_preview.jpg
-3.943001 0.292167 -1.052416 68 255 68 R1 pano_camera4/frame_0124_hp_preview.jpg
-4.069684 0.282247 -0.706030 68 255 68 R1 pano_camera4/frame_0125_hp_preview.jpg
-4.073934 0.303745 -0.492679 68 255 68 R1 pano_camera4/frame_0126_hp_preview.jpg
-3.942780 0.277830 -2.970952 68 255 68 R1 pano_camera4/frame_0197_hp_preview.jpg
0.000000 0.000000 -0.000000 68 255 68 R1 pano_camera5/frame_0000_hp_preview.jpg
1.292763 -0.013334 0.443389 68 255 68 R1 pano_camera5/frame_0002_hp_preview.jpg
1.955976 0.039006 0.659281 68 255 68 R1 pano_camera5/frame_0003_hp_preview.jpg
2.316401 0.067077 0.786356 68 255 68 R1 pano_camera5/frame_0004_hp_preview.jpg
2.372445 0.315218 0.954063 68 255 68 R1 pano_camera5/frame_0005_hp_preview.jpg
2.188438 0.253484 0.768777 68 255 68 R1 pano_camera5/frame_0006_hp_preview.jpg
2.135612 0.164421 0.635473 68 255 68 R1 pano_camera5/frame_0007_hp_preview.jpg
2.132217 0.163218 0.644418 68 255 68 R1 pano_camera5/frame_0008_hp_preview.jpg
2.136674 0.175415 0.699252 68 255 68 R1 pano_camera5/frame_0009_hp_preview.jpg
2.140788 0.178805 0.702832 68 255 68 R1 pano_camera5/frame_0010_hp_preview.jpg
2.159438 0.192415 0.695461 68 255 68 R1 pano_camera5/frame_0011_hp_preview.jpg
2.107861 0.157737 0.694900 68 255 68 R1 pano_camera5/frame_0012_hp_preview.jpg
2.143161 0.169267 0.618230 68 255 68 R1 pano_camera5/frame_0013_hp_preview.jpg
2.200228 0.385333 0.719385 68 255 68 R1 pano_camera5/frame_0014_hp_preview.jpg
2.269490 0.382284 0.706901 68 255 68 R1 pano_camera5/frame_0015_hp_preview.jpg
2.263637 0.402019 0.638600 68 255 68 R1 pano_camera5/frame_0016_hp_preview.jpg
1.876367 0.386791 0.512456 68 255 68 R1 pano_camera5/frame_0017_hp_preview.jpg
1.439122 0.383458 0.319923 68 255 68 R1 pano_camera5/frame_0018_hp_preview.jpg
1.192644 0.382104 0.114960 68 255 68 R1 pano_camera5/frame_0019_hp_preview.jpg
1.010678 0.385501 -0.194236 68 255 68 R1 pano_camera5/frame_0020_hp_preview.jpg
0.914325 0.378420 -0.782490 68 255 68 R1 pano_camera5/frame_0021_hp_preview.jpg
0.823535 0.376530 -1.765314 68 255 68 R1 pano_camera5/frame_0022_hp_preview.jpg
0.746975 0.366068 -2.185098 68 255 68 R1 pano_camera5/frame_0023_hp_preview.jpg
0.758139 0.367140 -2.491637 68 255 68 R1 pano_camera5/frame_0024_hp_preview.jpg
1.002070 0.383925 -2.998772 68 255 68 R1 pano_camera5/frame_0025_hp_preview.jpg
1.303041 0.415973 -3.236000 68 255 68 R1 pano_camera5/frame_0026_hp_preview.jpg
1.588401 0.426581 -3.331653 68 255 68 R1 pano_camera5/frame_0027_hp_preview.jpg
0.992486 0.401001 -3.613023 68 255 68 R1 pano_camera5/frame_0028_hp_preview.jpg
0.221394 0.393655 -3.768925 68 255 68 R1 pano_camera5/frame_0029_hp_preview.jpg
-0.474706 0.375528 -3.960033 68 255 68 R1 pano_camera5/frame_0030_hp_preview.jpg
-0.912415 0.383135 -4.224940 68 255 68 R1 pano_camera5/frame_0031_hp_preview.jpg
-0.982309 0.373205 -4.699873 68 255 68 R1 pano_camera5/frame_0032_hp_preview.jpg
-0.857042 0.369978 -4.960767 68 255 68 R1 pano_camera5/frame_0033_hp_preview.jpg
-0.074625 0.414387 -5.309023 68 255 68 R1 pano_camera5/frame_0034_hp_preview.jpg
0.164614 0.421007 -5.242305 68 255 68 R1 pano_camera5/frame_0035_hp_preview.jpg
0.752719 0.412763 -5.034396 68 255 68 R1 pano_camera5/frame_0036_hp_preview.jpg
1.212462 0.439126 -4.941088 68 255 68 R1 pano_camera5/frame_0037_hp_preview.jpg
1.641657 0.440167 -4.862142 68 255 68 R1 pano_camera5/frame_0038_hp_preview.jpg
2.382214 0.425106 -5.109992 68 255 68 R1 pano_camera5/frame_0039_hp_preview.jpg
2.723829 0.462134 -5.462948 68 255 68 R1 pano_camera5/frame_0040_hp_preview.jpg
2.769307 0.473084 -5.539502 68 255 68 R1 pano_camera5/frame_0041_hp_preview.jpg
3.139132 0.476649 -6.176223 68 255 68 R1 pano_camera5/frame_0042_hp_preview.jpg
3.508784 0.598379 -6.506786 68 255 68 R1 pano_camera5/frame_0043_hp_preview.jpg
3.956916 0.603837 -6.395998 68 255 68 R1 pano_camera5/frame_0044_hp_preview.jpg
4.613155 0.600999 -6.367856 68 255 68 R1 pano_camera5/frame_0045_hp_preview.jpg
4.750837 0.604463 -6.576744 68 255 68 R1 pano_camera5/frame_0046_hp_preview.jpg
4.721613 0.596011 -6.667029 68 255 68 R1 pano_camera5/frame_0047_hp_preview.jpg
4.544875 0.605063 -6.874924 68 255 68 R1 pano_camera5/frame_0048_hp_preview.jpg
3.935500 0.606754 -7.131438 68 255 68 R1 pano_camera5/frame_0049_hp_preview.jpg
3.119061 0.591656 -7.167619 68 255 68 R1 pano_camera5/frame_0050_hp_preview.jpg
3.083797 0.594869 -7.164506 68 255 68 R1 pano_camera5/frame_0051_hp_preview.jpg
2.252813 0.566547 -7.288220 68 255 68 R1 pano_camera5/frame_0052_hp_preview.jpg
2.069995 0.469251 -7.399554 68 255 68 R1 pano_camera5/frame_0053_hp_preview.jpg
1.876249 0.467871 -7.718822 68 255 68 R1 pano_camera5/frame_0054_hp_preview.jpg
1.088960 0.442237 -8.029110 68 255 68 R1 pano_camera5/frame_0055_hp_preview.jpg
0.704572 0.451029 -7.978041 68 255 68 R1 pano_camera5/frame_0056_hp_preview.jpg
0.300972 0.436320 -7.874026 68 255 68 R1 pano_camera5/frame_0057_hp_preview.jpg
0.038475 0.430138 -7.810345 68 255 68 R1 pano_camera5/frame_0058_hp_preview.jpg
-0.246116 0.402885 -7.461140 68 255 68 R1 pano_camera5/frame_0059_hp_preview.jpg
-0.506796 0.410339 -6.901526 68 255 68 R1 pano_camera5/frame_0060_hp_preview.jpg
-0.648582 0.415622 -6.616809 68 255 68 R1 pano_camera5/frame_0061_hp_preview.jpg
-0.921081 0.368931 -5.659783 68 255 68 R1 pano_camera5/frame_0062_hp_preview.jpg
-1.146557 0.369479 -4.943424 68 255 68 R1 pano_camera5/frame_0063_hp_preview.jpg
-1.187528 0.369895 -4.813771 68 255 68 R1 pano_camera5/frame_0064_hp_preview.jpg
-1.681883 0.330809 -4.045564 68 255 68 R1 pano_camera5/frame_0065_hp_preview.jpg
-1.868043 0.328969 -3.912826 68 255 68 R1 pano_camera5/frame_0066_hp_preview.jpg
-2.405267 0.304783 -3.278755 68 255 68 R1 pano_camera5/frame_0067_hp_preview.jpg
-2.720640 0.299804 -2.548457 68 255 68 R1 pano_camera5/frame_0068_hp_preview.jpg
-2.765004 0.302836 -2.437665 68 255 68 R1 pano_camera5/frame_0069_hp_preview.jpg
-2.633468 0.292425 -1.611639 68 255 68 R1 pano_camera5/frame_0070_hp_preview.jpg
-2.188584 0.287919 -1.169299 68 255 68 R1 pano_camera5/frame_0071_hp_preview.jpg
-1.730687 0.298689 -0.921651 68 255 68 R1 pano_camera5/frame_0072_hp_preview.jpg
-1.640382 0.302569 -0.893916 68 255 68 R1 pano_camera5/frame_0073_hp_preview.jpg
-1.016770 0.312132 -0.574329 68 255 68 R1 pano_camera5/frame_0074_hp_preview.jpg
-0.337821 0.333624 -0.151201 68 255 68 R1 pano_camera5/frame_0075_hp_preview.jpg
-0.069908 0.327207 0.011995 68 255 68 R1 pano_camera5/frame_0076_hp_preview.jpg
0.529475 0.353236 0.361295 68 255 68 R1 pano_camera5/frame_0077_hp_preview.jpg
1.226551 0.380567 0.742337 68 255 68 R1 pano_camera5/frame_0078_hp_preview.jpg
2.121607 0.374672 1.374532 68 255 68 R1 pano_camera5/frame_0079_hp_preview.jpg
2.504486 0.390245 1.951918 68 255 68 R1 pano_camera5/frame_0080_hp_preview.jpg
-1.746501 0.309426 0.367038 68 255 68 R1 pano_camera5/frame_0118_hp_preview.jpg
-1.723719 0.317667 -0.089284 68 255 68 R1 pano_camera5/frame_0119_hp_preview.jpg
-2.089843 0.315577 -0.704857 68 255 68 R1 pano_camera5/frame_0120_hp_preview.jpg
-2.435078 0.303911 -0.940521 68 255 68 R1 pano_camera5/frame_0121_hp_preview.jpg
-2.748430 0.306337 -1.079158 68 255 68 R1 pano_camera5/frame_0122_hp_preview.jpg
-3.416129 0.300962 -1.196843 68 255 68 R1 pano_camera5/frame_0123_hp_preview.jpg
-3.943001 0.292167 -1.052416 68 255 68 R1 pano_camera5/frame_0124_hp_preview.jpg
-4.069684 0.282247 -0.706030 68 255 68 R1 pano_camera5/frame_0125_hp_preview.jpg
-4.073934 0.303745 -0.492679 68 255 68 R1 pano_camera5/frame_0126_hp_preview.jpg
-3.942780 0.277830 -2.970952 68 255 68 R1 pano_camera5/frame_0197_hp_preview.jpg
-0.000000 0.000000 0.000000 68 255 68 R1 pano_camera6/frame_0000_hp_preview.jpg
1.292763 -0.013334 0.443389 68 255 68 R1 pano_camera6/frame_0002_hp_preview.jpg
1.955976 0.039006 0.659281 68 255 68 R1 pano_camera6/frame_0003_hp_preview.jpg
2.316401 0.067077 0.786356 68 255 68 R1 pano_camera6/frame_0004_hp_preview.jpg
2.372445 0.315218 0.954063 68 255 68 R1 pano_camera6/frame_0005_hp_preview.jpg
2.188438 0.253484 0.768777 68 255 68 R1 pano_camera6/frame_0006_hp_preview.jpg
2.135612 0.164421 0.635473 68 255 68 R1 pano_camera6/frame_0007_hp_preview.jpg
2.132217 0.163218 0.644418 68 255 68 R1 pano_camera6/frame_0008_hp_preview.jpg
2.136674 0.175415 0.699252 68 255 68 R1 pano_camera6/frame_0009_hp_preview.jpg
2.140788 0.178805 0.702832 68 255 68 R1 pano_camera6/frame_0010_hp_preview.jpg
2.159438 0.192415 0.695461 68 255 68 R1 pano_camera6/frame_0011_hp_preview.jpg
2.107861 0.157737 0.694900 68 255 68 R1 pano_camera6/frame_0012_hp_preview.jpg
2.143161 0.169267 0.618230 68 255 68 R1 pano_camera6/frame_0013_hp_preview.jpg
2.200228 0.385333 0.719385 68 255 68 R1 pano_camera6/frame_0014_hp_preview.jpg
2.269490 0.382284 0.706901 68 255 68 R1 pano_camera6/frame_0015_hp_preview.jpg
2.263637 0.402019 0.638600 68 255 68 R1 pano_camera6/frame_0016_hp_preview.jpg
1.876367 0.386791 0.512456 68 255 68 R1 pano_camera6/frame_0017_hp_preview.jpg
1.439122 0.383458 0.319923 68 255 68 R1 pano_camera6/frame_0018_hp_preview.jpg
1.192644 0.382104 0.114960 68 255 68 R1 pano_camera6/frame_0019_hp_preview.jpg
1.010678 0.385501 -0.194236 68 255 68 R1 pano_camera6/frame_0020_hp_preview.jpg
0.914325 0.378420 -0.782490 68 255 68 R1 pano_camera6/frame_0021_hp_preview.jpg
0.823535 0.376530 -1.765314 68 255 68 R1 pano_camera6/frame_0022_hp_preview.jpg
0.746975 0.366068 -2.185098 68 255 68 R1 pano_camera6/frame_0023_hp_preview.jpg
0.758139 0.367140 -2.491637 68 255 68 R1 pano_camera6/frame_0024_hp_preview.jpg
1.002070 0.383925 -2.998772 68 255 68 R1 pano_camera6/frame_0025_hp_preview.jpg
1.303041 0.415973 -3.236000 68 255 68 R1 pano_camera6/frame_0026_hp_preview.jpg
1.588401 0.426581 -3.331653 68 255 68 R1 pano_camera6/frame_0027_hp_preview.jpg
0.992486 0.401001 -3.613023 68 255 68 R1 pano_camera6/frame_0028_hp_preview.jpg
0.221394 0.393655 -3.768925 68 255 68 R1 pano_camera6/frame_0029_hp_preview.jpg
-0.474706 0.375528 -3.960033 68 255 68 R1 pano_camera6/frame_0030_hp_preview.jpg
-0.912415 0.383135 -4.224940 68 255 68 R1 pano_camera6/frame_0031_hp_preview.jpg
-0.982309 0.373205 -4.699873 68 255 68 R1 pano_camera6/frame_0032_hp_preview.jpg
-0.857042 0.369978 -4.960767 68 255 68 R1 pano_camera6/frame_0033_hp_preview.jpg
-0.074625 0.414387 -5.309023 68 255 68 R1 pano_camera6/frame_0034_hp_preview.jpg
0.164614 0.421007 -5.242305 68 255 68 R1 pano_camera6/frame_0035_hp_preview.jpg
0.752719 0.412763 -5.034396 68 255 68 R1 pano_camera6/frame_0036_hp_preview.jpg
1.212462 0.439126 -4.941088 68 255 68 R1 pano_camera6/frame_0037_hp_preview.jpg
1.641657 0.440167 -4.862142 68 255 68 R1 pano_camera6/frame_0038_hp_preview.jpg
2.382214 0.425106 -5.109992 68 255 68 R1 pano_camera6/frame_0039_hp_preview.jpg
2.723829 0.462134 -5.462948 68 255 68 R1 pano_camera6/frame_0040_hp_preview.jpg
2.769307 0.473084 -5.539502 68 255 68 R1 pano_camera6/frame_0041_hp_preview.jpg
3.139132 0.476649 -6.176223 68 255 68 R1 pano_camera6/frame_0042_hp_preview.jpg
3.508784 0.598379 -6.506786 68 255 68 R1 pano_camera6/frame_0043_hp_preview.jpg
3.956916 0.603837 -6.395998 68 255 68 R1 pano_camera6/frame_0044_hp_preview.jpg
4.613155 0.600999 -6.367856 68 255 68 R1 pano_camera6/frame_0045_hp_preview.jpg
4.750837 0.604463 -6.576744 68 255 68 R1 pano_camera6/frame_0046_hp_preview.jpg
4.721613 0.596011 -6.667029 68 255 68 R1 pano_camera6/frame_0047_hp_preview.jpg
4.544875 0.605063 -6.874924 68 255 68 R1 pano_camera6/frame_0048_hp_preview.jpg
3.935500 0.606754 -7.131438 68 255 68 R1 pano_camera6/frame_0049_hp_preview.jpg
3.119061 0.591656 -7.167619 68 255 68 R1 pano_camera6/frame_0050_hp_preview.jpg
3.083797 0.594869 -7.164506 68 255 68 R1 pano_camera6/frame_0051_hp_preview.jpg
2.252813 0.566547 -7.288220 68 255 68 R1 pano_camera6/frame_0052_hp_preview.jpg
2.069995 0.469251 -7.399554 68 255 68 R1 pano_camera6/frame_0053_hp_preview.jpg
1.876249 0.467871 -7.718822 68 255 68 R1 pano_camera6/frame_0054_hp_preview.jpg
1.088960 0.442237 -8.029110 68 255 68 R1 pano_camera6/frame_0055_hp_preview.jpg
0.704572 0.451029 -7.978041 68 255 68 R1 pano_camera6/frame_0056_hp_preview.jpg
0.300972 0.436320 -7.874026 68 255 68 R1 pano_camera6/frame_0057_hp_preview.jpg
0.038475 0.430138 -7.810345 68 255 68 R1 pano_camera6/frame_0058_hp_preview.jpg
-0.246116 0.402885 -7.461140 68 255 68 R1 pano_camera6/frame_0059_hp_preview.jpg
-0.506796 0.410339 -6.901526 68 255 68 R1 pano_camera6/frame_0060_hp_preview.jpg
-0.648582 0.415622 -6.616809 68 255 68 R1 pano_camera6/frame_0061_hp_preview.jpg
-0.921081 0.368931 -5.659783 68 255 68 R1 pano_camera6/frame_0062_hp_preview.jpg
-1.146557 0.369479 -4.943424 68 255 68 R1 pano_camera6/frame_0063_hp_preview.jpg
-1.187528 0.369895 -4.813771 68 255 68 R1 pano_camera6/frame_0064_hp_preview.jpg
-1.681883 0.330809 -4.045564 68 255 68 R1 pano_camera6/frame_0065_hp_preview.jpg
-1.868043 0.328969 -3.912826 68 255 68 R1 pano_camera6/frame_0066_hp_preview.jpg
-2.405267 0.304783 -3.278755 68 255 68 R1 pano_camera6/frame_0067_hp_preview.jpg
-2.720640 0.299804 -2.548457 68 255 68 R1 pano_camera6/frame_0068_hp_preview.jpg
-2.765004 0.302836 -2.437665 68 255 68 R1 pano_camera6/frame_0069_hp_preview.jpg
-2.633468 0.292425 -1.611639 68 255 68 R1 pano_camera6/frame_0070_hp_preview.jpg
-2.188584 0.287919 -1.169299 68 255 68 R1 pano_camera6/frame_0071_hp_preview.jpg
-1.730687 0.298689 -0.921651 68 255 68 R1 pano_camera6/frame_0072_hp_preview.jpg
-1.640382 0.302569 -0.893916 68 255 68 R1 pano_camera6/frame_0073_hp_preview.jpg
-1.016770 0.312132 -0.574329 68 255 68 R1 pano_camera6/frame_0074_hp_preview.jpg
-0.337821 0.333624 -0.151201 68 255 68 R1 pano_camera6/frame_0075_hp_preview.jpg
-0.069908 0.327207 0.011995 68 255 68 R1 pano_camera6/frame_0076_hp_preview.jpg
0.529475 0.353236 0.361295 68 255 68 R1 pano_camera6/frame_0077_hp_preview.jpg
1.226551 0.380567 0.742337 68 255 68 R1 pano_camera6/frame_0078_hp_preview.jpg
2.121607 0.374672 1.374532 68 255 68 R1 pano_camera6/frame_0079_hp_preview.jpg
2.504486 0.390245 1.951918 68 255 68 R1 pano_camera6/frame_0080_hp_preview.jpg
-1.746501 0.309426 0.367038 68 255 68 R1 pano_camera6/frame_0118_hp_preview.jpg
-1.723719 0.317667 -0.089284 68 255 68 R1 pano_camera6/frame_0119_hp_preview.jpg
-2.089843 0.315577 -0.704857 68 255 68 R1 pano_camera6/frame_0120_hp_preview.jpg
-2.435078 0.303911 -0.940521 68 255 68 R1 pano_camera6/frame_0121_hp_preview.jpg
-2.748430 0.306337 -1.079158 68 255 68 R1 pano_camera6/frame_0122_hp_preview.jpg
-3.416129 0.300962 -1.196843 68 255 68 R1 pano_camera6/frame_0123_hp_preview.jpg
-3.943001 0.292167 -1.052416 68 255 68 R1 pano_camera6/frame_0124_hp_preview.jpg
-4.069684 0.282247 -0.706030 68 255 68 R1 pano_camera6/frame_0125_hp_preview.jpg
-4.073934 0.303745 -0.492679 68 255 68 R1 pano_camera6/frame_0126_hp_preview.jpg
-3.942780 0.277830 -2.970952 68 255 68 R1 pano_camera6/frame_0197_hp_preview.jpg
0.000000 0.000000 -0.000000 68 255 68 R1 pano_camera7/frame_0000_hp_preview.jpg
1.292763 -0.013334 0.443389 68 255 68 R1 pano_camera7/frame_0002_hp_preview.jpg
1.955976 0.039006 0.659281 68 255 68 R1 pano_camera7/frame_0003_hp_preview.jpg
2.316401 0.067077 0.786356 68 255 68 R1 pano_camera7/frame_0004_hp_preview.jpg
2.372445 0.315218 0.954063 68 255 68 R1 pano_camera7/frame_0005_hp_preview.jpg
2.188438 0.253484 0.768777 68 255 68 R1 pano_camera7/frame_0006_hp_preview.jpg
2.135612 0.164421 0.635473 68 255 68 R1 pano_camera7/frame_0007_hp_preview.jpg
2.132217 0.163218 0.644418 68 255 68 R1 pano_camera7/frame_0008_hp_preview.jpg
2.136674 0.175415 0.699252 68 255 68 R1 pano_camera7/frame_0009_hp_preview.jpg
2.140788 0.178805 0.702832 68 255 68 R1 pano_camera7/frame_0010_hp_preview.jpg
2.159438 0.192415 0.695461 68 255 68 R1 pano_camera7/frame_0011_hp_preview.jpg
2.107861 0.157737 0.694900 68 255 68 R1 pano_camera7/frame_0012_hp_preview.jpg
2.143161 0.169267 0.618230 68 255 68 R1 pano_camera7/frame_0013_hp_preview.jpg
2.200228 0.385333 0.719385 68 255 68 R1 pano_camera7/frame_0014_hp_preview.jpg
2.269490 0.382284 0.706901 68 255 68 R1 pano_camera7/frame_0015_hp_preview.jpg
2.263637 0.402019 0.638600 68 255 68 R1 pano_camera7/frame_0016_hp_preview.jpg
1.876367 0.386791 0.512456 68 255 68 R1 pano_camera7/frame_0017_hp_preview.jpg
1.439122 0.383458 0.319923 68 255 68 R1 pano_camera7/frame_0018_hp_preview.jpg
1.192644 0.382104 0.114960 68 255 68 R1 pano_camera7/frame_0019_hp_preview.jpg
1.010678 0.385501 -0.194236 68 255 68 R1 pano_camera7/frame_0020_hp_preview.jpg
0.914325 0.378420 -0.782490 68 255 68 R1 pano_camera7/frame_0021_hp_preview.jpg
0.823535 0.376530 -1.765314 68 255 68 R1 pano_camera7/frame_0022_hp_preview.jpg
0.746975 0.366068 -2.185098 68 255 68 R1 pano_camera7/frame_0023_hp_preview.jpg
0.758139 0.367140 -2.491637 68 255 68 R1 pano_camera7/frame_0024_hp_preview.jpg
1.002070 0.383925 -2.998772 68 255 68 R1 pano_camera7/frame_0025_hp_preview.jpg
1.303041 0.415973 -3.236000 68 255 68 R1 pano_camera7/frame_0026_hp_preview.jpg
1.588401 0.426581 -3.331653 68 255 68 R1 pano_camera7/frame_0027_hp_preview.jpg
0.992486 0.401001 -3.613023 68 255 68 R1 pano_camera7/frame_0028_hp_preview.jpg
0.221394 0.393655 -3.768925 68 255 68 R1 pano_camera7/frame_0029_hp_preview.jpg
-0.474706 0.375528 -3.960033 68 255 68 R1 pano_camera7/frame_0030_hp_preview.jpg
-0.912415 0.383135 -4.224940 68 255 68 R1 pano_camera7/frame_0031_hp_preview.jpg
-0.982309 0.373205 -4.699873 68 255 68 R1 pano_camera7/frame_0032_hp_preview.jpg
-0.857042 0.369978 -4.960767 68 255 68 R1 pano_camera7/frame_0033_hp_preview.jpg
-0.074625 0.414387 -5.309023 68 255 68 R1 pano_camera7/frame_0034_hp_preview.jpg
0.164614 0.421007 -5.242305 68 255 68 R1 pano_camera7/frame_0035_hp_preview.jpg
0.752719 0.412763 -5.034396 68 255 68 R1 pano_camera7/frame_0036_hp_preview.jpg
1.212462 0.439126 -4.941088 68 255 68 R1 pano_camera7/frame_0037_hp_preview.jpg
1.641657 0.440167 -4.862142 68 255 68 R1 pano_camera7/frame_0038_hp_preview.jpg
2.382214 0.425106 -5.109992 68 255 68 R1 pano_camera7/frame_0039_hp_preview.jpg
2.723829 0.462134 -5.462948 68 255 68 R1 pano_camera7/frame_0040_hp_preview.jpg
2.769307 0.473084 -5.539502 68 255 68 R1 pano_camera7/frame_0041_hp_preview.jpg
3.139132 0.476649 -6.176223 68 255 68 R1 pano_camera7/frame_0042_hp_preview.jpg
3.508784 0.598379 -6.506786 68 255 68 R1 pano_camera7/frame_0043_hp_preview.jpg
3.956916 0.603837 -6.395998 68 255 68 R1 pano_camera7/frame_0044_hp_preview.jpg
4.613155 0.600999 -6.367856 68 255 68 R1 pano_camera7/frame_0045_hp_preview.jpg
4.750837 0.604463 -6.576744 68 255 68 R1 pano_camera7/frame_0046_hp_preview.jpg
4.721613 0.596011 -6.667029 68 255 68 R1 pano_camera7/frame_0047_hp_preview.jpg
4.544875 0.605063 -6.874924 68 255 68 R1 pano_camera7/frame_0048_hp_preview.jpg
3.935500 0.606754 -7.131438 68 255 68 R1 pano_camera7/frame_0049_hp_preview.jpg
3.119061 0.591656 -7.167619 68 255 68 R1 pano_camera7/frame_0050_hp_preview.jpg
3.083797 0.594869 -7.164506 68 255 68 R1 pano_camera7/frame_0051_hp_preview.jpg
2.252813 0.566547 -7.288220 68 255 68 R1 pano_camera7/frame_0052_hp_preview.jpg
2.069995 0.469251 -7.399554 68 255 68 R1 pano_camera7/frame_0053_hp_preview.jpg
1.876249 0.467871 -7.718822 68 255 68 R1 pano_camera7/frame_0054_hp_preview.jpg
1.088960 0.442237 -8.029110 68 255 68 R1 pano_camera7/frame_0055_hp_preview.jpg
0.704572 0.451029 -7.978041 68 255 68 R1 pano_camera7/frame_0056_hp_preview.jpg
0.300972 0.436320 -7.874026 68 255 68 R1 pano_camera7/frame_0057_hp_preview.jpg
0.038475 0.430138 -7.810345 68 255 68 R1 pano_camera7/frame_0058_hp_preview.jpg
-0.246116 0.402885 -7.461140 68 255 68 R1 pano_camera7/frame_0059_hp_preview.jpg
-0.506796 0.410339 -6.901526 68 255 68 R1 pano_camera7/frame_0060_hp_preview.jpg
-0.648582 0.415622 -6.616809 68 255 68 R1 pano_camera7/frame_0061_hp_preview.jpg
-0.921081 0.368931 -5.659783 68 255 68 R1 pano_camera7/frame_0062_hp_preview.jpg
-1.146557 0.369479 -4.943424 68 255 68 R1 pano_camera7/frame_0063_hp_preview.jpg
-1.187528 0.369895 -4.813771 68 255 68 R1 pano_camera7/frame_0064_hp_preview.jpg
-1.681883 0.330809 -4.045564 68 255 68 R1 pano_camera7/frame_0065_hp_preview.jpg
-1.868043 0.328969 -3.912826 68 255 68 R1 pano_camera7/frame_0066_hp_preview.jpg
-2.405267 0.304783 -3.278755 68 255 68 R1 pano_camera7/frame_0067_hp_preview.jpg
-2.720640 0.299804 -2.548457 68 255 68 R1 pano_camera7/frame_0068_hp_preview.jpg
-2.765004 0.302836 -2.437665 68 255 68 R1 pano_camera7/frame_0069_hp_preview.jpg
-2.633468 0.292425 -1.611639 68 255 68 R1 pano_camera7/frame_0070_hp_preview.jpg
-2.188584 0.287919 -1.169299 68 255 68 R1 pano_camera7/frame_0071_hp_preview.jpg
-1.730687 0.298689 -0.921651 68 255 68 R1 pano_camera7/frame_0072_hp_preview.jpg
-1.640382 0.302569 -0.893916 68 255 68 R1 pano_camera7/frame_0073_hp_preview.jpg
-1.016770 0.312132 -0.574329 68 255 68 R1 pano_camera7/frame_0074_hp_preview.jpg
-0.337821 0.333624 -0.151201 68 255 68 R1 pano_camera7/frame_0075_hp_preview.jpg
-0.069908 0.327207 0.011995 68 255 68 R1 pano_camera7/frame_0076_hp_preview.jpg
0.529475 0.353236 0.361295 68 255 68 R1 pano_camera7/frame_0077_hp_preview.jpg
1.226551 0.380567 0.742337 68 255 68 R1 pano_camera7/frame_0078_hp_preview.jpg
2.121607 0.374672 1.374532 68 255 68 R1 pano_camera7/frame_0079_hp_preview.jpg
2.504486 0.390245 1.951918 68 255 68 R1 pano_camera7/frame_0080_hp_preview.jpg
-1.746501 0.309426 0.367038 68 255 68 R1 pano_camera7/frame_0118_hp_preview.jpg
-1.723719 0.317667 -0.089284 68 255 68 R1 pano_camera7/frame_0119_hp_preview.jpg
-2.089843 0.315577 -0.704857 68 255 68 R1 pano_camera7/frame_0120_hp_preview.jpg
-2.435078 0.303911 -0.940521 68 255 68 R1 pano_camera7/frame_0121_hp_preview.jpg
-2.748430 0.306337 -1.079158 68 255 68 R1 pano_camera7/frame_0122_hp_preview.jpg
-3.416129 0.300962 -1.196843 68 255 68 R1 pano_camera7/frame_0123_hp_preview.jpg
-3.943001 0.292167 -1.052416 68 255 68 R1 pano_camera7/frame_0124_hp_preview.jpg
-4.069684 0.282247 -0.706030 68 255 68 R1 pano_camera7/frame_0125_hp_preview.jpg
-4.073934 0.303745 -0.492679 68 255 68 R1 pano_camera7/frame_0126_hp_preview.jpg
-3.942780 0.277830 -2.970952 68 255 68 R1 pano_camera7/frame_0197_hp_preview.jpg

# Object R2: Blue (88 points)
# Transform: Pos(0.000, 0.000, 0.000) Scale(1.000, 1.000, 1.000) Quat(0.000, 0.000, 0.000, 1.000)
0.000000 0.000000 0.000000 68 68 255 R2 pano_camera0/frame_0089_hp_preview.jpg
0.106303 0.066856 -1.910964 68 68 255 R2 pano_camera0/frame_0090_hp_preview.jpg
0.113485 0.062886 -1.959443 68 68 255 R2 pano_camera0/frame_0091_hp_preview.jpg
1.593207 -0.018614 -4.240880 68 68 255 R2 pano_camera0/frame_0092_hp_preview.jpg
2.236018 0.018781 -4.611523 68 68 255 R2 pano_camera0/frame_0093_hp_preview.jpg
3.483166 0.061272 -4.989853 68 68 255 R2 pano_camera0/frame_0094_hp_preview.jpg
5.016502 -0.012849 -5.218205 68 68 255 R2 pano_camera0/frame_0095_hp_preview.jpg
6.889902 -0.059786 -5.060574 68 68 255 R2 pano_camera0/frame_0096_hp_preview.jpg
8.908917 -0.167012 -3.287289 68 68 255 R2 pano_camera0/frame_0097_hp_preview.jpg
9.153655 -0.214362 -2.866014 68 68 255 R2 pano_camera0/frame_0098_hp_preview.jpg
10.070015 -0.305781 -0.253021 68 68 255 R2 pano_camera0/frame_0099_hp_preview.jpg
-0.000000 0.000000 -0.000000 68 68 255 R2 pano_camera1/frame_0089_hp_preview.jpg
0.106303 0.066856 -1.910964 68 68 255 R2 pano_camera1/frame_0090_hp_preview.jpg
0.113485 0.062886 -1.959443 68 68 255 R2 pano_camera1/frame_0091_hp_preview.jpg
1.593207 -0.018614 -4.240880 68 68 255 R2 pano_camera1/frame_0092_hp_preview.jpg
2.236018 0.018781 -4.611523 68 68 255 R2 pano_camera1/frame_0093_hp_preview.jpg
3.483166 0.061272 -4.989853 68 68 255 R2 pano_camera1/frame_0094_hp_preview.jpg
5.016502 -0.012849 -5.218205 68 68 255 R2 pano_camera1/frame_0095_hp_preview.jpg
6.889902 -0.059786 -5.060574 68 68 255 R2 pano_camera1/frame_0096_hp_preview.jpg
8.908917 -0.167012 -3.287289 68 68 255 R2 pano_camera1/frame_0097_hp_preview.jpg
9.153655 -0.214362 -2.866014 68 68 255 R2 pano_camera1/frame_0098_hp_preview.jpg
10.070015 -0.305781 -0.253021 68 68 255 R2 pano_camera1/frame_0099_hp_preview.jpg
-0.000000 0.000000 0.000000 68 68 255 R2 pano_camera2/frame_0089_hp_preview.jpg
0.106303 0.066856 -1.910964 68 68 255 R2 pano_camera2/frame_0090_hp_preview.jpg
0.113485 0.062886 -1.959443 68 68 255 R2 pano_camera2/frame_0091_hp_preview.jpg
1.593207 -0.018614 -4.240880 68 68 255 R2 pano_camera2/frame_0092_hp_preview.jpg
2.236018 0.018781 -4.611523 68 68 255 R2 pano_camera2/frame_0093_hp_preview.jpg
3.483166 0.061272 -4.989853 68 68 255 R2 pano_camera2/frame_0094_hp_preview.jpg
5.016502 -0.012849 -5.218205 68 68 255 R2 pano_camera2/frame_0095_hp_preview.jpg
6.889902 -0.059786 -5.060574 68 68 255 R2 pano_camera2/frame_0096_hp_preview.jpg
8.908917 -0.167012 -3.287289 68 68 255 R2 pano_camera2/frame_0097_hp_preview.jpg
9.153655 -0.214362 -2.866014 68 68 255 R2 pano_camera2/frame_0098_hp_preview.jpg
10.070015 -0.305781 -0.253021 68 68 255 R2 pano_camera2/frame_0099_hp_preview.jpg
-0.000000 0.000000 0.000000 68 68 255 R2 pano_camera3/frame_0089_hp_preview.jpg
0.106303 0.066856 -1.910964 68 68 255 R2 pano_camera3/frame_0090_hp_preview.jpg
0.113485 0.062886 -1.959443 68 68 255 R2 pano_camera3/frame_0091_hp_preview.jpg
1.593207 -0.018614 -4.240880 68 68 255 R2 pano_camera3/frame_0092_hp_preview.jpg
2.236018 0.018781 -4.611523 68 68 255 R2 pano_camera3/frame_0093_hp_preview.jpg
3.483166 0.061272 -4.989853 68 68 255 R2 pano_camera3/frame_0094_hp_preview.jpg
5.016502 -0.012849 -5.218205 68 68 255 R2 pano_camera3/frame_0095_hp_preview.jpg
6.889902 -0.059786 -5.060574 68 68 255 R2 pano_camera3/frame_0096_hp_preview.jpg
8.908917 -0.167012 -3.287289 68 68 255 R2 pano_camera3/frame_0097_hp_preview.jpg
9.153655 -0.214362 -2.866014 68 68 255 R2 pano_camera3/frame_0098_hp_preview.jpg
10.070015 -0.305781 -0.253021 68 68 255 R2 pano_camera3/frame_0099_hp_preview.jpg
0.000000 0.000000 0.000000 68 68 255 R2 pano_camera4/frame_0089_hp_preview.jpg
0.106303 0.066856 -1.910964 68 68 255 R2 pano_camera4/frame_0090_hp_preview.jpg
0.113485 0.062886 -1.959443 68 68 255 R2 pano_camera4/frame_0091_hp_preview.jpg
1.593207 -0.018614 -4.240880 68 68 255 R2 pano_camera4/frame_0092_hp_preview.jpg
2.236018 0.018781 -4.611523 68 68 255 R2 pano_camera4/frame_0093_hp_preview.jpg
3.483166 0.061272 -4.989853 68 68 255 R2 pano_camera4/frame_0094_hp_preview.jpg
5.016502 -0.012849 -5.218205 68 68 255 R2 pano_camera4/frame_0095_hp_preview.jpg
6.889902 -0.059786 -5.060574 68 68 255 R2 pano_camera4/frame_0096_hp_preview.jpg
8.908917 -0.167012 -3.287289 68 68 255 R2 pano_camera4/frame_0097_hp_preview.jpg
9.153655 -0.214362 -2.866014 68 68 255 R2 pano_camera4/frame_0098_hp_preview.jpg
10.070015 -0.305781 -0.253021 68 68 255 R2 pano_camera4/frame_0099_hp_preview.jpg
0.000000 0.000000 -0.000000 68 68 255 R2 pano_camera5/frame_0089_hp_preview.jpg
0.106303 0.066856 -1.910964 68 68 255 R2 pano_camera5/frame_0090_hp_preview.jpg
0.113485 0.062886 -1.959443 68 68 255 R2 pano_camera5/frame_0091_hp_preview.jpg
1.593207 -0.018614 -4.240880 68 68 255 R2 pano_camera5/frame_0092_hp_preview.jpg
2.236018 0.018781 -4.611523 68 68 255 R2 pano_camera5/frame_0093_hp_preview.jpg
3.483166 0.061272 -4.989853 68 68 255 R2 pano_camera5/frame_0094_hp_preview.jpg
5.016502 -0.012849 -5.218205 68 68 255 R2 pano_camera5/frame_0095_hp_preview.jpg
6.889902 -0.059786 -5.060574 68 68 255 R2 pano_camera5/frame_0096_hp_preview.jpg
8.908917 -0.167012 -3.287289 68 68 255 R2 pano_camera5/frame_0097_hp_preview.jpg
9.153655 -0.214362 -2.866014 68 68 255 R2 pano_camera5/frame_0098_hp_preview.jpg
10.070015 -0.305781 -0.253021 68 68 255 R2 pano_camera5/frame_0099_hp_preview.jpg
0.000000 0.000000 -0.000000 68 68 255 R2 pano_camera6/frame_0089_hp_preview.jpg
0.106303 0.066856 -1.910964 68 68 255 R2 pano_camera6/frame_0090_hp_preview.jpg
0.113485 0.062886 -1.959443 68 68 255 R2 pano_camera6/frame_0091_hp_preview.jpg
1.593207 -0.018614 -4.240880 68 68 255 R2 pano_camera6/frame_0092_hp_preview.jpg
2.236018 0.018781 -4.611523 68 68 255 R2 pano_camera6/frame_0093_hp_preview.jpg
3.483166 0.061272 -4.989853 68 68 255 R2 pano_camera6/frame_0094_hp_preview.jpg
5.016502 -0.012849 -5.218205 68 68 255 R2 pano_camera6/frame_0095_hp_preview.jpg
6.889902 -0.059786 -5.060574 68 68 255 R2 pano_camera6/frame_0096_hp_preview.jpg
8.908917 -0.167012 -3.287289 68 68 255 R2 pano_camera6/frame_0097_hp_preview.jpg
9.153655 -0.214362 -2.866014 68 68 255 R2 pano_camera6/frame_0098_hp_preview.jpg
10.070015 -0.305781 -0.253021 68 68 255 R2 pano_camera6/frame_0099_hp_preview.jpg
0.000000 -0.000000 0.000000 68 68 255 R2 pano_camera7/frame_0089_hp_preview.jpg
0.106303 0.066856 -1.910964 68 68 255 R2 pano_camera7/frame_0090_hp_preview.jpg
0.113485 0.062886 -1.959443 68 68 255 R2 pano_camera7/frame_0091_hp_preview.jpg
1.593207 -0.018614 -4.240880 68 68 255 R2 pano_camera7/frame_0092_hp_preview.jpg
2.236018 0.018781 -4.611523 68 68 255 R2 pano_camera7/frame_0093_hp_preview.jpg
3.483166 0.061272 -4.989853 68 68 255 R2 pano_camera7/frame_0094_hp_preview.jpg
5.016502 -0.012849 -5.218205 68 68 255 R2 pano_camera7/frame_0095_hp_preview.jpg
6.889902 -0.059786 -5.060574 68 68 255 R2 pano_camera7/frame_0096_hp_preview.jpg
8.908917 -0.167012 -3.287289 68 68 255 R2 pano_camera7/frame_0097_hp_preview.jpg
9.153655 -0.214362 -2.866014 68 68 255 R2 pano_camera7/frame_0098_hp_preview.jpg
10.070015 -0.305781 -0.253021 68 68 255 R2 pano_camera7/frame_0099_hp_preview.jpg

# Object R3: Yellow (88 points)
# Transform: Pos(0.000, 0.000, 0.000) Scale(1.000, 1.000, 1.000) Quat(0.000, 0.000, 0.000, 1.000)
0.000000 0.000000 0.000000 255 255 68 R3 pano_camera0/frame_0143_hp_preview.jpg
-1.140234 0.113421 -0.017013 255 255 68 R3 pano_camera0/frame_0144_hp_preview.jpg
-1.801159 0.132880 0.927511 255 255 68 R3 pano_camera0/frame_0145_hp_preview.jpg
-0.674009 0.033368 4.919340 255 255 68 R3 pano_camera0/frame_0146_hp_preview.jpg
-0.437490 0.034939 5.585984 255 255 68 R3 pano_camera0/frame_0147_hp_preview.jpg
-0.772542 0.077097 7.313031 255 255 68 R3 pano_camera0/frame_0148_hp_preview.jpg
-4.388175 0.073171 7.575785 255 255 68 R3 pano_camera0/frame_0149_hp_preview.jpg
-6.451928 0.019115 5.268824 255 255 68 R3 pano_camera0/frame_0150_hp_preview.jpg
-6.589898 0.055369 2.443645 255 255 68 R3 pano_camera0/frame_0151_hp_preview.jpg
-4.435470 0.049844 -0.548838 255 255 68 R3 pano_camera0/frame_0152_hp_preview.jpg
-3.951155 0.098578 -0.798855 255 255 68 R3 pano_camera0/frame_0153_hp_preview.jpg
0.000000 0.000000 0.000000 255 255 68 R3 pano_camera1/frame_0143_hp_preview.jpg
-1.140234 0.113421 -0.017013 255 255 68 R3 pano_camera1/frame_0144_hp_preview.jpg
-1.801159 0.132880 0.927511 255 255 68 R3 pano_camera1/frame_0145_hp_preview.jpg
-0.674009 0.033368 4.919340 255 255 68 R3 pano_camera1/frame_0146_hp_preview.jpg
-0.437490 0.034939 5.585984 255 255 68 R3 pano_camera1/frame_0147_hp_preview.jpg
-0.772542 0.077097 7.313031 255 255 68 R3 pano_camera1/frame_0148_hp_preview.jpg
-4.388175 0.073171 7.575785 255 255 68 R3 pano_camera1/frame_0149_hp_preview.jpg
-6.451928 0.019115 5.268824 255 255 68 R3 pano_camera1/frame_0150_hp_preview.jpg
-6.589898 0.055369 2.443645 255 255 68 R3 pano_camera1/frame_0151_hp_preview.jpg
-4.435470 0.049844 -0.548838 255 255 68 R3 pano_camera1/frame_0152_hp_preview.jpg
-3.951155 0.098578 -0.798855 255 255 68 R3 pano_camera1/frame_0153_hp_preview.jpg
0.000000 0.000000 0.000000 255 255 68 R3 pano_camera2/frame_0143_hp_preview.jpg
-1.140234 0.113421 -0.017013 255 255 68 R3 pano_camera2/frame_0144_hp_preview.jpg
-1.801159 0.132880 0.927511 255 255 68 R3 pano_camera2/frame_0145_hp_preview.jpg
-0.674009 0.033368 4.919340 255 255 68 R3 pano_camera2/frame_0146_hp_preview.jpg
-0.437490 0.034939 5.585984 255 255 68 R3 pano_camera2/frame_0147_hp_preview.jpg
-0.772542 0.077097 7.313031 255 255 68 R3 pano_camera2/frame_0148_hp_preview.jpg
-4.388175 0.073171 7.575785 255 255 68 R3 pano_camera2/frame_0149_hp_preview.jpg
-6.451928 0.019115 5.268824 255 255 68 R3 pano_camera2/frame_0150_hp_preview.jpg
-6.589898 0.055369 2.443645 255 255 68 R3 pano_camera2/frame_0151_hp_preview.jpg
-4.435470 0.049844 -0.548838 255 255 68 R3 pano_camera2/frame_0152_hp_preview.jpg
-3.951155 0.098578 -0.798855 255 255 68 R3 pano_camera2/frame_0153_hp_preview.jpg
0.000000 0.000000 0.000000 255 255 68 R3 pano_camera3/frame_0143_hp_preview.jpg
-1.140234 0.113421 -0.017013 255 255 68 R3 pano_camera3/frame_0144_hp_preview.jpg
-1.801159 0.132880 0.927511 255 255 68 R3 pano_camera3/frame_0145_hp_preview.jpg
-0.674009 0.033368 4.919340 255 255 68 R3 pano_camera3/frame_0146_hp_preview.jpg
-0.437490 0.034939 5.585984 255 255 68 R3 pano_camera3/frame_0147_hp_preview.jpg
-0.772542 0.077097 7.313031 255 255 68 R3 pano_camera3/frame_0148_hp_preview.jpg
-4.388175 0.073171 7.575785 255 255 68 R3 pano_camera3/frame_0149_hp_preview.jpg
-6.451928 0.019115 5.268824 255 255 68 R3 pano_camera3/frame_0150_hp_preview.jpg
-6.589898 0.055369 2.443645 255 255 68 R3 pano_camera3/frame_0151_hp_preview.jpg
-4.435470 0.049844 -0.548838 255 255 68 R3 pano_camera3/frame_0152_hp_preview.jpg
-3.951155 0.098578 -0.798855 255 255 68 R3 pano_camera3/frame_0153_hp_preview.jpg
-0.000000 -0.000000 -0.000000 255 255 68 R3 pano_camera4/frame_0143_hp_preview.jpg
-1.140234 0.113421 -0.017013 255 255 68 R3 pano_camera4/frame_0144_hp_preview.jpg
-1.801159 0.132880 0.927511 255 255 68 R3 pano_camera4/frame_0145_hp_preview.jpg
-0.674009 0.033368 4.919340 255 255 68 R3 pano_camera4/frame_0146_hp_preview.jpg
-0.437490 0.034939 5.585984 255 255 68 R3 pano_camera4/frame_0147_hp_preview.jpg
-0.772542 0.077097 7.313031 255 255 68 R3 pano_camera4/frame_0148_hp_preview.jpg
-4.388175 0.073171 7.575785 255 255 68 R3 pano_camera4/frame_0149_hp_preview.jpg
-6.451928 0.019115 5.268824 255 255 68 R3 pano_camera4/frame_0150_hp_preview.jpg
-6.589898 0.055369 2.443645 255 255 68 R3 pano_camera4/frame_0151_hp_preview.jpg
-4.435470 0.049844 -0.548838 255 255 68 R3 pano_camera4/frame_0152_hp_preview.jpg
-3.951155 0.098578 -0.798855 255 255 68 R3 pano_camera4/frame_0153_hp_preview.jpg
-0.000000 0.000000 0.000000 255 255 68 R3 pano_camera5/frame_0143_hp_preview.jpg
-1.140234 0.113421 -0.017013 255 255 68 R3 pano_camera5/frame_0144_hp_preview.jpg
-1.801159 0.132880 0.927511 255 255 68 R3 pano_camera5/frame_0145_hp_preview.jpg
-0.674009 0.033368 4.919340 255 255 68 R3 pano_camera5/frame_0146_hp_preview.jpg
-0.437490 0.034939 5.585984 255 255 68 R3 pano_camera5/frame_0147_hp_preview.jpg
-0.772542 0.077097 7.313031 255 255 68 R3 pano_camera5/frame_0148_hp_preview.jpg
-4.388175 0.073171 7.575785 255 255 68 R3 pano_camera5/frame_0149_hp_preview.jpg
-6.451928 0.019115 5.268824 255 255 68 R3 pano_camera5/frame_0150_hp_preview.jpg
-6.589898 0.055369 2.443645 255 255 68 R3 pano_camera5/frame_0151_hp_preview.jpg
-4.435470 0.049844 -0.548838 255 255 68 R3 pano_camera5/frame_0152_hp_preview.jpg
-3.951155 0.098578 -0.798855 255 255 68 R3 pano_camera5/frame_0153_hp_preview.jpg
0.000000 -0.000000 0.000000 255 255 68 R3 pano_camera6/frame_0143_hp_preview.jpg
-1.140234 0.113421 -0.017013 255 255 68 R3 pano_camera6/frame_0144_hp_preview.jpg
-1.801159 0.132880 0.927511 255 255 68 R3 pano_camera6/frame_0145_hp_preview.jpg
-0.674009 0.033368 4.919340 255 255 68 R3 pano_camera6/frame_0146_hp_preview.jpg
-0.437490 0.034939 5.585984 255 255 68 R3 pano_camera6/frame_0147_hp_preview.jpg
-0.772542 0.077097 7.313031 255 255 68 R3 pano_camera6/frame_0148_hp_preview.jpg
-4.388175 0.073171 7.575785 255 255 68 R3 pano_camera6/frame_0149_hp_preview.jpg
-6.451928 0.019115 5.268824 255 255 68 R3 pano_camera6/frame_0150_hp_preview.jpg
-6.589898 0.055369 2.443645 255 255 68 R3 pano_camera6/frame_0151_hp_preview.jpg
-4.435470 0.049844 -0.548838 255 255 68 R3 pano_camera6/frame_0152_hp_preview.jpg
-3.951155 0.098578 -0.798855 255 255 68 R3 pano_camera6/frame_0153_hp_preview.jpg
0.000000 0.000000 -0.000000 255 255 68 R3 pano_camera7/frame_0143_hp_preview.jpg
-1.140234 0.113421 -0.017013 255 255 68 R3 pano_camera7/frame_0144_hp_preview.jpg
-1.801159 0.132880 0.927511 255 255 68 R3 pano_camera7/frame_0145_hp_preview.jpg
-0.674009 0.033368 4.919340 255 255 68 R3 pano_camera7/frame_0146_hp_preview.jpg
-0.437490 0.034939 5.585984 255 255 68 R3 pano_camera7/frame_0147_hp_preview.jpg
-0.772542 0.077097 7.313031 255 255 68 R3 pano_camera7/frame_0148_hp_preview.jpg
-4.388175 0.073171 7.575785 255 255 68 R3 pano_camera7/frame_0149_hp_preview.jpg
-6.451928 0.019115 5.268824 255 255 68 R3 pano_camera7/frame_0150_hp_preview.jpg
-6.589898 0.055369 2.443645 255 255 68 R3 pano_camera7/frame_0151_hp_preview.jpg
-4.435470 0.049844 -0.548838 255 255 68 R3 pano_camera7/frame_0152_hp_preview.jpg
-3.951155 0.098578 -0.798855 255 255 68 R3 pano_camera7/frame_0153_hp_preview.jpg

# Object R4: Magenta (80 points)
# Transform: Pos(0.000, 0.000, 0.000) Scale(1.000, 1.000, 1.000) Quat(0.000, 0.000, 0.000, 1.000)
0.000000 0.000000 0.000000 255 68 255 R4 pano_camera0/frame_0130_hp_preview.jpg
-1.222526 0.310960 -1.705913 255 68 255 R4 pano_camera0/frame_0131_hp_preview.jpg
-1.669883 0.450251 -2.787610 255 68 255 R4 pano_camera0/frame_0132_hp_preview.jpg
-1.731444 0.444057 -2.961635 255 68 255 R4 pano_camera0/frame_0133_hp_preview.jpg
-2.207966 0.576966 -4.294775 255 68 255 R4 pano_camera0/frame_0134_hp_preview.jpg
-2.024184 0.538609 -6.050985 255 68 255 R4 pano_camera0/frame_0135_hp_preview.jpg
-1.555412 0.758733 -6.629001 255 68 255 R4 pano_camera0/frame_0136_hp_preview.jpg
-0.416801 0.655203 -7.667806 255 68 255 R4 pano_camera0/frame_0137_hp_preview.jpg
0.031992 0.592803 -8.467453 255 68 255 R4 pano_camera0/frame_0138_hp_preview.jpg
0.114571 0.638387 -9.611795 255 68 255 R4 pano_camera0/frame_0139_hp_preview.jpg
-0.000000 -0.000000 -0.000000 255 68 255 R4 pano_camera1/frame_0130_hp_preview.jpg
-1.222526 0.310960 -1.705913 255 68 255 R4 pano_camera1/frame_0131_hp_preview.jpg
-1.669883 0.450251 -2.787610 255 68 255 R4 pano_camera1/frame_0132_hp_preview.jpg
-1.731444 0.444057 -2.961635 255 68 255 R4 pano_camera1/frame_0133_hp_preview.jpg
-2.207966 0.576966 -4.294775 255 68 255 R4 pano_camera1/frame_0134_hp_preview.jpg
-2.024184 0.538609 -6.050985 255 68 255 R4 pano_camera1/frame_0135_hp_preview.jpg
-1.555412 0.758733 -6.629001 255 68 255 R4 pano_camera1/frame_0136_hp_preview.jpg
-0.416801 0.655203 -7.667806 255 68 255 R4 pano_camera1/frame_0137_hp_preview.jpg
0.031992 0.592803 -8.467453 255 68 255 R4 pano_camera1/frame_0138_hp_preview.jpg
0.114571 0.638387 -9.611795 255 68 255 R4 pano_camera1/frame_0139_hp_preview.jpg
-0.000000 0.000000 -0.000000 255 68 255 R4 pano_camera2/frame_0130_hp_preview.jpg
-1.222526 0.310960 -1.705913 255 68 255 R4 pano_camera2/frame_0131_hp_preview.jpg
-1.669883 0.450251 -2.787610 255 68 255 R4 pano_camera2/frame_0132_hp_preview.jpg
-1.731444 0.444057 -2.961635 255 68 255 R4 pano_camera2/frame_0133_hp_preview.jpg
-2.207966 0.576966 -4.294775 255 68 255 R4 pano_camera2/frame_0134_hp_preview.jpg
-2.024184 0.538609 -6.050985 255 68 255 R4 pano_camera2/frame_0135_hp_preview.jpg
-1.555412 0.758733 -6.629001 255 68 255 R4 pano_camera2/frame_0136_hp_preview.jpg
-0.416801 0.655203 -7.667806 255 68 255 R4 pano_camera2/frame_0137_hp_preview.jpg
0.031992 0.592803 -8.467453 255 68 255 R4 pano_camera2/frame_0138_hp_preview.jpg
0.114571 0.638387 -9.611795 255 68 255 R4 pano_camera2/frame_0139_hp_preview.jpg
-0.000000 -0.000000 -0.000000 255 68 255 R4 pano_camera3/frame_0130_hp_preview.jpg
-1.222526 0.310960 -1.705913 255 68 255 R4 pano_camera3/frame_0131_hp_preview.jpg
-1.669883 0.450251 -2.787610 255 68 255 R4 pano_camera3/frame_0132_hp_preview.jpg
-1.731444 0.444057 -2.961635 255 68 255 R4 pano_camera3/frame_0133_hp_preview.jpg
-2.207966 0.576966 -4.294775 255 68 255 R4 pano_camera3/frame_0134_hp_preview.jpg
-2.024184 0.538609 -6.050985 255 68 255 R4 pano_camera3/frame_0135_hp_preview.jpg
-1.555412 0.758733 -6.629001 255 68 255 R4 pano_camera3/frame_0136_hp_preview.jpg
-0.416801 0.655203 -7.667806 255 68 255 R4 pano_camera3/frame_0137_hp_preview.jpg
0.031992 0.592803 -8.467453 255 68 255 R4 pano_camera3/frame_0138_hp_preview.jpg
0.114571 0.638387 -9.611795 255 68 255 R4 pano_camera3/frame_0139_hp_preview.jpg
0.000000 -0.000000 0.000000 255 68 255 R4 pano_camera4/frame_0130_hp_preview.jpg
-1.222526 0.310960 -1.705913 255 68 255 R4 pano_camera4/frame_0131_hp_preview.jpg
-1.669883 0.450251 -2.787610 255 68 255 R4 pano_camera4/frame_0132_hp_preview.jpg
-1.731444 0.444057 -2.961635 255 68 255 R4 pano_camera4/frame_0133_hp_preview.jpg
-2.207966 0.576966 -4.294775 255 68 255 R4 pano_camera4/frame_0134_hp_preview.jpg
-2.024184 0.538609 -6.050985 255 68 255 R4 pano_camera4/frame_0135_hp_preview.jpg
-1.555412 0.758733 -6.629001 255 68 255 R4 pano_camera4/frame_0136_hp_preview.jpg
-0.416801 0.655203 -7.667806 255 68 255 R4 pano_camera4/frame_0137_hp_preview.jpg
0.031992 0.592803 -8.467453 255 68 255 R4 pano_camera4/frame_0138_hp_preview.jpg
0.114571 0.638387 -9.611795 255 68 255 R4 pano_camera4/frame_0139_hp_preview.jpg
-0.000000 -0.000000 -0.000000 255 68 255 R4 pano_camera5/frame_0130_hp_preview.jpg
-1.222526 0.310960 -1.705913 255 68 255 R4 pano_camera5/frame_0131_hp_preview.jpg
-1.669883 0.450251 -2.787610 255 68 255 R4 pano_camera5/frame_0132_hp_preview.jpg
-1.731444 0.444057 -2.961635 255 68 255 R4 pano_camera5/frame_0133_hp_preview.jpg
-2.207966 0.576966 -4.294775 255 68 255 R4 pano_camera5/frame_0134_hp_preview.jpg
-2.024184 0.538609 -6.050985 255 68 255 R4 pano_camera5/frame_0135_hp_preview.jpg
-1.555412 0.758733 -6.629001 255 68 255 R4 pano_camera5/frame_0136_hp_preview.jpg
-0.416801 0.655203 -7.667806 255 68 255 R4 pano_camera5/frame_0137_hp_preview.jpg
0.031992 0.592803 -8.467453 255 68 255 R4 pano_camera5/frame_0138_hp_preview.jpg
0.114571 0.638387 -9.611795 255 68 255 R4 pano_camera5/frame_0139_hp_preview.jpg
0.000000 -0.000000 -0.000000 255 68 255 R4 pano_camera6/frame_0130_hp_preview.jpg
-1.222526 0.310960 -1.705913 255 68 255 R4 pano_camera6/frame_0131_hp_preview.jpg
-1.669883 0.450251 -2.787610 255 68 255 R4 pano_camera6/frame_0132_hp_preview.jpg
-1.731444 0.444057 -2.961635 255 68 255 R4 pano_camera6/frame_0133_hp_preview.jpg
-2.207966 0.576966 -4.294775 255 68 255 R4 pano_camera6/frame_0134_hp_preview.jpg
-2.024184 0.538609 -6.050985 255 68 255 R4 pano_camera6/frame_0135_hp_preview.jpg
-1.555412 0.758733 -6.629001 255 68 255 R4 pano_camera6/frame_0136_hp_preview.jpg
-0.416801 0.655203 -7.667806 255 68 255 R4 pano_camera6/frame_0137_hp_preview.jpg
0.031992 0.592803 -8.467453 255 68 255 R4 pano_camera6/frame_0138_hp_preview.jpg
0.114571 0.638387 -9.611795 255 68 255 R4 pano_camera6/frame_0139_hp_preview.jpg
-0.000000 -0.000000 0.000000 255 68 255 R4 pano_camera7/frame_0130_hp_preview.jpg
-1.222526 0.310960 -1.705913 255 68 255 R4 pano_camera7/frame_0131_hp_preview.jpg
-1.669883 0.450251 -2.787610 255 68 255 R4 pano_camera7/frame_0132_hp_preview.jpg
-1.731444 0.444057 -2.961635 255 68 255 R4 pano_camera7/frame_0133_hp_preview.jpg
-2.207966 0.576966 -4.294775 255 68 255 R4 pano_camera7/frame_0134_hp_preview.jpg
-2.024184 0.538609 -6.050985 255 68 255 R4 pano_camera7/frame_0135_hp_preview.jpg
-1.555412 0.758733 -6.629001 255 68 255 R4 pano_camera7/frame_0136_hp_preview.jpg
-0.416801 0.655203 -7.667806 255 68 255 R4 pano_camera7/frame_0137_hp_preview.jpg
0.031992 0.592803 -8.467453 255 68 255 R4 pano_camera7/frame_0138_hp_preview.jpg
0.114571 0.638387 -9.611795 255 68 255 R4 pano_camera7/frame_0139_hp_preview.jpg

# End of file - 2808 total points exported
