# Enhanced PTS File with Visual Information
# Format: X Y Z R G B OBJECT_ID IMAGE_NAME
# Generated from Three.js Transform Viewer
# Export Date: 2025-10-20T02:11:20.545Z
# Total Objects: 5

# Object R0: Red (1832 points)
# Transform: Pos(0.000, 0.000, 0.000) Scale(1.000, 1.000, 1.000) Quat(0.000, 0.000, 0.000, 1.000)
0.000000 0.000000 2.343401 255 68 68 R0 pano_camera0/frame_0140_hp_preview.jpg
0.127761 0.005893 2.470891 255 68 68 R0 pano_camera0/frame_0141_hp_preview.jpg
0.346065 0.002623 2.711520 255 68 68 R0 pano_camera0/frame_0142_hp_preview.jpg
0.502974 0.000991 2.810063 255 68 68 R0 pano_camera0/frame_0143_hp_preview.jpg
0.678739 0.015540 2.758182 255 68 68 R0 pano_camera0/frame_0144_hp_preview.jpg
0.737090 0.018654 2.581494 255 68 68 R0 pano_camera0/frame_0145_hp_preview.jpg
-0.124670 0.012572 2.770313 255 68 68 R0 pano_camera0/frame_0157_hp_preview.jpg
-0.262354 0.016634 2.856272 255 68 68 R0 pano_camera0/frame_0158_hp_preview.jpg
-0.311416 0.022625 2.953972 255 68 68 R0 pano_camera0/frame_0159_hp_preview.jpg
-0.560078 0.018756 3.562706 255 68 68 R0 pano_camera0/frame_0160_hp_preview.jpg
-0.767483 0.019702 3.824734 255 68 68 R0 pano_camera0/frame_0161_hp_preview.jpg
-1.068574 0.036567 4.113810 255 68 68 R0 pano_camera0/frame_0162_hp_preview.jpg
-1.275881 0.044868 4.273577 255 68 68 R0 pano_camera0/frame_0163_hp_preview.jpg
-1.500918 0.057022 4.415810 255 68 68 R0 pano_camera0/frame_0164_hp_preview.jpg
-1.898270 0.062840 4.402871 255 68 68 R0 pano_camera0/frame_0165_hp_preview.jpg
-2.059379 0.061956 4.269844 255 68 68 R0 pano_camera0/frame_0166_hp_preview.jpg
-2.306152 0.064967 3.910046 255 68 68 R0 pano_camera0/frame_0167_hp_preview.jpg
-2.254054 0.055954 3.523406 255 68 68 R0 pano_camera0/frame_0168_hp_preview.jpg
-2.164023 0.064813 3.407216 255 68 68 R0 pano_camera0/frame_0169_hp_preview.jpg
-1.628619 0.039325 2.875208 255 68 68 R0 pano_camera0/frame_0170_hp_preview.jpg
-1.555925 0.051705 2.805617 255 68 68 R0 pano_camera0/frame_0171_hp_preview.jpg
-1.216531 0.029524 2.480109 255 68 68 R0 pano_camera0/frame_0172_hp_preview.jpg
-1.139232 0.033650 2.099843 255 68 68 R0 pano_camera0/frame_0173_hp_preview.jpg
-1.343489 0.039625 1.764058 255 68 68 R0 pano_camera0/frame_0174_hp_preview.jpg
-1.352569 0.042647 1.758548 255 68 68 R0 pano_camera0/frame_0175_hp_preview.jpg
-1.783851 0.041097 1.664286 255 68 68 R0 pano_camera0/frame_0176_hp_preview.jpg
-2.027872 0.054168 1.712791 255 68 68 R0 pano_camera0/frame_0177_hp_preview.jpg
-2.489710 0.059054 1.730529 255 68 68 R0 pano_camera0/frame_0178_hp_preview.jpg
-2.811045 0.063821 1.482150 255 68 68 R0 pano_camera0/frame_0179_hp_preview.jpg
-2.853184 0.061475 1.288525 255 68 68 R0 pano_camera0/frame_0180_hp_preview.jpg
-2.721299 0.042578 1.050865 255 68 68 R0 pano_camera0/frame_0181_hp_preview.jpg
-2.526142 0.035930 0.889523 255 68 68 R0 pano_camera0/frame_0182_hp_preview.jpg
-2.301400 0.040123 0.570323 255 68 68 R0 pano_camera0/frame_0183_hp_preview.jpg
-2.453016 0.029724 0.421756 255 68 68 R0 pano_camera0/frame_0184_hp_preview.jpg
-2.606686 0.033477 0.470576 255 68 68 R0 pano_camera0/frame_0185_hp_preview.jpg
-2.799749 0.032787 0.614533 255 68 68 R0 pano_camera0/frame_0186_hp_preview.jpg
-2.998447 0.037709 0.750079 255 68 68 R0 pano_camera0/frame_0187_hp_preview.jpg
-3.298041 0.045684 0.854685 255 68 68 R0 pano_camera0/frame_0188_hp_preview.jpg
-3.601257 0.050376 0.766640 255 68 68 R0 pano_camera0/frame_0189_hp_preview.jpg
-3.632048 0.056282 0.747513 255 68 68 R0 pano_camera0/frame_0190_hp_preview.jpg
-3.799038 0.058890 0.532855 255 68 68 R0 pano_camera0/frame_0191_hp_preview.jpg
-3.800911 0.059050 0.172904 255 68 68 R0 pano_camera0/frame_0192_hp_preview.jpg
-3.669442 0.047692 -0.078137 255 68 68 R0 pano_camera0/frame_0193_hp_preview.jpg
-3.449269 0.032058 -0.360998 255 68 68 R0 pano_camera0/frame_0194_hp_preview.jpg
-3.310763 0.033236 -0.573882 255 68 68 R0 pano_camera0/frame_0195_hp_preview.jpg
-3.338865 0.019854 -0.778141 255 68 68 R0 pano_camera0/frame_0196_hp_preview.jpg
-3.538208 0.022125 -1.150226 255 68 68 R0 pano_camera0/frame_0197_hp_preview.jpg
-3.915358 0.040654 -1.630985 255 68 68 R0 pano_camera0/frame_0198_hp_preview.jpg
-4.025670 0.046948 -1.771715 255 68 68 R0 pano_camera0/frame_0199_hp_preview.jpg
-4.648176 0.085162 -2.339663 255 68 68 R0 pano_camera0/frame_0200_hp_preview.jpg
-4.639617 0.129478 -2.434131 255 68 68 R0 pano_camera0/frame_0201_hp_preview.jpg
-4.675514 0.061964 -1.197300 255 68 68 R0 pano_camera0/frame_0226_hp_preview.jpg
-5.281499 0.081925 0.075151 255 68 68 R0 pano_camera0/frame_0240_hp_preview.jpg
-5.266954 0.074577 0.140970 255 68 68 R0 pano_camera0/frame_0241_hp_preview.jpg
-5.370329 0.072442 0.418321 255 68 68 R0 pano_camera0/frame_0242_hp_preview.jpg
-5.252398 0.068856 0.580653 255 68 68 R0 pano_camera0/frame_0243_hp_preview.jpg
-5.039062 0.062700 0.565551 255 68 68 R0 pano_camera0/frame_0244_hp_preview.jpg
-4.935709 0.057573 0.583356 255 68 68 R0 pano_camera0/frame_0245_hp_preview.jpg
-4.664298 0.028147 0.646184 255 68 68 R0 pano_camera0/frame_0246_hp_preview.jpg
-4.536918 0.032600 0.571790 255 68 68 R0 pano_camera0/frame_0247_hp_preview.jpg
-4.221239 0.028061 0.644318 255 68 68 R0 pano_camera0/frame_0248_hp_preview.jpg
-4.185656 0.025576 0.664243 255 68 68 R0 pano_camera0/frame_0249_hp_preview.jpg
-3.558775 0.023151 1.131125 255 68 68 R0 pano_camera0/frame_0250_hp_preview.jpg
-3.548390 0.021609 1.140655 255 68 68 R0 pano_camera0/frame_0251_hp_preview.jpg
-3.244884 0.031192 1.562371 255 68 68 R0 pano_camera0/frame_0252_hp_preview.jpg
-3.096191 0.051215 2.101405 255 68 68 R0 pano_camera0/frame_0253_hp_preview.jpg
-3.367992 0.068919 2.426614 255 68 68 R0 pano_camera0/frame_0254_hp_preview.jpg
-3.410640 0.066340 2.432105 255 68 68 R0 pano_camera0/frame_0255_hp_preview.jpg
-3.842053 0.107590 2.075986 255 68 68 R0 pano_camera0/frame_0256_hp_preview.jpg
-3.971249 0.234061 1.901349 255 68 68 R0 pano_camera0/frame_0257_hp_preview.jpg
-4.020066 0.315466 1.834203 255 68 68 R0 pano_camera0/frame_0258_hp_preview.jpg
-4.097854 0.388958 1.710433 255 68 68 R0 pano_camera0/frame_0259_hp_preview.jpg
-4.277114 0.637504 1.436280 255 68 68 R0 pano_camera0/frame_0260_hp_preview.jpg
-4.279742 0.640201 1.429992 255 68 68 R0 pano_camera0/frame_0261_hp_preview.jpg
-4.490617 0.898140 1.165787 255 68 68 R0 pano_camera0/frame_0262_hp_preview.jpg
-4.501059 0.907531 1.159079 255 68 68 R0 pano_camera0/frame_0263_hp_preview.jpg
-4.605610 1.050798 1.020610 255 68 68 R0 pano_camera0/frame_0264_hp_preview.jpg
-4.766816 1.227890 0.813219 255 68 68 R0 pano_camera0/frame_0265_hp_preview.jpg
-4.812070 1.360665 0.586018 255 68 68 R0 pano_camera0/frame_0266_hp_preview.jpg
-4.798484 1.434485 0.376365 255 68 68 R0 pano_camera0/frame_0267_hp_preview.jpg
-4.596928 1.424548 0.144144 255 68 68 R0 pano_camera0/frame_0268_hp_preview.jpg
-4.223754 1.424747 -0.220767 255 68 68 R0 pano_camera0/frame_0269_hp_preview.jpg
-4.037447 1.439566 -0.375836 255 68 68 R0 pano_camera0/frame_0270_hp_preview.jpg
-3.669822 1.427466 -0.637379 255 68 68 R0 pano_camera0/frame_0271_hp_preview.jpg
-3.329324 1.425409 -0.886953 255 68 68 R0 pano_camera0/frame_0272_hp_preview.jpg
-3.146135 1.432494 -1.033637 255 68 68 R0 pano_camera0/frame_0273_hp_preview.jpg
-2.557956 1.417994 -1.480978 255 68 68 R0 pano_camera0/frame_0274_hp_preview.jpg
-2.499719 1.420799 -1.537402 255 68 68 R0 pano_camera0/frame_0275_hp_preview.jpg
-2.027981 1.416347 -1.910205 255 68 68 R0 pano_camera0/frame_0276_hp_preview.jpg
-1.889447 1.419430 -2.037445 255 68 68 R0 pano_camera0/frame_0277_hp_preview.jpg
-1.470993 1.429447 -2.444415 255 68 68 R0 pano_camera0/frame_0278_hp_preview.jpg
-1.233648 1.422878 -2.614466 255 68 68 R0 pano_camera0/frame_0279_hp_preview.jpg
-0.649317 1.418283 -3.115723 255 68 68 R0 pano_camera0/frame_0280_hp_preview.jpg
-0.536737 1.414300 -3.197741 255 68 68 R0 pano_camera0/frame_0281_hp_preview.jpg
-0.385244 1.407074 -3.351019 255 68 68 R0 pano_camera0/frame_0282_hp_preview.jpg
-0.307456 1.402981 -3.585692 255 68 68 R0 pano_camera0/frame_0283_hp_preview.jpg
-0.486499 1.394691 -3.972809 255 68 68 R0 pano_camera0/frame_0284_hp_preview.jpg
-0.523706 1.392646 -3.999270 255 68 68 R0 pano_camera0/frame_0285_hp_preview.jpg
-0.778917 1.394235 -4.204597 255 68 68 R0 pano_camera0/frame_0286_hp_preview.jpg
-0.979118 1.411449 -4.212352 255 68 68 R0 pano_camera0/frame_0287_hp_preview.jpg
-1.240202 1.424108 -4.227243 255 68 68 R0 pano_camera0/frame_0288_hp_preview.jpg
-1.395073 1.431397 -4.303098 255 68 68 R0 pano_camera0/frame_0289_hp_preview.jpg
-1.501382 1.429986 -4.557018 255 68 68 R0 pano_camera0/frame_0290_hp_preview.jpg
-1.598073 1.419180 -5.104948 255 68 68 R0 pano_camera0/frame_0291_hp_preview.jpg
-1.663208 1.418926 -5.317511 255 68 68 R0 pano_camera0/frame_0292_hp_preview.jpg
-1.705980 1.413616 -5.494733 255 68 68 R0 pano_camera0/frame_0293_hp_preview.jpg
-2.166427 1.403255 -5.939858 255 68 68 R0 pano_camera0/frame_0294_hp_preview.jpg
-2.216551 1.405076 -5.951916 255 68 68 R0 pano_camera0/frame_0295_hp_preview.jpg
-2.758252 1.406874 -5.759070 255 68 68 R0 pano_camera0/frame_0296_hp_preview.jpg
-2.857817 1.414819 -5.413187 255 68 68 R0 pano_camera0/frame_0297_hp_preview.jpg
-2.885242 1.404733 -5.103073 255 68 68 R0 pano_camera0/frame_0298_hp_preview.jpg
-2.896998 1.411660 -4.860958 255 68 68 R0 pano_camera0/frame_0299_hp_preview.jpg
-2.927742 1.418923 -4.398749 255 68 68 R0 pano_camera0/frame_0300_hp_preview.jpg
-2.930316 1.405266 -4.078772 255 68 68 R0 pano_camera0/frame_0301_hp_preview.jpg
-2.899770 1.401872 -3.757656 255 68 68 R0 pano_camera0/frame_0302_hp_preview.jpg
-2.785137 1.414961 -3.319754 255 68 68 R0 pano_camera0/frame_0303_hp_preview.jpg
-2.735448 1.410451 -3.095860 255 68 68 R0 pano_camera0/frame_0304_hp_preview.jpg
-2.671398 1.406015 -2.567484 255 68 68 R0 pano_camera0/frame_0305_hp_preview.jpg
-2.733401 1.399411 -2.041718 255 68 68 R0 pano_camera0/frame_0306_hp_preview.jpg
-2.832166 1.396149 -1.708325 255 68 68 R0 pano_camera0/frame_0307_hp_preview.jpg
-2.877625 1.402885 -1.631502 255 68 68 R0 pano_camera0/frame_0308_hp_preview.jpg
-3.261742 1.409936 -1.347039 255 68 68 R0 pano_camera0/frame_0309_hp_preview.jpg
-3.729823 1.427792 -1.353473 255 68 68 R0 pano_camera0/frame_0310_hp_preview.jpg
-3.960385 1.416978 -1.574459 255 68 68 R0 pano_camera0/frame_0311_hp_preview.jpg
-4.128569 1.429212 -1.989563 255 68 68 R0 pano_camera0/frame_0312_hp_preview.jpg
-4.196616 1.430101 -2.301038 255 68 68 R0 pano_camera0/frame_0313_hp_preview.jpg
-4.229892 1.429019 -2.582849 255 68 68 R0 pano_camera0/frame_0314_hp_preview.jpg
-4.329399 1.430465 -3.269538 255 68 68 R0 pano_camera0/frame_0315_hp_preview.jpg
-4.341275 1.434257 -3.319462 255 68 68 R0 pano_camera0/frame_0316_hp_preview.jpg
-4.456013 1.424831 -3.756129 255 68 68 R0 pano_camera0/frame_0317_hp_preview.jpg
-4.733557 1.417603 -4.149968 255 68 68 R0 pano_camera0/frame_0318_hp_preview.jpg
-4.860418 1.420117 -4.160091 255 68 68 R0 pano_camera0/frame_0319_hp_preview.jpg
-5.204661 1.445634 -4.063730 255 68 68 R0 pano_camera0/frame_0320_hp_preview.jpg
-5.728389 1.456382 -3.584243 255 68 68 R0 pano_camera0/frame_0321_hp_preview.jpg
-5.756549 1.456104 -3.551875 255 68 68 R0 pano_camera0/frame_0322_hp_preview.jpg
-5.872268 1.446056 -3.085604 255 68 68 R0 pano_camera0/frame_0323_hp_preview.jpg
-5.814695 1.456028 -2.609732 255 68 68 R0 pano_camera0/frame_0324_hp_preview.jpg
-5.821113 1.448689 -2.561348 255 68 68 R0 pano_camera0/frame_0325_hp_preview.jpg
-6.038513 1.447704 -2.111890 255 68 68 R0 pano_camera0/frame_0326_hp_preview.jpg
-6.303680 1.448310 -2.062078 255 68 68 R0 pano_camera0/frame_0327_hp_preview.jpg
-6.438129 1.458753 -2.101845 255 68 68 R0 pano_camera0/frame_0328_hp_preview.jpg
-6.631331 1.464549 -2.239411 255 68 68 R0 pano_camera0/frame_0329_hp_preview.jpg
-6.985016 1.473314 -2.370760 255 68 68 R0 pano_camera0/frame_0330_hp_preview.jpg
-7.101449 1.473312 -2.281120 255 68 68 R0 pano_camera0/frame_0331_hp_preview.jpg
-6.950098 1.462510 -1.880987 255 68 68 R0 pano_camera0/frame_0332_hp_preview.jpg
-6.778728 1.453302 -1.752377 255 68 68 R0 pano_camera0/frame_0333_hp_preview.jpg
-6.511900 1.448076 -1.470004 255 68 68 R0 pano_camera0/frame_0334_hp_preview.jpg
-6.409844 1.450298 -1.291863 255 68 68 R0 pano_camera0/frame_0335_hp_preview.jpg
-6.287094 1.440720 -1.098765 255 68 68 R0 pano_camera0/frame_0336_hp_preview.jpg
-6.060484 1.431460 -0.639499 255 68 68 R0 pano_camera0/frame_0337_hp_preview.jpg
-5.949976 1.434146 -0.408591 255 68 68 R0 pano_camera0/frame_0338_hp_preview.jpg
-5.711375 1.427912 0.204905 255 68 68 R0 pano_camera0/frame_0339_hp_preview.jpg
-5.615047 1.453874 0.609338 255 68 68 R0 pano_camera0/frame_0340_hp_preview.jpg
-5.582398 1.447731 0.716036 255 68 68 R0 pano_camera0/frame_0341_hp_preview.jpg
-5.454203 1.449302 1.020485 255 68 68 R0 pano_camera0/frame_0342_hp_preview.jpg
-5.220782 1.453371 1.369897 255 68 68 R0 pano_camera0/frame_0343_hp_preview.jpg
-5.264966 1.463158 1.717539 255 68 68 R0 pano_camera0/frame_0344_hp_preview.jpg
-5.516939 1.466904 1.634547 255 68 68 R0 pano_camera0/frame_0345_hp_preview.jpg
-5.714004 1.463689 1.450000 255 68 68 R0 pano_camera0/frame_0346_hp_preview.jpg
-5.815574 1.462958 1.242631 255 68 68 R0 pano_camera0/frame_0347_hp_preview.jpg
-5.940494 1.464197 1.012405 255 68 68 R0 pano_camera0/frame_0348_hp_preview.jpg
-6.237551 1.454903 0.467506 255 68 68 R0 pano_camera0/frame_0349_hp_preview.jpg
-6.434689 1.443099 0.259145 255 68 68 R0 pano_camera0/frame_0350_hp_preview.jpg
-6.589192 1.439712 0.111172 255 68 68 R0 pano_camera0/frame_0351_hp_preview.jpg
-7.030488 1.446635 -0.092409 255 68 68 R0 pano_camera0/frame_0352_hp_preview.jpg
-7.252179 1.462631 -0.124343 255 68 68 R0 pano_camera0/frame_0353_hp_preview.jpg
-7.612041 1.471659 -0.297271 255 68 68 R0 pano_camera0/frame_0354_hp_preview.jpg
-7.727212 1.484318 -0.474842 255 68 68 R0 pano_camera0/frame_0355_hp_preview.jpg
-7.648701 1.489696 -0.893678 255 68 68 R0 pano_camera0/frame_0356_hp_preview.jpg
-7.576138 1.473189 -1.184612 255 68 68 R0 pano_camera0/frame_0357_hp_preview.jpg
-7.532688 1.453689 -1.267478 255 68 68 R0 pano_camera0/frame_0358_hp_preview.jpg
-7.501295 1.444138 -1.290529 255 68 68 R0 pano_camera0/frame_0359_hp_preview.jpg
-7.548684 1.459743 -1.296555 255 68 68 R0 pano_camera0/frame_0360_hp_preview.jpg
-7.548815 1.458681 -1.300755 255 68 68 R0 pano_camera0/frame_0361_hp_preview.jpg
-7.658608 1.467158 -1.567292 255 68 68 R0 pano_camera0/frame_0362_hp_preview.jpg
-7.791464 1.473250 -1.625233 255 68 68 R0 pano_camera0/frame_0363_hp_preview.jpg
-8.051945 1.505622 -1.642408 255 68 68 R0 pano_camera0/frame_0364_hp_preview.jpg
-8.132823 1.508930 -1.587965 255 68 68 R0 pano_camera0/frame_0365_hp_preview.jpg
-8.178070 1.502901 -1.190053 255 68 68 R0 pano_camera0/frame_0366_hp_preview.jpg
-8.154920 1.499634 -1.130000 255 68 68 R0 pano_camera0/frame_0367_hp_preview.jpg
-8.015165 1.486304 -0.826966 255 68 68 R0 pano_camera0/frame_0368_hp_preview.jpg
-7.715936 1.482236 -0.205788 255 68 68 R0 pano_camera0/frame_0369_hp_preview.jpg
-7.727077 1.454690 -0.002340 255 68 68 R0 pano_camera0/frame_0370_hp_preview.jpg
-7.865296 1.487792 0.138091 255 68 68 R0 pano_camera0/frame_0371_hp_preview.jpg
-8.192727 1.487765 0.077916 255 68 68 R0 pano_camera0/frame_0372_hp_preview.jpg
-8.445057 1.500488 -0.175208 255 68 68 R0 pano_camera0/frame_0373_hp_preview.jpg
-9.054569 1.504244 -0.537451 255 68 68 R0 pano_camera0/frame_0374_hp_preview.jpg
-9.246577 1.515863 -0.548997 255 68 68 R0 pano_camera0/frame_0375_hp_preview.jpg
-9.469081 1.530070 -0.475187 255 68 68 R0 pano_camera0/frame_0376_hp_preview.jpg
-9.644641 1.538168 -0.382516 255 68 68 R0 pano_camera0/frame_0377_hp_preview.jpg
-10.147651 1.574275 0.005055 255 68 68 R0 pano_camera0/frame_0378_hp_preview.jpg
-10.264202 1.566266 0.153227 255 68 68 R0 pano_camera0/frame_0379_hp_preview.jpg
-10.381315 1.566182 0.380005 255 68 68 R0 pano_camera0/frame_0380_hp_preview.jpg
-10.444809 1.447656 0.401308 255 68 68 R0 pano_camera0/frame_0381_hp_preview.jpg
-10.471636 1.318899 0.553300 255 68 68 R0 pano_camera0/frame_0382_hp_preview.jpg
-10.422512 1.523793 0.818047 255 68 68 R0 pano_camera0/frame_0383_hp_preview.jpg
-10.392985 1.536963 0.816101 255 68 68 R0 pano_camera0/frame_0384_hp_preview.jpg
-10.232246 1.546738 1.013687 255 68 68 R0 pano_camera0/frame_0385_hp_preview.jpg
-9.915283 1.553340 1.455690 255 68 68 R0 pano_camera0/frame_0386_hp_preview.jpg
-9.790038 1.551386 1.674462 255 68 68 R0 pano_camera0/frame_0387_hp_preview.jpg
-9.337256 1.548551 2.317589 255 68 68 R0 pano_camera0/frame_0388_hp_preview.jpg
-9.015227 1.537091 2.705660 255 68 68 R0 pano_camera0/frame_0389_hp_preview.jpg
-8.869570 1.524897 2.848928 255 68 68 R0 pano_camera0/frame_0390_hp_preview.jpg
-8.455187 1.524745 3.039872 255 68 68 R0 pano_camera0/frame_0391_hp_preview.jpg
-8.370792 1.520067 2.995375 255 68 68 R0 pano_camera0/frame_0392_hp_preview.jpg
-8.411250 1.519812 2.806339 255 68 68 R0 pano_camera0/frame_0393_hp_preview.jpg
-8.582961 1.513175 2.663568 255 68 68 R0 pano_camera0/frame_0394_hp_preview.jpg
-8.878268 1.510591 2.434326 255 68 68 R0 pano_camera0/frame_0395_hp_preview.jpg
-9.088768 1.513282 2.108929 255 68 68 R0 pano_camera0/frame_0396_hp_preview.jpg
-8.890905 1.528206 1.684930 255 68 68 R0 pano_camera0/frame_0397_hp_preview.jpg
-8.754420 1.523245 1.582608 255 68 68 R0 pano_camera0/frame_0398_hp_preview.jpg
-8.276093 1.521298 1.563364 255 68 68 R0 pano_camera0/frame_0399_hp_preview.jpg
-7.899597 1.502082 1.917561 255 68 68 R0 pano_camera0/frame_0400_hp_preview.jpg
-7.624153 1.496778 2.217121 255 68 68 R0 pano_camera0/frame_0401_hp_preview.jpg
-7.603742 1.495640 2.235462 255 68 68 R0 pano_camera0/frame_0402_hp_preview.jpg
-7.347870 1.488496 2.523180 255 68 68 R0 pano_camera0/frame_0403_hp_preview.jpg
-6.827138 1.480388 2.516365 255 68 68 R0 pano_camera0/frame_0404_hp_preview.jpg
-6.798477 1.485972 2.486484 255 68 68 R0 pano_camera0/frame_0405_hp_preview.jpg
-6.644564 1.491830 2.028746 255 68 68 R0 pano_camera0/frame_0406_hp_preview.jpg
-6.908735 1.480543 1.668772 255 68 68 R0 pano_camera0/frame_0407_hp_preview.jpg
-7.053842 1.485627 1.485162 255 68 68 R0 pano_camera0/frame_0408_hp_preview.jpg
-7.165724 1.480087 1.353650 255 68 68 R0 pano_camera0/frame_0409_hp_preview.jpg
-7.275996 1.495399 1.008386 255 68 68 R0 pano_camera0/frame_0410_hp_preview.jpg
-6.953836 1.480067 0.471458 255 68 68 R0 pano_camera0/frame_0411_hp_preview.jpg
-6.892299 1.471010 0.413942 255 68 68 R0 pano_camera0/frame_0412_hp_preview.jpg
-6.760310 1.471893 0.231377 255 68 68 R0 pano_camera0/frame_0413_hp_preview.jpg
-6.781340 1.474433 0.226061 255 68 68 R0 pano_camera0/frame_0414_hp_preview.jpg
-6.782789 1.474791 0.227522 255 68 68 R0 pano_camera0/frame_0415_hp_preview.jpg
-6.779366 1.470174 0.226103 255 68 68 R0 pano_camera0/frame_0416_hp_preview.jpg
0.000000 -0.000000 2.343401 255 68 68 R0 pano_camera1/frame_0140_hp_preview.jpg
0.127761 0.005893 2.470891 255 68 68 R0 pano_camera1/frame_0141_hp_preview.jpg
0.346065 0.002623 2.711520 255 68 68 R0 pano_camera1/frame_0142_hp_preview.jpg
0.502974 0.000991 2.810063 255 68 68 R0 pano_camera1/frame_0143_hp_preview.jpg
0.678739 0.015540 2.758182 255 68 68 R0 pano_camera1/frame_0144_hp_preview.jpg
0.737090 0.018654 2.581494 255 68 68 R0 pano_camera1/frame_0145_hp_preview.jpg
-0.124670 0.012572 2.770313 255 68 68 R0 pano_camera1/frame_0157_hp_preview.jpg
-0.262354 0.016634 2.856272 255 68 68 R0 pano_camera1/frame_0158_hp_preview.jpg
-0.311416 0.022625 2.953972 255 68 68 R0 pano_camera1/frame_0159_hp_preview.jpg
-0.560078 0.018756 3.562706 255 68 68 R0 pano_camera1/frame_0160_hp_preview.jpg
-0.767483 0.019702 3.824734 255 68 68 R0 pano_camera1/frame_0161_hp_preview.jpg
-1.068574 0.036567 4.113810 255 68 68 R0 pano_camera1/frame_0162_hp_preview.jpg
-1.275881 0.044868 4.273577 255 68 68 R0 pano_camera1/frame_0163_hp_preview.jpg
-1.500918 0.057022 4.415810 255 68 68 R0 pano_camera1/frame_0164_hp_preview.jpg
-1.898270 0.062840 4.402871 255 68 68 R0 pano_camera1/frame_0165_hp_preview.jpg
-2.059379 0.061956 4.269844 255 68 68 R0 pano_camera1/frame_0166_hp_preview.jpg
-2.306152 0.064967 3.910046 255 68 68 R0 pano_camera1/frame_0167_hp_preview.jpg
-2.254054 0.055954 3.523406 255 68 68 R0 pano_camera1/frame_0168_hp_preview.jpg
-2.164023 0.064813 3.407216 255 68 68 R0 pano_camera1/frame_0169_hp_preview.jpg
-1.628619 0.039325 2.875208 255 68 68 R0 pano_camera1/frame_0170_hp_preview.jpg
-1.555925 0.051705 2.805617 255 68 68 R0 pano_camera1/frame_0171_hp_preview.jpg
-1.216531 0.029524 2.480109 255 68 68 R0 pano_camera1/frame_0172_hp_preview.jpg
-1.139232 0.033650 2.099843 255 68 68 R0 pano_camera1/frame_0173_hp_preview.jpg
-1.343489 0.039625 1.764058 255 68 68 R0 pano_camera1/frame_0174_hp_preview.jpg
-1.352569 0.042647 1.758548 255 68 68 R0 pano_camera1/frame_0175_hp_preview.jpg
-1.783851 0.041097 1.664286 255 68 68 R0 pano_camera1/frame_0176_hp_preview.jpg
-2.027872 0.054168 1.712791 255 68 68 R0 pano_camera1/frame_0177_hp_preview.jpg
-2.489710 0.059054 1.730529 255 68 68 R0 pano_camera1/frame_0178_hp_preview.jpg
-2.811045 0.063821 1.482150 255 68 68 R0 pano_camera1/frame_0179_hp_preview.jpg
-2.853184 0.061475 1.288525 255 68 68 R0 pano_camera1/frame_0180_hp_preview.jpg
-2.721299 0.042578 1.050865 255 68 68 R0 pano_camera1/frame_0181_hp_preview.jpg
-2.526142 0.035930 0.889523 255 68 68 R0 pano_camera1/frame_0182_hp_preview.jpg
-2.301400 0.040123 0.570323 255 68 68 R0 pano_camera1/frame_0183_hp_preview.jpg
-2.453016 0.029724 0.421756 255 68 68 R0 pano_camera1/frame_0184_hp_preview.jpg
-2.606686 0.033477 0.470576 255 68 68 R0 pano_camera1/frame_0185_hp_preview.jpg
-2.799749 0.032787 0.614533 255 68 68 R0 pano_camera1/frame_0186_hp_preview.jpg
-2.998447 0.037709 0.750079 255 68 68 R0 pano_camera1/frame_0187_hp_preview.jpg
-3.298041 0.045684 0.854685 255 68 68 R0 pano_camera1/frame_0188_hp_preview.jpg
-3.601257 0.050376 0.766640 255 68 68 R0 pano_camera1/frame_0189_hp_preview.jpg
-3.632048 0.056282 0.747513 255 68 68 R0 pano_camera1/frame_0190_hp_preview.jpg
-3.799038 0.058890 0.532855 255 68 68 R0 pano_camera1/frame_0191_hp_preview.jpg
-3.800911 0.059050 0.172904 255 68 68 R0 pano_camera1/frame_0192_hp_preview.jpg
-3.669442 0.047692 -0.078137 255 68 68 R0 pano_camera1/frame_0193_hp_preview.jpg
-3.449269 0.032058 -0.360998 255 68 68 R0 pano_camera1/frame_0194_hp_preview.jpg
-3.310763 0.033236 -0.573882 255 68 68 R0 pano_camera1/frame_0195_hp_preview.jpg
-3.338865 0.019854 -0.778141 255 68 68 R0 pano_camera1/frame_0196_hp_preview.jpg
-3.538208 0.022125 -1.150226 255 68 68 R0 pano_camera1/frame_0197_hp_preview.jpg
-3.915358 0.040654 -1.630985 255 68 68 R0 pano_camera1/frame_0198_hp_preview.jpg
-4.025670 0.046948 -1.771715 255 68 68 R0 pano_camera1/frame_0199_hp_preview.jpg
-4.648176 0.085162 -2.339663 255 68 68 R0 pano_camera1/frame_0200_hp_preview.jpg
-4.639617 0.129478 -2.434131 255 68 68 R0 pano_camera1/frame_0201_hp_preview.jpg
-4.675514 0.061964 -1.197300 255 68 68 R0 pano_camera1/frame_0226_hp_preview.jpg
-5.281499 0.081925 0.075151 255 68 68 R0 pano_camera1/frame_0240_hp_preview.jpg
-5.266954 0.074577 0.140970 255 68 68 R0 pano_camera1/frame_0241_hp_preview.jpg
-5.370329 0.072442 0.418321 255 68 68 R0 pano_camera1/frame_0242_hp_preview.jpg
-5.252398 0.068856 0.580653 255 68 68 R0 pano_camera1/frame_0243_hp_preview.jpg
-5.039062 0.062700 0.565551 255 68 68 R0 pano_camera1/frame_0244_hp_preview.jpg
-4.935709 0.057573 0.583356 255 68 68 R0 pano_camera1/frame_0245_hp_preview.jpg
-4.664298 0.028147 0.646184 255 68 68 R0 pano_camera1/frame_0246_hp_preview.jpg
-4.536918 0.032600 0.571790 255 68 68 R0 pano_camera1/frame_0247_hp_preview.jpg
-4.221239 0.028061 0.644318 255 68 68 R0 pano_camera1/frame_0248_hp_preview.jpg
-4.185656 0.025576 0.664243 255 68 68 R0 pano_camera1/frame_0249_hp_preview.jpg
-3.558775 0.023151 1.131125 255 68 68 R0 pano_camera1/frame_0250_hp_preview.jpg
-3.548390 0.021609 1.140655 255 68 68 R0 pano_camera1/frame_0251_hp_preview.jpg
-3.244884 0.031192 1.562371 255 68 68 R0 pano_camera1/frame_0252_hp_preview.jpg
-3.096191 0.051215 2.101405 255 68 68 R0 pano_camera1/frame_0253_hp_preview.jpg
-3.367992 0.068919 2.426614 255 68 68 R0 pano_camera1/frame_0254_hp_preview.jpg
-3.410640 0.066340 2.432105 255 68 68 R0 pano_camera1/frame_0255_hp_preview.jpg
-3.842053 0.107590 2.075986 255 68 68 R0 pano_camera1/frame_0256_hp_preview.jpg
-3.971249 0.234061 1.901349 255 68 68 R0 pano_camera1/frame_0257_hp_preview.jpg
-4.020066 0.315466 1.834203 255 68 68 R0 pano_camera1/frame_0258_hp_preview.jpg
-4.097854 0.388958 1.710433 255 68 68 R0 pano_camera1/frame_0259_hp_preview.jpg
-4.277114 0.637504 1.436280 255 68 68 R0 pano_camera1/frame_0260_hp_preview.jpg
-4.279742 0.640201 1.429992 255 68 68 R0 pano_camera1/frame_0261_hp_preview.jpg
-4.490617 0.898140 1.165787 255 68 68 R0 pano_camera1/frame_0262_hp_preview.jpg
-4.501059 0.907531 1.159079 255 68 68 R0 pano_camera1/frame_0263_hp_preview.jpg
-4.605610 1.050798 1.020610 255 68 68 R0 pano_camera1/frame_0264_hp_preview.jpg
-4.766816 1.227890 0.813219 255 68 68 R0 pano_camera1/frame_0265_hp_preview.jpg
-4.812070 1.360665 0.586018 255 68 68 R0 pano_camera1/frame_0266_hp_preview.jpg
-4.798484 1.434485 0.376365 255 68 68 R0 pano_camera1/frame_0267_hp_preview.jpg
-4.596928 1.424548 0.144144 255 68 68 R0 pano_camera1/frame_0268_hp_preview.jpg
-4.223754 1.424747 -0.220767 255 68 68 R0 pano_camera1/frame_0269_hp_preview.jpg
-4.037447 1.439566 -0.375836 255 68 68 R0 pano_camera1/frame_0270_hp_preview.jpg
-3.669822 1.427466 -0.637379 255 68 68 R0 pano_camera1/frame_0271_hp_preview.jpg
-3.329324 1.425409 -0.886953 255 68 68 R0 pano_camera1/frame_0272_hp_preview.jpg
-3.146135 1.432494 -1.033637 255 68 68 R0 pano_camera1/frame_0273_hp_preview.jpg
-2.557956 1.417994 -1.480978 255 68 68 R0 pano_camera1/frame_0274_hp_preview.jpg
-2.499719 1.420799 -1.537402 255 68 68 R0 pano_camera1/frame_0275_hp_preview.jpg
-2.027981 1.416347 -1.910205 255 68 68 R0 pano_camera1/frame_0276_hp_preview.jpg
-1.889447 1.419430 -2.037445 255 68 68 R0 pano_camera1/frame_0277_hp_preview.jpg
-1.470993 1.429447 -2.444415 255 68 68 R0 pano_camera1/frame_0278_hp_preview.jpg
-1.233648 1.422878 -2.614466 255 68 68 R0 pano_camera1/frame_0279_hp_preview.jpg
-0.649317 1.418283 -3.115723 255 68 68 R0 pano_camera1/frame_0280_hp_preview.jpg
-0.536737 1.414300 -3.197741 255 68 68 R0 pano_camera1/frame_0281_hp_preview.jpg
-0.385244 1.407074 -3.351019 255 68 68 R0 pano_camera1/frame_0282_hp_preview.jpg
-0.307456 1.402981 -3.585692 255 68 68 R0 pano_camera1/frame_0283_hp_preview.jpg
-0.486499 1.394691 -3.972809 255 68 68 R0 pano_camera1/frame_0284_hp_preview.jpg
-0.523706 1.392646 -3.999270 255 68 68 R0 pano_camera1/frame_0285_hp_preview.jpg
-0.778917 1.394235 -4.204597 255 68 68 R0 pano_camera1/frame_0286_hp_preview.jpg
-0.979118 1.411449 -4.212352 255 68 68 R0 pano_camera1/frame_0287_hp_preview.jpg
-1.240202 1.424108 -4.227243 255 68 68 R0 pano_camera1/frame_0288_hp_preview.jpg
-1.395073 1.431397 -4.303098 255 68 68 R0 pano_camera1/frame_0289_hp_preview.jpg
-1.501382 1.429986 -4.557018 255 68 68 R0 pano_camera1/frame_0290_hp_preview.jpg
-1.598073 1.419180 -5.104948 255 68 68 R0 pano_camera1/frame_0291_hp_preview.jpg
-1.663208 1.418926 -5.317511 255 68 68 R0 pano_camera1/frame_0292_hp_preview.jpg
-1.705980 1.413616 -5.494733 255 68 68 R0 pano_camera1/frame_0293_hp_preview.jpg
-2.166427 1.403255 -5.939858 255 68 68 R0 pano_camera1/frame_0294_hp_preview.jpg
-2.216551 1.405076 -5.951916 255 68 68 R0 pano_camera1/frame_0295_hp_preview.jpg
-2.758252 1.406874 -5.759070 255 68 68 R0 pano_camera1/frame_0296_hp_preview.jpg
-2.857817 1.414819 -5.413187 255 68 68 R0 pano_camera1/frame_0297_hp_preview.jpg
-2.885242 1.404733 -5.103073 255 68 68 R0 pano_camera1/frame_0298_hp_preview.jpg
-2.896998 1.411660 -4.860958 255 68 68 R0 pano_camera1/frame_0299_hp_preview.jpg
-2.927742 1.418923 -4.398749 255 68 68 R0 pano_camera1/frame_0300_hp_preview.jpg
-2.930316 1.405266 -4.078772 255 68 68 R0 pano_camera1/frame_0301_hp_preview.jpg
-2.899770 1.401872 -3.757656 255 68 68 R0 pano_camera1/frame_0302_hp_preview.jpg
-2.785137 1.414961 -3.319754 255 68 68 R0 pano_camera1/frame_0303_hp_preview.jpg
-2.735448 1.410451 -3.095860 255 68 68 R0 pano_camera1/frame_0304_hp_preview.jpg
-2.671398 1.406015 -2.567484 255 68 68 R0 pano_camera1/frame_0305_hp_preview.jpg
-2.733401 1.399411 -2.041718 255 68 68 R0 pano_camera1/frame_0306_hp_preview.jpg
-2.832166 1.396149 -1.708325 255 68 68 R0 pano_camera1/frame_0307_hp_preview.jpg
-2.877625 1.402885 -1.631502 255 68 68 R0 pano_camera1/frame_0308_hp_preview.jpg
-3.261742 1.409936 -1.347039 255 68 68 R0 pano_camera1/frame_0309_hp_preview.jpg
-3.729823 1.427792 -1.353473 255 68 68 R0 pano_camera1/frame_0310_hp_preview.jpg
-3.960385 1.416978 -1.574459 255 68 68 R0 pano_camera1/frame_0311_hp_preview.jpg
-4.128569 1.429212 -1.989563 255 68 68 R0 pano_camera1/frame_0312_hp_preview.jpg
-4.196616 1.430101 -2.301038 255 68 68 R0 pano_camera1/frame_0313_hp_preview.jpg
-4.229892 1.429019 -2.582849 255 68 68 R0 pano_camera1/frame_0314_hp_preview.jpg
-4.329399 1.430465 -3.269538 255 68 68 R0 pano_camera1/frame_0315_hp_preview.jpg
-4.341275 1.434257 -3.319462 255 68 68 R0 pano_camera1/frame_0316_hp_preview.jpg
-4.456013 1.424831 -3.756129 255 68 68 R0 pano_camera1/frame_0317_hp_preview.jpg
-4.733557 1.417603 -4.149968 255 68 68 R0 pano_camera1/frame_0318_hp_preview.jpg
-4.860418 1.420117 -4.160091 255 68 68 R0 pano_camera1/frame_0319_hp_preview.jpg
-5.204661 1.445634 -4.063730 255 68 68 R0 pano_camera1/frame_0320_hp_preview.jpg
-5.728389 1.456382 -3.584243 255 68 68 R0 pano_camera1/frame_0321_hp_preview.jpg
-5.756549 1.456104 -3.551875 255 68 68 R0 pano_camera1/frame_0322_hp_preview.jpg
-5.872268 1.446056 -3.085604 255 68 68 R0 pano_camera1/frame_0323_hp_preview.jpg
-5.814695 1.456028 -2.609732 255 68 68 R0 pano_camera1/frame_0324_hp_preview.jpg
-5.821113 1.448689 -2.561348 255 68 68 R0 pano_camera1/frame_0325_hp_preview.jpg
-6.038513 1.447704 -2.111890 255 68 68 R0 pano_camera1/frame_0326_hp_preview.jpg
-6.303680 1.448310 -2.062078 255 68 68 R0 pano_camera1/frame_0327_hp_preview.jpg
-6.438129 1.458753 -2.101845 255 68 68 R0 pano_camera1/frame_0328_hp_preview.jpg
-6.631331 1.464549 -2.239411 255 68 68 R0 pano_camera1/frame_0329_hp_preview.jpg
-6.985016 1.473314 -2.370760 255 68 68 R0 pano_camera1/frame_0330_hp_preview.jpg
-7.101449 1.473312 -2.281120 255 68 68 R0 pano_camera1/frame_0331_hp_preview.jpg
-6.950098 1.462510 -1.880987 255 68 68 R0 pano_camera1/frame_0332_hp_preview.jpg
-6.778728 1.453302 -1.752377 255 68 68 R0 pano_camera1/frame_0333_hp_preview.jpg
-6.511900 1.448076 -1.470004 255 68 68 R0 pano_camera1/frame_0334_hp_preview.jpg
-6.409844 1.450298 -1.291863 255 68 68 R0 pano_camera1/frame_0335_hp_preview.jpg
-6.287094 1.440720 -1.098765 255 68 68 R0 pano_camera1/frame_0336_hp_preview.jpg
-6.060484 1.431460 -0.639499 255 68 68 R0 pano_camera1/frame_0337_hp_preview.jpg
-5.949976 1.434146 -0.408591 255 68 68 R0 pano_camera1/frame_0338_hp_preview.jpg
-5.711375 1.427912 0.204905 255 68 68 R0 pano_camera1/frame_0339_hp_preview.jpg
-5.615047 1.453874 0.609338 255 68 68 R0 pano_camera1/frame_0340_hp_preview.jpg
-5.582398 1.447731 0.716036 255 68 68 R0 pano_camera1/frame_0341_hp_preview.jpg
-5.454203 1.449302 1.020485 255 68 68 R0 pano_camera1/frame_0342_hp_preview.jpg
-5.220782 1.453371 1.369897 255 68 68 R0 pano_camera1/frame_0343_hp_preview.jpg
-5.264966 1.463158 1.717539 255 68 68 R0 pano_camera1/frame_0344_hp_preview.jpg
-5.516939 1.466904 1.634547 255 68 68 R0 pano_camera1/frame_0345_hp_preview.jpg
-5.714004 1.463689 1.450000 255 68 68 R0 pano_camera1/frame_0346_hp_preview.jpg
-5.815574 1.462958 1.242631 255 68 68 R0 pano_camera1/frame_0347_hp_preview.jpg
-5.940494 1.464197 1.012405 255 68 68 R0 pano_camera1/frame_0348_hp_preview.jpg
-6.237551 1.454903 0.467506 255 68 68 R0 pano_camera1/frame_0349_hp_preview.jpg
-6.434689 1.443099 0.259145 255 68 68 R0 pano_camera1/frame_0350_hp_preview.jpg
-6.589192 1.439712 0.111172 255 68 68 R0 pano_camera1/frame_0351_hp_preview.jpg
-7.030488 1.446635 -0.092409 255 68 68 R0 pano_camera1/frame_0352_hp_preview.jpg
-7.252179 1.462631 -0.124343 255 68 68 R0 pano_camera1/frame_0353_hp_preview.jpg
-7.612041 1.471659 -0.297271 255 68 68 R0 pano_camera1/frame_0354_hp_preview.jpg
-7.727212 1.484318 -0.474842 255 68 68 R0 pano_camera1/frame_0355_hp_preview.jpg
-7.648701 1.489696 -0.893678 255 68 68 R0 pano_camera1/frame_0356_hp_preview.jpg
-7.576138 1.473189 -1.184612 255 68 68 R0 pano_camera1/frame_0357_hp_preview.jpg
-7.532688 1.453689 -1.267478 255 68 68 R0 pano_camera1/frame_0358_hp_preview.jpg
-7.501295 1.444138 -1.290529 255 68 68 R0 pano_camera1/frame_0359_hp_preview.jpg
-7.548684 1.459743 -1.296555 255 68 68 R0 pano_camera1/frame_0360_hp_preview.jpg
-7.548815 1.458681 -1.300755 255 68 68 R0 pano_camera1/frame_0361_hp_preview.jpg
-7.658608 1.467158 -1.567292 255 68 68 R0 pano_camera1/frame_0362_hp_preview.jpg
-7.791464 1.473250 -1.625233 255 68 68 R0 pano_camera1/frame_0363_hp_preview.jpg
-8.051945 1.505622 -1.642408 255 68 68 R0 pano_camera1/frame_0364_hp_preview.jpg
-8.132823 1.508930 -1.587965 255 68 68 R0 pano_camera1/frame_0365_hp_preview.jpg
-8.178070 1.502901 -1.190053 255 68 68 R0 pano_camera1/frame_0366_hp_preview.jpg
-8.154920 1.499634 -1.130000 255 68 68 R0 pano_camera1/frame_0367_hp_preview.jpg
-8.015165 1.486304 -0.826966 255 68 68 R0 pano_camera1/frame_0368_hp_preview.jpg
-7.715936 1.482236 -0.205788 255 68 68 R0 pano_camera1/frame_0369_hp_preview.jpg
-7.727077 1.454690 -0.002340 255 68 68 R0 pano_camera1/frame_0370_hp_preview.jpg
-7.865296 1.487792 0.138091 255 68 68 R0 pano_camera1/frame_0371_hp_preview.jpg
-8.192727 1.487765 0.077916 255 68 68 R0 pano_camera1/frame_0372_hp_preview.jpg
-8.445057 1.500488 -0.175208 255 68 68 R0 pano_camera1/frame_0373_hp_preview.jpg
-9.054569 1.504244 -0.537451 255 68 68 R0 pano_camera1/frame_0374_hp_preview.jpg
-9.246577 1.515863 -0.548997 255 68 68 R0 pano_camera1/frame_0375_hp_preview.jpg
-9.469081 1.530070 -0.475187 255 68 68 R0 pano_camera1/frame_0376_hp_preview.jpg
-9.644641 1.538168 -0.382516 255 68 68 R0 pano_camera1/frame_0377_hp_preview.jpg
-10.147651 1.574275 0.005055 255 68 68 R0 pano_camera1/frame_0378_hp_preview.jpg
-10.264202 1.566266 0.153227 255 68 68 R0 pano_camera1/frame_0379_hp_preview.jpg
-10.381315 1.566182 0.380005 255 68 68 R0 pano_camera1/frame_0380_hp_preview.jpg
-10.444809 1.447656 0.401308 255 68 68 R0 pano_camera1/frame_0381_hp_preview.jpg
-10.471636 1.318899 0.553300 255 68 68 R0 pano_camera1/frame_0382_hp_preview.jpg
-10.422512 1.523793 0.818047 255 68 68 R0 pano_camera1/frame_0383_hp_preview.jpg
-10.392985 1.536963 0.816101 255 68 68 R0 pano_camera1/frame_0384_hp_preview.jpg
-10.232246 1.546738 1.013687 255 68 68 R0 pano_camera1/frame_0385_hp_preview.jpg
-9.915283 1.553340 1.455690 255 68 68 R0 pano_camera1/frame_0386_hp_preview.jpg
-9.790038 1.551386 1.674462 255 68 68 R0 pano_camera1/frame_0387_hp_preview.jpg
-9.337256 1.548551 2.317589 255 68 68 R0 pano_camera1/frame_0388_hp_preview.jpg
-9.015227 1.537091 2.705660 255 68 68 R0 pano_camera1/frame_0389_hp_preview.jpg
-8.869570 1.524897 2.848928 255 68 68 R0 pano_camera1/frame_0390_hp_preview.jpg
-8.455187 1.524745 3.039872 255 68 68 R0 pano_camera1/frame_0391_hp_preview.jpg
-8.370792 1.520067 2.995375 255 68 68 R0 pano_camera1/frame_0392_hp_preview.jpg
-8.411250 1.519812 2.806339 255 68 68 R0 pano_camera1/frame_0393_hp_preview.jpg
-8.582961 1.513175 2.663568 255 68 68 R0 pano_camera1/frame_0394_hp_preview.jpg
-8.878268 1.510591 2.434326 255 68 68 R0 pano_camera1/frame_0395_hp_preview.jpg
-9.088768 1.513282 2.108929 255 68 68 R0 pano_camera1/frame_0396_hp_preview.jpg
-8.890905 1.528206 1.684930 255 68 68 R0 pano_camera1/frame_0397_hp_preview.jpg
-8.754420 1.523245 1.582608 255 68 68 R0 pano_camera1/frame_0398_hp_preview.jpg
-8.276093 1.521298 1.563364 255 68 68 R0 pano_camera1/frame_0399_hp_preview.jpg
-7.899597 1.502082 1.917561 255 68 68 R0 pano_camera1/frame_0400_hp_preview.jpg
-7.624153 1.496778 2.217121 255 68 68 R0 pano_camera1/frame_0401_hp_preview.jpg
-7.603742 1.495640 2.235462 255 68 68 R0 pano_camera1/frame_0402_hp_preview.jpg
-7.347870 1.488496 2.523180 255 68 68 R0 pano_camera1/frame_0403_hp_preview.jpg
-6.827138 1.480388 2.516365 255 68 68 R0 pano_camera1/frame_0404_hp_preview.jpg
-6.798477 1.485972 2.486484 255 68 68 R0 pano_camera1/frame_0405_hp_preview.jpg
-6.644564 1.491830 2.028746 255 68 68 R0 pano_camera1/frame_0406_hp_preview.jpg
-6.908735 1.480543 1.668772 255 68 68 R0 pano_camera1/frame_0407_hp_preview.jpg
-7.053842 1.485627 1.485162 255 68 68 R0 pano_camera1/frame_0408_hp_preview.jpg
-7.165724 1.480087 1.353650 255 68 68 R0 pano_camera1/frame_0409_hp_preview.jpg
-7.275996 1.495399 1.008386 255 68 68 R0 pano_camera1/frame_0410_hp_preview.jpg
-6.953836 1.480067 0.471458 255 68 68 R0 pano_camera1/frame_0411_hp_preview.jpg
-6.892299 1.471010 0.413942 255 68 68 R0 pano_camera1/frame_0412_hp_preview.jpg
-6.760310 1.471893 0.231377 255 68 68 R0 pano_camera1/frame_0413_hp_preview.jpg
-6.781340 1.474433 0.226061 255 68 68 R0 pano_camera1/frame_0414_hp_preview.jpg
-6.782789 1.474791 0.227522 255 68 68 R0 pano_camera1/frame_0415_hp_preview.jpg
-6.779366 1.470174 0.226103 255 68 68 R0 pano_camera1/frame_0416_hp_preview.jpg
0.000000 0.000000 2.343401 255 68 68 R0 pano_camera2/frame_0140_hp_preview.jpg
0.127761 0.005893 2.470891 255 68 68 R0 pano_camera2/frame_0141_hp_preview.jpg
0.346065 0.002623 2.711520 255 68 68 R0 pano_camera2/frame_0142_hp_preview.jpg
0.502974 0.000991 2.810063 255 68 68 R0 pano_camera2/frame_0143_hp_preview.jpg
0.678739 0.015540 2.758182 255 68 68 R0 pano_camera2/frame_0144_hp_preview.jpg
0.737090 0.018654 2.581494 255 68 68 R0 pano_camera2/frame_0145_hp_preview.jpg
-0.124670 0.012572 2.770313 255 68 68 R0 pano_camera2/frame_0157_hp_preview.jpg
-0.262354 0.016634 2.856272 255 68 68 R0 pano_camera2/frame_0158_hp_preview.jpg
-0.311416 0.022625 2.953972 255 68 68 R0 pano_camera2/frame_0159_hp_preview.jpg
-0.560078 0.018756 3.562706 255 68 68 R0 pano_camera2/frame_0160_hp_preview.jpg
-0.767483 0.019702 3.824734 255 68 68 R0 pano_camera2/frame_0161_hp_preview.jpg
-1.068574 0.036567 4.113810 255 68 68 R0 pano_camera2/frame_0162_hp_preview.jpg
-1.275881 0.044868 4.273577 255 68 68 R0 pano_camera2/frame_0163_hp_preview.jpg
-1.500918 0.057022 4.415810 255 68 68 R0 pano_camera2/frame_0164_hp_preview.jpg
-1.898270 0.062840 4.402871 255 68 68 R0 pano_camera2/frame_0165_hp_preview.jpg
-2.059379 0.061956 4.269844 255 68 68 R0 pano_camera2/frame_0166_hp_preview.jpg
-2.306152 0.064967 3.910046 255 68 68 R0 pano_camera2/frame_0167_hp_preview.jpg
-2.254054 0.055954 3.523406 255 68 68 R0 pano_camera2/frame_0168_hp_preview.jpg
-2.164023 0.064813 3.407216 255 68 68 R0 pano_camera2/frame_0169_hp_preview.jpg
-1.628619 0.039325 2.875208 255 68 68 R0 pano_camera2/frame_0170_hp_preview.jpg
-1.555925 0.051705 2.805617 255 68 68 R0 pano_camera2/frame_0171_hp_preview.jpg
-1.216531 0.029524 2.480109 255 68 68 R0 pano_camera2/frame_0172_hp_preview.jpg
-1.139232 0.033650 2.099843 255 68 68 R0 pano_camera2/frame_0173_hp_preview.jpg
-1.343489 0.039625 1.764058 255 68 68 R0 pano_camera2/frame_0174_hp_preview.jpg
-1.352569 0.042647 1.758548 255 68 68 R0 pano_camera2/frame_0175_hp_preview.jpg
-1.783851 0.041097 1.664286 255 68 68 R0 pano_camera2/frame_0176_hp_preview.jpg
-2.027872 0.054168 1.712791 255 68 68 R0 pano_camera2/frame_0177_hp_preview.jpg
-2.489710 0.059054 1.730529 255 68 68 R0 pano_camera2/frame_0178_hp_preview.jpg
-2.811045 0.063821 1.482150 255 68 68 R0 pano_camera2/frame_0179_hp_preview.jpg
-2.853184 0.061475 1.288525 255 68 68 R0 pano_camera2/frame_0180_hp_preview.jpg
-2.721299 0.042578 1.050865 255 68 68 R0 pano_camera2/frame_0181_hp_preview.jpg
-2.526142 0.035930 0.889523 255 68 68 R0 pano_camera2/frame_0182_hp_preview.jpg
-2.301400 0.040123 0.570323 255 68 68 R0 pano_camera2/frame_0183_hp_preview.jpg
-2.453016 0.029724 0.421756 255 68 68 R0 pano_camera2/frame_0184_hp_preview.jpg
-2.606686 0.033477 0.470576 255 68 68 R0 pano_camera2/frame_0185_hp_preview.jpg
-2.799749 0.032787 0.614533 255 68 68 R0 pano_camera2/frame_0186_hp_preview.jpg
-2.998447 0.037709 0.750079 255 68 68 R0 pano_camera2/frame_0187_hp_preview.jpg
-3.298041 0.045684 0.854685 255 68 68 R0 pano_camera2/frame_0188_hp_preview.jpg
-3.601257 0.050376 0.766640 255 68 68 R0 pano_camera2/frame_0189_hp_preview.jpg
-3.632048 0.056282 0.747513 255 68 68 R0 pano_camera2/frame_0190_hp_preview.jpg
-3.799038 0.058890 0.532855 255 68 68 R0 pano_camera2/frame_0191_hp_preview.jpg
-3.800911 0.059050 0.172904 255 68 68 R0 pano_camera2/frame_0192_hp_preview.jpg
-3.669442 0.047692 -0.078137 255 68 68 R0 pano_camera2/frame_0193_hp_preview.jpg
-3.449269 0.032058 -0.360998 255 68 68 R0 pano_camera2/frame_0194_hp_preview.jpg
-3.310763 0.033236 -0.573882 255 68 68 R0 pano_camera2/frame_0195_hp_preview.jpg
-3.338865 0.019854 -0.778141 255 68 68 R0 pano_camera2/frame_0196_hp_preview.jpg
-3.538208 0.022125 -1.150226 255 68 68 R0 pano_camera2/frame_0197_hp_preview.jpg
-3.915358 0.040654 -1.630985 255 68 68 R0 pano_camera2/frame_0198_hp_preview.jpg
-4.025670 0.046948 -1.771715 255 68 68 R0 pano_camera2/frame_0199_hp_preview.jpg
-4.648176 0.085162 -2.339663 255 68 68 R0 pano_camera2/frame_0200_hp_preview.jpg
-4.639617 0.129478 -2.434131 255 68 68 R0 pano_camera2/frame_0201_hp_preview.jpg
-4.675514 0.061964 -1.197300 255 68 68 R0 pano_camera2/frame_0226_hp_preview.jpg
-5.281499 0.081925 0.075151 255 68 68 R0 pano_camera2/frame_0240_hp_preview.jpg
-5.266954 0.074577 0.140970 255 68 68 R0 pano_camera2/frame_0241_hp_preview.jpg
-5.370329 0.072442 0.418321 255 68 68 R0 pano_camera2/frame_0242_hp_preview.jpg
-5.252398 0.068856 0.580653 255 68 68 R0 pano_camera2/frame_0243_hp_preview.jpg
-5.039062 0.062700 0.565551 255 68 68 R0 pano_camera2/frame_0244_hp_preview.jpg
-4.935709 0.057573 0.583356 255 68 68 R0 pano_camera2/frame_0245_hp_preview.jpg
-4.664298 0.028147 0.646184 255 68 68 R0 pano_camera2/frame_0246_hp_preview.jpg
-4.536918 0.032600 0.571790 255 68 68 R0 pano_camera2/frame_0247_hp_preview.jpg
-4.221239 0.028061 0.644318 255 68 68 R0 pano_camera2/frame_0248_hp_preview.jpg
-4.185656 0.025576 0.664243 255 68 68 R0 pano_camera2/frame_0249_hp_preview.jpg
-3.558775 0.023151 1.131125 255 68 68 R0 pano_camera2/frame_0250_hp_preview.jpg
-3.548390 0.021609 1.140655 255 68 68 R0 pano_camera2/frame_0251_hp_preview.jpg
-3.244884 0.031192 1.562371 255 68 68 R0 pano_camera2/frame_0252_hp_preview.jpg
-3.096191 0.051215 2.101405 255 68 68 R0 pano_camera2/frame_0253_hp_preview.jpg
-3.367992 0.068919 2.426614 255 68 68 R0 pano_camera2/frame_0254_hp_preview.jpg
-3.410640 0.066340 2.432105 255 68 68 R0 pano_camera2/frame_0255_hp_preview.jpg
-3.842053 0.107590 2.075986 255 68 68 R0 pano_camera2/frame_0256_hp_preview.jpg
-3.971249 0.234061 1.901349 255 68 68 R0 pano_camera2/frame_0257_hp_preview.jpg
-4.020066 0.315466 1.834203 255 68 68 R0 pano_camera2/frame_0258_hp_preview.jpg
-4.097854 0.388958 1.710433 255 68 68 R0 pano_camera2/frame_0259_hp_preview.jpg
-4.277114 0.637504 1.436280 255 68 68 R0 pano_camera2/frame_0260_hp_preview.jpg
-4.279742 0.640201 1.429992 255 68 68 R0 pano_camera2/frame_0261_hp_preview.jpg
-4.490617 0.898140 1.165787 255 68 68 R0 pano_camera2/frame_0262_hp_preview.jpg
-4.501059 0.907531 1.159079 255 68 68 R0 pano_camera2/frame_0263_hp_preview.jpg
-4.605610 1.050798 1.020610 255 68 68 R0 pano_camera2/frame_0264_hp_preview.jpg
-4.766816 1.227890 0.813219 255 68 68 R0 pano_camera2/frame_0265_hp_preview.jpg
-4.812070 1.360665 0.586018 255 68 68 R0 pano_camera2/frame_0266_hp_preview.jpg
-4.798484 1.434485 0.376365 255 68 68 R0 pano_camera2/frame_0267_hp_preview.jpg
-4.596928 1.424548 0.144144 255 68 68 R0 pano_camera2/frame_0268_hp_preview.jpg
-4.223754 1.424747 -0.220767 255 68 68 R0 pano_camera2/frame_0269_hp_preview.jpg
-4.037447 1.439566 -0.375836 255 68 68 R0 pano_camera2/frame_0270_hp_preview.jpg
-3.669822 1.427466 -0.637379 255 68 68 R0 pano_camera2/frame_0271_hp_preview.jpg
-3.329324 1.425409 -0.886953 255 68 68 R0 pano_camera2/frame_0272_hp_preview.jpg
-3.146135 1.432494 -1.033637 255 68 68 R0 pano_camera2/frame_0273_hp_preview.jpg
-2.557956 1.417994 -1.480978 255 68 68 R0 pano_camera2/frame_0274_hp_preview.jpg
-2.499719 1.420799 -1.537402 255 68 68 R0 pano_camera2/frame_0275_hp_preview.jpg
-2.027981 1.416347 -1.910205 255 68 68 R0 pano_camera2/frame_0276_hp_preview.jpg
-1.889447 1.419430 -2.037445 255 68 68 R0 pano_camera2/frame_0277_hp_preview.jpg
-1.470993 1.429447 -2.444415 255 68 68 R0 pano_camera2/frame_0278_hp_preview.jpg
-1.233648 1.422878 -2.614466 255 68 68 R0 pano_camera2/frame_0279_hp_preview.jpg
-0.649317 1.418283 -3.115723 255 68 68 R0 pano_camera2/frame_0280_hp_preview.jpg
-0.536737 1.414300 -3.197741 255 68 68 R0 pano_camera2/frame_0281_hp_preview.jpg
-0.385244 1.407074 -3.351019 255 68 68 R0 pano_camera2/frame_0282_hp_preview.jpg
-0.307456 1.402981 -3.585692 255 68 68 R0 pano_camera2/frame_0283_hp_preview.jpg
-0.486499 1.394691 -3.972809 255 68 68 R0 pano_camera2/frame_0284_hp_preview.jpg
-0.523706 1.392646 -3.999270 255 68 68 R0 pano_camera2/frame_0285_hp_preview.jpg
-0.778917 1.394235 -4.204597 255 68 68 R0 pano_camera2/frame_0286_hp_preview.jpg
-0.979118 1.411449 -4.212352 255 68 68 R0 pano_camera2/frame_0287_hp_preview.jpg
-1.240202 1.424108 -4.227243 255 68 68 R0 pano_camera2/frame_0288_hp_preview.jpg
-1.395073 1.431397 -4.303098 255 68 68 R0 pano_camera2/frame_0289_hp_preview.jpg
-1.501382 1.429986 -4.557018 255 68 68 R0 pano_camera2/frame_0290_hp_preview.jpg
-1.598073 1.419180 -5.104948 255 68 68 R0 pano_camera2/frame_0291_hp_preview.jpg
-1.663208 1.418926 -5.317511 255 68 68 R0 pano_camera2/frame_0292_hp_preview.jpg
-1.705980 1.413616 -5.494733 255 68 68 R0 pano_camera2/frame_0293_hp_preview.jpg
-2.166427 1.403255 -5.939858 255 68 68 R0 pano_camera2/frame_0294_hp_preview.jpg
-2.216551 1.405076 -5.951916 255 68 68 R0 pano_camera2/frame_0295_hp_preview.jpg
-2.758252 1.406874 -5.759070 255 68 68 R0 pano_camera2/frame_0296_hp_preview.jpg
-2.857817 1.414819 -5.413187 255 68 68 R0 pano_camera2/frame_0297_hp_preview.jpg
-2.885242 1.404733 -5.103073 255 68 68 R0 pano_camera2/frame_0298_hp_preview.jpg
-2.896998 1.411660 -4.860958 255 68 68 R0 pano_camera2/frame_0299_hp_preview.jpg
-2.927742 1.418923 -4.398749 255 68 68 R0 pano_camera2/frame_0300_hp_preview.jpg
-2.930316 1.405266 -4.078772 255 68 68 R0 pano_camera2/frame_0301_hp_preview.jpg
-2.899770 1.401872 -3.757656 255 68 68 R0 pano_camera2/frame_0302_hp_preview.jpg
-2.785137 1.414961 -3.319754 255 68 68 R0 pano_camera2/frame_0303_hp_preview.jpg
-2.735448 1.410451 -3.095860 255 68 68 R0 pano_camera2/frame_0304_hp_preview.jpg
-2.671398 1.406015 -2.567484 255 68 68 R0 pano_camera2/frame_0305_hp_preview.jpg
-2.733401 1.399411 -2.041718 255 68 68 R0 pano_camera2/frame_0306_hp_preview.jpg
-2.832166 1.396149 -1.708325 255 68 68 R0 pano_camera2/frame_0307_hp_preview.jpg
-2.877625 1.402885 -1.631502 255 68 68 R0 pano_camera2/frame_0308_hp_preview.jpg
-3.261742 1.409936 -1.347039 255 68 68 R0 pano_camera2/frame_0309_hp_preview.jpg
-3.729823 1.427792 -1.353473 255 68 68 R0 pano_camera2/frame_0310_hp_preview.jpg
-3.960385 1.416978 -1.574459 255 68 68 R0 pano_camera2/frame_0311_hp_preview.jpg
-4.128569 1.429212 -1.989563 255 68 68 R0 pano_camera2/frame_0312_hp_preview.jpg
-4.196616 1.430101 -2.301038 255 68 68 R0 pano_camera2/frame_0313_hp_preview.jpg
-4.229892 1.429019 -2.582849 255 68 68 R0 pano_camera2/frame_0314_hp_preview.jpg
-4.329399 1.430465 -3.269538 255 68 68 R0 pano_camera2/frame_0315_hp_preview.jpg
-4.341275 1.434257 -3.319462 255 68 68 R0 pano_camera2/frame_0316_hp_preview.jpg
-4.456013 1.424831 -3.756129 255 68 68 R0 pano_camera2/frame_0317_hp_preview.jpg
-4.733557 1.417603 -4.149968 255 68 68 R0 pano_camera2/frame_0318_hp_preview.jpg
-4.860418 1.420117 -4.160091 255 68 68 R0 pano_camera2/frame_0319_hp_preview.jpg
-5.204661 1.445634 -4.063730 255 68 68 R0 pano_camera2/frame_0320_hp_preview.jpg
-5.728389 1.456382 -3.584243 255 68 68 R0 pano_camera2/frame_0321_hp_preview.jpg
-5.756549 1.456104 -3.551875 255 68 68 R0 pano_camera2/frame_0322_hp_preview.jpg
-5.872268 1.446056 -3.085604 255 68 68 R0 pano_camera2/frame_0323_hp_preview.jpg
-5.814695 1.456028 -2.609732 255 68 68 R0 pano_camera2/frame_0324_hp_preview.jpg
-5.821113 1.448689 -2.561348 255 68 68 R0 pano_camera2/frame_0325_hp_preview.jpg
-6.038513 1.447704 -2.111890 255 68 68 R0 pano_camera2/frame_0326_hp_preview.jpg
-6.303680 1.448310 -2.062078 255 68 68 R0 pano_camera2/frame_0327_hp_preview.jpg
-6.438129 1.458753 -2.101845 255 68 68 R0 pano_camera2/frame_0328_hp_preview.jpg
-6.631331 1.464549 -2.239411 255 68 68 R0 pano_camera2/frame_0329_hp_preview.jpg
-6.985016 1.473314 -2.370760 255 68 68 R0 pano_camera2/frame_0330_hp_preview.jpg
-7.101449 1.473312 -2.281120 255 68 68 R0 pano_camera2/frame_0331_hp_preview.jpg
-6.950098 1.462510 -1.880987 255 68 68 R0 pano_camera2/frame_0332_hp_preview.jpg
-6.778728 1.453302 -1.752377 255 68 68 R0 pano_camera2/frame_0333_hp_preview.jpg
-6.511900 1.448076 -1.470004 255 68 68 R0 pano_camera2/frame_0334_hp_preview.jpg
-6.409844 1.450298 -1.291863 255 68 68 R0 pano_camera2/frame_0335_hp_preview.jpg
-6.287094 1.440720 -1.098765 255 68 68 R0 pano_camera2/frame_0336_hp_preview.jpg
-6.060484 1.431460 -0.639499 255 68 68 R0 pano_camera2/frame_0337_hp_preview.jpg
-5.949976 1.434146 -0.408591 255 68 68 R0 pano_camera2/frame_0338_hp_preview.jpg
-5.711375 1.427912 0.204905 255 68 68 R0 pano_camera2/frame_0339_hp_preview.jpg
-5.615047 1.453874 0.609338 255 68 68 R0 pano_camera2/frame_0340_hp_preview.jpg
-5.582398 1.447731 0.716036 255 68 68 R0 pano_camera2/frame_0341_hp_preview.jpg
-5.454203 1.449302 1.020485 255 68 68 R0 pano_camera2/frame_0342_hp_preview.jpg
-5.220782 1.453371 1.369897 255 68 68 R0 pano_camera2/frame_0343_hp_preview.jpg
-5.264966 1.463158 1.717539 255 68 68 R0 pano_camera2/frame_0344_hp_preview.jpg
-5.516939 1.466904 1.634547 255 68 68 R0 pano_camera2/frame_0345_hp_preview.jpg
-5.714004 1.463689 1.450000 255 68 68 R0 pano_camera2/frame_0346_hp_preview.jpg
-5.815574 1.462958 1.242631 255 68 68 R0 pano_camera2/frame_0347_hp_preview.jpg
-5.940494 1.464197 1.012405 255 68 68 R0 pano_camera2/frame_0348_hp_preview.jpg
-6.237551 1.454903 0.467506 255 68 68 R0 pano_camera2/frame_0349_hp_preview.jpg
-6.434689 1.443099 0.259145 255 68 68 R0 pano_camera2/frame_0350_hp_preview.jpg
-6.589192 1.439712 0.111172 255 68 68 R0 pano_camera2/frame_0351_hp_preview.jpg
-7.030488 1.446635 -0.092409 255 68 68 R0 pano_camera2/frame_0352_hp_preview.jpg
-7.252179 1.462631 -0.124343 255 68 68 R0 pano_camera2/frame_0353_hp_preview.jpg
-7.612041 1.471659 -0.297271 255 68 68 R0 pano_camera2/frame_0354_hp_preview.jpg
-7.727212 1.484318 -0.474842 255 68 68 R0 pano_camera2/frame_0355_hp_preview.jpg
-7.648701 1.489696 -0.893678 255 68 68 R0 pano_camera2/frame_0356_hp_preview.jpg
-7.576138 1.473189 -1.184612 255 68 68 R0 pano_camera2/frame_0357_hp_preview.jpg
-7.532688 1.453689 -1.267478 255 68 68 R0 pano_camera2/frame_0358_hp_preview.jpg
-7.501295 1.444138 -1.290529 255 68 68 R0 pano_camera2/frame_0359_hp_preview.jpg
-7.548684 1.459743 -1.296555 255 68 68 R0 pano_camera2/frame_0360_hp_preview.jpg
-7.548815 1.458681 -1.300755 255 68 68 R0 pano_camera2/frame_0361_hp_preview.jpg
-7.658608 1.467158 -1.567292 255 68 68 R0 pano_camera2/frame_0362_hp_preview.jpg
-7.791464 1.473250 -1.625233 255 68 68 R0 pano_camera2/frame_0363_hp_preview.jpg
-8.051945 1.505622 -1.642408 255 68 68 R0 pano_camera2/frame_0364_hp_preview.jpg
-8.132823 1.508930 -1.587965 255 68 68 R0 pano_camera2/frame_0365_hp_preview.jpg
-8.178070 1.502901 -1.190053 255 68 68 R0 pano_camera2/frame_0366_hp_preview.jpg
-8.154920 1.499634 -1.130000 255 68 68 R0 pano_camera2/frame_0367_hp_preview.jpg
-8.015165 1.486304 -0.826966 255 68 68 R0 pano_camera2/frame_0368_hp_preview.jpg
-7.715936 1.482236 -0.205788 255 68 68 R0 pano_camera2/frame_0369_hp_preview.jpg
-7.727077 1.454690 -0.002340 255 68 68 R0 pano_camera2/frame_0370_hp_preview.jpg
-7.865296 1.487792 0.138091 255 68 68 R0 pano_camera2/frame_0371_hp_preview.jpg
-8.192727 1.487765 0.077916 255 68 68 R0 pano_camera2/frame_0372_hp_preview.jpg
-8.445057 1.500488 -0.175208 255 68 68 R0 pano_camera2/frame_0373_hp_preview.jpg
-9.054569 1.504244 -0.537451 255 68 68 R0 pano_camera2/frame_0374_hp_preview.jpg
-9.246577 1.515863 -0.548997 255 68 68 R0 pano_camera2/frame_0375_hp_preview.jpg
-9.469081 1.530070 -0.475187 255 68 68 R0 pano_camera2/frame_0376_hp_preview.jpg
-9.644641 1.538168 -0.382516 255 68 68 R0 pano_camera2/frame_0377_hp_preview.jpg
-10.147651 1.574275 0.005055 255 68 68 R0 pano_camera2/frame_0378_hp_preview.jpg
-10.264202 1.566266 0.153227 255 68 68 R0 pano_camera2/frame_0379_hp_preview.jpg
-10.381315 1.566182 0.380005 255 68 68 R0 pano_camera2/frame_0380_hp_preview.jpg
-10.444809 1.447656 0.401308 255 68 68 R0 pano_camera2/frame_0381_hp_preview.jpg
-10.471636 1.318899 0.553300 255 68 68 R0 pano_camera2/frame_0382_hp_preview.jpg
-10.422512 1.523793 0.818047 255 68 68 R0 pano_camera2/frame_0383_hp_preview.jpg
-10.392985 1.536963 0.816101 255 68 68 R0 pano_camera2/frame_0384_hp_preview.jpg
-10.232246 1.546738 1.013687 255 68 68 R0 pano_camera2/frame_0385_hp_preview.jpg
-9.915283 1.553340 1.455690 255 68 68 R0 pano_camera2/frame_0386_hp_preview.jpg
-9.790038 1.551386 1.674462 255 68 68 R0 pano_camera2/frame_0387_hp_preview.jpg
-9.337256 1.548551 2.317589 255 68 68 R0 pano_camera2/frame_0388_hp_preview.jpg
-9.015227 1.537091 2.705660 255 68 68 R0 pano_camera2/frame_0389_hp_preview.jpg
-8.869570 1.524897 2.848928 255 68 68 R0 pano_camera2/frame_0390_hp_preview.jpg
-8.455187 1.524745 3.039872 255 68 68 R0 pano_camera2/frame_0391_hp_preview.jpg
-8.370792 1.520067 2.995375 255 68 68 R0 pano_camera2/frame_0392_hp_preview.jpg
-8.411250 1.519812 2.806339 255 68 68 R0 pano_camera2/frame_0393_hp_preview.jpg
-8.582961 1.513175 2.663568 255 68 68 R0 pano_camera2/frame_0394_hp_preview.jpg
-8.878268 1.510591 2.434326 255 68 68 R0 pano_camera2/frame_0395_hp_preview.jpg
-9.088768 1.513282 2.108929 255 68 68 R0 pano_camera2/frame_0396_hp_preview.jpg
-8.890905 1.528206 1.684930 255 68 68 R0 pano_camera2/frame_0397_hp_preview.jpg
-8.754420 1.523245 1.582608 255 68 68 R0 pano_camera2/frame_0398_hp_preview.jpg
-8.276093 1.521298 1.563364 255 68 68 R0 pano_camera2/frame_0399_hp_preview.jpg
-7.899597 1.502082 1.917561 255 68 68 R0 pano_camera2/frame_0400_hp_preview.jpg
-7.624153 1.496778 2.217121 255 68 68 R0 pano_camera2/frame_0401_hp_preview.jpg
-7.603742 1.495640 2.235462 255 68 68 R0 pano_camera2/frame_0402_hp_preview.jpg
-7.347870 1.488496 2.523180 255 68 68 R0 pano_camera2/frame_0403_hp_preview.jpg
-6.827138 1.480388 2.516365 255 68 68 R0 pano_camera2/frame_0404_hp_preview.jpg
-6.798477 1.485972 2.486484 255 68 68 R0 pano_camera2/frame_0405_hp_preview.jpg
-6.644564 1.491830 2.028746 255 68 68 R0 pano_camera2/frame_0406_hp_preview.jpg
-6.908735 1.480543 1.668772 255 68 68 R0 pano_camera2/frame_0407_hp_preview.jpg
-7.053842 1.485627 1.485162 255 68 68 R0 pano_camera2/frame_0408_hp_preview.jpg
-7.165724 1.480087 1.353650 255 68 68 R0 pano_camera2/frame_0409_hp_preview.jpg
-7.275996 1.495399 1.008386 255 68 68 R0 pano_camera2/frame_0410_hp_preview.jpg
-6.953836 1.480067 0.471458 255 68 68 R0 pano_camera2/frame_0411_hp_preview.jpg
-6.892299 1.471010 0.413942 255 68 68 R0 pano_camera2/frame_0412_hp_preview.jpg
-6.760310 1.471893 0.231377 255 68 68 R0 pano_camera2/frame_0413_hp_preview.jpg
-6.781340 1.474433 0.226061 255 68 68 R0 pano_camera2/frame_0414_hp_preview.jpg
-6.782789 1.474791 0.227522 255 68 68 R0 pano_camera2/frame_0415_hp_preview.jpg
-6.779366 1.470174 0.226103 255 68 68 R0 pano_camera2/frame_0416_hp_preview.jpg
0.000000 -0.000000 2.343401 255 68 68 R0 pano_camera3/frame_0140_hp_preview.jpg
0.127761 0.005893 2.470891 255 68 68 R0 pano_camera3/frame_0141_hp_preview.jpg
0.346065 0.002623 2.711520 255 68 68 R0 pano_camera3/frame_0142_hp_preview.jpg
0.502974 0.000991 2.810063 255 68 68 R0 pano_camera3/frame_0143_hp_preview.jpg
0.678739 0.015540 2.758182 255 68 68 R0 pano_camera3/frame_0144_hp_preview.jpg
0.737090 0.018654 2.581494 255 68 68 R0 pano_camera3/frame_0145_hp_preview.jpg
-0.124670 0.012572 2.770313 255 68 68 R0 pano_camera3/frame_0157_hp_preview.jpg
-0.262354 0.016634 2.856272 255 68 68 R0 pano_camera3/frame_0158_hp_preview.jpg
-0.311416 0.022625 2.953972 255 68 68 R0 pano_camera3/frame_0159_hp_preview.jpg
-0.560078 0.018756 3.562706 255 68 68 R0 pano_camera3/frame_0160_hp_preview.jpg
-0.767483 0.019702 3.824734 255 68 68 R0 pano_camera3/frame_0161_hp_preview.jpg
-1.068574 0.036567 4.113810 255 68 68 R0 pano_camera3/frame_0162_hp_preview.jpg
-1.275881 0.044868 4.273577 255 68 68 R0 pano_camera3/frame_0163_hp_preview.jpg
-1.500918 0.057022 4.415810 255 68 68 R0 pano_camera3/frame_0164_hp_preview.jpg
-1.898270 0.062840 4.402871 255 68 68 R0 pano_camera3/frame_0165_hp_preview.jpg
-2.059379 0.061956 4.269844 255 68 68 R0 pano_camera3/frame_0166_hp_preview.jpg
-2.306152 0.064967 3.910046 255 68 68 R0 pano_camera3/frame_0167_hp_preview.jpg
-2.254054 0.055954 3.523406 255 68 68 R0 pano_camera3/frame_0168_hp_preview.jpg
-2.164023 0.064813 3.407216 255 68 68 R0 pano_camera3/frame_0169_hp_preview.jpg
-1.628619 0.039325 2.875208 255 68 68 R0 pano_camera3/frame_0170_hp_preview.jpg
-1.555925 0.051705 2.805617 255 68 68 R0 pano_camera3/frame_0171_hp_preview.jpg
-1.216531 0.029524 2.480109 255 68 68 R0 pano_camera3/frame_0172_hp_preview.jpg
-1.139232 0.033650 2.099843 255 68 68 R0 pano_camera3/frame_0173_hp_preview.jpg
-1.343489 0.039625 1.764058 255 68 68 R0 pano_camera3/frame_0174_hp_preview.jpg
-1.352569 0.042647 1.758548 255 68 68 R0 pano_camera3/frame_0175_hp_preview.jpg
-1.783851 0.041097 1.664286 255 68 68 R0 pano_camera3/frame_0176_hp_preview.jpg
-2.027872 0.054168 1.712791 255 68 68 R0 pano_camera3/frame_0177_hp_preview.jpg
-2.489710 0.059054 1.730529 255 68 68 R0 pano_camera3/frame_0178_hp_preview.jpg
-2.811045 0.063821 1.482150 255 68 68 R0 pano_camera3/frame_0179_hp_preview.jpg
-2.853184 0.061475 1.288525 255 68 68 R0 pano_camera3/frame_0180_hp_preview.jpg
-2.721299 0.042578 1.050865 255 68 68 R0 pano_camera3/frame_0181_hp_preview.jpg
-2.526142 0.035930 0.889523 255 68 68 R0 pano_camera3/frame_0182_hp_preview.jpg
-2.301400 0.040123 0.570323 255 68 68 R0 pano_camera3/frame_0183_hp_preview.jpg
-2.453016 0.029724 0.421756 255 68 68 R0 pano_camera3/frame_0184_hp_preview.jpg
-2.606686 0.033477 0.470576 255 68 68 R0 pano_camera3/frame_0185_hp_preview.jpg
-2.799749 0.032787 0.614533 255 68 68 R0 pano_camera3/frame_0186_hp_preview.jpg
-2.998447 0.037709 0.750079 255 68 68 R0 pano_camera3/frame_0187_hp_preview.jpg
-3.298041 0.045684 0.854685 255 68 68 R0 pano_camera3/frame_0188_hp_preview.jpg
-3.601257 0.050376 0.766640 255 68 68 R0 pano_camera3/frame_0189_hp_preview.jpg
-3.632048 0.056282 0.747513 255 68 68 R0 pano_camera3/frame_0190_hp_preview.jpg
-3.799038 0.058890 0.532855 255 68 68 R0 pano_camera3/frame_0191_hp_preview.jpg
-3.800911 0.059050 0.172904 255 68 68 R0 pano_camera3/frame_0192_hp_preview.jpg
-3.669442 0.047692 -0.078137 255 68 68 R0 pano_camera3/frame_0193_hp_preview.jpg
-3.449269 0.032058 -0.360998 255 68 68 R0 pano_camera3/frame_0194_hp_preview.jpg
-3.310763 0.033236 -0.573882 255 68 68 R0 pano_camera3/frame_0195_hp_preview.jpg
-3.338865 0.019854 -0.778141 255 68 68 R0 pano_camera3/frame_0196_hp_preview.jpg
-3.538208 0.022125 -1.150226 255 68 68 R0 pano_camera3/frame_0197_hp_preview.jpg
-3.915358 0.040654 -1.630985 255 68 68 R0 pano_camera3/frame_0198_hp_preview.jpg
-4.025670 0.046948 -1.771715 255 68 68 R0 pano_camera3/frame_0199_hp_preview.jpg
-4.648176 0.085162 -2.339663 255 68 68 R0 pano_camera3/frame_0200_hp_preview.jpg
-4.639617 0.129478 -2.434131 255 68 68 R0 pano_camera3/frame_0201_hp_preview.jpg
-4.675514 0.061964 -1.197300 255 68 68 R0 pano_camera3/frame_0226_hp_preview.jpg
-5.281499 0.081925 0.075151 255 68 68 R0 pano_camera3/frame_0240_hp_preview.jpg
-5.266954 0.074577 0.140970 255 68 68 R0 pano_camera3/frame_0241_hp_preview.jpg
-5.370329 0.072442 0.418321 255 68 68 R0 pano_camera3/frame_0242_hp_preview.jpg
-5.252398 0.068856 0.580653 255 68 68 R0 pano_camera3/frame_0243_hp_preview.jpg
-5.039062 0.062700 0.565551 255 68 68 R0 pano_camera3/frame_0244_hp_preview.jpg
-4.935709 0.057573 0.583356 255 68 68 R0 pano_camera3/frame_0245_hp_preview.jpg
-4.664298 0.028147 0.646184 255 68 68 R0 pano_camera3/frame_0246_hp_preview.jpg
-4.536918 0.032600 0.571790 255 68 68 R0 pano_camera3/frame_0247_hp_preview.jpg
-4.221239 0.028061 0.644318 255 68 68 R0 pano_camera3/frame_0248_hp_preview.jpg
-4.185656 0.025576 0.664243 255 68 68 R0 pano_camera3/frame_0249_hp_preview.jpg
-3.558775 0.023151 1.131125 255 68 68 R0 pano_camera3/frame_0250_hp_preview.jpg
-3.548390 0.021609 1.140655 255 68 68 R0 pano_camera3/frame_0251_hp_preview.jpg
-3.244884 0.031192 1.562371 255 68 68 R0 pano_camera3/frame_0252_hp_preview.jpg
-3.096191 0.051215 2.101405 255 68 68 R0 pano_camera3/frame_0253_hp_preview.jpg
-3.367992 0.068919 2.426614 255 68 68 R0 pano_camera3/frame_0254_hp_preview.jpg
-3.410640 0.066340 2.432105 255 68 68 R0 pano_camera3/frame_0255_hp_preview.jpg
-3.842053 0.107590 2.075986 255 68 68 R0 pano_camera3/frame_0256_hp_preview.jpg
-3.971249 0.234061 1.901349 255 68 68 R0 pano_camera3/frame_0257_hp_preview.jpg
-4.020066 0.315466 1.834203 255 68 68 R0 pano_camera3/frame_0258_hp_preview.jpg
-4.097854 0.388958 1.710433 255 68 68 R0 pano_camera3/frame_0259_hp_preview.jpg
-4.277114 0.637504 1.436280 255 68 68 R0 pano_camera3/frame_0260_hp_preview.jpg
-4.279742 0.640201 1.429992 255 68 68 R0 pano_camera3/frame_0261_hp_preview.jpg
-4.490617 0.898140 1.165787 255 68 68 R0 pano_camera3/frame_0262_hp_preview.jpg
-4.501059 0.907531 1.159079 255 68 68 R0 pano_camera3/frame_0263_hp_preview.jpg
-4.605610 1.050798 1.020610 255 68 68 R0 pano_camera3/frame_0264_hp_preview.jpg
-4.766816 1.227890 0.813219 255 68 68 R0 pano_camera3/frame_0265_hp_preview.jpg
-4.812070 1.360665 0.586018 255 68 68 R0 pano_camera3/frame_0266_hp_preview.jpg
-4.798484 1.434485 0.376365 255 68 68 R0 pano_camera3/frame_0267_hp_preview.jpg
-4.596928 1.424548 0.144144 255 68 68 R0 pano_camera3/frame_0268_hp_preview.jpg
-4.223754 1.424747 -0.220767 255 68 68 R0 pano_camera3/frame_0269_hp_preview.jpg
-4.037447 1.439566 -0.375836 255 68 68 R0 pano_camera3/frame_0270_hp_preview.jpg
-3.669822 1.427466 -0.637379 255 68 68 R0 pano_camera3/frame_0271_hp_preview.jpg
-3.329324 1.425409 -0.886953 255 68 68 R0 pano_camera3/frame_0272_hp_preview.jpg
-3.146135 1.432494 -1.033637 255 68 68 R0 pano_camera3/frame_0273_hp_preview.jpg
-2.557956 1.417994 -1.480978 255 68 68 R0 pano_camera3/frame_0274_hp_preview.jpg
-2.499719 1.420799 -1.537402 255 68 68 R0 pano_camera3/frame_0275_hp_preview.jpg
-2.027981 1.416347 -1.910205 255 68 68 R0 pano_camera3/frame_0276_hp_preview.jpg
-1.889447 1.419430 -2.037445 255 68 68 R0 pano_camera3/frame_0277_hp_preview.jpg
-1.470993 1.429447 -2.444415 255 68 68 R0 pano_camera3/frame_0278_hp_preview.jpg
-1.233648 1.422878 -2.614466 255 68 68 R0 pano_camera3/frame_0279_hp_preview.jpg
-0.649317 1.418283 -3.115723 255 68 68 R0 pano_camera3/frame_0280_hp_preview.jpg
-0.536737 1.414300 -3.197741 255 68 68 R0 pano_camera3/frame_0281_hp_preview.jpg
-0.385244 1.407074 -3.351019 255 68 68 R0 pano_camera3/frame_0282_hp_preview.jpg
-0.307456 1.402981 -3.585692 255 68 68 R0 pano_camera3/frame_0283_hp_preview.jpg
-0.486499 1.394691 -3.972809 255 68 68 R0 pano_camera3/frame_0284_hp_preview.jpg
-0.523706 1.392646 -3.999270 255 68 68 R0 pano_camera3/frame_0285_hp_preview.jpg
-0.778917 1.394235 -4.204597 255 68 68 R0 pano_camera3/frame_0286_hp_preview.jpg
-0.979118 1.411449 -4.212352 255 68 68 R0 pano_camera3/frame_0287_hp_preview.jpg
-1.240202 1.424108 -4.227243 255 68 68 R0 pano_camera3/frame_0288_hp_preview.jpg
-1.395073 1.431397 -4.303098 255 68 68 R0 pano_camera3/frame_0289_hp_preview.jpg
-1.501382 1.429986 -4.557018 255 68 68 R0 pano_camera3/frame_0290_hp_preview.jpg
-1.598073 1.419180 -5.104948 255 68 68 R0 pano_camera3/frame_0291_hp_preview.jpg
-1.663208 1.418926 -5.317511 255 68 68 R0 pano_camera3/frame_0292_hp_preview.jpg
-1.705980 1.413616 -5.494733 255 68 68 R0 pano_camera3/frame_0293_hp_preview.jpg
-2.166427 1.403255 -5.939858 255 68 68 R0 pano_camera3/frame_0294_hp_preview.jpg
-2.216551 1.405076 -5.951916 255 68 68 R0 pano_camera3/frame_0295_hp_preview.jpg
-2.758252 1.406874 -5.759070 255 68 68 R0 pano_camera3/frame_0296_hp_preview.jpg
-2.857817 1.414819 -5.413187 255 68 68 R0 pano_camera3/frame_0297_hp_preview.jpg
-2.885242 1.404733 -5.103073 255 68 68 R0 pano_camera3/frame_0298_hp_preview.jpg
-2.896998 1.411660 -4.860958 255 68 68 R0 pano_camera3/frame_0299_hp_preview.jpg
-2.927742 1.418923 -4.398749 255 68 68 R0 pano_camera3/frame_0300_hp_preview.jpg
-2.930316 1.405266 -4.078772 255 68 68 R0 pano_camera3/frame_0301_hp_preview.jpg
-2.899770 1.401872 -3.757656 255 68 68 R0 pano_camera3/frame_0302_hp_preview.jpg
-2.785137 1.414961 -3.319754 255 68 68 R0 pano_camera3/frame_0303_hp_preview.jpg
-2.735448 1.410451 -3.095860 255 68 68 R0 pano_camera3/frame_0304_hp_preview.jpg
-2.671398 1.406015 -2.567484 255 68 68 R0 pano_camera3/frame_0305_hp_preview.jpg
-2.733401 1.399411 -2.041718 255 68 68 R0 pano_camera3/frame_0306_hp_preview.jpg
-2.832166 1.396149 -1.708325 255 68 68 R0 pano_camera3/frame_0307_hp_preview.jpg
-2.877625 1.402885 -1.631502 255 68 68 R0 pano_camera3/frame_0308_hp_preview.jpg
-3.261742 1.409936 -1.347039 255 68 68 R0 pano_camera3/frame_0309_hp_preview.jpg
-3.729823 1.427792 -1.353473 255 68 68 R0 pano_camera3/frame_0310_hp_preview.jpg
-3.960385 1.416978 -1.574459 255 68 68 R0 pano_camera3/frame_0311_hp_preview.jpg
-4.128569 1.429212 -1.989563 255 68 68 R0 pano_camera3/frame_0312_hp_preview.jpg
-4.196616 1.430101 -2.301038 255 68 68 R0 pano_camera3/frame_0313_hp_preview.jpg
-4.229892 1.429019 -2.582849 255 68 68 R0 pano_camera3/frame_0314_hp_preview.jpg
-4.329399 1.430465 -3.269538 255 68 68 R0 pano_camera3/frame_0315_hp_preview.jpg
-4.341275 1.434257 -3.319462 255 68 68 R0 pano_camera3/frame_0316_hp_preview.jpg
-4.456013 1.424831 -3.756129 255 68 68 R0 pano_camera3/frame_0317_hp_preview.jpg
-4.733557 1.417603 -4.149968 255 68 68 R0 pano_camera3/frame_0318_hp_preview.jpg
-4.860418 1.420117 -4.160091 255 68 68 R0 pano_camera3/frame_0319_hp_preview.jpg
-5.204661 1.445634 -4.063730 255 68 68 R0 pano_camera3/frame_0320_hp_preview.jpg
-5.728389 1.456382 -3.584243 255 68 68 R0 pano_camera3/frame_0321_hp_preview.jpg
-5.756549 1.456104 -3.551875 255 68 68 R0 pano_camera3/frame_0322_hp_preview.jpg
-5.872268 1.446056 -3.085604 255 68 68 R0 pano_camera3/frame_0323_hp_preview.jpg
-5.814695 1.456028 -2.609732 255 68 68 R0 pano_camera3/frame_0324_hp_preview.jpg
-5.821113 1.448689 -2.561348 255 68 68 R0 pano_camera3/frame_0325_hp_preview.jpg
-6.038513 1.447704 -2.111890 255 68 68 R0 pano_camera3/frame_0326_hp_preview.jpg
-6.303680 1.448310 -2.062078 255 68 68 R0 pano_camera3/frame_0327_hp_preview.jpg
-6.438129 1.458753 -2.101845 255 68 68 R0 pano_camera3/frame_0328_hp_preview.jpg
-6.631331 1.464549 -2.239411 255 68 68 R0 pano_camera3/frame_0329_hp_preview.jpg
-6.985016 1.473314 -2.370760 255 68 68 R0 pano_camera3/frame_0330_hp_preview.jpg
-7.101449 1.473312 -2.281120 255 68 68 R0 pano_camera3/frame_0331_hp_preview.jpg
-6.950098 1.462510 -1.880987 255 68 68 R0 pano_camera3/frame_0332_hp_preview.jpg
-6.778728 1.453302 -1.752377 255 68 68 R0 pano_camera3/frame_0333_hp_preview.jpg
-6.511900 1.448076 -1.470004 255 68 68 R0 pano_camera3/frame_0334_hp_preview.jpg
-6.409844 1.450298 -1.291863 255 68 68 R0 pano_camera3/frame_0335_hp_preview.jpg
-6.287094 1.440720 -1.098765 255 68 68 R0 pano_camera3/frame_0336_hp_preview.jpg
-6.060484 1.431460 -0.639499 255 68 68 R0 pano_camera3/frame_0337_hp_preview.jpg
-5.949976 1.434146 -0.408591 255 68 68 R0 pano_camera3/frame_0338_hp_preview.jpg
-5.711375 1.427912 0.204905 255 68 68 R0 pano_camera3/frame_0339_hp_preview.jpg
-5.615047 1.453874 0.609338 255 68 68 R0 pano_camera3/frame_0340_hp_preview.jpg
-5.582398 1.447731 0.716036 255 68 68 R0 pano_camera3/frame_0341_hp_preview.jpg
-5.454203 1.449302 1.020485 255 68 68 R0 pano_camera3/frame_0342_hp_preview.jpg
-5.220782 1.453371 1.369897 255 68 68 R0 pano_camera3/frame_0343_hp_preview.jpg
-5.264966 1.463158 1.717539 255 68 68 R0 pano_camera3/frame_0344_hp_preview.jpg
-5.516939 1.466904 1.634547 255 68 68 R0 pano_camera3/frame_0345_hp_preview.jpg
-5.714004 1.463689 1.450000 255 68 68 R0 pano_camera3/frame_0346_hp_preview.jpg
-5.815574 1.462958 1.242631 255 68 68 R0 pano_camera3/frame_0347_hp_preview.jpg
-5.940494 1.464197 1.012405 255 68 68 R0 pano_camera3/frame_0348_hp_preview.jpg
-6.237551 1.454903 0.467506 255 68 68 R0 pano_camera3/frame_0349_hp_preview.jpg
-6.434689 1.443099 0.259145 255 68 68 R0 pano_camera3/frame_0350_hp_preview.jpg
-6.589192 1.439712 0.111172 255 68 68 R0 pano_camera3/frame_0351_hp_preview.jpg
-7.030488 1.446635 -0.092409 255 68 68 R0 pano_camera3/frame_0352_hp_preview.jpg
-7.252179 1.462631 -0.124343 255 68 68 R0 pano_camera3/frame_0353_hp_preview.jpg
-7.612041 1.471659 -0.297271 255 68 68 R0 pano_camera3/frame_0354_hp_preview.jpg
-7.727212 1.484318 -0.474842 255 68 68 R0 pano_camera3/frame_0355_hp_preview.jpg
-7.648701 1.489696 -0.893678 255 68 68 R0 pano_camera3/frame_0356_hp_preview.jpg
-7.576138 1.473189 -1.184612 255 68 68 R0 pano_camera3/frame_0357_hp_preview.jpg
-7.532688 1.453689 -1.267478 255 68 68 R0 pano_camera3/frame_0358_hp_preview.jpg
-7.501295 1.444138 -1.290529 255 68 68 R0 pano_camera3/frame_0359_hp_preview.jpg
-7.548684 1.459743 -1.296555 255 68 68 R0 pano_camera3/frame_0360_hp_preview.jpg
-7.548815 1.458681 -1.300755 255 68 68 R0 pano_camera3/frame_0361_hp_preview.jpg
-7.658608 1.467158 -1.567292 255 68 68 R0 pano_camera3/frame_0362_hp_preview.jpg
-7.791464 1.473250 -1.625233 255 68 68 R0 pano_camera3/frame_0363_hp_preview.jpg
-8.051945 1.505622 -1.642408 255 68 68 R0 pano_camera3/frame_0364_hp_preview.jpg
-8.132823 1.508930 -1.587965 255 68 68 R0 pano_camera3/frame_0365_hp_preview.jpg
-8.178070 1.502901 -1.190053 255 68 68 R0 pano_camera3/frame_0366_hp_preview.jpg
-8.154920 1.499634 -1.130000 255 68 68 R0 pano_camera3/frame_0367_hp_preview.jpg
-8.015165 1.486304 -0.826966 255 68 68 R0 pano_camera3/frame_0368_hp_preview.jpg
-7.715936 1.482236 -0.205788 255 68 68 R0 pano_camera3/frame_0369_hp_preview.jpg
-7.727077 1.454690 -0.002340 255 68 68 R0 pano_camera3/frame_0370_hp_preview.jpg
-7.865296 1.487792 0.138091 255 68 68 R0 pano_camera3/frame_0371_hp_preview.jpg
-8.192727 1.487765 0.077916 255 68 68 R0 pano_camera3/frame_0372_hp_preview.jpg
-8.445057 1.500488 -0.175208 255 68 68 R0 pano_camera3/frame_0373_hp_preview.jpg
-9.054569 1.504244 -0.537451 255 68 68 R0 pano_camera3/frame_0374_hp_preview.jpg
-9.246577 1.515863 -0.548997 255 68 68 R0 pano_camera3/frame_0375_hp_preview.jpg
-9.469081 1.530070 -0.475187 255 68 68 R0 pano_camera3/frame_0376_hp_preview.jpg
-9.644641 1.538168 -0.382516 255 68 68 R0 pano_camera3/frame_0377_hp_preview.jpg
-10.147651 1.574275 0.005055 255 68 68 R0 pano_camera3/frame_0378_hp_preview.jpg
-10.264202 1.566266 0.153227 255 68 68 R0 pano_camera3/frame_0379_hp_preview.jpg
-10.381315 1.566182 0.380005 255 68 68 R0 pano_camera3/frame_0380_hp_preview.jpg
-10.444809 1.447656 0.401308 255 68 68 R0 pano_camera3/frame_0381_hp_preview.jpg
-10.471636 1.318899 0.553300 255 68 68 R0 pano_camera3/frame_0382_hp_preview.jpg
-10.422512 1.523793 0.818047 255 68 68 R0 pano_camera3/frame_0383_hp_preview.jpg
-10.392985 1.536963 0.816101 255 68 68 R0 pano_camera3/frame_0384_hp_preview.jpg
-10.232246 1.546738 1.013687 255 68 68 R0 pano_camera3/frame_0385_hp_preview.jpg
-9.915283 1.553340 1.455690 255 68 68 R0 pano_camera3/frame_0386_hp_preview.jpg
-9.790038 1.551386 1.674462 255 68 68 R0 pano_camera3/frame_0387_hp_preview.jpg
-9.337256 1.548551 2.317589 255 68 68 R0 pano_camera3/frame_0388_hp_preview.jpg
-9.015227 1.537091 2.705660 255 68 68 R0 pano_camera3/frame_0389_hp_preview.jpg
-8.869570 1.524897 2.848928 255 68 68 R0 pano_camera3/frame_0390_hp_preview.jpg
-8.455187 1.524745 3.039872 255 68 68 R0 pano_camera3/frame_0391_hp_preview.jpg
-8.370792 1.520067 2.995375 255 68 68 R0 pano_camera3/frame_0392_hp_preview.jpg
-8.411250 1.519812 2.806339 255 68 68 R0 pano_camera3/frame_0393_hp_preview.jpg
-8.582961 1.513175 2.663568 255 68 68 R0 pano_camera3/frame_0394_hp_preview.jpg
-8.878268 1.510591 2.434326 255 68 68 R0 pano_camera3/frame_0395_hp_preview.jpg
-9.088768 1.513282 2.108929 255 68 68 R0 pano_camera3/frame_0396_hp_preview.jpg
-8.890905 1.528206 1.684930 255 68 68 R0 pano_camera3/frame_0397_hp_preview.jpg
-8.754420 1.523245 1.582608 255 68 68 R0 pano_camera3/frame_0398_hp_preview.jpg
-8.276093 1.521298 1.563364 255 68 68 R0 pano_camera3/frame_0399_hp_preview.jpg
-7.899597 1.502082 1.917561 255 68 68 R0 pano_camera3/frame_0400_hp_preview.jpg
-7.624153 1.496778 2.217121 255 68 68 R0 pano_camera3/frame_0401_hp_preview.jpg
-7.603742 1.495640 2.235462 255 68 68 R0 pano_camera3/frame_0402_hp_preview.jpg
-7.347870 1.488496 2.523180 255 68 68 R0 pano_camera3/frame_0403_hp_preview.jpg
-6.827138 1.480388 2.516365 255 68 68 R0 pano_camera3/frame_0404_hp_preview.jpg
-6.798477 1.485972 2.486484 255 68 68 R0 pano_camera3/frame_0405_hp_preview.jpg
-6.644564 1.491830 2.028746 255 68 68 R0 pano_camera3/frame_0406_hp_preview.jpg
-6.908735 1.480543 1.668772 255 68 68 R0 pano_camera3/frame_0407_hp_preview.jpg
-7.053842 1.485627 1.485162 255 68 68 R0 pano_camera3/frame_0408_hp_preview.jpg
-7.165724 1.480087 1.353650 255 68 68 R0 pano_camera3/frame_0409_hp_preview.jpg
-7.275996 1.495399 1.008386 255 68 68 R0 pano_camera3/frame_0410_hp_preview.jpg
-6.953836 1.480067 0.471458 255 68 68 R0 pano_camera3/frame_0411_hp_preview.jpg
-6.892299 1.471010 0.413942 255 68 68 R0 pano_camera3/frame_0412_hp_preview.jpg
-6.760310 1.471893 0.231377 255 68 68 R0 pano_camera3/frame_0413_hp_preview.jpg
-6.781340 1.474433 0.226061 255 68 68 R0 pano_camera3/frame_0414_hp_preview.jpg
-6.782789 1.474791 0.227522 255 68 68 R0 pano_camera3/frame_0415_hp_preview.jpg
-6.779366 1.470174 0.226103 255 68 68 R0 pano_camera3/frame_0416_hp_preview.jpg
0.000000 -0.000000 2.343401 255 68 68 R0 pano_camera4/frame_0140_hp_preview.jpg
0.127761 0.005893 2.470891 255 68 68 R0 pano_camera4/frame_0141_hp_preview.jpg
0.346065 0.002623 2.711520 255 68 68 R0 pano_camera4/frame_0142_hp_preview.jpg
0.502974 0.000991 2.810063 255 68 68 R0 pano_camera4/frame_0143_hp_preview.jpg
0.678739 0.015540 2.758182 255 68 68 R0 pano_camera4/frame_0144_hp_preview.jpg
0.737090 0.018654 2.581494 255 68 68 R0 pano_camera4/frame_0145_hp_preview.jpg
-0.124670 0.012572 2.770313 255 68 68 R0 pano_camera4/frame_0157_hp_preview.jpg
-0.262354 0.016634 2.856272 255 68 68 R0 pano_camera4/frame_0158_hp_preview.jpg
-0.311416 0.022625 2.953972 255 68 68 R0 pano_camera4/frame_0159_hp_preview.jpg
-0.560078 0.018756 3.562706 255 68 68 R0 pano_camera4/frame_0160_hp_preview.jpg
-0.767483 0.019702 3.824734 255 68 68 R0 pano_camera4/frame_0161_hp_preview.jpg
-1.068574 0.036567 4.113810 255 68 68 R0 pano_camera4/frame_0162_hp_preview.jpg
-1.275881 0.044868 4.273577 255 68 68 R0 pano_camera4/frame_0163_hp_preview.jpg
-1.500918 0.057022 4.415810 255 68 68 R0 pano_camera4/frame_0164_hp_preview.jpg
-1.898270 0.062840 4.402871 255 68 68 R0 pano_camera4/frame_0165_hp_preview.jpg
-2.059379 0.061956 4.269844 255 68 68 R0 pano_camera4/frame_0166_hp_preview.jpg
-2.306152 0.064967 3.910046 255 68 68 R0 pano_camera4/frame_0167_hp_preview.jpg
-2.254054 0.055954 3.523406 255 68 68 R0 pano_camera4/frame_0168_hp_preview.jpg
-2.164023 0.064813 3.407216 255 68 68 R0 pano_camera4/frame_0169_hp_preview.jpg
-1.628619 0.039325 2.875208 255 68 68 R0 pano_camera4/frame_0170_hp_preview.jpg
-1.555925 0.051705 2.805617 255 68 68 R0 pano_camera4/frame_0171_hp_preview.jpg
-1.216531 0.029524 2.480109 255 68 68 R0 pano_camera4/frame_0172_hp_preview.jpg
-1.139232 0.033650 2.099843 255 68 68 R0 pano_camera4/frame_0173_hp_preview.jpg
-1.343489 0.039625 1.764058 255 68 68 R0 pano_camera4/frame_0174_hp_preview.jpg
-1.352569 0.042647 1.758548 255 68 68 R0 pano_camera4/frame_0175_hp_preview.jpg
-1.783851 0.041097 1.664286 255 68 68 R0 pano_camera4/frame_0176_hp_preview.jpg
-2.027872 0.054168 1.712791 255 68 68 R0 pano_camera4/frame_0177_hp_preview.jpg
-2.489710 0.059054 1.730529 255 68 68 R0 pano_camera4/frame_0178_hp_preview.jpg
-2.811045 0.063821 1.482150 255 68 68 R0 pano_camera4/frame_0179_hp_preview.jpg
-2.853184 0.061475 1.288525 255 68 68 R0 pano_camera4/frame_0180_hp_preview.jpg
-2.721299 0.042578 1.050865 255 68 68 R0 pano_camera4/frame_0181_hp_preview.jpg
-2.526142 0.035930 0.889523 255 68 68 R0 pano_camera4/frame_0182_hp_preview.jpg
-2.301400 0.040123 0.570323 255 68 68 R0 pano_camera4/frame_0183_hp_preview.jpg
-2.453016 0.029724 0.421756 255 68 68 R0 pano_camera4/frame_0184_hp_preview.jpg
-2.606686 0.033477 0.470576 255 68 68 R0 pano_camera4/frame_0185_hp_preview.jpg
-2.799749 0.032787 0.614533 255 68 68 R0 pano_camera4/frame_0186_hp_preview.jpg
-2.998447 0.037709 0.750079 255 68 68 R0 pano_camera4/frame_0187_hp_preview.jpg
-3.298041 0.045684 0.854685 255 68 68 R0 pano_camera4/frame_0188_hp_preview.jpg
-3.601257 0.050376 0.766640 255 68 68 R0 pano_camera4/frame_0189_hp_preview.jpg
-3.632048 0.056282 0.747513 255 68 68 R0 pano_camera4/frame_0190_hp_preview.jpg
-3.799038 0.058890 0.532855 255 68 68 R0 pano_camera4/frame_0191_hp_preview.jpg
-3.800911 0.059050 0.172904 255 68 68 R0 pano_camera4/frame_0192_hp_preview.jpg
-3.669442 0.047692 -0.078137 255 68 68 R0 pano_camera4/frame_0193_hp_preview.jpg
-3.449269 0.032058 -0.360998 255 68 68 R0 pano_camera4/frame_0194_hp_preview.jpg
-3.310763 0.033236 -0.573882 255 68 68 R0 pano_camera4/frame_0195_hp_preview.jpg
-3.338865 0.019854 -0.778141 255 68 68 R0 pano_camera4/frame_0196_hp_preview.jpg
-3.538208 0.022125 -1.150226 255 68 68 R0 pano_camera4/frame_0197_hp_preview.jpg
-3.915358 0.040654 -1.630985 255 68 68 R0 pano_camera4/frame_0198_hp_preview.jpg
-4.025670 0.046948 -1.771715 255 68 68 R0 pano_camera4/frame_0199_hp_preview.jpg
-4.648176 0.085162 -2.339663 255 68 68 R0 pano_camera4/frame_0200_hp_preview.jpg
-4.639617 0.129478 -2.434131 255 68 68 R0 pano_camera4/frame_0201_hp_preview.jpg
-4.675514 0.061964 -1.197300 255 68 68 R0 pano_camera4/frame_0226_hp_preview.jpg
-5.281499 0.081925 0.075151 255 68 68 R0 pano_camera4/frame_0240_hp_preview.jpg
-5.266954 0.074577 0.140970 255 68 68 R0 pano_camera4/frame_0241_hp_preview.jpg
-5.370329 0.072442 0.418321 255 68 68 R0 pano_camera4/frame_0242_hp_preview.jpg
-5.252398 0.068856 0.580653 255 68 68 R0 pano_camera4/frame_0243_hp_preview.jpg
-5.039062 0.062700 0.565551 255 68 68 R0 pano_camera4/frame_0244_hp_preview.jpg
-4.935709 0.057573 0.583356 255 68 68 R0 pano_camera4/frame_0245_hp_preview.jpg
-4.664298 0.028147 0.646184 255 68 68 R0 pano_camera4/frame_0246_hp_preview.jpg
-4.536918 0.032600 0.571790 255 68 68 R0 pano_camera4/frame_0247_hp_preview.jpg
-4.221239 0.028061 0.644318 255 68 68 R0 pano_camera4/frame_0248_hp_preview.jpg
-4.185656 0.025576 0.664243 255 68 68 R0 pano_camera4/frame_0249_hp_preview.jpg
-3.558775 0.023151 1.131125 255 68 68 R0 pano_camera4/frame_0250_hp_preview.jpg
-3.548390 0.021609 1.140655 255 68 68 R0 pano_camera4/frame_0251_hp_preview.jpg
-3.244884 0.031192 1.562371 255 68 68 R0 pano_camera4/frame_0252_hp_preview.jpg
-3.096191 0.051215 2.101405 255 68 68 R0 pano_camera4/frame_0253_hp_preview.jpg
-3.367992 0.068919 2.426614 255 68 68 R0 pano_camera4/frame_0254_hp_preview.jpg
-3.410640 0.066340 2.432105 255 68 68 R0 pano_camera4/frame_0255_hp_preview.jpg
-3.842053 0.107590 2.075986 255 68 68 R0 pano_camera4/frame_0256_hp_preview.jpg
-3.971249 0.234061 1.901349 255 68 68 R0 pano_camera4/frame_0257_hp_preview.jpg
-4.020066 0.315466 1.834203 255 68 68 R0 pano_camera4/frame_0258_hp_preview.jpg
-4.097854 0.388958 1.710433 255 68 68 R0 pano_camera4/frame_0259_hp_preview.jpg
-4.277114 0.637504 1.436280 255 68 68 R0 pano_camera4/frame_0260_hp_preview.jpg
-4.279742 0.640201 1.429992 255 68 68 R0 pano_camera4/frame_0261_hp_preview.jpg
-4.490617 0.898140 1.165787 255 68 68 R0 pano_camera4/frame_0262_hp_preview.jpg
-4.501059 0.907531 1.159079 255 68 68 R0 pano_camera4/frame_0263_hp_preview.jpg
-4.605610 1.050798 1.020610 255 68 68 R0 pano_camera4/frame_0264_hp_preview.jpg
-4.766816 1.227890 0.813219 255 68 68 R0 pano_camera4/frame_0265_hp_preview.jpg
-4.812070 1.360665 0.586018 255 68 68 R0 pano_camera4/frame_0266_hp_preview.jpg
-4.798484 1.434485 0.376365 255 68 68 R0 pano_camera4/frame_0267_hp_preview.jpg
-4.596928 1.424548 0.144144 255 68 68 R0 pano_camera4/frame_0268_hp_preview.jpg
-4.223754 1.424747 -0.220767 255 68 68 R0 pano_camera4/frame_0269_hp_preview.jpg
-4.037447 1.439566 -0.375836 255 68 68 R0 pano_camera4/frame_0270_hp_preview.jpg
-3.669822 1.427466 -0.637379 255 68 68 R0 pano_camera4/frame_0271_hp_preview.jpg
-3.329324 1.425409 -0.886953 255 68 68 R0 pano_camera4/frame_0272_hp_preview.jpg
-3.146135 1.432494 -1.033637 255 68 68 R0 pano_camera4/frame_0273_hp_preview.jpg
-2.557956 1.417994 -1.480978 255 68 68 R0 pano_camera4/frame_0274_hp_preview.jpg
-2.499719 1.420799 -1.537402 255 68 68 R0 pano_camera4/frame_0275_hp_preview.jpg
-2.027981 1.416347 -1.910205 255 68 68 R0 pano_camera4/frame_0276_hp_preview.jpg
-1.889447 1.419430 -2.037445 255 68 68 R0 pano_camera4/frame_0277_hp_preview.jpg
-1.470993 1.429447 -2.444415 255 68 68 R0 pano_camera4/frame_0278_hp_preview.jpg
-1.233648 1.422878 -2.614466 255 68 68 R0 pano_camera4/frame_0279_hp_preview.jpg
-0.649317 1.418283 -3.115723 255 68 68 R0 pano_camera4/frame_0280_hp_preview.jpg
-0.536737 1.414300 -3.197741 255 68 68 R0 pano_camera4/frame_0281_hp_preview.jpg
-0.385244 1.407074 -3.351019 255 68 68 R0 pano_camera4/frame_0282_hp_preview.jpg
-0.307456 1.402981 -3.585692 255 68 68 R0 pano_camera4/frame_0283_hp_preview.jpg
-0.486499 1.394691 -3.972809 255 68 68 R0 pano_camera4/frame_0284_hp_preview.jpg
-0.523706 1.392646 -3.999270 255 68 68 R0 pano_camera4/frame_0285_hp_preview.jpg
-0.778917 1.394235 -4.204597 255 68 68 R0 pano_camera4/frame_0286_hp_preview.jpg
-0.979118 1.411449 -4.212352 255 68 68 R0 pano_camera4/frame_0287_hp_preview.jpg
-1.240202 1.424108 -4.227243 255 68 68 R0 pano_camera4/frame_0288_hp_preview.jpg
-1.395073 1.431397 -4.303098 255 68 68 R0 pano_camera4/frame_0289_hp_preview.jpg
-1.501382 1.429986 -4.557018 255 68 68 R0 pano_camera4/frame_0290_hp_preview.jpg
-1.598073 1.419180 -5.104948 255 68 68 R0 pano_camera4/frame_0291_hp_preview.jpg
-1.663208 1.418926 -5.317511 255 68 68 R0 pano_camera4/frame_0292_hp_preview.jpg
-1.705980 1.413616 -5.494733 255 68 68 R0 pano_camera4/frame_0293_hp_preview.jpg
-2.166427 1.403255 -5.939858 255 68 68 R0 pano_camera4/frame_0294_hp_preview.jpg
-2.216551 1.405076 -5.951916 255 68 68 R0 pano_camera4/frame_0295_hp_preview.jpg
-2.758252 1.406874 -5.759070 255 68 68 R0 pano_camera4/frame_0296_hp_preview.jpg
-2.857817 1.414819 -5.413187 255 68 68 R0 pano_camera4/frame_0297_hp_preview.jpg
-2.885242 1.404733 -5.103073 255 68 68 R0 pano_camera4/frame_0298_hp_preview.jpg
-2.896998 1.411660 -4.860958 255 68 68 R0 pano_camera4/frame_0299_hp_preview.jpg
-2.927742 1.418923 -4.398749 255 68 68 R0 pano_camera4/frame_0300_hp_preview.jpg
-2.930316 1.405266 -4.078772 255 68 68 R0 pano_camera4/frame_0301_hp_preview.jpg
-2.899770 1.401872 -3.757656 255 68 68 R0 pano_camera4/frame_0302_hp_preview.jpg
-2.785137 1.414961 -3.319754 255 68 68 R0 pano_camera4/frame_0303_hp_preview.jpg
-2.735448 1.410451 -3.095860 255 68 68 R0 pano_camera4/frame_0304_hp_preview.jpg
-2.671398 1.406015 -2.567484 255 68 68 R0 pano_camera4/frame_0305_hp_preview.jpg
-2.733401 1.399411 -2.041718 255 68 68 R0 pano_camera4/frame_0306_hp_preview.jpg
-2.832166 1.396149 -1.708325 255 68 68 R0 pano_camera4/frame_0307_hp_preview.jpg
-2.877625 1.402885 -1.631502 255 68 68 R0 pano_camera4/frame_0308_hp_preview.jpg
-3.261742 1.409936 -1.347039 255 68 68 R0 pano_camera4/frame_0309_hp_preview.jpg
-3.729823 1.427792 -1.353473 255 68 68 R0 pano_camera4/frame_0310_hp_preview.jpg
-3.960385 1.416978 -1.574459 255 68 68 R0 pano_camera4/frame_0311_hp_preview.jpg
-4.128569 1.429212 -1.989563 255 68 68 R0 pano_camera4/frame_0312_hp_preview.jpg
-4.196616 1.430101 -2.301038 255 68 68 R0 pano_camera4/frame_0313_hp_preview.jpg
-4.229892 1.429019 -2.582849 255 68 68 R0 pano_camera4/frame_0314_hp_preview.jpg
-4.329399 1.430465 -3.269538 255 68 68 R0 pano_camera4/frame_0315_hp_preview.jpg
-4.341275 1.434257 -3.319462 255 68 68 R0 pano_camera4/frame_0316_hp_preview.jpg
-4.456013 1.424831 -3.756129 255 68 68 R0 pano_camera4/frame_0317_hp_preview.jpg
-4.733557 1.417603 -4.149968 255 68 68 R0 pano_camera4/frame_0318_hp_preview.jpg
-4.860418 1.420117 -4.160091 255 68 68 R0 pano_camera4/frame_0319_hp_preview.jpg
-5.204661 1.445634 -4.063730 255 68 68 R0 pano_camera4/frame_0320_hp_preview.jpg
-5.728389 1.456382 -3.584243 255 68 68 R0 pano_camera4/frame_0321_hp_preview.jpg
-5.756549 1.456104 -3.551875 255 68 68 R0 pano_camera4/frame_0322_hp_preview.jpg
-5.872268 1.446056 -3.085604 255 68 68 R0 pano_camera4/frame_0323_hp_preview.jpg
-5.814695 1.456028 -2.609732 255 68 68 R0 pano_camera4/frame_0324_hp_preview.jpg
-5.821113 1.448689 -2.561348 255 68 68 R0 pano_camera4/frame_0325_hp_preview.jpg
-6.038513 1.447704 -2.111890 255 68 68 R0 pano_camera4/frame_0326_hp_preview.jpg
-6.303680 1.448310 -2.062078 255 68 68 R0 pano_camera4/frame_0327_hp_preview.jpg
-6.438129 1.458753 -2.101845 255 68 68 R0 pano_camera4/frame_0328_hp_preview.jpg
-6.631331 1.464549 -2.239411 255 68 68 R0 pano_camera4/frame_0329_hp_preview.jpg
-6.985016 1.473314 -2.370760 255 68 68 R0 pano_camera4/frame_0330_hp_preview.jpg
-7.101449 1.473312 -2.281120 255 68 68 R0 pano_camera4/frame_0331_hp_preview.jpg
-6.950098 1.462510 -1.880987 255 68 68 R0 pano_camera4/frame_0332_hp_preview.jpg
-6.778728 1.453302 -1.752377 255 68 68 R0 pano_camera4/frame_0333_hp_preview.jpg
-6.511900 1.448076 -1.470004 255 68 68 R0 pano_camera4/frame_0334_hp_preview.jpg
-6.409844 1.450298 -1.291863 255 68 68 R0 pano_camera4/frame_0335_hp_preview.jpg
-6.287094 1.440720 -1.098765 255 68 68 R0 pano_camera4/frame_0336_hp_preview.jpg
-6.060484 1.431460 -0.639499 255 68 68 R0 pano_camera4/frame_0337_hp_preview.jpg
-5.949976 1.434146 -0.408591 255 68 68 R0 pano_camera4/frame_0338_hp_preview.jpg
-5.711375 1.427912 0.204905 255 68 68 R0 pano_camera4/frame_0339_hp_preview.jpg
-5.615047 1.453874 0.609338 255 68 68 R0 pano_camera4/frame_0340_hp_preview.jpg
-5.582398 1.447731 0.716036 255 68 68 R0 pano_camera4/frame_0341_hp_preview.jpg
-5.454203 1.449302 1.020485 255 68 68 R0 pano_camera4/frame_0342_hp_preview.jpg
-5.220782 1.453371 1.369897 255 68 68 R0 pano_camera4/frame_0343_hp_preview.jpg
-5.264966 1.463158 1.717539 255 68 68 R0 pano_camera4/frame_0344_hp_preview.jpg
-5.516939 1.466904 1.634547 255 68 68 R0 pano_camera4/frame_0345_hp_preview.jpg
-5.714004 1.463689 1.450000 255 68 68 R0 pano_camera4/frame_0346_hp_preview.jpg
-5.815574 1.462958 1.242631 255 68 68 R0 pano_camera4/frame_0347_hp_preview.jpg
-5.940494 1.464197 1.012405 255 68 68 R0 pano_camera4/frame_0348_hp_preview.jpg
-6.237551 1.454903 0.467506 255 68 68 R0 pano_camera4/frame_0349_hp_preview.jpg
-6.434689 1.443099 0.259145 255 68 68 R0 pano_camera4/frame_0350_hp_preview.jpg
-6.589192 1.439712 0.111172 255 68 68 R0 pano_camera4/frame_0351_hp_preview.jpg
-7.030488 1.446635 -0.092409 255 68 68 R0 pano_camera4/frame_0352_hp_preview.jpg
-7.252179 1.462631 -0.124343 255 68 68 R0 pano_camera4/frame_0353_hp_preview.jpg
-7.612041 1.471659 -0.297271 255 68 68 R0 pano_camera4/frame_0354_hp_preview.jpg
-7.727212 1.484318 -0.474842 255 68 68 R0 pano_camera4/frame_0355_hp_preview.jpg
-7.648701 1.489696 -0.893678 255 68 68 R0 pano_camera4/frame_0356_hp_preview.jpg
-7.576138 1.473189 -1.184612 255 68 68 R0 pano_camera4/frame_0357_hp_preview.jpg
-7.532688 1.453689 -1.267478 255 68 68 R0 pano_camera4/frame_0358_hp_preview.jpg
-7.501295 1.444138 -1.290529 255 68 68 R0 pano_camera4/frame_0359_hp_preview.jpg
-7.548684 1.459743 -1.296555 255 68 68 R0 pano_camera4/frame_0360_hp_preview.jpg
-7.548815 1.458681 -1.300755 255 68 68 R0 pano_camera4/frame_0361_hp_preview.jpg
-7.658608 1.467158 -1.567292 255 68 68 R0 pano_camera4/frame_0362_hp_preview.jpg
-7.791464 1.473250 -1.625233 255 68 68 R0 pano_camera4/frame_0363_hp_preview.jpg
-8.051945 1.505622 -1.642408 255 68 68 R0 pano_camera4/frame_0364_hp_preview.jpg
-8.132823 1.508930 -1.587965 255 68 68 R0 pano_camera4/frame_0365_hp_preview.jpg
-8.178070 1.502901 -1.190053 255 68 68 R0 pano_camera4/frame_0366_hp_preview.jpg
-8.154920 1.499634 -1.130000 255 68 68 R0 pano_camera4/frame_0367_hp_preview.jpg
-8.015165 1.486304 -0.826966 255 68 68 R0 pano_camera4/frame_0368_hp_preview.jpg
-7.715936 1.482236 -0.205788 255 68 68 R0 pano_camera4/frame_0369_hp_preview.jpg
-7.727077 1.454690 -0.002340 255 68 68 R0 pano_camera4/frame_0370_hp_preview.jpg
-7.865296 1.487792 0.138091 255 68 68 R0 pano_camera4/frame_0371_hp_preview.jpg
-8.192727 1.487765 0.077916 255 68 68 R0 pano_camera4/frame_0372_hp_preview.jpg
-8.445057 1.500488 -0.175208 255 68 68 R0 pano_camera4/frame_0373_hp_preview.jpg
-9.054569 1.504244 -0.537451 255 68 68 R0 pano_camera4/frame_0374_hp_preview.jpg
-9.246577 1.515863 -0.548997 255 68 68 R0 pano_camera4/frame_0375_hp_preview.jpg
-9.469081 1.530070 -0.475187 255 68 68 R0 pano_camera4/frame_0376_hp_preview.jpg
-9.644641 1.538168 -0.382516 255 68 68 R0 pano_camera4/frame_0377_hp_preview.jpg
-10.147651 1.574275 0.005055 255 68 68 R0 pano_camera4/frame_0378_hp_preview.jpg
-10.264202 1.566266 0.153227 255 68 68 R0 pano_camera4/frame_0379_hp_preview.jpg
-10.381315 1.566182 0.380005 255 68 68 R0 pano_camera4/frame_0380_hp_preview.jpg
-10.444809 1.447656 0.401308 255 68 68 R0 pano_camera4/frame_0381_hp_preview.jpg
-10.471636 1.318899 0.553300 255 68 68 R0 pano_camera4/frame_0382_hp_preview.jpg
-10.422512 1.523793 0.818047 255 68 68 R0 pano_camera4/frame_0383_hp_preview.jpg
-10.392985 1.536963 0.816101 255 68 68 R0 pano_camera4/frame_0384_hp_preview.jpg
-10.232246 1.546738 1.013687 255 68 68 R0 pano_camera4/frame_0385_hp_preview.jpg
-9.915283 1.553340 1.455690 255 68 68 R0 pano_camera4/frame_0386_hp_preview.jpg
-9.790038 1.551386 1.674462 255 68 68 R0 pano_camera4/frame_0387_hp_preview.jpg
-9.337256 1.548551 2.317589 255 68 68 R0 pano_camera4/frame_0388_hp_preview.jpg
-9.015227 1.537091 2.705660 255 68 68 R0 pano_camera4/frame_0389_hp_preview.jpg
-8.869570 1.524897 2.848928 255 68 68 R0 pano_camera4/frame_0390_hp_preview.jpg
-8.455187 1.524745 3.039872 255 68 68 R0 pano_camera4/frame_0391_hp_preview.jpg
-8.370792 1.520067 2.995375 255 68 68 R0 pano_camera4/frame_0392_hp_preview.jpg
-8.411250 1.519812 2.806339 255 68 68 R0 pano_camera4/frame_0393_hp_preview.jpg
-8.582961 1.513175 2.663568 255 68 68 R0 pano_camera4/frame_0394_hp_preview.jpg
-8.878268 1.510591 2.434326 255 68 68 R0 pano_camera4/frame_0395_hp_preview.jpg
-9.088768 1.513282 2.108929 255 68 68 R0 pano_camera4/frame_0396_hp_preview.jpg
-8.890905 1.528206 1.684930 255 68 68 R0 pano_camera4/frame_0397_hp_preview.jpg
-8.754420 1.523245 1.582608 255 68 68 R0 pano_camera4/frame_0398_hp_preview.jpg
-8.276093 1.521298 1.563364 255 68 68 R0 pano_camera4/frame_0399_hp_preview.jpg
-7.899597 1.502082 1.917561 255 68 68 R0 pano_camera4/frame_0400_hp_preview.jpg
-7.624153 1.496778 2.217121 255 68 68 R0 pano_camera4/frame_0401_hp_preview.jpg
-7.603742 1.495640 2.235462 255 68 68 R0 pano_camera4/frame_0402_hp_preview.jpg
-7.347870 1.488496 2.523180 255 68 68 R0 pano_camera4/frame_0403_hp_preview.jpg
-6.827138 1.480388 2.516365 255 68 68 R0 pano_camera4/frame_0404_hp_preview.jpg
-6.798477 1.485972 2.486484 255 68 68 R0 pano_camera4/frame_0405_hp_preview.jpg
-6.644564 1.491830 2.028746 255 68 68 R0 pano_camera4/frame_0406_hp_preview.jpg
-6.908735 1.480543 1.668772 255 68 68 R0 pano_camera4/frame_0407_hp_preview.jpg
-7.053842 1.485627 1.485162 255 68 68 R0 pano_camera4/frame_0408_hp_preview.jpg
-7.165724 1.480087 1.353650 255 68 68 R0 pano_camera4/frame_0409_hp_preview.jpg
-7.275996 1.495399 1.008386 255 68 68 R0 pano_camera4/frame_0410_hp_preview.jpg
-6.953836 1.480067 0.471458 255 68 68 R0 pano_camera4/frame_0411_hp_preview.jpg
-6.892299 1.471010 0.413942 255 68 68 R0 pano_camera4/frame_0412_hp_preview.jpg
-6.760310 1.471893 0.231377 255 68 68 R0 pano_camera4/frame_0413_hp_preview.jpg
-6.781340 1.474433 0.226061 255 68 68 R0 pano_camera4/frame_0414_hp_preview.jpg
-6.782789 1.474791 0.227522 255 68 68 R0 pano_camera4/frame_0415_hp_preview.jpg
-6.779366 1.470174 0.226103 255 68 68 R0 pano_camera4/frame_0416_hp_preview.jpg
0.000000 0.000000 2.343401 255 68 68 R0 pano_camera5/frame_0140_hp_preview.jpg
0.127761 0.005893 2.470891 255 68 68 R0 pano_camera5/frame_0141_hp_preview.jpg
0.346065 0.002623 2.711520 255 68 68 R0 pano_camera5/frame_0142_hp_preview.jpg
0.502974 0.000991 2.810063 255 68 68 R0 pano_camera5/frame_0143_hp_preview.jpg
0.678739 0.015540 2.758182 255 68 68 R0 pano_camera5/frame_0144_hp_preview.jpg
0.737090 0.018654 2.581494 255 68 68 R0 pano_camera5/frame_0145_hp_preview.jpg
-0.124670 0.012572 2.770313 255 68 68 R0 pano_camera5/frame_0157_hp_preview.jpg
-0.262354 0.016634 2.856272 255 68 68 R0 pano_camera5/frame_0158_hp_preview.jpg
-0.311416 0.022625 2.953972 255 68 68 R0 pano_camera5/frame_0159_hp_preview.jpg
-0.560078 0.018756 3.562706 255 68 68 R0 pano_camera5/frame_0160_hp_preview.jpg
-0.767483 0.019702 3.824734 255 68 68 R0 pano_camera5/frame_0161_hp_preview.jpg
-1.068574 0.036567 4.113810 255 68 68 R0 pano_camera5/frame_0162_hp_preview.jpg
-1.275881 0.044868 4.273577 255 68 68 R0 pano_camera5/frame_0163_hp_preview.jpg
-1.500918 0.057022 4.415810 255 68 68 R0 pano_camera5/frame_0164_hp_preview.jpg
-1.898270 0.062840 4.402871 255 68 68 R0 pano_camera5/frame_0165_hp_preview.jpg
-2.059379 0.061956 4.269844 255 68 68 R0 pano_camera5/frame_0166_hp_preview.jpg
-2.306152 0.064967 3.910046 255 68 68 R0 pano_camera5/frame_0167_hp_preview.jpg
-2.254054 0.055954 3.523406 255 68 68 R0 pano_camera5/frame_0168_hp_preview.jpg
-2.164023 0.064813 3.407216 255 68 68 R0 pano_camera5/frame_0169_hp_preview.jpg
-1.628619 0.039325 2.875208 255 68 68 R0 pano_camera5/frame_0170_hp_preview.jpg
-1.555925 0.051705 2.805617 255 68 68 R0 pano_camera5/frame_0171_hp_preview.jpg
-1.216531 0.029524 2.480109 255 68 68 R0 pano_camera5/frame_0172_hp_preview.jpg
-1.139232 0.033650 2.099843 255 68 68 R0 pano_camera5/frame_0173_hp_preview.jpg
-1.343489 0.039625 1.764058 255 68 68 R0 pano_camera5/frame_0174_hp_preview.jpg
-1.352569 0.042647 1.758548 255 68 68 R0 pano_camera5/frame_0175_hp_preview.jpg
-1.783851 0.041097 1.664286 255 68 68 R0 pano_camera5/frame_0176_hp_preview.jpg
-2.027872 0.054168 1.712791 255 68 68 R0 pano_camera5/frame_0177_hp_preview.jpg
-2.489710 0.059054 1.730529 255 68 68 R0 pano_camera5/frame_0178_hp_preview.jpg
-2.811045 0.063821 1.482150 255 68 68 R0 pano_camera5/frame_0179_hp_preview.jpg
-2.853184 0.061475 1.288525 255 68 68 R0 pano_camera5/frame_0180_hp_preview.jpg
-2.721299 0.042578 1.050865 255 68 68 R0 pano_camera5/frame_0181_hp_preview.jpg
-2.526142 0.035930 0.889523 255 68 68 R0 pano_camera5/frame_0182_hp_preview.jpg
-2.301400 0.040123 0.570323 255 68 68 R0 pano_camera5/frame_0183_hp_preview.jpg
-2.453016 0.029724 0.421756 255 68 68 R0 pano_camera5/frame_0184_hp_preview.jpg
-2.606686 0.033477 0.470576 255 68 68 R0 pano_camera5/frame_0185_hp_preview.jpg
-2.799749 0.032787 0.614533 255 68 68 R0 pano_camera5/frame_0186_hp_preview.jpg
-2.998447 0.037709 0.750079 255 68 68 R0 pano_camera5/frame_0187_hp_preview.jpg
-3.298041 0.045684 0.854685 255 68 68 R0 pano_camera5/frame_0188_hp_preview.jpg
-3.601257 0.050376 0.766640 255 68 68 R0 pano_camera5/frame_0189_hp_preview.jpg
-3.632048 0.056282 0.747513 255 68 68 R0 pano_camera5/frame_0190_hp_preview.jpg
-3.799038 0.058890 0.532855 255 68 68 R0 pano_camera5/frame_0191_hp_preview.jpg
-3.800911 0.059050 0.172904 255 68 68 R0 pano_camera5/frame_0192_hp_preview.jpg
-3.669442 0.047692 -0.078137 255 68 68 R0 pano_camera5/frame_0193_hp_preview.jpg
-3.449269 0.032058 -0.360998 255 68 68 R0 pano_camera5/frame_0194_hp_preview.jpg
-3.310763 0.033236 -0.573882 255 68 68 R0 pano_camera5/frame_0195_hp_preview.jpg
-3.338865 0.019854 -0.778141 255 68 68 R0 pano_camera5/frame_0196_hp_preview.jpg
-3.538208 0.022125 -1.150226 255 68 68 R0 pano_camera5/frame_0197_hp_preview.jpg
-3.915358 0.040654 -1.630985 255 68 68 R0 pano_camera5/frame_0198_hp_preview.jpg
-4.025670 0.046948 -1.771715 255 68 68 R0 pano_camera5/frame_0199_hp_preview.jpg
-4.648176 0.085162 -2.339663 255 68 68 R0 pano_camera5/frame_0200_hp_preview.jpg
-4.639617 0.129478 -2.434131 255 68 68 R0 pano_camera5/frame_0201_hp_preview.jpg
-4.675514 0.061964 -1.197300 255 68 68 R0 pano_camera5/frame_0226_hp_preview.jpg
-5.281499 0.081925 0.075151 255 68 68 R0 pano_camera5/frame_0240_hp_preview.jpg
-5.266954 0.074577 0.140970 255 68 68 R0 pano_camera5/frame_0241_hp_preview.jpg
-5.370329 0.072442 0.418321 255 68 68 R0 pano_camera5/frame_0242_hp_preview.jpg
-5.252398 0.068856 0.580653 255 68 68 R0 pano_camera5/frame_0243_hp_preview.jpg
-5.039062 0.062700 0.565551 255 68 68 R0 pano_camera5/frame_0244_hp_preview.jpg
-4.935709 0.057573 0.583356 255 68 68 R0 pano_camera5/frame_0245_hp_preview.jpg
-4.664298 0.028147 0.646184 255 68 68 R0 pano_camera5/frame_0246_hp_preview.jpg
-4.536918 0.032600 0.571790 255 68 68 R0 pano_camera5/frame_0247_hp_preview.jpg
-4.221239 0.028061 0.644318 255 68 68 R0 pano_camera5/frame_0248_hp_preview.jpg
-4.185656 0.025576 0.664243 255 68 68 R0 pano_camera5/frame_0249_hp_preview.jpg
-3.558775 0.023151 1.131125 255 68 68 R0 pano_camera5/frame_0250_hp_preview.jpg
-3.548390 0.021609 1.140655 255 68 68 R0 pano_camera5/frame_0251_hp_preview.jpg
-3.244884 0.031192 1.562371 255 68 68 R0 pano_camera5/frame_0252_hp_preview.jpg
-3.096191 0.051215 2.101405 255 68 68 R0 pano_camera5/frame_0253_hp_preview.jpg
-3.367992 0.068919 2.426614 255 68 68 R0 pano_camera5/frame_0254_hp_preview.jpg
-3.410640 0.066340 2.432105 255 68 68 R0 pano_camera5/frame_0255_hp_preview.jpg
-3.842053 0.107590 2.075986 255 68 68 R0 pano_camera5/frame_0256_hp_preview.jpg
-3.971249 0.234061 1.901349 255 68 68 R0 pano_camera5/frame_0257_hp_preview.jpg
-4.020066 0.315466 1.834203 255 68 68 R0 pano_camera5/frame_0258_hp_preview.jpg
-4.097854 0.388958 1.710433 255 68 68 R0 pano_camera5/frame_0259_hp_preview.jpg
-4.277114 0.637504 1.436280 255 68 68 R0 pano_camera5/frame_0260_hp_preview.jpg
-4.279742 0.640201 1.429992 255 68 68 R0 pano_camera5/frame_0261_hp_preview.jpg
-4.490617 0.898140 1.165787 255 68 68 R0 pano_camera5/frame_0262_hp_preview.jpg
-4.501059 0.907531 1.159079 255 68 68 R0 pano_camera5/frame_0263_hp_preview.jpg
-4.605610 1.050798 1.020610 255 68 68 R0 pano_camera5/frame_0264_hp_preview.jpg
-4.766816 1.227890 0.813219 255 68 68 R0 pano_camera5/frame_0265_hp_preview.jpg
-4.812070 1.360665 0.586018 255 68 68 R0 pano_camera5/frame_0266_hp_preview.jpg
-4.798484 1.434485 0.376365 255 68 68 R0 pano_camera5/frame_0267_hp_preview.jpg
-4.596928 1.424548 0.144144 255 68 68 R0 pano_camera5/frame_0268_hp_preview.jpg
-4.223754 1.424747 -0.220767 255 68 68 R0 pano_camera5/frame_0269_hp_preview.jpg
-4.037447 1.439566 -0.375836 255 68 68 R0 pano_camera5/frame_0270_hp_preview.jpg
-3.669822 1.427466 -0.637379 255 68 68 R0 pano_camera5/frame_0271_hp_preview.jpg
-3.329324 1.425409 -0.886953 255 68 68 R0 pano_camera5/frame_0272_hp_preview.jpg
-3.146135 1.432494 -1.033637 255 68 68 R0 pano_camera5/frame_0273_hp_preview.jpg
-2.557956 1.417994 -1.480978 255 68 68 R0 pano_camera5/frame_0274_hp_preview.jpg
-2.499719 1.420799 -1.537402 255 68 68 R0 pano_camera5/frame_0275_hp_preview.jpg
-2.027981 1.416347 -1.910205 255 68 68 R0 pano_camera5/frame_0276_hp_preview.jpg
-1.889447 1.419430 -2.037445 255 68 68 R0 pano_camera5/frame_0277_hp_preview.jpg
-1.470993 1.429447 -2.444415 255 68 68 R0 pano_camera5/frame_0278_hp_preview.jpg
-1.233648 1.422878 -2.614466 255 68 68 R0 pano_camera5/frame_0279_hp_preview.jpg
-0.649317 1.418283 -3.115723 255 68 68 R0 pano_camera5/frame_0280_hp_preview.jpg
-0.536737 1.414300 -3.197741 255 68 68 R0 pano_camera5/frame_0281_hp_preview.jpg
-0.385244 1.407074 -3.351019 255 68 68 R0 pano_camera5/frame_0282_hp_preview.jpg
-0.307456 1.402981 -3.585692 255 68 68 R0 pano_camera5/frame_0283_hp_preview.jpg
-0.486499 1.394691 -3.972809 255 68 68 R0 pano_camera5/frame_0284_hp_preview.jpg
-0.523706 1.392646 -3.999270 255 68 68 R0 pano_camera5/frame_0285_hp_preview.jpg
-0.778917 1.394235 -4.204597 255 68 68 R0 pano_camera5/frame_0286_hp_preview.jpg
-0.979118 1.411449 -4.212352 255 68 68 R0 pano_camera5/frame_0287_hp_preview.jpg
-1.240202 1.424108 -4.227243 255 68 68 R0 pano_camera5/frame_0288_hp_preview.jpg
-1.395073 1.431397 -4.303098 255 68 68 R0 pano_camera5/frame_0289_hp_preview.jpg
-1.501382 1.429986 -4.557018 255 68 68 R0 pano_camera5/frame_0290_hp_preview.jpg
-1.598073 1.419180 -5.104948 255 68 68 R0 pano_camera5/frame_0291_hp_preview.jpg
-1.663208 1.418926 -5.317511 255 68 68 R0 pano_camera5/frame_0292_hp_preview.jpg
-1.705980 1.413616 -5.494733 255 68 68 R0 pano_camera5/frame_0293_hp_preview.jpg
-2.166427 1.403255 -5.939858 255 68 68 R0 pano_camera5/frame_0294_hp_preview.jpg
-2.216551 1.405076 -5.951916 255 68 68 R0 pano_camera5/frame_0295_hp_preview.jpg
-2.758252 1.406874 -5.759070 255 68 68 R0 pano_camera5/frame_0296_hp_preview.jpg
-2.857817 1.414819 -5.413187 255 68 68 R0 pano_camera5/frame_0297_hp_preview.jpg
-2.885242 1.404733 -5.103073 255 68 68 R0 pano_camera5/frame_0298_hp_preview.jpg
-2.896998 1.411660 -4.860958 255 68 68 R0 pano_camera5/frame_0299_hp_preview.jpg
-2.927742 1.418923 -4.398749 255 68 68 R0 pano_camera5/frame_0300_hp_preview.jpg
-2.930316 1.405266 -4.078772 255 68 68 R0 pano_camera5/frame_0301_hp_preview.jpg
-2.899770 1.401872 -3.757656 255 68 68 R0 pano_camera5/frame_0302_hp_preview.jpg
-2.785137 1.414961 -3.319754 255 68 68 R0 pano_camera5/frame_0303_hp_preview.jpg
-2.735448 1.410451 -3.095860 255 68 68 R0 pano_camera5/frame_0304_hp_preview.jpg
-2.671398 1.406015 -2.567484 255 68 68 R0 pano_camera5/frame_0305_hp_preview.jpg
-2.733401 1.399411 -2.041718 255 68 68 R0 pano_camera5/frame_0306_hp_preview.jpg
-2.832166 1.396149 -1.708325 255 68 68 R0 pano_camera5/frame_0307_hp_preview.jpg
-2.877625 1.402885 -1.631502 255 68 68 R0 pano_camera5/frame_0308_hp_preview.jpg
-3.261742 1.409936 -1.347039 255 68 68 R0 pano_camera5/frame_0309_hp_preview.jpg
-3.729823 1.427792 -1.353473 255 68 68 R0 pano_camera5/frame_0310_hp_preview.jpg
-3.960385 1.416978 -1.574459 255 68 68 R0 pano_camera5/frame_0311_hp_preview.jpg
-4.128569 1.429212 -1.989563 255 68 68 R0 pano_camera5/frame_0312_hp_preview.jpg
-4.196616 1.430101 -2.301038 255 68 68 R0 pano_camera5/frame_0313_hp_preview.jpg
-4.229892 1.429019 -2.582849 255 68 68 R0 pano_camera5/frame_0314_hp_preview.jpg
-4.329399 1.430465 -3.269538 255 68 68 R0 pano_camera5/frame_0315_hp_preview.jpg
-4.341275 1.434257 -3.319462 255 68 68 R0 pano_camera5/frame_0316_hp_preview.jpg
-4.456013 1.424831 -3.756129 255 68 68 R0 pano_camera5/frame_0317_hp_preview.jpg
-4.733557 1.417603 -4.149968 255 68 68 R0 pano_camera5/frame_0318_hp_preview.jpg
-4.860418 1.420117 -4.160091 255 68 68 R0 pano_camera5/frame_0319_hp_preview.jpg
-5.204661 1.445634 -4.063730 255 68 68 R0 pano_camera5/frame_0320_hp_preview.jpg
-5.728389 1.456382 -3.584243 255 68 68 R0 pano_camera5/frame_0321_hp_preview.jpg
-5.756549 1.456104 -3.551875 255 68 68 R0 pano_camera5/frame_0322_hp_preview.jpg
-5.872268 1.446056 -3.085604 255 68 68 R0 pano_camera5/frame_0323_hp_preview.jpg
-5.814695 1.456028 -2.609732 255 68 68 R0 pano_camera5/frame_0324_hp_preview.jpg
-5.821113 1.448689 -2.561348 255 68 68 R0 pano_camera5/frame_0325_hp_preview.jpg
-6.038513 1.447704 -2.111890 255 68 68 R0 pano_camera5/frame_0326_hp_preview.jpg
-6.303680 1.448310 -2.062078 255 68 68 R0 pano_camera5/frame_0327_hp_preview.jpg
-6.438129 1.458753 -2.101845 255 68 68 R0 pano_camera5/frame_0328_hp_preview.jpg
-6.631331 1.464549 -2.239411 255 68 68 R0 pano_camera5/frame_0329_hp_preview.jpg
-6.985016 1.473314 -2.370760 255 68 68 R0 pano_camera5/frame_0330_hp_preview.jpg
-7.101449 1.473312 -2.281120 255 68 68 R0 pano_camera5/frame_0331_hp_preview.jpg
-6.950098 1.462510 -1.880987 255 68 68 R0 pano_camera5/frame_0332_hp_preview.jpg
-6.778728 1.453302 -1.752377 255 68 68 R0 pano_camera5/frame_0333_hp_preview.jpg
-6.511900 1.448076 -1.470004 255 68 68 R0 pano_camera5/frame_0334_hp_preview.jpg
-6.409844 1.450298 -1.291863 255 68 68 R0 pano_camera5/frame_0335_hp_preview.jpg
-6.287094 1.440720 -1.098765 255 68 68 R0 pano_camera5/frame_0336_hp_preview.jpg
-6.060484 1.431460 -0.639499 255 68 68 R0 pano_camera5/frame_0337_hp_preview.jpg
-5.949976 1.434146 -0.408591 255 68 68 R0 pano_camera5/frame_0338_hp_preview.jpg
-5.711375 1.427912 0.204905 255 68 68 R0 pano_camera5/frame_0339_hp_preview.jpg
-5.615047 1.453874 0.609338 255 68 68 R0 pano_camera5/frame_0340_hp_preview.jpg
-5.582398 1.447731 0.716036 255 68 68 R0 pano_camera5/frame_0341_hp_preview.jpg
-5.454203 1.449302 1.020485 255 68 68 R0 pano_camera5/frame_0342_hp_preview.jpg
-5.220782 1.453371 1.369897 255 68 68 R0 pano_camera5/frame_0343_hp_preview.jpg
-5.264966 1.463158 1.717539 255 68 68 R0 pano_camera5/frame_0344_hp_preview.jpg
-5.516939 1.466904 1.634547 255 68 68 R0 pano_camera5/frame_0345_hp_preview.jpg
-5.714004 1.463689 1.450000 255 68 68 R0 pano_camera5/frame_0346_hp_preview.jpg
-5.815574 1.462958 1.242631 255 68 68 R0 pano_camera5/frame_0347_hp_preview.jpg
-5.940494 1.464197 1.012405 255 68 68 R0 pano_camera5/frame_0348_hp_preview.jpg
-6.237551 1.454903 0.467506 255 68 68 R0 pano_camera5/frame_0349_hp_preview.jpg
-6.434689 1.443099 0.259145 255 68 68 R0 pano_camera5/frame_0350_hp_preview.jpg
-6.589192 1.439712 0.111172 255 68 68 R0 pano_camera5/frame_0351_hp_preview.jpg
-7.030488 1.446635 -0.092409 255 68 68 R0 pano_camera5/frame_0352_hp_preview.jpg
-7.252179 1.462631 -0.124343 255 68 68 R0 pano_camera5/frame_0353_hp_preview.jpg
-7.612041 1.471659 -0.297271 255 68 68 R0 pano_camera5/frame_0354_hp_preview.jpg
-7.727212 1.484318 -0.474842 255 68 68 R0 pano_camera5/frame_0355_hp_preview.jpg
-7.648701 1.489696 -0.893678 255 68 68 R0 pano_camera5/frame_0356_hp_preview.jpg
-7.576138 1.473189 -1.184612 255 68 68 R0 pano_camera5/frame_0357_hp_preview.jpg
-7.532688 1.453689 -1.267478 255 68 68 R0 pano_camera5/frame_0358_hp_preview.jpg
-7.501295 1.444138 -1.290529 255 68 68 R0 pano_camera5/frame_0359_hp_preview.jpg
-7.548684 1.459743 -1.296555 255 68 68 R0 pano_camera5/frame_0360_hp_preview.jpg
-7.548815 1.458681 -1.300755 255 68 68 R0 pano_camera5/frame_0361_hp_preview.jpg
-7.658608 1.467158 -1.567292 255 68 68 R0 pano_camera5/frame_0362_hp_preview.jpg
-7.791464 1.473250 -1.625233 255 68 68 R0 pano_camera5/frame_0363_hp_preview.jpg
-8.051945 1.505622 -1.642408 255 68 68 R0 pano_camera5/frame_0364_hp_preview.jpg
-8.132823 1.508930 -1.587965 255 68 68 R0 pano_camera5/frame_0365_hp_preview.jpg
-8.178070 1.502901 -1.190053 255 68 68 R0 pano_camera5/frame_0366_hp_preview.jpg
-8.154920 1.499634 -1.130000 255 68 68 R0 pano_camera5/frame_0367_hp_preview.jpg
-8.015165 1.486304 -0.826966 255 68 68 R0 pano_camera5/frame_0368_hp_preview.jpg
-7.715936 1.482236 -0.205788 255 68 68 R0 pano_camera5/frame_0369_hp_preview.jpg
-7.727077 1.454690 -0.002340 255 68 68 R0 pano_camera5/frame_0370_hp_preview.jpg
-7.865296 1.487792 0.138091 255 68 68 R0 pano_camera5/frame_0371_hp_preview.jpg
-8.192727 1.487765 0.077916 255 68 68 R0 pano_camera5/frame_0372_hp_preview.jpg
-8.445057 1.500488 -0.175208 255 68 68 R0 pano_camera5/frame_0373_hp_preview.jpg
-9.054569 1.504244 -0.537451 255 68 68 R0 pano_camera5/frame_0374_hp_preview.jpg
-9.246577 1.515863 -0.548997 255 68 68 R0 pano_camera5/frame_0375_hp_preview.jpg
-9.469081 1.530070 -0.475187 255 68 68 R0 pano_camera5/frame_0376_hp_preview.jpg
-9.644641 1.538168 -0.382516 255 68 68 R0 pano_camera5/frame_0377_hp_preview.jpg
-10.147651 1.574275 0.005055 255 68 68 R0 pano_camera5/frame_0378_hp_preview.jpg
-10.264202 1.566266 0.153227 255 68 68 R0 pano_camera5/frame_0379_hp_preview.jpg
-10.381315 1.566182 0.380005 255 68 68 R0 pano_camera5/frame_0380_hp_preview.jpg
-10.444809 1.447656 0.401308 255 68 68 R0 pano_camera5/frame_0381_hp_preview.jpg
-10.471636 1.318899 0.553300 255 68 68 R0 pano_camera5/frame_0382_hp_preview.jpg
-10.422512 1.523793 0.818047 255 68 68 R0 pano_camera5/frame_0383_hp_preview.jpg
-10.392985 1.536963 0.816101 255 68 68 R0 pano_camera5/frame_0384_hp_preview.jpg
-10.232246 1.546738 1.013687 255 68 68 R0 pano_camera5/frame_0385_hp_preview.jpg
-9.915283 1.553340 1.455690 255 68 68 R0 pano_camera5/frame_0386_hp_preview.jpg
-9.790038 1.551386 1.674462 255 68 68 R0 pano_camera5/frame_0387_hp_preview.jpg
-9.337256 1.548551 2.317589 255 68 68 R0 pano_camera5/frame_0388_hp_preview.jpg
-9.015227 1.537091 2.705660 255 68 68 R0 pano_camera5/frame_0389_hp_preview.jpg
-8.869570 1.524897 2.848928 255 68 68 R0 pano_camera5/frame_0390_hp_preview.jpg
-8.455187 1.524745 3.039872 255 68 68 R0 pano_camera5/frame_0391_hp_preview.jpg
-8.370792 1.520067 2.995375 255 68 68 R0 pano_camera5/frame_0392_hp_preview.jpg
-8.411250 1.519812 2.806339 255 68 68 R0 pano_camera5/frame_0393_hp_preview.jpg
-8.582961 1.513175 2.663568 255 68 68 R0 pano_camera5/frame_0394_hp_preview.jpg
-8.878268 1.510591 2.434326 255 68 68 R0 pano_camera5/frame_0395_hp_preview.jpg
-9.088768 1.513282 2.108929 255 68 68 R0 pano_camera5/frame_0396_hp_preview.jpg
-8.890905 1.528206 1.684930 255 68 68 R0 pano_camera5/frame_0397_hp_preview.jpg
-8.754420 1.523245 1.582608 255 68 68 R0 pano_camera5/frame_0398_hp_preview.jpg
-8.276093 1.521298 1.563364 255 68 68 R0 pano_camera5/frame_0399_hp_preview.jpg
-7.899597 1.502082 1.917561 255 68 68 R0 pano_camera5/frame_0400_hp_preview.jpg
-7.624153 1.496778 2.217121 255 68 68 R0 pano_camera5/frame_0401_hp_preview.jpg
-7.603742 1.495640 2.235462 255 68 68 R0 pano_camera5/frame_0402_hp_preview.jpg
-7.347870 1.488496 2.523180 255 68 68 R0 pano_camera5/frame_0403_hp_preview.jpg
-6.827138 1.480388 2.516365 255 68 68 R0 pano_camera5/frame_0404_hp_preview.jpg
-6.798477 1.485972 2.486484 255 68 68 R0 pano_camera5/frame_0405_hp_preview.jpg
-6.644564 1.491830 2.028746 255 68 68 R0 pano_camera5/frame_0406_hp_preview.jpg
-6.908735 1.480543 1.668772 255 68 68 R0 pano_camera5/frame_0407_hp_preview.jpg
-7.053842 1.485627 1.485162 255 68 68 R0 pano_camera5/frame_0408_hp_preview.jpg
-7.165724 1.480087 1.353650 255 68 68 R0 pano_camera5/frame_0409_hp_preview.jpg
-7.275996 1.495399 1.008386 255 68 68 R0 pano_camera5/frame_0410_hp_preview.jpg
-6.953836 1.480067 0.471458 255 68 68 R0 pano_camera5/frame_0411_hp_preview.jpg
-6.892299 1.471010 0.413942 255 68 68 R0 pano_camera5/frame_0412_hp_preview.jpg
-6.760310 1.471893 0.231377 255 68 68 R0 pano_camera5/frame_0413_hp_preview.jpg
-6.781340 1.474433 0.226061 255 68 68 R0 pano_camera5/frame_0414_hp_preview.jpg
-6.782789 1.474791 0.227522 255 68 68 R0 pano_camera5/frame_0415_hp_preview.jpg
-6.779366 1.470174 0.226103 255 68 68 R0 pano_camera5/frame_0416_hp_preview.jpg
0.000000 0.000000 2.343401 255 68 68 R0 pano_camera6/frame_0140_hp_preview.jpg
0.127761 0.005893 2.470891 255 68 68 R0 pano_camera6/frame_0141_hp_preview.jpg
0.346065 0.002623 2.711520 255 68 68 R0 pano_camera6/frame_0142_hp_preview.jpg
0.502974 0.000991 2.810063 255 68 68 R0 pano_camera6/frame_0143_hp_preview.jpg
0.678739 0.015540 2.758182 255 68 68 R0 pano_camera6/frame_0144_hp_preview.jpg
0.737090 0.018654 2.581494 255 68 68 R0 pano_camera6/frame_0145_hp_preview.jpg
-0.124670 0.012572 2.770313 255 68 68 R0 pano_camera6/frame_0157_hp_preview.jpg
-0.262354 0.016634 2.856272 255 68 68 R0 pano_camera6/frame_0158_hp_preview.jpg
-0.311416 0.022625 2.953972 255 68 68 R0 pano_camera6/frame_0159_hp_preview.jpg
-0.560078 0.018756 3.562706 255 68 68 R0 pano_camera6/frame_0160_hp_preview.jpg
-0.767483 0.019702 3.824734 255 68 68 R0 pano_camera6/frame_0161_hp_preview.jpg
-1.068574 0.036567 4.113810 255 68 68 R0 pano_camera6/frame_0162_hp_preview.jpg
-1.275881 0.044868 4.273577 255 68 68 R0 pano_camera6/frame_0163_hp_preview.jpg
-1.500918 0.057022 4.415810 255 68 68 R0 pano_camera6/frame_0164_hp_preview.jpg
-1.898270 0.062840 4.402871 255 68 68 R0 pano_camera6/frame_0165_hp_preview.jpg
-2.059379 0.061956 4.269844 255 68 68 R0 pano_camera6/frame_0166_hp_preview.jpg
-2.306152 0.064967 3.910046 255 68 68 R0 pano_camera6/frame_0167_hp_preview.jpg
-2.254054 0.055954 3.523406 255 68 68 R0 pano_camera6/frame_0168_hp_preview.jpg
-2.164023 0.064813 3.407216 255 68 68 R0 pano_camera6/frame_0169_hp_preview.jpg
-1.628619 0.039325 2.875208 255 68 68 R0 pano_camera6/frame_0170_hp_preview.jpg
-1.555925 0.051705 2.805617 255 68 68 R0 pano_camera6/frame_0171_hp_preview.jpg
-1.216531 0.029524 2.480109 255 68 68 R0 pano_camera6/frame_0172_hp_preview.jpg
-1.139232 0.033650 2.099843 255 68 68 R0 pano_camera6/frame_0173_hp_preview.jpg
-1.343489 0.039625 1.764058 255 68 68 R0 pano_camera6/frame_0174_hp_preview.jpg
-1.352569 0.042647 1.758548 255 68 68 R0 pano_camera6/frame_0175_hp_preview.jpg
-1.783851 0.041097 1.664286 255 68 68 R0 pano_camera6/frame_0176_hp_preview.jpg
-2.027872 0.054168 1.712791 255 68 68 R0 pano_camera6/frame_0177_hp_preview.jpg
-2.489710 0.059054 1.730529 255 68 68 R0 pano_camera6/frame_0178_hp_preview.jpg
-2.811045 0.063821 1.482150 255 68 68 R0 pano_camera6/frame_0179_hp_preview.jpg
-2.853184 0.061475 1.288525 255 68 68 R0 pano_camera6/frame_0180_hp_preview.jpg
-2.721299 0.042578 1.050865 255 68 68 R0 pano_camera6/frame_0181_hp_preview.jpg
-2.526142 0.035930 0.889523 255 68 68 R0 pano_camera6/frame_0182_hp_preview.jpg
-2.301400 0.040123 0.570323 255 68 68 R0 pano_camera6/frame_0183_hp_preview.jpg
-2.453016 0.029724 0.421756 255 68 68 R0 pano_camera6/frame_0184_hp_preview.jpg
-2.606686 0.033477 0.470576 255 68 68 R0 pano_camera6/frame_0185_hp_preview.jpg
-2.799749 0.032787 0.614533 255 68 68 R0 pano_camera6/frame_0186_hp_preview.jpg
-2.998447 0.037709 0.750079 255 68 68 R0 pano_camera6/frame_0187_hp_preview.jpg
-3.298041 0.045684 0.854685 255 68 68 R0 pano_camera6/frame_0188_hp_preview.jpg
-3.601257 0.050376 0.766640 255 68 68 R0 pano_camera6/frame_0189_hp_preview.jpg
-3.632048 0.056282 0.747513 255 68 68 R0 pano_camera6/frame_0190_hp_preview.jpg
-3.799038 0.058890 0.532855 255 68 68 R0 pano_camera6/frame_0191_hp_preview.jpg
-3.800911 0.059050 0.172904 255 68 68 R0 pano_camera6/frame_0192_hp_preview.jpg
-3.669442 0.047692 -0.078137 255 68 68 R0 pano_camera6/frame_0193_hp_preview.jpg
-3.449269 0.032058 -0.360998 255 68 68 R0 pano_camera6/frame_0194_hp_preview.jpg
-3.310763 0.033236 -0.573882 255 68 68 R0 pano_camera6/frame_0195_hp_preview.jpg
-3.338865 0.019854 -0.778141 255 68 68 R0 pano_camera6/frame_0196_hp_preview.jpg
-3.538208 0.022125 -1.150226 255 68 68 R0 pano_camera6/frame_0197_hp_preview.jpg
-3.915358 0.040654 -1.630985 255 68 68 R0 pano_camera6/frame_0198_hp_preview.jpg
-4.025670 0.046948 -1.771715 255 68 68 R0 pano_camera6/frame_0199_hp_preview.jpg
-4.648176 0.085162 -2.339663 255 68 68 R0 pano_camera6/frame_0200_hp_preview.jpg
-4.639617 0.129478 -2.434131 255 68 68 R0 pano_camera6/frame_0201_hp_preview.jpg
-4.675514 0.061964 -1.197300 255 68 68 R0 pano_camera6/frame_0226_hp_preview.jpg
-5.281499 0.081925 0.075151 255 68 68 R0 pano_camera6/frame_0240_hp_preview.jpg
-5.266954 0.074577 0.140970 255 68 68 R0 pano_camera6/frame_0241_hp_preview.jpg
-5.370329 0.072442 0.418321 255 68 68 R0 pano_camera6/frame_0242_hp_preview.jpg
-5.252398 0.068856 0.580653 255 68 68 R0 pano_camera6/frame_0243_hp_preview.jpg
-5.039062 0.062700 0.565551 255 68 68 R0 pano_camera6/frame_0244_hp_preview.jpg
-4.935709 0.057573 0.583356 255 68 68 R0 pano_camera6/frame_0245_hp_preview.jpg
-4.664298 0.028147 0.646184 255 68 68 R0 pano_camera6/frame_0246_hp_preview.jpg
-4.536918 0.032600 0.571790 255 68 68 R0 pano_camera6/frame_0247_hp_preview.jpg
-4.221239 0.028061 0.644318 255 68 68 R0 pano_camera6/frame_0248_hp_preview.jpg
-4.185656 0.025576 0.664243 255 68 68 R0 pano_camera6/frame_0249_hp_preview.jpg
-3.558775 0.023151 1.131125 255 68 68 R0 pano_camera6/frame_0250_hp_preview.jpg
-3.548390 0.021609 1.140655 255 68 68 R0 pano_camera6/frame_0251_hp_preview.jpg
-3.244884 0.031192 1.562371 255 68 68 R0 pano_camera6/frame_0252_hp_preview.jpg
-3.096191 0.051215 2.101405 255 68 68 R0 pano_camera6/frame_0253_hp_preview.jpg
-3.367992 0.068919 2.426614 255 68 68 R0 pano_camera6/frame_0254_hp_preview.jpg
-3.410640 0.066340 2.432105 255 68 68 R0 pano_camera6/frame_0255_hp_preview.jpg
-3.842053 0.107590 2.075986 255 68 68 R0 pano_camera6/frame_0256_hp_preview.jpg
-3.971249 0.234061 1.901349 255 68 68 R0 pano_camera6/frame_0257_hp_preview.jpg
-4.020066 0.315466 1.834203 255 68 68 R0 pano_camera6/frame_0258_hp_preview.jpg
-4.097854 0.388958 1.710433 255 68 68 R0 pano_camera6/frame_0259_hp_preview.jpg
-4.277114 0.637504 1.436280 255 68 68 R0 pano_camera6/frame_0260_hp_preview.jpg
-4.279742 0.640201 1.429992 255 68 68 R0 pano_camera6/frame_0261_hp_preview.jpg
-4.490617 0.898140 1.165787 255 68 68 R0 pano_camera6/frame_0262_hp_preview.jpg
-4.501059 0.907531 1.159079 255 68 68 R0 pano_camera6/frame_0263_hp_preview.jpg
-4.605610 1.050798 1.020610 255 68 68 R0 pano_camera6/frame_0264_hp_preview.jpg
-4.766816 1.227890 0.813219 255 68 68 R0 pano_camera6/frame_0265_hp_preview.jpg
-4.812070 1.360665 0.586018 255 68 68 R0 pano_camera6/frame_0266_hp_preview.jpg
-4.798484 1.434485 0.376365 255 68 68 R0 pano_camera6/frame_0267_hp_preview.jpg
-4.596928 1.424548 0.144144 255 68 68 R0 pano_camera6/frame_0268_hp_preview.jpg
-4.223754 1.424747 -0.220767 255 68 68 R0 pano_camera6/frame_0269_hp_preview.jpg
-4.037447 1.439566 -0.375836 255 68 68 R0 pano_camera6/frame_0270_hp_preview.jpg
-3.669822 1.427466 -0.637379 255 68 68 R0 pano_camera6/frame_0271_hp_preview.jpg
-3.329324 1.425409 -0.886953 255 68 68 R0 pano_camera6/frame_0272_hp_preview.jpg
-3.146135 1.432494 -1.033637 255 68 68 R0 pano_camera6/frame_0273_hp_preview.jpg
-2.557956 1.417994 -1.480978 255 68 68 R0 pano_camera6/frame_0274_hp_preview.jpg
-2.499719 1.420799 -1.537402 255 68 68 R0 pano_camera6/frame_0275_hp_preview.jpg
-2.027981 1.416347 -1.910205 255 68 68 R0 pano_camera6/frame_0276_hp_preview.jpg
-1.889447 1.419430 -2.037445 255 68 68 R0 pano_camera6/frame_0277_hp_preview.jpg
-1.470993 1.429447 -2.444415 255 68 68 R0 pano_camera6/frame_0278_hp_preview.jpg
-1.233648 1.422878 -2.614466 255 68 68 R0 pano_camera6/frame_0279_hp_preview.jpg
-0.649317 1.418283 -3.115723 255 68 68 R0 pano_camera6/frame_0280_hp_preview.jpg
-0.536737 1.414300 -3.197741 255 68 68 R0 pano_camera6/frame_0281_hp_preview.jpg
-0.385244 1.407074 -3.351019 255 68 68 R0 pano_camera6/frame_0282_hp_preview.jpg
-0.307456 1.402981 -3.585692 255 68 68 R0 pano_camera6/frame_0283_hp_preview.jpg
-0.486499 1.394691 -3.972809 255 68 68 R0 pano_camera6/frame_0284_hp_preview.jpg
-0.523706 1.392646 -3.999270 255 68 68 R0 pano_camera6/frame_0285_hp_preview.jpg
-0.778917 1.394235 -4.204597 255 68 68 R0 pano_camera6/frame_0286_hp_preview.jpg
-0.979118 1.411449 -4.212352 255 68 68 R0 pano_camera6/frame_0287_hp_preview.jpg
-1.240202 1.424108 -4.227243 255 68 68 R0 pano_camera6/frame_0288_hp_preview.jpg
-1.395073 1.431397 -4.303098 255 68 68 R0 pano_camera6/frame_0289_hp_preview.jpg
-1.501382 1.429986 -4.557018 255 68 68 R0 pano_camera6/frame_0290_hp_preview.jpg
-1.598073 1.419180 -5.104948 255 68 68 R0 pano_camera6/frame_0291_hp_preview.jpg
-1.663208 1.418926 -5.317511 255 68 68 R0 pano_camera6/frame_0292_hp_preview.jpg
-1.705980 1.413616 -5.494733 255 68 68 R0 pano_camera6/frame_0293_hp_preview.jpg
-2.166427 1.403255 -5.939858 255 68 68 R0 pano_camera6/frame_0294_hp_preview.jpg
-2.216551 1.405076 -5.951916 255 68 68 R0 pano_camera6/frame_0295_hp_preview.jpg
-2.758252 1.406874 -5.759070 255 68 68 R0 pano_camera6/frame_0296_hp_preview.jpg
-2.857817 1.414819 -5.413187 255 68 68 R0 pano_camera6/frame_0297_hp_preview.jpg
-2.885242 1.404733 -5.103073 255 68 68 R0 pano_camera6/frame_0298_hp_preview.jpg
-2.896998 1.411660 -4.860958 255 68 68 R0 pano_camera6/frame_0299_hp_preview.jpg
-2.927742 1.418923 -4.398749 255 68 68 R0 pano_camera6/frame_0300_hp_preview.jpg
-2.930316 1.405266 -4.078772 255 68 68 R0 pano_camera6/frame_0301_hp_preview.jpg
-2.899770 1.401872 -3.757656 255 68 68 R0 pano_camera6/frame_0302_hp_preview.jpg
-2.785137 1.414961 -3.319754 255 68 68 R0 pano_camera6/frame_0303_hp_preview.jpg
-2.735448 1.410451 -3.095860 255 68 68 R0 pano_camera6/frame_0304_hp_preview.jpg
-2.671398 1.406015 -2.567484 255 68 68 R0 pano_camera6/frame_0305_hp_preview.jpg
-2.733401 1.399411 -2.041718 255 68 68 R0 pano_camera6/frame_0306_hp_preview.jpg
-2.832166 1.396149 -1.708325 255 68 68 R0 pano_camera6/frame_0307_hp_preview.jpg
-2.877625 1.402885 -1.631502 255 68 68 R0 pano_camera6/frame_0308_hp_preview.jpg
-3.261742 1.409936 -1.347039 255 68 68 R0 pano_camera6/frame_0309_hp_preview.jpg
-3.729823 1.427792 -1.353473 255 68 68 R0 pano_camera6/frame_0310_hp_preview.jpg
-3.960385 1.416978 -1.574459 255 68 68 R0 pano_camera6/frame_0311_hp_preview.jpg
-4.128569 1.429212 -1.989563 255 68 68 R0 pano_camera6/frame_0312_hp_preview.jpg
-4.196616 1.430101 -2.301038 255 68 68 R0 pano_camera6/frame_0313_hp_preview.jpg
-4.229892 1.429019 -2.582849 255 68 68 R0 pano_camera6/frame_0314_hp_preview.jpg
-4.329399 1.430465 -3.269538 255 68 68 R0 pano_camera6/frame_0315_hp_preview.jpg
-4.341275 1.434257 -3.319462 255 68 68 R0 pano_camera6/frame_0316_hp_preview.jpg
-4.456013 1.424831 -3.756129 255 68 68 R0 pano_camera6/frame_0317_hp_preview.jpg
-4.733557 1.417603 -4.149968 255 68 68 R0 pano_camera6/frame_0318_hp_preview.jpg
-4.860418 1.420117 -4.160091 255 68 68 R0 pano_camera6/frame_0319_hp_preview.jpg
-5.204661 1.445634 -4.063730 255 68 68 R0 pano_camera6/frame_0320_hp_preview.jpg
-5.728389 1.456382 -3.584243 255 68 68 R0 pano_camera6/frame_0321_hp_preview.jpg
-5.756549 1.456104 -3.551875 255 68 68 R0 pano_camera6/frame_0322_hp_preview.jpg
-5.872268 1.446056 -3.085604 255 68 68 R0 pano_camera6/frame_0323_hp_preview.jpg
-5.814695 1.456028 -2.609732 255 68 68 R0 pano_camera6/frame_0324_hp_preview.jpg
-5.821113 1.448689 -2.561348 255 68 68 R0 pano_camera6/frame_0325_hp_preview.jpg
-6.038513 1.447704 -2.111890 255 68 68 R0 pano_camera6/frame_0326_hp_preview.jpg
-6.303680 1.448310 -2.062078 255 68 68 R0 pano_camera6/frame_0327_hp_preview.jpg
-6.438129 1.458753 -2.101845 255 68 68 R0 pano_camera6/frame_0328_hp_preview.jpg
-6.631331 1.464549 -2.239411 255 68 68 R0 pano_camera6/frame_0329_hp_preview.jpg
-6.985016 1.473314 -2.370760 255 68 68 R0 pano_camera6/frame_0330_hp_preview.jpg
-7.101449 1.473312 -2.281120 255 68 68 R0 pano_camera6/frame_0331_hp_preview.jpg
-6.950098 1.462510 -1.880987 255 68 68 R0 pano_camera6/frame_0332_hp_preview.jpg
-6.778728 1.453302 -1.752377 255 68 68 R0 pano_camera6/frame_0333_hp_preview.jpg
-6.511900 1.448076 -1.470004 255 68 68 R0 pano_camera6/frame_0334_hp_preview.jpg
-6.409844 1.450298 -1.291863 255 68 68 R0 pano_camera6/frame_0335_hp_preview.jpg
-6.287094 1.440720 -1.098765 255 68 68 R0 pano_camera6/frame_0336_hp_preview.jpg
-6.060484 1.431460 -0.639499 255 68 68 R0 pano_camera6/frame_0337_hp_preview.jpg
-5.949976 1.434146 -0.408591 255 68 68 R0 pano_camera6/frame_0338_hp_preview.jpg
-5.711375 1.427912 0.204905 255 68 68 R0 pano_camera6/frame_0339_hp_preview.jpg
-5.615047 1.453874 0.609338 255 68 68 R0 pano_camera6/frame_0340_hp_preview.jpg
-5.582398 1.447731 0.716036 255 68 68 R0 pano_camera6/frame_0341_hp_preview.jpg
-5.454203 1.449302 1.020485 255 68 68 R0 pano_camera6/frame_0342_hp_preview.jpg
-5.220782 1.453371 1.369897 255 68 68 R0 pano_camera6/frame_0343_hp_preview.jpg
-5.264966 1.463158 1.717539 255 68 68 R0 pano_camera6/frame_0344_hp_preview.jpg
-5.516939 1.466904 1.634547 255 68 68 R0 pano_camera6/frame_0345_hp_preview.jpg
-5.714004 1.463689 1.450000 255 68 68 R0 pano_camera6/frame_0346_hp_preview.jpg
-5.815574 1.462958 1.242631 255 68 68 R0 pano_camera6/frame_0347_hp_preview.jpg
-5.940494 1.464197 1.012405 255 68 68 R0 pano_camera6/frame_0348_hp_preview.jpg
-6.237551 1.454903 0.467506 255 68 68 R0 pano_camera6/frame_0349_hp_preview.jpg
-6.434689 1.443099 0.259145 255 68 68 R0 pano_camera6/frame_0350_hp_preview.jpg
-6.589192 1.439712 0.111172 255 68 68 R0 pano_camera6/frame_0351_hp_preview.jpg
-7.030488 1.446635 -0.092409 255 68 68 R0 pano_camera6/frame_0352_hp_preview.jpg
-7.252179 1.462631 -0.124343 255 68 68 R0 pano_camera6/frame_0353_hp_preview.jpg
-7.612041 1.471659 -0.297271 255 68 68 R0 pano_camera6/frame_0354_hp_preview.jpg
-7.727212 1.484318 -0.474842 255 68 68 R0 pano_camera6/frame_0355_hp_preview.jpg
-7.648701 1.489696 -0.893678 255 68 68 R0 pano_camera6/frame_0356_hp_preview.jpg
-7.576138 1.473189 -1.184612 255 68 68 R0 pano_camera6/frame_0357_hp_preview.jpg
-7.532688 1.453689 -1.267478 255 68 68 R0 pano_camera6/frame_0358_hp_preview.jpg
-7.501295 1.444138 -1.290529 255 68 68 R0 pano_camera6/frame_0359_hp_preview.jpg
-7.548684 1.459743 -1.296555 255 68 68 R0 pano_camera6/frame_0360_hp_preview.jpg
-7.548815 1.458681 -1.300755 255 68 68 R0 pano_camera6/frame_0361_hp_preview.jpg
-7.658608 1.467158 -1.567292 255 68 68 R0 pano_camera6/frame_0362_hp_preview.jpg
-7.791464 1.473250 -1.625233 255 68 68 R0 pano_camera6/frame_0363_hp_preview.jpg
-8.051945 1.505622 -1.642408 255 68 68 R0 pano_camera6/frame_0364_hp_preview.jpg
-8.132823 1.508930 -1.587965 255 68 68 R0 pano_camera6/frame_0365_hp_preview.jpg
-8.178070 1.502901 -1.190053 255 68 68 R0 pano_camera6/frame_0366_hp_preview.jpg
-8.154920 1.499634 -1.130000 255 68 68 R0 pano_camera6/frame_0367_hp_preview.jpg
-8.015165 1.486304 -0.826966 255 68 68 R0 pano_camera6/frame_0368_hp_preview.jpg
-7.715936 1.482236 -0.205788 255 68 68 R0 pano_camera6/frame_0369_hp_preview.jpg
-7.727077 1.454690 -0.002340 255 68 68 R0 pano_camera6/frame_0370_hp_preview.jpg
-7.865296 1.487792 0.138091 255 68 68 R0 pano_camera6/frame_0371_hp_preview.jpg
-8.192727 1.487765 0.077916 255 68 68 R0 pano_camera6/frame_0372_hp_preview.jpg
-8.445057 1.500488 -0.175208 255 68 68 R0 pano_camera6/frame_0373_hp_preview.jpg
-9.054569 1.504244 -0.537451 255 68 68 R0 pano_camera6/frame_0374_hp_preview.jpg
-9.246577 1.515863 -0.548997 255 68 68 R0 pano_camera6/frame_0375_hp_preview.jpg
-9.469081 1.530070 -0.475187 255 68 68 R0 pano_camera6/frame_0376_hp_preview.jpg
-9.644641 1.538168 -0.382516 255 68 68 R0 pano_camera6/frame_0377_hp_preview.jpg
-10.147651 1.574275 0.005055 255 68 68 R0 pano_camera6/frame_0378_hp_preview.jpg
-10.264202 1.566266 0.153227 255 68 68 R0 pano_camera6/frame_0379_hp_preview.jpg
-10.381315 1.566182 0.380005 255 68 68 R0 pano_camera6/frame_0380_hp_preview.jpg
-10.444809 1.447656 0.401308 255 68 68 R0 pano_camera6/frame_0381_hp_preview.jpg
-10.471636 1.318899 0.553300 255 68 68 R0 pano_camera6/frame_0382_hp_preview.jpg
-10.422512 1.523793 0.818047 255 68 68 R0 pano_camera6/frame_0383_hp_preview.jpg
-10.392985 1.536963 0.816101 255 68 68 R0 pano_camera6/frame_0384_hp_preview.jpg
-10.232246 1.546738 1.013687 255 68 68 R0 pano_camera6/frame_0385_hp_preview.jpg
-9.915283 1.553340 1.455690 255 68 68 R0 pano_camera6/frame_0386_hp_preview.jpg
-9.790038 1.551386 1.674462 255 68 68 R0 pano_camera6/frame_0387_hp_preview.jpg
-9.337256 1.548551 2.317589 255 68 68 R0 pano_camera6/frame_0388_hp_preview.jpg
-9.015227 1.537091 2.705660 255 68 68 R0 pano_camera6/frame_0389_hp_preview.jpg
-8.869570 1.524897 2.848928 255 68 68 R0 pano_camera6/frame_0390_hp_preview.jpg
-8.455187 1.524745 3.039872 255 68 68 R0 pano_camera6/frame_0391_hp_preview.jpg
-8.370792 1.520067 2.995375 255 68 68 R0 pano_camera6/frame_0392_hp_preview.jpg
-8.411250 1.519812 2.806339 255 68 68 R0 pano_camera6/frame_0393_hp_preview.jpg
-8.582961 1.513175 2.663568 255 68 68 R0 pano_camera6/frame_0394_hp_preview.jpg
-8.878268 1.510591 2.434326 255 68 68 R0 pano_camera6/frame_0395_hp_preview.jpg
-9.088768 1.513282 2.108929 255 68 68 R0 pano_camera6/frame_0396_hp_preview.jpg
-8.890905 1.528206 1.684930 255 68 68 R0 pano_camera6/frame_0397_hp_preview.jpg
-8.754420 1.523245 1.582608 255 68 68 R0 pano_camera6/frame_0398_hp_preview.jpg
-8.276093 1.521298 1.563364 255 68 68 R0 pano_camera6/frame_0399_hp_preview.jpg
-7.899597 1.502082 1.917561 255 68 68 R0 pano_camera6/frame_0400_hp_preview.jpg
-7.624153 1.496778 2.217121 255 68 68 R0 pano_camera6/frame_0401_hp_preview.jpg
-7.603742 1.495640 2.235462 255 68 68 R0 pano_camera6/frame_0402_hp_preview.jpg
-7.347870 1.488496 2.523180 255 68 68 R0 pano_camera6/frame_0403_hp_preview.jpg
-6.827138 1.480388 2.516365 255 68 68 R0 pano_camera6/frame_0404_hp_preview.jpg
-6.798477 1.485972 2.486484 255 68 68 R0 pano_camera6/frame_0405_hp_preview.jpg
-6.644564 1.491830 2.028746 255 68 68 R0 pano_camera6/frame_0406_hp_preview.jpg
-6.908735 1.480543 1.668772 255 68 68 R0 pano_camera6/frame_0407_hp_preview.jpg
-7.053842 1.485627 1.485162 255 68 68 R0 pano_camera6/frame_0408_hp_preview.jpg
-7.165724 1.480087 1.353650 255 68 68 R0 pano_camera6/frame_0409_hp_preview.jpg
-7.275996 1.495399 1.008386 255 68 68 R0 pano_camera6/frame_0410_hp_preview.jpg
-6.953836 1.480067 0.471458 255 68 68 R0 pano_camera6/frame_0411_hp_preview.jpg
-6.892299 1.471010 0.413942 255 68 68 R0 pano_camera6/frame_0412_hp_preview.jpg
-6.760310 1.471893 0.231377 255 68 68 R0 pano_camera6/frame_0413_hp_preview.jpg
-6.781340 1.474433 0.226061 255 68 68 R0 pano_camera6/frame_0414_hp_preview.jpg
-6.782789 1.474791 0.227522 255 68 68 R0 pano_camera6/frame_0415_hp_preview.jpg
-6.779366 1.470174 0.226103 255 68 68 R0 pano_camera6/frame_0416_hp_preview.jpg
0.000000 -0.000000 2.343401 255 68 68 R0 pano_camera7/frame_0140_hp_preview.jpg
0.127761 0.005893 2.470891 255 68 68 R0 pano_camera7/frame_0141_hp_preview.jpg
0.346065 0.002623 2.711520 255 68 68 R0 pano_camera7/frame_0142_hp_preview.jpg
0.502974 0.000991 2.810063 255 68 68 R0 pano_camera7/frame_0143_hp_preview.jpg
0.678739 0.015540 2.758182 255 68 68 R0 pano_camera7/frame_0144_hp_preview.jpg
0.737090 0.018654 2.581494 255 68 68 R0 pano_camera7/frame_0145_hp_preview.jpg
-0.124670 0.012572 2.770313 255 68 68 R0 pano_camera7/frame_0157_hp_preview.jpg
-0.262354 0.016634 2.856272 255 68 68 R0 pano_camera7/frame_0158_hp_preview.jpg
-0.311416 0.022625 2.953972 255 68 68 R0 pano_camera7/frame_0159_hp_preview.jpg
-0.560078 0.018756 3.562706 255 68 68 R0 pano_camera7/frame_0160_hp_preview.jpg
-0.767483 0.019702 3.824734 255 68 68 R0 pano_camera7/frame_0161_hp_preview.jpg
-1.068574 0.036567 4.113810 255 68 68 R0 pano_camera7/frame_0162_hp_preview.jpg
-1.275881 0.044868 4.273577 255 68 68 R0 pano_camera7/frame_0163_hp_preview.jpg
-1.500918 0.057022 4.415810 255 68 68 R0 pano_camera7/frame_0164_hp_preview.jpg
-1.898270 0.062840 4.402871 255 68 68 R0 pano_camera7/frame_0165_hp_preview.jpg
-2.059379 0.061956 4.269844 255 68 68 R0 pano_camera7/frame_0166_hp_preview.jpg
-2.306152 0.064967 3.910046 255 68 68 R0 pano_camera7/frame_0167_hp_preview.jpg
-2.254054 0.055954 3.523406 255 68 68 R0 pano_camera7/frame_0168_hp_preview.jpg
-2.164023 0.064813 3.407216 255 68 68 R0 pano_camera7/frame_0169_hp_preview.jpg
-1.628619 0.039325 2.875208 255 68 68 R0 pano_camera7/frame_0170_hp_preview.jpg
-1.555925 0.051705 2.805617 255 68 68 R0 pano_camera7/frame_0171_hp_preview.jpg
-1.216531 0.029524 2.480109 255 68 68 R0 pano_camera7/frame_0172_hp_preview.jpg
-1.139232 0.033650 2.099843 255 68 68 R0 pano_camera7/frame_0173_hp_preview.jpg
-1.343489 0.039625 1.764058 255 68 68 R0 pano_camera7/frame_0174_hp_preview.jpg
-1.352569 0.042647 1.758548 255 68 68 R0 pano_camera7/frame_0175_hp_preview.jpg
-1.783851 0.041097 1.664286 255 68 68 R0 pano_camera7/frame_0176_hp_preview.jpg
-2.027872 0.054168 1.712791 255 68 68 R0 pano_camera7/frame_0177_hp_preview.jpg
-2.489710 0.059054 1.730529 255 68 68 R0 pano_camera7/frame_0178_hp_preview.jpg
-2.811045 0.063821 1.482150 255 68 68 R0 pano_camera7/frame_0179_hp_preview.jpg
-2.853184 0.061475 1.288525 255 68 68 R0 pano_camera7/frame_0180_hp_preview.jpg
-2.721299 0.042578 1.050865 255 68 68 R0 pano_camera7/frame_0181_hp_preview.jpg
-2.526142 0.035930 0.889523 255 68 68 R0 pano_camera7/frame_0182_hp_preview.jpg
-2.301400 0.040123 0.570323 255 68 68 R0 pano_camera7/frame_0183_hp_preview.jpg
-2.453016 0.029724 0.421756 255 68 68 R0 pano_camera7/frame_0184_hp_preview.jpg
-2.606686 0.033477 0.470576 255 68 68 R0 pano_camera7/frame_0185_hp_preview.jpg
-2.799749 0.032787 0.614533 255 68 68 R0 pano_camera7/frame_0186_hp_preview.jpg
-2.998447 0.037709 0.750079 255 68 68 R0 pano_camera7/frame_0187_hp_preview.jpg
-3.298041 0.045684 0.854685 255 68 68 R0 pano_camera7/frame_0188_hp_preview.jpg
-3.601257 0.050376 0.766640 255 68 68 R0 pano_camera7/frame_0189_hp_preview.jpg
-3.632048 0.056282 0.747513 255 68 68 R0 pano_camera7/frame_0190_hp_preview.jpg
-3.799038 0.058890 0.532855 255 68 68 R0 pano_camera7/frame_0191_hp_preview.jpg
-3.800911 0.059050 0.172904 255 68 68 R0 pano_camera7/frame_0192_hp_preview.jpg
-3.669442 0.047692 -0.078137 255 68 68 R0 pano_camera7/frame_0193_hp_preview.jpg
-3.449269 0.032058 -0.360998 255 68 68 R0 pano_camera7/frame_0194_hp_preview.jpg
-3.310763 0.033236 -0.573882 255 68 68 R0 pano_camera7/frame_0195_hp_preview.jpg
-3.338865 0.019854 -0.778141 255 68 68 R0 pano_camera7/frame_0196_hp_preview.jpg
-3.538208 0.022125 -1.150226 255 68 68 R0 pano_camera7/frame_0197_hp_preview.jpg
-3.915358 0.040654 -1.630985 255 68 68 R0 pano_camera7/frame_0198_hp_preview.jpg
-4.025670 0.046948 -1.771715 255 68 68 R0 pano_camera7/frame_0199_hp_preview.jpg
-4.648176 0.085162 -2.339663 255 68 68 R0 pano_camera7/frame_0200_hp_preview.jpg
-4.639617 0.129478 -2.434131 255 68 68 R0 pano_camera7/frame_0201_hp_preview.jpg
-4.675514 0.061964 -1.197300 255 68 68 R0 pano_camera7/frame_0226_hp_preview.jpg
-5.281499 0.081925 0.075151 255 68 68 R0 pano_camera7/frame_0240_hp_preview.jpg
-5.266954 0.074577 0.140970 255 68 68 R0 pano_camera7/frame_0241_hp_preview.jpg
-5.370329 0.072442 0.418321 255 68 68 R0 pano_camera7/frame_0242_hp_preview.jpg
-5.252398 0.068856 0.580653 255 68 68 R0 pano_camera7/frame_0243_hp_preview.jpg
-5.039062 0.062700 0.565551 255 68 68 R0 pano_camera7/frame_0244_hp_preview.jpg
-4.935709 0.057573 0.583356 255 68 68 R0 pano_camera7/frame_0245_hp_preview.jpg
-4.664298 0.028147 0.646184 255 68 68 R0 pano_camera7/frame_0246_hp_preview.jpg
-4.536918 0.032600 0.571790 255 68 68 R0 pano_camera7/frame_0247_hp_preview.jpg
-4.221239 0.028061 0.644318 255 68 68 R0 pano_camera7/frame_0248_hp_preview.jpg
-4.185656 0.025576 0.664243 255 68 68 R0 pano_camera7/frame_0249_hp_preview.jpg
-3.558775 0.023151 1.131125 255 68 68 R0 pano_camera7/frame_0250_hp_preview.jpg
-3.548390 0.021609 1.140655 255 68 68 R0 pano_camera7/frame_0251_hp_preview.jpg
-3.244884 0.031192 1.562371 255 68 68 R0 pano_camera7/frame_0252_hp_preview.jpg
-3.096191 0.051215 2.101405 255 68 68 R0 pano_camera7/frame_0253_hp_preview.jpg
-3.367992 0.068919 2.426614 255 68 68 R0 pano_camera7/frame_0254_hp_preview.jpg
-3.410640 0.066340 2.432105 255 68 68 R0 pano_camera7/frame_0255_hp_preview.jpg
-3.842053 0.107590 2.075986 255 68 68 R0 pano_camera7/frame_0256_hp_preview.jpg
-3.971249 0.234061 1.901349 255 68 68 R0 pano_camera7/frame_0257_hp_preview.jpg
-4.020066 0.315466 1.834203 255 68 68 R0 pano_camera7/frame_0258_hp_preview.jpg
-4.097854 0.388958 1.710433 255 68 68 R0 pano_camera7/frame_0259_hp_preview.jpg
-4.277114 0.637504 1.436280 255 68 68 R0 pano_camera7/frame_0260_hp_preview.jpg
-4.279742 0.640201 1.429992 255 68 68 R0 pano_camera7/frame_0261_hp_preview.jpg
-4.490617 0.898140 1.165787 255 68 68 R0 pano_camera7/frame_0262_hp_preview.jpg
-4.501059 0.907531 1.159079 255 68 68 R0 pano_camera7/frame_0263_hp_preview.jpg
-4.605610 1.050798 1.020610 255 68 68 R0 pano_camera7/frame_0264_hp_preview.jpg
-4.766816 1.227890 0.813219 255 68 68 R0 pano_camera7/frame_0265_hp_preview.jpg
-4.812070 1.360665 0.586018 255 68 68 R0 pano_camera7/frame_0266_hp_preview.jpg
-4.798484 1.434485 0.376365 255 68 68 R0 pano_camera7/frame_0267_hp_preview.jpg
-4.596928 1.424548 0.144144 255 68 68 R0 pano_camera7/frame_0268_hp_preview.jpg
-4.223754 1.424747 -0.220767 255 68 68 R0 pano_camera7/frame_0269_hp_preview.jpg
-4.037447 1.439566 -0.375836 255 68 68 R0 pano_camera7/frame_0270_hp_preview.jpg
-3.669822 1.427466 -0.637379 255 68 68 R0 pano_camera7/frame_0271_hp_preview.jpg
-3.329324 1.425409 -0.886953 255 68 68 R0 pano_camera7/frame_0272_hp_preview.jpg
-3.146135 1.432494 -1.033637 255 68 68 R0 pano_camera7/frame_0273_hp_preview.jpg
-2.557956 1.417994 -1.480978 255 68 68 R0 pano_camera7/frame_0274_hp_preview.jpg
-2.499719 1.420799 -1.537402 255 68 68 R0 pano_camera7/frame_0275_hp_preview.jpg
-2.027981 1.416347 -1.910205 255 68 68 R0 pano_camera7/frame_0276_hp_preview.jpg
-1.889447 1.419430 -2.037445 255 68 68 R0 pano_camera7/frame_0277_hp_preview.jpg
-1.470993 1.429447 -2.444415 255 68 68 R0 pano_camera7/frame_0278_hp_preview.jpg
-1.233648 1.422878 -2.614466 255 68 68 R0 pano_camera7/frame_0279_hp_preview.jpg
-0.649317 1.418283 -3.115723 255 68 68 R0 pano_camera7/frame_0280_hp_preview.jpg
-0.536737 1.414300 -3.197741 255 68 68 R0 pano_camera7/frame_0281_hp_preview.jpg
-0.385244 1.407074 -3.351019 255 68 68 R0 pano_camera7/frame_0282_hp_preview.jpg
-0.307456 1.402981 -3.585692 255 68 68 R0 pano_camera7/frame_0283_hp_preview.jpg
-0.486499 1.394691 -3.972809 255 68 68 R0 pano_camera7/frame_0284_hp_preview.jpg
-0.523706 1.392646 -3.999270 255 68 68 R0 pano_camera7/frame_0285_hp_preview.jpg
-0.778917 1.394235 -4.204597 255 68 68 R0 pano_camera7/frame_0286_hp_preview.jpg
-0.979118 1.411449 -4.212352 255 68 68 R0 pano_camera7/frame_0287_hp_preview.jpg
-1.240202 1.424108 -4.227243 255 68 68 R0 pano_camera7/frame_0288_hp_preview.jpg
-1.395073 1.431397 -4.303098 255 68 68 R0 pano_camera7/frame_0289_hp_preview.jpg
-1.501382 1.429986 -4.557018 255 68 68 R0 pano_camera7/frame_0290_hp_preview.jpg
-1.598073 1.419180 -5.104948 255 68 68 R0 pano_camera7/frame_0291_hp_preview.jpg
-1.663208 1.418926 -5.317511 255 68 68 R0 pano_camera7/frame_0292_hp_preview.jpg
-1.705980 1.413616 -5.494733 255 68 68 R0 pano_camera7/frame_0293_hp_preview.jpg
-2.166427 1.403255 -5.939858 255 68 68 R0 pano_camera7/frame_0294_hp_preview.jpg
-2.216551 1.405076 -5.951916 255 68 68 R0 pano_camera7/frame_0295_hp_preview.jpg
-2.758252 1.406874 -5.759070 255 68 68 R0 pano_camera7/frame_0296_hp_preview.jpg
-2.857817 1.414819 -5.413187 255 68 68 R0 pano_camera7/frame_0297_hp_preview.jpg
-2.885242 1.404733 -5.103073 255 68 68 R0 pano_camera7/frame_0298_hp_preview.jpg
-2.896998 1.411660 -4.860958 255 68 68 R0 pano_camera7/frame_0299_hp_preview.jpg
-2.927742 1.418923 -4.398749 255 68 68 R0 pano_camera7/frame_0300_hp_preview.jpg
-2.930316 1.405266 -4.078772 255 68 68 R0 pano_camera7/frame_0301_hp_preview.jpg
-2.899770 1.401872 -3.757656 255 68 68 R0 pano_camera7/frame_0302_hp_preview.jpg
-2.785137 1.414961 -3.319754 255 68 68 R0 pano_camera7/frame_0303_hp_preview.jpg
-2.735448 1.410451 -3.095860 255 68 68 R0 pano_camera7/frame_0304_hp_preview.jpg
-2.671398 1.406015 -2.567484 255 68 68 R0 pano_camera7/frame_0305_hp_preview.jpg
-2.733401 1.399411 -2.041718 255 68 68 R0 pano_camera7/frame_0306_hp_preview.jpg
-2.832166 1.396149 -1.708325 255 68 68 R0 pano_camera7/frame_0307_hp_preview.jpg
-2.877625 1.402885 -1.631502 255 68 68 R0 pano_camera7/frame_0308_hp_preview.jpg
-3.261742 1.409936 -1.347039 255 68 68 R0 pano_camera7/frame_0309_hp_preview.jpg
-3.729823 1.427792 -1.353473 255 68 68 R0 pano_camera7/frame_0310_hp_preview.jpg
-3.960385 1.416978 -1.574459 255 68 68 R0 pano_camera7/frame_0311_hp_preview.jpg
-4.128569 1.429212 -1.989563 255 68 68 R0 pano_camera7/frame_0312_hp_preview.jpg
-4.196616 1.430101 -2.301038 255 68 68 R0 pano_camera7/frame_0313_hp_preview.jpg
-4.229892 1.429019 -2.582849 255 68 68 R0 pano_camera7/frame_0314_hp_preview.jpg
-4.329399 1.430465 -3.269538 255 68 68 R0 pano_camera7/frame_0315_hp_preview.jpg
-4.341275 1.434257 -3.319462 255 68 68 R0 pano_camera7/frame_0316_hp_preview.jpg
-4.456013 1.424831 -3.756129 255 68 68 R0 pano_camera7/frame_0317_hp_preview.jpg
-4.733557 1.417603 -4.149968 255 68 68 R0 pano_camera7/frame_0318_hp_preview.jpg
-4.860418 1.420117 -4.160091 255 68 68 R0 pano_camera7/frame_0319_hp_preview.jpg
-5.204661 1.445634 -4.063730 255 68 68 R0 pano_camera7/frame_0320_hp_preview.jpg
-5.728389 1.456382 -3.584243 255 68 68 R0 pano_camera7/frame_0321_hp_preview.jpg
-5.756549 1.456104 -3.551875 255 68 68 R0 pano_camera7/frame_0322_hp_preview.jpg
-5.872268 1.446056 -3.085604 255 68 68 R0 pano_camera7/frame_0323_hp_preview.jpg
-5.814695 1.456028 -2.609732 255 68 68 R0 pano_camera7/frame_0324_hp_preview.jpg
-5.821113 1.448689 -2.561348 255 68 68 R0 pano_camera7/frame_0325_hp_preview.jpg
-6.038513 1.447704 -2.111890 255 68 68 R0 pano_camera7/frame_0326_hp_preview.jpg
-6.303680 1.448310 -2.062078 255 68 68 R0 pano_camera7/frame_0327_hp_preview.jpg
-6.438129 1.458753 -2.101845 255 68 68 R0 pano_camera7/frame_0328_hp_preview.jpg
-6.631331 1.464549 -2.239411 255 68 68 R0 pano_camera7/frame_0329_hp_preview.jpg
-6.985016 1.473314 -2.370760 255 68 68 R0 pano_camera7/frame_0330_hp_preview.jpg
-7.101449 1.473312 -2.281120 255 68 68 R0 pano_camera7/frame_0331_hp_preview.jpg
-6.950098 1.462510 -1.880987 255 68 68 R0 pano_camera7/frame_0332_hp_preview.jpg
-6.778728 1.453302 -1.752377 255 68 68 R0 pano_camera7/frame_0333_hp_preview.jpg
-6.511900 1.448076 -1.470004 255 68 68 R0 pano_camera7/frame_0334_hp_preview.jpg
-6.409844 1.450298 -1.291863 255 68 68 R0 pano_camera7/frame_0335_hp_preview.jpg
-6.287094 1.440720 -1.098765 255 68 68 R0 pano_camera7/frame_0336_hp_preview.jpg
-6.060484 1.431460 -0.639499 255 68 68 R0 pano_camera7/frame_0337_hp_preview.jpg
-5.949976 1.434146 -0.408591 255 68 68 R0 pano_camera7/frame_0338_hp_preview.jpg
-5.711375 1.427912 0.204905 255 68 68 R0 pano_camera7/frame_0339_hp_preview.jpg
-5.615047 1.453874 0.609338 255 68 68 R0 pano_camera7/frame_0340_hp_preview.jpg
-5.582398 1.447731 0.716036 255 68 68 R0 pano_camera7/frame_0341_hp_preview.jpg
-5.454203 1.449302 1.020485 255 68 68 R0 pano_camera7/frame_0342_hp_preview.jpg
-5.220782 1.453371 1.369897 255 68 68 R0 pano_camera7/frame_0343_hp_preview.jpg
-5.264966 1.463158 1.717539 255 68 68 R0 pano_camera7/frame_0344_hp_preview.jpg
-5.516939 1.466904 1.634547 255 68 68 R0 pano_camera7/frame_0345_hp_preview.jpg
-5.714004 1.463689 1.450000 255 68 68 R0 pano_camera7/frame_0346_hp_preview.jpg
-5.815574 1.462958 1.242631 255 68 68 R0 pano_camera7/frame_0347_hp_preview.jpg
-5.940494 1.464197 1.012405 255 68 68 R0 pano_camera7/frame_0348_hp_preview.jpg
-6.237551 1.454903 0.467506 255 68 68 R0 pano_camera7/frame_0349_hp_preview.jpg
-6.434689 1.443099 0.259145 255 68 68 R0 pano_camera7/frame_0350_hp_preview.jpg
-6.589192 1.439712 0.111172 255 68 68 R0 pano_camera7/frame_0351_hp_preview.jpg
-7.030488 1.446635 -0.092409 255 68 68 R0 pano_camera7/frame_0352_hp_preview.jpg
-7.252179 1.462631 -0.124343 255 68 68 R0 pano_camera7/frame_0353_hp_preview.jpg
-7.612041 1.471659 -0.297271 255 68 68 R0 pano_camera7/frame_0354_hp_preview.jpg
-7.727212 1.484318 -0.474842 255 68 68 R0 pano_camera7/frame_0355_hp_preview.jpg
-7.648701 1.489696 -0.893678 255 68 68 R0 pano_camera7/frame_0356_hp_preview.jpg
-7.576138 1.473189 -1.184612 255 68 68 R0 pano_camera7/frame_0357_hp_preview.jpg
-7.532688 1.453689 -1.267478 255 68 68 R0 pano_camera7/frame_0358_hp_preview.jpg
-7.501295 1.444138 -1.290529 255 68 68 R0 pano_camera7/frame_0359_hp_preview.jpg
-7.548684 1.459743 -1.296555 255 68 68 R0 pano_camera7/frame_0360_hp_preview.jpg
-7.548815 1.458681 -1.300755 255 68 68 R0 pano_camera7/frame_0361_hp_preview.jpg
-7.658608 1.467158 -1.567292 255 68 68 R0 pano_camera7/frame_0362_hp_preview.jpg
-7.791464 1.473250 -1.625233 255 68 68 R0 pano_camera7/frame_0363_hp_preview.jpg
-8.051945 1.505622 -1.642408 255 68 68 R0 pano_camera7/frame_0364_hp_preview.jpg
-8.132823 1.508930 -1.587965 255 68 68 R0 pano_camera7/frame_0365_hp_preview.jpg
-8.178070 1.502901 -1.190053 255 68 68 R0 pano_camera7/frame_0366_hp_preview.jpg
-8.154920 1.499634 -1.130000 255 68 68 R0 pano_camera7/frame_0367_hp_preview.jpg
-8.015165 1.486304 -0.826966 255 68 68 R0 pano_camera7/frame_0368_hp_preview.jpg
-7.715936 1.482236 -0.205788 255 68 68 R0 pano_camera7/frame_0369_hp_preview.jpg
-7.727077 1.454690 -0.002340 255 68 68 R0 pano_camera7/frame_0370_hp_preview.jpg
-7.865296 1.487792 0.138091 255 68 68 R0 pano_camera7/frame_0371_hp_preview.jpg
-8.192727 1.487765 0.077916 255 68 68 R0 pano_camera7/frame_0372_hp_preview.jpg
-8.445057 1.500488 -0.175208 255 68 68 R0 pano_camera7/frame_0373_hp_preview.jpg
-9.054569 1.504244 -0.537451 255 68 68 R0 pano_camera7/frame_0374_hp_preview.jpg
-9.246577 1.515863 -0.548997 255 68 68 R0 pano_camera7/frame_0375_hp_preview.jpg
-9.469081 1.530070 -0.475187 255 68 68 R0 pano_camera7/frame_0376_hp_preview.jpg
-9.644641 1.538168 -0.382516 255 68 68 R0 pano_camera7/frame_0377_hp_preview.jpg
-10.147651 1.574275 0.005055 255 68 68 R0 pano_camera7/frame_0378_hp_preview.jpg
-10.264202 1.566266 0.153227 255 68 68 R0 pano_camera7/frame_0379_hp_preview.jpg
-10.381315 1.566182 0.380005 255 68 68 R0 pano_camera7/frame_0380_hp_preview.jpg
-10.444809 1.447656 0.401308 255 68 68 R0 pano_camera7/frame_0381_hp_preview.jpg
-10.471636 1.318899 0.553300 255 68 68 R0 pano_camera7/frame_0382_hp_preview.jpg
-10.422512 1.523793 0.818047 255 68 68 R0 pano_camera7/frame_0383_hp_preview.jpg
-10.392985 1.536963 0.816101 255 68 68 R0 pano_camera7/frame_0384_hp_preview.jpg
-10.232246 1.546738 1.013687 255 68 68 R0 pano_camera7/frame_0385_hp_preview.jpg
-9.915283 1.553340 1.455690 255 68 68 R0 pano_camera7/frame_0386_hp_preview.jpg
-9.790038 1.551386 1.674462 255 68 68 R0 pano_camera7/frame_0387_hp_preview.jpg
-9.337256 1.548551 2.317589 255 68 68 R0 pano_camera7/frame_0388_hp_preview.jpg
-9.015227 1.537091 2.705660 255 68 68 R0 pano_camera7/frame_0389_hp_preview.jpg
-8.869570 1.524897 2.848928 255 68 68 R0 pano_camera7/frame_0390_hp_preview.jpg
-8.455187 1.524745 3.039872 255 68 68 R0 pano_camera7/frame_0391_hp_preview.jpg
-8.370792 1.520067 2.995375 255 68 68 R0 pano_camera7/frame_0392_hp_preview.jpg
-8.411250 1.519812 2.806339 255 68 68 R0 pano_camera7/frame_0393_hp_preview.jpg
-8.582961 1.513175 2.663568 255 68 68 R0 pano_camera7/frame_0394_hp_preview.jpg
-8.878268 1.510591 2.434326 255 68 68 R0 pano_camera7/frame_0395_hp_preview.jpg
-9.088768 1.513282 2.108929 255 68 68 R0 pano_camera7/frame_0396_hp_preview.jpg
-8.890905 1.528206 1.684930 255 68 68 R0 pano_camera7/frame_0397_hp_preview.jpg
-8.754420 1.523245 1.582608 255 68 68 R0 pano_camera7/frame_0398_hp_preview.jpg
-8.276093 1.521298 1.563364 255 68 68 R0 pano_camera7/frame_0399_hp_preview.jpg
-7.899597 1.502082 1.917561 255 68 68 R0 pano_camera7/frame_0400_hp_preview.jpg
-7.624153 1.496778 2.217121 255 68 68 R0 pano_camera7/frame_0401_hp_preview.jpg
-7.603742 1.495640 2.235462 255 68 68 R0 pano_camera7/frame_0402_hp_preview.jpg
-7.347870 1.488496 2.523180 255 68 68 R0 pano_camera7/frame_0403_hp_preview.jpg
-6.827138 1.480388 2.516365 255 68 68 R0 pano_camera7/frame_0404_hp_preview.jpg
-6.798477 1.485972 2.486484 255 68 68 R0 pano_camera7/frame_0405_hp_preview.jpg
-6.644564 1.491830 2.028746 255 68 68 R0 pano_camera7/frame_0406_hp_preview.jpg
-6.908735 1.480543 1.668772 255 68 68 R0 pano_camera7/frame_0407_hp_preview.jpg
-7.053842 1.485627 1.485162 255 68 68 R0 pano_camera7/frame_0408_hp_preview.jpg
-7.165724 1.480087 1.353650 255 68 68 R0 pano_camera7/frame_0409_hp_preview.jpg
-7.275996 1.495399 1.008386 255 68 68 R0 pano_camera7/frame_0410_hp_preview.jpg
-6.953836 1.480067 0.471458 255 68 68 R0 pano_camera7/frame_0411_hp_preview.jpg
-6.892299 1.471010 0.413942 255 68 68 R0 pano_camera7/frame_0412_hp_preview.jpg
-6.760310 1.471893 0.231377 255 68 68 R0 pano_camera7/frame_0413_hp_preview.jpg
-6.781340 1.474433 0.226061 255 68 68 R0 pano_camera7/frame_0414_hp_preview.jpg
-6.782789 1.474791 0.227522 255 68 68 R0 pano_camera7/frame_0415_hp_preview.jpg
-6.779366 1.470174 0.226103 255 68 68 R0 pano_camera7/frame_0416_hp_preview.jpg

# Object R1: Green (720 points)
# Transform: Pos(0.000, 0.000, 0.000) Scale(1.000, 1.000, 1.000) Quat(0.000, 0.000, 0.000, 1.000)
0.000000 0.000000 2.744597 68 255 68 R1 pano_camera0/frame_0000_hp_preview.jpg
1.292763 -0.013334 3.187987 68 255 68 R1 pano_camera0/frame_0002_hp_preview.jpg
1.955976 0.039006 3.403878 68 255 68 R1 pano_camera0/frame_0003_hp_preview.jpg
2.316401 0.067077 3.530954 68 255 68 R1 pano_camera0/frame_0004_hp_preview.jpg
2.372445 0.315218 3.698661 68 255 68 R1 pano_camera0/frame_0005_hp_preview.jpg
2.188438 0.253484 3.513375 68 255 68 R1 pano_camera0/frame_0006_hp_preview.jpg
2.135612 0.164421 3.380070 68 255 68 R1 pano_camera0/frame_0007_hp_preview.jpg
2.132217 0.163218 3.389015 68 255 68 R1 pano_camera0/frame_0008_hp_preview.jpg
2.136674 0.175415 3.443850 68 255 68 R1 pano_camera0/frame_0009_hp_preview.jpg
2.140788 0.178805 3.447429 68 255 68 R1 pano_camera0/frame_0010_hp_preview.jpg
2.159438 0.192415 3.440059 68 255 68 R1 pano_camera0/frame_0011_hp_preview.jpg
2.107861 0.157737 3.439498 68 255 68 R1 pano_camera0/frame_0012_hp_preview.jpg
2.143161 0.169267 3.362827 68 255 68 R1 pano_camera0/frame_0013_hp_preview.jpg
2.200228 0.385333 3.463982 68 255 68 R1 pano_camera0/frame_0014_hp_preview.jpg
2.269490 0.382284 3.451498 68 255 68 R1 pano_camera0/frame_0015_hp_preview.jpg
2.263637 0.402019 3.383198 68 255 68 R1 pano_camera0/frame_0016_hp_preview.jpg
1.876367 0.386791 3.257053 68 255 68 R1 pano_camera0/frame_0017_hp_preview.jpg
1.439122 0.383458 3.064520 68 255 68 R1 pano_camera0/frame_0018_hp_preview.jpg
1.192644 0.382104 2.859557 68 255 68 R1 pano_camera0/frame_0019_hp_preview.jpg
1.010678 0.385501 2.550361 68 255 68 R1 pano_camera0/frame_0020_hp_preview.jpg
0.914325 0.378420 1.962108 68 255 68 R1 pano_camera0/frame_0021_hp_preview.jpg
0.823535 0.376530 0.979284 68 255 68 R1 pano_camera0/frame_0022_hp_preview.jpg
0.746975 0.366068 0.559499 68 255 68 R1 pano_camera0/frame_0023_hp_preview.jpg
0.758139 0.367140 0.252961 68 255 68 R1 pano_camera0/frame_0024_hp_preview.jpg
1.002070 0.383925 -0.254174 68 255 68 R1 pano_camera0/frame_0025_hp_preview.jpg
1.303041 0.415973 -0.491403 68 255 68 R1 pano_camera0/frame_0026_hp_preview.jpg
1.588401 0.426581 -0.587056 68 255 68 R1 pano_camera0/frame_0027_hp_preview.jpg
0.992486 0.401001 -0.868426 68 255 68 R1 pano_camera0/frame_0028_hp_preview.jpg
0.221394 0.393655 -1.024328 68 255 68 R1 pano_camera0/frame_0029_hp_preview.jpg
-0.474706 0.375528 -1.215436 68 255 68 R1 pano_camera0/frame_0030_hp_preview.jpg
-0.912415 0.383135 -1.480343 68 255 68 R1 pano_camera0/frame_0031_hp_preview.jpg
-0.982309 0.373205 -1.955276 68 255 68 R1 pano_camera0/frame_0032_hp_preview.jpg
-0.857042 0.369978 -2.216170 68 255 68 R1 pano_camera0/frame_0033_hp_preview.jpg
-0.074625 0.414387 -2.564426 68 255 68 R1 pano_camera0/frame_0034_hp_preview.jpg
0.164614 0.421007 -2.497707 68 255 68 R1 pano_camera0/frame_0035_hp_preview.jpg
0.752719 0.412763 -2.289798 68 255 68 R1 pano_camera0/frame_0036_hp_preview.jpg
1.212462 0.439126 -2.196490 68 255 68 R1 pano_camera0/frame_0037_hp_preview.jpg
1.641657 0.440167 -2.117545 68 255 68 R1 pano_camera0/frame_0038_hp_preview.jpg
2.382214 0.425106 -2.365394 68 255 68 R1 pano_camera0/frame_0039_hp_preview.jpg
2.723829 0.462134 -2.718351 68 255 68 R1 pano_camera0/frame_0040_hp_preview.jpg
2.769307 0.473084 -2.794905 68 255 68 R1 pano_camera0/frame_0041_hp_preview.jpg
3.139132 0.476649 -3.431626 68 255 68 R1 pano_camera0/frame_0042_hp_preview.jpg
3.508784 0.598379 -3.762189 68 255 68 R1 pano_camera0/frame_0043_hp_preview.jpg
3.956916 0.603837 -3.651401 68 255 68 R1 pano_camera0/frame_0044_hp_preview.jpg
4.613155 0.600999 -3.623259 68 255 68 R1 pano_camera0/frame_0045_hp_preview.jpg
4.750837 0.604463 -3.832147 68 255 68 R1 pano_camera0/frame_0046_hp_preview.jpg
4.721613 0.596011 -3.922432 68 255 68 R1 pano_camera0/frame_0047_hp_preview.jpg
4.544875 0.605063 -4.130327 68 255 68 R1 pano_camera0/frame_0048_hp_preview.jpg
3.935500 0.606754 -4.386841 68 255 68 R1 pano_camera0/frame_0049_hp_preview.jpg
3.119061 0.591656 -4.423021 68 255 68 R1 pano_camera0/frame_0050_hp_preview.jpg
3.083797 0.594869 -4.419909 68 255 68 R1 pano_camera0/frame_0051_hp_preview.jpg
2.252813 0.566547 -4.543623 68 255 68 R1 pano_camera0/frame_0052_hp_preview.jpg
2.069995 0.469251 -4.654957 68 255 68 R1 pano_camera0/frame_0053_hp_preview.jpg
1.876249 0.467871 -4.974225 68 255 68 R1 pano_camera0/frame_0054_hp_preview.jpg
1.088960 0.442237 -5.284512 68 255 68 R1 pano_camera0/frame_0055_hp_preview.jpg
0.704572 0.451029 -5.233444 68 255 68 R1 pano_camera0/frame_0056_hp_preview.jpg
0.300972 0.436320 -5.129429 68 255 68 R1 pano_camera0/frame_0057_hp_preview.jpg
0.038475 0.430138 -5.065747 68 255 68 R1 pano_camera0/frame_0058_hp_preview.jpg
-0.246116 0.402885 -4.716542 68 255 68 R1 pano_camera0/frame_0059_hp_preview.jpg
-0.506796 0.410339 -4.156928 68 255 68 R1 pano_camera0/frame_0060_hp_preview.jpg
-0.648582 0.415622 -3.872212 68 255 68 R1 pano_camera0/frame_0061_hp_preview.jpg
-0.921081 0.368931 -2.915186 68 255 68 R1 pano_camera0/frame_0062_hp_preview.jpg
-1.146557 0.369479 -2.198827 68 255 68 R1 pano_camera0/frame_0063_hp_preview.jpg
-1.187528 0.369895 -2.069174 68 255 68 R1 pano_camera0/frame_0064_hp_preview.jpg
-1.681883 0.330809 -1.300966 68 255 68 R1 pano_camera0/frame_0065_hp_preview.jpg
-1.868043 0.328969 -1.168229 68 255 68 R1 pano_camera0/frame_0066_hp_preview.jpg
-2.405267 0.304783 -0.534157 68 255 68 R1 pano_camera0/frame_0067_hp_preview.jpg
-2.720640 0.299804 0.196140 68 255 68 R1 pano_camera0/frame_0068_hp_preview.jpg
-2.765004 0.302836 0.306932 68 255 68 R1 pano_camera0/frame_0069_hp_preview.jpg
-2.633468 0.292425 1.132959 68 255 68 R1 pano_camera0/frame_0070_hp_preview.jpg
-2.188584 0.287919 1.575298 68 255 68 R1 pano_camera0/frame_0071_hp_preview.jpg
-1.730687 0.298689 1.822946 68 255 68 R1 pano_camera0/frame_0072_hp_preview.jpg
-1.640382 0.302569 1.850682 68 255 68 R1 pano_camera0/frame_0073_hp_preview.jpg
-1.016770 0.312132 2.170269 68 255 68 R1 pano_camera0/frame_0074_hp_preview.jpg
-0.337821 0.333624 2.593397 68 255 68 R1 pano_camera0/frame_0075_hp_preview.jpg
-0.069908 0.327207 2.756592 68 255 68 R1 pano_camera0/frame_0076_hp_preview.jpg
0.529475 0.353236 3.105892 68 255 68 R1 pano_camera0/frame_0077_hp_preview.jpg
1.226551 0.380567 3.486934 68 255 68 R1 pano_camera0/frame_0078_hp_preview.jpg
2.121607 0.374672 4.119129 68 255 68 R1 pano_camera0/frame_0079_hp_preview.jpg
2.504486 0.390245 4.696515 68 255 68 R1 pano_camera0/frame_0080_hp_preview.jpg
-1.746501 0.309426 3.111636 68 255 68 R1 pano_camera0/frame_0118_hp_preview.jpg
-1.723719 0.317667 2.655313 68 255 68 R1 pano_camera0/frame_0119_hp_preview.jpg
-2.089843 0.315577 2.039740 68 255 68 R1 pano_camera0/frame_0120_hp_preview.jpg
-2.435078 0.303911 1.804077 68 255 68 R1 pano_camera0/frame_0121_hp_preview.jpg
-2.748430 0.306337 1.665440 68 255 68 R1 pano_camera0/frame_0122_hp_preview.jpg
-3.416129 0.300962 1.547754 68 255 68 R1 pano_camera0/frame_0123_hp_preview.jpg
-3.943001 0.292167 1.692181 68 255 68 R1 pano_camera0/frame_0124_hp_preview.jpg
-4.069684 0.282247 2.038568 68 255 68 R1 pano_camera0/frame_0125_hp_preview.jpg
-4.073934 0.303745 2.251918 68 255 68 R1 pano_camera0/frame_0126_hp_preview.jpg
-3.942780 0.277830 -0.226355 68 255 68 R1 pano_camera0/frame_0197_hp_preview.jpg
0.000000 0.000000 2.744597 68 255 68 R1 pano_camera1/frame_0000_hp_preview.jpg
1.292763 -0.013334 3.187987 68 255 68 R1 pano_camera1/frame_0002_hp_preview.jpg
1.955976 0.039006 3.403878 68 255 68 R1 pano_camera1/frame_0003_hp_preview.jpg
2.316401 0.067077 3.530954 68 255 68 R1 pano_camera1/frame_0004_hp_preview.jpg
2.372445 0.315218 3.698661 68 255 68 R1 pano_camera1/frame_0005_hp_preview.jpg
2.188438 0.253484 3.513375 68 255 68 R1 pano_camera1/frame_0006_hp_preview.jpg
2.135612 0.164421 3.380070 68 255 68 R1 pano_camera1/frame_0007_hp_preview.jpg
2.132217 0.163218 3.389015 68 255 68 R1 pano_camera1/frame_0008_hp_preview.jpg
2.136674 0.175415 3.443850 68 255 68 R1 pano_camera1/frame_0009_hp_preview.jpg
2.140788 0.178805 3.447429 68 255 68 R1 pano_camera1/frame_0010_hp_preview.jpg
2.159438 0.192415 3.440059 68 255 68 R1 pano_camera1/frame_0011_hp_preview.jpg
2.107861 0.157737 3.439498 68 255 68 R1 pano_camera1/frame_0012_hp_preview.jpg
2.143161 0.169267 3.362827 68 255 68 R1 pano_camera1/frame_0013_hp_preview.jpg
2.200228 0.385333 3.463982 68 255 68 R1 pano_camera1/frame_0014_hp_preview.jpg
2.269490 0.382284 3.451498 68 255 68 R1 pano_camera1/frame_0015_hp_preview.jpg
2.263637 0.402019 3.383198 68 255 68 R1 pano_camera1/frame_0016_hp_preview.jpg
1.876367 0.386791 3.257053 68 255 68 R1 pano_camera1/frame_0017_hp_preview.jpg
1.439122 0.383458 3.064520 68 255 68 R1 pano_camera1/frame_0018_hp_preview.jpg
1.192644 0.382104 2.859557 68 255 68 R1 pano_camera1/frame_0019_hp_preview.jpg
1.010678 0.385501 2.550361 68 255 68 R1 pano_camera1/frame_0020_hp_preview.jpg
0.914325 0.378420 1.962108 68 255 68 R1 pano_camera1/frame_0021_hp_preview.jpg
0.823535 0.376530 0.979284 68 255 68 R1 pano_camera1/frame_0022_hp_preview.jpg
0.746975 0.366068 0.559499 68 255 68 R1 pano_camera1/frame_0023_hp_preview.jpg
0.758139 0.367140 0.252961 68 255 68 R1 pano_camera1/frame_0024_hp_preview.jpg
1.002070 0.383925 -0.254174 68 255 68 R1 pano_camera1/frame_0025_hp_preview.jpg
1.303041 0.415973 -0.491403 68 255 68 R1 pano_camera1/frame_0026_hp_preview.jpg
1.588401 0.426581 -0.587056 68 255 68 R1 pano_camera1/frame_0027_hp_preview.jpg
0.992486 0.401001 -0.868426 68 255 68 R1 pano_camera1/frame_0028_hp_preview.jpg
0.221394 0.393655 -1.024328 68 255 68 R1 pano_camera1/frame_0029_hp_preview.jpg
-0.474706 0.375528 -1.215436 68 255 68 R1 pano_camera1/frame_0030_hp_preview.jpg
-0.912415 0.383135 -1.480343 68 255 68 R1 pano_camera1/frame_0031_hp_preview.jpg
-0.982309 0.373205 -1.955276 68 255 68 R1 pano_camera1/frame_0032_hp_preview.jpg
-0.857042 0.369978 -2.216170 68 255 68 R1 pano_camera1/frame_0033_hp_preview.jpg
-0.074625 0.414387 -2.564426 68 255 68 R1 pano_camera1/frame_0034_hp_preview.jpg
0.164614 0.421007 -2.497707 68 255 68 R1 pano_camera1/frame_0035_hp_preview.jpg
0.752719 0.412763 -2.289798 68 255 68 R1 pano_camera1/frame_0036_hp_preview.jpg
1.212462 0.439126 -2.196490 68 255 68 R1 pano_camera1/frame_0037_hp_preview.jpg
1.641657 0.440167 -2.117545 68 255 68 R1 pano_camera1/frame_0038_hp_preview.jpg
2.382214 0.425106 -2.365394 68 255 68 R1 pano_camera1/frame_0039_hp_preview.jpg
2.723829 0.462134 -2.718351 68 255 68 R1 pano_camera1/frame_0040_hp_preview.jpg
2.769307 0.473084 -2.794905 68 255 68 R1 pano_camera1/frame_0041_hp_preview.jpg
3.139132 0.476649 -3.431626 68 255 68 R1 pano_camera1/frame_0042_hp_preview.jpg
3.508784 0.598379 -3.762189 68 255 68 R1 pano_camera1/frame_0043_hp_preview.jpg
3.956916 0.603837 -3.651401 68 255 68 R1 pano_camera1/frame_0044_hp_preview.jpg
4.613155 0.600999 -3.623259 68 255 68 R1 pano_camera1/frame_0045_hp_preview.jpg
4.750837 0.604463 -3.832147 68 255 68 R1 pano_camera1/frame_0046_hp_preview.jpg
4.721613 0.596011 -3.922432 68 255 68 R1 pano_camera1/frame_0047_hp_preview.jpg
4.544875 0.605063 -4.130327 68 255 68 R1 pano_camera1/frame_0048_hp_preview.jpg
3.935500 0.606754 -4.386841 68 255 68 R1 pano_camera1/frame_0049_hp_preview.jpg
3.119061 0.591656 -4.423021 68 255 68 R1 pano_camera1/frame_0050_hp_preview.jpg
3.083797 0.594869 -4.419909 68 255 68 R1 pano_camera1/frame_0051_hp_preview.jpg
2.252813 0.566547 -4.543623 68 255 68 R1 pano_camera1/frame_0052_hp_preview.jpg
2.069995 0.469251 -4.654957 68 255 68 R1 pano_camera1/frame_0053_hp_preview.jpg
1.876249 0.467871 -4.974225 68 255 68 R1 pano_camera1/frame_0054_hp_preview.jpg
1.088960 0.442237 -5.284512 68 255 68 R1 pano_camera1/frame_0055_hp_preview.jpg
0.704572 0.451029 -5.233444 68 255 68 R1 pano_camera1/frame_0056_hp_preview.jpg
0.300972 0.436320 -5.129429 68 255 68 R1 pano_camera1/frame_0057_hp_preview.jpg
0.038475 0.430138 -5.065747 68 255 68 R1 pano_camera1/frame_0058_hp_preview.jpg
-0.246116 0.402885 -4.716542 68 255 68 R1 pano_camera1/frame_0059_hp_preview.jpg
-0.506796 0.410339 -4.156928 68 255 68 R1 pano_camera1/frame_0060_hp_preview.jpg
-0.648582 0.415622 -3.872212 68 255 68 R1 pano_camera1/frame_0061_hp_preview.jpg
-0.921081 0.368931 -2.915186 68 255 68 R1 pano_camera1/frame_0062_hp_preview.jpg
-1.146557 0.369479 -2.198827 68 255 68 R1 pano_camera1/frame_0063_hp_preview.jpg
-1.187528 0.369895 -2.069174 68 255 68 R1 pano_camera1/frame_0064_hp_preview.jpg
-1.681883 0.330809 -1.300966 68 255 68 R1 pano_camera1/frame_0065_hp_preview.jpg
-1.868043 0.328969 -1.168229 68 255 68 R1 pano_camera1/frame_0066_hp_preview.jpg
-2.405267 0.304783 -0.534157 68 255 68 R1 pano_camera1/frame_0067_hp_preview.jpg
-2.720640 0.299804 0.196140 68 255 68 R1 pano_camera1/frame_0068_hp_preview.jpg
-2.765004 0.302836 0.306932 68 255 68 R1 pano_camera1/frame_0069_hp_preview.jpg
-2.633468 0.292425 1.132959 68 255 68 R1 pano_camera1/frame_0070_hp_preview.jpg
-2.188584 0.287919 1.575298 68 255 68 R1 pano_camera1/frame_0071_hp_preview.jpg
-1.730687 0.298689 1.822946 68 255 68 R1 pano_camera1/frame_0072_hp_preview.jpg
-1.640382 0.302569 1.850682 68 255 68 R1 pano_camera1/frame_0073_hp_preview.jpg
-1.016770 0.312132 2.170269 68 255 68 R1 pano_camera1/frame_0074_hp_preview.jpg
-0.337821 0.333624 2.593397 68 255 68 R1 pano_camera1/frame_0075_hp_preview.jpg
-0.069908 0.327207 2.756592 68 255 68 R1 pano_camera1/frame_0076_hp_preview.jpg
0.529475 0.353236 3.105892 68 255 68 R1 pano_camera1/frame_0077_hp_preview.jpg
1.226551 0.380567 3.486934 68 255 68 R1 pano_camera1/frame_0078_hp_preview.jpg
2.121607 0.374672 4.119129 68 255 68 R1 pano_camera1/frame_0079_hp_preview.jpg
2.504486 0.390245 4.696515 68 255 68 R1 pano_camera1/frame_0080_hp_preview.jpg
-1.746501 0.309426 3.111636 68 255 68 R1 pano_camera1/frame_0118_hp_preview.jpg
-1.723719 0.317667 2.655313 68 255 68 R1 pano_camera1/frame_0119_hp_preview.jpg
-2.089843 0.315577 2.039740 68 255 68 R1 pano_camera1/frame_0120_hp_preview.jpg
-2.435078 0.303911 1.804077 68 255 68 R1 pano_camera1/frame_0121_hp_preview.jpg
-2.748430 0.306337 1.665440 68 255 68 R1 pano_camera1/frame_0122_hp_preview.jpg
-3.416129 0.300962 1.547754 68 255 68 R1 pano_camera1/frame_0123_hp_preview.jpg
-3.943001 0.292167 1.692181 68 255 68 R1 pano_camera1/frame_0124_hp_preview.jpg
-4.069684 0.282247 2.038568 68 255 68 R1 pano_camera1/frame_0125_hp_preview.jpg
-4.073934 0.303745 2.251918 68 255 68 R1 pano_camera1/frame_0126_hp_preview.jpg
-3.942780 0.277830 -0.226355 68 255 68 R1 pano_camera1/frame_0197_hp_preview.jpg
0.000000 0.000000 2.744597 68 255 68 R1 pano_camera2/frame_0000_hp_preview.jpg
1.292763 -0.013334 3.187987 68 255 68 R1 pano_camera2/frame_0002_hp_preview.jpg
1.955976 0.039006 3.403878 68 255 68 R1 pano_camera2/frame_0003_hp_preview.jpg
2.316401 0.067077 3.530954 68 255 68 R1 pano_camera2/frame_0004_hp_preview.jpg
2.372445 0.315218 3.698661 68 255 68 R1 pano_camera2/frame_0005_hp_preview.jpg
2.188438 0.253484 3.513375 68 255 68 R1 pano_camera2/frame_0006_hp_preview.jpg
2.135612 0.164421 3.380070 68 255 68 R1 pano_camera2/frame_0007_hp_preview.jpg
2.132217 0.163218 3.389015 68 255 68 R1 pano_camera2/frame_0008_hp_preview.jpg
2.136674 0.175415 3.443850 68 255 68 R1 pano_camera2/frame_0009_hp_preview.jpg
2.140788 0.178805 3.447429 68 255 68 R1 pano_camera2/frame_0010_hp_preview.jpg
2.159438 0.192415 3.440059 68 255 68 R1 pano_camera2/frame_0011_hp_preview.jpg
2.107861 0.157737 3.439498 68 255 68 R1 pano_camera2/frame_0012_hp_preview.jpg
2.143161 0.169267 3.362827 68 255 68 R1 pano_camera2/frame_0013_hp_preview.jpg
2.200228 0.385333 3.463982 68 255 68 R1 pano_camera2/frame_0014_hp_preview.jpg
2.269490 0.382284 3.451498 68 255 68 R1 pano_camera2/frame_0015_hp_preview.jpg
2.263637 0.402019 3.383198 68 255 68 R1 pano_camera2/frame_0016_hp_preview.jpg
1.876367 0.386791 3.257053 68 255 68 R1 pano_camera2/frame_0017_hp_preview.jpg
1.439122 0.383458 3.064520 68 255 68 R1 pano_camera2/frame_0018_hp_preview.jpg
1.192644 0.382104 2.859557 68 255 68 R1 pano_camera2/frame_0019_hp_preview.jpg
1.010678 0.385501 2.550361 68 255 68 R1 pano_camera2/frame_0020_hp_preview.jpg
0.914325 0.378420 1.962108 68 255 68 R1 pano_camera2/frame_0021_hp_preview.jpg
0.823535 0.376530 0.979284 68 255 68 R1 pano_camera2/frame_0022_hp_preview.jpg
0.746975 0.366068 0.559499 68 255 68 R1 pano_camera2/frame_0023_hp_preview.jpg
0.758139 0.367140 0.252961 68 255 68 R1 pano_camera2/frame_0024_hp_preview.jpg
1.002070 0.383925 -0.254174 68 255 68 R1 pano_camera2/frame_0025_hp_preview.jpg
1.303041 0.415973 -0.491403 68 255 68 R1 pano_camera2/frame_0026_hp_preview.jpg
1.588401 0.426581 -0.587056 68 255 68 R1 pano_camera2/frame_0027_hp_preview.jpg
0.992486 0.401001 -0.868426 68 255 68 R1 pano_camera2/frame_0028_hp_preview.jpg
0.221394 0.393655 -1.024328 68 255 68 R1 pano_camera2/frame_0029_hp_preview.jpg
-0.474706 0.375528 -1.215436 68 255 68 R1 pano_camera2/frame_0030_hp_preview.jpg
-0.912415 0.383135 -1.480343 68 255 68 R1 pano_camera2/frame_0031_hp_preview.jpg
-0.982309 0.373205 -1.955276 68 255 68 R1 pano_camera2/frame_0032_hp_preview.jpg
-0.857042 0.369978 -2.216170 68 255 68 R1 pano_camera2/frame_0033_hp_preview.jpg
-0.074625 0.414387 -2.564426 68 255 68 R1 pano_camera2/frame_0034_hp_preview.jpg
0.164614 0.421007 -2.497707 68 255 68 R1 pano_camera2/frame_0035_hp_preview.jpg
0.752719 0.412763 -2.289798 68 255 68 R1 pano_camera2/frame_0036_hp_preview.jpg
1.212462 0.439126 -2.196490 68 255 68 R1 pano_camera2/frame_0037_hp_preview.jpg
1.641657 0.440167 -2.117545 68 255 68 R1 pano_camera2/frame_0038_hp_preview.jpg
2.382214 0.425106 -2.365394 68 255 68 R1 pano_camera2/frame_0039_hp_preview.jpg
2.723829 0.462134 -2.718351 68 255 68 R1 pano_camera2/frame_0040_hp_preview.jpg
2.769307 0.473084 -2.794905 68 255 68 R1 pano_camera2/frame_0041_hp_preview.jpg
3.139132 0.476649 -3.431626 68 255 68 R1 pano_camera2/frame_0042_hp_preview.jpg
3.508784 0.598379 -3.762189 68 255 68 R1 pano_camera2/frame_0043_hp_preview.jpg
3.956916 0.603837 -3.651401 68 255 68 R1 pano_camera2/frame_0044_hp_preview.jpg
4.613155 0.600999 -3.623259 68 255 68 R1 pano_camera2/frame_0045_hp_preview.jpg
4.750837 0.604463 -3.832147 68 255 68 R1 pano_camera2/frame_0046_hp_preview.jpg
4.721613 0.596011 -3.922432 68 255 68 R1 pano_camera2/frame_0047_hp_preview.jpg
4.544875 0.605063 -4.130327 68 255 68 R1 pano_camera2/frame_0048_hp_preview.jpg
3.935500 0.606754 -4.386841 68 255 68 R1 pano_camera2/frame_0049_hp_preview.jpg
3.119061 0.591656 -4.423021 68 255 68 R1 pano_camera2/frame_0050_hp_preview.jpg
3.083797 0.594869 -4.419909 68 255 68 R1 pano_camera2/frame_0051_hp_preview.jpg
2.252813 0.566547 -4.543623 68 255 68 R1 pano_camera2/frame_0052_hp_preview.jpg
2.069995 0.469251 -4.654957 68 255 68 R1 pano_camera2/frame_0053_hp_preview.jpg
1.876249 0.467871 -4.974225 68 255 68 R1 pano_camera2/frame_0054_hp_preview.jpg
1.088960 0.442237 -5.284512 68 255 68 R1 pano_camera2/frame_0055_hp_preview.jpg
0.704572 0.451029 -5.233444 68 255 68 R1 pano_camera2/frame_0056_hp_preview.jpg
0.300972 0.436320 -5.129429 68 255 68 R1 pano_camera2/frame_0057_hp_preview.jpg
0.038475 0.430138 -5.065747 68 255 68 R1 pano_camera2/frame_0058_hp_preview.jpg
-0.246116 0.402885 -4.716542 68 255 68 R1 pano_camera2/frame_0059_hp_preview.jpg
-0.506796 0.410339 -4.156928 68 255 68 R1 pano_camera2/frame_0060_hp_preview.jpg
-0.648582 0.415622 -3.872212 68 255 68 R1 pano_camera2/frame_0061_hp_preview.jpg
-0.921081 0.368931 -2.915186 68 255 68 R1 pano_camera2/frame_0062_hp_preview.jpg
-1.146557 0.369479 -2.198827 68 255 68 R1 pano_camera2/frame_0063_hp_preview.jpg
-1.187528 0.369895 -2.069174 68 255 68 R1 pano_camera2/frame_0064_hp_preview.jpg
-1.681883 0.330809 -1.300966 68 255 68 R1 pano_camera2/frame_0065_hp_preview.jpg
-1.868043 0.328969 -1.168229 68 255 68 R1 pano_camera2/frame_0066_hp_preview.jpg
-2.405267 0.304783 -0.534157 68 255 68 R1 pano_camera2/frame_0067_hp_preview.jpg
-2.720640 0.299804 0.196140 68 255 68 R1 pano_camera2/frame_0068_hp_preview.jpg
-2.765004 0.302836 0.306932 68 255 68 R1 pano_camera2/frame_0069_hp_preview.jpg
-2.633468 0.292425 1.132959 68 255 68 R1 pano_camera2/frame_0070_hp_preview.jpg
-2.188584 0.287919 1.575298 68 255 68 R1 pano_camera2/frame_0071_hp_preview.jpg
-1.730687 0.298689 1.822946 68 255 68 R1 pano_camera2/frame_0072_hp_preview.jpg
-1.640382 0.302569 1.850682 68 255 68 R1 pano_camera2/frame_0073_hp_preview.jpg
-1.016770 0.312132 2.170269 68 255 68 R1 pano_camera2/frame_0074_hp_preview.jpg
-0.337821 0.333624 2.593397 68 255 68 R1 pano_camera2/frame_0075_hp_preview.jpg
-0.069908 0.327207 2.756592 68 255 68 R1 pano_camera2/frame_0076_hp_preview.jpg
0.529475 0.353236 3.105892 68 255 68 R1 pano_camera2/frame_0077_hp_preview.jpg
1.226551 0.380567 3.486934 68 255 68 R1 pano_camera2/frame_0078_hp_preview.jpg
2.121607 0.374672 4.119129 68 255 68 R1 pano_camera2/frame_0079_hp_preview.jpg
2.504486 0.390245 4.696515 68 255 68 R1 pano_camera2/frame_0080_hp_preview.jpg
-1.746501 0.309426 3.111636 68 255 68 R1 pano_camera2/frame_0118_hp_preview.jpg
-1.723719 0.317667 2.655313 68 255 68 R1 pano_camera2/frame_0119_hp_preview.jpg
-2.089843 0.315577 2.039740 68 255 68 R1 pano_camera2/frame_0120_hp_preview.jpg
-2.435078 0.303911 1.804077 68 255 68 R1 pano_camera2/frame_0121_hp_preview.jpg
-2.748430 0.306337 1.665440 68 255 68 R1 pano_camera2/frame_0122_hp_preview.jpg
-3.416129 0.300962 1.547754 68 255 68 R1 pano_camera2/frame_0123_hp_preview.jpg
-3.943001 0.292167 1.692181 68 255 68 R1 pano_camera2/frame_0124_hp_preview.jpg
-4.069684 0.282247 2.038568 68 255 68 R1 pano_camera2/frame_0125_hp_preview.jpg
-4.073934 0.303745 2.251918 68 255 68 R1 pano_camera2/frame_0126_hp_preview.jpg
-3.942780 0.277830 -0.226355 68 255 68 R1 pano_camera2/frame_0197_hp_preview.jpg
0.000000 0.000000 2.744597 68 255 68 R1 pano_camera3/frame_0000_hp_preview.jpg
1.292763 -0.013334 3.187987 68 255 68 R1 pano_camera3/frame_0002_hp_preview.jpg
1.955976 0.039006 3.403878 68 255 68 R1 pano_camera3/frame_0003_hp_preview.jpg
2.316401 0.067077 3.530954 68 255 68 R1 pano_camera3/frame_0004_hp_preview.jpg
2.372445 0.315218 3.698661 68 255 68 R1 pano_camera3/frame_0005_hp_preview.jpg
2.188438 0.253484 3.513375 68 255 68 R1 pano_camera3/frame_0006_hp_preview.jpg
2.135612 0.164421 3.380070 68 255 68 R1 pano_camera3/frame_0007_hp_preview.jpg
2.132217 0.163218 3.389015 68 255 68 R1 pano_camera3/frame_0008_hp_preview.jpg
2.136674 0.175415 3.443850 68 255 68 R1 pano_camera3/frame_0009_hp_preview.jpg
2.140788 0.178805 3.447429 68 255 68 R1 pano_camera3/frame_0010_hp_preview.jpg
2.159438 0.192415 3.440059 68 255 68 R1 pano_camera3/frame_0011_hp_preview.jpg
2.107861 0.157737 3.439498 68 255 68 R1 pano_camera3/frame_0012_hp_preview.jpg
2.143161 0.169267 3.362827 68 255 68 R1 pano_camera3/frame_0013_hp_preview.jpg
2.200228 0.385333 3.463982 68 255 68 R1 pano_camera3/frame_0014_hp_preview.jpg
2.269490 0.382284 3.451498 68 255 68 R1 pano_camera3/frame_0015_hp_preview.jpg
2.263637 0.402019 3.383198 68 255 68 R1 pano_camera3/frame_0016_hp_preview.jpg
1.876367 0.386791 3.257053 68 255 68 R1 pano_camera3/frame_0017_hp_preview.jpg
1.439122 0.383458 3.064520 68 255 68 R1 pano_camera3/frame_0018_hp_preview.jpg
1.192644 0.382104 2.859557 68 255 68 R1 pano_camera3/frame_0019_hp_preview.jpg
1.010678 0.385501 2.550361 68 255 68 R1 pano_camera3/frame_0020_hp_preview.jpg
0.914325 0.378420 1.962108 68 255 68 R1 pano_camera3/frame_0021_hp_preview.jpg
0.823535 0.376530 0.979284 68 255 68 R1 pano_camera3/frame_0022_hp_preview.jpg
0.746975 0.366068 0.559499 68 255 68 R1 pano_camera3/frame_0023_hp_preview.jpg
0.758139 0.367140 0.252961 68 255 68 R1 pano_camera3/frame_0024_hp_preview.jpg
1.002070 0.383925 -0.254174 68 255 68 R1 pano_camera3/frame_0025_hp_preview.jpg
1.303041 0.415973 -0.491403 68 255 68 R1 pano_camera3/frame_0026_hp_preview.jpg
1.588401 0.426581 -0.587056 68 255 68 R1 pano_camera3/frame_0027_hp_preview.jpg
0.992486 0.401001 -0.868426 68 255 68 R1 pano_camera3/frame_0028_hp_preview.jpg
0.221394 0.393655 -1.024328 68 255 68 R1 pano_camera3/frame_0029_hp_preview.jpg
-0.474706 0.375528 -1.215436 68 255 68 R1 pano_camera3/frame_0030_hp_preview.jpg
-0.912415 0.383135 -1.480343 68 255 68 R1 pano_camera3/frame_0031_hp_preview.jpg
-0.982309 0.373205 -1.955276 68 255 68 R1 pano_camera3/frame_0032_hp_preview.jpg
-0.857042 0.369978 -2.216170 68 255 68 R1 pano_camera3/frame_0033_hp_preview.jpg
-0.074625 0.414387 -2.564426 68 255 68 R1 pano_camera3/frame_0034_hp_preview.jpg
0.164614 0.421007 -2.497707 68 255 68 R1 pano_camera3/frame_0035_hp_preview.jpg
0.752719 0.412763 -2.289798 68 255 68 R1 pano_camera3/frame_0036_hp_preview.jpg
1.212462 0.439126 -2.196490 68 255 68 R1 pano_camera3/frame_0037_hp_preview.jpg
1.641657 0.440167 -2.117545 68 255 68 R1 pano_camera3/frame_0038_hp_preview.jpg
2.382214 0.425106 -2.365394 68 255 68 R1 pano_camera3/frame_0039_hp_preview.jpg
2.723829 0.462134 -2.718351 68 255 68 R1 pano_camera3/frame_0040_hp_preview.jpg
2.769307 0.473084 -2.794905 68 255 68 R1 pano_camera3/frame_0041_hp_preview.jpg
3.139132 0.476649 -3.431626 68 255 68 R1 pano_camera3/frame_0042_hp_preview.jpg
3.508784 0.598379 -3.762189 68 255 68 R1 pano_camera3/frame_0043_hp_preview.jpg
3.956916 0.603837 -3.651401 68 255 68 R1 pano_camera3/frame_0044_hp_preview.jpg
4.613155 0.600999 -3.623259 68 255 68 R1 pano_camera3/frame_0045_hp_preview.jpg
4.750837 0.604463 -3.832147 68 255 68 R1 pano_camera3/frame_0046_hp_preview.jpg
4.721613 0.596011 -3.922432 68 255 68 R1 pano_camera3/frame_0047_hp_preview.jpg
4.544875 0.605063 -4.130327 68 255 68 R1 pano_camera3/frame_0048_hp_preview.jpg
3.935500 0.606754 -4.386841 68 255 68 R1 pano_camera3/frame_0049_hp_preview.jpg
3.119061 0.591656 -4.423021 68 255 68 R1 pano_camera3/frame_0050_hp_preview.jpg
3.083797 0.594869 -4.419909 68 255 68 R1 pano_camera3/frame_0051_hp_preview.jpg
2.252813 0.566547 -4.543623 68 255 68 R1 pano_camera3/frame_0052_hp_preview.jpg
2.069995 0.469251 -4.654957 68 255 68 R1 pano_camera3/frame_0053_hp_preview.jpg
1.876249 0.467871 -4.974225 68 255 68 R1 pano_camera3/frame_0054_hp_preview.jpg
1.088960 0.442237 -5.284512 68 255 68 R1 pano_camera3/frame_0055_hp_preview.jpg
0.704572 0.451029 -5.233444 68 255 68 R1 pano_camera3/frame_0056_hp_preview.jpg
0.300972 0.436320 -5.129429 68 255 68 R1 pano_camera3/frame_0057_hp_preview.jpg
0.038475 0.430138 -5.065747 68 255 68 R1 pano_camera3/frame_0058_hp_preview.jpg
-0.246116 0.402885 -4.716542 68 255 68 R1 pano_camera3/frame_0059_hp_preview.jpg
-0.506796 0.410339 -4.156928 68 255 68 R1 pano_camera3/frame_0060_hp_preview.jpg
-0.648582 0.415622 -3.872212 68 255 68 R1 pano_camera3/frame_0061_hp_preview.jpg
-0.921081 0.368931 -2.915186 68 255 68 R1 pano_camera3/frame_0062_hp_preview.jpg
-1.146557 0.369479 -2.198827 68 255 68 R1 pano_camera3/frame_0063_hp_preview.jpg
-1.187528 0.369895 -2.069174 68 255 68 R1 pano_camera3/frame_0064_hp_preview.jpg
-1.681883 0.330809 -1.300966 68 255 68 R1 pano_camera3/frame_0065_hp_preview.jpg
-1.868043 0.328969 -1.168229 68 255 68 R1 pano_camera3/frame_0066_hp_preview.jpg
-2.405267 0.304783 -0.534157 68 255 68 R1 pano_camera3/frame_0067_hp_preview.jpg
-2.720640 0.299804 0.196140 68 255 68 R1 pano_camera3/frame_0068_hp_preview.jpg
-2.765004 0.302836 0.306932 68 255 68 R1 pano_camera3/frame_0069_hp_preview.jpg
-2.633468 0.292425 1.132959 68 255 68 R1 pano_camera3/frame_0070_hp_preview.jpg
-2.188584 0.287919 1.575298 68 255 68 R1 pano_camera3/frame_0071_hp_preview.jpg
-1.730687 0.298689 1.822946 68 255 68 R1 pano_camera3/frame_0072_hp_preview.jpg
-1.640382 0.302569 1.850682 68 255 68 R1 pano_camera3/frame_0073_hp_preview.jpg
-1.016770 0.312132 2.170269 68 255 68 R1 pano_camera3/frame_0074_hp_preview.jpg
-0.337821 0.333624 2.593397 68 255 68 R1 pano_camera3/frame_0075_hp_preview.jpg
-0.069908 0.327207 2.756592 68 255 68 R1 pano_camera3/frame_0076_hp_preview.jpg
0.529475 0.353236 3.105892 68 255 68 R1 pano_camera3/frame_0077_hp_preview.jpg
1.226551 0.380567 3.486934 68 255 68 R1 pano_camera3/frame_0078_hp_preview.jpg
2.121607 0.374672 4.119129 68 255 68 R1 pano_camera3/frame_0079_hp_preview.jpg
2.504486 0.390245 4.696515 68 255 68 R1 pano_camera3/frame_0080_hp_preview.jpg
-1.746501 0.309426 3.111636 68 255 68 R1 pano_camera3/frame_0118_hp_preview.jpg
-1.723719 0.317667 2.655313 68 255 68 R1 pano_camera3/frame_0119_hp_preview.jpg
-2.089843 0.315577 2.039740 68 255 68 R1 pano_camera3/frame_0120_hp_preview.jpg
-2.435078 0.303911 1.804077 68 255 68 R1 pano_camera3/frame_0121_hp_preview.jpg
-2.748430 0.306337 1.665440 68 255 68 R1 pano_camera3/frame_0122_hp_preview.jpg
-3.416129 0.300962 1.547754 68 255 68 R1 pano_camera3/frame_0123_hp_preview.jpg
-3.943001 0.292167 1.692181 68 255 68 R1 pano_camera3/frame_0124_hp_preview.jpg
-4.069684 0.282247 2.038568 68 255 68 R1 pano_camera3/frame_0125_hp_preview.jpg
-4.073934 0.303745 2.251918 68 255 68 R1 pano_camera3/frame_0126_hp_preview.jpg
-3.942780 0.277830 -0.226355 68 255 68 R1 pano_camera3/frame_0197_hp_preview.jpg
0.000000 -0.000000 2.744597 68 255 68 R1 pano_camera4/frame_0000_hp_preview.jpg
1.292763 -0.013334 3.187987 68 255 68 R1 pano_camera4/frame_0002_hp_preview.jpg
1.955976 0.039006 3.403878 68 255 68 R1 pano_camera4/frame_0003_hp_preview.jpg
2.316401 0.067077 3.530954 68 255 68 R1 pano_camera4/frame_0004_hp_preview.jpg
2.372445 0.315218 3.698661 68 255 68 R1 pano_camera4/frame_0005_hp_preview.jpg
2.188438 0.253484 3.513375 68 255 68 R1 pano_camera4/frame_0006_hp_preview.jpg
2.135612 0.164421 3.380070 68 255 68 R1 pano_camera4/frame_0007_hp_preview.jpg
2.132217 0.163218 3.389015 68 255 68 R1 pano_camera4/frame_0008_hp_preview.jpg
2.136674 0.175415 3.443850 68 255 68 R1 pano_camera4/frame_0009_hp_preview.jpg
2.140788 0.178805 3.447429 68 255 68 R1 pano_camera4/frame_0010_hp_preview.jpg
2.159438 0.192415 3.440059 68 255 68 R1 pano_camera4/frame_0011_hp_preview.jpg
2.107861 0.157737 3.439498 68 255 68 R1 pano_camera4/frame_0012_hp_preview.jpg
2.143161 0.169267 3.362827 68 255 68 R1 pano_camera4/frame_0013_hp_preview.jpg
2.200228 0.385333 3.463982 68 255 68 R1 pano_camera4/frame_0014_hp_preview.jpg
2.269490 0.382284 3.451498 68 255 68 R1 pano_camera4/frame_0015_hp_preview.jpg
2.263637 0.402019 3.383198 68 255 68 R1 pano_camera4/frame_0016_hp_preview.jpg
1.876367 0.386791 3.257053 68 255 68 R1 pano_camera4/frame_0017_hp_preview.jpg
1.439122 0.383458 3.064520 68 255 68 R1 pano_camera4/frame_0018_hp_preview.jpg
1.192644 0.382104 2.859557 68 255 68 R1 pano_camera4/frame_0019_hp_preview.jpg
1.010678 0.385501 2.550361 68 255 68 R1 pano_camera4/frame_0020_hp_preview.jpg
0.914325 0.378420 1.962108 68 255 68 R1 pano_camera4/frame_0021_hp_preview.jpg
0.823535 0.376530 0.979284 68 255 68 R1 pano_camera4/frame_0022_hp_preview.jpg
0.746975 0.366068 0.559499 68 255 68 R1 pano_camera4/frame_0023_hp_preview.jpg
0.758139 0.367140 0.252961 68 255 68 R1 pano_camera4/frame_0024_hp_preview.jpg
1.002070 0.383925 -0.254174 68 255 68 R1 pano_camera4/frame_0025_hp_preview.jpg
1.303041 0.415973 -0.491403 68 255 68 R1 pano_camera4/frame_0026_hp_preview.jpg
1.588401 0.426581 -0.587056 68 255 68 R1 pano_camera4/frame_0027_hp_preview.jpg
0.992486 0.401001 -0.868426 68 255 68 R1 pano_camera4/frame_0028_hp_preview.jpg
0.221394 0.393655 -1.024328 68 255 68 R1 pano_camera4/frame_0029_hp_preview.jpg
-0.474706 0.375528 -1.215436 68 255 68 R1 pano_camera4/frame_0030_hp_preview.jpg
-0.912415 0.383135 -1.480343 68 255 68 R1 pano_camera4/frame_0031_hp_preview.jpg
-0.982309 0.373205 -1.955276 68 255 68 R1 pano_camera4/frame_0032_hp_preview.jpg
-0.857042 0.369978 -2.216170 68 255 68 R1 pano_camera4/frame_0033_hp_preview.jpg
-0.074625 0.414387 -2.564426 68 255 68 R1 pano_camera4/frame_0034_hp_preview.jpg
0.164614 0.421007 -2.497707 68 255 68 R1 pano_camera4/frame_0035_hp_preview.jpg
0.752719 0.412763 -2.289798 68 255 68 R1 pano_camera4/frame_0036_hp_preview.jpg
1.212462 0.439126 -2.196490 68 255 68 R1 pano_camera4/frame_0037_hp_preview.jpg
1.641657 0.440167 -2.117545 68 255 68 R1 pano_camera4/frame_0038_hp_preview.jpg
2.382214 0.425106 -2.365394 68 255 68 R1 pano_camera4/frame_0039_hp_preview.jpg
2.723829 0.462134 -2.718351 68 255 68 R1 pano_camera4/frame_0040_hp_preview.jpg
2.769307 0.473084 -2.794905 68 255 68 R1 pano_camera4/frame_0041_hp_preview.jpg
3.139132 0.476649 -3.431626 68 255 68 R1 pano_camera4/frame_0042_hp_preview.jpg
3.508784 0.598379 -3.762189 68 255 68 R1 pano_camera4/frame_0043_hp_preview.jpg
3.956916 0.603837 -3.651401 68 255 68 R1 pano_camera4/frame_0044_hp_preview.jpg
4.613155 0.600999 -3.623259 68 255 68 R1 pano_camera4/frame_0045_hp_preview.jpg
4.750837 0.604463 -3.832147 68 255 68 R1 pano_camera4/frame_0046_hp_preview.jpg
4.721613 0.596011 -3.922432 68 255 68 R1 pano_camera4/frame_0047_hp_preview.jpg
4.544875 0.605063 -4.130327 68 255 68 R1 pano_camera4/frame_0048_hp_preview.jpg
3.935500 0.606754 -4.386841 68 255 68 R1 pano_camera4/frame_0049_hp_preview.jpg
3.119061 0.591656 -4.423021 68 255 68 R1 pano_camera4/frame_0050_hp_preview.jpg
3.083797 0.594869 -4.419909 68 255 68 R1 pano_camera4/frame_0051_hp_preview.jpg
2.252813 0.566547 -4.543623 68 255 68 R1 pano_camera4/frame_0052_hp_preview.jpg
2.069995 0.469251 -4.654957 68 255 68 R1 pano_camera4/frame_0053_hp_preview.jpg
1.876249 0.467871 -4.974225 68 255 68 R1 pano_camera4/frame_0054_hp_preview.jpg
1.088960 0.442237 -5.284512 68 255 68 R1 pano_camera4/frame_0055_hp_preview.jpg
0.704572 0.451029 -5.233444 68 255 68 R1 pano_camera4/frame_0056_hp_preview.jpg
0.300972 0.436320 -5.129429 68 255 68 R1 pano_camera4/frame_0057_hp_preview.jpg
0.038475 0.430138 -5.065747 68 255 68 R1 pano_camera4/frame_0058_hp_preview.jpg
-0.246116 0.402885 -4.716542 68 255 68 R1 pano_camera4/frame_0059_hp_preview.jpg
-0.506796 0.410339 -4.156928 68 255 68 R1 pano_camera4/frame_0060_hp_preview.jpg
-0.648582 0.415622 -3.872212 68 255 68 R1 pano_camera4/frame_0061_hp_preview.jpg
-0.921081 0.368931 -2.915186 68 255 68 R1 pano_camera4/frame_0062_hp_preview.jpg
-1.146557 0.369479 -2.198827 68 255 68 R1 pano_camera4/frame_0063_hp_preview.jpg
-1.187528 0.369895 -2.069174 68 255 68 R1 pano_camera4/frame_0064_hp_preview.jpg
-1.681883 0.330809 -1.300966 68 255 68 R1 pano_camera4/frame_0065_hp_preview.jpg
-1.868043 0.328969 -1.168229 68 255 68 R1 pano_camera4/frame_0066_hp_preview.jpg
-2.405267 0.304783 -0.534157 68 255 68 R1 pano_camera4/frame_0067_hp_preview.jpg
-2.720640 0.299804 0.196140 68 255 68 R1 pano_camera4/frame_0068_hp_preview.jpg
-2.765004 0.302836 0.306932 68 255 68 R1 pano_camera4/frame_0069_hp_preview.jpg
-2.633468 0.292425 1.132959 68 255 68 R1 pano_camera4/frame_0070_hp_preview.jpg
-2.188584 0.287919 1.575298 68 255 68 R1 pano_camera4/frame_0071_hp_preview.jpg
-1.730687 0.298689 1.822946 68 255 68 R1 pano_camera4/frame_0072_hp_preview.jpg
-1.640382 0.302569 1.850682 68 255 68 R1 pano_camera4/frame_0073_hp_preview.jpg
-1.016770 0.312132 2.170269 68 255 68 R1 pano_camera4/frame_0074_hp_preview.jpg
-0.337821 0.333624 2.593397 68 255 68 R1 pano_camera4/frame_0075_hp_preview.jpg
-0.069908 0.327207 2.756592 68 255 68 R1 pano_camera4/frame_0076_hp_preview.jpg
0.529475 0.353236 3.105892 68 255 68 R1 pano_camera4/frame_0077_hp_preview.jpg
1.226551 0.380567 3.486934 68 255 68 R1 pano_camera4/frame_0078_hp_preview.jpg
2.121607 0.374672 4.119129 68 255 68 R1 pano_camera4/frame_0079_hp_preview.jpg
2.504486 0.390245 4.696515 68 255 68 R1 pano_camera4/frame_0080_hp_preview.jpg
-1.746501 0.309426 3.111636 68 255 68 R1 pano_camera4/frame_0118_hp_preview.jpg
-1.723719 0.317667 2.655313 68 255 68 R1 pano_camera4/frame_0119_hp_preview.jpg
-2.089843 0.315577 2.039740 68 255 68 R1 pano_camera4/frame_0120_hp_preview.jpg
-2.435078 0.303911 1.804077 68 255 68 R1 pano_camera4/frame_0121_hp_preview.jpg
-2.748430 0.306337 1.665440 68 255 68 R1 pano_camera4/frame_0122_hp_preview.jpg
-3.416129 0.300962 1.547754 68 255 68 R1 pano_camera4/frame_0123_hp_preview.jpg
-3.943001 0.292167 1.692181 68 255 68 R1 pano_camera4/frame_0124_hp_preview.jpg
-4.069684 0.282247 2.038568 68 255 68 R1 pano_camera4/frame_0125_hp_preview.jpg
-4.073934 0.303745 2.251918 68 255 68 R1 pano_camera4/frame_0126_hp_preview.jpg
-3.942780 0.277830 -0.226355 68 255 68 R1 pano_camera4/frame_0197_hp_preview.jpg
0.000000 0.000000 2.744597 68 255 68 R1 pano_camera5/frame_0000_hp_preview.jpg
1.292763 -0.013334 3.187987 68 255 68 R1 pano_camera5/frame_0002_hp_preview.jpg
1.955976 0.039006 3.403878 68 255 68 R1 pano_camera5/frame_0003_hp_preview.jpg
2.316401 0.067077 3.530954 68 255 68 R1 pano_camera5/frame_0004_hp_preview.jpg
2.372445 0.315218 3.698661 68 255 68 R1 pano_camera5/frame_0005_hp_preview.jpg
2.188438 0.253484 3.513375 68 255 68 R1 pano_camera5/frame_0006_hp_preview.jpg
2.135612 0.164421 3.380070 68 255 68 R1 pano_camera5/frame_0007_hp_preview.jpg
2.132217 0.163218 3.389015 68 255 68 R1 pano_camera5/frame_0008_hp_preview.jpg
2.136674 0.175415 3.443850 68 255 68 R1 pano_camera5/frame_0009_hp_preview.jpg
2.140788 0.178805 3.447429 68 255 68 R1 pano_camera5/frame_0010_hp_preview.jpg
2.159438 0.192415 3.440059 68 255 68 R1 pano_camera5/frame_0011_hp_preview.jpg
2.107861 0.157737 3.439498 68 255 68 R1 pano_camera5/frame_0012_hp_preview.jpg
2.143161 0.169267 3.362827 68 255 68 R1 pano_camera5/frame_0013_hp_preview.jpg
2.200228 0.385333 3.463982 68 255 68 R1 pano_camera5/frame_0014_hp_preview.jpg
2.269490 0.382284 3.451498 68 255 68 R1 pano_camera5/frame_0015_hp_preview.jpg
2.263637 0.402019 3.383198 68 255 68 R1 pano_camera5/frame_0016_hp_preview.jpg
1.876367 0.386791 3.257053 68 255 68 R1 pano_camera5/frame_0017_hp_preview.jpg
1.439122 0.383458 3.064520 68 255 68 R1 pano_camera5/frame_0018_hp_preview.jpg
1.192644 0.382104 2.859557 68 255 68 R1 pano_camera5/frame_0019_hp_preview.jpg
1.010678 0.385501 2.550361 68 255 68 R1 pano_camera5/frame_0020_hp_preview.jpg
0.914325 0.378420 1.962108 68 255 68 R1 pano_camera5/frame_0021_hp_preview.jpg
0.823535 0.376530 0.979284 68 255 68 R1 pano_camera5/frame_0022_hp_preview.jpg
0.746975 0.366068 0.559499 68 255 68 R1 pano_camera5/frame_0023_hp_preview.jpg
0.758139 0.367140 0.252961 68 255 68 R1 pano_camera5/frame_0024_hp_preview.jpg
1.002070 0.383925 -0.254174 68 255 68 R1 pano_camera5/frame_0025_hp_preview.jpg
1.303041 0.415973 -0.491403 68 255 68 R1 pano_camera5/frame_0026_hp_preview.jpg
1.588401 0.426581 -0.587056 68 255 68 R1 pano_camera5/frame_0027_hp_preview.jpg
0.992486 0.401001 -0.868426 68 255 68 R1 pano_camera5/frame_0028_hp_preview.jpg
0.221394 0.393655 -1.024328 68 255 68 R1 pano_camera5/frame_0029_hp_preview.jpg
-0.474706 0.375528 -1.215436 68 255 68 R1 pano_camera5/frame_0030_hp_preview.jpg
-0.912415 0.383135 -1.480343 68 255 68 R1 pano_camera5/frame_0031_hp_preview.jpg
-0.982309 0.373205 -1.955276 68 255 68 R1 pano_camera5/frame_0032_hp_preview.jpg
-0.857042 0.369978 -2.216170 68 255 68 R1 pano_camera5/frame_0033_hp_preview.jpg
-0.074625 0.414387 -2.564426 68 255 68 R1 pano_camera5/frame_0034_hp_preview.jpg
0.164614 0.421007 -2.497707 68 255 68 R1 pano_camera5/frame_0035_hp_preview.jpg
0.752719 0.412763 -2.289798 68 255 68 R1 pano_camera5/frame_0036_hp_preview.jpg
1.212462 0.439126 -2.196490 68 255 68 R1 pano_camera5/frame_0037_hp_preview.jpg
1.641657 0.440167 -2.117545 68 255 68 R1 pano_camera5/frame_0038_hp_preview.jpg
2.382214 0.425106 -2.365394 68 255 68 R1 pano_camera5/frame_0039_hp_preview.jpg
2.723829 0.462134 -2.718351 68 255 68 R1 pano_camera5/frame_0040_hp_preview.jpg
2.769307 0.473084 -2.794905 68 255 68 R1 pano_camera5/frame_0041_hp_preview.jpg
3.139132 0.476649 -3.431626 68 255 68 R1 pano_camera5/frame_0042_hp_preview.jpg
3.508784 0.598379 -3.762189 68 255 68 R1 pano_camera5/frame_0043_hp_preview.jpg
3.956916 0.603837 -3.651401 68 255 68 R1 pano_camera5/frame_0044_hp_preview.jpg
4.613155 0.600999 -3.623259 68 255 68 R1 pano_camera5/frame_0045_hp_preview.jpg
4.750837 0.604463 -3.832147 68 255 68 R1 pano_camera5/frame_0046_hp_preview.jpg
4.721613 0.596011 -3.922432 68 255 68 R1 pano_camera5/frame_0047_hp_preview.jpg
4.544875 0.605063 -4.130327 68 255 68 R1 pano_camera5/frame_0048_hp_preview.jpg
3.935500 0.606754 -4.386841 68 255 68 R1 pano_camera5/frame_0049_hp_preview.jpg
3.119061 0.591656 -4.423021 68 255 68 R1 pano_camera5/frame_0050_hp_preview.jpg
3.083797 0.594869 -4.419909 68 255 68 R1 pano_camera5/frame_0051_hp_preview.jpg
2.252813 0.566547 -4.543623 68 255 68 R1 pano_camera5/frame_0052_hp_preview.jpg
2.069995 0.469251 -4.654957 68 255 68 R1 pano_camera5/frame_0053_hp_preview.jpg
1.876249 0.467871 -4.974225 68 255 68 R1 pano_camera5/frame_0054_hp_preview.jpg
1.088960 0.442237 -5.284512 68 255 68 R1 pano_camera5/frame_0055_hp_preview.jpg
0.704572 0.451029 -5.233444 68 255 68 R1 pano_camera5/frame_0056_hp_preview.jpg
0.300972 0.436320 -5.129429 68 255 68 R1 pano_camera5/frame_0057_hp_preview.jpg
0.038475 0.430138 -5.065747 68 255 68 R1 pano_camera5/frame_0058_hp_preview.jpg
-0.246116 0.402885 -4.716542 68 255 68 R1 pano_camera5/frame_0059_hp_preview.jpg
-0.506796 0.410339 -4.156928 68 255 68 R1 pano_camera5/frame_0060_hp_preview.jpg
-0.648582 0.415622 -3.872212 68 255 68 R1 pano_camera5/frame_0061_hp_preview.jpg
-0.921081 0.368931 -2.915186 68 255 68 R1 pano_camera5/frame_0062_hp_preview.jpg
-1.146557 0.369479 -2.198827 68 255 68 R1 pano_camera5/frame_0063_hp_preview.jpg
-1.187528 0.369895 -2.069174 68 255 68 R1 pano_camera5/frame_0064_hp_preview.jpg
-1.681883 0.330809 -1.300966 68 255 68 R1 pano_camera5/frame_0065_hp_preview.jpg
-1.868043 0.328969 -1.168229 68 255 68 R1 pano_camera5/frame_0066_hp_preview.jpg
-2.405267 0.304783 -0.534157 68 255 68 R1 pano_camera5/frame_0067_hp_preview.jpg
-2.720640 0.299804 0.196140 68 255 68 R1 pano_camera5/frame_0068_hp_preview.jpg
-2.765004 0.302836 0.306932 68 255 68 R1 pano_camera5/frame_0069_hp_preview.jpg
-2.633468 0.292425 1.132959 68 255 68 R1 pano_camera5/frame_0070_hp_preview.jpg
-2.188584 0.287919 1.575298 68 255 68 R1 pano_camera5/frame_0071_hp_preview.jpg
-1.730687 0.298689 1.822946 68 255 68 R1 pano_camera5/frame_0072_hp_preview.jpg
-1.640382 0.302569 1.850682 68 255 68 R1 pano_camera5/frame_0073_hp_preview.jpg
-1.016770 0.312132 2.170269 68 255 68 R1 pano_camera5/frame_0074_hp_preview.jpg
-0.337821 0.333624 2.593397 68 255 68 R1 pano_camera5/frame_0075_hp_preview.jpg
-0.069908 0.327207 2.756592 68 255 68 R1 pano_camera5/frame_0076_hp_preview.jpg
0.529475 0.353236 3.105892 68 255 68 R1 pano_camera5/frame_0077_hp_preview.jpg
1.226551 0.380567 3.486934 68 255 68 R1 pano_camera5/frame_0078_hp_preview.jpg
2.121607 0.374672 4.119129 68 255 68 R1 pano_camera5/frame_0079_hp_preview.jpg
2.504486 0.390245 4.696515 68 255 68 R1 pano_camera5/frame_0080_hp_preview.jpg
-1.746501 0.309426 3.111636 68 255 68 R1 pano_camera5/frame_0118_hp_preview.jpg
-1.723719 0.317667 2.655313 68 255 68 R1 pano_camera5/frame_0119_hp_preview.jpg
-2.089843 0.315577 2.039740 68 255 68 R1 pano_camera5/frame_0120_hp_preview.jpg
-2.435078 0.303911 1.804077 68 255 68 R1 pano_camera5/frame_0121_hp_preview.jpg
-2.748430 0.306337 1.665440 68 255 68 R1 pano_camera5/frame_0122_hp_preview.jpg
-3.416129 0.300962 1.547754 68 255 68 R1 pano_camera5/frame_0123_hp_preview.jpg
-3.943001 0.292167 1.692181 68 255 68 R1 pano_camera5/frame_0124_hp_preview.jpg
-4.069684 0.282247 2.038568 68 255 68 R1 pano_camera5/frame_0125_hp_preview.jpg
-4.073934 0.303745 2.251918 68 255 68 R1 pano_camera5/frame_0126_hp_preview.jpg
-3.942780 0.277830 -0.226355 68 255 68 R1 pano_camera5/frame_0197_hp_preview.jpg
-0.000000 0.000000 2.744597 68 255 68 R1 pano_camera6/frame_0000_hp_preview.jpg
1.292763 -0.013334 3.187987 68 255 68 R1 pano_camera6/frame_0002_hp_preview.jpg
1.955976 0.039006 3.403878 68 255 68 R1 pano_camera6/frame_0003_hp_preview.jpg
2.316401 0.067077 3.530954 68 255 68 R1 pano_camera6/frame_0004_hp_preview.jpg
2.372445 0.315218 3.698661 68 255 68 R1 pano_camera6/frame_0005_hp_preview.jpg
2.188438 0.253484 3.513375 68 255 68 R1 pano_camera6/frame_0006_hp_preview.jpg
2.135612 0.164421 3.380070 68 255 68 R1 pano_camera6/frame_0007_hp_preview.jpg
2.132217 0.163218 3.389015 68 255 68 R1 pano_camera6/frame_0008_hp_preview.jpg
2.136674 0.175415 3.443850 68 255 68 R1 pano_camera6/frame_0009_hp_preview.jpg
2.140788 0.178805 3.447429 68 255 68 R1 pano_camera6/frame_0010_hp_preview.jpg
2.159438 0.192415 3.440059 68 255 68 R1 pano_camera6/frame_0011_hp_preview.jpg
2.107861 0.157737 3.439498 68 255 68 R1 pano_camera6/frame_0012_hp_preview.jpg
2.143161 0.169267 3.362827 68 255 68 R1 pano_camera6/frame_0013_hp_preview.jpg
2.200228 0.385333 3.463982 68 255 68 R1 pano_camera6/frame_0014_hp_preview.jpg
2.269490 0.382284 3.451498 68 255 68 R1 pano_camera6/frame_0015_hp_preview.jpg
2.263637 0.402019 3.383198 68 255 68 R1 pano_camera6/frame_0016_hp_preview.jpg
1.876367 0.386791 3.257053 68 255 68 R1 pano_camera6/frame_0017_hp_preview.jpg
1.439122 0.383458 3.064520 68 255 68 R1 pano_camera6/frame_0018_hp_preview.jpg
1.192644 0.382104 2.859557 68 255 68 R1 pano_camera6/frame_0019_hp_preview.jpg
1.010678 0.385501 2.550361 68 255 68 R1 pano_camera6/frame_0020_hp_preview.jpg
0.914325 0.378420 1.962108 68 255 68 R1 pano_camera6/frame_0021_hp_preview.jpg
0.823535 0.376530 0.979284 68 255 68 R1 pano_camera6/frame_0022_hp_preview.jpg
0.746975 0.366068 0.559499 68 255 68 R1 pano_camera6/frame_0023_hp_preview.jpg
0.758139 0.367140 0.252961 68 255 68 R1 pano_camera6/frame_0024_hp_preview.jpg
1.002070 0.383925 -0.254174 68 255 68 R1 pano_camera6/frame_0025_hp_preview.jpg
1.303041 0.415973 -0.491403 68 255 68 R1 pano_camera6/frame_0026_hp_preview.jpg
1.588401 0.426581 -0.587056 68 255 68 R1 pano_camera6/frame_0027_hp_preview.jpg
0.992486 0.401001 -0.868426 68 255 68 R1 pano_camera6/frame_0028_hp_preview.jpg
0.221394 0.393655 -1.024328 68 255 68 R1 pano_camera6/frame_0029_hp_preview.jpg
-0.474706 0.375528 -1.215436 68 255 68 R1 pano_camera6/frame_0030_hp_preview.jpg
-0.912415 0.383135 -1.480343 68 255 68 R1 pano_camera6/frame_0031_hp_preview.jpg
-0.982309 0.373205 -1.955276 68 255 68 R1 pano_camera6/frame_0032_hp_preview.jpg
-0.857042 0.369978 -2.216170 68 255 68 R1 pano_camera6/frame_0033_hp_preview.jpg
-0.074625 0.414387 -2.564426 68 255 68 R1 pano_camera6/frame_0034_hp_preview.jpg
0.164614 0.421007 -2.497707 68 255 68 R1 pano_camera6/frame_0035_hp_preview.jpg
0.752719 0.412763 -2.289798 68 255 68 R1 pano_camera6/frame_0036_hp_preview.jpg
1.212462 0.439126 -2.196490 68 255 68 R1 pano_camera6/frame_0037_hp_preview.jpg
1.641657 0.440167 -2.117545 68 255 68 R1 pano_camera6/frame_0038_hp_preview.jpg
2.382214 0.425106 -2.365394 68 255 68 R1 pano_camera6/frame_0039_hp_preview.jpg
2.723829 0.462134 -2.718351 68 255 68 R1 pano_camera6/frame_0040_hp_preview.jpg
2.769307 0.473084 -2.794905 68 255 68 R1 pano_camera6/frame_0041_hp_preview.jpg
3.139132 0.476649 -3.431626 68 255 68 R1 pano_camera6/frame_0042_hp_preview.jpg
3.508784 0.598379 -3.762189 68 255 68 R1 pano_camera6/frame_0043_hp_preview.jpg
3.956916 0.603837 -3.651401 68 255 68 R1 pano_camera6/frame_0044_hp_preview.jpg
4.613155 0.600999 -3.623259 68 255 68 R1 pano_camera6/frame_0045_hp_preview.jpg
4.750837 0.604463 -3.832147 68 255 68 R1 pano_camera6/frame_0046_hp_preview.jpg
4.721613 0.596011 -3.922432 68 255 68 R1 pano_camera6/frame_0047_hp_preview.jpg
4.544875 0.605063 -4.130327 68 255 68 R1 pano_camera6/frame_0048_hp_preview.jpg
3.935500 0.606754 -4.386841 68 255 68 R1 pano_camera6/frame_0049_hp_preview.jpg
3.119061 0.591656 -4.423021 68 255 68 R1 pano_camera6/frame_0050_hp_preview.jpg
3.083797 0.594869 -4.419909 68 255 68 R1 pano_camera6/frame_0051_hp_preview.jpg
2.252813 0.566547 -4.543623 68 255 68 R1 pano_camera6/frame_0052_hp_preview.jpg
2.069995 0.469251 -4.654957 68 255 68 R1 pano_camera6/frame_0053_hp_preview.jpg
1.876249 0.467871 -4.974225 68 255 68 R1 pano_camera6/frame_0054_hp_preview.jpg
1.088960 0.442237 -5.284512 68 255 68 R1 pano_camera6/frame_0055_hp_preview.jpg
0.704572 0.451029 -5.233444 68 255 68 R1 pano_camera6/frame_0056_hp_preview.jpg
0.300972 0.436320 -5.129429 68 255 68 R1 pano_camera6/frame_0057_hp_preview.jpg
0.038475 0.430138 -5.065747 68 255 68 R1 pano_camera6/frame_0058_hp_preview.jpg
-0.246116 0.402885 -4.716542 68 255 68 R1 pano_camera6/frame_0059_hp_preview.jpg
-0.506796 0.410339 -4.156928 68 255 68 R1 pano_camera6/frame_0060_hp_preview.jpg
-0.648582 0.415622 -3.872212 68 255 68 R1 pano_camera6/frame_0061_hp_preview.jpg
-0.921081 0.368931 -2.915186 68 255 68 R1 pano_camera6/frame_0062_hp_preview.jpg
-1.146557 0.369479 -2.198827 68 255 68 R1 pano_camera6/frame_0063_hp_preview.jpg
-1.187528 0.369895 -2.069174 68 255 68 R1 pano_camera6/frame_0064_hp_preview.jpg
-1.681883 0.330809 -1.300966 68 255 68 R1 pano_camera6/frame_0065_hp_preview.jpg
-1.868043 0.328969 -1.168229 68 255 68 R1 pano_camera6/frame_0066_hp_preview.jpg
-2.405267 0.304783 -0.534157 68 255 68 R1 pano_camera6/frame_0067_hp_preview.jpg
-2.720640 0.299804 0.196140 68 255 68 R1 pano_camera6/frame_0068_hp_preview.jpg
-2.765004 0.302836 0.306932 68 255 68 R1 pano_camera6/frame_0069_hp_preview.jpg
-2.633468 0.292425 1.132959 68 255 68 R1 pano_camera6/frame_0070_hp_preview.jpg
-2.188584 0.287919 1.575298 68 255 68 R1 pano_camera6/frame_0071_hp_preview.jpg
-1.730687 0.298689 1.822946 68 255 68 R1 pano_camera6/frame_0072_hp_preview.jpg
-1.640382 0.302569 1.850682 68 255 68 R1 pano_camera6/frame_0073_hp_preview.jpg
-1.016770 0.312132 2.170269 68 255 68 R1 pano_camera6/frame_0074_hp_preview.jpg
-0.337821 0.333624 2.593397 68 255 68 R1 pano_camera6/frame_0075_hp_preview.jpg
-0.069908 0.327207 2.756592 68 255 68 R1 pano_camera6/frame_0076_hp_preview.jpg
0.529475 0.353236 3.105892 68 255 68 R1 pano_camera6/frame_0077_hp_preview.jpg
1.226551 0.380567 3.486934 68 255 68 R1 pano_camera6/frame_0078_hp_preview.jpg
2.121607 0.374672 4.119129 68 255 68 R1 pano_camera6/frame_0079_hp_preview.jpg
2.504486 0.390245 4.696515 68 255 68 R1 pano_camera6/frame_0080_hp_preview.jpg
-1.746501 0.309426 3.111636 68 255 68 R1 pano_camera6/frame_0118_hp_preview.jpg
-1.723719 0.317667 2.655313 68 255 68 R1 pano_camera6/frame_0119_hp_preview.jpg
-2.089843 0.315577 2.039740 68 255 68 R1 pano_camera6/frame_0120_hp_preview.jpg
-2.435078 0.303911 1.804077 68 255 68 R1 pano_camera6/frame_0121_hp_preview.jpg
-2.748430 0.306337 1.665440 68 255 68 R1 pano_camera6/frame_0122_hp_preview.jpg
-3.416129 0.300962 1.547754 68 255 68 R1 pano_camera6/frame_0123_hp_preview.jpg
-3.943001 0.292167 1.692181 68 255 68 R1 pano_camera6/frame_0124_hp_preview.jpg
-4.069684 0.282247 2.038568 68 255 68 R1 pano_camera6/frame_0125_hp_preview.jpg
-4.073934 0.303745 2.251918 68 255 68 R1 pano_camera6/frame_0126_hp_preview.jpg
-3.942780 0.277830 -0.226355 68 255 68 R1 pano_camera6/frame_0197_hp_preview.jpg
0.000000 0.000000 2.744597 68 255 68 R1 pano_camera7/frame_0000_hp_preview.jpg
1.292763 -0.013334 3.187987 68 255 68 R1 pano_camera7/frame_0002_hp_preview.jpg
1.955976 0.039006 3.403878 68 255 68 R1 pano_camera7/frame_0003_hp_preview.jpg
2.316401 0.067077 3.530954 68 255 68 R1 pano_camera7/frame_0004_hp_preview.jpg
2.372445 0.315218 3.698661 68 255 68 R1 pano_camera7/frame_0005_hp_preview.jpg
2.188438 0.253484 3.513375 68 255 68 R1 pano_camera7/frame_0006_hp_preview.jpg
2.135612 0.164421 3.380070 68 255 68 R1 pano_camera7/frame_0007_hp_preview.jpg
2.132217 0.163218 3.389015 68 255 68 R1 pano_camera7/frame_0008_hp_preview.jpg
2.136674 0.175415 3.443850 68 255 68 R1 pano_camera7/frame_0009_hp_preview.jpg
2.140788 0.178805 3.447429 68 255 68 R1 pano_camera7/frame_0010_hp_preview.jpg
2.159438 0.192415 3.440059 68 255 68 R1 pano_camera7/frame_0011_hp_preview.jpg
2.107861 0.157737 3.439498 68 255 68 R1 pano_camera7/frame_0012_hp_preview.jpg
2.143161 0.169267 3.362827 68 255 68 R1 pano_camera7/frame_0013_hp_preview.jpg
2.200228 0.385333 3.463982 68 255 68 R1 pano_camera7/frame_0014_hp_preview.jpg
2.269490 0.382284 3.451498 68 255 68 R1 pano_camera7/frame_0015_hp_preview.jpg
2.263637 0.402019 3.383198 68 255 68 R1 pano_camera7/frame_0016_hp_preview.jpg
1.876367 0.386791 3.257053 68 255 68 R1 pano_camera7/frame_0017_hp_preview.jpg
1.439122 0.383458 3.064520 68 255 68 R1 pano_camera7/frame_0018_hp_preview.jpg
1.192644 0.382104 2.859557 68 255 68 R1 pano_camera7/frame_0019_hp_preview.jpg
1.010678 0.385501 2.550361 68 255 68 R1 pano_camera7/frame_0020_hp_preview.jpg
0.914325 0.378420 1.962108 68 255 68 R1 pano_camera7/frame_0021_hp_preview.jpg
0.823535 0.376530 0.979284 68 255 68 R1 pano_camera7/frame_0022_hp_preview.jpg
0.746975 0.366068 0.559499 68 255 68 R1 pano_camera7/frame_0023_hp_preview.jpg
0.758139 0.367140 0.252961 68 255 68 R1 pano_camera7/frame_0024_hp_preview.jpg
1.002070 0.383925 -0.254174 68 255 68 R1 pano_camera7/frame_0025_hp_preview.jpg
1.303041 0.415973 -0.491403 68 255 68 R1 pano_camera7/frame_0026_hp_preview.jpg
1.588401 0.426581 -0.587056 68 255 68 R1 pano_camera7/frame_0027_hp_preview.jpg
0.992486 0.401001 -0.868426 68 255 68 R1 pano_camera7/frame_0028_hp_preview.jpg
0.221394 0.393655 -1.024328 68 255 68 R1 pano_camera7/frame_0029_hp_preview.jpg
-0.474706 0.375528 -1.215436 68 255 68 R1 pano_camera7/frame_0030_hp_preview.jpg
-0.912415 0.383135 -1.480343 68 255 68 R1 pano_camera7/frame_0031_hp_preview.jpg
-0.982309 0.373205 -1.955276 68 255 68 R1 pano_camera7/frame_0032_hp_preview.jpg
-0.857042 0.369978 -2.216170 68 255 68 R1 pano_camera7/frame_0033_hp_preview.jpg
-0.074625 0.414387 -2.564426 68 255 68 R1 pano_camera7/frame_0034_hp_preview.jpg
0.164614 0.421007 -2.497707 68 255 68 R1 pano_camera7/frame_0035_hp_preview.jpg
0.752719 0.412763 -2.289798 68 255 68 R1 pano_camera7/frame_0036_hp_preview.jpg
1.212462 0.439126 -2.196490 68 255 68 R1 pano_camera7/frame_0037_hp_preview.jpg
1.641657 0.440167 -2.117545 68 255 68 R1 pano_camera7/frame_0038_hp_preview.jpg
2.382214 0.425106 -2.365394 68 255 68 R1 pano_camera7/frame_0039_hp_preview.jpg
2.723829 0.462134 -2.718351 68 255 68 R1 pano_camera7/frame_0040_hp_preview.jpg
2.769307 0.473084 -2.794905 68 255 68 R1 pano_camera7/frame_0041_hp_preview.jpg
3.139132 0.476649 -3.431626 68 255 68 R1 pano_camera7/frame_0042_hp_preview.jpg
3.508784 0.598379 -3.762189 68 255 68 R1 pano_camera7/frame_0043_hp_preview.jpg
3.956916 0.603837 -3.651401 68 255 68 R1 pano_camera7/frame_0044_hp_preview.jpg
4.613155 0.600999 -3.623259 68 255 68 R1 pano_camera7/frame_0045_hp_preview.jpg
4.750837 0.604463 -3.832147 68 255 68 R1 pano_camera7/frame_0046_hp_preview.jpg
4.721613 0.596011 -3.922432 68 255 68 R1 pano_camera7/frame_0047_hp_preview.jpg
4.544875 0.605063 -4.130327 68 255 68 R1 pano_camera7/frame_0048_hp_preview.jpg
3.935500 0.606754 -4.386841 68 255 68 R1 pano_camera7/frame_0049_hp_preview.jpg
3.119061 0.591656 -4.423021 68 255 68 R1 pano_camera7/frame_0050_hp_preview.jpg
3.083797 0.594869 -4.419909 68 255 68 R1 pano_camera7/frame_0051_hp_preview.jpg
2.252813 0.566547 -4.543623 68 255 68 R1 pano_camera7/frame_0052_hp_preview.jpg
2.069995 0.469251 -4.654957 68 255 68 R1 pano_camera7/frame_0053_hp_preview.jpg
1.876249 0.467871 -4.974225 68 255 68 R1 pano_camera7/frame_0054_hp_preview.jpg
1.088960 0.442237 -5.284512 68 255 68 R1 pano_camera7/frame_0055_hp_preview.jpg
0.704572 0.451029 -5.233444 68 255 68 R1 pano_camera7/frame_0056_hp_preview.jpg
0.300972 0.436320 -5.129429 68 255 68 R1 pano_camera7/frame_0057_hp_preview.jpg
0.038475 0.430138 -5.065747 68 255 68 R1 pano_camera7/frame_0058_hp_preview.jpg
-0.246116 0.402885 -4.716542 68 255 68 R1 pano_camera7/frame_0059_hp_preview.jpg
-0.506796 0.410339 -4.156928 68 255 68 R1 pano_camera7/frame_0060_hp_preview.jpg
-0.648582 0.415622 -3.872212 68 255 68 R1 pano_camera7/frame_0061_hp_preview.jpg
-0.921081 0.368931 -2.915186 68 255 68 R1 pano_camera7/frame_0062_hp_preview.jpg
-1.146557 0.369479 -2.198827 68 255 68 R1 pano_camera7/frame_0063_hp_preview.jpg
-1.187528 0.369895 -2.069174 68 255 68 R1 pano_camera7/frame_0064_hp_preview.jpg
-1.681883 0.330809 -1.300966 68 255 68 R1 pano_camera7/frame_0065_hp_preview.jpg
-1.868043 0.328969 -1.168229 68 255 68 R1 pano_camera7/frame_0066_hp_preview.jpg
-2.405267 0.304783 -0.534157 68 255 68 R1 pano_camera7/frame_0067_hp_preview.jpg
-2.720640 0.299804 0.196140 68 255 68 R1 pano_camera7/frame_0068_hp_preview.jpg
-2.765004 0.302836 0.306932 68 255 68 R1 pano_camera7/frame_0069_hp_preview.jpg
-2.633468 0.292425 1.132959 68 255 68 R1 pano_camera7/frame_0070_hp_preview.jpg
-2.188584 0.287919 1.575298 68 255 68 R1 pano_camera7/frame_0071_hp_preview.jpg
-1.730687 0.298689 1.822946 68 255 68 R1 pano_camera7/frame_0072_hp_preview.jpg
-1.640382 0.302569 1.850682 68 255 68 R1 pano_camera7/frame_0073_hp_preview.jpg
-1.016770 0.312132 2.170269 68 255 68 R1 pano_camera7/frame_0074_hp_preview.jpg
-0.337821 0.333624 2.593397 68 255 68 R1 pano_camera7/frame_0075_hp_preview.jpg
-0.069908 0.327207 2.756592 68 255 68 R1 pano_camera7/frame_0076_hp_preview.jpg
0.529475 0.353236 3.105892 68 255 68 R1 pano_camera7/frame_0077_hp_preview.jpg
1.226551 0.380567 3.486934 68 255 68 R1 pano_camera7/frame_0078_hp_preview.jpg
2.121607 0.374672 4.119129 68 255 68 R1 pano_camera7/frame_0079_hp_preview.jpg
2.504486 0.390245 4.696515 68 255 68 R1 pano_camera7/frame_0080_hp_preview.jpg
-1.746501 0.309426 3.111636 68 255 68 R1 pano_camera7/frame_0118_hp_preview.jpg
-1.723719 0.317667 2.655313 68 255 68 R1 pano_camera7/frame_0119_hp_preview.jpg
-2.089843 0.315577 2.039740 68 255 68 R1 pano_camera7/frame_0120_hp_preview.jpg
-2.435078 0.303911 1.804077 68 255 68 R1 pano_camera7/frame_0121_hp_preview.jpg
-2.748430 0.306337 1.665440 68 255 68 R1 pano_camera7/frame_0122_hp_preview.jpg
-3.416129 0.300962 1.547754 68 255 68 R1 pano_camera7/frame_0123_hp_preview.jpg
-3.943001 0.292167 1.692181 68 255 68 R1 pano_camera7/frame_0124_hp_preview.jpg
-4.069684 0.282247 2.038568 68 255 68 R1 pano_camera7/frame_0125_hp_preview.jpg
-4.073934 0.303745 2.251918 68 255 68 R1 pano_camera7/frame_0126_hp_preview.jpg
-3.942780 0.277830 -0.226355 68 255 68 R1 pano_camera7/frame_0197_hp_preview.jpg

# Object R2: Blue (88 points)
# Transform: Pos(0.000, 0.000, 0.000) Scale(1.000, 1.000, 1.000) Quat(0.000, 0.000, 0.000, 1.000)
0.000000 0.000000 3.327995 68 68 255 R2 pano_camera0/frame_0089_hp_preview.jpg
0.106303 0.066856 1.417031 68 68 255 R2 pano_camera0/frame_0090_hp_preview.jpg
0.113485 0.062886 1.368552 68 68 255 R2 pano_camera0/frame_0091_hp_preview.jpg
1.593207 -0.018614 -0.912885 68 68 255 R2 pano_camera0/frame_0092_hp_preview.jpg
2.236018 0.018781 -1.283528 68 68 255 R2 pano_camera0/frame_0093_hp_preview.jpg
3.483166 0.061272 -1.661858 68 68 255 R2 pano_camera0/frame_0094_hp_preview.jpg
5.016502 -0.012849 -1.890210 68 68 255 R2 pano_camera0/frame_0095_hp_preview.jpg
6.889902 -0.059786 -1.732579 68 68 255 R2 pano_camera0/frame_0096_hp_preview.jpg
8.908917 -0.167012 0.040706 68 68 255 R2 pano_camera0/frame_0097_hp_preview.jpg
9.153655 -0.214362 0.461981 68 68 255 R2 pano_camera0/frame_0098_hp_preview.jpg
10.070015 -0.305781 3.074974 68 68 255 R2 pano_camera0/frame_0099_hp_preview.jpg
-0.000000 0.000000 3.327995 68 68 255 R2 pano_camera1/frame_0089_hp_preview.jpg
0.106303 0.066856 1.417031 68 68 255 R2 pano_camera1/frame_0090_hp_preview.jpg
0.113485 0.062886 1.368552 68 68 255 R2 pano_camera1/frame_0091_hp_preview.jpg
1.593207 -0.018614 -0.912885 68 68 255 R2 pano_camera1/frame_0092_hp_preview.jpg
2.236018 0.018781 -1.283528 68 68 255 R2 pano_camera1/frame_0093_hp_preview.jpg
3.483166 0.061272 -1.661858 68 68 255 R2 pano_camera1/frame_0094_hp_preview.jpg
5.016502 -0.012849 -1.890210 68 68 255 R2 pano_camera1/frame_0095_hp_preview.jpg
6.889902 -0.059786 -1.732579 68 68 255 R2 pano_camera1/frame_0096_hp_preview.jpg
8.908917 -0.167012 0.040706 68 68 255 R2 pano_camera1/frame_0097_hp_preview.jpg
9.153655 -0.214362 0.461981 68 68 255 R2 pano_camera1/frame_0098_hp_preview.jpg
10.070015 -0.305781 3.074974 68 68 255 R2 pano_camera1/frame_0099_hp_preview.jpg
-0.000000 0.000000 3.327995 68 68 255 R2 pano_camera2/frame_0089_hp_preview.jpg
0.106303 0.066856 1.417031 68 68 255 R2 pano_camera2/frame_0090_hp_preview.jpg
0.113485 0.062886 1.368552 68 68 255 R2 pano_camera2/frame_0091_hp_preview.jpg
1.593207 -0.018614 -0.912885 68 68 255 R2 pano_camera2/frame_0092_hp_preview.jpg
2.236018 0.018781 -1.283528 68 68 255 R2 pano_camera2/frame_0093_hp_preview.jpg
3.483166 0.061272 -1.661858 68 68 255 R2 pano_camera2/frame_0094_hp_preview.jpg
5.016502 -0.012849 -1.890210 68 68 255 R2 pano_camera2/frame_0095_hp_preview.jpg
6.889902 -0.059786 -1.732579 68 68 255 R2 pano_camera2/frame_0096_hp_preview.jpg
8.908917 -0.167012 0.040706 68 68 255 R2 pano_camera2/frame_0097_hp_preview.jpg
9.153655 -0.214362 0.461981 68 68 255 R2 pano_camera2/frame_0098_hp_preview.jpg
10.070015 -0.305781 3.074974 68 68 255 R2 pano_camera2/frame_0099_hp_preview.jpg
-0.000000 0.000000 3.327995 68 68 255 R2 pano_camera3/frame_0089_hp_preview.jpg
0.106303 0.066856 1.417031 68 68 255 R2 pano_camera3/frame_0090_hp_preview.jpg
0.113485 0.062886 1.368552 68 68 255 R2 pano_camera3/frame_0091_hp_preview.jpg
1.593207 -0.018614 -0.912885 68 68 255 R2 pano_camera3/frame_0092_hp_preview.jpg
2.236018 0.018781 -1.283528 68 68 255 R2 pano_camera3/frame_0093_hp_preview.jpg
3.483166 0.061272 -1.661858 68 68 255 R2 pano_camera3/frame_0094_hp_preview.jpg
5.016502 -0.012849 -1.890210 68 68 255 R2 pano_camera3/frame_0095_hp_preview.jpg
6.889902 -0.059786 -1.732579 68 68 255 R2 pano_camera3/frame_0096_hp_preview.jpg
8.908917 -0.167012 0.040706 68 68 255 R2 pano_camera3/frame_0097_hp_preview.jpg
9.153655 -0.214362 0.461981 68 68 255 R2 pano_camera3/frame_0098_hp_preview.jpg
10.070015 -0.305781 3.074974 68 68 255 R2 pano_camera3/frame_0099_hp_preview.jpg
0.000000 0.000000 3.327995 68 68 255 R2 pano_camera4/frame_0089_hp_preview.jpg
0.106303 0.066856 1.417031 68 68 255 R2 pano_camera4/frame_0090_hp_preview.jpg
0.113485 0.062886 1.368552 68 68 255 R2 pano_camera4/frame_0091_hp_preview.jpg
1.593207 -0.018614 -0.912885 68 68 255 R2 pano_camera4/frame_0092_hp_preview.jpg
2.236018 0.018781 -1.283528 68 68 255 R2 pano_camera4/frame_0093_hp_preview.jpg
3.483166 0.061272 -1.661858 68 68 255 R2 pano_camera4/frame_0094_hp_preview.jpg
5.016502 -0.012849 -1.890210 68 68 255 R2 pano_camera4/frame_0095_hp_preview.jpg
6.889902 -0.059786 -1.732579 68 68 255 R2 pano_camera4/frame_0096_hp_preview.jpg
8.908917 -0.167012 0.040706 68 68 255 R2 pano_camera4/frame_0097_hp_preview.jpg
9.153655 -0.214362 0.461981 68 68 255 R2 pano_camera4/frame_0098_hp_preview.jpg
10.070015 -0.305781 3.074974 68 68 255 R2 pano_camera4/frame_0099_hp_preview.jpg
0.000000 0.000000 3.327995 68 68 255 R2 pano_camera5/frame_0089_hp_preview.jpg
0.106303 0.066856 1.417031 68 68 255 R2 pano_camera5/frame_0090_hp_preview.jpg
0.113485 0.062886 1.368552 68 68 255 R2 pano_camera5/frame_0091_hp_preview.jpg
1.593207 -0.018614 -0.912885 68 68 255 R2 pano_camera5/frame_0092_hp_preview.jpg
2.236018 0.018781 -1.283528 68 68 255 R2 pano_camera5/frame_0093_hp_preview.jpg
3.483166 0.061272 -1.661858 68 68 255 R2 pano_camera5/frame_0094_hp_preview.jpg
5.016502 -0.012849 -1.890210 68 68 255 R2 pano_camera5/frame_0095_hp_preview.jpg
6.889902 -0.059786 -1.732579 68 68 255 R2 pano_camera5/frame_0096_hp_preview.jpg
8.908917 -0.167012 0.040706 68 68 255 R2 pano_camera5/frame_0097_hp_preview.jpg
9.153655 -0.214362 0.461981 68 68 255 R2 pano_camera5/frame_0098_hp_preview.jpg
10.070015 -0.305781 3.074974 68 68 255 R2 pano_camera5/frame_0099_hp_preview.jpg
0.000000 0.000000 3.327995 68 68 255 R2 pano_camera6/frame_0089_hp_preview.jpg
0.106303 0.066856 1.417031 68 68 255 R2 pano_camera6/frame_0090_hp_preview.jpg
0.113485 0.062886 1.368552 68 68 255 R2 pano_camera6/frame_0091_hp_preview.jpg
1.593207 -0.018614 -0.912885 68 68 255 R2 pano_camera6/frame_0092_hp_preview.jpg
2.236018 0.018781 -1.283528 68 68 255 R2 pano_camera6/frame_0093_hp_preview.jpg
3.483166 0.061272 -1.661858 68 68 255 R2 pano_camera6/frame_0094_hp_preview.jpg
5.016502 -0.012849 -1.890210 68 68 255 R2 pano_camera6/frame_0095_hp_preview.jpg
6.889902 -0.059786 -1.732579 68 68 255 R2 pano_camera6/frame_0096_hp_preview.jpg
8.908917 -0.167012 0.040706 68 68 255 R2 pano_camera6/frame_0097_hp_preview.jpg
9.153655 -0.214362 0.461981 68 68 255 R2 pano_camera6/frame_0098_hp_preview.jpg
10.070015 -0.305781 3.074974 68 68 255 R2 pano_camera6/frame_0099_hp_preview.jpg
0.000000 -0.000000 3.327995 68 68 255 R2 pano_camera7/frame_0089_hp_preview.jpg
0.106303 0.066856 1.417031 68 68 255 R2 pano_camera7/frame_0090_hp_preview.jpg
0.113485 0.062886 1.368552 68 68 255 R2 pano_camera7/frame_0091_hp_preview.jpg
1.593207 -0.018614 -0.912885 68 68 255 R2 pano_camera7/frame_0092_hp_preview.jpg
2.236018 0.018781 -1.283528 68 68 255 R2 pano_camera7/frame_0093_hp_preview.jpg
3.483166 0.061272 -1.661858 68 68 255 R2 pano_camera7/frame_0094_hp_preview.jpg
5.016502 -0.012849 -1.890210 68 68 255 R2 pano_camera7/frame_0095_hp_preview.jpg
6.889902 -0.059786 -1.732579 68 68 255 R2 pano_camera7/frame_0096_hp_preview.jpg
8.908917 -0.167012 0.040706 68 68 255 R2 pano_camera7/frame_0097_hp_preview.jpg
9.153655 -0.214362 0.461981 68 68 255 R2 pano_camera7/frame_0098_hp_preview.jpg
10.070015 -0.305781 3.074974 68 68 255 R2 pano_camera7/frame_0099_hp_preview.jpg

# Object R3: Yellow (88 points)
# Transform: Pos(0.000, 0.000, 0.000) Scale(1.000, 1.000, 1.000) Quat(0.000, 0.000, 0.000, 1.000)
0.000000 0.000000 -2.884707 255 255 68 R3 pano_camera0/frame_0143_hp_preview.jpg
-1.140234 0.113421 -2.901720 255 255 68 R3 pano_camera0/frame_0144_hp_preview.jpg
-1.801159 0.132880 -1.957197 255 255 68 R3 pano_camera0/frame_0145_hp_preview.jpg
-0.674009 0.033368 2.034633 255 255 68 R3 pano_camera0/frame_0146_hp_preview.jpg
-0.437490 0.034939 2.701277 255 255 68 R3 pano_camera0/frame_0147_hp_preview.jpg
-0.772542 0.077097 4.428323 255 255 68 R3 pano_camera0/frame_0148_hp_preview.jpg
-4.388175 0.073171 4.691078 255 255 68 R3 pano_camera0/frame_0149_hp_preview.jpg
-6.451928 0.019115 2.384117 255 255 68 R3 pano_camera0/frame_0150_hp_preview.jpg
-6.589898 0.055369 -0.441062 255 255 68 R3 pano_camera0/frame_0151_hp_preview.jpg
-4.435470 0.049844 -3.433546 255 255 68 R3 pano_camera0/frame_0152_hp_preview.jpg
-3.951155 0.098578 -3.683562 255 255 68 R3 pano_camera0/frame_0153_hp_preview.jpg
0.000000 0.000000 -2.884707 255 255 68 R3 pano_camera1/frame_0143_hp_preview.jpg
-1.140234 0.113421 -2.901720 255 255 68 R3 pano_camera1/frame_0144_hp_preview.jpg
-1.801159 0.132880 -1.957197 255 255 68 R3 pano_camera1/frame_0145_hp_preview.jpg
-0.674009 0.033368 2.034633 255 255 68 R3 pano_camera1/frame_0146_hp_preview.jpg
-0.437490 0.034939 2.701277 255 255 68 R3 pano_camera1/frame_0147_hp_preview.jpg
-0.772542 0.077097 4.428323 255 255 68 R3 pano_camera1/frame_0148_hp_preview.jpg
-4.388175 0.073171 4.691078 255 255 68 R3 pano_camera1/frame_0149_hp_preview.jpg
-6.451928 0.019115 2.384117 255 255 68 R3 pano_camera1/frame_0150_hp_preview.jpg
-6.589898 0.055369 -0.441062 255 255 68 R3 pano_camera1/frame_0151_hp_preview.jpg
-4.435470 0.049844 -3.433546 255 255 68 R3 pano_camera1/frame_0152_hp_preview.jpg
-3.951155 0.098578 -3.683562 255 255 68 R3 pano_camera1/frame_0153_hp_preview.jpg
0.000000 0.000000 -2.884707 255 255 68 R3 pano_camera2/frame_0143_hp_preview.jpg
-1.140234 0.113421 -2.901720 255 255 68 R3 pano_camera2/frame_0144_hp_preview.jpg
-1.801159 0.132880 -1.957197 255 255 68 R3 pano_camera2/frame_0145_hp_preview.jpg
-0.674009 0.033368 2.034633 255 255 68 R3 pano_camera2/frame_0146_hp_preview.jpg
-0.437490 0.034939 2.701277 255 255 68 R3 pano_camera2/frame_0147_hp_preview.jpg
-0.772542 0.077097 4.428323 255 255 68 R3 pano_camera2/frame_0148_hp_preview.jpg
-4.388175 0.073171 4.691078 255 255 68 R3 pano_camera2/frame_0149_hp_preview.jpg
-6.451928 0.019115 2.384117 255 255 68 R3 pano_camera2/frame_0150_hp_preview.jpg
-6.589898 0.055369 -0.441062 255 255 68 R3 pano_camera2/frame_0151_hp_preview.jpg
-4.435470 0.049844 -3.433546 255 255 68 R3 pano_camera2/frame_0152_hp_preview.jpg
-3.951155 0.098578 -3.683562 255 255 68 R3 pano_camera2/frame_0153_hp_preview.jpg
0.000000 0.000000 -2.884707 255 255 68 R3 pano_camera3/frame_0143_hp_preview.jpg
-1.140234 0.113421 -2.901720 255 255 68 R3 pano_camera3/frame_0144_hp_preview.jpg
-1.801159 0.132880 -1.957197 255 255 68 R3 pano_camera3/frame_0145_hp_preview.jpg
-0.674009 0.033368 2.034633 255 255 68 R3 pano_camera3/frame_0146_hp_preview.jpg
-0.437490 0.034939 2.701277 255 255 68 R3 pano_camera3/frame_0147_hp_preview.jpg
-0.772542 0.077097 4.428323 255 255 68 R3 pano_camera3/frame_0148_hp_preview.jpg
-4.388175 0.073171 4.691078 255 255 68 R3 pano_camera3/frame_0149_hp_preview.jpg
-6.451928 0.019115 2.384117 255 255 68 R3 pano_camera3/frame_0150_hp_preview.jpg
-6.589898 0.055369 -0.441062 255 255 68 R3 pano_camera3/frame_0151_hp_preview.jpg
-4.435470 0.049844 -3.433546 255 255 68 R3 pano_camera3/frame_0152_hp_preview.jpg
-3.951155 0.098578 -3.683562 255 255 68 R3 pano_camera3/frame_0153_hp_preview.jpg
-0.000000 -0.000000 -2.884707 255 255 68 R3 pano_camera4/frame_0143_hp_preview.jpg
-1.140234 0.113421 -2.901720 255 255 68 R3 pano_camera4/frame_0144_hp_preview.jpg
-1.801159 0.132880 -1.957197 255 255 68 R3 pano_camera4/frame_0145_hp_preview.jpg
-0.674009 0.033368 2.034633 255 255 68 R3 pano_camera4/frame_0146_hp_preview.jpg
-0.437490 0.034939 2.701277 255 255 68 R3 pano_camera4/frame_0147_hp_preview.jpg
-0.772542 0.077097 4.428323 255 255 68 R3 pano_camera4/frame_0148_hp_preview.jpg
-4.388175 0.073171 4.691078 255 255 68 R3 pano_camera4/frame_0149_hp_preview.jpg
-6.451928 0.019115 2.384117 255 255 68 R3 pano_camera4/frame_0150_hp_preview.jpg
-6.589898 0.055369 -0.441062 255 255 68 R3 pano_camera4/frame_0151_hp_preview.jpg
-4.435470 0.049844 -3.433546 255 255 68 R3 pano_camera4/frame_0152_hp_preview.jpg
-3.951155 0.098578 -3.683562 255 255 68 R3 pano_camera4/frame_0153_hp_preview.jpg
-0.000000 0.000000 -2.884707 255 255 68 R3 pano_camera5/frame_0143_hp_preview.jpg
-1.140234 0.113421 -2.901720 255 255 68 R3 pano_camera5/frame_0144_hp_preview.jpg
-1.801159 0.132880 -1.957197 255 255 68 R3 pano_camera5/frame_0145_hp_preview.jpg
-0.674009 0.033368 2.034633 255 255 68 R3 pano_camera5/frame_0146_hp_preview.jpg
-0.437490 0.034939 2.701277 255 255 68 R3 pano_camera5/frame_0147_hp_preview.jpg
-0.772542 0.077097 4.428323 255 255 68 R3 pano_camera5/frame_0148_hp_preview.jpg
-4.388175 0.073171 4.691078 255 255 68 R3 pano_camera5/frame_0149_hp_preview.jpg
-6.451928 0.019115 2.384117 255 255 68 R3 pano_camera5/frame_0150_hp_preview.jpg
-6.589898 0.055369 -0.441062 255 255 68 R3 pano_camera5/frame_0151_hp_preview.jpg
-4.435470 0.049844 -3.433546 255 255 68 R3 pano_camera5/frame_0152_hp_preview.jpg
-3.951155 0.098578 -3.683562 255 255 68 R3 pano_camera5/frame_0153_hp_preview.jpg
0.000000 -0.000000 -2.884707 255 255 68 R3 pano_camera6/frame_0143_hp_preview.jpg
-1.140234 0.113421 -2.901720 255 255 68 R3 pano_camera6/frame_0144_hp_preview.jpg
-1.801159 0.132880 -1.957197 255 255 68 R3 pano_camera6/frame_0145_hp_preview.jpg
-0.674009 0.033368 2.034633 255 255 68 R3 pano_camera6/frame_0146_hp_preview.jpg
-0.437490 0.034939 2.701277 255 255 68 R3 pano_camera6/frame_0147_hp_preview.jpg
-0.772542 0.077097 4.428323 255 255 68 R3 pano_camera6/frame_0148_hp_preview.jpg
-4.388175 0.073171 4.691078 255 255 68 R3 pano_camera6/frame_0149_hp_preview.jpg
-6.451928 0.019115 2.384117 255 255 68 R3 pano_camera6/frame_0150_hp_preview.jpg
-6.589898 0.055369 -0.441062 255 255 68 R3 pano_camera6/frame_0151_hp_preview.jpg
-4.435470 0.049844 -3.433546 255 255 68 R3 pano_camera6/frame_0152_hp_preview.jpg
-3.951155 0.098578 -3.683562 255 255 68 R3 pano_camera6/frame_0153_hp_preview.jpg
0.000000 0.000000 -2.884707 255 255 68 R3 pano_camera7/frame_0143_hp_preview.jpg
-1.140234 0.113421 -2.901720 255 255 68 R3 pano_camera7/frame_0144_hp_preview.jpg
-1.801159 0.132880 -1.957197 255 255 68 R3 pano_camera7/frame_0145_hp_preview.jpg
-0.674009 0.033368 2.034633 255 255 68 R3 pano_camera7/frame_0146_hp_preview.jpg
-0.437490 0.034939 2.701277 255 255 68 R3 pano_camera7/frame_0147_hp_preview.jpg
-0.772542 0.077097 4.428323 255 255 68 R3 pano_camera7/frame_0148_hp_preview.jpg
-4.388175 0.073171 4.691078 255 255 68 R3 pano_camera7/frame_0149_hp_preview.jpg
-6.451928 0.019115 2.384117 255 255 68 R3 pano_camera7/frame_0150_hp_preview.jpg
-6.589898 0.055369 -0.441062 255 255 68 R3 pano_camera7/frame_0151_hp_preview.jpg
-4.435470 0.049844 -3.433546 255 255 68 R3 pano_camera7/frame_0152_hp_preview.jpg
-3.951155 0.098578 -3.683562 255 255 68 R3 pano_camera7/frame_0153_hp_preview.jpg

# Object R4: Magenta (80 points)
# Transform: Pos(0.000, 0.000, 0.000) Scale(1.000, 1.000, 1.000) Quat(0.000, 0.000, 0.000, 1.000)
0.000000 0.000000 5.087313 255 68 255 R4 pano_camera0/frame_0130_hp_preview.jpg
-1.222526 0.310960 3.381400 255 68 255 R4 pano_camera0/frame_0131_hp_preview.jpg
-1.669883 0.450251 2.299704 255 68 255 R4 pano_camera0/frame_0132_hp_preview.jpg
-1.731444 0.444057 2.125678 255 68 255 R4 pano_camera0/frame_0133_hp_preview.jpg
-2.207966 0.576966 0.792539 255 68 255 R4 pano_camera0/frame_0134_hp_preview.jpg
-2.024184 0.538609 -0.963672 255 68 255 R4 pano_camera0/frame_0135_hp_preview.jpg
-1.555412 0.758733 -1.541687 255 68 255 R4 pano_camera0/frame_0136_hp_preview.jpg
-0.416801 0.655203 -2.580493 255 68 255 R4 pano_camera0/frame_0137_hp_preview.jpg
0.031992 0.592803 -3.380139 255 68 255 R4 pano_camera0/frame_0138_hp_preview.jpg
0.114571 0.638387 -4.524481 255 68 255 R4 pano_camera0/frame_0139_hp_preview.jpg
-0.000000 -0.000000 5.087313 255 68 255 R4 pano_camera1/frame_0130_hp_preview.jpg
-1.222526 0.310960 3.381400 255 68 255 R4 pano_camera1/frame_0131_hp_preview.jpg
-1.669883 0.450251 2.299704 255 68 255 R4 pano_camera1/frame_0132_hp_preview.jpg
-1.731444 0.444057 2.125678 255 68 255 R4 pano_camera1/frame_0133_hp_preview.jpg
-2.207966 0.576966 0.792539 255 68 255 R4 pano_camera1/frame_0134_hp_preview.jpg
-2.024184 0.538609 -0.963672 255 68 255 R4 pano_camera1/frame_0135_hp_preview.jpg
-1.555412 0.758733 -1.541687 255 68 255 R4 pano_camera1/frame_0136_hp_preview.jpg
-0.416801 0.655203 -2.580493 255 68 255 R4 pano_camera1/frame_0137_hp_preview.jpg
0.031992 0.592803 -3.380139 255 68 255 R4 pano_camera1/frame_0138_hp_preview.jpg
0.114571 0.638387 -4.524481 255 68 255 R4 pano_camera1/frame_0139_hp_preview.jpg
-0.000000 0.000000 5.087313 255 68 255 R4 pano_camera2/frame_0130_hp_preview.jpg
-1.222526 0.310960 3.381400 255 68 255 R4 pano_camera2/frame_0131_hp_preview.jpg
-1.669883 0.450251 2.299704 255 68 255 R4 pano_camera2/frame_0132_hp_preview.jpg
-1.731444 0.444057 2.125678 255 68 255 R4 pano_camera2/frame_0133_hp_preview.jpg
-2.207966 0.576966 0.792539 255 68 255 R4 pano_camera2/frame_0134_hp_preview.jpg
-2.024184 0.538609 -0.963672 255 68 255 R4 pano_camera2/frame_0135_hp_preview.jpg
-1.555412 0.758733 -1.541687 255 68 255 R4 pano_camera2/frame_0136_hp_preview.jpg
-0.416801 0.655203 -2.580493 255 68 255 R4 pano_camera2/frame_0137_hp_preview.jpg
0.031992 0.592803 -3.380139 255 68 255 R4 pano_camera2/frame_0138_hp_preview.jpg
0.114571 0.638387 -4.524481 255 68 255 R4 pano_camera2/frame_0139_hp_preview.jpg
-0.000000 -0.000000 5.087313 255 68 255 R4 pano_camera3/frame_0130_hp_preview.jpg
-1.222526 0.310960 3.381400 255 68 255 R4 pano_camera3/frame_0131_hp_preview.jpg
-1.669883 0.450251 2.299704 255 68 255 R4 pano_camera3/frame_0132_hp_preview.jpg
-1.731444 0.444057 2.125678 255 68 255 R4 pano_camera3/frame_0133_hp_preview.jpg
-2.207966 0.576966 0.792539 255 68 255 R4 pano_camera3/frame_0134_hp_preview.jpg
-2.024184 0.538609 -0.963672 255 68 255 R4 pano_camera3/frame_0135_hp_preview.jpg
-1.555412 0.758733 -1.541687 255 68 255 R4 pano_camera3/frame_0136_hp_preview.jpg
-0.416801 0.655203 -2.580493 255 68 255 R4 pano_camera3/frame_0137_hp_preview.jpg
0.031992 0.592803 -3.380139 255 68 255 R4 pano_camera3/frame_0138_hp_preview.jpg
0.114571 0.638387 -4.524481 255 68 255 R4 pano_camera3/frame_0139_hp_preview.jpg
0.000000 -0.000000 5.087313 255 68 255 R4 pano_camera4/frame_0130_hp_preview.jpg
-1.222526 0.310960 3.381400 255 68 255 R4 pano_camera4/frame_0131_hp_preview.jpg
-1.669883 0.450251 2.299704 255 68 255 R4 pano_camera4/frame_0132_hp_preview.jpg
-1.731444 0.444057 2.125678 255 68 255 R4 pano_camera4/frame_0133_hp_preview.jpg
-2.207966 0.576966 0.792539 255 68 255 R4 pano_camera4/frame_0134_hp_preview.jpg
-2.024184 0.538609 -0.963672 255 68 255 R4 pano_camera4/frame_0135_hp_preview.jpg
-1.555412 0.758733 -1.541687 255 68 255 R4 pano_camera4/frame_0136_hp_preview.jpg
-0.416801 0.655203 -2.580493 255 68 255 R4 pano_camera4/frame_0137_hp_preview.jpg
0.031992 0.592803 -3.380139 255 68 255 R4 pano_camera4/frame_0138_hp_preview.jpg
0.114571 0.638387 -4.524481 255 68 255 R4 pano_camera4/frame_0139_hp_preview.jpg
-0.000000 -0.000000 5.087313 255 68 255 R4 pano_camera5/frame_0130_hp_preview.jpg
-1.222526 0.310960 3.381400 255 68 255 R4 pano_camera5/frame_0131_hp_preview.jpg
-1.669883 0.450251 2.299704 255 68 255 R4 pano_camera5/frame_0132_hp_preview.jpg
-1.731444 0.444057 2.125678 255 68 255 R4 pano_camera5/frame_0133_hp_preview.jpg
-2.207966 0.576966 0.792539 255 68 255 R4 pano_camera5/frame_0134_hp_preview.jpg
-2.024184 0.538609 -0.963672 255 68 255 R4 pano_camera5/frame_0135_hp_preview.jpg
-1.555412 0.758733 -1.541687 255 68 255 R4 pano_camera5/frame_0136_hp_preview.jpg
-0.416801 0.655203 -2.580493 255 68 255 R4 pano_camera5/frame_0137_hp_preview.jpg
0.031992 0.592803 -3.380139 255 68 255 R4 pano_camera5/frame_0138_hp_preview.jpg
0.114571 0.638387 -4.524481 255 68 255 R4 pano_camera5/frame_0139_hp_preview.jpg
0.000000 -0.000000 5.087313 255 68 255 R4 pano_camera6/frame_0130_hp_preview.jpg
-1.222526 0.310960 3.381400 255 68 255 R4 pano_camera6/frame_0131_hp_preview.jpg
-1.669883 0.450251 2.299704 255 68 255 R4 pano_camera6/frame_0132_hp_preview.jpg
-1.731444 0.444057 2.125678 255 68 255 R4 pano_camera6/frame_0133_hp_preview.jpg
-2.207966 0.576966 0.792539 255 68 255 R4 pano_camera6/frame_0134_hp_preview.jpg
-2.024184 0.538609 -0.963672 255 68 255 R4 pano_camera6/frame_0135_hp_preview.jpg
-1.555412 0.758733 -1.541687 255 68 255 R4 pano_camera6/frame_0136_hp_preview.jpg
-0.416801 0.655203 -2.580493 255 68 255 R4 pano_camera6/frame_0137_hp_preview.jpg
0.031992 0.592803 -3.380139 255 68 255 R4 pano_camera6/frame_0138_hp_preview.jpg
0.114571 0.638387 -4.524481 255 68 255 R4 pano_camera6/frame_0139_hp_preview.jpg
-0.000000 -0.000000 5.087313 255 68 255 R4 pano_camera7/frame_0130_hp_preview.jpg
-1.222526 0.310960 3.381400 255 68 255 R4 pano_camera7/frame_0131_hp_preview.jpg
-1.669883 0.450251 2.299704 255 68 255 R4 pano_camera7/frame_0132_hp_preview.jpg
-1.731444 0.444057 2.125678 255 68 255 R4 pano_camera7/frame_0133_hp_preview.jpg
-2.207966 0.576966 0.792539 255 68 255 R4 pano_camera7/frame_0134_hp_preview.jpg
-2.024184 0.538609 -0.963672 255 68 255 R4 pano_camera7/frame_0135_hp_preview.jpg
-1.555412 0.758733 -1.541687 255 68 255 R4 pano_camera7/frame_0136_hp_preview.jpg
-0.416801 0.655203 -2.580493 255 68 255 R4 pano_camera7/frame_0137_hp_preview.jpg
0.031992 0.592803 -3.380139 255 68 255 R4 pano_camera7/frame_0138_hp_preview.jpg
0.114571 0.638387 -4.524481 255 68 255 R4 pano_camera7/frame_0139_hp_preview.jpg

# End of file - 2808 total points exported
