# Enhanced PTS File with Visual Information
# Format: X Y Z R G B OBJECT_ID IMAGE_NAME
# Generated from Three.js Transform Viewer
# Export Date: 2025-10-21T03:05:52.045Z
# Total Objects: 5

# Object R0: Reddish (1832 points)
# Transform: Pos(0.000, 0.000, 0.000) Scale(1.000, 1.000, 1.000) Quat(0.000, 0.000, 0.000, 1.000)
2.878744 0.054924 0.222824 230 57 70 R0 pano_camera0/frame_0140_hp_preview.jpg
3.005104 0.062449 0.351617 230 57 70 R0 pano_camera0/frame_0141_hp_preview.jpg
3.220937 0.061987 0.594487 230 57 70 R0 pano_camera0/frame_0142_hp_preview.jpg
3.376829 0.062307 0.694644 230 57 70 R0 pano_camera0/frame_0143_hp_preview.jpg
3.552935 0.078898 0.644563 230 57 70 R0 pano_camera0/frame_0144_hp_preview.jpg
3.613064 0.082549 0.468483 230 57 70 R0 pano_camera0/frame_0145_hp_preview.jpg
2.749535 0.066391 0.648415 230 57 70 R0 pano_camera0/frame_0157_hp_preview.jpg
2.610933 0.068892 0.732946 230 57 70 R0 pano_camera0/frame_0158_hp_preview.jpg
2.560798 0.074386 0.830129 230 57 70 R0 pano_camera0/frame_0159_hp_preview.jpg
2.305931 0.068100 1.436272 230 57 70 R0 pano_camera0/frame_0160_hp_preview.jpg
2.095837 0.066812 1.696147 230 57 70 R0 pano_camera0/frame_0161_hp_preview.jpg
1.791601 0.080353 1.982086 230 57 70 R0 pano_camera0/frame_0162_hp_preview.jpg
1.582572 0.086330 2.139700 230 57 70 R0 pano_camera0/frame_0163_hp_preview.jpg
1.355950 0.095934 2.279594 230 57 70 R0 pano_camera0/frame_0164_hp_preview.jpg
0.958712 0.097017 2.262554 230 57 70 R0 pano_camera0/frame_0165_hp_preview.jpg
0.799006 0.094101 2.127874 230 57 70 R0 pano_camera0/frame_0166_hp_preview.jpg
0.555941 0.093860 1.765549 230 57 70 R0 pano_camera0/frame_0167_hp_preview.jpg
0.612129 0.085125 1.379476 230 57 70 R0 pano_camera0/frame_0168_hp_preview.jpg
0.703242 0.094951 1.264211 230 57 70 R0 pano_camera0/frame_0169_hp_preview.jpg
1.244372 0.075358 0.737776 230 57 70 R0 pano_camera0/frame_0170_hp_preview.jpg
1.317628 0.088539 0.668925 230 57 70 R0 pano_camera0/frame_0171_hp_preview.jpg
1.660603 0.070106 0.346956 230 57 70 R0 pano_camera0/frame_0172_hp_preview.jpg
1.741766 0.074815 -0.032498 230 57 70 R0 pano_camera0/frame_0173_hp_preview.jpg
1.540928 0.078064 -0.370376 230 57 70 R0 pano_camera0/frame_0174_hp_preview.jpg
1.531870 0.080974 -0.375982 230 57 70 R0 pano_camera0/frame_0175_hp_preview.jpg
1.101633 0.074214 -0.474682 230 57 70 R0 pano_camera0/frame_0176_hp_preview.jpg
0.856987 0.084426 -0.428709 230 57 70 R0 pano_camera0/frame_0177_hp_preview.jpg
0.394964 0.083837 -0.415737 230 57 70 R0 pano_camera0/frame_0178_hp_preview.jpg
0.076176 0.084565 -0.667419 230 57 70 R0 pano_camera0/frame_0179_hp_preview.jpg
0.036067 0.081547 -0.861466 230 57 70 R0 pano_camera0/frame_0180_hp_preview.jpg
0.170613 0.064009 -1.097735 230 57 70 R0 pano_camera0/frame_0181_hp_preview.jpg
0.367490 0.059538 -1.257050 230 57 70 R0 pano_camera0/frame_0182_hp_preview.jpg
0.595447 0.066120 -1.573921 230 57 70 R0 pano_camera0/frame_0183_hp_preview.jpg
0.445507 0.053789 -1.724032 230 57 70 R0 pano_camera0/frame_0184_hp_preview.jpg
0.291308 0.055758 -1.676802 230 57 70 R0 pano_camera0/frame_0185_hp_preview.jpg
0.096791 0.052900 -1.534842 230 57 70 R0 pano_camera0/frame_0186_hp_preview.jpg
-0.103339 0.055580 -1.401356 230 57 70 R0 pano_camera0/frame_0187_hp_preview.jpg
-0.404070 0.060086 -1.299852 230 57 70 R0 pano_camera0/frame_0188_hp_preview.jpg
-0.706396 0.061095 -1.391022 230 57 70 R0 pano_camera0/frame_0189_hp_preview.jpg
-0.737056 0.066617 -1.410471 230 57 70 R0 pano_camera0/frame_0190_hp_preview.jpg
-0.901842 0.067051 -1.626842 230 57 70 R0 pano_camera0/frame_0191_hp_preview.jpg
-0.900002 0.066870 -1.986793 230 57 70 R0 pano_camera0/frame_0192_hp_preview.jpg
-0.765824 0.056853 -2.236454 230 57 70 R0 pano_camera0/frame_0193_hp_preview.jpg
-0.542574 0.043588 -2.517015 230 57 70 R0 pano_camera0/frame_0194_hp_preview.jpg
-0.401903 0.046223 -2.728461 230 57 70 R0 pano_camera0/frame_0195_hp_preview.jpg
-0.427734 0.032328 -2.932985 230 57 70 R0 pano_camera0/frame_0196_hp_preview.jpg
-0.623240 0.031901 -3.307107 230 57 70 R0 pano_camera0/frame_0197_hp_preview.jpg
-0.995603 0.045520 -3.791746 230 57 70 R0 pano_camera0/frame_0198_hp_preview.jpg
-1.104524 0.050378 -3.933612 230 57 70 R0 pano_camera0/frame_0199_hp_preview.jpg
-1.721546 0.080687 -4.507984 230 57 70 R0 pano_camera0/frame_0200_hp_preview.jpg
-1.712540 0.125018 -4.602404 230 57 70 R0 pano_camera0/frame_0201_hp_preview.jpg
-1.760393 0.058176 -3.365942 230 57 70 R0 pano_camera0/frame_0226_hp_preview.jpg
-2.379670 0.072057 -2.099824 230 57 70 R0 pano_camera0/frame_0240_hp_preview.jpg
-2.365718 0.064941 -2.033852 230 57 70 R0 pano_camera0/frame_0241_hp_preview.jpg
-2.471917 0.061823 -1.757579 230 57 70 R0 pano_camera0/frame_0242_hp_preview.jpg
-2.355633 0.059782 -1.594036 230 57 70 R0 pano_camera0/frame_0243_hp_preview.jpg
-2.142095 0.056150 -1.606932 230 57 70 R0 pano_camera0/frame_0244_hp_preview.jpg
-2.038877 0.052267 -1.588058 230 57 70 R0 pano_camera0/frame_0245_hp_preview.jpg
-1.767799 0.026125 -1.522407 230 57 70 R0 pano_camera0/frame_0246_hp_preview.jpg
-1.639720 0.032026 -1.595488 230 57 70 R0 pano_camera0/frame_0247_hp_preview.jpg
-1.324774 0.031304 -1.519705 230 57 70 R0 pano_camera0/frame_0248_hp_preview.jpg
-1.289372 0.029259 -1.499412 230 57 70 R0 pano_camera0/frame_0249_hp_preview.jpg
-0.667357 0.034699 -1.026091 230 57 70 R0 pano_camera0/frame_0250_hp_preview.jpg
-0.657053 0.033290 -1.016454 230 57 70 R0 pano_camera0/frame_0251_hp_preview.jpg
-0.358050 0.046852 -0.591642 230 57 70 R0 pano_camera0/frame_0252_hp_preview.jpg
-0.215175 0.069118 -0.051124 230 57 70 R0 pano_camera0/frame_0253_hp_preview.jpg
-0.490509 0.083878 0.271249 230 57 70 R0 pano_camera0/frame_0254_hp_preview.jpg
-0.533177 0.080796 0.276302 230 57 70 R0 pano_camera0/frame_0255_hp_preview.jpg
-0.961352 0.116601 -0.084286 230 57 70 R0 pano_camera0/frame_0256_hp_preview.jpg
-1.090232 0.241372 -0.260372 230 57 70 R0 pano_camera0/frame_0257_hp_preview.jpg
-1.139318 0.322132 -0.328100 230 57 70 R0 pano_camera0/frame_0258_hp_preview.jpg
-1.216691 0.394584 -0.452739 230 57 70 R0 pano_camera0/frame_0259_hp_preview.jpg
-1.396053 0.640740 -0.728976 230 57 70 R0 pano_camera0/frame_0260_hp_preview.jpg
-1.398647 0.643400 -0.735293 230 57 70 R0 pano_camera0/frame_0261_hp_preview.jpg
-1.609833 0.898580 -1.001917 230 57 70 R0 pano_camera0/frame_0262_hp_preview.jpg
-1.620316 0.907840 -1.008742 230 57 70 R0 pano_camera0/frame_0263_hp_preview.jpg
-1.725128 1.049732 -1.148425 230 57 70 R0 pano_camera0/frame_0264_hp_preview.jpg
-1.886277 1.224711 -1.357645 230 57 70 R0 pano_camera0/frame_0265_hp_preview.jpg
-1.930758 1.356738 -1.585434 230 57 70 R0 pano_camera0/frame_0266_hp_preview.jpg
-1.915887 1.430530 -1.795010 230 57 70 R0 pano_camera0/frame_0267_hp_preview.jpg
-1.711841 1.422783 -2.025131 230 57 70 R0 pano_camera0/frame_0268_hp_preview.jpg
-1.334951 1.427095 -2.386176 230 57 70 R0 pano_camera0/frame_0269_hp_preview.jpg
-1.147243 1.443991 -2.539332 230 57 70 R0 pano_camera0/frame_0270_hp_preview.jpg
-0.776821 1.436030 -2.797059 230 57 70 R0 pano_camera0/frame_0271_hp_preview.jpg
-0.433765 1.437801 -3.043108 230 57 70 R0 pano_camera0/frame_0272_hp_preview.jpg
-0.249170 1.446933 -3.187903 230 57 70 R0 pano_camera0/frame_0273_hp_preview.jpg
0.343725 1.439029 -3.629144 230 57 70 R0 pano_camera0/frame_0274_hp_preview.jpg
0.402503 1.442477 -3.684967 230 57 70 R0 pano_camera0/frame_0275_hp_preview.jpg
0.878082 1.443303 -4.052883 230 57 70 R0 pano_camera0/frame_0276_hp_preview.jpg
1.017876 1.447920 -4.178692 230 57 70 R0 pano_camera0/frame_0277_hp_preview.jpg
1.440358 1.462550 -4.581337 230 57 70 R0 pano_camera0/frame_0278_hp_preview.jpg
1.679506 1.458652 -4.748925 230 57 70 R0 pano_camera0/frame_0279_hp_preview.jpg
2.268992 1.460561 -5.244128 230 57 70 R0 pano_camera0/frame_0280_hp_preview.jpg
2.382452 1.457844 -5.324977 230 57 70 R0 pano_camera0/frame_0281_hp_preview.jpg
2.535593 1.452283 -5.476678 230 57 70 R0 pano_camera0/frame_0282_hp_preview.jpg
2.615842 1.448908 -5.710533 230 57 70 R0 pano_camera0/frame_0283_hp_preview.jpg
2.440913 1.438147 -6.099466 230 57 70 R0 pano_camera0/frame_0284_hp_preview.jpg
2.404009 1.435637 -6.126307 230 57 70 R0 pano_camera0/frame_0285_hp_preview.jpg
2.150928 1.434011 -6.334255 230 57 70 R0 pano_camera0/frame_0286_hp_preview.jpg
1.950628 1.448837 -6.344091 230 57 70 R0 pano_camera0/frame_0287_hp_preview.jpg
1.689580 1.458378 -6.361685 230 57 70 R0 pano_camera0/frame_0288_hp_preview.jpg
1.535424 1.463759 -6.439140 230 57 70 R0 pano_camera0/frame_0289_hp_preview.jpg
1.431765 1.460860 -6.694140 230 57 70 R0 pano_camera0/frame_0290_hp_preview.jpg
1.340868 1.448421 -7.243027 230 57 70 R0 pano_camera0/frame_0291_hp_preview.jpg
1.277938 1.447205 -7.456249 230 57 70 R0 pano_camera0/frame_0292_hp_preview.jpg
1.237063 1.441230 -7.633897 230 57 70 R0 pano_camera0/frame_0293_hp_preview.jpg
0.781388 1.425003 -8.083733 230 57 70 R0 pano_camera0/frame_0294_hp_preview.jpg
0.731373 1.426217 -8.096310 230 57 70 R0 pano_camera0/frame_0295_hp_preview.jpg
0.187729 1.421746 -7.909059 230 57 70 R0 pano_camera0/frame_0296_hp_preview.jpg
0.084512 1.428813 -7.564229 230 57 70 R0 pano_camera0/frame_0297_hp_preview.jpg
0.054011 1.418676 -7.254404 230 57 70 R0 pano_camera0/frame_0298_hp_preview.jpg
0.039675 1.425677 -7.012430 230 57 70 R0 pano_camera0/frame_0299_hp_preview.jpg
0.004080 1.432983 -6.550570 230 57 70 R0 pano_camera0/frame_0300_hp_preview.jpg
-0.001634 1.419579 -6.230624 230 57 70 R0 pano_camera0/frame_0301_hp_preview.jpg
0.025636 1.416832 -5.909207 230 57 70 R0 pano_camera0/frame_0302_hp_preview.jpg
0.135580 1.431671 -5.470160 230 57 70 R0 pano_camera0/frame_0303_hp_preview.jpg
0.183007 1.427950 -5.245760 230 57 70 R0 pano_camera0/frame_0304_hp_preview.jpg
0.241649 1.424743 -4.716748 230 57 70 R0 pano_camera0/frame_0305_hp_preview.jpg
0.174308 1.417866 -4.191643 230 57 70 R0 pano_camera0/frame_0306_hp_preview.jpg
0.072154 1.413725 -3.859282 230 57 70 R0 pano_camera0/frame_0307_hp_preview.jpg
0.025828 1.419989 -3.782939 230 57 70 R0 pano_camera0/frame_0308_hp_preview.jpg
-0.361261 1.422725 -3.502458 230 57 70 R0 pano_camera0/frame_0309_hp_preview.jpg
-0.829430 1.435010 -3.513734 230 57 70 R0 pano_camera0/frame_0310_hp_preview.jpg
-1.057554 1.421261 -3.737074 230 57 70 R0 pano_camera0/frame_0311_hp_preview.jpg
-1.221579 1.431127 -4.153901 230 57 70 R0 pano_camera0/frame_0312_hp_preview.jpg
-1.286415 1.430932 -4.466061 230 57 70 R0 pano_camera0/frame_0313_hp_preview.jpg
-1.316766 1.429206 -4.748200 230 57 70 R0 pano_camera0/frame_0314_hp_preview.jpg
-1.409192 1.428861 -5.435879 230 57 70 R0 pano_camera0/frame_0315_hp_preview.jpg
-1.420597 1.432467 -5.485926 230 57 70 R0 pano_camera0/frame_0316_hp_preview.jpg
-1.530703 1.421293 -5.923743 230 57 70 R0 pano_camera0/frame_0317_hp_preview.jpg
-1.804063 1.410418 -6.320414 230 57 70 R0 pano_camera0/frame_0318_hp_preview.jpg
-1.930834 1.411414 -6.331847 230 57 70 R0 pano_camera0/frame_0319_hp_preview.jpg
-2.276331 1.432923 -6.239065 230 57 70 R0 pano_camera0/frame_0320_hp_preview.jpg
-2.805069 1.437869 -5.765012 230 57 70 R0 pano_camera0/frame_0321_hp_preview.jpg
-2.833557 1.437285 -5.732936 230 57 70 R0 pano_camera0/frame_0322_hp_preview.jpg
-2.953953 1.426274 -5.267873 230 57 70 R0 pano_camera0/frame_0323_hp_preview.jpg
-2.901416 1.437351 -4.791443 230 57 70 R0 pano_camera0/frame_0324_hp_preview.jpg
-2.908245 1.429979 -4.743120 230 57 70 R0 pano_camera0/frame_0325_hp_preview.jpg
-3.130244 1.426807 -4.295926 230 57 70 R0 pano_camera0/frame_0326_hp_preview.jpg
-3.395900 1.424305 -4.248850 230 57 70 R0 pano_camera0/frame_0327_hp_preview.jpg
-3.530046 1.433114 -4.290012 230 57 70 R0 pano_camera0/frame_0328_hp_preview.jpg
-3.721874 1.436491 -4.429567 230 57 70 R0 pano_camera0/frame_0329_hp_preview.jpg
-4.074264 1.440935 -4.564564 230 57 70 R0 pano_camera0/frame_0330_hp_preview.jpg
-4.191607 1.439628 -4.476128 230 57 70 R0 pano_camera0/frame_0331_hp_preview.jpg
-4.044275 1.430981 -4.074446 230 57 70 R0 pano_camera0/frame_0332_hp_preview.jpg
-3.874144 1.423924 -3.944067 230 57 70 R0 pano_camera0/frame_0333_hp_preview.jpg
-3.610201 1.422120 -3.658954 230 57 70 R0 pano_camera0/frame_0334_hp_preview.jpg
-3.510022 1.425712 -3.479773 230 57 70 R0 pano_camera0/frame_0335_hp_preview.jpg
-3.389166 1.417765 -3.285411 230 57 70 R0 pano_camera0/frame_0336_hp_preview.jpg
-3.167213 1.411605 -2.823824 230 57 70 R0 pano_camera0/frame_0337_hp_preview.jpg
-3.059133 1.415809 -2.591792 230 57 70 R0 pano_camera0/frame_0338_hp_preview.jpg
-2.826818 1.412954 -1.975863 230 57 70 R0 pano_camera0/frame_0339_hp_preview.jpg
-2.734983 1.440417 -1.570485 230 57 70 R0 pano_camera0/frame_0340_hp_preview.jpg
-2.703366 1.434757 -1.463450 230 57 70 R0 pano_camera0/frame_0341_hp_preview.jpg
-2.578347 1.438120 -1.157698 230 57 70 R0 pano_camera0/frame_0342_hp_preview.jpg
-2.348608 1.445273 -0.805903 230 57 70 R0 pano_camera0/frame_0343_hp_preview.jpg
-2.396490 1.454841 -0.458745 230 57 70 R0 pano_camera0/frame_0344_hp_preview.jpg
-2.647620 1.455518 -0.544333 230 57 70 R0 pano_camera0/frame_0345_hp_preview.jpg
-2.842718 1.449798 -0.730898 230 57 70 R0 pano_camera0/frame_0346_hp_preview.jpg
-2.942128 1.447676 -0.939302 230 57 70 R0 pano_camera0/frame_0347_hp_preview.jpg
-3.064672 1.447227 -1.170804 230 57 70 R0 pano_camera0/frame_0348_hp_preview.jpg
-3.355959 1.433920 -1.718727 230 57 70 R0 pano_camera0/frame_0349_hp_preview.jpg
-3.550782 1.419590 -1.929097 230 57 70 R0 pano_camera0/frame_0350_hp_preview.jpg
-3.703699 1.414236 -2.078651 230 57 70 R0 pano_camera0/frame_0351_hp_preview.jpg
-4.142922 1.415733 -2.286777 230 57 70 R0 pano_camera0/frame_0352_hp_preview.jpg
-4.364445 1.429064 -2.321010 230 57 70 R0 pano_camera0/frame_0353_hp_preview.jpg
-4.722586 1.433661 -2.497647 230 57 70 R0 pano_camera0/frame_0354_hp_preview.jpg
-4.836061 1.444793 -2.676408 230 57 70 R0 pano_camera0/frame_0355_hp_preview.jpg
-4.753302 1.450734 -3.094418 230 57 70 R0 pano_camera0/frame_0356_hp_preview.jpg
-4.677550 1.434833 -3.384572 230 57 70 R0 pano_camera0/frame_0357_hp_preview.jpg
-4.633019 1.415778 -3.466966 230 57 70 R0 pano_camera0/frame_0358_hp_preview.jpg
-4.601278 1.406580 -3.489682 230 57 70 R0 pano_camera0/frame_0359_hp_preview.jpg
-4.648785 1.421615 -3.496213 230 57 70 R0 pano_camera0/frame_0360_hp_preview.jpg
-4.648860 1.420548 -3.500413 230 57 70 R0 pano_camera0/frame_0361_hp_preview.jpg
-4.755989 1.427484 -3.768075 230 57 70 R0 pano_camera0/frame_0362_hp_preview.jpg
-4.888304 1.431944 -3.827389 230 57 70 R0 pano_camera0/frame_0363_hp_preview.jpg
-5.148960 1.461203 -3.847280 230 57 70 R0 pano_camera0/frame_0364_hp_preview.jpg
-5.230429 1.463597 -3.793677 230 57 70 R0 pano_camera0/frame_0365_hp_preview.jpg
-5.279704 1.457383 -3.396247 230 57 70 R0 pano_camera0/frame_0366_hp_preview.jpg
-5.257138 1.454444 -3.335955 230 57 70 R0 pano_camera0/frame_0367_hp_preview.jpg
-5.120368 1.443045 -3.031484 230 57 70 R0 pano_camera0/frame_0368_hp_preview.jpg
-4.827538 1.443083 -2.407250 230 57 70 R0 pano_camera0/frame_0369_hp_preview.jpg
-4.840449 1.415587 -2.203901 230 57 70 R0 pano_camera0/frame_0370_hp_preview.jpg
-4.980493 1.447167 -2.064935 230 57 70 R0 pano_camera0/frame_0371_hp_preview.jpg
-5.307263 1.443195 -2.128481 230 57 70 R0 pano_camera0/frame_0372_hp_preview.jpg
-5.557101 1.452694 -2.384206 230 57 70 R0 pano_camera0/frame_0373_hp_preview.jpg
-6.162845 1.448885 -2.752715 230 57 70 R0 pano_camera0/frame_0374_hp_preview.jpg
-6.354848 1.458210 -2.766252 230 57 70 R0 pano_camera0/frame_0375_hp_preview.jpg
-6.578254 1.469836 -2.694753 230 57 70 R0 pano_camera0/frame_0376_hp_preview.jpg
-6.754845 1.475929 -2.603905 230 57 70 R0 pano_camera0/frame_0377_hp_preview.jpg
-7.262221 1.506397 -2.221576 230 57 70 R0 pano_camera0/frame_0378_hp_preview.jpg
-7.380191 1.497133 -2.074604 230 57 70 R0 pano_camera0/frame_0379_hp_preview.jpg
-7.499629 1.495858 -1.849045 230 57 70 R0 pano_camera0/frame_0380_hp_preview.jpg
-7.561927 1.376604 -1.828279 230 57 70 R0 pano_camera0/frame_0381_hp_preview.jpg
-7.588789 1.247673 -1.676442 230 57 70 R0 pano_camera0/frame_0382_hp_preview.jpg
-7.544837 1.453370 -1.411409 230 57 70 R0 pano_camera0/frame_0383_hp_preview.jpg
-7.515450 1.466889 -1.413064 230 57 70 R0 pano_camera0/frame_0384_hp_preview.jpg
-7.356886 1.478748 -1.213842 230 57 70 R0 pano_camera0/frame_0385_hp_preview.jpg
-7.044601 1.489508 -0.768602 230 57 70 R0 pano_camera0/frame_0386_hp_preview.jpg
-6.921606 1.489237 -0.548549 230 57 70 R0 pano_camera0/frame_0387_hp_preview.jpg
-6.475482 1.492353 0.099213 230 57 70 R0 pano_camera0/frame_0388_hp_preview.jpg
-6.157362 1.485064 0.490595 230 57 70 R0 pano_camera0/frame_0389_hp_preview.jpg
-6.013056 1.474730 0.635368 230 57 70 R0 pano_camera0/frame_0390_hp_preview.jpg
-5.600693 1.479672 0.830573 230 57 70 R0 pano_camera0/frame_0391_hp_preview.jpg
-5.515793 1.475958 0.786954 230 57 70 R0 pano_camera0/frame_0392_hp_preview.jpg
-5.554292 1.475055 0.597511 230 57 70 R0 pano_camera0/frame_0393_hp_preview.jpg
-5.724430 1.466251 0.452984 230 57 70 R0 pano_camera0/frame_0394_hp_preview.jpg
-6.017305 1.459954 0.220713 230 57 70 R0 pano_camera0/frame_0395_hp_preview.jpg
-6.224453 1.459855 -0.106839 230 57 70 R0 pano_camera0/frame_0396_hp_preview.jpg
-6.022417 1.476755 -0.528791 230 57 70 R0 pano_camera0/frame_0397_hp_preview.jpg
-5.884834 1.473327 -0.629695 230 57 70 R0 pano_camera0/frame_0398_hp_preview.jpg
-5.406345 1.477048 -0.644006 230 57 70 R0 pano_camera0/frame_0399_hp_preview.jpg
-5.033322 1.462623 -0.285928 230 57 70 R0 pano_camera0/frame_0400_hp_preview.jpg
-4.760939 1.460858 0.016460 230 57 70 R0 pano_camera0/frame_0401_hp_preview.jpg
-4.740706 1.459978 0.035011 230 57 70 R0 pano_camera0/frame_0402_hp_preview.jpg
-4.487751 1.456131 0.325358 230 57 70 R0 pano_camera0/frame_0403_hp_preview.jpg
-3.966916 1.454208 0.323920 230 57 70 R0 pano_camera0/frame_0404_hp_preview.jpg
-3.938017 1.460105 0.294329 230 57 70 R0 pano_camera0/frame_0405_hp_preview.jpg
-3.779469 1.467388 -0.161803 230 57 70 R0 pano_camera0/frame_0406_hp_preview.jpg
-4.039759 1.452643 -0.524469 230 57 70 R0 pano_camera0/frame_0407_hp_preview.jpg
-4.183015 1.455839 -0.709570 230 57 70 R0 pano_camera0/frame_0408_hp_preview.jpg
-4.293459 1.448853 -0.842222 230 57 70 R0 pano_camera0/frame_0409_hp_preview.jpg
-4.400337 1.462548 -1.188621 230 57 70 R0 pano_camera0/frame_0410_hp_preview.jpg
-4.072494 1.450572 -1.722183 230 57 70 R0 pano_camera0/frame_0411_hp_preview.jpg
-4.010265 1.442197 -1.779053 230 57 70 R0 pano_camera0/frame_0412_hp_preview.jpg
-3.876419 1.444487 -1.960248 230 57 70 R0 pano_camera0/frame_0413_hp_preview.jpg
-3.897421 1.446772 -1.965783 230 57 70 R0 pano_camera0/frame_0414_hp_preview.jpg
-3.898890 1.447114 -1.964338 230 57 70 R0 pano_camera0/frame_0415_hp_preview.jpg
-3.895397 1.442537 -1.965717 230 57 70 R0 pano_camera0/frame_0416_hp_preview.jpg
2.878744 0.054924 0.222824 230 57 70 R0 pano_camera1/frame_0140_hp_preview.jpg
3.005104 0.062449 0.351617 230 57 70 R0 pano_camera1/frame_0141_hp_preview.jpg
3.220937 0.061987 0.594487 230 57 70 R0 pano_camera1/frame_0142_hp_preview.jpg
3.376829 0.062307 0.694644 230 57 70 R0 pano_camera1/frame_0143_hp_preview.jpg
3.552935 0.078898 0.644563 230 57 70 R0 pano_camera1/frame_0144_hp_preview.jpg
3.613064 0.082549 0.468483 230 57 70 R0 pano_camera1/frame_0145_hp_preview.jpg
2.749535 0.066391 0.648415 230 57 70 R0 pano_camera1/frame_0157_hp_preview.jpg
2.610933 0.068892 0.732946 230 57 70 R0 pano_camera1/frame_0158_hp_preview.jpg
2.560798 0.074386 0.830129 230 57 70 R0 pano_camera1/frame_0159_hp_preview.jpg
2.305931 0.068100 1.436272 230 57 70 R0 pano_camera1/frame_0160_hp_preview.jpg
2.095837 0.066812 1.696147 230 57 70 R0 pano_camera1/frame_0161_hp_preview.jpg
1.791601 0.080353 1.982086 230 57 70 R0 pano_camera1/frame_0162_hp_preview.jpg
1.582572 0.086330 2.139700 230 57 70 R0 pano_camera1/frame_0163_hp_preview.jpg
1.355950 0.095934 2.279594 230 57 70 R0 pano_camera1/frame_0164_hp_preview.jpg
0.958712 0.097017 2.262554 230 57 70 R0 pano_camera1/frame_0165_hp_preview.jpg
0.799006 0.094101 2.127874 230 57 70 R0 pano_camera1/frame_0166_hp_preview.jpg
0.555941 0.093860 1.765549 230 57 70 R0 pano_camera1/frame_0167_hp_preview.jpg
0.612129 0.085125 1.379476 230 57 70 R0 pano_camera1/frame_0168_hp_preview.jpg
0.703242 0.094951 1.264211 230 57 70 R0 pano_camera1/frame_0169_hp_preview.jpg
1.244372 0.075358 0.737776 230 57 70 R0 pano_camera1/frame_0170_hp_preview.jpg
1.317628 0.088539 0.668925 230 57 70 R0 pano_camera1/frame_0171_hp_preview.jpg
1.660603 0.070106 0.346956 230 57 70 R0 pano_camera1/frame_0172_hp_preview.jpg
1.741766 0.074815 -0.032498 230 57 70 R0 pano_camera1/frame_0173_hp_preview.jpg
1.540928 0.078064 -0.370376 230 57 70 R0 pano_camera1/frame_0174_hp_preview.jpg
1.531870 0.080974 -0.375982 230 57 70 R0 pano_camera1/frame_0175_hp_preview.jpg
1.101633 0.074214 -0.474682 230 57 70 R0 pano_camera1/frame_0176_hp_preview.jpg
0.856987 0.084426 -0.428709 230 57 70 R0 pano_camera1/frame_0177_hp_preview.jpg
0.394964 0.083837 -0.415737 230 57 70 R0 pano_camera1/frame_0178_hp_preview.jpg
0.076176 0.084565 -0.667419 230 57 70 R0 pano_camera1/frame_0179_hp_preview.jpg
0.036067 0.081547 -0.861466 230 57 70 R0 pano_camera1/frame_0180_hp_preview.jpg
0.170613 0.064009 -1.097735 230 57 70 R0 pano_camera1/frame_0181_hp_preview.jpg
0.367490 0.059538 -1.257050 230 57 70 R0 pano_camera1/frame_0182_hp_preview.jpg
0.595447 0.066120 -1.573921 230 57 70 R0 pano_camera1/frame_0183_hp_preview.jpg
0.445507 0.053789 -1.724032 230 57 70 R0 pano_camera1/frame_0184_hp_preview.jpg
0.291308 0.055758 -1.676802 230 57 70 R0 pano_camera1/frame_0185_hp_preview.jpg
0.096791 0.052900 -1.534842 230 57 70 R0 pano_camera1/frame_0186_hp_preview.jpg
-0.103339 0.055580 -1.401356 230 57 70 R0 pano_camera1/frame_0187_hp_preview.jpg
-0.404070 0.060086 -1.299852 230 57 70 R0 pano_camera1/frame_0188_hp_preview.jpg
-0.706396 0.061095 -1.391022 230 57 70 R0 pano_camera1/frame_0189_hp_preview.jpg
-0.737056 0.066617 -1.410471 230 57 70 R0 pano_camera1/frame_0190_hp_preview.jpg
-0.901842 0.067051 -1.626842 230 57 70 R0 pano_camera1/frame_0191_hp_preview.jpg
-0.900002 0.066870 -1.986793 230 57 70 R0 pano_camera1/frame_0192_hp_preview.jpg
-0.765824 0.056853 -2.236454 230 57 70 R0 pano_camera1/frame_0193_hp_preview.jpg
-0.542574 0.043588 -2.517015 230 57 70 R0 pano_camera1/frame_0194_hp_preview.jpg
-0.401903 0.046223 -2.728461 230 57 70 R0 pano_camera1/frame_0195_hp_preview.jpg
-0.427734 0.032328 -2.932985 230 57 70 R0 pano_camera1/frame_0196_hp_preview.jpg
-0.623240 0.031901 -3.307107 230 57 70 R0 pano_camera1/frame_0197_hp_preview.jpg
-0.995603 0.045520 -3.791746 230 57 70 R0 pano_camera1/frame_0198_hp_preview.jpg
-1.104524 0.050378 -3.933612 230 57 70 R0 pano_camera1/frame_0199_hp_preview.jpg
-1.721546 0.080687 -4.507984 230 57 70 R0 pano_camera1/frame_0200_hp_preview.jpg
-1.712540 0.125018 -4.602404 230 57 70 R0 pano_camera1/frame_0201_hp_preview.jpg
-1.760393 0.058176 -3.365942 230 57 70 R0 pano_camera1/frame_0226_hp_preview.jpg
-2.379670 0.072057 -2.099824 230 57 70 R0 pano_camera1/frame_0240_hp_preview.jpg
-2.365718 0.064941 -2.033852 230 57 70 R0 pano_camera1/frame_0241_hp_preview.jpg
-2.471917 0.061823 -1.757579 230 57 70 R0 pano_camera1/frame_0242_hp_preview.jpg
-2.355633 0.059782 -1.594036 230 57 70 R0 pano_camera1/frame_0243_hp_preview.jpg
-2.142095 0.056150 -1.606932 230 57 70 R0 pano_camera1/frame_0244_hp_preview.jpg
-2.038877 0.052267 -1.588058 230 57 70 R0 pano_camera1/frame_0245_hp_preview.jpg
-1.767799 0.026125 -1.522407 230 57 70 R0 pano_camera1/frame_0246_hp_preview.jpg
-1.639720 0.032026 -1.595488 230 57 70 R0 pano_camera1/frame_0247_hp_preview.jpg
-1.324774 0.031304 -1.519705 230 57 70 R0 pano_camera1/frame_0248_hp_preview.jpg
-1.289372 0.029259 -1.499412 230 57 70 R0 pano_camera1/frame_0249_hp_preview.jpg
-0.667357 0.034699 -1.026091 230 57 70 R0 pano_camera1/frame_0250_hp_preview.jpg
-0.657053 0.033290 -1.016454 230 57 70 R0 pano_camera1/frame_0251_hp_preview.jpg
-0.358050 0.046852 -0.591642 230 57 70 R0 pano_camera1/frame_0252_hp_preview.jpg
-0.215175 0.069118 -0.051124 230 57 70 R0 pano_camera1/frame_0253_hp_preview.jpg
-0.490509 0.083878 0.271249 230 57 70 R0 pano_camera1/frame_0254_hp_preview.jpg
-0.533177 0.080796 0.276302 230 57 70 R0 pano_camera1/frame_0255_hp_preview.jpg
-0.961352 0.116601 -0.084286 230 57 70 R0 pano_camera1/frame_0256_hp_preview.jpg
-1.090232 0.241372 -0.260372 230 57 70 R0 pano_camera1/frame_0257_hp_preview.jpg
-1.139318 0.322132 -0.328100 230 57 70 R0 pano_camera1/frame_0258_hp_preview.jpg
-1.216691 0.394584 -0.452739 230 57 70 R0 pano_camera1/frame_0259_hp_preview.jpg
-1.396053 0.640740 -0.728976 230 57 70 R0 pano_camera1/frame_0260_hp_preview.jpg
-1.398647 0.643400 -0.735293 230 57 70 R0 pano_camera1/frame_0261_hp_preview.jpg
-1.609833 0.898580 -1.001917 230 57 70 R0 pano_camera1/frame_0262_hp_preview.jpg
-1.620316 0.907840 -1.008742 230 57 70 R0 pano_camera1/frame_0263_hp_preview.jpg
-1.725128 1.049732 -1.148425 230 57 70 R0 pano_camera1/frame_0264_hp_preview.jpg
-1.886277 1.224711 -1.357645 230 57 70 R0 pano_camera1/frame_0265_hp_preview.jpg
-1.930758 1.356738 -1.585434 230 57 70 R0 pano_camera1/frame_0266_hp_preview.jpg
-1.915887 1.430530 -1.795010 230 57 70 R0 pano_camera1/frame_0267_hp_preview.jpg
-1.711841 1.422783 -2.025131 230 57 70 R0 pano_camera1/frame_0268_hp_preview.jpg
-1.334951 1.427095 -2.386176 230 57 70 R0 pano_camera1/frame_0269_hp_preview.jpg
-1.147243 1.443991 -2.539332 230 57 70 R0 pano_camera1/frame_0270_hp_preview.jpg
-0.776821 1.436030 -2.797059 230 57 70 R0 pano_camera1/frame_0271_hp_preview.jpg
-0.433765 1.437801 -3.043108 230 57 70 R0 pano_camera1/frame_0272_hp_preview.jpg
-0.249170 1.446933 -3.187903 230 57 70 R0 pano_camera1/frame_0273_hp_preview.jpg
0.343725 1.439029 -3.629144 230 57 70 R0 pano_camera1/frame_0274_hp_preview.jpg
0.402503 1.442477 -3.684967 230 57 70 R0 pano_camera1/frame_0275_hp_preview.jpg
0.878082 1.443303 -4.052883 230 57 70 R0 pano_camera1/frame_0276_hp_preview.jpg
1.017876 1.447920 -4.178692 230 57 70 R0 pano_camera1/frame_0277_hp_preview.jpg
1.440358 1.462550 -4.581337 230 57 70 R0 pano_camera1/frame_0278_hp_preview.jpg
1.679506 1.458652 -4.748925 230 57 70 R0 pano_camera1/frame_0279_hp_preview.jpg
2.268992 1.460561 -5.244128 230 57 70 R0 pano_camera1/frame_0280_hp_preview.jpg
2.382452 1.457844 -5.324977 230 57 70 R0 pano_camera1/frame_0281_hp_preview.jpg
2.535593 1.452283 -5.476678 230 57 70 R0 pano_camera1/frame_0282_hp_preview.jpg
2.615842 1.448908 -5.710533 230 57 70 R0 pano_camera1/frame_0283_hp_preview.jpg
2.440913 1.438147 -6.099466 230 57 70 R0 pano_camera1/frame_0284_hp_preview.jpg
2.404009 1.435637 -6.126307 230 57 70 R0 pano_camera1/frame_0285_hp_preview.jpg
2.150928 1.434011 -6.334255 230 57 70 R0 pano_camera1/frame_0286_hp_preview.jpg
1.950628 1.448837 -6.344091 230 57 70 R0 pano_camera1/frame_0287_hp_preview.jpg
1.689580 1.458378 -6.361685 230 57 70 R0 pano_camera1/frame_0288_hp_preview.jpg
1.535424 1.463759 -6.439140 230 57 70 R0 pano_camera1/frame_0289_hp_preview.jpg
1.431765 1.460860 -6.694140 230 57 70 R0 pano_camera1/frame_0290_hp_preview.jpg
1.340868 1.448421 -7.243027 230 57 70 R0 pano_camera1/frame_0291_hp_preview.jpg
1.277938 1.447205 -7.456249 230 57 70 R0 pano_camera1/frame_0292_hp_preview.jpg
1.237063 1.441230 -7.633897 230 57 70 R0 pano_camera1/frame_0293_hp_preview.jpg
0.781388 1.425003 -8.083733 230 57 70 R0 pano_camera1/frame_0294_hp_preview.jpg
0.731373 1.426217 -8.096310 230 57 70 R0 pano_camera1/frame_0295_hp_preview.jpg
0.187729 1.421746 -7.909059 230 57 70 R0 pano_camera1/frame_0296_hp_preview.jpg
0.084512 1.428813 -7.564229 230 57 70 R0 pano_camera1/frame_0297_hp_preview.jpg
0.054011 1.418676 -7.254404 230 57 70 R0 pano_camera1/frame_0298_hp_preview.jpg
0.039675 1.425677 -7.012430 230 57 70 R0 pano_camera1/frame_0299_hp_preview.jpg
0.004080 1.432983 -6.550570 230 57 70 R0 pano_camera1/frame_0300_hp_preview.jpg
-0.001634 1.419579 -6.230624 230 57 70 R0 pano_camera1/frame_0301_hp_preview.jpg
0.025636 1.416832 -5.909207 230 57 70 R0 pano_camera1/frame_0302_hp_preview.jpg
0.135580 1.431671 -5.470160 230 57 70 R0 pano_camera1/frame_0303_hp_preview.jpg
0.183007 1.427950 -5.245760 230 57 70 R0 pano_camera1/frame_0304_hp_preview.jpg
0.241649 1.424743 -4.716748 230 57 70 R0 pano_camera1/frame_0305_hp_preview.jpg
0.174308 1.417866 -4.191643 230 57 70 R0 pano_camera1/frame_0306_hp_preview.jpg
0.072154 1.413725 -3.859282 230 57 70 R0 pano_camera1/frame_0307_hp_preview.jpg
0.025828 1.419989 -3.782939 230 57 70 R0 pano_camera1/frame_0308_hp_preview.jpg
-0.361261 1.422725 -3.502458 230 57 70 R0 pano_camera1/frame_0309_hp_preview.jpg
-0.829430 1.435010 -3.513734 230 57 70 R0 pano_camera1/frame_0310_hp_preview.jpg
-1.057554 1.421261 -3.737074 230 57 70 R0 pano_camera1/frame_0311_hp_preview.jpg
-1.221579 1.431127 -4.153901 230 57 70 R0 pano_camera1/frame_0312_hp_preview.jpg
-1.286415 1.430932 -4.466061 230 57 70 R0 pano_camera1/frame_0313_hp_preview.jpg
-1.316766 1.429206 -4.748200 230 57 70 R0 pano_camera1/frame_0314_hp_preview.jpg
-1.409192 1.428861 -5.435879 230 57 70 R0 pano_camera1/frame_0315_hp_preview.jpg
-1.420597 1.432467 -5.485926 230 57 70 R0 pano_camera1/frame_0316_hp_preview.jpg
-1.530703 1.421293 -5.923743 230 57 70 R0 pano_camera1/frame_0317_hp_preview.jpg
-1.804063 1.410418 -6.320414 230 57 70 R0 pano_camera1/frame_0318_hp_preview.jpg
-1.930834 1.411414 -6.331847 230 57 70 R0 pano_camera1/frame_0319_hp_preview.jpg
-2.276331 1.432923 -6.239065 230 57 70 R0 pano_camera1/frame_0320_hp_preview.jpg
-2.805069 1.437869 -5.765012 230 57 70 R0 pano_camera1/frame_0321_hp_preview.jpg
-2.833557 1.437285 -5.732936 230 57 70 R0 pano_camera1/frame_0322_hp_preview.jpg
-2.953953 1.426274 -5.267873 230 57 70 R0 pano_camera1/frame_0323_hp_preview.jpg
-2.901416 1.437351 -4.791443 230 57 70 R0 pano_camera1/frame_0324_hp_preview.jpg
-2.908245 1.429979 -4.743120 230 57 70 R0 pano_camera1/frame_0325_hp_preview.jpg
-3.130244 1.426807 -4.295926 230 57 70 R0 pano_camera1/frame_0326_hp_preview.jpg
-3.395900 1.424305 -4.248850 230 57 70 R0 pano_camera1/frame_0327_hp_preview.jpg
-3.530046 1.433114 -4.290012 230 57 70 R0 pano_camera1/frame_0328_hp_preview.jpg
-3.721874 1.436491 -4.429567 230 57 70 R0 pano_camera1/frame_0329_hp_preview.jpg
-4.074264 1.440935 -4.564564 230 57 70 R0 pano_camera1/frame_0330_hp_preview.jpg
-4.191607 1.439628 -4.476128 230 57 70 R0 pano_camera1/frame_0331_hp_preview.jpg
-4.044275 1.430981 -4.074446 230 57 70 R0 pano_camera1/frame_0332_hp_preview.jpg
-3.874144 1.423924 -3.944067 230 57 70 R0 pano_camera1/frame_0333_hp_preview.jpg
-3.610201 1.422120 -3.658954 230 57 70 R0 pano_camera1/frame_0334_hp_preview.jpg
-3.510022 1.425712 -3.479773 230 57 70 R0 pano_camera1/frame_0335_hp_preview.jpg
-3.389166 1.417765 -3.285411 230 57 70 R0 pano_camera1/frame_0336_hp_preview.jpg
-3.167213 1.411605 -2.823824 230 57 70 R0 pano_camera1/frame_0337_hp_preview.jpg
-3.059133 1.415809 -2.591792 230 57 70 R0 pano_camera1/frame_0338_hp_preview.jpg
-2.826818 1.412954 -1.975863 230 57 70 R0 pano_camera1/frame_0339_hp_preview.jpg
-2.734983 1.440417 -1.570485 230 57 70 R0 pano_camera1/frame_0340_hp_preview.jpg
-2.703366 1.434757 -1.463450 230 57 70 R0 pano_camera1/frame_0341_hp_preview.jpg
-2.578347 1.438120 -1.157698 230 57 70 R0 pano_camera1/frame_0342_hp_preview.jpg
-2.348608 1.445273 -0.805903 230 57 70 R0 pano_camera1/frame_0343_hp_preview.jpg
-2.396490 1.454841 -0.458745 230 57 70 R0 pano_camera1/frame_0344_hp_preview.jpg
-2.647620 1.455518 -0.544333 230 57 70 R0 pano_camera1/frame_0345_hp_preview.jpg
-2.842718 1.449798 -0.730898 230 57 70 R0 pano_camera1/frame_0346_hp_preview.jpg
-2.942128 1.447676 -0.939302 230 57 70 R0 pano_camera1/frame_0347_hp_preview.jpg
-3.064672 1.447227 -1.170804 230 57 70 R0 pano_camera1/frame_0348_hp_preview.jpg
-3.355959 1.433920 -1.718727 230 57 70 R0 pano_camera1/frame_0349_hp_preview.jpg
-3.550782 1.419590 -1.929097 230 57 70 R0 pano_camera1/frame_0350_hp_preview.jpg
-3.703699 1.414236 -2.078651 230 57 70 R0 pano_camera1/frame_0351_hp_preview.jpg
-4.142922 1.415733 -2.286777 230 57 70 R0 pano_camera1/frame_0352_hp_preview.jpg
-4.364445 1.429064 -2.321010 230 57 70 R0 pano_camera1/frame_0353_hp_preview.jpg
-4.722586 1.433661 -2.497647 230 57 70 R0 pano_camera1/frame_0354_hp_preview.jpg
-4.836061 1.444793 -2.676408 230 57 70 R0 pano_camera1/frame_0355_hp_preview.jpg
-4.753302 1.450734 -3.094418 230 57 70 R0 pano_camera1/frame_0356_hp_preview.jpg
-4.677550 1.434833 -3.384572 230 57 70 R0 pano_camera1/frame_0357_hp_preview.jpg
-4.633019 1.415778 -3.466966 230 57 70 R0 pano_camera1/frame_0358_hp_preview.jpg
-4.601278 1.406580 -3.489682 230 57 70 R0 pano_camera1/frame_0359_hp_preview.jpg
-4.648785 1.421615 -3.496213 230 57 70 R0 pano_camera1/frame_0360_hp_preview.jpg
-4.648860 1.420548 -3.500413 230 57 70 R0 pano_camera1/frame_0361_hp_preview.jpg
-4.755989 1.427484 -3.768075 230 57 70 R0 pano_camera1/frame_0362_hp_preview.jpg
-4.888304 1.431944 -3.827389 230 57 70 R0 pano_camera1/frame_0363_hp_preview.jpg
-5.148960 1.461203 -3.847280 230 57 70 R0 pano_camera1/frame_0364_hp_preview.jpg
-5.230429 1.463597 -3.793677 230 57 70 R0 pano_camera1/frame_0365_hp_preview.jpg
-5.279704 1.457383 -3.396247 230 57 70 R0 pano_camera1/frame_0366_hp_preview.jpg
-5.257138 1.454444 -3.335955 230 57 70 R0 pano_camera1/frame_0367_hp_preview.jpg
-5.120368 1.443045 -3.031484 230 57 70 R0 pano_camera1/frame_0368_hp_preview.jpg
-4.827538 1.443083 -2.407250 230 57 70 R0 pano_camera1/frame_0369_hp_preview.jpg
-4.840449 1.415587 -2.203901 230 57 70 R0 pano_camera1/frame_0370_hp_preview.jpg
-4.980493 1.447167 -2.064935 230 57 70 R0 pano_camera1/frame_0371_hp_preview.jpg
-5.307263 1.443195 -2.128481 230 57 70 R0 pano_camera1/frame_0372_hp_preview.jpg
-5.557101 1.452694 -2.384206 230 57 70 R0 pano_camera1/frame_0373_hp_preview.jpg
-6.162845 1.448885 -2.752715 230 57 70 R0 pano_camera1/frame_0374_hp_preview.jpg
-6.354848 1.458210 -2.766252 230 57 70 R0 pano_camera1/frame_0375_hp_preview.jpg
-6.578254 1.469836 -2.694753 230 57 70 R0 pano_camera1/frame_0376_hp_preview.jpg
-6.754845 1.475929 -2.603905 230 57 70 R0 pano_camera1/frame_0377_hp_preview.jpg
-7.262221 1.506397 -2.221576 230 57 70 R0 pano_camera1/frame_0378_hp_preview.jpg
-7.380191 1.497133 -2.074604 230 57 70 R0 pano_camera1/frame_0379_hp_preview.jpg
-7.499629 1.495858 -1.849045 230 57 70 R0 pano_camera1/frame_0380_hp_preview.jpg
-7.561927 1.376604 -1.828279 230 57 70 R0 pano_camera1/frame_0381_hp_preview.jpg
-7.588789 1.247673 -1.676442 230 57 70 R0 pano_camera1/frame_0382_hp_preview.jpg
-7.544837 1.453370 -1.411409 230 57 70 R0 pano_camera1/frame_0383_hp_preview.jpg
-7.515450 1.466889 -1.413064 230 57 70 R0 pano_camera1/frame_0384_hp_preview.jpg
-7.356886 1.478748 -1.213842 230 57 70 R0 pano_camera1/frame_0385_hp_preview.jpg
-7.044601 1.489508 -0.768602 230 57 70 R0 pano_camera1/frame_0386_hp_preview.jpg
-6.921606 1.489237 -0.548549 230 57 70 R0 pano_camera1/frame_0387_hp_preview.jpg
-6.475482 1.492353 0.099213 230 57 70 R0 pano_camera1/frame_0388_hp_preview.jpg
-6.157362 1.485064 0.490595 230 57 70 R0 pano_camera1/frame_0389_hp_preview.jpg
-6.013056 1.474730 0.635368 230 57 70 R0 pano_camera1/frame_0390_hp_preview.jpg
-5.600693 1.479672 0.830573 230 57 70 R0 pano_camera1/frame_0391_hp_preview.jpg
-5.515793 1.475958 0.786954 230 57 70 R0 pano_camera1/frame_0392_hp_preview.jpg
-5.554292 1.475055 0.597511 230 57 70 R0 pano_camera1/frame_0393_hp_preview.jpg
-5.724430 1.466251 0.452984 230 57 70 R0 pano_camera1/frame_0394_hp_preview.jpg
-6.017305 1.459954 0.220713 230 57 70 R0 pano_camera1/frame_0395_hp_preview.jpg
-6.224453 1.459855 -0.106839 230 57 70 R0 pano_camera1/frame_0396_hp_preview.jpg
-6.022417 1.476755 -0.528791 230 57 70 R0 pano_camera1/frame_0397_hp_preview.jpg
-5.884834 1.473327 -0.629695 230 57 70 R0 pano_camera1/frame_0398_hp_preview.jpg
-5.406345 1.477048 -0.644006 230 57 70 R0 pano_camera1/frame_0399_hp_preview.jpg
-5.033322 1.462623 -0.285928 230 57 70 R0 pano_camera1/frame_0400_hp_preview.jpg
-4.760939 1.460858 0.016460 230 57 70 R0 pano_camera1/frame_0401_hp_preview.jpg
-4.740706 1.459978 0.035011 230 57 70 R0 pano_camera1/frame_0402_hp_preview.jpg
-4.487751 1.456131 0.325358 230 57 70 R0 pano_camera1/frame_0403_hp_preview.jpg
-3.966916 1.454208 0.323920 230 57 70 R0 pano_camera1/frame_0404_hp_preview.jpg
-3.938017 1.460105 0.294329 230 57 70 R0 pano_camera1/frame_0405_hp_preview.jpg
-3.779469 1.467388 -0.161803 230 57 70 R0 pano_camera1/frame_0406_hp_preview.jpg
-4.039759 1.452643 -0.524469 230 57 70 R0 pano_camera1/frame_0407_hp_preview.jpg
-4.183015 1.455839 -0.709570 230 57 70 R0 pano_camera1/frame_0408_hp_preview.jpg
-4.293459 1.448853 -0.842222 230 57 70 R0 pano_camera1/frame_0409_hp_preview.jpg
-4.400337 1.462548 -1.188621 230 57 70 R0 pano_camera1/frame_0410_hp_preview.jpg
-4.072494 1.450572 -1.722183 230 57 70 R0 pano_camera1/frame_0411_hp_preview.jpg
-4.010265 1.442197 -1.779053 230 57 70 R0 pano_camera1/frame_0412_hp_preview.jpg
-3.876419 1.444487 -1.960248 230 57 70 R0 pano_camera1/frame_0413_hp_preview.jpg
-3.897421 1.446772 -1.965783 230 57 70 R0 pano_camera1/frame_0414_hp_preview.jpg
-3.898890 1.447114 -1.964338 230 57 70 R0 pano_camera1/frame_0415_hp_preview.jpg
-3.895397 1.442537 -1.965717 230 57 70 R0 pano_camera1/frame_0416_hp_preview.jpg
2.878744 0.054924 0.222824 230 57 70 R0 pano_camera2/frame_0140_hp_preview.jpg
3.005104 0.062449 0.351617 230 57 70 R0 pano_camera2/frame_0141_hp_preview.jpg
3.220937 0.061987 0.594487 230 57 70 R0 pano_camera2/frame_0142_hp_preview.jpg
3.376829 0.062307 0.694644 230 57 70 R0 pano_camera2/frame_0143_hp_preview.jpg
3.552935 0.078898 0.644563 230 57 70 R0 pano_camera2/frame_0144_hp_preview.jpg
3.613064 0.082549 0.468483 230 57 70 R0 pano_camera2/frame_0145_hp_preview.jpg
2.749535 0.066391 0.648415 230 57 70 R0 pano_camera2/frame_0157_hp_preview.jpg
2.610933 0.068892 0.732946 230 57 70 R0 pano_camera2/frame_0158_hp_preview.jpg
2.560798 0.074386 0.830129 230 57 70 R0 pano_camera2/frame_0159_hp_preview.jpg
2.305931 0.068100 1.436272 230 57 70 R0 pano_camera2/frame_0160_hp_preview.jpg
2.095837 0.066812 1.696147 230 57 70 R0 pano_camera2/frame_0161_hp_preview.jpg
1.791601 0.080353 1.982086 230 57 70 R0 pano_camera2/frame_0162_hp_preview.jpg
1.582572 0.086330 2.139700 230 57 70 R0 pano_camera2/frame_0163_hp_preview.jpg
1.355950 0.095934 2.279594 230 57 70 R0 pano_camera2/frame_0164_hp_preview.jpg
0.958712 0.097017 2.262554 230 57 70 R0 pano_camera2/frame_0165_hp_preview.jpg
0.799006 0.094101 2.127874 230 57 70 R0 pano_camera2/frame_0166_hp_preview.jpg
0.555941 0.093860 1.765549 230 57 70 R0 pano_camera2/frame_0167_hp_preview.jpg
0.612129 0.085125 1.379476 230 57 70 R0 pano_camera2/frame_0168_hp_preview.jpg
0.703242 0.094951 1.264211 230 57 70 R0 pano_camera2/frame_0169_hp_preview.jpg
1.244372 0.075358 0.737776 230 57 70 R0 pano_camera2/frame_0170_hp_preview.jpg
1.317628 0.088539 0.668925 230 57 70 R0 pano_camera2/frame_0171_hp_preview.jpg
1.660603 0.070106 0.346956 230 57 70 R0 pano_camera2/frame_0172_hp_preview.jpg
1.741766 0.074815 -0.032498 230 57 70 R0 pano_camera2/frame_0173_hp_preview.jpg
1.540928 0.078064 -0.370376 230 57 70 R0 pano_camera2/frame_0174_hp_preview.jpg
1.531870 0.080974 -0.375982 230 57 70 R0 pano_camera2/frame_0175_hp_preview.jpg
1.101633 0.074214 -0.474682 230 57 70 R0 pano_camera2/frame_0176_hp_preview.jpg
0.856987 0.084426 -0.428709 230 57 70 R0 pano_camera2/frame_0177_hp_preview.jpg
0.394964 0.083837 -0.415737 230 57 70 R0 pano_camera2/frame_0178_hp_preview.jpg
0.076176 0.084565 -0.667419 230 57 70 R0 pano_camera2/frame_0179_hp_preview.jpg
0.036067 0.081547 -0.861466 230 57 70 R0 pano_camera2/frame_0180_hp_preview.jpg
0.170613 0.064009 -1.097735 230 57 70 R0 pano_camera2/frame_0181_hp_preview.jpg
0.367490 0.059538 -1.257050 230 57 70 R0 pano_camera2/frame_0182_hp_preview.jpg
0.595447 0.066120 -1.573921 230 57 70 R0 pano_camera2/frame_0183_hp_preview.jpg
0.445507 0.053789 -1.724032 230 57 70 R0 pano_camera2/frame_0184_hp_preview.jpg
0.291308 0.055758 -1.676802 230 57 70 R0 pano_camera2/frame_0185_hp_preview.jpg
0.096791 0.052900 -1.534842 230 57 70 R0 pano_camera2/frame_0186_hp_preview.jpg
-0.103339 0.055580 -1.401356 230 57 70 R0 pano_camera2/frame_0187_hp_preview.jpg
-0.404070 0.060086 -1.299852 230 57 70 R0 pano_camera2/frame_0188_hp_preview.jpg
-0.706396 0.061095 -1.391022 230 57 70 R0 pano_camera2/frame_0189_hp_preview.jpg
-0.737056 0.066617 -1.410471 230 57 70 R0 pano_camera2/frame_0190_hp_preview.jpg
-0.901842 0.067051 -1.626842 230 57 70 R0 pano_camera2/frame_0191_hp_preview.jpg
-0.900002 0.066870 -1.986793 230 57 70 R0 pano_camera2/frame_0192_hp_preview.jpg
-0.765824 0.056853 -2.236454 230 57 70 R0 pano_camera2/frame_0193_hp_preview.jpg
-0.542574 0.043588 -2.517015 230 57 70 R0 pano_camera2/frame_0194_hp_preview.jpg
-0.401903 0.046223 -2.728461 230 57 70 R0 pano_camera2/frame_0195_hp_preview.jpg
-0.427734 0.032328 -2.932985 230 57 70 R0 pano_camera2/frame_0196_hp_preview.jpg
-0.623240 0.031901 -3.307107 230 57 70 R0 pano_camera2/frame_0197_hp_preview.jpg
-0.995603 0.045520 -3.791746 230 57 70 R0 pano_camera2/frame_0198_hp_preview.jpg
-1.104524 0.050378 -3.933612 230 57 70 R0 pano_camera2/frame_0199_hp_preview.jpg
-1.721546 0.080687 -4.507984 230 57 70 R0 pano_camera2/frame_0200_hp_preview.jpg
-1.712540 0.125018 -4.602404 230 57 70 R0 pano_camera2/frame_0201_hp_preview.jpg
-1.760393 0.058176 -3.365942 230 57 70 R0 pano_camera2/frame_0226_hp_preview.jpg
-2.379670 0.072057 -2.099824 230 57 70 R0 pano_camera2/frame_0240_hp_preview.jpg
-2.365718 0.064941 -2.033852 230 57 70 R0 pano_camera2/frame_0241_hp_preview.jpg
-2.471917 0.061823 -1.757579 230 57 70 R0 pano_camera2/frame_0242_hp_preview.jpg
-2.355633 0.059782 -1.594036 230 57 70 R0 pano_camera2/frame_0243_hp_preview.jpg
-2.142095 0.056150 -1.606932 230 57 70 R0 pano_camera2/frame_0244_hp_preview.jpg
-2.038877 0.052267 -1.588058 230 57 70 R0 pano_camera2/frame_0245_hp_preview.jpg
-1.767799 0.026125 -1.522407 230 57 70 R0 pano_camera2/frame_0246_hp_preview.jpg
-1.639720 0.032026 -1.595488 230 57 70 R0 pano_camera2/frame_0247_hp_preview.jpg
-1.324774 0.031304 -1.519705 230 57 70 R0 pano_camera2/frame_0248_hp_preview.jpg
-1.289372 0.029259 -1.499412 230 57 70 R0 pano_camera2/frame_0249_hp_preview.jpg
-0.667357 0.034699 -1.026091 230 57 70 R0 pano_camera2/frame_0250_hp_preview.jpg
-0.657053 0.033290 -1.016454 230 57 70 R0 pano_camera2/frame_0251_hp_preview.jpg
-0.358050 0.046852 -0.591642 230 57 70 R0 pano_camera2/frame_0252_hp_preview.jpg
-0.215175 0.069118 -0.051124 230 57 70 R0 pano_camera2/frame_0253_hp_preview.jpg
-0.490509 0.083878 0.271249 230 57 70 R0 pano_camera2/frame_0254_hp_preview.jpg
-0.533177 0.080796 0.276302 230 57 70 R0 pano_camera2/frame_0255_hp_preview.jpg
-0.961352 0.116601 -0.084286 230 57 70 R0 pano_camera2/frame_0256_hp_preview.jpg
-1.090232 0.241372 -0.260372 230 57 70 R0 pano_camera2/frame_0257_hp_preview.jpg
-1.139318 0.322132 -0.328100 230 57 70 R0 pano_camera2/frame_0258_hp_preview.jpg
-1.216691 0.394584 -0.452739 230 57 70 R0 pano_camera2/frame_0259_hp_preview.jpg
-1.396053 0.640740 -0.728976 230 57 70 R0 pano_camera2/frame_0260_hp_preview.jpg
-1.398647 0.643400 -0.735293 230 57 70 R0 pano_camera2/frame_0261_hp_preview.jpg
-1.609833 0.898580 -1.001917 230 57 70 R0 pano_camera2/frame_0262_hp_preview.jpg
-1.620316 0.907840 -1.008742 230 57 70 R0 pano_camera2/frame_0263_hp_preview.jpg
-1.725128 1.049732 -1.148425 230 57 70 R0 pano_camera2/frame_0264_hp_preview.jpg
-1.886277 1.224711 -1.357645 230 57 70 R0 pano_camera2/frame_0265_hp_preview.jpg
-1.930758 1.356738 -1.585434 230 57 70 R0 pano_camera2/frame_0266_hp_preview.jpg
-1.915887 1.430530 -1.795010 230 57 70 R0 pano_camera2/frame_0267_hp_preview.jpg
-1.711841 1.422783 -2.025131 230 57 70 R0 pano_camera2/frame_0268_hp_preview.jpg
-1.334951 1.427095 -2.386176 230 57 70 R0 pano_camera2/frame_0269_hp_preview.jpg
-1.147243 1.443991 -2.539332 230 57 70 R0 pano_camera2/frame_0270_hp_preview.jpg
-0.776821 1.436030 -2.797059 230 57 70 R0 pano_camera2/frame_0271_hp_preview.jpg
-0.433765 1.437801 -3.043108 230 57 70 R0 pano_camera2/frame_0272_hp_preview.jpg
-0.249170 1.446933 -3.187903 230 57 70 R0 pano_camera2/frame_0273_hp_preview.jpg
0.343725 1.439029 -3.629144 230 57 70 R0 pano_camera2/frame_0274_hp_preview.jpg
0.402503 1.442477 -3.684967 230 57 70 R0 pano_camera2/frame_0275_hp_preview.jpg
0.878082 1.443303 -4.052883 230 57 70 R0 pano_camera2/frame_0276_hp_preview.jpg
1.017876 1.447920 -4.178692 230 57 70 R0 pano_camera2/frame_0277_hp_preview.jpg
1.440358 1.462550 -4.581337 230 57 70 R0 pano_camera2/frame_0278_hp_preview.jpg
1.679506 1.458652 -4.748925 230 57 70 R0 pano_camera2/frame_0279_hp_preview.jpg
2.268992 1.460561 -5.244128 230 57 70 R0 pano_camera2/frame_0280_hp_preview.jpg
2.382452 1.457844 -5.324977 230 57 70 R0 pano_camera2/frame_0281_hp_preview.jpg
2.535593 1.452283 -5.476678 230 57 70 R0 pano_camera2/frame_0282_hp_preview.jpg
2.615842 1.448908 -5.710533 230 57 70 R0 pano_camera2/frame_0283_hp_preview.jpg
2.440913 1.438147 -6.099466 230 57 70 R0 pano_camera2/frame_0284_hp_preview.jpg
2.404009 1.435637 -6.126307 230 57 70 R0 pano_camera2/frame_0285_hp_preview.jpg
2.150928 1.434011 -6.334255 230 57 70 R0 pano_camera2/frame_0286_hp_preview.jpg
1.950628 1.448837 -6.344091 230 57 70 R0 pano_camera2/frame_0287_hp_preview.jpg
1.689580 1.458378 -6.361685 230 57 70 R0 pano_camera2/frame_0288_hp_preview.jpg
1.535424 1.463759 -6.439140 230 57 70 R0 pano_camera2/frame_0289_hp_preview.jpg
1.431765 1.460860 -6.694140 230 57 70 R0 pano_camera2/frame_0290_hp_preview.jpg
1.340868 1.448421 -7.243027 230 57 70 R0 pano_camera2/frame_0291_hp_preview.jpg
1.277938 1.447205 -7.456249 230 57 70 R0 pano_camera2/frame_0292_hp_preview.jpg
1.237063 1.441230 -7.633897 230 57 70 R0 pano_camera2/frame_0293_hp_preview.jpg
0.781388 1.425003 -8.083733 230 57 70 R0 pano_camera2/frame_0294_hp_preview.jpg
0.731373 1.426217 -8.096310 230 57 70 R0 pano_camera2/frame_0295_hp_preview.jpg
0.187729 1.421746 -7.909059 230 57 70 R0 pano_camera2/frame_0296_hp_preview.jpg
0.084512 1.428813 -7.564229 230 57 70 R0 pano_camera2/frame_0297_hp_preview.jpg
0.054011 1.418676 -7.254404 230 57 70 R0 pano_camera2/frame_0298_hp_preview.jpg
0.039675 1.425677 -7.012430 230 57 70 R0 pano_camera2/frame_0299_hp_preview.jpg
0.004080 1.432983 -6.550570 230 57 70 R0 pano_camera2/frame_0300_hp_preview.jpg
-0.001634 1.419579 -6.230624 230 57 70 R0 pano_camera2/frame_0301_hp_preview.jpg
0.025636 1.416832 -5.909207 230 57 70 R0 pano_camera2/frame_0302_hp_preview.jpg
0.135580 1.431671 -5.470160 230 57 70 R0 pano_camera2/frame_0303_hp_preview.jpg
0.183007 1.427950 -5.245760 230 57 70 R0 pano_camera2/frame_0304_hp_preview.jpg
0.241649 1.424743 -4.716748 230 57 70 R0 pano_camera2/frame_0305_hp_preview.jpg
0.174308 1.417866 -4.191643 230 57 70 R0 pano_camera2/frame_0306_hp_preview.jpg
0.072154 1.413725 -3.859282 230 57 70 R0 pano_camera2/frame_0307_hp_preview.jpg
0.025828 1.419989 -3.782939 230 57 70 R0 pano_camera2/frame_0308_hp_preview.jpg
-0.361261 1.422725 -3.502458 230 57 70 R0 pano_camera2/frame_0309_hp_preview.jpg
-0.829430 1.435010 -3.513734 230 57 70 R0 pano_camera2/frame_0310_hp_preview.jpg
-1.057554 1.421261 -3.737074 230 57 70 R0 pano_camera2/frame_0311_hp_preview.jpg
-1.221579 1.431127 -4.153901 230 57 70 R0 pano_camera2/frame_0312_hp_preview.jpg
-1.286415 1.430932 -4.466061 230 57 70 R0 pano_camera2/frame_0313_hp_preview.jpg
-1.316766 1.429206 -4.748200 230 57 70 R0 pano_camera2/frame_0314_hp_preview.jpg
-1.409192 1.428861 -5.435879 230 57 70 R0 pano_camera2/frame_0315_hp_preview.jpg
-1.420597 1.432467 -5.485926 230 57 70 R0 pano_camera2/frame_0316_hp_preview.jpg
-1.530703 1.421293 -5.923743 230 57 70 R0 pano_camera2/frame_0317_hp_preview.jpg
-1.804063 1.410418 -6.320414 230 57 70 R0 pano_camera2/frame_0318_hp_preview.jpg
-1.930834 1.411414 -6.331847 230 57 70 R0 pano_camera2/frame_0319_hp_preview.jpg
-2.276331 1.432923 -6.239065 230 57 70 R0 pano_camera2/frame_0320_hp_preview.jpg
-2.805069 1.437869 -5.765012 230 57 70 R0 pano_camera2/frame_0321_hp_preview.jpg
-2.833557 1.437285 -5.732936 230 57 70 R0 pano_camera2/frame_0322_hp_preview.jpg
-2.953953 1.426274 -5.267873 230 57 70 R0 pano_camera2/frame_0323_hp_preview.jpg
-2.901416 1.437351 -4.791443 230 57 70 R0 pano_camera2/frame_0324_hp_preview.jpg
-2.908245 1.429979 -4.743120 230 57 70 R0 pano_camera2/frame_0325_hp_preview.jpg
-3.130244 1.426807 -4.295926 230 57 70 R0 pano_camera2/frame_0326_hp_preview.jpg
-3.395900 1.424305 -4.248850 230 57 70 R0 pano_camera2/frame_0327_hp_preview.jpg
-3.530046 1.433114 -4.290012 230 57 70 R0 pano_camera2/frame_0328_hp_preview.jpg
-3.721874 1.436491 -4.429567 230 57 70 R0 pano_camera2/frame_0329_hp_preview.jpg
-4.074264 1.440935 -4.564564 230 57 70 R0 pano_camera2/frame_0330_hp_preview.jpg
-4.191607 1.439628 -4.476128 230 57 70 R0 pano_camera2/frame_0331_hp_preview.jpg
-4.044275 1.430981 -4.074446 230 57 70 R0 pano_camera2/frame_0332_hp_preview.jpg
-3.874144 1.423924 -3.944067 230 57 70 R0 pano_camera2/frame_0333_hp_preview.jpg
-3.610201 1.422120 -3.658954 230 57 70 R0 pano_camera2/frame_0334_hp_preview.jpg
-3.510022 1.425712 -3.479773 230 57 70 R0 pano_camera2/frame_0335_hp_preview.jpg
-3.389166 1.417765 -3.285411 230 57 70 R0 pano_camera2/frame_0336_hp_preview.jpg
-3.167213 1.411605 -2.823824 230 57 70 R0 pano_camera2/frame_0337_hp_preview.jpg
-3.059133 1.415809 -2.591792 230 57 70 R0 pano_camera2/frame_0338_hp_preview.jpg
-2.826818 1.412954 -1.975863 230 57 70 R0 pano_camera2/frame_0339_hp_preview.jpg
-2.734983 1.440417 -1.570485 230 57 70 R0 pano_camera2/frame_0340_hp_preview.jpg
-2.703366 1.434757 -1.463450 230 57 70 R0 pano_camera2/frame_0341_hp_preview.jpg
-2.578347 1.438120 -1.157698 230 57 70 R0 pano_camera2/frame_0342_hp_preview.jpg
-2.348608 1.445273 -0.805903 230 57 70 R0 pano_camera2/frame_0343_hp_preview.jpg
-2.396490 1.454841 -0.458745 230 57 70 R0 pano_camera2/frame_0344_hp_preview.jpg
-2.647620 1.455518 -0.544333 230 57 70 R0 pano_camera2/frame_0345_hp_preview.jpg
-2.842718 1.449798 -0.730898 230 57 70 R0 pano_camera2/frame_0346_hp_preview.jpg
-2.942128 1.447676 -0.939302 230 57 70 R0 pano_camera2/frame_0347_hp_preview.jpg
-3.064672 1.447227 -1.170804 230 57 70 R0 pano_camera2/frame_0348_hp_preview.jpg
-3.355959 1.433920 -1.718727 230 57 70 R0 pano_camera2/frame_0349_hp_preview.jpg
-3.550782 1.419590 -1.929097 230 57 70 R0 pano_camera2/frame_0350_hp_preview.jpg
-3.703699 1.414236 -2.078651 230 57 70 R0 pano_camera2/frame_0351_hp_preview.jpg
-4.142922 1.415733 -2.286777 230 57 70 R0 pano_camera2/frame_0352_hp_preview.jpg
-4.364445 1.429064 -2.321010 230 57 70 R0 pano_camera2/frame_0353_hp_preview.jpg
-4.722586 1.433661 -2.497647 230 57 70 R0 pano_camera2/frame_0354_hp_preview.jpg
-4.836061 1.444793 -2.676408 230 57 70 R0 pano_camera2/frame_0355_hp_preview.jpg
-4.753302 1.450734 -3.094418 230 57 70 R0 pano_camera2/frame_0356_hp_preview.jpg
-4.677550 1.434833 -3.384572 230 57 70 R0 pano_camera2/frame_0357_hp_preview.jpg
-4.633019 1.415778 -3.466966 230 57 70 R0 pano_camera2/frame_0358_hp_preview.jpg
-4.601278 1.406580 -3.489682 230 57 70 R0 pano_camera2/frame_0359_hp_preview.jpg
-4.648785 1.421615 -3.496213 230 57 70 R0 pano_camera2/frame_0360_hp_preview.jpg
-4.648860 1.420548 -3.500413 230 57 70 R0 pano_camera2/frame_0361_hp_preview.jpg
-4.755989 1.427484 -3.768075 230 57 70 R0 pano_camera2/frame_0362_hp_preview.jpg
-4.888304 1.431944 -3.827389 230 57 70 R0 pano_camera2/frame_0363_hp_preview.jpg
-5.148960 1.461203 -3.847280 230 57 70 R0 pano_camera2/frame_0364_hp_preview.jpg
-5.230429 1.463597 -3.793677 230 57 70 R0 pano_camera2/frame_0365_hp_preview.jpg
-5.279704 1.457383 -3.396247 230 57 70 R0 pano_camera2/frame_0366_hp_preview.jpg
-5.257138 1.454444 -3.335955 230 57 70 R0 pano_camera2/frame_0367_hp_preview.jpg
-5.120368 1.443045 -3.031484 230 57 70 R0 pano_camera2/frame_0368_hp_preview.jpg
-4.827538 1.443083 -2.407250 230 57 70 R0 pano_camera2/frame_0369_hp_preview.jpg
-4.840449 1.415587 -2.203901 230 57 70 R0 pano_camera2/frame_0370_hp_preview.jpg
-4.980493 1.447167 -2.064935 230 57 70 R0 pano_camera2/frame_0371_hp_preview.jpg
-5.307263 1.443195 -2.128481 230 57 70 R0 pano_camera2/frame_0372_hp_preview.jpg
-5.557101 1.452694 -2.384206 230 57 70 R0 pano_camera2/frame_0373_hp_preview.jpg
-6.162845 1.448885 -2.752715 230 57 70 R0 pano_camera2/frame_0374_hp_preview.jpg
-6.354848 1.458210 -2.766252 230 57 70 R0 pano_camera2/frame_0375_hp_preview.jpg
-6.578254 1.469836 -2.694753 230 57 70 R0 pano_camera2/frame_0376_hp_preview.jpg
-6.754845 1.475929 -2.603905 230 57 70 R0 pano_camera2/frame_0377_hp_preview.jpg
-7.262221 1.506397 -2.221576 230 57 70 R0 pano_camera2/frame_0378_hp_preview.jpg
-7.380191 1.497133 -2.074604 230 57 70 R0 pano_camera2/frame_0379_hp_preview.jpg
-7.499629 1.495858 -1.849045 230 57 70 R0 pano_camera2/frame_0380_hp_preview.jpg
-7.561927 1.376604 -1.828279 230 57 70 R0 pano_camera2/frame_0381_hp_preview.jpg
-7.588789 1.247673 -1.676442 230 57 70 R0 pano_camera2/frame_0382_hp_preview.jpg
-7.544837 1.453370 -1.411409 230 57 70 R0 pano_camera2/frame_0383_hp_preview.jpg
-7.515450 1.466889 -1.413064 230 57 70 R0 pano_camera2/frame_0384_hp_preview.jpg
-7.356886 1.478748 -1.213842 230 57 70 R0 pano_camera2/frame_0385_hp_preview.jpg
-7.044601 1.489508 -0.768602 230 57 70 R0 pano_camera2/frame_0386_hp_preview.jpg
-6.921606 1.489237 -0.548549 230 57 70 R0 pano_camera2/frame_0387_hp_preview.jpg
-6.475482 1.492353 0.099213 230 57 70 R0 pano_camera2/frame_0388_hp_preview.jpg
-6.157362 1.485064 0.490595 230 57 70 R0 pano_camera2/frame_0389_hp_preview.jpg
-6.013056 1.474730 0.635368 230 57 70 R0 pano_camera2/frame_0390_hp_preview.jpg
-5.600693 1.479672 0.830573 230 57 70 R0 pano_camera2/frame_0391_hp_preview.jpg
-5.515793 1.475958 0.786954 230 57 70 R0 pano_camera2/frame_0392_hp_preview.jpg
-5.554292 1.475055 0.597511 230 57 70 R0 pano_camera2/frame_0393_hp_preview.jpg
-5.724430 1.466251 0.452984 230 57 70 R0 pano_camera2/frame_0394_hp_preview.jpg
-6.017305 1.459954 0.220713 230 57 70 R0 pano_camera2/frame_0395_hp_preview.jpg
-6.224453 1.459855 -0.106839 230 57 70 R0 pano_camera2/frame_0396_hp_preview.jpg
-6.022417 1.476755 -0.528791 230 57 70 R0 pano_camera2/frame_0397_hp_preview.jpg
-5.884834 1.473327 -0.629695 230 57 70 R0 pano_camera2/frame_0398_hp_preview.jpg
-5.406345 1.477048 -0.644006 230 57 70 R0 pano_camera2/frame_0399_hp_preview.jpg
-5.033322 1.462623 -0.285928 230 57 70 R0 pano_camera2/frame_0400_hp_preview.jpg
-4.760939 1.460858 0.016460 230 57 70 R0 pano_camera2/frame_0401_hp_preview.jpg
-4.740706 1.459978 0.035011 230 57 70 R0 pano_camera2/frame_0402_hp_preview.jpg
-4.487751 1.456131 0.325358 230 57 70 R0 pano_camera2/frame_0403_hp_preview.jpg
-3.966916 1.454208 0.323920 230 57 70 R0 pano_camera2/frame_0404_hp_preview.jpg
-3.938017 1.460105 0.294329 230 57 70 R0 pano_camera2/frame_0405_hp_preview.jpg
-3.779469 1.467388 -0.161803 230 57 70 R0 pano_camera2/frame_0406_hp_preview.jpg
-4.039759 1.452643 -0.524469 230 57 70 R0 pano_camera2/frame_0407_hp_preview.jpg
-4.183015 1.455839 -0.709570 230 57 70 R0 pano_camera2/frame_0408_hp_preview.jpg
-4.293459 1.448853 -0.842222 230 57 70 R0 pano_camera2/frame_0409_hp_preview.jpg
-4.400337 1.462548 -1.188621 230 57 70 R0 pano_camera2/frame_0410_hp_preview.jpg
-4.072494 1.450572 -1.722183 230 57 70 R0 pano_camera2/frame_0411_hp_preview.jpg
-4.010265 1.442197 -1.779053 230 57 70 R0 pano_camera2/frame_0412_hp_preview.jpg
-3.876419 1.444487 -1.960248 230 57 70 R0 pano_camera2/frame_0413_hp_preview.jpg
-3.897421 1.446772 -1.965783 230 57 70 R0 pano_camera2/frame_0414_hp_preview.jpg
-3.898890 1.447114 -1.964338 230 57 70 R0 pano_camera2/frame_0415_hp_preview.jpg
-3.895397 1.442537 -1.965717 230 57 70 R0 pano_camera2/frame_0416_hp_preview.jpg
2.878744 0.054924 0.222824 230 57 70 R0 pano_camera3/frame_0140_hp_preview.jpg
3.005104 0.062449 0.351617 230 57 70 R0 pano_camera3/frame_0141_hp_preview.jpg
3.220937 0.061987 0.594487 230 57 70 R0 pano_camera3/frame_0142_hp_preview.jpg
3.376829 0.062307 0.694644 230 57 70 R0 pano_camera3/frame_0143_hp_preview.jpg
3.552935 0.078898 0.644563 230 57 70 R0 pano_camera3/frame_0144_hp_preview.jpg
3.613064 0.082549 0.468483 230 57 70 R0 pano_camera3/frame_0145_hp_preview.jpg
2.749535 0.066391 0.648415 230 57 70 R0 pano_camera3/frame_0157_hp_preview.jpg
2.610933 0.068892 0.732946 230 57 70 R0 pano_camera3/frame_0158_hp_preview.jpg
2.560798 0.074386 0.830129 230 57 70 R0 pano_camera3/frame_0159_hp_preview.jpg
2.305931 0.068100 1.436272 230 57 70 R0 pano_camera3/frame_0160_hp_preview.jpg
2.095837 0.066812 1.696147 230 57 70 R0 pano_camera3/frame_0161_hp_preview.jpg
1.791601 0.080353 1.982086 230 57 70 R0 pano_camera3/frame_0162_hp_preview.jpg
1.582572 0.086330 2.139700 230 57 70 R0 pano_camera3/frame_0163_hp_preview.jpg
1.355950 0.095934 2.279594 230 57 70 R0 pano_camera3/frame_0164_hp_preview.jpg
0.958712 0.097017 2.262554 230 57 70 R0 pano_camera3/frame_0165_hp_preview.jpg
0.799006 0.094101 2.127874 230 57 70 R0 pano_camera3/frame_0166_hp_preview.jpg
0.555941 0.093860 1.765549 230 57 70 R0 pano_camera3/frame_0167_hp_preview.jpg
0.612129 0.085125 1.379476 230 57 70 R0 pano_camera3/frame_0168_hp_preview.jpg
0.703242 0.094951 1.264211 230 57 70 R0 pano_camera3/frame_0169_hp_preview.jpg
1.244372 0.075358 0.737776 230 57 70 R0 pano_camera3/frame_0170_hp_preview.jpg
1.317628 0.088539 0.668925 230 57 70 R0 pano_camera3/frame_0171_hp_preview.jpg
1.660603 0.070106 0.346956 230 57 70 R0 pano_camera3/frame_0172_hp_preview.jpg
1.741766 0.074815 -0.032498 230 57 70 R0 pano_camera3/frame_0173_hp_preview.jpg
1.540928 0.078064 -0.370376 230 57 70 R0 pano_camera3/frame_0174_hp_preview.jpg
1.531870 0.080974 -0.375982 230 57 70 R0 pano_camera3/frame_0175_hp_preview.jpg
1.101633 0.074214 -0.474682 230 57 70 R0 pano_camera3/frame_0176_hp_preview.jpg
0.856987 0.084426 -0.428709 230 57 70 R0 pano_camera3/frame_0177_hp_preview.jpg
0.394964 0.083837 -0.415737 230 57 70 R0 pano_camera3/frame_0178_hp_preview.jpg
0.076176 0.084565 -0.667419 230 57 70 R0 pano_camera3/frame_0179_hp_preview.jpg
0.036067 0.081547 -0.861466 230 57 70 R0 pano_camera3/frame_0180_hp_preview.jpg
0.170613 0.064009 -1.097735 230 57 70 R0 pano_camera3/frame_0181_hp_preview.jpg
0.367490 0.059538 -1.257050 230 57 70 R0 pano_camera3/frame_0182_hp_preview.jpg
0.595447 0.066120 -1.573921 230 57 70 R0 pano_camera3/frame_0183_hp_preview.jpg
0.445507 0.053789 -1.724032 230 57 70 R0 pano_camera3/frame_0184_hp_preview.jpg
0.291308 0.055758 -1.676802 230 57 70 R0 pano_camera3/frame_0185_hp_preview.jpg
0.096791 0.052900 -1.534842 230 57 70 R0 pano_camera3/frame_0186_hp_preview.jpg
-0.103339 0.055580 -1.401356 230 57 70 R0 pano_camera3/frame_0187_hp_preview.jpg
-0.404070 0.060086 -1.299852 230 57 70 R0 pano_camera3/frame_0188_hp_preview.jpg
-0.706396 0.061095 -1.391022 230 57 70 R0 pano_camera3/frame_0189_hp_preview.jpg
-0.737056 0.066617 -1.410471 230 57 70 R0 pano_camera3/frame_0190_hp_preview.jpg
-0.901842 0.067051 -1.626842 230 57 70 R0 pano_camera3/frame_0191_hp_preview.jpg
-0.900002 0.066870 -1.986793 230 57 70 R0 pano_camera3/frame_0192_hp_preview.jpg
-0.765824 0.056853 -2.236454 230 57 70 R0 pano_camera3/frame_0193_hp_preview.jpg
-0.542574 0.043588 -2.517015 230 57 70 R0 pano_camera3/frame_0194_hp_preview.jpg
-0.401903 0.046223 -2.728461 230 57 70 R0 pano_camera3/frame_0195_hp_preview.jpg
-0.427734 0.032328 -2.932985 230 57 70 R0 pano_camera3/frame_0196_hp_preview.jpg
-0.623240 0.031901 -3.307107 230 57 70 R0 pano_camera3/frame_0197_hp_preview.jpg
-0.995603 0.045520 -3.791746 230 57 70 R0 pano_camera3/frame_0198_hp_preview.jpg
-1.104524 0.050378 -3.933612 230 57 70 R0 pano_camera3/frame_0199_hp_preview.jpg
-1.721546 0.080687 -4.507984 230 57 70 R0 pano_camera3/frame_0200_hp_preview.jpg
-1.712540 0.125018 -4.602404 230 57 70 R0 pano_camera3/frame_0201_hp_preview.jpg
-1.760393 0.058176 -3.365942 230 57 70 R0 pano_camera3/frame_0226_hp_preview.jpg
-2.379670 0.072057 -2.099824 230 57 70 R0 pano_camera3/frame_0240_hp_preview.jpg
-2.365718 0.064941 -2.033852 230 57 70 R0 pano_camera3/frame_0241_hp_preview.jpg
-2.471917 0.061823 -1.757579 230 57 70 R0 pano_camera3/frame_0242_hp_preview.jpg
-2.355633 0.059782 -1.594036 230 57 70 R0 pano_camera3/frame_0243_hp_preview.jpg
-2.142095 0.056150 -1.606932 230 57 70 R0 pano_camera3/frame_0244_hp_preview.jpg
-2.038877 0.052267 -1.588058 230 57 70 R0 pano_camera3/frame_0245_hp_preview.jpg
-1.767799 0.026125 -1.522407 230 57 70 R0 pano_camera3/frame_0246_hp_preview.jpg
-1.639720 0.032026 -1.595488 230 57 70 R0 pano_camera3/frame_0247_hp_preview.jpg
-1.324774 0.031304 -1.519705 230 57 70 R0 pano_camera3/frame_0248_hp_preview.jpg
-1.289372 0.029259 -1.499412 230 57 70 R0 pano_camera3/frame_0249_hp_preview.jpg
-0.667357 0.034699 -1.026091 230 57 70 R0 pano_camera3/frame_0250_hp_preview.jpg
-0.657053 0.033290 -1.016454 230 57 70 R0 pano_camera3/frame_0251_hp_preview.jpg
-0.358050 0.046852 -0.591642 230 57 70 R0 pano_camera3/frame_0252_hp_preview.jpg
-0.215175 0.069118 -0.051124 230 57 70 R0 pano_camera3/frame_0253_hp_preview.jpg
-0.490509 0.083878 0.271249 230 57 70 R0 pano_camera3/frame_0254_hp_preview.jpg
-0.533177 0.080796 0.276302 230 57 70 R0 pano_camera3/frame_0255_hp_preview.jpg
-0.961352 0.116601 -0.084286 230 57 70 R0 pano_camera3/frame_0256_hp_preview.jpg
-1.090232 0.241372 -0.260372 230 57 70 R0 pano_camera3/frame_0257_hp_preview.jpg
-1.139318 0.322132 -0.328100 230 57 70 R0 pano_camera3/frame_0258_hp_preview.jpg
-1.216691 0.394584 -0.452739 230 57 70 R0 pano_camera3/frame_0259_hp_preview.jpg
-1.396053 0.640740 -0.728976 230 57 70 R0 pano_camera3/frame_0260_hp_preview.jpg
-1.398647 0.643400 -0.735293 230 57 70 R0 pano_camera3/frame_0261_hp_preview.jpg
-1.609833 0.898580 -1.001917 230 57 70 R0 pano_camera3/frame_0262_hp_preview.jpg
-1.620316 0.907840 -1.008742 230 57 70 R0 pano_camera3/frame_0263_hp_preview.jpg
-1.725128 1.049732 -1.148425 230 57 70 R0 pano_camera3/frame_0264_hp_preview.jpg
-1.886277 1.224711 -1.357645 230 57 70 R0 pano_camera3/frame_0265_hp_preview.jpg
-1.930758 1.356738 -1.585434 230 57 70 R0 pano_camera3/frame_0266_hp_preview.jpg
-1.915887 1.430530 -1.795010 230 57 70 R0 pano_camera3/frame_0267_hp_preview.jpg
-1.711841 1.422783 -2.025131 230 57 70 R0 pano_camera3/frame_0268_hp_preview.jpg
-1.334951 1.427095 -2.386176 230 57 70 R0 pano_camera3/frame_0269_hp_preview.jpg
-1.147243 1.443991 -2.539332 230 57 70 R0 pano_camera3/frame_0270_hp_preview.jpg
-0.776821 1.436030 -2.797059 230 57 70 R0 pano_camera3/frame_0271_hp_preview.jpg
-0.433765 1.437801 -3.043108 230 57 70 R0 pano_camera3/frame_0272_hp_preview.jpg
-0.249170 1.446933 -3.187903 230 57 70 R0 pano_camera3/frame_0273_hp_preview.jpg
0.343725 1.439029 -3.629144 230 57 70 R0 pano_camera3/frame_0274_hp_preview.jpg
0.402503 1.442477 -3.684967 230 57 70 R0 pano_camera3/frame_0275_hp_preview.jpg
0.878082 1.443303 -4.052883 230 57 70 R0 pano_camera3/frame_0276_hp_preview.jpg
1.017876 1.447920 -4.178692 230 57 70 R0 pano_camera3/frame_0277_hp_preview.jpg
1.440358 1.462550 -4.581337 230 57 70 R0 pano_camera3/frame_0278_hp_preview.jpg
1.679506 1.458652 -4.748925 230 57 70 R0 pano_camera3/frame_0279_hp_preview.jpg
2.268992 1.460561 -5.244128 230 57 70 R0 pano_camera3/frame_0280_hp_preview.jpg
2.382452 1.457844 -5.324977 230 57 70 R0 pano_camera3/frame_0281_hp_preview.jpg
2.535593 1.452283 -5.476678 230 57 70 R0 pano_camera3/frame_0282_hp_preview.jpg
2.615842 1.448908 -5.710533 230 57 70 R0 pano_camera3/frame_0283_hp_preview.jpg
2.440913 1.438147 -6.099466 230 57 70 R0 pano_camera3/frame_0284_hp_preview.jpg
2.404009 1.435637 -6.126307 230 57 70 R0 pano_camera3/frame_0285_hp_preview.jpg
2.150928 1.434011 -6.334255 230 57 70 R0 pano_camera3/frame_0286_hp_preview.jpg
1.950628 1.448837 -6.344091 230 57 70 R0 pano_camera3/frame_0287_hp_preview.jpg
1.689580 1.458378 -6.361685 230 57 70 R0 pano_camera3/frame_0288_hp_preview.jpg
1.535424 1.463759 -6.439140 230 57 70 R0 pano_camera3/frame_0289_hp_preview.jpg
1.431765 1.460860 -6.694140 230 57 70 R0 pano_camera3/frame_0290_hp_preview.jpg
1.340868 1.448421 -7.243027 230 57 70 R0 pano_camera3/frame_0291_hp_preview.jpg
1.277938 1.447205 -7.456249 230 57 70 R0 pano_camera3/frame_0292_hp_preview.jpg
1.237063 1.441230 -7.633897 230 57 70 R0 pano_camera3/frame_0293_hp_preview.jpg
0.781388 1.425003 -8.083733 230 57 70 R0 pano_camera3/frame_0294_hp_preview.jpg
0.731373 1.426217 -8.096310 230 57 70 R0 pano_camera3/frame_0295_hp_preview.jpg
0.187729 1.421746 -7.909059 230 57 70 R0 pano_camera3/frame_0296_hp_preview.jpg
0.084512 1.428813 -7.564229 230 57 70 R0 pano_camera3/frame_0297_hp_preview.jpg
0.054011 1.418676 -7.254404 230 57 70 R0 pano_camera3/frame_0298_hp_preview.jpg
0.039675 1.425677 -7.012430 230 57 70 R0 pano_camera3/frame_0299_hp_preview.jpg
0.004080 1.432983 -6.550570 230 57 70 R0 pano_camera3/frame_0300_hp_preview.jpg
-0.001634 1.419579 -6.230624 230 57 70 R0 pano_camera3/frame_0301_hp_preview.jpg
0.025636 1.416832 -5.909207 230 57 70 R0 pano_camera3/frame_0302_hp_preview.jpg
0.135580 1.431671 -5.470160 230 57 70 R0 pano_camera3/frame_0303_hp_preview.jpg
0.183007 1.427950 -5.245760 230 57 70 R0 pano_camera3/frame_0304_hp_preview.jpg
0.241649 1.424743 -4.716748 230 57 70 R0 pano_camera3/frame_0305_hp_preview.jpg
0.174308 1.417866 -4.191643 230 57 70 R0 pano_camera3/frame_0306_hp_preview.jpg
0.072154 1.413725 -3.859282 230 57 70 R0 pano_camera3/frame_0307_hp_preview.jpg
0.025828 1.419989 -3.782939 230 57 70 R0 pano_camera3/frame_0308_hp_preview.jpg
-0.361261 1.422725 -3.502458 230 57 70 R0 pano_camera3/frame_0309_hp_preview.jpg
-0.829430 1.435010 -3.513734 230 57 70 R0 pano_camera3/frame_0310_hp_preview.jpg
-1.057554 1.421261 -3.737074 230 57 70 R0 pano_camera3/frame_0311_hp_preview.jpg
-1.221579 1.431127 -4.153901 230 57 70 R0 pano_camera3/frame_0312_hp_preview.jpg
-1.286415 1.430932 -4.466061 230 57 70 R0 pano_camera3/frame_0313_hp_preview.jpg
-1.316766 1.429206 -4.748200 230 57 70 R0 pano_camera3/frame_0314_hp_preview.jpg
-1.409192 1.428861 -5.435879 230 57 70 R0 pano_camera3/frame_0315_hp_preview.jpg
-1.420597 1.432467 -5.485926 230 57 70 R0 pano_camera3/frame_0316_hp_preview.jpg
-1.530703 1.421293 -5.923743 230 57 70 R0 pano_camera3/frame_0317_hp_preview.jpg
-1.804063 1.410418 -6.320414 230 57 70 R0 pano_camera3/frame_0318_hp_preview.jpg
-1.930834 1.411414 -6.331847 230 57 70 R0 pano_camera3/frame_0319_hp_preview.jpg
-2.276331 1.432923 -6.239065 230 57 70 R0 pano_camera3/frame_0320_hp_preview.jpg
-2.805069 1.437869 -5.765012 230 57 70 R0 pano_camera3/frame_0321_hp_preview.jpg
-2.833557 1.437285 -5.732936 230 57 70 R0 pano_camera3/frame_0322_hp_preview.jpg
-2.953953 1.426274 -5.267873 230 57 70 R0 pano_camera3/frame_0323_hp_preview.jpg
-2.901416 1.437351 -4.791443 230 57 70 R0 pano_camera3/frame_0324_hp_preview.jpg
-2.908245 1.429979 -4.743120 230 57 70 R0 pano_camera3/frame_0325_hp_preview.jpg
-3.130244 1.426807 -4.295926 230 57 70 R0 pano_camera3/frame_0326_hp_preview.jpg
-3.395900 1.424305 -4.248850 230 57 70 R0 pano_camera3/frame_0327_hp_preview.jpg
-3.530046 1.433114 -4.290012 230 57 70 R0 pano_camera3/frame_0328_hp_preview.jpg
-3.721874 1.436491 -4.429567 230 57 70 R0 pano_camera3/frame_0329_hp_preview.jpg
-4.074264 1.440935 -4.564564 230 57 70 R0 pano_camera3/frame_0330_hp_preview.jpg
-4.191607 1.439628 -4.476128 230 57 70 R0 pano_camera3/frame_0331_hp_preview.jpg
-4.044275 1.430981 -4.074446 230 57 70 R0 pano_camera3/frame_0332_hp_preview.jpg
-3.874144 1.423924 -3.944067 230 57 70 R0 pano_camera3/frame_0333_hp_preview.jpg
-3.610201 1.422120 -3.658954 230 57 70 R0 pano_camera3/frame_0334_hp_preview.jpg
-3.510022 1.425712 -3.479773 230 57 70 R0 pano_camera3/frame_0335_hp_preview.jpg
-3.389166 1.417765 -3.285411 230 57 70 R0 pano_camera3/frame_0336_hp_preview.jpg
-3.167213 1.411605 -2.823824 230 57 70 R0 pano_camera3/frame_0337_hp_preview.jpg
-3.059133 1.415809 -2.591792 230 57 70 R0 pano_camera3/frame_0338_hp_preview.jpg
-2.826818 1.412954 -1.975863 230 57 70 R0 pano_camera3/frame_0339_hp_preview.jpg
-2.734983 1.440417 -1.570485 230 57 70 R0 pano_camera3/frame_0340_hp_preview.jpg
-2.703366 1.434757 -1.463450 230 57 70 R0 pano_camera3/frame_0341_hp_preview.jpg
-2.578347 1.438120 -1.157698 230 57 70 R0 pano_camera3/frame_0342_hp_preview.jpg
-2.348608 1.445273 -0.805903 230 57 70 R0 pano_camera3/frame_0343_hp_preview.jpg
-2.396490 1.454841 -0.458745 230 57 70 R0 pano_camera3/frame_0344_hp_preview.jpg
-2.647620 1.455518 -0.544333 230 57 70 R0 pano_camera3/frame_0345_hp_preview.jpg
-2.842718 1.449798 -0.730898 230 57 70 R0 pano_camera3/frame_0346_hp_preview.jpg
-2.942128 1.447676 -0.939302 230 57 70 R0 pano_camera3/frame_0347_hp_preview.jpg
-3.064672 1.447227 -1.170804 230 57 70 R0 pano_camera3/frame_0348_hp_preview.jpg
-3.355959 1.433920 -1.718727 230 57 70 R0 pano_camera3/frame_0349_hp_preview.jpg
-3.550782 1.419590 -1.929097 230 57 70 R0 pano_camera3/frame_0350_hp_preview.jpg
-3.703699 1.414236 -2.078651 230 57 70 R0 pano_camera3/frame_0351_hp_preview.jpg
-4.142922 1.415733 -2.286777 230 57 70 R0 pano_camera3/frame_0352_hp_preview.jpg
-4.364445 1.429064 -2.321010 230 57 70 R0 pano_camera3/frame_0353_hp_preview.jpg
-4.722586 1.433661 -2.497647 230 57 70 R0 pano_camera3/frame_0354_hp_preview.jpg
-4.836061 1.444793 -2.676408 230 57 70 R0 pano_camera3/frame_0355_hp_preview.jpg
-4.753302 1.450734 -3.094418 230 57 70 R0 pano_camera3/frame_0356_hp_preview.jpg
-4.677550 1.434833 -3.384572 230 57 70 R0 pano_camera3/frame_0357_hp_preview.jpg
-4.633019 1.415778 -3.466966 230 57 70 R0 pano_camera3/frame_0358_hp_preview.jpg
-4.601278 1.406580 -3.489682 230 57 70 R0 pano_camera3/frame_0359_hp_preview.jpg
-4.648785 1.421615 -3.496213 230 57 70 R0 pano_camera3/frame_0360_hp_preview.jpg
-4.648860 1.420548 -3.500413 230 57 70 R0 pano_camera3/frame_0361_hp_preview.jpg
-4.755989 1.427484 -3.768075 230 57 70 R0 pano_camera3/frame_0362_hp_preview.jpg
-4.888304 1.431944 -3.827389 230 57 70 R0 pano_camera3/frame_0363_hp_preview.jpg
-5.148960 1.461203 -3.847280 230 57 70 R0 pano_camera3/frame_0364_hp_preview.jpg
-5.230429 1.463597 -3.793677 230 57 70 R0 pano_camera3/frame_0365_hp_preview.jpg
-5.279704 1.457383 -3.396247 230 57 70 R0 pano_camera3/frame_0366_hp_preview.jpg
-5.257138 1.454444 -3.335955 230 57 70 R0 pano_camera3/frame_0367_hp_preview.jpg
-5.120368 1.443045 -3.031484 230 57 70 R0 pano_camera3/frame_0368_hp_preview.jpg
-4.827538 1.443083 -2.407250 230 57 70 R0 pano_camera3/frame_0369_hp_preview.jpg
-4.840449 1.415587 -2.203901 230 57 70 R0 pano_camera3/frame_0370_hp_preview.jpg
-4.980493 1.447167 -2.064935 230 57 70 R0 pano_camera3/frame_0371_hp_preview.jpg
-5.307263 1.443195 -2.128481 230 57 70 R0 pano_camera3/frame_0372_hp_preview.jpg
-5.557101 1.452694 -2.384206 230 57 70 R0 pano_camera3/frame_0373_hp_preview.jpg
-6.162845 1.448885 -2.752715 230 57 70 R0 pano_camera3/frame_0374_hp_preview.jpg
-6.354848 1.458210 -2.766252 230 57 70 R0 pano_camera3/frame_0375_hp_preview.jpg
-6.578254 1.469836 -2.694753 230 57 70 R0 pano_camera3/frame_0376_hp_preview.jpg
-6.754845 1.475929 -2.603905 230 57 70 R0 pano_camera3/frame_0377_hp_preview.jpg
-7.262221 1.506397 -2.221576 230 57 70 R0 pano_camera3/frame_0378_hp_preview.jpg
-7.380191 1.497133 -2.074604 230 57 70 R0 pano_camera3/frame_0379_hp_preview.jpg
-7.499629 1.495858 -1.849045 230 57 70 R0 pano_camera3/frame_0380_hp_preview.jpg
-7.561927 1.376604 -1.828279 230 57 70 R0 pano_camera3/frame_0381_hp_preview.jpg
-7.588789 1.247673 -1.676442 230 57 70 R0 pano_camera3/frame_0382_hp_preview.jpg
-7.544837 1.453370 -1.411409 230 57 70 R0 pano_camera3/frame_0383_hp_preview.jpg
-7.515450 1.466889 -1.413064 230 57 70 R0 pano_camera3/frame_0384_hp_preview.jpg
-7.356886 1.478748 -1.213842 230 57 70 R0 pano_camera3/frame_0385_hp_preview.jpg
-7.044601 1.489508 -0.768602 230 57 70 R0 pano_camera3/frame_0386_hp_preview.jpg
-6.921606 1.489237 -0.548549 230 57 70 R0 pano_camera3/frame_0387_hp_preview.jpg
-6.475482 1.492353 0.099213 230 57 70 R0 pano_camera3/frame_0388_hp_preview.jpg
-6.157362 1.485064 0.490595 230 57 70 R0 pano_camera3/frame_0389_hp_preview.jpg
-6.013056 1.474730 0.635368 230 57 70 R0 pano_camera3/frame_0390_hp_preview.jpg
-5.600693 1.479672 0.830573 230 57 70 R0 pano_camera3/frame_0391_hp_preview.jpg
-5.515793 1.475958 0.786954 230 57 70 R0 pano_camera3/frame_0392_hp_preview.jpg
-5.554292 1.475055 0.597511 230 57 70 R0 pano_camera3/frame_0393_hp_preview.jpg
-5.724430 1.466251 0.452984 230 57 70 R0 pano_camera3/frame_0394_hp_preview.jpg
-6.017305 1.459954 0.220713 230 57 70 R0 pano_camera3/frame_0395_hp_preview.jpg
-6.224453 1.459855 -0.106839 230 57 70 R0 pano_camera3/frame_0396_hp_preview.jpg
-6.022417 1.476755 -0.528791 230 57 70 R0 pano_camera3/frame_0397_hp_preview.jpg
-5.884834 1.473327 -0.629695 230 57 70 R0 pano_camera3/frame_0398_hp_preview.jpg
-5.406345 1.477048 -0.644006 230 57 70 R0 pano_camera3/frame_0399_hp_preview.jpg
-5.033322 1.462623 -0.285928 230 57 70 R0 pano_camera3/frame_0400_hp_preview.jpg
-4.760939 1.460858 0.016460 230 57 70 R0 pano_camera3/frame_0401_hp_preview.jpg
-4.740706 1.459978 0.035011 230 57 70 R0 pano_camera3/frame_0402_hp_preview.jpg
-4.487751 1.456131 0.325358 230 57 70 R0 pano_camera3/frame_0403_hp_preview.jpg
-3.966916 1.454208 0.323920 230 57 70 R0 pano_camera3/frame_0404_hp_preview.jpg
-3.938017 1.460105 0.294329 230 57 70 R0 pano_camera3/frame_0405_hp_preview.jpg
-3.779469 1.467388 -0.161803 230 57 70 R0 pano_camera3/frame_0406_hp_preview.jpg
-4.039759 1.452643 -0.524469 230 57 70 R0 pano_camera3/frame_0407_hp_preview.jpg
-4.183015 1.455839 -0.709570 230 57 70 R0 pano_camera3/frame_0408_hp_preview.jpg
-4.293459 1.448853 -0.842222 230 57 70 R0 pano_camera3/frame_0409_hp_preview.jpg
-4.400337 1.462548 -1.188621 230 57 70 R0 pano_camera3/frame_0410_hp_preview.jpg
-4.072494 1.450572 -1.722183 230 57 70 R0 pano_camera3/frame_0411_hp_preview.jpg
-4.010265 1.442197 -1.779053 230 57 70 R0 pano_camera3/frame_0412_hp_preview.jpg
-3.876419 1.444487 -1.960248 230 57 70 R0 pano_camera3/frame_0413_hp_preview.jpg
-3.897421 1.446772 -1.965783 230 57 70 R0 pano_camera3/frame_0414_hp_preview.jpg
-3.898890 1.447114 -1.964338 230 57 70 R0 pano_camera3/frame_0415_hp_preview.jpg
-3.895397 1.442537 -1.965717 230 57 70 R0 pano_camera3/frame_0416_hp_preview.jpg
2.878744 0.054924 0.222824 230 57 70 R0 pano_camera4/frame_0140_hp_preview.jpg
3.005104 0.062449 0.351617 230 57 70 R0 pano_camera4/frame_0141_hp_preview.jpg
3.220937 0.061987 0.594487 230 57 70 R0 pano_camera4/frame_0142_hp_preview.jpg
3.376829 0.062307 0.694644 230 57 70 R0 pano_camera4/frame_0143_hp_preview.jpg
3.552935 0.078898 0.644563 230 57 70 R0 pano_camera4/frame_0144_hp_preview.jpg
3.613064 0.082549 0.468483 230 57 70 R0 pano_camera4/frame_0145_hp_preview.jpg
2.749535 0.066391 0.648415 230 57 70 R0 pano_camera4/frame_0157_hp_preview.jpg
2.610933 0.068892 0.732946 230 57 70 R0 pano_camera4/frame_0158_hp_preview.jpg
2.560798 0.074386 0.830129 230 57 70 R0 pano_camera4/frame_0159_hp_preview.jpg
2.305931 0.068100 1.436272 230 57 70 R0 pano_camera4/frame_0160_hp_preview.jpg
2.095837 0.066812 1.696147 230 57 70 R0 pano_camera4/frame_0161_hp_preview.jpg
1.791601 0.080353 1.982086 230 57 70 R0 pano_camera4/frame_0162_hp_preview.jpg
1.582572 0.086330 2.139700 230 57 70 R0 pano_camera4/frame_0163_hp_preview.jpg
1.355950 0.095934 2.279594 230 57 70 R0 pano_camera4/frame_0164_hp_preview.jpg
0.958712 0.097017 2.262554 230 57 70 R0 pano_camera4/frame_0165_hp_preview.jpg
0.799006 0.094101 2.127874 230 57 70 R0 pano_camera4/frame_0166_hp_preview.jpg
0.555941 0.093860 1.765549 230 57 70 R0 pano_camera4/frame_0167_hp_preview.jpg
0.612129 0.085125 1.379476 230 57 70 R0 pano_camera4/frame_0168_hp_preview.jpg
0.703242 0.094951 1.264211 230 57 70 R0 pano_camera4/frame_0169_hp_preview.jpg
1.244372 0.075358 0.737776 230 57 70 R0 pano_camera4/frame_0170_hp_preview.jpg
1.317628 0.088539 0.668925 230 57 70 R0 pano_camera4/frame_0171_hp_preview.jpg
1.660603 0.070106 0.346956 230 57 70 R0 pano_camera4/frame_0172_hp_preview.jpg
1.741766 0.074815 -0.032498 230 57 70 R0 pano_camera4/frame_0173_hp_preview.jpg
1.540928 0.078064 -0.370376 230 57 70 R0 pano_camera4/frame_0174_hp_preview.jpg
1.531870 0.080974 -0.375982 230 57 70 R0 pano_camera4/frame_0175_hp_preview.jpg
1.101633 0.074214 -0.474682 230 57 70 R0 pano_camera4/frame_0176_hp_preview.jpg
0.856987 0.084426 -0.428709 230 57 70 R0 pano_camera4/frame_0177_hp_preview.jpg
0.394964 0.083837 -0.415737 230 57 70 R0 pano_camera4/frame_0178_hp_preview.jpg
0.076176 0.084565 -0.667419 230 57 70 R0 pano_camera4/frame_0179_hp_preview.jpg
0.036067 0.081547 -0.861466 230 57 70 R0 pano_camera4/frame_0180_hp_preview.jpg
0.170613 0.064009 -1.097735 230 57 70 R0 pano_camera4/frame_0181_hp_preview.jpg
0.367490 0.059538 -1.257050 230 57 70 R0 pano_camera4/frame_0182_hp_preview.jpg
0.595447 0.066120 -1.573921 230 57 70 R0 pano_camera4/frame_0183_hp_preview.jpg
0.445507 0.053789 -1.724032 230 57 70 R0 pano_camera4/frame_0184_hp_preview.jpg
0.291308 0.055758 -1.676802 230 57 70 R0 pano_camera4/frame_0185_hp_preview.jpg
0.096791 0.052900 -1.534842 230 57 70 R0 pano_camera4/frame_0186_hp_preview.jpg
-0.103339 0.055580 -1.401356 230 57 70 R0 pano_camera4/frame_0187_hp_preview.jpg
-0.404070 0.060086 -1.299852 230 57 70 R0 pano_camera4/frame_0188_hp_preview.jpg
-0.706396 0.061095 -1.391022 230 57 70 R0 pano_camera4/frame_0189_hp_preview.jpg
-0.737056 0.066617 -1.410471 230 57 70 R0 pano_camera4/frame_0190_hp_preview.jpg
-0.901842 0.067051 -1.626842 230 57 70 R0 pano_camera4/frame_0191_hp_preview.jpg
-0.900002 0.066870 -1.986793 230 57 70 R0 pano_camera4/frame_0192_hp_preview.jpg
-0.765824 0.056853 -2.236454 230 57 70 R0 pano_camera4/frame_0193_hp_preview.jpg
-0.542574 0.043588 -2.517015 230 57 70 R0 pano_camera4/frame_0194_hp_preview.jpg
-0.401903 0.046223 -2.728461 230 57 70 R0 pano_camera4/frame_0195_hp_preview.jpg
-0.427734 0.032328 -2.932985 230 57 70 R0 pano_camera4/frame_0196_hp_preview.jpg
-0.623240 0.031901 -3.307107 230 57 70 R0 pano_camera4/frame_0197_hp_preview.jpg
-0.995603 0.045520 -3.791746 230 57 70 R0 pano_camera4/frame_0198_hp_preview.jpg
-1.104524 0.050378 -3.933612 230 57 70 R0 pano_camera4/frame_0199_hp_preview.jpg
-1.721546 0.080687 -4.507984 230 57 70 R0 pano_camera4/frame_0200_hp_preview.jpg
-1.712540 0.125018 -4.602404 230 57 70 R0 pano_camera4/frame_0201_hp_preview.jpg
-1.760393 0.058176 -3.365942 230 57 70 R0 pano_camera4/frame_0226_hp_preview.jpg
-2.379670 0.072057 -2.099824 230 57 70 R0 pano_camera4/frame_0240_hp_preview.jpg
-2.365718 0.064941 -2.033852 230 57 70 R0 pano_camera4/frame_0241_hp_preview.jpg
-2.471917 0.061823 -1.757579 230 57 70 R0 pano_camera4/frame_0242_hp_preview.jpg
-2.355633 0.059782 -1.594036 230 57 70 R0 pano_camera4/frame_0243_hp_preview.jpg
-2.142095 0.056150 -1.606932 230 57 70 R0 pano_camera4/frame_0244_hp_preview.jpg
-2.038877 0.052267 -1.588058 230 57 70 R0 pano_camera4/frame_0245_hp_preview.jpg
-1.767799 0.026125 -1.522407 230 57 70 R0 pano_camera4/frame_0246_hp_preview.jpg
-1.639720 0.032026 -1.595488 230 57 70 R0 pano_camera4/frame_0247_hp_preview.jpg
-1.324774 0.031304 -1.519705 230 57 70 R0 pano_camera4/frame_0248_hp_preview.jpg
-1.289372 0.029259 -1.499412 230 57 70 R0 pano_camera4/frame_0249_hp_preview.jpg
-0.667357 0.034699 -1.026091 230 57 70 R0 pano_camera4/frame_0250_hp_preview.jpg
-0.657053 0.033290 -1.016454 230 57 70 R0 pano_camera4/frame_0251_hp_preview.jpg
-0.358050 0.046852 -0.591642 230 57 70 R0 pano_camera4/frame_0252_hp_preview.jpg
-0.215175 0.069118 -0.051124 230 57 70 R0 pano_camera4/frame_0253_hp_preview.jpg
-0.490509 0.083878 0.271249 230 57 70 R0 pano_camera4/frame_0254_hp_preview.jpg
-0.533177 0.080796 0.276302 230 57 70 R0 pano_camera4/frame_0255_hp_preview.jpg
-0.961352 0.116601 -0.084286 230 57 70 R0 pano_camera4/frame_0256_hp_preview.jpg
-1.090232 0.241372 -0.260372 230 57 70 R0 pano_camera4/frame_0257_hp_preview.jpg
-1.139318 0.322132 -0.328100 230 57 70 R0 pano_camera4/frame_0258_hp_preview.jpg
-1.216691 0.394584 -0.452739 230 57 70 R0 pano_camera4/frame_0259_hp_preview.jpg
-1.396053 0.640740 -0.728976 230 57 70 R0 pano_camera4/frame_0260_hp_preview.jpg
-1.398647 0.643400 -0.735293 230 57 70 R0 pano_camera4/frame_0261_hp_preview.jpg
-1.609833 0.898580 -1.001917 230 57 70 R0 pano_camera4/frame_0262_hp_preview.jpg
-1.620316 0.907840 -1.008742 230 57 70 R0 pano_camera4/frame_0263_hp_preview.jpg
-1.725128 1.049732 -1.148425 230 57 70 R0 pano_camera4/frame_0264_hp_preview.jpg
-1.886277 1.224711 -1.357645 230 57 70 R0 pano_camera4/frame_0265_hp_preview.jpg
-1.930758 1.356738 -1.585434 230 57 70 R0 pano_camera4/frame_0266_hp_preview.jpg
-1.915887 1.430530 -1.795010 230 57 70 R0 pano_camera4/frame_0267_hp_preview.jpg
-1.711841 1.422783 -2.025131 230 57 70 R0 pano_camera4/frame_0268_hp_preview.jpg
-1.334951 1.427095 -2.386176 230 57 70 R0 pano_camera4/frame_0269_hp_preview.jpg
-1.147243 1.443991 -2.539332 230 57 70 R0 pano_camera4/frame_0270_hp_preview.jpg
-0.776821 1.436030 -2.797059 230 57 70 R0 pano_camera4/frame_0271_hp_preview.jpg
-0.433765 1.437801 -3.043108 230 57 70 R0 pano_camera4/frame_0272_hp_preview.jpg
-0.249170 1.446933 -3.187903 230 57 70 R0 pano_camera4/frame_0273_hp_preview.jpg
0.343725 1.439029 -3.629144 230 57 70 R0 pano_camera4/frame_0274_hp_preview.jpg
0.402503 1.442477 -3.684967 230 57 70 R0 pano_camera4/frame_0275_hp_preview.jpg
0.878082 1.443303 -4.052883 230 57 70 R0 pano_camera4/frame_0276_hp_preview.jpg
1.017876 1.447920 -4.178692 230 57 70 R0 pano_camera4/frame_0277_hp_preview.jpg
1.440358 1.462550 -4.581337 230 57 70 R0 pano_camera4/frame_0278_hp_preview.jpg
1.679506 1.458652 -4.748925 230 57 70 R0 pano_camera4/frame_0279_hp_preview.jpg
2.268992 1.460561 -5.244128 230 57 70 R0 pano_camera4/frame_0280_hp_preview.jpg
2.382452 1.457844 -5.324977 230 57 70 R0 pano_camera4/frame_0281_hp_preview.jpg
2.535593 1.452283 -5.476678 230 57 70 R0 pano_camera4/frame_0282_hp_preview.jpg
2.615842 1.448908 -5.710533 230 57 70 R0 pano_camera4/frame_0283_hp_preview.jpg
2.440913 1.438147 -6.099466 230 57 70 R0 pano_camera4/frame_0284_hp_preview.jpg
2.404009 1.435637 -6.126307 230 57 70 R0 pano_camera4/frame_0285_hp_preview.jpg
2.150928 1.434011 -6.334255 230 57 70 R0 pano_camera4/frame_0286_hp_preview.jpg
1.950628 1.448837 -6.344091 230 57 70 R0 pano_camera4/frame_0287_hp_preview.jpg
1.689580 1.458378 -6.361685 230 57 70 R0 pano_camera4/frame_0288_hp_preview.jpg
1.535424 1.463759 -6.439140 230 57 70 R0 pano_camera4/frame_0289_hp_preview.jpg
1.431765 1.460860 -6.694140 230 57 70 R0 pano_camera4/frame_0290_hp_preview.jpg
1.340868 1.448421 -7.243027 230 57 70 R0 pano_camera4/frame_0291_hp_preview.jpg
1.277938 1.447205 -7.456249 230 57 70 R0 pano_camera4/frame_0292_hp_preview.jpg
1.237063 1.441230 -7.633897 230 57 70 R0 pano_camera4/frame_0293_hp_preview.jpg
0.781388 1.425003 -8.083733 230 57 70 R0 pano_camera4/frame_0294_hp_preview.jpg
0.731373 1.426217 -8.096310 230 57 70 R0 pano_camera4/frame_0295_hp_preview.jpg
0.187729 1.421746 -7.909059 230 57 70 R0 pano_camera4/frame_0296_hp_preview.jpg
0.084512 1.428813 -7.564229 230 57 70 R0 pano_camera4/frame_0297_hp_preview.jpg
0.054011 1.418676 -7.254404 230 57 70 R0 pano_camera4/frame_0298_hp_preview.jpg
0.039675 1.425677 -7.012430 230 57 70 R0 pano_camera4/frame_0299_hp_preview.jpg
0.004080 1.432983 -6.550570 230 57 70 R0 pano_camera4/frame_0300_hp_preview.jpg
-0.001634 1.419579 -6.230624 230 57 70 R0 pano_camera4/frame_0301_hp_preview.jpg
0.025636 1.416832 -5.909207 230 57 70 R0 pano_camera4/frame_0302_hp_preview.jpg
0.135580 1.431671 -5.470160 230 57 70 R0 pano_camera4/frame_0303_hp_preview.jpg
0.183007 1.427950 -5.245760 230 57 70 R0 pano_camera4/frame_0304_hp_preview.jpg
0.241649 1.424743 -4.716748 230 57 70 R0 pano_camera4/frame_0305_hp_preview.jpg
0.174308 1.417866 -4.191643 230 57 70 R0 pano_camera4/frame_0306_hp_preview.jpg
0.072154 1.413725 -3.859282 230 57 70 R0 pano_camera4/frame_0307_hp_preview.jpg
0.025828 1.419989 -3.782939 230 57 70 R0 pano_camera4/frame_0308_hp_preview.jpg
-0.361261 1.422725 -3.502458 230 57 70 R0 pano_camera4/frame_0309_hp_preview.jpg
-0.829430 1.435010 -3.513734 230 57 70 R0 pano_camera4/frame_0310_hp_preview.jpg
-1.057554 1.421261 -3.737074 230 57 70 R0 pano_camera4/frame_0311_hp_preview.jpg
-1.221579 1.431127 -4.153901 230 57 70 R0 pano_camera4/frame_0312_hp_preview.jpg
-1.286415 1.430932 -4.466061 230 57 70 R0 pano_camera4/frame_0313_hp_preview.jpg
-1.316766 1.429206 -4.748200 230 57 70 R0 pano_camera4/frame_0314_hp_preview.jpg
-1.409192 1.428861 -5.435879 230 57 70 R0 pano_camera4/frame_0315_hp_preview.jpg
-1.420597 1.432467 -5.485926 230 57 70 R0 pano_camera4/frame_0316_hp_preview.jpg
-1.530703 1.421293 -5.923743 230 57 70 R0 pano_camera4/frame_0317_hp_preview.jpg
-1.804063 1.410418 -6.320414 230 57 70 R0 pano_camera4/frame_0318_hp_preview.jpg
-1.930834 1.411414 -6.331847 230 57 70 R0 pano_camera4/frame_0319_hp_preview.jpg
-2.276331 1.432923 -6.239065 230 57 70 R0 pano_camera4/frame_0320_hp_preview.jpg
-2.805069 1.437869 -5.765012 230 57 70 R0 pano_camera4/frame_0321_hp_preview.jpg
-2.833557 1.437285 -5.732936 230 57 70 R0 pano_camera4/frame_0322_hp_preview.jpg
-2.953953 1.426274 -5.267873 230 57 70 R0 pano_camera4/frame_0323_hp_preview.jpg
-2.901416 1.437351 -4.791443 230 57 70 R0 pano_camera4/frame_0324_hp_preview.jpg
-2.908245 1.429979 -4.743120 230 57 70 R0 pano_camera4/frame_0325_hp_preview.jpg
-3.130244 1.426807 -4.295926 230 57 70 R0 pano_camera4/frame_0326_hp_preview.jpg
-3.395900 1.424305 -4.248850 230 57 70 R0 pano_camera4/frame_0327_hp_preview.jpg
-3.530046 1.433114 -4.290012 230 57 70 R0 pano_camera4/frame_0328_hp_preview.jpg
-3.721874 1.436491 -4.429567 230 57 70 R0 pano_camera4/frame_0329_hp_preview.jpg
-4.074264 1.440935 -4.564564 230 57 70 R0 pano_camera4/frame_0330_hp_preview.jpg
-4.191607 1.439628 -4.476128 230 57 70 R0 pano_camera4/frame_0331_hp_preview.jpg
-4.044275 1.430981 -4.074446 230 57 70 R0 pano_camera4/frame_0332_hp_preview.jpg
-3.874144 1.423924 -3.944067 230 57 70 R0 pano_camera4/frame_0333_hp_preview.jpg
-3.610201 1.422120 -3.658954 230 57 70 R0 pano_camera4/frame_0334_hp_preview.jpg
-3.510022 1.425712 -3.479773 230 57 70 R0 pano_camera4/frame_0335_hp_preview.jpg
-3.389166 1.417765 -3.285411 230 57 70 R0 pano_camera4/frame_0336_hp_preview.jpg
-3.167213 1.411605 -2.823824 230 57 70 R0 pano_camera4/frame_0337_hp_preview.jpg
-3.059133 1.415809 -2.591792 230 57 70 R0 pano_camera4/frame_0338_hp_preview.jpg
-2.826818 1.412954 -1.975863 230 57 70 R0 pano_camera4/frame_0339_hp_preview.jpg
-2.734983 1.440417 -1.570485 230 57 70 R0 pano_camera4/frame_0340_hp_preview.jpg
-2.703366 1.434757 -1.463450 230 57 70 R0 pano_camera4/frame_0341_hp_preview.jpg
-2.578347 1.438120 -1.157698 230 57 70 R0 pano_camera4/frame_0342_hp_preview.jpg
-2.348608 1.445273 -0.805903 230 57 70 R0 pano_camera4/frame_0343_hp_preview.jpg
-2.396490 1.454841 -0.458745 230 57 70 R0 pano_camera4/frame_0344_hp_preview.jpg
-2.647620 1.455518 -0.544333 230 57 70 R0 pano_camera4/frame_0345_hp_preview.jpg
-2.842718 1.449798 -0.730898 230 57 70 R0 pano_camera4/frame_0346_hp_preview.jpg
-2.942128 1.447676 -0.939302 230 57 70 R0 pano_camera4/frame_0347_hp_preview.jpg
-3.064672 1.447227 -1.170804 230 57 70 R0 pano_camera4/frame_0348_hp_preview.jpg
-3.355959 1.433920 -1.718727 230 57 70 R0 pano_camera4/frame_0349_hp_preview.jpg
-3.550782 1.419590 -1.929097 230 57 70 R0 pano_camera4/frame_0350_hp_preview.jpg
-3.703699 1.414236 -2.078651 230 57 70 R0 pano_camera4/frame_0351_hp_preview.jpg
-4.142922 1.415733 -2.286777 230 57 70 R0 pano_camera4/frame_0352_hp_preview.jpg
-4.364445 1.429064 -2.321010 230 57 70 R0 pano_camera4/frame_0353_hp_preview.jpg
-4.722586 1.433661 -2.497647 230 57 70 R0 pano_camera4/frame_0354_hp_preview.jpg
-4.836061 1.444793 -2.676408 230 57 70 R0 pano_camera4/frame_0355_hp_preview.jpg
-4.753302 1.450734 -3.094418 230 57 70 R0 pano_camera4/frame_0356_hp_preview.jpg
-4.677550 1.434833 -3.384572 230 57 70 R0 pano_camera4/frame_0357_hp_preview.jpg
-4.633019 1.415778 -3.466966 230 57 70 R0 pano_camera4/frame_0358_hp_preview.jpg
-4.601278 1.406580 -3.489682 230 57 70 R0 pano_camera4/frame_0359_hp_preview.jpg
-4.648785 1.421615 -3.496213 230 57 70 R0 pano_camera4/frame_0360_hp_preview.jpg
-4.648860 1.420548 -3.500413 230 57 70 R0 pano_camera4/frame_0361_hp_preview.jpg
-4.755989 1.427484 -3.768075 230 57 70 R0 pano_camera4/frame_0362_hp_preview.jpg
-4.888304 1.431944 -3.827389 230 57 70 R0 pano_camera4/frame_0363_hp_preview.jpg
-5.148960 1.461203 -3.847280 230 57 70 R0 pano_camera4/frame_0364_hp_preview.jpg
-5.230429 1.463597 -3.793677 230 57 70 R0 pano_camera4/frame_0365_hp_preview.jpg
-5.279704 1.457383 -3.396247 230 57 70 R0 pano_camera4/frame_0366_hp_preview.jpg
-5.257138 1.454444 -3.335955 230 57 70 R0 pano_camera4/frame_0367_hp_preview.jpg
-5.120368 1.443045 -3.031484 230 57 70 R0 pano_camera4/frame_0368_hp_preview.jpg
-4.827538 1.443083 -2.407250 230 57 70 R0 pano_camera4/frame_0369_hp_preview.jpg
-4.840449 1.415587 -2.203901 230 57 70 R0 pano_camera4/frame_0370_hp_preview.jpg
-4.980493 1.447167 -2.064935 230 57 70 R0 pano_camera4/frame_0371_hp_preview.jpg
-5.307263 1.443195 -2.128481 230 57 70 R0 pano_camera4/frame_0372_hp_preview.jpg
-5.557101 1.452694 -2.384206 230 57 70 R0 pano_camera4/frame_0373_hp_preview.jpg
-6.162845 1.448885 -2.752715 230 57 70 R0 pano_camera4/frame_0374_hp_preview.jpg
-6.354848 1.458210 -2.766252 230 57 70 R0 pano_camera4/frame_0375_hp_preview.jpg
-6.578254 1.469836 -2.694753 230 57 70 R0 pano_camera4/frame_0376_hp_preview.jpg
-6.754845 1.475929 -2.603905 230 57 70 R0 pano_camera4/frame_0377_hp_preview.jpg
-7.262221 1.506397 -2.221576 230 57 70 R0 pano_camera4/frame_0378_hp_preview.jpg
-7.380191 1.497133 -2.074604 230 57 70 R0 pano_camera4/frame_0379_hp_preview.jpg
-7.499629 1.495858 -1.849045 230 57 70 R0 pano_camera4/frame_0380_hp_preview.jpg
-7.561927 1.376604 -1.828279 230 57 70 R0 pano_camera4/frame_0381_hp_preview.jpg
-7.588789 1.247673 -1.676442 230 57 70 R0 pano_camera4/frame_0382_hp_preview.jpg
-7.544837 1.453370 -1.411409 230 57 70 R0 pano_camera4/frame_0383_hp_preview.jpg
-7.515450 1.466889 -1.413064 230 57 70 R0 pano_camera4/frame_0384_hp_preview.jpg
-7.356886 1.478748 -1.213842 230 57 70 R0 pano_camera4/frame_0385_hp_preview.jpg
-7.044601 1.489508 -0.768602 230 57 70 R0 pano_camera4/frame_0386_hp_preview.jpg
-6.921606 1.489237 -0.548549 230 57 70 R0 pano_camera4/frame_0387_hp_preview.jpg
-6.475482 1.492353 0.099213 230 57 70 R0 pano_camera4/frame_0388_hp_preview.jpg
-6.157362 1.485064 0.490595 230 57 70 R0 pano_camera4/frame_0389_hp_preview.jpg
-6.013056 1.474730 0.635368 230 57 70 R0 pano_camera4/frame_0390_hp_preview.jpg
-5.600693 1.479672 0.830573 230 57 70 R0 pano_camera4/frame_0391_hp_preview.jpg
-5.515793 1.475958 0.786954 230 57 70 R0 pano_camera4/frame_0392_hp_preview.jpg
-5.554292 1.475055 0.597511 230 57 70 R0 pano_camera4/frame_0393_hp_preview.jpg
-5.724430 1.466251 0.452984 230 57 70 R0 pano_camera4/frame_0394_hp_preview.jpg
-6.017305 1.459954 0.220713 230 57 70 R0 pano_camera4/frame_0395_hp_preview.jpg
-6.224453 1.459855 -0.106839 230 57 70 R0 pano_camera4/frame_0396_hp_preview.jpg
-6.022417 1.476755 -0.528791 230 57 70 R0 pano_camera4/frame_0397_hp_preview.jpg
-5.884834 1.473327 -0.629695 230 57 70 R0 pano_camera4/frame_0398_hp_preview.jpg
-5.406345 1.477048 -0.644006 230 57 70 R0 pano_camera4/frame_0399_hp_preview.jpg
-5.033322 1.462623 -0.285928 230 57 70 R0 pano_camera4/frame_0400_hp_preview.jpg
-4.760939 1.460858 0.016460 230 57 70 R0 pano_camera4/frame_0401_hp_preview.jpg
-4.740706 1.459978 0.035011 230 57 70 R0 pano_camera4/frame_0402_hp_preview.jpg
-4.487751 1.456131 0.325358 230 57 70 R0 pano_camera4/frame_0403_hp_preview.jpg
-3.966916 1.454208 0.323920 230 57 70 R0 pano_camera4/frame_0404_hp_preview.jpg
-3.938017 1.460105 0.294329 230 57 70 R0 pano_camera4/frame_0405_hp_preview.jpg
-3.779469 1.467388 -0.161803 230 57 70 R0 pano_camera4/frame_0406_hp_preview.jpg
-4.039759 1.452643 -0.524469 230 57 70 R0 pano_camera4/frame_0407_hp_preview.jpg
-4.183015 1.455839 -0.709570 230 57 70 R0 pano_camera4/frame_0408_hp_preview.jpg
-4.293459 1.448853 -0.842222 230 57 70 R0 pano_camera4/frame_0409_hp_preview.jpg
-4.400337 1.462548 -1.188621 230 57 70 R0 pano_camera4/frame_0410_hp_preview.jpg
-4.072494 1.450572 -1.722183 230 57 70 R0 pano_camera4/frame_0411_hp_preview.jpg
-4.010265 1.442197 -1.779053 230 57 70 R0 pano_camera4/frame_0412_hp_preview.jpg
-3.876419 1.444487 -1.960248 230 57 70 R0 pano_camera4/frame_0413_hp_preview.jpg
-3.897421 1.446772 -1.965783 230 57 70 R0 pano_camera4/frame_0414_hp_preview.jpg
-3.898890 1.447114 -1.964338 230 57 70 R0 pano_camera4/frame_0415_hp_preview.jpg
-3.895397 1.442537 -1.965717 230 57 70 R0 pano_camera4/frame_0416_hp_preview.jpg
2.878744 0.054924 0.222824 230 57 70 R0 pano_camera5/frame_0140_hp_preview.jpg
3.005104 0.062449 0.351617 230 57 70 R0 pano_camera5/frame_0141_hp_preview.jpg
3.220937 0.061987 0.594487 230 57 70 R0 pano_camera5/frame_0142_hp_preview.jpg
3.376829 0.062307 0.694644 230 57 70 R0 pano_camera5/frame_0143_hp_preview.jpg
3.552935 0.078898 0.644563 230 57 70 R0 pano_camera5/frame_0144_hp_preview.jpg
3.613064 0.082549 0.468483 230 57 70 R0 pano_camera5/frame_0145_hp_preview.jpg
2.749535 0.066391 0.648415 230 57 70 R0 pano_camera5/frame_0157_hp_preview.jpg
2.610933 0.068892 0.732946 230 57 70 R0 pano_camera5/frame_0158_hp_preview.jpg
2.560798 0.074386 0.830129 230 57 70 R0 pano_camera5/frame_0159_hp_preview.jpg
2.305931 0.068100 1.436272 230 57 70 R0 pano_camera5/frame_0160_hp_preview.jpg
2.095837 0.066812 1.696147 230 57 70 R0 pano_camera5/frame_0161_hp_preview.jpg
1.791601 0.080353 1.982086 230 57 70 R0 pano_camera5/frame_0162_hp_preview.jpg
1.582572 0.086330 2.139700 230 57 70 R0 pano_camera5/frame_0163_hp_preview.jpg
1.355950 0.095934 2.279594 230 57 70 R0 pano_camera5/frame_0164_hp_preview.jpg
0.958712 0.097017 2.262554 230 57 70 R0 pano_camera5/frame_0165_hp_preview.jpg
0.799006 0.094101 2.127874 230 57 70 R0 pano_camera5/frame_0166_hp_preview.jpg
0.555941 0.093860 1.765549 230 57 70 R0 pano_camera5/frame_0167_hp_preview.jpg
0.612129 0.085125 1.379476 230 57 70 R0 pano_camera5/frame_0168_hp_preview.jpg
0.703242 0.094951 1.264211 230 57 70 R0 pano_camera5/frame_0169_hp_preview.jpg
1.244372 0.075358 0.737776 230 57 70 R0 pano_camera5/frame_0170_hp_preview.jpg
1.317628 0.088539 0.668925 230 57 70 R0 pano_camera5/frame_0171_hp_preview.jpg
1.660603 0.070106 0.346956 230 57 70 R0 pano_camera5/frame_0172_hp_preview.jpg
1.741766 0.074815 -0.032498 230 57 70 R0 pano_camera5/frame_0173_hp_preview.jpg
1.540928 0.078064 -0.370376 230 57 70 R0 pano_camera5/frame_0174_hp_preview.jpg
1.531870 0.080974 -0.375982 230 57 70 R0 pano_camera5/frame_0175_hp_preview.jpg
1.101633 0.074214 -0.474682 230 57 70 R0 pano_camera5/frame_0176_hp_preview.jpg
0.856987 0.084426 -0.428709 230 57 70 R0 pano_camera5/frame_0177_hp_preview.jpg
0.394964 0.083837 -0.415737 230 57 70 R0 pano_camera5/frame_0178_hp_preview.jpg
0.076176 0.084565 -0.667419 230 57 70 R0 pano_camera5/frame_0179_hp_preview.jpg
0.036067 0.081547 -0.861466 230 57 70 R0 pano_camera5/frame_0180_hp_preview.jpg
0.170613 0.064009 -1.097735 230 57 70 R0 pano_camera5/frame_0181_hp_preview.jpg
0.367490 0.059538 -1.257050 230 57 70 R0 pano_camera5/frame_0182_hp_preview.jpg
0.595447 0.066120 -1.573921 230 57 70 R0 pano_camera5/frame_0183_hp_preview.jpg
0.445507 0.053789 -1.724032 230 57 70 R0 pano_camera5/frame_0184_hp_preview.jpg
0.291308 0.055758 -1.676802 230 57 70 R0 pano_camera5/frame_0185_hp_preview.jpg
0.096791 0.052900 -1.534842 230 57 70 R0 pano_camera5/frame_0186_hp_preview.jpg
-0.103339 0.055580 -1.401356 230 57 70 R0 pano_camera5/frame_0187_hp_preview.jpg
-0.404070 0.060086 -1.299852 230 57 70 R0 pano_camera5/frame_0188_hp_preview.jpg
-0.706396 0.061095 -1.391022 230 57 70 R0 pano_camera5/frame_0189_hp_preview.jpg
-0.737056 0.066617 -1.410471 230 57 70 R0 pano_camera5/frame_0190_hp_preview.jpg
-0.901842 0.067051 -1.626842 230 57 70 R0 pano_camera5/frame_0191_hp_preview.jpg
-0.900002 0.066870 -1.986793 230 57 70 R0 pano_camera5/frame_0192_hp_preview.jpg
-0.765824 0.056853 -2.236454 230 57 70 R0 pano_camera5/frame_0193_hp_preview.jpg
-0.542574 0.043588 -2.517015 230 57 70 R0 pano_camera5/frame_0194_hp_preview.jpg
-0.401903 0.046223 -2.728461 230 57 70 R0 pano_camera5/frame_0195_hp_preview.jpg
-0.427734 0.032328 -2.932985 230 57 70 R0 pano_camera5/frame_0196_hp_preview.jpg
-0.623240 0.031901 -3.307107 230 57 70 R0 pano_camera5/frame_0197_hp_preview.jpg
-0.995603 0.045520 -3.791746 230 57 70 R0 pano_camera5/frame_0198_hp_preview.jpg
-1.104524 0.050378 -3.933612 230 57 70 R0 pano_camera5/frame_0199_hp_preview.jpg
-1.721546 0.080687 -4.507984 230 57 70 R0 pano_camera5/frame_0200_hp_preview.jpg
-1.712540 0.125018 -4.602404 230 57 70 R0 pano_camera5/frame_0201_hp_preview.jpg
-1.760393 0.058176 -3.365942 230 57 70 R0 pano_camera5/frame_0226_hp_preview.jpg
-2.379670 0.072057 -2.099824 230 57 70 R0 pano_camera5/frame_0240_hp_preview.jpg
-2.365718 0.064941 -2.033852 230 57 70 R0 pano_camera5/frame_0241_hp_preview.jpg
-2.471917 0.061823 -1.757579 230 57 70 R0 pano_camera5/frame_0242_hp_preview.jpg
-2.355633 0.059782 -1.594036 230 57 70 R0 pano_camera5/frame_0243_hp_preview.jpg
-2.142095 0.056150 -1.606932 230 57 70 R0 pano_camera5/frame_0244_hp_preview.jpg
-2.038877 0.052267 -1.588058 230 57 70 R0 pano_camera5/frame_0245_hp_preview.jpg
-1.767799 0.026125 -1.522407 230 57 70 R0 pano_camera5/frame_0246_hp_preview.jpg
-1.639720 0.032026 -1.595488 230 57 70 R0 pano_camera5/frame_0247_hp_preview.jpg
-1.324774 0.031304 -1.519705 230 57 70 R0 pano_camera5/frame_0248_hp_preview.jpg
-1.289372 0.029259 -1.499412 230 57 70 R0 pano_camera5/frame_0249_hp_preview.jpg
-0.667357 0.034699 -1.026091 230 57 70 R0 pano_camera5/frame_0250_hp_preview.jpg
-0.657053 0.033290 -1.016454 230 57 70 R0 pano_camera5/frame_0251_hp_preview.jpg
-0.358050 0.046852 -0.591642 230 57 70 R0 pano_camera5/frame_0252_hp_preview.jpg
-0.215175 0.069118 -0.051124 230 57 70 R0 pano_camera5/frame_0253_hp_preview.jpg
-0.490509 0.083878 0.271249 230 57 70 R0 pano_camera5/frame_0254_hp_preview.jpg
-0.533177 0.080796 0.276302 230 57 70 R0 pano_camera5/frame_0255_hp_preview.jpg
-0.961352 0.116601 -0.084286 230 57 70 R0 pano_camera5/frame_0256_hp_preview.jpg
-1.090232 0.241372 -0.260372 230 57 70 R0 pano_camera5/frame_0257_hp_preview.jpg
-1.139318 0.322132 -0.328100 230 57 70 R0 pano_camera5/frame_0258_hp_preview.jpg
-1.216691 0.394584 -0.452739 230 57 70 R0 pano_camera5/frame_0259_hp_preview.jpg
-1.396053 0.640740 -0.728976 230 57 70 R0 pano_camera5/frame_0260_hp_preview.jpg
-1.398647 0.643400 -0.735293 230 57 70 R0 pano_camera5/frame_0261_hp_preview.jpg
-1.609833 0.898580 -1.001917 230 57 70 R0 pano_camera5/frame_0262_hp_preview.jpg
-1.620316 0.907840 -1.008742 230 57 70 R0 pano_camera5/frame_0263_hp_preview.jpg
-1.725128 1.049732 -1.148425 230 57 70 R0 pano_camera5/frame_0264_hp_preview.jpg
-1.886277 1.224711 -1.357645 230 57 70 R0 pano_camera5/frame_0265_hp_preview.jpg
-1.930758 1.356738 -1.585434 230 57 70 R0 pano_camera5/frame_0266_hp_preview.jpg
-1.915887 1.430530 -1.795010 230 57 70 R0 pano_camera5/frame_0267_hp_preview.jpg
-1.711841 1.422783 -2.025131 230 57 70 R0 pano_camera5/frame_0268_hp_preview.jpg
-1.334951 1.427095 -2.386176 230 57 70 R0 pano_camera5/frame_0269_hp_preview.jpg
-1.147243 1.443991 -2.539332 230 57 70 R0 pano_camera5/frame_0270_hp_preview.jpg
-0.776821 1.436030 -2.797059 230 57 70 R0 pano_camera5/frame_0271_hp_preview.jpg
-0.433765 1.437801 -3.043108 230 57 70 R0 pano_camera5/frame_0272_hp_preview.jpg
-0.249170 1.446933 -3.187903 230 57 70 R0 pano_camera5/frame_0273_hp_preview.jpg
0.343725 1.439029 -3.629144 230 57 70 R0 pano_camera5/frame_0274_hp_preview.jpg
0.402503 1.442477 -3.684967 230 57 70 R0 pano_camera5/frame_0275_hp_preview.jpg
0.878082 1.443303 -4.052883 230 57 70 R0 pano_camera5/frame_0276_hp_preview.jpg
1.017876 1.447920 -4.178692 230 57 70 R0 pano_camera5/frame_0277_hp_preview.jpg
1.440358 1.462550 -4.581337 230 57 70 R0 pano_camera5/frame_0278_hp_preview.jpg
1.679506 1.458652 -4.748925 230 57 70 R0 pano_camera5/frame_0279_hp_preview.jpg
2.268992 1.460561 -5.244128 230 57 70 R0 pano_camera5/frame_0280_hp_preview.jpg
2.382452 1.457844 -5.324977 230 57 70 R0 pano_camera5/frame_0281_hp_preview.jpg
2.535593 1.452283 -5.476678 230 57 70 R0 pano_camera5/frame_0282_hp_preview.jpg
2.615842 1.448908 -5.710533 230 57 70 R0 pano_camera5/frame_0283_hp_preview.jpg
2.440913 1.438147 -6.099466 230 57 70 R0 pano_camera5/frame_0284_hp_preview.jpg
2.404009 1.435637 -6.126307 230 57 70 R0 pano_camera5/frame_0285_hp_preview.jpg
2.150928 1.434011 -6.334255 230 57 70 R0 pano_camera5/frame_0286_hp_preview.jpg
1.950628 1.448837 -6.344091 230 57 70 R0 pano_camera5/frame_0287_hp_preview.jpg
1.689580 1.458378 -6.361685 230 57 70 R0 pano_camera5/frame_0288_hp_preview.jpg
1.535424 1.463759 -6.439140 230 57 70 R0 pano_camera5/frame_0289_hp_preview.jpg
1.431765 1.460860 -6.694140 230 57 70 R0 pano_camera5/frame_0290_hp_preview.jpg
1.340868 1.448421 -7.243027 230 57 70 R0 pano_camera5/frame_0291_hp_preview.jpg
1.277938 1.447205 -7.456249 230 57 70 R0 pano_camera5/frame_0292_hp_preview.jpg
1.237063 1.441230 -7.633897 230 57 70 R0 pano_camera5/frame_0293_hp_preview.jpg
0.781388 1.425003 -8.083733 230 57 70 R0 pano_camera5/frame_0294_hp_preview.jpg
0.731373 1.426217 -8.096310 230 57 70 R0 pano_camera5/frame_0295_hp_preview.jpg
0.187729 1.421746 -7.909059 230 57 70 R0 pano_camera5/frame_0296_hp_preview.jpg
0.084512 1.428813 -7.564229 230 57 70 R0 pano_camera5/frame_0297_hp_preview.jpg
0.054011 1.418676 -7.254404 230 57 70 R0 pano_camera5/frame_0298_hp_preview.jpg
0.039675 1.425677 -7.012430 230 57 70 R0 pano_camera5/frame_0299_hp_preview.jpg
0.004080 1.432983 -6.550570 230 57 70 R0 pano_camera5/frame_0300_hp_preview.jpg
-0.001634 1.419579 -6.230624 230 57 70 R0 pano_camera5/frame_0301_hp_preview.jpg
0.025636 1.416832 -5.909207 230 57 70 R0 pano_camera5/frame_0302_hp_preview.jpg
0.135580 1.431671 -5.470160 230 57 70 R0 pano_camera5/frame_0303_hp_preview.jpg
0.183007 1.427950 -5.245760 230 57 70 R0 pano_camera5/frame_0304_hp_preview.jpg
0.241649 1.424743 -4.716748 230 57 70 R0 pano_camera5/frame_0305_hp_preview.jpg
0.174308 1.417866 -4.191643 230 57 70 R0 pano_camera5/frame_0306_hp_preview.jpg
0.072154 1.413725 -3.859282 230 57 70 R0 pano_camera5/frame_0307_hp_preview.jpg
0.025828 1.419989 -3.782939 230 57 70 R0 pano_camera5/frame_0308_hp_preview.jpg
-0.361261 1.422725 -3.502458 230 57 70 R0 pano_camera5/frame_0309_hp_preview.jpg
-0.829430 1.435010 -3.513734 230 57 70 R0 pano_camera5/frame_0310_hp_preview.jpg
-1.057554 1.421261 -3.737074 230 57 70 R0 pano_camera5/frame_0311_hp_preview.jpg
-1.221579 1.431127 -4.153901 230 57 70 R0 pano_camera5/frame_0312_hp_preview.jpg
-1.286415 1.430932 -4.466061 230 57 70 R0 pano_camera5/frame_0313_hp_preview.jpg
-1.316766 1.429206 -4.748200 230 57 70 R0 pano_camera5/frame_0314_hp_preview.jpg
-1.409192 1.428861 -5.435879 230 57 70 R0 pano_camera5/frame_0315_hp_preview.jpg
-1.420597 1.432467 -5.485926 230 57 70 R0 pano_camera5/frame_0316_hp_preview.jpg
-1.530703 1.421293 -5.923743 230 57 70 R0 pano_camera5/frame_0317_hp_preview.jpg
-1.804063 1.410418 -6.320414 230 57 70 R0 pano_camera5/frame_0318_hp_preview.jpg
-1.930834 1.411414 -6.331847 230 57 70 R0 pano_camera5/frame_0319_hp_preview.jpg
-2.276331 1.432923 -6.239065 230 57 70 R0 pano_camera5/frame_0320_hp_preview.jpg
-2.805069 1.437869 -5.765012 230 57 70 R0 pano_camera5/frame_0321_hp_preview.jpg
-2.833557 1.437285 -5.732936 230 57 70 R0 pano_camera5/frame_0322_hp_preview.jpg
-2.953953 1.426274 -5.267873 230 57 70 R0 pano_camera5/frame_0323_hp_preview.jpg
-2.901416 1.437351 -4.791443 230 57 70 R0 pano_camera5/frame_0324_hp_preview.jpg
-2.908245 1.429979 -4.743120 230 57 70 R0 pano_camera5/frame_0325_hp_preview.jpg
-3.130244 1.426807 -4.295926 230 57 70 R0 pano_camera5/frame_0326_hp_preview.jpg
-3.395900 1.424305 -4.248850 230 57 70 R0 pano_camera5/frame_0327_hp_preview.jpg
-3.530046 1.433114 -4.290012 230 57 70 R0 pano_camera5/frame_0328_hp_preview.jpg
-3.721874 1.436491 -4.429567 230 57 70 R0 pano_camera5/frame_0329_hp_preview.jpg
-4.074264 1.440935 -4.564564 230 57 70 R0 pano_camera5/frame_0330_hp_preview.jpg
-4.191607 1.439628 -4.476128 230 57 70 R0 pano_camera5/frame_0331_hp_preview.jpg
-4.044275 1.430981 -4.074446 230 57 70 R0 pano_camera5/frame_0332_hp_preview.jpg
-3.874144 1.423924 -3.944067 230 57 70 R0 pano_camera5/frame_0333_hp_preview.jpg
-3.610201 1.422120 -3.658954 230 57 70 R0 pano_camera5/frame_0334_hp_preview.jpg
-3.510022 1.425712 -3.479773 230 57 70 R0 pano_camera5/frame_0335_hp_preview.jpg
-3.389166 1.417765 -3.285411 230 57 70 R0 pano_camera5/frame_0336_hp_preview.jpg
-3.167213 1.411605 -2.823824 230 57 70 R0 pano_camera5/frame_0337_hp_preview.jpg
-3.059133 1.415809 -2.591792 230 57 70 R0 pano_camera5/frame_0338_hp_preview.jpg
-2.826818 1.412954 -1.975863 230 57 70 R0 pano_camera5/frame_0339_hp_preview.jpg
-2.734983 1.440417 -1.570485 230 57 70 R0 pano_camera5/frame_0340_hp_preview.jpg
-2.703366 1.434757 -1.463450 230 57 70 R0 pano_camera5/frame_0341_hp_preview.jpg
-2.578347 1.438120 -1.157698 230 57 70 R0 pano_camera5/frame_0342_hp_preview.jpg
-2.348608 1.445273 -0.805903 230 57 70 R0 pano_camera5/frame_0343_hp_preview.jpg
-2.396490 1.454841 -0.458745 230 57 70 R0 pano_camera5/frame_0344_hp_preview.jpg
-2.647620 1.455518 -0.544333 230 57 70 R0 pano_camera5/frame_0345_hp_preview.jpg
-2.842718 1.449798 -0.730898 230 57 70 R0 pano_camera5/frame_0346_hp_preview.jpg
-2.942128 1.447676 -0.939302 230 57 70 R0 pano_camera5/frame_0347_hp_preview.jpg
-3.064672 1.447227 -1.170804 230 57 70 R0 pano_camera5/frame_0348_hp_preview.jpg
-3.355959 1.433920 -1.718727 230 57 70 R0 pano_camera5/frame_0349_hp_preview.jpg
-3.550782 1.419590 -1.929097 230 57 70 R0 pano_camera5/frame_0350_hp_preview.jpg
-3.703699 1.414236 -2.078651 230 57 70 R0 pano_camera5/frame_0351_hp_preview.jpg
-4.142922 1.415733 -2.286777 230 57 70 R0 pano_camera5/frame_0352_hp_preview.jpg
-4.364445 1.429064 -2.321010 230 57 70 R0 pano_camera5/frame_0353_hp_preview.jpg
-4.722586 1.433661 -2.497647 230 57 70 R0 pano_camera5/frame_0354_hp_preview.jpg
-4.836061 1.444793 -2.676408 230 57 70 R0 pano_camera5/frame_0355_hp_preview.jpg
-4.753302 1.450734 -3.094418 230 57 70 R0 pano_camera5/frame_0356_hp_preview.jpg
-4.677550 1.434833 -3.384572 230 57 70 R0 pano_camera5/frame_0357_hp_preview.jpg
-4.633019 1.415778 -3.466966 230 57 70 R0 pano_camera5/frame_0358_hp_preview.jpg
-4.601278 1.406580 -3.489682 230 57 70 R0 pano_camera5/frame_0359_hp_preview.jpg
-4.648785 1.421615 -3.496213 230 57 70 R0 pano_camera5/frame_0360_hp_preview.jpg
-4.648860 1.420548 -3.500413 230 57 70 R0 pano_camera5/frame_0361_hp_preview.jpg
-4.755989 1.427484 -3.768075 230 57 70 R0 pano_camera5/frame_0362_hp_preview.jpg
-4.888304 1.431944 -3.827389 230 57 70 R0 pano_camera5/frame_0363_hp_preview.jpg
-5.148960 1.461203 -3.847280 230 57 70 R0 pano_camera5/frame_0364_hp_preview.jpg
-5.230429 1.463597 -3.793677 230 57 70 R0 pano_camera5/frame_0365_hp_preview.jpg
-5.279704 1.457383 -3.396247 230 57 70 R0 pano_camera5/frame_0366_hp_preview.jpg
-5.257138 1.454444 -3.335955 230 57 70 R0 pano_camera5/frame_0367_hp_preview.jpg
-5.120368 1.443045 -3.031484 230 57 70 R0 pano_camera5/frame_0368_hp_preview.jpg
-4.827538 1.443083 -2.407250 230 57 70 R0 pano_camera5/frame_0369_hp_preview.jpg
-4.840449 1.415587 -2.203901 230 57 70 R0 pano_camera5/frame_0370_hp_preview.jpg
-4.980493 1.447167 -2.064935 230 57 70 R0 pano_camera5/frame_0371_hp_preview.jpg
-5.307263 1.443195 -2.128481 230 57 70 R0 pano_camera5/frame_0372_hp_preview.jpg
-5.557101 1.452694 -2.384206 230 57 70 R0 pano_camera5/frame_0373_hp_preview.jpg
-6.162845 1.448885 -2.752715 230 57 70 R0 pano_camera5/frame_0374_hp_preview.jpg
-6.354848 1.458210 -2.766252 230 57 70 R0 pano_camera5/frame_0375_hp_preview.jpg
-6.578254 1.469836 -2.694753 230 57 70 R0 pano_camera5/frame_0376_hp_preview.jpg
-6.754845 1.475929 -2.603905 230 57 70 R0 pano_camera5/frame_0377_hp_preview.jpg
-7.262221 1.506397 -2.221576 230 57 70 R0 pano_camera5/frame_0378_hp_preview.jpg
-7.380191 1.497133 -2.074604 230 57 70 R0 pano_camera5/frame_0379_hp_preview.jpg
-7.499629 1.495858 -1.849045 230 57 70 R0 pano_camera5/frame_0380_hp_preview.jpg
-7.561927 1.376604 -1.828279 230 57 70 R0 pano_camera5/frame_0381_hp_preview.jpg
-7.588789 1.247673 -1.676442 230 57 70 R0 pano_camera5/frame_0382_hp_preview.jpg
-7.544837 1.453370 -1.411409 230 57 70 R0 pano_camera5/frame_0383_hp_preview.jpg
-7.515450 1.466889 -1.413064 230 57 70 R0 pano_camera5/frame_0384_hp_preview.jpg
-7.356886 1.478748 -1.213842 230 57 70 R0 pano_camera5/frame_0385_hp_preview.jpg
-7.044601 1.489508 -0.768602 230 57 70 R0 pano_camera5/frame_0386_hp_preview.jpg
-6.921606 1.489237 -0.548549 230 57 70 R0 pano_camera5/frame_0387_hp_preview.jpg
-6.475482 1.492353 0.099213 230 57 70 R0 pano_camera5/frame_0388_hp_preview.jpg
-6.157362 1.485064 0.490595 230 57 70 R0 pano_camera5/frame_0389_hp_preview.jpg
-6.013056 1.474730 0.635368 230 57 70 R0 pano_camera5/frame_0390_hp_preview.jpg
-5.600693 1.479672 0.830573 230 57 70 R0 pano_camera5/frame_0391_hp_preview.jpg
-5.515793 1.475958 0.786954 230 57 70 R0 pano_camera5/frame_0392_hp_preview.jpg
-5.554292 1.475055 0.597511 230 57 70 R0 pano_camera5/frame_0393_hp_preview.jpg
-5.724430 1.466251 0.452984 230 57 70 R0 pano_camera5/frame_0394_hp_preview.jpg
-6.017305 1.459954 0.220713 230 57 70 R0 pano_camera5/frame_0395_hp_preview.jpg
-6.224453 1.459855 -0.106839 230 57 70 R0 pano_camera5/frame_0396_hp_preview.jpg
-6.022417 1.476755 -0.528791 230 57 70 R0 pano_camera5/frame_0397_hp_preview.jpg
-5.884834 1.473327 -0.629695 230 57 70 R0 pano_camera5/frame_0398_hp_preview.jpg
-5.406345 1.477048 -0.644006 230 57 70 R0 pano_camera5/frame_0399_hp_preview.jpg
-5.033322 1.462623 -0.285928 230 57 70 R0 pano_camera5/frame_0400_hp_preview.jpg
-4.760939 1.460858 0.016460 230 57 70 R0 pano_camera5/frame_0401_hp_preview.jpg
-4.740706 1.459978 0.035011 230 57 70 R0 pano_camera5/frame_0402_hp_preview.jpg
-4.487751 1.456131 0.325358 230 57 70 R0 pano_camera5/frame_0403_hp_preview.jpg
-3.966916 1.454208 0.323920 230 57 70 R0 pano_camera5/frame_0404_hp_preview.jpg
-3.938017 1.460105 0.294329 230 57 70 R0 pano_camera5/frame_0405_hp_preview.jpg
-3.779469 1.467388 -0.161803 230 57 70 R0 pano_camera5/frame_0406_hp_preview.jpg
-4.039759 1.452643 -0.524469 230 57 70 R0 pano_camera5/frame_0407_hp_preview.jpg
-4.183015 1.455839 -0.709570 230 57 70 R0 pano_camera5/frame_0408_hp_preview.jpg
-4.293459 1.448853 -0.842222 230 57 70 R0 pano_camera5/frame_0409_hp_preview.jpg
-4.400337 1.462548 -1.188621 230 57 70 R0 pano_camera5/frame_0410_hp_preview.jpg
-4.072494 1.450572 -1.722183 230 57 70 R0 pano_camera5/frame_0411_hp_preview.jpg
-4.010265 1.442197 -1.779053 230 57 70 R0 pano_camera5/frame_0412_hp_preview.jpg
-3.876419 1.444487 -1.960248 230 57 70 R0 pano_camera5/frame_0413_hp_preview.jpg
-3.897421 1.446772 -1.965783 230 57 70 R0 pano_camera5/frame_0414_hp_preview.jpg
-3.898890 1.447114 -1.964338 230 57 70 R0 pano_camera5/frame_0415_hp_preview.jpg
-3.895397 1.442537 -1.965717 230 57 70 R0 pano_camera5/frame_0416_hp_preview.jpg
2.878744 0.054924 0.222824 230 57 70 R0 pano_camera6/frame_0140_hp_preview.jpg
3.005104 0.062449 0.351617 230 57 70 R0 pano_camera6/frame_0141_hp_preview.jpg
3.220937 0.061987 0.594487 230 57 70 R0 pano_camera6/frame_0142_hp_preview.jpg
3.376829 0.062307 0.694644 230 57 70 R0 pano_camera6/frame_0143_hp_preview.jpg
3.552935 0.078898 0.644563 230 57 70 R0 pano_camera6/frame_0144_hp_preview.jpg
3.613064 0.082549 0.468483 230 57 70 R0 pano_camera6/frame_0145_hp_preview.jpg
2.749535 0.066391 0.648415 230 57 70 R0 pano_camera6/frame_0157_hp_preview.jpg
2.610933 0.068892 0.732946 230 57 70 R0 pano_camera6/frame_0158_hp_preview.jpg
2.560798 0.074386 0.830129 230 57 70 R0 pano_camera6/frame_0159_hp_preview.jpg
2.305931 0.068100 1.436272 230 57 70 R0 pano_camera6/frame_0160_hp_preview.jpg
2.095837 0.066812 1.696147 230 57 70 R0 pano_camera6/frame_0161_hp_preview.jpg
1.791601 0.080353 1.982086 230 57 70 R0 pano_camera6/frame_0162_hp_preview.jpg
1.582572 0.086330 2.139700 230 57 70 R0 pano_camera6/frame_0163_hp_preview.jpg
1.355950 0.095934 2.279594 230 57 70 R0 pano_camera6/frame_0164_hp_preview.jpg
0.958712 0.097017 2.262554 230 57 70 R0 pano_camera6/frame_0165_hp_preview.jpg
0.799006 0.094101 2.127874 230 57 70 R0 pano_camera6/frame_0166_hp_preview.jpg
0.555941 0.093860 1.765549 230 57 70 R0 pano_camera6/frame_0167_hp_preview.jpg
0.612129 0.085125 1.379476 230 57 70 R0 pano_camera6/frame_0168_hp_preview.jpg
0.703242 0.094951 1.264211 230 57 70 R0 pano_camera6/frame_0169_hp_preview.jpg
1.244372 0.075358 0.737776 230 57 70 R0 pano_camera6/frame_0170_hp_preview.jpg
1.317628 0.088539 0.668925 230 57 70 R0 pano_camera6/frame_0171_hp_preview.jpg
1.660603 0.070106 0.346956 230 57 70 R0 pano_camera6/frame_0172_hp_preview.jpg
1.741766 0.074815 -0.032498 230 57 70 R0 pano_camera6/frame_0173_hp_preview.jpg
1.540928 0.078064 -0.370376 230 57 70 R0 pano_camera6/frame_0174_hp_preview.jpg
1.531870 0.080974 -0.375982 230 57 70 R0 pano_camera6/frame_0175_hp_preview.jpg
1.101633 0.074214 -0.474682 230 57 70 R0 pano_camera6/frame_0176_hp_preview.jpg
0.856987 0.084426 -0.428709 230 57 70 R0 pano_camera6/frame_0177_hp_preview.jpg
0.394964 0.083837 -0.415737 230 57 70 R0 pano_camera6/frame_0178_hp_preview.jpg
0.076176 0.084565 -0.667419 230 57 70 R0 pano_camera6/frame_0179_hp_preview.jpg
0.036067 0.081547 -0.861466 230 57 70 R0 pano_camera6/frame_0180_hp_preview.jpg
0.170613 0.064009 -1.097735 230 57 70 R0 pano_camera6/frame_0181_hp_preview.jpg
0.367490 0.059538 -1.257050 230 57 70 R0 pano_camera6/frame_0182_hp_preview.jpg
0.595447 0.066120 -1.573921 230 57 70 R0 pano_camera6/frame_0183_hp_preview.jpg
0.445507 0.053789 -1.724032 230 57 70 R0 pano_camera6/frame_0184_hp_preview.jpg
0.291308 0.055758 -1.676802 230 57 70 R0 pano_camera6/frame_0185_hp_preview.jpg
0.096791 0.052900 -1.534842 230 57 70 R0 pano_camera6/frame_0186_hp_preview.jpg
-0.103339 0.055580 -1.401356 230 57 70 R0 pano_camera6/frame_0187_hp_preview.jpg
-0.404070 0.060086 -1.299852 230 57 70 R0 pano_camera6/frame_0188_hp_preview.jpg
-0.706396 0.061095 -1.391022 230 57 70 R0 pano_camera6/frame_0189_hp_preview.jpg
-0.737056 0.066617 -1.410471 230 57 70 R0 pano_camera6/frame_0190_hp_preview.jpg
-0.901842 0.067051 -1.626842 230 57 70 R0 pano_camera6/frame_0191_hp_preview.jpg
-0.900002 0.066870 -1.986793 230 57 70 R0 pano_camera6/frame_0192_hp_preview.jpg
-0.765824 0.056853 -2.236454 230 57 70 R0 pano_camera6/frame_0193_hp_preview.jpg
-0.542574 0.043588 -2.517015 230 57 70 R0 pano_camera6/frame_0194_hp_preview.jpg
-0.401903 0.046223 -2.728461 230 57 70 R0 pano_camera6/frame_0195_hp_preview.jpg
-0.427734 0.032328 -2.932985 230 57 70 R0 pano_camera6/frame_0196_hp_preview.jpg
-0.623240 0.031901 -3.307107 230 57 70 R0 pano_camera6/frame_0197_hp_preview.jpg
-0.995603 0.045520 -3.791746 230 57 70 R0 pano_camera6/frame_0198_hp_preview.jpg
-1.104524 0.050378 -3.933612 230 57 70 R0 pano_camera6/frame_0199_hp_preview.jpg
-1.721546 0.080687 -4.507984 230 57 70 R0 pano_camera6/frame_0200_hp_preview.jpg
-1.712540 0.125018 -4.602404 230 57 70 R0 pano_camera6/frame_0201_hp_preview.jpg
-1.760393 0.058176 -3.365942 230 57 70 R0 pano_camera6/frame_0226_hp_preview.jpg
-2.379670 0.072057 -2.099824 230 57 70 R0 pano_camera6/frame_0240_hp_preview.jpg
-2.365718 0.064941 -2.033852 230 57 70 R0 pano_camera6/frame_0241_hp_preview.jpg
-2.471917 0.061823 -1.757579 230 57 70 R0 pano_camera6/frame_0242_hp_preview.jpg
-2.355633 0.059782 -1.594036 230 57 70 R0 pano_camera6/frame_0243_hp_preview.jpg
-2.142095 0.056150 -1.606932 230 57 70 R0 pano_camera6/frame_0244_hp_preview.jpg
-2.038877 0.052267 -1.588058 230 57 70 R0 pano_camera6/frame_0245_hp_preview.jpg
-1.767799 0.026125 -1.522407 230 57 70 R0 pano_camera6/frame_0246_hp_preview.jpg
-1.639720 0.032026 -1.595488 230 57 70 R0 pano_camera6/frame_0247_hp_preview.jpg
-1.324774 0.031304 -1.519705 230 57 70 R0 pano_camera6/frame_0248_hp_preview.jpg
-1.289372 0.029259 -1.499412 230 57 70 R0 pano_camera6/frame_0249_hp_preview.jpg
-0.667357 0.034699 -1.026091 230 57 70 R0 pano_camera6/frame_0250_hp_preview.jpg
-0.657053 0.033290 -1.016454 230 57 70 R0 pano_camera6/frame_0251_hp_preview.jpg
-0.358050 0.046852 -0.591642 230 57 70 R0 pano_camera6/frame_0252_hp_preview.jpg
-0.215175 0.069118 -0.051124 230 57 70 R0 pano_camera6/frame_0253_hp_preview.jpg
-0.490509 0.083878 0.271249 230 57 70 R0 pano_camera6/frame_0254_hp_preview.jpg
-0.533177 0.080796 0.276302 230 57 70 R0 pano_camera6/frame_0255_hp_preview.jpg
-0.961352 0.116601 -0.084286 230 57 70 R0 pano_camera6/frame_0256_hp_preview.jpg
-1.090232 0.241372 -0.260372 230 57 70 R0 pano_camera6/frame_0257_hp_preview.jpg
-1.139318 0.322132 -0.328100 230 57 70 R0 pano_camera6/frame_0258_hp_preview.jpg
-1.216691 0.394584 -0.452739 230 57 70 R0 pano_camera6/frame_0259_hp_preview.jpg
-1.396053 0.640740 -0.728976 230 57 70 R0 pano_camera6/frame_0260_hp_preview.jpg
-1.398647 0.643400 -0.735293 230 57 70 R0 pano_camera6/frame_0261_hp_preview.jpg
-1.609833 0.898580 -1.001917 230 57 70 R0 pano_camera6/frame_0262_hp_preview.jpg
-1.620316 0.907840 -1.008742 230 57 70 R0 pano_camera6/frame_0263_hp_preview.jpg
-1.725128 1.049732 -1.148425 230 57 70 R0 pano_camera6/frame_0264_hp_preview.jpg
-1.886277 1.224711 -1.357645 230 57 70 R0 pano_camera6/frame_0265_hp_preview.jpg
-1.930758 1.356738 -1.585434 230 57 70 R0 pano_camera6/frame_0266_hp_preview.jpg
-1.915887 1.430530 -1.795010 230 57 70 R0 pano_camera6/frame_0267_hp_preview.jpg
-1.711841 1.422783 -2.025131 230 57 70 R0 pano_camera6/frame_0268_hp_preview.jpg
-1.334951 1.427095 -2.386176 230 57 70 R0 pano_camera6/frame_0269_hp_preview.jpg
-1.147243 1.443991 -2.539332 230 57 70 R0 pano_camera6/frame_0270_hp_preview.jpg
-0.776821 1.436030 -2.797059 230 57 70 R0 pano_camera6/frame_0271_hp_preview.jpg
-0.433765 1.437801 -3.043108 230 57 70 R0 pano_camera6/frame_0272_hp_preview.jpg
-0.249170 1.446933 -3.187903 230 57 70 R0 pano_camera6/frame_0273_hp_preview.jpg
0.343725 1.439029 -3.629144 230 57 70 R0 pano_camera6/frame_0274_hp_preview.jpg
0.402503 1.442477 -3.684967 230 57 70 R0 pano_camera6/frame_0275_hp_preview.jpg
0.878082 1.443303 -4.052883 230 57 70 R0 pano_camera6/frame_0276_hp_preview.jpg
1.017876 1.447920 -4.178692 230 57 70 R0 pano_camera6/frame_0277_hp_preview.jpg
1.440358 1.462550 -4.581337 230 57 70 R0 pano_camera6/frame_0278_hp_preview.jpg
1.679506 1.458652 -4.748925 230 57 70 R0 pano_camera6/frame_0279_hp_preview.jpg
2.268992 1.460561 -5.244128 230 57 70 R0 pano_camera6/frame_0280_hp_preview.jpg
2.382452 1.457844 -5.324977 230 57 70 R0 pano_camera6/frame_0281_hp_preview.jpg
2.535593 1.452283 -5.476678 230 57 70 R0 pano_camera6/frame_0282_hp_preview.jpg
2.615842 1.448908 -5.710533 230 57 70 R0 pano_camera6/frame_0283_hp_preview.jpg
2.440913 1.438147 -6.099466 230 57 70 R0 pano_camera6/frame_0284_hp_preview.jpg
2.404009 1.435637 -6.126307 230 57 70 R0 pano_camera6/frame_0285_hp_preview.jpg
2.150928 1.434011 -6.334255 230 57 70 R0 pano_camera6/frame_0286_hp_preview.jpg
1.950628 1.448837 -6.344091 230 57 70 R0 pano_camera6/frame_0287_hp_preview.jpg
1.689580 1.458378 -6.361685 230 57 70 R0 pano_camera6/frame_0288_hp_preview.jpg
1.535424 1.463759 -6.439140 230 57 70 R0 pano_camera6/frame_0289_hp_preview.jpg
1.431765 1.460860 -6.694140 230 57 70 R0 pano_camera6/frame_0290_hp_preview.jpg
1.340868 1.448421 -7.243027 230 57 70 R0 pano_camera6/frame_0291_hp_preview.jpg
1.277938 1.447205 -7.456249 230 57 70 R0 pano_camera6/frame_0292_hp_preview.jpg
1.237063 1.441230 -7.633897 230 57 70 R0 pano_camera6/frame_0293_hp_preview.jpg
0.781388 1.425003 -8.083733 230 57 70 R0 pano_camera6/frame_0294_hp_preview.jpg
0.731373 1.426217 -8.096310 230 57 70 R0 pano_camera6/frame_0295_hp_preview.jpg
0.187729 1.421746 -7.909059 230 57 70 R0 pano_camera6/frame_0296_hp_preview.jpg
0.084512 1.428813 -7.564229 230 57 70 R0 pano_camera6/frame_0297_hp_preview.jpg
0.054011 1.418676 -7.254404 230 57 70 R0 pano_camera6/frame_0298_hp_preview.jpg
0.039675 1.425677 -7.012430 230 57 70 R0 pano_camera6/frame_0299_hp_preview.jpg
0.004080 1.432983 -6.550570 230 57 70 R0 pano_camera6/frame_0300_hp_preview.jpg
-0.001634 1.419579 -6.230624 230 57 70 R0 pano_camera6/frame_0301_hp_preview.jpg
0.025636 1.416832 -5.909207 230 57 70 R0 pano_camera6/frame_0302_hp_preview.jpg
0.135580 1.431671 -5.470160 230 57 70 R0 pano_camera6/frame_0303_hp_preview.jpg
0.183007 1.427950 -5.245760 230 57 70 R0 pano_camera6/frame_0304_hp_preview.jpg
0.241649 1.424743 -4.716748 230 57 70 R0 pano_camera6/frame_0305_hp_preview.jpg
0.174308 1.417866 -4.191643 230 57 70 R0 pano_camera6/frame_0306_hp_preview.jpg
0.072154 1.413725 -3.859282 230 57 70 R0 pano_camera6/frame_0307_hp_preview.jpg
0.025828 1.419989 -3.782939 230 57 70 R0 pano_camera6/frame_0308_hp_preview.jpg
-0.361261 1.422725 -3.502458 230 57 70 R0 pano_camera6/frame_0309_hp_preview.jpg
-0.829430 1.435010 -3.513734 230 57 70 R0 pano_camera6/frame_0310_hp_preview.jpg
-1.057554 1.421261 -3.737074 230 57 70 R0 pano_camera6/frame_0311_hp_preview.jpg
-1.221579 1.431127 -4.153901 230 57 70 R0 pano_camera6/frame_0312_hp_preview.jpg
-1.286415 1.430932 -4.466061 230 57 70 R0 pano_camera6/frame_0313_hp_preview.jpg
-1.316766 1.429206 -4.748200 230 57 70 R0 pano_camera6/frame_0314_hp_preview.jpg
-1.409192 1.428861 -5.435879 230 57 70 R0 pano_camera6/frame_0315_hp_preview.jpg
-1.420597 1.432467 -5.485926 230 57 70 R0 pano_camera6/frame_0316_hp_preview.jpg
-1.530703 1.421293 -5.923743 230 57 70 R0 pano_camera6/frame_0317_hp_preview.jpg
-1.804063 1.410418 -6.320414 230 57 70 R0 pano_camera6/frame_0318_hp_preview.jpg
-1.930834 1.411414 -6.331847 230 57 70 R0 pano_camera6/frame_0319_hp_preview.jpg
-2.276331 1.432923 -6.239065 230 57 70 R0 pano_camera6/frame_0320_hp_preview.jpg
-2.805069 1.437869 -5.765012 230 57 70 R0 pano_camera6/frame_0321_hp_preview.jpg
-2.833557 1.437285 -5.732936 230 57 70 R0 pano_camera6/frame_0322_hp_preview.jpg
-2.953953 1.426274 -5.267873 230 57 70 R0 pano_camera6/frame_0323_hp_preview.jpg
-2.901416 1.437351 -4.791443 230 57 70 R0 pano_camera6/frame_0324_hp_preview.jpg
-2.908245 1.429979 -4.743120 230 57 70 R0 pano_camera6/frame_0325_hp_preview.jpg
-3.130244 1.426807 -4.295926 230 57 70 R0 pano_camera6/frame_0326_hp_preview.jpg
-3.395900 1.424305 -4.248850 230 57 70 R0 pano_camera6/frame_0327_hp_preview.jpg
-3.530046 1.433114 -4.290012 230 57 70 R0 pano_camera6/frame_0328_hp_preview.jpg
-3.721874 1.436491 -4.429567 230 57 70 R0 pano_camera6/frame_0329_hp_preview.jpg
-4.074264 1.440935 -4.564564 230 57 70 R0 pano_camera6/frame_0330_hp_preview.jpg
-4.191607 1.439628 -4.476128 230 57 70 R0 pano_camera6/frame_0331_hp_preview.jpg
-4.044275 1.430981 -4.074446 230 57 70 R0 pano_camera6/frame_0332_hp_preview.jpg
-3.874144 1.423924 -3.944067 230 57 70 R0 pano_camera6/frame_0333_hp_preview.jpg
-3.610201 1.422120 -3.658954 230 57 70 R0 pano_camera6/frame_0334_hp_preview.jpg
-3.510022 1.425712 -3.479773 230 57 70 R0 pano_camera6/frame_0335_hp_preview.jpg
-3.389166 1.417765 -3.285411 230 57 70 R0 pano_camera6/frame_0336_hp_preview.jpg
-3.167213 1.411605 -2.823824 230 57 70 R0 pano_camera6/frame_0337_hp_preview.jpg
-3.059133 1.415809 -2.591792 230 57 70 R0 pano_camera6/frame_0338_hp_preview.jpg
-2.826818 1.412954 -1.975863 230 57 70 R0 pano_camera6/frame_0339_hp_preview.jpg
-2.734983 1.440417 -1.570485 230 57 70 R0 pano_camera6/frame_0340_hp_preview.jpg
-2.703366 1.434757 -1.463450 230 57 70 R0 pano_camera6/frame_0341_hp_preview.jpg
-2.578347 1.438120 -1.157698 230 57 70 R0 pano_camera6/frame_0342_hp_preview.jpg
-2.348608 1.445273 -0.805903 230 57 70 R0 pano_camera6/frame_0343_hp_preview.jpg
-2.396490 1.454841 -0.458745 230 57 70 R0 pano_camera6/frame_0344_hp_preview.jpg
-2.647620 1.455518 -0.544333 230 57 70 R0 pano_camera6/frame_0345_hp_preview.jpg
-2.842718 1.449798 -0.730898 230 57 70 R0 pano_camera6/frame_0346_hp_preview.jpg
-2.942128 1.447676 -0.939302 230 57 70 R0 pano_camera6/frame_0347_hp_preview.jpg
-3.064672 1.447227 -1.170804 230 57 70 R0 pano_camera6/frame_0348_hp_preview.jpg
-3.355959 1.433920 -1.718727 230 57 70 R0 pano_camera6/frame_0349_hp_preview.jpg
-3.550782 1.419590 -1.929097 230 57 70 R0 pano_camera6/frame_0350_hp_preview.jpg
-3.703699 1.414236 -2.078651 230 57 70 R0 pano_camera6/frame_0351_hp_preview.jpg
-4.142922 1.415733 -2.286777 230 57 70 R0 pano_camera6/frame_0352_hp_preview.jpg
-4.364445 1.429064 -2.321010 230 57 70 R0 pano_camera6/frame_0353_hp_preview.jpg
-4.722586 1.433661 -2.497647 230 57 70 R0 pano_camera6/frame_0354_hp_preview.jpg
-4.836061 1.444793 -2.676408 230 57 70 R0 pano_camera6/frame_0355_hp_preview.jpg
-4.753302 1.450734 -3.094418 230 57 70 R0 pano_camera6/frame_0356_hp_preview.jpg
-4.677550 1.434833 -3.384572 230 57 70 R0 pano_camera6/frame_0357_hp_preview.jpg
-4.633019 1.415778 -3.466966 230 57 70 R0 pano_camera6/frame_0358_hp_preview.jpg
-4.601278 1.406580 -3.489682 230 57 70 R0 pano_camera6/frame_0359_hp_preview.jpg
-4.648785 1.421615 -3.496213 230 57 70 R0 pano_camera6/frame_0360_hp_preview.jpg
-4.648860 1.420548 -3.500413 230 57 70 R0 pano_camera6/frame_0361_hp_preview.jpg
-4.755989 1.427484 -3.768075 230 57 70 R0 pano_camera6/frame_0362_hp_preview.jpg
-4.888304 1.431944 -3.827389 230 57 70 R0 pano_camera6/frame_0363_hp_preview.jpg
-5.148960 1.461203 -3.847280 230 57 70 R0 pano_camera6/frame_0364_hp_preview.jpg
-5.230429 1.463597 -3.793677 230 57 70 R0 pano_camera6/frame_0365_hp_preview.jpg
-5.279704 1.457383 -3.396247 230 57 70 R0 pano_camera6/frame_0366_hp_preview.jpg
-5.257138 1.454444 -3.335955 230 57 70 R0 pano_camera6/frame_0367_hp_preview.jpg
-5.120368 1.443045 -3.031484 230 57 70 R0 pano_camera6/frame_0368_hp_preview.jpg
-4.827538 1.443083 -2.407250 230 57 70 R0 pano_camera6/frame_0369_hp_preview.jpg
-4.840449 1.415587 -2.203901 230 57 70 R0 pano_camera6/frame_0370_hp_preview.jpg
-4.980493 1.447167 -2.064935 230 57 70 R0 pano_camera6/frame_0371_hp_preview.jpg
-5.307263 1.443195 -2.128481 230 57 70 R0 pano_camera6/frame_0372_hp_preview.jpg
-5.557101 1.452694 -2.384206 230 57 70 R0 pano_camera6/frame_0373_hp_preview.jpg
-6.162845 1.448885 -2.752715 230 57 70 R0 pano_camera6/frame_0374_hp_preview.jpg
-6.354848 1.458210 -2.766252 230 57 70 R0 pano_camera6/frame_0375_hp_preview.jpg
-6.578254 1.469836 -2.694753 230 57 70 R0 pano_camera6/frame_0376_hp_preview.jpg
-6.754845 1.475929 -2.603905 230 57 70 R0 pano_camera6/frame_0377_hp_preview.jpg
-7.262221 1.506397 -2.221576 230 57 70 R0 pano_camera6/frame_0378_hp_preview.jpg
-7.380191 1.497133 -2.074604 230 57 70 R0 pano_camera6/frame_0379_hp_preview.jpg
-7.499629 1.495858 -1.849045 230 57 70 R0 pano_camera6/frame_0380_hp_preview.jpg
-7.561927 1.376604 -1.828279 230 57 70 R0 pano_camera6/frame_0381_hp_preview.jpg
-7.588789 1.247673 -1.676442 230 57 70 R0 pano_camera6/frame_0382_hp_preview.jpg
-7.544837 1.453370 -1.411409 230 57 70 R0 pano_camera6/frame_0383_hp_preview.jpg
-7.515450 1.466889 -1.413064 230 57 70 R0 pano_camera6/frame_0384_hp_preview.jpg
-7.356886 1.478748 -1.213842 230 57 70 R0 pano_camera6/frame_0385_hp_preview.jpg
-7.044601 1.489508 -0.768602 230 57 70 R0 pano_camera6/frame_0386_hp_preview.jpg
-6.921606 1.489237 -0.548549 230 57 70 R0 pano_camera6/frame_0387_hp_preview.jpg
-6.475482 1.492353 0.099213 230 57 70 R0 pano_camera6/frame_0388_hp_preview.jpg
-6.157362 1.485064 0.490595 230 57 70 R0 pano_camera6/frame_0389_hp_preview.jpg
-6.013056 1.474730 0.635368 230 57 70 R0 pano_camera6/frame_0390_hp_preview.jpg
-5.600693 1.479672 0.830573 230 57 70 R0 pano_camera6/frame_0391_hp_preview.jpg
-5.515793 1.475958 0.786954 230 57 70 R0 pano_camera6/frame_0392_hp_preview.jpg
-5.554292 1.475055 0.597511 230 57 70 R0 pano_camera6/frame_0393_hp_preview.jpg
-5.724430 1.466251 0.452984 230 57 70 R0 pano_camera6/frame_0394_hp_preview.jpg
-6.017305 1.459954 0.220713 230 57 70 R0 pano_camera6/frame_0395_hp_preview.jpg
-6.224453 1.459855 -0.106839 230 57 70 R0 pano_camera6/frame_0396_hp_preview.jpg
-6.022417 1.476755 -0.528791 230 57 70 R0 pano_camera6/frame_0397_hp_preview.jpg
-5.884834 1.473327 -0.629695 230 57 70 R0 pano_camera6/frame_0398_hp_preview.jpg
-5.406345 1.477048 -0.644006 230 57 70 R0 pano_camera6/frame_0399_hp_preview.jpg
-5.033322 1.462623 -0.285928 230 57 70 R0 pano_camera6/frame_0400_hp_preview.jpg
-4.760939 1.460858 0.016460 230 57 70 R0 pano_camera6/frame_0401_hp_preview.jpg
-4.740706 1.459978 0.035011 230 57 70 R0 pano_camera6/frame_0402_hp_preview.jpg
-4.487751 1.456131 0.325358 230 57 70 R0 pano_camera6/frame_0403_hp_preview.jpg
-3.966916 1.454208 0.323920 230 57 70 R0 pano_camera6/frame_0404_hp_preview.jpg
-3.938017 1.460105 0.294329 230 57 70 R0 pano_camera6/frame_0405_hp_preview.jpg
-3.779469 1.467388 -0.161803 230 57 70 R0 pano_camera6/frame_0406_hp_preview.jpg
-4.039759 1.452643 -0.524469 230 57 70 R0 pano_camera6/frame_0407_hp_preview.jpg
-4.183015 1.455839 -0.709570 230 57 70 R0 pano_camera6/frame_0408_hp_preview.jpg
-4.293459 1.448853 -0.842222 230 57 70 R0 pano_camera6/frame_0409_hp_preview.jpg
-4.400337 1.462548 -1.188621 230 57 70 R0 pano_camera6/frame_0410_hp_preview.jpg
-4.072494 1.450572 -1.722183 230 57 70 R0 pano_camera6/frame_0411_hp_preview.jpg
-4.010265 1.442197 -1.779053 230 57 70 R0 pano_camera6/frame_0412_hp_preview.jpg
-3.876419 1.444487 -1.960248 230 57 70 R0 pano_camera6/frame_0413_hp_preview.jpg
-3.897421 1.446772 -1.965783 230 57 70 R0 pano_camera6/frame_0414_hp_preview.jpg
-3.898890 1.447114 -1.964338 230 57 70 R0 pano_camera6/frame_0415_hp_preview.jpg
-3.895397 1.442537 -1.965717 230 57 70 R0 pano_camera6/frame_0416_hp_preview.jpg
2.878744 0.054924 0.222824 230 57 70 R0 pano_camera7/frame_0140_hp_preview.jpg
3.005104 0.062449 0.351617 230 57 70 R0 pano_camera7/frame_0141_hp_preview.jpg
3.220937 0.061987 0.594487 230 57 70 R0 pano_camera7/frame_0142_hp_preview.jpg
3.376829 0.062307 0.694644 230 57 70 R0 pano_camera7/frame_0143_hp_preview.jpg
3.552935 0.078898 0.644563 230 57 70 R0 pano_camera7/frame_0144_hp_preview.jpg
3.613064 0.082549 0.468483 230 57 70 R0 pano_camera7/frame_0145_hp_preview.jpg
2.749535 0.066391 0.648415 230 57 70 R0 pano_camera7/frame_0157_hp_preview.jpg
2.610933 0.068892 0.732946 230 57 70 R0 pano_camera7/frame_0158_hp_preview.jpg
2.560798 0.074386 0.830129 230 57 70 R0 pano_camera7/frame_0159_hp_preview.jpg
2.305931 0.068100 1.436272 230 57 70 R0 pano_camera7/frame_0160_hp_preview.jpg
2.095837 0.066812 1.696147 230 57 70 R0 pano_camera7/frame_0161_hp_preview.jpg
1.791601 0.080353 1.982086 230 57 70 R0 pano_camera7/frame_0162_hp_preview.jpg
1.582572 0.086330 2.139700 230 57 70 R0 pano_camera7/frame_0163_hp_preview.jpg
1.355950 0.095934 2.279594 230 57 70 R0 pano_camera7/frame_0164_hp_preview.jpg
0.958712 0.097017 2.262554 230 57 70 R0 pano_camera7/frame_0165_hp_preview.jpg
0.799006 0.094101 2.127874 230 57 70 R0 pano_camera7/frame_0166_hp_preview.jpg
0.555941 0.093860 1.765549 230 57 70 R0 pano_camera7/frame_0167_hp_preview.jpg
0.612129 0.085125 1.379476 230 57 70 R0 pano_camera7/frame_0168_hp_preview.jpg
0.703242 0.094951 1.264211 230 57 70 R0 pano_camera7/frame_0169_hp_preview.jpg
1.244372 0.075358 0.737776 230 57 70 R0 pano_camera7/frame_0170_hp_preview.jpg
1.317628 0.088539 0.668925 230 57 70 R0 pano_camera7/frame_0171_hp_preview.jpg
1.660603 0.070106 0.346956 230 57 70 R0 pano_camera7/frame_0172_hp_preview.jpg
1.741766 0.074815 -0.032498 230 57 70 R0 pano_camera7/frame_0173_hp_preview.jpg
1.540928 0.078064 -0.370376 230 57 70 R0 pano_camera7/frame_0174_hp_preview.jpg
1.531870 0.080974 -0.375982 230 57 70 R0 pano_camera7/frame_0175_hp_preview.jpg
1.101633 0.074214 -0.474682 230 57 70 R0 pano_camera7/frame_0176_hp_preview.jpg
0.856987 0.084426 -0.428709 230 57 70 R0 pano_camera7/frame_0177_hp_preview.jpg
0.394964 0.083837 -0.415737 230 57 70 R0 pano_camera7/frame_0178_hp_preview.jpg
0.076176 0.084565 -0.667419 230 57 70 R0 pano_camera7/frame_0179_hp_preview.jpg
0.036067 0.081547 -0.861466 230 57 70 R0 pano_camera7/frame_0180_hp_preview.jpg
0.170613 0.064009 -1.097735 230 57 70 R0 pano_camera7/frame_0181_hp_preview.jpg
0.367490 0.059538 -1.257050 230 57 70 R0 pano_camera7/frame_0182_hp_preview.jpg
0.595447 0.066120 -1.573921 230 57 70 R0 pano_camera7/frame_0183_hp_preview.jpg
0.445507 0.053789 -1.724032 230 57 70 R0 pano_camera7/frame_0184_hp_preview.jpg
0.291308 0.055758 -1.676802 230 57 70 R0 pano_camera7/frame_0185_hp_preview.jpg
0.096791 0.052900 -1.534842 230 57 70 R0 pano_camera7/frame_0186_hp_preview.jpg
-0.103339 0.055580 -1.401356 230 57 70 R0 pano_camera7/frame_0187_hp_preview.jpg
-0.404070 0.060086 -1.299852 230 57 70 R0 pano_camera7/frame_0188_hp_preview.jpg
-0.706396 0.061095 -1.391022 230 57 70 R0 pano_camera7/frame_0189_hp_preview.jpg
-0.737056 0.066617 -1.410471 230 57 70 R0 pano_camera7/frame_0190_hp_preview.jpg
-0.901842 0.067051 -1.626842 230 57 70 R0 pano_camera7/frame_0191_hp_preview.jpg
-0.900002 0.066870 -1.986793 230 57 70 R0 pano_camera7/frame_0192_hp_preview.jpg
-0.765824 0.056853 -2.236454 230 57 70 R0 pano_camera7/frame_0193_hp_preview.jpg
-0.542574 0.043588 -2.517015 230 57 70 R0 pano_camera7/frame_0194_hp_preview.jpg
-0.401903 0.046223 -2.728461 230 57 70 R0 pano_camera7/frame_0195_hp_preview.jpg
-0.427734 0.032328 -2.932985 230 57 70 R0 pano_camera7/frame_0196_hp_preview.jpg
-0.623240 0.031901 -3.307107 230 57 70 R0 pano_camera7/frame_0197_hp_preview.jpg
-0.995603 0.045520 -3.791746 230 57 70 R0 pano_camera7/frame_0198_hp_preview.jpg
-1.104524 0.050378 -3.933612 230 57 70 R0 pano_camera7/frame_0199_hp_preview.jpg
-1.721546 0.080687 -4.507984 230 57 70 R0 pano_camera7/frame_0200_hp_preview.jpg
-1.712540 0.125018 -4.602404 230 57 70 R0 pano_camera7/frame_0201_hp_preview.jpg
-1.760393 0.058176 -3.365942 230 57 70 R0 pano_camera7/frame_0226_hp_preview.jpg
-2.379670 0.072057 -2.099824 230 57 70 R0 pano_camera7/frame_0240_hp_preview.jpg
-2.365718 0.064941 -2.033852 230 57 70 R0 pano_camera7/frame_0241_hp_preview.jpg
-2.471917 0.061823 -1.757579 230 57 70 R0 pano_camera7/frame_0242_hp_preview.jpg
-2.355633 0.059782 -1.594036 230 57 70 R0 pano_camera7/frame_0243_hp_preview.jpg
-2.142095 0.056150 -1.606932 230 57 70 R0 pano_camera7/frame_0244_hp_preview.jpg
-2.038877 0.052267 -1.588058 230 57 70 R0 pano_camera7/frame_0245_hp_preview.jpg
-1.767799 0.026125 -1.522407 230 57 70 R0 pano_camera7/frame_0246_hp_preview.jpg
-1.639720 0.032026 -1.595488 230 57 70 R0 pano_camera7/frame_0247_hp_preview.jpg
-1.324774 0.031304 -1.519705 230 57 70 R0 pano_camera7/frame_0248_hp_preview.jpg
-1.289372 0.029259 -1.499412 230 57 70 R0 pano_camera7/frame_0249_hp_preview.jpg
-0.667357 0.034699 -1.026091 230 57 70 R0 pano_camera7/frame_0250_hp_preview.jpg
-0.657053 0.033290 -1.016454 230 57 70 R0 pano_camera7/frame_0251_hp_preview.jpg
-0.358050 0.046852 -0.591642 230 57 70 R0 pano_camera7/frame_0252_hp_preview.jpg
-0.215175 0.069118 -0.051124 230 57 70 R0 pano_camera7/frame_0253_hp_preview.jpg
-0.490509 0.083878 0.271249 230 57 70 R0 pano_camera7/frame_0254_hp_preview.jpg
-0.533177 0.080796 0.276302 230 57 70 R0 pano_camera7/frame_0255_hp_preview.jpg
-0.961352 0.116601 -0.084286 230 57 70 R0 pano_camera7/frame_0256_hp_preview.jpg
-1.090232 0.241372 -0.260372 230 57 70 R0 pano_camera7/frame_0257_hp_preview.jpg
-1.139318 0.322132 -0.328100 230 57 70 R0 pano_camera7/frame_0258_hp_preview.jpg
-1.216691 0.394584 -0.452739 230 57 70 R0 pano_camera7/frame_0259_hp_preview.jpg
-1.396053 0.640740 -0.728976 230 57 70 R0 pano_camera7/frame_0260_hp_preview.jpg
-1.398647 0.643400 -0.735293 230 57 70 R0 pano_camera7/frame_0261_hp_preview.jpg
-1.609833 0.898580 -1.001917 230 57 70 R0 pano_camera7/frame_0262_hp_preview.jpg
-1.620316 0.907840 -1.008742 230 57 70 R0 pano_camera7/frame_0263_hp_preview.jpg
-1.725128 1.049732 -1.148425 230 57 70 R0 pano_camera7/frame_0264_hp_preview.jpg
-1.886277 1.224711 -1.357645 230 57 70 R0 pano_camera7/frame_0265_hp_preview.jpg
-1.930758 1.356738 -1.585434 230 57 70 R0 pano_camera7/frame_0266_hp_preview.jpg
-1.915887 1.430530 -1.795010 230 57 70 R0 pano_camera7/frame_0267_hp_preview.jpg
-1.711841 1.422783 -2.025131 230 57 70 R0 pano_camera7/frame_0268_hp_preview.jpg
-1.334951 1.427095 -2.386176 230 57 70 R0 pano_camera7/frame_0269_hp_preview.jpg
-1.147243 1.443991 -2.539332 230 57 70 R0 pano_camera7/frame_0270_hp_preview.jpg
-0.776821 1.436030 -2.797059 230 57 70 R0 pano_camera7/frame_0271_hp_preview.jpg
-0.433765 1.437801 -3.043108 230 57 70 R0 pano_camera7/frame_0272_hp_preview.jpg
-0.249170 1.446933 -3.187903 230 57 70 R0 pano_camera7/frame_0273_hp_preview.jpg
0.343725 1.439029 -3.629144 230 57 70 R0 pano_camera7/frame_0274_hp_preview.jpg
0.402503 1.442477 -3.684967 230 57 70 R0 pano_camera7/frame_0275_hp_preview.jpg
0.878082 1.443303 -4.052883 230 57 70 R0 pano_camera7/frame_0276_hp_preview.jpg
1.017876 1.447920 -4.178692 230 57 70 R0 pano_camera7/frame_0277_hp_preview.jpg
1.440358 1.462550 -4.581337 230 57 70 R0 pano_camera7/frame_0278_hp_preview.jpg
1.679506 1.458652 -4.748925 230 57 70 R0 pano_camera7/frame_0279_hp_preview.jpg
2.268992 1.460561 -5.244128 230 57 70 R0 pano_camera7/frame_0280_hp_preview.jpg
2.382452 1.457844 -5.324977 230 57 70 R0 pano_camera7/frame_0281_hp_preview.jpg
2.535593 1.452283 -5.476678 230 57 70 R0 pano_camera7/frame_0282_hp_preview.jpg
2.615842 1.448908 -5.710533 230 57 70 R0 pano_camera7/frame_0283_hp_preview.jpg
2.440913 1.438147 -6.099466 230 57 70 R0 pano_camera7/frame_0284_hp_preview.jpg
2.404009 1.435637 -6.126307 230 57 70 R0 pano_camera7/frame_0285_hp_preview.jpg
2.150928 1.434011 -6.334255 230 57 70 R0 pano_camera7/frame_0286_hp_preview.jpg
1.950628 1.448837 -6.344091 230 57 70 R0 pano_camera7/frame_0287_hp_preview.jpg
1.689580 1.458378 -6.361685 230 57 70 R0 pano_camera7/frame_0288_hp_preview.jpg
1.535424 1.463759 -6.439140 230 57 70 R0 pano_camera7/frame_0289_hp_preview.jpg
1.431765 1.460860 -6.694140 230 57 70 R0 pano_camera7/frame_0290_hp_preview.jpg
1.340868 1.448421 -7.243027 230 57 70 R0 pano_camera7/frame_0291_hp_preview.jpg
1.277938 1.447205 -7.456249 230 57 70 R0 pano_camera7/frame_0292_hp_preview.jpg
1.237063 1.441230 -7.633897 230 57 70 R0 pano_camera7/frame_0293_hp_preview.jpg
0.781388 1.425003 -8.083733 230 57 70 R0 pano_camera7/frame_0294_hp_preview.jpg
0.731373 1.426217 -8.096310 230 57 70 R0 pano_camera7/frame_0295_hp_preview.jpg
0.187729 1.421746 -7.909059 230 57 70 R0 pano_camera7/frame_0296_hp_preview.jpg
0.084512 1.428813 -7.564229 230 57 70 R0 pano_camera7/frame_0297_hp_preview.jpg
0.054011 1.418676 -7.254404 230 57 70 R0 pano_camera7/frame_0298_hp_preview.jpg
0.039675 1.425677 -7.012430 230 57 70 R0 pano_camera7/frame_0299_hp_preview.jpg
0.004080 1.432983 -6.550570 230 57 70 R0 pano_camera7/frame_0300_hp_preview.jpg
-0.001634 1.419579 -6.230624 230 57 70 R0 pano_camera7/frame_0301_hp_preview.jpg
0.025636 1.416832 -5.909207 230 57 70 R0 pano_camera7/frame_0302_hp_preview.jpg
0.135580 1.431671 -5.470160 230 57 70 R0 pano_camera7/frame_0303_hp_preview.jpg
0.183007 1.427950 -5.245760 230 57 70 R0 pano_camera7/frame_0304_hp_preview.jpg
0.241649 1.424743 -4.716748 230 57 70 R0 pano_camera7/frame_0305_hp_preview.jpg
0.174308 1.417866 -4.191643 230 57 70 R0 pano_camera7/frame_0306_hp_preview.jpg
0.072154 1.413725 -3.859282 230 57 70 R0 pano_camera7/frame_0307_hp_preview.jpg
0.025828 1.419989 -3.782939 230 57 70 R0 pano_camera7/frame_0308_hp_preview.jpg
-0.361261 1.422725 -3.502458 230 57 70 R0 pano_camera7/frame_0309_hp_preview.jpg
-0.829430 1.435010 -3.513734 230 57 70 R0 pano_camera7/frame_0310_hp_preview.jpg
-1.057554 1.421261 -3.737074 230 57 70 R0 pano_camera7/frame_0311_hp_preview.jpg
-1.221579 1.431127 -4.153901 230 57 70 R0 pano_camera7/frame_0312_hp_preview.jpg
-1.286415 1.430932 -4.466061 230 57 70 R0 pano_camera7/frame_0313_hp_preview.jpg
-1.316766 1.429206 -4.748200 230 57 70 R0 pano_camera7/frame_0314_hp_preview.jpg
-1.409192 1.428861 -5.435879 230 57 70 R0 pano_camera7/frame_0315_hp_preview.jpg
-1.420597 1.432467 -5.485926 230 57 70 R0 pano_camera7/frame_0316_hp_preview.jpg
-1.530703 1.421293 -5.923743 230 57 70 R0 pano_camera7/frame_0317_hp_preview.jpg
-1.804063 1.410418 -6.320414 230 57 70 R0 pano_camera7/frame_0318_hp_preview.jpg
-1.930834 1.411414 -6.331847 230 57 70 R0 pano_camera7/frame_0319_hp_preview.jpg
-2.276331 1.432923 -6.239065 230 57 70 R0 pano_camera7/frame_0320_hp_preview.jpg
-2.805069 1.437869 -5.765012 230 57 70 R0 pano_camera7/frame_0321_hp_preview.jpg
-2.833557 1.437285 -5.732936 230 57 70 R0 pano_camera7/frame_0322_hp_preview.jpg
-2.953953 1.426274 -5.267873 230 57 70 R0 pano_camera7/frame_0323_hp_preview.jpg
-2.901416 1.437351 -4.791443 230 57 70 R0 pano_camera7/frame_0324_hp_preview.jpg
-2.908245 1.429979 -4.743120 230 57 70 R0 pano_camera7/frame_0325_hp_preview.jpg
-3.130244 1.426807 -4.295926 230 57 70 R0 pano_camera7/frame_0326_hp_preview.jpg
-3.395900 1.424305 -4.248850 230 57 70 R0 pano_camera7/frame_0327_hp_preview.jpg
-3.530046 1.433114 -4.290012 230 57 70 R0 pano_camera7/frame_0328_hp_preview.jpg
-3.721874 1.436491 -4.429567 230 57 70 R0 pano_camera7/frame_0329_hp_preview.jpg
-4.074264 1.440935 -4.564564 230 57 70 R0 pano_camera7/frame_0330_hp_preview.jpg
-4.191607 1.439628 -4.476128 230 57 70 R0 pano_camera7/frame_0331_hp_preview.jpg
-4.044275 1.430981 -4.074446 230 57 70 R0 pano_camera7/frame_0332_hp_preview.jpg
-3.874144 1.423924 -3.944067 230 57 70 R0 pano_camera7/frame_0333_hp_preview.jpg
-3.610201 1.422120 -3.658954 230 57 70 R0 pano_camera7/frame_0334_hp_preview.jpg
-3.510022 1.425712 -3.479773 230 57 70 R0 pano_camera7/frame_0335_hp_preview.jpg
-3.389166 1.417765 -3.285411 230 57 70 R0 pano_camera7/frame_0336_hp_preview.jpg
-3.167213 1.411605 -2.823824 230 57 70 R0 pano_camera7/frame_0337_hp_preview.jpg
-3.059133 1.415809 -2.591792 230 57 70 R0 pano_camera7/frame_0338_hp_preview.jpg
-2.826818 1.412954 -1.975863 230 57 70 R0 pano_camera7/frame_0339_hp_preview.jpg
-2.734983 1.440417 -1.570485 230 57 70 R0 pano_camera7/frame_0340_hp_preview.jpg
-2.703366 1.434757 -1.463450 230 57 70 R0 pano_camera7/frame_0341_hp_preview.jpg
-2.578347 1.438120 -1.157698 230 57 70 R0 pano_camera7/frame_0342_hp_preview.jpg
-2.348608 1.445273 -0.805903 230 57 70 R0 pano_camera7/frame_0343_hp_preview.jpg
-2.396490 1.454841 -0.458745 230 57 70 R0 pano_camera7/frame_0344_hp_preview.jpg
-2.647620 1.455518 -0.544333 230 57 70 R0 pano_camera7/frame_0345_hp_preview.jpg
-2.842718 1.449798 -0.730898 230 57 70 R0 pano_camera7/frame_0346_hp_preview.jpg
-2.942128 1.447676 -0.939302 230 57 70 R0 pano_camera7/frame_0347_hp_preview.jpg
-3.064672 1.447227 -1.170804 230 57 70 R0 pano_camera7/frame_0348_hp_preview.jpg
-3.355959 1.433920 -1.718727 230 57 70 R0 pano_camera7/frame_0349_hp_preview.jpg
-3.550782 1.419590 -1.929097 230 57 70 R0 pano_camera7/frame_0350_hp_preview.jpg
-3.703699 1.414236 -2.078651 230 57 70 R0 pano_camera7/frame_0351_hp_preview.jpg
-4.142922 1.415733 -2.286777 230 57 70 R0 pano_camera7/frame_0352_hp_preview.jpg
-4.364445 1.429064 -2.321010 230 57 70 R0 pano_camera7/frame_0353_hp_preview.jpg
-4.722586 1.433661 -2.497647 230 57 70 R0 pano_camera7/frame_0354_hp_preview.jpg
-4.836061 1.444793 -2.676408 230 57 70 R0 pano_camera7/frame_0355_hp_preview.jpg
-4.753302 1.450734 -3.094418 230 57 70 R0 pano_camera7/frame_0356_hp_preview.jpg
-4.677550 1.434833 -3.384572 230 57 70 R0 pano_camera7/frame_0357_hp_preview.jpg
-4.633019 1.415778 -3.466966 230 57 70 R0 pano_camera7/frame_0358_hp_preview.jpg
-4.601278 1.406580 -3.489682 230 57 70 R0 pano_camera7/frame_0359_hp_preview.jpg
-4.648785 1.421615 -3.496213 230 57 70 R0 pano_camera7/frame_0360_hp_preview.jpg
-4.648860 1.420548 -3.500413 230 57 70 R0 pano_camera7/frame_0361_hp_preview.jpg
-4.755989 1.427484 -3.768075 230 57 70 R0 pano_camera7/frame_0362_hp_preview.jpg
-4.888304 1.431944 -3.827389 230 57 70 R0 pano_camera7/frame_0363_hp_preview.jpg
-5.148960 1.461203 -3.847280 230 57 70 R0 pano_camera7/frame_0364_hp_preview.jpg
-5.230429 1.463597 -3.793677 230 57 70 R0 pano_camera7/frame_0365_hp_preview.jpg
-5.279704 1.457383 -3.396247 230 57 70 R0 pano_camera7/frame_0366_hp_preview.jpg
-5.257138 1.454444 -3.335955 230 57 70 R0 pano_camera7/frame_0367_hp_preview.jpg
-5.120368 1.443045 -3.031484 230 57 70 R0 pano_camera7/frame_0368_hp_preview.jpg
-4.827538 1.443083 -2.407250 230 57 70 R0 pano_camera7/frame_0369_hp_preview.jpg
-4.840449 1.415587 -2.203901 230 57 70 R0 pano_camera7/frame_0370_hp_preview.jpg
-4.980493 1.447167 -2.064935 230 57 70 R0 pano_camera7/frame_0371_hp_preview.jpg
-5.307263 1.443195 -2.128481 230 57 70 R0 pano_camera7/frame_0372_hp_preview.jpg
-5.557101 1.452694 -2.384206 230 57 70 R0 pano_camera7/frame_0373_hp_preview.jpg
-6.162845 1.448885 -2.752715 230 57 70 R0 pano_camera7/frame_0374_hp_preview.jpg
-6.354848 1.458210 -2.766252 230 57 70 R0 pano_camera7/frame_0375_hp_preview.jpg
-6.578254 1.469836 -2.694753 230 57 70 R0 pano_camera7/frame_0376_hp_preview.jpg
-6.754845 1.475929 -2.603905 230 57 70 R0 pano_camera7/frame_0377_hp_preview.jpg
-7.262221 1.506397 -2.221576 230 57 70 R0 pano_camera7/frame_0378_hp_preview.jpg
-7.380191 1.497133 -2.074604 230 57 70 R0 pano_camera7/frame_0379_hp_preview.jpg
-7.499629 1.495858 -1.849045 230 57 70 R0 pano_camera7/frame_0380_hp_preview.jpg
-7.561927 1.376604 -1.828279 230 57 70 R0 pano_camera7/frame_0381_hp_preview.jpg
-7.588789 1.247673 -1.676442 230 57 70 R0 pano_camera7/frame_0382_hp_preview.jpg
-7.544837 1.453370 -1.411409 230 57 70 R0 pano_camera7/frame_0383_hp_preview.jpg
-7.515450 1.466889 -1.413064 230 57 70 R0 pano_camera7/frame_0384_hp_preview.jpg
-7.356886 1.478748 -1.213842 230 57 70 R0 pano_camera7/frame_0385_hp_preview.jpg
-7.044601 1.489508 -0.768602 230 57 70 R0 pano_camera7/frame_0386_hp_preview.jpg
-6.921606 1.489237 -0.548549 230 57 70 R0 pano_camera7/frame_0387_hp_preview.jpg
-6.475482 1.492353 0.099213 230 57 70 R0 pano_camera7/frame_0388_hp_preview.jpg
-6.157362 1.485064 0.490595 230 57 70 R0 pano_camera7/frame_0389_hp_preview.jpg
-6.013056 1.474730 0.635368 230 57 70 R0 pano_camera7/frame_0390_hp_preview.jpg
-5.600693 1.479672 0.830573 230 57 70 R0 pano_camera7/frame_0391_hp_preview.jpg
-5.515793 1.475958 0.786954 230 57 70 R0 pano_camera7/frame_0392_hp_preview.jpg
-5.554292 1.475055 0.597511 230 57 70 R0 pano_camera7/frame_0393_hp_preview.jpg
-5.724430 1.466251 0.452984 230 57 70 R0 pano_camera7/frame_0394_hp_preview.jpg
-6.017305 1.459954 0.220713 230 57 70 R0 pano_camera7/frame_0395_hp_preview.jpg
-6.224453 1.459855 -0.106839 230 57 70 R0 pano_camera7/frame_0396_hp_preview.jpg
-6.022417 1.476755 -0.528791 230 57 70 R0 pano_camera7/frame_0397_hp_preview.jpg
-5.884834 1.473327 -0.629695 230 57 70 R0 pano_camera7/frame_0398_hp_preview.jpg
-5.406345 1.477048 -0.644006 230 57 70 R0 pano_camera7/frame_0399_hp_preview.jpg
-5.033322 1.462623 -0.285928 230 57 70 R0 pano_camera7/frame_0400_hp_preview.jpg
-4.760939 1.460858 0.016460 230 57 70 R0 pano_camera7/frame_0401_hp_preview.jpg
-4.740706 1.459978 0.035011 230 57 70 R0 pano_camera7/frame_0402_hp_preview.jpg
-4.487751 1.456131 0.325358 230 57 70 R0 pano_camera7/frame_0403_hp_preview.jpg
-3.966916 1.454208 0.323920 230 57 70 R0 pano_camera7/frame_0404_hp_preview.jpg
-3.938017 1.460105 0.294329 230 57 70 R0 pano_camera7/frame_0405_hp_preview.jpg
-3.779469 1.467388 -0.161803 230 57 70 R0 pano_camera7/frame_0406_hp_preview.jpg
-4.039759 1.452643 -0.524469 230 57 70 R0 pano_camera7/frame_0407_hp_preview.jpg
-4.183015 1.455839 -0.709570 230 57 70 R0 pano_camera7/frame_0408_hp_preview.jpg
-4.293459 1.448853 -0.842222 230 57 70 R0 pano_camera7/frame_0409_hp_preview.jpg
-4.400337 1.462548 -1.188621 230 57 70 R0 pano_camera7/frame_0410_hp_preview.jpg
-4.072494 1.450572 -1.722183 230 57 70 R0 pano_camera7/frame_0411_hp_preview.jpg
-4.010265 1.442197 -1.779053 230 57 70 R0 pano_camera7/frame_0412_hp_preview.jpg
-3.876419 1.444487 -1.960248 230 57 70 R0 pano_camera7/frame_0413_hp_preview.jpg
-3.897421 1.446772 -1.965783 230 57 70 R0 pano_camera7/frame_0414_hp_preview.jpg
-3.898890 1.447114 -1.964338 230 57 70 R0 pano_camera7/frame_0415_hp_preview.jpg
-3.895397 1.442537 -1.965717 230 57 70 R0 pano_camera7/frame_0416_hp_preview.jpg

# Object R1: Teal (720 points)
# Transform: Pos(0.000, 0.000, 0.000) Scale(1.000, 1.000, 1.000) Quat(0.000, 0.000, 0.000, 1.000)
-0.560007 -0.276554 1.093581 42 157 143 R1 pano_camera0/frame_0000_hp_preview.jpg
0.732268 -0.311837 1.537192 42 157 143 R1 pano_camera0/frame_0002_hp_preview.jpg
1.396591 -0.270988 1.752146 42 157 143 R1 pano_camera0/frame_0003_hp_preview.jpg
1.757615 -0.248988 1.878717 42 157 143 R1 pano_camera0/frame_0004_hp_preview.jpg
1.819433 0.000736 2.041987 42 157 143 R1 pano_camera0/frame_0005_hp_preview.jpg
1.633982 -0.060020 1.857820 42 157 143 R1 pano_camera0/frame_0006_hp_preview.jpg
1.579066 -0.150196 1.726119 42 157 143 R1 pano_camera0/frame_0007_hp_preview.jpg
1.575647 -0.151162 1.735084 42 157 143 R1 pano_camera0/frame_0008_hp_preview.jpg
1.580404 -0.138097 1.789693 42 157 143 R1 pano_camera0/frame_0009_hp_preview.jpg
1.584597 -0.134741 1.793212 42 157 143 R1 pano_camera0/frame_0010_hp_preview.jpg
1.603553 -0.121697 1.785601 42 157 143 R1 pano_camera0/frame_0011_hp_preview.jpg
1.551190 -0.155180 1.785654 42 157 143 R1 pano_camera0/frame_0012_hp_preview.jpg
1.586718 -0.145833 1.708793 42 157 143 R1 pano_camera0/frame_0013_hp_preview.jpg
1.648793 0.070622 1.806091 42 157 143 R1 pano_camera0/frame_0014_hp_preview.jpg
1.717962 0.065755 1.793667 42 157 143 R1 pano_camera0/frame_0015_hp_preview.jpg
1.712541 0.084402 1.725025 42 157 143 R1 pano_camera0/frame_0016_hp_preview.jpg
1.324976 0.075876 1.599156 42 157 143 R1 pano_camera0/frame_0017_hp_preview.jpg
0.887699 0.079212 1.406694 42 157 143 R1 pano_camera0/frame_0018_hp_preview.jpg
0.641181 0.079904 1.201777 42 157 143 R1 pano_camera0/frame_0019_hp_preview.jpg
0.459227 0.082002 0.892562 42 157 143 R1 pano_camera0/frame_0020_hp_preview.jpg
0.362520 0.066687 0.304524 42 157 143 R1 pano_camera0/frame_0021_hp_preview.jpg
0.271348 0.049417 -0.678115 42 157 143 R1 pano_camera0/frame_0022_hp_preview.jpg
0.194412 0.033262 -1.097651 42 157 143 R1 pano_camera0/frame_0023_hp_preview.jpg
0.205485 0.028625 -1.404159 42 157 143 R1 pano_camera0/frame_0024_hp_preview.jpg
0.449551 0.030755 -1.911502 42 157 143 R1 pano_camera0/frame_0025_hp_preview.jpg
0.751094 0.051624 -2.149251 42 157 143 R1 pano_camera0/frame_0026_hp_preview.jpg
1.036588 0.053940 -2.245065 42 157 143 R1 pano_camera0/frame_0027_hp_preview.jpg
0.440137 0.037122 -2.525961 42 157 143 R1 pano_camera0/frame_0028_hp_preview.jpg
-0.330977 0.044806 -2.681740 42 157 143 R1 pano_camera0/frame_0029_hp_preview.jpg
-1.027380 0.039354 -2.872524 42 157 143 R1 pano_camera0/frame_0030_hp_preview.jpg
-1.464894 0.052351 -3.137543 42 157 143 R1 pano_camera0/frame_0031_hp_preview.jpg
-1.535174 0.035593 -3.612227 42 157 143 R1 pano_camera0/frame_0032_hp_preview.jpg
-1.410111 0.024837 -3.873017 42 157 143 R1 pano_camera0/frame_0033_hp_preview.jpg
-0.627006 0.044975 -4.221975 42 157 143 R1 pano_camera0/frame_0034_hp_preview.jpg
-0.387653 0.047257 -4.155375 42 157 143 R1 pano_camera0/frame_0035_hp_preview.jpg
0.200182 0.029139 -3.947327 42 157 143 R1 pano_camera0/frame_0036_hp_preview.jpg
0.660445 0.046538 -3.854484 42 157 143 R1 pano_camera0/frame_0037_hp_preview.jpg
1.089579 0.039076 -3.775552 42 157 143 R1 pano_camera0/frame_0038_hp_preview.jpg
1.829499 0.002522 -4.023063 42 157 143 R1 pano_camera0/frame_0039_hp_preview.jpg
2.171748 0.025372 -4.376608 42 157 143 R1 pano_camera0/frame_0040_hp_preview.jpg
2.217438 0.033907 -4.453343 42 157 143 R1 pano_camera0/frame_0041_hp_preview.jpg
2.587013 0.017612 -5.090011 42 157 143 R1 pano_camera0/frame_0042_hp_preview.jpg
2.959254 0.124880 -5.422671 42 157 143 R1 pano_camera0/frame_0043_hp_preview.jpg
3.407432 0.121963 -5.311979 42 157 143 R1 pano_camera0/frame_0044_hp_preview.jpg
4.063441 0.104479 -5.283764 42 157 143 R1 pano_camera0/frame_0045_hp_preview.jpg
4.201091 0.101050 -5.492675 42 157 143 R1 pano_camera0/frame_0046_hp_preview.jpg
4.171645 0.091670 -5.582796 42 157 143 R1 pano_camera0/frame_0047_hp_preview.jpg
3.995087 0.101101 -5.790826 42 157 143 R1 pano_camera0/frame_0048_hp_preview.jpg
3.385819 0.112295 -6.047356 42 157 143 R1 pano_camera0/frame_0049_hp_preview.jpg
2.569236 0.115405 -6.083296 42 157 143 R1 pano_camera0/frame_0050_hp_preview.jpg
2.534056 0.119485 -6.080242 42 157 143 R1 pano_camera0/frame_0051_hp_preview.jpg
1.702594 0.108156 -6.203468 42 157 143 R1 pano_camera0/frame_0052_hp_preview.jpg
1.517538 0.013141 -6.313062 42 157 143 R1 pano_camera0/frame_0053_hp_preview.jpg
1.323695 0.010556 -6.632263 42 157 143 R1 pano_camera0/frame_0054_hp_preview.jpg
0.535910 -0.002412 -6.942078 42 157 143 R1 pano_camera0/frame_0055_hp_preview.jpg
0.151845 0.016157 -6.891190 42 157 143 R1 pano_camera0/frame_0056_hp_preview.jpg
-0.251948 0.012619 -6.786947 42 157 143 R1 pano_camera0/frame_0057_hp_preview.jpg
-0.514495 0.013631 -6.723177 42 157 143 R1 pano_camera0/frame_0058_hp_preview.jpg
-0.799510 -0.000832 -6.373554 42 157 143 R1 pano_camera0/frame_0059_hp_preview.jpg
-1.059742 0.022586 -5.814172 42 157 143 R1 pano_camera0/frame_0060_hp_preview.jpg
-1.201263 0.036203 -5.529600 42 157 143 R1 pano_camera0/frame_0061_hp_preview.jpg
-1.474414 0.012839 -4.571906 42 157 143 R1 pano_camera0/frame_0062_hp_preview.jpg
-1.699553 0.031329 -3.855680 42 157 143 R1 pano_camera0/frame_0063_hp_preview.jpg
-1.740456 0.034996 -3.726057 42 157 143 R1 pano_camera0/frame_0064_hp_preview.jpg
-2.235299 0.020997 -2.957296 42 157 143 R1 pano_camera0/frame_0065_hp_preview.jpg
-2.421402 0.025815 -2.824555 42 157 143 R1 pano_camera0/frame_0066_hp_preview.jpg
-2.958808 0.025314 -2.190176 42 157 143 R1 pano_camera0/frame_0067_hp_preview.jpg
-3.273942 0.040602 -1.459919 42 157 143 R1 pano_camera0/frame_0068_hp_preview.jpg
-3.318184 0.046628 -1.349200 42 157 143 R1 pano_camera0/frame_0069_hp_preview.jpg
-3.186618 0.047873 -0.523113 42 157 143 R1 pano_camera0/frame_0070_hp_preview.jpg
-2.741793 0.040966 -0.080745 42 157 143 R1 pano_camera0/frame_0071_hp_preview.jpg
-2.283679 0.045566 0.166691 42 157 143 R1 pano_camera0/frame_0072_hp_preview.jpg
-2.193298 0.047853 0.194357 42 157 143 R1 pano_camera0/frame_0073_hp_preview.jpg
-1.569514 0.048702 0.513750 42 157 143 R1 pano_camera0/frame_0074_hp_preview.jpg
-0.890094 0.062036 0.936457 42 157 143 R1 pano_camera0/frame_0075_hp_preview.jpg
-0.622340 0.052341 1.099752 42 157 143 R1 pano_camera0/frame_0076_hp_preview.jpg
-0.022387 0.070736 1.448559 42 157 143 R1 pano_camera0/frame_0077_hp_preview.jpg
0.675274 0.088740 1.829084 42 157 143 R1 pano_camera0/frame_0078_hp_preview.jpg
1.570189 0.073431 2.461321 42 157 143 R1 pano_camera0/frame_0079_hp_preview.jpg
1.953538 0.090426 3.038355 42 157 143 R1 pano_camera0/frame_0080_hp_preview.jpg
-2.298766 0.079579 1.454985 42 157 143 R1 pano_camera0/frame_0118_hp_preview.jpg
-2.275968 0.079176 0.998589 42 157 143 R1 pano_camera0/frame_0119_hp_preview.jpg
-2.642270 0.074592 0.383135 42 157 143 R1 pano_camera0/frame_0120_hp_preview.jpg
-2.987769 0.066709 0.147702 42 157 143 R1 pano_camera0/frame_0121_hp_preview.jpg
-3.301032 0.073901 0.009031 42 157 143 R1 pano_camera0/frame_0122_hp_preview.jpg
-3.968721 0.081847 -0.108568 42 157 143 R1 pano_camera0/frame_0123_hp_preview.jpg
-4.495602 0.087785 0.035971 42 157 143 R1 pano_camera0/frame_0124_hp_preview.jpg
-4.622353 0.086953 0.382473 42 157 143 R1 pano_camera0/frame_0125_hp_preview.jpg
-4.626027 0.112333 0.595407 42 157 143 R1 pano_camera0/frame_0126_hp_preview.jpg
-4.496420 0.039334 -1.882007 42 157 143 R1 pano_camera0/frame_0197_hp_preview.jpg
-0.560007 -0.276554 1.093581 42 157 143 R1 pano_camera1/frame_0000_hp_preview.jpg
0.732268 -0.311837 1.537192 42 157 143 R1 pano_camera1/frame_0002_hp_preview.jpg
1.396591 -0.270988 1.752146 42 157 143 R1 pano_camera1/frame_0003_hp_preview.jpg
1.757615 -0.248988 1.878717 42 157 143 R1 pano_camera1/frame_0004_hp_preview.jpg
1.819433 0.000736 2.041987 42 157 143 R1 pano_camera1/frame_0005_hp_preview.jpg
1.633982 -0.060020 1.857820 42 157 143 R1 pano_camera1/frame_0006_hp_preview.jpg
1.579066 -0.150196 1.726119 42 157 143 R1 pano_camera1/frame_0007_hp_preview.jpg
1.575647 -0.151162 1.735084 42 157 143 R1 pano_camera1/frame_0008_hp_preview.jpg
1.580404 -0.138097 1.789693 42 157 143 R1 pano_camera1/frame_0009_hp_preview.jpg
1.584597 -0.134741 1.793212 42 157 143 R1 pano_camera1/frame_0010_hp_preview.jpg
1.603553 -0.121697 1.785601 42 157 143 R1 pano_camera1/frame_0011_hp_preview.jpg
1.551190 -0.155180 1.785654 42 157 143 R1 pano_camera1/frame_0012_hp_preview.jpg
1.586718 -0.145833 1.708793 42 157 143 R1 pano_camera1/frame_0013_hp_preview.jpg
1.648793 0.070622 1.806091 42 157 143 R1 pano_camera1/frame_0014_hp_preview.jpg
1.717962 0.065755 1.793667 42 157 143 R1 pano_camera1/frame_0015_hp_preview.jpg
1.712541 0.084402 1.725025 42 157 143 R1 pano_camera1/frame_0016_hp_preview.jpg
1.324976 0.075876 1.599156 42 157 143 R1 pano_camera1/frame_0017_hp_preview.jpg
0.887699 0.079212 1.406694 42 157 143 R1 pano_camera1/frame_0018_hp_preview.jpg
0.641181 0.079904 1.201777 42 157 143 R1 pano_camera1/frame_0019_hp_preview.jpg
0.459227 0.082002 0.892562 42 157 143 R1 pano_camera1/frame_0020_hp_preview.jpg
0.362520 0.066687 0.304524 42 157 143 R1 pano_camera1/frame_0021_hp_preview.jpg
0.271348 0.049417 -0.678115 42 157 143 R1 pano_camera1/frame_0022_hp_preview.jpg
0.194412 0.033262 -1.097651 42 157 143 R1 pano_camera1/frame_0023_hp_preview.jpg
0.205485 0.028625 -1.404159 42 157 143 R1 pano_camera1/frame_0024_hp_preview.jpg
0.449551 0.030755 -1.911502 42 157 143 R1 pano_camera1/frame_0025_hp_preview.jpg
0.751094 0.051624 -2.149251 42 157 143 R1 pano_camera1/frame_0026_hp_preview.jpg
1.036588 0.053940 -2.245065 42 157 143 R1 pano_camera1/frame_0027_hp_preview.jpg
0.440137 0.037122 -2.525961 42 157 143 R1 pano_camera1/frame_0028_hp_preview.jpg
-0.330977 0.044806 -2.681740 42 157 143 R1 pano_camera1/frame_0029_hp_preview.jpg
-1.027380 0.039354 -2.872524 42 157 143 R1 pano_camera1/frame_0030_hp_preview.jpg
-1.464894 0.052351 -3.137543 42 157 143 R1 pano_camera1/frame_0031_hp_preview.jpg
-1.535174 0.035593 -3.612227 42 157 143 R1 pano_camera1/frame_0032_hp_preview.jpg
-1.410111 0.024837 -3.873017 42 157 143 R1 pano_camera1/frame_0033_hp_preview.jpg
-0.627006 0.044975 -4.221975 42 157 143 R1 pano_camera1/frame_0034_hp_preview.jpg
-0.387653 0.047257 -4.155375 42 157 143 R1 pano_camera1/frame_0035_hp_preview.jpg
0.200182 0.029139 -3.947327 42 157 143 R1 pano_camera1/frame_0036_hp_preview.jpg
0.660445 0.046538 -3.854484 42 157 143 R1 pano_camera1/frame_0037_hp_preview.jpg
1.089579 0.039076 -3.775552 42 157 143 R1 pano_camera1/frame_0038_hp_preview.jpg
1.829499 0.002522 -4.023063 42 157 143 R1 pano_camera1/frame_0039_hp_preview.jpg
2.171748 0.025372 -4.376608 42 157 143 R1 pano_camera1/frame_0040_hp_preview.jpg
2.217438 0.033907 -4.453343 42 157 143 R1 pano_camera1/frame_0041_hp_preview.jpg
2.587013 0.017612 -5.090011 42 157 143 R1 pano_camera1/frame_0042_hp_preview.jpg
2.959254 0.124880 -5.422671 42 157 143 R1 pano_camera1/frame_0043_hp_preview.jpg
3.407432 0.121963 -5.311979 42 157 143 R1 pano_camera1/frame_0044_hp_preview.jpg
4.063441 0.104479 -5.283764 42 157 143 R1 pano_camera1/frame_0045_hp_preview.jpg
4.201091 0.101050 -5.492675 42 157 143 R1 pano_camera1/frame_0046_hp_preview.jpg
4.171645 0.091670 -5.582796 42 157 143 R1 pano_camera1/frame_0047_hp_preview.jpg
3.995087 0.101101 -5.790826 42 157 143 R1 pano_camera1/frame_0048_hp_preview.jpg
3.385819 0.112295 -6.047356 42 157 143 R1 pano_camera1/frame_0049_hp_preview.jpg
2.569236 0.115405 -6.083296 42 157 143 R1 pano_camera1/frame_0050_hp_preview.jpg
2.534056 0.119485 -6.080242 42 157 143 R1 pano_camera1/frame_0051_hp_preview.jpg
1.702594 0.108156 -6.203468 42 157 143 R1 pano_camera1/frame_0052_hp_preview.jpg
1.517538 0.013141 -6.313062 42 157 143 R1 pano_camera1/frame_0053_hp_preview.jpg
1.323695 0.010556 -6.632263 42 157 143 R1 pano_camera1/frame_0054_hp_preview.jpg
0.535910 -0.002412 -6.942078 42 157 143 R1 pano_camera1/frame_0055_hp_preview.jpg
0.151845 0.016157 -6.891190 42 157 143 R1 pano_camera1/frame_0056_hp_preview.jpg
-0.251948 0.012619 -6.786947 42 157 143 R1 pano_camera1/frame_0057_hp_preview.jpg
-0.514495 0.013631 -6.723177 42 157 143 R1 pano_camera1/frame_0058_hp_preview.jpg
-0.799510 -0.000832 -6.373554 42 157 143 R1 pano_camera1/frame_0059_hp_preview.jpg
-1.059742 0.022586 -5.814172 42 157 143 R1 pano_camera1/frame_0060_hp_preview.jpg
-1.201263 0.036203 -5.529600 42 157 143 R1 pano_camera1/frame_0061_hp_preview.jpg
-1.474414 0.012839 -4.571906 42 157 143 R1 pano_camera1/frame_0062_hp_preview.jpg
-1.699553 0.031329 -3.855680 42 157 143 R1 pano_camera1/frame_0063_hp_preview.jpg
-1.740456 0.034996 -3.726057 42 157 143 R1 pano_camera1/frame_0064_hp_preview.jpg
-2.235299 0.020997 -2.957296 42 157 143 R1 pano_camera1/frame_0065_hp_preview.jpg
-2.421402 0.025815 -2.824555 42 157 143 R1 pano_camera1/frame_0066_hp_preview.jpg
-2.958808 0.025314 -2.190176 42 157 143 R1 pano_camera1/frame_0067_hp_preview.jpg
-3.273942 0.040602 -1.459919 42 157 143 R1 pano_camera1/frame_0068_hp_preview.jpg
-3.318184 0.046628 -1.349200 42 157 143 R1 pano_camera1/frame_0069_hp_preview.jpg
-3.186618 0.047873 -0.523113 42 157 143 R1 pano_camera1/frame_0070_hp_preview.jpg
-2.741793 0.040966 -0.080745 42 157 143 R1 pano_camera1/frame_0071_hp_preview.jpg
-2.283679 0.045566 0.166691 42 157 143 R1 pano_camera1/frame_0072_hp_preview.jpg
-2.193298 0.047853 0.194357 42 157 143 R1 pano_camera1/frame_0073_hp_preview.jpg
-1.569514 0.048702 0.513750 42 157 143 R1 pano_camera1/frame_0074_hp_preview.jpg
-0.890094 0.062036 0.936457 42 157 143 R1 pano_camera1/frame_0075_hp_preview.jpg
-0.622340 0.052341 1.099752 42 157 143 R1 pano_camera1/frame_0076_hp_preview.jpg
-0.022387 0.070736 1.448559 42 157 143 R1 pano_camera1/frame_0077_hp_preview.jpg
0.675274 0.088740 1.829084 42 157 143 R1 pano_camera1/frame_0078_hp_preview.jpg
1.570189 0.073431 2.461321 42 157 143 R1 pano_camera1/frame_0079_hp_preview.jpg
1.953538 0.090426 3.038355 42 157 143 R1 pano_camera1/frame_0080_hp_preview.jpg
-2.298766 0.079579 1.454985 42 157 143 R1 pano_camera1/frame_0118_hp_preview.jpg
-2.275968 0.079176 0.998589 42 157 143 R1 pano_camera1/frame_0119_hp_preview.jpg
-2.642270 0.074592 0.383135 42 157 143 R1 pano_camera1/frame_0120_hp_preview.jpg
-2.987769 0.066709 0.147702 42 157 143 R1 pano_camera1/frame_0121_hp_preview.jpg
-3.301032 0.073901 0.009031 42 157 143 R1 pano_camera1/frame_0122_hp_preview.jpg
-3.968721 0.081847 -0.108568 42 157 143 R1 pano_camera1/frame_0123_hp_preview.jpg
-4.495602 0.087785 0.035971 42 157 143 R1 pano_camera1/frame_0124_hp_preview.jpg
-4.622353 0.086953 0.382473 42 157 143 R1 pano_camera1/frame_0125_hp_preview.jpg
-4.626027 0.112333 0.595407 42 157 143 R1 pano_camera1/frame_0126_hp_preview.jpg
-4.496420 0.039334 -1.882007 42 157 143 R1 pano_camera1/frame_0197_hp_preview.jpg
-0.560007 -0.276554 1.093581 42 157 143 R1 pano_camera2/frame_0000_hp_preview.jpg
0.732268 -0.311837 1.537192 42 157 143 R1 pano_camera2/frame_0002_hp_preview.jpg
1.396591 -0.270988 1.752146 42 157 143 R1 pano_camera2/frame_0003_hp_preview.jpg
1.757615 -0.248988 1.878717 42 157 143 R1 pano_camera2/frame_0004_hp_preview.jpg
1.819433 0.000736 2.041987 42 157 143 R1 pano_camera2/frame_0005_hp_preview.jpg
1.633982 -0.060020 1.857820 42 157 143 R1 pano_camera2/frame_0006_hp_preview.jpg
1.579066 -0.150196 1.726119 42 157 143 R1 pano_camera2/frame_0007_hp_preview.jpg
1.575647 -0.151162 1.735084 42 157 143 R1 pano_camera2/frame_0008_hp_preview.jpg
1.580404 -0.138097 1.789693 42 157 143 R1 pano_camera2/frame_0009_hp_preview.jpg
1.584597 -0.134741 1.793212 42 157 143 R1 pano_camera2/frame_0010_hp_preview.jpg
1.603553 -0.121697 1.785601 42 157 143 R1 pano_camera2/frame_0011_hp_preview.jpg
1.551190 -0.155180 1.785654 42 157 143 R1 pano_camera2/frame_0012_hp_preview.jpg
1.586718 -0.145833 1.708793 42 157 143 R1 pano_camera2/frame_0013_hp_preview.jpg
1.648793 0.070622 1.806091 42 157 143 R1 pano_camera2/frame_0014_hp_preview.jpg
1.717962 0.065755 1.793667 42 157 143 R1 pano_camera2/frame_0015_hp_preview.jpg
1.712541 0.084402 1.725025 42 157 143 R1 pano_camera2/frame_0016_hp_preview.jpg
1.324976 0.075876 1.599156 42 157 143 R1 pano_camera2/frame_0017_hp_preview.jpg
0.887699 0.079212 1.406694 42 157 143 R1 pano_camera2/frame_0018_hp_preview.jpg
0.641181 0.079904 1.201777 42 157 143 R1 pano_camera2/frame_0019_hp_preview.jpg
0.459227 0.082002 0.892562 42 157 143 R1 pano_camera2/frame_0020_hp_preview.jpg
0.362520 0.066687 0.304524 42 157 143 R1 pano_camera2/frame_0021_hp_preview.jpg
0.271348 0.049417 -0.678115 42 157 143 R1 pano_camera2/frame_0022_hp_preview.jpg
0.194412 0.033262 -1.097651 42 157 143 R1 pano_camera2/frame_0023_hp_preview.jpg
0.205485 0.028625 -1.404159 42 157 143 R1 pano_camera2/frame_0024_hp_preview.jpg
0.449551 0.030755 -1.911502 42 157 143 R1 pano_camera2/frame_0025_hp_preview.jpg
0.751094 0.051624 -2.149251 42 157 143 R1 pano_camera2/frame_0026_hp_preview.jpg
1.036588 0.053940 -2.245065 42 157 143 R1 pano_camera2/frame_0027_hp_preview.jpg
0.440137 0.037122 -2.525961 42 157 143 R1 pano_camera2/frame_0028_hp_preview.jpg
-0.330977 0.044806 -2.681740 42 157 143 R1 pano_camera2/frame_0029_hp_preview.jpg
-1.027380 0.039354 -2.872524 42 157 143 R1 pano_camera2/frame_0030_hp_preview.jpg
-1.464894 0.052351 -3.137543 42 157 143 R1 pano_camera2/frame_0031_hp_preview.jpg
-1.535174 0.035593 -3.612227 42 157 143 R1 pano_camera2/frame_0032_hp_preview.jpg
-1.410111 0.024837 -3.873017 42 157 143 R1 pano_camera2/frame_0033_hp_preview.jpg
-0.627006 0.044975 -4.221975 42 157 143 R1 pano_camera2/frame_0034_hp_preview.jpg
-0.387653 0.047257 -4.155375 42 157 143 R1 pano_camera2/frame_0035_hp_preview.jpg
0.200182 0.029139 -3.947327 42 157 143 R1 pano_camera2/frame_0036_hp_preview.jpg
0.660445 0.046538 -3.854484 42 157 143 R1 pano_camera2/frame_0037_hp_preview.jpg
1.089579 0.039076 -3.775552 42 157 143 R1 pano_camera2/frame_0038_hp_preview.jpg
1.829499 0.002522 -4.023063 42 157 143 R1 pano_camera2/frame_0039_hp_preview.jpg
2.171748 0.025372 -4.376608 42 157 143 R1 pano_camera2/frame_0040_hp_preview.jpg
2.217438 0.033907 -4.453343 42 157 143 R1 pano_camera2/frame_0041_hp_preview.jpg
2.587013 0.017612 -5.090011 42 157 143 R1 pano_camera2/frame_0042_hp_preview.jpg
2.959254 0.124880 -5.422671 42 157 143 R1 pano_camera2/frame_0043_hp_preview.jpg
3.407432 0.121963 -5.311979 42 157 143 R1 pano_camera2/frame_0044_hp_preview.jpg
4.063441 0.104479 -5.283764 42 157 143 R1 pano_camera2/frame_0045_hp_preview.jpg
4.201091 0.101050 -5.492675 42 157 143 R1 pano_camera2/frame_0046_hp_preview.jpg
4.171645 0.091670 -5.582796 42 157 143 R1 pano_camera2/frame_0047_hp_preview.jpg
3.995087 0.101101 -5.790826 42 157 143 R1 pano_camera2/frame_0048_hp_preview.jpg
3.385819 0.112295 -6.047356 42 157 143 R1 pano_camera2/frame_0049_hp_preview.jpg
2.569236 0.115405 -6.083296 42 157 143 R1 pano_camera2/frame_0050_hp_preview.jpg
2.534056 0.119485 -6.080242 42 157 143 R1 pano_camera2/frame_0051_hp_preview.jpg
1.702594 0.108156 -6.203468 42 157 143 R1 pano_camera2/frame_0052_hp_preview.jpg
1.517538 0.013141 -6.313062 42 157 143 R1 pano_camera2/frame_0053_hp_preview.jpg
1.323695 0.010556 -6.632263 42 157 143 R1 pano_camera2/frame_0054_hp_preview.jpg
0.535910 -0.002412 -6.942078 42 157 143 R1 pano_camera2/frame_0055_hp_preview.jpg
0.151845 0.016157 -6.891190 42 157 143 R1 pano_camera2/frame_0056_hp_preview.jpg
-0.251948 0.012619 -6.786947 42 157 143 R1 pano_camera2/frame_0057_hp_preview.jpg
-0.514495 0.013631 -6.723177 42 157 143 R1 pano_camera2/frame_0058_hp_preview.jpg
-0.799510 -0.000832 -6.373554 42 157 143 R1 pano_camera2/frame_0059_hp_preview.jpg
-1.059742 0.022586 -5.814172 42 157 143 R1 pano_camera2/frame_0060_hp_preview.jpg
-1.201263 0.036203 -5.529600 42 157 143 R1 pano_camera2/frame_0061_hp_preview.jpg
-1.474414 0.012839 -4.571906 42 157 143 R1 pano_camera2/frame_0062_hp_preview.jpg
-1.699553 0.031329 -3.855680 42 157 143 R1 pano_camera2/frame_0063_hp_preview.jpg
-1.740456 0.034996 -3.726057 42 157 143 R1 pano_camera2/frame_0064_hp_preview.jpg
-2.235299 0.020997 -2.957296 42 157 143 R1 pano_camera2/frame_0065_hp_preview.jpg
-2.421402 0.025815 -2.824555 42 157 143 R1 pano_camera2/frame_0066_hp_preview.jpg
-2.958808 0.025314 -2.190176 42 157 143 R1 pano_camera2/frame_0067_hp_preview.jpg
-3.273942 0.040602 -1.459919 42 157 143 R1 pano_camera2/frame_0068_hp_preview.jpg
-3.318184 0.046628 -1.349200 42 157 143 R1 pano_camera2/frame_0069_hp_preview.jpg
-3.186618 0.047873 -0.523113 42 157 143 R1 pano_camera2/frame_0070_hp_preview.jpg
-2.741793 0.040966 -0.080745 42 157 143 R1 pano_camera2/frame_0071_hp_preview.jpg
-2.283679 0.045566 0.166691 42 157 143 R1 pano_camera2/frame_0072_hp_preview.jpg
-2.193298 0.047853 0.194357 42 157 143 R1 pano_camera2/frame_0073_hp_preview.jpg
-1.569514 0.048702 0.513750 42 157 143 R1 pano_camera2/frame_0074_hp_preview.jpg
-0.890094 0.062036 0.936457 42 157 143 R1 pano_camera2/frame_0075_hp_preview.jpg
-0.622340 0.052341 1.099752 42 157 143 R1 pano_camera2/frame_0076_hp_preview.jpg
-0.022387 0.070736 1.448559 42 157 143 R1 pano_camera2/frame_0077_hp_preview.jpg
0.675274 0.088740 1.829084 42 157 143 R1 pano_camera2/frame_0078_hp_preview.jpg
1.570189 0.073431 2.461321 42 157 143 R1 pano_camera2/frame_0079_hp_preview.jpg
1.953538 0.090426 3.038355 42 157 143 R1 pano_camera2/frame_0080_hp_preview.jpg
-2.298766 0.079579 1.454985 42 157 143 R1 pano_camera2/frame_0118_hp_preview.jpg
-2.275968 0.079176 0.998589 42 157 143 R1 pano_camera2/frame_0119_hp_preview.jpg
-2.642270 0.074592 0.383135 42 157 143 R1 pano_camera2/frame_0120_hp_preview.jpg
-2.987769 0.066709 0.147702 42 157 143 R1 pano_camera2/frame_0121_hp_preview.jpg
-3.301032 0.073901 0.009031 42 157 143 R1 pano_camera2/frame_0122_hp_preview.jpg
-3.968721 0.081847 -0.108568 42 157 143 R1 pano_camera2/frame_0123_hp_preview.jpg
-4.495602 0.087785 0.035971 42 157 143 R1 pano_camera2/frame_0124_hp_preview.jpg
-4.622353 0.086953 0.382473 42 157 143 R1 pano_camera2/frame_0125_hp_preview.jpg
-4.626027 0.112333 0.595407 42 157 143 R1 pano_camera2/frame_0126_hp_preview.jpg
-4.496420 0.039334 -1.882007 42 157 143 R1 pano_camera2/frame_0197_hp_preview.jpg
-0.560007 -0.276554 1.093581 42 157 143 R1 pano_camera3/frame_0000_hp_preview.jpg
0.732268 -0.311837 1.537192 42 157 143 R1 pano_camera3/frame_0002_hp_preview.jpg
1.396591 -0.270988 1.752146 42 157 143 R1 pano_camera3/frame_0003_hp_preview.jpg
1.757615 -0.248988 1.878717 42 157 143 R1 pano_camera3/frame_0004_hp_preview.jpg
1.819433 0.000736 2.041987 42 157 143 R1 pano_camera3/frame_0005_hp_preview.jpg
1.633982 -0.060020 1.857820 42 157 143 R1 pano_camera3/frame_0006_hp_preview.jpg
1.579066 -0.150196 1.726119 42 157 143 R1 pano_camera3/frame_0007_hp_preview.jpg
1.575647 -0.151162 1.735084 42 157 143 R1 pano_camera3/frame_0008_hp_preview.jpg
1.580404 -0.138097 1.789693 42 157 143 R1 pano_camera3/frame_0009_hp_preview.jpg
1.584597 -0.134741 1.793212 42 157 143 R1 pano_camera3/frame_0010_hp_preview.jpg
1.603553 -0.121697 1.785601 42 157 143 R1 pano_camera3/frame_0011_hp_preview.jpg
1.551190 -0.155180 1.785654 42 157 143 R1 pano_camera3/frame_0012_hp_preview.jpg
1.586718 -0.145833 1.708793 42 157 143 R1 pano_camera3/frame_0013_hp_preview.jpg
1.648793 0.070622 1.806091 42 157 143 R1 pano_camera3/frame_0014_hp_preview.jpg
1.717962 0.065755 1.793667 42 157 143 R1 pano_camera3/frame_0015_hp_preview.jpg
1.712541 0.084402 1.725025 42 157 143 R1 pano_camera3/frame_0016_hp_preview.jpg
1.324976 0.075876 1.599156 42 157 143 R1 pano_camera3/frame_0017_hp_preview.jpg
0.887699 0.079212 1.406694 42 157 143 R1 pano_camera3/frame_0018_hp_preview.jpg
0.641181 0.079904 1.201777 42 157 143 R1 pano_camera3/frame_0019_hp_preview.jpg
0.459227 0.082002 0.892562 42 157 143 R1 pano_camera3/frame_0020_hp_preview.jpg
0.362520 0.066687 0.304524 42 157 143 R1 pano_camera3/frame_0021_hp_preview.jpg
0.271348 0.049417 -0.678115 42 157 143 R1 pano_camera3/frame_0022_hp_preview.jpg
0.194412 0.033262 -1.097651 42 157 143 R1 pano_camera3/frame_0023_hp_preview.jpg
0.205485 0.028625 -1.404159 42 157 143 R1 pano_camera3/frame_0024_hp_preview.jpg
0.449551 0.030755 -1.911502 42 157 143 R1 pano_camera3/frame_0025_hp_preview.jpg
0.751094 0.051624 -2.149251 42 157 143 R1 pano_camera3/frame_0026_hp_preview.jpg
1.036588 0.053940 -2.245065 42 157 143 R1 pano_camera3/frame_0027_hp_preview.jpg
0.440137 0.037122 -2.525961 42 157 143 R1 pano_camera3/frame_0028_hp_preview.jpg
-0.330977 0.044806 -2.681740 42 157 143 R1 pano_camera3/frame_0029_hp_preview.jpg
-1.027380 0.039354 -2.872524 42 157 143 R1 pano_camera3/frame_0030_hp_preview.jpg
-1.464894 0.052351 -3.137543 42 157 143 R1 pano_camera3/frame_0031_hp_preview.jpg
-1.535174 0.035593 -3.612227 42 157 143 R1 pano_camera3/frame_0032_hp_preview.jpg
-1.410111 0.024837 -3.873017 42 157 143 R1 pano_camera3/frame_0033_hp_preview.jpg
-0.627006 0.044975 -4.221975 42 157 143 R1 pano_camera3/frame_0034_hp_preview.jpg
-0.387653 0.047257 -4.155375 42 157 143 R1 pano_camera3/frame_0035_hp_preview.jpg
0.200182 0.029139 -3.947327 42 157 143 R1 pano_camera3/frame_0036_hp_preview.jpg
0.660445 0.046538 -3.854484 42 157 143 R1 pano_camera3/frame_0037_hp_preview.jpg
1.089579 0.039076 -3.775552 42 157 143 R1 pano_camera3/frame_0038_hp_preview.jpg
1.829499 0.002522 -4.023063 42 157 143 R1 pano_camera3/frame_0039_hp_preview.jpg
2.171748 0.025372 -4.376608 42 157 143 R1 pano_camera3/frame_0040_hp_preview.jpg
2.217438 0.033907 -4.453343 42 157 143 R1 pano_camera3/frame_0041_hp_preview.jpg
2.587013 0.017612 -5.090011 42 157 143 R1 pano_camera3/frame_0042_hp_preview.jpg
2.959254 0.124880 -5.422671 42 157 143 R1 pano_camera3/frame_0043_hp_preview.jpg
3.407432 0.121963 -5.311979 42 157 143 R1 pano_camera3/frame_0044_hp_preview.jpg
4.063441 0.104479 -5.283764 42 157 143 R1 pano_camera3/frame_0045_hp_preview.jpg
4.201091 0.101050 -5.492675 42 157 143 R1 pano_camera3/frame_0046_hp_preview.jpg
4.171645 0.091670 -5.582796 42 157 143 R1 pano_camera3/frame_0047_hp_preview.jpg
3.995087 0.101101 -5.790826 42 157 143 R1 pano_camera3/frame_0048_hp_preview.jpg
3.385819 0.112295 -6.047356 42 157 143 R1 pano_camera3/frame_0049_hp_preview.jpg
2.569236 0.115405 -6.083296 42 157 143 R1 pano_camera3/frame_0050_hp_preview.jpg
2.534056 0.119485 -6.080242 42 157 143 R1 pano_camera3/frame_0051_hp_preview.jpg
1.702594 0.108156 -6.203468 42 157 143 R1 pano_camera3/frame_0052_hp_preview.jpg
1.517538 0.013141 -6.313062 42 157 143 R1 pano_camera3/frame_0053_hp_preview.jpg
1.323695 0.010556 -6.632263 42 157 143 R1 pano_camera3/frame_0054_hp_preview.jpg
0.535910 -0.002412 -6.942078 42 157 143 R1 pano_camera3/frame_0055_hp_preview.jpg
0.151845 0.016157 -6.891190 42 157 143 R1 pano_camera3/frame_0056_hp_preview.jpg
-0.251948 0.012619 -6.786947 42 157 143 R1 pano_camera3/frame_0057_hp_preview.jpg
-0.514495 0.013631 -6.723177 42 157 143 R1 pano_camera3/frame_0058_hp_preview.jpg
-0.799510 -0.000832 -6.373554 42 157 143 R1 pano_camera3/frame_0059_hp_preview.jpg
-1.059742 0.022586 -5.814172 42 157 143 R1 pano_camera3/frame_0060_hp_preview.jpg
-1.201263 0.036203 -5.529600 42 157 143 R1 pano_camera3/frame_0061_hp_preview.jpg
-1.474414 0.012839 -4.571906 42 157 143 R1 pano_camera3/frame_0062_hp_preview.jpg
-1.699553 0.031329 -3.855680 42 157 143 R1 pano_camera3/frame_0063_hp_preview.jpg
-1.740456 0.034996 -3.726057 42 157 143 R1 pano_camera3/frame_0064_hp_preview.jpg
-2.235299 0.020997 -2.957296 42 157 143 R1 pano_camera3/frame_0065_hp_preview.jpg
-2.421402 0.025815 -2.824555 42 157 143 R1 pano_camera3/frame_0066_hp_preview.jpg
-2.958808 0.025314 -2.190176 42 157 143 R1 pano_camera3/frame_0067_hp_preview.jpg
-3.273942 0.040602 -1.459919 42 157 143 R1 pano_camera3/frame_0068_hp_preview.jpg
-3.318184 0.046628 -1.349200 42 157 143 R1 pano_camera3/frame_0069_hp_preview.jpg
-3.186618 0.047873 -0.523113 42 157 143 R1 pano_camera3/frame_0070_hp_preview.jpg
-2.741793 0.040966 -0.080745 42 157 143 R1 pano_camera3/frame_0071_hp_preview.jpg
-2.283679 0.045566 0.166691 42 157 143 R1 pano_camera3/frame_0072_hp_preview.jpg
-2.193298 0.047853 0.194357 42 157 143 R1 pano_camera3/frame_0073_hp_preview.jpg
-1.569514 0.048702 0.513750 42 157 143 R1 pano_camera3/frame_0074_hp_preview.jpg
-0.890094 0.062036 0.936457 42 157 143 R1 pano_camera3/frame_0075_hp_preview.jpg
-0.622340 0.052341 1.099752 42 157 143 R1 pano_camera3/frame_0076_hp_preview.jpg
-0.022387 0.070736 1.448559 42 157 143 R1 pano_camera3/frame_0077_hp_preview.jpg
0.675274 0.088740 1.829084 42 157 143 R1 pano_camera3/frame_0078_hp_preview.jpg
1.570189 0.073431 2.461321 42 157 143 R1 pano_camera3/frame_0079_hp_preview.jpg
1.953538 0.090426 3.038355 42 157 143 R1 pano_camera3/frame_0080_hp_preview.jpg
-2.298766 0.079579 1.454985 42 157 143 R1 pano_camera3/frame_0118_hp_preview.jpg
-2.275968 0.079176 0.998589 42 157 143 R1 pano_camera3/frame_0119_hp_preview.jpg
-2.642270 0.074592 0.383135 42 157 143 R1 pano_camera3/frame_0120_hp_preview.jpg
-2.987769 0.066709 0.147702 42 157 143 R1 pano_camera3/frame_0121_hp_preview.jpg
-3.301032 0.073901 0.009031 42 157 143 R1 pano_camera3/frame_0122_hp_preview.jpg
-3.968721 0.081847 -0.108568 42 157 143 R1 pano_camera3/frame_0123_hp_preview.jpg
-4.495602 0.087785 0.035971 42 157 143 R1 pano_camera3/frame_0124_hp_preview.jpg
-4.622353 0.086953 0.382473 42 157 143 R1 pano_camera3/frame_0125_hp_preview.jpg
-4.626027 0.112333 0.595407 42 157 143 R1 pano_camera3/frame_0126_hp_preview.jpg
-4.496420 0.039334 -1.882007 42 157 143 R1 pano_camera3/frame_0197_hp_preview.jpg
-0.560007 -0.276554 1.093581 42 157 143 R1 pano_camera4/frame_0000_hp_preview.jpg
0.732268 -0.311837 1.537192 42 157 143 R1 pano_camera4/frame_0002_hp_preview.jpg
1.396591 -0.270988 1.752146 42 157 143 R1 pano_camera4/frame_0003_hp_preview.jpg
1.757615 -0.248988 1.878717 42 157 143 R1 pano_camera4/frame_0004_hp_preview.jpg
1.819433 0.000736 2.041987 42 157 143 R1 pano_camera4/frame_0005_hp_preview.jpg
1.633982 -0.060020 1.857820 42 157 143 R1 pano_camera4/frame_0006_hp_preview.jpg
1.579066 -0.150196 1.726119 42 157 143 R1 pano_camera4/frame_0007_hp_preview.jpg
1.575647 -0.151162 1.735084 42 157 143 R1 pano_camera4/frame_0008_hp_preview.jpg
1.580404 -0.138097 1.789693 42 157 143 R1 pano_camera4/frame_0009_hp_preview.jpg
1.584597 -0.134741 1.793212 42 157 143 R1 pano_camera4/frame_0010_hp_preview.jpg
1.603553 -0.121697 1.785601 42 157 143 R1 pano_camera4/frame_0011_hp_preview.jpg
1.551190 -0.155180 1.785654 42 157 143 R1 pano_camera4/frame_0012_hp_preview.jpg
1.586718 -0.145833 1.708793 42 157 143 R1 pano_camera4/frame_0013_hp_preview.jpg
1.648793 0.070622 1.806091 42 157 143 R1 pano_camera4/frame_0014_hp_preview.jpg
1.717962 0.065755 1.793667 42 157 143 R1 pano_camera4/frame_0015_hp_preview.jpg
1.712541 0.084402 1.725025 42 157 143 R1 pano_camera4/frame_0016_hp_preview.jpg
1.324976 0.075876 1.599156 42 157 143 R1 pano_camera4/frame_0017_hp_preview.jpg
0.887699 0.079212 1.406694 42 157 143 R1 pano_camera4/frame_0018_hp_preview.jpg
0.641181 0.079904 1.201777 42 157 143 R1 pano_camera4/frame_0019_hp_preview.jpg
0.459227 0.082002 0.892562 42 157 143 R1 pano_camera4/frame_0020_hp_preview.jpg
0.362520 0.066687 0.304524 42 157 143 R1 pano_camera4/frame_0021_hp_preview.jpg
0.271348 0.049417 -0.678115 42 157 143 R1 pano_camera4/frame_0022_hp_preview.jpg
0.194412 0.033262 -1.097651 42 157 143 R1 pano_camera4/frame_0023_hp_preview.jpg
0.205485 0.028625 -1.404159 42 157 143 R1 pano_camera4/frame_0024_hp_preview.jpg
0.449551 0.030755 -1.911502 42 157 143 R1 pano_camera4/frame_0025_hp_preview.jpg
0.751094 0.051624 -2.149251 42 157 143 R1 pano_camera4/frame_0026_hp_preview.jpg
1.036588 0.053940 -2.245065 42 157 143 R1 pano_camera4/frame_0027_hp_preview.jpg
0.440137 0.037122 -2.525961 42 157 143 R1 pano_camera4/frame_0028_hp_preview.jpg
-0.330977 0.044806 -2.681740 42 157 143 R1 pano_camera4/frame_0029_hp_preview.jpg
-1.027380 0.039354 -2.872524 42 157 143 R1 pano_camera4/frame_0030_hp_preview.jpg
-1.464894 0.052351 -3.137543 42 157 143 R1 pano_camera4/frame_0031_hp_preview.jpg
-1.535174 0.035593 -3.612227 42 157 143 R1 pano_camera4/frame_0032_hp_preview.jpg
-1.410111 0.024837 -3.873017 42 157 143 R1 pano_camera4/frame_0033_hp_preview.jpg
-0.627006 0.044975 -4.221975 42 157 143 R1 pano_camera4/frame_0034_hp_preview.jpg
-0.387653 0.047257 -4.155375 42 157 143 R1 pano_camera4/frame_0035_hp_preview.jpg
0.200182 0.029139 -3.947327 42 157 143 R1 pano_camera4/frame_0036_hp_preview.jpg
0.660445 0.046538 -3.854484 42 157 143 R1 pano_camera4/frame_0037_hp_preview.jpg
1.089579 0.039076 -3.775552 42 157 143 R1 pano_camera4/frame_0038_hp_preview.jpg
1.829499 0.002522 -4.023063 42 157 143 R1 pano_camera4/frame_0039_hp_preview.jpg
2.171748 0.025372 -4.376608 42 157 143 R1 pano_camera4/frame_0040_hp_preview.jpg
2.217438 0.033907 -4.453343 42 157 143 R1 pano_camera4/frame_0041_hp_preview.jpg
2.587013 0.017612 -5.090011 42 157 143 R1 pano_camera4/frame_0042_hp_preview.jpg
2.959254 0.124880 -5.422671 42 157 143 R1 pano_camera4/frame_0043_hp_preview.jpg
3.407432 0.121963 -5.311979 42 157 143 R1 pano_camera4/frame_0044_hp_preview.jpg
4.063441 0.104479 -5.283764 42 157 143 R1 pano_camera4/frame_0045_hp_preview.jpg
4.201091 0.101050 -5.492675 42 157 143 R1 pano_camera4/frame_0046_hp_preview.jpg
4.171645 0.091670 -5.582796 42 157 143 R1 pano_camera4/frame_0047_hp_preview.jpg
3.995087 0.101101 -5.790826 42 157 143 R1 pano_camera4/frame_0048_hp_preview.jpg
3.385819 0.112295 -6.047356 42 157 143 R1 pano_camera4/frame_0049_hp_preview.jpg
2.569236 0.115405 -6.083296 42 157 143 R1 pano_camera4/frame_0050_hp_preview.jpg
2.534056 0.119485 -6.080242 42 157 143 R1 pano_camera4/frame_0051_hp_preview.jpg
1.702594 0.108156 -6.203468 42 157 143 R1 pano_camera4/frame_0052_hp_preview.jpg
1.517538 0.013141 -6.313062 42 157 143 R1 pano_camera4/frame_0053_hp_preview.jpg
1.323695 0.010556 -6.632263 42 157 143 R1 pano_camera4/frame_0054_hp_preview.jpg
0.535910 -0.002412 -6.942078 42 157 143 R1 pano_camera4/frame_0055_hp_preview.jpg
0.151845 0.016157 -6.891190 42 157 143 R1 pano_camera4/frame_0056_hp_preview.jpg
-0.251948 0.012619 -6.786947 42 157 143 R1 pano_camera4/frame_0057_hp_preview.jpg
-0.514495 0.013631 -6.723177 42 157 143 R1 pano_camera4/frame_0058_hp_preview.jpg
-0.799510 -0.000832 -6.373554 42 157 143 R1 pano_camera4/frame_0059_hp_preview.jpg
-1.059742 0.022586 -5.814172 42 157 143 R1 pano_camera4/frame_0060_hp_preview.jpg
-1.201263 0.036203 -5.529600 42 157 143 R1 pano_camera4/frame_0061_hp_preview.jpg
-1.474414 0.012839 -4.571906 42 157 143 R1 pano_camera4/frame_0062_hp_preview.jpg
-1.699553 0.031329 -3.855680 42 157 143 R1 pano_camera4/frame_0063_hp_preview.jpg
-1.740456 0.034996 -3.726057 42 157 143 R1 pano_camera4/frame_0064_hp_preview.jpg
-2.235299 0.020997 -2.957296 42 157 143 R1 pano_camera4/frame_0065_hp_preview.jpg
-2.421402 0.025815 -2.824555 42 157 143 R1 pano_camera4/frame_0066_hp_preview.jpg
-2.958808 0.025314 -2.190176 42 157 143 R1 pano_camera4/frame_0067_hp_preview.jpg
-3.273942 0.040602 -1.459919 42 157 143 R1 pano_camera4/frame_0068_hp_preview.jpg
-3.318184 0.046628 -1.349200 42 157 143 R1 pano_camera4/frame_0069_hp_preview.jpg
-3.186618 0.047873 -0.523113 42 157 143 R1 pano_camera4/frame_0070_hp_preview.jpg
-2.741793 0.040966 -0.080745 42 157 143 R1 pano_camera4/frame_0071_hp_preview.jpg
-2.283679 0.045566 0.166691 42 157 143 R1 pano_camera4/frame_0072_hp_preview.jpg
-2.193298 0.047853 0.194357 42 157 143 R1 pano_camera4/frame_0073_hp_preview.jpg
-1.569514 0.048702 0.513750 42 157 143 R1 pano_camera4/frame_0074_hp_preview.jpg
-0.890094 0.062036 0.936457 42 157 143 R1 pano_camera4/frame_0075_hp_preview.jpg
-0.622340 0.052341 1.099752 42 157 143 R1 pano_camera4/frame_0076_hp_preview.jpg
-0.022387 0.070736 1.448559 42 157 143 R1 pano_camera4/frame_0077_hp_preview.jpg
0.675274 0.088740 1.829084 42 157 143 R1 pano_camera4/frame_0078_hp_preview.jpg
1.570189 0.073431 2.461321 42 157 143 R1 pano_camera4/frame_0079_hp_preview.jpg
1.953538 0.090426 3.038355 42 157 143 R1 pano_camera4/frame_0080_hp_preview.jpg
-2.298766 0.079579 1.454985 42 157 143 R1 pano_camera4/frame_0118_hp_preview.jpg
-2.275968 0.079176 0.998589 42 157 143 R1 pano_camera4/frame_0119_hp_preview.jpg
-2.642270 0.074592 0.383135 42 157 143 R1 pano_camera4/frame_0120_hp_preview.jpg
-2.987769 0.066709 0.147702 42 157 143 R1 pano_camera4/frame_0121_hp_preview.jpg
-3.301032 0.073901 0.009031 42 157 143 R1 pano_camera4/frame_0122_hp_preview.jpg
-3.968721 0.081847 -0.108568 42 157 143 R1 pano_camera4/frame_0123_hp_preview.jpg
-4.495602 0.087785 0.035971 42 157 143 R1 pano_camera4/frame_0124_hp_preview.jpg
-4.622353 0.086953 0.382473 42 157 143 R1 pano_camera4/frame_0125_hp_preview.jpg
-4.626027 0.112333 0.595407 42 157 143 R1 pano_camera4/frame_0126_hp_preview.jpg
-4.496420 0.039334 -1.882007 42 157 143 R1 pano_camera4/frame_0197_hp_preview.jpg
-0.560007 -0.276554 1.093581 42 157 143 R1 pano_camera5/frame_0000_hp_preview.jpg
0.732268 -0.311837 1.537192 42 157 143 R1 pano_camera5/frame_0002_hp_preview.jpg
1.396591 -0.270988 1.752146 42 157 143 R1 pano_camera5/frame_0003_hp_preview.jpg
1.757615 -0.248988 1.878717 42 157 143 R1 pano_camera5/frame_0004_hp_preview.jpg
1.819433 0.000736 2.041987 42 157 143 R1 pano_camera5/frame_0005_hp_preview.jpg
1.633982 -0.060020 1.857820 42 157 143 R1 pano_camera5/frame_0006_hp_preview.jpg
1.579066 -0.150196 1.726119 42 157 143 R1 pano_camera5/frame_0007_hp_preview.jpg
1.575647 -0.151162 1.735084 42 157 143 R1 pano_camera5/frame_0008_hp_preview.jpg
1.580404 -0.138097 1.789693 42 157 143 R1 pano_camera5/frame_0009_hp_preview.jpg
1.584597 -0.134741 1.793212 42 157 143 R1 pano_camera5/frame_0010_hp_preview.jpg
1.603553 -0.121697 1.785601 42 157 143 R1 pano_camera5/frame_0011_hp_preview.jpg
1.551190 -0.155180 1.785654 42 157 143 R1 pano_camera5/frame_0012_hp_preview.jpg
1.586718 -0.145833 1.708793 42 157 143 R1 pano_camera5/frame_0013_hp_preview.jpg
1.648793 0.070622 1.806091 42 157 143 R1 pano_camera5/frame_0014_hp_preview.jpg
1.717962 0.065755 1.793667 42 157 143 R1 pano_camera5/frame_0015_hp_preview.jpg
1.712541 0.084402 1.725025 42 157 143 R1 pano_camera5/frame_0016_hp_preview.jpg
1.324976 0.075876 1.599156 42 157 143 R1 pano_camera5/frame_0017_hp_preview.jpg
0.887699 0.079212 1.406694 42 157 143 R1 pano_camera5/frame_0018_hp_preview.jpg
0.641181 0.079904 1.201777 42 157 143 R1 pano_camera5/frame_0019_hp_preview.jpg
0.459227 0.082002 0.892562 42 157 143 R1 pano_camera5/frame_0020_hp_preview.jpg
0.362520 0.066687 0.304524 42 157 143 R1 pano_camera5/frame_0021_hp_preview.jpg
0.271348 0.049417 -0.678115 42 157 143 R1 pano_camera5/frame_0022_hp_preview.jpg
0.194412 0.033262 -1.097651 42 157 143 R1 pano_camera5/frame_0023_hp_preview.jpg
0.205485 0.028625 -1.404159 42 157 143 R1 pano_camera5/frame_0024_hp_preview.jpg
0.449551 0.030755 -1.911502 42 157 143 R1 pano_camera5/frame_0025_hp_preview.jpg
0.751094 0.051624 -2.149251 42 157 143 R1 pano_camera5/frame_0026_hp_preview.jpg
1.036588 0.053940 -2.245065 42 157 143 R1 pano_camera5/frame_0027_hp_preview.jpg
0.440137 0.037122 -2.525961 42 157 143 R1 pano_camera5/frame_0028_hp_preview.jpg
-0.330977 0.044806 -2.681740 42 157 143 R1 pano_camera5/frame_0029_hp_preview.jpg
-1.027380 0.039354 -2.872524 42 157 143 R1 pano_camera5/frame_0030_hp_preview.jpg
-1.464894 0.052351 -3.137543 42 157 143 R1 pano_camera5/frame_0031_hp_preview.jpg
-1.535174 0.035593 -3.612227 42 157 143 R1 pano_camera5/frame_0032_hp_preview.jpg
-1.410111 0.024837 -3.873017 42 157 143 R1 pano_camera5/frame_0033_hp_preview.jpg
-0.627006 0.044975 -4.221975 42 157 143 R1 pano_camera5/frame_0034_hp_preview.jpg
-0.387653 0.047257 -4.155375 42 157 143 R1 pano_camera5/frame_0035_hp_preview.jpg
0.200182 0.029139 -3.947327 42 157 143 R1 pano_camera5/frame_0036_hp_preview.jpg
0.660445 0.046538 -3.854484 42 157 143 R1 pano_camera5/frame_0037_hp_preview.jpg
1.089579 0.039076 -3.775552 42 157 143 R1 pano_camera5/frame_0038_hp_preview.jpg
1.829499 0.002522 -4.023063 42 157 143 R1 pano_camera5/frame_0039_hp_preview.jpg
2.171748 0.025372 -4.376608 42 157 143 R1 pano_camera5/frame_0040_hp_preview.jpg
2.217438 0.033907 -4.453343 42 157 143 R1 pano_camera5/frame_0041_hp_preview.jpg
2.587013 0.017612 -5.090011 42 157 143 R1 pano_camera5/frame_0042_hp_preview.jpg
2.959254 0.124880 -5.422671 42 157 143 R1 pano_camera5/frame_0043_hp_preview.jpg
3.407432 0.121963 -5.311979 42 157 143 R1 pano_camera5/frame_0044_hp_preview.jpg
4.063441 0.104479 -5.283764 42 157 143 R1 pano_camera5/frame_0045_hp_preview.jpg
4.201091 0.101050 -5.492675 42 157 143 R1 pano_camera5/frame_0046_hp_preview.jpg
4.171645 0.091670 -5.582796 42 157 143 R1 pano_camera5/frame_0047_hp_preview.jpg
3.995087 0.101101 -5.790826 42 157 143 R1 pano_camera5/frame_0048_hp_preview.jpg
3.385819 0.112295 -6.047356 42 157 143 R1 pano_camera5/frame_0049_hp_preview.jpg
2.569236 0.115405 -6.083296 42 157 143 R1 pano_camera5/frame_0050_hp_preview.jpg
2.534056 0.119485 -6.080242 42 157 143 R1 pano_camera5/frame_0051_hp_preview.jpg
1.702594 0.108156 -6.203468 42 157 143 R1 pano_camera5/frame_0052_hp_preview.jpg
1.517538 0.013141 -6.313062 42 157 143 R1 pano_camera5/frame_0053_hp_preview.jpg
1.323695 0.010556 -6.632263 42 157 143 R1 pano_camera5/frame_0054_hp_preview.jpg
0.535910 -0.002412 -6.942078 42 157 143 R1 pano_camera5/frame_0055_hp_preview.jpg
0.151845 0.016157 -6.891190 42 157 143 R1 pano_camera5/frame_0056_hp_preview.jpg
-0.251948 0.012619 -6.786947 42 157 143 R1 pano_camera5/frame_0057_hp_preview.jpg
-0.514495 0.013631 -6.723177 42 157 143 R1 pano_camera5/frame_0058_hp_preview.jpg
-0.799510 -0.000832 -6.373554 42 157 143 R1 pano_camera5/frame_0059_hp_preview.jpg
-1.059742 0.022586 -5.814172 42 157 143 R1 pano_camera5/frame_0060_hp_preview.jpg
-1.201263 0.036203 -5.529600 42 157 143 R1 pano_camera5/frame_0061_hp_preview.jpg
-1.474414 0.012839 -4.571906 42 157 143 R1 pano_camera5/frame_0062_hp_preview.jpg
-1.699553 0.031329 -3.855680 42 157 143 R1 pano_camera5/frame_0063_hp_preview.jpg
-1.740456 0.034996 -3.726057 42 157 143 R1 pano_camera5/frame_0064_hp_preview.jpg
-2.235299 0.020997 -2.957296 42 157 143 R1 pano_camera5/frame_0065_hp_preview.jpg
-2.421402 0.025815 -2.824555 42 157 143 R1 pano_camera5/frame_0066_hp_preview.jpg
-2.958808 0.025314 -2.190176 42 157 143 R1 pano_camera5/frame_0067_hp_preview.jpg
-3.273942 0.040602 -1.459919 42 157 143 R1 pano_camera5/frame_0068_hp_preview.jpg
-3.318184 0.046628 -1.349200 42 157 143 R1 pano_camera5/frame_0069_hp_preview.jpg
-3.186618 0.047873 -0.523113 42 157 143 R1 pano_camera5/frame_0070_hp_preview.jpg
-2.741793 0.040966 -0.080745 42 157 143 R1 pano_camera5/frame_0071_hp_preview.jpg
-2.283679 0.045566 0.166691 42 157 143 R1 pano_camera5/frame_0072_hp_preview.jpg
-2.193298 0.047853 0.194357 42 157 143 R1 pano_camera5/frame_0073_hp_preview.jpg
-1.569514 0.048702 0.513750 42 157 143 R1 pano_camera5/frame_0074_hp_preview.jpg
-0.890094 0.062036 0.936457 42 157 143 R1 pano_camera5/frame_0075_hp_preview.jpg
-0.622340 0.052341 1.099752 42 157 143 R1 pano_camera5/frame_0076_hp_preview.jpg
-0.022387 0.070736 1.448559 42 157 143 R1 pano_camera5/frame_0077_hp_preview.jpg
0.675274 0.088740 1.829084 42 157 143 R1 pano_camera5/frame_0078_hp_preview.jpg
1.570189 0.073431 2.461321 42 157 143 R1 pano_camera5/frame_0079_hp_preview.jpg
1.953538 0.090426 3.038355 42 157 143 R1 pano_camera5/frame_0080_hp_preview.jpg
-2.298766 0.079579 1.454985 42 157 143 R1 pano_camera5/frame_0118_hp_preview.jpg
-2.275968 0.079176 0.998589 42 157 143 R1 pano_camera5/frame_0119_hp_preview.jpg
-2.642270 0.074592 0.383135 42 157 143 R1 pano_camera5/frame_0120_hp_preview.jpg
-2.987769 0.066709 0.147702 42 157 143 R1 pano_camera5/frame_0121_hp_preview.jpg
-3.301032 0.073901 0.009031 42 157 143 R1 pano_camera5/frame_0122_hp_preview.jpg
-3.968721 0.081847 -0.108568 42 157 143 R1 pano_camera5/frame_0123_hp_preview.jpg
-4.495602 0.087785 0.035971 42 157 143 R1 pano_camera5/frame_0124_hp_preview.jpg
-4.622353 0.086953 0.382473 42 157 143 R1 pano_camera5/frame_0125_hp_preview.jpg
-4.626027 0.112333 0.595407 42 157 143 R1 pano_camera5/frame_0126_hp_preview.jpg
-4.496420 0.039334 -1.882007 42 157 143 R1 pano_camera5/frame_0197_hp_preview.jpg
-0.560007 -0.276554 1.093581 42 157 143 R1 pano_camera6/frame_0000_hp_preview.jpg
0.732268 -0.311837 1.537192 42 157 143 R1 pano_camera6/frame_0002_hp_preview.jpg
1.396591 -0.270988 1.752146 42 157 143 R1 pano_camera6/frame_0003_hp_preview.jpg
1.757615 -0.248988 1.878717 42 157 143 R1 pano_camera6/frame_0004_hp_preview.jpg
1.819433 0.000736 2.041987 42 157 143 R1 pano_camera6/frame_0005_hp_preview.jpg
1.633982 -0.060020 1.857820 42 157 143 R1 pano_camera6/frame_0006_hp_preview.jpg
1.579066 -0.150196 1.726119 42 157 143 R1 pano_camera6/frame_0007_hp_preview.jpg
1.575647 -0.151162 1.735084 42 157 143 R1 pano_camera6/frame_0008_hp_preview.jpg
1.580404 -0.138097 1.789693 42 157 143 R1 pano_camera6/frame_0009_hp_preview.jpg
1.584597 -0.134741 1.793212 42 157 143 R1 pano_camera6/frame_0010_hp_preview.jpg
1.603553 -0.121697 1.785601 42 157 143 R1 pano_camera6/frame_0011_hp_preview.jpg
1.551190 -0.155180 1.785654 42 157 143 R1 pano_camera6/frame_0012_hp_preview.jpg
1.586718 -0.145833 1.708793 42 157 143 R1 pano_camera6/frame_0013_hp_preview.jpg
1.648793 0.070622 1.806091 42 157 143 R1 pano_camera6/frame_0014_hp_preview.jpg
1.717962 0.065755 1.793667 42 157 143 R1 pano_camera6/frame_0015_hp_preview.jpg
1.712541 0.084402 1.725025 42 157 143 R1 pano_camera6/frame_0016_hp_preview.jpg
1.324976 0.075876 1.599156 42 157 143 R1 pano_camera6/frame_0017_hp_preview.jpg
0.887699 0.079212 1.406694 42 157 143 R1 pano_camera6/frame_0018_hp_preview.jpg
0.641181 0.079904 1.201777 42 157 143 R1 pano_camera6/frame_0019_hp_preview.jpg
0.459227 0.082002 0.892562 42 157 143 R1 pano_camera6/frame_0020_hp_preview.jpg
0.362520 0.066687 0.304524 42 157 143 R1 pano_camera6/frame_0021_hp_preview.jpg
0.271348 0.049417 -0.678115 42 157 143 R1 pano_camera6/frame_0022_hp_preview.jpg
0.194412 0.033262 -1.097651 42 157 143 R1 pano_camera6/frame_0023_hp_preview.jpg
0.205485 0.028625 -1.404159 42 157 143 R1 pano_camera6/frame_0024_hp_preview.jpg
0.449551 0.030755 -1.911502 42 157 143 R1 pano_camera6/frame_0025_hp_preview.jpg
0.751094 0.051624 -2.149251 42 157 143 R1 pano_camera6/frame_0026_hp_preview.jpg
1.036588 0.053940 -2.245065 42 157 143 R1 pano_camera6/frame_0027_hp_preview.jpg
0.440137 0.037122 -2.525961 42 157 143 R1 pano_camera6/frame_0028_hp_preview.jpg
-0.330977 0.044806 -2.681740 42 157 143 R1 pano_camera6/frame_0029_hp_preview.jpg
-1.027380 0.039354 -2.872524 42 157 143 R1 pano_camera6/frame_0030_hp_preview.jpg
-1.464894 0.052351 -3.137543 42 157 143 R1 pano_camera6/frame_0031_hp_preview.jpg
-1.535174 0.035593 -3.612227 42 157 143 R1 pano_camera6/frame_0032_hp_preview.jpg
-1.410111 0.024837 -3.873017 42 157 143 R1 pano_camera6/frame_0033_hp_preview.jpg
-0.627006 0.044975 -4.221975 42 157 143 R1 pano_camera6/frame_0034_hp_preview.jpg
-0.387653 0.047257 -4.155375 42 157 143 R1 pano_camera6/frame_0035_hp_preview.jpg
0.200182 0.029139 -3.947327 42 157 143 R1 pano_camera6/frame_0036_hp_preview.jpg
0.660445 0.046538 -3.854484 42 157 143 R1 pano_camera6/frame_0037_hp_preview.jpg
1.089579 0.039076 -3.775552 42 157 143 R1 pano_camera6/frame_0038_hp_preview.jpg
1.829499 0.002522 -4.023063 42 157 143 R1 pano_camera6/frame_0039_hp_preview.jpg
2.171748 0.025372 -4.376608 42 157 143 R1 pano_camera6/frame_0040_hp_preview.jpg
2.217438 0.033907 -4.453343 42 157 143 R1 pano_camera6/frame_0041_hp_preview.jpg
2.587013 0.017612 -5.090011 42 157 143 R1 pano_camera6/frame_0042_hp_preview.jpg
2.959254 0.124880 -5.422671 42 157 143 R1 pano_camera6/frame_0043_hp_preview.jpg
3.407432 0.121963 -5.311979 42 157 143 R1 pano_camera6/frame_0044_hp_preview.jpg
4.063441 0.104479 -5.283764 42 157 143 R1 pano_camera6/frame_0045_hp_preview.jpg
4.201091 0.101050 -5.492675 42 157 143 R1 pano_camera6/frame_0046_hp_preview.jpg
4.171645 0.091670 -5.582796 42 157 143 R1 pano_camera6/frame_0047_hp_preview.jpg
3.995087 0.101101 -5.790826 42 157 143 R1 pano_camera6/frame_0048_hp_preview.jpg
3.385819 0.112295 -6.047356 42 157 143 R1 pano_camera6/frame_0049_hp_preview.jpg
2.569236 0.115405 -6.083296 42 157 143 R1 pano_camera6/frame_0050_hp_preview.jpg
2.534056 0.119485 -6.080242 42 157 143 R1 pano_camera6/frame_0051_hp_preview.jpg
1.702594 0.108156 -6.203468 42 157 143 R1 pano_camera6/frame_0052_hp_preview.jpg
1.517538 0.013141 -6.313062 42 157 143 R1 pano_camera6/frame_0053_hp_preview.jpg
1.323695 0.010556 -6.632263 42 157 143 R1 pano_camera6/frame_0054_hp_preview.jpg
0.535910 -0.002412 -6.942078 42 157 143 R1 pano_camera6/frame_0055_hp_preview.jpg
0.151845 0.016157 -6.891190 42 157 143 R1 pano_camera6/frame_0056_hp_preview.jpg
-0.251948 0.012619 -6.786947 42 157 143 R1 pano_camera6/frame_0057_hp_preview.jpg
-0.514495 0.013631 -6.723177 42 157 143 R1 pano_camera6/frame_0058_hp_preview.jpg
-0.799510 -0.000832 -6.373554 42 157 143 R1 pano_camera6/frame_0059_hp_preview.jpg
-1.059742 0.022586 -5.814172 42 157 143 R1 pano_camera6/frame_0060_hp_preview.jpg
-1.201263 0.036203 -5.529600 42 157 143 R1 pano_camera6/frame_0061_hp_preview.jpg
-1.474414 0.012839 -4.571906 42 157 143 R1 pano_camera6/frame_0062_hp_preview.jpg
-1.699553 0.031329 -3.855680 42 157 143 R1 pano_camera6/frame_0063_hp_preview.jpg
-1.740456 0.034996 -3.726057 42 157 143 R1 pano_camera6/frame_0064_hp_preview.jpg
-2.235299 0.020997 -2.957296 42 157 143 R1 pano_camera6/frame_0065_hp_preview.jpg
-2.421402 0.025815 -2.824555 42 157 143 R1 pano_camera6/frame_0066_hp_preview.jpg
-2.958808 0.025314 -2.190176 42 157 143 R1 pano_camera6/frame_0067_hp_preview.jpg
-3.273942 0.040602 -1.459919 42 157 143 R1 pano_camera6/frame_0068_hp_preview.jpg
-3.318184 0.046628 -1.349200 42 157 143 R1 pano_camera6/frame_0069_hp_preview.jpg
-3.186618 0.047873 -0.523113 42 157 143 R1 pano_camera6/frame_0070_hp_preview.jpg
-2.741793 0.040966 -0.080745 42 157 143 R1 pano_camera6/frame_0071_hp_preview.jpg
-2.283679 0.045566 0.166691 42 157 143 R1 pano_camera6/frame_0072_hp_preview.jpg
-2.193298 0.047853 0.194357 42 157 143 R1 pano_camera6/frame_0073_hp_preview.jpg
-1.569514 0.048702 0.513750 42 157 143 R1 pano_camera6/frame_0074_hp_preview.jpg
-0.890094 0.062036 0.936457 42 157 143 R1 pano_camera6/frame_0075_hp_preview.jpg
-0.622340 0.052341 1.099752 42 157 143 R1 pano_camera6/frame_0076_hp_preview.jpg
-0.022387 0.070736 1.448559 42 157 143 R1 pano_camera6/frame_0077_hp_preview.jpg
0.675274 0.088740 1.829084 42 157 143 R1 pano_camera6/frame_0078_hp_preview.jpg
1.570189 0.073431 2.461321 42 157 143 R1 pano_camera6/frame_0079_hp_preview.jpg
1.953538 0.090426 3.038355 42 157 143 R1 pano_camera6/frame_0080_hp_preview.jpg
-2.298766 0.079579 1.454985 42 157 143 R1 pano_camera6/frame_0118_hp_preview.jpg
-2.275968 0.079176 0.998589 42 157 143 R1 pano_camera6/frame_0119_hp_preview.jpg
-2.642270 0.074592 0.383135 42 157 143 R1 pano_camera6/frame_0120_hp_preview.jpg
-2.987769 0.066709 0.147702 42 157 143 R1 pano_camera6/frame_0121_hp_preview.jpg
-3.301032 0.073901 0.009031 42 157 143 R1 pano_camera6/frame_0122_hp_preview.jpg
-3.968721 0.081847 -0.108568 42 157 143 R1 pano_camera6/frame_0123_hp_preview.jpg
-4.495602 0.087785 0.035971 42 157 143 R1 pano_camera6/frame_0124_hp_preview.jpg
-4.622353 0.086953 0.382473 42 157 143 R1 pano_camera6/frame_0125_hp_preview.jpg
-4.626027 0.112333 0.595407 42 157 143 R1 pano_camera6/frame_0126_hp_preview.jpg
-4.496420 0.039334 -1.882007 42 157 143 R1 pano_camera6/frame_0197_hp_preview.jpg
-0.560007 -0.276554 1.093581 42 157 143 R1 pano_camera7/frame_0000_hp_preview.jpg
0.732268 -0.311837 1.537192 42 157 143 R1 pano_camera7/frame_0002_hp_preview.jpg
1.396591 -0.270988 1.752146 42 157 143 R1 pano_camera7/frame_0003_hp_preview.jpg
1.757615 -0.248988 1.878717 42 157 143 R1 pano_camera7/frame_0004_hp_preview.jpg
1.819433 0.000736 2.041987 42 157 143 R1 pano_camera7/frame_0005_hp_preview.jpg
1.633982 -0.060020 1.857820 42 157 143 R1 pano_camera7/frame_0006_hp_preview.jpg
1.579066 -0.150196 1.726119 42 157 143 R1 pano_camera7/frame_0007_hp_preview.jpg
1.575647 -0.151162 1.735084 42 157 143 R1 pano_camera7/frame_0008_hp_preview.jpg
1.580404 -0.138097 1.789693 42 157 143 R1 pano_camera7/frame_0009_hp_preview.jpg
1.584597 -0.134741 1.793212 42 157 143 R1 pano_camera7/frame_0010_hp_preview.jpg
1.603553 -0.121697 1.785601 42 157 143 R1 pano_camera7/frame_0011_hp_preview.jpg
1.551190 -0.155180 1.785654 42 157 143 R1 pano_camera7/frame_0012_hp_preview.jpg
1.586718 -0.145833 1.708793 42 157 143 R1 pano_camera7/frame_0013_hp_preview.jpg
1.648793 0.070622 1.806091 42 157 143 R1 pano_camera7/frame_0014_hp_preview.jpg
1.717962 0.065755 1.793667 42 157 143 R1 pano_camera7/frame_0015_hp_preview.jpg
1.712541 0.084402 1.725025 42 157 143 R1 pano_camera7/frame_0016_hp_preview.jpg
1.324976 0.075876 1.599156 42 157 143 R1 pano_camera7/frame_0017_hp_preview.jpg
0.887699 0.079212 1.406694 42 157 143 R1 pano_camera7/frame_0018_hp_preview.jpg
0.641181 0.079904 1.201777 42 157 143 R1 pano_camera7/frame_0019_hp_preview.jpg
0.459227 0.082002 0.892562 42 157 143 R1 pano_camera7/frame_0020_hp_preview.jpg
0.362520 0.066687 0.304524 42 157 143 R1 pano_camera7/frame_0021_hp_preview.jpg
0.271348 0.049417 -0.678115 42 157 143 R1 pano_camera7/frame_0022_hp_preview.jpg
0.194412 0.033262 -1.097651 42 157 143 R1 pano_camera7/frame_0023_hp_preview.jpg
0.205485 0.028625 -1.404159 42 157 143 R1 pano_camera7/frame_0024_hp_preview.jpg
0.449551 0.030755 -1.911502 42 157 143 R1 pano_camera7/frame_0025_hp_preview.jpg
0.751094 0.051624 -2.149251 42 157 143 R1 pano_camera7/frame_0026_hp_preview.jpg
1.036588 0.053940 -2.245065 42 157 143 R1 pano_camera7/frame_0027_hp_preview.jpg
0.440137 0.037122 -2.525961 42 157 143 R1 pano_camera7/frame_0028_hp_preview.jpg
-0.330977 0.044806 -2.681740 42 157 143 R1 pano_camera7/frame_0029_hp_preview.jpg
-1.027380 0.039354 -2.872524 42 157 143 R1 pano_camera7/frame_0030_hp_preview.jpg
-1.464894 0.052351 -3.137543 42 157 143 R1 pano_camera7/frame_0031_hp_preview.jpg
-1.535174 0.035593 -3.612227 42 157 143 R1 pano_camera7/frame_0032_hp_preview.jpg
-1.410111 0.024837 -3.873017 42 157 143 R1 pano_camera7/frame_0033_hp_preview.jpg
-0.627006 0.044975 -4.221975 42 157 143 R1 pano_camera7/frame_0034_hp_preview.jpg
-0.387653 0.047257 -4.155375 42 157 143 R1 pano_camera7/frame_0035_hp_preview.jpg
0.200182 0.029139 -3.947327 42 157 143 R1 pano_camera7/frame_0036_hp_preview.jpg
0.660445 0.046538 -3.854484 42 157 143 R1 pano_camera7/frame_0037_hp_preview.jpg
1.089579 0.039076 -3.775552 42 157 143 R1 pano_camera7/frame_0038_hp_preview.jpg
1.829499 0.002522 -4.023063 42 157 143 R1 pano_camera7/frame_0039_hp_preview.jpg
2.171748 0.025372 -4.376608 42 157 143 R1 pano_camera7/frame_0040_hp_preview.jpg
2.217438 0.033907 -4.453343 42 157 143 R1 pano_camera7/frame_0041_hp_preview.jpg
2.587013 0.017612 -5.090011 42 157 143 R1 pano_camera7/frame_0042_hp_preview.jpg
2.959254 0.124880 -5.422671 42 157 143 R1 pano_camera7/frame_0043_hp_preview.jpg
3.407432 0.121963 -5.311979 42 157 143 R1 pano_camera7/frame_0044_hp_preview.jpg
4.063441 0.104479 -5.283764 42 157 143 R1 pano_camera7/frame_0045_hp_preview.jpg
4.201091 0.101050 -5.492675 42 157 143 R1 pano_camera7/frame_0046_hp_preview.jpg
4.171645 0.091670 -5.582796 42 157 143 R1 pano_camera7/frame_0047_hp_preview.jpg
3.995087 0.101101 -5.790826 42 157 143 R1 pano_camera7/frame_0048_hp_preview.jpg
3.385819 0.112295 -6.047356 42 157 143 R1 pano_camera7/frame_0049_hp_preview.jpg
2.569236 0.115405 -6.083296 42 157 143 R1 pano_camera7/frame_0050_hp_preview.jpg
2.534056 0.119485 -6.080242 42 157 143 R1 pano_camera7/frame_0051_hp_preview.jpg
1.702594 0.108156 -6.203468 42 157 143 R1 pano_camera7/frame_0052_hp_preview.jpg
1.517538 0.013141 -6.313062 42 157 143 R1 pano_camera7/frame_0053_hp_preview.jpg
1.323695 0.010556 -6.632263 42 157 143 R1 pano_camera7/frame_0054_hp_preview.jpg
0.535910 -0.002412 -6.942078 42 157 143 R1 pano_camera7/frame_0055_hp_preview.jpg
0.151845 0.016157 -6.891190 42 157 143 R1 pano_camera7/frame_0056_hp_preview.jpg
-0.251948 0.012619 -6.786947 42 157 143 R1 pano_camera7/frame_0057_hp_preview.jpg
-0.514495 0.013631 -6.723177 42 157 143 R1 pano_camera7/frame_0058_hp_preview.jpg
-0.799510 -0.000832 -6.373554 42 157 143 R1 pano_camera7/frame_0059_hp_preview.jpg
-1.059742 0.022586 -5.814172 42 157 143 R1 pano_camera7/frame_0060_hp_preview.jpg
-1.201263 0.036203 -5.529600 42 157 143 R1 pano_camera7/frame_0061_hp_preview.jpg
-1.474414 0.012839 -4.571906 42 157 143 R1 pano_camera7/frame_0062_hp_preview.jpg
-1.699553 0.031329 -3.855680 42 157 143 R1 pano_camera7/frame_0063_hp_preview.jpg
-1.740456 0.034996 -3.726057 42 157 143 R1 pano_camera7/frame_0064_hp_preview.jpg
-2.235299 0.020997 -2.957296 42 157 143 R1 pano_camera7/frame_0065_hp_preview.jpg
-2.421402 0.025815 -2.824555 42 157 143 R1 pano_camera7/frame_0066_hp_preview.jpg
-2.958808 0.025314 -2.190176 42 157 143 R1 pano_camera7/frame_0067_hp_preview.jpg
-3.273942 0.040602 -1.459919 42 157 143 R1 pano_camera7/frame_0068_hp_preview.jpg
-3.318184 0.046628 -1.349200 42 157 143 R1 pano_camera7/frame_0069_hp_preview.jpg
-3.186618 0.047873 -0.523113 42 157 143 R1 pano_camera7/frame_0070_hp_preview.jpg
-2.741793 0.040966 -0.080745 42 157 143 R1 pano_camera7/frame_0071_hp_preview.jpg
-2.283679 0.045566 0.166691 42 157 143 R1 pano_camera7/frame_0072_hp_preview.jpg
-2.193298 0.047853 0.194357 42 157 143 R1 pano_camera7/frame_0073_hp_preview.jpg
-1.569514 0.048702 0.513750 42 157 143 R1 pano_camera7/frame_0074_hp_preview.jpg
-0.890094 0.062036 0.936457 42 157 143 R1 pano_camera7/frame_0075_hp_preview.jpg
-0.622340 0.052341 1.099752 42 157 143 R1 pano_camera7/frame_0076_hp_preview.jpg
-0.022387 0.070736 1.448559 42 157 143 R1 pano_camera7/frame_0077_hp_preview.jpg
0.675274 0.088740 1.829084 42 157 143 R1 pano_camera7/frame_0078_hp_preview.jpg
1.570189 0.073431 2.461321 42 157 143 R1 pano_camera7/frame_0079_hp_preview.jpg
1.953538 0.090426 3.038355 42 157 143 R1 pano_camera7/frame_0080_hp_preview.jpg
-2.298766 0.079579 1.454985 42 157 143 R1 pano_camera7/frame_0118_hp_preview.jpg
-2.275968 0.079176 0.998589 42 157 143 R1 pano_camera7/frame_0119_hp_preview.jpg
-2.642270 0.074592 0.383135 42 157 143 R1 pano_camera7/frame_0120_hp_preview.jpg
-2.987769 0.066709 0.147702 42 157 143 R1 pano_camera7/frame_0121_hp_preview.jpg
-3.301032 0.073901 0.009031 42 157 143 R1 pano_camera7/frame_0122_hp_preview.jpg
-3.968721 0.081847 -0.108568 42 157 143 R1 pano_camera7/frame_0123_hp_preview.jpg
-4.495602 0.087785 0.035971 42 157 143 R1 pano_camera7/frame_0124_hp_preview.jpg
-4.622353 0.086953 0.382473 42 157 143 R1 pano_camera7/frame_0125_hp_preview.jpg
-4.626027 0.112333 0.595407 42 157 143 R1 pano_camera7/frame_0126_hp_preview.jpg
-4.496420 0.039334 -1.882007 42 157 143 R1 pano_camera7/frame_0197_hp_preview.jpg

# Object R2: DeepBlue (88 points)
# Transform: Pos(0.000, 0.000, 0.000) Scale(1.000, 1.000, 1.000) Quat(0.000, 0.000, 0.000, 1.000)
-5.004180 0.075909 3.271546 38 70 83 R2 pano_camera0/frame_0089_hp_preview.jpg
-4.874051 0.072799 1.360889 38 70 83 R2 pano_camera0/frame_0090_hp_preview.jpg
-4.866110 0.067187 1.312692 38 70 83 R2 pano_camera0/frame_0091_hp_preview.jpg
-3.354109 -0.059448 -0.945404 38 70 83 R2 pano_camera0/frame_0092_hp_preview.jpg
-2.707652 -0.018076 -1.309218 38 70 83 R2 pano_camera0/frame_0093_hp_preview.jpg
-1.457182 0.045164 -1.673420 38 70 83 R2 pano_camera0/frame_0094_hp_preview.jpg
0.080556 0.005729 -1.879731 38 70 83 R2 pano_camera0/frame_0095_hp_preview.jpg
1.952245 0.017776 -1.697207 38 70 83 R2 pano_camera0/frame_0096_hp_preview.jpg
3.949397 0.035345 0.103775 38 70 83 R2 pano_camera0/frame_0097_hp_preview.jpg
4.189660 0.011031 0.529561 38 70 83 R2 pano_camera0/frame_0098_hp_preview.jpg
5.072936 0.045272 3.155290 38 70 83 R2 pano_camera0/frame_0099_hp_preview.jpg
-5.004180 0.075909 3.271546 38 70 83 R2 pano_camera1/frame_0089_hp_preview.jpg
-4.874051 0.072799 1.360889 38 70 83 R2 pano_camera1/frame_0090_hp_preview.jpg
-4.866110 0.067187 1.312692 38 70 83 R2 pano_camera1/frame_0091_hp_preview.jpg
-3.354109 -0.059448 -0.945404 38 70 83 R2 pano_camera1/frame_0092_hp_preview.jpg
-2.707652 -0.018076 -1.309218 38 70 83 R2 pano_camera1/frame_0093_hp_preview.jpg
-1.457182 0.045164 -1.673420 38 70 83 R2 pano_camera1/frame_0094_hp_preview.jpg
0.080556 0.005729 -1.879731 38 70 83 R2 pano_camera1/frame_0095_hp_preview.jpg
1.952245 0.017776 -1.697207 38 70 83 R2 pano_camera1/frame_0096_hp_preview.jpg
3.949397 0.035345 0.103775 38 70 83 R2 pano_camera1/frame_0097_hp_preview.jpg
4.189660 0.011031 0.529561 38 70 83 R2 pano_camera1/frame_0098_hp_preview.jpg
5.072936 0.045272 3.155290 38 70 83 R2 pano_camera1/frame_0099_hp_preview.jpg
-5.004180 0.075909 3.271546 38 70 83 R2 pano_camera2/frame_0089_hp_preview.jpg
-4.874051 0.072799 1.360889 38 70 83 R2 pano_camera2/frame_0090_hp_preview.jpg
-4.866110 0.067187 1.312692 38 70 83 R2 pano_camera2/frame_0091_hp_preview.jpg
-3.354109 -0.059448 -0.945404 38 70 83 R2 pano_camera2/frame_0092_hp_preview.jpg
-2.707652 -0.018076 -1.309218 38 70 83 R2 pano_camera2/frame_0093_hp_preview.jpg
-1.457182 0.045164 -1.673420 38 70 83 R2 pano_camera2/frame_0094_hp_preview.jpg
0.080556 0.005729 -1.879731 38 70 83 R2 pano_camera2/frame_0095_hp_preview.jpg
1.952245 0.017776 -1.697207 38 70 83 R2 pano_camera2/frame_0096_hp_preview.jpg
3.949397 0.035345 0.103775 38 70 83 R2 pano_camera2/frame_0097_hp_preview.jpg
4.189660 0.011031 0.529561 38 70 83 R2 pano_camera2/frame_0098_hp_preview.jpg
5.072936 0.045272 3.155290 38 70 83 R2 pano_camera2/frame_0099_hp_preview.jpg
-5.004180 0.075909 3.271546 38 70 83 R2 pano_camera3/frame_0089_hp_preview.jpg
-4.874051 0.072799 1.360889 38 70 83 R2 pano_camera3/frame_0090_hp_preview.jpg
-4.866110 0.067187 1.312692 38 70 83 R2 pano_camera3/frame_0091_hp_preview.jpg
-3.354109 -0.059448 -0.945404 38 70 83 R2 pano_camera3/frame_0092_hp_preview.jpg
-2.707652 -0.018076 -1.309218 38 70 83 R2 pano_camera3/frame_0093_hp_preview.jpg
-1.457182 0.045164 -1.673420 38 70 83 R2 pano_camera3/frame_0094_hp_preview.jpg
0.080556 0.005729 -1.879731 38 70 83 R2 pano_camera3/frame_0095_hp_preview.jpg
1.952245 0.017776 -1.697207 38 70 83 R2 pano_camera3/frame_0096_hp_preview.jpg
3.949397 0.035345 0.103775 38 70 83 R2 pano_camera3/frame_0097_hp_preview.jpg
4.189660 0.011031 0.529561 38 70 83 R2 pano_camera3/frame_0098_hp_preview.jpg
5.072936 0.045272 3.155290 38 70 83 R2 pano_camera3/frame_0099_hp_preview.jpg
-5.004180 0.075909 3.271546 38 70 83 R2 pano_camera4/frame_0089_hp_preview.jpg
-4.874051 0.072799 1.360889 38 70 83 R2 pano_camera4/frame_0090_hp_preview.jpg
-4.866110 0.067187 1.312692 38 70 83 R2 pano_camera4/frame_0091_hp_preview.jpg
-3.354109 -0.059448 -0.945404 38 70 83 R2 pano_camera4/frame_0092_hp_preview.jpg
-2.707652 -0.018076 -1.309218 38 70 83 R2 pano_camera4/frame_0093_hp_preview.jpg
-1.457182 0.045164 -1.673420 38 70 83 R2 pano_camera4/frame_0094_hp_preview.jpg
0.080556 0.005729 -1.879731 38 70 83 R2 pano_camera4/frame_0095_hp_preview.jpg
1.952245 0.017776 -1.697207 38 70 83 R2 pano_camera4/frame_0096_hp_preview.jpg
3.949397 0.035345 0.103775 38 70 83 R2 pano_camera4/frame_0097_hp_preview.jpg
4.189660 0.011031 0.529561 38 70 83 R2 pano_camera4/frame_0098_hp_preview.jpg
5.072936 0.045272 3.155290 38 70 83 R2 pano_camera4/frame_0099_hp_preview.jpg
-5.004180 0.075909 3.271546 38 70 83 R2 pano_camera5/frame_0089_hp_preview.jpg
-4.874051 0.072799 1.360889 38 70 83 R2 pano_camera5/frame_0090_hp_preview.jpg
-4.866110 0.067187 1.312692 38 70 83 R2 pano_camera5/frame_0091_hp_preview.jpg
-3.354109 -0.059448 -0.945404 38 70 83 R2 pano_camera5/frame_0092_hp_preview.jpg
-2.707652 -0.018076 -1.309218 38 70 83 R2 pano_camera5/frame_0093_hp_preview.jpg
-1.457182 0.045164 -1.673420 38 70 83 R2 pano_camera5/frame_0094_hp_preview.jpg
0.080556 0.005729 -1.879731 38 70 83 R2 pano_camera5/frame_0095_hp_preview.jpg
1.952245 0.017776 -1.697207 38 70 83 R2 pano_camera5/frame_0096_hp_preview.jpg
3.949397 0.035345 0.103775 38 70 83 R2 pano_camera5/frame_0097_hp_preview.jpg
4.189660 0.011031 0.529561 38 70 83 R2 pano_camera5/frame_0098_hp_preview.jpg
5.072936 0.045272 3.155290 38 70 83 R2 pano_camera5/frame_0099_hp_preview.jpg
-5.004180 0.075909 3.271546 38 70 83 R2 pano_camera6/frame_0089_hp_preview.jpg
-4.874051 0.072799 1.360889 38 70 83 R2 pano_camera6/frame_0090_hp_preview.jpg
-4.866110 0.067187 1.312692 38 70 83 R2 pano_camera6/frame_0091_hp_preview.jpg
-3.354109 -0.059448 -0.945404 38 70 83 R2 pano_camera6/frame_0092_hp_preview.jpg
-2.707652 -0.018076 -1.309218 38 70 83 R2 pano_camera6/frame_0093_hp_preview.jpg
-1.457182 0.045164 -1.673420 38 70 83 R2 pano_camera6/frame_0094_hp_preview.jpg
0.080556 0.005729 -1.879731 38 70 83 R2 pano_camera6/frame_0095_hp_preview.jpg
1.952245 0.017776 -1.697207 38 70 83 R2 pano_camera6/frame_0096_hp_preview.jpg
3.949397 0.035345 0.103775 38 70 83 R2 pano_camera6/frame_0097_hp_preview.jpg
4.189660 0.011031 0.529561 38 70 83 R2 pano_camera6/frame_0098_hp_preview.jpg
5.072936 0.045272 3.155290 38 70 83 R2 pano_camera6/frame_0099_hp_preview.jpg
-5.004180 0.075909 3.271546 38 70 83 R2 pano_camera7/frame_0089_hp_preview.jpg
-4.874051 0.072799 1.360889 38 70 83 R2 pano_camera7/frame_0090_hp_preview.jpg
-4.866110 0.067187 1.312692 38 70 83 R2 pano_camera7/frame_0091_hp_preview.jpg
-3.354109 -0.059448 -0.945404 38 70 83 R2 pano_camera7/frame_0092_hp_preview.jpg
-2.707652 -0.018076 -1.309218 38 70 83 R2 pano_camera7/frame_0093_hp_preview.jpg
-1.457182 0.045164 -1.673420 38 70 83 R2 pano_camera7/frame_0094_hp_preview.jpg
0.080556 0.005729 -1.879731 38 70 83 R2 pano_camera7/frame_0095_hp_preview.jpg
1.952245 0.017776 -1.697207 38 70 83 R2 pano_camera7/frame_0096_hp_preview.jpg
3.949397 0.035345 0.103775 38 70 83 R2 pano_camera7/frame_0097_hp_preview.jpg
4.189660 0.011031 0.529561 38 70 83 R2 pano_camera7/frame_0098_hp_preview.jpg
5.072936 0.045272 3.155290 38 70 83 R2 pano_camera7/frame_0099_hp_preview.jpg

# Object R3: Orange (88 points)
# Transform: Pos(0.000, 0.000, 0.000) Scale(1.000, 1.000, 1.000) Quat(0.000, 0.000, 0.000, 1.000)
2.689920 -0.066031 -2.884707 244 162 97 R3 pano_camera0/frame_0143_hp_preview.jpg
1.549686 0.047389 -2.901720 244 162 97 R3 pano_camera0/frame_0144_hp_preview.jpg
0.888761 0.066849 -1.957197 244 162 97 R3 pano_camera0/frame_0145_hp_preview.jpg
2.015911 -0.032663 2.034633 244 162 97 R3 pano_camera0/frame_0146_hp_preview.jpg
2.252430 -0.031092 2.701277 244 162 97 R3 pano_camera0/frame_0147_hp_preview.jpg
1.917377 0.011066 4.428323 244 162 97 R3 pano_camera0/frame_0148_hp_preview.jpg
-1.698255 0.007140 4.691078 244 162 97 R3 pano_camera0/frame_0149_hp_preview.jpg
-3.762008 -0.046917 2.384117 244 162 97 R3 pano_camera0/frame_0150_hp_preview.jpg
-3.899978 -0.010663 -0.441062 244 162 97 R3 pano_camera0/frame_0151_hp_preview.jpg
-1.745550 -0.016187 -3.433546 244 162 97 R3 pano_camera0/frame_0152_hp_preview.jpg
-1.261235 0.032546 -3.683562 244 162 97 R3 pano_camera0/frame_0153_hp_preview.jpg
2.689920 -0.066031 -2.884707 244 162 97 R3 pano_camera1/frame_0143_hp_preview.jpg
1.549686 0.047389 -2.901720 244 162 97 R3 pano_camera1/frame_0144_hp_preview.jpg
0.888761 0.066849 -1.957197 244 162 97 R3 pano_camera1/frame_0145_hp_preview.jpg
2.015911 -0.032663 2.034633 244 162 97 R3 pano_camera1/frame_0146_hp_preview.jpg
2.252430 -0.031092 2.701277 244 162 97 R3 pano_camera1/frame_0147_hp_preview.jpg
1.917377 0.011066 4.428323 244 162 97 R3 pano_camera1/frame_0148_hp_preview.jpg
-1.698255 0.007140 4.691078 244 162 97 R3 pano_camera1/frame_0149_hp_preview.jpg
-3.762008 -0.046917 2.384117 244 162 97 R3 pano_camera1/frame_0150_hp_preview.jpg
-3.899978 -0.010663 -0.441062 244 162 97 R3 pano_camera1/frame_0151_hp_preview.jpg
-1.745550 -0.016187 -3.433546 244 162 97 R3 pano_camera1/frame_0152_hp_preview.jpg
-1.261235 0.032546 -3.683562 244 162 97 R3 pano_camera1/frame_0153_hp_preview.jpg
2.689920 -0.066031 -2.884707 244 162 97 R3 pano_camera2/frame_0143_hp_preview.jpg
1.549686 0.047389 -2.901720 244 162 97 R3 pano_camera2/frame_0144_hp_preview.jpg
0.888761 0.066849 -1.957197 244 162 97 R3 pano_camera2/frame_0145_hp_preview.jpg
2.015911 -0.032663 2.034633 244 162 97 R3 pano_camera2/frame_0146_hp_preview.jpg
2.252430 -0.031092 2.701277 244 162 97 R3 pano_camera2/frame_0147_hp_preview.jpg
1.917377 0.011066 4.428323 244 162 97 R3 pano_camera2/frame_0148_hp_preview.jpg
-1.698255 0.007140 4.691078 244 162 97 R3 pano_camera2/frame_0149_hp_preview.jpg
-3.762008 -0.046917 2.384117 244 162 97 R3 pano_camera2/frame_0150_hp_preview.jpg
-3.899978 -0.010663 -0.441062 244 162 97 R3 pano_camera2/frame_0151_hp_preview.jpg
-1.745550 -0.016187 -3.433546 244 162 97 R3 pano_camera2/frame_0152_hp_preview.jpg
-1.261235 0.032546 -3.683562 244 162 97 R3 pano_camera2/frame_0153_hp_preview.jpg
2.689920 -0.066031 -2.884707 244 162 97 R3 pano_camera3/frame_0143_hp_preview.jpg
1.549686 0.047389 -2.901720 244 162 97 R3 pano_camera3/frame_0144_hp_preview.jpg
0.888761 0.066849 -1.957197 244 162 97 R3 pano_camera3/frame_0145_hp_preview.jpg
2.015911 -0.032663 2.034633 244 162 97 R3 pano_camera3/frame_0146_hp_preview.jpg
2.252430 -0.031092 2.701277 244 162 97 R3 pano_camera3/frame_0147_hp_preview.jpg
1.917377 0.011066 4.428323 244 162 97 R3 pano_camera3/frame_0148_hp_preview.jpg
-1.698255 0.007140 4.691078 244 162 97 R3 pano_camera3/frame_0149_hp_preview.jpg
-3.762008 -0.046917 2.384117 244 162 97 R3 pano_camera3/frame_0150_hp_preview.jpg
-3.899978 -0.010663 -0.441062 244 162 97 R3 pano_camera3/frame_0151_hp_preview.jpg
-1.745550 -0.016187 -3.433546 244 162 97 R3 pano_camera3/frame_0152_hp_preview.jpg
-1.261235 0.032546 -3.683562 244 162 97 R3 pano_camera3/frame_0153_hp_preview.jpg
2.689920 -0.066031 -2.884707 244 162 97 R3 pano_camera4/frame_0143_hp_preview.jpg
1.549686 0.047389 -2.901720 244 162 97 R3 pano_camera4/frame_0144_hp_preview.jpg
0.888761 0.066849 -1.957197 244 162 97 R3 pano_camera4/frame_0145_hp_preview.jpg
2.015911 -0.032663 2.034633 244 162 97 R3 pano_camera4/frame_0146_hp_preview.jpg
2.252430 -0.031092 2.701277 244 162 97 R3 pano_camera4/frame_0147_hp_preview.jpg
1.917377 0.011066 4.428323 244 162 97 R3 pano_camera4/frame_0148_hp_preview.jpg
-1.698255 0.007140 4.691078 244 162 97 R3 pano_camera4/frame_0149_hp_preview.jpg
-3.762008 -0.046917 2.384117 244 162 97 R3 pano_camera4/frame_0150_hp_preview.jpg
-3.899978 -0.010663 -0.441062 244 162 97 R3 pano_camera4/frame_0151_hp_preview.jpg
-1.745550 -0.016187 -3.433546 244 162 97 R3 pano_camera4/frame_0152_hp_preview.jpg
-1.261235 0.032546 -3.683562 244 162 97 R3 pano_camera4/frame_0153_hp_preview.jpg
2.689920 -0.066031 -2.884707 244 162 97 R3 pano_camera5/frame_0143_hp_preview.jpg
1.549686 0.047389 -2.901720 244 162 97 R3 pano_camera5/frame_0144_hp_preview.jpg
0.888761 0.066849 -1.957197 244 162 97 R3 pano_camera5/frame_0145_hp_preview.jpg
2.015911 -0.032663 2.034633 244 162 97 R3 pano_camera5/frame_0146_hp_preview.jpg
2.252430 -0.031092 2.701277 244 162 97 R3 pano_camera5/frame_0147_hp_preview.jpg
1.917377 0.011066 4.428323 244 162 97 R3 pano_camera5/frame_0148_hp_preview.jpg
-1.698255 0.007140 4.691078 244 162 97 R3 pano_camera5/frame_0149_hp_preview.jpg
-3.762008 -0.046917 2.384117 244 162 97 R3 pano_camera5/frame_0150_hp_preview.jpg
-3.899978 -0.010663 -0.441062 244 162 97 R3 pano_camera5/frame_0151_hp_preview.jpg
-1.745550 -0.016187 -3.433546 244 162 97 R3 pano_camera5/frame_0152_hp_preview.jpg
-1.261235 0.032546 -3.683562 244 162 97 R3 pano_camera5/frame_0153_hp_preview.jpg
2.689920 -0.066031 -2.884707 244 162 97 R3 pano_camera6/frame_0143_hp_preview.jpg
1.549686 0.047389 -2.901720 244 162 97 R3 pano_camera6/frame_0144_hp_preview.jpg
0.888761 0.066849 -1.957197 244 162 97 R3 pano_camera6/frame_0145_hp_preview.jpg
2.015911 -0.032663 2.034633 244 162 97 R3 pano_camera6/frame_0146_hp_preview.jpg
2.252430 -0.031092 2.701277 244 162 97 R3 pano_camera6/frame_0147_hp_preview.jpg
1.917377 0.011066 4.428323 244 162 97 R3 pano_camera6/frame_0148_hp_preview.jpg
-1.698255 0.007140 4.691078 244 162 97 R3 pano_camera6/frame_0149_hp_preview.jpg
-3.762008 -0.046917 2.384117 244 162 97 R3 pano_camera6/frame_0150_hp_preview.jpg
-3.899978 -0.010663 -0.441062 244 162 97 R3 pano_camera6/frame_0151_hp_preview.jpg
-1.745550 -0.016187 -3.433546 244 162 97 R3 pano_camera6/frame_0152_hp_preview.jpg
-1.261235 0.032546 -3.683562 244 162 97 R3 pano_camera6/frame_0153_hp_preview.jpg
2.689920 -0.066031 -2.884707 244 162 97 R3 pano_camera7/frame_0143_hp_preview.jpg
1.549686 0.047389 -2.901720 244 162 97 R3 pano_camera7/frame_0144_hp_preview.jpg
0.888761 0.066849 -1.957197 244 162 97 R3 pano_camera7/frame_0145_hp_preview.jpg
2.015911 -0.032663 2.034633 244 162 97 R3 pano_camera7/frame_0146_hp_preview.jpg
2.252430 -0.031092 2.701277 244 162 97 R3 pano_camera7/frame_0147_hp_preview.jpg
1.917377 0.011066 4.428323 244 162 97 R3 pano_camera7/frame_0148_hp_preview.jpg
-1.698255 0.007140 4.691078 244 162 97 R3 pano_camera7/frame_0149_hp_preview.jpg
-3.762008 -0.046917 2.384117 244 162 97 R3 pano_camera7/frame_0150_hp_preview.jpg
-3.899978 -0.010663 -0.441062 244 162 97 R3 pano_camera7/frame_0151_hp_preview.jpg
-1.745550 -0.016187 -3.433546 244 162 97 R3 pano_camera7/frame_0152_hp_preview.jpg
-1.261235 0.032546 -3.683562 244 162 97 R3 pano_camera7/frame_0153_hp_preview.jpg

# Object R4: Purple (80 points)
# Transform: Pos(0.000, 0.000, 0.000) Scale(1.000, 1.000, 1.000) Quat(0.000, 0.000, 0.000, 1.000)
1.148453 -0.071212 5.109381 106 76 147 R4 pano_camera0/frame_0130_hp_preview.jpg
-0.089094 -0.017251 3.386891 106 76 147 R4 pano_camera0/frame_0131_hp_preview.jpg
-0.541243 0.002428 2.298419 106 76 147 R4 pano_camera0/frame_0132_hp_preview.jpg
-0.599941 -0.021363 2.124921 106 76 147 R4 pano_camera0/frame_0133_hp_preview.jpg
-1.077964 -0.025718 0.785714 106 76 147 R4 pano_camera0/frame_0134_hp_preview.jpg
-0.875313 -0.136888 -0.965313 106 76 147 R4 pano_camera0/frame_0135_hp_preview.jpg
-0.434113 0.110182 -1.554043 106 76 147 R4 pano_camera0/frame_0136_hp_preview.jpg
0.717381 0.098743 -2.583704 106 76 147 R4 pano_camera0/frame_0137_hp_preview.jpg
1.177493 0.051269 -3.377924 106 76 147 R4 pano_camera0/frame_0138_hp_preview.jpg
1.263500 0.043848 -4.522898 106 76 147 R4 pano_camera0/frame_0139_hp_preview.jpg
1.148453 -0.071212 5.109381 106 76 147 R4 pano_camera1/frame_0130_hp_preview.jpg
-0.089094 -0.017251 3.386891 106 76 147 R4 pano_camera1/frame_0131_hp_preview.jpg
-0.541243 0.002428 2.298419 106 76 147 R4 pano_camera1/frame_0132_hp_preview.jpg
-0.599941 -0.021363 2.124921 106 76 147 R4 pano_camera1/frame_0133_hp_preview.jpg
-1.077964 -0.025718 0.785714 106 76 147 R4 pano_camera1/frame_0134_hp_preview.jpg
-0.875313 -0.136888 -0.965313 106 76 147 R4 pano_camera1/frame_0135_hp_preview.jpg
-0.434113 0.110182 -1.554043 106 76 147 R4 pano_camera1/frame_0136_hp_preview.jpg
0.717381 0.098743 -2.583704 106 76 147 R4 pano_camera1/frame_0137_hp_preview.jpg
1.177493 0.051269 -3.377924 106 76 147 R4 pano_camera1/frame_0138_hp_preview.jpg
1.263500 0.043848 -4.522898 106 76 147 R4 pano_camera1/frame_0139_hp_preview.jpg
1.148453 -0.071212 5.109381 106 76 147 R4 pano_camera2/frame_0130_hp_preview.jpg
-0.089094 -0.017251 3.386891 106 76 147 R4 pano_camera2/frame_0131_hp_preview.jpg
-0.541243 0.002428 2.298419 106 76 147 R4 pano_camera2/frame_0132_hp_preview.jpg
-0.599941 -0.021363 2.124921 106 76 147 R4 pano_camera2/frame_0133_hp_preview.jpg
-1.077964 -0.025718 0.785714 106 76 147 R4 pano_camera2/frame_0134_hp_preview.jpg
-0.875313 -0.136888 -0.965313 106 76 147 R4 pano_camera2/frame_0135_hp_preview.jpg
-0.434113 0.110182 -1.554043 106 76 147 R4 pano_camera2/frame_0136_hp_preview.jpg
0.717381 0.098743 -2.583704 106 76 147 R4 pano_camera2/frame_0137_hp_preview.jpg
1.177493 0.051269 -3.377924 106 76 147 R4 pano_camera2/frame_0138_hp_preview.jpg
1.263500 0.043848 -4.522898 106 76 147 R4 pano_camera2/frame_0139_hp_preview.jpg
1.148453 -0.071212 5.109381 106 76 147 R4 pano_camera3/frame_0130_hp_preview.jpg
-0.089094 -0.017251 3.386891 106 76 147 R4 pano_camera3/frame_0131_hp_preview.jpg
-0.541243 0.002428 2.298419 106 76 147 R4 pano_camera3/frame_0132_hp_preview.jpg
-0.599941 -0.021363 2.124921 106 76 147 R4 pano_camera3/frame_0133_hp_preview.jpg
-1.077964 -0.025718 0.785714 106 76 147 R4 pano_camera3/frame_0134_hp_preview.jpg
-0.875313 -0.136888 -0.965313 106 76 147 R4 pano_camera3/frame_0135_hp_preview.jpg
-0.434113 0.110182 -1.554043 106 76 147 R4 pano_camera3/frame_0136_hp_preview.jpg
0.717381 0.098743 -2.583704 106 76 147 R4 pano_camera3/frame_0137_hp_preview.jpg
1.177493 0.051269 -3.377924 106 76 147 R4 pano_camera3/frame_0138_hp_preview.jpg
1.263500 0.043848 -4.522898 106 76 147 R4 pano_camera3/frame_0139_hp_preview.jpg
1.148453 -0.071212 5.109381 106 76 147 R4 pano_camera4/frame_0130_hp_preview.jpg
-0.089094 -0.017251 3.386891 106 76 147 R4 pano_camera4/frame_0131_hp_preview.jpg
-0.541243 0.002428 2.298419 106 76 147 R4 pano_camera4/frame_0132_hp_preview.jpg
-0.599941 -0.021363 2.124921 106 76 147 R4 pano_camera4/frame_0133_hp_preview.jpg
-1.077964 -0.025718 0.785714 106 76 147 R4 pano_camera4/frame_0134_hp_preview.jpg
-0.875313 -0.136888 -0.965313 106 76 147 R4 pano_camera4/frame_0135_hp_preview.jpg
-0.434113 0.110182 -1.554043 106 76 147 R4 pano_camera4/frame_0136_hp_preview.jpg
0.717381 0.098743 -2.583704 106 76 147 R4 pano_camera4/frame_0137_hp_preview.jpg
1.177493 0.051269 -3.377924 106 76 147 R4 pano_camera4/frame_0138_hp_preview.jpg
1.263500 0.043848 -4.522898 106 76 147 R4 pano_camera4/frame_0139_hp_preview.jpg
1.148453 -0.071212 5.109381 106 76 147 R4 pano_camera5/frame_0130_hp_preview.jpg
-0.089094 -0.017251 3.386891 106 76 147 R4 pano_camera5/frame_0131_hp_preview.jpg
-0.541243 0.002428 2.298419 106 76 147 R4 pano_camera5/frame_0132_hp_preview.jpg
-0.599941 -0.021363 2.124921 106 76 147 R4 pano_camera5/frame_0133_hp_preview.jpg
-1.077964 -0.025718 0.785714 106 76 147 R4 pano_camera5/frame_0134_hp_preview.jpg
-0.875313 -0.136888 -0.965313 106 76 147 R4 pano_camera5/frame_0135_hp_preview.jpg
-0.434113 0.110182 -1.554043 106 76 147 R4 pano_camera5/frame_0136_hp_preview.jpg
0.717381 0.098743 -2.583704 106 76 147 R4 pano_camera5/frame_0137_hp_preview.jpg
1.177493 0.051269 -3.377924 106 76 147 R4 pano_camera5/frame_0138_hp_preview.jpg
1.263500 0.043848 -4.522898 106 76 147 R4 pano_camera5/frame_0139_hp_preview.jpg
1.148453 -0.071212 5.109381 106 76 147 R4 pano_camera6/frame_0130_hp_preview.jpg
-0.089094 -0.017251 3.386891 106 76 147 R4 pano_camera6/frame_0131_hp_preview.jpg
-0.541243 0.002428 2.298419 106 76 147 R4 pano_camera6/frame_0132_hp_preview.jpg
-0.599941 -0.021363 2.124921 106 76 147 R4 pano_camera6/frame_0133_hp_preview.jpg
-1.077964 -0.025718 0.785714 106 76 147 R4 pano_camera6/frame_0134_hp_preview.jpg
-0.875313 -0.136888 -0.965313 106 76 147 R4 pano_camera6/frame_0135_hp_preview.jpg
-0.434113 0.110182 -1.554043 106 76 147 R4 pano_camera6/frame_0136_hp_preview.jpg
0.717381 0.098743 -2.583704 106 76 147 R4 pano_camera6/frame_0137_hp_preview.jpg
1.177493 0.051269 -3.377924 106 76 147 R4 pano_camera6/frame_0138_hp_preview.jpg
1.263500 0.043848 -4.522898 106 76 147 R4 pano_camera6/frame_0139_hp_preview.jpg
1.148453 -0.071212 5.109381 106 76 147 R4 pano_camera7/frame_0130_hp_preview.jpg
-0.089094 -0.017251 3.386891 106 76 147 R4 pano_camera7/frame_0131_hp_preview.jpg
-0.541243 0.002428 2.298419 106 76 147 R4 pano_camera7/frame_0132_hp_preview.jpg
-0.599941 -0.021363 2.124921 106 76 147 R4 pano_camera7/frame_0133_hp_preview.jpg
-1.077964 -0.025718 0.785714 106 76 147 R4 pano_camera7/frame_0134_hp_preview.jpg
-0.875313 -0.136888 -0.965313 106 76 147 R4 pano_camera7/frame_0135_hp_preview.jpg
-0.434113 0.110182 -1.554043 106 76 147 R4 pano_camera7/frame_0136_hp_preview.jpg
0.717381 0.098743 -2.583704 106 76 147 R4 pano_camera7/frame_0137_hp_preview.jpg
1.177493 0.051269 -3.377924 106 76 147 R4 pano_camera7/frame_0138_hp_preview.jpg
1.263500 0.043848 -4.522898 106 76 147 R4 pano_camera7/frame_0139_hp_preview.jpg

# End of file - 2808 total points exported
