# Enhanced PTS File with Visual Information
# Format: X Y Z R G B OBJECT_ID IMAGE_NAME
# Generated from Three.js Transform Viewer
# Export Date: 2025-10-20T18:58:17.047Z
# Total Objects: 5

# Object R0: Red (1832 points)
# Transform: Pos(0.000, 0.000, 0.000) Scale(1.000, 1.000, 1.000) Quat(0.000, 0.000, 0.000, 1.000)
-0.952295 -4.174641 3.405224 255 68 68 R0 pano_camera0/frame_0140_hp_preview.jpg
-0.968018 -4.260264 3.563440 255 68 68 R0 pano_camera0/frame_0141_hp_preview.jpg
-1.014635 -4.403939 3.851112 255 68 68 R0 pano_camera0/frame_0142_hp_preview.jpg
-1.023715 -4.526068 3.990164 255 68 68 R0 pano_camera0/frame_0143_hp_preview.jpg
-0.966765 -4.700454 4.002118 255 68 68 R0 pano_camera0/frame_0144_hp_preview.jpg
-0.898556 -4.799549 3.860129 255 68 68 R0 pano_camera0/frame_0145_hp_preview.jpg
-1.095819 -3.945669 3.758673 255 68 68 R0 pano_camera0/frame_0157_hp_preview.jpg
-1.140440 -3.793765 3.794681 255 68 68 R0 pano_camera0/frame_0158_hp_preview.jpg
-1.173501 -3.721389 3.869895 255 68 68 R0 pano_camera0/frame_0159_hp_preview.jpg
-1.409340 -3.333731 4.345822 255 68 68 R0 pano_camera0/frame_0160_hp_preview.jpg
-1.523706 -3.072242 4.519662 255 68 68 R0 pano_camera0/frame_0161_hp_preview.jpg
-1.646090 -2.712280 4.692733 255 68 68 R0 pano_camera0/frame_0162_hp_preview.jpg
-1.720915 -2.475276 4.775205 255 68 68 R0 pano_camera0/frame_0163_hp_preview.jpg
-1.789240 -2.225230 4.837078 255 68 68 R0 pano_camera0/frame_0164_hp_preview.jpg
-1.840207 -1.855024 4.701287 255 68 68 R0 pano_camera0/frame_0165_hp_preview.jpg
-1.823112 -1.738384 4.528787 255 68 68 R0 pano_camera0/frame_0166_hp_preview.jpg
-1.743030 -1.598595 4.123317 255 68 68 R0 pano_camera0/frame_0167_hp_preview.jpg
-1.620091 -1.748449 3.784620 255 68 68 R0 pano_camera0/frame_0168_hp_preview.jpg
-1.560994 -1.860359 3.709335 255 68 68 R0 pano_camera0/frame_0169_hp_preview.jpg
-1.333422 -2.503967 3.386351 255 68 68 R0 pano_camera0/frame_0170_hp_preview.jpg
-1.288551 -2.586877 3.349026 255 68 68 R0 pano_camera0/frame_0171_hp_preview.jpg
-1.153671 -2.993306 3.153426 255 68 68 R0 pano_camera0/frame_0172_hp_preview.jpg
-1.016637 -3.161978 2.831921 255 68 68 R0 pano_camera0/frame_0173_hp_preview.jpg
-0.934972 -3.055151 2.462561 255 68 68 R0 pano_camera0/frame_0174_hp_preview.jpg
-0.931769 -3.047332 2.455450 255 68 68 R0 pano_camera0/frame_0175_hp_preview.jpg
-0.968836 -2.667919 2.232822 255 68 68 R0 pano_camera0/frame_0176_hp_preview.jpg
-1.009274 -2.423851 2.203411 255 68 68 R0 pano_camera0/frame_0177_hp_preview.jpg
-1.080731 -1.985629 2.075004 255 68 68 R0 pano_camera0/frame_0178_hp_preview.jpg
-1.045937 -1.747089 1.748111 255 68 68 R0 pano_camera0/frame_0179_hp_preview.jpg
-0.992737 -1.757717 1.557509 255 68 68 R0 pano_camera0/frame_0180_hp_preview.jpg
-0.914447 -1.946554 1.377386 255 68 68 R0 pano_camera0/frame_0181_hp_preview.jpg
-0.839425 -2.172185 1.290069 255 68 68 R0 pano_camera0/frame_0182_hp_preview.jpg
-0.699359 -2.463302 1.070872 255 68 68 R0 pano_camera0/frame_0183_hp_preview.jpg
-0.684756 -2.361810 0.884716 255 68 68 R0 pano_camera0/frame_0184_hp_preview.jpg
-0.720244 -2.204510 0.881706 255 68 68 R0 pano_camera0/frame_0185_hp_preview.jpg
-0.796262 -1.987047 0.951911 255 68 68 R0 pano_camera0/frame_0186_hp_preview.jpg
-0.865203 -1.765112 1.014121 255 68 68 R0 pano_camera0/frame_0187_hp_preview.jpg
-0.936784 -1.455872 1.017026 255 68 68 R0 pano_camera0/frame_0188_hp_preview.jpg
-0.950485 -1.193305 0.842140 255 68 68 R0 pano_camera0/frame_0189_hp_preview.jpg
-0.943547 -1.167946 0.816497 255 68 68 R0 pano_camera0/frame_0190_hp_preview.jpg
-0.898021 -1.065842 0.568559 255 68 68 R0 pano_camera0/frame_0191_hp_preview.jpg
-0.783245 -1.156125 0.239555 255 68 68 R0 pano_camera0/frame_0192_hp_preview.jpg
-0.693695 -1.346187 0.049050 255 68 68 R0 pano_camera0/frame_0193_hp_preview.jpg
-0.584471 -1.628485 -0.143586 255 68 68 R0 pano_camera0/frame_0194_hp_preview.jpg
-0.494305 -1.812369 -0.293792 255 68 68 R0 pano_camera0/frame_0195_hp_preview.jpg
-0.445895 -1.841511 -0.492532 255 68 68 R0 pano_camera0/frame_0196_hp_preview.jpg
-0.355356 -1.749459 -0.894426 255 68 68 R0 pano_camera0/frame_0197_hp_preview.jpg
-0.242008 -1.514790 -1.447416 255 68 68 R0 pano_camera0/frame_0198_hp_preview.jpg
-0.208001 -1.445972 -1.609035 255 68 68 R0 pano_camera0/frame_0199_hp_preview.jpg
-0.085788 -0.999108 -2.313958 255 68 68 R0 pano_camera0/frame_0200_hp_preview.jpg
-0.012874 -1.020659 -2.385935 255 68 68 R0 pano_camera0/frame_0201_hp_preview.jpg
-0.476342 -0.686855 -1.286221 255 68 68 R0 pano_camera0/frame_0226_hp_preview.jpg
-0.956221 0.210931 -0.311313 255 68 68 R0 pano_camera0/frame_0240_hp_preview.jpg
-0.981890 0.212383 -0.248570 255 68 68 R0 pano_camera0/frame_0241_hp_preview.jpg
-1.088179 0.379628 -0.028692 255 68 68 R0 pano_camera0/frame_0242_hp_preview.jpg
-1.125390 0.309850 0.155749 255 68 68 R0 pano_camera0/frame_0243_hp_preview.jpg
-1.093822 0.104721 0.207746 255 68 68 R0 pano_camera0/frame_0244_hp_preview.jpg
-1.088556 0.011255 0.255302 255 68 68 R0 pano_camera0/frame_0245_hp_preview.jpg
-1.094785 -0.233908 0.390702 255 68 68 R0 pano_camera0/frame_0246_hp_preview.jpg
-1.047463 -0.371162 0.364206 255 68 68 R0 pano_camera0/frame_0247_hp_preview.jpg
-1.026766 -0.649333 0.528909 255 68 68 R0 pano_camera0/frame_0248_hp_preview.jpg
-1.030031 -0.678155 0.557683 255 68 68 R0 pano_camera0/frame_0249_hp_preview.jpg
-1.085837 -1.146385 1.181070 255 68 68 R0 pano_camera0/frame_0250_hp_preview.jpg
-1.088739 -1.154043 1.192645 255 68 68 R0 pano_camera0/frame_0251_hp_preview.jpg
-1.168165 -1.328104 1.675807 255 68 68 R0 pano_camera0/frame_0252_hp_preview.jpg
-1.298865 -1.324668 2.219843 255 68 68 R0 pano_camera0/frame_0253_hp_preview.jpg
-1.427538 -0.982691 2.435355 255 68 68 R0 pano_camera0/frame_0254_hp_preview.jpg
-1.438201 -0.941965 2.426224 255 68 68 R0 pano_camera0/frame_0255_hp_preview.jpg
-1.351658 -0.619147 1.975739 255 68 68 R0 pano_camera0/frame_0256_hp_preview.jpg
-1.197296 -0.512492 1.808461 255 68 68 R0 pano_camera0/frame_0257_hp_preview.jpg
-1.107156 -0.464425 1.752938 255 68 68 R0 pano_camera0/frame_0258_hp_preview.jpg
-1.010755 -0.405610 1.634538 255 68 68 R0 pano_camera0/frame_0259_hp_preview.jpg
-0.718068 -0.248245 1.392380 255 68 68 R0 pano_camera0/frame_0260_hp_preview.jpg
-0.713938 -0.246746 1.386513 255 68 68 R0 pano_camera0/frame_0261_hp_preview.jpg
-0.420459 -0.054977 1.145890 255 68 68 R0 pano_camera0/frame_0262_hp_preview.jpg
-0.411125 -0.044661 1.138913 255 68 68 R0 pano_camera0/frame_0263_hp_preview.jpg
-0.248845 0.052194 1.016789 255 68 68 R0 pano_camera0/frame_0264_hp_preview.jpg
-0.041556 0.192589 0.822675 255 68 68 R0 pano_camera0/frame_0265_hp_preview.jpg
0.148272 0.208699 0.635583 255 68 68 R0 pano_camera0/frame_0266_hp_preview.jpg
0.286320 0.160053 0.467761 255 68 68 R0 pano_camera0/frame_0267_hp_preview.jpg
0.381870 -0.090491 0.316933 255 68 68 R0 pano_camera0/frame_0268_hp_preview.jpg
0.555407 -0.533265 0.101865 255 68 68 R0 pano_camera0/frame_0269_hp_preview.jpg
0.647158 -0.743854 0.023060 255 68 68 R0 pano_camera0/frame_0270_hp_preview.jpg
0.775347 -1.157941 -0.102635 255 68 68 R0 pano_camera0/frame_0271_hp_preview.jpg
0.904976 -1.541152 -0.223365 255 68 68 R0 pano_camera0/frame_0272_hp_preview.jpg
0.986340 -1.748531 -0.297515 255 68 68 R0 pano_camera0/frame_0273_hp_preview.jpg
1.205202 -2.417270 -0.523717 255 68 68 R0 pano_camera0/frame_0274_hp_preview.jpg
1.234712 -2.485569 -0.556081 255 68 68 R0 pano_camera0/frame_0275_hp_preview.jpg
1.421436 -3.023783 -0.748430 255 68 68 R0 pano_camera0/frame_0276_hp_preview.jpg
1.486046 -3.185330 -0.819981 255 68 68 R0 pano_camera0/frame_0277_hp_preview.jpg
1.689093 -3.678913 -1.056574 255 68 68 R0 pano_camera0/frame_0278_hp_preview.jpg
1.773398 -3.946261 -1.138492 255 68 68 R0 pano_camera0/frame_0279_hp_preview.jpg
2.018151 -4.622812 -1.412532 255 68 68 R0 pano_camera0/frame_0280_hp_preview.jpg
2.057762 -4.750179 -1.452852 255 68 68 R0 pano_camera0/frame_0281_hp_preview.jpg
2.123017 -4.932994 -1.546750 255 68 68 R0 pano_camera0/frame_0282_hp_preview.jpg
2.205958 -5.066854 -1.737385 255 68 68 R0 pano_camera0/frame_0283_hp_preview.jpg
2.294510 -5.000192 -2.149331 255 68 68 R0 pano_camera0/frame_0284_hp_preview.jpg
2.295376 -4.972607 -2.185759 255 68 68 R0 pano_camera0/frame_0285_hp_preview.jpg
2.323528 -4.785742 -2.453310 255 68 68 R0 pano_camera0/frame_0286_hp_preview.jpg
2.311603 -4.596108 -2.519140 255 68 68 R0 pano_camera0/frame_0287_hp_preview.jpg
2.288419 -4.352375 -2.611896 255 68 68 R0 pano_camera0/frame_0288_hp_preview.jpg
2.295857 -4.224993 -2.728132 255 68 68 R0 pano_camera0/frame_0289_hp_preview.jpg
2.359403 -4.190726 -2.993775 255 68 68 R0 pano_camera0/frame_0290_hp_preview.jpg
2.509487 -4.242926 -3.527108 255 68 68 R0 pano_camera0/frame_0291_hp_preview.jpg
2.567185 -4.236362 -3.741708 255 68 68 R0 pano_camera0/frame_0292_hp_preview.jpg
2.612278 -4.242912 -3.918312 255 68 68 R0 pano_camera0/frame_0293_hp_preview.jpg
2.674538 -3.928049 -4.472605 255 68 68 R0 pano_camera0/frame_0294_hp_preview.jpg
2.672454 -3.883756 -4.498966 255 68 68 R0 pano_camera0/frame_0295_hp_preview.jpg
2.530038 -3.326691 -4.493613 255 68 68 R0 pano_camera0/frame_0296_hp_preview.jpg
2.411879 -3.143066 -4.207376 255 68 68 R0 pano_camera0/frame_0297_hp_preview.jpg
2.299265 -3.040475 -3.935682 255 68 68 R0 pano_camera0/frame_0298_hp_preview.jpg
2.226659 -2.965870 -3.716665 255 68 68 R0 pano_camera0/frame_0299_hp_preview.jpg
2.081212 -2.817104 -3.302722 255 68 68 R0 pano_camera0/frame_0300_hp_preview.jpg
1.965894 -2.736119 -3.015108 255 68 68 R0 pano_camera0/frame_0301_hp_preview.jpg
1.864859 -2.683399 -2.713326 255 68 68 R0 pano_camera0/frame_0302_hp_preview.jpg
1.754770 -2.675598 -2.274134 255 68 68 R0 pano_camera0/frame_0303_hp_preview.jpg
1.686646 -2.665943 -2.055310 255 68 68 R0 pano_camera0/frame_0304_hp_preview.jpg
1.523574 -2.591831 -1.554093 255 68 68 R0 pano_camera0/frame_0305_hp_preview.jpg
1.340103 -2.400859 -1.095633 255 68 68 R0 pano_camera0/frame_0306_hp_preview.jpg
1.215570 -2.223867 -0.823454 255 68 68 R0 pano_camera0/frame_0307_hp_preview.jpg
1.190420 -2.160027 -0.765960 255 68 68 R0 pano_camera0/frame_0308_hp_preview.jpg
1.047679 -1.725843 -0.625871 255 68 68 R0 pano_camera0/frame_0309_hp_preview.jpg
0.995119 -1.284847 -0.774935 255 68 68 R0 pano_camera0/frame_0310_hp_preview.jpg
1.020424 -1.128047 -1.052214 255 68 68 R0 pano_camera0/frame_0311_hp_preview.jpg
1.138762 -1.073792 -1.480932 255 68 68 R0 pano_camera0/frame_0312_hp_preview.jpg
1.228663 -1.089527 -1.786412 255 68 68 R0 pano_camera0/frame_0313_hp_preview.jpg
1.312548 -1.130710 -2.054355 255 68 68 R0 pano_camera0/frame_0314_hp_preview.jpg
1.517960 -1.212829 -2.712008 255 68 68 R0 pano_camera0/frame_0315_hp_preview.jpg
1.535635 -1.213568 -2.760328 255 68 68 R0 pano_camera0/frame_0316_hp_preview.jpg
1.648742 -1.220076 -3.197474 255 68 68 R0 pano_camera0/frame_0317_hp_preview.jpg
1.725425 -1.062633 -3.646387 255 68 68 R0 pano_camera0/frame_0318_hp_preview.jpg
1.711680 -0.945813 -3.695038 255 68 68 R0 pano_camera0/frame_0319_hp_preview.jpg
1.652336 -0.592659 -3.709197 255 68 68 R0 pano_camera0/frame_0320_hp_preview.jpg
1.429522 0.023043 -3.434282 255 68 68 R0 pano_camera0/frame_0321_hp_preview.jpg
1.414639 0.057629 -3.413713 255 68 68 R0 pano_camera0/frame_0322_hp_preview.jpg
1.238755 0.282861 -3.027402 255 68 68 R0 pano_camera0/frame_0323_hp_preview.jpg
1.104935 0.353064 -2.572395 255 68 68 R0 pano_camera0/frame_0324_hp_preview.jpg
1.081647 0.369690 -2.532180 255 68 68 R0 pano_camera0/frame_0325_hp_preview.jpg
0.904116 0.688020 -2.190968 255 68 68 R0 pano_camera0/frame_0326_hp_preview.jpg
0.848381 0.949237 -2.229106 255 68 68 R0 pano_camera0/frame_0327_hp_preview.jpg
0.850359 1.067482 -2.305141 255 68 68 R0 pano_camera0/frame_0328_hp_preview.jpg
0.870261 1.214617 -2.490182 255 68 68 R0 pano_camera0/frame_0329_hp_preview.jpg
0.866505 1.514347 -2.719464 255 68 68 R0 pano_camera0/frame_0330_hp_preview.jpg
0.820147 1.646316 -2.674441 255 68 68 R0 pano_camera0/frame_0331_hp_preview.jpg
0.705363 1.604338 -2.264328 255 68 68 R0 pano_camera0/frame_0332_hp_preview.jpg
0.681802 1.474539 -2.095242 255 68 68 R0 pano_camera0/frame_0333_hp_preview.jpg
0.627422 1.295632 -1.754663 255 68 68 R0 pano_camera0/frame_0334_hp_preview.jpg
0.588179 1.246157 -1.559300 255 68 68 R0 pano_camera0/frame_0335_hp_preview.jpg
0.536277 1.178299 -1.346821 255 68 68 R0 pano_camera0/frame_0336_hp_preview.jpg
0.415523 1.081336 -0.858579 255 68 68 R0 pano_camera0/frame_0337_hp_preview.jpg
0.361157 1.037556 -0.612275 255 68 68 R0 pano_camera0/frame_0338_hp_preview.jpg
0.195824 0.969542 0.021274 255 68 68 R0 pano_camera0/frame_0339_hp_preview.jpg
0.105671 0.989011 0.427492 255 68 68 R0 pano_camera0/frame_0340_hp_preview.jpg
0.070837 0.984254 0.533568 255 68 68 R0 pano_camera0/frame_0341_hp_preview.jpg
-0.005356 0.942454 0.852273 255 68 68 R0 pano_camera0/frame_0342_hp_preview.jpg
-0.077534 0.814210 1.245891 255 68 68 R0 pano_camera0/frame_0343_hp_preview.jpg
-0.186094 0.946862 1.551702 255 68 68 R0 pano_camera0/frame_0344_hp_preview.jpg
-0.194486 1.162505 1.397365 255 68 68 R0 pano_camera0/frame_0345_hp_preview.jpg
-0.168601 1.299079 1.165892 255 68 68 R0 pano_camera0/frame_0346_hp_preview.jpg
-0.118559 1.340980 0.944399 255 68 68 R0 pano_camera0/frame_0347_hp_preview.jpg
-0.062935 1.399373 0.695187 255 68 68 R0 pano_camera0/frame_0348_hp_preview.jpg
0.057068 1.535954 0.101732 255 68 68 R0 pano_camera0/frame_0349_hp_preview.jpg
0.082511 1.664444 -0.153729 255 68 68 R0 pano_camera0/frame_0350_hp_preview.jpg
0.103042 1.770473 -0.338431 255 68 68 R0 pano_camera0/frame_0351_hp_preview.jpg
0.107275 2.133332 -0.661774 255 68 68 R0 pano_camera0/frame_0352_hp_preview.jpg
0.098654 2.336614 -0.756771 255 68 68 R0 pano_camera0/frame_0353_hp_preview.jpg
0.107478 2.631557 -1.025876 255 68 68 R0 pano_camera0/frame_0354_hp_preview.jpg
0.158459 2.697029 -1.220992 255 68 68 R0 pano_camera0/frame_0355_hp_preview.jpg
0.309162 2.517656 -1.576984 255 68 68 R0 pano_camera0/frame_0356_hp_preview.jpg
0.397657 2.371320 -1.823835 255 68 68 R0 pano_camera0/frame_0357_hp_preview.jpg
0.412492 2.304755 -1.890797 255 68 68 R0 pano_camera0/frame_0358_hp_preview.jpg
0.415700 2.267168 -1.904399 255 68 68 R0 pano_camera0/frame_0359_hp_preview.jpg
0.425000 2.313749 -1.920808 255 68 68 R0 pano_camera0/frame_0360_hp_preview.jpg
0.425327 2.312543 -1.924958 255 68 68 R0 pano_camera0/frame_0361_hp_preview.jpg
0.501619 2.349217 -2.200644 255 68 68 R0 pano_camera0/frame_0362_hp_preview.jpg
0.505572 2.460278 -2.293892 255 68 68 R0 pano_camera0/frame_0363_hp_preview.jpg
0.501648 2.707590 -2.383415 255 68 68 R0 pano_camera0/frame_0364_hp_preview.jpg
0.475039 2.798052 -2.358420 255 68 68 R0 pano_camera0/frame_0365_hp_preview.jpg
0.335476 2.940766 -2.011185 255 68 68 R0 pano_camera0/frame_0366_hp_preview.jpg
0.316775 2.933663 -1.949924 255 68 68 R0 pano_camera0/frame_0367_hp_preview.jpg
0.228858 2.877101 -1.632733 255 68 68 R0 pano_camera0/frame_0368_hp_preview.jpg
0.072336 2.754793 -0.972461 255 68 68 R0 pano_camera0/frame_0369_hp_preview.jpg
-0.020076 2.810661 -0.797497 255 68 68 R0 pano_camera0/frame_0370_hp_preview.jpg
-0.055005 2.983965 -0.704401 255 68 68 R0 pano_camera0/frame_0371_hp_preview.jpg
-0.085706 3.275206 -0.862731 255 68 68 R0 pano_camera0/frame_0372_hp_preview.jpg
-0.031442 3.449817 -1.170092 255 68 68 R0 pano_camera0/frame_0373_hp_preview.jpg
-0.005149 3.928866 -1.692164 255 68 68 R0 pano_camera0/frame_0374_hp_preview.jpg
-0.019849 4.108516 -1.760321 255 68 68 R0 pano_camera0/frame_0375_hp_preview.jpg
-0.064025 4.339179 -1.759550 255 68 68 R0 pano_camera0/frame_0376_hp_preview.jpg
-0.112782 4.529239 -1.728330 255 68 68 R0 pano_camera0/frame_0377_hp_preview.jpg
-0.279377 5.108110 -1.524152 255 68 68 R0 pano_camera0/frame_0378_hp_preview.jpg
-0.351929 5.253242 -1.427838 255 68 68 R0 pano_camera0/frame_0379_hp_preview.jpg
-0.442248 5.420908 -1.257913 255 68 68 R0 pano_camera0/frame_0380_hp_preview.jpg
-0.569586 5.457390 -1.289344 255 68 68 R0 pano_camera0/frame_0381_hp_preview.jpg
-0.742627 5.490511 -1.192602 255 68 68 R0 pano_camera0/frame_0382_hp_preview.jpg
-0.628015 5.561372 -0.882234 255 68 68 R0 pano_camera0/frame_0383_hp_preview.jpg
-0.610576 5.536381 -0.871260 255 68 68 R0 pano_camera0/frame_0384_hp_preview.jpg
-0.640022 5.438735 -0.637656 255 68 68 R0 pano_camera0/frame_0385_hp_preview.jpg
-0.726661 5.256546 -0.132506 255 68 68 R0 pano_camera0/frame_0386_hp_preview.jpg
-0.779248 5.194747 0.106171 255 68 68 R0 pano_camera0/frame_0387_hp_preview.jpg
-0.918229 4.934546 0.835289 255 68 68 R0 pano_camera0/frame_0388_hp_preview.jpg
-1.003775 4.729486 1.288130 255 68 68 R0 pano_camera0/frame_0389_hp_preview.jpg
-1.038725 4.626800 1.461694 255 68 68 R0 pano_camera0/frame_0390_hp_preview.jpg
-1.036690 4.287536 1.766766 255 68 68 R0 pano_camera0/frame_0391_hp_preview.jpg
-1.014002 4.195995 1.751601 255 68 68 R0 pano_camera0/frame_0392_hp_preview.jpg
-0.960057 4.185468 1.566262 255 68 68 R0 pano_camera0/frame_0393_hp_preview.jpg
-0.946847 4.308163 1.380026 255 68 68 R0 pano_camera0/frame_0394_hp_preview.jpg
-0.921072 4.525460 1.076904 255 68 68 R0 pano_camera0/frame_0395_hp_preview.jpg
-0.846746 4.640003 0.714198 255 68 68 R0 pano_camera0/frame_0396_hp_preview.jpg
-0.667282 4.349824 0.393671 255 68 68 R0 pano_camera0/frame_0397_hp_preview.jpg
-0.618462 4.194643 0.342120 255 68 68 R0 pano_camera0/frame_0398_hp_preview.jpg
-0.541263 3.741298 0.475124 255 68 68 R0 pano_camera0/frame_0399_hp_preview.jpg
-0.614949 3.474703 0.912241 255 68 68 R0 pano_camera0/frame_0400_hp_preview.jpg
-0.673577 3.292103 1.271204 255 68 68 R0 pano_camera0/frame_0401_hp_preview.jpg
-0.677387 3.277407 1.294090 255 68 68 R0 pano_camera0/frame_0402_hp_preview.jpg
-0.736937 3.109667 1.635587 255 68 68 R0 pano_camera0/frame_0403_hp_preview.jpg
-0.663007 2.618312 1.791725 255 68 68 R0 pano_camera0/frame_0404_hp_preview.jpg
-0.643878 2.585167 1.774961 255 68 68 R0 pano_camera0/frame_0405_hp_preview.jpg
-0.468819 2.325343 1.407412 255 68 68 R0 pano_camera0/frame_0406_hp_preview.jpg
-0.404706 2.477952 0.992568 255 68 68 R0 pano_camera0/frame_0407_hp_preview.jpg
-0.363442 2.568097 0.780517 255 68 68 R0 pano_camera0/frame_0408_hp_preview.jpg
-0.343686 2.637905 0.623736 255 68 68 R0 pano_camera0/frame_0409_hp_preview.jpg
-0.235941 2.656530 0.277837 255 68 68 R0 pano_camera0/frame_0410_hp_preview.jpg
-0.029787 2.213803 -0.114345 255 68 68 R0 pano_camera0/frame_0411_hp_preview.jpg
-0.010521 2.139289 -0.149748 255 68 68 R0 pano_camera0/frame_0412_hp_preview.jpg
0.068697 1.969193 -0.274422 255 68 68 R0 pano_camera0/frame_0413_hp_preview.jpg
0.069565 1.988136 -0.285254 255 68 68 R0 pano_camera0/frame_0414_hp_preview.jpg
0.069213 1.989953 -0.284286 255 68 68 R0 pano_camera0/frame_0415_hp_preview.jpg
0.065869 1.985277 -0.285700 255 68 68 R0 pano_camera0/frame_0416_hp_preview.jpg
-0.952295 -4.174641 3.405224 255 68 68 R0 pano_camera1/frame_0140_hp_preview.jpg
-0.968018 -4.260264 3.563440 255 68 68 R0 pano_camera1/frame_0141_hp_preview.jpg
-1.014635 -4.403939 3.851112 255 68 68 R0 pano_camera1/frame_0142_hp_preview.jpg
-1.023715 -4.526068 3.990164 255 68 68 R0 pano_camera1/frame_0143_hp_preview.jpg
-0.966765 -4.700454 4.002118 255 68 68 R0 pano_camera1/frame_0144_hp_preview.jpg
-0.898556 -4.799549 3.860129 255 68 68 R0 pano_camera1/frame_0145_hp_preview.jpg
-1.095819 -3.945669 3.758673 255 68 68 R0 pano_camera1/frame_0157_hp_preview.jpg
-1.140440 -3.793765 3.794681 255 68 68 R0 pano_camera1/frame_0158_hp_preview.jpg
-1.173501 -3.721389 3.869895 255 68 68 R0 pano_camera1/frame_0159_hp_preview.jpg
-1.409340 -3.333731 4.345822 255 68 68 R0 pano_camera1/frame_0160_hp_preview.jpg
-1.523706 -3.072242 4.519662 255 68 68 R0 pano_camera1/frame_0161_hp_preview.jpg
-1.646090 -2.712280 4.692733 255 68 68 R0 pano_camera1/frame_0162_hp_preview.jpg
-1.720915 -2.475276 4.775205 255 68 68 R0 pano_camera1/frame_0163_hp_preview.jpg
-1.789240 -2.225230 4.837078 255 68 68 R0 pano_camera1/frame_0164_hp_preview.jpg
-1.840207 -1.855024 4.701287 255 68 68 R0 pano_camera1/frame_0165_hp_preview.jpg
-1.823112 -1.738384 4.528787 255 68 68 R0 pano_camera1/frame_0166_hp_preview.jpg
-1.743030 -1.598595 4.123317 255 68 68 R0 pano_camera1/frame_0167_hp_preview.jpg
-1.620091 -1.748449 3.784620 255 68 68 R0 pano_camera1/frame_0168_hp_preview.jpg
-1.560994 -1.860359 3.709335 255 68 68 R0 pano_camera1/frame_0169_hp_preview.jpg
-1.333422 -2.503967 3.386351 255 68 68 R0 pano_camera1/frame_0170_hp_preview.jpg
-1.288551 -2.586877 3.349026 255 68 68 R0 pano_camera1/frame_0171_hp_preview.jpg
-1.153671 -2.993306 3.153426 255 68 68 R0 pano_camera1/frame_0172_hp_preview.jpg
-1.016637 -3.161978 2.831921 255 68 68 R0 pano_camera1/frame_0173_hp_preview.jpg
-0.934972 -3.055151 2.462561 255 68 68 R0 pano_camera1/frame_0174_hp_preview.jpg
-0.931769 -3.047332 2.455450 255 68 68 R0 pano_camera1/frame_0175_hp_preview.jpg
-0.968836 -2.667919 2.232822 255 68 68 R0 pano_camera1/frame_0176_hp_preview.jpg
-1.009274 -2.423851 2.203411 255 68 68 R0 pano_camera1/frame_0177_hp_preview.jpg
-1.080731 -1.985629 2.075004 255 68 68 R0 pano_camera1/frame_0178_hp_preview.jpg
-1.045937 -1.747089 1.748111 255 68 68 R0 pano_camera1/frame_0179_hp_preview.jpg
-0.992737 -1.757717 1.557509 255 68 68 R0 pano_camera1/frame_0180_hp_preview.jpg
-0.914447 -1.946554 1.377386 255 68 68 R0 pano_camera1/frame_0181_hp_preview.jpg
-0.839425 -2.172185 1.290069 255 68 68 R0 pano_camera1/frame_0182_hp_preview.jpg
-0.699359 -2.463302 1.070872 255 68 68 R0 pano_camera1/frame_0183_hp_preview.jpg
-0.684756 -2.361810 0.884716 255 68 68 R0 pano_camera1/frame_0184_hp_preview.jpg
-0.720244 -2.204510 0.881706 255 68 68 R0 pano_camera1/frame_0185_hp_preview.jpg
-0.796262 -1.987047 0.951911 255 68 68 R0 pano_camera1/frame_0186_hp_preview.jpg
-0.865203 -1.765112 1.014121 255 68 68 R0 pano_camera1/frame_0187_hp_preview.jpg
-0.936784 -1.455872 1.017026 255 68 68 R0 pano_camera1/frame_0188_hp_preview.jpg
-0.950485 -1.193305 0.842140 255 68 68 R0 pano_camera1/frame_0189_hp_preview.jpg
-0.943547 -1.167946 0.816497 255 68 68 R0 pano_camera1/frame_0190_hp_preview.jpg
-0.898021 -1.065842 0.568559 255 68 68 R0 pano_camera1/frame_0191_hp_preview.jpg
-0.783245 -1.156125 0.239555 255 68 68 R0 pano_camera1/frame_0192_hp_preview.jpg
-0.693695 -1.346187 0.049050 255 68 68 R0 pano_camera1/frame_0193_hp_preview.jpg
-0.584471 -1.628485 -0.143586 255 68 68 R0 pano_camera1/frame_0194_hp_preview.jpg
-0.494305 -1.812369 -0.293792 255 68 68 R0 pano_camera1/frame_0195_hp_preview.jpg
-0.445895 -1.841511 -0.492532 255 68 68 R0 pano_camera1/frame_0196_hp_preview.jpg
-0.355356 -1.749459 -0.894426 255 68 68 R0 pano_camera1/frame_0197_hp_preview.jpg
-0.242008 -1.514790 -1.447416 255 68 68 R0 pano_camera1/frame_0198_hp_preview.jpg
-0.208001 -1.445972 -1.609035 255 68 68 R0 pano_camera1/frame_0199_hp_preview.jpg
-0.085788 -0.999108 -2.313958 255 68 68 R0 pano_camera1/frame_0200_hp_preview.jpg
-0.012874 -1.020659 -2.385935 255 68 68 R0 pano_camera1/frame_0201_hp_preview.jpg
-0.476342 -0.686855 -1.286221 255 68 68 R0 pano_camera1/frame_0226_hp_preview.jpg
-0.956221 0.210931 -0.311313 255 68 68 R0 pano_camera1/frame_0240_hp_preview.jpg
-0.981890 0.212383 -0.248570 255 68 68 R0 pano_camera1/frame_0241_hp_preview.jpg
-1.088179 0.379628 -0.028692 255 68 68 R0 pano_camera1/frame_0242_hp_preview.jpg
-1.125390 0.309850 0.155749 255 68 68 R0 pano_camera1/frame_0243_hp_preview.jpg
-1.093822 0.104721 0.207746 255 68 68 R0 pano_camera1/frame_0244_hp_preview.jpg
-1.088556 0.011255 0.255302 255 68 68 R0 pano_camera1/frame_0245_hp_preview.jpg
-1.094785 -0.233908 0.390702 255 68 68 R0 pano_camera1/frame_0246_hp_preview.jpg
-1.047463 -0.371162 0.364206 255 68 68 R0 pano_camera1/frame_0247_hp_preview.jpg
-1.026766 -0.649333 0.528909 255 68 68 R0 pano_camera1/frame_0248_hp_preview.jpg
-1.030031 -0.678155 0.557683 255 68 68 R0 pano_camera1/frame_0249_hp_preview.jpg
-1.085837 -1.146385 1.181070 255 68 68 R0 pano_camera1/frame_0250_hp_preview.jpg
-1.088739 -1.154043 1.192645 255 68 68 R0 pano_camera1/frame_0251_hp_preview.jpg
-1.168165 -1.328104 1.675807 255 68 68 R0 pano_camera1/frame_0252_hp_preview.jpg
-1.298865 -1.324668 2.219843 255 68 68 R0 pano_camera1/frame_0253_hp_preview.jpg
-1.427538 -0.982691 2.435355 255 68 68 R0 pano_camera1/frame_0254_hp_preview.jpg
-1.438201 -0.941965 2.426224 255 68 68 R0 pano_camera1/frame_0255_hp_preview.jpg
-1.351658 -0.619147 1.975739 255 68 68 R0 pano_camera1/frame_0256_hp_preview.jpg
-1.197296 -0.512492 1.808461 255 68 68 R0 pano_camera1/frame_0257_hp_preview.jpg
-1.107156 -0.464425 1.752938 255 68 68 R0 pano_camera1/frame_0258_hp_preview.jpg
-1.010755 -0.405610 1.634538 255 68 68 R0 pano_camera1/frame_0259_hp_preview.jpg
-0.718068 -0.248245 1.392380 255 68 68 R0 pano_camera1/frame_0260_hp_preview.jpg
-0.713938 -0.246746 1.386513 255 68 68 R0 pano_camera1/frame_0261_hp_preview.jpg
-0.420459 -0.054977 1.145890 255 68 68 R0 pano_camera1/frame_0262_hp_preview.jpg
-0.411125 -0.044661 1.138913 255 68 68 R0 pano_camera1/frame_0263_hp_preview.jpg
-0.248845 0.052194 1.016789 255 68 68 R0 pano_camera1/frame_0264_hp_preview.jpg
-0.041556 0.192589 0.822675 255 68 68 R0 pano_camera1/frame_0265_hp_preview.jpg
0.148272 0.208699 0.635583 255 68 68 R0 pano_camera1/frame_0266_hp_preview.jpg
0.286320 0.160053 0.467761 255 68 68 R0 pano_camera1/frame_0267_hp_preview.jpg
0.381870 -0.090491 0.316933 255 68 68 R0 pano_camera1/frame_0268_hp_preview.jpg
0.555407 -0.533265 0.101865 255 68 68 R0 pano_camera1/frame_0269_hp_preview.jpg
0.647158 -0.743854 0.023060 255 68 68 R0 pano_camera1/frame_0270_hp_preview.jpg
0.775347 -1.157941 -0.102635 255 68 68 R0 pano_camera1/frame_0271_hp_preview.jpg
0.904976 -1.541152 -0.223365 255 68 68 R0 pano_camera1/frame_0272_hp_preview.jpg
0.986340 -1.748531 -0.297515 255 68 68 R0 pano_camera1/frame_0273_hp_preview.jpg
1.205202 -2.417270 -0.523717 255 68 68 R0 pano_camera1/frame_0274_hp_preview.jpg
1.234712 -2.485569 -0.556081 255 68 68 R0 pano_camera1/frame_0275_hp_preview.jpg
1.421436 -3.023783 -0.748430 255 68 68 R0 pano_camera1/frame_0276_hp_preview.jpg
1.486046 -3.185330 -0.819981 255 68 68 R0 pano_camera1/frame_0277_hp_preview.jpg
1.689093 -3.678913 -1.056574 255 68 68 R0 pano_camera1/frame_0278_hp_preview.jpg
1.773398 -3.946261 -1.138492 255 68 68 R0 pano_camera1/frame_0279_hp_preview.jpg
2.018151 -4.622812 -1.412532 255 68 68 R0 pano_camera1/frame_0280_hp_preview.jpg
2.057762 -4.750179 -1.452852 255 68 68 R0 pano_camera1/frame_0281_hp_preview.jpg
2.123017 -4.932994 -1.546750 255 68 68 R0 pano_camera1/frame_0282_hp_preview.jpg
2.205958 -5.066854 -1.737385 255 68 68 R0 pano_camera1/frame_0283_hp_preview.jpg
2.294510 -5.000192 -2.149331 255 68 68 R0 pano_camera1/frame_0284_hp_preview.jpg
2.295376 -4.972607 -2.185759 255 68 68 R0 pano_camera1/frame_0285_hp_preview.jpg
2.323528 -4.785742 -2.453310 255 68 68 R0 pano_camera1/frame_0286_hp_preview.jpg
2.311603 -4.596108 -2.519140 255 68 68 R0 pano_camera1/frame_0287_hp_preview.jpg
2.288419 -4.352375 -2.611896 255 68 68 R0 pano_camera1/frame_0288_hp_preview.jpg
2.295857 -4.224993 -2.728132 255 68 68 R0 pano_camera1/frame_0289_hp_preview.jpg
2.359403 -4.190726 -2.993775 255 68 68 R0 pano_camera1/frame_0290_hp_preview.jpg
2.509487 -4.242926 -3.527108 255 68 68 R0 pano_camera1/frame_0291_hp_preview.jpg
2.567185 -4.236362 -3.741708 255 68 68 R0 pano_camera1/frame_0292_hp_preview.jpg
2.612278 -4.242912 -3.918312 255 68 68 R0 pano_camera1/frame_0293_hp_preview.jpg
2.674538 -3.928049 -4.472605 255 68 68 R0 pano_camera1/frame_0294_hp_preview.jpg
2.672454 -3.883756 -4.498966 255 68 68 R0 pano_camera1/frame_0295_hp_preview.jpg
2.530038 -3.326691 -4.493613 255 68 68 R0 pano_camera1/frame_0296_hp_preview.jpg
2.411879 -3.143066 -4.207376 255 68 68 R0 pano_camera1/frame_0297_hp_preview.jpg
2.299265 -3.040475 -3.935682 255 68 68 R0 pano_camera1/frame_0298_hp_preview.jpg
2.226659 -2.965870 -3.716665 255 68 68 R0 pano_camera1/frame_0299_hp_preview.jpg
2.081212 -2.817104 -3.302722 255 68 68 R0 pano_camera1/frame_0300_hp_preview.jpg
1.965894 -2.736119 -3.015108 255 68 68 R0 pano_camera1/frame_0301_hp_preview.jpg
1.864859 -2.683399 -2.713326 255 68 68 R0 pano_camera1/frame_0302_hp_preview.jpg
1.754770 -2.675598 -2.274134 255 68 68 R0 pano_camera1/frame_0303_hp_preview.jpg
1.686646 -2.665943 -2.055310 255 68 68 R0 pano_camera1/frame_0304_hp_preview.jpg
1.523574 -2.591831 -1.554093 255 68 68 R0 pano_camera1/frame_0305_hp_preview.jpg
1.340103 -2.400859 -1.095633 255 68 68 R0 pano_camera1/frame_0306_hp_preview.jpg
1.215570 -2.223867 -0.823454 255 68 68 R0 pano_camera1/frame_0307_hp_preview.jpg
1.190420 -2.160027 -0.765960 255 68 68 R0 pano_camera1/frame_0308_hp_preview.jpg
1.047679 -1.725843 -0.625871 255 68 68 R0 pano_camera1/frame_0309_hp_preview.jpg
0.995119 -1.284847 -0.774935 255 68 68 R0 pano_camera1/frame_0310_hp_preview.jpg
1.020424 -1.128047 -1.052214 255 68 68 R0 pano_camera1/frame_0311_hp_preview.jpg
1.138762 -1.073792 -1.480932 255 68 68 R0 pano_camera1/frame_0312_hp_preview.jpg
1.228663 -1.089527 -1.786412 255 68 68 R0 pano_camera1/frame_0313_hp_preview.jpg
1.312548 -1.130710 -2.054355 255 68 68 R0 pano_camera1/frame_0314_hp_preview.jpg
1.517960 -1.212829 -2.712008 255 68 68 R0 pano_camera1/frame_0315_hp_preview.jpg
1.535635 -1.213568 -2.760328 255 68 68 R0 pano_camera1/frame_0316_hp_preview.jpg
1.648742 -1.220076 -3.197474 255 68 68 R0 pano_camera1/frame_0317_hp_preview.jpg
1.725425 -1.062633 -3.646387 255 68 68 R0 pano_camera1/frame_0318_hp_preview.jpg
1.711680 -0.945813 -3.695038 255 68 68 R0 pano_camera1/frame_0319_hp_preview.jpg
1.652336 -0.592659 -3.709197 255 68 68 R0 pano_camera1/frame_0320_hp_preview.jpg
1.429522 0.023043 -3.434282 255 68 68 R0 pano_camera1/frame_0321_hp_preview.jpg
1.414639 0.057629 -3.413713 255 68 68 R0 pano_camera1/frame_0322_hp_preview.jpg
1.238755 0.282861 -3.027402 255 68 68 R0 pano_camera1/frame_0323_hp_preview.jpg
1.104935 0.353064 -2.572395 255 68 68 R0 pano_camera1/frame_0324_hp_preview.jpg
1.081647 0.369690 -2.532180 255 68 68 R0 pano_camera1/frame_0325_hp_preview.jpg
0.904116 0.688020 -2.190968 255 68 68 R0 pano_camera1/frame_0326_hp_preview.jpg
0.848381 0.949237 -2.229106 255 68 68 R0 pano_camera1/frame_0327_hp_preview.jpg
0.850359 1.067482 -2.305141 255 68 68 R0 pano_camera1/frame_0328_hp_preview.jpg
0.870261 1.214617 -2.490182 255 68 68 R0 pano_camera1/frame_0329_hp_preview.jpg
0.866505 1.514347 -2.719464 255 68 68 R0 pano_camera1/frame_0330_hp_preview.jpg
0.820147 1.646316 -2.674441 255 68 68 R0 pano_camera1/frame_0331_hp_preview.jpg
0.705363 1.604338 -2.264328 255 68 68 R0 pano_camera1/frame_0332_hp_preview.jpg
0.681802 1.474539 -2.095242 255 68 68 R0 pano_camera1/frame_0333_hp_preview.jpg
0.627422 1.295632 -1.754663 255 68 68 R0 pano_camera1/frame_0334_hp_preview.jpg
0.588179 1.246157 -1.559300 255 68 68 R0 pano_camera1/frame_0335_hp_preview.jpg
0.536277 1.178299 -1.346821 255 68 68 R0 pano_camera1/frame_0336_hp_preview.jpg
0.415523 1.081336 -0.858579 255 68 68 R0 pano_camera1/frame_0337_hp_preview.jpg
0.361157 1.037556 -0.612275 255 68 68 R0 pano_camera1/frame_0338_hp_preview.jpg
0.195824 0.969542 0.021274 255 68 68 R0 pano_camera1/frame_0339_hp_preview.jpg
0.105671 0.989011 0.427492 255 68 68 R0 pano_camera1/frame_0340_hp_preview.jpg
0.070837 0.984254 0.533568 255 68 68 R0 pano_camera1/frame_0341_hp_preview.jpg
-0.005356 0.942454 0.852273 255 68 68 R0 pano_camera1/frame_0342_hp_preview.jpg
-0.077534 0.814210 1.245891 255 68 68 R0 pano_camera1/frame_0343_hp_preview.jpg
-0.186094 0.946862 1.551702 255 68 68 R0 pano_camera1/frame_0344_hp_preview.jpg
-0.194486 1.162505 1.397365 255 68 68 R0 pano_camera1/frame_0345_hp_preview.jpg
-0.168601 1.299079 1.165892 255 68 68 R0 pano_camera1/frame_0346_hp_preview.jpg
-0.118559 1.340980 0.944399 255 68 68 R0 pano_camera1/frame_0347_hp_preview.jpg
-0.062935 1.399373 0.695187 255 68 68 R0 pano_camera1/frame_0348_hp_preview.jpg
0.057068 1.535954 0.101732 255 68 68 R0 pano_camera1/frame_0349_hp_preview.jpg
0.082511 1.664444 -0.153729 255 68 68 R0 pano_camera1/frame_0350_hp_preview.jpg
0.103042 1.770473 -0.338431 255 68 68 R0 pano_camera1/frame_0351_hp_preview.jpg
0.107275 2.133332 -0.661774 255 68 68 R0 pano_camera1/frame_0352_hp_preview.jpg
0.098654 2.336614 -0.756771 255 68 68 R0 pano_camera1/frame_0353_hp_preview.jpg
0.107478 2.631557 -1.025876 255 68 68 R0 pano_camera1/frame_0354_hp_preview.jpg
0.158459 2.697029 -1.220992 255 68 68 R0 pano_camera1/frame_0355_hp_preview.jpg
0.309162 2.517656 -1.576984 255 68 68 R0 pano_camera1/frame_0356_hp_preview.jpg
0.397657 2.371320 -1.823835 255 68 68 R0 pano_camera1/frame_0357_hp_preview.jpg
0.412492 2.304755 -1.890797 255 68 68 R0 pano_camera1/frame_0358_hp_preview.jpg
0.415700 2.267168 -1.904399 255 68 68 R0 pano_camera1/frame_0359_hp_preview.jpg
0.425000 2.313749 -1.920808 255 68 68 R0 pano_camera1/frame_0360_hp_preview.jpg
0.425327 2.312543 -1.924958 255 68 68 R0 pano_camera1/frame_0361_hp_preview.jpg
0.501619 2.349217 -2.200644 255 68 68 R0 pano_camera1/frame_0362_hp_preview.jpg
0.505572 2.460278 -2.293892 255 68 68 R0 pano_camera1/frame_0363_hp_preview.jpg
0.501648 2.707590 -2.383415 255 68 68 R0 pano_camera1/frame_0364_hp_preview.jpg
0.475039 2.798052 -2.358420 255 68 68 R0 pano_camera1/frame_0365_hp_preview.jpg
0.335476 2.940766 -2.011185 255 68 68 R0 pano_camera1/frame_0366_hp_preview.jpg
0.316775 2.933663 -1.949924 255 68 68 R0 pano_camera1/frame_0367_hp_preview.jpg
0.228858 2.877101 -1.632733 255 68 68 R0 pano_camera1/frame_0368_hp_preview.jpg
0.072336 2.754793 -0.972461 255 68 68 R0 pano_camera1/frame_0369_hp_preview.jpg
-0.020076 2.810661 -0.797497 255 68 68 R0 pano_camera1/frame_0370_hp_preview.jpg
-0.055005 2.983965 -0.704401 255 68 68 R0 pano_camera1/frame_0371_hp_preview.jpg
-0.085706 3.275206 -0.862731 255 68 68 R0 pano_camera1/frame_0372_hp_preview.jpg
-0.031442 3.449817 -1.170092 255 68 68 R0 pano_camera1/frame_0373_hp_preview.jpg
-0.005149 3.928866 -1.692164 255 68 68 R0 pano_camera1/frame_0374_hp_preview.jpg
-0.019849 4.108516 -1.760321 255 68 68 R0 pano_camera1/frame_0375_hp_preview.jpg
-0.064025 4.339179 -1.759550 255 68 68 R0 pano_camera1/frame_0376_hp_preview.jpg
-0.112782 4.529239 -1.728330 255 68 68 R0 pano_camera1/frame_0377_hp_preview.jpg
-0.279377 5.108110 -1.524152 255 68 68 R0 pano_camera1/frame_0378_hp_preview.jpg
-0.351929 5.253242 -1.427838 255 68 68 R0 pano_camera1/frame_0379_hp_preview.jpg
-0.442248 5.420908 -1.257913 255 68 68 R0 pano_camera1/frame_0380_hp_preview.jpg
-0.569586 5.457390 -1.289344 255 68 68 R0 pano_camera1/frame_0381_hp_preview.jpg
-0.742627 5.490511 -1.192602 255 68 68 R0 pano_camera1/frame_0382_hp_preview.jpg
-0.628015 5.561372 -0.882234 255 68 68 R0 pano_camera1/frame_0383_hp_preview.jpg
-0.610576 5.536381 -0.871260 255 68 68 R0 pano_camera1/frame_0384_hp_preview.jpg
-0.640022 5.438735 -0.637656 255 68 68 R0 pano_camera1/frame_0385_hp_preview.jpg
-0.726661 5.256546 -0.132506 255 68 68 R0 pano_camera1/frame_0386_hp_preview.jpg
-0.779248 5.194747 0.106171 255 68 68 R0 pano_camera1/frame_0387_hp_preview.jpg
-0.918229 4.934546 0.835289 255 68 68 R0 pano_camera1/frame_0388_hp_preview.jpg
-1.003775 4.729486 1.288130 255 68 68 R0 pano_camera1/frame_0389_hp_preview.jpg
-1.038725 4.626800 1.461694 255 68 68 R0 pano_camera1/frame_0390_hp_preview.jpg
-1.036690 4.287536 1.766766 255 68 68 R0 pano_camera1/frame_0391_hp_preview.jpg
-1.014002 4.195995 1.751601 255 68 68 R0 pano_camera1/frame_0392_hp_preview.jpg
-0.960057 4.185468 1.566262 255 68 68 R0 pano_camera1/frame_0393_hp_preview.jpg
-0.946847 4.308163 1.380026 255 68 68 R0 pano_camera1/frame_0394_hp_preview.jpg
-0.921072 4.525460 1.076904 255 68 68 R0 pano_camera1/frame_0395_hp_preview.jpg
-0.846746 4.640003 0.714198 255 68 68 R0 pano_camera1/frame_0396_hp_preview.jpg
-0.667282 4.349824 0.393671 255 68 68 R0 pano_camera1/frame_0397_hp_preview.jpg
-0.618462 4.194643 0.342120 255 68 68 R0 pano_camera1/frame_0398_hp_preview.jpg
-0.541263 3.741298 0.475124 255 68 68 R0 pano_camera1/frame_0399_hp_preview.jpg
-0.614949 3.474703 0.912241 255 68 68 R0 pano_camera1/frame_0400_hp_preview.jpg
-0.673577 3.292103 1.271204 255 68 68 R0 pano_camera1/frame_0401_hp_preview.jpg
-0.677387 3.277407 1.294090 255 68 68 R0 pano_camera1/frame_0402_hp_preview.jpg
-0.736937 3.109667 1.635587 255 68 68 R0 pano_camera1/frame_0403_hp_preview.jpg
-0.663007 2.618312 1.791725 255 68 68 R0 pano_camera1/frame_0404_hp_preview.jpg
-0.643878 2.585167 1.774961 255 68 68 R0 pano_camera1/frame_0405_hp_preview.jpg
-0.468819 2.325343 1.407412 255 68 68 R0 pano_camera1/frame_0406_hp_preview.jpg
-0.404706 2.477952 0.992568 255 68 68 R0 pano_camera1/frame_0407_hp_preview.jpg
-0.363442 2.568097 0.780517 255 68 68 R0 pano_camera1/frame_0408_hp_preview.jpg
-0.343686 2.637905 0.623736 255 68 68 R0 pano_camera1/frame_0409_hp_preview.jpg
-0.235941 2.656530 0.277837 255 68 68 R0 pano_camera1/frame_0410_hp_preview.jpg
-0.029787 2.213803 -0.114345 255 68 68 R0 pano_camera1/frame_0411_hp_preview.jpg
-0.010521 2.139289 -0.149748 255 68 68 R0 pano_camera1/frame_0412_hp_preview.jpg
0.068697 1.969193 -0.274422 255 68 68 R0 pano_camera1/frame_0413_hp_preview.jpg
0.069565 1.988136 -0.285254 255 68 68 R0 pano_camera1/frame_0414_hp_preview.jpg
0.069213 1.989953 -0.284286 255 68 68 R0 pano_camera1/frame_0415_hp_preview.jpg
0.065869 1.985277 -0.285700 255 68 68 R0 pano_camera1/frame_0416_hp_preview.jpg
-0.952295 -4.174641 3.405224 255 68 68 R0 pano_camera2/frame_0140_hp_preview.jpg
-0.968018 -4.260264 3.563440 255 68 68 R0 pano_camera2/frame_0141_hp_preview.jpg
-1.014635 -4.403939 3.851112 255 68 68 R0 pano_camera2/frame_0142_hp_preview.jpg
-1.023715 -4.526068 3.990164 255 68 68 R0 pano_camera2/frame_0143_hp_preview.jpg
-0.966765 -4.700454 4.002118 255 68 68 R0 pano_camera2/frame_0144_hp_preview.jpg
-0.898556 -4.799549 3.860129 255 68 68 R0 pano_camera2/frame_0145_hp_preview.jpg
-1.095819 -3.945669 3.758673 255 68 68 R0 pano_camera2/frame_0157_hp_preview.jpg
-1.140440 -3.793765 3.794681 255 68 68 R0 pano_camera2/frame_0158_hp_preview.jpg
-1.173501 -3.721389 3.869895 255 68 68 R0 pano_camera2/frame_0159_hp_preview.jpg
-1.409340 -3.333731 4.345822 255 68 68 R0 pano_camera2/frame_0160_hp_preview.jpg
-1.523706 -3.072242 4.519662 255 68 68 R0 pano_camera2/frame_0161_hp_preview.jpg
-1.646090 -2.712280 4.692733 255 68 68 R0 pano_camera2/frame_0162_hp_preview.jpg
-1.720915 -2.475276 4.775205 255 68 68 R0 pano_camera2/frame_0163_hp_preview.jpg
-1.789240 -2.225230 4.837078 255 68 68 R0 pano_camera2/frame_0164_hp_preview.jpg
-1.840207 -1.855024 4.701287 255 68 68 R0 pano_camera2/frame_0165_hp_preview.jpg
-1.823112 -1.738384 4.528787 255 68 68 R0 pano_camera2/frame_0166_hp_preview.jpg
-1.743030 -1.598595 4.123317 255 68 68 R0 pano_camera2/frame_0167_hp_preview.jpg
-1.620091 -1.748449 3.784620 255 68 68 R0 pano_camera2/frame_0168_hp_preview.jpg
-1.560994 -1.860359 3.709335 255 68 68 R0 pano_camera2/frame_0169_hp_preview.jpg
-1.333422 -2.503967 3.386351 255 68 68 R0 pano_camera2/frame_0170_hp_preview.jpg
-1.288551 -2.586877 3.349026 255 68 68 R0 pano_camera2/frame_0171_hp_preview.jpg
-1.153671 -2.993306 3.153426 255 68 68 R0 pano_camera2/frame_0172_hp_preview.jpg
-1.016637 -3.161978 2.831921 255 68 68 R0 pano_camera2/frame_0173_hp_preview.jpg
-0.934972 -3.055151 2.462561 255 68 68 R0 pano_camera2/frame_0174_hp_preview.jpg
-0.931769 -3.047332 2.455450 255 68 68 R0 pano_camera2/frame_0175_hp_preview.jpg
-0.968836 -2.667919 2.232822 255 68 68 R0 pano_camera2/frame_0176_hp_preview.jpg
-1.009274 -2.423851 2.203411 255 68 68 R0 pano_camera2/frame_0177_hp_preview.jpg
-1.080731 -1.985629 2.075004 255 68 68 R0 pano_camera2/frame_0178_hp_preview.jpg
-1.045937 -1.747089 1.748111 255 68 68 R0 pano_camera2/frame_0179_hp_preview.jpg
-0.992737 -1.757717 1.557509 255 68 68 R0 pano_camera2/frame_0180_hp_preview.jpg
-0.914447 -1.946554 1.377386 255 68 68 R0 pano_camera2/frame_0181_hp_preview.jpg
-0.839425 -2.172185 1.290069 255 68 68 R0 pano_camera2/frame_0182_hp_preview.jpg
-0.699359 -2.463302 1.070872 255 68 68 R0 pano_camera2/frame_0183_hp_preview.jpg
-0.684756 -2.361810 0.884716 255 68 68 R0 pano_camera2/frame_0184_hp_preview.jpg
-0.720244 -2.204510 0.881706 255 68 68 R0 pano_camera2/frame_0185_hp_preview.jpg
-0.796262 -1.987047 0.951911 255 68 68 R0 pano_camera2/frame_0186_hp_preview.jpg
-0.865203 -1.765112 1.014121 255 68 68 R0 pano_camera2/frame_0187_hp_preview.jpg
-0.936784 -1.455872 1.017026 255 68 68 R0 pano_camera2/frame_0188_hp_preview.jpg
-0.950485 -1.193305 0.842140 255 68 68 R0 pano_camera2/frame_0189_hp_preview.jpg
-0.943547 -1.167946 0.816497 255 68 68 R0 pano_camera2/frame_0190_hp_preview.jpg
-0.898021 -1.065842 0.568559 255 68 68 R0 pano_camera2/frame_0191_hp_preview.jpg
-0.783245 -1.156125 0.239555 255 68 68 R0 pano_camera2/frame_0192_hp_preview.jpg
-0.693695 -1.346187 0.049050 255 68 68 R0 pano_camera2/frame_0193_hp_preview.jpg
-0.584471 -1.628485 -0.143586 255 68 68 R0 pano_camera2/frame_0194_hp_preview.jpg
-0.494305 -1.812369 -0.293792 255 68 68 R0 pano_camera2/frame_0195_hp_preview.jpg
-0.445895 -1.841511 -0.492532 255 68 68 R0 pano_camera2/frame_0196_hp_preview.jpg
-0.355356 -1.749459 -0.894426 255 68 68 R0 pano_camera2/frame_0197_hp_preview.jpg
-0.242008 -1.514790 -1.447416 255 68 68 R0 pano_camera2/frame_0198_hp_preview.jpg
-0.208001 -1.445972 -1.609035 255 68 68 R0 pano_camera2/frame_0199_hp_preview.jpg
-0.085788 -0.999108 -2.313958 255 68 68 R0 pano_camera2/frame_0200_hp_preview.jpg
-0.012874 -1.020659 -2.385935 255 68 68 R0 pano_camera2/frame_0201_hp_preview.jpg
-0.476342 -0.686855 -1.286221 255 68 68 R0 pano_camera2/frame_0226_hp_preview.jpg
-0.956221 0.210931 -0.311313 255 68 68 R0 pano_camera2/frame_0240_hp_preview.jpg
-0.981890 0.212383 -0.248570 255 68 68 R0 pano_camera2/frame_0241_hp_preview.jpg
-1.088179 0.379628 -0.028692 255 68 68 R0 pano_camera2/frame_0242_hp_preview.jpg
-1.125390 0.309850 0.155749 255 68 68 R0 pano_camera2/frame_0243_hp_preview.jpg
-1.093822 0.104721 0.207746 255 68 68 R0 pano_camera2/frame_0244_hp_preview.jpg
-1.088556 0.011255 0.255302 255 68 68 R0 pano_camera2/frame_0245_hp_preview.jpg
-1.094785 -0.233908 0.390702 255 68 68 R0 pano_camera2/frame_0246_hp_preview.jpg
-1.047463 -0.371162 0.364206 255 68 68 R0 pano_camera2/frame_0247_hp_preview.jpg
-1.026766 -0.649333 0.528909 255 68 68 R0 pano_camera2/frame_0248_hp_preview.jpg
-1.030031 -0.678155 0.557683 255 68 68 R0 pano_camera2/frame_0249_hp_preview.jpg
-1.085837 -1.146385 1.181070 255 68 68 R0 pano_camera2/frame_0250_hp_preview.jpg
-1.088739 -1.154043 1.192645 255 68 68 R0 pano_camera2/frame_0251_hp_preview.jpg
-1.168165 -1.328104 1.675807 255 68 68 R0 pano_camera2/frame_0252_hp_preview.jpg
-1.298865 -1.324668 2.219843 255 68 68 R0 pano_camera2/frame_0253_hp_preview.jpg
-1.427538 -0.982691 2.435355 255 68 68 R0 pano_camera2/frame_0254_hp_preview.jpg
-1.438201 -0.941965 2.426224 255 68 68 R0 pano_camera2/frame_0255_hp_preview.jpg
-1.351658 -0.619147 1.975739 255 68 68 R0 pano_camera2/frame_0256_hp_preview.jpg
-1.197296 -0.512492 1.808461 255 68 68 R0 pano_camera2/frame_0257_hp_preview.jpg
-1.107156 -0.464425 1.752938 255 68 68 R0 pano_camera2/frame_0258_hp_preview.jpg
-1.010755 -0.405610 1.634538 255 68 68 R0 pano_camera2/frame_0259_hp_preview.jpg
-0.718068 -0.248245 1.392380 255 68 68 R0 pano_camera2/frame_0260_hp_preview.jpg
-0.713938 -0.246746 1.386513 255 68 68 R0 pano_camera2/frame_0261_hp_preview.jpg
-0.420459 -0.054977 1.145890 255 68 68 R0 pano_camera2/frame_0262_hp_preview.jpg
-0.411125 -0.044661 1.138913 255 68 68 R0 pano_camera2/frame_0263_hp_preview.jpg
-0.248845 0.052194 1.016789 255 68 68 R0 pano_camera2/frame_0264_hp_preview.jpg
-0.041556 0.192589 0.822675 255 68 68 R0 pano_camera2/frame_0265_hp_preview.jpg
0.148272 0.208699 0.635583 255 68 68 R0 pano_camera2/frame_0266_hp_preview.jpg
0.286320 0.160053 0.467761 255 68 68 R0 pano_camera2/frame_0267_hp_preview.jpg
0.381870 -0.090491 0.316933 255 68 68 R0 pano_camera2/frame_0268_hp_preview.jpg
0.555407 -0.533265 0.101865 255 68 68 R0 pano_camera2/frame_0269_hp_preview.jpg
0.647158 -0.743854 0.023060 255 68 68 R0 pano_camera2/frame_0270_hp_preview.jpg
0.775347 -1.157941 -0.102635 255 68 68 R0 pano_camera2/frame_0271_hp_preview.jpg
0.904976 -1.541152 -0.223365 255 68 68 R0 pano_camera2/frame_0272_hp_preview.jpg
0.986340 -1.748531 -0.297515 255 68 68 R0 pano_camera2/frame_0273_hp_preview.jpg
1.205202 -2.417270 -0.523717 255 68 68 R0 pano_camera2/frame_0274_hp_preview.jpg
1.234712 -2.485569 -0.556081 255 68 68 R0 pano_camera2/frame_0275_hp_preview.jpg
1.421436 -3.023783 -0.748430 255 68 68 R0 pano_camera2/frame_0276_hp_preview.jpg
1.486046 -3.185330 -0.819981 255 68 68 R0 pano_camera2/frame_0277_hp_preview.jpg
1.689093 -3.678913 -1.056574 255 68 68 R0 pano_camera2/frame_0278_hp_preview.jpg
1.773398 -3.946261 -1.138492 255 68 68 R0 pano_camera2/frame_0279_hp_preview.jpg
2.018151 -4.622812 -1.412532 255 68 68 R0 pano_camera2/frame_0280_hp_preview.jpg
2.057762 -4.750179 -1.452852 255 68 68 R0 pano_camera2/frame_0281_hp_preview.jpg
2.123017 -4.932994 -1.546750 255 68 68 R0 pano_camera2/frame_0282_hp_preview.jpg
2.205958 -5.066854 -1.737385 255 68 68 R0 pano_camera2/frame_0283_hp_preview.jpg
2.294510 -5.000192 -2.149331 255 68 68 R0 pano_camera2/frame_0284_hp_preview.jpg
2.295376 -4.972607 -2.185759 255 68 68 R0 pano_camera2/frame_0285_hp_preview.jpg
2.323528 -4.785742 -2.453310 255 68 68 R0 pano_camera2/frame_0286_hp_preview.jpg
2.311603 -4.596108 -2.519140 255 68 68 R0 pano_camera2/frame_0287_hp_preview.jpg
2.288419 -4.352375 -2.611896 255 68 68 R0 pano_camera2/frame_0288_hp_preview.jpg
2.295857 -4.224993 -2.728132 255 68 68 R0 pano_camera2/frame_0289_hp_preview.jpg
2.359403 -4.190726 -2.993775 255 68 68 R0 pano_camera2/frame_0290_hp_preview.jpg
2.509487 -4.242926 -3.527108 255 68 68 R0 pano_camera2/frame_0291_hp_preview.jpg
2.567185 -4.236362 -3.741708 255 68 68 R0 pano_camera2/frame_0292_hp_preview.jpg
2.612278 -4.242912 -3.918312 255 68 68 R0 pano_camera2/frame_0293_hp_preview.jpg
2.674538 -3.928049 -4.472605 255 68 68 R0 pano_camera2/frame_0294_hp_preview.jpg
2.672454 -3.883756 -4.498966 255 68 68 R0 pano_camera2/frame_0295_hp_preview.jpg
2.530038 -3.326691 -4.493613 255 68 68 R0 pano_camera2/frame_0296_hp_preview.jpg
2.411879 -3.143066 -4.207376 255 68 68 R0 pano_camera2/frame_0297_hp_preview.jpg
2.299265 -3.040475 -3.935682 255 68 68 R0 pano_camera2/frame_0298_hp_preview.jpg
2.226659 -2.965870 -3.716665 255 68 68 R0 pano_camera2/frame_0299_hp_preview.jpg
2.081212 -2.817104 -3.302722 255 68 68 R0 pano_camera2/frame_0300_hp_preview.jpg
1.965894 -2.736119 -3.015108 255 68 68 R0 pano_camera2/frame_0301_hp_preview.jpg
1.864859 -2.683399 -2.713326 255 68 68 R0 pano_camera2/frame_0302_hp_preview.jpg
1.754770 -2.675598 -2.274134 255 68 68 R0 pano_camera2/frame_0303_hp_preview.jpg
1.686646 -2.665943 -2.055310 255 68 68 R0 pano_camera2/frame_0304_hp_preview.jpg
1.523574 -2.591831 -1.554093 255 68 68 R0 pano_camera2/frame_0305_hp_preview.jpg
1.340103 -2.400859 -1.095633 255 68 68 R0 pano_camera2/frame_0306_hp_preview.jpg
1.215570 -2.223867 -0.823454 255 68 68 R0 pano_camera2/frame_0307_hp_preview.jpg
1.190420 -2.160027 -0.765960 255 68 68 R0 pano_camera2/frame_0308_hp_preview.jpg
1.047679 -1.725843 -0.625871 255 68 68 R0 pano_camera2/frame_0309_hp_preview.jpg
0.995119 -1.284847 -0.774935 255 68 68 R0 pano_camera2/frame_0310_hp_preview.jpg
1.020424 -1.128047 -1.052214 255 68 68 R0 pano_camera2/frame_0311_hp_preview.jpg
1.138762 -1.073792 -1.480932 255 68 68 R0 pano_camera2/frame_0312_hp_preview.jpg
1.228663 -1.089527 -1.786412 255 68 68 R0 pano_camera2/frame_0313_hp_preview.jpg
1.312548 -1.130710 -2.054355 255 68 68 R0 pano_camera2/frame_0314_hp_preview.jpg
1.517960 -1.212829 -2.712008 255 68 68 R0 pano_camera2/frame_0315_hp_preview.jpg
1.535635 -1.213568 -2.760328 255 68 68 R0 pano_camera2/frame_0316_hp_preview.jpg
1.648742 -1.220076 -3.197474 255 68 68 R0 pano_camera2/frame_0317_hp_preview.jpg
1.725425 -1.062633 -3.646387 255 68 68 R0 pano_camera2/frame_0318_hp_preview.jpg
1.711680 -0.945813 -3.695038 255 68 68 R0 pano_camera2/frame_0319_hp_preview.jpg
1.652336 -0.592659 -3.709197 255 68 68 R0 pano_camera2/frame_0320_hp_preview.jpg
1.429522 0.023043 -3.434282 255 68 68 R0 pano_camera2/frame_0321_hp_preview.jpg
1.414639 0.057629 -3.413713 255 68 68 R0 pano_camera2/frame_0322_hp_preview.jpg
1.238755 0.282861 -3.027402 255 68 68 R0 pano_camera2/frame_0323_hp_preview.jpg
1.104935 0.353064 -2.572395 255 68 68 R0 pano_camera2/frame_0324_hp_preview.jpg
1.081647 0.369690 -2.532180 255 68 68 R0 pano_camera2/frame_0325_hp_preview.jpg
0.904116 0.688020 -2.190968 255 68 68 R0 pano_camera2/frame_0326_hp_preview.jpg
0.848381 0.949237 -2.229106 255 68 68 R0 pano_camera2/frame_0327_hp_preview.jpg
0.850359 1.067482 -2.305141 255 68 68 R0 pano_camera2/frame_0328_hp_preview.jpg
0.870261 1.214617 -2.490182 255 68 68 R0 pano_camera2/frame_0329_hp_preview.jpg
0.866505 1.514347 -2.719464 255 68 68 R0 pano_camera2/frame_0330_hp_preview.jpg
0.820147 1.646316 -2.674441 255 68 68 R0 pano_camera2/frame_0331_hp_preview.jpg
0.705363 1.604338 -2.264328 255 68 68 R0 pano_camera2/frame_0332_hp_preview.jpg
0.681802 1.474539 -2.095242 255 68 68 R0 pano_camera2/frame_0333_hp_preview.jpg
0.627422 1.295632 -1.754663 255 68 68 R0 pano_camera2/frame_0334_hp_preview.jpg
0.588179 1.246157 -1.559300 255 68 68 R0 pano_camera2/frame_0335_hp_preview.jpg
0.536277 1.178299 -1.346821 255 68 68 R0 pano_camera2/frame_0336_hp_preview.jpg
0.415523 1.081336 -0.858579 255 68 68 R0 pano_camera2/frame_0337_hp_preview.jpg
0.361157 1.037556 -0.612275 255 68 68 R0 pano_camera2/frame_0338_hp_preview.jpg
0.195824 0.969542 0.021274 255 68 68 R0 pano_camera2/frame_0339_hp_preview.jpg
0.105671 0.989011 0.427492 255 68 68 R0 pano_camera2/frame_0340_hp_preview.jpg
0.070837 0.984254 0.533568 255 68 68 R0 pano_camera2/frame_0341_hp_preview.jpg
-0.005356 0.942454 0.852273 255 68 68 R0 pano_camera2/frame_0342_hp_preview.jpg
-0.077534 0.814210 1.245891 255 68 68 R0 pano_camera2/frame_0343_hp_preview.jpg
-0.186094 0.946862 1.551702 255 68 68 R0 pano_camera2/frame_0344_hp_preview.jpg
-0.194486 1.162505 1.397365 255 68 68 R0 pano_camera2/frame_0345_hp_preview.jpg
-0.168601 1.299079 1.165892 255 68 68 R0 pano_camera2/frame_0346_hp_preview.jpg
-0.118559 1.340980 0.944399 255 68 68 R0 pano_camera2/frame_0347_hp_preview.jpg
-0.062935 1.399373 0.695187 255 68 68 R0 pano_camera2/frame_0348_hp_preview.jpg
0.057068 1.535954 0.101732 255 68 68 R0 pano_camera2/frame_0349_hp_preview.jpg
0.082511 1.664444 -0.153729 255 68 68 R0 pano_camera2/frame_0350_hp_preview.jpg
0.103042 1.770473 -0.338431 255 68 68 R0 pano_camera2/frame_0351_hp_preview.jpg
0.107275 2.133332 -0.661774 255 68 68 R0 pano_camera2/frame_0352_hp_preview.jpg
0.098654 2.336614 -0.756771 255 68 68 R0 pano_camera2/frame_0353_hp_preview.jpg
0.107478 2.631557 -1.025876 255 68 68 R0 pano_camera2/frame_0354_hp_preview.jpg
0.158459 2.697029 -1.220992 255 68 68 R0 pano_camera2/frame_0355_hp_preview.jpg
0.309162 2.517656 -1.576984 255 68 68 R0 pano_camera2/frame_0356_hp_preview.jpg
0.397657 2.371320 -1.823835 255 68 68 R0 pano_camera2/frame_0357_hp_preview.jpg
0.412492 2.304755 -1.890797 255 68 68 R0 pano_camera2/frame_0358_hp_preview.jpg
0.415700 2.267168 -1.904399 255 68 68 R0 pano_camera2/frame_0359_hp_preview.jpg
0.425000 2.313749 -1.920808 255 68 68 R0 pano_camera2/frame_0360_hp_preview.jpg
0.425327 2.312543 -1.924958 255 68 68 R0 pano_camera2/frame_0361_hp_preview.jpg
0.501619 2.349217 -2.200644 255 68 68 R0 pano_camera2/frame_0362_hp_preview.jpg
0.505572 2.460278 -2.293892 255 68 68 R0 pano_camera2/frame_0363_hp_preview.jpg
0.501648 2.707590 -2.383415 255 68 68 R0 pano_camera2/frame_0364_hp_preview.jpg
0.475039 2.798052 -2.358420 255 68 68 R0 pano_camera2/frame_0365_hp_preview.jpg
0.335476 2.940766 -2.011185 255 68 68 R0 pano_camera2/frame_0366_hp_preview.jpg
0.316775 2.933663 -1.949924 255 68 68 R0 pano_camera2/frame_0367_hp_preview.jpg
0.228858 2.877101 -1.632733 255 68 68 R0 pano_camera2/frame_0368_hp_preview.jpg
0.072336 2.754793 -0.972461 255 68 68 R0 pano_camera2/frame_0369_hp_preview.jpg
-0.020076 2.810661 -0.797497 255 68 68 R0 pano_camera2/frame_0370_hp_preview.jpg
-0.055005 2.983965 -0.704401 255 68 68 R0 pano_camera2/frame_0371_hp_preview.jpg
-0.085706 3.275206 -0.862731 255 68 68 R0 pano_camera2/frame_0372_hp_preview.jpg
-0.031442 3.449817 -1.170092 255 68 68 R0 pano_camera2/frame_0373_hp_preview.jpg
-0.005149 3.928866 -1.692164 255 68 68 R0 pano_camera2/frame_0374_hp_preview.jpg
-0.019849 4.108516 -1.760321 255 68 68 R0 pano_camera2/frame_0375_hp_preview.jpg
-0.064025 4.339179 -1.759550 255 68 68 R0 pano_camera2/frame_0376_hp_preview.jpg
-0.112782 4.529239 -1.728330 255 68 68 R0 pano_camera2/frame_0377_hp_preview.jpg
-0.279377 5.108110 -1.524152 255 68 68 R0 pano_camera2/frame_0378_hp_preview.jpg
-0.351929 5.253242 -1.427838 255 68 68 R0 pano_camera2/frame_0379_hp_preview.jpg
-0.442248 5.420908 -1.257913 255 68 68 R0 pano_camera2/frame_0380_hp_preview.jpg
-0.569586 5.457390 -1.289344 255 68 68 R0 pano_camera2/frame_0381_hp_preview.jpg
-0.742627 5.490511 -1.192602 255 68 68 R0 pano_camera2/frame_0382_hp_preview.jpg
-0.628015 5.561372 -0.882234 255 68 68 R0 pano_camera2/frame_0383_hp_preview.jpg
-0.610576 5.536381 -0.871260 255 68 68 R0 pano_camera2/frame_0384_hp_preview.jpg
-0.640022 5.438735 -0.637656 255 68 68 R0 pano_camera2/frame_0385_hp_preview.jpg
-0.726661 5.256546 -0.132506 255 68 68 R0 pano_camera2/frame_0386_hp_preview.jpg
-0.779248 5.194747 0.106171 255 68 68 R0 pano_camera2/frame_0387_hp_preview.jpg
-0.918229 4.934546 0.835289 255 68 68 R0 pano_camera2/frame_0388_hp_preview.jpg
-1.003775 4.729486 1.288130 255 68 68 R0 pano_camera2/frame_0389_hp_preview.jpg
-1.038725 4.626800 1.461694 255 68 68 R0 pano_camera2/frame_0390_hp_preview.jpg
-1.036690 4.287536 1.766766 255 68 68 R0 pano_camera2/frame_0391_hp_preview.jpg
-1.014002 4.195995 1.751601 255 68 68 R0 pano_camera2/frame_0392_hp_preview.jpg
-0.960057 4.185468 1.566262 255 68 68 R0 pano_camera2/frame_0393_hp_preview.jpg
-0.946847 4.308163 1.380026 255 68 68 R0 pano_camera2/frame_0394_hp_preview.jpg
-0.921072 4.525460 1.076904 255 68 68 R0 pano_camera2/frame_0395_hp_preview.jpg
-0.846746 4.640003 0.714198 255 68 68 R0 pano_camera2/frame_0396_hp_preview.jpg
-0.667282 4.349824 0.393671 255 68 68 R0 pano_camera2/frame_0397_hp_preview.jpg
-0.618462 4.194643 0.342120 255 68 68 R0 pano_camera2/frame_0398_hp_preview.jpg
-0.541263 3.741298 0.475124 255 68 68 R0 pano_camera2/frame_0399_hp_preview.jpg
-0.614949 3.474703 0.912241 255 68 68 R0 pano_camera2/frame_0400_hp_preview.jpg
-0.673577 3.292103 1.271204 255 68 68 R0 pano_camera2/frame_0401_hp_preview.jpg
-0.677387 3.277407 1.294090 255 68 68 R0 pano_camera2/frame_0402_hp_preview.jpg
-0.736937 3.109667 1.635587 255 68 68 R0 pano_camera2/frame_0403_hp_preview.jpg
-0.663007 2.618312 1.791725 255 68 68 R0 pano_camera2/frame_0404_hp_preview.jpg
-0.643878 2.585167 1.774961 255 68 68 R0 pano_camera2/frame_0405_hp_preview.jpg
-0.468819 2.325343 1.407412 255 68 68 R0 pano_camera2/frame_0406_hp_preview.jpg
-0.404706 2.477952 0.992568 255 68 68 R0 pano_camera2/frame_0407_hp_preview.jpg
-0.363442 2.568097 0.780517 255 68 68 R0 pano_camera2/frame_0408_hp_preview.jpg
-0.343686 2.637905 0.623736 255 68 68 R0 pano_camera2/frame_0409_hp_preview.jpg
-0.235941 2.656530 0.277837 255 68 68 R0 pano_camera2/frame_0410_hp_preview.jpg
-0.029787 2.213803 -0.114345 255 68 68 R0 pano_camera2/frame_0411_hp_preview.jpg
-0.010521 2.139289 -0.149748 255 68 68 R0 pano_camera2/frame_0412_hp_preview.jpg
0.068697 1.969193 -0.274422 255 68 68 R0 pano_camera2/frame_0413_hp_preview.jpg
0.069565 1.988136 -0.285254 255 68 68 R0 pano_camera2/frame_0414_hp_preview.jpg
0.069213 1.989953 -0.284286 255 68 68 R0 pano_camera2/frame_0415_hp_preview.jpg
0.065869 1.985277 -0.285700 255 68 68 R0 pano_camera2/frame_0416_hp_preview.jpg
-0.952295 -4.174641 3.405224 255 68 68 R0 pano_camera3/frame_0140_hp_preview.jpg
-0.968018 -4.260264 3.563440 255 68 68 R0 pano_camera3/frame_0141_hp_preview.jpg
-1.014635 -4.403939 3.851112 255 68 68 R0 pano_camera3/frame_0142_hp_preview.jpg
-1.023715 -4.526068 3.990164 255 68 68 R0 pano_camera3/frame_0143_hp_preview.jpg
-0.966765 -4.700454 4.002118 255 68 68 R0 pano_camera3/frame_0144_hp_preview.jpg
-0.898556 -4.799549 3.860129 255 68 68 R0 pano_camera3/frame_0145_hp_preview.jpg
-1.095819 -3.945669 3.758673 255 68 68 R0 pano_camera3/frame_0157_hp_preview.jpg
-1.140440 -3.793765 3.794681 255 68 68 R0 pano_camera3/frame_0158_hp_preview.jpg
-1.173501 -3.721389 3.869895 255 68 68 R0 pano_camera3/frame_0159_hp_preview.jpg
-1.409340 -3.333731 4.345822 255 68 68 R0 pano_camera3/frame_0160_hp_preview.jpg
-1.523706 -3.072242 4.519662 255 68 68 R0 pano_camera3/frame_0161_hp_preview.jpg
-1.646090 -2.712280 4.692733 255 68 68 R0 pano_camera3/frame_0162_hp_preview.jpg
-1.720915 -2.475276 4.775205 255 68 68 R0 pano_camera3/frame_0163_hp_preview.jpg
-1.789240 -2.225230 4.837078 255 68 68 R0 pano_camera3/frame_0164_hp_preview.jpg
-1.840207 -1.855024 4.701287 255 68 68 R0 pano_camera3/frame_0165_hp_preview.jpg
-1.823112 -1.738384 4.528787 255 68 68 R0 pano_camera3/frame_0166_hp_preview.jpg
-1.743030 -1.598595 4.123317 255 68 68 R0 pano_camera3/frame_0167_hp_preview.jpg
-1.620091 -1.748449 3.784620 255 68 68 R0 pano_camera3/frame_0168_hp_preview.jpg
-1.560994 -1.860359 3.709335 255 68 68 R0 pano_camera3/frame_0169_hp_preview.jpg
-1.333422 -2.503967 3.386351 255 68 68 R0 pano_camera3/frame_0170_hp_preview.jpg
-1.288551 -2.586877 3.349026 255 68 68 R0 pano_camera3/frame_0171_hp_preview.jpg
-1.153671 -2.993306 3.153426 255 68 68 R0 pano_camera3/frame_0172_hp_preview.jpg
-1.016637 -3.161978 2.831921 255 68 68 R0 pano_camera3/frame_0173_hp_preview.jpg
-0.934972 -3.055151 2.462561 255 68 68 R0 pano_camera3/frame_0174_hp_preview.jpg
-0.931769 -3.047332 2.455450 255 68 68 R0 pano_camera3/frame_0175_hp_preview.jpg
-0.968836 -2.667919 2.232822 255 68 68 R0 pano_camera3/frame_0176_hp_preview.jpg
-1.009274 -2.423851 2.203411 255 68 68 R0 pano_camera3/frame_0177_hp_preview.jpg
-1.080731 -1.985629 2.075004 255 68 68 R0 pano_camera3/frame_0178_hp_preview.jpg
-1.045937 -1.747089 1.748111 255 68 68 R0 pano_camera3/frame_0179_hp_preview.jpg
-0.992737 -1.757717 1.557509 255 68 68 R0 pano_camera3/frame_0180_hp_preview.jpg
-0.914447 -1.946554 1.377386 255 68 68 R0 pano_camera3/frame_0181_hp_preview.jpg
-0.839425 -2.172185 1.290069 255 68 68 R0 pano_camera3/frame_0182_hp_preview.jpg
-0.699359 -2.463302 1.070872 255 68 68 R0 pano_camera3/frame_0183_hp_preview.jpg
-0.684756 -2.361810 0.884716 255 68 68 R0 pano_camera3/frame_0184_hp_preview.jpg
-0.720244 -2.204510 0.881706 255 68 68 R0 pano_camera3/frame_0185_hp_preview.jpg
-0.796262 -1.987047 0.951911 255 68 68 R0 pano_camera3/frame_0186_hp_preview.jpg
-0.865203 -1.765112 1.014121 255 68 68 R0 pano_camera3/frame_0187_hp_preview.jpg
-0.936784 -1.455872 1.017026 255 68 68 R0 pano_camera3/frame_0188_hp_preview.jpg
-0.950485 -1.193305 0.842140 255 68 68 R0 pano_camera3/frame_0189_hp_preview.jpg
-0.943547 -1.167946 0.816497 255 68 68 R0 pano_camera3/frame_0190_hp_preview.jpg
-0.898021 -1.065842 0.568559 255 68 68 R0 pano_camera3/frame_0191_hp_preview.jpg
-0.783245 -1.156125 0.239555 255 68 68 R0 pano_camera3/frame_0192_hp_preview.jpg
-0.693695 -1.346187 0.049050 255 68 68 R0 pano_camera3/frame_0193_hp_preview.jpg
-0.584471 -1.628485 -0.143586 255 68 68 R0 pano_camera3/frame_0194_hp_preview.jpg
-0.494305 -1.812369 -0.293792 255 68 68 R0 pano_camera3/frame_0195_hp_preview.jpg
-0.445895 -1.841511 -0.492532 255 68 68 R0 pano_camera3/frame_0196_hp_preview.jpg
-0.355356 -1.749459 -0.894426 255 68 68 R0 pano_camera3/frame_0197_hp_preview.jpg
-0.242008 -1.514790 -1.447416 255 68 68 R0 pano_camera3/frame_0198_hp_preview.jpg
-0.208001 -1.445972 -1.609035 255 68 68 R0 pano_camera3/frame_0199_hp_preview.jpg
-0.085788 -0.999108 -2.313958 255 68 68 R0 pano_camera3/frame_0200_hp_preview.jpg
-0.012874 -1.020659 -2.385935 255 68 68 R0 pano_camera3/frame_0201_hp_preview.jpg
-0.476342 -0.686855 -1.286221 255 68 68 R0 pano_camera3/frame_0226_hp_preview.jpg
-0.956221 0.210931 -0.311313 255 68 68 R0 pano_camera3/frame_0240_hp_preview.jpg
-0.981890 0.212383 -0.248570 255 68 68 R0 pano_camera3/frame_0241_hp_preview.jpg
-1.088179 0.379628 -0.028692 255 68 68 R0 pano_camera3/frame_0242_hp_preview.jpg
-1.125390 0.309850 0.155749 255 68 68 R0 pano_camera3/frame_0243_hp_preview.jpg
-1.093822 0.104721 0.207746 255 68 68 R0 pano_camera3/frame_0244_hp_preview.jpg
-1.088556 0.011255 0.255302 255 68 68 R0 pano_camera3/frame_0245_hp_preview.jpg
-1.094785 -0.233908 0.390702 255 68 68 R0 pano_camera3/frame_0246_hp_preview.jpg
-1.047463 -0.371162 0.364206 255 68 68 R0 pano_camera3/frame_0247_hp_preview.jpg
-1.026766 -0.649333 0.528909 255 68 68 R0 pano_camera3/frame_0248_hp_preview.jpg
-1.030031 -0.678155 0.557683 255 68 68 R0 pano_camera3/frame_0249_hp_preview.jpg
-1.085837 -1.146385 1.181070 255 68 68 R0 pano_camera3/frame_0250_hp_preview.jpg
-1.088739 -1.154043 1.192645 255 68 68 R0 pano_camera3/frame_0251_hp_preview.jpg
-1.168165 -1.328104 1.675807 255 68 68 R0 pano_camera3/frame_0252_hp_preview.jpg
-1.298865 -1.324668 2.219843 255 68 68 R0 pano_camera3/frame_0253_hp_preview.jpg
-1.427538 -0.982691 2.435355 255 68 68 R0 pano_camera3/frame_0254_hp_preview.jpg
-1.438201 -0.941965 2.426224 255 68 68 R0 pano_camera3/frame_0255_hp_preview.jpg
-1.351658 -0.619147 1.975739 255 68 68 R0 pano_camera3/frame_0256_hp_preview.jpg
-1.197296 -0.512492 1.808461 255 68 68 R0 pano_camera3/frame_0257_hp_preview.jpg
-1.107156 -0.464425 1.752938 255 68 68 R0 pano_camera3/frame_0258_hp_preview.jpg
-1.010755 -0.405610 1.634538 255 68 68 R0 pano_camera3/frame_0259_hp_preview.jpg
-0.718068 -0.248245 1.392380 255 68 68 R0 pano_camera3/frame_0260_hp_preview.jpg
-0.713938 -0.246746 1.386513 255 68 68 R0 pano_camera3/frame_0261_hp_preview.jpg
-0.420459 -0.054977 1.145890 255 68 68 R0 pano_camera3/frame_0262_hp_preview.jpg
-0.411125 -0.044661 1.138913 255 68 68 R0 pano_camera3/frame_0263_hp_preview.jpg
-0.248845 0.052194 1.016789 255 68 68 R0 pano_camera3/frame_0264_hp_preview.jpg
-0.041556 0.192589 0.822675 255 68 68 R0 pano_camera3/frame_0265_hp_preview.jpg
0.148272 0.208699 0.635583 255 68 68 R0 pano_camera3/frame_0266_hp_preview.jpg
0.286320 0.160053 0.467761 255 68 68 R0 pano_camera3/frame_0267_hp_preview.jpg
0.381870 -0.090491 0.316933 255 68 68 R0 pano_camera3/frame_0268_hp_preview.jpg
0.555407 -0.533265 0.101865 255 68 68 R0 pano_camera3/frame_0269_hp_preview.jpg
0.647158 -0.743854 0.023060 255 68 68 R0 pano_camera3/frame_0270_hp_preview.jpg
0.775347 -1.157941 -0.102635 255 68 68 R0 pano_camera3/frame_0271_hp_preview.jpg
0.904976 -1.541152 -0.223365 255 68 68 R0 pano_camera3/frame_0272_hp_preview.jpg
0.986340 -1.748531 -0.297515 255 68 68 R0 pano_camera3/frame_0273_hp_preview.jpg
1.205202 -2.417270 -0.523717 255 68 68 R0 pano_camera3/frame_0274_hp_preview.jpg
1.234712 -2.485569 -0.556081 255 68 68 R0 pano_camera3/frame_0275_hp_preview.jpg
1.421436 -3.023783 -0.748430 255 68 68 R0 pano_camera3/frame_0276_hp_preview.jpg
1.486046 -3.185330 -0.819981 255 68 68 R0 pano_camera3/frame_0277_hp_preview.jpg
1.689093 -3.678913 -1.056574 255 68 68 R0 pano_camera3/frame_0278_hp_preview.jpg
1.773398 -3.946261 -1.138492 255 68 68 R0 pano_camera3/frame_0279_hp_preview.jpg
2.018151 -4.622812 -1.412532 255 68 68 R0 pano_camera3/frame_0280_hp_preview.jpg
2.057762 -4.750179 -1.452852 255 68 68 R0 pano_camera3/frame_0281_hp_preview.jpg
2.123017 -4.932994 -1.546750 255 68 68 R0 pano_camera3/frame_0282_hp_preview.jpg
2.205958 -5.066854 -1.737385 255 68 68 R0 pano_camera3/frame_0283_hp_preview.jpg
2.294510 -5.000192 -2.149331 255 68 68 R0 pano_camera3/frame_0284_hp_preview.jpg
2.295376 -4.972607 -2.185759 255 68 68 R0 pano_camera3/frame_0285_hp_preview.jpg
2.323528 -4.785742 -2.453310 255 68 68 R0 pano_camera3/frame_0286_hp_preview.jpg
2.311603 -4.596108 -2.519140 255 68 68 R0 pano_camera3/frame_0287_hp_preview.jpg
2.288419 -4.352375 -2.611896 255 68 68 R0 pano_camera3/frame_0288_hp_preview.jpg
2.295857 -4.224993 -2.728132 255 68 68 R0 pano_camera3/frame_0289_hp_preview.jpg
2.359403 -4.190726 -2.993775 255 68 68 R0 pano_camera3/frame_0290_hp_preview.jpg
2.509487 -4.242926 -3.527108 255 68 68 R0 pano_camera3/frame_0291_hp_preview.jpg
2.567185 -4.236362 -3.741708 255 68 68 R0 pano_camera3/frame_0292_hp_preview.jpg
2.612278 -4.242912 -3.918312 255 68 68 R0 pano_camera3/frame_0293_hp_preview.jpg
2.674538 -3.928049 -4.472605 255 68 68 R0 pano_camera3/frame_0294_hp_preview.jpg
2.672454 -3.883756 -4.498966 255 68 68 R0 pano_camera3/frame_0295_hp_preview.jpg
2.530038 -3.326691 -4.493613 255 68 68 R0 pano_camera3/frame_0296_hp_preview.jpg
2.411879 -3.143066 -4.207376 255 68 68 R0 pano_camera3/frame_0297_hp_preview.jpg
2.299265 -3.040475 -3.935682 255 68 68 R0 pano_camera3/frame_0298_hp_preview.jpg
2.226659 -2.965870 -3.716665 255 68 68 R0 pano_camera3/frame_0299_hp_preview.jpg
2.081212 -2.817104 -3.302722 255 68 68 R0 pano_camera3/frame_0300_hp_preview.jpg
1.965894 -2.736119 -3.015108 255 68 68 R0 pano_camera3/frame_0301_hp_preview.jpg
1.864859 -2.683399 -2.713326 255 68 68 R0 pano_camera3/frame_0302_hp_preview.jpg
1.754770 -2.675598 -2.274134 255 68 68 R0 pano_camera3/frame_0303_hp_preview.jpg
1.686646 -2.665943 -2.055310 255 68 68 R0 pano_camera3/frame_0304_hp_preview.jpg
1.523574 -2.591831 -1.554093 255 68 68 R0 pano_camera3/frame_0305_hp_preview.jpg
1.340103 -2.400859 -1.095633 255 68 68 R0 pano_camera3/frame_0306_hp_preview.jpg
1.215570 -2.223867 -0.823454 255 68 68 R0 pano_camera3/frame_0307_hp_preview.jpg
1.190420 -2.160027 -0.765960 255 68 68 R0 pano_camera3/frame_0308_hp_preview.jpg
1.047679 -1.725843 -0.625871 255 68 68 R0 pano_camera3/frame_0309_hp_preview.jpg
0.995119 -1.284847 -0.774935 255 68 68 R0 pano_camera3/frame_0310_hp_preview.jpg
1.020424 -1.128047 -1.052214 255 68 68 R0 pano_camera3/frame_0311_hp_preview.jpg
1.138762 -1.073792 -1.480932 255 68 68 R0 pano_camera3/frame_0312_hp_preview.jpg
1.228663 -1.089527 -1.786412 255 68 68 R0 pano_camera3/frame_0313_hp_preview.jpg
1.312548 -1.130710 -2.054355 255 68 68 R0 pano_camera3/frame_0314_hp_preview.jpg
1.517960 -1.212829 -2.712008 255 68 68 R0 pano_camera3/frame_0315_hp_preview.jpg
1.535635 -1.213568 -2.760328 255 68 68 R0 pano_camera3/frame_0316_hp_preview.jpg
1.648742 -1.220076 -3.197474 255 68 68 R0 pano_camera3/frame_0317_hp_preview.jpg
1.725425 -1.062633 -3.646387 255 68 68 R0 pano_camera3/frame_0318_hp_preview.jpg
1.711680 -0.945813 -3.695038 255 68 68 R0 pano_camera3/frame_0319_hp_preview.jpg
1.652336 -0.592659 -3.709197 255 68 68 R0 pano_camera3/frame_0320_hp_preview.jpg
1.429522 0.023043 -3.434282 255 68 68 R0 pano_camera3/frame_0321_hp_preview.jpg
1.414639 0.057629 -3.413713 255 68 68 R0 pano_camera3/frame_0322_hp_preview.jpg
1.238755 0.282861 -3.027402 255 68 68 R0 pano_camera3/frame_0323_hp_preview.jpg
1.104935 0.353064 -2.572395 255 68 68 R0 pano_camera3/frame_0324_hp_preview.jpg
1.081647 0.369690 -2.532180 255 68 68 R0 pano_camera3/frame_0325_hp_preview.jpg
0.904116 0.688020 -2.190968 255 68 68 R0 pano_camera3/frame_0326_hp_preview.jpg
0.848381 0.949237 -2.229106 255 68 68 R0 pano_camera3/frame_0327_hp_preview.jpg
0.850359 1.067482 -2.305141 255 68 68 R0 pano_camera3/frame_0328_hp_preview.jpg
0.870261 1.214617 -2.490182 255 68 68 R0 pano_camera3/frame_0329_hp_preview.jpg
0.866505 1.514347 -2.719464 255 68 68 R0 pano_camera3/frame_0330_hp_preview.jpg
0.820147 1.646316 -2.674441 255 68 68 R0 pano_camera3/frame_0331_hp_preview.jpg
0.705363 1.604338 -2.264328 255 68 68 R0 pano_camera3/frame_0332_hp_preview.jpg
0.681802 1.474539 -2.095242 255 68 68 R0 pano_camera3/frame_0333_hp_preview.jpg
0.627422 1.295632 -1.754663 255 68 68 R0 pano_camera3/frame_0334_hp_preview.jpg
0.588179 1.246157 -1.559300 255 68 68 R0 pano_camera3/frame_0335_hp_preview.jpg
0.536277 1.178299 -1.346821 255 68 68 R0 pano_camera3/frame_0336_hp_preview.jpg
0.415523 1.081336 -0.858579 255 68 68 R0 pano_camera3/frame_0337_hp_preview.jpg
0.361157 1.037556 -0.612275 255 68 68 R0 pano_camera3/frame_0338_hp_preview.jpg
0.195824 0.969542 0.021274 255 68 68 R0 pano_camera3/frame_0339_hp_preview.jpg
0.105671 0.989011 0.427492 255 68 68 R0 pano_camera3/frame_0340_hp_preview.jpg
0.070837 0.984254 0.533568 255 68 68 R0 pano_camera3/frame_0341_hp_preview.jpg
-0.005356 0.942454 0.852273 255 68 68 R0 pano_camera3/frame_0342_hp_preview.jpg
-0.077534 0.814210 1.245891 255 68 68 R0 pano_camera3/frame_0343_hp_preview.jpg
-0.186094 0.946862 1.551702 255 68 68 R0 pano_camera3/frame_0344_hp_preview.jpg
-0.194486 1.162505 1.397365 255 68 68 R0 pano_camera3/frame_0345_hp_preview.jpg
-0.168601 1.299079 1.165892 255 68 68 R0 pano_camera3/frame_0346_hp_preview.jpg
-0.118559 1.340980 0.944399 255 68 68 R0 pano_camera3/frame_0347_hp_preview.jpg
-0.062935 1.399373 0.695187 255 68 68 R0 pano_camera3/frame_0348_hp_preview.jpg
0.057068 1.535954 0.101732 255 68 68 R0 pano_camera3/frame_0349_hp_preview.jpg
0.082511 1.664444 -0.153729 255 68 68 R0 pano_camera3/frame_0350_hp_preview.jpg
0.103042 1.770473 -0.338431 255 68 68 R0 pano_camera3/frame_0351_hp_preview.jpg
0.107275 2.133332 -0.661774 255 68 68 R0 pano_camera3/frame_0352_hp_preview.jpg
0.098654 2.336614 -0.756771 255 68 68 R0 pano_camera3/frame_0353_hp_preview.jpg
0.107478 2.631557 -1.025876 255 68 68 R0 pano_camera3/frame_0354_hp_preview.jpg
0.158459 2.697029 -1.220992 255 68 68 R0 pano_camera3/frame_0355_hp_preview.jpg
0.309162 2.517656 -1.576984 255 68 68 R0 pano_camera3/frame_0356_hp_preview.jpg
0.397657 2.371320 -1.823835 255 68 68 R0 pano_camera3/frame_0357_hp_preview.jpg
0.412492 2.304755 -1.890797 255 68 68 R0 pano_camera3/frame_0358_hp_preview.jpg
0.415700 2.267168 -1.904399 255 68 68 R0 pano_camera3/frame_0359_hp_preview.jpg
0.425000 2.313749 -1.920808 255 68 68 R0 pano_camera3/frame_0360_hp_preview.jpg
0.425327 2.312543 -1.924958 255 68 68 R0 pano_camera3/frame_0361_hp_preview.jpg
0.501619 2.349217 -2.200644 255 68 68 R0 pano_camera3/frame_0362_hp_preview.jpg
0.505572 2.460278 -2.293892 255 68 68 R0 pano_camera3/frame_0363_hp_preview.jpg
0.501648 2.707590 -2.383415 255 68 68 R0 pano_camera3/frame_0364_hp_preview.jpg
0.475039 2.798052 -2.358420 255 68 68 R0 pano_camera3/frame_0365_hp_preview.jpg
0.335476 2.940766 -2.011185 255 68 68 R0 pano_camera3/frame_0366_hp_preview.jpg
0.316775 2.933663 -1.949924 255 68 68 R0 pano_camera3/frame_0367_hp_preview.jpg
0.228858 2.877101 -1.632733 255 68 68 R0 pano_camera3/frame_0368_hp_preview.jpg
0.072336 2.754793 -0.972461 255 68 68 R0 pano_camera3/frame_0369_hp_preview.jpg
-0.020076 2.810661 -0.797497 255 68 68 R0 pano_camera3/frame_0370_hp_preview.jpg
-0.055005 2.983965 -0.704401 255 68 68 R0 pano_camera3/frame_0371_hp_preview.jpg
-0.085706 3.275206 -0.862731 255 68 68 R0 pano_camera3/frame_0372_hp_preview.jpg
-0.031442 3.449817 -1.170092 255 68 68 R0 pano_camera3/frame_0373_hp_preview.jpg
-0.005149 3.928866 -1.692164 255 68 68 R0 pano_camera3/frame_0374_hp_preview.jpg
-0.019849 4.108516 -1.760321 255 68 68 R0 pano_camera3/frame_0375_hp_preview.jpg
-0.064025 4.339179 -1.759550 255 68 68 R0 pano_camera3/frame_0376_hp_preview.jpg
-0.112782 4.529239 -1.728330 255 68 68 R0 pano_camera3/frame_0377_hp_preview.jpg
-0.279377 5.108110 -1.524152 255 68 68 R0 pano_camera3/frame_0378_hp_preview.jpg
-0.351929 5.253242 -1.427838 255 68 68 R0 pano_camera3/frame_0379_hp_preview.jpg
-0.442248 5.420908 -1.257913 255 68 68 R0 pano_camera3/frame_0380_hp_preview.jpg
-0.569586 5.457390 -1.289344 255 68 68 R0 pano_camera3/frame_0381_hp_preview.jpg
-0.742627 5.490511 -1.192602 255 68 68 R0 pano_camera3/frame_0382_hp_preview.jpg
-0.628015 5.561372 -0.882234 255 68 68 R0 pano_camera3/frame_0383_hp_preview.jpg
-0.610576 5.536381 -0.871260 255 68 68 R0 pano_camera3/frame_0384_hp_preview.jpg
-0.640022 5.438735 -0.637656 255 68 68 R0 pano_camera3/frame_0385_hp_preview.jpg
-0.726661 5.256546 -0.132506 255 68 68 R0 pano_camera3/frame_0386_hp_preview.jpg
-0.779248 5.194747 0.106171 255 68 68 R0 pano_camera3/frame_0387_hp_preview.jpg
-0.918229 4.934546 0.835289 255 68 68 R0 pano_camera3/frame_0388_hp_preview.jpg
-1.003775 4.729486 1.288130 255 68 68 R0 pano_camera3/frame_0389_hp_preview.jpg
-1.038725 4.626800 1.461694 255 68 68 R0 pano_camera3/frame_0390_hp_preview.jpg
-1.036690 4.287536 1.766766 255 68 68 R0 pano_camera3/frame_0391_hp_preview.jpg
-1.014002 4.195995 1.751601 255 68 68 R0 pano_camera3/frame_0392_hp_preview.jpg
-0.960057 4.185468 1.566262 255 68 68 R0 pano_camera3/frame_0393_hp_preview.jpg
-0.946847 4.308163 1.380026 255 68 68 R0 pano_camera3/frame_0394_hp_preview.jpg
-0.921072 4.525460 1.076904 255 68 68 R0 pano_camera3/frame_0395_hp_preview.jpg
-0.846746 4.640003 0.714198 255 68 68 R0 pano_camera3/frame_0396_hp_preview.jpg
-0.667282 4.349824 0.393671 255 68 68 R0 pano_camera3/frame_0397_hp_preview.jpg
-0.618462 4.194643 0.342120 255 68 68 R0 pano_camera3/frame_0398_hp_preview.jpg
-0.541263 3.741298 0.475124 255 68 68 R0 pano_camera3/frame_0399_hp_preview.jpg
-0.614949 3.474703 0.912241 255 68 68 R0 pano_camera3/frame_0400_hp_preview.jpg
-0.673577 3.292103 1.271204 255 68 68 R0 pano_camera3/frame_0401_hp_preview.jpg
-0.677387 3.277407 1.294090 255 68 68 R0 pano_camera3/frame_0402_hp_preview.jpg
-0.736937 3.109667 1.635587 255 68 68 R0 pano_camera3/frame_0403_hp_preview.jpg
-0.663007 2.618312 1.791725 255 68 68 R0 pano_camera3/frame_0404_hp_preview.jpg
-0.643878 2.585167 1.774961 255 68 68 R0 pano_camera3/frame_0405_hp_preview.jpg
-0.468819 2.325343 1.407412 255 68 68 R0 pano_camera3/frame_0406_hp_preview.jpg
-0.404706 2.477952 0.992568 255 68 68 R0 pano_camera3/frame_0407_hp_preview.jpg
-0.363442 2.568097 0.780517 255 68 68 R0 pano_camera3/frame_0408_hp_preview.jpg
-0.343686 2.637905 0.623736 255 68 68 R0 pano_camera3/frame_0409_hp_preview.jpg
-0.235941 2.656530 0.277837 255 68 68 R0 pano_camera3/frame_0410_hp_preview.jpg
-0.029787 2.213803 -0.114345 255 68 68 R0 pano_camera3/frame_0411_hp_preview.jpg
-0.010521 2.139289 -0.149748 255 68 68 R0 pano_camera3/frame_0412_hp_preview.jpg
0.068697 1.969193 -0.274422 255 68 68 R0 pano_camera3/frame_0413_hp_preview.jpg
0.069565 1.988136 -0.285254 255 68 68 R0 pano_camera3/frame_0414_hp_preview.jpg
0.069213 1.989953 -0.284286 255 68 68 R0 pano_camera3/frame_0415_hp_preview.jpg
0.065869 1.985277 -0.285700 255 68 68 R0 pano_camera3/frame_0416_hp_preview.jpg
-0.952295 -4.174641 3.405224 255 68 68 R0 pano_camera4/frame_0140_hp_preview.jpg
-0.968018 -4.260264 3.563440 255 68 68 R0 pano_camera4/frame_0141_hp_preview.jpg
-1.014635 -4.403939 3.851112 255 68 68 R0 pano_camera4/frame_0142_hp_preview.jpg
-1.023715 -4.526068 3.990164 255 68 68 R0 pano_camera4/frame_0143_hp_preview.jpg
-0.966765 -4.700454 4.002118 255 68 68 R0 pano_camera4/frame_0144_hp_preview.jpg
-0.898556 -4.799549 3.860129 255 68 68 R0 pano_camera4/frame_0145_hp_preview.jpg
-1.095819 -3.945669 3.758673 255 68 68 R0 pano_camera4/frame_0157_hp_preview.jpg
-1.140440 -3.793765 3.794681 255 68 68 R0 pano_camera4/frame_0158_hp_preview.jpg
-1.173501 -3.721389 3.869895 255 68 68 R0 pano_camera4/frame_0159_hp_preview.jpg
-1.409340 -3.333731 4.345822 255 68 68 R0 pano_camera4/frame_0160_hp_preview.jpg
-1.523706 -3.072242 4.519662 255 68 68 R0 pano_camera4/frame_0161_hp_preview.jpg
-1.646090 -2.712280 4.692733 255 68 68 R0 pano_camera4/frame_0162_hp_preview.jpg
-1.720915 -2.475276 4.775205 255 68 68 R0 pano_camera4/frame_0163_hp_preview.jpg
-1.789240 -2.225230 4.837078 255 68 68 R0 pano_camera4/frame_0164_hp_preview.jpg
-1.840207 -1.855024 4.701287 255 68 68 R0 pano_camera4/frame_0165_hp_preview.jpg
-1.823112 -1.738384 4.528787 255 68 68 R0 pano_camera4/frame_0166_hp_preview.jpg
-1.743030 -1.598595 4.123317 255 68 68 R0 pano_camera4/frame_0167_hp_preview.jpg
-1.620091 -1.748449 3.784620 255 68 68 R0 pano_camera4/frame_0168_hp_preview.jpg
-1.560994 -1.860359 3.709335 255 68 68 R0 pano_camera4/frame_0169_hp_preview.jpg
-1.333422 -2.503967 3.386351 255 68 68 R0 pano_camera4/frame_0170_hp_preview.jpg
-1.288551 -2.586877 3.349026 255 68 68 R0 pano_camera4/frame_0171_hp_preview.jpg
-1.153671 -2.993306 3.153426 255 68 68 R0 pano_camera4/frame_0172_hp_preview.jpg
-1.016637 -3.161978 2.831921 255 68 68 R0 pano_camera4/frame_0173_hp_preview.jpg
-0.934972 -3.055151 2.462561 255 68 68 R0 pano_camera4/frame_0174_hp_preview.jpg
-0.931769 -3.047332 2.455450 255 68 68 R0 pano_camera4/frame_0175_hp_preview.jpg
-0.968836 -2.667919 2.232822 255 68 68 R0 pano_camera4/frame_0176_hp_preview.jpg
-1.009274 -2.423851 2.203411 255 68 68 R0 pano_camera4/frame_0177_hp_preview.jpg
-1.080731 -1.985629 2.075004 255 68 68 R0 pano_camera4/frame_0178_hp_preview.jpg
-1.045937 -1.747089 1.748111 255 68 68 R0 pano_camera4/frame_0179_hp_preview.jpg
-0.992737 -1.757717 1.557509 255 68 68 R0 pano_camera4/frame_0180_hp_preview.jpg
-0.914447 -1.946554 1.377386 255 68 68 R0 pano_camera4/frame_0181_hp_preview.jpg
-0.839425 -2.172185 1.290069 255 68 68 R0 pano_camera4/frame_0182_hp_preview.jpg
-0.699359 -2.463302 1.070872 255 68 68 R0 pano_camera4/frame_0183_hp_preview.jpg
-0.684756 -2.361810 0.884716 255 68 68 R0 pano_camera4/frame_0184_hp_preview.jpg
-0.720244 -2.204510 0.881706 255 68 68 R0 pano_camera4/frame_0185_hp_preview.jpg
-0.796262 -1.987047 0.951911 255 68 68 R0 pano_camera4/frame_0186_hp_preview.jpg
-0.865203 -1.765112 1.014121 255 68 68 R0 pano_camera4/frame_0187_hp_preview.jpg
-0.936784 -1.455872 1.017026 255 68 68 R0 pano_camera4/frame_0188_hp_preview.jpg
-0.950485 -1.193305 0.842140 255 68 68 R0 pano_camera4/frame_0189_hp_preview.jpg
-0.943547 -1.167946 0.816497 255 68 68 R0 pano_camera4/frame_0190_hp_preview.jpg
-0.898021 -1.065842 0.568559 255 68 68 R0 pano_camera4/frame_0191_hp_preview.jpg
-0.783245 -1.156125 0.239555 255 68 68 R0 pano_camera4/frame_0192_hp_preview.jpg
-0.693695 -1.346187 0.049050 255 68 68 R0 pano_camera4/frame_0193_hp_preview.jpg
-0.584471 -1.628485 -0.143586 255 68 68 R0 pano_camera4/frame_0194_hp_preview.jpg
-0.494305 -1.812369 -0.293792 255 68 68 R0 pano_camera4/frame_0195_hp_preview.jpg
-0.445895 -1.841511 -0.492532 255 68 68 R0 pano_camera4/frame_0196_hp_preview.jpg
-0.355356 -1.749459 -0.894426 255 68 68 R0 pano_camera4/frame_0197_hp_preview.jpg
-0.242008 -1.514790 -1.447416 255 68 68 R0 pano_camera4/frame_0198_hp_preview.jpg
-0.208001 -1.445972 -1.609035 255 68 68 R0 pano_camera4/frame_0199_hp_preview.jpg
-0.085788 -0.999108 -2.313958 255 68 68 R0 pano_camera4/frame_0200_hp_preview.jpg
-0.012874 -1.020659 -2.385935 255 68 68 R0 pano_camera4/frame_0201_hp_preview.jpg
-0.476342 -0.686855 -1.286221 255 68 68 R0 pano_camera4/frame_0226_hp_preview.jpg
-0.956221 0.210931 -0.311313 255 68 68 R0 pano_camera4/frame_0240_hp_preview.jpg
-0.981890 0.212383 -0.248570 255 68 68 R0 pano_camera4/frame_0241_hp_preview.jpg
-1.088179 0.379628 -0.028692 255 68 68 R0 pano_camera4/frame_0242_hp_preview.jpg
-1.125390 0.309850 0.155749 255 68 68 R0 pano_camera4/frame_0243_hp_preview.jpg
-1.093822 0.104721 0.207746 255 68 68 R0 pano_camera4/frame_0244_hp_preview.jpg
-1.088556 0.011255 0.255302 255 68 68 R0 pano_camera4/frame_0245_hp_preview.jpg
-1.094785 -0.233908 0.390702 255 68 68 R0 pano_camera4/frame_0246_hp_preview.jpg
-1.047463 -0.371162 0.364206 255 68 68 R0 pano_camera4/frame_0247_hp_preview.jpg
-1.026766 -0.649333 0.528909 255 68 68 R0 pano_camera4/frame_0248_hp_preview.jpg
-1.030031 -0.678155 0.557683 255 68 68 R0 pano_camera4/frame_0249_hp_preview.jpg
-1.085837 -1.146385 1.181070 255 68 68 R0 pano_camera4/frame_0250_hp_preview.jpg
-1.088739 -1.154043 1.192645 255 68 68 R0 pano_camera4/frame_0251_hp_preview.jpg
-1.168165 -1.328104 1.675807 255 68 68 R0 pano_camera4/frame_0252_hp_preview.jpg
-1.298865 -1.324668 2.219843 255 68 68 R0 pano_camera4/frame_0253_hp_preview.jpg
-1.427538 -0.982691 2.435355 255 68 68 R0 pano_camera4/frame_0254_hp_preview.jpg
-1.438201 -0.941965 2.426224 255 68 68 R0 pano_camera4/frame_0255_hp_preview.jpg
-1.351658 -0.619147 1.975739 255 68 68 R0 pano_camera4/frame_0256_hp_preview.jpg
-1.197296 -0.512492 1.808461 255 68 68 R0 pano_camera4/frame_0257_hp_preview.jpg
-1.107156 -0.464425 1.752938 255 68 68 R0 pano_camera4/frame_0258_hp_preview.jpg
-1.010755 -0.405610 1.634538 255 68 68 R0 pano_camera4/frame_0259_hp_preview.jpg
-0.718068 -0.248245 1.392380 255 68 68 R0 pano_camera4/frame_0260_hp_preview.jpg
-0.713938 -0.246746 1.386513 255 68 68 R0 pano_camera4/frame_0261_hp_preview.jpg
-0.420459 -0.054977 1.145890 255 68 68 R0 pano_camera4/frame_0262_hp_preview.jpg
-0.411125 -0.044661 1.138913 255 68 68 R0 pano_camera4/frame_0263_hp_preview.jpg
-0.248845 0.052194 1.016789 255 68 68 R0 pano_camera4/frame_0264_hp_preview.jpg
-0.041556 0.192589 0.822675 255 68 68 R0 pano_camera4/frame_0265_hp_preview.jpg
0.148272 0.208699 0.635583 255 68 68 R0 pano_camera4/frame_0266_hp_preview.jpg
0.286320 0.160053 0.467761 255 68 68 R0 pano_camera4/frame_0267_hp_preview.jpg
0.381870 -0.090491 0.316933 255 68 68 R0 pano_camera4/frame_0268_hp_preview.jpg
0.555407 -0.533265 0.101865 255 68 68 R0 pano_camera4/frame_0269_hp_preview.jpg
0.647158 -0.743854 0.023060 255 68 68 R0 pano_camera4/frame_0270_hp_preview.jpg
0.775347 -1.157941 -0.102635 255 68 68 R0 pano_camera4/frame_0271_hp_preview.jpg
0.904976 -1.541152 -0.223365 255 68 68 R0 pano_camera4/frame_0272_hp_preview.jpg
0.986340 -1.748531 -0.297515 255 68 68 R0 pano_camera4/frame_0273_hp_preview.jpg
1.205202 -2.417270 -0.523717 255 68 68 R0 pano_camera4/frame_0274_hp_preview.jpg
1.234712 -2.485569 -0.556081 255 68 68 R0 pano_camera4/frame_0275_hp_preview.jpg
1.421436 -3.023783 -0.748430 255 68 68 R0 pano_camera4/frame_0276_hp_preview.jpg
1.486046 -3.185330 -0.819981 255 68 68 R0 pano_camera4/frame_0277_hp_preview.jpg
1.689093 -3.678913 -1.056574 255 68 68 R0 pano_camera4/frame_0278_hp_preview.jpg
1.773398 -3.946261 -1.138492 255 68 68 R0 pano_camera4/frame_0279_hp_preview.jpg
2.018151 -4.622812 -1.412532 255 68 68 R0 pano_camera4/frame_0280_hp_preview.jpg
2.057762 -4.750179 -1.452852 255 68 68 R0 pano_camera4/frame_0281_hp_preview.jpg
2.123017 -4.932994 -1.546750 255 68 68 R0 pano_camera4/frame_0282_hp_preview.jpg
2.205958 -5.066854 -1.737385 255 68 68 R0 pano_camera4/frame_0283_hp_preview.jpg
2.294510 -5.000192 -2.149331 255 68 68 R0 pano_camera4/frame_0284_hp_preview.jpg
2.295376 -4.972607 -2.185759 255 68 68 R0 pano_camera4/frame_0285_hp_preview.jpg
2.323528 -4.785742 -2.453310 255 68 68 R0 pano_camera4/frame_0286_hp_preview.jpg
2.311603 -4.596108 -2.519140 255 68 68 R0 pano_camera4/frame_0287_hp_preview.jpg
2.288419 -4.352375 -2.611896 255 68 68 R0 pano_camera4/frame_0288_hp_preview.jpg
2.295857 -4.224993 -2.728132 255 68 68 R0 pano_camera4/frame_0289_hp_preview.jpg
2.359403 -4.190726 -2.993775 255 68 68 R0 pano_camera4/frame_0290_hp_preview.jpg
2.509487 -4.242926 -3.527108 255 68 68 R0 pano_camera4/frame_0291_hp_preview.jpg
2.567185 -4.236362 -3.741708 255 68 68 R0 pano_camera4/frame_0292_hp_preview.jpg
2.612278 -4.242912 -3.918312 255 68 68 R0 pano_camera4/frame_0293_hp_preview.jpg
2.674538 -3.928049 -4.472605 255 68 68 R0 pano_camera4/frame_0294_hp_preview.jpg
2.672454 -3.883756 -4.498966 255 68 68 R0 pano_camera4/frame_0295_hp_preview.jpg
2.530038 -3.326691 -4.493613 255 68 68 R0 pano_camera4/frame_0296_hp_preview.jpg
2.411879 -3.143066 -4.207376 255 68 68 R0 pano_camera4/frame_0297_hp_preview.jpg
2.299265 -3.040475 -3.935682 255 68 68 R0 pano_camera4/frame_0298_hp_preview.jpg
2.226659 -2.965870 -3.716665 255 68 68 R0 pano_camera4/frame_0299_hp_preview.jpg
2.081212 -2.817104 -3.302722 255 68 68 R0 pano_camera4/frame_0300_hp_preview.jpg
1.965894 -2.736119 -3.015108 255 68 68 R0 pano_camera4/frame_0301_hp_preview.jpg
1.864859 -2.683399 -2.713326 255 68 68 R0 pano_camera4/frame_0302_hp_preview.jpg
1.754770 -2.675598 -2.274134 255 68 68 R0 pano_camera4/frame_0303_hp_preview.jpg
1.686646 -2.665943 -2.055310 255 68 68 R0 pano_camera4/frame_0304_hp_preview.jpg
1.523574 -2.591831 -1.554093 255 68 68 R0 pano_camera4/frame_0305_hp_preview.jpg
1.340103 -2.400859 -1.095633 255 68 68 R0 pano_camera4/frame_0306_hp_preview.jpg
1.215570 -2.223867 -0.823454 255 68 68 R0 pano_camera4/frame_0307_hp_preview.jpg
1.190420 -2.160027 -0.765960 255 68 68 R0 pano_camera4/frame_0308_hp_preview.jpg
1.047679 -1.725843 -0.625871 255 68 68 R0 pano_camera4/frame_0309_hp_preview.jpg
0.995119 -1.284847 -0.774935 255 68 68 R0 pano_camera4/frame_0310_hp_preview.jpg
1.020424 -1.128047 -1.052214 255 68 68 R0 pano_camera4/frame_0311_hp_preview.jpg
1.138762 -1.073792 -1.480932 255 68 68 R0 pano_camera4/frame_0312_hp_preview.jpg
1.228663 -1.089527 -1.786412 255 68 68 R0 pano_camera4/frame_0313_hp_preview.jpg
1.312548 -1.130710 -2.054355 255 68 68 R0 pano_camera4/frame_0314_hp_preview.jpg
1.517960 -1.212829 -2.712008 255 68 68 R0 pano_camera4/frame_0315_hp_preview.jpg
1.535635 -1.213568 -2.760328 255 68 68 R0 pano_camera4/frame_0316_hp_preview.jpg
1.648742 -1.220076 -3.197474 255 68 68 R0 pano_camera4/frame_0317_hp_preview.jpg
1.725425 -1.062633 -3.646387 255 68 68 R0 pano_camera4/frame_0318_hp_preview.jpg
1.711680 -0.945813 -3.695038 255 68 68 R0 pano_camera4/frame_0319_hp_preview.jpg
1.652336 -0.592659 -3.709197 255 68 68 R0 pano_camera4/frame_0320_hp_preview.jpg
1.429522 0.023043 -3.434282 255 68 68 R0 pano_camera4/frame_0321_hp_preview.jpg
1.414639 0.057629 -3.413713 255 68 68 R0 pano_camera4/frame_0322_hp_preview.jpg
1.238755 0.282861 -3.027402 255 68 68 R0 pano_camera4/frame_0323_hp_preview.jpg
1.104935 0.353064 -2.572395 255 68 68 R0 pano_camera4/frame_0324_hp_preview.jpg
1.081647 0.369690 -2.532180 255 68 68 R0 pano_camera4/frame_0325_hp_preview.jpg
0.904116 0.688020 -2.190968 255 68 68 R0 pano_camera4/frame_0326_hp_preview.jpg
0.848381 0.949237 -2.229106 255 68 68 R0 pano_camera4/frame_0327_hp_preview.jpg
0.850359 1.067482 -2.305141 255 68 68 R0 pano_camera4/frame_0328_hp_preview.jpg
0.870261 1.214617 -2.490182 255 68 68 R0 pano_camera4/frame_0329_hp_preview.jpg
0.866505 1.514347 -2.719464 255 68 68 R0 pano_camera4/frame_0330_hp_preview.jpg
0.820147 1.646316 -2.674441 255 68 68 R0 pano_camera4/frame_0331_hp_preview.jpg
0.705363 1.604338 -2.264328 255 68 68 R0 pano_camera4/frame_0332_hp_preview.jpg
0.681802 1.474539 -2.095242 255 68 68 R0 pano_camera4/frame_0333_hp_preview.jpg
0.627422 1.295632 -1.754663 255 68 68 R0 pano_camera4/frame_0334_hp_preview.jpg
0.588179 1.246157 -1.559300 255 68 68 R0 pano_camera4/frame_0335_hp_preview.jpg
0.536277 1.178299 -1.346821 255 68 68 R0 pano_camera4/frame_0336_hp_preview.jpg
0.415523 1.081336 -0.858579 255 68 68 R0 pano_camera4/frame_0337_hp_preview.jpg
0.361157 1.037556 -0.612275 255 68 68 R0 pano_camera4/frame_0338_hp_preview.jpg
0.195824 0.969542 0.021274 255 68 68 R0 pano_camera4/frame_0339_hp_preview.jpg
0.105671 0.989011 0.427492 255 68 68 R0 pano_camera4/frame_0340_hp_preview.jpg
0.070837 0.984254 0.533568 255 68 68 R0 pano_camera4/frame_0341_hp_preview.jpg
-0.005356 0.942454 0.852273 255 68 68 R0 pano_camera4/frame_0342_hp_preview.jpg
-0.077534 0.814210 1.245891 255 68 68 R0 pano_camera4/frame_0343_hp_preview.jpg
-0.186094 0.946862 1.551702 255 68 68 R0 pano_camera4/frame_0344_hp_preview.jpg
-0.194486 1.162505 1.397365 255 68 68 R0 pano_camera4/frame_0345_hp_preview.jpg
-0.168601 1.299079 1.165892 255 68 68 R0 pano_camera4/frame_0346_hp_preview.jpg
-0.118559 1.340980 0.944399 255 68 68 R0 pano_camera4/frame_0347_hp_preview.jpg
-0.062935 1.399373 0.695187 255 68 68 R0 pano_camera4/frame_0348_hp_preview.jpg
0.057068 1.535954 0.101732 255 68 68 R0 pano_camera4/frame_0349_hp_preview.jpg
0.082511 1.664444 -0.153729 255 68 68 R0 pano_camera4/frame_0350_hp_preview.jpg
0.103042 1.770473 -0.338431 255 68 68 R0 pano_camera4/frame_0351_hp_preview.jpg
0.107275 2.133332 -0.661774 255 68 68 R0 pano_camera4/frame_0352_hp_preview.jpg
0.098654 2.336614 -0.756771 255 68 68 R0 pano_camera4/frame_0353_hp_preview.jpg
0.107478 2.631557 -1.025876 255 68 68 R0 pano_camera4/frame_0354_hp_preview.jpg
0.158459 2.697029 -1.220992 255 68 68 R0 pano_camera4/frame_0355_hp_preview.jpg
0.309162 2.517656 -1.576984 255 68 68 R0 pano_camera4/frame_0356_hp_preview.jpg
0.397657 2.371320 -1.823835 255 68 68 R0 pano_camera4/frame_0357_hp_preview.jpg
0.412492 2.304755 -1.890797 255 68 68 R0 pano_camera4/frame_0358_hp_preview.jpg
0.415700 2.267168 -1.904399 255 68 68 R0 pano_camera4/frame_0359_hp_preview.jpg
0.425000 2.313749 -1.920808 255 68 68 R0 pano_camera4/frame_0360_hp_preview.jpg
0.425327 2.312543 -1.924958 255 68 68 R0 pano_camera4/frame_0361_hp_preview.jpg
0.501619 2.349217 -2.200644 255 68 68 R0 pano_camera4/frame_0362_hp_preview.jpg
0.505572 2.460278 -2.293892 255 68 68 R0 pano_camera4/frame_0363_hp_preview.jpg
0.501648 2.707590 -2.383415 255 68 68 R0 pano_camera4/frame_0364_hp_preview.jpg
0.475039 2.798052 -2.358420 255 68 68 R0 pano_camera4/frame_0365_hp_preview.jpg
0.335476 2.940766 -2.011185 255 68 68 R0 pano_camera4/frame_0366_hp_preview.jpg
0.316775 2.933663 -1.949924 255 68 68 R0 pano_camera4/frame_0367_hp_preview.jpg
0.228858 2.877101 -1.632733 255 68 68 R0 pano_camera4/frame_0368_hp_preview.jpg
0.072336 2.754793 -0.972461 255 68 68 R0 pano_camera4/frame_0369_hp_preview.jpg
-0.020076 2.810661 -0.797497 255 68 68 R0 pano_camera4/frame_0370_hp_preview.jpg
-0.055005 2.983965 -0.704401 255 68 68 R0 pano_camera4/frame_0371_hp_preview.jpg
-0.085706 3.275206 -0.862731 255 68 68 R0 pano_camera4/frame_0372_hp_preview.jpg
-0.031442 3.449817 -1.170092 255 68 68 R0 pano_camera4/frame_0373_hp_preview.jpg
-0.005149 3.928866 -1.692164 255 68 68 R0 pano_camera4/frame_0374_hp_preview.jpg
-0.019849 4.108516 -1.760321 255 68 68 R0 pano_camera4/frame_0375_hp_preview.jpg
-0.064025 4.339179 -1.759550 255 68 68 R0 pano_camera4/frame_0376_hp_preview.jpg
-0.112782 4.529239 -1.728330 255 68 68 R0 pano_camera4/frame_0377_hp_preview.jpg
-0.279377 5.108110 -1.524152 255 68 68 R0 pano_camera4/frame_0378_hp_preview.jpg
-0.351929 5.253242 -1.427838 255 68 68 R0 pano_camera4/frame_0379_hp_preview.jpg
-0.442248 5.420908 -1.257913 255 68 68 R0 pano_camera4/frame_0380_hp_preview.jpg
-0.569586 5.457390 -1.289344 255 68 68 R0 pano_camera4/frame_0381_hp_preview.jpg
-0.742627 5.490511 -1.192602 255 68 68 R0 pano_camera4/frame_0382_hp_preview.jpg
-0.628015 5.561372 -0.882234 255 68 68 R0 pano_camera4/frame_0383_hp_preview.jpg
-0.610576 5.536381 -0.871260 255 68 68 R0 pano_camera4/frame_0384_hp_preview.jpg
-0.640022 5.438735 -0.637656 255 68 68 R0 pano_camera4/frame_0385_hp_preview.jpg
-0.726661 5.256546 -0.132506 255 68 68 R0 pano_camera4/frame_0386_hp_preview.jpg
-0.779248 5.194747 0.106171 255 68 68 R0 pano_camera4/frame_0387_hp_preview.jpg
-0.918229 4.934546 0.835289 255 68 68 R0 pano_camera4/frame_0388_hp_preview.jpg
-1.003775 4.729486 1.288130 255 68 68 R0 pano_camera4/frame_0389_hp_preview.jpg
-1.038725 4.626800 1.461694 255 68 68 R0 pano_camera4/frame_0390_hp_preview.jpg
-1.036690 4.287536 1.766766 255 68 68 R0 pano_camera4/frame_0391_hp_preview.jpg
-1.014002 4.195995 1.751601 255 68 68 R0 pano_camera4/frame_0392_hp_preview.jpg
-0.960057 4.185468 1.566262 255 68 68 R0 pano_camera4/frame_0393_hp_preview.jpg
-0.946847 4.308163 1.380026 255 68 68 R0 pano_camera4/frame_0394_hp_preview.jpg
-0.921072 4.525460 1.076904 255 68 68 R0 pano_camera4/frame_0395_hp_preview.jpg
-0.846746 4.640003 0.714198 255 68 68 R0 pano_camera4/frame_0396_hp_preview.jpg
-0.667282 4.349824 0.393671 255 68 68 R0 pano_camera4/frame_0397_hp_preview.jpg
-0.618462 4.194643 0.342120 255 68 68 R0 pano_camera4/frame_0398_hp_preview.jpg
-0.541263 3.741298 0.475124 255 68 68 R0 pano_camera4/frame_0399_hp_preview.jpg
-0.614949 3.474703 0.912241 255 68 68 R0 pano_camera4/frame_0400_hp_preview.jpg
-0.673577 3.292103 1.271204 255 68 68 R0 pano_camera4/frame_0401_hp_preview.jpg
-0.677387 3.277407 1.294090 255 68 68 R0 pano_camera4/frame_0402_hp_preview.jpg
-0.736937 3.109667 1.635587 255 68 68 R0 pano_camera4/frame_0403_hp_preview.jpg
-0.663007 2.618312 1.791725 255 68 68 R0 pano_camera4/frame_0404_hp_preview.jpg
-0.643878 2.585167 1.774961 255 68 68 R0 pano_camera4/frame_0405_hp_preview.jpg
-0.468819 2.325343 1.407412 255 68 68 R0 pano_camera4/frame_0406_hp_preview.jpg
-0.404706 2.477952 0.992568 255 68 68 R0 pano_camera4/frame_0407_hp_preview.jpg
-0.363442 2.568097 0.780517 255 68 68 R0 pano_camera4/frame_0408_hp_preview.jpg
-0.343686 2.637905 0.623736 255 68 68 R0 pano_camera4/frame_0409_hp_preview.jpg
-0.235941 2.656530 0.277837 255 68 68 R0 pano_camera4/frame_0410_hp_preview.jpg
-0.029787 2.213803 -0.114345 255 68 68 R0 pano_camera4/frame_0411_hp_preview.jpg
-0.010521 2.139289 -0.149748 255 68 68 R0 pano_camera4/frame_0412_hp_preview.jpg
0.068697 1.969193 -0.274422 255 68 68 R0 pano_camera4/frame_0413_hp_preview.jpg
0.069565 1.988136 -0.285254 255 68 68 R0 pano_camera4/frame_0414_hp_preview.jpg
0.069213 1.989953 -0.284286 255 68 68 R0 pano_camera4/frame_0415_hp_preview.jpg
0.065869 1.985277 -0.285700 255 68 68 R0 pano_camera4/frame_0416_hp_preview.jpg
-0.952295 -4.174641 3.405224 255 68 68 R0 pano_camera5/frame_0140_hp_preview.jpg
-0.968018 -4.260264 3.563440 255 68 68 R0 pano_camera5/frame_0141_hp_preview.jpg
-1.014635 -4.403939 3.851112 255 68 68 R0 pano_camera5/frame_0142_hp_preview.jpg
-1.023715 -4.526068 3.990164 255 68 68 R0 pano_camera5/frame_0143_hp_preview.jpg
-0.966765 -4.700454 4.002118 255 68 68 R0 pano_camera5/frame_0144_hp_preview.jpg
-0.898556 -4.799549 3.860129 255 68 68 R0 pano_camera5/frame_0145_hp_preview.jpg
-1.095819 -3.945669 3.758673 255 68 68 R0 pano_camera5/frame_0157_hp_preview.jpg
-1.140440 -3.793765 3.794681 255 68 68 R0 pano_camera5/frame_0158_hp_preview.jpg
-1.173501 -3.721389 3.869895 255 68 68 R0 pano_camera5/frame_0159_hp_preview.jpg
-1.409340 -3.333731 4.345822 255 68 68 R0 pano_camera5/frame_0160_hp_preview.jpg
-1.523706 -3.072242 4.519662 255 68 68 R0 pano_camera5/frame_0161_hp_preview.jpg
-1.646090 -2.712280 4.692733 255 68 68 R0 pano_camera5/frame_0162_hp_preview.jpg
-1.720915 -2.475276 4.775205 255 68 68 R0 pano_camera5/frame_0163_hp_preview.jpg
-1.789240 -2.225230 4.837078 255 68 68 R0 pano_camera5/frame_0164_hp_preview.jpg
-1.840207 -1.855024 4.701287 255 68 68 R0 pano_camera5/frame_0165_hp_preview.jpg
-1.823112 -1.738384 4.528787 255 68 68 R0 pano_camera5/frame_0166_hp_preview.jpg
-1.743030 -1.598595 4.123317 255 68 68 R0 pano_camera5/frame_0167_hp_preview.jpg
-1.620091 -1.748449 3.784620 255 68 68 R0 pano_camera5/frame_0168_hp_preview.jpg
-1.560994 -1.860359 3.709335 255 68 68 R0 pano_camera5/frame_0169_hp_preview.jpg
-1.333422 -2.503967 3.386351 255 68 68 R0 pano_camera5/frame_0170_hp_preview.jpg
-1.288551 -2.586877 3.349026 255 68 68 R0 pano_camera5/frame_0171_hp_preview.jpg
-1.153671 -2.993306 3.153426 255 68 68 R0 pano_camera5/frame_0172_hp_preview.jpg
-1.016637 -3.161978 2.831921 255 68 68 R0 pano_camera5/frame_0173_hp_preview.jpg
-0.934972 -3.055151 2.462561 255 68 68 R0 pano_camera5/frame_0174_hp_preview.jpg
-0.931769 -3.047332 2.455450 255 68 68 R0 pano_camera5/frame_0175_hp_preview.jpg
-0.968836 -2.667919 2.232822 255 68 68 R0 pano_camera5/frame_0176_hp_preview.jpg
-1.009274 -2.423851 2.203411 255 68 68 R0 pano_camera5/frame_0177_hp_preview.jpg
-1.080731 -1.985629 2.075004 255 68 68 R0 pano_camera5/frame_0178_hp_preview.jpg
-1.045937 -1.747089 1.748111 255 68 68 R0 pano_camera5/frame_0179_hp_preview.jpg
-0.992737 -1.757717 1.557509 255 68 68 R0 pano_camera5/frame_0180_hp_preview.jpg
-0.914447 -1.946554 1.377386 255 68 68 R0 pano_camera5/frame_0181_hp_preview.jpg
-0.839425 -2.172185 1.290069 255 68 68 R0 pano_camera5/frame_0182_hp_preview.jpg
-0.699359 -2.463302 1.070872 255 68 68 R0 pano_camera5/frame_0183_hp_preview.jpg
-0.684756 -2.361810 0.884716 255 68 68 R0 pano_camera5/frame_0184_hp_preview.jpg
-0.720244 -2.204510 0.881706 255 68 68 R0 pano_camera5/frame_0185_hp_preview.jpg
-0.796262 -1.987047 0.951911 255 68 68 R0 pano_camera5/frame_0186_hp_preview.jpg
-0.865203 -1.765112 1.014121 255 68 68 R0 pano_camera5/frame_0187_hp_preview.jpg
-0.936784 -1.455872 1.017026 255 68 68 R0 pano_camera5/frame_0188_hp_preview.jpg
-0.950485 -1.193305 0.842140 255 68 68 R0 pano_camera5/frame_0189_hp_preview.jpg
-0.943547 -1.167946 0.816497 255 68 68 R0 pano_camera5/frame_0190_hp_preview.jpg
-0.898021 -1.065842 0.568559 255 68 68 R0 pano_camera5/frame_0191_hp_preview.jpg
-0.783245 -1.156125 0.239555 255 68 68 R0 pano_camera5/frame_0192_hp_preview.jpg
-0.693695 -1.346187 0.049050 255 68 68 R0 pano_camera5/frame_0193_hp_preview.jpg
-0.584471 -1.628485 -0.143586 255 68 68 R0 pano_camera5/frame_0194_hp_preview.jpg
-0.494305 -1.812369 -0.293792 255 68 68 R0 pano_camera5/frame_0195_hp_preview.jpg
-0.445895 -1.841511 -0.492532 255 68 68 R0 pano_camera5/frame_0196_hp_preview.jpg
-0.355356 -1.749459 -0.894426 255 68 68 R0 pano_camera5/frame_0197_hp_preview.jpg
-0.242008 -1.514790 -1.447416 255 68 68 R0 pano_camera5/frame_0198_hp_preview.jpg
-0.208001 -1.445972 -1.609035 255 68 68 R0 pano_camera5/frame_0199_hp_preview.jpg
-0.085788 -0.999108 -2.313958 255 68 68 R0 pano_camera5/frame_0200_hp_preview.jpg
-0.012874 -1.020659 -2.385935 255 68 68 R0 pano_camera5/frame_0201_hp_preview.jpg
-0.476342 -0.686855 -1.286221 255 68 68 R0 pano_camera5/frame_0226_hp_preview.jpg
-0.956221 0.210931 -0.311313 255 68 68 R0 pano_camera5/frame_0240_hp_preview.jpg
-0.981890 0.212383 -0.248570 255 68 68 R0 pano_camera5/frame_0241_hp_preview.jpg
-1.088179 0.379628 -0.028692 255 68 68 R0 pano_camera5/frame_0242_hp_preview.jpg
-1.125390 0.309850 0.155749 255 68 68 R0 pano_camera5/frame_0243_hp_preview.jpg
-1.093822 0.104721 0.207746 255 68 68 R0 pano_camera5/frame_0244_hp_preview.jpg
-1.088556 0.011255 0.255302 255 68 68 R0 pano_camera5/frame_0245_hp_preview.jpg
-1.094785 -0.233908 0.390702 255 68 68 R0 pano_camera5/frame_0246_hp_preview.jpg
-1.047463 -0.371162 0.364206 255 68 68 R0 pano_camera5/frame_0247_hp_preview.jpg
-1.026766 -0.649333 0.528909 255 68 68 R0 pano_camera5/frame_0248_hp_preview.jpg
-1.030031 -0.678155 0.557683 255 68 68 R0 pano_camera5/frame_0249_hp_preview.jpg
-1.085837 -1.146385 1.181070 255 68 68 R0 pano_camera5/frame_0250_hp_preview.jpg
-1.088739 -1.154043 1.192645 255 68 68 R0 pano_camera5/frame_0251_hp_preview.jpg
-1.168165 -1.328104 1.675807 255 68 68 R0 pano_camera5/frame_0252_hp_preview.jpg
-1.298865 -1.324668 2.219843 255 68 68 R0 pano_camera5/frame_0253_hp_preview.jpg
-1.427538 -0.982691 2.435355 255 68 68 R0 pano_camera5/frame_0254_hp_preview.jpg
-1.438201 -0.941965 2.426224 255 68 68 R0 pano_camera5/frame_0255_hp_preview.jpg
-1.351658 -0.619147 1.975739 255 68 68 R0 pano_camera5/frame_0256_hp_preview.jpg
-1.197296 -0.512492 1.808461 255 68 68 R0 pano_camera5/frame_0257_hp_preview.jpg
-1.107156 -0.464425 1.752938 255 68 68 R0 pano_camera5/frame_0258_hp_preview.jpg
-1.010755 -0.405610 1.634538 255 68 68 R0 pano_camera5/frame_0259_hp_preview.jpg
-0.718068 -0.248245 1.392380 255 68 68 R0 pano_camera5/frame_0260_hp_preview.jpg
-0.713938 -0.246746 1.386513 255 68 68 R0 pano_camera5/frame_0261_hp_preview.jpg
-0.420459 -0.054977 1.145890 255 68 68 R0 pano_camera5/frame_0262_hp_preview.jpg
-0.411125 -0.044661 1.138913 255 68 68 R0 pano_camera5/frame_0263_hp_preview.jpg
-0.248845 0.052194 1.016789 255 68 68 R0 pano_camera5/frame_0264_hp_preview.jpg
-0.041556 0.192589 0.822675 255 68 68 R0 pano_camera5/frame_0265_hp_preview.jpg
0.148272 0.208699 0.635583 255 68 68 R0 pano_camera5/frame_0266_hp_preview.jpg
0.286320 0.160053 0.467761 255 68 68 R0 pano_camera5/frame_0267_hp_preview.jpg
0.381870 -0.090491 0.316933 255 68 68 R0 pano_camera5/frame_0268_hp_preview.jpg
0.555407 -0.533265 0.101865 255 68 68 R0 pano_camera5/frame_0269_hp_preview.jpg
0.647158 -0.743854 0.023060 255 68 68 R0 pano_camera5/frame_0270_hp_preview.jpg
0.775347 -1.157941 -0.102635 255 68 68 R0 pano_camera5/frame_0271_hp_preview.jpg
0.904976 -1.541152 -0.223365 255 68 68 R0 pano_camera5/frame_0272_hp_preview.jpg
0.986340 -1.748531 -0.297515 255 68 68 R0 pano_camera5/frame_0273_hp_preview.jpg
1.205202 -2.417270 -0.523717 255 68 68 R0 pano_camera5/frame_0274_hp_preview.jpg
1.234712 -2.485569 -0.556081 255 68 68 R0 pano_camera5/frame_0275_hp_preview.jpg
1.421436 -3.023783 -0.748430 255 68 68 R0 pano_camera5/frame_0276_hp_preview.jpg
1.486046 -3.185330 -0.819981 255 68 68 R0 pano_camera5/frame_0277_hp_preview.jpg
1.689093 -3.678913 -1.056574 255 68 68 R0 pano_camera5/frame_0278_hp_preview.jpg
1.773398 -3.946261 -1.138492 255 68 68 R0 pano_camera5/frame_0279_hp_preview.jpg
2.018151 -4.622812 -1.412532 255 68 68 R0 pano_camera5/frame_0280_hp_preview.jpg
2.057762 -4.750179 -1.452852 255 68 68 R0 pano_camera5/frame_0281_hp_preview.jpg
2.123017 -4.932994 -1.546750 255 68 68 R0 pano_camera5/frame_0282_hp_preview.jpg
2.205958 -5.066854 -1.737385 255 68 68 R0 pano_camera5/frame_0283_hp_preview.jpg
2.294510 -5.000192 -2.149331 255 68 68 R0 pano_camera5/frame_0284_hp_preview.jpg
2.295376 -4.972607 -2.185759 255 68 68 R0 pano_camera5/frame_0285_hp_preview.jpg
2.323528 -4.785742 -2.453310 255 68 68 R0 pano_camera5/frame_0286_hp_preview.jpg
2.311603 -4.596108 -2.519140 255 68 68 R0 pano_camera5/frame_0287_hp_preview.jpg
2.288419 -4.352375 -2.611896 255 68 68 R0 pano_camera5/frame_0288_hp_preview.jpg
2.295857 -4.224993 -2.728132 255 68 68 R0 pano_camera5/frame_0289_hp_preview.jpg
2.359403 -4.190726 -2.993775 255 68 68 R0 pano_camera5/frame_0290_hp_preview.jpg
2.509487 -4.242926 -3.527108 255 68 68 R0 pano_camera5/frame_0291_hp_preview.jpg
2.567185 -4.236362 -3.741708 255 68 68 R0 pano_camera5/frame_0292_hp_preview.jpg
2.612278 -4.242912 -3.918312 255 68 68 R0 pano_camera5/frame_0293_hp_preview.jpg
2.674538 -3.928049 -4.472605 255 68 68 R0 pano_camera5/frame_0294_hp_preview.jpg
2.672454 -3.883756 -4.498966 255 68 68 R0 pano_camera5/frame_0295_hp_preview.jpg
2.530038 -3.326691 -4.493613 255 68 68 R0 pano_camera5/frame_0296_hp_preview.jpg
2.411879 -3.143066 -4.207376 255 68 68 R0 pano_camera5/frame_0297_hp_preview.jpg
2.299265 -3.040475 -3.935682 255 68 68 R0 pano_camera5/frame_0298_hp_preview.jpg
2.226659 -2.965870 -3.716665 255 68 68 R0 pano_camera5/frame_0299_hp_preview.jpg
2.081212 -2.817104 -3.302722 255 68 68 R0 pano_camera5/frame_0300_hp_preview.jpg
1.965894 -2.736119 -3.015108 255 68 68 R0 pano_camera5/frame_0301_hp_preview.jpg
1.864859 -2.683399 -2.713326 255 68 68 R0 pano_camera5/frame_0302_hp_preview.jpg
1.754770 -2.675598 -2.274134 255 68 68 R0 pano_camera5/frame_0303_hp_preview.jpg
1.686646 -2.665943 -2.055310 255 68 68 R0 pano_camera5/frame_0304_hp_preview.jpg
1.523574 -2.591831 -1.554093 255 68 68 R0 pano_camera5/frame_0305_hp_preview.jpg
1.340103 -2.400859 -1.095633 255 68 68 R0 pano_camera5/frame_0306_hp_preview.jpg
1.215570 -2.223867 -0.823454 255 68 68 R0 pano_camera5/frame_0307_hp_preview.jpg
1.190420 -2.160027 -0.765960 255 68 68 R0 pano_camera5/frame_0308_hp_preview.jpg
1.047679 -1.725843 -0.625871 255 68 68 R0 pano_camera5/frame_0309_hp_preview.jpg
0.995119 -1.284847 -0.774935 255 68 68 R0 pano_camera5/frame_0310_hp_preview.jpg
1.020424 -1.128047 -1.052214 255 68 68 R0 pano_camera5/frame_0311_hp_preview.jpg
1.138762 -1.073792 -1.480932 255 68 68 R0 pano_camera5/frame_0312_hp_preview.jpg
1.228663 -1.089527 -1.786412 255 68 68 R0 pano_camera5/frame_0313_hp_preview.jpg
1.312548 -1.130710 -2.054355 255 68 68 R0 pano_camera5/frame_0314_hp_preview.jpg
1.517960 -1.212829 -2.712008 255 68 68 R0 pano_camera5/frame_0315_hp_preview.jpg
1.535635 -1.213568 -2.760328 255 68 68 R0 pano_camera5/frame_0316_hp_preview.jpg
1.648742 -1.220076 -3.197474 255 68 68 R0 pano_camera5/frame_0317_hp_preview.jpg
1.725425 -1.062633 -3.646387 255 68 68 R0 pano_camera5/frame_0318_hp_preview.jpg
1.711680 -0.945813 -3.695038 255 68 68 R0 pano_camera5/frame_0319_hp_preview.jpg
1.652336 -0.592659 -3.709197 255 68 68 R0 pano_camera5/frame_0320_hp_preview.jpg
1.429522 0.023043 -3.434282 255 68 68 R0 pano_camera5/frame_0321_hp_preview.jpg
1.414639 0.057629 -3.413713 255 68 68 R0 pano_camera5/frame_0322_hp_preview.jpg
1.238755 0.282861 -3.027402 255 68 68 R0 pano_camera5/frame_0323_hp_preview.jpg
1.104935 0.353064 -2.572395 255 68 68 R0 pano_camera5/frame_0324_hp_preview.jpg
1.081647 0.369690 -2.532180 255 68 68 R0 pano_camera5/frame_0325_hp_preview.jpg
0.904116 0.688020 -2.190968 255 68 68 R0 pano_camera5/frame_0326_hp_preview.jpg
0.848381 0.949237 -2.229106 255 68 68 R0 pano_camera5/frame_0327_hp_preview.jpg
0.850359 1.067482 -2.305141 255 68 68 R0 pano_camera5/frame_0328_hp_preview.jpg
0.870261 1.214617 -2.490182 255 68 68 R0 pano_camera5/frame_0329_hp_preview.jpg
0.866505 1.514347 -2.719464 255 68 68 R0 pano_camera5/frame_0330_hp_preview.jpg
0.820147 1.646316 -2.674441 255 68 68 R0 pano_camera5/frame_0331_hp_preview.jpg
0.705363 1.604338 -2.264328 255 68 68 R0 pano_camera5/frame_0332_hp_preview.jpg
0.681802 1.474539 -2.095242 255 68 68 R0 pano_camera5/frame_0333_hp_preview.jpg
0.627422 1.295632 -1.754663 255 68 68 R0 pano_camera5/frame_0334_hp_preview.jpg
0.588179 1.246157 -1.559300 255 68 68 R0 pano_camera5/frame_0335_hp_preview.jpg
0.536277 1.178299 -1.346821 255 68 68 R0 pano_camera5/frame_0336_hp_preview.jpg
0.415523 1.081336 -0.858579 255 68 68 R0 pano_camera5/frame_0337_hp_preview.jpg
0.361157 1.037556 -0.612275 255 68 68 R0 pano_camera5/frame_0338_hp_preview.jpg
0.195824 0.969542 0.021274 255 68 68 R0 pano_camera5/frame_0339_hp_preview.jpg
0.105671 0.989011 0.427492 255 68 68 R0 pano_camera5/frame_0340_hp_preview.jpg
0.070837 0.984254 0.533568 255 68 68 R0 pano_camera5/frame_0341_hp_preview.jpg
-0.005356 0.942454 0.852273 255 68 68 R0 pano_camera5/frame_0342_hp_preview.jpg
-0.077534 0.814210 1.245891 255 68 68 R0 pano_camera5/frame_0343_hp_preview.jpg
-0.186094 0.946862 1.551702 255 68 68 R0 pano_camera5/frame_0344_hp_preview.jpg
-0.194486 1.162505 1.397365 255 68 68 R0 pano_camera5/frame_0345_hp_preview.jpg
-0.168601 1.299079 1.165892 255 68 68 R0 pano_camera5/frame_0346_hp_preview.jpg
-0.118559 1.340980 0.944399 255 68 68 R0 pano_camera5/frame_0347_hp_preview.jpg
-0.062935 1.399373 0.695187 255 68 68 R0 pano_camera5/frame_0348_hp_preview.jpg
0.057068 1.535954 0.101732 255 68 68 R0 pano_camera5/frame_0349_hp_preview.jpg
0.082511 1.664444 -0.153729 255 68 68 R0 pano_camera5/frame_0350_hp_preview.jpg
0.103042 1.770473 -0.338431 255 68 68 R0 pano_camera5/frame_0351_hp_preview.jpg
0.107275 2.133332 -0.661774 255 68 68 R0 pano_camera5/frame_0352_hp_preview.jpg
0.098654 2.336614 -0.756771 255 68 68 R0 pano_camera5/frame_0353_hp_preview.jpg
0.107478 2.631557 -1.025876 255 68 68 R0 pano_camera5/frame_0354_hp_preview.jpg
0.158459 2.697029 -1.220992 255 68 68 R0 pano_camera5/frame_0355_hp_preview.jpg
0.309162 2.517656 -1.576984 255 68 68 R0 pano_camera5/frame_0356_hp_preview.jpg
0.397657 2.371320 -1.823835 255 68 68 R0 pano_camera5/frame_0357_hp_preview.jpg
0.412492 2.304755 -1.890797 255 68 68 R0 pano_camera5/frame_0358_hp_preview.jpg
0.415700 2.267168 -1.904399 255 68 68 R0 pano_camera5/frame_0359_hp_preview.jpg
0.425000 2.313749 -1.920808 255 68 68 R0 pano_camera5/frame_0360_hp_preview.jpg
0.425327 2.312543 -1.924958 255 68 68 R0 pano_camera5/frame_0361_hp_preview.jpg
0.501619 2.349217 -2.200644 255 68 68 R0 pano_camera5/frame_0362_hp_preview.jpg
0.505572 2.460278 -2.293892 255 68 68 R0 pano_camera5/frame_0363_hp_preview.jpg
0.501648 2.707590 -2.383415 255 68 68 R0 pano_camera5/frame_0364_hp_preview.jpg
0.475039 2.798052 -2.358420 255 68 68 R0 pano_camera5/frame_0365_hp_preview.jpg
0.335476 2.940766 -2.011185 255 68 68 R0 pano_camera5/frame_0366_hp_preview.jpg
0.316775 2.933663 -1.949924 255 68 68 R0 pano_camera5/frame_0367_hp_preview.jpg
0.228858 2.877101 -1.632733 255 68 68 R0 pano_camera5/frame_0368_hp_preview.jpg
0.072336 2.754793 -0.972461 255 68 68 R0 pano_camera5/frame_0369_hp_preview.jpg
-0.020076 2.810661 -0.797497 255 68 68 R0 pano_camera5/frame_0370_hp_preview.jpg
-0.055005 2.983965 -0.704401 255 68 68 R0 pano_camera5/frame_0371_hp_preview.jpg
-0.085706 3.275206 -0.862731 255 68 68 R0 pano_camera5/frame_0372_hp_preview.jpg
-0.031442 3.449817 -1.170092 255 68 68 R0 pano_camera5/frame_0373_hp_preview.jpg
-0.005149 3.928866 -1.692164 255 68 68 R0 pano_camera5/frame_0374_hp_preview.jpg
-0.019849 4.108516 -1.760321 255 68 68 R0 pano_camera5/frame_0375_hp_preview.jpg
-0.064025 4.339179 -1.759550 255 68 68 R0 pano_camera5/frame_0376_hp_preview.jpg
-0.112782 4.529239 -1.728330 255 68 68 R0 pano_camera5/frame_0377_hp_preview.jpg
-0.279377 5.108110 -1.524152 255 68 68 R0 pano_camera5/frame_0378_hp_preview.jpg
-0.351929 5.253242 -1.427838 255 68 68 R0 pano_camera5/frame_0379_hp_preview.jpg
-0.442248 5.420908 -1.257913 255 68 68 R0 pano_camera5/frame_0380_hp_preview.jpg
-0.569586 5.457390 -1.289344 255 68 68 R0 pano_camera5/frame_0381_hp_preview.jpg
-0.742627 5.490511 -1.192602 255 68 68 R0 pano_camera5/frame_0382_hp_preview.jpg
-0.628015 5.561372 -0.882234 255 68 68 R0 pano_camera5/frame_0383_hp_preview.jpg
-0.610576 5.536381 -0.871260 255 68 68 R0 pano_camera5/frame_0384_hp_preview.jpg
-0.640022 5.438735 -0.637656 255 68 68 R0 pano_camera5/frame_0385_hp_preview.jpg
-0.726661 5.256546 -0.132506 255 68 68 R0 pano_camera5/frame_0386_hp_preview.jpg
-0.779248 5.194747 0.106171 255 68 68 R0 pano_camera5/frame_0387_hp_preview.jpg
-0.918229 4.934546 0.835289 255 68 68 R0 pano_camera5/frame_0388_hp_preview.jpg
-1.003775 4.729486 1.288130 255 68 68 R0 pano_camera5/frame_0389_hp_preview.jpg
-1.038725 4.626800 1.461694 255 68 68 R0 pano_camera5/frame_0390_hp_preview.jpg
-1.036690 4.287536 1.766766 255 68 68 R0 pano_camera5/frame_0391_hp_preview.jpg
-1.014002 4.195995 1.751601 255 68 68 R0 pano_camera5/frame_0392_hp_preview.jpg
-0.960057 4.185468 1.566262 255 68 68 R0 pano_camera5/frame_0393_hp_preview.jpg
-0.946847 4.308163 1.380026 255 68 68 R0 pano_camera5/frame_0394_hp_preview.jpg
-0.921072 4.525460 1.076904 255 68 68 R0 pano_camera5/frame_0395_hp_preview.jpg
-0.846746 4.640003 0.714198 255 68 68 R0 pano_camera5/frame_0396_hp_preview.jpg
-0.667282 4.349824 0.393671 255 68 68 R0 pano_camera5/frame_0397_hp_preview.jpg
-0.618462 4.194643 0.342120 255 68 68 R0 pano_camera5/frame_0398_hp_preview.jpg
-0.541263 3.741298 0.475124 255 68 68 R0 pano_camera5/frame_0399_hp_preview.jpg
-0.614949 3.474703 0.912241 255 68 68 R0 pano_camera5/frame_0400_hp_preview.jpg
-0.673577 3.292103 1.271204 255 68 68 R0 pano_camera5/frame_0401_hp_preview.jpg
-0.677387 3.277407 1.294090 255 68 68 R0 pano_camera5/frame_0402_hp_preview.jpg
-0.736937 3.109667 1.635587 255 68 68 R0 pano_camera5/frame_0403_hp_preview.jpg
-0.663007 2.618312 1.791725 255 68 68 R0 pano_camera5/frame_0404_hp_preview.jpg
-0.643878 2.585167 1.774961 255 68 68 R0 pano_camera5/frame_0405_hp_preview.jpg
-0.468819 2.325343 1.407412 255 68 68 R0 pano_camera5/frame_0406_hp_preview.jpg
-0.404706 2.477952 0.992568 255 68 68 R0 pano_camera5/frame_0407_hp_preview.jpg
-0.363442 2.568097 0.780517 255 68 68 R0 pano_camera5/frame_0408_hp_preview.jpg
-0.343686 2.637905 0.623736 255 68 68 R0 pano_camera5/frame_0409_hp_preview.jpg
-0.235941 2.656530 0.277837 255 68 68 R0 pano_camera5/frame_0410_hp_preview.jpg
-0.029787 2.213803 -0.114345 255 68 68 R0 pano_camera5/frame_0411_hp_preview.jpg
-0.010521 2.139289 -0.149748 255 68 68 R0 pano_camera5/frame_0412_hp_preview.jpg
0.068697 1.969193 -0.274422 255 68 68 R0 pano_camera5/frame_0413_hp_preview.jpg
0.069565 1.988136 -0.285254 255 68 68 R0 pano_camera5/frame_0414_hp_preview.jpg
0.069213 1.989953 -0.284286 255 68 68 R0 pano_camera5/frame_0415_hp_preview.jpg
0.065869 1.985277 -0.285700 255 68 68 R0 pano_camera5/frame_0416_hp_preview.jpg
-0.952295 -4.174641 3.405224 255 68 68 R0 pano_camera6/frame_0140_hp_preview.jpg
-0.968018 -4.260264 3.563440 255 68 68 R0 pano_camera6/frame_0141_hp_preview.jpg
-1.014635 -4.403939 3.851112 255 68 68 R0 pano_camera6/frame_0142_hp_preview.jpg
-1.023715 -4.526068 3.990164 255 68 68 R0 pano_camera6/frame_0143_hp_preview.jpg
-0.966765 -4.700454 4.002118 255 68 68 R0 pano_camera6/frame_0144_hp_preview.jpg
-0.898556 -4.799549 3.860129 255 68 68 R0 pano_camera6/frame_0145_hp_preview.jpg
-1.095819 -3.945669 3.758673 255 68 68 R0 pano_camera6/frame_0157_hp_preview.jpg
-1.140440 -3.793765 3.794681 255 68 68 R0 pano_camera6/frame_0158_hp_preview.jpg
-1.173501 -3.721389 3.869895 255 68 68 R0 pano_camera6/frame_0159_hp_preview.jpg
-1.409340 -3.333731 4.345822 255 68 68 R0 pano_camera6/frame_0160_hp_preview.jpg
-1.523706 -3.072242 4.519662 255 68 68 R0 pano_camera6/frame_0161_hp_preview.jpg
-1.646090 -2.712280 4.692733 255 68 68 R0 pano_camera6/frame_0162_hp_preview.jpg
-1.720915 -2.475276 4.775205 255 68 68 R0 pano_camera6/frame_0163_hp_preview.jpg
-1.789240 -2.225230 4.837078 255 68 68 R0 pano_camera6/frame_0164_hp_preview.jpg
-1.840207 -1.855024 4.701287 255 68 68 R0 pano_camera6/frame_0165_hp_preview.jpg
-1.823112 -1.738384 4.528787 255 68 68 R0 pano_camera6/frame_0166_hp_preview.jpg
-1.743030 -1.598595 4.123317 255 68 68 R0 pano_camera6/frame_0167_hp_preview.jpg
-1.620091 -1.748449 3.784620 255 68 68 R0 pano_camera6/frame_0168_hp_preview.jpg
-1.560994 -1.860359 3.709335 255 68 68 R0 pano_camera6/frame_0169_hp_preview.jpg
-1.333422 -2.503967 3.386351 255 68 68 R0 pano_camera6/frame_0170_hp_preview.jpg
-1.288551 -2.586877 3.349026 255 68 68 R0 pano_camera6/frame_0171_hp_preview.jpg
-1.153671 -2.993306 3.153426 255 68 68 R0 pano_camera6/frame_0172_hp_preview.jpg
-1.016637 -3.161978 2.831921 255 68 68 R0 pano_camera6/frame_0173_hp_preview.jpg
-0.934972 -3.055151 2.462561 255 68 68 R0 pano_camera6/frame_0174_hp_preview.jpg
-0.931769 -3.047332 2.455450 255 68 68 R0 pano_camera6/frame_0175_hp_preview.jpg
-0.968836 -2.667919 2.232822 255 68 68 R0 pano_camera6/frame_0176_hp_preview.jpg
-1.009274 -2.423851 2.203411 255 68 68 R0 pano_camera6/frame_0177_hp_preview.jpg
-1.080731 -1.985629 2.075004 255 68 68 R0 pano_camera6/frame_0178_hp_preview.jpg
-1.045937 -1.747089 1.748111 255 68 68 R0 pano_camera6/frame_0179_hp_preview.jpg
-0.992737 -1.757717 1.557509 255 68 68 R0 pano_camera6/frame_0180_hp_preview.jpg
-0.914447 -1.946554 1.377386 255 68 68 R0 pano_camera6/frame_0181_hp_preview.jpg
-0.839425 -2.172185 1.290069 255 68 68 R0 pano_camera6/frame_0182_hp_preview.jpg
-0.699359 -2.463302 1.070872 255 68 68 R0 pano_camera6/frame_0183_hp_preview.jpg
-0.684756 -2.361810 0.884716 255 68 68 R0 pano_camera6/frame_0184_hp_preview.jpg
-0.720244 -2.204510 0.881706 255 68 68 R0 pano_camera6/frame_0185_hp_preview.jpg
-0.796262 -1.987047 0.951911 255 68 68 R0 pano_camera6/frame_0186_hp_preview.jpg
-0.865203 -1.765112 1.014121 255 68 68 R0 pano_camera6/frame_0187_hp_preview.jpg
-0.936784 -1.455872 1.017026 255 68 68 R0 pano_camera6/frame_0188_hp_preview.jpg
-0.950485 -1.193305 0.842140 255 68 68 R0 pano_camera6/frame_0189_hp_preview.jpg
-0.943547 -1.167946 0.816497 255 68 68 R0 pano_camera6/frame_0190_hp_preview.jpg
-0.898021 -1.065842 0.568559 255 68 68 R0 pano_camera6/frame_0191_hp_preview.jpg
-0.783245 -1.156125 0.239555 255 68 68 R0 pano_camera6/frame_0192_hp_preview.jpg
-0.693695 -1.346187 0.049050 255 68 68 R0 pano_camera6/frame_0193_hp_preview.jpg
-0.584471 -1.628485 -0.143586 255 68 68 R0 pano_camera6/frame_0194_hp_preview.jpg
-0.494305 -1.812369 -0.293792 255 68 68 R0 pano_camera6/frame_0195_hp_preview.jpg
-0.445895 -1.841511 -0.492532 255 68 68 R0 pano_camera6/frame_0196_hp_preview.jpg
-0.355356 -1.749459 -0.894426 255 68 68 R0 pano_camera6/frame_0197_hp_preview.jpg
-0.242008 -1.514790 -1.447416 255 68 68 R0 pano_camera6/frame_0198_hp_preview.jpg
-0.208001 -1.445972 -1.609035 255 68 68 R0 pano_camera6/frame_0199_hp_preview.jpg
-0.085788 -0.999108 -2.313958 255 68 68 R0 pano_camera6/frame_0200_hp_preview.jpg
-0.012874 -1.020659 -2.385935 255 68 68 R0 pano_camera6/frame_0201_hp_preview.jpg
-0.476342 -0.686855 -1.286221 255 68 68 R0 pano_camera6/frame_0226_hp_preview.jpg
-0.956221 0.210931 -0.311313 255 68 68 R0 pano_camera6/frame_0240_hp_preview.jpg
-0.981890 0.212383 -0.248570 255 68 68 R0 pano_camera6/frame_0241_hp_preview.jpg
-1.088179 0.379628 -0.028692 255 68 68 R0 pano_camera6/frame_0242_hp_preview.jpg
-1.125390 0.309850 0.155749 255 68 68 R0 pano_camera6/frame_0243_hp_preview.jpg
-1.093822 0.104721 0.207746 255 68 68 R0 pano_camera6/frame_0244_hp_preview.jpg
-1.088556 0.011255 0.255302 255 68 68 R0 pano_camera6/frame_0245_hp_preview.jpg
-1.094785 -0.233908 0.390702 255 68 68 R0 pano_camera6/frame_0246_hp_preview.jpg
-1.047463 -0.371162 0.364206 255 68 68 R0 pano_camera6/frame_0247_hp_preview.jpg
-1.026766 -0.649333 0.528909 255 68 68 R0 pano_camera6/frame_0248_hp_preview.jpg
-1.030031 -0.678155 0.557683 255 68 68 R0 pano_camera6/frame_0249_hp_preview.jpg
-1.085837 -1.146385 1.181070 255 68 68 R0 pano_camera6/frame_0250_hp_preview.jpg
-1.088739 -1.154043 1.192645 255 68 68 R0 pano_camera6/frame_0251_hp_preview.jpg
-1.168165 -1.328104 1.675807 255 68 68 R0 pano_camera6/frame_0252_hp_preview.jpg
-1.298865 -1.324668 2.219843 255 68 68 R0 pano_camera6/frame_0253_hp_preview.jpg
-1.427538 -0.982691 2.435355 255 68 68 R0 pano_camera6/frame_0254_hp_preview.jpg
-1.438201 -0.941965 2.426224 255 68 68 R0 pano_camera6/frame_0255_hp_preview.jpg
-1.351658 -0.619147 1.975739 255 68 68 R0 pano_camera6/frame_0256_hp_preview.jpg
-1.197296 -0.512492 1.808461 255 68 68 R0 pano_camera6/frame_0257_hp_preview.jpg
-1.107156 -0.464425 1.752938 255 68 68 R0 pano_camera6/frame_0258_hp_preview.jpg
-1.010755 -0.405610 1.634538 255 68 68 R0 pano_camera6/frame_0259_hp_preview.jpg
-0.718068 -0.248245 1.392380 255 68 68 R0 pano_camera6/frame_0260_hp_preview.jpg
-0.713938 -0.246746 1.386513 255 68 68 R0 pano_camera6/frame_0261_hp_preview.jpg
-0.420459 -0.054977 1.145890 255 68 68 R0 pano_camera6/frame_0262_hp_preview.jpg
-0.411125 -0.044661 1.138913 255 68 68 R0 pano_camera6/frame_0263_hp_preview.jpg
-0.248845 0.052194 1.016789 255 68 68 R0 pano_camera6/frame_0264_hp_preview.jpg
-0.041556 0.192589 0.822675 255 68 68 R0 pano_camera6/frame_0265_hp_preview.jpg
0.148272 0.208699 0.635583 255 68 68 R0 pano_camera6/frame_0266_hp_preview.jpg
0.286320 0.160053 0.467761 255 68 68 R0 pano_camera6/frame_0267_hp_preview.jpg
0.381870 -0.090491 0.316933 255 68 68 R0 pano_camera6/frame_0268_hp_preview.jpg
0.555407 -0.533265 0.101865 255 68 68 R0 pano_camera6/frame_0269_hp_preview.jpg
0.647158 -0.743854 0.023060 255 68 68 R0 pano_camera6/frame_0270_hp_preview.jpg
0.775347 -1.157941 -0.102635 255 68 68 R0 pano_camera6/frame_0271_hp_preview.jpg
0.904976 -1.541152 -0.223365 255 68 68 R0 pano_camera6/frame_0272_hp_preview.jpg
0.986340 -1.748531 -0.297515 255 68 68 R0 pano_camera6/frame_0273_hp_preview.jpg
1.205202 -2.417270 -0.523717 255 68 68 R0 pano_camera6/frame_0274_hp_preview.jpg
1.234712 -2.485569 -0.556081 255 68 68 R0 pano_camera6/frame_0275_hp_preview.jpg
1.421436 -3.023783 -0.748430 255 68 68 R0 pano_camera6/frame_0276_hp_preview.jpg
1.486046 -3.185330 -0.819981 255 68 68 R0 pano_camera6/frame_0277_hp_preview.jpg
1.689093 -3.678913 -1.056574 255 68 68 R0 pano_camera6/frame_0278_hp_preview.jpg
1.773398 -3.946261 -1.138492 255 68 68 R0 pano_camera6/frame_0279_hp_preview.jpg
2.018151 -4.622812 -1.412532 255 68 68 R0 pano_camera6/frame_0280_hp_preview.jpg
2.057762 -4.750179 -1.452852 255 68 68 R0 pano_camera6/frame_0281_hp_preview.jpg
2.123017 -4.932994 -1.546750 255 68 68 R0 pano_camera6/frame_0282_hp_preview.jpg
2.205958 -5.066854 -1.737385 255 68 68 R0 pano_camera6/frame_0283_hp_preview.jpg
2.294510 -5.000192 -2.149331 255 68 68 R0 pano_camera6/frame_0284_hp_preview.jpg
2.295376 -4.972607 -2.185759 255 68 68 R0 pano_camera6/frame_0285_hp_preview.jpg
2.323528 -4.785742 -2.453310 255 68 68 R0 pano_camera6/frame_0286_hp_preview.jpg
2.311603 -4.596108 -2.519140 255 68 68 R0 pano_camera6/frame_0287_hp_preview.jpg
2.288419 -4.352375 -2.611896 255 68 68 R0 pano_camera6/frame_0288_hp_preview.jpg
2.295857 -4.224993 -2.728132 255 68 68 R0 pano_camera6/frame_0289_hp_preview.jpg
2.359403 -4.190726 -2.993775 255 68 68 R0 pano_camera6/frame_0290_hp_preview.jpg
2.509487 -4.242926 -3.527108 255 68 68 R0 pano_camera6/frame_0291_hp_preview.jpg
2.567185 -4.236362 -3.741708 255 68 68 R0 pano_camera6/frame_0292_hp_preview.jpg
2.612278 -4.242912 -3.918312 255 68 68 R0 pano_camera6/frame_0293_hp_preview.jpg
2.674538 -3.928049 -4.472605 255 68 68 R0 pano_camera6/frame_0294_hp_preview.jpg
2.672454 -3.883756 -4.498966 255 68 68 R0 pano_camera6/frame_0295_hp_preview.jpg
2.530038 -3.326691 -4.493613 255 68 68 R0 pano_camera6/frame_0296_hp_preview.jpg
2.411879 -3.143066 -4.207376 255 68 68 R0 pano_camera6/frame_0297_hp_preview.jpg
2.299265 -3.040475 -3.935682 255 68 68 R0 pano_camera6/frame_0298_hp_preview.jpg
2.226659 -2.965870 -3.716665 255 68 68 R0 pano_camera6/frame_0299_hp_preview.jpg
2.081212 -2.817104 -3.302722 255 68 68 R0 pano_camera6/frame_0300_hp_preview.jpg
1.965894 -2.736119 -3.015108 255 68 68 R0 pano_camera6/frame_0301_hp_preview.jpg
1.864859 -2.683399 -2.713326 255 68 68 R0 pano_camera6/frame_0302_hp_preview.jpg
1.754770 -2.675598 -2.274134 255 68 68 R0 pano_camera6/frame_0303_hp_preview.jpg
1.686646 -2.665943 -2.055310 255 68 68 R0 pano_camera6/frame_0304_hp_preview.jpg
1.523574 -2.591831 -1.554093 255 68 68 R0 pano_camera6/frame_0305_hp_preview.jpg
1.340103 -2.400859 -1.095633 255 68 68 R0 pano_camera6/frame_0306_hp_preview.jpg
1.215570 -2.223867 -0.823454 255 68 68 R0 pano_camera6/frame_0307_hp_preview.jpg
1.190420 -2.160027 -0.765960 255 68 68 R0 pano_camera6/frame_0308_hp_preview.jpg
1.047679 -1.725843 -0.625871 255 68 68 R0 pano_camera6/frame_0309_hp_preview.jpg
0.995119 -1.284847 -0.774935 255 68 68 R0 pano_camera6/frame_0310_hp_preview.jpg
1.020424 -1.128047 -1.052214 255 68 68 R0 pano_camera6/frame_0311_hp_preview.jpg
1.138762 -1.073792 -1.480932 255 68 68 R0 pano_camera6/frame_0312_hp_preview.jpg
1.228663 -1.089527 -1.786412 255 68 68 R0 pano_camera6/frame_0313_hp_preview.jpg
1.312548 -1.130710 -2.054355 255 68 68 R0 pano_camera6/frame_0314_hp_preview.jpg
1.517960 -1.212829 -2.712008 255 68 68 R0 pano_camera6/frame_0315_hp_preview.jpg
1.535635 -1.213568 -2.760328 255 68 68 R0 pano_camera6/frame_0316_hp_preview.jpg
1.648742 -1.220076 -3.197474 255 68 68 R0 pano_camera6/frame_0317_hp_preview.jpg
1.725425 -1.062633 -3.646387 255 68 68 R0 pano_camera6/frame_0318_hp_preview.jpg
1.711680 -0.945813 -3.695038 255 68 68 R0 pano_camera6/frame_0319_hp_preview.jpg
1.652336 -0.592659 -3.709197 255 68 68 R0 pano_camera6/frame_0320_hp_preview.jpg
1.429522 0.023043 -3.434282 255 68 68 R0 pano_camera6/frame_0321_hp_preview.jpg
1.414639 0.057629 -3.413713 255 68 68 R0 pano_camera6/frame_0322_hp_preview.jpg
1.238755 0.282861 -3.027402 255 68 68 R0 pano_camera6/frame_0323_hp_preview.jpg
1.104935 0.353064 -2.572395 255 68 68 R0 pano_camera6/frame_0324_hp_preview.jpg
1.081647 0.369690 -2.532180 255 68 68 R0 pano_camera6/frame_0325_hp_preview.jpg
0.904116 0.688020 -2.190968 255 68 68 R0 pano_camera6/frame_0326_hp_preview.jpg
0.848381 0.949237 -2.229106 255 68 68 R0 pano_camera6/frame_0327_hp_preview.jpg
0.850359 1.067482 -2.305141 255 68 68 R0 pano_camera6/frame_0328_hp_preview.jpg
0.870261 1.214617 -2.490182 255 68 68 R0 pano_camera6/frame_0329_hp_preview.jpg
0.866505 1.514347 -2.719464 255 68 68 R0 pano_camera6/frame_0330_hp_preview.jpg
0.820147 1.646316 -2.674441 255 68 68 R0 pano_camera6/frame_0331_hp_preview.jpg
0.705363 1.604338 -2.264328 255 68 68 R0 pano_camera6/frame_0332_hp_preview.jpg
0.681802 1.474539 -2.095242 255 68 68 R0 pano_camera6/frame_0333_hp_preview.jpg
0.627422 1.295632 -1.754663 255 68 68 R0 pano_camera6/frame_0334_hp_preview.jpg
0.588179 1.246157 -1.559300 255 68 68 R0 pano_camera6/frame_0335_hp_preview.jpg
0.536277 1.178299 -1.346821 255 68 68 R0 pano_camera6/frame_0336_hp_preview.jpg
0.415523 1.081336 -0.858579 255 68 68 R0 pano_camera6/frame_0337_hp_preview.jpg
0.361157 1.037556 -0.612275 255 68 68 R0 pano_camera6/frame_0338_hp_preview.jpg
0.195824 0.969542 0.021274 255 68 68 R0 pano_camera6/frame_0339_hp_preview.jpg
0.105671 0.989011 0.427492 255 68 68 R0 pano_camera6/frame_0340_hp_preview.jpg
0.070837 0.984254 0.533568 255 68 68 R0 pano_camera6/frame_0341_hp_preview.jpg
-0.005356 0.942454 0.852273 255 68 68 R0 pano_camera6/frame_0342_hp_preview.jpg
-0.077534 0.814210 1.245891 255 68 68 R0 pano_camera6/frame_0343_hp_preview.jpg
-0.186094 0.946862 1.551702 255 68 68 R0 pano_camera6/frame_0344_hp_preview.jpg
-0.194486 1.162505 1.397365 255 68 68 R0 pano_camera6/frame_0345_hp_preview.jpg
-0.168601 1.299079 1.165892 255 68 68 R0 pano_camera6/frame_0346_hp_preview.jpg
-0.118559 1.340980 0.944399 255 68 68 R0 pano_camera6/frame_0347_hp_preview.jpg
-0.062935 1.399373 0.695187 255 68 68 R0 pano_camera6/frame_0348_hp_preview.jpg
0.057068 1.535954 0.101732 255 68 68 R0 pano_camera6/frame_0349_hp_preview.jpg
0.082511 1.664444 -0.153729 255 68 68 R0 pano_camera6/frame_0350_hp_preview.jpg
0.103042 1.770473 -0.338431 255 68 68 R0 pano_camera6/frame_0351_hp_preview.jpg
0.107275 2.133332 -0.661774 255 68 68 R0 pano_camera6/frame_0352_hp_preview.jpg
0.098654 2.336614 -0.756771 255 68 68 R0 pano_camera6/frame_0353_hp_preview.jpg
0.107478 2.631557 -1.025876 255 68 68 R0 pano_camera6/frame_0354_hp_preview.jpg
0.158459 2.697029 -1.220992 255 68 68 R0 pano_camera6/frame_0355_hp_preview.jpg
0.309162 2.517656 -1.576984 255 68 68 R0 pano_camera6/frame_0356_hp_preview.jpg
0.397657 2.371320 -1.823835 255 68 68 R0 pano_camera6/frame_0357_hp_preview.jpg
0.412492 2.304755 -1.890797 255 68 68 R0 pano_camera6/frame_0358_hp_preview.jpg
0.415700 2.267168 -1.904399 255 68 68 R0 pano_camera6/frame_0359_hp_preview.jpg
0.425000 2.313749 -1.920808 255 68 68 R0 pano_camera6/frame_0360_hp_preview.jpg
0.425327 2.312543 -1.924958 255 68 68 R0 pano_camera6/frame_0361_hp_preview.jpg
0.501619 2.349217 -2.200644 255 68 68 R0 pano_camera6/frame_0362_hp_preview.jpg
0.505572 2.460278 -2.293892 255 68 68 R0 pano_camera6/frame_0363_hp_preview.jpg
0.501648 2.707590 -2.383415 255 68 68 R0 pano_camera6/frame_0364_hp_preview.jpg
0.475039 2.798052 -2.358420 255 68 68 R0 pano_camera6/frame_0365_hp_preview.jpg
0.335476 2.940766 -2.011185 255 68 68 R0 pano_camera6/frame_0366_hp_preview.jpg
0.316775 2.933663 -1.949924 255 68 68 R0 pano_camera6/frame_0367_hp_preview.jpg
0.228858 2.877101 -1.632733 255 68 68 R0 pano_camera6/frame_0368_hp_preview.jpg
0.072336 2.754793 -0.972461 255 68 68 R0 pano_camera6/frame_0369_hp_preview.jpg
-0.020076 2.810661 -0.797497 255 68 68 R0 pano_camera6/frame_0370_hp_preview.jpg
-0.055005 2.983965 -0.704401 255 68 68 R0 pano_camera6/frame_0371_hp_preview.jpg
-0.085706 3.275206 -0.862731 255 68 68 R0 pano_camera6/frame_0372_hp_preview.jpg
-0.031442 3.449817 -1.170092 255 68 68 R0 pano_camera6/frame_0373_hp_preview.jpg
-0.005149 3.928866 -1.692164 255 68 68 R0 pano_camera6/frame_0374_hp_preview.jpg
-0.019849 4.108516 -1.760321 255 68 68 R0 pano_camera6/frame_0375_hp_preview.jpg
-0.064025 4.339179 -1.759550 255 68 68 R0 pano_camera6/frame_0376_hp_preview.jpg
-0.112782 4.529239 -1.728330 255 68 68 R0 pano_camera6/frame_0377_hp_preview.jpg
-0.279377 5.108110 -1.524152 255 68 68 R0 pano_camera6/frame_0378_hp_preview.jpg
-0.351929 5.253242 -1.427838 255 68 68 R0 pano_camera6/frame_0379_hp_preview.jpg
-0.442248 5.420908 -1.257913 255 68 68 R0 pano_camera6/frame_0380_hp_preview.jpg
-0.569586 5.457390 -1.289344 255 68 68 R0 pano_camera6/frame_0381_hp_preview.jpg
-0.742627 5.490511 -1.192602 255 68 68 R0 pano_camera6/frame_0382_hp_preview.jpg
-0.628015 5.561372 -0.882234 255 68 68 R0 pano_camera6/frame_0383_hp_preview.jpg
-0.610576 5.536381 -0.871260 255 68 68 R0 pano_camera6/frame_0384_hp_preview.jpg
-0.640022 5.438735 -0.637656 255 68 68 R0 pano_camera6/frame_0385_hp_preview.jpg
-0.726661 5.256546 -0.132506 255 68 68 R0 pano_camera6/frame_0386_hp_preview.jpg
-0.779248 5.194747 0.106171 255 68 68 R0 pano_camera6/frame_0387_hp_preview.jpg
-0.918229 4.934546 0.835289 255 68 68 R0 pano_camera6/frame_0388_hp_preview.jpg
-1.003775 4.729486 1.288130 255 68 68 R0 pano_camera6/frame_0389_hp_preview.jpg
-1.038725 4.626800 1.461694 255 68 68 R0 pano_camera6/frame_0390_hp_preview.jpg
-1.036690 4.287536 1.766766 255 68 68 R0 pano_camera6/frame_0391_hp_preview.jpg
-1.014002 4.195995 1.751601 255 68 68 R0 pano_camera6/frame_0392_hp_preview.jpg
-0.960057 4.185468 1.566262 255 68 68 R0 pano_camera6/frame_0393_hp_preview.jpg
-0.946847 4.308163 1.380026 255 68 68 R0 pano_camera6/frame_0394_hp_preview.jpg
-0.921072 4.525460 1.076904 255 68 68 R0 pano_camera6/frame_0395_hp_preview.jpg
-0.846746 4.640003 0.714198 255 68 68 R0 pano_camera6/frame_0396_hp_preview.jpg
-0.667282 4.349824 0.393671 255 68 68 R0 pano_camera6/frame_0397_hp_preview.jpg
-0.618462 4.194643 0.342120 255 68 68 R0 pano_camera6/frame_0398_hp_preview.jpg
-0.541263 3.741298 0.475124 255 68 68 R0 pano_camera6/frame_0399_hp_preview.jpg
-0.614949 3.474703 0.912241 255 68 68 R0 pano_camera6/frame_0400_hp_preview.jpg
-0.673577 3.292103 1.271204 255 68 68 R0 pano_camera6/frame_0401_hp_preview.jpg
-0.677387 3.277407 1.294090 255 68 68 R0 pano_camera6/frame_0402_hp_preview.jpg
-0.736937 3.109667 1.635587 255 68 68 R0 pano_camera6/frame_0403_hp_preview.jpg
-0.663007 2.618312 1.791725 255 68 68 R0 pano_camera6/frame_0404_hp_preview.jpg
-0.643878 2.585167 1.774961 255 68 68 R0 pano_camera6/frame_0405_hp_preview.jpg
-0.468819 2.325343 1.407412 255 68 68 R0 pano_camera6/frame_0406_hp_preview.jpg
-0.404706 2.477952 0.992568 255 68 68 R0 pano_camera6/frame_0407_hp_preview.jpg
-0.363442 2.568097 0.780517 255 68 68 R0 pano_camera6/frame_0408_hp_preview.jpg
-0.343686 2.637905 0.623736 255 68 68 R0 pano_camera6/frame_0409_hp_preview.jpg
-0.235941 2.656530 0.277837 255 68 68 R0 pano_camera6/frame_0410_hp_preview.jpg
-0.029787 2.213803 -0.114345 255 68 68 R0 pano_camera6/frame_0411_hp_preview.jpg
-0.010521 2.139289 -0.149748 255 68 68 R0 pano_camera6/frame_0412_hp_preview.jpg
0.068697 1.969193 -0.274422 255 68 68 R0 pano_camera6/frame_0413_hp_preview.jpg
0.069565 1.988136 -0.285254 255 68 68 R0 pano_camera6/frame_0414_hp_preview.jpg
0.069213 1.989953 -0.284286 255 68 68 R0 pano_camera6/frame_0415_hp_preview.jpg
0.065869 1.985277 -0.285700 255 68 68 R0 pano_camera6/frame_0416_hp_preview.jpg
-0.952295 -4.174641 3.405224 255 68 68 R0 pano_camera7/frame_0140_hp_preview.jpg
-0.968018 -4.260264 3.563440 255 68 68 R0 pano_camera7/frame_0141_hp_preview.jpg
-1.014635 -4.403939 3.851112 255 68 68 R0 pano_camera7/frame_0142_hp_preview.jpg
-1.023715 -4.526068 3.990164 255 68 68 R0 pano_camera7/frame_0143_hp_preview.jpg
-0.966765 -4.700454 4.002118 255 68 68 R0 pano_camera7/frame_0144_hp_preview.jpg
-0.898556 -4.799549 3.860129 255 68 68 R0 pano_camera7/frame_0145_hp_preview.jpg
-1.095819 -3.945669 3.758673 255 68 68 R0 pano_camera7/frame_0157_hp_preview.jpg
-1.140440 -3.793765 3.794681 255 68 68 R0 pano_camera7/frame_0158_hp_preview.jpg
-1.173501 -3.721389 3.869895 255 68 68 R0 pano_camera7/frame_0159_hp_preview.jpg
-1.409340 -3.333731 4.345822 255 68 68 R0 pano_camera7/frame_0160_hp_preview.jpg
-1.523706 -3.072242 4.519662 255 68 68 R0 pano_camera7/frame_0161_hp_preview.jpg
-1.646090 -2.712280 4.692733 255 68 68 R0 pano_camera7/frame_0162_hp_preview.jpg
-1.720915 -2.475276 4.775205 255 68 68 R0 pano_camera7/frame_0163_hp_preview.jpg
-1.789240 -2.225230 4.837078 255 68 68 R0 pano_camera7/frame_0164_hp_preview.jpg
-1.840207 -1.855024 4.701287 255 68 68 R0 pano_camera7/frame_0165_hp_preview.jpg
-1.823112 -1.738384 4.528787 255 68 68 R0 pano_camera7/frame_0166_hp_preview.jpg
-1.743030 -1.598595 4.123317 255 68 68 R0 pano_camera7/frame_0167_hp_preview.jpg
-1.620091 -1.748449 3.784620 255 68 68 R0 pano_camera7/frame_0168_hp_preview.jpg
-1.560994 -1.860359 3.709335 255 68 68 R0 pano_camera7/frame_0169_hp_preview.jpg
-1.333422 -2.503967 3.386351 255 68 68 R0 pano_camera7/frame_0170_hp_preview.jpg
-1.288551 -2.586877 3.349026 255 68 68 R0 pano_camera7/frame_0171_hp_preview.jpg
-1.153671 -2.993306 3.153426 255 68 68 R0 pano_camera7/frame_0172_hp_preview.jpg
-1.016637 -3.161978 2.831921 255 68 68 R0 pano_camera7/frame_0173_hp_preview.jpg
-0.934972 -3.055151 2.462561 255 68 68 R0 pano_camera7/frame_0174_hp_preview.jpg
-0.931769 -3.047332 2.455450 255 68 68 R0 pano_camera7/frame_0175_hp_preview.jpg
-0.968836 -2.667919 2.232822 255 68 68 R0 pano_camera7/frame_0176_hp_preview.jpg
-1.009274 -2.423851 2.203411 255 68 68 R0 pano_camera7/frame_0177_hp_preview.jpg
-1.080731 -1.985629 2.075004 255 68 68 R0 pano_camera7/frame_0178_hp_preview.jpg
-1.045937 -1.747089 1.748111 255 68 68 R0 pano_camera7/frame_0179_hp_preview.jpg
-0.992737 -1.757717 1.557509 255 68 68 R0 pano_camera7/frame_0180_hp_preview.jpg
-0.914447 -1.946554 1.377386 255 68 68 R0 pano_camera7/frame_0181_hp_preview.jpg
-0.839425 -2.172185 1.290069 255 68 68 R0 pano_camera7/frame_0182_hp_preview.jpg
-0.699359 -2.463302 1.070872 255 68 68 R0 pano_camera7/frame_0183_hp_preview.jpg
-0.684756 -2.361810 0.884716 255 68 68 R0 pano_camera7/frame_0184_hp_preview.jpg
-0.720244 -2.204510 0.881706 255 68 68 R0 pano_camera7/frame_0185_hp_preview.jpg
-0.796262 -1.987047 0.951911 255 68 68 R0 pano_camera7/frame_0186_hp_preview.jpg
-0.865203 -1.765112 1.014121 255 68 68 R0 pano_camera7/frame_0187_hp_preview.jpg
-0.936784 -1.455872 1.017026 255 68 68 R0 pano_camera7/frame_0188_hp_preview.jpg
-0.950485 -1.193305 0.842140 255 68 68 R0 pano_camera7/frame_0189_hp_preview.jpg
-0.943547 -1.167946 0.816497 255 68 68 R0 pano_camera7/frame_0190_hp_preview.jpg
-0.898021 -1.065842 0.568559 255 68 68 R0 pano_camera7/frame_0191_hp_preview.jpg
-0.783245 -1.156125 0.239555 255 68 68 R0 pano_camera7/frame_0192_hp_preview.jpg
-0.693695 -1.346187 0.049050 255 68 68 R0 pano_camera7/frame_0193_hp_preview.jpg
-0.584471 -1.628485 -0.143586 255 68 68 R0 pano_camera7/frame_0194_hp_preview.jpg
-0.494305 -1.812369 -0.293792 255 68 68 R0 pano_camera7/frame_0195_hp_preview.jpg
-0.445895 -1.841511 -0.492532 255 68 68 R0 pano_camera7/frame_0196_hp_preview.jpg
-0.355356 -1.749459 -0.894426 255 68 68 R0 pano_camera7/frame_0197_hp_preview.jpg
-0.242008 -1.514790 -1.447416 255 68 68 R0 pano_camera7/frame_0198_hp_preview.jpg
-0.208001 -1.445972 -1.609035 255 68 68 R0 pano_camera7/frame_0199_hp_preview.jpg
-0.085788 -0.999108 -2.313958 255 68 68 R0 pano_camera7/frame_0200_hp_preview.jpg
-0.012874 -1.020659 -2.385935 255 68 68 R0 pano_camera7/frame_0201_hp_preview.jpg
-0.476342 -0.686855 -1.286221 255 68 68 R0 pano_camera7/frame_0226_hp_preview.jpg
-0.956221 0.210931 -0.311313 255 68 68 R0 pano_camera7/frame_0240_hp_preview.jpg
-0.981890 0.212383 -0.248570 255 68 68 R0 pano_camera7/frame_0241_hp_preview.jpg
-1.088179 0.379628 -0.028692 255 68 68 R0 pano_camera7/frame_0242_hp_preview.jpg
-1.125390 0.309850 0.155749 255 68 68 R0 pano_camera7/frame_0243_hp_preview.jpg
-1.093822 0.104721 0.207746 255 68 68 R0 pano_camera7/frame_0244_hp_preview.jpg
-1.088556 0.011255 0.255302 255 68 68 R0 pano_camera7/frame_0245_hp_preview.jpg
-1.094785 -0.233908 0.390702 255 68 68 R0 pano_camera7/frame_0246_hp_preview.jpg
-1.047463 -0.371162 0.364206 255 68 68 R0 pano_camera7/frame_0247_hp_preview.jpg
-1.026766 -0.649333 0.528909 255 68 68 R0 pano_camera7/frame_0248_hp_preview.jpg
-1.030031 -0.678155 0.557683 255 68 68 R0 pano_camera7/frame_0249_hp_preview.jpg
-1.085837 -1.146385 1.181070 255 68 68 R0 pano_camera7/frame_0250_hp_preview.jpg
-1.088739 -1.154043 1.192645 255 68 68 R0 pano_camera7/frame_0251_hp_preview.jpg
-1.168165 -1.328104 1.675807 255 68 68 R0 pano_camera7/frame_0252_hp_preview.jpg
-1.298865 -1.324668 2.219843 255 68 68 R0 pano_camera7/frame_0253_hp_preview.jpg
-1.427538 -0.982691 2.435355 255 68 68 R0 pano_camera7/frame_0254_hp_preview.jpg
-1.438201 -0.941965 2.426224 255 68 68 R0 pano_camera7/frame_0255_hp_preview.jpg
-1.351658 -0.619147 1.975739 255 68 68 R0 pano_camera7/frame_0256_hp_preview.jpg
-1.197296 -0.512492 1.808461 255 68 68 R0 pano_camera7/frame_0257_hp_preview.jpg
-1.107156 -0.464425 1.752938 255 68 68 R0 pano_camera7/frame_0258_hp_preview.jpg
-1.010755 -0.405610 1.634538 255 68 68 R0 pano_camera7/frame_0259_hp_preview.jpg
-0.718068 -0.248245 1.392380 255 68 68 R0 pano_camera7/frame_0260_hp_preview.jpg
-0.713938 -0.246746 1.386513 255 68 68 R0 pano_camera7/frame_0261_hp_preview.jpg
-0.420459 -0.054977 1.145890 255 68 68 R0 pano_camera7/frame_0262_hp_preview.jpg
-0.411125 -0.044661 1.138913 255 68 68 R0 pano_camera7/frame_0263_hp_preview.jpg
-0.248845 0.052194 1.016789 255 68 68 R0 pano_camera7/frame_0264_hp_preview.jpg
-0.041556 0.192589 0.822675 255 68 68 R0 pano_camera7/frame_0265_hp_preview.jpg
0.148272 0.208699 0.635583 255 68 68 R0 pano_camera7/frame_0266_hp_preview.jpg
0.286320 0.160053 0.467761 255 68 68 R0 pano_camera7/frame_0267_hp_preview.jpg
0.381870 -0.090491 0.316933 255 68 68 R0 pano_camera7/frame_0268_hp_preview.jpg
0.555407 -0.533265 0.101865 255 68 68 R0 pano_camera7/frame_0269_hp_preview.jpg
0.647158 -0.743854 0.023060 255 68 68 R0 pano_camera7/frame_0270_hp_preview.jpg
0.775347 -1.157941 -0.102635 255 68 68 R0 pano_camera7/frame_0271_hp_preview.jpg
0.904976 -1.541152 -0.223365 255 68 68 R0 pano_camera7/frame_0272_hp_preview.jpg
0.986340 -1.748531 -0.297515 255 68 68 R0 pano_camera7/frame_0273_hp_preview.jpg
1.205202 -2.417270 -0.523717 255 68 68 R0 pano_camera7/frame_0274_hp_preview.jpg
1.234712 -2.485569 -0.556081 255 68 68 R0 pano_camera7/frame_0275_hp_preview.jpg
1.421436 -3.023783 -0.748430 255 68 68 R0 pano_camera7/frame_0276_hp_preview.jpg
1.486046 -3.185330 -0.819981 255 68 68 R0 pano_camera7/frame_0277_hp_preview.jpg
1.689093 -3.678913 -1.056574 255 68 68 R0 pano_camera7/frame_0278_hp_preview.jpg
1.773398 -3.946261 -1.138492 255 68 68 R0 pano_camera7/frame_0279_hp_preview.jpg
2.018151 -4.622812 -1.412532 255 68 68 R0 pano_camera7/frame_0280_hp_preview.jpg
2.057762 -4.750179 -1.452852 255 68 68 R0 pano_camera7/frame_0281_hp_preview.jpg
2.123017 -4.932994 -1.546750 255 68 68 R0 pano_camera7/frame_0282_hp_preview.jpg
2.205958 -5.066854 -1.737385 255 68 68 R0 pano_camera7/frame_0283_hp_preview.jpg
2.294510 -5.000192 -2.149331 255 68 68 R0 pano_camera7/frame_0284_hp_preview.jpg
2.295376 -4.972607 -2.185759 255 68 68 R0 pano_camera7/frame_0285_hp_preview.jpg
2.323528 -4.785742 -2.453310 255 68 68 R0 pano_camera7/frame_0286_hp_preview.jpg
2.311603 -4.596108 -2.519140 255 68 68 R0 pano_camera7/frame_0287_hp_preview.jpg
2.288419 -4.352375 -2.611896 255 68 68 R0 pano_camera7/frame_0288_hp_preview.jpg
2.295857 -4.224993 -2.728132 255 68 68 R0 pano_camera7/frame_0289_hp_preview.jpg
2.359403 -4.190726 -2.993775 255 68 68 R0 pano_camera7/frame_0290_hp_preview.jpg
2.509487 -4.242926 -3.527108 255 68 68 R0 pano_camera7/frame_0291_hp_preview.jpg
2.567185 -4.236362 -3.741708 255 68 68 R0 pano_camera7/frame_0292_hp_preview.jpg
2.612278 -4.242912 -3.918312 255 68 68 R0 pano_camera7/frame_0293_hp_preview.jpg
2.674538 -3.928049 -4.472605 255 68 68 R0 pano_camera7/frame_0294_hp_preview.jpg
2.672454 -3.883756 -4.498966 255 68 68 R0 pano_camera7/frame_0295_hp_preview.jpg
2.530038 -3.326691 -4.493613 255 68 68 R0 pano_camera7/frame_0296_hp_preview.jpg
2.411879 -3.143066 -4.207376 255 68 68 R0 pano_camera7/frame_0297_hp_preview.jpg
2.299265 -3.040475 -3.935682 255 68 68 R0 pano_camera7/frame_0298_hp_preview.jpg
2.226659 -2.965870 -3.716665 255 68 68 R0 pano_camera7/frame_0299_hp_preview.jpg
2.081212 -2.817104 -3.302722 255 68 68 R0 pano_camera7/frame_0300_hp_preview.jpg
1.965894 -2.736119 -3.015108 255 68 68 R0 pano_camera7/frame_0301_hp_preview.jpg
1.864859 -2.683399 -2.713326 255 68 68 R0 pano_camera7/frame_0302_hp_preview.jpg
1.754770 -2.675598 -2.274134 255 68 68 R0 pano_camera7/frame_0303_hp_preview.jpg
1.686646 -2.665943 -2.055310 255 68 68 R0 pano_camera7/frame_0304_hp_preview.jpg
1.523574 -2.591831 -1.554093 255 68 68 R0 pano_camera7/frame_0305_hp_preview.jpg
1.340103 -2.400859 -1.095633 255 68 68 R0 pano_camera7/frame_0306_hp_preview.jpg
1.215570 -2.223867 -0.823454 255 68 68 R0 pano_camera7/frame_0307_hp_preview.jpg
1.190420 -2.160027 -0.765960 255 68 68 R0 pano_camera7/frame_0308_hp_preview.jpg
1.047679 -1.725843 -0.625871 255 68 68 R0 pano_camera7/frame_0309_hp_preview.jpg
0.995119 -1.284847 -0.774935 255 68 68 R0 pano_camera7/frame_0310_hp_preview.jpg
1.020424 -1.128047 -1.052214 255 68 68 R0 pano_camera7/frame_0311_hp_preview.jpg
1.138762 -1.073792 -1.480932 255 68 68 R0 pano_camera7/frame_0312_hp_preview.jpg
1.228663 -1.089527 -1.786412 255 68 68 R0 pano_camera7/frame_0313_hp_preview.jpg
1.312548 -1.130710 -2.054355 255 68 68 R0 pano_camera7/frame_0314_hp_preview.jpg
1.517960 -1.212829 -2.712008 255 68 68 R0 pano_camera7/frame_0315_hp_preview.jpg
1.535635 -1.213568 -2.760328 255 68 68 R0 pano_camera7/frame_0316_hp_preview.jpg
1.648742 -1.220076 -3.197474 255 68 68 R0 pano_camera7/frame_0317_hp_preview.jpg
1.725425 -1.062633 -3.646387 255 68 68 R0 pano_camera7/frame_0318_hp_preview.jpg
1.711680 -0.945813 -3.695038 255 68 68 R0 pano_camera7/frame_0319_hp_preview.jpg
1.652336 -0.592659 -3.709197 255 68 68 R0 pano_camera7/frame_0320_hp_preview.jpg
1.429522 0.023043 -3.434282 255 68 68 R0 pano_camera7/frame_0321_hp_preview.jpg
1.414639 0.057629 -3.413713 255 68 68 R0 pano_camera7/frame_0322_hp_preview.jpg
1.238755 0.282861 -3.027402 255 68 68 R0 pano_camera7/frame_0323_hp_preview.jpg
1.104935 0.353064 -2.572395 255 68 68 R0 pano_camera7/frame_0324_hp_preview.jpg
1.081647 0.369690 -2.532180 255 68 68 R0 pano_camera7/frame_0325_hp_preview.jpg
0.904116 0.688020 -2.190968 255 68 68 R0 pano_camera7/frame_0326_hp_preview.jpg
0.848381 0.949237 -2.229106 255 68 68 R0 pano_camera7/frame_0327_hp_preview.jpg
0.850359 1.067482 -2.305141 255 68 68 R0 pano_camera7/frame_0328_hp_preview.jpg
0.870261 1.214617 -2.490182 255 68 68 R0 pano_camera7/frame_0329_hp_preview.jpg
0.866505 1.514347 -2.719464 255 68 68 R0 pano_camera7/frame_0330_hp_preview.jpg
0.820147 1.646316 -2.674441 255 68 68 R0 pano_camera7/frame_0331_hp_preview.jpg
0.705363 1.604338 -2.264328 255 68 68 R0 pano_camera7/frame_0332_hp_preview.jpg
0.681802 1.474539 -2.095242 255 68 68 R0 pano_camera7/frame_0333_hp_preview.jpg
0.627422 1.295632 -1.754663 255 68 68 R0 pano_camera7/frame_0334_hp_preview.jpg
0.588179 1.246157 -1.559300 255 68 68 R0 pano_camera7/frame_0335_hp_preview.jpg
0.536277 1.178299 -1.346821 255 68 68 R0 pano_camera7/frame_0336_hp_preview.jpg
0.415523 1.081336 -0.858579 255 68 68 R0 pano_camera7/frame_0337_hp_preview.jpg
0.361157 1.037556 -0.612275 255 68 68 R0 pano_camera7/frame_0338_hp_preview.jpg
0.195824 0.969542 0.021274 255 68 68 R0 pano_camera7/frame_0339_hp_preview.jpg
0.105671 0.989011 0.427492 255 68 68 R0 pano_camera7/frame_0340_hp_preview.jpg
0.070837 0.984254 0.533568 255 68 68 R0 pano_camera7/frame_0341_hp_preview.jpg
-0.005356 0.942454 0.852273 255 68 68 R0 pano_camera7/frame_0342_hp_preview.jpg
-0.077534 0.814210 1.245891 255 68 68 R0 pano_camera7/frame_0343_hp_preview.jpg
-0.186094 0.946862 1.551702 255 68 68 R0 pano_camera7/frame_0344_hp_preview.jpg
-0.194486 1.162505 1.397365 255 68 68 R0 pano_camera7/frame_0345_hp_preview.jpg
-0.168601 1.299079 1.165892 255 68 68 R0 pano_camera7/frame_0346_hp_preview.jpg
-0.118559 1.340980 0.944399 255 68 68 R0 pano_camera7/frame_0347_hp_preview.jpg
-0.062935 1.399373 0.695187 255 68 68 R0 pano_camera7/frame_0348_hp_preview.jpg
0.057068 1.535954 0.101732 255 68 68 R0 pano_camera7/frame_0349_hp_preview.jpg
0.082511 1.664444 -0.153729 255 68 68 R0 pano_camera7/frame_0350_hp_preview.jpg
0.103042 1.770473 -0.338431 255 68 68 R0 pano_camera7/frame_0351_hp_preview.jpg
0.107275 2.133332 -0.661774 255 68 68 R0 pano_camera7/frame_0352_hp_preview.jpg
0.098654 2.336614 -0.756771 255 68 68 R0 pano_camera7/frame_0353_hp_preview.jpg
0.107478 2.631557 -1.025876 255 68 68 R0 pano_camera7/frame_0354_hp_preview.jpg
0.158459 2.697029 -1.220992 255 68 68 R0 pano_camera7/frame_0355_hp_preview.jpg
0.309162 2.517656 -1.576984 255 68 68 R0 pano_camera7/frame_0356_hp_preview.jpg
0.397657 2.371320 -1.823835 255 68 68 R0 pano_camera7/frame_0357_hp_preview.jpg
0.412492 2.304755 -1.890797 255 68 68 R0 pano_camera7/frame_0358_hp_preview.jpg
0.415700 2.267168 -1.904399 255 68 68 R0 pano_camera7/frame_0359_hp_preview.jpg
0.425000 2.313749 -1.920808 255 68 68 R0 pano_camera7/frame_0360_hp_preview.jpg
0.425327 2.312543 -1.924958 255 68 68 R0 pano_camera7/frame_0361_hp_preview.jpg
0.501619 2.349217 -2.200644 255 68 68 R0 pano_camera7/frame_0362_hp_preview.jpg
0.505572 2.460278 -2.293892 255 68 68 R0 pano_camera7/frame_0363_hp_preview.jpg
0.501648 2.707590 -2.383415 255 68 68 R0 pano_camera7/frame_0364_hp_preview.jpg
0.475039 2.798052 -2.358420 255 68 68 R0 pano_camera7/frame_0365_hp_preview.jpg
0.335476 2.940766 -2.011185 255 68 68 R0 pano_camera7/frame_0366_hp_preview.jpg
0.316775 2.933663 -1.949924 255 68 68 R0 pano_camera7/frame_0367_hp_preview.jpg
0.228858 2.877101 -1.632733 255 68 68 R0 pano_camera7/frame_0368_hp_preview.jpg
0.072336 2.754793 -0.972461 255 68 68 R0 pano_camera7/frame_0369_hp_preview.jpg
-0.020076 2.810661 -0.797497 255 68 68 R0 pano_camera7/frame_0370_hp_preview.jpg
-0.055005 2.983965 -0.704401 255 68 68 R0 pano_camera7/frame_0371_hp_preview.jpg
-0.085706 3.275206 -0.862731 255 68 68 R0 pano_camera7/frame_0372_hp_preview.jpg
-0.031442 3.449817 -1.170092 255 68 68 R0 pano_camera7/frame_0373_hp_preview.jpg
-0.005149 3.928866 -1.692164 255 68 68 R0 pano_camera7/frame_0374_hp_preview.jpg
-0.019849 4.108516 -1.760321 255 68 68 R0 pano_camera7/frame_0375_hp_preview.jpg
-0.064025 4.339179 -1.759550 255 68 68 R0 pano_camera7/frame_0376_hp_preview.jpg
-0.112782 4.529239 -1.728330 255 68 68 R0 pano_camera7/frame_0377_hp_preview.jpg
-0.279377 5.108110 -1.524152 255 68 68 R0 pano_camera7/frame_0378_hp_preview.jpg
-0.351929 5.253242 -1.427838 255 68 68 R0 pano_camera7/frame_0379_hp_preview.jpg
-0.442248 5.420908 -1.257913 255 68 68 R0 pano_camera7/frame_0380_hp_preview.jpg
-0.569586 5.457390 -1.289344 255 68 68 R0 pano_camera7/frame_0381_hp_preview.jpg
-0.742627 5.490511 -1.192602 255 68 68 R0 pano_camera7/frame_0382_hp_preview.jpg
-0.628015 5.561372 -0.882234 255 68 68 R0 pano_camera7/frame_0383_hp_preview.jpg
-0.610576 5.536381 -0.871260 255 68 68 R0 pano_camera7/frame_0384_hp_preview.jpg
-0.640022 5.438735 -0.637656 255 68 68 R0 pano_camera7/frame_0385_hp_preview.jpg
-0.726661 5.256546 -0.132506 255 68 68 R0 pano_camera7/frame_0386_hp_preview.jpg
-0.779248 5.194747 0.106171 255 68 68 R0 pano_camera7/frame_0387_hp_preview.jpg
-0.918229 4.934546 0.835289 255 68 68 R0 pano_camera7/frame_0388_hp_preview.jpg
-1.003775 4.729486 1.288130 255 68 68 R0 pano_camera7/frame_0389_hp_preview.jpg
-1.038725 4.626800 1.461694 255 68 68 R0 pano_camera7/frame_0390_hp_preview.jpg
-1.036690 4.287536 1.766766 255 68 68 R0 pano_camera7/frame_0391_hp_preview.jpg
-1.014002 4.195995 1.751601 255 68 68 R0 pano_camera7/frame_0392_hp_preview.jpg
-0.960057 4.185468 1.566262 255 68 68 R0 pano_camera7/frame_0393_hp_preview.jpg
-0.946847 4.308163 1.380026 255 68 68 R0 pano_camera7/frame_0394_hp_preview.jpg
-0.921072 4.525460 1.076904 255 68 68 R0 pano_camera7/frame_0395_hp_preview.jpg
-0.846746 4.640003 0.714198 255 68 68 R0 pano_camera7/frame_0396_hp_preview.jpg
-0.667282 4.349824 0.393671 255 68 68 R0 pano_camera7/frame_0397_hp_preview.jpg
-0.618462 4.194643 0.342120 255 68 68 R0 pano_camera7/frame_0398_hp_preview.jpg
-0.541263 3.741298 0.475124 255 68 68 R0 pano_camera7/frame_0399_hp_preview.jpg
-0.614949 3.474703 0.912241 255 68 68 R0 pano_camera7/frame_0400_hp_preview.jpg
-0.673577 3.292103 1.271204 255 68 68 R0 pano_camera7/frame_0401_hp_preview.jpg
-0.677387 3.277407 1.294090 255 68 68 R0 pano_camera7/frame_0402_hp_preview.jpg
-0.736937 3.109667 1.635587 255 68 68 R0 pano_camera7/frame_0403_hp_preview.jpg
-0.663007 2.618312 1.791725 255 68 68 R0 pano_camera7/frame_0404_hp_preview.jpg
-0.643878 2.585167 1.774961 255 68 68 R0 pano_camera7/frame_0405_hp_preview.jpg
-0.468819 2.325343 1.407412 255 68 68 R0 pano_camera7/frame_0406_hp_preview.jpg
-0.404706 2.477952 0.992568 255 68 68 R0 pano_camera7/frame_0407_hp_preview.jpg
-0.363442 2.568097 0.780517 255 68 68 R0 pano_camera7/frame_0408_hp_preview.jpg
-0.343686 2.637905 0.623736 255 68 68 R0 pano_camera7/frame_0409_hp_preview.jpg
-0.235941 2.656530 0.277837 255 68 68 R0 pano_camera7/frame_0410_hp_preview.jpg
-0.029787 2.213803 -0.114345 255 68 68 R0 pano_camera7/frame_0411_hp_preview.jpg
-0.010521 2.139289 -0.149748 255 68 68 R0 pano_camera7/frame_0412_hp_preview.jpg
0.068697 1.969193 -0.274422 255 68 68 R0 pano_camera7/frame_0413_hp_preview.jpg
0.069565 1.988136 -0.285254 255 68 68 R0 pano_camera7/frame_0414_hp_preview.jpg
0.069213 1.989953 -0.284286 255 68 68 R0 pano_camera7/frame_0415_hp_preview.jpg
0.065869 1.985277 -0.285700 255 68 68 R0 pano_camera7/frame_0416_hp_preview.jpg

# Object R1: Green (720 points)
# Transform: Pos(0.000, 0.000, 0.000) Scale(1.000, 1.000, 1.000) Quat(0.000, 0.000, 0.000, 1.000)
-0.623249 -0.325869 2.744597 68 255 68 R1 pano_camera0/frame_0000_hp_preview.jpg
0.669514 -0.339202 3.187987 68 255 68 R1 pano_camera0/frame_0002_hp_preview.jpg
1.332726 -0.286863 3.403878 68 255 68 R1 pano_camera0/frame_0003_hp_preview.jpg
1.693152 -0.258791 3.530954 68 255 68 R1 pano_camera0/frame_0004_hp_preview.jpg
1.749196 -0.010650 3.698661 68 255 68 R1 pano_camera0/frame_0005_hp_preview.jpg
1.565189 -0.072385 3.513375 68 255 68 R1 pano_camera0/frame_0006_hp_preview.jpg
1.512363 -0.161448 3.380070 68 255 68 R1 pano_camera0/frame_0007_hp_preview.jpg
1.508968 -0.162651 3.389015 68 255 68 R1 pano_camera0/frame_0008_hp_preview.jpg
1.513425 -0.150454 3.443850 68 255 68 R1 pano_camera0/frame_0009_hp_preview.jpg
1.517539 -0.147064 3.447429 68 255 68 R1 pano_camera0/frame_0010_hp_preview.jpg
1.536189 -0.133453 3.440059 68 255 68 R1 pano_camera0/frame_0011_hp_preview.jpg
1.484612 -0.168132 3.439498 68 255 68 R1 pano_camera0/frame_0012_hp_preview.jpg
1.519912 -0.156602 3.362827 68 255 68 R1 pano_camera0/frame_0013_hp_preview.jpg
1.576979 0.059464 3.463982 68 255 68 R1 pano_camera0/frame_0014_hp_preview.jpg
1.646241 0.056416 3.451498 68 255 68 R1 pano_camera0/frame_0015_hp_preview.jpg
1.640388 0.076151 3.383198 68 255 68 R1 pano_camera0/frame_0016_hp_preview.jpg
1.253118 0.060922 3.257053 68 255 68 R1 pano_camera0/frame_0017_hp_preview.jpg
0.815873 0.057589 3.064520 68 255 68 R1 pano_camera0/frame_0018_hp_preview.jpg
0.569395 0.056236 2.859557 68 255 68 R1 pano_camera0/frame_0019_hp_preview.jpg
0.387429 0.059633 2.550361 68 255 68 R1 pano_camera0/frame_0020_hp_preview.jpg
0.291076 0.052551 1.962108 68 255 68 R1 pano_camera0/frame_0021_hp_preview.jpg
0.200286 0.050661 0.979284 68 255 68 R1 pano_camera0/frame_0022_hp_preview.jpg
0.123725 0.040199 0.559499 68 255 68 R1 pano_camera0/frame_0023_hp_preview.jpg
0.134890 0.041271 0.252961 68 255 68 R1 pano_camera0/frame_0024_hp_preview.jpg
0.378821 0.058056 -0.254174 68 255 68 R1 pano_camera0/frame_0025_hp_preview.jpg
0.679792 0.090104 -0.491403 68 255 68 R1 pano_camera0/frame_0026_hp_preview.jpg
0.965152 0.100713 -0.587056 68 255 68 R1 pano_camera0/frame_0027_hp_preview.jpg
0.369237 0.075132 -0.868426 68 255 68 R1 pano_camera0/frame_0028_hp_preview.jpg
-0.401856 0.067787 -1.024328 68 255 68 R1 pano_camera0/frame_0029_hp_preview.jpg
-1.097955 0.049659 -1.215436 68 255 68 R1 pano_camera0/frame_0030_hp_preview.jpg
-1.535664 0.057266 -1.480343 68 255 68 R1 pano_camera0/frame_0031_hp_preview.jpg
-1.605558 0.047336 -1.955276 68 255 68 R1 pano_camera0/frame_0032_hp_preview.jpg
-1.480291 0.044110 -2.216170 68 255 68 R1 pano_camera0/frame_0033_hp_preview.jpg
-0.697874 0.088518 -2.564426 68 255 68 R1 pano_camera0/frame_0034_hp_preview.jpg
-0.458635 0.095138 -2.497707 68 255 68 R1 pano_camera0/frame_0035_hp_preview.jpg
0.129470 0.086894 -2.289798 68 255 68 R1 pano_camera0/frame_0036_hp_preview.jpg
0.589213 0.113257 -2.196490 68 255 68 R1 pano_camera0/frame_0037_hp_preview.jpg
1.018408 0.114298 -2.117545 68 255 68 R1 pano_camera0/frame_0038_hp_preview.jpg
1.758965 0.099238 -2.365394 68 255 68 R1 pano_camera0/frame_0039_hp_preview.jpg
2.100579 0.136265 -2.718351 68 255 68 R1 pano_camera0/frame_0040_hp_preview.jpg
2.146057 0.147215 -2.794905 68 255 68 R1 pano_camera0/frame_0041_hp_preview.jpg
2.515883 0.150781 -3.431626 68 255 68 R1 pano_camera0/frame_0042_hp_preview.jpg
2.885535 0.272511 -3.762189 68 255 68 R1 pano_camera0/frame_0043_hp_preview.jpg
3.333666 0.277968 -3.651401 68 255 68 R1 pano_camera0/frame_0044_hp_preview.jpg
3.989905 0.275130 -3.623259 68 255 68 R1 pano_camera0/frame_0045_hp_preview.jpg
4.127588 0.278595 -3.832147 68 255 68 R1 pano_camera0/frame_0046_hp_preview.jpg
4.098364 0.270142 -3.922432 68 255 68 R1 pano_camera0/frame_0047_hp_preview.jpg
3.921626 0.279195 -4.130327 68 255 68 R1 pano_camera0/frame_0048_hp_preview.jpg
3.312251 0.280885 -4.386841 68 255 68 R1 pano_camera0/frame_0049_hp_preview.jpg
2.495812 0.265788 -4.423021 68 255 68 R1 pano_camera0/frame_0050_hp_preview.jpg
2.460548 0.269000 -4.419909 68 255 68 R1 pano_camera0/frame_0051_hp_preview.jpg
1.629563 0.240678 -4.543623 68 255 68 R1 pano_camera0/frame_0052_hp_preview.jpg
1.446746 0.143382 -4.654957 68 255 68 R1 pano_camera0/frame_0053_hp_preview.jpg
1.253000 0.142002 -4.974225 68 255 68 R1 pano_camera0/frame_0054_hp_preview.jpg
0.465711 0.116369 -5.284512 68 255 68 R1 pano_camera0/frame_0055_hp_preview.jpg
0.081323 0.125161 -5.233444 68 255 68 R1 pano_camera0/frame_0056_hp_preview.jpg
-0.322277 0.110452 -5.129429 68 255 68 R1 pano_camera0/frame_0057_hp_preview.jpg
-0.584774 0.104270 -5.065747 68 255 68 R1 pano_camera0/frame_0058_hp_preview.jpg
-0.869366 0.077016 -4.716542 68 255 68 R1 pano_camera0/frame_0059_hp_preview.jpg
-1.130045 0.084470 -4.156928 68 255 68 R1 pano_camera0/frame_0060_hp_preview.jpg
-1.271831 0.089754 -3.872212 68 255 68 R1 pano_camera0/frame_0061_hp_preview.jpg
-1.544330 0.043062 -2.915186 68 255 68 R1 pano_camera0/frame_0062_hp_preview.jpg
-1.769806 0.043611 -2.198827 68 255 68 R1 pano_camera0/frame_0063_hp_preview.jpg
-1.810777 0.044026 -2.069174 68 255 68 R1 pano_camera0/frame_0064_hp_preview.jpg
-2.305132 0.004940 -1.300966 68 255 68 R1 pano_camera0/frame_0065_hp_preview.jpg
-2.491292 0.003101 -1.168229 68 255 68 R1 pano_camera0/frame_0066_hp_preview.jpg
-3.028516 -0.021086 -0.534157 68 255 68 R1 pano_camera0/frame_0067_hp_preview.jpg
-3.343889 -0.026065 0.196140 68 255 68 R1 pano_camera0/frame_0068_hp_preview.jpg
-3.388253 -0.023032 0.306932 68 255 68 R1 pano_camera0/frame_0069_hp_preview.jpg
-3.256717 -0.033444 1.132959 68 255 68 R1 pano_camera0/frame_0070_hp_preview.jpg
-2.811833 -0.037950 1.575298 68 255 68 R1 pano_camera0/frame_0071_hp_preview.jpg
-2.353936 -0.027179 1.822946 68 255 68 R1 pano_camera0/frame_0072_hp_preview.jpg
-2.263631 -0.023300 1.850682 68 255 68 R1 pano_camera0/frame_0073_hp_preview.jpg
-1.640020 -0.013736 2.170269 68 255 68 R1 pano_camera0/frame_0074_hp_preview.jpg
-0.961070 0.007755 2.593397 68 255 68 R1 pano_camera0/frame_0075_hp_preview.jpg
-0.693157 0.001338 2.756592 68 255 68 R1 pano_camera0/frame_0076_hp_preview.jpg
-0.093774 0.027368 3.105892 68 255 68 R1 pano_camera0/frame_0077_hp_preview.jpg
0.603302 0.054698 3.486934 68 255 68 R1 pano_camera0/frame_0078_hp_preview.jpg
1.498358 0.048804 4.119129 68 255 68 R1 pano_camera0/frame_0079_hp_preview.jpg
1.881237 0.064376 4.696515 68 255 68 R1 pano_camera0/frame_0080_hp_preview.jpg
-2.369750 -0.016442 3.111636 68 255 68 R1 pano_camera0/frame_0118_hp_preview.jpg
-2.346968 -0.008202 2.655313 68 255 68 R1 pano_camera0/frame_0119_hp_preview.jpg
-2.713092 -0.010292 2.039740 68 255 68 R1 pano_camera0/frame_0120_hp_preview.jpg
-3.058327 -0.021958 1.804077 68 255 68 R1 pano_camera0/frame_0121_hp_preview.jpg
-3.371679 -0.019531 1.665440 68 255 68 R1 pano_camera0/frame_0122_hp_preview.jpg
-4.039378 -0.024907 1.547754 68 255 68 R1 pano_camera0/frame_0123_hp_preview.jpg
-4.566250 -0.033702 1.692181 68 255 68 R1 pano_camera0/frame_0124_hp_preview.jpg
-4.692933 -0.043622 2.038568 68 255 68 R1 pano_camera0/frame_0125_hp_preview.jpg
-4.697183 -0.022124 2.251918 68 255 68 R1 pano_camera0/frame_0126_hp_preview.jpg
-4.566029 -0.048039 -0.226355 68 255 68 R1 pano_camera0/frame_0197_hp_preview.jpg
-0.623249 -0.325869 2.744597 68 255 68 R1 pano_camera1/frame_0000_hp_preview.jpg
0.669514 -0.339202 3.187987 68 255 68 R1 pano_camera1/frame_0002_hp_preview.jpg
1.332726 -0.286863 3.403878 68 255 68 R1 pano_camera1/frame_0003_hp_preview.jpg
1.693152 -0.258791 3.530954 68 255 68 R1 pano_camera1/frame_0004_hp_preview.jpg
1.749196 -0.010650 3.698661 68 255 68 R1 pano_camera1/frame_0005_hp_preview.jpg
1.565189 -0.072385 3.513375 68 255 68 R1 pano_camera1/frame_0006_hp_preview.jpg
1.512363 -0.161448 3.380070 68 255 68 R1 pano_camera1/frame_0007_hp_preview.jpg
1.508968 -0.162651 3.389015 68 255 68 R1 pano_camera1/frame_0008_hp_preview.jpg
1.513425 -0.150454 3.443850 68 255 68 R1 pano_camera1/frame_0009_hp_preview.jpg
1.517539 -0.147064 3.447429 68 255 68 R1 pano_camera1/frame_0010_hp_preview.jpg
1.536189 -0.133453 3.440059 68 255 68 R1 pano_camera1/frame_0011_hp_preview.jpg
1.484612 -0.168132 3.439498 68 255 68 R1 pano_camera1/frame_0012_hp_preview.jpg
1.519912 -0.156602 3.362827 68 255 68 R1 pano_camera1/frame_0013_hp_preview.jpg
1.576979 0.059464 3.463982 68 255 68 R1 pano_camera1/frame_0014_hp_preview.jpg
1.646241 0.056416 3.451498 68 255 68 R1 pano_camera1/frame_0015_hp_preview.jpg
1.640388 0.076151 3.383198 68 255 68 R1 pano_camera1/frame_0016_hp_preview.jpg
1.253118 0.060922 3.257053 68 255 68 R1 pano_camera1/frame_0017_hp_preview.jpg
0.815873 0.057589 3.064520 68 255 68 R1 pano_camera1/frame_0018_hp_preview.jpg
0.569395 0.056236 2.859557 68 255 68 R1 pano_camera1/frame_0019_hp_preview.jpg
0.387429 0.059633 2.550361 68 255 68 R1 pano_camera1/frame_0020_hp_preview.jpg
0.291076 0.052551 1.962108 68 255 68 R1 pano_camera1/frame_0021_hp_preview.jpg
0.200286 0.050661 0.979284 68 255 68 R1 pano_camera1/frame_0022_hp_preview.jpg
0.123725 0.040199 0.559499 68 255 68 R1 pano_camera1/frame_0023_hp_preview.jpg
0.134890 0.041271 0.252961 68 255 68 R1 pano_camera1/frame_0024_hp_preview.jpg
0.378821 0.058056 -0.254174 68 255 68 R1 pano_camera1/frame_0025_hp_preview.jpg
0.679792 0.090104 -0.491403 68 255 68 R1 pano_camera1/frame_0026_hp_preview.jpg
0.965152 0.100713 -0.587056 68 255 68 R1 pano_camera1/frame_0027_hp_preview.jpg
0.369237 0.075132 -0.868426 68 255 68 R1 pano_camera1/frame_0028_hp_preview.jpg
-0.401856 0.067787 -1.024328 68 255 68 R1 pano_camera1/frame_0029_hp_preview.jpg
-1.097955 0.049659 -1.215436 68 255 68 R1 pano_camera1/frame_0030_hp_preview.jpg
-1.535664 0.057266 -1.480343 68 255 68 R1 pano_camera1/frame_0031_hp_preview.jpg
-1.605558 0.047336 -1.955276 68 255 68 R1 pano_camera1/frame_0032_hp_preview.jpg
-1.480291 0.044110 -2.216170 68 255 68 R1 pano_camera1/frame_0033_hp_preview.jpg
-0.697874 0.088518 -2.564426 68 255 68 R1 pano_camera1/frame_0034_hp_preview.jpg
-0.458635 0.095138 -2.497707 68 255 68 R1 pano_camera1/frame_0035_hp_preview.jpg
0.129470 0.086894 -2.289798 68 255 68 R1 pano_camera1/frame_0036_hp_preview.jpg
0.589213 0.113257 -2.196490 68 255 68 R1 pano_camera1/frame_0037_hp_preview.jpg
1.018408 0.114298 -2.117545 68 255 68 R1 pano_camera1/frame_0038_hp_preview.jpg
1.758965 0.099238 -2.365394 68 255 68 R1 pano_camera1/frame_0039_hp_preview.jpg
2.100579 0.136265 -2.718351 68 255 68 R1 pano_camera1/frame_0040_hp_preview.jpg
2.146057 0.147215 -2.794905 68 255 68 R1 pano_camera1/frame_0041_hp_preview.jpg
2.515883 0.150781 -3.431626 68 255 68 R1 pano_camera1/frame_0042_hp_preview.jpg
2.885535 0.272511 -3.762189 68 255 68 R1 pano_camera1/frame_0043_hp_preview.jpg
3.333666 0.277968 -3.651401 68 255 68 R1 pano_camera1/frame_0044_hp_preview.jpg
3.989905 0.275130 -3.623259 68 255 68 R1 pano_camera1/frame_0045_hp_preview.jpg
4.127588 0.278595 -3.832147 68 255 68 R1 pano_camera1/frame_0046_hp_preview.jpg
4.098364 0.270142 -3.922432 68 255 68 R1 pano_camera1/frame_0047_hp_preview.jpg
3.921626 0.279195 -4.130327 68 255 68 R1 pano_camera1/frame_0048_hp_preview.jpg
3.312251 0.280885 -4.386841 68 255 68 R1 pano_camera1/frame_0049_hp_preview.jpg
2.495812 0.265788 -4.423021 68 255 68 R1 pano_camera1/frame_0050_hp_preview.jpg
2.460548 0.269000 -4.419909 68 255 68 R1 pano_camera1/frame_0051_hp_preview.jpg
1.629563 0.240678 -4.543623 68 255 68 R1 pano_camera1/frame_0052_hp_preview.jpg
1.446746 0.143382 -4.654957 68 255 68 R1 pano_camera1/frame_0053_hp_preview.jpg
1.253000 0.142002 -4.974225 68 255 68 R1 pano_camera1/frame_0054_hp_preview.jpg
0.465711 0.116369 -5.284512 68 255 68 R1 pano_camera1/frame_0055_hp_preview.jpg
0.081323 0.125161 -5.233444 68 255 68 R1 pano_camera1/frame_0056_hp_preview.jpg
-0.322277 0.110452 -5.129429 68 255 68 R1 pano_camera1/frame_0057_hp_preview.jpg
-0.584774 0.104270 -5.065747 68 255 68 R1 pano_camera1/frame_0058_hp_preview.jpg
-0.869366 0.077016 -4.716542 68 255 68 R1 pano_camera1/frame_0059_hp_preview.jpg
-1.130045 0.084470 -4.156928 68 255 68 R1 pano_camera1/frame_0060_hp_preview.jpg
-1.271831 0.089754 -3.872212 68 255 68 R1 pano_camera1/frame_0061_hp_preview.jpg
-1.544330 0.043062 -2.915186 68 255 68 R1 pano_camera1/frame_0062_hp_preview.jpg
-1.769806 0.043611 -2.198827 68 255 68 R1 pano_camera1/frame_0063_hp_preview.jpg
-1.810777 0.044026 -2.069174 68 255 68 R1 pano_camera1/frame_0064_hp_preview.jpg
-2.305132 0.004940 -1.300966 68 255 68 R1 pano_camera1/frame_0065_hp_preview.jpg
-2.491292 0.003101 -1.168229 68 255 68 R1 pano_camera1/frame_0066_hp_preview.jpg
-3.028516 -0.021086 -0.534157 68 255 68 R1 pano_camera1/frame_0067_hp_preview.jpg
-3.343889 -0.026065 0.196140 68 255 68 R1 pano_camera1/frame_0068_hp_preview.jpg
-3.388253 -0.023032 0.306932 68 255 68 R1 pano_camera1/frame_0069_hp_preview.jpg
-3.256717 -0.033444 1.132959 68 255 68 R1 pano_camera1/frame_0070_hp_preview.jpg
-2.811833 -0.037950 1.575298 68 255 68 R1 pano_camera1/frame_0071_hp_preview.jpg
-2.353936 -0.027179 1.822946 68 255 68 R1 pano_camera1/frame_0072_hp_preview.jpg
-2.263631 -0.023300 1.850682 68 255 68 R1 pano_camera1/frame_0073_hp_preview.jpg
-1.640020 -0.013736 2.170269 68 255 68 R1 pano_camera1/frame_0074_hp_preview.jpg
-0.961070 0.007755 2.593397 68 255 68 R1 pano_camera1/frame_0075_hp_preview.jpg
-0.693157 0.001338 2.756592 68 255 68 R1 pano_camera1/frame_0076_hp_preview.jpg
-0.093774 0.027368 3.105892 68 255 68 R1 pano_camera1/frame_0077_hp_preview.jpg
0.603302 0.054698 3.486934 68 255 68 R1 pano_camera1/frame_0078_hp_preview.jpg
1.498358 0.048804 4.119129 68 255 68 R1 pano_camera1/frame_0079_hp_preview.jpg
1.881237 0.064376 4.696515 68 255 68 R1 pano_camera1/frame_0080_hp_preview.jpg
-2.369750 -0.016442 3.111636 68 255 68 R1 pano_camera1/frame_0118_hp_preview.jpg
-2.346968 -0.008202 2.655313 68 255 68 R1 pano_camera1/frame_0119_hp_preview.jpg
-2.713092 -0.010292 2.039740 68 255 68 R1 pano_camera1/frame_0120_hp_preview.jpg
-3.058327 -0.021958 1.804077 68 255 68 R1 pano_camera1/frame_0121_hp_preview.jpg
-3.371679 -0.019531 1.665440 68 255 68 R1 pano_camera1/frame_0122_hp_preview.jpg
-4.039378 -0.024907 1.547754 68 255 68 R1 pano_camera1/frame_0123_hp_preview.jpg
-4.566250 -0.033702 1.692181 68 255 68 R1 pano_camera1/frame_0124_hp_preview.jpg
-4.692933 -0.043622 2.038568 68 255 68 R1 pano_camera1/frame_0125_hp_preview.jpg
-4.697183 -0.022124 2.251918 68 255 68 R1 pano_camera1/frame_0126_hp_preview.jpg
-4.566029 -0.048039 -0.226355 68 255 68 R1 pano_camera1/frame_0197_hp_preview.jpg
-0.623249 -0.325869 2.744597 68 255 68 R1 pano_camera2/frame_0000_hp_preview.jpg
0.669514 -0.339202 3.187987 68 255 68 R1 pano_camera2/frame_0002_hp_preview.jpg
1.332726 -0.286863 3.403878 68 255 68 R1 pano_camera2/frame_0003_hp_preview.jpg
1.693152 -0.258791 3.530954 68 255 68 R1 pano_camera2/frame_0004_hp_preview.jpg
1.749196 -0.010650 3.698661 68 255 68 R1 pano_camera2/frame_0005_hp_preview.jpg
1.565189 -0.072385 3.513375 68 255 68 R1 pano_camera2/frame_0006_hp_preview.jpg
1.512363 -0.161448 3.380070 68 255 68 R1 pano_camera2/frame_0007_hp_preview.jpg
1.508968 -0.162651 3.389015 68 255 68 R1 pano_camera2/frame_0008_hp_preview.jpg
1.513425 -0.150454 3.443850 68 255 68 R1 pano_camera2/frame_0009_hp_preview.jpg
1.517539 -0.147064 3.447429 68 255 68 R1 pano_camera2/frame_0010_hp_preview.jpg
1.536189 -0.133453 3.440059 68 255 68 R1 pano_camera2/frame_0011_hp_preview.jpg
1.484612 -0.168132 3.439498 68 255 68 R1 pano_camera2/frame_0012_hp_preview.jpg
1.519912 -0.156602 3.362827 68 255 68 R1 pano_camera2/frame_0013_hp_preview.jpg
1.576979 0.059464 3.463982 68 255 68 R1 pano_camera2/frame_0014_hp_preview.jpg
1.646241 0.056416 3.451498 68 255 68 R1 pano_camera2/frame_0015_hp_preview.jpg
1.640388 0.076151 3.383198 68 255 68 R1 pano_camera2/frame_0016_hp_preview.jpg
1.253118 0.060922 3.257053 68 255 68 R1 pano_camera2/frame_0017_hp_preview.jpg
0.815873 0.057589 3.064520 68 255 68 R1 pano_camera2/frame_0018_hp_preview.jpg
0.569395 0.056236 2.859557 68 255 68 R1 pano_camera2/frame_0019_hp_preview.jpg
0.387429 0.059633 2.550361 68 255 68 R1 pano_camera2/frame_0020_hp_preview.jpg
0.291076 0.052551 1.962108 68 255 68 R1 pano_camera2/frame_0021_hp_preview.jpg
0.200286 0.050661 0.979284 68 255 68 R1 pano_camera2/frame_0022_hp_preview.jpg
0.123725 0.040199 0.559499 68 255 68 R1 pano_camera2/frame_0023_hp_preview.jpg
0.134890 0.041271 0.252961 68 255 68 R1 pano_camera2/frame_0024_hp_preview.jpg
0.378821 0.058056 -0.254174 68 255 68 R1 pano_camera2/frame_0025_hp_preview.jpg
0.679792 0.090104 -0.491403 68 255 68 R1 pano_camera2/frame_0026_hp_preview.jpg
0.965152 0.100713 -0.587056 68 255 68 R1 pano_camera2/frame_0027_hp_preview.jpg
0.369237 0.075132 -0.868426 68 255 68 R1 pano_camera2/frame_0028_hp_preview.jpg
-0.401856 0.067787 -1.024328 68 255 68 R1 pano_camera2/frame_0029_hp_preview.jpg
-1.097955 0.049659 -1.215436 68 255 68 R1 pano_camera2/frame_0030_hp_preview.jpg
-1.535664 0.057266 -1.480343 68 255 68 R1 pano_camera2/frame_0031_hp_preview.jpg
-1.605558 0.047336 -1.955276 68 255 68 R1 pano_camera2/frame_0032_hp_preview.jpg
-1.480291 0.044110 -2.216170 68 255 68 R1 pano_camera2/frame_0033_hp_preview.jpg
-0.697874 0.088518 -2.564426 68 255 68 R1 pano_camera2/frame_0034_hp_preview.jpg
-0.458635 0.095138 -2.497707 68 255 68 R1 pano_camera2/frame_0035_hp_preview.jpg
0.129470 0.086894 -2.289798 68 255 68 R1 pano_camera2/frame_0036_hp_preview.jpg
0.589213 0.113257 -2.196490 68 255 68 R1 pano_camera2/frame_0037_hp_preview.jpg
1.018408 0.114298 -2.117545 68 255 68 R1 pano_camera2/frame_0038_hp_preview.jpg
1.758965 0.099238 -2.365394 68 255 68 R1 pano_camera2/frame_0039_hp_preview.jpg
2.100579 0.136265 -2.718351 68 255 68 R1 pano_camera2/frame_0040_hp_preview.jpg
2.146057 0.147215 -2.794905 68 255 68 R1 pano_camera2/frame_0041_hp_preview.jpg
2.515883 0.150781 -3.431626 68 255 68 R1 pano_camera2/frame_0042_hp_preview.jpg
2.885535 0.272511 -3.762189 68 255 68 R1 pano_camera2/frame_0043_hp_preview.jpg
3.333666 0.277968 -3.651401 68 255 68 R1 pano_camera2/frame_0044_hp_preview.jpg
3.989905 0.275130 -3.623259 68 255 68 R1 pano_camera2/frame_0045_hp_preview.jpg
4.127588 0.278595 -3.832147 68 255 68 R1 pano_camera2/frame_0046_hp_preview.jpg
4.098364 0.270142 -3.922432 68 255 68 R1 pano_camera2/frame_0047_hp_preview.jpg
3.921626 0.279195 -4.130327 68 255 68 R1 pano_camera2/frame_0048_hp_preview.jpg
3.312251 0.280885 -4.386841 68 255 68 R1 pano_camera2/frame_0049_hp_preview.jpg
2.495812 0.265788 -4.423021 68 255 68 R1 pano_camera2/frame_0050_hp_preview.jpg
2.460548 0.269000 -4.419909 68 255 68 R1 pano_camera2/frame_0051_hp_preview.jpg
1.629563 0.240678 -4.543623 68 255 68 R1 pano_camera2/frame_0052_hp_preview.jpg
1.446746 0.143382 -4.654957 68 255 68 R1 pano_camera2/frame_0053_hp_preview.jpg
1.253000 0.142002 -4.974225 68 255 68 R1 pano_camera2/frame_0054_hp_preview.jpg
0.465711 0.116369 -5.284512 68 255 68 R1 pano_camera2/frame_0055_hp_preview.jpg
0.081323 0.125161 -5.233444 68 255 68 R1 pano_camera2/frame_0056_hp_preview.jpg
-0.322277 0.110452 -5.129429 68 255 68 R1 pano_camera2/frame_0057_hp_preview.jpg
-0.584774 0.104270 -5.065747 68 255 68 R1 pano_camera2/frame_0058_hp_preview.jpg
-0.869366 0.077016 -4.716542 68 255 68 R1 pano_camera2/frame_0059_hp_preview.jpg
-1.130045 0.084470 -4.156928 68 255 68 R1 pano_camera2/frame_0060_hp_preview.jpg
-1.271831 0.089754 -3.872212 68 255 68 R1 pano_camera2/frame_0061_hp_preview.jpg
-1.544330 0.043062 -2.915186 68 255 68 R1 pano_camera2/frame_0062_hp_preview.jpg
-1.769806 0.043611 -2.198827 68 255 68 R1 pano_camera2/frame_0063_hp_preview.jpg
-1.810777 0.044026 -2.069174 68 255 68 R1 pano_camera2/frame_0064_hp_preview.jpg
-2.305132 0.004940 -1.300966 68 255 68 R1 pano_camera2/frame_0065_hp_preview.jpg
-2.491292 0.003101 -1.168229 68 255 68 R1 pano_camera2/frame_0066_hp_preview.jpg
-3.028516 -0.021086 -0.534157 68 255 68 R1 pano_camera2/frame_0067_hp_preview.jpg
-3.343889 -0.026065 0.196140 68 255 68 R1 pano_camera2/frame_0068_hp_preview.jpg
-3.388253 -0.023032 0.306932 68 255 68 R1 pano_camera2/frame_0069_hp_preview.jpg
-3.256717 -0.033444 1.132959 68 255 68 R1 pano_camera2/frame_0070_hp_preview.jpg
-2.811833 -0.037950 1.575298 68 255 68 R1 pano_camera2/frame_0071_hp_preview.jpg
-2.353936 -0.027179 1.822946 68 255 68 R1 pano_camera2/frame_0072_hp_preview.jpg
-2.263631 -0.023300 1.850682 68 255 68 R1 pano_camera2/frame_0073_hp_preview.jpg
-1.640020 -0.013736 2.170269 68 255 68 R1 pano_camera2/frame_0074_hp_preview.jpg
-0.961070 0.007755 2.593397 68 255 68 R1 pano_camera2/frame_0075_hp_preview.jpg
-0.693157 0.001338 2.756592 68 255 68 R1 pano_camera2/frame_0076_hp_preview.jpg
-0.093774 0.027368 3.105892 68 255 68 R1 pano_camera2/frame_0077_hp_preview.jpg
0.603302 0.054698 3.486934 68 255 68 R1 pano_camera2/frame_0078_hp_preview.jpg
1.498358 0.048804 4.119129 68 255 68 R1 pano_camera2/frame_0079_hp_preview.jpg
1.881237 0.064376 4.696515 68 255 68 R1 pano_camera2/frame_0080_hp_preview.jpg
-2.369750 -0.016442 3.111636 68 255 68 R1 pano_camera2/frame_0118_hp_preview.jpg
-2.346968 -0.008202 2.655313 68 255 68 R1 pano_camera2/frame_0119_hp_preview.jpg
-2.713092 -0.010292 2.039740 68 255 68 R1 pano_camera2/frame_0120_hp_preview.jpg
-3.058327 -0.021958 1.804077 68 255 68 R1 pano_camera2/frame_0121_hp_preview.jpg
-3.371679 -0.019531 1.665440 68 255 68 R1 pano_camera2/frame_0122_hp_preview.jpg
-4.039378 -0.024907 1.547754 68 255 68 R1 pano_camera2/frame_0123_hp_preview.jpg
-4.566250 -0.033702 1.692181 68 255 68 R1 pano_camera2/frame_0124_hp_preview.jpg
-4.692933 -0.043622 2.038568 68 255 68 R1 pano_camera2/frame_0125_hp_preview.jpg
-4.697183 -0.022124 2.251918 68 255 68 R1 pano_camera2/frame_0126_hp_preview.jpg
-4.566029 -0.048039 -0.226355 68 255 68 R1 pano_camera2/frame_0197_hp_preview.jpg
-0.623249 -0.325869 2.744597 68 255 68 R1 pano_camera3/frame_0000_hp_preview.jpg
0.669514 -0.339202 3.187987 68 255 68 R1 pano_camera3/frame_0002_hp_preview.jpg
1.332726 -0.286863 3.403878 68 255 68 R1 pano_camera3/frame_0003_hp_preview.jpg
1.693152 -0.258791 3.530954 68 255 68 R1 pano_camera3/frame_0004_hp_preview.jpg
1.749196 -0.010650 3.698661 68 255 68 R1 pano_camera3/frame_0005_hp_preview.jpg
1.565189 -0.072385 3.513375 68 255 68 R1 pano_camera3/frame_0006_hp_preview.jpg
1.512363 -0.161448 3.380070 68 255 68 R1 pano_camera3/frame_0007_hp_preview.jpg
1.508968 -0.162651 3.389015 68 255 68 R1 pano_camera3/frame_0008_hp_preview.jpg
1.513425 -0.150454 3.443850 68 255 68 R1 pano_camera3/frame_0009_hp_preview.jpg
1.517539 -0.147064 3.447429 68 255 68 R1 pano_camera3/frame_0010_hp_preview.jpg
1.536189 -0.133453 3.440059 68 255 68 R1 pano_camera3/frame_0011_hp_preview.jpg
1.484612 -0.168132 3.439498 68 255 68 R1 pano_camera3/frame_0012_hp_preview.jpg
1.519912 -0.156602 3.362827 68 255 68 R1 pano_camera3/frame_0013_hp_preview.jpg
1.576979 0.059464 3.463982 68 255 68 R1 pano_camera3/frame_0014_hp_preview.jpg
1.646241 0.056416 3.451498 68 255 68 R1 pano_camera3/frame_0015_hp_preview.jpg
1.640388 0.076151 3.383198 68 255 68 R1 pano_camera3/frame_0016_hp_preview.jpg
1.253118 0.060922 3.257053 68 255 68 R1 pano_camera3/frame_0017_hp_preview.jpg
0.815873 0.057589 3.064520 68 255 68 R1 pano_camera3/frame_0018_hp_preview.jpg
0.569395 0.056236 2.859557 68 255 68 R1 pano_camera3/frame_0019_hp_preview.jpg
0.387429 0.059633 2.550361 68 255 68 R1 pano_camera3/frame_0020_hp_preview.jpg
0.291076 0.052551 1.962108 68 255 68 R1 pano_camera3/frame_0021_hp_preview.jpg
0.200286 0.050661 0.979284 68 255 68 R1 pano_camera3/frame_0022_hp_preview.jpg
0.123725 0.040199 0.559499 68 255 68 R1 pano_camera3/frame_0023_hp_preview.jpg
0.134890 0.041271 0.252961 68 255 68 R1 pano_camera3/frame_0024_hp_preview.jpg
0.378821 0.058056 -0.254174 68 255 68 R1 pano_camera3/frame_0025_hp_preview.jpg
0.679792 0.090104 -0.491403 68 255 68 R1 pano_camera3/frame_0026_hp_preview.jpg
0.965152 0.100713 -0.587056 68 255 68 R1 pano_camera3/frame_0027_hp_preview.jpg
0.369237 0.075132 -0.868426 68 255 68 R1 pano_camera3/frame_0028_hp_preview.jpg
-0.401856 0.067787 -1.024328 68 255 68 R1 pano_camera3/frame_0029_hp_preview.jpg
-1.097955 0.049659 -1.215436 68 255 68 R1 pano_camera3/frame_0030_hp_preview.jpg
-1.535664 0.057266 -1.480343 68 255 68 R1 pano_camera3/frame_0031_hp_preview.jpg
-1.605558 0.047336 -1.955276 68 255 68 R1 pano_camera3/frame_0032_hp_preview.jpg
-1.480291 0.044110 -2.216170 68 255 68 R1 pano_camera3/frame_0033_hp_preview.jpg
-0.697874 0.088518 -2.564426 68 255 68 R1 pano_camera3/frame_0034_hp_preview.jpg
-0.458635 0.095138 -2.497707 68 255 68 R1 pano_camera3/frame_0035_hp_preview.jpg
0.129470 0.086894 -2.289798 68 255 68 R1 pano_camera3/frame_0036_hp_preview.jpg
0.589213 0.113257 -2.196490 68 255 68 R1 pano_camera3/frame_0037_hp_preview.jpg
1.018408 0.114298 -2.117545 68 255 68 R1 pano_camera3/frame_0038_hp_preview.jpg
1.758965 0.099238 -2.365394 68 255 68 R1 pano_camera3/frame_0039_hp_preview.jpg
2.100579 0.136265 -2.718351 68 255 68 R1 pano_camera3/frame_0040_hp_preview.jpg
2.146057 0.147215 -2.794905 68 255 68 R1 pano_camera3/frame_0041_hp_preview.jpg
2.515883 0.150781 -3.431626 68 255 68 R1 pano_camera3/frame_0042_hp_preview.jpg
2.885535 0.272511 -3.762189 68 255 68 R1 pano_camera3/frame_0043_hp_preview.jpg
3.333666 0.277968 -3.651401 68 255 68 R1 pano_camera3/frame_0044_hp_preview.jpg
3.989905 0.275130 -3.623259 68 255 68 R1 pano_camera3/frame_0045_hp_preview.jpg
4.127588 0.278595 -3.832147 68 255 68 R1 pano_camera3/frame_0046_hp_preview.jpg
4.098364 0.270142 -3.922432 68 255 68 R1 pano_camera3/frame_0047_hp_preview.jpg
3.921626 0.279195 -4.130327 68 255 68 R1 pano_camera3/frame_0048_hp_preview.jpg
3.312251 0.280885 -4.386841 68 255 68 R1 pano_camera3/frame_0049_hp_preview.jpg
2.495812 0.265788 -4.423021 68 255 68 R1 pano_camera3/frame_0050_hp_preview.jpg
2.460548 0.269000 -4.419909 68 255 68 R1 pano_camera3/frame_0051_hp_preview.jpg
1.629563 0.240678 -4.543623 68 255 68 R1 pano_camera3/frame_0052_hp_preview.jpg
1.446746 0.143382 -4.654957 68 255 68 R1 pano_camera3/frame_0053_hp_preview.jpg
1.253000 0.142002 -4.974225 68 255 68 R1 pano_camera3/frame_0054_hp_preview.jpg
0.465711 0.116369 -5.284512 68 255 68 R1 pano_camera3/frame_0055_hp_preview.jpg
0.081323 0.125161 -5.233444 68 255 68 R1 pano_camera3/frame_0056_hp_preview.jpg
-0.322277 0.110452 -5.129429 68 255 68 R1 pano_camera3/frame_0057_hp_preview.jpg
-0.584774 0.104270 -5.065747 68 255 68 R1 pano_camera3/frame_0058_hp_preview.jpg
-0.869366 0.077016 -4.716542 68 255 68 R1 pano_camera3/frame_0059_hp_preview.jpg
-1.130045 0.084470 -4.156928 68 255 68 R1 pano_camera3/frame_0060_hp_preview.jpg
-1.271831 0.089754 -3.872212 68 255 68 R1 pano_camera3/frame_0061_hp_preview.jpg
-1.544330 0.043062 -2.915186 68 255 68 R1 pano_camera3/frame_0062_hp_preview.jpg
-1.769806 0.043611 -2.198827 68 255 68 R1 pano_camera3/frame_0063_hp_preview.jpg
-1.810777 0.044026 -2.069174 68 255 68 R1 pano_camera3/frame_0064_hp_preview.jpg
-2.305132 0.004940 -1.300966 68 255 68 R1 pano_camera3/frame_0065_hp_preview.jpg
-2.491292 0.003101 -1.168229 68 255 68 R1 pano_camera3/frame_0066_hp_preview.jpg
-3.028516 -0.021086 -0.534157 68 255 68 R1 pano_camera3/frame_0067_hp_preview.jpg
-3.343889 -0.026065 0.196140 68 255 68 R1 pano_camera3/frame_0068_hp_preview.jpg
-3.388253 -0.023032 0.306932 68 255 68 R1 pano_camera3/frame_0069_hp_preview.jpg
-3.256717 -0.033444 1.132959 68 255 68 R1 pano_camera3/frame_0070_hp_preview.jpg
-2.811833 -0.037950 1.575298 68 255 68 R1 pano_camera3/frame_0071_hp_preview.jpg
-2.353936 -0.027179 1.822946 68 255 68 R1 pano_camera3/frame_0072_hp_preview.jpg
-2.263631 -0.023300 1.850682 68 255 68 R1 pano_camera3/frame_0073_hp_preview.jpg
-1.640020 -0.013736 2.170269 68 255 68 R1 pano_camera3/frame_0074_hp_preview.jpg
-0.961070 0.007755 2.593397 68 255 68 R1 pano_camera3/frame_0075_hp_preview.jpg
-0.693157 0.001338 2.756592 68 255 68 R1 pano_camera3/frame_0076_hp_preview.jpg
-0.093774 0.027368 3.105892 68 255 68 R1 pano_camera3/frame_0077_hp_preview.jpg
0.603302 0.054698 3.486934 68 255 68 R1 pano_camera3/frame_0078_hp_preview.jpg
1.498358 0.048804 4.119129 68 255 68 R1 pano_camera3/frame_0079_hp_preview.jpg
1.881237 0.064376 4.696515 68 255 68 R1 pano_camera3/frame_0080_hp_preview.jpg
-2.369750 -0.016442 3.111636 68 255 68 R1 pano_camera3/frame_0118_hp_preview.jpg
-2.346968 -0.008202 2.655313 68 255 68 R1 pano_camera3/frame_0119_hp_preview.jpg
-2.713092 -0.010292 2.039740 68 255 68 R1 pano_camera3/frame_0120_hp_preview.jpg
-3.058327 -0.021958 1.804077 68 255 68 R1 pano_camera3/frame_0121_hp_preview.jpg
-3.371679 -0.019531 1.665440 68 255 68 R1 pano_camera3/frame_0122_hp_preview.jpg
-4.039378 -0.024907 1.547754 68 255 68 R1 pano_camera3/frame_0123_hp_preview.jpg
-4.566250 -0.033702 1.692181 68 255 68 R1 pano_camera3/frame_0124_hp_preview.jpg
-4.692933 -0.043622 2.038568 68 255 68 R1 pano_camera3/frame_0125_hp_preview.jpg
-4.697183 -0.022124 2.251918 68 255 68 R1 pano_camera3/frame_0126_hp_preview.jpg
-4.566029 -0.048039 -0.226355 68 255 68 R1 pano_camera3/frame_0197_hp_preview.jpg
-0.623249 -0.325869 2.744597 68 255 68 R1 pano_camera4/frame_0000_hp_preview.jpg
0.669514 -0.339202 3.187987 68 255 68 R1 pano_camera4/frame_0002_hp_preview.jpg
1.332726 -0.286863 3.403878 68 255 68 R1 pano_camera4/frame_0003_hp_preview.jpg
1.693152 -0.258791 3.530954 68 255 68 R1 pano_camera4/frame_0004_hp_preview.jpg
1.749196 -0.010650 3.698661 68 255 68 R1 pano_camera4/frame_0005_hp_preview.jpg
1.565189 -0.072385 3.513375 68 255 68 R1 pano_camera4/frame_0006_hp_preview.jpg
1.512363 -0.161448 3.380070 68 255 68 R1 pano_camera4/frame_0007_hp_preview.jpg
1.508968 -0.162651 3.389015 68 255 68 R1 pano_camera4/frame_0008_hp_preview.jpg
1.513425 -0.150454 3.443850 68 255 68 R1 pano_camera4/frame_0009_hp_preview.jpg
1.517539 -0.147064 3.447429 68 255 68 R1 pano_camera4/frame_0010_hp_preview.jpg
1.536189 -0.133453 3.440059 68 255 68 R1 pano_camera4/frame_0011_hp_preview.jpg
1.484612 -0.168132 3.439498 68 255 68 R1 pano_camera4/frame_0012_hp_preview.jpg
1.519912 -0.156602 3.362827 68 255 68 R1 pano_camera4/frame_0013_hp_preview.jpg
1.576979 0.059464 3.463982 68 255 68 R1 pano_camera4/frame_0014_hp_preview.jpg
1.646241 0.056416 3.451498 68 255 68 R1 pano_camera4/frame_0015_hp_preview.jpg
1.640388 0.076151 3.383198 68 255 68 R1 pano_camera4/frame_0016_hp_preview.jpg
1.253118 0.060922 3.257053 68 255 68 R1 pano_camera4/frame_0017_hp_preview.jpg
0.815873 0.057589 3.064520 68 255 68 R1 pano_camera4/frame_0018_hp_preview.jpg
0.569395 0.056236 2.859557 68 255 68 R1 pano_camera4/frame_0019_hp_preview.jpg
0.387429 0.059633 2.550361 68 255 68 R1 pano_camera4/frame_0020_hp_preview.jpg
0.291076 0.052551 1.962108 68 255 68 R1 pano_camera4/frame_0021_hp_preview.jpg
0.200286 0.050661 0.979284 68 255 68 R1 pano_camera4/frame_0022_hp_preview.jpg
0.123725 0.040199 0.559499 68 255 68 R1 pano_camera4/frame_0023_hp_preview.jpg
0.134890 0.041271 0.252961 68 255 68 R1 pano_camera4/frame_0024_hp_preview.jpg
0.378821 0.058056 -0.254174 68 255 68 R1 pano_camera4/frame_0025_hp_preview.jpg
0.679792 0.090104 -0.491403 68 255 68 R1 pano_camera4/frame_0026_hp_preview.jpg
0.965152 0.100713 -0.587056 68 255 68 R1 pano_camera4/frame_0027_hp_preview.jpg
0.369237 0.075132 -0.868426 68 255 68 R1 pano_camera4/frame_0028_hp_preview.jpg
-0.401856 0.067787 -1.024328 68 255 68 R1 pano_camera4/frame_0029_hp_preview.jpg
-1.097955 0.049659 -1.215436 68 255 68 R1 pano_camera4/frame_0030_hp_preview.jpg
-1.535664 0.057266 -1.480343 68 255 68 R1 pano_camera4/frame_0031_hp_preview.jpg
-1.605558 0.047336 -1.955276 68 255 68 R1 pano_camera4/frame_0032_hp_preview.jpg
-1.480291 0.044110 -2.216170 68 255 68 R1 pano_camera4/frame_0033_hp_preview.jpg
-0.697874 0.088518 -2.564426 68 255 68 R1 pano_camera4/frame_0034_hp_preview.jpg
-0.458635 0.095138 -2.497707 68 255 68 R1 pano_camera4/frame_0035_hp_preview.jpg
0.129470 0.086894 -2.289798 68 255 68 R1 pano_camera4/frame_0036_hp_preview.jpg
0.589213 0.113257 -2.196490 68 255 68 R1 pano_camera4/frame_0037_hp_preview.jpg
1.018408 0.114298 -2.117545 68 255 68 R1 pano_camera4/frame_0038_hp_preview.jpg
1.758965 0.099238 -2.365394 68 255 68 R1 pano_camera4/frame_0039_hp_preview.jpg
2.100579 0.136265 -2.718351 68 255 68 R1 pano_camera4/frame_0040_hp_preview.jpg
2.146057 0.147215 -2.794905 68 255 68 R1 pano_camera4/frame_0041_hp_preview.jpg
2.515883 0.150781 -3.431626 68 255 68 R1 pano_camera4/frame_0042_hp_preview.jpg
2.885535 0.272511 -3.762189 68 255 68 R1 pano_camera4/frame_0043_hp_preview.jpg
3.333666 0.277968 -3.651401 68 255 68 R1 pano_camera4/frame_0044_hp_preview.jpg
3.989905 0.275130 -3.623259 68 255 68 R1 pano_camera4/frame_0045_hp_preview.jpg
4.127588 0.278595 -3.832147 68 255 68 R1 pano_camera4/frame_0046_hp_preview.jpg
4.098364 0.270142 -3.922432 68 255 68 R1 pano_camera4/frame_0047_hp_preview.jpg
3.921626 0.279195 -4.130327 68 255 68 R1 pano_camera4/frame_0048_hp_preview.jpg
3.312251 0.280885 -4.386841 68 255 68 R1 pano_camera4/frame_0049_hp_preview.jpg
2.495812 0.265788 -4.423021 68 255 68 R1 pano_camera4/frame_0050_hp_preview.jpg
2.460548 0.269000 -4.419909 68 255 68 R1 pano_camera4/frame_0051_hp_preview.jpg
1.629563 0.240678 -4.543623 68 255 68 R1 pano_camera4/frame_0052_hp_preview.jpg
1.446746 0.143382 -4.654957 68 255 68 R1 pano_camera4/frame_0053_hp_preview.jpg
1.253000 0.142002 -4.974225 68 255 68 R1 pano_camera4/frame_0054_hp_preview.jpg
0.465711 0.116369 -5.284512 68 255 68 R1 pano_camera4/frame_0055_hp_preview.jpg
0.081323 0.125161 -5.233444 68 255 68 R1 pano_camera4/frame_0056_hp_preview.jpg
-0.322277 0.110452 -5.129429 68 255 68 R1 pano_camera4/frame_0057_hp_preview.jpg
-0.584774 0.104270 -5.065747 68 255 68 R1 pano_camera4/frame_0058_hp_preview.jpg
-0.869366 0.077016 -4.716542 68 255 68 R1 pano_camera4/frame_0059_hp_preview.jpg
-1.130045 0.084470 -4.156928 68 255 68 R1 pano_camera4/frame_0060_hp_preview.jpg
-1.271831 0.089754 -3.872212 68 255 68 R1 pano_camera4/frame_0061_hp_preview.jpg
-1.544330 0.043062 -2.915186 68 255 68 R1 pano_camera4/frame_0062_hp_preview.jpg
-1.769806 0.043611 -2.198827 68 255 68 R1 pano_camera4/frame_0063_hp_preview.jpg
-1.810777 0.044026 -2.069174 68 255 68 R1 pano_camera4/frame_0064_hp_preview.jpg
-2.305132 0.004940 -1.300966 68 255 68 R1 pano_camera4/frame_0065_hp_preview.jpg
-2.491292 0.003101 -1.168229 68 255 68 R1 pano_camera4/frame_0066_hp_preview.jpg
-3.028516 -0.021086 -0.534157 68 255 68 R1 pano_camera4/frame_0067_hp_preview.jpg
-3.343889 -0.026065 0.196140 68 255 68 R1 pano_camera4/frame_0068_hp_preview.jpg
-3.388253 -0.023032 0.306932 68 255 68 R1 pano_camera4/frame_0069_hp_preview.jpg
-3.256717 -0.033444 1.132959 68 255 68 R1 pano_camera4/frame_0070_hp_preview.jpg
-2.811833 -0.037950 1.575298 68 255 68 R1 pano_camera4/frame_0071_hp_preview.jpg
-2.353936 -0.027179 1.822946 68 255 68 R1 pano_camera4/frame_0072_hp_preview.jpg
-2.263631 -0.023300 1.850682 68 255 68 R1 pano_camera4/frame_0073_hp_preview.jpg
-1.640020 -0.013736 2.170269 68 255 68 R1 pano_camera4/frame_0074_hp_preview.jpg
-0.961070 0.007755 2.593397 68 255 68 R1 pano_camera4/frame_0075_hp_preview.jpg
-0.693157 0.001338 2.756592 68 255 68 R1 pano_camera4/frame_0076_hp_preview.jpg
-0.093774 0.027368 3.105892 68 255 68 R1 pano_camera4/frame_0077_hp_preview.jpg
0.603302 0.054698 3.486934 68 255 68 R1 pano_camera4/frame_0078_hp_preview.jpg
1.498358 0.048804 4.119129 68 255 68 R1 pano_camera4/frame_0079_hp_preview.jpg
1.881237 0.064376 4.696515 68 255 68 R1 pano_camera4/frame_0080_hp_preview.jpg
-2.369750 -0.016442 3.111636 68 255 68 R1 pano_camera4/frame_0118_hp_preview.jpg
-2.346968 -0.008202 2.655313 68 255 68 R1 pano_camera4/frame_0119_hp_preview.jpg
-2.713092 -0.010292 2.039740 68 255 68 R1 pano_camera4/frame_0120_hp_preview.jpg
-3.058327 -0.021958 1.804077 68 255 68 R1 pano_camera4/frame_0121_hp_preview.jpg
-3.371679 -0.019531 1.665440 68 255 68 R1 pano_camera4/frame_0122_hp_preview.jpg
-4.039378 -0.024907 1.547754 68 255 68 R1 pano_camera4/frame_0123_hp_preview.jpg
-4.566250 -0.033702 1.692181 68 255 68 R1 pano_camera4/frame_0124_hp_preview.jpg
-4.692933 -0.043622 2.038568 68 255 68 R1 pano_camera4/frame_0125_hp_preview.jpg
-4.697183 -0.022124 2.251918 68 255 68 R1 pano_camera4/frame_0126_hp_preview.jpg
-4.566029 -0.048039 -0.226355 68 255 68 R1 pano_camera4/frame_0197_hp_preview.jpg
-0.623249 -0.325869 2.744597 68 255 68 R1 pano_camera5/frame_0000_hp_preview.jpg
0.669514 -0.339202 3.187987 68 255 68 R1 pano_camera5/frame_0002_hp_preview.jpg
1.332726 -0.286863 3.403878 68 255 68 R1 pano_camera5/frame_0003_hp_preview.jpg
1.693152 -0.258791 3.530954 68 255 68 R1 pano_camera5/frame_0004_hp_preview.jpg
1.749196 -0.010650 3.698661 68 255 68 R1 pano_camera5/frame_0005_hp_preview.jpg
1.565189 -0.072385 3.513375 68 255 68 R1 pano_camera5/frame_0006_hp_preview.jpg
1.512363 -0.161448 3.380070 68 255 68 R1 pano_camera5/frame_0007_hp_preview.jpg
1.508968 -0.162651 3.389015 68 255 68 R1 pano_camera5/frame_0008_hp_preview.jpg
1.513425 -0.150454 3.443850 68 255 68 R1 pano_camera5/frame_0009_hp_preview.jpg
1.517539 -0.147064 3.447429 68 255 68 R1 pano_camera5/frame_0010_hp_preview.jpg
1.536189 -0.133453 3.440059 68 255 68 R1 pano_camera5/frame_0011_hp_preview.jpg
1.484612 -0.168132 3.439498 68 255 68 R1 pano_camera5/frame_0012_hp_preview.jpg
1.519912 -0.156602 3.362827 68 255 68 R1 pano_camera5/frame_0013_hp_preview.jpg
1.576979 0.059464 3.463982 68 255 68 R1 pano_camera5/frame_0014_hp_preview.jpg
1.646241 0.056416 3.451498 68 255 68 R1 pano_camera5/frame_0015_hp_preview.jpg
1.640388 0.076151 3.383198 68 255 68 R1 pano_camera5/frame_0016_hp_preview.jpg
1.253118 0.060922 3.257053 68 255 68 R1 pano_camera5/frame_0017_hp_preview.jpg
0.815873 0.057589 3.064520 68 255 68 R1 pano_camera5/frame_0018_hp_preview.jpg
0.569395 0.056236 2.859557 68 255 68 R1 pano_camera5/frame_0019_hp_preview.jpg
0.387429 0.059633 2.550361 68 255 68 R1 pano_camera5/frame_0020_hp_preview.jpg
0.291076 0.052551 1.962108 68 255 68 R1 pano_camera5/frame_0021_hp_preview.jpg
0.200286 0.050661 0.979284 68 255 68 R1 pano_camera5/frame_0022_hp_preview.jpg
0.123725 0.040199 0.559499 68 255 68 R1 pano_camera5/frame_0023_hp_preview.jpg
0.134890 0.041271 0.252961 68 255 68 R1 pano_camera5/frame_0024_hp_preview.jpg
0.378821 0.058056 -0.254174 68 255 68 R1 pano_camera5/frame_0025_hp_preview.jpg
0.679792 0.090104 -0.491403 68 255 68 R1 pano_camera5/frame_0026_hp_preview.jpg
0.965152 0.100713 -0.587056 68 255 68 R1 pano_camera5/frame_0027_hp_preview.jpg
0.369237 0.075132 -0.868426 68 255 68 R1 pano_camera5/frame_0028_hp_preview.jpg
-0.401856 0.067787 -1.024328 68 255 68 R1 pano_camera5/frame_0029_hp_preview.jpg
-1.097955 0.049659 -1.215436 68 255 68 R1 pano_camera5/frame_0030_hp_preview.jpg
-1.535664 0.057266 -1.480343 68 255 68 R1 pano_camera5/frame_0031_hp_preview.jpg
-1.605558 0.047336 -1.955276 68 255 68 R1 pano_camera5/frame_0032_hp_preview.jpg
-1.480291 0.044110 -2.216170 68 255 68 R1 pano_camera5/frame_0033_hp_preview.jpg
-0.697874 0.088518 -2.564426 68 255 68 R1 pano_camera5/frame_0034_hp_preview.jpg
-0.458635 0.095138 -2.497707 68 255 68 R1 pano_camera5/frame_0035_hp_preview.jpg
0.129470 0.086894 -2.289798 68 255 68 R1 pano_camera5/frame_0036_hp_preview.jpg
0.589213 0.113257 -2.196490 68 255 68 R1 pano_camera5/frame_0037_hp_preview.jpg
1.018408 0.114298 -2.117545 68 255 68 R1 pano_camera5/frame_0038_hp_preview.jpg
1.758965 0.099238 -2.365394 68 255 68 R1 pano_camera5/frame_0039_hp_preview.jpg
2.100579 0.136265 -2.718351 68 255 68 R1 pano_camera5/frame_0040_hp_preview.jpg
2.146057 0.147215 -2.794905 68 255 68 R1 pano_camera5/frame_0041_hp_preview.jpg
2.515883 0.150781 -3.431626 68 255 68 R1 pano_camera5/frame_0042_hp_preview.jpg
2.885535 0.272511 -3.762189 68 255 68 R1 pano_camera5/frame_0043_hp_preview.jpg
3.333666 0.277968 -3.651401 68 255 68 R1 pano_camera5/frame_0044_hp_preview.jpg
3.989905 0.275130 -3.623259 68 255 68 R1 pano_camera5/frame_0045_hp_preview.jpg
4.127588 0.278595 -3.832147 68 255 68 R1 pano_camera5/frame_0046_hp_preview.jpg
4.098364 0.270142 -3.922432 68 255 68 R1 pano_camera5/frame_0047_hp_preview.jpg
3.921626 0.279195 -4.130327 68 255 68 R1 pano_camera5/frame_0048_hp_preview.jpg
3.312251 0.280885 -4.386841 68 255 68 R1 pano_camera5/frame_0049_hp_preview.jpg
2.495812 0.265788 -4.423021 68 255 68 R1 pano_camera5/frame_0050_hp_preview.jpg
2.460548 0.269000 -4.419909 68 255 68 R1 pano_camera5/frame_0051_hp_preview.jpg
1.629563 0.240678 -4.543623 68 255 68 R1 pano_camera5/frame_0052_hp_preview.jpg
1.446746 0.143382 -4.654957 68 255 68 R1 pano_camera5/frame_0053_hp_preview.jpg
1.253000 0.142002 -4.974225 68 255 68 R1 pano_camera5/frame_0054_hp_preview.jpg
0.465711 0.116369 -5.284512 68 255 68 R1 pano_camera5/frame_0055_hp_preview.jpg
0.081323 0.125161 -5.233444 68 255 68 R1 pano_camera5/frame_0056_hp_preview.jpg
-0.322277 0.110452 -5.129429 68 255 68 R1 pano_camera5/frame_0057_hp_preview.jpg
-0.584774 0.104270 -5.065747 68 255 68 R1 pano_camera5/frame_0058_hp_preview.jpg
-0.869366 0.077016 -4.716542 68 255 68 R1 pano_camera5/frame_0059_hp_preview.jpg
-1.130045 0.084470 -4.156928 68 255 68 R1 pano_camera5/frame_0060_hp_preview.jpg
-1.271831 0.089754 -3.872212 68 255 68 R1 pano_camera5/frame_0061_hp_preview.jpg
-1.544330 0.043062 -2.915186 68 255 68 R1 pano_camera5/frame_0062_hp_preview.jpg
-1.769806 0.043611 -2.198827 68 255 68 R1 pano_camera5/frame_0063_hp_preview.jpg
-1.810777 0.044026 -2.069174 68 255 68 R1 pano_camera5/frame_0064_hp_preview.jpg
-2.305132 0.004940 -1.300966 68 255 68 R1 pano_camera5/frame_0065_hp_preview.jpg
-2.491292 0.003101 -1.168229 68 255 68 R1 pano_camera5/frame_0066_hp_preview.jpg
-3.028516 -0.021086 -0.534157 68 255 68 R1 pano_camera5/frame_0067_hp_preview.jpg
-3.343889 -0.026065 0.196140 68 255 68 R1 pano_camera5/frame_0068_hp_preview.jpg
-3.388253 -0.023032 0.306932 68 255 68 R1 pano_camera5/frame_0069_hp_preview.jpg
-3.256717 -0.033444 1.132959 68 255 68 R1 pano_camera5/frame_0070_hp_preview.jpg
-2.811833 -0.037950 1.575298 68 255 68 R1 pano_camera5/frame_0071_hp_preview.jpg
-2.353936 -0.027179 1.822946 68 255 68 R1 pano_camera5/frame_0072_hp_preview.jpg
-2.263631 -0.023300 1.850682 68 255 68 R1 pano_camera5/frame_0073_hp_preview.jpg
-1.640020 -0.013736 2.170269 68 255 68 R1 pano_camera5/frame_0074_hp_preview.jpg
-0.961070 0.007755 2.593397 68 255 68 R1 pano_camera5/frame_0075_hp_preview.jpg
-0.693157 0.001338 2.756592 68 255 68 R1 pano_camera5/frame_0076_hp_preview.jpg
-0.093774 0.027368 3.105892 68 255 68 R1 pano_camera5/frame_0077_hp_preview.jpg
0.603302 0.054698 3.486934 68 255 68 R1 pano_camera5/frame_0078_hp_preview.jpg
1.498358 0.048804 4.119129 68 255 68 R1 pano_camera5/frame_0079_hp_preview.jpg
1.881237 0.064376 4.696515 68 255 68 R1 pano_camera5/frame_0080_hp_preview.jpg
-2.369750 -0.016442 3.111636 68 255 68 R1 pano_camera5/frame_0118_hp_preview.jpg
-2.346968 -0.008202 2.655313 68 255 68 R1 pano_camera5/frame_0119_hp_preview.jpg
-2.713092 -0.010292 2.039740 68 255 68 R1 pano_camera5/frame_0120_hp_preview.jpg
-3.058327 -0.021958 1.804077 68 255 68 R1 pano_camera5/frame_0121_hp_preview.jpg
-3.371679 -0.019531 1.665440 68 255 68 R1 pano_camera5/frame_0122_hp_preview.jpg
-4.039378 -0.024907 1.547754 68 255 68 R1 pano_camera5/frame_0123_hp_preview.jpg
-4.566250 -0.033702 1.692181 68 255 68 R1 pano_camera5/frame_0124_hp_preview.jpg
-4.692933 -0.043622 2.038568 68 255 68 R1 pano_camera5/frame_0125_hp_preview.jpg
-4.697183 -0.022124 2.251918 68 255 68 R1 pano_camera5/frame_0126_hp_preview.jpg
-4.566029 -0.048039 -0.226355 68 255 68 R1 pano_camera5/frame_0197_hp_preview.jpg
-0.623249 -0.325869 2.744597 68 255 68 R1 pano_camera6/frame_0000_hp_preview.jpg
0.669514 -0.339202 3.187987 68 255 68 R1 pano_camera6/frame_0002_hp_preview.jpg
1.332726 -0.286863 3.403878 68 255 68 R1 pano_camera6/frame_0003_hp_preview.jpg
1.693152 -0.258791 3.530954 68 255 68 R1 pano_camera6/frame_0004_hp_preview.jpg
1.749196 -0.010650 3.698661 68 255 68 R1 pano_camera6/frame_0005_hp_preview.jpg
1.565189 -0.072385 3.513375 68 255 68 R1 pano_camera6/frame_0006_hp_preview.jpg
1.512363 -0.161448 3.380070 68 255 68 R1 pano_camera6/frame_0007_hp_preview.jpg
1.508968 -0.162651 3.389015 68 255 68 R1 pano_camera6/frame_0008_hp_preview.jpg
1.513425 -0.150454 3.443850 68 255 68 R1 pano_camera6/frame_0009_hp_preview.jpg
1.517539 -0.147064 3.447429 68 255 68 R1 pano_camera6/frame_0010_hp_preview.jpg
1.536189 -0.133453 3.440059 68 255 68 R1 pano_camera6/frame_0011_hp_preview.jpg
1.484612 -0.168132 3.439498 68 255 68 R1 pano_camera6/frame_0012_hp_preview.jpg
1.519912 -0.156602 3.362827 68 255 68 R1 pano_camera6/frame_0013_hp_preview.jpg
1.576979 0.059464 3.463982 68 255 68 R1 pano_camera6/frame_0014_hp_preview.jpg
1.646241 0.056416 3.451498 68 255 68 R1 pano_camera6/frame_0015_hp_preview.jpg
1.640388 0.076151 3.383198 68 255 68 R1 pano_camera6/frame_0016_hp_preview.jpg
1.253118 0.060922 3.257053 68 255 68 R1 pano_camera6/frame_0017_hp_preview.jpg
0.815873 0.057589 3.064520 68 255 68 R1 pano_camera6/frame_0018_hp_preview.jpg
0.569395 0.056236 2.859557 68 255 68 R1 pano_camera6/frame_0019_hp_preview.jpg
0.387429 0.059633 2.550361 68 255 68 R1 pano_camera6/frame_0020_hp_preview.jpg
0.291076 0.052551 1.962108 68 255 68 R1 pano_camera6/frame_0021_hp_preview.jpg
0.200286 0.050661 0.979284 68 255 68 R1 pano_camera6/frame_0022_hp_preview.jpg
0.123725 0.040199 0.559499 68 255 68 R1 pano_camera6/frame_0023_hp_preview.jpg
0.134890 0.041271 0.252961 68 255 68 R1 pano_camera6/frame_0024_hp_preview.jpg
0.378821 0.058056 -0.254174 68 255 68 R1 pano_camera6/frame_0025_hp_preview.jpg
0.679792 0.090104 -0.491403 68 255 68 R1 pano_camera6/frame_0026_hp_preview.jpg
0.965152 0.100713 -0.587056 68 255 68 R1 pano_camera6/frame_0027_hp_preview.jpg
0.369237 0.075132 -0.868426 68 255 68 R1 pano_camera6/frame_0028_hp_preview.jpg
-0.401856 0.067787 -1.024328 68 255 68 R1 pano_camera6/frame_0029_hp_preview.jpg
-1.097955 0.049659 -1.215436 68 255 68 R1 pano_camera6/frame_0030_hp_preview.jpg
-1.535664 0.057266 -1.480343 68 255 68 R1 pano_camera6/frame_0031_hp_preview.jpg
-1.605558 0.047336 -1.955276 68 255 68 R1 pano_camera6/frame_0032_hp_preview.jpg
-1.480291 0.044110 -2.216170 68 255 68 R1 pano_camera6/frame_0033_hp_preview.jpg
-0.697874 0.088518 -2.564426 68 255 68 R1 pano_camera6/frame_0034_hp_preview.jpg
-0.458635 0.095138 -2.497707 68 255 68 R1 pano_camera6/frame_0035_hp_preview.jpg
0.129470 0.086894 -2.289798 68 255 68 R1 pano_camera6/frame_0036_hp_preview.jpg
0.589213 0.113257 -2.196490 68 255 68 R1 pano_camera6/frame_0037_hp_preview.jpg
1.018408 0.114298 -2.117545 68 255 68 R1 pano_camera6/frame_0038_hp_preview.jpg
1.758965 0.099238 -2.365394 68 255 68 R1 pano_camera6/frame_0039_hp_preview.jpg
2.100579 0.136265 -2.718351 68 255 68 R1 pano_camera6/frame_0040_hp_preview.jpg
2.146057 0.147215 -2.794905 68 255 68 R1 pano_camera6/frame_0041_hp_preview.jpg
2.515883 0.150781 -3.431626 68 255 68 R1 pano_camera6/frame_0042_hp_preview.jpg
2.885535 0.272511 -3.762189 68 255 68 R1 pano_camera6/frame_0043_hp_preview.jpg
3.333666 0.277968 -3.651401 68 255 68 R1 pano_camera6/frame_0044_hp_preview.jpg
3.989905 0.275130 -3.623259 68 255 68 R1 pano_camera6/frame_0045_hp_preview.jpg
4.127588 0.278595 -3.832147 68 255 68 R1 pano_camera6/frame_0046_hp_preview.jpg
4.098364 0.270142 -3.922432 68 255 68 R1 pano_camera6/frame_0047_hp_preview.jpg
3.921626 0.279195 -4.130327 68 255 68 R1 pano_camera6/frame_0048_hp_preview.jpg
3.312251 0.280885 -4.386841 68 255 68 R1 pano_camera6/frame_0049_hp_preview.jpg
2.495812 0.265788 -4.423021 68 255 68 R1 pano_camera6/frame_0050_hp_preview.jpg
2.460548 0.269000 -4.419909 68 255 68 R1 pano_camera6/frame_0051_hp_preview.jpg
1.629563 0.240678 -4.543623 68 255 68 R1 pano_camera6/frame_0052_hp_preview.jpg
1.446746 0.143382 -4.654957 68 255 68 R1 pano_camera6/frame_0053_hp_preview.jpg
1.253000 0.142002 -4.974225 68 255 68 R1 pano_camera6/frame_0054_hp_preview.jpg
0.465711 0.116369 -5.284512 68 255 68 R1 pano_camera6/frame_0055_hp_preview.jpg
0.081323 0.125161 -5.233444 68 255 68 R1 pano_camera6/frame_0056_hp_preview.jpg
-0.322277 0.110452 -5.129429 68 255 68 R1 pano_camera6/frame_0057_hp_preview.jpg
-0.584774 0.104270 -5.065747 68 255 68 R1 pano_camera6/frame_0058_hp_preview.jpg
-0.869366 0.077016 -4.716542 68 255 68 R1 pano_camera6/frame_0059_hp_preview.jpg
-1.130045 0.084470 -4.156928 68 255 68 R1 pano_camera6/frame_0060_hp_preview.jpg
-1.271831 0.089754 -3.872212 68 255 68 R1 pano_camera6/frame_0061_hp_preview.jpg
-1.544330 0.043062 -2.915186 68 255 68 R1 pano_camera6/frame_0062_hp_preview.jpg
-1.769806 0.043611 -2.198827 68 255 68 R1 pano_camera6/frame_0063_hp_preview.jpg
-1.810777 0.044026 -2.069174 68 255 68 R1 pano_camera6/frame_0064_hp_preview.jpg
-2.305132 0.004940 -1.300966 68 255 68 R1 pano_camera6/frame_0065_hp_preview.jpg
-2.491292 0.003101 -1.168229 68 255 68 R1 pano_camera6/frame_0066_hp_preview.jpg
-3.028516 -0.021086 -0.534157 68 255 68 R1 pano_camera6/frame_0067_hp_preview.jpg
-3.343889 -0.026065 0.196140 68 255 68 R1 pano_camera6/frame_0068_hp_preview.jpg
-3.388253 -0.023032 0.306932 68 255 68 R1 pano_camera6/frame_0069_hp_preview.jpg
-3.256717 -0.033444 1.132959 68 255 68 R1 pano_camera6/frame_0070_hp_preview.jpg
-2.811833 -0.037950 1.575298 68 255 68 R1 pano_camera6/frame_0071_hp_preview.jpg
-2.353936 -0.027179 1.822946 68 255 68 R1 pano_camera6/frame_0072_hp_preview.jpg
-2.263631 -0.023300 1.850682 68 255 68 R1 pano_camera6/frame_0073_hp_preview.jpg
-1.640020 -0.013736 2.170269 68 255 68 R1 pano_camera6/frame_0074_hp_preview.jpg
-0.961070 0.007755 2.593397 68 255 68 R1 pano_camera6/frame_0075_hp_preview.jpg
-0.693157 0.001338 2.756592 68 255 68 R1 pano_camera6/frame_0076_hp_preview.jpg
-0.093774 0.027368 3.105892 68 255 68 R1 pano_camera6/frame_0077_hp_preview.jpg
0.603302 0.054698 3.486934 68 255 68 R1 pano_camera6/frame_0078_hp_preview.jpg
1.498358 0.048804 4.119129 68 255 68 R1 pano_camera6/frame_0079_hp_preview.jpg
1.881237 0.064376 4.696515 68 255 68 R1 pano_camera6/frame_0080_hp_preview.jpg
-2.369750 -0.016442 3.111636 68 255 68 R1 pano_camera6/frame_0118_hp_preview.jpg
-2.346968 -0.008202 2.655313 68 255 68 R1 pano_camera6/frame_0119_hp_preview.jpg
-2.713092 -0.010292 2.039740 68 255 68 R1 pano_camera6/frame_0120_hp_preview.jpg
-3.058327 -0.021958 1.804077 68 255 68 R1 pano_camera6/frame_0121_hp_preview.jpg
-3.371679 -0.019531 1.665440 68 255 68 R1 pano_camera6/frame_0122_hp_preview.jpg
-4.039378 -0.024907 1.547754 68 255 68 R1 pano_camera6/frame_0123_hp_preview.jpg
-4.566250 -0.033702 1.692181 68 255 68 R1 pano_camera6/frame_0124_hp_preview.jpg
-4.692933 -0.043622 2.038568 68 255 68 R1 pano_camera6/frame_0125_hp_preview.jpg
-4.697183 -0.022124 2.251918 68 255 68 R1 pano_camera6/frame_0126_hp_preview.jpg
-4.566029 -0.048039 -0.226355 68 255 68 R1 pano_camera6/frame_0197_hp_preview.jpg
-0.623249 -0.325869 2.744597 68 255 68 R1 pano_camera7/frame_0000_hp_preview.jpg
0.669514 -0.339202 3.187987 68 255 68 R1 pano_camera7/frame_0002_hp_preview.jpg
1.332726 -0.286863 3.403878 68 255 68 R1 pano_camera7/frame_0003_hp_preview.jpg
1.693152 -0.258791 3.530954 68 255 68 R1 pano_camera7/frame_0004_hp_preview.jpg
1.749196 -0.010650 3.698661 68 255 68 R1 pano_camera7/frame_0005_hp_preview.jpg
1.565189 -0.072385 3.513375 68 255 68 R1 pano_camera7/frame_0006_hp_preview.jpg
1.512363 -0.161448 3.380070 68 255 68 R1 pano_camera7/frame_0007_hp_preview.jpg
1.508968 -0.162651 3.389015 68 255 68 R1 pano_camera7/frame_0008_hp_preview.jpg
1.513425 -0.150454 3.443850 68 255 68 R1 pano_camera7/frame_0009_hp_preview.jpg
1.517539 -0.147064 3.447429 68 255 68 R1 pano_camera7/frame_0010_hp_preview.jpg
1.536189 -0.133453 3.440059 68 255 68 R1 pano_camera7/frame_0011_hp_preview.jpg
1.484612 -0.168132 3.439498 68 255 68 R1 pano_camera7/frame_0012_hp_preview.jpg
1.519912 -0.156602 3.362827 68 255 68 R1 pano_camera7/frame_0013_hp_preview.jpg
1.576979 0.059464 3.463982 68 255 68 R1 pano_camera7/frame_0014_hp_preview.jpg
1.646241 0.056416 3.451498 68 255 68 R1 pano_camera7/frame_0015_hp_preview.jpg
1.640388 0.076151 3.383198 68 255 68 R1 pano_camera7/frame_0016_hp_preview.jpg
1.253118 0.060922 3.257053 68 255 68 R1 pano_camera7/frame_0017_hp_preview.jpg
0.815873 0.057589 3.064520 68 255 68 R1 pano_camera7/frame_0018_hp_preview.jpg
0.569395 0.056236 2.859557 68 255 68 R1 pano_camera7/frame_0019_hp_preview.jpg
0.387429 0.059633 2.550361 68 255 68 R1 pano_camera7/frame_0020_hp_preview.jpg
0.291076 0.052551 1.962108 68 255 68 R1 pano_camera7/frame_0021_hp_preview.jpg
0.200286 0.050661 0.979284 68 255 68 R1 pano_camera7/frame_0022_hp_preview.jpg
0.123725 0.040199 0.559499 68 255 68 R1 pano_camera7/frame_0023_hp_preview.jpg
0.134890 0.041271 0.252961 68 255 68 R1 pano_camera7/frame_0024_hp_preview.jpg
0.378821 0.058056 -0.254174 68 255 68 R1 pano_camera7/frame_0025_hp_preview.jpg
0.679792 0.090104 -0.491403 68 255 68 R1 pano_camera7/frame_0026_hp_preview.jpg
0.965152 0.100713 -0.587056 68 255 68 R1 pano_camera7/frame_0027_hp_preview.jpg
0.369237 0.075132 -0.868426 68 255 68 R1 pano_camera7/frame_0028_hp_preview.jpg
-0.401856 0.067787 -1.024328 68 255 68 R1 pano_camera7/frame_0029_hp_preview.jpg
-1.097955 0.049659 -1.215436 68 255 68 R1 pano_camera7/frame_0030_hp_preview.jpg
-1.535664 0.057266 -1.480343 68 255 68 R1 pano_camera7/frame_0031_hp_preview.jpg
-1.605558 0.047336 -1.955276 68 255 68 R1 pano_camera7/frame_0032_hp_preview.jpg
-1.480291 0.044110 -2.216170 68 255 68 R1 pano_camera7/frame_0033_hp_preview.jpg
-0.697874 0.088518 -2.564426 68 255 68 R1 pano_camera7/frame_0034_hp_preview.jpg
-0.458635 0.095138 -2.497707 68 255 68 R1 pano_camera7/frame_0035_hp_preview.jpg
0.129470 0.086894 -2.289798 68 255 68 R1 pano_camera7/frame_0036_hp_preview.jpg
0.589213 0.113257 -2.196490 68 255 68 R1 pano_camera7/frame_0037_hp_preview.jpg
1.018408 0.114298 -2.117545 68 255 68 R1 pano_camera7/frame_0038_hp_preview.jpg
1.758965 0.099238 -2.365394 68 255 68 R1 pano_camera7/frame_0039_hp_preview.jpg
2.100579 0.136265 -2.718351 68 255 68 R1 pano_camera7/frame_0040_hp_preview.jpg
2.146057 0.147215 -2.794905 68 255 68 R1 pano_camera7/frame_0041_hp_preview.jpg
2.515883 0.150781 -3.431626 68 255 68 R1 pano_camera7/frame_0042_hp_preview.jpg
2.885535 0.272511 -3.762189 68 255 68 R1 pano_camera7/frame_0043_hp_preview.jpg
3.333666 0.277968 -3.651401 68 255 68 R1 pano_camera7/frame_0044_hp_preview.jpg
3.989905 0.275130 -3.623259 68 255 68 R1 pano_camera7/frame_0045_hp_preview.jpg
4.127588 0.278595 -3.832147 68 255 68 R1 pano_camera7/frame_0046_hp_preview.jpg
4.098364 0.270142 -3.922432 68 255 68 R1 pano_camera7/frame_0047_hp_preview.jpg
3.921626 0.279195 -4.130327 68 255 68 R1 pano_camera7/frame_0048_hp_preview.jpg
3.312251 0.280885 -4.386841 68 255 68 R1 pano_camera7/frame_0049_hp_preview.jpg
2.495812 0.265788 -4.423021 68 255 68 R1 pano_camera7/frame_0050_hp_preview.jpg
2.460548 0.269000 -4.419909 68 255 68 R1 pano_camera7/frame_0051_hp_preview.jpg
1.629563 0.240678 -4.543623 68 255 68 R1 pano_camera7/frame_0052_hp_preview.jpg
1.446746 0.143382 -4.654957 68 255 68 R1 pano_camera7/frame_0053_hp_preview.jpg
1.253000 0.142002 -4.974225 68 255 68 R1 pano_camera7/frame_0054_hp_preview.jpg
0.465711 0.116369 -5.284512 68 255 68 R1 pano_camera7/frame_0055_hp_preview.jpg
0.081323 0.125161 -5.233444 68 255 68 R1 pano_camera7/frame_0056_hp_preview.jpg
-0.322277 0.110452 -5.129429 68 255 68 R1 pano_camera7/frame_0057_hp_preview.jpg
-0.584774 0.104270 -5.065747 68 255 68 R1 pano_camera7/frame_0058_hp_preview.jpg
-0.869366 0.077016 -4.716542 68 255 68 R1 pano_camera7/frame_0059_hp_preview.jpg
-1.130045 0.084470 -4.156928 68 255 68 R1 pano_camera7/frame_0060_hp_preview.jpg
-1.271831 0.089754 -3.872212 68 255 68 R1 pano_camera7/frame_0061_hp_preview.jpg
-1.544330 0.043062 -2.915186 68 255 68 R1 pano_camera7/frame_0062_hp_preview.jpg
-1.769806 0.043611 -2.198827 68 255 68 R1 pano_camera7/frame_0063_hp_preview.jpg
-1.810777 0.044026 -2.069174 68 255 68 R1 pano_camera7/frame_0064_hp_preview.jpg
-2.305132 0.004940 -1.300966 68 255 68 R1 pano_camera7/frame_0065_hp_preview.jpg
-2.491292 0.003101 -1.168229 68 255 68 R1 pano_camera7/frame_0066_hp_preview.jpg
-3.028516 -0.021086 -0.534157 68 255 68 R1 pano_camera7/frame_0067_hp_preview.jpg
-3.343889 -0.026065 0.196140 68 255 68 R1 pano_camera7/frame_0068_hp_preview.jpg
-3.388253 -0.023032 0.306932 68 255 68 R1 pano_camera7/frame_0069_hp_preview.jpg
-3.256717 -0.033444 1.132959 68 255 68 R1 pano_camera7/frame_0070_hp_preview.jpg
-2.811833 -0.037950 1.575298 68 255 68 R1 pano_camera7/frame_0071_hp_preview.jpg
-2.353936 -0.027179 1.822946 68 255 68 R1 pano_camera7/frame_0072_hp_preview.jpg
-2.263631 -0.023300 1.850682 68 255 68 R1 pano_camera7/frame_0073_hp_preview.jpg
-1.640020 -0.013736 2.170269 68 255 68 R1 pano_camera7/frame_0074_hp_preview.jpg
-0.961070 0.007755 2.593397 68 255 68 R1 pano_camera7/frame_0075_hp_preview.jpg
-0.693157 0.001338 2.756592 68 255 68 R1 pano_camera7/frame_0076_hp_preview.jpg
-0.093774 0.027368 3.105892 68 255 68 R1 pano_camera7/frame_0077_hp_preview.jpg
0.603302 0.054698 3.486934 68 255 68 R1 pano_camera7/frame_0078_hp_preview.jpg
1.498358 0.048804 4.119129 68 255 68 R1 pano_camera7/frame_0079_hp_preview.jpg
1.881237 0.064376 4.696515 68 255 68 R1 pano_camera7/frame_0080_hp_preview.jpg
-2.369750 -0.016442 3.111636 68 255 68 R1 pano_camera7/frame_0118_hp_preview.jpg
-2.346968 -0.008202 2.655313 68 255 68 R1 pano_camera7/frame_0119_hp_preview.jpg
-2.713092 -0.010292 2.039740 68 255 68 R1 pano_camera7/frame_0120_hp_preview.jpg
-3.058327 -0.021958 1.804077 68 255 68 R1 pano_camera7/frame_0121_hp_preview.jpg
-3.371679 -0.019531 1.665440 68 255 68 R1 pano_camera7/frame_0122_hp_preview.jpg
-4.039378 -0.024907 1.547754 68 255 68 R1 pano_camera7/frame_0123_hp_preview.jpg
-4.566250 -0.033702 1.692181 68 255 68 R1 pano_camera7/frame_0124_hp_preview.jpg
-4.692933 -0.043622 2.038568 68 255 68 R1 pano_camera7/frame_0125_hp_preview.jpg
-4.697183 -0.022124 2.251918 68 255 68 R1 pano_camera7/frame_0126_hp_preview.jpg
-4.566029 -0.048039 -0.226355 68 255 68 R1 pano_camera7/frame_0197_hp_preview.jpg

# Object R2: Blue (88 points)
# Transform: Pos(0.000, 0.000, 0.000) Scale(1.000, 1.000, 1.000) Quat(0.000, 0.000, 0.000, 1.000)
-4.250865 0.027266 3.327995 68 68 255 R2 pano_camera0/frame_0089_hp_preview.jpg
-4.144562 0.094122 1.417031 68 68 255 R2 pano_camera0/frame_0090_hp_preview.jpg
-4.137380 0.090152 1.368552 68 68 255 R2 pano_camera0/frame_0091_hp_preview.jpg
-2.657658 0.008652 -0.912885 68 68 255 R2 pano_camera0/frame_0092_hp_preview.jpg
-2.014847 0.046047 -1.283528 68 68 255 R2 pano_camera0/frame_0093_hp_preview.jpg
-0.767699 0.088537 -1.661858 68 68 255 R2 pano_camera0/frame_0094_hp_preview.jpg
0.765637 0.014417 -1.890210 68 68 255 R2 pano_camera0/frame_0095_hp_preview.jpg
2.639037 -0.032520 -1.732579 68 68 255 R2 pano_camera0/frame_0096_hp_preview.jpg
4.658052 -0.139746 0.040706 68 68 255 R2 pano_camera0/frame_0097_hp_preview.jpg
4.902790 -0.187096 0.461981 68 68 255 R2 pano_camera0/frame_0098_hp_preview.jpg
5.819150 -0.278516 3.074974 68 68 255 R2 pano_camera0/frame_0099_hp_preview.jpg
-4.250865 0.027266 3.327995 68 68 255 R2 pano_camera1/frame_0089_hp_preview.jpg
-4.144562 0.094122 1.417031 68 68 255 R2 pano_camera1/frame_0090_hp_preview.jpg
-4.137380 0.090152 1.368552 68 68 255 R2 pano_camera1/frame_0091_hp_preview.jpg
-2.657658 0.008652 -0.912885 68 68 255 R2 pano_camera1/frame_0092_hp_preview.jpg
-2.014847 0.046047 -1.283528 68 68 255 R2 pano_camera1/frame_0093_hp_preview.jpg
-0.767699 0.088537 -1.661858 68 68 255 R2 pano_camera1/frame_0094_hp_preview.jpg
0.765637 0.014417 -1.890210 68 68 255 R2 pano_camera1/frame_0095_hp_preview.jpg
2.639037 -0.032520 -1.732579 68 68 255 R2 pano_camera1/frame_0096_hp_preview.jpg
4.658052 -0.139746 0.040706 68 68 255 R2 pano_camera1/frame_0097_hp_preview.jpg
4.902790 -0.187096 0.461981 68 68 255 R2 pano_camera1/frame_0098_hp_preview.jpg
5.819150 -0.278516 3.074974 68 68 255 R2 pano_camera1/frame_0099_hp_preview.jpg
-4.250865 0.027266 3.327995 68 68 255 R2 pano_camera2/frame_0089_hp_preview.jpg
-4.144562 0.094122 1.417031 68 68 255 R2 pano_camera2/frame_0090_hp_preview.jpg
-4.137380 0.090152 1.368552 68 68 255 R2 pano_camera2/frame_0091_hp_preview.jpg
-2.657658 0.008652 -0.912885 68 68 255 R2 pano_camera2/frame_0092_hp_preview.jpg
-2.014847 0.046047 -1.283528 68 68 255 R2 pano_camera2/frame_0093_hp_preview.jpg
-0.767699 0.088537 -1.661858 68 68 255 R2 pano_camera2/frame_0094_hp_preview.jpg
0.765637 0.014417 -1.890210 68 68 255 R2 pano_camera2/frame_0095_hp_preview.jpg
2.639037 -0.032520 -1.732579 68 68 255 R2 pano_camera2/frame_0096_hp_preview.jpg
4.658052 -0.139746 0.040706 68 68 255 R2 pano_camera2/frame_0097_hp_preview.jpg
4.902790 -0.187096 0.461981 68 68 255 R2 pano_camera2/frame_0098_hp_preview.jpg
5.819150 -0.278516 3.074974 68 68 255 R2 pano_camera2/frame_0099_hp_preview.jpg
-4.250865 0.027266 3.327995 68 68 255 R2 pano_camera3/frame_0089_hp_preview.jpg
-4.144562 0.094122 1.417031 68 68 255 R2 pano_camera3/frame_0090_hp_preview.jpg
-4.137380 0.090152 1.368552 68 68 255 R2 pano_camera3/frame_0091_hp_preview.jpg
-2.657658 0.008652 -0.912885 68 68 255 R2 pano_camera3/frame_0092_hp_preview.jpg
-2.014847 0.046047 -1.283528 68 68 255 R2 pano_camera3/frame_0093_hp_preview.jpg
-0.767699 0.088537 -1.661858 68 68 255 R2 pano_camera3/frame_0094_hp_preview.jpg
0.765637 0.014417 -1.890210 68 68 255 R2 pano_camera3/frame_0095_hp_preview.jpg
2.639037 -0.032520 -1.732579 68 68 255 R2 pano_camera3/frame_0096_hp_preview.jpg
4.658052 -0.139746 0.040706 68 68 255 R2 pano_camera3/frame_0097_hp_preview.jpg
4.902790 -0.187096 0.461981 68 68 255 R2 pano_camera3/frame_0098_hp_preview.jpg
5.819150 -0.278516 3.074974 68 68 255 R2 pano_camera3/frame_0099_hp_preview.jpg
-4.250865 0.027266 3.327995 68 68 255 R2 pano_camera4/frame_0089_hp_preview.jpg
-4.144562 0.094122 1.417031 68 68 255 R2 pano_camera4/frame_0090_hp_preview.jpg
-4.137380 0.090152 1.368552 68 68 255 R2 pano_camera4/frame_0091_hp_preview.jpg
-2.657658 0.008652 -0.912885 68 68 255 R2 pano_camera4/frame_0092_hp_preview.jpg
-2.014847 0.046047 -1.283528 68 68 255 R2 pano_camera4/frame_0093_hp_preview.jpg
-0.767699 0.088537 -1.661858 68 68 255 R2 pano_camera4/frame_0094_hp_preview.jpg
0.765637 0.014417 -1.890210 68 68 255 R2 pano_camera4/frame_0095_hp_preview.jpg
2.639037 -0.032520 -1.732579 68 68 255 R2 pano_camera4/frame_0096_hp_preview.jpg
4.658052 -0.139746 0.040706 68 68 255 R2 pano_camera4/frame_0097_hp_preview.jpg
4.902790 -0.187096 0.461981 68 68 255 R2 pano_camera4/frame_0098_hp_preview.jpg
5.819150 -0.278516 3.074974 68 68 255 R2 pano_camera4/frame_0099_hp_preview.jpg
-4.250865 0.027266 3.327995 68 68 255 R2 pano_camera5/frame_0089_hp_preview.jpg
-4.144562 0.094122 1.417031 68 68 255 R2 pano_camera5/frame_0090_hp_preview.jpg
-4.137380 0.090152 1.368552 68 68 255 R2 pano_camera5/frame_0091_hp_preview.jpg
-2.657658 0.008652 -0.912885 68 68 255 R2 pano_camera5/frame_0092_hp_preview.jpg
-2.014847 0.046047 -1.283528 68 68 255 R2 pano_camera5/frame_0093_hp_preview.jpg
-0.767699 0.088537 -1.661858 68 68 255 R2 pano_camera5/frame_0094_hp_preview.jpg
0.765637 0.014417 -1.890210 68 68 255 R2 pano_camera5/frame_0095_hp_preview.jpg
2.639037 -0.032520 -1.732579 68 68 255 R2 pano_camera5/frame_0096_hp_preview.jpg
4.658052 -0.139746 0.040706 68 68 255 R2 pano_camera5/frame_0097_hp_preview.jpg
4.902790 -0.187096 0.461981 68 68 255 R2 pano_camera5/frame_0098_hp_preview.jpg
5.819150 -0.278516 3.074974 68 68 255 R2 pano_camera5/frame_0099_hp_preview.jpg
-4.250865 0.027266 3.327995 68 68 255 R2 pano_camera6/frame_0089_hp_preview.jpg
-4.144562 0.094122 1.417031 68 68 255 R2 pano_camera6/frame_0090_hp_preview.jpg
-4.137380 0.090152 1.368552 68 68 255 R2 pano_camera6/frame_0091_hp_preview.jpg
-2.657658 0.008652 -0.912885 68 68 255 R2 pano_camera6/frame_0092_hp_preview.jpg
-2.014847 0.046047 -1.283528 68 68 255 R2 pano_camera6/frame_0093_hp_preview.jpg
-0.767699 0.088537 -1.661858 68 68 255 R2 pano_camera6/frame_0094_hp_preview.jpg
0.765637 0.014417 -1.890210 68 68 255 R2 pano_camera6/frame_0095_hp_preview.jpg
2.639037 -0.032520 -1.732579 68 68 255 R2 pano_camera6/frame_0096_hp_preview.jpg
4.658052 -0.139746 0.040706 68 68 255 R2 pano_camera6/frame_0097_hp_preview.jpg
4.902790 -0.187096 0.461981 68 68 255 R2 pano_camera6/frame_0098_hp_preview.jpg
5.819150 -0.278516 3.074974 68 68 255 R2 pano_camera6/frame_0099_hp_preview.jpg
-4.250865 0.027266 3.327995 68 68 255 R2 pano_camera7/frame_0089_hp_preview.jpg
-4.144562 0.094122 1.417031 68 68 255 R2 pano_camera7/frame_0090_hp_preview.jpg
-4.137380 0.090152 1.368552 68 68 255 R2 pano_camera7/frame_0091_hp_preview.jpg
-2.657658 0.008652 -0.912885 68 68 255 R2 pano_camera7/frame_0092_hp_preview.jpg
-2.014847 0.046047 -1.283528 68 68 255 R2 pano_camera7/frame_0093_hp_preview.jpg
-0.767699 0.088537 -1.661858 68 68 255 R2 pano_camera7/frame_0094_hp_preview.jpg
0.765637 0.014417 -1.890210 68 68 255 R2 pano_camera7/frame_0095_hp_preview.jpg
2.639037 -0.032520 -1.732579 68 68 255 R2 pano_camera7/frame_0096_hp_preview.jpg
4.658052 -0.139746 0.040706 68 68 255 R2 pano_camera7/frame_0097_hp_preview.jpg
4.902790 -0.187096 0.461981 68 68 255 R2 pano_camera7/frame_0098_hp_preview.jpg
5.819150 -0.278516 3.074974 68 68 255 R2 pano_camera7/frame_0099_hp_preview.jpg

# Object R3: Yellow (88 points)
# Transform: Pos(0.000, 0.000, 0.000) Scale(1.000, 1.000, 1.000) Quat(0.000, 0.000, 0.000, 1.000)
2.689920 -0.066031 -2.884707 255 255 68 R3 pano_camera0/frame_0143_hp_preview.jpg
1.549686 0.047389 -2.901720 255 255 68 R3 pano_camera0/frame_0144_hp_preview.jpg
0.888761 0.066849 -1.957197 255 255 68 R3 pano_camera0/frame_0145_hp_preview.jpg
2.015911 -0.032663 2.034633 255 255 68 R3 pano_camera0/frame_0146_hp_preview.jpg
2.252430 -0.031092 2.701277 255 255 68 R3 pano_camera0/frame_0147_hp_preview.jpg
1.917377 0.011066 4.428323 255 255 68 R3 pano_camera0/frame_0148_hp_preview.jpg
-1.698255 0.007140 4.691078 255 255 68 R3 pano_camera0/frame_0149_hp_preview.jpg
-3.762008 -0.046917 2.384117 255 255 68 R3 pano_camera0/frame_0150_hp_preview.jpg
-3.899978 -0.010663 -0.441062 255 255 68 R3 pano_camera0/frame_0151_hp_preview.jpg
-1.745550 -0.016187 -3.433546 255 255 68 R3 pano_camera0/frame_0152_hp_preview.jpg
-1.261235 0.032546 -3.683562 255 255 68 R3 pano_camera0/frame_0153_hp_preview.jpg
2.689920 -0.066031 -2.884707 255 255 68 R3 pano_camera1/frame_0143_hp_preview.jpg
1.549686 0.047389 -2.901720 255 255 68 R3 pano_camera1/frame_0144_hp_preview.jpg
0.888761 0.066849 -1.957197 255 255 68 R3 pano_camera1/frame_0145_hp_preview.jpg
2.015911 -0.032663 2.034633 255 255 68 R3 pano_camera1/frame_0146_hp_preview.jpg
2.252430 -0.031092 2.701277 255 255 68 R3 pano_camera1/frame_0147_hp_preview.jpg
1.917377 0.011066 4.428323 255 255 68 R3 pano_camera1/frame_0148_hp_preview.jpg
-1.698255 0.007140 4.691078 255 255 68 R3 pano_camera1/frame_0149_hp_preview.jpg
-3.762008 -0.046917 2.384117 255 255 68 R3 pano_camera1/frame_0150_hp_preview.jpg
-3.899978 -0.010663 -0.441062 255 255 68 R3 pano_camera1/frame_0151_hp_preview.jpg
-1.745550 -0.016187 -3.433546 255 255 68 R3 pano_camera1/frame_0152_hp_preview.jpg
-1.261235 0.032546 -3.683562 255 255 68 R3 pano_camera1/frame_0153_hp_preview.jpg
2.689920 -0.066031 -2.884707 255 255 68 R3 pano_camera2/frame_0143_hp_preview.jpg
1.549686 0.047389 -2.901720 255 255 68 R3 pano_camera2/frame_0144_hp_preview.jpg
0.888761 0.066849 -1.957197 255 255 68 R3 pano_camera2/frame_0145_hp_preview.jpg
2.015911 -0.032663 2.034633 255 255 68 R3 pano_camera2/frame_0146_hp_preview.jpg
2.252430 -0.031092 2.701277 255 255 68 R3 pano_camera2/frame_0147_hp_preview.jpg
1.917377 0.011066 4.428323 255 255 68 R3 pano_camera2/frame_0148_hp_preview.jpg
-1.698255 0.007140 4.691078 255 255 68 R3 pano_camera2/frame_0149_hp_preview.jpg
-3.762008 -0.046917 2.384117 255 255 68 R3 pano_camera2/frame_0150_hp_preview.jpg
-3.899978 -0.010663 -0.441062 255 255 68 R3 pano_camera2/frame_0151_hp_preview.jpg
-1.745550 -0.016187 -3.433546 255 255 68 R3 pano_camera2/frame_0152_hp_preview.jpg
-1.261235 0.032546 -3.683562 255 255 68 R3 pano_camera2/frame_0153_hp_preview.jpg
2.689920 -0.066031 -2.884707 255 255 68 R3 pano_camera3/frame_0143_hp_preview.jpg
1.549686 0.047389 -2.901720 255 255 68 R3 pano_camera3/frame_0144_hp_preview.jpg
0.888761 0.066849 -1.957197 255 255 68 R3 pano_camera3/frame_0145_hp_preview.jpg
2.015911 -0.032663 2.034633 255 255 68 R3 pano_camera3/frame_0146_hp_preview.jpg
2.252430 -0.031092 2.701277 255 255 68 R3 pano_camera3/frame_0147_hp_preview.jpg
1.917377 0.011066 4.428323 255 255 68 R3 pano_camera3/frame_0148_hp_preview.jpg
-1.698255 0.007140 4.691078 255 255 68 R3 pano_camera3/frame_0149_hp_preview.jpg
-3.762008 -0.046917 2.384117 255 255 68 R3 pano_camera3/frame_0150_hp_preview.jpg
-3.899978 -0.010663 -0.441062 255 255 68 R3 pano_camera3/frame_0151_hp_preview.jpg
-1.745550 -0.016187 -3.433546 255 255 68 R3 pano_camera3/frame_0152_hp_preview.jpg
-1.261235 0.032546 -3.683562 255 255 68 R3 pano_camera3/frame_0153_hp_preview.jpg
2.689920 -0.066031 -2.884707 255 255 68 R3 pano_camera4/frame_0143_hp_preview.jpg
1.549686 0.047389 -2.901720 255 255 68 R3 pano_camera4/frame_0144_hp_preview.jpg
0.888761 0.066849 -1.957197 255 255 68 R3 pano_camera4/frame_0145_hp_preview.jpg
2.015911 -0.032663 2.034633 255 255 68 R3 pano_camera4/frame_0146_hp_preview.jpg
2.252430 -0.031092 2.701277 255 255 68 R3 pano_camera4/frame_0147_hp_preview.jpg
1.917377 0.011066 4.428323 255 255 68 R3 pano_camera4/frame_0148_hp_preview.jpg
-1.698255 0.007140 4.691078 255 255 68 R3 pano_camera4/frame_0149_hp_preview.jpg
-3.762008 -0.046917 2.384117 255 255 68 R3 pano_camera4/frame_0150_hp_preview.jpg
-3.899978 -0.010663 -0.441062 255 255 68 R3 pano_camera4/frame_0151_hp_preview.jpg
-1.745550 -0.016187 -3.433546 255 255 68 R3 pano_camera4/frame_0152_hp_preview.jpg
-1.261235 0.032546 -3.683562 255 255 68 R3 pano_camera4/frame_0153_hp_preview.jpg
2.689920 -0.066031 -2.884707 255 255 68 R3 pano_camera5/frame_0143_hp_preview.jpg
1.549686 0.047389 -2.901720 255 255 68 R3 pano_camera5/frame_0144_hp_preview.jpg
0.888761 0.066849 -1.957197 255 255 68 R3 pano_camera5/frame_0145_hp_preview.jpg
2.015911 -0.032663 2.034633 255 255 68 R3 pano_camera5/frame_0146_hp_preview.jpg
2.252430 -0.031092 2.701277 255 255 68 R3 pano_camera5/frame_0147_hp_preview.jpg
1.917377 0.011066 4.428323 255 255 68 R3 pano_camera5/frame_0148_hp_preview.jpg
-1.698255 0.007140 4.691078 255 255 68 R3 pano_camera5/frame_0149_hp_preview.jpg
-3.762008 -0.046917 2.384117 255 255 68 R3 pano_camera5/frame_0150_hp_preview.jpg
-3.899978 -0.010663 -0.441062 255 255 68 R3 pano_camera5/frame_0151_hp_preview.jpg
-1.745550 -0.016187 -3.433546 255 255 68 R3 pano_camera5/frame_0152_hp_preview.jpg
-1.261235 0.032546 -3.683562 255 255 68 R3 pano_camera5/frame_0153_hp_preview.jpg
2.689920 -0.066031 -2.884707 255 255 68 R3 pano_camera6/frame_0143_hp_preview.jpg
1.549686 0.047389 -2.901720 255 255 68 R3 pano_camera6/frame_0144_hp_preview.jpg
0.888761 0.066849 -1.957197 255 255 68 R3 pano_camera6/frame_0145_hp_preview.jpg
2.015911 -0.032663 2.034633 255 255 68 R3 pano_camera6/frame_0146_hp_preview.jpg
2.252430 -0.031092 2.701277 255 255 68 R3 pano_camera6/frame_0147_hp_preview.jpg
1.917377 0.011066 4.428323 255 255 68 R3 pano_camera6/frame_0148_hp_preview.jpg
-1.698255 0.007140 4.691078 255 255 68 R3 pano_camera6/frame_0149_hp_preview.jpg
-3.762008 -0.046917 2.384117 255 255 68 R3 pano_camera6/frame_0150_hp_preview.jpg
-3.899978 -0.010663 -0.441062 255 255 68 R3 pano_camera6/frame_0151_hp_preview.jpg
-1.745550 -0.016187 -3.433546 255 255 68 R3 pano_camera6/frame_0152_hp_preview.jpg
-1.261235 0.032546 -3.683562 255 255 68 R3 pano_camera6/frame_0153_hp_preview.jpg
2.689920 -0.066031 -2.884707 255 255 68 R3 pano_camera7/frame_0143_hp_preview.jpg
1.549686 0.047389 -2.901720 255 255 68 R3 pano_camera7/frame_0144_hp_preview.jpg
0.888761 0.066849 -1.957197 255 255 68 R3 pano_camera7/frame_0145_hp_preview.jpg
2.015911 -0.032663 2.034633 255 255 68 R3 pano_camera7/frame_0146_hp_preview.jpg
2.252430 -0.031092 2.701277 255 255 68 R3 pano_camera7/frame_0147_hp_preview.jpg
1.917377 0.011066 4.428323 255 255 68 R3 pano_camera7/frame_0148_hp_preview.jpg
-1.698255 0.007140 4.691078 255 255 68 R3 pano_camera7/frame_0149_hp_preview.jpg
-3.762008 -0.046917 2.384117 255 255 68 R3 pano_camera7/frame_0150_hp_preview.jpg
-3.899978 -0.010663 -0.441062 255 255 68 R3 pano_camera7/frame_0151_hp_preview.jpg
-1.745550 -0.016187 -3.433546 255 255 68 R3 pano_camera7/frame_0152_hp_preview.jpg
-1.261235 0.032546 -3.683562 255 255 68 R3 pano_camera7/frame_0153_hp_preview.jpg

# Object R4: Magenta (80 points)
# Transform: Pos(0.000, 0.000, 0.000) Scale(1.000, 1.000, 1.000) Quat(0.000, 0.000, 0.000, 1.000)
1.137042 -0.506126 5.087313 255 68 255 R4 pano_camera0/frame_0130_hp_preview.jpg
-0.085484 -0.195166 3.381400 255 68 255 R4 pano_camera0/frame_0131_hp_preview.jpg
-0.532841 -0.055875 2.299704 255 68 255 R4 pano_camera0/frame_0132_hp_preview.jpg
-0.594402 -0.062069 2.125678 255 68 255 R4 pano_camera0/frame_0133_hp_preview.jpg
-1.070924 0.070840 0.792539 255 68 255 R4 pano_camera0/frame_0134_hp_preview.jpg
-0.887142 0.032483 -0.963672 255 68 255 R4 pano_camera0/frame_0135_hp_preview.jpg
-0.418370 0.252608 -1.541687 255 68 255 R4 pano_camera0/frame_0136_hp_preview.jpg
0.720241 0.149077 -2.580493 255 68 255 R4 pano_camera0/frame_0137_hp_preview.jpg
1.169033 0.086677 -3.380139 255 68 255 R4 pano_camera0/frame_0138_hp_preview.jpg
1.251613 0.132262 -4.524481 255 68 255 R4 pano_camera0/frame_0139_hp_preview.jpg
1.137042 -0.506126 5.087313 255 68 255 R4 pano_camera1/frame_0130_hp_preview.jpg
-0.085484 -0.195166 3.381400 255 68 255 R4 pano_camera1/frame_0131_hp_preview.jpg
-0.532841 -0.055875 2.299704 255 68 255 R4 pano_camera1/frame_0132_hp_preview.jpg
-0.594402 -0.062069 2.125678 255 68 255 R4 pano_camera1/frame_0133_hp_preview.jpg
-1.070924 0.070840 0.792539 255 68 255 R4 pano_camera1/frame_0134_hp_preview.jpg
-0.887142 0.032483 -0.963672 255 68 255 R4 pano_camera1/frame_0135_hp_preview.jpg
-0.418370 0.252608 -1.541687 255 68 255 R4 pano_camera1/frame_0136_hp_preview.jpg
0.720241 0.149077 -2.580493 255 68 255 R4 pano_camera1/frame_0137_hp_preview.jpg
1.169033 0.086677 -3.380139 255 68 255 R4 pano_camera1/frame_0138_hp_preview.jpg
1.251613 0.132262 -4.524481 255 68 255 R4 pano_camera1/frame_0139_hp_preview.jpg
1.137042 -0.506126 5.087313 255 68 255 R4 pano_camera2/frame_0130_hp_preview.jpg
-0.085484 -0.195166 3.381400 255 68 255 R4 pano_camera2/frame_0131_hp_preview.jpg
-0.532841 -0.055875 2.299704 255 68 255 R4 pano_camera2/frame_0132_hp_preview.jpg
-0.594402 -0.062069 2.125678 255 68 255 R4 pano_camera2/frame_0133_hp_preview.jpg
-1.070924 0.070840 0.792539 255 68 255 R4 pano_camera2/frame_0134_hp_preview.jpg
-0.887142 0.032483 -0.963672 255 68 255 R4 pano_camera2/frame_0135_hp_preview.jpg
-0.418370 0.252608 -1.541687 255 68 255 R4 pano_camera2/frame_0136_hp_preview.jpg
0.720241 0.149077 -2.580493 255 68 255 R4 pano_camera2/frame_0137_hp_preview.jpg
1.169033 0.086677 -3.380139 255 68 255 R4 pano_camera2/frame_0138_hp_preview.jpg
1.251613 0.132262 -4.524481 255 68 255 R4 pano_camera2/frame_0139_hp_preview.jpg
1.137042 -0.506126 5.087313 255 68 255 R4 pano_camera3/frame_0130_hp_preview.jpg
-0.085484 -0.195166 3.381400 255 68 255 R4 pano_camera3/frame_0131_hp_preview.jpg
-0.532841 -0.055875 2.299704 255 68 255 R4 pano_camera3/frame_0132_hp_preview.jpg
-0.594402 -0.062069 2.125678 255 68 255 R4 pano_camera3/frame_0133_hp_preview.jpg
-1.070924 0.070840 0.792539 255 68 255 R4 pano_camera3/frame_0134_hp_preview.jpg
-0.887142 0.032483 -0.963672 255 68 255 R4 pano_camera3/frame_0135_hp_preview.jpg
-0.418370 0.252608 -1.541687 255 68 255 R4 pano_camera3/frame_0136_hp_preview.jpg
0.720241 0.149077 -2.580493 255 68 255 R4 pano_camera3/frame_0137_hp_preview.jpg
1.169033 0.086677 -3.380139 255 68 255 R4 pano_camera3/frame_0138_hp_preview.jpg
1.251613 0.132262 -4.524481 255 68 255 R4 pano_camera3/frame_0139_hp_preview.jpg
1.137042 -0.506126 5.087313 255 68 255 R4 pano_camera4/frame_0130_hp_preview.jpg
-0.085484 -0.195166 3.381400 255 68 255 R4 pano_camera4/frame_0131_hp_preview.jpg
-0.532841 -0.055875 2.299704 255 68 255 R4 pano_camera4/frame_0132_hp_preview.jpg
-0.594402 -0.062069 2.125678 255 68 255 R4 pano_camera4/frame_0133_hp_preview.jpg
-1.070924 0.070840 0.792539 255 68 255 R4 pano_camera4/frame_0134_hp_preview.jpg
-0.887142 0.032483 -0.963672 255 68 255 R4 pano_camera4/frame_0135_hp_preview.jpg
-0.418370 0.252608 -1.541687 255 68 255 R4 pano_camera4/frame_0136_hp_preview.jpg
0.720241 0.149077 -2.580493 255 68 255 R4 pano_camera4/frame_0137_hp_preview.jpg
1.169033 0.086677 -3.380139 255 68 255 R4 pano_camera4/frame_0138_hp_preview.jpg
1.251613 0.132262 -4.524481 255 68 255 R4 pano_camera4/frame_0139_hp_preview.jpg
1.137042 -0.506126 5.087313 255 68 255 R4 pano_camera5/frame_0130_hp_preview.jpg
-0.085484 -0.195166 3.381400 255 68 255 R4 pano_camera5/frame_0131_hp_preview.jpg
-0.532841 -0.055875 2.299704 255 68 255 R4 pano_camera5/frame_0132_hp_preview.jpg
-0.594402 -0.062069 2.125678 255 68 255 R4 pano_camera5/frame_0133_hp_preview.jpg
-1.070924 0.070840 0.792539 255 68 255 R4 pano_camera5/frame_0134_hp_preview.jpg
-0.887142 0.032483 -0.963672 255 68 255 R4 pano_camera5/frame_0135_hp_preview.jpg
-0.418370 0.252608 -1.541687 255 68 255 R4 pano_camera5/frame_0136_hp_preview.jpg
0.720241 0.149077 -2.580493 255 68 255 R4 pano_camera5/frame_0137_hp_preview.jpg
1.169033 0.086677 -3.380139 255 68 255 R4 pano_camera5/frame_0138_hp_preview.jpg
1.251613 0.132262 -4.524481 255 68 255 R4 pano_camera5/frame_0139_hp_preview.jpg
1.137042 -0.506126 5.087313 255 68 255 R4 pano_camera6/frame_0130_hp_preview.jpg
-0.085484 -0.195166 3.381400 255 68 255 R4 pano_camera6/frame_0131_hp_preview.jpg
-0.532841 -0.055875 2.299704 255 68 255 R4 pano_camera6/frame_0132_hp_preview.jpg
-0.594402 -0.062069 2.125678 255 68 255 R4 pano_camera6/frame_0133_hp_preview.jpg
-1.070924 0.070840 0.792539 255 68 255 R4 pano_camera6/frame_0134_hp_preview.jpg
-0.887142 0.032483 -0.963672 255 68 255 R4 pano_camera6/frame_0135_hp_preview.jpg
-0.418370 0.252608 -1.541687 255 68 255 R4 pano_camera6/frame_0136_hp_preview.jpg
0.720241 0.149077 -2.580493 255 68 255 R4 pano_camera6/frame_0137_hp_preview.jpg
1.169033 0.086677 -3.380139 255 68 255 R4 pano_camera6/frame_0138_hp_preview.jpg
1.251613 0.132262 -4.524481 255 68 255 R4 pano_camera6/frame_0139_hp_preview.jpg
1.137042 -0.506126 5.087313 255 68 255 R4 pano_camera7/frame_0130_hp_preview.jpg
-0.085484 -0.195166 3.381400 255 68 255 R4 pano_camera7/frame_0131_hp_preview.jpg
-0.532841 -0.055875 2.299704 255 68 255 R4 pano_camera7/frame_0132_hp_preview.jpg
-0.594402 -0.062069 2.125678 255 68 255 R4 pano_camera7/frame_0133_hp_preview.jpg
-1.070924 0.070840 0.792539 255 68 255 R4 pano_camera7/frame_0134_hp_preview.jpg
-0.887142 0.032483 -0.963672 255 68 255 R4 pano_camera7/frame_0135_hp_preview.jpg
-0.418370 0.252608 -1.541687 255 68 255 R4 pano_camera7/frame_0136_hp_preview.jpg
0.720241 0.149077 -2.580493 255 68 255 R4 pano_camera7/frame_0137_hp_preview.jpg
1.169033 0.086677 -3.380139 255 68 255 R4 pano_camera7/frame_0138_hp_preview.jpg
1.251613 0.132262 -4.524481 255 68 255 R4 pano_camera7/frame_0139_hp_preview.jpg

# End of file - 2808 total points exported
