# Enhanced PTS File with Visual Information
# Format: X Y Z R G B OBJECT_ID IMAGE_NAME
# Generated from Three.js Transform Viewer
# Export Date: 2025-10-20T19:02:30.303Z
# Total Objects: 5

# Object R0: Red (1832 points)
# Transform: Pos(0.000, 0.000, 0.000) Scale(1.000, 1.000, 1.000) Quat(0.000, 0.000, 0.000, 1.000)
-1.775599 2.013698 1.406208 255 68 68 R0 pano_camera0/frame_0140_hp_preview.jpg
-1.804428 1.871878 1.514223 255 68 68 R0 pano_camera0/frame_0141_hp_preview.jpg
-1.872132 1.627692 1.717593 255 68 68 R0 pano_camera0/frame_0142_hp_preview.jpg
-1.902122 1.460776 1.792248 255 68 68 R0 pano_camera0/frame_0143_hp_preview.jpg
-1.880629 1.291672 1.723412 255 68 68 R0 pano_camera0/frame_0144_hp_preview.jpg
-1.836634 1.254143 1.546525 255 68 68 R0 pano_camera0/frame_0145_hp_preview.jpg
-1.862885 2.087013 1.836277 255 68 68 R0 pano_camera0/frame_0157_hp_preview.jpg
-1.875677 2.213309 1.937510 255 68 68 R0 pano_camera0/frame_0158_hp_preview.jpg
-1.892030 2.250261 2.039272 255 68 68 R0 pano_camera0/frame_0159_hp_preview.jpg
-2.035555 2.426377 2.656353 255 68 68 R0 pano_camera0/frame_0160_hp_preview.jpg
-2.091860 2.601548 2.935318 255 68 68 R0 pano_camera0/frame_0161_hp_preview.jpg
-2.136511 2.865530 3.255980 255 68 68 R0 pano_camera0/frame_0162_hp_preview.jpg
-2.160981 3.052040 3.438151 255 68 68 R0 pano_camera0/frame_0163_hp_preview.jpg
-2.176956 3.257938 3.606586 255 68 68 R0 pano_camera0/frame_0164_hp_preview.jpg
-2.156539 3.653069 3.645881 255 68 68 R0 pano_camera0/frame_0165_hp_preview.jpg
-2.120535 3.828301 3.537943 255 68 68 R0 pano_camera0/frame_0166_hp_preview.jpg
-2.023458 4.114560 3.223314 255 68 68 R0 pano_camera0/frame_0167_hp_preview.jpg
-1.940321 4.108316 2.842085 255 68 68 R0 pano_camera0/frame_0168_hp_preview.jpg
-1.906297 4.032015 2.720821 255 68 68 R0 pano_camera0/frame_0169_hp_preview.jpg
-1.818189 3.564419 2.134367 255 68 68 R0 pano_camera0/frame_0170_hp_preview.jpg
-1.791501 3.499692 2.061026 255 68 68 R0 pano_camera0/frame_0171_hp_preview.jpg
-1.744326 3.202274 1.699152 255 68 68 R0 pano_camera0/frame_0172_hp_preview.jpg
-1.650722 3.169529 1.323972 255 68 68 R0 pano_camera0/frame_0173_hp_preview.jpg
-1.557818 3.410673 1.027785 255 68 68 R0 pano_camera0/frame_0174_hp_preview.jpg
-1.553289 3.420137 1.024341 255 68 68 R0 pano_camera0/frame_0175_hp_preview.jpg
-1.519377 3.858783 0.987853 255 68 68 R0 pano_camera0/frame_0176_hp_preview.jpg
-1.511264 4.094328 1.068613 255 68 68 R0 pano_camera0/frame_0177_hp_preview.jpg
-1.497271 4.549892 1.145421 255 68 68 R0 pano_camera0/frame_0178_hp_preview.jpg
-1.423222 4.897043 0.948004 255 68 68 R0 pano_camera0/frame_0179_hp_preview.jpg
-1.377485 4.961437 0.766253 255 68 68 R0 pano_camera0/frame_0180_hp_preview.jpg
-1.342265 4.859372 0.516102 255 68 68 R0 pano_camera0/frame_0181_hp_preview.jpg
-1.315456 4.684995 0.334345 255 68 68 R0 pano_camera0/frame_0182_hp_preview.jpg
-1.240863 4.498968 -0.000685 255 68 68 R0 pano_camera0/frame_0183_hp_preview.jpg
-1.210613 4.667152 -0.127045 255 68 68 R0 pano_camera0/frame_0184_hp_preview.jpg
-1.214262 4.813626 -0.059638 255 68 68 R0 pano_camera0/frame_0185_hp_preview.jpg
-1.244050 4.988379 0.103371 255 68 68 R0 pano_camera0/frame_0186_hp_preview.jpg
-1.266197 5.169363 0.260317 255 68 68 R0 pano_camera0/frame_0187_hp_preview.jpg
-1.274950 5.453797 0.400969 255 68 68 R0 pano_camera0/frame_0188_hp_preview.jpg
-1.240240 5.764378 0.355704 255 68 68 R0 pano_camera0/frame_0189_hp_preview.jpg
-1.228989 5.796779 0.342576 255 68 68 R0 pano_camera0/frame_0190_hp_preview.jpg
-1.169704 5.987112 0.157564 255 68 68 R0 pano_camera0/frame_0191_hp_preview.jpg
-1.082536 6.030740 -0.188942 255 68 68 R0 pano_camera0/frame_0192_hp_preview.jpg
-1.036758 5.930198 -0.450152 255 68 68 R0 pano_camera0/frame_0193_hp_preview.jpg
-0.990040 5.745651 -0.754275 255 68 68 R0 pano_camera0/frame_0194_hp_preview.jpg
-0.941529 5.632964 -0.976655 255 68 68 R0 pano_camera0/frame_0195_hp_preview.jpg
-0.904339 5.685324 -1.173037 255 68 68 R0 pano_camera0/frame_0196_hp_preview.jpg
-0.806401 5.926027 -1.505693 255 68 68 R0 pano_camera0/frame_0197_hp_preview.jpg
-0.661228 6.354682 -1.916661 255 68 68 R0 pano_camera0/frame_0198_hp_preview.jpg
-0.617891 6.480020 -2.036767 255 68 68 R0 pano_camera0/frame_0199_hp_preview.jpg
-0.425369 7.160905 -2.495973 255 68 68 R0 pano_camera0/frame_0200_hp_preview.jpg
-0.359813 7.160775 -2.577606 255 68 68 R0 pano_camera0/frame_0201_hp_preview.jpg
-0.723046 7.056778 -1.397418 255 68 68 R0 pano_camera0/frame_0226_hp_preview.jpg
-0.993328 7.508734 -0.089965 255 68 68 R0 pano_camera0/frame_0240_hp_preview.jpg
-1.016782 7.487105 -0.030134 255 68 68 R0 pano_camera0/frame_0241_hp_preview.jpg
-1.082827 7.557533 0.249674 255 68 68 R0 pano_camera0/frame_0242_hp_preview.jpg
-1.128980 7.421974 0.390266 255 68 68 R0 pano_camera0/frame_0243_hp_preview.jpg
-1.137556 7.212568 0.347210 255 68 68 R0 pano_camera0/frame_0244_hp_preview.jpg
-1.149860 7.108330 0.350046 255 68 68 R0 pano_camera0/frame_0245_hp_preview.jpg
-1.201536 6.833667 0.369209 255 68 68 R0 pano_camera0/frame_0246_hp_preview.jpg
-1.182979 6.715744 0.282436 255 68 68 R0 pano_camera0/frame_0247_hp_preview.jpg
-1.214158 6.394598 0.311208 255 68 68 R0 pano_camera0/frame_0248_hp_preview.jpg
-1.222425 6.357152 0.325305 255 68 68 R0 pano_camera0/frame_0249_hp_preview.jpg
-1.355947 5.681552 0.695038 255 68 68 R0 pano_camera0/frame_0250_hp_preview.jpg
-1.360049 5.670240 0.702538 255 68 68 R0 pano_camera0/frame_0251_hp_preview.jpg
-1.461533 5.319801 1.072599 255 68 68 R0 pano_camera0/frame_0252_hp_preview.jpg
-1.576693 5.108626 1.577784 255 68 68 R0 pano_camera0/frame_0253_hp_preview.jpg
-1.630120 5.339325 1.929742 255 68 68 R0 pano_camera0/frame_0254_hp_preview.jpg
-1.632698 5.381124 1.939830 255 68 68 R0 pano_camera0/frame_0255_hp_preview.jpg
-1.494007 5.847774 1.661189 255 68 68 R0 pano_camera0/frame_0256_hp_preview.jpg
-1.325361 5.988696 1.539188 255 68 68 R0 pano_camera0/frame_0257_hp_preview.jpg
-1.228751 6.040100 1.499912 255 68 68 R0 pano_camera0/frame_0258_hp_preview.jpg
-1.125287 6.127265 1.407887 255 68 68 R0 pano_camera0/frame_0259_hp_preview.jpg
-0.812726 6.322189 1.225186 255 68 68 R0 pano_camera0/frame_0260_hp_preview.jpg
-0.808514 6.325365 1.220098 255 68 68 R0 pano_camera0/frame_0261_hp_preview.jpg
-0.488319 6.549927 1.053207 255 68 68 R0 pano_camera0/frame_0262_hp_preview.jpg
-0.477284 6.560506 1.050286 255 68 68 R0 pano_camera0/frame_0263_hp_preview.jpg
-0.301807 6.671805 0.963972 255 68 68 R0 pano_camera0/frame_0264_hp_preview.jpg
-0.075211 6.845286 0.826427 255 68 68 R0 pano_camera0/frame_0265_hp_preview.jpg
0.109788 6.908709 0.644629 255 68 68 R0 pano_camera0/frame_0266_hp_preview.jpg
0.231640 6.915228 0.458356 255 68 68 R0 pano_camera0/frame_0267_hp_preview.jpg
0.272195 6.742926 0.206725 255 68 68 R0 pano_camera0/frame_0268_hp_preview.jpg
0.349605 6.415271 -0.192109 255 68 68 R0 pano_camera0/frame_0269_hp_preview.jpg
0.395980 6.247676 -0.361630 255 68 68 R0 pano_camera0/frame_0270_hp_preview.jpg
0.436652 5.914249 -0.663080 255 68 68 R0 pano_camera0/frame_0271_hp_preview.jpg
0.484969 5.605737 -0.947186 255 68 68 R0 pano_camera0/frame_0272_hp_preview.jpg
0.521907 5.440716 -1.110060 255 68 68 R0 pano_camera0/frame_0273_hp_preview.jpg
0.598671 4.910319 -1.619044 255 68 68 R0 pano_camera0/frame_0274_hp_preview.jpg
0.613316 4.858962 -1.680126 255 68 68 R0 pano_camera0/frame_0275_hp_preview.jpg
0.685233 4.434771 -2.100161 255 68 68 R0 pano_camera0/frame_0276_hp_preview.jpg
0.714901 4.312003 -2.239585 255 68 68 R0 pano_camera0/frame_0277_hp_preview.jpg
0.810669 3.943757 -2.682363 255 68 68 R0 pano_camera0/frame_0278_hp_preview.jpg
0.838421 3.728557 -2.877841 255 68 68 R0 pano_camera0/frame_0279_hp_preview.jpg
0.937931 3.207650 -3.435941 255 68 68 R0 pano_camera0/frame_0280_hp_preview.jpg
0.950583 3.105782 -3.530175 255 68 68 R0 pano_camera0/frame_0281_hp_preview.jpg
0.976162 2.973795 -3.698762 255 68 68 R0 pano_camera0/frame_0282_hp_preview.jpg
1.026606 2.924149 -3.935679 255 68 68 R0 pano_camera0/frame_0283_hp_preview.jpg
1.117336 3.147092 -4.287886 255 68 68 R0 pano_camera0/frame_0284_hp_preview.jpg
1.122836 3.187174 -4.309143 255 68 68 R0 pano_camera0/frame_0285_hp_preview.jpg
1.181463 3.463954 -4.474219 255 68 68 R0 pano_camera0/frame_0286_hp_preview.jpg
1.205902 3.662338 -4.452239 255 68 68 R0 pano_camera0/frame_0287_hp_preview.jpg
1.229431 3.922185 -4.430488 255 68 68 R0 pano_camera0/frame_0288_hp_preview.jpg
1.259367 4.084115 -4.482208 255 68 68 R0 pano_camera0/frame_0289_hp_preview.jpg
1.322459 4.219075 -4.713689 255 68 68 R0 pano_camera0/frame_0290_hp_preview.jpg
1.447184 4.379181 -5.231862 255 68 68 R0 pano_camera0/frame_0291_hp_preview.jpg
1.500200 4.468450 -5.428448 255 68 68 R0 pano_camera0/frame_0292_hp_preview.jpg
1.539118 4.531741 -5.595016 255 68 68 R0 pano_camera0/frame_0293_hp_preview.jpg
1.650103 5.040550 -5.967912 255 68 68 R0 pano_camera0/frame_0294_hp_preview.jpg
1.656252 5.091540 -5.972743 255 68 68 R0 pano_camera0/frame_0295_hp_preview.jpg
1.627287 5.606143 -5.717836 255 68 68 R0 pano_camera0/frame_0296_hp_preview.jpg
1.554351 5.664245 -5.370106 255 68 68 R0 pano_camera0/frame_0297_hp_preview.jpg
1.470453 5.656034 -5.070243 255 68 68 R0 pano_camera0/frame_0298_hp_preview.jpg
1.419025 5.639179 -4.833859 255 68 68 R0 pano_camera0/frame_0299_hp_preview.jpg
1.315307 5.615583 -4.382948 255 68 68 R0 pano_camera0/frame_0300_hp_preview.jpg
1.224834 5.581799 -4.077577 255 68 68 R0 pano_camera0/frame_0301_hp_preview.jpg
1.143069 5.514438 -3.772885 255 68 68 R0 pano_camera0/frame_0302_hp_preview.jpg
1.046613 5.349181 -3.362451 255 68 68 R0 pano_camera0/frame_0303_hp_preview.jpg
0.986693 5.274191 -3.154114 255 68 68 R0 pano_camera0/frame_0304_hp_preview.jpg
0.852864 5.149617 -2.654240 255 68 68 R0 pano_camera0/frame_0305_hp_preview.jpg
0.721257 5.150453 -2.141408 255 68 68 R0 pano_camera0/frame_0306_hp_preview.jpg
0.640445 5.209871 -1.808459 255 68 68 R0 pano_camera0/frame_0307_hp_preview.jpg
0.629752 5.245630 -1.727092 255 68 68 R0 pano_camera0/frame_0308_hp_preview.jpg
0.579130 5.593046 -1.402662 255 68 68 R0 pano_camera0/frame_0309_hp_preview.jpg
0.611726 6.056841 -1.345288 255 68 68 R0 pano_camera0/frame_0310_hp_preview.jpg
0.661383 6.311729 -1.531504 255 68 68 R0 pano_camera0/frame_0311_hp_preview.jpg
0.778462 6.525945 -1.907204 255 68 68 R0 pano_camera0/frame_0312_hp_preview.jpg
0.856568 6.629516 -2.198444 255 68 68 R0 pano_camera0/frame_0313_hp_preview.jpg
0.924576 6.695283 -2.465980 255 68 68 R0 pano_camera0/frame_0314_hp_preview.jpg
1.094790 6.873565 -3.114585 255 68 68 R0 pano_camera0/frame_0315_hp_preview.jpg
1.110877 6.890913 -3.160280 255 68 68 R0 pano_camera0/frame_0316_hp_preview.jpg
1.210592 7.055915 -3.568647 255 68 68 R0 pano_camera0/frame_0317_hp_preview.jpg
1.306863 7.377238 -3.914588 255 68 68 R0 pano_camera0/frame_0318_hp_preview.jpg
1.315466 7.504047 -3.907660 255 68 68 R0 pano_camera0/frame_0319_hp_preview.jpg
1.327028 7.832675 -3.765146 255 68 68 R0 pano_camera0/frame_0320_hp_preview.jpg
1.236969 8.295658 -3.234251 255 68 68 R0 pano_camera0/frame_0321_hp_preview.jpg
1.229705 8.319839 -3.199562 255 68 68 R0 pano_camera0/frame_0322_hp_preview.jpg
1.110707 8.381042 -2.738049 255 68 68 R0 pano_camera0/frame_0323_hp_preview.jpg
1.003727 8.268136 -2.284535 255 68 68 R0 pano_camera0/frame_0324_hp_preview.jpg
0.985108 8.269315 -2.238840 255 68 68 R0 pano_camera0/frame_0325_hp_preview.jpg
0.881943 8.432753 -1.778491 255 68 68 R0 pano_camera0/frame_0326_hp_preview.jpg
0.878270 8.689847 -1.696733 255 68 68 R0 pano_camera0/frame_0327_hp_preview.jpg
0.901947 8.827154 -1.715530 255 68 68 R0 pano_camera0/frame_0328_hp_preview.jpg
0.946467 9.034339 -1.822194 255 68 68 R0 pano_camera0/frame_0329_hp_preview.jpg
0.997069 9.399746 -1.901817 255 68 68 R0 pano_camera0/frame_0330_hp_preview.jpg
0.978824 9.504783 -1.800693 255 68 68 R0 pano_camera0/frame_0331_hp_preview.jpg
0.867244 9.308911 -1.436943 255 68 68 R0 pano_camera0/frame_0332_hp_preview.jpg
0.822219 9.124612 -1.336944 255 68 68 R0 pano_camera0/frame_0333_hp_preview.jpg
0.741110 8.827586 -1.099973 255 68 68 R0 pano_camera0/frame_0334_hp_preview.jpg
0.697237 8.705589 -0.940767 255 68 68 R0 pano_camera0/frame_0335_hp_preview.jpg
0.637699 8.562033 -0.772561 255 68 68 R0 pano_camera0/frame_0336_hp_preview.jpg
0.511121 8.284587 -0.361021 255 68 68 R0 pano_camera0/frame_0337_hp_preview.jpg
0.454703 8.148058 -0.151940 255 68 68 R0 pano_camera0/frame_0338_hp_preview.jpg
0.293449 7.840643 0.407380 255 68 68 R0 pano_camera0/frame_0339_hp_preview.jpg
0.218101 7.696661 0.790931 255 68 68 R0 pano_camera0/frame_0340_hp_preview.jpg
0.185409 7.652266 0.888134 255 68 68 R0 pano_camera0/frame_0341_hp_preview.jpg
0.109623 7.489731 1.165558 255 68 68 R0 pano_camera0/frame_0342_hp_preview.jpg
0.022314 7.217497 1.473547 255 68 68 R0 pano_camera0/frame_0343_hp_preview.jpg
-0.050883 7.220377 1.816383 255 68 68 R0 pano_camera0/frame_0344_hp_preview.jpg
-0.019814 7.479620 1.769265 255 68 68 R0 pano_camera0/frame_0345_hp_preview.jpg
0.027430 7.696619 1.615701 255 68 68 R0 pano_camera0/frame_0346_hp_preview.jpg
0.079795 7.821439 1.428626 255 68 68 R0 pano_camera0/frame_0347_hp_preview.jpg
0.140278 7.971947 1.222958 255 68 68 R0 pano_camera0/frame_0348_hp_preview.jpg
0.271612 8.330273 0.733470 255 68 68 R0 pano_camera0/frame_0349_hp_preview.jpg
0.316280 8.550614 0.554944 255 68 68 R0 pano_camera0/frame_0350_hp_preview.jpg
0.353273 8.721178 0.431178 255 68 68 R0 pano_camera0/frame_0351_hp_preview.jpg
0.422107 9.181943 0.292640 255 68 68 R0 pano_camera0/frame_0352_hp_preview.jpg
0.451835 9.404513 0.293764 255 68 68 R0 pano_camera0/frame_0353_hp_preview.jpg
0.512919 9.780855 0.174929 255 68 68 R0 pano_camera0/frame_0354_hp_preview.jpg
0.571472 9.914913 0.021449 255 68 68 R0 pano_camera0/frame_0355_hp_preview.jpg
0.675572 9.885369 -0.390749 255 68 68 R0 pano_camera0/frame_0356_hp_preview.jpg
0.727720 9.848165 -0.684138 255 68 68 R0 pano_camera0/frame_0357_hp_preview.jpg
0.727552 9.815852 -0.774086 255 68 68 R0 pano_camera0/frame_0358_hp_preview.jpg
0.722936 9.787963 -0.802530 255 68 68 R0 pano_camera0/frame_0359_hp_preview.jpg
0.740917 9.834730 -0.798642 255 68 68 R0 pano_camera0/frame_0360_hp_preview.jpg
0.740906 9.835410 -0.802922 255 68 68 R0 pano_camera0/frame_0361_hp_preview.jpg
0.816739 9.974708 -1.043783 255 68 68 R0 pano_camera0/frame_0362_hp_preview.jpg
0.840539 10.112801 -1.081318 255 68 68 R0 pano_camera0/frame_0363_hp_preview.jpg
0.883723 10.371154 -1.057189 255 68 68 R0 pano_camera0/frame_0364_hp_preview.jpg
0.876151 10.444830 -0.993701 255 68 68 R0 pano_camera0/frame_0365_hp_preview.jpg
0.775499 10.443859 -0.606034 255 68 68 R0 pano_camera0/frame_0366_hp_preview.jpg
0.757143 10.414128 -0.551885 255 68 68 R0 pano_camera0/frame_0367_hp_preview.jpg
0.666909 10.241172 -0.280808 255 68 68 R0 pano_camera0/frame_0368_hp_preview.jpg
0.504122 9.872625 0.278737 255 68 68 R0 pano_camera0/frame_0369_hp_preview.jpg
0.428581 9.861678 0.469649 255 68 68 R0 pano_camera0/frame_0370_hp_preview.jpg
0.430813 9.980471 0.630286 255 68 68 R0 pano_camera0/frame_0371_hp_preview.jpg
0.454924 10.312104 0.613828 255 68 68 R0 pano_camera0/frame_0372_hp_preview.jpg
0.535813 10.590920 0.404967 255 68 68 R0 pano_camera0/frame_0373_hp_preview.jpg
0.644837 11.237073 0.134156 255 68 68 R0 pano_camera0/frame_0374_hp_preview.jpg
0.664525 11.428104 0.150124 255 68 68 R0 pano_camera0/frame_0375_hp_preview.jpg
0.666996 11.639311 0.252804 255 68 68 R0 pano_camera0/frame_0376_hp_preview.jpg
0.657609 11.802144 0.366259 255 68 68 R0 pano_camera0/frame_0377_hp_preview.jpg
0.613745 12.253763 0.811962 255 68 68 R0 pano_camera0/frame_0378_hp_preview.jpg
0.573596 12.352595 0.967601 255 68 68 R0 pano_camera0/frame_0379_hp_preview.jpg
0.522162 12.442394 1.200913 255 68 68 R0 pano_camera0/frame_0380_hp_preview.jpg
0.403914 12.509854 1.201501 255 68 68 R0 pano_camera0/frame_0381_hp_preview.jpg
0.243096 12.526391 1.320931 255 68 68 R0 pano_camera0/frame_0382_hp_preview.jpg
0.376430 12.434890 1.618143 255 68 68 R0 pano_camera0/frame_0383_hp_preview.jpg
0.388809 12.405065 1.615633 255 68 68 R0 pano_camera0/frame_0384_hp_preview.jpg
0.345844 12.222183 1.787915 255 68 68 R0 pano_camera0/frame_0385_hp_preview.jpg
0.236174 11.856223 2.175111 255 68 68 R0 pano_camera0/frame_0386_hp_preview.jpg
0.177754 11.706764 2.369535 255 68 68 R0 pano_camera0/frame_0387_hp_preview.jpg
0.006360 11.183350 2.931045 255 68 68 R0 pano_camera0/frame_0388_hp_preview.jpg
-0.107949 10.819690 3.261376 255 68 68 R0 pano_camera0/frame_0389_hp_preview.jpg
-0.158657 10.659360 3.378052 255 68 68 R0 pano_camera0/frame_0390_hp_preview.jpg
-0.217082 10.226347 3.509426 255 68 68 R0 pano_camera0/frame_0391_hp_preview.jpg
-0.213344 10.148110 3.454751 255 68 68 R0 pano_camera0/frame_0392_hp_preview.jpg
-0.166737 10.210181 3.277701 255 68 68 R0 pano_camera0/frame_0393_hp_preview.jpg
-0.133649 10.397394 3.160361 255 68 68 R0 pano_camera0/frame_0394_hp_preview.jpg
-0.072116 10.716951 2.976344 255 68 68 R0 pano_camera0/frame_0395_hp_preview.jpg
0.015276 10.963273 2.690181 255 68 68 R0 pano_camera0/frame_0396_hp_preview.jpg
0.126383 10.815429 2.260128 255 68 68 R0 pano_camera0/frame_0397_hp_preview.jpg
0.142290 10.692274 2.143072 255 68 68 R0 pano_camera0/frame_0398_hp_preview.jpg
0.131028 10.220364 2.063416 255 68 68 R0 pano_camera0/frame_0399_hp_preview.jpg
0.015784 9.807089 2.352373 255 68 68 R0 pano_camera0/frame_0400_hp_preview.jpg
-0.069806 9.499528 2.604791 255 68 68 R0 pano_camera0/frame_0401_hp_preview.jpg
-0.075939 9.477229 2.619604 255 68 68 R0 pano_camera0/frame_0402_hp_preview.jpg
-0.159877 9.190558 2.862661 255 68 68 R0 pano_camera0/frame_0403_hp_preview.jpg
-0.181361 8.675524 2.788148 255 68 68 R0 pano_camera0/frame_0404_hp_preview.jpg
-0.169566 8.650246 2.757044 255 68 68 R0 pano_camera0/frame_0405_hp_preview.jpg
-0.057813 8.550429 2.297920 255 68 68 R0 pano_camera0/frame_0406_hp_preview.jpg
0.025948 8.854801 1.981951 255 68 68 R0 pano_camera0/frame_0407_hp_preview.jpg
0.079491 9.019688 1.824660 255 68 68 R0 pano_camera0/frame_0408_hp_preview.jpg
0.109169 9.146209 1.710839 255 68 68 R0 pano_camera0/frame_0409_hp_preview.jpg
0.210665 9.294718 1.395806 255 68 68 R0 pano_camera0/frame_0410_hp_preview.jpg
0.316064 9.038524 0.834051 255 68 68 R0 pano_camera0/frame_0411_hp_preview.jpg
0.319370 8.984720 0.768697 255 68 68 R0 pano_camera0/frame_0412_hp_preview.jpg
0.360463 8.874993 0.576283 255 68 68 R0 pano_camera0/frame_0413_hp_preview.jpg
0.364827 8.896312 0.574428 255 68 68 R0 pano_camera0/frame_0414_hp_preview.jpg
0.364864 8.897558 0.576103 255 68 68 R0 pano_camera0/frame_0415_hp_preview.jpg
0.360628 8.894600 0.573212 255 68 68 R0 pano_camera0/frame_0416_hp_preview.jpg
-1.775599 2.013698 1.406208 255 68 68 R0 pano_camera1/frame_0140_hp_preview.jpg
-1.804428 1.871878 1.514223 255 68 68 R0 pano_camera1/frame_0141_hp_preview.jpg
-1.872132 1.627692 1.717593 255 68 68 R0 pano_camera1/frame_0142_hp_preview.jpg
-1.902122 1.460776 1.792248 255 68 68 R0 pano_camera1/frame_0143_hp_preview.jpg
-1.880629 1.291672 1.723412 255 68 68 R0 pano_camera1/frame_0144_hp_preview.jpg
-1.836634 1.254143 1.546525 255 68 68 R0 pano_camera1/frame_0145_hp_preview.jpg
-1.862885 2.087013 1.836277 255 68 68 R0 pano_camera1/frame_0157_hp_preview.jpg
-1.875677 2.213309 1.937510 255 68 68 R0 pano_camera1/frame_0158_hp_preview.jpg
-1.892030 2.250261 2.039272 255 68 68 R0 pano_camera1/frame_0159_hp_preview.jpg
-2.035555 2.426377 2.656353 255 68 68 R0 pano_camera1/frame_0160_hp_preview.jpg
-2.091860 2.601548 2.935318 255 68 68 R0 pano_camera1/frame_0161_hp_preview.jpg
-2.136511 2.865530 3.255980 255 68 68 R0 pano_camera1/frame_0162_hp_preview.jpg
-2.160981 3.052040 3.438151 255 68 68 R0 pano_camera1/frame_0163_hp_preview.jpg
-2.176956 3.257938 3.606586 255 68 68 R0 pano_camera1/frame_0164_hp_preview.jpg
-2.156539 3.653069 3.645881 255 68 68 R0 pano_camera1/frame_0165_hp_preview.jpg
-2.120535 3.828301 3.537943 255 68 68 R0 pano_camera1/frame_0166_hp_preview.jpg
-2.023458 4.114560 3.223314 255 68 68 R0 pano_camera1/frame_0167_hp_preview.jpg
-1.940321 4.108316 2.842085 255 68 68 R0 pano_camera1/frame_0168_hp_preview.jpg
-1.906297 4.032015 2.720821 255 68 68 R0 pano_camera1/frame_0169_hp_preview.jpg
-1.818189 3.564419 2.134367 255 68 68 R0 pano_camera1/frame_0170_hp_preview.jpg
-1.791501 3.499692 2.061026 255 68 68 R0 pano_camera1/frame_0171_hp_preview.jpg
-1.744326 3.202274 1.699152 255 68 68 R0 pano_camera1/frame_0172_hp_preview.jpg
-1.650722 3.169529 1.323972 255 68 68 R0 pano_camera1/frame_0173_hp_preview.jpg
-1.557818 3.410673 1.027785 255 68 68 R0 pano_camera1/frame_0174_hp_preview.jpg
-1.553289 3.420137 1.024341 255 68 68 R0 pano_camera1/frame_0175_hp_preview.jpg
-1.519377 3.858783 0.987853 255 68 68 R0 pano_camera1/frame_0176_hp_preview.jpg
-1.511264 4.094328 1.068613 255 68 68 R0 pano_camera1/frame_0177_hp_preview.jpg
-1.497271 4.549892 1.145421 255 68 68 R0 pano_camera1/frame_0178_hp_preview.jpg
-1.423222 4.897043 0.948004 255 68 68 R0 pano_camera1/frame_0179_hp_preview.jpg
-1.377485 4.961437 0.766253 255 68 68 R0 pano_camera1/frame_0180_hp_preview.jpg
-1.342265 4.859372 0.516102 255 68 68 R0 pano_camera1/frame_0181_hp_preview.jpg
-1.315456 4.684995 0.334345 255 68 68 R0 pano_camera1/frame_0182_hp_preview.jpg
-1.240863 4.498968 -0.000685 255 68 68 R0 pano_camera1/frame_0183_hp_preview.jpg
-1.210613 4.667152 -0.127045 255 68 68 R0 pano_camera1/frame_0184_hp_preview.jpg
-1.214262 4.813626 -0.059638 255 68 68 R0 pano_camera1/frame_0185_hp_preview.jpg
-1.244050 4.988379 0.103371 255 68 68 R0 pano_camera1/frame_0186_hp_preview.jpg
-1.266197 5.169363 0.260317 255 68 68 R0 pano_camera1/frame_0187_hp_preview.jpg
-1.274950 5.453797 0.400969 255 68 68 R0 pano_camera1/frame_0188_hp_preview.jpg
-1.240240 5.764378 0.355704 255 68 68 R0 pano_camera1/frame_0189_hp_preview.jpg
-1.228989 5.796779 0.342576 255 68 68 R0 pano_camera1/frame_0190_hp_preview.jpg
-1.169704 5.987112 0.157564 255 68 68 R0 pano_camera1/frame_0191_hp_preview.jpg
-1.082536 6.030740 -0.188942 255 68 68 R0 pano_camera1/frame_0192_hp_preview.jpg
-1.036758 5.930198 -0.450152 255 68 68 R0 pano_camera1/frame_0193_hp_preview.jpg
-0.990040 5.745651 -0.754275 255 68 68 R0 pano_camera1/frame_0194_hp_preview.jpg
-0.941529 5.632964 -0.976655 255 68 68 R0 pano_camera1/frame_0195_hp_preview.jpg
-0.904339 5.685324 -1.173037 255 68 68 R0 pano_camera1/frame_0196_hp_preview.jpg
-0.806401 5.926027 -1.505693 255 68 68 R0 pano_camera1/frame_0197_hp_preview.jpg
-0.661228 6.354682 -1.916661 255 68 68 R0 pano_camera1/frame_0198_hp_preview.jpg
-0.617891 6.480020 -2.036767 255 68 68 R0 pano_camera1/frame_0199_hp_preview.jpg
-0.425369 7.160905 -2.495973 255 68 68 R0 pano_camera1/frame_0200_hp_preview.jpg
-0.359813 7.160775 -2.577606 255 68 68 R0 pano_camera1/frame_0201_hp_preview.jpg
-0.723046 7.056778 -1.397418 255 68 68 R0 pano_camera1/frame_0226_hp_preview.jpg
-0.993328 7.508734 -0.089965 255 68 68 R0 pano_camera1/frame_0240_hp_preview.jpg
-1.016782 7.487105 -0.030134 255 68 68 R0 pano_camera1/frame_0241_hp_preview.jpg
-1.082827 7.557533 0.249674 255 68 68 R0 pano_camera1/frame_0242_hp_preview.jpg
-1.128980 7.421974 0.390266 255 68 68 R0 pano_camera1/frame_0243_hp_preview.jpg
-1.137556 7.212568 0.347210 255 68 68 R0 pano_camera1/frame_0244_hp_preview.jpg
-1.149860 7.108330 0.350046 255 68 68 R0 pano_camera1/frame_0245_hp_preview.jpg
-1.201536 6.833667 0.369209 255 68 68 R0 pano_camera1/frame_0246_hp_preview.jpg
-1.182979 6.715744 0.282436 255 68 68 R0 pano_camera1/frame_0247_hp_preview.jpg
-1.214158 6.394598 0.311208 255 68 68 R0 pano_camera1/frame_0248_hp_preview.jpg
-1.222425 6.357152 0.325305 255 68 68 R0 pano_camera1/frame_0249_hp_preview.jpg
-1.355947 5.681552 0.695038 255 68 68 R0 pano_camera1/frame_0250_hp_preview.jpg
-1.360049 5.670240 0.702538 255 68 68 R0 pano_camera1/frame_0251_hp_preview.jpg
-1.461533 5.319801 1.072599 255 68 68 R0 pano_camera1/frame_0252_hp_preview.jpg
-1.576693 5.108626 1.577784 255 68 68 R0 pano_camera1/frame_0253_hp_preview.jpg
-1.630120 5.339325 1.929742 255 68 68 R0 pano_camera1/frame_0254_hp_preview.jpg
-1.632698 5.381124 1.939830 255 68 68 R0 pano_camera1/frame_0255_hp_preview.jpg
-1.494007 5.847774 1.661189 255 68 68 R0 pano_camera1/frame_0256_hp_preview.jpg
-1.325361 5.988696 1.539188 255 68 68 R0 pano_camera1/frame_0257_hp_preview.jpg
-1.228751 6.040100 1.499912 255 68 68 R0 pano_camera1/frame_0258_hp_preview.jpg
-1.125287 6.127265 1.407887 255 68 68 R0 pano_camera1/frame_0259_hp_preview.jpg
-0.812726 6.322189 1.225186 255 68 68 R0 pano_camera1/frame_0260_hp_preview.jpg
-0.808514 6.325365 1.220098 255 68 68 R0 pano_camera1/frame_0261_hp_preview.jpg
-0.488319 6.549927 1.053207 255 68 68 R0 pano_camera1/frame_0262_hp_preview.jpg
-0.477284 6.560506 1.050286 255 68 68 R0 pano_camera1/frame_0263_hp_preview.jpg
-0.301807 6.671805 0.963972 255 68 68 R0 pano_camera1/frame_0264_hp_preview.jpg
-0.075211 6.845286 0.826427 255 68 68 R0 pano_camera1/frame_0265_hp_preview.jpg
0.109788 6.908709 0.644629 255 68 68 R0 pano_camera1/frame_0266_hp_preview.jpg
0.231640 6.915228 0.458356 255 68 68 R0 pano_camera1/frame_0267_hp_preview.jpg
0.272195 6.742926 0.206725 255 68 68 R0 pano_camera1/frame_0268_hp_preview.jpg
0.349605 6.415271 -0.192109 255 68 68 R0 pano_camera1/frame_0269_hp_preview.jpg
0.395980 6.247676 -0.361630 255 68 68 R0 pano_camera1/frame_0270_hp_preview.jpg
0.436652 5.914249 -0.663080 255 68 68 R0 pano_camera1/frame_0271_hp_preview.jpg
0.484969 5.605737 -0.947186 255 68 68 R0 pano_camera1/frame_0272_hp_preview.jpg
0.521907 5.440716 -1.110060 255 68 68 R0 pano_camera1/frame_0273_hp_preview.jpg
0.598671 4.910319 -1.619044 255 68 68 R0 pano_camera1/frame_0274_hp_preview.jpg
0.613316 4.858962 -1.680126 255 68 68 R0 pano_camera1/frame_0275_hp_preview.jpg
0.685233 4.434771 -2.100161 255 68 68 R0 pano_camera1/frame_0276_hp_preview.jpg
0.714901 4.312003 -2.239585 255 68 68 R0 pano_camera1/frame_0277_hp_preview.jpg
0.810669 3.943757 -2.682363 255 68 68 R0 pano_camera1/frame_0278_hp_preview.jpg
0.838421 3.728557 -2.877841 255 68 68 R0 pano_camera1/frame_0279_hp_preview.jpg
0.937931 3.207650 -3.435941 255 68 68 R0 pano_camera1/frame_0280_hp_preview.jpg
0.950583 3.105782 -3.530175 255 68 68 R0 pano_camera1/frame_0281_hp_preview.jpg
0.976162 2.973795 -3.698762 255 68 68 R0 pano_camera1/frame_0282_hp_preview.jpg
1.026606 2.924149 -3.935679 255 68 68 R0 pano_camera1/frame_0283_hp_preview.jpg
1.117336 3.147092 -4.287886 255 68 68 R0 pano_camera1/frame_0284_hp_preview.jpg
1.122836 3.187174 -4.309143 255 68 68 R0 pano_camera1/frame_0285_hp_preview.jpg
1.181463 3.463954 -4.474219 255 68 68 R0 pano_camera1/frame_0286_hp_preview.jpg
1.205902 3.662338 -4.452239 255 68 68 R0 pano_camera1/frame_0287_hp_preview.jpg
1.229431 3.922185 -4.430488 255 68 68 R0 pano_camera1/frame_0288_hp_preview.jpg
1.259367 4.084115 -4.482208 255 68 68 R0 pano_camera1/frame_0289_hp_preview.jpg
1.322459 4.219075 -4.713689 255 68 68 R0 pano_camera1/frame_0290_hp_preview.jpg
1.447184 4.379181 -5.231862 255 68 68 R0 pano_camera1/frame_0291_hp_preview.jpg
1.500200 4.468450 -5.428448 255 68 68 R0 pano_camera1/frame_0292_hp_preview.jpg
1.539118 4.531741 -5.595016 255 68 68 R0 pano_camera1/frame_0293_hp_preview.jpg
1.650103 5.040550 -5.967912 255 68 68 R0 pano_camera1/frame_0294_hp_preview.jpg
1.656252 5.091540 -5.972743 255 68 68 R0 pano_camera1/frame_0295_hp_preview.jpg
1.627287 5.606143 -5.717836 255 68 68 R0 pano_camera1/frame_0296_hp_preview.jpg
1.554351 5.664245 -5.370106 255 68 68 R0 pano_camera1/frame_0297_hp_preview.jpg
1.470453 5.656034 -5.070243 255 68 68 R0 pano_camera1/frame_0298_hp_preview.jpg
1.419025 5.639179 -4.833859 255 68 68 R0 pano_camera1/frame_0299_hp_preview.jpg
1.315307 5.615583 -4.382948 255 68 68 R0 pano_camera1/frame_0300_hp_preview.jpg
1.224834 5.581799 -4.077577 255 68 68 R0 pano_camera1/frame_0301_hp_preview.jpg
1.143069 5.514438 -3.772885 255 68 68 R0 pano_camera1/frame_0302_hp_preview.jpg
1.046613 5.349181 -3.362451 255 68 68 R0 pano_camera1/frame_0303_hp_preview.jpg
0.986693 5.274191 -3.154114 255 68 68 R0 pano_camera1/frame_0304_hp_preview.jpg
0.852864 5.149617 -2.654240 255 68 68 R0 pano_camera1/frame_0305_hp_preview.jpg
0.721257 5.150453 -2.141408 255 68 68 R0 pano_camera1/frame_0306_hp_preview.jpg
0.640445 5.209871 -1.808459 255 68 68 R0 pano_camera1/frame_0307_hp_preview.jpg
0.629752 5.245630 -1.727092 255 68 68 R0 pano_camera1/frame_0308_hp_preview.jpg
0.579130 5.593046 -1.402662 255 68 68 R0 pano_camera1/frame_0309_hp_preview.jpg
0.611726 6.056841 -1.345288 255 68 68 R0 pano_camera1/frame_0310_hp_preview.jpg
0.661383 6.311729 -1.531504 255 68 68 R0 pano_camera1/frame_0311_hp_preview.jpg
0.778462 6.525945 -1.907204 255 68 68 R0 pano_camera1/frame_0312_hp_preview.jpg
0.856568 6.629516 -2.198444 255 68 68 R0 pano_camera1/frame_0313_hp_preview.jpg
0.924576 6.695283 -2.465980 255 68 68 R0 pano_camera1/frame_0314_hp_preview.jpg
1.094790 6.873565 -3.114585 255 68 68 R0 pano_camera1/frame_0315_hp_preview.jpg
1.110877 6.890913 -3.160280 255 68 68 R0 pano_camera1/frame_0316_hp_preview.jpg
1.210592 7.055915 -3.568647 255 68 68 R0 pano_camera1/frame_0317_hp_preview.jpg
1.306863 7.377238 -3.914588 255 68 68 R0 pano_camera1/frame_0318_hp_preview.jpg
1.315466 7.504047 -3.907660 255 68 68 R0 pano_camera1/frame_0319_hp_preview.jpg
1.327028 7.832675 -3.765146 255 68 68 R0 pano_camera1/frame_0320_hp_preview.jpg
1.236969 8.295658 -3.234251 255 68 68 R0 pano_camera1/frame_0321_hp_preview.jpg
1.229705 8.319839 -3.199562 255 68 68 R0 pano_camera1/frame_0322_hp_preview.jpg
1.110707 8.381042 -2.738049 255 68 68 R0 pano_camera1/frame_0323_hp_preview.jpg
1.003727 8.268136 -2.284535 255 68 68 R0 pano_camera1/frame_0324_hp_preview.jpg
0.985108 8.269315 -2.238840 255 68 68 R0 pano_camera1/frame_0325_hp_preview.jpg
0.881943 8.432753 -1.778491 255 68 68 R0 pano_camera1/frame_0326_hp_preview.jpg
0.878270 8.689847 -1.696733 255 68 68 R0 pano_camera1/frame_0327_hp_preview.jpg
0.901947 8.827154 -1.715530 255 68 68 R0 pano_camera1/frame_0328_hp_preview.jpg
0.946467 9.034339 -1.822194 255 68 68 R0 pano_camera1/frame_0329_hp_preview.jpg
0.997069 9.399746 -1.901817 255 68 68 R0 pano_camera1/frame_0330_hp_preview.jpg
0.978824 9.504783 -1.800693 255 68 68 R0 pano_camera1/frame_0331_hp_preview.jpg
0.867244 9.308911 -1.436943 255 68 68 R0 pano_camera1/frame_0332_hp_preview.jpg
0.822219 9.124612 -1.336944 255 68 68 R0 pano_camera1/frame_0333_hp_preview.jpg
0.741110 8.827586 -1.099973 255 68 68 R0 pano_camera1/frame_0334_hp_preview.jpg
0.697237 8.705589 -0.940767 255 68 68 R0 pano_camera1/frame_0335_hp_preview.jpg
0.637699 8.562033 -0.772561 255 68 68 R0 pano_camera1/frame_0336_hp_preview.jpg
0.511121 8.284587 -0.361021 255 68 68 R0 pano_camera1/frame_0337_hp_preview.jpg
0.454703 8.148058 -0.151940 255 68 68 R0 pano_camera1/frame_0338_hp_preview.jpg
0.293449 7.840643 0.407380 255 68 68 R0 pano_camera1/frame_0339_hp_preview.jpg
0.218101 7.696661 0.790931 255 68 68 R0 pano_camera1/frame_0340_hp_preview.jpg
0.185409 7.652266 0.888134 255 68 68 R0 pano_camera1/frame_0341_hp_preview.jpg
0.109623 7.489731 1.165558 255 68 68 R0 pano_camera1/frame_0342_hp_preview.jpg
0.022314 7.217497 1.473547 255 68 68 R0 pano_camera1/frame_0343_hp_preview.jpg
-0.050883 7.220377 1.816383 255 68 68 R0 pano_camera1/frame_0344_hp_preview.jpg
-0.019814 7.479620 1.769265 255 68 68 R0 pano_camera1/frame_0345_hp_preview.jpg
0.027430 7.696619 1.615701 255 68 68 R0 pano_camera1/frame_0346_hp_preview.jpg
0.079795 7.821439 1.428626 255 68 68 R0 pano_camera1/frame_0347_hp_preview.jpg
0.140278 7.971947 1.222958 255 68 68 R0 pano_camera1/frame_0348_hp_preview.jpg
0.271612 8.330273 0.733470 255 68 68 R0 pano_camera1/frame_0349_hp_preview.jpg
0.316280 8.550614 0.554944 255 68 68 R0 pano_camera1/frame_0350_hp_preview.jpg
0.353273 8.721178 0.431178 255 68 68 R0 pano_camera1/frame_0351_hp_preview.jpg
0.422107 9.181943 0.292640 255 68 68 R0 pano_camera1/frame_0352_hp_preview.jpg
0.451835 9.404513 0.293764 255 68 68 R0 pano_camera1/frame_0353_hp_preview.jpg
0.512919 9.780855 0.174929 255 68 68 R0 pano_camera1/frame_0354_hp_preview.jpg
0.571472 9.914913 0.021449 255 68 68 R0 pano_camera1/frame_0355_hp_preview.jpg
0.675572 9.885369 -0.390749 255 68 68 R0 pano_camera1/frame_0356_hp_preview.jpg
0.727720 9.848165 -0.684138 255 68 68 R0 pano_camera1/frame_0357_hp_preview.jpg
0.727552 9.815852 -0.774086 255 68 68 R0 pano_camera1/frame_0358_hp_preview.jpg
0.722936 9.787963 -0.802530 255 68 68 R0 pano_camera1/frame_0359_hp_preview.jpg
0.740917 9.834730 -0.798642 255 68 68 R0 pano_camera1/frame_0360_hp_preview.jpg
0.740906 9.835410 -0.802922 255 68 68 R0 pano_camera1/frame_0361_hp_preview.jpg
0.816739 9.974708 -1.043783 255 68 68 R0 pano_camera1/frame_0362_hp_preview.jpg
0.840539 10.112801 -1.081318 255 68 68 R0 pano_camera1/frame_0363_hp_preview.jpg
0.883723 10.371154 -1.057189 255 68 68 R0 pano_camera1/frame_0364_hp_preview.jpg
0.876151 10.444830 -0.993701 255 68 68 R0 pano_camera1/frame_0365_hp_preview.jpg
0.775499 10.443859 -0.606034 255 68 68 R0 pano_camera1/frame_0366_hp_preview.jpg
0.757143 10.414128 -0.551885 255 68 68 R0 pano_camera1/frame_0367_hp_preview.jpg
0.666909 10.241172 -0.280808 255 68 68 R0 pano_camera1/frame_0368_hp_preview.jpg
0.504122 9.872625 0.278737 255 68 68 R0 pano_camera1/frame_0369_hp_preview.jpg
0.428581 9.861678 0.469649 255 68 68 R0 pano_camera1/frame_0370_hp_preview.jpg
0.430813 9.980471 0.630286 255 68 68 R0 pano_camera1/frame_0371_hp_preview.jpg
0.454924 10.312104 0.613828 255 68 68 R0 pano_camera1/frame_0372_hp_preview.jpg
0.535813 10.590920 0.404967 255 68 68 R0 pano_camera1/frame_0373_hp_preview.jpg
0.644837 11.237073 0.134156 255 68 68 R0 pano_camera1/frame_0374_hp_preview.jpg
0.664525 11.428104 0.150124 255 68 68 R0 pano_camera1/frame_0375_hp_preview.jpg
0.666996 11.639311 0.252804 255 68 68 R0 pano_camera1/frame_0376_hp_preview.jpg
0.657609 11.802144 0.366259 255 68 68 R0 pano_camera1/frame_0377_hp_preview.jpg
0.613745 12.253763 0.811962 255 68 68 R0 pano_camera1/frame_0378_hp_preview.jpg
0.573596 12.352595 0.967601 255 68 68 R0 pano_camera1/frame_0379_hp_preview.jpg
0.522162 12.442394 1.200913 255 68 68 R0 pano_camera1/frame_0380_hp_preview.jpg
0.403914 12.509854 1.201501 255 68 68 R0 pano_camera1/frame_0381_hp_preview.jpg
0.243096 12.526391 1.320931 255 68 68 R0 pano_camera1/frame_0382_hp_preview.jpg
0.376430 12.434890 1.618143 255 68 68 R0 pano_camera1/frame_0383_hp_preview.jpg
0.388809 12.405065 1.615633 255 68 68 R0 pano_camera1/frame_0384_hp_preview.jpg
0.345844 12.222183 1.787915 255 68 68 R0 pano_camera1/frame_0385_hp_preview.jpg
0.236174 11.856223 2.175111 255 68 68 R0 pano_camera1/frame_0386_hp_preview.jpg
0.177754 11.706764 2.369535 255 68 68 R0 pano_camera1/frame_0387_hp_preview.jpg
0.006360 11.183350 2.931045 255 68 68 R0 pano_camera1/frame_0388_hp_preview.jpg
-0.107949 10.819690 3.261376 255 68 68 R0 pano_camera1/frame_0389_hp_preview.jpg
-0.158657 10.659360 3.378052 255 68 68 R0 pano_camera1/frame_0390_hp_preview.jpg
-0.217082 10.226347 3.509426 255 68 68 R0 pano_camera1/frame_0391_hp_preview.jpg
-0.213344 10.148110 3.454751 255 68 68 R0 pano_camera1/frame_0392_hp_preview.jpg
-0.166737 10.210181 3.277701 255 68 68 R0 pano_camera1/frame_0393_hp_preview.jpg
-0.133649 10.397394 3.160361 255 68 68 R0 pano_camera1/frame_0394_hp_preview.jpg
-0.072116 10.716951 2.976344 255 68 68 R0 pano_camera1/frame_0395_hp_preview.jpg
0.015276 10.963273 2.690181 255 68 68 R0 pano_camera1/frame_0396_hp_preview.jpg
0.126383 10.815429 2.260128 255 68 68 R0 pano_camera1/frame_0397_hp_preview.jpg
0.142290 10.692274 2.143072 255 68 68 R0 pano_camera1/frame_0398_hp_preview.jpg
0.131028 10.220364 2.063416 255 68 68 R0 pano_camera1/frame_0399_hp_preview.jpg
0.015784 9.807089 2.352373 255 68 68 R0 pano_camera1/frame_0400_hp_preview.jpg
-0.069806 9.499528 2.604791 255 68 68 R0 pano_camera1/frame_0401_hp_preview.jpg
-0.075939 9.477229 2.619604 255 68 68 R0 pano_camera1/frame_0402_hp_preview.jpg
-0.159877 9.190558 2.862661 255 68 68 R0 pano_camera1/frame_0403_hp_preview.jpg
-0.181361 8.675524 2.788148 255 68 68 R0 pano_camera1/frame_0404_hp_preview.jpg
-0.169566 8.650246 2.757044 255 68 68 R0 pano_camera1/frame_0405_hp_preview.jpg
-0.057813 8.550429 2.297920 255 68 68 R0 pano_camera1/frame_0406_hp_preview.jpg
0.025948 8.854801 1.981951 255 68 68 R0 pano_camera1/frame_0407_hp_preview.jpg
0.079491 9.019688 1.824660 255 68 68 R0 pano_camera1/frame_0408_hp_preview.jpg
0.109169 9.146209 1.710839 255 68 68 R0 pano_camera1/frame_0409_hp_preview.jpg
0.210665 9.294718 1.395806 255 68 68 R0 pano_camera1/frame_0410_hp_preview.jpg
0.316064 9.038524 0.834051 255 68 68 R0 pano_camera1/frame_0411_hp_preview.jpg
0.319370 8.984720 0.768697 255 68 68 R0 pano_camera1/frame_0412_hp_preview.jpg
0.360463 8.874993 0.576283 255 68 68 R0 pano_camera1/frame_0413_hp_preview.jpg
0.364827 8.896312 0.574428 255 68 68 R0 pano_camera1/frame_0414_hp_preview.jpg
0.364864 8.897558 0.576103 255 68 68 R0 pano_camera1/frame_0415_hp_preview.jpg
0.360628 8.894600 0.573212 255 68 68 R0 pano_camera1/frame_0416_hp_preview.jpg
-1.775599 2.013698 1.406208 255 68 68 R0 pano_camera2/frame_0140_hp_preview.jpg
-1.804428 1.871878 1.514223 255 68 68 R0 pano_camera2/frame_0141_hp_preview.jpg
-1.872132 1.627692 1.717593 255 68 68 R0 pano_camera2/frame_0142_hp_preview.jpg
-1.902122 1.460776 1.792248 255 68 68 R0 pano_camera2/frame_0143_hp_preview.jpg
-1.880629 1.291672 1.723412 255 68 68 R0 pano_camera2/frame_0144_hp_preview.jpg
-1.836634 1.254143 1.546525 255 68 68 R0 pano_camera2/frame_0145_hp_preview.jpg
-1.862885 2.087013 1.836277 255 68 68 R0 pano_camera2/frame_0157_hp_preview.jpg
-1.875677 2.213309 1.937510 255 68 68 R0 pano_camera2/frame_0158_hp_preview.jpg
-1.892030 2.250261 2.039272 255 68 68 R0 pano_camera2/frame_0159_hp_preview.jpg
-2.035555 2.426377 2.656353 255 68 68 R0 pano_camera2/frame_0160_hp_preview.jpg
-2.091860 2.601548 2.935318 255 68 68 R0 pano_camera2/frame_0161_hp_preview.jpg
-2.136511 2.865530 3.255980 255 68 68 R0 pano_camera2/frame_0162_hp_preview.jpg
-2.160981 3.052040 3.438151 255 68 68 R0 pano_camera2/frame_0163_hp_preview.jpg
-2.176956 3.257938 3.606586 255 68 68 R0 pano_camera2/frame_0164_hp_preview.jpg
-2.156539 3.653069 3.645881 255 68 68 R0 pano_camera2/frame_0165_hp_preview.jpg
-2.120535 3.828301 3.537943 255 68 68 R0 pano_camera2/frame_0166_hp_preview.jpg
-2.023458 4.114560 3.223314 255 68 68 R0 pano_camera2/frame_0167_hp_preview.jpg
-1.940321 4.108316 2.842085 255 68 68 R0 pano_camera2/frame_0168_hp_preview.jpg
-1.906297 4.032015 2.720821 255 68 68 R0 pano_camera2/frame_0169_hp_preview.jpg
-1.818189 3.564419 2.134367 255 68 68 R0 pano_camera2/frame_0170_hp_preview.jpg
-1.791501 3.499692 2.061026 255 68 68 R0 pano_camera2/frame_0171_hp_preview.jpg
-1.744326 3.202274 1.699152 255 68 68 R0 pano_camera2/frame_0172_hp_preview.jpg
-1.650722 3.169529 1.323972 255 68 68 R0 pano_camera2/frame_0173_hp_preview.jpg
-1.557818 3.410673 1.027785 255 68 68 R0 pano_camera2/frame_0174_hp_preview.jpg
-1.553289 3.420137 1.024341 255 68 68 R0 pano_camera2/frame_0175_hp_preview.jpg
-1.519377 3.858783 0.987853 255 68 68 R0 pano_camera2/frame_0176_hp_preview.jpg
-1.511264 4.094328 1.068613 255 68 68 R0 pano_camera2/frame_0177_hp_preview.jpg
-1.497271 4.549892 1.145421 255 68 68 R0 pano_camera2/frame_0178_hp_preview.jpg
-1.423222 4.897043 0.948004 255 68 68 R0 pano_camera2/frame_0179_hp_preview.jpg
-1.377485 4.961437 0.766253 255 68 68 R0 pano_camera2/frame_0180_hp_preview.jpg
-1.342265 4.859372 0.516102 255 68 68 R0 pano_camera2/frame_0181_hp_preview.jpg
-1.315456 4.684995 0.334345 255 68 68 R0 pano_camera2/frame_0182_hp_preview.jpg
-1.240863 4.498968 -0.000685 255 68 68 R0 pano_camera2/frame_0183_hp_preview.jpg
-1.210613 4.667152 -0.127045 255 68 68 R0 pano_camera2/frame_0184_hp_preview.jpg
-1.214262 4.813626 -0.059638 255 68 68 R0 pano_camera2/frame_0185_hp_preview.jpg
-1.244050 4.988379 0.103371 255 68 68 R0 pano_camera2/frame_0186_hp_preview.jpg
-1.266197 5.169363 0.260317 255 68 68 R0 pano_camera2/frame_0187_hp_preview.jpg
-1.274950 5.453797 0.400969 255 68 68 R0 pano_camera2/frame_0188_hp_preview.jpg
-1.240240 5.764378 0.355704 255 68 68 R0 pano_camera2/frame_0189_hp_preview.jpg
-1.228989 5.796779 0.342576 255 68 68 R0 pano_camera2/frame_0190_hp_preview.jpg
-1.169704 5.987112 0.157564 255 68 68 R0 pano_camera2/frame_0191_hp_preview.jpg
-1.082536 6.030740 -0.188942 255 68 68 R0 pano_camera2/frame_0192_hp_preview.jpg
-1.036758 5.930198 -0.450152 255 68 68 R0 pano_camera2/frame_0193_hp_preview.jpg
-0.990040 5.745651 -0.754275 255 68 68 R0 pano_camera2/frame_0194_hp_preview.jpg
-0.941529 5.632964 -0.976655 255 68 68 R0 pano_camera2/frame_0195_hp_preview.jpg
-0.904339 5.685324 -1.173037 255 68 68 R0 pano_camera2/frame_0196_hp_preview.jpg
-0.806401 5.926027 -1.505693 255 68 68 R0 pano_camera2/frame_0197_hp_preview.jpg
-0.661228 6.354682 -1.916661 255 68 68 R0 pano_camera2/frame_0198_hp_preview.jpg
-0.617891 6.480020 -2.036767 255 68 68 R0 pano_camera2/frame_0199_hp_preview.jpg
-0.425369 7.160905 -2.495973 255 68 68 R0 pano_camera2/frame_0200_hp_preview.jpg
-0.359813 7.160775 -2.577606 255 68 68 R0 pano_camera2/frame_0201_hp_preview.jpg
-0.723046 7.056778 -1.397418 255 68 68 R0 pano_camera2/frame_0226_hp_preview.jpg
-0.993328 7.508734 -0.089965 255 68 68 R0 pano_camera2/frame_0240_hp_preview.jpg
-1.016782 7.487105 -0.030134 255 68 68 R0 pano_camera2/frame_0241_hp_preview.jpg
-1.082827 7.557533 0.249674 255 68 68 R0 pano_camera2/frame_0242_hp_preview.jpg
-1.128980 7.421974 0.390266 255 68 68 R0 pano_camera2/frame_0243_hp_preview.jpg
-1.137556 7.212568 0.347210 255 68 68 R0 pano_camera2/frame_0244_hp_preview.jpg
-1.149860 7.108330 0.350046 255 68 68 R0 pano_camera2/frame_0245_hp_preview.jpg
-1.201536 6.833667 0.369209 255 68 68 R0 pano_camera2/frame_0246_hp_preview.jpg
-1.182979 6.715744 0.282436 255 68 68 R0 pano_camera2/frame_0247_hp_preview.jpg
-1.214158 6.394598 0.311208 255 68 68 R0 pano_camera2/frame_0248_hp_preview.jpg
-1.222425 6.357152 0.325305 255 68 68 R0 pano_camera2/frame_0249_hp_preview.jpg
-1.355947 5.681552 0.695038 255 68 68 R0 pano_camera2/frame_0250_hp_preview.jpg
-1.360049 5.670240 0.702538 255 68 68 R0 pano_camera2/frame_0251_hp_preview.jpg
-1.461533 5.319801 1.072599 255 68 68 R0 pano_camera2/frame_0252_hp_preview.jpg
-1.576693 5.108626 1.577784 255 68 68 R0 pano_camera2/frame_0253_hp_preview.jpg
-1.630120 5.339325 1.929742 255 68 68 R0 pano_camera2/frame_0254_hp_preview.jpg
-1.632698 5.381124 1.939830 255 68 68 R0 pano_camera2/frame_0255_hp_preview.jpg
-1.494007 5.847774 1.661189 255 68 68 R0 pano_camera2/frame_0256_hp_preview.jpg
-1.325361 5.988696 1.539188 255 68 68 R0 pano_camera2/frame_0257_hp_preview.jpg
-1.228751 6.040100 1.499912 255 68 68 R0 pano_camera2/frame_0258_hp_preview.jpg
-1.125287 6.127265 1.407887 255 68 68 R0 pano_camera2/frame_0259_hp_preview.jpg
-0.812726 6.322189 1.225186 255 68 68 R0 pano_camera2/frame_0260_hp_preview.jpg
-0.808514 6.325365 1.220098 255 68 68 R0 pano_camera2/frame_0261_hp_preview.jpg
-0.488319 6.549927 1.053207 255 68 68 R0 pano_camera2/frame_0262_hp_preview.jpg
-0.477284 6.560506 1.050286 255 68 68 R0 pano_camera2/frame_0263_hp_preview.jpg
-0.301807 6.671805 0.963972 255 68 68 R0 pano_camera2/frame_0264_hp_preview.jpg
-0.075211 6.845286 0.826427 255 68 68 R0 pano_camera2/frame_0265_hp_preview.jpg
0.109788 6.908709 0.644629 255 68 68 R0 pano_camera2/frame_0266_hp_preview.jpg
0.231640 6.915228 0.458356 255 68 68 R0 pano_camera2/frame_0267_hp_preview.jpg
0.272195 6.742926 0.206725 255 68 68 R0 pano_camera2/frame_0268_hp_preview.jpg
0.349605 6.415271 -0.192109 255 68 68 R0 pano_camera2/frame_0269_hp_preview.jpg
0.395980 6.247676 -0.361630 255 68 68 R0 pano_camera2/frame_0270_hp_preview.jpg
0.436652 5.914249 -0.663080 255 68 68 R0 pano_camera2/frame_0271_hp_preview.jpg
0.484969 5.605737 -0.947186 255 68 68 R0 pano_camera2/frame_0272_hp_preview.jpg
0.521907 5.440716 -1.110060 255 68 68 R0 pano_camera2/frame_0273_hp_preview.jpg
0.598671 4.910319 -1.619044 255 68 68 R0 pano_camera2/frame_0274_hp_preview.jpg
0.613316 4.858962 -1.680126 255 68 68 R0 pano_camera2/frame_0275_hp_preview.jpg
0.685233 4.434771 -2.100161 255 68 68 R0 pano_camera2/frame_0276_hp_preview.jpg
0.714901 4.312003 -2.239585 255 68 68 R0 pano_camera2/frame_0277_hp_preview.jpg
0.810669 3.943757 -2.682363 255 68 68 R0 pano_camera2/frame_0278_hp_preview.jpg
0.838421 3.728557 -2.877841 255 68 68 R0 pano_camera2/frame_0279_hp_preview.jpg
0.937931 3.207650 -3.435941 255 68 68 R0 pano_camera2/frame_0280_hp_preview.jpg
0.950583 3.105782 -3.530175 255 68 68 R0 pano_camera2/frame_0281_hp_preview.jpg
0.976162 2.973795 -3.698762 255 68 68 R0 pano_camera2/frame_0282_hp_preview.jpg
1.026606 2.924149 -3.935679 255 68 68 R0 pano_camera2/frame_0283_hp_preview.jpg
1.117336 3.147092 -4.287886 255 68 68 R0 pano_camera2/frame_0284_hp_preview.jpg
1.122836 3.187174 -4.309143 255 68 68 R0 pano_camera2/frame_0285_hp_preview.jpg
1.181463 3.463954 -4.474219 255 68 68 R0 pano_camera2/frame_0286_hp_preview.jpg
1.205902 3.662338 -4.452239 255 68 68 R0 pano_camera2/frame_0287_hp_preview.jpg
1.229431 3.922185 -4.430488 255 68 68 R0 pano_camera2/frame_0288_hp_preview.jpg
1.259367 4.084115 -4.482208 255 68 68 R0 pano_camera2/frame_0289_hp_preview.jpg
1.322459 4.219075 -4.713689 255 68 68 R0 pano_camera2/frame_0290_hp_preview.jpg
1.447184 4.379181 -5.231862 255 68 68 R0 pano_camera2/frame_0291_hp_preview.jpg
1.500200 4.468450 -5.428448 255 68 68 R0 pano_camera2/frame_0292_hp_preview.jpg
1.539118 4.531741 -5.595016 255 68 68 R0 pano_camera2/frame_0293_hp_preview.jpg
1.650103 5.040550 -5.967912 255 68 68 R0 pano_camera2/frame_0294_hp_preview.jpg
1.656252 5.091540 -5.972743 255 68 68 R0 pano_camera2/frame_0295_hp_preview.jpg
1.627287 5.606143 -5.717836 255 68 68 R0 pano_camera2/frame_0296_hp_preview.jpg
1.554351 5.664245 -5.370106 255 68 68 R0 pano_camera2/frame_0297_hp_preview.jpg
1.470453 5.656034 -5.070243 255 68 68 R0 pano_camera2/frame_0298_hp_preview.jpg
1.419025 5.639179 -4.833859 255 68 68 R0 pano_camera2/frame_0299_hp_preview.jpg
1.315307 5.615583 -4.382948 255 68 68 R0 pano_camera2/frame_0300_hp_preview.jpg
1.224834 5.581799 -4.077577 255 68 68 R0 pano_camera2/frame_0301_hp_preview.jpg
1.143069 5.514438 -3.772885 255 68 68 R0 pano_camera2/frame_0302_hp_preview.jpg
1.046613 5.349181 -3.362451 255 68 68 R0 pano_camera2/frame_0303_hp_preview.jpg
0.986693 5.274191 -3.154114 255 68 68 R0 pano_camera2/frame_0304_hp_preview.jpg
0.852864 5.149617 -2.654240 255 68 68 R0 pano_camera2/frame_0305_hp_preview.jpg
0.721257 5.150453 -2.141408 255 68 68 R0 pano_camera2/frame_0306_hp_preview.jpg
0.640445 5.209871 -1.808459 255 68 68 R0 pano_camera2/frame_0307_hp_preview.jpg
0.629752 5.245630 -1.727092 255 68 68 R0 pano_camera2/frame_0308_hp_preview.jpg
0.579130 5.593046 -1.402662 255 68 68 R0 pano_camera2/frame_0309_hp_preview.jpg
0.611726 6.056841 -1.345288 255 68 68 R0 pano_camera2/frame_0310_hp_preview.jpg
0.661383 6.311729 -1.531504 255 68 68 R0 pano_camera2/frame_0311_hp_preview.jpg
0.778462 6.525945 -1.907204 255 68 68 R0 pano_camera2/frame_0312_hp_preview.jpg
0.856568 6.629516 -2.198444 255 68 68 R0 pano_camera2/frame_0313_hp_preview.jpg
0.924576 6.695283 -2.465980 255 68 68 R0 pano_camera2/frame_0314_hp_preview.jpg
1.094790 6.873565 -3.114585 255 68 68 R0 pano_camera2/frame_0315_hp_preview.jpg
1.110877 6.890913 -3.160280 255 68 68 R0 pano_camera2/frame_0316_hp_preview.jpg
1.210592 7.055915 -3.568647 255 68 68 R0 pano_camera2/frame_0317_hp_preview.jpg
1.306863 7.377238 -3.914588 255 68 68 R0 pano_camera2/frame_0318_hp_preview.jpg
1.315466 7.504047 -3.907660 255 68 68 R0 pano_camera2/frame_0319_hp_preview.jpg
1.327028 7.832675 -3.765146 255 68 68 R0 pano_camera2/frame_0320_hp_preview.jpg
1.236969 8.295658 -3.234251 255 68 68 R0 pano_camera2/frame_0321_hp_preview.jpg
1.229705 8.319839 -3.199562 255 68 68 R0 pano_camera2/frame_0322_hp_preview.jpg
1.110707 8.381042 -2.738049 255 68 68 R0 pano_camera2/frame_0323_hp_preview.jpg
1.003727 8.268136 -2.284535 255 68 68 R0 pano_camera2/frame_0324_hp_preview.jpg
0.985108 8.269315 -2.238840 255 68 68 R0 pano_camera2/frame_0325_hp_preview.jpg
0.881943 8.432753 -1.778491 255 68 68 R0 pano_camera2/frame_0326_hp_preview.jpg
0.878270 8.689847 -1.696733 255 68 68 R0 pano_camera2/frame_0327_hp_preview.jpg
0.901947 8.827154 -1.715530 255 68 68 R0 pano_camera2/frame_0328_hp_preview.jpg
0.946467 9.034339 -1.822194 255 68 68 R0 pano_camera2/frame_0329_hp_preview.jpg
0.997069 9.399746 -1.901817 255 68 68 R0 pano_camera2/frame_0330_hp_preview.jpg
0.978824 9.504783 -1.800693 255 68 68 R0 pano_camera2/frame_0331_hp_preview.jpg
0.867244 9.308911 -1.436943 255 68 68 R0 pano_camera2/frame_0332_hp_preview.jpg
0.822219 9.124612 -1.336944 255 68 68 R0 pano_camera2/frame_0333_hp_preview.jpg
0.741110 8.827586 -1.099973 255 68 68 R0 pano_camera2/frame_0334_hp_preview.jpg
0.697237 8.705589 -0.940767 255 68 68 R0 pano_camera2/frame_0335_hp_preview.jpg
0.637699 8.562033 -0.772561 255 68 68 R0 pano_camera2/frame_0336_hp_preview.jpg
0.511121 8.284587 -0.361021 255 68 68 R0 pano_camera2/frame_0337_hp_preview.jpg
0.454703 8.148058 -0.151940 255 68 68 R0 pano_camera2/frame_0338_hp_preview.jpg
0.293449 7.840643 0.407380 255 68 68 R0 pano_camera2/frame_0339_hp_preview.jpg
0.218101 7.696661 0.790931 255 68 68 R0 pano_camera2/frame_0340_hp_preview.jpg
0.185409 7.652266 0.888134 255 68 68 R0 pano_camera2/frame_0341_hp_preview.jpg
0.109623 7.489731 1.165558 255 68 68 R0 pano_camera2/frame_0342_hp_preview.jpg
0.022314 7.217497 1.473547 255 68 68 R0 pano_camera2/frame_0343_hp_preview.jpg
-0.050883 7.220377 1.816383 255 68 68 R0 pano_camera2/frame_0344_hp_preview.jpg
-0.019814 7.479620 1.769265 255 68 68 R0 pano_camera2/frame_0345_hp_preview.jpg
0.027430 7.696619 1.615701 255 68 68 R0 pano_camera2/frame_0346_hp_preview.jpg
0.079795 7.821439 1.428626 255 68 68 R0 pano_camera2/frame_0347_hp_preview.jpg
0.140278 7.971947 1.222958 255 68 68 R0 pano_camera2/frame_0348_hp_preview.jpg
0.271612 8.330273 0.733470 255 68 68 R0 pano_camera2/frame_0349_hp_preview.jpg
0.316280 8.550614 0.554944 255 68 68 R0 pano_camera2/frame_0350_hp_preview.jpg
0.353273 8.721178 0.431178 255 68 68 R0 pano_camera2/frame_0351_hp_preview.jpg
0.422107 9.181943 0.292640 255 68 68 R0 pano_camera2/frame_0352_hp_preview.jpg
0.451835 9.404513 0.293764 255 68 68 R0 pano_camera2/frame_0353_hp_preview.jpg
0.512919 9.780855 0.174929 255 68 68 R0 pano_camera2/frame_0354_hp_preview.jpg
0.571472 9.914913 0.021449 255 68 68 R0 pano_camera2/frame_0355_hp_preview.jpg
0.675572 9.885369 -0.390749 255 68 68 R0 pano_camera2/frame_0356_hp_preview.jpg
0.727720 9.848165 -0.684138 255 68 68 R0 pano_camera2/frame_0357_hp_preview.jpg
0.727552 9.815852 -0.774086 255 68 68 R0 pano_camera2/frame_0358_hp_preview.jpg
0.722936 9.787963 -0.802530 255 68 68 R0 pano_camera2/frame_0359_hp_preview.jpg
0.740917 9.834730 -0.798642 255 68 68 R0 pano_camera2/frame_0360_hp_preview.jpg
0.740906 9.835410 -0.802922 255 68 68 R0 pano_camera2/frame_0361_hp_preview.jpg
0.816739 9.974708 -1.043783 255 68 68 R0 pano_camera2/frame_0362_hp_preview.jpg
0.840539 10.112801 -1.081318 255 68 68 R0 pano_camera2/frame_0363_hp_preview.jpg
0.883723 10.371154 -1.057189 255 68 68 R0 pano_camera2/frame_0364_hp_preview.jpg
0.876151 10.444830 -0.993701 255 68 68 R0 pano_camera2/frame_0365_hp_preview.jpg
0.775499 10.443859 -0.606034 255 68 68 R0 pano_camera2/frame_0366_hp_preview.jpg
0.757143 10.414128 -0.551885 255 68 68 R0 pano_camera2/frame_0367_hp_preview.jpg
0.666909 10.241172 -0.280808 255 68 68 R0 pano_camera2/frame_0368_hp_preview.jpg
0.504122 9.872625 0.278737 255 68 68 R0 pano_camera2/frame_0369_hp_preview.jpg
0.428581 9.861678 0.469649 255 68 68 R0 pano_camera2/frame_0370_hp_preview.jpg
0.430813 9.980471 0.630286 255 68 68 R0 pano_camera2/frame_0371_hp_preview.jpg
0.454924 10.312104 0.613828 255 68 68 R0 pano_camera2/frame_0372_hp_preview.jpg
0.535813 10.590920 0.404967 255 68 68 R0 pano_camera2/frame_0373_hp_preview.jpg
0.644837 11.237073 0.134156 255 68 68 R0 pano_camera2/frame_0374_hp_preview.jpg
0.664525 11.428104 0.150124 255 68 68 R0 pano_camera2/frame_0375_hp_preview.jpg
0.666996 11.639311 0.252804 255 68 68 R0 pano_camera2/frame_0376_hp_preview.jpg
0.657609 11.802144 0.366259 255 68 68 R0 pano_camera2/frame_0377_hp_preview.jpg
0.613745 12.253763 0.811962 255 68 68 R0 pano_camera2/frame_0378_hp_preview.jpg
0.573596 12.352595 0.967601 255 68 68 R0 pano_camera2/frame_0379_hp_preview.jpg
0.522162 12.442394 1.200913 255 68 68 R0 pano_camera2/frame_0380_hp_preview.jpg
0.403914 12.509854 1.201501 255 68 68 R0 pano_camera2/frame_0381_hp_preview.jpg
0.243096 12.526391 1.320931 255 68 68 R0 pano_camera2/frame_0382_hp_preview.jpg
0.376430 12.434890 1.618143 255 68 68 R0 pano_camera2/frame_0383_hp_preview.jpg
0.388809 12.405065 1.615633 255 68 68 R0 pano_camera2/frame_0384_hp_preview.jpg
0.345844 12.222183 1.787915 255 68 68 R0 pano_camera2/frame_0385_hp_preview.jpg
0.236174 11.856223 2.175111 255 68 68 R0 pano_camera2/frame_0386_hp_preview.jpg
0.177754 11.706764 2.369535 255 68 68 R0 pano_camera2/frame_0387_hp_preview.jpg
0.006360 11.183350 2.931045 255 68 68 R0 pano_camera2/frame_0388_hp_preview.jpg
-0.107949 10.819690 3.261376 255 68 68 R0 pano_camera2/frame_0389_hp_preview.jpg
-0.158657 10.659360 3.378052 255 68 68 R0 pano_camera2/frame_0390_hp_preview.jpg
-0.217082 10.226347 3.509426 255 68 68 R0 pano_camera2/frame_0391_hp_preview.jpg
-0.213344 10.148110 3.454751 255 68 68 R0 pano_camera2/frame_0392_hp_preview.jpg
-0.166737 10.210181 3.277701 255 68 68 R0 pano_camera2/frame_0393_hp_preview.jpg
-0.133649 10.397394 3.160361 255 68 68 R0 pano_camera2/frame_0394_hp_preview.jpg
-0.072116 10.716951 2.976344 255 68 68 R0 pano_camera2/frame_0395_hp_preview.jpg
0.015276 10.963273 2.690181 255 68 68 R0 pano_camera2/frame_0396_hp_preview.jpg
0.126383 10.815429 2.260128 255 68 68 R0 pano_camera2/frame_0397_hp_preview.jpg
0.142290 10.692274 2.143072 255 68 68 R0 pano_camera2/frame_0398_hp_preview.jpg
0.131028 10.220364 2.063416 255 68 68 R0 pano_camera2/frame_0399_hp_preview.jpg
0.015784 9.807089 2.352373 255 68 68 R0 pano_camera2/frame_0400_hp_preview.jpg
-0.069806 9.499528 2.604791 255 68 68 R0 pano_camera2/frame_0401_hp_preview.jpg
-0.075939 9.477229 2.619604 255 68 68 R0 pano_camera2/frame_0402_hp_preview.jpg
-0.159877 9.190558 2.862661 255 68 68 R0 pano_camera2/frame_0403_hp_preview.jpg
-0.181361 8.675524 2.788148 255 68 68 R0 pano_camera2/frame_0404_hp_preview.jpg
-0.169566 8.650246 2.757044 255 68 68 R0 pano_camera2/frame_0405_hp_preview.jpg
-0.057813 8.550429 2.297920 255 68 68 R0 pano_camera2/frame_0406_hp_preview.jpg
0.025948 8.854801 1.981951 255 68 68 R0 pano_camera2/frame_0407_hp_preview.jpg
0.079491 9.019688 1.824660 255 68 68 R0 pano_camera2/frame_0408_hp_preview.jpg
0.109169 9.146209 1.710839 255 68 68 R0 pano_camera2/frame_0409_hp_preview.jpg
0.210665 9.294718 1.395806 255 68 68 R0 pano_camera2/frame_0410_hp_preview.jpg
0.316064 9.038524 0.834051 255 68 68 R0 pano_camera2/frame_0411_hp_preview.jpg
0.319370 8.984720 0.768697 255 68 68 R0 pano_camera2/frame_0412_hp_preview.jpg
0.360463 8.874993 0.576283 255 68 68 R0 pano_camera2/frame_0413_hp_preview.jpg
0.364827 8.896312 0.574428 255 68 68 R0 pano_camera2/frame_0414_hp_preview.jpg
0.364864 8.897558 0.576103 255 68 68 R0 pano_camera2/frame_0415_hp_preview.jpg
0.360628 8.894600 0.573212 255 68 68 R0 pano_camera2/frame_0416_hp_preview.jpg
-1.775599 2.013698 1.406208 255 68 68 R0 pano_camera3/frame_0140_hp_preview.jpg
-1.804428 1.871878 1.514223 255 68 68 R0 pano_camera3/frame_0141_hp_preview.jpg
-1.872132 1.627692 1.717593 255 68 68 R0 pano_camera3/frame_0142_hp_preview.jpg
-1.902122 1.460776 1.792248 255 68 68 R0 pano_camera3/frame_0143_hp_preview.jpg
-1.880629 1.291672 1.723412 255 68 68 R0 pano_camera3/frame_0144_hp_preview.jpg
-1.836634 1.254143 1.546525 255 68 68 R0 pano_camera3/frame_0145_hp_preview.jpg
-1.862885 2.087013 1.836277 255 68 68 R0 pano_camera3/frame_0157_hp_preview.jpg
-1.875677 2.213309 1.937510 255 68 68 R0 pano_camera3/frame_0158_hp_preview.jpg
-1.892030 2.250261 2.039272 255 68 68 R0 pano_camera3/frame_0159_hp_preview.jpg
-2.035555 2.426377 2.656353 255 68 68 R0 pano_camera3/frame_0160_hp_preview.jpg
-2.091860 2.601548 2.935318 255 68 68 R0 pano_camera3/frame_0161_hp_preview.jpg
-2.136511 2.865530 3.255980 255 68 68 R0 pano_camera3/frame_0162_hp_preview.jpg
-2.160981 3.052040 3.438151 255 68 68 R0 pano_camera3/frame_0163_hp_preview.jpg
-2.176956 3.257938 3.606586 255 68 68 R0 pano_camera3/frame_0164_hp_preview.jpg
-2.156539 3.653069 3.645881 255 68 68 R0 pano_camera3/frame_0165_hp_preview.jpg
-2.120535 3.828301 3.537943 255 68 68 R0 pano_camera3/frame_0166_hp_preview.jpg
-2.023458 4.114560 3.223314 255 68 68 R0 pano_camera3/frame_0167_hp_preview.jpg
-1.940321 4.108316 2.842085 255 68 68 R0 pano_camera3/frame_0168_hp_preview.jpg
-1.906297 4.032015 2.720821 255 68 68 R0 pano_camera3/frame_0169_hp_preview.jpg
-1.818189 3.564419 2.134367 255 68 68 R0 pano_camera3/frame_0170_hp_preview.jpg
-1.791501 3.499692 2.061026 255 68 68 R0 pano_camera3/frame_0171_hp_preview.jpg
-1.744326 3.202274 1.699152 255 68 68 R0 pano_camera3/frame_0172_hp_preview.jpg
-1.650722 3.169529 1.323972 255 68 68 R0 pano_camera3/frame_0173_hp_preview.jpg
-1.557818 3.410673 1.027785 255 68 68 R0 pano_camera3/frame_0174_hp_preview.jpg
-1.553289 3.420137 1.024341 255 68 68 R0 pano_camera3/frame_0175_hp_preview.jpg
-1.519377 3.858783 0.987853 255 68 68 R0 pano_camera3/frame_0176_hp_preview.jpg
-1.511264 4.094328 1.068613 255 68 68 R0 pano_camera3/frame_0177_hp_preview.jpg
-1.497271 4.549892 1.145421 255 68 68 R0 pano_camera3/frame_0178_hp_preview.jpg
-1.423222 4.897043 0.948004 255 68 68 R0 pano_camera3/frame_0179_hp_preview.jpg
-1.377485 4.961437 0.766253 255 68 68 R0 pano_camera3/frame_0180_hp_preview.jpg
-1.342265 4.859372 0.516102 255 68 68 R0 pano_camera3/frame_0181_hp_preview.jpg
-1.315456 4.684995 0.334345 255 68 68 R0 pano_camera3/frame_0182_hp_preview.jpg
-1.240863 4.498968 -0.000685 255 68 68 R0 pano_camera3/frame_0183_hp_preview.jpg
-1.210613 4.667152 -0.127045 255 68 68 R0 pano_camera3/frame_0184_hp_preview.jpg
-1.214262 4.813626 -0.059638 255 68 68 R0 pano_camera3/frame_0185_hp_preview.jpg
-1.244050 4.988379 0.103371 255 68 68 R0 pano_camera3/frame_0186_hp_preview.jpg
-1.266197 5.169363 0.260317 255 68 68 R0 pano_camera3/frame_0187_hp_preview.jpg
-1.274950 5.453797 0.400969 255 68 68 R0 pano_camera3/frame_0188_hp_preview.jpg
-1.240240 5.764378 0.355704 255 68 68 R0 pano_camera3/frame_0189_hp_preview.jpg
-1.228989 5.796779 0.342576 255 68 68 R0 pano_camera3/frame_0190_hp_preview.jpg
-1.169704 5.987112 0.157564 255 68 68 R0 pano_camera3/frame_0191_hp_preview.jpg
-1.082536 6.030740 -0.188942 255 68 68 R0 pano_camera3/frame_0192_hp_preview.jpg
-1.036758 5.930198 -0.450152 255 68 68 R0 pano_camera3/frame_0193_hp_preview.jpg
-0.990040 5.745651 -0.754275 255 68 68 R0 pano_camera3/frame_0194_hp_preview.jpg
-0.941529 5.632964 -0.976655 255 68 68 R0 pano_camera3/frame_0195_hp_preview.jpg
-0.904339 5.685324 -1.173037 255 68 68 R0 pano_camera3/frame_0196_hp_preview.jpg
-0.806401 5.926027 -1.505693 255 68 68 R0 pano_camera3/frame_0197_hp_preview.jpg
-0.661228 6.354682 -1.916661 255 68 68 R0 pano_camera3/frame_0198_hp_preview.jpg
-0.617891 6.480020 -2.036767 255 68 68 R0 pano_camera3/frame_0199_hp_preview.jpg
-0.425369 7.160905 -2.495973 255 68 68 R0 pano_camera3/frame_0200_hp_preview.jpg
-0.359813 7.160775 -2.577606 255 68 68 R0 pano_camera3/frame_0201_hp_preview.jpg
-0.723046 7.056778 -1.397418 255 68 68 R0 pano_camera3/frame_0226_hp_preview.jpg
-0.993328 7.508734 -0.089965 255 68 68 R0 pano_camera3/frame_0240_hp_preview.jpg
-1.016782 7.487105 -0.030134 255 68 68 R0 pano_camera3/frame_0241_hp_preview.jpg
-1.082827 7.557533 0.249674 255 68 68 R0 pano_camera3/frame_0242_hp_preview.jpg
-1.128980 7.421974 0.390266 255 68 68 R0 pano_camera3/frame_0243_hp_preview.jpg
-1.137556 7.212568 0.347210 255 68 68 R0 pano_camera3/frame_0244_hp_preview.jpg
-1.149860 7.108330 0.350046 255 68 68 R0 pano_camera3/frame_0245_hp_preview.jpg
-1.201536 6.833667 0.369209 255 68 68 R0 pano_camera3/frame_0246_hp_preview.jpg
-1.182979 6.715744 0.282436 255 68 68 R0 pano_camera3/frame_0247_hp_preview.jpg
-1.214158 6.394598 0.311208 255 68 68 R0 pano_camera3/frame_0248_hp_preview.jpg
-1.222425 6.357152 0.325305 255 68 68 R0 pano_camera3/frame_0249_hp_preview.jpg
-1.355947 5.681552 0.695038 255 68 68 R0 pano_camera3/frame_0250_hp_preview.jpg
-1.360049 5.670240 0.702538 255 68 68 R0 pano_camera3/frame_0251_hp_preview.jpg
-1.461533 5.319801 1.072599 255 68 68 R0 pano_camera3/frame_0252_hp_preview.jpg
-1.576693 5.108626 1.577784 255 68 68 R0 pano_camera3/frame_0253_hp_preview.jpg
-1.630120 5.339325 1.929742 255 68 68 R0 pano_camera3/frame_0254_hp_preview.jpg
-1.632698 5.381124 1.939830 255 68 68 R0 pano_camera3/frame_0255_hp_preview.jpg
-1.494007 5.847774 1.661189 255 68 68 R0 pano_camera3/frame_0256_hp_preview.jpg
-1.325361 5.988696 1.539188 255 68 68 R0 pano_camera3/frame_0257_hp_preview.jpg
-1.228751 6.040100 1.499912 255 68 68 R0 pano_camera3/frame_0258_hp_preview.jpg
-1.125287 6.127265 1.407887 255 68 68 R0 pano_camera3/frame_0259_hp_preview.jpg
-0.812726 6.322189 1.225186 255 68 68 R0 pano_camera3/frame_0260_hp_preview.jpg
-0.808514 6.325365 1.220098 255 68 68 R0 pano_camera3/frame_0261_hp_preview.jpg
-0.488319 6.549927 1.053207 255 68 68 R0 pano_camera3/frame_0262_hp_preview.jpg
-0.477284 6.560506 1.050286 255 68 68 R0 pano_camera3/frame_0263_hp_preview.jpg
-0.301807 6.671805 0.963972 255 68 68 R0 pano_camera3/frame_0264_hp_preview.jpg
-0.075211 6.845286 0.826427 255 68 68 R0 pano_camera3/frame_0265_hp_preview.jpg
0.109788 6.908709 0.644629 255 68 68 R0 pano_camera3/frame_0266_hp_preview.jpg
0.231640 6.915228 0.458356 255 68 68 R0 pano_camera3/frame_0267_hp_preview.jpg
0.272195 6.742926 0.206725 255 68 68 R0 pano_camera3/frame_0268_hp_preview.jpg
0.349605 6.415271 -0.192109 255 68 68 R0 pano_camera3/frame_0269_hp_preview.jpg
0.395980 6.247676 -0.361630 255 68 68 R0 pano_camera3/frame_0270_hp_preview.jpg
0.436652 5.914249 -0.663080 255 68 68 R0 pano_camera3/frame_0271_hp_preview.jpg
0.484969 5.605737 -0.947186 255 68 68 R0 pano_camera3/frame_0272_hp_preview.jpg
0.521907 5.440716 -1.110060 255 68 68 R0 pano_camera3/frame_0273_hp_preview.jpg
0.598671 4.910319 -1.619044 255 68 68 R0 pano_camera3/frame_0274_hp_preview.jpg
0.613316 4.858962 -1.680126 255 68 68 R0 pano_camera3/frame_0275_hp_preview.jpg
0.685233 4.434771 -2.100161 255 68 68 R0 pano_camera3/frame_0276_hp_preview.jpg
0.714901 4.312003 -2.239585 255 68 68 R0 pano_camera3/frame_0277_hp_preview.jpg
0.810669 3.943757 -2.682363 255 68 68 R0 pano_camera3/frame_0278_hp_preview.jpg
0.838421 3.728557 -2.877841 255 68 68 R0 pano_camera3/frame_0279_hp_preview.jpg
0.937931 3.207650 -3.435941 255 68 68 R0 pano_camera3/frame_0280_hp_preview.jpg
0.950583 3.105782 -3.530175 255 68 68 R0 pano_camera3/frame_0281_hp_preview.jpg
0.976162 2.973795 -3.698762 255 68 68 R0 pano_camera3/frame_0282_hp_preview.jpg
1.026606 2.924149 -3.935679 255 68 68 R0 pano_camera3/frame_0283_hp_preview.jpg
1.117336 3.147092 -4.287886 255 68 68 R0 pano_camera3/frame_0284_hp_preview.jpg
1.122836 3.187174 -4.309143 255 68 68 R0 pano_camera3/frame_0285_hp_preview.jpg
1.181463 3.463954 -4.474219 255 68 68 R0 pano_camera3/frame_0286_hp_preview.jpg
1.205902 3.662338 -4.452239 255 68 68 R0 pano_camera3/frame_0287_hp_preview.jpg
1.229431 3.922185 -4.430488 255 68 68 R0 pano_camera3/frame_0288_hp_preview.jpg
1.259367 4.084115 -4.482208 255 68 68 R0 pano_camera3/frame_0289_hp_preview.jpg
1.322459 4.219075 -4.713689 255 68 68 R0 pano_camera3/frame_0290_hp_preview.jpg
1.447184 4.379181 -5.231862 255 68 68 R0 pano_camera3/frame_0291_hp_preview.jpg
1.500200 4.468450 -5.428448 255 68 68 R0 pano_camera3/frame_0292_hp_preview.jpg
1.539118 4.531741 -5.595016 255 68 68 R0 pano_camera3/frame_0293_hp_preview.jpg
1.650103 5.040550 -5.967912 255 68 68 R0 pano_camera3/frame_0294_hp_preview.jpg
1.656252 5.091540 -5.972743 255 68 68 R0 pano_camera3/frame_0295_hp_preview.jpg
1.627287 5.606143 -5.717836 255 68 68 R0 pano_camera3/frame_0296_hp_preview.jpg
1.554351 5.664245 -5.370106 255 68 68 R0 pano_camera3/frame_0297_hp_preview.jpg
1.470453 5.656034 -5.070243 255 68 68 R0 pano_camera3/frame_0298_hp_preview.jpg
1.419025 5.639179 -4.833859 255 68 68 R0 pano_camera3/frame_0299_hp_preview.jpg
1.315307 5.615583 -4.382948 255 68 68 R0 pano_camera3/frame_0300_hp_preview.jpg
1.224834 5.581799 -4.077577 255 68 68 R0 pano_camera3/frame_0301_hp_preview.jpg
1.143069 5.514438 -3.772885 255 68 68 R0 pano_camera3/frame_0302_hp_preview.jpg
1.046613 5.349181 -3.362451 255 68 68 R0 pano_camera3/frame_0303_hp_preview.jpg
0.986693 5.274191 -3.154114 255 68 68 R0 pano_camera3/frame_0304_hp_preview.jpg
0.852864 5.149617 -2.654240 255 68 68 R0 pano_camera3/frame_0305_hp_preview.jpg
0.721257 5.150453 -2.141408 255 68 68 R0 pano_camera3/frame_0306_hp_preview.jpg
0.640445 5.209871 -1.808459 255 68 68 R0 pano_camera3/frame_0307_hp_preview.jpg
0.629752 5.245630 -1.727092 255 68 68 R0 pano_camera3/frame_0308_hp_preview.jpg
0.579130 5.593046 -1.402662 255 68 68 R0 pano_camera3/frame_0309_hp_preview.jpg
0.611726 6.056841 -1.345288 255 68 68 R0 pano_camera3/frame_0310_hp_preview.jpg
0.661383 6.311729 -1.531504 255 68 68 R0 pano_camera3/frame_0311_hp_preview.jpg
0.778462 6.525945 -1.907204 255 68 68 R0 pano_camera3/frame_0312_hp_preview.jpg
0.856568 6.629516 -2.198444 255 68 68 R0 pano_camera3/frame_0313_hp_preview.jpg
0.924576 6.695283 -2.465980 255 68 68 R0 pano_camera3/frame_0314_hp_preview.jpg
1.094790 6.873565 -3.114585 255 68 68 R0 pano_camera3/frame_0315_hp_preview.jpg
1.110877 6.890913 -3.160280 255 68 68 R0 pano_camera3/frame_0316_hp_preview.jpg
1.210592 7.055915 -3.568647 255 68 68 R0 pano_camera3/frame_0317_hp_preview.jpg
1.306863 7.377238 -3.914588 255 68 68 R0 pano_camera3/frame_0318_hp_preview.jpg
1.315466 7.504047 -3.907660 255 68 68 R0 pano_camera3/frame_0319_hp_preview.jpg
1.327028 7.832675 -3.765146 255 68 68 R0 pano_camera3/frame_0320_hp_preview.jpg
1.236969 8.295658 -3.234251 255 68 68 R0 pano_camera3/frame_0321_hp_preview.jpg
1.229705 8.319839 -3.199562 255 68 68 R0 pano_camera3/frame_0322_hp_preview.jpg
1.110707 8.381042 -2.738049 255 68 68 R0 pano_camera3/frame_0323_hp_preview.jpg
1.003727 8.268136 -2.284535 255 68 68 R0 pano_camera3/frame_0324_hp_preview.jpg
0.985108 8.269315 -2.238840 255 68 68 R0 pano_camera3/frame_0325_hp_preview.jpg
0.881943 8.432753 -1.778491 255 68 68 R0 pano_camera3/frame_0326_hp_preview.jpg
0.878270 8.689847 -1.696733 255 68 68 R0 pano_camera3/frame_0327_hp_preview.jpg
0.901947 8.827154 -1.715530 255 68 68 R0 pano_camera3/frame_0328_hp_preview.jpg
0.946467 9.034339 -1.822194 255 68 68 R0 pano_camera3/frame_0329_hp_preview.jpg
0.997069 9.399746 -1.901817 255 68 68 R0 pano_camera3/frame_0330_hp_preview.jpg
0.978824 9.504783 -1.800693 255 68 68 R0 pano_camera3/frame_0331_hp_preview.jpg
0.867244 9.308911 -1.436943 255 68 68 R0 pano_camera3/frame_0332_hp_preview.jpg
0.822219 9.124612 -1.336944 255 68 68 R0 pano_camera3/frame_0333_hp_preview.jpg
0.741110 8.827586 -1.099973 255 68 68 R0 pano_camera3/frame_0334_hp_preview.jpg
0.697237 8.705589 -0.940767 255 68 68 R0 pano_camera3/frame_0335_hp_preview.jpg
0.637699 8.562033 -0.772561 255 68 68 R0 pano_camera3/frame_0336_hp_preview.jpg
0.511121 8.284587 -0.361021 255 68 68 R0 pano_camera3/frame_0337_hp_preview.jpg
0.454703 8.148058 -0.151940 255 68 68 R0 pano_camera3/frame_0338_hp_preview.jpg
0.293449 7.840643 0.407380 255 68 68 R0 pano_camera3/frame_0339_hp_preview.jpg
0.218101 7.696661 0.790931 255 68 68 R0 pano_camera3/frame_0340_hp_preview.jpg
0.185409 7.652266 0.888134 255 68 68 R0 pano_camera3/frame_0341_hp_preview.jpg
0.109623 7.489731 1.165558 255 68 68 R0 pano_camera3/frame_0342_hp_preview.jpg
0.022314 7.217497 1.473547 255 68 68 R0 pano_camera3/frame_0343_hp_preview.jpg
-0.050883 7.220377 1.816383 255 68 68 R0 pano_camera3/frame_0344_hp_preview.jpg
-0.019814 7.479620 1.769265 255 68 68 R0 pano_camera3/frame_0345_hp_preview.jpg
0.027430 7.696619 1.615701 255 68 68 R0 pano_camera3/frame_0346_hp_preview.jpg
0.079795 7.821439 1.428626 255 68 68 R0 pano_camera3/frame_0347_hp_preview.jpg
0.140278 7.971947 1.222958 255 68 68 R0 pano_camera3/frame_0348_hp_preview.jpg
0.271612 8.330273 0.733470 255 68 68 R0 pano_camera3/frame_0349_hp_preview.jpg
0.316280 8.550614 0.554944 255 68 68 R0 pano_camera3/frame_0350_hp_preview.jpg
0.353273 8.721178 0.431178 255 68 68 R0 pano_camera3/frame_0351_hp_preview.jpg
0.422107 9.181943 0.292640 255 68 68 R0 pano_camera3/frame_0352_hp_preview.jpg
0.451835 9.404513 0.293764 255 68 68 R0 pano_camera3/frame_0353_hp_preview.jpg
0.512919 9.780855 0.174929 255 68 68 R0 pano_camera3/frame_0354_hp_preview.jpg
0.571472 9.914913 0.021449 255 68 68 R0 pano_camera3/frame_0355_hp_preview.jpg
0.675572 9.885369 -0.390749 255 68 68 R0 pano_camera3/frame_0356_hp_preview.jpg
0.727720 9.848165 -0.684138 255 68 68 R0 pano_camera3/frame_0357_hp_preview.jpg
0.727552 9.815852 -0.774086 255 68 68 R0 pano_camera3/frame_0358_hp_preview.jpg
0.722936 9.787963 -0.802530 255 68 68 R0 pano_camera3/frame_0359_hp_preview.jpg
0.740917 9.834730 -0.798642 255 68 68 R0 pano_camera3/frame_0360_hp_preview.jpg
0.740906 9.835410 -0.802922 255 68 68 R0 pano_camera3/frame_0361_hp_preview.jpg
0.816739 9.974708 -1.043783 255 68 68 R0 pano_camera3/frame_0362_hp_preview.jpg
0.840539 10.112801 -1.081318 255 68 68 R0 pano_camera3/frame_0363_hp_preview.jpg
0.883723 10.371154 -1.057189 255 68 68 R0 pano_camera3/frame_0364_hp_preview.jpg
0.876151 10.444830 -0.993701 255 68 68 R0 pano_camera3/frame_0365_hp_preview.jpg
0.775499 10.443859 -0.606034 255 68 68 R0 pano_camera3/frame_0366_hp_preview.jpg
0.757143 10.414128 -0.551885 255 68 68 R0 pano_camera3/frame_0367_hp_preview.jpg
0.666909 10.241172 -0.280808 255 68 68 R0 pano_camera3/frame_0368_hp_preview.jpg
0.504122 9.872625 0.278737 255 68 68 R0 pano_camera3/frame_0369_hp_preview.jpg
0.428581 9.861678 0.469649 255 68 68 R0 pano_camera3/frame_0370_hp_preview.jpg
0.430813 9.980471 0.630286 255 68 68 R0 pano_camera3/frame_0371_hp_preview.jpg
0.454924 10.312104 0.613828 255 68 68 R0 pano_camera3/frame_0372_hp_preview.jpg
0.535813 10.590920 0.404967 255 68 68 R0 pano_camera3/frame_0373_hp_preview.jpg
0.644837 11.237073 0.134156 255 68 68 R0 pano_camera3/frame_0374_hp_preview.jpg
0.664525 11.428104 0.150124 255 68 68 R0 pano_camera3/frame_0375_hp_preview.jpg
0.666996 11.639311 0.252804 255 68 68 R0 pano_camera3/frame_0376_hp_preview.jpg
0.657609 11.802144 0.366259 255 68 68 R0 pano_camera3/frame_0377_hp_preview.jpg
0.613745 12.253763 0.811962 255 68 68 R0 pano_camera3/frame_0378_hp_preview.jpg
0.573596 12.352595 0.967601 255 68 68 R0 pano_camera3/frame_0379_hp_preview.jpg
0.522162 12.442394 1.200913 255 68 68 R0 pano_camera3/frame_0380_hp_preview.jpg
0.403914 12.509854 1.201501 255 68 68 R0 pano_camera3/frame_0381_hp_preview.jpg
0.243096 12.526391 1.320931 255 68 68 R0 pano_camera3/frame_0382_hp_preview.jpg
0.376430 12.434890 1.618143 255 68 68 R0 pano_camera3/frame_0383_hp_preview.jpg
0.388809 12.405065 1.615633 255 68 68 R0 pano_camera3/frame_0384_hp_preview.jpg
0.345844 12.222183 1.787915 255 68 68 R0 pano_camera3/frame_0385_hp_preview.jpg
0.236174 11.856223 2.175111 255 68 68 R0 pano_camera3/frame_0386_hp_preview.jpg
0.177754 11.706764 2.369535 255 68 68 R0 pano_camera3/frame_0387_hp_preview.jpg
0.006360 11.183350 2.931045 255 68 68 R0 pano_camera3/frame_0388_hp_preview.jpg
-0.107949 10.819690 3.261376 255 68 68 R0 pano_camera3/frame_0389_hp_preview.jpg
-0.158657 10.659360 3.378052 255 68 68 R0 pano_camera3/frame_0390_hp_preview.jpg
-0.217082 10.226347 3.509426 255 68 68 R0 pano_camera3/frame_0391_hp_preview.jpg
-0.213344 10.148110 3.454751 255 68 68 R0 pano_camera3/frame_0392_hp_preview.jpg
-0.166737 10.210181 3.277701 255 68 68 R0 pano_camera3/frame_0393_hp_preview.jpg
-0.133649 10.397394 3.160361 255 68 68 R0 pano_camera3/frame_0394_hp_preview.jpg
-0.072116 10.716951 2.976344 255 68 68 R0 pano_camera3/frame_0395_hp_preview.jpg
0.015276 10.963273 2.690181 255 68 68 R0 pano_camera3/frame_0396_hp_preview.jpg
0.126383 10.815429 2.260128 255 68 68 R0 pano_camera3/frame_0397_hp_preview.jpg
0.142290 10.692274 2.143072 255 68 68 R0 pano_camera3/frame_0398_hp_preview.jpg
0.131028 10.220364 2.063416 255 68 68 R0 pano_camera3/frame_0399_hp_preview.jpg
0.015784 9.807089 2.352373 255 68 68 R0 pano_camera3/frame_0400_hp_preview.jpg
-0.069806 9.499528 2.604791 255 68 68 R0 pano_camera3/frame_0401_hp_preview.jpg
-0.075939 9.477229 2.619604 255 68 68 R0 pano_camera3/frame_0402_hp_preview.jpg
-0.159877 9.190558 2.862661 255 68 68 R0 pano_camera3/frame_0403_hp_preview.jpg
-0.181361 8.675524 2.788148 255 68 68 R0 pano_camera3/frame_0404_hp_preview.jpg
-0.169566 8.650246 2.757044 255 68 68 R0 pano_camera3/frame_0405_hp_preview.jpg
-0.057813 8.550429 2.297920 255 68 68 R0 pano_camera3/frame_0406_hp_preview.jpg
0.025948 8.854801 1.981951 255 68 68 R0 pano_camera3/frame_0407_hp_preview.jpg
0.079491 9.019688 1.824660 255 68 68 R0 pano_camera3/frame_0408_hp_preview.jpg
0.109169 9.146209 1.710839 255 68 68 R0 pano_camera3/frame_0409_hp_preview.jpg
0.210665 9.294718 1.395806 255 68 68 R0 pano_camera3/frame_0410_hp_preview.jpg
0.316064 9.038524 0.834051 255 68 68 R0 pano_camera3/frame_0411_hp_preview.jpg
0.319370 8.984720 0.768697 255 68 68 R0 pano_camera3/frame_0412_hp_preview.jpg
0.360463 8.874993 0.576283 255 68 68 R0 pano_camera3/frame_0413_hp_preview.jpg
0.364827 8.896312 0.574428 255 68 68 R0 pano_camera3/frame_0414_hp_preview.jpg
0.364864 8.897558 0.576103 255 68 68 R0 pano_camera3/frame_0415_hp_preview.jpg
0.360628 8.894600 0.573212 255 68 68 R0 pano_camera3/frame_0416_hp_preview.jpg
-1.775599 2.013698 1.406208 255 68 68 R0 pano_camera4/frame_0140_hp_preview.jpg
-1.804428 1.871878 1.514223 255 68 68 R0 pano_camera4/frame_0141_hp_preview.jpg
-1.872132 1.627692 1.717593 255 68 68 R0 pano_camera4/frame_0142_hp_preview.jpg
-1.902122 1.460776 1.792248 255 68 68 R0 pano_camera4/frame_0143_hp_preview.jpg
-1.880629 1.291672 1.723412 255 68 68 R0 pano_camera4/frame_0144_hp_preview.jpg
-1.836634 1.254143 1.546525 255 68 68 R0 pano_camera4/frame_0145_hp_preview.jpg
-1.862885 2.087013 1.836277 255 68 68 R0 pano_camera4/frame_0157_hp_preview.jpg
-1.875677 2.213309 1.937510 255 68 68 R0 pano_camera4/frame_0158_hp_preview.jpg
-1.892030 2.250261 2.039272 255 68 68 R0 pano_camera4/frame_0159_hp_preview.jpg
-2.035555 2.426377 2.656353 255 68 68 R0 pano_camera4/frame_0160_hp_preview.jpg
-2.091860 2.601548 2.935318 255 68 68 R0 pano_camera4/frame_0161_hp_preview.jpg
-2.136511 2.865530 3.255980 255 68 68 R0 pano_camera4/frame_0162_hp_preview.jpg
-2.160981 3.052040 3.438151 255 68 68 R0 pano_camera4/frame_0163_hp_preview.jpg
-2.176956 3.257938 3.606586 255 68 68 R0 pano_camera4/frame_0164_hp_preview.jpg
-2.156539 3.653069 3.645881 255 68 68 R0 pano_camera4/frame_0165_hp_preview.jpg
-2.120535 3.828301 3.537943 255 68 68 R0 pano_camera4/frame_0166_hp_preview.jpg
-2.023458 4.114560 3.223314 255 68 68 R0 pano_camera4/frame_0167_hp_preview.jpg
-1.940321 4.108316 2.842085 255 68 68 R0 pano_camera4/frame_0168_hp_preview.jpg
-1.906297 4.032015 2.720821 255 68 68 R0 pano_camera4/frame_0169_hp_preview.jpg
-1.818189 3.564419 2.134367 255 68 68 R0 pano_camera4/frame_0170_hp_preview.jpg
-1.791501 3.499692 2.061026 255 68 68 R0 pano_camera4/frame_0171_hp_preview.jpg
-1.744326 3.202274 1.699152 255 68 68 R0 pano_camera4/frame_0172_hp_preview.jpg
-1.650722 3.169529 1.323972 255 68 68 R0 pano_camera4/frame_0173_hp_preview.jpg
-1.557818 3.410673 1.027785 255 68 68 R0 pano_camera4/frame_0174_hp_preview.jpg
-1.553289 3.420137 1.024341 255 68 68 R0 pano_camera4/frame_0175_hp_preview.jpg
-1.519377 3.858783 0.987853 255 68 68 R0 pano_camera4/frame_0176_hp_preview.jpg
-1.511264 4.094328 1.068613 255 68 68 R0 pano_camera4/frame_0177_hp_preview.jpg
-1.497271 4.549892 1.145421 255 68 68 R0 pano_camera4/frame_0178_hp_preview.jpg
-1.423222 4.897043 0.948004 255 68 68 R0 pano_camera4/frame_0179_hp_preview.jpg
-1.377485 4.961437 0.766253 255 68 68 R0 pano_camera4/frame_0180_hp_preview.jpg
-1.342265 4.859372 0.516102 255 68 68 R0 pano_camera4/frame_0181_hp_preview.jpg
-1.315456 4.684995 0.334345 255 68 68 R0 pano_camera4/frame_0182_hp_preview.jpg
-1.240863 4.498968 -0.000685 255 68 68 R0 pano_camera4/frame_0183_hp_preview.jpg
-1.210613 4.667152 -0.127045 255 68 68 R0 pano_camera4/frame_0184_hp_preview.jpg
-1.214262 4.813626 -0.059638 255 68 68 R0 pano_camera4/frame_0185_hp_preview.jpg
-1.244050 4.988379 0.103371 255 68 68 R0 pano_camera4/frame_0186_hp_preview.jpg
-1.266197 5.169363 0.260317 255 68 68 R0 pano_camera4/frame_0187_hp_preview.jpg
-1.274950 5.453797 0.400969 255 68 68 R0 pano_camera4/frame_0188_hp_preview.jpg
-1.240240 5.764378 0.355704 255 68 68 R0 pano_camera4/frame_0189_hp_preview.jpg
-1.228989 5.796779 0.342576 255 68 68 R0 pano_camera4/frame_0190_hp_preview.jpg
-1.169704 5.987112 0.157564 255 68 68 R0 pano_camera4/frame_0191_hp_preview.jpg
-1.082536 6.030740 -0.188942 255 68 68 R0 pano_camera4/frame_0192_hp_preview.jpg
-1.036758 5.930198 -0.450152 255 68 68 R0 pano_camera4/frame_0193_hp_preview.jpg
-0.990040 5.745651 -0.754275 255 68 68 R0 pano_camera4/frame_0194_hp_preview.jpg
-0.941529 5.632964 -0.976655 255 68 68 R0 pano_camera4/frame_0195_hp_preview.jpg
-0.904339 5.685324 -1.173037 255 68 68 R0 pano_camera4/frame_0196_hp_preview.jpg
-0.806401 5.926027 -1.505693 255 68 68 R0 pano_camera4/frame_0197_hp_preview.jpg
-0.661228 6.354682 -1.916661 255 68 68 R0 pano_camera4/frame_0198_hp_preview.jpg
-0.617891 6.480020 -2.036767 255 68 68 R0 pano_camera4/frame_0199_hp_preview.jpg
-0.425369 7.160905 -2.495973 255 68 68 R0 pano_camera4/frame_0200_hp_preview.jpg
-0.359813 7.160775 -2.577606 255 68 68 R0 pano_camera4/frame_0201_hp_preview.jpg
-0.723046 7.056778 -1.397418 255 68 68 R0 pano_camera4/frame_0226_hp_preview.jpg
-0.993328 7.508734 -0.089965 255 68 68 R0 pano_camera4/frame_0240_hp_preview.jpg
-1.016782 7.487105 -0.030134 255 68 68 R0 pano_camera4/frame_0241_hp_preview.jpg
-1.082827 7.557533 0.249674 255 68 68 R0 pano_camera4/frame_0242_hp_preview.jpg
-1.128980 7.421974 0.390266 255 68 68 R0 pano_camera4/frame_0243_hp_preview.jpg
-1.137556 7.212568 0.347210 255 68 68 R0 pano_camera4/frame_0244_hp_preview.jpg
-1.149860 7.108330 0.350046 255 68 68 R0 pano_camera4/frame_0245_hp_preview.jpg
-1.201536 6.833667 0.369209 255 68 68 R0 pano_camera4/frame_0246_hp_preview.jpg
-1.182979 6.715744 0.282436 255 68 68 R0 pano_camera4/frame_0247_hp_preview.jpg
-1.214158 6.394598 0.311208 255 68 68 R0 pano_camera4/frame_0248_hp_preview.jpg
-1.222425 6.357152 0.325305 255 68 68 R0 pano_camera4/frame_0249_hp_preview.jpg
-1.355947 5.681552 0.695038 255 68 68 R0 pano_camera4/frame_0250_hp_preview.jpg
-1.360049 5.670240 0.702538 255 68 68 R0 pano_camera4/frame_0251_hp_preview.jpg
-1.461533 5.319801 1.072599 255 68 68 R0 pano_camera4/frame_0252_hp_preview.jpg
-1.576693 5.108626 1.577784 255 68 68 R0 pano_camera4/frame_0253_hp_preview.jpg
-1.630120 5.339325 1.929742 255 68 68 R0 pano_camera4/frame_0254_hp_preview.jpg
-1.632698 5.381124 1.939830 255 68 68 R0 pano_camera4/frame_0255_hp_preview.jpg
-1.494007 5.847774 1.661189 255 68 68 R0 pano_camera4/frame_0256_hp_preview.jpg
-1.325361 5.988696 1.539188 255 68 68 R0 pano_camera4/frame_0257_hp_preview.jpg
-1.228751 6.040100 1.499912 255 68 68 R0 pano_camera4/frame_0258_hp_preview.jpg
-1.125287 6.127265 1.407887 255 68 68 R0 pano_camera4/frame_0259_hp_preview.jpg
-0.812726 6.322189 1.225186 255 68 68 R0 pano_camera4/frame_0260_hp_preview.jpg
-0.808514 6.325365 1.220098 255 68 68 R0 pano_camera4/frame_0261_hp_preview.jpg
-0.488319 6.549927 1.053207 255 68 68 R0 pano_camera4/frame_0262_hp_preview.jpg
-0.477284 6.560506 1.050286 255 68 68 R0 pano_camera4/frame_0263_hp_preview.jpg
-0.301807 6.671805 0.963972 255 68 68 R0 pano_camera4/frame_0264_hp_preview.jpg
-0.075211 6.845286 0.826427 255 68 68 R0 pano_camera4/frame_0265_hp_preview.jpg
0.109788 6.908709 0.644629 255 68 68 R0 pano_camera4/frame_0266_hp_preview.jpg
0.231640 6.915228 0.458356 255 68 68 R0 pano_camera4/frame_0267_hp_preview.jpg
0.272195 6.742926 0.206725 255 68 68 R0 pano_camera4/frame_0268_hp_preview.jpg
0.349605 6.415271 -0.192109 255 68 68 R0 pano_camera4/frame_0269_hp_preview.jpg
0.395980 6.247676 -0.361630 255 68 68 R0 pano_camera4/frame_0270_hp_preview.jpg
0.436652 5.914249 -0.663080 255 68 68 R0 pano_camera4/frame_0271_hp_preview.jpg
0.484969 5.605737 -0.947186 255 68 68 R0 pano_camera4/frame_0272_hp_preview.jpg
0.521907 5.440716 -1.110060 255 68 68 R0 pano_camera4/frame_0273_hp_preview.jpg
0.598671 4.910319 -1.619044 255 68 68 R0 pano_camera4/frame_0274_hp_preview.jpg
0.613316 4.858962 -1.680126 255 68 68 R0 pano_camera4/frame_0275_hp_preview.jpg
0.685233 4.434771 -2.100161 255 68 68 R0 pano_camera4/frame_0276_hp_preview.jpg
0.714901 4.312003 -2.239585 255 68 68 R0 pano_camera4/frame_0277_hp_preview.jpg
0.810669 3.943757 -2.682363 255 68 68 R0 pano_camera4/frame_0278_hp_preview.jpg
0.838421 3.728557 -2.877841 255 68 68 R0 pano_camera4/frame_0279_hp_preview.jpg
0.937931 3.207650 -3.435941 255 68 68 R0 pano_camera4/frame_0280_hp_preview.jpg
0.950583 3.105782 -3.530175 255 68 68 R0 pano_camera4/frame_0281_hp_preview.jpg
0.976162 2.973795 -3.698762 255 68 68 R0 pano_camera4/frame_0282_hp_preview.jpg
1.026606 2.924149 -3.935679 255 68 68 R0 pano_camera4/frame_0283_hp_preview.jpg
1.117336 3.147092 -4.287886 255 68 68 R0 pano_camera4/frame_0284_hp_preview.jpg
1.122836 3.187174 -4.309143 255 68 68 R0 pano_camera4/frame_0285_hp_preview.jpg
1.181463 3.463954 -4.474219 255 68 68 R0 pano_camera4/frame_0286_hp_preview.jpg
1.205902 3.662338 -4.452239 255 68 68 R0 pano_camera4/frame_0287_hp_preview.jpg
1.229431 3.922185 -4.430488 255 68 68 R0 pano_camera4/frame_0288_hp_preview.jpg
1.259367 4.084115 -4.482208 255 68 68 R0 pano_camera4/frame_0289_hp_preview.jpg
1.322459 4.219075 -4.713689 255 68 68 R0 pano_camera4/frame_0290_hp_preview.jpg
1.447184 4.379181 -5.231862 255 68 68 R0 pano_camera4/frame_0291_hp_preview.jpg
1.500200 4.468450 -5.428448 255 68 68 R0 pano_camera4/frame_0292_hp_preview.jpg
1.539118 4.531741 -5.595016 255 68 68 R0 pano_camera4/frame_0293_hp_preview.jpg
1.650103 5.040550 -5.967912 255 68 68 R0 pano_camera4/frame_0294_hp_preview.jpg
1.656252 5.091540 -5.972743 255 68 68 R0 pano_camera4/frame_0295_hp_preview.jpg
1.627287 5.606143 -5.717836 255 68 68 R0 pano_camera4/frame_0296_hp_preview.jpg
1.554351 5.664245 -5.370106 255 68 68 R0 pano_camera4/frame_0297_hp_preview.jpg
1.470453 5.656034 -5.070243 255 68 68 R0 pano_camera4/frame_0298_hp_preview.jpg
1.419025 5.639179 -4.833859 255 68 68 R0 pano_camera4/frame_0299_hp_preview.jpg
1.315307 5.615583 -4.382948 255 68 68 R0 pano_camera4/frame_0300_hp_preview.jpg
1.224834 5.581799 -4.077577 255 68 68 R0 pano_camera4/frame_0301_hp_preview.jpg
1.143069 5.514438 -3.772885 255 68 68 R0 pano_camera4/frame_0302_hp_preview.jpg
1.046613 5.349181 -3.362451 255 68 68 R0 pano_camera4/frame_0303_hp_preview.jpg
0.986693 5.274191 -3.154114 255 68 68 R0 pano_camera4/frame_0304_hp_preview.jpg
0.852864 5.149617 -2.654240 255 68 68 R0 pano_camera4/frame_0305_hp_preview.jpg
0.721257 5.150453 -2.141408 255 68 68 R0 pano_camera4/frame_0306_hp_preview.jpg
0.640445 5.209871 -1.808459 255 68 68 R0 pano_camera4/frame_0307_hp_preview.jpg
0.629752 5.245630 -1.727092 255 68 68 R0 pano_camera4/frame_0308_hp_preview.jpg
0.579130 5.593046 -1.402662 255 68 68 R0 pano_camera4/frame_0309_hp_preview.jpg
0.611726 6.056841 -1.345288 255 68 68 R0 pano_camera4/frame_0310_hp_preview.jpg
0.661383 6.311729 -1.531504 255 68 68 R0 pano_camera4/frame_0311_hp_preview.jpg
0.778462 6.525945 -1.907204 255 68 68 R0 pano_camera4/frame_0312_hp_preview.jpg
0.856568 6.629516 -2.198444 255 68 68 R0 pano_camera4/frame_0313_hp_preview.jpg
0.924576 6.695283 -2.465980 255 68 68 R0 pano_camera4/frame_0314_hp_preview.jpg
1.094790 6.873565 -3.114585 255 68 68 R0 pano_camera4/frame_0315_hp_preview.jpg
1.110877 6.890913 -3.160280 255 68 68 R0 pano_camera4/frame_0316_hp_preview.jpg
1.210592 7.055915 -3.568647 255 68 68 R0 pano_camera4/frame_0317_hp_preview.jpg
1.306863 7.377238 -3.914588 255 68 68 R0 pano_camera4/frame_0318_hp_preview.jpg
1.315466 7.504047 -3.907660 255 68 68 R0 pano_camera4/frame_0319_hp_preview.jpg
1.327028 7.832675 -3.765146 255 68 68 R0 pano_camera4/frame_0320_hp_preview.jpg
1.236969 8.295658 -3.234251 255 68 68 R0 pano_camera4/frame_0321_hp_preview.jpg
1.229705 8.319839 -3.199562 255 68 68 R0 pano_camera4/frame_0322_hp_preview.jpg
1.110707 8.381042 -2.738049 255 68 68 R0 pano_camera4/frame_0323_hp_preview.jpg
1.003727 8.268136 -2.284535 255 68 68 R0 pano_camera4/frame_0324_hp_preview.jpg
0.985108 8.269315 -2.238840 255 68 68 R0 pano_camera4/frame_0325_hp_preview.jpg
0.881943 8.432753 -1.778491 255 68 68 R0 pano_camera4/frame_0326_hp_preview.jpg
0.878270 8.689847 -1.696733 255 68 68 R0 pano_camera4/frame_0327_hp_preview.jpg
0.901947 8.827154 -1.715530 255 68 68 R0 pano_camera4/frame_0328_hp_preview.jpg
0.946467 9.034339 -1.822194 255 68 68 R0 pano_camera4/frame_0329_hp_preview.jpg
0.997069 9.399746 -1.901817 255 68 68 R0 pano_camera4/frame_0330_hp_preview.jpg
0.978824 9.504783 -1.800693 255 68 68 R0 pano_camera4/frame_0331_hp_preview.jpg
0.867244 9.308911 -1.436943 255 68 68 R0 pano_camera4/frame_0332_hp_preview.jpg
0.822219 9.124612 -1.336944 255 68 68 R0 pano_camera4/frame_0333_hp_preview.jpg
0.741110 8.827586 -1.099973 255 68 68 R0 pano_camera4/frame_0334_hp_preview.jpg
0.697237 8.705589 -0.940767 255 68 68 R0 pano_camera4/frame_0335_hp_preview.jpg
0.637699 8.562033 -0.772561 255 68 68 R0 pano_camera4/frame_0336_hp_preview.jpg
0.511121 8.284587 -0.361021 255 68 68 R0 pano_camera4/frame_0337_hp_preview.jpg
0.454703 8.148058 -0.151940 255 68 68 R0 pano_camera4/frame_0338_hp_preview.jpg
0.293449 7.840643 0.407380 255 68 68 R0 pano_camera4/frame_0339_hp_preview.jpg
0.218101 7.696661 0.790931 255 68 68 R0 pano_camera4/frame_0340_hp_preview.jpg
0.185409 7.652266 0.888134 255 68 68 R0 pano_camera4/frame_0341_hp_preview.jpg
0.109623 7.489731 1.165558 255 68 68 R0 pano_camera4/frame_0342_hp_preview.jpg
0.022314 7.217497 1.473547 255 68 68 R0 pano_camera4/frame_0343_hp_preview.jpg
-0.050883 7.220377 1.816383 255 68 68 R0 pano_camera4/frame_0344_hp_preview.jpg
-0.019814 7.479620 1.769265 255 68 68 R0 pano_camera4/frame_0345_hp_preview.jpg
0.027430 7.696619 1.615701 255 68 68 R0 pano_camera4/frame_0346_hp_preview.jpg
0.079795 7.821439 1.428626 255 68 68 R0 pano_camera4/frame_0347_hp_preview.jpg
0.140278 7.971947 1.222958 255 68 68 R0 pano_camera4/frame_0348_hp_preview.jpg
0.271612 8.330273 0.733470 255 68 68 R0 pano_camera4/frame_0349_hp_preview.jpg
0.316280 8.550614 0.554944 255 68 68 R0 pano_camera4/frame_0350_hp_preview.jpg
0.353273 8.721178 0.431178 255 68 68 R0 pano_camera4/frame_0351_hp_preview.jpg
0.422107 9.181943 0.292640 255 68 68 R0 pano_camera4/frame_0352_hp_preview.jpg
0.451835 9.404513 0.293764 255 68 68 R0 pano_camera4/frame_0353_hp_preview.jpg
0.512919 9.780855 0.174929 255 68 68 R0 pano_camera4/frame_0354_hp_preview.jpg
0.571472 9.914913 0.021449 255 68 68 R0 pano_camera4/frame_0355_hp_preview.jpg
0.675572 9.885369 -0.390749 255 68 68 R0 pano_camera4/frame_0356_hp_preview.jpg
0.727720 9.848165 -0.684138 255 68 68 R0 pano_camera4/frame_0357_hp_preview.jpg
0.727552 9.815852 -0.774086 255 68 68 R0 pano_camera4/frame_0358_hp_preview.jpg
0.722936 9.787963 -0.802530 255 68 68 R0 pano_camera4/frame_0359_hp_preview.jpg
0.740917 9.834730 -0.798642 255 68 68 R0 pano_camera4/frame_0360_hp_preview.jpg
0.740906 9.835410 -0.802922 255 68 68 R0 pano_camera4/frame_0361_hp_preview.jpg
0.816739 9.974708 -1.043783 255 68 68 R0 pano_camera4/frame_0362_hp_preview.jpg
0.840539 10.112801 -1.081318 255 68 68 R0 pano_camera4/frame_0363_hp_preview.jpg
0.883723 10.371154 -1.057189 255 68 68 R0 pano_camera4/frame_0364_hp_preview.jpg
0.876151 10.444830 -0.993701 255 68 68 R0 pano_camera4/frame_0365_hp_preview.jpg
0.775499 10.443859 -0.606034 255 68 68 R0 pano_camera4/frame_0366_hp_preview.jpg
0.757143 10.414128 -0.551885 255 68 68 R0 pano_camera4/frame_0367_hp_preview.jpg
0.666909 10.241172 -0.280808 255 68 68 R0 pano_camera4/frame_0368_hp_preview.jpg
0.504122 9.872625 0.278737 255 68 68 R0 pano_camera4/frame_0369_hp_preview.jpg
0.428581 9.861678 0.469649 255 68 68 R0 pano_camera4/frame_0370_hp_preview.jpg
0.430813 9.980471 0.630286 255 68 68 R0 pano_camera4/frame_0371_hp_preview.jpg
0.454924 10.312104 0.613828 255 68 68 R0 pano_camera4/frame_0372_hp_preview.jpg
0.535813 10.590920 0.404967 255 68 68 R0 pano_camera4/frame_0373_hp_preview.jpg
0.644837 11.237073 0.134156 255 68 68 R0 pano_camera4/frame_0374_hp_preview.jpg
0.664525 11.428104 0.150124 255 68 68 R0 pano_camera4/frame_0375_hp_preview.jpg
0.666996 11.639311 0.252804 255 68 68 R0 pano_camera4/frame_0376_hp_preview.jpg
0.657609 11.802144 0.366259 255 68 68 R0 pano_camera4/frame_0377_hp_preview.jpg
0.613745 12.253763 0.811962 255 68 68 R0 pano_camera4/frame_0378_hp_preview.jpg
0.573596 12.352595 0.967601 255 68 68 R0 pano_camera4/frame_0379_hp_preview.jpg
0.522162 12.442394 1.200913 255 68 68 R0 pano_camera4/frame_0380_hp_preview.jpg
0.403914 12.509854 1.201501 255 68 68 R0 pano_camera4/frame_0381_hp_preview.jpg
0.243096 12.526391 1.320931 255 68 68 R0 pano_camera4/frame_0382_hp_preview.jpg
0.376430 12.434890 1.618143 255 68 68 R0 pano_camera4/frame_0383_hp_preview.jpg
0.388809 12.405065 1.615633 255 68 68 R0 pano_camera4/frame_0384_hp_preview.jpg
0.345844 12.222183 1.787915 255 68 68 R0 pano_camera4/frame_0385_hp_preview.jpg
0.236174 11.856223 2.175111 255 68 68 R0 pano_camera4/frame_0386_hp_preview.jpg
0.177754 11.706764 2.369535 255 68 68 R0 pano_camera4/frame_0387_hp_preview.jpg
0.006360 11.183350 2.931045 255 68 68 R0 pano_camera4/frame_0388_hp_preview.jpg
-0.107949 10.819690 3.261376 255 68 68 R0 pano_camera4/frame_0389_hp_preview.jpg
-0.158657 10.659360 3.378052 255 68 68 R0 pano_camera4/frame_0390_hp_preview.jpg
-0.217082 10.226347 3.509426 255 68 68 R0 pano_camera4/frame_0391_hp_preview.jpg
-0.213344 10.148110 3.454751 255 68 68 R0 pano_camera4/frame_0392_hp_preview.jpg
-0.166737 10.210181 3.277701 255 68 68 R0 pano_camera4/frame_0393_hp_preview.jpg
-0.133649 10.397394 3.160361 255 68 68 R0 pano_camera4/frame_0394_hp_preview.jpg
-0.072116 10.716951 2.976344 255 68 68 R0 pano_camera4/frame_0395_hp_preview.jpg
0.015276 10.963273 2.690181 255 68 68 R0 pano_camera4/frame_0396_hp_preview.jpg
0.126383 10.815429 2.260128 255 68 68 R0 pano_camera4/frame_0397_hp_preview.jpg
0.142290 10.692274 2.143072 255 68 68 R0 pano_camera4/frame_0398_hp_preview.jpg
0.131028 10.220364 2.063416 255 68 68 R0 pano_camera4/frame_0399_hp_preview.jpg
0.015784 9.807089 2.352373 255 68 68 R0 pano_camera4/frame_0400_hp_preview.jpg
-0.069806 9.499528 2.604791 255 68 68 R0 pano_camera4/frame_0401_hp_preview.jpg
-0.075939 9.477229 2.619604 255 68 68 R0 pano_camera4/frame_0402_hp_preview.jpg
-0.159877 9.190558 2.862661 255 68 68 R0 pano_camera4/frame_0403_hp_preview.jpg
-0.181361 8.675524 2.788148 255 68 68 R0 pano_camera4/frame_0404_hp_preview.jpg
-0.169566 8.650246 2.757044 255 68 68 R0 pano_camera4/frame_0405_hp_preview.jpg
-0.057813 8.550429 2.297920 255 68 68 R0 pano_camera4/frame_0406_hp_preview.jpg
0.025948 8.854801 1.981951 255 68 68 R0 pano_camera4/frame_0407_hp_preview.jpg
0.079491 9.019688 1.824660 255 68 68 R0 pano_camera4/frame_0408_hp_preview.jpg
0.109169 9.146209 1.710839 255 68 68 R0 pano_camera4/frame_0409_hp_preview.jpg
0.210665 9.294718 1.395806 255 68 68 R0 pano_camera4/frame_0410_hp_preview.jpg
0.316064 9.038524 0.834051 255 68 68 R0 pano_camera4/frame_0411_hp_preview.jpg
0.319370 8.984720 0.768697 255 68 68 R0 pano_camera4/frame_0412_hp_preview.jpg
0.360463 8.874993 0.576283 255 68 68 R0 pano_camera4/frame_0413_hp_preview.jpg
0.364827 8.896312 0.574428 255 68 68 R0 pano_camera4/frame_0414_hp_preview.jpg
0.364864 8.897558 0.576103 255 68 68 R0 pano_camera4/frame_0415_hp_preview.jpg
0.360628 8.894600 0.573212 255 68 68 R0 pano_camera4/frame_0416_hp_preview.jpg
-1.775599 2.013698 1.406208 255 68 68 R0 pano_camera5/frame_0140_hp_preview.jpg
-1.804428 1.871878 1.514223 255 68 68 R0 pano_camera5/frame_0141_hp_preview.jpg
-1.872132 1.627692 1.717593 255 68 68 R0 pano_camera5/frame_0142_hp_preview.jpg
-1.902122 1.460776 1.792248 255 68 68 R0 pano_camera5/frame_0143_hp_preview.jpg
-1.880629 1.291672 1.723412 255 68 68 R0 pano_camera5/frame_0144_hp_preview.jpg
-1.836634 1.254143 1.546525 255 68 68 R0 pano_camera5/frame_0145_hp_preview.jpg
-1.862885 2.087013 1.836277 255 68 68 R0 pano_camera5/frame_0157_hp_preview.jpg
-1.875677 2.213309 1.937510 255 68 68 R0 pano_camera5/frame_0158_hp_preview.jpg
-1.892030 2.250261 2.039272 255 68 68 R0 pano_camera5/frame_0159_hp_preview.jpg
-2.035555 2.426377 2.656353 255 68 68 R0 pano_camera5/frame_0160_hp_preview.jpg
-2.091860 2.601548 2.935318 255 68 68 R0 pano_camera5/frame_0161_hp_preview.jpg
-2.136511 2.865530 3.255980 255 68 68 R0 pano_camera5/frame_0162_hp_preview.jpg
-2.160981 3.052040 3.438151 255 68 68 R0 pano_camera5/frame_0163_hp_preview.jpg
-2.176956 3.257938 3.606586 255 68 68 R0 pano_camera5/frame_0164_hp_preview.jpg
-2.156539 3.653069 3.645881 255 68 68 R0 pano_camera5/frame_0165_hp_preview.jpg
-2.120535 3.828301 3.537943 255 68 68 R0 pano_camera5/frame_0166_hp_preview.jpg
-2.023458 4.114560 3.223314 255 68 68 R0 pano_camera5/frame_0167_hp_preview.jpg
-1.940321 4.108316 2.842085 255 68 68 R0 pano_camera5/frame_0168_hp_preview.jpg
-1.906297 4.032015 2.720821 255 68 68 R0 pano_camera5/frame_0169_hp_preview.jpg
-1.818189 3.564419 2.134367 255 68 68 R0 pano_camera5/frame_0170_hp_preview.jpg
-1.791501 3.499692 2.061026 255 68 68 R0 pano_camera5/frame_0171_hp_preview.jpg
-1.744326 3.202274 1.699152 255 68 68 R0 pano_camera5/frame_0172_hp_preview.jpg
-1.650722 3.169529 1.323972 255 68 68 R0 pano_camera5/frame_0173_hp_preview.jpg
-1.557818 3.410673 1.027785 255 68 68 R0 pano_camera5/frame_0174_hp_preview.jpg
-1.553289 3.420137 1.024341 255 68 68 R0 pano_camera5/frame_0175_hp_preview.jpg
-1.519377 3.858783 0.987853 255 68 68 R0 pano_camera5/frame_0176_hp_preview.jpg
-1.511264 4.094328 1.068613 255 68 68 R0 pano_camera5/frame_0177_hp_preview.jpg
-1.497271 4.549892 1.145421 255 68 68 R0 pano_camera5/frame_0178_hp_preview.jpg
-1.423222 4.897043 0.948004 255 68 68 R0 pano_camera5/frame_0179_hp_preview.jpg
-1.377485 4.961437 0.766253 255 68 68 R0 pano_camera5/frame_0180_hp_preview.jpg
-1.342265 4.859372 0.516102 255 68 68 R0 pano_camera5/frame_0181_hp_preview.jpg
-1.315456 4.684995 0.334345 255 68 68 R0 pano_camera5/frame_0182_hp_preview.jpg
-1.240863 4.498968 -0.000685 255 68 68 R0 pano_camera5/frame_0183_hp_preview.jpg
-1.210613 4.667152 -0.127045 255 68 68 R0 pano_camera5/frame_0184_hp_preview.jpg
-1.214262 4.813626 -0.059638 255 68 68 R0 pano_camera5/frame_0185_hp_preview.jpg
-1.244050 4.988379 0.103371 255 68 68 R0 pano_camera5/frame_0186_hp_preview.jpg
-1.266197 5.169363 0.260317 255 68 68 R0 pano_camera5/frame_0187_hp_preview.jpg
-1.274950 5.453797 0.400969 255 68 68 R0 pano_camera5/frame_0188_hp_preview.jpg
-1.240240 5.764378 0.355704 255 68 68 R0 pano_camera5/frame_0189_hp_preview.jpg
-1.228989 5.796779 0.342576 255 68 68 R0 pano_camera5/frame_0190_hp_preview.jpg
-1.169704 5.987112 0.157564 255 68 68 R0 pano_camera5/frame_0191_hp_preview.jpg
-1.082536 6.030740 -0.188942 255 68 68 R0 pano_camera5/frame_0192_hp_preview.jpg
-1.036758 5.930198 -0.450152 255 68 68 R0 pano_camera5/frame_0193_hp_preview.jpg
-0.990040 5.745651 -0.754275 255 68 68 R0 pano_camera5/frame_0194_hp_preview.jpg
-0.941529 5.632964 -0.976655 255 68 68 R0 pano_camera5/frame_0195_hp_preview.jpg
-0.904339 5.685324 -1.173037 255 68 68 R0 pano_camera5/frame_0196_hp_preview.jpg
-0.806401 5.926027 -1.505693 255 68 68 R0 pano_camera5/frame_0197_hp_preview.jpg
-0.661228 6.354682 -1.916661 255 68 68 R0 pano_camera5/frame_0198_hp_preview.jpg
-0.617891 6.480020 -2.036767 255 68 68 R0 pano_camera5/frame_0199_hp_preview.jpg
-0.425369 7.160905 -2.495973 255 68 68 R0 pano_camera5/frame_0200_hp_preview.jpg
-0.359813 7.160775 -2.577606 255 68 68 R0 pano_camera5/frame_0201_hp_preview.jpg
-0.723046 7.056778 -1.397418 255 68 68 R0 pano_camera5/frame_0226_hp_preview.jpg
-0.993328 7.508734 -0.089965 255 68 68 R0 pano_camera5/frame_0240_hp_preview.jpg
-1.016782 7.487105 -0.030134 255 68 68 R0 pano_camera5/frame_0241_hp_preview.jpg
-1.082827 7.557533 0.249674 255 68 68 R0 pano_camera5/frame_0242_hp_preview.jpg
-1.128980 7.421974 0.390266 255 68 68 R0 pano_camera5/frame_0243_hp_preview.jpg
-1.137556 7.212568 0.347210 255 68 68 R0 pano_camera5/frame_0244_hp_preview.jpg
-1.149860 7.108330 0.350046 255 68 68 R0 pano_camera5/frame_0245_hp_preview.jpg
-1.201536 6.833667 0.369209 255 68 68 R0 pano_camera5/frame_0246_hp_preview.jpg
-1.182979 6.715744 0.282436 255 68 68 R0 pano_camera5/frame_0247_hp_preview.jpg
-1.214158 6.394598 0.311208 255 68 68 R0 pano_camera5/frame_0248_hp_preview.jpg
-1.222425 6.357152 0.325305 255 68 68 R0 pano_camera5/frame_0249_hp_preview.jpg
-1.355947 5.681552 0.695038 255 68 68 R0 pano_camera5/frame_0250_hp_preview.jpg
-1.360049 5.670240 0.702538 255 68 68 R0 pano_camera5/frame_0251_hp_preview.jpg
-1.461533 5.319801 1.072599 255 68 68 R0 pano_camera5/frame_0252_hp_preview.jpg
-1.576693 5.108626 1.577784 255 68 68 R0 pano_camera5/frame_0253_hp_preview.jpg
-1.630120 5.339325 1.929742 255 68 68 R0 pano_camera5/frame_0254_hp_preview.jpg
-1.632698 5.381124 1.939830 255 68 68 R0 pano_camera5/frame_0255_hp_preview.jpg
-1.494007 5.847774 1.661189 255 68 68 R0 pano_camera5/frame_0256_hp_preview.jpg
-1.325361 5.988696 1.539188 255 68 68 R0 pano_camera5/frame_0257_hp_preview.jpg
-1.228751 6.040100 1.499912 255 68 68 R0 pano_camera5/frame_0258_hp_preview.jpg
-1.125287 6.127265 1.407887 255 68 68 R0 pano_camera5/frame_0259_hp_preview.jpg
-0.812726 6.322189 1.225186 255 68 68 R0 pano_camera5/frame_0260_hp_preview.jpg
-0.808514 6.325365 1.220098 255 68 68 R0 pano_camera5/frame_0261_hp_preview.jpg
-0.488319 6.549927 1.053207 255 68 68 R0 pano_camera5/frame_0262_hp_preview.jpg
-0.477284 6.560506 1.050286 255 68 68 R0 pano_camera5/frame_0263_hp_preview.jpg
-0.301807 6.671805 0.963972 255 68 68 R0 pano_camera5/frame_0264_hp_preview.jpg
-0.075211 6.845286 0.826427 255 68 68 R0 pano_camera5/frame_0265_hp_preview.jpg
0.109788 6.908709 0.644629 255 68 68 R0 pano_camera5/frame_0266_hp_preview.jpg
0.231640 6.915228 0.458356 255 68 68 R0 pano_camera5/frame_0267_hp_preview.jpg
0.272195 6.742926 0.206725 255 68 68 R0 pano_camera5/frame_0268_hp_preview.jpg
0.349605 6.415271 -0.192109 255 68 68 R0 pano_camera5/frame_0269_hp_preview.jpg
0.395980 6.247676 -0.361630 255 68 68 R0 pano_camera5/frame_0270_hp_preview.jpg
0.436652 5.914249 -0.663080 255 68 68 R0 pano_camera5/frame_0271_hp_preview.jpg
0.484969 5.605737 -0.947186 255 68 68 R0 pano_camera5/frame_0272_hp_preview.jpg
0.521907 5.440716 -1.110060 255 68 68 R0 pano_camera5/frame_0273_hp_preview.jpg
0.598671 4.910319 -1.619044 255 68 68 R0 pano_camera5/frame_0274_hp_preview.jpg
0.613316 4.858962 -1.680126 255 68 68 R0 pano_camera5/frame_0275_hp_preview.jpg
0.685233 4.434771 -2.100161 255 68 68 R0 pano_camera5/frame_0276_hp_preview.jpg
0.714901 4.312003 -2.239585 255 68 68 R0 pano_camera5/frame_0277_hp_preview.jpg
0.810669 3.943757 -2.682363 255 68 68 R0 pano_camera5/frame_0278_hp_preview.jpg
0.838421 3.728557 -2.877841 255 68 68 R0 pano_camera5/frame_0279_hp_preview.jpg
0.937931 3.207650 -3.435941 255 68 68 R0 pano_camera5/frame_0280_hp_preview.jpg
0.950583 3.105782 -3.530175 255 68 68 R0 pano_camera5/frame_0281_hp_preview.jpg
0.976162 2.973795 -3.698762 255 68 68 R0 pano_camera5/frame_0282_hp_preview.jpg
1.026606 2.924149 -3.935679 255 68 68 R0 pano_camera5/frame_0283_hp_preview.jpg
1.117336 3.147092 -4.287886 255 68 68 R0 pano_camera5/frame_0284_hp_preview.jpg
1.122836 3.187174 -4.309143 255 68 68 R0 pano_camera5/frame_0285_hp_preview.jpg
1.181463 3.463954 -4.474219 255 68 68 R0 pano_camera5/frame_0286_hp_preview.jpg
1.205902 3.662338 -4.452239 255 68 68 R0 pano_camera5/frame_0287_hp_preview.jpg
1.229431 3.922185 -4.430488 255 68 68 R0 pano_camera5/frame_0288_hp_preview.jpg
1.259367 4.084115 -4.482208 255 68 68 R0 pano_camera5/frame_0289_hp_preview.jpg
1.322459 4.219075 -4.713689 255 68 68 R0 pano_camera5/frame_0290_hp_preview.jpg
1.447184 4.379181 -5.231862 255 68 68 R0 pano_camera5/frame_0291_hp_preview.jpg
1.500200 4.468450 -5.428448 255 68 68 R0 pano_camera5/frame_0292_hp_preview.jpg
1.539118 4.531741 -5.595016 255 68 68 R0 pano_camera5/frame_0293_hp_preview.jpg
1.650103 5.040550 -5.967912 255 68 68 R0 pano_camera5/frame_0294_hp_preview.jpg
1.656252 5.091540 -5.972743 255 68 68 R0 pano_camera5/frame_0295_hp_preview.jpg
1.627287 5.606143 -5.717836 255 68 68 R0 pano_camera5/frame_0296_hp_preview.jpg
1.554351 5.664245 -5.370106 255 68 68 R0 pano_camera5/frame_0297_hp_preview.jpg
1.470453 5.656034 -5.070243 255 68 68 R0 pano_camera5/frame_0298_hp_preview.jpg
1.419025 5.639179 -4.833859 255 68 68 R0 pano_camera5/frame_0299_hp_preview.jpg
1.315307 5.615583 -4.382948 255 68 68 R0 pano_camera5/frame_0300_hp_preview.jpg
1.224834 5.581799 -4.077577 255 68 68 R0 pano_camera5/frame_0301_hp_preview.jpg
1.143069 5.514438 -3.772885 255 68 68 R0 pano_camera5/frame_0302_hp_preview.jpg
1.046613 5.349181 -3.362451 255 68 68 R0 pano_camera5/frame_0303_hp_preview.jpg
0.986693 5.274191 -3.154114 255 68 68 R0 pano_camera5/frame_0304_hp_preview.jpg
0.852864 5.149617 -2.654240 255 68 68 R0 pano_camera5/frame_0305_hp_preview.jpg
0.721257 5.150453 -2.141408 255 68 68 R0 pano_camera5/frame_0306_hp_preview.jpg
0.640445 5.209871 -1.808459 255 68 68 R0 pano_camera5/frame_0307_hp_preview.jpg
0.629752 5.245630 -1.727092 255 68 68 R0 pano_camera5/frame_0308_hp_preview.jpg
0.579130 5.593046 -1.402662 255 68 68 R0 pano_camera5/frame_0309_hp_preview.jpg
0.611726 6.056841 -1.345288 255 68 68 R0 pano_camera5/frame_0310_hp_preview.jpg
0.661383 6.311729 -1.531504 255 68 68 R0 pano_camera5/frame_0311_hp_preview.jpg
0.778462 6.525945 -1.907204 255 68 68 R0 pano_camera5/frame_0312_hp_preview.jpg
0.856568 6.629516 -2.198444 255 68 68 R0 pano_camera5/frame_0313_hp_preview.jpg
0.924576 6.695283 -2.465980 255 68 68 R0 pano_camera5/frame_0314_hp_preview.jpg
1.094790 6.873565 -3.114585 255 68 68 R0 pano_camera5/frame_0315_hp_preview.jpg
1.110877 6.890913 -3.160280 255 68 68 R0 pano_camera5/frame_0316_hp_preview.jpg
1.210592 7.055915 -3.568647 255 68 68 R0 pano_camera5/frame_0317_hp_preview.jpg
1.306863 7.377238 -3.914588 255 68 68 R0 pano_camera5/frame_0318_hp_preview.jpg
1.315466 7.504047 -3.907660 255 68 68 R0 pano_camera5/frame_0319_hp_preview.jpg
1.327028 7.832675 -3.765146 255 68 68 R0 pano_camera5/frame_0320_hp_preview.jpg
1.236969 8.295658 -3.234251 255 68 68 R0 pano_camera5/frame_0321_hp_preview.jpg
1.229705 8.319839 -3.199562 255 68 68 R0 pano_camera5/frame_0322_hp_preview.jpg
1.110707 8.381042 -2.738049 255 68 68 R0 pano_camera5/frame_0323_hp_preview.jpg
1.003727 8.268136 -2.284535 255 68 68 R0 pano_camera5/frame_0324_hp_preview.jpg
0.985108 8.269315 -2.238840 255 68 68 R0 pano_camera5/frame_0325_hp_preview.jpg
0.881943 8.432753 -1.778491 255 68 68 R0 pano_camera5/frame_0326_hp_preview.jpg
0.878270 8.689847 -1.696733 255 68 68 R0 pano_camera5/frame_0327_hp_preview.jpg
0.901947 8.827154 -1.715530 255 68 68 R0 pano_camera5/frame_0328_hp_preview.jpg
0.946467 9.034339 -1.822194 255 68 68 R0 pano_camera5/frame_0329_hp_preview.jpg
0.997069 9.399746 -1.901817 255 68 68 R0 pano_camera5/frame_0330_hp_preview.jpg
0.978824 9.504783 -1.800693 255 68 68 R0 pano_camera5/frame_0331_hp_preview.jpg
0.867244 9.308911 -1.436943 255 68 68 R0 pano_camera5/frame_0332_hp_preview.jpg
0.822219 9.124612 -1.336944 255 68 68 R0 pano_camera5/frame_0333_hp_preview.jpg
0.741110 8.827586 -1.099973 255 68 68 R0 pano_camera5/frame_0334_hp_preview.jpg
0.697237 8.705589 -0.940767 255 68 68 R0 pano_camera5/frame_0335_hp_preview.jpg
0.637699 8.562033 -0.772561 255 68 68 R0 pano_camera5/frame_0336_hp_preview.jpg
0.511121 8.284587 -0.361021 255 68 68 R0 pano_camera5/frame_0337_hp_preview.jpg
0.454703 8.148058 -0.151940 255 68 68 R0 pano_camera5/frame_0338_hp_preview.jpg
0.293449 7.840643 0.407380 255 68 68 R0 pano_camera5/frame_0339_hp_preview.jpg
0.218101 7.696661 0.790931 255 68 68 R0 pano_camera5/frame_0340_hp_preview.jpg
0.185409 7.652266 0.888134 255 68 68 R0 pano_camera5/frame_0341_hp_preview.jpg
0.109623 7.489731 1.165558 255 68 68 R0 pano_camera5/frame_0342_hp_preview.jpg
0.022314 7.217497 1.473547 255 68 68 R0 pano_camera5/frame_0343_hp_preview.jpg
-0.050883 7.220377 1.816383 255 68 68 R0 pano_camera5/frame_0344_hp_preview.jpg
-0.019814 7.479620 1.769265 255 68 68 R0 pano_camera5/frame_0345_hp_preview.jpg
0.027430 7.696619 1.615701 255 68 68 R0 pano_camera5/frame_0346_hp_preview.jpg
0.079795 7.821439 1.428626 255 68 68 R0 pano_camera5/frame_0347_hp_preview.jpg
0.140278 7.971947 1.222958 255 68 68 R0 pano_camera5/frame_0348_hp_preview.jpg
0.271612 8.330273 0.733470 255 68 68 R0 pano_camera5/frame_0349_hp_preview.jpg
0.316280 8.550614 0.554944 255 68 68 R0 pano_camera5/frame_0350_hp_preview.jpg
0.353273 8.721178 0.431178 255 68 68 R0 pano_camera5/frame_0351_hp_preview.jpg
0.422107 9.181943 0.292640 255 68 68 R0 pano_camera5/frame_0352_hp_preview.jpg
0.451835 9.404513 0.293764 255 68 68 R0 pano_camera5/frame_0353_hp_preview.jpg
0.512919 9.780855 0.174929 255 68 68 R0 pano_camera5/frame_0354_hp_preview.jpg
0.571472 9.914913 0.021449 255 68 68 R0 pano_camera5/frame_0355_hp_preview.jpg
0.675572 9.885369 -0.390749 255 68 68 R0 pano_camera5/frame_0356_hp_preview.jpg
0.727720 9.848165 -0.684138 255 68 68 R0 pano_camera5/frame_0357_hp_preview.jpg
0.727552 9.815852 -0.774086 255 68 68 R0 pano_camera5/frame_0358_hp_preview.jpg
0.722936 9.787963 -0.802530 255 68 68 R0 pano_camera5/frame_0359_hp_preview.jpg
0.740917 9.834730 -0.798642 255 68 68 R0 pano_camera5/frame_0360_hp_preview.jpg
0.740906 9.835410 -0.802922 255 68 68 R0 pano_camera5/frame_0361_hp_preview.jpg
0.816739 9.974708 -1.043783 255 68 68 R0 pano_camera5/frame_0362_hp_preview.jpg
0.840539 10.112801 -1.081318 255 68 68 R0 pano_camera5/frame_0363_hp_preview.jpg
0.883723 10.371154 -1.057189 255 68 68 R0 pano_camera5/frame_0364_hp_preview.jpg
0.876151 10.444830 -0.993701 255 68 68 R0 pano_camera5/frame_0365_hp_preview.jpg
0.775499 10.443859 -0.606034 255 68 68 R0 pano_camera5/frame_0366_hp_preview.jpg
0.757143 10.414128 -0.551885 255 68 68 R0 pano_camera5/frame_0367_hp_preview.jpg
0.666909 10.241172 -0.280808 255 68 68 R0 pano_camera5/frame_0368_hp_preview.jpg
0.504122 9.872625 0.278737 255 68 68 R0 pano_camera5/frame_0369_hp_preview.jpg
0.428581 9.861678 0.469649 255 68 68 R0 pano_camera5/frame_0370_hp_preview.jpg
0.430813 9.980471 0.630286 255 68 68 R0 pano_camera5/frame_0371_hp_preview.jpg
0.454924 10.312104 0.613828 255 68 68 R0 pano_camera5/frame_0372_hp_preview.jpg
0.535813 10.590920 0.404967 255 68 68 R0 pano_camera5/frame_0373_hp_preview.jpg
0.644837 11.237073 0.134156 255 68 68 R0 pano_camera5/frame_0374_hp_preview.jpg
0.664525 11.428104 0.150124 255 68 68 R0 pano_camera5/frame_0375_hp_preview.jpg
0.666996 11.639311 0.252804 255 68 68 R0 pano_camera5/frame_0376_hp_preview.jpg
0.657609 11.802144 0.366259 255 68 68 R0 pano_camera5/frame_0377_hp_preview.jpg
0.613745 12.253763 0.811962 255 68 68 R0 pano_camera5/frame_0378_hp_preview.jpg
0.573596 12.352595 0.967601 255 68 68 R0 pano_camera5/frame_0379_hp_preview.jpg
0.522162 12.442394 1.200913 255 68 68 R0 pano_camera5/frame_0380_hp_preview.jpg
0.403914 12.509854 1.201501 255 68 68 R0 pano_camera5/frame_0381_hp_preview.jpg
0.243096 12.526391 1.320931 255 68 68 R0 pano_camera5/frame_0382_hp_preview.jpg
0.376430 12.434890 1.618143 255 68 68 R0 pano_camera5/frame_0383_hp_preview.jpg
0.388809 12.405065 1.615633 255 68 68 R0 pano_camera5/frame_0384_hp_preview.jpg
0.345844 12.222183 1.787915 255 68 68 R0 pano_camera5/frame_0385_hp_preview.jpg
0.236174 11.856223 2.175111 255 68 68 R0 pano_camera5/frame_0386_hp_preview.jpg
0.177754 11.706764 2.369535 255 68 68 R0 pano_camera5/frame_0387_hp_preview.jpg
0.006360 11.183350 2.931045 255 68 68 R0 pano_camera5/frame_0388_hp_preview.jpg
-0.107949 10.819690 3.261376 255 68 68 R0 pano_camera5/frame_0389_hp_preview.jpg
-0.158657 10.659360 3.378052 255 68 68 R0 pano_camera5/frame_0390_hp_preview.jpg
-0.217082 10.226347 3.509426 255 68 68 R0 pano_camera5/frame_0391_hp_preview.jpg
-0.213344 10.148110 3.454751 255 68 68 R0 pano_camera5/frame_0392_hp_preview.jpg
-0.166737 10.210181 3.277701 255 68 68 R0 pano_camera5/frame_0393_hp_preview.jpg
-0.133649 10.397394 3.160361 255 68 68 R0 pano_camera5/frame_0394_hp_preview.jpg
-0.072116 10.716951 2.976344 255 68 68 R0 pano_camera5/frame_0395_hp_preview.jpg
0.015276 10.963273 2.690181 255 68 68 R0 pano_camera5/frame_0396_hp_preview.jpg
0.126383 10.815429 2.260128 255 68 68 R0 pano_camera5/frame_0397_hp_preview.jpg
0.142290 10.692274 2.143072 255 68 68 R0 pano_camera5/frame_0398_hp_preview.jpg
0.131028 10.220364 2.063416 255 68 68 R0 pano_camera5/frame_0399_hp_preview.jpg
0.015784 9.807089 2.352373 255 68 68 R0 pano_camera5/frame_0400_hp_preview.jpg
-0.069806 9.499528 2.604791 255 68 68 R0 pano_camera5/frame_0401_hp_preview.jpg
-0.075939 9.477229 2.619604 255 68 68 R0 pano_camera5/frame_0402_hp_preview.jpg
-0.159877 9.190558 2.862661 255 68 68 R0 pano_camera5/frame_0403_hp_preview.jpg
-0.181361 8.675524 2.788148 255 68 68 R0 pano_camera5/frame_0404_hp_preview.jpg
-0.169566 8.650246 2.757044 255 68 68 R0 pano_camera5/frame_0405_hp_preview.jpg
-0.057813 8.550429 2.297920 255 68 68 R0 pano_camera5/frame_0406_hp_preview.jpg
0.025948 8.854801 1.981951 255 68 68 R0 pano_camera5/frame_0407_hp_preview.jpg
0.079491 9.019688 1.824660 255 68 68 R0 pano_camera5/frame_0408_hp_preview.jpg
0.109169 9.146209 1.710839 255 68 68 R0 pano_camera5/frame_0409_hp_preview.jpg
0.210665 9.294718 1.395806 255 68 68 R0 pano_camera5/frame_0410_hp_preview.jpg
0.316064 9.038524 0.834051 255 68 68 R0 pano_camera5/frame_0411_hp_preview.jpg
0.319370 8.984720 0.768697 255 68 68 R0 pano_camera5/frame_0412_hp_preview.jpg
0.360463 8.874993 0.576283 255 68 68 R0 pano_camera5/frame_0413_hp_preview.jpg
0.364827 8.896312 0.574428 255 68 68 R0 pano_camera5/frame_0414_hp_preview.jpg
0.364864 8.897558 0.576103 255 68 68 R0 pano_camera5/frame_0415_hp_preview.jpg
0.360628 8.894600 0.573212 255 68 68 R0 pano_camera5/frame_0416_hp_preview.jpg
-1.775599 2.013698 1.406208 255 68 68 R0 pano_camera6/frame_0140_hp_preview.jpg
-1.804428 1.871878 1.514223 255 68 68 R0 pano_camera6/frame_0141_hp_preview.jpg
-1.872132 1.627692 1.717593 255 68 68 R0 pano_camera6/frame_0142_hp_preview.jpg
-1.902122 1.460776 1.792248 255 68 68 R0 pano_camera6/frame_0143_hp_preview.jpg
-1.880629 1.291672 1.723412 255 68 68 R0 pano_camera6/frame_0144_hp_preview.jpg
-1.836634 1.254143 1.546525 255 68 68 R0 pano_camera6/frame_0145_hp_preview.jpg
-1.862885 2.087013 1.836277 255 68 68 R0 pano_camera6/frame_0157_hp_preview.jpg
-1.875677 2.213309 1.937510 255 68 68 R0 pano_camera6/frame_0158_hp_preview.jpg
-1.892030 2.250261 2.039272 255 68 68 R0 pano_camera6/frame_0159_hp_preview.jpg
-2.035555 2.426377 2.656353 255 68 68 R0 pano_camera6/frame_0160_hp_preview.jpg
-2.091860 2.601548 2.935318 255 68 68 R0 pano_camera6/frame_0161_hp_preview.jpg
-2.136511 2.865530 3.255980 255 68 68 R0 pano_camera6/frame_0162_hp_preview.jpg
-2.160981 3.052040 3.438151 255 68 68 R0 pano_camera6/frame_0163_hp_preview.jpg
-2.176956 3.257938 3.606586 255 68 68 R0 pano_camera6/frame_0164_hp_preview.jpg
-2.156539 3.653069 3.645881 255 68 68 R0 pano_camera6/frame_0165_hp_preview.jpg
-2.120535 3.828301 3.537943 255 68 68 R0 pano_camera6/frame_0166_hp_preview.jpg
-2.023458 4.114560 3.223314 255 68 68 R0 pano_camera6/frame_0167_hp_preview.jpg
-1.940321 4.108316 2.842085 255 68 68 R0 pano_camera6/frame_0168_hp_preview.jpg
-1.906297 4.032015 2.720821 255 68 68 R0 pano_camera6/frame_0169_hp_preview.jpg
-1.818189 3.564419 2.134367 255 68 68 R0 pano_camera6/frame_0170_hp_preview.jpg
-1.791501 3.499692 2.061026 255 68 68 R0 pano_camera6/frame_0171_hp_preview.jpg
-1.744326 3.202274 1.699152 255 68 68 R0 pano_camera6/frame_0172_hp_preview.jpg
-1.650722 3.169529 1.323972 255 68 68 R0 pano_camera6/frame_0173_hp_preview.jpg
-1.557818 3.410673 1.027785 255 68 68 R0 pano_camera6/frame_0174_hp_preview.jpg
-1.553289 3.420137 1.024341 255 68 68 R0 pano_camera6/frame_0175_hp_preview.jpg
-1.519377 3.858783 0.987853 255 68 68 R0 pano_camera6/frame_0176_hp_preview.jpg
-1.511264 4.094328 1.068613 255 68 68 R0 pano_camera6/frame_0177_hp_preview.jpg
-1.497271 4.549892 1.145421 255 68 68 R0 pano_camera6/frame_0178_hp_preview.jpg
-1.423222 4.897043 0.948004 255 68 68 R0 pano_camera6/frame_0179_hp_preview.jpg
-1.377485 4.961437 0.766253 255 68 68 R0 pano_camera6/frame_0180_hp_preview.jpg
-1.342265 4.859372 0.516102 255 68 68 R0 pano_camera6/frame_0181_hp_preview.jpg
-1.315456 4.684995 0.334345 255 68 68 R0 pano_camera6/frame_0182_hp_preview.jpg
-1.240863 4.498968 -0.000685 255 68 68 R0 pano_camera6/frame_0183_hp_preview.jpg
-1.210613 4.667152 -0.127045 255 68 68 R0 pano_camera6/frame_0184_hp_preview.jpg
-1.214262 4.813626 -0.059638 255 68 68 R0 pano_camera6/frame_0185_hp_preview.jpg
-1.244050 4.988379 0.103371 255 68 68 R0 pano_camera6/frame_0186_hp_preview.jpg
-1.266197 5.169363 0.260317 255 68 68 R0 pano_camera6/frame_0187_hp_preview.jpg
-1.274950 5.453797 0.400969 255 68 68 R0 pano_camera6/frame_0188_hp_preview.jpg
-1.240240 5.764378 0.355704 255 68 68 R0 pano_camera6/frame_0189_hp_preview.jpg
-1.228989 5.796779 0.342576 255 68 68 R0 pano_camera6/frame_0190_hp_preview.jpg
-1.169704 5.987112 0.157564 255 68 68 R0 pano_camera6/frame_0191_hp_preview.jpg
-1.082536 6.030740 -0.188942 255 68 68 R0 pano_camera6/frame_0192_hp_preview.jpg
-1.036758 5.930198 -0.450152 255 68 68 R0 pano_camera6/frame_0193_hp_preview.jpg
-0.990040 5.745651 -0.754275 255 68 68 R0 pano_camera6/frame_0194_hp_preview.jpg
-0.941529 5.632964 -0.976655 255 68 68 R0 pano_camera6/frame_0195_hp_preview.jpg
-0.904339 5.685324 -1.173037 255 68 68 R0 pano_camera6/frame_0196_hp_preview.jpg
-0.806401 5.926027 -1.505693 255 68 68 R0 pano_camera6/frame_0197_hp_preview.jpg
-0.661228 6.354682 -1.916661 255 68 68 R0 pano_camera6/frame_0198_hp_preview.jpg
-0.617891 6.480020 -2.036767 255 68 68 R0 pano_camera6/frame_0199_hp_preview.jpg
-0.425369 7.160905 -2.495973 255 68 68 R0 pano_camera6/frame_0200_hp_preview.jpg
-0.359813 7.160775 -2.577606 255 68 68 R0 pano_camera6/frame_0201_hp_preview.jpg
-0.723046 7.056778 -1.397418 255 68 68 R0 pano_camera6/frame_0226_hp_preview.jpg
-0.993328 7.508734 -0.089965 255 68 68 R0 pano_camera6/frame_0240_hp_preview.jpg
-1.016782 7.487105 -0.030134 255 68 68 R0 pano_camera6/frame_0241_hp_preview.jpg
-1.082827 7.557533 0.249674 255 68 68 R0 pano_camera6/frame_0242_hp_preview.jpg
-1.128980 7.421974 0.390266 255 68 68 R0 pano_camera6/frame_0243_hp_preview.jpg
-1.137556 7.212568 0.347210 255 68 68 R0 pano_camera6/frame_0244_hp_preview.jpg
-1.149860 7.108330 0.350046 255 68 68 R0 pano_camera6/frame_0245_hp_preview.jpg
-1.201536 6.833667 0.369209 255 68 68 R0 pano_camera6/frame_0246_hp_preview.jpg
-1.182979 6.715744 0.282436 255 68 68 R0 pano_camera6/frame_0247_hp_preview.jpg
-1.214158 6.394598 0.311208 255 68 68 R0 pano_camera6/frame_0248_hp_preview.jpg
-1.222425 6.357152 0.325305 255 68 68 R0 pano_camera6/frame_0249_hp_preview.jpg
-1.355947 5.681552 0.695038 255 68 68 R0 pano_camera6/frame_0250_hp_preview.jpg
-1.360049 5.670240 0.702538 255 68 68 R0 pano_camera6/frame_0251_hp_preview.jpg
-1.461533 5.319801 1.072599 255 68 68 R0 pano_camera6/frame_0252_hp_preview.jpg
-1.576693 5.108626 1.577784 255 68 68 R0 pano_camera6/frame_0253_hp_preview.jpg
-1.630120 5.339325 1.929742 255 68 68 R0 pano_camera6/frame_0254_hp_preview.jpg
-1.632698 5.381124 1.939830 255 68 68 R0 pano_camera6/frame_0255_hp_preview.jpg
-1.494007 5.847774 1.661189 255 68 68 R0 pano_camera6/frame_0256_hp_preview.jpg
-1.325361 5.988696 1.539188 255 68 68 R0 pano_camera6/frame_0257_hp_preview.jpg
-1.228751 6.040100 1.499912 255 68 68 R0 pano_camera6/frame_0258_hp_preview.jpg
-1.125287 6.127265 1.407887 255 68 68 R0 pano_camera6/frame_0259_hp_preview.jpg
-0.812726 6.322189 1.225186 255 68 68 R0 pano_camera6/frame_0260_hp_preview.jpg
-0.808514 6.325365 1.220098 255 68 68 R0 pano_camera6/frame_0261_hp_preview.jpg
-0.488319 6.549927 1.053207 255 68 68 R0 pano_camera6/frame_0262_hp_preview.jpg
-0.477284 6.560506 1.050286 255 68 68 R0 pano_camera6/frame_0263_hp_preview.jpg
-0.301807 6.671805 0.963972 255 68 68 R0 pano_camera6/frame_0264_hp_preview.jpg
-0.075211 6.845286 0.826427 255 68 68 R0 pano_camera6/frame_0265_hp_preview.jpg
0.109788 6.908709 0.644629 255 68 68 R0 pano_camera6/frame_0266_hp_preview.jpg
0.231640 6.915228 0.458356 255 68 68 R0 pano_camera6/frame_0267_hp_preview.jpg
0.272195 6.742926 0.206725 255 68 68 R0 pano_camera6/frame_0268_hp_preview.jpg
0.349605 6.415271 -0.192109 255 68 68 R0 pano_camera6/frame_0269_hp_preview.jpg
0.395980 6.247676 -0.361630 255 68 68 R0 pano_camera6/frame_0270_hp_preview.jpg
0.436652 5.914249 -0.663080 255 68 68 R0 pano_camera6/frame_0271_hp_preview.jpg
0.484969 5.605737 -0.947186 255 68 68 R0 pano_camera6/frame_0272_hp_preview.jpg
0.521907 5.440716 -1.110060 255 68 68 R0 pano_camera6/frame_0273_hp_preview.jpg
0.598671 4.910319 -1.619044 255 68 68 R0 pano_camera6/frame_0274_hp_preview.jpg
0.613316 4.858962 -1.680126 255 68 68 R0 pano_camera6/frame_0275_hp_preview.jpg
0.685233 4.434771 -2.100161 255 68 68 R0 pano_camera6/frame_0276_hp_preview.jpg
0.714901 4.312003 -2.239585 255 68 68 R0 pano_camera6/frame_0277_hp_preview.jpg
0.810669 3.943757 -2.682363 255 68 68 R0 pano_camera6/frame_0278_hp_preview.jpg
0.838421 3.728557 -2.877841 255 68 68 R0 pano_camera6/frame_0279_hp_preview.jpg
0.937931 3.207650 -3.435941 255 68 68 R0 pano_camera6/frame_0280_hp_preview.jpg
0.950583 3.105782 -3.530175 255 68 68 R0 pano_camera6/frame_0281_hp_preview.jpg
0.976162 2.973795 -3.698762 255 68 68 R0 pano_camera6/frame_0282_hp_preview.jpg
1.026606 2.924149 -3.935679 255 68 68 R0 pano_camera6/frame_0283_hp_preview.jpg
1.117336 3.147092 -4.287886 255 68 68 R0 pano_camera6/frame_0284_hp_preview.jpg
1.122836 3.187174 -4.309143 255 68 68 R0 pano_camera6/frame_0285_hp_preview.jpg
1.181463 3.463954 -4.474219 255 68 68 R0 pano_camera6/frame_0286_hp_preview.jpg
1.205902 3.662338 -4.452239 255 68 68 R0 pano_camera6/frame_0287_hp_preview.jpg
1.229431 3.922185 -4.430488 255 68 68 R0 pano_camera6/frame_0288_hp_preview.jpg
1.259367 4.084115 -4.482208 255 68 68 R0 pano_camera6/frame_0289_hp_preview.jpg
1.322459 4.219075 -4.713689 255 68 68 R0 pano_camera6/frame_0290_hp_preview.jpg
1.447184 4.379181 -5.231862 255 68 68 R0 pano_camera6/frame_0291_hp_preview.jpg
1.500200 4.468450 -5.428448 255 68 68 R0 pano_camera6/frame_0292_hp_preview.jpg
1.539118 4.531741 -5.595016 255 68 68 R0 pano_camera6/frame_0293_hp_preview.jpg
1.650103 5.040550 -5.967912 255 68 68 R0 pano_camera6/frame_0294_hp_preview.jpg
1.656252 5.091540 -5.972743 255 68 68 R0 pano_camera6/frame_0295_hp_preview.jpg
1.627287 5.606143 -5.717836 255 68 68 R0 pano_camera6/frame_0296_hp_preview.jpg
1.554351 5.664245 -5.370106 255 68 68 R0 pano_camera6/frame_0297_hp_preview.jpg
1.470453 5.656034 -5.070243 255 68 68 R0 pano_camera6/frame_0298_hp_preview.jpg
1.419025 5.639179 -4.833859 255 68 68 R0 pano_camera6/frame_0299_hp_preview.jpg
1.315307 5.615583 -4.382948 255 68 68 R0 pano_camera6/frame_0300_hp_preview.jpg
1.224834 5.581799 -4.077577 255 68 68 R0 pano_camera6/frame_0301_hp_preview.jpg
1.143069 5.514438 -3.772885 255 68 68 R0 pano_camera6/frame_0302_hp_preview.jpg
1.046613 5.349181 -3.362451 255 68 68 R0 pano_camera6/frame_0303_hp_preview.jpg
0.986693 5.274191 -3.154114 255 68 68 R0 pano_camera6/frame_0304_hp_preview.jpg
0.852864 5.149617 -2.654240 255 68 68 R0 pano_camera6/frame_0305_hp_preview.jpg
0.721257 5.150453 -2.141408 255 68 68 R0 pano_camera6/frame_0306_hp_preview.jpg
0.640445 5.209871 -1.808459 255 68 68 R0 pano_camera6/frame_0307_hp_preview.jpg
0.629752 5.245630 -1.727092 255 68 68 R0 pano_camera6/frame_0308_hp_preview.jpg
0.579130 5.593046 -1.402662 255 68 68 R0 pano_camera6/frame_0309_hp_preview.jpg
0.611726 6.056841 -1.345288 255 68 68 R0 pano_camera6/frame_0310_hp_preview.jpg
0.661383 6.311729 -1.531504 255 68 68 R0 pano_camera6/frame_0311_hp_preview.jpg
0.778462 6.525945 -1.907204 255 68 68 R0 pano_camera6/frame_0312_hp_preview.jpg
0.856568 6.629516 -2.198444 255 68 68 R0 pano_camera6/frame_0313_hp_preview.jpg
0.924576 6.695283 -2.465980 255 68 68 R0 pano_camera6/frame_0314_hp_preview.jpg
1.094790 6.873565 -3.114585 255 68 68 R0 pano_camera6/frame_0315_hp_preview.jpg
1.110877 6.890913 -3.160280 255 68 68 R0 pano_camera6/frame_0316_hp_preview.jpg
1.210592 7.055915 -3.568647 255 68 68 R0 pano_camera6/frame_0317_hp_preview.jpg
1.306863 7.377238 -3.914588 255 68 68 R0 pano_camera6/frame_0318_hp_preview.jpg
1.315466 7.504047 -3.907660 255 68 68 R0 pano_camera6/frame_0319_hp_preview.jpg
1.327028 7.832675 -3.765146 255 68 68 R0 pano_camera6/frame_0320_hp_preview.jpg
1.236969 8.295658 -3.234251 255 68 68 R0 pano_camera6/frame_0321_hp_preview.jpg
1.229705 8.319839 -3.199562 255 68 68 R0 pano_camera6/frame_0322_hp_preview.jpg
1.110707 8.381042 -2.738049 255 68 68 R0 pano_camera6/frame_0323_hp_preview.jpg
1.003727 8.268136 -2.284535 255 68 68 R0 pano_camera6/frame_0324_hp_preview.jpg
0.985108 8.269315 -2.238840 255 68 68 R0 pano_camera6/frame_0325_hp_preview.jpg
0.881943 8.432753 -1.778491 255 68 68 R0 pano_camera6/frame_0326_hp_preview.jpg
0.878270 8.689847 -1.696733 255 68 68 R0 pano_camera6/frame_0327_hp_preview.jpg
0.901947 8.827154 -1.715530 255 68 68 R0 pano_camera6/frame_0328_hp_preview.jpg
0.946467 9.034339 -1.822194 255 68 68 R0 pano_camera6/frame_0329_hp_preview.jpg
0.997069 9.399746 -1.901817 255 68 68 R0 pano_camera6/frame_0330_hp_preview.jpg
0.978824 9.504783 -1.800693 255 68 68 R0 pano_camera6/frame_0331_hp_preview.jpg
0.867244 9.308911 -1.436943 255 68 68 R0 pano_camera6/frame_0332_hp_preview.jpg
0.822219 9.124612 -1.336944 255 68 68 R0 pano_camera6/frame_0333_hp_preview.jpg
0.741110 8.827586 -1.099973 255 68 68 R0 pano_camera6/frame_0334_hp_preview.jpg
0.697237 8.705589 -0.940767 255 68 68 R0 pano_camera6/frame_0335_hp_preview.jpg
0.637699 8.562033 -0.772561 255 68 68 R0 pano_camera6/frame_0336_hp_preview.jpg
0.511121 8.284587 -0.361021 255 68 68 R0 pano_camera6/frame_0337_hp_preview.jpg
0.454703 8.148058 -0.151940 255 68 68 R0 pano_camera6/frame_0338_hp_preview.jpg
0.293449 7.840643 0.407380 255 68 68 R0 pano_camera6/frame_0339_hp_preview.jpg
0.218101 7.696661 0.790931 255 68 68 R0 pano_camera6/frame_0340_hp_preview.jpg
0.185409 7.652266 0.888134 255 68 68 R0 pano_camera6/frame_0341_hp_preview.jpg
0.109623 7.489731 1.165558 255 68 68 R0 pano_camera6/frame_0342_hp_preview.jpg
0.022314 7.217497 1.473547 255 68 68 R0 pano_camera6/frame_0343_hp_preview.jpg
-0.050883 7.220377 1.816383 255 68 68 R0 pano_camera6/frame_0344_hp_preview.jpg
-0.019814 7.479620 1.769265 255 68 68 R0 pano_camera6/frame_0345_hp_preview.jpg
0.027430 7.696619 1.615701 255 68 68 R0 pano_camera6/frame_0346_hp_preview.jpg
0.079795 7.821439 1.428626 255 68 68 R0 pano_camera6/frame_0347_hp_preview.jpg
0.140278 7.971947 1.222958 255 68 68 R0 pano_camera6/frame_0348_hp_preview.jpg
0.271612 8.330273 0.733470 255 68 68 R0 pano_camera6/frame_0349_hp_preview.jpg
0.316280 8.550614 0.554944 255 68 68 R0 pano_camera6/frame_0350_hp_preview.jpg
0.353273 8.721178 0.431178 255 68 68 R0 pano_camera6/frame_0351_hp_preview.jpg
0.422107 9.181943 0.292640 255 68 68 R0 pano_camera6/frame_0352_hp_preview.jpg
0.451835 9.404513 0.293764 255 68 68 R0 pano_camera6/frame_0353_hp_preview.jpg
0.512919 9.780855 0.174929 255 68 68 R0 pano_camera6/frame_0354_hp_preview.jpg
0.571472 9.914913 0.021449 255 68 68 R0 pano_camera6/frame_0355_hp_preview.jpg
0.675572 9.885369 -0.390749 255 68 68 R0 pano_camera6/frame_0356_hp_preview.jpg
0.727720 9.848165 -0.684138 255 68 68 R0 pano_camera6/frame_0357_hp_preview.jpg
0.727552 9.815852 -0.774086 255 68 68 R0 pano_camera6/frame_0358_hp_preview.jpg
0.722936 9.787963 -0.802530 255 68 68 R0 pano_camera6/frame_0359_hp_preview.jpg
0.740917 9.834730 -0.798642 255 68 68 R0 pano_camera6/frame_0360_hp_preview.jpg
0.740906 9.835410 -0.802922 255 68 68 R0 pano_camera6/frame_0361_hp_preview.jpg
0.816739 9.974708 -1.043783 255 68 68 R0 pano_camera6/frame_0362_hp_preview.jpg
0.840539 10.112801 -1.081318 255 68 68 R0 pano_camera6/frame_0363_hp_preview.jpg
0.883723 10.371154 -1.057189 255 68 68 R0 pano_camera6/frame_0364_hp_preview.jpg
0.876151 10.444830 -0.993701 255 68 68 R0 pano_camera6/frame_0365_hp_preview.jpg
0.775499 10.443859 -0.606034 255 68 68 R0 pano_camera6/frame_0366_hp_preview.jpg
0.757143 10.414128 -0.551885 255 68 68 R0 pano_camera6/frame_0367_hp_preview.jpg
0.666909 10.241172 -0.280808 255 68 68 R0 pano_camera6/frame_0368_hp_preview.jpg
0.504122 9.872625 0.278737 255 68 68 R0 pano_camera6/frame_0369_hp_preview.jpg
0.428581 9.861678 0.469649 255 68 68 R0 pano_camera6/frame_0370_hp_preview.jpg
0.430813 9.980471 0.630286 255 68 68 R0 pano_camera6/frame_0371_hp_preview.jpg
0.454924 10.312104 0.613828 255 68 68 R0 pano_camera6/frame_0372_hp_preview.jpg
0.535813 10.590920 0.404967 255 68 68 R0 pano_camera6/frame_0373_hp_preview.jpg
0.644837 11.237073 0.134156 255 68 68 R0 pano_camera6/frame_0374_hp_preview.jpg
0.664525 11.428104 0.150124 255 68 68 R0 pano_camera6/frame_0375_hp_preview.jpg
0.666996 11.639311 0.252804 255 68 68 R0 pano_camera6/frame_0376_hp_preview.jpg
0.657609 11.802144 0.366259 255 68 68 R0 pano_camera6/frame_0377_hp_preview.jpg
0.613745 12.253763 0.811962 255 68 68 R0 pano_camera6/frame_0378_hp_preview.jpg
0.573596 12.352595 0.967601 255 68 68 R0 pano_camera6/frame_0379_hp_preview.jpg
0.522162 12.442394 1.200913 255 68 68 R0 pano_camera6/frame_0380_hp_preview.jpg
0.403914 12.509854 1.201501 255 68 68 R0 pano_camera6/frame_0381_hp_preview.jpg
0.243096 12.526391 1.320931 255 68 68 R0 pano_camera6/frame_0382_hp_preview.jpg
0.376430 12.434890 1.618143 255 68 68 R0 pano_camera6/frame_0383_hp_preview.jpg
0.388809 12.405065 1.615633 255 68 68 R0 pano_camera6/frame_0384_hp_preview.jpg
0.345844 12.222183 1.787915 255 68 68 R0 pano_camera6/frame_0385_hp_preview.jpg
0.236174 11.856223 2.175111 255 68 68 R0 pano_camera6/frame_0386_hp_preview.jpg
0.177754 11.706764 2.369535 255 68 68 R0 pano_camera6/frame_0387_hp_preview.jpg
0.006360 11.183350 2.931045 255 68 68 R0 pano_camera6/frame_0388_hp_preview.jpg
-0.107949 10.819690 3.261376 255 68 68 R0 pano_camera6/frame_0389_hp_preview.jpg
-0.158657 10.659360 3.378052 255 68 68 R0 pano_camera6/frame_0390_hp_preview.jpg
-0.217082 10.226347 3.509426 255 68 68 R0 pano_camera6/frame_0391_hp_preview.jpg
-0.213344 10.148110 3.454751 255 68 68 R0 pano_camera6/frame_0392_hp_preview.jpg
-0.166737 10.210181 3.277701 255 68 68 R0 pano_camera6/frame_0393_hp_preview.jpg
-0.133649 10.397394 3.160361 255 68 68 R0 pano_camera6/frame_0394_hp_preview.jpg
-0.072116 10.716951 2.976344 255 68 68 R0 pano_camera6/frame_0395_hp_preview.jpg
0.015276 10.963273 2.690181 255 68 68 R0 pano_camera6/frame_0396_hp_preview.jpg
0.126383 10.815429 2.260128 255 68 68 R0 pano_camera6/frame_0397_hp_preview.jpg
0.142290 10.692274 2.143072 255 68 68 R0 pano_camera6/frame_0398_hp_preview.jpg
0.131028 10.220364 2.063416 255 68 68 R0 pano_camera6/frame_0399_hp_preview.jpg
0.015784 9.807089 2.352373 255 68 68 R0 pano_camera6/frame_0400_hp_preview.jpg
-0.069806 9.499528 2.604791 255 68 68 R0 pano_camera6/frame_0401_hp_preview.jpg
-0.075939 9.477229 2.619604 255 68 68 R0 pano_camera6/frame_0402_hp_preview.jpg
-0.159877 9.190558 2.862661 255 68 68 R0 pano_camera6/frame_0403_hp_preview.jpg
-0.181361 8.675524 2.788148 255 68 68 R0 pano_camera6/frame_0404_hp_preview.jpg
-0.169566 8.650246 2.757044 255 68 68 R0 pano_camera6/frame_0405_hp_preview.jpg
-0.057813 8.550429 2.297920 255 68 68 R0 pano_camera6/frame_0406_hp_preview.jpg
0.025948 8.854801 1.981951 255 68 68 R0 pano_camera6/frame_0407_hp_preview.jpg
0.079491 9.019688 1.824660 255 68 68 R0 pano_camera6/frame_0408_hp_preview.jpg
0.109169 9.146209 1.710839 255 68 68 R0 pano_camera6/frame_0409_hp_preview.jpg
0.210665 9.294718 1.395806 255 68 68 R0 pano_camera6/frame_0410_hp_preview.jpg
0.316064 9.038524 0.834051 255 68 68 R0 pano_camera6/frame_0411_hp_preview.jpg
0.319370 8.984720 0.768697 255 68 68 R0 pano_camera6/frame_0412_hp_preview.jpg
0.360463 8.874993 0.576283 255 68 68 R0 pano_camera6/frame_0413_hp_preview.jpg
0.364827 8.896312 0.574428 255 68 68 R0 pano_camera6/frame_0414_hp_preview.jpg
0.364864 8.897558 0.576103 255 68 68 R0 pano_camera6/frame_0415_hp_preview.jpg
0.360628 8.894600 0.573212 255 68 68 R0 pano_camera6/frame_0416_hp_preview.jpg
-1.775599 2.013698 1.406208 255 68 68 R0 pano_camera7/frame_0140_hp_preview.jpg
-1.804428 1.871878 1.514223 255 68 68 R0 pano_camera7/frame_0141_hp_preview.jpg
-1.872132 1.627692 1.717593 255 68 68 R0 pano_camera7/frame_0142_hp_preview.jpg
-1.902122 1.460776 1.792248 255 68 68 R0 pano_camera7/frame_0143_hp_preview.jpg
-1.880629 1.291672 1.723412 255 68 68 R0 pano_camera7/frame_0144_hp_preview.jpg
-1.836634 1.254143 1.546525 255 68 68 R0 pano_camera7/frame_0145_hp_preview.jpg
-1.862885 2.087013 1.836277 255 68 68 R0 pano_camera7/frame_0157_hp_preview.jpg
-1.875677 2.213309 1.937510 255 68 68 R0 pano_camera7/frame_0158_hp_preview.jpg
-1.892030 2.250261 2.039272 255 68 68 R0 pano_camera7/frame_0159_hp_preview.jpg
-2.035555 2.426377 2.656353 255 68 68 R0 pano_camera7/frame_0160_hp_preview.jpg
-2.091860 2.601548 2.935318 255 68 68 R0 pano_camera7/frame_0161_hp_preview.jpg
-2.136511 2.865530 3.255980 255 68 68 R0 pano_camera7/frame_0162_hp_preview.jpg
-2.160981 3.052040 3.438151 255 68 68 R0 pano_camera7/frame_0163_hp_preview.jpg
-2.176956 3.257938 3.606586 255 68 68 R0 pano_camera7/frame_0164_hp_preview.jpg
-2.156539 3.653069 3.645881 255 68 68 R0 pano_camera7/frame_0165_hp_preview.jpg
-2.120535 3.828301 3.537943 255 68 68 R0 pano_camera7/frame_0166_hp_preview.jpg
-2.023458 4.114560 3.223314 255 68 68 R0 pano_camera7/frame_0167_hp_preview.jpg
-1.940321 4.108316 2.842085 255 68 68 R0 pano_camera7/frame_0168_hp_preview.jpg
-1.906297 4.032015 2.720821 255 68 68 R0 pano_camera7/frame_0169_hp_preview.jpg
-1.818189 3.564419 2.134367 255 68 68 R0 pano_camera7/frame_0170_hp_preview.jpg
-1.791501 3.499692 2.061026 255 68 68 R0 pano_camera7/frame_0171_hp_preview.jpg
-1.744326 3.202274 1.699152 255 68 68 R0 pano_camera7/frame_0172_hp_preview.jpg
-1.650722 3.169529 1.323972 255 68 68 R0 pano_camera7/frame_0173_hp_preview.jpg
-1.557818 3.410673 1.027785 255 68 68 R0 pano_camera7/frame_0174_hp_preview.jpg
-1.553289 3.420137 1.024341 255 68 68 R0 pano_camera7/frame_0175_hp_preview.jpg
-1.519377 3.858783 0.987853 255 68 68 R0 pano_camera7/frame_0176_hp_preview.jpg
-1.511264 4.094328 1.068613 255 68 68 R0 pano_camera7/frame_0177_hp_preview.jpg
-1.497271 4.549892 1.145421 255 68 68 R0 pano_camera7/frame_0178_hp_preview.jpg
-1.423222 4.897043 0.948004 255 68 68 R0 pano_camera7/frame_0179_hp_preview.jpg
-1.377485 4.961437 0.766253 255 68 68 R0 pano_camera7/frame_0180_hp_preview.jpg
-1.342265 4.859372 0.516102 255 68 68 R0 pano_camera7/frame_0181_hp_preview.jpg
-1.315456 4.684995 0.334345 255 68 68 R0 pano_camera7/frame_0182_hp_preview.jpg
-1.240863 4.498968 -0.000685 255 68 68 R0 pano_camera7/frame_0183_hp_preview.jpg
-1.210613 4.667152 -0.127045 255 68 68 R0 pano_camera7/frame_0184_hp_preview.jpg
-1.214262 4.813626 -0.059638 255 68 68 R0 pano_camera7/frame_0185_hp_preview.jpg
-1.244050 4.988379 0.103371 255 68 68 R0 pano_camera7/frame_0186_hp_preview.jpg
-1.266197 5.169363 0.260317 255 68 68 R0 pano_camera7/frame_0187_hp_preview.jpg
-1.274950 5.453797 0.400969 255 68 68 R0 pano_camera7/frame_0188_hp_preview.jpg
-1.240240 5.764378 0.355704 255 68 68 R0 pano_camera7/frame_0189_hp_preview.jpg
-1.228989 5.796779 0.342576 255 68 68 R0 pano_camera7/frame_0190_hp_preview.jpg
-1.169704 5.987112 0.157564 255 68 68 R0 pano_camera7/frame_0191_hp_preview.jpg
-1.082536 6.030740 -0.188942 255 68 68 R0 pano_camera7/frame_0192_hp_preview.jpg
-1.036758 5.930198 -0.450152 255 68 68 R0 pano_camera7/frame_0193_hp_preview.jpg
-0.990040 5.745651 -0.754275 255 68 68 R0 pano_camera7/frame_0194_hp_preview.jpg
-0.941529 5.632964 -0.976655 255 68 68 R0 pano_camera7/frame_0195_hp_preview.jpg
-0.904339 5.685324 -1.173037 255 68 68 R0 pano_camera7/frame_0196_hp_preview.jpg
-0.806401 5.926027 -1.505693 255 68 68 R0 pano_camera7/frame_0197_hp_preview.jpg
-0.661228 6.354682 -1.916661 255 68 68 R0 pano_camera7/frame_0198_hp_preview.jpg
-0.617891 6.480020 -2.036767 255 68 68 R0 pano_camera7/frame_0199_hp_preview.jpg
-0.425369 7.160905 -2.495973 255 68 68 R0 pano_camera7/frame_0200_hp_preview.jpg
-0.359813 7.160775 -2.577606 255 68 68 R0 pano_camera7/frame_0201_hp_preview.jpg
-0.723046 7.056778 -1.397418 255 68 68 R0 pano_camera7/frame_0226_hp_preview.jpg
-0.993328 7.508734 -0.089965 255 68 68 R0 pano_camera7/frame_0240_hp_preview.jpg
-1.016782 7.487105 -0.030134 255 68 68 R0 pano_camera7/frame_0241_hp_preview.jpg
-1.082827 7.557533 0.249674 255 68 68 R0 pano_camera7/frame_0242_hp_preview.jpg
-1.128980 7.421974 0.390266 255 68 68 R0 pano_camera7/frame_0243_hp_preview.jpg
-1.137556 7.212568 0.347210 255 68 68 R0 pano_camera7/frame_0244_hp_preview.jpg
-1.149860 7.108330 0.350046 255 68 68 R0 pano_camera7/frame_0245_hp_preview.jpg
-1.201536 6.833667 0.369209 255 68 68 R0 pano_camera7/frame_0246_hp_preview.jpg
-1.182979 6.715744 0.282436 255 68 68 R0 pano_camera7/frame_0247_hp_preview.jpg
-1.214158 6.394598 0.311208 255 68 68 R0 pano_camera7/frame_0248_hp_preview.jpg
-1.222425 6.357152 0.325305 255 68 68 R0 pano_camera7/frame_0249_hp_preview.jpg
-1.355947 5.681552 0.695038 255 68 68 R0 pano_camera7/frame_0250_hp_preview.jpg
-1.360049 5.670240 0.702538 255 68 68 R0 pano_camera7/frame_0251_hp_preview.jpg
-1.461533 5.319801 1.072599 255 68 68 R0 pano_camera7/frame_0252_hp_preview.jpg
-1.576693 5.108626 1.577784 255 68 68 R0 pano_camera7/frame_0253_hp_preview.jpg
-1.630120 5.339325 1.929742 255 68 68 R0 pano_camera7/frame_0254_hp_preview.jpg
-1.632698 5.381124 1.939830 255 68 68 R0 pano_camera7/frame_0255_hp_preview.jpg
-1.494007 5.847774 1.661189 255 68 68 R0 pano_camera7/frame_0256_hp_preview.jpg
-1.325361 5.988696 1.539188 255 68 68 R0 pano_camera7/frame_0257_hp_preview.jpg
-1.228751 6.040100 1.499912 255 68 68 R0 pano_camera7/frame_0258_hp_preview.jpg
-1.125287 6.127265 1.407887 255 68 68 R0 pano_camera7/frame_0259_hp_preview.jpg
-0.812726 6.322189 1.225186 255 68 68 R0 pano_camera7/frame_0260_hp_preview.jpg
-0.808514 6.325365 1.220098 255 68 68 R0 pano_camera7/frame_0261_hp_preview.jpg
-0.488319 6.549927 1.053207 255 68 68 R0 pano_camera7/frame_0262_hp_preview.jpg
-0.477284 6.560506 1.050286 255 68 68 R0 pano_camera7/frame_0263_hp_preview.jpg
-0.301807 6.671805 0.963972 255 68 68 R0 pano_camera7/frame_0264_hp_preview.jpg
-0.075211 6.845286 0.826427 255 68 68 R0 pano_camera7/frame_0265_hp_preview.jpg
0.109788 6.908709 0.644629 255 68 68 R0 pano_camera7/frame_0266_hp_preview.jpg
0.231640 6.915228 0.458356 255 68 68 R0 pano_camera7/frame_0267_hp_preview.jpg
0.272195 6.742926 0.206725 255 68 68 R0 pano_camera7/frame_0268_hp_preview.jpg
0.349605 6.415271 -0.192109 255 68 68 R0 pano_camera7/frame_0269_hp_preview.jpg
0.395980 6.247676 -0.361630 255 68 68 R0 pano_camera7/frame_0270_hp_preview.jpg
0.436652 5.914249 -0.663080 255 68 68 R0 pano_camera7/frame_0271_hp_preview.jpg
0.484969 5.605737 -0.947186 255 68 68 R0 pano_camera7/frame_0272_hp_preview.jpg
0.521907 5.440716 -1.110060 255 68 68 R0 pano_camera7/frame_0273_hp_preview.jpg
0.598671 4.910319 -1.619044 255 68 68 R0 pano_camera7/frame_0274_hp_preview.jpg
0.613316 4.858962 -1.680126 255 68 68 R0 pano_camera7/frame_0275_hp_preview.jpg
0.685233 4.434771 -2.100161 255 68 68 R0 pano_camera7/frame_0276_hp_preview.jpg
0.714901 4.312003 -2.239585 255 68 68 R0 pano_camera7/frame_0277_hp_preview.jpg
0.810669 3.943757 -2.682363 255 68 68 R0 pano_camera7/frame_0278_hp_preview.jpg
0.838421 3.728557 -2.877841 255 68 68 R0 pano_camera7/frame_0279_hp_preview.jpg
0.937931 3.207650 -3.435941 255 68 68 R0 pano_camera7/frame_0280_hp_preview.jpg
0.950583 3.105782 -3.530175 255 68 68 R0 pano_camera7/frame_0281_hp_preview.jpg
0.976162 2.973795 -3.698762 255 68 68 R0 pano_camera7/frame_0282_hp_preview.jpg
1.026606 2.924149 -3.935679 255 68 68 R0 pano_camera7/frame_0283_hp_preview.jpg
1.117336 3.147092 -4.287886 255 68 68 R0 pano_camera7/frame_0284_hp_preview.jpg
1.122836 3.187174 -4.309143 255 68 68 R0 pano_camera7/frame_0285_hp_preview.jpg
1.181463 3.463954 -4.474219 255 68 68 R0 pano_camera7/frame_0286_hp_preview.jpg
1.205902 3.662338 -4.452239 255 68 68 R0 pano_camera7/frame_0287_hp_preview.jpg
1.229431 3.922185 -4.430488 255 68 68 R0 pano_camera7/frame_0288_hp_preview.jpg
1.259367 4.084115 -4.482208 255 68 68 R0 pano_camera7/frame_0289_hp_preview.jpg
1.322459 4.219075 -4.713689 255 68 68 R0 pano_camera7/frame_0290_hp_preview.jpg
1.447184 4.379181 -5.231862 255 68 68 R0 pano_camera7/frame_0291_hp_preview.jpg
1.500200 4.468450 -5.428448 255 68 68 R0 pano_camera7/frame_0292_hp_preview.jpg
1.539118 4.531741 -5.595016 255 68 68 R0 pano_camera7/frame_0293_hp_preview.jpg
1.650103 5.040550 -5.967912 255 68 68 R0 pano_camera7/frame_0294_hp_preview.jpg
1.656252 5.091540 -5.972743 255 68 68 R0 pano_camera7/frame_0295_hp_preview.jpg
1.627287 5.606143 -5.717836 255 68 68 R0 pano_camera7/frame_0296_hp_preview.jpg
1.554351 5.664245 -5.370106 255 68 68 R0 pano_camera7/frame_0297_hp_preview.jpg
1.470453 5.656034 -5.070243 255 68 68 R0 pano_camera7/frame_0298_hp_preview.jpg
1.419025 5.639179 -4.833859 255 68 68 R0 pano_camera7/frame_0299_hp_preview.jpg
1.315307 5.615583 -4.382948 255 68 68 R0 pano_camera7/frame_0300_hp_preview.jpg
1.224834 5.581799 -4.077577 255 68 68 R0 pano_camera7/frame_0301_hp_preview.jpg
1.143069 5.514438 -3.772885 255 68 68 R0 pano_camera7/frame_0302_hp_preview.jpg
1.046613 5.349181 -3.362451 255 68 68 R0 pano_camera7/frame_0303_hp_preview.jpg
0.986693 5.274191 -3.154114 255 68 68 R0 pano_camera7/frame_0304_hp_preview.jpg
0.852864 5.149617 -2.654240 255 68 68 R0 pano_camera7/frame_0305_hp_preview.jpg
0.721257 5.150453 -2.141408 255 68 68 R0 pano_camera7/frame_0306_hp_preview.jpg
0.640445 5.209871 -1.808459 255 68 68 R0 pano_camera7/frame_0307_hp_preview.jpg
0.629752 5.245630 -1.727092 255 68 68 R0 pano_camera7/frame_0308_hp_preview.jpg
0.579130 5.593046 -1.402662 255 68 68 R0 pano_camera7/frame_0309_hp_preview.jpg
0.611726 6.056841 -1.345288 255 68 68 R0 pano_camera7/frame_0310_hp_preview.jpg
0.661383 6.311729 -1.531504 255 68 68 R0 pano_camera7/frame_0311_hp_preview.jpg
0.778462 6.525945 -1.907204 255 68 68 R0 pano_camera7/frame_0312_hp_preview.jpg
0.856568 6.629516 -2.198444 255 68 68 R0 pano_camera7/frame_0313_hp_preview.jpg
0.924576 6.695283 -2.465980 255 68 68 R0 pano_camera7/frame_0314_hp_preview.jpg
1.094790 6.873565 -3.114585 255 68 68 R0 pano_camera7/frame_0315_hp_preview.jpg
1.110877 6.890913 -3.160280 255 68 68 R0 pano_camera7/frame_0316_hp_preview.jpg
1.210592 7.055915 -3.568647 255 68 68 R0 pano_camera7/frame_0317_hp_preview.jpg
1.306863 7.377238 -3.914588 255 68 68 R0 pano_camera7/frame_0318_hp_preview.jpg
1.315466 7.504047 -3.907660 255 68 68 R0 pano_camera7/frame_0319_hp_preview.jpg
1.327028 7.832675 -3.765146 255 68 68 R0 pano_camera7/frame_0320_hp_preview.jpg
1.236969 8.295658 -3.234251 255 68 68 R0 pano_camera7/frame_0321_hp_preview.jpg
1.229705 8.319839 -3.199562 255 68 68 R0 pano_camera7/frame_0322_hp_preview.jpg
1.110707 8.381042 -2.738049 255 68 68 R0 pano_camera7/frame_0323_hp_preview.jpg
1.003727 8.268136 -2.284535 255 68 68 R0 pano_camera7/frame_0324_hp_preview.jpg
0.985108 8.269315 -2.238840 255 68 68 R0 pano_camera7/frame_0325_hp_preview.jpg
0.881943 8.432753 -1.778491 255 68 68 R0 pano_camera7/frame_0326_hp_preview.jpg
0.878270 8.689847 -1.696733 255 68 68 R0 pano_camera7/frame_0327_hp_preview.jpg
0.901947 8.827154 -1.715530 255 68 68 R0 pano_camera7/frame_0328_hp_preview.jpg
0.946467 9.034339 -1.822194 255 68 68 R0 pano_camera7/frame_0329_hp_preview.jpg
0.997069 9.399746 -1.901817 255 68 68 R0 pano_camera7/frame_0330_hp_preview.jpg
0.978824 9.504783 -1.800693 255 68 68 R0 pano_camera7/frame_0331_hp_preview.jpg
0.867244 9.308911 -1.436943 255 68 68 R0 pano_camera7/frame_0332_hp_preview.jpg
0.822219 9.124612 -1.336944 255 68 68 R0 pano_camera7/frame_0333_hp_preview.jpg
0.741110 8.827586 -1.099973 255 68 68 R0 pano_camera7/frame_0334_hp_preview.jpg
0.697237 8.705589 -0.940767 255 68 68 R0 pano_camera7/frame_0335_hp_preview.jpg
0.637699 8.562033 -0.772561 255 68 68 R0 pano_camera7/frame_0336_hp_preview.jpg
0.511121 8.284587 -0.361021 255 68 68 R0 pano_camera7/frame_0337_hp_preview.jpg
0.454703 8.148058 -0.151940 255 68 68 R0 pano_camera7/frame_0338_hp_preview.jpg
0.293449 7.840643 0.407380 255 68 68 R0 pano_camera7/frame_0339_hp_preview.jpg
0.218101 7.696661 0.790931 255 68 68 R0 pano_camera7/frame_0340_hp_preview.jpg
0.185409 7.652266 0.888134 255 68 68 R0 pano_camera7/frame_0341_hp_preview.jpg
0.109623 7.489731 1.165558 255 68 68 R0 pano_camera7/frame_0342_hp_preview.jpg
0.022314 7.217497 1.473547 255 68 68 R0 pano_camera7/frame_0343_hp_preview.jpg
-0.050883 7.220377 1.816383 255 68 68 R0 pano_camera7/frame_0344_hp_preview.jpg
-0.019814 7.479620 1.769265 255 68 68 R0 pano_camera7/frame_0345_hp_preview.jpg
0.027430 7.696619 1.615701 255 68 68 R0 pano_camera7/frame_0346_hp_preview.jpg
0.079795 7.821439 1.428626 255 68 68 R0 pano_camera7/frame_0347_hp_preview.jpg
0.140278 7.971947 1.222958 255 68 68 R0 pano_camera7/frame_0348_hp_preview.jpg
0.271612 8.330273 0.733470 255 68 68 R0 pano_camera7/frame_0349_hp_preview.jpg
0.316280 8.550614 0.554944 255 68 68 R0 pano_camera7/frame_0350_hp_preview.jpg
0.353273 8.721178 0.431178 255 68 68 R0 pano_camera7/frame_0351_hp_preview.jpg
0.422107 9.181943 0.292640 255 68 68 R0 pano_camera7/frame_0352_hp_preview.jpg
0.451835 9.404513 0.293764 255 68 68 R0 pano_camera7/frame_0353_hp_preview.jpg
0.512919 9.780855 0.174929 255 68 68 R0 pano_camera7/frame_0354_hp_preview.jpg
0.571472 9.914913 0.021449 255 68 68 R0 pano_camera7/frame_0355_hp_preview.jpg
0.675572 9.885369 -0.390749 255 68 68 R0 pano_camera7/frame_0356_hp_preview.jpg
0.727720 9.848165 -0.684138 255 68 68 R0 pano_camera7/frame_0357_hp_preview.jpg
0.727552 9.815852 -0.774086 255 68 68 R0 pano_camera7/frame_0358_hp_preview.jpg
0.722936 9.787963 -0.802530 255 68 68 R0 pano_camera7/frame_0359_hp_preview.jpg
0.740917 9.834730 -0.798642 255 68 68 R0 pano_camera7/frame_0360_hp_preview.jpg
0.740906 9.835410 -0.802922 255 68 68 R0 pano_camera7/frame_0361_hp_preview.jpg
0.816739 9.974708 -1.043783 255 68 68 R0 pano_camera7/frame_0362_hp_preview.jpg
0.840539 10.112801 -1.081318 255 68 68 R0 pano_camera7/frame_0363_hp_preview.jpg
0.883723 10.371154 -1.057189 255 68 68 R0 pano_camera7/frame_0364_hp_preview.jpg
0.876151 10.444830 -0.993701 255 68 68 R0 pano_camera7/frame_0365_hp_preview.jpg
0.775499 10.443859 -0.606034 255 68 68 R0 pano_camera7/frame_0366_hp_preview.jpg
0.757143 10.414128 -0.551885 255 68 68 R0 pano_camera7/frame_0367_hp_preview.jpg
0.666909 10.241172 -0.280808 255 68 68 R0 pano_camera7/frame_0368_hp_preview.jpg
0.504122 9.872625 0.278737 255 68 68 R0 pano_camera7/frame_0369_hp_preview.jpg
0.428581 9.861678 0.469649 255 68 68 R0 pano_camera7/frame_0370_hp_preview.jpg
0.430813 9.980471 0.630286 255 68 68 R0 pano_camera7/frame_0371_hp_preview.jpg
0.454924 10.312104 0.613828 255 68 68 R0 pano_camera7/frame_0372_hp_preview.jpg
0.535813 10.590920 0.404967 255 68 68 R0 pano_camera7/frame_0373_hp_preview.jpg
0.644837 11.237073 0.134156 255 68 68 R0 pano_camera7/frame_0374_hp_preview.jpg
0.664525 11.428104 0.150124 255 68 68 R0 pano_camera7/frame_0375_hp_preview.jpg
0.666996 11.639311 0.252804 255 68 68 R0 pano_camera7/frame_0376_hp_preview.jpg
0.657609 11.802144 0.366259 255 68 68 R0 pano_camera7/frame_0377_hp_preview.jpg
0.613745 12.253763 0.811962 255 68 68 R0 pano_camera7/frame_0378_hp_preview.jpg
0.573596 12.352595 0.967601 255 68 68 R0 pano_camera7/frame_0379_hp_preview.jpg
0.522162 12.442394 1.200913 255 68 68 R0 pano_camera7/frame_0380_hp_preview.jpg
0.403914 12.509854 1.201501 255 68 68 R0 pano_camera7/frame_0381_hp_preview.jpg
0.243096 12.526391 1.320931 255 68 68 R0 pano_camera7/frame_0382_hp_preview.jpg
0.376430 12.434890 1.618143 255 68 68 R0 pano_camera7/frame_0383_hp_preview.jpg
0.388809 12.405065 1.615633 255 68 68 R0 pano_camera7/frame_0384_hp_preview.jpg
0.345844 12.222183 1.787915 255 68 68 R0 pano_camera7/frame_0385_hp_preview.jpg
0.236174 11.856223 2.175111 255 68 68 R0 pano_camera7/frame_0386_hp_preview.jpg
0.177754 11.706764 2.369535 255 68 68 R0 pano_camera7/frame_0387_hp_preview.jpg
0.006360 11.183350 2.931045 255 68 68 R0 pano_camera7/frame_0388_hp_preview.jpg
-0.107949 10.819690 3.261376 255 68 68 R0 pano_camera7/frame_0389_hp_preview.jpg
-0.158657 10.659360 3.378052 255 68 68 R0 pano_camera7/frame_0390_hp_preview.jpg
-0.217082 10.226347 3.509426 255 68 68 R0 pano_camera7/frame_0391_hp_preview.jpg
-0.213344 10.148110 3.454751 255 68 68 R0 pano_camera7/frame_0392_hp_preview.jpg
-0.166737 10.210181 3.277701 255 68 68 R0 pano_camera7/frame_0393_hp_preview.jpg
-0.133649 10.397394 3.160361 255 68 68 R0 pano_camera7/frame_0394_hp_preview.jpg
-0.072116 10.716951 2.976344 255 68 68 R0 pano_camera7/frame_0395_hp_preview.jpg
0.015276 10.963273 2.690181 255 68 68 R0 pano_camera7/frame_0396_hp_preview.jpg
0.126383 10.815429 2.260128 255 68 68 R0 pano_camera7/frame_0397_hp_preview.jpg
0.142290 10.692274 2.143072 255 68 68 R0 pano_camera7/frame_0398_hp_preview.jpg
0.131028 10.220364 2.063416 255 68 68 R0 pano_camera7/frame_0399_hp_preview.jpg
0.015784 9.807089 2.352373 255 68 68 R0 pano_camera7/frame_0400_hp_preview.jpg
-0.069806 9.499528 2.604791 255 68 68 R0 pano_camera7/frame_0401_hp_preview.jpg
-0.075939 9.477229 2.619604 255 68 68 R0 pano_camera7/frame_0402_hp_preview.jpg
-0.159877 9.190558 2.862661 255 68 68 R0 pano_camera7/frame_0403_hp_preview.jpg
-0.181361 8.675524 2.788148 255 68 68 R0 pano_camera7/frame_0404_hp_preview.jpg
-0.169566 8.650246 2.757044 255 68 68 R0 pano_camera7/frame_0405_hp_preview.jpg
-0.057813 8.550429 2.297920 255 68 68 R0 pano_camera7/frame_0406_hp_preview.jpg
0.025948 8.854801 1.981951 255 68 68 R0 pano_camera7/frame_0407_hp_preview.jpg
0.079491 9.019688 1.824660 255 68 68 R0 pano_camera7/frame_0408_hp_preview.jpg
0.109169 9.146209 1.710839 255 68 68 R0 pano_camera7/frame_0409_hp_preview.jpg
0.210665 9.294718 1.395806 255 68 68 R0 pano_camera7/frame_0410_hp_preview.jpg
0.316064 9.038524 0.834051 255 68 68 R0 pano_camera7/frame_0411_hp_preview.jpg
0.319370 8.984720 0.768697 255 68 68 R0 pano_camera7/frame_0412_hp_preview.jpg
0.360463 8.874993 0.576283 255 68 68 R0 pano_camera7/frame_0413_hp_preview.jpg
0.364827 8.896312 0.574428 255 68 68 R0 pano_camera7/frame_0414_hp_preview.jpg
0.364864 8.897558 0.576103 255 68 68 R0 pano_camera7/frame_0415_hp_preview.jpg
0.360628 8.894600 0.573212 255 68 68 R0 pano_camera7/frame_0416_hp_preview.jpg

# Object R1: Green (720 points)
# Transform: Pos(0.000, 0.000, 0.000) Scale(1.000, 1.000, 1.000) Quat(0.000, 0.000, 0.000, 1.000)
-0.623249 -0.325869 2.744597 68 255 68 R1 pano_camera0/frame_0000_hp_preview.jpg
0.669514 -0.339202 3.187987 68 255 68 R1 pano_camera0/frame_0002_hp_preview.jpg
1.332726 -0.286863 3.403878 68 255 68 R1 pano_camera0/frame_0003_hp_preview.jpg
1.693152 -0.258791 3.530954 68 255 68 R1 pano_camera0/frame_0004_hp_preview.jpg
1.749196 -0.010650 3.698661 68 255 68 R1 pano_camera0/frame_0005_hp_preview.jpg
1.565189 -0.072385 3.513375 68 255 68 R1 pano_camera0/frame_0006_hp_preview.jpg
1.512363 -0.161448 3.380070 68 255 68 R1 pano_camera0/frame_0007_hp_preview.jpg
1.508968 -0.162651 3.389015 68 255 68 R1 pano_camera0/frame_0008_hp_preview.jpg
1.513425 -0.150454 3.443850 68 255 68 R1 pano_camera0/frame_0009_hp_preview.jpg
1.517539 -0.147064 3.447429 68 255 68 R1 pano_camera0/frame_0010_hp_preview.jpg
1.536189 -0.133453 3.440059 68 255 68 R1 pano_camera0/frame_0011_hp_preview.jpg
1.484612 -0.168132 3.439498 68 255 68 R1 pano_camera0/frame_0012_hp_preview.jpg
1.519912 -0.156602 3.362827 68 255 68 R1 pano_camera0/frame_0013_hp_preview.jpg
1.576979 0.059464 3.463982 68 255 68 R1 pano_camera0/frame_0014_hp_preview.jpg
1.646241 0.056416 3.451498 68 255 68 R1 pano_camera0/frame_0015_hp_preview.jpg
1.640388 0.076151 3.383198 68 255 68 R1 pano_camera0/frame_0016_hp_preview.jpg
1.253118 0.060922 3.257053 68 255 68 R1 pano_camera0/frame_0017_hp_preview.jpg
0.815873 0.057589 3.064520 68 255 68 R1 pano_camera0/frame_0018_hp_preview.jpg
0.569395 0.056236 2.859557 68 255 68 R1 pano_camera0/frame_0019_hp_preview.jpg
0.387429 0.059633 2.550361 68 255 68 R1 pano_camera0/frame_0020_hp_preview.jpg
0.291076 0.052551 1.962108 68 255 68 R1 pano_camera0/frame_0021_hp_preview.jpg
0.200286 0.050661 0.979284 68 255 68 R1 pano_camera0/frame_0022_hp_preview.jpg
0.123725 0.040199 0.559499 68 255 68 R1 pano_camera0/frame_0023_hp_preview.jpg
0.134890 0.041271 0.252961 68 255 68 R1 pano_camera0/frame_0024_hp_preview.jpg
0.378821 0.058056 -0.254174 68 255 68 R1 pano_camera0/frame_0025_hp_preview.jpg
0.679792 0.090104 -0.491403 68 255 68 R1 pano_camera0/frame_0026_hp_preview.jpg
0.965152 0.100713 -0.587056 68 255 68 R1 pano_camera0/frame_0027_hp_preview.jpg
0.369237 0.075132 -0.868426 68 255 68 R1 pano_camera0/frame_0028_hp_preview.jpg
-0.401856 0.067787 -1.024328 68 255 68 R1 pano_camera0/frame_0029_hp_preview.jpg
-1.097955 0.049659 -1.215436 68 255 68 R1 pano_camera0/frame_0030_hp_preview.jpg
-1.535664 0.057266 -1.480343 68 255 68 R1 pano_camera0/frame_0031_hp_preview.jpg
-1.605558 0.047336 -1.955276 68 255 68 R1 pano_camera0/frame_0032_hp_preview.jpg
-1.480291 0.044110 -2.216170 68 255 68 R1 pano_camera0/frame_0033_hp_preview.jpg
-0.697874 0.088518 -2.564426 68 255 68 R1 pano_camera0/frame_0034_hp_preview.jpg
-0.458635 0.095138 -2.497707 68 255 68 R1 pano_camera0/frame_0035_hp_preview.jpg
0.129470 0.086894 -2.289798 68 255 68 R1 pano_camera0/frame_0036_hp_preview.jpg
0.589213 0.113257 -2.196490 68 255 68 R1 pano_camera0/frame_0037_hp_preview.jpg
1.018408 0.114298 -2.117545 68 255 68 R1 pano_camera0/frame_0038_hp_preview.jpg
1.758965 0.099238 -2.365394 68 255 68 R1 pano_camera0/frame_0039_hp_preview.jpg
2.100579 0.136265 -2.718351 68 255 68 R1 pano_camera0/frame_0040_hp_preview.jpg
2.146057 0.147215 -2.794905 68 255 68 R1 pano_camera0/frame_0041_hp_preview.jpg
2.515883 0.150781 -3.431626 68 255 68 R1 pano_camera0/frame_0042_hp_preview.jpg
2.885535 0.272511 -3.762189 68 255 68 R1 pano_camera0/frame_0043_hp_preview.jpg
3.333666 0.277968 -3.651401 68 255 68 R1 pano_camera0/frame_0044_hp_preview.jpg
3.989905 0.275130 -3.623259 68 255 68 R1 pano_camera0/frame_0045_hp_preview.jpg
4.127588 0.278595 -3.832147 68 255 68 R1 pano_camera0/frame_0046_hp_preview.jpg
4.098364 0.270142 -3.922432 68 255 68 R1 pano_camera0/frame_0047_hp_preview.jpg
3.921626 0.279195 -4.130327 68 255 68 R1 pano_camera0/frame_0048_hp_preview.jpg
3.312251 0.280885 -4.386841 68 255 68 R1 pano_camera0/frame_0049_hp_preview.jpg
2.495812 0.265788 -4.423021 68 255 68 R1 pano_camera0/frame_0050_hp_preview.jpg
2.460548 0.269000 -4.419909 68 255 68 R1 pano_camera0/frame_0051_hp_preview.jpg
1.629563 0.240678 -4.543623 68 255 68 R1 pano_camera0/frame_0052_hp_preview.jpg
1.446746 0.143382 -4.654957 68 255 68 R1 pano_camera0/frame_0053_hp_preview.jpg
1.253000 0.142002 -4.974225 68 255 68 R1 pano_camera0/frame_0054_hp_preview.jpg
0.465711 0.116369 -5.284512 68 255 68 R1 pano_camera0/frame_0055_hp_preview.jpg
0.081323 0.125161 -5.233444 68 255 68 R1 pano_camera0/frame_0056_hp_preview.jpg
-0.322277 0.110452 -5.129429 68 255 68 R1 pano_camera0/frame_0057_hp_preview.jpg
-0.584774 0.104270 -5.065747 68 255 68 R1 pano_camera0/frame_0058_hp_preview.jpg
-0.869366 0.077016 -4.716542 68 255 68 R1 pano_camera0/frame_0059_hp_preview.jpg
-1.130045 0.084470 -4.156928 68 255 68 R1 pano_camera0/frame_0060_hp_preview.jpg
-1.271831 0.089754 -3.872212 68 255 68 R1 pano_camera0/frame_0061_hp_preview.jpg
-1.544330 0.043062 -2.915186 68 255 68 R1 pano_camera0/frame_0062_hp_preview.jpg
-1.769806 0.043611 -2.198827 68 255 68 R1 pano_camera0/frame_0063_hp_preview.jpg
-1.810777 0.044026 -2.069174 68 255 68 R1 pano_camera0/frame_0064_hp_preview.jpg
-2.305132 0.004940 -1.300966 68 255 68 R1 pano_camera0/frame_0065_hp_preview.jpg
-2.491292 0.003101 -1.168229 68 255 68 R1 pano_camera0/frame_0066_hp_preview.jpg
-3.028516 -0.021086 -0.534157 68 255 68 R1 pano_camera0/frame_0067_hp_preview.jpg
-3.343889 -0.026065 0.196140 68 255 68 R1 pano_camera0/frame_0068_hp_preview.jpg
-3.388253 -0.023032 0.306932 68 255 68 R1 pano_camera0/frame_0069_hp_preview.jpg
-3.256717 -0.033444 1.132959 68 255 68 R1 pano_camera0/frame_0070_hp_preview.jpg
-2.811833 -0.037950 1.575298 68 255 68 R1 pano_camera0/frame_0071_hp_preview.jpg
-2.353936 -0.027179 1.822946 68 255 68 R1 pano_camera0/frame_0072_hp_preview.jpg
-2.263631 -0.023300 1.850682 68 255 68 R1 pano_camera0/frame_0073_hp_preview.jpg
-1.640020 -0.013736 2.170269 68 255 68 R1 pano_camera0/frame_0074_hp_preview.jpg
-0.961070 0.007755 2.593397 68 255 68 R1 pano_camera0/frame_0075_hp_preview.jpg
-0.693157 0.001338 2.756592 68 255 68 R1 pano_camera0/frame_0076_hp_preview.jpg
-0.093774 0.027368 3.105892 68 255 68 R1 pano_camera0/frame_0077_hp_preview.jpg
0.603302 0.054698 3.486934 68 255 68 R1 pano_camera0/frame_0078_hp_preview.jpg
1.498358 0.048804 4.119129 68 255 68 R1 pano_camera0/frame_0079_hp_preview.jpg
1.881237 0.064376 4.696515 68 255 68 R1 pano_camera0/frame_0080_hp_preview.jpg
-2.369750 -0.016442 3.111636 68 255 68 R1 pano_camera0/frame_0118_hp_preview.jpg
-2.346968 -0.008202 2.655313 68 255 68 R1 pano_camera0/frame_0119_hp_preview.jpg
-2.713092 -0.010292 2.039740 68 255 68 R1 pano_camera0/frame_0120_hp_preview.jpg
-3.058327 -0.021958 1.804077 68 255 68 R1 pano_camera0/frame_0121_hp_preview.jpg
-3.371679 -0.019531 1.665440 68 255 68 R1 pano_camera0/frame_0122_hp_preview.jpg
-4.039378 -0.024907 1.547754 68 255 68 R1 pano_camera0/frame_0123_hp_preview.jpg
-4.566250 -0.033702 1.692181 68 255 68 R1 pano_camera0/frame_0124_hp_preview.jpg
-4.692933 -0.043622 2.038568 68 255 68 R1 pano_camera0/frame_0125_hp_preview.jpg
-4.697183 -0.022124 2.251918 68 255 68 R1 pano_camera0/frame_0126_hp_preview.jpg
-4.566029 -0.048039 -0.226355 68 255 68 R1 pano_camera0/frame_0197_hp_preview.jpg
-0.623249 -0.325869 2.744597 68 255 68 R1 pano_camera1/frame_0000_hp_preview.jpg
0.669514 -0.339202 3.187987 68 255 68 R1 pano_camera1/frame_0002_hp_preview.jpg
1.332726 -0.286863 3.403878 68 255 68 R1 pano_camera1/frame_0003_hp_preview.jpg
1.693152 -0.258791 3.530954 68 255 68 R1 pano_camera1/frame_0004_hp_preview.jpg
1.749196 -0.010650 3.698661 68 255 68 R1 pano_camera1/frame_0005_hp_preview.jpg
1.565189 -0.072385 3.513375 68 255 68 R1 pano_camera1/frame_0006_hp_preview.jpg
1.512363 -0.161448 3.380070 68 255 68 R1 pano_camera1/frame_0007_hp_preview.jpg
1.508968 -0.162651 3.389015 68 255 68 R1 pano_camera1/frame_0008_hp_preview.jpg
1.513425 -0.150454 3.443850 68 255 68 R1 pano_camera1/frame_0009_hp_preview.jpg
1.517539 -0.147064 3.447429 68 255 68 R1 pano_camera1/frame_0010_hp_preview.jpg
1.536189 -0.133453 3.440059 68 255 68 R1 pano_camera1/frame_0011_hp_preview.jpg
1.484612 -0.168132 3.439498 68 255 68 R1 pano_camera1/frame_0012_hp_preview.jpg
1.519912 -0.156602 3.362827 68 255 68 R1 pano_camera1/frame_0013_hp_preview.jpg
1.576979 0.059464 3.463982 68 255 68 R1 pano_camera1/frame_0014_hp_preview.jpg
1.646241 0.056416 3.451498 68 255 68 R1 pano_camera1/frame_0015_hp_preview.jpg
1.640388 0.076151 3.383198 68 255 68 R1 pano_camera1/frame_0016_hp_preview.jpg
1.253118 0.060922 3.257053 68 255 68 R1 pano_camera1/frame_0017_hp_preview.jpg
0.815873 0.057589 3.064520 68 255 68 R1 pano_camera1/frame_0018_hp_preview.jpg
0.569395 0.056236 2.859557 68 255 68 R1 pano_camera1/frame_0019_hp_preview.jpg
0.387429 0.059633 2.550361 68 255 68 R1 pano_camera1/frame_0020_hp_preview.jpg
0.291076 0.052551 1.962108 68 255 68 R1 pano_camera1/frame_0021_hp_preview.jpg
0.200286 0.050661 0.979284 68 255 68 R1 pano_camera1/frame_0022_hp_preview.jpg
0.123725 0.040199 0.559499 68 255 68 R1 pano_camera1/frame_0023_hp_preview.jpg
0.134890 0.041271 0.252961 68 255 68 R1 pano_camera1/frame_0024_hp_preview.jpg
0.378821 0.058056 -0.254174 68 255 68 R1 pano_camera1/frame_0025_hp_preview.jpg
0.679792 0.090104 -0.491403 68 255 68 R1 pano_camera1/frame_0026_hp_preview.jpg
0.965152 0.100713 -0.587056 68 255 68 R1 pano_camera1/frame_0027_hp_preview.jpg
0.369237 0.075132 -0.868426 68 255 68 R1 pano_camera1/frame_0028_hp_preview.jpg
-0.401856 0.067787 -1.024328 68 255 68 R1 pano_camera1/frame_0029_hp_preview.jpg
-1.097955 0.049659 -1.215436 68 255 68 R1 pano_camera1/frame_0030_hp_preview.jpg
-1.535664 0.057266 -1.480343 68 255 68 R1 pano_camera1/frame_0031_hp_preview.jpg
-1.605558 0.047336 -1.955276 68 255 68 R1 pano_camera1/frame_0032_hp_preview.jpg
-1.480291 0.044110 -2.216170 68 255 68 R1 pano_camera1/frame_0033_hp_preview.jpg
-0.697874 0.088518 -2.564426 68 255 68 R1 pano_camera1/frame_0034_hp_preview.jpg
-0.458635 0.095138 -2.497707 68 255 68 R1 pano_camera1/frame_0035_hp_preview.jpg
0.129470 0.086894 -2.289798 68 255 68 R1 pano_camera1/frame_0036_hp_preview.jpg
0.589213 0.113257 -2.196490 68 255 68 R1 pano_camera1/frame_0037_hp_preview.jpg
1.018408 0.114298 -2.117545 68 255 68 R1 pano_camera1/frame_0038_hp_preview.jpg
1.758965 0.099238 -2.365394 68 255 68 R1 pano_camera1/frame_0039_hp_preview.jpg
2.100579 0.136265 -2.718351 68 255 68 R1 pano_camera1/frame_0040_hp_preview.jpg
2.146057 0.147215 -2.794905 68 255 68 R1 pano_camera1/frame_0041_hp_preview.jpg
2.515883 0.150781 -3.431626 68 255 68 R1 pano_camera1/frame_0042_hp_preview.jpg
2.885535 0.272511 -3.762189 68 255 68 R1 pano_camera1/frame_0043_hp_preview.jpg
3.333666 0.277968 -3.651401 68 255 68 R1 pano_camera1/frame_0044_hp_preview.jpg
3.989905 0.275130 -3.623259 68 255 68 R1 pano_camera1/frame_0045_hp_preview.jpg
4.127588 0.278595 -3.832147 68 255 68 R1 pano_camera1/frame_0046_hp_preview.jpg
4.098364 0.270142 -3.922432 68 255 68 R1 pano_camera1/frame_0047_hp_preview.jpg
3.921626 0.279195 -4.130327 68 255 68 R1 pano_camera1/frame_0048_hp_preview.jpg
3.312251 0.280885 -4.386841 68 255 68 R1 pano_camera1/frame_0049_hp_preview.jpg
2.495812 0.265788 -4.423021 68 255 68 R1 pano_camera1/frame_0050_hp_preview.jpg
2.460548 0.269000 -4.419909 68 255 68 R1 pano_camera1/frame_0051_hp_preview.jpg
1.629563 0.240678 -4.543623 68 255 68 R1 pano_camera1/frame_0052_hp_preview.jpg
1.446746 0.143382 -4.654957 68 255 68 R1 pano_camera1/frame_0053_hp_preview.jpg
1.253000 0.142002 -4.974225 68 255 68 R1 pano_camera1/frame_0054_hp_preview.jpg
0.465711 0.116369 -5.284512 68 255 68 R1 pano_camera1/frame_0055_hp_preview.jpg
0.081323 0.125161 -5.233444 68 255 68 R1 pano_camera1/frame_0056_hp_preview.jpg
-0.322277 0.110452 -5.129429 68 255 68 R1 pano_camera1/frame_0057_hp_preview.jpg
-0.584774 0.104270 -5.065747 68 255 68 R1 pano_camera1/frame_0058_hp_preview.jpg
-0.869366 0.077016 -4.716542 68 255 68 R1 pano_camera1/frame_0059_hp_preview.jpg
-1.130045 0.084470 -4.156928 68 255 68 R1 pano_camera1/frame_0060_hp_preview.jpg
-1.271831 0.089754 -3.872212 68 255 68 R1 pano_camera1/frame_0061_hp_preview.jpg
-1.544330 0.043062 -2.915186 68 255 68 R1 pano_camera1/frame_0062_hp_preview.jpg
-1.769806 0.043611 -2.198827 68 255 68 R1 pano_camera1/frame_0063_hp_preview.jpg
-1.810777 0.044026 -2.069174 68 255 68 R1 pano_camera1/frame_0064_hp_preview.jpg
-2.305132 0.004940 -1.300966 68 255 68 R1 pano_camera1/frame_0065_hp_preview.jpg
-2.491292 0.003101 -1.168229 68 255 68 R1 pano_camera1/frame_0066_hp_preview.jpg
-3.028516 -0.021086 -0.534157 68 255 68 R1 pano_camera1/frame_0067_hp_preview.jpg
-3.343889 -0.026065 0.196140 68 255 68 R1 pano_camera1/frame_0068_hp_preview.jpg
-3.388253 -0.023032 0.306932 68 255 68 R1 pano_camera1/frame_0069_hp_preview.jpg
-3.256717 -0.033444 1.132959 68 255 68 R1 pano_camera1/frame_0070_hp_preview.jpg
-2.811833 -0.037950 1.575298 68 255 68 R1 pano_camera1/frame_0071_hp_preview.jpg
-2.353936 -0.027179 1.822946 68 255 68 R1 pano_camera1/frame_0072_hp_preview.jpg
-2.263631 -0.023300 1.850682 68 255 68 R1 pano_camera1/frame_0073_hp_preview.jpg
-1.640020 -0.013736 2.170269 68 255 68 R1 pano_camera1/frame_0074_hp_preview.jpg
-0.961070 0.007755 2.593397 68 255 68 R1 pano_camera1/frame_0075_hp_preview.jpg
-0.693157 0.001338 2.756592 68 255 68 R1 pano_camera1/frame_0076_hp_preview.jpg
-0.093774 0.027368 3.105892 68 255 68 R1 pano_camera1/frame_0077_hp_preview.jpg
0.603302 0.054698 3.486934 68 255 68 R1 pano_camera1/frame_0078_hp_preview.jpg
1.498358 0.048804 4.119129 68 255 68 R1 pano_camera1/frame_0079_hp_preview.jpg
1.881237 0.064376 4.696515 68 255 68 R1 pano_camera1/frame_0080_hp_preview.jpg
-2.369750 -0.016442 3.111636 68 255 68 R1 pano_camera1/frame_0118_hp_preview.jpg
-2.346968 -0.008202 2.655313 68 255 68 R1 pano_camera1/frame_0119_hp_preview.jpg
-2.713092 -0.010292 2.039740 68 255 68 R1 pano_camera1/frame_0120_hp_preview.jpg
-3.058327 -0.021958 1.804077 68 255 68 R1 pano_camera1/frame_0121_hp_preview.jpg
-3.371679 -0.019531 1.665440 68 255 68 R1 pano_camera1/frame_0122_hp_preview.jpg
-4.039378 -0.024907 1.547754 68 255 68 R1 pano_camera1/frame_0123_hp_preview.jpg
-4.566250 -0.033702 1.692181 68 255 68 R1 pano_camera1/frame_0124_hp_preview.jpg
-4.692933 -0.043622 2.038568 68 255 68 R1 pano_camera1/frame_0125_hp_preview.jpg
-4.697183 -0.022124 2.251918 68 255 68 R1 pano_camera1/frame_0126_hp_preview.jpg
-4.566029 -0.048039 -0.226355 68 255 68 R1 pano_camera1/frame_0197_hp_preview.jpg
-0.623249 -0.325869 2.744597 68 255 68 R1 pano_camera2/frame_0000_hp_preview.jpg
0.669514 -0.339202 3.187987 68 255 68 R1 pano_camera2/frame_0002_hp_preview.jpg
1.332726 -0.286863 3.403878 68 255 68 R1 pano_camera2/frame_0003_hp_preview.jpg
1.693152 -0.258791 3.530954 68 255 68 R1 pano_camera2/frame_0004_hp_preview.jpg
1.749196 -0.010650 3.698661 68 255 68 R1 pano_camera2/frame_0005_hp_preview.jpg
1.565189 -0.072385 3.513375 68 255 68 R1 pano_camera2/frame_0006_hp_preview.jpg
1.512363 -0.161448 3.380070 68 255 68 R1 pano_camera2/frame_0007_hp_preview.jpg
1.508968 -0.162651 3.389015 68 255 68 R1 pano_camera2/frame_0008_hp_preview.jpg
1.513425 -0.150454 3.443850 68 255 68 R1 pano_camera2/frame_0009_hp_preview.jpg
1.517539 -0.147064 3.447429 68 255 68 R1 pano_camera2/frame_0010_hp_preview.jpg
1.536189 -0.133453 3.440059 68 255 68 R1 pano_camera2/frame_0011_hp_preview.jpg
1.484612 -0.168132 3.439498 68 255 68 R1 pano_camera2/frame_0012_hp_preview.jpg
1.519912 -0.156602 3.362827 68 255 68 R1 pano_camera2/frame_0013_hp_preview.jpg
1.576979 0.059464 3.463982 68 255 68 R1 pano_camera2/frame_0014_hp_preview.jpg
1.646241 0.056416 3.451498 68 255 68 R1 pano_camera2/frame_0015_hp_preview.jpg
1.640388 0.076151 3.383198 68 255 68 R1 pano_camera2/frame_0016_hp_preview.jpg
1.253118 0.060922 3.257053 68 255 68 R1 pano_camera2/frame_0017_hp_preview.jpg
0.815873 0.057589 3.064520 68 255 68 R1 pano_camera2/frame_0018_hp_preview.jpg
0.569395 0.056236 2.859557 68 255 68 R1 pano_camera2/frame_0019_hp_preview.jpg
0.387429 0.059633 2.550361 68 255 68 R1 pano_camera2/frame_0020_hp_preview.jpg
0.291076 0.052551 1.962108 68 255 68 R1 pano_camera2/frame_0021_hp_preview.jpg
0.200286 0.050661 0.979284 68 255 68 R1 pano_camera2/frame_0022_hp_preview.jpg
0.123725 0.040199 0.559499 68 255 68 R1 pano_camera2/frame_0023_hp_preview.jpg
0.134890 0.041271 0.252961 68 255 68 R1 pano_camera2/frame_0024_hp_preview.jpg
0.378821 0.058056 -0.254174 68 255 68 R1 pano_camera2/frame_0025_hp_preview.jpg
0.679792 0.090104 -0.491403 68 255 68 R1 pano_camera2/frame_0026_hp_preview.jpg
0.965152 0.100713 -0.587056 68 255 68 R1 pano_camera2/frame_0027_hp_preview.jpg
0.369237 0.075132 -0.868426 68 255 68 R1 pano_camera2/frame_0028_hp_preview.jpg
-0.401856 0.067787 -1.024328 68 255 68 R1 pano_camera2/frame_0029_hp_preview.jpg
-1.097955 0.049659 -1.215436 68 255 68 R1 pano_camera2/frame_0030_hp_preview.jpg
-1.535664 0.057266 -1.480343 68 255 68 R1 pano_camera2/frame_0031_hp_preview.jpg
-1.605558 0.047336 -1.955276 68 255 68 R1 pano_camera2/frame_0032_hp_preview.jpg
-1.480291 0.044110 -2.216170 68 255 68 R1 pano_camera2/frame_0033_hp_preview.jpg
-0.697874 0.088518 -2.564426 68 255 68 R1 pano_camera2/frame_0034_hp_preview.jpg
-0.458635 0.095138 -2.497707 68 255 68 R1 pano_camera2/frame_0035_hp_preview.jpg
0.129470 0.086894 -2.289798 68 255 68 R1 pano_camera2/frame_0036_hp_preview.jpg
0.589213 0.113257 -2.196490 68 255 68 R1 pano_camera2/frame_0037_hp_preview.jpg
1.018408 0.114298 -2.117545 68 255 68 R1 pano_camera2/frame_0038_hp_preview.jpg
1.758965 0.099238 -2.365394 68 255 68 R1 pano_camera2/frame_0039_hp_preview.jpg
2.100579 0.136265 -2.718351 68 255 68 R1 pano_camera2/frame_0040_hp_preview.jpg
2.146057 0.147215 -2.794905 68 255 68 R1 pano_camera2/frame_0041_hp_preview.jpg
2.515883 0.150781 -3.431626 68 255 68 R1 pano_camera2/frame_0042_hp_preview.jpg
2.885535 0.272511 -3.762189 68 255 68 R1 pano_camera2/frame_0043_hp_preview.jpg
3.333666 0.277968 -3.651401 68 255 68 R1 pano_camera2/frame_0044_hp_preview.jpg
3.989905 0.275130 -3.623259 68 255 68 R1 pano_camera2/frame_0045_hp_preview.jpg
4.127588 0.278595 -3.832147 68 255 68 R1 pano_camera2/frame_0046_hp_preview.jpg
4.098364 0.270142 -3.922432 68 255 68 R1 pano_camera2/frame_0047_hp_preview.jpg
3.921626 0.279195 -4.130327 68 255 68 R1 pano_camera2/frame_0048_hp_preview.jpg
3.312251 0.280885 -4.386841 68 255 68 R1 pano_camera2/frame_0049_hp_preview.jpg
2.495812 0.265788 -4.423021 68 255 68 R1 pano_camera2/frame_0050_hp_preview.jpg
2.460548 0.269000 -4.419909 68 255 68 R1 pano_camera2/frame_0051_hp_preview.jpg
1.629563 0.240678 -4.543623 68 255 68 R1 pano_camera2/frame_0052_hp_preview.jpg
1.446746 0.143382 -4.654957 68 255 68 R1 pano_camera2/frame_0053_hp_preview.jpg
1.253000 0.142002 -4.974225 68 255 68 R1 pano_camera2/frame_0054_hp_preview.jpg
0.465711 0.116369 -5.284512 68 255 68 R1 pano_camera2/frame_0055_hp_preview.jpg
0.081323 0.125161 -5.233444 68 255 68 R1 pano_camera2/frame_0056_hp_preview.jpg
-0.322277 0.110452 -5.129429 68 255 68 R1 pano_camera2/frame_0057_hp_preview.jpg
-0.584774 0.104270 -5.065747 68 255 68 R1 pano_camera2/frame_0058_hp_preview.jpg
-0.869366 0.077016 -4.716542 68 255 68 R1 pano_camera2/frame_0059_hp_preview.jpg
-1.130045 0.084470 -4.156928 68 255 68 R1 pano_camera2/frame_0060_hp_preview.jpg
-1.271831 0.089754 -3.872212 68 255 68 R1 pano_camera2/frame_0061_hp_preview.jpg
-1.544330 0.043062 -2.915186 68 255 68 R1 pano_camera2/frame_0062_hp_preview.jpg
-1.769806 0.043611 -2.198827 68 255 68 R1 pano_camera2/frame_0063_hp_preview.jpg
-1.810777 0.044026 -2.069174 68 255 68 R1 pano_camera2/frame_0064_hp_preview.jpg
-2.305132 0.004940 -1.300966 68 255 68 R1 pano_camera2/frame_0065_hp_preview.jpg
-2.491292 0.003101 -1.168229 68 255 68 R1 pano_camera2/frame_0066_hp_preview.jpg
-3.028516 -0.021086 -0.534157 68 255 68 R1 pano_camera2/frame_0067_hp_preview.jpg
-3.343889 -0.026065 0.196140 68 255 68 R1 pano_camera2/frame_0068_hp_preview.jpg
-3.388253 -0.023032 0.306932 68 255 68 R1 pano_camera2/frame_0069_hp_preview.jpg
-3.256717 -0.033444 1.132959 68 255 68 R1 pano_camera2/frame_0070_hp_preview.jpg
-2.811833 -0.037950 1.575298 68 255 68 R1 pano_camera2/frame_0071_hp_preview.jpg
-2.353936 -0.027179 1.822946 68 255 68 R1 pano_camera2/frame_0072_hp_preview.jpg
-2.263631 -0.023300 1.850682 68 255 68 R1 pano_camera2/frame_0073_hp_preview.jpg
-1.640020 -0.013736 2.170269 68 255 68 R1 pano_camera2/frame_0074_hp_preview.jpg
-0.961070 0.007755 2.593397 68 255 68 R1 pano_camera2/frame_0075_hp_preview.jpg
-0.693157 0.001338 2.756592 68 255 68 R1 pano_camera2/frame_0076_hp_preview.jpg
-0.093774 0.027368 3.105892 68 255 68 R1 pano_camera2/frame_0077_hp_preview.jpg
0.603302 0.054698 3.486934 68 255 68 R1 pano_camera2/frame_0078_hp_preview.jpg
1.498358 0.048804 4.119129 68 255 68 R1 pano_camera2/frame_0079_hp_preview.jpg
1.881237 0.064376 4.696515 68 255 68 R1 pano_camera2/frame_0080_hp_preview.jpg
-2.369750 -0.016442 3.111636 68 255 68 R1 pano_camera2/frame_0118_hp_preview.jpg
-2.346968 -0.008202 2.655313 68 255 68 R1 pano_camera2/frame_0119_hp_preview.jpg
-2.713092 -0.010292 2.039740 68 255 68 R1 pano_camera2/frame_0120_hp_preview.jpg
-3.058327 -0.021958 1.804077 68 255 68 R1 pano_camera2/frame_0121_hp_preview.jpg
-3.371679 -0.019531 1.665440 68 255 68 R1 pano_camera2/frame_0122_hp_preview.jpg
-4.039378 -0.024907 1.547754 68 255 68 R1 pano_camera2/frame_0123_hp_preview.jpg
-4.566250 -0.033702 1.692181 68 255 68 R1 pano_camera2/frame_0124_hp_preview.jpg
-4.692933 -0.043622 2.038568 68 255 68 R1 pano_camera2/frame_0125_hp_preview.jpg
-4.697183 -0.022124 2.251918 68 255 68 R1 pano_camera2/frame_0126_hp_preview.jpg
-4.566029 -0.048039 -0.226355 68 255 68 R1 pano_camera2/frame_0197_hp_preview.jpg
-0.623249 -0.325869 2.744597 68 255 68 R1 pano_camera3/frame_0000_hp_preview.jpg
0.669514 -0.339202 3.187987 68 255 68 R1 pano_camera3/frame_0002_hp_preview.jpg
1.332726 -0.286863 3.403878 68 255 68 R1 pano_camera3/frame_0003_hp_preview.jpg
1.693152 -0.258791 3.530954 68 255 68 R1 pano_camera3/frame_0004_hp_preview.jpg
1.749196 -0.010650 3.698661 68 255 68 R1 pano_camera3/frame_0005_hp_preview.jpg
1.565189 -0.072385 3.513375 68 255 68 R1 pano_camera3/frame_0006_hp_preview.jpg
1.512363 -0.161448 3.380070 68 255 68 R1 pano_camera3/frame_0007_hp_preview.jpg
1.508968 -0.162651 3.389015 68 255 68 R1 pano_camera3/frame_0008_hp_preview.jpg
1.513425 -0.150454 3.443850 68 255 68 R1 pano_camera3/frame_0009_hp_preview.jpg
1.517539 -0.147064 3.447429 68 255 68 R1 pano_camera3/frame_0010_hp_preview.jpg
1.536189 -0.133453 3.440059 68 255 68 R1 pano_camera3/frame_0011_hp_preview.jpg
1.484612 -0.168132 3.439498 68 255 68 R1 pano_camera3/frame_0012_hp_preview.jpg
1.519912 -0.156602 3.362827 68 255 68 R1 pano_camera3/frame_0013_hp_preview.jpg
1.576979 0.059464 3.463982 68 255 68 R1 pano_camera3/frame_0014_hp_preview.jpg
1.646241 0.056416 3.451498 68 255 68 R1 pano_camera3/frame_0015_hp_preview.jpg
1.640388 0.076151 3.383198 68 255 68 R1 pano_camera3/frame_0016_hp_preview.jpg
1.253118 0.060922 3.257053 68 255 68 R1 pano_camera3/frame_0017_hp_preview.jpg
0.815873 0.057589 3.064520 68 255 68 R1 pano_camera3/frame_0018_hp_preview.jpg
0.569395 0.056236 2.859557 68 255 68 R1 pano_camera3/frame_0019_hp_preview.jpg
0.387429 0.059633 2.550361 68 255 68 R1 pano_camera3/frame_0020_hp_preview.jpg
0.291076 0.052551 1.962108 68 255 68 R1 pano_camera3/frame_0021_hp_preview.jpg
0.200286 0.050661 0.979284 68 255 68 R1 pano_camera3/frame_0022_hp_preview.jpg
0.123725 0.040199 0.559499 68 255 68 R1 pano_camera3/frame_0023_hp_preview.jpg
0.134890 0.041271 0.252961 68 255 68 R1 pano_camera3/frame_0024_hp_preview.jpg
0.378821 0.058056 -0.254174 68 255 68 R1 pano_camera3/frame_0025_hp_preview.jpg
0.679792 0.090104 -0.491403 68 255 68 R1 pano_camera3/frame_0026_hp_preview.jpg
0.965152 0.100713 -0.587056 68 255 68 R1 pano_camera3/frame_0027_hp_preview.jpg
0.369237 0.075132 -0.868426 68 255 68 R1 pano_camera3/frame_0028_hp_preview.jpg
-0.401856 0.067787 -1.024328 68 255 68 R1 pano_camera3/frame_0029_hp_preview.jpg
-1.097955 0.049659 -1.215436 68 255 68 R1 pano_camera3/frame_0030_hp_preview.jpg
-1.535664 0.057266 -1.480343 68 255 68 R1 pano_camera3/frame_0031_hp_preview.jpg
-1.605558 0.047336 -1.955276 68 255 68 R1 pano_camera3/frame_0032_hp_preview.jpg
-1.480291 0.044110 -2.216170 68 255 68 R1 pano_camera3/frame_0033_hp_preview.jpg
-0.697874 0.088518 -2.564426 68 255 68 R1 pano_camera3/frame_0034_hp_preview.jpg
-0.458635 0.095138 -2.497707 68 255 68 R1 pano_camera3/frame_0035_hp_preview.jpg
0.129470 0.086894 -2.289798 68 255 68 R1 pano_camera3/frame_0036_hp_preview.jpg
0.589213 0.113257 -2.196490 68 255 68 R1 pano_camera3/frame_0037_hp_preview.jpg
1.018408 0.114298 -2.117545 68 255 68 R1 pano_camera3/frame_0038_hp_preview.jpg
1.758965 0.099238 -2.365394 68 255 68 R1 pano_camera3/frame_0039_hp_preview.jpg
2.100579 0.136265 -2.718351 68 255 68 R1 pano_camera3/frame_0040_hp_preview.jpg
2.146057 0.147215 -2.794905 68 255 68 R1 pano_camera3/frame_0041_hp_preview.jpg
2.515883 0.150781 -3.431626 68 255 68 R1 pano_camera3/frame_0042_hp_preview.jpg
2.885535 0.272511 -3.762189 68 255 68 R1 pano_camera3/frame_0043_hp_preview.jpg
3.333666 0.277968 -3.651401 68 255 68 R1 pano_camera3/frame_0044_hp_preview.jpg
3.989905 0.275130 -3.623259 68 255 68 R1 pano_camera3/frame_0045_hp_preview.jpg
4.127588 0.278595 -3.832147 68 255 68 R1 pano_camera3/frame_0046_hp_preview.jpg
4.098364 0.270142 -3.922432 68 255 68 R1 pano_camera3/frame_0047_hp_preview.jpg
3.921626 0.279195 -4.130327 68 255 68 R1 pano_camera3/frame_0048_hp_preview.jpg
3.312251 0.280885 -4.386841 68 255 68 R1 pano_camera3/frame_0049_hp_preview.jpg
2.495812 0.265788 -4.423021 68 255 68 R1 pano_camera3/frame_0050_hp_preview.jpg
2.460548 0.269000 -4.419909 68 255 68 R1 pano_camera3/frame_0051_hp_preview.jpg
1.629563 0.240678 -4.543623 68 255 68 R1 pano_camera3/frame_0052_hp_preview.jpg
1.446746 0.143382 -4.654957 68 255 68 R1 pano_camera3/frame_0053_hp_preview.jpg
1.253000 0.142002 -4.974225 68 255 68 R1 pano_camera3/frame_0054_hp_preview.jpg
0.465711 0.116369 -5.284512 68 255 68 R1 pano_camera3/frame_0055_hp_preview.jpg
0.081323 0.125161 -5.233444 68 255 68 R1 pano_camera3/frame_0056_hp_preview.jpg
-0.322277 0.110452 -5.129429 68 255 68 R1 pano_camera3/frame_0057_hp_preview.jpg
-0.584774 0.104270 -5.065747 68 255 68 R1 pano_camera3/frame_0058_hp_preview.jpg
-0.869366 0.077016 -4.716542 68 255 68 R1 pano_camera3/frame_0059_hp_preview.jpg
-1.130045 0.084470 -4.156928 68 255 68 R1 pano_camera3/frame_0060_hp_preview.jpg
-1.271831 0.089754 -3.872212 68 255 68 R1 pano_camera3/frame_0061_hp_preview.jpg
-1.544330 0.043062 -2.915186 68 255 68 R1 pano_camera3/frame_0062_hp_preview.jpg
-1.769806 0.043611 -2.198827 68 255 68 R1 pano_camera3/frame_0063_hp_preview.jpg
-1.810777 0.044026 -2.069174 68 255 68 R1 pano_camera3/frame_0064_hp_preview.jpg
-2.305132 0.004940 -1.300966 68 255 68 R1 pano_camera3/frame_0065_hp_preview.jpg
-2.491292 0.003101 -1.168229 68 255 68 R1 pano_camera3/frame_0066_hp_preview.jpg
-3.028516 -0.021086 -0.534157 68 255 68 R1 pano_camera3/frame_0067_hp_preview.jpg
-3.343889 -0.026065 0.196140 68 255 68 R1 pano_camera3/frame_0068_hp_preview.jpg
-3.388253 -0.023032 0.306932 68 255 68 R1 pano_camera3/frame_0069_hp_preview.jpg
-3.256717 -0.033444 1.132959 68 255 68 R1 pano_camera3/frame_0070_hp_preview.jpg
-2.811833 -0.037950 1.575298 68 255 68 R1 pano_camera3/frame_0071_hp_preview.jpg
-2.353936 -0.027179 1.822946 68 255 68 R1 pano_camera3/frame_0072_hp_preview.jpg
-2.263631 -0.023300 1.850682 68 255 68 R1 pano_camera3/frame_0073_hp_preview.jpg
-1.640020 -0.013736 2.170269 68 255 68 R1 pano_camera3/frame_0074_hp_preview.jpg
-0.961070 0.007755 2.593397 68 255 68 R1 pano_camera3/frame_0075_hp_preview.jpg
-0.693157 0.001338 2.756592 68 255 68 R1 pano_camera3/frame_0076_hp_preview.jpg
-0.093774 0.027368 3.105892 68 255 68 R1 pano_camera3/frame_0077_hp_preview.jpg
0.603302 0.054698 3.486934 68 255 68 R1 pano_camera3/frame_0078_hp_preview.jpg
1.498358 0.048804 4.119129 68 255 68 R1 pano_camera3/frame_0079_hp_preview.jpg
1.881237 0.064376 4.696515 68 255 68 R1 pano_camera3/frame_0080_hp_preview.jpg
-2.369750 -0.016442 3.111636 68 255 68 R1 pano_camera3/frame_0118_hp_preview.jpg
-2.346968 -0.008202 2.655313 68 255 68 R1 pano_camera3/frame_0119_hp_preview.jpg
-2.713092 -0.010292 2.039740 68 255 68 R1 pano_camera3/frame_0120_hp_preview.jpg
-3.058327 -0.021958 1.804077 68 255 68 R1 pano_camera3/frame_0121_hp_preview.jpg
-3.371679 -0.019531 1.665440 68 255 68 R1 pano_camera3/frame_0122_hp_preview.jpg
-4.039378 -0.024907 1.547754 68 255 68 R1 pano_camera3/frame_0123_hp_preview.jpg
-4.566250 -0.033702 1.692181 68 255 68 R1 pano_camera3/frame_0124_hp_preview.jpg
-4.692933 -0.043622 2.038568 68 255 68 R1 pano_camera3/frame_0125_hp_preview.jpg
-4.697183 -0.022124 2.251918 68 255 68 R1 pano_camera3/frame_0126_hp_preview.jpg
-4.566029 -0.048039 -0.226355 68 255 68 R1 pano_camera3/frame_0197_hp_preview.jpg
-0.623249 -0.325869 2.744597 68 255 68 R1 pano_camera4/frame_0000_hp_preview.jpg
0.669514 -0.339202 3.187987 68 255 68 R1 pano_camera4/frame_0002_hp_preview.jpg
1.332726 -0.286863 3.403878 68 255 68 R1 pano_camera4/frame_0003_hp_preview.jpg
1.693152 -0.258791 3.530954 68 255 68 R1 pano_camera4/frame_0004_hp_preview.jpg
1.749196 -0.010650 3.698661 68 255 68 R1 pano_camera4/frame_0005_hp_preview.jpg
1.565189 -0.072385 3.513375 68 255 68 R1 pano_camera4/frame_0006_hp_preview.jpg
1.512363 -0.161448 3.380070 68 255 68 R1 pano_camera4/frame_0007_hp_preview.jpg
1.508968 -0.162651 3.389015 68 255 68 R1 pano_camera4/frame_0008_hp_preview.jpg
1.513425 -0.150454 3.443850 68 255 68 R1 pano_camera4/frame_0009_hp_preview.jpg
1.517539 -0.147064 3.447429 68 255 68 R1 pano_camera4/frame_0010_hp_preview.jpg
1.536189 -0.133453 3.440059 68 255 68 R1 pano_camera4/frame_0011_hp_preview.jpg
1.484612 -0.168132 3.439498 68 255 68 R1 pano_camera4/frame_0012_hp_preview.jpg
1.519912 -0.156602 3.362827 68 255 68 R1 pano_camera4/frame_0013_hp_preview.jpg
1.576979 0.059464 3.463982 68 255 68 R1 pano_camera4/frame_0014_hp_preview.jpg
1.646241 0.056416 3.451498 68 255 68 R1 pano_camera4/frame_0015_hp_preview.jpg
1.640388 0.076151 3.383198 68 255 68 R1 pano_camera4/frame_0016_hp_preview.jpg
1.253118 0.060922 3.257053 68 255 68 R1 pano_camera4/frame_0017_hp_preview.jpg
0.815873 0.057589 3.064520 68 255 68 R1 pano_camera4/frame_0018_hp_preview.jpg
0.569395 0.056236 2.859557 68 255 68 R1 pano_camera4/frame_0019_hp_preview.jpg
0.387429 0.059633 2.550361 68 255 68 R1 pano_camera4/frame_0020_hp_preview.jpg
0.291076 0.052551 1.962108 68 255 68 R1 pano_camera4/frame_0021_hp_preview.jpg
0.200286 0.050661 0.979284 68 255 68 R1 pano_camera4/frame_0022_hp_preview.jpg
0.123725 0.040199 0.559499 68 255 68 R1 pano_camera4/frame_0023_hp_preview.jpg
0.134890 0.041271 0.252961 68 255 68 R1 pano_camera4/frame_0024_hp_preview.jpg
0.378821 0.058056 -0.254174 68 255 68 R1 pano_camera4/frame_0025_hp_preview.jpg
0.679792 0.090104 -0.491403 68 255 68 R1 pano_camera4/frame_0026_hp_preview.jpg
0.965152 0.100713 -0.587056 68 255 68 R1 pano_camera4/frame_0027_hp_preview.jpg
0.369237 0.075132 -0.868426 68 255 68 R1 pano_camera4/frame_0028_hp_preview.jpg
-0.401856 0.067787 -1.024328 68 255 68 R1 pano_camera4/frame_0029_hp_preview.jpg
-1.097955 0.049659 -1.215436 68 255 68 R1 pano_camera4/frame_0030_hp_preview.jpg
-1.535664 0.057266 -1.480343 68 255 68 R1 pano_camera4/frame_0031_hp_preview.jpg
-1.605558 0.047336 -1.955276 68 255 68 R1 pano_camera4/frame_0032_hp_preview.jpg
-1.480291 0.044110 -2.216170 68 255 68 R1 pano_camera4/frame_0033_hp_preview.jpg
-0.697874 0.088518 -2.564426 68 255 68 R1 pano_camera4/frame_0034_hp_preview.jpg
-0.458635 0.095138 -2.497707 68 255 68 R1 pano_camera4/frame_0035_hp_preview.jpg
0.129470 0.086894 -2.289798 68 255 68 R1 pano_camera4/frame_0036_hp_preview.jpg
0.589213 0.113257 -2.196490 68 255 68 R1 pano_camera4/frame_0037_hp_preview.jpg
1.018408 0.114298 -2.117545 68 255 68 R1 pano_camera4/frame_0038_hp_preview.jpg
1.758965 0.099238 -2.365394 68 255 68 R1 pano_camera4/frame_0039_hp_preview.jpg
2.100579 0.136265 -2.718351 68 255 68 R1 pano_camera4/frame_0040_hp_preview.jpg
2.146057 0.147215 -2.794905 68 255 68 R1 pano_camera4/frame_0041_hp_preview.jpg
2.515883 0.150781 -3.431626 68 255 68 R1 pano_camera4/frame_0042_hp_preview.jpg
2.885535 0.272511 -3.762189 68 255 68 R1 pano_camera4/frame_0043_hp_preview.jpg
3.333666 0.277968 -3.651401 68 255 68 R1 pano_camera4/frame_0044_hp_preview.jpg
3.989905 0.275130 -3.623259 68 255 68 R1 pano_camera4/frame_0045_hp_preview.jpg
4.127588 0.278595 -3.832147 68 255 68 R1 pano_camera4/frame_0046_hp_preview.jpg
4.098364 0.270142 -3.922432 68 255 68 R1 pano_camera4/frame_0047_hp_preview.jpg
3.921626 0.279195 -4.130327 68 255 68 R1 pano_camera4/frame_0048_hp_preview.jpg
3.312251 0.280885 -4.386841 68 255 68 R1 pano_camera4/frame_0049_hp_preview.jpg
2.495812 0.265788 -4.423021 68 255 68 R1 pano_camera4/frame_0050_hp_preview.jpg
2.460548 0.269000 -4.419909 68 255 68 R1 pano_camera4/frame_0051_hp_preview.jpg
1.629563 0.240678 -4.543623 68 255 68 R1 pano_camera4/frame_0052_hp_preview.jpg
1.446746 0.143382 -4.654957 68 255 68 R1 pano_camera4/frame_0053_hp_preview.jpg
1.253000 0.142002 -4.974225 68 255 68 R1 pano_camera4/frame_0054_hp_preview.jpg
0.465711 0.116369 -5.284512 68 255 68 R1 pano_camera4/frame_0055_hp_preview.jpg
0.081323 0.125161 -5.233444 68 255 68 R1 pano_camera4/frame_0056_hp_preview.jpg
-0.322277 0.110452 -5.129429 68 255 68 R1 pano_camera4/frame_0057_hp_preview.jpg
-0.584774 0.104270 -5.065747 68 255 68 R1 pano_camera4/frame_0058_hp_preview.jpg
-0.869366 0.077016 -4.716542 68 255 68 R1 pano_camera4/frame_0059_hp_preview.jpg
-1.130045 0.084470 -4.156928 68 255 68 R1 pano_camera4/frame_0060_hp_preview.jpg
-1.271831 0.089754 -3.872212 68 255 68 R1 pano_camera4/frame_0061_hp_preview.jpg
-1.544330 0.043062 -2.915186 68 255 68 R1 pano_camera4/frame_0062_hp_preview.jpg
-1.769806 0.043611 -2.198827 68 255 68 R1 pano_camera4/frame_0063_hp_preview.jpg
-1.810777 0.044026 -2.069174 68 255 68 R1 pano_camera4/frame_0064_hp_preview.jpg
-2.305132 0.004940 -1.300966 68 255 68 R1 pano_camera4/frame_0065_hp_preview.jpg
-2.491292 0.003101 -1.168229 68 255 68 R1 pano_camera4/frame_0066_hp_preview.jpg
-3.028516 -0.021086 -0.534157 68 255 68 R1 pano_camera4/frame_0067_hp_preview.jpg
-3.343889 -0.026065 0.196140 68 255 68 R1 pano_camera4/frame_0068_hp_preview.jpg
-3.388253 -0.023032 0.306932 68 255 68 R1 pano_camera4/frame_0069_hp_preview.jpg
-3.256717 -0.033444 1.132959 68 255 68 R1 pano_camera4/frame_0070_hp_preview.jpg
-2.811833 -0.037950 1.575298 68 255 68 R1 pano_camera4/frame_0071_hp_preview.jpg
-2.353936 -0.027179 1.822946 68 255 68 R1 pano_camera4/frame_0072_hp_preview.jpg
-2.263631 -0.023300 1.850682 68 255 68 R1 pano_camera4/frame_0073_hp_preview.jpg
-1.640020 -0.013736 2.170269 68 255 68 R1 pano_camera4/frame_0074_hp_preview.jpg
-0.961070 0.007755 2.593397 68 255 68 R1 pano_camera4/frame_0075_hp_preview.jpg
-0.693157 0.001338 2.756592 68 255 68 R1 pano_camera4/frame_0076_hp_preview.jpg
-0.093774 0.027368 3.105892 68 255 68 R1 pano_camera4/frame_0077_hp_preview.jpg
0.603302 0.054698 3.486934 68 255 68 R1 pano_camera4/frame_0078_hp_preview.jpg
1.498358 0.048804 4.119129 68 255 68 R1 pano_camera4/frame_0079_hp_preview.jpg
1.881237 0.064376 4.696515 68 255 68 R1 pano_camera4/frame_0080_hp_preview.jpg
-2.369750 -0.016442 3.111636 68 255 68 R1 pano_camera4/frame_0118_hp_preview.jpg
-2.346968 -0.008202 2.655313 68 255 68 R1 pano_camera4/frame_0119_hp_preview.jpg
-2.713092 -0.010292 2.039740 68 255 68 R1 pano_camera4/frame_0120_hp_preview.jpg
-3.058327 -0.021958 1.804077 68 255 68 R1 pano_camera4/frame_0121_hp_preview.jpg
-3.371679 -0.019531 1.665440 68 255 68 R1 pano_camera4/frame_0122_hp_preview.jpg
-4.039378 -0.024907 1.547754 68 255 68 R1 pano_camera4/frame_0123_hp_preview.jpg
-4.566250 -0.033702 1.692181 68 255 68 R1 pano_camera4/frame_0124_hp_preview.jpg
-4.692933 -0.043622 2.038568 68 255 68 R1 pano_camera4/frame_0125_hp_preview.jpg
-4.697183 -0.022124 2.251918 68 255 68 R1 pano_camera4/frame_0126_hp_preview.jpg
-4.566029 -0.048039 -0.226355 68 255 68 R1 pano_camera4/frame_0197_hp_preview.jpg
-0.623249 -0.325869 2.744597 68 255 68 R1 pano_camera5/frame_0000_hp_preview.jpg
0.669514 -0.339202 3.187987 68 255 68 R1 pano_camera5/frame_0002_hp_preview.jpg
1.332726 -0.286863 3.403878 68 255 68 R1 pano_camera5/frame_0003_hp_preview.jpg
1.693152 -0.258791 3.530954 68 255 68 R1 pano_camera5/frame_0004_hp_preview.jpg
1.749196 -0.010650 3.698661 68 255 68 R1 pano_camera5/frame_0005_hp_preview.jpg
1.565189 -0.072385 3.513375 68 255 68 R1 pano_camera5/frame_0006_hp_preview.jpg
1.512363 -0.161448 3.380070 68 255 68 R1 pano_camera5/frame_0007_hp_preview.jpg
1.508968 -0.162651 3.389015 68 255 68 R1 pano_camera5/frame_0008_hp_preview.jpg
1.513425 -0.150454 3.443850 68 255 68 R1 pano_camera5/frame_0009_hp_preview.jpg
1.517539 -0.147064 3.447429 68 255 68 R1 pano_camera5/frame_0010_hp_preview.jpg
1.536189 -0.133453 3.440059 68 255 68 R1 pano_camera5/frame_0011_hp_preview.jpg
1.484612 -0.168132 3.439498 68 255 68 R1 pano_camera5/frame_0012_hp_preview.jpg
1.519912 -0.156602 3.362827 68 255 68 R1 pano_camera5/frame_0013_hp_preview.jpg
1.576979 0.059464 3.463982 68 255 68 R1 pano_camera5/frame_0014_hp_preview.jpg
1.646241 0.056416 3.451498 68 255 68 R1 pano_camera5/frame_0015_hp_preview.jpg
1.640388 0.076151 3.383198 68 255 68 R1 pano_camera5/frame_0016_hp_preview.jpg
1.253118 0.060922 3.257053 68 255 68 R1 pano_camera5/frame_0017_hp_preview.jpg
0.815873 0.057589 3.064520 68 255 68 R1 pano_camera5/frame_0018_hp_preview.jpg
0.569395 0.056236 2.859557 68 255 68 R1 pano_camera5/frame_0019_hp_preview.jpg
0.387429 0.059633 2.550361 68 255 68 R1 pano_camera5/frame_0020_hp_preview.jpg
0.291076 0.052551 1.962108 68 255 68 R1 pano_camera5/frame_0021_hp_preview.jpg
0.200286 0.050661 0.979284 68 255 68 R1 pano_camera5/frame_0022_hp_preview.jpg
0.123725 0.040199 0.559499 68 255 68 R1 pano_camera5/frame_0023_hp_preview.jpg
0.134890 0.041271 0.252961 68 255 68 R1 pano_camera5/frame_0024_hp_preview.jpg
0.378821 0.058056 -0.254174 68 255 68 R1 pano_camera5/frame_0025_hp_preview.jpg
0.679792 0.090104 -0.491403 68 255 68 R1 pano_camera5/frame_0026_hp_preview.jpg
0.965152 0.100713 -0.587056 68 255 68 R1 pano_camera5/frame_0027_hp_preview.jpg
0.369237 0.075132 -0.868426 68 255 68 R1 pano_camera5/frame_0028_hp_preview.jpg
-0.401856 0.067787 -1.024328 68 255 68 R1 pano_camera5/frame_0029_hp_preview.jpg
-1.097955 0.049659 -1.215436 68 255 68 R1 pano_camera5/frame_0030_hp_preview.jpg
-1.535664 0.057266 -1.480343 68 255 68 R1 pano_camera5/frame_0031_hp_preview.jpg
-1.605558 0.047336 -1.955276 68 255 68 R1 pano_camera5/frame_0032_hp_preview.jpg
-1.480291 0.044110 -2.216170 68 255 68 R1 pano_camera5/frame_0033_hp_preview.jpg
-0.697874 0.088518 -2.564426 68 255 68 R1 pano_camera5/frame_0034_hp_preview.jpg
-0.458635 0.095138 -2.497707 68 255 68 R1 pano_camera5/frame_0035_hp_preview.jpg
0.129470 0.086894 -2.289798 68 255 68 R1 pano_camera5/frame_0036_hp_preview.jpg
0.589213 0.113257 -2.196490 68 255 68 R1 pano_camera5/frame_0037_hp_preview.jpg
1.018408 0.114298 -2.117545 68 255 68 R1 pano_camera5/frame_0038_hp_preview.jpg
1.758965 0.099238 -2.365394 68 255 68 R1 pano_camera5/frame_0039_hp_preview.jpg
2.100579 0.136265 -2.718351 68 255 68 R1 pano_camera5/frame_0040_hp_preview.jpg
2.146057 0.147215 -2.794905 68 255 68 R1 pano_camera5/frame_0041_hp_preview.jpg
2.515883 0.150781 -3.431626 68 255 68 R1 pano_camera5/frame_0042_hp_preview.jpg
2.885535 0.272511 -3.762189 68 255 68 R1 pano_camera5/frame_0043_hp_preview.jpg
3.333666 0.277968 -3.651401 68 255 68 R1 pano_camera5/frame_0044_hp_preview.jpg
3.989905 0.275130 -3.623259 68 255 68 R1 pano_camera5/frame_0045_hp_preview.jpg
4.127588 0.278595 -3.832147 68 255 68 R1 pano_camera5/frame_0046_hp_preview.jpg
4.098364 0.270142 -3.922432 68 255 68 R1 pano_camera5/frame_0047_hp_preview.jpg
3.921626 0.279195 -4.130327 68 255 68 R1 pano_camera5/frame_0048_hp_preview.jpg
3.312251 0.280885 -4.386841 68 255 68 R1 pano_camera5/frame_0049_hp_preview.jpg
2.495812 0.265788 -4.423021 68 255 68 R1 pano_camera5/frame_0050_hp_preview.jpg
2.460548 0.269000 -4.419909 68 255 68 R1 pano_camera5/frame_0051_hp_preview.jpg
1.629563 0.240678 -4.543623 68 255 68 R1 pano_camera5/frame_0052_hp_preview.jpg
1.446746 0.143382 -4.654957 68 255 68 R1 pano_camera5/frame_0053_hp_preview.jpg
1.253000 0.142002 -4.974225 68 255 68 R1 pano_camera5/frame_0054_hp_preview.jpg
0.465711 0.116369 -5.284512 68 255 68 R1 pano_camera5/frame_0055_hp_preview.jpg
0.081323 0.125161 -5.233444 68 255 68 R1 pano_camera5/frame_0056_hp_preview.jpg
-0.322277 0.110452 -5.129429 68 255 68 R1 pano_camera5/frame_0057_hp_preview.jpg
-0.584774 0.104270 -5.065747 68 255 68 R1 pano_camera5/frame_0058_hp_preview.jpg
-0.869366 0.077016 -4.716542 68 255 68 R1 pano_camera5/frame_0059_hp_preview.jpg
-1.130045 0.084470 -4.156928 68 255 68 R1 pano_camera5/frame_0060_hp_preview.jpg
-1.271831 0.089754 -3.872212 68 255 68 R1 pano_camera5/frame_0061_hp_preview.jpg
-1.544330 0.043062 -2.915186 68 255 68 R1 pano_camera5/frame_0062_hp_preview.jpg
-1.769806 0.043611 -2.198827 68 255 68 R1 pano_camera5/frame_0063_hp_preview.jpg
-1.810777 0.044026 -2.069174 68 255 68 R1 pano_camera5/frame_0064_hp_preview.jpg
-2.305132 0.004940 -1.300966 68 255 68 R1 pano_camera5/frame_0065_hp_preview.jpg
-2.491292 0.003101 -1.168229 68 255 68 R1 pano_camera5/frame_0066_hp_preview.jpg
-3.028516 -0.021086 -0.534157 68 255 68 R1 pano_camera5/frame_0067_hp_preview.jpg
-3.343889 -0.026065 0.196140 68 255 68 R1 pano_camera5/frame_0068_hp_preview.jpg
-3.388253 -0.023032 0.306932 68 255 68 R1 pano_camera5/frame_0069_hp_preview.jpg
-3.256717 -0.033444 1.132959 68 255 68 R1 pano_camera5/frame_0070_hp_preview.jpg
-2.811833 -0.037950 1.575298 68 255 68 R1 pano_camera5/frame_0071_hp_preview.jpg
-2.353936 -0.027179 1.822946 68 255 68 R1 pano_camera5/frame_0072_hp_preview.jpg
-2.263631 -0.023300 1.850682 68 255 68 R1 pano_camera5/frame_0073_hp_preview.jpg
-1.640020 -0.013736 2.170269 68 255 68 R1 pano_camera5/frame_0074_hp_preview.jpg
-0.961070 0.007755 2.593397 68 255 68 R1 pano_camera5/frame_0075_hp_preview.jpg
-0.693157 0.001338 2.756592 68 255 68 R1 pano_camera5/frame_0076_hp_preview.jpg
-0.093774 0.027368 3.105892 68 255 68 R1 pano_camera5/frame_0077_hp_preview.jpg
0.603302 0.054698 3.486934 68 255 68 R1 pano_camera5/frame_0078_hp_preview.jpg
1.498358 0.048804 4.119129 68 255 68 R1 pano_camera5/frame_0079_hp_preview.jpg
1.881237 0.064376 4.696515 68 255 68 R1 pano_camera5/frame_0080_hp_preview.jpg
-2.369750 -0.016442 3.111636 68 255 68 R1 pano_camera5/frame_0118_hp_preview.jpg
-2.346968 -0.008202 2.655313 68 255 68 R1 pano_camera5/frame_0119_hp_preview.jpg
-2.713092 -0.010292 2.039740 68 255 68 R1 pano_camera5/frame_0120_hp_preview.jpg
-3.058327 -0.021958 1.804077 68 255 68 R1 pano_camera5/frame_0121_hp_preview.jpg
-3.371679 -0.019531 1.665440 68 255 68 R1 pano_camera5/frame_0122_hp_preview.jpg
-4.039378 -0.024907 1.547754 68 255 68 R1 pano_camera5/frame_0123_hp_preview.jpg
-4.566250 -0.033702 1.692181 68 255 68 R1 pano_camera5/frame_0124_hp_preview.jpg
-4.692933 -0.043622 2.038568 68 255 68 R1 pano_camera5/frame_0125_hp_preview.jpg
-4.697183 -0.022124 2.251918 68 255 68 R1 pano_camera5/frame_0126_hp_preview.jpg
-4.566029 -0.048039 -0.226355 68 255 68 R1 pano_camera5/frame_0197_hp_preview.jpg
-0.623249 -0.325869 2.744597 68 255 68 R1 pano_camera6/frame_0000_hp_preview.jpg
0.669514 -0.339202 3.187987 68 255 68 R1 pano_camera6/frame_0002_hp_preview.jpg
1.332726 -0.286863 3.403878 68 255 68 R1 pano_camera6/frame_0003_hp_preview.jpg
1.693152 -0.258791 3.530954 68 255 68 R1 pano_camera6/frame_0004_hp_preview.jpg
1.749196 -0.010650 3.698661 68 255 68 R1 pano_camera6/frame_0005_hp_preview.jpg
1.565189 -0.072385 3.513375 68 255 68 R1 pano_camera6/frame_0006_hp_preview.jpg
1.512363 -0.161448 3.380070 68 255 68 R1 pano_camera6/frame_0007_hp_preview.jpg
1.508968 -0.162651 3.389015 68 255 68 R1 pano_camera6/frame_0008_hp_preview.jpg
1.513425 -0.150454 3.443850 68 255 68 R1 pano_camera6/frame_0009_hp_preview.jpg
1.517539 -0.147064 3.447429 68 255 68 R1 pano_camera6/frame_0010_hp_preview.jpg
1.536189 -0.133453 3.440059 68 255 68 R1 pano_camera6/frame_0011_hp_preview.jpg
1.484612 -0.168132 3.439498 68 255 68 R1 pano_camera6/frame_0012_hp_preview.jpg
1.519912 -0.156602 3.362827 68 255 68 R1 pano_camera6/frame_0013_hp_preview.jpg
1.576979 0.059464 3.463982 68 255 68 R1 pano_camera6/frame_0014_hp_preview.jpg
1.646241 0.056416 3.451498 68 255 68 R1 pano_camera6/frame_0015_hp_preview.jpg
1.640388 0.076151 3.383198 68 255 68 R1 pano_camera6/frame_0016_hp_preview.jpg
1.253118 0.060922 3.257053 68 255 68 R1 pano_camera6/frame_0017_hp_preview.jpg
0.815873 0.057589 3.064520 68 255 68 R1 pano_camera6/frame_0018_hp_preview.jpg
0.569395 0.056236 2.859557 68 255 68 R1 pano_camera6/frame_0019_hp_preview.jpg
0.387429 0.059633 2.550361 68 255 68 R1 pano_camera6/frame_0020_hp_preview.jpg
0.291076 0.052551 1.962108 68 255 68 R1 pano_camera6/frame_0021_hp_preview.jpg
0.200286 0.050661 0.979284 68 255 68 R1 pano_camera6/frame_0022_hp_preview.jpg
0.123725 0.040199 0.559499 68 255 68 R1 pano_camera6/frame_0023_hp_preview.jpg
0.134890 0.041271 0.252961 68 255 68 R1 pano_camera6/frame_0024_hp_preview.jpg
0.378821 0.058056 -0.254174 68 255 68 R1 pano_camera6/frame_0025_hp_preview.jpg
0.679792 0.090104 -0.491403 68 255 68 R1 pano_camera6/frame_0026_hp_preview.jpg
0.965152 0.100713 -0.587056 68 255 68 R1 pano_camera6/frame_0027_hp_preview.jpg
0.369237 0.075132 -0.868426 68 255 68 R1 pano_camera6/frame_0028_hp_preview.jpg
-0.401856 0.067787 -1.024328 68 255 68 R1 pano_camera6/frame_0029_hp_preview.jpg
-1.097955 0.049659 -1.215436 68 255 68 R1 pano_camera6/frame_0030_hp_preview.jpg
-1.535664 0.057266 -1.480343 68 255 68 R1 pano_camera6/frame_0031_hp_preview.jpg
-1.605558 0.047336 -1.955276 68 255 68 R1 pano_camera6/frame_0032_hp_preview.jpg
-1.480291 0.044110 -2.216170 68 255 68 R1 pano_camera6/frame_0033_hp_preview.jpg
-0.697874 0.088518 -2.564426 68 255 68 R1 pano_camera6/frame_0034_hp_preview.jpg
-0.458635 0.095138 -2.497707 68 255 68 R1 pano_camera6/frame_0035_hp_preview.jpg
0.129470 0.086894 -2.289798 68 255 68 R1 pano_camera6/frame_0036_hp_preview.jpg
0.589213 0.113257 -2.196490 68 255 68 R1 pano_camera6/frame_0037_hp_preview.jpg
1.018408 0.114298 -2.117545 68 255 68 R1 pano_camera6/frame_0038_hp_preview.jpg
1.758965 0.099238 -2.365394 68 255 68 R1 pano_camera6/frame_0039_hp_preview.jpg
2.100579 0.136265 -2.718351 68 255 68 R1 pano_camera6/frame_0040_hp_preview.jpg
2.146057 0.147215 -2.794905 68 255 68 R1 pano_camera6/frame_0041_hp_preview.jpg
2.515883 0.150781 -3.431626 68 255 68 R1 pano_camera6/frame_0042_hp_preview.jpg
2.885535 0.272511 -3.762189 68 255 68 R1 pano_camera6/frame_0043_hp_preview.jpg
3.333666 0.277968 -3.651401 68 255 68 R1 pano_camera6/frame_0044_hp_preview.jpg
3.989905 0.275130 -3.623259 68 255 68 R1 pano_camera6/frame_0045_hp_preview.jpg
4.127588 0.278595 -3.832147 68 255 68 R1 pano_camera6/frame_0046_hp_preview.jpg
4.098364 0.270142 -3.922432 68 255 68 R1 pano_camera6/frame_0047_hp_preview.jpg
3.921626 0.279195 -4.130327 68 255 68 R1 pano_camera6/frame_0048_hp_preview.jpg
3.312251 0.280885 -4.386841 68 255 68 R1 pano_camera6/frame_0049_hp_preview.jpg
2.495812 0.265788 -4.423021 68 255 68 R1 pano_camera6/frame_0050_hp_preview.jpg
2.460548 0.269000 -4.419909 68 255 68 R1 pano_camera6/frame_0051_hp_preview.jpg
1.629563 0.240678 -4.543623 68 255 68 R1 pano_camera6/frame_0052_hp_preview.jpg
1.446746 0.143382 -4.654957 68 255 68 R1 pano_camera6/frame_0053_hp_preview.jpg
1.253000 0.142002 -4.974225 68 255 68 R1 pano_camera6/frame_0054_hp_preview.jpg
0.465711 0.116369 -5.284512 68 255 68 R1 pano_camera6/frame_0055_hp_preview.jpg
0.081323 0.125161 -5.233444 68 255 68 R1 pano_camera6/frame_0056_hp_preview.jpg
-0.322277 0.110452 -5.129429 68 255 68 R1 pano_camera6/frame_0057_hp_preview.jpg
-0.584774 0.104270 -5.065747 68 255 68 R1 pano_camera6/frame_0058_hp_preview.jpg
-0.869366 0.077016 -4.716542 68 255 68 R1 pano_camera6/frame_0059_hp_preview.jpg
-1.130045 0.084470 -4.156928 68 255 68 R1 pano_camera6/frame_0060_hp_preview.jpg
-1.271831 0.089754 -3.872212 68 255 68 R1 pano_camera6/frame_0061_hp_preview.jpg
-1.544330 0.043062 -2.915186 68 255 68 R1 pano_camera6/frame_0062_hp_preview.jpg
-1.769806 0.043611 -2.198827 68 255 68 R1 pano_camera6/frame_0063_hp_preview.jpg
-1.810777 0.044026 -2.069174 68 255 68 R1 pano_camera6/frame_0064_hp_preview.jpg
-2.305132 0.004940 -1.300966 68 255 68 R1 pano_camera6/frame_0065_hp_preview.jpg
-2.491292 0.003101 -1.168229 68 255 68 R1 pano_camera6/frame_0066_hp_preview.jpg
-3.028516 -0.021086 -0.534157 68 255 68 R1 pano_camera6/frame_0067_hp_preview.jpg
-3.343889 -0.026065 0.196140 68 255 68 R1 pano_camera6/frame_0068_hp_preview.jpg
-3.388253 -0.023032 0.306932 68 255 68 R1 pano_camera6/frame_0069_hp_preview.jpg
-3.256717 -0.033444 1.132959 68 255 68 R1 pano_camera6/frame_0070_hp_preview.jpg
-2.811833 -0.037950 1.575298 68 255 68 R1 pano_camera6/frame_0071_hp_preview.jpg
-2.353936 -0.027179 1.822946 68 255 68 R1 pano_camera6/frame_0072_hp_preview.jpg
-2.263631 -0.023300 1.850682 68 255 68 R1 pano_camera6/frame_0073_hp_preview.jpg
-1.640020 -0.013736 2.170269 68 255 68 R1 pano_camera6/frame_0074_hp_preview.jpg
-0.961070 0.007755 2.593397 68 255 68 R1 pano_camera6/frame_0075_hp_preview.jpg
-0.693157 0.001338 2.756592 68 255 68 R1 pano_camera6/frame_0076_hp_preview.jpg
-0.093774 0.027368 3.105892 68 255 68 R1 pano_camera6/frame_0077_hp_preview.jpg
0.603302 0.054698 3.486934 68 255 68 R1 pano_camera6/frame_0078_hp_preview.jpg
1.498358 0.048804 4.119129 68 255 68 R1 pano_camera6/frame_0079_hp_preview.jpg
1.881237 0.064376 4.696515 68 255 68 R1 pano_camera6/frame_0080_hp_preview.jpg
-2.369750 -0.016442 3.111636 68 255 68 R1 pano_camera6/frame_0118_hp_preview.jpg
-2.346968 -0.008202 2.655313 68 255 68 R1 pano_camera6/frame_0119_hp_preview.jpg
-2.713092 -0.010292 2.039740 68 255 68 R1 pano_camera6/frame_0120_hp_preview.jpg
-3.058327 -0.021958 1.804077 68 255 68 R1 pano_camera6/frame_0121_hp_preview.jpg
-3.371679 -0.019531 1.665440 68 255 68 R1 pano_camera6/frame_0122_hp_preview.jpg
-4.039378 -0.024907 1.547754 68 255 68 R1 pano_camera6/frame_0123_hp_preview.jpg
-4.566250 -0.033702 1.692181 68 255 68 R1 pano_camera6/frame_0124_hp_preview.jpg
-4.692933 -0.043622 2.038568 68 255 68 R1 pano_camera6/frame_0125_hp_preview.jpg
-4.697183 -0.022124 2.251918 68 255 68 R1 pano_camera6/frame_0126_hp_preview.jpg
-4.566029 -0.048039 -0.226355 68 255 68 R1 pano_camera6/frame_0197_hp_preview.jpg
-0.623249 -0.325869 2.744597 68 255 68 R1 pano_camera7/frame_0000_hp_preview.jpg
0.669514 -0.339202 3.187987 68 255 68 R1 pano_camera7/frame_0002_hp_preview.jpg
1.332726 -0.286863 3.403878 68 255 68 R1 pano_camera7/frame_0003_hp_preview.jpg
1.693152 -0.258791 3.530954 68 255 68 R1 pano_camera7/frame_0004_hp_preview.jpg
1.749196 -0.010650 3.698661 68 255 68 R1 pano_camera7/frame_0005_hp_preview.jpg
1.565189 -0.072385 3.513375 68 255 68 R1 pano_camera7/frame_0006_hp_preview.jpg
1.512363 -0.161448 3.380070 68 255 68 R1 pano_camera7/frame_0007_hp_preview.jpg
1.508968 -0.162651 3.389015 68 255 68 R1 pano_camera7/frame_0008_hp_preview.jpg
1.513425 -0.150454 3.443850 68 255 68 R1 pano_camera7/frame_0009_hp_preview.jpg
1.517539 -0.147064 3.447429 68 255 68 R1 pano_camera7/frame_0010_hp_preview.jpg
1.536189 -0.133453 3.440059 68 255 68 R1 pano_camera7/frame_0011_hp_preview.jpg
1.484612 -0.168132 3.439498 68 255 68 R1 pano_camera7/frame_0012_hp_preview.jpg
1.519912 -0.156602 3.362827 68 255 68 R1 pano_camera7/frame_0013_hp_preview.jpg
1.576979 0.059464 3.463982 68 255 68 R1 pano_camera7/frame_0014_hp_preview.jpg
1.646241 0.056416 3.451498 68 255 68 R1 pano_camera7/frame_0015_hp_preview.jpg
1.640388 0.076151 3.383198 68 255 68 R1 pano_camera7/frame_0016_hp_preview.jpg
1.253118 0.060922 3.257053 68 255 68 R1 pano_camera7/frame_0017_hp_preview.jpg
0.815873 0.057589 3.064520 68 255 68 R1 pano_camera7/frame_0018_hp_preview.jpg
0.569395 0.056236 2.859557 68 255 68 R1 pano_camera7/frame_0019_hp_preview.jpg
0.387429 0.059633 2.550361 68 255 68 R1 pano_camera7/frame_0020_hp_preview.jpg
0.291076 0.052551 1.962108 68 255 68 R1 pano_camera7/frame_0021_hp_preview.jpg
0.200286 0.050661 0.979284 68 255 68 R1 pano_camera7/frame_0022_hp_preview.jpg
0.123725 0.040199 0.559499 68 255 68 R1 pano_camera7/frame_0023_hp_preview.jpg
0.134890 0.041271 0.252961 68 255 68 R1 pano_camera7/frame_0024_hp_preview.jpg
0.378821 0.058056 -0.254174 68 255 68 R1 pano_camera7/frame_0025_hp_preview.jpg
0.679792 0.090104 -0.491403 68 255 68 R1 pano_camera7/frame_0026_hp_preview.jpg
0.965152 0.100713 -0.587056 68 255 68 R1 pano_camera7/frame_0027_hp_preview.jpg
0.369237 0.075132 -0.868426 68 255 68 R1 pano_camera7/frame_0028_hp_preview.jpg
-0.401856 0.067787 -1.024328 68 255 68 R1 pano_camera7/frame_0029_hp_preview.jpg
-1.097955 0.049659 -1.215436 68 255 68 R1 pano_camera7/frame_0030_hp_preview.jpg
-1.535664 0.057266 -1.480343 68 255 68 R1 pano_camera7/frame_0031_hp_preview.jpg
-1.605558 0.047336 -1.955276 68 255 68 R1 pano_camera7/frame_0032_hp_preview.jpg
-1.480291 0.044110 -2.216170 68 255 68 R1 pano_camera7/frame_0033_hp_preview.jpg
-0.697874 0.088518 -2.564426 68 255 68 R1 pano_camera7/frame_0034_hp_preview.jpg
-0.458635 0.095138 -2.497707 68 255 68 R1 pano_camera7/frame_0035_hp_preview.jpg
0.129470 0.086894 -2.289798 68 255 68 R1 pano_camera7/frame_0036_hp_preview.jpg
0.589213 0.113257 -2.196490 68 255 68 R1 pano_camera7/frame_0037_hp_preview.jpg
1.018408 0.114298 -2.117545 68 255 68 R1 pano_camera7/frame_0038_hp_preview.jpg
1.758965 0.099238 -2.365394 68 255 68 R1 pano_camera7/frame_0039_hp_preview.jpg
2.100579 0.136265 -2.718351 68 255 68 R1 pano_camera7/frame_0040_hp_preview.jpg
2.146057 0.147215 -2.794905 68 255 68 R1 pano_camera7/frame_0041_hp_preview.jpg
2.515883 0.150781 -3.431626 68 255 68 R1 pano_camera7/frame_0042_hp_preview.jpg
2.885535 0.272511 -3.762189 68 255 68 R1 pano_camera7/frame_0043_hp_preview.jpg
3.333666 0.277968 -3.651401 68 255 68 R1 pano_camera7/frame_0044_hp_preview.jpg
3.989905 0.275130 -3.623259 68 255 68 R1 pano_camera7/frame_0045_hp_preview.jpg
4.127588 0.278595 -3.832147 68 255 68 R1 pano_camera7/frame_0046_hp_preview.jpg
4.098364 0.270142 -3.922432 68 255 68 R1 pano_camera7/frame_0047_hp_preview.jpg
3.921626 0.279195 -4.130327 68 255 68 R1 pano_camera7/frame_0048_hp_preview.jpg
3.312251 0.280885 -4.386841 68 255 68 R1 pano_camera7/frame_0049_hp_preview.jpg
2.495812 0.265788 -4.423021 68 255 68 R1 pano_camera7/frame_0050_hp_preview.jpg
2.460548 0.269000 -4.419909 68 255 68 R1 pano_camera7/frame_0051_hp_preview.jpg
1.629563 0.240678 -4.543623 68 255 68 R1 pano_camera7/frame_0052_hp_preview.jpg
1.446746 0.143382 -4.654957 68 255 68 R1 pano_camera7/frame_0053_hp_preview.jpg
1.253000 0.142002 -4.974225 68 255 68 R1 pano_camera7/frame_0054_hp_preview.jpg
0.465711 0.116369 -5.284512 68 255 68 R1 pano_camera7/frame_0055_hp_preview.jpg
0.081323 0.125161 -5.233444 68 255 68 R1 pano_camera7/frame_0056_hp_preview.jpg
-0.322277 0.110452 -5.129429 68 255 68 R1 pano_camera7/frame_0057_hp_preview.jpg
-0.584774 0.104270 -5.065747 68 255 68 R1 pano_camera7/frame_0058_hp_preview.jpg
-0.869366 0.077016 -4.716542 68 255 68 R1 pano_camera7/frame_0059_hp_preview.jpg
-1.130045 0.084470 -4.156928 68 255 68 R1 pano_camera7/frame_0060_hp_preview.jpg
-1.271831 0.089754 -3.872212 68 255 68 R1 pano_camera7/frame_0061_hp_preview.jpg
-1.544330 0.043062 -2.915186 68 255 68 R1 pano_camera7/frame_0062_hp_preview.jpg
-1.769806 0.043611 -2.198827 68 255 68 R1 pano_camera7/frame_0063_hp_preview.jpg
-1.810777 0.044026 -2.069174 68 255 68 R1 pano_camera7/frame_0064_hp_preview.jpg
-2.305132 0.004940 -1.300966 68 255 68 R1 pano_camera7/frame_0065_hp_preview.jpg
-2.491292 0.003101 -1.168229 68 255 68 R1 pano_camera7/frame_0066_hp_preview.jpg
-3.028516 -0.021086 -0.534157 68 255 68 R1 pano_camera7/frame_0067_hp_preview.jpg
-3.343889 -0.026065 0.196140 68 255 68 R1 pano_camera7/frame_0068_hp_preview.jpg
-3.388253 -0.023032 0.306932 68 255 68 R1 pano_camera7/frame_0069_hp_preview.jpg
-3.256717 -0.033444 1.132959 68 255 68 R1 pano_camera7/frame_0070_hp_preview.jpg
-2.811833 -0.037950 1.575298 68 255 68 R1 pano_camera7/frame_0071_hp_preview.jpg
-2.353936 -0.027179 1.822946 68 255 68 R1 pano_camera7/frame_0072_hp_preview.jpg
-2.263631 -0.023300 1.850682 68 255 68 R1 pano_camera7/frame_0073_hp_preview.jpg
-1.640020 -0.013736 2.170269 68 255 68 R1 pano_camera7/frame_0074_hp_preview.jpg
-0.961070 0.007755 2.593397 68 255 68 R1 pano_camera7/frame_0075_hp_preview.jpg
-0.693157 0.001338 2.756592 68 255 68 R1 pano_camera7/frame_0076_hp_preview.jpg
-0.093774 0.027368 3.105892 68 255 68 R1 pano_camera7/frame_0077_hp_preview.jpg
0.603302 0.054698 3.486934 68 255 68 R1 pano_camera7/frame_0078_hp_preview.jpg
1.498358 0.048804 4.119129 68 255 68 R1 pano_camera7/frame_0079_hp_preview.jpg
1.881237 0.064376 4.696515 68 255 68 R1 pano_camera7/frame_0080_hp_preview.jpg
-2.369750 -0.016442 3.111636 68 255 68 R1 pano_camera7/frame_0118_hp_preview.jpg
-2.346968 -0.008202 2.655313 68 255 68 R1 pano_camera7/frame_0119_hp_preview.jpg
-2.713092 -0.010292 2.039740 68 255 68 R1 pano_camera7/frame_0120_hp_preview.jpg
-3.058327 -0.021958 1.804077 68 255 68 R1 pano_camera7/frame_0121_hp_preview.jpg
-3.371679 -0.019531 1.665440 68 255 68 R1 pano_camera7/frame_0122_hp_preview.jpg
-4.039378 -0.024907 1.547754 68 255 68 R1 pano_camera7/frame_0123_hp_preview.jpg
-4.566250 -0.033702 1.692181 68 255 68 R1 pano_camera7/frame_0124_hp_preview.jpg
-4.692933 -0.043622 2.038568 68 255 68 R1 pano_camera7/frame_0125_hp_preview.jpg
-4.697183 -0.022124 2.251918 68 255 68 R1 pano_camera7/frame_0126_hp_preview.jpg
-4.566029 -0.048039 -0.226355 68 255 68 R1 pano_camera7/frame_0197_hp_preview.jpg

# Object R2: Blue (88 points)
# Transform: Pos(0.000, 0.000, 0.000) Scale(1.000, 1.000, 1.000) Quat(0.000, 0.000, 0.000, 1.000)
-4.250865 0.027266 3.327995 68 68 255 R2 pano_camera0/frame_0089_hp_preview.jpg
-4.144562 0.094122 1.417031 68 68 255 R2 pano_camera0/frame_0090_hp_preview.jpg
-4.137380 0.090152 1.368552 68 68 255 R2 pano_camera0/frame_0091_hp_preview.jpg
-2.657658 0.008652 -0.912885 68 68 255 R2 pano_camera0/frame_0092_hp_preview.jpg
-2.014847 0.046047 -1.283528 68 68 255 R2 pano_camera0/frame_0093_hp_preview.jpg
-0.767699 0.088537 -1.661858 68 68 255 R2 pano_camera0/frame_0094_hp_preview.jpg
0.765637 0.014417 -1.890210 68 68 255 R2 pano_camera0/frame_0095_hp_preview.jpg
2.639037 -0.032520 -1.732579 68 68 255 R2 pano_camera0/frame_0096_hp_preview.jpg
4.658052 -0.139746 0.040706 68 68 255 R2 pano_camera0/frame_0097_hp_preview.jpg
4.902790 -0.187096 0.461981 68 68 255 R2 pano_camera0/frame_0098_hp_preview.jpg
5.819150 -0.278516 3.074974 68 68 255 R2 pano_camera0/frame_0099_hp_preview.jpg
-4.250865 0.027266 3.327995 68 68 255 R2 pano_camera1/frame_0089_hp_preview.jpg
-4.144562 0.094122 1.417031 68 68 255 R2 pano_camera1/frame_0090_hp_preview.jpg
-4.137380 0.090152 1.368552 68 68 255 R2 pano_camera1/frame_0091_hp_preview.jpg
-2.657658 0.008652 -0.912885 68 68 255 R2 pano_camera1/frame_0092_hp_preview.jpg
-2.014847 0.046047 -1.283528 68 68 255 R2 pano_camera1/frame_0093_hp_preview.jpg
-0.767699 0.088537 -1.661858 68 68 255 R2 pano_camera1/frame_0094_hp_preview.jpg
0.765637 0.014417 -1.890210 68 68 255 R2 pano_camera1/frame_0095_hp_preview.jpg
2.639037 -0.032520 -1.732579 68 68 255 R2 pano_camera1/frame_0096_hp_preview.jpg
4.658052 -0.139746 0.040706 68 68 255 R2 pano_camera1/frame_0097_hp_preview.jpg
4.902790 -0.187096 0.461981 68 68 255 R2 pano_camera1/frame_0098_hp_preview.jpg
5.819150 -0.278516 3.074974 68 68 255 R2 pano_camera1/frame_0099_hp_preview.jpg
-4.250865 0.027266 3.327995 68 68 255 R2 pano_camera2/frame_0089_hp_preview.jpg
-4.144562 0.094122 1.417031 68 68 255 R2 pano_camera2/frame_0090_hp_preview.jpg
-4.137380 0.090152 1.368552 68 68 255 R2 pano_camera2/frame_0091_hp_preview.jpg
-2.657658 0.008652 -0.912885 68 68 255 R2 pano_camera2/frame_0092_hp_preview.jpg
-2.014847 0.046047 -1.283528 68 68 255 R2 pano_camera2/frame_0093_hp_preview.jpg
-0.767699 0.088537 -1.661858 68 68 255 R2 pano_camera2/frame_0094_hp_preview.jpg
0.765637 0.014417 -1.890210 68 68 255 R2 pano_camera2/frame_0095_hp_preview.jpg
2.639037 -0.032520 -1.732579 68 68 255 R2 pano_camera2/frame_0096_hp_preview.jpg
4.658052 -0.139746 0.040706 68 68 255 R2 pano_camera2/frame_0097_hp_preview.jpg
4.902790 -0.187096 0.461981 68 68 255 R2 pano_camera2/frame_0098_hp_preview.jpg
5.819150 -0.278516 3.074974 68 68 255 R2 pano_camera2/frame_0099_hp_preview.jpg
-4.250865 0.027266 3.327995 68 68 255 R2 pano_camera3/frame_0089_hp_preview.jpg
-4.144562 0.094122 1.417031 68 68 255 R2 pano_camera3/frame_0090_hp_preview.jpg
-4.137380 0.090152 1.368552 68 68 255 R2 pano_camera3/frame_0091_hp_preview.jpg
-2.657658 0.008652 -0.912885 68 68 255 R2 pano_camera3/frame_0092_hp_preview.jpg
-2.014847 0.046047 -1.283528 68 68 255 R2 pano_camera3/frame_0093_hp_preview.jpg
-0.767699 0.088537 -1.661858 68 68 255 R2 pano_camera3/frame_0094_hp_preview.jpg
0.765637 0.014417 -1.890210 68 68 255 R2 pano_camera3/frame_0095_hp_preview.jpg
2.639037 -0.032520 -1.732579 68 68 255 R2 pano_camera3/frame_0096_hp_preview.jpg
4.658052 -0.139746 0.040706 68 68 255 R2 pano_camera3/frame_0097_hp_preview.jpg
4.902790 -0.187096 0.461981 68 68 255 R2 pano_camera3/frame_0098_hp_preview.jpg
5.819150 -0.278516 3.074974 68 68 255 R2 pano_camera3/frame_0099_hp_preview.jpg
-4.250865 0.027266 3.327995 68 68 255 R2 pano_camera4/frame_0089_hp_preview.jpg
-4.144562 0.094122 1.417031 68 68 255 R2 pano_camera4/frame_0090_hp_preview.jpg
-4.137380 0.090152 1.368552 68 68 255 R2 pano_camera4/frame_0091_hp_preview.jpg
-2.657658 0.008652 -0.912885 68 68 255 R2 pano_camera4/frame_0092_hp_preview.jpg
-2.014847 0.046047 -1.283528 68 68 255 R2 pano_camera4/frame_0093_hp_preview.jpg
-0.767699 0.088537 -1.661858 68 68 255 R2 pano_camera4/frame_0094_hp_preview.jpg
0.765637 0.014417 -1.890210 68 68 255 R2 pano_camera4/frame_0095_hp_preview.jpg
2.639037 -0.032520 -1.732579 68 68 255 R2 pano_camera4/frame_0096_hp_preview.jpg
4.658052 -0.139746 0.040706 68 68 255 R2 pano_camera4/frame_0097_hp_preview.jpg
4.902790 -0.187096 0.461981 68 68 255 R2 pano_camera4/frame_0098_hp_preview.jpg
5.819150 -0.278516 3.074974 68 68 255 R2 pano_camera4/frame_0099_hp_preview.jpg
-4.250865 0.027266 3.327995 68 68 255 R2 pano_camera5/frame_0089_hp_preview.jpg
-4.144562 0.094122 1.417031 68 68 255 R2 pano_camera5/frame_0090_hp_preview.jpg
-4.137380 0.090152 1.368552 68 68 255 R2 pano_camera5/frame_0091_hp_preview.jpg
-2.657658 0.008652 -0.912885 68 68 255 R2 pano_camera5/frame_0092_hp_preview.jpg
-2.014847 0.046047 -1.283528 68 68 255 R2 pano_camera5/frame_0093_hp_preview.jpg
-0.767699 0.088537 -1.661858 68 68 255 R2 pano_camera5/frame_0094_hp_preview.jpg
0.765637 0.014417 -1.890210 68 68 255 R2 pano_camera5/frame_0095_hp_preview.jpg
2.639037 -0.032520 -1.732579 68 68 255 R2 pano_camera5/frame_0096_hp_preview.jpg
4.658052 -0.139746 0.040706 68 68 255 R2 pano_camera5/frame_0097_hp_preview.jpg
4.902790 -0.187096 0.461981 68 68 255 R2 pano_camera5/frame_0098_hp_preview.jpg
5.819150 -0.278516 3.074974 68 68 255 R2 pano_camera5/frame_0099_hp_preview.jpg
-4.250865 0.027266 3.327995 68 68 255 R2 pano_camera6/frame_0089_hp_preview.jpg
-4.144562 0.094122 1.417031 68 68 255 R2 pano_camera6/frame_0090_hp_preview.jpg
-4.137380 0.090152 1.368552 68 68 255 R2 pano_camera6/frame_0091_hp_preview.jpg
-2.657658 0.008652 -0.912885 68 68 255 R2 pano_camera6/frame_0092_hp_preview.jpg
-2.014847 0.046047 -1.283528 68 68 255 R2 pano_camera6/frame_0093_hp_preview.jpg
-0.767699 0.088537 -1.661858 68 68 255 R2 pano_camera6/frame_0094_hp_preview.jpg
0.765637 0.014417 -1.890210 68 68 255 R2 pano_camera6/frame_0095_hp_preview.jpg
2.639037 -0.032520 -1.732579 68 68 255 R2 pano_camera6/frame_0096_hp_preview.jpg
4.658052 -0.139746 0.040706 68 68 255 R2 pano_camera6/frame_0097_hp_preview.jpg
4.902790 -0.187096 0.461981 68 68 255 R2 pano_camera6/frame_0098_hp_preview.jpg
5.819150 -0.278516 3.074974 68 68 255 R2 pano_camera6/frame_0099_hp_preview.jpg
-4.250865 0.027266 3.327995 68 68 255 R2 pano_camera7/frame_0089_hp_preview.jpg
-4.144562 0.094122 1.417031 68 68 255 R2 pano_camera7/frame_0090_hp_preview.jpg
-4.137380 0.090152 1.368552 68 68 255 R2 pano_camera7/frame_0091_hp_preview.jpg
-2.657658 0.008652 -0.912885 68 68 255 R2 pano_camera7/frame_0092_hp_preview.jpg
-2.014847 0.046047 -1.283528 68 68 255 R2 pano_camera7/frame_0093_hp_preview.jpg
-0.767699 0.088537 -1.661858 68 68 255 R2 pano_camera7/frame_0094_hp_preview.jpg
0.765637 0.014417 -1.890210 68 68 255 R2 pano_camera7/frame_0095_hp_preview.jpg
2.639037 -0.032520 -1.732579 68 68 255 R2 pano_camera7/frame_0096_hp_preview.jpg
4.658052 -0.139746 0.040706 68 68 255 R2 pano_camera7/frame_0097_hp_preview.jpg
4.902790 -0.187096 0.461981 68 68 255 R2 pano_camera7/frame_0098_hp_preview.jpg
5.819150 -0.278516 3.074974 68 68 255 R2 pano_camera7/frame_0099_hp_preview.jpg

# Object R3: Yellow (88 points)
# Transform: Pos(0.000, 0.000, 0.000) Scale(1.000, 1.000, 1.000) Quat(0.000, 0.000, 0.000, 1.000)
2.689920 -0.066031 -2.884707 255 255 68 R3 pano_camera0/frame_0143_hp_preview.jpg
1.549686 0.047389 -2.901720 255 255 68 R3 pano_camera0/frame_0144_hp_preview.jpg
0.888761 0.066849 -1.957197 255 255 68 R3 pano_camera0/frame_0145_hp_preview.jpg
2.015911 -0.032663 2.034633 255 255 68 R3 pano_camera0/frame_0146_hp_preview.jpg
2.252430 -0.031092 2.701277 255 255 68 R3 pano_camera0/frame_0147_hp_preview.jpg
1.917377 0.011066 4.428323 255 255 68 R3 pano_camera0/frame_0148_hp_preview.jpg
-1.698255 0.007140 4.691078 255 255 68 R3 pano_camera0/frame_0149_hp_preview.jpg
-3.762008 -0.046917 2.384117 255 255 68 R3 pano_camera0/frame_0150_hp_preview.jpg
-3.899978 -0.010663 -0.441062 255 255 68 R3 pano_camera0/frame_0151_hp_preview.jpg
-1.745550 -0.016187 -3.433546 255 255 68 R3 pano_camera0/frame_0152_hp_preview.jpg
-1.261235 0.032546 -3.683562 255 255 68 R3 pano_camera0/frame_0153_hp_preview.jpg
2.689920 -0.066031 -2.884707 255 255 68 R3 pano_camera1/frame_0143_hp_preview.jpg
1.549686 0.047389 -2.901720 255 255 68 R3 pano_camera1/frame_0144_hp_preview.jpg
0.888761 0.066849 -1.957197 255 255 68 R3 pano_camera1/frame_0145_hp_preview.jpg
2.015911 -0.032663 2.034633 255 255 68 R3 pano_camera1/frame_0146_hp_preview.jpg
2.252430 -0.031092 2.701277 255 255 68 R3 pano_camera1/frame_0147_hp_preview.jpg
1.917377 0.011066 4.428323 255 255 68 R3 pano_camera1/frame_0148_hp_preview.jpg
-1.698255 0.007140 4.691078 255 255 68 R3 pano_camera1/frame_0149_hp_preview.jpg
-3.762008 -0.046917 2.384117 255 255 68 R3 pano_camera1/frame_0150_hp_preview.jpg
-3.899978 -0.010663 -0.441062 255 255 68 R3 pano_camera1/frame_0151_hp_preview.jpg
-1.745550 -0.016187 -3.433546 255 255 68 R3 pano_camera1/frame_0152_hp_preview.jpg
-1.261235 0.032546 -3.683562 255 255 68 R3 pano_camera1/frame_0153_hp_preview.jpg
2.689920 -0.066031 -2.884707 255 255 68 R3 pano_camera2/frame_0143_hp_preview.jpg
1.549686 0.047389 -2.901720 255 255 68 R3 pano_camera2/frame_0144_hp_preview.jpg
0.888761 0.066849 -1.957197 255 255 68 R3 pano_camera2/frame_0145_hp_preview.jpg
2.015911 -0.032663 2.034633 255 255 68 R3 pano_camera2/frame_0146_hp_preview.jpg
2.252430 -0.031092 2.701277 255 255 68 R3 pano_camera2/frame_0147_hp_preview.jpg
1.917377 0.011066 4.428323 255 255 68 R3 pano_camera2/frame_0148_hp_preview.jpg
-1.698255 0.007140 4.691078 255 255 68 R3 pano_camera2/frame_0149_hp_preview.jpg
-3.762008 -0.046917 2.384117 255 255 68 R3 pano_camera2/frame_0150_hp_preview.jpg
-3.899978 -0.010663 -0.441062 255 255 68 R3 pano_camera2/frame_0151_hp_preview.jpg
-1.745550 -0.016187 -3.433546 255 255 68 R3 pano_camera2/frame_0152_hp_preview.jpg
-1.261235 0.032546 -3.683562 255 255 68 R3 pano_camera2/frame_0153_hp_preview.jpg
2.689920 -0.066031 -2.884707 255 255 68 R3 pano_camera3/frame_0143_hp_preview.jpg
1.549686 0.047389 -2.901720 255 255 68 R3 pano_camera3/frame_0144_hp_preview.jpg
0.888761 0.066849 -1.957197 255 255 68 R3 pano_camera3/frame_0145_hp_preview.jpg
2.015911 -0.032663 2.034633 255 255 68 R3 pano_camera3/frame_0146_hp_preview.jpg
2.252430 -0.031092 2.701277 255 255 68 R3 pano_camera3/frame_0147_hp_preview.jpg
1.917377 0.011066 4.428323 255 255 68 R3 pano_camera3/frame_0148_hp_preview.jpg
-1.698255 0.007140 4.691078 255 255 68 R3 pano_camera3/frame_0149_hp_preview.jpg
-3.762008 -0.046917 2.384117 255 255 68 R3 pano_camera3/frame_0150_hp_preview.jpg
-3.899978 -0.010663 -0.441062 255 255 68 R3 pano_camera3/frame_0151_hp_preview.jpg
-1.745550 -0.016187 -3.433546 255 255 68 R3 pano_camera3/frame_0152_hp_preview.jpg
-1.261235 0.032546 -3.683562 255 255 68 R3 pano_camera3/frame_0153_hp_preview.jpg
2.689920 -0.066031 -2.884707 255 255 68 R3 pano_camera4/frame_0143_hp_preview.jpg
1.549686 0.047389 -2.901720 255 255 68 R3 pano_camera4/frame_0144_hp_preview.jpg
0.888761 0.066849 -1.957197 255 255 68 R3 pano_camera4/frame_0145_hp_preview.jpg
2.015911 -0.032663 2.034633 255 255 68 R3 pano_camera4/frame_0146_hp_preview.jpg
2.252430 -0.031092 2.701277 255 255 68 R3 pano_camera4/frame_0147_hp_preview.jpg
1.917377 0.011066 4.428323 255 255 68 R3 pano_camera4/frame_0148_hp_preview.jpg
-1.698255 0.007140 4.691078 255 255 68 R3 pano_camera4/frame_0149_hp_preview.jpg
-3.762008 -0.046917 2.384117 255 255 68 R3 pano_camera4/frame_0150_hp_preview.jpg
-3.899978 -0.010663 -0.441062 255 255 68 R3 pano_camera4/frame_0151_hp_preview.jpg
-1.745550 -0.016187 -3.433546 255 255 68 R3 pano_camera4/frame_0152_hp_preview.jpg
-1.261235 0.032546 -3.683562 255 255 68 R3 pano_camera4/frame_0153_hp_preview.jpg
2.689920 -0.066031 -2.884707 255 255 68 R3 pano_camera5/frame_0143_hp_preview.jpg
1.549686 0.047389 -2.901720 255 255 68 R3 pano_camera5/frame_0144_hp_preview.jpg
0.888761 0.066849 -1.957197 255 255 68 R3 pano_camera5/frame_0145_hp_preview.jpg
2.015911 -0.032663 2.034633 255 255 68 R3 pano_camera5/frame_0146_hp_preview.jpg
2.252430 -0.031092 2.701277 255 255 68 R3 pano_camera5/frame_0147_hp_preview.jpg
1.917377 0.011066 4.428323 255 255 68 R3 pano_camera5/frame_0148_hp_preview.jpg
-1.698255 0.007140 4.691078 255 255 68 R3 pano_camera5/frame_0149_hp_preview.jpg
-3.762008 -0.046917 2.384117 255 255 68 R3 pano_camera5/frame_0150_hp_preview.jpg
-3.899978 -0.010663 -0.441062 255 255 68 R3 pano_camera5/frame_0151_hp_preview.jpg
-1.745550 -0.016187 -3.433546 255 255 68 R3 pano_camera5/frame_0152_hp_preview.jpg
-1.261235 0.032546 -3.683562 255 255 68 R3 pano_camera5/frame_0153_hp_preview.jpg
2.689920 -0.066031 -2.884707 255 255 68 R3 pano_camera6/frame_0143_hp_preview.jpg
1.549686 0.047389 -2.901720 255 255 68 R3 pano_camera6/frame_0144_hp_preview.jpg
0.888761 0.066849 -1.957197 255 255 68 R3 pano_camera6/frame_0145_hp_preview.jpg
2.015911 -0.032663 2.034633 255 255 68 R3 pano_camera6/frame_0146_hp_preview.jpg
2.252430 -0.031092 2.701277 255 255 68 R3 pano_camera6/frame_0147_hp_preview.jpg
1.917377 0.011066 4.428323 255 255 68 R3 pano_camera6/frame_0148_hp_preview.jpg
-1.698255 0.007140 4.691078 255 255 68 R3 pano_camera6/frame_0149_hp_preview.jpg
-3.762008 -0.046917 2.384117 255 255 68 R3 pano_camera6/frame_0150_hp_preview.jpg
-3.899978 -0.010663 -0.441062 255 255 68 R3 pano_camera6/frame_0151_hp_preview.jpg
-1.745550 -0.016187 -3.433546 255 255 68 R3 pano_camera6/frame_0152_hp_preview.jpg
-1.261235 0.032546 -3.683562 255 255 68 R3 pano_camera6/frame_0153_hp_preview.jpg
2.689920 -0.066031 -2.884707 255 255 68 R3 pano_camera7/frame_0143_hp_preview.jpg
1.549686 0.047389 -2.901720 255 255 68 R3 pano_camera7/frame_0144_hp_preview.jpg
0.888761 0.066849 -1.957197 255 255 68 R3 pano_camera7/frame_0145_hp_preview.jpg
2.015911 -0.032663 2.034633 255 255 68 R3 pano_camera7/frame_0146_hp_preview.jpg
2.252430 -0.031092 2.701277 255 255 68 R3 pano_camera7/frame_0147_hp_preview.jpg
1.917377 0.011066 4.428323 255 255 68 R3 pano_camera7/frame_0148_hp_preview.jpg
-1.698255 0.007140 4.691078 255 255 68 R3 pano_camera7/frame_0149_hp_preview.jpg
-3.762008 -0.046917 2.384117 255 255 68 R3 pano_camera7/frame_0150_hp_preview.jpg
-3.899978 -0.010663 -0.441062 255 255 68 R3 pano_camera7/frame_0151_hp_preview.jpg
-1.745550 -0.016187 -3.433546 255 255 68 R3 pano_camera7/frame_0152_hp_preview.jpg
-1.261235 0.032546 -3.683562 255 255 68 R3 pano_camera7/frame_0153_hp_preview.jpg

# Object R4: Magenta (80 points)
# Transform: Pos(0.000, 0.000, 0.000) Scale(1.000, 1.000, 1.000) Quat(0.000, 0.000, 0.000, 1.000)
1.137042 -0.506126 5.087313 255 68 255 R4 pano_camera0/frame_0130_hp_preview.jpg
-0.085484 -0.195166 3.381400 255 68 255 R4 pano_camera0/frame_0131_hp_preview.jpg
-0.532841 -0.055875 2.299704 255 68 255 R4 pano_camera0/frame_0132_hp_preview.jpg
-0.594402 -0.062069 2.125678 255 68 255 R4 pano_camera0/frame_0133_hp_preview.jpg
-1.070924 0.070840 0.792539 255 68 255 R4 pano_camera0/frame_0134_hp_preview.jpg
-0.887142 0.032483 -0.963672 255 68 255 R4 pano_camera0/frame_0135_hp_preview.jpg
-0.418370 0.252608 -1.541687 255 68 255 R4 pano_camera0/frame_0136_hp_preview.jpg
0.720241 0.149077 -2.580493 255 68 255 R4 pano_camera0/frame_0137_hp_preview.jpg
1.169033 0.086677 -3.380139 255 68 255 R4 pano_camera0/frame_0138_hp_preview.jpg
1.251613 0.132262 -4.524481 255 68 255 R4 pano_camera0/frame_0139_hp_preview.jpg
1.137042 -0.506126 5.087313 255 68 255 R4 pano_camera1/frame_0130_hp_preview.jpg
-0.085484 -0.195166 3.381400 255 68 255 R4 pano_camera1/frame_0131_hp_preview.jpg
-0.532841 -0.055875 2.299704 255 68 255 R4 pano_camera1/frame_0132_hp_preview.jpg
-0.594402 -0.062069 2.125678 255 68 255 R4 pano_camera1/frame_0133_hp_preview.jpg
-1.070924 0.070840 0.792539 255 68 255 R4 pano_camera1/frame_0134_hp_preview.jpg
-0.887142 0.032483 -0.963672 255 68 255 R4 pano_camera1/frame_0135_hp_preview.jpg
-0.418370 0.252608 -1.541687 255 68 255 R4 pano_camera1/frame_0136_hp_preview.jpg
0.720241 0.149077 -2.580493 255 68 255 R4 pano_camera1/frame_0137_hp_preview.jpg
1.169033 0.086677 -3.380139 255 68 255 R4 pano_camera1/frame_0138_hp_preview.jpg
1.251613 0.132262 -4.524481 255 68 255 R4 pano_camera1/frame_0139_hp_preview.jpg
1.137042 -0.506126 5.087313 255 68 255 R4 pano_camera2/frame_0130_hp_preview.jpg
-0.085484 -0.195166 3.381400 255 68 255 R4 pano_camera2/frame_0131_hp_preview.jpg
-0.532841 -0.055875 2.299704 255 68 255 R4 pano_camera2/frame_0132_hp_preview.jpg
-0.594402 -0.062069 2.125678 255 68 255 R4 pano_camera2/frame_0133_hp_preview.jpg
-1.070924 0.070840 0.792539 255 68 255 R4 pano_camera2/frame_0134_hp_preview.jpg
-0.887142 0.032483 -0.963672 255 68 255 R4 pano_camera2/frame_0135_hp_preview.jpg
-0.418370 0.252608 -1.541687 255 68 255 R4 pano_camera2/frame_0136_hp_preview.jpg
0.720241 0.149077 -2.580493 255 68 255 R4 pano_camera2/frame_0137_hp_preview.jpg
1.169033 0.086677 -3.380139 255 68 255 R4 pano_camera2/frame_0138_hp_preview.jpg
1.251613 0.132262 -4.524481 255 68 255 R4 pano_camera2/frame_0139_hp_preview.jpg
1.137042 -0.506126 5.087313 255 68 255 R4 pano_camera3/frame_0130_hp_preview.jpg
-0.085484 -0.195166 3.381400 255 68 255 R4 pano_camera3/frame_0131_hp_preview.jpg
-0.532841 -0.055875 2.299704 255 68 255 R4 pano_camera3/frame_0132_hp_preview.jpg
-0.594402 -0.062069 2.125678 255 68 255 R4 pano_camera3/frame_0133_hp_preview.jpg
-1.070924 0.070840 0.792539 255 68 255 R4 pano_camera3/frame_0134_hp_preview.jpg
-0.887142 0.032483 -0.963672 255 68 255 R4 pano_camera3/frame_0135_hp_preview.jpg
-0.418370 0.252608 -1.541687 255 68 255 R4 pano_camera3/frame_0136_hp_preview.jpg
0.720241 0.149077 -2.580493 255 68 255 R4 pano_camera3/frame_0137_hp_preview.jpg
1.169033 0.086677 -3.380139 255 68 255 R4 pano_camera3/frame_0138_hp_preview.jpg
1.251613 0.132262 -4.524481 255 68 255 R4 pano_camera3/frame_0139_hp_preview.jpg
1.137042 -0.506126 5.087313 255 68 255 R4 pano_camera4/frame_0130_hp_preview.jpg
-0.085484 -0.195166 3.381400 255 68 255 R4 pano_camera4/frame_0131_hp_preview.jpg
-0.532841 -0.055875 2.299704 255 68 255 R4 pano_camera4/frame_0132_hp_preview.jpg
-0.594402 -0.062069 2.125678 255 68 255 R4 pano_camera4/frame_0133_hp_preview.jpg
-1.070924 0.070840 0.792539 255 68 255 R4 pano_camera4/frame_0134_hp_preview.jpg
-0.887142 0.032483 -0.963672 255 68 255 R4 pano_camera4/frame_0135_hp_preview.jpg
-0.418370 0.252608 -1.541687 255 68 255 R4 pano_camera4/frame_0136_hp_preview.jpg
0.720241 0.149077 -2.580493 255 68 255 R4 pano_camera4/frame_0137_hp_preview.jpg
1.169033 0.086677 -3.380139 255 68 255 R4 pano_camera4/frame_0138_hp_preview.jpg
1.251613 0.132262 -4.524481 255 68 255 R4 pano_camera4/frame_0139_hp_preview.jpg
1.137042 -0.506126 5.087313 255 68 255 R4 pano_camera5/frame_0130_hp_preview.jpg
-0.085484 -0.195166 3.381400 255 68 255 R4 pano_camera5/frame_0131_hp_preview.jpg
-0.532841 -0.055875 2.299704 255 68 255 R4 pano_camera5/frame_0132_hp_preview.jpg
-0.594402 -0.062069 2.125678 255 68 255 R4 pano_camera5/frame_0133_hp_preview.jpg
-1.070924 0.070840 0.792539 255 68 255 R4 pano_camera5/frame_0134_hp_preview.jpg
-0.887142 0.032483 -0.963672 255 68 255 R4 pano_camera5/frame_0135_hp_preview.jpg
-0.418370 0.252608 -1.541687 255 68 255 R4 pano_camera5/frame_0136_hp_preview.jpg
0.720241 0.149077 -2.580493 255 68 255 R4 pano_camera5/frame_0137_hp_preview.jpg
1.169033 0.086677 -3.380139 255 68 255 R4 pano_camera5/frame_0138_hp_preview.jpg
1.251613 0.132262 -4.524481 255 68 255 R4 pano_camera5/frame_0139_hp_preview.jpg
1.137042 -0.506126 5.087313 255 68 255 R4 pano_camera6/frame_0130_hp_preview.jpg
-0.085484 -0.195166 3.381400 255 68 255 R4 pano_camera6/frame_0131_hp_preview.jpg
-0.532841 -0.055875 2.299704 255 68 255 R4 pano_camera6/frame_0132_hp_preview.jpg
-0.594402 -0.062069 2.125678 255 68 255 R4 pano_camera6/frame_0133_hp_preview.jpg
-1.070924 0.070840 0.792539 255 68 255 R4 pano_camera6/frame_0134_hp_preview.jpg
-0.887142 0.032483 -0.963672 255 68 255 R4 pano_camera6/frame_0135_hp_preview.jpg
-0.418370 0.252608 -1.541687 255 68 255 R4 pano_camera6/frame_0136_hp_preview.jpg
0.720241 0.149077 -2.580493 255 68 255 R4 pano_camera6/frame_0137_hp_preview.jpg
1.169033 0.086677 -3.380139 255 68 255 R4 pano_camera6/frame_0138_hp_preview.jpg
1.251613 0.132262 -4.524481 255 68 255 R4 pano_camera6/frame_0139_hp_preview.jpg
1.137042 -0.506126 5.087313 255 68 255 R4 pano_camera7/frame_0130_hp_preview.jpg
-0.085484 -0.195166 3.381400 255 68 255 R4 pano_camera7/frame_0131_hp_preview.jpg
-0.532841 -0.055875 2.299704 255 68 255 R4 pano_camera7/frame_0132_hp_preview.jpg
-0.594402 -0.062069 2.125678 255 68 255 R4 pano_camera7/frame_0133_hp_preview.jpg
-1.070924 0.070840 0.792539 255 68 255 R4 pano_camera7/frame_0134_hp_preview.jpg
-0.887142 0.032483 -0.963672 255 68 255 R4 pano_camera7/frame_0135_hp_preview.jpg
-0.418370 0.252608 -1.541687 255 68 255 R4 pano_camera7/frame_0136_hp_preview.jpg
0.720241 0.149077 -2.580493 255 68 255 R4 pano_camera7/frame_0137_hp_preview.jpg
1.169033 0.086677 -3.380139 255 68 255 R4 pano_camera7/frame_0138_hp_preview.jpg
1.251613 0.132262 -4.524481 255 68 255 R4 pano_camera7/frame_0139_hp_preview.jpg

# End of file - 2808 total points exported
