# Enhanced PTS File with Visual Information
# Format: X Y Z R G B OBJECT_ID IMAGE_NAME
# Generated from Three.js Transform Viewer
# Export Date: 2025-10-20T07:19:34.247Z
# Total Objects: 5

# Object R0: Red (1832 points)
# Transform: Pos(0.000, 0.945, 0.000) Scale(1.000, 1.000, 1.000) Quat(0.000, -0.000, 0.643, 0.766)
-0.000267 0.944210 2.343401 255 68 68 R0 pano_camera0/frame_0140_hp_preview.jpg
0.015919 1.071051 2.470917 255 68 68 R0 pano_camera0/frame_0141_hp_preview.jpg
0.056713 1.285483 2.711594 255 68 68 R0 pano_camera0/frame_0142_hp_preview.jpg
0.085335 1.439745 2.810171 255 68 68 R0 pano_camera0/frame_0143_hp_preview.jpg
0.101283 1.615400 2.758326 255 68 68 R0 pano_camera0/frame_0144_hp_preview.jpg
0.108287 1.673450 2.581650 255 68 68 R0 pano_camera0/frame_0145_hp_preview.jpg
-0.034173 0.823484 2.770285 255 68 68 R0 pano_camera0/frame_0157_hp_preview.jpg
-0.061898 0.688541 2.856214 255 68 68 R0 pano_camera0/frame_0158_hp_preview.jpg
-0.076262 0.641224 2.953904 255 68 68 R0 pano_camera0/frame_0159_hp_preview.jpg
-0.115349 0.395492 3.562585 255 68 68 R0 pano_camera0/frame_0160_hp_preview.jpg
-0.152034 0.191298 3.824569 255 68 68 R0 pano_camera0/frame_0161_hp_preview.jpg
-0.220540 -0.102445 4.113578 255 68 68 R0 pano_camera0/frame_0162_hp_preview.jpg
-0.264442 -0.305256 4.273301 255 68 68 R0 pano_camera0/frame_0163_hp_preview.jpg
-0.315190 -0.524864 4.415485 255 68 68 R0 pano_camera0/frame_0164_hp_preview.jpg
-0.389359 -0.915273 4.402460 255 68 68 R0 pano_camera0/frame_0165_hp_preview.jpg
-0.416223 -1.074101 4.269399 255 68 68 R0 pano_camera0/frame_0166_hp_preview.jpg
-0.461652 -1.316596 3.909548 255 68 68 R0 pano_camera0/frame_0167_hp_preview.jpg
-0.443756 -1.266753 3.522919 255 68 68 R0 pano_camera0/frame_0168_hp_preview.jpg
-0.436963 -1.176518 3.406748 255 68 68 R0 pano_camera0/frame_0169_hp_preview.jpg
-0.319578 -0.653402 2.874857 255 68 68 R0 pano_camera0/frame_0170_hp_preview.jpg
-0.319243 -0.579648 2.805280 255 68 68 R0 pano_camera0/frame_0171_hp_preview.jpg
-0.238900 -0.249082 2.479847 255 68 68 R0 pano_camera0/frame_0172_hp_preview.jpg
-0.229607 -0.172153 2.099597 255 68 68 R0 pano_camera0/frame_0173_hp_preview.jpg
-0.270635 -0.372262 1.763768 255 68 68 R0 pano_camera0/frame_0174_hp_preview.jpg
-0.275176 -0.380685 1.758255 255 68 68 R0 pano_camera0/frame_0175_hp_preview.jpg
-0.347922 -0.805769 1.663902 255 68 68 R0 pano_camera0/frame_0176_hp_preview.jpg
-0.402832 -1.043902 1.712353 255 68 68 R0 pano_camera0/frame_0177_hp_preview.jpg
-0.487194 -1.498000 1.729992 255 68 68 R0 pano_camera0/frame_0178_hp_preview.jpg
-0.547208 -1.813662 1.481544 255 68 68 R0 pano_camera0/frame_0179_hp_preview.jpg
-0.552134 -1.855538 1.287910 255 68 68 R0 pano_camera0/frame_0180_hp_preview.jpg
-0.510776 -1.728831 1.050280 255 68 68 R0 pano_camera0/frame_0181_hp_preview.jpg
-0.470595 -1.537705 0.888980 255 68 68 R0 pano_camera0/frame_0182_hp_preview.jpg
-0.435980 -1.315536 0.569828 255 68 68 R0 pano_camera0/frame_0183_hp_preview.jpg
-0.451834 -1.466648 0.421229 255 68 68 R0 pano_camera0/frame_0184_hp_preview.jpg
-0.482004 -1.617384 0.470016 255 68 68 R0 pano_camera0/frame_0185_hp_preview.jpg
-0.514594 -1.807710 0.613932 255 68 68 R0 pano_camera0/frame_0186_hp_preview.jpg
-0.553681 -2.002617 0.749435 255 68 68 R0 pano_camera0/frame_0187_hp_preview.jpg
-0.613151 -2.296380 0.853976 255 68 68 R0 pano_camera0/frame_0188_hp_preview.jpg
-0.669988 -2.594240 0.765866 255 68 68 R0 pano_camera0/frame_0189_hp_preview.jpg
-0.681107 -2.623549 0.746732 255 68 68 R0 pano_camera0/frame_0190_hp_preview.jpg
-0.712414 -2.787553 0.532038 255 68 68 R0 pano_camera0/frame_0191_hp_preview.jpg
-0.712853 -2.789299 0.172087 255 68 68 R0 pano_camera0/frame_0192_hp_preview.jpg
-0.678992 -2.661701 -0.078925 255 68 68 R0 pano_camera0/frame_0193_hp_preview.jpg
-0.625638 -2.447456 -0.361738 255 68 68 R0 pano_camera0/frame_0194_hp_preview.jpg
-0.602917 -2.310775 -0.574592 255 68 68 R0 pano_camera0/frame_0195_hp_preview.jpg
-0.594552 -2.340721 -0.778856 255 68 68 R0 pano_camera0/frame_0196_hp_preview.jpg
-0.631082 -2.536621 -1.150984 255 68 68 R0 pano_camera0/frame_0197_hp_preview.jpg
-0.714239 -2.904849 -1.631825 255 68 68 R0 pano_camera0/frame_0198_hp_preview.jpg
-0.739423 -3.012400 -1.772579 255 68 68 R0 pano_camera0/frame_0199_hp_preview.jpg
-0.884220 -3.618909 -2.340663 255 68 68 R0 pano_camera0/frame_0200_hp_preview.jpg
-0.926390 -3.602826 -2.435133 255 68 68 R0 pano_camera0/frame_0201_hp_preview.jpg
-0.866209 -3.650059 -1.198305 255 68 68 R0 pano_camera0/frame_0226_hp_preview.jpg
-0.990390 -4.243800 0.074016 255 68 68 R0 pano_camera0/frame_0240_hp_preview.jpg
-0.980655 -4.230751 0.139838 255 68 68 R0 pano_camera0/frame_0241_hp_preview.jpg
-0.996389 -4.333003 0.417167 255 68 68 R0 pano_camera0/frame_0242_hp_preview.jpg
-0.972562 -4.217485 0.579525 255 68 68 R0 pano_camera0/frame_0243_hp_preview.jpg
-0.929752 -4.008395 0.564469 255 68 68 R0 pano_camera0/frame_0244_hp_preview.jpg
-0.906902 -3.907473 0.582296 255 68 68 R0 pano_camera0/frame_0245_hp_preview.jpg
-0.831175 -3.645199 0.645184 255 68 68 R0 pano_camera0/frame_0246_hp_preview.jpg
-0.813613 -3.518941 0.570818 255 68 68 R0 pano_camera0/frame_0247_hp_preview.jpg
-0.754778 -3.208775 0.643414 255 68 68 R0 pano_camera0/frame_0248_hp_preview.jpg
-0.746203 -3.174156 0.663346 255 68 68 R0 pano_camera0/frame_0249_hp_preview.jpg
-0.635895 -2.557153 1.130363 255 68 68 R0 pano_camera0/frame_0250_hp_preview.jpg
-0.632588 -2.547191 1.139894 255 68 68 R0 pano_camera0/frame_0251_hp_preview.jpg
-0.589800 -2.246654 1.561674 255 68 68 R0 pano_camera0/frame_0252_hp_preview.jpg
-0.583975 -2.096840 2.100739 255 68 68 R0 pano_camera0/frame_0253_hp_preview.jpg
-0.648266 -2.361594 2.425889 255 68 68 R0 pano_camera0/frame_0254_hp_preview.jpg
-0.653072 -2.404050 2.431370 255 68 68 R0 pano_camera0/frame_0255_hp_preview.jpg
-0.767971 -2.821840 2.075157 255 68 68 R0 pano_camera0/frame_0256_hp_preview.jpg
-0.914785 -2.927288 1.900482 255 68 68 R0 pano_camera0/frame_0257_hp_preview.jpg
-1.003374 -2.961341 1.833319 255 68 68 R0 pano_camera0/frame_0258_hp_preview.jpg
-1.089151 -3.025284 1.709526 255 68 68 R0 pano_camera0/frame_0259_hp_preview.jpg
-1.364827 -3.159002 1.435316 255 68 68 R0 pano_camera0/frame_0260_hp_preview.jpg
-1.367936 -3.161125 1.429027 255 68 68 R0 pano_camera0/frame_0261_hp_preview.jpg
-1.658311 -3.324369 1.164756 255 68 68 R0 pano_camera0/frame_0262_hp_preview.jpg
-1.669359 -3.333036 1.158046 255 68 68 R0 pano_camera0/frame_0263_hp_preview.jpg
-1.828477 -3.411321 1.019544 255 68 68 R0 pano_camera0/frame_0264_hp_preview.jpg
-2.030664 -3.539575 0.812103 255 68 68 R0 pano_camera0/frame_0265_hp_preview.jpg
-2.169224 -3.561239 0.584883 255 68 68 R0 pano_camera0/frame_0266_hp_preview.jpg
-2.239577 -3.535100 0.375227 255 68 68 R0 pano_camera0/frame_0267_hp_preview.jpg
-2.195046 -3.338221 0.143049 255 68 68 R0 pano_camera0/frame_0268_hp_preview.jpg
-2.130925 -2.970518 -0.221782 255 68 68 R0 pano_camera0/frame_0269_hp_preview.jpg
-2.113416 -2.784412 -0.376812 255 68 68 R0 pano_camera0/frame_0270_hp_preview.jpg
-2.038147 -2.424314 -0.638275 255 68 68 R0 pano_camera0/frame_0271_hp_preview.jpg
-1.977446 -2.089210 -0.887776 255 68 68 R0 pano_camera0/frame_0272_hp_preview.jpg
-1.952856 -1.907509 -1.034421 255 68 68 R0 pano_camera0/frame_0273_hp_preview.jpg
-1.837213 -1.330530 -1.481636 255 68 68 R0 pano_camera0/frame_0274_hp_preview.jpg
-1.829940 -1.272670 -1.538048 255 68 68 R0 pano_camera0/frame_0275_hp_preview.jpg
-1.744260 -0.808675 -1.910749 255 68 68 R0 pano_camera0/frame_0276_hp_preview.jpg
-1.723421 -0.671655 -2.037960 255 68 68 R0 pano_camera0/frame_0277_hp_preview.jpg
-1.661168 -0.257649 -2.444841 255 68 68 R0 pano_camera0/frame_0278_hp_preview.jpg
-1.613797 -0.024949 -2.614841 255 68 68 R0 pano_camera0/frame_0279_hp_preview.jpg
-1.508570 0.549956 -3.115972 255 68 68 R0 pano_camera0/frame_0280_hp_preview.jpg
-1.485247 0.660185 -3.197966 255 68 68 R0 pano_camera0/frame_0281_hp_preview.jpg
-1.452018 0.808199 -3.351211 255 68 68 R0 pano_camera0/frame_0282_hp_preview.jpg
-1.434561 0.884166 -3.585867 255 68 68 R0 pano_camera0/frame_0283_hp_preview.jpg
-1.457189 0.706447 -3.973022 255 68 68 R0 pano_camera0/frame_0284_hp_preview.jpg
-1.461580 0.669449 -3.999491 255 68 68 R0 pano_camera0/frame_0285_hp_preview.jpg
-1.507079 0.418366 -4.204872 255 68 68 R0 pano_camera0/frame_0286_hp_preview.jpg
-1.558517 0.224124 -4.212671 255 68 68 R0 pano_camera0/frame_0287_hp_preview.jpg
-1.615954 -0.030875 -4.227620 255 68 68 R0 pano_camera0/frame_0288_hp_preview.jpg
-1.649801 -0.182162 -4.303508 255 68 68 R0 pano_camera0/frame_0289_hp_preview.jpg
-1.666693 -0.287075 -4.557450 255 68 68 R0 pano_camera0/frame_0290_hp_preview.jpg
-1.672639 -0.384074 -5.105401 255 68 68 R0 pano_camera0/frame_0291_hp_preview.jpg
-1.683584 -0.448237 -5.317978 255 68 68 R0 pano_camera0/frame_0292_hp_preview.jpg
-1.685700 -0.491249 -5.495208 255 68 68 R0 pano_camera0/frame_0293_hp_preview.jpg
-1.754751 -0.946512 -5.940430 255 68 68 R0 pano_camera0/frame_0294_hp_preview.jpg
-1.765176 -0.995571 -5.952500 255 68 68 R0 pano_camera0/frame_0295_hp_preview.jpg
-1.860271 -1.528905 -5.759770 255 68 68 R0 pano_camera0/frame_0296_hp_preview.jpg
-1.885286 -1.625682 -5.413909 255 68 68 R0 pano_camera0/frame_0297_hp_preview.jpg
-1.880109 -1.654495 -5.103800 255 68 68 R0 pano_camera0/frame_0298_hp_preview.jpg
-1.888986 -1.664930 -4.861687 255 68 68 R0 pano_camera0/frame_0299_hp_preview.jpg
-1.901488 -1.694054 -4.399486 255 68 68 R0 pano_camera0/frame_0300_hp_preview.jpg
-1.888515 -1.699006 -4.079509 255 68 68 R0 pano_camera0/frame_0301_hp_preview.jpg
-1.879947 -1.669563 -3.758386 255 68 68 R0 pano_camera0/frame_0302_hp_preview.jpg
-1.873146 -1.554476 -3.320460 255 68 68 R0 pano_camera0/frame_0303_hp_preview.jpg
-1.860171 -1.506350 -3.096555 255 68 68 R0 pano_camera0/frame_0304_hp_preview.jpg
-1.844830 -1.444126 -2.568165 255 68 68 R0 pano_camera0/frame_0305_hp_preview.jpg
-1.849063 -1.506443 -2.042412 255 68 68 R0 pano_camera0/frame_0306_hp_preview.jpg
-1.862899 -1.604360 -1.709040 255 68 68 R0 pano_camera0/frame_0307_hp_preview.jpg
-1.877373 -1.647994 -1.632227 255 68 68 R0 pano_camera0/frame_0308_hp_preview.jpg
-1.950511 -2.025213 -1.347847 255 68 68 R0 pano_camera0/frame_0309_hp_preview.jpg
-2.048722 -2.483221 -1.354382 255 68 68 R0 pano_camera0/frame_0310_hp_preview.jpg
-2.077756 -2.712156 -1.575417 255 68 68 R0 pano_camera0/frame_0311_hp_preview.jpg
-2.118727 -2.875638 -1.990557 255 68 68 R0 pano_camera0/frame_0312_hp_preview.jpg
-2.131288 -2.942454 -2.302047 255 68 68 R0 pano_camera0/frame_0313_hp_preview.jpg
-2.135922 -2.975363 -2.583865 255 68 68 R0 pano_camera0/frame_0314_hp_preview.jpg
-2.154407 -3.072999 -3.270576 255 68 68 R0 pano_camera0/frame_0315_hp_preview.jpg
-2.160182 -3.084035 -3.320502 255 68 68 R0 pano_camera0/frame_0316_hp_preview.jpg
-2.170610 -3.198595 -3.757194 255 68 68 R0 pano_camera0/frame_0317_hp_preview.jpg
-2.211249 -3.473158 -4.151091 255 68 68 R0 pano_camera0/frame_0318_hp_preview.jpg
-2.235574 -3.597688 -4.161241 255 68 68 R0 pano_camera0/frame_0319_hp_preview.jpg
-2.320013 -3.932411 -4.064956 255 68 68 R0 pano_camera0/frame_0320_hp_preview.jpg
-2.420861 -4.446555 -3.585582 255 68 68 R0 pano_camera0/frame_0321_hp_preview.jpg
-2.425442 -4.474348 -3.553220 255 68 68 R0 pano_camera0/frame_0322_hp_preview.jpg
-2.435528 -4.590160 -3.086972 255 68 68 R0 pano_camera0/frame_0323_hp_preview.jpg
-2.435489 -4.531824 -2.611089 255 68 68 R0 pano_camera0/frame_0324_hp_preview.jpg
-2.429371 -4.539419 -2.562706 255 68 68 R0 pano_camera0/frame_0325_hp_preview.jpg
-2.465897 -4.753829 -2.113294 255 68 68 R0 pano_camera0/frame_0326_hp_preview.jpg
-2.512172 -5.014938 -2.063539 255 68 68 R0 pano_camera0/frame_0327_hp_preview.jpg
-2.545611 -5.145572 -2.103335 255 68 68 R0 pano_camera0/frame_0328_hp_preview.jpg
-2.584582 -5.334861 -2.240943 255 68 68 R0 pano_camera0/frame_0329_hp_preview.jpg
-2.654119 -5.681725 -2.372368 255 68 68 R0 pano_camera0/frame_0330_hp_preview.jpg
-2.674181 -5.796435 -2.282753 255 68 68 R0 pano_camera0/frame_0331_hp_preview.jpg
-2.637518 -5.649286 -1.882587 255 68 68 R0 pano_camera0/frame_0332_hp_preview.jpg
-2.598946 -5.482088 -1.753940 255 68 68 R0 pano_camera0/frame_0333_hp_preview.jpg
-2.547872 -5.220204 -1.471509 255 68 68 R0 pano_camera0/frame_0334_hp_preview.jpg
-2.532503 -5.119326 -1.293347 255 68 68 R0 pano_camera0/frame_0335_hp_preview.jpg
-2.501948 -5.000098 -1.100222 255 68 68 R0 pano_camera0/frame_0336_hp_preview.jpg
-2.453847 -4.778560 -0.640906 255 68 68 R0 pano_camera0/frame_0337_hp_preview.jpg
-2.437486 -4.669286 -0.409975 255 68 68 R0 pano_camera0/frame_0338_hp_preview.jpg
-2.390318 -4.435446 0.203572 255 68 68 R0 pano_camera0/frame_0339_hp_preview.jpg
-2.399347 -4.336165 0.608024 255 68 68 R0 pano_camera0/frame_0340_hp_preview.jpg
-2.387685 -4.305083 0.714729 255 68 68 R0 pano_camera0/frame_0341_hp_preview.jpg
-2.367186 -4.178594 1.019205 255 68 68 R0 pano_camera0/frame_0342_hp_preview.jpg
-2.331030 -3.948029 1.368667 255 68 68 R0 pano_camera0/frame_0343_hp_preview.jpg
-2.348321 -3.989935 1.716299 255 68 68 R0 pano_camera0/frame_0344_hp_preview.jpg
-2.395401 -4.237481 1.633253 255 68 68 R0 pano_camera0/frame_0345_hp_preview.jpg
-2.426156 -4.432118 1.448664 255 68 68 R0 pano_camera0/frame_0346_hp_preview.jpg
-2.442906 -4.532256 1.241274 255 68 68 R0 pano_camera0/frame_0347_hp_preview.jpg
-2.465616 -4.655050 1.011021 255 68 68 R0 pano_camera0/frame_0348_hp_preview.jpg
-2.507564 -4.949161 0.466059 255 68 68 R0 pano_camera0/frame_0349_hp_preview.jpg
-2.529868 -5.145345 0.257656 255 68 68 R0 pano_camera0/frame_0350_hp_preview.jpg
-2.553126 -5.298093 0.109651 255 68 68 R0 pano_camera0/frame_0351_hp_preview.jpg
-2.635931 -5.731561 -0.094025 255 68 68 R0 pano_camera0/frame_0352_hp_preview.jpg
-2.689867 -5.947177 -0.126007 255 68 68 R0 pano_camera0/frame_0353_hp_preview.jpg
-2.760724 -6.300073 -0.299013 255 68 68 R0 pano_camera0/frame_0354_hp_preview.jpg
-2.793010 -6.411307 -0.476610 255 68 68 R0 pano_camera0/frame_0355_hp_preview.jpg
-2.784738 -6.332961 -0.895429 255 68 68 R0 pano_camera0/frame_0356_hp_preview.jpg
-2.755946 -6.264268 -1.186347 255 68 68 R0 pano_camera0/frame_0357_hp_preview.jpg
-2.729244 -6.224809 -1.269202 255 68 68 R0 pano_camera0/frame_0358_hp_preview.jpg
-2.714426 -6.195526 -1.292245 255 68 68 R0 pano_camera0/frame_0359_hp_preview.jpg
-2.737959 -6.239518 -1.298283 255 68 68 R0 pano_camera0/frame_0360_hp_preview.jpg
-2.736935 -6.239829 -1.302483 255 68 68 R0 pano_camera0/frame_0361_hp_preview.jpg
-2.764166 -6.346468 -1.569044 255 68 68 R0 pano_camera0/frame_0362_hp_preview.jpg
-2.793043 -6.476279 -1.627014 255 68 68 R0 pano_camera0/frame_0363_hp_preview.jpg
-2.869794 -6.727288 -1.644247 255 68 68 R0 pano_camera0/frame_0364_hp_preview.jpg
-2.886990 -6.806398 -1.589822 255 68 68 R0 pano_camera0/frame_0365_hp_preview.jpg
-2.888890 -6.852085 -1.191919 255 68 68 R0 pano_camera0/frame_0366_hp_preview.jpg
-2.881690 -6.829856 -1.131861 255 68 68 R0 pano_camera0/frame_0367_hp_preview.jpg
-2.844523 -6.694545 -0.828796 255 68 68 R0 pano_camera0/frame_0368_hp_preview.jpg
-2.789048 -6.400611 -0.207553 255 68 68 R0 pano_camera0/frame_0369_hp_preview.jpg
-2.763855 -6.416370 -0.004106 255 68 68 R0 pano_camera0/frame_0370_hp_preview.jpg
-2.820285 -6.546849 0.136293 255 68 68 R0 pano_camera0/frame_0371_hp_preview.jpg
-2.876648 -6.869380 0.076048 255 68 68 R0 pano_camera0/frame_0372_hp_preview.jpg
-2.932614 -7.115698 -0.177131 255 68 68 R0 pano_camera0/frame_0373_hp_preview.jpg
-3.041255 -7.715382 -0.539504 255 68 68 R0 pano_camera0/frame_0374_hp_preview.jpg
-3.085770 -7.902517 -0.551092 255 68 68 R0 pano_camera0/frame_0375_hp_preview.jpg
-3.138096 -8.119263 -0.477331 255 68 68 R0 pano_camera0/frame_0376_hp_preview.jpg
-3.176322 -8.290823 -0.384699 255 68 68 R0 pano_camera0/frame_0377_hp_preview.jpg
-3.298572 -8.780173 0.002762 255 68 68 R0 pano_camera0/frame_0378_hp_preview.jpg
-3.310774 -8.896391 0.150910 255 68 68 R0 pano_camera0/frame_0379_hp_preview.jpg
-3.330888 -9.011813 0.377664 255 68 68 R0 pano_camera0/frame_0380_hp_preview.jpg
-3.225072 -9.094777 0.398962 255 68 68 R0 pano_camera0/frame_0381_hp_preview.jpg
-3.102878 -9.143410 0.550958 255 68 68 R0 pano_camera0/frame_0382_hp_preview.jpg
-3.296279 -9.059781 0.815700 255 68 68 R0 pano_camera0/frame_0383_hp_preview.jpg
-3.304167 -9.028427 0.813759 255 68 68 R0 pano_camera0/frame_0384_hp_preview.jpg
-3.286132 -8.868446 1.011378 255 68 68 R0 pano_camera0/frame_0385_hp_preview.jpg
-3.238093 -8.555170 1.453448 255 68 68 R0 pano_camera0/frame_0386_hp_preview.jpg
-3.214621 -8.432176 1.672247 255 68 68 R0 pano_camera0/frame_0387_hp_preview.jpg
-3.133915 -7.986776 2.315472 255 68 68 R0 pano_camera0/frame_0388_hp_preview.jpg
-3.067204 -7.671610 2.703613 255 68 68 R0 pano_camera0/frame_0389_hp_preview.jpg
-3.030121 -7.530259 2.846912 255 68 68 R0 pano_camera0/frame_0390_hp_preview.jpg
-2.958620 -7.122132 3.037945 255 68 68 R0 pano_camera0/frame_0391_hp_preview.jpg
-2.939470 -7.039795 2.993467 255 68 68 R0 pano_camera0/frame_0392_hp_preview.jpg
-2.946165 -7.079655 2.804422 255 68 68 R0 pano_camera0/frame_0393_hp_preview.jpg
-2.969187 -7.249915 2.661615 255 68 68 R0 pano_camera0/frame_0394_hp_preview.jpg
-3.017479 -7.541209 2.432310 255 68 68 R0 pano_camera0/frame_0395_hp_preview.jpg
-3.056349 -7.748035 2.106867 255 68 68 R0 pano_camera0/frame_0396_hp_preview.jpg
-3.036922 -7.550475 1.682909 255 68 68 R0 pano_camera0/frame_0397_hp_preview.jpg
-3.008516 -7.416864 1.580618 255 68 68 R0 pano_camera0/frame_0398_hp_preview.jpg
-2.924208 -6.946018 1.561476 255 68 68 R0 pano_camera0/frame_0399_hp_preview.jpg
-2.840473 -6.578528 1.915755 255 68 68 R0 pano_camera0/frame_0400_hp_preview.jpg
-2.787840 -6.308172 2.215374 255 68 68 R0 pano_camera0/frame_0401_hp_preview.jpg
-2.783205 -6.288266 2.233719 255 68 68 R0 pano_camera0/frame_0402_hp_preview.jpg
-2.732130 -6.037506 2.521492 255 68 68 R0 pano_camera0/frame_0403_hp_preview.jpg
-2.634452 -5.525951 2.514790 255 68 68 R0 pano_camera0/frame_0404_hp_preview.jpg
-2.635012 -5.496751 2.484914 255 68 68 R0 pano_camera0/frame_0405_hp_preview.jpg
-2.614221 -5.344038 2.027209 255 68 68 R0 pano_camera0/frame_0406_hp_preview.jpg
-2.648562 -5.606135 1.667180 255 68 68 R0 pano_camera0/frame_0407_hp_preview.jpg
-2.678542 -5.748162 1.483538 255 68 68 R0 pano_camera0/frame_0408_hp_preview.jpg
-2.692341 -5.859299 1.352003 255 68 68 R0 pano_camera0/frame_0409_hp_preview.jpg
-2.726377 -5.965218 1.006713 255 68 68 R0 pano_camera0/frame_0410_hp_preview.jpg
-2.655725 -5.650407 0.469856 255 68 68 R0 pano_camera0/frame_0411_hp_preview.jpg
-2.636198 -5.591339 0.412354 255 68 68 R0 pano_camera0/frame_0412_hp_preview.jpg
-2.614313 -5.461135 0.229817 255 68 68 R0 pano_camera0/frame_0413_hp_preview.jpg
-2.620436 -5.481412 0.224496 255 68 68 R0 pano_camera0/frame_0414_hp_preview.jpg
-2.621039 -5.482778 0.225956 255 68 68 R0 pano_camera0/frame_0415_hp_preview.jpg
-2.615901 -5.480200 0.224538 255 68 68 R0 pano_camera0/frame_0416_hp_preview.jpg
-0.000267 0.944210 2.343401 255 68 68 R0 pano_camera1/frame_0140_hp_preview.jpg
0.015919 1.071051 2.470917 255 68 68 R0 pano_camera1/frame_0141_hp_preview.jpg
0.056713 1.285483 2.711594 255 68 68 R0 pano_camera1/frame_0142_hp_preview.jpg
0.085335 1.439745 2.810171 255 68 68 R0 pano_camera1/frame_0143_hp_preview.jpg
0.101283 1.615400 2.758326 255 68 68 R0 pano_camera1/frame_0144_hp_preview.jpg
0.108287 1.673450 2.581650 255 68 68 R0 pano_camera1/frame_0145_hp_preview.jpg
-0.034173 0.823484 2.770285 255 68 68 R0 pano_camera1/frame_0157_hp_preview.jpg
-0.061898 0.688541 2.856214 255 68 68 R0 pano_camera1/frame_0158_hp_preview.jpg
-0.076262 0.641224 2.953904 255 68 68 R0 pano_camera1/frame_0159_hp_preview.jpg
-0.115349 0.395492 3.562585 255 68 68 R0 pano_camera1/frame_0160_hp_preview.jpg
-0.152034 0.191298 3.824569 255 68 68 R0 pano_camera1/frame_0161_hp_preview.jpg
-0.220540 -0.102445 4.113578 255 68 68 R0 pano_camera1/frame_0162_hp_preview.jpg
-0.264442 -0.305256 4.273301 255 68 68 R0 pano_camera1/frame_0163_hp_preview.jpg
-0.315190 -0.524864 4.415485 255 68 68 R0 pano_camera1/frame_0164_hp_preview.jpg
-0.389359 -0.915273 4.402460 255 68 68 R0 pano_camera1/frame_0165_hp_preview.jpg
-0.416223 -1.074101 4.269399 255 68 68 R0 pano_camera1/frame_0166_hp_preview.jpg
-0.461652 -1.316596 3.909548 255 68 68 R0 pano_camera1/frame_0167_hp_preview.jpg
-0.443756 -1.266753 3.522919 255 68 68 R0 pano_camera1/frame_0168_hp_preview.jpg
-0.436963 -1.176518 3.406748 255 68 68 R0 pano_camera1/frame_0169_hp_preview.jpg
-0.319578 -0.653402 2.874857 255 68 68 R0 pano_camera1/frame_0170_hp_preview.jpg
-0.319243 -0.579648 2.805280 255 68 68 R0 pano_camera1/frame_0171_hp_preview.jpg
-0.238900 -0.249082 2.479847 255 68 68 R0 pano_camera1/frame_0172_hp_preview.jpg
-0.229607 -0.172153 2.099597 255 68 68 R0 pano_camera1/frame_0173_hp_preview.jpg
-0.270635 -0.372262 1.763768 255 68 68 R0 pano_camera1/frame_0174_hp_preview.jpg
-0.275176 -0.380685 1.758255 255 68 68 R0 pano_camera1/frame_0175_hp_preview.jpg
-0.347922 -0.805769 1.663902 255 68 68 R0 pano_camera1/frame_0176_hp_preview.jpg
-0.402832 -1.043902 1.712353 255 68 68 R0 pano_camera1/frame_0177_hp_preview.jpg
-0.487194 -1.498000 1.729992 255 68 68 R0 pano_camera1/frame_0178_hp_preview.jpg
-0.547208 -1.813662 1.481544 255 68 68 R0 pano_camera1/frame_0179_hp_preview.jpg
-0.552134 -1.855538 1.287910 255 68 68 R0 pano_camera1/frame_0180_hp_preview.jpg
-0.510776 -1.728831 1.050280 255 68 68 R0 pano_camera1/frame_0181_hp_preview.jpg
-0.470595 -1.537705 0.888980 255 68 68 R0 pano_camera1/frame_0182_hp_preview.jpg
-0.435980 -1.315536 0.569828 255 68 68 R0 pano_camera1/frame_0183_hp_preview.jpg
-0.451834 -1.466648 0.421229 255 68 68 R0 pano_camera1/frame_0184_hp_preview.jpg
-0.482004 -1.617384 0.470016 255 68 68 R0 pano_camera1/frame_0185_hp_preview.jpg
-0.514594 -1.807710 0.613932 255 68 68 R0 pano_camera1/frame_0186_hp_preview.jpg
-0.553681 -2.002617 0.749435 255 68 68 R0 pano_camera1/frame_0187_hp_preview.jpg
-0.613151 -2.296380 0.853976 255 68 68 R0 pano_camera1/frame_0188_hp_preview.jpg
-0.669988 -2.594240 0.765866 255 68 68 R0 pano_camera1/frame_0189_hp_preview.jpg
-0.681107 -2.623549 0.746732 255 68 68 R0 pano_camera1/frame_0190_hp_preview.jpg
-0.712414 -2.787553 0.532038 255 68 68 R0 pano_camera1/frame_0191_hp_preview.jpg
-0.712853 -2.789299 0.172087 255 68 68 R0 pano_camera1/frame_0192_hp_preview.jpg
-0.678992 -2.661701 -0.078925 255 68 68 R0 pano_camera1/frame_0193_hp_preview.jpg
-0.625638 -2.447456 -0.361738 255 68 68 R0 pano_camera1/frame_0194_hp_preview.jpg
-0.602917 -2.310775 -0.574592 255 68 68 R0 pano_camera1/frame_0195_hp_preview.jpg
-0.594552 -2.340721 -0.778856 255 68 68 R0 pano_camera1/frame_0196_hp_preview.jpg
-0.631082 -2.536621 -1.150984 255 68 68 R0 pano_camera1/frame_0197_hp_preview.jpg
-0.714239 -2.904849 -1.631825 255 68 68 R0 pano_camera1/frame_0198_hp_preview.jpg
-0.739423 -3.012400 -1.772579 255 68 68 R0 pano_camera1/frame_0199_hp_preview.jpg
-0.884220 -3.618909 -2.340663 255 68 68 R0 pano_camera1/frame_0200_hp_preview.jpg
-0.926390 -3.602826 -2.435133 255 68 68 R0 pano_camera1/frame_0201_hp_preview.jpg
-0.866209 -3.650059 -1.198305 255 68 68 R0 pano_camera1/frame_0226_hp_preview.jpg
-0.990390 -4.243800 0.074016 255 68 68 R0 pano_camera1/frame_0240_hp_preview.jpg
-0.980655 -4.230751 0.139838 255 68 68 R0 pano_camera1/frame_0241_hp_preview.jpg
-0.996389 -4.333003 0.417167 255 68 68 R0 pano_camera1/frame_0242_hp_preview.jpg
-0.972562 -4.217485 0.579525 255 68 68 R0 pano_camera1/frame_0243_hp_preview.jpg
-0.929752 -4.008395 0.564469 255 68 68 R0 pano_camera1/frame_0244_hp_preview.jpg
-0.906902 -3.907473 0.582296 255 68 68 R0 pano_camera1/frame_0245_hp_preview.jpg
-0.831175 -3.645199 0.645184 255 68 68 R0 pano_camera1/frame_0246_hp_preview.jpg
-0.813613 -3.518941 0.570818 255 68 68 R0 pano_camera1/frame_0247_hp_preview.jpg
-0.754778 -3.208775 0.643414 255 68 68 R0 pano_camera1/frame_0248_hp_preview.jpg
-0.746203 -3.174156 0.663346 255 68 68 R0 pano_camera1/frame_0249_hp_preview.jpg
-0.635895 -2.557153 1.130363 255 68 68 R0 pano_camera1/frame_0250_hp_preview.jpg
-0.632588 -2.547191 1.139894 255 68 68 R0 pano_camera1/frame_0251_hp_preview.jpg
-0.589800 -2.246654 1.561674 255 68 68 R0 pano_camera1/frame_0252_hp_preview.jpg
-0.583975 -2.096840 2.100739 255 68 68 R0 pano_camera1/frame_0253_hp_preview.jpg
-0.648266 -2.361594 2.425889 255 68 68 R0 pano_camera1/frame_0254_hp_preview.jpg
-0.653072 -2.404050 2.431370 255 68 68 R0 pano_camera1/frame_0255_hp_preview.jpg
-0.767971 -2.821840 2.075157 255 68 68 R0 pano_camera1/frame_0256_hp_preview.jpg
-0.914785 -2.927288 1.900482 255 68 68 R0 pano_camera1/frame_0257_hp_preview.jpg
-1.003374 -2.961341 1.833319 255 68 68 R0 pano_camera1/frame_0258_hp_preview.jpg
-1.089151 -3.025284 1.709526 255 68 68 R0 pano_camera1/frame_0259_hp_preview.jpg
-1.364827 -3.159002 1.435316 255 68 68 R0 pano_camera1/frame_0260_hp_preview.jpg
-1.367936 -3.161125 1.429027 255 68 68 R0 pano_camera1/frame_0261_hp_preview.jpg
-1.658311 -3.324369 1.164756 255 68 68 R0 pano_camera1/frame_0262_hp_preview.jpg
-1.669359 -3.333036 1.158046 255 68 68 R0 pano_camera1/frame_0263_hp_preview.jpg
-1.828477 -3.411321 1.019544 255 68 68 R0 pano_camera1/frame_0264_hp_preview.jpg
-2.030664 -3.539575 0.812103 255 68 68 R0 pano_camera1/frame_0265_hp_preview.jpg
-2.169224 -3.561239 0.584883 255 68 68 R0 pano_camera1/frame_0266_hp_preview.jpg
-2.239577 -3.535100 0.375227 255 68 68 R0 pano_camera1/frame_0267_hp_preview.jpg
-2.195046 -3.338221 0.143049 255 68 68 R0 pano_camera1/frame_0268_hp_preview.jpg
-2.130925 -2.970518 -0.221782 255 68 68 R0 pano_camera1/frame_0269_hp_preview.jpg
-2.113416 -2.784412 -0.376812 255 68 68 R0 pano_camera1/frame_0270_hp_preview.jpg
-2.038147 -2.424314 -0.638275 255 68 68 R0 pano_camera1/frame_0271_hp_preview.jpg
-1.977446 -2.089210 -0.887776 255 68 68 R0 pano_camera1/frame_0272_hp_preview.jpg
-1.952856 -1.907509 -1.034421 255 68 68 R0 pano_camera1/frame_0273_hp_preview.jpg
-1.837213 -1.330530 -1.481636 255 68 68 R0 pano_camera1/frame_0274_hp_preview.jpg
-1.829940 -1.272670 -1.538048 255 68 68 R0 pano_camera1/frame_0275_hp_preview.jpg
-1.744260 -0.808675 -1.910749 255 68 68 R0 pano_camera1/frame_0276_hp_preview.jpg
-1.723421 -0.671655 -2.037960 255 68 68 R0 pano_camera1/frame_0277_hp_preview.jpg
-1.661168 -0.257649 -2.444841 255 68 68 R0 pano_camera1/frame_0278_hp_preview.jpg
-1.613797 -0.024949 -2.614841 255 68 68 R0 pano_camera1/frame_0279_hp_preview.jpg
-1.508570 0.549956 -3.115972 255 68 68 R0 pano_camera1/frame_0280_hp_preview.jpg
-1.485247 0.660185 -3.197966 255 68 68 R0 pano_camera1/frame_0281_hp_preview.jpg
-1.452018 0.808199 -3.351211 255 68 68 R0 pano_camera1/frame_0282_hp_preview.jpg
-1.434561 0.884166 -3.585867 255 68 68 R0 pano_camera1/frame_0283_hp_preview.jpg
-1.457189 0.706447 -3.973022 255 68 68 R0 pano_camera1/frame_0284_hp_preview.jpg
-1.461580 0.669449 -3.999491 255 68 68 R0 pano_camera1/frame_0285_hp_preview.jpg
-1.507079 0.418366 -4.204872 255 68 68 R0 pano_camera1/frame_0286_hp_preview.jpg
-1.558517 0.224124 -4.212671 255 68 68 R0 pano_camera1/frame_0287_hp_preview.jpg
-1.615954 -0.030875 -4.227620 255 68 68 R0 pano_camera1/frame_0288_hp_preview.jpg
-1.649801 -0.182162 -4.303508 255 68 68 R0 pano_camera1/frame_0289_hp_preview.jpg
-1.666693 -0.287075 -4.557450 255 68 68 R0 pano_camera1/frame_0290_hp_preview.jpg
-1.672639 -0.384074 -5.105401 255 68 68 R0 pano_camera1/frame_0291_hp_preview.jpg
-1.683584 -0.448237 -5.317978 255 68 68 R0 pano_camera1/frame_0292_hp_preview.jpg
-1.685700 -0.491249 -5.495208 255 68 68 R0 pano_camera1/frame_0293_hp_preview.jpg
-1.754751 -0.946512 -5.940430 255 68 68 R0 pano_camera1/frame_0294_hp_preview.jpg
-1.765176 -0.995571 -5.952500 255 68 68 R0 pano_camera1/frame_0295_hp_preview.jpg
-1.860271 -1.528905 -5.759770 255 68 68 R0 pano_camera1/frame_0296_hp_preview.jpg
-1.885286 -1.625682 -5.413909 255 68 68 R0 pano_camera1/frame_0297_hp_preview.jpg
-1.880109 -1.654495 -5.103800 255 68 68 R0 pano_camera1/frame_0298_hp_preview.jpg
-1.888986 -1.664930 -4.861687 255 68 68 R0 pano_camera1/frame_0299_hp_preview.jpg
-1.901488 -1.694054 -4.399486 255 68 68 R0 pano_camera1/frame_0300_hp_preview.jpg
-1.888515 -1.699006 -4.079509 255 68 68 R0 pano_camera1/frame_0301_hp_preview.jpg
-1.879947 -1.669563 -3.758386 255 68 68 R0 pano_camera1/frame_0302_hp_preview.jpg
-1.873146 -1.554476 -3.320460 255 68 68 R0 pano_camera1/frame_0303_hp_preview.jpg
-1.860171 -1.506350 -3.096555 255 68 68 R0 pano_camera1/frame_0304_hp_preview.jpg
-1.844830 -1.444126 -2.568165 255 68 68 R0 pano_camera1/frame_0305_hp_preview.jpg
-1.849063 -1.506443 -2.042412 255 68 68 R0 pano_camera1/frame_0306_hp_preview.jpg
-1.862899 -1.604360 -1.709040 255 68 68 R0 pano_camera1/frame_0307_hp_preview.jpg
-1.877373 -1.647994 -1.632227 255 68 68 R0 pano_camera1/frame_0308_hp_preview.jpg
-1.950511 -2.025213 -1.347847 255 68 68 R0 pano_camera1/frame_0309_hp_preview.jpg
-2.048722 -2.483221 -1.354382 255 68 68 R0 pano_camera1/frame_0310_hp_preview.jpg
-2.077756 -2.712156 -1.575417 255 68 68 R0 pano_camera1/frame_0311_hp_preview.jpg
-2.118727 -2.875638 -1.990557 255 68 68 R0 pano_camera1/frame_0312_hp_preview.jpg
-2.131288 -2.942454 -2.302047 255 68 68 R0 pano_camera1/frame_0313_hp_preview.jpg
-2.135922 -2.975363 -2.583865 255 68 68 R0 pano_camera1/frame_0314_hp_preview.jpg
-2.154407 -3.072999 -3.270576 255 68 68 R0 pano_camera1/frame_0315_hp_preview.jpg
-2.160182 -3.084035 -3.320502 255 68 68 R0 pano_camera1/frame_0316_hp_preview.jpg
-2.170610 -3.198595 -3.757194 255 68 68 R0 pano_camera1/frame_0317_hp_preview.jpg
-2.211249 -3.473158 -4.151091 255 68 68 R0 pano_camera1/frame_0318_hp_preview.jpg
-2.235574 -3.597688 -4.161241 255 68 68 R0 pano_camera1/frame_0319_hp_preview.jpg
-2.320013 -3.932411 -4.064956 255 68 68 R0 pano_camera1/frame_0320_hp_preview.jpg
-2.420861 -4.446555 -3.585582 255 68 68 R0 pano_camera1/frame_0321_hp_preview.jpg
-2.425442 -4.474348 -3.553220 255 68 68 R0 pano_camera1/frame_0322_hp_preview.jpg
-2.435528 -4.590160 -3.086972 255 68 68 R0 pano_camera1/frame_0323_hp_preview.jpg
-2.435489 -4.531824 -2.611089 255 68 68 R0 pano_camera1/frame_0324_hp_preview.jpg
-2.429371 -4.539419 -2.562706 255 68 68 R0 pano_camera1/frame_0325_hp_preview.jpg
-2.465897 -4.753829 -2.113294 255 68 68 R0 pano_camera1/frame_0326_hp_preview.jpg
-2.512172 -5.014938 -2.063539 255 68 68 R0 pano_camera1/frame_0327_hp_preview.jpg
-2.545611 -5.145572 -2.103335 255 68 68 R0 pano_camera1/frame_0328_hp_preview.jpg
-2.584582 -5.334861 -2.240943 255 68 68 R0 pano_camera1/frame_0329_hp_preview.jpg
-2.654119 -5.681725 -2.372368 255 68 68 R0 pano_camera1/frame_0330_hp_preview.jpg
-2.674181 -5.796435 -2.282753 255 68 68 R0 pano_camera1/frame_0331_hp_preview.jpg
-2.637518 -5.649286 -1.882587 255 68 68 R0 pano_camera1/frame_0332_hp_preview.jpg
-2.598946 -5.482088 -1.753940 255 68 68 R0 pano_camera1/frame_0333_hp_preview.jpg
-2.547872 -5.220204 -1.471509 255 68 68 R0 pano_camera1/frame_0334_hp_preview.jpg
-2.532503 -5.119326 -1.293347 255 68 68 R0 pano_camera1/frame_0335_hp_preview.jpg
-2.501948 -5.000098 -1.100222 255 68 68 R0 pano_camera1/frame_0336_hp_preview.jpg
-2.453847 -4.778560 -0.640906 255 68 68 R0 pano_camera1/frame_0337_hp_preview.jpg
-2.437486 -4.669286 -0.409975 255 68 68 R0 pano_camera1/frame_0338_hp_preview.jpg
-2.390318 -4.435446 0.203572 255 68 68 R0 pano_camera1/frame_0339_hp_preview.jpg
-2.399347 -4.336165 0.608024 255 68 68 R0 pano_camera1/frame_0340_hp_preview.jpg
-2.387685 -4.305083 0.714729 255 68 68 R0 pano_camera1/frame_0341_hp_preview.jpg
-2.367186 -4.178594 1.019205 255 68 68 R0 pano_camera1/frame_0342_hp_preview.jpg
-2.331030 -3.948029 1.368667 255 68 68 R0 pano_camera1/frame_0343_hp_preview.jpg
-2.348321 -3.989935 1.716299 255 68 68 R0 pano_camera1/frame_0344_hp_preview.jpg
-2.395401 -4.237481 1.633253 255 68 68 R0 pano_camera1/frame_0345_hp_preview.jpg
-2.426156 -4.432118 1.448664 255 68 68 R0 pano_camera1/frame_0346_hp_preview.jpg
-2.442906 -4.532256 1.241274 255 68 68 R0 pano_camera1/frame_0347_hp_preview.jpg
-2.465616 -4.655050 1.011021 255 68 68 R0 pano_camera1/frame_0348_hp_preview.jpg
-2.507564 -4.949161 0.466059 255 68 68 R0 pano_camera1/frame_0349_hp_preview.jpg
-2.529868 -5.145345 0.257656 255 68 68 R0 pano_camera1/frame_0350_hp_preview.jpg
-2.553126 -5.298093 0.109651 255 68 68 R0 pano_camera1/frame_0351_hp_preview.jpg
-2.635931 -5.731561 -0.094025 255 68 68 R0 pano_camera1/frame_0352_hp_preview.jpg
-2.689867 -5.947177 -0.126007 255 68 68 R0 pano_camera1/frame_0353_hp_preview.jpg
-2.760724 -6.300073 -0.299013 255 68 68 R0 pano_camera1/frame_0354_hp_preview.jpg
-2.793010 -6.411307 -0.476610 255 68 68 R0 pano_camera1/frame_0355_hp_preview.jpg
-2.784738 -6.332961 -0.895429 255 68 68 R0 pano_camera1/frame_0356_hp_preview.jpg
-2.755946 -6.264268 -1.186347 255 68 68 R0 pano_camera1/frame_0357_hp_preview.jpg
-2.729244 -6.224809 -1.269202 255 68 68 R0 pano_camera1/frame_0358_hp_preview.jpg
-2.714426 -6.195526 -1.292245 255 68 68 R0 pano_camera1/frame_0359_hp_preview.jpg
-2.737959 -6.239518 -1.298283 255 68 68 R0 pano_camera1/frame_0360_hp_preview.jpg
-2.736935 -6.239829 -1.302483 255 68 68 R0 pano_camera1/frame_0361_hp_preview.jpg
-2.764166 -6.346468 -1.569044 255 68 68 R0 pano_camera1/frame_0362_hp_preview.jpg
-2.793043 -6.476279 -1.627014 255 68 68 R0 pano_camera1/frame_0363_hp_preview.jpg
-2.869794 -6.727288 -1.644247 255 68 68 R0 pano_camera1/frame_0364_hp_preview.jpg
-2.886990 -6.806398 -1.589822 255 68 68 R0 pano_camera1/frame_0365_hp_preview.jpg
-2.888890 -6.852085 -1.191919 255 68 68 R0 pano_camera1/frame_0366_hp_preview.jpg
-2.881690 -6.829856 -1.131861 255 68 68 R0 pano_camera1/frame_0367_hp_preview.jpg
-2.844523 -6.694545 -0.828796 255 68 68 R0 pano_camera1/frame_0368_hp_preview.jpg
-2.789048 -6.400611 -0.207553 255 68 68 R0 pano_camera1/frame_0369_hp_preview.jpg
-2.763855 -6.416370 -0.004106 255 68 68 R0 pano_camera1/frame_0370_hp_preview.jpg
-2.820285 -6.546849 0.136293 255 68 68 R0 pano_camera1/frame_0371_hp_preview.jpg
-2.876648 -6.869380 0.076048 255 68 68 R0 pano_camera1/frame_0372_hp_preview.jpg
-2.932614 -7.115698 -0.177131 255 68 68 R0 pano_camera1/frame_0373_hp_preview.jpg
-3.041255 -7.715382 -0.539504 255 68 68 R0 pano_camera1/frame_0374_hp_preview.jpg
-3.085770 -7.902517 -0.551092 255 68 68 R0 pano_camera1/frame_0375_hp_preview.jpg
-3.138096 -8.119263 -0.477331 255 68 68 R0 pano_camera1/frame_0376_hp_preview.jpg
-3.176322 -8.290823 -0.384699 255 68 68 R0 pano_camera1/frame_0377_hp_preview.jpg
-3.298572 -8.780173 0.002762 255 68 68 R0 pano_camera1/frame_0378_hp_preview.jpg
-3.310774 -8.896391 0.150910 255 68 68 R0 pano_camera1/frame_0379_hp_preview.jpg
-3.330888 -9.011813 0.377664 255 68 68 R0 pano_camera1/frame_0380_hp_preview.jpg
-3.225072 -9.094777 0.398962 255 68 68 R0 pano_camera1/frame_0381_hp_preview.jpg
-3.102878 -9.143410 0.550958 255 68 68 R0 pano_camera1/frame_0382_hp_preview.jpg
-3.296279 -9.059781 0.815700 255 68 68 R0 pano_camera1/frame_0383_hp_preview.jpg
-3.304167 -9.028427 0.813759 255 68 68 R0 pano_camera1/frame_0384_hp_preview.jpg
-3.286132 -8.868446 1.011378 255 68 68 R0 pano_camera1/frame_0385_hp_preview.jpg
-3.238093 -8.555170 1.453448 255 68 68 R0 pano_camera1/frame_0386_hp_preview.jpg
-3.214621 -8.432176 1.672247 255 68 68 R0 pano_camera1/frame_0387_hp_preview.jpg
-3.133915 -7.986776 2.315472 255 68 68 R0 pano_camera1/frame_0388_hp_preview.jpg
-3.067204 -7.671610 2.703613 255 68 68 R0 pano_camera1/frame_0389_hp_preview.jpg
-3.030121 -7.530259 2.846912 255 68 68 R0 pano_camera1/frame_0390_hp_preview.jpg
-2.958620 -7.122132 3.037945 255 68 68 R0 pano_camera1/frame_0391_hp_preview.jpg
-2.939470 -7.039795 2.993467 255 68 68 R0 pano_camera1/frame_0392_hp_preview.jpg
-2.946165 -7.079655 2.804422 255 68 68 R0 pano_camera1/frame_0393_hp_preview.jpg
-2.969187 -7.249915 2.661615 255 68 68 R0 pano_camera1/frame_0394_hp_preview.jpg
-3.017479 -7.541209 2.432310 255 68 68 R0 pano_camera1/frame_0395_hp_preview.jpg
-3.056349 -7.748035 2.106867 255 68 68 R0 pano_camera1/frame_0396_hp_preview.jpg
-3.036922 -7.550475 1.682909 255 68 68 R0 pano_camera1/frame_0397_hp_preview.jpg
-3.008516 -7.416864 1.580618 255 68 68 R0 pano_camera1/frame_0398_hp_preview.jpg
-2.924208 -6.946018 1.561476 255 68 68 R0 pano_camera1/frame_0399_hp_preview.jpg
-2.840473 -6.578528 1.915755 255 68 68 R0 pano_camera1/frame_0400_hp_preview.jpg
-2.787840 -6.308172 2.215374 255 68 68 R0 pano_camera1/frame_0401_hp_preview.jpg
-2.783205 -6.288266 2.233719 255 68 68 R0 pano_camera1/frame_0402_hp_preview.jpg
-2.732130 -6.037506 2.521492 255 68 68 R0 pano_camera1/frame_0403_hp_preview.jpg
-2.634452 -5.525951 2.514790 255 68 68 R0 pano_camera1/frame_0404_hp_preview.jpg
-2.635012 -5.496751 2.484914 255 68 68 R0 pano_camera1/frame_0405_hp_preview.jpg
-2.614221 -5.344038 2.027209 255 68 68 R0 pano_camera1/frame_0406_hp_preview.jpg
-2.648562 -5.606135 1.667180 255 68 68 R0 pano_camera1/frame_0407_hp_preview.jpg
-2.678542 -5.748162 1.483538 255 68 68 R0 pano_camera1/frame_0408_hp_preview.jpg
-2.692341 -5.859299 1.352003 255 68 68 R0 pano_camera1/frame_0409_hp_preview.jpg
-2.726377 -5.965218 1.006713 255 68 68 R0 pano_camera1/frame_0410_hp_preview.jpg
-2.655725 -5.650407 0.469856 255 68 68 R0 pano_camera1/frame_0411_hp_preview.jpg
-2.636198 -5.591339 0.412354 255 68 68 R0 pano_camera1/frame_0412_hp_preview.jpg
-2.614313 -5.461135 0.229817 255 68 68 R0 pano_camera1/frame_0413_hp_preview.jpg
-2.620436 -5.481412 0.224496 255 68 68 R0 pano_camera1/frame_0414_hp_preview.jpg
-2.621039 -5.482778 0.225956 255 68 68 R0 pano_camera1/frame_0415_hp_preview.jpg
-2.615901 -5.480200 0.224538 255 68 68 R0 pano_camera1/frame_0416_hp_preview.jpg
-0.000267 0.944210 2.343401 255 68 68 R0 pano_camera2/frame_0140_hp_preview.jpg
0.015919 1.071051 2.470917 255 68 68 R0 pano_camera2/frame_0141_hp_preview.jpg
0.056713 1.285483 2.711594 255 68 68 R0 pano_camera2/frame_0142_hp_preview.jpg
0.085335 1.439745 2.810171 255 68 68 R0 pano_camera2/frame_0143_hp_preview.jpg
0.101283 1.615400 2.758326 255 68 68 R0 pano_camera2/frame_0144_hp_preview.jpg
0.108287 1.673450 2.581650 255 68 68 R0 pano_camera2/frame_0145_hp_preview.jpg
-0.034173 0.823484 2.770285 255 68 68 R0 pano_camera2/frame_0157_hp_preview.jpg
-0.061898 0.688541 2.856214 255 68 68 R0 pano_camera2/frame_0158_hp_preview.jpg
-0.076262 0.641224 2.953904 255 68 68 R0 pano_camera2/frame_0159_hp_preview.jpg
-0.115349 0.395492 3.562585 255 68 68 R0 pano_camera2/frame_0160_hp_preview.jpg
-0.152034 0.191298 3.824569 255 68 68 R0 pano_camera2/frame_0161_hp_preview.jpg
-0.220540 -0.102445 4.113578 255 68 68 R0 pano_camera2/frame_0162_hp_preview.jpg
-0.264442 -0.305256 4.273301 255 68 68 R0 pano_camera2/frame_0163_hp_preview.jpg
-0.315190 -0.524864 4.415485 255 68 68 R0 pano_camera2/frame_0164_hp_preview.jpg
-0.389359 -0.915273 4.402460 255 68 68 R0 pano_camera2/frame_0165_hp_preview.jpg
-0.416223 -1.074101 4.269399 255 68 68 R0 pano_camera2/frame_0166_hp_preview.jpg
-0.461652 -1.316596 3.909548 255 68 68 R0 pano_camera2/frame_0167_hp_preview.jpg
-0.443756 -1.266753 3.522919 255 68 68 R0 pano_camera2/frame_0168_hp_preview.jpg
-0.436963 -1.176518 3.406748 255 68 68 R0 pano_camera2/frame_0169_hp_preview.jpg
-0.319578 -0.653402 2.874857 255 68 68 R0 pano_camera2/frame_0170_hp_preview.jpg
-0.319243 -0.579648 2.805280 255 68 68 R0 pano_camera2/frame_0171_hp_preview.jpg
-0.238900 -0.249082 2.479847 255 68 68 R0 pano_camera2/frame_0172_hp_preview.jpg
-0.229607 -0.172153 2.099597 255 68 68 R0 pano_camera2/frame_0173_hp_preview.jpg
-0.270635 -0.372262 1.763768 255 68 68 R0 pano_camera2/frame_0174_hp_preview.jpg
-0.275176 -0.380685 1.758255 255 68 68 R0 pano_camera2/frame_0175_hp_preview.jpg
-0.347922 -0.805769 1.663902 255 68 68 R0 pano_camera2/frame_0176_hp_preview.jpg
-0.402832 -1.043902 1.712353 255 68 68 R0 pano_camera2/frame_0177_hp_preview.jpg
-0.487194 -1.498000 1.729992 255 68 68 R0 pano_camera2/frame_0178_hp_preview.jpg
-0.547208 -1.813662 1.481544 255 68 68 R0 pano_camera2/frame_0179_hp_preview.jpg
-0.552134 -1.855538 1.287910 255 68 68 R0 pano_camera2/frame_0180_hp_preview.jpg
-0.510776 -1.728831 1.050280 255 68 68 R0 pano_camera2/frame_0181_hp_preview.jpg
-0.470595 -1.537705 0.888980 255 68 68 R0 pano_camera2/frame_0182_hp_preview.jpg
-0.435980 -1.315536 0.569828 255 68 68 R0 pano_camera2/frame_0183_hp_preview.jpg
-0.451834 -1.466648 0.421229 255 68 68 R0 pano_camera2/frame_0184_hp_preview.jpg
-0.482004 -1.617384 0.470016 255 68 68 R0 pano_camera2/frame_0185_hp_preview.jpg
-0.514594 -1.807710 0.613932 255 68 68 R0 pano_camera2/frame_0186_hp_preview.jpg
-0.553681 -2.002617 0.749435 255 68 68 R0 pano_camera2/frame_0187_hp_preview.jpg
-0.613151 -2.296380 0.853976 255 68 68 R0 pano_camera2/frame_0188_hp_preview.jpg
-0.669988 -2.594240 0.765866 255 68 68 R0 pano_camera2/frame_0189_hp_preview.jpg
-0.681107 -2.623549 0.746732 255 68 68 R0 pano_camera2/frame_0190_hp_preview.jpg
-0.712414 -2.787553 0.532038 255 68 68 R0 pano_camera2/frame_0191_hp_preview.jpg
-0.712853 -2.789299 0.172087 255 68 68 R0 pano_camera2/frame_0192_hp_preview.jpg
-0.678992 -2.661701 -0.078925 255 68 68 R0 pano_camera2/frame_0193_hp_preview.jpg
-0.625638 -2.447456 -0.361738 255 68 68 R0 pano_camera2/frame_0194_hp_preview.jpg
-0.602917 -2.310775 -0.574592 255 68 68 R0 pano_camera2/frame_0195_hp_preview.jpg
-0.594552 -2.340721 -0.778856 255 68 68 R0 pano_camera2/frame_0196_hp_preview.jpg
-0.631082 -2.536621 -1.150984 255 68 68 R0 pano_camera2/frame_0197_hp_preview.jpg
-0.714239 -2.904849 -1.631825 255 68 68 R0 pano_camera2/frame_0198_hp_preview.jpg
-0.739423 -3.012400 -1.772579 255 68 68 R0 pano_camera2/frame_0199_hp_preview.jpg
-0.884220 -3.618909 -2.340663 255 68 68 R0 pano_camera2/frame_0200_hp_preview.jpg
-0.926390 -3.602826 -2.435133 255 68 68 R0 pano_camera2/frame_0201_hp_preview.jpg
-0.866209 -3.650059 -1.198305 255 68 68 R0 pano_camera2/frame_0226_hp_preview.jpg
-0.990390 -4.243800 0.074016 255 68 68 R0 pano_camera2/frame_0240_hp_preview.jpg
-0.980655 -4.230751 0.139838 255 68 68 R0 pano_camera2/frame_0241_hp_preview.jpg
-0.996389 -4.333003 0.417167 255 68 68 R0 pano_camera2/frame_0242_hp_preview.jpg
-0.972562 -4.217485 0.579525 255 68 68 R0 pano_camera2/frame_0243_hp_preview.jpg
-0.929752 -4.008395 0.564469 255 68 68 R0 pano_camera2/frame_0244_hp_preview.jpg
-0.906902 -3.907473 0.582296 255 68 68 R0 pano_camera2/frame_0245_hp_preview.jpg
-0.831175 -3.645199 0.645184 255 68 68 R0 pano_camera2/frame_0246_hp_preview.jpg
-0.813613 -3.518941 0.570818 255 68 68 R0 pano_camera2/frame_0247_hp_preview.jpg
-0.754778 -3.208775 0.643414 255 68 68 R0 pano_camera2/frame_0248_hp_preview.jpg
-0.746203 -3.174156 0.663346 255 68 68 R0 pano_camera2/frame_0249_hp_preview.jpg
-0.635895 -2.557153 1.130363 255 68 68 R0 pano_camera2/frame_0250_hp_preview.jpg
-0.632588 -2.547191 1.139894 255 68 68 R0 pano_camera2/frame_0251_hp_preview.jpg
-0.589800 -2.246654 1.561674 255 68 68 R0 pano_camera2/frame_0252_hp_preview.jpg
-0.583975 -2.096840 2.100739 255 68 68 R0 pano_camera2/frame_0253_hp_preview.jpg
-0.648266 -2.361594 2.425889 255 68 68 R0 pano_camera2/frame_0254_hp_preview.jpg
-0.653072 -2.404050 2.431370 255 68 68 R0 pano_camera2/frame_0255_hp_preview.jpg
-0.767971 -2.821840 2.075157 255 68 68 R0 pano_camera2/frame_0256_hp_preview.jpg
-0.914785 -2.927288 1.900482 255 68 68 R0 pano_camera2/frame_0257_hp_preview.jpg
-1.003374 -2.961341 1.833319 255 68 68 R0 pano_camera2/frame_0258_hp_preview.jpg
-1.089151 -3.025284 1.709526 255 68 68 R0 pano_camera2/frame_0259_hp_preview.jpg
-1.364827 -3.159002 1.435316 255 68 68 R0 pano_camera2/frame_0260_hp_preview.jpg
-1.367936 -3.161125 1.429027 255 68 68 R0 pano_camera2/frame_0261_hp_preview.jpg
-1.658311 -3.324369 1.164756 255 68 68 R0 pano_camera2/frame_0262_hp_preview.jpg
-1.669359 -3.333036 1.158046 255 68 68 R0 pano_camera2/frame_0263_hp_preview.jpg
-1.828477 -3.411321 1.019544 255 68 68 R0 pano_camera2/frame_0264_hp_preview.jpg
-2.030664 -3.539575 0.812103 255 68 68 R0 pano_camera2/frame_0265_hp_preview.jpg
-2.169224 -3.561239 0.584883 255 68 68 R0 pano_camera2/frame_0266_hp_preview.jpg
-2.239577 -3.535100 0.375227 255 68 68 R0 pano_camera2/frame_0267_hp_preview.jpg
-2.195046 -3.338221 0.143049 255 68 68 R0 pano_camera2/frame_0268_hp_preview.jpg
-2.130925 -2.970518 -0.221782 255 68 68 R0 pano_camera2/frame_0269_hp_preview.jpg
-2.113416 -2.784412 -0.376812 255 68 68 R0 pano_camera2/frame_0270_hp_preview.jpg
-2.038147 -2.424314 -0.638275 255 68 68 R0 pano_camera2/frame_0271_hp_preview.jpg
-1.977446 -2.089210 -0.887776 255 68 68 R0 pano_camera2/frame_0272_hp_preview.jpg
-1.952856 -1.907509 -1.034421 255 68 68 R0 pano_camera2/frame_0273_hp_preview.jpg
-1.837213 -1.330530 -1.481636 255 68 68 R0 pano_camera2/frame_0274_hp_preview.jpg
-1.829940 -1.272670 -1.538048 255 68 68 R0 pano_camera2/frame_0275_hp_preview.jpg
-1.744260 -0.808675 -1.910749 255 68 68 R0 pano_camera2/frame_0276_hp_preview.jpg
-1.723421 -0.671655 -2.037960 255 68 68 R0 pano_camera2/frame_0277_hp_preview.jpg
-1.661168 -0.257649 -2.444841 255 68 68 R0 pano_camera2/frame_0278_hp_preview.jpg
-1.613797 -0.024949 -2.614841 255 68 68 R0 pano_camera2/frame_0279_hp_preview.jpg
-1.508570 0.549956 -3.115972 255 68 68 R0 pano_camera2/frame_0280_hp_preview.jpg
-1.485247 0.660185 -3.197966 255 68 68 R0 pano_camera2/frame_0281_hp_preview.jpg
-1.452018 0.808199 -3.351211 255 68 68 R0 pano_camera2/frame_0282_hp_preview.jpg
-1.434561 0.884166 -3.585867 255 68 68 R0 pano_camera2/frame_0283_hp_preview.jpg
-1.457189 0.706447 -3.973022 255 68 68 R0 pano_camera2/frame_0284_hp_preview.jpg
-1.461580 0.669449 -3.999491 255 68 68 R0 pano_camera2/frame_0285_hp_preview.jpg
-1.507079 0.418366 -4.204872 255 68 68 R0 pano_camera2/frame_0286_hp_preview.jpg
-1.558517 0.224124 -4.212671 255 68 68 R0 pano_camera2/frame_0287_hp_preview.jpg
-1.615954 -0.030875 -4.227620 255 68 68 R0 pano_camera2/frame_0288_hp_preview.jpg
-1.649801 -0.182162 -4.303508 255 68 68 R0 pano_camera2/frame_0289_hp_preview.jpg
-1.666693 -0.287075 -4.557450 255 68 68 R0 pano_camera2/frame_0290_hp_preview.jpg
-1.672639 -0.384074 -5.105401 255 68 68 R0 pano_camera2/frame_0291_hp_preview.jpg
-1.683584 -0.448237 -5.317978 255 68 68 R0 pano_camera2/frame_0292_hp_preview.jpg
-1.685700 -0.491249 -5.495208 255 68 68 R0 pano_camera2/frame_0293_hp_preview.jpg
-1.754751 -0.946512 -5.940430 255 68 68 R0 pano_camera2/frame_0294_hp_preview.jpg
-1.765176 -0.995571 -5.952500 255 68 68 R0 pano_camera2/frame_0295_hp_preview.jpg
-1.860271 -1.528905 -5.759770 255 68 68 R0 pano_camera2/frame_0296_hp_preview.jpg
-1.885286 -1.625682 -5.413909 255 68 68 R0 pano_camera2/frame_0297_hp_preview.jpg
-1.880109 -1.654495 -5.103800 255 68 68 R0 pano_camera2/frame_0298_hp_preview.jpg
-1.888986 -1.664930 -4.861687 255 68 68 R0 pano_camera2/frame_0299_hp_preview.jpg
-1.901488 -1.694054 -4.399486 255 68 68 R0 pano_camera2/frame_0300_hp_preview.jpg
-1.888515 -1.699006 -4.079509 255 68 68 R0 pano_camera2/frame_0301_hp_preview.jpg
-1.879947 -1.669563 -3.758386 255 68 68 R0 pano_camera2/frame_0302_hp_preview.jpg
-1.873146 -1.554476 -3.320460 255 68 68 R0 pano_camera2/frame_0303_hp_preview.jpg
-1.860171 -1.506350 -3.096555 255 68 68 R0 pano_camera2/frame_0304_hp_preview.jpg
-1.844830 -1.444126 -2.568165 255 68 68 R0 pano_camera2/frame_0305_hp_preview.jpg
-1.849063 -1.506443 -2.042412 255 68 68 R0 pano_camera2/frame_0306_hp_preview.jpg
-1.862899 -1.604360 -1.709040 255 68 68 R0 pano_camera2/frame_0307_hp_preview.jpg
-1.877373 -1.647994 -1.632227 255 68 68 R0 pano_camera2/frame_0308_hp_preview.jpg
-1.950511 -2.025213 -1.347847 255 68 68 R0 pano_camera2/frame_0309_hp_preview.jpg
-2.048722 -2.483221 -1.354382 255 68 68 R0 pano_camera2/frame_0310_hp_preview.jpg
-2.077756 -2.712156 -1.575417 255 68 68 R0 pano_camera2/frame_0311_hp_preview.jpg
-2.118727 -2.875638 -1.990557 255 68 68 R0 pano_camera2/frame_0312_hp_preview.jpg
-2.131288 -2.942454 -2.302047 255 68 68 R0 pano_camera2/frame_0313_hp_preview.jpg
-2.135922 -2.975363 -2.583865 255 68 68 R0 pano_camera2/frame_0314_hp_preview.jpg
-2.154407 -3.072999 -3.270576 255 68 68 R0 pano_camera2/frame_0315_hp_preview.jpg
-2.160182 -3.084035 -3.320502 255 68 68 R0 pano_camera2/frame_0316_hp_preview.jpg
-2.170610 -3.198595 -3.757194 255 68 68 R0 pano_camera2/frame_0317_hp_preview.jpg
-2.211249 -3.473158 -4.151091 255 68 68 R0 pano_camera2/frame_0318_hp_preview.jpg
-2.235574 -3.597688 -4.161241 255 68 68 R0 pano_camera2/frame_0319_hp_preview.jpg
-2.320013 -3.932411 -4.064956 255 68 68 R0 pano_camera2/frame_0320_hp_preview.jpg
-2.420861 -4.446555 -3.585582 255 68 68 R0 pano_camera2/frame_0321_hp_preview.jpg
-2.425442 -4.474348 -3.553220 255 68 68 R0 pano_camera2/frame_0322_hp_preview.jpg
-2.435528 -4.590160 -3.086972 255 68 68 R0 pano_camera2/frame_0323_hp_preview.jpg
-2.435489 -4.531824 -2.611089 255 68 68 R0 pano_camera2/frame_0324_hp_preview.jpg
-2.429371 -4.539419 -2.562706 255 68 68 R0 pano_camera2/frame_0325_hp_preview.jpg
-2.465897 -4.753829 -2.113294 255 68 68 R0 pano_camera2/frame_0326_hp_preview.jpg
-2.512172 -5.014938 -2.063539 255 68 68 R0 pano_camera2/frame_0327_hp_preview.jpg
-2.545611 -5.145572 -2.103335 255 68 68 R0 pano_camera2/frame_0328_hp_preview.jpg
-2.584582 -5.334861 -2.240943 255 68 68 R0 pano_camera2/frame_0329_hp_preview.jpg
-2.654119 -5.681725 -2.372368 255 68 68 R0 pano_camera2/frame_0330_hp_preview.jpg
-2.674181 -5.796435 -2.282753 255 68 68 R0 pano_camera2/frame_0331_hp_preview.jpg
-2.637518 -5.649286 -1.882587 255 68 68 R0 pano_camera2/frame_0332_hp_preview.jpg
-2.598946 -5.482088 -1.753940 255 68 68 R0 pano_camera2/frame_0333_hp_preview.jpg
-2.547872 -5.220204 -1.471509 255 68 68 R0 pano_camera2/frame_0334_hp_preview.jpg
-2.532503 -5.119326 -1.293347 255 68 68 R0 pano_camera2/frame_0335_hp_preview.jpg
-2.501948 -5.000098 -1.100222 255 68 68 R0 pano_camera2/frame_0336_hp_preview.jpg
-2.453847 -4.778560 -0.640906 255 68 68 R0 pano_camera2/frame_0337_hp_preview.jpg
-2.437486 -4.669286 -0.409975 255 68 68 R0 pano_camera2/frame_0338_hp_preview.jpg
-2.390318 -4.435446 0.203572 255 68 68 R0 pano_camera2/frame_0339_hp_preview.jpg
-2.399347 -4.336165 0.608024 255 68 68 R0 pano_camera2/frame_0340_hp_preview.jpg
-2.387685 -4.305083 0.714729 255 68 68 R0 pano_camera2/frame_0341_hp_preview.jpg
-2.367186 -4.178594 1.019205 255 68 68 R0 pano_camera2/frame_0342_hp_preview.jpg
-2.331030 -3.948029 1.368667 255 68 68 R0 pano_camera2/frame_0343_hp_preview.jpg
-2.348321 -3.989935 1.716299 255 68 68 R0 pano_camera2/frame_0344_hp_preview.jpg
-2.395401 -4.237481 1.633253 255 68 68 R0 pano_camera2/frame_0345_hp_preview.jpg
-2.426156 -4.432118 1.448664 255 68 68 R0 pano_camera2/frame_0346_hp_preview.jpg
-2.442906 -4.532256 1.241274 255 68 68 R0 pano_camera2/frame_0347_hp_preview.jpg
-2.465616 -4.655050 1.011021 255 68 68 R0 pano_camera2/frame_0348_hp_preview.jpg
-2.507564 -4.949161 0.466059 255 68 68 R0 pano_camera2/frame_0349_hp_preview.jpg
-2.529868 -5.145345 0.257656 255 68 68 R0 pano_camera2/frame_0350_hp_preview.jpg
-2.553126 -5.298093 0.109651 255 68 68 R0 pano_camera2/frame_0351_hp_preview.jpg
-2.635931 -5.731561 -0.094025 255 68 68 R0 pano_camera2/frame_0352_hp_preview.jpg
-2.689867 -5.947177 -0.126007 255 68 68 R0 pano_camera2/frame_0353_hp_preview.jpg
-2.760724 -6.300073 -0.299013 255 68 68 R0 pano_camera2/frame_0354_hp_preview.jpg
-2.793010 -6.411307 -0.476610 255 68 68 R0 pano_camera2/frame_0355_hp_preview.jpg
-2.784738 -6.332961 -0.895429 255 68 68 R0 pano_camera2/frame_0356_hp_preview.jpg
-2.755946 -6.264268 -1.186347 255 68 68 R0 pano_camera2/frame_0357_hp_preview.jpg
-2.729244 -6.224809 -1.269202 255 68 68 R0 pano_camera2/frame_0358_hp_preview.jpg
-2.714426 -6.195526 -1.292245 255 68 68 R0 pano_camera2/frame_0359_hp_preview.jpg
-2.737959 -6.239518 -1.298283 255 68 68 R0 pano_camera2/frame_0360_hp_preview.jpg
-2.736935 -6.239829 -1.302483 255 68 68 R0 pano_camera2/frame_0361_hp_preview.jpg
-2.764166 -6.346468 -1.569044 255 68 68 R0 pano_camera2/frame_0362_hp_preview.jpg
-2.793043 -6.476279 -1.627014 255 68 68 R0 pano_camera2/frame_0363_hp_preview.jpg
-2.869794 -6.727288 -1.644247 255 68 68 R0 pano_camera2/frame_0364_hp_preview.jpg
-2.886990 -6.806398 -1.589822 255 68 68 R0 pano_camera2/frame_0365_hp_preview.jpg
-2.888890 -6.852085 -1.191919 255 68 68 R0 pano_camera2/frame_0366_hp_preview.jpg
-2.881690 -6.829856 -1.131861 255 68 68 R0 pano_camera2/frame_0367_hp_preview.jpg
-2.844523 -6.694545 -0.828796 255 68 68 R0 pano_camera2/frame_0368_hp_preview.jpg
-2.789048 -6.400611 -0.207553 255 68 68 R0 pano_camera2/frame_0369_hp_preview.jpg
-2.763855 -6.416370 -0.004106 255 68 68 R0 pano_camera2/frame_0370_hp_preview.jpg
-2.820285 -6.546849 0.136293 255 68 68 R0 pano_camera2/frame_0371_hp_preview.jpg
-2.876648 -6.869380 0.076048 255 68 68 R0 pano_camera2/frame_0372_hp_preview.jpg
-2.932614 -7.115698 -0.177131 255 68 68 R0 pano_camera2/frame_0373_hp_preview.jpg
-3.041255 -7.715382 -0.539504 255 68 68 R0 pano_camera2/frame_0374_hp_preview.jpg
-3.085770 -7.902517 -0.551092 255 68 68 R0 pano_camera2/frame_0375_hp_preview.jpg
-3.138096 -8.119263 -0.477331 255 68 68 R0 pano_camera2/frame_0376_hp_preview.jpg
-3.176322 -8.290823 -0.384699 255 68 68 R0 pano_camera2/frame_0377_hp_preview.jpg
-3.298572 -8.780173 0.002762 255 68 68 R0 pano_camera2/frame_0378_hp_preview.jpg
-3.310774 -8.896391 0.150910 255 68 68 R0 pano_camera2/frame_0379_hp_preview.jpg
-3.330888 -9.011813 0.377664 255 68 68 R0 pano_camera2/frame_0380_hp_preview.jpg
-3.225072 -9.094777 0.398962 255 68 68 R0 pano_camera2/frame_0381_hp_preview.jpg
-3.102878 -9.143410 0.550958 255 68 68 R0 pano_camera2/frame_0382_hp_preview.jpg
-3.296279 -9.059781 0.815700 255 68 68 R0 pano_camera2/frame_0383_hp_preview.jpg
-3.304167 -9.028427 0.813759 255 68 68 R0 pano_camera2/frame_0384_hp_preview.jpg
-3.286132 -8.868446 1.011378 255 68 68 R0 pano_camera2/frame_0385_hp_preview.jpg
-3.238093 -8.555170 1.453448 255 68 68 R0 pano_camera2/frame_0386_hp_preview.jpg
-3.214621 -8.432176 1.672247 255 68 68 R0 pano_camera2/frame_0387_hp_preview.jpg
-3.133915 -7.986776 2.315472 255 68 68 R0 pano_camera2/frame_0388_hp_preview.jpg
-3.067204 -7.671610 2.703613 255 68 68 R0 pano_camera2/frame_0389_hp_preview.jpg
-3.030121 -7.530259 2.846912 255 68 68 R0 pano_camera2/frame_0390_hp_preview.jpg
-2.958620 -7.122132 3.037945 255 68 68 R0 pano_camera2/frame_0391_hp_preview.jpg
-2.939470 -7.039795 2.993467 255 68 68 R0 pano_camera2/frame_0392_hp_preview.jpg
-2.946165 -7.079655 2.804422 255 68 68 R0 pano_camera2/frame_0393_hp_preview.jpg
-2.969187 -7.249915 2.661615 255 68 68 R0 pano_camera2/frame_0394_hp_preview.jpg
-3.017479 -7.541209 2.432310 255 68 68 R0 pano_camera2/frame_0395_hp_preview.jpg
-3.056349 -7.748035 2.106867 255 68 68 R0 pano_camera2/frame_0396_hp_preview.jpg
-3.036922 -7.550475 1.682909 255 68 68 R0 pano_camera2/frame_0397_hp_preview.jpg
-3.008516 -7.416864 1.580618 255 68 68 R0 pano_camera2/frame_0398_hp_preview.jpg
-2.924208 -6.946018 1.561476 255 68 68 R0 pano_camera2/frame_0399_hp_preview.jpg
-2.840473 -6.578528 1.915755 255 68 68 R0 pano_camera2/frame_0400_hp_preview.jpg
-2.787840 -6.308172 2.215374 255 68 68 R0 pano_camera2/frame_0401_hp_preview.jpg
-2.783205 -6.288266 2.233719 255 68 68 R0 pano_camera2/frame_0402_hp_preview.jpg
-2.732130 -6.037506 2.521492 255 68 68 R0 pano_camera2/frame_0403_hp_preview.jpg
-2.634452 -5.525951 2.514790 255 68 68 R0 pano_camera2/frame_0404_hp_preview.jpg
-2.635012 -5.496751 2.484914 255 68 68 R0 pano_camera2/frame_0405_hp_preview.jpg
-2.614221 -5.344038 2.027209 255 68 68 R0 pano_camera2/frame_0406_hp_preview.jpg
-2.648562 -5.606135 1.667180 255 68 68 R0 pano_camera2/frame_0407_hp_preview.jpg
-2.678542 -5.748162 1.483538 255 68 68 R0 pano_camera2/frame_0408_hp_preview.jpg
-2.692341 -5.859299 1.352003 255 68 68 R0 pano_camera2/frame_0409_hp_preview.jpg
-2.726377 -5.965218 1.006713 255 68 68 R0 pano_camera2/frame_0410_hp_preview.jpg
-2.655725 -5.650407 0.469856 255 68 68 R0 pano_camera2/frame_0411_hp_preview.jpg
-2.636198 -5.591339 0.412354 255 68 68 R0 pano_camera2/frame_0412_hp_preview.jpg
-2.614313 -5.461135 0.229817 255 68 68 R0 pano_camera2/frame_0413_hp_preview.jpg
-2.620436 -5.481412 0.224496 255 68 68 R0 pano_camera2/frame_0414_hp_preview.jpg
-2.621039 -5.482778 0.225956 255 68 68 R0 pano_camera2/frame_0415_hp_preview.jpg
-2.615901 -5.480200 0.224538 255 68 68 R0 pano_camera2/frame_0416_hp_preview.jpg
-0.000267 0.944210 2.343401 255 68 68 R0 pano_camera3/frame_0140_hp_preview.jpg
0.015919 1.071051 2.470917 255 68 68 R0 pano_camera3/frame_0141_hp_preview.jpg
0.056713 1.285483 2.711594 255 68 68 R0 pano_camera3/frame_0142_hp_preview.jpg
0.085335 1.439745 2.810171 255 68 68 R0 pano_camera3/frame_0143_hp_preview.jpg
0.101283 1.615400 2.758326 255 68 68 R0 pano_camera3/frame_0144_hp_preview.jpg
0.108287 1.673450 2.581650 255 68 68 R0 pano_camera3/frame_0145_hp_preview.jpg
-0.034173 0.823484 2.770285 255 68 68 R0 pano_camera3/frame_0157_hp_preview.jpg
-0.061898 0.688541 2.856214 255 68 68 R0 pano_camera3/frame_0158_hp_preview.jpg
-0.076262 0.641224 2.953904 255 68 68 R0 pano_camera3/frame_0159_hp_preview.jpg
-0.115349 0.395492 3.562585 255 68 68 R0 pano_camera3/frame_0160_hp_preview.jpg
-0.152034 0.191298 3.824569 255 68 68 R0 pano_camera3/frame_0161_hp_preview.jpg
-0.220540 -0.102445 4.113578 255 68 68 R0 pano_camera3/frame_0162_hp_preview.jpg
-0.264442 -0.305256 4.273301 255 68 68 R0 pano_camera3/frame_0163_hp_preview.jpg
-0.315190 -0.524864 4.415485 255 68 68 R0 pano_camera3/frame_0164_hp_preview.jpg
-0.389359 -0.915273 4.402460 255 68 68 R0 pano_camera3/frame_0165_hp_preview.jpg
-0.416223 -1.074101 4.269399 255 68 68 R0 pano_camera3/frame_0166_hp_preview.jpg
-0.461652 -1.316596 3.909548 255 68 68 R0 pano_camera3/frame_0167_hp_preview.jpg
-0.443756 -1.266753 3.522919 255 68 68 R0 pano_camera3/frame_0168_hp_preview.jpg
-0.436963 -1.176518 3.406748 255 68 68 R0 pano_camera3/frame_0169_hp_preview.jpg
-0.319578 -0.653402 2.874857 255 68 68 R0 pano_camera3/frame_0170_hp_preview.jpg
-0.319243 -0.579648 2.805280 255 68 68 R0 pano_camera3/frame_0171_hp_preview.jpg
-0.238900 -0.249082 2.479847 255 68 68 R0 pano_camera3/frame_0172_hp_preview.jpg
-0.229607 -0.172153 2.099597 255 68 68 R0 pano_camera3/frame_0173_hp_preview.jpg
-0.270635 -0.372262 1.763768 255 68 68 R0 pano_camera3/frame_0174_hp_preview.jpg
-0.275176 -0.380685 1.758255 255 68 68 R0 pano_camera3/frame_0175_hp_preview.jpg
-0.347922 -0.805769 1.663902 255 68 68 R0 pano_camera3/frame_0176_hp_preview.jpg
-0.402832 -1.043902 1.712353 255 68 68 R0 pano_camera3/frame_0177_hp_preview.jpg
-0.487194 -1.498000 1.729992 255 68 68 R0 pano_camera3/frame_0178_hp_preview.jpg
-0.547208 -1.813662 1.481544 255 68 68 R0 pano_camera3/frame_0179_hp_preview.jpg
-0.552134 -1.855538 1.287910 255 68 68 R0 pano_camera3/frame_0180_hp_preview.jpg
-0.510776 -1.728831 1.050280 255 68 68 R0 pano_camera3/frame_0181_hp_preview.jpg
-0.470595 -1.537705 0.888980 255 68 68 R0 pano_camera3/frame_0182_hp_preview.jpg
-0.435980 -1.315536 0.569828 255 68 68 R0 pano_camera3/frame_0183_hp_preview.jpg
-0.451834 -1.466648 0.421229 255 68 68 R0 pano_camera3/frame_0184_hp_preview.jpg
-0.482004 -1.617384 0.470016 255 68 68 R0 pano_camera3/frame_0185_hp_preview.jpg
-0.514594 -1.807710 0.613932 255 68 68 R0 pano_camera3/frame_0186_hp_preview.jpg
-0.553681 -2.002617 0.749435 255 68 68 R0 pano_camera3/frame_0187_hp_preview.jpg
-0.613151 -2.296380 0.853976 255 68 68 R0 pano_camera3/frame_0188_hp_preview.jpg
-0.669988 -2.594240 0.765866 255 68 68 R0 pano_camera3/frame_0189_hp_preview.jpg
-0.681107 -2.623549 0.746732 255 68 68 R0 pano_camera3/frame_0190_hp_preview.jpg
-0.712414 -2.787553 0.532038 255 68 68 R0 pano_camera3/frame_0191_hp_preview.jpg
-0.712853 -2.789299 0.172087 255 68 68 R0 pano_camera3/frame_0192_hp_preview.jpg
-0.678992 -2.661701 -0.078925 255 68 68 R0 pano_camera3/frame_0193_hp_preview.jpg
-0.625638 -2.447456 -0.361738 255 68 68 R0 pano_camera3/frame_0194_hp_preview.jpg
-0.602917 -2.310775 -0.574592 255 68 68 R0 pano_camera3/frame_0195_hp_preview.jpg
-0.594552 -2.340721 -0.778856 255 68 68 R0 pano_camera3/frame_0196_hp_preview.jpg
-0.631082 -2.536621 -1.150984 255 68 68 R0 pano_camera3/frame_0197_hp_preview.jpg
-0.714239 -2.904849 -1.631825 255 68 68 R0 pano_camera3/frame_0198_hp_preview.jpg
-0.739423 -3.012400 -1.772579 255 68 68 R0 pano_camera3/frame_0199_hp_preview.jpg
-0.884220 -3.618909 -2.340663 255 68 68 R0 pano_camera3/frame_0200_hp_preview.jpg
-0.926390 -3.602826 -2.435133 255 68 68 R0 pano_camera3/frame_0201_hp_preview.jpg
-0.866209 -3.650059 -1.198305 255 68 68 R0 pano_camera3/frame_0226_hp_preview.jpg
-0.990390 -4.243800 0.074016 255 68 68 R0 pano_camera3/frame_0240_hp_preview.jpg
-0.980655 -4.230751 0.139838 255 68 68 R0 pano_camera3/frame_0241_hp_preview.jpg
-0.996389 -4.333003 0.417167 255 68 68 R0 pano_camera3/frame_0242_hp_preview.jpg
-0.972562 -4.217485 0.579525 255 68 68 R0 pano_camera3/frame_0243_hp_preview.jpg
-0.929752 -4.008395 0.564469 255 68 68 R0 pano_camera3/frame_0244_hp_preview.jpg
-0.906902 -3.907473 0.582296 255 68 68 R0 pano_camera3/frame_0245_hp_preview.jpg
-0.831175 -3.645199 0.645184 255 68 68 R0 pano_camera3/frame_0246_hp_preview.jpg
-0.813613 -3.518941 0.570818 255 68 68 R0 pano_camera3/frame_0247_hp_preview.jpg
-0.754778 -3.208775 0.643414 255 68 68 R0 pano_camera3/frame_0248_hp_preview.jpg
-0.746203 -3.174156 0.663346 255 68 68 R0 pano_camera3/frame_0249_hp_preview.jpg
-0.635895 -2.557153 1.130363 255 68 68 R0 pano_camera3/frame_0250_hp_preview.jpg
-0.632588 -2.547191 1.139894 255 68 68 R0 pano_camera3/frame_0251_hp_preview.jpg
-0.589800 -2.246654 1.561674 255 68 68 R0 pano_camera3/frame_0252_hp_preview.jpg
-0.583975 -2.096840 2.100739 255 68 68 R0 pano_camera3/frame_0253_hp_preview.jpg
-0.648266 -2.361594 2.425889 255 68 68 R0 pano_camera3/frame_0254_hp_preview.jpg
-0.653072 -2.404050 2.431370 255 68 68 R0 pano_camera3/frame_0255_hp_preview.jpg
-0.767971 -2.821840 2.075157 255 68 68 R0 pano_camera3/frame_0256_hp_preview.jpg
-0.914785 -2.927288 1.900482 255 68 68 R0 pano_camera3/frame_0257_hp_preview.jpg
-1.003374 -2.961341 1.833319 255 68 68 R0 pano_camera3/frame_0258_hp_preview.jpg
-1.089151 -3.025284 1.709526 255 68 68 R0 pano_camera3/frame_0259_hp_preview.jpg
-1.364827 -3.159002 1.435316 255 68 68 R0 pano_camera3/frame_0260_hp_preview.jpg
-1.367936 -3.161125 1.429027 255 68 68 R0 pano_camera3/frame_0261_hp_preview.jpg
-1.658311 -3.324369 1.164756 255 68 68 R0 pano_camera3/frame_0262_hp_preview.jpg
-1.669359 -3.333036 1.158046 255 68 68 R0 pano_camera3/frame_0263_hp_preview.jpg
-1.828477 -3.411321 1.019544 255 68 68 R0 pano_camera3/frame_0264_hp_preview.jpg
-2.030664 -3.539575 0.812103 255 68 68 R0 pano_camera3/frame_0265_hp_preview.jpg
-2.169224 -3.561239 0.584883 255 68 68 R0 pano_camera3/frame_0266_hp_preview.jpg
-2.239577 -3.535100 0.375227 255 68 68 R0 pano_camera3/frame_0267_hp_preview.jpg
-2.195046 -3.338221 0.143049 255 68 68 R0 pano_camera3/frame_0268_hp_preview.jpg
-2.130925 -2.970518 -0.221782 255 68 68 R0 pano_camera3/frame_0269_hp_preview.jpg
-2.113416 -2.784412 -0.376812 255 68 68 R0 pano_camera3/frame_0270_hp_preview.jpg
-2.038147 -2.424314 -0.638275 255 68 68 R0 pano_camera3/frame_0271_hp_preview.jpg
-1.977446 -2.089210 -0.887776 255 68 68 R0 pano_camera3/frame_0272_hp_preview.jpg
-1.952856 -1.907509 -1.034421 255 68 68 R0 pano_camera3/frame_0273_hp_preview.jpg
-1.837213 -1.330530 -1.481636 255 68 68 R0 pano_camera3/frame_0274_hp_preview.jpg
-1.829940 -1.272670 -1.538048 255 68 68 R0 pano_camera3/frame_0275_hp_preview.jpg
-1.744260 -0.808675 -1.910749 255 68 68 R0 pano_camera3/frame_0276_hp_preview.jpg
-1.723421 -0.671655 -2.037960 255 68 68 R0 pano_camera3/frame_0277_hp_preview.jpg
-1.661168 -0.257649 -2.444841 255 68 68 R0 pano_camera3/frame_0278_hp_preview.jpg
-1.613797 -0.024949 -2.614841 255 68 68 R0 pano_camera3/frame_0279_hp_preview.jpg
-1.508570 0.549956 -3.115972 255 68 68 R0 pano_camera3/frame_0280_hp_preview.jpg
-1.485247 0.660185 -3.197966 255 68 68 R0 pano_camera3/frame_0281_hp_preview.jpg
-1.452018 0.808199 -3.351211 255 68 68 R0 pano_camera3/frame_0282_hp_preview.jpg
-1.434561 0.884166 -3.585867 255 68 68 R0 pano_camera3/frame_0283_hp_preview.jpg
-1.457189 0.706447 -3.973022 255 68 68 R0 pano_camera3/frame_0284_hp_preview.jpg
-1.461580 0.669449 -3.999491 255 68 68 R0 pano_camera3/frame_0285_hp_preview.jpg
-1.507079 0.418366 -4.204872 255 68 68 R0 pano_camera3/frame_0286_hp_preview.jpg
-1.558517 0.224124 -4.212671 255 68 68 R0 pano_camera3/frame_0287_hp_preview.jpg
-1.615954 -0.030875 -4.227620 255 68 68 R0 pano_camera3/frame_0288_hp_preview.jpg
-1.649801 -0.182162 -4.303508 255 68 68 R0 pano_camera3/frame_0289_hp_preview.jpg
-1.666693 -0.287075 -4.557450 255 68 68 R0 pano_camera3/frame_0290_hp_preview.jpg
-1.672639 -0.384074 -5.105401 255 68 68 R0 pano_camera3/frame_0291_hp_preview.jpg
-1.683584 -0.448237 -5.317978 255 68 68 R0 pano_camera3/frame_0292_hp_preview.jpg
-1.685700 -0.491249 -5.495208 255 68 68 R0 pano_camera3/frame_0293_hp_preview.jpg
-1.754751 -0.946512 -5.940430 255 68 68 R0 pano_camera3/frame_0294_hp_preview.jpg
-1.765176 -0.995571 -5.952500 255 68 68 R0 pano_camera3/frame_0295_hp_preview.jpg
-1.860271 -1.528905 -5.759770 255 68 68 R0 pano_camera3/frame_0296_hp_preview.jpg
-1.885286 -1.625682 -5.413909 255 68 68 R0 pano_camera3/frame_0297_hp_preview.jpg
-1.880109 -1.654495 -5.103800 255 68 68 R0 pano_camera3/frame_0298_hp_preview.jpg
-1.888986 -1.664930 -4.861687 255 68 68 R0 pano_camera3/frame_0299_hp_preview.jpg
-1.901488 -1.694054 -4.399486 255 68 68 R0 pano_camera3/frame_0300_hp_preview.jpg
-1.888515 -1.699006 -4.079509 255 68 68 R0 pano_camera3/frame_0301_hp_preview.jpg
-1.879947 -1.669563 -3.758386 255 68 68 R0 pano_camera3/frame_0302_hp_preview.jpg
-1.873146 -1.554476 -3.320460 255 68 68 R0 pano_camera3/frame_0303_hp_preview.jpg
-1.860171 -1.506350 -3.096555 255 68 68 R0 pano_camera3/frame_0304_hp_preview.jpg
-1.844830 -1.444126 -2.568165 255 68 68 R0 pano_camera3/frame_0305_hp_preview.jpg
-1.849063 -1.506443 -2.042412 255 68 68 R0 pano_camera3/frame_0306_hp_preview.jpg
-1.862899 -1.604360 -1.709040 255 68 68 R0 pano_camera3/frame_0307_hp_preview.jpg
-1.877373 -1.647994 -1.632227 255 68 68 R0 pano_camera3/frame_0308_hp_preview.jpg
-1.950511 -2.025213 -1.347847 255 68 68 R0 pano_camera3/frame_0309_hp_preview.jpg
-2.048722 -2.483221 -1.354382 255 68 68 R0 pano_camera3/frame_0310_hp_preview.jpg
-2.077756 -2.712156 -1.575417 255 68 68 R0 pano_camera3/frame_0311_hp_preview.jpg
-2.118727 -2.875638 -1.990557 255 68 68 R0 pano_camera3/frame_0312_hp_preview.jpg
-2.131288 -2.942454 -2.302047 255 68 68 R0 pano_camera3/frame_0313_hp_preview.jpg
-2.135922 -2.975363 -2.583865 255 68 68 R0 pano_camera3/frame_0314_hp_preview.jpg
-2.154407 -3.072999 -3.270576 255 68 68 R0 pano_camera3/frame_0315_hp_preview.jpg
-2.160182 -3.084035 -3.320502 255 68 68 R0 pano_camera3/frame_0316_hp_preview.jpg
-2.170610 -3.198595 -3.757194 255 68 68 R0 pano_camera3/frame_0317_hp_preview.jpg
-2.211249 -3.473158 -4.151091 255 68 68 R0 pano_camera3/frame_0318_hp_preview.jpg
-2.235574 -3.597688 -4.161241 255 68 68 R0 pano_camera3/frame_0319_hp_preview.jpg
-2.320013 -3.932411 -4.064956 255 68 68 R0 pano_camera3/frame_0320_hp_preview.jpg
-2.420861 -4.446555 -3.585582 255 68 68 R0 pano_camera3/frame_0321_hp_preview.jpg
-2.425442 -4.474348 -3.553220 255 68 68 R0 pano_camera3/frame_0322_hp_preview.jpg
-2.435528 -4.590160 -3.086972 255 68 68 R0 pano_camera3/frame_0323_hp_preview.jpg
-2.435489 -4.531824 -2.611089 255 68 68 R0 pano_camera3/frame_0324_hp_preview.jpg
-2.429371 -4.539419 -2.562706 255 68 68 R0 pano_camera3/frame_0325_hp_preview.jpg
-2.465897 -4.753829 -2.113294 255 68 68 R0 pano_camera3/frame_0326_hp_preview.jpg
-2.512172 -5.014938 -2.063539 255 68 68 R0 pano_camera3/frame_0327_hp_preview.jpg
-2.545611 -5.145572 -2.103335 255 68 68 R0 pano_camera3/frame_0328_hp_preview.jpg
-2.584582 -5.334861 -2.240943 255 68 68 R0 pano_camera3/frame_0329_hp_preview.jpg
-2.654119 -5.681725 -2.372368 255 68 68 R0 pano_camera3/frame_0330_hp_preview.jpg
-2.674181 -5.796435 -2.282753 255 68 68 R0 pano_camera3/frame_0331_hp_preview.jpg
-2.637518 -5.649286 -1.882587 255 68 68 R0 pano_camera3/frame_0332_hp_preview.jpg
-2.598946 -5.482088 -1.753940 255 68 68 R0 pano_camera3/frame_0333_hp_preview.jpg
-2.547872 -5.220204 -1.471509 255 68 68 R0 pano_camera3/frame_0334_hp_preview.jpg
-2.532503 -5.119326 -1.293347 255 68 68 R0 pano_camera3/frame_0335_hp_preview.jpg
-2.501948 -5.000098 -1.100222 255 68 68 R0 pano_camera3/frame_0336_hp_preview.jpg
-2.453847 -4.778560 -0.640906 255 68 68 R0 pano_camera3/frame_0337_hp_preview.jpg
-2.437486 -4.669286 -0.409975 255 68 68 R0 pano_camera3/frame_0338_hp_preview.jpg
-2.390318 -4.435446 0.203572 255 68 68 R0 pano_camera3/frame_0339_hp_preview.jpg
-2.399347 -4.336165 0.608024 255 68 68 R0 pano_camera3/frame_0340_hp_preview.jpg
-2.387685 -4.305083 0.714729 255 68 68 R0 pano_camera3/frame_0341_hp_preview.jpg
-2.367186 -4.178594 1.019205 255 68 68 R0 pano_camera3/frame_0342_hp_preview.jpg
-2.331030 -3.948029 1.368667 255 68 68 R0 pano_camera3/frame_0343_hp_preview.jpg
-2.348321 -3.989935 1.716299 255 68 68 R0 pano_camera3/frame_0344_hp_preview.jpg
-2.395401 -4.237481 1.633253 255 68 68 R0 pano_camera3/frame_0345_hp_preview.jpg
-2.426156 -4.432118 1.448664 255 68 68 R0 pano_camera3/frame_0346_hp_preview.jpg
-2.442906 -4.532256 1.241274 255 68 68 R0 pano_camera3/frame_0347_hp_preview.jpg
-2.465616 -4.655050 1.011021 255 68 68 R0 pano_camera3/frame_0348_hp_preview.jpg
-2.507564 -4.949161 0.466059 255 68 68 R0 pano_camera3/frame_0349_hp_preview.jpg
-2.529868 -5.145345 0.257656 255 68 68 R0 pano_camera3/frame_0350_hp_preview.jpg
-2.553126 -5.298093 0.109651 255 68 68 R0 pano_camera3/frame_0351_hp_preview.jpg
-2.635931 -5.731561 -0.094025 255 68 68 R0 pano_camera3/frame_0352_hp_preview.jpg
-2.689867 -5.947177 -0.126007 255 68 68 R0 pano_camera3/frame_0353_hp_preview.jpg
-2.760724 -6.300073 -0.299013 255 68 68 R0 pano_camera3/frame_0354_hp_preview.jpg
-2.793010 -6.411307 -0.476610 255 68 68 R0 pano_camera3/frame_0355_hp_preview.jpg
-2.784738 -6.332961 -0.895429 255 68 68 R0 pano_camera3/frame_0356_hp_preview.jpg
-2.755946 -6.264268 -1.186347 255 68 68 R0 pano_camera3/frame_0357_hp_preview.jpg
-2.729244 -6.224809 -1.269202 255 68 68 R0 pano_camera3/frame_0358_hp_preview.jpg
-2.714426 -6.195526 -1.292245 255 68 68 R0 pano_camera3/frame_0359_hp_preview.jpg
-2.737959 -6.239518 -1.298283 255 68 68 R0 pano_camera3/frame_0360_hp_preview.jpg
-2.736935 -6.239829 -1.302483 255 68 68 R0 pano_camera3/frame_0361_hp_preview.jpg
-2.764166 -6.346468 -1.569044 255 68 68 R0 pano_camera3/frame_0362_hp_preview.jpg
-2.793043 -6.476279 -1.627014 255 68 68 R0 pano_camera3/frame_0363_hp_preview.jpg
-2.869794 -6.727288 -1.644247 255 68 68 R0 pano_camera3/frame_0364_hp_preview.jpg
-2.886990 -6.806398 -1.589822 255 68 68 R0 pano_camera3/frame_0365_hp_preview.jpg
-2.888890 -6.852085 -1.191919 255 68 68 R0 pano_camera3/frame_0366_hp_preview.jpg
-2.881690 -6.829856 -1.131861 255 68 68 R0 pano_camera3/frame_0367_hp_preview.jpg
-2.844523 -6.694545 -0.828796 255 68 68 R0 pano_camera3/frame_0368_hp_preview.jpg
-2.789048 -6.400611 -0.207553 255 68 68 R0 pano_camera3/frame_0369_hp_preview.jpg
-2.763855 -6.416370 -0.004106 255 68 68 R0 pano_camera3/frame_0370_hp_preview.jpg
-2.820285 -6.546849 0.136293 255 68 68 R0 pano_camera3/frame_0371_hp_preview.jpg
-2.876648 -6.869380 0.076048 255 68 68 R0 pano_camera3/frame_0372_hp_preview.jpg
-2.932614 -7.115698 -0.177131 255 68 68 R0 pano_camera3/frame_0373_hp_preview.jpg
-3.041255 -7.715382 -0.539504 255 68 68 R0 pano_camera3/frame_0374_hp_preview.jpg
-3.085770 -7.902517 -0.551092 255 68 68 R0 pano_camera3/frame_0375_hp_preview.jpg
-3.138096 -8.119263 -0.477331 255 68 68 R0 pano_camera3/frame_0376_hp_preview.jpg
-3.176322 -8.290823 -0.384699 255 68 68 R0 pano_camera3/frame_0377_hp_preview.jpg
-3.298572 -8.780173 0.002762 255 68 68 R0 pano_camera3/frame_0378_hp_preview.jpg
-3.310774 -8.896391 0.150910 255 68 68 R0 pano_camera3/frame_0379_hp_preview.jpg
-3.330888 -9.011813 0.377664 255 68 68 R0 pano_camera3/frame_0380_hp_preview.jpg
-3.225072 -9.094777 0.398962 255 68 68 R0 pano_camera3/frame_0381_hp_preview.jpg
-3.102878 -9.143410 0.550958 255 68 68 R0 pano_camera3/frame_0382_hp_preview.jpg
-3.296279 -9.059781 0.815700 255 68 68 R0 pano_camera3/frame_0383_hp_preview.jpg
-3.304167 -9.028427 0.813759 255 68 68 R0 pano_camera3/frame_0384_hp_preview.jpg
-3.286132 -8.868446 1.011378 255 68 68 R0 pano_camera3/frame_0385_hp_preview.jpg
-3.238093 -8.555170 1.453448 255 68 68 R0 pano_camera3/frame_0386_hp_preview.jpg
-3.214621 -8.432176 1.672247 255 68 68 R0 pano_camera3/frame_0387_hp_preview.jpg
-3.133915 -7.986776 2.315472 255 68 68 R0 pano_camera3/frame_0388_hp_preview.jpg
-3.067204 -7.671610 2.703613 255 68 68 R0 pano_camera3/frame_0389_hp_preview.jpg
-3.030121 -7.530259 2.846912 255 68 68 R0 pano_camera3/frame_0390_hp_preview.jpg
-2.958620 -7.122132 3.037945 255 68 68 R0 pano_camera3/frame_0391_hp_preview.jpg
-2.939470 -7.039795 2.993467 255 68 68 R0 pano_camera3/frame_0392_hp_preview.jpg
-2.946165 -7.079655 2.804422 255 68 68 R0 pano_camera3/frame_0393_hp_preview.jpg
-2.969187 -7.249915 2.661615 255 68 68 R0 pano_camera3/frame_0394_hp_preview.jpg
-3.017479 -7.541209 2.432310 255 68 68 R0 pano_camera3/frame_0395_hp_preview.jpg
-3.056349 -7.748035 2.106867 255 68 68 R0 pano_camera3/frame_0396_hp_preview.jpg
-3.036922 -7.550475 1.682909 255 68 68 R0 pano_camera3/frame_0397_hp_preview.jpg
-3.008516 -7.416864 1.580618 255 68 68 R0 pano_camera3/frame_0398_hp_preview.jpg
-2.924208 -6.946018 1.561476 255 68 68 R0 pano_camera3/frame_0399_hp_preview.jpg
-2.840473 -6.578528 1.915755 255 68 68 R0 pano_camera3/frame_0400_hp_preview.jpg
-2.787840 -6.308172 2.215374 255 68 68 R0 pano_camera3/frame_0401_hp_preview.jpg
-2.783205 -6.288266 2.233719 255 68 68 R0 pano_camera3/frame_0402_hp_preview.jpg
-2.732130 -6.037506 2.521492 255 68 68 R0 pano_camera3/frame_0403_hp_preview.jpg
-2.634452 -5.525951 2.514790 255 68 68 R0 pano_camera3/frame_0404_hp_preview.jpg
-2.635012 -5.496751 2.484914 255 68 68 R0 pano_camera3/frame_0405_hp_preview.jpg
-2.614221 -5.344038 2.027209 255 68 68 R0 pano_camera3/frame_0406_hp_preview.jpg
-2.648562 -5.606135 1.667180 255 68 68 R0 pano_camera3/frame_0407_hp_preview.jpg
-2.678542 -5.748162 1.483538 255 68 68 R0 pano_camera3/frame_0408_hp_preview.jpg
-2.692341 -5.859299 1.352003 255 68 68 R0 pano_camera3/frame_0409_hp_preview.jpg
-2.726377 -5.965218 1.006713 255 68 68 R0 pano_camera3/frame_0410_hp_preview.jpg
-2.655725 -5.650407 0.469856 255 68 68 R0 pano_camera3/frame_0411_hp_preview.jpg
-2.636198 -5.591339 0.412354 255 68 68 R0 pano_camera3/frame_0412_hp_preview.jpg
-2.614313 -5.461135 0.229817 255 68 68 R0 pano_camera3/frame_0413_hp_preview.jpg
-2.620436 -5.481412 0.224496 255 68 68 R0 pano_camera3/frame_0414_hp_preview.jpg
-2.621039 -5.482778 0.225956 255 68 68 R0 pano_camera3/frame_0415_hp_preview.jpg
-2.615901 -5.480200 0.224538 255 68 68 R0 pano_camera3/frame_0416_hp_preview.jpg
-0.000267 0.944210 2.343401 255 68 68 R0 pano_camera4/frame_0140_hp_preview.jpg
0.015919 1.071051 2.470917 255 68 68 R0 pano_camera4/frame_0141_hp_preview.jpg
0.056713 1.285483 2.711594 255 68 68 R0 pano_camera4/frame_0142_hp_preview.jpg
0.085335 1.439745 2.810171 255 68 68 R0 pano_camera4/frame_0143_hp_preview.jpg
0.101283 1.615400 2.758326 255 68 68 R0 pano_camera4/frame_0144_hp_preview.jpg
0.108287 1.673450 2.581650 255 68 68 R0 pano_camera4/frame_0145_hp_preview.jpg
-0.034173 0.823484 2.770285 255 68 68 R0 pano_camera4/frame_0157_hp_preview.jpg
-0.061898 0.688541 2.856214 255 68 68 R0 pano_camera4/frame_0158_hp_preview.jpg
-0.076262 0.641224 2.953904 255 68 68 R0 pano_camera4/frame_0159_hp_preview.jpg
-0.115349 0.395492 3.562585 255 68 68 R0 pano_camera4/frame_0160_hp_preview.jpg
-0.152034 0.191298 3.824569 255 68 68 R0 pano_camera4/frame_0161_hp_preview.jpg
-0.220540 -0.102445 4.113578 255 68 68 R0 pano_camera4/frame_0162_hp_preview.jpg
-0.264442 -0.305256 4.273301 255 68 68 R0 pano_camera4/frame_0163_hp_preview.jpg
-0.315190 -0.524864 4.415485 255 68 68 R0 pano_camera4/frame_0164_hp_preview.jpg
-0.389359 -0.915273 4.402460 255 68 68 R0 pano_camera4/frame_0165_hp_preview.jpg
-0.416223 -1.074101 4.269399 255 68 68 R0 pano_camera4/frame_0166_hp_preview.jpg
-0.461652 -1.316596 3.909548 255 68 68 R0 pano_camera4/frame_0167_hp_preview.jpg
-0.443756 -1.266753 3.522919 255 68 68 R0 pano_camera4/frame_0168_hp_preview.jpg
-0.436963 -1.176518 3.406748 255 68 68 R0 pano_camera4/frame_0169_hp_preview.jpg
-0.319578 -0.653402 2.874857 255 68 68 R0 pano_camera4/frame_0170_hp_preview.jpg
-0.319243 -0.579648 2.805280 255 68 68 R0 pano_camera4/frame_0171_hp_preview.jpg
-0.238900 -0.249082 2.479847 255 68 68 R0 pano_camera4/frame_0172_hp_preview.jpg
-0.229607 -0.172153 2.099597 255 68 68 R0 pano_camera4/frame_0173_hp_preview.jpg
-0.270635 -0.372262 1.763768 255 68 68 R0 pano_camera4/frame_0174_hp_preview.jpg
-0.275176 -0.380685 1.758255 255 68 68 R0 pano_camera4/frame_0175_hp_preview.jpg
-0.347922 -0.805769 1.663902 255 68 68 R0 pano_camera4/frame_0176_hp_preview.jpg
-0.402832 -1.043902 1.712353 255 68 68 R0 pano_camera4/frame_0177_hp_preview.jpg
-0.487194 -1.498000 1.729992 255 68 68 R0 pano_camera4/frame_0178_hp_preview.jpg
-0.547208 -1.813662 1.481544 255 68 68 R0 pano_camera4/frame_0179_hp_preview.jpg
-0.552134 -1.855538 1.287910 255 68 68 R0 pano_camera4/frame_0180_hp_preview.jpg
-0.510776 -1.728831 1.050280 255 68 68 R0 pano_camera4/frame_0181_hp_preview.jpg
-0.470595 -1.537705 0.888980 255 68 68 R0 pano_camera4/frame_0182_hp_preview.jpg
-0.435980 -1.315536 0.569828 255 68 68 R0 pano_camera4/frame_0183_hp_preview.jpg
-0.451834 -1.466648 0.421229 255 68 68 R0 pano_camera4/frame_0184_hp_preview.jpg
-0.482004 -1.617384 0.470016 255 68 68 R0 pano_camera4/frame_0185_hp_preview.jpg
-0.514594 -1.807710 0.613932 255 68 68 R0 pano_camera4/frame_0186_hp_preview.jpg
-0.553681 -2.002617 0.749435 255 68 68 R0 pano_camera4/frame_0187_hp_preview.jpg
-0.613151 -2.296380 0.853976 255 68 68 R0 pano_camera4/frame_0188_hp_preview.jpg
-0.669988 -2.594240 0.765866 255 68 68 R0 pano_camera4/frame_0189_hp_preview.jpg
-0.681107 -2.623549 0.746732 255 68 68 R0 pano_camera4/frame_0190_hp_preview.jpg
-0.712414 -2.787553 0.532038 255 68 68 R0 pano_camera4/frame_0191_hp_preview.jpg
-0.712853 -2.789299 0.172087 255 68 68 R0 pano_camera4/frame_0192_hp_preview.jpg
-0.678992 -2.661701 -0.078925 255 68 68 R0 pano_camera4/frame_0193_hp_preview.jpg
-0.625638 -2.447456 -0.361738 255 68 68 R0 pano_camera4/frame_0194_hp_preview.jpg
-0.602917 -2.310775 -0.574592 255 68 68 R0 pano_camera4/frame_0195_hp_preview.jpg
-0.594552 -2.340721 -0.778856 255 68 68 R0 pano_camera4/frame_0196_hp_preview.jpg
-0.631082 -2.536621 -1.150984 255 68 68 R0 pano_camera4/frame_0197_hp_preview.jpg
-0.714239 -2.904849 -1.631825 255 68 68 R0 pano_camera4/frame_0198_hp_preview.jpg
-0.739423 -3.012400 -1.772579 255 68 68 R0 pano_camera4/frame_0199_hp_preview.jpg
-0.884220 -3.618909 -2.340663 255 68 68 R0 pano_camera4/frame_0200_hp_preview.jpg
-0.926390 -3.602826 -2.435133 255 68 68 R0 pano_camera4/frame_0201_hp_preview.jpg
-0.866209 -3.650059 -1.198305 255 68 68 R0 pano_camera4/frame_0226_hp_preview.jpg
-0.990390 -4.243800 0.074016 255 68 68 R0 pano_camera4/frame_0240_hp_preview.jpg
-0.980655 -4.230751 0.139838 255 68 68 R0 pano_camera4/frame_0241_hp_preview.jpg
-0.996389 -4.333003 0.417167 255 68 68 R0 pano_camera4/frame_0242_hp_preview.jpg
-0.972562 -4.217485 0.579525 255 68 68 R0 pano_camera4/frame_0243_hp_preview.jpg
-0.929752 -4.008395 0.564469 255 68 68 R0 pano_camera4/frame_0244_hp_preview.jpg
-0.906902 -3.907473 0.582296 255 68 68 R0 pano_camera4/frame_0245_hp_preview.jpg
-0.831175 -3.645199 0.645184 255 68 68 R0 pano_camera4/frame_0246_hp_preview.jpg
-0.813613 -3.518941 0.570818 255 68 68 R0 pano_camera4/frame_0247_hp_preview.jpg
-0.754778 -3.208775 0.643414 255 68 68 R0 pano_camera4/frame_0248_hp_preview.jpg
-0.746203 -3.174156 0.663346 255 68 68 R0 pano_camera4/frame_0249_hp_preview.jpg
-0.635895 -2.557153 1.130363 255 68 68 R0 pano_camera4/frame_0250_hp_preview.jpg
-0.632588 -2.547191 1.139894 255 68 68 R0 pano_camera4/frame_0251_hp_preview.jpg
-0.589800 -2.246654 1.561674 255 68 68 R0 pano_camera4/frame_0252_hp_preview.jpg
-0.583975 -2.096840 2.100739 255 68 68 R0 pano_camera4/frame_0253_hp_preview.jpg
-0.648266 -2.361594 2.425889 255 68 68 R0 pano_camera4/frame_0254_hp_preview.jpg
-0.653072 -2.404050 2.431370 255 68 68 R0 pano_camera4/frame_0255_hp_preview.jpg
-0.767971 -2.821840 2.075157 255 68 68 R0 pano_camera4/frame_0256_hp_preview.jpg
-0.914785 -2.927288 1.900482 255 68 68 R0 pano_camera4/frame_0257_hp_preview.jpg
-1.003374 -2.961341 1.833319 255 68 68 R0 pano_camera4/frame_0258_hp_preview.jpg
-1.089151 -3.025284 1.709526 255 68 68 R0 pano_camera4/frame_0259_hp_preview.jpg
-1.364827 -3.159002 1.435316 255 68 68 R0 pano_camera4/frame_0260_hp_preview.jpg
-1.367936 -3.161125 1.429027 255 68 68 R0 pano_camera4/frame_0261_hp_preview.jpg
-1.658311 -3.324369 1.164756 255 68 68 R0 pano_camera4/frame_0262_hp_preview.jpg
-1.669359 -3.333036 1.158046 255 68 68 R0 pano_camera4/frame_0263_hp_preview.jpg
-1.828477 -3.411321 1.019544 255 68 68 R0 pano_camera4/frame_0264_hp_preview.jpg
-2.030664 -3.539575 0.812103 255 68 68 R0 pano_camera4/frame_0265_hp_preview.jpg
-2.169224 -3.561239 0.584883 255 68 68 R0 pano_camera4/frame_0266_hp_preview.jpg
-2.239577 -3.535100 0.375227 255 68 68 R0 pano_camera4/frame_0267_hp_preview.jpg
-2.195046 -3.338221 0.143049 255 68 68 R0 pano_camera4/frame_0268_hp_preview.jpg
-2.130925 -2.970518 -0.221782 255 68 68 R0 pano_camera4/frame_0269_hp_preview.jpg
-2.113416 -2.784412 -0.376812 255 68 68 R0 pano_camera4/frame_0270_hp_preview.jpg
-2.038147 -2.424314 -0.638275 255 68 68 R0 pano_camera4/frame_0271_hp_preview.jpg
-1.977446 -2.089210 -0.887776 255 68 68 R0 pano_camera4/frame_0272_hp_preview.jpg
-1.952856 -1.907509 -1.034421 255 68 68 R0 pano_camera4/frame_0273_hp_preview.jpg
-1.837213 -1.330530 -1.481636 255 68 68 R0 pano_camera4/frame_0274_hp_preview.jpg
-1.829940 -1.272670 -1.538048 255 68 68 R0 pano_camera4/frame_0275_hp_preview.jpg
-1.744260 -0.808675 -1.910749 255 68 68 R0 pano_camera4/frame_0276_hp_preview.jpg
-1.723421 -0.671655 -2.037960 255 68 68 R0 pano_camera4/frame_0277_hp_preview.jpg
-1.661168 -0.257649 -2.444841 255 68 68 R0 pano_camera4/frame_0278_hp_preview.jpg
-1.613797 -0.024949 -2.614841 255 68 68 R0 pano_camera4/frame_0279_hp_preview.jpg
-1.508570 0.549956 -3.115972 255 68 68 R0 pano_camera4/frame_0280_hp_preview.jpg
-1.485247 0.660185 -3.197966 255 68 68 R0 pano_camera4/frame_0281_hp_preview.jpg
-1.452018 0.808199 -3.351211 255 68 68 R0 pano_camera4/frame_0282_hp_preview.jpg
-1.434561 0.884166 -3.585867 255 68 68 R0 pano_camera4/frame_0283_hp_preview.jpg
-1.457189 0.706447 -3.973022 255 68 68 R0 pano_camera4/frame_0284_hp_preview.jpg
-1.461580 0.669449 -3.999491 255 68 68 R0 pano_camera4/frame_0285_hp_preview.jpg
-1.507079 0.418366 -4.204872 255 68 68 R0 pano_camera4/frame_0286_hp_preview.jpg
-1.558517 0.224124 -4.212671 255 68 68 R0 pano_camera4/frame_0287_hp_preview.jpg
-1.615954 -0.030875 -4.227620 255 68 68 R0 pano_camera4/frame_0288_hp_preview.jpg
-1.649801 -0.182162 -4.303508 255 68 68 R0 pano_camera4/frame_0289_hp_preview.jpg
-1.666693 -0.287075 -4.557450 255 68 68 R0 pano_camera4/frame_0290_hp_preview.jpg
-1.672639 -0.384074 -5.105401 255 68 68 R0 pano_camera4/frame_0291_hp_preview.jpg
-1.683584 -0.448237 -5.317978 255 68 68 R0 pano_camera4/frame_0292_hp_preview.jpg
-1.685700 -0.491249 -5.495208 255 68 68 R0 pano_camera4/frame_0293_hp_preview.jpg
-1.754751 -0.946512 -5.940430 255 68 68 R0 pano_camera4/frame_0294_hp_preview.jpg
-1.765176 -0.995571 -5.952500 255 68 68 R0 pano_camera4/frame_0295_hp_preview.jpg
-1.860271 -1.528905 -5.759770 255 68 68 R0 pano_camera4/frame_0296_hp_preview.jpg
-1.885286 -1.625682 -5.413909 255 68 68 R0 pano_camera4/frame_0297_hp_preview.jpg
-1.880109 -1.654495 -5.103800 255 68 68 R0 pano_camera4/frame_0298_hp_preview.jpg
-1.888986 -1.664930 -4.861687 255 68 68 R0 pano_camera4/frame_0299_hp_preview.jpg
-1.901488 -1.694054 -4.399486 255 68 68 R0 pano_camera4/frame_0300_hp_preview.jpg
-1.888515 -1.699006 -4.079509 255 68 68 R0 pano_camera4/frame_0301_hp_preview.jpg
-1.879947 -1.669563 -3.758386 255 68 68 R0 pano_camera4/frame_0302_hp_preview.jpg
-1.873146 -1.554476 -3.320460 255 68 68 R0 pano_camera4/frame_0303_hp_preview.jpg
-1.860171 -1.506350 -3.096555 255 68 68 R0 pano_camera4/frame_0304_hp_preview.jpg
-1.844830 -1.444126 -2.568165 255 68 68 R0 pano_camera4/frame_0305_hp_preview.jpg
-1.849063 -1.506443 -2.042412 255 68 68 R0 pano_camera4/frame_0306_hp_preview.jpg
-1.862899 -1.604360 -1.709040 255 68 68 R0 pano_camera4/frame_0307_hp_preview.jpg
-1.877373 -1.647994 -1.632227 255 68 68 R0 pano_camera4/frame_0308_hp_preview.jpg
-1.950511 -2.025213 -1.347847 255 68 68 R0 pano_camera4/frame_0309_hp_preview.jpg
-2.048722 -2.483221 -1.354382 255 68 68 R0 pano_camera4/frame_0310_hp_preview.jpg
-2.077756 -2.712156 -1.575417 255 68 68 R0 pano_camera4/frame_0311_hp_preview.jpg
-2.118727 -2.875638 -1.990557 255 68 68 R0 pano_camera4/frame_0312_hp_preview.jpg
-2.131288 -2.942454 -2.302047 255 68 68 R0 pano_camera4/frame_0313_hp_preview.jpg
-2.135922 -2.975363 -2.583865 255 68 68 R0 pano_camera4/frame_0314_hp_preview.jpg
-2.154407 -3.072999 -3.270576 255 68 68 R0 pano_camera4/frame_0315_hp_preview.jpg
-2.160182 -3.084035 -3.320502 255 68 68 R0 pano_camera4/frame_0316_hp_preview.jpg
-2.170610 -3.198595 -3.757194 255 68 68 R0 pano_camera4/frame_0317_hp_preview.jpg
-2.211249 -3.473158 -4.151091 255 68 68 R0 pano_camera4/frame_0318_hp_preview.jpg
-2.235574 -3.597688 -4.161241 255 68 68 R0 pano_camera4/frame_0319_hp_preview.jpg
-2.320013 -3.932411 -4.064956 255 68 68 R0 pano_camera4/frame_0320_hp_preview.jpg
-2.420861 -4.446555 -3.585582 255 68 68 R0 pano_camera4/frame_0321_hp_preview.jpg
-2.425442 -4.474348 -3.553220 255 68 68 R0 pano_camera4/frame_0322_hp_preview.jpg
-2.435528 -4.590160 -3.086972 255 68 68 R0 pano_camera4/frame_0323_hp_preview.jpg
-2.435489 -4.531824 -2.611089 255 68 68 R0 pano_camera4/frame_0324_hp_preview.jpg
-2.429371 -4.539419 -2.562706 255 68 68 R0 pano_camera4/frame_0325_hp_preview.jpg
-2.465897 -4.753829 -2.113294 255 68 68 R0 pano_camera4/frame_0326_hp_preview.jpg
-2.512172 -5.014938 -2.063539 255 68 68 R0 pano_camera4/frame_0327_hp_preview.jpg
-2.545611 -5.145572 -2.103335 255 68 68 R0 pano_camera4/frame_0328_hp_preview.jpg
-2.584582 -5.334861 -2.240943 255 68 68 R0 pano_camera4/frame_0329_hp_preview.jpg
-2.654119 -5.681725 -2.372368 255 68 68 R0 pano_camera4/frame_0330_hp_preview.jpg
-2.674181 -5.796435 -2.282753 255 68 68 R0 pano_camera4/frame_0331_hp_preview.jpg
-2.637518 -5.649286 -1.882587 255 68 68 R0 pano_camera4/frame_0332_hp_preview.jpg
-2.598946 -5.482088 -1.753940 255 68 68 R0 pano_camera4/frame_0333_hp_preview.jpg
-2.547872 -5.220204 -1.471509 255 68 68 R0 pano_camera4/frame_0334_hp_preview.jpg
-2.532503 -5.119326 -1.293347 255 68 68 R0 pano_camera4/frame_0335_hp_preview.jpg
-2.501948 -5.000098 -1.100222 255 68 68 R0 pano_camera4/frame_0336_hp_preview.jpg
-2.453847 -4.778560 -0.640906 255 68 68 R0 pano_camera4/frame_0337_hp_preview.jpg
-2.437486 -4.669286 -0.409975 255 68 68 R0 pano_camera4/frame_0338_hp_preview.jpg
-2.390318 -4.435446 0.203572 255 68 68 R0 pano_camera4/frame_0339_hp_preview.jpg
-2.399347 -4.336165 0.608024 255 68 68 R0 pano_camera4/frame_0340_hp_preview.jpg
-2.387685 -4.305083 0.714729 255 68 68 R0 pano_camera4/frame_0341_hp_preview.jpg
-2.367186 -4.178594 1.019205 255 68 68 R0 pano_camera4/frame_0342_hp_preview.jpg
-2.331030 -3.948029 1.368667 255 68 68 R0 pano_camera4/frame_0343_hp_preview.jpg
-2.348321 -3.989935 1.716299 255 68 68 R0 pano_camera4/frame_0344_hp_preview.jpg
-2.395401 -4.237481 1.633253 255 68 68 R0 pano_camera4/frame_0345_hp_preview.jpg
-2.426156 -4.432118 1.448664 255 68 68 R0 pano_camera4/frame_0346_hp_preview.jpg
-2.442906 -4.532256 1.241274 255 68 68 R0 pano_camera4/frame_0347_hp_preview.jpg
-2.465616 -4.655050 1.011021 255 68 68 R0 pano_camera4/frame_0348_hp_preview.jpg
-2.507564 -4.949161 0.466059 255 68 68 R0 pano_camera4/frame_0349_hp_preview.jpg
-2.529868 -5.145345 0.257656 255 68 68 R0 pano_camera4/frame_0350_hp_preview.jpg
-2.553126 -5.298093 0.109651 255 68 68 R0 pano_camera4/frame_0351_hp_preview.jpg
-2.635931 -5.731561 -0.094025 255 68 68 R0 pano_camera4/frame_0352_hp_preview.jpg
-2.689867 -5.947177 -0.126007 255 68 68 R0 pano_camera4/frame_0353_hp_preview.jpg
-2.760724 -6.300073 -0.299013 255 68 68 R0 pano_camera4/frame_0354_hp_preview.jpg
-2.793010 -6.411307 -0.476610 255 68 68 R0 pano_camera4/frame_0355_hp_preview.jpg
-2.784738 -6.332961 -0.895429 255 68 68 R0 pano_camera4/frame_0356_hp_preview.jpg
-2.755946 -6.264268 -1.186347 255 68 68 R0 pano_camera4/frame_0357_hp_preview.jpg
-2.729244 -6.224809 -1.269202 255 68 68 R0 pano_camera4/frame_0358_hp_preview.jpg
-2.714426 -6.195526 -1.292245 255 68 68 R0 pano_camera4/frame_0359_hp_preview.jpg
-2.737959 -6.239518 -1.298283 255 68 68 R0 pano_camera4/frame_0360_hp_preview.jpg
-2.736935 -6.239829 -1.302483 255 68 68 R0 pano_camera4/frame_0361_hp_preview.jpg
-2.764166 -6.346468 -1.569044 255 68 68 R0 pano_camera4/frame_0362_hp_preview.jpg
-2.793043 -6.476279 -1.627014 255 68 68 R0 pano_camera4/frame_0363_hp_preview.jpg
-2.869794 -6.727288 -1.644247 255 68 68 R0 pano_camera4/frame_0364_hp_preview.jpg
-2.886990 -6.806398 -1.589822 255 68 68 R0 pano_camera4/frame_0365_hp_preview.jpg
-2.888890 -6.852085 -1.191919 255 68 68 R0 pano_camera4/frame_0366_hp_preview.jpg
-2.881690 -6.829856 -1.131861 255 68 68 R0 pano_camera4/frame_0367_hp_preview.jpg
-2.844523 -6.694545 -0.828796 255 68 68 R0 pano_camera4/frame_0368_hp_preview.jpg
-2.789048 -6.400611 -0.207553 255 68 68 R0 pano_camera4/frame_0369_hp_preview.jpg
-2.763855 -6.416370 -0.004106 255 68 68 R0 pano_camera4/frame_0370_hp_preview.jpg
-2.820285 -6.546849 0.136293 255 68 68 R0 pano_camera4/frame_0371_hp_preview.jpg
-2.876648 -6.869380 0.076048 255 68 68 R0 pano_camera4/frame_0372_hp_preview.jpg
-2.932614 -7.115698 -0.177131 255 68 68 R0 pano_camera4/frame_0373_hp_preview.jpg
-3.041255 -7.715382 -0.539504 255 68 68 R0 pano_camera4/frame_0374_hp_preview.jpg
-3.085770 -7.902517 -0.551092 255 68 68 R0 pano_camera4/frame_0375_hp_preview.jpg
-3.138096 -8.119263 -0.477331 255 68 68 R0 pano_camera4/frame_0376_hp_preview.jpg
-3.176322 -8.290823 -0.384699 255 68 68 R0 pano_camera4/frame_0377_hp_preview.jpg
-3.298572 -8.780173 0.002762 255 68 68 R0 pano_camera4/frame_0378_hp_preview.jpg
-3.310774 -8.896391 0.150910 255 68 68 R0 pano_camera4/frame_0379_hp_preview.jpg
-3.330888 -9.011813 0.377664 255 68 68 R0 pano_camera4/frame_0380_hp_preview.jpg
-3.225072 -9.094777 0.398962 255 68 68 R0 pano_camera4/frame_0381_hp_preview.jpg
-3.102878 -9.143410 0.550958 255 68 68 R0 pano_camera4/frame_0382_hp_preview.jpg
-3.296279 -9.059781 0.815700 255 68 68 R0 pano_camera4/frame_0383_hp_preview.jpg
-3.304167 -9.028427 0.813759 255 68 68 R0 pano_camera4/frame_0384_hp_preview.jpg
-3.286132 -8.868446 1.011378 255 68 68 R0 pano_camera4/frame_0385_hp_preview.jpg
-3.238093 -8.555170 1.453448 255 68 68 R0 pano_camera4/frame_0386_hp_preview.jpg
-3.214621 -8.432176 1.672247 255 68 68 R0 pano_camera4/frame_0387_hp_preview.jpg
-3.133915 -7.986776 2.315472 255 68 68 R0 pano_camera4/frame_0388_hp_preview.jpg
-3.067204 -7.671610 2.703613 255 68 68 R0 pano_camera4/frame_0389_hp_preview.jpg
-3.030121 -7.530259 2.846912 255 68 68 R0 pano_camera4/frame_0390_hp_preview.jpg
-2.958620 -7.122132 3.037945 255 68 68 R0 pano_camera4/frame_0391_hp_preview.jpg
-2.939470 -7.039795 2.993467 255 68 68 R0 pano_camera4/frame_0392_hp_preview.jpg
-2.946165 -7.079655 2.804422 255 68 68 R0 pano_camera4/frame_0393_hp_preview.jpg
-2.969187 -7.249915 2.661615 255 68 68 R0 pano_camera4/frame_0394_hp_preview.jpg
-3.017479 -7.541209 2.432310 255 68 68 R0 pano_camera4/frame_0395_hp_preview.jpg
-3.056349 -7.748035 2.106867 255 68 68 R0 pano_camera4/frame_0396_hp_preview.jpg
-3.036922 -7.550475 1.682909 255 68 68 R0 pano_camera4/frame_0397_hp_preview.jpg
-3.008516 -7.416864 1.580618 255 68 68 R0 pano_camera4/frame_0398_hp_preview.jpg
-2.924208 -6.946018 1.561476 255 68 68 R0 pano_camera4/frame_0399_hp_preview.jpg
-2.840473 -6.578528 1.915755 255 68 68 R0 pano_camera4/frame_0400_hp_preview.jpg
-2.787840 -6.308172 2.215374 255 68 68 R0 pano_camera4/frame_0401_hp_preview.jpg
-2.783205 -6.288266 2.233719 255 68 68 R0 pano_camera4/frame_0402_hp_preview.jpg
-2.732130 -6.037506 2.521492 255 68 68 R0 pano_camera4/frame_0403_hp_preview.jpg
-2.634452 -5.525951 2.514790 255 68 68 R0 pano_camera4/frame_0404_hp_preview.jpg
-2.635012 -5.496751 2.484914 255 68 68 R0 pano_camera4/frame_0405_hp_preview.jpg
-2.614221 -5.344038 2.027209 255 68 68 R0 pano_camera4/frame_0406_hp_preview.jpg
-2.648562 -5.606135 1.667180 255 68 68 R0 pano_camera4/frame_0407_hp_preview.jpg
-2.678542 -5.748162 1.483538 255 68 68 R0 pano_camera4/frame_0408_hp_preview.jpg
-2.692341 -5.859299 1.352003 255 68 68 R0 pano_camera4/frame_0409_hp_preview.jpg
-2.726377 -5.965218 1.006713 255 68 68 R0 pano_camera4/frame_0410_hp_preview.jpg
-2.655725 -5.650407 0.469856 255 68 68 R0 pano_camera4/frame_0411_hp_preview.jpg
-2.636198 -5.591339 0.412354 255 68 68 R0 pano_camera4/frame_0412_hp_preview.jpg
-2.614313 -5.461135 0.229817 255 68 68 R0 pano_camera4/frame_0413_hp_preview.jpg
-2.620436 -5.481412 0.224496 255 68 68 R0 pano_camera4/frame_0414_hp_preview.jpg
-2.621039 -5.482778 0.225956 255 68 68 R0 pano_camera4/frame_0415_hp_preview.jpg
-2.615901 -5.480200 0.224538 255 68 68 R0 pano_camera4/frame_0416_hp_preview.jpg
-0.000267 0.944210 2.343401 255 68 68 R0 pano_camera5/frame_0140_hp_preview.jpg
0.015919 1.071051 2.470917 255 68 68 R0 pano_camera5/frame_0141_hp_preview.jpg
0.056713 1.285483 2.711594 255 68 68 R0 pano_camera5/frame_0142_hp_preview.jpg
0.085335 1.439745 2.810171 255 68 68 R0 pano_camera5/frame_0143_hp_preview.jpg
0.101283 1.615400 2.758326 255 68 68 R0 pano_camera5/frame_0144_hp_preview.jpg
0.108287 1.673450 2.581650 255 68 68 R0 pano_camera5/frame_0145_hp_preview.jpg
-0.034173 0.823484 2.770285 255 68 68 R0 pano_camera5/frame_0157_hp_preview.jpg
-0.061898 0.688541 2.856214 255 68 68 R0 pano_camera5/frame_0158_hp_preview.jpg
-0.076262 0.641224 2.953904 255 68 68 R0 pano_camera5/frame_0159_hp_preview.jpg
-0.115349 0.395492 3.562585 255 68 68 R0 pano_camera5/frame_0160_hp_preview.jpg
-0.152034 0.191298 3.824569 255 68 68 R0 pano_camera5/frame_0161_hp_preview.jpg
-0.220540 -0.102445 4.113578 255 68 68 R0 pano_camera5/frame_0162_hp_preview.jpg
-0.264442 -0.305256 4.273301 255 68 68 R0 pano_camera5/frame_0163_hp_preview.jpg
-0.315190 -0.524864 4.415485 255 68 68 R0 pano_camera5/frame_0164_hp_preview.jpg
-0.389359 -0.915273 4.402460 255 68 68 R0 pano_camera5/frame_0165_hp_preview.jpg
-0.416223 -1.074101 4.269399 255 68 68 R0 pano_camera5/frame_0166_hp_preview.jpg
-0.461652 -1.316596 3.909548 255 68 68 R0 pano_camera5/frame_0167_hp_preview.jpg
-0.443756 -1.266753 3.522919 255 68 68 R0 pano_camera5/frame_0168_hp_preview.jpg
-0.436963 -1.176518 3.406748 255 68 68 R0 pano_camera5/frame_0169_hp_preview.jpg
-0.319578 -0.653402 2.874857 255 68 68 R0 pano_camera5/frame_0170_hp_preview.jpg
-0.319243 -0.579648 2.805280 255 68 68 R0 pano_camera5/frame_0171_hp_preview.jpg
-0.238900 -0.249082 2.479847 255 68 68 R0 pano_camera5/frame_0172_hp_preview.jpg
-0.229607 -0.172153 2.099597 255 68 68 R0 pano_camera5/frame_0173_hp_preview.jpg
-0.270635 -0.372262 1.763768 255 68 68 R0 pano_camera5/frame_0174_hp_preview.jpg
-0.275176 -0.380685 1.758255 255 68 68 R0 pano_camera5/frame_0175_hp_preview.jpg
-0.347922 -0.805769 1.663902 255 68 68 R0 pano_camera5/frame_0176_hp_preview.jpg
-0.402832 -1.043902 1.712353 255 68 68 R0 pano_camera5/frame_0177_hp_preview.jpg
-0.487194 -1.498000 1.729992 255 68 68 R0 pano_camera5/frame_0178_hp_preview.jpg
-0.547208 -1.813662 1.481544 255 68 68 R0 pano_camera5/frame_0179_hp_preview.jpg
-0.552134 -1.855538 1.287910 255 68 68 R0 pano_camera5/frame_0180_hp_preview.jpg
-0.510776 -1.728831 1.050280 255 68 68 R0 pano_camera5/frame_0181_hp_preview.jpg
-0.470595 -1.537705 0.888980 255 68 68 R0 pano_camera5/frame_0182_hp_preview.jpg
-0.435980 -1.315536 0.569828 255 68 68 R0 pano_camera5/frame_0183_hp_preview.jpg
-0.451834 -1.466648 0.421229 255 68 68 R0 pano_camera5/frame_0184_hp_preview.jpg
-0.482004 -1.617384 0.470016 255 68 68 R0 pano_camera5/frame_0185_hp_preview.jpg
-0.514594 -1.807710 0.613932 255 68 68 R0 pano_camera5/frame_0186_hp_preview.jpg
-0.553681 -2.002617 0.749435 255 68 68 R0 pano_camera5/frame_0187_hp_preview.jpg
-0.613151 -2.296380 0.853976 255 68 68 R0 pano_camera5/frame_0188_hp_preview.jpg
-0.669988 -2.594240 0.765866 255 68 68 R0 pano_camera5/frame_0189_hp_preview.jpg
-0.681107 -2.623549 0.746732 255 68 68 R0 pano_camera5/frame_0190_hp_preview.jpg
-0.712414 -2.787553 0.532038 255 68 68 R0 pano_camera5/frame_0191_hp_preview.jpg
-0.712853 -2.789299 0.172087 255 68 68 R0 pano_camera5/frame_0192_hp_preview.jpg
-0.678992 -2.661701 -0.078925 255 68 68 R0 pano_camera5/frame_0193_hp_preview.jpg
-0.625638 -2.447456 -0.361738 255 68 68 R0 pano_camera5/frame_0194_hp_preview.jpg
-0.602917 -2.310775 -0.574592 255 68 68 R0 pano_camera5/frame_0195_hp_preview.jpg
-0.594552 -2.340721 -0.778856 255 68 68 R0 pano_camera5/frame_0196_hp_preview.jpg
-0.631082 -2.536621 -1.150984 255 68 68 R0 pano_camera5/frame_0197_hp_preview.jpg
-0.714239 -2.904849 -1.631825 255 68 68 R0 pano_camera5/frame_0198_hp_preview.jpg
-0.739423 -3.012400 -1.772579 255 68 68 R0 pano_camera5/frame_0199_hp_preview.jpg
-0.884220 -3.618909 -2.340663 255 68 68 R0 pano_camera5/frame_0200_hp_preview.jpg
-0.926390 -3.602826 -2.435133 255 68 68 R0 pano_camera5/frame_0201_hp_preview.jpg
-0.866209 -3.650059 -1.198305 255 68 68 R0 pano_camera5/frame_0226_hp_preview.jpg
-0.990390 -4.243800 0.074016 255 68 68 R0 pano_camera5/frame_0240_hp_preview.jpg
-0.980655 -4.230751 0.139838 255 68 68 R0 pano_camera5/frame_0241_hp_preview.jpg
-0.996389 -4.333003 0.417167 255 68 68 R0 pano_camera5/frame_0242_hp_preview.jpg
-0.972562 -4.217485 0.579525 255 68 68 R0 pano_camera5/frame_0243_hp_preview.jpg
-0.929752 -4.008395 0.564469 255 68 68 R0 pano_camera5/frame_0244_hp_preview.jpg
-0.906902 -3.907473 0.582296 255 68 68 R0 pano_camera5/frame_0245_hp_preview.jpg
-0.831175 -3.645199 0.645184 255 68 68 R0 pano_camera5/frame_0246_hp_preview.jpg
-0.813613 -3.518941 0.570818 255 68 68 R0 pano_camera5/frame_0247_hp_preview.jpg
-0.754778 -3.208775 0.643414 255 68 68 R0 pano_camera5/frame_0248_hp_preview.jpg
-0.746203 -3.174156 0.663346 255 68 68 R0 pano_camera5/frame_0249_hp_preview.jpg
-0.635895 -2.557153 1.130363 255 68 68 R0 pano_camera5/frame_0250_hp_preview.jpg
-0.632588 -2.547191 1.139894 255 68 68 R0 pano_camera5/frame_0251_hp_preview.jpg
-0.589800 -2.246654 1.561674 255 68 68 R0 pano_camera5/frame_0252_hp_preview.jpg
-0.583975 -2.096840 2.100739 255 68 68 R0 pano_camera5/frame_0253_hp_preview.jpg
-0.648266 -2.361594 2.425889 255 68 68 R0 pano_camera5/frame_0254_hp_preview.jpg
-0.653072 -2.404050 2.431370 255 68 68 R0 pano_camera5/frame_0255_hp_preview.jpg
-0.767971 -2.821840 2.075157 255 68 68 R0 pano_camera5/frame_0256_hp_preview.jpg
-0.914785 -2.927288 1.900482 255 68 68 R0 pano_camera5/frame_0257_hp_preview.jpg
-1.003374 -2.961341 1.833319 255 68 68 R0 pano_camera5/frame_0258_hp_preview.jpg
-1.089151 -3.025284 1.709526 255 68 68 R0 pano_camera5/frame_0259_hp_preview.jpg
-1.364827 -3.159002 1.435316 255 68 68 R0 pano_camera5/frame_0260_hp_preview.jpg
-1.367936 -3.161125 1.429027 255 68 68 R0 pano_camera5/frame_0261_hp_preview.jpg
-1.658311 -3.324369 1.164756 255 68 68 R0 pano_camera5/frame_0262_hp_preview.jpg
-1.669359 -3.333036 1.158046 255 68 68 R0 pano_camera5/frame_0263_hp_preview.jpg
-1.828477 -3.411321 1.019544 255 68 68 R0 pano_camera5/frame_0264_hp_preview.jpg
-2.030664 -3.539575 0.812103 255 68 68 R0 pano_camera5/frame_0265_hp_preview.jpg
-2.169224 -3.561239 0.584883 255 68 68 R0 pano_camera5/frame_0266_hp_preview.jpg
-2.239577 -3.535100 0.375227 255 68 68 R0 pano_camera5/frame_0267_hp_preview.jpg
-2.195046 -3.338221 0.143049 255 68 68 R0 pano_camera5/frame_0268_hp_preview.jpg
-2.130925 -2.970518 -0.221782 255 68 68 R0 pano_camera5/frame_0269_hp_preview.jpg
-2.113416 -2.784412 -0.376812 255 68 68 R0 pano_camera5/frame_0270_hp_preview.jpg
-2.038147 -2.424314 -0.638275 255 68 68 R0 pano_camera5/frame_0271_hp_preview.jpg
-1.977446 -2.089210 -0.887776 255 68 68 R0 pano_camera5/frame_0272_hp_preview.jpg
-1.952856 -1.907509 -1.034421 255 68 68 R0 pano_camera5/frame_0273_hp_preview.jpg
-1.837213 -1.330530 -1.481636 255 68 68 R0 pano_camera5/frame_0274_hp_preview.jpg
-1.829940 -1.272670 -1.538048 255 68 68 R0 pano_camera5/frame_0275_hp_preview.jpg
-1.744260 -0.808675 -1.910749 255 68 68 R0 pano_camera5/frame_0276_hp_preview.jpg
-1.723421 -0.671655 -2.037960 255 68 68 R0 pano_camera5/frame_0277_hp_preview.jpg
-1.661168 -0.257649 -2.444841 255 68 68 R0 pano_camera5/frame_0278_hp_preview.jpg
-1.613797 -0.024949 -2.614841 255 68 68 R0 pano_camera5/frame_0279_hp_preview.jpg
-1.508570 0.549956 -3.115972 255 68 68 R0 pano_camera5/frame_0280_hp_preview.jpg
-1.485247 0.660185 -3.197966 255 68 68 R0 pano_camera5/frame_0281_hp_preview.jpg
-1.452018 0.808199 -3.351211 255 68 68 R0 pano_camera5/frame_0282_hp_preview.jpg
-1.434561 0.884166 -3.585867 255 68 68 R0 pano_camera5/frame_0283_hp_preview.jpg
-1.457189 0.706447 -3.973022 255 68 68 R0 pano_camera5/frame_0284_hp_preview.jpg
-1.461580 0.669449 -3.999491 255 68 68 R0 pano_camera5/frame_0285_hp_preview.jpg
-1.507079 0.418366 -4.204872 255 68 68 R0 pano_camera5/frame_0286_hp_preview.jpg
-1.558517 0.224124 -4.212671 255 68 68 R0 pano_camera5/frame_0287_hp_preview.jpg
-1.615954 -0.030875 -4.227620 255 68 68 R0 pano_camera5/frame_0288_hp_preview.jpg
-1.649801 -0.182162 -4.303508 255 68 68 R0 pano_camera5/frame_0289_hp_preview.jpg
-1.666693 -0.287075 -4.557450 255 68 68 R0 pano_camera5/frame_0290_hp_preview.jpg
-1.672639 -0.384074 -5.105401 255 68 68 R0 pano_camera5/frame_0291_hp_preview.jpg
-1.683584 -0.448237 -5.317978 255 68 68 R0 pano_camera5/frame_0292_hp_preview.jpg
-1.685700 -0.491249 -5.495208 255 68 68 R0 pano_camera5/frame_0293_hp_preview.jpg
-1.754751 -0.946512 -5.940430 255 68 68 R0 pano_camera5/frame_0294_hp_preview.jpg
-1.765176 -0.995571 -5.952500 255 68 68 R0 pano_camera5/frame_0295_hp_preview.jpg
-1.860271 -1.528905 -5.759770 255 68 68 R0 pano_camera5/frame_0296_hp_preview.jpg
-1.885286 -1.625682 -5.413909 255 68 68 R0 pano_camera5/frame_0297_hp_preview.jpg
-1.880109 -1.654495 -5.103800 255 68 68 R0 pano_camera5/frame_0298_hp_preview.jpg
-1.888986 -1.664930 -4.861687 255 68 68 R0 pano_camera5/frame_0299_hp_preview.jpg
-1.901488 -1.694054 -4.399486 255 68 68 R0 pano_camera5/frame_0300_hp_preview.jpg
-1.888515 -1.699006 -4.079509 255 68 68 R0 pano_camera5/frame_0301_hp_preview.jpg
-1.879947 -1.669563 -3.758386 255 68 68 R0 pano_camera5/frame_0302_hp_preview.jpg
-1.873146 -1.554476 -3.320460 255 68 68 R0 pano_camera5/frame_0303_hp_preview.jpg
-1.860171 -1.506350 -3.096555 255 68 68 R0 pano_camera5/frame_0304_hp_preview.jpg
-1.844830 -1.444126 -2.568165 255 68 68 R0 pano_camera5/frame_0305_hp_preview.jpg
-1.849063 -1.506443 -2.042412 255 68 68 R0 pano_camera5/frame_0306_hp_preview.jpg
-1.862899 -1.604360 -1.709040 255 68 68 R0 pano_camera5/frame_0307_hp_preview.jpg
-1.877373 -1.647994 -1.632227 255 68 68 R0 pano_camera5/frame_0308_hp_preview.jpg
-1.950511 -2.025213 -1.347847 255 68 68 R0 pano_camera5/frame_0309_hp_preview.jpg
-2.048722 -2.483221 -1.354382 255 68 68 R0 pano_camera5/frame_0310_hp_preview.jpg
-2.077756 -2.712156 -1.575417 255 68 68 R0 pano_camera5/frame_0311_hp_preview.jpg
-2.118727 -2.875638 -1.990557 255 68 68 R0 pano_camera5/frame_0312_hp_preview.jpg
-2.131288 -2.942454 -2.302047 255 68 68 R0 pano_camera5/frame_0313_hp_preview.jpg
-2.135922 -2.975363 -2.583865 255 68 68 R0 pano_camera5/frame_0314_hp_preview.jpg
-2.154407 -3.072999 -3.270576 255 68 68 R0 pano_camera5/frame_0315_hp_preview.jpg
-2.160182 -3.084035 -3.320502 255 68 68 R0 pano_camera5/frame_0316_hp_preview.jpg
-2.170610 -3.198595 -3.757194 255 68 68 R0 pano_camera5/frame_0317_hp_preview.jpg
-2.211249 -3.473158 -4.151091 255 68 68 R0 pano_camera5/frame_0318_hp_preview.jpg
-2.235574 -3.597688 -4.161241 255 68 68 R0 pano_camera5/frame_0319_hp_preview.jpg
-2.320013 -3.932411 -4.064956 255 68 68 R0 pano_camera5/frame_0320_hp_preview.jpg
-2.420861 -4.446555 -3.585582 255 68 68 R0 pano_camera5/frame_0321_hp_preview.jpg
-2.425442 -4.474348 -3.553220 255 68 68 R0 pano_camera5/frame_0322_hp_preview.jpg
-2.435528 -4.590160 -3.086972 255 68 68 R0 pano_camera5/frame_0323_hp_preview.jpg
-2.435489 -4.531824 -2.611089 255 68 68 R0 pano_camera5/frame_0324_hp_preview.jpg
-2.429371 -4.539419 -2.562706 255 68 68 R0 pano_camera5/frame_0325_hp_preview.jpg
-2.465897 -4.753829 -2.113294 255 68 68 R0 pano_camera5/frame_0326_hp_preview.jpg
-2.512172 -5.014938 -2.063539 255 68 68 R0 pano_camera5/frame_0327_hp_preview.jpg
-2.545611 -5.145572 -2.103335 255 68 68 R0 pano_camera5/frame_0328_hp_preview.jpg
-2.584582 -5.334861 -2.240943 255 68 68 R0 pano_camera5/frame_0329_hp_preview.jpg
-2.654119 -5.681725 -2.372368 255 68 68 R0 pano_camera5/frame_0330_hp_preview.jpg
-2.674181 -5.796435 -2.282753 255 68 68 R0 pano_camera5/frame_0331_hp_preview.jpg
-2.637518 -5.649286 -1.882587 255 68 68 R0 pano_camera5/frame_0332_hp_preview.jpg
-2.598946 -5.482088 -1.753940 255 68 68 R0 pano_camera5/frame_0333_hp_preview.jpg
-2.547872 -5.220204 -1.471509 255 68 68 R0 pano_camera5/frame_0334_hp_preview.jpg
-2.532503 -5.119326 -1.293347 255 68 68 R0 pano_camera5/frame_0335_hp_preview.jpg
-2.501948 -5.000098 -1.100222 255 68 68 R0 pano_camera5/frame_0336_hp_preview.jpg
-2.453847 -4.778560 -0.640906 255 68 68 R0 pano_camera5/frame_0337_hp_preview.jpg
-2.437486 -4.669286 -0.409975 255 68 68 R0 pano_camera5/frame_0338_hp_preview.jpg
-2.390318 -4.435446 0.203572 255 68 68 R0 pano_camera5/frame_0339_hp_preview.jpg
-2.399347 -4.336165 0.608024 255 68 68 R0 pano_camera5/frame_0340_hp_preview.jpg
-2.387685 -4.305083 0.714729 255 68 68 R0 pano_camera5/frame_0341_hp_preview.jpg
-2.367186 -4.178594 1.019205 255 68 68 R0 pano_camera5/frame_0342_hp_preview.jpg
-2.331030 -3.948029 1.368667 255 68 68 R0 pano_camera5/frame_0343_hp_preview.jpg
-2.348321 -3.989935 1.716299 255 68 68 R0 pano_camera5/frame_0344_hp_preview.jpg
-2.395401 -4.237481 1.633253 255 68 68 R0 pano_camera5/frame_0345_hp_preview.jpg
-2.426156 -4.432118 1.448664 255 68 68 R0 pano_camera5/frame_0346_hp_preview.jpg
-2.442906 -4.532256 1.241274 255 68 68 R0 pano_camera5/frame_0347_hp_preview.jpg
-2.465616 -4.655050 1.011021 255 68 68 R0 pano_camera5/frame_0348_hp_preview.jpg
-2.507564 -4.949161 0.466059 255 68 68 R0 pano_camera5/frame_0349_hp_preview.jpg
-2.529868 -5.145345 0.257656 255 68 68 R0 pano_camera5/frame_0350_hp_preview.jpg
-2.553126 -5.298093 0.109651 255 68 68 R0 pano_camera5/frame_0351_hp_preview.jpg
-2.635931 -5.731561 -0.094025 255 68 68 R0 pano_camera5/frame_0352_hp_preview.jpg
-2.689867 -5.947177 -0.126007 255 68 68 R0 pano_camera5/frame_0353_hp_preview.jpg
-2.760724 -6.300073 -0.299013 255 68 68 R0 pano_camera5/frame_0354_hp_preview.jpg
-2.793010 -6.411307 -0.476610 255 68 68 R0 pano_camera5/frame_0355_hp_preview.jpg
-2.784738 -6.332961 -0.895429 255 68 68 R0 pano_camera5/frame_0356_hp_preview.jpg
-2.755946 -6.264268 -1.186347 255 68 68 R0 pano_camera5/frame_0357_hp_preview.jpg
-2.729244 -6.224809 -1.269202 255 68 68 R0 pano_camera5/frame_0358_hp_preview.jpg
-2.714426 -6.195526 -1.292245 255 68 68 R0 pano_camera5/frame_0359_hp_preview.jpg
-2.737959 -6.239518 -1.298283 255 68 68 R0 pano_camera5/frame_0360_hp_preview.jpg
-2.736935 -6.239829 -1.302483 255 68 68 R0 pano_camera5/frame_0361_hp_preview.jpg
-2.764166 -6.346468 -1.569044 255 68 68 R0 pano_camera5/frame_0362_hp_preview.jpg
-2.793043 -6.476279 -1.627014 255 68 68 R0 pano_camera5/frame_0363_hp_preview.jpg
-2.869794 -6.727288 -1.644247 255 68 68 R0 pano_camera5/frame_0364_hp_preview.jpg
-2.886990 -6.806398 -1.589822 255 68 68 R0 pano_camera5/frame_0365_hp_preview.jpg
-2.888890 -6.852085 -1.191919 255 68 68 R0 pano_camera5/frame_0366_hp_preview.jpg
-2.881690 -6.829856 -1.131861 255 68 68 R0 pano_camera5/frame_0367_hp_preview.jpg
-2.844523 -6.694545 -0.828796 255 68 68 R0 pano_camera5/frame_0368_hp_preview.jpg
-2.789048 -6.400611 -0.207553 255 68 68 R0 pano_camera5/frame_0369_hp_preview.jpg
-2.763855 -6.416370 -0.004106 255 68 68 R0 pano_camera5/frame_0370_hp_preview.jpg
-2.820285 -6.546849 0.136293 255 68 68 R0 pano_camera5/frame_0371_hp_preview.jpg
-2.876648 -6.869380 0.076048 255 68 68 R0 pano_camera5/frame_0372_hp_preview.jpg
-2.932614 -7.115698 -0.177131 255 68 68 R0 pano_camera5/frame_0373_hp_preview.jpg
-3.041255 -7.715382 -0.539504 255 68 68 R0 pano_camera5/frame_0374_hp_preview.jpg
-3.085770 -7.902517 -0.551092 255 68 68 R0 pano_camera5/frame_0375_hp_preview.jpg
-3.138096 -8.119263 -0.477331 255 68 68 R0 pano_camera5/frame_0376_hp_preview.jpg
-3.176322 -8.290823 -0.384699 255 68 68 R0 pano_camera5/frame_0377_hp_preview.jpg
-3.298572 -8.780173 0.002762 255 68 68 R0 pano_camera5/frame_0378_hp_preview.jpg
-3.310774 -8.896391 0.150910 255 68 68 R0 pano_camera5/frame_0379_hp_preview.jpg
-3.330888 -9.011813 0.377664 255 68 68 R0 pano_camera5/frame_0380_hp_preview.jpg
-3.225072 -9.094777 0.398962 255 68 68 R0 pano_camera5/frame_0381_hp_preview.jpg
-3.102878 -9.143410 0.550958 255 68 68 R0 pano_camera5/frame_0382_hp_preview.jpg
-3.296279 -9.059781 0.815700 255 68 68 R0 pano_camera5/frame_0383_hp_preview.jpg
-3.304167 -9.028427 0.813759 255 68 68 R0 pano_camera5/frame_0384_hp_preview.jpg
-3.286132 -8.868446 1.011378 255 68 68 R0 pano_camera5/frame_0385_hp_preview.jpg
-3.238093 -8.555170 1.453448 255 68 68 R0 pano_camera5/frame_0386_hp_preview.jpg
-3.214621 -8.432176 1.672247 255 68 68 R0 pano_camera5/frame_0387_hp_preview.jpg
-3.133915 -7.986776 2.315472 255 68 68 R0 pano_camera5/frame_0388_hp_preview.jpg
-3.067204 -7.671610 2.703613 255 68 68 R0 pano_camera5/frame_0389_hp_preview.jpg
-3.030121 -7.530259 2.846912 255 68 68 R0 pano_camera5/frame_0390_hp_preview.jpg
-2.958620 -7.122132 3.037945 255 68 68 R0 pano_camera5/frame_0391_hp_preview.jpg
-2.939470 -7.039795 2.993467 255 68 68 R0 pano_camera5/frame_0392_hp_preview.jpg
-2.946165 -7.079655 2.804422 255 68 68 R0 pano_camera5/frame_0393_hp_preview.jpg
-2.969187 -7.249915 2.661615 255 68 68 R0 pano_camera5/frame_0394_hp_preview.jpg
-3.017479 -7.541209 2.432310 255 68 68 R0 pano_camera5/frame_0395_hp_preview.jpg
-3.056349 -7.748035 2.106867 255 68 68 R0 pano_camera5/frame_0396_hp_preview.jpg
-3.036922 -7.550475 1.682909 255 68 68 R0 pano_camera5/frame_0397_hp_preview.jpg
-3.008516 -7.416864 1.580618 255 68 68 R0 pano_camera5/frame_0398_hp_preview.jpg
-2.924208 -6.946018 1.561476 255 68 68 R0 pano_camera5/frame_0399_hp_preview.jpg
-2.840473 -6.578528 1.915755 255 68 68 R0 pano_camera5/frame_0400_hp_preview.jpg
-2.787840 -6.308172 2.215374 255 68 68 R0 pano_camera5/frame_0401_hp_preview.jpg
-2.783205 -6.288266 2.233719 255 68 68 R0 pano_camera5/frame_0402_hp_preview.jpg
-2.732130 -6.037506 2.521492 255 68 68 R0 pano_camera5/frame_0403_hp_preview.jpg
-2.634452 -5.525951 2.514790 255 68 68 R0 pano_camera5/frame_0404_hp_preview.jpg
-2.635012 -5.496751 2.484914 255 68 68 R0 pano_camera5/frame_0405_hp_preview.jpg
-2.614221 -5.344038 2.027209 255 68 68 R0 pano_camera5/frame_0406_hp_preview.jpg
-2.648562 -5.606135 1.667180 255 68 68 R0 pano_camera5/frame_0407_hp_preview.jpg
-2.678542 -5.748162 1.483538 255 68 68 R0 pano_camera5/frame_0408_hp_preview.jpg
-2.692341 -5.859299 1.352003 255 68 68 R0 pano_camera5/frame_0409_hp_preview.jpg
-2.726377 -5.965218 1.006713 255 68 68 R0 pano_camera5/frame_0410_hp_preview.jpg
-2.655725 -5.650407 0.469856 255 68 68 R0 pano_camera5/frame_0411_hp_preview.jpg
-2.636198 -5.591339 0.412354 255 68 68 R0 pano_camera5/frame_0412_hp_preview.jpg
-2.614313 -5.461135 0.229817 255 68 68 R0 pano_camera5/frame_0413_hp_preview.jpg
-2.620436 -5.481412 0.224496 255 68 68 R0 pano_camera5/frame_0414_hp_preview.jpg
-2.621039 -5.482778 0.225956 255 68 68 R0 pano_camera5/frame_0415_hp_preview.jpg
-2.615901 -5.480200 0.224538 255 68 68 R0 pano_camera5/frame_0416_hp_preview.jpg
-0.000267 0.944210 2.343401 255 68 68 R0 pano_camera6/frame_0140_hp_preview.jpg
0.015919 1.071051 2.470917 255 68 68 R0 pano_camera6/frame_0141_hp_preview.jpg
0.056713 1.285483 2.711594 255 68 68 R0 pano_camera6/frame_0142_hp_preview.jpg
0.085335 1.439745 2.810171 255 68 68 R0 pano_camera6/frame_0143_hp_preview.jpg
0.101283 1.615400 2.758326 255 68 68 R0 pano_camera6/frame_0144_hp_preview.jpg
0.108287 1.673450 2.581650 255 68 68 R0 pano_camera6/frame_0145_hp_preview.jpg
-0.034173 0.823484 2.770285 255 68 68 R0 pano_camera6/frame_0157_hp_preview.jpg
-0.061898 0.688541 2.856214 255 68 68 R0 pano_camera6/frame_0158_hp_preview.jpg
-0.076262 0.641224 2.953904 255 68 68 R0 pano_camera6/frame_0159_hp_preview.jpg
-0.115349 0.395492 3.562585 255 68 68 R0 pano_camera6/frame_0160_hp_preview.jpg
-0.152034 0.191298 3.824569 255 68 68 R0 pano_camera6/frame_0161_hp_preview.jpg
-0.220540 -0.102445 4.113578 255 68 68 R0 pano_camera6/frame_0162_hp_preview.jpg
-0.264442 -0.305256 4.273301 255 68 68 R0 pano_camera6/frame_0163_hp_preview.jpg
-0.315190 -0.524864 4.415485 255 68 68 R0 pano_camera6/frame_0164_hp_preview.jpg
-0.389359 -0.915273 4.402460 255 68 68 R0 pano_camera6/frame_0165_hp_preview.jpg
-0.416223 -1.074101 4.269399 255 68 68 R0 pano_camera6/frame_0166_hp_preview.jpg
-0.461652 -1.316596 3.909548 255 68 68 R0 pano_camera6/frame_0167_hp_preview.jpg
-0.443756 -1.266753 3.522919 255 68 68 R0 pano_camera6/frame_0168_hp_preview.jpg
-0.436963 -1.176518 3.406748 255 68 68 R0 pano_camera6/frame_0169_hp_preview.jpg
-0.319578 -0.653402 2.874857 255 68 68 R0 pano_camera6/frame_0170_hp_preview.jpg
-0.319243 -0.579648 2.805280 255 68 68 R0 pano_camera6/frame_0171_hp_preview.jpg
-0.238900 -0.249082 2.479847 255 68 68 R0 pano_camera6/frame_0172_hp_preview.jpg
-0.229607 -0.172153 2.099597 255 68 68 R0 pano_camera6/frame_0173_hp_preview.jpg
-0.270635 -0.372262 1.763768 255 68 68 R0 pano_camera6/frame_0174_hp_preview.jpg
-0.275176 -0.380685 1.758255 255 68 68 R0 pano_camera6/frame_0175_hp_preview.jpg
-0.347922 -0.805769 1.663902 255 68 68 R0 pano_camera6/frame_0176_hp_preview.jpg
-0.402832 -1.043902 1.712353 255 68 68 R0 pano_camera6/frame_0177_hp_preview.jpg
-0.487194 -1.498000 1.729992 255 68 68 R0 pano_camera6/frame_0178_hp_preview.jpg
-0.547208 -1.813662 1.481544 255 68 68 R0 pano_camera6/frame_0179_hp_preview.jpg
-0.552134 -1.855538 1.287910 255 68 68 R0 pano_camera6/frame_0180_hp_preview.jpg
-0.510776 -1.728831 1.050280 255 68 68 R0 pano_camera6/frame_0181_hp_preview.jpg
-0.470595 -1.537705 0.888980 255 68 68 R0 pano_camera6/frame_0182_hp_preview.jpg
-0.435980 -1.315536 0.569828 255 68 68 R0 pano_camera6/frame_0183_hp_preview.jpg
-0.451834 -1.466648 0.421229 255 68 68 R0 pano_camera6/frame_0184_hp_preview.jpg
-0.482004 -1.617384 0.470016 255 68 68 R0 pano_camera6/frame_0185_hp_preview.jpg
-0.514594 -1.807710 0.613932 255 68 68 R0 pano_camera6/frame_0186_hp_preview.jpg
-0.553681 -2.002617 0.749435 255 68 68 R0 pano_camera6/frame_0187_hp_preview.jpg
-0.613151 -2.296380 0.853976 255 68 68 R0 pano_camera6/frame_0188_hp_preview.jpg
-0.669988 -2.594240 0.765866 255 68 68 R0 pano_camera6/frame_0189_hp_preview.jpg
-0.681107 -2.623549 0.746732 255 68 68 R0 pano_camera6/frame_0190_hp_preview.jpg
-0.712414 -2.787553 0.532038 255 68 68 R0 pano_camera6/frame_0191_hp_preview.jpg
-0.712853 -2.789299 0.172087 255 68 68 R0 pano_camera6/frame_0192_hp_preview.jpg
-0.678992 -2.661701 -0.078925 255 68 68 R0 pano_camera6/frame_0193_hp_preview.jpg
-0.625638 -2.447456 -0.361738 255 68 68 R0 pano_camera6/frame_0194_hp_preview.jpg
-0.602917 -2.310775 -0.574592 255 68 68 R0 pano_camera6/frame_0195_hp_preview.jpg
-0.594552 -2.340721 -0.778856 255 68 68 R0 pano_camera6/frame_0196_hp_preview.jpg
-0.631082 -2.536621 -1.150984 255 68 68 R0 pano_camera6/frame_0197_hp_preview.jpg
-0.714239 -2.904849 -1.631825 255 68 68 R0 pano_camera6/frame_0198_hp_preview.jpg
-0.739423 -3.012400 -1.772579 255 68 68 R0 pano_camera6/frame_0199_hp_preview.jpg
-0.884220 -3.618909 -2.340663 255 68 68 R0 pano_camera6/frame_0200_hp_preview.jpg
-0.926390 -3.602826 -2.435133 255 68 68 R0 pano_camera6/frame_0201_hp_preview.jpg
-0.866209 -3.650059 -1.198305 255 68 68 R0 pano_camera6/frame_0226_hp_preview.jpg
-0.990390 -4.243800 0.074016 255 68 68 R0 pano_camera6/frame_0240_hp_preview.jpg
-0.980655 -4.230751 0.139838 255 68 68 R0 pano_camera6/frame_0241_hp_preview.jpg
-0.996389 -4.333003 0.417167 255 68 68 R0 pano_camera6/frame_0242_hp_preview.jpg
-0.972562 -4.217485 0.579525 255 68 68 R0 pano_camera6/frame_0243_hp_preview.jpg
-0.929752 -4.008395 0.564469 255 68 68 R0 pano_camera6/frame_0244_hp_preview.jpg
-0.906902 -3.907473 0.582296 255 68 68 R0 pano_camera6/frame_0245_hp_preview.jpg
-0.831175 -3.645199 0.645184 255 68 68 R0 pano_camera6/frame_0246_hp_preview.jpg
-0.813613 -3.518941 0.570818 255 68 68 R0 pano_camera6/frame_0247_hp_preview.jpg
-0.754778 -3.208775 0.643414 255 68 68 R0 pano_camera6/frame_0248_hp_preview.jpg
-0.746203 -3.174156 0.663346 255 68 68 R0 pano_camera6/frame_0249_hp_preview.jpg
-0.635895 -2.557153 1.130363 255 68 68 R0 pano_camera6/frame_0250_hp_preview.jpg
-0.632588 -2.547191 1.139894 255 68 68 R0 pano_camera6/frame_0251_hp_preview.jpg
-0.589800 -2.246654 1.561674 255 68 68 R0 pano_camera6/frame_0252_hp_preview.jpg
-0.583975 -2.096840 2.100739 255 68 68 R0 pano_camera6/frame_0253_hp_preview.jpg
-0.648266 -2.361594 2.425889 255 68 68 R0 pano_camera6/frame_0254_hp_preview.jpg
-0.653072 -2.404050 2.431370 255 68 68 R0 pano_camera6/frame_0255_hp_preview.jpg
-0.767971 -2.821840 2.075157 255 68 68 R0 pano_camera6/frame_0256_hp_preview.jpg
-0.914785 -2.927288 1.900482 255 68 68 R0 pano_camera6/frame_0257_hp_preview.jpg
-1.003374 -2.961341 1.833319 255 68 68 R0 pano_camera6/frame_0258_hp_preview.jpg
-1.089151 -3.025284 1.709526 255 68 68 R0 pano_camera6/frame_0259_hp_preview.jpg
-1.364827 -3.159002 1.435316 255 68 68 R0 pano_camera6/frame_0260_hp_preview.jpg
-1.367936 -3.161125 1.429027 255 68 68 R0 pano_camera6/frame_0261_hp_preview.jpg
-1.658311 -3.324369 1.164756 255 68 68 R0 pano_camera6/frame_0262_hp_preview.jpg
-1.669359 -3.333036 1.158046 255 68 68 R0 pano_camera6/frame_0263_hp_preview.jpg
-1.828477 -3.411321 1.019544 255 68 68 R0 pano_camera6/frame_0264_hp_preview.jpg
-2.030664 -3.539575 0.812103 255 68 68 R0 pano_camera6/frame_0265_hp_preview.jpg
-2.169224 -3.561239 0.584883 255 68 68 R0 pano_camera6/frame_0266_hp_preview.jpg
-2.239577 -3.535100 0.375227 255 68 68 R0 pano_camera6/frame_0267_hp_preview.jpg
-2.195046 -3.338221 0.143049 255 68 68 R0 pano_camera6/frame_0268_hp_preview.jpg
-2.130925 -2.970518 -0.221782 255 68 68 R0 pano_camera6/frame_0269_hp_preview.jpg
-2.113416 -2.784412 -0.376812 255 68 68 R0 pano_camera6/frame_0270_hp_preview.jpg
-2.038147 -2.424314 -0.638275 255 68 68 R0 pano_camera6/frame_0271_hp_preview.jpg
-1.977446 -2.089210 -0.887776 255 68 68 R0 pano_camera6/frame_0272_hp_preview.jpg
-1.952856 -1.907509 -1.034421 255 68 68 R0 pano_camera6/frame_0273_hp_preview.jpg
-1.837213 -1.330530 -1.481636 255 68 68 R0 pano_camera6/frame_0274_hp_preview.jpg
-1.829940 -1.272670 -1.538048 255 68 68 R0 pano_camera6/frame_0275_hp_preview.jpg
-1.744260 -0.808675 -1.910749 255 68 68 R0 pano_camera6/frame_0276_hp_preview.jpg
-1.723421 -0.671655 -2.037960 255 68 68 R0 pano_camera6/frame_0277_hp_preview.jpg
-1.661168 -0.257649 -2.444841 255 68 68 R0 pano_camera6/frame_0278_hp_preview.jpg
-1.613797 -0.024949 -2.614841 255 68 68 R0 pano_camera6/frame_0279_hp_preview.jpg
-1.508570 0.549956 -3.115972 255 68 68 R0 pano_camera6/frame_0280_hp_preview.jpg
-1.485247 0.660185 -3.197966 255 68 68 R0 pano_camera6/frame_0281_hp_preview.jpg
-1.452018 0.808199 -3.351211 255 68 68 R0 pano_camera6/frame_0282_hp_preview.jpg
-1.434561 0.884166 -3.585867 255 68 68 R0 pano_camera6/frame_0283_hp_preview.jpg
-1.457189 0.706447 -3.973022 255 68 68 R0 pano_camera6/frame_0284_hp_preview.jpg
-1.461580 0.669449 -3.999491 255 68 68 R0 pano_camera6/frame_0285_hp_preview.jpg
-1.507079 0.418366 -4.204872 255 68 68 R0 pano_camera6/frame_0286_hp_preview.jpg
-1.558517 0.224124 -4.212671 255 68 68 R0 pano_camera6/frame_0287_hp_preview.jpg
-1.615954 -0.030875 -4.227620 255 68 68 R0 pano_camera6/frame_0288_hp_preview.jpg
-1.649801 -0.182162 -4.303508 255 68 68 R0 pano_camera6/frame_0289_hp_preview.jpg
-1.666693 -0.287075 -4.557450 255 68 68 R0 pano_camera6/frame_0290_hp_preview.jpg
-1.672639 -0.384074 -5.105401 255 68 68 R0 pano_camera6/frame_0291_hp_preview.jpg
-1.683584 -0.448237 -5.317978 255 68 68 R0 pano_camera6/frame_0292_hp_preview.jpg
-1.685700 -0.491249 -5.495208 255 68 68 R0 pano_camera6/frame_0293_hp_preview.jpg
-1.754751 -0.946512 -5.940430 255 68 68 R0 pano_camera6/frame_0294_hp_preview.jpg
-1.765176 -0.995571 -5.952500 255 68 68 R0 pano_camera6/frame_0295_hp_preview.jpg
-1.860271 -1.528905 -5.759770 255 68 68 R0 pano_camera6/frame_0296_hp_preview.jpg
-1.885286 -1.625682 -5.413909 255 68 68 R0 pano_camera6/frame_0297_hp_preview.jpg
-1.880109 -1.654495 -5.103800 255 68 68 R0 pano_camera6/frame_0298_hp_preview.jpg
-1.888986 -1.664930 -4.861687 255 68 68 R0 pano_camera6/frame_0299_hp_preview.jpg
-1.901488 -1.694054 -4.399486 255 68 68 R0 pano_camera6/frame_0300_hp_preview.jpg
-1.888515 -1.699006 -4.079509 255 68 68 R0 pano_camera6/frame_0301_hp_preview.jpg
-1.879947 -1.669563 -3.758386 255 68 68 R0 pano_camera6/frame_0302_hp_preview.jpg
-1.873146 -1.554476 -3.320460 255 68 68 R0 pano_camera6/frame_0303_hp_preview.jpg
-1.860171 -1.506350 -3.096555 255 68 68 R0 pano_camera6/frame_0304_hp_preview.jpg
-1.844830 -1.444126 -2.568165 255 68 68 R0 pano_camera6/frame_0305_hp_preview.jpg
-1.849063 -1.506443 -2.042412 255 68 68 R0 pano_camera6/frame_0306_hp_preview.jpg
-1.862899 -1.604360 -1.709040 255 68 68 R0 pano_camera6/frame_0307_hp_preview.jpg
-1.877373 -1.647994 -1.632227 255 68 68 R0 pano_camera6/frame_0308_hp_preview.jpg
-1.950511 -2.025213 -1.347847 255 68 68 R0 pano_camera6/frame_0309_hp_preview.jpg
-2.048722 -2.483221 -1.354382 255 68 68 R0 pano_camera6/frame_0310_hp_preview.jpg
-2.077756 -2.712156 -1.575417 255 68 68 R0 pano_camera6/frame_0311_hp_preview.jpg
-2.118727 -2.875638 -1.990557 255 68 68 R0 pano_camera6/frame_0312_hp_preview.jpg
-2.131288 -2.942454 -2.302047 255 68 68 R0 pano_camera6/frame_0313_hp_preview.jpg
-2.135922 -2.975363 -2.583865 255 68 68 R0 pano_camera6/frame_0314_hp_preview.jpg
-2.154407 -3.072999 -3.270576 255 68 68 R0 pano_camera6/frame_0315_hp_preview.jpg
-2.160182 -3.084035 -3.320502 255 68 68 R0 pano_camera6/frame_0316_hp_preview.jpg
-2.170610 -3.198595 -3.757194 255 68 68 R0 pano_camera6/frame_0317_hp_preview.jpg
-2.211249 -3.473158 -4.151091 255 68 68 R0 pano_camera6/frame_0318_hp_preview.jpg
-2.235574 -3.597688 -4.161241 255 68 68 R0 pano_camera6/frame_0319_hp_preview.jpg
-2.320013 -3.932411 -4.064956 255 68 68 R0 pano_camera6/frame_0320_hp_preview.jpg
-2.420861 -4.446555 -3.585582 255 68 68 R0 pano_camera6/frame_0321_hp_preview.jpg
-2.425442 -4.474348 -3.553220 255 68 68 R0 pano_camera6/frame_0322_hp_preview.jpg
-2.435528 -4.590160 -3.086972 255 68 68 R0 pano_camera6/frame_0323_hp_preview.jpg
-2.435489 -4.531824 -2.611089 255 68 68 R0 pano_camera6/frame_0324_hp_preview.jpg
-2.429371 -4.539419 -2.562706 255 68 68 R0 pano_camera6/frame_0325_hp_preview.jpg
-2.465897 -4.753829 -2.113294 255 68 68 R0 pano_camera6/frame_0326_hp_preview.jpg
-2.512172 -5.014938 -2.063539 255 68 68 R0 pano_camera6/frame_0327_hp_preview.jpg
-2.545611 -5.145572 -2.103335 255 68 68 R0 pano_camera6/frame_0328_hp_preview.jpg
-2.584582 -5.334861 -2.240943 255 68 68 R0 pano_camera6/frame_0329_hp_preview.jpg
-2.654119 -5.681725 -2.372368 255 68 68 R0 pano_camera6/frame_0330_hp_preview.jpg
-2.674181 -5.796435 -2.282753 255 68 68 R0 pano_camera6/frame_0331_hp_preview.jpg
-2.637518 -5.649286 -1.882587 255 68 68 R0 pano_camera6/frame_0332_hp_preview.jpg
-2.598946 -5.482088 -1.753940 255 68 68 R0 pano_camera6/frame_0333_hp_preview.jpg
-2.547872 -5.220204 -1.471509 255 68 68 R0 pano_camera6/frame_0334_hp_preview.jpg
-2.532503 -5.119326 -1.293347 255 68 68 R0 pano_camera6/frame_0335_hp_preview.jpg
-2.501948 -5.000098 -1.100222 255 68 68 R0 pano_camera6/frame_0336_hp_preview.jpg
-2.453847 -4.778560 -0.640906 255 68 68 R0 pano_camera6/frame_0337_hp_preview.jpg
-2.437486 -4.669286 -0.409975 255 68 68 R0 pano_camera6/frame_0338_hp_preview.jpg
-2.390318 -4.435446 0.203572 255 68 68 R0 pano_camera6/frame_0339_hp_preview.jpg
-2.399347 -4.336165 0.608024 255 68 68 R0 pano_camera6/frame_0340_hp_preview.jpg
-2.387685 -4.305083 0.714729 255 68 68 R0 pano_camera6/frame_0341_hp_preview.jpg
-2.367186 -4.178594 1.019205 255 68 68 R0 pano_camera6/frame_0342_hp_preview.jpg
-2.331030 -3.948029 1.368667 255 68 68 R0 pano_camera6/frame_0343_hp_preview.jpg
-2.348321 -3.989935 1.716299 255 68 68 R0 pano_camera6/frame_0344_hp_preview.jpg
-2.395401 -4.237481 1.633253 255 68 68 R0 pano_camera6/frame_0345_hp_preview.jpg
-2.426156 -4.432118 1.448664 255 68 68 R0 pano_camera6/frame_0346_hp_preview.jpg
-2.442906 -4.532256 1.241274 255 68 68 R0 pano_camera6/frame_0347_hp_preview.jpg
-2.465616 -4.655050 1.011021 255 68 68 R0 pano_camera6/frame_0348_hp_preview.jpg
-2.507564 -4.949161 0.466059 255 68 68 R0 pano_camera6/frame_0349_hp_preview.jpg
-2.529868 -5.145345 0.257656 255 68 68 R0 pano_camera6/frame_0350_hp_preview.jpg
-2.553126 -5.298093 0.109651 255 68 68 R0 pano_camera6/frame_0351_hp_preview.jpg
-2.635931 -5.731561 -0.094025 255 68 68 R0 pano_camera6/frame_0352_hp_preview.jpg
-2.689867 -5.947177 -0.126007 255 68 68 R0 pano_camera6/frame_0353_hp_preview.jpg
-2.760724 -6.300073 -0.299013 255 68 68 R0 pano_camera6/frame_0354_hp_preview.jpg
-2.793010 -6.411307 -0.476610 255 68 68 R0 pano_camera6/frame_0355_hp_preview.jpg
-2.784738 -6.332961 -0.895429 255 68 68 R0 pano_camera6/frame_0356_hp_preview.jpg
-2.755946 -6.264268 -1.186347 255 68 68 R0 pano_camera6/frame_0357_hp_preview.jpg
-2.729244 -6.224809 -1.269202 255 68 68 R0 pano_camera6/frame_0358_hp_preview.jpg
-2.714426 -6.195526 -1.292245 255 68 68 R0 pano_camera6/frame_0359_hp_preview.jpg
-2.737959 -6.239518 -1.298283 255 68 68 R0 pano_camera6/frame_0360_hp_preview.jpg
-2.736935 -6.239829 -1.302483 255 68 68 R0 pano_camera6/frame_0361_hp_preview.jpg
-2.764166 -6.346468 -1.569044 255 68 68 R0 pano_camera6/frame_0362_hp_preview.jpg
-2.793043 -6.476279 -1.627014 255 68 68 R0 pano_camera6/frame_0363_hp_preview.jpg
-2.869794 -6.727288 -1.644247 255 68 68 R0 pano_camera6/frame_0364_hp_preview.jpg
-2.886990 -6.806398 -1.589822 255 68 68 R0 pano_camera6/frame_0365_hp_preview.jpg
-2.888890 -6.852085 -1.191919 255 68 68 R0 pano_camera6/frame_0366_hp_preview.jpg
-2.881690 -6.829856 -1.131861 255 68 68 R0 pano_camera6/frame_0367_hp_preview.jpg
-2.844523 -6.694545 -0.828796 255 68 68 R0 pano_camera6/frame_0368_hp_preview.jpg
-2.789048 -6.400611 -0.207553 255 68 68 R0 pano_camera6/frame_0369_hp_preview.jpg
-2.763855 -6.416370 -0.004106 255 68 68 R0 pano_camera6/frame_0370_hp_preview.jpg
-2.820285 -6.546849 0.136293 255 68 68 R0 pano_camera6/frame_0371_hp_preview.jpg
-2.876648 -6.869380 0.076048 255 68 68 R0 pano_camera6/frame_0372_hp_preview.jpg
-2.932614 -7.115698 -0.177131 255 68 68 R0 pano_camera6/frame_0373_hp_preview.jpg
-3.041255 -7.715382 -0.539504 255 68 68 R0 pano_camera6/frame_0374_hp_preview.jpg
-3.085770 -7.902517 -0.551092 255 68 68 R0 pano_camera6/frame_0375_hp_preview.jpg
-3.138096 -8.119263 -0.477331 255 68 68 R0 pano_camera6/frame_0376_hp_preview.jpg
-3.176322 -8.290823 -0.384699 255 68 68 R0 pano_camera6/frame_0377_hp_preview.jpg
-3.298572 -8.780173 0.002762 255 68 68 R0 pano_camera6/frame_0378_hp_preview.jpg
-3.310774 -8.896391 0.150910 255 68 68 R0 pano_camera6/frame_0379_hp_preview.jpg
-3.330888 -9.011813 0.377664 255 68 68 R0 pano_camera6/frame_0380_hp_preview.jpg
-3.225072 -9.094777 0.398962 255 68 68 R0 pano_camera6/frame_0381_hp_preview.jpg
-3.102878 -9.143410 0.550958 255 68 68 R0 pano_camera6/frame_0382_hp_preview.jpg
-3.296279 -9.059781 0.815700 255 68 68 R0 pano_camera6/frame_0383_hp_preview.jpg
-3.304167 -9.028427 0.813759 255 68 68 R0 pano_camera6/frame_0384_hp_preview.jpg
-3.286132 -8.868446 1.011378 255 68 68 R0 pano_camera6/frame_0385_hp_preview.jpg
-3.238093 -8.555170 1.453448 255 68 68 R0 pano_camera6/frame_0386_hp_preview.jpg
-3.214621 -8.432176 1.672247 255 68 68 R0 pano_camera6/frame_0387_hp_preview.jpg
-3.133915 -7.986776 2.315472 255 68 68 R0 pano_camera6/frame_0388_hp_preview.jpg
-3.067204 -7.671610 2.703613 255 68 68 R0 pano_camera6/frame_0389_hp_preview.jpg
-3.030121 -7.530259 2.846912 255 68 68 R0 pano_camera6/frame_0390_hp_preview.jpg
-2.958620 -7.122132 3.037945 255 68 68 R0 pano_camera6/frame_0391_hp_preview.jpg
-2.939470 -7.039795 2.993467 255 68 68 R0 pano_camera6/frame_0392_hp_preview.jpg
-2.946165 -7.079655 2.804422 255 68 68 R0 pano_camera6/frame_0393_hp_preview.jpg
-2.969187 -7.249915 2.661615 255 68 68 R0 pano_camera6/frame_0394_hp_preview.jpg
-3.017479 -7.541209 2.432310 255 68 68 R0 pano_camera6/frame_0395_hp_preview.jpg
-3.056349 -7.748035 2.106867 255 68 68 R0 pano_camera6/frame_0396_hp_preview.jpg
-3.036922 -7.550475 1.682909 255 68 68 R0 pano_camera6/frame_0397_hp_preview.jpg
-3.008516 -7.416864 1.580618 255 68 68 R0 pano_camera6/frame_0398_hp_preview.jpg
-2.924208 -6.946018 1.561476 255 68 68 R0 pano_camera6/frame_0399_hp_preview.jpg
-2.840473 -6.578528 1.915755 255 68 68 R0 pano_camera6/frame_0400_hp_preview.jpg
-2.787840 -6.308172 2.215374 255 68 68 R0 pano_camera6/frame_0401_hp_preview.jpg
-2.783205 -6.288266 2.233719 255 68 68 R0 pano_camera6/frame_0402_hp_preview.jpg
-2.732130 -6.037506 2.521492 255 68 68 R0 pano_camera6/frame_0403_hp_preview.jpg
-2.634452 -5.525951 2.514790 255 68 68 R0 pano_camera6/frame_0404_hp_preview.jpg
-2.635012 -5.496751 2.484914 255 68 68 R0 pano_camera6/frame_0405_hp_preview.jpg
-2.614221 -5.344038 2.027209 255 68 68 R0 pano_camera6/frame_0406_hp_preview.jpg
-2.648562 -5.606135 1.667180 255 68 68 R0 pano_camera6/frame_0407_hp_preview.jpg
-2.678542 -5.748162 1.483538 255 68 68 R0 pano_camera6/frame_0408_hp_preview.jpg
-2.692341 -5.859299 1.352003 255 68 68 R0 pano_camera6/frame_0409_hp_preview.jpg
-2.726377 -5.965218 1.006713 255 68 68 R0 pano_camera6/frame_0410_hp_preview.jpg
-2.655725 -5.650407 0.469856 255 68 68 R0 pano_camera6/frame_0411_hp_preview.jpg
-2.636198 -5.591339 0.412354 255 68 68 R0 pano_camera6/frame_0412_hp_preview.jpg
-2.614313 -5.461135 0.229817 255 68 68 R0 pano_camera6/frame_0413_hp_preview.jpg
-2.620436 -5.481412 0.224496 255 68 68 R0 pano_camera6/frame_0414_hp_preview.jpg
-2.621039 -5.482778 0.225956 255 68 68 R0 pano_camera6/frame_0415_hp_preview.jpg
-2.615901 -5.480200 0.224538 255 68 68 R0 pano_camera6/frame_0416_hp_preview.jpg
-0.000267 0.944210 2.343401 255 68 68 R0 pano_camera7/frame_0140_hp_preview.jpg
0.015919 1.071051 2.470917 255 68 68 R0 pano_camera7/frame_0141_hp_preview.jpg
0.056713 1.285483 2.711594 255 68 68 R0 pano_camera7/frame_0142_hp_preview.jpg
0.085335 1.439745 2.810171 255 68 68 R0 pano_camera7/frame_0143_hp_preview.jpg
0.101283 1.615400 2.758326 255 68 68 R0 pano_camera7/frame_0144_hp_preview.jpg
0.108287 1.673450 2.581650 255 68 68 R0 pano_camera7/frame_0145_hp_preview.jpg
-0.034173 0.823484 2.770285 255 68 68 R0 pano_camera7/frame_0157_hp_preview.jpg
-0.061898 0.688541 2.856214 255 68 68 R0 pano_camera7/frame_0158_hp_preview.jpg
-0.076262 0.641224 2.953904 255 68 68 R0 pano_camera7/frame_0159_hp_preview.jpg
-0.115349 0.395492 3.562585 255 68 68 R0 pano_camera7/frame_0160_hp_preview.jpg
-0.152034 0.191298 3.824569 255 68 68 R0 pano_camera7/frame_0161_hp_preview.jpg
-0.220540 -0.102445 4.113578 255 68 68 R0 pano_camera7/frame_0162_hp_preview.jpg
-0.264442 -0.305256 4.273301 255 68 68 R0 pano_camera7/frame_0163_hp_preview.jpg
-0.315190 -0.524864 4.415485 255 68 68 R0 pano_camera7/frame_0164_hp_preview.jpg
-0.389359 -0.915273 4.402460 255 68 68 R0 pano_camera7/frame_0165_hp_preview.jpg
-0.416223 -1.074101 4.269399 255 68 68 R0 pano_camera7/frame_0166_hp_preview.jpg
-0.461652 -1.316596 3.909548 255 68 68 R0 pano_camera7/frame_0167_hp_preview.jpg
-0.443756 -1.266753 3.522919 255 68 68 R0 pano_camera7/frame_0168_hp_preview.jpg
-0.436963 -1.176518 3.406748 255 68 68 R0 pano_camera7/frame_0169_hp_preview.jpg
-0.319578 -0.653402 2.874857 255 68 68 R0 pano_camera7/frame_0170_hp_preview.jpg
-0.319243 -0.579648 2.805280 255 68 68 R0 pano_camera7/frame_0171_hp_preview.jpg
-0.238900 -0.249082 2.479847 255 68 68 R0 pano_camera7/frame_0172_hp_preview.jpg
-0.229607 -0.172153 2.099597 255 68 68 R0 pano_camera7/frame_0173_hp_preview.jpg
-0.270635 -0.372262 1.763768 255 68 68 R0 pano_camera7/frame_0174_hp_preview.jpg
-0.275176 -0.380685 1.758255 255 68 68 R0 pano_camera7/frame_0175_hp_preview.jpg
-0.347922 -0.805769 1.663902 255 68 68 R0 pano_camera7/frame_0176_hp_preview.jpg
-0.402832 -1.043902 1.712353 255 68 68 R0 pano_camera7/frame_0177_hp_preview.jpg
-0.487194 -1.498000 1.729992 255 68 68 R0 pano_camera7/frame_0178_hp_preview.jpg
-0.547208 -1.813662 1.481544 255 68 68 R0 pano_camera7/frame_0179_hp_preview.jpg
-0.552134 -1.855538 1.287910 255 68 68 R0 pano_camera7/frame_0180_hp_preview.jpg
-0.510776 -1.728831 1.050280 255 68 68 R0 pano_camera7/frame_0181_hp_preview.jpg
-0.470595 -1.537705 0.888980 255 68 68 R0 pano_camera7/frame_0182_hp_preview.jpg
-0.435980 -1.315536 0.569828 255 68 68 R0 pano_camera7/frame_0183_hp_preview.jpg
-0.451834 -1.466648 0.421229 255 68 68 R0 pano_camera7/frame_0184_hp_preview.jpg
-0.482004 -1.617384 0.470016 255 68 68 R0 pano_camera7/frame_0185_hp_preview.jpg
-0.514594 -1.807710 0.613932 255 68 68 R0 pano_camera7/frame_0186_hp_preview.jpg
-0.553681 -2.002617 0.749435 255 68 68 R0 pano_camera7/frame_0187_hp_preview.jpg
-0.613151 -2.296380 0.853976 255 68 68 R0 pano_camera7/frame_0188_hp_preview.jpg
-0.669988 -2.594240 0.765866 255 68 68 R0 pano_camera7/frame_0189_hp_preview.jpg
-0.681107 -2.623549 0.746732 255 68 68 R0 pano_camera7/frame_0190_hp_preview.jpg
-0.712414 -2.787553 0.532038 255 68 68 R0 pano_camera7/frame_0191_hp_preview.jpg
-0.712853 -2.789299 0.172087 255 68 68 R0 pano_camera7/frame_0192_hp_preview.jpg
-0.678992 -2.661701 -0.078925 255 68 68 R0 pano_camera7/frame_0193_hp_preview.jpg
-0.625638 -2.447456 -0.361738 255 68 68 R0 pano_camera7/frame_0194_hp_preview.jpg
-0.602917 -2.310775 -0.574592 255 68 68 R0 pano_camera7/frame_0195_hp_preview.jpg
-0.594552 -2.340721 -0.778856 255 68 68 R0 pano_camera7/frame_0196_hp_preview.jpg
-0.631082 -2.536621 -1.150984 255 68 68 R0 pano_camera7/frame_0197_hp_preview.jpg
-0.714239 -2.904849 -1.631825 255 68 68 R0 pano_camera7/frame_0198_hp_preview.jpg
-0.739423 -3.012400 -1.772579 255 68 68 R0 pano_camera7/frame_0199_hp_preview.jpg
-0.884220 -3.618909 -2.340663 255 68 68 R0 pano_camera7/frame_0200_hp_preview.jpg
-0.926390 -3.602826 -2.435133 255 68 68 R0 pano_camera7/frame_0201_hp_preview.jpg
-0.866209 -3.650059 -1.198305 255 68 68 R0 pano_camera7/frame_0226_hp_preview.jpg
-0.990390 -4.243800 0.074016 255 68 68 R0 pano_camera7/frame_0240_hp_preview.jpg
-0.980655 -4.230751 0.139838 255 68 68 R0 pano_camera7/frame_0241_hp_preview.jpg
-0.996389 -4.333003 0.417167 255 68 68 R0 pano_camera7/frame_0242_hp_preview.jpg
-0.972562 -4.217485 0.579525 255 68 68 R0 pano_camera7/frame_0243_hp_preview.jpg
-0.929752 -4.008395 0.564469 255 68 68 R0 pano_camera7/frame_0244_hp_preview.jpg
-0.906902 -3.907473 0.582296 255 68 68 R0 pano_camera7/frame_0245_hp_preview.jpg
-0.831175 -3.645199 0.645184 255 68 68 R0 pano_camera7/frame_0246_hp_preview.jpg
-0.813613 -3.518941 0.570818 255 68 68 R0 pano_camera7/frame_0247_hp_preview.jpg
-0.754778 -3.208775 0.643414 255 68 68 R0 pano_camera7/frame_0248_hp_preview.jpg
-0.746203 -3.174156 0.663346 255 68 68 R0 pano_camera7/frame_0249_hp_preview.jpg
-0.635895 -2.557153 1.130363 255 68 68 R0 pano_camera7/frame_0250_hp_preview.jpg
-0.632588 -2.547191 1.139894 255 68 68 R0 pano_camera7/frame_0251_hp_preview.jpg
-0.589800 -2.246654 1.561674 255 68 68 R0 pano_camera7/frame_0252_hp_preview.jpg
-0.583975 -2.096840 2.100739 255 68 68 R0 pano_camera7/frame_0253_hp_preview.jpg
-0.648266 -2.361594 2.425889 255 68 68 R0 pano_camera7/frame_0254_hp_preview.jpg
-0.653072 -2.404050 2.431370 255 68 68 R0 pano_camera7/frame_0255_hp_preview.jpg
-0.767971 -2.821840 2.075157 255 68 68 R0 pano_camera7/frame_0256_hp_preview.jpg
-0.914785 -2.927288 1.900482 255 68 68 R0 pano_camera7/frame_0257_hp_preview.jpg
-1.003374 -2.961341 1.833319 255 68 68 R0 pano_camera7/frame_0258_hp_preview.jpg
-1.089151 -3.025284 1.709526 255 68 68 R0 pano_camera7/frame_0259_hp_preview.jpg
-1.364827 -3.159002 1.435316 255 68 68 R0 pano_camera7/frame_0260_hp_preview.jpg
-1.367936 -3.161125 1.429027 255 68 68 R0 pano_camera7/frame_0261_hp_preview.jpg
-1.658311 -3.324369 1.164756 255 68 68 R0 pano_camera7/frame_0262_hp_preview.jpg
-1.669359 -3.333036 1.158046 255 68 68 R0 pano_camera7/frame_0263_hp_preview.jpg
-1.828477 -3.411321 1.019544 255 68 68 R0 pano_camera7/frame_0264_hp_preview.jpg
-2.030664 -3.539575 0.812103 255 68 68 R0 pano_camera7/frame_0265_hp_preview.jpg
-2.169224 -3.561239 0.584883 255 68 68 R0 pano_camera7/frame_0266_hp_preview.jpg
-2.239577 -3.535100 0.375227 255 68 68 R0 pano_camera7/frame_0267_hp_preview.jpg
-2.195046 -3.338221 0.143049 255 68 68 R0 pano_camera7/frame_0268_hp_preview.jpg
-2.130925 -2.970518 -0.221782 255 68 68 R0 pano_camera7/frame_0269_hp_preview.jpg
-2.113416 -2.784412 -0.376812 255 68 68 R0 pano_camera7/frame_0270_hp_preview.jpg
-2.038147 -2.424314 -0.638275 255 68 68 R0 pano_camera7/frame_0271_hp_preview.jpg
-1.977446 -2.089210 -0.887776 255 68 68 R0 pano_camera7/frame_0272_hp_preview.jpg
-1.952856 -1.907509 -1.034421 255 68 68 R0 pano_camera7/frame_0273_hp_preview.jpg
-1.837213 -1.330530 -1.481636 255 68 68 R0 pano_camera7/frame_0274_hp_preview.jpg
-1.829940 -1.272670 -1.538048 255 68 68 R0 pano_camera7/frame_0275_hp_preview.jpg
-1.744260 -0.808675 -1.910749 255 68 68 R0 pano_camera7/frame_0276_hp_preview.jpg
-1.723421 -0.671655 -2.037960 255 68 68 R0 pano_camera7/frame_0277_hp_preview.jpg
-1.661168 -0.257649 -2.444841 255 68 68 R0 pano_camera7/frame_0278_hp_preview.jpg
-1.613797 -0.024949 -2.614841 255 68 68 R0 pano_camera7/frame_0279_hp_preview.jpg
-1.508570 0.549956 -3.115972 255 68 68 R0 pano_camera7/frame_0280_hp_preview.jpg
-1.485247 0.660185 -3.197966 255 68 68 R0 pano_camera7/frame_0281_hp_preview.jpg
-1.452018 0.808199 -3.351211 255 68 68 R0 pano_camera7/frame_0282_hp_preview.jpg
-1.434561 0.884166 -3.585867 255 68 68 R0 pano_camera7/frame_0283_hp_preview.jpg
-1.457189 0.706447 -3.973022 255 68 68 R0 pano_camera7/frame_0284_hp_preview.jpg
-1.461580 0.669449 -3.999491 255 68 68 R0 pano_camera7/frame_0285_hp_preview.jpg
-1.507079 0.418366 -4.204872 255 68 68 R0 pano_camera7/frame_0286_hp_preview.jpg
-1.558517 0.224124 -4.212671 255 68 68 R0 pano_camera7/frame_0287_hp_preview.jpg
-1.615954 -0.030875 -4.227620 255 68 68 R0 pano_camera7/frame_0288_hp_preview.jpg
-1.649801 -0.182162 -4.303508 255 68 68 R0 pano_camera7/frame_0289_hp_preview.jpg
-1.666693 -0.287075 -4.557450 255 68 68 R0 pano_camera7/frame_0290_hp_preview.jpg
-1.672639 -0.384074 -5.105401 255 68 68 R0 pano_camera7/frame_0291_hp_preview.jpg
-1.683584 -0.448237 -5.317978 255 68 68 R0 pano_camera7/frame_0292_hp_preview.jpg
-1.685700 -0.491249 -5.495208 255 68 68 R0 pano_camera7/frame_0293_hp_preview.jpg
-1.754751 -0.946512 -5.940430 255 68 68 R0 pano_camera7/frame_0294_hp_preview.jpg
-1.765176 -0.995571 -5.952500 255 68 68 R0 pano_camera7/frame_0295_hp_preview.jpg
-1.860271 -1.528905 -5.759770 255 68 68 R0 pano_camera7/frame_0296_hp_preview.jpg
-1.885286 -1.625682 -5.413909 255 68 68 R0 pano_camera7/frame_0297_hp_preview.jpg
-1.880109 -1.654495 -5.103800 255 68 68 R0 pano_camera7/frame_0298_hp_preview.jpg
-1.888986 -1.664930 -4.861687 255 68 68 R0 pano_camera7/frame_0299_hp_preview.jpg
-1.901488 -1.694054 -4.399486 255 68 68 R0 pano_camera7/frame_0300_hp_preview.jpg
-1.888515 -1.699006 -4.079509 255 68 68 R0 pano_camera7/frame_0301_hp_preview.jpg
-1.879947 -1.669563 -3.758386 255 68 68 R0 pano_camera7/frame_0302_hp_preview.jpg
-1.873146 -1.554476 -3.320460 255 68 68 R0 pano_camera7/frame_0303_hp_preview.jpg
-1.860171 -1.506350 -3.096555 255 68 68 R0 pano_camera7/frame_0304_hp_preview.jpg
-1.844830 -1.444126 -2.568165 255 68 68 R0 pano_camera7/frame_0305_hp_preview.jpg
-1.849063 -1.506443 -2.042412 255 68 68 R0 pano_camera7/frame_0306_hp_preview.jpg
-1.862899 -1.604360 -1.709040 255 68 68 R0 pano_camera7/frame_0307_hp_preview.jpg
-1.877373 -1.647994 -1.632227 255 68 68 R0 pano_camera7/frame_0308_hp_preview.jpg
-1.950511 -2.025213 -1.347847 255 68 68 R0 pano_camera7/frame_0309_hp_preview.jpg
-2.048722 -2.483221 -1.354382 255 68 68 R0 pano_camera7/frame_0310_hp_preview.jpg
-2.077756 -2.712156 -1.575417 255 68 68 R0 pano_camera7/frame_0311_hp_preview.jpg
-2.118727 -2.875638 -1.990557 255 68 68 R0 pano_camera7/frame_0312_hp_preview.jpg
-2.131288 -2.942454 -2.302047 255 68 68 R0 pano_camera7/frame_0313_hp_preview.jpg
-2.135922 -2.975363 -2.583865 255 68 68 R0 pano_camera7/frame_0314_hp_preview.jpg
-2.154407 -3.072999 -3.270576 255 68 68 R0 pano_camera7/frame_0315_hp_preview.jpg
-2.160182 -3.084035 -3.320502 255 68 68 R0 pano_camera7/frame_0316_hp_preview.jpg
-2.170610 -3.198595 -3.757194 255 68 68 R0 pano_camera7/frame_0317_hp_preview.jpg
-2.211249 -3.473158 -4.151091 255 68 68 R0 pano_camera7/frame_0318_hp_preview.jpg
-2.235574 -3.597688 -4.161241 255 68 68 R0 pano_camera7/frame_0319_hp_preview.jpg
-2.320013 -3.932411 -4.064956 255 68 68 R0 pano_camera7/frame_0320_hp_preview.jpg
-2.420861 -4.446555 -3.585582 255 68 68 R0 pano_camera7/frame_0321_hp_preview.jpg
-2.425442 -4.474348 -3.553220 255 68 68 R0 pano_camera7/frame_0322_hp_preview.jpg
-2.435528 -4.590160 -3.086972 255 68 68 R0 pano_camera7/frame_0323_hp_preview.jpg
-2.435489 -4.531824 -2.611089 255 68 68 R0 pano_camera7/frame_0324_hp_preview.jpg
-2.429371 -4.539419 -2.562706 255 68 68 R0 pano_camera7/frame_0325_hp_preview.jpg
-2.465897 -4.753829 -2.113294 255 68 68 R0 pano_camera7/frame_0326_hp_preview.jpg
-2.512172 -5.014938 -2.063539 255 68 68 R0 pano_camera7/frame_0327_hp_preview.jpg
-2.545611 -5.145572 -2.103335 255 68 68 R0 pano_camera7/frame_0328_hp_preview.jpg
-2.584582 -5.334861 -2.240943 255 68 68 R0 pano_camera7/frame_0329_hp_preview.jpg
-2.654119 -5.681725 -2.372368 255 68 68 R0 pano_camera7/frame_0330_hp_preview.jpg
-2.674181 -5.796435 -2.282753 255 68 68 R0 pano_camera7/frame_0331_hp_preview.jpg
-2.637518 -5.649286 -1.882587 255 68 68 R0 pano_camera7/frame_0332_hp_preview.jpg
-2.598946 -5.482088 -1.753940 255 68 68 R0 pano_camera7/frame_0333_hp_preview.jpg
-2.547872 -5.220204 -1.471509 255 68 68 R0 pano_camera7/frame_0334_hp_preview.jpg
-2.532503 -5.119326 -1.293347 255 68 68 R0 pano_camera7/frame_0335_hp_preview.jpg
-2.501948 -5.000098 -1.100222 255 68 68 R0 pano_camera7/frame_0336_hp_preview.jpg
-2.453847 -4.778560 -0.640906 255 68 68 R0 pano_camera7/frame_0337_hp_preview.jpg
-2.437486 -4.669286 -0.409975 255 68 68 R0 pano_camera7/frame_0338_hp_preview.jpg
-2.390318 -4.435446 0.203572 255 68 68 R0 pano_camera7/frame_0339_hp_preview.jpg
-2.399347 -4.336165 0.608024 255 68 68 R0 pano_camera7/frame_0340_hp_preview.jpg
-2.387685 -4.305083 0.714729 255 68 68 R0 pano_camera7/frame_0341_hp_preview.jpg
-2.367186 -4.178594 1.019205 255 68 68 R0 pano_camera7/frame_0342_hp_preview.jpg
-2.331030 -3.948029 1.368667 255 68 68 R0 pano_camera7/frame_0343_hp_preview.jpg
-2.348321 -3.989935 1.716299 255 68 68 R0 pano_camera7/frame_0344_hp_preview.jpg
-2.395401 -4.237481 1.633253 255 68 68 R0 pano_camera7/frame_0345_hp_preview.jpg
-2.426156 -4.432118 1.448664 255 68 68 R0 pano_camera7/frame_0346_hp_preview.jpg
-2.442906 -4.532256 1.241274 255 68 68 R0 pano_camera7/frame_0347_hp_preview.jpg
-2.465616 -4.655050 1.011021 255 68 68 R0 pano_camera7/frame_0348_hp_preview.jpg
-2.507564 -4.949161 0.466059 255 68 68 R0 pano_camera7/frame_0349_hp_preview.jpg
-2.529868 -5.145345 0.257656 255 68 68 R0 pano_camera7/frame_0350_hp_preview.jpg
-2.553126 -5.298093 0.109651 255 68 68 R0 pano_camera7/frame_0351_hp_preview.jpg
-2.635931 -5.731561 -0.094025 255 68 68 R0 pano_camera7/frame_0352_hp_preview.jpg
-2.689867 -5.947177 -0.126007 255 68 68 R0 pano_camera7/frame_0353_hp_preview.jpg
-2.760724 -6.300073 -0.299013 255 68 68 R0 pano_camera7/frame_0354_hp_preview.jpg
-2.793010 -6.411307 -0.476610 255 68 68 R0 pano_camera7/frame_0355_hp_preview.jpg
-2.784738 -6.332961 -0.895429 255 68 68 R0 pano_camera7/frame_0356_hp_preview.jpg
-2.755946 -6.264268 -1.186347 255 68 68 R0 pano_camera7/frame_0357_hp_preview.jpg
-2.729244 -6.224809 -1.269202 255 68 68 R0 pano_camera7/frame_0358_hp_preview.jpg
-2.714426 -6.195526 -1.292245 255 68 68 R0 pano_camera7/frame_0359_hp_preview.jpg
-2.737959 -6.239518 -1.298283 255 68 68 R0 pano_camera7/frame_0360_hp_preview.jpg
-2.736935 -6.239829 -1.302483 255 68 68 R0 pano_camera7/frame_0361_hp_preview.jpg
-2.764166 -6.346468 -1.569044 255 68 68 R0 pano_camera7/frame_0362_hp_preview.jpg
-2.793043 -6.476279 -1.627014 255 68 68 R0 pano_camera7/frame_0363_hp_preview.jpg
-2.869794 -6.727288 -1.644247 255 68 68 R0 pano_camera7/frame_0364_hp_preview.jpg
-2.886990 -6.806398 -1.589822 255 68 68 R0 pano_camera7/frame_0365_hp_preview.jpg
-2.888890 -6.852085 -1.191919 255 68 68 R0 pano_camera7/frame_0366_hp_preview.jpg
-2.881690 -6.829856 -1.131861 255 68 68 R0 pano_camera7/frame_0367_hp_preview.jpg
-2.844523 -6.694545 -0.828796 255 68 68 R0 pano_camera7/frame_0368_hp_preview.jpg
-2.789048 -6.400611 -0.207553 255 68 68 R0 pano_camera7/frame_0369_hp_preview.jpg
-2.763855 -6.416370 -0.004106 255 68 68 R0 pano_camera7/frame_0370_hp_preview.jpg
-2.820285 -6.546849 0.136293 255 68 68 R0 pano_camera7/frame_0371_hp_preview.jpg
-2.876648 -6.869380 0.076048 255 68 68 R0 pano_camera7/frame_0372_hp_preview.jpg
-2.932614 -7.115698 -0.177131 255 68 68 R0 pano_camera7/frame_0373_hp_preview.jpg
-3.041255 -7.715382 -0.539504 255 68 68 R0 pano_camera7/frame_0374_hp_preview.jpg
-3.085770 -7.902517 -0.551092 255 68 68 R0 pano_camera7/frame_0375_hp_preview.jpg
-3.138096 -8.119263 -0.477331 255 68 68 R0 pano_camera7/frame_0376_hp_preview.jpg
-3.176322 -8.290823 -0.384699 255 68 68 R0 pano_camera7/frame_0377_hp_preview.jpg
-3.298572 -8.780173 0.002762 255 68 68 R0 pano_camera7/frame_0378_hp_preview.jpg
-3.310774 -8.896391 0.150910 255 68 68 R0 pano_camera7/frame_0379_hp_preview.jpg
-3.330888 -9.011813 0.377664 255 68 68 R0 pano_camera7/frame_0380_hp_preview.jpg
-3.225072 -9.094777 0.398962 255 68 68 R0 pano_camera7/frame_0381_hp_preview.jpg
-3.102878 -9.143410 0.550958 255 68 68 R0 pano_camera7/frame_0382_hp_preview.jpg
-3.296279 -9.059781 0.815700 255 68 68 R0 pano_camera7/frame_0383_hp_preview.jpg
-3.304167 -9.028427 0.813759 255 68 68 R0 pano_camera7/frame_0384_hp_preview.jpg
-3.286132 -8.868446 1.011378 255 68 68 R0 pano_camera7/frame_0385_hp_preview.jpg
-3.238093 -8.555170 1.453448 255 68 68 R0 pano_camera7/frame_0386_hp_preview.jpg
-3.214621 -8.432176 1.672247 255 68 68 R0 pano_camera7/frame_0387_hp_preview.jpg
-3.133915 -7.986776 2.315472 255 68 68 R0 pano_camera7/frame_0388_hp_preview.jpg
-3.067204 -7.671610 2.703613 255 68 68 R0 pano_camera7/frame_0389_hp_preview.jpg
-3.030121 -7.530259 2.846912 255 68 68 R0 pano_camera7/frame_0390_hp_preview.jpg
-2.958620 -7.122132 3.037945 255 68 68 R0 pano_camera7/frame_0391_hp_preview.jpg
-2.939470 -7.039795 2.993467 255 68 68 R0 pano_camera7/frame_0392_hp_preview.jpg
-2.946165 -7.079655 2.804422 255 68 68 R0 pano_camera7/frame_0393_hp_preview.jpg
-2.969187 -7.249915 2.661615 255 68 68 R0 pano_camera7/frame_0394_hp_preview.jpg
-3.017479 -7.541209 2.432310 255 68 68 R0 pano_camera7/frame_0395_hp_preview.jpg
-3.056349 -7.748035 2.106867 255 68 68 R0 pano_camera7/frame_0396_hp_preview.jpg
-3.036922 -7.550475 1.682909 255 68 68 R0 pano_camera7/frame_0397_hp_preview.jpg
-3.008516 -7.416864 1.580618 255 68 68 R0 pano_camera7/frame_0398_hp_preview.jpg
-2.924208 -6.946018 1.561476 255 68 68 R0 pano_camera7/frame_0399_hp_preview.jpg
-2.840473 -6.578528 1.915755 255 68 68 R0 pano_camera7/frame_0400_hp_preview.jpg
-2.787840 -6.308172 2.215374 255 68 68 R0 pano_camera7/frame_0401_hp_preview.jpg
-2.783205 -6.288266 2.233719 255 68 68 R0 pano_camera7/frame_0402_hp_preview.jpg
-2.732130 -6.037506 2.521492 255 68 68 R0 pano_camera7/frame_0403_hp_preview.jpg
-2.634452 -5.525951 2.514790 255 68 68 R0 pano_camera7/frame_0404_hp_preview.jpg
-2.635012 -5.496751 2.484914 255 68 68 R0 pano_camera7/frame_0405_hp_preview.jpg
-2.614221 -5.344038 2.027209 255 68 68 R0 pano_camera7/frame_0406_hp_preview.jpg
-2.648562 -5.606135 1.667180 255 68 68 R0 pano_camera7/frame_0407_hp_preview.jpg
-2.678542 -5.748162 1.483538 255 68 68 R0 pano_camera7/frame_0408_hp_preview.jpg
-2.692341 -5.859299 1.352003 255 68 68 R0 pano_camera7/frame_0409_hp_preview.jpg
-2.726377 -5.965218 1.006713 255 68 68 R0 pano_camera7/frame_0410_hp_preview.jpg
-2.655725 -5.650407 0.469856 255 68 68 R0 pano_camera7/frame_0411_hp_preview.jpg
-2.636198 -5.591339 0.412354 255 68 68 R0 pano_camera7/frame_0412_hp_preview.jpg
-2.614313 -5.461135 0.229817 255 68 68 R0 pano_camera7/frame_0413_hp_preview.jpg
-2.620436 -5.481412 0.224496 255 68 68 R0 pano_camera7/frame_0414_hp_preview.jpg
-2.621039 -5.482778 0.225956 255 68 68 R0 pano_camera7/frame_0415_hp_preview.jpg
-2.615901 -5.480200 0.224538 255 68 68 R0 pano_camera7/frame_0416_hp_preview.jpg

# Object R1: Green (720 points)
# Transform: Pos(0.000, -0.050, 0.000) Scale(1.000, 1.000, 1.000) Quat(0.000, -0.000, -0.011, 1.000)
-0.000298 -0.050783 2.744597 68 255 68 R1 pano_camera0/frame_0000_hp_preview.jpg
1.291791 -0.093212 3.188121 68 255 68 R1 pano_camera0/frame_0002_hp_preview.jpg
1.955988 -0.055813 3.404090 68 255 68 R1 pano_camera0/frame_0003_hp_preview.jpg
2.316939 -0.035862 3.531208 68 255 68 R1 pano_camera0/frame_0004_hp_preview.jpg
2.378524 0.210933 3.698957 68 255 68 R1 pano_camera0/frame_0005_hp_preview.jpg
2.193198 0.153374 3.513643 68 255 68 R1 pano_camera0/frame_0006_hp_preview.jpg
2.138399 0.065540 3.380320 68 255 68 R1 pano_camera0/frame_0007_hp_preview.jpg
2.134977 0.064411 3.389264 68 255 68 R1 pano_camera0/frame_0008_hp_preview.jpg
2.139700 0.076498 3.444101 68 255 68 R1 pano_camera0/frame_0009_hp_preview.jpg
2.143889 0.079793 3.447681 68 255 68 R1 pano_camera0/frame_0010_hp_preview.jpg
2.162841 0.092983 3.440315 68 255 68 R1 pano_camera0/frame_0011_hp_preview.jpg
2.110498 0.059472 3.439743 68 255 68 R1 pano_camera0/frame_0012_hp_preview.jpg
2.146057 0.070217 3.363078 68 255 68 R1 pano_camera0/frame_0013_hp_preview.jpg
2.207951 0.284932 3.464271 68 255 68 R1 pano_camera0/frame_0014_hp_preview.jpg
2.277128 0.280331 3.451794 68 255 68 R1 pano_camera0/frame_0015_hp_preview.jpg
2.271728 0.300202 3.383496 68 255 68 R1 pano_camera0/frame_0016_hp_preview.jpg
1.884227 0.293694 3.257308 68 255 68 R1 pano_camera0/frame_0017_hp_preview.jpg
1.447038 0.300210 3.064729 68 255 68 R1 pano_camera0/frame_0018_hp_preview.jpg
1.200615 0.304423 2.859739 68 255 68 R1 pano_camera0/frame_0019_hp_preview.jpg
1.018804 0.311951 2.550525 68 255 68 R1 pano_camera0/frame_0020_hp_preview.jpg
0.922380 0.307120 1.962260 68 255 68 R1 pano_camera0/frame_0021_hp_preview.jpg
0.831678 0.307414 0.979426 68 255 68 R1 pano_camera0/frame_0022_hp_preview.jpg
0.754947 0.298735 0.559632 68 255 68 R1 pano_camera0/frame_0023_hp_preview.jpg
0.766166 0.299601 0.253095 68 255 68 R1 pano_camera0/frame_0024_hp_preview.jpg
1.010468 0.310977 -0.254012 68 255 68 R1 pano_camera0/frame_0025_hp_preview.jpg
1.312108 0.336292 -0.491204 68 255 68 R1 pano_camera0/frame_0026_hp_preview.jpg
1.597645 0.340502 -0.586825 68 255 68 R1 pano_camera0/frame_0027_hp_preview.jpg
1.001336 0.328353 -0.868262 68 255 68 R1 pano_camera0/frame_0028_hp_preview.jpg
0.230290 0.338351 -1.024246 68 255 68 R1 pano_camera0/frame_0029_hp_preview.jpg
-0.466020 0.335889 -1.215430 68 255 68 R1 pano_camera0/frame_0030_hp_preview.jpg
-0.903419 0.353364 -1.480382 68 255 68 R1 pano_camera0/frame_0031_hp_preview.jpg
-0.973467 0.345075 -1.955324 68 255 68 R1 pano_camera0/frame_0032_hp_preview.jpg
-0.848276 0.339074 -2.216205 68 255 68 R1 pano_camera0/frame_0033_hp_preview.jpg
-0.065021 0.365950 -2.564372 68 255 68 R1 pano_camera0/frame_0034_hp_preview.jpg
0.174299 0.367185 -2.497628 68 255 68 R1 pano_camera0/frame_0035_hp_preview.jpg
0.762048 0.345705 -2.289658 68 255 68 R1 pano_camera0/frame_0036_hp_preview.jpg
1.222257 0.361722 -2.196297 68 255 68 R1 pano_camera0/frame_0037_hp_preview.jpg
1.651359 0.353112 -2.117307 68 255 68 R1 pano_camera0/frame_0038_hp_preview.jpg
2.391417 0.321459 -2.365080 68 255 68 R1 pano_camera0/frame_0039_hp_preview.jpg
2.733816 0.350856 -2.717995 68 255 68 R1 pano_camera0/frame_0040_hp_preview.jpg
2.779537 0.360793 -2.794543 68 255 68 R1 pano_camera0/frame_0041_hp_preview.jpg
3.149419 0.356144 -3.431225 68 255 68 R1 pano_camera0/frame_0042_hp_preview.jpg
3.521747 0.469590 -3.761730 68 255 68 R1 pano_camera0/frame_0043_hp_preview.jpg
3.969876 0.464965 -3.650894 68 255 68 R1 pano_camera0/frame_0044_hp_preview.jpg
4.625883 0.447385 -3.622684 68 255 68 R1 pano_camera0/frame_0045_hp_preview.jpg
4.763631 0.447787 -3.831557 68 255 68 R1 pano_camera0/frame_0046_hp_preview.jpg
4.734234 0.440006 -3.921846 68 255 68 R1 pano_camera0/frame_0047_hp_preview.jpg
4.557767 0.453056 -4.129758 68 255 68 R1 pano_camera0/frame_0048_hp_preview.jpg
3.948612 0.468469 -4.386336 68 255 68 R1 pano_camera0/frame_0049_hp_preview.jpg
3.132043 0.471718 -4.422605 68 255 68 R1 pano_camera0/frame_0050_hp_preview.jpg
3.096860 0.475721 -4.419495 68 255 68 R1 pano_camera0/frame_0051_hp_preview.jpg
2.265462 0.466088 -4.543301 68 255 68 R1 pano_camera0/frame_0052_hp_preview.jpg
2.080517 0.372939 -4.654669 68 255 68 R1 pano_camera0/frame_0053_hp_preview.jpg
1.886824 0.375956 -4.973958 68 255 68 R1 pano_camera0/frame_0054_hp_preview.jpg
1.099192 0.368057 -5.284332 68 255 68 R1 pano_camera0/frame_0055_hp_preview.jpg
0.715093 0.385472 -5.233302 68 255 68 R1 pano_camera0/frame_0056_hp_preview.jpg
0.311253 0.379816 -5.129332 68 255 68 R1 pano_camera0/frame_0057_hp_preview.jpg
0.048676 0.379522 -5.065680 68 255 68 R1 pano_camera0/frame_0058_hp_preview.jpg
-0.236493 0.358616 -4.716508 68 255 68 R1 pano_camera0/frame_0059_hp_preview.jpg
-0.497001 0.371842 -4.156921 68 255 68 R1 pano_camera0/frame_0060_hp_preview.jpg
-0.638663 0.380267 -3.872219 68 255 68 R1 pano_camera0/frame_0061_hp_preview.jpg
-0.912246 0.339568 -2.915228 68 255 68 R1 pano_camera0/frame_0062_hp_preview.jpg
-1.137730 0.345075 -2.198893 68 255 68 R1 pano_camera0/frame_0063_hp_preview.jpg
-1.178696 0.346392 -2.069244 68 255 68 R1 pano_camera0/frame_0064_hp_preview.jpg
-1.673888 0.318306 -1.301095 68 255 68 R1 pano_camera0/frame_0065_hp_preview.jpg
-1.860056 0.320629 -1.168377 68 255 68 R1 pano_camera0/frame_0066_hp_preview.jpg
-2.397757 0.308422 -0.534366 68 255 68 R1 pano_camera0/frame_0067_hp_preview.jpg
-2.713241 0.310421 0.195898 68 255 68 R1 pano_camera0/frame_0068_hp_preview.jpg
-2.757538 0.314433 0.306686 68 255 68 R1 pano_camera0/frame_0069_hp_preview.jpg
-2.626359 0.300949 1.132725 68 255 68 R1 pano_camera0/frame_0070_hp_preview.jpg
-2.181736 0.286388 1.575110 68 255 68 R1 pano_camera0/frame_0071_hp_preview.jpg
-1.723740 0.286836 1.822808 68 255 68 R1 pano_camera0/frame_0072_hp_preview.jpg
-1.633373 0.288682 1.850554 68 255 68 R1 pano_camera0/frame_0073_hp_preview.jpg
-1.009739 0.284191 2.170208 68 255 68 R1 pano_camera0/frame_0074_hp_preview.jpg
-0.330524 0.290366 2.593410 68 255 68 R1 pano_camera0/frame_0075_hp_preview.jpg
-0.062841 0.277910 2.756633 68 255 68 R1 pano_camera0/frame_0076_hp_preview.jpg
0.536938 0.290420 3.106000 68 255 68 R1 pano_camera0/frame_0077_hp_preview.jpg
1.234410 0.302032 3.487120 68 255 68 R1 pano_camera0/frame_0078_hp_preview.jpg
2.129039 0.275945 4.119408 68 255 68 R1 pano_camera0/frame_0079_hp_preview.jpg
2.512108 0.282830 4.696837 68 255 68 R1 pano_camera0/frame_0080_hp_preview.jpg
-1.739449 0.297737 3.111498 68 255 68 R1 pano_camera0/frame_0118_hp_preview.jpg
-1.716438 0.305530 2.655179 68 255 68 R1 pano_camera0/frame_0119_hp_preview.jpg
-2.082450 0.311754 2.039567 68 255 68 R1 pano_camera0/frame_0120_hp_preview.jpg
-2.427834 0.307879 1.803865 68 255 68 R1 pano_camera0/frame_0121_hp_preview.jpg
-2.741037 0.317362 1.665195 68 255 68 R1 pano_camera0/frame_0122_hp_preview.jpg
-3.408676 0.327001 1.547439 68 255 68 R1 pano_camera0/frame_0123_hp_preview.jpg
-3.935628 0.330021 1.691809 68 255 68 R1 pano_camera0/frame_0124_hp_preview.jpg
-4.062540 0.322898 2.038181 68 255 68 R1 pano_camera0/frame_0125_hp_preview.jpg
-4.066329 0.344455 2.251534 68 255 68 R1 pano_camera0/frame_0126_hp_preview.jpg
-3.935521 0.315963 -0.226729 68 255 68 R1 pano_camera0/frame_0197_hp_preview.jpg
-0.000298 -0.050783 2.744597 68 255 68 R1 pano_camera1/frame_0000_hp_preview.jpg
1.291791 -0.093212 3.188121 68 255 68 R1 pano_camera1/frame_0002_hp_preview.jpg
1.955988 -0.055813 3.404090 68 255 68 R1 pano_camera1/frame_0003_hp_preview.jpg
2.316939 -0.035862 3.531208 68 255 68 R1 pano_camera1/frame_0004_hp_preview.jpg
2.378524 0.210933 3.698957 68 255 68 R1 pano_camera1/frame_0005_hp_preview.jpg
2.193198 0.153374 3.513643 68 255 68 R1 pano_camera1/frame_0006_hp_preview.jpg
2.138399 0.065540 3.380320 68 255 68 R1 pano_camera1/frame_0007_hp_preview.jpg
2.134977 0.064411 3.389264 68 255 68 R1 pano_camera1/frame_0008_hp_preview.jpg
2.139700 0.076498 3.444101 68 255 68 R1 pano_camera1/frame_0009_hp_preview.jpg
2.143889 0.079793 3.447681 68 255 68 R1 pano_camera1/frame_0010_hp_preview.jpg
2.162841 0.092983 3.440315 68 255 68 R1 pano_camera1/frame_0011_hp_preview.jpg
2.110498 0.059472 3.439743 68 255 68 R1 pano_camera1/frame_0012_hp_preview.jpg
2.146057 0.070217 3.363078 68 255 68 R1 pano_camera1/frame_0013_hp_preview.jpg
2.207951 0.284932 3.464271 68 255 68 R1 pano_camera1/frame_0014_hp_preview.jpg
2.277128 0.280331 3.451794 68 255 68 R1 pano_camera1/frame_0015_hp_preview.jpg
2.271728 0.300202 3.383496 68 255 68 R1 pano_camera1/frame_0016_hp_preview.jpg
1.884227 0.293694 3.257308 68 255 68 R1 pano_camera1/frame_0017_hp_preview.jpg
1.447038 0.300210 3.064729 68 255 68 R1 pano_camera1/frame_0018_hp_preview.jpg
1.200615 0.304423 2.859739 68 255 68 R1 pano_camera1/frame_0019_hp_preview.jpg
1.018804 0.311951 2.550525 68 255 68 R1 pano_camera1/frame_0020_hp_preview.jpg
0.922380 0.307120 1.962260 68 255 68 R1 pano_camera1/frame_0021_hp_preview.jpg
0.831678 0.307414 0.979426 68 255 68 R1 pano_camera1/frame_0022_hp_preview.jpg
0.754947 0.298735 0.559632 68 255 68 R1 pano_camera1/frame_0023_hp_preview.jpg
0.766166 0.299601 0.253095 68 255 68 R1 pano_camera1/frame_0024_hp_preview.jpg
1.010468 0.310977 -0.254012 68 255 68 R1 pano_camera1/frame_0025_hp_preview.jpg
1.312108 0.336292 -0.491204 68 255 68 R1 pano_camera1/frame_0026_hp_preview.jpg
1.597645 0.340502 -0.586825 68 255 68 R1 pano_camera1/frame_0027_hp_preview.jpg
1.001336 0.328353 -0.868262 68 255 68 R1 pano_camera1/frame_0028_hp_preview.jpg
0.230290 0.338351 -1.024246 68 255 68 R1 pano_camera1/frame_0029_hp_preview.jpg
-0.466020 0.335889 -1.215430 68 255 68 R1 pano_camera1/frame_0030_hp_preview.jpg
-0.903419 0.353364 -1.480382 68 255 68 R1 pano_camera1/frame_0031_hp_preview.jpg
-0.973467 0.345075 -1.955324 68 255 68 R1 pano_camera1/frame_0032_hp_preview.jpg
-0.848276 0.339074 -2.216205 68 255 68 R1 pano_camera1/frame_0033_hp_preview.jpg
-0.065021 0.365950 -2.564372 68 255 68 R1 pano_camera1/frame_0034_hp_preview.jpg
0.174299 0.367185 -2.497628 68 255 68 R1 pano_camera1/frame_0035_hp_preview.jpg
0.762048 0.345705 -2.289658 68 255 68 R1 pano_camera1/frame_0036_hp_preview.jpg
1.222257 0.361722 -2.196297 68 255 68 R1 pano_camera1/frame_0037_hp_preview.jpg
1.651359 0.353112 -2.117307 68 255 68 R1 pano_camera1/frame_0038_hp_preview.jpg
2.391417 0.321459 -2.365080 68 255 68 R1 pano_camera1/frame_0039_hp_preview.jpg
2.733816 0.350856 -2.717995 68 255 68 R1 pano_camera1/frame_0040_hp_preview.jpg
2.779537 0.360793 -2.794543 68 255 68 R1 pano_camera1/frame_0041_hp_preview.jpg
3.149419 0.356144 -3.431225 68 255 68 R1 pano_camera1/frame_0042_hp_preview.jpg
3.521747 0.469590 -3.761730 68 255 68 R1 pano_camera1/frame_0043_hp_preview.jpg
3.969876 0.464965 -3.650894 68 255 68 R1 pano_camera1/frame_0044_hp_preview.jpg
4.625883 0.447385 -3.622684 68 255 68 R1 pano_camera1/frame_0045_hp_preview.jpg
4.763631 0.447787 -3.831557 68 255 68 R1 pano_camera1/frame_0046_hp_preview.jpg
4.734234 0.440006 -3.921846 68 255 68 R1 pano_camera1/frame_0047_hp_preview.jpg
4.557767 0.453056 -4.129758 68 255 68 R1 pano_camera1/frame_0048_hp_preview.jpg
3.948612 0.468469 -4.386336 68 255 68 R1 pano_camera1/frame_0049_hp_preview.jpg
3.132043 0.471718 -4.422605 68 255 68 R1 pano_camera1/frame_0050_hp_preview.jpg
3.096860 0.475721 -4.419495 68 255 68 R1 pano_camera1/frame_0051_hp_preview.jpg
2.265462 0.466088 -4.543301 68 255 68 R1 pano_camera1/frame_0052_hp_preview.jpg
2.080517 0.372939 -4.654669 68 255 68 R1 pano_camera1/frame_0053_hp_preview.jpg
1.886824 0.375956 -4.973958 68 255 68 R1 pano_camera1/frame_0054_hp_preview.jpg
1.099192 0.368057 -5.284332 68 255 68 R1 pano_camera1/frame_0055_hp_preview.jpg
0.715093 0.385472 -5.233302 68 255 68 R1 pano_camera1/frame_0056_hp_preview.jpg
0.311253 0.379816 -5.129332 68 255 68 R1 pano_camera1/frame_0057_hp_preview.jpg
0.048676 0.379522 -5.065680 68 255 68 R1 pano_camera1/frame_0058_hp_preview.jpg
-0.236493 0.358616 -4.716508 68 255 68 R1 pano_camera1/frame_0059_hp_preview.jpg
-0.497001 0.371842 -4.156921 68 255 68 R1 pano_camera1/frame_0060_hp_preview.jpg
-0.638663 0.380267 -3.872219 68 255 68 R1 pano_camera1/frame_0061_hp_preview.jpg
-0.912246 0.339568 -2.915228 68 255 68 R1 pano_camera1/frame_0062_hp_preview.jpg
-1.137730 0.345075 -2.198893 68 255 68 R1 pano_camera1/frame_0063_hp_preview.jpg
-1.178696 0.346392 -2.069244 68 255 68 R1 pano_camera1/frame_0064_hp_preview.jpg
-1.673888 0.318306 -1.301095 68 255 68 R1 pano_camera1/frame_0065_hp_preview.jpg
-1.860056 0.320629 -1.168377 68 255 68 R1 pano_camera1/frame_0066_hp_preview.jpg
-2.397757 0.308422 -0.534366 68 255 68 R1 pano_camera1/frame_0067_hp_preview.jpg
-2.713241 0.310421 0.195898 68 255 68 R1 pano_camera1/frame_0068_hp_preview.jpg
-2.757538 0.314433 0.306686 68 255 68 R1 pano_camera1/frame_0069_hp_preview.jpg
-2.626359 0.300949 1.132725 68 255 68 R1 pano_camera1/frame_0070_hp_preview.jpg
-2.181736 0.286388 1.575110 68 255 68 R1 pano_camera1/frame_0071_hp_preview.jpg
-1.723740 0.286836 1.822808 68 255 68 R1 pano_camera1/frame_0072_hp_preview.jpg
-1.633373 0.288682 1.850554 68 255 68 R1 pano_camera1/frame_0073_hp_preview.jpg
-1.009739 0.284191 2.170208 68 255 68 R1 pano_camera1/frame_0074_hp_preview.jpg
-0.330524 0.290366 2.593410 68 255 68 R1 pano_camera1/frame_0075_hp_preview.jpg
-0.062841 0.277910 2.756633 68 255 68 R1 pano_camera1/frame_0076_hp_preview.jpg
0.536938 0.290420 3.106000 68 255 68 R1 pano_camera1/frame_0077_hp_preview.jpg
1.234410 0.302032 3.487120 68 255 68 R1 pano_camera1/frame_0078_hp_preview.jpg
2.129039 0.275945 4.119408 68 255 68 R1 pano_camera1/frame_0079_hp_preview.jpg
2.512108 0.282830 4.696837 68 255 68 R1 pano_camera1/frame_0080_hp_preview.jpg
-1.739449 0.297737 3.111498 68 255 68 R1 pano_camera1/frame_0118_hp_preview.jpg
-1.716438 0.305530 2.655179 68 255 68 R1 pano_camera1/frame_0119_hp_preview.jpg
-2.082450 0.311754 2.039567 68 255 68 R1 pano_camera1/frame_0120_hp_preview.jpg
-2.427834 0.307879 1.803865 68 255 68 R1 pano_camera1/frame_0121_hp_preview.jpg
-2.741037 0.317362 1.665195 68 255 68 R1 pano_camera1/frame_0122_hp_preview.jpg
-3.408676 0.327001 1.547439 68 255 68 R1 pano_camera1/frame_0123_hp_preview.jpg
-3.935628 0.330021 1.691809 68 255 68 R1 pano_camera1/frame_0124_hp_preview.jpg
-4.062540 0.322898 2.038181 68 255 68 R1 pano_camera1/frame_0125_hp_preview.jpg
-4.066329 0.344455 2.251534 68 255 68 R1 pano_camera1/frame_0126_hp_preview.jpg
-3.935521 0.315963 -0.226729 68 255 68 R1 pano_camera1/frame_0197_hp_preview.jpg
-0.000298 -0.050783 2.744597 68 255 68 R1 pano_camera2/frame_0000_hp_preview.jpg
1.291791 -0.093212 3.188121 68 255 68 R1 pano_camera2/frame_0002_hp_preview.jpg
1.955988 -0.055813 3.404090 68 255 68 R1 pano_camera2/frame_0003_hp_preview.jpg
2.316939 -0.035862 3.531208 68 255 68 R1 pano_camera2/frame_0004_hp_preview.jpg
2.378524 0.210933 3.698957 68 255 68 R1 pano_camera2/frame_0005_hp_preview.jpg
2.193198 0.153374 3.513643 68 255 68 R1 pano_camera2/frame_0006_hp_preview.jpg
2.138399 0.065540 3.380320 68 255 68 R1 pano_camera2/frame_0007_hp_preview.jpg
2.134977 0.064411 3.389264 68 255 68 R1 pano_camera2/frame_0008_hp_preview.jpg
2.139700 0.076498 3.444101 68 255 68 R1 pano_camera2/frame_0009_hp_preview.jpg
2.143889 0.079793 3.447681 68 255 68 R1 pano_camera2/frame_0010_hp_preview.jpg
2.162841 0.092983 3.440315 68 255 68 R1 pano_camera2/frame_0011_hp_preview.jpg
2.110498 0.059472 3.439743 68 255 68 R1 pano_camera2/frame_0012_hp_preview.jpg
2.146057 0.070217 3.363078 68 255 68 R1 pano_camera2/frame_0013_hp_preview.jpg
2.207951 0.284932 3.464271 68 255 68 R1 pano_camera2/frame_0014_hp_preview.jpg
2.277128 0.280331 3.451794 68 255 68 R1 pano_camera2/frame_0015_hp_preview.jpg
2.271728 0.300202 3.383496 68 255 68 R1 pano_camera2/frame_0016_hp_preview.jpg
1.884227 0.293694 3.257308 68 255 68 R1 pano_camera2/frame_0017_hp_preview.jpg
1.447038 0.300210 3.064729 68 255 68 R1 pano_camera2/frame_0018_hp_preview.jpg
1.200615 0.304423 2.859739 68 255 68 R1 pano_camera2/frame_0019_hp_preview.jpg
1.018804 0.311951 2.550525 68 255 68 R1 pano_camera2/frame_0020_hp_preview.jpg
0.922380 0.307120 1.962260 68 255 68 R1 pano_camera2/frame_0021_hp_preview.jpg
0.831678 0.307414 0.979426 68 255 68 R1 pano_camera2/frame_0022_hp_preview.jpg
0.754947 0.298735 0.559632 68 255 68 R1 pano_camera2/frame_0023_hp_preview.jpg
0.766166 0.299601 0.253095 68 255 68 R1 pano_camera2/frame_0024_hp_preview.jpg
1.010468 0.310977 -0.254012 68 255 68 R1 pano_camera2/frame_0025_hp_preview.jpg
1.312108 0.336292 -0.491204 68 255 68 R1 pano_camera2/frame_0026_hp_preview.jpg
1.597645 0.340502 -0.586825 68 255 68 R1 pano_camera2/frame_0027_hp_preview.jpg
1.001336 0.328353 -0.868262 68 255 68 R1 pano_camera2/frame_0028_hp_preview.jpg
0.230290 0.338351 -1.024246 68 255 68 R1 pano_camera2/frame_0029_hp_preview.jpg
-0.466020 0.335889 -1.215430 68 255 68 R1 pano_camera2/frame_0030_hp_preview.jpg
-0.903419 0.353364 -1.480382 68 255 68 R1 pano_camera2/frame_0031_hp_preview.jpg
-0.973467 0.345075 -1.955324 68 255 68 R1 pano_camera2/frame_0032_hp_preview.jpg
-0.848276 0.339074 -2.216205 68 255 68 R1 pano_camera2/frame_0033_hp_preview.jpg
-0.065021 0.365950 -2.564372 68 255 68 R1 pano_camera2/frame_0034_hp_preview.jpg
0.174299 0.367185 -2.497628 68 255 68 R1 pano_camera2/frame_0035_hp_preview.jpg
0.762048 0.345705 -2.289658 68 255 68 R1 pano_camera2/frame_0036_hp_preview.jpg
1.222257 0.361722 -2.196297 68 255 68 R1 pano_camera2/frame_0037_hp_preview.jpg
1.651359 0.353112 -2.117307 68 255 68 R1 pano_camera2/frame_0038_hp_preview.jpg
2.391417 0.321459 -2.365080 68 255 68 R1 pano_camera2/frame_0039_hp_preview.jpg
2.733816 0.350856 -2.717995 68 255 68 R1 pano_camera2/frame_0040_hp_preview.jpg
2.779537 0.360793 -2.794543 68 255 68 R1 pano_camera2/frame_0041_hp_preview.jpg
3.149419 0.356144 -3.431225 68 255 68 R1 pano_camera2/frame_0042_hp_preview.jpg
3.521747 0.469590 -3.761730 68 255 68 R1 pano_camera2/frame_0043_hp_preview.jpg
3.969876 0.464965 -3.650894 68 255 68 R1 pano_camera2/frame_0044_hp_preview.jpg
4.625883 0.447385 -3.622684 68 255 68 R1 pano_camera2/frame_0045_hp_preview.jpg
4.763631 0.447787 -3.831557 68 255 68 R1 pano_camera2/frame_0046_hp_preview.jpg
4.734234 0.440006 -3.921846 68 255 68 R1 pano_camera2/frame_0047_hp_preview.jpg
4.557767 0.453056 -4.129758 68 255 68 R1 pano_camera2/frame_0048_hp_preview.jpg
3.948612 0.468469 -4.386336 68 255 68 R1 pano_camera2/frame_0049_hp_preview.jpg
3.132043 0.471718 -4.422605 68 255 68 R1 pano_camera2/frame_0050_hp_preview.jpg
3.096860 0.475721 -4.419495 68 255 68 R1 pano_camera2/frame_0051_hp_preview.jpg
2.265462 0.466088 -4.543301 68 255 68 R1 pano_camera2/frame_0052_hp_preview.jpg
2.080517 0.372939 -4.654669 68 255 68 R1 pano_camera2/frame_0053_hp_preview.jpg
1.886824 0.375956 -4.973958 68 255 68 R1 pano_camera2/frame_0054_hp_preview.jpg
1.099192 0.368057 -5.284332 68 255 68 R1 pano_camera2/frame_0055_hp_preview.jpg
0.715093 0.385472 -5.233302 68 255 68 R1 pano_camera2/frame_0056_hp_preview.jpg
0.311253 0.379816 -5.129332 68 255 68 R1 pano_camera2/frame_0057_hp_preview.jpg
0.048676 0.379522 -5.065680 68 255 68 R1 pano_camera2/frame_0058_hp_preview.jpg
-0.236493 0.358616 -4.716508 68 255 68 R1 pano_camera2/frame_0059_hp_preview.jpg
-0.497001 0.371842 -4.156921 68 255 68 R1 pano_camera2/frame_0060_hp_preview.jpg
-0.638663 0.380267 -3.872219 68 255 68 R1 pano_camera2/frame_0061_hp_preview.jpg
-0.912246 0.339568 -2.915228 68 255 68 R1 pano_camera2/frame_0062_hp_preview.jpg
-1.137730 0.345075 -2.198893 68 255 68 R1 pano_camera2/frame_0063_hp_preview.jpg
-1.178696 0.346392 -2.069244 68 255 68 R1 pano_camera2/frame_0064_hp_preview.jpg
-1.673888 0.318306 -1.301095 68 255 68 R1 pano_camera2/frame_0065_hp_preview.jpg
-1.860056 0.320629 -1.168377 68 255 68 R1 pano_camera2/frame_0066_hp_preview.jpg
-2.397757 0.308422 -0.534366 68 255 68 R1 pano_camera2/frame_0067_hp_preview.jpg
-2.713241 0.310421 0.195898 68 255 68 R1 pano_camera2/frame_0068_hp_preview.jpg
-2.757538 0.314433 0.306686 68 255 68 R1 pano_camera2/frame_0069_hp_preview.jpg
-2.626359 0.300949 1.132725 68 255 68 R1 pano_camera2/frame_0070_hp_preview.jpg
-2.181736 0.286388 1.575110 68 255 68 R1 pano_camera2/frame_0071_hp_preview.jpg
-1.723740 0.286836 1.822808 68 255 68 R1 pano_camera2/frame_0072_hp_preview.jpg
-1.633373 0.288682 1.850554 68 255 68 R1 pano_camera2/frame_0073_hp_preview.jpg
-1.009739 0.284191 2.170208 68 255 68 R1 pano_camera2/frame_0074_hp_preview.jpg
-0.330524 0.290366 2.593410 68 255 68 R1 pano_camera2/frame_0075_hp_preview.jpg
-0.062841 0.277910 2.756633 68 255 68 R1 pano_camera2/frame_0076_hp_preview.jpg
0.536938 0.290420 3.106000 68 255 68 R1 pano_camera2/frame_0077_hp_preview.jpg
1.234410 0.302032 3.487120 68 255 68 R1 pano_camera2/frame_0078_hp_preview.jpg
2.129039 0.275945 4.119408 68 255 68 R1 pano_camera2/frame_0079_hp_preview.jpg
2.512108 0.282830 4.696837 68 255 68 R1 pano_camera2/frame_0080_hp_preview.jpg
-1.739449 0.297737 3.111498 68 255 68 R1 pano_camera2/frame_0118_hp_preview.jpg
-1.716438 0.305530 2.655179 68 255 68 R1 pano_camera2/frame_0119_hp_preview.jpg
-2.082450 0.311754 2.039567 68 255 68 R1 pano_camera2/frame_0120_hp_preview.jpg
-2.427834 0.307879 1.803865 68 255 68 R1 pano_camera2/frame_0121_hp_preview.jpg
-2.741037 0.317362 1.665195 68 255 68 R1 pano_camera2/frame_0122_hp_preview.jpg
-3.408676 0.327001 1.547439 68 255 68 R1 pano_camera2/frame_0123_hp_preview.jpg
-3.935628 0.330021 1.691809 68 255 68 R1 pano_camera2/frame_0124_hp_preview.jpg
-4.062540 0.322898 2.038181 68 255 68 R1 pano_camera2/frame_0125_hp_preview.jpg
-4.066329 0.344455 2.251534 68 255 68 R1 pano_camera2/frame_0126_hp_preview.jpg
-3.935521 0.315963 -0.226729 68 255 68 R1 pano_camera2/frame_0197_hp_preview.jpg
-0.000298 -0.050783 2.744597 68 255 68 R1 pano_camera3/frame_0000_hp_preview.jpg
1.291791 -0.093212 3.188121 68 255 68 R1 pano_camera3/frame_0002_hp_preview.jpg
1.955988 -0.055813 3.404090 68 255 68 R1 pano_camera3/frame_0003_hp_preview.jpg
2.316939 -0.035862 3.531208 68 255 68 R1 pano_camera3/frame_0004_hp_preview.jpg
2.378524 0.210933 3.698957 68 255 68 R1 pano_camera3/frame_0005_hp_preview.jpg
2.193198 0.153374 3.513643 68 255 68 R1 pano_camera3/frame_0006_hp_preview.jpg
2.138399 0.065540 3.380320 68 255 68 R1 pano_camera3/frame_0007_hp_preview.jpg
2.134977 0.064411 3.389264 68 255 68 R1 pano_camera3/frame_0008_hp_preview.jpg
2.139700 0.076498 3.444101 68 255 68 R1 pano_camera3/frame_0009_hp_preview.jpg
2.143889 0.079793 3.447681 68 255 68 R1 pano_camera3/frame_0010_hp_preview.jpg
2.162841 0.092983 3.440315 68 255 68 R1 pano_camera3/frame_0011_hp_preview.jpg
2.110498 0.059472 3.439743 68 255 68 R1 pano_camera3/frame_0012_hp_preview.jpg
2.146057 0.070217 3.363078 68 255 68 R1 pano_camera3/frame_0013_hp_preview.jpg
2.207951 0.284932 3.464271 68 255 68 R1 pano_camera3/frame_0014_hp_preview.jpg
2.277128 0.280331 3.451794 68 255 68 R1 pano_camera3/frame_0015_hp_preview.jpg
2.271728 0.300202 3.383496 68 255 68 R1 pano_camera3/frame_0016_hp_preview.jpg
1.884227 0.293694 3.257308 68 255 68 R1 pano_camera3/frame_0017_hp_preview.jpg
1.447038 0.300210 3.064729 68 255 68 R1 pano_camera3/frame_0018_hp_preview.jpg
1.200615 0.304423 2.859739 68 255 68 R1 pano_camera3/frame_0019_hp_preview.jpg
1.018804 0.311951 2.550525 68 255 68 R1 pano_camera3/frame_0020_hp_preview.jpg
0.922380 0.307120 1.962260 68 255 68 R1 pano_camera3/frame_0021_hp_preview.jpg
0.831678 0.307414 0.979426 68 255 68 R1 pano_camera3/frame_0022_hp_preview.jpg
0.754947 0.298735 0.559632 68 255 68 R1 pano_camera3/frame_0023_hp_preview.jpg
0.766166 0.299601 0.253095 68 255 68 R1 pano_camera3/frame_0024_hp_preview.jpg
1.010468 0.310977 -0.254012 68 255 68 R1 pano_camera3/frame_0025_hp_preview.jpg
1.312108 0.336292 -0.491204 68 255 68 R1 pano_camera3/frame_0026_hp_preview.jpg
1.597645 0.340502 -0.586825 68 255 68 R1 pano_camera3/frame_0027_hp_preview.jpg
1.001336 0.328353 -0.868262 68 255 68 R1 pano_camera3/frame_0028_hp_preview.jpg
0.230290 0.338351 -1.024246 68 255 68 R1 pano_camera3/frame_0029_hp_preview.jpg
-0.466020 0.335889 -1.215430 68 255 68 R1 pano_camera3/frame_0030_hp_preview.jpg
-0.903419 0.353364 -1.480382 68 255 68 R1 pano_camera3/frame_0031_hp_preview.jpg
-0.973467 0.345075 -1.955324 68 255 68 R1 pano_camera3/frame_0032_hp_preview.jpg
-0.848276 0.339074 -2.216205 68 255 68 R1 pano_camera3/frame_0033_hp_preview.jpg
-0.065021 0.365950 -2.564372 68 255 68 R1 pano_camera3/frame_0034_hp_preview.jpg
0.174299 0.367185 -2.497628 68 255 68 R1 pano_camera3/frame_0035_hp_preview.jpg
0.762048 0.345705 -2.289658 68 255 68 R1 pano_camera3/frame_0036_hp_preview.jpg
1.222257 0.361722 -2.196297 68 255 68 R1 pano_camera3/frame_0037_hp_preview.jpg
1.651359 0.353112 -2.117307 68 255 68 R1 pano_camera3/frame_0038_hp_preview.jpg
2.391417 0.321459 -2.365080 68 255 68 R1 pano_camera3/frame_0039_hp_preview.jpg
2.733816 0.350856 -2.717995 68 255 68 R1 pano_camera3/frame_0040_hp_preview.jpg
2.779537 0.360793 -2.794543 68 255 68 R1 pano_camera3/frame_0041_hp_preview.jpg
3.149419 0.356144 -3.431225 68 255 68 R1 pano_camera3/frame_0042_hp_preview.jpg
3.521747 0.469590 -3.761730 68 255 68 R1 pano_camera3/frame_0043_hp_preview.jpg
3.969876 0.464965 -3.650894 68 255 68 R1 pano_camera3/frame_0044_hp_preview.jpg
4.625883 0.447385 -3.622684 68 255 68 R1 pano_camera3/frame_0045_hp_preview.jpg
4.763631 0.447787 -3.831557 68 255 68 R1 pano_camera3/frame_0046_hp_preview.jpg
4.734234 0.440006 -3.921846 68 255 68 R1 pano_camera3/frame_0047_hp_preview.jpg
4.557767 0.453056 -4.129758 68 255 68 R1 pano_camera3/frame_0048_hp_preview.jpg
3.948612 0.468469 -4.386336 68 255 68 R1 pano_camera3/frame_0049_hp_preview.jpg
3.132043 0.471718 -4.422605 68 255 68 R1 pano_camera3/frame_0050_hp_preview.jpg
3.096860 0.475721 -4.419495 68 255 68 R1 pano_camera3/frame_0051_hp_preview.jpg
2.265462 0.466088 -4.543301 68 255 68 R1 pano_camera3/frame_0052_hp_preview.jpg
2.080517 0.372939 -4.654669 68 255 68 R1 pano_camera3/frame_0053_hp_preview.jpg
1.886824 0.375956 -4.973958 68 255 68 R1 pano_camera3/frame_0054_hp_preview.jpg
1.099192 0.368057 -5.284332 68 255 68 R1 pano_camera3/frame_0055_hp_preview.jpg
0.715093 0.385472 -5.233302 68 255 68 R1 pano_camera3/frame_0056_hp_preview.jpg
0.311253 0.379816 -5.129332 68 255 68 R1 pano_camera3/frame_0057_hp_preview.jpg
0.048676 0.379522 -5.065680 68 255 68 R1 pano_camera3/frame_0058_hp_preview.jpg
-0.236493 0.358616 -4.716508 68 255 68 R1 pano_camera3/frame_0059_hp_preview.jpg
-0.497001 0.371842 -4.156921 68 255 68 R1 pano_camera3/frame_0060_hp_preview.jpg
-0.638663 0.380267 -3.872219 68 255 68 R1 pano_camera3/frame_0061_hp_preview.jpg
-0.912246 0.339568 -2.915228 68 255 68 R1 pano_camera3/frame_0062_hp_preview.jpg
-1.137730 0.345075 -2.198893 68 255 68 R1 pano_camera3/frame_0063_hp_preview.jpg
-1.178696 0.346392 -2.069244 68 255 68 R1 pano_camera3/frame_0064_hp_preview.jpg
-1.673888 0.318306 -1.301095 68 255 68 R1 pano_camera3/frame_0065_hp_preview.jpg
-1.860056 0.320629 -1.168377 68 255 68 R1 pano_camera3/frame_0066_hp_preview.jpg
-2.397757 0.308422 -0.534366 68 255 68 R1 pano_camera3/frame_0067_hp_preview.jpg
-2.713241 0.310421 0.195898 68 255 68 R1 pano_camera3/frame_0068_hp_preview.jpg
-2.757538 0.314433 0.306686 68 255 68 R1 pano_camera3/frame_0069_hp_preview.jpg
-2.626359 0.300949 1.132725 68 255 68 R1 pano_camera3/frame_0070_hp_preview.jpg
-2.181736 0.286388 1.575110 68 255 68 R1 pano_camera3/frame_0071_hp_preview.jpg
-1.723740 0.286836 1.822808 68 255 68 R1 pano_camera3/frame_0072_hp_preview.jpg
-1.633373 0.288682 1.850554 68 255 68 R1 pano_camera3/frame_0073_hp_preview.jpg
-1.009739 0.284191 2.170208 68 255 68 R1 pano_camera3/frame_0074_hp_preview.jpg
-0.330524 0.290366 2.593410 68 255 68 R1 pano_camera3/frame_0075_hp_preview.jpg
-0.062841 0.277910 2.756633 68 255 68 R1 pano_camera3/frame_0076_hp_preview.jpg
0.536938 0.290420 3.106000 68 255 68 R1 pano_camera3/frame_0077_hp_preview.jpg
1.234410 0.302032 3.487120 68 255 68 R1 pano_camera3/frame_0078_hp_preview.jpg
2.129039 0.275945 4.119408 68 255 68 R1 pano_camera3/frame_0079_hp_preview.jpg
2.512108 0.282830 4.696837 68 255 68 R1 pano_camera3/frame_0080_hp_preview.jpg
-1.739449 0.297737 3.111498 68 255 68 R1 pano_camera3/frame_0118_hp_preview.jpg
-1.716438 0.305530 2.655179 68 255 68 R1 pano_camera3/frame_0119_hp_preview.jpg
-2.082450 0.311754 2.039567 68 255 68 R1 pano_camera3/frame_0120_hp_preview.jpg
-2.427834 0.307879 1.803865 68 255 68 R1 pano_camera3/frame_0121_hp_preview.jpg
-2.741037 0.317362 1.665195 68 255 68 R1 pano_camera3/frame_0122_hp_preview.jpg
-3.408676 0.327001 1.547439 68 255 68 R1 pano_camera3/frame_0123_hp_preview.jpg
-3.935628 0.330021 1.691809 68 255 68 R1 pano_camera3/frame_0124_hp_preview.jpg
-4.062540 0.322898 2.038181 68 255 68 R1 pano_camera3/frame_0125_hp_preview.jpg
-4.066329 0.344455 2.251534 68 255 68 R1 pano_camera3/frame_0126_hp_preview.jpg
-3.935521 0.315963 -0.226729 68 255 68 R1 pano_camera3/frame_0197_hp_preview.jpg
-0.000298 -0.050783 2.744597 68 255 68 R1 pano_camera4/frame_0000_hp_preview.jpg
1.291791 -0.093212 3.188121 68 255 68 R1 pano_camera4/frame_0002_hp_preview.jpg
1.955988 -0.055813 3.404090 68 255 68 R1 pano_camera4/frame_0003_hp_preview.jpg
2.316939 -0.035862 3.531208 68 255 68 R1 pano_camera4/frame_0004_hp_preview.jpg
2.378524 0.210933 3.698957 68 255 68 R1 pano_camera4/frame_0005_hp_preview.jpg
2.193198 0.153374 3.513643 68 255 68 R1 pano_camera4/frame_0006_hp_preview.jpg
2.138399 0.065540 3.380320 68 255 68 R1 pano_camera4/frame_0007_hp_preview.jpg
2.134977 0.064411 3.389264 68 255 68 R1 pano_camera4/frame_0008_hp_preview.jpg
2.139700 0.076498 3.444101 68 255 68 R1 pano_camera4/frame_0009_hp_preview.jpg
2.143889 0.079793 3.447681 68 255 68 R1 pano_camera4/frame_0010_hp_preview.jpg
2.162841 0.092983 3.440315 68 255 68 R1 pano_camera4/frame_0011_hp_preview.jpg
2.110498 0.059472 3.439743 68 255 68 R1 pano_camera4/frame_0012_hp_preview.jpg
2.146057 0.070217 3.363078 68 255 68 R1 pano_camera4/frame_0013_hp_preview.jpg
2.207951 0.284932 3.464271 68 255 68 R1 pano_camera4/frame_0014_hp_preview.jpg
2.277128 0.280331 3.451794 68 255 68 R1 pano_camera4/frame_0015_hp_preview.jpg
2.271728 0.300202 3.383496 68 255 68 R1 pano_camera4/frame_0016_hp_preview.jpg
1.884227 0.293694 3.257308 68 255 68 R1 pano_camera4/frame_0017_hp_preview.jpg
1.447038 0.300210 3.064729 68 255 68 R1 pano_camera4/frame_0018_hp_preview.jpg
1.200615 0.304423 2.859739 68 255 68 R1 pano_camera4/frame_0019_hp_preview.jpg
1.018804 0.311951 2.550525 68 255 68 R1 pano_camera4/frame_0020_hp_preview.jpg
0.922380 0.307120 1.962260 68 255 68 R1 pano_camera4/frame_0021_hp_preview.jpg
0.831678 0.307414 0.979426 68 255 68 R1 pano_camera4/frame_0022_hp_preview.jpg
0.754947 0.298735 0.559632 68 255 68 R1 pano_camera4/frame_0023_hp_preview.jpg
0.766166 0.299601 0.253095 68 255 68 R1 pano_camera4/frame_0024_hp_preview.jpg
1.010468 0.310977 -0.254012 68 255 68 R1 pano_camera4/frame_0025_hp_preview.jpg
1.312108 0.336292 -0.491204 68 255 68 R1 pano_camera4/frame_0026_hp_preview.jpg
1.597645 0.340502 -0.586825 68 255 68 R1 pano_camera4/frame_0027_hp_preview.jpg
1.001336 0.328353 -0.868262 68 255 68 R1 pano_camera4/frame_0028_hp_preview.jpg
0.230290 0.338351 -1.024246 68 255 68 R1 pano_camera4/frame_0029_hp_preview.jpg
-0.466020 0.335889 -1.215430 68 255 68 R1 pano_camera4/frame_0030_hp_preview.jpg
-0.903419 0.353364 -1.480382 68 255 68 R1 pano_camera4/frame_0031_hp_preview.jpg
-0.973467 0.345075 -1.955324 68 255 68 R1 pano_camera4/frame_0032_hp_preview.jpg
-0.848276 0.339074 -2.216205 68 255 68 R1 pano_camera4/frame_0033_hp_preview.jpg
-0.065021 0.365950 -2.564372 68 255 68 R1 pano_camera4/frame_0034_hp_preview.jpg
0.174299 0.367185 -2.497628 68 255 68 R1 pano_camera4/frame_0035_hp_preview.jpg
0.762048 0.345705 -2.289658 68 255 68 R1 pano_camera4/frame_0036_hp_preview.jpg
1.222257 0.361722 -2.196297 68 255 68 R1 pano_camera4/frame_0037_hp_preview.jpg
1.651359 0.353112 -2.117307 68 255 68 R1 pano_camera4/frame_0038_hp_preview.jpg
2.391417 0.321459 -2.365080 68 255 68 R1 pano_camera4/frame_0039_hp_preview.jpg
2.733816 0.350856 -2.717995 68 255 68 R1 pano_camera4/frame_0040_hp_preview.jpg
2.779537 0.360793 -2.794543 68 255 68 R1 pano_camera4/frame_0041_hp_preview.jpg
3.149419 0.356144 -3.431225 68 255 68 R1 pano_camera4/frame_0042_hp_preview.jpg
3.521747 0.469590 -3.761730 68 255 68 R1 pano_camera4/frame_0043_hp_preview.jpg
3.969876 0.464965 -3.650894 68 255 68 R1 pano_camera4/frame_0044_hp_preview.jpg
4.625883 0.447385 -3.622684 68 255 68 R1 pano_camera4/frame_0045_hp_preview.jpg
4.763631 0.447787 -3.831557 68 255 68 R1 pano_camera4/frame_0046_hp_preview.jpg
4.734234 0.440006 -3.921846 68 255 68 R1 pano_camera4/frame_0047_hp_preview.jpg
4.557767 0.453056 -4.129758 68 255 68 R1 pano_camera4/frame_0048_hp_preview.jpg
3.948612 0.468469 -4.386336 68 255 68 R1 pano_camera4/frame_0049_hp_preview.jpg
3.132043 0.471718 -4.422605 68 255 68 R1 pano_camera4/frame_0050_hp_preview.jpg
3.096860 0.475721 -4.419495 68 255 68 R1 pano_camera4/frame_0051_hp_preview.jpg
2.265462 0.466088 -4.543301 68 255 68 R1 pano_camera4/frame_0052_hp_preview.jpg
2.080517 0.372939 -4.654669 68 255 68 R1 pano_camera4/frame_0053_hp_preview.jpg
1.886824 0.375956 -4.973958 68 255 68 R1 pano_camera4/frame_0054_hp_preview.jpg
1.099192 0.368057 -5.284332 68 255 68 R1 pano_camera4/frame_0055_hp_preview.jpg
0.715093 0.385472 -5.233302 68 255 68 R1 pano_camera4/frame_0056_hp_preview.jpg
0.311253 0.379816 -5.129332 68 255 68 R1 pano_camera4/frame_0057_hp_preview.jpg
0.048676 0.379522 -5.065680 68 255 68 R1 pano_camera4/frame_0058_hp_preview.jpg
-0.236493 0.358616 -4.716508 68 255 68 R1 pano_camera4/frame_0059_hp_preview.jpg
-0.497001 0.371842 -4.156921 68 255 68 R1 pano_camera4/frame_0060_hp_preview.jpg
-0.638663 0.380267 -3.872219 68 255 68 R1 pano_camera4/frame_0061_hp_preview.jpg
-0.912246 0.339568 -2.915228 68 255 68 R1 pano_camera4/frame_0062_hp_preview.jpg
-1.137730 0.345075 -2.198893 68 255 68 R1 pano_camera4/frame_0063_hp_preview.jpg
-1.178696 0.346392 -2.069244 68 255 68 R1 pano_camera4/frame_0064_hp_preview.jpg
-1.673888 0.318306 -1.301095 68 255 68 R1 pano_camera4/frame_0065_hp_preview.jpg
-1.860056 0.320629 -1.168377 68 255 68 R1 pano_camera4/frame_0066_hp_preview.jpg
-2.397757 0.308422 -0.534366 68 255 68 R1 pano_camera4/frame_0067_hp_preview.jpg
-2.713241 0.310421 0.195898 68 255 68 R1 pano_camera4/frame_0068_hp_preview.jpg
-2.757538 0.314433 0.306686 68 255 68 R1 pano_camera4/frame_0069_hp_preview.jpg
-2.626359 0.300949 1.132725 68 255 68 R1 pano_camera4/frame_0070_hp_preview.jpg
-2.181736 0.286388 1.575110 68 255 68 R1 pano_camera4/frame_0071_hp_preview.jpg
-1.723740 0.286836 1.822808 68 255 68 R1 pano_camera4/frame_0072_hp_preview.jpg
-1.633373 0.288682 1.850554 68 255 68 R1 pano_camera4/frame_0073_hp_preview.jpg
-1.009739 0.284191 2.170208 68 255 68 R1 pano_camera4/frame_0074_hp_preview.jpg
-0.330524 0.290366 2.593410 68 255 68 R1 pano_camera4/frame_0075_hp_preview.jpg
-0.062841 0.277910 2.756633 68 255 68 R1 pano_camera4/frame_0076_hp_preview.jpg
0.536938 0.290420 3.106000 68 255 68 R1 pano_camera4/frame_0077_hp_preview.jpg
1.234410 0.302032 3.487120 68 255 68 R1 pano_camera4/frame_0078_hp_preview.jpg
2.129039 0.275945 4.119408 68 255 68 R1 pano_camera4/frame_0079_hp_preview.jpg
2.512108 0.282830 4.696837 68 255 68 R1 pano_camera4/frame_0080_hp_preview.jpg
-1.739449 0.297737 3.111498 68 255 68 R1 pano_camera4/frame_0118_hp_preview.jpg
-1.716438 0.305530 2.655179 68 255 68 R1 pano_camera4/frame_0119_hp_preview.jpg
-2.082450 0.311754 2.039567 68 255 68 R1 pano_camera4/frame_0120_hp_preview.jpg
-2.427834 0.307879 1.803865 68 255 68 R1 pano_camera4/frame_0121_hp_preview.jpg
-2.741037 0.317362 1.665195 68 255 68 R1 pano_camera4/frame_0122_hp_preview.jpg
-3.408676 0.327001 1.547439 68 255 68 R1 pano_camera4/frame_0123_hp_preview.jpg
-3.935628 0.330021 1.691809 68 255 68 R1 pano_camera4/frame_0124_hp_preview.jpg
-4.062540 0.322898 2.038181 68 255 68 R1 pano_camera4/frame_0125_hp_preview.jpg
-4.066329 0.344455 2.251534 68 255 68 R1 pano_camera4/frame_0126_hp_preview.jpg
-3.935521 0.315963 -0.226729 68 255 68 R1 pano_camera4/frame_0197_hp_preview.jpg
-0.000298 -0.050783 2.744597 68 255 68 R1 pano_camera5/frame_0000_hp_preview.jpg
1.291791 -0.093212 3.188121 68 255 68 R1 pano_camera5/frame_0002_hp_preview.jpg
1.955988 -0.055813 3.404090 68 255 68 R1 pano_camera5/frame_0003_hp_preview.jpg
2.316939 -0.035862 3.531208 68 255 68 R1 pano_camera5/frame_0004_hp_preview.jpg
2.378524 0.210933 3.698957 68 255 68 R1 pano_camera5/frame_0005_hp_preview.jpg
2.193198 0.153374 3.513643 68 255 68 R1 pano_camera5/frame_0006_hp_preview.jpg
2.138399 0.065540 3.380320 68 255 68 R1 pano_camera5/frame_0007_hp_preview.jpg
2.134977 0.064411 3.389264 68 255 68 R1 pano_camera5/frame_0008_hp_preview.jpg
2.139700 0.076498 3.444101 68 255 68 R1 pano_camera5/frame_0009_hp_preview.jpg
2.143889 0.079793 3.447681 68 255 68 R1 pano_camera5/frame_0010_hp_preview.jpg
2.162841 0.092983 3.440315 68 255 68 R1 pano_camera5/frame_0011_hp_preview.jpg
2.110498 0.059472 3.439743 68 255 68 R1 pano_camera5/frame_0012_hp_preview.jpg
2.146057 0.070217 3.363078 68 255 68 R1 pano_camera5/frame_0013_hp_preview.jpg
2.207951 0.284932 3.464271 68 255 68 R1 pano_camera5/frame_0014_hp_preview.jpg
2.277128 0.280331 3.451794 68 255 68 R1 pano_camera5/frame_0015_hp_preview.jpg
2.271728 0.300202 3.383496 68 255 68 R1 pano_camera5/frame_0016_hp_preview.jpg
1.884227 0.293694 3.257308 68 255 68 R1 pano_camera5/frame_0017_hp_preview.jpg
1.447038 0.300210 3.064729 68 255 68 R1 pano_camera5/frame_0018_hp_preview.jpg
1.200615 0.304423 2.859739 68 255 68 R1 pano_camera5/frame_0019_hp_preview.jpg
1.018804 0.311951 2.550525 68 255 68 R1 pano_camera5/frame_0020_hp_preview.jpg
0.922380 0.307120 1.962260 68 255 68 R1 pano_camera5/frame_0021_hp_preview.jpg
0.831678 0.307414 0.979426 68 255 68 R1 pano_camera5/frame_0022_hp_preview.jpg
0.754947 0.298735 0.559632 68 255 68 R1 pano_camera5/frame_0023_hp_preview.jpg
0.766166 0.299601 0.253095 68 255 68 R1 pano_camera5/frame_0024_hp_preview.jpg
1.010468 0.310977 -0.254012 68 255 68 R1 pano_camera5/frame_0025_hp_preview.jpg
1.312108 0.336292 -0.491204 68 255 68 R1 pano_camera5/frame_0026_hp_preview.jpg
1.597645 0.340502 -0.586825 68 255 68 R1 pano_camera5/frame_0027_hp_preview.jpg
1.001336 0.328353 -0.868262 68 255 68 R1 pano_camera5/frame_0028_hp_preview.jpg
0.230290 0.338351 -1.024246 68 255 68 R1 pano_camera5/frame_0029_hp_preview.jpg
-0.466020 0.335889 -1.215430 68 255 68 R1 pano_camera5/frame_0030_hp_preview.jpg
-0.903419 0.353364 -1.480382 68 255 68 R1 pano_camera5/frame_0031_hp_preview.jpg
-0.973467 0.345075 -1.955324 68 255 68 R1 pano_camera5/frame_0032_hp_preview.jpg
-0.848276 0.339074 -2.216205 68 255 68 R1 pano_camera5/frame_0033_hp_preview.jpg
-0.065021 0.365950 -2.564372 68 255 68 R1 pano_camera5/frame_0034_hp_preview.jpg
0.174299 0.367185 -2.497628 68 255 68 R1 pano_camera5/frame_0035_hp_preview.jpg
0.762048 0.345705 -2.289658 68 255 68 R1 pano_camera5/frame_0036_hp_preview.jpg
1.222257 0.361722 -2.196297 68 255 68 R1 pano_camera5/frame_0037_hp_preview.jpg
1.651359 0.353112 -2.117307 68 255 68 R1 pano_camera5/frame_0038_hp_preview.jpg
2.391417 0.321459 -2.365080 68 255 68 R1 pano_camera5/frame_0039_hp_preview.jpg
2.733816 0.350856 -2.717995 68 255 68 R1 pano_camera5/frame_0040_hp_preview.jpg
2.779537 0.360793 -2.794543 68 255 68 R1 pano_camera5/frame_0041_hp_preview.jpg
3.149419 0.356144 -3.431225 68 255 68 R1 pano_camera5/frame_0042_hp_preview.jpg
3.521747 0.469590 -3.761730 68 255 68 R1 pano_camera5/frame_0043_hp_preview.jpg
3.969876 0.464965 -3.650894 68 255 68 R1 pano_camera5/frame_0044_hp_preview.jpg
4.625883 0.447385 -3.622684 68 255 68 R1 pano_camera5/frame_0045_hp_preview.jpg
4.763631 0.447787 -3.831557 68 255 68 R1 pano_camera5/frame_0046_hp_preview.jpg
4.734234 0.440006 -3.921846 68 255 68 R1 pano_camera5/frame_0047_hp_preview.jpg
4.557767 0.453056 -4.129758 68 255 68 R1 pano_camera5/frame_0048_hp_preview.jpg
3.948612 0.468469 -4.386336 68 255 68 R1 pano_camera5/frame_0049_hp_preview.jpg
3.132043 0.471718 -4.422605 68 255 68 R1 pano_camera5/frame_0050_hp_preview.jpg
3.096860 0.475721 -4.419495 68 255 68 R1 pano_camera5/frame_0051_hp_preview.jpg
2.265462 0.466088 -4.543301 68 255 68 R1 pano_camera5/frame_0052_hp_preview.jpg
2.080517 0.372939 -4.654669 68 255 68 R1 pano_camera5/frame_0053_hp_preview.jpg
1.886824 0.375956 -4.973958 68 255 68 R1 pano_camera5/frame_0054_hp_preview.jpg
1.099192 0.368057 -5.284332 68 255 68 R1 pano_camera5/frame_0055_hp_preview.jpg
0.715093 0.385472 -5.233302 68 255 68 R1 pano_camera5/frame_0056_hp_preview.jpg
0.311253 0.379816 -5.129332 68 255 68 R1 pano_camera5/frame_0057_hp_preview.jpg
0.048676 0.379522 -5.065680 68 255 68 R1 pano_camera5/frame_0058_hp_preview.jpg
-0.236493 0.358616 -4.716508 68 255 68 R1 pano_camera5/frame_0059_hp_preview.jpg
-0.497001 0.371842 -4.156921 68 255 68 R1 pano_camera5/frame_0060_hp_preview.jpg
-0.638663 0.380267 -3.872219 68 255 68 R1 pano_camera5/frame_0061_hp_preview.jpg
-0.912246 0.339568 -2.915228 68 255 68 R1 pano_camera5/frame_0062_hp_preview.jpg
-1.137730 0.345075 -2.198893 68 255 68 R1 pano_camera5/frame_0063_hp_preview.jpg
-1.178696 0.346392 -2.069244 68 255 68 R1 pano_camera5/frame_0064_hp_preview.jpg
-1.673888 0.318306 -1.301095 68 255 68 R1 pano_camera5/frame_0065_hp_preview.jpg
-1.860056 0.320629 -1.168377 68 255 68 R1 pano_camera5/frame_0066_hp_preview.jpg
-2.397757 0.308422 -0.534366 68 255 68 R1 pano_camera5/frame_0067_hp_preview.jpg
-2.713241 0.310421 0.195898 68 255 68 R1 pano_camera5/frame_0068_hp_preview.jpg
-2.757538 0.314433 0.306686 68 255 68 R1 pano_camera5/frame_0069_hp_preview.jpg
-2.626359 0.300949 1.132725 68 255 68 R1 pano_camera5/frame_0070_hp_preview.jpg
-2.181736 0.286388 1.575110 68 255 68 R1 pano_camera5/frame_0071_hp_preview.jpg
-1.723740 0.286836 1.822808 68 255 68 R1 pano_camera5/frame_0072_hp_preview.jpg
-1.633373 0.288682 1.850554 68 255 68 R1 pano_camera5/frame_0073_hp_preview.jpg
-1.009739 0.284191 2.170208 68 255 68 R1 pano_camera5/frame_0074_hp_preview.jpg
-0.330524 0.290366 2.593410 68 255 68 R1 pano_camera5/frame_0075_hp_preview.jpg
-0.062841 0.277910 2.756633 68 255 68 R1 pano_camera5/frame_0076_hp_preview.jpg
0.536938 0.290420 3.106000 68 255 68 R1 pano_camera5/frame_0077_hp_preview.jpg
1.234410 0.302032 3.487120 68 255 68 R1 pano_camera5/frame_0078_hp_preview.jpg
2.129039 0.275945 4.119408 68 255 68 R1 pano_camera5/frame_0079_hp_preview.jpg
2.512108 0.282830 4.696837 68 255 68 R1 pano_camera5/frame_0080_hp_preview.jpg
-1.739449 0.297737 3.111498 68 255 68 R1 pano_camera5/frame_0118_hp_preview.jpg
-1.716438 0.305530 2.655179 68 255 68 R1 pano_camera5/frame_0119_hp_preview.jpg
-2.082450 0.311754 2.039567 68 255 68 R1 pano_camera5/frame_0120_hp_preview.jpg
-2.427834 0.307879 1.803865 68 255 68 R1 pano_camera5/frame_0121_hp_preview.jpg
-2.741037 0.317362 1.665195 68 255 68 R1 pano_camera5/frame_0122_hp_preview.jpg
-3.408676 0.327001 1.547439 68 255 68 R1 pano_camera5/frame_0123_hp_preview.jpg
-3.935628 0.330021 1.691809 68 255 68 R1 pano_camera5/frame_0124_hp_preview.jpg
-4.062540 0.322898 2.038181 68 255 68 R1 pano_camera5/frame_0125_hp_preview.jpg
-4.066329 0.344455 2.251534 68 255 68 R1 pano_camera5/frame_0126_hp_preview.jpg
-3.935521 0.315963 -0.226729 68 255 68 R1 pano_camera5/frame_0197_hp_preview.jpg
-0.000298 -0.050783 2.744597 68 255 68 R1 pano_camera6/frame_0000_hp_preview.jpg
1.291791 -0.093212 3.188121 68 255 68 R1 pano_camera6/frame_0002_hp_preview.jpg
1.955988 -0.055813 3.404090 68 255 68 R1 pano_camera6/frame_0003_hp_preview.jpg
2.316939 -0.035862 3.531208 68 255 68 R1 pano_camera6/frame_0004_hp_preview.jpg
2.378524 0.210933 3.698957 68 255 68 R1 pano_camera6/frame_0005_hp_preview.jpg
2.193198 0.153374 3.513643 68 255 68 R1 pano_camera6/frame_0006_hp_preview.jpg
2.138399 0.065540 3.380320 68 255 68 R1 pano_camera6/frame_0007_hp_preview.jpg
2.134977 0.064411 3.389264 68 255 68 R1 pano_camera6/frame_0008_hp_preview.jpg
2.139700 0.076498 3.444101 68 255 68 R1 pano_camera6/frame_0009_hp_preview.jpg
2.143889 0.079793 3.447681 68 255 68 R1 pano_camera6/frame_0010_hp_preview.jpg
2.162841 0.092983 3.440315 68 255 68 R1 pano_camera6/frame_0011_hp_preview.jpg
2.110498 0.059472 3.439743 68 255 68 R1 pano_camera6/frame_0012_hp_preview.jpg
2.146057 0.070217 3.363078 68 255 68 R1 pano_camera6/frame_0013_hp_preview.jpg
2.207951 0.284932 3.464271 68 255 68 R1 pano_camera6/frame_0014_hp_preview.jpg
2.277128 0.280331 3.451794 68 255 68 R1 pano_camera6/frame_0015_hp_preview.jpg
2.271728 0.300202 3.383496 68 255 68 R1 pano_camera6/frame_0016_hp_preview.jpg
1.884227 0.293694 3.257308 68 255 68 R1 pano_camera6/frame_0017_hp_preview.jpg
1.447038 0.300210 3.064729 68 255 68 R1 pano_camera6/frame_0018_hp_preview.jpg
1.200615 0.304423 2.859739 68 255 68 R1 pano_camera6/frame_0019_hp_preview.jpg
1.018804 0.311951 2.550525 68 255 68 R1 pano_camera6/frame_0020_hp_preview.jpg
0.922380 0.307120 1.962260 68 255 68 R1 pano_camera6/frame_0021_hp_preview.jpg
0.831678 0.307414 0.979426 68 255 68 R1 pano_camera6/frame_0022_hp_preview.jpg
0.754947 0.298735 0.559632 68 255 68 R1 pano_camera6/frame_0023_hp_preview.jpg
0.766166 0.299601 0.253095 68 255 68 R1 pano_camera6/frame_0024_hp_preview.jpg
1.010468 0.310977 -0.254012 68 255 68 R1 pano_camera6/frame_0025_hp_preview.jpg
1.312108 0.336292 -0.491204 68 255 68 R1 pano_camera6/frame_0026_hp_preview.jpg
1.597645 0.340502 -0.586825 68 255 68 R1 pano_camera6/frame_0027_hp_preview.jpg
1.001336 0.328353 -0.868262 68 255 68 R1 pano_camera6/frame_0028_hp_preview.jpg
0.230290 0.338351 -1.024246 68 255 68 R1 pano_camera6/frame_0029_hp_preview.jpg
-0.466020 0.335889 -1.215430 68 255 68 R1 pano_camera6/frame_0030_hp_preview.jpg
-0.903419 0.353364 -1.480382 68 255 68 R1 pano_camera6/frame_0031_hp_preview.jpg
-0.973467 0.345075 -1.955324 68 255 68 R1 pano_camera6/frame_0032_hp_preview.jpg
-0.848276 0.339074 -2.216205 68 255 68 R1 pano_camera6/frame_0033_hp_preview.jpg
-0.065021 0.365950 -2.564372 68 255 68 R1 pano_camera6/frame_0034_hp_preview.jpg
0.174299 0.367185 -2.497628 68 255 68 R1 pano_camera6/frame_0035_hp_preview.jpg
0.762048 0.345705 -2.289658 68 255 68 R1 pano_camera6/frame_0036_hp_preview.jpg
1.222257 0.361722 -2.196297 68 255 68 R1 pano_camera6/frame_0037_hp_preview.jpg
1.651359 0.353112 -2.117307 68 255 68 R1 pano_camera6/frame_0038_hp_preview.jpg
2.391417 0.321459 -2.365080 68 255 68 R1 pano_camera6/frame_0039_hp_preview.jpg
2.733816 0.350856 -2.717995 68 255 68 R1 pano_camera6/frame_0040_hp_preview.jpg
2.779537 0.360793 -2.794543 68 255 68 R1 pano_camera6/frame_0041_hp_preview.jpg
3.149419 0.356144 -3.431225 68 255 68 R1 pano_camera6/frame_0042_hp_preview.jpg
3.521747 0.469590 -3.761730 68 255 68 R1 pano_camera6/frame_0043_hp_preview.jpg
3.969876 0.464965 -3.650894 68 255 68 R1 pano_camera6/frame_0044_hp_preview.jpg
4.625883 0.447385 -3.622684 68 255 68 R1 pano_camera6/frame_0045_hp_preview.jpg
4.763631 0.447787 -3.831557 68 255 68 R1 pano_camera6/frame_0046_hp_preview.jpg
4.734234 0.440006 -3.921846 68 255 68 R1 pano_camera6/frame_0047_hp_preview.jpg
4.557767 0.453056 -4.129758 68 255 68 R1 pano_camera6/frame_0048_hp_preview.jpg
3.948612 0.468469 -4.386336 68 255 68 R1 pano_camera6/frame_0049_hp_preview.jpg
3.132043 0.471718 -4.422605 68 255 68 R1 pano_camera6/frame_0050_hp_preview.jpg
3.096860 0.475721 -4.419495 68 255 68 R1 pano_camera6/frame_0051_hp_preview.jpg
2.265462 0.466088 -4.543301 68 255 68 R1 pano_camera6/frame_0052_hp_preview.jpg
2.080517 0.372939 -4.654669 68 255 68 R1 pano_camera6/frame_0053_hp_preview.jpg
1.886824 0.375956 -4.973958 68 255 68 R1 pano_camera6/frame_0054_hp_preview.jpg
1.099192 0.368057 -5.284332 68 255 68 R1 pano_camera6/frame_0055_hp_preview.jpg
0.715093 0.385472 -5.233302 68 255 68 R1 pano_camera6/frame_0056_hp_preview.jpg
0.311253 0.379816 -5.129332 68 255 68 R1 pano_camera6/frame_0057_hp_preview.jpg
0.048676 0.379522 -5.065680 68 255 68 R1 pano_camera6/frame_0058_hp_preview.jpg
-0.236493 0.358616 -4.716508 68 255 68 R1 pano_camera6/frame_0059_hp_preview.jpg
-0.497001 0.371842 -4.156921 68 255 68 R1 pano_camera6/frame_0060_hp_preview.jpg
-0.638663 0.380267 -3.872219 68 255 68 R1 pano_camera6/frame_0061_hp_preview.jpg
-0.912246 0.339568 -2.915228 68 255 68 R1 pano_camera6/frame_0062_hp_preview.jpg
-1.137730 0.345075 -2.198893 68 255 68 R1 pano_camera6/frame_0063_hp_preview.jpg
-1.178696 0.346392 -2.069244 68 255 68 R1 pano_camera6/frame_0064_hp_preview.jpg
-1.673888 0.318306 -1.301095 68 255 68 R1 pano_camera6/frame_0065_hp_preview.jpg
-1.860056 0.320629 -1.168377 68 255 68 R1 pano_camera6/frame_0066_hp_preview.jpg
-2.397757 0.308422 -0.534366 68 255 68 R1 pano_camera6/frame_0067_hp_preview.jpg
-2.713241 0.310421 0.195898 68 255 68 R1 pano_camera6/frame_0068_hp_preview.jpg
-2.757538 0.314433 0.306686 68 255 68 R1 pano_camera6/frame_0069_hp_preview.jpg
-2.626359 0.300949 1.132725 68 255 68 R1 pano_camera6/frame_0070_hp_preview.jpg
-2.181736 0.286388 1.575110 68 255 68 R1 pano_camera6/frame_0071_hp_preview.jpg
-1.723740 0.286836 1.822808 68 255 68 R1 pano_camera6/frame_0072_hp_preview.jpg
-1.633373 0.288682 1.850554 68 255 68 R1 pano_camera6/frame_0073_hp_preview.jpg
-1.009739 0.284191 2.170208 68 255 68 R1 pano_camera6/frame_0074_hp_preview.jpg
-0.330524 0.290366 2.593410 68 255 68 R1 pano_camera6/frame_0075_hp_preview.jpg
-0.062841 0.277910 2.756633 68 255 68 R1 pano_camera6/frame_0076_hp_preview.jpg
0.536938 0.290420 3.106000 68 255 68 R1 pano_camera6/frame_0077_hp_preview.jpg
1.234410 0.302032 3.487120 68 255 68 R1 pano_camera6/frame_0078_hp_preview.jpg
2.129039 0.275945 4.119408 68 255 68 R1 pano_camera6/frame_0079_hp_preview.jpg
2.512108 0.282830 4.696837 68 255 68 R1 pano_camera6/frame_0080_hp_preview.jpg
-1.739449 0.297737 3.111498 68 255 68 R1 pano_camera6/frame_0118_hp_preview.jpg
-1.716438 0.305530 2.655179 68 255 68 R1 pano_camera6/frame_0119_hp_preview.jpg
-2.082450 0.311754 2.039567 68 255 68 R1 pano_camera6/frame_0120_hp_preview.jpg
-2.427834 0.307879 1.803865 68 255 68 R1 pano_camera6/frame_0121_hp_preview.jpg
-2.741037 0.317362 1.665195 68 255 68 R1 pano_camera6/frame_0122_hp_preview.jpg
-3.408676 0.327001 1.547439 68 255 68 R1 pano_camera6/frame_0123_hp_preview.jpg
-3.935628 0.330021 1.691809 68 255 68 R1 pano_camera6/frame_0124_hp_preview.jpg
-4.062540 0.322898 2.038181 68 255 68 R1 pano_camera6/frame_0125_hp_preview.jpg
-4.066329 0.344455 2.251534 68 255 68 R1 pano_camera6/frame_0126_hp_preview.jpg
-3.935521 0.315963 -0.226729 68 255 68 R1 pano_camera6/frame_0197_hp_preview.jpg
-0.000298 -0.050783 2.744597 68 255 68 R1 pano_camera7/frame_0000_hp_preview.jpg
1.291791 -0.093212 3.188121 68 255 68 R1 pano_camera7/frame_0002_hp_preview.jpg
1.955988 -0.055813 3.404090 68 255 68 R1 pano_camera7/frame_0003_hp_preview.jpg
2.316939 -0.035862 3.531208 68 255 68 R1 pano_camera7/frame_0004_hp_preview.jpg
2.378524 0.210933 3.698957 68 255 68 R1 pano_camera7/frame_0005_hp_preview.jpg
2.193198 0.153374 3.513643 68 255 68 R1 pano_camera7/frame_0006_hp_preview.jpg
2.138399 0.065540 3.380320 68 255 68 R1 pano_camera7/frame_0007_hp_preview.jpg
2.134977 0.064411 3.389264 68 255 68 R1 pano_camera7/frame_0008_hp_preview.jpg
2.139700 0.076498 3.444101 68 255 68 R1 pano_camera7/frame_0009_hp_preview.jpg
2.143889 0.079793 3.447681 68 255 68 R1 pano_camera7/frame_0010_hp_preview.jpg
2.162841 0.092983 3.440315 68 255 68 R1 pano_camera7/frame_0011_hp_preview.jpg
2.110498 0.059472 3.439743 68 255 68 R1 pano_camera7/frame_0012_hp_preview.jpg
2.146057 0.070217 3.363078 68 255 68 R1 pano_camera7/frame_0013_hp_preview.jpg
2.207951 0.284932 3.464271 68 255 68 R1 pano_camera7/frame_0014_hp_preview.jpg
2.277128 0.280331 3.451794 68 255 68 R1 pano_camera7/frame_0015_hp_preview.jpg
2.271728 0.300202 3.383496 68 255 68 R1 pano_camera7/frame_0016_hp_preview.jpg
1.884227 0.293694 3.257308 68 255 68 R1 pano_camera7/frame_0017_hp_preview.jpg
1.447038 0.300210 3.064729 68 255 68 R1 pano_camera7/frame_0018_hp_preview.jpg
1.200615 0.304423 2.859739 68 255 68 R1 pano_camera7/frame_0019_hp_preview.jpg
1.018804 0.311951 2.550525 68 255 68 R1 pano_camera7/frame_0020_hp_preview.jpg
0.922380 0.307120 1.962260 68 255 68 R1 pano_camera7/frame_0021_hp_preview.jpg
0.831678 0.307414 0.979426 68 255 68 R1 pano_camera7/frame_0022_hp_preview.jpg
0.754947 0.298735 0.559632 68 255 68 R1 pano_camera7/frame_0023_hp_preview.jpg
0.766166 0.299601 0.253095 68 255 68 R1 pano_camera7/frame_0024_hp_preview.jpg
1.010468 0.310977 -0.254012 68 255 68 R1 pano_camera7/frame_0025_hp_preview.jpg
1.312108 0.336292 -0.491204 68 255 68 R1 pano_camera7/frame_0026_hp_preview.jpg
1.597645 0.340502 -0.586825 68 255 68 R1 pano_camera7/frame_0027_hp_preview.jpg
1.001336 0.328353 -0.868262 68 255 68 R1 pano_camera7/frame_0028_hp_preview.jpg
0.230290 0.338351 -1.024246 68 255 68 R1 pano_camera7/frame_0029_hp_preview.jpg
-0.466020 0.335889 -1.215430 68 255 68 R1 pano_camera7/frame_0030_hp_preview.jpg
-0.903419 0.353364 -1.480382 68 255 68 R1 pano_camera7/frame_0031_hp_preview.jpg
-0.973467 0.345075 -1.955324 68 255 68 R1 pano_camera7/frame_0032_hp_preview.jpg
-0.848276 0.339074 -2.216205 68 255 68 R1 pano_camera7/frame_0033_hp_preview.jpg
-0.065021 0.365950 -2.564372 68 255 68 R1 pano_camera7/frame_0034_hp_preview.jpg
0.174299 0.367185 -2.497628 68 255 68 R1 pano_camera7/frame_0035_hp_preview.jpg
0.762048 0.345705 -2.289658 68 255 68 R1 pano_camera7/frame_0036_hp_preview.jpg
1.222257 0.361722 -2.196297 68 255 68 R1 pano_camera7/frame_0037_hp_preview.jpg
1.651359 0.353112 -2.117307 68 255 68 R1 pano_camera7/frame_0038_hp_preview.jpg
2.391417 0.321459 -2.365080 68 255 68 R1 pano_camera7/frame_0039_hp_preview.jpg
2.733816 0.350856 -2.717995 68 255 68 R1 pano_camera7/frame_0040_hp_preview.jpg
2.779537 0.360793 -2.794543 68 255 68 R1 pano_camera7/frame_0041_hp_preview.jpg
3.149419 0.356144 -3.431225 68 255 68 R1 pano_camera7/frame_0042_hp_preview.jpg
3.521747 0.469590 -3.761730 68 255 68 R1 pano_camera7/frame_0043_hp_preview.jpg
3.969876 0.464965 -3.650894 68 255 68 R1 pano_camera7/frame_0044_hp_preview.jpg
4.625883 0.447385 -3.622684 68 255 68 R1 pano_camera7/frame_0045_hp_preview.jpg
4.763631 0.447787 -3.831557 68 255 68 R1 pano_camera7/frame_0046_hp_preview.jpg
4.734234 0.440006 -3.921846 68 255 68 R1 pano_camera7/frame_0047_hp_preview.jpg
4.557767 0.453056 -4.129758 68 255 68 R1 pano_camera7/frame_0048_hp_preview.jpg
3.948612 0.468469 -4.386336 68 255 68 R1 pano_camera7/frame_0049_hp_preview.jpg
3.132043 0.471718 -4.422605 68 255 68 R1 pano_camera7/frame_0050_hp_preview.jpg
3.096860 0.475721 -4.419495 68 255 68 R1 pano_camera7/frame_0051_hp_preview.jpg
2.265462 0.466088 -4.543301 68 255 68 R1 pano_camera7/frame_0052_hp_preview.jpg
2.080517 0.372939 -4.654669 68 255 68 R1 pano_camera7/frame_0053_hp_preview.jpg
1.886824 0.375956 -4.973958 68 255 68 R1 pano_camera7/frame_0054_hp_preview.jpg
1.099192 0.368057 -5.284332 68 255 68 R1 pano_camera7/frame_0055_hp_preview.jpg
0.715093 0.385472 -5.233302 68 255 68 R1 pano_camera7/frame_0056_hp_preview.jpg
0.311253 0.379816 -5.129332 68 255 68 R1 pano_camera7/frame_0057_hp_preview.jpg
0.048676 0.379522 -5.065680 68 255 68 R1 pano_camera7/frame_0058_hp_preview.jpg
-0.236493 0.358616 -4.716508 68 255 68 R1 pano_camera7/frame_0059_hp_preview.jpg
-0.497001 0.371842 -4.156921 68 255 68 R1 pano_camera7/frame_0060_hp_preview.jpg
-0.638663 0.380267 -3.872219 68 255 68 R1 pano_camera7/frame_0061_hp_preview.jpg
-0.912246 0.339568 -2.915228 68 255 68 R1 pano_camera7/frame_0062_hp_preview.jpg
-1.137730 0.345075 -2.198893 68 255 68 R1 pano_camera7/frame_0063_hp_preview.jpg
-1.178696 0.346392 -2.069244 68 255 68 R1 pano_camera7/frame_0064_hp_preview.jpg
-1.673888 0.318306 -1.301095 68 255 68 R1 pano_camera7/frame_0065_hp_preview.jpg
-1.860056 0.320629 -1.168377 68 255 68 R1 pano_camera7/frame_0066_hp_preview.jpg
-2.397757 0.308422 -0.534366 68 255 68 R1 pano_camera7/frame_0067_hp_preview.jpg
-2.713241 0.310421 0.195898 68 255 68 R1 pano_camera7/frame_0068_hp_preview.jpg
-2.757538 0.314433 0.306686 68 255 68 R1 pano_camera7/frame_0069_hp_preview.jpg
-2.626359 0.300949 1.132725 68 255 68 R1 pano_camera7/frame_0070_hp_preview.jpg
-2.181736 0.286388 1.575110 68 255 68 R1 pano_camera7/frame_0071_hp_preview.jpg
-1.723740 0.286836 1.822808 68 255 68 R1 pano_camera7/frame_0072_hp_preview.jpg
-1.633373 0.288682 1.850554 68 255 68 R1 pano_camera7/frame_0073_hp_preview.jpg
-1.009739 0.284191 2.170208 68 255 68 R1 pano_camera7/frame_0074_hp_preview.jpg
-0.330524 0.290366 2.593410 68 255 68 R1 pano_camera7/frame_0075_hp_preview.jpg
-0.062841 0.277910 2.756633 68 255 68 R1 pano_camera7/frame_0076_hp_preview.jpg
0.536938 0.290420 3.106000 68 255 68 R1 pano_camera7/frame_0077_hp_preview.jpg
1.234410 0.302032 3.487120 68 255 68 R1 pano_camera7/frame_0078_hp_preview.jpg
2.129039 0.275945 4.119408 68 255 68 R1 pano_camera7/frame_0079_hp_preview.jpg
2.512108 0.282830 4.696837 68 255 68 R1 pano_camera7/frame_0080_hp_preview.jpg
-1.739449 0.297737 3.111498 68 255 68 R1 pano_camera7/frame_0118_hp_preview.jpg
-1.716438 0.305530 2.655179 68 255 68 R1 pano_camera7/frame_0119_hp_preview.jpg
-2.082450 0.311754 2.039567 68 255 68 R1 pano_camera7/frame_0120_hp_preview.jpg
-2.427834 0.307879 1.803865 68 255 68 R1 pano_camera7/frame_0121_hp_preview.jpg
-2.741037 0.317362 1.665195 68 255 68 R1 pano_camera7/frame_0122_hp_preview.jpg
-3.408676 0.327001 1.547439 68 255 68 R1 pano_camera7/frame_0123_hp_preview.jpg
-3.935628 0.330021 1.691809 68 255 68 R1 pano_camera7/frame_0124_hp_preview.jpg
-4.062540 0.322898 2.038181 68 255 68 R1 pano_camera7/frame_0125_hp_preview.jpg
-4.066329 0.344455 2.251534 68 255 68 R1 pano_camera7/frame_0126_hp_preview.jpg
-3.935521 0.315963 -0.226729 68 255 68 R1 pano_camera7/frame_0197_hp_preview.jpg

# Object R2: Blue (88 points)
# Transform: Pos(0.000, 0.000, 0.000) Scale(1.000, 1.000, 1.000) Quat(-0.000, 0.000, 0.017, 1.000)
0.000514 0.000731 3.327995 68 68 255 R2 pano_camera0/frame_0089_hp_preview.jpg
0.104248 0.070654 1.417000 68 68 255 R2 pano_camera0/frame_0090_hp_preview.jpg
0.111549 0.066913 1.368521 68 68 255 R2 pano_camera0/frame_0091_hp_preview.jpg
1.592808 0.034001 -0.913139 68 68 255 R2 pano_camera0/frame_0092_hp_preview.jpg
2.233969 0.092599 -1.283893 68 68 255 R2 pano_camera0/frame_0093_hp_preview.jpg
3.478965 0.176319 -1.662434 68 68 255 R2 pano_camera0/frame_0094_hp_preview.jpg
5.013880 0.153010 -1.891017 68 68 255 R2 pano_camera0/frame_0095_hp_preview.jpg
6.887831 0.168225 -1.733679 68 68 255 R2 pano_camera0/frame_0096_hp_preview.jpg
8.909564 0.128366 0.039303 68 68 255 R2 pano_camera0/frame_0097_hp_preview.jpg
9.155802 0.089246 0.460549 68 68 255 R2 pano_camera0/frame_0098_hp_preview.jpg
10.075092 0.028823 3.073413 68 68 255 R2 pano_camera0/frame_0099_hp_preview.jpg
0.000514 0.000731 3.327995 68 68 255 R2 pano_camera1/frame_0089_hp_preview.jpg
0.104248 0.070654 1.417000 68 68 255 R2 pano_camera1/frame_0090_hp_preview.jpg
0.111549 0.066913 1.368521 68 68 255 R2 pano_camera1/frame_0091_hp_preview.jpg
1.592808 0.034001 -0.913139 68 68 255 R2 pano_camera1/frame_0092_hp_preview.jpg
2.233969 0.092599 -1.283893 68 68 255 R2 pano_camera1/frame_0093_hp_preview.jpg
3.478965 0.176319 -1.662434 68 68 255 R2 pano_camera1/frame_0094_hp_preview.jpg
5.013880 0.153010 -1.891017 68 68 255 R2 pano_camera1/frame_0095_hp_preview.jpg
6.887831 0.168225 -1.733679 68 68 255 R2 pano_camera1/frame_0096_hp_preview.jpg
8.909564 0.128366 0.039303 68 68 255 R2 pano_camera1/frame_0097_hp_preview.jpg
9.155802 0.089246 0.460549 68 68 255 R2 pano_camera1/frame_0098_hp_preview.jpg
10.075092 0.028823 3.073413 68 68 255 R2 pano_camera1/frame_0099_hp_preview.jpg
0.000514 0.000731 3.327995 68 68 255 R2 pano_camera2/frame_0089_hp_preview.jpg
0.104248 0.070654 1.417000 68 68 255 R2 pano_camera2/frame_0090_hp_preview.jpg
0.111549 0.066913 1.368521 68 68 255 R2 pano_camera2/frame_0091_hp_preview.jpg
1.592808 0.034001 -0.913139 68 68 255 R2 pano_camera2/frame_0092_hp_preview.jpg
2.233969 0.092599 -1.283893 68 68 255 R2 pano_camera2/frame_0093_hp_preview.jpg
3.478965 0.176319 -1.662434 68 68 255 R2 pano_camera2/frame_0094_hp_preview.jpg
5.013880 0.153010 -1.891017 68 68 255 R2 pano_camera2/frame_0095_hp_preview.jpg
6.887831 0.168225 -1.733679 68 68 255 R2 pano_camera2/frame_0096_hp_preview.jpg
8.909564 0.128366 0.039303 68 68 255 R2 pano_camera2/frame_0097_hp_preview.jpg
9.155802 0.089246 0.460549 68 68 255 R2 pano_camera2/frame_0098_hp_preview.jpg
10.075092 0.028823 3.073413 68 68 255 R2 pano_camera2/frame_0099_hp_preview.jpg
0.000514 0.000731 3.327995 68 68 255 R2 pano_camera3/frame_0089_hp_preview.jpg
0.104248 0.070654 1.417000 68 68 255 R2 pano_camera3/frame_0090_hp_preview.jpg
0.111549 0.066913 1.368521 68 68 255 R2 pano_camera3/frame_0091_hp_preview.jpg
1.592808 0.034001 -0.913139 68 68 255 R2 pano_camera3/frame_0092_hp_preview.jpg
2.233969 0.092599 -1.283893 68 68 255 R2 pano_camera3/frame_0093_hp_preview.jpg
3.478965 0.176319 -1.662434 68 68 255 R2 pano_camera3/frame_0094_hp_preview.jpg
5.013880 0.153010 -1.891017 68 68 255 R2 pano_camera3/frame_0095_hp_preview.jpg
6.887831 0.168225 -1.733679 68 68 255 R2 pano_camera3/frame_0096_hp_preview.jpg
8.909564 0.128366 0.039303 68 68 255 R2 pano_camera3/frame_0097_hp_preview.jpg
9.155802 0.089246 0.460549 68 68 255 R2 pano_camera3/frame_0098_hp_preview.jpg
10.075092 0.028823 3.073413 68 68 255 R2 pano_camera3/frame_0099_hp_preview.jpg
0.000514 0.000731 3.327995 68 68 255 R2 pano_camera4/frame_0089_hp_preview.jpg
0.104248 0.070654 1.417000 68 68 255 R2 pano_camera4/frame_0090_hp_preview.jpg
0.111549 0.066913 1.368521 68 68 255 R2 pano_camera4/frame_0091_hp_preview.jpg
1.592808 0.034001 -0.913139 68 68 255 R2 pano_camera4/frame_0092_hp_preview.jpg
2.233969 0.092599 -1.283893 68 68 255 R2 pano_camera4/frame_0093_hp_preview.jpg
3.478965 0.176319 -1.662434 68 68 255 R2 pano_camera4/frame_0094_hp_preview.jpg
5.013880 0.153010 -1.891017 68 68 255 R2 pano_camera4/frame_0095_hp_preview.jpg
6.887831 0.168225 -1.733679 68 68 255 R2 pano_camera4/frame_0096_hp_preview.jpg
8.909564 0.128366 0.039303 68 68 255 R2 pano_camera4/frame_0097_hp_preview.jpg
9.155802 0.089246 0.460549 68 68 255 R2 pano_camera4/frame_0098_hp_preview.jpg
10.075092 0.028823 3.073413 68 68 255 R2 pano_camera4/frame_0099_hp_preview.jpg
0.000514 0.000731 3.327995 68 68 255 R2 pano_camera5/frame_0089_hp_preview.jpg
0.104248 0.070654 1.417000 68 68 255 R2 pano_camera5/frame_0090_hp_preview.jpg
0.111549 0.066913 1.368521 68 68 255 R2 pano_camera5/frame_0091_hp_preview.jpg
1.592808 0.034001 -0.913139 68 68 255 R2 pano_camera5/frame_0092_hp_preview.jpg
2.233969 0.092599 -1.283893 68 68 255 R2 pano_camera5/frame_0093_hp_preview.jpg
3.478965 0.176319 -1.662434 68 68 255 R2 pano_camera5/frame_0094_hp_preview.jpg
5.013880 0.153010 -1.891017 68 68 255 R2 pano_camera5/frame_0095_hp_preview.jpg
6.887831 0.168225 -1.733679 68 68 255 R2 pano_camera5/frame_0096_hp_preview.jpg
8.909564 0.128366 0.039303 68 68 255 R2 pano_camera5/frame_0097_hp_preview.jpg
9.155802 0.089246 0.460549 68 68 255 R2 pano_camera5/frame_0098_hp_preview.jpg
10.075092 0.028823 3.073413 68 68 255 R2 pano_camera5/frame_0099_hp_preview.jpg
0.000514 0.000731 3.327995 68 68 255 R2 pano_camera6/frame_0089_hp_preview.jpg
0.104248 0.070654 1.417000 68 68 255 R2 pano_camera6/frame_0090_hp_preview.jpg
0.111549 0.066913 1.368521 68 68 255 R2 pano_camera6/frame_0091_hp_preview.jpg
1.592808 0.034001 -0.913139 68 68 255 R2 pano_camera6/frame_0092_hp_preview.jpg
2.233969 0.092599 -1.283893 68 68 255 R2 pano_camera6/frame_0093_hp_preview.jpg
3.478965 0.176319 -1.662434 68 68 255 R2 pano_camera6/frame_0094_hp_preview.jpg
5.013880 0.153010 -1.891017 68 68 255 R2 pano_camera6/frame_0095_hp_preview.jpg
6.887831 0.168225 -1.733679 68 68 255 R2 pano_camera6/frame_0096_hp_preview.jpg
8.909564 0.128366 0.039303 68 68 255 R2 pano_camera6/frame_0097_hp_preview.jpg
9.155802 0.089246 0.460549 68 68 255 R2 pano_camera6/frame_0098_hp_preview.jpg
10.075092 0.028823 3.073413 68 68 255 R2 pano_camera6/frame_0099_hp_preview.jpg
0.000514 0.000731 3.327995 68 68 255 R2 pano_camera7/frame_0089_hp_preview.jpg
0.104248 0.070654 1.417000 68 68 255 R2 pano_camera7/frame_0090_hp_preview.jpg
0.111549 0.066913 1.368521 68 68 255 R2 pano_camera7/frame_0091_hp_preview.jpg
1.592808 0.034001 -0.913139 68 68 255 R2 pano_camera7/frame_0092_hp_preview.jpg
2.233969 0.092599 -1.283893 68 68 255 R2 pano_camera7/frame_0093_hp_preview.jpg
3.478965 0.176319 -1.662434 68 68 255 R2 pano_camera7/frame_0094_hp_preview.jpg
5.013880 0.153010 -1.891017 68 68 255 R2 pano_camera7/frame_0095_hp_preview.jpg
6.887831 0.168225 -1.733679 68 68 255 R2 pano_camera7/frame_0096_hp_preview.jpg
8.909564 0.128366 0.039303 68 68 255 R2 pano_camera7/frame_0097_hp_preview.jpg
9.155802 0.089246 0.460549 68 68 255 R2 pano_camera7/frame_0098_hp_preview.jpg
10.075092 0.028823 3.073413 68 68 255 R2 pano_camera7/frame_0099_hp_preview.jpg

# Object R3: Yellow (88 points)
# Transform: Pos(0.000, 0.000, 0.000) Scale(1.000, 1.000, 1.000) Quat(0.000, 0.000, 0.000, 1.000)
0.000000 0.000000 -2.884707 255 255 68 R3 pano_camera0/frame_0143_hp_preview.jpg
-1.140234 0.113421 -2.901720 255 255 68 R3 pano_camera0/frame_0144_hp_preview.jpg
-1.801159 0.132880 -1.957197 255 255 68 R3 pano_camera0/frame_0145_hp_preview.jpg
-0.674009 0.033368 2.034633 255 255 68 R3 pano_camera0/frame_0146_hp_preview.jpg
-0.437490 0.034939 2.701277 255 255 68 R3 pano_camera0/frame_0147_hp_preview.jpg
-0.772542 0.077097 4.428323 255 255 68 R3 pano_camera0/frame_0148_hp_preview.jpg
-4.388175 0.073171 4.691078 255 255 68 R3 pano_camera0/frame_0149_hp_preview.jpg
-6.451928 0.019115 2.384117 255 255 68 R3 pano_camera0/frame_0150_hp_preview.jpg
-6.589898 0.055369 -0.441062 255 255 68 R3 pano_camera0/frame_0151_hp_preview.jpg
-4.435470 0.049844 -3.433546 255 255 68 R3 pano_camera0/frame_0152_hp_preview.jpg
-3.951155 0.098578 -3.683562 255 255 68 R3 pano_camera0/frame_0153_hp_preview.jpg
0.000000 0.000000 -2.884707 255 255 68 R3 pano_camera1/frame_0143_hp_preview.jpg
-1.140234 0.113421 -2.901720 255 255 68 R3 pano_camera1/frame_0144_hp_preview.jpg
-1.801159 0.132880 -1.957197 255 255 68 R3 pano_camera1/frame_0145_hp_preview.jpg
-0.674009 0.033368 2.034633 255 255 68 R3 pano_camera1/frame_0146_hp_preview.jpg
-0.437490 0.034939 2.701277 255 255 68 R3 pano_camera1/frame_0147_hp_preview.jpg
-0.772542 0.077097 4.428323 255 255 68 R3 pano_camera1/frame_0148_hp_preview.jpg
-4.388175 0.073171 4.691078 255 255 68 R3 pano_camera1/frame_0149_hp_preview.jpg
-6.451928 0.019115 2.384117 255 255 68 R3 pano_camera1/frame_0150_hp_preview.jpg
-6.589898 0.055369 -0.441062 255 255 68 R3 pano_camera1/frame_0151_hp_preview.jpg
-4.435470 0.049844 -3.433546 255 255 68 R3 pano_camera1/frame_0152_hp_preview.jpg
-3.951155 0.098578 -3.683562 255 255 68 R3 pano_camera1/frame_0153_hp_preview.jpg
0.000000 0.000000 -2.884707 255 255 68 R3 pano_camera2/frame_0143_hp_preview.jpg
-1.140234 0.113421 -2.901720 255 255 68 R3 pano_camera2/frame_0144_hp_preview.jpg
-1.801159 0.132880 -1.957197 255 255 68 R3 pano_camera2/frame_0145_hp_preview.jpg
-0.674009 0.033368 2.034633 255 255 68 R3 pano_camera2/frame_0146_hp_preview.jpg
-0.437490 0.034939 2.701277 255 255 68 R3 pano_camera2/frame_0147_hp_preview.jpg
-0.772542 0.077097 4.428323 255 255 68 R3 pano_camera2/frame_0148_hp_preview.jpg
-4.388175 0.073171 4.691078 255 255 68 R3 pano_camera2/frame_0149_hp_preview.jpg
-6.451928 0.019115 2.384117 255 255 68 R3 pano_camera2/frame_0150_hp_preview.jpg
-6.589898 0.055369 -0.441062 255 255 68 R3 pano_camera2/frame_0151_hp_preview.jpg
-4.435470 0.049844 -3.433546 255 255 68 R3 pano_camera2/frame_0152_hp_preview.jpg
-3.951155 0.098578 -3.683562 255 255 68 R3 pano_camera2/frame_0153_hp_preview.jpg
0.000000 0.000000 -2.884707 255 255 68 R3 pano_camera3/frame_0143_hp_preview.jpg
-1.140234 0.113421 -2.901720 255 255 68 R3 pano_camera3/frame_0144_hp_preview.jpg
-1.801159 0.132880 -1.957197 255 255 68 R3 pano_camera3/frame_0145_hp_preview.jpg
-0.674009 0.033368 2.034633 255 255 68 R3 pano_camera3/frame_0146_hp_preview.jpg
-0.437490 0.034939 2.701277 255 255 68 R3 pano_camera3/frame_0147_hp_preview.jpg
-0.772542 0.077097 4.428323 255 255 68 R3 pano_camera3/frame_0148_hp_preview.jpg
-4.388175 0.073171 4.691078 255 255 68 R3 pano_camera3/frame_0149_hp_preview.jpg
-6.451928 0.019115 2.384117 255 255 68 R3 pano_camera3/frame_0150_hp_preview.jpg
-6.589898 0.055369 -0.441062 255 255 68 R3 pano_camera3/frame_0151_hp_preview.jpg
-4.435470 0.049844 -3.433546 255 255 68 R3 pano_camera3/frame_0152_hp_preview.jpg
-3.951155 0.098578 -3.683562 255 255 68 R3 pano_camera3/frame_0153_hp_preview.jpg
-0.000000 -0.000000 -2.884707 255 255 68 R3 pano_camera4/frame_0143_hp_preview.jpg
-1.140234 0.113421 -2.901720 255 255 68 R3 pano_camera4/frame_0144_hp_preview.jpg
-1.801159 0.132880 -1.957197 255 255 68 R3 pano_camera4/frame_0145_hp_preview.jpg
-0.674009 0.033368 2.034633 255 255 68 R3 pano_camera4/frame_0146_hp_preview.jpg
-0.437490 0.034939 2.701277 255 255 68 R3 pano_camera4/frame_0147_hp_preview.jpg
-0.772542 0.077097 4.428323 255 255 68 R3 pano_camera4/frame_0148_hp_preview.jpg
-4.388175 0.073171 4.691078 255 255 68 R3 pano_camera4/frame_0149_hp_preview.jpg
-6.451928 0.019115 2.384117 255 255 68 R3 pano_camera4/frame_0150_hp_preview.jpg
-6.589898 0.055369 -0.441062 255 255 68 R3 pano_camera4/frame_0151_hp_preview.jpg
-4.435470 0.049844 -3.433546 255 255 68 R3 pano_camera4/frame_0152_hp_preview.jpg
-3.951155 0.098578 -3.683562 255 255 68 R3 pano_camera4/frame_0153_hp_preview.jpg
-0.000000 0.000000 -2.884707 255 255 68 R3 pano_camera5/frame_0143_hp_preview.jpg
-1.140234 0.113421 -2.901720 255 255 68 R3 pano_camera5/frame_0144_hp_preview.jpg
-1.801159 0.132880 -1.957197 255 255 68 R3 pano_camera5/frame_0145_hp_preview.jpg
-0.674009 0.033368 2.034633 255 255 68 R3 pano_camera5/frame_0146_hp_preview.jpg
-0.437490 0.034939 2.701277 255 255 68 R3 pano_camera5/frame_0147_hp_preview.jpg
-0.772542 0.077097 4.428323 255 255 68 R3 pano_camera5/frame_0148_hp_preview.jpg
-4.388175 0.073171 4.691078 255 255 68 R3 pano_camera5/frame_0149_hp_preview.jpg
-6.451928 0.019115 2.384117 255 255 68 R3 pano_camera5/frame_0150_hp_preview.jpg
-6.589898 0.055369 -0.441062 255 255 68 R3 pano_camera5/frame_0151_hp_preview.jpg
-4.435470 0.049844 -3.433546 255 255 68 R3 pano_camera5/frame_0152_hp_preview.jpg
-3.951155 0.098578 -3.683562 255 255 68 R3 pano_camera5/frame_0153_hp_preview.jpg
0.000000 -0.000000 -2.884707 255 255 68 R3 pano_camera6/frame_0143_hp_preview.jpg
-1.140234 0.113421 -2.901720 255 255 68 R3 pano_camera6/frame_0144_hp_preview.jpg
-1.801159 0.132880 -1.957197 255 255 68 R3 pano_camera6/frame_0145_hp_preview.jpg
-0.674009 0.033368 2.034633 255 255 68 R3 pano_camera6/frame_0146_hp_preview.jpg
-0.437490 0.034939 2.701277 255 255 68 R3 pano_camera6/frame_0147_hp_preview.jpg
-0.772542 0.077097 4.428323 255 255 68 R3 pano_camera6/frame_0148_hp_preview.jpg
-4.388175 0.073171 4.691078 255 255 68 R3 pano_camera6/frame_0149_hp_preview.jpg
-6.451928 0.019115 2.384117 255 255 68 R3 pano_camera6/frame_0150_hp_preview.jpg
-6.589898 0.055369 -0.441062 255 255 68 R3 pano_camera6/frame_0151_hp_preview.jpg
-4.435470 0.049844 -3.433546 255 255 68 R3 pano_camera6/frame_0152_hp_preview.jpg
-3.951155 0.098578 -3.683562 255 255 68 R3 pano_camera6/frame_0153_hp_preview.jpg
0.000000 0.000000 -2.884707 255 255 68 R3 pano_camera7/frame_0143_hp_preview.jpg
-1.140234 0.113421 -2.901720 255 255 68 R3 pano_camera7/frame_0144_hp_preview.jpg
-1.801159 0.132880 -1.957197 255 255 68 R3 pano_camera7/frame_0145_hp_preview.jpg
-0.674009 0.033368 2.034633 255 255 68 R3 pano_camera7/frame_0146_hp_preview.jpg
-0.437490 0.034939 2.701277 255 255 68 R3 pano_camera7/frame_0147_hp_preview.jpg
-0.772542 0.077097 4.428323 255 255 68 R3 pano_camera7/frame_0148_hp_preview.jpg
-4.388175 0.073171 4.691078 255 255 68 R3 pano_camera7/frame_0149_hp_preview.jpg
-6.451928 0.019115 2.384117 255 255 68 R3 pano_camera7/frame_0150_hp_preview.jpg
-6.589898 0.055369 -0.441062 255 255 68 R3 pano_camera7/frame_0151_hp_preview.jpg
-4.435470 0.049844 -3.433546 255 255 68 R3 pano_camera7/frame_0152_hp_preview.jpg
-3.951155 0.098578 -3.683562 255 255 68 R3 pano_camera7/frame_0153_hp_preview.jpg

# Object R4: Magenta (80 points)
# Transform: Pos(0.120, 0.045, -0.126) Scale(1.000, 1.000, 1.000) Quat(-0.033, 0.031, 0.055, 0.997)
0.414390 0.398127 4.940567 255 68 255 R4 pano_camera0/frame_0130_hp_preview.jpg
-0.931970 0.455865 3.301852 255 68 255 R4 pano_camera0/frame_0131_hp_preview.jpg
-1.453974 0.470561 2.245021 255 68 255 R4 pano_camera0/frame_0132_hp_preview.jpg
-1.524415 0.445686 2.076105 255 68 255 R4 pano_camera0/frame_0133_hp_preview.jpg
-2.089182 0.433458 0.771158 255 68 255 R4 pano_camera0/frame_0134_hp_preview.jpg
-2.004178 0.293525 -0.987454 255 68 255 R4 pano_camera0/frame_0135_hp_preview.jpg
-1.597333 0.522484 -1.607421 255 68 255 R4 pano_camera0/frame_0136_hp_preview.jpg
-0.516323 0.471029 -2.709709 255 68 255 R4 pano_camera0/frame_0137_hp_preview.jpg
-0.110385 0.402275 -3.531433 255 68 255 R4 pano_camera0/frame_0138_hp_preview.jpg
-0.099799 0.377064 -4.679331 255 68 255 R4 pano_camera0/frame_0139_hp_preview.jpg
0.414390 0.398127 4.940567 255 68 255 R4 pano_camera1/frame_0130_hp_preview.jpg
-0.931970 0.455865 3.301852 255 68 255 R4 pano_camera1/frame_0131_hp_preview.jpg
-1.453974 0.470561 2.245021 255 68 255 R4 pano_camera1/frame_0132_hp_preview.jpg
-1.524415 0.445686 2.076105 255 68 255 R4 pano_camera1/frame_0133_hp_preview.jpg
-2.089182 0.433458 0.771158 255 68 255 R4 pano_camera1/frame_0134_hp_preview.jpg
-2.004178 0.293525 -0.987454 255 68 255 R4 pano_camera1/frame_0135_hp_preview.jpg
-1.597333 0.522484 -1.607421 255 68 255 R4 pano_camera1/frame_0136_hp_preview.jpg
-0.516323 0.471029 -2.709709 255 68 255 R4 pano_camera1/frame_0137_hp_preview.jpg
-0.110385 0.402275 -3.531433 255 68 255 R4 pano_camera1/frame_0138_hp_preview.jpg
-0.099799 0.377064 -4.679331 255 68 255 R4 pano_camera1/frame_0139_hp_preview.jpg
0.414390 0.398127 4.940567 255 68 255 R4 pano_camera2/frame_0130_hp_preview.jpg
-0.931970 0.455865 3.301852 255 68 255 R4 pano_camera2/frame_0131_hp_preview.jpg
-1.453974 0.470561 2.245021 255 68 255 R4 pano_camera2/frame_0132_hp_preview.jpg
-1.524415 0.445686 2.076105 255 68 255 R4 pano_camera2/frame_0133_hp_preview.jpg
-2.089182 0.433458 0.771158 255 68 255 R4 pano_camera2/frame_0134_hp_preview.jpg
-2.004178 0.293525 -0.987454 255 68 255 R4 pano_camera2/frame_0135_hp_preview.jpg
-1.597333 0.522484 -1.607421 255 68 255 R4 pano_camera2/frame_0136_hp_preview.jpg
-0.516323 0.471029 -2.709709 255 68 255 R4 pano_camera2/frame_0137_hp_preview.jpg
-0.110385 0.402275 -3.531433 255 68 255 R4 pano_camera2/frame_0138_hp_preview.jpg
-0.099799 0.377064 -4.679331 255 68 255 R4 pano_camera2/frame_0139_hp_preview.jpg
0.414390 0.398127 4.940567 255 68 255 R4 pano_camera3/frame_0130_hp_preview.jpg
-0.931970 0.455865 3.301852 255 68 255 R4 pano_camera3/frame_0131_hp_preview.jpg
-1.453974 0.470561 2.245021 255 68 255 R4 pano_camera3/frame_0132_hp_preview.jpg
-1.524415 0.445686 2.076105 255 68 255 R4 pano_camera3/frame_0133_hp_preview.jpg
-2.089182 0.433458 0.771158 255 68 255 R4 pano_camera3/frame_0134_hp_preview.jpg
-2.004178 0.293525 -0.987454 255 68 255 R4 pano_camera3/frame_0135_hp_preview.jpg
-1.597333 0.522484 -1.607421 255 68 255 R4 pano_camera3/frame_0136_hp_preview.jpg
-0.516323 0.471029 -2.709709 255 68 255 R4 pano_camera3/frame_0137_hp_preview.jpg
-0.110385 0.402275 -3.531433 255 68 255 R4 pano_camera3/frame_0138_hp_preview.jpg
-0.099799 0.377064 -4.679331 255 68 255 R4 pano_camera3/frame_0139_hp_preview.jpg
0.414390 0.398127 4.940567 255 68 255 R4 pano_camera4/frame_0130_hp_preview.jpg
-0.931970 0.455865 3.301852 255 68 255 R4 pano_camera4/frame_0131_hp_preview.jpg
-1.453974 0.470561 2.245021 255 68 255 R4 pano_camera4/frame_0132_hp_preview.jpg
-1.524415 0.445686 2.076105 255 68 255 R4 pano_camera4/frame_0133_hp_preview.jpg
-2.089182 0.433458 0.771158 255 68 255 R4 pano_camera4/frame_0134_hp_preview.jpg
-2.004178 0.293525 -0.987454 255 68 255 R4 pano_camera4/frame_0135_hp_preview.jpg
-1.597333 0.522484 -1.607421 255 68 255 R4 pano_camera4/frame_0136_hp_preview.jpg
-0.516323 0.471029 -2.709709 255 68 255 R4 pano_camera4/frame_0137_hp_preview.jpg
-0.110385 0.402275 -3.531433 255 68 255 R4 pano_camera4/frame_0138_hp_preview.jpg
-0.099799 0.377064 -4.679331 255 68 255 R4 pano_camera4/frame_0139_hp_preview.jpg
0.414390 0.398127 4.940567 255 68 255 R4 pano_camera5/frame_0130_hp_preview.jpg
-0.931970 0.455865 3.301852 255 68 255 R4 pano_camera5/frame_0131_hp_preview.jpg
-1.453974 0.470561 2.245021 255 68 255 R4 pano_camera5/frame_0132_hp_preview.jpg
-1.524415 0.445686 2.076105 255 68 255 R4 pano_camera5/frame_0133_hp_preview.jpg
-2.089182 0.433458 0.771158 255 68 255 R4 pano_camera5/frame_0134_hp_preview.jpg
-2.004178 0.293525 -0.987454 255 68 255 R4 pano_camera5/frame_0135_hp_preview.jpg
-1.597333 0.522484 -1.607421 255 68 255 R4 pano_camera5/frame_0136_hp_preview.jpg
-0.516323 0.471029 -2.709709 255 68 255 R4 pano_camera5/frame_0137_hp_preview.jpg
-0.110385 0.402275 -3.531433 255 68 255 R4 pano_camera5/frame_0138_hp_preview.jpg
-0.099799 0.377064 -4.679331 255 68 255 R4 pano_camera5/frame_0139_hp_preview.jpg
0.414390 0.398127 4.940567 255 68 255 R4 pano_camera6/frame_0130_hp_preview.jpg
-0.931970 0.455865 3.301852 255 68 255 R4 pano_camera6/frame_0131_hp_preview.jpg
-1.453974 0.470561 2.245021 255 68 255 R4 pano_camera6/frame_0132_hp_preview.jpg
-1.524415 0.445686 2.076105 255 68 255 R4 pano_camera6/frame_0133_hp_preview.jpg
-2.089182 0.433458 0.771158 255 68 255 R4 pano_camera6/frame_0134_hp_preview.jpg
-2.004178 0.293525 -0.987454 255 68 255 R4 pano_camera6/frame_0135_hp_preview.jpg
-1.597333 0.522484 -1.607421 255 68 255 R4 pano_camera6/frame_0136_hp_preview.jpg
-0.516323 0.471029 -2.709709 255 68 255 R4 pano_camera6/frame_0137_hp_preview.jpg
-0.110385 0.402275 -3.531433 255 68 255 R4 pano_camera6/frame_0138_hp_preview.jpg
-0.099799 0.377064 -4.679331 255 68 255 R4 pano_camera6/frame_0139_hp_preview.jpg
0.414390 0.398127 4.940567 255 68 255 R4 pano_camera7/frame_0130_hp_preview.jpg
-0.931970 0.455865 3.301852 255 68 255 R4 pano_camera7/frame_0131_hp_preview.jpg
-1.453974 0.470561 2.245021 255 68 255 R4 pano_camera7/frame_0132_hp_preview.jpg
-1.524415 0.445686 2.076105 255 68 255 R4 pano_camera7/frame_0133_hp_preview.jpg
-2.089182 0.433458 0.771158 255 68 255 R4 pano_camera7/frame_0134_hp_preview.jpg
-2.004178 0.293525 -0.987454 255 68 255 R4 pano_camera7/frame_0135_hp_preview.jpg
-1.597333 0.522484 -1.607421 255 68 255 R4 pano_camera7/frame_0136_hp_preview.jpg
-0.516323 0.471029 -2.709709 255 68 255 R4 pano_camera7/frame_0137_hp_preview.jpg
-0.110385 0.402275 -3.531433 255 68 255 R4 pano_camera7/frame_0138_hp_preview.jpg
-0.099799 0.377064 -4.679331 255 68 255 R4 pano_camera7/frame_0139_hp_preview.jpg

# End of file - 2808 total points exported
